1.000000000000000000e+00 0.000000000000000000e+00 0.000000000000000000e+00 0.000000000000000000e+00 0.000000000000000000e+00 0.000000000000000000e+00 0.000000000000000000e+00 0.000000000000000000e+00 0.000000000000000000e+00 0.000000000000000000e+00 0.000000000000000000e+00 0.000000000000000000e+00 0.000000000000000000e+00 0.000000000000000000e+00 0.000000000000000000e+00 0.000000000000000000e+00 0.000000000000000000e+00 0.000000000000000000e+00 0.000000000000000000e+00 0.000000000000000000e+00 0.000000000000000000e+00 0.000000000000000000e+00 0.000000000000000000e+00 0.000000000000000000e+00 0.000000000000000000e+00 0.000000000000000000e+00 0.000000000000000000e+00 0.000000000000000000e+00 0.000000000000000000e+00 0.000000000000000000e+00 0.000000000000000000e+00 0.000000000000000000e+00 0.000000000000000000e+00 0.000000000000000000e+00 0.000000000000000000e+00 0.000000000000000000e+00 0.000000000000000000e+00 0.000000000000000000e+00 0.000000000000000000e+00 0.000000000000000000e+00 0.000000000000000000e+00 0.000000000000000000e+00 0.000000000000000000e+00 0.000000000000000000e+00 0.000000000000000000e+00 0.000000000000000000e+00 0.000000000000000000e+00 0.000000000000000000e+00 0.000000000000000000e+00 0.000000000000000000e+00 0.000000000000000000e+00 0.000000000000000000e+00 0.000000000000000000e+00 0.000000000000000000e+00 0.000000000000000000e+00 0.000000000000000000e+00 0.000000000000000000e+00 0.000000000000000000e+00 0.000000000000000000e+00 0.000000000000000000e+00 0.000000000000000000e+00 0.000000000000000000e+00 0.000000000000000000e+00 0.000000000000000000e+00 0.000000000000000000e+00 0.000000000000000000e+00 0.000000000000000000e+00 0.000000000000000000e+00 0.000000000000000000e+00 0.000000000000000000e+00 0.000000000000000000e+00 0.000000000000000000e+00 0.000000000000000000e+00 0.000000000000000000e+00 0.000000000000000000e+00 0.000000000000000000e+00 0.000000000000000000e+00 0.000000000000000000e+00 0.000000000000000000e+00 0.000000000000000000e+00 0.000000000000000000e+00 0.000000000000000000e+00 0.000000000000000000e+00 0.000000000000000000e+00 0.000000000000000000e+00 0.000000000000000000e+00 0.000000000000000000e+00 0.000000000000000000e+00 0.000000000000000000e+00 0.000000000000000000e+00 0.000000000000000000e+00 0.000000000000000000e+00 0.000000000000000000e+00 0.000000000000000000e+00 0.000000000000000000e+00 0.000000000000000000e+00 0.000000000000000000e+00 0.000000000000000000e+00 0.000000000000000000e+00 0.000000000000000000e+00 0.000000000000000000e+00 0.000000000000000000e+00 0.000000000000000000e+00 0.000000000000000000e+00 0.000000000000000000e+00 0.000000000000000000e+00 0.000000000000000000e+00 0.000000000000000000e+00 0.000000000000000000e+00 0.000000000000000000e+00 0.000000000000000000e+00 0.000000000000000000e+00 0.000000000000000000e+00 0.000000000000000000e+00 0.000000000000000000e+00 0.000000000000000000e+00 0.000000000000000000e+00 0.000000000000000000e+00 0.000000000000000000e+00 0.000000000000000000e+00 0.000000000000000000e+00 0.000000000000000000e+00 0.000000000000000000e+00 0.000000000000000000e+00 0.000000000000000000e+00 0.000000000000000000e+00 0.000000000000000000e+00 0.000000000000000000e+00 0.000000000000000000e+00 0.000000000000000000e+00 0.000000000000000000e+00 0.000000000000000000e+00 0.000000000000000000e+00 0.000000000000000000e+00 0.000000000000000000e+00 0.000000000000000000e+00 0.000000000000000000e+00 0.000000000000000000e+00
0.000000000000000000e+00 1.000000000000000000e+00 0.000000000000000000e+00 0.000000000000000000e+00 0.000000000000000000e+00 0.000000000000000000e+00 0.000000000000000000e+00 0.000000000000000000e+00 0.000000000000000000e+00 0.000000000000000000e+00 0.000000000000000000e+00 0.000000000000000000e+00 0.000000000000000000e+00 0.000000000000000000e+00 0.000000000000000000e+00 0.000000000000000000e+00 0.000000000000000000e+00 0.000000000000000000e+00 0.000000000000000000e+00 0.000000000000000000e+00 0.000000000000000000e+00 0.000000000000000000e+00 0.000000000000000000e+00 0.000000000000000000e+00 0.000000000000000000e+00 0.000000000000000000e+00 0.000000000000000000e+00 0.000000000000000000e+00 0.000000000000000000e+00 0.000000000000000000e+00 0.000000000000000000e+00 0.000000000000000000e+00 0.000000000000000000e+00 0.000000000000000000e+00 0.000000000000000000e+00 0.000000000000000000e+00 0.000000000000000000e+00 0.000000000000000000e+00 0.000000000000000000e+00 0.000000000000000000e+00 0.000000000000000000e+00 0.000000000000000000e+00 0.000000000000000000e+00 0.000000000000000000e+00 0.000000000000000000e+00 0.000000000000000000e+00 0.000000000000000000e+00 0.000000000000000000e+00 0.000000000000000000e+00 0.000000000000000000e+00 0.000000000000000000e+00 0.000000000000000000e+00 0.000000000000000000e+00 0.000000000000000000e+00 0.000000000000000000e+00 0.000000000000000000e+00 0.000000000000000000e+00 0.000000000000000000e+00 0.000000000000000000e+00 0.000000000000000000e+00 0.000000000000000000e+00 0.000000000000000000e+00 0.000000000000000000e+00 0.000000000000000000e+00 0.000000000000000000e+00 0.000000000000000000e+00 0.000000000000000000e+00 0.000000000000000000e+00 0.000000000000000000e+00 0.000000000000000000e+00 0.000000000000000000e+00 0.000000000000000000e+00 0.000000000000000000e+00 0.000000000000000000e+00 0.000000000000000000e+00 0.000000000000000000e+00 0.000000000000000000e+00 0.000000000000000000e+00 0.000000000000000000e+00 0.000000000000000000e+00 0.000000000000000000e+00 0.000000000000000000e+00 0.000000000000000000e+00 0.000000000000000000e+00 0.000000000000000000e+00 0.000000000000000000e+00 0.000000000000000000e+00 0.000000000000000000e+00 0.000000000000000000e+00 0.000000000000000000e+00 0.000000000000000000e+00 0.000000000000000000e+00 0.000000000000000000e+00 0.000000000000000000e+00 0.000000000000000000e+00 0.000000000000000000e+00 0.000000000000000000e+00 0.000000000000000000e+00 0.000000000000000000e+00 0.000000000000000000e+00 0.000000000000000000e+00 0.000000000000000000e+00 0.000000000000000000e+00 0.000000000000000000e+00 0.000000000000000000e+00 0.000000000000000000e+00 0.000000000000000000e+00 0.000000000000000000e+00 0.000000000000000000e+00 0.000000000000000000e+00 0.000000000000000000e+00 0.000000000000000000e+00 0.000000000000000000e+00 0.000000000000000000e+00 0.000000000000000000e+00 0.000000000000000000e+00 0.000000000000000000e+00 0.000000000000000000e+00 0.000000000000000000e+00 0.000000000000000000e+00 0.000000000000000000e+00 0.000000000000000000e+00 0.000000000000000000e+00 0.000000000000000000e+00 0.000000000000000000e+00 0.000000000000000000e+00 0.000000000000000000e+00 0.000000000000000000e+00 0.000000000000000000e+00 0.000000000000000000e+00 0.000000000000000000e+00 0.000000000000000000e+00 0.000000000000000000e+00 0.000000000000000000e+00 0.000000000000000000e+00 0.000000000000000000e+00 0.000000000000000000e+00 0.000000000000000000e+00
0.000000000000000000e+00 0.000000000000000000e+00 1.000000000000000000e+00 0.000000000000000000e+00 0.000000000000000000e+00 0.000000000000000000e+00 0.000000000000000000e+00 0.000000000000000000e+00 0.000000000000000000e+00 0.000000000000000000e+00 0.000000000000000000e+00 0.000000000000000000e+00 0.000000000000000000e+00 0.000000000000000000e+00 0.000000000000000000e+00 0.000000000000000000e+00 0.000000000000000000e+00 0.000000000000000000e+00 0.000000000000000000e+00 0.000000000000000000e+00 0.000000000000000000e+00 0.000000000000000000e+00 0.000000000000000000e+00 0.000000000000000000e+00 0.000000000000000000e+00 0.000000000000000000e+00 0.000000000000000000e+00 0.000000000000000000e+00 0.000000000000000000e+00 0.000000000000000000e+00 0.000000000000000000e+00 0.000000000000000000e+00 0.000000000000000000e+00 0.000000000000000000e+00 0.000000000000000000e+00 0.000000000000000000e+00 0.000000000000000000e+00 0.000000000000000000e+00 0.000000000000000000e+00 0.000000000000000000e+00 0.000000000000000000e+00 0.000000000000000000e+00 0.000000000000000000e+00 0.000000000000000000e+00 0.000000000000000000e+00 0.000000000000000000e+00 0.000000000000000000e+00 0.000000000000000000e+00 0.000000000000000000e+00 0.000000000000000000e+00 0.000000000000000000e+00 0.000000000000000000e+00 0.000000000000000000e+00 0.000000000000000000e+00 0.000000000000000000e+00 0.000000000000000000e+00 0.000000000000000000e+00 0.000000000000000000e+00 0.000000000000000000e+00 0.000000000000000000e+00 0.000000000000000000e+00 0.000000000000000000e+00 0.000000000000000000e+00 0.000000000000000000e+00 0.000000000000000000e+00 0.000000000000000000e+00 0.000000000000000000e+00 0.000000000000000000e+00 0.000000000000000000e+00 0.000000000000000000e+00 0.000000000000000000e+00 0.000000000000000000e+00 0.000000000000000000e+00 0.000000000000000000e+00 0.000000000000000000e+00 0.000000000000000000e+00 0.000000000000000000e+00 0.000000000000000000e+00 0.000000000000000000e+00 0.000000000000000000e+00 0.000000000000000000e+00 0.000000000000000000e+00 0.000000000000000000e+00 0.000000000000000000e+00 0.000000000000000000e+00 0.000000000000000000e+00 0.000000000000000000e+00 0.000000000000000000e+00 0.000000000000000000e+00 0.000000000000000000e+00 0.000000000000000000e+00 0.000000000000000000e+00 0.000000000000000000e+00 0.000000000000000000e+00 0.000000000000000000e+00 0.000000000000000000e+00 0.000000000000000000e+00 0.000000000000000000e+00 0.000000000000000000e+00 0.000000000000000000e+00 0.000000000000000000e+00 0.000000000000000000e+00 0.000000000000000000e+00 0.000000000000000000e+00 0.000000000000000000e+00 0.000000000000000000e+00 0.000000000000000000e+00 0.000000000000000000e+00 0.000000000000000000e+00 0.000000000000000000e+00 0.000000000000000000e+00 0.000000000000000000e+00 0.000000000000000000e+00 0.000000000000000000e+00 0.000000000000000000e+00 0.000000000000000000e+00 0.000000000000000000e+00 0.000000000000000000e+00 0.000000000000000000e+00 0.000000000000000000e+00 0.000000000000000000e+00 0.000000000000000000e+00 0.000000000000000000e+00 0.000000000000000000e+00 0.000000000000000000e+00 0.000000000000000000e+00 0.000000000000000000e+00 0.000000000000000000e+00 0.000000000000000000e+00 0.000000000000000000e+00 0.000000000000000000e+00 0.000000000000000000e+00 0.000000000000000000e+00 0.000000000000000000e+00 0.000000000000000000e+00 0.000000000000000000e+00 0.000000000000000000e+00 0.000000000000000000e+00
0.000000000000000000e+00 0.000000000000000000e+00 0.000000000000000000e+00 1.000000000000000000e+00 0.000000000000000000e+00 0.000000000000000000e+00 0.000000000000000000e+00 0.000000000000000000e+00 0.000000000000000000e+00 0.000000000000000000e+00 0.000000000000000000e+00 0.000000000000000000e+00 0.000000000000000000e+00 0.000000000000000000e+00 0.000000000000000000e+00 0.000000000000000000e+00 0.000000000000000000e+00 0.000000000000000000e+00 0.000000000000000000e+00 0.000000000000000000e+00 0.000000000000000000e+00 0.000000000000000000e+00 0.000000000000000000e+00 0.000000000000000000e+00 0.000000000000000000e+00 0.000000000000000000e+00 0.000000000000000000e+00 0.000000000000000000e+00 0.000000000000000000e+00 0.000000000000000000e+00 0.000000000000000000e+00 0.000000000000000000e+00 0.000000000000000000e+00 0.000000000000000000e+00 0.000000000000000000e+00 0.000000000000000000e+00 0.000000000000000000e+00 0.000000000000000000e+00 0.000000000000000000e+00 0.000000000000000000e+00 0.000000000000000000e+00 0.000000000000000000e+00 0.000000000000000000e+00 0.000000000000000000e+00 0.000000000000000000e+00 0.000000000000000000e+00 0.000000000000000000e+00 0.000000000000000000e+00 0.000000000000000000e+00 0.000000000000000000e+00 0.000000000000000000e+00 0.000000000000000000e+00 0.000000000000000000e+00 0.000000000000000000e+00 0.000000000000000000e+00 0.000000000000000000e+00 0.000000000000000000e+00 0.000000000000000000e+00 0.000000000000000000e+00 0.000000000000000000e+00 0.000000000000000000e+00 0.000000000000000000e+00 0.000000000000000000e+00 0.000000000000000000e+00 0.000000000000000000e+00 0.000000000000000000e+00 0.000000000000000000e+00 0.000000000000000000e+00 0.000000000000000000e+00 0.000000000000000000e+00 0.000000000000000000e+00 0.000000000000000000e+00 0.000000000000000000e+00 0.000000000000000000e+00 0.000000000000000000e+00 0.000000000000000000e+00 0.000000000000000000e+00 0.000000000000000000e+00 0.000000000000000000e+00 0.000000000000000000e+00 0.000000000000000000e+00 0.000000000000000000e+00 0.000000000000000000e+00 0.000000000000000000e+00 0.000000000000000000e+00 0.000000000000000000e+00 0.000000000000000000e+00 0.000000000000000000e+00 0.000000000000000000e+00 0.000000000000000000e+00 0.000000000000000000e+00 0.000000000000000000e+00 0.000000000000000000e+00 0.000000000000000000e+00 0.000000000000000000e+00 0.000000000000000000e+00 0.000000000000000000e+00 0.000000000000000000e+00 0.000000000000000000e+00 0.000000000000000000e+00 0.000000000000000000e+00 0.000000000000000000e+00 0.000000000000000000e+00 0.000000000000000000e+00 0.000000000000000000e+00 0.000000000000000000e+00 0.000000000000000000e+00 0.000000000000000000e+00 0.000000000000000000e+00 0.000000000000000000e+00 0.000000000000000000e+00 0.000000000000000000e+00 0.000000000000000000e+00 0.000000000000000000e+00 0.000000000000000000e+00 0.000000000000000000e+00 0.000000000000000000e+00 0.000000000000000000e+00 0.000000000000000000e+00 0.000000000000000000e+00 0.000000000000000000e+00 0.000000000000000000e+00 0.000000000000000000e+00 0.000000000000000000e+00 0.000000000000000000e+00 0.000000000000000000e+00 0.000000000000000000e+00 0.000000000000000000e+00 0.000000000000000000e+00 0.000000000000000000e+00 0.000000000000000000e+00 0.000000000000000000e+00 0.000000000000000000e+00 0.000000000000000000e+00 0.000000000000000000e+00 0.000000000000000000e+00 0.000000000000000000e+00 0.000000000000000000e+00
0.000000000000000000e+00 0.000000000000000000e+00 0.000000000000000000e+00 0.000000000000000000e+00 9.060170537752983838e-03 -7.830692200661732230e-03 -1.028669468349440591e-02 -1.198395147542691795e-02 1.118328184005393418e-02 -1.534154355443712037e-02 -2.658174292921124116e-03 4.028725728975643232e-04 2.621640648192299222e-02 -1.380073099176954213e-02 2.203873118686229104e-03 -1.146668052497633317e-02 -1.235703748208962990e-02 -6.705721993063830377e-03 3.949489735367928828e-02 -7.706532302744843179e-04 -6.093679374090845390e-03 -3.592373480938317433e-04 -2.900567305764482212e-02 4.543382856908084527e-04 1.937641601473396799e-02 -1.196155741767839648e-02 2.022163091686137956e-04 5.441358726865574112e-04 -3.333266456954245283e-02 -1.343464647253840918e-02 6.580677282248705148e-04 -4.306766616302133525e-04 1.157600744177323705e-02 -1.213441033518062456e-02 -4.679374388095015359e-03 -1.158660973244954144e-02 2.750360757539654791e-04 1.740020291933751153e-03 1.107040629140584355e-03 -1.085037405159233054e-03 5.046048607792604467e-04 -3.077930848239754250e-05 6.736372950693685037e-04 -1.145889429416785746e-03 9.821162227532709288e-02 -9.311875526685943830e-03 1.803384628169921568e-03 -5.698534415444075733e-03 3.415094672196942668e-03 -2.249868504279990081e-03 1.518248914347468761e-04 -1.848643349268652919e-04 -5.320202422971214047e-04 -3.442398300939868670e-03 0.000000000000000000e+00 0.000000000000000000e+00 -1.144324141473950938e-04 2.815697420470607477e-04 -1.610512870358848611e-05 -1.734625250351368815e-04 -2.831185103373168484e-04 -1.056461975608219287e-03 3.451553172384541623e-02 8.483435988978226027e-04 3.443228592913739916e-04 -2.917451486322418693e-04 -8.585829070128309039e-05 5.724913009542188531e-04 -1.289938373683749331e-04 2.243864228426996322e-05 -3.481939373617828708e-04 3.385744908655286315e-04 1.090356515185774257e-03 -1.014589149784225590e-03 2.291857268243425690e-05 6.583618258988893114e-04 8.534240583018756765e-05 -7.357694197971670217e-04 -1.731942801367602472e-04 -6.703070086964710381e-04 2.002095880728609360e-04 2.150146979973918985e-04 8.702130114547358122e-04 2.376140113687256821e-04 -1.640525434214737833e-03 -9.869899930248443934e-04 -9.391997347752309932e-05 -6.441988045658800254e-05 -6.126105406121775060e-04 -3.015481702100541203e-06 3.126053353774905152e-05 1.530194655537924094e-04 5.064835159689976257e-04 -3.793326395943485323e-04 5.750666080505754387e-04 5.156949449434172685e-04 -5.152007603207566042e-04 -1.895640862997924510e-03 -5.299893498155924245e-04 -1.894608518813723635e-03 5.005823793356369434e-05 -6.284751456335077244e-04 1.447542915810496678e-03 3.049033950389938444e-04 4.901080326304542781e-05 1.171443837381430132e-03 -3.200097132007220097e-04 -1.544380577580816002e-03 4.827109067360283584e-03 -7.449720315242785171e-04 2.600323416380429138e-03 -5.405423892565963326e-03 -2.762342266484826923e-03 -2.033227459419282863e-03 5.643698797768609851e-05 -2.566569291583369852e-04 -8.719548837769769281e-06 -9.615887105728858873e-04 3.987353197573817562e-04 1.114241559138075006e-03 3.605586474353676598e-05 -2.712754792837789725e-03 3.211469766088854408e-05 -5.793092774010699620e-04 1.212421488268571921e-05 3.831191123428339448e-04 -6.859938450684572447e-04 -1.012827493219884203e-03 1.496617359156398577e-04 3.399718857636566506e-04 1.083873321425055363e-03 -6.113185777192824133e-03 1.567316762311409548e-03 -4.141478197161528292e-04 -6.914135764397417398e-04 -1.052920083194875843e-03 4.140478924088118479e-04 -8.486161597173569153e-04
0.000000000000000000e+00 0.000000000000000000e+00 0.000000000000000000e+00 0.000000000000000000e+00 -7.830692200662008051e-03 8.988796498712912919e-02 -8.265952494152115082e-03 4.719808184813215762e-02 1.669786875168324802e-02 4.252462564152556523e-02 2.084667404467716381e-02 9.583935891847548960e-04 3.067377688475474845e-02 4.642106843458003451e-02 1.055522922737682848e-02 7.717195575512814966e-03 2.554742654892253745e-02 3.491203190921313843e-02 -2.276986841735368916e-01 3.349894483471776291e-02 6.346743044310619586e-02 1.026570558991485652e-02 8.601444728552097574e-02 5.653303519717110120e-02 2.155776337802644757e-02 4.156915273607877243e-02 -2.255918453575353044e-04 -4.314653614098636417e-03 -3.576363219405206961e-02 4.496191332181877914e-02 -3.296888183065829411e-03 4.999708636089838848e-04 1.361136839969074620e-02 4.398850332858253442e-02 -4.247721138801386492e-03 4.472402497334446170e-02 1.199738446961454499e-03 -2.641127059737735649e-02 -2.262464873818367545e-03 -1.802356317569350341e-03 -2.800309934728492916e-03 -3.209641890980690325e-03 -3.348212666054544567e-03 7.424427971836755104e-03 8.084732938811617364e-02 4.149874856646199733e-02 7.294034292807402911e-04 2.031420828691890210e-02 -4.943179520930521612e-03 -4.571066912958613587e-03 -3.515317251523693808e-03 4.279243494894081727e-03 9.858403651666924374e-04 1.510497194690950569e-02 0.000000000000000000e+00 0.000000000000000000e+00 -2.384397260346533300e-03 -1.773342204445853493e-04 -1.596404986062970911e-03 4.243453527123829290e-03 1.785001101454588635e-04 1.162985484110663596e-02 -3.129032924730093534e-02 -1.357314327308393499e-02 -1.317202035382606740e-04 2.190063328496140785e-03 -4.771378676893822950e-06 -4.438614096078236093e-03 2.465656816809168143e-04 -5.351336481132972812e-03 4.028771230725000521e-04 1.106725866740536791e-03 5.521971720715308915e-04 6.061650536257265614e-04 1.885613608192654835e-04 2.645651638836302166e-03 -1.606476679836610312e-03 8.080483673661019613e-04 -1.124720330494106101e-02 -5.462199382623903962e-03 -2.513301616882149215e-04 -2.761439737347101426e-03 -1.357114878786308348e-04 -6.162982601661344453e-04 2.691451877914505936e-03 -2.350521453711812859e-03 1.317206676061237394e-03 1.441509987853502881e-03 3.457571767949941914e-03 8.377196419542039946e-06 3.530210380585174041e-04 -1.431677883996631444e-03 2.297724808269195618e-05 2.814757929292247517e-03 -4.818881637749342930e-04 3.458801303979215885e-04 -2.003686968556211978e-03 6.207620691142318355e-03 3.463075785116766225e-04 -4.543447391342382916e-03 -4.726779829039868945e-04 -3.696593889788809661e-03 -1.692408107083342040e-03 4.477222706290581028e-03 8.785271241784086988e-04 -1.005415182375581085e-02 -6.829602781097096620e-02 7.978431045606162314e-03 9.120958418528277156e-02 7.769464261052060408e-03 2.703993963922698279e-02 4.529462299724072542e-03 -7.594722018977271075e-03 -2.672913479700484915e-03 1.564030352172271054e-03 -4.929692449691851306e-04 -5.800926615006498721e-04 -1.016251986557621103e-03 -4.133182341798683976e-03 -5.718567950641854220e-05 5.011903793545819177e-03 -3.433127825865026767e-03 4.741257402534342254e-03 -3.324078707191064665e-03 4.869520235040969663e-04 5.092635039613124933e-04 6.051696143797499587e-03 -6.181175368195178030e-03 -1.755396224300454400e-04 -3.029292922351132806e-03 -6.882217626496574389e-05 3.403203266940180508e-03 -6.079074559736346098e-03 2.140205058746958745e-03 1.250000192580770801e-03 1.369929799260774950e-03 -1.544900614176045401e-03 1.504436312976628175e-03
0.000000000000000000e+00 0.000000000000000000e+00 0.000000000000000000e+00 0.000000000000000000e+00 -1.028669468349449091e-02 -8.265952494149714225e-03 2.274464812055221677e-02 4.188581208134189819e-03 -2.479182068073495365e-02 1.490947300064453945e-02 -2.614564447987906964e-03 -2.658183155374088755e-03 -5.286270813371821836e-02 8.676131312202173956e-03 -8.566447838165958117e-03 2.682995877636097648e-02 5.775088843769506791e-03 -8.940593255542531731e-03 5.986069639064031667e-02 -2.040048500784497412e-02 -1.861303031371241631e-02 -1.223414545686878942e-02 -3.873420654481367353e-03 -2.908640864563622266e-02 -3.776763192996316493e-02 6.101394643981407698e-03 4.737913275756616823e-04 5.575787223612377547e-04 6.497116214790346622e-02 8.820855642006157279e-03 -3.092879996767212807e-04 4.524730542882348262e-04 -2.380342882486522968e-02 6.337186470227315280e-03 8.630320642683828383e-03 4.983149644255184876e-03 -3.632996196328011564e-04 1.813924591938520948e-03 -1.079273325660088474e-03 5.150088843920314638e-04 -1.129880045597465247e-03 2.103112653511984408e-03 -8.617209352711533397e-04 8.217682686432689360e-04 -1.824156767680195912e-01 3.465716703445741523e-03 -2.961603246533987821e-03 3.095684724463579427e-03 -2.977128638176365378e-03 3.794154377163004924e-03 1.113853164652313203e-03 -5.850628261683273219e-03 6.507545148068977648e-04 7.792868334897990086e-04 0.000000000000000000e+00 0.000000000000000000e+00 8.138321362986509783e-04 -4.106305897185920373e-04 2.722938826051704846e-04 -1.589109318768322510e-03 4.308278712451776740e-04 -2.846842982994711273e-03 -4.716812146594939054e-02 3.154754229093225792e-03 -1.108777497481531040e-04 -1.575454999557840039e-04 9.341780325487421298e-05 5.362014043193065894e-04 8.803641114477228928e-05 7.458321497977372407e-04 1.302707912072924518e-03 -4.407188099549930941e-04 -3.787060728497346294e-04 1.376202198062518190e-03 -7.537798664835571537e-05 -1.515427017960448196e-03 4.659136872813307334e-04 6.431141597291096818e-04 4.326858917235719068e-03 2.049962471691169422e-03 -1.473638333956990413e-04 2.591451666834155643e-05 -1.570412916436535796e-03 -9.355631936723446417e-05 -9.058141198184247248e-05 2.097865314010745764e-03 -2.145348754273660992e-04 -6.606152082706907630e-04 2.700685356072246319e-04 9.160627208580115869e-05 -2.698432037763606652e-05 -3.156115522090292467e-04 -1.382425265959050199e-04 -9.995795116932561317e-05 -9.002121967127381733e-05 2.999024972260060313e-04 1.482356958059284245e-03 4.261161592730994133e-04 8.049054010240165851e-04 3.601922653345893469e-03 7.496960385358382840e-05 1.504963294435991217e-03 -1.248534683734843628e-03 -1.827348297037210490e-03 -3.067477691691074303e-04 2.562840844952621149e-03 2.065574287505870729e-02 -1.642337387459697796e-03 -3.181024865372053534e-02 -2.696852452589916082e-03 -1.016775460081616525e-02 5.706339348906222866e-03 4.091681092245318813e-03 1.425833681509321030e-03 -6.844881822229364164e-04 8.111587860945107488e-05 3.995199460331392855e-04 1.464928743124438394e-03 1.174125667612323318e-03 -1.382297944446522720e-03 -1.800980348803341447e-03 4.993693388657502452e-03 -1.450764490440341337e-03 1.792416114793820084e-03 -2.177668158462299714e-04 -7.031393655858647271e-04 -1.439872909455180462e-03 2.813664929676871519e-03 -1.554916159234326779e-04 3.594002217685794741e-04 -1.507595903135778431e-03 4.577839391720552042e-03 -4.004830171439560486e-04 -3.929297603173778283e-04 6.954165125873214628e-04 7.949303044730551739e-04 6.297967003498881758e-05 3.958426733059162116e-04
0.000000000000000000e+00 0.000000000000000000e+00 0.000000000000000000e+00 0.000000000000000000e+00 -1.198395147542690234e-02 4.719808184813040208e-02 4.188581208133630371e-03 4.966441975128876862e-02 4.634774137130509564e-03 4.005785381902925157e-02 1.298142527801895464e-02 1.039449085407767029e-03 -1.876484371132057906e-03 4.011684372485152528e-02 7.783593774200007163e-03 2.849593644383782015e-02 5.191485419256326728e-02 1.184425463122473765e-02 -2.715538085855215833e-01 6.692374663438691203e-03 5.202681470364855371e-02 -1.266142392541089179e-02 1.171031692553065467e-01 1.578990477836771447e-02 -7.546294065711384516e-04 3.479095618750945723e-02 -7.002778762794059338e-04 -2.704513749363852190e-04 2.859416428159177858e-03 3.852217988122331321e-02 -1.686916291172909244e-03 7.252409437307408410e-04 1.379692893811359415e-03 3.801801801481732856e-02 2.167377103666471520e-03 3.697643779930640667e-02 -4.800221476233683155e-04 -9.146761059660925286e-03 -1.895911511410951038e-03 -6.050049828196564115e-04 9.707855400820200641e-05 3.643358557990887406e-04 -5.584890502897988133e-04 2.655413636539142707e-03 -2.955809797966023333e-02 4.026016971082820028e-02 7.566639523301255414e-04 2.388959336913739056e-03 -7.283376139922313579e-03 -7.641933753048444841e-03 -2.725443302628418989e-03 -2.244916548686931839e-03 7.278230045537231220e-04 6.347311060305072146e-04 0.000000000000000000e+00 0.000000000000000000e+00 -1.254191790665658583e-03 -1.871014553347277504e-04 -8.365902806640023587e-04 2.904441695014932118e-03 1.244000127642594183e-04 5.627693679458581864e-03 -2.169067310971133783e-02 -6.811848941848103536e-03 -3.065001232090381559e-04 1.646224157510717528e-03 -1.093896430175281454e-04 -2.264443376343098710e-03 1.318081827766534543e-04 -3.906534969942759492e-03 -7.785166651473763438e-04 9.071543730585291320e-04 -6.601993635394576374e-04 2.051421044542243478e-03 2.982018256312728762e-04 2.007299991950696211e-03 -7.676835946340899216e-04 6.209532512948710229e-04 -9.512534959782438862e-03 -3.227375919615363235e-03 -1.440059551178431878e-04 -2.464762850996450941e-03 4.682820024685974158e-04 -4.367092411089417542e-04 1.543927682867971647e-03 1.655345044029029678e-04 6.298495163091760024e-04 7.834814362186648569e-04 1.491812400455114077e-03 6.626027990916105725e-04 1.672120279341692711e-04 -1.145638511556310371e-03 -4.480137718933412182e-04 1.355663863375392453e-03 -4.089425466105045016e-04 3.447540995297655188e-04 -1.362412052511123833e-03 4.582589032306966757e-03 3.458232773335186572e-04 -1.809546057980359430e-03 -2.625584229559399952e-04 -1.773654003102531846e-03 -5.722444592129621085e-04 1.801528944418080789e-03 4.810976860812509392e-04 -5.055869160266669889e-03 -3.679344942063624696e-02 4.106181186093719841e-03 4.952008487986169633e-02 3.954722618992786640e-03 1.307313563800721785e-02 2.461751881708718059e-03 -2.503595939673741548e-03 -6.722779486262837412e-04 8.334665637193368814e-04 -1.556192915204279031e-05 -5.079993512196542436e-04 -6.370358184271567633e-04 -2.493964843759596470e-03 -1.702013624000951546e-04 2.488681686611930472e-03 -2.009710085260658398e-03 2.490117891224134447e-03 -2.237761077557969599e-03 2.455317155001568484e-04 1.966812052928117313e-04 3.219459746010932752e-03 -3.699929910520548520e-03 -6.514913598011748842e-05 -1.716747494621897064e-03 1.935747073818195024e-04 3.012234520176806062e-03 -3.225999159610673864e-03 1.848332672449184283e-03 6.996127839128280521e-04 7.471208112843770151e-04 -1.075781815555834934e-03 7.467865057052855242e-04
0.000000000000000000e+00 0.000000000000000000e+00 0.000000000000000000e+00 0.000000000000000000e+00 1.118328184005474256e-02 1.669786875168017062e-02 -2.479182068073466916e-02 4.634774137129444443e-03 5.157080786042880782e-02 -1.085560950575446479e-02 4.550029586888427319e-02 4.213331098469890942e-03 7.598369891563831746e-02 -1.956730117858950305e-03 4.999652775801876128e-03 -2.965001874467972955e-03 -5.939542721418313714e-02 -2.669479119424321770e-02 9.782770248874957109e-02 -6.897225026926811359e-04 -1.862525911008584400e-03 -9.120911672789113259e-03 -6.579942710762598512e-02 2.100015376141982706e-02 4.769071924569664306e-02 -3.534810867529380573e-03 2.190635472958943949e-03 1.110879926134459217e-03 -9.432204097603885673e-02 -5.494059706987029605e-03 -5.105013968030936052e-03 1.311248049568162610e-03 3.436660572805022573e-02 3.225293241611595918e-03 -1.111343491836264651e-02 2.932511980183933643e-03 -6.315116644139054229e-05 -2.312219416681685763e-02 2.159813933991611059e-03 -4.268838693838527057e-03 -9.887336058368655870e-04 2.608242779015973890e-03 -6.797207730377011030e-04 2.193310401184788479e-03 2.416262976357311520e-01 1.409641741820915478e-02 7.327303766160127817e-03 -9.315280357466508218e-03 8.053714899384462750e-03 -1.613435717964098806e-02 -8.891193621101743747e-04 5.080525060624942364e-03 4.868016815856699873e-04 -6.342751696003855882e-03 0.000000000000000000e+00 0.000000000000000000e+00 -2.622352294174623566e-03 -1.237100903727110165e-05 -3.174511953878067765e-03 2.656622571763512380e-03 5.056036697173041600e-04 1.343284548259982870e-02 -7.226988150140850609e-02 -1.714059203993762576e-02 -5.819089501657525145e-04 2.884732916541567996e-03 -8.538951915023510820e-05 -5.426399980928708205e-03 -4.481355305836924922e-05 -8.519332486064467441e-03 8.294882538187911504e-04 1.509945485252527780e-03 2.457775682728798126e-03 1.434484653437343923e-03 4.058114674516598535e-04 2.768422831014817273e-03 -1.483318990254057536e-03 2.179195221424709821e-04 -1.407725422066016981e-02 -8.078650087881836944e-03 5.758930144601892413e-05 -6.401814781520388797e-03 2.294982908889287390e-04 -1.013122916592163478e-03 1.218244013674570428e-04 2.478306058463618927e-04 2.096743904429783974e-03 2.612930954499906918e-04 6.512088919790136494e-03 2.207073165221769035e-05 7.851679692591672028e-04 -3.298806836461923211e-03 1.901342978116218104e-03 5.624262463904491742e-03 1.004353270948681390e-03 6.663950166752952240e-04 -1.907812452051101896e-03 8.552174523507880335e-03 2.280950870237665471e-04 -4.061959707538833481e-03 -3.352269053929154172e-04 -8.470906708812878452e-03 1.473084471521718310e-03 9.308285842463825607e-03 1.201248937446805975e-03 -1.396821611227895207e-02 -7.640243786282199800e-02 1.033905513664044526e-02 1.287202289185582771e-01 9.604900610891309309e-03 3.502358264740319110e-02 7.626359345554750702e-03 -1.940113694589735982e-02 -3.413731996001552211e-03 1.746175161305586710e-03 -1.048212477885043358e-03 -1.966797742328806227e-03 -2.125009289547414876e-04 -4.678533419053547415e-03 -2.105900560997288080e-03 5.515702375979650990e-03 -5.969188766043739131e-03 5.731708428346282344e-03 -2.992833190099552284e-03 2.953239983194566208e-04 7.664804397692706345e-04 4.882252782261460589e-03 -9.908325682713173266e-03 -3.013161685879144481e-04 -4.153331196130411081e-03 7.401483947515983142e-04 6.301221562211734711e-04 -9.284192637955957297e-03 1.543522248174942265e-03 3.129117474897477082e-03 8.071616230276930544e-04 -1.510729308288432911e-03 5.717081048868025671e-04
0.000000000000000000e+00 0.000000000000000000e+00 0.000000000000000000e+00 0.000000000000000000e+00 -1.534154355443657046e-02 4.252462564153014490e-02 1.490947300064306494e-02 4.005785381903178427e-02 -1.085560950575238312e-02 7.331205708025079204e-02 -6.430774620075525860e-07 -2.985729566240227090e-02 -3.368901441519703277e-02 4.144135263552949783e-02 4.227940610508886844e-03 4.986729893690942245e-02 6.643772838968345362e-02 -1.179657453570219505e-02 -2.518417146099889981e-01 -1.515377284392424931e-02 5.580156636163161737e-02 -1.609055411220940840e-02 1.334681683369228211e-01 -1.325143238286897313e-02 -1.013766195521819541e-02 3.789105546515222911e-02 -4.560124338519092567e-03 -2.178663531716745240e-03 3.407888463352005959e-02 4.167150245144985582e-02 -1.979955164681889909e-03 -1.521580421348918237e-03 -1.132608789030643999e-02 4.695900020240669631e-02 5.487462259420022165e-03 3.978927468797003458e-02 1.091471358437446065e-03 -3.012894886855898083e-03 -8.458686136385895398e-04 9.298014195772634060e-04 -4.147966705785186481e-04 -5.714479645592880110e-03 -3.728886293356403238e-03 1.301170346962547599e-03 -1.010702421117068706e-01 3.802618518471645448e-02 1.850396324313749712e-03 5.435711208684452719e-03 -7.352711376509384923e-03 -2.862730146448552900e-03 -3.893298108917642164e-04 -1.076541475898807427e-03 2.316005659974641230e-03 7.641776686048332807e-05 0.000000000000000000e+00 0.000000000000000000e+00 -1.448194054366749254e-03 9.501062679119252159e-04 -6.552403874849615107e-04 1.873000548278697715e-03 -3.533616710943869371e-04 3.495705273925014175e-03 4.872996733053489016e-02 -6.215602477807859877e-03 1.438142430276812119e-03 1.523813642342652756e-03 -7.988589807378198952e-04 -2.049620218609028276e-03 -2.296315062711154140e-04 -3.051325070513631089e-03 -2.198964040190737757e-03 -5.308061348945552560e-04 3.265972269984975147e-03 9.772268790319556080e-04 8.703028317084531831e-04 3.260202803969955519e-03 -4.407713659305074788e-04 9.703369675151772697e-04 -1.565903146817946082e-02 -5.131646766415743494e-03 1.309731363161753016e-04 -2.352956078939692254e-03 -2.429548746418078078e-03 -5.927408359722458747e-04 -4.767221030701295978e-03 -1.052202897966040846e-03 4.182786762664184705e-04 1.242706843915321845e-03 -1.246281725959170941e-03 -2.137190613773816026e-04 -4.392542884897359854e-04 -2.165566582751264190e-03 -1.141556561090304161e-03 1.431586223657389150e-03 -8.215281323202135687e-04 1.507937193750688229e-03 -2.781736208903510740e-03 4.809391333617209045e-03 -1.496958028205806887e-03 -5.436412027158145366e-03 -1.597175090633892367e-04 -4.997961621076646259e-03 1.821137909826953810e-03 3.063293621917907283e-03 9.552188310501536894e-04 -4.478814005523777848e-03 -6.275843653712616377e-02 1.582254588869519071e-03 8.492770476959707326e-02 3.224281079288212996e-03 2.075648823232232112e-02 -5.874972341495350234e-03 -8.878514566526893650e-03 -1.359968023688614726e-02 1.675968295109664472e-03 -1.058884884433991275e-03 -1.687581683586390682e-04 -4.711245447598373486e-03 -1.344061955307393214e-03 1.162952796332423263e-03 2.858578518385627466e-03 -7.790634672312441236e-03 3.699914708453053494e-03 -5.817314094403364111e-03 4.621934840132567858e-04 6.468408932130516797e-04 1.130519742985753836e-03 -7.176448128701249513e-03 -1.839504411771400124e-04 -1.355649727700979339e-03 2.933734101600981008e-03 -1.117916093170970640e-02 -1.344529920541148857e-03 -2.383758926724953106e-04 8.881224250906031041e-04 -1.510833421380115100e-03 -4.717942472166563694e-04 -2.056819172662884519e-03
0.000000000000000000e+00 0.000000000000000000e+00 0.000000000000000000e+00 0.000000000000000000e+00 -2.658174292921353966e-03 2.084667404467328150e-02 -2.614564447985604119e-03 1.298142527801860596e-02 4.550029586888178906e-02 -6.430774614684872659e-07 1.448743659140319384e-01 1.191647215869295895e-02 2.796062690746845686e-02 1.756932195686301129e-02 -1.438253224849042090e-02 1.103318566178512761e-02 -1.499987412669865072e-01 -1.897677265044869083e-02 4.386796241746733771e-01 -3.575980461861279344e-04 -4.754115768243020318e-02 -2.639291390763462072e-02 -1.926570366576091931e-01 3.259371322261394449e-02 -6.422890238016450842e-03 6.134818471019759870e-03 3.698084106243508268e-03 -2.914827930628529577e-03 -3.015412680129508569e-02 9.569476184233547192e-03 -1.839503441120286104e-02 9.061867521115445426e-03 9.251114584230354584e-03 1.481479761761477117e-02 -1.330824238364606898e-03 1.582255152965610784e-02 -3.374178865443946572e-04 -7.535334394071423192e-02 -3.344209901257685132e-03 -8.130459073244595755e-03 -9.925172212208776060e-03 -4.779488691987803461e-04 -4.822568582369827009e-03 1.605548104243167615e-02 2.728428812744839241e-02 2.053879181498034778e-02 1.389314891735823204e-03 2.175946902061522137e-02 6.942165676198494909e-03 -9.793270668021375816e-03 -1.591842708507079304e-02 1.159797788706330539e-02 3.280147647791644295e-03 1.648766224790203933e-02 0.000000000000000000e+00 0.000000000000000000e+00 -4.620132316789009840e-03 -2.088213899110511959e-03 -7.907872052098197102e-03 3.609137224476326958e-03 3.937947455005649279e-03 4.074559707556053845e-02 -5.029049392254729689e-01 -4.792321924406944822e-02 -4.676822714085502285e-03 7.574429803156356236e-03 7.004062577408336557e-04 -1.662164678043978952e-02 7.504703815087245032e-04 -1.767383232322212311e-02 4.660463392112608981e-03 -2.921630167761106803e-04 -3.973245800017868173e-03 8.019678013607768260e-03 4.858042887395828610e-04 -1.369767190939460890e-03 -3.256230233739237749e-03 5.715815366758507203e-03 -2.173627601075626622e-02 -1.218994134781600097e-02 -1.144198228574983076e-03 -1.472975195073414865e-02 -4.882367493521506951e-03 -4.631162962335564834e-03 1.423077416240913114e-02 6.983317605808381928e-03 5.917977094065441680e-03 -1.812043185050609979e-04 2.363219069100368219e-02 -1.369321079929303143e-03 2.355291425931676022e-03 -8.909195546474554805e-03 3.948447441152509382e-03 1.683699922639468605e-02 6.244991727538441468e-04 -1.957247515275570976e-03 2.272350793110678498e-03 2.923968436631970910e-02 6.165348895259545499e-03 6.449897145115032412e-03 -9.997630377472604794e-04 -1.549074330632881601e-02 -7.692268185656912088e-03 2.208455404984327811e-02 2.082695781643508024e-03 -4.053883081150866374e-02 -1.483425821539668399e-01 3.588241389113100421e-02 2.366696114485915825e-01 2.611647967901654238e-02 5.787424896371549249e-02 6.539215518542094985e-02 -2.682203036298075674e-02 7.041933519893148717e-03 2.649006659395130702e-03 -2.982073216244339941e-04 -3.754173108007386860e-03 7.612954950771900348e-03 -1.277494142637024613e-02 -1.730505111590422210e-02 1.107238133657353386e-02 1.041415376773459529e-02 1.138916354775535052e-02 -4.245287089598686475e-04 3.153905778816733685e-04 -1.850122371563507661e-03 1.554869467966451917e-02 -1.231961669756181064e-02 -1.673940394084637382e-03 -1.047494442387010560e-02 -8.100591299870112116e-03 4.727110708290075541e-02 -3.423429452138678636e-02 2.976630443101978794e-03 1.121715976803175883e-02 8.792407823835312816e-03 -4.147716396830927570e-03 8.579602443675279216e-03
0.000000000000000000e+00 0.000000000000000000e+00 0.000000000000000000e+00 0.000000000000000000e+00 4.028725728966179773e-04 9.583935891763382346e-04 -2.658183155373115142e-03 1.039449085404008750e-03 4.213331098469584764e-03 -2.985729566240317295e-02 1.191647215869596349e-02 5.159936432632702963e-02 1.400177372059623060e-02 -2.902773511009447849e-04 -2.249723575071358068e-03 -1.619227648466484842e-02 -3.054397956286968377e-02 2.339472090693438255e-02 6.390813404384131091e-02 1.832744480862215017e-02 -1.311121016359526048e-02 3.430513776579900915e-04 -3.777035215894886111e-02 2.311540234878942113e-02 -7.342798606155090738e-03 7.497598654545150352e-04 5.035393422748783883e-03 8.175164256655783820e-03 -6.374618901493113964e-03 -1.193674508082114396e-03 -8.476582635124910647e-04 5.434652710524000632e-03 1.386016124327918951e-03 -4.823302561195354742e-03 -7.477602748496605918e-04 6.782422514658607371e-04 -1.105788020585308541e-03 -2.652401183233807011e-03 -3.474908249731844222e-03 -8.459918516640536641e-04 -1.495288421161562764e-04 5.832205494784232711e-03 5.179318394774434092e-04 2.497905382259833079e-03 3.704005785326170211e-03 1.160161754218729619e-03 -1.184842876616821637e-03 7.504092011976457336e-04 -3.735507912790684507e-03 -1.307843348563018883e-03 -6.188847023133978165e-03 -2.552984507694534312e-03 -3.491630324143578639e-04 4.677393970490312421e-03 0.000000000000000000e+00 0.000000000000000000e+00 1.086010775517372642e-03 -3.921044808039399546e-03 -6.218044205963868185e-04 2.398771885821637025e-03 2.341842003614263631e-03 4.255008899708727019e-04 -3.069295724749467880e-01 4.780062887886182832e-03 -4.368263727640757377e-03 -1.731828591740599372e-04 2.703854071585430618e-03 3.683425683465390665e-05 9.686105278111740643e-04 3.150656976426093243e-04 1.935409317768593904e-03 -4.017723957206613189e-04 -9.099077331699727267e-03 6.098082700899678035e-03 -1.284553369853325610e-03 -4.661944362342412482e-03 -4.850895519405974102e-04 1.394338029216963658e-03 1.460205275279541706e-02 6.338073542963929517e-03 -9.665522549122966458e-04 -4.722597124067910495e-04 2.174240621531358525e-03 -5.336943935988492358e-05 1.307322090855321875e-02 6.613374340821552393e-03 2.353786419626209016e-04 -2.387180611795387819e-03 8.102253825677495358e-03 5.622019820130635948e-03 1.850086453564564080e-03 2.185798752727602118e-03 1.838868407378822529e-03 -1.637350401772603124e-04 1.765006588470689882e-03 -2.797694740267244080e-03 5.446735339493894226e-03 5.360067458755518426e-03 5.534141680986029085e-03 1.208794458186379997e-02 -1.501589796795950514e-04 1.057699034248526203e-02 -9.223509859684517545e-03 -5.535093564457630420e-03 -1.773868887384415140e-03 -1.259337388692741968e-05 9.544666279090835426e-02 6.886300058757946138e-03 -1.509269060972762977e-01 8.545202557608499961e-05 -3.743922808572616029e-02 3.163389368811349994e-02 2.492535821364088439e-02 2.394491762359732615e-02 -3.002944845486928312e-03 3.149999444444831313e-03 -1.527280594986141302e-03 9.779180868389849776e-03 -1.131252789134744871e-03 -5.811262960741823101e-03 -2.341249086190501458e-03 2.033986644152271928e-02 -2.606298603705763280e-03 7.490704255126184874e-03 -1.073873860333721510e-03 -2.425182766392529419e-03 4.167753818616270860e-03 1.459665144650234073e-02 2.915187151797211051e-04 -2.030009493208668504e-03 -8.831482766818643179e-03 5.080445047837534034e-02 -6.442770683330835933e-03 7.110813710041271121e-03 1.054965786447129364e-03 8.536389213261672340e-03 -1.146538825633259574e-03 7.418911169816395576e-03
0.000000000000000000e+00 0.000000000000000000e+00 0.000000000000000000e+00 0.000000000000000000e+00 2.621640648192427592e-02 3.067377688474646341e-02 -5.286270813371773958e-02 -1.876484371136257672e-03 7.598369891564056566e-02 -3.368901441520175122e-02 2.796062690747931276e-02 1.400177372059638152e-02 1.539329291884687090e-01 -1.316139300831187242e-02 1.467839582138968924e-02 -3.155695940424779050e-02 -8.725104976761551001e-02 -2.451264431913837555e-02 8.508259892046418638e-02 1.918847317626807061e-02 8.115072349081455666e-03 -1.183008449246465699e-03 -8.509281360472908950e-02 5.502185323391187155e-02 9.805446206851292645e-02 -9.726353797238594667e-03 6.814816010194144590e-03 -6.485518293028790047e-04 -1.880967636731784021e-01 -1.416516853164095750e-02 -6.232950328491545719e-03 -2.651224956848420578e-03 6.562476610717525582e-02 -7.837317361150829623e-03 -2.396332698791422619e-02 -4.345175864064224416e-03 2.686667282460235219e-04 -3.656937871238601784e-02 3.319538187034446440e-03 -4.369134040896388918e-03 -1.948066299610057284e-04 2.743534638860776077e-03 -3.395087233079125636e-04 3.388097653278110497e-03 5.085533789887860534e-01 1.242233522552528037e-02 1.148817727870271241e-02 -1.789144540288791982e-02 1.554153280052514123e-02 -2.525612449086641481e-02 -8.194561988493444162e-04 1.125200120623334396e-02 -2.350890521961323566e-06 -9.149515575873831685e-03 0.000000000000000000e+00 0.000000000000000000e+00 -3.678815246324144451e-03 -2.778342514305784210e-04 -4.943416009635625587e-03 2.399636114773480780e-03 4.735287694560854060e-04 1.232530439718759058e-02 -7.468474958550640197e-02 -1.754916009466944704e-02 -1.130016402817512599e-03 3.711513453307018710e-03 1.426396506011463222e-04 -5.530778309795310148e-03 -1.701118847266616945e-04 -1.308797084498159596e-02 2.945778158091584987e-03 3.778180145260252951e-03 6.210132810265909208e-03 7.319339825780889208e-04 3.462848914791319226e-04 3.416868015370990060e-03 -1.459551332216749240e-03 -1.197030550037584459e-03 -1.511834936621730963e-02 -1.101071024386758058e-02 4.030207986528821368e-04 -9.483025827788017781e-03 6.073821105197991024e-04 4.296028180672225357e-05 -3.444528935153169831e-03 -1.450889819172945967e-03 2.740413724477445620e-03 -7.711780929078760217e-04 9.936643371289067411e-03 8.801024833840875427e-04 1.578228456164694656e-03 -4.290569885329820893e-03 5.178139448135719511e-03 6.873064698123909286e-03 3.255726026067883548e-03 2.427742081262221439e-03 -2.866076455690333945e-03 7.150424338512469634e-03 5.253442430739403875e-04 -7.601274570911765657e-03 -2.136050246437514344e-04 -1.107992868191192554e-02 4.971242355759948259e-03 1.110607068055280248e-02 1.111277138977386164e-03 -1.341143229117251583e-02 -6.379772080591855632e-02 8.390342230509648114e-03 1.264413260263747840e-01 8.407028218090683083e-03 4.239354111217188970e-02 2.839838227855181682e-03 -2.799721584333206975e-02 -7.806759639074342845e-03 1.608712557542499137e-03 -3.052420701232720027e-03 -2.357915848502906316e-03 -7.499623948412003846e-04 -3.944830635033225522e-03 6.073920863696345360e-04 6.387844309186469990e-03 -1.064233330166624789e-02 6.401409908718506091e-03 -3.458306301207560163e-03 7.213577175880569266e-05 1.767187380644566139e-03 4.346363285259790404e-03 -1.382025698752288763e-02 -3.323091025841565889e-05 -6.352437950180355244e-03 5.171715220438230726e-04 -1.605120826392032740e-02 -9.749754667916840992e-03 2.655199607807542158e-03 3.189945865567995337e-03 4.622414322557593519e-04 -9.753521243428630140e-04 2.970912850984988238e-04
0.000000000000000000e+00 0.000000000000000000e+00 0.000000000000000000e+00 0.000000000000000000e+00 -1.380073099176924896e-02 4.642106843457850102e-02 8.676131312201339554e-03 4.011684372485129629e-02 -1.956730117856745471e-03 4.144135263552773535e-02 1.756932195686530807e-02 -2.902773510993492188e-04 -1.316139300830777153e-02 4.115724564457048235e-02 1.576614974295866044e-03 2.511530116359398171e-02 1.622595506060271753e-02 1.448287120903292598e-02 -1.281948174622196124e-01 1.056246294140415418e-02 3.170317848552386963e-02 -5.213007240103371617e-03 6.310233253027294764e-02 2.032451036909723244e-02 -1.202384720872319915e-02 3.550802598114859848e-02 3.991226603977489828e-04 -2.437982201565584098e-03 1.854203574524394826e-02 3.977280510659003676e-02 -3.646688802123354643e-03 -3.734403007605592009e-04 -5.589759826618970022e-03 3.805646030545977582e-02 3.378586403371559507e-03 3.692221554620124524e-02 1.534347189184950562e-04 -1.870620197597502171e-02 -2.084229548256675245e-03 -1.830629264350505311e-04 -1.732621420102552299e-03 -1.123433300755557899e-03 -2.710305397142258842e-03 5.561442873918795611e-03 -7.299026142906651915e-02 3.576627183534959731e-02 2.466632216380072024e-04 1.093678710013008815e-02 -5.187716095320106177e-03 -2.911890737151951337e-03 -3.480331729049222604e-03 1.296991137847728617e-03 1.262856588123402977e-03 7.429857140860381300e-03 0.000000000000000000e+00 0.000000000000000000e+00 -1.390302113984798107e-03 -4.263700293645472780e-04 -1.561834392625879734e-03 1.999354850613813388e-03 6.311318870986796148e-04 9.073118979073075893e-03 -8.214405028426279010e-02 -1.078135751777063202e-02 -7.100859186791120062e-04 2.098538745932204078e-03 4.628082007098354345e-06 -4.056229447485667182e-03 2.227422763222526255e-04 -4.733763747226422437e-03 1.094802468723909267e-03 5.150251588669052093e-04 -5.174176164603425674e-04 2.174972353857885544e-03 1.989113041352436485e-04 6.339308407847625559e-04 -9.351271740092242457e-04 1.389913056685169578e-03 -7.887560530344233864e-03 -3.377481240013024098e-03 -3.284741580697588198e-04 -3.537411650344987352e-03 -1.708853292460917007e-03 -6.368666903084226581e-04 2.685475434914750582e-03 6.214118861152029055e-04 1.162166374199519311e-03 7.159664269097154327e-04 4.031889047136994267e-03 -4.295320580299335535e-04 3.351724512033158756e-04 -2.065138648231252313e-03 2.896833715133531736e-05 3.069221300408059121e-03 -6.667700068712625796e-04 -4.896608148954837716e-05 -2.387093069284322491e-04 7.281104835017853522e-03 1.241360808474467007e-03 1.060448951406091139e-04 -3.396092333050116968e-04 -3.296203919420518172e-03 -2.124012553215692649e-03 3.888901506355590433e-03 5.548055163116015574e-04 -9.200025981789676163e-03 -4.308219778293000818e-02 7.569729395789678676e-03 5.815719981880741046e-02 6.287879822222396629e-03 1.490125270144097847e-02 1.124031122653715298e-02 -3.912650240225301612e-03 -4.145965982085481668e-04 9.629561148461487051e-04 -3.683109972121246731e-04 -4.560234463356262896e-04 5.267481156943898922e-04 -3.148488958401561306e-03 -2.422115336186738462e-03 3.144844455809192411e-03 8.118963821894555326e-04 3.250285498337124931e-03 -1.313970385935645663e-03 2.401887294900862963e-04 -2.975998977761369147e-04 4.202864728028582464e-03 -3.786452728145596816e-03 -4.131015802922828953e-04 -2.908632365578670605e-03 -1.495181797833788342e-03 7.072569949538653339e-03 -7.333245237499175229e-03 1.621757468342823003e-03 2.651786405797721107e-03 2.068718365265906703e-03 -1.458328098292163959e-03 1.878839565361205104e-03
0.000000000000000000e+00 0.000000000000000000e+00 0.000000000000000000e+00 0.000000000000000000e+00 2.203873118687830254e-03 1.055522922737846779e-02 -8.566447838170307069e-03 7.783593774200701920e-03 4.999652775805022917e-03 4.227940610503699154e-03 -1.438253224849082336e-02 -2.249723575064724486e-03 1.467839582140460265e-02 1.576614974294162762e-03 3.343555378174245529e-02 -2.584412925116237256e-02 2.325323940353062058e-01 2.859866489993751273e-02 -8.853513766674221408e-01 2.995557143502982148e-02 1.558809144412672265e-01 8.166710644108798184e-03 3.832885267940585039e-01 2.408728919108771294e-02 2.207061293793713061e-02 2.308337409995456137e-03 -5.656779113593587462e-03 -8.979304132004045733e-04 -2.072189655037538769e-02 1.985396493386831340e-03 4.894910612979239996e-03 1.332613892125642310e-03 9.974760049329286365e-03 2.693167651168088851e-03 -1.172659508478065583e-03 3.710036096607256697e-04 8.870112888597083377e-04 2.180773094222951056e-02 1.795091275699858087e-03 5.308684371358095462e-03 3.986403218014514770e-03 -4.592742770500656685e-03 4.633723985562985571e-03 -5.615418702413837657e-04 9.975153375508279130e-02 -9.008946149121429062e-03 -3.844545979724947864e-03 3.688498558904090667e-03 7.697132658342289730e-04 1.116219534693474284e-02 -4.317594850430725092e-03 1.100303673511012457e-02 7.652592127711238664e-04 6.195759080997362798e-03 0.000000000000000000e+00 0.000000000000000000e+00 2.200639690834734852e-04 1.014001450032877985e-03 2.725189217861467839e-03 2.837118350757356772e-03 -1.338343395210922450e-03 -2.050707289777770927e-03 1.632870712160773841e-01 3.985102252131088492e-03 1.238322248110104978e-03 -1.722141098122705006e-03 -4.389318070660663644e-04 2.796224797333546341e-03 -1.869752332943749797e-04 5.084215516877791871e-03 -5.839554453349614198e-03 -7.657118093991231115e-04 -2.342072489164625203e-03 -2.221842973485823550e-03 4.627036056270353564e-04 2.818032559365375028e-03 -1.966590065386838353e-04 2.740857224438253328e-04 -8.221012764533087644e-03 1.882094661452979258e-04 2.151801294388739900e-04 4.642940862455105511e-03 3.788396908046217509e-03 4.703435914160244632e-04 8.060687969034259059e-05 -2.590776069846226388e-03 -1.208716430255142799e-03 1.902004795668109198e-03 -7.222241274844905419e-03 4.340383197228667601e-04 -9.157605842188690833e-04 1.944109097371783234e-03 -3.488013649649199764e-03 -3.449156971170383359e-03 -1.121934668103953016e-03 -2.593986969380470808e-05 -1.350310947531403998e-03 -2.393032267684150251e-03 -2.064541221669180006e-03 -3.833974568738832481e-03 5.643034921486625292e-05 3.751868048036406667e-03 1.078473223656981105e-03 -3.372175523016310208e-03 -1.270343832040170924e-04 3.685241622726451692e-03 4.698764779147011905e-03 -2.554569070182029483e-03 -2.156218170455565311e-02 3.190322364762534189e-04 -8.886748736254987402e-03 -1.544708508402669635e-02 1.145721419604196420e-02 2.309826813170924760e-03 4.724763361327845778e-04 1.209872144986901248e-03 1.790094877452030246e-04 -2.906642996217556011e-03 6.060865490838748685e-04 4.782043070379705246e-03 -1.076728652157302006e-03 -5.390209919965429329e-03 -1.452481904417707650e-03 -3.068893203830429586e-03 4.119453223091324953e-04 5.525994165088584081e-04 -8.337868525369813207e-07 1.136461654856825302e-03 6.265998769033896730e-04 3.551980367071712157e-03 4.996514793848170870e-03 -1.653497517206478033e-03 8.845707229091616733e-03 -8.145721138829551018e-04 -4.610596965835711547e-03 -2.893482170387397072e-03 9.844999683606397295e-04 -3.168838972214815808e-03
0.000000000000000000e+00 0.000000000000000000e+00 0.000000000000000000e+00 0.000000000000000000e+00 -1.146668052497548315e-02 7.717195575518015667e-03 2.682995877636341897e-02 2.849593644383633523e-02 -2.965001874463826098e-03 4.986729893691276005e-02 1.103318566178961881e-02 -1.619227648467403899e-02 -3.155695940425179424e-02 2.511530116359424192e-02 -2.584412925115715451e-02 3.824430701221881446e-01 -1.750034429173895067e-01 -4.095842061887505214e-01 6.377053978470733631e-01 -3.631130638691960066e-01 -8.612930919105625527e-02 -2.747397087542813865e-01 -3.343303518550562181e-01 -3.631689401539007767e-01 -1.804113494768034426e-02 2.528929197578270310e-02 9.308599757378752462e-03 1.621502578432720831e-02 3.721257289708200522e-02 2.517632902526635227e-02 -7.750730776150172724e-03 -3.609976364650914048e-03 -1.005186249654974745e-02 3.695115370458282311e-02 7.086222891055471255e-03 3.968869469714025183e-02 9.774957999577621112e-03 -3.052494390356020118e-02 1.117854714345824230e-02 -1.766228498654972764e-02 -2.309008207378825030e-03 3.187143527086871292e-02 4.280591021513135063e-04 -1.607057307257186984e-02 -1.169153565029826258e-01 1.017683389552576922e-01 2.406896190585106760e-02 -7.699116055848387319e-02 1.908002129721578580e-02 -6.055068758901791665e-02 3.383840745769224612e-02 -3.879695740547081662e-02 -4.205845389157658078e-03 -7.851371933084204391e-02 0.000000000000000000e+00 0.000000000000000000e+00 -2.645998486669912369e-03 3.080352602883764789e-04 -5.679522847481540890e-03 -5.904453361995892074e-03 9.360439958980221534e-04 -7.700039745857593237e-03 -1.089057763353202535e-01 -6.297241796250426134e-04 -1.419755452818410348e-03 4.558094486977893288e-03 -3.718729497962590370e-04 -3.423600715967463435e-03 -4.776704780061708584e-04 -1.411266782172002250e-02 1.552212070646624871e-02 3.386361847774648284e-03 1.813829115598719274e-02 3.808311081585336565e-03 1.057499778955141865e-03 -1.176546311125972744e-03 1.251603757108557275e-03 -4.218182536104539242e-03 -1.157639002478417015e-02 -6.569779490076815484e-03 7.825508148976942661e-04 -5.048731051061529015e-03 -1.109227029765217851e-02 -6.592125719220814743e-03 -2.100809992043943877e-02 -1.244066471713608114e-03 2.859395298477672084e-03 -4.228250246187712814e-03 1.082287220967321877e-02 7.520107975649731628e-04 2.134656260384318240e-03 -7.458134013910839438e-03 9.196994519900254794e-03 8.118428235900624138e-03 7.246103466874700624e-03 8.196284676565364358e-03 6.542304435519735815e-04 4.526830141850865172e-03 3.289752759687761003e-03 -4.611512472875039376e-03 9.676503122517452057e-04 -1.225431949697914670e-02 1.255457401230947526e-02 5.727471157311609523e-03 5.916033825159951231e-04 4.039148244396032275e-03 1.056893829764828791e-02 -1.165874796274454089e-02 6.925674358320101087e-02 -1.016845875861572407e-02 1.857168202173055740e-02 1.324654295271650642e-03 -3.797712623962328643e-02 -1.469704892117090766e-02 4.928822976440480142e-05 -6.438199370784229193e-03 -3.761533584132710582e-03 4.740436372886893887e-03 3.582010883042330718e-03 2.582763529063064698e-03 -1.850260685563021989e-03 -8.369304825820942165e-03 8.494620713644354584e-05 4.465332617925032999e-04 -9.656215010141798536e-04 2.028313945920802528e-03 -8.595807352330781317e-03 -1.303320234976428418e-02 -6.988281487699122673e-04 -4.904572160376998412e-03 2.454342794028531276e-03 -3.469344013765313095e-02 -9.140674793220723154e-03 -1.433056587915239755e-03 5.466723125776525201e-03 -1.768246966728719873e-03 -4.519943091954360692e-04 -4.683075372111471929e-03
0.000000000000000000e+00 0.000000000000000000e+00 0.000000000000000000e+00 0.000000000000000000e+00 -1.235703748207624998e-02 2.554742654894577927e-02 5.775088843729741725e-03 5.191485419257029638e-02 -5.939542721415395216e-02 6.643772838964351335e-02 -1.499987412670057418e-01 -3.054397956281264259e-02 -8.725104976748290775e-02 1.622595506058849626e-02 2.325323940353288821e-01 -1.750034429174300576e-01 2.132889137009300384e+00 2.570515584726392189e-01 -6.750576849352405873e+00 2.077107335269786081e-01 1.225594506583567167e+00 4.176203190085200911e-02 3.097217388047539988e+00 8.603595749683556893e-02 3.903901343325243134e-02 1.825597421681654856e-02 -5.201309675757474077e-02 -5.398058521550383460e-03 8.103133415955335317e-02 1.990736698346411496e-02 4.340823002510853929e-02 1.775304310910549854e-02 -1.340187090460656996e-02 1.667659544577156094e-02 2.030799736236072253e-02 -7.937533004636568995e-03 7.000498586771374508e-03 3.092370262840932194e-01 7.077596505583219622e-03 5.014597494309688125e-02 2.185909390780137532e-02 -3.968222544994581824e-02 2.341683431135845733e-02 -1.793171822866497511e-02 8.440254736515623302e-02 -1.077862775414269864e-01 -1.735951604421004033e-02 3.495064901549286597e-03 -2.575684299528820456e-02 1.372453908646658893e-01 -5.747418614343641902e-02 7.070879673979943436e-02 1.018466872979666496e-02 4.999955007415084890e-02 0.000000000000000000e+00 0.000000000000000000e+00 9.680920453802106113e-03 4.094747543933584949e-03 2.766307748839963790e-02 1.671888614342521145e-02 -9.335365797120607351e-03 -3.809559298816653228e-02 1.169867647654365239e+00 6.424325414658466071e-02 1.019805137149822592e-02 -2.146692682408576219e-02 -2.238373833436094976e-03 3.139140054589870804e-02 -7.152901643436440984e-04 5.833991878846701840e-02 -4.581160171233986805e-02 -1.175599588804261859e-02 -2.813298328498900491e-02 -1.211329563430467091e-02 1.591603751652912032e-03 1.775165136586195208e-02 1.784918976098713280e-03 1.477353342048155684e-03 -9.453561500809802565e-03 2.078784957881603390e-02 9.921601939794533372e-04 4.573956816433447092e-02 3.278470141612301048e-02 5.774344953936954433e-03 6.915518275169122570e-03 -8.584131206328598357e-03 -1.364480677152212981e-02 1.240310786368943076e-02 -6.609116099245966602e-02 7.116814533780618617e-03 -8.329921715253674544e-03 2.421287118937496402e-02 -3.023439061765544750e-02 -3.548529729399412663e-02 -1.168368180842803590e-02 -4.419178328139505320e-03 -2.795495937396938121e-03 -3.482924734721208615e-02 -1.456568689516561654e-02 -1.232222275273388637e-02 7.261261111697945138e-04 5.003709174347257399e-02 -4.452337957043716633e-03 -4.576684255172578514e-02 -4.187330560296702656e-03 5.448825497501999515e-02 2.220695430437885920e-01 -3.343315544073442724e-02 -5.072948965919329423e-01 -1.687157886220179426e-02 -1.573423914390352230e-01 -1.321776949023362457e-01 1.503132404294720281e-01 3.703023121106135962e-02 -2.160715106875965661e-03 1.635669346517359957e-02 6.479268459347877276e-03 -1.789980378032185460e-02 1.417200355032229193e-02 2.924402582672833845e-02 -2.298140732862924418e-02 -1.901047582302772473e-02 -2.520997686644210062e-02 -1.956833758292437359e-02 2.008025979685328609e-03 -1.219126228056573689e-04 -8.073991688520531368e-03 3.742130455568140612e-02 5.505386428712230780e-03 3.585010820801796949e-02 3.053173164297481174e-02 3.883019400073661059e-02 8.185575810572173761e-02 -8.296017037536015243e-03 -4.308345950188106899e-02 -1.852352673863699728e-02 1.100121600272494123e-02 -1.896621654496519205e-02
0.000000000000000000e+00 0.000000000000000000e+00 0.000000000000000000e+00 0.000000000000000000e+00 -6.705721993064295283e-03 3.491203190920078719e-02 -8.940593255548724694e-03 1.184425463122196383e-02 -2.669479119424383179e-02 -1.179657453571333545e-02 -1.897677265045180639e-02 2.339472090694878770e-02 -2.451264431912475797e-02 1.448287120903058584e-02 2.859866489993688476e-02 -4.095842061887610686e-01 2.570515584726343894e-01 6.215567873302449975e-01 -9.138910064724523608e-01 4.237446470651327068e-01 1.773242654524170014e-01 3.765557078281127623e-01 4.290533571307181271e-01 4.214207638385576438e-01 -1.852503145051992428e-02 6.741842956296196371e-03 -1.662455184147762499e-02 -1.492705141255419414e-02 3.251965037869583575e-02 1.322066836296224325e-02 1.042999581777835985e-02 7.769219416073191477e-03 -1.270355376782957534e-02 -1.025923379311807423e-02 2.731257438812649367e-03 -6.254286123889275101e-03 -8.749102723588570926e-03 5.278314667157817108e-02 -1.792862507807022401e-02 1.699709536697071796e-02 1.240877407237989897e-03 -4.080156700133977243e-02 3.715640747005761373e-04 1.654852937050257933e-02 -1.089915122106158429e-01 -8.772882850229939133e-02 -6.152433672682511290e-02 8.836784214798462656e-02 -4.881772168959642999e-02 7.556192844350656523e-02 -3.867823891272083314e-02 4.307500418974021666e-02 2.982877328119278807e-03 9.824665415567200577e-02 0.000000000000000000e+00 0.000000000000000000e+00 5.068482693026468699e-03 -8.382869363792778711e-04 9.409577957798983053e-03 8.340411263768329059e-03 -9.698810213904427140e-04 3.555070982986237998e-03 1.059908422282250795e-01 1.137322838532635848e-02 1.177223590423965172e-04 -6.491316706916731329e-03 1.527398598982993103e-03 6.782553928817401656e-03 1.168958282722385106e-03 2.468965936878454379e-02 -1.692882413837676348e-02 -6.291458973730768532e-03 -2.873317969691315324e-02 -3.294981003800873023e-03 -1.978426275592683366e-03 -1.269718367217998172e-03 -6.744926586937274437e-04 4.707597166902079827e-03 2.811538709629592819e-02 1.616260814360134454e-02 -1.753961767044388571e-03 1.338458286691537533e-02 1.215160184321325242e-02 6.058565708589625474e-03 3.487682108052722607e-02 2.753239952946161424e-03 -4.843221005369077563e-03 5.327957466690565018e-03 -1.596970829300832506e-02 4.455034796714638784e-04 -2.820686323238255806e-03 1.408216800732066572e-02 -1.353155519456117166e-02 -1.530409690478532966e-02 -1.121510029299672452e-02 -1.399112398427976474e-02 3.054624086020337696e-04 -1.020937877118219955e-02 -3.131385086421731301e-03 8.994172698159596038e-03 -1.060079278905516750e-03 2.682798578329083708e-02 -2.057337434143650251e-02 -1.718602828588229950e-02 -1.919887243949759160e-03 -4.648222337920544442e-04 5.274892816009987828e-02 1.459462288185588846e-02 -2.007247756157264362e-01 1.107571522418815055e-02 -5.270460747562611542e-02 1.597892009898051885e-02 6.390405158155818000e-02 4.195281953329492441e-02 -1.076306222546419625e-03 9.821160037473148502e-03 4.059707348170689400e-03 5.754041672354727119e-04 -4.445796696501079157e-03 -2.338999284766604854e-03 -6.515952810819730569e-04 2.449003203363600556e-02 -4.082178731494367357e-03 5.315960967971695636e-03 7.913851162010398111e-04 -3.863492285407520588e-03 1.077849662259079515e-02 2.766448274121985698e-02 7.671597793154489838e-04 7.299783453767141710e-03 -6.213770772166095357e-03 7.338690351647861321e-02 1.210336024829806664e-02 5.518030678554432418e-03 -7.346784131499528581e-03 6.091974573458190656e-03 -1.150246155711754422e-05 1.045971607029162580e-02
0.000000000000000000e+00 0.000000000000000000e+00 0.000000000000000000e+00 0.000000000000000000e+00 3.949489735365335069e-02 -2.276986841736033385e-01 5.986069639073610116e-02 -2.715538085855571659e-01 9.782770248870126251e-02 -2.518417146098883563e-01 4.386796241747107916e-01 6.390813404366584016e-02 8.508259892011810210e-02 -1.281948174622065673e-01 -8.853513766674449004e-01 6.377053978471746154e-01 -6.750576849352081688e+00 -9.138910064724956595e-01 2.531688810404930479e+01 -8.363633728917212462e-01 -4.276506235412253609e+00 -2.246291628523206518e-01 -1.111869290164184676e+01 -6.013433733939136383e-01 -2.622497207175936151e-01 -1.392929601241047477e-01 1.611436426123906140e-01 3.009333491114957876e-02 -3.405766190122628406e-02 -1.383856674033409895e-01 -1.358200524704336609e-01 -4.831654627998845791e-02 -5.503261191742885028e-02 -1.408915784335180166e-01 -5.237408905416462979e-02 -6.633234133381463171e-02 -2.196064125332155420e-02 -6.566784881506583238e-01 -2.672415189184515483e-02 -1.832488222716829596e-01 -1.088634076714694726e-01 1.408062427462486166e-01 -1.261400272504006603e-01 8.262904116328666920e-03 -9.829802912979161977e-01 2.537349055782668339e-01 1.392569225862620441e-01 -1.897602832033652431e-01 4.740853486688992313e-02 -3.636620504578262913e-01 1.262276159556681154e-01 -2.670808817724826811e-01 -2.624111084548649830e-02 -2.319453902216164765e-01 0.000000000000000000e+00 0.000000000000000000e+00 -1.382219459925278573e-02 -2.182133727845938370e-02 -8.151363418302902397e-02 -7.594826635554084715e-02 3.274779606439887775e-02 7.577695422147148752e-02 -4.024055597600600720e+00 -1.404583285231359446e-01 -3.193945350718858933e-02 5.021302762901285605e-02 9.164730471346011972e-03 -8.550560916582851390e-02 3.672158327512661975e-03 -1.534639974527687023e-01 1.716373886878558019e-01 2.274240365575704026e-02 8.738747805796469315e-02 5.146773121890179520e-02 -1.168742235661766535e-02 -6.467107373732836062e-02 3.969713963313589201e-03 -2.270657521950174978e-02 1.967220930800092360e-01 -3.038263152893738717e-02 -3.848133587768661108e-03 -1.296739949463525665e-01 -1.072556610330065024e-01 -2.105024288535252072e-02 -2.524174849877958496e-02 5.120231851741296331e-02 3.711177030635688656e-02 -4.910248744646317220e-02 2.022262179374427760e-01 -1.971819440291610812e-02 2.667480131707690438e-02 -5.796298474050996796e-02 1.045299571431731050e-01 1.051673019069706422e-01 3.626207490517515536e-02 6.136020113044775640e-03 2.584988285207287170e-02 5.697061377200037663e-02 5.143344472597995848e-02 6.433384657042244548e-02 -1.629353901701442731e-03 -1.324011142509901040e-01 -7.610907229984786512e-03 1.179548941294953496e-01 6.768343733293073414e-03 -1.300475527450049018e-01 -3.018576403364616745e-01 8.203708726708841548e-02 9.247873192759845651e-01 1.455860302164942686e-02 3.608990265519058105e-01 3.705984767460734353e-01 -3.874850775006991044e-01 -8.527183004312341441e-02 -7.010649624918549074e-03 -4.152835228733763734e-02 -7.395695162309620478e-03 7.045551331059633771e-02 -2.136867916501716813e-02 -1.199680973088125407e-01 4.308488943054405995e-02 9.438163628884435608e-02 5.083800131496669233e-02 7.227191328689359928e-02 -9.712626474482176017e-03 -7.531975494164118261e-03 9.230782063997675308e-04 -6.933066182915903486e-02 -1.762288762598160016e-02 -1.034246435625383320e-01 -1.220047761881527665e-01 -3.679643662649087488e-02 -2.483674306557163702e-01 1.844842193512529274e-02 1.268539780719339372e-01 6.749756593548063288e-02 -2.888709322286490966e-02 8.468807721067911354e-02
0.000000000000000000e+00 0.000000000000000000e+00 0.000000000000000000e+00 0.000000000000000000e+00 -7.706532302748622708e-04 3.349894483470915174e-02 -2.040048500784854418e-02 6.692374663438561098e-03 -6.897225026947467579e-04 -1.515377284392930082e-02 -3.575980461902197134e-04 1.832744480863004316e-02 1.918847317627605034e-02 1.056246294140310120e-02 2.995557143502268482e-02 -3.631130638691978940e-01 2.077107335269285926e-01 4.237446470651222152e-01 -8.363633728915275123e-01 3.805992549822070359e-01 1.219285004040774473e-01 2.627424114629877683e-01 4.201472637831693557e-01 3.843560379278910255e-01 7.407176773728936514e-03 6.603238455457710598e-03 -8.766515506571695079e-03 -1.831911282350590087e-02 -1.901171043486922160e-02 9.445677441063162968e-03 5.359331526379413312e-03 4.607812739003994476e-03 5.287592700149363646e-03 -3.776627411056086153e-03 -3.365148052970285374e-03 -6.924788304794995963e-03 -9.519166553715983567e-03 1.699271644681719581e-02 -1.260894739261652665e-02 1.515588716976043297e-02 2.263154452384167747e-03 -3.175249566921513333e-02 -1.720859282296457408e-03 2.015450854740273925e-02 5.299717615014028910e-02 -7.178696327748471107e-02 -2.391160443667413732e-02 8.691827548142891380e-02 -1.721659337218370278e-02 5.833460070295921895e-02 -3.735134459226135961e-02 3.873286218925513918e-02 5.110724579913884791e-03 8.618659415607496377e-02 0.000000000000000000e+00 0.000000000000000000e+00 1.489357042117960776e-03 -8.874816646840495227e-04 4.407661303808053585e-03 8.289423511156968072e-03 -5.572119276472727468e-04 1.277497689893325114e-02 5.843643992382080432e-02 -5.421494658538935849e-03 1.174291399201577227e-03 -3.093134543386011522e-03 4.754687551480341057e-04 1.101705507450089242e-03 6.515412626385775003e-04 9.579963193138786581e-03 -1.491880069226427311e-02 -1.762264753254758195e-03 -1.848759835462635004e-02 -1.793023357518215045e-03 -8.765851417348753932e-04 2.694588346410208175e-03 -2.162133130107901993e-03 5.175937024671049304e-03 3.263516696006980942e-03 3.171249144698451254e-03 -9.289848133662994374e-04 1.410576414961583298e-03 1.046191504629332032e-02 7.143018817447928034e-03 2.134617911129258264e-02 1.833064145648246636e-03 -2.166372469869039252e-03 4.672796950264341068e-03 -8.187576339429583627e-03 1.703886182039451435e-04 -1.739853277703660387e-03 5.950919598182793056e-03 -8.765672301655308765e-03 -5.951266459901849437e-03 -7.000849979498621062e-03 -7.427313164927957199e-03 -1.341734435770315041e-03 1.128086805988821406e-03 -2.710308482517628532e-03 3.179698007276233335e-03 -1.226492719117749756e-03 9.882521159263371602e-03 -1.327120345182589145e-02 -3.301293475551173376e-03 -1.719470948614413870e-04 -9.697682554919026532e-03 -4.251103070828353425e-02 1.626236556265218958e-02 -2.458618248393135142e-02 1.427853756267885230e-02 -6.858571052517456468e-03 4.652285940355428868e-03 3.459065611282530900e-02 1.364038962953979632e-02 5.941232782194276430e-04 6.209349803787001659e-03 3.141406133157846527e-03 -5.355354758396406976e-03 -5.656246549117965698e-03 -3.213385922785055859e-03 4.234269247898467953e-03 7.571786667758408085e-03 2.497079384405774278e-03 -2.298047293688269561e-03 1.098152467658560991e-03 -1.718118366548289583e-03 1.163157694712596731e-02 9.294979222392744933e-03 6.134549586725351672e-04 2.724125723050092440e-03 -2.957559444387308431e-03 3.533889791470054553e-02 5.151912043642857368e-03 3.000127349932506585e-03 -3.837713201012432369e-03 3.076660463414373874e-03 -4.969939271808457076e-04 5.257579009058866576e-03
0.000000000000000000e+00 0.000000000000000000e+00 0.000000000000000000e+00 0.000000000000000000e+00 -6.093679374083328833e-03 6.346743044312362636e-02 -1.861303031373624448e-02 5.202681470364909494e-02 -1.862525910992444966e-03 5.580156636161015538e-02 -4.754115768244101398e-02 -1.311121016357122936e-02 8.115072349152855150e-03 3.170317848551656298e-02 1.558809144412798831e-01 -8.612930919107594785e-02 1.225594506583562726e+00 1.773242654524032902e-01 -4.276506235412453449e+00 1.219285004041113091e-01 1.042354962430830367e+00 9.206621905063010203e-02 1.939298180679111416e+00 8.644847159598986752e-02 6.532306643261485968e-02 3.241377517945056436e-02 -3.312257026959386508e-02 -2.947257550556132803e-03 -1.997956762162884925e-02 3.350976765346146830e-02 2.047870228952913471e-02 7.856308154760412166e-03 2.230467629081218928e-02 3.839202394219483339e-02 2.794410964940020024e-03 2.682254717191322885e-02 6.706395017511082406e-03 1.606625475368156641e-01 2.537885596283217388e-03 1.153055719183733625e-02 8.594194341469183970e-03 -3.899326835335449604e-02 1.341087157839900880e-02 -4.421998066757057248e-03 2.818259852668033028e-01 -3.347701300074765879e-02 -1.427663740410179197e-02 2.092869757855223695e-02 -4.790844935965503718e-03 7.527738693410229720e-02 -4.155259122599312682e-02 1.335534807387229184e-01 8.315145359548244824e-03 4.642810859099632398e-02 0.000000000000000000e+00 0.000000000000000000e+00 1.645327973620602791e-05 6.991605880773420038e-03 1.292752269341606100e-02 2.057110909085260730e-02 -5.107567201588564774e-03 7.561546058514286017e-03 6.148624559470320383e-01 2.794558469735621865e-03 3.722030904705202984e-03 -5.104817281801721923e-03 -1.943328931018563702e-03 4.572437327776586631e-03 -1.111871301576390116e-04 3.589462982103566735e-02 -2.917257640175854524e-02 -1.988378467008314679e-02 -2.130819256095431782e-02 -1.247720021409401501e-03 2.618022009726697977e-03 1.013298424518993893e-02 -2.463101961188989171e-03 3.919654783290465322e-03 -5.119169797067921884e-02 3.148828570115076025e-03 -1.345042615571515922e-03 3.108665057743451032e-02 1.812966819926721627e-03 -1.108176657484857656e-02 1.970069551301756663e-02 -7.315664693129560192e-03 -3.902899712047040726e-03 1.287857984279813794e-02 -3.075281281848350062e-02 1.069717371026835534e-03 -4.328795630209975216e-03 9.572167188847553396e-03 -2.375425669338368170e-02 -9.071231457338305160e-03 -8.971309656292919543e-03 -8.284028522250309542e-03 -5.148763155907138539e-03 8.653289346845128779e-03 -5.542299929106413864e-03 -1.656013403803731701e-02 -2.234323037657026667e-04 1.957808533416581509e-02 -4.382626988349786271e-03 -1.065494712390810221e-02 -5.884467993198534263e-05 -1.991891930939678965e-02 -4.610065693588670521e-02 2.558694511408557415e-02 -4.737478346137231205e-02 3.502633746270902848e-02 -2.692702116526617118e-02 -2.019552469600858699e-02 7.040045926509422292e-02 5.004023486778565177e-02 4.269439576296509518e-03 8.548342270589034259e-03 -1.201695163464674759e-04 -4.871735328158209241e-03 -5.112783991625885656e-03 1.287004852289336254e-02 5.867993275570363354e-05 -1.251591943561472693e-02 -5.083632285579130043e-03 -1.209564878780519659e-02 2.594626194295865038e-03 5.733127123461118687e-04 9.379106095782246619e-03 7.652000633734203951e-03 1.872951047317767629e-03 1.632304365283525696e-02 2.215595575862568112e-02 6.270480079685146479e-02 2.389009269995773926e-02 -2.439198204854276398e-03 -2.063945805107160122e-02 -7.175498436709346409e-03 3.464359845688458036e-04 -3.214130700725655824e-03
0.000000000000000000e+00 0.000000000000000000e+00 0.000000000000000000e+00 0.000000000000000000e+00 -3.592373480913584613e-04 1.026570558991052491e-02 -1.223414545687148171e-02 -1.266142392541049280e-02 -9.120911672790603386e-03 -1.609055411221242335e-02 -2.639291390764082063e-02 3.430513776545567484e-04 -1.183008449248280219e-03 -5.213007240108271344e-03 8.166710644110534642e-03 -2.747397087542933214e-01 4.176203190086404116e-02 3.765557078281138725e-01 -2.246291628523917616e-01 2.627424114629899332e-01 9.206621905063208655e-02 4.656250751690220180e-01 2.190480016803199037e-01 2.699794560589179326e-01 -2.949935645865484242e-04 6.062396273088386167e-04 -9.661230788287587801e-03 -1.426857704980393805e-02 5.569360036369213826e-03 -4.803077336241349214e-03 1.039877022761872237e-02 -1.458655731886731449e-03 -4.784624902362323226e-03 -5.201494282513600270e-03 -3.262363292320016178e-03 -1.456422857436205642e-02 -7.883254614220786341e-03 7.650384885883639019e-02 -8.526902864204492088e-03 2.759527206265651941e-02 9.074882948668495583e-03 -1.964832558776244756e-02 -8.738077124265218251e-03 4.177273677055938668e-03 -2.479755672817029327e-02 -5.801184122387526704e-02 -2.424453685292459609e-02 5.247560045058105582e-02 -3.522333234360892906e-02 4.249144913729553663e-02 3.034789744019811622e-02 7.726338627807305404e-02 3.265116768712742965e-03 4.672010641045222512e-02 0.000000000000000000e+00 0.000000000000000000e+00 2.287707836429156340e-03 2.472113440715617387e-03 4.756015277400011537e-03 3.988988714277375480e-04 -2.090014172698925754e-03 -7.143641966744036439e-04 2.655303552954342283e-01 3.880016296133165753e-03 3.247679029032471583e-03 -3.663258251011507552e-03 -1.087418155816668531e-03 1.942522053905393082e-03 1.793027194416357134e-06 1.451850223216701562e-02 -5.076791874249877989e-03 -5.439932913203880324e-03 -4.813875022730155877e-03 -9.043940853550246420e-03 -6.382314166114306381e-04 1.770153181352413126e-03 4.334764615652188474e-04 -1.845141122167902326e-03 1.655306924018407760e-02 4.606453879961570561e-03 -6.714608526838163755e-04 1.057486459807089642e-02 4.657534367567389352e-03 -1.450715222366287917e-03 1.185241775718320033e-02 -4.373203778808360670e-03 -2.448785254785400441e-03 3.571778513282606368e-03 -1.313465900582389857e-02 -5.199686849254360650e-03 -3.038571382464319223e-03 4.953106319143451772e-03 -7.692734341107725082e-03 -6.662153254000680383e-03 -8.404408185984285629e-03 -4.052911815745738507e-03 -3.804880917822201121e-03 -8.234655285636792443e-03 -5.699270532508810688e-03 2.146244356128381835e-03 -4.607261468898653494e-04 4.858739249601885107e-03 -4.777241283737719731e-03 -4.397826977952100889e-03 2.963899639358663326e-04 4.485938803407508134e-03 -3.715476276514014659e-02 -2.042186659569301607e-03 1.464448964411137200e-02 -5.944307038760502857e-04 9.540943724410392429e-03 -1.491865004321251895e-02 9.967408254034911680e-03 6.461532909480726707e-03 6.529802207076791827e-04 2.095806751818039652e-03 3.449133004376340062e-03 -4.988628828501538368e-03 -1.999619918149540560e-03 3.112139629414343439e-04 2.236734821905298799e-03 3.662512775160042203e-03 -1.154448634270002598e-03 6.078734151636426206e-03 1.057799883782547254e-03 -4.009143172437134401e-04 5.556680349347052411e-04 5.471461964111606034e-03 1.551123159058609337e-04 3.370214666808732211e-03 5.659842424965083954e-04 -3.357116176536754232e-03 1.013681777851926750e-02 -1.011333008822587953e-03 -3.913710615240659565e-03 -1.718148584959259054e-03 -9.827983609209376727e-04 4.707940404288270264e-03
0.000000000000000000e+00 0.000000000000000000e+00 0.000000000000000000e+00 0.000000000000000000e+00 -2.900567305763310927e-02 8.601444728555918129e-02 -3.873420654516935256e-03 1.171031692553285430e-01 -6.579942710760204594e-02 1.334681683368950655e-01 -1.926570366576076110e-01 -3.777035215890166275e-02 -8.509281360459311494e-02 6.310233253026785449e-02 3.832885267940532859e-01 -3.343303518550708175e-01 3.097217388047250441e+00 4.290533571307103555e-01 -1.111869290164139201e+01 4.201472637832273094e-01 1.939298180678955541e+00 2.190480016802871244e-01 5.376308804612226488e+00 2.801048679295391475e-01 7.566519402443007414e-02 6.911673652803093648e-02 -6.612924188742140552e-02 -8.461020838413645453e-03 7.530269134355008220e-02 6.882582861307511013e-02 5.487096750000458600e-02 2.068066191745436891e-02 -2.792846504274837469e-03 6.330695303093927806e-02 3.002827380935166324e-02 2.742193115156237732e-02 6.595906426282029111e-03 3.718888266926464459e-01 1.166124073143067971e-02 8.505099858138770452e-02 4.732725269325361445e-02 -8.213630279432367065e-02 2.745195793577479004e-02 -9.066860814620900837e-04 2.565728877356814319e-01 -1.294022316359683955e-01 -3.024680401751034947e-02 5.477928479483042817e-02 -2.255332055212484407e-02 1.872317521329210921e-01 -2.198332480812303230e-02 1.437538427876352831e-01 3.327409949795921695e-02 9.371904883255792462e-02 0.000000000000000000e+00 0.000000000000000000e+00 9.938256073587326683e-03 5.684441827275572845e-03 3.370109649880184688e-02 1.710050404305903451e-02 -1.096463336692806226e-02 -5.609226037855868929e-02 1.387791443848255701e+00 8.287841537924661717e-02 1.206809941184355632e-02 -2.176380508318572285e-02 -3.474679890868507485e-03 3.948091598332231777e-02 -2.395432156995288154e-03 6.293255374959987047e-02 -6.930414950872658408e-02 -1.304571680409499952e-02 -2.421268982162276540e-02 -1.120895010237367949e-02 5.618715683327901896e-03 2.117911863890632740e-02 3.166183469709912390e-03 3.743365699341623040e-03 -6.945095375803676807e-02 1.809967125457951839e-02 1.592590620808748223e-03 5.085292367770135463e-02 3.726410430861230166e-02 1.252388672757290527e-03 -2.863017334294378456e-03 -2.406394369556058566e-03 -1.543290434494508367e-02 1.316013150855175999e-02 -8.075167231148497327e-02 1.030359230291055979e-02 -1.115051912157888521e-02 2.164290842773952325e-02 -4.156926724285524982e-02 -3.725344836152367362e-02 -1.363645130770400546e-02 6.731547446736122972e-04 -3.769440132311333534e-03 -2.718909953413102196e-02 -1.558182330488384545e-02 -1.591878468943438985e-02 2.174600841136293487e-03 5.688870209656058524e-02 7.258843734566916908e-03 -5.929843812401153214e-02 -6.300525550064428430e-03 6.546468392761646549e-02 3.836893246310884020e-01 -4.420229532797738392e-02 -7.432356318764431480e-01 -1.936804233688876886e-02 -2.187797230994016351e-01 -1.366714121465677778e-01 1.855555783012077242e-01 4.847404140793479255e-02 -1.852246939408290190e-03 8.318749972308563806e-03 5.585361824166842036e-03 -1.675393741166043837e-02 2.300061095085830301e-02 5.468432737886858019e-02 -3.152546321845754035e-02 -2.204658006341908213e-02 -3.700566220880834034e-02 -2.241116267289090108e-02 1.715214271733919282e-03 1.141719771482219929e-03 -1.800697895041154795e-02 3.783827472007646880e-02 6.148733967032421130e-03 3.576402584283917829e-02 4.541887407616444078e-02 3.897474919839166718e-02 1.049006880500262945e-01 -6.049826133832601587e-03 -4.530936870904946068e-02 -2.037627599032132072e-02 1.326136938541791314e-02 -2.636461060174851226e-02
0.000000000000000000e+00 0.000000000000000000e+00 0.000000000000000000e+00 0.000000000000000000e+00 4.543382856896281902e-04 5.653303519716875586e-02 -2.908640864563843617e-02 1.578990477837023676e-02 2.100015376141659701e-02 -1.325143238287055866e-02 3.259371322261155751e-02 2.311540234879942701e-02 5.502185323391865779e-02 2.032451036910051800e-02 2.408728919107995872e-02 -3.631689401538881756e-01 8.603595749677761528e-02 4.214207638385363830e-01 -6.013433733937260106e-01 3.843560379278910810e-01 8.644847159594888641e-02 2.699794560589022230e-01 2.801048679294685928e-01 4.468824070777822066e-01 2.044640631516543919e-02 1.514882306054112122e-02 -1.867651495124473659e-03 -2.300469422781805870e-02 -5.984036712356979870e-02 1.821598087677587727e-02 -2.656545147467665423e-03 2.566126529537188575e-03 1.782595412935381735e-02 7.876508248314850399e-03 -7.823484727096572527e-03 8.404371585356576468e-03 -1.176649660527213752e-02 -4.765502719707283286e-02 -1.325582269403512321e-02 1.082447969478978964e-02 -3.291528975932093981e-03 -1.404093528434904870e-02 -2.396149850430111944e-03 3.272523621205690458e-02 1.309439542549193092e-01 -5.164310209750191255e-02 -1.809761226782998639e-02 9.989860517803761386e-02 -1.414487145366044758e-02 4.188062404452490978e-02 -3.635829923329363805e-02 5.081560132239014427e-02 5.921296738747695333e-03 1.055769714023471195e-01 0.000000000000000000e+00 0.000000000000000000e+00 -1.994297241685793250e-03 -9.176494108500187017e-04 -7.000054514702041750e-04 1.117664195858408469e-02 7.498389355663009296e-04 2.819298638190567002e-02 -1.132111767865516955e-01 -2.659044524951031246e-02 -2.246738707756949262e-04 2.428851060494567355e-03 8.995661305805388672e-04 -6.370352286360000948e-03 7.675419590589701007e-04 -2.165072153829898129e-03 -1.206741611095466654e-02 -2.450702900827473295e-04 -1.497285428389860673e-02 2.067519026772764862e-04 -4.916646058834590188e-04 3.529445507394542592e-03 -4.073336212559241359e-03 7.631991614252629959e-03 -1.269329418096347764e-02 -5.877203287074680982e-03 -1.245777999688910424e-03 -8.811650367457580721e-03 6.158971906108821719e-03 7.488087310542451171e-03 2.312963011219807893e-02 2.368327898217639955e-03 8.602086014367031760e-04 4.110729890461547846e-03 3.328882462676607118e-03 7.773193914076463682e-04 -4.415774312213494989e-04 4.845273860862627912e-04 -6.290908783466544682e-03 1.867421221274978777e-03 -5.462899888769622361e-03 -6.054179420648557464e-03 -3.330417660301563439e-03 1.641236608647859280e-02 -1.052240746927008601e-03 2.608174008443962105e-03 -1.534338010622274869e-03 -4.598305184860761695e-04 -1.231080763402063807e-02 9.122553989359991761e-03 1.181175022524378433e-03 -2.640807524240854076e-02 -1.328449262468169856e-01 2.862715246178749659e-02 1.258309109204749643e-01 2.456043955925038547e-02 3.344800531408455985e-02 2.669214550236346378e-02 1.093538421470631114e-02 5.537395154716249872e-03 2.364305546563621324e-03 4.556186920092024535e-03 1.326159600493802401e-03 -4.186416646131785324e-03 -1.119544834565571433e-02 -7.267163449247000806e-03 1.142574957701232748e-02 4.883993385123222911e-03 9.961767740834579291e-03 -4.771980142373813578e-03 1.206497799238746534e-03 -1.178823766724780087e-03 1.830114267598298081e-02 -2.219250097786047791e-03 1.197044893285635267e-04 -3.293942578279884272e-03 -5.871550577538686699e-03 3.334110816120864490e-02 -1.061601845802682964e-02 5.148947805498552480e-03 1.608879445614797791e-03 5.673019707738042282e-03 -2.480749355204768351e-03 6.220028583416234436e-03
0.000000000000000000e+00 0.000000000000000000e+00 0.000000000000000000e+00 0.000000000000000000e+00 1.937641601473560210e-02 2.155776337802432427e-02 -3.776763192996546170e-02 -7.546294065719650473e-04 4.769071924570254806e-02 -1.013766195522196149e-02 -6.422890238008313255e-03 -7.342798606153123561e-03 9.805446206852105884e-02 -1.202384720872467193e-02 2.207061293793010845e-02 -1.804113494767515743e-02 3.903901343317236344e-02 -1.852503145053280981e-02 -2.622497207174168676e-01 7.407176773722325483e-03 6.532306643257568268e-02 -2.949935645910387559e-04 7.566519402435462061e-02 2.044640631516263241e-02 8.401608523803053008e-02 -8.950291998598879778e-03 -4.524775601095189226e-03 8.303078959309478837e-04 -1.258370636332107328e-01 -1.146211216732213184e-02 3.674544703471194131e-03 -6.475109517199819156e-04 4.905128140642352197e-02 -4.680276170680315942e-03 -1.664003752920836798e-02 -4.507029593914547820e-03 1.566633284038976802e-03 1.030044263035486719e-02 4.057536935330940779e-03 -1.879941895651522773e-03 3.347830900276333073e-03 -4.376204975213303199e-03 1.880479694046261873e-03 -6.166947789050140211e-03 3.815772617068220462e-01 3.960540183702253303e-03 6.245807394596935777e-03 -1.673462872693783771e-02 8.136357990516344604e-03 -1.184807800366355530e-02 6.079904934081518855e-04 6.432175519590367305e-03 -4.821348404166867657e-04 -1.265724031405570868e-02 0.000000000000000000e+00 0.000000000000000000e+00 -1.604559859701458653e-03 1.911828023742177677e-03 6.770282171854194800e-04 4.177714511215980912e-03 -1.843724515047706018e-03 1.919221374350361074e-03 2.207688987717987827e-01 -2.488967748433456185e-03 2.091224761749036279e-03 -7.553068397025906313e-04 -8.350429127155496560e-04 4.914565353146632893e-04 -4.735319775620798043e-04 9.225703520994113114e-04 -5.432264697153582275e-03 1.206734101794057013e-04 2.527339220672549652e-03 -3.889024004421725612e-03 5.905015248078810753e-04 6.374056240190366200e-03 -6.864051857277538807e-04 -2.303532583443210473e-03 -1.435765783136267945e-02 -5.794251655187597147e-03 6.484274662380981819e-04 1.809980197394354864e-03 4.385120600990363542e-03 3.463347484620284199e-04 -4.463197467051247848e-03 -6.172738519967340548e-03 -3.725421891511398586e-04 2.319078730733054386e-03 -5.836344885658158177e-03 9.919348257006726371e-07 -5.219256033940310440e-04 9.379228574189431332e-04 -9.171728022324811356e-04 -1.848743133968544288e-03 -7.013982054308431219e-05 9.398307399427059628e-04 -4.763960244290697289e-03 -3.833904972343776633e-03 -3.820012022085720639e-03 -1.204068549363638413e-02 -1.519513036320721718e-04 -3.424492834423138558e-03 5.097936336186961043e-03 2.539058220654285929e-03 9.886591011387146129e-04 -7.737438104447186271e-05 -6.264033168547582242e-02 -2.418503270200953424e-03 9.079372550408734699e-02 2.212951114353802796e-03 2.619966356167535010e-02 -3.028239192514468187e-02 -9.677935361278963700e-03 -1.150230850638566879e-02 1.831917226210450075e-03 4.493336777290070317e-04 -3.749485794240530650e-04 -7.121889187919705141e-03 -1.457605025848515657e-03 4.979285940858705142e-03 3.293325702842380374e-03 -1.740300004258829580e-02 3.217870395414894683e-03 -7.072529181887534690e-03 7.605533023200558920e-04 2.083578499486522448e-03 1.303094168392031956e-03 -7.875613512551293133e-03 6.651957469492366650e-04 1.554631082411197769e-03 7.122159614177657819e-03 -2.228931070401302811e-02 6.415826261543122570e-03 -5.955897404396625922e-04 -4.113628453384554975e-03 -4.850206951550320444e-03 5.223843312891562419e-04 -4.018760602294987883e-03
0.000000000000000000e+00 0.000000000000000000e+00 0.000000000000000000e+00 0.000000000000000000e+00 -1.196155741767838780e-02 4.156915273607733607e-02 6.101394643980828300e-03 3.479095618750827068e-02 -3.534810867528206165e-03 3.789105546515045969e-02 6.134818471020628099e-03 7.497598654574049760e-04 -9.726353797235244916e-03 3.550802598114888992e-02 2.308337409995996070e-03 2.528929197578170043e-02 1.825597421681941085e-02 6.741842956300353636e-03 -1.392929601240978643e-01 6.603238455459656091e-03 3.241377517944970393e-02 6.062396273147050178e-04 6.911673652802706458e-02 1.514882306053881751e-02 -8.950291998598763551e-03 3.481052781842700061e-02 1.440797238229611990e-03 -2.089667642865113053e-03 1.497474607911033345e-02 3.494420197087606816e-02 -2.332469945545305023e-03 -7.088199151480124556e-04 -4.831173904544998170e-03 3.634773315894049978e-02 2.267558036829109020e-03 3.479844331007923841e-02 7.307784871461909691e-05 -1.278934248538547355e-02 -1.891646963920241018e-03 2.387805358519599647e-03 -1.283226327423474993e-03 4.905347922647965630e-04 -3.748338839494134295e-03 3.841445881786148195e-03 -5.952862243188959679e-02 3.343504754269066570e-02 2.915156988249252307e-03 8.816161407916198525e-03 -5.833524903296386996e-03 -3.503635540342507019e-03 -1.048648179302727078e-03 2.676485453634038034e-03 1.018125136354700033e-03 4.045566242727009938e-03 0.000000000000000000e+00 0.000000000000000000e+00 -1.290021600248894345e-03 -4.249249298941713479e-04 -1.728802894512106517e-03 1.474652074437242735e-03 4.153696613610218425e-04 5.192285308995150256e-03 -5.368644276966634543e-02 -7.209098547480326420e-03 -8.633849194496815923e-05 1.952103299680595615e-03 4.070125283245275039e-05 -2.947920552404745785e-03 9.970598159017663516e-05 -5.254969081051392987e-03 1.081069475664880788e-03 1.186190747692742516e-03 1.316733411671191113e-03 1.767924838220947007e-03 1.953828628635167423e-04 8.082841687551037919e-04 -7.518044054525177110e-04 7.571744276035932654e-04 -7.470875538619506720e-03 -3.482358191889987041e-03 -1.317813607324650621e-04 -4.237875498877798769e-03 -1.812079659310290251e-03 8.310086723922571847e-05 -6.083215243008180308e-04 5.655267887333802635e-04 8.799564614668206912e-04 1.322967061416894824e-04 3.314517869834061881e-03 3.145345884664509637e-04 3.771593611576356565e-04 -2.153466688133140027e-03 6.562098075563146168e-04 2.472981710120196117e-03 1.846637786515860564e-05 8.886793521060567342e-04 -8.266455383656353675e-04 5.864391849095687038e-03 6.656711287117164731e-04 -8.496003966918828443e-04 -2.536937257932212440e-04 -3.803896147383518771e-03 -2.262998467353875170e-04 3.288619718025201366e-03 4.845009100526865425e-04 -5.934382763304308847e-03 -3.448634429920632155e-02 4.088887025290273598e-03 5.111590347768794895e-02 3.635485639206524015e-03 1.449488746589820687e-02 5.321380388431031817e-03 -5.785173697554049470e-03 -4.015009864849738638e-03 6.482394916281495386e-04 -1.010213745781960749e-03 -3.321708512567047872e-04 -3.646232829989347335e-04 -1.981582740253642200e-03 -7.403378765575426793e-04 2.591820302500498063e-03 -1.190147202056067964e-03 2.823071159277392838e-03 -1.789810641583930700e-03 1.040227928497943502e-04 2.150580038193776347e-04 2.575236179846957484e-03 -4.694885050815357334e-03 -2.059846597406890393e-04 -2.716672840621139375e-03 -8.165831958521591006e-04 -2.577643439955663168e-03 -5.325614634746751036e-03 1.406103306180903892e-03 2.440061446861528129e-03 1.101989486095478372e-03 -9.757136004703013173e-04 5.132795110504217648e-04
0.000000000000000000e+00 0.000000000000000000e+00 0.000000000000000000e+00 0.000000000000000000e+00 2.022163091683766806e-04 -2.255918453584173570e-04 4.737913275774512122e-04 -7.002778762798238937e-04 2.190635472957181470e-03 -4.560124338517788055e-03 3.698084106244022614e-03 5.035393422746758593e-03 6.814816010188516279e-03 3.991226603975128436e-04 -5.656779113595511270e-03 9.308599757379696152e-03 -5.201309675758532952e-02 -1.662455184147856521e-02 1.611436426124253640e-01 -8.766515506573797564e-03 -3.312257026960254563e-02 -9.661230788284942347e-03 -6.612924188743583842e-02 -1.867651495128119180e-03 -4.524775601099628383e-03 1.440797238229002452e-03 7.874988913398035459e-03 -7.951500928904429522e-04 -5.829451871296000010e-03 4.363369662276159341e-04 -3.714631763253295992e-03 -2.047745714627931170e-03 1.514598187591655292e-04 2.943910606718532505e-04 -4.540559780806394585e-04 2.594873193694167946e-04 -1.271892258349945765e-03 -2.405265890857857108e-02 2.181470618085367742e-04 -2.235244799529142545e-04 -2.242997735925157665e-03 1.030555614076812676e-02 -8.753028621268100487e-04 4.738000639173668878e-03 1.148194544960458655e-03 4.902802337096091000e-03 2.678893212024833787e-03 6.884928325463073333e-05 5.980550926931110269e-03 -6.193670815037763053e-03 1.566535107704439744e-03 2.447357961258820637e-03 4.945530763585134857e-04 7.864236998436464291e-04 0.000000000000000000e+00 0.000000000000000000e+00 -1.027825726823892311e-03 -5.576821963539687742e-04 -2.929244442777269829e-03 -1.485111260335663080e-03 7.777284602729459418e-04 1.508206858248103011e-03 -9.356186963837793968e-02 -4.883156906599015086e-03 -2.132312440218194665e-04 2.342260239347457307e-03 1.504380619356901093e-04 -2.134798535183228280e-03 -4.802486679624928535e-05 -8.088468681040406061e-03 4.732700482911308439e-03 2.857908581763352919e-03 5.009664289958850811e-03 2.176028979393091790e-03 1.550405081729508828e-04 2.041060722736156544e-04 -1.767769083308552366e-04 1.923959788487400089e-04 -3.504560128496251280e-03 -4.623615148661587571e-03 1.533728283611504877e-04 -7.177332537135650871e-03 -2.712569368218986730e-03 9.516510996471703706e-04 -4.767914910275952538e-03 2.392116976790073860e-03 1.277699856514854897e-03 -1.749282416868591520e-03 6.141047374564525402e-03 6.261757871474882232e-04 8.612328496893220187e-04 -3.470121413704604484e-03 3.269875811526754428e-03 4.103160913157197220e-03 2.082626107223970336e-03 2.611378812931486586e-03 -7.274604732275178048e-05 4.926820859237643867e-03 1.075285914138648501e-03 6.236627719782687242e-05 5.909647157750415618e-05 -5.810625800237766495e-03 2.887765915335650194e-03 4.500324651120539421e-03 3.086545094506015535e-04 -3.345584131736739110e-03 -9.867451122026242583e-03 7.919951194481731228e-04 3.839009616660150892e-02 1.795824580709960271e-04 1.261086366933395278e-02 7.974147958357380439e-03 -1.445347382546591578e-02 -5.668357574554515679e-03 4.745229346226916662e-05 -2.513289069188582962e-03 -7.993956908373749896e-04 1.107477029585285768e-03 -2.082046908712288787e-04 -1.566818993615619890e-04 1.129344160659537114e-03 -5.546883576206731049e-04 1.762329046681187540e-03 3.650906299624202172e-04 -3.469776003777227925e-04 5.003913440866852380e-04 -5.714638064477749061e-04 -6.040371047455998441e-03 -2.412312364455130253e-04 -3.601780934915740483e-03 -1.286343669436235083e-03 -1.240596258534090723e-02 -5.857324191861612225e-03 7.303685085871209964e-04 3.611123518375608001e-03 9.098182242313374458e-04 -4.300281759758217475e-04 -1.812957531090296113e-04
0.000000000000000000e+00 0.000000000000000000e+00 0.000000000000000000e+00 0.000000000000000000e+00 5.441358726864158144e-04 -4.314653614099715415e-03 5.575787223617642433e-04 -2.704513749363972536e-04 1.110879926133467605e-03 -2.178663531716930855e-03 -2.914827930629551329e-03 8.175164256654784620e-03 -6.485518293047866584e-04 -2.437982201566219875e-03 -8.979304132003016825e-04 1.621502578432551175e-02 -5.398058521552251757e-03 -1.492705141254967866e-02 3.009333491113773407e-02 -1.831911282350348266e-02 -2.947257550554425402e-03 -1.426857704980080341e-02 -8.461020838405592867e-03 -2.300469422781615744e-02 8.303078959300177466e-04 -2.089667642866001231e-03 -7.951500928907215921e-04 8.622776490852700898e-03 1.524877289242104663e-04 -2.550416228984958827e-03 1.269597858543664894e-03 1.941558970395937779e-03 8.358764124684467042e-05 -2.053590101869433564e-03 2.566596125691233661e-04 -1.220528999150162800e-03 5.464360709048325399e-04 1.992323968452831481e-02 7.075493464971257217e-04 2.799079153647266458e-04 2.347417028968179931e-03 2.878773690644803769e-03 1.189293203047015954e-03 -4.162614544903230421e-03 -2.847050230469253332e-03 2.910623495877604806e-03 1.510452957738009361e-03 -1.131707054002002548e-02 -2.637331124346331979e-03 -2.171430044037490903e-03 3.106711547241924366e-03 -7.327884738766608438e-03 -3.415264749007621437e-04 -7.843353887760893400e-03 0.000000000000000000e+00 0.000000000000000000e+00 1.191676888527319882e-03 -8.895039027139744646e-04 9.354661264831743350e-04 -1.109172083817704362e-03 3.022403272819256881e-04 -6.214113469735571896e-03 -3.886956601247224669e-02 8.639163603906048483e-03 -9.033422244918115455e-04 -9.748519333480630024e-04 6.973036647773903909e-04 2.533885670415618029e-03 1.172210399159716592e-04 2.808032121937401385e-03 5.992824982415947098e-04 -9.260426988536756346e-04 -1.078048123407092775e-03 2.033517438095849839e-03 -3.310310808395413554e-04 -1.836126277583114905e-03 8.254238405143565077e-04 -1.255448662439242070e-03 7.564620092605731441e-03 4.350652477069395264e-03 -1.026523321246137870e-04 2.659321396164973737e-03 -4.776043735439586399e-04 -9.832662426158609963e-04 1.987375193361324123e-04 1.992865509435322834e-03 -6.636366301772072922e-04 -1.071407704186904232e-03 -5.531251074181466575e-04 1.517063665444585421e-03 3.009577224016049242e-04 2.091757025331350377e-03 1.995438230917032443e-04 -1.812251440679385310e-03 7.753093806262137747e-04 -8.065519259850761295e-04 1.881354176458327780e-03 -2.529008610643554509e-03 1.288129186508134294e-03 2.307626595439635220e-03 2.854806170121969343e-04 5.381913888901248069e-03 -1.177986573686799028e-03 -5.156507566865612888e-03 -9.725189868827116340e-04 5.073060752493231684e-03 6.344454681429247123e-02 -2.212057300263599487e-03 -9.331608700079638274e-02 -3.238398896110555088e-03 -2.444177098694705341e-02 5.440795256215767359e-03 1.047472862737982256e-02 8.191115910325966198e-03 -1.313121426894008851e-03 6.024176085323543380e-04 -5.571505170558887360e-04 3.342632591352565768e-03 2.126100650714796408e-03 6.353561401601548649e-04 -3.223750610688340661e-03 6.101105820211338848e-03 -3.238733498058486097e-03 2.776943305633969988e-03 -5.219146823422708519e-04 -6.163973046385749733e-04 -2.488150131407264147e-03 7.167381333053849703e-03 -4.866892965901966316e-05 6.096225966194012205e-04 -1.321846085965852277e-03 1.335107366987218006e-02 2.184921594384209645e-03 1.615592848530734288e-03 2.255502236316517511e-04 1.704109927163720891e-03 -2.277128962421639570e-04 1.848427498075833758e-03
0.000000000000000000e+00 0.000000000000000000e+00 0.000000000000000000e+00 0.000000000000000000e+00 -3.333266456954426388e-02 -3.576363219404389560e-02 6.497116214790404909e-02 2.859416428163358975e-03 -9.432204097604009185e-02 3.407888463352699848e-02 -3.015412680130357889e-02 -6.374618901494322198e-03 -1.880967636731795400e-01 1.854203574524943693e-02 -2.072189655035956354e-02 3.721257289708251176e-02 8.103133415969604458e-02 3.251965037870575836e-02 -3.405766190158372037e-02 -1.901171043486321252e-02 -1.997956762154558252e-02 5.569360036365302025e-03 7.530269134369171891e-02 -5.984036712356566312e-02 -1.258370636332009629e-01 1.497474607911431638e-02 -5.829451871301894600e-03 1.524877289219574942e-04 2.364104425389756403e-01 1.972790248112605421e-02 6.985250270264262498e-03 3.497178662061410127e-03 -8.170538664492420222e-02 1.076753777453327496e-02 2.945973490690749486e-02 7.466389326285304689e-03 -2.448457038399726236e-04 3.650704902071642138e-02 -4.280589552720541653e-03 5.838134210921459150e-03 -6.052755738273901806e-04 -1.433424195555602510e-03 -4.775377987895699627e-04 -1.913486952826427183e-03 -6.381339205386489244e-01 -1.326920280290216393e-02 -1.293018166192601640e-02 2.498699315618115382e-02 -1.765400434205505881e-02 3.109504709143553688e-02 1.151394093351335371e-03 -1.103574628582599387e-02 -9.192686305303603405e-05 1.400009931971739341e-02 0.000000000000000000e+00 0.000000000000000000e+00 4.349895107371255440e-03 -3.157658142823886651e-04 4.987101293307192630e-03 -3.106593970952245629e-03 -2.446985514120540457e-05 -1.400816968258822640e-02 2.137652325090548533e-02 2.010463414926637674e-02 8.303149015291679067e-04 -3.805695619079192422e-03 2.308220207901741274e-04 5.689095440185367239e-03 3.389432924997158787e-04 1.368928853504336983e-02 -1.407151406885404424e-03 -3.665702873630362346e-03 -7.901109061945459089e-03 4.640832243828999643e-04 -6.467610869268859740e-04 -5.250196274640102703e-03 1.607678605701498911e-03 1.607836543419983565e-03 2.050660979095898437e-02 1.342658815517498022e-02 -6.197786844452178156e-04 9.469779202855091449e-03 -1.291310482196509441e-03 1.843979145440162990e-04 5.114805948586294629e-03 3.205750994164393436e-03 -2.930260335963885254e-03 3.115236889769758591e-04 -9.102462853823829747e-03 -6.619658341066842573e-04 -1.441956369464807586e-03 4.586843399424586458e-03 -5.179120887372818186e-03 -7.318124967966474839e-03 -3.474675407672655168e-03 -2.909545946018143522e-03 4.282616397140002681e-03 -6.502451880997403739e-03 5.924082346156172955e-04 1.125442233871693648e-02 1.960369047772673133e-04 1.280652248875261724e-02 -6.868762565702700440e-03 -1.239788483252029019e-02 -1.466808155594060857e-03 1.467627568482980822e-02 8.424329368516508820e-02 -8.545642473649675899e-03 -1.596225312589922840e-01 -9.839168220545715937e-03 -5.203481440447933065e-02 3.413407868423650078e-03 3.419144025639206386e-02 1.144956557699455119e-02 -2.349522021075354291e-03 3.511089387228576251e-03 2.745325592250358847e-03 2.638365774041604404e-03 4.397668009244990600e-03 -2.278668391649218451e-03 -7.546458003707493326e-03 1.582267159181319563e-02 -7.697665154998360737e-03 5.833679409974893912e-03 -2.853157242556876106e-04 -2.336203235016705987e-03 -4.530483862398888492e-03 1.697988831898639833e-02 -5.781328819176682074e-05 6.400362017397458192e-03 -2.740868889746280596e-03 2.187831374228233622e-02 8.494508167669258258e-03 -2.316208972621329118e-03 -2.362593045783754463e-03 9.138268974102940409e-04 7.117547642714759561e-04 1.211097806670630855e-03
0.000000000000000000e+00 0.000000000000000000e+00 0.000000000000000000e+00 0.000000000000000000e+00 -1.343464647253842653e-02 4.496191332181813383e-02 8.820855642005041852e-03 3.852217988122304260e-02 -5.494059706984088381e-03 4.167150245144959908e-02 9.569476184235861313e-03 -1.193674508080326546e-03 -1.416516853163550353e-02 3.977280510659104290e-02 1.985396493386934989e-03 2.517632902527001254e-02 1.990736698346484354e-02 1.322066836296039924e-02 -1.383856674033104861e-01 9.445677441061102117e-03 3.350976765346183606e-02 -4.803077336238768813e-03 6.882582861306255073e-02 1.821598087677024982e-02 -1.146211216731978996e-02 3.494420197087669266e-02 4.363369662282808752e-04 -2.550416228984342566e-03 1.972790248111864347e-02 3.957479623658270718e-02 -2.967641370951805326e-03 -1.521610459876300732e-03 -6.039864501686281750e-03 3.704686000455442718e-02 3.276272811500137265e-03 3.563951271444642382e-02 3.466714501201211907e-04 -1.716497210916505603e-02 -1.925742757464529286e-03 4.133452687473204257e-04 -1.505910198975037246e-03 -1.361359470580281910e-03 -2.740524655413843248e-03 5.212650725398379481e-03 -6.997022974568155307e-02 3.437509789520649256e-02 2.399160871469797483e-04 1.013377280508014761e-02 -4.823823868355918074e-03 -2.577465589095859471e-03 -2.928234824563655248e-03 1.705982963309194550e-03 1.274995785266547872e-03 6.915068378481314774e-03 0.000000000000000000e+00 0.000000000000000000e+00 -1.252617737362494120e-03 -3.289435629142776888e-04 -1.401818383177801325e-03 1.793049478135007833e-03 5.139290136871262939e-04 7.367919927252958995e-03 -6.674250538738625560e-02 -8.917130389687692379e-03 -5.299965207254861942e-04 1.853811278272111647e-03 -2.073870080088347030e-05 -3.502559780009364965e-03 1.973684756620790724e-04 -4.160391039381691747e-03 1.073818606434883902e-03 4.111429280837995649e-04 -2.385529459850418217e-04 1.945960576462781207e-03 1.939735370084627705e-04 6.148154195041387847e-04 -7.431855640801010359e-04 1.151576641076597698e-03 -7.271508370156524667e-03 -2.991861911436913529e-03 -2.774948406015519987e-04 -3.195077361350881235e-03 -1.831899655301272994e-03 -3.956403330731835628e-04 1.808856777683075668e-03 2.890241601677817369e-04 9.670397947091991051e-04 6.613307409573667642e-04 3.378314013071691616e-03 -3.529775411362912453e-04 3.121451944839274441e-04 -1.848792047266283045e-03 1.445965513156957693e-04 2.533539521149048412e-03 -5.050311553692019570e-04 1.410260948772298667e-04 -3.328999766537633410e-04 6.248907400988934491e-03 1.064433895984725261e-03 -1.303695344067256571e-04 -2.953581234610469009e-04 -2.976279140381597049e-03 -1.676649041572388869e-03 3.339071864184576209e-03 4.793710644415798139e-04 -7.644062719750033090e-03 -3.748682511612805301e-02 6.129467890624683800e-03 4.974926769496685469e-02 5.134359584149796041e-03 1.330166176594502030e-02 8.675195903087499008e-03 -3.294816329512900797e-03 -1.562696608660017923e-03 8.222429230016830518e-04 -4.069335235519468607e-04 -2.580336834898917060e-04 1.060369893123916510e-04 -2.571359980753563489e-03 -1.989989764166781236e-03 2.789161314803800720e-03 1.735247489384472166e-04 2.884292623603923814e-03 -1.363336811725894548e-03 2.102351308906864414e-04 -1.851164296001579996e-04 3.561366211335283746e-03 -3.516530299877419254e-03 -3.367099255322550345e-04 -2.547574439906810997e-03 -1.325039599431562624e-03 3.866617730705020073e-03 -6.273490598507459361e-03 1.388429697670014260e-03 2.225247259540862835e-03 1.629847805048562775e-03 -1.214686041540226748e-03 1.534380449601071335e-03
0.000000000000000000e+00 0.000000000000000000e+00 0.000000000000000000e+00 0.000000000000000000e+00 6.580677282252537803e-04 -3.296888183065986404e-03 -3.092879996781649501e-04 -1.686916291172663347e-03 -5.105013968029380005e-03 -1.979955164683497131e-03 -1.839503441120293042e-02 -8.476582635102849301e-04 -6.232950328486664207e-03 -3.646688802123708526e-03 4.894910612980689357e-03 -7.750730776151667188e-03 4.340823002511716433e-02 1.042999581777893058e-02 -1.358200524704591405e-01 5.359331526380657976e-03 2.047870228953130659e-02 1.039877022761681417e-02 5.487096750001839440e-02 -2.656545147466155346e-03 3.674544703474239005e-03 -2.332469945545219588e-03 -3.714631763253096498e-03 1.269597858543544330e-03 6.985250270259663746e-03 -2.967641370951795352e-03 6.439621668906936325e-03 6.104544966019439948e-04 -2.039930979183092268e-04 -2.624541246262520992e-03 8.991302974923140326e-06 -3.046054226425250373e-03 1.608175619760458060e-04 2.048911354233294221e-02 7.576025789222983527e-04 1.141177181046383344e-03 2.155711073974465701e-03 -1.174434347539067862e-03 1.183543230421263675e-03 -4.269507575587558161e-03 3.916858391131572067e-03 -5.545419081492804908e-03 -1.490253563211796405e-03 -1.655481851477287212e-03 -1.932455136650681245e-03 3.988098417281469611e-03 1.380425532448239373e-03 -1.414698438750241908e-03 -5.754660167717933275e-04 -2.654501547586465837e-03 0.000000000000000000e+00 0.000000000000000000e+00 1.064330611813268501e-03 9.049523970166856862e-04 2.645796588489496889e-03 5.444845548744837354e-04 -1.277494530756598506e-03 -6.192777586699159745e-03 1.607657592639228084e-01 8.482101602366766413e-03 1.604561777249292063e-03 -2.320055382821228831e-03 -4.273369831627045717e-04 3.421459182046415227e-03 -1.755530179135444588e-04 6.193416203055608985e-03 -3.194338805642929664e-03 -7.484018536038042780e-04 -1.150455308126309070e-03 -2.795726718409014249e-03 -2.243825311879537785e-05 1.672650588187322117e-03 4.919625639467752141e-04 -1.406318994623538630e-03 2.618240790109864664e-03 2.340494950939433355e-03 2.202355524861017845e-04 5.315761765004796066e-03 2.566033514162291418e-03 4.910483033067385627e-04 -1.351472376715625104e-03 -2.608185463255102091e-03 -1.599213839080515292e-03 1.254919340663903076e-03 -7.713512666227433957e-03 -4.654684982318511985e-04 -8.954714042452693173e-04 2.799872614423979701e-03 -2.214700782763961723e-03 -4.525838550780590316e-03 -1.159804158675220272e-03 -4.125223386145426743e-04 -9.868589770774681587e-04 -6.973052029145112955e-03 -2.167172853543222841e-03 -2.541289938584086281e-03 6.159207423955002979e-05 3.654554027226796734e-03 8.329766902627966027e-04 -4.291562852789887819e-03 -1.518509818969296810e-04 7.611815837401668047e-03 8.763696742863372885e-03 -6.407055608961673664e-03 -2.428947817153318672e-02 -3.801380049200597626e-03 -8.621286175479175168e-03 -1.842370962556191816e-02 7.901133810551757078e-03 -2.243970906647048966e-04 -9.327403234308799421e-05 1.388071131320992328e-03 1.029288796281800644e-03 -2.886108906914481957e-03 1.591726076528741365e-03 3.162138794671572571e-03 -1.812978977350092813e-03 -3.946459015464206556e-03 -2.065558114497375013e-03 -1.010496211801139611e-03 2.811920349716263848e-04 4.538687109156686311e-04 -1.999342722496476148e-03 2.643629023938884499e-03 4.207609689731708555e-04 3.780005026605466004e-03 3.175835387126031868e-03 -7.214717577640335569e-03 8.857358684119765249e-03 -1.449519687211001670e-03 -3.695622059631449921e-03 -2.825969529549500394e-03 7.901560630920740746e-04 -2.029115070619023388e-03
0.000000000000000000e+00 0.000000000000000000e+00 0.000000000000000000e+00 0.000000000000000000e+00 -4.306766616301525288e-04 4.999708636065395510e-04 4.524730542878225041e-04 7.252409437305569603e-04 1.311248049568756752e-03 -1.521580421349709488e-03 9.061867521116269419e-03 5.434652710524050939e-03 -2.651224956847546277e-03 -3.734403007617250435e-04 1.332613892126321888e-03 -3.609976364655645507e-03 1.775304310910890554e-02 7.769219416077991457e-03 -4.831654628000516677e-02 4.607812739008007759e-03 7.856308154764237231e-03 -1.458655731882444514e-03 2.068066191746687280e-02 2.566126529541151984e-03 -6.475109517196421267e-04 -7.088199151492026928e-04 -2.047745714627680069e-03 1.941558970396115589e-03 3.497178662060258271e-03 -1.521610459877256998e-03 6.104544966016383582e-04 7.166535310616063172e-03 -6.722054700812455687e-04 -2.818243140568087884e-04 5.868358753528275101e-04 4.810325011082570469e-04 -3.427909882397781396e-04 4.062104917256965236e-03 -9.289692232283624194e-04 -1.597023046807968675e-03 7.854779009378377082e-04 -5.631345890195610642e-04 8.913357815019605198e-04 -3.529433213293602404e-04 -7.115957463741974520e-03 -1.074039823745938805e-03 -1.695307615018037646e-03 1.676823519784827838e-03 -1.705963091309034996e-03 2.685565337418303802e-03 -2.394394031579298414e-03 -1.764093834959095785e-03 1.742866895346946465e-04 1.733915184728999611e-03 0.000000000000000000e+00 0.000000000000000000e+00 2.300662598591628227e-04 -7.837651267199954603e-04 2.937086608378743319e-04 2.505935522352285925e-03 2.362422905250406355e-04 -2.179884249398843579e-03 -3.199318751328424776e-02 4.068455338774772459e-03 8.057129920284908614e-05 -4.975592053984216438e-04 6.780317629507475559e-04 1.401814659625272731e-03 1.348965196674975823e-04 4.609959026339825999e-04 -2.250270478193607069e-03 4.069688968393617916e-04 -1.949961833788812137e-03 1.804520394189843523e-03 -1.254101772587217867e-04 1.811185857285075489e-03 -4.604806459973909247e-04 3.599299819873381674e-04 -1.575468109465143988e-03 -3.301079837572594672e-04 -6.870987269007106850e-05 -3.612773391881386395e-04 2.780954646568635415e-03 1.075467748270194160e-03 1.599298638322550065e-03 2.040730989002110390e-03 -5.098997801780465883e-04 -2.344001218056260293e-04 -6.702130737898791702e-04 3.362391726300885484e-03 2.951679649707464716e-04 1.055011637240140876e-03 1.205007150229930727e-04 -9.859865339368234678e-04 6.730566470580499373e-04 -1.029453726098010301e-04 -5.950878967954760989e-05 8.110896314533749124e-04 7.188503988955751171e-05 -6.306737286788752662e-04 -8.494904070157821888e-05 3.139909027396341028e-03 -1.109846006354278268e-03 -2.734767485032860157e-03 -2.008756374757959904e-04 2.977820977254056704e-03 6.654557379947538889e-03 -6.481610715606215406e-04 -1.651504276065696858e-02 -1.506496283785786067e-03 -5.008646097874121413e-03 -1.457175187010631163e-03 5.275352584405700561e-03 2.187982458938662889e-03 -5.655013347612328862e-04 1.739698294713383931e-03 -7.197010396747169619e-04 -7.608958127485767036e-04 -5.286731539344417027e-04 4.372494794626573082e-05 -3.258625319397045290e-04 1.043720299912736724e-03 -1.742000439143050053e-04 -7.993511114835409430e-04 -1.993120062600960574e-04 -1.018184495043106383e-04 8.846417475845213358e-04 2.655322287031725102e-03 4.964907544279255520e-04 3.642182060857971650e-04 -4.597954726165014204e-05 9.486337812545542203e-03 1.921595344226662049e-03 2.306677611606353269e-03 -1.497819058712223077e-03 1.181248374469390586e-03 2.633489089975135991e-05 5.755162922326420398e-04
0.000000000000000000e+00 0.000000000000000000e+00 0.000000000000000000e+00 0.000000000000000000e+00 1.157600744177387890e-02 1.361136839968808167e-02 -2.380342882486554887e-02 1.379692893810266757e-03 3.436660572805094738e-02 -1.132608789030831870e-02 9.251114584231558483e-03 1.386016124328220793e-03 6.562476610717664360e-02 -5.589759826620474027e-03 9.974760049324989455e-03 -1.005186249654810640e-02 -1.340187090464775750e-02 -1.270355376783503971e-02 -5.503261191732744528e-02 5.287592700146516098e-03 2.230467629078638700e-02 -4.784624902361765512e-03 -2.792846504317803534e-03 1.782595412935144077e-02 4.905128140642078111e-02 -4.831173904545653895e-03 1.514598187612180595e-04 8.358764124755026920e-05 -8.170538664492521530e-02 -6.039864501688297499e-03 -2.039930979195507467e-04 -6.722054700815323401e-04 3.262611312137876640e-02 -3.259165566564131179e-03 -1.044239684044977710e-02 -1.473770702607219265e-03 4.881614290925531327e-04 -8.085781079111563005e-03 2.628527111748502239e-03 -2.758746689261906953e-03 7.615424745435983534e-04 8.263231748527419956e-04 9.591838136081209335e-04 -2.394823025608504600e-04 2.342810144255186022e-01 5.764277332246101233e-03 3.458382638149558232e-03 -8.984336568215177052e-03 7.940962464882945701e-03 -1.103169295899591833e-02 -1.534548733698940957e-03 5.481300870244981693e-03 -2.311705132011749675e-04 -6.145666344145201201e-03 0.000000000000000000e+00 0.000000000000000000e+00 -1.781512368593900046e-03 8.169946278939054125e-04 -9.819626061971830147e-04 3.435233838991035710e-03 -5.570885208500311447e-04 7.304639943610163021e-03 6.084261274322622093e-02 -8.877990355970498404e-03 6.024639968771583172e-04 7.931711084489615751e-04 -4.482494645283613714e-04 -2.374156249816509155e-03 -1.229975889900587261e-04 -2.746832697646625632e-03 -2.362527080139140666e-03 3.164026836059693278e-04 9.570957278172636347e-04 -1.060897072508572162e-03 3.948116269625912304e-04 3.852631388465855428e-03 -1.070456381407982683e-03 -5.746383862000137375e-04 -1.246118545942787037e-02 -5.833891315359005306e-03 2.134888116218175370e-04 -1.885037538090914488e-03 2.019630568024535083e-03 -1.419442072102817783e-04 -5.540995149639329955e-04 -2.812586359566602787e-03 7.198443958596385545e-04 1.368706156201164549e-03 2.300030982044365532e-04 -5.861752893202537399e-05 9.436689265783902865e-05 -1.060475022260438677e-03 1.087473358196759622e-04 1.553819741646085377e-03 1.833927674738749744e-04 5.479423728046292283e-04 -2.750569766657106306e-03 2.438208191936389827e-03 -1.396152484253761119e-03 -6.143547365476897948e-03 -3.024988242637355568e-04 -4.910273510198271373e-03 2.290949428341892795e-03 5.229807843898332670e-03 1.009815833360170213e-03 -5.964772368885281825e-03 -6.641172272935731702e-02 3.366408109371436808e-03 1.013423557180992973e-01 5.007817779087450280e-03 2.858732601210142721e-02 -1.102260324737511579e-02 -1.119173973324508534e-02 -7.606884224800697543e-03 1.521216533710489363e-03 2.182447422769003519e-04 -7.738926355916759528e-04 -3.451402221447587380e-03 -3.008901591782851045e-03 5.047202305840663324e-04 4.227076997813406303e-03 -9.846023636626958370e-03 4.135120121694180716e-03 -4.356277234107867186e-03 5.152995489869314225e-04 1.112062329571161627e-03 3.353206630294970365e-03 -7.568685584306501096e-03 2.489682105257579785e-04 -7.687294664258774186e-04 3.244420677099918698e-03 -9.191926678269088033e-03 -1.344162877970086047e-03 1.731948488776429785e-04 -8.462038265449290872e-04 -1.812760614239881463e-03 -3.396226285891157447e-04 -1.483504927340683699e-03
0.000000000000000000e+00 0.000000000000000000e+00 0.000000000000000000e+00 0.000000000000000000e+00 -1.213441033518014057e-02 4.398850332858202095e-02 6.337186470226195516e-03 3.801801801481775878e-02 3.225293241614500712e-03 4.695900020240637018e-02 1.481479761761613466e-02 -4.823302561193925329e-03 -7.837317361145795455e-03 3.805646030546071257e-02 2.693167651170648002e-03 3.695115370458278148e-02 1.667659544578670855e-02 -1.025923379311528306e-02 -1.408915784335523502e-01 -3.776627411055053993e-03 3.839202394220277842e-02 -5.201494282508220893e-03 6.330695303094556470e-02 7.876508248311443403e-03 -4.680276170679040920e-03 3.634773315894079815e-02 2.943910606724067900e-04 -2.053590101868421353e-03 1.076753777452582259e-02 3.704686000455465616e-02 -2.624541246262333642e-03 -2.818243140559879389e-04 -3.259165566562352654e-03 4.750646674778037648e-02 2.074460685235177820e-03 3.823776253217474330e-02 -9.264264873289466701e-04 -2.033290817522377322e-02 -1.449440941880676074e-03 -8.748590448264044906e-04 -1.185139835476515429e-03 3.364291939779928079e-03 -3.172117339046121379e-03 4.911323264387107250e-03 -4.210457033239641683e-02 3.984427381347140085e-02 5.539293249140595995e-03 8.754432060896929352e-03 -3.510639596298944978e-03 -6.912785726842879570e-03 -3.608248918457593389e-04 5.604051309025761228e-03 1.331275915513503803e-03 2.773084617904664380e-03 0.000000000000000000e+00 0.000000000000000000e+00 -2.274131490564410257e-03 2.355159606893850557e-04 -2.574786914597572505e-03 3.496051142791815718e-03 1.595474344297738477e-04 8.416045792848415863e-03 -2.238505399092448334e-02 -1.201732013730483391e-02 9.203557810768124743e-04 2.708630921646216442e-03 -2.958418876852187632e-04 -4.566927285942217959e-03 4.697104975927587727e-06 -7.414568008626022493e-03 -1.450220480460013357e-04 1.081631902851386100e-03 2.547542878469679240e-03 1.914663348345637750e-03 5.119793141778260876e-04 3.218355789252221304e-03 -1.492223704405671800e-03 1.059304483651181666e-03 -1.635753245248329837e-02 -7.285374059669071610e-03 -3.972853893782543459e-05 -6.168091898515606214e-03 -1.621517958232220405e-03 1.743935345888255543e-04 -2.097433928873308675e-03 -4.044685301177152999e-04 1.185813215020117134e-03 8.851017731646176239e-04 3.138511494264213404e-03 5.578805675344653513e-04 4.052298013188952502e-04 -3.337819569124469456e-03 7.085844051290070061e-04 3.113535266208486852e-03 1.492384929317569324e-04 1.478396623372387007e-03 -2.612874919236579489e-03 8.647013442832284999e-03 -4.773588111987877680e-04 -3.969027568087411285e-03 -4.877422553116828670e-04 -7.781004158293877357e-03 1.021099638105053310e-03 6.911537707405631184e-03 1.309175481446617044e-03 -1.001448401590548584e-02 -8.904197691950319071e-02 6.312672538468092238e-03 1.332602914746607858e-01 6.746113040180823708e-03 3.392959287217082315e-02 3.041988300459938965e-04 -1.433768389069266583e-02 -1.024881633107602684e-02 1.621244755848119971e-03 -9.976988824209811080e-04 -6.591857930400358331e-04 -3.332110000343182620e-03 -4.187815442507874207e-03 -1.234149389735119534e-03 5.269709242997850165e-03 -6.965668541954002022e-03 5.871796774235893586e-03 -4.538311990564217191e-03 4.256748828475801069e-04 8.731107288742200609e-04 4.438681945461656758e-03 -9.908446310230203946e-03 -2.207283620872018879e-05 -2.942427441889754452e-03 1.116767079927990288e-03 -1.031420245397426418e-02 -6.711859671591585870e-03 1.010190406315687479e-03 2.205866660654066079e-03 -2.948363293642793743e-04 -1.163931618401432486e-03 -1.306291575184541712e-03
0.000000000000000000e+00 0.000000000000000000e+00 0.000000000000000000e+00 0.000000000000000000e+00 -4.679374388095131586e-03 -4.247721138799629217e-03 8.630320642683693075e-03 2.167377103667184491e-03 -1.111343491836325539e-02 5.487462259420780239e-03 -1.330824238366572123e-03 -7.477602748494838669e-04 -2.396332698791376475e-02 3.378586403372091634e-03 -1.172659508475539175e-03 7.086222891053786839e-03 2.030799736238153921e-02 2.731257438816773672e-03 -5.237408905422177158e-02 -3.365148052967526730e-03 2.794410964952029515e-03 -3.262363292319359585e-03 3.002827380937586610e-02 -7.823484727094256672e-03 -1.664003752920694204e-02 2.267558036829537930e-03 -4.540559780814239872e-04 2.566596125688148022e-04 2.945973490690700566e-02 3.276272811501085725e-03 8.991302975593882000e-06 5.868358753528164513e-04 -1.044239684044940414e-02 2.074460685235502214e-03 5.362002215548154239e-03 1.244106917471724709e-03 3.282249391424077825e-04 -8.808324587652916100e-04 8.348519272296894660e-04 -1.027787609515435577e-03 6.187055919195582829e-04 2.274044579094617550e-03 3.442640451909874388e-03 1.115874713102164113e-03 -8.723193902512056674e-02 -3.397752207642515572e-04 -1.876794684801149369e-03 2.752434067181593839e-03 -2.211420216887774633e-03 2.998100315433027858e-03 7.455849327360551497e-04 -1.599617312426390974e-03 -9.687136927715624536e-05 2.083839150967757049e-03 0.000000000000000000e+00 0.000000000000000000e+00 4.195634817694850584e-04 -1.735555559276368389e-04 3.888008692370670543e-04 -2.803140562867615336e-04 1.247529065649317676e-04 -1.418029181721722643e-03 -1.391039333735010625e-02 2.073255808198296024e-03 -1.516080140975304509e-04 -2.245941171035684039e-04 1.036182862952083619e-04 5.954555884742343454e-04 4.765547482369990708e-05 1.013377308552272475e-03 2.876065167852295563e-05 -2.392384850470059398e-04 -7.994512861611107173e-04 1.727124363100369236e-04 -4.484645567482049193e-05 -8.766757024431433027e-04 1.796104100278108544e-04 4.060826957223577548e-04 1.523426641832731961e-03 1.569508210122413667e-03 -8.195452604951850213e-05 7.486002950491653114e-04 -9.495603762693244365e-05 -6.086449368039855497e-05 7.052439278836513531e-04 7.982684476848290762e-04 -1.787794948306382198e-04 -1.495992252112366924e-04 -2.928627789918263015e-04 2.742165394690136552e-04 -7.835043482507027149e-05 3.376083870225205690e-04 -4.825771456181298432e-04 -3.639634783042450315e-04 -2.022481673851455719e-04 -4.166316414990180119e-04 5.308454504572098940e-04 1.365400727399363248e-04 2.611545662447470957e-04 1.683320663344026061e-03 5.974952656874538739e-05 1.562847250603591719e-03 -6.861484797744078420e-04 -1.502172290517068487e-03 -2.012507640221624164e-04 1.812550937827510540e-03 1.248288217382523269e-02 -1.061618310636856582e-03 -2.016225179989277264e-02 -1.391052669764892029e-03 -6.546111777419488451e-03 2.871790509014329317e-03 3.508146902394768899e-03 2.110434127606189512e-03 -3.055982599461512712e-04 3.565896880129305196e-04 5.977666929538502888e-05 7.392254917160481255e-04 4.259506091934736876e-04 -2.660175704367270539e-04 -8.424856497197821207e-04 2.428024506678709820e-03 -9.156038085369334455e-04 7.847822092889101316e-04 -9.362786125505413466e-05 -2.841311580388066718e-04 -4.628907479144042723e-04 1.900484937146756275e-03 4.064258765575875273e-06 3.794390040602957977e-04 -5.648896038082901021e-04 3.412300271863018264e-03 5.149022942337114217e-04 7.361131157094551376e-05 -3.538012507625464117e-05 4.515414218669115947e-04 2.626938218357741713e-05 2.276715118202121170e-04
0.000000000000000000e+00 0.000000000000000000e+00 0.000000000000000000e+00 0.000000000000000000e+00 -1.158660973244976695e-02 4.472402497334657112e-02 4.983149644254204758e-03 3.697643779930794017e-02 2.932511980187291201e-03 3.978927468797135297e-02 1.582255152965832135e-02 6.782422514673621403e-04 -4.345175864058258702e-03 3.692221554620288976e-02 3.710036096611703011e-04 3.968869469714585846e-02 -7.937533004637446765e-03 -6.254286123890868444e-03 -6.633234133379958819e-02 -6.924788304796737626e-03 2.682254717191702789e-02 -1.456422857436195754e-02 2.742193115154964791e-02 8.404371585352690688e-03 -4.507029593912744575e-03 3.479844331008209724e-02 2.594873193705765657e-04 -1.220528999149285681e-03 7.466389326277706601e-03 3.563951271444734670e-02 -3.046054226425614665e-03 4.810325011090202168e-04 -1.473770702605100517e-03 3.823776253217801846e-02 1.244106917471019327e-03 5.076247992309641105e-02 1.083957766384871339e-03 -3.394530994358441189e-02 3.669576477425359902e-04 -1.585465397067248663e-02 -3.355803850380370372e-03 -1.479998471452660669e-02 -4.352115649457937233e-03 -1.044465953982321067e-02 -4.635130542123598596e-02 4.273680305119005596e-02 3.550676804975756197e-03 5.593949592999601650e-03 -4.230417898573654058e-03 -1.093407055605264029e-02 -1.027912529209772975e-03 -2.219459260683317829e-03 9.858408988170910478e-04 8.674803798432108217e-04 0.000000000000000000e+00 0.000000000000000000e+00 -1.717404333343346698e-03 -4.456169678688735587e-04 -1.974430497047755060e-03 2.804880988285960060e-03 4.997652217342936831e-04 7.765430541236803021e-03 -6.854722915608414680e-02 -9.794257603715602473e-03 -5.435893627900783903e-04 2.257085672749771076e-03 1.109835876398216275e-04 -4.072114353028240263e-03 1.678008549020013355e-04 -5.557327189053052653e-03 1.252686817998253043e-04 4.942780621441421676e-04 3.299250563286436908e-04 2.088500550395567743e-03 2.549699806920920596e-04 1.012693848888031973e-03 -1.219315998565792016e-03 1.051010315779533173e-03 -1.067322978777671995e-02 -3.961833127625690072e-03 -2.594180826915267780e-04 -4.267049701295061274e-03 -1.511367212613997377e-03 -5.500640944494139583e-04 1.285378135251415100e-03 2.185367270783987589e-04 1.137710877050302286e-03 4.162447131599907187e-04 3.935369764490590817e-03 7.631773368755561792e-04 5.182913425009005133e-04 -2.485876154744943133e-03 5.062328495914285818e-04 2.815637096436914184e-03 2.414956309690227893e-05 3.363478002007166392e-04 -9.795930811309478368e-04 7.507139114844655833e-03 8.584601369114190682e-04 -1.131512610055711125e-03 -3.780360596660157775e-04 -4.273366984618322435e-03 -9.247086700720139312e-04 4.368713081283312309e-03 7.079561351898881836e-04 -8.067176565284779610e-03 -5.304159462431141947e-02 6.251087698061896271e-03 7.499861798095339149e-02 5.154360996343394265e-03 1.963185466347135491e-02 5.782186390904326193e-03 -6.149502772121508490e-03 -4.137177900213595202e-03 8.569417030047734880e-04 -2.423156834306177624e-04 -5.451689149196058517e-04 -7.863693010466094946e-04 -3.246806360322556165e-03 -2.197700066664193611e-03 3.661320828501950665e-03 -2.179535533675675939e-03 3.842101543387986626e-03 -2.451132029015455800e-03 1.978795574908386024e-04 1.352155599899112386e-04 4.121638413057379484e-03 -5.142846315711070530e-03 -1.870632765177716872e-04 -2.961742025942373097e-03 -8.918296364952275250e-04 2.867313811837675884e-03 -7.015469378134928623e-03 1.931112414200507679e-03 2.277163425288813298e-03 1.656032536354764195e-03 -1.405167520027625913e-03 1.193463369345436256e-03
0.000000000000000000e+00 0.000000000000000000e+00 0.000000000000000000e+00 0.000000000000000000e+00 2.750360757534445200e-04 1.199738446965691995e-03 -3.632996196330080764e-04 -4.800221476212484834e-04 -6.315116644128523915e-05 1.091471358439966835e-03 -3.374178865443593664e-04 -1.105788020584937527e-03 2.686667282482864687e-04 1.534347189210253943e-04 8.870112888598377914e-04 9.774957999582317009e-03 7.000498586767603219e-03 -8.749102723589877173e-03 -2.196064125331786965e-02 -9.519166553716236837e-03 6.706395017511081538e-03 -7.883254614227390433e-03 6.595906426280773172e-03 -1.176649660527290774e-02 1.566633284041258397e-03 7.307784871672628449e-05 -1.271892258350268640e-03 5.464360709048351420e-04 -2.448457038417997753e-04 3.466714501233244660e-04 1.608175619761851530e-04 -3.427909882397958664e-04 4.881614290933496960e-04 -9.264264873263058789e-04 3.282249391419691143e-04 1.083957766387835548e-03 1.296474654938950359e-02 4.936818488238697454e-04 4.956686035796444879e-04 -9.958464603670848323e-04 -9.684053943123538551e-05 9.733350042676799582e-03 9.574404264375477574e-04 -4.153840908071933409e-04 2.365222679098258687e-03 3.591991317873965213e-04 -1.283049218724087752e-03 -6.050660381596167231e-03 -7.604767836992365297e-04 1.065349443890716875e-03 5.515536909930134415e-04 -5.131999776969402164e-04 -7.815293050665261766e-04 -2.650394911431124944e-03 0.000000000000000000e+00 0.000000000000000000e+00 4.984103268684016153e-04 1.637957177160465332e-04 4.443921025916825417e-04 -8.504975406287550600e-04 -5.444847915316280290e-05 -1.787213001490314823e-04 6.202033002350126195e-03 7.986712620633682229e-04 -2.845882762312775503e-04 -6.545232345864306382e-04 -4.752402706775137519e-05 4.957227769508663635e-04 -5.244048445770004338e-05 1.612700522160598294e-03 -5.513559687108362736e-04 -7.211780958811531139e-05 -1.904122269751065623e-04 -1.009109961048125200e-03 -2.086313706881737890e-04 -1.181966435583500265e-03 1.395816617885263814e-04 -2.851647970980614069e-04 5.093111391666512583e-03 2.053152352305585675e-03 -5.576214471702407567e-05 2.118211065131400325e-03 -3.350825569300558394e-04 -9.502379084930363774e-04 1.405004968995524506e-03 -5.952465121586825560e-04 -1.473388858260163306e-04 -1.166050854609897109e-04 -2.904268063656036169e-04 -4.566481257365983615e-04 -3.191149259683970186e-04 5.458091253649083058e-04 -1.102119736540647195e-03 -4.595314231521778502e-04 -5.333451340008593016e-04 -4.898627117116301482e-04 1.079140062017643759e-03 -1.005666646756515643e-03 5.642300697444230023e-04 2.075828892626182653e-03 6.042697833095033041e-05 1.300541404171151084e-03 -1.382796195580361740e-03 -7.144253214028449626e-04 -2.863512239990131415e-04 1.485449014310382537e-03 1.871618537963079532e-02 -7.830134405811383508e-04 -2.965310517722748868e-02 -1.156399988895900075e-03 -8.995127195160809719e-03 1.059079301900287418e-03 5.798766528367833330e-03 3.620520976913265462e-03 -3.960086603803315754e-04 1.605560820984670075e-04 2.878274208877142147e-04 1.765984746462891239e-03 1.200928133213821029e-03 -6.929331609102790937e-04 -1.259423783366627608e-03 2.584109700504217365e-03 -1.536804859488761100e-03 1.319679043771795251e-03 -5.768486226086158038e-05 -3.345229949723789215e-04 -5.681898476566287848e-04 2.491411934977980254e-03 -1.288896952410683618e-04 7.211240980561744703e-04 -8.630835551108296481e-04 2.393169641358854592e-03 1.606596310312968312e-04 -1.068651127914643827e-03 2.258526124369830907e-04 1.998619887886839770e-04 2.917530795073882050e-05 3.188791773591880398e-04
0.000000000000000000e+00 0.000000000000000000e+00 0.000000000000000000e+00 0.000000000000000000e+00 1.740020291935372252e-03 -2.641127059737840427e-02 1.813924591932734778e-03 -9.146761059658852291e-03 -2.312219416681513331e-02 -3.012894886860858525e-03 -7.535334394072086550e-02 -2.652401183230009701e-03 -3.656937871237197352e-02 -1.870620197597970200e-02 2.180773094223751804e-02 -3.052494390358687429e-02 3.092370262841469541e-01 5.278314667160829282e-02 -6.566784881508782590e-01 1.699271644684534691e-02 1.606625475368402001e-01 7.650384885884962960e-02 3.718888266927818931e-01 -4.765502719704137885e-02 1.030044263037044848e-02 -1.278934248538968893e-02 -2.405265890857875843e-02 1.992323968452833910e-02 3.650704902070466690e-02 -1.716497210916733546e-02 2.048911354233152321e-02 4.062104917255159389e-03 -8.085781079108267030e-03 -2.033290817522959842e-02 -8.808324587680615297e-04 -3.394530994358429393e-02 4.936818488264746495e-04 5.550385533048597386e-01 4.639131579652526829e-04 4.059595557451216308e-02 -1.243545444685667176e-02 1.259811649821974099e-02 7.548420968622043814e-04 -3.985513432700045489e-02 -5.079094419566483609e-02 -3.784484810954403394e-02 2.089906848835116140e-02 -5.934810156478189519e-02 -2.804651770461338151e-02 3.597863762378739755e-02 -6.747579068203525370e-04 -1.516083246691425634e-02 -1.845937678282152418e-03 -3.491639236227823267e-02 0.000000000000000000e+00 0.000000000000000000e+00 9.082203934769024836e-03 -1.044504098054565471e-03 1.382612644359109202e-02 -7.089573310807132690e-03 -2.982450519252429454e-03 -3.622040777275804119e-02 3.769939576414710336e-01 5.376807576020534163e-02 -2.629056867682567564e-05 -1.325941225675061202e-02 -4.792205804862536113e-04 2.030293697812081063e-02 6.024306995632293295e-05 3.560757548522925503e-02 -4.925194248201945034e-03 -9.910652025183234667e-03 -1.218014010978393791e-02 -2.191477401782033693e-03 -1.645016526427292829e-03 -5.239263569811685763e-03 5.977837558803118963e-03 -7.426421981589015689e-03 5.486556225650111168e-02 2.869922257996933290e-02 1.315619896393174174e-04 2.768057764961800657e-02 5.118966851595354098e-03 -1.605921541238564771e-03 1.983195935217082692e-03 -3.838144914345767433e-04 -7.570588020186614156e-03 1.675801185385580785e-03 -2.801644952017110293e-02 -1.424327204656003487e-03 -3.181349190886148016e-03 1.904592892065847323e-02 -7.174152315644437283e-03 -2.100134935495435659e-02 -5.042772964887420016e-03 -9.534443045222254845e-03 4.412483109609052767e-03 -4.239078468959762980e-02 -1.634837103484714817e-03 4.573847910763271900e-03 1.290893156019443880e-03 3.191124412751950717e-02 -4.964868534535525971e-03 -3.286824813299504822e-02 -4.889657811987476767e-03 3.702795574776597542e-02 3.186267226755712945e-01 -2.150434399605553534e-02 -5.323576477406148921e-01 -1.956588367120975017e-02 -1.292443037806547124e-01 -3.811107765907263689e-02 7.603356676605092790e-02 3.927263294783896880e-02 -4.753259109221807076e-03 6.030242634299323029e-03 3.168528182016193233e-03 2.260506668826996624e-03 1.612892073748186175e-02 8.587386118140125091e-03 -2.027498795721944039e-02 1.219829896854995877e-02 -2.231471703743683269e-02 7.373045224201820250e-03 -3.432251200136890446e-04 -1.824636695252722287e-03 -1.579840742152568631e-02 3.651990165210963757e-02 6.137371228312932551e-04 1.224763637107757069e-02 1.655850396857679475e-03 2.809158169954878437e-02 3.921003332363669214e-02 -6.137273616478634581e-04 -1.529613427775893854e-02 -7.332810816787580649e-04 4.140007861394132474e-03 6.882390171141916993e-03
0.000000000000000000e+00 0.000000000000000000e+00 0.000000000000000000e+00 0.000000000000000000e+00 1.107040629140832637e-03 -2.262464873817405207e-03 -1.079273325660165669e-03 -1.895911511410102324e-03 2.159813933992018719e-03 -8.458686136386449426e-04 -3.344209901258232438e-03 -3.474908249731400566e-03 3.319538187035042318e-03 -2.084229548256834839e-03 1.795091275700240159e-03 1.117854714345662727e-02 7.077596505583884888e-03 -1.792862507806647007e-02 -2.672415189185543827e-02 -1.260894739261471040e-02 2.537885596283496244e-03 -8.526902864204804339e-03 1.166124073143404855e-02 -1.325582269403307797e-02 4.057536935331184508e-03 -1.891646963920037838e-03 2.181470618086045910e-04 7.075493464972705711e-04 -4.280589552721154878e-03 -1.925742757464740705e-03 7.576025789225309141e-04 -9.289692232281637936e-04 2.628527111748644486e-03 -1.449440941880802925e-03 8.348519272296309190e-04 3.669576477424779312e-04 4.956686035792275038e-04 4.639131579661913852e-04 9.231236396654535908e-03 -4.130445488210058268e-03 -6.784949413931759500e-04 -1.167154206088088716e-02 6.795285612154728684e-03 -7.614043817041232006e-04 1.617596191658042179e-02 1.208668496642671631e-03 1.438984017135361629e-03 -4.166864225843368470e-03 6.089236274398405514e-03 -2.990916109034655150e-03 4.202323708869776242e-03 -2.313991760192275066e-03 -5.979179108149510228e-04 -3.648819023591514787e-03 0.000000000000000000e+00 0.000000000000000000e+00 -8.008372299533102895e-05 4.296795070409262576e-04 -1.343878900572645676e-05 -7.881393797356497010e-04 -3.866062711838408501e-04 -1.374490271678836242e-03 4.997298959545198177e-02 9.181870226669878576e-04 6.555922122937927685e-04 -3.180050169793887630e-04 -3.146167900616114949e-04 3.299019952666598426e-04 -1.848410549103498277e-04 -5.269293628761964268e-05 6.662840092706912628e-04 4.408144753135384043e-04 2.371614117263371076e-03 -1.310382574504894305e-03 1.424996464762379178e-04 5.879523395744319257e-04 3.518949782826451072e-04 -9.710616799157252349e-04 -1.104406896065751598e-03 -7.470010484338873930e-04 2.348392376589772206e-04 5.538764196809158004e-04 -8.108679583940289878e-05 -3.337447243937257985e-04 -3.320389149678353458e-03 -1.328112096885797561e-03 -3.894975582338505580e-05 4.354438445229655145e-05 -1.027097501960866572e-03 -7.495620552633345483e-04 -1.273621392702787452e-04 2.161308727509223459e-06 4.368655427360001705e-04 -1.808779804864682440e-04 1.695775067180603263e-04 4.925747765465080495e-04 -8.865040540890654561e-04 -1.754983747731054698e-03 -7.835672024229191259e-04 -1.947859719387537523e-03 9.359317794418436768e-05 -1.360127866222368177e-03 2.276072372302579468e-03 2.761770658688526446e-04 1.582247064411469489e-04 2.399259778309868751e-03 -3.432114656067397889e-03 -3.555191970237473343e-03 1.383200155811325008e-02 -2.165992594768033266e-03 3.432917564331584674e-03 -5.824074579078655084e-03 -4.287986847379259350e-03 -3.378578463619729116e-03 2.155878808030406055e-04 -5.610047878813132893e-04 -3.572320964529700931e-05 -9.546064081742350674e-04 6.840551303965193564e-04 1.543785497568222510e-03 -2.741524111632472754e-04 -3.024513968069328200e-03 -2.374409826466618518e-04 -6.995300640823772821e-04 4.767260712604160682e-05 4.217955366713064440e-04 -1.512264150863350601e-03 -2.060340973362906683e-03 4.441307436828331073e-05 9.812076216902671909e-05 1.501499935302128387e-03 -1.054160104882940520e-02 1.781382332511189780e-03 -8.507970018100197238e-04 -2.012620526574320564e-04 -1.219305198072187946e-03 1.952259192858248331e-04 -1.020959262733510398e-03
0.000000000000000000e+00 0.000000000000000000e+00 0.000000000000000000e+00 0.000000000000000000e+00 -1.085037405159148269e-03 -1.802356317565293256e-03 5.150088843913999161e-04 -6.050049828188013012e-04 -4.268838693839635545e-03 9.298014195773910166e-04 -8.130459073245742407e-03 -8.459918516621869932e-04 -4.369134040894361894e-03 -1.830629264337024342e-04 5.308684371359111143e-03 -1.766228498655275994e-02 5.014597494309978171e-02 1.699709536697634540e-02 -1.832488222717023885e-01 1.515588716976528326e-02 1.153055719183856617e-02 2.759527206265588450e-02 8.505099858139629487e-02 1.082447969479513258e-02 -1.879941895648787982e-03 2.387805358519934015e-03 -2.235244799538595975e-04 2.799079153645424398e-04 5.838134210920715821e-03 4.133452687498498693e-04 1.141177181046729855e-03 -1.597023046808162530e-03 -2.758746689260954156e-03 -8.748590448269301118e-04 -1.027787609516315733e-03 -1.585465397067117518e-02 -9.958464603664035197e-04 4.059595557450591113e-02 -4.130445488210059135e-03 7.756479171430308295e-02 1.158296611216091260e-02 -7.161888961810219782e-05 1.910619062851319754e-03 1.523445232037570415e-02 -1.748725762131802045e-02 -8.984132321059871973e-03 2.508662048901779372e-04 2.574150664774960216e-03 -1.133132249861889054e-02 7.355263974628859294e-03 5.415375046417746432e-03 4.517657264046752788e-03 -2.470572956434281581e-04 2.706653085962382015e-03 0.000000000000000000e+00 0.000000000000000000e+00 8.065415620916784609e-04 -1.603808532375722293e-05 6.374239722093239229e-04 -1.864751533874029832e-03 1.644723289968697322e-05 -3.041963275195798400e-03 9.211256003264500780e-04 3.475794537223198585e-03 6.268531199891616426e-04 6.747865839843800325e-05 1.906944848574398835e-04 1.699556932417427627e-03 1.092215248347760960e-05 2.256620922817875480e-03 -6.885777896288483146e-04 -4.194709720721828596e-04 -5.218039975333293133e-04 7.539924616637260065e-04 -3.391644541951726092e-04 -5.345369849444355068e-05 9.511722285781949119e-04 -1.545923552721476489e-03 8.140421051391498811e-03 1.576897438086191736e-03 6.915547068301118692e-05 4.803347328973125129e-04 -1.672797504908237571e-03 9.556223678694301688e-04 -1.649682291471789384e-03 8.367018167002547580e-04 -5.337219929542447823e-04 -4.291299329478334527e-04 -9.972286574080103678e-04 -9.308652836043442317e-04 -2.708122704769086063e-04 1.958940385514047061e-03 -2.405093113524720948e-05 -9.446379744682241193e-04 -7.276348635329435086e-04 -4.236758773154266711e-04 -3.007504070901318056e-04 -3.469361984699520941e-03 -7.344884974338153219e-04 2.506580424860815372e-03 1.394453036824406351e-04 2.860945764693448041e-03 -3.331081247189434345e-04 -3.014062648895362434e-03 -5.130670044780283800e-04 3.408135454404341482e-03 3.619690325627279021e-02 -2.014613955290504421e-03 -5.181148019274208621e-02 -2.489757865803497033e-03 -1.042770815687334846e-02 3.068480578823968088e-03 1.368666819792826441e-03 1.720754576771451466e-03 -4.744837629181699809e-04 -6.529813847131531136e-04 -1.845488067037162876e-04 1.974405046791112041e-03 1.696134818593668511e-03 1.296085414853392730e-03 -1.122333871113984430e-03 4.206090240598195883e-03 -1.178127834170211372e-03 1.321099207996613047e-03 -2.394112916678959734e-04 3.709295270185652212e-05 -2.069206336877713309e-03 2.796428825651598414e-03 -3.348624567343093427e-04 1.060377316753942020e-03 -2.200942486750172343e-04 1.731764454494247145e-03 8.231173576877768043e-04 -7.390255077587565150e-04 2.459505014323533530e-03 -6.631296659396322549e-04 6.061403999278753695e-05 -1.639616021050117152e-03
0.000000000000000000e+00 0.000000000000000000e+00 0.000000000000000000e+00 0.000000000000000000e+00 5.046048607795445076e-04 -2.800309934728447379e-03 -1.129880045597888519e-03 9.707855400863549754e-05 -9.887336058362497602e-04 -4.147966705784591254e-04 -9.925172212208887082e-03 -1.495288421166992990e-04 -1.948066299591510921e-04 -1.732621420102852623e-03 3.986403218014617986e-03 -2.309008207378359257e-03 2.185909390779577216e-02 1.240877407236898105e-03 -1.088634076714671550e-01 2.263154452383112167e-03 8.594194341469312340e-03 9.074882948668532012e-03 4.732725269325419731e-02 -3.291528975931859793e-03 3.347830900277494904e-03 -1.283226327423815649e-03 -2.242997735925259580e-03 2.347417028968078016e-03 -6.052755738291402997e-04 -1.505910198974887409e-03 2.155711073974387205e-03 7.854779009374309156e-04 7.615424745441681017e-04 -1.185139835477043869e-03 6.187055919192522126e-04 -3.355803850380142690e-03 -9.684053943090378228e-05 -1.243545444685732054e-02 -6.784949413929587843e-04 1.158296611216076341e-02 1.249332331749501875e-02 3.179656003534409633e-03 3.645582628658679877e-03 -9.204081982717435880e-04 5.606254304618090052e-03 -1.594170325611954939e-03 -1.827887540306020239e-03 -4.650384885801060568e-03 -3.092856604852983401e-03 -5.655609235375943806e-04 7.435781685562553589e-03 -5.779654520379842470e-04 -4.568873243852747770e-04 -3.702859553593933033e-03 0.000000000000000000e+00 0.000000000000000000e+00 6.707702807528367808e-04 2.577519460151415139e-04 1.297672535299518618e-03 -1.780833635212478215e-04 -4.790213957842842998e-04 -5.253692600750908132e-03 5.905574770780341182e-02 6.565433385624297111e-03 4.324955225897856529e-04 -9.832070667662165184e-04 7.873773260441487855e-06 2.392403911126233032e-03 -1.182766800078514100e-04 2.783920273796690239e-03 -2.695552991924756239e-03 5.628009306780751254e-05 -4.993005758435391326e-04 -1.049901683267926832e-03 -8.198304166006263811e-05 2.001372855057172108e-04 4.183906581811854810e-04 -1.098461152086974537e-03 2.578904415924736845e-03 2.016555013156582764e-03 9.286961094057076516e-05 3.278315011919032129e-03 1.372027013713235681e-03 -2.557876705964292935e-04 -5.013653068671837174e-04 -1.031911023857395816e-03 -7.939782343842091781e-04 8.698204517425204966e-05 -3.090506182551959035e-03 3.246845440419307517e-04 -3.064071731988476477e-04 1.466288377070629981e-03 -9.818817559636436668e-04 -2.292289672797939194e-03 1.967111124685119012e-05 1.857944893077322209e-04 5.705812180670005642e-05 -3.244958991926996748e-03 -6.637811949051466076e-04 -2.562369964781470314e-04 1.352770998231467639e-04 3.328815886449215840e-03 1.968986905747200592e-04 -3.762828709079131962e-03 -3.111450480887512733e-04 5.810087494192447619e-03 2.123955319522174284e-02 -4.590306510121064040e-03 -3.262275984317679345e-02 -3.633588443992893761e-03 -9.231532271819824220e-03 -6.091076779021440193e-03 4.306326175478977780e-03 1.227407248391820804e-03 -3.383483426293198070e-04 2.447762582937457014e-04 -2.826697877018693214e-04 -1.700574471513281868e-04 1.420424942563231017e-03 2.234754188448540881e-03 -1.350289145198876103e-03 3.713284147243609522e-04 -1.623274897547921040e-03 5.945247224355304809e-04 -7.664289554515313298e-05 1.254817526751610623e-04 -1.874171602276761229e-03 2.907851840185862648e-03 2.548853207310468609e-04 1.853155605456877769e-03 1.465369605319247637e-03 5.506962353776451505e-04 4.693113741296470881e-03 -4.901393736238233989e-04 -1.122149485148269234e-03 -1.073501016296875450e-03 4.650161259147317198e-04 -1.581953897315208774e-03
0.000000000000000000e+00 0.000000000000000000e+00 0.000000000000000000e+00 0.000000000000000000e+00 -3.077930848342375341e-05 -3.209641890977718310e-03 2.103112653515595235e-03 3.643358558013222513e-04 2.608242779009110890e-03 -5.714479645584497058e-03 -4.779488692018499935e-04 5.832205494772117402e-03 2.743534638845939854e-03 -1.123433300755585654e-03 -4.592742770496529778e-03 3.187143527086153810e-02 -3.968222544989965378e-02 -4.080156700132900327e-02 1.408062427460922694e-01 -3.175249566921008182e-02 -3.899326835333936925e-02 -1.964832558775115104e-02 -8.213630279425176983e-02 -1.404093528434505363e-02 -4.376204975219650552e-03 4.905347922640926990e-04 1.030555614076535120e-02 2.878773690644014470e-03 -1.433424195540624474e-03 -1.361359470579853433e-03 -1.174434347537972601e-03 -5.631345890212720437e-04 8.263231748473273816e-04 3.364291939779276257e-03 2.274044579096994988e-03 -1.479998471452617301e-02 9.733350042681930894e-03 1.259811649822779531e-02 -1.167154206088032858e-02 -7.161888961597335330e-05 3.179656003534813823e-03 2.459398977017010490e-01 9.078864915846363015e-03 1.900974264583096471e-02 1.004030828894707152e-03 1.290950216217031168e-02 4.611817464609722916e-03 -1.230981094897375637e-02 1.297816836993881048e-02 -8.748890408295680737e-03 -4.050274961277223703e-04 3.008686119134864820e-02 6.791626315850358715e-04 -3.177154410987113875e-03 0.000000000000000000e+00 0.000000000000000000e+00 -1.789489920543852744e-03 2.028469198287531552e-03 -3.285266906274414683e-03 9.681819323283224338e-04 -1.691111728557311944e-04 1.230915836635599952e-03 2.389480567929377561e-02 -7.252535129974860793e-03 1.356727773050244975e-03 4.493097282294812242e-03 -6.475106726173739200e-04 -1.024631001142644162e-03 -2.948543415542026654e-04 -1.227412857735506700e-02 4.214651146813797045e-03 6.226631126629295424e-03 6.799082606142701699e-03 2.519822031688511745e-03 6.833851362316429407e-04 4.329983215102454867e-03 -1.006693418798769229e-03 9.549361845793964514e-04 -1.449225243307012204e-02 -9.491069952158995293e-03 5.087552600369228250e-04 -1.008476739630810755e-02 -2.602663651717405154e-03 3.431519194074549896e-03 -8.337673978743118108e-03 3.315218845964373190e-03 1.176110589017158791e-03 -6.042793595655799937e-04 3.702183312818828950e-03 1.812148978648303642e-03 4.212656240864452685e-04 -5.623084009673313781e-03 1.511512990330944866e-03 5.613197708114607207e-03 2.839952136630446728e-03 5.093772006067196975e-03 -2.020744448525688911e-03 1.135751618175231958e-02 -1.197907913346804446e-03 -7.346191666618132401e-03 1.545324426379262076e-04 -1.117935831725570123e-02 6.925562744874872410e-03 9.762303060964901483e-03 1.142856034224788405e-03 -5.771475956137831105e-03 -5.892901068262226122e-02 1.451954905718669427e-03 1.143071278791127909e-01 3.940963160304703124e-03 2.826171456282954020e-02 -1.848277918337276398e-03 -1.935991216796196721e-02 -1.110757582524664160e-02 1.241227809416150119e-03 -1.518348531305495569e-03 -1.642669117903684676e-03 -2.946963031856707736e-03 -2.206581211615698591e-04 7.836262306488003468e-04 2.707753011097592272e-03 -1.067932399927768936e-02 3.465797235297490321e-03 -5.649779263558888862e-03 7.113258725528026182e-05 3.103945386674748091e-03 -5.889161940811236604e-04 -1.332528705264494039e-02 1.629760092899213504e-04 -1.375641374044774901e-03 1.812429583412426392e-03 -3.588196818679403183e-02 -3.623179893232086630e-03 -2.026004163967523239e-03 1.968166510986209001e-03 -3.109792668794984349e-03 4.021074474004780112e-04 -5.625323069749082160e-03
0.000000000000000000e+00 0.000000000000000000e+00 0.000000000000000000e+00 0.000000000000000000e+00 6.736372950690608071e-04 -3.348212666050866520e-03 -8.617209352716795031e-04 -5.584890502873488417e-04 -6.797207730372979966e-04 -3.728886293355335082e-03 -4.822568582371242543e-03 5.179318394790482453e-04 -3.395087233049201656e-04 -2.710305397140939584e-03 4.633723985564251052e-03 4.280591021515359846e-04 2.341683431136543439e-02 3.715640747019736739e-04 -1.261400272504275832e-01 -1.720859282293605956e-03 1.341087157840328836e-02 -8.738077124269419751e-03 2.745195793578640228e-02 -2.396149850428258826e-03 1.880479694048758574e-03 -3.748338839492580850e-03 -8.753028621265295656e-04 1.189293203046605909e-03 -4.775377987922253906e-04 -2.740524655411810586e-03 1.183543230421609319e-03 8.913357815017417278e-04 9.591838136096648374e-04 -3.172117339044929190e-03 3.442640451909217796e-03 -4.352115649456354297e-03 9.574404264376166042e-04 7.548420968616171775e-04 6.795285612154122398e-03 1.910619062852136592e-03 3.645582628658934014e-03 9.078864915845391570e-03 2.178055042185307252e-02 -9.773242983845474401e-04 2.461316050467758296e-04 -9.999610147977679945e-04 -3.427816415613781868e-03 -1.622971336089578656e-03 4.922038688459416753e-04 -1.544970445767649683e-03 1.621971223748696917e-03 -1.375656676483186583e-03 -2.290464686368186981e-03 8.264709052385978063e-05 0.000000000000000000e+00 0.000000000000000000e+00 1.994425025281830802e-04 4.320843738455516889e-04 7.123940689191487997e-04 9.611952736448765898e-04 -4.006610974096498634e-04 -2.344163034776269340e-03 4.663902328578291290e-02 3.632333932167764162e-03 2.923273302132167913e-04 -5.237387974490956277e-04 2.653192745976687124e-05 1.622992559381541706e-03 -3.351508190822166720e-05 1.709926325956552182e-03 -1.326566924669667601e-03 4.051565741499089804e-04 -5.869007666696234114e-04 -7.001798065373098044e-04 -8.705239075293506055e-05 9.399561177630154146e-04 8.635753957856451410e-05 -5.703483850557429687e-04 -1.921115742328513912e-04 6.194628523316289808e-04 7.823403399613739059e-05 1.980023247415341713e-03 1.175816782955786677e-03 4.718919631435110167e-04 -9.735786504056300784e-06 -9.609405837626728295e-04 -5.043515855490254959e-04 4.772868651071955669e-04 -2.040814002858968874e-03 5.295485783148295295e-04 -1.143498380411615302e-04 1.674605508239285310e-03 -4.476149014094237617e-04 -1.327996513206051565e-03 6.684916617463992211e-05 -6.452121581169350606e-04 -8.800814036439803334e-04 -1.670639765360714931e-03 -9.126638989106403404e-04 -1.445215966322346921e-03 5.712502296873615858e-05 2.308304735743845794e-03 6.907319253372777058e-04 -2.139347329515739124e-03 -8.546183447214269905e-05 3.201501365018340033e-03 5.932172148725732563e-03 -2.377288430295974603e-03 -8.970214249446811089e-03 -1.288574232047275288e-03 -3.111786463191031603e-03 -2.542688177560672308e-03 1.603290121999763861e-03 2.498628898485716083e-03 6.044967725287481056e-05 7.918241203904718972e-04 -6.048398682014051106e-04 -6.041820521323796678e-04 4.179131172680740575e-04 1.746291487518929599e-03 -2.852933393615176682e-04 -7.470812103362521302e-04 -4.331291511687260622e-04 -8.222244794585365467e-05 2.667488726673456005e-05 5.224122155790000572e-04 -5.233272252846906140e-04 8.083278674610235460e-04 2.375049933654439197e-04 1.170137965987528596e-03 1.423154558994480087e-03 -1.049129092521474196e-03 3.306387843712111502e-03 2.266385824407162971e-04 -1.122067241863610549e-03 -7.144149138734072002e-04 -1.952178636292020589e-04 -9.548925687566327649e-04
0.000000000000000000e+00 0.000000000000000000e+00 0.000000000000000000e+00 0.000000000000000000e+00 -1.145889429416683831e-03 7.424427971836329229e-03 8.217682686440578015e-04 2.655413636536520672e-03 2.193310401182646096e-03 1.301170346962575788e-03 1.605548104243158941e-02 2.497905382258516424e-03 3.388097653273264113e-03 5.561442873918077436e-03 -5.615418702409917182e-04 -1.607057307257480847e-02 -1.793171822865748458e-02 1.654852937050529244e-02 8.262904116311064681e-03 2.015450854740396050e-02 -4.421998066754067452e-03 4.177273677057460888e-03 -9.066860814626944180e-04 3.272523621205881972e-02 -6.166947789052980820e-03 3.841445881785013252e-03 4.738000639172628911e-03 -4.162614544903583437e-03 -1.913486952821597279e-03 5.212650725397323902e-03 -4.269507575586954477e-03 -3.529433213296178469e-04 -2.394823025623181445e-04 4.911323264385133135e-03 1.115874713102897467e-03 -1.044465953982409191e-02 -4.153840908062867310e-04 -3.985513432699565317e-02 -7.614043817036945071e-04 1.523445232037620549e-02 -9.204081982719597779e-04 1.900974264583141574e-02 -9.773242983827493992e-04 5.335216582496078719e-02 -2.974524688623920131e-03 5.997661587927469130e-04 -1.854732152395947636e-03 1.674107131345013363e-02 5.076901385382034428e-03 -3.537252346364756057e-04 -4.907201798844748955e-03 1.085623657010856453e-02 1.658788439504844860e-03 1.882142968571554401e-02 0.000000000000000000e+00 0.000000000000000000e+00 -1.722745829385737525e-03 -3.458243943571595049e-04 -2.511703932730785949e-03 2.371919940685605476e-03 7.276238913148955299e-04 1.025990114693799658e-02 -9.077750189444563911e-02 -1.281003820698200027e-02 -2.258773379548381383e-04 2.126827813141639930e-03 7.553614065240725906e-05 -4.115336809973253220e-03 1.673355009105860773e-04 -6.220745714968573675e-03 2.768092954836962744e-03 1.313151991261682144e-03 1.749194763093782096e-03 1.262246730723463363e-03 3.446667234719141956e-04 1.625947534426974445e-03 -1.300716322439019433e-03 2.421769816660381946e-03 -1.139969958060042289e-02 -6.287826672463068568e-03 -1.725528341789992566e-04 -6.066838337792116939e-03 -1.811714083493350547e-03 8.017622280066780171e-04 1.587858088204121242e-03 1.160351366943967620e-03 1.716284192592223198e-03 2.253251546948828953e-04 5.977241995690086261e-03 7.096290724718465901e-04 6.335545086590150133e-04 -3.037799313523352127e-03 1.129278080609969707e-03 5.880574541760645417e-03 5.611719131814413373e-04 1.029258358188043804e-03 -5.110415133956214273e-05 9.923178314308375714e-03 1.446806314225800461e-03 -1.393010028427913534e-03 -2.426343058645813108e-04 -5.970672251799430050e-03 3.212229151499912372e-04 7.018862991385487436e-03 9.698471715838367924e-04 -8.393307629172157974e-03 -6.474237829976835223e-02 5.558288140039993261e-03 1.046950780881361898e-01 5.399221559165194237e-03 2.511047985156015724e-02 8.783545063875495412e-03 -1.167818184025321525e-02 -5.935461755774538821e-03 1.098910557419026119e-03 -5.122091176185836160e-04 -5.368569965450834848e-04 -7.278899331732011568e-04 -3.675657720123004339e-03 -1.953103790483382615e-03 3.775566091144326626e-03 -1.514749859286527046e-03 3.980301952558493346e-03 -2.121338910070864545e-03 2.037949126204541229e-04 7.001949538281790494e-05 4.477643599731464044e-03 -6.981663241923150715e-03 2.907714395309532712e-05 -2.497625609050611005e-03 -1.173017702251662577e-03 -5.637623158586119523e-03 -7.351961848958508267e-03 3.915347561003238125e-04 1.491928324463858563e-03 5.760403548821091532e-04 -4.845906884093465297e-04 -3.559533762111558681e-04
0.000000000000000000e+00 0.000000000000000000e+00 0.000000000000000000e+00 0.000000000000000000e+00 9.821162227534081801e-02 8.084732938808954217e-02 -1.824156767680372160e-01 -2.955809797968139696e-02 2.416262976357558268e-01 -1.010702421117494615e-01 2.728428812747029850e-02 3.704005785345658094e-03 5.085533789888421197e-01 -7.299026142909390003e-02 9.975153375504874909e-02 -1.169153565030121578e-01 8.440254736478869368e-02 -1.089915122106491358e-01 -9.829802912970606599e-01 5.299717615014582633e-02 2.818259852665710996e-01 -2.479755672815544404e-02 2.565728877353724569e-01 1.309439542549360735e-01 3.815772617068217687e-01 -5.952862243190779057e-02 1.148194544981618812e-03 -2.847050230463997987e-03 -6.381339205387149827e-01 -6.997022974571456833e-02 3.916858391117019472e-03 -7.115957463743785572e-03 2.342810144255307037e-01 -4.210457033242885616e-02 -8.723193902512953180e-02 -4.635130542126380399e-02 2.365222679094610998e-03 -5.079094419570585189e-02 1.617596191657858645e-02 -1.748725762132631242e-02 5.606254304613375941e-03 1.004030828938233099e-03 2.461316050365088687e-04 -2.974524688612865606e-03 2.054283839064625194e+00 -8.806342512027007588e-03 1.101960464526586386e-02 -5.911365180186170520e-02 9.973073667192690339e-02 -5.283199445246790360e-02 -2.858249670254488922e-02 6.989902128626482303e-02 8.387849094998319280e-03 -3.419947365728367300e-02 0.000000000000000000e+00 0.000000000000000000e+00 -1.072604802327177011e-02 7.146828923734577579e-03 -5.744857755336054903e-03 1.641710833896231625e-02 -5.083407285713780616e-03 3.238644907416270147e-02 5.895784283489310384e-01 -4.456912175010029065e-02 5.578237209581695527e-03 3.236769601801121107e-03 -3.474464664973590106e-03 -9.398335394593964123e-03 -1.724567594777521272e-03 -1.829548950844353192e-02 -1.150338928538484351e-02 5.650337965049876884e-03 1.515012362678330206e-02 -1.042035293799006314e-02 3.166759273115170997e-03 2.701786694366731592e-02 -5.149354603123388122e-03 -5.722394085470622338e-03 -7.989387472552070268e-02 -4.005521058627796449e-02 2.616652213529533158e-03 -8.941412991375317920e-03 1.330719139383595637e-02 -5.371116639704069228e-04 -1.949983398699664874e-02 -2.172607458619969789e-02 3.636710227834086262e-03 6.859336399029501014e-03 -2.432023166178062801e-03 -1.200471539634089197e-03 1.008888904934806229e-03 -6.027184949684306556e-03 5.547002243212194837e-03 4.860419795338843767e-03 6.417944690176044867e-03 7.184257235863941542e-03 -1.739072058730807557e-02 4.835647361946275244e-03 -1.135331530236526748e-02 -5.047309573528740989e-02 -9.491739552639346733e-04 -3.269307522904691538e-02 2.292073350443818436e-02 3.225801995134264244e-02 5.600863298361669768e-03 -3.157887931699050743e-02 -3.387236568553275706e-01 1.432513622186580571e-02 5.591760832939284276e-01 2.921634155081296105e-02 1.562480917825562754e-01 -7.950271010129578153e-02 -7.871657548226891621e-02 -4.323179096641628638e-02 9.026520983162065331e-03 -4.288656909505642739e-03 -5.866586299700139728e-03 -2.301228357131311283e-02 -1.205817077284048952e-02 1.447988076392916351e-02 1.939200303435705333e-02 -6.931835134260333486e-02 2.064038385912094972e-02 -2.576043573363224690e-02 2.920831614162050244e-03 8.826137814060719400e-03 1.155448597641913974e-02 -5.050482834312721575e-02 2.113251916394106450e-03 -2.050876687448992351e-03 2.705235900212349040e-02 -1.026969693538237333e-01 3.066359387655375954e-03 -3.699077335728223701e-03 -9.596207730521590096e-03 -1.717481711807858358e-02 1.198825104120847078e-03 -1.452746997369478744e-02
0.000000000000000000e+00 0.000000000000000000e+00 0.000000000000000000e+00 0.000000000000000000e+00 -9.311875526685917809e-03 4.149874856645623111e-02 3.465716703447617626e-03 4.026016971082663209e-02 1.409641741821044368e-02 3.802618518471457404e-02 2.053879181498471235e-02 1.160161754217561500e-03 1.242233522552178143e-02 3.576627183534702298e-02 -9.008946149121436001e-03 1.017683389552534040e-01 -1.077862775414249324e-01 -8.772882850229268836e-02 2.537349055782670004e-01 -7.178696327748522454e-02 -3.347701300074641673e-02 -5.801184122386237457e-02 -1.294022316359786373e-01 -5.164310209750729713e-02 3.960540183695544260e-03 3.343504754268874363e-02 4.902802337097158722e-03 2.910623495878911053e-03 -1.326920280289987063e-02 3.437509789520266923e-02 -5.545419081493180476e-03 -1.074039823744412031e-03 5.764277332244380388e-03 3.984427381346828528e-02 -3.397752207635025903e-04 4.273680305118447015e-02 3.591991317836284851e-04 -3.784484810953223782e-02 1.208668496642368055e-03 -8.984132321059748807e-03 -1.594170325612126243e-03 1.290950216217490870e-02 -9.999610147997993557e-04 5.997661587947907425e-04 -8.806342512019685320e-03 7.196232740179310527e-02 1.108820801436441635e-02 -2.265881777824197557e-02 1.343143874063723294e-03 -3.754689763935051966e-02 1.302677287172067204e-02 -1.746994207395740836e-02 -1.479609586195423584e-03 -2.675574468600227726e-02 0.000000000000000000e+00 0.000000000000000000e+00 -2.466571146908176897e-03 -3.986324273627677339e-04 -4.208987602726224804e-03 5.306757986634216221e-04 7.933114419918194408e-04 4.162109172698449933e-03 -1.022177034466442702e-01 -8.943963908992498546e-03 -5.258694698488999017e-04 3.864817944944354527e-03 7.809810534460513319e-05 -4.706690484618663260e-03 -6.858890138374939410e-05 -1.129858121287564618e-02 5.909526652107943180e-03 2.563662428236689137e-03 6.920276084483104051e-03 3.715617412271089715e-03 3.455422505724760774e-04 1.452192974872000336e-03 -8.484131405583246466e-04 -1.382793838485794251e-03 -1.149227215538043551e-02 -7.127466989260168410e-03 9.548912767759764079e-05 -7.924788893831200345e-03 -4.236624031759981396e-03 -1.177984716387871092e-03 -6.054669052287593896e-03 7.954387895132316840e-04 1.996456870500394609e-03 -1.283297340699075155e-03 7.830246088076612751e-03 1.279563007142940807e-03 1.328502049765713970e-03 -4.658130469007354564e-03 4.130369237833193298e-03 5.761180475798275205e-03 2.549441152981432590e-03 3.276283953767558481e-03 -1.350133042820638200e-03 7.875721285786521642e-03 1.572586778647333625e-03 -3.589114382365055436e-03 -9.853432497331811443e-05 -8.689405916258061482e-03 3.772890303441475603e-03 6.214212919879140949e-03 8.991790271799077975e-04 -6.653977762148681994e-03 -4.949470028594545046e-02 2.351780238570162686e-03 9.936989907136269118e-02 1.887324414973482562e-03 2.889357858367141291e-02 6.427161537720203245e-03 -2.181829464491167464e-02 -9.239084940698543205e-03 8.135212875350981542e-04 -2.517378756662992049e-03 -1.566433148555939139e-03 -9.089944537697486825e-05 -2.076645868720109096e-03 -9.318368202850368497e-04 3.629767628502763178e-03 -5.314234893292834813e-03 4.478485110708700818e-03 -1.935477073909153004e-03 -1.750854532399486190e-04 1.054666800545297481e-03 1.130609089191473519e-03 -1.027809722804676716e-02 -4.313847383407263831e-04 -5.093055648927525408e-03 -8.039757554766477788e-04 -1.429231944317567449e-02 -9.929794856542200482e-03 1.947478311933227395e-03 4.797143648730081179e-03 4.577630404350853215e-04 -1.992092260490612148e-03 2.669056344478941845e-05
0.000000000000000000e+00 0.000000000000000000e+00 0.000000000000000000e+00 0.000000000000000000e+00 1.803384628169502199e-03 7.294034292816940638e-04 -2.961603246532191515e-03 7.566639523312282834e-04 7.327303766159054023e-03 1.850396324315830296e-03 1.389314891736885505e-03 -1.184842876618784476e-03 1.148817727869746660e-02 2.466632216384744393e-04 -3.844545979726586311e-03 2.406896190585511297e-02 -1.735951604421732963e-02 -6.152433672682534882e-02 1.392569225862813342e-01 -2.391160443667847413e-02 -1.427663740410954098e-02 -2.424453685292617469e-02 -3.024680401751982800e-02 -1.809761226783572138e-02 6.245807394593178366e-03 2.915156988249373738e-03 2.678893212025066240e-03 1.510452957739280046e-03 -1.293018166192066304e-02 2.399160871470710924e-04 -1.490253563212361274e-03 -1.695307615018237356e-03 3.458382638147535545e-03 5.539293249141153709e-03 -1.876794684800103764e-03 3.550676804975090497e-03 -1.283049218724007087e-03 2.089906848835667089e-02 1.438984017135694262e-03 2.508662048928026280e-04 -1.827887540305742900e-03 4.611817464611381312e-03 -3.427816415613310890e-03 -1.854732152395644276e-03 1.101960464524080752e-02 1.108820801436656740e-02 3.222452583571207285e-02 -1.411163223290515072e-02 3.294718968938383495e-04 -5.803856413395730440e-03 1.583078995270726860e-03 -5.560750916131500243e-03 6.528068975275498100e-04 -8.507523691354807946e-03 0.000000000000000000e+00 0.000000000000000000e+00 -5.611376069244585710e-04 -5.366758026185046654e-04 -1.619744159548269996e-03 -1.931031751125551017e-03 2.547536460140151552e-04 -1.426123869692574528e-03 -3.004268344638594962e-02 -1.045217407726751644e-03 -2.513828609829719561e-04 1.467383740702882548e-03 -1.934770251449289765e-05 -1.001359090561107284e-03 -1.808254990993453121e-04 -4.910970437416695492e-03 2.084520606322894098e-03 1.243143675128384126e-03 4.856460772879163390e-03 1.638054906922585324e-03 1.524725077650845764e-04 -5.426978431237185988e-04 3.257402388113482278e-04 -1.171438267540149012e-03 -1.160424154704096716e-03 -1.724664302311089024e-03 2.172524162072234978e-04 -3.698823999579128191e-03 -2.279591608147828186e-03 -4.974113036078971900e-04 -5.785282072203047458e-03 1.346512884450825091e-03 6.833486771826234162e-04 -1.118674506297325519e-03 2.643307213684765750e-03 -1.068644603121502389e-04 4.433318363889598686e-04 -2.213533802221536329e-03 1.875648612573839469e-03 2.700087167347681172e-03 1.550199738711744921e-03 2.032419319366838683e-03 2.006047621368984646e-04 1.381610508911446968e-03 1.109630071877131755e-03 -6.415982381135125825e-04 1.396331799440135568e-04 -4.471831359048949323e-03 2.810039714793117344e-03 2.739496999477550754e-03 8.636164085573433315e-05 -8.103384113996780699e-04 2.899286314274916038e-03 -1.660448697069741904e-03 9.200661788499403526e-03 -8.625486545176192302e-04 5.317213384734338459e-03 -2.770218394405938971e-03 -6.821899344212747039e-03 -7.378919921270217508e-03 -1.855197254719160313e-05 -1.959419796505442769e-03 1.698072597830505763e-04 -1.605498796824874003e-04 1.303881275132079453e-03 6.575109564292841175e-04 -9.468294718686165793e-05 -4.258902771534390369e-03 -8.557206723657417771e-06 -1.968436070396588789e-03 -1.999082077859470018e-04 5.982970458992916589e-04 -1.939722120159332631e-03 -4.274497097337306983e-03 -2.360553260686953079e-04 -2.205525537610820725e-03 -4.256474604158510871e-04 -1.075426983640470624e-02 -2.351645806920388444e-03 -1.407256652886226052e-04 1.991319448921357628e-03 -1.138427437634521519e-04 -1.004786484449566209e-04 -2.944807001631437847e-04
0.000000000000000000e+00 0.000000000000000000e+00 0.000000000000000000e+00 0.000000000000000000e+00 -5.698534415443766085e-03 2.031420828691917271e-02 3.095684724460892774e-03 2.388959336912705161e-03 -9.315280357464841149e-03 5.435711208682600902e-03 2.175946902061396890e-02 7.504092012002270022e-04 -1.789144540288141114e-02 1.093678710013117929e-02 3.688498558905539595e-03 -7.699116055848252704e-02 3.495064901560561432e-03 8.836784214797534232e-02 -1.897602832033629117e-01 8.691827548142706805e-02 2.092869757855908563e-02 5.247560045058052847e-02 5.477928479481927043e-02 9.989860517803764162e-02 -1.673462872693415662e-02 8.816161407917697326e-03 6.884928325500842871e-05 -1.131707054002078702e-02 2.498699315617300756e-02 1.013377280508199509e-02 -1.655481851476564483e-03 1.676823519784846920e-03 -8.984336568212035468e-03 8.754432060898768159e-03 2.752434067180628899e-03 5.593949593000800344e-03 -6.050660381596345040e-03 -5.934810156478396992e-02 -4.166864225842972953e-03 2.574150664773882085e-03 -4.650384885800681531e-03 -1.230981094897599416e-02 -1.622971336089943815e-03 1.674107131344947791e-02 -5.911365180183195817e-02 -2.265881777823978982e-02 -1.411163223290262322e-02 8.424151169749588552e-02 -6.008251039820078701e-03 2.206913474881900053e-02 -1.638746037171804823e-02 1.586943791676509452e-02 1.586105743963032435e-03 4.694229651181694440e-02 0.000000000000000000e+00 0.000000000000000000e+00 -2.499285207870558835e-03 6.540292572548582397e-04 -4.738249709219663833e-04 8.040613610940492914e-03 2.534324857594301796e-04 2.221094265670430987e-02 -4.075307358798609114e-02 -2.280343517213491780e-02 3.953927031218380404e-04 1.762045586568899199e-03 -1.660198360900815517e-04 -6.064239036610472380e-03 5.144102450870894879e-04 -1.587815912767802113e-03 -5.859104425052870033e-03 -9.989074709505091094e-04 -7.271553595686577366e-03 -9.658159467010988836e-04 5.209317347422654865e-04 2.715357313965994536e-03 -2.892851808894196519e-03 6.442820043539281699e-03 -2.197044765557483112e-02 -5.952938784048525389e-03 -6.478932880566819945e-04 -2.634040394595534452e-03 2.427017220536582115e-03 1.685673517187024706e-03 1.197183423773415072e-02 -2.370083507684641981e-03 1.219899473004511193e-03 4.040004188912236366e-03 1.679310244201046801e-03 -9.987515631366126242e-04 -3.181399126012542209e-04 -1.916865083978192474e-03 -3.604409382421639319e-03 2.805306096221195974e-03 -2.834761329013403639e-03 -2.647459780556467995e-03 -2.081845728580321644e-03 1.428619577695837070e-02 -7.354823989682419917e-04 -1.879206088454673184e-04 -9.883271077148431203e-04 -3.736601824503816768e-03 -5.931485649855206335e-03 8.305874760971191859e-03 1.790277527709852436e-03 -1.788759789467193190e-02 -1.436490419863381274e-01 1.675976176719429916e-02 1.801018460406692279e-01 1.566627474172252801e-02 3.947032397479410121e-02 1.022313332675755561e-02 -3.449774025866798356e-03 -5.502932807533055491e-03 2.772758236508327413e-03 3.058805602295657736e-03 -2.677964867011091519e-04 -4.352653460246633070e-03 -8.979237193868467443e-03 -5.433668544427450176e-03 8.760662313695100067e-03 -2.343555283164650786e-03 8.393655171521121824e-03 -5.169914361448325543e-03 1.215176338702254281e-03 -4.501409311507944058e-04 1.196216830272181682e-02 -5.343001361024129862e-03 2.533790521778420585e-05 -6.502531986553617424e-04 8.143329783241867129e-04 1.525535999118357577e-02 -7.708135400611049182e-03 1.023784092281447480e-03 7.035409539014127233e-05 1.584927339000689796e-03 -1.264538162252918513e-03 4.721163325899600935e-04
0.000000000000000000e+00 0.000000000000000000e+00 0.000000000000000000e+00 0.000000000000000000e+00 3.415094672198190368e-03 -4.943179520935746599e-03 -2.977128638175608605e-03 -7.283376139925312916e-03 8.053714899384193868e-03 -7.352711376511289650e-03 6.942165676196210278e-03 -3.735507912795198258e-03 1.554153280052151566e-02 -5.187716095324641612e-03 7.697132658329025601e-04 1.908002129721093204e-02 -2.575684299529647572e-02 -4.881772168959880309e-02 4.740853486690973367e-02 -1.721659337218561792e-02 -4.790844935975412458e-03 -3.522333234359781295e-02 -2.255332055212905598e-02 -1.414487145366066616e-02 8.136357990512280147e-03 -5.833524903299525978e-03 5.980550926931675788e-03 -2.637331124346372745e-03 -1.765400434205281061e-02 -4.823823868361790113e-03 -1.932455136650585402e-03 -1.705963091309509010e-03 7.940962464881346286e-03 -3.510639596303422733e-03 -2.211420216887153168e-03 -4.230417898576773958e-03 -7.604767836978884327e-04 -2.804651770461173699e-02 6.089236274398544292e-03 -1.133132249862041363e-02 -3.092856604852866741e-03 1.297816836994853361e-02 4.922038688461305433e-04 5.076901385382187083e-03 9.973073667191602321e-02 1.343143874058226172e-03 3.294718968955986059e-04 -6.008251039823235030e-03 4.415297983131023091e-02 -7.041034997381193962e-03 -1.553782889745043781e-03 5.061038208785699141e-03 1.946076872819002329e-03 -3.419302153350304609e-04 0.000000000000000000e+00 0.000000000000000000e+00 -1.735848390496383181e-03 1.055861526910784921e-03 -2.922443527439971302e-03 -1.295434891983495785e-03 -2.373007187995104946e-04 1.124013838851865236e-03 3.698170149095417192e-02 -6.317346940458721909e-03 1.484621461265452254e-03 2.052763193932257823e-03 -9.011351593999721282e-04 -2.337638893283571200e-03 -4.219160668510858010e-04 -8.609624226433512315e-03 5.520364690188041094e-03 3.586366274000907586e-03 7.707980459780852840e-03 4.921141762616971713e-05 8.605459237378353500e-04 3.447434624891122876e-03 -3.289110016259415509e-04 -5.280236854694305348e-04 -1.454274176429856680e-02 -9.333812549088476435e-03 6.387611441547397457e-04 -7.109110190881865951e-03 -3.094855130515544207e-03 1.172109247299014338e-03 -1.172793699219563598e-02 -8.843585973616664448e-04 1.276769630645978012e-03 -8.414715849263390210e-04 3.273177532821695997e-03 -4.886147986917082102e-04 6.331669604067119515e-04 -4.805981420500106058e-03 3.505784903929093973e-03 4.633819276212041913e-03 3.083637429196923411e-03 5.208860629263050573e-03 -2.061355541276754712e-03 4.206399438114650884e-03 -9.489532848240768599e-04 -7.820589132929409854e-03 1.351118309509467645e-04 -1.074946386437206254e-02 7.630451354570679141e-03 8.137300216787659093e-03 1.107762434708928559e-03 -5.040338972962873573e-03 -5.145525231382476472e-02 -2.514751029285891819e-04 1.116085324153228003e-01 2.119254989913735288e-03 2.835187373501529828e-02 -3.582040205545926510e-03 -2.548747800182658493e-02 -1.170692474880252569e-02 1.237055767869208898e-03 -3.371125708894203744e-03 -9.311879416675743074e-04 -3.281140326515698692e-03 1.137401452913767812e-04 2.101048165507241917e-03 1.690271564406988078e-03 -1.051260830017435727e-02 2.842576988755033882e-03 -2.998698768207539410e-03 6.940997865287408422e-05 1.920947924405109856e-03 -2.002717815949039450e-03 -1.336688546317473490e-02 -6.940753427586669332e-05 -2.168179995959375848e-03 3.510105510460831066e-03 -3.710323019773002079e-02 -2.882753545237040031e-03 -2.855977431972517647e-03 1.932790018978268595e-03 -3.232659424167224488e-03 1.299324096724279007e-04 -3.909250360639357318e-03
0.000000000000000000e+00 0.000000000000000000e+00 0.000000000000000000e+00 0.000000000000000000e+00 -2.249868504279566809e-03 -4.571066912957216267e-03 3.794154377158920517e-03 -7.641933753046864508e-03 -1.613435717963904517e-02 -2.862730146451998060e-03 -9.793270668023098396e-03 -1.307843348557636252e-03 -2.525612449085637770e-02 -2.911890737151750109e-03 1.116219534693774218e-02 -6.055068758902513310e-02 1.372453908646779630e-01 7.556192844351285187e-02 -3.636620504578823021e-01 5.833460070296796890e-02 7.527738693411563375e-02 4.249144913729461376e-02 1.872317521329539824e-01 4.188062404453652549e-02 -1.184807800365516792e-02 -3.503635540342568168e-03 -6.193670815038140355e-03 -2.171430044037817031e-03 3.109504709142494119e-02 -2.577465589093970357e-03 3.988098417281583236e-03 2.685565337417821549e-03 -1.103169295899205163e-02 -6.912785726843428610e-03 2.998100315431646585e-03 -1.093407055604958891e-02 1.065349443892294606e-03 3.597863762378418484e-02 -2.990916109034690712e-03 7.355263974628080403e-03 -5.655609235367467513e-04 -8.748890408299334065e-03 -1.544970445766457061e-03 -3.537252346378193658e-04 -5.283199445244248643e-02 -3.754689763935039476e-02 -5.803856413395076450e-03 2.206913474881968054e-02 -7.041034997381246871e-03 4.105511286965224382e-02 -1.497033490172280587e-02 2.051291843394587033e-02 1.728962059035695506e-03 2.366141768705671070e-02 0.000000000000000000e+00 0.000000000000000000e+00 2.089583585079427073e-03 -1.906279108470883624e-04 3.474365250848993145e-03 3.493215487290671608e-04 -4.031842024447934670e-04 -2.577915514788502258e-03 5.023690470903684202e-02 7.152481197819887671e-03 -8.089284759614008167e-05 -2.984148348834873583e-03 2.604261885072392947e-04 3.056361480542067136e-03 2.308235610763076568e-04 9.552798228771742367e-03 -4.281165959471745081e-03 -3.004253801805291564e-03 -6.676510471844919123e-03 -1.322991619056453592e-03 -4.242879657889325230e-04 -1.705720625756332364e-03 3.005398332715880725e-04 1.106828472445766341e-03 9.498352856753789278e-03 6.767295571682888956e-03 -3.337839538003088474e-04 6.581079799210619655e-03 2.215155269248475847e-03 5.234730632245552509e-04 6.285509851870848923e-03 2.032025803321122100e-04 -1.729556598822117909e-03 1.227263362937390566e-03 -6.229336841119006291e-03 -4.443120333719936289e-04 -1.040030824487180950e-03 3.964520365229337248e-03 -4.149707965630388025e-03 -4.500305669968307845e-03 -2.965032135621963570e-03 -3.434053617392007589e-03 1.630909434371786417e-03 -4.950658518403509498e-03 -4.471142927740916206e-04 3.653427401064250277e-03 -6.164731599727473475e-05 8.146758624782691333e-03 -5.285375382920517486e-03 -6.245994447754848328e-03 -9.321522075702342236e-04 2.168430832833999952e-03 4.555199708252868213e-02 1.950137750994701547e-03 -1.013457942254638172e-01 1.574884444890331742e-03 -2.884219308062991108e-02 -2.654825977881896532e-04 2.496811312276420863e-02 1.326660409044326701e-02 -7.984284575689880228e-04 2.328804149741070962e-03 1.524237720555528773e-03 9.632382575557151948e-04 1.226333203092871320e-03 -1.056195637026010291e-04 -3.031043470761060968e-03 6.206506337686067999e-03 -3.845902062514180465e-03 1.244986696220875882e-03 1.071303027611243436e-04 -1.143302087318114665e-03 8.850307981659140876e-05 9.911810259035118073e-03 1.005448131211813536e-04 3.349342119561122232e-03 -7.228597092527219410e-04 2.241564291772108267e-02 5.803658095058395784e-03 -6.991349886364527783e-05 -2.898118652957131815e-03 1.254171574156740703e-03 5.173581237717241954e-04 1.813601300438937806e-03
0.000000000000000000e+00 0.000000000000000000e+00 0.000000000000000000e+00 0.000000000000000000e+00 1.518248914343895773e-04 -3.515317251518816632e-03 1.113853164654678716e-03 -2.725443302624647266e-03 -8.891193621108464716e-04 -3.893298108875190228e-04 -1.591842708507047732e-02 -6.188847023136573311e-03 -8.194561988541992567e-04 -3.480331729047374256e-03 -4.317594850431010454e-03 3.383840745769386982e-02 -5.747418614344210197e-02 -3.867823891271374159e-02 1.262276159556501021e-01 -3.735134459226128328e-02 -4.155259122599622851e-02 3.034789744019516719e-02 -2.198332480812117615e-02 -3.635829923329204211e-02 6.079904934059294878e-04 -1.048648179301272295e-03 1.566535107703725688e-03 3.106711547242001995e-03 1.151394093357270727e-03 -2.928234824561899707e-03 1.380425532448462285e-03 -2.394394031579449768e-03 -1.534548733701021107e-03 -3.608248918441722838e-04 7.455849327366690250e-04 -1.027912529209526211e-03 5.515536909927192975e-04 -6.747579068181247183e-04 4.202323708869684302e-03 5.415375046420967814e-03 7.435781685561841485e-03 -4.050274961304287558e-04 1.621971223749523513e-03 -4.907201798843714192e-03 -2.858249670256103603e-02 1.302677287172225931e-02 1.583078995267934823e-03 -1.638746037171741332e-02 -1.553782889748562233e-03 -1.497033490172222300e-02 4.663946911904751080e-02 -1.208828604180112350e-02 -1.280110337592491824e-03 -1.798023065434634429e-02 0.000000000000000000e+00 0.000000000000000000e+00 1.003292335663209280e-03 4.665142719078118174e-04 4.391137501760848617e-05 -6.915127981754049663e-03 -4.806600563030633900e-04 -1.620767360867334320e-02 7.374759077055326184e-02 1.496094996345959452e-02 1.168211130588312462e-03 -3.934627790240716183e-04 -2.930623544271070960e-04 3.970345554229763770e-03 -5.802335056020759257e-04 -4.177331662629148331e-04 7.042906394378706594e-03 2.375917023049032260e-03 1.075821201500454412e-02 -2.565779887245715069e-03 1.034325471910654435e-05 -1.443770285277354943e-03 2.569613899929625283e-03 -4.595668641351776176e-03 1.144140568655579310e-02 2.025389912901781782e-03 6.352131608222055196e-04 1.453198929794016683e-03 -3.098936232262617611e-03 -7.146421116447416620e-04 -1.280829373721621006e-02 -9.398720563986545347e-04 -4.579319233751062116e-04 -2.670778261204702353e-03 -1.439909820005231102e-03 -9.824891994300449793e-04 -1.893910957913284181e-04 -3.956959238167325832e-04 2.403067498805467467e-03 -3.010654276512647609e-06 1.784956458905195831e-03 4.055219734792020296e-03 6.123158463193425095e-05 -8.223441115808088550e-03 -7.395019364524484020e-05 -5.099172586319567022e-04 8.866580679115877240e-04 2.283442665761392090e-04 6.928709654800613814e-03 -5.288542352176482664e-03 -7.885013363310750152e-04 1.421303108592390611e-02 7.869078948820509845e-02 -1.488854173626231320e-02 -8.275410125188870092e-02 -1.330264038691105627e-02 -1.625583893521120177e-02 -6.735905026716821828e-03 -9.824910987286151337e-03 -3.111705619448767654e-03 -1.156067363150375862e-03 -3.836634615811062091e-03 1.500371070344642998e-05 2.294528573123299792e-03 6.581535870134313029e-03 5.977086396995339758e-03 -4.729674678379528451e-03 -4.593469879936552206e-04 -4.785739327509305058e-03 4.297612649826879939e-03 -7.253218428241078311e-04 9.373524100390962302e-04 -1.007705659278063624e-02 3.639888911318203387e-04 -3.998171045950698124e-04 -5.599556428275595217e-04 5.037149772110049821e-04 -2.510514985807232868e-02 5.391353394905574158e-03 -1.457176741012391986e-03 2.434280973698242732e-03 -1.822898320182535312e-03 1.757542995897421183e-04 -1.753866367470177309e-03
0.000000000000000000e+00 0.000000000000000000e+00 0.000000000000000000e+00 0.000000000000000000e+00 -1.848643349263910077e-04 4.279243494897722044e-03 -5.850628261684464107e-03 -2.244916548686548465e-03 5.080525060624392457e-03 -1.076541475897692651e-03 1.159797788706178924e-02 -2.552984507698988648e-03 1.125200120623121372e-02 1.296991137847893849e-03 1.100303673511019570e-02 -3.879695740547058069e-02 7.070879673979893476e-02 4.307500418973310430e-02 -2.670808817724824036e-01 3.873286218925445223e-02 1.335534807387208645e-01 7.726338627807655124e-02 1.437538427876298153e-01 5.081560132239031080e-02 6.432175519589035904e-03 2.676485453634374137e-03 2.447357961258628516e-03 -7.327884738766805330e-03 -1.103574628582587244e-02 1.705982963310063646e-03 -1.414698438748735517e-03 -1.764093834960426752e-03 5.481300870245855127e-03 5.604051309025332751e-03 -1.599617312426176953e-03 -2.219459260682671211e-03 -5.131999776950688834e-04 -1.516083246691541514e-02 -2.313991760191035606e-03 4.517657264046116145e-03 -5.779654520378379881e-04 3.008686119135085130e-02 -1.375656676482267613e-03 1.085623657010860790e-02 6.989902128625889721e-02 -1.746994207395763388e-02 -5.560750916129188724e-03 1.586943791676414042e-02 5.061038208784608868e-03 2.051291843394517991e-02 -1.208828604179825079e-02 9.294293823814529787e-02 4.812216585609208064e-03 2.782934977806972646e-02 0.000000000000000000e+00 0.000000000000000000e+00 -2.635176331692895297e-03 2.373857771613903031e-03 -2.258478594276779224e-03 5.822495504936779469e-03 -2.830825838412874746e-04 1.712478690880032267e-02 2.936299454819835814e-02 -2.121751957626046015e-02 5.868401109690381430e-04 3.027017312700728061e-03 -9.199351880187356520e-04 -6.947693830865092450e-03 6.346592865624328368e-05 -2.690338770933774735e-03 -3.290020726693268765e-03 -2.995693361815366957e-03 -1.359634828452154073e-03 6.172253074732086779e-04 9.130305378288790935e-04 3.110395673128792896e-03 -2.228566559233013163e-03 3.504249634907503387e-03 -2.256629368047104872e-02 -8.007384268172504371e-03 -4.858358680636795310e-04 -3.628464504146923075e-03 -3.046325009342699258e-03 -1.617341953834293021e-03 6.267135766325863076e-03 -1.057249976247789762e-03 1.762165017058856063e-03 2.947669517369288020e-03 2.452496788998492164e-03 -1.576114336517652056e-03 -3.283695976916766552e-04 -3.476554063309289858e-03 -2.259089369497194709e-03 5.025794669433352596e-03 -2.356345401328170056e-03 -1.527292049360357571e-03 -3.483754842175804285e-03 1.346389009014042036e-02 -1.558896128218689075e-03 -4.814783956252342498e-03 -6.668498589132973225e-04 -1.065231231597466195e-02 5.218412552819380514e-04 1.352336301102786617e-02 2.005638296631558851e-03 -1.971621739384302185e-02 -1.386755448539940538e-01 1.444337548948200836e-02 2.001004241947541562e-01 1.588906152751140555e-02 4.984515551425887370e-02 6.913404993155944367e-04 -1.230487758854025351e-02 -6.209078781477602935e-03 2.793032955239696351e-03 3.679498342573146079e-04 -8.944833344112031095e-05 -4.161753313747088012e-03 -7.138026299274130224e-03 -3.729568276557057149e-03 7.427251059401559358e-03 -9.158695206223518848e-03 6.928388142883803481e-03 -4.779648831609939821e-03 1.070832454303426119e-03 1.186602624958633164e-03 7.890802415148091831e-03 -1.328482743112733948e-02 1.345241181175287396e-04 -1.195693375153942910e-03 2.399754691440364636e-03 -9.117554985429881728e-03 -8.836294215896751611e-03 -1.275824964511284264e-03 -1.120441137167485068e-03 -1.491195864058004030e-03 -1.175902469583026914e-03 -8.039995909314479917e-04
0.000000000000000000e+00 0.000000000000000000e+00 0.000000000000000000e+00 0.000000000000000000e+00 -5.320202422970471369e-04 9.858403651665640678e-04 6.507545148071101600e-04 7.278230045534506620e-04 4.868016815850349701e-04 2.316005659974905775e-03 3.280147647791033672e-03 -3.491630324151038492e-04 -2.350890523412745015e-06 1.262856588123015917e-03 7.652592127712295762e-04 -4.205845389159581886e-03 1.018466872979781161e-02 2.982877328122725269e-03 -2.624111084549526560e-02 5.110724579915638596e-03 8.315145359547840634e-03 3.265116768715462144e-03 3.327409949796294314e-02 5.921296738749238370e-03 -4.821348404174363288e-04 1.018125136354300396e-03 4.945530763582456878e-04 -3.415264749006163727e-04 -9.192686305174811029e-05 1.274995785265996230e-03 -5.754660167717130966e-04 1.742866895345044232e-04 -2.311705132017404603e-04 1.331275915512960834e-03 -9.687136927688516771e-05 9.858408988164233961e-04 -7.815293050662871100e-04 -1.845937678280753147e-03 -5.979179108148892233e-04 -2.470572956424667418e-04 -4.568873243850880232e-04 6.791626315846561839e-04 -2.290464686367908124e-03 1.658788439504999468e-03 8.387849094993028373e-03 -1.479609586196637024e-03 6.528068975272700858e-04 1.586105743963175333e-03 1.946076872818158819e-03 1.728962059036573493e-03 -1.280110337592160925e-03 4.812216585609273116e-03 2.399986722579405818e-03 3.125541544458702858e-03 0.000000000000000000e+00 0.000000000000000000e+00 -1.703622219319079838e-04 -1.090715586555239948e-04 -4.077985343283964306e-04 1.596322271626530195e-04 1.956941809223332676e-04 1.171462544260379888e-03 -2.335751449905237864e-02 -1.624371503481830984e-03 -9.622338164182789842e-05 4.412807110323756134e-04 2.735624906102186098e-06 -6.328820440952980268e-04 -8.886305905956018642e-06 -1.086694363798961253e-03 -1.912267358238024578e-04 -1.733088729942621950e-05 3.554086378797730733e-04 7.612806350054755321e-04 1.377027273695396981e-04 4.172805507783241695e-04 -5.908436557074857797e-05 4.440174435702111616e-04 -2.393093050161368331e-03 -1.144072585060820421e-03 -3.017490922970614940e-05 -1.299341271364812863e-03 -2.344251383474146530e-04 -5.361991091712596589e-06 -5.872043673333738126e-05 9.574187158802334842e-04 2.709514961499490484e-04 -1.333279332659155362e-04 9.347002437836393314e-04 2.242649270727584110e-04 1.002554475920085632e-04 -5.883295877936159293e-04 2.107422642088387630e-04 8.695648079776667309e-04 1.654752538129981767e-04 6.517462365070197288e-05 9.099680981183494769e-05 1.713305782641999855e-03 2.891037571600273571e-04 -4.951873577476752480e-05 -1.699725140919719192e-05 -9.932284028205552034e-04 -3.646257194193404383e-06 1.037472136808547784e-03 8.064317052776116259e-05 -1.596937800897392339e-03 -4.985467802381269437e-03 1.211866872218945101e-03 8.512899148161653939e-03 9.831373647113607513e-04 2.306927070672336755e-03 1.796767670980484177e-03 -1.336437740803811738e-03 -7.821030612741497381e-04 1.010525338025771401e-04 -2.658020382796085282e-04 -1.718987878603000846e-04 1.670032908582833541e-04 -3.394112200390731371e-04 -3.622120176555604929e-04 2.793170521205610231e-04 -3.230744402021770278e-05 3.731327649415122367e-04 -3.402285689761153911e-04 -2.046548704626979841e-05 -4.914310077462163252e-05 3.245465112227940161e-04 -1.001384114949121530e-03 -2.907464246098231229e-05 -6.837906998483022324e-04 -1.726755979398312028e-04 7.200771590518914057e-04 -1.250464858214149011e-03 2.363954020314362476e-04 4.726584739683477375e-04 5.574657725330182858e-04 -2.377774642575231556e-05 3.511385786673504447e-04
0.000000000000000000e+00 0.000000000000000000e+00 0.000000000000000000e+00 0.000000000000000000e+00 -3.442398300940964582e-03 1.510497194691411832e-02 7.792868334884704273e-04 6.347311060329850502e-04 -6.342751696004258338e-03 7.641776686330951788e-05 1.648766224790016582e-02 4.677393970492548479e-03 -9.149515575871047454e-03 7.429857140863652121e-03 6.195759080998457409e-03 -7.851371933084155819e-02 4.999955007415600450e-02 9.824665415567253313e-02 -2.319453902216355445e-01 8.618659415607941854e-02 4.642810859100202775e-02 4.672010641044885976e-02 9.371904883256243490e-02 1.055769714023518241e-01 -1.265724031405299384e-02 4.045566242729987591e-03 7.864236998436789552e-04 -7.843353887761132792e-03 1.400009931971385978e-02 6.915068378485838933e-03 -2.654501547586055575e-03 1.733915184728154150e-03 -6.145666344143171575e-03 2.773084617908556232e-03 2.083839150967358497e-03 8.674803798470975781e-04 -2.650394911430494806e-03 -3.491639236228006454e-02 -3.648819023591449301e-03 2.706653085961182887e-03 -3.702859553593662416e-03 -3.177154410988968728e-03 8.264709052492232586e-05 1.882142968571323682e-02 -3.419947365727692840e-02 -2.675574468599829087e-02 -8.507523691353491291e-03 4.694229651181848484e-02 -3.419302153351304243e-04 2.366141768705457699e-02 -1.798023065434693063e-02 2.782934977807025034e-02 3.125541544458263106e-03 5.205299328193729175e-02 0.000000000000000000e+00 0.000000000000000000e+00 -1.333726824455806498e-03 -1.321266535493130989e-04 -6.557586470088855876e-04 5.456009532125068347e-03 6.444214398313741774e-04 1.456546472981885831e-02 -8.772571770849987849e-02 -1.453172819196202684e-02 -8.678646182201718703e-04 1.689416555068445425e-03 3.473877115822145926e-04 -3.732977007367771494e-03 4.559434607184021716e-04 -1.248681260550932575e-03 -3.226805078708266158e-03 -5.217620992362761480e-04 -5.657576419916719550e-03 6.982915813963032521e-04 1.900844848646646992e-04 1.696508425282135246e-03 -1.821890827126256430e-03 5.060330758521794023e-03 -1.133631333949182418e-02 -3.818480348915986346e-03 -6.435948419254036799e-04 -3.179142689409680637e-03 6.160571024173384317e-04 2.052702235287660014e-03 1.037167048556329393e-02 7.550817946921152849e-04 9.444085413377758089e-04 1.939253267373909195e-03 3.124319429422431609e-03 5.675328133144521767e-04 6.401119491387477511e-05 -7.368267196679302794e-04 -2.236482241278222802e-03 2.621142795685316596e-03 -1.504157843532444088e-03 -1.970451090862750283e-03 -3.343697574227663758e-04 1.086076535673119806e-02 7.570325918483213675e-04 1.116787051132486211e-03 -5.285449751380910839e-04 -8.432955147009825545e-04 -4.988011280440290442e-03 5.257109110373532623e-03 7.232149703245033820e-04 -1.270316620140345652e-02 -6.744115001918475627e-02 1.299514246947407539e-02 7.683354481116767831e-02 1.112899290439383487e-02 1.536097898919044392e-02 1.530241214571539075e-02 3.065258450603990711e-03 2.285650308611703214e-03 1.310274723944353844e-03 2.099197366152116134e-03 -3.304861558793527267e-04 -5.647911429690513456e-04 -5.443156926528325626e-03 -4.009581356742469675e-03 4.723585384818348824e-03 2.351414195669990215e-03 4.319742806961361127e-03 -2.187833694953053142e-03 5.150684028923481006e-04 -5.705373958675984429e-04 8.232075028163567121e-03 -1.516584514511126053e-03 3.350662253155930266e-05 -8.432297238350172338e-04 -1.626675947258942028e-03 1.800587042393137632e-02 -6.361634633808699660e-03 1.394935540563074262e-03 2.471057345312051333e-04 2.710885507092140097e-03 -8.585980629370604245e-04 1.589206430157145272e-03
0.000000000000000000e+00 0.000000000000000000e+00 0.000000000000000000e+00 0.000000000000000000e+00 0.000000000000000000e+00 0.000000000000000000e+00 0.000000000000000000e+00 0.000000000000000000e+00 0.000000000000000000e+00 0.000000000000000000e+00 0.000000000000000000e+00 0.000000000000000000e+00 0.000000000000000000e+00 0.000000000000000000e+00 0.000000000000000000e+00 0.000000000000000000e+00 0.000000000000000000e+00 0.000000000000000000e+00 0.000000000000000000e+00 0.000000000000000000e+00 0.000000000000000000e+00 0.000000000000000000e+00 0.000000000000000000e+00 0.000000000000000000e+00 0.000000000000000000e+00 0.000000000000000000e+00 0.000000000000000000e+00 0.000000000000000000e+00 0.000000000000000000e+00 0.000000000000000000e+00 0.000000000000000000e+00 0.000000000000000000e+00 0.000000000000000000e+00 0.000000000000000000e+00 0.000000000000000000e+00 0.000000000000000000e+00 0.000000000000000000e+00 0.000000000000000000e+00 0.000000000000000000e+00 0.000000000000000000e+00 0.000000000000000000e+00 0.000000000000000000e+00 0.000000000000000000e+00 0.000000000000000000e+00 0.000000000000000000e+00 0.000000000000000000e+00 0.000000000000000000e+00 0.000000000000000000e+00 0.000000000000000000e+00 0.000000000000000000e+00 0.000000000000000000e+00 0.000000000000000000e+00 0.000000000000000000e+00 0.000000000000000000e+00 1.000000000000000000e+00 0.000000000000000000e+00 0.000000000000000000e+00 0.000000000000000000e+00 0.000000000000000000e+00 0.000000000000000000e+00 0.000000000000000000e+00 0.000000000000000000e+00 0.000000000000000000e+00 0.000000000000000000e+00 0.000000000000000000e+00 0.000000000000000000e+00 0.000000000000000000e+00 0.000000000000000000e+00 0.000000000000000000e+00 0.000000000000000000e+00 0.000000000000000000e+00 0.000000000000000000e+00 0.000000000000000000e+00 0.000000000000000000e+00 0.000000000000000000e+00 0.000000000000000000e+00 0.000000000000000000e+00 0.000000000000000000e+00 0.000000000000000000e+00 0.000000000000000000e+00 0.000000000000000000e+00 0.000000000000000000e+00 0.000000000000000000e+00 0.000000000000000000e+00 0.000000000000000000e+00 0.000000000000000000e+00 0.000000000000000000e+00 0.000000000000000000e+00 0.000000000000000000e+00 0.000000000000000000e+00 0.000000000000000000e+00 0.000000000000000000e+00 0.000000000000000000e+00 0.000000000000000000e+00 0.000000000000000000e+00 0.000000000000000000e+00 0.000000000000000000e+00 0.000000000000000000e+00 0.000000000000000000e+00 0.000000000000000000e+00 0.000000000000000000e+00 0.000000000000000000e+00 0.000000000000000000e+00 0.000000000000000000e+00 0.000000000000000000e+00 0.000000000000000000e+00 0.000000000000000000e+00 0.000000000000000000e+00 0.000000000000000000e+00 0.000000000000000000e+00 0.000000000000000000e+00 0.000000000000000000e+00 0.000000000000000000e+00 0.000000000000000000e+00 0.000000000000000000e+00 0.000000000000000000e+00 0.000000000000000000e+00 0.000000000000000000e+00 0.000000000000000000e+00 0.000000000000000000e+00 0.000000000000000000e+00 0.000000000000000000e+00 0.000000000000000000e+00 0.000000000000000000e+00 0.000000000000000000e+00 0.000000000000000000e+00 0.000000000000000000e+00 0.000000000000000000e+00 0.000000000000000000e+00 0.000000000000000000e+00 0.000000000000000000e+00 0.000000000000000000e+00 0.000000000000000000e+00 0.000000000000000000e+00 0.000000000000000000e+00 0.000000000000000000e+00 0.000000000000000000e+00 0.000000000000000000e+00
0.000000000000000000e+00 0.000000000000000000e+00 0.000000000000000000e+00 0.000000000000000000e+00 0.000000000000000000e+00 0.000000000000000000e+00 0.000000000000000000e+00 0.000000000000000000e+00 0.000000000000000000e+00 0.000000000000000000e+00 0.000000000000000000e+00 0.000000000000000000e+00 0.000000000000000000e+00 0.000000000000000000e+00 0.000000000000000000e+00 0.000000000000000000e+00 0.000000000000000000e+00 0.000000000000000000e+00 0.000000000000000000e+00 0.000000000000000000e+00 0.000000000000000000e+00 0.000000000000000000e+00 0.000000000000000000e+00 0.000000000000000000e+00 0.000000000000000000e+00 0.000000000000000000e+00 0.000000000000000000e+00 0.000000000000000000e+00 0.000000000000000000e+00 0.000000000000000000e+00 0.000000000000000000e+00 0.000000000000000000e+00 0.000000000000000000e+00 0.000000000000000000e+00 0.000000000000000000e+00 0.000000000000000000e+00 0.000000000000000000e+00 0.000000000000000000e+00 0.000000000000000000e+00 0.000000000000000000e+00 0.000000000000000000e+00 0.000000000000000000e+00 0.000000000000000000e+00 0.000000000000000000e+00 0.000000000000000000e+00 0.000000000000000000e+00 0.000000000000000000e+00 0.000000000000000000e+00 0.000000000000000000e+00 0.000000000000000000e+00 0.000000000000000000e+00 0.000000000000000000e+00 0.000000000000000000e+00 0.000000000000000000e+00 0.000000000000000000e+00 1.000000000000000000e+00 0.000000000000000000e+00 0.000000000000000000e+00 0.000000000000000000e+00 0.000000000000000000e+00 0.000000000000000000e+00 0.000000000000000000e+00 0.000000000000000000e+00 0.000000000000000000e+00 0.000000000000000000e+00 0.000000000000000000e+00 0.000000000000000000e+00 0.000000000000000000e+00 0.000000000000000000e+00 0.000000000000000000e+00 0.000000000000000000e+00 0.000000000000000000e+00 0.000000000000000000e+00 0.000000000000000000e+00 0.000000000000000000e+00 0.000000000000000000e+00 0.000000000000000000e+00 0.000000000000000000e+00 0.000000000000000000e+00 0.000000000000000000e+00 0.000000000000000000e+00 0.000000000000000000e+00 0.000000000000000000e+00 0.000000000000000000e+00 0.000000000000000000e+00 0.000000000000000000e+00 0.000000000000000000e+00 0.000000000000000000e+00 0.000000000000000000e+00 0.000000000000000000e+00 0.000000000000000000e+00 0.000000000000000000e+00 0.000000000000000000e+00 0.000000000000000000e+00 0.000000000000000000e+00 0.000000000000000000e+00 0.000000000000000000e+00 0.000000000000000000e+00 0.000000000000000000e+00 0.000000000000000000e+00 0.000000000000000000e+00 0.000000000000000000e+00 0.000000000000000000e+00 0.000000000000000000e+00 0.000000000000000000e+00 0.000000000000000000e+00 0.000000000000000000e+00 0.000000000000000000e+00 0.000000000000000000e+00 0.000000000000000000e+00 0.000000000000000000e+00 0.000000000000000000e+00 0.000000000000000000e+00 0.000000000000000000e+00 0.000000000000000000e+00 0.000000000000000000e+00 0.000000000000000000e+00 0.000000000000000000e+00 0.000000000000000000e+00 0.000000000000000000e+00 0.000000000000000000e+00 0.000000000000000000e+00 0.000000000000000000e+00 0.000000000000000000e+00 0.000000000000000000e+00 0.000000000000000000e+00 0.000000000000000000e+00 0.000000000000000000e+00 0.000000000000000000e+00 0.000000000000000000e+00 0.000000000000000000e+00 0.000000000000000000e+00 0.000000000000000000e+00 0.000000000000000000e+00 0.000000000000000000e+00 0.000000000000000000e+00 0.000000000000000000e+00 0.000000000000000000e+00
0.000000000000000000e+00 0.000000000000000000e+00 0.000000000000000000e+00 0.000000000000000000e+00 -1.144324141474434628e-04 -2.384397260345258712e-03 8.138321362982399573e-04 -1.254191790664790571e-03 -2.622352294174659995e-03 -1.448194054367287886e-03 -4.620132316788727080e-03 1.086010775518580227e-03 -3.678815246323641815e-03 -1.390302113984478267e-03 2.200639690834476541e-04 -2.645998486672699202e-03 9.680920453797949715e-03 5.068482693033496064e-03 -1.382219459925622222e-02 1.489357042122072938e-03 1.645327973808180608e-05 2.287707836428733068e-03 9.938256073588176698e-03 -1.994297241681177585e-03 -1.604559859700368379e-03 -1.290021600248919932e-03 -1.027825726824306259e-03 1.191676888527183490e-03 4.349895107371243297e-03 -1.252617737362038321e-03 1.064330611813178512e-03 2.300662598590591458e-04 -1.781512368593615118e-03 -2.274131490564258035e-03 4.195634817691496605e-04 -1.717404333342964625e-03 4.984103268683608493e-04 9.082203934766015091e-03 -8.008372299574387958e-05 8.065415620917855801e-04 6.707702807528131451e-04 -1.789489920546412111e-03 1.994425025284034172e-04 -1.722745829386121766e-03 -1.072604802327384137e-02 -2.466571146908795760e-03 -5.611376069256579155e-04 -2.499285207868628522e-03 -1.735848390497527882e-03 2.089583585080165631e-03 1.003292335661945317e-03 -2.635176331692262123e-03 -1.703622219323613972e-04 -1.333726824454479652e-03 0.000000000000000000e+00 0.000000000000000000e+00 5.178570329212525691e-03 -1.732660370261393176e-03 1.256223920467900085e-04 -3.911766261978293774e-03 6.251483240073748161e-04 -5.036644166899247738e-03 -5.749549044387065877e-02 8.615861113106228208e-03 2.773501008530439207e-03 -3.446718442641563684e-03 5.650130805354276710e-04 9.807059644574990086e-04 2.673171051667559890e-04 -9.263137577444979049e-04 7.551128243459226353e-04 3.448421663618931200e-03 -1.051027122365087631e-03 4.290108483426422967e-03 -8.928240112548985587e-04 4.199683186936499328e-03 1.857776904309853998e-03 -4.639889916486544114e-03 2.051728170173376664e-02 2.834136689758809760e-04 -2.449007293114266156e-04 -4.270129318623464530e-03 3.987034705692573365e-03 4.450762252701239742e-03 1.839747289104802248e-03 1.084374435706602149e-02 -1.295490074698673949e-03 -2.183689147508658009e-03 -1.310738631237634089e-03 1.353965944707977452e-05 8.063387908601459301e-05 5.151753499525227840e-03 2.161475170322466142e-03 -5.582336181141987069e-03 -2.275164255542716420e-03 -5.740415866452464044e-03 6.103272836945409759e-04 -1.320106609136559653e-02 -9.927753572303832895e-04 1.866627419162224071e-03 -3.677365760252469958e-04 1.062264408737346316e-03 -4.566467696373528555e-03 1.858598793501375001e-03 -6.998952394408814760e-04 -2.012068150427119215e-05 3.736740365028679012e-02 2.973282345231810855e-03 -6.794485133165527324e-02 6.987271858011653673e-05 -1.902587810117190026e-02 3.045680006396561494e-04 1.029446974686007085e-02 1.611762231690600997e-02 -1.936022536468627901e-03 2.944481020728518389e-03 1.758422012741397934e-03 -1.188224553751236583e-03 1.324753851102590226e-03 -6.780659434712371647e-03 -4.091365618112111427e-03 5.843974978107859507e-03 -3.964037408723142253e-03 2.912032631038704959e-03 -5.320251682205639869e-04 -1.164654004580995082e-03 -1.527739547793250828e-03 3.604285031375843371e-03 1.666408453663435676e-04 1.153711326156563102e-03 -4.295754561895384974e-03 5.023472044773157584e-03 -6.723828900934210751e-04 -2.235793702652330225e-03 1.049395534442713451e-03 2.749716129597338642e-03 2.130670964381378013e-04 5.465739407916460867e-03
0.000000000000000000e+00 0.000000000000000000e+00 0.000000000000000000e+00 0.000000000000000000e+00 2.815697420472406710e-04 -1.773342204446707302e-04 -4.106305897193112970e-04 -1.871014553349657869e-04 -1.237100903615871023e-05 9.501062679114350481e-04 -2.088213899110027971e-03 -3.921044808038997957e-03 -2.778342514281042716e-04 -4.263700293645014162e-04 1.014001450033644083e-03 3.080352602903839877e-04 4.094747543942921231e-03 -8.382869363869411205e-04 -2.182133727847393456e-02 -8.874816646866084567e-04 6.991605880775028127e-03 2.472113440713033516e-03 5.684441827285271684e-03 -9.176494108517222002e-04 1.911828023742994081e-03 -4.249249298933829703e-04 -5.576821963532863774e-04 -8.895039027143748604e-04 -3.157658142846403362e-04 -3.289435629139825148e-04 9.049523970167474857e-04 -7.837651267197261445e-04 8.169946278947467534e-04 2.355159606897792716e-04 -1.735555559277870280e-04 -4.456169678683907093e-04 1.637957177161489361e-04 -1.044504098054470712e-03 4.296795070409923940e-04 -1.603808532384912600e-05 2.577519460148869433e-04 2.028469198290513108e-03 4.320843738453565867e-04 -3.458243943574777182e-04 7.146828923743641510e-03 -3.986324273619807658e-04 -5.366758026163376705e-04 6.540292572536595458e-04 1.055861526911223590e-03 -1.906279108476885767e-04 4.665142719082573703e-04 2.373857771614035737e-03 -1.090715586552174637e-04 -1.321266535492475046e-04 0.000000000000000000e+00 0.000000000000000000e+00 -1.732660370261846156e-03 1.278255690333473908e-02 -1.288470132405822527e-03 1.392962395070304789e-03 -1.628929916933141925e-03 -4.080916745863794742e-03 2.114765157334515255e-01 -2.261710374100087389e-03 3.084837449479252425e-03 6.941832297816613595e-03 -8.690712799535948259e-04 2.037915985016485864e-03 -1.551167164640143204e-04 1.030692606105681336e-02 1.283572291924779327e-02 -6.402706136440266399e-03 5.697903041961707368e-03 -6.396017492291454498e-03 1.211796139023215476e-03 5.816842781597346759e-03 -3.379071399826505005e-04 2.713495174996572151e-04 -1.566450119212509096e-02 -1.003798218307084059e-02 -6.870328113121580444e-04 1.529233537201068333e-02 -2.349584430562858331e-02 -7.399803234875589400e-03 1.875153938707565734e-03 -1.316751002939378287e-02 -1.937518701672252851e-04 1.488366305349195229e-03 -1.588791981602483746e-03 -9.909099067728086366e-04 -1.776440085108113489e-03 -3.269850317512914325e-03 -8.388603744920366395e-03 -2.968385765352780752e-04 -1.470603997917551559e-03 5.417025687133054240e-03 -6.039478124905687390e-03 2.308134118835202409e-03 -2.401276886584591697e-03 -8.273406483751268720e-03 6.763527861531081799e-04 7.576957150445080488e-04 3.906179324333397020e-03 3.590809496251765303e-03 -3.266978347971994994e-04 -1.057539816318331209e-02 3.549922669333401004e-02 8.223693376119873763e-03 -2.515797357075787860e-02 1.350099069871090601e-02 -1.310735803212969251e-02 2.429930794859847323e-02 -3.242119138357823366e-03 7.104584925521278266e-03 1.881000068185348286e-03 -3.110830818259325940e-03 -2.883071359952373101e-03 5.704484728052927091e-03 -1.073076566866576313e-03 9.208211945997803530e-03 -1.672687157551544035e-03 -1.627380842939501722e-03 -7.584557913217812152e-04 1.570547502474572629e-03 4.872863841650171496e-04 3.376560007007596131e-03 -5.910139438069073167e-05 -2.168081773152568965e-03 -6.874783992651832456e-04 3.691561383926932668e-03 7.340910800207615418e-03 -3.238051703007344129e-02 -5.822090978269568902e-03 -2.664693943445393953e-03 8.491895060363410623e-04 -1.036514022360831167e-03 -7.456674617215372936e-04 -3.540085094185172355e-03
0.000000000000000000e+00 0.000000000000000000e+00 0.000000000000000000e+00 0.000000000000000000e+00 -1.610512870318279121e-05 -1.596404986063559633e-03 2.722938826040989134e-04 -8.365902806646435558e-04 -3.174511953876656568e-03 -6.552403874865634194e-04 -7.907872052098079141e-03 -6.218044205954911590e-04 -4.943416009632469257e-03 -1.561834392626496645e-03 2.725189217862733319e-03 -5.679522847482696216e-03 2.766307748840439451e-02 9.409577957799421938e-03 -8.151363418305181130e-02 4.407661303808226190e-03 1.292752269342115762e-02 4.756015277400435677e-03 3.370109649881139480e-02 -7.000054514692597265e-04 6.770282171876222535e-04 -1.728802894512464520e-03 -2.929244442777341820e-03 9.354661264832145589e-04 4.987101293303844614e-03 -1.401818383178443823e-03 2.645796588489741918e-03 2.937086608381003338e-04 -9.819626061961322060e-04 -2.574786914598083815e-03 3.888008692366251877e-04 -1.974430497048000523e-03 4.443921025913683399e-04 1.382612644359191775e-02 -1.343878900571430692e-05 6.374239722088402603e-04 1.297672535299754975e-03 -3.285266906274554762e-03 7.123940689191168157e-04 -2.511703932730880492e-03 -5.744857755322427782e-03 -4.208987602726146741e-03 -1.619744159548178490e-03 -4.738249709221627323e-04 -2.922443527439042791e-03 3.474365250849097229e-03 4.391137501739342112e-05 -2.258478594276646084e-03 -4.077985343284393108e-04 -6.557586470092710215e-04 0.000000000000000000e+00 0.000000000000000000e+00 1.256223920465984029e-04 -1.288470132405281077e-03 4.587665911155293895e-03 1.063121088914891930e-03 -3.199814586662822532e-04 1.515284785668618043e-03 3.418016141031851585e-02 2.209910885179571394e-03 -3.086942530658103034e-03 -2.588869068609229562e-03 -6.350963951785600472e-04 1.746668273648707909e-03 -1.845141038914863856e-05 7.764082800395664084e-03 -5.475896671073820707e-03 -3.233695404652001115e-03 -6.567884109852366314e-03 -2.674304935787523603e-03 8.569927034033628967e-04 -5.639849891255509229e-03 4.002125012987915904e-05 4.334104401734262257e-03 -7.385843104611347805e-03 8.246569416241354353e-03 -2.438255052284658928e-04 7.544686551189629629e-03 3.279278898951483185e-03 -3.206716223184758949e-03 7.979790059241683234e-03 -8.378419468400819014e-04 2.343556253293650055e-04 1.929380992359067386e-03 -3.826262188988497140e-03 -5.054949190658783020e-04 -8.921349054587721355e-04 1.533513598420397890e-03 -3.678423090233598480e-03 2.533470662870482368e-03 -9.051018542593456144e-04 -1.905235105256881901e-03 3.703438088353462436e-03 1.639285044473027999e-03 1.757151301965033689e-03 1.281311662404082579e-03 5.160424224608347373e-04 5.976881974909940831e-03 -6.265045259342705850e-04 -6.647111594993791034e-03 -4.409396473184479769e-04 5.457746792889933696e-03 2.836957682252461838e-02 -3.349030071379373134e-03 -5.949761345199523072e-02 -2.188504792537501308e-03 -1.884940268293240975e-02 -1.048047573291711887e-02 1.685440013860430714e-02 1.231465446748743848e-03 1.835866932508871299e-04 2.817174057758568850e-04 1.096362844892180988e-03 -2.144961756757254325e-04 2.912822602563047876e-03 3.669727979437415952e-03 -3.168851853373875777e-03 1.182985138675029906e-04 -3.474960492249613495e-03 -2.101227397427524700e-03 4.353859705008645609e-04 -8.494798237586233692e-04 -5.950696473889703847e-04 4.392169471979928685e-03 4.805023649037905623e-04 4.038630811315067730e-03 1.471186131117697840e-03 1.923976650346648914e-02 9.364684617129012678e-03 -2.898196574932643179e-03 -7.097904216376199442e-03 -3.696966807037863068e-03 2.606159163581685777e-03 -4.091623248732009777e-03
0.000000000000000000e+00 0.000000000000000000e+00 0.000000000000000000e+00 0.000000000000000000e+00 -1.734625250345117847e-04 4.243453527123187442e-03 -1.589109318770192542e-03 2.904441695013914269e-03 2.656622571767153131e-03 1.873000548277456304e-03 3.609137224477407258e-03 2.398771885822765463e-03 2.399636114780157297e-03 1.999354850613524991e-03 2.837118350759408950e-03 -5.904453361991913486e-03 1.671888614343902679e-02 8.340411263757825308e-03 -7.594826635556531369e-02 8.289423511151002358e-03 2.057110909086076050e-02 3.988988714278692786e-04 1.710050404306705588e-02 1.117664195857892215e-02 4.177714511218923003e-03 1.474652074437984113e-03 -1.485111260334634389e-03 -1.109172083816873430e-03 -3.106593970960600925e-03 1.793049478134677152e-03 5.444845548743255503e-04 2.505935522353011473e-03 3.435233838993544554e-03 3.496051142792422437e-03 -2.803140562873047731e-04 2.804880988285813909e-03 -8.504975406292745012e-04 -7.089573310801604127e-03 -7.881393797353957809e-04 -1.864751533874575186e-03 -1.780833635207910201e-04 9.681819323331941878e-04 9.611952736439528496e-04 2.371919940685715197e-03 1.641710833899319780e-02 5.306757986662427162e-04 -1.931031751123115899e-03 8.040613610936688666e-03 -1.295434891980120230e-03 3.493215487276701663e-04 -6.915127981752281980e-03 5.822495504936775999e-03 1.596322271635342591e-04 5.456009532122932035e-03 0.000000000000000000e+00 0.000000000000000000e+00 -3.911766261978525359e-03 1.392962395069766374e-03 1.063121088914508339e-03 1.514085353336050779e-02 -8.690534195077402341e-04 1.150654027690835475e-02 6.080275313681922367e-02 -6.830858457886798338e-03 -3.879375053218382836e-03 1.087236277764202803e-03 5.278173442115066064e-04 -2.078475419771636055e-03 8.743197663333057614e-04 8.505091327502132398e-03 1.760355928982504652e-04 -6.260490913835223270e-03 -7.774289401787792472e-03 -2.517663661944278316e-03 6.095953709700447157e-04 2.651309521768593306e-03 -3.005923255028733563e-03 5.998010283965581751e-03 -2.811368899876943994e-02 -7.476678893563669078e-04 -1.139031179754321004e-03 4.498679253863886729e-03 -5.989456897284540712e-03 -1.116019785427857730e-03 1.089869114682106947e-02 -6.878769068362756284e-03 9.146660918172137313e-04 6.466651347888204698e-03 -1.015529833757643262e-03 2.038602674392798585e-03 7.068606490475087909e-04 5.618815957983687263e-04 -2.299060091947884542e-03 5.782004882769699664e-03 1.162903124607397171e-03 -1.711005390919022014e-03 -3.216349047206808632e-04 2.091991636221019260e-02 2.786411456930641250e-03 -1.863627569887122163e-03 -3.889541335016885078e-05 6.043683701285986094e-03 -2.319611032877050868e-04 -4.904599311833331664e-03 8.966323853680323698e-04 -1.256577519665569081e-03 -7.177819397546615632e-02 3.222518590131970371e-03 9.360734966247594158e-02 4.858873508849211563e-03 2.128069288456848826e-02 -1.207128344893412114e-02 2.752306507939701087e-03 -8.509154074982129556e-03 1.323742984975316518e-03 5.174908886173158057e-03 -4.007431662980089765e-03 -2.930499588908108514e-03 -5.853764535978300820e-03 2.429746667371572924e-03 5.184007570261447463e-03 -8.645251259022336196e-03 5.031306152031699876e-03 -4.359052609564923256e-03 7.746857303629860192e-04 2.004942799325514641e-03 5.991118376874216001e-03 -1.978847664034636029e-03 1.157781476295269805e-03 3.925462121687206540e-03 5.747283856193918447e-03 9.394889133198148709e-03 2.560114789172974418e-03 3.518483436667237292e-03 -6.317481414741798855e-03 -1.030776460173065057e-04 -2.203562778972075701e-03 -3.976151339799752389e-03
0.000000000000000000e+00 0.000000000000000000e+00 0.000000000000000000e+00 0.000000000000000000e+00 -2.831185103374055903e-04 1.785001101446717327e-04 4.308278712457468259e-04 1.244000127638549024e-04 5.056036697164691075e-04 -3.533616710942103206e-04 3.937947455005763771e-03 2.341842003612830750e-03 4.735287694535421929e-04 6.311318870984394640e-04 -1.338343395212531839e-03 9.360439959001005689e-04 -9.335365797134436566e-03 -9.698810213924599806e-04 3.274779606443650737e-02 -5.572119276496514863e-04 -5.107567201592377697e-03 -2.090014172698135587e-03 -1.096463336694876618e-02 7.498389355649799377e-04 -1.843724515049499288e-03 4.153696613606934918e-04 7.777284602729004053e-04 3.022403272820429988e-04 -2.446985513910844914e-05 5.139290136866947814e-04 -1.277494530756691964e-03 2.362422905247721599e-04 -5.570885208504960506e-04 1.595474344298257539e-04 1.247529065651732736e-04 4.997652217339471721e-04 -5.444847915316499841e-05 -2.982450519253860600e-03 -3.866062711838065893e-04 1.644723289927070735e-05 -4.790213957843932079e-04 -1.691111728546216490e-04 -4.006610974097019593e-04 7.276238913150873252e-04 -5.083407285723275625e-03 7.933114419917692423e-04 2.547536460142674490e-04 2.534324857594522974e-04 -2.373007187994749328e-04 -4.031842024452479646e-04 -4.806600563023972561e-04 -2.830825838400340827e-04 1.956941809223374960e-04 6.444214398312665161e-04 0.000000000000000000e+00 0.000000000000000000e+00 6.251483240070933572e-04 -1.628929916932829024e-03 -3.199814586662578586e-04 -8.690534195076683515e-04 1.898548958780365333e-03 1.443844886331158324e-03 -2.149626775011885538e-01 -5.409511440195730872e-04 2.826189902583411441e-04 -1.208918526445238329e-03 1.615442905569795760e-05 -2.248276755087947904e-03 2.496872777459700050e-04 -2.262860940751507729e-03 -2.626137920831439921e-03 -1.799909045813777287e-04 -2.179495734539571572e-03 3.327336868918194957e-03 2.756199156097114268e-04 -1.100687463554316176e-03 -2.533495358458025471e-05 1.217550048332237053e-03 -3.423984403546435559e-03 9.815314415279577549e-04 -2.759811439765013068e-04 -3.310854321955967322e-03 3.089905751329011154e-03 -1.966201551812421218e-04 2.789113369951152794e-03 4.907613289341830783e-03 2.933523761020556740e-04 -3.226168961634637115e-04 1.922698572033995721e-03 4.974426449920424809e-04 2.038982640148165651e-04 -3.798944872317501498e-04 1.802451986384380478e-03 -1.132247261195070906e-04 -4.534693974685856778e-04 -1.913916344673635434e-03 1.690994692867076347e-03 4.077376702043290432e-03 1.302985018368228807e-03 4.699711836953227723e-03 -9.174359790133361937e-05 -2.503368078476700571e-03 -2.024154060398948660e-03 6.208741297700063645e-04 4.480693458861279488e-04 -4.757074163841440440e-03 -2.986804663262002460e-02 5.438594620909073876e-03 4.318213877570454412e-02 2.488913146391124633e-03 5.180307838582709663e-03 4.645159458575361111e-03 -1.829472133683647875e-05 5.083669335714731917e-03 -1.193181599089192615e-05 5.926799514889316252e-04 -4.597906005346492041e-04 -2.007196546014808499e-05 -1.470464615505165601e-03 -5.725773422635344230e-03 2.396022370962757459e-04 4.153260294463050929e-03 1.054818263252685394e-03 2.542839549681380463e-04 -1.474678119182580517e-04 -1.317229989855931869e-03 4.503468604063720323e-04 7.748482051451133180e-04 -3.070551795653960066e-04 -1.271234683557297997e-03 -1.455010330817246064e-03 1.936683563100095526e-02 -4.374775215860386007e-03 -4.414922125005557607e-04 1.720797212440364167e-03 1.158433177391950250e-03 -3.116993398630685946e-04 1.252629202950543202e-03
0.000000000000000000e+00 0.000000000000000000e+00 0.000000000000000000e+00 0.000000000000000000e+00 -1.056461975606891573e-03 1.162985484109857123e-02 -2.846842982995237761e-03 5.627693679454605011e-03 1.343284548259752499e-02 3.495705273916383492e-03 4.074559707555530652e-02 4.255008899788500446e-04 1.232530439718971388e-02 9.073118979072479148e-03 -2.050707289779616672e-03 -7.700039745859311481e-03 -3.809559298817936923e-02 3.555070982986662138e-03 7.577695422154499816e-02 1.277497689892928730e-02 7.561546058507846724e-03 -7.143641966728987713e-04 -5.609226037861271552e-02 2.819298638189945971e-02 1.919221374347503985e-03 5.192285308994275088e-03 1.508206858248644028e-03 -6.214113469734274323e-03 -1.400816968259242790e-02 7.367919927251493153e-03 -6.192777586698610705e-03 -2.179884249397907696e-03 7.304639943610601906e-03 8.416045792847251863e-03 -1.418029181721412128e-03 7.765430541233436790e-03 -1.787213001511457578e-04 -3.622040777275185863e-02 -1.374490271679388101e-03 -3.041963275199781758e-03 -5.253692600751056450e-03 1.230915836635760848e-03 -2.344163034778122892e-03 1.025990114693920569e-02 3.238644907418027075e-02 4.162109172699819497e-03 -1.426123869691713238e-03 2.221094265670421966e-02 1.124013838858340091e-03 -2.577915514788108476e-03 -1.620767360867627835e-02 1.712478690880097146e-02 1.171462544260960153e-03 1.456546472981596653e-02 0.000000000000000000e+00 0.000000000000000000e+00 -5.036644166900262551e-03 -4.080916745864766187e-03 1.515284785669027221e-03 1.150654027691128470e-02 1.443844886331892546e-03 1.640516140516849464e-01 -2.228516141618683277e-01 -1.609861921669034079e-01 -7.180418653708117195e-03 -7.125026382478172847e-03 -3.400762796766455213e-03 -1.456711529719557051e-02 1.364325690056277093e-03 -3.462466344412232916e-02 3.617240639435131445e-03 2.056641384694724364e-02 -4.817728102494958989e-03 6.851993702671870141e-03 1.514308447102108175e-03 1.166908549094303714e-02 -5.686032371067563547e-03 2.054422398153630050e-02 -4.277684252532530651e-02 -1.607398007460232939e-02 8.068573249492556713e-04 -3.540422589378378060e-02 1.405017594779851831e-02 1.975016633182204162e-02 1.902961432389365520e-03 3.049253169770849321e-03 4.165411553268924538e-03 9.665573536907352131e-03 7.158364710465230443e-03 -3.359319482141153324e-03 -1.163792515319827473e-03 -3.065122082825758390e-03 -1.135062960279009311e-02 1.236718458018819938e-02 -1.232467867680605081e-02 -9.398507479835335049e-03 1.138612272703710092e-02 3.043982545676315876e-02 8.872641438645925693e-03 6.939884183046973742e-03 -5.650958917618712114e-04 -1.076148992807292662e-02 -1.228760884711153564e-02 6.608024251141702589e-03 2.321274186919335385e-03 -5.779104208865043502e-02 -1.709412318412114606e-01 4.749485139261010180e-02 2.155682527558333561e-01 5.050994621957614894e-02 4.068753391735286176e-03 2.597163548436193237e-02 2.596350892676475147e-02 1.874533192736697537e-02 5.818452528994048217e-03 -3.425390813292094206e-04 -3.953546607266711366e-03 1.875192887602653014e-02 -1.629013176402084942e-02 -5.838766815764512806e-03 1.656868124317656139e-03 5.153711271981031503e-03 1.002956585342834259e-02 -9.436259838759728999e-03 1.879553334094161577e-03 -7.036033697331818722e-03 1.473482939421940849e-02 -1.024925686166121806e-02 -1.182485605775209338e-03 -1.519247328798179267e-03 2.113381029976356407e-02 1.412894534162927318e-01 -9.641664763844483635e-03 -6.402437853381633993e-04 -4.244420402173930060e-03 4.814553514550062342e-03 -2.007252179082307311e-03 7.160625185210038601e-03
0.000000000000000000e+00 0.000000000000000000e+00 0.000000000000000000e+00 0.000000000000000000e+00 3.451553172385237594e-02 -3.129032924720093894e-02 -4.716812146601392919e-02 -2.169067310965987899e-02 -7.226988150132698796e-02 4.872996733052310792e-02 -5.029049392255172668e-01 -3.069295724747958531e-01 -7.468474958523642349e-02 -8.214405028423411859e-02 1.632870712162692028e-01 -1.089057763355681663e-01 1.169867647655986831e+00 1.059908422284703694e-01 -4.024055597605121548e+00 5.843643992410375854e-02 6.148624559475217577e-01 2.655303552953429125e-01 1.387791443850634243e+00 -1.132111767863892698e-01 2.207688987720021478e-01 -5.368644276962338674e-02 -9.356186963837860582e-02 -3.886956601249158538e-02 2.137652325068799264e-02 -6.674250538733222937e-02 1.607657592639407940e-01 -3.199318751325570809e-02 6.084261274327641689e-02 -2.238505399092630133e-02 -1.391039333737668221e-02 -6.854722915603916888e-02 6.202033002354352849e-03 3.769939576416243554e-01 4.997298959544788782e-02 9.211256003696481620e-04 5.905574770781343852e-02 2.389480567915344689e-02 4.663902328578896361e-02 -9.077750189447322815e-02 5.895784283499871936e-01 -1.022177034466485723e-01 -3.004268344641673749e-02 -4.075307358797503055e-02 3.698170149094213988e-02 5.023690470909857042e-02 7.374759077046695588e-02 2.936299454805661388e-02 -2.335751449905587585e-02 -8.772571770847947814e-02 0.000000000000000000e+00 0.000000000000000000e+00 -5.749549044384050234e-02 2.114765157334201062e-01 3.418016141032013261e-02 6.080275313682005633e-02 -2.149626775011918012e-01 -2.228516141617737645e-01 2.504860531137303781e+01 8.577302105322195946e-02 5.513817857053922300e-02 1.357986739316373870e-01 -1.515360166786289438e-02 2.739499575244288554e-01 -3.386039874428526525e-02 2.659360625849468973e-01 3.467865758648273067e-01 3.343559716309497942e-02 3.291930007123391455e-01 -3.868336671241582869e-01 -2.176389292627908117e-02 2.115731887963512581e-01 1.128641374297561541e-02 -1.691398212894172082e-01 3.655668646952851542e-01 -2.048188445805810276e-01 3.546828682305540326e-02 3.698975406123902188e-01 -4.175903422782122343e-01 4.371677356331002406e-02 -4.266570275020596381e-01 -5.664879308148752513e-01 -3.451126995937799785e-02 2.869488906183202681e-02 -2.416710668804500362e-01 -6.443049395513796018e-02 -3.353893440800975040e-02 3.771348458998521197e-02 -1.958835288038156264e-01 2.281867129943987438e-02 4.443203306421129178e-02 2.451648063785770160e-01 -2.246341921768036654e-01 -5.107218413859543338e-01 -1.932108701279403318e-01 -6.007667724330713055e-01 1.349553074354729008e-02 2.149346487949219120e-01 2.635953823507868887e-01 1.226072730797487902e-02 -4.006072431982971027e-02 4.851061437019359435e-01 2.827856068046250115e+00 -5.671128843659155594e-01 -3.956466615137628651e+00 -2.368711496800406935e-01 -4.873041980530045669e-01 -4.474689461728326156e-01 -1.252621009905607874e-01 -5.361980673035274814e-01 1.959504823600472997e-02 -5.385587625537557876e-02 5.079330253844677179e-02 -3.815538032692739057e-02 1.637930540639430388e-01 6.222068581635710194e-01 -3.801508070310218035e-02 -5.025012076356665247e-01 -1.231203675463800606e-01 -6.700015152677672725e-02 1.908249996357873693e-02 1.460362534937750256e-01 -6.711941593568075681e-02 -1.025664638325693989e-01 3.078602064040418876e-02 1.573099140790925887e-01 1.819857423685576070e-01 -2.371987135840011973e+00 4.863024094642854345e-01 3.828792496628277697e-03 -1.959479283931958860e-01 -1.515063671359770936e-01 5.234975246704153679e-02 -1.476523509104696874e-01
0.000000000000000000e+00 0.000000000000000000e+00 0.000000000000000000e+00 0.000000000000000000e+00 8.483435988965672050e-04 -1.357314327307592924e-02 3.154754229093039309e-03 -6.811848941844614140e-03 -1.714059203993329242e-02 -6.215602477800319034e-03 -4.792321924406054562e-02 4.780062887880302119e-03 -1.754916009466783722e-02 -1.078135751776996415e-02 3.985102252131735544e-03 -6.297241796207122015e-04 6.424325414657929001e-02 1.137322838532521876e-02 -1.404583285231595369e-01 -5.421494658536537593e-03 2.794558469737887414e-03 3.880016296131107937e-03 8.287841537928115898e-02 -2.659044524950555932e-02 -2.488967748427633152e-03 -7.209098547479413956e-03 -4.883156906599721118e-03 8.639163603904986832e-03 2.010463414926777145e-02 -8.917130389686804201e-03 8.482101602365560780e-03 4.068455338774563425e-03 -8.877990355970004008e-03 -1.201732013730286326e-02 2.073255808197203148e-03 -9.794257603711642099e-03 7.986712620647657595e-04 5.376807576019670964e-02 9.181870226670780632e-04 3.475794537225346606e-03 6.565433385624635382e-03 -7.252535129976263317e-03 3.632333932168467158e-03 -1.281003820698282600e-02 -4.456912175010740301e-02 -8.943963908992325074e-03 -1.045217407728490271e-03 -2.280343517213383187e-02 -6.317346940463351886e-03 7.152481197818773978e-03 1.496094996346161547e-02 -2.121751957626038035e-02 -1.624371503482405828e-03 -1.453172819196006833e-02 0.000000000000000000e+00 0.000000000000000000e+00 8.615861113106748626e-03 -2.261710374098064701e-03 2.209910885179275190e-03 -6.830858457888585970e-03 -5.409511440195370916e-04 -1.609861921669041573e-01 8.577302105322948123e-02 1.822385422595374505e-01 2.256926399275768075e-03 -8.247294967052096887e-03 5.151426576982943810e-03 1.718240632835191933e-02 -4.448408889749069827e-04 4.290626758823039288e-02 -5.912897284332266357e-03 -1.379152302285254449e-02 -6.326205200870298369e-03 -9.836800191142622274e-03 -3.195197584857925426e-03 -1.169770668992653993e-02 7.425976175762281396e-03 -2.124411513629217291e-02 6.510190880743482733e-02 2.902225702278143221e-02 -1.183777380476426630e-03 3.661373974874876369e-02 -4.293342127574706346e-03 -7.993138557931945762e-03 1.053952272419073077e-02 2.511572852239231553e-04 -5.372267166961110750e-03 -6.095770355964500418e-03 -1.011927693363734275e-02 4.523293170665859328e-03 2.765394491073601500e-03 1.659347886937964298e-02 1.720458709640191805e-02 -1.592796894284906686e-02 1.183458770996484791e-02 -5.723453542945779356e-03 -5.228724176098968439e-03 -4.123430757837613647e-02 -3.604039403213189253e-03 -2.395024712138321341e-03 3.734205007045704287e-04 2.171771028015594476e-02 8.712438683753109120e-03 -1.907581021383078154e-02 -2.747237027198609714e-03 6.542492171024980041e-02 1.832310714633375304e-01 -4.765461798977095598e-02 -2.637377896989094861e-01 -5.338795127704350219e-02 -1.929375601916153912e-02 -7.143090519815357975e-02 -9.839240541208011531e-03 -6.896039269851885270e-03 -8.061004188956005442e-03 9.477165076756308842e-03 4.736546684601748020e-03 -2.109818938889045786e-02 1.658312379201724515e-02 -6.926107625325663569e-04 -6.017052271436575638e-03 -1.205696040396776920e-02 -1.308987360069412825e-02 9.909569137688672980e-03 -1.797703998190595389e-03 7.473905229583082885e-03 -1.448778518460856930e-02 1.886765396691876887e-02 3.260660134292678834e-03 3.719414498218373555e-03 -2.629273552699045238e-02 -8.561868384256936249e-02 2.482637670396934879e-02 3.571801226780816230e-03 -7.377602999744224503e-03 8.560625179988511600e-04 4.775250310469479967e-03 2.316803819573109123e-03
0.000000000000000000e+00 0.000000000000000000e+00 0.000000000000000000e+00 0.000000000000000000e+00 3.443228592911713000e-04 -1.317202035380442130e-04 -1.108777497482664031e-04 -3.065001232092775477e-04 -5.819089501674811664e-04 1.438142430276660982e-03 -4.676822714087860641e-03 -4.368263727640891818e-03 -1.130016402818627809e-03 -7.100859186789932860e-04 1.238322248108597503e-03 -1.419755452817166117e-03 1.019805137149006925e-02 1.177223590377579751e-04 -3.193945350714959275e-02 1.174291399200799637e-03 3.722030904699370844e-03 3.247679029030257642e-03 1.206809941182105175e-02 -2.246738707746256860e-04 2.091224761748279939e-03 -8.633849194439350498e-05 -2.132312440219239294e-04 -9.033422244927025429e-04 8.303149015302824665e-04 -5.299965207251591988e-04 1.604561777249650933e-03 8.057129920267753825e-05 6.024639968773614967e-04 9.203557810771925956e-04 -1.516080140977456108e-04 -5.435893627890724675e-04 -2.845882762304501414e-04 -2.629056868379969769e-05 6.555922122935583640e-04 6.268531199868338606e-04 4.324955225891283553e-04 1.356727773050708146e-03 2.923273302123647710e-04 -2.258773379550578519e-04 5.578237209575675169e-03 -5.258694698503256276e-04 -2.513828609813925446e-04 3.953927031238173057e-04 1.484621461265030716e-03 -8.089284759574456472e-05 1.168211130586599639e-03 5.868401109709814670e-04 -9.622338164202484374e-05 -8.678646182184479889e-04 0.000000000000000000e+00 0.000000000000000000e+00 2.773501008529739246e-03 3.084837449480310606e-03 -3.086942530658104769e-03 -3.879375053216575688e-03 2.826189902581342783e-04 -7.180418653706448391e-03 5.513817857055916538e-02 2.256926399273211526e-03 2.273064869605387686e-02 8.542811900893387215e-04 1.736170577658398533e-03 1.428855774142382502e-03 -2.041261880177751807e-04 -1.501763096873240909e-02 7.892826379972408060e-03 1.978229992573573084e-02 2.101022868596251827e-02 5.721340512031112928e-03 2.849564424798712659e-04 1.939610928216534830e-02 1.791437667965375177e-03 -1.088366288863694582e-02 -7.382645205909879604e-03 -1.899387081270876090e-02 1.270728444466622409e-03 -1.671952450455331529e-02 4.314557407042034741e-03 2.150125880616150786e-02 -3.393186671992360487e-02 5.439142714123356911e-03 -1.907549287692543970e-03 -3.528168440433802639e-03 -2.384054864906392634e-03 -2.873219489197682787e-04 8.478138101038422934e-04 -3.781104716815117438e-04 5.535350550215372908e-03 -5.327176893086945850e-03 1.893486084568403059e-03 9.430172506095747462e-03 -7.520645322833925672e-03 4.004285670693803235e-03 -6.952268341953091874e-03 -6.942561787576557661e-03 -8.641956264109327841e-04 -5.312270696582341301e-03 4.966786232944817026e-03 4.960823310595803039e-03 8.940786542013896485e-04 -3.829382293833040896e-03 -5.890267119450415256e-02 4.219493974040244670e-03 1.079030033714487302e-01 2.451200585447533501e-03 1.692880707401489895e-02 2.012732239963771486e-02 -3.374903002486025899e-02 8.954802813330199618e-03 8.155688533996201988e-04 2.020692123820840014e-03 -2.708392117025048944e-03 -9.208566506932707244e-03 -5.476067890746194947e-03 -1.400215361293799792e-03 2.171503007701872535e-03 7.375946504981939923e-04 4.320639919142311991e-03 2.944496382466590088e-03 -9.084263909554975147e-04 -5.935662824246443420e-04 -7.813912367380041867e-04 -3.472518147067322689e-03 -7.680808254261666315e-04 -1.929964009982474424e-03 5.788598070956108878e-03 -2.695121804887746012e-02 -9.422882079778148109e-03 2.889402286891487245e-03 1.488280910624813387e-02 8.881560981330054909e-04 -6.035443765448283461e-03 3.211382096015305554e-03
0.000000000000000000e+00 0.000000000000000000e+00 0.000000000000000000e+00 0.000000000000000000e+00 -2.917451486325366096e-04 2.190063328495504575e-03 -1.575454999554757381e-04 1.646224157510938271e-03 2.884732916540944797e-03 1.523813642342798256e-03 7.574429803154360437e-03 -1.731828591745056798e-04 3.711513453305969636e-03 2.098538745932688066e-03 -1.722141098122962830e-03 4.558094486980455474e-03 -2.146692682408505096e-02 -6.491316706921236405e-03 5.021302762901469485e-02 -3.093134543388567637e-03 -5.104817281800765223e-03 -3.663258251011556558e-03 -2.176380508318272525e-02 2.428851060491669933e-03 -7.553068397038367049e-04 1.952103299680991132e-03 2.342260239347812491e-03 -9.748519333479478601e-04 -3.805695619078265212e-03 1.853811278272924582e-03 -2.320055382820704944e-03 -4.975592053985666017e-04 7.931711084487117749e-04 2.708630921646305346e-03 -2.245941171032264465e-04 2.257085672749865185e-03 -6.545232345859921868e-04 -1.325941225675051141e-02 -3.180050169791900829e-04 6.747865839849642819e-05 -9.832070667660269998e-04 4.493097282297420399e-03 -5.237387974485743433e-04 2.126827813141465590e-03 3.236769601798865099e-03 3.864817944945438295e-03 1.467383740704153450e-03 1.762045586566864368e-03 2.052763193931589521e-03 -2.984148348836463457e-03 -3.934627790225315091e-04 3.027017312699879781e-03 4.412807110323862386e-04 1.689416555067555729e-03 0.000000000000000000e+00 0.000000000000000000e+00 -3.446718442641763178e-03 6.941832297816327366e-03 -2.588869068609553521e-03 1.087236277763833957e-03 -1.208918526445909667e-03 -7.125026382480729829e-03 1.357986739317125491e-01 -8.247294967050766354e-03 8.542811900883465681e-04 1.920142828053864048e-02 1.134479374225054677e-03 6.625719704150846972e-04 -1.997457234288147160e-04 -3.758011425147159135e-03 1.062409555696216916e-02 -1.070512753692064297e-03 4.204869463389264428e-03 6.158320120042568881e-03 9.038468629327211894e-04 -1.899219675953124587e-03 -1.893290984718835933e-03 4.475996170468793042e-03 -1.905115805683153807e-02 -5.934985463341803553e-03 -3.736479828696386051e-04 9.659248683836333695e-05 -1.693293777510928091e-02 -1.924808615798327118e-03 -2.331526133876547432e-03 2.315563516182296208e-03 3.106131444063804647e-04 -9.047069297255899397e-04 3.240412682739168392e-03 1.387487395114017749e-04 -5.653145514427875126e-04 -1.010443839035015182e-02 -8.424051455451039838e-03 5.046899046240169336e-03 1.101146495733431848e-03 1.254721997959231360e-02 -2.554311817803433995e-03 1.958178626949559631e-02 4.094033584214046674e-04 -3.497301391922003825e-04 3.637113366815195926e-04 1.269034294379052866e-03 1.504081369423180842e-03 2.720758881500107921e-03 -8.115270869879604929e-04 -7.728728451131974472e-03 5.588569527525840547e-02 5.260482232141349898e-03 -6.898818655965452407e-02 6.925427473216003334e-03 -1.186357019650216213e-02 5.792240711734895214e-02 -4.315899555115785581e-03 2.232816799154399220e-03 1.549037840176201684e-03 -5.098652432917675191e-03 -3.813122691714705866e-03 8.184401831110474715e-03 -7.623954452608071959e-04 9.217119186637633479e-03 2.975422237362470093e-03 1.102879519372855673e-02 7.034883373778841450e-04 2.520748000230783881e-03 -3.846656144814516337e-04 2.314994534469274733e-03 9.125008824913369591e-04 -4.207330411460815517e-03 -1.629812446477664099e-03 -2.379260771518910619e-03 3.033276826563191704e-03 -3.686510608566864050e-02 -1.475141726361918829e-02 4.481984461867404186e-03 1.165810101394955910e-02 3.790634672929266754e-03 -5.177770357888040326e-03 -2.686813024290974315e-03
0.000000000000000000e+00 0.000000000000000000e+00 0.000000000000000000e+00 0.000000000000000000e+00 -8.585829070186759733e-05 -4.771378677228522937e-06 9.341780325551934038e-05 -1.093896430173051657e-04 -8.538951915126444974e-05 -7.988589807375407132e-04 7.004062577407452932e-04 2.703854071586174815e-03 1.426396505999035554e-04 4.628082007595193378e-06 -4.389318070665250903e-04 -3.718729497964960436e-04 -2.238373833437478418e-03 1.527398598984822803e-03 9.164730471350785931e-03 4.754687551496419775e-04 -1.943328931020043421e-03 -1.087418155816176086e-03 -3.474679890863422577e-03 8.995661305810417202e-04 -8.350429127162747704e-04 4.070125283262954988e-05 1.504380619355980063e-04 6.973036647773161231e-04 2.308220207924270996e-04 -2.073870080037121526e-05 -4.273369831627511924e-04 6.780317629508716970e-04 -4.482494645290185063e-04 -2.958418876851524101e-04 1.036182862953532248e-04 1.109835876400058199e-04 -4.752402706781479424e-05 -4.792205804865082904e-04 -3.146167900617866478e-04 1.906944848573079089e-04 7.873773260465448723e-06 -6.475106726177965420e-04 2.653192745970728755e-05 7.553614065234596098e-05 -3.474464664980494305e-03 7.809810534436956316e-05 -1.934770251495821012e-05 -1.660198360896267288e-04 -9.011351594000785968e-04 2.604261885072127860e-04 -2.930623544273756528e-04 -9.199351880189183400e-04 2.735624906059556623e-06 3.473877115824493766e-04 0.000000000000000000e+00 0.000000000000000000e+00 5.650130805353467895e-04 -8.690712799535243527e-04 -6.350963951785458441e-04 5.278173442115238452e-04 1.615442905583633229e-05 -3.400762796766919251e-03 -1.515360166787647900e-02 5.151426576983367950e-03 1.736170577658612772e-03 1.134479374224870796e-03 3.406165891904045472e-03 4.022225435741340945e-04 2.410242152954306550e-04 -4.382317555554970240e-03 1.866801224060794405e-03 8.460074724073495325e-03 3.009956335328490933e-03 2.219168810836051609e-03 -5.942665400492740503e-04 1.595236217770087212e-03 6.547188389867359759e-04 -2.530463152672864525e-03 2.557034717040766736e-03 1.404418703538510486e-04 2.694767989782210333e-04 -3.992580297676751218e-03 4.957686620773530881e-03 8.944492192763607227e-03 -6.305197708595233069e-03 3.108926588640503665e-03 -7.319644662940321279e-04 -1.711624676337011050e-03 8.101902597221846431e-04 8.360854313091935219e-04 1.058750647495270520e-03 5.843418111886307473e-04 9.746029026065501340e-04 -1.456221605406747468e-03 7.658671220139902109e-04 3.107991059581575836e-03 1.253130040633101570e-03 5.103997526503345136e-03 1.047925774558017883e-03 3.629765180197622523e-03 -3.532489731146617844e-04 5.201034923747020061e-03 -5.064725695386516988e-04 -5.116841127289225612e-03 -9.357474855184295080e-04 7.133733739470907859e-03 5.311417376272932478e-02 -5.306015525908184920e-03 -7.741609631096854627e-02 -6.142122843876607341e-03 -1.546775024690019706e-02 5.439969040786303382e-03 -1.551236246539556239e-03 6.330362130927037409e-03 -1.551988408661668546e-03 6.479761902109641442e-04 -1.254078782718249857e-03 8.635046265097683993e-04 -7.999385170309501010e-04 3.430275375711825357e-03 -4.512476474346185560e-04 5.842221939416646775e-03 -4.939069090570233529e-04 5.651911875825739971e-03 -7.589720509004749260e-04 5.957783653332784273e-04 8.462649224412940852e-05 1.687066163210075099e-03 7.156119485504522718e-05 -2.072068858968704151e-03 -1.481843551482529451e-04 4.356340589559991316e-03 -2.121798037177851769e-03 6.874662983114699158e-03 5.536173177677332184e-03 4.602008380057973254e-03 -3.640282117236610937e-03 3.590427700024166006e-03
0.000000000000000000e+00 0.000000000000000000e+00 0.000000000000000000e+00 0.000000000000000000e+00 5.724913009539282869e-04 -4.438614096078020987e-03 5.362014043187805345e-04 -2.264443376342203593e-03 -5.426399980928537335e-03 -2.049620218608553396e-03 -1.662164678043915808e-02 3.683425683694527308e-05 -5.530778309792112185e-03 -4.056229447485503251e-03 2.796224797333843846e-03 -3.423600715972269053e-03 3.139140054589931866e-02 6.782553928825076073e-03 -8.550560916583667403e-02 1.101705507457176672e-03 4.572437327772686105e-03 1.942522053904356151e-03 3.948091598334106667e-02 -6.370352286356094351e-03 4.914565353174403647e-04 -2.947920552405001223e-03 -2.134798535183429075e-03 2.533885670415227283e-03 5.689095440184060125e-03 -3.502559780008968580e-03 3.421459182045949454e-03 1.401814659625707496e-03 -2.374156249816461450e-03 -4.566927285942472964e-03 5.954555884736868233e-04 -4.072114353027077999e-03 4.957227769505651721e-04 2.030293697812065451e-02 3.299019952661831189e-04 1.699556932416335618e-03 2.392403911126112469e-03 -1.024631001145719610e-03 1.622992559381447163e-03 -4.115336809973643532e-03 -9.398335394592232869e-03 -4.706690484619650318e-03 -1.001359090561652204e-03 -6.064239036608641380e-03 -2.337638893284722189e-03 3.056361480542184664e-03 3.970345554227805267e-03 -6.947693830866839317e-03 -6.328820440955177946e-04 -3.732977007366772293e-03 0.000000000000000000e+00 0.000000000000000000e+00 9.807059644580831768e-04 2.037915985016272927e-03 1.746668273648771877e-03 -2.078475419772048485e-03 -2.248276755087198070e-03 -1.456711529719433365e-02 2.739499575243480312e-01 1.718240632835203729e-02 1.428855774143528721e-03 6.625719704136685123e-04 4.022225435740539178e-04 1.617116577506593628e-02 -6.448877408499966053e-04 1.625678327347359264e-03 8.753064969365221409e-03 8.792643701171578424e-03 4.539678355089007793e-03 -4.104751284753044294e-03 -6.382389751021643343e-04 3.815182353308950100e-03 2.370020200505616476e-03 -2.420503414373622719e-03 1.871009587308097508e-02 -1.504408697619617015e-04 1.227232813600834249e-03 1.143618042590088032e-03 -2.199514578782825990e-03 1.080712934383238656e-02 -6.945949276090347506e-03 -1.659499499351257219e-03 -2.667635534798159548e-03 -8.319381616775579002e-04 -4.416004345551535586e-03 1.127263719190944305e-03 -2.702647060428464611e-04 5.068347961989505372e-03 7.873168299011468630e-04 -4.991325182135306418e-03 3.980349550011408159e-03 2.074594662362953465e-03 -3.173254910909667492e-03 -1.891917654691905107e-02 -2.280916286001475127e-03 -7.349035582507432336e-03 1.015613836564151998e-03 1.019081610785153684e-02 8.483530760274091490e-03 -5.909450233987961938e-03 -1.702519980274295108e-03 1.713246261700731091e-02 1.276320270290658143e-01 -1.234504351910754166e-02 -1.712663564955838602e-01 -8.624602318604556242e-03 -4.219395180115682875e-02 -7.465149103033053794e-04 2.792968745114194143e-03 -3.688391955958028080e-03 -8.687565501126041662e-04 2.171671007386489116e-04 -4.212419737668313168e-05 2.495790942419144794e-03 7.730816216461193317e-03 1.114036440959844873e-02 -6.426229328091406789e-03 -3.439248910938566550e-03 -6.653218544327136122e-03 -4.553679603531697422e-04 -3.745807517711464822e-04 3.604837846398132629e-03 -4.632805262496189971e-03 5.753500316107902808e-03 6.459168735106061467e-04 2.158794874813919993e-03 2.358090435111627361e-04 -2.586188917797214298e-02 1.481631662971387084e-02 2.389411479104811518e-03 -4.268206142420316075e-03 3.846564783162293279e-04 4.500154663426791934e-03 3.155457112190568217e-04
0.000000000000000000e+00 0.000000000000000000e+00 0.000000000000000000e+00 0.000000000000000000e+00 -1.289938373683119951e-04 2.465656816806300429e-04 8.803641114461597443e-05 1.318081827764946729e-04 -4.481355305811467855e-05 -2.296315062714992757e-04 7.504703815089812423e-04 9.686105278117473905e-04 -1.701118847262426503e-04 2.227422763222353325e-04 -1.869752332944316564e-04 -4.776704780063055706e-04 -7.152901643446506717e-04 1.168958282722871696e-03 3.672158327515514728e-03 6.515412626385967991e-04 -1.111871301566957015e-04 1.793027194748231419e-06 -2.395432156996415290e-03 7.675419590588510553e-04 -4.735319775617703188e-04 9.970598159014249634e-05 -4.802486679636161547e-05 1.172210399161944356e-04 3.389432924992665311e-04 1.973684756619002874e-04 -1.755530179136094839e-04 1.348965196677016291e-04 -1.229975889898490956e-04 4.697104975866806336e-06 4.765547482366011686e-05 1.678008549018454544e-04 -5.244048445790281630e-05 6.024306995685505938e-05 -1.848410549103918134e-04 1.092215248333007171e-05 -1.182766800076902433e-04 -2.948543415540802047e-04 -3.351508190815749599e-05 1.673355009105259041e-04 -1.724567594776692508e-03 -6.858890138353683627e-05 -1.808254990994248655e-04 5.144102450869398680e-04 -4.219160668509030045e-04 2.308235610763085242e-04 -5.802335056020659510e-04 6.346592865645852492e-05 -8.886305905963262468e-06 4.559434607184288430e-04 0.000000000000000000e+00 0.000000000000000000e+00 2.673171051666632897e-04 -1.551167164639667782e-04 -1.845141038906487039e-05 8.743197663335402743e-04 2.496872777460500191e-04 1.364325690055409731e-03 -3.386039874429411928e-02 -4.448408889741250561e-04 -2.041261880178860946e-04 -1.997457234285406568e-04 2.410242152954421204e-04 -6.448877408501271433e-04 9.413477637562668197e-04 5.471532088974010973e-04 9.466528022467135886e-03 -4.085671373154026805e-04 -2.452845057859971093e-03 -5.959899340759643649e-04 -3.148177488118601253e-04 -1.276621924977178971e-03 -5.778037674903144629e-05 7.249798154164042649e-04 3.024562858675617326e-03 1.551074185204984104e-03 -4.849217822772479989e-04 -1.199688188886910640e-03 -2.229023901833603136e-03 1.317139972062664026e-03 1.331582589703938016e-03 -4.005264415902484243e-05 -1.400421216588102489e-04 2.357546608312793119e-04 2.692453452799727868e-04 1.316862198261330445e-04 1.061271044006700435e-04 4.011260483749560265e-04 -7.215904497823415068e-04 -2.548215389427247769e-04 -7.195002989471703829e-04 -7.023185101047252311e-04 4.649628241740979173e-04 1.574705461140839952e-03 1.232507863882312130e-03 2.083337916383942029e-03 -1.222351549710172449e-04 1.753150389087726859e-03 -1.550148506988321007e-03 -1.880771442529666389e-03 -1.495363122813503007e-04 8.520546988850189601e-06 6.219405587383560960e-03 4.834694024915103241e-04 -1.142810249358215333e-02 2.394146880302799613e-04 -2.476686898825216157e-03 1.049773896206537415e-04 4.020824778510366515e-03 2.962347573996019709e-03 -3.335140718035008948e-04 3.885941117693730807e-04 -2.536563031402606135e-04 7.452888457955710423e-04 -8.226789962526850301e-04 -4.528833010325550648e-04 -4.198375572330692021e-04 1.856966043967458188e-03 -2.905479586639865682e-04 1.235196457081817528e-03 -7.245053429686930673e-05 -1.499622597598075614e-05 4.281020004003160398e-04 5.699860045276202228e-04 7.315682235092048910e-05 -4.040442409785157296e-04 -4.537397543929892535e-04 3.085357780576764193e-03 -1.152805336758414576e-03 1.197216025354326356e-03 -2.665086353474535662e-04 1.360077468700512980e-03 -8.387441211327650512e-04 1.338789503041788297e-03
0.000000000000000000e+00 0.000000000000000000e+00 0.000000000000000000e+00 0.000000000000000000e+00 2.243864228512908502e-05 -5.351336481128190180e-03 7.458321497944742258e-04 -3.906534969941639727e-03 -8.519332486056964762e-03 -3.051325070513866144e-03 -1.767383232322044737e-02 3.150656976413164674e-04 -1.308797084497104711e-02 -4.733763747226781525e-03 5.084215516886055226e-03 -1.411266782171312177e-02 5.833991878852120422e-02 2.468965936877155418e-02 -1.534639974529501960e-01 9.579963193130548380e-03 3.589462982107263778e-02 1.451850223215650666e-02 6.293255374967000881e-02 -2.165072153830317932e-03 9.225703521083624846e-04 -5.254969081050195161e-03 -8.088468681039774621e-03 2.808032121937177172e-03 1.368928853503079135e-02 -4.160391039380650913e-03 6.193416203056309813e-03 4.609959026348757114e-04 -2.746832697642193413e-03 -7.414568008622842744e-03 1.013377308551046893e-03 -5.557327189051706508e-03 1.612700522160496596e-03 3.560757548523567351e-02 -5.269293628695925514e-05 2.256620922819756354e-03 2.783920273796548859e-03 -1.227412857735304605e-02 1.709926325957183621e-03 -6.220745714970476667e-03 -1.829548950838820465e-02 -1.129858121287104049e-02 -4.910970437415685882e-03 -1.587815912771249009e-03 -8.609624226432561686e-03 9.552798228771159500e-03 -4.177331662614478533e-04 -2.690338770935392799e-03 -1.086694363798661796e-03 -1.248681260552248363e-03 0.000000000000000000e+00 0.000000000000000000e+00 -9.263137577452915409e-04 1.030692606105794613e-02 7.764082800395274639e-03 8.505091327502517506e-03 -2.262860940753095868e-03 -3.462466344412136465e-02 2.659360625851036053e-01 4.290626758822851938e-02 -1.501763096873476658e-02 -3.758011425147210743e-03 -4.382317555554790696e-03 1.625678327348554705e-03 5.471532088964219543e-04 1.254221777193686160e-01 5.925104133740530417e-03 -1.062586268589839206e-01 -3.073747923563616841e-02 -3.898848632850784174e-02 7.950240615359317016e-04 -1.391292878288576812e-02 -1.680237025106537949e-03 3.546838079171086861e-03 1.862048370051203050e-02 1.850827486230993343e-02 -5.922524972920221141e-03 6.631673598412143877e-02 -6.209861180453233459e-02 -5.164919535102838188e-02 5.530182057112330296e-02 -3.034159471675961992e-02 2.011278590498412344e-03 8.714849836105400399e-03 -8.879867123643817028e-03 -1.475634247879974766e-03 -3.795148824741009785e-03 6.915639085277995937e-03 -1.352302909053569938e-02 1.664800803278981486e-02 -1.794313396744864246e-03 -1.247014081977874250e-02 -5.117242664455011556e-04 -1.772811600833839804e-02 1.612230904167119734e-03 -1.035326345245068773e-02 2.183081381710515103e-03 1.664945619367740742e-02 -3.081956245971386767e-03 -3.086798892618994317e-03 -4.482355192002015565e-04 3.709626462174147633e-03 2.850892166844529868e-02 1.640303101979663286e-03 -8.326956692525948334e-02 6.114925951667002368e-03 -2.060683594332872806e-02 -1.098886088588159164e-02 4.226880610133702809e-02 1.207072130645933661e-02 1.058740885393973270e-03 6.736218409990536726e-03 7.198969373337724825e-03 5.944817159571386296e-03 7.247838134776409154e-03 1.525371928934445400e-03 -6.607226849920413460e-03 -8.097825159407358742e-05 -1.102155262307987112e-02 -6.475242160447853765e-03 2.817379579756781275e-03 3.608720656318612895e-03 -1.306052858512109205e-04 1.256665761014323125e-02 2.321263687617443078e-03 1.799765601375786367e-02 -8.390186941494593223e-03 8.074985015845859149e-03 2.248580412337447196e-02 -1.931669925838778654e-02 -3.673475196227221629e-02 -5.628069111314870816e-03 1.092994187430836039e-02 -4.064367172763551014e-03
0.000000000000000000e+00 0.000000000000000000e+00 0.000000000000000000e+00 0.000000000000000000e+00 -3.481939373624965469e-04 4.028771230737178280e-04 1.302707912073414361e-03 -7.785166651462601577e-04 8.294882538171322126e-04 -2.198964040192145919e-03 4.660463392113415627e-03 1.935409317777511034e-03 2.945778158092398572e-03 1.094802468725100154e-03 -5.839554453348955870e-03 1.552212070645167530e-02 -4.581160171231903055e-02 -1.692882413835717151e-02 1.716373886878199695e-01 -1.491880069224667260e-02 -2.917257640175692848e-02 -5.076791874248882258e-03 -6.930414950868023227e-02 -1.206741611094509260e-02 -5.432264697151833674e-03 1.081069475665451946e-03 4.732700482910344800e-03 5.992824982422482669e-04 -1.407151406882098908e-03 1.073818606436271680e-03 -3.194338805643528144e-03 -2.250270478190740005e-03 -2.362527080140019737e-03 -1.450220480470947536e-04 2.876065167860085555e-05 1.252686818006862692e-04 -5.513559687117847337e-04 -4.925194248201788909e-03 6.662840092701298629e-04 -6.885777896279334648e-04 -2.695552991923816886e-03 4.214651146809975449e-03 -1.326566924668270715e-03 2.768092954836971417e-03 -1.150338928539973785e-02 5.909526652106796528e-03 2.084520606320063030e-03 -5.859104425051430212e-03 5.520364690186197083e-03 -4.281165959469670351e-03 7.042906394375768840e-03 -3.290020726696327950e-03 -1.912267358239494756e-04 -3.226805078703934120e-03 0.000000000000000000e+00 0.000000000000000000e+00 7.551128243465202476e-04 1.283572291924605854e-02 -5.475896671073003652e-03 1.760355928992369807e-04 -2.626137920830468910e-03 3.617240639434291839e-03 3.467865758647218355e-01 -5.912897284328482057e-03 7.892826379972198159e-03 1.062409555696203559e-02 1.866801224061378790e-03 8.753064969366140813e-03 9.466528022467468953e-03 5.925104133740628429e-03 2.318769764019002477e-01 8.541044759573167625e-03 3.289363857411414099e-02 -1.776711788284528540e-02 -4.247281555713113867e-03 8.325442541259570756e-03 3.376098929373159713e-03 -3.001913999217416425e-03 7.356655961697217139e-02 -1.703246468871394761e-02 -3.800397786662352943e-03 -5.043052954797148588e-03 -7.371582281912346379e-02 1.956724065564817427e-02 -2.604684542895426003e-02 -1.023042033367480876e-02 -2.732924820171089755e-03 -2.703969245027624353e-04 5.186568504573101090e-03 -1.009684999839232083e-03 1.165457560023751065e-03 -3.761047877586152187e-03 -6.662068251073427830e-03 8.166797308743940081e-03 -1.875503818273589014e-03 1.643775961481509784e-02 -3.563324359172156085e-03 6.116103436672720890e-03 1.111468128065230473e-02 -2.192849644500290129e-03 1.298744585188460086e-03 1.582317169822183150e-02 6.054578238075794885e-03 -5.656657729110890417e-03 -4.135143793363027162e-03 -9.731104609810279499e-03 3.036310513630028352e-01 1.068110960337947599e-02 -3.791421095502371386e-01 1.487572962402653604e-02 -8.752357942275083846e-02 6.812795681463937325e-02 2.264759690934940034e-02 3.814294288638522129e-02 -1.984874529039132134e-03 -2.598639183776295641e-03 -6.831721152703042720e-03 2.721888417867533369e-02 2.418016083248415802e-03 1.394930317768897782e-02 -1.589587689885823066e-02 8.608529505076524188e-03 -1.660433297062966981e-02 1.076070147545391334e-02 -1.061210618953947705e-03 7.694540213509849270e-03 -4.901323309953127365e-03 -7.955479539284984400e-04 -9.162312587038243033e-04 -4.776463766636225745e-03 -9.383326170821016179e-04 -9.652508730072750787e-02 -1.822838153856360180e-02 1.309333415291531570e-02 -2.443258943196913602e-03 1.495866410235334280e-02 -4.870384722837690916e-03 1.903341213502502544e-02
0.000000000000000000e+00 0.000000000000000000e+00 0.000000000000000000e+00 0.000000000000000000e+00 3.385744908654617904e-04 1.106725866738710777e-03 -4.407188099553768475e-04 9.071543730576726123e-04 1.509945485249789086e-03 -5.308061348960368183e-04 -2.921630167768355778e-04 -4.017723957151013675e-04 3.778180145263217160e-03 5.150251588666387124e-04 -7.657118094038604245e-04 3.386361847761728064e-03 -1.175599588807581600e-02 -6.291458973711873057e-03 2.274240365588184321e-02 -1.762264753238407993e-03 -1.988378467011323036e-02 -5.439932913194722719e-03 -1.304571680412421227e-02 -2.450702900783255193e-04 1.206734101807596530e-04 1.186190747692003741e-03 2.857908581762717143e-03 -9.260426988531680111e-04 -3.665702873630305100e-03 4.111429280821489213e-04 -7.484018536051043448e-04 4.069688968398088081e-04 3.164026836054576928e-04 1.081631902848030711e-03 -2.392384850479656213e-04 4.942780621435174503e-04 -7.211780958878111995e-05 -9.910652025189366915e-03 4.408144753125625140e-04 -4.194709720752526697e-04 5.628009306838364402e-05 6.226631126622934193e-03 4.051565741481228116e-04 1.313151991260752766e-03 5.650337965036763242e-03 2.563662428232939966e-03 1.243143675126827646e-03 -9.989074709472391556e-04 3.586366274000711996e-03 -3.004253801804494459e-03 2.375917023046474411e-03 -2.995693361815734718e-03 -1.733088729979625770e-05 -5.217620992363220097e-04 0.000000000000000000e+00 0.000000000000000000e+00 3.448421663620324183e-03 -6.402706136441238711e-03 -3.233695404651425187e-03 -6.260490913835801800e-03 -1.799909045787059293e-04 2.056641384694734079e-02 3.343559716280511407e-02 -1.379152302285006383e-02 1.978229992573853069e-02 -1.070512753692521831e-03 8.460074724073382568e-03 8.792643701170469936e-03 -4.085671373141020173e-04 -1.062586268589864880e-01 8.541044759573431303e-03 1.402124578476129368e-01 3.463486388336699945e-02 1.010704163652448653e-02 -1.648064105795985553e-03 2.598790790183987121e-02 3.902641000924746487e-03 -6.435024869681082484e-03 -1.255966261591655309e-03 -1.876216071754878770e-02 6.609658754157552406e-03 -5.695540656665731838e-02 6.160278726778743025e-02 8.170403524449885990e-02 -6.266288528916920397e-02 2.068886457814654578e-02 -4.893727932313692887e-03 -7.356865316699431195e-03 1.345930332671330327e-03 8.971341908920471304e-04 3.727549083027195068e-03 1.583919311118686408e-03 1.215198186726520677e-02 -1.639490431885064908e-02 1.187264050487061955e-03 1.829071662270339432e-02 2.155312016822829094e-03 6.384697806141231835e-03 -2.567117383157027210e-03 6.823920329917272133e-03 -1.508925063660646569e-03 9.871415446190176090e-04 9.259864901080362698e-03 -1.310238910729233722e-02 -1.256840264612624951e-03 1.925955548789702251e-02 8.205036533858182934e-02 -1.560746453741319179e-02 -8.834521195454381193e-02 -1.900539862966542370e-02 -3.929701498678884325e-02 -2.366984303180775032e-02 -3.322348574205925831e-02 -2.437285677242623932e-03 -2.084220583502205230e-03 2.027894940325445251e-03 -9.485400190231758899e-03 -6.610887806004279998e-03 -4.069330638847764095e-03 6.578475562263751478e-03 -8.210849969826474002e-04 -1.372522538742042969e-02 5.493098736117962670e-03 2.819545615963841255e-03 -3.057718027888887448e-03 1.781962825089078439e-03 -2.449695784994148674e-03 -3.572663477990933086e-03 -2.595678225215025583e-04 -8.037963948371662851e-03 1.076880746805634372e-02 2.548091889768292623e-03 -6.359589365916200679e-03 2.074645252538095952e-02 2.966454920134319745e-02 6.100837202003744908e-03 -1.024156157716973534e-02 -2.822865571254514101e-03
0.000000000000000000e+00 0.000000000000000000e+00 0.000000000000000000e+00 0.000000000000000000e+00 1.090356515184667720e-03 5.521971720690498032e-04 -3.787060728469618907e-04 -6.601993635393946453e-04 2.457775682724627417e-03 3.265972269985578831e-03 -3.973245800017200305e-03 -9.099077331699016030e-03 6.210132810258389181e-03 -5.174176164611055204e-04 -2.342072489165971348e-03 1.813829115597957731e-02 -2.813298328497519651e-02 -2.873317969691152260e-02 8.738747805795804569e-02 -1.848759835461921686e-02 -2.130819256096916359e-02 -4.813875022730728336e-03 -2.421268982159274774e-02 -1.497285428389126191e-02 2.527339220666457303e-03 1.316733411669925849e-03 5.009664289959700825e-03 -1.078048123408379723e-03 -7.901109061935245037e-03 -2.385529459853727744e-04 -1.150455308126842498e-03 -1.949961833789103137e-03 9.570957278134432315e-04 2.547542878467712497e-03 -7.994512861599559336e-04 3.299250563284025642e-04 -1.904122269735182603e-04 -1.218014010978628152e-02 2.371614117263160307e-03 -5.218039975330236767e-04 -4.993005758449423070e-04 6.799082606146283903e-03 -5.869007666690941039e-04 1.749194763095569946e-03 1.515012362674437660e-02 6.920276084477395076e-03 4.856460772880277083e-03 -7.271553595684155692e-03 7.707980459779184036e-03 -6.676510471842341324e-03 1.075821201500308522e-02 -1.359634828452647385e-03 3.554086378802024174e-04 -5.657576419912482488e-03 0.000000000000000000e+00 0.000000000000000000e+00 -1.051027122364487851e-03 5.697903041960294436e-03 -6.567884109853335158e-03 -7.774289401788470749e-03 -2.179495734539480933e-03 -4.817728102492266698e-03 3.291930007123362034e-01 -6.326205200871132771e-03 2.101022868596354176e-02 4.204869463387471591e-03 3.009956335328843949e-03 4.539678355089355605e-03 -2.452845057859661879e-03 -3.073747923564191381e-02 3.289363857411676390e-02 3.463486388337338323e-02 8.790525620064577883e-02 -7.478569006276205265e-04 -1.261389702698333137e-04 2.850260819223271805e-02 5.254402518886996769e-03 -2.212983384069718701e-02 6.225363364283916651e-03 -3.499448927671500176e-02 2.729990778104506455e-03 -1.717873522377135614e-02 -2.208000342755822316e-03 2.358641836749653456e-02 -6.088288493231840820e-02 -1.295221885697120726e-02 -4.859803308911621864e-04 -7.188943214794447575e-03 1.620329156364451548e-03 -5.895349181865183101e-04 2.437812004392555468e-03 -5.605601490045707125e-03 1.125225722931312046e-02 6.092018516710062583e-04 8.369721247741724809e-03 2.501368367657546068e-02 -1.056425489542187415e-02 2.556616059573920720e-03 -5.019181392085052956e-03 -1.752010320517158326e-02 -2.739382620158118710e-04 -7.079849572968199833e-03 1.649208341976941480e-02 5.287627811282912850e-03 -6.181936375107766534e-04 2.000250006322339819e-02 8.818722636861750508e-02 -2.900972924554507185e-02 -3.106394272206297602e-02 -2.287750715358585762e-02 1.592305470440764925e-02 8.671083787002580728e-03 -6.792170476511552590e-02 -2.462277130691554322e-02 3.335068386118564591e-04 -4.708149750902453946e-03 -5.478131244706474501e-03 -1.657369418213798561e-03 4.813122984938925965e-04 1.491928137954152793e-02 1.412143034454475766e-03 -1.416407448169545481e-02 7.014611894939210002e-04 5.122691144474015613e-03 -1.408796942872050754e-03 2.386516310536076872e-03 -6.403391929821075634e-03 -9.588055011948126358e-03 -1.764089425037307802e-03 -7.345561354404463693e-03 9.441363071487806485e-03 -9.441346936724930028e-02 -9.471441728550921563e-03 1.095232305493540684e-02 2.042078421404172617e-02 1.056819243519646363e-03 -7.573754064675546419e-03 3.020061569711945254e-03
0.000000000000000000e+00 0.000000000000000000e+00 0.000000000000000000e+00 0.000000000000000000e+00 -1.014589149784065128e-03 6.061650536209578066e-04 1.376202198062839114e-03 2.051421044539633587e-03 1.434484653434701940e-03 9.772268790295118163e-04 8.019678013606175784e-03 6.098082700896581554e-03 7.319339825722836687e-04 2.174972353856064085e-03 -2.221842973487144976e-03 3.808311081585462332e-03 -1.211329563432199385e-02 -3.294981003801775079e-03 5.146773121891839997e-02 -1.793023357521245824e-03 -1.247720021399736055e-03 -9.043940853538403463e-03 -1.120895010237973541e-02 2.067519026782869626e-04 -3.889024004425653026e-03 1.767924838218161692e-03 2.176028979392275603e-03 2.033517438096083593e-03 4.640832243877693331e-04 1.945960576461281538e-03 -2.795726718408404060e-03 1.804520394188880968e-03 -1.060897072509676964e-03 1.914663348343576899e-03 1.727124363109065622e-04 2.088500550393875086e-03 -1.009109961046239772e-03 -2.191477401782306045e-03 -1.310382574504169407e-03 7.539924616635423427e-04 -1.049901683267385599e-03 2.519822031692227956e-03 -7.001798065361466723e-04 1.262246730724585295e-03 -1.042035293800816151e-02 3.715617412265642683e-03 1.638054906923308487e-03 -9.658159466999539661e-04 4.921141762557665854e-05 -1.322991619054765490e-03 -2.565779887244495558e-03 6.172253074810127652e-04 7.612806350050687395e-04 6.982915813977912112e-04 0.000000000000000000e+00 0.000000000000000000e+00 4.290108483425935509e-03 -6.396017492289950493e-03 -2.674304935788081317e-03 -2.517663661945099274e-03 3.327336868917753904e-03 6.851993702666652093e-03 -3.868336671240965030e-01 -9.836800191141081839e-03 5.721340512032068761e-03 6.158320120044613252e-03 2.219168810835763644e-03 -4.104751284753392973e-03 -5.959899340766108746e-04 -3.898848632850227675e-02 -1.776711788284860566e-02 1.010704163651461943e-02 -7.478569006241332986e-04 8.232135001475024416e-02 1.137535998442166683e-03 7.844061440031916549e-03 2.041868285115494216e-03 -5.390124107084268579e-04 -1.892240043990473658e-02 -5.464551170611845615e-03 7.080323200570665023e-04 -2.789262975510317655e-02 1.395419809284487167e-02 1.137365248930335450e-02 -9.315556824669066552e-03 4.448893366815626776e-02 -6.080828788815712763e-04 -3.757503947914899063e-03 4.425076822230178918e-03 2.451979638653039272e-03 2.522674003216104389e-03 -4.441307320884589106e-03 6.345825252420922089e-03 2.638067100220062300e-03 1.916085522012714835e-03 -1.442471446810656907e-03 5.332188472043959335e-03 2.944392951925891774e-02 3.473113169931050896e-03 1.094722528988211971e-02 -1.089911876179925536e-03 -5.555109515971351497e-03 -6.968407777692355205e-03 1.169704579431547938e-02 -1.393582706661199589e-03 -1.979256952137003686e-02 7.592526697382973033e-02 2.511393524507420094e-02 -1.277102386645753151e-01 1.365270901074367230e-02 -1.492123177294007660e-02 5.890665182181026305e-02 1.573427153837414841e-02 2.314887352411166763e-02 -3.439455916878042356e-03 1.812484526679119645e-03 -2.776203039790776234e-03 -1.451382567002358018e-03 -3.677686467515968102e-05 -1.431686413777644856e-02 1.215495066427154606e-03 2.255917382376472491e-02 -1.889855303448095825e-03 1.004596721371365034e-02 -1.454206266125831646e-03 -3.535295666083915819e-03 6.207557464580494132e-04 1.124485389000094877e-03 -1.103580890328762810e-03 -8.075986196677847895e-03 5.552245334259579140e-04 4.626787348630452545e-02 -1.545686930708444276e-02 8.750665030054945864e-03 1.426871903972861885e-02 1.039624278753352796e-02 -6.407732631759677742e-03 2.268536918606123623e-02
0.000000000000000000e+00 0.000000000000000000e+00 0.000000000000000000e+00 0.000000000000000000e+00 2.291857268278439999e-05 1.885613608189776007e-04 -7.537798664866799270e-05 2.982018256306853471e-04 4.058114674522974728e-04 8.703028317079629069e-04 4.858042887395557560e-04 -1.284553369854504572e-03 3.462848914795259216e-04 1.989113041345720936e-04 4.627036056275094238e-04 1.057499778955012411e-03 1.591603751654442926e-03 -1.978426275594852637e-03 -1.168742235662593824e-02 -8.765851417362779171e-04 2.618022009728643035e-03 -6.382314166098884689e-04 5.618715683327829037e-03 -4.916646058837671491e-04 5.905015248076324677e-04 1.953828628632881654e-04 1.550405081731101521e-04 -3.310310808395959992e-04 -6.467610869280879205e-04 1.939735370077482271e-04 -2.243825311857080570e-05 -1.254101772587820412e-04 3.948116269629398014e-04 5.119793141774749146e-04 -4.484645567480273812e-05 2.549699806915263229e-04 -2.086313706881381730e-04 -1.645016526426314879e-03 1.424996464765335255e-04 -3.391644541952853120e-04 -8.198304166014810034e-05 6.833851362331494397e-04 -8.705239075289628676e-05 3.446667234721816683e-04 3.166759273120320524e-03 3.455422505721420889e-04 1.524725077656747076e-04 5.209317347415010156e-04 8.605459237385208911e-04 -4.242879657889072611e-04 1.034325471970185266e-05 9.130305378296244825e-04 1.377027273697194589e-04 1.900844848646532608e-04 0.000000000000000000e+00 0.000000000000000000e+00 -8.928240112548974745e-04 1.211796139023317608e-03 8.569927034031596088e-04 6.095953709697390791e-04 2.756199156094431952e-04 1.514308447101539619e-03 -2.176389292625030558e-02 -3.195197584858055963e-03 2.849564424797850718e-04 9.038468629329651349e-04 -5.942665400492858681e-04 -6.382389751020288091e-04 -3.148177488119794417e-04 7.950240615354569294e-04 -4.247281555713055753e-03 -1.648064105795956713e-03 -1.261389702684860298e-04 1.137535998441899752e-03 1.927441289920791808e-03 3.442252735437444913e-04 3.255784661967533805e-04 2.715620484901829380e-03 -2.520120591310948815e-02 -2.590042063032785453e-03 2.693736138584679473e-05 1.685055312795456176e-03 -8.041373407226346925e-04 -2.540427294292001408e-03 4.817156073735651437e-04 7.728091332867515970e-05 7.838788774164801888e-04 6.963319835682085530e-04 -6.485098153596341875e-05 -1.301543907030252721e-04 -4.531294884293008882e-04 -2.738169932827209073e-03 -1.541488592331781426e-03 3.985467033185309885e-03 1.927505263727854155e-04 1.885081391621422180e-03 7.054789433348236096e-04 8.393914389139485108e-03 7.150252726857036535e-04 3.385836730008341460e-05 3.467905856852903377e-04 -1.813776611103060750e-03 2.118687396313156078e-03 2.086921202369074885e-03 3.267933374032570533e-04 -1.205881139583495814e-03 -1.209219530721408926e-02 6.788071775189192907e-04 2.686888952238463205e-02 1.449141679024921938e-03 -6.393716792973437590e-07 2.825282639701026232e-03 -1.010966669774163509e-03 -2.860919984561299638e-03 9.597329832121462810e-04 -8.246977338828635458e-04 -9.694438073324591941e-04 -1.233006037594286657e-03 -6.336939011250769613e-05 2.386582168217015344e-03 -5.649462885666402907e-04 -1.146987847967158866e-03 -1.936940766626589743e-04 -1.532672239916936692e-03 2.297566246349643448e-04 -1.869345281589463565e-04 9.416852231319769461e-05 -1.309852691891156152e-03 4.807712312496400104e-05 1.519593327309868734e-03 3.125517118505955448e-03 4.564639193085719832e-03 1.375832863423701903e-03 -2.305762043511111210e-03 -1.427257192325650115e-03 -2.577332581625231805e-03 1.132392513918547335e-03 -4.267059488593082789e-03
0.000000000000000000e+00 0.000000000000000000e+00 0.000000000000000000e+00 0.000000000000000000e+00 6.583618258983609797e-04 2.645651638842586636e-03 -1.515427017961800630e-03 2.007299991953881164e-03 2.768422831014777374e-03 3.260202803974690446e-03 -1.369767190943419963e-03 -4.661944362343331018e-03 3.416868015376761485e-03 6.339308407872560041e-04 2.818032559364612184e-03 -1.176546311122271277e-03 1.775165136585094700e-02 -1.269718367223137724e-03 -6.467107373729130693e-02 2.694588346411955042e-03 1.013298424517844291e-02 1.770153181347287018e-03 2.117911863889564150e-02 3.529445507398482583e-03 6.374056240194657906e-03 8.082841687581110435e-04 2.041060722745611058e-04 -1.836126277583181692e-03 -5.250196274646326891e-03 6.148154195085585349e-04 1.672650588186882798e-03 1.811185857284129414e-03 3.852631388467692933e-03 3.218355789255934914e-03 -8.766757024441065079e-04 1.012693848893083054e-03 -1.181966435582149566e-03 -5.239263569819441711e-03 5.879523395747893871e-04 -5.345369849526792380e-05 2.001372855052765639e-04 4.329983215103603254e-03 9.399561177619909520e-04 1.625947534426874699e-03 2.701786694367433808e-02 1.452192974875262917e-03 -5.426978431202892673e-04 2.715357313965385214e-03 3.447434624888547246e-03 -1.705720625758697442e-03 -1.443770285276054118e-03 3.110395673128193983e-03 4.172805507788666501e-04 1.696508425281800011e-03 0.000000000000000000e+00 0.000000000000000000e+00 4.199683186937866290e-03 5.816842781595915612e-03 -5.639849891255935971e-03 2.651309521767212466e-03 -1.100687463553777111e-03 1.166908549094341878e-02 2.115731887962798152e-01 -1.169770668992514348e-02 1.939610928216475849e-02 -1.899219675954105790e-03 1.595236217770450203e-03 3.815182353308580604e-03 -1.276621924976909439e-03 -1.391292878289029922e-02 8.325442541258576759e-03 2.598790790184679275e-02 2.850260819222979677e-02 7.844061440029977128e-03 3.442252735432017939e-04 7.877700049165603513e-02 1.154406464893784024e-03 -3.079629180216680515e-02 -4.613913869880892013e-03 -7.328786320394974074e-02 2.602721027067902287e-03 -1.115487932807218523e-02 5.704612310852233241e-03 2.613683083993317488e-02 -3.700410219515948285e-02 4.038360402065017084e-03 -1.780273177088818187e-03 -1.172549541545601275e-03 -2.682937029556973444e-03 1.209094252581964209e-03 1.471859597020696827e-03 5.260660804988973385e-03 1.739651238194039884e-02 -2.575664039439274407e-04 4.880254279155049548e-04 1.426248303800729464e-02 -1.149458009066011907e-02 -1.354982832402912632e-02 -1.439248800483408121e-02 -1.214605378783467117e-02 -6.175108995349593661e-04 -1.073300413801769881e-02 1.006322273222761202e-02 2.113344606967115444e-02 1.633527606707257853e-03 -1.250748460504734309e-02 -9.346890245172481682e-02 1.625199855397644125e-02 1.739556389193438191e-01 1.201988285171918559e-02 2.599055946061180206e-02 1.324036290900344054e-02 -5.177038162482634764e-02 1.874585928187226178e-02 1.969046335040232441e-03 1.226136675841759532e-02 -8.861950774697098521e-03 -7.777469541195590474e-03 -6.756491461489807192e-03 -6.165302064378853052e-03 4.686431295566952440e-03 -1.441271151326488711e-02 6.223794752745508661e-03 -4.625231409055689108e-03 -2.588138378876679298e-04 5.401578039997634306e-03 1.517426338978265267e-03 -7.483849171761887582e-03 5.538731413154397926e-04 -4.959690863070561278e-05 1.586209960748711720e-02 -3.980468256142627968e-03 2.314037441980737724e-03 5.383782508152202759e-03 8.765394431626202798e-03 1.076385282964752513e-02 -5.137327523849375896e-03 9.904452409524887313e-03
0.000000000000000000e+00 0.000000000000000000e+00 0.000000000000000000e+00 0.000000000000000000e+00 8.534240583000880982e-05 -1.606476679836086208e-03 4.659136872815420444e-04 -7.676835946341503117e-04 -1.483318990254510299e-03 -4.407713659303790551e-04 -3.256230233737830455e-03 -4.850895519404969046e-04 -1.459551332217837345e-03 -9.351271740091471590e-04 -1.966590065382268712e-04 1.251603757105082190e-03 1.784918976103161328e-03 -6.744926586887170202e-04 3.969713963291803677e-03 -2.162133130103984120e-03 -2.463101961188023797e-03 4.334764615662861902e-04 3.166183469723157871e-03 -4.073336212554879397e-03 -6.864051857282456749e-04 -7.518044054526408764e-04 -1.767769083312032384e-04 8.254238405138805430e-04 1.607678605703462401e-03 -7.431855640799461035e-04 4.919625639466292805e-04 -4.604806459973159521e-04 -1.070456381408695003e-03 -1.492223704405954560e-03 1.796104100279381126e-04 -1.219315998565582548e-03 1.395816617887852076e-04 5.977837558802518748e-03 3.518949782826006007e-04 9.511722285787406993e-04 4.183906581808505168e-04 -1.006693418800379053e-03 8.635753957898954845e-05 -1.300716322438427459e-03 -5.149354603130082420e-03 -8.484131405598412286e-04 3.257402388107030191e-04 -2.892851808893014305e-03 -3.289110016268310304e-04 3.005398332728738279e-04 2.569613899928290847e-03 -2.228566559232416852e-03 -5.908436557094415449e-05 -1.821890827124431718e-03 0.000000000000000000e+00 0.000000000000000000e+00 1.857776904310135240e-03 -3.379071399824980617e-04 4.002125012973445194e-05 -3.005923255029031068e-03 -2.533495358449110619e-05 -5.686032371066524448e-03 1.128641374296886039e-02 7.425976175761565823e-03 1.791437667966142792e-03 -1.893290984719247713e-03 6.547188389867934387e-04 2.370020200505413080e-03 -5.778037674897917419e-05 -1.680237025107521754e-03 3.376098929374145904e-03 3.902641000925485045e-03 5.254402518887446062e-03 2.041868285114746551e-03 3.255784661965365400e-04 1.154406464893861003e-03 5.555427506004059768e-03 -4.792530865903251586e-03 1.008347065934329240e-02 1.878206393127466772e-04 2.932986188129615892e-04 -2.872044094422631418e-03 2.984010256289689605e-03 4.008637878762205155e-03 -6.587993315796619211e-03 3.246830499729770614e-03 -5.093916959228787745e-04 -1.733153450952317886e-03 -4.807257329045630371e-04 -4.307424007071407714e-04 1.956681923171297481e-04 2.815509131864988874e-03 1.475616560341724967e-03 -1.427982715491005368e-03 8.207174701025448326e-05 -1.309182005392441148e-03 -1.459616780229643649e-03 -5.427793367572655674e-03 8.586383858643881857e-04 8.288530294705026991e-04 1.169461029175564637e-04 7.781990099259714294e-04 1.391034093907413940e-03 1.544783787347309622e-03 -8.043618484004024134e-04 5.850097679096335004e-03 6.105154487889125070e-02 -5.038057827141084223e-03 -7.974640310443832647e-02 -5.185796419791726883e-03 -1.379508133435329575e-02 -3.468992014695886170e-03 8.526512204267727062e-04 4.236537719545451289e-03 -1.365402569672491406e-03 7.326124837590743556e-05 1.131825706133078591e-03 1.941795560238958373e-03 2.980962090906567191e-03 1.095200919460598103e-03 -3.644073320068052201e-03 3.934447164976333689e-04 -4.588787986545076088e-03 3.605317665440378391e-03 -4.211340368600219623e-04 3.284820832357494597e-04 -2.151572620006391313e-03 1.635196967236341153e-03 1.375527023134672975e-04 -2.347205011571430495e-04 -2.863188234393678963e-03 -1.087985498775894582e-03 2.187099429672091817e-03 1.937291623806670329e-04 -9.404771821947421504e-04 -1.496689302427094321e-04 1.453631498087331730e-03 4.698372995311804468e-03
0.000000000000000000e+00 0.000000000000000000e+00 0.000000000000000000e+00 0.000000000000000000e+00 -7.357694197967411471e-04 8.080483673626265512e-04 6.431141597291829739e-04 6.209532512935474289e-04 2.179195221438142002e-04 9.703369675123013150e-04 5.715815366758196688e-03 1.394338029216319209e-03 -1.197030550037917742e-03 1.389913056683374356e-03 2.740857224463891456e-04 -4.218182536107039846e-03 1.477353342059641288e-03 4.707597166909472351e-03 -2.270657521955379843e-02 5.175937024670646848e-03 3.919654783306126405e-03 -1.845141122163632737e-03 3.743365699348141264e-03 7.631991614246305157e-03 -2.303532583443817193e-03 7.571744276025749827e-04 1.923959788479644791e-04 -1.255448662438450602e-03 1.607836543418512086e-03 1.151576641073604216e-03 -1.406318994622014025e-03 3.599299819882614197e-04 -5.746383861993122587e-04 1.059304483649732304e-03 4.060826957226027845e-04 1.051010315775309121e-03 -2.851647971005230337e-04 -7.426421981578557041e-03 -9.710616799156433776e-04 -1.545923552720844833e-03 -1.098461152086001140e-03 9.549361845809301638e-04 -5.703483850549073740e-04 2.421769816660401028e-03 -5.722394085450551587e-03 -1.382793838485780590e-03 -1.171438267543010872e-03 6.442820043538329336e-03 -5.280236854653455863e-04 1.106828472446806742e-03 -4.595668641352424963e-03 3.504249634905564834e-03 4.440174435701220944e-04 5.060330758519807764e-03 0.000000000000000000e+00 0.000000000000000000e+00 -4.639889916487323872e-03 2.713495175010908556e-04 4.334104401735471360e-03 5.998010283966065739e-03 1.217550048331700156e-03 2.054422398153560314e-02 -1.691398212893555353e-01 -2.124411513629346701e-02 -1.088366288863673592e-02 4.475996170469605760e-03 -2.530463152673099580e-03 -2.420503414372791352e-03 7.249798154161002546e-04 3.546838079173487285e-03 -3.001913999219062244e-03 -6.435024869683373186e-03 -2.212983384069422410e-02 -5.390124107061947025e-04 2.715620484902719727e-03 -3.079629180216796741e-02 -4.792530865903271535e-03 5.303005634563746906e-02 -3.901797199745463823e-02 2.344237083350940096e-02 -1.149901576669585179e-03 -3.559344415699417148e-04 -4.289163661399400009e-03 -9.689950729331796254e-04 2.731833129728081580e-02 1.813870926235785748e-03 1.942975394065826191e-03 5.317111147584167342e-03 1.677158305809003328e-03 4.520251105742429006e-04 -3.651821665199103673e-03 -1.324107207716314349e-02 -2.019824079519616511e-02 7.924142652454722532e-03 -5.667110118840226231e-03 5.644331322348707667e-04 1.311159530056225930e-02 3.662244661097963788e-02 1.108280710381941842e-02 1.550873162017786175e-02 8.755751602223471814e-04 5.340881760983538784e-03 -6.654515526756982387e-03 -9.481305397862521342e-03 -1.389273274657509740e-04 -4.315883227873267523e-03 1.820712912453584242e-02 2.734627891840745676e-03 -4.538018919660015416e-02 6.753010200431293353e-03 -4.958895214963061904e-02 1.034908204910008241e-02 5.267095995475477854e-02 -1.606656198161897624e-03 1.241187186376610692e-03 -6.639595703622242807e-03 -8.717983455052639562e-04 8.455526492724772109e-03 4.757516072845458443e-04 8.639080795238417154e-03 -1.041388127623805830e-02 1.537723443578291153e-02 -2.741452070778567594e-03 4.572338675946251889e-05 1.126559288142086647e-03 -3.703567554979866807e-03 3.306358898384574758e-03 -3.861075320985104978e-04 1.172185576431944562e-03 2.434861994991545722e-03 9.755757459333935138e-04 3.227027647390600523e-02 7.689405303034837526e-03 -5.269664459013415243e-03 -1.532375798774417500e-02 -1.229793358542580033e-03 6.036816292504098604e-03 -1.310810327342860210e-02
0.000000000000000000e+00 0.000000000000000000e+00 0.000000000000000000e+00 0.000000000000000000e+00 -1.731942801396697037e-04 -1.124720330493091808e-02 4.326858917236685309e-03 -9.512534959772462467e-03 -1.407725422066410589e-02 -1.565903146817379521e-02 -2.173627601075502763e-02 1.460205275280937465e-02 -1.511834936621478213e-02 -7.887560530337329665e-03 -8.221012764536494641e-03 -1.157639002479456461e-02 -9.453561500837422832e-03 2.811538709634261307e-02 1.967220930800571976e-01 3.263516696038092774e-03 -5.119169797070243638e-02 1.655306924016249071e-02 -6.945095375801974003e-02 -1.269329418094318311e-02 -1.435765783135243764e-02 -7.470875538619016661e-03 -3.504560128498927091e-03 7.564620092605204085e-03 2.050660979096581224e-02 -7.271508370147708802e-03 2.618240790106175775e-03 -1.575468109466261583e-03 -1.246118545942978030e-02 -1.635753245248047771e-02 1.523426641830735511e-03 -1.067322978776815215e-02 5.093111391667548213e-03 5.486556225647837987e-02 -1.104406896068490509e-03 8.140421051392981999e-03 2.578904415924355206e-03 -1.449225243310065317e-02 -1.921115742304845778e-04 -1.139969958060390275e-02 -7.989387472557343828e-02 -1.149227215537739107e-02 -1.160424154716724202e-03 -2.197044765556318419e-02 -1.454274176431023975e-02 9.498352856752443132e-03 1.144140568654628508e-02 -2.256629368048354914e-02 -2.393093050165593250e-03 -1.133631333948873117e-02 0.000000000000000000e+00 0.000000000000000000e+00 2.051728170173507809e-02 -1.566450119212607975e-02 -7.385843104608276477e-03 -2.811368899876845809e-02 -3.423984403542446563e-03 -4.277684252530883358e-02 3.655668646948557199e-01 6.510190880742987296e-02 -7.382645205904764772e-03 -1.905115805683591998e-02 2.557034717041028245e-03 1.871009587307878239e-02 3.024562858676959134e-03 1.862048370051245030e-02 7.356655961696956236e-02 -1.255966261587797067e-03 6.225363364268528786e-03 -1.892240043990261328e-02 -2.520120591310946040e-02 -4.613913869888909038e-03 1.008347065934067470e-02 -3.901797199743947675e-02 4.503644612203944186e-01 3.666827762271290120e-02 -9.485949925532163526e-04 -5.521981992304144694e-03 -6.583306343367783565e-03 1.614151788738518375e-02 5.938191733571988526e-03 8.347643160040232879e-04 -1.036853183235780101e-02 -1.357562464726264594e-02 -1.759373041809697471e-03 -1.615717934042935683e-03 8.455772498350543629e-04 4.109136571522213621e-02 2.086383543980079025e-02 -5.267263020400851647e-02 -9.089595226553021795e-03 -3.107730818235486178e-02 -7.923706852908728865e-03 -1.629283007142967310e-01 -9.359782147124913465e-03 7.904261339154951618e-03 -2.158652903892360319e-03 1.440577749031974990e-02 -3.360887551736257278e-02 -5.953168877953368427e-04 -5.771902120765070449e-03 1.737944638409542192e-02 3.151674091815110934e-01 -1.099229966960777252e-02 -5.739806452820790383e-01 -2.082943633713010487e-02 -5.650741944160137670e-02 -3.489476852656785838e-02 4.375691959011729359e-02 7.094555581537451139e-02 -1.542559505181047633e-02 9.137646027864165105e-03 2.520861346015257354e-02 3.419246044295461140e-02 2.426677894241112757e-02 -3.906228975366678180e-02 -1.642427872254929172e-02 2.710333371100200062e-02 -2.278342158532446066e-02 2.518711477418467126e-02 -1.995492121586881374e-03 -1.440229900292819146e-04 -1.149743622201715443e-02 2.817477051253155715e-02 1.773840232071520256e-03 -1.337448315213658236e-02 -6.737744422015105872e-02 -9.172597117233620423e-02 6.876731767179958960e-03 6.259275681178818121e-03 -2.054724222484088925e-02 2.877858952033710352e-02 1.045241298377621794e-02 6.847528218702228497e-02
0.000000000000000000e+00 0.000000000000000000e+00 0.000000000000000000e+00 0.000000000000000000e+00 -6.703070086959134330e-04 -5.462199382627723823e-03 2.049962471691286515e-03 -3.227375919617408041e-03 -8.078650087881408468e-03 -5.131646766421102922e-03 -1.218994134781337633e-02 6.338073542968689598e-03 -1.101071024386954082e-02 -3.377481240014805659e-03 1.882094661483692808e-04 -6.569779490083616467e-03 2.078784957883996615e-02 1.616260814361623194e-02 -3.038263152902650338e-02 3.171249144702114990e-03 3.148828570135521476e-03 4.606453879964358261e-03 1.809967125461167323e-02 -5.877203287074628073e-03 -5.794251655187777558e-03 -3.482358191892471165e-03 -4.623615148663338774e-03 4.350652477069850629e-03 1.342658815517850171e-02 -2.991861911440487926e-03 2.340494950940030534e-03 -3.301079837556108836e-04 -5.833891315359817156e-03 -7.285374059672244419e-03 1.569508210122763647e-03 -3.961833127630169996e-03 2.053152352304238662e-03 2.869922257997875245e-02 -7.470010484350716670e-04 1.576897438086960436e-03 2.016555013157581098e-03 -9.491069952164338241e-03 6.194628523326171227e-04 -6.287826672464347059e-03 -4.005521058627365544e-02 -7.127466989263053256e-03 -1.724664302316069415e-03 -5.952938784046374332e-03 -9.333812549087222230e-03 6.767295571686786880e-03 2.025389912898620248e-03 -8.007384268173026523e-03 -1.144072585061785795e-03 -3.818480348915328452e-03 0.000000000000000000e+00 0.000000000000000000e+00 2.834136689750199568e-04 -1.003798218306949097e-02 8.246569416242700498e-03 -7.476678893544267280e-04 9.815314415279974367e-04 -1.607398007460258266e-02 -2.048188445805809998e-01 2.902225702278193875e-02 -1.899387081270755007e-02 -5.934985463341677786e-03 1.404418703538294730e-04 -1.504408697616109079e-04 1.551074185204966323e-03 1.850827486231656355e-02 -1.703246468871406211e-02 -1.876216071755586537e-02 -3.499448927671447440e-02 -5.464551170608643316e-03 -2.590042063032091130e-03 -7.328786320395010156e-02 1.878206393130576264e-04 2.344237083350901932e-02 3.666827762270443575e-02 8.553110594046678394e-02 -2.353627078119955012e-03 1.147059451240503569e-02 8.179282074274157530e-03 -1.585990338281981216e-02 4.127076901352169647e-02 2.870575541172878421e-03 -2.892143815553711059e-04 2.178798107572279229e-03 -2.820944765057863558e-03 -6.944767088740714991e-04 -4.746431826970158433e-04 8.078075594484110042e-03 -1.072648416504131709e-02 -7.519286509719839279e-03 -8.240153844701341053e-04 -2.607668837763242251e-02 1.232261818322547692e-02 -4.912522540946677105e-03 1.235056848434920758e-02 1.114029391222795019e-02 2.352711102913358830e-04 1.821366604820125884e-02 -1.373692145085662550e-02 -2.819932235941601320e-02 -1.963981800685388711e-03 2.313126083112680004e-02 9.377666415999433291e-02 -1.901837936551878036e-02 -2.135256891437265492e-01 -1.896127208496272559e-02 -3.292678231501206670e-02 -4.610017889600451224e-02 6.129446345992484169e-02 -8.502364088925740138e-03 -4.362722065662451472e-03 -2.664469203945208416e-03 1.143485905290179787e-02 1.719691733555896553e-03 8.353349547995757643e-03 -3.578995521699808099e-03 -6.293341039470364516e-03 1.048339106938362027e-02 -8.481510365841235174e-03 4.479617896336938673e-03 1.069770240180184658e-04 -4.559392447384839030e-03 -2.949093774342182242e-03 1.576513105706706108e-02 -9.361127521733195178e-05 4.055688510326901398e-03 -2.147198856724933866e-02 1.593032290330718970e-02 4.233247271482765833e-03 -3.989946538593532911e-03 -1.174820855166435613e-02 -8.289627398603669969e-03 3.134295227129085121e-03 -1.630681453989036613e-03
0.000000000000000000e+00 0.000000000000000000e+00 0.000000000000000000e+00 0.000000000000000000e+00 2.002095880727374725e-04 -2.513301616880412323e-04 -1.473638333954379654e-04 -1.440059551175725710e-04 5.758930144544719722e-05 1.309731363166136988e-04 -1.144198228575423479e-03 -9.665522549121053925e-04 4.030207986525783433e-04 -3.284741580695879496e-04 2.151801294386621911e-04 7.825508148970062314e-04 9.921601939785230917e-04 -1.753961767043034185e-03 -3.848133587764408434e-03 -9.289848133651280654e-04 -1.345042615573987903e-03 -6.714608526842604647e-04 1.592590620808368752e-03 -1.245777999688645228e-03 6.484274662379289379e-04 -1.317813607323945889e-04 1.533728283610853271e-04 -1.026523321247137910e-04 -6.197786844446148908e-04 -2.774948406012554694e-04 2.202355524860589585e-04 -6.870987269017578888e-05 2.134888116214914632e-04 -3.972853893782698635e-05 -8.195452604951221375e-05 -2.594180826912801763e-04 -5.576214471693368032e-05 1.315619896388270328e-04 2.348392376589166137e-04 6.915547068298527448e-05 9.286961094049264839e-05 5.087552600358180230e-04 7.823403399609203028e-05 -1.725528341789906643e-04 2.616652213526846071e-03 9.548912767740810870e-05 2.172524162070361205e-04 -6.478932880563380856e-04 6.387611441543540949e-04 -3.337839538001976082e-04 6.352131608218239888e-04 -4.858358680642665180e-04 -3.017490922975853330e-05 -6.435948419253817790e-04 0.000000000000000000e+00 0.000000000000000000e+00 -2.449007293112250082e-04 -6.870328113123520082e-04 -2.438255052283759853e-04 -1.139031179754409909e-03 -2.759811439763323881e-04 8.068573249503513661e-04 3.546828682303694580e-02 -1.183777380476996486e-03 1.270728444466805423e-03 -3.736479828699395254e-04 2.694767989782377300e-04 1.227232813600838152e-03 -4.849217822771389281e-04 -5.922524972921056410e-03 -3.800397786662278350e-03 6.609658754158626200e-03 2.729990778103807362e-03 7.080323200571751394e-04 2.693736138577441068e-05 2.602721027067721443e-03 2.932986188128771841e-04 -1.149901576669226958e-03 -9.485949925528186673e-04 -2.353627078119465820e-03 1.080831650718733217e-03 -3.586601540750895475e-03 8.221802622823065967e-03 4.867111579851540401e-03 -7.093238041288316489e-03 2.423786599063951154e-04 -2.703819400711957315e-04 -6.648195732629517355e-04 -3.044493725108948909e-04 -5.127482425387487462e-05 1.571761785586242132e-04 -2.384132391360812534e-05 1.770488203982496875e-03 -1.340977155267265549e-03 6.096764196905148396e-04 1.689352870141205267e-03 -5.568831248013157535e-04 -2.062433852180658739e-03 -1.431642824110005829e-03 -8.685540750507313688e-04 -3.351258501366226935e-05 -1.543435365640339523e-03 2.079137786322859255e-03 4.199283276971049338e-04 1.179421808712366384e-04 2.062281548101725474e-03 -4.487420321516075693e-03 -2.443118539063642014e-03 1.114261394193558942e-02 -2.155634917844977561e-03 2.180323615823626972e-03 -4.278762242651141558e-03 -6.308406371886348882e-03 -3.784127297116558764e-03 1.572992202573998428e-04 -4.684026098569911119e-04 -2.402894417152633003e-04 -1.293474095477479408e-03 3.652113872882878083e-04 1.197303331634228798e-03 4.938312277754469638e-04 -2.694399524753845511e-03 8.558734631687418002e-04 -6.245570000542532366e-04 -1.132427842834518193e-04 8.218052586548255003e-05 -6.036136081861067509e-04 -7.500374471323050874e-04 -1.010048145660738100e-04 -6.712912678049747775e-04 1.127669342265823519e-03 -4.178077098654316146e-03 1.102998404814787810e-03 9.112245371240154873e-04 1.773547941555564953e-03 -7.134839903259113363e-04 1.329161831390111577e-05 -9.206337380963883904e-04
0.000000000000000000e+00 0.000000000000000000e+00 0.000000000000000000e+00 0.000000000000000000e+00 2.150146979979271691e-04 -2.761439737341661767e-03 2.591451666498020443e-05 -2.464762850994984232e-03 -6.401814781514372776e-03 -2.352956078938726447e-03 -1.472975195073277996e-02 -4.722597124072203394e-04 -9.483025827777380456e-03 -3.537411650344313846e-03 4.642940862462100783e-03 -5.048731051055936267e-03 4.573956816438697753e-02 1.338458286689862484e-02 -1.296739949465090247e-01 1.410576414957017289e-03 3.108665057746180099e-02 1.057486459806135370e-02 5.085292367777307504e-02 -8.811650367457639701e-03 1.809980197402613882e-03 -4.237875498875469035e-03 -7.177332537134384523e-03 2.659321396164455922e-03 9.469779202843680438e-03 -3.195077361348296497e-03 5.315761765005295666e-03 -3.612773391879417484e-04 -1.885037538086597629e-03 -6.168091898512783819e-03 7.486002950478147207e-04 -4.267049701292453118e-03 2.118211065131715611e-03 2.768057764962210746e-02 5.538764196813867778e-04 4.803347328999285843e-04 3.278315011919337441e-03 -1.008476739630682212e-02 1.980023247414813923e-03 -6.066838337794836118e-03 -8.941412991327397919e-03 -7.924788893826086381e-03 -3.698823999576463656e-03 -2.634040394599223341e-03 -7.109110190881342932e-03 6.581079799208917024e-03 1.453198929795528711e-03 -3.628464504148290037e-03 -1.299341271364452041e-03 -3.179142689412431041e-03 0.000000000000000000e+00 0.000000000000000000e+00 -4.270129318624734348e-03 1.529233537201064516e-02 7.544686551188881964e-03 4.498679253864627456e-03 -3.310854321957535512e-03 -3.540422589377928420e-02 3.698975406125487586e-01 3.661373974874462811e-02 -1.671952450455563288e-02 9.659248683784607764e-05 -3.992580297676859638e-03 1.143618042591664462e-03 -1.199688188887596939e-03 6.631673598411709503e-02 -5.043052954794425939e-03 -5.695540656665139950e-02 -1.717873522376579809e-02 -2.789262975510813439e-02 1.685055312795316531e-03 -1.115487932806829251e-02 -2.872044094421853828e-03 -3.559344415743635791e-04 -5.521981992298285666e-03 1.147059451240024612e-02 -3.586601540749892372e-03 1.130061716976783898e-01 -4.096416938305934979e-02 -8.980151216064068131e-02 5.391097750076594142e-02 -4.609585266061914932e-02 3.080968347934255960e-03 5.741127800275562347e-03 -7.701788822643058051e-03 -2.113355731203830478e-03 -4.480565481314575590e-03 2.935808611291416178e-03 -1.478403628219825128e-02 9.234649733727890233e-03 -4.984298969902241708e-04 -6.779518114128179999e-03 -1.871170279032950516e-03 -2.027013678509735628e-02 -3.301393692108073232e-03 -1.425171910477151908e-02 2.689152507093655470e-03 1.413537318930486487e-02 3.711351500813962669e-03 -5.160509675816831940e-03 -1.137620767640586941e-03 3.135574567614987044e-03 8.168442664585083557e-02 -8.804352166105900834e-04 -1.398645212444308283e-01 5.436388105225567306e-03 -3.035252282212857686e-02 1.368131385376238594e-03 3.653634099806586655e-02 5.073889223057782144e-03 1.756907968201087055e-03 -1.210795369824127672e-03 4.613449413396606379e-03 1.044147362439855169e-02 8.403036383326996026e-03 1.139477253457265617e-02 -4.309123944551826284e-03 -1.698212114249215499e-03 -9.375057631752375248e-03 -6.568538848005349602e-03 2.498360698606046527e-03 3.696586519374274894e-03 -1.048694750377887402e-03 1.183942716916433144e-02 1.787907430106697041e-03 1.738611979296423443e-02 1.515588600081969688e-04 1.081313450211264342e-02 2.300550035074152774e-02 -1.814099233874707368e-02 -2.994527846541821317e-02 -9.960538685469906214e-03 1.060119344239717973e-02 -1.136275859047893542e-02
0.000000000000000000e+00 0.000000000000000000e+00 0.000000000000000000e+00 0.000000000000000000e+00 8.702130114521865276e-04 -1.357114878795323489e-04 -1.570412916431676836e-03 4.682820024723293481e-04 2.294982908796974893e-04 -2.429548746413959411e-03 -4.882367493523679693e-03 2.174240621533415907e-03 6.073821105080699865e-04 -1.708853292457449945e-03 3.788396908039733547e-03 -1.109227029765367037e-02 3.278470141607785215e-02 1.215160184323043138e-02 -1.072556610328706944e-01 1.046191504630079004e-02 1.812966819892474716e-03 4.657534367563429846e-03 3.726410430855849054e-02 6.158971906109584997e-03 4.385120600983795879e-03 -1.812079659309847029e-03 -2.712569368220729259e-03 -4.776043735445638415e-04 -1.291310482180860501e-03 -1.831899655297360109e-03 2.566033514161908911e-03 2.780954646567231157e-03 2.019630568019553825e-03 -1.621517958230140471e-03 -9.495603762626320631e-05 -1.511367212611407652e-03 -3.350825569303641322e-04 5.118966851589374506e-03 -8.108679584108048480e-05 -1.672797504911141715e-03 1.372027013712488665e-03 -2.602663651729813631e-03 1.175816782954672117e-03 -1.811714083494513246e-03 1.330719139377975133e-02 -4.236624031759938895e-03 -2.279591608152049202e-03 2.427017220543907419e-03 -3.094855130519538408e-03 2.215155269249467242e-03 -3.098936232267764969e-03 -3.046325009344987358e-03 -2.344251383482144147e-04 6.160571024167526373e-04 0.000000000000000000e+00 0.000000000000000000e+00 3.987034705692643621e-03 -2.349584430562944373e-02 3.279278898953258675e-03 -5.989456897282047915e-03 3.089905751330968356e-03 1.405017594780805235e-02 -4.175903422784246755e-01 -4.293342127577667519e-03 4.314557407043462418e-03 -1.693293777511068257e-02 4.957686620773513533e-03 -2.199514578785699993e-03 -2.229023901832407045e-03 -6.209861180453504770e-02 -7.371582281912768264e-02 6.160278726779002539e-02 -2.208000342766600586e-03 1.395419809284838969e-02 -8.041373407225737603e-04 5.704612310844432189e-03 2.984010256287816538e-03 -4.289163661393330211e-03 -6.583306343380013366e-03 8.179282074281890927e-03 8.221802622821999113e-03 -4.096416938306249311e-02 1.780832438387889571e-01 3.653579908408033372e-02 -3.928674606837305070e-04 3.214549026482080990e-02 -2.580868800005500698e-03 -7.786480200421954344e-03 -3.584996119380193247e-03 1.671229988932067300e-03 2.893964762736176040e-03 1.026318897853987881e-02 1.944477779092013137e-02 -2.854978384535097891e-02 1.759857409534226714e-03 -7.777151250369955179e-03 4.791915324381841590e-03 -1.539440798389643365e-02 -7.007970170014326053e-03 2.383377922739848484e-02 -2.389487082601183306e-03 -3.239040700224977282e-03 -4.207660431634396847e-03 -1.299284846401682278e-02 7.731607065150100742e-04 2.958921259442086338e-02 -9.091690505950390799e-02 -2.579021863499029316e-02 9.009603676510496983e-02 -3.417849557300272484e-02 2.656192374427247815e-02 -7.201818277864778517e-02 -2.320333441210981062e-02 -1.174513084192374199e-02 -3.708494835164988061e-03 -1.028534683937412132e-03 2.232021686234928956e-03 -1.651777853840392246e-02 -2.142491043988788580e-03 -6.784580275409487875e-03 7.793923493406112318e-03 -9.185903502355551292e-04 1.149508094058165550e-02 8.695070215375508282e-03 -2.307465266284604907e-03 -9.069866628203887560e-03 1.708601969202570544e-03 2.091038347830919374e-03 1.752596567556262549e-03 -1.027752887268702439e-02 1.397809463395224393e-03 9.738525443631812495e-02 1.556077164571634253e-02 1.094504818046346251e-02 1.324915033453238564e-02 -4.121738402283070361e-03 -3.200529198787990977e-03 -3.650379473230141742e-03
0.000000000000000000e+00 0.000000000000000000e+00 0.000000000000000000e+00 0.000000000000000000e+00 2.376140113691458647e-04 -6.162982601700479814e-04 -9.355631936803224724e-05 -4.367092411106968065e-04 -1.013122916591976778e-03 -5.927408359763671440e-04 -4.631162962334935129e-03 -5.336943935192358637e-05 4.296028181294915191e-05 -6.368666903094016927e-04 4.703435914119799555e-04 -6.592125719228941055e-03 5.774344953898018565e-03 6.058565708605818251e-03 -2.105024288523247786e-02 7.143018817457475952e-03 -1.108176657486798465e-02 -1.450715222363016229e-03 1.252388672719975107e-03 7.488087310545290046e-03 3.463347484653982828e-04 8.310086723749970927e-05 9.516510996462826258e-04 -9.832662426150792865e-04 1.843979145406901836e-04 -3.956403330759776602e-04 4.910483033052735887e-04 1.075467748271497154e-03 -1.419442072100170974e-04 1.743935345859812583e-04 -6.086449368136663909e-05 -5.500640944506876790e-04 -9.502379084939960047e-04 -1.605921541244629581e-03 -3.337447243949325155e-04 9.556223678643981697e-04 -2.557876705964217583e-04 3.431519194071347596e-03 4.718919631431853223e-04 8.017622280077189596e-04 -5.371116639701866129e-04 -1.177984716391101147e-03 -4.974113036099022051e-04 1.685673517190427800e-03 1.172109247299419829e-03 5.234730632249559720e-04 -7.146421116479751865e-04 -1.617341953835246034e-03 -5.361991092119396021e-06 2.052702235289395171e-03 0.000000000000000000e+00 0.000000000000000000e+00 4.450762252702598031e-03 -7.399803234875434142e-03 -3.206716223184076769e-03 -1.116019785427656936e-03 -1.966201551782900561e-04 1.975016633181722950e-02 4.371677356298440953e-02 -7.993138557925424936e-03 2.150125880616407872e-02 -1.924808615797705654e-03 8.944492192763879579e-03 1.080712934383030316e-02 1.317139972063800487e-03 -5.164919535102770881e-02 1.956724065564652282e-02 8.170403524449605659e-02 2.358641836748943607e-02 1.137365248931210444e-02 -2.540427294291508313e-03 2.613683083992865419e-02 4.008637878761329987e-03 -9.689950729293561865e-04 1.614151788737527848e-02 -1.585990338281572862e-02 4.867111579850178643e-03 -8.980151216064226338e-02 3.653579908407605242e-02 1.345471028921771395e-01 -6.611530344968624684e-02 8.843450672745764574e-03 -6.214398564983155196e-03 -4.039015781606613599e-03 -5.524214685929466602e-04 1.387183002329016052e-03 4.241886360001759573e-03 3.976941776411262001e-03 1.165037590188759339e-02 -1.101567510695005032e-02 4.461997658842327581e-04 1.874687366753462897e-02 2.271302019357159755e-03 1.054003337302609512e-02 1.325169372639066478e-03 9.748737638324643517e-03 -2.046566118124413126e-03 7.765676410722830748e-03 4.393806612949982537e-03 -1.606929307164045931e-02 -1.020005747904060775e-03 2.616488935941533450e-02 6.038556616155837942e-02 -1.947727291240465217e-02 -6.987956163622421890e-02 -2.278470143625195565e-02 -3.642183792328008290e-02 -3.733281537166589087e-02 -3.134750499333913837e-02 -2.286424688723848794e-03 -2.409542302219941541e-03 8.588568278029520831e-03 -8.900816867695549722e-03 -1.104137581285783570e-02 -5.987652559201535329e-03 3.292561796166394803e-03 -2.242499961343760902e-03 -1.366727437177877799e-02 5.701475012599950716e-03 4.748615377717071463e-03 -2.560113420803868459e-03 3.192166305996532987e-03 -5.564393749557139824e-04 -2.350568080887279008e-03 4.507425939186310336e-04 -7.185875978440711687e-03 5.437752221859607632e-03 -9.813688359383409415e-03 -5.304192421576041545e-03 2.304794545993129468e-02 2.228470694500838192e-02 1.054099877778225981e-02 -1.135282296743497787e-02 2.682212427036295872e-03
0.000000000000000000e+00 0.000000000000000000e+00 0.000000000000000000e+00 0.000000000000000000e+00 -1.640525434214643724e-03 2.691451877914854181e-03 -9.058141198263784319e-05 1.543927682868507893e-03 1.218244013705032172e-04 -4.767221030701608228e-03 1.423077416241264048e-02 1.307322090855201312e-02 -3.444528935151586028e-03 2.685475434915620546e-03 8.060687968836554793e-05 -2.100809992042504057e-02 6.915518275141158827e-03 3.487682108051259194e-02 -2.524174849870877355e-02 2.134617911127717829e-02 1.970069551301818767e-02 1.185241775718079600e-02 -2.863017334339206313e-03 2.312963011218539117e-02 -4.463197467049796752e-03 -6.083215243001971083e-04 -4.767914910275167575e-03 1.987375193373130001e-04 5.114805948583409784e-03 1.808856777683767389e-03 -1.351472376715723116e-03 1.599298638322598203e-03 -5.540995149617977678e-04 -2.097433928869974103e-03 7.052439278833503786e-04 1.285378135251573611e-03 1.405004968993997082e-03 1.983195935218760170e-03 -3.320389149678474889e-03 -1.649682291472689272e-03 -5.013653068664668429e-04 -8.337673978739012018e-03 -9.735786504514376202e-06 1.587858088203296814e-03 -1.949983398698085582e-02 -6.054669052280146728e-03 -5.785282072202376988e-03 1.197183423773193894e-02 -1.172793699219389432e-02 6.285509851866604922e-03 -1.280829373721236591e-02 6.267135766327866682e-03 -5.872043673289833359e-05 1.037167048555777231e-02 0.000000000000000000e+00 0.000000000000000000e+00 1.839747289103132576e-03 1.875153938708136025e-03 7.979790059241832420e-03 1.089869114682242429e-02 2.789113369950965877e-03 1.902961432387114933e-03 -4.266570275020378222e-01 1.053952272419133966e-02 -3.393186671992504816e-02 -2.331526133875036055e-03 -6.305197708595567871e-03 -6.945949276091706662e-03 1.331582589703401986e-03 5.530182057112698057e-02 -2.604684542895902011e-02 -6.266288528917580980e-02 -6.088288493231710369e-02 -9.315556824666920699e-03 4.817156073748357203e-04 -3.700410219516214738e-02 -6.587993315796090987e-03 2.731833129728291829e-02 5.938191733556207746e-03 4.127076901352201566e-02 -7.093238041288733690e-03 5.391097750077007700e-02 -3.928674606939006487e-04 -6.611530344969518413e-02 1.538681396513598421e-01 4.590341508158017787e-03 2.766417708602672380e-03 1.089271217198072537e-02 1.425354975620501258e-03 3.392424877423143802e-04 -4.464654094481026493e-03 9.070007163570686232e-03 -1.835703903229805520e-02 -9.647988406131647980e-04 -1.109558105187576429e-02 -3.887757448539802541e-02 1.090955536860265147e-02 -1.519578056595636759e-02 9.353373693231203240e-03 1.863240033296843096e-02 1.258733087120215283e-03 1.231924678504591614e-02 -2.684315450398038275e-02 -1.560141047362157297e-03 3.298009765325000389e-04 -2.931774576656107772e-02 -6.845406304090234650e-02 3.846032525544540448e-02 -9.707513171866626045e-03 3.262050780184732462e-02 -2.447054325501438893e-02 6.814417933986790382e-03 8.491613435035583191e-02 3.468679798874684667e-02 2.773555233982261982e-04 5.123804286178115959e-03 7.472095046290140770e-03 1.161107731670006638e-02 1.411704124044982356e-03 -1.950436147428586189e-02 -4.241668205604045595e-03 2.013447015643594906e-02 -4.316737686325422887e-03 -3.736022039179630761e-03 2.808793089328420495e-03 -1.888249568986485362e-03 1.048502115302962605e-02 1.174641162884302800e-02 3.056990898945032009e-03 1.365828569512920164e-02 -1.788497652165598265e-02 1.065577175898185514e-01 1.207975959177245984e-02 -2.296681096113580359e-02 -3.677361917117501211e-02 -1.513108111635212347e-03 1.535705656274378300e-02 -5.131304016167067411e-03
0.000000000000000000e+00 0.000000000000000000e+00 0.000000000000000000e+00 0.000000000000000000e+00 -9.869899930260480746e-04 -2.350521453713507250e-03 2.097865314013056849e-03 1.655345044033380039e-04 2.478306058401728330e-04 -1.052202897967627251e-03 6.983317605805372183e-03 6.613374340818680558e-03 -1.450889819185150614e-03 6.214118861156197812e-04 -2.590776069850027168e-03 -1.244066471717204629e-03 -8.584131206363258132e-03 2.753239952961908377e-03 5.120231851747360924e-02 1.833064145653552721e-03 -7.315664693131126647e-03 -4.373203778797482219e-03 -2.406394369593323895e-03 2.368327898222622081e-03 -6.172738519974235206e-03 5.655267887319839195e-04 2.392116976788215537e-03 1.992865509434926449e-03 3.205750994176905129e-03 2.890241601685394858e-04 -2.608185463253593316e-03 2.040730989000923840e-03 -2.812586359569704039e-03 -4.044685301185134895e-04 7.982684476858635135e-04 2.185367270776201120e-04 -5.952465121588076729e-04 -3.838144914389846757e-04 -1.328112096885966480e-03 8.367018166997050675e-04 -1.031911023857232969e-03 3.315218845958181094e-03 -9.609405837620580869e-04 1.160351366943904302e-03 -2.172607458623990531e-02 7.954387895087949118e-04 1.346512884447673749e-03 -2.370083507679938712e-03 -8.843585973643384611e-04 2.032025803342259705e-04 -9.398720563994238846e-04 -1.057249976242090328e-03 9.574187158791351874e-04 7.550817946943960126e-04 0.000000000000000000e+00 0.000000000000000000e+00 1.084374435706542822e-02 -1.316751002939059445e-02 -8.378419468393838920e-04 -6.878769068362669548e-03 4.907613289341103933e-03 3.049253169767181682e-03 -5.664879308147798831e-01 2.511572852264697293e-04 5.439142714125671033e-03 2.315563516184292875e-03 3.108926588640565682e-03 -1.659499499352232350e-03 -4.005264415929204406e-05 -3.034159471675354144e-02 -1.023042033367685573e-02 2.068886457813910382e-02 -1.295221885696859476e-02 4.448893366815541428e-02 7.728091332897017111e-05 4.038360402062506939e-03 3.246830499729557243e-03 1.813870926237029762e-03 8.347643159954893158e-04 2.870575541173178528e-03 2.423786599057680129e-04 -4.609585266061089898e-02 3.214549026481460653e-02 8.843450672737068405e-03 4.590341508157618801e-03 9.914100788662100205e-02 -2.468366129802748461e-03 -5.525649646058295936e-03 4.288280857962168541e-03 2.580324592691642886e-03 3.119386039469507991e-03 1.933950426463813300e-03 9.177504837864385034e-03 -1.147453717772815678e-03 1.139343307024294786e-03 -1.014314977399904949e-02 9.580569872149408833e-03 1.498328105108589700e-02 3.708342652784793123e-03 1.564803747547246354e-02 -1.091442091804867721e-03 -3.609503720748133936e-03 -1.141513245880493473e-02 1.127647087118549898e-02 -1.984685982663888550e-03 -2.538342342424365627e-02 9.426903664388386339e-02 3.538972382381423698e-02 -1.896406877753724074e-01 1.968553223627735743e-02 -4.478610239368206736e-02 6.199348909674245317e-02 3.755432174208837154e-02 4.563038676255976034e-02 -5.771591854293713422e-03 3.160011035665630501e-03 1.382063521083733235e-03 1.808536672576970374e-03 4.107309676529016795e-03 -2.182202444754545792e-02 -5.026528119327156388e-03 3.142462168036933706e-02 -7.689462607336683755e-03 8.472234663858059164e-03 -2.466488246295091714e-03 -4.038548985954864071e-03 -7.807498382182365354e-04 2.570794665114327273e-03 1.661892314274653710e-04 -8.013991413973523686e-03 -5.180130958292837248e-03 9.210712412214522304e-02 -1.196140614510286804e-02 3.793764044228698212e-03 1.301900282080649569e-02 1.183365987265784514e-02 -1.020034563910294720e-03 2.400436245788851314e-02
0.000000000000000000e+00 0.000000000000000000e+00 0.000000000000000000e+00 0.000000000000000000e+00 -9.391997347725397323e-05 1.317206676060395619e-03 -2.145348754273333292e-04 6.298495163083251205e-04 2.096743904430257120e-03 4.182786762656582279e-04 5.917977094065923066e-03 2.353786419619028616e-04 2.740413724476968137e-03 1.162166374198752997e-03 -1.208716430254927260e-03 2.859395298477156438e-03 -1.364480677151934211e-02 -4.843221005370526924e-03 3.711177030635257751e-02 -2.166372469870197180e-03 -3.902899712045731009e-03 -2.448785254783778474e-03 -1.543290434494690687e-02 8.602086014361265973e-04 -3.725421891521765727e-04 8.799564614663529663e-04 1.277699856515081929e-03 -6.636366301770279651e-04 -2.930260335964193167e-03 9.670397947082480430e-04 -1.599213839080479080e-03 -5.098997801780236032e-04 7.198443958596059200e-04 1.185813215019445796e-03 -1.787794948304779205e-04 1.137710877049162789e-03 -1.473388858261712902e-04 -7.570588020184515141e-03 -3.894975582325265438e-05 -5.337219929538735514e-04 -7.939782343842054918e-04 1.176110589019405258e-03 -5.043515855490965111e-04 1.716284192592871117e-03 3.636710227836049102e-03 1.996456870499945749e-03 6.833486771829342570e-04 1.219899473003739892e-03 1.276769630646862937e-03 -1.729556598821875265e-03 -4.579319233746897695e-04 1.762165017059113235e-03 2.709514961502080643e-04 9.444085413376470057e-04 0.000000000000000000e+00 0.000000000000000000e+00 -1.295490074698690645e-03 -1.937518701673878070e-04 2.343556253292351994e-04 9.146660918168119259e-04 2.933523761018353099e-04 4.165411553268460500e-03 -3.451126995935396152e-02 -5.372267166961233915e-03 -1.907549287692854919e-03 3.106131444064593947e-04 -7.319644662939772672e-04 -2.667635534797860742e-03 -1.400421216589044118e-04 2.011278590498007286e-03 -2.732924820170847761e-03 -4.893727932313308646e-03 -4.859803308901681899e-04 -6.080828788817293530e-04 7.838788774164367123e-04 -1.780273177088509190e-03 -5.093916959226142292e-04 1.942975394065238337e-03 -1.036853183235628313e-02 -2.892143815555588355e-04 -2.703819400710758729e-04 3.080968347933890367e-03 -2.580868800005224444e-03 -6.214398564982876773e-03 2.766417708601371771e-03 -2.468366129803014307e-03 1.878926232553474471e-03 4.901176991991394337e-04 2.177923871007121908e-03 -2.110306311738478237e-04 -3.389851884563588433e-04 -1.765779582485733782e-03 -1.268942272465378067e-03 5.356067380630003157e-03 -1.582497360341247709e-04 -1.307750613453392136e-03 2.520725660844646177e-04 5.781417148895975043e-03 6.707872419981424994e-04 -7.698722476432628883e-04 2.341428218149574575e-04 -3.014771050633607407e-03 3.015844249689842967e-04 3.285500659108129412e-03 5.628666304533105165e-04 -2.559500159309982883e-03 -3.169813628387543880e-02 1.164079169070758634e-03 4.947069713738459773e-02 9.322337484777277984e-04 1.284591972824266314e-02 6.081815349840004152e-04 -4.068091579417468240e-03 -3.930996633706998304e-03 9.827669029627257927e-04 -1.763233704428138877e-04 -9.130781392534835560e-05 -4.068699590850113033e-04 -6.109170052813558570e-04 -7.118246375637242614e-04 1.332691651288428134e-03 -1.894500313801458042e-03 8.657448758527945846e-04 -2.131225132552902728e-03 3.469551339560849679e-04 -4.536813902718719437e-04 9.467287251199276235e-04 -1.938061542735552284e-03 -1.837975256227327868e-04 -7.380874014650075149e-05 2.189046382105258397e-04 2.917181985649967921e-03 -1.241828493373459651e-03 -1.739057464324561889e-03 -1.719396478276792942e-03 -1.496065296545954007e-03 6.226691188753610091e-04 -1.864960794473306946e-03
0.000000000000000000e+00 0.000000000000000000e+00 0.000000000000000000e+00 0.000000000000000000e+00 -6.441988045565565644e-05 1.441509987854261605e-03 -6.606152082724679872e-04 7.834814362181053001e-04 2.612930954525616062e-04 1.242706843914544038e-03 -1.812043185052264742e-04 -2.387180611795274195e-03 -7.711780929025021736e-04 7.159664269096599216e-04 1.902004795669477895e-03 -4.228250246183803615e-03 1.240310786369669752e-02 5.327957466681952116e-03 -4.910248744647432995e-02 4.672796950259065774e-03 1.287857984280351732e-02 3.571778513280351227e-03 1.316013150854777880e-02 4.110729890458224983e-03 2.319078730736352529e-03 1.322967061422974759e-04 -1.749282416868139190e-03 -1.071407704186681104e-03 3.115236889700845075e-04 6.613307409573402013e-04 1.254919340663930398e-03 -2.344001218054433955e-04 1.368706156203366780e-03 8.851017731651946363e-04 -1.495992252118730106e-04 4.162447131604409879e-04 -1.166050854608750972e-04 1.675801185386606440e-03 4.354438445260953351e-05 -4.291299329482292407e-04 8.698204517431805047e-05 -6.042793595642282104e-04 4.772868651066846908e-04 2.253251546948153495e-04 6.859336399054111535e-03 -1.283297340696919978e-03 -1.118674506295605975e-03 4.040004188910107860e-03 -8.414715849250232332e-04 1.227263362936303328e-03 -2.670778261203416489e-03 2.947669517368997454e-03 -1.333279332656125016e-04 1.939253267372311514e-03 0.000000000000000000e+00 0.000000000000000000e+00 -2.183689147508789414e-03 1.488366305349143187e-03 1.929380992358860304e-03 6.466651347888735524e-03 -3.226168961636381597e-04 9.665573536906243643e-03 2.869488906184415600e-02 -6.095770355964324344e-03 -3.528168440434814850e-03 -9.047069297248836904e-04 -1.711624676337022760e-03 -8.319381616775933536e-04 2.357546608312270804e-04 8.714849836105606831e-03 -2.703969245026376436e-04 -7.356865316699278540e-03 -7.188943214794444973e-03 -3.757503947914783704e-03 6.963319835684314649e-04 -1.172549541544773161e-03 -1.733153450952234402e-03 5.317111147583897593e-03 -1.357562464726497047e-02 2.178798107571194593e-03 -6.648195732629944531e-04 5.741127800275341170e-03 -7.786480200424497448e-03 -4.039015781606513852e-03 1.089271217198000026e-02 -5.525649646058792067e-03 4.901176991994056053e-04 6.492536879046636837e-03 -2.197237382430778773e-03 -9.673531215994496998e-04 -3.709206988327925299e-04 7.745853441166756365e-04 -1.709360740653325826e-03 4.033690189480137675e-03 -7.699175704903134720e-04 -2.658075110776041312e-03 1.488625863030920531e-03 8.820224225839190871e-03 1.841591401270227610e-03 -3.395099996614243769e-03 2.457394693813643154e-04 9.398530831649408240e-05 -6.962065788681309417e-04 -2.113526994132587569e-03 1.323176692659495859e-03 -7.949903340712527119e-03 -8.538426013131984738e-02 7.809717156130182442e-03 1.140921964640524144e-01 9.573562676488078099e-03 1.859750868183430300e-02 -1.318721496844779510e-02 3.079552215582871157e-03 -7.031135974787506779e-03 2.351316208633406988e-03 2.612252556282122599e-03 -1.346731480849507013e-03 -2.090789289744927719e-03 -2.726157582169480911e-03 -1.223841482492850396e-03 2.105971258067945804e-03 -8.046985054628003065e-03 2.894358894556285904e-03 -6.634775858194138023e-03 1.259878038982449296e-03 9.276201351554656891e-04 2.333427538057580592e-03 -1.138267066256205481e-03 2.551501536813706840e-04 4.039259547202704928e-03 2.688535779132063264e-03 4.195166301887743275e-03 4.233070866148008586e-03 -3.147252817777382392e-03 -7.393176193668830540e-03 -2.633819633669713407e-03 1.577138626971921927e-03 -3.124450381492893669e-03
0.000000000000000000e+00 0.000000000000000000e+00 0.000000000000000000e+00 0.000000000000000000e+00 -6.126105406128159927e-04 3.457571767948747123e-03 2.700685356094732130e-04 1.491812400454396118e-03 6.512088919788117276e-03 -1.246281725957395234e-03 2.363219069100513936e-02 8.102253825675000826e-03 9.936643371282636791e-03 4.031889047137148657e-03 -7.222241274847812816e-03 1.082287220967636035e-02 -6.609116099247745735e-02 -1.596970829301094449e-02 2.022262179375028390e-01 -8.187576339432449390e-03 -3.075281281849081422e-02 -1.313465900582142312e-02 -8.075167231150877367e-02 3.328882462672733480e-03 -5.836344885663055301e-03 3.314517869833581362e-03 6.141047374564906174e-03 -5.531251074178198789e-04 -9.102462853817539640e-03 3.378314013071406254e-03 -7.713512666227921415e-03 -6.702130737901765669e-04 2.300030982025931927e-04 3.138511494264282792e-03 -2.928627789909061391e-04 3.935369764489653199e-03 -2.904268063657095434e-04 -2.801644952017216111e-02 -1.027097501960691581e-03 -9.972286574080222940e-04 -3.090506182552211437e-03 3.702183312822086327e-03 -2.040814002858837035e-03 5.977241995691271077e-03 -2.432023166201119010e-03 7.830246088076499994e-03 2.643307213684506409e-03 1.679310244201525151e-03 3.273177532822438025e-03 -6.229336841119748752e-03 -1.439909820004519215e-03 2.452496789000507046e-03 9.347002437839605805e-04 3.124319429422555642e-03 0.000000000000000000e+00 0.000000000000000000e+00 -1.310738631237756604e-03 -1.588791981603001995e-03 -3.826262188988471986e-03 -1.015529833758135924e-03 1.922698572034093082e-03 7.158364710465096870e-03 -2.416710668804503692e-01 -1.011927693363808695e-02 -2.384054864906274673e-03 3.240412682739538322e-03 8.101902597220382758e-04 -4.416004345552317079e-03 2.692453452798902790e-04 -8.879867123643397225e-03 5.186568504571808721e-03 1.345930332669557656e-03 1.620329156363487910e-03 4.425076822231130413e-03 -6.485098153564542226e-05 -2.682937029557912363e-03 -4.807257329046585011e-04 1.677158305811403535e-03 -1.759373041814125353e-03 -2.820944765057021349e-03 -3.044493725109203154e-04 -7.701788822643547243e-03 -3.584996119380202354e-03 -5.524214685949489648e-04 1.425354975620407149e-03 4.288280857965039508e-03 2.177923871007277166e-03 -2.197237382430929260e-03 1.129449988716010357e-02 1.173472291115017132e-03 1.446099409587241246e-03 -3.816073265134876848e-03 3.639819879277626704e-03 6.075411951234586938e-03 2.053305539479131567e-03 7.419496327031110342e-04 1.755515247705769334e-03 9.538425809145302525e-03 3.446114901499723951e-03 4.276488843285728737e-03 -4.015051644674300980e-05 -4.484891247729725153e-03 -1.174715463797065644e-03 5.401313241127180323e-03 1.318635565328199043e-05 -9.396105040842914202e-03 1.321142947468769216e-03 8.156327360724909686e-03 1.621927322177513578e-02 4.180968499545980287e-03 7.682086898960703916e-03 2.696306865535700106e-02 -9.661268274137201420e-03 1.578470799807048935e-03 -2.598438540905304494e-04 -1.945500737003877162e-03 -1.494109288622453603e-03 4.762562800530167027e-03 -1.780356213922444511e-03 -4.405616370984585285e-03 1.859816598668008209e-03 6.738096055484425057e-03 2.263003900027935836e-03 2.206763063178070455e-03 -5.433955863960178000e-04 -6.626031462778219933e-04 2.336755544586002417e-03 -2.776948465317109933e-03 -5.450451304699556639e-04 -5.439898545117289284e-03 -5.087115545795732954e-03 1.014763451768740249e-02 -1.239549095241690782e-02 2.457684215019402367e-03 5.296560890905469693e-03 4.374202220256078778e-03 -1.107720294318905807e-03 3.314542883605743444e-03
0.000000000000000000e+00 0.000000000000000000e+00 0.000000000000000000e+00 0.000000000000000000e+00 -3.015481702331056137e-06 8.377196418227390601e-06 9.160627208603899199e-05 6.626027990912442206e-04 2.207073165227458385e-05 -2.137190613772734264e-04 -1.369321079928347094e-03 5.622019820129901292e-03 8.801024833836611260e-04 -4.295320580305738833e-04 4.340383197222044210e-04 7.520107975635230424e-04 7.116814533773715284e-03 4.455034796740312691e-04 -1.971819440289999253e-02 1.703886182055638573e-04 1.069717371024600993e-03 -5.199686849250552065e-03 1.030359230290816761e-02 7.773193914082090691e-04 9.919348251292980922e-07 3.145345884657261204e-04 6.261757871478017745e-04 1.517063665444723765e-03 -6.619658341063767775e-04 -3.529775411369820990e-04 -4.654684982322197188e-04 3.362391726300839948e-03 -5.861752893227289735e-05 5.578805675341947344e-04 2.742165394690890615e-04 7.631773368745008168e-04 -4.566481257369459567e-04 -1.424327204654970459e-03 -7.495620552636409438e-04 -9.308652836043035741e-04 3.246845440421598436e-04 1.812148978650559000e-03 5.295485783145760430e-04 7.096290724723851133e-04 -1.200471539636707328e-03 1.279563007142554398e-03 -1.068644603125231502e-04 -9.987515631367572568e-04 -4.886147986909669411e-04 -4.443120333721618971e-04 -9.824891994299239824e-04 -1.576114336516408693e-03 2.242649270729885058e-04 5.675328133143074357e-04 0.000000000000000000e+00 0.000000000000000000e+00 1.353965944708964753e-05 -9.909099067728997096e-04 -5.054949190658368854e-04 2.038602674392106431e-03 4.974426449922670192e-04 -3.359319482141573127e-03 -6.443049395516069200e-02 4.523293170666079638e-03 -2.873219489195900358e-04 1.387487395113105935e-04 8.360854313090810902e-04 1.127263719190728332e-03 1.316862198259648848e-04 -1.475634247880819577e-03 -1.009684999841053976e-03 8.971341908918778864e-04 -5.895349181861925074e-04 2.451979638654253578e-03 -1.301543907027888889e-04 1.209094252581445093e-03 -4.307424007069109205e-04 4.520251105744729140e-04 -1.615717934044555481e-03 -6.944767088743884114e-04 -5.127482425384784410e-05 -2.113355731203991374e-03 1.671229988932570153e-03 1.387183002327754258e-03 3.392424877421215549e-04 2.580324592693460442e-03 -2.110306311737660478e-04 -9.673531215996580834e-04 1.173472291115261945e-03 3.919903137544805162e-03 5.781441884061695171e-04 2.630830868794150137e-04 1.097791458084427033e-03 -3.291713614316007499e-04 1.390838919301908396e-03 5.535925382869429003e-04 -5.382661986960606622e-05 1.776278302098343795e-03 4.862613668910615704e-04 2.462957931416523980e-04 -1.885189670355054038e-05 2.193237228534941630e-03 -3.564903740253428125e-04 -2.080413273754117606e-03 -2.871051351835367921e-04 3.217802306072417920e-03 1.462397854254835622e-02 -1.389035378225280792e-03 -2.254521624604175975e-02 -2.431849368694601575e-03 -4.371393792196403422e-03 6.337939466279347931e-04 2.765434077664221182e-03 -7.535135580102728971e-05 -7.779920293399309036e-04 9.219331871544016741e-04 -8.500685682424391531e-04 -3.262062565225269618e-04 -7.896401718083081219e-05 1.994557603585262167e-04 -1.777445755318801809e-04 1.219292331683385694e-03 7.325252501025641581e-05 -3.727096307215041981e-04 -3.864096518789914806e-04 5.074067543466368320e-05 3.963844855557480118e-04 1.768397256348060512e-03 4.806734813655048400e-04 -6.808812148530965112e-04 -8.642349104687928807e-04 5.705372279113716735e-03 4.591283931343648509e-04 2.788183645268621155e-03 -6.181438177543556933e-04 1.575956437826898753e-03 3.200332533891920108e-05 3.788092414717507145e-04
0.000000000000000000e+00 0.000000000000000000e+00 0.000000000000000000e+00 0.000000000000000000e+00 3.126053353781553344e-05 3.530210380578412957e-04 -2.698432037761373196e-05 1.672120279334984752e-04 7.851679692588978869e-04 -4.392542884897514895e-04 2.355291425932049855e-03 1.850086453564456961e-03 1.578228456164431845e-03 3.351724512031844703e-04 -9.157605842196410353e-04 2.134656260384295689e-03 -8.329921715258618506e-03 -2.820686323239360825e-03 2.667480131709731514e-02 -1.739853277703937943e-03 -4.328795630213022258e-03 -3.038571382463053742e-03 -1.115051912158592819e-02 -4.415774312215918181e-04 -5.219256033944696038e-04 3.771593611572468074e-04 8.612328496894532072e-04 3.009577224016116463e-04 -1.441956369464557136e-03 3.121451944837267040e-04 -8.954714042455828686e-04 2.951679649707143792e-04 9.436689265768637299e-05 4.052298013185289525e-04 -7.835043482506110998e-05 5.182913425007347388e-04 -3.191149259681501458e-04 -3.181349190887246530e-03 -1.273621392703123826e-04 -2.708122704770156712e-04 -3.064071731988273189e-04 4.212656240871100470e-04 -1.143498380413688161e-04 6.335545086592998332e-04 1.008888904931523047e-03 1.328502049765229332e-03 4.433318363893338099e-04 -3.181399126011102930e-04 6.331669604066604519e-04 -1.040030824487269854e-03 -1.893910957911052622e-04 -3.283695976906774545e-04 1.002554475920903120e-04 6.401119491404705483e-05 0.000000000000000000e+00 0.000000000000000000e+00 8.063387908607650095e-05 -1.776440085108388226e-03 -8.921349054589448489e-04 7.068606490473869266e-04 2.038982640150231328e-04 -1.163792515320697220e-03 -3.353893440803157322e-02 2.765394491074370416e-03 8.478138101038653869e-04 -5.653145514427005596e-04 1.058750647495237127e-03 -2.702647060432368281e-04 1.061271044006795302e-04 -3.795148824740780802e-03 1.165457560023359668e-03 3.727549083026357197e-03 2.437812004392158650e-03 2.522674003216764885e-03 -4.531294884292564901e-04 1.471859597020812403e-03 1.956681923171331634e-04 -3.651821665199006962e-03 8.455772498349553752e-04 -4.746431826973424050e-04 1.571761785585842875e-04 -4.480565481314994526e-03 2.893964762735948791e-03 4.241886360001178441e-03 -4.464654094480739396e-03 3.119386039470697144e-03 -3.389851884563488686e-04 -3.709206988328500468e-04 1.446099409587564338e-03 5.781441884061749381e-04 2.225622590837179546e-03 1.217158856699949998e-03 6.845647692005033848e-03 -6.260061524828864753e-04 4.903218851016762254e-03 1.551677537495491262e-03 1.286004021040790517e-03 1.047931593403440310e-03 1.696048438730813311e-03 -2.823888633036563799e-03 -2.153360134626889711e-04 1.130953334654915187e-03 1.843295485841828793e-03 -1.886727831220205015e-03 1.313450345287263377e-04 2.134289137239674203e-03 -1.241621032245115823e-02 -1.439922274643014007e-03 2.556460233490055051e-02 -2.476490585441444917e-03 9.049913320479326811e-03 6.299074166071148796e-04 -1.103382612395124342e-02 -3.776952781196302612e-03 -4.481108344603819686e-04 1.613952906965512987e-03 -8.212610619223019177e-04 -1.990265694248370340e-03 -1.046388961918284267e-03 -1.440997212205510393e-03 2.006274242900403949e-03 -1.871536095115830609e-03 1.373558177884792383e-03 -5.699989859438740422e-05 -3.780484542141858721e-04 2.127264816438666857e-04 1.255905254640362104e-04 -1.158880122598755682e-04 2.135507167688675259e-04 -5.274879484528581216e-04 -4.878453692033695257e-04 -1.438395253386105799e-03 -7.909897113058928474e-04 2.192331442135843182e-03 2.591794039876423039e-03 2.638735223969190975e-04 -1.194887897316958313e-03 1.543079358969878280e-03
0.000000000000000000e+00 0.000000000000000000e+00 0.000000000000000000e+00 0.000000000000000000e+00 1.530194655538835095e-04 -1.431677883995556132e-03 -3.156115522101309587e-04 -1.145638511556642571e-03 -3.298806836460518518e-03 -2.165566582752263824e-03 -8.909195546471503427e-03 2.185798752731620172e-03 -4.290569885324804940e-03 -2.065138648230139054e-03 1.944109097370155630e-03 -7.458134013909586968e-03 2.421287118936170726e-02 1.408216800732070041e-02 -5.796298474045284699e-02 5.950919598183987413e-03 9.572167188840496541e-03 4.953106319140345749e-03 2.164290842772392809e-02 4.845273860872282732e-04 9.379228574224530209e-04 -2.153466688132656907e-03 -3.470121413704336036e-03 2.091757025331167363e-03 4.586843399420988641e-03 -1.848792047265207517e-03 2.799872614423032108e-03 1.055011637240676472e-03 -1.060475022259120721e-03 -3.337819569123819802e-03 3.376083870213493054e-04 -2.485876154743786072e-03 5.458091253644203064e-04 1.904592892065333151e-02 2.161308726556114882e-06 1.958940385513385264e-03 1.466288377070506382e-03 -5.623084009675795303e-03 1.674605508237446503e-03 -3.037799313522961380e-03 -6.027184949678572427e-03 -4.658130469005549584e-03 -2.213533802221187650e-03 -1.916865083976510226e-03 -4.805981420500123405e-03 3.964520365228708411e-03 -3.956959238186829545e-04 -3.476554063308135399e-03 -5.883295877936919318e-04 -7.368267196682924030e-04 0.000000000000000000e+00 0.000000000000000000e+00 5.151753499524650177e-03 -3.269850317512737383e-03 1.533513598420592396e-03 5.618815958003080388e-04 -3.798944872308013102e-04 -3.065122082824028437e-03 3.771348458987279495e-02 1.659347886937889704e-02 -3.781104716814996007e-04 -1.010443839034985865e-02 5.843418111886448420e-04 5.068347961987433245e-03 4.011260483753360394e-04 6.915639085279632649e-03 -3.761047877587078529e-03 1.583919311116582622e-03 -5.605601490048642277e-03 -4.441307320883523986e-03 -2.738169932826855623e-03 5.260660804986804114e-03 2.815509131864377818e-03 -1.324107207716148857e-02 4.109136571521557896e-02 8.078075594485114447e-03 -2.384132391405799470e-05 2.935808611291338549e-03 1.026318897853683437e-02 3.976941776410856076e-03 9.070007163573808734e-03 1.933950426464283844e-03 -1.765779582485137254e-03 7.745853441175908115e-04 -3.816073265133064062e-03 2.630830868801207209e-04 1.217158856700282848e-03 2.616314798384234905e-02 1.026965003988732257e-02 -1.517748442974472742e-02 -2.455235109694687851e-03 -2.466628645684823887e-02 -6.553474724831510889e-03 -4.785632985546982299e-02 -4.911606989456631864e-03 -1.502293464629261485e-02 -8.058287238460722980e-05 7.094342690640207359e-03 -1.128273365694487662e-03 -5.956410123848574281e-03 -5.596529335044064801e-04 -3.813759213696208197e-03 1.714697741883301069e-02 1.093347847749522733e-02 -5.756864609190136262e-02 7.346655521644165909e-03 -1.503307235062342588e-03 -1.758440567733183038e-02 3.262008767903306749e-03 2.313889879530772742e-02 -4.371669816878932563e-04 6.050450506498454908e-03 2.359915199901337426e-03 -4.838851016664220267e-03 -2.158802165530431839e-04 -6.083969914846463177e-03 9.390202955707154095e-04 -7.681458761968099243e-03 -1.807172593164297096e-03 8.840096256527374624e-04 -1.784745367202819600e-04 8.287828423573058911e-04 -7.247095093580631364e-04 7.119885676939705088e-03 -3.770683861783803324e-04 1.606918939503504222e-03 -8.137240850115794177e-03 1.215425751904987764e-02 3.451058770690529093e-03 1.230048626433330201e-03 -1.257419622629645829e-03 2.982019057712893741e-03 -1.079717467998435798e-03 1.185099870025994699e-02
0.000000000000000000e+00 0.000000000000000000e+00 0.000000000000000000e+00 0.000000000000000000e+00 5.064835159684995432e-04 2.297724808389466165e-05 -1.382425265937619859e-04 -4.480137718924851863e-04 1.901342978113250860e-03 -1.141556561086167930e-03 3.948447441153249242e-03 1.838868407375306028e-03 5.178139448129506599e-03 2.896833715250517150e-05 -3.488013649653030467e-03 9.196994519903970572e-03 -3.023439061767711419e-02 -1.353155519456476601e-02 1.045299571432646013e-01 -8.765672301658814641e-03 -2.375425669340480023e-02 -7.692734341112226690e-03 -4.156926724290248287e-02 -6.290908783470348931e-03 -9.171728022367116925e-04 6.562098075557608063e-04 3.269875811526845068e-03 1.995438230916078345e-04 -5.179120887366861145e-03 1.445965513168660029e-04 -2.214700782765106207e-03 1.205007150224296671e-04 1.087473358174854401e-04 7.085844051298212419e-04 -4.825771456177498303e-04 5.062328495925878108e-04 -1.102119736539431370e-03 -7.174152315647710706e-03 4.368655427362894356e-04 -2.405093113610622287e-05 -9.818817559650657063e-04 1.511512990330272227e-03 -4.476149014093574086e-04 1.129278080611028755e-03 5.547002243181704470e-03 4.130369237833922749e-03 1.875648612574889410e-03 -3.604409382421206506e-03 3.505784903927130700e-03 -4.149707965630504251e-03 2.403067498805230243e-03 -2.259089369498121485e-03 2.107422642088422325e-04 -2.236482241278324283e-03 0.000000000000000000e+00 0.000000000000000000e+00 2.161475170323498736e-03 -8.388603744921719479e-03 -3.678423090233552076e-03 -2.299060091948629606e-03 1.802451986384917808e-03 -1.135062960278828553e-02 -1.958835288038678069e-01 1.720458709640184866e-02 5.535350550215365102e-03 -8.424051455452023426e-03 9.746029026065895990e-04 7.873168298996359189e-04 -7.215904497820304492e-04 -1.352302909053642102e-02 -6.662068251073071344e-03 1.215198186726635515e-02 1.125225722930948274e-02 6.345825252420289782e-03 -1.541488592331936467e-03 1.739651238193912902e-02 1.475616560341563637e-03 -2.019824079519285873e-02 2.086383543980457195e-02 -1.072648416503929614e-02 1.770488203982501863e-03 -1.478403628220102337e-02 1.944477779092439185e-02 1.165037590188893607e-02 -1.835703903229620598e-02 9.177504837870179011e-03 -1.268942272465725879e-03 -1.709360740653408659e-03 3.639819879278164468e-03 1.097791458084330972e-03 6.845647692004536849e-03 1.026965003988768686e-02 4.325586948952062083e-02 -2.334232363198401362e-03 1.616008338742475417e-02 -2.192713503562361294e-03 -2.565008852557341696e-03 -2.175723036957490780e-02 -5.970300071863180770e-03 -1.546643710611206486e-02 -4.338966531467064458e-04 -9.898397752999523597e-03 1.053643740233712114e-02 3.006467352745002559e-03 2.835140155064339289e-03 1.010736938267816493e-02 -1.781753590873814130e-01 -6.099884888051260862e-03 3.024738890236842170e-01 -1.375781458640295239e-02 7.885517480068521268e-02 -3.336828980328428867e-02 -6.692094482824827162e-02 -2.609597584967966732e-02 -5.205673260301807090e-04 7.462798271164820287e-03 -8.516996866143882079e-04 -2.367329548533461669e-02 -1.903106167266180185e-03 -1.476146179506828207e-02 9.185605043480793083e-03 -2.032988459067586531e-02 7.953547225917036861e-03 -7.195462815872714565e-03 -6.460028731947127295e-04 2.282365048689055404e-04 -1.809120691734013167e-03 -2.560692274465148355e-03 1.118936430399025293e-03 -7.332701240308098787e-04 -7.761261726818159679e-03 -4.252134638786884274e-02 3.415677513395076661e-03 -9.707503558905813696e-05 2.260659929570405392e-03 -5.064102455975967067e-03 2.535532887046740812e-03 3.250216207161065428e-03
0.000000000000000000e+00 0.000000000000000000e+00 0.000000000000000000e+00 0.000000000000000000e+00 -3.793326395936744296e-04 2.814757929293747185e-03 -9.995795116876096068e-05 1.355663863375305500e-03 5.624262463906898671e-03 1.431586223659400562e-03 1.683699922639442237e-02 -1.637350401838209553e-04 6.873064698122287319e-03 3.069221300407572531e-03 -3.449156971167272566e-03 8.118428235911967494e-03 -3.548529729396213833e-02 -1.530409690480496153e-02 1.051673019069034182e-01 -5.951266459918645897e-03 -9.071231457318675029e-03 -6.662153254001339578e-03 -3.725344836151166933e-02 1.867421221262615619e-03 -1.848743133969917322e-03 2.472981710120831025e-03 4.103160913157380234e-03 -1.812251440678884409e-03 -7.318124967968239053e-03 2.533539521148199698e-03 -4.525838550779694332e-03 -9.859865339366161684e-04 1.553819741646400012e-03 3.113535266209976980e-03 -3.639634783033548473e-04 2.815637096436714257e-03 -4.595314231518234246e-04 -2.100134935494286925e-02 -1.808779804846170230e-04 -9.446379744685584872e-04 -2.292289672798777933e-03 5.613197708117608278e-03 -1.327996513205646507e-03 5.880574541760560416e-03 4.860419795355527470e-03 5.761180475801250256e-03 2.700087167350592905e-03 2.805306096215818765e-03 4.633819276214285778e-03 -4.500305669969313985e-03 -3.010654271452459230e-06 5.025794669431241438e-03 8.695648079787446447e-04 2.621142795682961709e-03 0.000000000000000000e+00 0.000000000000000000e+00 -5.582336181141071135e-03 -2.968385765356583049e-04 2.533470662870273768e-03 5.782004882768455867e-03 -1.132247261212180429e-04 1.236718458018356594e-02 2.281867129962712043e-02 -1.592796894284688111e-02 -5.327176893089809011e-03 5.046899046240499800e-03 -1.456221605406766767e-03 -4.991325182133525724e-03 -2.548215389431992238e-04 1.664800803279075161e-02 8.166797308745397249e-03 -1.639490431884852231e-02 6.092018516728717366e-04 2.638067100217152301e-03 3.985467033185403560e-03 -2.575664039426055815e-04 -1.427982715489679822e-03 7.924142652455305399e-03 -5.267263020400170248e-02 -7.519286509719639786e-03 -1.340977155266916219e-03 9.234649733728160850e-03 -2.854978384535356017e-02 -1.101567510694935817e-02 -9.647988406186898923e-04 -1.147453717773307472e-03 5.356067380630141067e-03 4.033690189478947655e-03 6.075411951232870429e-03 -3.291713614316724157e-04 -6.260061524838119503e-04 -1.517748442974733644e-02 -2.334232363201148297e-03 6.649008680998330645e-02 3.438387993864430205e-03 1.680068667280566058e-02 5.642246584955419239e-03 5.002461134037890222e-02 4.345961826080530117e-03 1.261540556966500278e-03 1.189792376004491278e-03 -1.220537244381871694e-02 9.196216728309941982e-03 8.768286593426729766e-03 2.069113677831062575e-03 -3.281211040815116501e-03 -1.266901798321751760e-01 4.448130821071228161e-03 1.665535382240584672e-01 1.931624181280150454e-04 4.173866789657413451e-02 -2.411918200664326870e-02 -2.912267122900103790e-03 -4.570789256176993609e-02 2.190041062934485524e-03 2.792615525059514558e-03 4.167793912516186243e-03 -1.285486166305624053e-02 4.981575295875785049e-03 -2.126757468524324759e-03 3.058664908798496094e-03 -1.887046900104778768e-02 7.409850710597271073e-04 -2.432375546054475757e-02 1.121895421900428796e-03 1.535126606018452156e-03 2.098311065871688585e-03 -6.579016408302740607e-03 1.056481547734579871e-03 3.938061989824429530e-03 -7.192569379367193261e-04 3.239213724723806476e-02 6.652860785618851247e-03 -5.474350660551802715e-03 -1.189159668468991321e-02 -5.300661117995798810e-03 5.918300839235688358e-03 -7.808757920237182834e-03
0.000000000000000000e+00 0.000000000000000000e+00 0.000000000000000000e+00 0.000000000000000000e+00 5.750666080510829538e-04 -4.818881637779476161e-04 -9.002121967145075912e-05 -4.089425466128319584e-04 1.004353270947884284e-03 -8.215281323203548402e-04 6.244991727535850225e-04 1.765006588468558341e-03 3.255726026066585108e-03 -6.667700068727841489e-04 -1.121934668104402960e-03 7.246103466872030885e-03 -1.168368180842736977e-02 -1.121510029300082020e-02 3.626207490518547349e-02 -7.000849979498979282e-03 -8.971309656298848828e-03 -8.404408185979884635e-03 -1.363645130770714878e-02 -5.462899888769655321e-03 -7.013982054471733750e-05 1.846637786342163244e-05 2.082626107224247024e-03 7.753093806256911892e-04 -3.474675407671903166e-03 -5.050311553708198035e-04 -1.159804158675610368e-03 6.730566470578396021e-04 1.833927674732195741e-04 1.492384929297516463e-04 -2.022481673850239786e-04 2.414956309590498911e-05 -5.333451339999392476e-04 -5.042772964887340219e-03 1.695775067181930868e-04 -7.276348635334589383e-04 1.967111124681701064e-05 2.839952136632891821e-03 6.684916617390374884e-05 5.611719131818222175e-04 6.417944690171299531e-03 2.549441152978287970e-03 1.550199738713657236e-03 -2.834761329012953912e-03 3.083637429196729556e-03 -2.965032135621036360e-03 1.784956458905605876e-03 -2.356345401325933564e-03 1.654752538133801682e-04 -1.504157843531440768e-03 0.000000000000000000e+00 0.000000000000000000e+00 -2.275164255542467488e-03 -1.470603997918174758e-03 -9.051018542598543220e-04 1.162903124606695475e-03 -4.534693974684579046e-04 -1.232467867680640469e-02 4.443203306419839238e-02 1.183458770996434831e-02 1.893486084568410648e-03 1.101146495733076663e-03 7.658671220137098362e-04 3.980349550010974478e-03 -7.195002989473036313e-04 -1.794313396745561822e-03 -1.875503818274496925e-03 1.187264050486371752e-03 8.369721247742604314e-03 1.916085522013841972e-03 1.927505263727953360e-04 4.880254279178957290e-04 8.207174701063717952e-05 -5.667110118842490912e-03 -9.089595226550509915e-03 -8.240153844726450091e-04 6.096764196907308126e-04 -4.984298969917736041e-04 1.759857409536312069e-03 4.461997658837744659e-04 -1.109558105187642522e-02 1.139343307025855821e-03 -1.582497360343203339e-04 -7.699175704903783073e-04 2.053305539479438179e-03 1.390838919301371499e-03 4.903218851016920982e-03 -2.455235109694889079e-03 1.616008338742744299e-02 3.438387993866152351e-03 2.116456595954836067e-02 8.717708922032312707e-03 2.230902911651696727e-03 9.140199588046602625e-03 3.263210635745027264e-03 -1.393474438682792971e-02 3.491647794633177902e-04 1.406762777585342673e-03 1.094798650720271889e-02 1.594405779011762994e-05 7.500913016427225577e-04 9.982301827608603892e-03 -3.897254634637339898e-02 -9.362520175248535345e-03 9.604077727195745040e-02 -9.473023981295427415e-03 2.978035228579070659e-02 7.214465213146436899e-03 -4.085523298899141481e-02 -2.714325267059197050e-02 2.631905985826225479e-04 1.826518623653611891e-03 -1.784440857644104591e-03 -6.510072390306898341e-03 2.380072698703804886e-03 1.561523719748247538e-04 4.662114207231488235e-03 -9.443995917245016219e-03 2.828893816382535651e-03 -4.235486011950258603e-03 -4.200933664128789517e-04 1.900960310839208255e-03 -1.482820937583547403e-03 -1.433686070181506645e-03 8.125063881697857596e-04 1.540080519594051256e-03 1.662531335885633621e-03 -3.200369817841585557e-02 5.970908605100582953e-03 -8.051951695513369237e-04 1.798006797709676089e-03 -6.169370596858621096e-03 1.925305269550715501e-03 -4.200631426394122944e-03
0.000000000000000000e+00 0.000000000000000000e+00 0.000000000000000000e+00 0.000000000000000000e+00 5.156949449426904194e-04 3.458801303970660446e-04 2.999024972279857844e-04 3.447540995290157930e-04 6.663950166717066232e-04 1.507937193754235305e-03 -1.957247515280184907e-03 -2.797694740270808070e-03 2.427742081257939707e-03 -4.896608148997167679e-05 -2.593986969294704995e-05 8.196284676563695554e-03 -4.419178328128246097e-03 -1.399112398428004750e-02 6.136020113000632131e-03 -7.427313164926295334e-03 -8.284028522252771115e-03 -4.052911815744534609e-03 6.731547447063894636e-04 -6.054179420647572141e-03 9.398307399403843607e-04 8.886793521057195474e-04 2.611378812931259338e-03 -8.065519259858675970e-04 -2.909545946012769349e-03 1.410260948774978273e-04 -4.125223386141082344e-04 -1.029453726105350892e-04 5.479423728020771248e-04 1.478396623371284590e-03 -4.166316414980324179e-04 3.363478002011914656e-04 -4.898627117098786196e-04 -9.534443045221361462e-03 4.925747765477198623e-04 -4.236758773147017735e-04 1.857944893073640259e-04 5.093772006066505688e-03 -6.452121581152587756e-04 1.029258358187341458e-03 7.184257235848983889e-03 3.276283953764851879e-03 2.032419319366952741e-03 -2.647459780557446813e-03 5.208860629260333129e-03 -3.434053617392421754e-03 4.055219734793140927e-03 -1.527292049362666488e-03 6.517462365065432219e-05 -1.970451090861792282e-03 0.000000000000000000e+00 0.000000000000000000e+00 -5.740415866451008611e-03 5.417025687132191215e-03 -1.905235105257585332e-03 -1.711005390921600247e-03 -1.913916344673906918e-03 -9.398507479837808765e-03 2.451648063786150966e-01 -5.723453542942602210e-03 9.430172506096311247e-03 1.254721997959132307e-02 3.107991059581482595e-03 2.074594662364821328e-03 -7.023185101049197370e-04 -1.247014081978300472e-02 1.643775961481667644e-02 1.829071662270811624e-02 2.501368367657713643e-02 -1.442471446811360337e-03 1.885081391620629411e-03 1.426248303801111797e-02 -1.309182005392035874e-03 5.644331322315881277e-04 -3.107730818234257647e-02 -2.607668837763420580e-02 1.689352870141809602e-03 -6.779518114131011068e-03 -7.777151250362141985e-03 1.874687366753744963e-02 -3.887757448539872623e-02 -1.014314977399771896e-02 -1.307750613454555051e-03 -2.658075110777186664e-03 7.419496327024429488e-04 5.535925382862149670e-04 1.551677537495623968e-03 -2.466628645684558821e-02 -2.192713503559563185e-03 1.680068667280109826e-02 8.717708922031891169e-03 5.863648613767651063e-02 7.305496728004516778e-03 4.693429314552951398e-02 4.845677298382017502e-03 1.379956019286571016e-02 1.253891741658463992e-05 4.979110676333480673e-03 1.243606164259247228e-02 -8.511240454711133108e-03 -1.263799780302297731e-03 2.589060609246392197e-02 1.081074102859627822e-01 -3.069453788601890845e-02 -1.019351993204311163e-01 -2.378181080291843358e-02 -3.175301822327808443e-02 1.551643150822267642e-02 -1.513570877589461190e-02 -2.803148709313526415e-02 -5.664960044354486364e-04 -7.576477089560234093e-03 -4.725923205245768227e-03 3.555010005547126935e-03 3.998394319466520679e-03 2.428442824587372789e-02 -2.565538372103096185e-03 4.590761836352057548e-03 -3.277981671592932107e-04 3.914496849944367439e-03 -7.882917474756858311e-04 2.714247761416934638e-03 -2.477850679969377436e-03 -5.210326607871817485e-03 1.191342490392001277e-03 -2.111496908771774011e-03 1.374611460214966718e-02 -2.763603328421950639e-02 9.997719612139235532e-03 8.936626525880444691e-03 6.242271226630185729e-03 -1.100268700413595561e-03 -3.188921678874833462e-03 -1.181485694378218987e-02
0.000000000000000000e+00 0.000000000000000000e+00 0.000000000000000000e+00 0.000000000000000000e+00 -5.152007603205122251e-04 -2.003686968558074204e-03 1.482356958059406109e-03 -1.362412052512595312e-03 -1.907812452051668066e-03 -2.781736208904512543e-03 2.272350793109901776e-03 5.446735339493204674e-03 -2.866076455691849226e-03 -2.387093069296446039e-04 -1.350310947530951669e-03 6.542304435469884199e-04 -2.795495937400270525e-03 3.054624086110855567e-04 2.584988285205504221e-02 -1.341734435766784011e-03 -5.148763155901584822e-03 -3.804880917815329881e-03 -3.769440132307658523e-03 -3.330417660298444840e-03 -4.763960244291408526e-03 -8.266455383669274112e-04 -7.274604732347207019e-05 1.881354176458870098e-03 4.282616397141338418e-03 -3.328999766552662620e-04 -9.868589770774109128e-04 -5.950878967982185883e-05 -2.750569766657648407e-03 -2.612874919238023213e-03 5.308454504573957263e-04 -9.795930811324026193e-04 1.079140062017589982e-03 4.412483109611476176e-03 -8.865040540894681288e-04 -3.007504070886859678e-04 5.705812180764531808e-05 -2.020744448526369356e-03 -8.800814036438898025e-04 -5.110415134045861530e-05 -1.739072058730984499e-02 -1.350133042822773645e-03 2.006047621348545267e-04 -2.081845728579467293e-03 -2.061355541277331942e-03 1.630909434372948032e-03 6.123158463245867954e-05 -3.483754842173782465e-03 9.099680981159504085e-05 -3.343697574223881519e-04 0.000000000000000000e+00 0.000000000000000000e+00 6.103272836949802946e-04 -6.039478124905699533e-03 3.703438088353393047e-03 -3.216349047217447366e-04 1.690994692867291887e-03 1.138612272703460292e-02 -2.246341921768203465e-01 -5.228724176096608348e-03 -7.520645322832511873e-03 -2.554311817802917915e-03 1.253130040633001390e-03 -3.173254910909601139e-03 4.649628241739312213e-04 -5.117242664454125763e-04 -3.563324359173968871e-03 2.155312016820727043e-03 -1.056425489542112475e-02 5.332188472047898024e-03 7.054789433349459076e-04 -1.149458009066006876e-02 -1.459616780229247915e-03 1.311159530056067897e-02 -7.923706852909580614e-03 1.232261818322479170e-02 -5.568831248015373644e-04 -1.871170279032453952e-03 4.791915324380478097e-03 2.271302019354855609e-03 1.090955536860267056e-02 9.580569872153138489e-03 2.520725660842020781e-04 1.488625863030683307e-03 1.755515247705116428e-03 -5.382661987025748199e-05 1.286004021040984373e-03 -6.553474724831415479e-03 -2.565008852557430601e-03 5.642246584953628137e-03 2.230902911652290870e-03 7.305496728004804742e-03 2.555103495809786865e-02 2.392036005271710314e-02 1.623169943631495513e-02 1.916677579960113231e-02 1.261068334909013671e-04 7.661770747999430663e-03 -6.081436575442424573e-03 -1.120818904052581569e-02 -8.899969783259509531e-04 5.103668005258728789e-03 5.723781384788521887e-02 -4.701513766141049086e-03 -9.150689657875531180e-02 -4.043022469010520807e-03 -5.460211941089557902e-02 -1.002257478460097037e-02 4.062169456869416800e-02 9.103797013206122238e-03 -1.844532651979092965e-03 -1.803827644345726983e-06 -1.433296442782712866e-04 9.614293965372690959e-03 1.563196414638478703e-03 -3.659446387193981097e-04 -1.152537651133191121e-02 1.589157491427262148e-02 -6.467671066640351581e-03 1.792446751068557881e-03 -1.753221900373796581e-04 -3.053706970678352148e-03 -7.018279962175729813e-04 5.976991637972833490e-03 1.157252010206665915e-03 2.120244123866559232e-03 -4.492029526707924051e-04 5.861182896116912122e-02 7.368096084160798316e-03 -1.102116615825523812e-03 -7.550460215123224947e-03 4.134396878247621580e-03 1.398780424735980837e-03 -1.455756071471616710e-03
0.000000000000000000e+00 0.000000000000000000e+00 0.000000000000000000e+00 0.000000000000000000e+00 -1.895640862997483673e-03 6.207620691137481078e-03 4.261161592723181372e-04 4.582589032301735699e-03 8.552174523507864723e-03 4.809391333612380443e-03 2.923968436631346410e-02 5.360067458751997804e-03 7.150424338510243116e-03 7.281104835015270518e-03 -2.393032267679864183e-03 4.526830141855548058e-03 -3.482924734716546372e-02 -1.020937877120965502e-02 5.697061377188641224e-02 1.128086805975764360e-03 8.653289346867064358e-03 -8.234655285626751864e-03 -2.718909953411082284e-02 1.641236608646998510e-02 -3.833904972350241948e-03 5.864391849096988948e-03 4.926820859239287517e-03 -2.529008610642784725e-03 -6.502451881001871520e-03 6.248907400986319395e-03 -6.973052029143138840e-03 8.110896314543961224e-04 2.438208191938050391e-03 8.647013442832552146e-03 1.365400727411420119e-04 7.507139114839644217e-03 -1.005666646757099160e-03 -4.239078468958136503e-02 -1.754983747729837789e-03 -3.469361984698761999e-03 -3.244958991926769065e-03 1.135751618177077704e-02 -1.670639765361528733e-03 9.923178314309421752e-03 4.835647361976773417e-03 7.875721285784524975e-03 1.381610508918681849e-03 1.428619577694979423e-02 4.206399438122914239e-03 -4.950658518401529311e-03 -8.223441115803477655e-03 1.346389009014625597e-02 1.713305782644273861e-03 1.086076535672975130e-02 0.000000000000000000e+00 0.000000000000000000e+00 -1.320106609136716645e-02 2.308134118835750148e-03 1.639285044471377626e-03 2.091991636220978321e-02 4.077376702040152318e-03 3.043982545675434984e-02 -5.107218413856206007e-01 -4.123430757837367316e-02 4.004285670689839392e-03 1.958178626949863554e-02 5.103997526503454424e-03 -1.891917654691661899e-02 1.574705461139356113e-03 -1.772811600834008072e-02 6.116103436671159639e-03 6.384697806140969024e-03 2.556616059585379002e-03 2.944392951925810936e-02 8.393914389139655111e-03 -1.354982832402252223e-02 -5.427793367571151668e-03 3.662244661097148468e-02 -1.629283007142997564e-01 -4.912522540954530198e-03 -2.062433852179898497e-03 -2.027013678509444888e-02 -1.539440798390160660e-02 1.054003337301952399e-02 -1.519578056596768145e-02 1.498328105107941607e-02 5.781417148896556175e-03 8.820224225837407575e-03 9.538425809143012690e-03 1.776278302098321894e-03 1.047931593403494737e-03 -4.785632985547464552e-02 -2.175723036957371084e-02 5.002461134038098389e-02 9.140199588048814397e-03 4.693429314554016518e-02 2.392036005271721069e-02 2.270277647086348105e-01 1.949518175657046631e-02 5.187270116471420084e-02 -3.807303456611411713e-05 2.289185434008500584e-03 -9.592460062915731354e-04 -1.078931533767903822e-02 1.063494711733864884e-03 -1.712536995893702146e-02 -4.836927482657646382e-02 1.299180943827720619e-02 1.230489135071783646e-01 1.089002014921256617e-02 -3.345524717116626218e-02 1.031479193474097861e-01 9.572344975790188226e-03 3.544548127315354236e-03 2.944203429205149991e-03 -4.323489389553288736e-03 -1.957625123299023412e-02 7.567263579798401418e-03 -1.501924174593821659e-02 1.135232015944266128e-02 3.046169180342632368e-03 4.195051384460202898e-02 9.101560109765106585e-03 1.482201784034788139e-02 -1.049788959684394519e-04 -3.254125910752925406e-03 8.843443340294807400e-03 -8.846939550376620859e-03 -3.772714344398356550e-04 -3.474538736809252605e-03 2.564749398918689943e-02 5.331558370037636774e-02 -1.856644265632390392e-02 1.350013374703119481e-02 2.007181542835544119e-02 2.428275885005850860e-03 -1.485880732659403125e-02 -1.532490355827935587e-02
0.000000000000000000e+00 0.000000000000000000e+00 0.000000000000000000e+00 0.000000000000000000e+00 -5.299893498147870792e-04 3.463075785063089544e-04 8.049054010240213556e-04 3.458232773301337238e-04 2.280950870232210850e-04 -1.496958028208722090e-03 6.165348895260112753e-03 5.534141680985239786e-03 5.253442430711119208e-04 1.241360808471493257e-03 -2.064541221669918131e-03 3.289752759681878122e-03 -1.456568689517458853e-02 -3.131385086417457376e-03 5.143344472598947864e-02 -2.710308482515803169e-03 -5.542299929103771880e-03 -5.699270532498561942e-03 -1.558182330488462088e-02 -1.052240746923854657e-03 -3.820012022087692152e-03 6.656711287089153283e-04 1.075285914138011858e-03 1.288129186508466927e-03 5.924082346185064775e-04 1.064433895981257332e-03 -2.167172853542937913e-03 7.188503988956392206e-05 -1.396152484254867656e-03 -4.773588112021263517e-04 2.611545662452823121e-04 8.584601369088908172e-04 5.642300697446297596e-04 -1.634837103482737232e-03 -7.835672024230367618e-04 -7.344884974339108401e-04 -6.637811949044517424e-04 -1.197907913345278973e-03 -9.126638989103235365e-04 1.446806314226294857e-03 -1.135331530237336864e-02 1.572586778642438019e-03 1.109630071876170935e-03 -7.354823989673339724e-04 -9.489532848243817376e-04 -4.471142927728880478e-04 -7.395019364392178829e-05 -1.558896128215145251e-03 2.891037571599786764e-04 7.570325918499021343e-04 0.000000000000000000e+00 0.000000000000000000e+00 -9.927753572303752664e-04 -2.401276886584010999e-03 1.757151301964666578e-03 2.786411456929676310e-03 1.302985018368355442e-03 8.872641438640473457e-03 -1.932108701279463825e-01 -3.604039403209498629e-03 -6.952268341951544500e-03 4.094033584225103910e-04 1.047925774557803211e-03 -2.280916286001369309e-03 1.232507863882076208e-03 1.612230904169523193e-03 1.111468128065160391e-02 -2.567117383162627765e-03 -5.019181392082809959e-03 3.473113169933839464e-03 7.150252726858387451e-04 -1.439248800483219903e-02 8.586383858648246855e-04 1.108280710381625428e-02 -9.359782147124930812e-03 1.235056848434637651e-02 -1.431642824110224838e-03 -3.301393692106656830e-03 -7.007970170017877899e-03 1.325169372635308200e-03 9.353373693230073935e-03 3.708342652786051664e-03 6.707872419979016981e-04 1.841591401270213516e-03 3.446114901499026592e-03 4.862613668902922748e-04 1.696048438730915877e-03 -4.911606989457586829e-03 -5.970300071861863248e-03 4.345961826080867521e-03 3.263210635745926284e-03 4.845677298383714929e-03 1.623169943631384837e-02 1.949518175657109428e-02 2.296196009499567453e-02 9.393873391126189229e-03 3.450777133398824463e-04 9.331909454362713463e-03 -2.532062269424911055e-03 -1.116509275522446602e-02 -1.136752621112170798e-03 3.160751837478791015e-03 7.565210545723226321e-02 -5.143508336284016019e-03 -1.058025054904310758e-01 -1.658708295044560022e-03 -4.103935304943021056e-02 5.097332164019003665e-03 3.420435362570935223e-02 1.409509008408017534e-03 -1.197152114530799279e-03 -1.376183269945895288e-03 -4.877768468332326470e-04 1.294131717140290135e-02 8.253666997669046983e-04 5.030045349392021740e-03 -8.569423644529420778e-03 1.020789513968517991e-02 -8.463760940705479519e-03 9.754542771606108161e-04 -2.974557971624513554e-04 -1.486672461416779648e-03 1.359226488292917981e-04 3.335175130472097221e-03 7.327480732451221784e-04 -4.433641122129257654e-04 -1.586648672046911141e-03 3.816039069187850824e-02 2.810643475113283173e-03 2.609748292168282031e-03 -6.250878918670958392e-03 4.665470455259621355e-03 -8.902918630590821863e-05 4.969371776617164879e-03
0.000000000000000000e+00 0.000000000000000000e+00 0.000000000000000000e+00 0.000000000000000000e+00 -1.894608518816436309e-03 -4.543447391340997739e-03 3.601922653350600641e-03 -1.809546057978694746e-03 -4.061959707546463662e-03 -5.436412027154566631e-03 6.449897145109244508e-03 1.208794458186251281e-02 -7.601274570928126702e-03 1.060448951422097216e-04 -3.833974568739162078e-03 -4.611512472877082013e-03 -1.232222275273730031e-02 8.994172698180353739e-03 6.433384657036753107e-02 3.179698007283441111e-03 -1.656013403803235223e-02 2.146244356132272820e-03 -1.591878468942004021e-02 2.608174008449475924e-03 -1.204068549364490683e-02 -8.496003966902090530e-04 6.236627719518120228e-05 2.307626595440827842e-03 1.125442233873490995e-02 -1.303695344057882559e-04 -2.541289938582658604e-03 -6.306737286788906618e-04 -6.143547365481920840e-03 -3.969027568084946243e-03 1.683320663346352976e-03 -1.131512610054653594e-03 2.075828892626430718e-03 4.573847910766135061e-03 -1.947859719387750894e-03 2.506580424859670021e-03 -2.562369964782662936e-04 -7.346191666620038863e-03 -1.445215966320575118e-03 -1.393010028428595930e-03 -5.047309573533237392e-02 -3.589114382367035189e-03 -6.415982381205028676e-04 -1.879206088414286653e-04 -7.820589132933212367e-03 3.653427401066514091e-03 -5.099172586339708246e-04 -4.814783956253614917e-03 -4.951873577558078485e-05 1.116787051134039872e-03 0.000000000000000000e+00 0.000000000000000000e+00 1.866627419161988148e-03 -8.273406483749121132e-03 1.281311662404730715e-03 -1.863627569888264912e-03 4.699711836952024692e-03 6.939884183044897278e-03 -6.007667724329194270e-01 -2.395024712135171950e-03 -6.942561787572958977e-03 -3.497301391922090020e-04 3.629765180198323785e-03 -7.349035582505479905e-03 2.083337916383412938e-03 -1.035326345244658337e-02 -2.192849644501214737e-03 6.823920329912024595e-03 -1.752010320516743033e-02 1.094722528988317442e-02 3.385836729974557721e-05 -1.214605378783687427e-02 8.288530294718429899e-04 1.550873162017783052e-02 7.904261339157662991e-03 1.114029391223054881e-02 -8.685540750505461871e-04 -1.425171910476749973e-02 2.383377922739684379e-02 9.748737638322631238e-03 1.863240033296260922e-02 1.564803747547259191e-02 -7.698722476440675831e-04 -3.395099996614947633e-03 4.276488843282657409e-03 2.462957931412713009e-04 -2.823888633036855233e-03 -1.502293464629142136e-02 -1.546643710611588993e-02 1.261540556962411318e-03 -1.393474438682767817e-02 1.379956019286794622e-02 1.916677579959970290e-02 5.187270116471517922e-02 9.393873391126411274e-03 1.251449715687030229e-01 -1.005918280625765424e-03 8.756676374887778502e-03 -2.111850831342942936e-02 -9.239344105149606065e-03 -2.454713023121317655e-03 9.152117613492789100e-03 1.379357181724260029e-01 -3.635913728037069165e-03 -2.403117668028489362e-01 -1.143109971945280648e-02 -8.019574935090004186e-02 9.485315208937625253e-03 8.050188223088737549e-02 7.737010586255892164e-02 -7.265243049647266554e-03 -2.486789019243496653e-03 1.037245905692885280e-03 2.265969809374150309e-02 2.373733725879483523e-03 -5.602935900043251594e-03 -1.209741657692594771e-02 5.405902423906639581e-02 -8.364780438664756040e-03 4.132129853968850852e-02 -1.453035602473049621e-03 -5.505962958565595484e-03 1.510468718514034348e-03 1.113503131091053179e-02 8.739012878383135754e-04 -5.829310530982968405e-03 -8.313770180540585794e-03 1.098836525111843432e-01 -2.756670499262935808e-03 8.040709811035239019e-03 2.597156259010853768e-03 1.586071971709737682e-02 -7.925675664841570767e-03 9.545975583475814485e-04
0.000000000000000000e+00 0.000000000000000000e+00 0.000000000000000000e+00 0.000000000000000000e+00 5.005823793363761660e-05 -4.726779829044638350e-04 7.496960385350750057e-05 -2.625584229561498967e-04 -3.352269053927466069e-04 -1.597175090637497881e-04 -9.997630377470713946e-04 -1.501589796795952682e-04 -2.136050246434208883e-04 -3.396092333053708388e-04 5.643034921465796413e-05 9.676503122513254026e-04 7.261261111674919937e-04 -1.060079278905676778e-03 -1.629353901696234657e-03 -1.226492719117585608e-03 -2.234323037673268558e-04 -4.607261468896336554e-04 2.174600841135244846e-03 -1.534338010622395649e-03 -1.519513036321320197e-04 -2.536937257935256338e-04 5.909647157767506710e-05 2.854806170122208410e-04 1.960369047768804158e-04 -2.953581234613804015e-04 6.159207423944804702e-05 -8.494904070155683299e-05 -3.024988242637264495e-04 -4.877422553120309501e-04 5.974952656868593245e-05 -3.780360596664353095e-04 6.042697833075255838e-05 1.290893156019764804e-03 9.359317794418493689e-05 1.394453036823788356e-04 1.352770998230926893e-04 1.545324426382957308e-04 5.712502296871565361e-05 -2.426343058644419366e-04 -9.491739552633865007e-04 -9.853432497341460842e-05 1.396331799441359633e-04 -9.883271077152527319e-04 1.351118309512608850e-04 -6.164731599753777574e-05 8.866580679116951684e-04 -6.668498589134436898e-04 -1.699725140916797606e-05 -5.285449751382794098e-04 0.000000000000000000e+00 0.000000000000000000e+00 -3.677365760252310038e-04 6.763527861530246963e-04 5.160424224607629631e-04 -3.889541335048543103e-05 -9.174359790129923661e-05 -5.650958917617786206e-04 1.349553074354394033e-02 3.734205007044641769e-04 -8.641956264108017040e-04 3.637113366813437892e-04 -3.532489731146582607e-04 1.015613836564226158e-03 -1.222351549710696660e-04 2.183081381709850270e-03 1.298744585188367929e-03 -1.508925063660271218e-03 -2.739382620150829077e-04 -1.089911876179935728e-03 3.467905856853172259e-04 -6.175108995347763528e-04 1.169461029177295430e-04 8.755751602220247396e-04 -2.158652903892356416e-03 2.352711102910105140e-04 -3.351258501361243671e-05 2.689152507093093853e-03 -2.389487082600736615e-03 -2.046566118124180239e-03 1.258733087119700503e-03 -1.091442091804700103e-03 2.341428218149554246e-04 2.457394693812073230e-04 -4.015051644659527370e-05 -1.885189670355603931e-05 -2.153360134626459825e-04 -8.058287238469570069e-05 -4.338966531462798122e-04 1.189792376004355752e-03 3.491647794634956535e-04 1.253891741684374391e-05 1.261068334910171328e-04 -3.807303456618967247e-05 3.450777133399980765e-04 -1.005918280625380532e-03 5.204760620955557705e-04 5.457915777923353588e-04 2.142211328899720595e-03 -3.104747970417074104e-04 -2.067160088787728975e-04 -1.842404931098570384e-03 1.791822282477434358e-02 2.137391208784267856e-03 -2.309651673069535588e-02 2.542989376056148301e-03 -9.115093413151430929e-03 6.742048756380364209e-03 2.771910684734282555e-03 4.054763826451118769e-03 2.359228769456614145e-04 -7.977250968550802677e-04 -4.543587197078695160e-05 2.127079419993655341e-03 1.301656799347008283e-03 2.097749393530112024e-03 -1.397297600685508531e-03 1.643920560392060388e-05 -1.610376515559032700e-03 -8.699591972827148056e-04 2.913967937336526295e-05 3.588609144379468758e-04 -7.443832530908947500e-04 4.512921000238232644e-04 5.811115999811456985e-06 7.660238200026699400e-04 3.458085219313749301e-04 5.749232608122769109e-04 1.259242898212135139e-03 -1.077403705524357250e-03 -1.646845193166009960e-03 -9.394306245988205770e-04 1.246365623133485062e-03 -1.378816972981381818e-03
0.000000000000000000e+00 0.000000000000000000e+00 0.000000000000000000e+00 0.000000000000000000e+00 -6.284751456349213072e-04 -3.696593889793319508e-03 1.504963294435933321e-03 -1.773654003103864764e-03 -8.470906708814040717e-03 -4.997961621079356764e-03 -1.549074330632922193e-02 1.057699034249196153e-02 -1.107992868190843874e-02 -3.296203919420482610e-03 3.751868048038161339e-03 -1.225431949698436648e-02 5.003709174348071331e-02 2.682798578330289688e-02 -1.324011142510555239e-01 9.882521159274182398e-03 1.957808533417229602e-02 4.858739249603531360e-03 5.688870209663242361e-02 -4.598305184786777907e-04 -3.424492834419555487e-03 -3.803896147384721801e-03 -5.810625800238283442e-03 5.381913888901032963e-03 1.280652248875486891e-02 -2.976279140381362862e-03 3.654554027226734284e-03 3.139909027397687607e-03 -4.910273510198894138e-03 -7.781004158295511466e-03 1.562847250603326089e-03 -4.273366984618162841e-03 1.300541404171185779e-03 3.191124412751874390e-02 -1.360127866223308181e-03 2.860945764693131887e-03 3.328815886450373334e-03 -1.117935831725577582e-02 2.308304735745059233e-03 -5.970672251799702401e-03 -3.269307522904758845e-02 -8.689405916260290602e-03 -4.471831359051664165e-03 -3.736601824501435860e-03 -1.074946386437245459e-02 8.146758624783100727e-03 2.283442665736954173e-04 -1.065231231597425429e-02 -9.932284028212222046e-04 -8.432955146995685380e-04 0.000000000000000000e+00 0.000000000000000000e+00 1.062264408736756944e-03 7.576957150453024438e-04 5.976881974909654602e-03 6.043683701286217680e-03 -2.503368078476053086e-03 -1.076148992807822100e-02 2.149346487948531892e-01 2.171771028016256100e-02 -5.312270696580785254e-03 1.269034294378464578e-03 5.201034923747354863e-03 1.019081610785272686e-02 1.753150389087298816e-03 1.664945619367843438e-02 1.582317169821932309e-02 9.871415446169834289e-04 -7.079849572964916869e-03 -5.555109515971692370e-03 -1.813776611103079181e-03 -1.073300413801600572e-02 7.781990099260983895e-04 5.340881760979539379e-03 1.440577749031895019e-02 1.821366604819688040e-02 -1.543435365640228717e-03 1.413537318930771329e-02 -3.239040700223914330e-03 7.765676410720056926e-03 1.231924678504701075e-02 -3.609503720750585967e-03 -3.014771050634041088e-03 9.398530831633854004e-05 -4.484891247728401559e-03 2.193237228535753047e-03 1.130953334655848469e-03 7.094342690642115555e-03 -9.898397752995806084e-03 -1.220537244381983064e-02 1.406762777588316422e-03 4.979110676334381862e-03 7.661770747997714154e-03 2.289185434004144693e-03 9.331909454362357845e-03 8.756676374880483990e-03 5.457915777925984946e-04 5.143502658764226992e-02 -4.195132402329750099e-03 -4.529260163439119413e-02 -7.598128511483454549e-03 3.728590244689454491e-02 4.742282113009910205e-01 -2.564024605630233281e-02 -7.153656301944010254e-01 -2.289321489263234505e-02 -1.566177012320565387e-01 4.121322434014206698e-02 5.878292486226471825e-02 4.086522187899459951e-02 -5.397614792035728901e-03 -3.141219688866009590e-03 -4.437457400003904685e-03 1.898843826613494379e-02 4.136997438202591297e-03 2.900625687099335839e-02 -1.499844761205212755e-02 3.398855028954855806e-02 -1.393194700806704711e-02 2.461826524469394942e-02 -1.612241073309069253e-03 8.673328021972760097e-06 -1.698149218793604904e-03 1.875222542865015440e-02 1.677510984425176254e-03 2.245713325873263742e-04 2.036807514024524188e-03 4.830885987412543436e-02 1.571520591919137871e-02 1.582422226669730897e-02 -3.236762731980481235e-03 1.231199651152487841e-02 -5.363183375858264317e-03 7.080018416618875238e-03
0.000000000000000000e+00 0.000000000000000000e+00 0.000000000000000000e+00 0.000000000000000000e+00 1.447542915810371344e-03 -1.692408107084806363e-03 -1.248534683733520684e-03 -5.722444592138983170e-04 1.473084471521341442e-03 1.821137909829332550e-03 -7.692268185654727204e-03 -9.223509859688380774e-03 4.971242355757759905e-03 -2.124012553216422534e-03 1.078473223654241760e-03 1.255457401231234796e-02 -4.452337957056651599e-03 -2.057337434144756311e-02 -7.610907229913569175e-03 -1.327120345183028204e-02 -4.382626988369196092e-03 -4.777241283737417889e-03 7.258843734547385657e-03 -1.231080763402777126e-02 5.097936336183732722e-03 -2.262998467357207194e-04 2.887765915336875343e-03 -1.177986573687455187e-03 -6.868762565700314328e-03 -1.676649041573331691e-03 8.329766902620994607e-04 -1.109846006354383002e-03 2.290949428340561828e-03 1.021099638105225482e-03 -6.861484797741525124e-04 -9.247086700727052185e-04 -1.382796195581024621e-03 -4.964868534536689103e-03 2.276072372302879142e-03 -3.331081247197508399e-04 1.968986905738773089e-04 6.925562744877728633e-03 6.907319253359335120e-04 3.212229151516045843e-04 2.292073350442710294e-02 3.772890303441842931e-03 2.810039714795326514e-03 -5.931485649857068561e-03 7.630451354572108554e-03 -5.285375382922117768e-03 6.928709654801857611e-03 5.218412552817513518e-04 -3.646257193396298946e-06 -4.988011280441581076e-03 0.000000000000000000e+00 0.000000000000000000e+00 -4.566467696373348144e-03 3.906179324332460269e-03 -6.265045259347996756e-04 -2.319611032884067283e-04 -2.024154060398984656e-03 -1.228760884710947132e-02 2.635953823507942162e-01 8.712438683750749896e-03 4.966786232944359059e-03 1.504081369421473441e-03 -5.064725695391214836e-04 8.483530760273635257e-03 -1.550148506988210202e-03 -3.081956245974699221e-03 6.054578238078745650e-03 9.259864901082192831e-03 1.649208341977106279e-02 -6.968407777694102939e-03 2.118687396313204650e-03 1.006322273222777508e-02 1.391034093908051668e-03 -6.654515526757398720e-03 -3.360887551736212175e-02 -1.373692145085654397e-02 2.079137786323128571e-03 3.711351500809552569e-03 -4.207660431632194616e-03 4.393806612953033916e-03 -2.684315450398230482e-02 -1.141513245880519320e-02 3.015844249692360484e-04 -6.962065788683695746e-04 -1.174715463796379778e-03 -3.564903740256640074e-04 1.843295485842008337e-03 -1.128273365694806851e-03 1.053643740233962262e-02 9.196216728311631602e-03 1.094798650720277440e-02 1.243606164259278626e-02 -6.081436575441629203e-03 -9.592460062941345631e-04 -2.532062269424217599e-03 -2.111850831342917609e-02 2.142211328899478601e-03 -4.195132402334622937e-03 3.501664550423937844e-02 -1.247970103208298183e-03 5.987009709626418558e-04 7.879875779032183974e-03 8.019437992657030279e-03 -1.156959494096173116e-02 7.163269170672588448e-02 -4.548014713902434961e-03 1.211924969606910027e-02 2.937815923861751728e-03 -4.590996168804767352e-02 -2.080811442000879419e-02 2.867479503657597000e-03 -3.510955478215968626e-03 -1.454318175157444989e-03 -1.929745193030221219e-03 2.522758791645578029e-03 1.791593524428547815e-02 1.868808503553295213e-03 -2.523854190065621603e-02 -1.226599255125717519e-03 -8.777627267719273485e-03 -3.146006546608607355e-04 5.482389774678870370e-03 -5.065249266055684395e-03 -9.679147280392059322e-03 2.598793591943687168e-04 2.601569816133026260e-04 9.334415690347494868e-03 -3.763510544971286620e-02 1.172475017863964727e-02 1.203185490114270194e-03 7.270750683709688127e-04 -8.875181417522670299e-03 3.218986044476160237e-03 -8.893332878406767783e-03
0.000000000000000000e+00 0.000000000000000000e+00 0.000000000000000000e+00 0.000000000000000000e+00 3.049033950396583519e-04 4.477222706294211804e-03 -1.827348297037872937e-03 1.801528944419287289e-03 9.308285842464885523e-03 3.063293621917583757e-03 2.208455404984269871e-02 -5.535093564460700014e-03 1.110607068055051959e-02 3.888901506354765572e-03 -3.372175523015311007e-03 5.727471157305169362e-03 -4.576684255171168531e-02 -1.718602828587975986e-02 1.179548941294751296e-01 -3.301293475549979886e-03 -1.065494712390139057e-02 -4.397826977946542835e-03 -5.929843812403902403e-02 9.122553989362815891e-03 2.539058220650924035e-03 3.288619718026191460e-03 4.500324651121039021e-03 -5.156507566865584265e-03 -1.239788483252268064e-02 3.339071864184315133e-03 -4.291562852789268523e-03 -2.734767485033850684e-03 5.229807843898806249e-03 6.911537707405761288e-03 -1.502172290516847744e-03 4.368713081282091064e-03 -7.144253214033078085e-04 -3.286824813299105141e-02 2.761770658693260072e-04 -3.014062648894944799e-03 -3.762828709079749524e-03 9.762303060964637805e-03 -2.139347329516582200e-03 7.018862991385273198e-03 3.225801995134993522e-02 6.214212919878754973e-03 2.739496999477934562e-03 8.305874760970281129e-03 8.137300216788405025e-03 -6.245994447753244576e-03 -5.288542352176733331e-03 1.352336301102796852e-02 1.037472136808976694e-03 5.257109110374411261e-03 0.000000000000000000e+00 0.000000000000000000e+00 1.858598793501506407e-03 3.590809496251398843e-03 -6.647111594993564652e-03 -4.904599311834497398e-03 6.208741297691009473e-04 6.608024251146324760e-03 1.226072730807331590e-02 -1.907581021383614184e-02 4.960823310594891442e-03 2.720758881500089273e-03 -5.116841127289078160e-03 -5.909450233987267181e-03 -1.880771442529678098e-03 -3.086798892621304101e-03 -5.656657729108609256e-03 -1.310238910728937431e-02 5.287627811284706554e-03 1.169704579431663644e-02 2.086921202368848503e-03 2.113344606967164710e-02 1.544783787347906584e-03 -9.481305397861967965e-03 -5.953168877887891289e-04 -2.819932235941498277e-02 4.199283276975158464e-04 -5.160509675819009885e-03 -1.299284846401397263e-02 -1.606929307163749293e-02 -1.560141047365405566e-03 1.127647087118571409e-02 3.285500659108204005e-03 -2.113526994133189518e-03 5.401313241125672848e-03 -2.080413273754866139e-03 -1.886727831220872667e-03 -5.956410123849223935e-03 3.006467352743006759e-03 8.768286593424216152e-03 1.594405778841361649e-05 -8.511240454710298706e-03 -1.120818904052585038e-02 -1.078931533767702247e-02 -1.116509275522474011e-02 -9.239344105143992500e-03 -3.104747970417442190e-04 -4.529260163438871001e-02 -1.247970103210830229e-03 7.355444021919925468e-02 5.099574953102421586e-03 -4.913919215911069505e-02 -3.075245419460191920e-01 4.235137462744353182e-02 4.813190514704386302e-01 3.802588654524283185e-02 1.193286489030391806e-01 2.267685287482244794e-02 -4.011318095594426647e-02 -9.984454344204416951e-03 3.980415287733389366e-03 8.228802215196773934e-03 2.687708740686198597e-03 -7.692698968707299689e-03 2.010932859471941531e-04 -3.311610326056501491e-02 1.242868022069566758e-02 -2.075997356800640681e-02 6.473710994506919232e-03 -1.214519007798923675e-02 1.696961623215710027e-03 2.514914389681603430e-03 5.341008724819001213e-03 -1.496080296659174635e-02 -1.397848123720466960e-03 2.504938602935793696e-03 -3.460296679702112160e-03 -5.247704322757822115e-02 -1.848328768025189056e-02 -1.953147286800330923e-02 7.580860168025983130e-05 -6.080245754627921530e-03 6.734970282009845009e-03 6.989606514640097886e-04
0.000000000000000000e+00 0.000000000000000000e+00 0.000000000000000000e+00 0.000000000000000000e+00 4.901080326345712648e-05 8.785271241788046494e-04 -3.067477691695611689e-04 4.810976860806628680e-04 1.201248937447569687e-03 9.552188310506735643e-04 2.082695781643557464e-03 -1.773868887386536057e-03 1.111277138977544892e-03 5.548055163113166290e-04 -1.270343832046901651e-04 5.916033825184269885e-04 -4.187330560301523452e-03 -1.919887243955893576e-03 6.768343733326864092e-03 -1.719470948661213998e-04 -5.884467993253199736e-05 2.963899639359500330e-04 -6.300525550093761737e-03 1.181175022520950836e-03 9.886591011383847986e-04 4.845009100530442208e-04 3.086545094507715022e-04 -9.725189868826888658e-04 -1.466808155596327056e-03 4.793710644412469638e-04 -1.518509818968402886e-04 -2.008756374760205558e-04 1.009815833360999410e-03 1.309175481447127269e-03 -2.012507640223072658e-04 7.079561351899508505e-04 -2.863512239990343377e-04 -4.889657811986755989e-03 1.582247064413194997e-04 -5.130670044787876468e-04 -3.111450480890634151e-04 1.142856034226546330e-03 -8.546183447278563093e-05 9.698471715837724992e-04 5.600863298367692727e-03 8.991790271810147679e-04 8.636164085708920640e-05 1.790277527709144669e-03 1.107762434709774020e-03 -9.321522075707976834e-04 -7.885013363303180253e-04 2.005638296632254042e-03 8.064317052799869774e-05 7.232149703235923269e-04 0.000000000000000000e+00 0.000000000000000000e+00 -6.998952394411102427e-04 -3.266978347970221240e-04 -4.409396473183534886e-04 8.966323853687639895e-04 4.480693458859291061e-04 2.321274186920103001e-03 -4.006072431981071158e-02 -2.747237027200376529e-03 8.940786542007574502e-04 -8.115270869873822878e-04 -9.357474855187310247e-04 -1.702519980275032799e-03 -1.495363122813363958e-04 -4.482355191989489235e-04 -4.135143793363490333e-03 -1.256840264613904960e-03 -6.181936375117706500e-04 -1.393582706660723841e-03 3.267933374035275618e-04 1.633527606707308811e-03 -8.043618484005883541e-04 -1.389273274651416795e-04 -5.771902120768866024e-03 -1.963981800685272051e-03 1.179421808710760138e-04 -1.137620767639864645e-03 7.731607065121378058e-04 -1.020005747905239520e-03 3.298009765327323834e-04 -1.984685982663590611e-03 5.628666304536700379e-04 1.323176692660044682e-03 1.318635565289392737e-05 -2.871051351837627941e-04 1.313450345285856083e-04 -5.596529335054906823e-04 2.835140155063684865e-03 2.069113677833621726e-03 7.500913016425421465e-04 -1.263799780302018875e-03 -8.899969783256209219e-04 1.063494711737653087e-03 -1.136752621112046332e-03 -2.454713023120700527e-03 -2.067160088787943105e-04 -7.598128511484363544e-03 5.987009709619184761e-04 5.099574953103961153e-03 2.654659275375851647e-03 -3.215861744370775502e-03 -1.714222652476008191e-01 1.561281438303311914e-03 2.557812895288185673e-01 1.595830620329032404e-03 4.923261572688750198e-02 -1.289447797503464992e-02 -2.399741592623719222e-02 -1.300174013191685712e-02 2.301627991591716823e-03 3.203439088587394564e-03 -4.864302145485630956e-04 -6.001303722712843930e-03 -3.205503306538711687e-03 -6.398680838453368706e-03 5.317235349374599580e-03 -7.684254950777466911e-03 5.140162199184053135e-03 -5.690291014183287456e-03 5.067365178952503747e-04 -8.930538037385906455e-05 1.029319313945914298e-03 -2.801899529874472480e-03 -3.586934164991985091e-04 1.211881084513370200e-03 5.398954504796257500e-05 -7.712388982912168033e-03 -1.864414659427842845e-03 -2.931928399791907790e-03 3.987954226154432572e-04 -2.777641518232278235e-03 1.196150886423913320e-04 -2.359151821350943291e-03
0.000000000000000000e+00 0.000000000000000000e+00 0.000000000000000000e+00 0.000000000000000000e+00 1.171443837379578749e-03 -1.005415182374909747e-02 2.562840844958029149e-03 -5.055869160257731726e-03 -1.396821611228439911e-02 -4.478814005513895129e-03 -4.053883081151095358e-02 -1.259337388770576842e-05 -1.341143229118714995e-02 -9.200025981787460921e-03 3.685241622742320942e-03 4.039148244365132513e-03 5.448825497515118188e-02 -4.648222337265460816e-04 -1.300475527454906521e-01 -9.697682554887961104e-03 -1.991891930933816293e-02 4.485938803406178468e-03 6.546468392783857948e-02 -2.640807524238323462e-02 -7.737438104542682799e-05 -5.934382763305753004e-03 -3.345584131744870626e-03 5.073060752493233419e-03 1.467627568485271698e-02 -7.644062719748469237e-03 7.611815837404131355e-03 2.977820977255676068e-03 -5.964772368893827073e-03 -1.001448401590735934e-02 1.812550937830927945e-03 -8.067176565282222628e-03 1.485449014313631891e-03 3.702795574779647880e-02 2.399259778310698383e-03 3.408135454409135824e-03 5.810087494192909055e-03 -5.771475956161797177e-03 3.201501365025876539e-03 -8.393307629173184931e-03 -3.157887931703022566e-02 -6.653977762161064451e-03 -8.103384114137657593e-04 -1.788759789466127723e-02 -5.040338972976848506e-03 2.168430832851113432e-03 1.421303108591526546e-02 -1.971621739385560207e-02 -1.596937800899453624e-03 -1.270316620139021885e-02 0.000000000000000000e+00 0.000000000000000000e+00 -2.012068149715665749e-05 -1.057539816318573897e-02 5.457746792892394401e-03 -1.256577519669142178e-03 -4.757074163840982473e-03 -5.779104208865005338e-02 4.851061437019159595e-01 6.542492171025887648e-02 -3.829382293829032818e-03 -7.728728451140045273e-03 7.133733739471699760e-03 1.713246261701419776e-02 8.520546989594494393e-06 3.709626462177866013e-03 -9.731104609807236794e-03 1.925955548789938174e-02 2.000250006321425966e-02 -1.979256952136882255e-02 -1.205881139586630025e-03 -1.250748460504719044e-02 5.850097679098080136e-03 -4.315883227873897228e-03 1.737944638414930937e-02 2.313126083113499834e-02 2.062281548102225508e-03 3.135574567613920623e-03 2.958921259443913002e-02 2.616488935942879596e-02 -2.931774576655730297e-02 -2.538342342423540246e-02 -2.559500159314293238e-03 -7.949903340713306010e-03 -9.396105040848177353e-03 3.217802306072107404e-03 2.134289137239577926e-03 -3.813759213683289712e-03 1.010736938267754043e-02 -3.281211040834369763e-03 9.982301827605113628e-03 2.589060609245512345e-02 5.103668005259969984e-03 -1.712536995896865241e-02 3.160751837477422319e-03 9.152117613490190484e-03 -1.842404931099268610e-03 3.728590244690516142e-02 7.879875779020016624e-03 -4.913919215911902172e-02 -3.215861744371749115e-03 2.712930597344681560e-01 2.645397832606678490e-01 -2.683819834157755158e-01 -2.730029818088679505e-01 -2.547406274733718945e-01 6.258099210685843378e-03 -3.111524104429015947e-01 -3.005327088009473666e-02 -2.570761840680415022e-01 -1.410970191402529002e-02 2.287355017600977217e-02 4.843262841218746659e-03 -4.665962574005817071e-02 1.339954705587555542e-02 1.989150132700560902e-02 -9.689620741951064306e-03 -3.682053727040349167e-02 -1.043183061040766496e-02 -7.376575367349189928e-03 -1.288859619607442882e-03 2.551061440060472304e-03 -1.145145134264279399e-02 1.132923790294498162e-02 7.566827837003848971e-03 1.154824041443372647e-02 -2.150269696024066732e-03 -1.260286124775602812e-01 6.735970061919623053e-02 8.888680271166571334e-03 -2.447459324354487112e-02 -1.654329894192842557e-02 5.581625833177869360e-03 -1.919445657603287975e-02
0.000000000000000000e+00 0.000000000000000000e+00 0.000000000000000000e+00 0.000000000000000000e+00 -3.200097132389431720e-04 -6.829602781100227449e-02 2.065574287511267454e-02 -3.679344942059401685e-02 -7.640243786288987426e-02 -6.275843653712899484e-02 -1.483425821539294531e-01 9.544666279101482464e-02 -6.379772080599281636e-02 -4.308219778290329344e-02 4.698764779169936276e-03 1.056893829751342009e-02 2.220695430440645379e-01 5.274892816045261001e-02 -3.018576403382142725e-01 -4.251103070800438949e-02 -4.610065693593569380e-02 -3.715476276517264836e-02 3.836893246328529350e-01 -1.328449262466221692e-01 -6.264033168550400821e-02 -3.448634429922360634e-02 -9.867451122033731384e-03 6.344454681428335352e-02 8.424329368538793772e-02 -3.748682511609658513e-02 8.763696742852818827e-03 6.654557379960780034e-03 -6.641172272943299260e-02 -8.904197691952124571e-02 1.248288217384275860e-02 -5.304159462430645816e-02 1.871618537962973713e-02 3.186267226755150062e-01 -3.432114656079133293e-03 3.619690325631753913e-02 2.123955319523167934e-02 -5.892901068270609694e-02 5.932172148760996022e-03 -6.474237829975217073e-02 -3.387236568559537364e-01 -4.949470028600905236e-02 2.899286314196617559e-03 -1.436490419862733459e-01 -5.145525231388037996e-02 4.555199708256520846e-02 7.869078948814166308e-02 -1.386755448540336888e-01 -4.985467802393206069e-03 -6.744115001911682450e-02 0.000000000000000000e+00 0.000000000000000000e+00 3.736740365029763561e-02 3.549922669331387337e-02 2.836957682251427248e-02 -7.177819397550753988e-02 -2.986804663260360718e-02 -1.709412318412109610e-01 2.827856068044660720e+00 1.832310714634020621e-01 -5.890267119446072897e-02 5.588569527520859115e-02 5.311417376274139152e-02 1.276320270290923209e-01 6.219405587382561759e-03 2.850892166835799352e-02 3.036310513630067209e-01 8.205036533865132931e-02 8.818722636867373788e-02 7.592526697379720080e-02 -1.209219530723095945e-02 -9.346890245172025102e-02 6.105154487889874471e-02 1.820712912448881754e-02 3.151674091817356915e-01 9.377666415998052452e-02 -4.487420321504518098e-03 8.168442664579410317e-02 -9.091690505929100885e-02 6.038556616161953189e-02 -6.845406304091333771e-02 9.426903664386196424e-02 -3.169813628389434729e-02 -8.538426013134553516e-02 1.321142947497665372e-03 1.462397854255910457e-02 -1.241621032243978365e-02 1.714697741890201452e-02 -1.781753590873128568e-01 -1.266901798323075146e-01 -3.897254634635768239e-02 1.081074102859329866e-01 5.723781384786184867e-02 -4.836927482680358770e-02 7.565210545721604007e-02 1.379357181723873116e-01 1.791822282477186293e-02 4.742282113009862465e-01 8.019437992693667638e-03 -3.075245419460781449e-01 -1.714222652475804187e-01 2.645397832606048993e-01 1.140765701899936424e+01 -1.800114897102556566e-01 -1.652273985984593097e+01 -1.612399247659156709e-01 -3.218624992505487725e+00 8.648698241814611887e-01 1.426108314385372555e+00 8.280762171826783202e-01 -1.424374978301262418e-01 -2.204740762046465130e-01 -5.017455394199423629e-04 4.268883189642154741e-01 2.094596590150082926e-01 4.497153593519791492e-01 -3.676149438621432730e-01 4.887953034669857977e-01 -3.507133915956637260e-01 3.989170886857347775e-01 -3.115442095284567253e-02 1.038876828674201863e-02 -8.644030269220202845e-02 1.657648776752851938e-01 2.405930433550737546e-02 -7.743556049725654200e-02 2.461121864727562614e-02 3.608946998909925430e-01 1.539294615358943186e-01 1.783626824266325017e-01 -5.420729881732620770e-02 1.661407380055844873e-01 1.097335790519009778e-02 1.313275095393210967e-01
0.000000000000000000e+00 0.000000000000000000e+00 0.000000000000000000e+00 0.000000000000000000e+00 -1.544380577579277086e-03 7.978431045598938925e-03 -1.642337387465712083e-03 4.106181186084771270e-03 1.033905513664589923e-02 1.582254588858147092e-03 3.588241389113072666e-02 6.886300058761222163e-03 8.390342230526167885e-03 7.569729395787447822e-03 -2.554569070197834548e-03 -1.165874796271438793e-02 -3.343315544087008262e-02 1.459462288179499620e-02 8.203708726757433234e-02 1.626236556262240784e-02 2.558694511403108302e-02 -2.042186659567660559e-03 -4.420229532819272555e-02 2.862715246176265535e-02 -2.418503270196999122e-03 4.088887025291356066e-03 7.919951194554754412e-04 -2.212057300263147591e-03 -8.545642473673452019e-03 6.129467890623309899e-03 -6.407055608963792628e-03 -6.481610715614130082e-04 3.366408109380698496e-03 6.312672538469951862e-03 -1.061618310640919305e-03 6.251087698059191837e-03 -7.830134405844491790e-04 -2.150434399608682629e-02 -3.555191970238887576e-03 -2.014613955296763303e-03 -4.590306510121329453e-03 1.451954905741007461e-03 -2.377288430303607820e-03 5.558288140039750400e-03 1.432513622191213670e-02 2.351780238582371237e-03 -1.660448697056313410e-03 1.675976176718410593e-02 -2.514751029146320305e-04 1.950137750978131468e-03 -1.488854173625526849e-02 1.444337548949497542e-02 1.211866872220653153e-03 1.299514246945989923e-02 0.000000000000000000e+00 0.000000000000000000e+00 2.973282345224324656e-03 8.223693376123813320e-03 -3.349030071381167706e-03 3.222518590136122432e-03 5.438594620908624583e-03 4.749485139261035160e-02 -5.671128843658942431e-01 -4.765461798977990715e-02 4.219493974036604353e-03 5.260482232150401685e-03 -5.306015525908890952e-03 -1.234504351911450658e-02 4.834694024905239170e-04 1.640303101978944460e-03 1.068110960337455978e-02 -1.560746453741802819e-02 -2.900972924553592985e-02 2.511393524507378461e-02 6.788071775225785814e-04 1.625199855397630941e-02 -5.038057827142875325e-03 2.734627891842119143e-03 -1.099229966966959113e-02 -1.901837936552792235e-02 -2.443118539064416134e-03 -8.804352166061265314e-04 -2.579021863501286885e-02 -1.947727291242063938e-02 3.846032525544242076e-02 3.538972382380652093e-02 1.164079169075110621e-03 7.809717156131517311e-03 8.156327360730028855e-03 -1.389035378224443354e-03 -1.439922274642882385e-03 1.093347847748210415e-02 -6.099884888052397973e-03 4.448130821092021424e-03 -9.362520175244054554e-03 -3.069453788600967278e-02 -4.701513766142367476e-03 1.299180943831122238e-02 -5.143508336281863227e-03 -3.635913728038465617e-03 2.137391208785246674e-03 -2.564024605631139847e-02 -1.156959494094731908e-02 4.235137462745016540e-02 1.561281438304285094e-03 -2.683819834157816220e-01 -1.800114897103117229e-01 2.865402762604051801e-01 1.007338405521428226e-01 2.544888454218068863e-01 -4.489156569135029778e-02 3.368051722182707763e-01 4.764110080986229401e-02 2.783451709382821493e-01 1.146468869006513763e-02 -1.496732919305086840e-02 -8.986896230025067864e-03 3.695363803814988995e-02 -1.131053714000160998e-02 -3.226768936400732646e-02 7.702582624338373887e-03 4.941871198243309032e-02 9.819489108342436406e-03 1.020502546845477969e-02 7.924701922284880986e-04 -8.979861916128971302e-04 1.107047757530365759e-02 -1.963126179928822643e-03 -7.516460255842349891e-03 -8.035253051615086350e-03 -1.295354169457186210e-03 1.530020637469264033e-01 -6.613443667867982545e-02 -7.299304952140668774e-03 2.663866850142199844e-02 2.029846035805100632e-02 -7.836954152090794962e-03 2.249545182616524697e-02
0.000000000000000000e+00 0.000000000000000000e+00 0.000000000000000000e+00 0.000000000000000000e+00 4.827109067385523811e-03 9.120958418531463496e-02 -3.181024865374051935e-02 4.952008487981253426e-02 1.287202289186058501e-01 8.492770476967034798e-02 2.366696114486090685e-01 -1.509269060974860743e-01 1.264413260263231309e-01 5.815719981879412942e-02 -2.156218170463870126e-02 6.925674358345963733e-02 -5.072948965924777287e-01 -2.007247756163314523e-01 9.247873192795275088e-01 -2.458618248439365522e-02 -4.737478346148332742e-02 1.464448964409012510e-02 -7.432356318794137717e-01 1.258309109201179721e-01 9.079372550401187958e-02 5.111590347773397464e-02 3.839009616662023006e-02 -9.331608700079752072e-02 -1.596225312591284806e-01 4.974926769495200546e-02 -2.428947817152534577e-02 -1.651504276067780261e-02 1.013423557181560020e-01 1.332602914747291201e-01 -2.016225179989804273e-02 7.499861798097101628e-02 -2.965310517723239794e-02 -5.323576477405482787e-01 1.383200155812690582e-02 -5.181148019282237616e-02 -3.262275984321329203e-02 1.143071278792947565e-01 -8.970214249509913390e-03 1.046950780881297505e-01 5.591760832942639370e-01 9.936989907147975032e-02 9.200661788632442939e-03 1.801018460406157429e-01 1.116085324153994890e-01 -1.013457942255188982e-01 -8.275410125182992849e-02 2.001004241948247941e-01 8.512899148184812498e-03 7.683354481108720102e-02 0.000000000000000000e+00 0.000000000000000000e+00 -6.794485133168386148e-02 -2.515797357074318896e-02 -5.949761345198768120e-02 9.360734966255908340e-02 4.318213877568546910e-02 2.155682527559301120e-01 -3.956466615135722176e+00 -2.637377896990993897e-01 1.079030033713854059e-01 -6.898818655960632651e-02 -7.741609631100120070e-02 -1.712663564956642126e-01 -1.142810249358097024e-02 -8.326956692512804681e-02 -3.791421095502943150e-01 -8.834521195468436616e-02 -3.106394272216578267e-02 -1.277102386645309617e-01 2.686888952241041351e-02 1.739556389193522568e-01 -7.974640310446125258e-02 -4.538018919653916128e-02 -5.739806452824613991e-01 -2.135256891437166127e-01 1.114261394192015038e-02 -1.398645212443539732e-01 9.009603676483164680e-02 -6.987956163635579421e-02 -9.707513171832403420e-03 -1.896406877753532005e-01 4.947069713742167918e-02 1.140921964641132408e-01 1.621927322173800229e-02 -2.254521624606332236e-02 2.556460233488774131e-02 -5.756864609200361416e-02 3.024738890236327027e-01 1.665535382243348295e-01 9.604077727194489100e-02 -1.019351993204153928e-01 -9.150689657872876359e-02 1.230489135075562845e-01 -1.058025054904247197e-01 -2.403117668028064702e-01 -2.309651673069932493e-02 -7.153656301945221507e-01 7.163269170665678698e-02 4.813190514706066625e-01 2.557812895288317234e-01 -2.730029818087804649e-01 -1.652273985984874116e+01 1.007338405520489533e-01 2.499640471776706363e+01 1.213949981339911555e-01 4.792723448482373527e+00 -1.149412980647847249e+00 -2.457518079208371287e+00 -1.242870738985569989e+00 2.152185351553195514e-01 3.028530738372665065e-01 -6.529763538688151958e-02 -5.630851897071481593e-01 -3.509801701916049343e-01 -5.868023957303146743e-01 5.287625105368410905e-01 -7.116764386025962175e-01 5.100318542858428561e-01 -4.881280737074035758e-01 4.339903519366906243e-02 -4.405091172315613035e-03 1.070155532391333375e-01 -2.758370505621807744e-01 -3.363896770962682831e-02 1.037183877568337853e-01 2.307256633203467674e-02 -7.893237112361213281e-01 -2.191572379385656466e-01 -2.465410253087120251e-01 8.829957380836900294e-02 -2.508412807882005047e-01 -1.672351289841005756e-02 -2.151713028755769530e-01
0.000000000000000000e+00 0.000000000000000000e+00 0.000000000000000000e+00 0.000000000000000000e+00 -7.449720315218110898e-04 7.769464261046687970e-03 -2.696852452597563610e-03 3.954722618984606551e-03 9.604900610899625574e-03 3.224281079276280701e-03 2.611647967901807935e-02 8.545202558152850767e-05 8.407028218113234488e-03 6.287879822219838780e-03 3.190322364639047899e-04 -1.016845875858809166e-02 -1.687157886231568232e-02 1.107571522412754278e-02 1.455860302206048520e-02 1.427853756265071855e-02 3.502633746266189951e-02 -5.944307038789758968e-04 -1.936804233707729167e-02 2.456043955922724426e-02 2.212951114360615923e-03 3.635485639208161594e-03 1.795824580786101621e-04 -3.238398896110211179e-03 -9.839168220576052781e-03 5.134359584148323261e-03 -3.801380049202841491e-03 -1.506496283786733659e-03 5.007817779098481387e-03 6.746113040182525472e-03 -1.391052669769291504e-03 5.154360996341598826e-03 -1.156399988899326371e-03 -1.956588367123839739e-02 -2.165992594768954404e-03 -2.489757865808984397e-03 -3.633588443993044682e-03 3.940963160324396572e-03 -1.288574232054127879e-03 5.399221559165312198e-03 2.921634155088369614e-02 1.887324414986258367e-03 -8.625486545038572352e-04 1.566627474171200865e-02 2.119254989927942673e-03 1.574884444873872035e-03 -1.330264038690394911e-02 1.588906152752180695e-02 9.831373647130980768e-04 1.112899290438146629e-02 0.000000000000000000e+00 0.000000000000000000e+00 6.987271857374381320e-05 1.350099069871336065e-02 -2.188504792539836680e-03 4.858873508852995862e-03 2.488913146391210068e-03 5.050994621957696773e-02 -2.368711496800826044e-01 -5.338795127705249499e-02 2.451200585443853719e-03 6.925427473223895458e-03 -6.142122843877264801e-03 -8.624602318610808185e-03 2.394146880297015937e-04 6.114925951662708928e-03 1.487572962402288618e-02 -1.900539862966684965e-02 -2.287750715357811729e-02 1.365270901074385618e-02 1.449141679027857307e-03 1.201988285171999224e-02 -5.185796419793661967e-03 6.753010200431805096e-03 -2.082943633718322557e-02 -1.896127208497129166e-02 -2.155634917845616807e-03 5.436388105225529142e-03 -3.417849557302068964e-02 -2.278470143626266237e-02 3.262050780184582582e-02 1.968553223627021384e-02 9.322337484817505137e-04 9.573562676488858725e-03 4.180968499551680588e-03 -2.431849368693803602e-03 -2.476490585440901948e-03 7.346655521633129599e-03 -1.375781458640264361e-02 1.931624181441666220e-04 -9.473023981292030826e-03 -2.378181080291084243e-02 -4.043022469010941478e-03 1.089002014924177197e-02 -1.658708295042262814e-03 -1.143109971945265382e-02 2.542989376056966656e-03 -2.289321489264079315e-02 -4.548014713890572054e-03 3.802588654524978462e-02 1.595830620329925570e-03 -2.547406274733811093e-01 -1.612399247659644375e-01 2.544888454218079410e-01 1.213949981340774753e-01 2.518581118547648101e-01 -4.955709552994191913e-02 2.874203902127802079e-01 5.594300795828242162e-02 2.600377977260763251e-01 1.299522227018587786e-02 -2.335170553741544239e-02 -4.154984902785204687e-03 4.839783701988068648e-02 -7.775743726630490044e-03 3.026233244181539273e-04 2.687206683586183895e-03 3.216331903212624882e-02 3.333219658565088860e-03 7.167974519252368233e-03 1.360078620756800154e-03 1.251709318791491840e-03 9.443392110986933291e-03 -6.107121049817932842e-03 -6.438575021479747001e-03 -6.512219758303913232e-03 6.366998550587792821e-03 1.217639802349051725e-01 -5.079305413620508608e-02 -6.894941348076282124e-03 1.710685481432287422e-02 1.597994603373016284e-02 -3.999850014918535264e-03 1.630879111540674276e-02
0.000000000000000000e+00 0.000000000000000000e+00 0.000000000000000000e+00 0.000000000000000000e+00 2.600323416389693863e-03 2.703993963923207594e-02 -1.016775460082275720e-02 1.307313563799599940e-02 3.502358264742039262e-02 2.075648823233083168e-02 5.787424896371549249e-02 -3.743922808576408134e-02 4.239354111217074478e-02 1.490125270143486877e-02 -8.886748736257166215e-03 1.857168202177728045e-02 -1.573423914390032485e-01 -5.270460747573965654e-02 3.608990265521865859e-01 -6.858571052612777788e-03 -2.692702116525551304e-02 9.540943724414083921e-03 -2.187797230997696185e-01 3.344800531401860566e-02 2.619966356166806426e-02 1.449488746590081936e-02 1.261086366933541168e-02 -2.444177098694376438e-02 -5.203481440451496881e-02 1.330166176593309234e-02 -8.621286175477107377e-03 -5.008646097877864078e-03 2.858732601211049634e-02 3.392959287217352238e-02 -6.546111777419278549e-03 1.963185466346843364e-02 -8.995127195155775551e-03 -1.292443037806106365e-01 3.432917564338015294e-03 -1.042770815688056317e-02 -9.231532271823704797e-03 2.826171456286293709e-02 -3.111786463198193409e-03 2.511047985156038623e-02 1.562480917826595261e-01 2.889357858368349352e-02 5.317213384758747753e-03 3.947032397476767096e-02 2.835187373502697644e-02 -2.884219308063182274e-02 -1.625583893518866771e-02 4.984515551425924146e-02 2.306927070677933407e-03 1.536097898917339853e-02 0.000000000000000000e+00 0.000000000000000000e+00 -1.902587810116980471e-02 -1.310735803212899862e-02 -1.884940268293139320e-02 2.128069288457259955e-02 5.180307838576636396e-03 4.068753391726416535e-03 -4.873041980523821759e-01 -1.929375601916581695e-02 1.692880707399790907e-02 -1.186357019649513997e-02 -1.546775024690253200e-02 -4.219395180115739774e-02 -2.476686898823855267e-03 -2.060683594330692953e-02 -8.752357942272931401e-02 -3.929701498679561561e-02 1.592305470439010773e-02 -1.492123177294052069e-02 -6.393716787396301615e-07 2.599055946061287412e-02 -1.379508133435273370e-02 -4.958895214961978742e-02 -5.650741944158517438e-02 -3.292678231500056202e-02 2.180323615822622567e-03 -3.035252282211991712e-02 2.656192374423218747e-02 -3.642183792328021474e-02 -2.447054325501867023e-02 -4.478610239367865342e-02 1.284591972824443949e-02 1.859750868183761979e-02 7.682086898953379914e-03 -4.371393792199675110e-03 9.049913320475406336e-03 -1.503307235076056445e-03 7.885517480066973894e-02 4.173866789660025944e-02 2.978035228578009008e-02 -3.175301822326821732e-02 -5.460211941088766174e-02 -3.345524717115140600e-02 -4.103935304942762929e-02 -8.019574935088277789e-02 -9.115093413151528073e-03 -1.566177012320499329e-01 1.211924969604922728e-02 1.193286489030486314e-01 4.923261572687692711e-02 6.258099210759135445e-03 -3.218624992505218607e+00 -4.489156569141442010e-02 4.792723448481075010e+00 -4.955709552999934542e-02 1.316100085264185315e+00 -3.866614136968408166e-01 -6.076164783218027665e-01 -4.341420245773078279e-01 3.733784364975531456e-02 6.328200753907273213e-02 -1.670507571840985916e-04 -1.566132829782663216e-01 -6.191076161794369787e-02 -1.368311948431605862e-01 1.698949273036204077e-01 -1.988142448255583727e-01 1.306346416477847105e-01 -8.967017772020083322e-02 9.513091181381634967e-03 1.609767475838014402e-03 2.558527679808808922e-02 -7.198807911035824680e-02 -6.202332909378284118e-03 1.990133248049111465e-03 -1.025497721175082019e-02 -2.838486543158538766e-01 -4.545970595254601732e-02 -3.243705131837209404e-02 2.734481043087506544e-02 -5.880335375261608322e-02 -7.233384363968391705e-03 -2.007368868857079686e-02
0.000000000000000000e+00 0.000000000000000000e+00 0.000000000000000000e+00 0.000000000000000000e+00 -5.405423892574793936e-03 4.529462299707935277e-03 5.706339348908511834e-03 2.461751881693950792e-03 7.626359345534792708e-03 -5.874972341509695530e-03 6.539215518540672512e-02 3.163389368811568569e-02 2.839838227834965215e-03 1.124031122654029109e-02 -1.544708508406308391e-02 1.324654295305705866e-03 -1.321776949026167713e-01 1.597892009891381526e-02 3.705984767469244212e-01 4.652285940341356792e-03 -2.019552469612593756e-02 -1.491865004320553321e-02 -1.366714121468840248e-01 2.669214550234005195e-02 -3.028239192516885350e-02 5.321380388433227110e-03 7.974147958367627451e-03 5.440795256211411468e-03 3.413407868440344189e-03 8.675195903097222133e-03 -1.842370962556028752e-02 -1.457175187012738418e-03 -1.102260324737354760e-02 3.041988300506000211e-04 2.871790509012935033e-03 5.782186390900338063e-03 1.059079301897011393e-03 -3.811107765913046563e-02 -5.824074579082154021e-03 3.068480578814104884e-03 -6.091076779023141090e-03 -1.848277918298864200e-03 -2.542688177567892227e-03 8.783545063872702507e-03 -7.950271010139611794e-02 6.427161537728501295e-03 -2.770218394390674271e-03 1.022313332675224909e-02 -3.582040205534759228e-03 -2.654825978136042194e-04 -6.735905026714574494e-03 6.913404993458415089e-04 1.796767670979691409e-03 1.530241214570234910e-02 0.000000000000000000e+00 0.000000000000000000e+00 3.045680006202306075e-04 2.429930794860850687e-02 -1.048047573292051893e-02 -1.207128344892430261e-02 4.645159458570087552e-03 2.597163548435121871e-02 -4.474689461722298200e-01 -7.143090519815803452e-02 2.012732239963640687e-02 5.792240711735893721e-02 5.439969040785571329e-03 -7.465149103099206389e-04 1.049773896162840272e-04 -1.098886088587391549e-02 6.812795681462238684e-02 -2.366984303182438978e-02 8.671083787038968288e-03 5.890665182178881493e-02 2.825282639705646668e-03 1.324036290900945309e-02 -3.468992014698039396e-03 1.034908204908963243e-02 -3.489476852666573148e-02 -4.610017889602758406e-02 -4.278762242650547415e-03 1.368131385404480326e-03 -7.201818277867184925e-02 -3.733281537171415088e-02 6.814417933973039229e-03 6.199348909670510110e-02 6.081815349905885697e-04 -1.318721496844558680e-02 2.696306865535983560e-02 6.337939466276338186e-04 6.299074166069010749e-04 -1.758440567734713758e-02 -3.336828980327342931e-02 -2.411918200660338393e-02 7.214465213160806481e-03 1.551643150824101938e-02 -1.002257478461902537e-02 1.031479193474588024e-01 5.097332164007100860e-03 9.485315208920409857e-03 6.742048756381591526e-03 4.121322434012179153e-02 2.937815923906137230e-03 2.267685287482920989e-02 -1.289447797502835981e-02 -3.111524104428973203e-01 8.648698241812798893e-01 3.368051722182509033e-01 -1.149412980647113836e+00 2.874203902127585586e-01 -3.866614136966367576e-01 1.203697414665941157e+00 -4.741772782455269675e-02 5.938989205689997330e-01 9.399862924740435416e-03 -5.892870285089848309e-02 -4.683198670656585350e-02 1.516217023476645887e-01 -1.556267127922630888e-02 3.643538212495851802e-02 -1.145697250055100272e-02 3.252119250703467968e-01 -2.746176575493983196e-02 1.591253779968812287e-01 -6.841197667700916508e-03 -8.065518295065380802e-03 4.695686146731493406e-03 1.841590947373299841e-02 -1.345560853208689449e-02 -3.741962265409255750e-02 1.085080597892366071e-02 1.425891262204015131e-01 -1.132254244446413427e-01 2.766285179394551569e-02 9.701479273909630052e-02 7.389905774080611500e-02 -3.017587538077305329e-02 5.634266731297700448e-02
0.000000000000000000e+00 0.000000000000000000e+00 0.000000000000000000e+00 0.000000000000000000e+00 -2.762342266483063143e-03 -7.594722018973675860e-03 4.091681092240381790e-03 -2.503595939666838216e-03 -1.940113694589618021e-02 -8.878514566541822681e-03 -2.682203036298918056e-02 2.492535821366656523e-02 -2.799721584331729338e-02 -3.912650240226633880e-03 1.145721419605944327e-02 -3.797712623966537082e-02 1.503132404295518254e-01 6.390405158165959887e-02 -3.874850775012541049e-01 3.459065611288401204e-02 7.040045926516094732e-02 9.967408254049753974e-03 1.855555783015189197e-01 1.093538421475754793e-02 -9.677935361259885211e-03 -5.785173697557295137e-03 -1.445347382547268814e-02 1.047472862738334579e-02 3.419144025638992668e-02 -3.294816329515148565e-03 7.901133810554709577e-03 5.275352584409358225e-03 -1.119173973324560402e-02 -1.433768389070012687e-02 3.508146902393776204e-03 -6.149502772127026645e-03 5.798766528366091667e-03 7.603356676606078113e-02 -4.287986847382026234e-03 1.368666819806154539e-03 4.306326175485680752e-03 -1.935991216799656800e-02 1.603290122007858948e-03 -1.167818184025671072e-02 -7.871657548223656709e-02 -2.181829464492591672e-02 -6.821899344234681750e-03 -3.449774025859780532e-03 -2.548747800183700715e-02 2.496811312277879419e-02 -9.824910987291862047e-03 -1.230487758854720975e-02 -1.336437740807918696e-03 3.065258450615255138e-03 0.000000000000000000e+00 0.000000000000000000e+00 1.029446974686491420e-02 -3.242119138356648524e-03 1.685440013860612513e-02 2.752306507932014527e-03 -1.829472133536369852e-05 2.596350892674951366e-02 -1.252621009907182170e-01 -9.839240541183836425e-03 -3.374903002485149517e-02 -4.315899555116348499e-03 -1.551236246535760230e-03 2.792968745123766347e-03 4.020824778510422026e-03 4.226880610133487010e-02 2.264759690935606515e-02 -3.322348574205599703e-02 -6.792170476510511756e-02 1.573427153837864134e-02 -1.010966669776563933e-03 -5.177038162483049016e-02 8.526512204294612023e-04 5.267095995474884579e-02 4.375691959015665100e-02 6.129446345992829032e-02 -6.308406371886507609e-03 3.653634099806668534e-02 -2.320333441209957576e-02 -3.134750499333059659e-02 8.491613435035347268e-02 3.755432174209155649e-02 -4.068091579421022688e-03 3.079552215576011193e-03 -9.661268274139264006e-03 2.765434077666570865e-03 -1.103382612395040728e-02 3.262008767914489644e-03 -6.692094482825265700e-02 -2.912267122938756031e-03 -4.085523298899079725e-02 -1.513570877589796512e-02 4.062169456869148959e-02 9.572344975765043409e-03 3.420435362571126736e-02 8.050188223088571016e-02 2.771910684735386706e-03 5.878292486229522162e-02 -4.590996168804896416e-02 -4.011318095596441702e-02 -2.399741592624255945e-02 -3.005327088012546902e-02 1.426108314385860609e+00 4.764110080989705093e-02 -2.457518079208777628e+00 5.594300795831230744e-02 -6.076164783220117105e-01 -4.741772782436329270e-02 6.398774710190848758e-01 1.424747461251074376e-01 -2.457543655879521755e-02 -2.177894464135220892e-02 3.437860151921651869e-02 6.800899215703937184e-02 4.824184832827502906e-02 2.624896557346106246e-02 -8.284778985502497251e-02 5.995489288316657034e-02 -8.394507130755445024e-02 -3.074003230021924923e-02 -5.418993502072468656e-04 -3.177403321705748063e-03 5.501306613910272522e-04 4.183138091892361909e-02 4.984359098308261543e-03 1.155128416258422927e-02 -1.342836274922612830e-02 2.797997450790324359e-01 2.911014672575149009e-02 -6.828228138044788696e-03 -5.378885169004918310e-02 1.931620639224646691e-02 1.502275876052655730e-02 2.154688097861834351e-02
0.000000000000000000e+00 0.000000000000000000e+00 0.000000000000000000e+00 0.000000000000000000e+00 -2.033227459426247778e-03 -2.672913479706171339e-03 1.425833681510889437e-03 -6.722779486329622098e-04 -3.413731996012474464e-03 -1.359968023689931728e-02 7.041933519889701822e-03 2.394491762361436807e-02 -7.806759639078952005e-03 -4.145965982046072003e-04 2.309826813146978203e-03 -1.469704892115158978e-02 3.703023121088605540e-02 4.195281953326505248e-02 -8.527183004261955357e-02 1.364038962954399609e-02 5.004023486768763990e-02 6.461532909451011761e-03 4.847404140773648590e-02 5.537395154727117047e-03 -1.150230850639650214e-02 -4.015009864843420775e-03 -5.668357574544894903e-03 8.191115910321214791e-03 1.144956557700448595e-02 -1.562696608650546767e-03 -2.243970906674951993e-04 2.187982458938664190e-03 -7.606884224799439001e-03 -1.024881633106980439e-02 2.110434127603658984e-03 -4.137177900210771073e-03 3.620520976910840318e-03 3.927263294778821079e-02 -3.378578463625805418e-03 1.720754576766516178e-03 1.227407248386624874e-03 -1.110757582521446941e-02 2.498628898479165333e-03 -5.935461755778238119e-03 -4.323179096648317732e-02 -9.239084940683785913e-03 -7.378919921258672923e-03 -5.502932807529296345e-03 -1.170692474880190986e-02 1.326660409042372882e-02 -3.111705619458047557e-03 -6.209078781465040935e-03 -7.821030612751511072e-04 2.285650308607274032e-03 0.000000000000000000e+00 0.000000000000000000e+00 1.611762231689209401e-02 7.104584925524617608e-03 1.231465446743174085e-03 -8.509154074973089912e-03 5.083669335711800234e-03 1.874533192738142562e-02 -5.361980673032273881e-01 -6.896039269869874352e-03 8.954802813329016536e-03 2.232816799159309789e-03 6.330362130927680124e-03 -3.688391955965231520e-03 2.962347573993411986e-03 1.207072130644876694e-02 3.814294288637326558e-02 -2.437285677240765176e-03 -2.462277130689047994e-02 2.314887352409886884e-02 -2.860919984560879835e-03 1.874585928187474243e-02 4.236537719542575985e-03 -1.606656198176560375e-03 7.094555581533112942e-02 -8.502364088941430711e-03 -3.784127297114979731e-03 5.073889223066551171e-03 -1.174513084191915364e-02 -2.286424688746428822e-03 3.468679798874003267e-02 4.563038676253138026e-02 -3.930996633703293802e-03 -7.031135974786084306e-03 1.578470799817047448e-03 -7.535135579873176266e-05 -3.776952781193078194e-03 2.313889879530200630e-02 -2.609597584966363848e-02 -4.570789256175276927e-02 -2.714325267057967478e-02 -2.803148709312630257e-02 9.103797013195634100e-03 3.544548127336925956e-03 1.409509008398713778e-03 7.737010586254106093e-02 4.054763826450794376e-03 4.086522187897828617e-02 -2.080811441998117045e-02 -9.984454344197420811e-03 -1.300174013191047334e-02 -2.570761840680594879e-01 8.280762171824527229e-01 2.783451709382903649e-01 -1.242870738984798162e+00 2.600377977260823203e-01 -4.341420245771429598e-01 5.938989205690213824e-01 1.424747461249250557e-01 8.134161815707598997e-01 -3.071801667724290662e-03 -3.466240551293482686e-02 -1.560657424719890177e-02 1.444202663119951435e-01 -3.352119993310967092e-03 3.693290140568025737e-02 -5.194733507090318336e-02 1.975330250338891147e-01 -6.361731140021499586e-02 1.701501889914778243e-01 -4.796348482815163475e-03 -5.411783669437368258e-03 -1.603257668221063628e-03 2.920632809388160056e-02 -6.468773589087663776e-03 -1.977342933733398922e-02 -8.289065042321703408e-03 2.970318404901363118e-01 -5.281838975099575895e-02 2.169781493103136935e-02 2.494332641683544294e-02 6.499224737740864899e-02 -2.859058044742664173e-02 6.413608828578515331e-02
0.000000000000000000e+00 0.000000000000000000e+00 0.000000000000000000e+00 0.000000000000000000e+00 5.643698797842620202e-05 1.564030352171689921e-03 -6.844881822243578055e-04 8.334665637177414779e-04 1.746175161307574053e-03 1.675968295108829203e-03 2.649006659395449024e-03 -3.002944845488175144e-03 1.608712557546027131e-03 9.629561148453323009e-04 4.724763361316505024e-04 4.928822976810496659e-05 -2.160715106886513647e-03 -1.076306222557538335e-03 -7.010649624863875794e-03 5.941232782133344268e-04 4.269439576292347917e-03 6.529802207077999628e-04 -1.852246939442918090e-03 2.364305546559047292e-03 1.831917226211591306e-03 6.482394916283831842e-04 4.745229346317809396e-05 -1.313121426894051352e-03 -2.349522021081198574e-03 8.222429230009405902e-04 -9.327403234319953150e-05 -5.655013347615391733e-04 1.521216533712462828e-03 1.621244755848161388e-03 -3.055982599468112793e-04 8.569417030045877641e-04 -3.960086603804617339e-04 -4.753259109223396082e-03 2.155878808031848858e-04 -4.744837629192425279e-04 -3.383483426295181618e-04 1.241227809419818409e-03 6.044967725162261126e-05 1.098910557419217372e-03 9.026520983178425508e-03 8.135212875369004235e-04 -1.855197254465435321e-05 2.772758236506337685e-03 1.237055767871395300e-03 -7.984284575710933266e-04 -1.156067363148921730e-03 2.793032955240801803e-03 1.010525338029646611e-04 1.310274723942145324e-03 0.000000000000000000e+00 0.000000000000000000e+00 -1.936022536469344992e-03 1.881000068185706506e-03 1.835866932506670097e-04 1.323742984976145065e-03 -1.193181599105709080e-05 5.818452528994580777e-03 1.959504823601523893e-02 -8.061004188958283134e-03 8.155688533987321288e-04 1.549037840177275695e-03 -1.551988408661951740e-03 -8.687565501135478558e-04 -3.335140718035316861e-04 1.058740885394336695e-03 -1.984874529039484282e-03 -2.084220583503127670e-03 3.335068386120793168e-04 -3.439455916877678498e-03 9.597329832125788777e-04 1.969046335040630126e-03 -1.365402569672673119e-03 1.241187186376343328e-03 -1.542559505181765808e-02 -4.362722065663376080e-03 1.572992202572478105e-04 1.756907968201275056e-03 -3.708494835168687793e-03 -2.409542302221270339e-03 2.773555233979987326e-04 -5.771591854294527008e-03 9.827669029633038893e-04 2.351316208633872328e-03 -2.598438540902520263e-04 -7.779920293401743070e-04 -4.481108344602874262e-04 -4.371669816895054107e-04 -5.205673260300892023e-04 2.190041062937762850e-03 2.631905985830859901e-04 -5.664960044342460393e-04 -1.844532651978802833e-03 2.944203429210150331e-03 -1.197152114530285801e-03 -7.265243049646707973e-03 2.359228769457281472e-04 -5.397614792037000453e-03 2.867479503658305635e-03 3.980415287734691276e-03 2.301627991591667383e-03 -1.410970191402381377e-02 -1.424374978301343186e-01 1.146468869006253208e-02 2.152185351553052295e-01 1.299522227018381874e-02 3.733784364976677761e-02 9.399862924732769673e-03 -2.457543655879284097e-02 -3.071801667730699598e-03 4.704811752141997705e-03 7.236664432104043376e-04 -3.120493749044489853e-03 -2.370261274761536249e-03 -4.374403320509531040e-03 -1.373236608966189225e-03 5.925598238731458016e-03 -7.433451453169146947e-03 5.706794458007443879e-03 -5.843987379212326611e-03 6.808442520428272578e-04 -4.759313426049217215e-05 1.356875692866719302e-03 -3.360931947410124906e-03 -1.218866964505917064e-03 -6.009271831984202075e-04 2.824683495990389093e-03 -2.388962253518025700e-03 -4.414188397227260946e-03 -1.587636541677254175e-03 2.337864070593476638e-03 -1.190866316597021012e-03 -9.604150632839136446e-04 -2.448442088594753388e-03
0.000000000000000000e+00 0.000000000000000000e+00 0.000000000000000000e+00 0.000000000000000000e+00 -2.566569291569801604e-04 -4.929692449663234874e-04 8.111587860632521159e-05 -1.556192915206704934e-05 -1.048212477881171672e-03 -1.058884884434519282e-03 -2.982073216238619691e-04 3.149999444444397632e-03 -3.052420701225533502e-03 -3.683109972123071443e-04 1.209872144989056642e-03 -6.438199370783890922e-03 1.635669346518135378e-02 9.821160037471557760e-03 -4.152835228735168166e-02 6.209349803784151509e-03 8.548342270606960891e-03 2.095806751817140632e-03 8.318749972292711903e-03 4.556186920093030675e-03 4.493336777348178133e-04 -1.010213745781483050e-03 -2.513289069189090369e-03 6.024176085324356531e-04 3.511089387218599856e-03 -4.069335235521403908e-04 1.388071131320851382e-03 1.739698294713588412e-03 2.182447422804664012e-04 -9.976988824203915189e-04 3.565896880117265131e-04 -2.423156834297451423e-04 1.605560820989634365e-04 6.030242634300006510e-03 -5.610047878814167222e-04 -6.529813847146152686e-04 2.447762582934378422e-04 -1.518348531306519924e-03 7.918241203896887780e-04 -5.122091176193621816e-04 -4.288656909472983100e-03 -2.517378756661329750e-03 -1.959419796504894597e-03 3.058805602296169913e-03 -3.371125708894205913e-03 2.328804149740940858e-03 -3.836634615811220384e-03 3.679498342587789314e-04 -2.658020382796688640e-04 2.099197366152350322e-03 0.000000000000000000e+00 0.000000000000000000e+00 2.944481020728789006e-03 -3.110830818259083079e-03 2.817174057762174906e-04 5.174908886174163329e-03 5.926799514892808467e-04 -3.425390813290300936e-04 -5.385587625542222201e-02 9.477165076754858614e-03 2.020692123820438859e-03 -5.098652432916526804e-03 6.479761902106923347e-04 2.171671007373735646e-04 3.885941117693799112e-04 6.736218409994240361e-03 -2.598639183779288472e-03 2.027894940320803998e-03 -4.708149750905698747e-03 1.812484526682165385e-03 -8.246977338821664038e-04 1.226136675841707144e-02 7.326124837580608976e-05 -6.639595703620390123e-03 9.137646027857465603e-03 -2.664469203945459951e-03 -4.684026098574817676e-04 -1.210795369822863492e-03 -1.028534683942862633e-03 8.588568278026535371e-03 5.123804286180230587e-03 3.160011035669302477e-03 -1.763233704423660037e-04 2.612252556282691589e-03 -1.945500737004010518e-03 9.219331871546727246e-04 1.613952906965367487e-03 6.050450506496869371e-03 7.462798271163533122e-03 2.792615525061869011e-03 1.826518623653187751e-03 -7.576477089560318227e-03 -1.803827643891446272e-06 -4.323489389546193717e-03 -1.376183269945321745e-03 -2.486789019241487410e-03 -7.977250968549009407e-04 -3.141219688866260257e-03 -3.510955478217302195e-03 8.228802215199722964e-03 3.203439088587274868e-03 2.287355017600183407e-02 -2.204740762046669134e-01 -1.496732919304273428e-02 3.028530738372380293e-01 -2.335170553740842370e-02 6.328200753907475828e-02 -5.892870285087718762e-02 -2.177894464134589800e-02 -3.466240551292491812e-02 7.236664432108831212e-04 2.497954204791098462e-02 -2.178648268368918711e-03 -1.826249716292871125e-02 -6.141659486141468928e-03 -3.015562204763076737e-02 7.852639189662762725e-03 -2.092448362961272026e-02 7.226947383702178596e-03 -1.784593313190407579e-02 6.417303767431608349e-04 1.133614948441504173e-03 3.018756570211881228e-03 3.286337881208341825e-03 -9.051520001448191575e-05 8.459598862035190223e-03 -4.068799439711511673e-03 2.522028822218819015e-03 -4.257172070094268970e-04 -4.470357396763767130e-03 -5.921873917000480348e-04 -9.766742657437445761e-04 -2.963495807980201426e-03 2.368597190138157886e-03
0.000000000000000000e+00 0.000000000000000000e+00 0.000000000000000000e+00 0.000000000000000000e+00 -8.719548837263772128e-06 -5.800926614984820099e-04 3.995199460334638956e-04 -5.079993512182690669e-04 -1.966797742328852197e-03 -1.687581683579814995e-04 -3.754173108008312335e-03 -1.527280594986088393e-03 -2.357915848503665257e-03 -4.560234463355024737e-04 1.790094877472794073e-04 -3.761533584133871979e-03 6.479268459363212232e-03 4.059707348177190277e-03 -7.395695162372279557e-03 3.141406133159672757e-03 -1.201695163390316921e-04 3.449133004374366814e-03 5.585361824193063249e-03 1.326159600496360684e-03 -3.749485794226220265e-04 -3.321708512571228556e-04 -7.993956908385773698e-04 -5.571505170557344540e-04 2.745325592251845071e-03 -2.580336834902591421e-04 1.029288796282116364e-03 -7.197010396747100230e-04 -7.738926355924885623e-04 -6.591857930405984256e-04 5.977666929560436298e-05 -5.451689149196910699e-04 2.878274208879064979e-04 3.168528182017765760e-03 -3.572320964492667296e-05 -1.845488067027955289e-04 -2.826697877018548473e-04 -1.642669117910946011e-03 -6.048398682002701678e-04 -5.368569965456761097e-04 -5.866586299700991478e-03 -1.566433148557757130e-03 1.698072597807041189e-04 -2.677964867001427483e-04 -9.311879416696028497e-04 1.524237720557672674e-03 1.500371070348833439e-05 -8.944833344380365711e-05 -1.718987878606998841e-04 -3.304861558778082807e-04 0.000000000000000000e+00 0.000000000000000000e+00 1.758422012742655608e-03 -2.883071359952410397e-03 1.096362844892703574e-03 -4.007431662980795797e-03 -4.597906005346756586e-04 -3.953546607267098209e-03 5.079330253845154575e-02 4.736546684603488815e-03 -2.708392117024615697e-03 -3.813122691715208068e-03 -1.254078782717955604e-03 -4.212419737540805571e-05 -2.536563031399666863e-04 7.198969373338586983e-03 -6.831721152699028569e-03 -9.485400190230782250e-03 -5.478131244707681868e-03 -2.776203039791814466e-03 -9.694438073328882129e-04 -8.861950774697610264e-03 1.131825706133367205e-03 -8.717983455038045117e-04 2.520861346016064347e-02 1.143485905290334351e-02 -2.402894417152936037e-04 4.613449413396029583e-03 2.232021686235900401e-03 -8.900816867691986600e-03 7.472095046290387968e-03 1.382063521084945157e-03 -9.130781392598780449e-05 -1.346731480849873474e-03 -1.494109288623200835e-03 -8.500685682423510074e-04 -8.212610619226737990e-04 2.359915199902971970e-03 -8.516996866164490594e-04 4.167793912511975202e-03 -1.784440857645961612e-03 -4.725923205247070137e-03 -1.433296442782313880e-04 -1.957625123299376949e-02 -4.877768468336278929e-04 1.037245905693102987e-03 -4.543587197076042253e-05 -4.437457400000725805e-03 -1.454318175159689504e-03 2.687708740684668571e-03 -4.864302145494315416e-04 4.843262841216538356e-03 -5.017455393711914291e-04 -8.986896230021284432e-03 -6.529763538696767289e-02 -4.154984902781356203e-03 -1.670507572101511025e-04 -4.683198670655348145e-02 3.437860151922989688e-02 -1.560657424718550276e-02 -3.120493749045031087e-03 -2.178648268368800749e-03 1.828210114505828335e-02 -4.082392007343411261e-03 9.585232328415686093e-03 7.779752418937278986e-05 -3.592568454220266411e-03 -8.847687572768022160e-03 -6.366515849815923035e-03 -9.614646192509599537e-03 3.684493080738969278e-04 -8.609749450716019502e-04 -5.302980109496238138e-04 5.405357179622973353e-04 8.595531112281975389e-04 2.670713421165179461e-03 -1.254665403031922886e-02 -1.386987443878787314e-02 7.862871956181370636e-03 -7.084477798024820319e-03 -8.490543508695743216e-03 -6.286800294983384448e-03 6.694310022844613545e-03 3.257190112835563678e-04
0.000000000000000000e+00 0.000000000000000000e+00 0.000000000000000000e+00 0.000000000000000000e+00 -9.615887105761304707e-04 -1.016251986557203685e-03 1.464928743127502783e-03 -6.370358184254433986e-04 -2.125009289613230285e-04 -4.711245447596467024e-03 7.612954950769940977e-03 9.779180868393050341e-03 -7.499623948489229398e-04 5.267481156974829042e-04 -2.906642996220129040e-03 4.740436372886628474e-03 -1.789980378033794589e-02 5.754041672441476303e-04 7.045551331060989630e-02 -5.355354758386154761e-03 -4.871735328168253290e-03 -4.988628828505809257e-03 -1.675393741163257524e-02 -4.186416646126699115e-03 -7.121889187924744513e-03 -3.646232829968530111e-04 1.107477029585685621e-03 3.342632591351853231e-03 2.638365774053907931e-03 1.060369893168159954e-04 -2.886108906914358792e-03 -7.608958127483820893e-04 -3.451402221450863839e-03 -3.332110000340587474e-03 7.392254917171362308e-04 -7.863693010440061084e-04 1.765984746462497239e-03 2.260506668819918519e-03 -9.546064081751034049e-04 1.974405046792076981e-03 -1.700574471512788014e-04 -2.946963031856796641e-03 -6.041820521319931497e-04 -7.278899331741686988e-04 -2.301228357135777502e-02 -9.089944537541567711e-05 -1.605498796838576150e-04 -4.352653460243152347e-03 -3.281140326518846347e-03 9.632382575543583158e-04 2.294528573120892864e-03 -4.161753313745965646e-03 1.670032908576979662e-04 -5.647911429674794693e-04 0.000000000000000000e+00 0.000000000000000000e+00 -1.188224553753093170e-03 5.704484728052762292e-03 -2.144961756762306707e-04 -2.930499588907875194e-03 -2.007196546048654580e-05 1.875192887602866038e-02 -3.815538032687450232e-02 -2.109818938889122461e-02 -9.208566506931293444e-03 8.184401831109524086e-03 8.635046265097951791e-04 2.495790942419585847e-03 7.452888457951271700e-04 5.944817159567872614e-03 2.721888417867305426e-02 -6.610887806001962408e-03 -1.657369418210702730e-03 -1.451382567005370149e-03 -1.233006037594593270e-03 -7.777469541195751804e-03 1.941795560238467446e-03 8.455526492724555268e-03 3.419246044295388282e-02 1.719691733555342526e-03 -1.293474095476894372e-03 1.044147362439827760e-02 -1.651777853839813889e-02 -1.104137581285784958e-02 1.161107731669898564e-02 1.808536672573068330e-03 -4.068699590850243680e-04 -2.090789289745105962e-03 4.762562800530873060e-03 -3.262062565219819334e-04 -1.990265694248001278e-03 -4.838851016663089227e-03 -2.367329548533229563e-02 -1.285486166305715820e-02 -6.510072390305178362e-03 3.555010005546452995e-03 9.614293965370728987e-03 7.567263579794576353e-03 1.294131717140155000e-02 2.265969809373698240e-02 2.127079419993494445e-03 1.898843826613202251e-02 -1.929745193025457668e-03 -7.692698968707218157e-03 -6.001303722710782211e-03 -4.665962574005985686e-02 4.268883189641362597e-01 3.695363803815006343e-02 -5.630851897069111267e-01 4.839783701988075587e-02 -1.566132829782422020e-01 1.516217023476650605e-01 6.800899215700456635e-02 1.444202663119885099e-01 -2.370261274759959819e-03 -1.826249716292851696e-02 -4.082392007346159063e-03 8.674076855603886360e-02 4.073301249356895901e-03 2.742291195067032492e-02 -2.047746283014843099e-02 5.758128913971818919e-02 -2.362145603612585132e-02 3.854987550229858201e-02 -1.463755051791888447e-03 -4.582253416223322951e-04 -1.637834428296455931e-03 9.411892101906578489e-03 -5.734099425681671650e-04 -9.122473080212068625e-03 1.799246021441848302e-03 1.288693172802605758e-01 -7.403625460887941143e-03 1.082925532287185716e-02 -4.018997728916435738e-03 2.122017430837439683e-02 -1.054074227004683610e-03 1.728259221657674552e-02
0.000000000000000000e+00 0.000000000000000000e+00 0.000000000000000000e+00 0.000000000000000000e+00 3.987353197582544305e-04 -4.133182341798963266e-03 1.174125667611837813e-03 -2.493964843759266872e-03 -4.678533419052912506e-03 -1.344061955309258476e-03 -1.277494142637070063e-02 -1.131252789133886834e-03 -3.944830635031384980e-03 -3.148488958403231411e-03 6.060865490864224183e-04 3.582010883032587210e-03 1.417200355033252854e-02 -4.445796696485555984e-03 -2.136867916509927606e-02 -5.656246549107944201e-03 -5.112783991621687625e-03 -1.999619918145963994e-03 2.300061095090924490e-02 -1.119544834564688458e-02 -1.457605025845728174e-03 -1.981582740256403446e-03 -2.082046908722898248e-04 2.126100650714893119e-03 4.397668009245161470e-03 -2.571359980755518956e-03 1.591726076528842413e-03 -5.286731539344919012e-04 -3.008901591783665931e-03 -4.187815442511669782e-03 4.259506091932919211e-04 -3.246806360324420125e-03 1.200928133214050880e-03 1.612892073748346117e-02 6.840551303970258956e-04 1.696134818595378081e-03 1.420424942563906908e-03 -2.206581211682047427e-04 4.179131172698384881e-04 -3.675657720122667803e-03 -1.205817077283974359e-02 -2.076645868725165815e-03 1.303881275129157961e-03 -8.979237193867719777e-03 1.137401452894589359e-04 1.226333203095547782e-03 6.581535870133961748e-03 -7.138026299275994184e-03 -3.394112200396485232e-04 -5.443156926525779919e-03 0.000000000000000000e+00 0.000000000000000000e+00 1.324753851104412336e-03 -1.073076566866642666e-03 2.912822602563236527e-03 -5.853764535981355668e-03 -1.470464615504740160e-03 -1.629013176402294844e-02 1.637930540639034316e-01 1.658312379202084991e-02 -5.476067890744024808e-03 -7.623954452620528358e-04 -7.999385170304773888e-04 7.730816216463052941e-03 -8.226789962526025223e-04 7.247838134773500023e-03 2.418016083250696530e-03 -4.069330638844620776e-03 4.813122984955436195e-04 -3.677686467508270267e-05 -6.336939011310034815e-05 -6.756491461489366572e-03 2.980962090907559887e-03 4.757516072830890019e-04 2.426677894242274675e-02 8.353349547995929381e-03 3.652113872885739835e-04 8.403036383324685374e-03 -2.142491043982685823e-03 -5.987652559197289594e-03 1.411704124043671555e-03 4.107309676530872949e-03 -6.109170052824248803e-04 -2.726157582170983182e-03 -1.780356213922720332e-03 -7.896401718121803500e-05 -1.046388961918377292e-03 -2.158802165506322707e-04 -1.903106167266279281e-03 4.981575295867917211e-03 2.380072698702748873e-03 3.998394319465664593e-03 1.563196414638299159e-03 -1.501924174594604540e-02 8.253666997665533083e-04 2.373733725881161435e-03 1.301656799346972287e-03 4.136997438205680840e-03 2.522758791644530256e-03 2.010932859440604835e-04 -3.205503306539486241e-03 1.339954705587478867e-02 2.094596590150812065e-01 -1.131053714000041996e-02 -3.509801701916607786e-01 -7.775743726628731034e-03 -6.191076161797828131e-02 -1.556267127920973534e-02 4.824184832827833197e-02 -3.352119993288034915e-03 -4.374403320510282175e-03 -6.141659486142200981e-03 9.585232328414886385e-03 4.073301249361870220e-03 2.294385989959995056e-02 1.122342408114002273e-02 -1.142398195996674991e-02 -2.284684098329493786e-03 -1.533633522159213655e-02 -5.631342675578839517e-03 -2.806716680302475710e-04 2.300628486150364631e-03 -6.253086505880076258e-03 4.588209801407662665e-03 1.555365914706961176e-03 3.667769724168371080e-03 -5.005730625763661276e-03 -1.542058833607196436e-02 1.751481996066889257e-02 -7.585478480043162004e-03 -1.149014942394103490e-02 -6.286089382841896119e-03 1.036511279122055186e-02 -3.946424621004630123e-03
0.000000000000000000e+00 0.000000000000000000e+00 0.000000000000000000e+00 0.000000000000000000e+00 1.114241559136185675e-03 -5.718567950782345137e-05 -1.382297944444191686e-03 -1.702013623985593280e-04 -2.105900560999299058e-03 1.162952796334155818e-03 -1.730505111590483966e-02 -5.811262960738316358e-03 6.073920863698999487e-04 -2.422115336185252672e-03 4.782043070382489477e-03 2.582763529058430818e-03 2.924402582675718343e-02 -2.338999284762898617e-03 -1.199680973089196079e-01 -3.213385922775241661e-03 1.287004852288593792e-02 3.112139629390517012e-04 5.468432737896503776e-02 -7.267163449243806313e-03 4.979285940857294812e-03 -7.403378765565520438e-04 -1.566818993603308775e-04 6.353561401591810345e-04 -2.278668391643980454e-03 -1.989989764164785437e-03 3.162138794671881786e-03 4.372494794696796857e-05 5.047202305815466465e-04 -1.234149389734890984e-03 -2.660175704358949287e-04 -2.197700066663309335e-03 -6.929331609108844037e-04 8.587386118144494859e-03 1.543785497568395983e-03 1.296085414855559833e-03 2.234754188448888259e-03 7.836262306508741003e-04 1.746291487519995803e-03 -1.953103790481768454e-03 1.447988076391906916e-02 -9.318368202853322948e-04 6.575109564294378574e-04 -5.433668544429108571e-03 2.101048165507641771e-03 -1.056195637029427696e-04 5.977086396994648471e-03 -3.729568276562058356e-03 -3.622120176549957862e-04 -4.009581356741976146e-03 0.000000000000000000e+00 0.000000000000000000e+00 -6.780659434711853832e-03 9.208211945996049724e-03 3.669727979436334352e-03 2.429746667369898482e-03 -5.725773422635555866e-03 -5.838766815764233516e-03 6.222068581635976647e-01 -6.926107625302387917e-04 -1.400215361293612225e-03 9.217119186633669636e-03 3.430275375711984518e-03 1.114036440960174817e-02 -4.528833010326415299e-04 1.525371928925235753e-03 1.394930317769267278e-02 6.578475562275237949e-03 1.491928137954607464e-02 -1.431686413778186437e-02 2.386582168215643611e-03 -6.165302064375197989e-03 1.095200919461226940e-03 8.639080795233263291e-03 -3.906228975365071826e-02 -3.578995521701988647e-03 1.197303331635414698e-03 1.139477253456609197e-02 -6.784580275397030825e-03 3.292561796176246731e-03 -1.950436147428951175e-02 -2.182202444755144272e-02 -7.118246375646826961e-04 -1.223841482494024586e-03 -4.405616370983588687e-03 1.994557603589734501e-04 -1.440997212204476715e-03 -6.083969914841953763e-03 -1.476146179506217238e-02 -2.126757468530484328e-03 1.561523719767253602e-04 2.428442824587354054e-02 -3.659446387193304555e-04 1.135232015942458546e-02 5.030045349391082388e-03 -5.602935900050572127e-03 2.097749393529922072e-03 2.900625687099070774e-02 1.791593524428796574e-02 -3.311610326056758924e-02 -6.398680838452433690e-03 1.989150132701784229e-02 4.497153593519839232e-01 -3.226768936402078791e-02 -5.868023957301937710e-01 3.026233244073032319e-04 -1.368311948431580605e-01 3.643538212491008454e-02 2.624896557344302481e-02 3.693290140565701207e-02 -1.373236608966677116e-03 -3.015562204762836998e-02 7.779752418921558055e-05 2.742291195066795875e-02 1.122342408113902179e-02 8.786413439748724796e-02 -1.809310961871963067e-02 1.197701930195731353e-02 -1.977027993590947316e-02 2.561824222414148255e-02 -1.112672521447283236e-03 4.966498739838792406e-03 -5.790065575299786597e-03 -1.319754867543041768e-03 2.568146672537248432e-03 -5.142996285671865876e-03 1.783776734876537165e-02 -2.262552172577147677e-02 3.439048012318237507e-02 1.743460231283440118e-02 -9.080814871274576344e-03 1.414148036488534470e-03 3.655400580914366579e-03 -8.789035855389400534e-03
0.000000000000000000e+00 0.000000000000000000e+00 0.000000000000000000e+00 0.000000000000000000e+00 3.605586474495535643e-05 5.011903793547003994e-03 -1.800980348805549316e-03 2.488681686609802834e-03 5.515702375983391921e-03 2.858578518385341237e-03 1.107238133657390856e-02 -2.341249086193492555e-03 6.387844309191832021e-03 3.144844455809342031e-03 -1.076728652158082849e-03 -1.850260685552436489e-03 -2.298140732863050359e-02 -6.515952811054184952e-04 4.308488943061179050e-02 4.234269247883084425e-03 5.867993275670763185e-05 2.236734821907174903e-03 -3.152546321850561994e-02 1.142574957700112463e-02 3.293325702844416940e-03 2.591820302501351980e-03 1.129344160660555830e-03 -3.223750610688046626e-03 -7.546458003717424617e-03 2.789161314803274231e-03 -1.812978977350238096e-03 -3.258625319401365836e-04 4.227076997816536612e-03 5.269709242998157211e-03 -8.424856497205508200e-04 3.661320828502123269e-03 -1.259423783365992483e-03 -2.027498795721735178e-02 -2.741524111623339435e-04 -1.122333871115092051e-03 -1.350289145199040034e-03 2.707753011102404395e-03 -2.852933393635000777e-04 3.775566091144499231e-03 1.939200303438638404e-02 3.629767628506365331e-03 -9.468294718228418346e-05 8.760662313689663444e-03 1.690271564410410687e-03 -3.031043470763964028e-03 -4.729674678375156947e-03 7.427251059403263724e-03 2.793170521215011890e-04 4.723585384813907065e-03 0.000000000000000000e+00 0.000000000000000000e+00 -4.091365618112504342e-03 -1.672687157551262360e-03 -3.168851853374215349e-03 5.184007570262598452e-03 2.396022370957427521e-04 1.656868124312973686e-03 -3.801508070305410769e-02 -6.017052271434577236e-03 2.171503007699178943e-03 2.975422237364067773e-03 -4.512476474350612899e-04 -6.426229328091950625e-03 -4.198375572329531924e-04 -6.607226849916531149e-03 -1.589587689885509428e-02 -8.210849969849607624e-04 1.412143034452605517e-03 1.215495066426614239e-03 -5.649462885661644344e-04 4.686431295567779903e-03 -3.644073320068067379e-03 -1.041388127623691512e-02 -1.642427872255238300e-02 -6.293341039470907484e-03 4.938312277751604092e-04 -4.309123944550719530e-03 7.793923493396201843e-03 -2.242499961345216768e-03 -4.241668205604575553e-03 -5.026528119328255335e-03 1.332691651289173414e-03 2.105971258068404638e-03 1.859816598668080634e-03 -1.777445755319511690e-04 2.006274242899978074e-03 9.390202955676567667e-04 9.185605043479419182e-03 3.058664908804483492e-03 4.662114207230621740e-03 -2.565538372101207939e-03 -1.152537651133150702e-02 3.046169180345997297e-03 -8.569423644528676581e-03 -1.209741657692468830e-02 -1.397297600685290173e-03 -1.499844761205387615e-02 1.868808503553228643e-03 1.242868022069860967e-02 5.317235349373769515e-03 -9.689620741941887619e-03 -3.676149438621344467e-01 7.702582624329617003e-03 5.287625105367266265e-01 2.687206683577920106e-03 1.698949273036307883e-01 -1.145697250057977311e-02 -8.284778985500519666e-02 -5.194733507093082792e-02 5.925598238730374681e-03 7.852639189662748848e-03 -3.592568454217258400e-03 -2.047746283015241739e-02 -1.142398195996210952e-02 -1.809310961872005741e-02 3.462577994793076402e-02 -2.182869492148788518e-02 2.419926211301191843e-02 -5.682637988916590041e-03 7.929537657971017254e-04 6.525862759659815417e-04 5.798978901234613618e-03 -8.006389661664553917e-03 -2.128385801410371658e-03 -4.031690789560820470e-03 1.295282402766091343e-03 -2.641874367861337183e-02 -1.488792236269578274e-02 3.187511944323651470e-03 1.901550916641266478e-02 -3.493571016656934949e-03 -7.865739857814205149e-03 -4.194465994826119707e-05
0.000000000000000000e+00 0.000000000000000000e+00 0.000000000000000000e+00 0.000000000000000000e+00 -2.712754792843205531e-03 -3.433127825865725426e-03 4.993693388661950283e-03 -2.009710085260489696e-03 -5.969188766057135533e-03 -7.790634672312859305e-03 1.041415376772482013e-02 2.033986644152553994e-02 -1.064233330168515117e-02 8.118963821935305065e-04 -5.390209919971331726e-03 -8.369304825821488603e-03 -1.901047582307781314e-02 2.449003203365180542e-02 9.438163628890527956e-02 7.571786667770901563e-03 -1.251591943561657788e-02 3.662512775160869666e-03 -2.204658006343161725e-02 4.883993385133867174e-03 -1.740300004259878394e-02 -1.190147202054190343e-03 -5.546883576218489221e-04 6.101105820209703004e-03 1.582267159183582336e-02 1.735247489449775289e-04 -3.946459015461941007e-03 1.043720299912157326e-03 -9.846023636630937825e-03 -6.965668541950351296e-03 2.428024506680171325e-03 -2.179535533674200123e-03 2.584109700504512268e-03 1.219829896853626486e-02 -3.024513968071455405e-03 4.206090240597946082e-03 3.713284147242747581e-04 -1.067932399927530931e-02 -7.470812103347491007e-04 -1.514749859289659523e-03 -6.931835134267506915e-02 -5.314234893295063065e-03 -4.258902771538440081e-03 -2.343555283157033181e-03 -1.051260830017835234e-02 6.206506337685642125e-03 -4.593469879997566768e-04 -9.158695206214727269e-03 -3.230744402230468354e-05 2.351414195673066747e-03 0.000000000000000000e+00 0.000000000000000000e+00 5.843974978102398597e-03 -1.627380842935577995e-03 1.182985138677463126e-04 -8.645251259018278678e-03 4.153260294460879923e-03 5.153711271979914341e-03 -5.025012076354034019e-01 -1.205696040396788890e-02 7.375946505012517676e-04 1.102879519373098707e-02 5.842221939416834126e-03 -3.439248910939071355e-03 1.856966043965999503e-03 -8.097825158761163405e-05 8.608529505068502827e-03 -1.372522538742857595e-02 -1.416407448168704834e-02 2.255917382375838276e-02 -1.146987847966755760e-03 -1.441271151326433200e-02 3.934447164963127022e-04 1.537723443578096344e-02 2.710333371098166272e-02 1.048339106937929734e-02 -2.694399524753605685e-03 -1.698212114234940893e-03 -9.185903502376886222e-04 -1.366727437179404356e-02 2.013447015643343718e-02 3.142462168035858178e-02 -1.894500313800732494e-03 -8.046985054626261402e-03 6.738096055482434461e-03 1.219292331682988225e-03 -1.871536095116106430e-03 -7.681458761967786993e-03 -2.032988459067532061e-02 -1.887046900104166758e-02 -9.443995917241440954e-03 4.590761836354550346e-03 1.589157491426517951e-02 4.195051384461279120e-02 1.020789513967916215e-02 5.405902423905488419e-02 1.643920560387989208e-05 3.398855028954845398e-02 -2.523854190064559258e-02 -2.075997356800955707e-02 -7.684254950774997532e-03 -3.682053727041803559e-02 4.887953034669050290e-01 4.941871198244673913e-02 -7.116764386023004541e-01 3.216331903213708043e-02 -1.988142448255080241e-01 3.252119250703957021e-01 5.995489288309739651e-02 1.975330250339182303e-01 -7.433451453165198716e-03 -2.092448362961775443e-02 -8.847687572774227266e-03 5.758128913972163782e-02 -2.284684098339646256e-03 1.197701930197214888e-02 -2.182869492147710561e-02 1.690463983286960015e-01 -1.978905459845575407e-02 8.686869389216653192e-02 -3.221811597446284925e-03 -9.382697344035585349e-03 -8.050705395803068286e-04 2.134647224526278059e-02 -1.777043489562818088e-03 -1.354380176837204769e-02 -6.522388123719455311e-03 1.097902273670210288e-01 -2.126922251234404648e-02 1.522886423288369317e-02 2.132714927827149970e-02 3.975138747957960433e-02 -1.099271044224451460e-02 3.055917323834367663e-02
0.000000000000000000e+00 0.000000000000000000e+00 0.000000000000000000e+00 0.000000000000000000e+00 3.211469766169199210e-05 4.741257402533509586e-03 -1.450764490441153404e-03 2.490117891222283497e-03 5.731708428348627690e-03 3.699914708454144635e-03 1.138916354775717371e-02 -2.606298603708877542e-03 6.401409908721804667e-03 3.250285498337053807e-03 -1.452481904419914652e-03 8.494620714775096134e-05 -2.520997686645361571e-02 -4.082178731516589165e-03 5.083800131507244802e-02 2.497079384391062088e-03 -5.083632285585996946e-03 -1.154448634270349109e-03 -3.700566220886714053e-02 9.961767740820928752e-03 3.217870395415374334e-03 2.823071159277941444e-03 1.762329046682354792e-03 -3.238733498058114432e-03 -7.697665155005046361e-03 2.884292623603272859e-03 -2.065558114498055459e-03 -1.742000439146443335e-04 4.135120121696166107e-03 5.871796774236815591e-03 -9.156038085373917378e-04 3.842101543388446328e-03 -1.536804859488518672e-03 -2.231471703743812679e-02 -2.374409826460410376e-04 -1.178127834172512699e-03 -1.623274897548021654e-03 3.465797235303052278e-03 -4.331291511708576037e-04 3.980301952558864577e-03 2.064038385913850512e-02 4.478485110712511139e-03 -8.557206719917679217e-06 8.393655171517595132e-03 2.842576988759123492e-03 -3.845902062517413990e-03 -4.785739327506514755e-03 6.928388142885017788e-03 3.731327649424704004e-04 4.319742806957072891e-03 0.000000000000000000e+00 0.000000000000000000e+00 -3.964037408723597618e-03 -7.584557913219308351e-04 -3.474960492249616530e-03 5.031306152033044286e-03 1.054818263252910041e-03 1.002956585342764002e-02 -1.231203675464143388e-01 -1.308987360069547440e-02 4.320639919140183485e-03 7.034883373792848258e-04 -4.939069090575527688e-04 -6.653218544328745945e-03 -2.905479586637379607e-04 -1.102155262307826650e-02 -1.660433297062986410e-02 5.493098736116617392e-03 7.014611894902222445e-04 -1.889855303446400566e-03 -1.936940766617595744e-04 6.223794752745088858e-03 -4.588787986545579158e-03 -2.741452070775860124e-03 -2.278342158533556636e-02 -8.481510365841000987e-03 8.558734631683365254e-04 -9.375057631753121179e-03 1.149508094057450150e-02 5.701475012598815340e-03 -4.316737686324050721e-03 -7.689462607334851887e-03 8.657448758536440570e-04 2.894358894557223089e-03 2.263003900028380359e-03 7.325252501022852471e-05 1.373558177884552558e-03 -1.807172593167464918e-03 7.953547225915348975e-03 7.409850710665718924e-04 2.828893816382025209e-03 -3.277981671581967028e-04 -6.467671066638700124e-03 9.101560109772225890e-03 -8.463760940703606017e-03 -8.364780438662412429e-03 -1.610376515558903029e-03 -1.393194700807018349e-02 -1.226599255125922433e-03 6.473710994509845711e-03 5.140162199184230077e-03 -1.043183061040357969e-02 -3.507133915957182380e-01 9.819489108338550626e-03 5.100318542858272020e-01 3.333219658561025270e-03 1.306346416478057770e-01 -2.746176575496168601e-02 -8.394507130754044755e-02 -6.361731140024361186e-02 5.706794458007495921e-03 7.226947383703255859e-03 -6.366515849813518708e-03 -2.362145603613131570e-02 -1.533633522158923089e-02 -1.977027993591251240e-02 2.419926211301376071e-02 -1.978905459846451789e-02 3.153296891214942693e-02 -9.756500792327623198e-03 8.392362929718953733e-04 -8.504703783706318984e-04 5.565276671487963400e-03 -8.962766772958522324e-03 -1.825169340050370207e-03 -3.177268421913460785e-03 3.847122578644948058e-03 -2.182141891575838794e-02 -1.498506201817196952e-02 2.741123223644395795e-03 1.587217567080409855e-02 -3.406414403680961458e-03 -8.200318220476265560e-03 -8.958415164868319472e-03
0.000000000000000000e+00 0.000000000000000000e+00 0.000000000000000000e+00 0.000000000000000000e+00 -5.793092774060186944e-04 -3.324078707190917213e-03 1.792416114799209870e-03 -2.237761077557300429e-03 -2.992833190108131359e-03 -5.817314094401499283e-03 -4.245287089593781545e-04 7.490704255129538962e-03 -3.458306301222429345e-03 -1.313970385931492301e-03 -3.068893203832279669e-03 4.465332617897260076e-04 -1.956833758291241787e-02 5.315960967975664683e-03 7.227191328686229099e-02 -2.298047293677666063e-03 -1.209564878781273917e-02 6.078734151633293295e-03 -2.241116267284760238e-02 -4.771980142364793016e-03 -7.072529181898333343e-03 -1.789810641580998150e-03 3.650906299635345601e-04 2.776943305631492370e-03 5.833679409994118117e-03 -1.363336811720526663e-03 -1.010496211800738457e-03 -7.993511114831791447e-04 -4.356277234112406957e-03 -4.538311990560871777e-03 7.847822092908017392e-04 -2.451132029012361054e-03 1.319679043771947689e-03 7.373045224195335853e-03 -6.995300640838960325e-04 1.321099207996397074e-03 5.945247224344303409e-04 -5.649779263549429414e-03 -8.222244794540696337e-05 -2.121338910071233173e-03 -2.576043573368461126e-02 -1.935477073908688098e-03 -1.968436070398385095e-03 -5.169914361442672079e-03 -2.998698768208309627e-03 1.244986696220060562e-03 4.297612649819625326e-03 -4.779648831606315984e-03 -3.402285689762891887e-04 -2.187833694950619325e-03 0.000000000000000000e+00 0.000000000000000000e+00 2.912032631034210291e-03 1.570547502476427049e-03 -2.101227397428899035e-03 -4.359052609561386155e-03 2.542839549664569366e-04 -9.436259838755123308e-03 -6.700015152657813611e-02 9.909569137685047407e-03 2.944496382467370714e-03 2.520748000229704883e-03 5.651911875825543947e-03 -4.553679603530797534e-04 1.235196457080901377e-03 -6.475242160448939702e-03 1.076070147545173800e-02 2.819545615964385958e-03 5.122691144481109765e-03 1.004596721370823800e-02 -1.532672239917222271e-03 -4.625231409052552728e-03 3.605317665439585623e-03 4.572338675431293804e-05 2.518711477417669847e-02 4.479617896330876682e-03 -6.245570000531211127e-04 -6.568538848000670186e-03 8.695070215380068870e-03 4.748615377711762342e-03 -3.736022039183572053e-03 8.472234663845015779e-03 -2.131225132552604790e-03 -6.634775858192300951e-03 2.206763063178556177e-03 -3.727096307217255379e-04 -5.699989859362282485e-05 8.840096256542968704e-04 -7.195462815868393369e-03 -2.432375546054048321e-02 -4.235486011946276545e-03 3.914496849946370177e-03 1.792446751064002497e-03 1.482201784034638259e-02 9.754542771572049034e-04 4.132129853967494298e-02 -8.699591972832614603e-04 2.461826524468795074e-02 -8.777627267711739581e-03 -1.214519007798982309e-02 -5.690291014180032247e-03 -7.376575367347585309e-03 3.989170886855860632e-01 1.020502546845216026e-02 -4.881280737070509690e-01 7.167974519251378573e-03 -8.967017772013635701e-02 1.591253779968495874e-01 -3.074003230027910066e-02 1.701501889914428522e-01 -5.843987379209265691e-03 -1.784593313190389538e-02 -9.614646192512133968e-03 3.854987550229528603e-02 -5.631342675586269338e-03 2.561824222414758878e-02 -5.682637988905731539e-03 8.686869389214607606e-02 -9.756500792315311865e-03 1.124159581852477857e-01 -2.370609735132949390e-03 -3.450269311893753611e-03 -2.961421810778741993e-03 9.027636914790332368e-03 -3.641544630276019340e-04 -1.532118166306983657e-02 -1.252183019413821707e-03 3.029921001844182102e-02 -3.641614691911884607e-03 2.217261087898804092e-02 1.326346650885261609e-02 2.647349197663580872e-02 -1.765063237755777267e-02 3.010902513894959595e-02
0.000000000000000000e+00 0.000000000000000000e+00 0.000000000000000000e+00 0.000000000000000000e+00 1.212421488296541966e-05 4.869520235044447784e-04 -2.177668158466679348e-04 2.455317155000467477e-04 2.953239983202014677e-04 4.621934840131480403e-04 3.153905778817308854e-04 -1.073873860333957216e-03 7.213577175997068144e-05 2.401887294899836766e-04 4.119453223096427750e-04 -9.656215010136217063e-04 2.008025979688549557e-03 7.913851161993157128e-04 -9.712626474489257158e-03 1.098152467657390052e-03 2.594626194297603664e-03 1.057799883782045269e-03 1.715214271733574939e-03 1.206497799238169955e-03 7.605533023207970526e-04 1.040227928498938529e-04 -3.469776003776694497e-04 -5.219146823422537215e-04 -2.853157242573634619e-04 2.102351308905671520e-04 2.811920349716841728e-04 -1.993120062600851612e-04 5.152995489874649584e-04 4.256748828476587115e-04 -9.362786125519181478e-05 1.978795574908503389e-04 -5.768486226083735524e-05 -3.432251200131587071e-04 4.767260712617638670e-05 -2.394112916679388807e-04 -7.664289554517363795e-05 7.113258725550959769e-05 2.667488726665632131e-05 2.037949126204534995e-04 2.920831614168307392e-03 -1.750854532395906696e-04 -1.999082077855997047e-04 1.215176338701885652e-03 6.940997865313391327e-05 1.071303027610943925e-04 -7.253218428239555007e-04 1.070832454303345021e-03 -2.046548704620497329e-05 5.150684028920748817e-04 0.000000000000000000e+00 0.000000000000000000e+00 -5.320251682205767805e-04 4.872863841650523320e-04 4.353859705008505205e-04 7.746857303631164487e-04 -1.474678119183557925e-04 1.879553334094414847e-03 1.908249996358782688e-02 -1.797703998191034274e-03 -9.084263909557562054e-04 -3.846656144813144279e-04 -7.589720509004804555e-04 -3.745807517710979099e-04 -7.245053429686930673e-05 2.817379579756727499e-03 -1.061210618953617674e-03 -3.057718027888636780e-03 -1.408796942871947538e-03 -1.454206266125892362e-03 2.297566246349927509e-04 -2.588138378873789899e-04 -4.211340368599817384e-04 1.126559288141946568e-03 -1.995492121587021019e-03 1.069770240177914068e-04 -1.132427842834331981e-04 2.498360698605988413e-03 -2.307465266284950984e-03 -2.560113420803596107e-03 2.808793089328131230e-03 -2.466488246295356259e-03 3.469551339561236739e-04 1.259878038982520420e-03 -5.433955863960840448e-04 -3.864096518790187482e-04 -3.780484542141768190e-04 -1.784745367204242344e-04 -6.460028731947475324e-04 1.121895421900566707e-03 -4.200933664129110441e-04 -7.882917474753924460e-04 -1.753221900372900488e-04 -1.049788959681104508e-04 -2.974557971624340082e-04 -1.453035602472960066e-03 2.913967937339381135e-05 -1.612241073308931343e-03 -3.146006546609515374e-04 1.696961623215758816e-03 5.067365178950880697e-04 -1.288859619607013755e-03 -3.115442095283909099e-02 7.924701922279909919e-04 4.339903519365050089e-02 1.360078620756593722e-03 9.513091181380465763e-03 -6.841197667702702406e-03 -5.418993502048591272e-04 -4.796348482816013489e-03 6.808442520427178618e-04 6.417303767430722556e-04 3.684493080740587991e-04 -1.463755051791949813e-03 -2.806716680298337310e-04 -1.112672521446996573e-03 7.929537657969250005e-04 -3.221811597446995294e-03 8.392362929716382005e-04 -2.370609735133719607e-03 5.067479943303283526e-04 2.927802903986917189e-04 6.885595676467756590e-04 -8.693289644713236017e-04 -1.415424915339098008e-05 1.098061704622905381e-03 2.322852616785692648e-04 -3.972574309768188948e-03 1.298456606317926988e-03 -1.691428285107523990e-03 -2.386312754608608915e-03 -1.326973754188285779e-03 9.043364446100415422e-04 -1.070653824543252655e-03
0.000000000000000000e+00 0.000000000000000000e+00 0.000000000000000000e+00 0.000000000000000000e+00 3.831191123430302938e-04 5.092635039616475118e-04 -7.031393655861093231e-04 1.966812052926236764e-04 7.664804397702247325e-04 6.468408932133602436e-04 -1.850122371562538601e-03 -2.425182766392481280e-03 1.767187380646166855e-03 -2.975998977760555453e-04 5.525994165089280138e-04 2.028313945921402742e-03 -1.219126228028616452e-04 -3.863492285409689860e-03 -7.531975494160919431e-03 -1.718118366549072811e-03 5.733127123438955426e-04 -4.009143172435055986e-04 1.141719771486045211e-03 -1.178823766726934180e-03 2.083578499487205062e-03 2.150580038195468787e-04 5.003913440869765632e-04 -6.163973046385331231e-04 -2.336203235017993152e-03 -1.851164296002115863e-04 4.538687109153759507e-04 -1.018184495041555432e-04 1.112062329571318186e-03 8.731107288742223378e-04 -2.841311580389955399e-04 1.352155599896990874e-04 -3.345229949725401965e-04 -1.824636695251310656e-03 4.217955366712457287e-04 3.709295270228983707e-05 1.254817526751472387e-04 3.103945386674913324e-03 5.224122155783585348e-04 7.001949538296413670e-05 8.826137814064511505e-03 1.054666800545854760e-03 5.982970459001078463e-04 -4.501409311519064720e-04 1.920947924404776573e-03 -1.143302087318328253e-03 9.373524100394336339e-04 1.186602624957990666e-03 -4.914310077439855114e-05 -5.705373958684054145e-04 0.000000000000000000e+00 0.000000000000000000e+00 -1.164654004580645101e-03 3.376560007007145536e-03 -8.494798237587494619e-04 2.004942799325089633e-03 -1.317229989855759047e-03 -7.036033697331975714e-03 1.460362534937572621e-01 7.473905229583297991e-03 -5.935662824248745181e-04 2.314994534468698805e-03 5.957783653332135920e-04 3.604837846398339062e-03 -1.499622597586150745e-05 3.608720656317738161e-03 7.694540213511802569e-03 1.781962825090051402e-03 2.386516310536199604e-03 -3.535295666083486475e-03 -1.869345281590020845e-04 5.401578039997447823e-03 3.284820832361973436e-04 -3.703567554980070203e-03 -1.440229900259722791e-04 -4.559392447384342031e-03 8.218052586554246575e-05 3.696586519372827701e-03 -9.069866628203580514e-03 3.192166305997797167e-03 -1.888249568987176216e-03 -4.038548985954472891e-03 -4.536813902718647880e-04 9.276201351552268394e-04 -6.626031462774322226e-04 5.074067543473279431e-05 2.127264816440000155e-04 8.287828423573933862e-04 2.282365048697398069e-04 1.535126606017957543e-03 1.900960310839397774e-03 2.714247761416807136e-03 -3.053706970677776654e-03 -3.254125910754304945e-03 -1.486672461416296094e-03 -5.505962958565265020e-03 3.588609144379940928e-04 8.673328021332918185e-06 5.482389774678740266e-03 2.514914389682028004e-03 -8.930538037394111154e-05 2.551061440063453860e-03 1.038876828675091776e-02 -8.979861916162592411e-04 -4.405091172324931970e-03 1.251709318788593985e-03 1.609767475835716978e-03 -8.065518295074803820e-03 -3.177403321702560509e-03 -5.411783669443053814e-03 -4.759313426091141958e-05 1.133614948442120650e-03 -8.609749450710990973e-04 -4.582253416229825453e-04 2.300628486151124006e-03 4.966498739837345647e-03 6.525862759650982422e-04 -9.382697344037484871e-03 -8.504703783711411481e-04 -3.450269311895928954e-03 2.927802903986392977e-04 6.605519532795966868e-03 -6.381407111542966235e-04 -3.172937407280551105e-03 9.105844862430562711e-05 1.063998435374400404e-03 2.875213338986993151e-03 -1.874412265240852846e-02 3.843766385138802123e-03 1.502006253771728415e-03 -1.810313052471905157e-04 6.903817720014064890e-04 6.566497825507696079e-05 -3.038917251985045814e-04
0.000000000000000000e+00 0.000000000000000000e+00 0.000000000000000000e+00 0.000000000000000000e+00 -6.859938450684323081e-04 6.051696143798651444e-03 -1.439872909456104202e-03 3.219459746011022958e-03 4.882252782262888266e-03 1.130519742986074543e-03 1.554869467966420518e-02 4.167753818616773062e-03 4.346363285263018725e-03 4.202864728029713504e-03 -8.337868521283455219e-07 -8.595807352325103567e-03 -8.073991688517795709e-03 1.077849662258194806e-02 9.230782064081198991e-04 1.163157694712108406e-02 9.379106095786536590e-03 5.556680349334761895e-04 -1.800697895042135607e-02 1.830114267597862665e-02 1.303094168393689268e-03 2.575236179848453683e-03 -5.714638064472744384e-04 -2.488150131406908095e-03 -4.530483862403410049e-03 3.561366211336536650e-03 -1.999342722496368161e-03 8.846417475845948447e-04 3.353206630296759732e-03 4.438681945463397553e-03 -4.628907479147776716e-04 4.121638413058252050e-03 -5.681898476569612012e-04 -1.579840742152466629e-02 -1.512264150862962456e-03 -2.069206336878271022e-03 -1.874171602276645653e-03 -5.889161940801820308e-04 -5.233272252854051032e-04 4.477643599730740664e-03 1.155448597643505410e-02 1.130609089194305888e-03 -1.939722120157878933e-03 1.196216830272005781e-02 -2.002717815946935664e-03 8.850307981507797095e-05 -1.007705659277990766e-02 7.890802415149125726e-03 3.245465112231512065e-04 8.232075028161880970e-03 0.000000000000000000e+00 0.000000000000000000e+00 -1.527739547793951439e-03 -5.910139438055016486e-05 -5.950696473889278840e-04 5.991118376875331428e-03 4.503468604062695751e-04 1.473482939421828786e-02 -6.711941593567549713e-02 -1.448778518460842706e-02 -7.813912367392273836e-04 9.125008824922335943e-04 8.462649224404892006e-05 -4.632805262496616713e-03 4.281020004002375977e-04 -1.306052858500140156e-04 -4.901323309953444819e-03 -2.449695784994862079e-03 -6.403391929821401762e-03 6.207557464580423659e-04 9.416852231361062656e-05 1.517426338978829052e-03 -2.151572620006768615e-03 3.306358898385549673e-03 -1.149743622202326412e-02 -2.949093774343292031e-03 -6.036136081862290489e-04 -1.048694750376680902e-03 1.708601969199068354e-03 -5.564393749574543437e-04 1.048502115302989493e-02 -7.807498382190951151e-04 9.467287251204696162e-04 2.333427538057882000e-03 2.336755544586091322e-03 3.963844855560891018e-04 1.255905254639260284e-04 -7.247095093594526499e-04 -1.809120691734662821e-03 2.098311065873948930e-03 -1.482820937583443320e-03 -2.477850679968263310e-03 -7.018279962174256382e-04 8.843443340299012370e-03 1.359226488295828521e-04 1.510468718514289786e-03 -7.443832530906402878e-04 -1.698149218793810035e-03 -5.065249266054713817e-03 5.341008724819786176e-03 1.029319313945735838e-03 -1.145145134264391289e-02 -8.644030269220137619e-02 1.107047757530491353e-02 1.070155532391058595e-01 9.443392110987793714e-03 2.558527679809131927e-02 4.695686146733374713e-03 5.501306613941276367e-04 -1.603257668224083781e-03 1.356875692866883233e-03 3.018756570211018203e-03 -5.302980109496879986e-04 -1.637834428296995864e-03 -6.253086505878996393e-03 -5.790065575298113457e-03 5.798978901235256334e-03 -8.050705395822681503e-04 5.565276671487785591e-03 -2.961421810780857054e-03 6.885595676468334470e-04 -6.381407111537982157e-04 8.687436925243634950e-03 -2.306248527393812541e-03 2.242600328750802598e-04 -3.253147196857682786e-04 -4.044387325770621832e-04 1.944488035619144212e-02 -6.339647926335807877e-03 1.199397856544593115e-03 -9.556285098142852218e-04 1.433509866774949470e-03 -7.932924259586709168e-04 9.736522343135314492e-04
0.000000000000000000e+00 0.000000000000000000e+00 0.000000000000000000e+00 0.000000000000000000e+00 -1.012827493220434544e-03 -6.181175368194163217e-03 2.813664929675630325e-03 -3.699929910520501682e-03 -9.908325682712390906e-03 -7.176448128702055292e-03 -1.231961669756154350e-02 1.459665144650577374e-02 -1.382025698751792979e-02 -3.786452728144854354e-03 1.136461654856986197e-03 -1.303320234976461205e-02 3.742130455567238556e-02 2.766448274122402726e-02 -6.933066182915652298e-02 9.294979222397244806e-03 7.652000633739301436e-03 5.471461964109143594e-03 3.783827472008910453e-02 -2.219250097781110768e-03 -7.875613512546231210e-03 -4.694885050815470091e-03 -6.040371047456177984e-03 7.167381333053972001e-03 1.697988831898267909e-02 -3.516530299876065302e-03 2.643629023938433905e-03 2.655322287032283683e-03 -7.568685584304827088e-03 -9.908446310229596793e-03 1.900484937145822560e-03 -5.142846315709414737e-03 2.491411934977813287e-03 3.651990165210738243e-02 -2.060340973363364216e-03 2.796428825650715006e-03 2.907851840185956323e-03 -1.332528705264626398e-02 8.083278674616615990e-04 -6.981663241924571453e-03 -5.050482834311867397e-02 -1.027809722804585643e-02 -4.274497097338202968e-03 -5.343001361022130594e-03 -1.336688546317436194e-02 9.911810259034148363e-03 3.639888911300929878e-04 -1.328482743112578170e-02 -1.001384114949680978e-03 -1.516584514510450161e-03 0.000000000000000000e+00 0.000000000000000000e+00 3.604285031375247059e-03 -2.168081773151412338e-03 4.392169471979990268e-03 -1.978847664033658079e-03 7.748482051456447939e-04 -1.024925686166256941e-02 -1.025664638326294481e-01 1.886765396692078461e-02 -3.472518147066427138e-03 -4.207330411460491124e-03 1.687066163209984459e-03 5.753500316107030242e-03 5.699860045272992989e-04 1.256665761014597212e-02 -7.955479539332233931e-04 -3.572663477994366104e-03 -9.588055011947968498e-03 1.124485389000819558e-03 -1.309852691890525146e-03 -7.483849171760827666e-03 1.635196967236104580e-03 -3.861075320986298684e-04 2.817477051252268924e-02 1.576513105706386225e-02 -7.500374471325840526e-04 1.183942716916772803e-02 2.091038347828534129e-03 -2.350568080891889036e-03 1.174641162884586081e-02 2.570794665114477327e-03 -1.938061542735300315e-03 -1.138267066255647117e-03 -2.776948465316154968e-03 1.768397256348777386e-03 -1.158880122597609003e-04 7.119885676940005195e-03 -2.560692274464971847e-03 -6.579016408301292113e-03 -1.433686070180664003e-03 -5.210326607872638877e-03 5.976991637971669491e-03 -8.846939550372754160e-03 3.335175130471270625e-03 1.113503131090673968e-02 4.512921000239771127e-04 1.875222542864908581e-02 -9.679147280389292438e-03 -1.496080296659166482e-02 -2.801899529873629405e-03 1.132923790293028504e-02 1.657648776752526643e-01 -1.963126179914554542e-03 -2.758370505620889590e-01 -6.107121049805040378e-03 -7.198807911035452756e-02 1.841590947376082685e-02 4.183138091890489796e-02 2.920632809390042231e-02 -3.360931947408205001e-03 3.286337881207963222e-03 5.405357179595543038e-04 9.411892101908033922e-03 4.588209801404722309e-03 -1.319754867542269816e-03 -8.006389661662659599e-03 2.134647224526594819e-02 -8.962766772955915034e-03 9.027636914795069897e-03 -8.693289644711866670e-04 -3.172937407280444419e-03 -2.306248527392833290e-03 2.427136469162777255e-02 -7.158744373801287754e-05 3.309589879961057513e-03 -6.244997237059917231e-03 5.342749324523460297e-02 5.576940614572632217e-03 3.146657212142006405e-03 -2.487093675039515287e-03 5.335271627178598056e-03 2.990621359073090111e-04 6.435566302681112148e-03
0.000000000000000000e+00 0.000000000000000000e+00 0.000000000000000000e+00 0.000000000000000000e+00 1.496617359154544320e-04 -1.755396224298790150e-04 -1.554916159229554121e-04 -6.514913597941928932e-05 -3.013161685881004430e-04 -1.839504411764636871e-04 -1.673940394084714144e-03 2.915187151798417226e-04 -3.323091025902156527e-05 -4.131015802920713132e-04 6.265998769041354957e-04 -6.988281487701888473e-04 5.505386428719032631e-03 7.671597793167080678e-04 -1.762288762600529995e-02 6.134549586729161558e-04 1.872951047319154540e-03 1.551123159055689310e-04 6.148733967045434158e-03 1.197044893282883833e-04 6.651957469490635180e-04 -2.059846597405358144e-04 -2.412312364456471411e-04 -4.866892965891556619e-05 -5.781328819062087326e-05 -3.367099255319924950e-04 4.207609689732091278e-04 4.964907544280275755e-04 2.489682105252567518e-04 -2.207283620834297113e-05 4.064258765748561574e-06 -1.870632765174828286e-04 -1.288896952411427380e-04 6.137371228326590246e-04 4.441307436839029437e-05 -3.348624567341252994e-04 2.548853207311269835e-04 1.629760092885240035e-04 2.375049933655453739e-04 2.907714395303295839e-05 2.113251916392247694e-03 -4.313847383407541929e-04 -2.360553260692644056e-04 2.533790521766930752e-05 -6.940753427623662310e-05 1.005448131216051276e-04 -3.998171045949341787e-04 1.345241181165229523e-04 -2.907464246095559348e-05 3.350662253162562195e-05 0.000000000000000000e+00 0.000000000000000000e+00 1.666408453666200662e-04 -6.874783992654641624e-04 4.805023649039068972e-04 1.157781476294998104e-03 -3.070551795653820746e-04 -1.182485605775253140e-03 3.078602064040274200e-02 3.260660134293365785e-03 -7.680808254262186732e-04 -1.629812446478246099e-03 7.156119485506761595e-05 6.459168735109146022e-04 7.315682235092524604e-05 2.321263687616976872e-03 -9.162312587039276278e-04 -2.595678225206052184e-04 -1.764089425037472167e-03 -1.103580890328795337e-03 4.807712312486442385e-05 5.538731413151444559e-04 1.375527023136413119e-04 1.172185576432180267e-03 1.773840232073812693e-03 -9.361127521676388405e-05 -1.010048145659986205e-04 1.787907430106156458e-03 1.752596567557260449e-03 4.507425939197254273e-04 3.056990898944870680e-03 1.661892314275838743e-04 -1.837975256228418575e-04 2.551501536812118484e-04 -5.450451304700770945e-04 4.806734813656159708e-04 2.135507167688266515e-04 -3.770683861780043311e-04 1.118936430398906031e-03 1.056481547733605173e-03 8.125063881695555835e-04 1.191342490391781401e-03 1.157252010206927424e-03 -3.772714344413430755e-04 7.327480732452438259e-04 8.739012878386315719e-04 5.811115999805251621e-06 1.677510984425467687e-03 2.598793591939160081e-04 -1.397848123720804364e-03 -3.586934164993013457e-04 7.566827837004861182e-03 2.405930433551431089e-02 -7.516460255842995208e-03 -3.363896770963853422e-02 -6.438575021480290837e-03 -6.202332909382247093e-03 -1.345560853209157477e-02 4.984359098311349351e-03 -6.468773589090025602e-03 -1.218866964506109835e-03 -9.051520001425371830e-05 8.595531112285084881e-04 -5.734099425683402036e-04 1.555365914707463595e-03 2.568146672536893247e-03 -2.128385801410951055e-03 -1.777043489563459068e-03 -1.825169340050627597e-03 -3.641544630282722963e-04 -1.415424915341735330e-05 9.105844862422181828e-05 2.242600328749154068e-04 -7.158744373755856973e-05 2.468234573263578240e-03 1.353260695969809137e-03 -3.149869896856731993e-05 4.475841796479820833e-03 1.080814190250998369e-02 -7.592803299085787352e-04 -1.061137999358702753e-02 -8.211650963280817984e-04 5.079961641926160690e-03 -1.144903781621228961e-03
0.000000000000000000e+00 0.000000000000000000e+00 0.000000000000000000e+00 0.000000000000000000e+00 3.399718857654382117e-04 -3.029292922349893780e-03 3.594002217656556519e-04 -1.716747494622915130e-03 -4.153331196127547920e-03 -1.355649727703797831e-03 -1.047494442387149165e-02 -2.030009493207558715e-03 -6.352437950173830949e-03 -2.908632365580291704e-03 3.551980367076468768e-03 -4.904572160383905213e-03 3.585010820804950676e-02 7.299783453771580867e-03 -1.034246435626382382e-01 2.724125723052197960e-03 1.632304365285467199e-02 3.370214666808501926e-03 3.576402584286821063e-02 -3.293942578275316311e-03 1.554631082415891931e-03 -2.716672840622054875e-03 -3.601780934916276079e-03 6.096225966195300237e-04 6.400362017389168816e-03 -2.547574439908087320e-03 3.780005026605853281e-03 3.642182060865312241e-04 -7.687294664235994014e-04 -2.942427441891173889e-03 3.794390040595545287e-04 -2.961742025943567020e-03 7.211240980566817685e-04 1.224763637108232731e-02 9.812076216895903777e-05 1.060377316754964423e-03 1.853155605457245531e-03 -1.375641374045153721e-03 1.170137965988345217e-03 -2.497625609051538215e-03 -2.050876687417831946e-03 -5.093055648929152579e-03 -2.205525537610484189e-03 -6.502531986561644857e-04 -2.168179995959966522e-03 3.349342119564123303e-03 -5.599556428282729268e-04 -1.195693375153550862e-03 -6.837906998484735363e-04 -8.432297238329287351e-04 0.000000000000000000e+00 0.000000000000000000e+00 1.153711326157332885e-03 3.691561383926332453e-03 4.038630811315144058e-03 3.925462121687092916e-03 -1.271234683557438943e-03 -1.519247328798666507e-03 1.573099140790980566e-01 3.719414498219133364e-03 -1.929964009983535208e-03 -2.379260771519148710e-03 -2.072068858968515500e-03 2.158794874814648143e-03 -4.040442409786316851e-04 1.799765601375770754e-02 -4.776463766636732285e-03 -8.037963948371563971e-03 -7.345561354403692608e-03 -8.075986196677244211e-03 1.519593327309784817e-03 -4.959690862937367041e-05 -2.347205011567256316e-04 2.434861994989647935e-03 -1.337448315213132614e-02 4.055688510325962913e-03 -6.712912678048966065e-04 1.738611979296397075e-02 -1.027752887268506589e-02 -7.185875978440342191e-03 1.365828569512941328e-02 -8.013991413972019681e-03 -7.380874014671604693e-05 4.039259547202113387e-03 -5.439898545117754190e-03 -6.808812148526221728e-04 -5.274879484527219458e-04 1.606918939503738626e-03 -7.332701240300127732e-04 3.938061989822515263e-03 1.540080519593730116e-03 -2.111496908771175098e-03 2.120244123867097430e-03 -3.474538736811613997e-03 -4.433641122128596833e-04 -5.829310530982846975e-03 7.660238200028227041e-04 2.245713325892794289e-04 2.601569816119072035e-04 2.504938602936220872e-03 1.211881084512274505e-03 1.154824041443378024e-02 -7.743556049719445278e-02 -8.035253051615457581e-03 1.037183877567251222e-01 -6.512219758303354651e-03 1.990133248032860576e-03 -3.741962265408714516e-02 1.155128416259236859e-02 -1.977342933732609623e-02 -6.009271831994299250e-04 8.459598862034276023e-03 2.670713421165362908e-03 -9.122473080210236757e-03 3.667769724169993046e-03 -5.142996285670799021e-03 -4.031690789563233471e-03 -1.354380176836918366e-02 -3.177268421915493014e-03 -1.532118166306786246e-02 1.098061704622655364e-03 1.063998435373757472e-03 -3.253147196860317397e-04 3.309589879962816089e-03 1.353260695969826484e-03 2.496052990924001180e-02 3.479275265122419233e-03 -3.314604228741364900e-02 1.061406877938925186e-02 -2.332505765580908386e-02 -1.228985251254494093e-02 -2.221006374171600670e-02 7.376837471909891177e-03 -2.635569744503615808e-02
0.000000000000000000e+00 0.000000000000000000e+00 0.000000000000000000e+00 0.000000000000000000e+00 1.083873321425747951e-03 -6.882217626970235213e-05 -1.507595903137323419e-03 1.935747073794041981e-04 7.401483947526068391e-04 2.933734101597450412e-03 -8.100591299871034989e-03 -8.831482766817541630e-03 5.171715220475796163e-04 -1.495181797835502899e-03 4.996514793848743329e-03 2.454342794025869776e-03 3.053173164297710157e-02 -6.213770772171479072e-03 -1.220047761881514897e-01 -2.957559444388696210e-03 2.215595575862532030e-02 5.659842425019764606e-04 4.541887407616788247e-02 -5.871550577539876720e-03 7.122159614177787056e-03 -8.165831958527296078e-04 -1.286343669435511270e-03 -1.321846085965788092e-03 -2.740868889750878480e-03 -1.325039599433183507e-03 3.175835387126590883e-03 -4.597954726125253800e-05 3.244420677101107851e-03 1.116767079926378079e-03 -5.648896038083833435e-04 -8.918296364963918497e-04 -8.630835551112029389e-04 1.655850396860636311e-03 1.501499935302109739e-03 -2.200942486760383359e-04 1.465369605320162054e-03 1.812429583418875443e-03 1.423154558993336254e-03 -1.173017702250919898e-03 2.705235900213954006e-02 -8.039757554776863361e-04 -4.256474604129118150e-04 8.143329783229045354e-04 3.510105510463254041e-03 -7.228597092525399035e-04 5.037149772114220747e-04 2.399754691443084249e-03 -1.726755979390867625e-04 -1.626675947259313476e-03 0.000000000000000000e+00 0.000000000000000000e+00 -4.295754561895862023e-03 7.340910800207603275e-03 1.471186131116917215e-03 5.747283856194432793e-03 -1.455010330817405224e-03 2.113381029976067055e-02 1.819857423685680708e-01 -2.629273552698932134e-02 5.788598070955166923e-03 3.033276826564033479e-03 -1.481843551484249809e-04 2.358090435114528144e-04 -4.537397543930689965e-04 -8.390186941495942838e-03 -9.383326170825370335e-04 1.076880746805582156e-02 9.441363071490099790e-03 5.552245334277221278e-04 3.125517118505885192e-03 1.586209960748977826e-02 -2.863188234393622151e-03 9.755757459286829806e-04 -6.737744422015162771e-02 -2.147198856725258259e-02 1.127669342265822435e-03 1.515588600082378975e-04 1.397809463393358265e-03 5.437752221858782771e-03 -1.788497652165702695e-02 -5.180130958295722093e-03 2.189046382108393910e-04 2.688535779132229797e-03 -5.087115545795558615e-03 -8.642349104690218642e-04 -4.878453692027369479e-04 -8.137240850116351024e-03 -7.761261726815599227e-03 -7.192569379347751347e-04 1.662531335887242577e-03 1.374611460215159099e-02 -4.492029526709370919e-04 2.564749398918517512e-02 -1.586648672046359282e-03 -8.313770180542329191e-03 3.458085219313544387e-04 2.036807514023550141e-03 9.334415690348200900e-03 -3.460296679701745266e-03 5.398954504790622359e-05 -2.150269696018196428e-03 2.461121864728344627e-02 -1.295354169465299946e-03 2.307256633202844562e-02 6.366998550581063829e-03 -1.025497721173838049e-02 1.085080597890583122e-02 -1.342836274922966713e-02 -8.289065042333572386e-03 2.824683495989852629e-03 -4.068799439711259271e-03 -1.254665403031843610e-02 1.799246021439490813e-03 -5.005730625763001214e-03 1.783776734876612452e-02 1.295282402767809369e-03 -6.522388123725551129e-03 3.847122578645461536e-03 -1.252183019417749555e-03 2.322852616785624886e-04 2.875213338987710459e-03 -4.044387325776826721e-04 -6.244997237061324091e-03 -3.149869896835741161e-05 3.479275265123125266e-03 3.591950592435019796e-02 2.468979893209924392e-02 3.147745248518202948e-03 2.647569757919714627e-03 6.134324332966626520e-03 -4.318689602398977610e-03 -2.979826832450825809e-03 -1.235824662364314909e-02
0.000000000000000000e+00 0.000000000000000000e+00 0.000000000000000000e+00 0.000000000000000000e+00 -6.113185777202796191e-03 3.403203266935063073e-03 4.577839391728939430e-03 3.012234520174824574e-03 6.301221562069938414e-04 -1.117916093169220998e-02 4.727110708289609942e-02 5.080445047835774330e-02 -1.605120826394575498e-02 7.072569949549276785e-03 -1.653497517228671217e-03 -3.469344013756708173e-02 3.883019400054094766e-02 7.338690351639909348e-02 -3.679643662592742281e-02 3.533889791464155106e-02 6.270480079684372099e-02 -3.357116176548883418e-03 3.897474919817499328e-02 3.334110816116500620e-02 -2.228931070402238868e-02 -2.577643439946399745e-03 -1.240596258534083091e-02 1.335107366987235353e-02 2.187831374230982812e-02 3.866617730717623706e-03 -7.214717577639978216e-03 9.486337812540313746e-03 -9.191926678272706666e-03 -1.031420245395457333e-02 3.412300271866962591e-03 2.867313811857189788e-03 2.393169641359782669e-03 2.809158169952329087e-02 -1.054160104882755425e-02 1.731764454481583880e-03 5.506962353772331537e-04 -3.588196818678004996e-02 -1.049129092522402273e-03 -5.637623158592120799e-03 -1.026969693539261930e-01 -1.429231944315188796e-02 -1.075426983639830164e-02 1.525535999118786748e-02 -3.710323019772485825e-02 2.241564291769836473e-02 -2.510514985806313812e-02 -9.117554985403973633e-03 7.200771590510587385e-04 1.800587042391620096e-02 0.000000000000000000e+00 0.000000000000000000e+00 5.023472044762141223e-03 -3.238051703006157578e-02 1.923976650346644057e-02 9.394889133209814724e-03 1.936683563099865502e-02 1.412894534162741356e-01 -2.371987135839727756e+00 -8.561868384256246522e-02 -2.695121804887619030e-02 -3.686510608565501945e-02 4.356340589555698743e-03 -2.586188917798630874e-02 3.085357780574270962e-03 8.074985015881025463e-03 -9.652508730074772780e-02 2.548091889728416534e-03 -9.441346936724911987e-02 4.626787348629862739e-02 4.564639193092250198e-03 -3.980468256141283558e-03 -1.087985498780847868e-03 3.227027647391308984e-02 -9.172597117244654652e-02 1.593032290329114697e-02 -4.178077098657454261e-03 1.081313450215120459e-02 9.738525443625799249e-02 -9.813688359433477004e-03 1.065577175898261980e-01 9.210712412213206690e-02 2.917181985656834824e-03 4.195166301897256499e-03 1.014763451768689942e-02 5.705372279110365250e-03 -1.438395253388180962e-03 1.215425751903668333e-02 -4.252134638787799514e-02 3.239213724728098182e-02 -3.200369817841410697e-02 -2.763603328421510019e-02 5.861182896115985086e-02 5.331558370043185113e-02 3.816039069187202037e-02 1.098836525111683005e-01 5.749232608127026771e-04 4.830885987410288296e-02 -3.763510544969399241e-02 -5.247704322755770284e-02 -7.712388982904896072e-03 -1.260286124776150152e-01 3.608946998905168124e-01 1.530020637469687306e-01 -7.893237112354587470e-01 1.217639802349453765e-01 -2.838486543156955033e-01 1.425891262204688481e-01 2.797997450789612706e-01 2.970318404901517439e-01 -2.388962253506586499e-03 2.522028822217582157e-03 -1.386987443879147616e-02 1.288693172802491127e-01 -1.542058833608225127e-02 -2.262552172575979514e-02 -2.641874367858640729e-02 1.097902273670058604e-01 -2.182141891574317441e-02 3.029921001844092937e-02 -3.972574309765154049e-03 -1.874412265240340061e-02 1.944488035619796815e-02 5.342749324521513243e-02 4.475841796478925716e-03 -3.314604228741055425e-02 2.468979893210940940e-02 1.354062760516550723e+00 1.903212000719178149e-02 3.699289675824109919e-02 -3.901137625983838730e-02 7.453240355740284317e-02 -2.109639769007192085e-03 8.226509569689297030e-02
0.000000000000000000e+00 0.000000000000000000e+00 0.000000000000000000e+00 0.000000000000000000e+00 1.567316762311364879e-03 -6.079074559732801190e-03 -4.004830171434727113e-04 -3.225999159608347166e-03 -9.284192637954682276e-03 -1.344529920537885842e-03 -3.423429452138600226e-02 -6.442770683330404854e-03 -9.749754667912989906e-03 -7.333245237498335622e-03 8.845707229098278071e-03 -9.140674793226109471e-03 8.185575810577140621e-02 1.210336024830700741e-02 -2.483674306558948941e-01 5.151912043649078954e-03 2.389009269996903231e-02 1.013681777851353945e-02 1.049006880501221206e-01 -1.061601845802347815e-02 6.415826261547874845e-03 -5.325614634746503838e-03 -5.857324191862515149e-03 2.184921594383592951e-03 8.494508167667821907e-03 -6.273490598506159185e-03 8.857358684119883210e-03 1.921595344227230388e-03 -1.344162877971158973e-03 -6.711859671590969176e-03 5.149022942335354557e-04 -7.015469378132702973e-03 1.606596310314253634e-04 3.921003332364482452e-02 1.781382332511871310e-03 8.231173576888551517e-04 4.693113741296155161e-03 -3.623179893242367902e-03 3.306387843712481865e-03 -7.351961848958464031e-03 3.066359387673397996e-03 -9.929794856543040088e-03 -2.351645806922993132e-03 -7.708135400610077737e-03 -2.882753545239619131e-03 5.803658095061321395e-03 5.391353394903328558e-03 -8.836294215903334887e-03 -1.250464858214090898e-03 -6.361634633808646751e-03 0.000000000000000000e+00 0.000000000000000000e+00 -6.723828900911068456e-04 -5.822090978270830046e-03 9.364684617129264213e-03 2.560114789171133009e-03 -4.374775215859980082e-03 -9.641664763842126146e-03 4.863024094642375839e-01 2.482637670397080942e-02 -9.422882079776850536e-03 -1.475141726362293182e-02 -2.121798037177777176e-03 1.481631662971571485e-02 -1.152805336758063945e-03 2.248580412336716530e-02 -1.822838153856090257e-02 -6.359589365905233757e-03 -9.471441728550154815e-03 -1.545686930708540033e-02 1.375832863422849720e-03 2.314037441981397786e-03 2.187099429673318267e-03 7.689405303032427995e-03 6.876731767193847156e-03 4.233247271483240280e-03 1.102998404815295867e-03 2.300550035073483865e-02 1.556077164572422337e-02 -5.304192421565000030e-03 1.207975959177045450e-02 -1.196140614510147505e-02 -1.241828493374557514e-03 4.233070866147319034e-03 -1.239549095241708823e-02 4.591283931342776269e-04 -7.909897113054545044e-04 3.451058770695808724e-03 3.415677513396095377e-03 6.652860785610642536e-03 5.970908605099349564e-03 9.997719612136180684e-03 7.368096084161514757e-03 -1.856644265633614760e-02 2.810643475113415012e-03 -2.756670499265883104e-03 1.259242898211930008e-03 1.571520591919140300e-02 1.172475017863768010e-02 -1.848328768025479449e-02 -1.864414659427914619e-03 6.735970061919299701e-02 1.539294615359096119e-01 -6.613443667867555109e-02 -2.191572379385778035e-01 -5.079305413619907700e-02 -4.545970595256526581e-02 -1.132254244446605357e-01 2.911014672576137455e-02 -5.281838975099785449e-02 -4.414188397227280895e-03 -4.257172070075546967e-04 7.862871956181948299e-03 -7.403625460888444212e-03 1.751481996066993341e-02 3.439048012317789255e-02 -1.488792236269726940e-02 -2.126922251234959066e-02 -1.498506201817135543e-02 -3.641614691917783100e-03 1.298456606317658539e-03 3.843766385138602630e-03 -6.339647926336373397e-03 5.576940614574673986e-03 1.080814190250931929e-02 1.061406877938812776e-02 3.147745248517329949e-03 1.903212000719851915e-02 9.743645592291730329e-02 -5.850966394873763875e-03 -5.910668154300453142e-02 -1.100080440943942278e-02 2.575938031288904986e-02 -6.550976495786333016e-03
0.000000000000000000e+00 0.000000000000000000e+00 0.000000000000000000e+00 0.000000000000000000e+00 -4.141478197181441834e-04 2.140205058744851056e-03 -3.929297603156115546e-04 1.848332672449718578e-03 1.543522248173232261e-03 -2.383758926705632623e-04 2.976630443101971422e-03 7.110813710043192327e-03 2.655199607806321346e-03 1.621757468344412227e-03 -8.145721138849290003e-04 -1.433056587910623656e-03 -8.296017037546250111e-03 5.518030678551204098e-03 1.844842193516636059e-02 3.000127349933086416e-03 -2.439198204862525008e-03 -1.011333008819991939e-03 -6.049826133817820008e-03 5.148947805494404756e-03 -5.955897404404925490e-04 1.406103306182040352e-03 7.303685085875903475e-04 1.615592848531007507e-03 -2.316208972617211318e-03 1.388429697671335252e-03 -1.449519687211326714e-03 2.306677611606666820e-03 1.731948488766132574e-04 1.010190406317008687e-03 7.361131157123702862e-05 1.931112414202268640e-03 -1.068651127915181591e-03 -6.137273616486223996e-04 -8.507970018102389495e-04 -7.390255077607036337e-04 -4.901393736233811528e-04 -2.026004163965173556e-03 2.266385824397582961e-04 3.915347561001319087e-04 -3.699077335741820464e-03 1.947478311935070972e-03 -1.407256652886694969e-04 1.023784092281260563e-03 -2.855977431971372296e-03 -6.991349886668586861e-05 -1.457176741011510096e-03 -1.275824964511841327e-03 2.363954020318972504e-04 1.394935540560553276e-03 0.000000000000000000e+00 0.000000000000000000e+00 -2.235793702653002431e-03 -2.664693943444815857e-03 -2.898196574932694787e-03 3.518483436667485791e-03 -4.414922125001762899e-04 -6.402437853418067523e-04 3.828792496591661154e-03 3.571801226784407108e-03 2.889402286891933069e-03 4.481984461867404186e-03 6.874662983114612422e-03 2.389411479105150657e-03 1.197216025354258702e-03 -1.931669925838734592e-02 1.309333415291347689e-02 2.074645252538091095e-02 1.095232305493439896e-02 8.750665030055768123e-03 -2.305762043510749086e-03 5.383782508151759537e-03 1.937291623805376876e-04 -5.269664459012313694e-03 6.259275681173286088e-03 -3.989946538594228535e-03 9.112245371239550973e-04 -1.814099233874615427e-02 1.094504818046057419e-02 2.304794545993066671e-02 -2.296681096113530746e-02 3.793764044227453548e-03 -1.739057464324469298e-03 -3.147252817777008126e-03 2.457684215020204243e-03 2.788183645269096469e-03 2.192331442135909535e-03 1.230048626432809133e-03 -9.707503558972161448e-05 -5.474350660549807783e-03 -8.051951695502396027e-04 8.936626525881060518e-03 -1.102116615825146943e-03 1.350013374703172044e-02 2.609748292169320697e-03 8.040709811033355109e-03 -1.077403705524273333e-03 1.582422226669610160e-02 1.203185490117151353e-03 -1.953147286800497803e-02 -2.931928399791023515e-03 8.888680271166378780e-03 1.783626824265992783e-01 -7.299304952140516119e-03 -2.465410253086220416e-01 -6.894941348076459066e-03 -3.243705131836598782e-02 2.766285179394017621e-02 -6.828228138052817864e-03 2.169781493102281716e-02 -1.587636541676297475e-03 -4.470357396762926656e-03 -7.084477798025355481e-03 1.082925532287077990e-02 -7.585478480043928752e-03 1.743460231283509854e-02 3.187511944325099964e-03 1.522886423287965127e-02 2.741123223645649566e-03 2.217261087898462352e-02 -1.691428285107396921e-03 1.502006253772769900e-03 1.199397856544339629e-03 3.146657212140884473e-03 -7.592803299084554614e-04 -2.332505765580983326e-02 2.647569757920384230e-03 3.699289675825055690e-02 -5.850966394873384838e-03 4.039878744970399477e-02 1.456710059054777684e-02 2.759996161641681267e-02 -1.462481693493667551e-02 2.848874970779528143e-02
0.000000000000000000e+00 0.000000000000000000e+00 0.000000000000000000e+00 0.000000000000000000e+00 -6.914135764401152474e-04 1.250000192579996247e-03 6.954165125871158981e-04 6.996127839105559980e-04 3.129117474894362386e-03 8.881224250887209291e-04 1.121715976802983850e-02 1.054965786447364636e-03 3.189945865564982556e-03 2.651786405798688649e-03 -4.610596965842260996e-03 5.466723125780520269e-03 -4.308345950192814244e-02 -7.346784131504803875e-03 1.268539780720995547e-01 -3.837713201014050866e-03 -2.063945805109073175e-02 -3.913710615238602183e-03 -4.530936870912244396e-02 1.608879445613727683e-03 -4.113628453387421606e-03 2.440061446861705070e-03 3.611123518375772366e-03 2.255502236311131194e-04 -2.362593045781401311e-03 2.225247259541425320e-03 -3.695622059631377063e-03 -1.497819058712641363e-03 -8.462038265448142702e-04 2.205866660653132364e-03 -3.538012507648931673e-05 2.277163425288231732e-03 2.258526124377128129e-04 -1.529613427776915953e-02 -2.012620526582793875e-04 2.459505014322576830e-03 -1.122149485148353585e-03 1.968166510990910535e-03 -1.122067241864917663e-03 1.491928324464367270e-03 -9.596207730541492578e-03 4.797143648729336116e-03 1.991319448924095889e-03 7.035409539143461710e-05 1.932790018978094689e-03 -2.898118652958598957e-03 2.434280973698027192e-03 -1.120441137162951368e-03 4.726584739681396249e-04 2.471057345312967484e-04 0.000000000000000000e+00 0.000000000000000000e+00 1.049395534441533405e-03 8.491895060374087846e-04 -7.097904216376612306e-03 -6.317481414740123979e-03 1.720797212440157735e-03 -4.244420402177031745e-03 -1.959479283931692684e-01 -7.377602999743529746e-03 1.488280910624789795e-02 1.165810101395184893e-02 5.536173177677481370e-03 -4.268206142421345634e-03 -2.665086353472160175e-04 -3.673475196226842765e-02 -2.443258943195263013e-03 2.966454920133716408e-02 2.042078421404026206e-02 1.426871903972919998e-02 -1.427257192325551019e-03 8.765394431624653690e-03 -9.404771821956593855e-04 -1.532375798774299885e-02 -2.054724222484789059e-02 -1.174820855166345407e-02 1.773547941555015045e-03 -2.994527846541486168e-02 1.324915033452560287e-02 2.228470694500309102e-02 -3.677361917117343004e-02 1.301900282080531261e-02 -1.719396478276365332e-03 -7.393176193668491401e-03 5.296560890905767198e-03 -6.181438177545164805e-04 2.591794039876300741e-03 -1.257419622631206647e-03 2.260659929569512876e-03 -1.189159668468453557e-02 1.798006797710125382e-03 6.242271226629840519e-03 -7.550460215125138347e-03 2.007181542836037474e-02 -6.250878918671757233e-03 2.597156259010020667e-03 -1.646845193166084336e-03 -3.236762731980995147e-03 7.270750683726076927e-04 7.580860168128185448e-05 3.987954226157343655e-04 -2.447459324354327170e-02 -5.420729881734163980e-02 2.663866850141955248e-02 8.829957380841071957e-02 1.710685481431954008e-02 2.734481043089366167e-02 9.701479273910756929e-02 -5.378885169006011879e-02 2.494332641683510293e-02 2.337864070593466230e-03 -5.921873917007516820e-04 -8.490543508696241082e-03 -4.018997728916723702e-03 -1.149014942394291187e-02 -9.080814871272772232e-03 1.901550916641555136e-02 2.132714927827222134e-02 1.587217567080498673e-02 1.326346650885582533e-02 -2.386312754608479678e-03 -1.810313052465979992e-04 -9.556285098134963563e-04 -2.487093675040773395e-03 -1.061137999358655049e-02 -1.228985251254445868e-02 6.134324332966753154e-03 -3.901137625984117674e-02 -5.910668154300670329e-02 1.456710059054870839e-02 7.800470036927428796e-02 1.088933288063555563e-02 -3.156198782021123195e-02 4.740719153613559382e-03
0.000000000000000000e+00 0.000000000000000000e+00 0.000000000000000000e+00 0.000000000000000000e+00 -1.052920083197349341e-03 1.369929799261725145e-03 7.949303044754547302e-04 7.471208112865192902e-04 8.071616230242192706e-04 -1.510833421378498772e-03 8.792407823834023917e-03 8.536389213264466980e-03 4.622414322510621544e-04 2.068718365268837085e-03 -2.893482170390772410e-03 -1.768246966721748236e-03 -1.852352673865959726e-02 6.091974573458882811e-03 6.749756593554596951e-02 3.076660463414826636e-03 -7.175498436715293041e-03 -1.718148584961703279e-03 -2.037627599033211070e-02 5.673019707735823570e-03 -4.850206951552729975e-03 1.101989486097691446e-03 9.098182242315313011e-04 1.704109927163669283e-03 9.138268974179042728e-04 1.629847805051966520e-03 -2.825969529549178169e-03 1.181248374469295176e-03 -1.812760614241179253e-03 -2.948363293614395236e-04 4.515414218673096053e-04 1.656032536357345463e-03 1.998619887883088431e-04 -7.332810816838425394e-04 -1.219305198072888775e-03 -6.631296659409215881e-04 -1.073501016297247115e-03 -3.109792668796017377e-03 -7.144149138739476750e-04 5.760403548810206142e-04 -1.717481711810430259e-02 4.577630404385602978e-04 -1.138427437649230890e-04 1.584927339002539012e-03 -3.232659424168062359e-03 1.254171574153416322e-03 -1.822898320182733071e-03 -1.491195864058269659e-03 5.574657725326062890e-04 2.710885507089741842e-03 0.000000000000000000e+00 0.000000000000000000e+00 2.749716129595654226e-03 -1.036514022359629654e-03 -3.696966807037618905e-03 -1.030776460159391506e-04 1.158433177391729723e-03 4.814553514548292057e-03 -1.515063671359456465e-01 8.560625180004651034e-04 8.881560981340952225e-04 3.790634672930115034e-03 4.602008380058015755e-03 3.846564783158352204e-04 1.360077468700341677e-03 -5.628069111311356267e-03 1.495866410235106338e-02 6.100837202000962411e-03 1.056819243519296382e-03 1.039624278753205691e-02 -2.577332581624888330e-03 1.076385282964457089e-02 -1.496689302433282405e-04 -1.229793358539693019e-03 2.877858952032780193e-02 -8.289627398602190250e-03 -7.134839903261161421e-04 -9.960538685465604100e-03 -4.121738402287762788e-03 1.054099877777858740e-02 -1.513108111634870172e-03 1.183365987265452141e-02 -1.496065296545431205e-03 -2.633819633668989593e-03 4.374202220256298221e-03 1.575956437827286030e-03 2.638735223967167312e-04 2.982019057712784020e-03 -5.064102455978166696e-03 -5.300661117993461270e-03 -6.169370596857643579e-03 -1.100268700414314387e-03 4.134396878246163545e-03 2.428275885010984340e-03 4.665470455259414922e-03 1.586071971709510434e-02 -9.394306245986611993e-04 1.231199651152505188e-02 -8.875181417518984012e-03 -6.080245754629149714e-03 -2.777641518231335413e-03 -1.654329894193503139e-02 1.661407380055467675e-01 2.029846035805784460e-02 -2.508412807880986972e-01 1.597994603373515538e-02 -5.880335375260928310e-02 7.389905774082304590e-02 1.931620639223170094e-02 6.499224737741553237e-02 -1.190866316595237282e-03 -9.766742657442120841e-04 -6.286800294985730661e-03 2.122017430837544114e-02 -6.286089382844752341e-03 1.414148036491720290e-03 -3.493571016654617792e-03 3.975138747958020108e-02 -3.406414403678746650e-03 2.647349197663902837e-02 -1.326973754188057446e-03 6.903817720023590690e-04 1.433509866775408087e-03 5.335271627177383749e-03 -8.211650963279328291e-04 -2.221006374171684283e-02 -4.318689602397309674e-03 7.453240355741058698e-02 -1.100080440943889890e-02 2.759996161641771820e-02 1.088933288063504735e-02 4.383516034434658398e-02 -1.053544777656905372e-02 4.039307666122404078e-02
0.000000000000000000e+00 0.000000000000000000e+00 0.000000000000000000e+00 0.000000000000000000e+00 4.140478924089508427e-04 -1.544900614175547318e-03 6.297967003568872429e-05 -1.075781815554307293e-03 -1.510729308287994893e-03 -4.717942472148775731e-04 -4.147716396829670762e-03 -1.146538825634740811e-03 -9.753521243434207276e-04 -1.458328098292168730e-03 9.844999683613520503e-04 -4.519943091955959348e-04 1.100121600272701596e-02 -1.150246155547378531e-05 -2.888709322288686779e-02 -4.969939271816150575e-04 3.464359845678216120e-04 -9.827983609220058286e-04 1.326136938542682789e-02 -2.480749355205862094e-03 5.223843312889203195e-04 -9.757136004705781141e-04 -4.300281759759545623e-04 -2.277128962420315488e-04 7.117547642723418000e-04 -1.214686041540039181e-03 7.901560630916191433e-04 2.633489089958534145e-05 -3.396226285899992610e-04 -1.163931618400948715e-03 2.626938218375731338e-05 -1.405167520027412976e-03 2.917530795047350946e-05 4.140007861395905361e-03 1.952259192864143139e-04 6.061403999358180313e-05 4.650161259146045429e-04 4.021074473964455923e-04 -1.952178636289132545e-04 -4.845906884084050627e-04 1.198825104117025916e-03 -1.992092260490566178e-03 -1.004786484459093093e-04 -1.264538162253422450e-03 1.299324096720549352e-04 5.173581237721218808e-04 1.757542995903742353e-04 -1.175902469585238686e-03 -2.377774642579150947e-05 -8.585980629367286586e-04 0.000000000000000000e+00 0.000000000000000000e+00 2.130670964391531566e-04 -7.456674617224434698e-04 2.606159163581763406e-03 -2.203562778973496006e-03 -3.116993398626889070e-04 -2.007252179080623762e-03 5.234975246700204754e-02 4.775250310468847660e-03 -6.035443765447597378e-03 -5.177770357889346572e-03 -3.640282117236739740e-03 4.500154663426962805e-03 -8.387441211327578954e-04 1.092994187430607056e-02 -4.870384722838354448e-03 -1.024156157716758775e-02 -7.573754064675341721e-03 -6.407732631759724580e-03 1.132392513918460165e-03 -5.137327523848760936e-03 1.453631498087857568e-03 6.036816292504769074e-03 1.045241298378042638e-02 3.134295227129102902e-03 1.329161831407658711e-05 1.060119344239427580e-02 -3.200529198784374512e-03 -1.135282296743189007e-02 1.535705656274288441e-02 -1.020034563907814282e-03 6.226691188751466623e-04 1.577138626971409533e-03 -1.107720294318765512e-03 3.200332533887244486e-05 -1.194887897317080611e-03 -1.079717467997751449e-03 2.535532887047501488e-03 5.918300839233588476e-03 1.925305269549882833e-03 -3.188921678875426737e-03 1.398780424736329733e-03 -1.485880732659643384e-02 -8.902918630616148826e-05 -7.925675664838665105e-03 1.246365623133417625e-03 -5.363183375858878409e-03 3.218986044474865700e-03 6.734970282010106085e-03 1.196150886424031363e-04 5.581625833178400185e-03 1.097335790518709150e-02 -7.836954152090536488e-03 -1.672351289841354435e-02 -3.999850014918661899e-03 -7.233384363973258471e-03 -3.017587538077623824e-02 1.502275876053099819e-02 -2.859058044742690888e-02 -9.604150632841161736e-04 -2.963495807979714403e-03 6.694310022845052430e-03 -1.054074227005136156e-03 1.036511279122105667e-02 3.655400580911826076e-03 -7.865739857815669256e-03 -1.099271044224297764e-02 -8.200318220477056594e-03 -1.765063237755847003e-02 9.043364446099500355e-04 6.566497825443007156e-05 -7.932924259590509296e-04 2.990621359079100386e-04 5.079961641925929972e-03 7.376837471909664795e-03 -2.979826832451635925e-03 -2.109639769002016971e-03 2.575938031288923027e-02 -1.462481693493776318e-02 -3.156198782021073929e-02 -1.053544777656880739e-02 2.486402562817894776e-02 -9.956335078477155515e-03
0.000000000000000000e+00 0.000000000000000000e+00 0.000000000000000000e+00 0.000000000000000000e+00 -8.486161597201568674e-04 1.504436312978897627e-03 3.958426733087715664e-04 7.467865057072495564e-04 5.717081048813086978e-04 -2.056819172659665306e-03 8.579602443674071849e-03 7.418911169817129364e-03 2.970912850897150514e-04 1.878839565365509820e-03 -3.168838972217939177e-03 -4.683075372104246806e-03 -1.896621654497693960e-02 1.045971607029075670e-02 8.468807721072610373e-02 5.257579009059737407e-03 -3.214130700727770885e-03 4.707940404286103595e-03 -2.636461060175759180e-02 6.220028583418267532e-03 -4.018760602298219672e-03 5.132795110534527604e-04 -1.812957531097017082e-04 1.848427498074207021e-03 1.211097806682532793e-03 1.534380449606139981e-03 -2.029115070618319524e-03 5.755162922320176478e-04 -1.483504927342964644e-03 -1.306291575180729006e-03 2.276715118209451461e-04 1.193463369349936345e-03 3.188791773595097767e-04 6.882390171134571306e-03 -1.020959262734167641e-03 -1.639616021051126761e-03 -1.581953897316407034e-03 -5.625323069753053809e-03 -9.548925687572846956e-04 -3.559533762118054136e-04 -1.452746997372931885e-02 2.669056344634400174e-05 -2.944807001644851596e-04 4.721163325953955242e-04 -3.909250360641242095e-03 1.813601300437317357e-03 -1.753866367472788068e-03 -8.039995909290618796e-04 3.511385786666862624e-04 1.589206430157310505e-03 0.000000000000000000e+00 0.000000000000000000e+00 5.465739407914389607e-03 -3.540085094182372945e-03 -4.091623248731902224e-03 -3.976151339796495446e-03 1.252629202949884224e-03 7.160625185211644955e-03 -1.476523509103887521e-01 2.316803819571275520e-03 3.211382096016972190e-03 -2.686813024289889679e-03 3.590427700023629976e-03 3.155457112177548033e-04 1.338789503041728666e-03 -4.064367172758138677e-03 1.903341213502610096e-02 -2.822865571257908088e-03 3.020061569711883238e-03 2.268536918605650390e-02 -4.267059488592763600e-03 9.904452409525345280e-03 4.698372995310597967e-03 -1.310810327342736177e-02 6.847528218701041947e-02 -1.630681453991115245e-03 -9.206337380966132539e-04 -1.136275859047285348e-02 -3.650379473236800044e-03 2.682212427032188047e-03 -5.131304016166940776e-03 2.400436245788183792e-02 -1.864960794472870663e-03 -3.124450381490318472e-03 3.314542883605250349e-03 3.788092414708934359e-04 1.543079358969788725e-03 1.185099870026087333e-02 3.250216207159741834e-03 -7.808757920233447107e-03 -4.200631426393385687e-03 -1.181485694378394541e-02 -1.455756071475157497e-03 -1.532490355827261473e-02 4.969371776614564529e-03 9.545975583383971719e-04 -1.378816972981482866e-03 7.080018416616365093e-03 -8.893332878403530789e-03 6.989606514639308587e-04 -2.359151821349324361e-03 -1.919445657604782612e-02 1.313275095392246183e-01 2.249545182617944394e-02 -2.151713028754191348e-01 1.630879111542107157e-02 -2.007368868854698951e-02 5.634266731299172187e-02 2.154688097859688845e-02 6.413608828579224486e-02 -2.448442088591690734e-03 2.368597190138964099e-03 3.257190112812612202e-04 1.728259221657561795e-02 -3.946424621009114383e-03 -8.789035855387879181e-03 -4.194465994302080752e-05 3.055917323833844124e-02 -8.958415164863080607e-03 3.010902513894896451e-02 -1.070653824542630106e-03 -3.038917251974426054e-04 9.736522343158230189e-04 6.435566302678994051e-03 -1.144903781621306156e-03 -2.635569744503573827e-02 -1.235824662364043251e-02 8.226509569689757773e-02 -6.550976495787301859e-03 2.848874970779534388e-02 4.740719153613725048e-03 4.039307666122346485e-02 -9.956335078478109613e-03 7.167181041601161651e-02
