1.000000000000000000e+00 0.000000000000000000e+00 0.000000000000000000e+00 0.000000000000000000e+00 0.000000000000000000e+00 0.000000000000000000e+00 0.000000000000000000e+00 0.000000000000000000e+00 0.000000000000000000e+00 0.000000000000000000e+00 0.000000000000000000e+00 0.000000000000000000e+00 0.000000000000000000e+00 0.000000000000000000e+00 0.000000000000000000e+00 0.000000000000000000e+00 0.000000000000000000e+00 0.000000000000000000e+00 0.000000000000000000e+00 0.000000000000000000e+00 0.000000000000000000e+00 0.000000000000000000e+00 0.000000000000000000e+00 0.000000000000000000e+00 0.000000000000000000e+00 0.000000000000000000e+00 0.000000000000000000e+00 0.000000000000000000e+00 0.000000000000000000e+00 0.000000000000000000e+00 0.000000000000000000e+00 0.000000000000000000e+00 0.000000000000000000e+00 0.000000000000000000e+00 0.000000000000000000e+00 0.000000000000000000e+00 0.000000000000000000e+00 0.000000000000000000e+00 0.000000000000000000e+00 0.000000000000000000e+00 0.000000000000000000e+00 0.000000000000000000e+00 0.000000000000000000e+00 0.000000000000000000e+00 0.000000000000000000e+00 0.000000000000000000e+00 0.000000000000000000e+00 0.000000000000000000e+00 0.000000000000000000e+00 0.000000000000000000e+00 0.000000000000000000e+00 0.000000000000000000e+00 0.000000000000000000e+00 0.000000000000000000e+00 0.000000000000000000e+00 0.000000000000000000e+00 0.000000000000000000e+00 0.000000000000000000e+00 0.000000000000000000e+00 0.000000000000000000e+00 0.000000000000000000e+00 0.000000000000000000e+00 0.000000000000000000e+00 0.000000000000000000e+00 0.000000000000000000e+00 0.000000000000000000e+00 0.000000000000000000e+00 0.000000000000000000e+00 0.000000000000000000e+00 0.000000000000000000e+00 0.000000000000000000e+00 0.000000000000000000e+00 0.000000000000000000e+00 0.000000000000000000e+00 0.000000000000000000e+00 0.000000000000000000e+00 0.000000000000000000e+00 0.000000000000000000e+00 0.000000000000000000e+00 0.000000000000000000e+00 0.000000000000000000e+00 0.000000000000000000e+00 0.000000000000000000e+00 0.000000000000000000e+00 0.000000000000000000e+00 0.000000000000000000e+00 0.000000000000000000e+00 0.000000000000000000e+00 0.000000000000000000e+00 0.000000000000000000e+00 0.000000000000000000e+00 0.000000000000000000e+00 0.000000000000000000e+00 0.000000000000000000e+00 0.000000000000000000e+00 0.000000000000000000e+00 0.000000000000000000e+00 0.000000000000000000e+00 0.000000000000000000e+00 0.000000000000000000e+00 0.000000000000000000e+00 0.000000000000000000e+00 0.000000000000000000e+00 0.000000000000000000e+00 0.000000000000000000e+00 0.000000000000000000e+00 0.000000000000000000e+00 0.000000000000000000e+00 0.000000000000000000e+00 0.000000000000000000e+00 0.000000000000000000e+00 0.000000000000000000e+00 0.000000000000000000e+00 0.000000000000000000e+00 0.000000000000000000e+00 0.000000000000000000e+00 0.000000000000000000e+00 0.000000000000000000e+00 0.000000000000000000e+00 0.000000000000000000e+00 0.000000000000000000e+00 0.000000000000000000e+00 0.000000000000000000e+00 0.000000000000000000e+00 0.000000000000000000e+00 0.000000000000000000e+00 0.000000000000000000e+00 0.000000000000000000e+00 0.000000000000000000e+00 0.000000000000000000e+00 0.000000000000000000e+00 0.000000000000000000e+00 0.000000000000000000e+00 0.000000000000000000e+00 0.000000000000000000e+00 0.000000000000000000e+00 0.000000000000000000e+00 0.000000000000000000e+00
0.000000000000000000e+00 1.000000000000000000e+00 0.000000000000000000e+00 0.000000000000000000e+00 0.000000000000000000e+00 0.000000000000000000e+00 0.000000000000000000e+00 0.000000000000000000e+00 0.000000000000000000e+00 0.000000000000000000e+00 0.000000000000000000e+00 0.000000000000000000e+00 0.000000000000000000e+00 0.000000000000000000e+00 0.000000000000000000e+00 0.000000000000000000e+00 0.000000000000000000e+00 0.000000000000000000e+00 0.000000000000000000e+00 0.000000000000000000e+00 0.000000000000000000e+00 0.000000000000000000e+00 0.000000000000000000e+00 0.000000000000000000e+00 0.000000000000000000e+00 0.000000000000000000e+00 0.000000000000000000e+00 0.000000000000000000e+00 0.000000000000000000e+00 0.000000000000000000e+00 0.000000000000000000e+00 0.000000000000000000e+00 0.000000000000000000e+00 0.000000000000000000e+00 0.000000000000000000e+00 0.000000000000000000e+00 0.000000000000000000e+00 0.000000000000000000e+00 0.000000000000000000e+00 0.000000000000000000e+00 0.000000000000000000e+00 0.000000000000000000e+00 0.000000000000000000e+00 0.000000000000000000e+00 0.000000000000000000e+00 0.000000000000000000e+00 0.000000000000000000e+00 0.000000000000000000e+00 0.000000000000000000e+00 0.000000000000000000e+00 0.000000000000000000e+00 0.000000000000000000e+00 0.000000000000000000e+00 0.000000000000000000e+00 0.000000000000000000e+00 0.000000000000000000e+00 0.000000000000000000e+00 0.000000000000000000e+00 0.000000000000000000e+00 0.000000000000000000e+00 0.000000000000000000e+00 0.000000000000000000e+00 0.000000000000000000e+00 0.000000000000000000e+00 0.000000000000000000e+00 0.000000000000000000e+00 0.000000000000000000e+00 0.000000000000000000e+00 0.000000000000000000e+00 0.000000000000000000e+00 0.000000000000000000e+00 0.000000000000000000e+00 0.000000000000000000e+00 0.000000000000000000e+00 0.000000000000000000e+00 0.000000000000000000e+00 0.000000000000000000e+00 0.000000000000000000e+00 0.000000000000000000e+00 0.000000000000000000e+00 0.000000000000000000e+00 0.000000000000000000e+00 0.000000000000000000e+00 0.000000000000000000e+00 0.000000000000000000e+00 0.000000000000000000e+00 0.000000000000000000e+00 0.000000000000000000e+00 0.000000000000000000e+00 0.000000000000000000e+00 0.000000000000000000e+00 0.000000000000000000e+00 0.000000000000000000e+00 0.000000000000000000e+00 0.000000000000000000e+00 0.000000000000000000e+00 0.000000000000000000e+00 0.000000000000000000e+00 0.000000000000000000e+00 0.000000000000000000e+00 0.000000000000000000e+00 0.000000000000000000e+00 0.000000000000000000e+00 0.000000000000000000e+00 0.000000000000000000e+00 0.000000000000000000e+00 0.000000000000000000e+00 0.000000000000000000e+00 0.000000000000000000e+00 0.000000000000000000e+00 0.000000000000000000e+00 0.000000000000000000e+00 0.000000000000000000e+00 0.000000000000000000e+00 0.000000000000000000e+00 0.000000000000000000e+00 0.000000000000000000e+00 0.000000000000000000e+00 0.000000000000000000e+00 0.000000000000000000e+00 0.000000000000000000e+00 0.000000000000000000e+00 0.000000000000000000e+00 0.000000000000000000e+00 0.000000000000000000e+00 0.000000000000000000e+00 0.000000000000000000e+00 0.000000000000000000e+00 0.000000000000000000e+00 0.000000000000000000e+00 0.000000000000000000e+00 0.000000000000000000e+00 0.000000000000000000e+00 0.000000000000000000e+00 0.000000000000000000e+00 0.000000000000000000e+00 0.000000000000000000e+00 0.000000000000000000e+00
0.000000000000000000e+00 0.000000000000000000e+00 1.000000000000000000e+00 0.000000000000000000e+00 0.000000000000000000e+00 0.000000000000000000e+00 0.000000000000000000e+00 0.000000000000000000e+00 0.000000000000000000e+00 0.000000000000000000e+00 0.000000000000000000e+00 0.000000000000000000e+00 0.000000000000000000e+00 0.000000000000000000e+00 0.000000000000000000e+00 0.000000000000000000e+00 0.000000000000000000e+00 0.000000000000000000e+00 0.000000000000000000e+00 0.000000000000000000e+00 0.000000000000000000e+00 0.000000000000000000e+00 0.000000000000000000e+00 0.000000000000000000e+00 0.000000000000000000e+00 0.000000000000000000e+00 0.000000000000000000e+00 0.000000000000000000e+00 0.000000000000000000e+00 0.000000000000000000e+00 0.000000000000000000e+00 0.000000000000000000e+00 0.000000000000000000e+00 0.000000000000000000e+00 0.000000000000000000e+00 0.000000000000000000e+00 0.000000000000000000e+00 0.000000000000000000e+00 0.000000000000000000e+00 0.000000000000000000e+00 0.000000000000000000e+00 0.000000000000000000e+00 0.000000000000000000e+00 0.000000000000000000e+00 0.000000000000000000e+00 0.000000000000000000e+00 0.000000000000000000e+00 0.000000000000000000e+00 0.000000000000000000e+00 0.000000000000000000e+00 0.000000000000000000e+00 0.000000000000000000e+00 0.000000000000000000e+00 0.000000000000000000e+00 0.000000000000000000e+00 0.000000000000000000e+00 0.000000000000000000e+00 0.000000000000000000e+00 0.000000000000000000e+00 0.000000000000000000e+00 0.000000000000000000e+00 0.000000000000000000e+00 0.000000000000000000e+00 0.000000000000000000e+00 0.000000000000000000e+00 0.000000000000000000e+00 0.000000000000000000e+00 0.000000000000000000e+00 0.000000000000000000e+00 0.000000000000000000e+00 0.000000000000000000e+00 0.000000000000000000e+00 0.000000000000000000e+00 0.000000000000000000e+00 0.000000000000000000e+00 0.000000000000000000e+00 0.000000000000000000e+00 0.000000000000000000e+00 0.000000000000000000e+00 0.000000000000000000e+00 0.000000000000000000e+00 0.000000000000000000e+00 0.000000000000000000e+00 0.000000000000000000e+00 0.000000000000000000e+00 0.000000000000000000e+00 0.000000000000000000e+00 0.000000000000000000e+00 0.000000000000000000e+00 0.000000000000000000e+00 0.000000000000000000e+00 0.000000000000000000e+00 0.000000000000000000e+00 0.000000000000000000e+00 0.000000000000000000e+00 0.000000000000000000e+00 0.000000000000000000e+00 0.000000000000000000e+00 0.000000000000000000e+00 0.000000000000000000e+00 0.000000000000000000e+00 0.000000000000000000e+00 0.000000000000000000e+00 0.000000000000000000e+00 0.000000000000000000e+00 0.000000000000000000e+00 0.000000000000000000e+00 0.000000000000000000e+00 0.000000000000000000e+00 0.000000000000000000e+00 0.000000000000000000e+00 0.000000000000000000e+00 0.000000000000000000e+00 0.000000000000000000e+00 0.000000000000000000e+00 0.000000000000000000e+00 0.000000000000000000e+00 0.000000000000000000e+00 0.000000000000000000e+00 0.000000000000000000e+00 0.000000000000000000e+00 0.000000000000000000e+00 0.000000000000000000e+00 0.000000000000000000e+00 0.000000000000000000e+00 0.000000000000000000e+00 0.000000000000000000e+00 0.000000000000000000e+00 0.000000000000000000e+00 0.000000000000000000e+00 0.000000000000000000e+00 0.000000000000000000e+00 0.000000000000000000e+00 0.000000000000000000e+00 0.000000000000000000e+00 0.000000000000000000e+00 0.000000000000000000e+00 0.000000000000000000e+00
0.000000000000000000e+00 0.000000000000000000e+00 0.000000000000000000e+00 1.000000000000000000e+00 0.000000000000000000e+00 0.000000000000000000e+00 0.000000000000000000e+00 0.000000000000000000e+00 0.000000000000000000e+00 0.000000000000000000e+00 0.000000000000000000e+00 0.000000000000000000e+00 0.000000000000000000e+00 0.000000000000000000e+00 0.000000000000000000e+00 0.000000000000000000e+00 0.000000000000000000e+00 0.000000000000000000e+00 0.000000000000000000e+00 0.000000000000000000e+00 0.000000000000000000e+00 0.000000000000000000e+00 0.000000000000000000e+00 0.000000000000000000e+00 0.000000000000000000e+00 0.000000000000000000e+00 0.000000000000000000e+00 0.000000000000000000e+00 0.000000000000000000e+00 0.000000000000000000e+00 0.000000000000000000e+00 0.000000000000000000e+00 0.000000000000000000e+00 0.000000000000000000e+00 0.000000000000000000e+00 0.000000000000000000e+00 0.000000000000000000e+00 0.000000000000000000e+00 0.000000000000000000e+00 0.000000000000000000e+00 0.000000000000000000e+00 0.000000000000000000e+00 0.000000000000000000e+00 0.000000000000000000e+00 0.000000000000000000e+00 0.000000000000000000e+00 0.000000000000000000e+00 0.000000000000000000e+00 0.000000000000000000e+00 0.000000000000000000e+00 0.000000000000000000e+00 0.000000000000000000e+00 0.000000000000000000e+00 0.000000000000000000e+00 0.000000000000000000e+00 0.000000000000000000e+00 0.000000000000000000e+00 0.000000000000000000e+00 0.000000000000000000e+00 0.000000000000000000e+00 0.000000000000000000e+00 0.000000000000000000e+00 0.000000000000000000e+00 0.000000000000000000e+00 0.000000000000000000e+00 0.000000000000000000e+00 0.000000000000000000e+00 0.000000000000000000e+00 0.000000000000000000e+00 0.000000000000000000e+00 0.000000000000000000e+00 0.000000000000000000e+00 0.000000000000000000e+00 0.000000000000000000e+00 0.000000000000000000e+00 0.000000000000000000e+00 0.000000000000000000e+00 0.000000000000000000e+00 0.000000000000000000e+00 0.000000000000000000e+00 0.000000000000000000e+00 0.000000000000000000e+00 0.000000000000000000e+00 0.000000000000000000e+00 0.000000000000000000e+00 0.000000000000000000e+00 0.000000000000000000e+00 0.000000000000000000e+00 0.000000000000000000e+00 0.000000000000000000e+00 0.000000000000000000e+00 0.000000000000000000e+00 0.000000000000000000e+00 0.000000000000000000e+00 0.000000000000000000e+00 0.000000000000000000e+00 0.000000000000000000e+00 0.000000000000000000e+00 0.000000000000000000e+00 0.000000000000000000e+00 0.000000000000000000e+00 0.000000000000000000e+00 0.000000000000000000e+00 0.000000000000000000e+00 0.000000000000000000e+00 0.000000000000000000e+00 0.000000000000000000e+00 0.000000000000000000e+00 0.000000000000000000e+00 0.000000000000000000e+00 0.000000000000000000e+00 0.000000000000000000e+00 0.000000000000000000e+00 0.000000000000000000e+00 0.000000000000000000e+00 0.000000000000000000e+00 0.000000000000000000e+00 0.000000000000000000e+00 0.000000000000000000e+00 0.000000000000000000e+00 0.000000000000000000e+00 0.000000000000000000e+00 0.000000000000000000e+00 0.000000000000000000e+00 0.000000000000000000e+00 0.000000000000000000e+00 0.000000000000000000e+00 0.000000000000000000e+00 0.000000000000000000e+00 0.000000000000000000e+00 0.000000000000000000e+00 0.000000000000000000e+00 0.000000000000000000e+00 0.000000000000000000e+00 0.000000000000000000e+00 0.000000000000000000e+00 0.000000000000000000e+00 0.000000000000000000e+00
0.000000000000000000e+00 0.000000000000000000e+00 0.000000000000000000e+00 0.000000000000000000e+00 3.989652125133381737e-03 7.655804703934740354e-04 1.439501314428170064e-03 1.315610460629042331e-03 2.343865524126354308e-02 -3.536689303152599356e-03 -4.147477503134565369e-03 9.463668211900022002e-04 2.023967530748934599e-03 -5.653383741318539213e-03 3.129223123519638515e-03 -2.983093872552130404e-03 -6.838229342706367113e-03 1.037945359847796713e-02 9.647342246458107118e-03 -5.596498877947254924e-03 4.596788421337569741e-04 8.200216257126205499e-03 7.906048383748346189e-03 2.409211292529672005e-03 9.106041113754965999e-03 -4.086146323273276773e-03 1.767810927310693812e-03 2.612706490156183406e-02 1.804526699327225689e-02 -8.842401891502291210e-04 2.281506955862599127e-03 -2.120926338888416869e-03 1.928517309399777318e-03 -4.200053506367520430e-03 -3.838354973964462884e-03 6.838208900922549153e-04 4.205247273990375158e-04 3.093734395263608196e-03 -6.994809279830698813e-04 -8.075668318766875131e-03 -7.504499578467973588e-04 5.169020761918148230e-03 5.156653976226539468e-03 -3.811318873162575834e-03 7.281058661410100925e-04 1.311199394122093773e-03 2.675147503197279966e-03 -4.022102549365579559e-03 3.278309730564548177e-03 -9.970381410740461123e-04 -6.058363525394646395e-04 2.629722030033320693e-04 0.000000000000000000e+00 0.000000000000000000e+00 0.000000000000000000e+00 0.000000000000000000e+00 -8.508253728055175085e-04 -5.893280952303074378e-04 1.902270314366114479e-03 3.005390314793001273e-04 3.373337167730614677e-03 1.072421365351518838e-03 3.974675646723999653e-04 -9.781739934179504818e-04 1.220328616334266951e-03 2.668289895121464701e-04 1.594937785095008366e-03 -5.821113184485767096e-04 -2.765834532152913316e-03 1.528755742551707753e-03 5.416280701464623679e-04 -9.708725260984009658e-04 -1.433560100843647191e-03 -1.406698935967186847e-03 2.310809435525864545e-03 5.389735878187659843e-04 -2.228070594692375278e-04 4.607689825349558545e-03 -1.586571361428972633e-03 -1.000097231033784256e-03 -1.984102712812860995e-03 1.364298989963851896e-03 -5.817986009413290494e-04 -1.176786978720277977e-03 1.651458893531326582e-03 -1.401865160897104202e-03 4.786286916592536736e-04 -7.715419007752103266e-04 2.583393067018541558e-03 9.365525163300648590e-04 1.323941084948099907e-03 1.637627433975631479e-04 1.383974190808973711e-03 2.157373594204006935e-03 3.724010036431854857e-04 -7.131270471225995824e-04 1.014819889394095618e-03 -3.209922301014557717e-04 2.101643238075773116e-04 -1.998625901283490082e-03 4.819605616155310177e-03 1.355607875723448394e-03 -2.742001170791451281e-03 2.792547121676985152e-03 1.023323902163661078e-03 -6.474698048194884150e-04 1.488178015112360305e-03 1.057195833818080260e-05 2.062433315188918169e-03 5.902673245768348155e-05 -5.756361571125141090e-04 2.833738861624271639e-03 8.498919143248924619e-04 1.645042771984631374e-03 1.979127476350328336e-03 2.009025585249115233e-04 -3.941069400867174260e-05 2.085863636644448831e-03 1.303643496718484866e-03 1.076221061202083367e-03 1.326381419592358646e-03 1.317091335477431260e-03 -2.549245279825430085e-04 1.519490722593475800e-03 1.982895363239362344e-03 -1.449971117483433341e-04 7.383283228383345255e-04 6.674776141072243617e-04 2.266730128045097315e-03 6.136894085395897327e-03 3.820175703696597480e-02 -4.419773129697868001e-03 -1.952052672313068366e-02 -6.210809567026508507e-03 2.545159804348325755e-02 -5.895317938116089763e-03 -1.260692579315341247e-02 -6.390524832302698841e-03
0.000000000000000000e+00 0.000000000000000000e+00 0.000000000000000000e+00 0.000000000000000000e+00 7.655804703929415837e-04 4.631617617728361891e-02 3.881395043718777020e-03 4.394307520870842365e-02 5.940229318445478662e-02 3.279084839963133241e-02 1.093027991565907395e-02 -8.778494045558343090e-03 9.211977504258377775e-03 3.829784855754571338e-02 2.089656068871880920e-02 3.157886971576793350e-02 1.261737741700483077e-02 -2.344499030330813444e-02 4.816579324653106134e-03 -6.920457993607261223e-04 2.541472590313644669e-03 -2.440867733515855731e-02 -9.825356143216423463e-03 1.320420942876516276e-04 2.617314507685762279e-02 3.075297285604242786e-02 -4.707847124850251912e-03 -2.269309088961972073e-02 2.947746586236162786e-02 2.607896399338336182e-02 1.065164845581099973e-02 3.037713648166312161e-02 6.773039989584364769e-03 4.161255762049123619e-02 -5.461543030976420124e-04 -7.989218671893179302e-03 -1.365278244260604732e-03 -2.173762768086959576e-02 -2.785644619628891913e-03 1.425214845178500792e-02 2.034147342975177811e-02 -1.972112711774396537e-02 2.418730285103110750e-02 3.069908437418946562e-02 9.869046407221292519e-04 -1.769711987582871238e-02 1.463655513870595068e-03 -7.025957220584817982e-03 1.324526942948757793e-02 6.108497788219792446e-03 -1.159536228611276034e-03 6.956506783459955219e-03 0.000000000000000000e+00 0.000000000000000000e+00 0.000000000000000000e+00 0.000000000000000000e+00 -7.532901675989407513e-03 -6.063578706767767923e-05 -2.523432490034782216e-03 -7.751424335426811791e-04 -1.296617069200587530e-02 -4.445141624781564701e-03 -7.502113973008089822e-04 2.889737662940461069e-03 -1.916022935730751428e-03 -9.003666593033752327e-04 -8.267233986779847638e-03 -1.915575110424493641e-03 8.256392570455448054e-03 -4.463834139119151820e-03 -1.641613581180340932e-03 2.653048797463000014e-03 3.219880581113258693e-03 1.257767572316026948e-03 -1.078093815014623084e-02 -3.192264762764974659e-03 1.226631746705548901e-03 -1.512645927856543296e-03 3.057992373473069573e-03 9.668436988196164308e-04 6.037471243975456141e-03 -4.331314476793118179e-03 1.916963564028932110e-03 2.821353623752185288e-03 -4.552128905746802116e-03 1.733123858387520611e-03 -3.588068023033600448e-03 -1.094797576003526778e-03 -4.174940487861282003e-03 -5.868997955150219263e-03 -7.168790629385809500e-03 -2.380374323377955695e-03 -9.648663936862359423e-05 -2.315554834857285783e-03 -1.360008754310682499e-03 8.885465281225020428e-04 -3.157133949370424623e-03 -4.343848753716489375e-03 -2.251378088339515450e-03 -2.762884312013878449e-03 -1.235959709353417688e-02 -6.284171957941734471e-03 1.308821679614520506e-02 -4.495253951051391555e-03 -4.747929863055314406e-03 -3.104031319583100152e-03 -3.127845248943156211e-03 1.910936563797685853e-03 -4.267625367964353149e-03 1.899617137662913983e-03 1.137523636987429042e-03 -3.244532421268445967e-03 -1.479083370923582391e-03 -1.217646295640195230e-04 -1.180708496196290411e-02 -3.377035295136590967e-03 -5.293090838971602121e-04 -1.396427336135641888e-03 -9.151630837047179407e-04 -7.822811012707641407e-04 -1.434710449807417507e-03 -2.039099308505016618e-03 -8.805604630263241632e-04 -1.287818426638045457e-03 -8.414496528506563641e-03 -1.896686905259095191e-03 -3.373031955112633807e-04 -7.795328259452746203e-04 -3.072711158761600326e-03 9.759993722579843843e-04 -7.489730404125388707e-02 -4.989035871019899607e-03 2.745497225634605659e-02 -4.149528509209839643e-03 -4.555561029147030261e-02 -2.460634714590664157e-03 2.215883907597770985e-02 -1.964750024856091060e-03
0.000000000000000000e+00 0.000000000000000000e+00 0.000000000000000000e+00 0.000000000000000000e+00 1.439501314428162692e-03 3.881395043718888042e-03 4.884400229122775119e-03 -7.812693745142098092e-04 1.671267352164013467e-02 7.045917938300117790e-04 -1.828135134750717141e-03 6.459754702580033491e-04 1.835993123900434140e-03 1.816166097784033826e-03 2.402084560977510615e-03 2.282155215651220093e-03 -4.372866654993193790e-03 -8.285728362545833432e-04 7.884248744895719710e-03 -5.868798202458511484e-03 9.257639085881003930e-04 2.156131126773213388e-03 5.974838940753094026e-03 3.358599215885582179e-04 7.592716504492954578e-03 5.072932576938517409e-04 1.902622292197937368e-03 1.321191795366076158e-02 1.312208610890884530e-02 1.167806672967209919e-03 1.748162671517844088e-03 2.308774178760132168e-04 1.514761777648912381e-03 9.198865744657423044e-04 -1.112270995144087199e-03 -4.282442755497805720e-04 7.207979364993905317e-04 1.489455792614949575e-03 -8.952840939652302252e-04 -6.215500605118089855e-03 -2.032224678115921715e-04 2.824163234890912037e-03 1.355602373093978130e-02 9.665323815293052007e-04 -5.449296772483260638e-05 3.156042023487389079e-03 -2.206204128959339539e-03 1.156688511112751198e-03 1.005687766072094387e-04 -2.302950396028013123e-03 2.753772959890690865e-05 -1.024088678779308407e-03 0.000000000000000000e+00 0.000000000000000000e+00 0.000000000000000000e+00 0.000000000000000000e+00 -3.478644026274806469e-04 -9.215689257779964691e-04 1.107783948399099910e-03 2.395759451569108621e-04 4.082134919824451265e-03 2.939330622602342059e-04 -1.370982659802835279e-04 -7.845794824097101442e-04 9.804113021286582890e-04 3.880235036625867567e-05 1.913746168067618873e-03 -6.579705196097158405e-04 -2.413939464320049352e-03 6.352245998917318724e-04 2.085940568766446587e-04 -3.644690081948709663e-04 -7.721147006168473754e-04 -1.032302416125342216e-03 2.127438275893333078e-03 -1.334777374858713180e-04 -1.583151198237402223e-05 2.802078536101935361e-03 -9.443583587843077786e-04 -2.474146356308024952e-04 -1.977207370487103592e-03 4.735043584128477119e-04 -3.011790976499715482e-04 -5.728404437487346137e-04 8.076281735448606787e-04 -9.711635257055660324e-04 1.071880526778740302e-03 -6.025564634805531672e-04 7.368392447432251273e-04 2.421093392494634642e-04 1.659212988528052353e-03 -4.092238129564896784e-04 4.594956415130061053e-04 5.614590834997189046e-04 4.118296063267867422e-04 -1.163683607574117311e-04 5.938359844145805816e-04 -2.119194233751423191e-04 2.655168639272017335e-04 -4.872803646225736538e-04 3.997694845944800741e-03 -4.219881305881148514e-05 -2.483478939335611365e-03 3.198421865996933788e-03 1.374736988509548188e-03 -9.849633116182352800e-04 8.723276482595031505e-04 -5.946706533819379062e-06 1.216850547267803347e-03 1.823098915923192535e-04 -3.888257789076376937e-04 2.384271971626857837e-03 4.622575695268403367e-04 1.150156744786683984e-03 2.832254164766133224e-03 -3.634851933309097465e-04 -3.565761574023695087e-04 1.250385037828023824e-03 6.369273447764433119e-04 8.279809769730388973e-04 8.524676684915056223e-04 1.213638398654744372e-03 -2.374583764007126433e-04 1.243028153658114199e-03 1.776203406726457488e-03 -5.275526961608976257e-04 7.958377607897111541e-04 3.884302354961767512e-04 2.349111759690392705e-03 5.155026821590658406e-03 3.937968894781128382e-02 -4.425228959225568567e-03 -1.782588968489209197e-02 -5.921902735785959659e-03 2.535232286413364663e-02 -5.515909950188249526e-03 -1.215311381181859510e-02 -5.763502705541654822e-03
0.000000000000000000e+00 0.000000000000000000e+00 0.000000000000000000e+00 0.000000000000000000e+00 1.315610460627766225e-03 4.394307520872590966e-02 -7.812693745154273683e-04 3.985559714504578466e-01 1.099825119843490656e-01 5.995041725677552336e-02 -1.462388165345472092e-02 -1.096710862372660567e-03 1.197020641386586058e-02 4.247391367316488697e-02 1.572105702123367116e-02 4.383133871064236187e-02 -3.666003081413152925e-02 9.827687134018987802e-02 8.094407730339792106e-02 -1.656490489392811738e-02 2.368860837279508982e-02 5.168564605908346210e-02 3.798649240592101572e-02 1.818890742170603536e-02 4.076214491844992044e-02 4.272924834168435188e-02 9.004488329158984519e-03 1.406211397946074415e-01 4.884663449468903962e-02 6.603650761517372569e-02 1.587332789666646982e-02 5.142094365640900722e-02 1.272964150037350292e-02 5.601164127014150729e-02 -4.047474224808583765e-02 1.163626803791834551e-02 -4.804394145253675433e-03 -2.877966633404888900e-03 -1.590966372114567540e-02 -3.243215099734204215e-02 3.310262812842994229e-02 7.476402667706957481e-03 -1.908884527135962239e-02 3.295118233092662191e-02 3.762401865463241724e-03 -1.817833644645600738e-02 1.942735066445714850e-02 -6.185134702098056547e-02 3.867049688861470824e-02 3.569929154266493487e-02 -4.665724889674557549e-03 1.532392026144251953e-03 0.000000000000000000e+00 0.000000000000000000e+00 0.000000000000000000e+00 0.000000000000000000e+00 -1.744392464291771860e-02 4.874234978528920619e-04 2.972137498703450627e-03 -1.371742145439119745e-03 -1.263094885753758383e-02 -1.318782065542631115e-03 8.073058023412324306e-04 -1.672068496495329303e-03 2.725655963468350245e-03 1.723748743872182158e-03 -1.119398623066582797e-02 -9.238852301878302392e-03 7.130443922779821503e-03 6.866030548592196373e-04 6.778207317065286855e-04 -8.351673610276572545e-04 -1.508985040580431390e-03 -3.793875213069558897e-03 -1.566112729224302877e-02 -3.035819872647619461e-03 6.773364517344842997e-04 2.671858886082551995e-02 -5.896482106251545521e-03 -2.806750001968962537e-03 7.454577200110586513e-03 1.159398368584287509e-03 -8.372569083913482886e-05 -1.678593983539525356e-03 7.794507000314318014e-04 -3.052645302225952696e-03 -5.575478460316959060e-03 -8.355890955346015336e-03 4.297884483059942820e-03 2.355433413276733241e-03 -9.416097899400835067e-03 -1.031941832591712349e-03 6.671227333191987949e-03 4.445355504872301744e-03 2.270431236044649376e-03 -8.922333397681132122e-03 -2.937951503232824179e-03 -1.131947635736651331e-02 -2.229106523581534261e-03 -1.694770197249657537e-02 -1.839416014505829665e-03 -6.159947791919312063e-03 8.502310156067669975e-03 1.320629902144770246e-02 -2.168324637186061846e-03 -7.915209777664944032e-03 -6.782195164776183560e-03 -1.164152636361510257e-03 -4.934013851118482230e-03 9.229432471522275739e-04 -9.923698450261357606e-04 8.726256761494530570e-03 -1.522442989531820785e-03 3.394665729467526150e-04 -8.085448618494358447e-03 -5.796820375188800438e-03 -4.385435441919932967e-03 1.090625159422447220e-02 1.291160073329839343e-03 2.076304507949408400e-03 6.740310966662795391e-04 7.030439878590899992e-03 5.922254111441474164e-04 5.363524609845594752e-03 -9.344431662355589044e-03 -4.713401855620762484e-03 2.765711249971749153e-03 3.026132839241797538e-03 6.491773702672765621e-03 3.440786171170065466e-02 4.211010245066874186e-02 -3.258742242058879079e-02 -4.359630940754269379e-02 -4.119769109320039341e-02 3.665480249262464962e-02 -3.585541153721059915e-02 -2.051875308124030337e-02 -3.485606644794377040e-02
0.000000000000000000e+00 0.000000000000000000e+00 0.000000000000000000e+00 0.000000000000000000e+00 2.343865524126546168e-02 5.940229318446572232e-02 1.671267352164104714e-02 1.099825119843583082e-01 3.466352763571088347e-01 2.791742940269262979e-02 -4.644782995301208195e-02 9.553566539249916736e-03 3.311560794405458280e-02 5.491141790072449035e-03 6.157374196554196016e-02 4.541359600346626252e-02 -6.760948747363111633e-02 1.240099211207371238e-01 1.085674472036238236e-01 -7.896872103790521236e-02 -2.289124565080800314e-03 6.447705578185686237e-02 7.166371831433997197e-02 1.979276828763214605e-02 1.297483522286420610e-01 2.627385633727518169e-02 1.882933234074754200e-02 3.132468928515643181e-01 2.363253899924819268e-01 5.790477842932613417e-02 4.006058427859499754e-02 2.497182313962552358e-02 3.071502579860284354e-02 2.747802568447206203e-02 -5.278757922914931178e-02 1.419045512028566623e-02 6.905484341199027293e-03 1.410333859620701430e-02 -2.847413687813168254e-02 -7.758175840250468303e-02 1.675212363773386642e-02 4.648796260606741920e-02 7.725689736721491618e-02 1.834996849834307983e-02 -2.105440869644949024e-03 -2.758793666410003231e-02 2.780608175511410304e-02 -5.722289018075171069e-02 4.935114703130823177e-02 -1.251155107036588249e-02 -8.162764542889713523e-03 1.338848080489116882e-02 0.000000000000000000e+00 0.000000000000000000e+00 0.000000000000000000e+00 0.000000000000000000e+00 -2.285398320095391109e-02 -8.468019659437006977e-03 2.206058793000208532e-02 3.110378858424363291e-03 2.197288969854421098e-02 1.032514361411044669e-02 3.847960600858851051e-03 -1.063963685286756049e-02 1.347885605413881062e-02 2.978304402866233189e-03 9.623433011073314822e-03 -8.869703990534182070e-03 -2.104233958057232998e-02 1.489105774097658832e-02 5.354228199054893167e-03 -7.990340355488543406e-03 -1.405386845492283439e-02 -1.448912859313440139e-02 1.248018219511599913e-02 3.562161623870897104e-03 -1.204196544919819596e-03 6.197570896630918286e-02 -1.786195594461699454e-02 -7.198945037441995681e-03 -1.433360685786910782e-02 1.338003262635291402e-02 -5.448960317708043122e-03 -1.218016273723769756e-02 1.463624336525986766e-02 -1.424241087838123976e-02 1.311627479184667962e-03 -9.877542135782117760e-03 2.515531574452420371e-02 1.015089917090733658e-02 4.870460276738321562e-03 5.524622297051924591e-04 1.819236658495974879e-02 2.529544401754056301e-02 3.647381016459727999e-03 -7.188182695728816129e-03 8.225976623290642484e-03 -9.847852463909940665e-03 2.244783712400579695e-04 -2.865388887863387982e-02 4.155510446000300340e-02 1.150398498138996070e-02 -1.800207706159680579e-02 3.262142358220091604e-02 6.322622841877800076e-03 -1.140582883049545346e-02 1.173483839785418280e-02 2.894835174064006814e-03 1.804265893748015215e-02 3.712352783425262523e-03 -7.424493826534589794e-03 3.144005731552811100e-02 7.544341677053448443e-03 2.042322754983284111e-02 8.601128400435413546e-03 -8.828898025238195169e-04 -1.370300275359315721e-03 2.843947248147744855e-02 1.581624440157668871e-02 1.247402575376191890e-02 1.518028237276242490e-02 1.766367400355515691e-02 -3.360213441741371695e-03 1.830904896071551199e-02 1.219408351357571807e-02 -3.108655401537428406e-03 9.058989425310843766e-03 1.089194166231123584e-02 2.745578081835292270e-02 8.272188932993095045e-02 4.111593692936145183e-01 -6.418497251891258637e-02 -2.249377893283289742e-01 -8.536515424479255987e-02 2.703783068273943324e-01 -7.724891437818492967e-02 -1.392562598014219777e-01 -8.481608651861716197e-02
0.000000000000000000e+00 0.000000000000000000e+00 0.000000000000000000e+00 0.000000000000000000e+00 -3.536689303152862167e-03 3.279084839963103404e-02 7.045917938297608946e-04 5.995041725675769040e-02 2.791742940268344617e-02 4.396174472419565882e-02 6.834912712356599335e-03 -1.046758504756063225e-02 5.062052201738586818e-03 4.061374773176164299e-02 8.467162276668778464e-03 3.719051266001485029e-02 9.288789185050839656e-03 -8.971151576502181188e-03 1.219620296955787296e-02 2.658890579671645445e-03 8.501962754668910757e-03 -1.436821920999572198e-02 -6.514751502411228121e-03 3.371521216529916112e-03 9.221985544638924490e-03 3.995860434679335271e-02 -4.828337692227040699e-03 -2.058052528532170952e-02 5.206532996244674256e-04 4.205677046127719032e-02 5.564998920292370775e-03 4.201981038647461392e-02 3.999414671740429521e-03 4.937359136613934246e-02 -3.397946273923312631e-03 -2.266930870310666750e-03 -1.035829683730515611e-03 -2.611179524642506106e-02 -3.442917856579517152e-03 2.065250243745696962e-02 1.868117378299265219e-02 -1.876835782743453349e-02 -1.807373324943414503e-02 4.088779455651572747e-02 8.213759884806478683e-04 -2.995915416976110621e-02 7.858151873182978031e-03 -1.633003164077539288e-02 1.534606623468878425e-02 6.445408344773004110e-03 -1.764411870830358145e-03 7.476803864718228193e-03 0.000000000000000000e+00 0.000000000000000000e+00 0.000000000000000000e+00 0.000000000000000000e+00 -4.745772880951766061e-03 2.452566726271301119e-03 -3.352057082482602646e-03 -2.596359447772930620e-03 -1.386848014304859281e-02 -4.832864331047990319e-03 -1.138399909018522355e-03 4.146401883652887921e-03 -3.490959144442487127e-03 -8.924853489280740876e-04 -7.792356674174646947e-03 -9.232400360021939326e-04 8.837792871868293404e-03 -5.878972554355689495e-03 -1.330404539252646751e-03 3.166448746856998214e-03 3.998385243752086357e-03 3.374359165883056809e-03 -9.374453281158800708e-03 -3.945609381403214662e-03 9.924343997072769801e-04 -7.299038141992021320e-03 4.459300377234219799e-03 1.133309606091302676e-03 6.562876001058194804e-03 -5.657804393906368245e-03 2.067544362595313302e-03 4.102154697382565975e-03 -5.904544568546151416e-03 3.320365709320338178e-03 -3.211234468149757985e-03 -6.934706820259065214e-04 -5.282442728000050908e-03 -3.957659092768513881e-03 -8.024859440365659374e-03 -1.385369199784191154e-03 -4.212370073137602531e-04 -4.059903851145955922e-03 -1.860115472489436757e-03 8.274157469605514280e-04 -4.237488420798201164e-03 -4.862635034387347704e-03 -3.133839698289944339e-03 -1.354486439091917354e-03 -1.506854954355094610e-02 -4.928331098231291361e-03 1.473486973726301739e-02 -1.041552688511607379e-02 -5.228243300910669251e-03 -1.095371420335599809e-03 -3.178441029024723762e-03 1.633587013242762285e-03 -5.036266561419318333e-03 1.011733299955997010e-03 1.685163650739187301e-03 -7.238861289797622611e-03 -1.607929244794835573e-03 -2.036694968197920626e-03 -1.324205956613142172e-02 -2.525034787790213925e-03 1.100268497148860873e-03 -4.476756951439956472e-03 -1.449922224732755381e-03 -2.357735238781296511e-03 -2.910179777016635647e-03 -4.323760160297578439e-03 -7.053307451568392250e-04 -3.679631902938121021e-03 -8.668912259185345900e-03 -1.191052083781167070e-03 -6.679187259436046922e-04 -1.972748377575961679e-03 -9.403849509930404041e-03 -1.293373761011802105e-02 -1.574305422168448265e-01 7.332106163424740447e-03 6.574175024873252227e-02 1.137757632702487975e-02 -9.950967645966969644e-02 1.126048395094148176e-02 4.781156372087413259e-02 1.299227920887892698e-02
0.000000000000000000e+00 0.000000000000000000e+00 0.000000000000000000e+00 0.000000000000000000e+00 -4.147477503135181195e-03 1.093027991565033441e-02 -1.828135134750587037e-03 -1.462388165347240296e-02 -4.644782995302629280e-02 6.834912712347400096e-03 3.566054617838140817e-02 -1.746313740868353850e-02 -3.226469747039601766e-04 2.527330175525901654e-02 7.811355777381588650e-03 -2.051379977787579079e-03 4.312563373589070603e-02 -7.561247656291472663e-02 -4.250867966802093778e-02 3.036148090204780076e-02 -4.887899971500169610e-03 -5.784937747300940986e-02 -3.892646958852837707e-02 -7.953880987198513886e-03 -1.013040769413256666e-02 6.811092551742062122e-03 -1.533523312634065688e-02 -1.745730831878509193e-01 -3.043982003465794950e-02 -1.349639621112817475e-02 -4.953992763006741717e-04 1.221001804641915107e-02 -3.264250914686721988e-03 1.461617095749389618e-02 2.665788829735254994e-02 -2.262782144511076010e-02 -5.160317024000767722e-03 -2.653993188642288573e-02 1.240672428692952967e-02 4.314170889882427973e-02 7.571447649367577318e-03 -4.063853588740722750e-02 1.667953436447929330e-02 1.978949818409134198e-02 4.802154792963355887e-03 6.595547466845161702e-03 -9.693550717023241559e-03 1.130925121722955659e-02 -1.066697909534073535e-02 -4.717584648106110806e-03 1.957198393788460011e-03 -1.211221122148851970e-02 0.000000000000000000e+00 0.000000000000000000e+00 0.000000000000000000e+00 0.000000000000000000e+00 6.348844272511210834e-03 3.728527522561836394e-03 -1.178255261614011284e-02 1.489355084130930236e-03 -2.129503496579157260e-02 -4.071296294235754107e-03 -1.222062845517673992e-03 7.243203390083387608e-03 -8.270002244046519360e-03 -2.918875413311282363e-03 -1.057048464408482692e-02 6.145009848821051529e-03 1.505959013349315867e-02 -5.752672391774194156e-03 -3.663166432402276129e-03 5.999176158060641993e-03 7.527973362312141530e-03 9.101029888727954140e-03 -1.228842316669574025e-02 1.417424316153193063e-03 1.710384740749726655e-03 -3.208002221844352686e-02 1.126445827893043407e-02 4.732091709908313459e-03 1.142350877731189256e-02 -5.222231481469517822e-03 4.209727454042988884e-03 8.210397207937925046e-03 -8.664936364601302093e-03 8.679609015875992817e-03 -4.300268096657048136e-03 7.005741544187916309e-03 -1.267495154157324659e-02 -1.249652178510640178e-02 -8.475140252631709753e-03 1.022023327963157875e-03 -6.509039174079048369e-03 -9.705782048158318950e-03 -3.062592388645952492e-03 4.581950731459098584e-03 -5.688865367193110534e-03 2.278730714170985883e-03 -3.770512998892591207e-03 1.116252947539550511e-02 -2.963581622556170012e-02 -1.912939093751077433e-03 1.754769027382624066e-02 -2.805195207312798783e-02 -6.344777555703016818e-03 5.334797688197109172e-03 -7.549077042065690732e-03 3.014111254484238243e-03 -1.140281435454479353e-02 1.399166394460955301e-03 3.989121756816893863e-03 -1.790168166555097806e-02 -4.827052033359180080e-03 -6.497453968403862565e-03 -1.295275329192823940e-02 1.923397410350200952e-03 1.085553498716225387e-03 -1.244030725368946988e-02 -6.997793118954791745e-03 -5.761911301460215934e-03 -7.038950465138741307e-03 -1.078084612474346053e-02 1.160154852899008410e-03 -8.986176994150231120e-03 -1.101765098469109638e-02 3.403343038671383450e-03 -5.023556236700278503e-03 -3.435717190906608688e-03 -1.107899701390000977e-02 -2.997475075110861767e-02 -1.914628725154639000e-01 2.332126670497600834e-02 1.002021860234946771e-01 3.348672416991600731e-02 -1.252908427860876528e-01 3.147157405117622514e-02 6.532427874211030328e-02 3.421730877756249539e-02
0.000000000000000000e+00 0.000000000000000000e+00 0.000000000000000000e+00 0.000000000000000000e+00 9.463668211901023804e-04 -8.778494045553444231e-03 6.459754702580210216e-04 -1.096710862364910256e-03 9.553566539257388190e-03 -1.046758504755478103e-02 -1.746313740868423239e-02 1.907952233447884546e-02 -1.305255246276129004e-03 -1.452564987157951328e-02 -6.066283730615158222e-03 3.217928910469335015e-04 -2.109285556631866274e-02 3.693929719265778150e-02 1.665715801880727695e-02 -1.772832113754282610e-02 -2.915714152570871975e-04 2.765884938402211543e-02 1.684623019371709468e-02 7.529897719855440904e-04 1.283480203610503929e-03 -9.417201833444742085e-03 8.314887181253890341e-03 1.017911592389268011e-01 8.554178158601266624e-03 -2.900983037173743458e-03 -1.917835409358127153e-03 -1.623614610503476205e-02 5.584377506132789503e-04 -1.219221118849092740e-02 -1.373328095798573116e-02 1.071573811619517050e-02 2.281054037051990190e-03 1.593130330321569990e-02 -8.251403708264319625e-03 -2.558557204363758053e-02 -2.658394289134591824e-03 2.569651208319216618e-02 -1.793474804940274354e-03 -1.923920102534424498e-02 -5.082836596594171932e-03 3.424791885869282824e-03 1.004814762891180708e-03 4.203161521434554786e-03 1.965972273618633685e-03 4.872787533280614064e-03 -1.185451142926083340e-04 8.908963534085314814e-03 0.000000000000000000e+00 0.000000000000000000e+00 0.000000000000000000e+00 0.000000000000000000e+00 -9.306611426213048585e-03 -2.569317690468187181e-03 3.755835946792478088e-03 -1.188942085904539248e-03 -2.473483226463899128e-03 9.237407241465122199e-04 1.245025894021198516e-03 -6.111220508948882711e-03 4.709183672810545590e-03 2.161471808310787539e-03 -3.065435186943016223e-03 -5.609526442457061536e-03 1.631320221438755259e-03 1.709122015621435554e-03 1.888474562024308615e-03 -5.107621338458135339e-03 -3.403182509213609035e-03 -5.544335462581349155e-03 -6.705885511361457489e-03 -1.440227706806033927e-03 -9.240511342861272006e-04 2.373884059733267701e-02 -7.461764932059165162e-03 -3.475109681626382604e-03 2.633449504027955169e-03 2.149723111735367571e-03 -2.594442571410053577e-03 -6.878751900931740458e-03 4.508732246140883387e-03 -5.608052474366074722e-03 -2.525745219967578687e-03 -4.872009379836179932e-03 5.967014458476582739e-03 7.989804492575089748e-03 -6.682983670114376294e-04 -1.836892992228793178e-03 2.000850278369962695e-03 4.477572726384305979e-03 2.933126370470427648e-03 -2.703784473852755520e-03 2.729878115036259850e-03 -1.296771629940627387e-03 2.611057467215883998e-03 -7.908392120081287127e-03 8.967144917712631391e-03 -7.952595462821506617e-03 -7.140036496558737483e-03 2.491711342517874753e-02 -9.425500289481361042e-04 -4.618727062524183302e-03 -4.823284610475358364e-05 -3.459626711393337835e-03 2.671539600621183116e-03 -1.760291037087466110e-03 -2.248357698748940092e-03 8.920298816258945968e-03 9.491698204667537060e-04 1.340626424471857113e-03 -2.089074616553579684e-04 -3.658854235307588965e-03 -3.344827867096529430e-03 6.062126505617119500e-03 1.635627282565114927e-03 2.264106988191191307e-03 3.229514313716345605e-03 7.690365638357468669e-03 1.113149026978122120e-03 4.667203505403358897e-03 -7.238642196339168007e-04 -3.452668310166756311e-03 6.880099616196435112e-05 2.751708440495505368e-03 7.840231301692481350e-03 2.118435603225796854e-02 8.907375583675467001e-02 -1.998695347251095919e-02 -5.044514934340852547e-02 -2.289714785628360269e-02 5.942246698706721286e-02 -2.244264806165822274e-02 -3.448420741052567878e-02 -2.570167857211302226e-02
0.000000000000000000e+00 0.000000000000000000e+00 0.000000000000000000e+00 0.000000000000000000e+00 2.023967530748915951e-03 9.211977504258743801e-03 1.835993123900515238e-03 1.197020641386366963e-02 3.311560794405168234e-02 5.062052201738809730e-03 -3.226469747015905986e-04 -1.305255246277453466e-03 3.979636276668473659e-03 4.824252249282662448e-03 8.221747560556444748e-03 5.939838769198529760e-03 -1.646667200217900081e-03 2.951642933314225798e-03 6.663219351235327888e-03 -5.395476648488798863e-03 -1.069008710414635736e-03 -1.418958536012058635e-03 2.728556672747968481e-03 5.583728724057294849e-04 1.351031493751303665e-02 4.430916762278407951e-03 -1.821218600811455590e-04 1.244632521176547088e-02 2.173510829988292703e-02 5.377272498956644012e-03 4.553023765353421924e-03 5.370472813051972369e-03 3.113968465458000212e-03 6.069709178330934610e-03 -2.078726518246314710e-03 -1.545117764879919749e-03 2.085028703839548006e-04 -2.916239440832143950e-03 -1.415963596726474340e-03 -3.297958325696656416e-03 3.762039915434119142e-03 -5.633809633417857267e-04 1.281313123789865407e-02 5.371009344277944200e-03 4.054937461241682971e-04 -1.687466109920505520e-03 1.667917941030998665e-03 -4.492520530739878108e-03 4.062498466892722725e-03 -1.218200733911872910e-03 -5.130243717233803208e-04 -4.058313253035416429e-06 0.000000000000000000e+00 0.000000000000000000e+00 0.000000000000000000e+00 0.000000000000000000e+00 -2.014968057908353254e-03 -3.446981917125528953e-04 4.646430482340931957e-04 1.286807841127698797e-04 -1.074401064787564638e-03 -1.285220990991875695e-04 3.837387654389328904e-05 -2.063906243922125020e-05 1.707889346532062355e-04 -7.291463614647909481e-05 -9.254264255313382741e-04 -6.268120852211845218e-04 4.081533852572796035e-04 -5.316020750752408885e-05 -8.788188731148797810e-05 7.862122026792360248e-05 -1.162280450403073526e-04 -2.498561795483628459e-04 -1.061022471886914099e-03 -1.427265084395073222e-04 1.339873219255894199e-04 1.996594908434856826e-03 -1.327797915877412891e-04 -3.591442699783621378e-05 4.332850641502496701e-04 -5.345811983617390455e-05 7.278702867431267290e-05 -5.366716807387217521e-05 -1.909592556958854845e-05 -2.437118801225268585e-04 -4.317548118118844395e-04 -4.253128072412323650e-04 1.836550380267577842e-04 -6.618841700147979831e-04 -8.790482245310646432e-04 -3.542636088695477227e-04 7.164442338523555574e-04 8.701004124871195011e-04 -4.812451106010469208e-05 -1.449229815952413612e-04 -1.870554630098099531e-04 -9.185342583540565030e-04 -5.037875698369242896e-04 -1.404501948330740598e-03 -3.079221532701023091e-04 -5.082392225597293913e-04 1.252041181293074915e-03 3.682792325093290123e-04 -4.950658331984273981e-04 -9.170141230681412483e-04 6.098527640505590694e-05 5.618347161473583084e-04 5.622417175991326760e-05 5.409507222832203241e-04 -1.758040580410664727e-04 5.761973820896154532e-04 7.254291977996148860e-05 9.308724413264736442e-04 -1.587855440923131552e-03 -4.872012535725795865e-04 -4.718150382998997049e-05 9.091109715353343614e-04 5.007468306071354187e-04 3.781113844189476687e-04 5.514488214996965659e-04 3.384244904538949829e-04 -2.688053813659578551e-04 5.243836544147213166e-04 -7.218826889780947074e-04 -3.381162316565091471e-04 2.318981553349030024e-04 3.691570585295951817e-04 7.787473694914573853e-04 4.006365370103750177e-03 7.231561668667417508e-03 -3.781818665049921976e-03 -5.939153564417504888e-03 -4.261993247939414170e-03 5.279034466236917286e-03 -3.767854879277113093e-03 -2.887368306541044684e-03 -4.314480603818327681e-03
0.000000000000000000e+00 0.000000000000000000e+00 0.000000000000000000e+00 0.000000000000000000e+00 -5.653383741319169785e-03 3.829784855754081452e-02 1.816166097783929742e-03 4.247391367314005961e-02 5.491141790057305766e-03 4.061374773175855518e-02 2.527330175526657299e-02 -1.452564987158392294e-02 4.824252249281239108e-03 5.668271894275964118e-02 1.514343131336804565e-02 3.631751343923804443e-02 3.523687810122987790e-02 -5.563297433436859007e-02 -1.645567692418157049e-02 1.493243738096804163e-02 3.149183948732446180e-03 -5.008789182654612565e-02 -2.916091289111288551e-02 -3.662382772164558906e-03 7.218102915372517046e-03 4.016997313336533731e-02 -9.860064488569422747e-03 -1.044948375168681109e-01 -8.429494340202171171e-03 2.562248559722498514e-02 5.648794104859158199e-03 3.638964223679871240e-02 2.119176701082767320e-03 5.208059098010978105e-02 1.162756218180926310e-02 -1.377376697936456666e-02 -3.794707854944426480e-03 -2.932008829340140843e-02 1.705658439687900325e-03 3.974945448086192323e-02 1.837896500289025806e-02 -3.645933087826011554e-02 8.619525937897477841e-03 4.341477251507341178e-02 1.422757451079328158e-03 -1.490257245195380359e-02 -4.956249192174757255e-03 3.080645041889017123e-04 6.746347706306173898e-03 8.147289638415905477e-04 -2.413641608224012286e-04 3.405149268542690365e-03 0.000000000000000000e+00 0.000000000000000000e+00 0.000000000000000000e+00 0.000000000000000000e+00 -3.996461526514932111e-03 9.380870888326792688e-04 -7.790952261618173599e-03 -8.171440189618715778e-04 -1.906606191552722221e-02 -6.788430891458330577e-03 -1.976173321190101331e-03 5.385996189322746382e-03 -4.924913513180893994e-03 -3.254240246611481060e-03 -1.014718068882780426e-02 -4.561909720122698077e-04 1.360892279448622406e-02 -7.788379162892240283e-03 -3.026077190366362711e-03 5.612907692176206421e-03 6.691559327285331350e-03 5.045794315250979982e-03 -1.442140185080791406e-02 -4.160800335862240018e-03 1.920983566555271036e-03 -1.468806133247506536e-02 7.624102373405593561e-03 3.329502099869818387e-03 9.985236792803163161e-03 -7.545706733926720727e-03 3.926247292204147928e-03 6.583876299279901000e-03 -8.836965640413573311e-03 5.461657021456995872e-03 -4.225901365114320511e-03 1.160342256982021788e-03 -1.004759880394937195e-02 -1.188461673357751359e-02 -9.484944688000779972e-03 -2.604369962990521134e-03 -3.303095201595049064e-03 -7.579951462258031035e-03 -2.415906710968126602e-03 3.692254573280464615e-03 -6.133920045878216327e-03 -4.359438305279872763e-03 -3.211419847897277642e-03 2.815286122796445932e-03 -2.313769842087057618e-02 -8.273332119956778447e-03 2.007392312181309826e-02 -1.446118684171274898e-02 -6.193070164476712804e-03 -2.133861781334924629e-03 -6.727850092722621744e-03 3.180286528210060377e-03 -9.213838872207339575e-03 2.669030942098591166e-03 2.544048420077755276e-03 -1.001552054542949148e-02 -3.531885456045192728e-03 -2.905556350844161993e-03 -1.471430510865170613e-02 -3.581994915414235970e-03 -6.369894996844989877e-04 -5.940951028317210426e-03 -3.766951582127554647e-03 -2.947419265257615086e-03 -4.369744211359313790e-03 -5.754445402909182973e-03 -3.599094207839742326e-04 -4.614465553845376565e-03 -1.257131541368665742e-02 -1.470513618857194988e-03 -1.470214416473617598e-03 -2.351260930666107096e-03 -6.522457722647916067e-03 -1.314820254750596364e-02 -1.345025686941722087e-01 5.757233100519391911e-03 6.215486019756882863e-02 1.046193428594482597e-02 -8.684436613219806422e-02 1.100942914237455598e-02 4.469696075797730678e-02 1.330268249794317945e-02
0.000000000000000000e+00 0.000000000000000000e+00 0.000000000000000000e+00 0.000000000000000000e+00 3.129223123520290771e-03 2.089656068872107475e-02 2.402084560978551882e-03 1.572105702122921639e-02 6.157374196554637330e-02 8.467162276668998774e-03 7.811355777383207147e-03 -6.066283730614786124e-03 8.221747560557332926e-03 1.514343131337107622e-02 3.746596324529186811e-02 1.544227364532225165e-02 1.760283758164150544e-02 -2.309752056476533158e-02 -3.961560789144900202e-02 -1.014416226046842978e-02 -1.611942726633027595e-02 -2.837817936925728438e-02 -4.318667057055257386e-02 -7.798548351449772695e-03 2.738859306445752886e-02 9.290737663024975501e-03 -3.827057696430291936e-03 -1.289584559422612270e-02 4.216622071759011658e-02 3.598982169505089354e-03 1.095945230831164678e-02 6.602439183429651554e-03 6.282564944513139606e-03 1.395125450092236409e-02 -2.720757421749619900e-03 -1.360233230570860943e-02 8.698152113477814178e-04 -1.637123687197967331e-02 -1.849447105208380359e-03 4.681240534686090249e-03 1.915826422052054057e-02 -1.791949556363995472e-02 3.161028817031896060e-02 -7.430408470755648980e-04 1.574217221367764114e-03 2.845774882960462604e-02 -3.391889318631654410e-03 8.748407623282800083e-03 9.062066951634754203e-03 8.030323154436896232e-03 -7.602961626705481875e-04 -1.206915646388582661e-03 0.000000000000000000e+00 0.000000000000000000e+00 0.000000000000000000e+00 0.000000000000000000e+00 -5.028327690274951751e-03 -2.283896833949501789e-04 -2.865711040961143284e-04 4.124739829908601572e-04 -6.964567815775785098e-03 -6.103930593267290578e-04 3.229672690189916667e-04 4.387413231538218232e-04 -2.288610258642445735e-04 -1.025838060465109752e-03 -4.912112066751554533e-03 -1.045184085439438294e-03 3.621120837345341743e-03 -7.149796611166684898e-04 -7.166154163642699752e-04 6.313175337189743438e-04 8.169709836912078960e-04 1.486645613884996636e-04 -5.319988194897892417e-03 1.332580602440335341e-04 6.103673018734509384e-04 1.568989142443484759e-03 6.304626701878709473e-04 -4.040548686713057221e-04 3.376384652688288468e-03 -5.633133157227198512e-04 6.438955316992497468e-04 5.353101412938993196e-04 -1.015860420065291952e-03 1.109552198980772158e-04 -2.219209126326449500e-03 -2.102004882055148738e-04 -5.814141069962390582e-04 -3.776717099427613026e-03 -3.176760586408797649e-03 -1.160516265465083834e-03 4.602528605988217766e-04 1.493388370215045259e-03 -3.799656672470005567e-04 1.608520332978980328e-04 -7.675591177316701307e-04 -2.385204153115101037e-03 -9.894021968547192774e-04 -1.018247874917677272e-03 -4.498314050649858224e-03 -1.044611408983571813e-03 5.213997105937315940e-03 -3.121907853771957800e-03 -2.534901316719840453e-03 -2.532341700551628012e-03 -8.699356692471781408e-04 2.358141895242043054e-03 -7.952609277056968753e-04 1.824285249354407057e-03 -5.049991462245603541e-04 5.191855212768057073e-05 -3.197848537484703976e-04 2.163917191216446767e-03 -6.726190484908871683e-03 -1.434458891757265254e-03 -2.487016301466588551e-04 1.220447702810039704e-03 6.498151601237100658e-04 6.163127982907374864e-04 1.277015137835947351e-03 -2.148626995947917288e-04 -1.004314337754956240e-03 6.569670104150889846e-04 -3.686768591215684038e-03 -5.383280363915610156e-04 -1.650781696275706507e-04 3.652369365819481840e-04 8.846626454429703731e-04 7.139937318536312624e-03 -4.464402951771598294e-03 -7.252038794256803270e-03 -4.717364432003108565e-03 -8.084814514086303971e-03 1.407457238007212008e-03 -6.504186619663255078e-03 3.387849384011085152e-04 -6.437776716736860923e-03
0.000000000000000000e+00 0.000000000000000000e+00 0.000000000000000000e+00 0.000000000000000000e+00 -2.983093872551888844e-03 3.157886971577453239e-02 2.282155215651786046e-03 4.383133871062817183e-02 4.541359600346692865e-02 3.719051266001944384e-02 -2.051379977776118628e-03 3.217928910396066801e-04 5.939838769200269687e-03 3.631751343924823766e-02 1.544227364532385453e-02 7.873816206734289558e-02 2.370965826453625639e-03 -2.080929510620808942e-02 2.642817195081669131e-03 -4.464790254868862551e-02 4.493730584792756354e-03 -4.306065982516914942e-02 -1.937746961838061888e-02 -4.120269896862116532e-02 1.616705718150773449e-02 3.885678943371504573e-02 -4.653445626849252062e-04 4.284172150442859539e-02 1.168335222627858022e-02 3.925813040072955590e-02 5.311992478973513385e-03 2.584305387304519988e-02 3.973400629483836780e-03 5.083409166702729937e-02 -6.498928773177176099e-03 3.678888855975010006e-03 3.666594026202271272e-03 -2.891917953475203404e-02 -5.961366427826230233e-03 4.953115625086644894e-03 1.251355708001097335e-02 -6.228281007886358675e-04 1.680331537310313789e-02 2.076891032340837454e-02 -4.544768726326062040e-03 -6.197482644902625910e-03 -3.191744991394986335e-03 8.394724368854472249e-03 1.455163956080371933e-02 2.317523311565295244e-02 5.285326017011777750e-04 2.629088335115000938e-02 0.000000000000000000e+00 0.000000000000000000e+00 0.000000000000000000e+00 0.000000000000000000e+00 -1.480557206380781095e-02 3.233756433668506119e-04 1.982772537118154040e-03 -4.088532896940237985e-03 -1.311641912833043551e-02 -4.311921374431973951e-03 -5.305124621262748748e-04 6.990639418087143345e-05 8.940417129706709331e-04 -7.825938456233202207e-04 -1.059559645622719717e-02 -7.357005845611062737e-03 8.285671511780045087e-03 -5.209553058201032982e-03 1.218097462951306864e-04 2.622100815919875321e-04 9.842455917801638463e-04 -1.779512298239367902e-03 -1.249071935300145875e-02 -6.341607229711620358e-03 6.327505822455494746e-04 1.541392972990536514e-02 -1.679738314027299020e-03 -1.898190439291282073e-03 6.360442263883926001e-03 -4.846040389068733203e-03 1.363351454751703096e-04 -2.747368642401927367e-04 -1.737593664251049297e-03 -1.286527065630788114e-03 -4.369371315593045119e-03 -6.118264842651324580e-03 2.127609375779241415e-05 1.081297603918548143e-03 -7.849221102237229075e-03 -3.277279375609310277e-03 2.877221517127912659e-03 -6.638317447630374089e-04 1.157172824514477458e-04 -1.184030770032912412e-03 -1.968345089694386717e-03 -8.426367876289754880e-03 -1.598697112004101575e-03 -1.084445796428168234e-02 -6.400929504129369840e-03 -1.029611733172492230e-02 1.165360595517569466e-02 7.925286309193681211e-03 -6.783597212824792229e-03 -6.550777876690085794e-03 1.290829116168917649e-04 5.649139878270611472e-05 2.068055209705245423e-05 5.598133288264358493e-04 -7.951545890540918102e-04 3.706019994842310594e-03 3.510168550534770258e-04 2.053074916085504114e-03 -1.595619539797612715e-02 -5.540763676020870124e-03 -1.193248411781036404e-03 3.066114008837055212e-03 1.599168180704044380e-03 -2.322509075725778349e-04 1.313583469216441420e-03 1.908726245565908882e-03 -1.003374318125301295e-03 9.710607952705192954e-04 -9.125160901071670619e-03 -4.702719253599244205e-03 1.452960421461267030e-03 2.866913238287516929e-05 -1.631325848754414066e-03 8.396979106988385760e-03 -6.108428573727608946e-02 -1.234624852743974877e-02 9.469338508026326623e-03 -1.332012767081283688e-02 -3.334933291541134631e-02 -1.163097594811160138e-02 1.299188509172913460e-02 -1.214766855761765726e-02
0.000000000000000000e+00 0.000000000000000000e+00 0.000000000000000000e+00 0.000000000000000000e+00 -6.838229342705937769e-03 1.261737741699974977e-02 -4.372866654991913564e-03 -3.666003081414597603e-02 -6.760948747362505173e-02 9.288789185044625876e-03 4.312563373588537696e-02 -2.109285556631600861e-02 -1.646667200218286491e-03 3.523687810122496517e-02 1.760283758164538775e-02 2.370965826449542534e-03 1.147049866121015727e-01 -1.359730029132881213e-01 -8.816654490961010893e-02 4.155627628438133409e-02 -1.392407605269141251e-02 -9.157655648499353485e-02 -7.824093098934269130e-02 -5.483031953528856757e-03 -2.042061756354058080e-02 1.505925695588815338e-02 -2.207646120011247728e-02 -2.581136679521934263e-01 -4.969690357897418864e-02 -1.592949628328985470e-02 -1.889621168742403262e-03 6.305514527675184708e-03 -6.928139130920958795e-03 2.419551505544123224e-02 4.404824421028600417e-02 -1.158665981597426127e-02 -7.102115025589474107e-03 -3.922791955961354993e-02 2.044141295729698382e-02 6.760617521717673939e-02 6.732283689489550887e-03 -6.570114549530962911e-02 1.316822190541437794e-02 2.861282330068939603e-02 -4.969793478914572189e-03 -1.298867216750985119e-02 -1.897528622625852673e-02 3.409259348774513337e-02 -1.289809257579507470e-02 -1.054843546012963242e-02 1.871635844042770971e-03 1.665806568012500460e-03 0.000000000000000000e+00 0.000000000000000000e+00 0.000000000000000000e+00 0.000000000000000000e+00 6.634438465088789844e-03 4.530131277159689905e-03 -1.468228555663403552e-02 -2.020468557484789759e-03 -2.137114329579964736e-02 -9.209289128472183256e-03 -2.609061653167483400e-03 9.245239382290678862e-03 -1.069686800861042834e-02 -4.318970568216654385e-03 -1.233244049454140269e-02 3.300401015639974674e-03 1.629157108905724197e-02 -1.229005170531811790e-02 -5.329933622744345047e-03 7.577579245036563174e-03 1.110694886834985400e-02 1.277530538865204179e-02 -1.117167657435771781e-02 -3.245970337462083816e-03 1.606742486024284600e-03 -4.254336513465930419e-02 1.518301142175743773e-02 5.928662981844226923e-03 1.293122563163242797e-02 -1.158281392374114691e-02 5.917148429810765650e-03 1.154922662455000991e-02 -1.340640937821729536e-02 1.177321990114004596e-02 -3.137383323892955957e-03 5.425222549922604359e-03 -1.772446466459157155e-02 -1.559449421238696606e-02 -9.130350171845153309e-03 -2.487655613078466107e-03 -9.171999069919454031e-03 -1.280794332832914037e-02 -4.207494997007827850e-03 5.619952964723748043e-03 -7.348310301908719637e-03 1.555943911861337910e-03 -4.834692802103943837e-03 1.484415444811471203e-02 -3.529981614359881115e-02 -6.962999513270715958e-03 2.500850089497065956e-02 -3.411634270753929193e-02 -7.501716604098029699e-03 2.386991151347962574e-03 -8.453522845644417111e-03 5.226067653044259333e-03 -1.276784722480423656e-02 2.140388695855861660e-03 4.161728185000672722e-03 -2.388338998005083008e-02 -4.160845142373703794e-03 -7.801753792463210317e-03 -1.755593497746722048e-02 -2.299292024518843642e-03 3.312248559359143914e-03 -1.473341602221876767e-02 -8.022806300261222517e-03 -6.837311580921950731e-03 -6.686373879578963279e-03 -1.433073642287643716e-02 -1.164157899810341120e-03 -1.035236274363241817e-02 -1.254464882659523002e-02 7.534489310226605372e-04 -5.452662282779096627e-03 -6.542952371730152185e-03 -1.996167059557349410e-02 -4.318538953494727856e-02 -3.109969501387804813e-01 3.087932671589355138e-02 1.528096715927970417e-01 4.364855242302773802e-02 -1.979304252591068403e-01 4.070661340654622290e-02 1.048776656948822855e-01 4.656209033532776598e-02
0.000000000000000000e+00 0.000000000000000000e+00 0.000000000000000000e+00 0.000000000000000000e+00 1.037945359848132729e-02 -2.344499030328830308e-02 -8.285728362539148241e-04 9.827687134025447913e-02 1.240099211207845997e-01 -8.971151576483336887e-03 -7.561247656292431618e-02 3.693929719266313833e-02 2.951642933320206691e-03 -5.563297433436027034e-02 -2.309752056476097742e-02 -2.080929510618260633e-02 -1.359730029133140450e-01 4.497613937101795356e-01 1.260994050726139126e-01 -4.366646432242987652e-02 3.788901120748808943e-02 1.325476024977762235e-01 1.273731603462867623e-01 3.953592520679000133e-02 3.285397845279342671e-02 -1.853522494114147670e-02 3.599643146023443624e-02 4.396563220372542991e-01 8.756459472572150626e-02 3.503969261034514671e-02 6.711636112581609824e-03 -1.108963342496653744e-02 1.369330363175013179e-02 -5.389133799017368359e-02 -7.891475810853344763e-02 2.220828418645135610e-02 1.461782003916800750e-02 6.342734699606612792e-02 -4.594181543756246239e-02 -9.114067879567941399e-02 -1.746768811709331973e-02 1.215410545395265163e-01 -6.891423393752944826e-02 -2.407403021957928158e-02 -9.431472095845633286e-04 -1.655381137385907031e-01 4.354526566507358615e-02 -8.525392808672756229e-02 3.486591769396781004e-02 8.385064670973884759e-04 -6.941786237086276963e-03 -1.208943441761309648e-02 0.000000000000000000e+00 0.000000000000000000e+00 0.000000000000000000e+00 0.000000000000000000e+00 -1.072728125480272923e-02 -1.144582568518441763e-02 2.155910182659110871e-02 2.339674677273558337e-03 3.761656289109960305e-02 1.165720373320313155e-02 4.472196529770023320e-03 -1.681102351971724973e-02 1.766987356241478402e-02 6.851772647585486868e-03 2.258915588847277417e-02 -1.034337479505821437e-02 -2.802056727624989765e-02 1.848044298662155499e-02 7.940497547670712086e-03 -1.461142313158931422e-02 -1.689998155697379836e-02 -1.998209093120970753e-02 2.187476178893630469e-02 2.883431062430808454e-03 -3.250621324030509435e-03 7.392430757525290941e-02 -2.581351505469573621e-02 -1.005733707267011251e-02 -1.959402011977379524e-02 1.879258978423656301e-02 -1.023987675848555753e-02 -2.234384921938382951e-02 1.935665743747461490e-02 -1.960767131087923568e-02 5.850721331110686312e-03 -1.308549758922987992e-02 2.863328792379902718e-02 2.422579997267656354e-02 1.530364007337952671e-02 -6.145887149594632740e-04 1.520433496055182548e-02 2.676187282438560744e-02 7.132414284688724099e-03 -7.121350832121185574e-03 1.146978384020292709e-02 -4.509763384055800149e-03 1.045196215072489651e-02 -2.541911880365662485e-02 6.135319361768948321e-02 9.882700501904364762e-03 -3.964463566977365766e-02 5.573283796485323238e-02 1.410314466883690054e-02 -1.074171898170381105e-02 1.072236515921730013e-02 -4.443984534249866350e-03 2.230418719127933574e-02 -6.114321608526825970e-04 -9.339502021285264743e-03 3.865989113212440348e-02 8.897797915084612944e-03 1.458268807188001399e-02 2.972792655088005859e-02 -2.353396023689228317e-03 -3.879449906179974032e-03 2.866236711758601494e-02 1.524139981964774473e-02 1.576232146895727160e-02 1.401548127291865793e-02 2.559616002061739296e-02 -9.717852686130503889e-04 2.118663664447685210e-02 2.196030651159294050e-02 -5.453368358125788677e-03 8.310478442334290339e-03 1.209672580684605092e-02 3.217539268987840151e-02 7.962264190125793728e-02 5.089679084936588049e-01 -6.216392985492279893e-02 -2.547368630891109764e-01 -8.014953968828646136e-02 3.266080610781276761e-01 -7.740492777588561801e-02 -1.678679356068510098e-01 -8.716183212567406302e-02
0.000000000000000000e+00 0.000000000000000000e+00 0.000000000000000000e+00 0.000000000000000000e+00 9.647342246456299536e-03 4.816579324656529611e-03 7.884248744893160993e-03 8.094407730340481832e-02 1.085674472035916688e-01 1.219620296956586657e-02 -4.250867966800649100e-02 1.665715801879737168e-02 6.663219351234212461e-03 -1.645567692417531855e-02 -3.961560789145820993e-02 2.642817195077492784e-03 -8.816654490960312840e-02 1.260994050725709192e-01 2.032986617962378451e-01 -3.283905958202464753e-02 4.355473698196131449e-02 1.222860602712868283e-01 1.469835208926060788e-01 3.055578147876165246e-02 3.402294574845039776e-02 4.775849079168794330e-03 1.905356889520754687e-02 2.229139157883686662e-01 7.233835830404657108e-02 4.104069406583329971e-02 7.248970941347975677e-03 1.547980363218895428e-02 8.177952923228370974e-03 2.813112682557837065e-03 -3.163488568979012233e-02 3.318320160215235126e-02 -3.572348729388270631e-03 5.139554287845037039e-02 -1.054015863027056576e-02 -6.282342408885990825e-02 -2.552467886620918627e-02 6.573231312768618162e-02 -2.501195826999154381e-02 2.147377937305248660e-02 -2.662372804601814084e-03 -9.288696291060391519e-02 3.452233268787204684e-02 -8.936381260190148779e-02 1.951469563405065083e-02 -1.403520694583370448e-02 -4.139526361411010637e-03 1.454947930287454373e-02 0.000000000000000000e+00 0.000000000000000000e+00 0.000000000000000000e+00 0.000000000000000000e+00 -5.181610901315668490e-03 -4.125455213955153168e-03 1.183745062641753179e-02 2.707338207450002161e-03 1.723953087818046875e-02 8.457571577070310473e-03 1.874494777132970375e-03 -5.948156551272749254e-03 7.148069993930360709e-03 3.870812033484338083e-03 1.143191118244299420e-02 -4.720843655700577885e-04 -1.418321610699276383e-02 1.174678473363975108e-02 4.484537576784185763e-03 -5.518045272244823107e-03 -9.650626766395997702e-03 -7.679702942407412580e-03 1.126123756650910558e-02 4.260505556620775014e-03 -1.766647818065524272e-03 3.240279798195399436e-02 -1.064258107324111101e-02 -3.447595369876801843e-03 -1.068351909577637884e-02 1.048665203141850230e-02 -4.593938203724497876e-03 -7.721010189325134936e-03 1.074150189424751337e-02 -7.220280307033591187e-03 2.053054506528029493e-03 -3.408173778578267848e-03 1.545983727390736091e-02 1.307440439164717257e-02 3.774590192810651969e-03 5.403710247413544450e-03 1.071429061656153404e-02 1.292967071534911749e-02 2.472179489279207124e-03 -3.928304133296162820e-03 5.050703922002536088e-03 -2.513788923974232068e-03 -3.794861694846133606e-04 -1.736379498771307289e-02 2.539447950663598769e-02 1.032907162774929569e-02 -1.752753533690689508e-02 2.257039319769233929e-02 6.328197997139485380e-03 6.270880115607057725e-04 5.678091430527072020e-03 -2.725882997144660029e-03 8.329272240228519780e-03 -8.677847777194617725e-04 -2.050558880086693694e-03 1.635349679731177078e-02 2.902580091653149136e-03 7.058471612758302621e-03 1.374189010904460981e-02 4.269185021918547700e-03 -1.032477074452201092e-03 1.475691457279432531e-02 6.677601040024116856e-03 4.976713921057977948e-03 4.438032652921642708e-03 9.861696934103837339e-03 1.779703920610347821e-03 8.298172709770932493e-03 1.003696555603740548e-02 1.540161991562018435e-03 4.730627648337514153e-03 6.696443498236032132e-03 1.522871723110870434e-02 3.475089202456849852e-02 2.390117126114504886e-01 -2.230078091031386864e-02 -1.168312005499106548e-01 -3.202500582747862257e-02 1.470352907186390223e-01 -3.028977630495904849e-02 -8.017146592550243589e-02 -3.469699938314801252e-02
0.000000000000000000e+00 0.000000000000000000e+00 0.000000000000000000e+00 0.000000000000000000e+00 -5.596498877948143970e-03 -6.920457993704694135e-04 -5.868798202458798581e-03 -1.656490489394260579e-02 -7.896872103791929831e-02 2.658890579661525502e-03 3.036148090204560807e-02 -1.772832113754074790e-02 -5.395476648491670697e-03 1.493243738095804789e-02 -1.014416226046929194e-02 -4.464790254869850650e-02 4.155627628438761378e-02 -4.366646432241488851e-02 -3.283905958204631770e-02 7.853562395526042517e-02 -4.235169754795396757e-03 -1.157892369910309797e-02 -1.010873271089364131e-02 3.586502041913940814e-02 -2.718031549372166428e-02 1.127586205075451278e-03 -1.368464969023605593e-02 -1.843878588752584646e-01 -5.109611265111275308e-02 -1.487385419151263620e-02 -5.432054939238467779e-03 1.130975877706931303e-02 -5.563444827185138816e-03 8.787372755409370581e-04 2.450907075660020695e-02 -1.425379092607504707e-02 -6.665011138553884711e-03 -1.193885865948489215e-02 1.240873934816853416e-02 4.495717190048340028e-02 3.131806654053455492e-03 -4.049948797143131801e-02 -3.400129575618156957e-02 2.632238728623779653e-02 6.347884588343366899e-03 -1.410560333366746126e-02 1.879011823829885262e-03 -1.079820516613174200e-02 -1.085747188666251299e-02 -2.420942651064437665e-02 -4.941520487904485504e-04 -2.261460856912311107e-02 0.000000000000000000e+00 0.000000000000000000e+00 0.000000000000000000e+00 0.000000000000000000e+00 1.353462113102951725e-02 4.306152647684090978e-03 -1.043922193744625977e-02 1.429901752004465558e-03 -9.593283407161175627e-03 -3.389879493367370118e-03 -1.258691416113411673e-03 7.265356490225203037e-03 -8.139269871153903546e-03 -2.099713159944596643e-03 -1.392520010047709582e-03 8.303699759560394938e-03 7.008453754802090180e-03 -4.632644454274719402e-03 -3.325641149933715457e-03 6.700843006182301796e-03 6.995528975789540305e-03 9.176502874979524174e-03 -1.390689610205250335e-03 1.965814958207345690e-03 1.129424319482791534e-03 -3.732122703952689413e-02 1.111326876506008726e-02 5.498339764272651767e-03 4.567564077485596584e-03 -4.722257694826789524e-03 4.438526743809192120e-03 8.836308805819119080e-03 -8.618078121243037681e-03 9.194971384295175243e-03 -3.055292536418991725e-04 8.052299341522749926e-03 -1.151499900798215979e-02 -1.106333269261602741e-02 -2.932992200254645916e-03 2.256302004675979182e-03 -7.068645147872465277e-03 -1.086470071855494095e-02 -3.178124820697418064e-03 3.987976284456465174e-03 -4.989924577108303602e-03 4.818053481048028761e-03 -2.004944925529567740e-03 1.443551642314328844e-02 -2.226633322989010969e-02 3.177998378286479852e-03 1.220299598386262625e-02 -3.073054792632755328e-02 -1.357676908901627073e-03 7.579460755140884388e-03 -6.218245682767469147e-03 2.462586567323870289e-03 -9.666523621581910725e-03 4.711589441362688986e-04 3.986885698602727658e-03 -1.910747644352250169e-02 -3.485713350217856978e-03 -7.877447378873352057e-03 -2.729691729637303069e-03 3.300370807583854343e-03 2.654060831930325163e-03 -1.357907551567947430e-02 -6.248052863663259432e-03 -4.882209297033344303e-03 -7.337019197509640767e-03 -1.102329462709938576e-02 3.318905343845319003e-04 -8.739824117764296782e-03 -4.295935018139769926e-03 4.396320557864348902e-03 -4.475937164212386021e-03 -4.478120148766027639e-03 -1.366373360464505707e-02 -3.708638358795181278e-02 -1.923933009293810892e-01 3.162378082708347526e-02 1.064817283786199387e-01 4.106288024997427344e-02 -1.293976225517005085e-01 3.791173219088112001e-02 6.830308408355804939e-02 4.241308089272739085e-02
0.000000000000000000e+00 0.000000000000000000e+00 0.000000000000000000e+00 0.000000000000000000e+00 4.596788421327410766e-04 2.541472590309400668e-03 9.257639085868197334e-04 2.368860837279453471e-02 -2.289124565104125406e-03 8.501962754665996422e-03 -4.887899971495865761e-03 -2.915714152595957160e-04 -1.069008710416791347e-03 3.149183948729264264e-03 -1.611942726633473419e-02 4.493730584783662066e-03 -1.392407605268464188e-02 3.788901120747740353e-02 4.355473698195333476e-02 -4.235169754785945984e-03 4.622120157736739343e-02 2.504349275227131869e-02 3.769975609272836065e-02 5.658612914673556878e-03 -2.215028172714029672e-03 6.629675548955040951e-03 2.997700891403415769e-03 3.430189324895397546e-02 -4.082953972373423376e-03 1.279509050799727821e-02 -2.467831594058589404e-03 1.354912808579148212e-02 6.694024144027389432e-05 7.720623064507254815e-03 -5.189502189938068229e-03 3.792786712011327315e-03 -2.093069411557033706e-04 5.737548223500215164e-03 -2.826730858052647444e-04 -4.555451846310710172e-03 -6.437297418501503228e-03 1.069592261605020397e-02 -2.511217109913345749e-02 1.188130666881646695e-02 -1.746114560732660824e-03 -3.218492105341734522e-02 5.935155843378846913e-03 -1.698820785710944761e-02 1.025599898149444529e-02 1.657200525513460171e-02 -1.222817569675564275e-03 -5.009827560795206830e-03 0.000000000000000000e+00 0.000000000000000000e+00 0.000000000000000000e+00 0.000000000000000000e+00 -1.272054585211532772e-03 -3.960594312440297274e-04 3.160274670665873774e-03 1.593937405710488990e-04 4.541903258787977071e-03 1.076834081704923030e-03 3.388670083630023139e-04 -4.236045197686259854e-04 1.149741973550765309e-03 9.292906078375558297e-04 2.972119132680181575e-03 -9.887408904744930758e-04 -3.413748604620602586e-03 1.610294837559733553e-03 7.846359410326182553e-04 -1.008341552282104002e-03 -6.442044672020840954e-04 -1.014228776497452973e-03 3.892839454069646835e-03 -4.917237861035270077e-05 -2.573846177420574728e-04 6.831360599901192820e-03 -2.022384500927193723e-03 -1.133496161343674645e-03 -2.597521052085854064e-03 1.426100584133302082e-03 -1.044417950892203260e-03 -9.530846815159618127e-04 9.390443344067996587e-04 -6.583743247433726910e-04 7.668332566213133597e-04 -2.021879532057328614e-03 3.776504568639323101e-03 1.753007501826314230e-03 3.482845746437690125e-04 9.949292614209728422e-04 3.965069039682321550e-03 2.885541177518384254e-03 -1.627211937694922621e-05 -2.381403736371229436e-03 7.996943943442496282e-04 -2.549392166395087964e-03 -9.126078728177470720e-04 -5.028420837568098670e-03 5.435386999519454566e-03 3.046424003880676429e-03 -1.522844411120007155e-03 1.634001998518577661e-03 5.101565146462864152e-04 6.328977722282581138e-04 3.917039646075302396e-03 -1.202216823574298477e-03 4.094014397709580533e-03 -7.276859032800609339e-04 5.003636601091105817e-04 4.265633514982596075e-03 2.017346712987103975e-03 1.158505975497049452e-03 2.642491107546353184e-03 1.070347261037219756e-03 1.201658418719394423e-04 1.144154048579077050e-03 1.618389254422589792e-03 1.408765951280602008e-03 -3.219989340948046412e-04 7.835692635096934682e-04 -1.785080807658459621e-04 1.558600283039875221e-03 2.276241972413864303e-03 -1.587163316818363369e-04 1.586073077752507901e-03 1.307828115853770182e-03 6.847385185051104318e-04 7.194300955336958674e-03 2.271229449166174350e-02 -5.301548405504512458e-03 -8.900299438814110453e-03 -6.076632053091734348e-03 1.490411467991677695e-02 -7.539269042272195645e-03 -5.924054141633836382e-03 -6.259037776361204772e-03
0.000000000000000000e+00 0.000000000000000000e+00 0.000000000000000000e+00 0.000000000000000000e+00 8.200216257125947025e-03 -2.440867733515215965e-02 2.156131126771706780e-03 5.168564605910300203e-02 6.447705578184866060e-02 -1.436821920998690612e-02 -5.784937747300502447e-02 2.765884938401700494e-02 -1.418958536011374286e-03 -5.008789182654123373e-02 -2.837817936926208956e-02 -4.306065982516540935e-02 -9.157655648499649081e-02 1.325476024977423339e-01 1.222860602712969036e-01 -1.157892369909493263e-02 2.504349275227585672e-02 2.477533609467311715e-01 1.012149777736371242e-01 5.772237013747175821e-02 1.355934663706457460e-02 -2.220745134064795040e-02 2.931674116323638654e-02 3.287586822394690245e-01 5.067716045871932529e-02 1.874358745546806509e-02 4.040843375223261984e-04 -9.027361992790581754e-03 5.751733753820573863e-03 -4.647284783687026521e-02 -5.749388358932014387e-02 4.221105131649556530e-02 1.569138697636376922e-02 8.176570738550689721e-02 -4.034888407220986462e-03 -1.132854048832398763e-01 -2.327516329058792327e-02 9.768912500138533794e-02 -6.112231905451229186e-02 -3.372125276648203773e-02 -3.775813854611932262e-03 -2.583958600405290157e-02 2.978032312595242995e-02 -5.775551834322335126e-02 1.062958239399211177e-02 1.337592512683750089e-02 -5.174015750922241613e-03 1.346311938919435812e-02 0.000000000000000000e+00 0.000000000000000000e+00 0.000000000000000000e+00 0.000000000000000000e+00 -4.825074441372107642e-03 -5.991382453257507006e-03 1.794057987219777051e-02 1.992125306078439042e-03 3.404999132995697314e-02 1.060642872962325872e-02 3.320484145525717194e-03 -1.229182361530583266e-02 1.334167422568189286e-02 5.890197618296811981e-03 2.032781875754733139e-02 -3.222668791206675844e-03 -2.520973963767728782e-02 1.495990623375181156e-02 6.941314752417168145e-03 -9.589535433923428165e-03 -1.316569658576429748e-02 -1.342978168811107507e-02 1.985330852788514192e-02 4.513007216615849693e-03 -2.569665729755287939e-03 4.847010644563919807e-02 -1.881159029812948941e-02 -7.051042368607313496e-03 -1.862842147520623465e-02 1.318135047384904820e-02 -7.365666080702626753e-03 -1.292559357655693845e-02 1.595756740964878254e-02 -1.250831182565640028e-02 5.877989542727874925e-03 -6.798274559942010277e-03 2.268107644154742503e-02 1.960070023378245388e-02 1.272812704936804838e-02 2.674459779417010224e-03 1.160713747577656399e-02 1.858256366487354150e-02 5.564742101500692525e-03 -7.180359842348493782e-03 1.016350500203151014e-02 1.424797424737944251e-03 3.941641268210262228e-03 -1.676931783061857278e-02 4.866788614645580630e-02 9.818092018362792675e-03 -3.526281696179930925e-02 4.240593448849069164e-02 1.242873278196064864e-02 -2.807121524352385392e-03 1.054468075775759003e-02 -5.855139542701196138e-03 1.608214754533091040e-02 -3.690941237656373414e-03 -5.537225928823590743e-03 2.342532184990987407e-02 6.624268360095093497e-03 6.452581331037544367e-03 2.874138402042427515e-02 2.090870322636790863e-03 -2.317399953548477526e-03 1.689478019377481030e-02 9.531979583947402038e-03 8.211421216076717280e-03 9.453580199883546836e-03 1.471140451708280797e-02 -1.977767772810695712e-04 1.323616600068888878e-02 2.018584735869004276e-02 -1.227093911238190220e-03 5.918139727776557980e-03 7.678814524768583574e-03 2.139646265307133116e-02 5.380476628250908944e-02 3.650428093990700784e-01 -3.881670015200627821e-02 -1.707379908952535441e-01 -5.578735532536539116e-02 2.304271174724251969e-01 -5.282114798991401072e-02 -1.182951781344959569e-01 -5.567243269165667724e-02
0.000000000000000000e+00 0.000000000000000000e+00 0.000000000000000000e+00 0.000000000000000000e+00 7.906048383747300151e-03 -9.825356143215023541e-03 5.974838940751638593e-03 3.798649240593592047e-02 7.166371831432744033e-02 -6.514751502406183545e-03 -3.892646958852563621e-02 1.684623019371362176e-02 2.728556672747302781e-03 -2.916091289111243795e-02 -4.318667057056143482e-02 -1.937746961838146542e-02 -7.824093098934739587e-02 1.273731603462733564e-01 1.469835208926164039e-01 -1.010873271088550025e-02 3.769975609273432809e-02 1.012149777736424811e-01 1.883924532311972710e-01 3.001903415452327958e-02 2.146048543234616371e-02 -1.057240592889717966e-02 1.930978436280355107e-02 2.130366733789747224e-01 5.265881449473737430e-02 1.672301061243005108e-02 2.552630447916893856e-03 -2.430729918008175082e-03 3.997090569628299409e-03 -9.165359061073454980e-03 -1.777440292892816520e-02 1.130001415277710752e-02 2.020222090091908663e-03 5.006764775769573239e-02 -1.081291804891114545e-02 -9.061695529925227477e-02 -3.020988658133041960e-02 4.468677616169983852e-02 -3.701740582419132258e-03 -7.746818505054231876e-03 -2.851550452393363227e-03 -1.445444236811951715e-02 1.530274532761392685e-02 -4.002166830545772491e-02 6.758960280157622416e-03 -5.872933973322330171e-03 -4.566723825729602712e-03 -2.389853616042466461e-02 0.000000000000000000e+00 0.000000000000000000e+00 0.000000000000000000e+00 0.000000000000000000e+00 -3.514500068511994084e-03 -4.704040155906271010e-03 1.324772621840902484e-02 -6.891464197510900787e-04 2.819428991163972636e-02 5.297921342217637615e-03 1.828221436525097202e-03 -8.344499097134812360e-03 8.995322519529455954e-03 4.415148382450967413e-03 1.626347192783346440e-02 -5.275738439693703624e-03 -1.982582996014940410e-02 8.409540731761056334e-03 4.591539516331143156e-03 -6.837019939988472211e-03 -9.514300304628738741e-03 -9.727602375487422529e-03 1.780462638257817101e-02 -1.118997113057937191e-04 -2.036808510273652086e-03 3.687150634770668817e-02 -1.262478547497346282e-02 -3.059942728112598383e-03 -1.531827604473131633e-02 7.444408677828921045e-03 -4.993056346135170062e-03 -9.711883487707550708e-03 1.152389603155992877e-02 -9.238830326403345283e-03 5.579741081513338655e-03 -7.490560807810534016e-03 1.578927768964849890e-02 1.387147482346562204e-02 1.038179021950179186e-02 1.760123100404747606e-03 9.993961871917164327e-03 6.677120354439795152e-03 4.275967076335500730e-03 -6.622671151184785290e-03 6.142716148594481659e-03 -1.623394419149505911e-03 3.851171392042609769e-03 -1.488317879113078800e-02 3.521664595337677117e-02 4.690331464002384099e-03 -2.267090527970611405e-02 2.880849945403437390e-02 8.351447083687074321e-03 -3.004378500590302974e-03 1.032772277506081339e-02 -4.188847457074806706e-03 1.440801528680411316e-02 -3.314640759423578484e-03 -4.108511527375941982e-03 1.923269689445884431e-02 5.523093785340073107e-03 6.260063433499218032e-03 2.127648723153242882e-02 3.349573410944108390e-04 -1.717356354811759144e-03 1.099613939289777013e-02 7.910428878191978069e-03 5.952085171855666171e-03 6.179935976613466428e-03 1.226645671405030696e-02 2.145777196379747287e-04 9.033755347129794611e-03 1.503124487560519862e-02 -2.929761914482285380e-03 5.106832744593219932e-03 5.214940087221038925e-03 1.362894707012276586e-02 3.603501883074675810e-02 2.426369356122341503e-01 -2.690121358053921066e-02 -1.191314072482379249e-01 -3.623957536109048000e-02 1.502369454124858894e-01 -3.662642702934554295e-02 -8.083853967389256767e-02 -4.118788849502279248e-02
0.000000000000000000e+00 0.000000000000000000e+00 0.000000000000000000e+00 0.000000000000000000e+00 2.409211292529293402e-03 1.320420942861612291e-04 3.358599215877721171e-04 1.818890742170876929e-02 1.979276828762520021e-02 3.371521216530069635e-03 -7.953880987197728056e-03 7.529897719855830132e-04 5.583728724049620866e-04 -3.662382772165673032e-03 -7.798548351451817066e-03 -4.120269896862178288e-02 -5.483031953527915670e-03 3.953592520679084094e-02 3.055578147875880057e-02 3.586502041914323147e-02 5.658612914672266243e-03 5.772237013746845530e-02 3.001903415452009810e-02 7.127943579519833983e-02 3.631998853828376922e-03 1.265421459097014825e-03 3.829899594213365035e-03 2.613481892765573758e-02 1.573626052183024066e-02 8.871699532731706223e-03 1.425426753527706415e-03 1.005335079822766188e-02 4.230846234066610624e-03 -1.356187613373997878e-03 -1.894064766618972634e-02 1.299608497176135344e-02 -2.567041089167138457e-03 1.236665436898932470e-02 -6.246406236359793203e-03 -8.773730286603179107e-03 1.426330968933437610e-02 -6.573857327416944910e-04 -4.801102486617202236e-02 1.994942001170491724e-02 1.251765541845143576e-03 -3.046903411752250809e-02 1.751740850493584828e-02 -2.550116121973227887e-02 1.002969435572226981e-02 -2.839181435675812437e-02 -4.542042142726018979e-03 4.716808844155154050e-03 0.000000000000000000e+00 0.000000000000000000e+00 0.000000000000000000e+00 0.000000000000000000e+00 2.765832101868324292e-03 -1.647465176825041672e-03 1.728772701144145295e-03 2.715020997438434103e-04 8.975471927738473341e-03 7.250432936846227128e-04 4.542858597377578381e-04 -5.093871461885097910e-04 7.516073149414535066e-04 1.635583459328396197e-03 7.082330887500499703e-03 1.066701864257707912e-03 -6.926588638728176268e-03 2.379736713661861295e-03 6.126516509941659899e-04 -1.244080797872347457e-03 -1.703655436029316702e-03 -1.785862093873127193e-04 7.677756033789841575e-03 7.160190912461817563e-04 -4.335670201681650349e-04 -9.008902679030544522e-05 -1.254848598472763999e-03 3.477093937917318900e-04 -4.858713357418832993e-03 1.897588065831380243e-03 -2.499236161388876170e-04 -1.151796045447907660e-03 1.145083952619843984e-03 -3.259097528672087740e-04 2.152118724549287061e-03 -4.630732356405084515e-04 3.278609675935413147e-03 1.751494997827252606e-03 2.738627488590667045e-03 -2.603927833082802417e-04 2.049148773991378136e-03 5.212832633905911846e-03 -3.560428062015876839e-04 2.079063664779781434e-04 1.651198378419241244e-03 1.552863095424246659e-03 -1.219916249531476679e-06 6.075282261126099467e-04 8.036667897861166435e-03 4.634124482290983074e-03 -6.177601951793381535e-03 -7.559600428811433714e-06 4.639112862799295474e-03 6.270480933251042135e-05 3.855990783680969839e-04 5.281893909985360463e-04 8.423479463114536946e-04 3.128871960961516064e-04 2.228940230944829613e-04 -5.620780003741428091e-04 6.705790257732868569e-04 6.567094576861951536e-04 7.790913054002221970e-03 4.285267133352740248e-04 1.210904501450857894e-03 1.532317813643633859e-03 1.780171542472757133e-03 1.610498722479944932e-03 1.248181362691080628e-03 1.645013615455904793e-04 -8.409950084095398634e-04 1.527003918060068155e-03 5.140887964152259133e-03 -7.207947214153527190e-05 7.868324241066568074e-04 1.333386445238373937e-03 1.146397752782564103e-03 2.914091366358618519e-03 4.187896354709517294e-02 -6.900849156207288556e-04 -1.715530533814592015e-02 -2.896478651664126380e-03 2.440983894853897274e-02 -2.061454391324906831e-03 -1.172763940767188040e-02 -2.881945519415965006e-03
0.000000000000000000e+00 0.000000000000000000e+00 0.000000000000000000e+00 0.000000000000000000e+00 9.106041113755040592e-03 2.617314507686007916e-02 7.592716504493193970e-03 4.076214491844885879e-02 1.297483522286339563e-01 9.221985544640719928e-03 -1.013040769412584807e-02 1.283480203607366031e-03 1.351031493751344431e-02 7.218102915378023059e-03 2.738859306445358063e-02 1.616705718150375504e-02 -2.042061756354143776e-02 3.285397845277385903e-02 3.402294574846042446e-02 -2.718031549371400721e-02 -2.215028172705281462e-03 1.355934663706549054e-02 2.146048543235110767e-02 3.631998853831892773e-03 5.416840531314373597e-02 7.562680123801852894e-03 5.654269692337145908e-03 9.542032830098207130e-02 9.553375988390974682e-02 1.579870562982347432e-02 1.654551303087872099e-02 1.001351158685077035e-02 1.190198418713183173e-02 6.512027582327174421e-03 -1.600348674968279927e-02 1.904654960085423905e-03 2.733551163096374593e-04 3.818191933982173145e-03 -9.897901023207505977e-03 -2.383896722856675143e-02 7.148833680309323035e-03 1.518059134839193879e-02 4.899782418520971100e-02 7.516096961460850927e-03 5.422571503186202719e-04 -1.332249888803496707e-03 6.982375934366650758e-03 -2.008293396454917390e-02 1.537796274477785767e-02 -5.662851327475350652e-03 -2.217294666150703038e-03 -4.668970211182813575e-04 0.000000000000000000e+00 0.000000000000000000e+00 0.000000000000000000e+00 0.000000000000000000e+00 -7.177139860362930987e-03 -2.969459165379902729e-03 6.129321219374476992e-03 1.514849294915291376e-03 6.913847157363466750e-03 3.240328384634011058e-03 1.242566523289065578e-03 -3.495012113032307070e-03 4.413370019285471450e-03 2.632447322418135591e-04 2.698468153593946029e-03 -2.854878237738808170e-03 -6.532059722268585000e-03 4.913224773913153071e-03 1.428810757137049430e-03 -2.511094943250202945e-03 -4.254179770452895352e-03 -4.802131231850571141e-03 3.410213246945677061e-03 1.475390931822076999e-03 -1.915233896328015029e-04 1.907053970398753240e-02 -5.402761451903063429e-03 -2.696726307679470861e-03 -4.428944187768088167e-03 4.436103764642225673e-03 -1.425673643900341597e-03 -3.775253417345400542e-03 4.540056999746761718e-03 -4.868643211778296911e-03 2.234466565574029289e-04 -2.691312564830576799e-03 8.028067871936798647e-03 7.904501110701401146e-04 1.733782735972448467e-03 -1.583037940971953814e-04 5.478593259883501355e-03 7.402504344281459099e-03 1.214806625710189089e-03 -2.201253367889154273e-03 2.365071453848109975e-03 -3.193982086699679711e-03 2.208740920635605780e-04 -8.458189842913105272e-03 1.336876457310503044e-02 2.962955090991068602e-03 -5.607797719131488168e-03 1.037758263780727552e-02 2.027729941475576135e-03 -4.139093003084529099e-03 3.822270674369306065e-03 1.242555706403575180e-03 5.717913314646600256e-03 1.454046959680614995e-03 -2.399489652001652196e-03 1.025035327036497371e-02 2.194304580434731748e-03 6.594359432025090340e-03 2.954749726685922812e-03 -5.061417624329994300e-04 -9.283809189793070654e-04 8.683319337964550549e-03 4.811977363930039150e-03 4.149910151629183745e-03 5.077876857596233875e-03 5.571887867594191995e-03 -1.364865206892792223e-03 5.871988943761800341e-03 3.834163484185549101e-03 -1.042048234904734832e-03 2.817956256834881421e-03 3.149099336188568125e-03 1.010627045748515446e-02 2.851260717684899262e-02 1.480555359546870675e-01 -2.259285166833031877e-02 -7.833105935952917875e-02 -2.966436840941077957e-02 9.750028462561868836e-02 -2.702186833800560364e-02 -4.946400334520088815e-02 -2.944012660668944570e-02
0.000000000000000000e+00 0.000000000000000000e+00 0.000000000000000000e+00 0.000000000000000000e+00 -4.086146323273242946e-03 3.075297285604320849e-02 5.072932576939173351e-04 4.272924834167026592e-02 2.627385633727333594e-02 3.995860434679397027e-02 6.811092551749616843e-03 -9.417201833448953993e-03 4.430916762278727140e-03 4.016997313336886227e-02 9.290737663025731841e-03 3.885678943371038280e-02 1.505925695589158987e-02 -1.853522494115170463e-02 4.775849079166357911e-03 1.127586205084405487e-03 6.629675548959573783e-03 -2.220745134064962267e-02 -1.057240592889813896e-02 1.265421459098065851e-03 7.562680123802713317e-03 4.254752444550682217e-02 -3.946283600619045033e-03 -2.956312720212482537e-02 -2.928010630722317677e-04 3.931486748143477733e-02 5.185864999767043557e-03 3.426245968325553753e-02 2.793419232179120224e-03 4.995267534844832075e-02 3.631156902578702933e-04 5.167756603922197753e-05 -4.397210828447966832e-04 -2.665466046510354264e-02 -4.009291877388247889e-03 2.885063971196427657e-02 1.297326088871992439e-02 -2.040611600400255021e-02 -1.713978961060667883e-02 3.820524202748698528e-02 -4.582307823056225261e-04 -2.740995885772815055e-02 3.927157656877303983e-03 -1.014638786059249634e-02 1.462431785546304888e-02 2.338106610900410939e-03 -1.651444887348210277e-03 1.237415251796949479e-02 0.000000000000000000e+00 0.000000000000000000e+00 0.000000000000000000e+00 0.000000000000000000e+00 -4.371074634915466522e-03 1.280392586332529609e-03 -1.459179012368407198e-03 -1.597575048822620809e-03 -9.625163605994548760e-03 -3.395748840638973878e-03 -1.234263965977379016e-03 3.421546113863506433e-03 -2.626844722264826213e-03 -9.953274028107884745e-04 -5.203459682695940267e-03 -5.057109071311587448e-04 6.105747782157823662e-03 -4.203598020589907613e-03 -1.093915509763729050e-03 3.374760201197562603e-03 3.323102411705233794e-03 2.518412052764110610e-03 -6.142471649859776277e-03 -3.206238555175659928e-03 9.694851746880322335e-04 -4.239822468772637756e-03 3.494643411461277344e-03 1.725246540322701019e-03 4.132446841306543217e-03 -4.359643809429038404e-03 1.877800859921519624e-03 3.902651064666767637e-03 -4.925133285436651687e-03 3.146898948206828996e-03 -2.000132495106117080e-03 -5.895073083335949492e-04 -4.283112392568409581e-03 -3.555206281256422657e-03 -6.406924725681332339e-03 -6.757019517042201114e-04 6.840290812066571278e-04 -2.677579701431689885e-03 -2.038584880538648909e-03 1.394383339741364723e-03 -3.320302993952326063e-03 -4.800333383564991778e-03 -2.756626952968724200e-03 -2.361339312875878910e-03 -1.190801176484398635e-02 -1.769316421187945359e-03 1.257641443910386368e-02 -1.013648722481510361e-02 -3.626320273523921112e-03 -1.315308817193645277e-03 -2.563676083976668477e-03 2.433637742274149043e-03 -3.975262521556902073e-03 1.972307336919800185e-03 1.308545775847191331e-03 -5.105484013325010777e-03 -1.236888509643614860e-03 9.339119515849826289e-06 -1.056920474169463151e-02 -1.696903569165699420e-03 1.262992738296390060e-03 -1.501771140725601146e-03 -2.976666955862380557e-04 -1.263286805131176322e-03 -1.953754814674966631e-03 -3.345986712423975294e-03 -8.343509261637687031e-04 -2.182303583119606441e-03 -6.753012562845083985e-03 -6.106580168790477813e-04 3.837584602642420779e-04 -8.787298325950814977e-04 -6.298059204865860336e-03 -7.419482350791820752e-03 -1.063799278701162143e-01 4.093568357987908100e-03 4.280607495540593443e-02 6.076254372536055506e-03 -6.807937900018677657e-02 6.561504602623047938e-03 3.318218724705813277e-02 8.240847381285269779e-03
0.000000000000000000e+00 0.000000000000000000e+00 0.000000000000000000e+00 0.000000000000000000e+00 1.767810927311186907e-03 -4.707847124846944661e-03 1.902622292198084819e-03 9.004488329170558594e-03 1.882933234075576112e-02 -4.828337692223791562e-03 -1.533523312634318438e-02 8.314887181255283324e-03 -1.821218600802195962e-04 -9.860064488567681085e-03 -3.827057696429735957e-03 -4.653445626796171692e-04 -2.207646120011592938e-02 3.599643146023524809e-02 1.905356889521565497e-02 -1.368464969023985844e-02 2.997700891405096716e-03 2.931674116324065049e-02 1.930978436280660418e-02 3.829899594214107496e-03 5.654269692340475710e-03 -3.946283600616702289e-03 1.089861587139829072e-02 8.209335744385770628e-02 1.565128896228221850e-02 3.681531410553821448e-03 6.185234334309165378e-04 -7.674661735438245182e-03 1.369196237553179860e-03 -1.023129592932131744e-02 -1.260092365307673851e-02 1.148832096712180777e-02 2.814956249038385368e-03 1.971182493523072898e-02 -5.080538638806687997e-03 -2.396495984249562283e-02 -6.333910143726845417e-03 2.150912525062785574e-02 9.346921576576071181e-04 -1.212044788428153115e-02 -1.689142172644700866e-03 -3.621619671818059483e-03 1.099029297551419766e-03 -6.664886437229134049e-03 1.572948558374349590e-03 1.893147288250813381e-03 -7.055380383675466816e-04 3.724384734704100364e-03 0.000000000000000000e+00 0.000000000000000000e+00 0.000000000000000000e+00 0.000000000000000000e+00 -1.473898816539144854e-03 -2.740605552720507508e-03 5.844077996592242363e-03 4.068822202595071512e-04 1.377327001666144198e-02 3.136178086442996740e-03 7.932464773418482868e-04 -4.189192794841845556e-03 4.799742343117381800e-03 1.563106498624983621e-03 7.430646400534034711e-03 -2.064055346194095062e-03 -9.313264579829786532e-03 4.717895964988331158e-03 2.146629361315076975e-03 -3.349571857451187715e-03 -4.600051808205419222e-03 -5.133006921713813633e-03 7.839126558867379538e-03 7.513488032289265036e-04 -8.316855644330237336e-04 1.610353091203175699e-02 -6.149017689129452832e-03 -2.240722050615473297e-03 -7.188364421763371662e-03 4.463063228487657366e-03 -2.428385758210908039e-03 -4.713800020733974194e-03 5.452958956866630139e-03 -5.013276656165622375e-03 2.841942732407138489e-03 -2.671462462340525555e-03 7.006689294739344015e-03 5.919663640851688044e-03 5.868332289150802669e-03 -1.027080507730066417e-04 3.372408039113134956e-03 5.416109425649363526e-03 1.855925387426943197e-03 -1.884929386651320801e-03 3.658966924498437481e-03 2.668107644474410328e-04 2.351550662633521832e-03 -4.642727790672119062e-03 1.768895337768990050e-02 2.889275247087286572e-03 -1.258320880217611397e-02 1.505843401208577584e-02 4.889305114838367154e-03 -2.611854502813108249e-03 3.587961736382506810e-03 -1.111280344179262861e-03 5.883442044478550195e-03 -1.905795668397753870e-04 -2.122036016410634024e-03 1.028035581551016084e-02 1.962650554931440888e-03 3.877065246572813234e-03 1.037148233756129447e-02 -3.887802875937190501e-04 -9.453049713393527021e-04 7.043440051775845534e-03 3.373485462248989805e-03 3.587292334353510762e-03 3.870329491326709830e-03 6.230947565078015331e-03 -3.422440001802466714e-04 5.263722967195500965e-03 7.210389185512516147e-03 -1.185131673003257365e-03 2.747597129205152713e-03 2.379717756875393900e-03 8.230181099174699311e-03 1.863042351308777031e-02 1.395998535843123167e-01 -1.388668224817475594e-02 -6.593475060264569754e-02 -2.008682830953671325e-02 8.969813185441959102e-02 -1.869325747704868659e-02 -4.500498285663457471e-02 -2.033762228841858727e-02
0.000000000000000000e+00 0.000000000000000000e+00 0.000000000000000000e+00 0.000000000000000000e+00 2.612706490156779804e-02 -2.269309088957553733e-02 1.321191795366206956e-02 1.406211397946909858e-01 3.132468928516452533e-01 -2.058052528527613834e-02 -1.745730831878524458e-01 1.017911592389227765e-01 1.244632521177898091e-02 -1.044948375168352067e-01 -1.289584559423324547e-02 4.284172150447276839e-02 -2.581136679522413879e-01 4.396563220372011749e-01 2.229139157884868494e-01 -1.843878588752618231e-01 3.430189324899737824e-02 3.287586822395293651e-01 2.130366733790234335e-01 2.613481892767273440e-02 9.542032830102042951e-02 -2.956312720209470016e-02 8.209335744384373135e-02 1.133693440502109517e+00 2.068551427245727825e-01 7.154300378332721644e-02 1.631363453006254294e-02 -4.634910274341530467e-02 2.841065039591315899e-02 -5.526920648010471421e-02 -1.635608972837462316e-01 9.355642348613602000e-02 3.686834999402192892e-02 1.214034728749746189e-01 -7.846846669553762810e-02 -2.843218372003421535e-01 2.032119583671996785e-03 2.372607928348968720e-01 -2.216001523467121120e-02 -1.099280216697518242e-01 -2.645990453954353422e-02 -5.610059607595610683e-03 5.183186718151003292e-02 -5.832452753101075721e-02 6.708035341432438958e-02 5.737428025325336939e-02 -9.482314833682867899e-03 6.929791638073883042e-02 0.000000000000000000e+00 0.000000000000000000e+00 0.000000000000000000e+00 0.000000000000000000e+00 -6.714393486470865424e-02 -2.644886258844291946e-02 5.731246752965180047e-02 -8.883986456565890963e-03 6.816217304870463012e-02 1.557789201083468675e-02 8.428818900805929229e-03 -4.587812358685133124e-02 4.908457270452266930e-02 1.401706739354819688e-02 2.619534612649487490e-02 -4.782111922602072518e-02 -4.910783570922137159e-02 2.689801767443879277e-02 1.977545906382446872e-02 -3.810146022920522790e-02 -3.967757380545587631e-02 -5.701126443275320727e-02 1.684516889464253431e-02 -1.455182634499581698e-02 -7.388059253271892814e-03 2.151644868042842662e-01 -6.762800125533345585e-02 -3.032252033617392761e-02 -3.336668442980069565e-02 2.464009100104991301e-02 -2.217059007971314971e-02 -5.274338030489536533e-02 4.620329796846431303e-02 -5.381455542929082514e-02 5.499295265171154530e-03 -4.759393733731289572e-02 6.981308704335217885e-02 6.001625561092732708e-02 2.513166008718749345e-02 -1.548892503135057552e-02 3.705060649574984377e-02 5.714021858609312499e-02 1.931969800217933630e-02 -2.896997163575357193e-02 2.785348209438808995e-02 -2.440547693573655308e-02 1.992055852707806662e-02 -7.527790467855069445e-02 1.421121625560402835e-01 -2.163845733105251509e-02 -7.813663476425504462e-02 1.853818477534227571e-01 1.694982101786446371e-02 -4.214118128275595732e-02 3.277421224716454279e-02 -2.093672098699113013e-02 5.628992432653742717e-02 -9.728741811693076419e-03 -2.428002451325061983e-02 1.016511745895510854e-01 2.484647038573451622e-02 3.298538570575413470e-02 3.950206491688711824e-02 -2.245612277166786006e-02 -1.719038924268529930e-02 6.945414055736344461e-02 3.726857384787667787e-02 3.152150514628229011e-02 3.940923864116593900e-02 6.636917905454306488e-02 -4.274008017472194845e-03 5.164427669658809561e-02 3.351959853807488093e-02 -2.840236492597634360e-02 2.406408755517094530e-02 2.302575706252688037e-02 7.907298117072425470e-02 2.073171354030086955e-01 1.151775022536535964e+00 -1.781874264301588628e-01 -6.173429295680739060e-01 -2.332386185242768528e-01 7.560205664705137441e-01 -2.196033856117249883e-01 -4.028991669030714817e-01 -2.419935912116419341e-01
0.000000000000000000e+00 0.000000000000000000e+00 0.000000000000000000e+00 0.000000000000000000e+00 1.804526699327404018e-02 2.947746586236748775e-02 1.312208610890937439e-02 4.884663449470900976e-02 2.363253899924851187e-01 5.206532996302627031e-04 -3.043982003465524333e-02 8.554178158600704573e-03 2.173510829988448134e-02 -8.429494340196489952e-03 4.216622071758389934e-02 1.168335222627714734e-02 -4.969690357898681743e-02 8.756459472570327085e-02 7.233835830407743528e-02 -5.109611265110871464e-02 -4.082953972358837821e-03 5.067716045873286307e-02 5.265881449475299375e-02 1.573626052183852222e-02 9.553375988391504814e-02 -2.928010630724559808e-04 1.565128896227885313e-02 2.068551427245529650e-01 1.885102650226412324e-01 2.062780593891682529e-02 2.647724562670518422e-02 4.895564056066861042e-03 2.103237539343404128e-02 -8.197764855570801451e-03 -3.685493053368071870e-02 9.028015384641652208e-03 -3.043479354503239240e-07 3.078088793442376736e-02 -1.974421489182067585e-02 -5.673632723712991599e-02 1.390190660885657747e-03 4.218234125926943051e-02 6.554273456379659801e-02 2.196634563662587351e-03 -1.625388474857108892e-04 -1.191147615157210626e-02 1.739738380260850634e-02 -3.671449998564819961e-02 2.706784825130517658e-02 -2.090956668116151010e-02 -5.522882257105047980e-03 -1.425139930077095815e-03 0.000000000000000000e+00 0.000000000000000000e+00 0.000000000000000000e+00 0.000000000000000000e+00 -6.558204891670449052e-03 -7.485294704178334542e-03 1.790520691363155920e-02 5.312652276203486471e-03 3.686633228669039530e-02 1.180934938369752191e-02 2.726726239720909852e-03 -8.997681175921992680e-03 1.124350472558571443e-02 1.027948404484580695e-03 2.051020280258539566e-02 -2.336476579642605272e-03 -2.853953296919358243e-02 1.632263062215422514e-02 4.534476275480820405e-03 -6.318006670426241575e-03 -1.197570655094325545e-02 -1.136433794094100433e-02 2.556811474453466945e-02 6.768243490021214753e-03 -1.176269652365957014e-03 3.878240962326193197e-02 -1.368093945352004230e-02 -4.727750918738679933e-03 -2.162023456437068419e-02 1.449292722826493914e-02 -4.360673386179557756e-03 -9.083327472409648273e-03 1.294703476320377758e-02 -1.128166415272038522e-02 7.595590368806998116e-03 -3.154462837714210738e-03 2.019865093488268371e-02 5.778304267564034896e-03 1.393687889862167857e-02 2.291028939598867969e-03 1.231809553077585842e-02 1.909731413637893657e-02 2.831099711181303633e-03 -3.638075231869275679e-03 8.159734287958835680e-03 -2.709818842911337206e-03 2.992546996180303620e-03 -1.502209219023835016e-02 4.490268471944817985e-02 1.782462608284414440e-02 -2.536076236134444245e-02 2.252259964891994287e-02 1.276302262345140742e-02 -5.877381844125534327e-03 1.247535211558274335e-02 2.935860146552182054e-03 1.747897341108797103e-02 3.246848748754417070e-03 -6.157330035340797918e-03 2.634055548289510051e-02 7.045937680480079783e-03 1.635011042450859944e-02 2.388172522519558041e-02 3.078344804193583473e-03 -3.446121407892962368e-04 2.204563110023140607e-02 1.259443199689775153e-02 1.135058435622222396e-02 1.297880444295475624e-02 1.356044812031515293e-02 -3.632447210999430621e-03 1.558965535237025191e-02 2.025558571524635476e-02 4.803360436287235080e-04 8.427504708679886200e-03 7.933249095219252478e-03 2.568404811701720247e-02 6.502716067204161732e-02 4.290507457922714263e-01 -4.636456178822902230e-02 -2.090050947187698516e-01 -6.549805829685584335e-02 2.768100341395415276e-01 -5.954289264429006578e-02 -1.352585476210174387e-01 -6.414783247563726754e-02
0.000000000000000000e+00 0.000000000000000000e+00 0.000000000000000000e+00 0.000000000000000000e+00 -8.842401891498237378e-04 2.607896399338864232e-02 1.167806672967030808e-03 6.603650761516512147e-02 5.790477842932795910e-02 4.205677046128201979e-02 -1.349639621111846897e-02 -2.900983037180344514e-03 5.377272498958295469e-03 2.562248559723195873e-02 3.598982169508149406e-03 3.925813040072979182e-02 -1.592949628328627423e-02 3.503969261032254673e-02 4.104069406583067681e-02 -1.487385419150379778e-02 1.279509050800283626e-02 1.874358745546280194e-02 1.672301061242376097e-02 8.871699532731735713e-03 1.579870562982689172e-02 3.931486748143656063e-02 3.681531410549297723e-03 7.154300378328039278e-02 2.062780593891512873e-02 5.508149962182078141e-02 6.395979043887903281e-03 3.837888331070531123e-02 5.753182610149417016e-03 4.157502889927646578e-02 -1.839518607681623827e-02 1.276007521261742113e-02 1.052026928287094288e-03 -1.700007796078356267e-02 -1.040424770198915272e-02 2.999235335146041397e-03 1.255291331998934119e-02 4.003164241324202836e-03 -3.169585586850756642e-02 3.305771203244654149e-02 -8.316129276475280399e-04 -4.044721387248599587e-02 1.612894168938555292e-02 -2.911066573875664698e-02 2.262177841604612327e-02 7.138441096840494535e-03 -3.089869233167960062e-03 1.435914208208058720e-02 0.000000000000000000e+00 0.000000000000000000e+00 0.000000000000000000e+00 0.000000000000000000e+00 -5.052071604991253267e-03 1.459168631902402202e-03 3.298768693284188838e-03 -2.840119878983565511e-03 -5.722617766492970812e-05 -9.853627326682663778e-04 -2.109546114658078508e-04 8.921504228258774752e-04 2.139472323099168849e-04 9.230087129283844147e-04 -2.089296710228759953e-04 -1.685255818515518688e-03 -1.392562613247793008e-03 -1.050734281419862890e-03 9.194089814919864569e-04 -2.508414727641567810e-05 -3.678145891456404749e-04 -7.152327940688823701e-04 9.289802137105105913e-04 -2.806390670710884588e-03 -1.166678519909574796e-04 5.822494648057403854e-03 -9.754908765568741499e-04 -1.532562946887303492e-03 -1.363963350554836399e-03 -1.239644369520056079e-03 -4.351761208725265151e-04 -1.667691785346069001e-05 -6.379871233650394454e-04 -6.730158390265071318e-04 -1.373596697831579562e-04 -2.718336890769045781e-03 2.339712076630872523e-03 3.395015276337527439e-03 -2.768319441727610207e-03 -4.877823263279342653e-05 3.575777600940384729e-03 1.783108115764699304e-03 -8.379574511426655025e-04 -1.228743503974777732e-03 -7.770781119882665903e-04 -5.337627494120935311e-03 -1.744914448015650373e-03 -6.299036445000186918e-03 1.465946325134493636e-03 1.207028496294684349e-03 3.868322271293595654e-03 -1.253603061496648538e-03 -8.974409917416967947e-04 -1.619446275641607709e-03 1.598657320999634498e-03 8.060562155078632727e-04 1.650071591766328130e-03 4.147017895573167838e-04 -2.143754641237058237e-04 8.520762336713726213e-04 1.079804511166449627e-03 1.892986196264316795e-03 -4.861054778549181790e-03 -1.280933955729985762e-03 2.047489321126203746e-03 1.836789693692220549e-03 2.582806525268432907e-03 5.403521000892167738e-04 6.216625785148725478e-04 1.194817700957471031e-05 -1.355612150091222833e-03 4.345012514742776599e-04 -7.579744606243474930e-04 -1.015821988504635003e-03 1.948063495757599347e-03 -1.930782997363066132e-04 -5.406561066042311209e-03 -9.839918042645178636e-04 -7.099150011164311047e-02 4.961723428385715704e-04 2.106598860173835783e-02 -3.822145505365886174e-04 -4.324874589024755439e-02 1.223029226118423074e-05 1.841074097011735633e-02 9.558496096577097758e-04
0.000000000000000000e+00 0.000000000000000000e+00 0.000000000000000000e+00 0.000000000000000000e+00 2.281506955862698874e-03 1.065164845581197291e-02 1.748162671518011272e-03 1.587332789666341323e-02 4.006058427859417875e-02 5.564998920292905070e-03 -4.953992762981347534e-04 -1.917835409359347314e-03 4.553023765353674326e-03 5.648794104860832208e-03 1.095945230831043768e-02 5.311992478971840244e-03 -1.889621168743152013e-03 6.711636112575305839e-03 7.248970941351340173e-03 -5.432054939235693956e-03 -2.467831594055155085e-03 4.040843375231679187e-04 2.552630447919464717e-03 1.425426753528749851e-03 1.654551303087908529e-02 5.185864999766567375e-03 6.185234334299899786e-04 1.631363453005040681e-02 2.647724562670457360e-02 6.395979043886549330e-03 7.117129027481290497e-03 4.051721880179373278e-03 3.680941924213140554e-03 4.871544734663344270e-03 -3.382342118648197157e-03 -1.943768565735470204e-03 3.987846410209177250e-04 -1.347520602679844236e-03 -2.355483738517303964e-03 -5.455157698558844859e-03 3.076551738288552541e-03 -4.974700399796688462e-05 1.489131008482963772e-02 2.489538659992812913e-03 2.021760423763565846e-04 1.833639009038259046e-03 1.892584900989126512e-03 -8.389535029813406999e-03 5.533056541830317331e-03 -8.497997789587075817e-04 -8.304049217830937295e-04 -1.508581697911090948e-04 0.000000000000000000e+00 0.000000000000000000e+00 0.000000000000000000e+00 0.000000000000000000e+00 -2.446702777863339531e-03 -4.914998071343972463e-04 -1.455219295562755043e-04 8.389769124249242017e-04 -4.972513064203759083e-03 1.088664720512304371e-03 6.579367973844050567e-04 -6.042063683503227185e-04 3.448362481459124585e-04 -2.720832126429625409e-05 -2.762982161373476846e-03 1.410361721767433314e-04 2.372274635023807147e-03 1.264166402947582580e-03 5.473450061250405502e-05 -5.223737199739121075e-04 -7.146279310145046536e-04 -2.186292213262829541e-04 -3.770864391858875283e-03 1.354659990076873379e-03 9.664084477831922065e-05 3.345648542936681836e-03 -5.099799101120593148e-04 -4.677305319771077872e-04 2.382270632867976041e-03 1.253995102727687621e-03 -2.464038082748923482e-04 -7.588293039168952665e-04 9.716654243888021240e-04 -3.011275551259255797e-04 -2.133941585296360299e-03 1.857712021041313302e-04 1.493306644339340798e-03 -5.183536484569789115e-04 -2.374733021569435006e-03 7.065928663955150374e-04 1.230094931206973446e-03 1.674223913635398747e-03 2.558522953203570794e-04 -3.225727023417204547e-04 5.566217324773550378e-05 -1.048463717089801730e-03 -6.705134412779982685e-04 -1.908175633706728387e-03 -1.804282068142911387e-03 5.613464913524492898e-04 5.597249041771378344e-04 -1.176669756745168677e-05 -1.368016341285963793e-03 -5.620854151948430615e-04 -1.049293739537234156e-03 1.020199760439683941e-03 -6.452127693413380743e-04 8.612261818877022575e-04 -3.383092342211969786e-04 3.829833309586956050e-04 -6.606296720236086700e-04 1.373609770497488756e-03 -2.986666438869431915e-03 1.894561242127724022e-04 -4.578222535487393857e-04 1.701481944242091548e-03 4.025905688410747005e-04 6.489057721648170806e-04 5.791934782258788012e-04 8.659130111206128416e-04 3.677116020194017270e-04 6.242735127731867091e-04 -1.890631913389932087e-03 5.061113252931587897e-04 -4.464967492146086495e-04 1.255782751937816041e-03 2.296273016331466278e-03 5.319215997409771496e-03 1.875541438805146399e-02 -3.933260196403619985e-03 -1.168451081470949296e-02 -4.084857914356608555e-03 1.167169067945320743e-02 -3.615773259935331149e-03 -7.611581068605895346e-03 -4.605206572898892965e-03
0.000000000000000000e+00 0.000000000000000000e+00 0.000000000000000000e+00 0.000000000000000000e+00 -2.120926338889039635e-03 3.037713648165545066e-02 2.308774178755864206e-04 5.142094365638668479e-02 2.497182313960286462e-02 4.201981038646837585e-02 1.221001804642777439e-02 -1.623614610503958111e-02 5.370472813049722433e-03 3.638964223679547888e-02 6.602439183425391940e-03 2.584305387303032636e-02 6.305514527680976082e-03 -1.108963342497778885e-02 1.547980363217605834e-02 1.130975877708328622e-02 1.354912808579426982e-02 -9.027361992798851181e-03 -2.430729918012968123e-03 1.005335079822921099e-02 1.001351158684291726e-02 3.426245968324873048e-02 -7.674661735439776075e-03 -4.634910274347221748e-02 4.895564056055448296e-03 3.837888331069425757e-02 4.051721880176161437e-03 5.947168611565037399e-02 4.164970716018926919e-03 4.770085169013957987e-02 -5.760093821493831494e-04 -7.904615522538410363e-03 -3.004130870177844533e-03 -3.262011708562085471e-02 2.325372077873988103e-03 2.819556982405631990e-02 1.810732419673536861e-02 -2.476309526629226487e-02 -3.200981497914301421e-02 4.932772616214026185e-02 6.170944073140337792e-03 -3.380149293610132388e-02 1.253257707560613034e-02 -2.301990029071781033e-02 1.416807791165965169e-02 3.284327645050808854e-03 -2.487626078332769684e-03 -1.380500058157166365e-03 0.000000000000000000e+00 0.000000000000000000e+00 0.000000000000000000e+00 0.000000000000000000e+00 1.163720187463966691e-03 4.947606007077750938e-03 -6.098907715673409190e-03 -3.021067657860933807e-03 -1.316876869114135158e-02 -4.997636696114880761e-03 -7.917024571726910109e-04 5.779442375562560304e-03 -5.654146524360551158e-03 -7.835186864544584637e-04 -7.297569140160125971e-03 1.468276294310948572e-03 8.218618766550719185e-03 -6.890159410773760360e-03 -1.938701459217192190e-03 3.781917429311676144e-03 4.915882679629401258e-03 6.232568941249932992e-03 -6.359143117465857614e-03 -2.752212252845429030e-03 9.423867240388578669e-04 -1.927305996977247624e-02 7.330863552419859819e-03 1.679785701156675517e-03 5.891657864344966924e-03 -6.068938175786897475e-03 2.925583740310298570e-03 5.967317139176767961e-03 -7.253813972650804097e-03 4.989738884626747362e-03 -2.704922028856215823e-03 1.243097674540868123e-03 -6.658039194260691011e-03 -5.775186622882792081e-03 -7.426772426065121439e-03 -1.438573711832015489e-03 -1.678400847647700976e-03 -5.745963572292549920e-03 -2.332010556269380197e-03 9.283309900837693075e-04 -4.248080025794411310e-03 -1.491580609915939097e-03 -4.148098860926988790e-03 2.996081034541914732e-03 -1.701573354223169174e-02 -3.069417353598806551e-03 1.418423572907336581e-02 -1.941292739146236596e-02 -5.221421589599003696e-03 2.244699707341525803e-03 -1.497482502988449135e-03 1.130247472971140574e-03 -5.707915726784492001e-03 -5.872420440021943302e-04 2.830081995555368962e-03 -1.213491349916522542e-02 -1.582634371968222146e-03 -4.822538022263621847e-03 -1.278101590647430855e-02 -4.550085110481778610e-04 2.508227408153370502e-03 -1.185170926476545282e-02 -3.171642803924136153e-03 -5.247429308471498847e-03 -4.275854392296742773e-03 -8.656720098710846481e-03 -9.981025735650772210e-04 -6.999974868248114851e-03 -7.056136167105571746e-03 2.160292827876041663e-04 -2.340107025606292385e-03 -4.042703114816862536e-03 -1.569281476905458675e-02 -2.686204811641165063e-02 -2.324341066473545880e-01 1.939916487837132358e-02 1.066011567387907949e-01 2.704173986187191278e-02 -1.465136411078690470e-01 2.532092276809547529e-02 7.291400554919603982e-02 2.776536352135669516e-02
0.000000000000000000e+00 0.000000000000000000e+00 0.000000000000000000e+00 0.000000000000000000e+00 1.928517309399760188e-03 6.773039989584898196e-03 1.514761777648843859e-03 1.272964150037096849e-02 3.071502579859858306e-02 3.999414671741368874e-03 -3.264250914683073431e-03 5.584377506113126412e-04 3.113968465458053555e-03 2.119176701084616102e-03 6.282564944511364116e-03 3.973400629481488831e-03 -6.928139130920376795e-03 1.369330363174214166e-02 8.177952923230516827e-03 -5.563444827180934714e-03 6.694024144352167614e-05 5.751733753819587673e-03 3.997090569629688055e-03 4.230846234067796308e-03 1.190198418713104764e-02 2.793419232178680905e-03 1.369196237551601044e-03 2.841065039589327559e-02 2.103237539343044693e-02 5.753182610148015359e-03 3.680941924212745471e-03 4.164970716022292282e-03 5.395223892351996321e-03 2.627629542498625265e-03 -1.858857243270400569e-02 2.688710175539086276e-03 2.065375461194713432e-03 -8.181343249813953153e-03 -7.128810238892265526e-03 1.602571591274962268e-03 1.974843578979183431e-02 -2.710717409711583745e-03 3.663261333982890076e-03 5.050442067383247025e-03 -6.186946190629534969e-04 -8.471529958648861894e-03 3.623663174494452365e-03 -6.963160690605115118e-03 5.774097265311915403e-03 -1.587378319968050068e-03 -7.497991341269659308e-04 -9.115454078352840323e-04 0.000000000000000000e+00 0.000000000000000000e+00 0.000000000000000000e+00 0.000000000000000000e+00 -2.773033732866515139e-03 -6.494724434899197063e-04 1.907276067025350397e-03 -1.593200005650635253e-04 9.713681062884782502e-04 2.045578194622076854e-04 3.293850752350336079e-04 -6.930409239693741206e-04 1.097823245818487685e-03 1.149443179791618706e-04 9.398864226376907067e-04 -1.291235003633383260e-03 -1.439812037879039915e-03 5.012794007242151861e-04 4.987146653908198449e-04 -4.869735936221601907e-04 -1.108934766953966703e-03 -1.197495194854735021e-03 4.067134037554152848e-04 -3.755965281884545218e-04 -3.087050348361074074e-05 5.545174634100596620e-03 -1.457545025520012080e-03 -6.105077725886181228e-04 -1.060445797065622843e-03 2.558457350706712027e-04 -4.502374442921653740e-04 -8.580056985627187473e-04 1.152968518789153221e-03 -9.481115478412628769e-04 -1.650247938014237875e-05 -1.269750515301386025e-03 1.974288827200746093e-03 6.120023366344309965e-04 -1.332869057508629133e-04 -4.289106273111273175e-04 1.705435189218516227e-03 2.142221256126597504e-03 3.152523571318595363e-04 -7.727049625132833026e-04 3.823821608017247044e-04 -1.279278901084303973e-03 -2.134156665466316934e-04 -2.688949923780627020e-03 3.229772070614328298e-03 -1.045629762444798879e-04 -7.898044830837235930e-04 3.021404984458409427e-03 5.469785430616794404e-04 -1.660656140761834418e-03 7.744522445135447377e-04 2.690738141919648695e-04 9.853974909610377191e-04 4.268942196630400726e-04 -3.647572347552437318e-04 2.300072335306827236e-03 4.218170966365004547e-04 1.434080793174804169e-03 1.643054583443498938e-04 -7.926272202547735794e-04 -2.245801726314006512e-04 1.891381271514280382e-03 1.529234800788082738e-03 1.125438768114565098e-03 1.260698817338739642e-03 1.349528398392218966e-03 -5.638634208057454519e-04 1.454780591603444971e-03 5.410877999611908139e-04 -7.815266966778643219e-04 7.256687716332860813e-04 8.658832412486820729e-04 2.001306297688781183e-03 7.718564208566936098e-03 2.992292298286031160e-02 -6.868827477598401024e-03 -1.772934620352546731e-02 -7.938083283980884239e-03 1.999003612274322106e-02 -7.694491064800525540e-03 -1.047387863432156299e-02 -8.310578741023297300e-03
0.000000000000000000e+00 0.000000000000000000e+00 0.000000000000000000e+00 0.000000000000000000e+00 -4.200053506368105032e-03 4.161255762048961249e-02 9.198865744653762777e-04 5.601164127011392518e-02 2.747802568445397928e-02 4.937359136613705263e-02 1.461617095750736978e-02 -1.219221118849859314e-02 6.069709178330211230e-03 5.208059098011291049e-02 1.395125450092139438e-02 5.083409166701581550e-02 2.419551505545032566e-02 -5.389133799019307086e-02 2.813112682546758687e-03 8.787372755582562121e-04 7.720623064511714789e-03 -4.647284783687894577e-02 -9.165359061078865582e-03 -1.356187613372713532e-03 6.512027582322976391e-03 4.995267534844598928e-02 -1.023129592932549813e-02 -5.526920648017564358e-02 -8.197764855578326681e-03 4.157502889926777134e-02 4.871544734662154250e-03 4.770085169014765675e-02 2.627629542497257869e-03 1.348387275905047200e-01 -1.680606353516351029e-02 -7.204512440613199120e-02 -5.772129767335543171e-03 -5.964798998225353394e-02 7.239646130989963423e-03 4.719193594795728294e-03 2.067630017345883572e-02 -9.561937219293596690e-02 -3.766270612666564044e-02 4.238282920267411741e-02 -1.866566750676754757e-03 -1.073802044277503281e-02 7.394852932110353681e-03 -3.007057942880075061e-04 2.007359463116376724e-02 1.798755401100926576e-02 -3.588427890551397752e-03 2.557237564100318244e-02 0.000000000000000000e+00 0.000000000000000000e+00 0.000000000000000000e+00 0.000000000000000000e+00 -1.121466154451151477e-02 2.233786796390152367e-03 -3.442824597071817913e-03 -2.426334826159823755e-03 -2.237940327063293877e-02 -6.743632443344202768e-03 -1.835692061320228722e-03 5.649405488054669300e-03 -4.462879721639325878e-03 -1.976395147415603744e-03 -1.351014626604358192e-02 -3.062162011844114882e-03 1.447781758711722856e-02 -8.267893472814388453e-03 -1.918556033206497312e-03 5.702774772828992506e-03 4.426663395285085865e-03 4.148448192070757629e-03 -1.656209379413955615e-02 -5.533402091270527359e-03 1.777428320327177711e-03 -4.995150757706335459e-03 5.467629936304342110e-03 3.209676770627353012e-03 1.058362917772617991e-02 -9.264423857736427820e-03 4.370010686933323285e-03 6.356855250745620245e-03 -8.029186622085435904e-03 5.560079504144044976e-03 -5.358094489355762387e-03 -1.838681956870622664e-03 -8.239276331152041791e-03 -6.319718899144239309e-03 -1.270690423218146480e-02 -2.679054820620061644e-03 4.255888066124298083e-04 -4.551678941512749682e-03 -2.447827148391395168e-03 3.666942984481385811e-04 -5.767748959875708924e-03 -6.504508404767991685e-03 -4.483827934182162307e-03 -4.870706660452370565e-03 -2.367326186390047993e-02 -8.238354224519447988e-03 2.321664676427222934e-02 -1.156641730067399509e-02 -8.188162313705293210e-03 -2.642604055565429648e-03 -5.692447880895828288e-03 2.647157772295610518e-03 -8.598487121218030549e-03 1.749568854720896013e-03 2.114338958445400197e-03 -7.673227148548537532e-03 -2.648403570546485619e-03 -1.267149480713831771e-03 -2.060228096834437056e-02 -3.610078300245405866e-03 1.806073888150524749e-04 -4.228945541845384980e-03 -1.857258070743979337e-03 -4.147651509115009294e-03 -3.341395104570275658e-03 -5.022231224896206089e-03 -2.666033238874973565e-04 -4.187600944438132390e-03 -1.467248307090901135e-02 -2.366780275321394341e-03 -8.673247047771007667e-04 -1.581968214796021250e-03 -8.630624913257462644e-03 -8.498251087938531526e-03 -1.699023149011281986e-01 1.887857809179984466e-03 6.420485073250542518e-02 5.473191795876702730e-03 -1.068806115367355591e-01 7.309761974015520705e-03 5.157533005245979602e-02 8.199202880428546961e-03
0.000000000000000000e+00 0.000000000000000000e+00 0.000000000000000000e+00 0.000000000000000000e+00 -3.838354973964897866e-03 -5.461543030983791614e-04 -1.112270995143280336e-03 -4.047474224809369941e-02 -5.278757922914424638e-02 -3.397946273928636497e-03 2.665788829734756088e-02 -1.373328095798237100e-02 -2.078726518246772677e-03 1.162756218180633488e-02 -2.720757421742056072e-03 -6.498928773173146337e-03 4.404824421029234632e-02 -7.891475810851969475e-02 -3.163488568980713650e-02 2.450907075658975351e-02 -5.189502189946964758e-03 -5.749388358932697868e-02 -1.777440292893946866e-02 -1.894064766619641543e-02 -1.600348674968233437e-02 3.631156902566233524e-04 -1.260092365307350325e-02 -1.635608972837118702e-01 -3.685493053367087241e-02 -1.839518607681895138e-02 -3.382342118647451660e-03 -5.760093821582201561e-04 -1.858857243270498061e-02 -1.680606353516828771e-02 1.576976088812782617e-01 -6.257443674044939992e-04 -1.316061168655141903e-02 8.259505595154230037e-03 1.131405037317357448e-02 -7.557545348096449817e-03 -7.652291595819479819e-02 2.778272658743483406e-02 3.702257827527371398e-02 1.160306496162777801e-03 1.129670642148840158e-02 2.506845404205812651e-03 -1.644487840291353198e-02 2.777920972100980310e-02 -1.683716656677909304e-02 -5.583436040377188353e-03 3.007615930519308249e-03 -3.915172602325022073e-03 0.000000000000000000e+00 0.000000000000000000e+00 0.000000000000000000e+00 0.000000000000000000e+00 9.201450466231506434e-03 1.420972643646651332e-03 -1.154378129883626425e-02 2.475612750811342650e-03 -1.434069611431844013e-02 -2.016033445609108181e-03 -1.861341274204327510e-03 5.481602140843016419e-03 -6.868890761924317800e-03 -1.574491257849267890e-03 -1.053060240820559781e-02 6.952141354624265940e-03 1.264596288049107779e-02 -2.393131964901052885e-03 -4.132596581716942510e-03 3.688210284384208816e-03 6.850529389127709388e-03 7.131245032723752125e-03 -9.179133805884625436e-03 2.785461875448589850e-03 1.058345516993808256e-03 -2.880179728895020108e-02 9.652391734558472824e-03 2.973269203403921916e-03 1.062662257374489758e-02 2.314764600440753078e-04 3.484462900349758960e-03 5.760828686662686736e-03 -8.398210399934970261e-03 4.819419185986507578e-03 -3.253831651263073416e-03 6.782159327859424783e-03 -1.164221387916618451e-02 -9.305006948840731026e-03 -4.114114063563636438e-03 1.324329372433789929e-03 -7.839789949174728184e-03 -8.603637930236614217e-03 -2.828743278454946917e-03 6.482325616979495858e-03 -3.285628168024064787e-03 3.473429114271790914e-03 -1.559944343229800658e-03 1.196912759016512465e-02 -2.521525917738981840e-02 8.165139053403110136e-04 1.252010667392557813e-02 -2.300528636271051072e-02 -6.814336322118683120e-03 6.284985430468363089e-03 -5.468391776235346363e-03 2.323459607069992307e-03 -6.098972879167632172e-03 1.313086428206944063e-03 1.826939739715410967e-03 -1.205125723001364453e-02 -2.263404301283471372e-03 -3.408875548786419532e-03 -1.006427224812035670e-02 2.944536264241149129e-03 1.109684435601941774e-03 -7.292257397354439188e-03 -7.449044712778562019e-03 -3.942289555857236838e-03 -6.456744142130496980e-03 -6.897750794631530083e-03 2.751513304518048500e-03 -6.589000126482951955e-03 -8.445228618497044315e-03 4.288790893470481418e-03 -3.443930640606635875e-03 -3.372876339925591060e-03 -8.962972726415927016e-03 -3.248027516463056902e-02 -1.617119485590781669e-01 2.827672081142407895e-02 8.983197243786948671e-02 3.398343327988968127e-02 -1.053997318550115303e-01 3.437172476681789324e-02 5.635444994148883224e-02 3.461456417068356495e-02
0.000000000000000000e+00 0.000000000000000000e+00 0.000000000000000000e+00 0.000000000000000000e+00 6.838208900916188139e-04 -7.989218671885643663e-03 -4.282442755503972119e-04 1.163626803793059786e-02 1.419045512029273870e-02 -2.266930870302243366e-03 -2.262782144510910518e-02 1.071573811619217290e-02 -1.545117764878205843e-03 -1.377376697935645856e-02 -1.360233230570495090e-02 3.678888855985439164e-03 -1.158665981596903628e-02 2.220828418643789465e-02 3.318320160215416925e-02 -1.425379092607466716e-02 3.792786712009128119e-03 4.221105131648923009e-02 1.130001415277107936e-02 1.299608497176168997e-02 1.904654960088004740e-03 5.167756604788599972e-05 1.148832096711864537e-02 9.355642348611652170e-02 9.028015384639697175e-03 1.276007521262573913e-02 -1.943768565733467032e-03 -7.904615522532887004e-03 2.688710175540640155e-03 -7.204512440611891833e-02 -6.257443674007184820e-04 1.677562584586006211e-01 4.316740508366066591e-03 3.907237597385159605e-02 -4.666485919240434370e-03 -1.544064909201529889e-02 2.406848569417398970e-02 8.337245135347266800e-02 5.982578613294353351e-04 9.802038583564081503e-03 -9.305895854708293516e-03 -7.499521005512629901e-02 6.259806218871130125e-03 -2.552467839712936268e-02 2.382840792639408754e-03 -1.634182351619438076e-02 1.871091173344891249e-03 1.245563512525987848e-02 0.000000000000000000e+00 0.000000000000000000e+00 0.000000000000000000e+00 0.000000000000000000e+00 -2.100041718765882724e-03 -1.989628302891362829e-03 5.264241850903416536e-03 -2.387384899631379148e-03 1.094510199689046996e-02 1.477418838361564939e-03 1.729769282257820557e-03 -4.944583468619255170e-03 3.901252738914267031e-03 2.946212964102315479e-03 4.548679909820034332e-03 -3.203591832831234089e-03 -7.962890488831218805e-03 2.299128685628334598e-03 1.882403095682791492e-03 -5.257061419142661056e-03 -2.750402232399789832e-03 -3.940406985969410747e-03 7.530113923835681303e-03 -1.721067356731979629e-03 -1.495123592988764323e-03 1.579577040416370315e-02 -5.755568291206813840e-03 -4.045577541653850098e-03 -4.885381633340662305e-03 3.429050931496418955e-03 -3.369471319114420837e-03 -6.586575959976584231e-03 4.122743991868484809e-03 -4.065592021134056128e-03 1.493247723014343989e-03 -4.582377860413208888e-03 8.941493129196774817e-03 7.931832436970709388e-03 2.508412219706840623e-03 -1.190669689355687870e-03 4.697813753548900698e-03 9.976951523535847882e-03 1.050165384684307451e-03 -8.050046643136427298e-04 3.953799940250492945e-03 -1.675799015928373589e-03 -1.309652894962785429e-03 -5.441565576807410633e-03 1.740867818177763149e-02 2.079008746963860801e-04 -1.061250457173732765e-02 1.454424423233735379e-02 3.301449123896827396e-03 -2.132070746794420806e-03 4.288079500956450997e-03 -2.496481788853834299e-03 6.288412077215304631e-03 -1.744483384327914343e-03 -1.332186638397768637e-03 3.909773693737243067e-03 2.423255211006791927e-03 1.186846129625815588e-03 5.562466126723921572e-03 -1.665144192959144669e-03 1.583833467372847224e-03 6.686891644501364966e-03 3.822721408242445336e-03 2.817804013881096935e-03 4.310315911002952222e-03 3.185988694224389621e-03 -1.040710963296854639e-03 3.445081423441196614e-03 6.891314410464545979e-03 -2.386256318410640963e-03 1.884925237133639516e-03 1.922489357025113999e-03 2.637276965921891980e-03 1.124499560884568462e-02 6.167505258674165630e-02 -8.841845834175739854e-03 -3.207234391688576491e-02 -1.205200154712417031e-02 4.012263271365040102e-02 -1.303320570570093428e-02 -2.285111943758909303e-02 -1.428210149716030095e-02
0.000000000000000000e+00 0.000000000000000000e+00 0.000000000000000000e+00 0.000000000000000000e+00 4.205247273990571398e-04 -1.365278244259925371e-03 7.207979364995064329e-04 -4.804394145256326958e-03 6.905484341198527692e-03 -1.035829683729360502e-03 -5.160317023997938388e-03 2.281054037049553337e-03 2.085028703843621353e-04 -3.794707854943072094e-03 8.698152113464673648e-04 3.666594026200673158e-03 -7.102115025590978979e-03 1.461782003916233495e-02 -3.572348729384311125e-03 -6.665011138550874098e-03 -2.093069411517469813e-04 1.569138697636401555e-02 2.020222090094833407e-03 -2.567041089166154869e-03 2.733551163103128631e-04 -4.397210828455624552e-04 2.814956249037746123e-03 3.686834999400669111e-02 -3.043479337964819301e-07 1.052026928285684174e-03 3.987846410210362826e-04 -3.004130870174091025e-03 2.065375461195244258e-03 -5.772129767335255207e-03 -1.316061168655280680e-02 4.316740508364458502e-03 2.138009687723702382e-02 1.800918935419064133e-03 1.202187404320509585e-02 -1.650002601319941128e-02 6.098062517411360732e-03 1.160340950204814814e-02 8.206692527685910399e-03 -2.080495685181263637e-03 -6.027919364329281443e-04 1.388301507309742163e-03 -3.131840370776526987e-03 -3.709461643033668248e-03 -3.591874688966367572e-03 -2.065360229588598592e-03 2.825352321233604003e-04 -1.252692900239579842e-03 0.000000000000000000e+00 0.000000000000000000e+00 0.000000000000000000e+00 0.000000000000000000e+00 -4.152032639247451792e-03 -8.420388534142084734e-04 2.637235702916529163e-03 -1.020796452249135089e-03 -2.044403899659799325e-04 -2.273491216516079576e-04 7.623799642126008079e-04 -1.718370551433465610e-03 2.115175165056886949e-03 7.878759822232174210e-04 3.054535190843986380e-04 -2.755714785616217733e-03 -1.199131489142065375e-03 -1.249722136805442828e-04 8.766540493443614277e-04 -1.907958436401903509e-03 -2.163483676232476165e-03 -2.118445745452968501e-03 -5.900079272007936054e-04 -1.298421466787760695e-03 -4.024743642619629824e-04 8.978866404889384450e-03 -2.115357908764015863e-03 -6.690890201456076115e-04 -8.333942107883278699e-04 -4.389073655232363438e-04 -1.332877766193997027e-03 -2.187799099199495660e-03 3.023018731752424859e-03 -1.702314097599926532e-03 -3.198919566787893467e-04 -2.446627642355517999e-03 2.206980705801781916e-03 2.297656675940788502e-03 -6.120565872147308703e-04 -8.963804211195251087e-04 3.084047079915723695e-03 3.751911111975797693e-03 6.828422525906283373e-04 -6.436508330454828071e-04 8.360000650937035854e-04 -1.766780541501751772e-03 -3.700434589188653870e-04 -4.512290617860146257e-03 4.009894763654456469e-03 -2.339268036161464264e-03 -1.468738266110762363e-03 6.509338393279277997e-03 -5.074067163661854065e-04 -2.185738464453985258e-03 1.462557891486407444e-03 -7.011091291124610641e-04 2.025859283557817497e-03 -2.914756669461847187e-04 -4.485823007639473800e-04 2.534597108067933053e-03 6.541348449580111201e-04 9.883561497208632248e-04 -5.752954361980856541e-04 -1.671537992522606486e-03 -7.995105184517315453e-05 2.634680338177916147e-03 1.676439330891024270e-03 1.006919971095664602e-03 1.227146668450031144e-03 1.834034369246254244e-03 1.329167024732529740e-04 1.611483515388881021e-03 -2.320903873491192600e-05 -1.932984112628583547e-03 7.767873066484534033e-04 1.531192232558195804e-03 1.972447965324829623e-03 8.930691766220204622e-03 2.834888741495328324e-02 -8.481059127252990257e-03 -1.672834664169760635e-02 -9.967811806523988252e-03 1.773818968853871705e-02 -9.997369409663964951e-03 -9.583126370896460217e-03 -1.075156899221404311e-02
0.000000000000000000e+00 0.000000000000000000e+00 0.000000000000000000e+00 0.000000000000000000e+00 3.093734395264183257e-03 -2.173762768086549488e-02 1.489455792615326443e-03 -2.877966633362690884e-03 1.410333859623147043e-02 -2.611179524642276428e-02 -2.653993188644396609e-02 1.593130330322892196e-02 -2.916239440831749300e-03 -2.932008829340668893e-02 -1.637123687197982944e-02 -2.891917953474016159e-02 -3.922791955963764871e-02 6.342734699609889337e-02 5.139554287847783454e-02 -1.193885865950246143e-02 5.737548223498448348e-03 8.176570738553280704e-02 5.006764775771088694e-02 1.236665436899487061e-02 3.818191933989649369e-03 -2.665466046510349407e-02 1.971182493523897586e-02 1.214034728750720132e-01 3.078088793444163501e-02 -1.700007796077270678e-02 -1.347520602677859929e-03 -3.262011708562808504e-02 -8.181343249807907642e-03 -5.964798998225766258e-02 8.259505595130870251e-03 3.907237597386823552e-02 1.800918935421512912e-03 3.408827518507333010e-01 4.937126375499907571e-02 -2.177043738147187990e-01 -8.650360618206237584e-02 1.198263921600955656e-01 2.262824009481135407e-02 -2.852835291727245925e-02 -3.460714106384381056e-03 -4.178549054767054238e-02 -1.458474055294519539e-02 -2.398151671362197881e-02 -1.740242759063552469e-02 -7.483259125600499537e-03 -1.400405514859184982e-03 1.014850700526412179e-02 0.000000000000000000e+00 0.000000000000000000e+00 0.000000000000000000e+00 0.000000000000000000e+00 3.679062766234219607e-03 -9.883005529633630618e-03 1.390308663974606194e-02 6.627825688073085003e-03 4.060463554982757239e-02 1.037185413418035759e-02 1.474674097366596159e-03 -8.831697455899647359e-03 1.192810603734420841e-02 3.130019379048123128e-03 2.200347644765722477e-02 -5.894064691312955523e-04 -2.621145984369148765e-02 1.324222520854784896e-02 2.847120355179302495e-03 -3.935392520175496657e-03 -5.673352588895104985e-03 -1.096343265651844937e-02 2.409505980305175557e-02 3.893481358003127862e-03 -7.694981980597633301e-04 3.549233086981206514e-02 -1.216272333820801049e-02 3.116799903381416072e-03 -2.061792108000018095e-02 1.200283829101704038e-02 -4.647083529382145528e-03 -6.676888220376891829e-03 8.369538733652261489e-03 -8.907006345720527157e-03 1.023180195248154199e-02 -1.812760951063328851e-03 1.224978755273201624e-02 8.301032673117882468e-03 1.818555089166756095e-02 8.964620711250002004e-04 6.670398299561858084e-03 1.692212467054465819e-02 2.827415639285223940e-03 3.164601160009749333e-03 6.150258734322558950e-03 8.517252333353547353e-03 7.396146169732398419e-03 -7.620668625640743786e-03 4.300009341881379926e-02 1.128355291834869621e-02 -2.927926077548710648e-02 3.188605371548769440e-02 1.329603312496464677e-02 -1.947140093346196206e-03 1.059017773913523142e-02 -1.654849356348530448e-03 1.568624971765426174e-02 3.032641149966252073e-04 -7.005636266029699986e-03 1.989425133070216872e-02 5.711656337148674281e-03 7.467977264238186662e-03 3.384808476016475109e-02 4.341403406834619567e-03 -1.793453891862755497e-03 1.629690516262176370e-02 6.791334442255879920e-03 7.082319970627116990e-03 9.119570383203177977e-03 1.276838315639641439e-02 -1.548945538488373280e-04 1.122529312426456295e-02 2.010011349909131273e-02 -1.583111233020019460e-04 7.608644121966134585e-03 7.614685914538946686e-03 2.897910297102287633e-02 4.961167435789382019e-02 4.710824251328643020e-01 -3.383929241043173025e-02 -2.030506410700113062e-01 -5.702130657763346266e-02 2.860240793959132333e-01 -4.676311910656691384e-02 -1.424298573918455491e-01 -5.331922053559304958e-02
0.000000000000000000e+00 0.000000000000000000e+00 0.000000000000000000e+00 0.000000000000000000e+00 -6.994809279838329428e-04 -2.785644619633436455e-03 -8.952840939650423329e-04 -1.590966372114929750e-02 -2.847413687814056432e-02 -3.442917856585109900e-03 1.240672428692826158e-02 -8.251403708264132275e-03 -1.415963596728016076e-03 1.705658439683055026e-03 -1.849447105209992134e-03 -5.961366427834242053e-03 2.044141295729711566e-02 -4.594181543755537778e-02 -1.054015863027398144e-02 1.240873934817183361e-02 -2.826730858076945498e-04 -4.034888407221127841e-03 -1.081291804891037697e-02 -6.246406236357623931e-03 -9.897901023211381349e-03 -4.009291877393193586e-03 -5.080538638803969685e-03 -7.846846669554204123e-02 -1.974421489181856643e-02 -1.040424770199557467e-02 -2.355483738518487045e-03 2.325372077868329002e-03 -7.128810238893775603e-03 7.239646130978842978e-03 1.131405037317381734e-02 -4.666485919239321545e-03 1.202187404320224744e-02 4.937126375501908748e-02 6.692050975309836447e-02 -5.109733246151001301e-02 -4.563942945087253594e-02 -5.592151435886790270e-03 1.533383792955674702e-02 4.219766894904129761e-03 1.266621968037293881e-03 2.152179624128537638e-02 -6.930731379788459233e-03 -3.341991333479154766e-03 -1.859349342821176726e-02 -6.434871550559684858e-04 9.417248367291051764e-04 -2.108637774315083851e-03 0.000000000000000000e+00 0.000000000000000000e+00 0.000000000000000000e+00 0.000000000000000000e+00 5.271780197096009001e-03 3.030819468884781830e-03 -4.084919383056570194e-03 7.955369033492464340e-04 -5.167790339402099538e-03 -3.108136856948602198e-04 5.366085833772532392e-04 2.336153771057071157e-03 -2.979596156917365974e-03 5.620432831834187978e-05 -2.568859319722770554e-03 3.696514230125320412e-03 2.336544297388831737e-03 -1.311136847999311902e-03 -1.163099738357353894e-03 1.126744221929653744e-03 1.754871512921015201e-03 3.699467664123655929e-03 -3.743998160317810794e-04 1.918567628081728916e-03 -4.203125000645200086e-05 -1.670765452282377966e-02 5.204337782260111574e-03 2.541464354861083449e-03 1.673721422616180309e-03 -1.611458533878915326e-03 1.132042773588677045e-03 2.120714609755123235e-03 -1.647027761430198967e-03 3.557389181495692384e-03 -2.179325842385551582e-04 4.715019469548420092e-03 -4.668098669021768406e-03 -3.973776921593998208e-03 -2.106002691390160449e-03 1.320209136884701847e-03 -8.888954548475549175e-04 4.750595339323608959e-05 -1.479793314624383484e-03 3.216651509828562672e-03 -1.675491389046435348e-03 3.242865964023375173e-03 -2.757670126229063053e-03 4.088328868234872467e-03 -8.960559409658048688e-03 1.073902206657482419e-03 4.499732916826373712e-03 -1.204727256128878404e-02 -2.255403151392869170e-03 5.355810372606338923e-03 -3.528483189726917997e-04 -7.599499602732476353e-05 -2.429480708448506811e-03 -1.435547404183695102e-03 1.785492711521563958e-03 -9.606609584953736819e-03 -9.768420443916855413e-04 -4.552987131328580482e-03 -2.043621055986334731e-03 2.760725179920861094e-03 2.489354346171317785e-03 -5.844011604387170170e-03 -3.284843252247650683e-03 -4.040144828194701908e-03 -2.895337465779574630e-03 -6.286445946667312129e-03 1.123277646334106894e-03 -4.578418092835862159e-03 -1.960807337998413721e-03 2.039785985335721124e-03 -1.911295156837586676e-03 -1.627242766243748020e-03 -6.713851843410110695e-03 -1.368880522127225927e-02 -9.215060884937099905e-02 1.267130891764202578e-02 5.267961067712562812e-02 1.403980563639773901e-02 -6.157136885809044724e-02 1.439195601225915291e-02 3.349702862491911459e-02 1.618238078337280728e-02
0.000000000000000000e+00 0.000000000000000000e+00 0.000000000000000000e+00 0.000000000000000000e+00 -8.075668318766340836e-03 1.425214845176815334e-02 -6.215500605118978901e-03 -3.243215099736294210e-02 -7.758175840251849142e-02 2.065250243744388980e-02 4.314170889882736060e-02 -2.558557204363885729e-02 -3.297958325699388606e-03 3.974945448085023814e-02 4.681240534688376614e-03 4.953115625073266706e-03 6.760617521718946532e-02 -9.114067879566983832e-02 -6.282342408889858565e-02 4.495717190048439948e-02 -4.555451846319679560e-03 -1.132854048832616645e-01 -9.061695529926465376e-02 -8.773730286609705137e-03 -2.383896722857346134e-02 2.885063971195619970e-02 -2.396495984249458200e-02 -2.843218372003557537e-01 -5.673632723714035209e-02 2.999235335133900067e-03 -5.455157698563008195e-03 2.819556982404405887e-02 1.602571591267800246e-03 4.719193594783187978e-03 -7.557545348074491687e-03 -1.544064909203035976e-02 -1.650002601320627385e-02 -2.177043738147122764e-01 -5.109733246151160896e-02 4.588877765248792762e-01 4.395133159280605051e-02 -8.200470522246992855e-02 -4.712553913374449566e-02 5.559416819375548324e-02 7.485753593030369975e-03 7.831511358370108963e-03 6.407091348126376859e-03 -5.656448462859391992e-03 -1.288521460648119846e-04 -3.963451429443455576e-02 2.806772643961370686e-03 -3.095204854239080872e-02 0.000000000000000000e+00 0.000000000000000000e+00 0.000000000000000000e+00 0.000000000000000000e+00 1.695501408195339635e-02 1.060668143749058864e-02 -1.796207964567396453e-02 1.469483942336516705e-03 -2.538120484983449540e-02 -4.497236863153625773e-03 -5.478413632234077277e-03 1.323329114949756830e-02 -1.516002097288365186e-02 -4.430208799281283236e-03 -1.053154639091153678e-02 1.320174116339011168e-02 1.912942100785964411e-02 -8.281234811145454788e-03 -6.578832383918273644e-03 1.269571583975576817e-02 1.160635921421792130e-02 1.655071778843666616e-02 -1.054067050498119773e-02 3.285378257511375761e-03 1.901675962811213592e-03 -5.881988529401456500e-02 1.852675791201137401e-02 6.912456800260789042e-03 1.372333945392224287e-02 -7.257293544971381120e-03 8.007624706338692042e-03 1.681385284319751247e-02 -1.483591350514128215e-02 1.453272650929022733e-02 -3.874459175409064246e-03 1.341986265571610409e-02 -1.833255432964083290e-02 -1.689787200607789988e-02 -7.838651596583305625e-03 7.037350217789045854e-03 -1.292248981468226317e-02 -2.940363402678014548e-02 -5.166418192520554065e-03 4.017600848888771420e-03 -1.013132356217763715e-02 2.278831522077468755e-03 -4.260742628070324570e-04 1.690031773931673781e-02 -4.613962035601769374e-02 4.388991377460899415e-03 2.630404099495606274e-02 -5.174432727066459459e-02 -3.900148147786994864e-03 1.029091733031983411e-02 -1.481259659993119752e-02 3.244103054852510472e-03 -2.433954199334658480e-02 5.101165277669275980e-03 1.057598951566069735e-02 -2.512890378526969060e-02 -9.743075052537762681e-03 -1.018261398721344996e-02 -1.845708882697025960e-02 4.629254133282366228e-03 9.342191030066821986e-04 -1.599665840848554788e-02 -1.065158523944557956e-02 -7.459122259047394968e-03 -1.318531509573709140e-02 -1.579141397325668078e-02 4.631680527327594783e-04 -1.220764117695958585e-02 -1.358718542230609276e-02 9.169933798373670897e-03 -6.012836321720108589e-03 -7.773087012907730145e-03 -2.187862347357642789e-02 -6.184144455510450639e-02 -3.420663531204405361e-01 5.307668450829602924e-02 1.719631822693797607e-01 7.062745000692663422e-02 -2.227578296710964190e-01 6.686347859595770382e-02 1.157336931949084075e-01 7.210805327777519702e-02
0.000000000000000000e+00 0.000000000000000000e+00 0.000000000000000000e+00 0.000000000000000000e+00 -7.504499578475271352e-04 2.034147342974727823e-02 -2.032224678126878120e-04 3.310262812840459451e-02 1.675212363771137747e-02 1.868117378299196524e-02 7.571447649382383183e-03 -2.658394289142948421e-03 3.762039915433028868e-03 1.837896500289282545e-02 1.915826422051316452e-02 1.251355707999652310e-02 6.732283689496579120e-03 -1.746768811711138514e-02 -2.552467886621349186e-02 3.131806654071654476e-03 -6.437297418494092489e-03 -2.327516329059656219e-02 -3.020988658132852181e-02 1.426330968933875107e-02 7.148833680302365927e-03 1.297326088871647402e-02 -6.333910143732361837e-03 2.032119583599823615e-03 1.390190660869773751e-03 1.255291331998149330e-02 3.076551738286131734e-03 1.810732419674440652e-02 1.974843578978954795e-02 2.067630017345841245e-02 -7.652291595818268288e-02 2.406848569416689121e-02 6.098062517409057019e-03 -8.650360618208106922e-02 -4.563942945086497255e-02 4.395133159283379221e-02 1.942564037593656201e-01 -5.558791360198118980e-02 -8.575970139700713271e-03 2.666079358907537389e-02 -1.121905709016869602e-03 -4.497560256582314869e-02 7.761164083076285518e-03 -1.035386899522287851e-02 1.457929705806086836e-02 4.420038021057757366e-03 1.058973200725676477e-03 -1.355693943148827789e-02 0.000000000000000000e+00 0.000000000000000000e+00 0.000000000000000000e+00 0.000000000000000000e+00 -1.138012801891039733e-02 1.261596196240716793e-04 -1.163750777292316303e-04 -5.272337439112102786e-03 -1.283014272896632058e-02 -8.168885988334271056e-03 -4.275523567942548825e-04 2.757447789332710415e-03 -1.572784206292605208e-03 3.713823573436598330e-04 -4.683954809939537035e-03 -6.412833189186169063e-03 7.111359866547869307e-03 -8.924348772204824740e-03 -1.308276691586903774e-03 1.883940958595356485e-03 3.403739662852893044e-03 9.950716365255385908e-04 -9.933891583363226030e-03 -8.219756775177139430e-03 6.674841759792011359e-04 2.937531026964866707e-03 1.715910695266424256e-03 5.788196142923858955e-04 4.997111203974012421e-03 -9.119538590706041323e-03 7.269233125524376862e-04 1.917392274700881584e-03 -2.482452261494713045e-03 3.416552926197555934e-03 -2.434683781051174677e-03 -5.704404139275068633e-03 -3.656436068122397368e-03 -1.398592681802932839e-03 -8.086629797709255982e-03 -5.497771907605078154e-03 1.532597560625922331e-03 8.435165151584209054e-04 -1.495478771828903913e-03 -1.446259597874348640e-03 -2.676156888687248638e-03 -5.176781037752250202e-03 -3.403106067642836137e-03 -2.186348059154841900e-03 -9.256465105507989677e-03 -1.178329453506072461e-02 1.302672560015140542e-02 1.692636758509713339e-06 -3.252280430266964173e-03 -6.151053098525389312e-03 -2.278711045831442478e-03 -1.357651198461516781e-04 -5.213271128973569896e-03 7.675674820079685101e-04 2.119432917694262248e-03 -4.948086959639066973e-03 -2.069240277216160152e-03 -2.872804414160071759e-03 -1.216302071434396254e-02 -7.314842683156339877e-03 -2.511506848359250626e-04 -4.246065244262622537e-03 1.234907214502858766e-03 -8.613287793637210924e-04 -3.339861979950128380e-04 -2.164057902063271782e-03 -2.209286912495117636e-03 -2.447312985618667509e-03 -7.841289300197746420e-03 -5.615308397749498547e-03 -7.506044817957145286e-04 -4.462166046228809350e-04 -5.512339895090725278e-03 1.388455793274901741e-03 -9.579211811969112755e-02 -9.479809710383438337e-03 2.892495295750335121e-02 -2.873871868520451369e-03 -5.773507267337030929e-02 -4.958240544723571848e-03 2.603287070600157974e-02 -7.159175468632735309e-03
0.000000000000000000e+00 0.000000000000000000e+00 0.000000000000000000e+00 0.000000000000000000e+00 5.169020761919203809e-03 -1.972112711773376520e-02 2.824163234891160536e-03 7.476402667734769435e-03 4.648796260608871467e-02 -1.876835782742504802e-02 -4.063853588741249412e-02 2.569651208319468846e-02 -5.633809633388336610e-04 -3.645933087825400931e-02 -1.791949556363647833e-02 -6.228281007718300833e-04 -6.570114549531666515e-02 1.215410545395175929e-01 6.573231312770343171e-02 -4.049948797143957530e-02 1.069592261605304198e-02 9.768912500139363686e-02 4.468677616170019934e-02 -6.573857327425343140e-04 1.518059134840103394e-02 -2.040611600399539968e-02 2.150912525062755737e-02 2.372607928349155515e-01 4.218234125927664696e-02 4.003164241335448181e-03 -4.974700399504192400e-05 -2.476309526628649171e-02 -2.710717409706782897e-03 -9.561937219291959111e-02 2.778272658742536594e-02 8.337245135347791380e-02 1.160340950205084563e-02 1.198263921600773996e-01 -5.592151435891781069e-03 -8.200470522246801341e-02 -5.558791360196500136e-02 1.831066309863876584e-01 2.443744105892334956e-02 -2.220217691732474102e-02 -1.645052173157429947e-03 -3.385091191397287397e-02 5.806837915683168636e-03 -2.617030063016562158e-02 -4.090932664725017466e-04 -1.527803556890560722e-02 1.914703100914530443e-03 2.063807388778480037e-02 0.000000000000000000e+00 0.000000000000000000e+00 0.000000000000000000e+00 0.000000000000000000e+00 -3.336581506666538507e-03 -6.843064237434807323e-03 1.175947930176937314e-02 7.246680753105068894e-04 2.530059020263519809e-02 6.679776837187927606e-03 2.077773348583218920e-03 -9.920084509393568145e-03 1.091992787216196185e-02 3.738110223968079109e-03 1.160624610729444652e-02 -5.767571399968040441e-03 -1.674691647536032807e-02 9.309286112641826372e-03 3.698208167276512224e-03 -8.683590964634627096e-03 -8.228036770003024220e-03 -1.148975916594137045e-02 1.305570474897598324e-02 6.747849636001362027e-04 -2.142909426124758442e-03 3.939189012678413759e-02 -1.404100969353931291e-02 -6.018917891065097940e-03 -1.176436564613142673e-02 1.015388191787526713e-02 -6.685597812370081515e-03 -1.183826849102299732e-02 1.167802926334545431e-02 -1.186094220433204366e-02 3.875858540728479608e-03 -7.407124090015303544e-03 1.631807375668833590e-02 1.434999130264426846e-02 1.113596027855853939e-02 -3.529918860436520589e-04 6.521821459453219089e-03 1.276606219399034625e-02 4.252430811005044123e-03 -3.012571184945959935e-03 8.017220819799494164e-03 1.055544043672643900e-04 5.034216292958796322e-03 -1.219428854974019885e-02 3.668187856367740446e-02 1.650516132476999732e-03 -2.572485757196072906e-02 3.822405687850436579e-02 6.805591094491003287e-03 -5.231594674122776699e-03 9.325589639775345996e-03 -4.474370569332784126e-03 1.496963832405186386e-02 -1.777021143137810138e-03 -5.771699035849259252e-03 2.131584201149628460e-02 5.705170125581204149e-03 7.278056258901765239e-03 1.735016442302779460e-02 -7.931203934647976586e-04 -2.054490542321255574e-03 1.592843661899360011e-02 6.886274204232976405e-03 7.372584045100335527e-03 8.630625632842904224e-03 1.360209007085753062e-02 1.567210138733409180e-04 1.095277821652565833e-02 1.413238262944743577e-02 -3.077038267234158235e-03 5.137238534131149600e-03 5.271135587251861432e-03 1.888253995444392000e-02 3.619364506160972772e-02 2.987292932245803612e-01 -2.713398586239060273e-02 -1.394239535511758998e-01 -4.090720794947122485e-02 1.892004975503553121e-01 -3.714078967309455276e-02 -9.826042818400888834e-02 -4.282264583600038643e-02
0.000000000000000000e+00 0.000000000000000000e+00 0.000000000000000000e+00 0.000000000000000000e+00 5.156653976228675780e-03 2.418730285103577737e-02 1.355602373094252217e-02 -1.908884527133800427e-02 7.725689736724727918e-02 -1.807373324943100865e-02 1.667953436446664370e-02 -1.793474804932947749e-03 1.281313123790166729e-02 8.619525937898131832e-03 3.161028817032075083e-02 1.680331537310953208e-02 1.316822190539511557e-02 -6.891423393750754911e-02 -2.501195826996042287e-02 -3.400129575619963151e-02 -2.511217109913108786e-02 -6.112231905448575753e-02 -3.701740582400241987e-03 -4.801102486616740106e-02 4.899782418522265204e-02 -1.713978961060472553e-02 9.346921576606887459e-04 -2.216001523457365036e-02 6.554273456382066210e-02 -3.169585586850021813e-02 1.489131008483332921e-02 -3.200981497914043988e-02 3.663261333987070760e-03 -3.766270612666475226e-02 3.702257827525545775e-02 5.982578613373148828e-04 8.206692527688134314e-03 2.262824009482517981e-02 1.533383792955218122e-02 -4.712553913377138387e-02 -8.575970139695313077e-03 2.443744105894034638e-02 3.005424528584584309e-01 -2.335069429393071480e-02 5.620593092054502159e-03 3.869626462176311427e-02 -5.711440043734321986e-02 3.961161335120381988e-02 -5.855673795622402811e-02 -1.333689713648184352e-02 1.283315598227712483e-02 -1.432585051411523758e-02 0.000000000000000000e+00 0.000000000000000000e+00 0.000000000000000000e+00 0.000000000000000000e+00 -3.790493984073328715e-03 -8.275346571651783899e-04 -3.331506891160025685e-03 3.861283229953053203e-03 -7.019762277380565269e-03 1.395695085948060049e-03 8.147789388476938668e-04 -2.716820694786927209e-03 2.683729663819243213e-03 2.006960312284251317e-03 -1.245744115639836093e-02 -1.733435021858255841e-03 6.202427213482703677e-03 3.297841386656965267e-03 -9.402180168865076435e-04 -1.594476707754741585e-03 1.760157929161646536e-04 -5.434641962876094433e-03 -1.101380015766459039e-02 3.128043941242939115e-03 -2.087049501432665952e-04 9.044336756267248520e-03 -2.005042814976498895e-03 -4.112767694671731408e-03 6.584227131144827425e-03 3.530695227206900356e-03 2.640241060483238412e-04 -1.576397719016327595e-03 1.947107112680586654e-03 -6.118810308901835235e-03 -3.922573989250104087e-03 1.310372688072099917e-03 6.015258064911033903e-04 -4.545722929936648823e-03 -1.750232885475060465e-04 9.042980825153187907e-04 -2.587080443744432540e-03 -4.434639939987987389e-03 2.030410264027881877e-03 -5.749639315600647144e-04 -2.256413445507521364e-04 4.289410453127824770e-03 1.231751127648773175e-03 2.060207816663169045e-03 -2.305501981178393472e-03 -6.445467838719913696e-03 7.694693114866806884e-04 1.121006161638045395e-02 -5.321404448354577488e-03 1.218731816774798211e-03 -1.600756998576813306e-04 -4.107167962525048489e-03 2.419561748123671280e-03 -2.701780848901816877e-03 -2.279947229960442665e-03 4.209240301685807789e-03 -8.124606658542737198e-05 -2.296491290100933624e-04 -4.842580365455380342e-03 9.535330963603375759e-04 -3.497748941946669278e-03 1.000374490292111652e-03 -2.951878295067100755e-03 -1.084596326653012536e-03 -1.925193894449775053e-04 3.592755755085599075e-03 2.081900812783035997e-03 -7.734410557609358366e-04 -3.908863424038543262e-03 3.032088641318564717e-04 -1.586499631442473291e-03 -1.045433436301924186e-03 9.137077147198626945e-03 1.433482242309846652e-02 8.204982626180960803e-02 -1.316014591295771100e-02 -4.252056125105374562e-02 -1.727019918172698759e-02 5.747461655298854999e-02 -1.536579862059505447e-02 -3.303039109309641869e-02 -1.749422935567863241e-02
0.000000000000000000e+00 0.000000000000000000e+00 0.000000000000000000e+00 0.000000000000000000e+00 -3.811318873163682588e-03 3.069908437418146507e-02 9.665323815280669334e-04 3.295118233090946203e-02 1.834996849832147212e-02 4.088779455650960043e-02 1.978949818410044928e-02 -1.923920102535036508e-02 5.371009344275603191e-03 4.341477251507011581e-02 -7.430408470772672039e-04 2.076891032339432328e-02 2.861282330070042540e-02 -2.407403021958597067e-02 2.147377937303086501e-02 2.632238728625196922e-02 1.188130666881493866e-02 -3.372125276649747677e-02 -7.746818505066499841e-03 1.994942001170514623e-02 7.516096961452508642e-03 3.820524202748153825e-02 -1.212044788428259107e-02 -1.099280216698195339e-01 2.196634563651161595e-03 3.305771203243503681e-02 2.489538659989753728e-03 4.932772616213851324e-02 5.050442067379172159e-03 4.238282920266570053e-02 1.160306496175416780e-03 9.802038583554741752e-03 -2.080495685187427977e-03 -2.852835291726155131e-02 4.219766894906897513e-03 5.559416819377766689e-02 2.666079358906198182e-02 -2.220217691733113174e-02 -2.335069429392910151e-02 1.021993274091159559e-01 -3.235553959542212892e-04 -1.298824680103394524e-01 1.289863398569870805e-02 -5.378316526839842238e-02 6.131879841736978531e-03 -5.538749313203723129e-02 -1.238984915059870373e-03 -2.191056574299895740e-02 0.000000000000000000e+00 0.000000000000000000e+00 0.000000000000000000e+00 0.000000000000000000e+00 4.070977907314515115e-03 1.803010133290031645e-03 -6.834745278842353430e-03 -2.764962982790123737e-04 -1.003258286551526532e-02 -4.770652286209716743e-03 -2.337448405803320851e-03 7.954195753896744353e-03 -6.923170297224110967e-03 -2.408263847583751345e-03 -3.530959195147445259e-03 3.656875228242891136e-03 5.938751125019095696e-03 -6.237105626667216116e-03 -3.273724114898974007e-03 7.128207314645751413e-03 6.297614390410349004e-03 8.347832036400357897e-03 -2.815246143910529741e-03 -2.323596149931908723e-03 1.678538541156100869e-03 -2.535243380805873165e-02 1.009366626002684147e-02 5.921726193127744252e-03 3.475826054586367113e-03 -6.669398956515920282e-03 4.424627916708887172e-03 8.721606730001097568e-03 -9.282747825760894606e-03 9.183618884999069851e-03 -6.744131070045328476e-04 3.659802860796977728e-03 -1.000228164679593280e-02 -1.082434706394632892e-02 -7.086201747092735204e-03 -2.606388577393848292e-04 -6.914073062734482286e-04 -3.476408982584723931e-03 -4.570049754568400457e-03 4.518050622083300688e-03 -5.634594095447405769e-03 -1.469713698199608034e-03 -4.872795450500910092e-03 3.813969966722555258e-03 -2.054809635608245005e-02 1.134517050009165463e-03 1.817415580558939814e-02 -2.742810536285966022e-02 -2.497256931240305136e-03 2.627445734555739539e-03 -4.539461952669806601e-03 4.271338996312545877e-03 -8.893788764262104685e-03 3.317462807580765904e-03 4.575944468846255414e-03 -1.592554737127104339e-02 -3.080957730103907506e-03 -3.884544978668950758e-03 -1.050377863260116423e-02 6.462265243706020231e-04 4.089913175090589305e-03 -6.749085366780070878e-03 -2.488085070334671370e-03 -3.251750095220209621e-03 -4.742517742901271663e-03 -1.072134439767929125e-02 -1.461953764942640907e-03 -6.488013281683841990e-03 -6.605756096851440884e-03 1.619008425498585924e-03 -1.214411819082182598e-03 -2.140165923677873200e-03 -1.095135792084269907e-02 -2.320272153150280958e-02 -1.588290067322077614e-01 1.846901546675390124e-02 7.931625905286417144e-02 2.451198583501969230e-02 -1.088177010928038924e-01 2.440696463206840083e-02 5.674826392078438642e-02 2.530780805664454430e-02
0.000000000000000000e+00 0.000000000000000000e+00 0.000000000000000000e+00 0.000000000000000000e+00 7.281058661411910458e-04 9.869046407206026952e-04 -5.449296772489243401e-05 3.762401865464422204e-03 -2.105440869645722277e-03 8.213759884784651525e-04 4.802154792961545703e-03 -5.082836596592495322e-03 4.054937461236574211e-04 1.422757451076549565e-03 1.574217221368595480e-03 -4.544768726327041292e-03 -4.969793478914864490e-03 -9.431472095803143402e-04 -2.662372804605829969e-03 6.347884588340977317e-03 -1.746114560734363238e-03 -3.775813854613184733e-03 -2.851550452395391552e-03 1.251765541844710979e-03 5.422571503180022767e-04 -4.582307823072463357e-04 -1.689142172643570260e-03 -2.645990453953330629e-02 -1.625388474853905075e-04 -8.316129276489295881e-04 2.021760423759480030e-04 6.170944073136609871e-03 -6.186946190634581930e-04 -1.866566750680153080e-03 1.129670642148798178e-02 -9.305895854707774834e-03 -6.027919364341131772e-04 -3.460714106380178255e-03 1.266621968035285505e-03 7.485753593025532698e-03 -1.121905709019062076e-03 -1.645052173154916983e-03 5.620593092058838100e-03 -3.235553959601581635e-04 1.460014511069070327e-02 1.074572825657780541e-02 -3.871422142663114951e-06 -1.391105915398021826e-03 -1.078951903966390326e-03 -6.108945300864501889e-03 4.821069679701998120e-04 -1.358655371976673050e-03 0.000000000000000000e+00 0.000000000000000000e+00 0.000000000000000000e+00 0.000000000000000000e+00 3.200397506237639272e-03 8.390498509506109969e-04 -3.609623554022454929e-04 2.448909343097213382e-03 1.615247136750256295e-03 1.963629833290329255e-03 -2.636536732872328558e-04 1.127862662863206907e-03 -7.344618291677817989e-04 1.343064350216855286e-04 1.290536816181966744e-03 3.412674420540302324e-03 -9.680734751259562239e-04 2.504778386145127198e-03 -3.516478959856185601e-04 2.204360712555489266e-03 2.278917289077973243e-04 5.150246609377241410e-04 1.998557775292866996e-03 3.110293008594730482e-03 2.944849285512234549e-04 -4.865583782979817848e-03 1.168686628695659278e-03 1.211070481116523429e-03 -1.030907385127040896e-03 2.490697053757757844e-03 5.527752317786904573e-04 2.038274879142681906e-03 -4.791582655853235720e-04 7.553053788822876920e-04 8.752555330285837496e-04 2.974293749016886090e-03 -1.484993904377647630e-03 -1.728430308220092878e-03 1.184377688924900763e-03 2.411225350285805050e-03 -3.745326185821064476e-04 -8.610090697936456173e-04 -6.081261942440749921e-04 1.806924667143685031e-03 -6.233276152452799784e-04 2.121792487505195449e-03 1.124444945199899628e-04 2.036380243640695253e-03 -1.760331852174258638e-03 5.113370657213260270e-03 2.528283949747071554e-04 -6.792419537395275909e-03 1.081849358776642255e-03 2.790898737522505731e-03 -6.453605848304896876e-04 7.982373517491008017e-04 -8.085514584006950247e-04 1.022767475375085380e-03 4.087484575768202491e-04 -8.332289841425093331e-04 -4.090094193937606057e-04 2.578676557620543071e-04 2.078369726348228141e-03 3.044506423593105679e-03 4.030560451399301490e-04 -4.235872180893138694e-04 -7.873146481549111488e-04 -6.715725620826186221e-05 -1.029802856800183337e-03 -1.049066689678491808e-03 4.302563900334187112e-04 -5.735119669271649279e-04 7.390570786112115025e-04 2.602507408574644167e-03 5.064143997243143107e-05 2.952414020469607339e-04 1.149996665557592029e-03 -7.687402692305213021e-04 2.143943455499197973e-02 3.272183348267851746e-03 -5.090745139643649761e-03 2.419309485094818177e-03 1.266038794386519818e-02 3.534543981534772096e-03 -3.829956258138212874e-03 2.876360661370571704e-03
0.000000000000000000e+00 0.000000000000000000e+00 0.000000000000000000e+00 0.000000000000000000e+00 1.311199394122446356e-03 -1.769711987583373961e-02 3.156042023488719178e-03 -1.817833644647889879e-02 -2.758793666411686607e-02 -2.995915416976942594e-02 6.595547466849636421e-03 3.424791885867514707e-03 -1.687466109921627886e-03 -1.490257245195639353e-02 2.845774882959778776e-02 -6.197482644917744893e-03 -1.298867216750914169e-02 -1.655381137386012225e-01 -9.288696291059471422e-02 -1.410560333365873040e-02 -3.218492105341400761e-02 -2.583958600404991091e-02 -1.445444236810205715e-02 -3.046903411751613819e-02 -1.332249888806245810e-03 -2.740995885773204674e-02 -3.621619671821300381e-03 -5.610059607610305525e-03 -1.191147615157713696e-02 -4.044721387249587685e-02 1.833639009037468879e-03 -3.380149293609983896e-02 -8.471529958649380576e-03 -1.073802044278011208e-02 2.506845404202011005e-03 -7.499521005512356508e-02 1.388301507311233158e-03 -4.178549054767348447e-02 2.152179624129660698e-02 7.831511358361077993e-03 -4.497560256581670940e-02 -3.385091191397951449e-02 3.869626462176300324e-02 -1.298824680103358165e-01 1.074572825657553812e-02 8.822804700424788926e-01 -2.721660273301881872e-02 1.290231422552152452e-01 -6.861501701145349998e-03 7.175610633495585478e-02 9.017466662976417711e-04 1.754841315593330328e-02 0.000000000000000000e+00 0.000000000000000000e+00 0.000000000000000000e+00 0.000000000000000000e+00 -5.475124703546014465e-03 8.585380604136558583e-03 2.952404627587020599e-03 -7.419397876269312637e-03 -3.993200359904532093e-03 -6.097535727267859064e-03 2.189196891706745793e-03 -1.533985465648768538e-03 -6.803486897073127452e-04 -2.436276224772738856e-03 -9.493921410928462049e-03 -1.337810747408033595e-02 7.066403920370638823e-03 -1.324238740151118844e-02 3.270783769864366464e-03 3.619606394451802206e-04 -2.483285407589502520e-03 8.056694799323969522e-06 -4.541951037646327696e-03 -9.532134825818635096e-03 2.256918245808196995e-04 5.244710100453180146e-03 -4.088707241665085965e-03 -1.445497334640524073e-03 2.902457097688077026e-03 -1.357742455257959259e-02 1.061157536853294314e-03 2.260609541028698634e-03 4.411409276196810031e-03 -2.847776118723575455e-03 -2.261075091758415947e-03 -9.671359232335219672e-03 1.742194523742111607e-03 3.436227163084389340e-03 -1.498161383954078624e-04 -5.522787068438192101e-03 -2.180061511600660772e-03 -1.713720353724206349e-02 4.914906782314565695e-03 -1.277476878988899334e-02 -7.574967825467781093e-04 -2.680266584654699812e-03 1.978018073175259912e-03 1.424578112062539932e-04 6.690804694607721884e-04 -2.308433911988401824e-02 8.812583568997489018e-04 1.691623223071695922e-02 -4.708095443207614521e-03 -5.536984039080007462e-03 3.925345955130012630e-03 -6.341660673814137131e-03 2.638012188702542216e-03 -8.763088134551785119e-03 1.295180900845763813e-03 7.472171453729119055e-03 1.269801662354824072e-03 -5.535669261903911759e-03 -5.832192977032002110e-03 -7.464180145480382028e-03 -3.136529600365532341e-03 -1.252886765976785229e-02 -1.658566239703388422e-03 -7.149007456165809744e-03 -2.615924039186266585e-03 6.467427139367254484e-04 -1.281510059269598371e-04 -3.846906190797326486e-03 -3.245871703574693731e-03 -8.469495848310873432e-03 -1.905863390542232496e-03 -7.742348066853606443e-03 -1.309010856281729585e-02 -1.390903494842102642e-02 -1.947890601617681683e-01 2.002737516551193406e-03 6.884376086021345986e-02 1.873641939070147706e-03 -1.004432414611489688e-01 -1.412171936042087850e-03 4.739530541445978462e-02 8.723495554751910588e-03
0.000000000000000000e+00 0.000000000000000000e+00 0.000000000000000000e+00 0.000000000000000000e+00 2.675147503196696665e-03 1.463655513870060340e-03 -2.206204128959993530e-03 1.942735066444501238e-02 2.780608175510056873e-02 7.858151873182445471e-03 -9.693550717014415286e-03 1.004814762886223735e-03 1.667917941030389777e-03 -4.956249192172270529e-03 -3.391889318632906880e-03 -3.191744991399260694e-03 -1.897528622625026251e-02 4.354526566505421276e-02 3.452233268786308873e-02 1.879011823840295772e-03 5.935155843381142819e-03 2.978032312594309713e-02 1.530274532760668264e-02 1.751740850493479357e-02 6.982375934362993961e-03 3.927157656876091411e-03 1.099029297548173665e-03 5.183186718145246091e-02 1.739738380259714043e-02 1.612894168938082060e-02 1.892584900987921747e-03 1.253257707560961713e-02 3.623663174492693356e-03 7.394852932111600080e-03 -1.644487840290257546e-02 6.259806218866799388e-03 -3.131840370777592541e-03 -1.458474055295141784e-02 -6.930731379782415456e-03 6.407091348137130410e-03 7.761164083072205448e-03 5.806837915674464660e-03 -5.711440043734766076e-02 1.289863398570356701e-02 -3.871422141131652278e-06 -2.721660273301883606e-02 2.975501134463394426e-02 -3.602572027490235501e-02 1.803263676609742627e-02 -6.435570559285888267e-03 -3.169113400249830553e-03 2.646214111248239385e-03 0.000000000000000000e+00 0.000000000000000000e+00 0.000000000000000000e+00 0.000000000000000000e+00 5.418175845195376912e-04 1.072630579417139683e-03 8.363897914594100452e-05 -7.767010659450037735e-04 -1.883676634147764825e-03 5.299701319479080538e-04 7.057335164703690223e-04 5.462276555188602624e-04 -7.290253941101854660e-04 6.936544487425619181e-05 8.567142864863590062e-04 1.049978831957239667e-03 -4.344891643216334284e-04 4.649290062815345306e-04 5.061946771768881985e-04 -1.003149285752006964e-03 -1.131966929015554030e-03 7.671465444414618745e-04 1.407640209495273709e-03 5.548332317940644302e-04 -4.593313685463613948e-04 -2.282019253251451642e-03 2.110385189485060558e-04 -1.410663909213086264e-03 -9.117072763740704296e-05 5.425850382200231173e-04 -4.672680730015070331e-04 -1.161026796208456703e-03 9.380467434452916540e-04 3.642766798161942436e-04 -8.736172703884840986e-04 4.530464279030745989e-04 2.681587424264351115e-03 1.580626281431827835e-03 -1.715289705363057943e-03 6.879093238429445428e-04 1.542641945943114181e-03 3.062231814051580812e-03 -4.918001020139050553e-04 -8.212422138644343223e-04 3.307061286149013909e-04 -1.121253334487413034e-03 -1.429167167488846427e-03 -1.426984760094753696e-03 3.940832503890785449e-04 2.016456907716061842e-03 -1.619159507900367603e-04 -2.477499713406580532e-03 1.273049208358058401e-04 1.009195143705009755e-03 -1.051642228324053442e-04 4.657538146316644368e-04 -3.750414249599385522e-04 1.377967626430161015e-04 7.754022829144077353e-04 -2.043894595333745935e-03 -2.435470451916381830e-04 -2.599334285685362973e-04 -1.589231610915770639e-03 2.141613134496446968e-04 1.746736536601648567e-03 1.721105162928452314e-04 8.317094075523156008e-04 5.539108133152672534e-04 1.334366048837564334e-04 -7.118688540551697339e-04 -8.686033543894204970e-05 -3.328569842198874197e-04 6.051938164635095032e-04 7.207772964610006331e-04 -5.638468796207401872e-04 -1.483997440537849067e-04 -3.882693399947562043e-03 -6.083272141739244285e-03 -4.861334823045808384e-02 6.216524337852541264e-03 1.998481247731516419e-02 8.936193413577308078e-03 -3.149192167894424021e-02 7.524534111978323572e-03 1.364152762227971612e-02 6.468353706441758860e-03
0.000000000000000000e+00 0.000000000000000000e+00 0.000000000000000000e+00 0.000000000000000000e+00 -4.022102549364510102e-03 -7.025957220577252853e-03 1.156688511114495246e-03 -6.185134702096264231e-02 -5.722289018071855665e-02 -1.633003164076728825e-02 1.130925121721731465e-02 4.203161521441537048e-03 -4.492520530736980253e-03 3.080645041954829821e-04 8.748407623290658380e-03 8.394724368874756371e-03 3.409259348773906184e-02 -8.525392808671046485e-02 -8.936381260189092679e-02 -1.079820516615282756e-02 -1.698820785711479056e-02 -5.775551834321950018e-02 -4.002166830545424159e-02 -2.550116121973556096e-02 -2.008293396453815147e-02 -1.014638786058104196e-02 -6.664886437226282163e-03 -5.832452753091362657e-02 -3.671449998563042910e-02 -2.911066573874213428e-02 -8.389535029809195091e-03 -2.301990029071606866e-02 -6.963160690600119114e-03 -3.007057942754038185e-04 2.777920972099017297e-02 -2.552467839712474831e-02 -3.709461643028226854e-03 -2.398151671362541704e-02 -3.341991333486277107e-03 -5.656448462885279270e-03 -1.035386899520601700e-02 -2.617030063016014332e-02 3.961161335120878813e-02 -5.378316526840333511e-02 -1.391105915403897768e-03 1.290231422552274021e-01 -3.602572027489957945e-02 1.683274929721629287e-01 -6.486906164018481705e-03 3.094622341259344739e-02 1.779656934416935224e-03 3.282585579618177429e-02 0.000000000000000000e+00 0.000000000000000000e+00 0.000000000000000000e+00 0.000000000000000000e+00 -7.759645252979484494e-04 1.742929631944983805e-03 -1.374898899427901564e-03 -6.555662235772342916e-03 7.226785808521660540e-03 -9.629795719261478523e-03 -2.534916405459958916e-03 1.492849891953612184e-04 -6.949054903086635719e-04 -2.317367432323946472e-03 -8.453384342368904262e-04 -8.950490868699336605e-03 1.062375479165746095e-03 -1.241793361076581372e-02 -2.539830481134754407e-04 1.450092625567855377e-03 3.848367815024268234e-03 6.444661601045272980e-04 8.353932082049203480e-04 -1.032214699818159200e-02 6.015233013121095611e-04 -2.788784862229205450e-03 1.160219045829137888e-03 -6.890645530852312342e-04 -8.086095413512887301e-04 -1.223363322949857189e-02 2.392621215804489020e-03 2.991897923310771028e-03 -5.412958582195042008e-03 -3.275152260792800907e-04 3.614078586923078450e-03 -6.813733166013151779e-03 -7.076800033981898302e-03 -1.933202790888542775e-03 6.050530310872840635e-03 -9.306020000385247307e-03 -8.294935965461431096e-03 -1.473977899598028808e-02 1.596615134560480827e-03 -2.880615386509089056e-03 -1.023456434380532690e-03 3.912404090668972732e-04 3.333560179665915127e-03 6.047439227065384663e-03 2.631735092129861529e-03 -1.904239870594723327e-02 3.073221042249161313e-03 9.884491847624042593e-03 -5.972610502408314329e-06 -7.584736129602738172e-03 1.953504804082775194e-03 -2.447053214554628653e-03 1.200149306949060751e-03 -2.618934594625388270e-03 -1.256622273316868694e-03 1.472303651409325245e-03 2.775138641053088995e-03 -2.638576503271350057e-03 7.185684534892168226e-04 -9.027789669544192264e-03 -2.326718879275733141e-03 -9.082550172635553420e-03 -2.657595888529157811e-03 -2.179675838823075945e-03 4.066279715082414840e-04 -7.531611300025448834e-04 -2.459129774472136164e-03 -2.646586317766583588e-04 -2.128837369177755817e-05 -8.054158556656573764e-03 7.409428433866350745e-05 -6.498578198175014239e-03 -9.348142649292477679e-03 -1.129985613855424495e-02 -1.200764537174982410e-01 -1.749766115624307259e-03 5.195496484153053207e-02 3.008352436379198996e-04 -6.215987243696385889e-02 -1.643627338023703581e-03 3.705141656524553462e-02 3.995935463018515828e-03
0.000000000000000000e+00 0.000000000000000000e+00 0.000000000000000000e+00 0.000000000000000000e+00 3.278309730564571596e-03 1.324526942949054605e-02 1.005687766070799307e-04 3.867049688860763751e-02 4.935114703130530356e-02 1.534606623469187206e-02 -1.066697909533396646e-02 1.965972273615193295e-03 4.062498466893288245e-03 6.746347706311704197e-03 9.062066951634473178e-03 1.455163956080439761e-02 -1.289809257579216731e-02 3.486591769394840890e-02 1.951469563405179575e-02 -1.085747188665575798e-02 1.025599898149944650e-02 1.062958239398870131e-02 6.758960280158201814e-03 1.002969435572162796e-02 1.537796274477871983e-02 1.462431785546517912e-02 1.572948558371356758e-03 6.708035341428875142e-02 2.706784825130026384e-02 2.262177841604541551e-02 5.533056541830648663e-03 1.416807791166728447e-02 5.774097265312840010e-03 2.007359463117065063e-02 -1.683716656677915896e-02 2.382840792634093128e-03 -3.591874688965321100e-03 -1.740242759064816042e-02 -1.859349342820891191e-02 -1.288521460548249647e-04 1.457929705806889666e-02 -4.090932664839041924e-04 -5.855673795623222294e-02 6.131879841743211393e-03 -1.078951903965619892e-03 -6.861501701136038002e-03 1.803263676610103103e-02 -6.486906164027942887e-03 3.920977372837042979e-02 1.470057675924195222e-02 -4.509786721940640952e-03 1.037300106725742334e-02 0.000000000000000000e+00 0.000000000000000000e+00 0.000000000000000000e+00 0.000000000000000000e+00 -7.742273864745650991e-03 -1.425712414715309606e-03 5.153193434650458343e-03 -2.553448038000673184e-03 2.419101318451661632e-03 -1.724549785669870876e-03 -2.009318214476216798e-04 -8.374235223753311507e-04 1.866649325805460041e-03 -7.399935158871425627e-04 1.516802458151958032e-03 -4.733185997406264348e-03 -2.241024126307914963e-03 -1.509988789111152592e-03 9.840906850882621265e-04 -6.083273585921033632e-04 -1.161498848158336924e-03 -1.972003833481214986e-03 1.062883367469819474e-03 -3.882554407177657343e-03 1.473447405706731627e-04 1.374351939275938322e-02 -3.014006528821937259e-03 -1.018216372714330709e-03 -1.872053999902377735e-03 -1.835322141605102552e-03 -8.558048080793014380e-04 -1.195644931261493314e-03 5.854337368705220691e-04 -1.527236943105368498e-03 4.753622895936257791e-05 -5.753575656143889577e-03 4.022145475485793507e-03 2.043197483419679356e-03 -1.093113749986428804e-03 -2.588530158676142882e-03 3.953068535433705739e-03 3.849908488008444395e-03 8.431113113059162788e-06 -3.104855896697854972e-03 7.337963988808542289e-04 -6.921983782293372918e-03 -3.904684515516519076e-04 -8.136641616203301938e-03 6.021685768367901134e-03 -1.873848415027526675e-03 1.625759760410962120e-03 5.383133146355186666e-03 2.898178978858801692e-04 -5.576443444257459317e-03 2.523126013514124383e-03 1.187378864912921233e-03 3.030333077593585275e-03 1.396349708134247058e-03 -8.592382856085135261e-04 5.956664351933722151e-03 1.824165910505405651e-03 4.065519268853214074e-03 -2.485077615543887161e-03 -3.673487870247301324e-03 -8.947229955043290665e-05 4.916620023625475726e-03 4.119120882978959466e-03 2.849042376401047464e-03 3.047909915317875869e-03 2.729283545625354242e-03 -2.009907417769421934e-03 3.876443471200827738e-03 3.174611737700452300e-04 -3.401138195829787013e-03 2.564721175341291241e-03 1.492472630812169540e-03 9.372025053832433276e-04 1.187878274478382928e-02 1.930762626501000834e-02 -1.192040802447353644e-02 -1.990360790686344222e-02 -1.421928661953287230e-02 1.590974599088999450e-02 -1.367953662547915714e-02 -8.025523800610372821e-03 -1.354298550461808907e-02
0.000000000000000000e+00 0.000000000000000000e+00 0.000000000000000000e+00 0.000000000000000000e+00 -9.970381410736302123e-04 6.108497788222301723e-03 -2.302950396027522197e-03 3.569929154265720495e-02 -1.251155107036973357e-02 6.445408344774052750e-03 -4.717584648103122745e-03 4.872787533278034530e-03 -1.218200733911532470e-03 8.147289638444994622e-04 8.030323154434644561e-03 2.317523311565086036e-02 -1.054843546012913802e-02 8.385064670815576063e-04 -1.403520694582596935e-02 -2.420942651064151435e-02 1.657200525513834524e-02 1.337592512684162606e-02 -5.872933973315665364e-03 -2.839181435675675741e-02 -5.662851327474927379e-03 2.338106610901227560e-03 1.893147288248831460e-03 5.737428025324592396e-02 -2.090956668116062539e-02 7.138441096839313188e-03 -8.497997789584991980e-04 3.284327645054941399e-03 -1.587378319967529434e-03 1.798755401101335277e-02 -5.583436040379816459e-03 -1.634182351619385687e-02 -2.065360229587231197e-03 -7.483259125603069530e-03 -6.434871550499585363e-04 -3.963451429443623497e-02 4.420038021061620595e-03 -1.527803556891047139e-02 -1.333689713648540491e-02 -5.538749313203037566e-02 -6.108945300865436905e-03 7.175610633495528579e-02 -6.435570559284825749e-03 3.094622341258655013e-02 1.470057675924002841e-02 1.144038767073913415e-01 -2.621995420780673445e-04 1.723265727860705948e-02 0.000000000000000000e+00 0.000000000000000000e+00 0.000000000000000000e+00 0.000000000000000000e+00 -1.305368416359857855e-02 8.580307230942306202e-04 2.654993105357131462e-03 -3.941289174596712686e-03 -1.038500095968629411e-02 -3.193364847898108247e-03 6.701128402237509782e-04 -1.106634517262276851e-03 1.140550594812125926e-03 9.532047901954361331e-04 -8.631486098080703995e-03 -5.662477904001482140e-03 7.348039146803508372e-03 -3.209492514439556479e-03 6.395460828192930415e-04 -2.880354426912593718e-03 8.897356920421249996e-04 -2.803934946211750125e-03 -1.217305946160392172e-02 -4.306649878894153703e-03 2.784911640247803174e-04 1.543079329539899514e-02 -3.302021938941425080e-03 -1.442815754055591908e-03 6.216078848364955424e-03 -2.181559956729370222e-03 -2.068250894646961758e-03 -2.999406346207194457e-03 3.625113582170720931e-04 -3.250971807132524947e-03 -3.695740216002324843e-03 -5.693747038137854724e-03 8.197419058287029776e-04 4.530436093634175598e-03 -5.682098367703712974e-03 -3.341163303862446348e-03 7.175511362209618937e-04 6.626822426621880278e-04 1.256722964729919479e-03 -3.868751247102557300e-03 1.428235269928202975e-04 -6.462467606203147960e-03 -7.100543913145347056e-04 -7.075308906709744383e-03 -2.903851910335397170e-03 -9.027812097805787417e-03 4.586339864268157950e-03 1.152009212611009199e-02 -6.434875153429131002e-03 -3.673239781781522349e-03 2.834981054670430815e-03 -2.834471566087046895e-03 2.798960367595163153e-03 -3.137590168526326571e-03 -1.615463149414062428e-03 5.787908727091003319e-03 1.427690328885453499e-03 -2.670806149243793717e-04 -9.485284128226776496e-03 -3.945125892276229312e-03 -2.914573199520421182e-03 -1.349799147058115953e-03 4.157773708019893606e-04 -1.693912654876088145e-03 5.400181826617318423e-04 2.645311672374696301e-03 1.590318887561327239e-04 5.029798411140165137e-04 -6.543119157327297042e-03 -4.047765491793504401e-03 3.617119151473735918e-04 1.158769723404769604e-04 -2.055455895246399885e-03 1.100436815666549356e-02 -5.972169078070998366e-02 -1.483329180708101852e-02 1.464159908657067244e-02 -1.473921664475086844e-02 -2.864592035977909026e-02 -1.476062427563219932e-02 1.243227504390620637e-02 -1.265259702728490851e-02
0.000000000000000000e+00 0.000000000000000000e+00 0.000000000000000000e+00 0.000000000000000000e+00 -6.058363525393468951e-04 -1.159536228611587200e-03 2.753772959898094611e-05 -4.665724889674272187e-03 -8.162764542887997882e-03 -1.764411870830680153e-03 1.957198393787638185e-03 -1.185451142922104453e-04 -5.130243717232818752e-04 -2.413641608229878362e-04 -7.602961626700470692e-04 5.285326017013561263e-04 1.871635844042422291e-03 -6.941786237084091211e-03 -4.139526361411080893e-03 -4.941520487915787227e-04 -1.222817569676315193e-03 -5.174015750921837423e-03 -4.566723825729741490e-03 -4.542042142726075357e-03 -2.217294666150205606e-03 -1.651444887348165391e-03 -7.055380383672194694e-04 -9.482314833677641178e-03 -5.522882257103688824e-03 -3.089869233167702456e-03 -8.304049217829248108e-04 -2.487626078333373368e-03 -7.497991341269454393e-04 -3.588427890551778091e-03 3.007615930518995565e-03 1.871091173345339892e-03 2.825352321233518893e-04 -1.400405514857739090e-03 9.417248367288148271e-04 2.806772643959962090e-03 1.058973200724947026e-03 1.914703100915589925e-03 1.283315598227813964e-02 -1.238984915060637989e-03 4.821069679700840192e-04 9.017466662972872370e-04 -3.169113400250067776e-03 1.779656934417649496e-03 -4.509786721940345182e-03 -2.621995420780956422e-04 1.351743926382503128e-03 -2.591367390217847204e-04 0.000000000000000000e+00 0.000000000000000000e+00 0.000000000000000000e+00 0.000000000000000000e+00 4.292003546317195765e-04 3.513020560054005178e-04 -8.662448552835637621e-04 1.137355324103816318e-04 -1.447364824879406780e-03 -2.645180118165947310e-04 -1.789861873916299745e-04 3.078951179498125475e-04 -3.943979333652797032e-04 2.386290849611943181e-05 -1.219962088792767843e-03 1.973754059559023439e-04 1.317564340001524783e-03 -4.564558451119721900e-04 -2.823043655144170049e-04 3.818804338784868727e-04 6.231002580523249722e-04 2.150732470523529732e-04 -1.223772490169392846e-03 -3.493250418206946331e-05 2.181459601359989853e-05 -1.622201551217728344e-03 5.581241057444474981e-04 1.126501899112726486e-04 1.032996373330552021e-03 -4.125310773265752082e-04 1.949829020709247505e-04 5.036345281650847841e-04 -5.191477023153423520e-04 3.086982477936328802e-04 -2.787938007027387574e-04 4.055802876735096910e-04 -9.904297564586406546e-04 -4.559910774244580584e-04 -3.961140728266647113e-04 1.325807231974092198e-04 -7.682513532658044814e-04 -1.073680665502814999e-03 -1.068240863718558132e-04 3.063985502094749213e-04 -4.072739918401227163e-04 4.474416115707635687e-04 -8.817351422356009289e-05 9.045342215795078040e-04 -1.934788055659210533e-03 -8.412321785685122162e-04 1.055570880601060203e-03 -5.031873135441857240e-04 -6.223558021783110817e-04 5.657392803704388868e-04 -4.860763700811687260e-04 -4.115788843067897502e-04 -6.787196365596491129e-04 -2.156202053466881930e-04 2.206173139194450637e-04 -9.519365113994609877e-04 -3.612840685126606790e-04 -7.722897839228331195e-04 -1.042622469483808160e-03 1.347834422293280813e-04 -5.047026676193951990e-05 -8.450937221614457633e-04 -7.380960007442150623e-04 -5.611130601045830057e-04 -6.043412516520803518e-04 -4.823129946154861491e-04 2.894580444635199757e-04 -7.824777953164120756e-04 -8.222149076411633308e-04 1.867047069734895635e-04 -3.686681099227134568e-04 -4.518906702683869476e-04 -5.358747443614577657e-04 -2.445344234983243270e-03 -1.157522417037379348e-02 1.825521198306586518e-03 6.095151379711716971e-03 2.517695982110884721e-03 -7.515976496893725552e-03 2.305514844886414998e-03 3.543527801292649729e-03 2.295862439548526125e-03
0.000000000000000000e+00 0.000000000000000000e+00 0.000000000000000000e+00 0.000000000000000000e+00 2.629722030046025916e-04 6.956506783468268014e-03 -1.024088678778649212e-03 1.532392026148450418e-03 1.338848080490650377e-02 7.476803864725321477e-03 -1.211221122148724468e-02 8.908963534083068347e-03 -4.058313250491959448e-06 3.405149268549057234e-03 -1.206915646383249253e-03 2.629088335116046629e-02 1.665806568010426382e-03 -1.208943441762059916e-02 1.454947930288347582e-02 -2.261460856912546336e-02 -5.009827560793213633e-03 1.346311938919532436e-02 -2.389853616042688506e-02 4.716808844154193013e-03 -4.668970211113167680e-04 1.237415251797647012e-02 3.724384734701543381e-03 6.929791638074239701e-02 -1.425139930070455294e-03 1.435914208208873000e-02 -1.508581697877700502e-04 -1.380500058147648805e-03 -9.115454078310056621e-04 2.557237564101602287e-02 -3.915172602336099150e-03 1.245563512525859652e-02 -1.252692900233994032e-03 1.014850700525343416e-02 -2.108637774312069335e-03 -3.095204854238855358e-02 -1.355693943147024370e-02 2.063807388777753535e-02 -1.432585051412563551e-02 -2.191056574298973561e-02 -1.358655371978807628e-03 1.754841315594188322e-02 2.646214111255503539e-03 3.282585579616178334e-02 1.037300106726409162e-02 1.723265727860876645e-02 -2.591367390225399214e-04 1.128868368301969294e-01 0.000000000000000000e+00 0.000000000000000000e+00 0.000000000000000000e+00 0.000000000000000000e+00 -9.710571439532352661e-03 -1.814930976929691304e-04 1.919217510075898808e-03 -1.179103400684510016e-03 -6.136683330667043641e-03 -2.850648226363198699e-04 5.000859170750372685e-04 -2.178602025880753672e-03 1.670444427365463426e-03 -8.204602914416963665e-04 -6.340764074452033550e-03 -5.215086783433126386e-03 4.345169047924743455e-03 -1.183800364649752060e-03 4.750317717187953659e-04 -1.642178898474991018e-03 -2.059979432511348761e-03 -1.341766781633602339e-03 -7.378603707301356444e-03 -2.048329576262424706e-03 -1.529939492911187252e-04 1.320697652397401917e-02 -3.402156246550782758e-03 -3.504157872353226479e-03 3.790295427223826577e-03 -9.500353262449920747e-04 5.205411733632997516e-04 -1.070457500280609393e-03 1.304356469204214115e-03 -2.618827747036344897e-03 -3.563991815485629839e-03 -3.433913813335343762e-03 3.578825180304658245e-03 2.912655155930810903e-03 -3.936892110250283724e-03 -2.682953573013229388e-03 5.270950182231812046e-04 3.677534415362630239e-03 9.432825843810957456e-04 6.964087113487291928e-04 8.067087378260211477e-04 -3.355078624106772392e-04 -1.385057253106245683e-03 -6.502795652564733603e-03 6.136071753223629188e-04 -7.083087231726006502e-03 1.981946322763379880e-03 1.425896709120648941e-02 -2.716880001460386575e-03 -4.357163228684296161e-03 -1.838808568532980178e-03 -5.025141412472128397e-04 -1.537738239966479062e-03 -2.197118374292552105e-04 -1.774087880110845894e-03 3.465312695419888248e-03 1.042072165975863919e-03 2.572657812938824225e-03 -8.080820999166779539e-03 -2.604631604397290509e-03 -1.589719225204231203e-03 5.057687991249070619e-03 4.008363395630329742e-04 -1.050333059917714102e-03 2.719407437169094836e-03 2.544010544304426812e-03 1.156922852141068110e-05 2.448190092594356923e-03 -4.490171619366242588e-03 -2.356335724197425752e-03 6.898370361682823471e-04 6.466872482157465241e-05 2.869429753543714136e-03 7.899258775562689738e-03 1.007240818717196687e-02 -8.894972012995482416e-03 -1.834106462827399600e-02 -1.216828682094311248e-02 1.197427368053246600e-02 -9.836153701454946469e-03 -9.567114334739529324e-03 -9.904492149008559815e-03
0.000000000000000000e+00 0.000000000000000000e+00 0.000000000000000000e+00 0.000000000000000000e+00 0.000000000000000000e+00 0.000000000000000000e+00 0.000000000000000000e+00 0.000000000000000000e+00 0.000000000000000000e+00 0.000000000000000000e+00 0.000000000000000000e+00 0.000000000000000000e+00 0.000000000000000000e+00 0.000000000000000000e+00 0.000000000000000000e+00 0.000000000000000000e+00 0.000000000000000000e+00 0.000000000000000000e+00 0.000000000000000000e+00 0.000000000000000000e+00 0.000000000000000000e+00 0.000000000000000000e+00 0.000000000000000000e+00 0.000000000000000000e+00 0.000000000000000000e+00 0.000000000000000000e+00 0.000000000000000000e+00 0.000000000000000000e+00 0.000000000000000000e+00 0.000000000000000000e+00 0.000000000000000000e+00 0.000000000000000000e+00 0.000000000000000000e+00 0.000000000000000000e+00 0.000000000000000000e+00 0.000000000000000000e+00 0.000000000000000000e+00 0.000000000000000000e+00 0.000000000000000000e+00 0.000000000000000000e+00 0.000000000000000000e+00 0.000000000000000000e+00 0.000000000000000000e+00 0.000000000000000000e+00 0.000000000000000000e+00 0.000000000000000000e+00 0.000000000000000000e+00 0.000000000000000000e+00 0.000000000000000000e+00 0.000000000000000000e+00 0.000000000000000000e+00 0.000000000000000000e+00 1.000000000000000000e+00 0.000000000000000000e+00 0.000000000000000000e+00 0.000000000000000000e+00 0.000000000000000000e+00 0.000000000000000000e+00 0.000000000000000000e+00 0.000000000000000000e+00 0.000000000000000000e+00 0.000000000000000000e+00 0.000000000000000000e+00 0.000000000000000000e+00 0.000000000000000000e+00 0.000000000000000000e+00 0.000000000000000000e+00 0.000000000000000000e+00 0.000000000000000000e+00 0.000000000000000000e+00 0.000000000000000000e+00 0.000000000000000000e+00 0.000000000000000000e+00 0.000000000000000000e+00 0.000000000000000000e+00 0.000000000000000000e+00 0.000000000000000000e+00 0.000000000000000000e+00 0.000000000000000000e+00 0.000000000000000000e+00 0.000000000000000000e+00 0.000000000000000000e+00 0.000000000000000000e+00 0.000000000000000000e+00 0.000000000000000000e+00 0.000000000000000000e+00 0.000000000000000000e+00 0.000000000000000000e+00 0.000000000000000000e+00 0.000000000000000000e+00 0.000000000000000000e+00 0.000000000000000000e+00 0.000000000000000000e+00 0.000000000000000000e+00 0.000000000000000000e+00 0.000000000000000000e+00 0.000000000000000000e+00 0.000000000000000000e+00 0.000000000000000000e+00 0.000000000000000000e+00 0.000000000000000000e+00 0.000000000000000000e+00 0.000000000000000000e+00 0.000000000000000000e+00 0.000000000000000000e+00 0.000000000000000000e+00 0.000000000000000000e+00 0.000000000000000000e+00 0.000000000000000000e+00 0.000000000000000000e+00 0.000000000000000000e+00 0.000000000000000000e+00 0.000000000000000000e+00 0.000000000000000000e+00 0.000000000000000000e+00 0.000000000000000000e+00 0.000000000000000000e+00 0.000000000000000000e+00 0.000000000000000000e+00 0.000000000000000000e+00 0.000000000000000000e+00 0.000000000000000000e+00 0.000000000000000000e+00 0.000000000000000000e+00 0.000000000000000000e+00 0.000000000000000000e+00 0.000000000000000000e+00 0.000000000000000000e+00 0.000000000000000000e+00 0.000000000000000000e+00 0.000000000000000000e+00 0.000000000000000000e+00 0.000000000000000000e+00 0.000000000000000000e+00 0.000000000000000000e+00 0.000000000000000000e+00 0.000000000000000000e+00 0.000000000000000000e+00
0.000000000000000000e+00 0.000000000000000000e+00 0.000000000000000000e+00 0.000000000000000000e+00 0.000000000000000000e+00 0.000000000000000000e+00 0.000000000000000000e+00 0.000000000000000000e+00 0.000000000000000000e+00 0.000000000000000000e+00 0.000000000000000000e+00 0.000000000000000000e+00 0.000000000000000000e+00 0.000000000000000000e+00 0.000000000000000000e+00 0.000000000000000000e+00 0.000000000000000000e+00 0.000000000000000000e+00 0.000000000000000000e+00 0.000000000000000000e+00 0.000000000000000000e+00 0.000000000000000000e+00 0.000000000000000000e+00 0.000000000000000000e+00 0.000000000000000000e+00 0.000000000000000000e+00 0.000000000000000000e+00 0.000000000000000000e+00 0.000000000000000000e+00 0.000000000000000000e+00 0.000000000000000000e+00 0.000000000000000000e+00 0.000000000000000000e+00 0.000000000000000000e+00 0.000000000000000000e+00 0.000000000000000000e+00 0.000000000000000000e+00 0.000000000000000000e+00 0.000000000000000000e+00 0.000000000000000000e+00 0.000000000000000000e+00 0.000000000000000000e+00 0.000000000000000000e+00 0.000000000000000000e+00 0.000000000000000000e+00 0.000000000000000000e+00 0.000000000000000000e+00 0.000000000000000000e+00 0.000000000000000000e+00 0.000000000000000000e+00 0.000000000000000000e+00 0.000000000000000000e+00 0.000000000000000000e+00 1.000000000000000000e+00 0.000000000000000000e+00 0.000000000000000000e+00 0.000000000000000000e+00 0.000000000000000000e+00 0.000000000000000000e+00 0.000000000000000000e+00 0.000000000000000000e+00 0.000000000000000000e+00 0.000000000000000000e+00 0.000000000000000000e+00 0.000000000000000000e+00 0.000000000000000000e+00 0.000000000000000000e+00 0.000000000000000000e+00 0.000000000000000000e+00 0.000000000000000000e+00 0.000000000000000000e+00 0.000000000000000000e+00 0.000000000000000000e+00 0.000000000000000000e+00 0.000000000000000000e+00 0.000000000000000000e+00 0.000000000000000000e+00 0.000000000000000000e+00 0.000000000000000000e+00 0.000000000000000000e+00 0.000000000000000000e+00 0.000000000000000000e+00 0.000000000000000000e+00 0.000000000000000000e+00 0.000000000000000000e+00 0.000000000000000000e+00 0.000000000000000000e+00 0.000000000000000000e+00 0.000000000000000000e+00 0.000000000000000000e+00 0.000000000000000000e+00 0.000000000000000000e+00 0.000000000000000000e+00 0.000000000000000000e+00 0.000000000000000000e+00 0.000000000000000000e+00 0.000000000000000000e+00 0.000000000000000000e+00 0.000000000000000000e+00 0.000000000000000000e+00 0.000000000000000000e+00 0.000000000000000000e+00 0.000000000000000000e+00 0.000000000000000000e+00 0.000000000000000000e+00 0.000000000000000000e+00 0.000000000000000000e+00 0.000000000000000000e+00 0.000000000000000000e+00 0.000000000000000000e+00 0.000000000000000000e+00 0.000000000000000000e+00 0.000000000000000000e+00 0.000000000000000000e+00 0.000000000000000000e+00 0.000000000000000000e+00 0.000000000000000000e+00 0.000000000000000000e+00 0.000000000000000000e+00 0.000000000000000000e+00 0.000000000000000000e+00 0.000000000000000000e+00 0.000000000000000000e+00 0.000000000000000000e+00 0.000000000000000000e+00 0.000000000000000000e+00 0.000000000000000000e+00 0.000000000000000000e+00 0.000000000000000000e+00 0.000000000000000000e+00 0.000000000000000000e+00 0.000000000000000000e+00 0.000000000000000000e+00 0.000000000000000000e+00 0.000000000000000000e+00 0.000000000000000000e+00 0.000000000000000000e+00 0.000000000000000000e+00
0.000000000000000000e+00 0.000000000000000000e+00 0.000000000000000000e+00 0.000000000000000000e+00 0.000000000000000000e+00 0.000000000000000000e+00 0.000000000000000000e+00 0.000000000000000000e+00 0.000000000000000000e+00 0.000000000000000000e+00 0.000000000000000000e+00 0.000000000000000000e+00 0.000000000000000000e+00 0.000000000000000000e+00 0.000000000000000000e+00 0.000000000000000000e+00 0.000000000000000000e+00 0.000000000000000000e+00 0.000000000000000000e+00 0.000000000000000000e+00 0.000000000000000000e+00 0.000000000000000000e+00 0.000000000000000000e+00 0.000000000000000000e+00 0.000000000000000000e+00 0.000000000000000000e+00 0.000000000000000000e+00 0.000000000000000000e+00 0.000000000000000000e+00 0.000000000000000000e+00 0.000000000000000000e+00 0.000000000000000000e+00 0.000000000000000000e+00 0.000000000000000000e+00 0.000000000000000000e+00 0.000000000000000000e+00 0.000000000000000000e+00 0.000000000000000000e+00 0.000000000000000000e+00 0.000000000000000000e+00 0.000000000000000000e+00 0.000000000000000000e+00 0.000000000000000000e+00 0.000000000000000000e+00 0.000000000000000000e+00 0.000000000000000000e+00 0.000000000000000000e+00 0.000000000000000000e+00 0.000000000000000000e+00 0.000000000000000000e+00 0.000000000000000000e+00 0.000000000000000000e+00 0.000000000000000000e+00 0.000000000000000000e+00 1.000000000000000000e+00 0.000000000000000000e+00 0.000000000000000000e+00 0.000000000000000000e+00 0.000000000000000000e+00 0.000000000000000000e+00 0.000000000000000000e+00 0.000000000000000000e+00 0.000000000000000000e+00 0.000000000000000000e+00 0.000000000000000000e+00 0.000000000000000000e+00 0.000000000000000000e+00 0.000000000000000000e+00 0.000000000000000000e+00 0.000000000000000000e+00 0.000000000000000000e+00 0.000000000000000000e+00 0.000000000000000000e+00 0.000000000000000000e+00 0.000000000000000000e+00 0.000000000000000000e+00 0.000000000000000000e+00 0.000000000000000000e+00 0.000000000000000000e+00 0.000000000000000000e+00 0.000000000000000000e+00 0.000000000000000000e+00 0.000000000000000000e+00 0.000000000000000000e+00 0.000000000000000000e+00 0.000000000000000000e+00 0.000000000000000000e+00 0.000000000000000000e+00 0.000000000000000000e+00 0.000000000000000000e+00 0.000000000000000000e+00 0.000000000000000000e+00 0.000000000000000000e+00 0.000000000000000000e+00 0.000000000000000000e+00 0.000000000000000000e+00 0.000000000000000000e+00 0.000000000000000000e+00 0.000000000000000000e+00 0.000000000000000000e+00 0.000000000000000000e+00 0.000000000000000000e+00 0.000000000000000000e+00 0.000000000000000000e+00 0.000000000000000000e+00 0.000000000000000000e+00 0.000000000000000000e+00 0.000000000000000000e+00 0.000000000000000000e+00 0.000000000000000000e+00 0.000000000000000000e+00 0.000000000000000000e+00 0.000000000000000000e+00 0.000000000000000000e+00 0.000000000000000000e+00 0.000000000000000000e+00 0.000000000000000000e+00 0.000000000000000000e+00 0.000000000000000000e+00 0.000000000000000000e+00 0.000000000000000000e+00 0.000000000000000000e+00 0.000000000000000000e+00 0.000000000000000000e+00 0.000000000000000000e+00 0.000000000000000000e+00 0.000000000000000000e+00 0.000000000000000000e+00 0.000000000000000000e+00 0.000000000000000000e+00 0.000000000000000000e+00 0.000000000000000000e+00 0.000000000000000000e+00 0.000000000000000000e+00 0.000000000000000000e+00 0.000000000000000000e+00 0.000000000000000000e+00 0.000000000000000000e+00
0.000000000000000000e+00 0.000000000000000000e+00 0.000000000000000000e+00 0.000000000000000000e+00 0.000000000000000000e+00 0.000000000000000000e+00 0.000000000000000000e+00 0.000000000000000000e+00 0.000000000000000000e+00 0.000000000000000000e+00 0.000000000000000000e+00 0.000000000000000000e+00 0.000000000000000000e+00 0.000000000000000000e+00 0.000000000000000000e+00 0.000000000000000000e+00 0.000000000000000000e+00 0.000000000000000000e+00 0.000000000000000000e+00 0.000000000000000000e+00 0.000000000000000000e+00 0.000000000000000000e+00 0.000000000000000000e+00 0.000000000000000000e+00 0.000000000000000000e+00 0.000000000000000000e+00 0.000000000000000000e+00 0.000000000000000000e+00 0.000000000000000000e+00 0.000000000000000000e+00 0.000000000000000000e+00 0.000000000000000000e+00 0.000000000000000000e+00 0.000000000000000000e+00 0.000000000000000000e+00 0.000000000000000000e+00 0.000000000000000000e+00 0.000000000000000000e+00 0.000000000000000000e+00 0.000000000000000000e+00 0.000000000000000000e+00 0.000000000000000000e+00 0.000000000000000000e+00 0.000000000000000000e+00 0.000000000000000000e+00 0.000000000000000000e+00 0.000000000000000000e+00 0.000000000000000000e+00 0.000000000000000000e+00 0.000000000000000000e+00 0.000000000000000000e+00 0.000000000000000000e+00 0.000000000000000000e+00 0.000000000000000000e+00 0.000000000000000000e+00 1.000000000000000000e+00 0.000000000000000000e+00 0.000000000000000000e+00 0.000000000000000000e+00 0.000000000000000000e+00 0.000000000000000000e+00 0.000000000000000000e+00 0.000000000000000000e+00 0.000000000000000000e+00 0.000000000000000000e+00 0.000000000000000000e+00 0.000000000000000000e+00 0.000000000000000000e+00 0.000000000000000000e+00 0.000000000000000000e+00 0.000000000000000000e+00 0.000000000000000000e+00 0.000000000000000000e+00 0.000000000000000000e+00 0.000000000000000000e+00 0.000000000000000000e+00 0.000000000000000000e+00 0.000000000000000000e+00 0.000000000000000000e+00 0.000000000000000000e+00 0.000000000000000000e+00 0.000000000000000000e+00 0.000000000000000000e+00 0.000000000000000000e+00 0.000000000000000000e+00 0.000000000000000000e+00 0.000000000000000000e+00 0.000000000000000000e+00 0.000000000000000000e+00 0.000000000000000000e+00 0.000000000000000000e+00 0.000000000000000000e+00 0.000000000000000000e+00 0.000000000000000000e+00 0.000000000000000000e+00 0.000000000000000000e+00 0.000000000000000000e+00 0.000000000000000000e+00 0.000000000000000000e+00 0.000000000000000000e+00 0.000000000000000000e+00 0.000000000000000000e+00 0.000000000000000000e+00 0.000000000000000000e+00 0.000000000000000000e+00 0.000000000000000000e+00 0.000000000000000000e+00 0.000000000000000000e+00 0.000000000000000000e+00 0.000000000000000000e+00 0.000000000000000000e+00 0.000000000000000000e+00 0.000000000000000000e+00 0.000000000000000000e+00 0.000000000000000000e+00 0.000000000000000000e+00 0.000000000000000000e+00 0.000000000000000000e+00 0.000000000000000000e+00 0.000000000000000000e+00 0.000000000000000000e+00 0.000000000000000000e+00 0.000000000000000000e+00 0.000000000000000000e+00 0.000000000000000000e+00 0.000000000000000000e+00 0.000000000000000000e+00 0.000000000000000000e+00 0.000000000000000000e+00 0.000000000000000000e+00 0.000000000000000000e+00 0.000000000000000000e+00 0.000000000000000000e+00 0.000000000000000000e+00 0.000000000000000000e+00 0.000000000000000000e+00 0.000000000000000000e+00 0.000000000000000000e+00
0.000000000000000000e+00 0.000000000000000000e+00 0.000000000000000000e+00 0.000000000000000000e+00 -8.508253728049120900e-04 -7.532901675999861824e-03 -3.478644026277267608e-04 -1.744392464293047923e-02 -2.285398320094217048e-02 -4.745772880959228841e-03 6.348844272501347197e-03 -9.306611426207696963e-03 -2.014968057909730624e-03 -3.996461526526006586e-03 -5.028327690274781749e-03 -1.480557206380574663e-02 6.634438465081908196e-03 -1.072728125477139145e-02 -5.181610901325256306e-03 1.353462113101755807e-02 -1.272054585218414854e-03 -4.825074441370021637e-03 -3.514500068511594664e-03 2.765832101865275516e-03 -7.177139860364161773e-03 -4.371074634918028709e-03 -1.473898816533351095e-03 -6.714393486465754235e-02 -6.558204891666219796e-03 -5.052071604990998263e-03 -2.446702777864603710e-03 1.163720187453314622e-03 -2.773033732868593337e-03 -1.121466154452001318e-02 9.201450466233563816e-03 -2.100041718762813998e-03 -4.152032639246747495e-03 3.679062766247032708e-03 5.271780197092392102e-03 1.695501408193895998e-02 -1.138012801892147353e-02 -3.336581506650507494e-03 -3.790493984067646628e-03 4.070977907297785442e-03 3.200397506235793527e-03 -5.475124703543146100e-03 5.418175845172256300e-04 -7.759645252899427005e-04 -7.742273864745442824e-03 -1.305368416359665648e-02 4.292003546322479082e-04 -9.710571439524761511e-03 0.000000000000000000e+00 0.000000000000000000e+00 0.000000000000000000e+00 0.000000000000000000e+00 1.063530669055113842e-01 -2.045035553333003978e-02 -5.061844559933017726e-03 -4.839177978313522269e-03 1.318619953945054102e-01 -2.530411307599327031e-02 -1.561685549531686805e-03 -4.541023118025074891e-04 1.235377332718766343e-03 -4.059606925320652891e-03 9.151681902845666683e-02 -9.690897735462953091e-03 -6.606308546818270844e-02 -2.305101390828390856e-02 -5.875954768062202453e-03 2.817469964463578409e-03 9.718028812388958271e-03 6.130411672078420367e-03 1.182772889435134700e-01 -2.238205207500918587e-02 -7.070108159413052498e-03 -6.884362293837074931e-02 1.221921213189144928e-02 -8.948312934485599945e-03 -6.013171599639264425e-02 -2.242957117174165099e-02 2.684496051886648381e-03 7.848329676006248617e-03 -7.113875336907092041e-03 6.450122779359000920e-03 4.585440039162586717e-02 -1.191221848697097963e-02 -4.221347933448115972e-03 -4.138744311957336455e-03 7.353338009328820590e-02 -1.817488200560875289e-02 -2.620076152499332955e-02 -2.028279733295026283e-02 -7.608301734276450880e-03 2.582419110912457377e-02 9.283284907888378346e-03 4.928790553902956395e-02 2.071606538062570335e-02 6.632183004511561786e-02 5.288281972592998037e-02 8.756170350364012728e-04 -5.533483030755263418e-03 -1.883919817170915875e-02 5.704885496680980883e-02 2.765879528494523051e-03 -7.173891807125978848e-03 -7.758923796961783928e-03 -1.644510554713637940e-03 -3.870348516463137031e-03 -1.484750061476786294e-03 -2.092505708864779435e-02 -2.871274124577993803e-03 -2.301969757760738769e-02 1.282015357092260999e-01 -7.332192137399327556e-03 5.449804571491023708e-03 -1.025613097142065444e-02 -1.261580391607323125e-02 -2.797182613971631836e-03 -1.004105744580191528e-02 -7.106438457864039729e-03 4.740502706601705703e-03 -1.266358204616492913e-02 6.562694313381563227e-02 -1.746467621391681324e-02 -1.167251566533360815e-03 -9.180417661794606707e-03 -2.663830047033001469e-03 -1.293067871203784358e-01 2.925224352449452003e-01 1.023818686763859898e-01 -1.495283049929801988e-02 9.788951585514535370e-02 1.246669712141141584e-01 9.271916102122852721e-02 -5.358765053073866885e-02 1.028252953972503270e-01
0.000000000000000000e+00 0.000000000000000000e+00 0.000000000000000000e+00 0.000000000000000000e+00 -5.893280952318513417e-04 -6.063578706773782535e-05 -9.215689257784600739e-04 4.874234978502894888e-04 -8.468019659453042761e-03 2.452566726271973325e-03 3.728527522569015980e-03 -2.569317690470353417e-03 -3.446981917138340428e-04 9.380870888388328751e-04 -2.283896833961669790e-04 3.233756433660010853e-04 4.530131277171691589e-03 -1.144582568520985041e-02 -4.125455213970055310e-03 4.306152647692789749e-03 -3.960594312426359313e-04 -5.991382453266821603e-03 -4.704040155917321199e-03 -1.647465176827315244e-03 -2.969459165385225294e-03 1.280392586331826829e-03 -2.740605552722392285e-03 -2.644886258848868146e-02 -7.485294704194701658e-03 1.459168631897345917e-03 -4.914998071365260773e-04 4.947606007079713777e-03 -6.494724434907886944e-04 2.233786796390523598e-03 1.420972643647490938e-03 -1.989628302893048113e-03 -8.420388534143023653e-04 -9.883005529642809039e-03 3.030819468887906501e-03 1.060668143750015564e-02 1.261596196272085201e-04 -6.843064237445489750e-03 -8.275346571707662595e-04 1.803010133293001058e-03 8.390498509498263598e-04 8.585380604143898198e-03 1.072630579414112374e-03 1.742929631952118722e-03 -1.425712414716969086e-03 8.580307230993868689e-04 3.513020560053058128e-04 -1.814930976975330252e-04 0.000000000000000000e+00 0.000000000000000000e+00 0.000000000000000000e+00 0.000000000000000000e+00 -2.045035553333254125e-02 5.618377999837027847e-02 -1.986342104919954984e-02 5.310069089342625906e-04 -9.784902210918275389e-02 2.820264535635837178e-02 -3.039002007180002969e-03 5.406990460698683602e-03 -1.109773906638003051e-02 1.007031098017105615e-02 -5.818087799146941935e-02 3.773198232419201770e-02 4.434750171869573931e-02 1.909422311485294704e-02 -3.251856486143734444e-04 9.120828592227650804e-05 -7.561346176832101085e-03 1.445808811692565234e-02 -7.591573517576648278e-02 3.257319753134699930e-02 4.231419802484797515e-03 -1.988600138160083811e-02 3.674027187971438176e-03 -8.656252835783308577e-03 3.624469824552960934e-02 2.064012663065608807e-02 2.133680241297159115e-03 1.631227968164925468e-03 8.898172461145379894e-03 1.040041828786779539e-02 -3.024637198965435259e-02 4.684110583916546028e-02 -1.293959166620959559e-03 -1.378233452652952206e-04 -4.583426614135151927e-02 4.662187610191145110e-02 2.367282158272827636e-03 -5.771430122517044042e-02 9.347029060773722614e-03 -3.222711637849686589e-02 -1.700508968308628993e-02 -2.050949583907891310e-02 -6.017953156267991099e-03 -2.111082469854284188e-02 -6.623948966369457014e-02 -2.166194966964553326e-03 4.287448263989921196e-03 -7.692210096607501185e-03 -3.838968476515013800e-02 3.502184299836942627e-02 -7.650849925539800547e-03 -8.164918553309202451e-03 -2.007500273168164734e-02 -4.429193477501457317e-03 1.073215069365301630e-02 -1.739808432130704810e-02 -8.146833799521214017e-03 -1.363430614357041999e-02 -8.586726907750480420e-02 3.249714350314493461e-02 -2.480229186193976497e-04 -2.661848697980894948e-02 -1.337072633579846487e-02 -1.793322972666103535e-02 -1.234004046526525344e-02 -1.619949105686226479e-02 3.389284896076426822e-03 -1.231843634646074062e-02 -4.963067508653883075e-02 3.300671608241195071e-02 -4.968353215906451577e-03 -6.987343544171680833e-03 -4.067342409959206345e-02 -2.307270031305815039e-02 -7.628146232294572560e-01 4.379650985568440957e-02 3.235243222146725328e-01 5.651447837759499687e-02 -4.519463339399354407e-01 5.313856683992794483e-02 2.196216932412372591e-01 6.765409885094811338e-02
0.000000000000000000e+00 0.000000000000000000e+00 0.000000000000000000e+00 0.000000000000000000e+00 1.902270314365038951e-03 -2.523432490034200216e-03 1.107783948399712485e-03 2.972137498684065526e-03 2.206058792996848372e-02 -3.352057082485301875e-03 -1.178255261612027108e-02 3.755835946780968632e-03 4.646430482330623363e-04 -7.790952261609569371e-03 -2.865711041065686394e-04 1.982772537102819952e-03 -1.468228555661933547e-02 2.155910182655177906e-02 1.183745062642466844e-02 -1.043922193742223559e-02 3.160274670677534585e-03 1.794057987218210942e-02 1.324772621841666109e-02 1.728772701147101047e-03 6.129321219365825059e-03 -1.459179012372191931e-03 5.844077996585950521e-03 5.731246752952699752e-02 1.790520691361899980e-02 3.298768693269061615e-03 -1.455219295595003553e-04 -6.098907715667639499e-03 1.907276067022065915e-03 -3.442824597072282819e-03 -1.154378129882184349e-02 5.264241850896096003e-03 2.637235702909843972e-03 1.390308663974366976e-02 -4.084919383044491314e-03 -1.796207964564021722e-02 -1.163750777324293762e-04 1.175947930175202244e-02 -3.331506891153339193e-03 -6.834745278819741310e-03 -3.609623553967141645e-04 2.952404627563211953e-03 8.363897914211951713e-05 -1.374898899437454903e-03 5.153193434638330891e-03 2.654993105344663137e-03 -8.662448552820838261e-04 1.919217510057612220e-03 0.000000000000000000e+00 0.000000000000000000e+00 0.000000000000000000e+00 0.000000000000000000e+00 -5.061844559930566562e-03 -1.986342104921163046e-02 1.096008867650347385e-01 -6.859855386820764428e-03 2.185957476313606096e-01 -1.978910538090784821e-02 -7.427720408832290573e-03 -1.254506121727728615e-02 1.305568102743516652e-02 -2.139195206758489655e-03 1.204364426023412510e-01 -3.989668667496509141e-02 -1.272329246173954098e-01 -3.686921294964452811e-02 7.310173630028979179e-03 1.914045472700975567e-02 -2.314089876815692611e-03 -1.598930976454162808e-02 1.722199491868554866e-01 -3.931625561636484245e-02 -3.441307301922884483e-03 8.006690183730613697e-02 -1.022018796904910695e-02 1.196106479232697311e-03 -1.133085426319681149e-01 -4.556612178618651976e-02 1.252987917213597069e-03 2.253983194418849104e-02 -7.843866456429683665e-03 -6.489761519112634963e-03 7.184111976901555452e-02 -5.494647523120969879e-02 6.297087177883151608e-03 5.803543092349511268e-03 6.320566999896601312e-02 -3.279578949910669228e-02 3.651771496414998874e-02 1.276737925113106790e-02 -8.709720695641584923e-03 -5.249253001383281242e-03 7.566801600115702527e-03 -1.035240003968699619e-02 -2.089186971329047571e-02 -4.519202684958197741e-02 1.501250613353158347e-01 5.893339583135318721e-04 -1.019824443936652794e-02 1.183622218769325718e-02 5.998685102032792760e-02 -1.966927453287516114e-02 6.212173297295205815e-02 -1.111285240662086143e-02 6.429265486795235351e-02 -1.743411972765125661e-02 -1.414128019172492673e-02 4.567897797268822419e-02 3.042653968312393140e-02 8.484441857002738424e-03 1.317194556921892912e-01 -2.756943330412243987e-02 2.623914282666926778e-02 -7.531449689832415972e-04 3.143704531558250137e-02 8.338969555469925160e-03 3.185931749653782979e-03 1.860247499286053763e-02 -1.349986483778952209e-02 4.746969292653680991e-03 1.083460503890966986e-01 -3.348061289658636752e-02 1.178454425685166070e-02 6.692185122303207293e-03 -4.205142963857059352e-02 1.141249459717493669e-01 3.571431698391389076e-02 -1.270656320685864260e-01 -2.930706898194544718e-02 -1.568911478936793613e-01 -2.493075828789914627e-02 -1.676205847725280862e-01 -6.627864701192927310e-03 -1.559395412122655256e-01
0.000000000000000000e+00 0.000000000000000000e+00 0.000000000000000000e+00 0.000000000000000000e+00 3.005390314821144992e-04 -7.751424335512996106e-04 2.395759451568009240e-04 -1.371742145428727884e-03 3.110378858449157694e-03 -2.596359447781060835e-03 1.489355084114662650e-03 -1.188942085896128658e-03 1.286807841123867226e-04 -8.171440189792294377e-04 4.124739829920384682e-04 -4.088532896946002471e-03 -2.020468557509341734e-03 2.339674677321506961e-03 2.707338207461136917e-03 1.429901751990726548e-03 1.593937405705243620e-04 1.992125306104884901e-03 -6.891464197344408533e-04 2.715020997480123302e-04 1.514849294922837424e-03 -1.597575048830167507e-03 4.068822202681434720e-04 -8.883986456481907795e-03 5.312652276228461284e-03 -2.840119878982274877e-03 8.389769124255656157e-04 -3.021067657873453306e-03 -1.593200005642182813e-04 -2.426334826179200616e-03 2.475612750802990824e-03 -2.387384899623835269e-03 -1.020796452249014743e-03 6.627825688093714335e-03 7.955369033382075211e-04 1.469483942316213501e-03 -5.272337439120814567e-03 7.246680753345917901e-04 3.861283229956958066e-03 -2.764962983012150995e-04 2.448909343097275398e-03 -7.419397876269851269e-03 -7.767010659432829279e-04 -6.555662235767600182e-03 -2.553448037997202436e-03 -3.941289174595471491e-03 1.137355324095190405e-04 -1.179103400684562925e-03 0.000000000000000000e+00 0.000000000000000000e+00 0.000000000000000000e+00 0.000000000000000000e+00 -4.839177978315310769e-03 5.310069089423539914e-04 -6.859855386835617130e-03 7.152778297069099789e-02 -6.039940006066136374e-02 6.823220703317434133e-02 4.029547624155309545e-03 2.976216916045032641e-03 5.263210642785800218e-03 2.189196975780231379e-03 -2.748646322785147644e-02 6.400007545984826018e-02 2.448864349804817653e-02 8.492079094634967518e-02 1.358268451988445952e-03 1.120513508088105681e-02 -1.119335044573589039e-02 -9.808994638776553920e-03 -4.798771329835150451e-02 8.048761374371490862e-02 7.555236727373345045e-04 -4.286040431408467619e-03 -7.603698092124517097e-03 -3.408648180927850192e-03 2.460860479559495717e-02 8.156897126699629019e-02 1.393805249472724293e-03 9.590919386378333675e-03 1.095948044092528648e-02 -8.247533050888201239e-03 -1.986278861379198526e-02 6.845686954499488608e-02 2.489869622580940384e-04 -1.069969351224076774e-03 -2.050304940278940141e-02 6.624220609949889316e-02 9.838750182902013253e-03 1.221800106191702970e-02 3.695597804796504297e-03 1.580587517471749442e-02 -9.830313742837481009e-03 5.966870443037969145e-03 8.478975268772191709e-03 -1.141529521005417783e-02 -5.026826411084407698e-02 9.722031646063512833e-02 -2.979740705570978199e-03 -2.230399355487426485e-03 -6.763063291304505405e-03 4.792054314681339772e-02 -3.312760922384242607e-02 1.120392919482711934e-02 -2.367616124946462369e-02 2.337314720010140109e-02 4.534927987592078658e-03 1.738304644656824688e-02 -1.460165627448396439e-02 1.578478989223528611e-02 -1.340491345799734585e-02 5.896026791699537223e-02 -1.340306179256120847e-02 5.270852078849665862e-02 -6.525413201064288356e-03 1.311518898088072024e-02 -7.517498447618033847e-03 1.375889244926048818e-02 1.454943559399724494e-02 2.088430157001737453e-02 -2.682714126885934330e-02 6.623788409734947258e-02 2.137509719154771868e-03 9.647006869099075330e-03 8.450156350030464669e-02 8.804374299715761465e-02 9.334894475645914014e-01 -8.164722259907882668e-03 -4.107496290726884158e-01 -4.486675726959939159e-02 5.926125206771032383e-01 -2.209431184548890301e-02 -2.673981071895799033e-01 -1.720014379676812477e-02
0.000000000000000000e+00 0.000000000000000000e+00 0.000000000000000000e+00 0.000000000000000000e+00 3.373337167722670511e-03 -1.296617069201042895e-02 4.082134919820812682e-03 -1.263094885761210408e-02 2.197288969840217182e-02 -1.386848014306041321e-02 -2.129503496573076013e-02 -2.473483226500719067e-03 -1.074401064794557308e-03 -1.906606191550634308e-02 -6.964567815790363714e-03 -1.311641912837544638e-02 -2.137114329571636329e-02 3.761656289097597972e-02 1.723953087811931628e-02 -9.593283407081782538e-03 4.541903258783025303e-03 3.404999132984169730e-02 2.819428991159383599e-02 8.975471927741070222e-03 6.913847157318481901e-03 -9.625163605999402516e-03 1.377327001663876047e-02 6.816217304827262846e-02 3.686633228661841122e-02 -5.722617771263595896e-05 -4.972513064215554335e-03 -1.316876869113532689e-02 9.713681062743750568e-04 -2.237940327063507942e-02 -1.434069611425760338e-02 1.094510199686113058e-02 -2.044403899882052096e-04 4.060463554982202128e-02 -5.167790339371283910e-03 -2.538120484971768606e-02 -1.283014272897436622e-02 2.530059020256510138e-02 -7.019762277363661256e-03 -1.003258286546228339e-02 1.615247136766564864e-03 -3.993200359969887800e-03 -1.883676634166694779e-03 7.226785808528931633e-03 2.419101318414562836e-03 -1.038500095973475881e-02 -1.447364824873571603e-03 -6.136683330708786292e-03 0.000000000000000000e+00 0.000000000000000000e+00 0.000000000000000000e+00 0.000000000000000000e+00 1.318619953945683876e-01 -9.784902210919996235e-02 2.185957476313194481e-01 -6.039940006061120942e-02 8.184264939377990933e-01 -1.274074449610701210e-01 -2.725052392576588628e-02 -1.894059400548851052e-02 2.186728621572394879e-02 -8.683366738271490470e-03 4.578455688371744214e-01 -1.433712855007592823e-01 -4.361835255380308585e-01 -1.356261570871681865e-01 1.057492233083573430e-03 1.672060225398953881e-02 1.957372589087191112e-02 -2.700079785837319196e-02 6.396490964237292465e-01 -1.568694400561225222e-01 -2.546192209268705736e-02 4.673178686319989089e-02 -8.641605465274019952e-04 -5.247666379352853606e-03 -3.892189926490495777e-01 -1.404737429914955371e-01 8.166987491265258192e-04 2.364145987615156111e-02 -2.810753647746602399e-02 -1.396742318127466853e-02 2.729273451712494469e-01 -1.645618404384038280e-01 5.642844954822531095e-03 3.553706883208906844e-03 3.191786637526612402e-01 -1.570543648272004211e-01 4.807817211141286566e-03 1.382734384052294527e-02 -4.022412269910245058e-02 3.097823735770271689e-02 3.994546963465993306e-02 4.177253679916387297e-02 3.066263577364793623e-03 8.414186977600823791e-02 4.927244410037359135e-01 -1.559477596788406625e-02 -3.433753525324206857e-02 1.140957378533171557e-02 2.549211700683480242e-01 -6.778673865453643810e-02 1.560359946278003507e-01 -3.777984815567878019e-02 1.720875311315205047e-01 -6.013759887364373419e-02 -4.500499183099324063e-02 7.572490904973369630e-02 9.187874875335717839e-02 -1.324844995606604646e-02 5.714764014181619167e-01 -1.136858355756639599e-01 6.637725991344539667e-02 -2.818453330752277233e-02 5.377156587873724303e-02 1.816442032599177581e-02 1.583211667101149661e-02 2.792112382889275560e-02 -4.270826446127557602e-02 2.602747710296062292e-03 3.892688405337535462e-01 -1.449635984857470805e-01 3.259094504104227685e-02 -2.604435881825259511e-03 -1.023416487211668419e-01 9.365662712182298844e-02 7.086214262572043676e-01 -1.994617030791021595e-01 -2.012753362915857269e-01 -2.703744421257450181e-01 3.416616042290380184e-01 -2.794172097395846710e-01 -1.521789318045176365e-01 -2.656435321922153148e-01
0.000000000000000000e+00 0.000000000000000000e+00 0.000000000000000000e+00 0.000000000000000000e+00 1.072421365353175716e-03 -4.445141624783429529e-03 2.939330622595990260e-04 -1.318782065532928807e-03 1.032514361411526228e-02 -4.832864331048699821e-03 -4.071296294236706470e-03 9.237407241476277555e-04 -1.285220990993408215e-04 -6.788430891462385493e-03 -6.103930593297823880e-04 -4.311921374439796686e-03 -9.209289128485577056e-03 1.165720373321729557e-02 8.457571577083485698e-03 -3.389879493364377286e-03 1.076834081713114394e-03 1.060642872963618068e-02 5.297921342230384363e-03 7.250432936908609953e-04 3.240328384636638297e-03 -3.395748840642863128e-03 3.136178086444412275e-03 1.557789201084054144e-02 1.180934938370486326e-02 -9.853627326691974907e-04 1.088664720512132200e-03 -4.997636696113423593e-03 2.045578194637519146e-04 -6.743632443351607435e-03 -2.016033445615715743e-03 1.477418838362645672e-03 -2.273491216524424680e-04 1.037185413417775377e-02 -3.108136856987598782e-04 -4.497236863149811983e-03 -8.168885988330640280e-03 6.679776837188573790e-03 1.395695085934840589e-03 -4.770652286213124607e-03 1.963629833291031385e-03 -6.097535727271772600e-03 5.299701319540676232e-04 -9.629795719265744208e-03 -1.724549785665904864e-03 -3.193364847895405981e-03 -2.645180118176655433e-04 -2.850648226455410094e-04 0.000000000000000000e+00 0.000000000000000000e+00 0.000000000000000000e+00 0.000000000000000000e+00 -2.530411307599282275e-02 2.820264535636827358e-02 -1.978910538091082152e-02 6.823220703316697222e-02 -1.274074449610685666e-01 1.046371121617618166e-01 6.688467813113108118e-03 -5.493724510822183341e-03 3.985239086272396140e-03 -2.672157357611763644e-03 -6.294186791703657025e-02 8.421833880528870053e-02 5.553346712230748661e-02 1.130179405208323745e-01 2.374098673676449528e-03 1.189270036415294692e-03 -1.956029610541060865e-02 -1.084530660228013969e-02 -1.014723946328647125e-01 1.063368792275360408e-01 2.247925926921227717e-03 -3.941220221981775462e-03 -8.871062486975936009e-03 -7.644370946242414443e-03 5.325464762100781679e-02 1.107567812344968650e-01 -1.861043103800166104e-03 -2.590820146627754398e-03 2.308887913355654742e-02 -1.218411444310275697e-02 -3.904995606749939174e-02 1.063158075222242066e-01 3.921821471724387664e-03 2.378540690223094126e-03 -4.281151242530711887e-02 9.492588993083728166e-02 4.401698256427950817e-03 3.562440353202009791e-03 1.239916814049405597e-02 4.696388209759450386e-03 -1.066403046073120461e-02 -6.294666484369063064e-03 1.000961194742323868e-02 -8.158915527544103111e-03 -8.254113894834205767e-02 1.077263915582714893e-01 -7.175303061722708604e-03 1.633103978502181090e-04 -3.341021193344789753e-02 6.362354265570584200e-02 -3.303602941333294574e-02 1.873789043928867498e-02 -2.676804116471074788e-02 2.591655872480084360e-02 2.769070705232526235e-03 2.040559650118578539e-02 -1.326366561730275492e-02 3.023961359709263427e-02 -7.426792564840496713e-02 8.416621254273815023e-02 -1.805119244967956504e-02 5.724702695733481506e-02 -3.212073107132615898e-03 1.239337881536913162e-02 5.080172729927962677e-04 1.535050820593813863e-02 1.403296390130651800e-02 2.594139323519934620e-02 -5.583654812254481431e-02 9.309569227938691016e-02 1.981272272142559424e-03 9.908055911099137789e-03 7.689616790931401435e-02 7.778352942585770036e-02 6.443110484505391033e-01 3.040389161500673190e-02 -3.311621914298985558e-01 4.538274488009677934e-03 4.345742061806016077e-01 2.447588432673492714e-02 -2.001545559495113979e-01 2.878544897906261391e-02
0.000000000000000000e+00 0.000000000000000000e+00 0.000000000000000000e+00 0.000000000000000000e+00 3.974675646730643644e-04 -7.502113972996937719e-04 -1.370982659799583486e-04 8.073058023463015095e-04 3.847960600868741143e-03 -1.138399909017607939e-03 -1.222062845521483228e-03 1.245025894024103961e-03 3.837387654467835983e-05 -1.976173321191078847e-03 3.229672690202060816e-04 -5.305124621235594905e-04 -2.609061653171833653e-03 4.472196529778847858e-03 1.874494777137416255e-03 -1.258691416118912481e-03 3.388670083623773256e-04 3.320484145529682771e-03 1.828221436528475793e-03 4.542858597377258541e-04 1.242566523292120426e-03 -1.234263965976855346e-03 7.932464773431134424e-04 8.428818900830793021e-03 2.726726239726285760e-03 -2.109546114629050621e-04 6.579367973855160387e-04 -7.917024571740965706e-04 3.293850752360859345e-04 -1.835692061319944878e-03 -1.861341274206596095e-03 1.729769282259372917e-03 7.623799642139136683e-04 1.474674097366282608e-03 5.366085833748607302e-04 -5.478413632241306737e-03 -4.275523567937433559e-04 2.077773348587070440e-03 8.147789388503910366e-04 -2.337448405806402153e-03 -2.636536732884541012e-04 2.189196891706623928e-03 7.057335164711367459e-04 -2.534916405458538611e-03 -2.009318214456873276e-04 6.701128402248412519e-04 -1.789861873918759528e-04 5.000859170774155744e-04 0.000000000000000000e+00 0.000000000000000000e+00 0.000000000000000000e+00 0.000000000000000000e+00 -1.561685549533070681e-03 -3.039002007177558744e-03 -7.427720408833800650e-03 4.029547624152926034e-03 -2.725052392577497623e-02 6.688467813115186317e-03 1.276497616335398738e-02 -3.400466831206787853e-03 3.631197358961399304e-03 -3.674263173711706139e-03 -4.146619459465629431e-03 -2.885111771392632595e-03 1.177378659555516731e-02 1.052801103970403898e-02 2.362456674943216092e-03 -6.226762857527337602e-03 -5.408406455974792797e-03 -3.905442953573993493e-03 -1.535788479051415460e-02 7.157366803158452147e-03 -2.773197808851585568e-04 1.094662999730455256e-03 -3.152337265293888701e-03 -4.421491595496694106e-03 1.152094840304795573e-02 1.079149048882014662e-02 -2.964953976435915402e-03 -7.313096038845346911e-03 8.188240507875314128e-03 -5.366341151842556056e-03 -7.145675895629986611e-03 1.757693018536254405e-03 2.149292510470995031e-03 1.095783519769822799e-03 -1.841758374378565889e-03 -1.924434895784150239e-03 -4.488438768939130227e-03 1.610077730427647916e-02 3.217965142435413005e-03 5.084114678506480856e-03 6.255540125037610012e-03 5.869298542515479812e-03 3.247175907909137342e-03 1.443825891192408381e-02 -6.576244395079426826e-03 7.072060637198216738e-03 -4.898521494124633436e-04 6.938151880498910585e-04 -1.355030828223141234e-03 -5.317293202827384074e-03 -9.603285862200617792e-03 8.178456090972825374e-03 -6.202077071803457561e-03 1.861152793515472113e-03 -3.535257721440236960e-03 4.036547397761921195e-03 -3.315399823757992498e-03 9.413565099807780570e-03 -6.809871816470145726e-04 1.031373242168318310e-03 -7.561709853134482122e-03 1.006758121692679156e-02 9.932710430467313247e-04 2.254470619126667640e-03 3.658074309716603367e-03 5.789335547251596957e-03 3.371645725065612088e-03 4.847734570856969578e-03 -7.465597907545425994e-03 2.213202721260775982e-03 -2.249158489352687078e-03 4.110050220325809863e-04 1.647691648729286348e-02 9.526294500040494509e-03 1.468858466989091949e-01 -3.106742728046191920e-03 -8.496346708728046149e-02 -8.207695795471404987e-03 1.117129512436935979e-01 -5.051267111959348820e-03 -5.232486769843017888e-02 -3.480086484275707499e-03
0.000000000000000000e+00 0.000000000000000000e+00 0.000000000000000000e+00 0.000000000000000000e+00 -9.781739934170009376e-04 2.889737662944100085e-03 -7.845794824092587908e-04 -1.672068496483799897e-03 -1.063963685284402723e-02 4.146401883654282639e-03 7.243203390074233472e-03 -6.111220508944672537e-03 -2.063906243753726739e-05 5.385996189319864139e-03 4.387413231650571935e-04 6.990639419137393727e-05 9.245239382287606666e-03 -1.681102351969964923e-02 -5.948156551281969309e-03 7.265356490211663520e-03 -4.236045197770424843e-04 -1.229182361530355497e-02 -8.344499097144681202e-03 -5.093871461929064476e-04 -3.495012113023972591e-03 3.421546113865890811e-03 -4.189192794837955439e-03 -4.587812358678892283e-02 -8.997681175906008938e-03 8.921504228319352379e-04 -6.042063683475941069e-04 5.779442375558052625e-03 -6.930409239677491184e-04 5.649405488054268579e-03 5.481602140838852215e-03 -4.944583468617176104e-03 -1.718370551431521419e-03 -8.831697455883613310e-03 2.336153771052895678e-03 1.323329114947361003e-02 2.757447789329163772e-03 -9.920084509380869969e-03 -2.716820694775679262e-03 7.954195753886759285e-03 1.127862662862150894e-03 -1.533985465638969519e-03 5.462276555167235167e-04 1.492849892051663092e-04 -8.374235223689643903e-04 -1.106634517258751459e-03 3.078951179492883357e-04 -2.178602025870438139e-03 0.000000000000000000e+00 0.000000000000000000e+00 0.000000000000000000e+00 0.000000000000000000e+00 -4.541023118096003397e-04 5.406990460699393104e-03 -1.254506121728335942e-02 2.976216916045767730e-03 -1.894059400551432321e-02 -5.493724510815554962e-03 -3.400466831204716159e-03 2.860124552619212196e-02 -9.740230095600642748e-03 4.559107546938051883e-03 -1.096746347243171722e-02 1.225951309944511847e-02 1.052642838303981775e-02 1.057874179115935506e-04 1.537781807199586036e-03 5.017295161892380319e-03 6.441708332337385242e-05 9.265157411115850991e-03 -1.320850109805674771e-02 3.682107958880820667e-03 2.855923978248806408e-03 -3.126842818496947812e-02 6.795967230525262054e-03 1.307108021652115051e-02 8.340766575255099957e-03 -1.007221141202068468e-03 -1.353794025194014587e-03 4.741780087313295609e-03 -2.778087633329996676e-04 8.787318444043823104e-03 -6.680053081344567399e-03 6.345633349662703135e-03 -4.023666276432536111e-03 -3.020683672408522660e-03 -1.134993433197576361e-02 4.325033801773783479e-03 4.431749797308361279e-04 1.208178204932879550e-04 -2.857111949126481688e-03 -3.735412045274260490e-03 -9.463312975528692314e-03 -3.723509207056320720e-03 -5.200974580604185091e-03 -2.499643212758059611e-03 -2.672744862617884229e-02 3.522620845422866440e-03 4.592233627006999525e-03 -1.015362514849853931e-02 -4.231863311145558741e-03 3.406921317440731942e-03 -8.281773155681978679e-03 6.897225701581318966e-03 -1.423260174182476405e-02 9.272959862854566332e-03 9.720611689236340405e-03 -1.153531607951325394e-02 -1.006754697537220848e-02 -2.726428963061982083e-03 -2.023021855160155383e-02 2.510986727129884723e-03 4.603394325328507425e-03 -4.410534768085540291e-03 -6.221430417347508998e-03 -3.765256132631336281e-03 -5.852266261169688372e-03 -1.282842014299233335e-02 5.659782596703229716e-04 -5.982534723765300586e-03 -1.287136046001200948e-02 5.085913311384643830e-03 4.234489873923808455e-04 -3.082521007057215882e-03 -8.311260640680644823e-03 -2.935560031544701132e-04 -1.532051238920539848e-01 -1.817758850795347415e-03 7.897405660553168116e-02 2.994713579519662702e-03 -7.808014979209089435e-02 6.198299681675014175e-03 5.109668733517781780e-02 3.983865896011379304e-03
0.000000000000000000e+00 0.000000000000000000e+00 0.000000000000000000e+00 0.000000000000000000e+00 1.220328616334895354e-03 -1.916022935731813513e-03 9.804113021288462897e-04 2.725655963462372822e-03 1.347885605413747835e-02 -3.490959144443201399e-03 -8.270002244044392589e-03 4.709183672809498684e-03 1.707889346532736458e-04 -4.924913513181140325e-03 -2.288610258676982995e-04 8.940417129673314820e-04 -1.069686800861346238e-02 1.766987356241116192e-02 7.148069993938951060e-03 -8.139269871151664018e-03 1.149741973555114694e-03 1.334167422568357554e-02 8.995322519537232719e-03 7.516073149432335497e-04 4.413370019285278029e-03 -2.626844722266315473e-03 4.799742343116151881e-03 4.908457270450843068e-02 1.124350472558507431e-02 2.139472323081415038e-04 3.448362481458863834e-04 -5.654146524358805159e-03 1.097823245818725342e-03 -4.462879721639112507e-03 -6.868890761923901467e-03 3.901252738913603500e-03 2.115175165056644088e-03 1.192810603733760952e-02 -2.979596156916230164e-03 -1.516002097287696276e-02 -1.572784206289855454e-03 1.091992787215843169e-02 2.683729663817273434e-03 -6.923170297222398795e-03 -7.344618291676519115e-04 -6.803486897068302753e-04 -7.290253941081382754e-04 -6.949054903152103099e-04 1.866649325803487660e-03 1.140550594811362214e-03 -3.943979333651092124e-04 1.670444427361244362e-03 0.000000000000000000e+00 0.000000000000000000e+00 0.000000000000000000e+00 0.000000000000000000e+00 1.235377332719805876e-03 -1.109773906637602503e-02 1.305568102743692553e-02 5.263210642782792208e-03 2.186728621573259118e-02 3.985239086272194045e-03 3.631197358960150737e-03 -9.740230095604159033e-03 1.574816038164014026e-02 -3.085857471539898284e-03 1.339229132431820485e-02 -8.462588747289308613e-03 -1.469972969499944507e-02 9.206083849107041944e-03 2.937654755066813374e-03 8.118569953480220085e-04 -3.339770976280551779e-03 -1.733164435857612734e-02 1.478841151355917392e-02 1.353838278241638500e-03 -1.105736840250862120e-03 3.686970647166438325e-02 -9.467420414917711996e-03 -5.002697121131551364e-03 -1.131926668439534392e-02 7.947866394221063391e-03 -2.212523386349524081e-03 -1.259043310607429588e-03 2.157738319782689668e-03 -1.507267513455072018e-02 6.937974620099882431e-03 -8.169723732374921388e-03 4.724356350492223654e-03 3.077280630585463566e-03 1.632111741153379966e-02 -5.528510000336113450e-03 3.322699894080466485e-03 2.163772269751144256e-02 2.090433209559264087e-03 1.052774345094730987e-02 7.126624420940270294e-03 5.393606695639780596e-03 9.332070291701832429e-03 1.447487548210961992e-03 2.953473256518969470e-02 1.132920845289969378e-02 -6.384182005195523230e-03 1.112057065205865510e-02 8.102894174159953194e-03 -6.803496779649638275e-03 8.308450749203832864e-03 -1.868643543390031015e-03 1.483405650885138982e-02 -7.771092945859043926e-04 -7.969731235625120841e-03 2.505249623294936862e-02 6.939866841064232413e-03 9.541743013387574135e-03 2.453591743684841939e-02 -3.672497041904762148e-04 -6.597452897561830593e-03 1.598566763311147498e-02 8.501179672767382803e-03 9.166698271035271517e-03 6.465752140822641700e-03 1.610649385431392466e-02 -1.149540003694208244e-03 1.266605797185902695e-02 1.406738364143702083e-02 -2.683511723470853073e-03 4.396354490800213725e-03 3.400463495172207761e-03 2.715776326536221280e-02 3.306375497563139587e-02 4.104867856831769801e-01 -2.305490243504126902e-02 -1.939630426093870430e-01 -4.495889338523539197e-02 2.581635162832646158e-01 -3.918020276665164225e-02 -1.215650698457150236e-01 -3.535989381773463336e-02
0.000000000000000000e+00 0.000000000000000000e+00 0.000000000000000000e+00 0.000000000000000000e+00 2.668289895109649608e-04 -9.003666593075188365e-04 3.880235036518500381e-05 1.723748743869931788e-03 2.978304402847856396e-03 -8.924853489309613180e-04 -2.918875413307185814e-03 2.161471808309303917e-03 -7.291463614837690940e-05 -3.254240246611937292e-03 -1.025838060469107206e-03 -7.825938456293841635e-04 -4.318970568210978370e-03 6.851772647575119293e-03 3.870812033477764348e-03 -2.099713159936829419e-03 9.292906078371142341e-04 5.890197618291358010e-03 4.415148382446600246e-03 1.635583459329999082e-03 2.632447322350587628e-04 -9.953274028124184641e-04 1.563106498623557678e-03 1.401706739351039552e-02 1.027948404471436261e-03 9.230087129239962149e-04 -2.720832126715021302e-05 -7.835186864561298698e-04 1.149443179771544567e-04 -1.976395147417795133e-03 -1.574491257845454968e-03 2.946212964101619855e-03 7.878759822208514750e-04 3.130019379044831056e-03 5.620432831875658711e-05 -4.430208799270857548e-03 3.713823573420294098e-04 3.738110223962767386e-03 2.006960312278108227e-03 -2.408263847583958644e-03 1.343064350225598564e-04 -2.436276224773388076e-03 6.936544487355970033e-05 -2.317367432320571567e-03 -7.399935158908386079e-04 9.532047901926009445e-04 2.386290849641345389e-05 -8.204602914431912645e-04 0.000000000000000000e+00 0.000000000000000000e+00 0.000000000000000000e+00 0.000000000000000000e+00 -4.059606925313725273e-03 1.007031098016887040e-02 -2.139195206759255969e-03 2.189196975778950720e-03 -8.683366738262541032e-03 -2.672157357619130581e-03 -3.674263173710840078e-03 4.559107546942179658e-03 -3.085857471541929645e-03 2.912614771839886971e-02 -1.546130184151562996e-02 1.344001510060369511e-02 2.500934991940679999e-03 1.257315608690226863e-03 -2.992114449669481049e-03 -9.578463039689343777e-04 4.985140265965161237e-03 2.334733404417133323e-03 -1.065667941355655929e-02 3.170245900051613022e-03 2.383390085317192047e-04 1.191210640865525069e-02 -8.148200813423956638e-04 4.417630683049968664e-03 1.993899028049434723e-04 2.869444295310350466e-03 3.824575503499339207e-03 -2.241067693951632935e-03 -6.040300510193236799e-03 3.480026926331772352e-03 -4.982195726857192516e-03 4.699944483510602386e-03 1.503115551347322144e-03 2.732170901260596880e-03 -1.460218348937191400e-02 1.351001920119051028e-02 9.357076029055779245e-03 -3.123969196601776230e-02 -3.310415179227730459e-03 -1.538838741535296720e-02 -5.942807867773952125e-03 -1.164584346411255168e-02 -4.726839038843323564e-03 -1.926723224775147084e-02 -1.568821244390904840e-02 2.294627177699010709e-04 -1.371144646778054647e-03 2.576292649990307229e-03 -7.803121369272103883e-03 1.674493316984545024e-02 -1.142210466115867315e-04 -1.240546183122412729e-02 -2.403141949913155644e-03 -7.243826906888631983e-03 5.061493938698093456e-03 -7.026101652729322723e-03 -4.258640386217371621e-03 -1.471452089150186542e-02 -9.621378375122783405e-03 9.146200625544694332e-03 3.424608731369180488e-03 -1.612653522937829501e-02 -7.852309646007273741e-03 -1.173607747455624253e-02 -1.293957293579625287e-02 -7.662886448582714206e-03 5.207380194560320280e-03 -1.245617024701149884e-02 -1.036142345825263010e-02 5.297829247773794964e-03 -1.161729151265366542e-04 1.880130159663237098e-03 -1.097989916260368182e-02 5.655391979017243206e-03 -1.673937787086728080e-01 -5.277463668183929660e-03 8.521673089612287477e-02 -1.657646872942380306e-02 -9.961419379005931329e-02 -2.656856272117446172e-03 4.215557685933352117e-02 -7.965367443708308917e-03
0.000000000000000000e+00 0.000000000000000000e+00 0.000000000000000000e+00 0.000000000000000000e+00 1.594937785092826518e-03 -8.267233986784141078e-03 1.913746168066478943e-03 -1.119398623068285602e-02 9.623433011027958742e-03 -7.792356674186565364e-03 -1.057048464406916410e-02 -3.065435186951266135e-03 -9.254264255345799302e-04 -1.014718068882757354e-02 -4.912112066753384666e-03 -1.059559645624094659e-02 -1.233244049450302193e-02 2.258915588844635086e-02 1.143191118240576877e-02 -1.392520010028540020e-03 2.972119132670925524e-03 2.032781875749371803e-02 1.626347192780787376e-02 7.082330887496153353e-03 2.698468153575358033e-03 -5.203459682701243316e-03 7.430646400530968587e-03 2.619534612635857768e-02 2.051020280256571349e-02 -2.089296710435362538e-04 -2.762982161378812855e-03 -7.297569140174335091e-03 9.398864226296397466e-04 -1.351014626605393128e-02 -1.053060240817200489e-02 4.548679909815848445e-03 3.054535190708168374e-04 2.200347644767317729e-02 -2.568859319717700825e-03 -1.053154639088486368e-02 -4.683954809960731887e-03 1.160624610727836389e-02 -1.245744115636970503e-02 -3.530959195142585431e-03 1.290536816188856198e-03 -9.493921410952331844e-03 8.567142864705537238e-04 -8.453384342070535077e-04 1.516802458137480030e-03 -8.631486098099619420e-03 -1.219962088790156217e-03 -6.340764074455751062e-03 0.000000000000000000e+00 0.000000000000000000e+00 0.000000000000000000e+00 0.000000000000000000e+00 9.151681902846647843e-02 -5.818087799147000916e-02 1.204364426023098594e-01 -2.748646322783944440e-02 4.578455688371076970e-01 -6.294186791704475814e-02 -4.146619459457978434e-03 -1.096746347240890214e-02 1.339229132430922245e-02 -1.546130184152398439e-02 3.348011882587920152e-01 -6.863804266814622912e-02 -2.603608491785876500e-01 -6.927485782415507276e-02 1.454428718567508461e-03 6.091443080233446827e-03 4.850897661505355549e-03 -3.280921386086104938e-03 3.879078091195200528e-01 -7.576817136638568095e-02 -1.714535624366783639e-02 -1.492117863832301272e-02 6.267108350434604479e-03 -1.118852728096600933e-02 -2.344642411255780656e-01 -7.333924830529960082e-02 -2.106381391114736136e-03 1.131095377199351111e-02 -4.912327785203217737e-03 4.010738187740738557e-03 1.670854564684598198e-01 -6.833770721184587171e-02 2.399734818396368190e-03 9.056855905512531217e-04 1.920568966344201045e-01 -7.809145094841538071e-02 -6.380850415054571852e-03 1.488908352587742408e-02 -2.372113118739400256e-02 4.289633733951733058e-02 2.725174666880649660e-02 2.729625761148735466e-02 1.118647801621127074e-03 7.897173879490490545e-02 2.774272385588195111e-01 1.360042498642939114e-02 -2.060639248798575018e-02 3.030101015886650390e-03 1.649853238658786081e-01 -3.788016373318548596e-02 7.368210092191587735e-02 -5.655842846505216952e-03 7.868293929780219298e-02 -2.351265454797321630e-02 -2.592393877206431926e-02 3.154918182132945836e-02 4.568893454347782573e-02 -4.189109122823338085e-04 3.589218221733413428e-01 -5.809654958346915921e-02 2.967606858813067947e-02 -1.497373050567527356e-03 3.771417821645099699e-02 1.639783375079081895e-02 1.097592139187888657e-02 1.653954697378087757e-02 -2.239404373207433060e-02 7.444001714069034374e-03 2.287580908456127715e-01 -7.211480461937373743e-02 1.945741317379474228e-02 1.828018708225012537e-03 -5.165524615727465352e-02 4.862001769654464289e-02 5.297462953320145607e-01 -9.915665797282068039e-02 -1.697776721151998680e-01 -1.286072124481566215e-01 2.815582608165056455e-01 -1.400131056060182344e-01 -1.142452541020934492e-01 -1.265680145721391758e-01
0.000000000000000000e+00 0.000000000000000000e+00 0.000000000000000000e+00 0.000000000000000000e+00 -5.821113184461599145e-04 -1.915575110434325403e-03 -6.579705196101909379e-04 -9.238852301844827433e-03 -8.869703990499732196e-03 -9.232400360096619171e-04 6.145009848795627422e-03 -5.609526442441052640e-03 -6.268120852223218499e-04 -4.561909720331563120e-04 -1.045184085439749243e-03 -7.357005845611503357e-03 3.300401015608847230e-03 -1.034337479499071628e-02 -4.720843655560806335e-04 8.303699759538872224e-03 -9.887408904760012010e-04 -3.222668791169680264e-03 -5.275738439676483024e-03 1.066701864262407711e-03 -2.854878237731448606e-03 -5.057109071377116627e-04 -2.064055346181755540e-03 -4.782111922588709596e-02 -2.336476579620739083e-03 -1.685255818507567583e-03 1.410361721768092508e-04 1.468276294293723201e-03 -1.291235003631505422e-03 -3.062162011863541183e-03 6.952141354604617594e-03 -3.203591832816461184e-03 -2.755714785617000527e-03 -5.894064691142401847e-04 3.696514230103655884e-03 1.320174116336368317e-02 -6.412833189192570192e-03 -5.767571399939400156e-03 -1.733435021867190968e-03 3.656875228211065032e-03 3.412674420538043280e-03 -1.337810747407688731e-02 1.049978831961316268e-03 -8.950490868687396503e-03 -4.733185997396098001e-03 -5.662477903992831942e-03 1.973754059539952323e-04 -5.215086783421037965e-03 0.000000000000000000e+00 0.000000000000000000e+00 0.000000000000000000e+00 0.000000000000000000e+00 -9.690897735473201838e-03 3.773198232420280074e-02 -3.989668667498226517e-02 6.400007545984130741e-02 -1.433712855008427156e-01 8.421833880529164262e-02 -2.885111771389042151e-03 1.225951309944534745e-02 -8.462588747288531457e-03 1.344001510060738140e-02 -6.863804266818467059e-02 1.140414196688247228e-01 6.585050144024644225e-02 9.868094075812898491e-02 -1.482472307679392684e-04 2.636261569962748859e-03 -9.687945365264375927e-03 4.940668756711473486e-03 -1.120661914629000055e-01 1.024908389220253596e-01 4.215658788044990106e-03 -5.159958259227023780e-02 4.146519944538997783e-03 -5.427714944681012385e-03 5.924890404334633154e-02 9.932928101349865202e-02 1.366371656761499473e-03 9.397275261571647227e-04 1.033045263578429018e-02 1.422562494881181435e-03 -4.476414719705572309e-02 1.190573692604901257e-01 -2.322798719921506140e-03 -1.914244135064883815e-03 -5.655228654827616774e-02 1.013343512762315823e-01 6.563616651225805468e-04 -3.435707298043377822e-02 6.199148845969776681e-03 8.282678437933682289e-04 -2.176668236261638384e-02 -1.194198372605353824e-02 3.663801700575146023e-03 -8.743046111741264656e-03 -1.173897702180369818e-01 9.624830406875418964e-02 -1.277623647659967623e-03 -1.366220724851385619e-02 -4.048765309885626190e-02 8.362411411810402595e-02 -3.810143296469296892e-02 5.636755734793585590e-03 -4.078773975447976680e-02 2.268965494182741821e-02 1.649622290815907361e-02 -1.460049615774413473e-02 -2.305166889807427899e-02 -3.534193219676606476e-03 -8.589436105471071059e-02 8.832429632991160851e-02 -1.137627914334572027e-02 2.384448473865078202e-02 -2.095817864397474251e-02 -8.993956810827313277e-04 -1.845600053710596405e-02 -1.016580409121476715e-02 1.675151621833451468e-02 3.564044593996497107e-03 -7.105543874538598759e-02 9.444353567087940271e-02 -1.005997125915407018e-03 5.883000824483296948e-03 4.665229993800170533e-02 2.157407248303600672e-02 2.392983442039863518e-01 6.760688139691270471e-02 -7.146148930747754646e-02 5.829518528767332897e-02 1.680615082438572383e-01 7.517258856282160728e-02 -6.088496133806717281e-02 7.978914420665417229e-02
0.000000000000000000e+00 0.000000000000000000e+00 0.000000000000000000e+00 0.000000000000000000e+00 -2.765834532150491208e-03 8.256392570452013302e-03 -2.413939464319347656e-03 7.130443922812031848e-03 -2.104233958052332751e-02 8.837792871871546010e-03 1.505959013346241937e-02 1.631320221455137554e-03 4.081533852586142564e-04 1.360892279447046237e-02 3.621120837346512682e-03 8.285671511794327065e-03 1.629157108901917519e-02 -2.802056727619291199e-02 -1.418321610696540551e-02 7.008453754770061980e-03 -3.413748604621344180e-03 -2.520973963762783432e-02 -1.982582996013078358e-02 -6.926588638728180605e-03 -6.532059722255611003e-03 6.105747782159243534e-03 -9.313264579820866584e-03 -4.910783570903713702e-02 -2.853953296917496191e-02 -1.392562613225112366e-03 2.372274635027211542e-03 8.218618766544158460e-03 -1.439812037874531152e-03 1.447781758711541404e-02 1.264596288046827832e-02 -7.962890488817228260e-03 -1.199131489132700687e-03 -2.621145984368718901e-02 2.336544297372779473e-03 1.912942100781431579e-02 7.111359866548030637e-03 -1.674691647532899202e-02 6.202427213470721942e-03 5.938751124993299491e-03 -9.680734751320111678e-04 7.066403920386391847e-03 -4.344891643127849834e-04 1.062375479164018744e-03 -2.241024126294205443e-03 7.348039146818876287e-03 1.317564339999340983e-03 4.345169047948815345e-03 0.000000000000000000e+00 0.000000000000000000e+00 0.000000000000000000e+00 0.000000000000000000e+00 -6.606308546819229799e-02 4.434750171870737584e-02 -1.272329246173903028e-01 2.448864349802818557e-02 -4.361835255380597243e-01 5.553346712230595311e-02 1.177378659555142031e-02 1.052642838303145985e-02 -1.469972969499779188e-02 2.500934991945813913e-03 -2.603608491786177925e-01 6.585050144021845075e-02 2.591318351047705026e-01 6.555126206054728843e-02 1.512262705225314238e-03 -1.086942554902783561e-02 1.217625234512665321e-03 9.778086920547598287e-03 -3.528454981390712897e-01 7.394677182770575952e-02 1.328753360888471242e-02 -2.968409396568860714e-02 2.997294567929274962e-03 7.578824163409355989e-03 2.268598498131342567e-01 7.146541675582997188e-02 -1.884834068998142648e-03 -1.409570926105825628e-02 3.108242951062727914e-03 -2.564969035915133991e-06 -1.504635306205082679e-01 7.511617578238947990e-02 -6.063837494511326726e-03 -3.237948028765385948e-03 -1.683587362288124778e-01 6.829196018572356031e-02 -1.686796580359519598e-02 1.409389764207235295e-03 1.971831803520738766e-02 -1.609396191870848467e-02 -1.846329588728579107e-02 -1.190852512547114703e-02 -3.487834317482934460e-04 -2.880960378883962517e-02 -2.709741315029192688e-01 -1.132732089062985642e-02 2.278853115465335338e-02 -6.630325627656779262e-03 -1.387115389110477881e-01 2.533577197013543378e-02 -9.065210926971753458e-02 2.016326654363164925e-02 -9.555171682732145622e-02 3.213421675823364965e-02 2.275991674536989237e-02 -4.740521826603219524e-02 -5.320601572420690512e-02 6.756442243912056875e-03 -3.054513198598299284e-01 4.745154342569854466e-02 -4.013721950700768759e-02 1.288897651158493057e-02 -3.657636582405648235e-02 -8.808715617481208474e-03 -7.494053416465506698e-03 -1.422698142717597654e-02 2.630609055947589342e-02 -5.343845439083927049e-03 -2.125194133763793347e-01 6.531017189949170354e-02 -2.063469561943633013e-02 1.568631186321592505e-04 5.427177891489261274e-02 -7.648844725408944500e-02 -4.241344454347912296e-01 1.165476852472481228e-01 1.357974022440727735e-01 1.624810062782572062e-01 -1.983225709123888070e-01 1.679074705147505231e-01 9.042159450691869549e-02 1.518548768369766544e-01
0.000000000000000000e+00 0.000000000000000000e+00 0.000000000000000000e+00 0.000000000000000000e+00 1.528755742555385801e-03 -4.463834139123660366e-03 6.352245998908068311e-04 6.866030548926859226e-04 1.489105774101431336e-02 -5.878972554358113771e-03 -5.752672391796384739e-03 1.709122015632900341e-03 -5.316020750691216514e-05 -7.788379162910604066e-03 -7.149796611137550217e-04 -5.209553058202162287e-03 -1.229005170535062662e-02 1.848044298668163193e-02 1.174678473366129114e-02 -4.632644454294100600e-03 1.610294837559834600e-03 1.495990623378371312e-02 8.409540731781338721e-03 2.379736713669835819e-03 4.913224773923813814e-03 -4.203598020593120321e-03 4.717895964997843514e-03 2.689801767455928666e-02 1.632263062218370503e-02 -1.050734281408480719e-03 1.264166402949794786e-03 -6.890159410783974411e-03 5.012794007278639601e-04 -8.267893472827032852e-03 -2.393131964921129274e-03 2.299128685638215583e-03 -1.249722136807755973e-04 1.324222520856076050e-02 -1.311136848020078493e-03 -8.281234811165459619e-03 -8.924348772201946833e-03 9.309286112662341212e-03 3.297841386647587351e-03 -6.237105626692053886e-03 2.504778386144327490e-03 -1.324238740150783002e-02 4.649290062897396100e-04 -1.241793361076281091e-02 -1.509988789099843062e-03 -3.209492514435047933e-03 -4.564558451137470290e-04 -1.183800364641374213e-03 0.000000000000000000e+00 0.000000000000000000e+00 0.000000000000000000e+00 0.000000000000000000e+00 -2.305101390828154934e-02 1.909422311486904181e-02 -3.686921294967586415e-02 8.492079094634798209e-02 -1.356261570872442368e-01 1.130179405208433935e-01 1.052801103970561584e-02 1.057874179070915095e-04 9.206083849110084649e-03 1.257315608695649825e-03 -6.927485782419032234e-02 9.868094075813749200e-02 6.555126206058464744e-02 1.608387821959056663e-01 6.766630170275005074e-03 -1.072543046545637244e-02 -2.082587938677043018e-02 -3.331275838307381360e-02 -1.201339416850524394e-01 1.324775986219291490e-01 1.667243345102927899e-03 -2.853282079694841392e-03 -1.650385445662656131e-02 -1.282802204686208855e-02 6.667230330709682240e-02 1.542818392214591605e-01 -7.692255310480200850e-03 -1.630146284585945113e-02 2.804505293767903598e-02 -3.091912087476815854e-02 -4.499482271824753465e-02 1.247383566421369772e-01 5.340437660356208913e-03 2.918945460774829363e-03 -3.207054143921409667e-02 1.032998559388975807e-01 -9.650514022377692375e-03 2.014325065531150094e-02 1.353912767652940517e-02 2.034209043408041068e-02 -7.939467145118315333e-03 8.705018778099352442e-03 2.634050310826093269e-02 2.297077355695193238e-02 -9.240449338778387867e-02 1.416038442577446932e-01 -9.890781568880020747e-03 2.437721040527994921e-03 -2.607648862590178362e-02 6.921822664847060436e-02 -5.232262870798937149e-02 2.252122638467068949e-02 -3.543782650947543272e-02 3.285312859831172883e-02 -2.777676217115684128e-03 2.864511836124229369e-02 -1.826506207926175893e-02 3.673983145251919630e-02 -4.600509876199771614e-02 9.295762797686504819e-02 -3.633148730004574778e-02 8.282620939603924093e-02 -1.183185986417650826e-02 2.398402664422701058e-02 3.551578085366924580e-03 3.097914215808269048e-02 2.168556916402243975e-02 4.036127796305655907e-02 -6.307548822724062809e-02 1.052818250363671965e-01 5.009336598412683639e-03 1.403265089729392387e-02 1.292513867886241063e-01 1.302378454225777693e-01 1.266273204617065939e+00 -1.055808640455079689e-04 -6.026563407542425699e-01 -4.514890744849185678e-02 8.581672737149551589e-01 -7.216234849856366027e-03 -3.816951401901902963e-01 -9.427327157496334653e-03
0.000000000000000000e+00 0.000000000000000000e+00 0.000000000000000000e+00 0.000000000000000000e+00 5.416280701466475497e-04 -1.641613581179402013e-03 2.085940568767744919e-04 6.778207317081673487e-04 5.354228199056632227e-03 -1.330404539252616394e-03 -3.663166432402348120e-03 1.888474562024093943e-03 -8.788188731121616862e-05 -3.026077190366849301e-03 -7.166154163635242609e-04 1.218097462952052795e-04 -5.329933622743214007e-03 7.940497547671482303e-03 4.484537576784514493e-03 -3.325641149934324345e-03 7.846359410333299256e-04 6.941314752415312858e-03 4.591539516329999973e-03 6.126516509943681936e-04 1.428810757137268005e-03 -1.093915509763749867e-03 2.146629361314802021e-03 1.977545906382110336e-02 4.534476275482021701e-03 9.194089814924749984e-04 5.473450061272189834e-05 -1.938701459217959805e-03 4.987146653910392875e-04 -1.918556033206121961e-03 -4.132596581716458523e-03 1.882403095683205007e-03 8.766540493438379749e-04 2.847120355176765896e-03 -1.163099738357930906e-03 -6.578832383918093232e-03 -1.308276691586740276e-03 3.698208167274541144e-03 -9.402180168833448089e-04 -3.273724114898919797e-03 -3.516478959854284453e-04 3.270783769862054512e-03 5.061946771764095233e-04 -2.539830481121298374e-04 9.840906850876684174e-04 6.395460828184587479e-04 -2.823043655143572112e-04 4.750317717195676973e-04 0.000000000000000000e+00 0.000000000000000000e+00 0.000000000000000000e+00 0.000000000000000000e+00 -5.875954768063653549e-03 -3.251856486120503244e-04 7.310173630026377961e-03 1.358268451986271476e-03 1.057492233081192955e-03 2.374098673676681114e-03 2.362456674943403875e-03 1.537781807201040385e-03 2.937654755065559602e-03 -2.992114449669778121e-03 1.454428718563555243e-03 -1.482472307686841153e-04 1.512262705227529914e-03 6.766630170274312919e-03 1.171429187549186818e-02 1.128564833905577056e-03 -7.345030491927290357e-03 -8.083752009160619784e-03 -2.831889145515957985e-03 2.025666546764990673e-03 1.064853755511274789e-03 1.225308430078399929e-02 -4.684684054483489492e-03 1.471085709622627004e-04 1.153090975963131553e-03 3.922750646759759485e-03 -2.546442299957187450e-03 8.115091238353097083e-04 2.376928174708737435e-03 -8.722780873409241922e-03 -7.810036269953505531e-04 -2.164290529703561533e-03 2.411662218315657399e-03 2.294043499892900028e-03 1.201531079067574143e-03 -9.383921360671549630e-04 2.144824735543797347e-03 9.345479495866263267e-03 1.700857028821180748e-03 5.601878284254205699e-04 1.754125917955294935e-03 2.924490185072876804e-04 3.735405310214818912e-05 -4.928226595057628133e-03 4.571359399125122375e-03 2.511033386398791190e-03 -3.065590986288197362e-03 3.504978884125591054e-03 -1.113425760307216409e-03 -3.675046789620714256e-03 4.664345690275737907e-03 2.491670796361809912e-03 6.737556604598396101e-03 1.275132392444350239e-03 -1.635865870329786340e-03 9.770931230401446246e-03 1.039447878558836776e-03 5.797122515395200515e-03 5.089221673646626871e-04 -8.156614105954717621e-04 -1.024703339907491765e-03 5.809960113404785860e-03 3.721809356288541606e-03 4.016034634226309415e-03 1.776790341577874372e-03 5.161739480655198192e-03 -7.443893239203046731e-05 3.422000765281413455e-03 8.966456249235785474e-04 -2.535902582551104829e-04 1.661590675963820407e-03 1.319179285322220896e-03 5.121249372567961318e-03 2.757468702856932449e-02 7.005081772685908814e-02 -2.301156283958055021e-02 -3.818465940472635239e-02 -2.765031159490885168e-02 5.598600115714749692e-02 -2.863318716079601631e-02 -2.597052432272899114e-02 -2.670799388562093701e-02
0.000000000000000000e+00 0.000000000000000000e+00 0.000000000000000000e+00 0.000000000000000000e+00 -9.708725260983955448e-04 2.653048797461326873e-03 -3.644690081942440806e-04 -8.351673610358060097e-04 -7.990340355492035404e-03 3.166448746853638488e-03 5.999176158064104501e-03 -5.107621338460458134e-03 7.862122026740914855e-05 5.612907692175968764e-03 6.313175337203430406e-04 2.622100815879309897e-04 7.577579245040157521e-03 -1.461142313159523656e-02 -5.518045272250554634e-03 6.700843006186434775e-03 -1.008341552281590524e-03 -9.589535433924691044e-03 -6.837019939989550342e-03 -1.244080797874223994e-03 -2.511094943250870379e-03 3.374760201194786178e-03 -3.349571857450937482e-03 -3.810146022922783482e-02 -6.318006670424649099e-03 -2.508414728284326226e-05 -5.223737199744513896e-04 3.781917429310522986e-03 -4.869735936231695829e-04 5.702774772822223615e-03 3.688210284388411184e-03 -5.257061419142955092e-03 -1.907958436402548827e-03 -3.935392520167470959e-03 1.126744221933492903e-03 1.269571583975916823e-02 1.883940958591616421e-03 -8.683590964633954024e-03 -1.594476707745915095e-03 7.128207314644073068e-03 2.204360712557105594e-03 3.619606394429411263e-04 -1.003149285755862820e-03 1.450092625568182806e-03 -6.083273585957273090e-04 -2.880354426913208678e-03 3.818804338788310527e-04 -1.642178898484243166e-03 0.000000000000000000e+00 0.000000000000000000e+00 0.000000000000000000e+00 0.000000000000000000e+00 2.817469964463325573e-03 9.120828592179870014e-05 1.914045472701507433e-02 1.120513508088089374e-02 1.672060225399014249e-02 1.189270036412655310e-03 -6.226762857527042699e-03 5.017295161893559931e-03 8.118569953473914365e-04 -9.578463039696672983e-04 6.091443080242446573e-03 2.636261569965960699e-03 -1.086942554903036831e-02 -1.072543046545645050e-02 1.128564833906483449e-03 3.995970603106117902e-02 1.558540823908349283e-03 7.541128665414759775e-04 1.503313836995661366e-02 -8.713591489453507803e-04 2.942578996352429328e-03 6.420811535632247116e-04 1.006737663221169126e-03 1.475079830780488648e-02 -1.054251151072934344e-02 -1.299185751740258507e-02 3.077733810041468829e-03 2.868403987499565377e-02 -8.667959799977238353e-03 8.563208167268417104e-03 4.019823404831205510e-03 -5.694921662608965450e-03 -3.812881183270287570e-03 -3.151464559077811478e-03 -3.917658763631905183e-03 5.475980811299116513e-03 1.532824080221114812e-02 -6.398409747718502433e-03 1.528313768669324699e-03 3.445883861060865683e-03 -6.159770305020101366e-03 8.007352923695559843e-03 -8.445254082110864244e-03 -2.905765326058263806e-02 3.181790350988278251e-03 3.239035122562699924e-03 2.900904712356845976e-03 -6.776680437818382446e-03 5.354886862868893198e-03 2.211036817084879348e-03 1.839062108857520902e-03 -9.856236121263371730e-04 -1.449177471936819329e-03 3.928815103906505360e-03 5.286103233000151620e-03 4.744307438487731926e-03 -4.377860741121878188e-03 -3.475740943644531605e-03 4.446347241417503843e-03 3.126581454476766789e-03 6.125096157163531334e-03 -5.078518199196488045e-04 1.926834568268087633e-03 -1.900657321651216770e-03 -6.306424204911546642e-03 -2.773419610577640589e-03 -5.249203346886161317e-04 -3.419971181080317356e-03 6.278417171959940757e-03 3.051935065212640387e-03 2.119843776108558658e-03 -2.033701535219395722e-04 -2.293278528732799887e-03 1.155453471983912753e-02 3.860020945557745414e-02 -7.766758823925319806e-03 -1.089309867813841384e-02 -1.808147119593222357e-02 7.341550342244925614e-03 -1.645541763610576871e-02 -4.272863130527753545e-04 -9.870779821028590265e-03
0.000000000000000000e+00 0.000000000000000000e+00 0.000000000000000000e+00 0.000000000000000000e+00 -1.433560100844626876e-03 3.219880581112763429e-03 -7.721147006170729979e-04 -1.508985040584425374e-03 -1.405386845492671150e-02 3.998385243753415155e-03 7.527973362312919553e-03 -3.403182509214501984e-03 -1.162280450406607483e-04 6.691559327286486676e-03 8.169709836911867541e-04 9.842455917822164578e-04 1.110694886835288456e-02 -1.689998155697513410e-02 -9.650626766399026529e-03 6.995528975788495134e-03 -6.442044672057877300e-04 -1.316569658576866551e-02 -9.514300304634222202e-03 -1.703655436031206033e-03 -4.254179770455402895e-03 3.323102411707335845e-03 -4.600051808206622253e-03 -3.967757380545764573e-02 -1.197570655094795829e-02 -3.678145891434965735e-04 -7.146279310146361674e-04 4.915882679629761214e-03 -1.108934766955021415e-03 4.426663395288784296e-03 6.850529389130567345e-03 -2.750402232403366398e-03 -2.163483676232134424e-03 -5.673352588897745234e-03 1.754871512921823582e-03 1.160635921422077839e-02 3.403739662849998657e-03 -8.228036770003156058e-03 1.760157929158680159e-04 6.297614390411254530e-03 2.278917289078682853e-04 -2.483285407594635567e-03 -1.131966929015609108e-03 3.848367815025982141e-03 -1.161498848158008844e-03 8.897356920407619406e-04 6.231002580528290178e-04 -2.059979432504411602e-03 0.000000000000000000e+00 0.000000000000000000e+00 0.000000000000000000e+00 0.000000000000000000e+00 9.718028812396518196e-03 -7.561346176835227056e-03 -2.314089876819761839e-03 -1.119335044573071397e-02 1.957372589085524389e-02 -1.956029610541242317e-02 -5.408406455973650481e-03 6.441708332887845527e-05 -3.339770976281198397e-03 4.985140265961946794e-03 4.850897661500540824e-03 -9.687945365260585556e-03 1.217625234516344669e-03 -2.082587938676696768e-02 -7.345030491927340664e-03 1.558540823910300197e-03 2.977066062458770881e-02 3.883200305195930006e-03 1.619524347268612441e-02 -1.884642280141884951e-02 1.468557280859511646e-04 -1.159645610427108980e-02 8.704778192455046512e-03 9.409095555756447071e-03 -2.571796221336424123e-04 -1.821258285730441295e-02 1.485474494283665946e-03 3.606104429789339701e-03 -2.521017099048643642e-02 6.609679475457456641e-03 5.831372867867046055e-03 -1.294516029844571155e-02 -5.147998128710432053e-03 -3.407823930258276155e-03 8.414351336386087857e-03 -1.545445690882978236e-02 -9.538502409738296162e-03 -2.346043036454228438e-03 -4.997585925951044707e-03 7.672672146756993015e-03 -3.232613142977116324e-03 5.447995917115316597e-03 3.972560519072884915e-04 7.890857389034628550e-03 7.786439773512843221e-03 -1.694049985138668807e-02 6.871267449865935649e-03 -6.785721338577189489e-03 7.581665172552001786e-03 -6.262393357124880662e-03 -2.615023283152483839e-03 -4.552743195325709320e-03 -2.153233819146751354e-03 -5.414935044391821876e-03 -1.848801808370623438e-04 -1.331494610264394307e-02 -8.114555965670284046e-04 -1.018892148484368265e-02 2.114067836662246458e-02 -1.297571091999957273e-02 -1.503810638572470682e-04 -1.326033972888656515e-02 -6.890127078923467818e-03 -4.846937252936002818e-03 -5.003492346602674522e-03 -5.542609526730765332e-03 5.443283296827230262e-04 -9.566252099169928261e-03 8.747054841887457952e-03 -1.348825107904125416e-02 -2.504730847292452062e-03 -3.254576228939625414e-03 -1.277103260523482914e-02 -2.998567203295595882e-02 -1.280925204170900167e-01 7.846153460477406014e-03 7.397955368225647699e-02 1.211379210417448324e-02 -8.602786196427696097e-02 1.389306577893601249e-02 4.431874930844952737e-02 1.142613958875535879e-02
0.000000000000000000e+00 0.000000000000000000e+00 0.000000000000000000e+00 0.000000000000000000e+00 -1.406698935966574490e-03 1.257767572318482232e-03 -1.032302416124542942e-03 -3.793875213051059805e-03 -1.448912859310836840e-02 3.374359165885410829e-03 9.101029888713252358e-03 -5.544335462572953094e-03 -2.498561795471421427e-04 5.045794315247690079e-03 1.486645613954190419e-04 -1.779512298225698281e-03 1.277530538864189713e-02 -1.998209093118299626e-02 -7.679702942408610407e-03 9.176502874962577661e-03 -1.014228776503080199e-03 -1.342978168809482592e-02 -9.727602375489502462e-03 -1.785862093915336539e-04 -4.802131231842740600e-03 2.518412052766534018e-03 -5.133006921707510516e-03 -5.701126443265749910e-02 -1.136433794092697736e-02 -7.152327940603048131e-04 -2.186292213244341183e-04 6.232568941244777394e-03 -1.197495194852309010e-03 4.148448192070146139e-03 7.131245032711329770e-03 -3.940406985963601158e-03 -2.118445745448869350e-03 -1.096343265650119407e-02 3.699467664117686745e-03 1.655071778840688790e-02 9.950716365238196966e-04 -1.148975916592175246e-02 -5.434641962874974669e-03 8.347832036389793431e-03 5.150246609341299023e-04 8.056694807790287446e-06 7.671465444415047005e-04 6.444661601143346656e-04 -1.972003833471203463e-03 -2.803934946203349293e-03 2.150732470513225746e-04 -1.341766781621993787e-03 0.000000000000000000e+00 0.000000000000000000e+00 0.000000000000000000e+00 0.000000000000000000e+00 6.130411672068237540e-03 1.445808811692715287e-02 -1.598930976453476552e-02 -9.808994638781877787e-03 -2.700079785838518931e-02 -1.084530660227738842e-02 -3.905442953573623997e-03 9.265157411112666039e-03 -1.733164435857205768e-02 2.334733404415493142e-03 -3.280921386104752348e-03 4.940668756703811212e-03 9.778086920541018481e-03 -3.331275838307999615e-02 -8.083752009163044927e-03 7.541128665404868599e-04 3.883200305190802164e-03 5.029851628072314063e-02 -4.869464216869661549e-03 -7.761896388954058965e-03 2.656037733380643955e-03 -5.648951348830975883e-02 1.549118254531250093e-02 5.265042732222911803e-03 3.190045908627498622e-03 -2.564368511252907573e-02 6.892413538474299883e-03 8.517205242697369061e-03 -1.943789946448232090e-03 3.494770548789662146e-02 -4.663080930638515906e-03 2.811893922185334811e-03 -4.929953178236811534e-03 -3.583773627048899950e-03 -1.866295804086877744e-02 6.254811331116809196e-03 1.408822575393776574e-03 -3.221539240385643682e-02 -2.103648373480335263e-03 -1.932045390737140850e-02 -7.281127830921588565e-03 -5.488129760648023311e-03 -1.024811703352731043e-02 -5.724696308224848894e-03 -3.332883330514793685e-02 -1.990361525045456284e-02 6.320529355325562454e-03 -1.310446529583736940e-02 -6.809536546743396798e-03 5.308244504457857588e-03 -9.193585535784415744e-03 2.147359244360137753e-03 -2.222862266558279370e-02 1.949132366069713075e-03 1.313474279754167466e-02 -3.432839371820938651e-02 -7.340745117550628168e-03 -1.580627507380199387e-02 -3.398261419980513898e-02 2.489988074003339318e-04 1.164433216487699950e-02 -2.242354872745421987e-02 -7.866803791046100489e-03 -1.558636140244346914e-02 -5.858357647770652023e-03 -2.896853877758000240e-02 -5.493969690237030315e-03 -1.539079269986801113e-02 -1.319572573960112703e-02 -1.962868679231001730e-03 -5.769457278568551443e-03 -3.052863593060522844e-03 -3.807182708897560025e-02 -6.236596697094178715e-02 -5.195321135985294658e-01 4.597504218821289734e-02 2.553153379348772622e-01 7.265142128667333166e-02 -3.386502539735652961e-01 6.324711365878388225e-02 1.714203848151175102e-01 6.883680794658425528e-02
0.000000000000000000e+00 0.000000000000000000e+00 0.000000000000000000e+00 0.000000000000000000e+00 2.310809435522143563e-03 -1.078093815015225380e-02 2.127438275891196766e-03 -1.566112729226690203e-02 1.248018219506812250e-02 -9.374453281164747340e-03 -1.228842316668031683e-02 -6.705885511373235394e-03 -1.061022471889736495e-03 -1.442140185080240979e-02 -5.319988194902463413e-03 -1.249071935301338497e-02 -1.117167657432831251e-02 2.187476178890207512e-02 1.126123756647470601e-02 -1.390689610183454619e-03 3.892839454054496627e-03 1.985330852783546290e-02 1.780462638255332977e-02 7.677756033788085167e-03 3.410213246925752895e-03 -6.142471649860128426e-03 7.839126558861347904e-03 1.684516889451197555e-02 2.556811474450747593e-02 9.289802136930219766e-04 -3.770864391863648375e-03 -6.359143117474962310e-03 4.067134037473745705e-04 -1.656209379414229008e-02 -9.179133805859256839e-03 7.530113923829755487e-03 -5.900079272115050892e-04 2.409505980307079243e-02 -3.743998160214020120e-04 -1.054067050494292973e-02 -9.933891583378529760e-03 1.305570474896407783e-02 -1.101380015764272767e-02 -2.815246143892852909e-03 1.998557775299372209e-03 -4.541951037683397870e-03 1.407640209485351091e-03 8.353932082179387972e-04 1.062883367455046135e-03 -1.217305946163135463e-02 -1.223772490166056756e-03 -7.378603707302370390e-03 0.000000000000000000e+00 0.000000000000000000e+00 0.000000000000000000e+00 0.000000000000000000e+00 1.182772889435291380e-01 -7.591573517577779318e-02 1.722199491868250942e-01 -4.798771329831786475e-02 6.396490964236765109e-01 -1.014723946328550536e-01 -1.535788479050385555e-02 -1.320850109803793464e-02 1.478841151355740798e-02 -1.065667941357042667e-02 3.879078091195282685e-01 -1.120661914628507116e-01 -3.528454981390346523e-01 -1.201339416849908914e-01 -2.831889145514413213e-03 1.503313836995353453e-02 1.619524347268657891e-02 -4.869464216857958237e-03 5.420748935946494429e-01 -1.261198358633379424e-01 -2.380877083573593525e-02 4.575665696135901989e-04 1.145916648638520448e-02 -6.544162055599741026e-03 -3.179306102892879848e-01 -1.257243389472158246e-01 5.375182915167016004e-03 2.448292536848323611e-02 -2.228639846468627450e-02 6.544021591862093749e-03 2.215637598662340002e-01 -1.254279761458883258e-01 4.035032902799626751e-03 1.815195963160435655e-03 2.567015941786711108e-01 -1.237645989571377614e-01 6.539675541654800008e-03 2.099511085803291988e-02 -2.964835512776758941e-02 2.599554964443534857e-02 3.136626631347901734e-02 3.532649925993854023e-02 -1.925325568618581123e-03 7.522021527325643830e-02 3.895229427406486367e-01 -6.886131253263729629e-03 -2.430758316382301484e-02 -2.079151258302738576e-03 2.074403747867812342e-01 -4.956086759353297427e-02 1.245633295110891436e-01 -2.390044345796046507e-02 1.318110551748702952e-01 -4.836750128734260828e-02 -3.374168559333590167e-02 4.976076191930237785e-02 7.130197654605754942e-02 -9.171962481022991054e-03 4.553631375663116376e-01 -8.594118231759399762e-02 5.797511624950777570e-02 -2.240872810103720220e-02 4.697801268858715906e-02 1.125104079804752424e-02 1.387211217249508313e-02 1.288268322367861103e-02 -3.508726128449179277e-02 -2.214516363403199600e-03 3.173614373520394216e-01 -1.125111812463515104e-01 2.261660130039157279e-02 -5.673969884572231497e-03 -9.605309057374486481e-02 3.944466484625894914e-02 3.914089367331528013e-01 -1.259876361570560765e-01 -7.735654777253077319e-02 -1.686253483810938592e-01 1.619919759315757157e-01 -1.866423065252480751e-01 -6.923816382267085345e-02 -1.712025500973554104e-01
0.000000000000000000e+00 0.000000000000000000e+00 0.000000000000000000e+00 0.000000000000000000e+00 5.389735878211304124e-04 -3.192264762770054796e-03 -1.334777374866504256e-04 -3.035819872627375238e-03 3.562161623894702714e-03 -3.945609381409731151e-03 1.417424316141041325e-03 -1.440227706798124238e-03 -1.427265084397376068e-04 -4.160800335875583511e-03 1.332580602499910082e-04 -6.341607229717591276e-03 -3.245970337477446961e-03 2.883431062470672400e-03 4.260505556618868553e-03 1.965814958197528890e-03 -4.917237861459843647e-05 4.513007216628806342e-03 -1.118997113010787407e-04 7.160190912500537675e-04 1.475390931829619577e-03 -3.206238555182722855e-03 7.513488032362578787e-04 -1.455182634493703761e-02 6.768243490043891059e-03 -2.806390670711719857e-03 1.354659990077912478e-03 -2.752212252859421743e-03 -3.755965281868694182e-04 -5.533402091289578092e-03 2.785461875441417635e-03 -1.721067356727280263e-03 -1.298421466789101853e-03 3.893481358017888624e-03 1.918567628066513223e-03 3.285378257498886186e-03 -8.219756775179829986e-03 6.747849636149464043e-04 3.128043941245782326e-03 -2.323596149955501396e-03 3.110293008595281690e-03 -9.532134825820902380e-03 5.548332317943785235e-04 -1.032214699816918872e-02 -3.882554407172479627e-03 -4.306649878891551618e-03 -3.493250418323676958e-05 -2.048329576261719541e-03 0.000000000000000000e+00 0.000000000000000000e+00 0.000000000000000000e+00 0.000000000000000000e+00 -2.238205207500833932e-02 3.257319753135505536e-02 -3.931625561639180699e-02 8.048761374371934951e-02 -1.568694400561956026e-01 1.063368792275449642e-01 7.157366803161731642e-03 3.682107958878913338e-03 1.353838278245019259e-03 3.170245900052166398e-03 -7.576817136641574024e-02 1.024908389220325761e-01 7.394677182773741475e-02 1.324775986219369484e-01 2.025666546765371445e-03 -8.713591489435288870e-04 -1.884642280142156956e-02 -7.761896388951061362e-03 -1.261198358633908445e-01 1.335241625026095669e-01 2.506806169482032453e-03 -3.228407618002511470e-02 -6.486837603748716458e-03 -1.228606372845500276e-02 7.024776897065262982e-02 1.339883534895380257e-01 -2.885424403144758176e-03 -5.596634740519171661e-03 2.542466669975102303e-02 -1.308369371652190818e-02 -4.956579145798209463e-02 1.265585706161025115e-01 1.595327016705954011e-03 2.615054381273386463e-04 -4.422263124205993295e-02 1.064378898733734369e-01 -1.045247119957770990e-02 -3.034884890559893036e-03 1.399378249485227176e-02 9.900850075149656565e-03 -1.381721741719327788e-02 2.949734675206385458e-03 1.942971902932037753e-02 1.816738531493928763e-02 -1.098293409831394146e-01 1.255577612304928647e-01 -3.937631776583062210e-03 -6.336296710573608576e-03 -3.627028030770532846e-02 7.724986450511873992e-02 -4.928936199961222314e-02 1.682585462533696397e-02 -4.212487082747672085e-02 2.803666491466521096e-02 4.871525983045469493e-03 1.138545086833589806e-02 -2.015814550840615629e-02 2.263044107158140514e-02 -6.926939503036387558e-02 9.456387446258045226e-02 -3.006685986336274027e-02 5.831025128595866691e-02 -1.760344292343059974e-02 1.063561243952990294e-02 -4.248190942087391384e-03 1.260059627029357608e-02 2.039520252509151310e-02 2.760718334073886809e-02 -7.126156126520374889e-02 1.048167029547624057e-01 -1.480632523369201014e-03 1.063884991715913567e-02 9.650142779741442689e-02 9.590435863650698112e-02 8.351395596425752466e-01 2.118838998281922029e-02 -3.991408990266477330e-01 -6.929587263685307169e-03 5.851248203187162655e-01 2.116809251501704583e-02 -2.416458810335664065e-01 2.743937999963740743e-02
0.000000000000000000e+00 0.000000000000000000e+00 0.000000000000000000e+00 0.000000000000000000e+00 -2.228070594689110474e-04 1.226631746707022332e-03 -1.583151198203219023e-05 6.773364517402422806e-04 -1.204196544911740772e-03 9.924343997087376173e-04 1.710384740746207768e-03 -9.240511342844001750e-04 1.339873219261057170e-04 1.920983566555300526e-03 6.103673018759160889e-04 6.327505822495046442e-04 1.606742486020922272e-03 -3.250621324023728834e-03 -1.766647818064136276e-03 1.129424319477944933e-03 -2.573846177427526090e-04 -2.569665729750370432e-03 -2.036808510273820788e-03 -4.335670201688651584e-04 -1.915233896300959306e-04 9.694851746895398166e-04 -8.316855644317353762e-04 -7.388059253246211967e-03 -1.176269652361098270e-03 -1.166678519876529940e-04 9.664084477920270989e-05 9.423867240385656744e-04 -3.087050348266511316e-05 1.777428320328468129e-03 1.058345516990196779e-03 -1.495123592987872892e-03 -4.024743642609737563e-04 -7.694981980565328413e-04 -4.203125000843943153e-05 1.901675962802727975e-03 6.674841759794343478e-04 -2.142909426120483650e-03 -2.087049501435423891e-04 1.678538541153465607e-03 2.944849285503135382e-04 2.256918245839197859e-04 -4.593313685460629139e-04 6.015233013134879073e-04 1.473447405738389517e-04 2.784911640276151266e-04 2.181459601324754638e-05 -1.529939492876403336e-04 0.000000000000000000e+00 0.000000000000000000e+00 0.000000000000000000e+00 0.000000000000000000e+00 -7.070108159416262604e-03 4.231419802485392526e-03 -3.441307301922706674e-03 7.555236727367027399e-04 -2.546192209269155723e-02 2.247925926923923477e-03 -2.773197808853582126e-04 2.855923978248106881e-03 -1.105736840249922116e-03 2.383390085314591588e-04 -1.714535624367498345e-02 4.215658788042960479e-03 1.328753360888473845e-02 1.667243345102707589e-03 1.064853755510563552e-03 2.942578996352121414e-03 1.468557280842295871e-04 2.656037733380701635e-03 -2.380877083574133371e-02 2.506806169481322084e-03 4.931496957097812953e-03 2.346481013360436976e-03 -1.332925175287752407e-03 4.043771490168497629e-03 1.162885224719365299e-02 1.050108208688255596e-03 -4.196797583831364054e-04 2.604522242549639401e-03 -1.169969278876286951e-03 3.162577658259050316e-03 -9.667527456121288720e-03 1.981174043590398694e-03 -9.060218476375567339e-04 -8.879923952892613843e-04 -1.269774787507393227e-02 2.862677127183704644e-03 3.202115049138217970e-03 -2.504294364688565595e-03 1.235526490353495901e-03 -2.633398860407465229e-03 -2.191513771856102872e-03 -5.089711754462046458e-04 -2.508986839792805550e-03 -9.286707919644856743e-03 -1.718756691263838982e-02 -2.468400835253490438e-03 1.041806614783552781e-03 -1.140909671013090425e-03 -8.342457853378214619e-03 -1.059185241319364045e-03 -5.601350823133681607e-03 3.627638269942115839e-03 -5.760626004112165931e-03 3.824520202337254680e-03 1.625869503386431552e-03 -9.377551952393013658e-04 -4.167955810875755528e-03 1.754044659260451527e-03 -2.214100142518669878e-02 2.221424302909338292e-03 -4.541032215641899812e-04 5.159028122958899971e-04 -7.288519641939890598e-04 -8.021254795303237560e-04 -1.140258833632148017e-03 -1.465213324652887622e-03 1.169499551686065570e-04 -8.109873786901360994e-04 -1.368958337083307254e-02 3.181636268898232513e-03 6.727058727041634965e-05 9.578589216207694093e-04 7.209149081821740121e-04 1.027798696388467457e-02 -5.061732320149421593e-02 -7.181912942110755226e-03 1.906465716616059444e-02 -7.594769722640825130e-03 -3.197830357818835789e-02 -6.561141351383069711e-03 1.595785022893420405e-02 -4.985184329607271307e-03
0.000000000000000000e+00 0.000000000000000000e+00 0.000000000000000000e+00 0.000000000000000000e+00 4.607689825347579225e-03 -1.512645927854626426e-03 2.802078536102124012e-03 2.671858886078142328e-02 6.197570896623786491e-02 -7.299038141989983020e-03 -3.208002221840480089e-02 2.373884059730890783e-02 1.996594908432890517e-03 -1.468806133245536757e-02 1.568989142422857162e-03 1.541392972988137738e-02 -4.254336513463590624e-02 7.392430757516414708e-02 3.240279798197246569e-02 -3.732122703948590609e-02 6.831360599930506178e-03 4.847010644561627890e-02 3.687150634771931695e-02 -9.008902678428736422e-05 1.907053970396999434e-02 -4.239822468776530476e-03 1.610353091201425710e-02 2.151644868040497593e-01 3.878240962322261620e-02 5.822494648037597649e-03 3.345648542931903106e-03 -1.927305996974788133e-02 5.545174634096958904e-03 -4.995150757693745704e-03 -2.880179728892719171e-02 1.579577040414915229e-02 8.978866404883798641e-03 3.549233086977553187e-02 -1.670765452279774146e-02 -5.881988529395598686e-02 2.937531026972891104e-03 3.939189012673587065e-02 9.044336756256252108e-03 -2.535243380801750074e-02 -4.865583782971961285e-03 5.244710100437689933e-03 -2.282019253253332082e-03 -2.788784862261401050e-03 1.374351939273533996e-02 1.543079329538449285e-02 -1.622201551215746423e-03 1.320697652393760038e-02 0.000000000000000000e+00 0.000000000000000000e+00 0.000000000000000000e+00 0.000000000000000000e+00 -6.884362293836369939e-02 -1.988600138160880396e-02 8.006690183733322641e-02 -4.286040431411205012e-03 4.673178686336312837e-02 -3.941220221992356408e-03 1.094662999723610471e-03 -3.126842818497179571e-02 3.686970647165599413e-02 1.191210640866473096e-02 -1.492117863823327548e-02 -5.159958259228256822e-02 -2.968409396573345321e-02 -2.853282079692329512e-03 1.225308430078976031e-02 6.420811535642213103e-04 -1.159645610426133372e-02 -5.648951348832868813e-02 4.575665697050985969e-04 -3.228407618002757107e-02 2.346481013356196878e-03 3.181449084197837673e-01 -5.036444956056806282e-02 2.176353848349654729e-02 -2.097637684386163826e-02 -1.096488234692969896e-02 -1.201970039880951094e-03 -1.212979445710162668e-02 -4.923960548198101292e-04 -4.141043724951808114e-02 4.300934055176808615e-03 -7.691755288819741854e-02 2.003416595491500779e-02 1.598769507479220683e-02 -9.550905473529207323e-03 -1.263435018558812378e-02 6.964073504317092045e-02 2.398484719668690646e-02 -2.877407692694964984e-03 -1.600372130220269196e-02 3.346773563084022053e-03 -5.527851978560864576e-02 -8.675383071695798656e-03 -1.534947525881944774e-01 8.050705771272997913e-02 -2.278482569063237581e-02 -1.412481695565564153e-02 5.008887956433142469e-02 -8.072928718659957981e-03 -3.434189791977680650e-02 4.734868750420481720e-02 -2.083169072946891576e-02 5.897571957479572080e-02 -1.819021226278402792e-02 -1.922744418713724646e-02 8.411605860335268081e-02 2.432934101221452539e-02 2.950747545394509161e-02 8.250302180068638108e-03 -2.412938466963410536e-02 -4.914361654640833632e-03 1.730909870257587788e-02 3.373541894896910087e-02 1.344431860632588904e-02 6.197960798792282941e-03 5.086051465859900422e-02 2.404081960104722041e-03 2.158720888844018609e-02 1.978867650437698272e-02 -2.666638276969495250e-02 1.213129290391979677e-02 1.906607819080956626e-02 4.430651414384339376e-02 2.096950322605636019e-01 6.711997440304007245e-01 -1.986532494263090753e-01 -4.032626963855994728e-01 -2.577038964280586875e-01 3.976690130035761550e-01 -2.448461726910086955e-01 -2.515407039921115917e-01 -2.591426810357032040e-01
0.000000000000000000e+00 0.000000000000000000e+00 0.000000000000000000e+00 0.000000000000000000e+00 -1.586571361429643104e-03 3.057992373471106300e-03 -9.443583587848160526e-04 -5.896482106251156943e-03 -1.786195594461810476e-02 4.459300377233600503e-03 1.126445827892747810e-02 -7.461764932057075687e-03 -1.327797915885397498e-04 7.624102373403310665e-03 6.304626701882098689e-04 -1.679738314025471056e-03 1.518301142175805876e-02 -2.581351505468867935e-02 -1.064258107324887390e-02 1.111326876505816172e-02 -2.022384500932436057e-03 -1.881159029813124495e-02 -1.262478547497923598e-02 -1.254848598474810322e-03 -5.402761451905624748e-03 3.494643411462100904e-03 -6.149017689128004338e-03 -6.762800125531637230e-02 -1.368093945352352736e-02 -9.754908765550949741e-04 -5.099799101128133774e-04 7.330863552416322718e-03 -1.457545025521311821e-03 5.467629936304150423e-03 9.652391734559038344e-03 -5.755568291206092195e-03 -2.115357908764770468e-03 -1.216272333820271785e-02 5.204337782257782707e-03 1.852675791201134625e-02 1.715910695260651313e-03 -1.404100969353533172e-02 -2.005042814978628702e-03 1.009366626002372938e-02 1.168686628695435933e-03 -4.088707241666619460e-03 2.110385189475654562e-04 1.160219045835186868e-03 -3.014006528819960107e-03 -3.302021938941447632e-03 5.581241057444467392e-04 -3.402156246544807937e-03 0.000000000000000000e+00 0.000000000000000000e+00 0.000000000000000000e+00 0.000000000000000000e+00 1.221921213189313543e-02 3.674027187965848030e-03 -1.022018796905790200e-02 -7.603698092117458507e-03 -8.641605465540523352e-04 -8.871062486974645375e-03 -3.152337265291089725e-03 6.795967230531194808e-03 -9.467420414918388538e-03 -8.148200813462085860e-04 6.267108350426770468e-03 4.146519944546084996e-03 2.997294567937157546e-03 -1.650385445661897363e-02 -4.684684054484253637e-03 1.006737663219664037e-03 8.704778192453790572e-03 1.549118254531903910e-02 1.145916648637658290e-02 -6.486837603741293576e-03 -1.332925175286364195e-03 -5.036444956058493128e-02 1.977947284539315065e-02 3.103089258471941180e-03 6.266333999236313500e-04 -1.538584126531202315e-02 2.570822167814567748e-03 4.734473129746815181e-03 -7.979367782827354386e-03 1.396791889882282797e-02 3.209694134440460849e-03 6.303497207355362834e-03 -6.816399232113667592e-03 -5.350275004156974934e-03 -8.125323223845144077e-07 -3.021532788857843582e-03 -9.726213132457466048e-03 -9.970542338240490077e-03 -2.851148016682342537e-03 1.829065269351617777e-04 -4.183202795865086088e-03 1.427430441294178648e-03 -5.698816312727298695e-03 1.737584025088582257e-02 -1.258012690685407324e-02 -1.008486387634693372e-02 7.268483812059893349e-03 -1.445463504546093056e-02 1.799102349780433907e-03 4.285150279968647814e-03 -1.940526731458300323e-03 1.618411251300909924e-03 -1.056561027351591263e-02 -5.283066749917099663e-04 5.510707134197217680e-03 -2.189703471899387410e-02 -4.951888208162434982e-03 -9.283281518723339454e-03 9.859516546003787782e-04 -1.749579497401140046e-03 4.213973155359687986e-03 -1.701942276782371366e-02 -7.906832030864022198e-03 -8.222133231774416892e-03 -4.678456031110389546e-03 -1.403279519751789162e-02 5.386449499527948270e-04 -1.188599457756067505e-02 1.268994633015944852e-03 -1.889923896643478166e-03 -3.734816675911624157e-03 -4.395218059664200011e-03 -2.408924671079629154e-02 -5.042317016130014318e-02 -3.060394781574902190e-01 3.616909344243485896e-02 1.619809371508471874e-01 5.466284566065758577e-02 -1.976023016560738976e-01 4.949222786236422839e-02 9.633201513264354199e-02 4.411730964073802552e-02
0.000000000000000000e+00 0.000000000000000000e+00 0.000000000000000000e+00 0.000000000000000000e+00 -1.000097231032442231e-03 9.668436988299317471e-04 -2.474146356294791181e-04 -2.806750001953405970e-03 -7.198945037414382353e-03 1.133309606100736753e-03 4.732091709901175072e-03 -3.475109681625242457e-03 -3.591442699471335915e-05 3.329502099875564659e-03 -4.040548686620145432e-04 -1.898190439275876861e-03 5.928662981834993857e-03 -1.005733707265970243e-02 -3.447595369863427992e-03 5.498339764258386268e-03 -1.133496161343015016e-03 -7.051042368592067879e-03 -3.059942728110303777e-03 3.477093937885924200e-04 -2.696726307667931914e-03 1.725246540329462537e-03 -2.240722050614072074e-03 -3.032252033611017306e-02 -4.727750918717600441e-03 -1.532562946875381388e-03 -4.677305319727680512e-04 1.679785701163832336e-03 -6.105077725845477025e-04 3.209676770636787305e-03 2.973269203390654751e-03 -4.045577541651876850e-03 -6.690890201399459078e-04 3.116799903390009025e-03 2.541464354864489145e-03 6.912456800239151836e-03 5.788196142966939729e-04 -6.018917891054886490e-03 -4.112767694668345228e-03 5.921726193130754864e-03 1.211070481114947866e-03 -1.445497334636975696e-03 -1.410663909210034886e-03 -6.890645530946202081e-04 -1.018216372706034611e-03 -1.442815754050664860e-03 1.126501899105023771e-04 -3.504157872348451219e-03 0.000000000000000000e+00 0.000000000000000000e+00 0.000000000000000000e+00 0.000000000000000000e+00 -8.948312934493387119e-03 -8.656252835785662597e-03 1.196106479246428081e-03 -3.408648180929885890e-03 -5.247666379317514687e-03 -7.644370946235861525e-03 -4.421491595497356770e-03 1.307108021651369814e-02 -5.002697121124568234e-03 4.417630683048011028e-03 -1.118852728096145395e-02 -5.427714944695591001e-03 7.578824163391453643e-03 -1.282802204686131833e-02 1.471085709620304643e-04 1.475079830780546414e-02 9.409095555748496834e-03 5.265042732214172266e-03 -6.544162055590468062e-03 -1.228606372846479874e-02 4.043771490166418563e-03 2.176353848352632209e-02 3.103089258464751185e-03 9.185872449185360222e-02 8.134460000591236736e-03 -1.673589956013432981e-02 -8.492536245523173155e-04 1.175204232888906082e-02 -1.349665084074601687e-02 1.125951890813811467e-02 -4.998634613068304519e-03 -1.283878629918687800e-02 -4.173079164058870333e-03 -2.103111919214704743e-03 -8.542432321288571245e-03 -6.743964605976489335e-03 7.770812046069194672e-03 6.576557239780171649e-03 -3.625979400978560779e-03 1.133014211047259079e-02 -6.680648947114536072e-03 -1.522172205108981036e-03 -9.111955652364904859e-03 -2.737962546796299246e-02 -1.495323043461830453e-02 -5.779010323275679019e-03 6.976319682335245954e-04 -4.523723795158867030e-03 -3.255421495081940383e-03 -6.296214177187640926e-03 -6.754813354430996841e-03 1.127152502593302928e-02 -4.485640490830760524e-03 1.603056237992925986e-03 -2.346239446297066107e-03 -3.869630254618016546e-03 -4.059172002957131715e-03 8.041326193462480093e-03 -9.274326837326133180e-03 -2.648630311015441607e-03 7.772315998951932585e-03 4.346193092651079014e-04 3.012075661585057913e-03 -1.011065466225812351e-02 -1.756281024786426545e-03 -3.471290666691156414e-03 1.090397158771403687e-03 -8.214469936972657732e-03 -5.575151602794146607e-03 -3.882589607546700107e-03 3.158001107898930800e-03 6.252998309450247608e-03 1.877024024325118362e-02 2.913817121033425786e-02 2.255132085475317627e-01 -3.222776538084314024e-02 -1.081035394571720903e-01 -4.514731532008353643e-02 1.257171592338406363e-01 -2.438604649305970568e-02 -6.681579916309254852e-02 -3.953363782428354067e-02
0.000000000000000000e+00 0.000000000000000000e+00 0.000000000000000000e+00 0.000000000000000000e+00 -1.984102712809480886e-03 6.037471243977512655e-03 -1.977207370486174648e-03 7.454577200136600426e-03 -1.433360685781079856e-02 6.562876001060707551e-03 1.142350877729091108e-02 2.633449504038639331e-03 4.332850641535756228e-04 9.985236792792485938e-03 3.376384652702346667e-03 6.360442263898100426e-03 1.293122563161167374e-02 -1.959402011972808527e-02 -1.068351909577280011e-02 4.567564077455985722e-03 -2.597521052093549731e-03 -1.862842147518169872e-02 -1.531827604473295391e-02 -4.858713357420560777e-03 -4.428944187750088676e-03 4.132446841308393300e-03 -7.188364421757299262e-03 -3.336668442968305365e-02 -2.162023456434008367e-02 -1.363963350537077384e-03 2.382270632873897953e-03 5.891657864338553652e-03 -1.060445797060378557e-03 1.058362917772432896e-02 1.062662257373101111e-02 -4.885381633331665162e-03 -8.333942107823302803e-04 -2.061792108000613452e-02 1.673721422599874992e-03 1.372333945389024069e-02 4.997111203974068799e-03 -1.176436564611318264e-02 6.584227131150972682e-03 3.475826054563481773e-03 -1.030907385130620931e-03 2.902457097704058166e-03 -9.117072763269992502e-05 -8.086095413471652924e-04 -1.872053999890656208e-03 6.216078848374988197e-03 1.032996373328604793e-03 3.790295427240374972e-03 0.000000000000000000e+00 0.000000000000000000e+00 0.000000000000000000e+00 0.000000000000000000e+00 -6.013171599641391890e-02 3.624469824553921277e-02 -1.133085426319626193e-01 2.460860479558008018e-02 -3.892189926490707830e-01 5.325464762100644983e-02 1.152094840304783603e-02 8.340766575257266627e-03 -1.131926668439539943e-02 1.993899028033618924e-04 -2.344642411256043779e-01 5.924890404331453753e-02 2.268598498131304264e-01 6.667230330706516717e-02 1.153090975963451392e-03 -1.054251151072188933e-02 -2.571796221407121694e-04 3.190045908636774188e-03 -3.179306102893202923e-01 7.024776897062695591e-02 1.162885224719525067e-02 -2.097637684381989734e-02 6.266333999118028127e-04 8.134460000617372080e-03 2.164719110945903802e-01 7.079147308967330410e-02 -6.267180746242830350e-03 -1.313697316113778685e-02 6.996913323461132015e-04 -7.714292344065377949e-03 -1.355598002950506864e-01 6.843212589745058250e-02 -3.854904838225976620e-03 -1.913813630528850805e-03 -1.478031290057013336e-01 6.134398584210070532e-02 -1.702083585212738406e-02 8.392875131568864472e-03 1.806871111475815556e-02 -9.481429016348789929e-03 -1.495853806203640245e-02 -6.903764900290862427e-03 1.669010143703970666e-03 -2.219650348400312515e-02 -2.406465359473817511e-01 -5.394240768975998995e-03 1.884547715892974026e-02 -4.342555765391255262e-03 -1.235041976210677211e-01 2.123347669510286875e-02 -8.131548791976833668e-02 2.025833790334484810e-02 -8.373742999991858060e-02 3.063560365472749875e-02 1.898436205285644607e-02 -3.693992977553409163e-02 -4.832807887449828976e-02 1.076983462570544128e-02 -2.686032908948207676e-01 4.287941180229367516e-02 -3.924257371940462896e-02 1.727711318276648270e-02 -3.246854991858169615e-02 -4.712046493790915391e-03 -4.867348660283033618e-03 -8.039311147225235848e-03 2.520268131859632749e-02 -1.809947056879864869e-03 -1.892752749371585941e-01 5.993833861200472540e-02 -1.816775436653994547e-02 1.437566550207525738e-03 5.770856611099898364e-02 -6.009051215045728422e-02 -2.699250681039512267e-01 9.984638884406911441e-02 6.687755279693419208e-02 1.376161579674016755e-01 -1.023917282731508227e-01 1.454339692763861047e-01 4.491928919958639715e-02 1.274148407141471040e-01
0.000000000000000000e+00 0.000000000000000000e+00 0.000000000000000000e+00 0.000000000000000000e+00 1.364298989967202514e-03 -4.331314476794714124e-03 4.735043584122886973e-04 1.159398368611609404e-03 1.338003262638670990e-02 -5.657804393909708456e-03 -5.222231481484168429e-03 2.149723111742751422e-03 -5.345811983516321128e-05 -7.545706733940400757e-03 -5.633133157169544977e-04 -4.846040389073023175e-03 -1.158281392376536711e-02 1.879258978428452118e-02 1.048665203143040944e-02 -4.722257694839305554e-03 1.426100584132623588e-03 1.318135047386720382e-02 7.444408677842117086e-03 1.897588065838479165e-03 4.436103764654092049e-03 -4.359643809432934593e-03 4.463063228494455748e-03 2.464009100112437081e-02 1.449292722829511638e-02 -1.239644369514672582e-03 1.253995102730626676e-03 -6.068938175795817423e-03 2.558457350740324463e-04 -9.264423857749868457e-03 2.314764600315068026e-04 3.429050931500016771e-03 -4.389073655248683934e-04 1.200283829102666809e-02 -1.611458533896789917e-03 -7.257293544987306749e-03 -9.119538590701792985e-03 1.015388191788803296e-02 3.530695227205694724e-03 -6.669398956537274728e-03 2.490697053758517653e-03 -1.357742455257823430e-02 5.425850382254329609e-04 -1.223363322949478846e-02 -1.835322141596994238e-03 -2.181559956728251759e-03 -4.125310773282145219e-04 -9.500353262431519667e-04 0.000000000000000000e+00 0.000000000000000000e+00 0.000000000000000000e+00 0.000000000000000000e+00 -2.242957117174386450e-02 2.064012663067225917e-02 -4.556612178621436554e-02 8.156897126699520773e-02 -1.404737429915741409e-01 1.107567812345094105e-01 1.079149048882043285e-02 -1.007221141206916153e-03 7.947866394223129446e-03 2.869444295316998361e-03 -7.333924830533575245e-02 9.932928101350672889e-02 7.146541675586393083e-02 1.542818392214591883e-01 3.922750646759357029e-03 -1.299185751740090933e-02 -1.821258285730644952e-02 -2.564368511252411442e-02 -1.257243389472761375e-01 1.339883534895305872e-01 1.050108208688445765e-03 -1.096488234692662156e-02 -1.538584126531944429e-02 -1.673589956013247712e-02 7.079147308970325236e-02 1.686895341035209162e-01 -9.038461522909079990e-03 -2.673687325335728088e-02 2.600167311037904216e-02 -4.046882742311105896e-02 -4.666474680065982317e-02 1.285041109789674674e-01 4.813973122363654836e-03 2.620537180796730058e-03 -3.017472887954490007e-02 1.014864450891670711e-01 -1.683911784729525546e-02 1.795329204780714977e-02 1.359525343844143752e-02 2.097466691884334461e-02 -6.858347380061811764e-03 1.181344321525028968e-02 2.970873884373204793e-02 3.703879972016789479e-02 -9.545174715938460619e-02 1.397264562203817673e-01 -8.602590419675454347e-03 1.930687472008198961e-03 -2.772086446152803585e-02 7.189275879238606060e-02 -5.415780571451664360e-02 1.970345227873713037e-02 -3.668295181987530490e-02 2.882944752361119717e-02 -4.213234270436908707e-03 2.295850060519293023e-02 -1.696105166497204747e-02 3.205836961098156024e-02 -4.439653282159929798e-02 9.286974886553502062e-02 -3.901202252190490161e-02 7.625841961570029026e-02 -1.574931161347014122e-02 2.169649470558198540e-02 3.539526288297830357e-03 2.919188963500729192e-02 2.175962446745770967e-02 3.845720277507806706e-02 -6.576206699811160128e-02 1.046996576627314129e-01 3.012174902209740785e-03 1.275088972754229687e-02 1.266696485705078590e-01 1.164542881227342147e-01 1.213677222416035928e+00 1.009241780872298204e-02 -5.773315480795208066e-01 -3.061365706897677119e-02 8.332016110521037744e-01 8.480086393584503057e-03 -3.654335872803284868e-01 5.299572590753261203e-03
0.000000000000000000e+00 0.000000000000000000e+00 0.000000000000000000e+00 0.000000000000000000e+00 -5.817986009420788836e-04 1.916963564027477978e-03 -3.011790976504061506e-04 -8.372569083950817388e-05 -5.448960317716192853e-03 2.067544362594850998e-03 4.209727454045712400e-03 -2.594442571410621266e-03 7.278702867356755496e-05 3.926247292206366639e-03 6.438955316981056966e-04 1.363351454727384441e-04 5.917148429814571634e-03 -1.023987675849204713e-02 -4.593938203729166017e-03 4.438526743814090979e-03 -1.044417950892708065e-03 -7.365666080704371885e-03 -4.993056346136838866e-03 -2.499236161386129344e-04 -1.425673643902883835e-03 1.877800859921235346e-03 -2.428385758211748079e-03 -2.217059007972849508e-02 -4.360673386185542552e-03 -4.351761208749000505e-04 -2.464038082759682021e-04 2.925583740311118227e-03 -4.502374442932392221e-04 4.370010686932365718e-03 3.484462900352668958e-03 -3.369471319116098314e-03 -1.332877766194215385e-03 -4.647083529382469054e-03 1.132042773590480724e-03 8.007624706341708726e-03 7.269233125510762535e-04 -6.685597812370490910e-03 2.640241060472443011e-04 4.424627916710265410e-03 5.527752317786776637e-04 1.061157536853648631e-03 -4.672680730021577713e-04 2.392621215804792163e-03 -8.558048080810244521e-04 -2.068250894647153879e-03 1.949829020711194461e-04 5.205411733598602287e-04 0.000000000000000000e+00 0.000000000000000000e+00 0.000000000000000000e+00 0.000000000000000000e+00 2.684496051890904525e-03 2.133680241294008424e-03 1.252987917215688061e-03 1.393805249474419118e-03 8.166987491276713872e-04 -1.861043103803099522e-03 -2.964953976435292637e-03 -1.353794025193758499e-03 -2.212523386348733048e-03 3.824575503498320924e-03 -2.106381391109420943e-03 1.366371656761914289e-03 -1.884834069000033930e-03 -7.692255310480074215e-03 -2.546442299956982753e-03 3.077733810041925061e-03 1.485474494285100996e-03 6.892413538473174048e-03 5.375182915172693754e-03 -2.885424403143946326e-03 -4.196797583833296644e-04 -1.201970039883131208e-03 2.570822167816252599e-03 -8.492536245527571763e-04 -6.267180746243650874e-03 -9.038461522911081861e-03 1.381626577271686911e-02 5.802611629457702161e-03 -9.149910037646180258e-03 7.940399704292895600e-03 8.784931668355546418e-04 -1.341657758213436052e-03 -2.081335847301716332e-03 -2.212647193211412025e-03 -5.689894554026540818e-03 2.938445000318372097e-03 6.033473045745659132e-03 -1.201067940358508702e-02 -2.590895253625438970e-03 -4.138591107586745560e-03 -2.875036916935817290e-03 -3.953680253780692856e-03 -4.912362277076422548e-03 -1.334497383149265207e-02 -2.554713315162329516e-03 -1.651494709402789862e-03 3.072915596884706439e-03 -3.967382367931972416e-03 -4.284315027814113446e-04 4.990022048968412866e-03 -7.827468139603287883e-04 -4.680891504173584350e-03 -3.471975928112195579e-03 -2.076679208703315592e-03 2.970273456492996886e-03 -6.820391739308182683e-03 -8.743509730108582753e-05 -6.272495103450911359e-03 -5.415527341276152144e-03 1.328523014169467973e-03 4.209549321453870396e-03 -6.949917497627639516e-03 -2.087246825566753915e-03 -4.063411086687359827e-03 -3.842957625874813925e-03 -5.875862407242834866e-03 -4.212493088602744921e-04 -4.015125153493587229e-03 -3.004774009903315459e-04 7.423635914342763438e-04 -9.115046427187547835e-04 -2.382389836340577036e-03 -1.191459043150190113e-02 -1.702818271514142459e-02 -1.475251751446489679e-01 1.372210118437281433e-02 7.338012726814444053e-02 1.490264328068039053e-02 -1.055346380402492623e-01 1.255624601376176437e-02 4.782767894394350516e-02 1.629636383025817939e-02
0.000000000000000000e+00 0.000000000000000000e+00 0.000000000000000000e+00 0.000000000000000000e+00 -1.176786978719704217e-03 2.821353623749669071e-03 -5.728404437479691670e-04 -1.678593983543553818e-03 -1.218016273723400607e-02 4.102154697378205747e-03 8.210397207938459341e-03 -6.878751900931771683e-03 -5.366716807400607418e-05 6.583876299277910404e-03 5.353101412965885746e-04 -2.747368642433630523e-04 1.154922662455207943e-02 -2.234384921938216764e-02 -7.721010189331249836e-03 8.836308805820203283e-03 -9.530846815161914468e-04 -1.292559357655522802e-02 -9.711883487709351351e-03 -1.151796045449184199e-03 -3.775253417343678395e-03 3.902651064662992879e-03 -4.713800020732443301e-03 -5.274338030489879314e-02 -9.083327472403281838e-03 -1.667691785928735512e-05 -7.588293039171515719e-04 5.967317139173904800e-03 -8.580056985632122761e-04 6.356855250736811319e-03 5.760828686664777078e-03 -6.586575959974916294e-03 -2.187799099200508739e-03 -6.676888220366990027e-03 2.120714609757102555e-03 1.681385284319374465e-02 1.917392274696191326e-03 -1.183826849101756416e-02 -1.576397719006351417e-03 8.721606729997659346e-03 2.038274879143397479e-03 2.260609541024452031e-03 -1.161026796211908586e-03 2.991897923311461448e-03 -1.195644931263134796e-03 -2.999406346206858788e-03 5.036345281652335366e-04 -1.070457500287810663e-03 0.000000000000000000e+00 0.000000000000000000e+00 0.000000000000000000e+00 0.000000000000000000e+00 7.848329676004427158e-03 1.631227968164020376e-03 2.253983194419493033e-02 9.590919386378958175e-03 2.364145987614360220e-02 -2.590820146630030789e-03 -7.313096038844165564e-03 4.741780087314202002e-03 -1.259043310606687560e-03 -2.241067693953582764e-03 1.131095377199778027e-02 9.397275261607694781e-04 -1.409570926106009162e-02 -1.630146284585886479e-02 8.115091238364664436e-04 2.868403987499604582e-02 3.606104429786359880e-03 8.517205242697997031e-03 2.448292536848265324e-02 -5.596634740519470033e-03 2.604522242550406583e-03 -1.212979445709978440e-02 4.734473129747112687e-03 1.175204232889089095e-02 -1.313697316114534504e-02 -2.673687325335832171e-02 5.802611629456993526e-03 5.629725600550389286e-02 -1.245030304369057830e-02 8.294537797768187712e-03 6.585479567479485263e-03 -9.551436772680351947e-03 -4.867225690253652176e-03 -3.923440231536464741e-03 -4.642277007589850832e-03 1.910537735625958281e-03 1.816044792384728310e-02 -8.947094533762892446e-03 8.858627301442569685e-04 -4.235769125190442120e-04 -6.862576078915848254e-03 1.107989994578840315e-02 -1.214017944369989201e-02 -3.196812041787016473e-02 5.323170014565841920e-03 -2.626766043531872982e-03 4.427227967472979926e-03 -1.036070268934880662e-02 6.592700047648386054e-03 3.425268992841032020e-03 4.255058060334077075e-03 -3.187236466000285644e-03 -1.609219368531305139e-03 9.141663690375518214e-04 7.111806493402030201e-03 -3.435395574243274835e-03 -4.761072081003853672e-03 -9.547394086754409925e-03 4.568052070267902137e-03 1.100570769193871075e-03 1.143366276030755545e-02 -8.473442088839593100e-03 1.384024161693113517e-03 -5.832837692238665266e-03 -7.817065062934022354e-03 -9.265770684550846126e-03 -1.953633859383634326e-03 -9.266821652787051583e-03 1.028442416378090411e-02 -2.223592242921144935e-04 7.474140937429414253e-04 -2.800761765956845829e-03 -1.816879763078490737e-02 -1.046415723739242166e-02 -1.397533895539020132e-01 7.582350956313246328e-03 7.576215013169544654e-02 4.160153484206610339e-03 -1.061889640110032090e-01 -1.431949215670594300e-03 5.528430408798418183e-02 9.429097264604320225e-03
0.000000000000000000e+00 0.000000000000000000e+00 0.000000000000000000e+00 0.000000000000000000e+00 1.651458893532836009e-03 -4.552128905744983259e-03 8.076281735454473405e-04 7.794507000362404549e-04 1.463624336527108091e-02 -5.904544568546525249e-03 -8.664936364604516536e-03 4.508732246142484537e-03 -1.909592556857575454e-05 -8.836965640415535284e-03 -1.015860420064623217e-03 -1.737593664250458407e-03 -1.340640937822513284e-02 1.935665743748135950e-02 1.074150189425479227e-02 -8.618078121245662318e-03 9.390443344108571769e-04 1.595756740965465978e-02 1.152389603156821554e-02 1.145083952621250194e-03 4.540056999752469825e-03 -4.925133285438469677e-03 5.452958956869218346e-03 4.620329796848459541e-02 1.294703476321466817e-02 -6.379871233653547314e-04 9.716654243900996971e-04 -7.253813972650595063e-03 1.152968518791397520e-03 -8.029186622087663289e-03 -8.398210399941982013e-03 4.122743991872763504e-03 3.023018731752523305e-03 8.369538733656832485e-03 -1.647027761432230761e-03 -1.483591350514762777e-02 -2.482452261489203563e-03 1.167802926334655066e-02 1.947107112679472962e-03 -9.282747825761670027e-03 -4.791582655853377751e-04 4.411409276201156381e-03 9.380467434466338962e-04 -5.412958582198515792e-03 5.854337368728885571e-04 3.625113582180000075e-04 -5.191477023161300249e-04 1.304356469198376337e-03 0.000000000000000000e+00 0.000000000000000000e+00 0.000000000000000000e+00 0.000000000000000000e+00 -7.113875336917480433e-03 8.898172461149328125e-03 -7.843866456426025133e-03 1.095948044092041884e-02 -2.810753647745160844e-02 2.308887913356121382e-02 8.188240507873291441e-03 -2.778087633417165988e-04 2.157738319784643834e-03 -6.040300510188155794e-03 -4.912327785201197651e-03 1.033045263578182688e-02 3.108242951060614587e-03 2.804505293767605920e-02 2.376928174708585646e-03 -8.667959799979087568e-03 -2.521017099048741827e-02 -1.943789946456203361e-03 -2.228639846469286645e-02 2.542466669974850074e-02 -1.169969278878692578e-03 -4.923960548008931865e-04 -7.979367782831156899e-03 -1.349665084075674440e-02 6.996913323415120643e-04 2.600167311037989912e-02 -9.149910037644504515e-03 -1.245030304369383438e-02 4.581281338518911755e-02 -2.995927225227679180e-03 -7.378021287775728826e-03 2.013248824668664727e-02 5.750552012277787214e-03 3.741052386415539242e-03 -5.658198066032554124e-03 1.827515162642371835e-02 1.343366356056909135e-03 5.541610877453712536e-04 7.190001295576701687e-03 -9.063869076886336279e-03 4.927736782771004534e-03 -3.607694873264374272e-03 6.070797289358860829e-03 1.185110007960117270e-02 -1.321506777629099551e-02 2.106889700114086481e-02 -7.911275282932610231e-03 7.545328950338008392e-03 -6.457538334445730305e-03 6.833410162545884570e-03 -4.262444974020214092e-03 7.643834791330440803e-03 -3.991130113935527531e-03 7.178156673736869019e-03 -1.135218490594503294e-03 1.094821211200528756e-02 -5.471102641348133712e-04 1.205665247406510418e-02 -1.890472866953311903e-02 1.535717247288886055e-02 -4.170297180596476902e-03 1.754646636345285476e-02 5.146350750819940131e-03 5.250144531021030958e-03 7.642265219132180799e-03 7.267868103650674226e-03 3.488247917542546808e-04 1.264528833807196037e-02 -1.186673693773452470e-02 1.634969832612490417e-02 1.377325033747079774e-03 4.224942526001007267e-03 2.169793170123911208e-02 2.592418116881392912e-02 2.197320473837944266e-01 -1.667973960313459507e-04 -1.202248062093121544e-01 -1.607724718531856238e-03 1.492349284798413223e-01 -5.307884005031280857e-04 -7.061066806717514188e-02 -1.913360428642821342e-03
0.000000000000000000e+00 0.000000000000000000e+00 0.000000000000000000e+00 0.000000000000000000e+00 -1.401865160896449344e-03 1.733123858390153921e-03 -9.711635257042628214e-04 -3.052645302214905543e-03 -1.424241087835814018e-02 3.320365709322244639e-03 8.679609015863709240e-03 -5.608052474359485375e-03 -2.437118801213965507e-04 5.461657021454985328e-03 1.109552199028995302e-04 -1.286527065619783462e-03 1.177321990112807290e-02 -1.960767131085792633e-02 -7.220280307029999442e-03 9.194971384281248883e-03 -6.583743247462899538e-04 -1.250831182563872344e-02 -9.238830326401447496e-03 -3.259097528710171426e-04 -4.868643211770867091e-03 3.146898948208234556e-03 -5.013276656160087739e-03 -5.381455542920984131e-02 -1.128166415270574589e-02 -6.730158390197066905e-04 -3.011275551242781887e-04 4.989738884623756698e-03 -9.481115478390550076e-04 5.560079504143768288e-03 4.819419185975420093e-03 -4.065592021131318734e-03 -1.702314097594860489e-03 -8.907006345706998049e-03 3.557389181491777113e-03 1.453272650926914350e-02 3.416552926194429095e-03 -1.186094220431493582e-02 -6.118810308903122400e-03 9.183618884991376352e-03 7.553053788798411898e-04 -2.847776118717108840e-03 3.642766798162750709e-04 -3.275152260722072437e-04 -1.527236943096195280e-03 -3.250971807124140162e-03 3.086982477925955155e-04 -2.618827747029172683e-03 0.000000000000000000e+00 0.000000000000000000e+00 0.000000000000000000e+00 0.000000000000000000e+00 6.450122779349152895e-03 1.040041828786739640e-02 -6.489761519103229293e-03 -8.247533050890376582e-03 -1.396742318127496343e-02 -1.218411444309711218e-02 -5.366341151841712113e-03 8.787318444040084775e-03 -1.507267513454623765e-02 3.480026926330116559e-03 4.010738187732974802e-03 1.422562494874900219e-03 -2.564969045975445949e-06 -3.091912087477034429e-02 -8.722780873410712968e-03 8.563208167266175841e-03 6.609679475451732053e-03 3.494770548789402631e-02 6.544021591856206965e-03 -1.308369371652196023e-02 3.162577658258220684e-03 -4.141043724949851346e-02 1.396791889881685705e-02 1.125951890814435273e-02 -7.714292344076223440e-03 -4.046882742311124631e-02 7.940399704293209585e-03 8.294537797765731343e-03 -2.995927225219005997e-03 5.533092428152543152e-02 -1.183818767705209626e-04 -3.615329711558228597e-03 -5.141868540985162009e-03 -3.505342374686359029e-03 -1.667201766692703868e-02 6.853472550854120340e-03 7.747717361446764331e-03 -3.162794132006276071e-02 -3.159127831612531297e-03 -1.663703382107132450e-02 -9.082772166235901154e-03 -1.056990844287636691e-02 -1.216824475272544615e-02 -1.967433153991397093e-02 -2.398712435942796165e-02 -1.974475390142815465e-02 5.585740941732166703e-03 -1.146609738445877359e-02 -1.252531755246316745e-03 8.706427693122532549e-04 -7.830252278900164467e-03 2.996910678598546044e-03 -2.055221544793586069e-02 5.065935281981489083e-03 1.363834981526160055e-02 -2.760100383328093626e-02 -7.231354723860330784e-03 -1.299316562925329453e-02 -2.549119709131807132e-02 -1.959536113361623044e-03 1.279151305970130208e-02 -1.583423705138748555e-02 -4.460767046554892784e-03 -1.286034197526965753e-02 -6.779369946913544470e-03 -2.531407857567447364e-02 -5.644515083936750902e-03 -1.262750350863729547e-02 -6.747995010701574731e-03 -3.782718822908277996e-03 -3.407020269514821238e-03 -9.334196522219774918e-04 -3.083291705792260556e-02 -4.212707839243486768e-02 -3.856153358600731829e-01 2.742078329277182480e-02 1.974800045333905407e-01 4.523055173166381365e-02 -2.718254748271677346e-01 3.886570919846586009e-02 1.344903050303033754e-01 4.387541538282149073e-02
0.000000000000000000e+00 0.000000000000000000e+00 0.000000000000000000e+00 0.000000000000000000e+00 4.786286916575270816e-04 -3.588068023033214905e-03 1.071880526777646775e-03 -5.575478460332961884e-03 1.311627479157736163e-03 -3.211234468150509988e-03 -4.300268096643442700e-03 -2.525745219975771786e-03 -4.317548118130107087e-04 -4.225901365108351328e-03 -2.219209126328216316e-03 -4.369371315599316144e-03 -3.137383323873813717e-03 5.850721331086115688e-03 2.053054506510435060e-03 -3.055292536268829182e-04 7.668332566155315264e-04 5.877989542695455545e-03 5.579741081500366393e-03 2.152118724549170834e-03 2.234466565475387492e-04 -2.000132495104149036e-03 2.841942732402246569e-03 5.499295265082547457e-03 7.595590368792856650e-03 -1.373596697914822979e-04 -2.133941585298729498e-03 -2.704922028855582649e-03 -1.650247938398438467e-05 -5.358094489352669375e-03 -3.253831651246113892e-03 1.493247723006198811e-03 -3.198919566853711586e-04 1.023180195248153158e-02 -2.179325842345218719e-04 -3.874459175383200820e-03 -2.434683781054556521e-03 3.875858540715847785e-03 -3.922573989243803572e-03 -6.744131069915387930e-04 8.752555330325601695e-04 -2.261075091775674711e-03 -8.736172703930076069e-04 3.614078586930718606e-03 4.753622895369675420e-05 -3.695740216016154059e-03 -2.787938007011738200e-04 -3.563991815488667773e-03 0.000000000000000000e+00 0.000000000000000000e+00 0.000000000000000000e+00 0.000000000000000000e+00 4.585440039164256909e-02 -3.024637198966010493e-02 7.184111976899268392e-02 -1.986278861377550539e-02 2.729273451712199705e-01 -3.904995606749918358e-02 -7.145675895626331549e-03 -6.680053081334113088e-03 6.937974620098234443e-03 -4.982195726861851984e-03 1.670854564684613186e-01 -4.476414719702673933e-02 -1.504635306204895606e-01 -4.499482271821608065e-02 -7.810036269950079452e-04 4.019823404828387452e-03 5.831372867869485076e-03 -4.663080930632892800e-03 2.215637598662381358e-01 -4.956579145795655256e-02 -9.667527456118898271e-03 4.300934055123223874e-03 3.209694134446891903e-03 -4.998634613076247818e-03 -1.355598002950336722e-01 -4.666474680063137370e-02 8.784931668330294265e-04 6.585479567478845150e-03 -7.378021287774903098e-03 -1.183818767693654199e-04 9.652337710114644587e-02 -4.676019729708344452e-02 -8.060756125191747678e-04 1.124881693320048501e-04 1.115274201567261758e-01 -4.966010523293928197e-02 -1.680697476463470334e-03 5.415901189418063574e-03 -1.381830817406015828e-02 1.356543747067961471e-02 1.307507502322287178e-02 1.232759377739221091e-02 2.353118901245027789e-03 3.802483497515510291e-02 1.649851460091645294e-01 5.163467756717362526e-04 -9.665901043445376817e-03 7.603637904715059709e-04 8.829488772320050194e-02 -2.004894496292706010e-02 5.343958747938749171e-02 -9.886333236715011061e-03 5.627848542352916622e-02 -1.924971268036156785e-02 -1.480285725970518704e-02 2.362860893228175066e-02 3.192243992984469120e-02 -2.839168882822334754e-03 1.956951672872649928e-01 -3.508401308800234569e-02 2.209773465457747291e-02 -8.559823037294186227e-03 1.998403677308593224e-02 6.640626741243921445e-03 6.552309483340578583e-03 7.883510325605566638e-03 -1.558125968200090548e-02 2.584262363315437995e-03 1.331789788797488050e-01 -4.484866496250866641e-02 1.100981714390387826e-02 -1.638636663410209318e-03 -3.714198382784531655e-02 3.010109759199823543e-02 2.119420854874371207e-01 -6.236294621938000271e-02 -5.995295215708239256e-02 -8.312470401044337598e-02 1.031626372106731471e-01 -8.752113871399017087e-02 -4.167947118059934369e-02 -8.153890754452416956e-02
0.000000000000000000e+00 0.000000000000000000e+00 0.000000000000000000e+00 0.000000000000000000e+00 -7.715419007738325225e-04 -1.094797576012945459e-03 -6.025564634820899153e-04 -8.355890955331360392e-03 -9.877542135769967757e-03 -6.934706820341421211e-04 7.005741544176317948e-03 -4.872009379827920914e-03 -4.253128072431485839e-04 1.160342256966693120e-03 -2.102004882047719785e-04 -6.118264842658940016e-03 5.425222549907594664e-03 -1.308549758919039588e-02 -3.408173778584905767e-03 8.052299341515849196e-03 -2.021879532059328750e-03 -6.798274559927086451e-03 -7.490560807806689002e-03 -4.630732356369942270e-04 -2.691312564829151290e-03 -5.895073083411709203e-04 -2.671462462332663788e-03 -4.759393733726116626e-02 -3.154462837705375791e-03 -2.718336890769744007e-03 1.857712021029983389e-04 1.243097674527152098e-03 -1.269750515301794553e-03 -1.838681956889057136e-03 6.782159327853657695e-03 -4.582377860406849392e-03 -2.446627642357677729e-03 -1.812760951047591006e-03 4.715019469535052313e-03 1.341986265570088710e-02 -5.704404139283064841e-03 -7.407124090000443903e-03 1.310372688064084627e-03 3.659802860772548919e-03 2.974293749017170585e-03 -9.671359232328981606e-03 4.530464279037237107e-04 -6.813733165999013783e-03 -5.753575656138718367e-03 -5.693747038131141344e-03 4.055802876722405239e-04 -3.433913813332821474e-03 0.000000000000000000e+00 0.000000000000000000e+00 0.000000000000000000e+00 0.000000000000000000e+00 -1.191221848696968205e-02 4.684110583917536902e-02 -5.494647523123541433e-02 6.845686954499763388e-02 -1.645618404384847633e-01 1.063158075222279397e-01 1.757693018538286200e-03 6.345633349665638287e-03 -8.169723732376444475e-03 4.699944483514016322e-03 -6.833770721187816533e-02 1.190573692604997846e-01 7.511617578241810977e-02 1.247383566421369078e-01 -2.164290529703882891e-03 -5.694921662608850091e-03 -1.294516029844697616e-02 2.811893922196498623e-03 -1.254279761459415332e-01 1.265585706161041213e-01 1.981174043592343319e-03 -7.691755288820772973e-02 6.303497207350861227e-03 -1.283878629917656680e-02 6.843212589748295938e-02 1.285041109789659686e-01 -1.341657758213706236e-03 -9.551436772679888776e-03 2.013248824668768117e-02 -3.615329711550028559e-03 -4.676019729711099887e-02 1.520272051489750809e-01 -3.478611497719244234e-03 -3.197823688686566787e-03 -4.681108140193430966e-02 1.131337094126082660e-01 -1.991906712138994881e-02 -2.911385223494381003e-02 1.094232864563477250e-02 1.529081994249979065e-02 -2.032260426059610478e-02 3.384855204589947396e-03 1.886557141976649005e-02 3.424748547854193637e-02 -1.265934275079488025e-01 1.143053807007032574e-01 3.392698986680619568e-04 -1.233412647706872908e-02 -4.030269432145042185e-02 8.946348702834379385e-02 -4.924183613444237106e-02 1.585090452346790690e-02 -4.861324347462796930e-02 2.679289725308622860e-02 9.085685662190576273e-03 -1.395387482294204937e-02 -2.105773139003094124e-02 9.814604665708102568e-03 -8.306013394414157869e-02 1.000163168486017384e-01 -2.306790051347603829e-02 3.937079908423458952e-02 -2.239669415130527211e-02 4.335885558802285086e-03 -8.396208610430343916e-03 -9.683934507413458417e-04 1.783589057890710289e-02 1.617091379760487654e-02 -7.776105913679742798e-02 1.103160358123559809e-01 -2.144673262415459740e-03 5.236855165103308958e-03 6.282707372770333920e-02 3.234718326259794496e-02 3.744756099141421934e-01 7.708499949149194563e-02 -1.684027055278271567e-01 6.932117207996177366e-02 2.825470486564108374e-01 9.202306133455849524e-02 -1.031488147551583856e-01 9.613832954845957790e-02
0.000000000000000000e+00 0.000000000000000000e+00 0.000000000000000000e+00 0.000000000000000000e+00 2.583393067018946616e-03 -4.174940487858613998e-03 7.368392447434132363e-04 4.297884483066165273e-03 2.515531574452743724e-02 -5.282442727998232918e-03 -1.267495154157339057e-02 5.967014458477470917e-03 1.836550380274072755e-04 -1.004759880394778815e-02 -5.814141069972295853e-04 2.127609375970310364e-05 -1.772446466459409384e-02 2.863328792379674428e-02 1.545983727391595126e-02 -1.151499900798297511e-02 3.776504568642663744e-03 2.268107644155250777e-02 1.578927768965324510e-02 3.278609675936665184e-03 8.028067871938984398e-03 -4.283112392568143301e-03 7.006689294738582471e-03 6.981308704335441317e-02 2.019865093488399516e-02 2.339712076632401681e-03 1.493306644339862299e-03 -6.658039194258726437e-03 1.974288827202084866e-03 -8.239276331149587157e-03 -1.164221387916952559e-02 8.941493129198986589e-03 2.206980705802959360e-03 1.224978755272456039e-02 -4.668098669021654781e-03 -1.833255432964266823e-02 -3.656436068116677117e-03 1.631807375668736446e-02 6.015258064893840625e-04 -1.000228164679374185e-02 -1.484993904378871694e-03 1.742194523743652692e-03 2.681587424266996134e-03 -7.076800033986339195e-03 4.022145475486381579e-03 8.197419058303415324e-04 -9.904297564588314742e-04 3.578825180303804761e-03 0.000000000000000000e+00 0.000000000000000000e+00 0.000000000000000000e+00 0.000000000000000000e+00 -4.221347933452495281e-03 -1.293959166617937237e-03 6.297087177891664764e-03 2.489869622495045551e-04 5.642844954850905967e-03 3.921821471722363242e-03 2.149292510469792868e-03 -4.023666276438108910e-03 4.724356350493372041e-03 1.503115551349322064e-03 2.399734818403367366e-03 -2.322798719933411114e-03 -6.063837494522128849e-03 5.340437660346347010e-03 2.411662218315889419e-03 -3.812881183270717782e-03 -5.147998128708881210e-03 -4.929953178243474607e-03 4.035032902809239722e-03 1.595327016698534165e-03 -9.060218476391643889e-04 2.003416595493333688e-02 -6.816399232114341532e-03 -4.173079164062849788e-03 -3.854904838236482539e-03 4.813973122355071424e-03 -2.081335847300584858e-03 -4.867225690255225570e-03 5.750552012274621344e-03 -5.141868540990965526e-03 -8.060756125126264035e-04 -3.478611497726304558e-03 1.099421670434703319e-02 5.540416418200389513e-03 2.075353284798981540e-03 1.411217015659681218e-03 5.523834006137461235e-03 6.578915632991843253e-03 1.758280521370589582e-03 -3.539665814527292835e-03 3.756118226944240874e-03 -1.550456330151473404e-03 1.106376381263459016e-03 -8.340837365470239392e-03 1.433335796104339907e-02 4.556101628351671810e-03 -8.707237480027238061e-03 1.114270034870118442e-02 1.341057010858536826e-03 -1.392752995942331566e-03 4.494265069004006394e-03 -1.443906167650188879e-03 6.862748495191400150e-03 -1.315679050621394166e-03 -2.038530283152618743e-03 1.009784030919207848e-02 2.577136700524175397e-03 4.269923976531922287e-03 3.753113935097693483e-03 1.135960594556818370e-03 -8.325555451938696644e-04 6.710761805382098669e-03 4.303421938566330540e-03 2.683498084921521944e-03 3.516120853939365149e-03 5.190184880977354032e-03 -2.041727131461793399e-04 4.367712168891555412e-03 4.392247608321958943e-03 -4.539100293238236116e-04 1.958551212625971732e-03 2.620481815991542590e-03 6.848959630403972897e-03 1.703403714698646654e-02 1.037870283786101744e-01 -1.140745762006662931e-02 -5.679134898336484633e-02 -1.768352479403220712e-02 6.958775672093749087e-02 -1.648872377553525434e-02 -3.717881657131183459e-02 -1.701746917635041378e-02
0.000000000000000000e+00 0.000000000000000000e+00 0.000000000000000000e+00 0.000000000000000000e+00 9.365525163301464994e-04 -5.868997955147781109e-03 2.421093392494549803e-04 2.355433413282754032e-03 1.015089917091092225e-02 -3.957659092766389712e-03 -1.249652178510690485e-02 7.989804492575882516e-03 -6.618841700142609778e-04 -1.188461673357578754e-02 -3.776717099427789100e-03 1.081297603922266089e-03 -1.559449421238766689e-02 2.422579997267376023e-02 1.307440439165167244e-02 -1.106333269261775172e-02 1.753007501827848810e-03 1.960070023378341492e-02 1.387147482346729604e-02 1.751494997827100384e-03 7.904501110716849943e-04 -3.555206281254805895e-03 5.919663640851446050e-03 6.001625561092825689e-02 5.778304267564144184e-03 3.395015276339875387e-03 -5.183536484564734564e-04 -5.775186622881663644e-03 6.120023366354300888e-04 -6.319718899141109868e-03 -9.305006948842215950e-03 7.931832436973200451e-03 2.297656675941287235e-03 8.301032673110320809e-03 -3.973776921594672148e-03 -1.689787200607776110e-02 -1.398592681798310885e-03 1.434999130264210353e-02 -4.545722929937967213e-03 -1.082434706394561942e-02 -1.728430308220997537e-03 3.436227163087125867e-03 1.580626281433923815e-03 -1.933202790889981728e-03 2.043197483420597892e-03 4.530436093636286757e-03 -4.559910774246125030e-04 2.912655155931778012e-03 0.000000000000000000e+00 0.000000000000000000e+00 0.000000000000000000e+00 0.000000000000000000e+00 -4.138744311961719234e-03 -1.378233452630320027e-04 5.803543092357647121e-03 -1.069969351232067127e-03 3.553706883230504151e-03 2.378540690220152902e-03 1.095783519768691108e-03 -3.020683672412120477e-03 3.077280630585885537e-03 2.732170901261675444e-03 9.056855905562118288e-04 -1.914244135076461576e-03 -3.237948028776129090e-03 2.918945460764984373e-03 2.294043499893241769e-03 -3.151464559077726910e-03 -3.407823930257267847e-03 -3.583773627053930648e-03 1.815195963167177007e-03 2.615054381205827658e-04 -8.879923952901287460e-04 1.598769507480762159e-02 -5.350275004158631595e-03 -2.103111919216481534e-03 -1.913813630536847230e-03 2.620537180789994126e-03 -2.212647193210520811e-03 -3.923440231536972148e-03 3.741052386413335276e-03 -3.505342374690947373e-03 1.124881693367563661e-04 -3.197823688694007016e-03 5.540416418200623701e-03 9.151907254346917583e-03 1.308298054775059545e-03 1.092158044175068742e-03 3.406993765798640300e-03 3.711993061950250288e-03 1.394104626405367857e-03 -3.250288361656224981e-03 2.717278566672172348e-03 -9.498019469100526559e-04 1.185719417258909725e-03 -6.816978093262201360e-03 9.113811694979521288e-03 1.586121627067492348e-03 -6.781057173153448234e-03 1.116816321675967276e-02 3.227419936348632779e-04 -6.296753813816835087e-04 3.289502861397241434e-03 -2.131002297232397445e-03 4.954594215131590158e-03 -1.567243174557308993e-03 -1.416428071680436718e-03 7.047789524720267720e-03 1.920166512434716899e-03 2.051666681220179825e-03 1.543400430923990395e-03 2.474852276382081759e-04 -1.560665282785970347e-04 3.875503294114309057e-03 2.688432258172205984e-03 1.498893676595050876e-03 2.066319548707079828e-03 4.219640139334237920e-03 1.523030513329308618e-04 2.735957095145588689e-03 2.714454370010145178e-03 -5.622334479584789949e-04 1.051057899737811371e-03 1.804343545249763878e-03 2.211409990908666870e-03 1.094644900590721441e-02 3.674070207324588166e-02 -8.078837613459542016e-03 -2.488163208032834195e-02 -1.110821062101228010e-02 2.637340827995490050e-02 -1.078849011041296130e-02 -1.640753164730019559e-02 -1.182790829078365219e-02
0.000000000000000000e+00 0.000000000000000000e+00 0.000000000000000000e+00 0.000000000000000000e+00 1.323941084946077869e-03 -7.168790629386348999e-03 1.659212988525895225e-03 -9.416097899423724743e-03 4.870460276706582194e-03 -8.024859440362417176e-03 -8.475140252615524783e-03 -6.682983670207276157e-04 -8.790482245323631922e-04 -9.484944687993161067e-03 -3.176760586414526574e-03 -7.849221102243775922e-03 -9.130350171828635272e-03 1.530364007335743327e-02 3.774590192800528123e-03 -2.932992200238413675e-03 3.482845746375694360e-04 1.272812704933274676e-02 1.038179021949186924e-02 2.738627488593627351e-03 1.733782735958431902e-03 -6.406924725676067453e-03 5.868332289143141263e-03 2.513166008709082772e-02 1.393687889860033106e-02 -2.768319441730413520e-03 -2.374733021572064846e-03 -7.426772426060149722e-03 -1.332869057546553441e-04 -1.270690423217072512e-02 -4.114114063548305819e-03 2.508412219698142719e-03 -6.120565872209133163e-04 1.818555089165349928e-02 -2.106002691387583517e-03 -7.838651596543334127e-03 -8.086629797702617195e-03 1.113596027854086776e-02 -1.750232885523281441e-04 -7.086201747073183135e-03 1.184377688928235119e-03 -1.498161384205763148e-04 -1.715289705360982780e-03 6.050530310871147545e-03 -1.093113749991803628e-03 -5.682098367721698587e-03 -3.961140728245408677e-04 -3.936892110250327093e-03 0.000000000000000000e+00 0.000000000000000000e+00 0.000000000000000000e+00 0.000000000000000000e+00 7.353338009332255343e-02 -4.583426614135473198e-02 6.320566999892877902e-02 -2.050304940276644408e-02 3.191786637526097259e-01 -4.281151242530252532e-02 -1.841758374376197124e-03 -1.134993433196808052e-02 1.632111741153251597e-02 -1.460218348937626989e-02 1.920568966344158024e-01 -5.655228654823623441e-02 -1.683587362287837785e-01 -3.207054143917820871e-02 1.201531079066675122e-03 -3.917658763633263472e-03 8.414351336389409852e-03 -1.866295804086262958e-02 2.567015941786621736e-01 -4.422263124203317658e-02 -1.269774787507186795e-02 -9.550905473598707285e-03 -8.125323137529640721e-07 -8.542432321305529902e-03 -1.478031290056673330e-01 -3.017472887950953253e-02 -5.689894554030083991e-03 -4.642277007589072808e-03 -5.658198066031057058e-03 -1.667201766692678194e-02 1.115274201567177381e-01 -4.681108140189382122e-02 2.075353284788547612e-03 1.308298054768784182e-03 1.817083971797806841e-01 -6.783140849230723246e-02 -4.432656255554605351e-02 1.585575567286460694e-02 -3.923681904682518179e-03 3.667751384053618419e-02 2.323321740657829579e-02 5.876386207554238489e-02 4.936390394883197197e-02 1.114791960609260862e-01 1.997835964461343872e-01 1.474586748207111497e-02 -1.515748456045490182e-02 4.668694510746651712e-03 1.140578385830212371e-01 -3.511317845901632678e-02 4.663104322132780033e-02 1.318756379175797019e-05 6.634879242561726731e-02 -1.520872571090475800e-02 -2.746842410509992005e-02 4.459844379395738745e-02 3.559538754926760279e-02 1.475329310471524755e-02 2.720623895685035931e-01 -4.621659835779409753e-02 3.523723999069742173e-03 1.765841391013552378e-02 1.605135675226581141e-02 2.558101690472364478e-02 1.546370259323680448e-02 2.876317781109040406e-02 -1.014942134507290823e-02 2.167672896708398161e-02 1.595849275993109218e-01 -5.145934952480019781e-02 1.207681242485678964e-02 -2.356749063167423979e-03 7.554849608392642454e-03 6.530493917124577385e-02 8.763510412083982404e-01 -9.446298586622026150e-02 -3.465094757296259820e-01 -1.294986447966085807e-01 5.483347455403269066e-01 -1.242129839898532540e-01 -2.305068816476024129e-01 -1.221573922266654399e-01
0.000000000000000000e+00 0.000000000000000000e+00 0.000000000000000000e+00 0.000000000000000000e+00 1.637627433993755002e-04 -2.380374323388480262e-03 -4.092238129567649573e-04 -1.031941832584531244e-03 5.524622297158644779e-04 -1.385369199793953961e-03 1.022023327951904507e-03 -1.836892992221158226e-03 -3.542636088714748921e-04 -2.604369963007317160e-03 -1.160516265467005041e-03 -3.277279375617781799e-03 -2.487655613096379295e-03 -6.145887149225648383e-04 5.403710247418505759e-03 2.256302004667878891e-03 9.949292614266354133e-04 2.674459779439922018e-03 1.760123100415124289e-03 -2.603927833053018841e-04 -1.583037940946106434e-04 -6.757019517146256333e-04 -1.027080507646545987e-04 -1.548892503130133713e-02 2.291028939611777782e-03 -4.877823263655105442e-05 7.065928663938531723e-04 -1.438573711844796064e-03 -4.289106273113643241e-04 -2.679054820642049264e-03 1.324329372427681534e-03 -1.190669689347850823e-03 -8.963804211205713638e-04 8.964620711403586831e-04 1.320209136876258731e-03 7.037350217775586135e-03 -5.497771907616432786e-03 -3.529918860255272343e-04 9.042980825106246290e-04 -2.606388577620849870e-04 2.411225350285515351e-03 -5.522787068432524760e-03 6.879093238427656494e-04 -9.306020000376762774e-03 -2.588530158674301473e-03 -3.341163303854453176e-03 1.325807231962445156e-04 -2.682953573017069198e-03 0.000000000000000000e+00 0.000000000000000000e+00 0.000000000000000000e+00 0.000000000000000000e+00 -1.817488200562006329e-02 4.662187610192512766e-02 -3.279578949911410302e-02 6.624220609948677785e-02 -1.570543648272390291e-01 9.492588993083793392e-02 -1.924434895784027074e-03 4.325033801774049759e-03 -5.528510000339666164e-03 1.351001920119513852e-02 -7.809145094842728785e-02 1.013343512762265031e-01 6.829196018573445437e-02 1.032998559388816351e-01 -9.383921360659200567e-04 5.475980811297972463e-03 -1.545445690883358834e-02 6.254811331123620588e-03 -1.237645989571703464e-01 1.064378898733603640e-01 2.862677127184511290e-03 -1.263435018557405691e-02 -3.021532788860685926e-03 -6.743964605968244194e-03 6.134398584211105121e-02 1.014864450891529296e-01 2.938445000319380405e-03 1.910537735624478562e-03 1.827515162642575838e-02 6.853472550858637560e-03 -4.966010523295433243e-02 1.131337094125940412e-01 1.411217015667503086e-03 1.092158044182468205e-03 -6.783140849233676439e-02 1.351891930240608219e-01 1.091345099594594886e-02 -7.506009154902286429e-02 1.184173972995488516e-02 -1.744763170195805929e-02 -2.257196600317721777e-02 -3.711207894607756325e-02 3.146835722536546389e-03 -4.814621203508452629e-02 -1.221015452469954854e-01 9.428997990311566157e-02 -2.054660131949067811e-03 -5.913919499647682723e-03 -3.815830074665355065e-02 7.587554497451710900e-02 -5.233890664296318718e-02 7.484490404493547924e-03 -5.551087648729512158e-02 3.045610670451358998e-02 2.068970926519132086e-02 -1.145450552167397856e-03 -3.053408118738384913e-02 8.556717677698990818e-03 -9.108510183435772345e-02 9.055473394543656074e-02 -2.060509448964326779e-02 3.872196875802882271e-02 -2.172267083057101769e-02 5.176180050648131149e-04 -1.870910475460151393e-02 -3.007698903336472086e-03 2.104759830264101017e-02 1.108463570076225965e-02 -7.759546186160395931e-02 9.850238963868788999e-02 -6.262586548454109493e-06 7.814591434703217071e-03 6.473637311182424414e-02 3.133096228106043574e-02 4.275082265685621330e-01 6.886475696068922181e-02 -1.943032927666383802e-01 4.973763855565168507e-02 2.828877557130828890e-01 6.952082988618911441e-02 -1.260410493648718155e-01 8.181398858904145865e-02
0.000000000000000000e+00 0.000000000000000000e+00 0.000000000000000000e+00 0.000000000000000000e+00 1.383974190810336336e-03 -9.648663937003652651e-05 4.594956415146773487e-04 6.671227333183179023e-03 1.819236658495660200e-02 -4.212370073196057834e-04 -6.509039174076757667e-03 2.000850278368293891e-03 7.164442338524251632e-04 -3.303095201597354945e-03 4.602528605974439725e-04 2.877221517121975568e-03 -9.171999069920557315e-03 1.520433496054315013e-02 1.071429061656691863e-02 -7.068645147869166701e-03 3.965069039691507778e-03 1.160713747578819705e-02 9.993961871926599488e-03 2.049148773989995995e-03 5.478593259886411354e-03 6.840290811993156696e-04 3.372408039113478431e-03 3.705060649573815867e-02 1.231809553078180505e-02 3.575777600930377109e-03 1.230094931206651004e-03 -1.678400847648428475e-03 1.705435189218435128e-03 4.255888066033862611e-04 -7.839789949173473979e-03 4.697813753550443734e-03 3.084047079916160845e-03 6.670398299572560460e-03 -8.888954548396505416e-04 -1.292248981469318325e-02 1.532597560617628835e-03 6.521821459455148101e-03 -2.587080443734725895e-03 -6.914073062756656389e-04 -3.745326185814626483e-04 -2.180061511589507367e-03 1.542641945939030642e-03 -8.294935965464279512e-03 3.953068535428581366e-03 7.175511362260060359e-04 -7.682513532660099377e-04 5.270950182103443593e-04 0.000000000000000000e+00 0.000000000000000000e+00 0.000000000000000000e+00 0.000000000000000000e+00 -2.620076152501050679e-02 2.367282158273409202e-03 3.651771496417579449e-02 9.838750182888010565e-03 4.807817211208179238e-03 4.401698256423947075e-03 -4.488438768941390572e-03 4.431749797244827031e-04 3.322699894080261788e-03 9.357076029059708394e-03 -6.380850415025605439e-03 6.563616651060347543e-04 -1.686796580362096010e-02 -9.650514022390650759e-03 2.144824735544951372e-03 1.532824080220902482e-02 -9.538502409737848603e-03 1.408822575384970684e-03 6.539675541687070201e-03 -1.045247119958770537e-02 3.202115049135790224e-03 6.964073504319943930e-02 -9.726213132457396660e-03 7.770812046063359929e-03 -1.702083585216435796e-02 -1.683911784730809935e-02 6.033473045747532633e-03 1.816044792384230444e-02 1.343366356053746517e-03 7.747717361440333711e-03 -1.680697476442920366e-03 -1.991906712140401742e-02 5.523834006139317389e-03 3.406993765798252589e-03 -4.432656255552254454e-02 1.091345099592890347e-02 7.581356841578172634e-02 1.077371697340655590e-02 -9.038198888870550840e-03 -1.844216408779200678e-02 -7.686618816019908859e-03 -3.273693560241247580e-02 -3.785163753181459978e-02 -1.096458894451203259e-01 9.666085571275051178e-03 -1.186611218076340582e-03 -4.244749758674190229e-03 6.159251107136753597e-03 -1.016794224838525953e-02 8.392121578365481158e-03 2.385829363308175285e-02 -1.271607805053946022e-02 1.083647276230114732e-02 -5.372273682983221520e-03 1.173009619520281807e-02 6.548670848972386674e-03 1.893790027045101198e-03 -1.226190338877203474e-02 -3.807169992747757442e-02 5.852661942430980799e-03 2.516580864566633075e-02 -1.501478451994963867e-02 1.394431882491533464e-02 -9.317270749603336760e-03 -7.391053205675759269e-03 -1.014635196085243198e-02 -6.067299789878964275e-03 -1.010590711707987435e-02 9.884808706478169938e-04 8.602118897328599190e-04 4.192034538275967934e-03 5.694964692012727779e-03 -1.904267532256657958e-02 3.520801850689182083e-02 -1.746552000590499976e-01 -2.808003833462218574e-02 7.335501715345089935e-02 -4.098451882040955729e-02 -1.541291323869360408e-01 -4.427741169699431212e-02 4.602996458216769560e-02 -4.282712958468429254e-02
0.000000000000000000e+00 0.000000000000000000e+00 0.000000000000000000e+00 0.000000000000000000e+00 2.157373594209648689e-03 -2.315554834838750263e-03 5.614590835030601988e-04 4.445355504887073782e-03 2.529544401760010913e-02 -4.059903851139049988e-03 -9.705782048165493767e-03 4.477572726386692958e-03 8.701004124950812314e-04 -7.579951462254395922e-03 1.493388370233722593e-03 -6.638317447444561353e-04 -1.280794332833990259e-02 2.676187282439788928e-02 1.292967071536949702e-02 -1.086470071857557895e-02 2.885541177518209481e-03 1.858256366488297145e-02 6.677120354453417068e-03 5.212832633903058226e-03 7.402504344309977953e-03 -2.677579701427884769e-03 5.416109425648582901e-03 5.714021858618250488e-02 1.909731413642956968e-02 1.783108115772589694e-03 1.674223913645513486e-03 -5.745963572283159862e-03 2.142221256134549476e-03 -4.551678941500273551e-03 -8.603637930245780496e-03 9.976951523532041899e-03 3.751911111981835398e-03 1.692212467053524211e-02 4.750595339152218280e-05 -2.940363402681267155e-02 8.435165151722285454e-04 1.276606219399375325e-02 -4.434639939961421834e-03 -3.476408982585273838e-03 -8.610090697960056001e-04 -1.713720353722031353e-02 3.062231814056566841e-03 -1.473977899598893394e-02 3.849908488020157248e-03 6.626822426708659820e-04 -1.073680665503988539e-03 3.677534415363667604e-03 0.000000000000000000e+00 0.000000000000000000e+00 0.000000000000000000e+00 0.000000000000000000e+00 -2.028279733297384466e-02 -5.771430122517000327e-02 1.276737925115824408e-02 1.221800106189769447e-02 1.382734384058972518e-02 3.562440353209902783e-03 1.610077730427382850e-02 1.208178204719712392e-04 2.163772269752334623e-02 -3.123969196601911538e-02 1.488908352589923823e-02 -3.435707298046074276e-02 1.409389764190422355e-03 2.014325065529754336e-02 9.345479495869127295e-03 -6.398409747720378536e-03 -2.346043036456917259e-03 -3.221539240387793351e-02 2.099511085805091590e-02 -3.034884890586423030e-03 -2.504294364694244646e-03 2.398484719674583501e-02 -9.970542338256799947e-03 6.576557239764911286e-03 8.392875131524597798e-03 1.795329204779778573e-02 -1.201067940358706634e-02 -8.947094533770337879e-03 5.541610877478223094e-04 -3.162794132008057979e-02 5.415901189433585880e-03 -2.911385223496121277e-02 6.578915632999261798e-03 3.711993061951695747e-03 1.585575567289308416e-02 -7.506009154904329239e-02 1.077371697341260662e-02 3.045381708406668109e-01 -1.328410077558107513e-02 6.994375703589623960e-02 2.472570013858777296e-02 5.476973363347620305e-02 -1.874466178869763425e-02 2.784432595818840672e-02 6.013275209830967749e-02 3.160485466777064600e-02 -7.496889134788098721e-03 9.085556308801572695e-03 1.897855598862767910e-03 -3.176537779383167143e-02 2.581676597725993463e-02 3.120627972412208864e-02 4.241619437241388180e-02 6.990245232568199039e-03 -2.753840896964740437e-02 2.901881766452985012e-02 2.888005267853130734e-02 4.567928777666224738e-02 -1.220166290398078807e-03 -1.551338013076900349e-02 1.626769594903514429e-02 6.412499906339735878e-02 3.883430950290071848e-02 2.592129170690409337e-02 4.402483447811374878e-02 2.558896259025664199e-02 -1.202019613773568779e-02 3.495175817471714297e-02 2.771194449933111342e-02 -1.478014775817852039e-02 5.560542950215239741e-03 1.049604540905667988e-02 6.021251285439463419e-02 8.575011739267536515e-02 8.267074790886347335e-01 -6.691417271407323897e-02 -4.418150044967857348e-01 -8.914022302939524078e-02 5.363457884682363286e-01 -8.229382636891389990e-02 -2.597041467197563902e-01 -1.051426073671590244e-01
0.000000000000000000e+00 0.000000000000000000e+00 0.000000000000000000e+00 0.000000000000000000e+00 3.724010036435585055e-04 -1.360008754309441955e-03 4.118296063267605587e-04 2.270431236051583500e-03 3.647381016467978344e-03 -1.860115472487366148e-03 -3.062592388648827796e-03 2.933126370472873608e-03 -4.812451105961144786e-05 -2.415906710967795270e-03 -3.799656672463702558e-04 1.157172824539746416e-04 -4.207494997012920998e-03 7.132414284694887571e-03 2.472179489284038328e-03 -3.178124820700786897e-03 -1.627211937604056992e-05 5.564742101507168248e-03 4.275967076337960568e-03 -3.560428062006357002e-04 1.214806625712939493e-03 -2.038584880537960657e-03 1.855925387427880815e-03 1.931969800220083994e-02 2.831099711184749228e-03 -8.379574511393361345e-04 2.558522953211041489e-04 -2.332010556268564877e-03 3.152523571333282508e-04 -2.447827148390151804e-03 -2.828743278460025753e-03 1.050165384686510116e-03 6.828422525921166216e-04 2.827415639281300429e-03 -1.479793314626892328e-03 -5.166418192523345235e-03 -1.495478771823817703e-03 4.252430811008263770e-03 2.030410264023422770e-03 -4.570049754569107357e-03 -6.081261942453848168e-04 4.914906782313644557e-03 -4.918001020112949470e-04 1.596615134558413687e-03 8.431113115778233417e-06 1.256722964731647697e-03 -1.068240863722795872e-04 9.432825843817702277e-04 0.000000000000000000e+00 0.000000000000000000e+00 0.000000000000000000e+00 0.000000000000000000e+00 -7.608301734280079921e-03 9.347029060776898893e-03 -8.709720695639839791e-03 3.695597804791926795e-03 -4.022412269910598942e-02 1.239916814049470302e-02 3.217965142434768121e-03 -2.857111949130159301e-03 2.090433209560035605e-03 -3.310415179227030932e-03 -2.372113118739869325e-02 6.199148845964189136e-03 1.971831803520680826e-02 1.353912767652372395e-02 1.700857028820994699e-03 1.528313768669251841e-03 -4.997585925951707371e-03 -2.103648373482197055e-03 -2.964835512777739407e-02 1.399378249484672064e-02 1.235526490352987844e-03 -2.877407692682605947e-03 -2.851148016683943687e-03 -3.625979400979180509e-03 1.806871111475855107e-02 1.359525343843579620e-02 -2.590895253625361775e-03 8.858627301435557065e-04 7.190001295577657520e-03 -3.159127831613814125e-03 -1.381830817406343170e-02 1.094232864563145051e-02 1.758280521371886288e-03 1.394104626406602546e-03 -3.923681904686724016e-03 1.184173972995406464e-02 -9.038198888866845471e-03 -1.328410077557779130e-02 1.977375293215849830e-02 -7.457359434739557931e-03 -1.700984262411171354e-03 2.188027995532892608e-03 6.924406051210559368e-03 1.005468624380627396e-02 -1.711334932494323544e-02 3.105609573389595847e-03 -1.671291261874840485e-03 4.651367085811152456e-03 -8.457865861285126727e-03 -7.456462102631973522e-04 -1.155987432029406160e-02 5.346100749984488906e-03 -9.183652401733936529e-03 3.443851835577754934e-03 -1.700432587140041432e-04 6.118083515167994056e-03 -6.503543281808810313e-03 8.577222786728249185e-03 -1.817721867290141707e-02 6.417721103188927384e-03 -1.027476590300538915e-02 9.397276458127991686e-03 -6.265459825242767266e-04 2.567128800493762540e-03 1.998039445399257905e-03 4.983211255276794038e-03 2.998159441233338302e-03 4.947795628108239523e-03 -1.756823994187086541e-02 8.917774303063008556e-03 -1.085760076704835259e-03 1.744091181148226812e-04 1.334245902329737540e-02 1.170292238185989889e-02 6.917719139325483046e-02 5.154446894343363283e-04 -5.324455677998813502e-02 2.301409535768746562e-03 6.219987419598120570e-02 1.485047428573055489e-03 -2.668997445207896627e-02 5.849698780353383872e-03
0.000000000000000000e+00 0.000000000000000000e+00 0.000000000000000000e+00 0.000000000000000000e+00 -7.131270471211009982e-04 8.885465281181548257e-04 -1.163683607567588788e-04 -8.922333397697483626e-03 -7.188182695724737795e-03 8.274157469535108360e-04 4.581950731464414645e-03 -2.703784473855469495e-03 -1.449229815949726959e-04 3.692254573275862393e-03 1.608520332973008542e-04 -1.184030770042666329e-03 5.619952964724400299e-03 -7.121350832113928359e-03 -3.928304133295815008e-03 3.987976284460586010e-03 -2.381403736369980002e-03 -7.180359842356585399e-03 -6.622671151177863744e-03 2.079063664784002233e-04 -2.201253367888410511e-03 1.394383339735530197e-03 -1.884929386651584479e-03 -2.896997163578571982e-02 -3.638075231861617308e-03 -1.228743503983290020e-03 -3.225727023411421954e-04 9.283309900797822624e-04 -7.727049625144023076e-04 3.666942984391803606e-04 6.482325616989040307e-03 -8.050046643174339680e-04 -6.436508330480539926e-04 3.164601160014319462e-03 3.216651509830527247e-03 4.017600848887184148e-03 -1.446259597881360826e-03 -3.012571184949066824e-03 -5.749639315451265768e-04 4.518050622080395026e-03 1.806924667146335905e-03 -1.277476878990115201e-02 -8.212422138679074555e-04 -2.880615386511876756e-03 -3.104855896703881835e-03 -3.868751247108679139e-03 3.063985502101632271e-04 6.964087113385097200e-04 0.000000000000000000e+00 0.000000000000000000e+00 0.000000000000000000e+00 0.000000000000000000e+00 2.582419110913190471e-02 -3.222711637849242500e-02 -5.249253001394281991e-03 1.580587517473211467e-02 3.097823735766533707e-02 4.696388209769037335e-03 5.084114678508209507e-03 -3.735412045270751144e-03 1.052774345094782162e-02 -1.538838741535639328e-02 4.289633733952118860e-02 8.282678438163342330e-04 -1.609396191868761594e-02 2.034209043410405843e-02 5.601878284293422376e-04 3.445883861063211030e-03 7.672672146754399604e-03 -1.932045390736920887e-02 2.599554964441383800e-02 9.900850075163749459e-03 -2.633398860405291621e-03 -1.600372130221218436e-02 1.829065269331605573e-04 1.133014211047257691e-02 -9.481429016332745471e-03 2.097466691886641643e-02 -4.138591107591583704e-03 -4.235769125185927502e-04 -9.063869076884329204e-03 -1.663703382106972509e-02 1.356543747067125161e-02 1.529081994251937394e-02 -3.539665814528119431e-03 -3.250288361657002571e-03 3.667751384052626157e-02 -1.744763170193305499e-02 -1.844216408779025818e-02 6.994375703588247284e-02 -7.457359434737382588e-03 1.297172332112528637e-01 1.004819876507392733e-02 5.404172644052439300e-02 6.675684214696539498e-03 5.188067298521513437e-02 2.427682953373223179e-02 2.874304366615160200e-02 9.586665182022052669e-04 -5.169273958223391530e-03 2.136720697738409697e-02 -5.294891303999217647e-03 -1.109117879160574291e-02 1.323646663442489338e-02 -4.006845465217090743e-04 1.431680983758779058e-02 -9.950414877351028073e-03 -2.396887125893005545e-03 3.001284294513907082e-03 1.170591825701345137e-02 5.720032481906763694e-02 -2.527926431576942370e-03 -7.227665084061616479e-03 3.656388300258733848e-02 7.803617295914196464e-04 9.965413252750432785e-03 8.997572853045719687e-03 1.206771288774120127e-02 3.944219251917641805e-03 1.277339736645413670e-02 2.074769710960480337e-02 3.425289741899419267e-03 1.634289192535779128e-03 4.557577737195766393e-03 5.302548073900566900e-02 2.209958667716555372e-02 7.618644259373311689e-01 -1.133506610148262567e-02 -3.460934057799697205e-01 -3.601243446653126790e-02 4.754650809645088461e-01 -1.506339117195766401e-02 -2.140233665503878946e-01 -2.007383909144729722e-02
0.000000000000000000e+00 0.000000000000000000e+00 0.000000000000000000e+00 0.000000000000000000e+00 1.014819889394521276e-03 -3.157133949367808660e-03 5.938359844147956873e-04 -2.937951503239343704e-03 8.225976623291247902e-03 -4.237488420798384177e-03 -5.688865367189224753e-03 2.729878115033536334e-03 -1.870554630088934770e-04 -6.133920045876450379e-03 -7.675591177286547476e-04 -1.968345089694617869e-03 -7.348310301904202417e-03 1.146978384019415979e-02 5.050703921996825378e-03 -4.989924577106502092e-03 7.996943943428687883e-04 1.016350500201965157e-02 6.142716148590046839e-03 1.651198378418151187e-03 2.365071453849721100e-03 -3.320302993951951363e-03 3.658966924496746126e-03 2.785348209436571548e-02 8.159734287960938165e-03 -7.770781119906816506e-04 5.566217324881520651e-05 -4.248080025793450273e-03 3.823821608020114759e-04 -5.767748959874319410e-03 -3.285628168019528051e-03 3.953799940246830076e-03 8.360000650926644860e-04 6.150258734320192787e-03 -1.675491389045254001e-03 -1.013132356217487373e-02 -2.676156888685380774e-03 8.017220819794309075e-03 -2.256413445419328022e-04 -5.634594095444632814e-03 -6.233276152442788261e-04 -7.574967825467804946e-04 3.307061286137279589e-04 -1.023456434379352428e-03 7.337963988791239506e-04 1.428235269896157753e-04 -4.072739918397509976e-04 8.067087378223056953e-04 0.000000000000000000e+00 0.000000000000000000e+00 0.000000000000000000e+00 0.000000000000000000e+00 9.283284907888812026e-03 -1.700508968308410418e-02 7.566801600112300734e-03 -9.830313742836806201e-03 3.994546963465576972e-02 -1.066403046072872396e-02 6.255540125038056704e-03 -9.463312975529325488e-03 7.126624420940087280e-03 -5.942807867774961735e-03 2.725174666880519556e-02 -2.176668236261361869e-02 -1.846329588728135365e-02 -7.939467145115428753e-03 1.754125917955292983e-03 -6.159770305019893200e-03 -3.232613142977066450e-03 -7.281127830921094168e-03 3.136626631347395888e-02 -1.381721741718992119e-02 -2.191513771855881261e-03 3.346773563079612386e-03 -4.183202795865759160e-03 -6.680648947118607468e-03 -1.495853806203551600e-02 -6.858347380057604192e-03 -2.875036916935530627e-03 -6.862576078915128344e-03 4.927736782771070453e-03 -9.082772166236843109e-03 1.307507502322096705e-02 -2.032260426059131347e-02 3.756118226943413411e-03 2.717278566670849622e-03 2.323321740657723414e-02 -2.257196600317355750e-02 -7.686618816021232453e-03 2.472570013858220103e-02 -1.700984262410710351e-03 1.004819876507783566e-02 2.699347279394020624e-02 1.486779863651584849e-02 5.302630632084050916e-05 2.858620982975995997e-02 3.300196983686019825e-02 -3.655269726583045518e-03 -5.824307189509516508e-03 4.713819217372037206e-03 1.188450844991284332e-02 -1.373093734172070590e-02 1.401652290106363864e-02 -1.488637446168657261e-03 1.557093348962559215e-02 -6.479416945579639757e-03 -4.570169631453349472e-03 1.036134015681050916e-02 9.373957492944295228e-03 5.822472002747143202e-03 2.953638790076007492e-02 -1.132749011027973061e-02 -2.404979824677842305e-03 3.009454588188498723e-03 8.874879764561987086e-03 3.132866392450383165e-03 1.095201606814671762e-02 1.351656785433470774e-03 -5.276166359722780745e-03 4.775929515612334884e-03 2.210561437994093895e-02 -1.726931086832969933e-02 1.403288945794478257e-03 1.182040242146336489e-03 5.495191533816352197e-03 -1.489392625041087090e-02 1.658359352474966242e-01 4.093815073715648817e-03 -8.481172600880594603e-02 1.931394197747370901e-03 1.185197667849152148e-01 1.653994023712273675e-03 -5.124964760451666129e-02 1.505321559385127631e-03
0.000000000000000000e+00 0.000000000000000000e+00 0.000000000000000000e+00 0.000000000000000000e+00 -3.209922301006348138e-04 -4.343848753710934790e-03 -2.119194233760035009e-04 -1.131947635735212551e-02 -9.847852463885078608e-03 -4.862635034378543115e-03 2.278730714163563435e-03 -1.296771629938514060e-03 -9.185342583519534761e-04 -4.359438305277252464e-03 -2.385204153109022999e-03 -8.426367876276548430e-03 1.555943911854991641e-03 -4.509763384031968518e-03 -2.513788923971066631e-03 4.818053481038917993e-03 -2.549392166403133611e-03 1.424797424736752496e-03 -1.623394419149525860e-03 1.552863095426064649e-03 -3.193982086694296431e-03 -4.800333383554108990e-03 2.668107644484022864e-04 -2.440547693568699550e-02 -2.709818842900223700e-03 -5.337627494105334942e-03 -1.048463717087123534e-03 -1.491580609910793907e-03 -1.279278901081669362e-03 -6.504508404754599619e-03 3.473429114262524021e-03 -1.675799015926267635e-03 -1.766780541500710504e-03 8.517252333346788870e-03 3.242865964013550567e-03 2.278831522074398729e-03 -5.176781037738415782e-03 1.055544043695013159e-04 4.289410453115458793e-03 -1.469713698196375810e-03 2.121792487502909517e-03 -2.680266584665108587e-03 -1.121253334479159654e-03 3.912404090615734069e-04 -6.921983782281246333e-03 -6.462467606206176787e-03 4.474416115701001996e-04 -3.355078624000227844e-04 0.000000000000000000e+00 0.000000000000000000e+00 0.000000000000000000e+00 0.000000000000000000e+00 4.928790553903833471e-02 -2.050949583907874310e-02 -1.035240003969351008e-02 5.966870443048168451e-03 4.177253679912885237e-02 -6.294666484361381709e-03 5.869298542513965398e-03 -3.723509207053008266e-03 5.393606695642772994e-03 -1.164584346411784779e-02 2.729625761147566956e-02 -1.194198372604646750e-02 -1.190852512546620133e-02 8.705018778105184582e-03 2.924490185063593865e-04 8.007352923702148323e-03 5.447995917108781026e-03 -5.488129760644696112e-03 3.532649925992546736e-02 2.949734675212538956e-03 -5.089711754460502554e-04 -5.527851978562392521e-02 1.427430441290488891e-03 -1.522172205110462057e-03 -6.903764900277218827e-03 1.181344321525987055e-02 -3.953680253781752772e-03 1.107989994579555368e-02 -3.607694873254340632e-03 -1.056990844287190694e-02 1.232759377738243227e-02 3.384855204598709484e-03 -1.550456330150160652e-03 -9.498019469088762965e-04 5.876386207552735524e-02 -3.711207894606552427e-02 -3.273693560240156092e-02 5.476973363349832424e-02 2.188027995535036727e-03 5.404172644053049923e-02 1.486779863651960937e-02 1.440109011688709140e-01 3.062698530124798382e-02 7.594107611869228835e-02 1.792791895738427010e-02 1.148005220178579221e-02 -2.477673073683768837e-03 -5.922491798934751903e-03 2.883688618410735691e-02 -1.131165581632912441e-02 -1.861398497673591446e-02 1.157876332433304713e-02 -6.112759482450710186e-03 5.054875551414509879e-03 -1.216002627872043995e-02 -1.541696736417326290e-02 -2.481953886317360500e-03 4.272930882547052236e-03 7.227629661057818899e-02 -1.007503492667680134e-02 -1.076529952530182882e-02 1.560127714007038605e-02 -8.731303623153347654e-03 1.256736730067668957e-02 1.407918513448431878e-02 1.248394099473726197e-02 4.773671200209475898e-03 1.082161942835454388e-02 2.379446313154822898e-02 -6.329282740438510295e-03 -3.564521875655726063e-03 -1.496201700377869370e-03 3.399650341608949355e-02 -1.570808373278917425e-02 5.272926280135541433e-01 1.273812336833713560e-02 -2.035394006737522854e-01 6.688488479708232584e-03 3.213361295637895410e-01 1.895252015744251783e-02 -1.399337362506621052e-01 1.473434412558236734e-02
0.000000000000000000e+00 0.000000000000000000e+00 0.000000000000000000e+00 0.000000000000000000e+00 2.101643238079852968e-04 -2.251378088339735760e-03 2.655168639263986649e-04 -2.229106523575608446e-03 2.244783712533650333e-04 -3.133839698285448803e-03 -3.770512998898189160e-03 2.611057467218846906e-03 -5.037875698363839232e-04 -3.211419847897428997e-03 -9.894021968526363082e-04 -1.598697111997815588e-03 -4.834692802111287789e-03 1.045196215073955492e-02 -3.794861694800613920e-04 -2.004944925539215838e-03 -9.126078728217551506e-04 3.941641268213008295e-03 3.851171392040248376e-03 -1.219916247092956915e-06 2.208740920653521136e-04 -2.756626952962934560e-03 2.351550662634347560e-03 1.992055852711521052e-02 2.992546996182166713e-03 -1.744914448005323564e-03 -6.705134412765242956e-04 -4.148098860926974045e-03 -2.134156665452671166e-04 -4.483827934175494898e-03 -1.559944343236880065e-03 -1.309652894960003800e-03 -3.700434589160600139e-04 7.396146169728488352e-03 -2.757670126233319197e-03 -4.260742628119122341e-04 -3.403106067634864215e-03 5.034216292962918025e-03 1.231751127641174653e-03 -4.872795450504631073e-03 1.124444945176621808e-04 1.978018073179309624e-03 -1.429167167483883817e-03 3.333560179661839394e-03 -3.904684515472489625e-04 -7.100543913142712445e-04 -8.817351422360817726e-05 -1.385057253093355386e-03 0.000000000000000000e+00 0.000000000000000000e+00 0.000000000000000000e+00 0.000000000000000000e+00 2.071606538063215652e-02 -6.017953156258360782e-03 -2.089186971330676129e-02 8.478975268771395471e-03 3.066263577311828178e-03 1.000961194742481034e-02 3.247175907908268246e-03 -5.200974580604865102e-03 9.332070291701530587e-03 -4.726839038842393752e-03 1.118647801591996296e-03 3.663801700578540443e-03 -3.487834317272347703e-04 2.634050310825506239e-02 3.735405310163427729e-05 -8.445254082107694904e-03 3.972560519063150948e-04 -1.024811703352172115e-02 -1.925325568651642567e-03 1.942971902931346639e-02 -2.508986839791548743e-03 -8.675383071695401405e-03 -5.698816312728687342e-03 -9.111955652361451025e-03 1.669010143729743453e-03 2.970873884372676049e-02 -4.912362277076733931e-03 -1.214017944369652664e-02 6.070797289360341416e-03 -1.216824475272079188e-02 2.353118901223961307e-03 1.886557141976744068e-02 1.106376381264525220e-03 1.185719417260707332e-03 4.936390394880326576e-02 3.146835722550267618e-03 -3.785163753180332408e-02 -1.874466178870225208e-02 6.924406051213843200e-03 6.675684214685841458e-03 5.302630631815971086e-05 3.062698530124573562e-02 7.951234819995357805e-02 5.477342701298335698e-02 2.993545510346414668e-03 2.208225958410956272e-02 -4.138742145617737428e-03 5.601654785694252028e-03 1.097462594152750007e-02 -4.201993430725758233e-03 -1.251913683891680423e-02 6.191934220459161843e-03 -1.195742680687180738e-03 1.108986805746215408e-02 -6.422529309358097904e-03 2.165408425565707243e-02 1.341222034220481037e-03 9.914377986962121664e-03 3.624793206215105867e-02 3.021744315633117552e-03 -2.431809465248843671e-02 2.972867937348874084e-02 -6.365852942934643530e-03 2.224420444497025862e-02 8.974557168429117202e-03 2.058875042023433632e-02 2.467693059119138374e-04 2.855015561417002801e-02 1.219082363709664621e-03 8.673735101128720107e-03 1.949664384081800043e-03 -3.665237578939524584e-04 5.314752654678364663e-02 2.907633549359337974e-02 6.680177731822849463e-01 -1.168766501020237353e-02 -2.883895913539477607e-01 -2.620581034631296394e-02 4.523337077809440054e-01 -1.536815158049306164e-02 -1.708366467611215911e-01 -1.581390458731209842e-02
0.000000000000000000e+00 0.000000000000000000e+00 0.000000000000000000e+00 0.000000000000000000e+00 -1.998625901284639770e-03 -2.762884312009381178e-03 -4.872803646256634131e-04 -1.694770197247091881e-02 -2.865388887861884323e-02 -1.354486439082920211e-03 1.116252947538962093e-02 -7.908392120078404017e-03 -1.404501948329701932e-03 2.815286122799268327e-03 -1.018247874905730231e-03 -1.084445796427032163e-02 1.484415444812117388e-02 -2.541911880363655757e-02 -1.736379498773797311e-02 1.443551642313667394e-02 -5.028420837593358846e-03 -1.676931783064633877e-02 -1.488317879115984808e-02 6.075282261137683083e-04 -8.458189842913382828e-03 -2.361339312862539321e-03 -4.642727790671378335e-03 -7.527790467852639444e-02 -1.502209219023834495e-02 -6.299036444984373179e-03 -1.908175633704654525e-03 2.996081034537613486e-03 -2.688949923780335587e-03 -4.870706660438856202e-03 1.196912759016285910e-02 -5.441565576809739499e-03 -4.512290617863445701e-03 -7.620668625637799960e-03 4.088328868219557460e-03 1.690031773932263587e-02 -2.186348059146320504e-03 -1.219428854973926037e-02 2.060207816656105251e-03 3.813969966719860365e-03 2.036380243640418565e-03 1.424578111896574600e-04 -1.426984760090331886e-03 6.047439227081762188e-03 -8.136641616190707846e-03 -7.075308906719486590e-03 9.045342215794595570e-04 -6.502795652538449073e-03 0.000000000000000000e+00 0.000000000000000000e+00 0.000000000000000000e+00 0.000000000000000000e+00 6.632183004514362323e-02 -2.111082469854165186e-02 -4.519202684964262334e-02 -1.141529521002324077e-02 8.414186977585073890e-02 -8.158915527533935896e-03 1.443825891192995411e-02 -2.499643212744415578e-03 1.447487548212780849e-03 -1.926723224775944016e-02 7.897173879483211645e-02 -8.743046111702309706e-03 -2.880960378877567632e-02 2.297077355698539519e-02 -4.928226595062141016e-03 -2.905765326057646938e-02 7.890857389032650965e-03 -5.724696308203968027e-03 7.522021527317228340e-02 1.816738531496597808e-02 -9.286707919639033276e-03 -1.534947525882623676e-01 1.737584025088222822e-02 -2.737962546795022142e-02 -2.219650348393183842e-02 3.703879972020140271e-02 -1.334497383149482914e-02 -3.196812041785929148e-02 1.185110007961024704e-02 -1.967433153989963865e-02 3.802483497510649596e-02 3.424748547857384140e-02 -8.340837365471080733e-03 -6.816978093260542965e-03 1.114791960608698118e-01 -4.814621203504697300e-02 -1.096458894451171201e-01 2.784432595820745399e-02 1.005468624381688873e-02 5.188067298521752135e-02 2.858620982975731278e-02 7.594107611870436203e-02 5.477342701300801087e-02 2.659248145643969830e-01 4.135493510056226923e-02 3.400975583616420994e-02 2.051538973172640015e-03 -1.696531191517922782e-02 4.844484204706357711e-02 -5.485712594921555822e-03 -1.529998950893188964e-02 1.910818800996014546e-02 5.329887319312220928e-03 -5.173502004880307058e-03 -2.643515977192156460e-02 -1.491431713683217739e-02 7.387624932694191598e-03 9.031729039062753525e-03 1.349272953749569293e-01 -8.226610655530472438e-03 -2.648482856196834878e-02 1.733758454431311158e-02 -1.004241284092985236e-02 1.316321196097862585e-02 1.952174703630169678e-02 1.082099812990741303e-02 -5.244162698156504959e-03 1.017144158628582179e-02 4.874587600648715852e-02 -8.223998622971535194e-03 -4.057172623246148649e-03 -7.778397252711593234e-03 2.395856672445591251e-02 -5.672557041264207622e-02 4.596255678511522169e-01 4.741283724963793467e-02 -1.893465947425810869e-01 5.940833350232238574e-02 3.741106046852281097e-01 6.609826884922720414e-02 -1.166315721188217747e-01 7.604814332508667840e-02
0.000000000000000000e+00 0.000000000000000000e+00 0.000000000000000000e+00 0.000000000000000000e+00 4.819605616154245924e-03 -1.235959709353027028e-02 3.997694845944764312e-03 -1.839416014533068293e-03 4.155510445996819791e-02 -1.506854954355518056e-02 -2.963581622553719888e-02 8.967144917697296436e-03 -3.079221532698627004e-04 -2.313769842085678166e-02 -4.498314050647726249e-03 -6.400929504140269108e-03 -3.529981614356290237e-02 6.135319361763117568e-02 2.539447950660986275e-02 -2.226633322986727032e-02 5.435386999510013334e-03 4.866788614639656896e-02 3.521664595335576020e-02 8.036667897858647616e-03 1.336876457309720337e-02 -1.190801176484661793e-02 1.768895337767967257e-02 1.421121625558839363e-01 4.490268471943626577e-02 1.465946325113821804e-03 -1.804282068143904950e-03 -1.701573354223380463e-02 3.229772070609972408e-03 -2.367326186389680232e-02 -2.521525917735873909e-02 1.740867818176428106e-02 4.009894763645029982e-03 4.300009341880695057e-02 -8.960559409648431381e-03 -4.613962035598242334e-02 -9.256465105510012364e-03 3.668187856365256322e-02 -2.305501981141523660e-03 -2.054809635606133500e-02 -1.760331852168130293e-03 6.690804694418116608e-04 3.940832503769194344e-04 2.631735092140971132e-03 6.021685768351405649e-03 -2.903851910356835750e-03 -1.934788055656018208e-03 6.136071753109462699e-04 0.000000000000000000e+00 0.000000000000000000e+00 0.000000000000000000e+00 0.000000000000000000e+00 5.288281972593859848e-02 -6.623948966371497049e-02 1.501250613352991814e-01 -5.026826411081811163e-02 4.927244410037461275e-01 -8.254113894833559062e-02 -6.576244395072169610e-03 -2.672744862617095277e-02 2.953473256519325435e-02 -1.568821244392113248e-02 2.774272385588333889e-01 -1.173897702180149161e-01 -2.709741315029033926e-01 -9.240449338773308596e-02 4.571359399128924021e-03 3.181790350983208088e-03 7.786439773518095964e-03 -3.332883330515849785e-02 3.895229427406645684e-01 -1.098293409831023748e-01 -1.718756691263613468e-02 8.050705771269159317e-02 -1.258012690684943459e-02 -1.495323043463163068e-02 -2.406465359473715926e-01 -9.545174715933475718e-02 -2.554713315168433575e-03 5.323170014558247301e-03 -1.321506777629332004e-02 -2.398712435944283516e-02 1.649851460091774913e-01 -1.265934275079155513e-01 1.433335796103299940e-02 9.113811694967402510e-03 1.997835964461764924e-01 -1.221015452469857016e-01 9.666085571237352167e-03 6.013275209829831852e-02 -1.711334932493891250e-02 2.427682953376120861e-02 3.300196983686916330e-02 1.792791895740189489e-02 2.993545510384512665e-03 4.135493510064591760e-02 3.538835831686486522e-01 -2.370540655092980009e-02 -3.139704000668333550e-02 2.672753776065591239e-02 1.553890515479109946e-01 -6.607177812166029063e-02 1.105946534004408621e-01 -2.656969897031949066e-02 1.251851419639222196e-01 -4.644731398594067334e-02 -3.686160809589796028e-02 7.108057797293104718e-02 6.897936580865211831e-02 2.600812451308956441e-03 3.516357633086494849e-01 -8.725791505784641355e-02 3.479597198191716756e-02 -1.174920635181047127e-02 4.912222922401923708e-02 1.794583193858331760e-02 2.215506673290870698e-02 3.225593265175306229e-02 -3.035319089630110143e-02 1.404401024141186012e-02 2.453882604254458977e-01 -1.072310911184841536e-01 2.180027173450187206e-02 -7.812743931700405660e-04 -5.664952614401430608e-02 1.023556252049780263e-01 5.200433548733233158e-01 -1.734027432097549892e-01 -2.221689059343038286e-01 -2.254951512242889811e-01 2.843381631428673062e-01 -2.342692883663286818e-01 -1.335374454460504234e-01 -2.248465954186089910e-01
0.000000000000000000e+00 0.000000000000000000e+00 0.000000000000000000e+00 0.000000000000000000e+00 1.355607875726706638e-03 -6.284171957943975734e-03 -4.219881305968036476e-05 -6.159947791891132347e-03 1.150398498142114062e-02 -4.928331098234210901e-03 -1.912939093767530851e-03 -7.952595462812255336e-03 -5.082392225588090121e-04 -8.273332119971126344e-03 -1.044611408976611668e-03 -1.029611733172846114e-02 -6.962999513296500020e-03 9.882700501954983993e-03 1.032907162776134161e-02 3.177998378273432130e-03 3.046424003877727400e-03 9.818092018384544373e-03 4.690331464016973990e-03 4.634124482297299202e-03 2.962955091002607115e-03 -1.769316421191798614e-03 2.889275247095559902e-03 -2.163845733096314214e-02 1.782462608287695843e-02 1.207028496299396075e-03 5.613464913548332335e-04 -3.069417353608490644e-03 -1.045629762418222915e-04 -8.238354224535521936e-03 8.165139053259960755e-04 2.079008747003644516e-04 -2.339268036163329526e-03 1.128355291837377337e-02 1.073902206642710815e-03 4.388991377443439423e-03 -1.178329453506104380e-02 1.650516132497337630e-03 -6.445467838717803405e-03 1.134517049986356017e-03 5.113370657213487519e-03 -2.308433911988435824e-02 2.016456907721354917e-03 -1.904239870593793862e-02 -1.873848415017876409e-03 -9.027812097804812502e-03 -8.412321785698325576e-04 -7.083087231724950056e-03 0.000000000000000000e+00 0.000000000000000000e+00 0.000000000000000000e+00 0.000000000000000000e+00 8.756170350429359761e-04 -2.166194966945636166e-03 5.893339582806588622e-04 9.722031646063188093e-02 -1.559477596796454354e-02 1.077263915582805237e-01 7.072060637200060750e-03 3.522620845415482156e-03 1.132920845290440875e-02 2.294627177753884350e-04 1.360042498639660140e-02 9.624830406877003808e-02 -1.132732089059024227e-02 1.416038442577469691e-01 2.511033386397580787e-03 3.239035122562856483e-03 -1.694049985139002915e-02 -1.990361525044889723e-02 -6.886131253316089655e-03 1.255577612304835666e-01 -2.468400835254470991e-03 -2.278482569064150046e-02 -1.008486387635426466e-02 -5.779010323283271904e-03 -5.394240768954484955e-03 1.397264562203821836e-01 -1.651494709400714699e-03 -2.626766043531354299e-03 2.106889700114451813e-02 -1.974475390142831424e-02 5.163467756454816465e-04 1.143053807007076844e-01 4.556101628361095696e-03 1.586121627076561048e-03 1.474586748204245040e-02 9.428997990313206512e-02 -1.186611218067426705e-03 3.160485466777658570e-02 3.105609573397140593e-03 2.874304366612896039e-02 -3.655269726586300727e-03 1.148005220177482529e-02 2.208225958411975248e-02 3.400975583613789766e-02 -2.370540655097762989e-02 1.853487001377322196e-01 -1.406125405122655124e-02 -1.269035544335644222e-02 1.734480887380759895e-02 7.657442691000070079e-02 -3.071834608201017003e-02 2.288838116717594254e-02 -1.255912293582407691e-02 2.912152130023739488e-02 -5.566796002317226863e-03 3.951785898329195773e-02 -3.214076830761742991e-03 3.652739086769810767e-02 4.330159431398807046e-02 9.398468914007242214e-02 -1.953389813893103427e-02 8.579460135265559728e-02 4.632854511990996960e-04 2.585968813829983906e-02 1.925138006720190226e-03 2.728387582091209435e-02 1.234030794145623416e-02 4.326459000981892900e-02 6.341112287345483656e-04 1.013730092538121103e-01 1.129010324570135261e-02 1.453075746714338479e-02 1.261006659075896152e-01 1.511294107039225232e-01 1.567520018548745453e+00 -2.055178957863521005e-02 -7.060064734807492970e-01 -8.250660692312876410e-02 1.021108407068046064e+00 -4.263487853626721225e-02 -4.460184934978406179e-01 -3.265969558226668179e-02
0.000000000000000000e+00 0.000000000000000000e+00 0.000000000000000000e+00 0.000000000000000000e+00 -2.742001170792245351e-03 1.308821679614463607e-02 -2.483478939335474322e-03 8.502310156046305120e-03 -1.800207706160667984e-02 1.473486973726134859e-02 1.754769027383453264e-02 -7.140036496563455931e-03 1.252041181292656846e-03 2.007392312181572117e-02 5.213997105937481606e-03 1.165360595517014528e-02 2.500850089497900358e-02 -3.964463566978782688e-02 -1.752753533691819854e-02 1.220299598387174396e-02 -1.522844411120196674e-03 -3.526281696180895431e-02 -2.267090527971052372e-02 -6.177601951794878601e-03 -5.607797719134274134e-03 1.257641443910257478e-02 -1.258320880217829105e-02 -7.813663476429508203e-02 -2.536076236134950090e-02 3.868322271287341543e-03 5.597249041768132243e-04 1.418423572907692026e-02 -7.898044830851326222e-04 2.321664676427110524e-02 1.252010667393169824e-02 -1.061250457174448512e-02 -1.468738266110911767e-03 -2.927926077548384173e-02 4.499732916833006427e-03 2.630404099496404247e-02 1.302672560014853792e-02 -2.572485757196761244e-02 7.694693114897084314e-04 1.817415580559379393e-02 2.528283949763248393e-04 8.812583568989796603e-04 -1.619159507931489897e-04 3.073221042246969490e-03 1.625759760407052487e-03 4.586339864266498687e-03 1.055570880601420375e-03 1.981946322755792200e-03 0.000000000000000000e+00 0.000000000000000000e+00 0.000000000000000000e+00 0.000000000000000000e+00 -5.533483030748409526e-03 4.287448263987471767e-03 -1.019824443936813083e-02 -2.979740705558834701e-03 -3.433753525325421163e-02 -7.175303061720897553e-03 -4.898521494126458148e-04 4.592233627009416862e-03 -6.384182005196673351e-03 -1.371144646777882042e-03 -2.060639248798428608e-02 -1.277623647645598475e-03 2.278853115465849857e-02 -9.890781568870118945e-03 -3.065590986288357824e-03 2.900904712359768552e-03 6.871267449864453328e-03 6.320529355328789907e-03 -2.430758316382545733e-02 -3.937631776573064131e-03 1.041806614784131528e-03 -1.412481695566644192e-02 7.268483812061164034e-03 6.976319682326300202e-04 1.884547715893454198e-02 -8.602590419667243901e-03 3.072915596884095383e-03 4.427227967476788512e-03 -7.911275282930228456e-03 5.585740941735922380e-03 -9.665901043448889632e-03 3.392698986778733359e-04 -8.707237480029741267e-03 -6.781057173155617505e-03 -1.515748456046319727e-02 -2.054660131936986763e-03 -4.244749758670860428e-03 -7.496889134794042751e-03 -1.671291261875365673e-03 9.586665182056534635e-04 -5.824307189511634605e-03 -2.477673073687037923e-03 -4.138742145619751442e-03 2.051538973167804474e-03 -3.139704000668989969e-02 -1.406125405121790538e-02 2.244988261016791706e-02 -1.258973900125027676e-02 -1.235736879283828686e-02 8.043565785353774767e-04 -7.948107352976626488e-03 -3.953776654505141699e-04 -1.096619224650024517e-02 -1.030680483519545330e-03 3.226469571491808776e-03 -1.541665398254128162e-02 -4.203118917404472313e-03 -7.299986099845047656e-03 -2.552114527100745461e-02 -3.256178877216142804e-03 -4.504678432451497813e-04 -1.079891748095444283e-02 -5.940821588897260593e-03 -6.247167914286855944e-03 -5.915046489609266517e-03 -7.668933605497739794e-03 1.625320578856564871e-03 -8.344320005471174417e-03 -1.761173432261153513e-02 -1.234210396581880958e-03 -5.752207514701769553e-03 -3.375744257728062817e-03 -1.359625209126153617e-02 -2.624940571469991032e-02 -2.639180365134196071e-01 1.571263787945043761e-02 1.146970962133813665e-01 2.723119640514096162e-02 -1.663469556977533181e-01 2.420133854375652177e-02 7.817179573213477173e-02 2.522519969594577346e-02
0.000000000000000000e+00 0.000000000000000000e+00 0.000000000000000000e+00 0.000000000000000000e+00 2.792547121677613989e-03 -4.495253951044760575e-03 3.198421865997108562e-03 1.320629902146033124e-02 3.262142358221130356e-02 -1.041552688510928928e-02 -2.805195207312890376e-02 2.491711342517881692e-02 3.682792325111306311e-04 -1.446118684170771829e-02 -3.121907853775078134e-03 7.925286309200934090e-03 -3.411634270754709819e-02 5.573283796484600899e-02 2.257039319771549438e-02 -3.073054792632865656e-02 1.634001998525351973e-03 4.240593448849976077e-02 2.880849945404596185e-02 -7.559600425626820225e-06 1.037758263781233051e-02 -1.013648722481044068e-02 1.505843401208387632e-02 1.853818477534255049e-01 2.252259964892269067e-02 -1.253603061488639103e-03 -1.176669756572813058e-05 -1.941292739145452848e-02 3.021404984461778694e-03 -1.156641730066314093e-02 -2.300528636271736288e-02 1.454424423234236888e-02 6.509338393281373543e-03 3.188605371546711365e-02 -1.204727256129059162e-02 -5.174432727065926552e-02 1.692636773475172766e-06 3.822405687849959183e-02 1.121006161636754761e-02 -2.742810536284878350e-02 -6.792419537397246555e-03 1.691623223071909987e-02 -2.477499713397425963e-03 9.884491847607644252e-03 5.383133146359278011e-03 1.152009212610982658e-02 -5.031873135447604596e-04 1.425896709120686411e-02 0.000000000000000000e+00 0.000000000000000000e+00 0.000000000000000000e+00 0.000000000000000000e+00 -1.883919817171840136e-02 -7.692210096603027333e-03 1.183622218771154290e-02 -2.230399355501609584e-03 1.140957378539631320e-02 1.633103978487459793e-04 6.938151880460282630e-04 -1.015362514850844805e-02 1.112057065206112881e-02 2.576292649995356576e-03 3.030101015905286958e-03 -1.366220724853630351e-02 -6.630325627679921341e-03 2.437721040510422606e-03 3.504978884127098529e-03 -6.776680437817020689e-03 -6.785721338575058381e-03 -1.310446529585465071e-02 -2.079151258285996760e-03 -6.336296710584787134e-03 -1.140909671017204322e-03 5.008887956437129557e-02 -1.445463504546337132e-02 -4.523723795168422754e-03 -4.342555765406866039e-03 1.930687471997523906e-03 -3.967382367930953266e-03 -1.036070268935050318e-02 7.545328950332467685e-03 -1.146609738447401140e-02 7.603637904850499328e-04 -1.233412647707979662e-02 1.114270034870070217e-02 1.116816321675925816e-02 4.668694510763870577e-03 -5.913919499658411121e-03 6.159251107136082259e-03 9.085556308788798191e-03 4.651367085807538160e-03 -5.169273958217920212e-03 4.713819217375981967e-03 -5.922491798940374141e-03 5.601654785691039320e-03 -1.696531191518036580e-02 2.672753776067679846e-02 -1.269035544337196453e-02 -1.258973900124430237e-02 4.798060165403012639e-02 2.299659328239617682e-03 -1.268486768584007121e-02 5.020558256095434407e-03 -5.135399997091023155e-03 1.029562394843487085e-02 -1.427248394498962895e-03 -5.121564244375187078e-03 2.410694322699141745e-02 4.568680585301724932e-03 6.536123477540472029e-03 6.506322699568865657e-03 -8.462594488590395939e-03 -6.138323904214261842e-03 1.593974037818953610e-02 6.871513335709644212e-03 6.870035904207664502e-03 8.067397109208644321e-03 1.624601251099297428e-02 -7.045842640492979043e-04 1.199431269455497433e-02 3.381434653161666248e-03 -8.991696149471683705e-03 5.452175651432485289e-03 5.039239891874881284e-03 2.019750272059956872e-02 5.069417692820371579e-02 2.749502856949319618e-01 -4.705632670031510006e-02 -1.449570817794207933e-01 -6.020585266160283916e-02 1.799229363420370986e-01 -5.600134785232724344e-02 -9.392095904692458752e-02 -6.108819472342624096e-02
0.000000000000000000e+00 0.000000000000000000e+00 0.000000000000000000e+00 0.000000000000000000e+00 1.023323902163029205e-03 -4.747929863051056527e-03 1.374736988508812232e-03 -2.168324637163872998e-03 6.322622841884954076e-03 -5.228243300907453074e-03 -6.344777555710720725e-03 -9.425500289453543666e-04 -4.950658331980133412e-04 -6.193070164477214139e-03 -2.534901316711822995e-03 -6.783597212814632821e-03 -7.501716604090993661e-03 1.410314466885356256e-02 6.328197997128345853e-03 -1.357676908912334654e-03 5.101565146320990876e-04 1.242873278194834424e-02 8.351447083672219884e-03 4.639112862797604118e-03 2.027729941475441260e-03 -3.626320273517029055e-03 4.889305114840499129e-03 1.694982101789669487e-02 1.276302262345843652e-02 -8.974409917333670862e-04 -1.368016341285174494e-03 -5.221421589607878541e-03 5.469785430605791920e-04 -8.188162313702927048e-03 -6.814336322114269984e-03 3.301449123901189359e-03 -5.074067163698023049e-04 1.329603312497861130e-02 -2.255403151400223096e-03 -3.900148147800171390e-03 -3.252280430272976725e-03 6.805591094500422836e-03 -5.321404448340214845e-03 -2.497256931246601315e-03 1.081849358776620137e-03 -4.708095443217039273e-03 1.273049208317851306e-04 -5.972610479711409209e-06 2.898178978903657305e-04 -6.434875153435147023e-03 -6.223558021776457068e-04 -2.716880001441868402e-03 0.000000000000000000e+00 0.000000000000000000e+00 0.000000000000000000e+00 0.000000000000000000e+00 5.704885496681583179e-02 -3.838968476514906941e-02 5.998685102029129024e-02 -6.763063291302551239e-03 2.549211700682768034e-01 -3.341021193344583667e-02 -1.355030828218089286e-03 -4.231863311134676821e-03 8.102894174159571555e-03 -7.803121369280408004e-03 1.649853238658390009e-01 -4.048765309884196778e-02 -1.387115389110128161e-01 -2.607648862588271554e-02 -1.113425760308637798e-03 5.354886862861884048e-03 7.581665172553069508e-03 -6.809536546729530286e-03 2.074403747867486492e-01 -3.627028030770145656e-02 -8.342457853373633214e-03 -8.072928718712063870e-03 1.799102349780153966e-03 -3.255421495073732973e-03 -1.235041976210422970e-01 -2.772086446150746203e-02 -4.284315027834178233e-04 6.592700047643958172e-03 -6.457538334442246113e-03 -1.252531755237216169e-03 8.829488772318563883e-02 -4.030269432144160946e-02 1.341057010859645531e-03 3.227419936353884654e-04 1.140578385830167685e-01 -3.815830074665281513e-02 -1.016794224840002724e-02 1.897855598875328176e-03 -8.457865861277688233e-03 2.136720697737461844e-02 1.188450844991389282e-02 2.883688618412194940e-02 1.097462594155125017e-02 4.844484204709686298e-02 1.553890515478782708e-01 1.734480887382616396e-02 -1.235736879283852972e-02 2.299659328243323485e-03 1.272907586363863919e-01 -3.491105278574800630e-02 -1.969459663481539641e-02 3.458402612317892748e-03 -9.455054775449042714e-03 5.348314592214702470e-03 -1.747223432579825047e-03 1.421991042366842553e-02 -8.878305894239438972e-03 4.825690778330679089e-03 2.460922294526467491e-01 -4.326474327495954258e-02 -1.426666796852306190e-03 3.118376552029676271e-02 2.653299358257817965e-03 2.176855773827756843e-02 -7.903094834343150389e-04 2.057383292343997749e-02 3.928273563351894135e-03 1.395967881716460648e-02 1.257504455193133308e-01 -3.881935386705715613e-02 9.586187317319623188e-03 1.467664986118495706e-03 7.741145215386817380e-03 6.205559797240360609e-02 7.309186014030921719e-01 -8.325816081424779191e-02 -2.932803280631628429e-01 -1.164525205082243553e-01 4.335311657746679370e-01 -1.083117069517197523e-01 -1.919250621998243311e-01 -1.054441812395772449e-01
0.000000000000000000e+00 0.000000000000000000e+00 0.000000000000000000e+00 0.000000000000000000e+00 -6.474698048184621092e-04 -3.104031319598625060e-03 -9.849633116187064743e-04 -7.915209777689382817e-03 -1.140582883050916124e-02 -1.095371420350100362e-03 5.334797688197284379e-03 -4.618727062521961989e-03 -9.170141230715293801e-04 -2.133861781348700502e-03 -2.532341700562875525e-03 -6.550777876711383861e-03 2.386991151335032379e-03 -1.074171898169371843e-02 6.270880115643464149e-04 7.579460755149668161e-03 6.328977722382774429e-04 -2.807121524334874659e-03 -3.004378500567260642e-03 6.270480933669170124e-05 -4.139093003088808662e-03 -1.315308817210399236e-03 -2.611854502808452685e-03 -4.214118128276635178e-02 -5.877381844124966205e-03 -1.619446275658546416e-03 -5.620854151989571751e-04 2.244699707334892221e-03 -1.660656140763749119e-03 -2.642604055589171507e-03 6.284985430463463363e-03 -2.132070746794108990e-03 -2.185738464455634113e-03 -1.947140093331866089e-03 5.355810372607695477e-03 1.029091733032363315e-02 -6.151053098533051586e-03 -5.231594674118023557e-03 1.218731816768563181e-03 2.627445734543161927e-03 2.790898737523228677e-03 -5.536984039081528815e-03 1.009195143703911892e-03 -7.584736129607605806e-03 -5.576443444264953322e-03 -3.673239781778458828e-03 5.657392803701877856e-04 -4.357163228704070274e-03 0.000000000000000000e+00 0.000000000000000000e+00 0.000000000000000000e+00 0.000000000000000000e+00 2.765879528496129405e-03 3.502184299837502596e-02 -1.966927453286172744e-02 4.792054314680885274e-02 -6.778673865453466174e-02 6.362354265569819534e-02 -5.317293202829927179e-03 3.406921317434392395e-03 -6.803496779651135341e-03 1.674493316985313160e-02 -3.788016373316063778e-02 8.362411411811035422e-02 2.533577197013102411e-02 6.921822664845930784e-02 -3.675046789617985969e-03 2.211036817084902767e-03 -6.262393357127003964e-03 5.308244504454364722e-03 -4.956086759351915894e-02 7.724986450511009406e-02 -1.059185241321533100e-03 -3.434189791975835598e-02 4.285150279971009640e-03 -6.296214177199626130e-03 2.123347669510135607e-02 7.189275879236851907e-02 4.990022048968178678e-03 3.425268992840520277e-03 6.833410162545703291e-03 8.706427693087289473e-04 -2.004894496292719888e-02 8.946348702833753497e-02 -1.392752995939575090e-03 -6.296753813777207498e-04 -3.511317845902701962e-02 7.587554497452314584e-02 8.392121578377485444e-03 -3.176537779383700050e-02 -7.456462102656417944e-04 -5.294891304009221797e-03 -1.373093734172179184e-02 -1.131165581634686716e-02 -4.201993430739870208e-03 -5.485712594950210852e-03 -6.607177812164630182e-02 7.657442690997895429e-02 8.043565785236660333e-04 -1.268486768583605533e-02 -3.491105278574035964e-02 1.082769815165038618e-01 9.774293774081918226e-03 -3.743165200888384780e-02 -3.733580196048216088e-03 -2.796891974954557325e-02 1.021818708501373921e-02 -2.027514921654799407e-02 4.259431550998006924e-03 -4.109963821604140782e-02 -3.485452921643393542e-02 9.225872315982683314e-02 -3.847831082627515414e-03 -3.356487929631478406e-02 -2.015628400064969211e-02 -3.088863282322846376e-02 -2.883112729520228776e-02 -2.493126794006851957e-02 1.375158925078482849e-02 -2.301234885076208075e-02 -3.092416463242595587e-02 7.328917749577731899e-02 -3.113055528983769537e-03 1.472018797707407359e-03 2.380134036642319456e-02 -1.967342992848183578e-02 1.390679080969563775e-01 8.283799951254815219e-02 -1.431966456327741707e-02 7.914864079428809984e-02 8.040282198127619850e-02 8.399490354011386606e-02 -3.497739994271571728e-02 9.479790781499816688e-02
0.000000000000000000e+00 0.000000000000000000e+00 0.000000000000000000e+00 0.000000000000000000e+00 1.488178015109800720e-03 -3.127845248953760142e-03 8.723276482593851893e-04 -6.782195164863776687e-03 1.173483839776396330e-02 -3.178441029039736059e-03 -7.549077042019475964e-03 -4.823284612800625079e-05 6.098527640058162141e-05 -6.727850092712170903e-03 -8.699356692718181530e-04 1.290829115740566718e-04 -8.453522845613809650e-03 1.072236515912598949e-02 5.678091430517197107e-03 -6.218245682710295263e-03 3.917039646098948412e-03 1.054468075771743119e-02 1.032772277507014794e-02 3.855990783720743796e-04 3.822270674344668655e-03 -2.563676083994175306e-03 3.587961736367701812e-03 3.277421224689087975e-02 1.247535211553574969e-02 1.598657320956782058e-03 -1.049293739545424219e-03 -1.497482502973191375e-03 7.744522445062918588e-04 -5.692447880902504372e-03 -5.468391776206133620e-03 4.288079500935806920e-03 1.462557891478407333e-03 1.059017773911780612e-02 -3.528483189407499027e-04 -1.481259659985664431e-02 -2.278711045834338599e-03 9.325589639726940272e-03 -1.600756998594819736e-04 -4.539461952631676511e-03 -6.453605848212956532e-04 3.925345955108295627e-03 -1.051642228398386343e-04 1.953504804053679544e-03 2.523126013482203736e-03 2.834981054653205879e-03 -4.860763700782615463e-04 -1.838808568583109350e-03 0.000000000000000000e+00 0.000000000000000000e+00 0.000000000000000000e+00 0.000000000000000000e+00 -7.173891807116274805e-03 -7.650849925546673522e-03 6.212173297298082680e-02 -3.312760922383194140e-02 1.560359946278975229e-01 -3.303602941334331244e-02 -9.603285862204505308e-03 -8.281773155683999632e-03 8.308450749193545953e-03 -1.142210466028945742e-04 7.368210092200301597e-02 -3.810143296466984852e-02 -9.065210926973869821e-02 -5.232262870797778354e-02 4.664345690279857008e-03 1.839062108857570342e-03 -2.615023283144047011e-03 -9.193585535795138070e-03 1.245633295111667760e-01 -4.928936199958645209e-02 -5.601350823137522285e-03 4.734868750418306377e-02 -1.940526731437158814e-03 -6.754813354471041198e-03 -8.131548791979059665e-02 -5.415780571451080799e-02 -7.827468139599867225e-04 4.255058060334783974e-03 -4.262444974033413603e-03 -7.830252278912059466e-03 5.343958747942363641e-02 -4.924183613440870355e-02 4.494265068986932378e-03 3.289502861383993785e-03 4.663104322136193969e-02 -5.233890664294868489e-02 2.385829363305914941e-02 2.581676597718315924e-02 -1.155987432030330248e-02 -1.109117879158711198e-02 1.401652290106287363e-02 -1.861398497674967081e-02 -1.251913683892606766e-02 -1.529998950888021222e-02 1.105946534004744464e-01 -3.071834608200738406e-02 -7.948107352971479564e-03 5.020558256055860161e-03 -1.969459663477287487e-02 9.774293774072293980e-03 1.609406292766893398e-01 -3.737108624827087389e-02 1.358084602603132351e-01 -5.815313667817544052e-02 -2.307210131282337942e-02 3.641943663489206895e-02 7.948089316122775028e-02 -2.054011038746200724e-02 2.106951439992812286e-02 -5.339283575686075423e-03 3.602217406143880252e-02 -8.787044673140946560e-02 3.956863424081030756e-02 -2.312863678491306960e-02 1.709608595185942159e-02 -1.624875174280746709e-02 -3.905007067385570657e-02 -1.696784565479414128e-02 7.796915566642595441e-02 -3.860195277715335049e-02 8.302698433635041786e-03 -4.499667457541726458e-03 -7.395446845638964373e-02 -8.924077147307876712e-03 -5.226748969524916966e-01 -2.814662046957096264e-02 2.400885106034045535e-01 -1.991870933275255440e-02 -3.356998073053844567e-01 -4.399795325956891434e-02 1.553461946487551537e-01 -3.984690401823448580e-02
0.000000000000000000e+00 0.000000000000000000e+00 0.000000000000000000e+00 0.000000000000000000e+00 1.057195833873499254e-05 1.910936563809615546e-03 -5.946706534495839903e-06 -1.164152636312263626e-03 2.894835174100461161e-03 1.633587013255700070e-03 3.014111254469654423e-03 -3.459626711387021273e-03 5.618347161505465133e-04 3.180286528213392347e-03 2.358141895256684988e-03 5.649139880523686586e-05 5.226067653037061098e-03 -4.443984534219420218e-03 -2.725882997143244495e-03 2.462586567304506438e-03 -1.202216823586582922e-03 -5.855139542696710143e-03 -4.188847457089562264e-03 5.281893909975833579e-04 1.242555706414310082e-03 2.433637742289011720e-03 -1.111280344176883471e-03 -2.093672098689965816e-02 2.935860146568981983e-03 8.060562155305177855e-04 1.020199760444541384e-03 1.130247472971207361e-03 2.690738141955708175e-04 2.647157772309032941e-03 2.323459607062086305e-03 -2.496481788847966597e-03 -7.011091291110778390e-04 -1.654849356350535572e-03 -7.599499604212759264e-05 3.244103054834255977e-03 -1.357651198408699601e-04 -4.474370569319235068e-03 -4.107167962531906719e-03 4.271338996308571626e-03 7.982373517472525623e-04 -6.341660673811666885e-03 4.657538146379721082e-04 -2.447053214542888478e-03 1.187378864931716528e-03 -2.834471566083900541e-03 -4.115788843082364011e-04 -5.025141412244784212e-04 0.000000000000000000e+00 0.000000000000000000e+00 0.000000000000000000e+00 0.000000000000000000e+00 -7.758923796966927383e-03 -8.164918553305861373e-03 -1.111285240664395060e-02 1.120392919482757731e-02 -3.777984815572293237e-02 1.873789043929924292e-02 8.178456090976379822e-03 6.897225701584935864e-03 -1.868643543386379639e-03 -1.240546183122923779e-02 -5.655842846542998362e-03 5.636755734789595726e-03 2.016326654364835116e-02 2.252122638467594570e-02 2.491670796358227708e-03 -9.856236121261706395e-04 -4.552743195328364315e-03 2.147359244368626189e-03 -2.390044345800283743e-02 1.682585462533785561e-02 3.627638269943697473e-03 -2.083169072948340070e-02 1.618411251293066589e-03 1.127152502594668849e-02 2.025833790335864609e-02 1.970345227874440927e-02 -4.680891504172108968e-03 -3.187236465999678924e-03 7.643834791336197483e-03 2.996910678604998782e-03 -9.886333236729914070e-03 1.585090452346807691e-02 -1.443906167645072312e-03 -2.131002297228366815e-03 1.318756377782629753e-05 7.484490404491796721e-03 -1.271607805053850959e-02 3.120627972414931686e-02 5.346100749989561238e-03 1.323646663442333039e-02 -1.488637446168457985e-03 1.157876332434248055e-02 6.191934220467892706e-03 1.910818800995945158e-02 -2.656969897034865830e-02 2.288838116718877602e-02 -3.953776654457480172e-04 -5.135399997080063172e-03 3.458402612298323766e-03 -3.743165200887595134e-02 -3.737108624828156672e-02 6.355272630066911843e-02 -1.795127372430789167e-02 4.803510369819434522e-02 -9.948896406974966355e-03 9.442766823097033246e-03 -1.273871646022663520e-02 5.774399957994042626e-02 -2.558183638352149944e-02 -1.135856657663561475e-02 4.178504480432032250e-03 6.281817704313412409e-02 1.013228332358176616e-02 3.009004093589865911e-02 2.247700974233939400e-02 1.898090165242514310e-02 -2.620389062525652936e-03 2.993501764168128229e-02 -1.589960648447857200e-02 1.239720570547338079e-02 2.111312760555009767e-03 4.698579573636463454e-03 2.561895444101862027e-02 5.146932055344308199e-02 2.234840527912903552e-01 -2.786325584925620005e-02 -1.413361237759391265e-01 -3.269271021076588374e-02 1.626204847098111084e-01 -2.319503573317781633e-02 -6.843201029213420716e-02 -3.029966154031694947e-02
0.000000000000000000e+00 0.000000000000000000e+00 0.000000000000000000e+00 0.000000000000000000e+00 2.062433315186555909e-03 -4.267625367973450906e-03 1.216850547266631107e-03 -4.934013851181447488e-03 1.804265893740572557e-02 -5.036266561427483676e-03 -1.140281435450709452e-02 2.671539600602148862e-03 5.622417175632781101e-05 -9.213838872196877458e-03 -7.952609277305363808e-04 2.068055206232155552e-05 -1.276784722478364192e-02 2.230418719120369139e-02 8.329272240231304011e-03 -9.666523621533619492e-03 4.094014397728995558e-03 1.608214754530208623e-02 1.440801528681935791e-02 8.423479463197500097e-04 5.717913314624731465e-03 -3.975262521567733687e-03 5.883442044464587406e-03 5.628992432631362702e-02 1.747897341104471050e-02 1.650071591735776180e-03 -6.452127693483780159e-04 -5.707915726767060632e-03 9.853974909553005548e-04 -8.598487121217171861e-03 -6.098972879145514447e-03 6.288412077198910627e-03 2.025859283550196857e-03 1.568624971762073647e-02 -2.429480708427803753e-03 -2.433954199326860551e-02 -5.213271128966030787e-03 1.496963832400997375e-02 2.419561748106206951e-03 -8.893788764223758622e-03 -8.085514583942225546e-04 2.638012188680689905e-03 -3.750414249584131882e-04 1.200149306915971985e-03 3.030333077570449268e-03 2.798960367578385774e-03 -6.787196365573070194e-04 -1.537738240005899568e-03 0.000000000000000000e+00 0.000000000000000000e+00 0.000000000000000000e+00 0.000000000000000000e+00 -1.644510554697477256e-03 -2.007500273168758356e-02 6.429265486797428042e-02 -2.367616124945386841e-02 1.720875311316099054e-01 -2.676804116472185358e-02 -6.202077071807502937e-03 -1.423260174182661500e-02 1.483405650884423235e-02 -2.403141949905719752e-03 7.868293929788572338e-02 -4.078773975446081668e-02 -9.555171682734429905e-02 -3.543782650946808443e-02 6.737556604603361747e-03 -1.449177471935832271e-03 -2.153233819139333677e-03 -2.222862266559687966e-02 1.318110551749435699e-01 -4.212487082745654948e-02 -5.760626004116293705e-03 5.897571957477858173e-02 -1.056561027349744650e-02 -4.485640490871655763e-03 -8.373742999992539460e-02 -3.668295181987110687e-02 -3.471975928114117652e-03 -1.609219368530625562e-03 -3.991130113947646309e-03 -2.055221544795182709e-02 5.627848542356162637e-02 -4.861324347459834716e-02 6.862748495175268956e-03 4.954594215120070727e-03 6.634879242564582780e-02 -5.551087648728044582e-02 1.083647276227894460e-02 4.241619437234599860e-02 -9.183652401742377694e-03 -4.006845464964228776e-04 1.557093348962742402e-02 -6.112759482455504961e-03 -1.195742680691069121e-03 5.329887319360619713e-03 1.251851419639517238e-01 -1.255912293582967486e-02 -1.096619224649192544e-02 1.029562394840253386e-02 -9.455054775416657162e-03 -3.733580196056589598e-03 1.358084602603196467e-01 -1.795127372430032828e-02 1.494906417104858998e-01 -4.525018944641841234e-02 -3.987338568711391862e-02 5.474085959360074777e-02 8.233995840755045648e-02 3.029752257932677093e-03 4.883357384077269270e-02 -1.402709031584831179e-02 3.862119558845856365e-02 -3.947479519744041820e-02 4.430300353236354960e-02 1.340333777444758937e-03 2.059239037538300801e-02 9.459174902129576651e-03 -3.374203454791392665e-02 -5.907978874083853835e-04 8.562811697958130908e-02 -3.735275228434367656e-02 1.062270100393015483e-02 -2.380396031829800469e-04 -4.673604463628975442e-02 3.618633571410206223e-02 -1.523308935699905775e-01 -5.992977227761110692e-02 7.639594182969713931e-02 -6.861435084975479881e-02 -1.134411941158085385e-01 -8.618631959284472899e-02 4.275387199738847621e-02 -8.225977146528244688e-02
0.000000000000000000e+00 0.000000000000000000e+00 0.000000000000000000e+00 0.000000000000000000e+00 5.902673245858510408e-05 1.899617137668248691e-03 1.823098915918104374e-04 9.229432471938234239e-04 3.712352783459601374e-03 1.011733299962662468e-03 1.399166394442905286e-03 -1.760291037079107779e-03 5.409507222849994999e-04 2.669030942093054797e-03 1.824285249365474593e-03 5.598133288438275363e-04 2.140388695844680500e-03 -6.114321608122349171e-04 -8.677847777179870407e-04 4.711589441146182486e-04 -7.276859032915564043e-04 -3.690941237648338175e-03 -3.314640759435309551e-03 3.128871960953038146e-04 1.454046959688962918e-03 1.972307336929573617e-03 -1.905795668351085471e-04 -9.728741811595024644e-03 3.246848748770350505e-03 4.147017895769863796e-04 8.612261818908702963e-04 -5.872420440091987099e-04 4.268942196654023323e-04 1.749568854725214173e-03 1.313086428199945754e-03 -1.744483384318746763e-03 -2.914756669457443158e-04 3.032641149991440800e-04 -1.435547404200714907e-03 5.101165277647371626e-03 7.675674820073468286e-04 -1.777021143119952027e-03 -2.701780848904667461e-03 3.317462807567088477e-03 1.022767475373673098e-03 -8.763088134545687566e-03 1.377967626472940922e-04 -2.618934594608973015e-03 1.396349708149577243e-03 -3.137590168523488564e-03 -2.156202053478687266e-04 -2.197118374056998341e-04 0.000000000000000000e+00 0.000000000000000000e+00 0.000000000000000000e+00 0.000000000000000000e+00 -3.870348516469201625e-03 -4.429193477492669208e-03 -1.743411972768067059e-02 2.337314720009621427e-02 -6.013759887370786344e-02 2.591655872480861864e-02 1.861152793519924931e-03 9.272959862861199914e-03 -7.771092945850002764e-04 -7.243826906892149135e-03 -2.351265454801780563e-02 2.268965494182562798e-02 3.213421675825855334e-02 3.285312859830975818e-02 1.275132392441721482e-03 3.928815103905018702e-03 -5.414935044392819342e-03 1.949132366083365132e-03 -4.836750128739431692e-02 2.803666491466188723e-02 3.824520202340214552e-03 -1.819021226280300926e-02 -5.283066749982889051e-04 1.603056238012095548e-03 3.063560365475345715e-02 2.882944752361462845e-02 -2.076679208702335473e-03 9.141663690374187898e-04 7.178156673739270743e-03 5.065935281992345850e-03 -1.924971268038322761e-02 2.679289725308263426e-02 -1.315679050614489099e-03 -1.567243174551289503e-03 -1.520872571092898515e-02 3.045610670451388141e-02 -5.372273682980552648e-03 6.990245232590169312e-03 3.443851835584322597e-03 1.431680983757553823e-02 -6.479416945581318102e-03 5.054875551418052185e-03 1.108986805747091964e-02 -5.173502004886837424e-03 -4.644731398597710947e-02 2.912152130024271701e-02 -1.030680483519576121e-03 -1.427248394487739668e-03 5.348314592197487075e-03 -2.796891974954757165e-02 -5.815313667820264099e-02 4.803510369820292170e-02 -4.525018944644291358e-02 6.294566767423460940e-02 8.610515390783271203e-03 1.214333896892104067e-02 -3.075174443266446775e-02 4.735024524822613323e-02 -4.068594494005269707e-02 -3.410316562169847607e-03 -8.211107105025299696e-03 7.926942385420428228e-02 -1.227113040601895706e-03 3.814061044982636206e-02 1.393297099963657255e-02 2.010250589841261135e-02 4.007270467187159027e-03 3.604855815936759689e-02 -3.106642404240598371e-02 2.409395386993721730e-02 3.054840733480277456e-03 6.136126971270298991e-03 4.085035315044727861e-02 4.304316434514439405e-02 3.611265732182000754e-01 -9.854448181068198656e-03 -1.804316514917920777e-01 -1.942479575200536240e-02 2.390076834243595461e-01 -6.860848415565945491e-03 -9.917780343580723246e-02 -1.327489279054634708e-02
0.000000000000000000e+00 0.000000000000000000e+00 0.000000000000000000e+00 0.000000000000000000e+00 -5.756361571119741763e-04 1.137523636984499528e-03 -3.888257789070042486e-04 -9.923698450259800692e-04 -7.424493826525883217e-03 1.685163650733761953e-03 3.989121756809669607e-03 -2.248357698744968443e-03 -1.758040580412891137e-04 2.544048420069910856e-03 -5.049991462181800412e-04 -7.951545890515368878e-04 4.161728185000476699e-03 -9.339502021272651569e-03 -2.050558880100261400e-03 3.986885698592720906e-03 5.003636601028540846e-04 -5.537225928822685217e-03 -4.108511527385804753e-03 2.228940230897467054e-04 -2.399489651999269120e-03 1.308545775843852638e-03 -2.122036016406861000e-03 -2.428002451321501637e-02 -6.157330035335068993e-03 -2.143754641249342248e-04 -3.383092342207191165e-04 2.830081995544457118e-03 -3.647572347559912892e-04 2.114338958435610719e-03 1.826939739718061190e-03 -1.332186638393980651e-03 -4.485823007628050646e-04 -7.005636266011220845e-03 1.785492711520151460e-03 1.057598951563419078e-02 2.119432917681761397e-03 -5.771699035837577624e-03 -2.279947229941367646e-03 4.575944468829862277e-03 4.087484575761288533e-04 1.295180900856931962e-03 7.754022829072090665e-04 -1.256622273299615351e-03 -8.592382856098654178e-04 -1.615463149411036419e-03 2.206173139195598536e-04 -1.774087880104139236e-03 0.000000000000000000e+00 0.000000000000000000e+00 0.000000000000000000e+00 0.000000000000000000e+00 -1.484750061483681820e-03 1.073215069365741209e-02 -1.414128019173112490e-02 4.534927987581127348e-03 -4.500499183102060069e-02 2.769070705228601423e-03 -3.535257721438171772e-03 9.720611689240170675e-03 -7.969731235626871177e-03 5.061493938694910238e-03 -2.592393877208576738e-02 1.649622290815082673e-02 2.275991674537708800e-02 -2.777676217128065717e-03 -1.635865870330998261e-03 5.286103232998543532e-03 -1.848801808372868821e-04 1.313474279755239699e-02 -3.374168559335211093e-02 4.871525983034093177e-03 1.625869503388849757e-03 -1.922744418713730197e-02 5.510707134194901824e-03 -2.346239446281293134e-03 1.898436205285332704e-02 -4.213234270449167998e-03 2.970273456494198182e-03 7.111806493401666776e-03 -1.135218490594091297e-03 1.363834981527219624e-02 -1.480285725971419719e-02 9.085685662175848470e-03 -2.038530283148134916e-03 -1.416428071677449958e-03 -2.746842410510958940e-02 2.068970926518272704e-02 1.173009619520878379e-02 -2.753840896963616683e-02 -1.700432587113421558e-04 -9.950414877362553576e-03 -4.570169631455510938e-03 -1.216002627872490860e-02 -6.422529309360495292e-03 -2.643515977193726038e-02 -3.686160809590272036e-02 -5.566796002325704457e-03 3.226469571487435972e-03 -5.121564244370296025e-03 -1.747223432581715245e-03 1.021818708500321637e-02 -2.307210131283621984e-02 -9.948896406969678918e-03 -3.987338568712681108e-02 8.610515390782341391e-03 3.829803390819740139e-02 -1.723315885477473206e-02 -3.074231133660156740e-02 -1.849298133308772962e-02 -2.745299074102759695e-02 6.492294087943550895e-03 -6.448433669515573133e-03 -8.151432520612292981e-03 -1.288578254027698301e-02 -5.573076106944831187e-03 -2.048984004867008060e-02 -2.629664987858073427e-02 6.935694124306316169e-03 -1.300371922555239139e-02 -2.487320910434390187e-02 9.295112849392342391e-03 -2.189465779109041853e-03 -2.002098088824476752e-03 -4.093344648637422915e-03 -2.552194540800892947e-02 -1.536052557379636307e-01 2.421562737850187913e-02 8.095645690281839946e-02 3.372762830874524026e-02 -8.752816516383779555e-02 3.042104791586408910e-02 4.858354353443917334e-02 3.344125550830102933e-02
0.000000000000000000e+00 0.000000000000000000e+00 0.000000000000000000e+00 0.000000000000000000e+00 2.833738861624287685e-03 -3.244532421269696269e-03 2.384271971626039915e-03 8.726256761469184525e-03 3.144005731549823213e-02 -7.238861289798649568e-03 -1.790168166553129936e-02 8.920298816247130766e-03 5.761973820891877355e-04 -1.001552054542409302e-02 5.191855211960543295e-05 3.706019994827648711e-03 -2.388338998003978683e-02 3.865989113208172234e-02 1.635349679731633657e-02 -1.910747644350113683e-02 4.265633514990340748e-03 2.342532184988424179e-02 1.923269689445886166e-02 -5.620780003693892331e-04 1.025035327035648570e-02 -5.105484013326366463e-03 1.028035581550048282e-02 1.016511745894209257e-01 2.634055548287835002e-02 8.520762336615218856e-04 3.829833309565034566e-04 -1.213491349915711733e-02 2.300072335304584673e-03 -7.673227148544402819e-03 -1.205125722999753242e-02 3.909773693729539160e-03 2.534597108061415697e-03 1.989425133067401069e-02 -9.606609584948442443e-03 -2.512890378521974097e-02 -4.948086959631648428e-03 2.131584201147019436e-02 4.209240301683495403e-03 -1.592554737125093448e-02 -8.332289841371570607e-04 7.472171453718949238e-03 -2.043894595331637379e-03 1.472303651395927108e-03 5.956664351923316413e-03 5.787908727075940715e-03 -9.519365113979500435e-04 3.465312695404145632e-03 0.000000000000000000e+00 0.000000000000000000e+00 0.000000000000000000e+00 0.000000000000000000e+00 -2.092505708863930114e-02 -1.739808432130283966e-02 4.567897797267769094e-02 1.738304644656508968e-02 7.572490904976197923e-02 2.040559650117920037e-02 4.036547397761446748e-03 -1.153531607950993368e-02 2.505249623294285993e-02 -7.026101652724717032e-03 3.154918182135715843e-02 -1.460049615773758441e-02 -4.740521826602572125e-02 2.864511836124059366e-02 9.770931230403597303e-03 4.744307438487440493e-03 -1.331494610263614202e-02 -3.432839371820951835e-02 4.976076191931608217e-02 1.138545086833364986e-02 -9.377551952405983968e-04 8.411605860332745099e-02 -2.189703471898388557e-02 -3.869630254635176431e-03 -3.693992977552444656e-02 2.295850060519168817e-02 -6.820391739309256476e-03 -3.435395574243209349e-03 1.094821211199380889e-02 -2.760100383328677881e-02 2.362860893229153103e-02 -1.395387482292653226e-02 1.009784030918329037e-02 7.047789524714364456e-03 4.459844379396709496e-02 -1.145450552160726977e-03 6.548670848958034439e-03 2.901881766448801900e-02 6.118083515165143906e-03 -2.396887125894878613e-03 1.036134015681108855e-02 -1.541696736417655540e-02 2.165408425566369213e-02 -1.491431713680079971e-02 7.108057797291446323e-02 3.951785898329140262e-02 -1.541665398253366445e-02 2.410694322696743316e-02 1.421991042368317242e-02 -2.027514921655738239e-02 3.641943663488558802e-02 9.442766823110008978e-03 5.474085959358784143e-02 1.214333896893892567e-02 -1.723315885476109019e-02 1.339552820150430590e-01 2.248226661561229106e-02 6.526472910732776522e-02 4.458515673694096737e-02 1.526101543931712365e-03 -1.535330710502140657e-02 5.885912329653426867e-02 2.457131674972515625e-02 3.396091312382947675e-02 1.130839208046792964e-02 6.389296833771908324e-02 1.058715249403850006e-04 5.001684659801106103e-02 4.039718011829356026e-02 3.024571705537339693e-03 1.442669517929890018e-02 7.526951250724570053e-03 5.336152374303713281e-02 1.533880487150246497e-01 8.434940963989321361e-01 -1.152350631801465214e-01 -4.264512407717725995e-01 -1.720759568885801560e-01 5.504376744391065168e-01 -1.536816383047547308e-01 -2.572740948048531373e-01 -1.546513597983062149e-01
0.000000000000000000e+00 0.000000000000000000e+00 0.000000000000000000e+00 0.000000000000000000e+00 8.498919143250748248e-04 -1.479083370923517772e-03 4.622575695275476701e-04 -1.522442989562685853e-03 7.544341677035516606e-03 -1.607929244796585692e-03 -4.827052033343030672e-03 9.491698204573032578e-04 7.254291978039462737e-05 -3.531885456037858750e-03 -3.197848537565893372e-04 3.510168550398119584e-04 -4.160845142370740886e-03 8.897797915052714848e-03 2.902580091663241324e-03 -3.485713350197878601e-03 2.017346712999559290e-03 6.624268360091709919e-03 5.523093785356729055e-03 6.705790257771269925e-04 2.194304580433315346e-03 -1.236888509648571182e-03 1.962650554925633468e-03 2.484647038565647795e-02 7.045937680475319702e-03 1.079804511153002050e-03 -6.606296720242641786e-04 -1.582634371954404207e-03 4.218170966366266558e-04 -2.648403570544409589e-03 -2.263404301281107811e-03 2.423255210995180989e-03 6.541348449581936998e-04 5.711656337138873094e-03 -9.768420443786230735e-04 -9.743075052508059011e-03 -2.069240277207792279e-03 5.705170125565337501e-03 -8.124606658984831475e-05 -3.080957730082760793e-03 -4.090094193912709522e-04 1.269801662350329621e-03 -2.435470451891373080e-04 2.775138641028794192e-03 1.824165910497133189e-03 1.427690328880595839e-03 -3.612840685120769445e-04 1.042072165951968537e-03 0.000000000000000000e+00 0.000000000000000000e+00 0.000000000000000000e+00 0.000000000000000000e+00 -2.871274124577926148e-03 -8.146833799521977296e-03 3.042653968314949081e-02 -1.460165627448090607e-02 9.187874875342223746e-02 -1.326366561730320248e-02 -3.315399823762040475e-03 -1.006754697538307479e-02 6.939866841064838698e-03 -4.258640386210459615e-03 4.568893454352031952e-02 -2.305166889806634090e-02 -5.320601572422425235e-02 -1.826506207925907010e-02 1.039447878561035755e-03 -4.377860741121267565e-03 -8.114555965666669316e-04 -7.340745117567572947e-03 7.130197654609576885e-02 -2.015814550839798575e-02 -4.167955810880555508e-03 2.432934101223266365e-02 -4.951888208156609780e-03 -4.059172002986022668e-03 -4.832807887451789214e-02 -1.696105166497065969e-02 -8.743509730110995103e-05 -4.761072081004706288e-03 -5.471102641367887875e-04 -7.231354723874943227e-03 3.192243992986289886e-02 -2.105773139001804878e-02 2.577136700518665915e-03 1.920166512429768600e-03 3.559538754928592841e-02 -3.053408118737576185e-02 1.893790027039864068e-03 2.888005267849321975e-02 -6.503543281813632844e-03 3.001284294526848119e-03 9.373957492945320449e-03 -2.481953886332164631e-03 1.341222034212621005e-03 7.387624932702879094e-03 6.897936580867557177e-02 -3.214076830767151859e-03 -4.203118917401500731e-03 4.568680585291801446e-03 -8.878305894234750015e-03 4.259431551007379635e-03 7.948089316126577542e-02 -1.273871646023959532e-02 8.233995840758348561e-02 -3.075174443266674371e-02 -3.074231133660205659e-02 2.248226661563354489e-02 6.744343952798911856e-02 -1.302178269095812229e-03 1.769034145522082116e-02 -2.103340317644241189e-03 2.381321657525170554e-02 -2.990823381052820293e-02 2.435241573954371672e-02 -4.922686161129735324e-03 2.031696551887765198e-02 3.426396391118035050e-03 -2.800860451803996454e-02 1.049474286168304397e-02 4.645972514271430598e-02 -1.926407220280603946e-02 5.127344516549492241e-03 -1.406707240051725122e-03 -2.999254960735341785e-02 1.992352827450624697e-03 -1.406690503086816812e-01 -1.389894601010852049e-02 6.557248915118360499e-02 -1.582290057095352143e-02 -9.627008640896725367e-02 -2.577499507344268789e-02 5.703490598825219915e-02 -1.677308138200609214e-02
0.000000000000000000e+00 0.000000000000000000e+00 0.000000000000000000e+00 0.000000000000000000e+00 1.645042771984994148e-03 -1.217646295543087578e-04 1.150156744785494614e-03 3.394665729791407696e-04 2.042322754984827321e-02 -2.036694968185840011e-03 -6.497453968406732665e-03 1.340626424471313277e-03 9.308724413290150141e-04 -2.905556350838959558e-03 2.163917191222236407e-03 2.053074916096075953e-03 -7.801753792467724935e-03 1.458268807188810821e-02 7.058471612767764670e-03 -7.877447378878136425e-03 1.158505975492607693e-03 6.452581331032354074e-03 6.260063433489561693e-03 6.567094576897950300e-04 6.594359432029418475e-03 9.339119527654131652e-06 3.877065246569816499e-03 3.298538570576724227e-02 1.635011042451341157e-02 1.892986196280564215e-03 1.373609770500572444e-03 -4.822538022257178217e-03 1.434080793177178355e-03 -1.267149480699601618e-03 -3.408875548787376232e-03 1.186846129626580601e-03 9.883561497191430296e-04 7.467977264217513962e-03 -4.552987131339549139e-03 -1.018261398719854868e-02 -2.872804414150938439e-03 7.278056258899591631e-03 -2.296491290232664188e-04 -3.884544978658773570e-03 2.578676557637730928e-04 -5.535669261913343450e-03 -2.599334285597574038e-04 -2.638576503271808458e-03 4.065519268865303362e-03 -2.670806149308607323e-04 -7.722897839235827368e-04 2.572657812948656638e-03 0.000000000000000000e+00 0.000000000000000000e+00 0.000000000000000000e+00 0.000000000000000000e+00 -2.301969757760870608e-02 -1.363430614356488969e-02 8.484441856977487789e-03 1.578478989223494264e-02 -1.324844995608966125e-02 3.023961359710057237e-02 9.413565099811229200e-03 -2.726428963056729340e-03 9.541743013386679018e-03 -1.471452089150375279e-02 -4.189109122989580431e-04 -3.534193219676013201e-03 6.756442243932836260e-03 3.673983145252431026e-02 5.797122515393849165e-03 -3.475740943645200341e-03 -1.018892148484178660e-02 -1.580627507379425700e-02 -9.171962481057279598e-03 2.263044107158460397e-02 1.754044659261082750e-03 2.950747545391853646e-02 -9.283281518724890297e-03 8.041326193465248712e-03 1.076983462572740115e-02 3.205836961099011589e-02 -6.272495103450861920e-03 -9.547394086753913794e-03 1.205665247406441376e-02 -1.299316562925138460e-02 -2.839168882830488821e-03 9.814604665718830098e-03 4.269923976531350696e-03 2.051666681221358569e-03 1.475329310470683414e-02 8.556717677702984151e-03 -1.226190338878005437e-02 4.567928777666495355e-02 8.577222786730735044e-03 1.170591825701209482e-02 5.822472002747765968e-03 4.272930882553508010e-03 9.914377986971098858e-03 9.031729039082081814e-03 2.600812451271293860e-03 3.652739086770995930e-02 -7.299986099836860629e-03 6.536123477536400633e-03 4.825690778320875299e-03 -4.109963821604088047e-02 -2.054011038747875426e-02 5.774399957995037663e-02 3.029752257916055840e-03 4.735024524822991493e-02 -1.849298133308611633e-02 6.526472910731485888e-02 -1.302178269099643366e-03 9.903242131600717424e-02 -1.725332031464413621e-02 -5.536821707490763821e-03 -9.516054173460597801e-03 8.947748199599817043e-02 2.042382056024630646e-02 3.974227722813213765e-02 3.146628012824941728e-02 4.677845370235556716e-02 5.617017693008138912e-03 5.250459290207823426e-02 -1.623294166848377514e-03 1.477993364943541894e-02 8.420683769272333322e-03 8.106953694955947032e-03 5.034856353427256265e-02 1.070977310519714287e-01 5.672958397078122772e-01 -6.574260897551351124e-02 -3.337580277712847154e-01 -9.196665326978921418e-02 3.917150144883206897e-01 -7.572291080390636253e-02 -1.843324608969860445e-01 -8.916310601022142679e-02
0.000000000000000000e+00 0.000000000000000000e+00 0.000000000000000000e+00 0.000000000000000000e+00 1.979127476348709405e-03 -1.180708496197191426e-02 2.832254164763843389e-03 -8.085448618495041928e-03 8.601128400413177860e-03 -1.324205956613933900e-02 -1.295275329193300989e-02 -2.089074616553753157e-04 -1.587855440926484122e-03 -1.471430510866249611e-02 -6.726190484909837924e-03 -1.595619539798637243e-02 -1.755593497745172593e-02 2.972792655089812747e-02 1.374189010902191789e-02 -2.729691729638312678e-03 2.642491107522897988e-03 2.874138402038924067e-02 2.127648723151930737e-02 7.790913054003972306e-03 2.954749726669786414e-03 -1.056920474169531152e-02 1.037148233756331889e-02 3.950206491685748222e-02 2.388172522519117075e-02 -4.861054778553912381e-03 -2.986666438873412238e-03 -1.278101590649633953e-02 1.643054583371497072e-04 -2.060228096835686404e-02 -1.006427224809926593e-02 5.562466126725594713e-03 -5.752954362114111493e-04 3.384808476019573326e-02 -2.043621055998791347e-03 -1.845708882695321074e-02 -1.216302071436077548e-02 1.735016442303579515e-02 -4.842580365425103346e-03 -1.050377863261099318e-02 2.078369726353597111e-03 -5.832192977072742958e-03 -1.589231610927641352e-03 7.185684535221379711e-04 -2.485077615552554707e-03 -9.485284128253820835e-03 -1.042622469480341965e-03 -8.080820999150218134e-03 0.000000000000000000e+00 0.000000000000000000e+00 0.000000000000000000e+00 0.000000000000000000e+00 1.282015357092668173e-01 -8.586726907750635851e-02 1.317194556921033599e-01 -1.340491345796735595e-02 5.714764014179818385e-01 -7.426792564839707067e-02 -6.809871816353296921e-04 -2.023021855157580706e-02 2.453591743684556056e-02 -9.621378375139391648e-03 3.589218221732847769e-01 -8.589436105464705318e-02 -3.054513198597441637e-01 -4.600509876193307340e-02 5.089221673657763796e-04 4.446347241403670290e-03 2.114067836662367195e-02 -3.398261419977513520e-02 4.553631375662520187e-01 -6.926939503032666923e-02 -2.214100142517717515e-02 8.250302179926755075e-03 9.859516546100732803e-04 -9.274326837331745010e-03 -2.686032908947414422e-01 -4.439653282153602915e-02 -5.415527341285770319e-03 4.568052070260220782e-03 -1.890472866952343928e-02 -2.549119709130193839e-02 1.956951672872316583e-01 -8.306013394408992556e-02 3.753113935092910851e-03 1.543400430921829580e-03 2.720623895684903260e-01 -9.108510183432237672e-02 -3.807169992751479465e-02 -1.220166290394274558e-03 -1.817721867288524598e-02 5.720032481905538979e-02 2.953638790076314191e-02 7.227629661061331368e-02 3.624793206220709024e-02 1.349272953750445536e-01 3.516357633085631096e-01 4.330159431404363019e-02 -2.552114527101412983e-02 6.506322699563087293e-03 2.460922294526655396e-01 -3.485452921644400376e-02 2.106951439981026922e-02 -2.558183638346928079e-02 4.883357384067965601e-02 -4.068594493998749229e-02 -2.745299074100424758e-02 4.458515673691440528e-02 1.769034145517660653e-02 -1.725332031461050339e-02 5.849518958360869769e-01 -7.022264878583571457e-02 -1.427445297322685325e-02 3.154081970757600592e-03 -4.926576997480579256e-03 2.176700444498406301e-02 -2.312248427993581629e-02 4.624093027976607789e-02 2.267968693987736789e-02 2.744052473797379231e-03 2.837991229752528932e-01 -8.283050771536773493e-02 1.757615942188345617e-02 3.806533990643302598e-03 3.718379625382242648e-02 1.668327968950764628e-01 1.885979539203735733e+00 -2.148866364664275830e-01 -7.292110160608422653e-01 -2.938611194791843628e-01 1.129003193693080664e+00 -2.741579384096172745e-01 -5.171592854075803825e-01 -2.778629235274309717e-01
0.000000000000000000e+00 0.000000000000000000e+00 0.000000000000000000e+00 0.000000000000000000e+00 2.009025585278197872e-04 -3.377035295145892988e-03 -3.634851933309461215e-04 -5.796820375191880440e-03 -8.828898025116296150e-04 -2.525034787798930910e-03 1.923397410342619343e-03 -3.658854235303028377e-03 -4.872012535734345884e-04 -3.581994915427684847e-03 -1.434458891761619410e-03 -5.540763676033047015e-03 -2.299292024541561147e-03 -2.353396023657692779e-03 4.269185021931820936e-03 3.300370807580707555e-03 1.070347261046446317e-03 2.090870322664204264e-03 3.349573411181867421e-04 4.285267133402006936e-04 -5.061417624277224012e-04 -1.696903569177119321e-03 -3.887802875872340032e-04 -2.245612277162202519e-02 3.078344804210847441e-03 -1.280933955736034309e-03 1.894561242123280961e-04 -4.550085110534761402e-04 -7.926272202536871004e-04 -3.610078300263028055e-03 2.944536264230339633e-03 -1.665144192957049556e-03 -1.671537992521594925e-03 4.341403406850662290e-03 2.760725179918425108e-03 4.629254133272592796e-03 -7.314842683162283039e-03 -7.931203934519609217e-04 9.535330963535192453e-04 6.462265243552158932e-04 3.044506423593117822e-03 -7.464180145476660179e-03 2.141613134529102595e-04 -9.027789669550924725e-03 -3.673487870245998547e-03 -3.945125892269410114e-03 1.347834422281355673e-04 -2.604631604410558975e-03 0.000000000000000000e+00 0.000000000000000000e+00 0.000000000000000000e+00 0.000000000000000000e+00 -7.332192137405105919e-03 3.249714350315432987e-02 -2.756943330411494933e-02 5.896026791699143788e-02 -1.136858355756718564e-01 8.416621254274042618e-02 1.031373242166098297e-03 2.510986727121688588e-03 -3.672497041891569576e-04 9.146200625551735575e-03 -5.809654958345584347e-02 8.832429632991375956e-02 4.745154342569580380e-02 9.295762797685301615e-02 -8.156614105938170527e-04 3.126581454479287342e-03 -1.297571092000497639e-02 2.489988073968224178e-04 -8.594118231760387860e-02 9.456387446256961371e-02 2.221424302906859806e-03 -2.412938466960553446e-02 -1.749579497405649459e-03 -2.648630311022156722e-03 4.287941180229281474e-02 9.286974886552158692e-02 1.328523014170074042e-03 1.100570769194821920e-03 1.535717247289257979e-02 -1.959536113365359638e-03 -3.508401308801010338e-02 1.000163168485933840e-01 1.135960594563231642e-03 2.474852276446157023e-04 -4.621659835781551096e-02 9.055473394544562293e-02 5.852661942451337779e-03 -1.551338013076335696e-02 6.417721103187883080e-03 -2.527926431590328798e-03 -1.132749011028118431e-02 -1.007503492669865539e-02 3.021744315618356356e-03 -8.226610655574468495e-03 -8.725791505785028546e-02 9.398468914005926600e-02 -3.256178877226436653e-03 -8.462594488580093416e-03 -4.326474327496381694e-02 9.225872315983636718e-02 -5.339283575667167804e-03 -1.135856657664964867e-02 -1.402709031583300285e-02 -3.410316562177180284e-03 6.492294087951376233e-03 1.526101543942857963e-03 -2.103340317642168195e-03 -5.536821707497456384e-03 -7.022264878585435244e-02 1.024464883170288082e-01 -1.523693107882300758e-02 1.038950671478917898e-03 -1.229097354690865396e-02 -1.966737335840585549e-02 -1.348639858153030321e-02 -1.504756898819572218e-02 1.153927827448194242e-02 -3.904549765021875056e-03 -5.146818405783339101e-02 8.641108543698687583e-02 9.255058518042183838e-04 6.462222861103526263e-03 6.537748471989650312e-02 7.921925505015940325e-03 5.470609015259758623e-01 8.089196965581048338e-02 -2.318358233205363439e-01 6.146859487350510298e-02 3.576201235232791542e-01 7.717707685224216296e-02 -1.612720280960029673e-01 8.912155780687694429e-02
0.000000000000000000e+00 0.000000000000000000e+00 0.000000000000000000e+00 0.000000000000000000e+00 -3.941069400838226062e-05 -5.293090838940843305e-04 -3.565761574013112190e-04 -4.385435441921974736e-03 -1.370300275354652784e-03 1.100268497149433332e-03 1.085553498718025162e-03 -3.344827867097918944e-03 -4.718150382879398707e-05 -6.369894996799299429e-04 -2.487016301465033805e-04 -1.193248411778306817e-03 3.312248559357934378e-03 -3.879449906187668398e-03 -1.032477074447506497e-03 2.654060831932078535e-03 1.201658418759777702e-04 -2.317399953539776153e-03 -1.717356354805285590e-03 1.210904501449965812e-03 -9.283809189742568517e-04 1.262992738296427574e-03 -9.453049713396869617e-04 -1.719038924267631344e-02 -3.446121407826878077e-04 2.047489321123523165e-03 -4.578222535480760708e-04 2.508227408158915112e-03 -2.245801726300202450e-04 1.806073888175962301e-04 1.109684435596651952e-03 1.583833467371769527e-03 -7.995105184292706710e-05 -1.793453891861584342e-03 2.489354346176695862e-03 9.342191030026819262e-04 -2.511506848329127153e-04 -2.054490542318861655e-03 -3.497748941949225827e-03 4.089913175098510052e-03 4.030560451388017656e-04 -3.136529600361285738e-03 1.746736536603387627e-03 -2.326718879284741127e-03 -8.947229954849164266e-05 -2.914573199517260516e-03 -5.047026676233324792e-05 -1.589719225210176751e-03 0.000000000000000000e+00 0.000000000000000000e+00 0.000000000000000000e+00 0.000000000000000000e+00 5.449804571483697971e-03 -2.480229186272844616e-04 2.623914282669590620e-02 -1.340306179255951365e-02 6.637725991350688914e-02 -1.805119244967721276e-02 -7.561709853135928881e-03 4.603394325320338612e-03 -6.597452897556077382e-03 3.424608731370124611e-03 2.967606858815804646e-02 -1.137627914335122975e-02 -4.013721950703588726e-02 -3.633148730004358284e-02 -1.024703339906849918e-03 6.125096157163255513e-03 -1.503810638597932628e-04 1.164433216486153617e-02 5.797511624954098525e-02 -3.006685986335554811e-02 -4.541032215669823439e-04 -4.914361654611244454e-03 4.213973155356882938e-03 7.772315998943603310e-03 -3.924257371942886652e-02 -3.901202252190165420e-02 4.209549321453706465e-03 1.143366276030426641e-02 -4.170297180593450677e-03 1.279151305969022413e-02 2.209773465459466749e-02 -2.306790051347769321e-02 -8.325555451930686558e-04 -1.560665282795797556e-04 3.523723999092102759e-03 -2.060509448964798970e-02 2.516580864566307640e-02 1.626769594903324651e-02 -1.027476590300768419e-02 -7.227665084043162491e-03 -2.404979824674461329e-03 -1.076529952530599910e-02 -2.431809465249059818e-02 -2.648482856196449770e-02 3.479597198195621965e-02 -1.953389813893039589e-02 -4.504678432448335195e-04 -6.138323904208930169e-03 -1.426666796848834792e-03 -3.847831082627079999e-03 3.602217406146731443e-02 4.178504480423639658e-03 3.862119558848765150e-02 -8.211107105032021750e-03 -6.448433669525473200e-03 -1.535330710500174348e-02 2.381321657526223531e-02 -9.516054173456009457e-03 -1.427445297319388309e-02 -1.523693107882577447e-02 4.985505645483002263e-02 -1.829636608656287980e-02 1.780978596388967453e-02 -6.040565612282894001e-03 5.621025631106463076e-03 -1.627772518007210983e-02 -2.076227154629697175e-02 -1.178378730693733015e-02 3.020986201587562425e-02 -1.771984682674852471e-02 1.342488391079163816e-03 -2.481543794658033503e-03 -6.483547038358725145e-02 -3.962462735419990112e-02 -6.220741152191996415e-01 1.651916436351149459e-02 3.044111976609706338e-01 3.032730076933427138e-02 -4.394724017418826234e-01 1.379747080906730018e-02 1.947959020176575906e-01 1.962820825217114276e-02
0.000000000000000000e+00 0.000000000000000000e+00 0.000000000000000000e+00 0.000000000000000000e+00 2.085863636646425549e-03 -1.396427336129379320e-03 1.250385037826618915e-03 1.090625159427826597e-02 2.843947248151904722e-02 -4.476756951431822354e-03 -1.244030725370810254e-02 6.062126505626614509e-03 9.091109715378464578e-04 -5.940951028323465839e-03 1.220447702820043855e-03 3.066114008852042355e-03 -1.473341602223637511e-02 2.866236711763686315e-02 1.475691457281024313e-02 -1.357907551569929004e-02 1.144154048570100507e-03 1.689478019379010362e-02 1.099613939289422956e-02 1.532317813649075253e-03 8.683319337976124624e-03 -1.501771140715284962e-03 7.043440051780319386e-03 6.945414055746161608e-02 2.204563110025811387e-02 1.836789693714924610e-03 1.701481944246204144e-03 -1.185170926477179497e-02 1.891381271518512673e-03 -4.228945541840447957e-03 -7.292257397367059302e-03 6.686891644512253825e-03 2.634680338177636423e-03 1.629690516261314212e-02 -5.844011604409024216e-03 -1.599665840849788523e-02 -4.246065244252065010e-03 1.592843661900833138e-02 1.000374490280063131e-03 -6.749085366791858324e-03 -4.235872180911060556e-04 -1.252886765977241981e-02 1.721105163044694508e-04 -9.082550172627863391e-03 4.916620023643839509e-03 -1.349799147059978829e-03 -8.450937221632166992e-04 5.057687991269817045e-03 0.000000000000000000e+00 0.000000000000000000e+00 0.000000000000000000e+00 0.000000000000000000e+00 -1.025613097141980269e-02 -2.661848697979669540e-02 -7.531449690193004268e-04 5.270852078849799782e-02 -2.818453330759621012e-02 5.724702695734912306e-02 1.006758121693233400e-02 -4.410534768083253926e-03 1.598566763311733488e-02 -1.612653522938009565e-02 -1.497373050607003157e-03 2.384448473865207613e-02 1.288897651161413811e-02 8.282620939604314059e-02 5.809960113404487488e-03 -5.078518199169088088e-04 -1.326033972888774302e-02 -2.242354872744870345e-02 -2.240872810110739605e-02 5.831025128595761220e-02 5.159028122977338997e-04 1.730909870256684691e-02 -1.701942276783806329e-02 4.346193092784607186e-04 1.727711318280701625e-02 7.625841961571401539e-02 -6.949917497628473918e-03 -8.473442088837499289e-03 1.754646636345351743e-02 -1.583423705138674656e-02 -8.559823037320189731e-03 3.937079908423622709e-02 6.710761805390170337e-03 3.875503294122125721e-03 1.765841391010765718e-02 3.872196875804160415e-02 -1.501478451994441368e-02 6.412499906341706524e-02 9.397276458134370264e-03 3.656388300258409801e-02 3.009454588188558571e-03 1.560127714007597879e-02 2.972867937350698320e-02 1.733758454430090259e-02 -1.174920635185948067e-02 8.579460135266911425e-02 -1.079891748095355986e-02 1.593974037820156120e-02 3.118376552027812484e-02 -3.356487929630494471e-02 -8.787044673143387663e-02 6.281817704313175099e-02 -3.947479519746396881e-02 7.926942385419918913e-02 -8.151432520605116430e-03 5.885912329652544239e-02 -2.990823381052595820e-02 8.947748199598674901e-02 3.154081970692750557e-03 1.038950671496250387e-03 -1.829636608656965910e-02 1.928457384018880949e-01 1.533348150503264715e-02 7.371532006897316136e-02 3.347344182638606336e-02 6.665869739312167697e-02 1.050806273011047412e-02 7.942497690581672154e-02 -9.866446373433545441e-03 3.979911555811426610e-02 1.227341770574687588e-02 1.792395989468025669e-02 1.093336671962759771e-01 1.595952101394865763e-01 1.294653833739499493e+00 -7.343759325181800635e-02 -6.476583585144483068e-01 -1.296503940988200099e-01 8.397460604762153613e-01 -9.672195063549343663e-02 -3.811201253866057792e-01 -1.009611513671174743e-01
0.000000000000000000e+00 0.000000000000000000e+00 0.000000000000000000e+00 0.000000000000000000e+00 1.303643496718585263e-03 -9.151630837007194031e-04 6.369273447772346710e-04 1.291160073316724183e-03 1.581624440156339378e-02 -1.449922224733538392e-03 -6.997793118942490821e-03 1.635627282559321818e-03 5.007468306078873129e-04 -3.766951582120839533e-03 6.498151601200701823e-04 1.599168180697089440e-03 -8.022806300253853412e-03 1.524139981962432423e-02 6.677601040030296808e-03 -6.248052863650445030e-03 1.618389254431373998e-03 9.531979583939430983e-03 7.910428878197119790e-03 1.780171542475371361e-03 4.811977363929349598e-03 -2.976666955881431074e-04 3.373485462244298246e-03 3.726857384781349924e-02 1.259443199689500720e-02 2.582806525259797020e-03 4.025905688412351625e-04 -3.171642803916708067e-03 1.529234800788429466e-03 -1.857258070740795903e-03 -7.449044712773888674e-03 3.822721408237236395e-03 1.676439330889578812e-03 6.791334442246515883e-03 -3.284843252239258958e-03 -1.065158523943151962e-02 1.234907214508165719e-03 6.886274204219649392e-03 -2.951878295066307986e-03 -2.488085070319508586e-03 -7.873146481531510549e-04 -1.658566239709594395e-03 8.317094075526702433e-04 -2.657595888540705865e-03 4.119120882973883666e-03 4.157773707977375534e-04 -7.380960007439530107e-04 4.008363395492970001e-04 0.000000000000000000e+00 0.000000000000000000e+00 0.000000000000000000e+00 0.000000000000000000e+00 -1.261580391607737897e-02 -1.337072633579919519e-02 3.143704531559298604e-02 -6.525413201064126159e-03 5.377156587878312299e-02 -3.212073107131748970e-03 9.932710430459092826e-04 -6.221430417353138176e-03 8.501179672767920567e-03 -7.852309646004166852e-03 3.771417821647456148e-02 -2.095817864397300084e-02 -3.657636582406479514e-02 -1.183185986417139082e-02 3.721809356290286738e-03 1.926834568266227142e-03 -6.890127078920533533e-03 -7.866803791055622386e-03 4.697801268860412466e-02 -1.760344292342542333e-02 -7.288519641958626696e-04 3.373541894897635895e-02 -7.906832030862053287e-03 3.012075661571010556e-03 -3.246854991859561557e-02 -1.574931161346519726e-02 -2.087246825566402633e-03 1.384024161690145405e-03 5.146350750814881678e-03 -4.460767046564621113e-03 1.998403677309972329e-02 -2.239669415129628277e-02 4.303421938562916604e-03 2.688432258168295917e-03 1.605135675228389763e-02 -2.172267083057085116e-02 1.394431882490528019e-02 3.883430950287371924e-02 -6.265459825271638486e-04 7.803617296014047147e-04 8.874879764561765041e-03 -8.731303623155894228e-03 -6.365852942932286040e-03 -1.004241284091251726e-02 4.912222922402808417e-02 4.632854512030271099e-04 -5.940821588893205676e-03 6.871513335700818806e-03 2.653299358266688474e-03 -2.015628400065066356e-02 3.956863424082111141e-02 1.013228332357971051e-02 4.430300353237343752e-02 -1.227113040600265065e-03 -1.288578254027924683e-02 2.457131674973345170e-02 2.435241573953982053e-02 2.042382056024893630e-02 -4.926576997444398129e-03 -1.229097354691449651e-02 1.780978596387881516e-02 1.533348150503708457e-02 3.588268065507564664e-02 1.185634157827785383e-02 2.198303165234775230e-02 8.692993794029739082e-03 -2.145666485906783799e-02 1.409899606871855768e-02 2.990114478569907280e-02 -1.367631247754607510e-02 7.410223812316135000e-03 3.698800696410099644e-03 -1.121629521629593715e-02 2.979162521977518283e-02 1.014767153170834102e-02 -3.055593932061120843e-02 -5.083973318159122623e-02 -3.677410771315899052e-02 3.287661229602389934e-03 -4.220338676006009371e-02 -1.045754085944410050e-02 -3.858758866121719810e-02
0.000000000000000000e+00 0.000000000000000000e+00 0.000000000000000000e+00 0.000000000000000000e+00 1.076221061201416149e-03 -7.822811012673238588e-04 8.279809769717621408e-04 2.076304507975154298e-03 1.247402575376541957e-02 -2.357735238775477814e-03 -5.761911301465377604e-03 2.264106988193383563e-03 3.781113844192333560e-04 -2.947419265257349673e-03 6.163127982933406558e-04 -2.322509075650969483e-04 -6.837311580920196058e-03 1.576232146896620195e-02 4.976713921059940787e-03 -4.882209297038839040e-03 1.408765951274103083e-03 8.211421216071584234e-03 5.952085171846121722e-03 1.610498722482096206e-03 4.149910151627900050e-03 -1.263286805123495617e-03 3.587292334352745315e-03 3.152150514629748629e-02 1.135058435622045628e-02 5.403521001005556854e-04 6.489057721650243801e-04 -5.247429308473304695e-03 1.125438768114768060e-03 -4.147651509108188361e-03 -3.942289555857405106e-03 2.817804013886955963e-03 1.006919971093185899e-03 7.082319970614365037e-03 -4.040144828204984481e-03 -7.459122259039963412e-03 -8.613287793582096591e-04 7.372584045099891438e-03 -1.084596326660791686e-03 -3.251750095220218295e-03 -6.715725620829350736e-05 -7.149007456169479552e-03 5.539108133195019303e-04 -2.179675838814555851e-03 2.849042376407373567e-03 -1.693912654879608549e-03 -5.611130601047041111e-04 -1.050333059902320816e-03 0.000000000000000000e+00 0.000000000000000000e+00 0.000000000000000000e+00 0.000000000000000000e+00 -2.797182613964944043e-03 -1.793322972665733345e-02 8.338969555445349333e-03 1.311518898087867153e-02 1.816442032596048486e-02 1.239337881536872049e-02 2.254470619129253679e-03 -3.765256132624285497e-03 9.166698271034294868e-03 -1.173607747455748980e-02 1.639783375076738978e-02 -8.993956810827712263e-04 -8.808715617463143063e-03 2.398402664422703140e-02 4.016034634225330163e-03 -1.900657321651949908e-03 -4.846937252931264421e-03 -1.558636140243479205e-02 1.125104079802687757e-02 1.063561243952846139e-02 -8.021254795282894675e-04 1.344431860629580720e-02 -8.222133231774234746e-03 -1.011065466225015072e-02 -4.712046493768667563e-03 2.169649470558378257e-02 -4.063411086687203702e-03 -5.832837692237874232e-03 5.250144531015488517e-03 -1.286034197526508827e-02 6.640626741236273049e-03 4.335885558804246191e-03 2.683498084921211429e-03 1.498893676595863160e-03 2.558101690471836775e-02 5.176180050642603886e-04 -9.317270749612499570e-03 2.592129170690331968e-02 2.567128800496948360e-03 9.965413252745611988e-03 3.132866392450420895e-03 1.256736730068887253e-02 2.224420444498450763e-02 1.316321196099862548e-02 1.794583193855925352e-02 2.585968813830379423e-02 -6.247167914283221699e-03 6.870035904206421573e-03 2.176855773827501839e-02 -3.088863282323455958e-02 -2.312863678494063088e-02 3.009004093590965725e-02 1.340333777421516895e-03 3.814061044983413362e-02 -5.573076106940578513e-03 3.396091312381663285e-02 -4.922686161136820802e-03 3.974227722813335195e-02 2.176700444496289244e-02 -1.966737335840561957e-02 -6.040565612286240282e-03 7.371532006898179334e-02 1.185634157826924440e-02 5.587365254607682546e-02 1.885896922084340926e-02 4.052095352179052590e-02 -2.213102830932441121e-03 4.537698819109475812e-02 1.029880717364051526e-02 4.598082769859053107e-03 5.823862102495994293e-03 5.870332882025848867e-03 3.171146708010679632e-02 7.669198128391920000e-02 4.418422696954897866e-01 -5.505092162161830116e-02 -2.164873828671533829e-01 -6.017635546435779609e-02 2.823376668812936918e-01 -6.184467804768526561e-02 -1.229467612492171347e-01 -6.803413006102214389e-02
0.000000000000000000e+00 0.000000000000000000e+00 0.000000000000000000e+00 0.000000000000000000e+00 1.326381419593402949e-03 -1.434710449796126625e-03 8.524676684919306295e-04 6.740310966847420926e-04 1.518028237278471956e-02 -2.910179777008259534e-03 -7.038950465141658244e-03 3.229514313716643978e-03 5.514488215029622912e-04 -4.369744211353812115e-03 1.277015137843204784e-03 1.313583469227263927e-03 -6.686373879582990440e-03 1.401548127292547540e-02 4.438032652930017953e-03 -7.337019197515779086e-03 -3.219989340964792999e-04 9.453580199883392446e-03 6.179935976612167120e-03 1.248181362691120093e-03 5.077876857605983021e-03 -1.953754814667390659e-03 3.870329491325639505e-03 3.940923864119397213e-02 1.297880444296902781e-02 6.216625785249319924e-04 5.791934782300009379e-04 -4.275854392290283530e-03 1.260698817342719748e-03 -3.341395104558723701e-03 -6.456744142137219034e-03 4.310315911002289557e-03 1.227146668451641184e-03 9.119570383195076818e-03 -2.895337465783318597e-03 -1.318531509573880184e-02 -3.339861979830434629e-04 8.630625632842182579e-03 -1.925193894458596122e-04 -4.742517742894435118e-03 -1.029802856800399961e-03 -2.615924039187516453e-03 1.334366048893668544e-04 4.066279715042704851e-04 3.047909915326710815e-03 5.400181826617834503e-04 -6.043412516528675910e-04 2.719407437173588203e-03 0.000000000000000000e+00 0.000000000000000000e+00 0.000000000000000000e+00 0.000000000000000000e+00 -1.004105744580995746e-02 -1.234004046525976478e-02 3.185931749650061130e-03 -7.517498447619693977e-03 1.583211667101336664e-02 5.080172730020464638e-04 3.658074309716871815e-03 -5.852266261175764241e-03 6.465752140825940276e-03 -1.293957293579497958e-02 1.097592139186431143e-02 -1.845600053710760857e-02 -7.494053416461200247e-03 3.551578085369406970e-03 1.776790341576233541e-03 -6.306424204910969847e-03 -5.003492346603159377e-03 -5.858357647775131079e-03 1.387211217247768559e-02 -4.248190942084108419e-03 -1.140258833633539049e-03 6.197960798800463897e-03 -4.678456031114741967e-03 -1.756281024789212945e-03 -4.867348660283396175e-03 3.539526288302923505e-03 -3.842957625872476819e-03 -7.817065062933501937e-03 7.642265219132923261e-03 -6.779369946918577770e-03 6.552309483336073506e-03 -8.396208610425826696e-03 3.516120853941285922e-03 2.066319548707636240e-03 1.546370259323505587e-02 -1.870910475459944614e-02 -7.391053205677837468e-03 4.402483447810683070e-02 1.998039445401310951e-03 8.997572853047884622e-03 1.095201606814672976e-02 1.407918513447973911e-02 8.974557168432217152e-03 1.952174703630332048e-02 2.215506673289386469e-02 1.925138006724854030e-03 -5.915046489604062346e-03 8.067397109211088546e-03 -7.903094834502838190e-04 -2.883112729519062348e-02 1.709608595187419797e-02 2.247700974232967608e-02 2.059239037539756234e-02 1.393297099962488052e-02 -2.048984004867577050e-02 1.130839208046952732e-02 2.031696551888840380e-02 3.146628012824167347e-02 -2.312248427995878056e-02 -1.348639858152097734e-02 5.621025631106829103e-03 3.347344182638228166e-02 2.198303165235106910e-02 1.885896922083759100e-02 4.497783138513177653e-02 1.450007144868685656e-02 -2.179836707566098347e-02 3.181423786806503867e-02 9.833606145164316276e-03 -1.011670779630681645e-02 4.108949431007306863e-03 2.434194614401911493e-03 6.095004148174789499e-03 8.101265761024835019e-03 1.161144254414098187e-01 -2.594525103861666099e-03 -1.024574127251540873e-01 -3.199504462390883978e-03 1.109749966520075654e-01 9.370945688718362171e-04 -3.189150213620740859e-02 -1.283072778848207834e-03
0.000000000000000000e+00 0.000000000000000000e+00 0.000000000000000000e+00 0.000000000000000000e+00 1.317091335475966503e-03 -2.039099308502614893e-03 1.213638398653341848e-03 7.030439878591841080e-03 1.766367400353062445e-02 -4.323760160291905894e-03 -1.078084612473111797e-02 7.690365638350699778e-03 3.384244904530498473e-04 -5.754445402900288178e-03 -2.148626996020259593e-04 1.908726245561517213e-03 -1.433073642286434267e-02 2.559616002058839185e-02 9.861696934111931559e-03 -1.102329462708388080e-02 7.835692635152964082e-04 1.471140451706797608e-02 1.226645671404955930e-02 1.645013615507731283e-04 5.571887867585030921e-03 -3.345986712418915539e-03 6.230947565071135417e-03 6.636917905445598176e-02 1.356044812029851519e-02 1.194817701073990239e-05 8.659130111183239824e-04 -8.656720098701723570e-03 1.349528398391059737e-03 -5.022231224885283403e-03 -6.897750794626869748e-03 3.185988694223040874e-03 1.834034369241801642e-03 1.276838315636630306e-02 -6.286445946665909605e-03 -1.579141397321612988e-02 -2.164057902050578810e-03 1.360209007083458890e-02 3.592755755067871502e-03 -1.072134439766106104e-02 -1.049066689676128898e-03 6.467427139242736033e-04 -7.118688540501184360e-04 -7.531611300123955107e-04 2.729283545622904813e-03 2.645311672366109854e-03 -4.823129946150127864e-04 2.544010544300850680e-03 0.000000000000000000e+00 0.000000000000000000e+00 0.000000000000000000e+00 0.000000000000000000e+00 -7.106438457851249613e-03 -1.619949105686664323e-02 1.860247499285180850e-02 1.375889244926468968e-02 2.792112382892097261e-02 1.535050820593414876e-02 5.789335547250282904e-03 -1.282842014298755592e-02 1.610649385431024705e-02 -7.662886448579232616e-03 1.653954697379799929e-02 -1.016580409121155444e-02 -1.422698142717477438e-02 3.097914215808810282e-02 5.161739480655965807e-03 -2.773419610576603224e-03 -5.542609526722747440e-03 -2.896853877758201815e-02 1.288268322369274556e-02 1.260059627029396813e-02 -1.465213324653794882e-03 5.086051465857387155e-02 -1.403279519751094231e-02 -3.471290666698378935e-03 -8.039311147214144027e-03 2.919188963501391162e-02 -5.875862407243134106e-03 -9.265770684549859068e-03 7.267868103639918941e-03 -2.531407857567966740e-02 7.883510325617806846e-03 -9.683934507310853861e-04 5.190184880969319660e-03 4.219640139328901043e-03 2.876317781110659944e-02 -3.007698903336501577e-03 -1.014635196086769234e-02 2.558896259023700492e-02 4.983211255273975980e-03 1.206771288774257170e-02 1.351656785435065202e-03 1.248394099475073730e-02 2.058875042024555652e-02 1.082099812994431060e-02 3.225593265174932917e-02 2.728387582092058755e-02 -7.668933605490492120e-03 1.624601251097696972e-02 2.057383292345476775e-02 -2.493126794007339761e-02 -1.624875174281992934e-02 1.898090165243445163e-02 9.459174902117586242e-03 2.010250589842471972e-02 -2.629664987857406599e-02 6.389296833772113715e-02 3.426396391105030262e-03 4.677845370236353301e-02 4.624093027980070297e-02 -1.504756898820021685e-02 -1.627772518008711866e-02 6.665869739313201592e-02 8.692993794018919612e-03 4.052095352179996279e-02 1.450007144868554164e-02 7.251871642565704823e-02 1.078826940794752262e-02 4.613806394327533283e-02 1.735894252664481330e-02 3.727080409901266378e-03 5.093511915678292090e-03 6.940316080411573427e-03 4.328360128846522881e-02 1.067852897292756176e-01 5.919259249658219701e-01 -8.017893255323352286e-02 -3.008911754335403810e-01 -1.070167594930034605e-01 3.567922591642377350e-01 -9.251851857362032583e-02 -1.816779459294681487e-01 -1.083816200401772900e-01
0.000000000000000000e+00 0.000000000000000000e+00 0.000000000000000000e+00 0.000000000000000000e+00 -2.549245279826877495e-04 -8.805604630313704738e-04 -2.374583764015831492e-04 5.922254111498687513e-04 -3.360213441742466306e-03 -7.053307451578476415e-04 1.160154852895721542e-03 1.113149026980936275e-03 -2.688053813673533317e-04 -3.599094207882779731e-04 -1.004314337758169598e-03 -1.003374318126499989e-03 -1.164157899814409697e-03 -9.717852686043121531e-04 1.779703920611498159e-03 3.318905343820720624e-04 -1.785080807669170997e-04 -1.977767772771840075e-04 2.145777196401247016e-04 -8.409950084082621312e-04 -1.364865206896295931e-03 -8.343509261649241374e-04 -3.422440001784347527e-04 -4.274008017459233859e-03 -3.632447211003977331e-03 -1.355612150088993714e-03 3.677116020178996733e-04 -9.981025735690369442e-04 -5.638634208069419774e-04 -2.666033238913202534e-04 2.751513304518842570e-03 -1.040710963292662029e-03 1.329167024716499269e-04 -1.548945538526030874e-04 1.123277646327964672e-03 4.631680527353541910e-04 -2.209286912497806024e-03 1.567210138765913561e-04 2.081900812778149281e-03 -1.461953764949112944e-03 4.302563900330670502e-04 -1.281510059298312382e-04 -8.686033543801624946e-05 -2.459129774468948176e-03 -2.009907417769432342e-03 1.590318887561405301e-04 2.894580444635627475e-04 1.156922852457167254e-05 0.000000000000000000e+00 0.000000000000000000e+00 0.000000000000000000e+00 0.000000000000000000e+00 4.740502706606085012e-03 3.389284896076055591e-03 -1.349986483779640201e-02 1.454943559399511296e-02 -4.270826446129546289e-02 1.403296390130110219e-02 3.371645725065736988e-03 5.659782596760460412e-04 -1.149540003696742241e-03 5.207380194558375655e-03 -2.239404373207585022e-02 1.675151621833101748e-02 2.630609055948083044e-02 2.168556916401622597e-02 -7.443893239120517261e-05 -5.249203346885870751e-04 5.443283296830520816e-04 -5.493969690230641328e-03 -3.508726128449839166e-02 2.039520252508392889e-02 1.169499551700330147e-04 2.404081960097873352e-03 5.386449499533692373e-04 1.090397158777241249e-03 2.520268131860949057e-02 2.175962446745100670e-02 -4.212493088620915065e-04 -1.953633859383063602e-03 3.488247917537401726e-04 -5.644515083932339500e-03 -1.558125968200495086e-02 1.783589057890105911e-02 -2.041727131459462365e-04 1.523030513345008949e-04 -1.014942134508153501e-02 2.104759830263901871e-02 -6.067299789874444453e-03 -1.202019613771879852e-02 2.998159441232700357e-03 3.944219251911853033e-03 -5.276166359722334921e-03 4.773671200214057303e-03 2.467693059105342986e-04 -5.244162698162553940e-03 -3.035319089630468883e-02 1.234030794144940629e-02 1.625320578854313851e-03 -7.045842640477947665e-04 3.928273563355590831e-03 1.375158925077723387e-02 -3.905007067386899455e-02 -2.620389062519047976e-03 -3.374203454792810974e-02 4.007270467193179385e-03 6.935694124312298363e-03 1.058715249364333005e-04 -2.800860451804602913e-02 5.617017693010564056e-03 2.267968693986698731e-02 1.153927827447784847e-02 -2.076227154629602112e-02 1.050806273010949921e-02 -2.145666485907051640e-02 -2.213102830931885576e-03 -2.179836707565944304e-02 1.078826940794257866e-02 3.617727057670846319e-02 -6.257815715115295011e-03 -2.011063308390060450e-02 1.673370646737780063e-02 -3.499506653651948858e-03 2.291772848830160754e-03 3.203012512928025968e-02 2.560170371732634065e-02 2.826980064651295477e-01 -1.125345579654709292e-02 -1.129525738176851701e-01 -1.670021402234606392e-02 1.666501725746465379e-01 -8.792254007874571869e-03 -9.251874915161759083e-02 -2.840118287031953570e-02
0.000000000000000000e+00 0.000000000000000000e+00 0.000000000000000000e+00 0.000000000000000000e+00 1.519490722594828884e-03 -1.287818426629222654e-03 1.243028153658329304e-03 5.363524609867663037e-03 1.830904896074073834e-02 -3.679631902930972226e-03 -8.986176994156776232e-03 4.667203505405723325e-03 5.243836544175193171e-04 -4.614465553842997392e-03 6.569670104236846478e-04 9.710607952813600161e-04 -1.035236274363946114e-02 2.118663664448885639e-02 8.298172709780667761e-03 -8.739824117774389403e-03 1.558600283037650655e-03 1.323616600069423520e-02 9.033755347128335708e-03 1.527003918061015748e-03 5.871988943771878217e-03 -2.182303583112752115e-03 5.263722967196209600e-03 5.164427669663104042e-02 1.558965535238824966e-02 4.345012514853959363e-04 6.242735127768772249e-04 -6.999974868245424295e-03 1.454780591607263748e-03 -4.187600944430673079e-03 -6.589000126492421811e-03 3.445081423442985982e-03 1.611483515391213574e-03 1.122529312426052972e-02 -4.578418092841794046e-03 -1.220764117696513870e-02 -2.447312985607175834e-03 1.095277821652971585e-02 -7.734410557614037783e-04 -6.488013281683637293e-03 -5.735119669278799593e-04 -3.846906190791164748e-03 -3.328569842145587829e-04 -2.646586317765664185e-04 3.876443471209844397e-03 5.029798411146903453e-04 -7.824777953172311904e-04 2.448190092601947206e-03 0.000000000000000000e+00 0.000000000000000000e+00 0.000000000000000000e+00 0.000000000000000000e+00 -1.266358204616903349e-02 -1.231843634645130546e-02 4.746969292642457330e-03 2.088430157001147300e-02 2.602747710283677667e-03 2.594139323520820717e-02 4.847734570857608824e-03 -5.982534723771712123e-03 1.266605797186249119e-02 -1.245617024700845440e-02 7.444001714045266928e-03 3.564044593992335506e-03 -5.343845439073037322e-03 4.036127796305474802e-02 3.422000765279722533e-03 -3.419971181080109189e-03 -9.566252099169548356e-03 -1.539079269987156037e-02 -2.214516363431931825e-03 2.760718334073396230e-02 -8.109873786917942782e-04 2.158720888844899502e-02 -1.188599457756595555e-02 -8.214469936973110495e-03 -1.809947056875441758e-03 3.845720277507922585e-02 -4.015125153491339895e-03 -9.266821652787663940e-03 1.264528833807125607e-02 -1.262750350864148136e-02 2.584262363306674606e-03 1.617091379760459899e-02 4.367712168895045675e-03 2.735957095147452649e-03 2.167672896707903418e-02 1.108463570076539950e-02 -1.010590711708085447e-02 3.495175817470967672e-02 4.947795628111849482e-03 1.277339736644708679e-02 4.775929515611320939e-03 1.082161942834910032e-02 2.855015561417709527e-02 1.017144158628036955e-02 1.404401024138778910e-02 4.326459000981994207e-02 -8.344320005468227122e-03 1.199431269456024095e-02 1.395967881714862448e-02 -2.301234885075195691e-02 -1.696784565478232781e-02 2.993501764167224438e-02 -5.907978873951697180e-04 3.604855815935721630e-02 -1.300371922555642983e-02 5.001684659801500926e-02 1.049474286169416355e-02 5.250459290207365459e-02 2.744052473765696241e-03 -3.904549765014384520e-03 -1.178378730693860517e-02 7.942497690580892222e-02 1.409899606872119099e-02 4.537698819108905435e-02 3.181423786806657911e-02 4.613806394327635285e-02 -6.257815715115721752e-03 6.559324595052344609e-02 3.652496771023042155e-03 1.460854190469610715e-02 7.348596316048022596e-03 7.113399819434650627e-03 4.770855628171841167e-02 9.172407190495926455e-02 6.073662167637571274e-01 -5.146873891553715302e-02 -3.173970961634379750e-01 -7.505933138916943970e-02 4.121479762232216904e-01 -6.257380782038245159e-02 -1.555655361996671482e-01 -5.886514905306547418e-02
0.000000000000000000e+00 0.000000000000000000e+00 0.000000000000000000e+00 0.000000000000000000e+00 1.982895363238081250e-03 -8.414496528510402584e-03 1.776203406726079102e-03 -9.344431662386087217e-03 1.219408351353519319e-02 -8.668912259193214606e-03 -1.101765098467297546e-02 -7.238642196438357327e-04 -7.218826889800616670e-04 -1.257131541368367716e-02 -3.686768591223762645e-03 -9.125160901089673579e-03 -1.254464882657569183e-02 2.196030651156610433e-02 1.003696555602529711e-02 -4.295935018116624378e-03 2.276241972417515028e-03 2.018584735866239127e-02 1.503124487560731325e-02 5.140887964153766608e-03 3.834163484173163175e-03 -6.753012562851233580e-03 7.210389185506687476e-03 3.351959853795222904e-02 2.025558571523162696e-02 -7.579744606425634990e-04 -1.890631913393813097e-03 -7.056136167104121518e-03 5.410877999562260354e-04 -1.467248307091427797e-02 -8.445228618478531346e-03 6.891314410456380636e-03 -2.320903874301243411e-05 2.010011349909124681e-02 -1.960807337988546180e-03 -1.358718542227379568e-02 -7.841289300204603782e-03 1.413238262943021691e-02 -3.908863424026716785e-03 -6.605756096835231628e-03 7.390570786161793169e-04 -3.245871703599682422e-03 6.051938164577356930e-04 -2.128837369129790713e-05 3.174611737567131211e-04 -6.543119157340242416e-03 -8.222149076390647491e-04 -4.490171619384270701e-03 0.000000000000000000e+00 0.000000000000000000e+00 0.000000000000000000e+00 0.000000000000000000e+00 6.562694313382427813e-02 -4.963067508654398635e-02 1.083460503890877474e-01 -2.682714126885041989e-02 3.892688405337577651e-01 -5.583654812255330058e-02 -7.465597907543931530e-03 -1.287136046000281371e-02 1.406738364143069429e-02 -1.036142345825513157e-02 2.287580908456384732e-01 -7.105543874535824589e-02 -2.125194133763680104e-01 -6.307548822721760484e-02 8.966456249259903552e-04 6.278417171952850942e-03 8.747054841892721103e-03 -1.319572573959615532e-02 3.173614373520661225e-01 -7.126156126518658207e-02 -1.368958337083099608e-02 1.978867650432458367e-02 1.268994633026321751e-03 -5.575151602810777401e-03 -1.892752749371511833e-01 -6.576206699808974376e-02 -3.004774009930258425e-04 1.028442416377667833e-02 -1.186673693773805660e-02 -6.747995010702154128e-03 1.331789788797602958e-01 -7.776105913677401615e-02 4.392247608314196923e-03 2.714454370003461289e-03 1.595849275993271588e-01 -7.759546186159636816e-02 9.884808706244567738e-04 2.771194449930287906e-02 -1.756823994187132337e-02 2.074769710960917141e-02 2.210561437994262857e-02 2.379446313155184414e-02 1.219082363723262901e-03 4.874587600654433500e-02 2.453882604254500333e-01 6.341112287498291110e-04 -1.761173432261019245e-02 3.381434653144582692e-03 1.257504455193413084e-01 -3.092416463244057612e-02 7.796915566639076034e-02 -1.589960648445523303e-02 8.562811697955263757e-02 -3.106642404237456440e-02 -2.487320910433454130e-02 4.039718011828472705e-02 4.645972514268812553e-02 -1.623294166830221465e-03 2.837991229753110689e-01 -5.146818405784395201e-02 3.020986201585858927e-02 -9.866446373403791464e-03 2.990114478568733566e-02 1.029880717365948273e-02 9.833606145170141477e-03 1.735894252663695153e-02 -2.011063308389748200e-02 3.652496771029297134e-03 1.979142891300019469e-01 -6.541261235114979866e-02 1.224689264360820373e-02 -1.804874055616145952e-03 -4.284121617121035286e-02 5.091807238914837497e-02 4.301452753700744092e-01 -9.679522843348160877e-02 -1.449712912913551643e-01 -1.262298460417499990e-01 2.131048850394119398e-01 -1.383907279477283592e-01 -1.053825219998501955e-01 -1.306525812746702486e-01
0.000000000000000000e+00 0.000000000000000000e+00 0.000000000000000000e+00 0.000000000000000000e+00 -1.449971117465648088e-04 -1.896686905267686192e-03 -5.275526961615742763e-04 -4.713401855615808982e-03 -3.108655401527881355e-03 -1.191052083788577158e-03 3.403343038662340336e-03 -3.452668310160213368e-03 -3.381162316578628819e-04 -1.470513618871083618e-03 -5.383280363937619460e-04 -4.702719253607733074e-03 7.534489310045354958e-04 -5.453368358089957096e-03 1.540161991569086782e-03 4.396320557859723262e-03 -1.587163316767447067e-04 -1.227093911217398909e-03 -2.929761914467862889e-03 -7.207947213764493767e-05 -1.042048234901925014e-03 -6.106580168878020633e-04 -1.185131672996887027e-03 -2.840236492592729603e-02 4.803360436407850403e-04 -1.015821988507524185e-03 5.061113252923339287e-04 2.160292827800686360e-04 -7.815266966771611083e-04 -2.366780275338261057e-03 4.288790893461507693e-03 -2.386256318405561259e-03 -1.932984112629036093e-03 -1.583111232945126298e-04 2.039785985326982888e-03 9.169933798365951377e-03 -5.615308397752045121e-03 -3.077038267223215599e-03 3.032088641232661211e-04 1.619008425481439049e-03 2.602507408574406943e-03 -8.469495848310401587e-03 7.207772964634249092e-04 -8.054158556653579631e-03 -3.401138195826455476e-03 -4.047765491787497054e-03 1.867047069723282203e-04 -2.356335724205303565e-03 0.000000000000000000e+00 0.000000000000000000e+00 0.000000000000000000e+00 0.000000000000000000e+00 -1.746467621391955063e-02 3.300671608241791816e-02 -3.348061289658953166e-02 6.623788409734467086e-02 -1.449635984857683690e-01 9.309569227938913061e-02 2.213202721261194050e-03 5.085913311380108395e-03 -2.683511723469689074e-03 5.297829247777661663e-03 -7.211480461937154474e-02 9.444353567088070722e-02 6.531017189949646362e-02 1.052818250363607711e-01 -2.535902582536249091e-04 3.051935065212227523e-03 -1.348825107904443737e-02 -1.962868679231293597e-03 -1.125111812463709116e-01 1.048167029547536350e-01 3.181636268897112315e-03 -2.666638276968100879e-02 -1.889923896648287686e-03 -3.882589607546755618e-03 5.993833861201185859e-02 1.046996576627233083e-01 7.423635914339651778e-04 -2.223592242938591916e-04 1.634969832612689911e-02 -3.782718822909903432e-03 -4.484866496251714574e-02 1.103160358123499718e-01 -4.539100293176093984e-04 -5.622334479520059826e-04 -5.145934952481533153e-02 9.850238963869133169e-02 8.602118897450168611e-04 -1.478014775816191909e-02 8.917774303063088354e-03 3.425289741887555927e-03 -1.726931086833106282e-02 -6.329282740446885540e-03 8.673735101123519406e-03 -8.223998622998248201e-03 -1.072310911184902876e-01 1.013730092538048105e-01 -1.234210396590945755e-03 -8.991696149461315263e-03 -3.881935386705711449e-02 7.328917749577824881e-02 -3.860195277715677831e-02 1.239720570547032420e-02 -3.735275228434496719e-02 2.409395386993682872e-02 9.295112849398101673e-03 3.024571705540859447e-03 -1.926407220280934238e-02 1.477993364943329564e-02 -8.283050771538602586e-02 8.641108543698586275e-02 -1.771984682674803205e-02 3.979911555811011664e-02 -1.367631247754456242e-02 4.598082769862358622e-03 -1.011670779631013151e-02 3.727080409905289202e-03 1.673370646738241846e-02 1.460854190469429263e-02 -6.541261235114695372e-02 9.607702512791484184e-02 -8.795388638579646748e-04 5.857898549150283678e-03 6.885982731150007419e-02 4.772520034007345091e-02 5.041434533902408033e-01 4.987057246850477160e-02 -2.370143723780556988e-01 3.546414155312034577e-02 3.370795525945105009e-01 5.085852060964295152e-02 -1.524370026552968327e-01 5.641941134811456759e-02
0.000000000000000000e+00 0.000000000000000000e+00 0.000000000000000000e+00 0.000000000000000000e+00 7.383283228387149720e-04 -3.373031955093466739e-04 7.958377607897929029e-04 2.765711249975481845e-03 9.058989425313988819e-03 -6.679187259426424628e-04 -5.023556236700572539e-03 6.880099616185017107e-05 2.318981553354091080e-04 -1.470214416472866679e-03 -1.650781696255379885e-04 1.452960421462953181e-03 -5.452662282779850364e-03 8.310478442333929516e-03 4.730627648338471720e-03 -4.475937164213181392e-03 1.586073077752191748e-03 5.918139727776103483e-03 5.106832744591675161e-03 7.868324241067647939e-04 2.817956256836698977e-03 3.837584602654127994e-04 2.747597129205047329e-03 2.406408755517159756e-02 8.427504708683241155e-03 1.948063495758518317e-03 -4.464967492139425157e-04 -2.340107025605803626e-03 7.256687716339576362e-04 -8.673247047755437440e-04 -3.443930640608024955e-03 1.884925237133621735e-03 7.767873066484297677e-04 7.608644121966195301e-03 -1.911295156837977422e-03 -6.012836321720409563e-03 -7.506044817935068761e-04 5.137238534130976128e-03 -1.586499631442216118e-03 -1.214411819081801392e-03 5.064143997258178280e-05 -1.905863390540339479e-03 -5.638468796200204938e-04 7.409428433848178161e-05 2.564721175342605727e-03 3.617119151466607289e-04 -3.686681099228177570e-04 6.898370361681583143e-04 0.000000000000000000e+00 0.000000000000000000e+00 0.000000000000000000e+00 0.000000000000000000e+00 -1.167251566534306673e-03 -4.968353215905506153e-03 1.178454425684980454e-02 2.137509719153827311e-03 3.259094504104645407e-02 1.981272272144609867e-03 -2.249158489352039592e-03 4.234489873902527735e-04 4.396354490801815743e-03 -1.161729151264114559e-04 1.945741317379515167e-02 -1.005997125916610700e-03 -2.063469561943722178e-02 5.009336598412558739e-03 1.661590675963844693e-03 2.119843776108614169e-03 -2.504730847292975515e-03 -5.769457278571228989e-03 2.261660130038945643e-02 -1.480632523369843296e-03 6.727058726961414846e-05 1.213129290392216814e-02 -3.734816675912681905e-03 3.158001107896346929e-03 -1.816775436654103140e-02 3.012174902210589499e-03 -9.115046427183807337e-04 7.474140937423524866e-04 1.377325033747098639e-03 -3.407020269517614577e-03 1.100981714390418705e-02 -2.144673262415361728e-03 1.958551212626711592e-03 1.051057899738405731e-03 1.207681242485933622e-02 -6.262586548698813923e-06 4.192034538275230676e-03 5.560542950215767097e-03 -1.085760076704286653e-03 1.634289192536373487e-03 1.403288945795354509e-03 -3.564521875657153307e-03 1.949664384083869134e-03 -4.057172623245814715e-03 2.180027173450033856e-02 1.129010324570353489e-02 -5.752207514701053112e-03 5.452175651433140147e-03 9.586187317317959589e-03 -3.113055528982001854e-03 8.302698433641196585e-03 2.111312760553130195e-03 1.062270100393639637e-02 3.054840733478132904e-03 -2.189465779110087457e-03 1.442669517930297157e-02 5.127344516552536681e-03 8.420683769272954353e-03 1.757615942188213431e-02 9.255058518048890712e-04 1.342488391077206614e-03 1.227341770574624617e-02 7.410223812318374528e-03 5.823862102496048070e-03 4.108949431008116111e-03 5.093511915679730176e-03 -3.499506653652150953e-03 7.348596316048578575e-03 1.224689264360968519e-02 -8.795388638575441127e-04 8.810472793078812440e-03 2.402293202075593461e-03 1.089694343359712964e-02 2.655849849424048864e-02 2.178918225831129041e-01 -1.898565950696164129e-02 -1.003011360383300604e-01 -3.258657262019328676e-02 1.377167135414820998e-01 -2.724362004488294423e-02 -6.056440315103910760e-02 -2.608490705884020100e-02
0.000000000000000000e+00 0.000000000000000000e+00 0.000000000000000000e+00 0.000000000000000000e+00 6.674776141081425725e-04 -7.795328259452289753e-04 3.884302354962361654e-04 3.026132839251988171e-03 1.089194166231918261e-02 -1.972748377575622540e-03 -3.435717190912151130e-03 2.751708440497829030e-03 3.691570585297624741e-04 -2.351260930669754785e-03 3.652369365809179209e-04 2.866913238362154084e-05 -6.542952371738586410e-03 1.209672580685862767e-02 6.696443498246677263e-03 -4.478120148770821547e-03 1.307828115855067756e-03 7.678814524778753391e-03 5.214940087228058484e-03 1.333386445240221634e-03 3.149099336190751275e-03 -8.787298325950099404e-04 2.379717756877194543e-03 2.302575706255453186e-02 7.933249095225691772e-03 -1.930782997326388386e-04 1.255782751937981924e-03 -4.042703114818658842e-03 8.658832412493679392e-04 -1.581968214797203898e-03 -3.372876339930743622e-03 1.922489357028835848e-03 1.531192232557966821e-03 7.614685914541651120e-03 -1.627242766247876012e-03 -7.773087012910214269e-03 -4.462166046231171284e-04 5.271135587257248616e-03 -1.045433436304241993e-03 -2.140165923681339177e-03 2.952414020472130820e-04 -7.742348066853717466e-03 -1.483997440512970151e-04 -6.498578198175657822e-03 1.492472630814746038e-03 1.158769723407441078e-04 -4.518906702686944273e-04 6.466872482495530320e-05 0.000000000000000000e+00 0.000000000000000000e+00 0.000000000000000000e+00 0.000000000000000000e+00 -9.180417661796150611e-03 -6.987343544169245281e-03 6.692185122297679596e-03 9.647006869096882639e-03 -2.604435881831763423e-03 9.908055911100444035e-03 4.110050220329297200e-04 -3.082521007057234096e-03 3.400463495172561211e-03 1.880130159664674533e-03 1.828018708222392888e-03 5.883000824481787738e-03 1.568631186360099029e-04 1.403265089729251527e-02 1.319179285322411282e-03 -2.033701535231856458e-04 -3.254576228939472758e-03 -3.052863593059668059e-03 -5.673969884578383693e-03 1.063884991715567836e-02 9.578589216206952498e-04 1.906607819080730071e-02 -4.395218059665242580e-03 6.252998309450040308e-03 1.437566550212826836e-03 1.275088972754068704e-02 -2.382389836340438258e-03 -2.800761765958395804e-03 4.224942526000230979e-03 -9.334196522225292423e-04 -1.638636663412311586e-03 5.236855165101022593e-03 2.620481815993536221e-03 1.804343545251708503e-03 -2.356749063170294946e-03 7.814591434702653286e-03 5.694964692012378232e-03 1.049604540905798092e-02 1.744091181157215119e-04 4.557577737190042673e-03 1.182040242146984409e-03 -1.496201700378481294e-03 -3.665237578916852291e-04 -7.778397252710748423e-03 -7.812743931754637453e-04 1.453075746714307427e-02 -3.375744257730026524e-03 5.039239891878910180e-03 1.467664986118204489e-03 1.472018797704138489e-03 -4.499667457546293985e-03 4.698579573639798460e-03 -2.380396031844969813e-04 6.136126971273583690e-03 -2.002098088822638813e-03 7.526951250726686415e-03 -1.406707240053047198e-03 8.106953694959799853e-03 3.806533990635309860e-03 6.462222861101222550e-03 -2.481543794659578275e-03 1.792395989468372614e-02 3.698800696409612621e-03 5.870332882029278415e-03 2.434194614404333167e-03 6.940316080412037465e-03 2.291772848830127361e-03 7.113399819437370673e-03 -1.804874055620212577e-03 5.857898549147570570e-03 2.402293202076394036e-03 1.190957668990114994e-02 2.521222796055392137e-02 4.757124310729027999e-02 3.281877583544388632e-01 -3.180634750487981721e-02 -1.464967105027675520e-01 -4.039365782156174867e-02 1.951798981970594149e-01 -3.372440850816178781e-02 -9.666354454538959862e-02 -3.956088948667758204e-02
0.000000000000000000e+00 0.000000000000000000e+00 0.000000000000000000e+00 0.000000000000000000e+00 2.266730128053705447e-03 -3.072711158769337626e-03 2.349111759691379763e-03 6.491773702704916986e-03 2.745578081844272239e-02 -9.403849509933875223e-03 -1.107899701394611525e-02 7.840231301714201823e-03 7.787473694951837881e-04 -6.522457722681559295e-03 8.846626454473193249e-04 -1.631325848747046045e-03 -1.996167059564443041e-02 3.217539269000174729e-02 1.522871723117457179e-02 -1.366373360469638060e-02 6.847385185087017431e-04 2.139646265314490425e-02 1.362894707017786415e-02 1.146397752794470377e-03 1.010627045751291871e-02 -6.298059204871246652e-03 8.230181099191963279e-03 7.907298117099879897e-02 2.568404811708975555e-02 -5.406561066017373691e-03 2.296273016338929926e-03 -1.569281476906890863e-02 2.001306297696678511e-03 -8.630624913271963197e-03 -8.962972726449896371e-03 2.637276965939935706e-03 1.972447965331601116e-03 2.897910297105377869e-02 -6.713851843436780334e-03 -2.187862347363121046e-02 -5.512339895092912764e-03 1.888253995449720030e-02 9.137077147191861523e-03 -1.095135792087924276e-02 1.149996665553020166e-03 -1.309010856281486723e-02 -3.882693399931360593e-03 -9.348142649308915919e-03 9.372025054027520279e-04 -2.055455895243525882e-03 -5.358747443638282653e-04 2.869429753559346596e-03 0.000000000000000000e+00 0.000000000000000000e+00 0.000000000000000000e+00 0.000000000000000000e+00 -2.663830047042060195e-03 -4.067342409956668792e-02 -4.205142963860122873e-02 8.450156350029289221e-02 -1.023416487212514409e-01 7.689616790933787027e-02 1.647691648729197877e-02 -8.311260640697615623e-03 2.715776326537461954e-02 -1.097989916260000420e-02 -5.165524615729232688e-02 4.665229993800026898e-02 5.427177891492877826e-02 1.292513867886213585e-01 5.121249372573801265e-03 -2.293278528734570172e-03 -1.277103260525335078e-02 -3.807182708897757090e-02 -9.605309057381848648e-02 9.650142779737745646e-02 7.209149081795675901e-04 4.430651414388863535e-02 -2.408924671081948132e-02 1.877024024324184040e-02 5.770856611102814782e-02 1.266696485705052222e-01 -1.191459043150837512e-02 -1.816879763079227647e-02 2.169793170125861037e-02 -3.083291705792971793e-02 -3.714198382788393843e-02 6.282707372768893406e-02 6.848959630423833746e-03 2.211409990927841636e-03 7.554849608345078071e-03 6.473637311184700371e-02 -1.904267532252812423e-02 6.021251285442250079e-02 1.334245902330389449e-02 5.302548073896905245e-02 5.495191533819778276e-03 3.399650341606944015e-02 5.314752654678321642e-02 2.395856672437438745e-02 -5.664952614409272946e-02 1.261006659075850078e-01 -1.359625209127939341e-02 2.019750272063870755e-02 7.741145215352682359e-03 2.380134036644550657e-02 -7.395446845635203492e-02 2.561895444100388899e-02 -4.673604463625441463e-02 4.085035315044242832e-02 -4.093344648628729349e-03 5.336152374307000928e-02 -2.999254960732848641e-02 5.034856353427748232e-02 3.718379625371078662e-02 6.537748471991561283e-02 -6.483547038358958292e-02 1.093336671962550216e-01 -1.121629521628180089e-02 3.171146708010694204e-02 6.095004148184837885e-03 4.328360128847023175e-02 3.203012512927767841e-02 4.770855628172746693e-02 -4.284121617121691011e-02 6.885982731150461222e-02 1.089694343359844109e-02 2.521222796055916371e-02 2.759790122735176765e-01 1.832090844474346114e-01 3.264285512104426523e+00 -7.477463394493417959e-02 -1.460290788483415314e+00 -1.496794482865177189e-01 2.062049147186909348e+00 -9.064232235985961172e-02 -9.789483881214698924e-01 -1.130506375820358733e-01
0.000000000000000000e+00 0.000000000000000000e+00 0.000000000000000000e+00 0.000000000000000000e+00 6.136894085393347284e-03 9.759993722576890476e-04 5.155026821584956370e-03 3.440786171177221547e-02 8.272188932988241983e-02 -1.293373761010776016e-02 -2.997475075110870787e-02 2.118435603225479399e-02 4.006365370099495768e-03 -1.314820254750665406e-02 7.139937318528468205e-03 8.396979106972700391e-03 -4.318538953493845228e-02 7.962264190125489804e-02 3.475089202457763704e-02 -3.708638358793420187e-02 7.194300955328497560e-03 5.380476628248442167e-02 3.603501883073988166e-02 2.914091366379041852e-03 2.851260717682600407e-02 -7.419482350781079344e-03 1.863042351308176123e-02 2.073171354029212377e-01 6.502716067201194661e-02 -9.839918042511498677e-04 5.319215997403174342e-03 -2.686204811641666398e-02 7.718564208561692896e-03 -8.498251087934640541e-03 -3.248027516462043823e-02 1.124499560885337639e-02 8.930691766200288262e-03 4.961167435787910973e-02 -1.368880522129984831e-02 -6.184144455504850257e-02 1.388455793282218588e-03 3.619364506158904982e-02 1.433482242307589430e-02 -2.320272153149565211e-02 -7.687402692230410660e-04 -1.390903494846077934e-02 -6.083272141734260424e-03 -1.129985613852988249e-02 1.187878274478479379e-02 1.100436815663759227e-02 -2.445344234982203303e-03 7.899258775575374036e-03 0.000000000000000000e+00 0.000000000000000000e+00 0.000000000000000000e+00 0.000000000000000000e+00 -1.293067871203443797e-01 -2.307270031304318320e-02 1.141249459716356662e-01 8.804374299714780305e-02 9.365662712170842730e-02 7.778352942584543239e-02 9.526294500047187072e-03 -2.935560031233682560e-04 3.306375497561136328e-02 5.655391979018121844e-03 4.862001769648923583e-02 2.157407248305939773e-02 -7.648844725398971922e-02 1.302378454225928128e-01 2.757468702856434237e-02 1.155453471982350461e-02 -2.998567203293403191e-02 -6.236596697089695496e-02 3.944466484621226426e-02 9.590435863650120796e-02 1.027798696389061774e-02 2.096950322603660655e-01 -5.042317016127324109e-02 2.913817121031839555e-02 -6.009051215038289928e-02 1.164542881227380172e-01 -1.702818271513710166e-02 -1.046415723739767267e-02 2.592418116879074974e-02 -4.212707839241257302e-02 3.010109759198343130e-02 3.234718326263130023e-02 1.703403714697554819e-02 1.094644900590286546e-02 6.530493917125258785e-02 3.133096228105390624e-02 3.520801850683186879e-02 8.575011739264686017e-02 1.170292238186957691e-02 2.209958667711788699e-02 -1.489392625041196030e-02 -1.570808373274867539e-02 2.907633549364296160e-02 -5.672557041251398424e-02 1.023556252048722914e-01 1.511294107039405921e-01 -2.624940571469405043e-02 5.069417692818060928e-02 6.205559797243072329e-02 -1.967342992851865008e-02 -8.924077147437804031e-03 5.146932055351463586e-02 3.618633571400092785e-02 4.304316434521562873e-02 -2.552194540797733321e-02 1.533880487149794081e-01 1.992352827389853864e-03 1.070977310520088710e-01 1.668327968950659435e-01 7.921925504993517289e-03 -3.962462735422803833e-02 1.595952101395417544e-01 2.979162521972545524e-02 7.669198128395651737e-02 8.101265761047277136e-03 1.067852897292408676e-01 2.560170371733633959e-02 9.172407190497994245e-02 5.091807238908930416e-02 4.772520034005989231e-02 2.655849849423591938e-02 4.757124310728376437e-02 1.832090844474101865e-01 7.966279647444718393e-01 2.607495565632888201e+00 -6.506429203352350754e-01 -1.320165359890979495e+00 -8.022260238798591958e-01 1.736527006189231281e+00 -7.195051331889089630e-01 -8.078823309861508095e-01 -7.583450289122889432e-01
0.000000000000000000e+00 0.000000000000000000e+00 0.000000000000000000e+00 0.000000000000000000e+00 3.820175703706967657e-02 -7.489730404138293662e-02 3.937968894782283014e-02 4.211010245095332671e-02 4.111593692946052259e-01 -1.574305422169316182e-01 -1.914628725160110734e-01 8.907375583700385957e-02 7.231561668704200585e-03 -1.345025686946148546e-01 -4.464402951761314853e-03 -6.108428573725069310e-02 -3.109969501396288583e-01 5.089679084951473920e-01 2.390117126122515978e-01 -1.923933009299728381e-01 2.271229449169147666e-02 3.650428093999106283e-01 2.426369356129385313e-01 4.187896354725008374e-02 1.480555359549843297e-01 -1.063799278702122764e-01 1.395998535845199839e-01 1.151775022539703652e+00 4.290507457931390656e-01 -7.099150011139909733e-02 1.875541438812687589e-02 -2.324341066475651973e-01 2.992292298293727781e-02 -1.699023149013546008e-01 -1.617119485594341044e-01 6.167505258695543668e-02 2.834888741500302123e-02 4.710824251333412538e-01 -9.215060884968728772e-02 -3.420663531210405006e-01 -9.579211811977095259e-02 2.987292932252528233e-01 8.204982626179600780e-02 -1.588290067326294797e-01 2.143943455495599115e-02 -1.947890601618443018e-01 -4.861334823028694296e-02 -1.200764537176778751e-01 1.930762626520028669e-02 -5.972169078076006166e-02 -1.157522417039248339e-02 1.007240818734900581e-02 0.000000000000000000e+00 0.000000000000000000e+00 0.000000000000000000e+00 0.000000000000000000e+00 2.925224352448712595e-01 -7.628146232291098672e-01 3.571431698341251404e-02 9.334894475644646139e-01 7.086214262558894195e-01 6.443110484508322022e-01 1.468858466989199640e-01 -1.532051238922289560e-01 4.104867856833103734e-01 -1.673937787086420270e-01 5.297462953317555456e-01 2.392983442041465292e-01 -4.241344454341761661e-01 1.266273204617152315e+00 7.005081772693994013e-02 3.860020945550181326e-02 -1.280925204173152532e-01 -5.195321135985082606e-01 3.914089367322585167e-01 8.351395596422371836e-01 -5.061732320151234032e-02 6.711997440306576301e-01 -3.060394781577240875e-01 2.255132085473147696e-01 -2.699250681034631172e-01 1.213677222416122525e+00 -1.475251751447514414e-01 -1.397533895540346849e-01 2.197320473840537469e-01 -3.856153358601500103e-01 2.119420854869155935e-01 3.744756099141235417e-01 1.037870283788401848e-01 3.674070207347383127e-02 8.763510412078012735e-01 4.275082265689471583e-01 -1.746552000586968911e-01 8.267074790887984914e-01 6.917719139336780954e-02 7.618644259368577698e-01 1.658359352475408111e-01 5.272926280132974597e-01 6.680177731823682130e-01 4.596255678503842201e-01 5.200433548722099841e-01 1.567520018548732130e+00 -2.639180365136569728e-01 2.749502856953823793e-01 7.309186014027220235e-01 1.390679080971618520e-01 -5.226748969522573285e-01 2.234840527912480002e-01 -1.523308935697366140e-01 3.611265732183295829e-01 -1.536052557377959871e-01 8.434940963992887397e-01 -1.406690503085293864e-01 5.672958397079960191e-01 1.885979539202401023e+00 5.470609015261967967e-01 -6.220741152193287604e-01 1.294653833739454196e+00 1.014767153181025949e-02 4.418422696955915940e-01 1.161144254415876764e-01 5.919259249658543887e-01 2.826980064651262725e-01 6.073662167639340970e-01 4.301452753698595255e-01 5.041434533903308424e-01 2.178918225831219246e-01 3.281877583545184662e-01 3.264285512104470932e+00 2.607495565633303425e+00 4.368680070326314535e+01 -1.498920027960947809e+00 -1.915424686483968841e+01 -2.607719669636833437e+00 2.723962439000906244e+01 -1.905570857490890280e+00 -1.286980720791571819e+01 -2.140077491849417424e+00
0.000000000000000000e+00 0.000000000000000000e+00 0.000000000000000000e+00 0.000000000000000000e+00 -4.419773129691233551e-03 -4.989035871022772309e-03 -4.425228959220336641e-03 -3.258742242061674760e-02 -6.418497251882104848e-02 7.332106163416130147e-03 2.332126670495330081e-02 -1.998695347249641180e-02 -3.781818665044303640e-03 5.757233100503655367e-03 -7.252038794251484607e-03 -1.234624852742440340e-02 3.087932671584401462e-02 -6.216392985485624800e-02 -2.230078091028194279e-02 3.162378082704787874e-02 -5.301548405491339835e-03 -3.881670015194267631e-02 -2.690121358050023143e-02 -6.900849156307279101e-04 -2.259285166829493041e-02 4.093568357976922097e-03 -1.388668224816053468e-02 -1.781874264299464772e-01 -4.636456178817048579e-02 4.961723428401534214e-04 -3.933260196394731262e-03 1.939916487837029316e-02 -6.868827477588441976e-03 1.887857809166673066e-03 2.827672081138752139e-02 -8.841845834170535684e-03 -8.481059127232610725e-03 -3.383929241040994212e-02 1.267130891764878427e-02 5.307668450823399553e-02 -9.479809710382093926e-03 -2.713398586234749832e-02 -1.316014591294999321e-02 1.846901546673087799e-02 3.272183348259671658e-03 2.002737516588231487e-03 6.216524337861838514e-03 -1.749766115656617351e-03 -1.192040802446044795e-02 -1.483329180705280845e-02 1.825521198303813779e-03 -8.894972013002941727e-03 0.000000000000000000e+00 0.000000000000000000e+00 0.000000000000000000e+00 0.000000000000000000e+00 1.023818686763557501e-01 4.379650985568323690e-02 -1.270656320684944995e-01 -8.164722259898345158e-03 -1.994617030790475365e-01 3.040389161503344664e-02 -3.106742728050506611e-03 -1.817758850836416994e-03 -2.305490243501475897e-02 -5.277463668176935255e-03 -9.915665797278802596e-02 6.760688139689613463e-02 1.165476852471749730e-01 -1.055808640604092435e-04 -2.301156283957656729e-02 -7.766758823908337731e-03 7.846153460452625489e-03 4.597504218816510918e-02 -1.259876361570618220e-01 2.118838998282136094e-02 -7.181912942119841707e-03 -1.986532494261017412e-01 3.616909344240151064e-02 -3.222776538083414744e-02 9.984638884402649572e-02 1.009241780871858972e-02 1.372210118437083674e-02 7.582350956318809586e-03 -1.667973960065534996e-04 2.742078329274242471e-02 -6.236294621938493626e-02 7.708499949146302432e-02 -1.140745762004683438e-02 -8.078837613444543597e-03 -9.446298586624933546e-02 6.886475696071256425e-02 -2.808003833455513520e-02 -6.691417271404768996e-02 5.154446894306721587e-04 -1.133506610145108666e-02 4.093815073715001765e-03 1.273812336828845058e-02 -1.168766501024128164e-02 4.741283724949233586e-02 -1.734027432096866828e-01 -2.055178957865267178e-02 1.571263787943888782e-02 -4.705632670027579123e-02 -8.325816081429512905e-02 8.283799951260149841e-02 -2.814662046943844712e-02 -2.786325584933795757e-02 -5.992977227749997360e-02 -9.854448181145185684e-03 2.421562737847545582e-02 -1.152350631800911629e-01 -1.389894601004804282e-02 -6.574260897555528338e-02 -2.148866364664713535e-01 8.089196965584710686e-02 1.651916436353292883e-02 -7.343759325188008169e-02 -3.055593932056384354e-02 -5.505092162165550751e-02 -2.594525103889490196e-03 -8.017893255319630264e-02 -1.125345579654721088e-02 -5.146873891556076608e-02 -9.679522843343607574e-02 4.987057246852649728e-02 -1.898565950695809551e-02 -3.180634750487386364e-02 -7.477463394491132287e-02 -6.506429203352457336e-01 -1.498920027960684020e+00 6.346545738415402260e-01 7.822429774955176329e-01 7.320903215917718976e-01 -9.990986533114294410e-01 6.840906907238422097e-01 4.770290543971306696e-01 7.271703967629997711e-01
0.000000000000000000e+00 0.000000000000000000e+00 0.000000000000000000e+00 0.000000000000000000e+00 -1.952052672317694873e-02 2.745497225636704328e-02 -1.782588968490171621e-02 -4.359630940767067475e-02 -2.249377893287589358e-01 6.574175024876456608e-02 1.002021860236815831e-01 -5.044514934349140362e-02 -5.939153564441064168e-03 6.215486019771541970e-02 -4.717364432026430188e-03 9.469338508032431115e-03 1.528096715931059335e-01 -2.547368630896624797e-01 -1.168312005502553930e-01 1.064817283788331431e-01 -8.900299438834311308e-03 -1.707379908955468095e-01 -1.191314072485167852e-01 -1.715530533822346923e-02 -7.833105935967471511e-02 4.280607495544300894e-02 -6.593475060271915267e-02 -6.173429295691476026e-01 -2.090050947191824937e-01 2.106598860166058323e-02 -1.168451081474994324e-02 1.066011567388708697e-01 -1.772934620356664270e-02 6.420485073259225850e-02 8.983197243801076259e-02 -3.207234391695442527e-02 -1.672834664171163679e-02 -2.030506410701797548e-01 5.267961067725291519e-02 1.719631822695644741e-01 2.892495295749651293e-02 -1.394239535514044670e-01 -4.252056125108942541e-02 7.931625905299066748e-02 -5.090745139640059751e-03 6.884376086031809838e-02 1.998481247725545154e-02 5.195496484162847456e-02 -1.990360790693501691e-02 1.464159908663224471e-02 6.095151379719370571e-03 -1.834106462830369447e-02 0.000000000000000000e+00 0.000000000000000000e+00 0.000000000000000000e+00 0.000000000000000000e+00 -1.495283049931033642e-02 3.235243222146266251e-01 -2.930706898171639430e-02 -4.107496290727842281e-01 -2.012753362912205746e-01 -3.311621914301068892e-01 -8.496346708730727337e-02 7.897405660562814567e-02 -1.939630426095001747e-01 8.521673089612744056e-02 -1.697776721151880996e-01 -7.146148930758544626e-02 1.357974022438498685e-01 -6.026563407544990314e-01 -3.818465940477230175e-02 -1.089309867811458221e-02 7.397955368234707119e-02 2.553153379349600294e-01 -7.735654777214830136e-02 -3.991408990266316903e-01 1.906465716617659900e-02 -4.032626963857670055e-01 1.619809371509800811e-01 -1.081035394570851044e-01 6.687755279679130638e-02 -5.773315480797587274e-01 7.338012726819637122e-02 7.576215013176275381e-02 -1.202248062094179032e-01 1.974800045335076137e-01 -5.995295215693263735e-02 -1.684027055279078144e-01 -5.679134898344747467e-02 -2.488163208040534286e-02 -3.465094757295796302e-01 -1.943032927668424115e-01 7.335501715337883200e-02 -4.418150044968987555e-01 -5.324455678003916365e-02 -3.460934057798932262e-01 -8.481172600884555324e-02 -2.035394006737529238e-01 -2.883895913541197897e-01 -1.893465947424301521e-01 -2.221689059338604610e-01 -7.060064734810135301e-01 1.146970962134810645e-01 -1.449570817795826916e-01 -2.932803280631123832e-01 -1.431966456342482694e-02 2.400885106033258110e-01 -1.413361237759199751e-01 7.639594182957981650e-02 -1.804316514918607450e-01 8.095645690278119311e-02 -4.264512407720610354e-01 6.557248915112465215e-02 -3.337580277714132237e-01 -7.292110160606546376e-01 -2.318358233207155339e-01 3.044111976611569848e-01 -6.476583585145292421e-01 -5.083973318161550542e-02 -2.164873828672500833e-01 -1.024574127252200623e-01 -3.008911754336371369e-01 -1.129525738177274419e-01 -3.173970961635719235e-01 -1.449712912913460605e-01 -2.370143723781551193e-01 -1.003011360383528894e-01 -1.464967105028379124e-01 -1.460290788483895597e+00 -1.320165359891655843e+00 -1.915424686484595540e+01 7.822429774959828164e-01 8.797110943326819310e+00 1.305965985199583290e+00 -1.215999539640143645e+01 9.574972231129368350e-01 5.736227241878303573e+00 1.066838854947394388e+00
0.000000000000000000e+00 0.000000000000000000e+00 0.000000000000000000e+00 0.000000000000000000e+00 -6.210809567022503898e-03 -4.149528509203121926e-03 -5.921902735780064202e-03 -4.119769109324764034e-02 -8.536515424471564917e-02 1.137757632702520935e-02 3.348672416990523121e-02 -2.289714785627459948e-02 -4.261993247932895947e-03 1.046193428594464556e-02 -8.084814514081129291e-03 -1.332012767078737114e-02 4.364855242298846388e-02 -8.014953968826268871e-02 -3.202500582745179680e-02 4.106288024994665664e-02 -6.076632053073105152e-03 -5.578735532530700730e-02 -3.623957536105785332e-02 -2.896478651681434584e-03 -2.966436840937569652e-02 6.076254372528178994e-03 -2.008682830952650267e-02 -2.332386185240912513e-01 -6.549805829680986624e-02 -3.822145505356546857e-04 -4.084857914347456154e-03 2.704173986188742815e-02 -7.938083283969809764e-03 5.473191795875463270e-03 3.398343327985201001e-02 -1.205200154712569686e-02 -9.967811806498989152e-03 -5.702130657762121552e-02 1.403980563641756343e-02 7.062745000686346253e-02 -2.873871868510764239e-03 -4.090720794943657201e-02 -1.727019918172240792e-02 2.451198583501448813e-02 2.419309485084908135e-03 1.873641939116235840e-03 8.936193413587575907e-03 3.008352435978894207e-04 -1.421928661952079689e-02 -1.473921664471598836e-02 2.517695982108251844e-03 -1.216828682095347919e-02 0.000000000000000000e+00 0.000000000000000000e+00 0.000000000000000000e+00 0.000000000000000000e+00 9.788951585510552444e-02 5.651447837760383702e-02 -1.568911478935558490e-01 -4.486675726961965316e-02 -2.703744421256177866e-01 4.538274488014198624e-03 -8.207695795486731269e-03 2.994713579472342482e-03 -4.495889338521573408e-02 -1.657646872940900934e-02 -1.286072124481203449e-01 5.829518528764341539e-02 1.624810062781557873e-01 -4.514890744854978960e-02 -2.765031159490843882e-02 -1.808147119591541063e-02 1.211379210415319471e-02 7.265142128662555043e-02 -1.686253483810659926e-01 -6.929587263713558876e-03 -7.594769722651946442e-03 -2.577038964278293154e-01 5.466284566063278616e-02 -4.514731532008446624e-02 1.376161579673230162e-01 -3.061365706902119746e-02 1.490264328068234730e-02 4.160153484214070517e-03 -1.607724718511129762e-03 4.523055173163752218e-02 -8.312470401043241253e-02 6.932117207991216057e-02 -1.768352479401551214e-02 -1.110821062100230197e-02 -1.294986447966314791e-01 4.973763855565051240e-02 -4.098451882033952998e-02 -8.914022302939982045e-02 2.301409535757819105e-03 -3.601243446650617686e-02 1.931394197742050504e-03 6.688488479643719953e-03 -2.620581034637564644e-02 5.940833350216142422e-02 -2.254951512241901990e-01 -8.250660692319897183e-02 2.723119640513762402e-02 -6.020585266156565363e-02 -1.164525205082860004e-01 7.914864079433708843e-02 -1.991870933257296195e-02 -3.269271021086744139e-02 -6.861435084960387787e-02 -1.942479575210397796e-02 3.372762830870770778e-02 -1.720759568885286694e-01 -1.582290057087647542e-02 -9.196665326984768130e-02 -2.938611194792375980e-01 6.146859487352139551e-02 3.032730076938097014e-02 -1.296503940989125470e-01 -3.677410771310311854e-02 -6.017635546440580629e-02 -3.199504462429306369e-03 -1.070167594929624932e-01 -1.670021402235315894e-02 -7.505933138921593029e-02 -1.262298460416944046e-01 3.546414155312537647e-02 -3.258657262019192674e-02 -4.039365782156106172e-02 -1.496794482865833054e-01 -8.022260238799363563e-01 -2.607719669637580395e+00 7.320903215918076468e-01 1.305965985199407653e+00 9.575472233862294402e-01 -1.735659182371562359e+00 8.272183336998604197e-01 8.204328890280666586e-01 8.635508027828552313e-01
0.000000000000000000e+00 0.000000000000000000e+00 0.000000000000000000e+00 0.000000000000000000e+00 2.545159804355399263e-02 -4.555561029154125974e-02 2.535232286414340966e-02 3.665480249285694991e-02 2.703783068281365165e-01 -9.950967645973762821e-02 -1.252908427864787011e-01 5.942246698724734655e-02 5.279034466267266273e-03 -8.684436613249388315e-02 1.407457238074560912e-03 -3.334933291535827071e-02 -1.979304252596462421e-01 3.266080610791447514e-01 1.470352907190567993e-01 -1.293976225521408785e-01 1.490411467987047371e-02 2.304271174729337346e-01 1.502369454128564541e-01 2.440983894861141132e-02 9.750028462584553468e-02 -6.807937900024675637e-02 8.969813185457091442e-02 7.560205664727224217e-01 2.768100341401659170e-01 -4.324874589008243647e-02 1.167169067951468950e-02 -1.465136411080566747e-01 1.999003612279442316e-02 -1.068806115369024534e-01 -1.053997318552217233e-01 4.012263271379384183e-02 1.773818968857182599e-02 2.860240793962960382e-01 -6.157136885832603657e-02 -2.227578296715970185e-01 -5.773507267345219518e-02 1.892004975508452536e-01 5.747461655308357120e-02 -1.088177010931447586e-01 1.266038794384068480e-02 -1.004432414611666213e-01 -3.149192167886501192e-02 -6.215987243697579379e-02 1.590974599102719378e-02 -2.864592035980947568e-02 -7.515976496906016067e-03 1.197427368069424632e-02 0.000000000000000000e+00 0.000000000000000000e+00 0.000000000000000000e+00 0.000000000000000000e+00 1.246669712140787561e-01 -4.519463339397421509e-01 -2.493075828829253993e-02 5.926125206770788134e-01 3.416616042279843612e-01 4.345742061808199885e-01 1.117129512437238237e-01 -7.808014979219442264e-02 2.581635162833821884e-01 -9.961419379007385722e-02 2.815582608162303102e-01 1.680615082439527730e-01 -1.983225709119722513e-01 8.581672737150813912e-01 5.598600115719744308e-02 7.341550342196155599e-03 -8.602786196443676370e-02 -3.386502539735490314e-01 1.619919759308765250e-01 5.851248203185474006e-01 -3.197830357819079344e-02 3.976690130037456306e-01 -1.976023016562644674e-01 1.257171592337709976e-01 -1.023917282728352696e-01 8.332016110522412200e-01 -1.055346380403221207e-01 -1.061889640110895566e-01 1.492349284800403020e-01 -2.718254748272163623e-01 1.031626372102754097e-01 2.825470486563974037e-01 6.958775672110584232e-02 2.637340828011256605e-02 5.483347455399206760e-01 2.828877557133352982e-01 -1.541291323867044483e-01 5.363457884684816879e-01 6.219987419608179885e-02 4.754650809642254616e-01 1.185197667849563763e-01 3.213361295636691928e-01 4.523337077810658524e-01 3.741106046847318956e-01 2.843381631420915934e-01 1.021108407068134660e+00 -1.663469556979269015e-01 1.799229363423726635e-01 4.335311657744153613e-01 8.040282198142974235e-02 -3.356998073052895881e-01 1.626204847097819373e-01 -1.134411941156875936e-01 2.390076834244216908e-01 -8.752816516374731237e-02 5.504376744393486565e-01 -9.627008640884424095e-02 3.917150144884383178e-01 1.129003193692179163e+00 3.576201235234682807e-01 -4.394724017419768813e-01 8.397460604762116976e-01 3.287661229680646779e-03 2.823376668813333268e-01 1.109749966521433456e-01 3.567922591642419539e-01 1.666501725746388218e-01 4.121479762233885014e-01 2.131048850392320837e-01 3.370795525945920468e-01 1.377167135415079680e-01 1.951798981971128721e-01 2.062049147187200226e+00 1.736527006189445332e+00 2.723962439001216751e+01 -9.990986533114925017e-01 -1.215999539639872573e+01 -1.735659182370987041e+00 1.740840696076928751e+01 -1.243836174292977770e+00 -8.072654290619638573e+00 -1.376748448128911839e+00
0.000000000000000000e+00 0.000000000000000000e+00 0.000000000000000000e+00 0.000000000000000000e+00 -5.895317938110616711e-03 -2.460634714591092634e-03 -5.515909950183278676e-03 -3.585541153724829816e-02 -7.724891437809774941e-02 1.126048395093368071e-02 3.147157405115748319e-02 -2.244264806164593049e-02 -3.767854879271646112e-03 1.100942914236190291e-02 -6.504186619652647244e-03 -1.163097594809220543e-02 4.070661340650800347e-02 -7.740492777583055095e-02 -3.028977630494624970e-02 3.791173219084588430e-02 -7.539269042263111766e-03 -5.282114798985607790e-02 -3.662642702932440708e-02 -2.061454391339079956e-03 -2.702186833797067672e-02 6.561504602612788783e-03 -1.869325747703487473e-02 -2.196033856115249538e-01 -5.954289264423273664e-02 1.223029226295429921e-05 -3.615773259926347884e-03 2.532092276809633918e-02 -7.694491064790814558e-03 7.309761974004022958e-03 3.437172476678358735e-02 -1.303320570569756025e-02 -9.997369409642027638e-03 -4.676311910654451509e-02 1.439195601227117455e-02 6.686347859588917530e-02 -4.958240544724728908e-03 -3.714078967305491780e-02 -1.536579862058699321e-02 2.440696463204588412e-02 3.534543981526392514e-03 -1.412171936001049496e-03 7.524534111984362145e-03 -1.643627338052286186e-03 -1.367953662546685448e-02 -1.476062427560024051e-02 2.305514844883480279e-03 -9.836153701458374282e-03 0.000000000000000000e+00 0.000000000000000000e+00 0.000000000000000000e+00 0.000000000000000000e+00 9.271916102118477054e-02 5.313856683993267022e-02 -1.676205847724315801e-01 -2.209431184548928465e-02 -2.794172097395101195e-01 2.447588432675178172e-02 -5.051267111967224464e-03 6.198299681639155706e-03 -3.918020276663342072e-02 -2.656856272109835507e-03 -1.400131056059947532e-01 7.517258856279832036e-02 1.679074705146746394e-01 -7.216234849891698874e-03 -2.863318716079341075e-02 -1.645541763608851515e-02 1.389306577891138463e-02 6.324711365875004820e-02 -1.866423065252547919e-01 2.116809251500451419e-02 -6.561141351390550706e-03 -2.448461726908106595e-01 4.949222786233287152e-02 -2.438604649304463787e-02 1.454339692763381986e-01 8.480086393561488481e-03 1.255624601376225009e-02 -1.431949215660192030e-03 -5.307884004799718041e-04 3.886570919845083044e-02 -8.752113871399784528e-02 9.202306133451711168e-02 -1.648872377551489909e-02 -1.078849011039921015e-02 -1.242129839899007715e-01 6.952082988620052195e-02 -4.427741169691615242e-02 -8.229382636888045444e-02 1.485047428566307632e-03 -1.506339117193829756e-02 1.653994023709390131e-03 1.895252015738434562e-02 -1.536815158055317675e-02 6.609826884905949107e-02 -2.342692883662560177e-01 -4.263487853630443247e-02 2.420133854374532933e-02 -5.600134785229014811e-02 -1.083117069517752634e-01 8.399490354016339588e-02 -4.399795325943363367e-02 -2.319503573326136409e-02 -8.618631959273795329e-02 -6.860848415648691800e-03 3.042104791583995910e-02 -1.536816383047178713e-01 -2.577499507337557144e-02 -7.572291080396005569e-02 -2.741579384096879957e-01 7.717707685227012671e-02 1.379747080911019295e-02 -9.672195063556905670e-02 -4.220338676000903733e-02 -6.184467804773097904e-02 9.370945688461362888e-04 -9.251851857359538744e-02 -8.792254007885145009e-03 -6.257380782041149780e-02 -1.383907279476867258e-01 5.085852060965723176e-02 -2.724362004487980438e-02 -3.372440850815857510e-02 -9.064232235988406439e-02 -7.195051331889739110e-01 -1.905570857491186043e+00 6.840906907238795132e-01 9.574972231126872568e-01 8.272183336998805148e-01 -1.243836174293289076e+00 7.824559644741793107e-01 5.908622012713236060e-01 7.947854008896515499e-01
0.000000000000000000e+00 0.000000000000000000e+00 0.000000000000000000e+00 0.000000000000000000e+00 -1.260692579317619286e-02 2.215883907600776914e-02 -1.215311381181855346e-02 -2.051875308124844269e-02 -1.392562598015843478e-01 4.781156372089578888e-02 6.532427874219583208e-02 -3.448420741055852057e-02 -2.887368306548178734e-03 4.469696075806749158e-02 3.387849384069926972e-04 1.299188509175210060e-02 1.048776656950389935e-01 -1.678679356071332562e-01 -8.017146592568152874e-02 6.830308408365221018e-02 -5.924054141650191355e-03 -1.182951781346267689e-01 -8.083853967405055241e-02 -1.172763940771961652e-02 -4.946400334525018205e-02 3.318218724708207196e-02 -4.500498285666489073e-02 -4.028991669035358880e-01 -1.352585476211950466e-01 1.841074097008252308e-02 -7.611581068620761927e-03 7.291400554923076205e-02 -1.047387863433365748e-02 5.157533005249917424e-02 5.635444994153344933e-02 -2.285111943761896150e-02 -9.583126370896654506e-03 -1.424298573919111077e-01 3.349702862497542372e-02 1.157336931949689979e-01 2.603287070600978498e-02 -9.826042818410213320e-02 -3.303039109308537891e-02 5.674826392084314497e-02 -3.829956258137999503e-03 4.739530541452281753e-02 1.364152762224168404e-02 3.705141656531320965e-02 -8.025523800635753560e-03 1.243227504394872618e-02 3.543527801294393126e-03 -9.567114334744076035e-03 0.000000000000000000e+00 0.000000000000000000e+00 0.000000000000000000e+00 0.000000000000000000e+00 -5.358765053077446661e-02 2.196216932411971245e-01 -6.627864701056321306e-03 -2.673981071896076589e-01 -1.521789318043009487e-01 -2.001545559495895299e-01 -5.232486769843294055e-02 5.109668733521278983e-02 -1.215650698457562129e-01 4.215557685933665755e-02 -1.142452541021359430e-01 -6.088496133812912325e-02 9.042159450677328403e-02 -3.816951401902790586e-01 -2.597052432275652814e-02 -4.272863130445839902e-04 4.431874930849889760e-02 1.714203848151323872e-01 -6.923816382252019619e-02 -2.416458810335090912e-01 1.595785022894128519e-02 -2.515407039921239152e-01 9.633201513269953886e-02 -6.681579916301566557e-02 4.491928919946978210e-02 -3.654335872804154173e-01 4.782767894397635389e-02 5.528430408801055657e-02 -7.061066806723136080e-02 1.344903050303461467e-01 -4.167947118051713862e-02 -1.031488147551865020e-01 -3.717881657134426004e-02 -1.640753164733852604e-02 -2.305068816475138449e-01 -1.260410493649801178e-01 4.602996458210448227e-02 -2.597041467198092368e-01 -2.668997445209392999e-02 -2.140233665503157856e-01 -5.124964760454370910e-02 -1.399337362506445914e-01 -1.708366467611801554e-01 -1.166315721187218268e-01 -1.335374454457880777e-01 -4.460184934979370963e-01 7.817179573218002719e-02 -9.392095904698617714e-02 -1.919250621998019324e-01 -3.497739994278757647e-02 1.553461946487015577e-01 -6.843201029213213937e-02 4.275387199733754473e-02 -9.917780343586612979e-02 4.858354353438269074e-02 -2.572740948049771492e-01 5.703490598822423541e-02 -1.843324608970465517e-01 -5.171592854074378298e-01 -1.612720280960796559e-01 1.947959020177447986e-01 -3.811201253866177696e-01 -1.045754085945020673e-02 -1.229467612492645689e-01 -3.189150213624668273e-02 -1.816779459294756705e-01 -9.251874915162613955e-02 -1.555655361997204389e-01 -1.053825219998727608e-01 -1.524370026553264201e-01 -6.056440315104117539e-02 -9.666354454542240571e-02 -9.789483881216141103e-01 -8.078823309864731073e-01 -1.286980720791782495e+01 4.770290543973831343e-01 5.736227241877288385e+00 8.204328890280827569e-01 -8.072654290620151940e+00 5.908622012713964367e-01 3.923257666693613643e+00 6.861166860433157710e-01
0.000000000000000000e+00 0.000000000000000000e+00 0.000000000000000000e+00 0.000000000000000000e+00 -6.390524832295603821e-03 -1.964750024851695271e-03 -5.763502705534847767e-03 -3.485606644796965248e-02 -8.481608651850305880e-02 1.299227920887184931e-02 3.421730877753569738e-02 -2.570167857209471052e-02 -4.314480603810353157e-03 1.330268249793045351e-02 -6.437776716721484334e-03 -1.214766855759363481e-02 4.656209033527523855e-02 -8.716183212560363325e-02 -3.469699938312309495e-02 4.241308089268362724e-02 -6.259037776349358345e-03 -5.567243269158151514e-02 -4.118788849498714738e-02 -2.881945519431397974e-03 -2.944012660664264980e-02 8.240847381273681826e-03 -2.033762228840061553e-02 -2.419935912113872212e-01 -6.414783247555914947e-02 9.558496096603816836e-04 -4.605206572886962405e-03 2.776536352135808988e-02 -8.310578741009580842e-03 8.199202880413116595e-03 3.461456417063447921e-02 -1.428210149715622608e-02 -1.075156899218756949e-02 -5.331922053555521179e-02 1.618238078338299357e-02 7.210805327769037598e-02 -7.159175468627954411e-03 -4.282264583594615204e-02 -1.749422935566075782e-02 2.530780805661819732e-02 2.876360661358865790e-03 8.723495554796673393e-03 6.468353706449285825e-03 3.995935462988653430e-03 -1.354298550459975478e-02 -1.265259702724837523e-02 2.295862439544859353e-03 -9.904492149016199537e-03 0.000000000000000000e+00 0.000000000000000000e+00 0.000000000000000000e+00 0.000000000000000000e+00 1.028252953972054462e-01 6.765409885095943765e-02 -1.559395412121527269e-01 -1.720014379677556327e-02 -2.656435321921548631e-01 2.878544897908558164e-02 -3.480086484284077540e-03 3.983865895960135572e-03 -3.535989381770631573e-02 -7.965367443697274341e-03 -1.265680145721261585e-01 7.978914420662708284e-02 1.518548768368862822e-01 -9.427327157533926111e-03 -2.670799388561938270e-02 -9.870779821009445856e-03 1.142613958872404009e-02 6.883680794653224133e-02 -1.712025500973639591e-01 2.743937999962632948e-02 -4.985184329617716077e-03 -2.591426810354565125e-01 4.411730964069963262e-02 -3.953363782427322948e-02 1.274148407140789085e-01 5.299572590729110383e-03 1.629636383026021942e-02 9.429097264612270463e-03 -1.913360428610040055e-03 4.387541538279223635e-02 -8.153890754453424483e-02 9.613832954841439182e-02 -1.701746917632524295e-02 -1.182790829076685660e-02 -1.221573922267057966e-01 8.181398858905825078e-02 -4.282712958460197644e-02 -1.051426073671348910e-01 5.849698780349675900e-03 -2.007383909142586992e-02 1.505321559380191042e-03 1.473434412551855727e-02 -1.581390458736967736e-02 7.604814332490092421e-02 -2.248465954185231985e-01 -3.265969558231068132e-02 2.522519969593114628e-02 -6.108819472337563561e-02 -1.054441812396477718e-01 9.479790781506411412e-02 -3.984690401805685012e-02 -3.029966154042494642e-02 -8.225977146513013816e-02 -1.327489279065211837e-02 3.344125550826134580e-02 -1.546513597982481225e-01 -1.677308138191791961e-02 -8.916310601028380745e-02 -2.778629235275089093e-01 8.912155780691374818e-02 1.962820825221435125e-02 -1.009611513672141747e-01 -3.858758866115576114e-02 -6.803413006107587868e-02 -1.283072778881568302e-03 -1.083816200401367391e-01 -2.840118287032488559e-02 -5.886514905309950252e-02 -1.306525812746220094e-01 5.641941134813505121e-02 -2.608490705883608624e-02 -3.956088948667438321e-02 -1.130506375820457543e-01 -7.583450289123379040e-01 -2.140077491849524449e+00 7.271703967630238630e-01 1.066838854947033566e+00 8.635508027828542321e-01 -1.376748448129157865e+00 7.947854008896225730e-01 6.861166860431531234e-01 8.937975868061345253e-01
