1.000000000000000000e+00 0.000000000000000000e+00 0.000000000000000000e+00 0.000000000000000000e+00 0.000000000000000000e+00 0.000000000000000000e+00 0.000000000000000000e+00 0.000000000000000000e+00 0.000000000000000000e+00 0.000000000000000000e+00 0.000000000000000000e+00 0.000000000000000000e+00 0.000000000000000000e+00 0.000000000000000000e+00 0.000000000000000000e+00 0.000000000000000000e+00 0.000000000000000000e+00 0.000000000000000000e+00 0.000000000000000000e+00 0.000000000000000000e+00 0.000000000000000000e+00 0.000000000000000000e+00 0.000000000000000000e+00 0.000000000000000000e+00 0.000000000000000000e+00 0.000000000000000000e+00 0.000000000000000000e+00 0.000000000000000000e+00 0.000000000000000000e+00 0.000000000000000000e+00 0.000000000000000000e+00 0.000000000000000000e+00 0.000000000000000000e+00 0.000000000000000000e+00 0.000000000000000000e+00 0.000000000000000000e+00 0.000000000000000000e+00 0.000000000000000000e+00 0.000000000000000000e+00 0.000000000000000000e+00 0.000000000000000000e+00 0.000000000000000000e+00 0.000000000000000000e+00 0.000000000000000000e+00 0.000000000000000000e+00 0.000000000000000000e+00 0.000000000000000000e+00 0.000000000000000000e+00 0.000000000000000000e+00 0.000000000000000000e+00 0.000000000000000000e+00 0.000000000000000000e+00 0.000000000000000000e+00 0.000000000000000000e+00 0.000000000000000000e+00 0.000000000000000000e+00 0.000000000000000000e+00 0.000000000000000000e+00 0.000000000000000000e+00 0.000000000000000000e+00 0.000000000000000000e+00 0.000000000000000000e+00 0.000000000000000000e+00 0.000000000000000000e+00 0.000000000000000000e+00 0.000000000000000000e+00 0.000000000000000000e+00 0.000000000000000000e+00 0.000000000000000000e+00 0.000000000000000000e+00 0.000000000000000000e+00 0.000000000000000000e+00 0.000000000000000000e+00 0.000000000000000000e+00 0.000000000000000000e+00 0.000000000000000000e+00 0.000000000000000000e+00 0.000000000000000000e+00 0.000000000000000000e+00 0.000000000000000000e+00 0.000000000000000000e+00 0.000000000000000000e+00 0.000000000000000000e+00 0.000000000000000000e+00 0.000000000000000000e+00 0.000000000000000000e+00 0.000000000000000000e+00 0.000000000000000000e+00 0.000000000000000000e+00 0.000000000000000000e+00 0.000000000000000000e+00 0.000000000000000000e+00 0.000000000000000000e+00 0.000000000000000000e+00 0.000000000000000000e+00 0.000000000000000000e+00 0.000000000000000000e+00 0.000000000000000000e+00 0.000000000000000000e+00 0.000000000000000000e+00 0.000000000000000000e+00 0.000000000000000000e+00 0.000000000000000000e+00 0.000000000000000000e+00 0.000000000000000000e+00 0.000000000000000000e+00 0.000000000000000000e+00 0.000000000000000000e+00 0.000000000000000000e+00 0.000000000000000000e+00 0.000000000000000000e+00 0.000000000000000000e+00 0.000000000000000000e+00 0.000000000000000000e+00 0.000000000000000000e+00 0.000000000000000000e+00 0.000000000000000000e+00 0.000000000000000000e+00 0.000000000000000000e+00 0.000000000000000000e+00 0.000000000000000000e+00 0.000000000000000000e+00 0.000000000000000000e+00 0.000000000000000000e+00 0.000000000000000000e+00 0.000000000000000000e+00 0.000000000000000000e+00 0.000000000000000000e+00 0.000000000000000000e+00 0.000000000000000000e+00 0.000000000000000000e+00 0.000000000000000000e+00 0.000000000000000000e+00 0.000000000000000000e+00 0.000000000000000000e+00 0.000000000000000000e+00 0.000000000000000000e+00 0.000000000000000000e+00
0.000000000000000000e+00 1.000000000000000000e+00 0.000000000000000000e+00 0.000000000000000000e+00 0.000000000000000000e+00 0.000000000000000000e+00 0.000000000000000000e+00 0.000000000000000000e+00 0.000000000000000000e+00 0.000000000000000000e+00 0.000000000000000000e+00 0.000000000000000000e+00 0.000000000000000000e+00 0.000000000000000000e+00 0.000000000000000000e+00 0.000000000000000000e+00 0.000000000000000000e+00 0.000000000000000000e+00 0.000000000000000000e+00 0.000000000000000000e+00 0.000000000000000000e+00 0.000000000000000000e+00 0.000000000000000000e+00 0.000000000000000000e+00 0.000000000000000000e+00 0.000000000000000000e+00 0.000000000000000000e+00 0.000000000000000000e+00 0.000000000000000000e+00 0.000000000000000000e+00 0.000000000000000000e+00 0.000000000000000000e+00 0.000000000000000000e+00 0.000000000000000000e+00 0.000000000000000000e+00 0.000000000000000000e+00 0.000000000000000000e+00 0.000000000000000000e+00 0.000000000000000000e+00 0.000000000000000000e+00 0.000000000000000000e+00 0.000000000000000000e+00 0.000000000000000000e+00 0.000000000000000000e+00 0.000000000000000000e+00 0.000000000000000000e+00 0.000000000000000000e+00 0.000000000000000000e+00 0.000000000000000000e+00 0.000000000000000000e+00 0.000000000000000000e+00 0.000000000000000000e+00 0.000000000000000000e+00 0.000000000000000000e+00 0.000000000000000000e+00 0.000000000000000000e+00 0.000000000000000000e+00 0.000000000000000000e+00 0.000000000000000000e+00 0.000000000000000000e+00 0.000000000000000000e+00 0.000000000000000000e+00 0.000000000000000000e+00 0.000000000000000000e+00 0.000000000000000000e+00 0.000000000000000000e+00 0.000000000000000000e+00 0.000000000000000000e+00 0.000000000000000000e+00 0.000000000000000000e+00 0.000000000000000000e+00 0.000000000000000000e+00 0.000000000000000000e+00 0.000000000000000000e+00 0.000000000000000000e+00 0.000000000000000000e+00 0.000000000000000000e+00 0.000000000000000000e+00 0.000000000000000000e+00 0.000000000000000000e+00 0.000000000000000000e+00 0.000000000000000000e+00 0.000000000000000000e+00 0.000000000000000000e+00 0.000000000000000000e+00 0.000000000000000000e+00 0.000000000000000000e+00 0.000000000000000000e+00 0.000000000000000000e+00 0.000000000000000000e+00 0.000000000000000000e+00 0.000000000000000000e+00 0.000000000000000000e+00 0.000000000000000000e+00 0.000000000000000000e+00 0.000000000000000000e+00 0.000000000000000000e+00 0.000000000000000000e+00 0.000000000000000000e+00 0.000000000000000000e+00 0.000000000000000000e+00 0.000000000000000000e+00 0.000000000000000000e+00 0.000000000000000000e+00 0.000000000000000000e+00 0.000000000000000000e+00 0.000000000000000000e+00 0.000000000000000000e+00 0.000000000000000000e+00 0.000000000000000000e+00 0.000000000000000000e+00 0.000000000000000000e+00 0.000000000000000000e+00 0.000000000000000000e+00 0.000000000000000000e+00 0.000000000000000000e+00 0.000000000000000000e+00 0.000000000000000000e+00 0.000000000000000000e+00 0.000000000000000000e+00 0.000000000000000000e+00 0.000000000000000000e+00 0.000000000000000000e+00 0.000000000000000000e+00 0.000000000000000000e+00 0.000000000000000000e+00 0.000000000000000000e+00 0.000000000000000000e+00 0.000000000000000000e+00 0.000000000000000000e+00 0.000000000000000000e+00 0.000000000000000000e+00 0.000000000000000000e+00 0.000000000000000000e+00 0.000000000000000000e+00 0.000000000000000000e+00 0.000000000000000000e+00 0.000000000000000000e+00
0.000000000000000000e+00 0.000000000000000000e+00 1.000000000000000000e+00 0.000000000000000000e+00 0.000000000000000000e+00 0.000000000000000000e+00 0.000000000000000000e+00 0.000000000000000000e+00 0.000000000000000000e+00 0.000000000000000000e+00 0.000000000000000000e+00 0.000000000000000000e+00 0.000000000000000000e+00 0.000000000000000000e+00 0.000000000000000000e+00 0.000000000000000000e+00 0.000000000000000000e+00 0.000000000000000000e+00 0.000000000000000000e+00 0.000000000000000000e+00 0.000000000000000000e+00 0.000000000000000000e+00 0.000000000000000000e+00 0.000000000000000000e+00 0.000000000000000000e+00 0.000000000000000000e+00 0.000000000000000000e+00 0.000000000000000000e+00 0.000000000000000000e+00 0.000000000000000000e+00 0.000000000000000000e+00 0.000000000000000000e+00 0.000000000000000000e+00 0.000000000000000000e+00 0.000000000000000000e+00 0.000000000000000000e+00 0.000000000000000000e+00 0.000000000000000000e+00 0.000000000000000000e+00 0.000000000000000000e+00 0.000000000000000000e+00 0.000000000000000000e+00 0.000000000000000000e+00 0.000000000000000000e+00 0.000000000000000000e+00 0.000000000000000000e+00 0.000000000000000000e+00 0.000000000000000000e+00 0.000000000000000000e+00 0.000000000000000000e+00 0.000000000000000000e+00 0.000000000000000000e+00 0.000000000000000000e+00 0.000000000000000000e+00 0.000000000000000000e+00 0.000000000000000000e+00 0.000000000000000000e+00 0.000000000000000000e+00 0.000000000000000000e+00 0.000000000000000000e+00 0.000000000000000000e+00 0.000000000000000000e+00 0.000000000000000000e+00 0.000000000000000000e+00 0.000000000000000000e+00 0.000000000000000000e+00 0.000000000000000000e+00 0.000000000000000000e+00 0.000000000000000000e+00 0.000000000000000000e+00 0.000000000000000000e+00 0.000000000000000000e+00 0.000000000000000000e+00 0.000000000000000000e+00 0.000000000000000000e+00 0.000000000000000000e+00 0.000000000000000000e+00 0.000000000000000000e+00 0.000000000000000000e+00 0.000000000000000000e+00 0.000000000000000000e+00 0.000000000000000000e+00 0.000000000000000000e+00 0.000000000000000000e+00 0.000000000000000000e+00 0.000000000000000000e+00 0.000000000000000000e+00 0.000000000000000000e+00 0.000000000000000000e+00 0.000000000000000000e+00 0.000000000000000000e+00 0.000000000000000000e+00 0.000000000000000000e+00 0.000000000000000000e+00 0.000000000000000000e+00 0.000000000000000000e+00 0.000000000000000000e+00 0.000000000000000000e+00 0.000000000000000000e+00 0.000000000000000000e+00 0.000000000000000000e+00 0.000000000000000000e+00 0.000000000000000000e+00 0.000000000000000000e+00 0.000000000000000000e+00 0.000000000000000000e+00 0.000000000000000000e+00 0.000000000000000000e+00 0.000000000000000000e+00 0.000000000000000000e+00 0.000000000000000000e+00 0.000000000000000000e+00 0.000000000000000000e+00 0.000000000000000000e+00 0.000000000000000000e+00 0.000000000000000000e+00 0.000000000000000000e+00 0.000000000000000000e+00 0.000000000000000000e+00 0.000000000000000000e+00 0.000000000000000000e+00 0.000000000000000000e+00 0.000000000000000000e+00 0.000000000000000000e+00 0.000000000000000000e+00 0.000000000000000000e+00 0.000000000000000000e+00 0.000000000000000000e+00 0.000000000000000000e+00 0.000000000000000000e+00 0.000000000000000000e+00 0.000000000000000000e+00 0.000000000000000000e+00 0.000000000000000000e+00 0.000000000000000000e+00 0.000000000000000000e+00 0.000000000000000000e+00 0.000000000000000000e+00
0.000000000000000000e+00 0.000000000000000000e+00 0.000000000000000000e+00 1.000000000000000000e+00 0.000000000000000000e+00 0.000000000000000000e+00 0.000000000000000000e+00 0.000000000000000000e+00 0.000000000000000000e+00 0.000000000000000000e+00 0.000000000000000000e+00 0.000000000000000000e+00 0.000000000000000000e+00 0.000000000000000000e+00 0.000000000000000000e+00 0.000000000000000000e+00 0.000000000000000000e+00 0.000000000000000000e+00 0.000000000000000000e+00 0.000000000000000000e+00 0.000000000000000000e+00 0.000000000000000000e+00 0.000000000000000000e+00 0.000000000000000000e+00 0.000000000000000000e+00 0.000000000000000000e+00 0.000000000000000000e+00 0.000000000000000000e+00 0.000000000000000000e+00 0.000000000000000000e+00 0.000000000000000000e+00 0.000000000000000000e+00 0.000000000000000000e+00 0.000000000000000000e+00 0.000000000000000000e+00 0.000000000000000000e+00 0.000000000000000000e+00 0.000000000000000000e+00 0.000000000000000000e+00 0.000000000000000000e+00 0.000000000000000000e+00 0.000000000000000000e+00 0.000000000000000000e+00 0.000000000000000000e+00 0.000000000000000000e+00 0.000000000000000000e+00 0.000000000000000000e+00 0.000000000000000000e+00 0.000000000000000000e+00 0.000000000000000000e+00 0.000000000000000000e+00 0.000000000000000000e+00 0.000000000000000000e+00 0.000000000000000000e+00 0.000000000000000000e+00 0.000000000000000000e+00 0.000000000000000000e+00 0.000000000000000000e+00 0.000000000000000000e+00 0.000000000000000000e+00 0.000000000000000000e+00 0.000000000000000000e+00 0.000000000000000000e+00 0.000000000000000000e+00 0.000000000000000000e+00 0.000000000000000000e+00 0.000000000000000000e+00 0.000000000000000000e+00 0.000000000000000000e+00 0.000000000000000000e+00 0.000000000000000000e+00 0.000000000000000000e+00 0.000000000000000000e+00 0.000000000000000000e+00 0.000000000000000000e+00 0.000000000000000000e+00 0.000000000000000000e+00 0.000000000000000000e+00 0.000000000000000000e+00 0.000000000000000000e+00 0.000000000000000000e+00 0.000000000000000000e+00 0.000000000000000000e+00 0.000000000000000000e+00 0.000000000000000000e+00 0.000000000000000000e+00 0.000000000000000000e+00 0.000000000000000000e+00 0.000000000000000000e+00 0.000000000000000000e+00 0.000000000000000000e+00 0.000000000000000000e+00 0.000000000000000000e+00 0.000000000000000000e+00 0.000000000000000000e+00 0.000000000000000000e+00 0.000000000000000000e+00 0.000000000000000000e+00 0.000000000000000000e+00 0.000000000000000000e+00 0.000000000000000000e+00 0.000000000000000000e+00 0.000000000000000000e+00 0.000000000000000000e+00 0.000000000000000000e+00 0.000000000000000000e+00 0.000000000000000000e+00 0.000000000000000000e+00 0.000000000000000000e+00 0.000000000000000000e+00 0.000000000000000000e+00 0.000000000000000000e+00 0.000000000000000000e+00 0.000000000000000000e+00 0.000000000000000000e+00 0.000000000000000000e+00 0.000000000000000000e+00 0.000000000000000000e+00 0.000000000000000000e+00 0.000000000000000000e+00 0.000000000000000000e+00 0.000000000000000000e+00 0.000000000000000000e+00 0.000000000000000000e+00 0.000000000000000000e+00 0.000000000000000000e+00 0.000000000000000000e+00 0.000000000000000000e+00 0.000000000000000000e+00 0.000000000000000000e+00 0.000000000000000000e+00 0.000000000000000000e+00 0.000000000000000000e+00 0.000000000000000000e+00 0.000000000000000000e+00 0.000000000000000000e+00 0.000000000000000000e+00 0.000000000000000000e+00
0.000000000000000000e+00 0.000000000000000000e+00 0.000000000000000000e+00 0.000000000000000000e+00 2.130922732615812571e-03 -8.536552525519452159e-04 3.027697715426757967e-03 -1.886212253698914699e-03 6.986961186925040417e-03 -3.003472958368566016e-04 -1.007635058420548182e-04 -1.355953433387784013e-03 3.484362464117715576e-03 -3.738081832416343189e-04 1.559728274641798479e-03 -7.161591798991762429e-04 4.278616139962501392e-04 -3.701716015624629923e-03 8.774908571025613179e-04 1.722328583855316274e-03 1.137748050454803804e-03 2.855373320899819763e-03 1.539960751203360524e-03 7.308019599595204016e-04 3.339436076639832815e-03 6.229137129043625003e-04 1.175065858214103528e-04 -1.067746258247030807e-03 -7.068582999664945778e-03 -6.894164946149258268e-04 4.271657708087308019e-05 -6.719469285421188253e-04 5.914565634420325835e-04 -1.848691673621258346e-03 4.313779127280745846e-04 -5.050849280864300184e-04 6.422066520342304113e-04 1.583451965836462066e-03 4.238774982604730495e-04 1.968947981845502182e-02 1.507696641843190135e-04 1.374755053549217435e-03 -4.650392944164131689e-04 6.382859252784731357e-04 1.114680329274314900e-03 -8.153041178309108558e-03 6.295646297064350777e-03 4.701212897438342142e-03 4.187971387125436276e-03 7.681373472261548464e-03 -2.517739377429089459e-03 1.339605166555916591e-02 3.627464660556240297e-03 8.397744964011638266e-03 0.000000000000000000e+00 0.000000000000000000e+00 2.012750865199229805e-04 4.769254991673582233e-04 4.064682543282814153e-04 -7.854496198838530367e-04 -9.596125678076683832e-04 -1.860998188284843818e-04 -4.905327212668270516e-05 3.523390376784905518e-04 -3.686883814685284550e-06 -9.483771968180284857e-04 8.442329375217645301e-04 -6.273118835227464718e-04 -1.975531355318917235e-04 4.490471853197411053e-04 -2.268510599344853535e-04 -4.907548902748029183e-04 1.051178819340230393e-02 -6.562432679242250540e-04 3.786614941162946184e-04 -4.040817701092062051e-04 2.220786479167120733e-04 -1.525762938926979628e-04 1.673871456490285520e-04 2.053824453000413269e-04 1.161864077563116141e-04 4.505142363889143601e-04 -6.973488701557712549e-05 -2.172797245241218683e-04 -9.768521825606704158e-04 -9.548381907436641986e-04 1.651063022809187188e-03 -1.501189576003509045e-04 -8.992311486523391463e-05 -6.733835738962403719e-04 -3.172204355653025234e-04 -3.329290654354110333e-04 -8.464298841426053707e-04 -1.263601013809495261e-03 1.639047600890476079e-03 -8.001062746356519748e-05 -3.507274671826093350e-03 1.931276964667658471e-05 1.308889661768654995e-03 -6.985921370645616817e-04 2.013072039265967892e-04 -5.416494777820582245e-04 1.581407329970306672e-04 -3.572621560811437328e-05 5.568474844295573031e-04 -6.208777792567163768e-04 -5.342368934984083979e-04 8.315782834841749086e-05 4.822434347957635587e-05 1.012721028447178379e-04 -2.312973329000343531e-04 -4.433030544108007695e-04 -3.711621778042186495e-05 3.702303380510317586e-04 -2.385264907460478293e-04 -3.501871194801481194e-04 -7.460858767144714840e-04 -3.025361852066799128e-04 -6.695728260456025854e-04 2.650851726591253602e-04 -4.175863172827560675e-04 -2.955170430381997231e-05 -1.470904713532121609e-04 4.417834746280639539e-03 4.311597105409422964e-04 -8.306014034439108051e-04 -1.229271757635762438e-04 4.551192456267031446e-04 7.175922280313770619e-04 1.256344275937654187e-04 -5.982031324933201940e-04 -3.467271263285934897e-04 1.915009090723664490e-04 1.203436004806005205e-03 5.848407113290436730e-05 -3.780840833205580749e-04 6.276362575247324341e-04 -3.200798193935465268e-04
0.000000000000000000e+00 0.000000000000000000e+00 0.000000000000000000e+00 0.000000000000000000e+00 -8.536552525520898485e-04 8.914358469095178331e-03 -1.529880433917657620e-03 1.065139898427544356e-02 -5.067685130239215838e-03 9.521228431294909145e-03 -2.605313729607655593e-04 1.025592393164716362e-03 -2.923361068733354266e-03 9.640546704322979985e-03 -2.439969016331144827e-04 1.219173017992190682e-02 -7.085444745059610782e-04 -9.176481934583022304e-03 -2.130559812447954584e-03 -1.332799571985236915e-03 -3.223670395361390422e-03 4.376195847907752515e-04 -3.517807316678685844e-03 -1.446556002524471563e-04 -3.027570468068083252e-03 9.510331325067327563e-03 5.672340550997626539e-04 1.463212720079438761e-03 3.126497358416808169e-03 1.029035002868240560e-02 -4.412523086407295743e-05 2.240421156338840564e-03 -1.013434708386240632e-03 1.772215895907646235e-02 -9.385013027608487320e-04 1.089113700678349603e-02 7.089636582519360727e-03 -7.722248529473390178e-04 1.222789146715827480e-05 -1.219545857506153588e-02 -3.491160553097485443e-03 1.703849962407458316e-03 -1.026106091810171598e-03 8.011789505520663587e-04 3.811797504145431580e-03 1.547643899070481888e-02 1.796861112547926131e-02 -3.347895839421045298e-03 5.977738337708744798e-02 -4.508186613185715709e-03 -3.492060820590518755e-02 -4.896952277417279675e-03 1.537668362267888278e-01 -3.956085777319533203e-03 0.000000000000000000e+00 0.000000000000000000e+00 6.111840780035625613e-04 7.367685630370638620e-04 2.363663954162272202e-04 5.421590259432327620e-04 -2.544806897358787255e-05 7.180233310663504745e-04 4.089938759923653620e-04 4.056490898825591915e-04 -1.955068852330491848e-04 -1.111750977561992400e-03 -2.891709713211571844e-04 6.901701629461507543e-04 3.806387325792379779e-04 7.122870144458882035e-04 4.319746869733086508e-05 5.686216103115673999e-04 -3.126032364073392383e-02 -1.326046642611154822e-03 -1.838763185165975095e-04 1.359992878121916516e-04 1.051711196571703617e-04 -2.132439119848894668e-04 1.378462056587830779e-03 4.840414183564298442e-04 -3.260427379674551225e-04 -1.007385317537083777e-04 -1.014150846540522481e-03 -9.320183399569074935e-05 1.787129055135317987e-02 6.945317030823026320e-04 3.869714900967111040e-05 5.340494609584972661e-04 -2.323637074785707066e-04 7.730262305459032856e-06 -2.394177413608451787e-04 1.590655975211379921e-04 -1.856990660725967197e-04 5.165302033986257039e-04 3.143269237500597932e-03 1.000000767332097622e-03 -4.660816174586992350e-03 1.267653350122844875e-03 1.170476236106067361e-03 2.045335506935972922e-03 -2.441086157357008580e-04 -1.156956207246777682e-03 -3.150551635158787243e-03 2.646096602999569239e-03 -2.627012791641658552e-04 6.806182811216465994e-04 -1.042524165524194742e-04 -7.528600061476882054e-04 8.586856107805261812e-04 9.679997579927098177e-06 9.054617030396165233e-04 1.061075501534928254e-03 -1.198626183414377598e-03 2.124453654801804247e-04 1.112482950048904705e-03 6.412082137702023767e-04 6.768336633132261259e-05 5.836951244904460155e-04 -1.009488708418981254e-03 7.450824295395315402e-04 -2.280532623365023707e-03 1.206201765662300767e-03 -6.188800437836236828e-04 4.049247666413853530e-03 4.588835916642807107e-04 2.674474039144927569e-04 -1.767394118476549357e-03 1.043103293656108034e-05 4.021097785550067005e-04 8.909101897386782938e-04 -5.038581671364707193e-04 9.373478827597568359e-05 -1.299052893186420526e-04 -2.105497125312047208e-03 -1.205575377208471018e-03 -1.241944478097682788e-03 7.167353407458623270e-04 -1.121998902456941127e-05
0.000000000000000000e+00 0.000000000000000000e+00 0.000000000000000000e+00 0.000000000000000000e+00 3.027697715426800468e-03 -1.529880433917274246e-03 9.942993452669248236e-03 -1.878077174421586464e-03 1.894145863131267010e-02 1.465810968078081139e-03 -6.604878216606013949e-04 -3.816734481458403539e-03 1.009040438558349122e-02 5.120535116369679795e-04 6.041387541824930901e-03 2.787692423065099264e-04 6.410146416344996269e-04 -5.700547537083057968e-03 1.188503343199981931e-03 4.137026945674881530e-03 1.173539281369437217e-03 6.848087082295188123e-03 1.932395327518024691e-05 3.892498662710229453e-04 8.337211492356041975e-03 2.730220066479629743e-03 9.394813471483377853e-04 -3.164045463322938054e-03 -1.972307180112458508e-02 6.902635044132987693e-04 1.607936532884101885e-04 -2.888928119793633589e-03 1.867962694139116767e-03 -7.512757252626752532e-04 1.002935216150171701e-03 -7.652753233032985689e-04 4.598746810664930060e-03 2.723773828574801298e-03 2.970865782484346466e-03 4.407414280134734630e-02 -1.133645653675869908e-03 4.042103299169146936e-03 -1.040860924266489088e-03 1.926635262949895908e-03 4.010394047754331330e-03 -1.489359456260400637e-02 1.810568506230246164e-02 1.173196953505927474e-02 2.120767596957266049e-02 1.555118448001897163e-02 -1.058297834864646916e-02 2.282646263668789213e-02 3.414386434714454521e-02 1.614141185179662416e-02 0.000000000000000000e+00 0.000000000000000000e+00 3.942889630904435126e-04 1.008372153110909152e-03 8.593834349043739289e-04 -1.299449512277972476e-03 -1.895664826818079960e-03 1.355187982649509932e-04 7.874099441298631661e-05 9.160121252432963223e-04 -1.470110939457147387e-04 -2.289501483157577091e-03 1.731085798155293206e-03 -9.886870810913584839e-04 -3.689000714778826627e-04 3.378471746900048181e-04 -6.820486847865354051e-04 -1.178866767656320006e-03 1.752955574717081702e-02 -4.627953417215375717e-04 7.609995440340316334e-04 -3.139184593957422033e-04 5.195632725381292300e-04 -3.649346779572432142e-04 6.378668799204913501e-04 4.763702440400776369e-04 1.855217550664156839e-04 1.244345440000115119e-03 -9.567538993267605423e-05 -7.035790985578501073e-05 -7.297559375433245593e-05 -1.756984604307941207e-03 3.198324321083505922e-03 7.832437205922794044e-06 -7.104980347593680182e-05 -1.570779623751161844e-03 -6.805923028403860608e-04 -1.221054918721299620e-03 -2.295149850893160419e-03 -2.011653017309373952e-03 3.494443277746953330e-03 1.011325945922328298e-03 -8.199261175277952965e-03 9.851864174803127809e-04 3.024942584756946072e-03 -5.221898897760681975e-04 3.408699083637100344e-04 -9.741809235393099689e-04 1.040208408204328343e-04 -3.619772256092151550e-05 1.199650420602080096e-03 -1.235948558003941398e-03 -1.181463166084177011e-03 3.107705713024156748e-04 1.345489077073358769e-04 5.616044304120869921e-04 -7.108603540632944242e-05 1.260187186481546962e-04 -1.997146309660936152e-05 9.104800437236295046e-04 -3.590158393829392578e-04 -7.039094024017661638e-04 -1.549519058727167513e-03 -3.833942291148531838e-05 -1.660869892596811498e-03 1.084891557017103169e-03 -1.582770807021899881e-03 6.678875383792484471e-04 -4.634791970580664101e-04 9.742976355835958335e-03 1.051875842682174766e-03 -1.262336457615538749e-03 -5.649141204562270436e-04 7.096383839639162829e-04 1.345859922926341285e-03 4.102298133336559232e-04 -7.054642902072421826e-04 -4.937173506736195535e-04 3.402326633839065006e-04 2.635063094537065231e-03 4.211779791430796680e-05 -6.771401922642542254e-04 1.266529774764626765e-03 -3.768350377097576319e-04
0.000000000000000000e+00 0.000000000000000000e+00 0.000000000000000000e+00 0.000000000000000000e+00 -1.886212253699050224e-03 1.065139898427588418e-02 -1.878077174421929289e-03 2.143820738473895676e-02 -7.191476562236312660e-03 1.668079786440288675e-02 2.609977944192793916e-04 2.273582268652352438e-04 -3.716011538186435922e-03 1.730273816587787547e-02 -9.336925984708287663e-05 2.034911594228900125e-02 -1.375471387774559063e-03 -8.959732471294305431e-03 -3.087280460284003592e-03 3.265781826435087184e-04 -4.651371449009182764e-03 -6.506668177943193991e-04 -6.446979690070892173e-03 -7.336038957112581919e-04 -4.823911284400070505e-03 1.667853849682150377e-02 8.635328548349833697e-04 7.820367116115199864e-04 4.038833203771578957e-03 1.799516194156270538e-02 -6.451831468880773503e-04 2.747702189807590956e-03 -1.615830277761952502e-03 3.039461899839382766e-02 -1.571132835070192073e-03 1.797288532843367009e-02 1.386735052167350699e-02 -2.341358988976026921e-03 1.637065929816955250e-03 1.448888346770463298e-02 -5.858640223287316616e-03 2.207109806164531032e-03 -4.573896442566370742e-05 1.699939470492183545e-03 6.014299260172430335e-03 2.859588022180393693e-02 2.723376308269737089e-02 -7.291215536154139511e-03 9.832693571580621017e-02 -8.744161649887186027e-03 -5.029330847154958595e-02 -1.262781284574250422e-02 2.399778539410861167e-01 -9.447615399797836683e-03 0.000000000000000000e+00 0.000000000000000000e+00 8.744169124508864794e-04 1.734514272012430743e-03 -2.838504507330319405e-04 1.129750365341327181e-03 1.388529569634263262e-04 1.418487051022937137e-03 6.207854099275918712e-04 1.777106719701509411e-03 -4.478505929895088044e-04 -2.368354792401738875e-03 -1.293634239504873936e-03 1.533707873997358032e-03 5.390312290668887582e-04 2.315453781028214194e-03 -4.110642265857746046e-04 9.327374977085264082e-04 -4.476089538864611722e-02 -3.113012142968061939e-03 -4.404174453890652777e-04 9.644074561989547222e-04 7.436573460956012868e-04 -6.518920561364091593e-04 3.555872716234192467e-03 8.190574386692352563e-04 -4.285873212156214519e-04 2.425937522258282708e-04 -1.584164545059686940e-03 -5.703644211097564027e-04 2.248382248286567853e-02 8.783075153041421763e-04 -5.562085716198797783e-04 1.190343918798333596e-03 -7.107710391452115020e-04 -2.614933520577472788e-04 -3.371551140699055463e-04 -3.872368477837655025e-04 -5.197814655764762190e-04 -2.091696597834647765e-04 4.835009736246568407e-03 3.636359826325928288e-03 -9.348618444009549125e-03 3.865189762025275991e-03 5.554914827428348266e-04 5.503352576760528643e-03 -4.458330986241870763e-04 -2.171594227580380104e-03 -4.767829404044125752e-03 5.992846935613621757e-03 -6.256227363582911229e-04 1.895015150139674892e-03 -7.032358350809908738e-04 -1.345314616028665377e-03 1.234080211000184151e-03 -2.156872874939733402e-04 1.244778029733839726e-03 1.348935380644676043e-03 -2.123646520231137983e-03 9.539055838079942527e-04 2.315495081484974030e-03 1.754544840111271807e-03 -1.386149998253909750e-04 1.393932512188921554e-03 -1.988026816723701632e-03 8.093801796574515194e-04 -4.065176509200424219e-03 2.197829806466851735e-03 -1.011168874640422594e-03 6.538456531313433136e-03 8.452637053412702687e-04 6.415877702559890858e-04 -3.789239566184988885e-03 2.388994827685187285e-04 7.140459538121502045e-04 1.698995064893763125e-03 -1.673510987399498768e-03 5.780414605106887769e-04 -1.984459074301495778e-04 -3.329820150520559387e-03 -2.323240547219608456e-03 -1.977457802267049407e-03 1.399323057809610457e-03 1.554492097416654370e-04
0.000000000000000000e+00 0.000000000000000000e+00 0.000000000000000000e+00 0.000000000000000000e+00 6.986961186925440270e-03 -5.067685130239289563e-03 1.894145863131299623e-02 -7.191476562236403733e-03 5.635392921987350534e-02 -3.296668456811116706e-03 1.413839340866674798e-03 -5.414786532818024502e-03 2.670224779513174357e-02 -1.980717039739472458e-03 1.155011647489182468e-02 -4.300862949778733874e-03 1.221044191676364573e-03 -5.652796933203361671e-03 6.101260158491992810e-03 3.944772511877339162e-03 7.808184795148423799e-03 1.446374361633373518e-02 1.419716544979015248e-02 3.175874925182053769e-03 2.677537628027494912e-02 7.489565883553156965e-04 -4.101984656911331355e-04 -2.699804558452928958e-03 -5.194877431022625752e-02 -4.549579173468650678e-03 -5.552612137866393604e-04 -3.101038317914627754e-03 3.230876427258387671e-03 -8.346802986356155127e-03 3.487560018912217071e-03 -5.357089100042455865e-03 -8.867657292666571243e-04 7.499610351224505513e-03 1.192145100676422417e-03 4.853321324754460153e-02 1.235037797491558495e-02 1.182782925975873686e-02 -3.341833385221819937e-03 6.566302061780931489e-03 4.504595637709439201e-03 -4.087826991059447662e-02 9.875287812346972630e-03 3.082416757840837976e-02 -2.661759868738443682e-02 3.895597534920124810e-02 1.673507031262408754e-02 5.723092494690641685e-02 -1.029822772096489480e-01 4.069725403054585272e-02 0.000000000000000000e+00 0.000000000000000000e+00 9.717545594533496612e-04 1.926332582214738661e-03 8.126988845636157590e-04 -3.335239533660996295e-03 -4.743190550853542894e-03 -1.328603349808989099e-03 -6.108641248751089763e-04 3.574862492775350304e-03 2.752500052937674815e-04 -4.241613325875710078e-03 3.237782861876932917e-03 -2.945189812704826146e-03 -1.358152248949523163e-03 2.238836819704614206e-03 -1.882027949769979986e-03 -3.119477932839590569e-03 8.152135105409792637e-02 -3.237252341148246729e-03 1.747362923014933933e-03 -1.524980859626583240e-03 1.775954863038323910e-03 -4.660003595924386679e-04 2.694731838783789076e-03 1.648088290290319804e-03 7.751770137046884749e-04 3.700758790550751336e-03 3.574368463117137272e-04 5.248421715852619228e-04 -1.974045677825991829e-02 -6.314524041076350833e-03 7.254334731966393182e-03 -1.016262120326921802e-03 -9.561737624107725843e-04 -2.920009753095931856e-03 -1.325459147337395942e-03 -3.364714216424952598e-03 -4.167431926728706014e-03 -6.314124186631739528e-03 5.656529321928770518e-03 2.541408412263831788e-03 -1.561994400187365593e-02 2.067416197285306019e-03 3.885493324662041455e-03 -2.167311017522838106e-03 9.259279957311627790e-04 -1.635981345153751827e-03 2.022393193614096911e-03 -7.066938382636640944e-04 2.715104328160310859e-03 -3.565986005926445254e-03 -3.835420201392700668e-03 2.039544435503576249e-03 -4.434204058917548107e-04 1.638517812926916246e-03 -1.767717071819675887e-03 -8.717394939413031522e-05 1.321124771921509044e-04 3.271486514275074014e-03 -7.946987164117104863e-04 -1.979552731604561095e-03 -4.412601512540840001e-03 6.466972386235944137e-04 -3.488075632639798824e-03 1.711491549735631246e-03 -1.954708537953780360e-03 6.029953008409430276e-04 -1.099730477917531006e-03 2.467556184822430887e-02 2.001712050013155619e-03 -3.987673493035622484e-03 -9.924280687141524837e-04 2.628723554968768333e-03 3.221771051657307781e-03 -7.386950345531413415e-05 -2.946975756513467003e-03 -9.879419148162227673e-04 1.158424143817979573e-03 7.539234899563223083e-03 1.007625304869253814e-03 -4.745404601632583212e-04 3.116347252696295526e-03 -6.166413521665831338e-04
0.000000000000000000e+00 0.000000000000000000e+00 0.000000000000000000e+00 0.000000000000000000e+00 -3.003472958370635758e-04 9.521228431295346295e-03 1.465810968077612547e-03 1.668079786440315737e-02 -3.296668456811412910e-03 2.173289108555294738e-02 -2.005263931814110865e-03 -6.477597106949838611e-03 -1.548316038566354205e-03 1.787297710362222708e-02 1.107017810981063624e-03 2.030532717691553579e-02 -2.517180539502858667e-04 -1.672583026778742127e-02 -2.061555838251536831e-03 1.632256127121013700e-03 -3.416284591256923096e-03 3.502761287866725318e-03 -4.276946722288238120e-03 -8.737785651229643428e-04 -2.249100890446610081e-03 2.108976281204087352e-02 1.784834598644031382e-03 -3.956746753242915658e-03 -1.733894772150907596e-03 2.106102229589755168e-02 2.856511563790833409e-04 -3.970746031631328457e-03 -2.203836042572942329e-04 2.840935914473087867e-02 -6.811987322016680498e-04 2.006105989489221156e-02 8.517252788046776601e-03 -1.212587553802515344e-03 2.390492365759279772e-03 -9.124476067353441688e-03 -1.085781071284232929e-03 2.639429023726278748e-03 -3.336997828780241017e-03 -3.961929801773333591e-04 6.373827431634062138e-03 1.911744900672668682e-02 3.620669709149781229e-02 -5.099325145098665109e-05 9.086845407693101839e-02 -9.066846018343384633e-06 -5.245181168197299987e-02 1.610193179604400577e-03 2.235948111569444063e-01 3.005087703959275023e-04 0.000000000000000000e+00 0.000000000000000000e+00 7.131191026123000730e-04 2.604846617747665592e-03 1.871052505703787875e-03 -8.433321064504359452e-04 -1.639346742115146320e-03 1.935995364081551616e-03 7.240240409184378872e-04 4.180345411793818145e-04 -1.053101925033386342e-03 -4.129675139428937332e-03 1.980958680482239678e-03 7.234478358999086450e-04 1.859043096192946405e-04 1.046791258709399430e-03 -9.291727270924248156e-04 3.148952753108548832e-04 -2.924571175037149820e-02 -1.397205265002263077e-03 4.749832821161900035e-04 8.878154403928665119e-04 8.152515845472018937e-04 -1.088911809290926506e-03 2.577448490995043213e-03 1.783784987103078376e-04 -1.582164848811680718e-04 7.603184507036584838e-04 -1.698123066715363219e-03 -1.831585392950746318e-03 2.312440693079399409e-02 3.983818053505227131e-04 3.330839303944472390e-03 1.509598428442505448e-03 1.374585149776251297e-04 -2.462425387363665306e-03 -7.931864239761924566e-04 1.876962606727860909e-03 -7.995204613360095032e-04 -2.314737824209027288e-03 4.648315143909119949e-03 -8.295325688422497921e-04 -9.595579593890311842e-03 3.110883285582658267e-06 3.855967612654357009e-03 1.426811180514515279e-03 1.669643891376354950e-04 -2.055986294521115060e-03 -1.091143818798479253e-03 3.773397264539661393e-03 8.933961764169463414e-04 8.783573539077869398e-04 -7.954055513664862187e-04 -1.743816480324018002e-03 1.241516815075599045e-03 5.391078844115112980e-05 6.255085320691659498e-04 4.760532431207323582e-04 -1.441745567548528492e-03 7.578773089094608447e-04 6.961855820882556240e-04 8.712236151031799419e-04 -1.080753628977225390e-03 -8.870113310330543163e-04 -2.653624844256513050e-03 1.671529502455573616e-03 -3.499240797733667134e-03 2.290124921839496817e-03 -3.250013114655373901e-04 1.047035946185981975e-02 1.735671318651815266e-03 -4.830675598511253131e-05 -2.448879120293013124e-03 -4.370004862411203898e-05 2.117549858074532689e-03 2.579457780153539270e-03 -1.796004916803959706e-03 -9.177048439369925358e-04 -8.100421317700858036e-04 -1.220215462006332468e-03 -2.402948750679432480e-03 -3.438463982139702575e-03 1.909634762956086661e-03 -2.164407681895935687e-03
0.000000000000000000e+00 0.000000000000000000e+00 0.000000000000000000e+00 0.000000000000000000e+00 -1.007635058419521713e-04 -2.605313729612233637e-04 -6.604878216603288265e-04 2.609977944185795391e-04 1.413839340867577505e-03 -2.005263931814650364e-03 7.463874484688754092e-03 3.699485296711598186e-03 -1.889406763803953674e-04 -5.181218446120140850e-04 -5.640493243853102320e-04 -2.181586649866979789e-03 -1.019775932248005897e-03 1.579585958655663203e-02 9.626188210103995765e-04 -5.806635974814028205e-04 2.186051280762728224e-03 -5.829489147483213340e-03 -7.049500029234546418e-04 2.136893615136589404e-04 6.353463189925309153e-04 -1.882014883458493857e-03 -4.702927897579831616e-03 2.436941647251319575e-03 7.999214029523837410e-05 -1.352262828713328121e-03 -2.224635116720828296e-03 8.729703928045080136e-03 -3.354449439337742526e-04 6.316755802189545112e-03 2.130691616121751153e-04 -1.361139192493035976e-03 -5.157208537907075584e-03 3.696174488474397745e-04 -2.290860503000357977e-03 5.421730082055649380e-02 6.427701301907857295e-03 -4.543226813664780553e-04 1.528992875154823461e-03 -2.811009392522781369e-03 -2.102637294189528289e-03 2.128976633534646491e-03 -2.095174140844174859e-02 -4.643795393388886611e-04 -2.919538433058167792e-02 1.584015275552838717e-04 2.348325618228865042e-02 -3.462633551100560269e-04 -5.616734606848602235e-02 -3.558085498082798424e-03 0.000000000000000000e+00 0.000000000000000000e+00 6.453590921322220706e-04 -3.527005964322404096e-04 -3.789149026348976722e-03 2.463544150081070638e-03 2.378259435339764426e-03 -7.868089072783186419e-05 8.232945836476751882e-05 1.994547163957432426e-03 3.750088554574208008e-04 2.701584902054737314e-05 -4.972188019519494309e-03 1.689319837097722626e-03 1.149066869138158409e-04 -1.433704464418727054e-03 -1.773695846129332877e-04 2.346770746197198842e-03 6.070946027774880294e-03 7.246110808733975022e-04 -1.336335359866692345e-03 7.083562380926322448e-04 7.630510830775199572e-04 3.526139566926192155e-04 2.832331419895037575e-03 1.037047275582438305e-03 2.237881208892680371e-05 7.012717990059778644e-04 4.449677740793262697e-05 1.578644286434233894e-03 -1.474019995445307631e-02 -7.369628786935199325e-04 -5.623636582556938886e-03 -5.066815917054706681e-05 -1.666076354584139886e-03 2.115777281109302178e-03 6.519292414300878209e-04 -1.170791455904776623e-03 2.140548542947572682e-03 -3.836319829462944003e-05 -2.037485767416515221e-04 3.933644557933724424e-03 1.975981028592361036e-04 3.840162782472153306e-03 -4.905814921276968436e-03 7.336287869961990830e-03 -7.152662193152718815e-04 -1.380866581161908761e-04 -2.472915236070735018e-03 4.227528710346815585e-03 -2.341474408460110426e-03 1.636718105792454771e-03 -2.185901137775189879e-04 -4.830675781623093709e-04 3.075715470556508605e-04 5.853005661502642531e-05 4.025841047244238416e-04 -6.581904755584889761e-04 -1.275900136417310125e-03 9.493843604660183108e-04 2.614724613185615693e-03 1.009586811145847789e-03 8.546975870355567407e-04 1.577649780457738996e-03 4.515196601928869562e-04 4.506103755853990418e-04 -1.034871378362912540e-03 5.595027445889432611e-04 -6.445223927581190167e-04 -3.902869472575728766e-03 -1.132912555107222583e-03 1.437626043103949671e-03 -2.729717574033042882e-03 -3.152842817247167827e-04 -1.381227774033211286e-03 -6.544006516447508238e-04 -1.805088265487675078e-03 1.778709117395205815e-03 2.095247098425094469e-04 -2.618297643418032294e-03 -3.241656392992393171e-04 2.686575038198207692e-03 9.097513985802254495e-05 2.109991230965885169e-03
0.000000000000000000e+00 0.000000000000000000e+00 0.000000000000000000e+00 0.000000000000000000e+00 -1.355953433387610107e-03 1.025592393164507111e-03 -3.816734481457734803e-03 2.273582268651332203e-04 -5.414786532816512690e-03 -6.477597106950318262e-03 3.699485296711359228e-03 2.193615400565254031e-02 -3.333905916912258214e-03 -2.057254079440401853e-03 -1.641618475216117612e-03 5.327472846985607064e-05 -8.185652445209300274e-04 9.390946086654323316e-03 3.259585680844368579e-04 -6.105262466045924263e-03 6.774640942174010427e-04 -7.129531514580182867e-03 -2.121675646728419032e-03 4.902460058716735444e-04 -2.250808056776527899e-03 -5.078697113472943787e-03 -2.334883754643652092e-03 1.481112183827493906e-02 7.524061231812677851e-03 -4.685953072564252864e-03 1.301840919039175997e-03 2.088511247734720078e-02 -1.132919398382640054e-03 5.043913374014952385e-03 -4.117412702382867995e-04 -4.746055078481601318e-04 -2.056630697824910967e-03 2.689480840504330367e-04 -4.674501694566940597e-03 -1.195627389801029797e-02 2.987127774794757443e-03 -2.203728249652753615e-03 3.755073171279153452e-03 -8.141312361614313413e-05 -1.559046212276219952e-03 8.504421292810922933e-03 -1.573839071571561318e-02 -5.185509309094915066e-03 -5.460790160905166016e-03 -6.373682638270682273e-03 1.013360145045237061e-02 -5.123604769978635023e-03 -1.357896862662430135e-02 -8.477177542170387381e-03 0.000000000000000000e+00 0.000000000000000000e+00 -1.616654451983923733e-03 -4.531357784550465138e-03 -3.970674578122017698e-03 5.862019032939195205e-03 7.522375651706032437e-03 -1.031970369104759670e-03 9.786978634919944037e-05 -1.605729651714754179e-03 1.707566649509828938e-03 9.928330037929688004e-03 -7.113253259865207415e-03 2.724249320845066429e-03 1.443513242761753843e-03 4.860236922419531908e-04 4.142199863545083585e-03 2.616658289269387094e-03 -6.542914798240173635e-02 1.528401559900833141e-03 -2.964800172804521634e-03 1.039686299568818272e-03 -3.225729208926117388e-03 1.422351612151068418e-03 -4.230058327679893718e-03 -3.633588590251370337e-04 -1.305530262914227774e-03 -5.361243879940937734e-03 2.955194805016591111e-03 3.845196363276316958e-03 1.998569661524754806e-02 7.009156548451044889e-03 -1.311419117586901453e-02 -8.003384979117683954e-04 4.780200260187362181e-04 7.610427326170283828e-03 1.739234078101177527e-03 1.665661077498186067e-04 3.648647647243477218e-03 4.998945152262655039e-03 -2.712498129005185693e-03 1.798666952231259102e-03 1.168536525950710121e-02 5.630989217453705089e-04 -5.243123007751094612e-03 1.143611785608304862e-03 -1.716288600782461381e-03 3.148812665421559832e-03 -7.765320494555788718e-03 -1.739529652354092912e-03 -3.785178481200239097e-03 2.189045865973035174e-03 3.332836993863293792e-03 7.646731933652138168e-04 -1.840068894402628608e-03 -9.396201250760685946e-04 2.850138074506275605e-03 -2.713702399511359453e-04 2.124872343903722212e-03 -2.611180575932753583e-03 1.180119029632675093e-03 1.553985405323690758e-03 4.946918256240648293e-03 6.212184434246171075e-04 5.604648193735712637e-03 -3.482120566032522076e-03 3.537857435020379682e-03 -3.486458031851285937e-03 6.452515516373374862e-04 -3.484568890212409037e-02 -4.126909667112561159e-03 4.226991842184319066e-03 1.820905136695195360e-03 -1.630634288690745301e-03 -5.320012664202732576e-03 -3.327468263117134076e-03 1.739097089557920103e-03 3.866305960385000261e-03 1.156871190340929938e-03 -7.025568697543420858e-03 1.947270073035188001e-03 5.566818775186590552e-03 -3.952114273744878822e-03 5.688439595026637333e-03
0.000000000000000000e+00 0.000000000000000000e+00 0.000000000000000000e+00 0.000000000000000000e+00 3.484362464117882110e-03 -2.923361068733022067e-03 1.009040438558367163e-02 -3.716011538185858259e-03 2.670224779513202806e-02 -1.548316038565570327e-03 -1.889406763809892663e-04 -3.333905916912886184e-03 1.370818715213945917e-02 -1.314098697400709320e-03 6.516161881808057478e-03 -2.137735964880598145e-03 9.076531765795291208e-04 -5.258607949554994741e-03 2.523172885655560350e-03 2.555541229709996399e-03 2.729752482324979655e-03 7.777446211946940392e-03 4.821661608983946259e-03 1.074388565705286774e-03 1.229019886104704314e-02 2.434299400989564752e-04 6.781861912082038941e-04 -2.437818654796284051e-03 -2.565501527179867708e-02 -2.243221290419862742e-03 -1.134873390580851219e-04 -3.149211061477248490e-03 2.122855436546084752e-03 -4.810567127813611225e-03 1.599288675221296118e-03 -3.093610242375226336e-03 2.181469419713834117e-03 3.092112066969122681e-03 1.549365701551962821e-03 2.124785028612571902e-02 2.852153868424796117e-03 5.340003981058825608e-03 -1.720080203929710491e-03 3.645361837544791074e-03 3.242735720155978749e-03 -1.993971096237807938e-02 1.244534819325094320e-02 1.355230023813431064e-02 -2.398574752157180720e-04 1.803853585530782594e-02 1.018860185308835889e-03 2.585104323577662108e-02 -2.128807075995668360e-02 1.948715260366241236e-02 0.000000000000000000e+00 0.000000000000000000e+00 8.076026234660866297e-04 7.773178665206455186e-04 4.230528184075712871e-05 -1.938426656715334278e-03 -2.729368491898800150e-03 -1.251941354893946600e-03 -5.214133220006278522e-04 1.445205842444806377e-03 2.130342476940937449e-04 -3.185315617215498957e-03 1.593985428570369751e-03 -2.184137219649394217e-03 -6.755197456144675962e-04 1.355734448314184753e-03 -1.391552122399013344e-03 -1.404564067940647105e-03 3.864666772924502114e-02 -2.792037869380275053e-03 8.514515770086637531e-04 -1.307424366521943394e-03 5.898715488705690620e-04 6.354696343544758189e-05 1.041932142269350568e-03 4.812129156832752031e-04 3.161764120426740587e-04 2.542319681272647153e-03 -3.640135796913264617e-04 3.473633907462659654e-04 -4.739478956403987350e-03 -4.504182972222955592e-03 4.058361225722895149e-03 -8.151122834371510263e-04 -9.512156342557250271e-04 -1.638742334200513507e-03 -8.962147936188149741e-04 -2.976897260780062959e-03 -3.045057185468318106e-03 -4.122908164944393862e-03 5.797629831366278227e-03 2.641997315716699407e-03 -1.327711030465250804e-02 2.392562190828425098e-03 2.242346410143751956e-03 -8.013099128595691260e-04 4.838611024221830203e-04 -1.875321238414467094e-03 1.385321256130918029e-03 1.992773830203582784e-04 1.054468355160915896e-03 -2.300113324085578149e-03 -1.687264049597746651e-03 7.762082990172322183e-04 4.389952100714542308e-04 5.974284662445535988e-04 -4.321233466300996467e-04 -5.775320701216279723e-06 -7.345931077140062989e-04 1.489895123044654738e-03 7.021416759570539600e-05 -1.505342870398757634e-03 -2.214345147723582874e-03 3.887437613337878304e-04 -2.315412283617071434e-03 9.773137406960050177e-04 -1.793172876659689498e-03 6.404773730426479607e-04 -6.653189747484591693e-04 1.561615749751590031e-02 9.856967688737737748e-04 -2.543146827913317365e-03 -4.839369542246809569e-04 8.730211621888037034e-04 1.450549912330827617e-03 -4.203845952043819756e-04 -1.038099379379341103e-03 -7.356975135236799596e-04 9.205490379329139697e-04 3.983869322428057469e-03 1.885340186481934709e-04 -9.757167978434807968e-04 1.648466727553422146e-03 -7.517084330539252051e-04
0.000000000000000000e+00 0.000000000000000000e+00 0.000000000000000000e+00 0.000000000000000000e+00 -3.738081832417462086e-04 9.640546704322862023e-03 5.120535116366356715e-04 1.730273816587728219e-02 -1.980717039739180590e-03 1.787297710362132155e-02 -5.181218446114073655e-04 -2.057254079439886207e-03 -1.314098697401005307e-03 1.794212930960844068e-02 5.278273338227279510e-04 1.946411792958249731e-02 -3.730789091042451119e-04 -1.284120948840099079e-02 -1.602091286310852345e-03 1.224850596955310688e-03 -3.355788990809631996e-03 1.833128718023326184e-03 -3.119467311902948681e-03 1.485470193279682751e-04 -2.013648925779146746e-03 1.807265751921267524e-02 1.252463978834619145e-03 -6.322245892429940485e-04 -4.878279309072327857e-04 1.835351135302526471e-02 -1.090046014776802590e-04 2.826103156508386169e-04 -8.770488425226115282e-04 2.762484465226226066e-02 -9.171263363002637743e-04 1.846627024223489871e-02 1.074549872251963703e-02 -1.002368736731922656e-03 1.150449200703230947e-03 1.512886832038255747e-03 -2.297535887685972326e-03 3.166161895353755348e-03 -1.669865030203447794e-03 1.409719576542365314e-03 6.219296915730983255e-03 2.041074377557906480e-02 2.963551697400562332e-02 -2.646309361788872199e-03 9.181108878608354451e-02 -1.433932888946438120e-03 -4.875111038729659091e-02 -8.683400242395426620e-04 2.199815477910145034e-01 -9.579329514503610865e-04 0.000000000000000000e+00 0.000000000000000000e+00 1.104670896122436977e-03 2.613428905838106019e-03 8.559849206798498047e-04 -7.865958388772163485e-04 -1.465795188572730336e-03 1.426018823667502293e-03 7.128486201438502014e-04 1.082463897351202114e-03 -8.782559745338928059e-04 -4.307230221910438375e-03 1.023462808238986095e-03 4.855414153380366738e-04 1.633031413044821448e-04 2.112543406211528970e-03 -1.158923317078697571e-03 3.879659137939879500e-04 -2.643828457842231638e-02 -3.370654803571375945e-03 2.427825530967061380e-04 4.484129370397017204e-04 9.417979608550003509e-04 -9.474766644507544473e-04 3.469779391168921132e-03 6.052409727522918559e-04 -1.536635922925588121e-04 1.173076384006756841e-03 -2.091290637412326035e-03 -1.311606743869182497e-03 2.079839034336804920e-02 -6.609092580181139247e-04 2.720518982508094742e-03 1.159928751503832862e-03 -5.257859684033123690e-04 -2.208262149662637217e-03 -7.701428772170714702e-04 5.005056739219702509e-04 -1.032205922414649452e-03 -2.520742330113426473e-03 5.832401718361489296e-03 1.125654959534016500e-03 -1.157343352143052478e-02 1.700333614445442279e-03 2.623326579460548598e-03 3.220163482515669626e-03 6.115412557352155614e-05 -2.712405257048061853e-03 -1.675622449415724996e-03 5.026187164665771138e-03 4.025790853895592700e-04 8.004796167374353096e-04 -1.083294176067001093e-03 -1.644403356660439474e-03 1.531980584725086986e-03 -1.560533415612027882e-05 4.817268407452180486e-04 4.549776190571963108e-04 -2.124754126561380265e-03 1.168633266001221135e-03 1.453445103025219256e-03 8.167654506780440415e-04 -1.198094463708870372e-03 1.001660820320861506e-04 -2.987504289924889419e-03 1.548365093189275855e-03 -3.849338146305352273e-03 2.314041476708133659e-03 -6.504276859756728292e-04 1.305711245297356757e-02 1.593374705235195594e-03 -5.066513046995098704e-04 -3.218379722516116759e-03 3.504704755384792782e-04 2.008053563721927306e-03 2.224402531849885636e-03 -2.306124385122104454e-03 -5.888695868976869191e-04 -5.302765012254504568e-04 -1.297870812385427172e-03 -2.584476872246654726e-03 -3.399395412515043326e-03 2.249715757590512247e-03 -1.572229295532680000e-03
0.000000000000000000e+00 0.000000000000000000e+00 0.000000000000000000e+00 0.000000000000000000e+00 1.559728274641752725e-03 -2.439969016329187842e-04 6.041387541824818144e-03 -9.336925984715962459e-05 1.155011647489135977e-02 1.107017810980972985e-03 -5.640493243853528411e-04 -1.641618475216551510e-03 6.516161881807827627e-03 5.278273338228926413e-04 8.209856472171296604e-03 2.384476004440781033e-03 -8.053589181251939776e-04 -9.570412905328123596e-03 -4.643640855348039886e-03 -3.938665246164396315e-04 -3.545056564029936894e-03 5.249270835006666566e-03 -1.661616139672137532e-02 -1.434021503571662184e-03 4.660993510766334169e-03 1.549604609290156955e-03 7.951740527347935829e-04 -1.624593266590904431e-03 -1.270293782183937181e-02 7.201111945239552703e-04 2.807672976579271866e-04 -7.633173997586875344e-04 1.302365251909255815e-03 1.696112655904266934e-03 2.148947857512169463e-04 -1.820061169838599552e-03 7.924245905155407124e-03 2.437670847219667539e-03 3.035416888215639909e-03 3.026848461373475227e-02 -3.417139953363474130e-03 4.660761139749418011e-03 -1.530236158128417184e-03 4.693953481740157155e-03 7.033388806948817455e-03 -9.916128111469057690e-03 3.479835901960677547e-02 8.245951256867356874e-03 8.090896466745192694e-02 1.020046169627861384e-02 -3.417010975167957681e-02 1.629551843677027462e-02 1.688547370954100180e-01 1.101949470527656925e-02 0.000000000000000000e+00 0.000000000000000000e+00 5.986626046097629937e-04 7.970673788723968249e-04 1.310329998863953190e-03 -9.786144512295555029e-04 -1.743598842900611571e-03 1.675422559395479190e-04 3.150110037135977581e-04 3.958317722891546903e-04 -3.979484564629248234e-04 -1.971319071352535014e-03 1.583909728467666495e-03 -1.152432152567979410e-03 3.805153324917955960e-05 1.007902630218035717e-03 -7.354809382635556616e-04 -9.931479688648030529e-04 -1.230564163658349509e-02 -2.017685606273928595e-03 6.585414806304925543e-04 -6.444138730814855109e-04 5.955493121408218972e-05 -1.835874563873469707e-04 4.423756783390859169e-04 9.037556732768973783e-05 -1.297276424970665359e-04 -2.447862778140597723e-04 -8.587373888615319924e-04 7.688361602948684797e-04 1.352097681554650759e-02 -9.718258213764956275e-04 3.046323120508580198e-03 -9.108504857291633205e-05 4.793925137651299878e-05 -1.138680581968009144e-03 -8.089157821155830213e-04 -2.198564389512899439e-03 -3.433945746226241703e-03 7.297120437280949119e-05 5.838189939463474601e-03 2.133153111242437616e-03 -1.131820857401445203e-02 2.097927830928985205e-03 3.599306601436905086e-03 1.011072540682656320e-05 2.295338686862983765e-04 -1.685229711574460923e-03 -1.047554595546570412e-03 5.880196326749847309e-04 9.377844186462494947e-04 -1.298050298469737018e-03 -9.315383572315544345e-04 1.260278174368489412e-04 6.051798281748573200e-04 5.219396184689467557e-04 2.962668279463886393e-04 1.524844369625070811e-03 -6.526107239586921224e-04 7.207956840306976301e-04 1.339140230097684127e-04 -7.727030041056553956e-04 -1.376327121374238890e-03 1.083466278291184528e-03 -1.651815146711327169e-03 1.222207702341822182e-03 -2.266704852551632184e-03 1.375385430792907876e-03 -6.868050261731550822e-04 1.331701486470743441e-02 9.363390329101767620e-04 -1.523984584816203856e-03 -7.352923535763414026e-04 6.032395732061769569e-04 8.961856014921367776e-04 4.088459713543013754e-04 9.865848977261863426e-04 -3.351708264358310425e-04 5.803426233815050204e-04 7.447693607876772377e-04 -9.462771239162926255e-05 -1.152242658488141988e-03 8.993350933863001250e-04 -5.849830368515378460e-04
0.000000000000000000e+00 0.000000000000000000e+00 0.000000000000000000e+00 0.000000000000000000e+00 -7.161591798993197913e-04 1.219173017992205947e-02 2.787692423059826789e-04 2.034911594228918860e-02 -4.300862949778160547e-03 2.030532717691523742e-02 -2.181586649866334472e-03 5.327472846999159592e-05 -2.137735964881395251e-03 1.946411792958338549e-02 2.384476004441075502e-03 3.397646173274238013e-02 -1.069155399720104040e-03 -4.718080001500410403e-02 -4.280417798420524042e-03 -1.127154593263749761e-02 -8.480727112900597262e-03 -2.446712422467398063e-03 -1.132371970898899891e-02 -8.857761889827715437e-03 -2.497642564596963804e-03 2.122524826801964332e-02 2.260377636789515695e-03 2.108554624206485876e-03 -7.704212643021984830e-05 2.115958954536179340e-02 5.337236531162280369e-04 2.336517946180223342e-03 -1.402156110427730867e-03 3.380958534220945139e-02 -8.246861995675880798e-04 3.037939067028614520e-02 7.642681024659332863e-03 -1.173670338350619492e-02 -1.771175364097107114e-03 -1.123999402769276651e-01 -1.536013185545716080e-03 -2.762927086649314551e-03 -3.524827066217777697e-03 -1.305861307177235916e-04 1.577418448796501574e-02 3.928729893531928558e-02 9.710905732324863482e-02 -1.904699728979740089e-02 2.301794572748621370e-01 -1.572799181609449079e-02 -1.214631408295672177e-01 -1.840293893382373772e-02 5.450627109055845576e-01 -1.558778200510446514e-02 0.000000000000000000e+00 0.000000000000000000e+00 1.397204474789605615e-03 2.082543120287291046e-03 2.574621337959495052e-03 1.333786858088598657e-04 -2.042626619746713661e-03 1.342870911818503646e-03 8.769664347716113646e-04 7.121893130176625789e-04 -7.767232539353245875e-04 -3.493193019144115452e-03 1.643430219183979538e-03 -9.193498303181209773e-05 1.094716469903537440e-03 6.041123640442937204e-03 -3.359192660536701501e-04 1.020404104469238961e-03 -9.404801122104941569e-02 -7.770893514959804904e-03 3.680304183310106588e-04 -3.517847684682153908e-04 -2.605490958433058415e-04 -7.226489777095224977e-04 2.742486732511084484e-03 4.957298011822847779e-04 -1.196513767180496174e-03 -1.670250256106758490e-03 -2.945651354948814783e-03 -2.903821480290000811e-04 6.947357247738428221e-02 1.844892024152668033e-03 3.757922840012833075e-03 9.151605434123452187e-04 -7.547212763958879747e-05 -6.481328199555900192e-04 -1.374739750278990017e-03 -9.613563365818315410e-04 -3.082698268888369939e-03 -7.094930322365752308e-04 1.348785734095515887e-02 2.982181159212194191e-03 -2.115018971960391791e-02 3.224345907062929964e-03 6.464228359471687474e-03 1.356434555364905217e-03 -2.311448773432316149e-04 -4.200873077070411618e-03 -7.940022334904157930e-03 6.027252057557894518e-03 5.233578533576109309e-04 2.414472893308724057e-04 -1.007309552695928589e-03 -1.576177987542486591e-03 2.163750209418444266e-03 -9.971950073731973042e-05 1.860259337600275384e-03 2.416248357548916870e-03 -3.148195295768471680e-03 1.180787290511483342e-03 2.554187333198440490e-03 8.967984407607716051e-04 -9.037504129688039411e-04 1.006262099064722526e-03 -3.899028201176685682e-03 1.668828136117272640e-03 -6.349634009085362504e-03 2.700566472108465767e-03 -1.663978553648555155e-03 2.051631403599553718e-02 1.825853913769983402e-03 -1.391317253004485405e-03 -3.581828313672794778e-03 1.101112982910589736e-03 2.124668019560778040e-03 2.622001402400703143e-03 -1.152403354249935570e-03 -4.643148913476368269e-04 5.543092666985942069e-04 -3.864556509954918031e-03 -3.109232886952860951e-03 -4.752330057300903528e-03 2.642104622029969787e-03 -1.191372048698917298e-03
0.000000000000000000e+00 0.000000000000000000e+00 0.000000000000000000e+00 0.000000000000000000e+00 4.278616139963725999e-04 -7.085444745059975074e-04 6.410146416348849524e-04 -1.375471387774501383e-03 1.221044191676753802e-03 -2.517180539498144014e-04 -1.019775932248420062e-03 -8.185652445207431110e-04 9.076531765796109780e-04 -3.730789091045294981e-04 -8.053589181249885213e-04 -1.069155399719746036e-03 9.739032379057311478e-03 -9.387749268848432152e-03 8.665657973433116236e-04 2.842559317525117021e-03 1.320409549022037938e-03 4.903933350541601031e-03 6.828707971883717434e-03 3.856871414743425364e-03 -6.449679781881771125e-05 -5.802258932805911748e-04 6.907689195510735482e-04 1.345523630889886393e-04 -1.336579570089088198e-03 -7.094508958374362746e-04 -2.423341628930698020e-04 -2.010772056444742623e-03 6.235905407334965374e-04 -4.950556399363197080e-03 -3.233641488554934995e-04 1.341542984116932949e-03 1.129206492574720729e-02 -3.111420294463520132e-03 1.539879738012884820e-03 2.795218024488060199e-02 -4.660117003749600535e-03 -1.048510286617540142e-03 3.621951139578224402e-03 5.339819926016167381e-03 4.546468754996083137e-04 -1.780374739487840252e-03 1.002341748794470001e-02 -1.538947690055809427e-02 4.234507755322980578e-03 -1.288878769936783845e-03 -2.760421848383854369e-03 5.417477757500140274e-03 1.390795412912584341e-03 4.001791562840701331e-03 0.000000000000000000e+00 0.000000000000000000e+00 1.099443893840416556e-04 -4.365560700501640193e-04 -6.923695140097191987e-05 -8.555933173661424591e-04 -8.002762347066875092e-04 -1.239967271875347778e-03 -3.656491270954628520e-04 -1.199035171445333829e-03 1.704423184448780571e-04 -7.115689668580284146e-04 7.540169363484073781e-04 -1.363593974495757710e-03 -1.374876128922045376e-04 -7.158960739896122797e-05 -8.475276985627829690e-04 8.826707418181620234e-04 7.161538217058061040e-03 -1.100164664386821863e-03 4.406119447393005300e-05 -1.387852553078592222e-03 -1.188253204176621149e-03 5.270488669159178628e-04 -1.315367028345158047e-03 -5.467706477811976312e-04 2.502797874821585227e-06 5.666583197942398576e-04 -7.027177658890399609e-04 -6.336686776458174894e-04 5.287516122949941812e-03 -1.545595448825249187e-03 1.384910745671150741e-03 -7.527712708273193989e-04 -2.551723887662283728e-04 -2.245399344126375156e-05 -2.132680313152267705e-04 1.515640372794387330e-05 4.093607941215533438e-04 -2.442541489187491626e-03 2.384596557430071397e-03 -1.148402710866190755e-03 -2.023479894481552098e-03 -1.267838421030499391e-03 5.165735177927982102e-04 -1.563893783345809236e-03 1.845128724614066257e-04 -9.654818679063349295e-04 6.252665331233763640e-04 -1.023960433983993898e-03 5.317979600709518608e-05 -1.097035803977184634e-03 3.849645890826453032e-04 -5.433552665867135648e-04 4.683234069253585166e-04 -6.632537202290605689e-04 -3.391034816170303235e-05 -1.715348407680430650e-03 -7.171695973363220386e-04 -7.102165957133905680e-04 -3.354067273312622824e-04 -1.001458510157735276e-03 -9.294611567912495093e-06 -7.492504689449212222e-04 -3.701739853265476835e-04 -7.373469313236197297e-04 4.005680282839570627e-04 -8.520713209004735465e-04 -9.423708703305936100e-05 3.381161606917436162e-03 -1.119403487825392429e-04 -1.379940367457306843e-03 1.261952161315826578e-03 2.872983673558280075e-04 4.045107994711267391e-05 -1.100382027347829306e-03 6.239585160734245324e-04 -2.804584264572182570e-04 5.356225968617463629e-04 1.519485139666690429e-03 2.265110553449817309e-04 -3.870428151508778806e-04 2.866778954817826314e-05 -4.617296050843900062e-04
0.000000000000000000e+00 0.000000000000000000e+00 0.000000000000000000e+00 0.000000000000000000e+00 -3.701716015623302859e-03 -9.176481934585386732e-03 -5.700547537079854801e-03 -8.959732471295750456e-03 -5.652796933196532932e-03 -1.672583026778921844e-02 1.579585958655542466e-02 9.390946086654874958e-03 -5.258607949551025694e-03 -1.284120948840417054e-02 -9.570412905327804406e-03 -4.718080001500515180e-02 -9.387749268849538906e-03 3.455027348479097760e-01 8.154658651074453424e-03 1.550315602022115866e-02 2.857597127935001743e-02 -9.083943650618115512e-03 1.440281506866335909e-02 1.224416915601458412e-02 -3.161169285659336161e-03 -1.742138251549978437e-02 -1.248474306363845342e-02 6.037867483247820813e-03 1.872030719976698621e-02 -1.415343721108251566e-02 -2.145681665964834471e-03 1.242148559744174138e-02 -6.678841577278154997e-04 -1.957348537607118966e-02 8.702852981382195631e-04 -4.839356211319634921e-02 -4.414127013100511976e-02 4.716546395408238029e-02 1.453560272293672254e-02 2.484904811020886006e-01 2.072410451555616734e-02 3.133918748131058266e-03 1.424667737909341564e-02 -4.826927760146653909e-03 -3.105062807154476343e-02 -1.691671611050057922e-02 -3.694355390087235014e-01 1.856862469794296269e-02 -4.665557937046881931e-01 9.413361839883683732e-03 2.455931575543489342e-01 -2.892729502085513577e-02 -9.505962908148180013e-01 -9.587127862085799423e-03 0.000000000000000000e+00 0.000000000000000000e+00 -3.463527221065978122e-03 -4.574563045284547186e-03 -1.661940204984919608e-02 9.596408385018240228e-03 1.649579780819204408e-02 5.578496031700631765e-04 -4.520256920036389036e-04 3.797218893218632513e-03 1.994897701739360013e-03 9.199788962985738436e-03 -1.876042777387341640e-02 1.135118331935294766e-02 -4.451256692915392821e-05 -2.234724418351288072e-02 2.587468438401940504e-03 2.674070685470083652e-03 6.985532688935747192e-02 3.020053170251166610e-02 -6.187486908154337176e-03 7.466383281158790741e-03 1.678925656003062584e-03 2.166822332776456236e-04 -4.907693420202249163e-04 1.967352531807368445e-03 1.999295931601541461e-03 -4.568944707760992305e-03 7.640041176318015936e-03 2.403891410290673412e-03 -1.788353774920532768e-01 1.128854456858333251e-02 -3.035387622865608551e-02 1.409481871990762771e-03 -2.947043175257871902e-03 5.947514978794808324e-03 7.371473549287703778e-03 -1.620156837866849886e-04 2.256506770887746136e-02 1.382022876934337063e-02 -5.796203502869186341e-02 5.380582649899825001e-03 9.187967224574453140e-02 7.277663879085299534e-03 -3.665246087902174904e-02 2.898072890746766078e-02 -1.731114474314531188e-03 1.374710818616332875e-02 2.231296035925267249e-02 -1.605155884119716710e-04 -1.019998185942478167e-02 1.078510487758613939e-02 7.284834069261342769e-03 -9.599071820090475599e-04 -3.477212775219055974e-03 -2.734817552132919743e-04 -1.952501654078285173e-03 -1.573486291520339794e-02 3.951807944848666210e-03 -1.090119916639953682e-03 4.555756407867978322e-03 5.746874817559102788e-03 8.615742983899488810e-03 1.231475892041639444e-03 9.746808531982667154e-03 -5.041741477091740004e-03 9.686718387114448547e-03 -6.679001856951228243e-03 7.106909769651146430e-03 -8.484518238949580182e-02 -7.394431371279873086e-03 1.426728889738537731e-02 -5.727307395652226751e-04 -7.405796627386910733e-03 -1.072549361142947390e-02 -2.626781876305255697e-03 1.081796516596091745e-03 4.307172356516376921e-03 -1.983330403194736007e-03 -2.650260922302685382e-03 5.305385579447351348e-03 1.569398712767742371e-02 -6.580146542764301644e-03 6.034459109678633193e-03
0.000000000000000000e+00 0.000000000000000000e+00 0.000000000000000000e+00 0.000000000000000000e+00 8.774908571028580640e-04 -2.130559812448250788e-03 1.188503343200795082e-03 -3.087280460284093364e-03 6.101260158493578348e-03 -2.061555838251579332e-03 9.626188210102068054e-04 3.259585680844589756e-04 2.523172885655921172e-03 -1.602091286311428490e-03 -4.643640855347667788e-03 -4.280417798420344498e-03 8.665657973429681483e-04 8.154658651072260733e-03 1.458681499706494453e-02 2.070083179463070178e-03 4.799450399848009981e-03 -1.099736635891290825e-03 2.318524767180877438e-02 1.538754396194714873e-03 2.806679372968757299e-03 -2.267397394100895570e-03 -6.962824472860500754e-05 1.362222886352003250e-03 -4.390773613907951109e-03 -2.764996302634864685e-03 2.774745280120073334e-05 -2.119763684898588296e-04 3.217463315672904208e-04 -2.428419593649287084e-03 1.132853719544222671e-03 -1.912395921534533689e-03 -8.733812149212675721e-03 -1.443348340344817547e-03 -5.764626435788075022e-03 6.076913937314303016e-02 4.026612293272683642e-03 8.110574892752149719e-04 5.650480079928218817e-03 -1.886095760226243461e-03 -3.160813072379067747e-03 1.952052184892032151e-03 -1.802790162689782774e-02 -5.625359255907248432e-03 -4.795340720004655222e-02 3.667370677896716717e-04 2.230665466626570101e-02 -7.853380606994760094e-03 -1.323682894501377327e-01 -4.295513937245726277e-03 0.000000000000000000e+00 0.000000000000000000e+00 -7.101092897510086687e-04 -3.878575230851764345e-04 -1.378637769463165758e-03 6.938564481494299656e-04 1.306460283330486850e-03 -1.875564411795119951e-04 -2.643882753355091160e-04 3.747101232851583362e-04 5.454564687803350152e-04 2.012700822260483739e-03 -1.273602485752137713e-03 7.653729747036480376e-04 -2.884086832218635591e-04 2.634702505747172491e-03 -1.027866695469844936e-04 -1.263250094784470267e-05 2.653862774203206640e-02 -8.437176302918064988e-04 -3.516296274908344162e-04 9.331574876090575118e-04 -2.134799773774566443e-04 -7.426540163923692683e-04 -9.135074419402105898e-04 1.658663549417387886e-04 4.206007971193211027e-05 3.653784659705294931e-04 1.917892010358852699e-03 -6.951727647660462580e-04 -1.020677014793000895e-02 1.104196501048399165e-03 -2.424347176473738708e-03 4.283471667064160432e-05 -1.246873058512992100e-04 8.891241608180795904e-04 5.563500676799038340e-04 1.434561243589936412e-03 3.588036147582312433e-03 -1.471573445416421520e-03 -4.281321460512143434e-03 -1.705604636681127195e-03 6.991437525100374292e-03 -1.698150147332524703e-03 -2.110967442244063470e-03 3.404516554010152758e-04 -1.230141352582973585e-04 1.416466411949919178e-03 2.150107383046620524e-03 -7.253329822570872727e-04 -3.621092561041505263e-04 5.742721145580016685e-04 -1.000181414366130761e-04 4.528459540785465323e-04 -1.231509358871303106e-03 7.916037573373909233e-05 -4.977208892686623950e-04 3.330652392886863694e-04 1.162944438285274133e-03 -4.643537810765998057e-05 -3.990092325958050036e-04 7.116864059077963097e-04 5.191811259512836519e-04 -2.155051590037087607e-03 1.394690490159437857e-03 -1.029179843606217075e-03 2.255729358043319973e-03 -1.252663315935373563e-03 5.691481562289713893e-04 -1.042391218822765961e-02 -5.761492641515364487e-04 1.080400548761984445e-03 2.777525721536021450e-04 -2.689958486179761920e-04 -1.756359204550064258e-04 -3.689902423418982063e-04 -2.858263512463700157e-03 4.114136566082852802e-04 -2.180008679984503644e-04 3.461480290517075526e-04 1.370516518879751999e-04 1.346119350155441105e-03 -2.209279274662869516e-06 1.100268535767431671e-03
0.000000000000000000e+00 0.000000000000000000e+00 0.000000000000000000e+00 0.000000000000000000e+00 1.722328583855566074e-03 -1.332799571984813209e-03 4.137026945675721136e-03 3.265781826436299322e-04 3.944772511877686974e-03 1.632256127121316626e-03 -5.806635974823106229e-04 -6.105262466046913056e-03 2.555541229710437453e-03 1.224850596955717697e-03 -3.938665246157062772e-04 -1.127154593263542635e-02 2.842559317524812144e-03 1.550315602021529529e-02 2.070083179462888900e-03 3.428513415037624801e-02 2.011756989709992741e-03 6.722929872492059387e-03 1.174722404116881544e-02 1.199499669457409698e-02 -4.877098312689618297e-04 2.035450578760239666e-03 1.065915403300167095e-03 -7.729051512188113773e-03 -5.407555770114091942e-03 2.175651453199811680e-04 -1.202849215724887798e-03 -8.378158148983134990e-03 1.696851550850889297e-03 -9.714008107955566032e-03 -1.487931955865093737e-03 -8.901002643459221542e-03 2.721896205401257152e-02 1.114887238668830875e-02 1.421085511626830715e-02 3.205800100996266666e-01 -2.735393868115697236e-02 6.914081612488942249e-03 1.054022882346244624e-02 1.211469140580921644e-03 -5.414079184339535417e-03 -2.554661067039852573e-02 -3.625080700741421802e-02 2.566350826861663742e-02 -6.931360969199183708e-02 1.752267648611950321e-02 4.646495893009466860e-02 3.441581846920903354e-02 -2.221109677523699366e-01 2.698929495244635837e-02 0.000000000000000000e+00 0.000000000000000000e+00 -2.320228842253119162e-04 -1.196035376716816185e-05 -1.303436669692313804e-03 -1.104211084854615863e-03 1.848228796207094550e-04 -3.876845550138733037e-04 -4.085383628350368205e-04 -6.959314383625573013e-04 3.051951102094078105e-04 -5.871996295439799347e-04 8.586308438709106330e-04 2.146080688939693351e-05 -7.303172115899558099e-04 -4.429409079265418485e-03 -3.187496791919579991e-04 -2.044466346793158418e-03 5.298638978184409126e-02 5.876981473781059395e-03 2.243986531228898116e-04 6.721219512778619544e-05 -8.756869109451895922e-05 6.494935360183149223e-04 -1.606080281829606058e-03 -1.218678700205398386e-03 7.957137352132308749e-04 2.633575598159771259e-03 5.724663568522035933e-04 -2.050250108296866255e-03 -3.761156794801231995e-02 -1.809470548932290337e-03 -2.075752029870574916e-05 1.998551292824461614e-04 -2.210298519341864190e-04 -1.702674953247416707e-03 -1.903748601787868047e-04 2.985195432679290349e-04 -3.304138874678441522e-03 -3.791105018982453105e-03 8.092004766198888921e-04 -9.259864700766203775e-04 -5.139000542111443748e-03 -5.728631549471959773e-04 -3.703176830897186855e-04 -1.546127284373422818e-03 1.142404297723975649e-04 1.062171200360001802e-03 2.119278891012726755e-03 -2.603800421931334354e-03 1.041033787697912775e-04 -2.147362721645557429e-06 1.138227604342842599e-03 2.758701869771851452e-04 3.918648332670090096e-05 -5.409758003320597024e-04 4.738595600189683503e-04 -2.438384468419940460e-03 8.417526724478371870e-04 -1.821265482217880073e-03 -1.408548154062951334e-03 -8.581364647462009533e-04 8.357233750376303401e-05 3.665551470337922221e-04 3.816037387750933455e-04 1.521356153537224785e-04 1.238249012867252696e-03 -6.339652697991528599e-04 7.322980418503059231e-04 -9.376173756660017428e-03 -4.096151439433796775e-04 3.286633447268285518e-04 2.204108643467014676e-03 -5.262182136742162963e-04 -6.867505948030512911e-04 -1.397580104487865238e-03 1.158326534119488108e-03 3.737465782858951854e-04 -6.061186143563504058e-04 5.311927606037821631e-03 3.625581175180478313e-04 1.857307409770619444e-03 -7.868866388749225704e-04 -4.736143882210757522e-04
0.000000000000000000e+00 0.000000000000000000e+00 0.000000000000000000e+00 0.000000000000000000e+00 1.137748050455083312e-03 -3.223670395361500143e-03 1.173539281370213723e-03 -4.651371449008971128e-03 7.808184795149340600e-03 -3.416284591256436940e-03 2.186051280762142755e-03 6.774640942173029224e-04 2.729752482325426780e-03 -3.355788990809665390e-03 -3.545056564029839315e-03 -8.480727112900572975e-03 1.320409549021522942e-03 2.857597127935000009e-02 4.799450399848441927e-03 2.011756989711515394e-03 2.063482848367916012e-02 -1.092390523032838248e-02 1.642604272109654540e-02 1.102055581658089537e-03 4.856860773570564546e-03 -2.310862951889465586e-03 -1.229118505758965271e-03 1.871919483422357583e-03 -5.595721456942874712e-03 -3.133260887193969890e-03 -7.450243886059101303e-06 8.473780513461288228e-04 -1.196409758074878726e-04 -2.477472563427441949e-03 1.795243858678465974e-03 -9.223193677625370068e-03 -1.763981672427803946e-02 9.378571768241923678e-03 -1.116648387170056166e-04 5.636467738358956481e-02 2.174190194311929544e-02 5.264928208447978812e-03 -8.247964768168856639e-03 -4.835258606664099429e-03 -7.650041712045366031e-03 -8.365015438786340546e-03 -4.594551551329909000e-02 -2.463829213384386612e-04 -1.254558780531601914e-01 6.079192019155390571e-03 6.511439783394894210e-02 2.040074580898452658e-02 -2.734277083928469687e-01 2.455484855026287584e-03 0.000000000000000000e+00 0.000000000000000000e+00 -1.014012754326467508e-03 3.351654371226323688e-05 -2.308759694849351306e-03 1.704509537955108730e-03 3.239111037699412849e-03 9.785777028791361933e-04 2.512508064413115786e-04 1.634339365882916690e-03 1.755958697332888219e-04 2.043656205117335041e-03 -3.303656390870336832e-03 2.524778554264750941e-03 -2.859359673895046222e-04 -3.782537206985283826e-03 1.194267675846334351e-03 3.509877586855320204e-04 3.556204051546002498e-02 6.430578360141805429e-03 -9.815772320283702290e-04 1.987732908461108724e-03 1.134554189307578368e-03 -7.986563719521076960e-04 6.288908384487733056e-04 1.258290745143317074e-03 4.773857237144556436e-04 7.108122084282337758e-05 2.137634151979380271e-03 -2.642522694724305657e-04 -3.625855493102780186e-02 1.780322035704008090e-03 -5.542888662579905160e-03 6.458488301698274946e-04 8.549393007248743998e-05 1.158814732102856617e-03 1.186117902066700838e-03 2.474880989751813108e-03 3.837263997299650026e-03 -1.059622768476910118e-05 -9.217539510789534221e-03 -7.385347859354320782e-04 1.565395422312039486e-02 -8.094184447630775039e-04 -5.097257611299463309e-03 4.535384449167033372e-03 -4.142931107196179755e-04 2.746027586836730094e-03 -1.748308516787527010e-04 2.479991555553233374e-04 -9.724610499642400872e-04 2.217405367667795498e-03 2.209945919017815134e-04 -3.976467799568151511e-04 -2.077381950402564913e-03 2.790785689693142495e-04 -8.543742870209546135e-04 -4.303434961612592584e-03 2.440812892860467088e-03 5.982854176669092456e-04 1.111888968724803557e-04 1.514752653912618350e-03 1.366389284093191001e-03 -1.394914454592502667e-03 2.204370327035506515e-03 -5.505929228899506889e-04 2.319238156867695858e-03 -1.956772338966552595e-03 1.118388589155421388e-03 -2.221207343428259484e-02 -1.111788030581645345e-03 2.894437178040274936e-03 -5.752038938573713006e-04 -3.858979841916424717e-04 -8.531572864293162500e-04 4.290505699674460635e-04 -3.114704837879869476e-03 7.857023806742407124e-04 -9.114322921836189853e-04 -1.019487699426835804e-03 9.118127879575967576e-04 2.619479456257309789e-03 -7.043106401426956712e-04 1.522366377306881742e-03
0.000000000000000000e+00 0.000000000000000000e+00 0.000000000000000000e+00 0.000000000000000000e+00 2.855373320899751675e-03 4.376195847911751595e-04 6.848087082294631277e-03 -6.506668177946270957e-04 1.446374361633288690e-02 3.502761287866675011e-03 -5.829489147483436252e-03 -7.129531514579004990e-03 7.777446211946289871e-03 1.833128718022107324e-03 5.249270835006582432e-03 -2.446712422469311463e-03 4.903933350541274036e-03 -9.083943650610545179e-03 -1.099736635891661622e-03 6.722929872491942294e-03 -1.092390523032852993e-02 9.401683251645591433e-02 1.426423998294321137e-03 1.283894188856133170e-02 6.208015957779864855e-03 5.625147721394393487e-03 4.996593628869709473e-03 -9.820923560921497250e-03 -1.796888864968342395e-02 1.297848382635548997e-03 8.644654978393364036e-04 -7.654514629982891658e-03 1.640048651455839864e-03 -4.967629326527298571e-03 -6.396696887584806326e-04 -4.738346827214051649e-03 2.364416590705524165e-02 8.688158404860082604e-03 8.174112782417119680e-03 -1.287973650311760761e-02 -2.715587717452593031e-02 8.000063302191743816e-03 3.221332236906650909e-03 2.173875323622219066e-02 -1.367785436961835473e-03 -4.084194567517961116e-02 -9.637967719941261877e-03 5.530028240722618948e-02 -4.160642527083739661e-02 4.033348578595495615e-02 -7.116129722575487149e-02 5.071382699941892613e-02 -1.376075890907503263e-01 4.840368906778847596e-02 0.000000000000000000e+00 0.000000000000000000e+00 -2.770061677895351384e-04 4.933844298085900094e-04 4.731442174946950789e-03 -4.207048553792444752e-03 -6.073093248949629902e-03 1.066727910432244386e-04 1.644936107513335528e-04 -2.205524143965813602e-03 -5.599548254794221077e-04 -2.742792297177205560e-03 8.560441080082446114e-03 -2.824225227612916882e-03 -1.333227275982899925e-03 -8.128017511195791828e-03 -2.715030088128599691e-03 -1.852345792672713525e-03 6.444785959862073255e-02 7.647598522700539345e-03 2.406221376330060918e-03 -2.075595898400652874e-03 2.349513176903926363e-04 1.931535916772231113e-03 -7.489272101644316821e-04 -9.861432134535971176e-04 1.168137839211302095e-03 -2.308231516053286473e-03 7.821231648234852835e-04 -3.276734265595867678e-03 -2.359186875315051612e-02 8.692441515459408633e-04 1.185435841094526453e-02 -8.490468484380732719e-05 1.418378880000006762e-03 -3.759986237409989121e-03 -2.867036483030958546e-04 3.250381697350004234e-03 -1.613989330715476407e-04 -3.065235855699262671e-03 -1.284241791426926800e-02 -8.682117156406012753e-03 2.065988739422452286e-02 -8.201600862554581442e-03 3.320512372880975518e-03 -1.161592142974687304e-02 1.725225614043698636e-03 7.620325414233008847e-04 6.011438747226809966e-03 -7.687039073681061797e-03 4.530319908209974773e-03 -2.995304377513969152e-03 -1.134407327832804560e-03 8.972493054562548278e-04 6.147126354628588800e-04 1.485471377696807676e-05 -2.486106708767398584e-03 2.534778625911045333e-03 4.614025812784155090e-04 -1.427790532419440962e-03 -5.436374664968639074e-03 -1.495208574325893307e-03 -4.281814859278428899e-03 -3.703605565077910250e-03 -2.102165011433471380e-03 -1.475731721445117171e-04 2.670125162713021631e-03 -3.485966906026149108e-05 -1.548125118884498622e-03 2.766447809332034033e-02 3.084959659754539160e-03 -2.915733389993555458e-03 3.462230307632770988e-03 2.163258995474246806e-03 3.409315839419636666e-03 -1.080734796683055976e-04 2.444619752048337973e-03 -1.081389618805675412e-03 -3.292717276572415487e-04 1.102068826189067652e-02 1.406769501774112049e-03 -1.766312846270325435e-03 6.621596878427225049e-04 2.017874898190384495e-04
0.000000000000000000e+00 0.000000000000000000e+00 0.000000000000000000e+00 0.000000000000000000e+00 1.539960751203873351e-03 -3.517807316679117790e-03 1.932395327650731037e-05 -6.446979690070431604e-03 1.419716544979192363e-02 -4.276946722287785357e-03 -7.049500029243223288e-04 -2.121675646727362585e-03 4.821661608984706936e-03 -3.119467311903983010e-03 -1.661616139672172573e-02 -1.132371970898783317e-02 6.828707971884606480e-03 1.440281506865817227e-02 2.318524767180941623e-02 1.174722404117018761e-02 1.642604272109690275e-02 1.426423998296944906e-03 8.603048733316305541e-02 1.084977656895550965e-02 9.350155749852767303e-03 -1.792986860165491237e-03 -1.137760410567907176e-03 -1.212244817723476459e-04 -8.899748540784797879e-03 -5.966730329526844130e-03 -7.094697645023949903e-04 -4.131746847894096457e-03 5.352869639690337709e-04 -1.864686459058372686e-02 2.222123013579122529e-03 -7.861094050146766408e-04 -1.741358538725502544e-02 3.135520527489827139e-03 -8.325261836476176985e-03 -7.719938448604884984e-02 1.407779498309198740e-02 2.843865890001324916e-03 -1.276440788647878119e-03 -4.176616041308329336e-03 -1.937001495480298804e-02 -8.628297720231048462e-03 -1.066476623447479843e-01 6.560206583360413644e-03 -3.038932884925032440e-01 2.739135049178499561e-03 1.312718712144329558e-01 2.416632173153132612e-03 -7.119682156115192395e-01 7.275363387855292123e-03 0.000000000000000000e+00 0.000000000000000000e+00 -1.592302310562336565e-03 -1.209626053093067590e-04 -8.933489964985556276e-04 -6.674301859354160420e-04 9.593562975811220379e-05 -6.902989007018447021e-04 -9.302180820468865545e-04 1.547142260866952654e-03 1.192710888437507628e-03 3.417132102840918749e-03 3.620136956159574729e-04 1.423239513561012264e-03 -1.600457776506796371e-03 2.401787454165549632e-03 7.117214553836305555e-04 -3.159278080600314356e-03 1.201292543071589281e-01 2.532346553112250435e-03 3.578412656950001993e-04 5.627308419712368729e-04 1.583263551240392643e-03 -1.234254313116524954e-04 -2.250043102590839434e-04 1.467491981598987878e-03 1.279867072688615180e-03 3.585768078081204291e-03 3.642335595421094391e-03 -3.645532104338114910e-03 -6.219942262108284214e-02 1.347380442294187622e-04 -2.598497262462353893e-04 1.155632237823975923e-04 2.323151373343676474e-04 -3.204438597572634921e-05 1.095844070595423936e-03 6.428068174711914530e-03 7.274456685946409373e-03 -7.600798218932452652e-03 -1.563515171035055606e-02 -8.074672116052139872e-03 2.442808643651897191e-02 -7.926523125264426858e-03 -4.749131706480017034e-03 -5.242279019120570441e-03 4.036246186581888022e-04 5.051518121446413323e-03 4.472232430486103825e-03 -5.111586053847271688e-03 1.061783617000185056e-03 1.396016202596427839e-03 -8.453083389058815129e-05 1.287233687146171167e-03 -2.720834505603251206e-03 -7.890664090135113707e-04 -2.499011967213306176e-03 -5.268400788587947886e-03 3.546991882029597136e-03 -1.126440686443947728e-03 -3.489114430836591854e-03 1.573032450771326331e-03 2.453667706130297768e-04 -4.414558182837271215e-03 2.729886944402982844e-03 -2.925541149915142618e-03 6.456139280630900090e-03 -5.022103297238711926e-03 1.202518014684536866e-03 -2.728882447659231048e-02 -1.896418022558256779e-04 1.502116366617835871e-03 2.275944446697020316e-03 1.045712887733025401e-03 1.677445259104614565e-03 -3.678974981714626911e-04 -7.128230073147066685e-03 -3.472309579292819255e-04 -2.358844770141085585e-03 5.490683352472861337e-03 1.097043487551501795e-03 1.954111085440002425e-03 1.616943003144976222e-04 1.109250706424786499e-03
0.000000000000000000e+00 0.000000000000000000e+00 0.000000000000000000e+00 0.000000000000000000e+00 7.308019599596459522e-04 -1.446556002524852389e-04 3.892498662713602406e-04 -7.336038957116591298e-04 3.175874925182205558e-03 -8.737785651232851582e-04 2.136893615138038712e-04 4.902460058716663887e-04 1.074388565705955943e-03 1.485470193276108137e-04 -1.434021503571826115e-03 -8.857761889827791765e-03 3.856871414744270175e-03 1.224416915601404636e-02 1.538754396194966191e-03 1.199499669457502679e-02 1.102055581658268214e-03 1.283894188856072975e-02 1.084977656895620701e-02 1.412825313388904082e-02 9.106838312599185598e-04 -1.092969163272762556e-03 -2.885604719886854285e-04 5.931072463516561411e-04 -2.941505179090780908e-03 -1.177696339887752703e-03 -6.445793386625123635e-04 6.577994979566062148e-04 1.674371280624072664e-04 -2.202279112638394834e-03 -1.137740777846362340e-03 -7.468500288667185953e-03 2.032092341029699545e-02 1.181885479253425367e-02 6.952663928061202526e-04 1.434185999808465783e-01 -1.446701797640528690e-02 8.441985652823513070e-03 8.117693751024390725e-03 1.034396970244031398e-02 -7.048133215103477393e-03 -2.326479901247215445e-02 -4.429671193730447265e-02 2.115670593575184194e-02 -9.169766783001613575e-02 1.861337642185208890e-02 4.506743644571804125e-02 2.905478868517528263e-02 -2.476855019353104981e-01 2.770764994839736151e-02 0.000000000000000000e+00 0.000000000000000000e+00 -9.314882234275339169e-05 -2.671213986181223896e-04 -1.204381246507703167e-03 -2.708741989217839340e-04 2.528928653305690310e-04 -6.322216089037880444e-04 -2.852821476220841908e-04 1.057401359528707067e-04 4.331030931268333426e-04 9.786402920329455909e-04 -3.219766366522982311e-04 6.428715014798064026e-05 -6.871297773507163220e-04 -1.953589804447716707e-03 -6.637359453655518327e-07 -2.018649147280348038e-04 5.229497428257469382e-02 1.995661830238161343e-03 -9.634111857923351391e-05 2.513443285878371402e-04 2.493681872384370234e-04 5.303321511413298158e-04 -5.962722734078674310e-05 -2.778293837042516935e-04 6.588787536336298970e-04 2.657132317613191807e-03 6.978192530227131547e-04 -7.464928244925489627e-04 -3.185284923281257730e-02 -2.377729498405108284e-03 -5.588823621288496052e-04 -3.833091552265971186e-04 -3.611105212085966715e-04 5.189643467792800965e-05 3.377916907784534730e-04 1.311789002486884667e-03 1.482881766594905306e-03 -2.755141677928371006e-03 -3.732210361535159143e-03 -1.641818024356928767e-03 5.430244730549253773e-03 -1.716689986624250807e-03 -2.429508003787326283e-03 -7.419518176356608083e-04 7.178274117216292124e-05 1.014922028014288505e-03 1.840380892244342396e-03 -1.580741533284246280e-03 1.077721987881747885e-04 8.222270086662836468e-05 5.053897878794371703e-05 5.306714734067256335e-04 -5.993342166560893143e-04 -2.504486462078061356e-04 -4.452355621423355987e-04 -2.028736960142954677e-04 8.256511904560146203e-04 -8.586923286921427151e-04 -1.536790172746763843e-03 -1.653430383227329323e-04 -4.147445554265672459e-04 -2.166621771297388890e-04 1.139118896642206391e-03 -7.158510438386088371e-04 2.272240766977589969e-03 -4.870337826935326503e-04 -4.543475925168898467e-05 -5.068611866992412535e-03 -2.729728259392553177e-04 2.457822003946257515e-04 6.770290798829534410e-04 8.131190614893025873e-05 -8.817917740567128657e-05 -1.522385000580515468e-03 -1.049592363795162847e-03 1.003578031022249852e-03 -3.912547687357808201e-04 2.571893154476883984e-03 7.233949075395662088e-04 1.508777193987528940e-03 -7.284541484587842355e-04 1.183444579620340081e-03
0.000000000000000000e+00 0.000000000000000000e+00 0.000000000000000000e+00 0.000000000000000000e+00 3.339436076639936898e-03 -3.027570468068248050e-03 8.337211492356244938e-03 -4.823911284400221426e-03 2.677537628027475136e-02 -2.249100890446709394e-03 6.353463189921385425e-04 -2.250808056776930355e-03 1.229019886104705181e-02 -2.013648925779613821e-03 4.660993510766184116e-03 -2.497642564597792568e-03 -6.449679781903770942e-05 -3.161169285660586897e-03 2.806679372968363517e-03 -4.877098312688445190e-04 4.856860773570602710e-03 6.208015957780267310e-03 9.350155749852918224e-03 9.106838312599675658e-04 1.469901769991861611e-02 2.145130139270896223e-04 -1.391589212483552171e-03 -8.836576786245213099e-04 -2.401021953098092521e-02 -3.056639659462702645e-03 1.780447615157436977e-04 -2.502511662223855194e-04 1.221558870685769335e-03 -3.573960672269365767e-03 2.050724663588883358e-03 -1.862328498472568244e-03 -6.632717205717984961e-03 3.047617556289654393e-03 -8.899823685556512666e-04 -1.801799493246729030e-03 1.198455429576958560e-02 4.505752780116831398e-03 -2.863895348165676827e-03 1.718364941128239579e-03 6.590236936347155378e-04 -1.974857447148353068e-02 -8.555344459691369705e-04 1.692480823685343569e-02 -3.490223584480722091e-02 1.906160883079916976e-02 1.652281410244643353e-02 2.890872060022606216e-02 -9.340555075020506859e-02 1.853174042189301499e-02 0.000000000000000000e+00 0.000000000000000000e+00 1.375345111916208545e-04 1.075964263103126959e-03 6.860460237670727799e-04 -1.136252343057268495e-03 -1.747338513626552721e-03 5.504490613983900050e-06 -1.652291366428569413e-04 1.963849699766061219e-03 1.353870237332188643e-04 -1.097353528801097442e-03 1.219521399849944057e-03 -6.601519276392299592e-04 -6.504489331726231354e-04 5.765245276517941362e-04 -4.392475014853182555e-04 -1.627463625462961371e-03 4.130709804788515460e-02 1.856028714952626633e-04 7.846144893361830033e-04 -2.098808458896734273e-04 1.173744191964626706e-03 -4.306372333801334598e-04 1.390535204824189111e-03 1.132467063652591076e-03 4.159493306736908877e-04 1.047678104665090417e-03 7.600127989097271242e-04 4.241010904141393617e-04 -1.381279345642359019e-02 -1.479605479680585556e-03 2.683980735939639831e-03 -1.579728024340036141e-04 -5.237724850674665121e-05 -1.003340233461808614e-03 -4.000005309113844817e-04 -7.012709529445101259e-04 -8.538533483222068106e-04 -1.979150007468274963e-03 1.564072874998056551e-04 6.606087260633618057e-04 -2.796751970427302850e-03 5.121149786453831933e-04 1.317913839148436485e-03 -7.940961976639067214e-04 3.587535660195987708e-04 1.587852353721408774e-04 8.673804244664414941e-05 -6.449926716311335691e-04 1.374888112976520391e-03 -1.068912421585734192e-03 -1.887780782864981752e-03 1.133064299111868770e-03 -7.064451757943021734e-04 8.946625114275728787e-04 -9.315964234737305043e-04 -2.767181509913070793e-05 7.050622005309306259e-04 1.572420099188024485e-03 -6.386999094548674854e-04 -3.489821036115282795e-04 -1.904263292596268618e-03 6.460615716804222325e-05 -1.007429489040778583e-03 7.933382257961638703e-04 -4.817087341506216596e-04 2.236132766738822928e-04 -5.072766031587499147e-04 7.769269662708976759e-03 9.020686588370939408e-04 -1.061366644064839441e-03 -6.187986420770630065e-04 1.285707539822444206e-03 1.477341533673389839e-03 4.806307813380643551e-04 -1.715644724461024700e-03 -4.103265355126267840e-04 1.007279209129629117e-04 2.599859692000528865e-03 7.235200383723611271e-04 2.887203635113981342e-04 1.117376823830607685e-03 3.093905067732236091e-05
0.000000000000000000e+00 0.000000000000000000e+00 0.000000000000000000e+00 0.000000000000000000e+00 6.229137129042053994e-04 9.510331325067547872e-03 2.730220066479161368e-03 1.667853849682167378e-02 7.489565883550186251e-04 2.108976281204058903e-02 -1.882014883458100508e-03 -5.078697113473186649e-03 2.434299400982008405e-04 1.807265751921298055e-02 1.549604609290323922e-03 2.122524826801951842e-02 -5.802258932809374690e-04 -1.742138251549957967e-02 -2.267397394101309301e-03 2.035450578759740066e-03 -2.310862951890074041e-03 5.625147721395320696e-03 -1.792986860166363369e-03 -1.092969163272320202e-03 2.145130139272291049e-04 2.332469727697200276e-02 1.481530541282770124e-03 -4.493006269278783209e-03 -4.815526917462108550e-03 2.053798986851238656e-02 5.169496155798343397e-04 -2.062005250375350228e-03 -3.795472401056883597e-04 2.561305676288602728e-02 -1.781464670351700437e-04 2.143894574612656770e-02 4.255105049708064399e-03 -4.216130779180202247e-04 3.151821879892914135e-03 -2.661148755501348273e-02 2.293297951966238174e-03 3.484456884883147584e-03 -5.541206472541371393e-03 -6.311662047978214502e-04 5.695482331331383312e-03 1.534574760047107203e-02 3.126838110162684370e-02 5.947775211711346134e-03 7.272336327863782035e-02 4.594797873750692749e-03 -4.689979960517230706e-02 8.715763744557947917e-03 1.837791920933294632e-01 4.857667851486946464e-03 0.000000000000000000e+00 0.000000000000000000e+00 6.762475885943935398e-04 2.420955185864958215e-03 1.762572899777649317e-03 -1.229663544088009219e-03 -2.112920360454315603e-03 1.312173269918492317e-03 4.831198200827621224e-04 8.099566287874869442e-04 -7.846151429169137721e-04 -3.908777612573410831e-03 2.232980990088955994e-03 1.095023277837350872e-04 9.202145404663883410e-05 1.095225564160767382e-03 -7.382488640519683717e-04 -1.649488283918418242e-04 -2.144603092643845507e-02 -1.643743755499142223e-03 6.448042887286526553e-04 3.188769612008550761e-04 9.088940300942465822e-04 -1.103495247449390966e-03 2.538741682059904390e-03 6.036173315732245833e-04 -9.529995076121954695e-05 1.094131776243321714e-04 -1.417001657768147222e-03 -1.519371345065698500e-03 1.998301779164669834e-02 4.679839910619492446e-04 3.942660240888424400e-03 1.026182202483007407e-03 1.299382311430990881e-05 -2.292734556888822647e-03 -7.746619229364772995e-04 1.381380036042558022e-03 -9.946881066076247203e-04 -3.325214045869869916e-03 3.659221636607993579e-03 -8.115422918384912563e-04 -8.137670385494110217e-03 -4.713821574661432139e-05 3.051196351608983191e-03 1.396155049477854158e-03 2.532630482578474701e-04 -2.230918834786893828e-03 -1.475376944126236423e-03 3.282667292045172297e-03 1.236419311641426310e-03 2.191480039101285785e-04 -1.113826452438889357e-03 -1.163899994512010427e-03 7.789109297558062615e-04 3.557541151054735562e-05 3.039889612110054746e-04 -4.426038019438003918e-04 -1.075283652309973626e-03 1.087413496465329098e-03 4.460055250505791553e-04 5.530356024982140866e-04 -1.328863718953463176e-03 -7.217415981405396214e-04 -2.820970222160962271e-03 1.069394939083572610e-03 -3.311345727407651301e-03 1.495026157425020279e-03 -5.369642930306065248e-04 1.036720818682660035e-02 1.721430420354063979e-03 -9.816911160643441471e-04 -2.148452064739427275e-03 8.629008422555231334e-04 2.352902421413614973e-03 2.186622146038655606e-03 -2.208172970377689226e-03 -7.605842151459439419e-04 -3.320143873208089395e-04 1.460824091209396696e-04 -2.019886132425381241e-03 -2.910563789596829452e-03 2.027376389333736262e-03 -1.785898686302045315e-03
0.000000000000000000e+00 0.000000000000000000e+00 0.000000000000000000e+00 0.000000000000000000e+00 1.175065858212422608e-04 5.672340550999411136e-04 9.394813471479725175e-04 8.635328548352540949e-04 -4.101984656917939025e-04 1.784834598644043525e-03 -4.702927897579736206e-03 -2.334883754643523723e-03 6.781861912077220746e-04 1.252463978834891063e-03 7.951740527344626844e-04 2.260377636789588120e-03 6.907689195509743437e-04 -1.248474306363855750e-02 -6.962824472846040208e-05 1.065915403299624560e-03 -1.229118505758939467e-03 4.996593628869734627e-03 -1.137760410567560665e-03 -2.885604719885516379e-04 -1.391589212483741907e-03 1.481530541282663656e-03 5.267214505060124029e-03 -1.814991972127186432e-03 -1.188264596698779220e-03 1.523053310968967714e-03 1.208247750615336780e-03 -5.764731113560035008e-03 2.556330115893469513e-04 -8.282831857805090028e-04 -3.395577122708176186e-04 4.847362202727631799e-04 7.367965712125962990e-03 9.978432927629002336e-05 2.458815757202568921e-03 -6.627556581990726170e-02 -6.926919187080981047e-03 9.385408785520946498e-04 -2.094086839288732474e-03 2.690438373035429227e-03 2.825878150353393348e-03 1.186913101091225368e-04 2.089475165703107151e-02 -1.807279235751466486e-03 4.114281138384250081e-02 -4.119568358316217944e-04 -2.591903114278881412e-02 -6.954755276568415920e-04 8.117230230119114320e-02 1.536315761759457933e-03 0.000000000000000000e+00 0.000000000000000000e+00 -7.968957062067895186e-05 1.069918088908571908e-03 2.203340842526721813e-03 -9.925832093329979913e-04 -1.393692796039029376e-03 1.111536397682784914e-03 5.328471455901042384e-04 -1.107755366050500493e-04 -5.906359297026340504e-04 -6.565304463186520710e-04 2.444821745593570191e-03 -2.369470036270519397e-04 5.367172259660660943e-05 1.719619756492786521e-03 9.730643381085303696e-05 -1.823872898364594123e-03 -1.457566066254187623e-02 -7.989077767125035180e-04 8.379604019865740262e-04 6.491295860439705388e-04 2.671166894119459561e-04 -8.985016752207608233e-04 -2.907828213039067829e-04 -1.686824064239355984e-04 -6.543018429568793839e-05 9.035444687159489147e-04 -3.500076059865504341e-04 -2.067248411949622680e-03 1.189248934275435356e-02 -2.226624128070303567e-04 3.169229096397504532e-03 6.365701080310785884e-04 8.806439790554598237e-04 -1.400474564925882409e-03 -4.306319029709203706e-04 7.355848836516459517e-04 -8.495849238998917207e-04 7.547194970641355610e-04 6.177500065901683247e-04 -1.309219202145197420e-03 -1.116361293418140221e-03 -1.175995606993027664e-03 3.308852181943752746e-03 -1.640545437549061200e-03 2.828872558636207676e-04 -8.744735332970326883e-05 -8.288807059025687582e-04 -7.919595620765640690e-04 1.425081968712880662e-03 -1.338671102060232055e-04 -5.105160033251240599e-04 -3.009778051226342946e-06 2.738076647156840961e-05 1.721153773773865300e-04 8.590513338243137309e-05 1.753143174993444190e-03 3.524140863948042380e-04 -1.777519580161500249e-04 -9.579913341957238797e-04 3.357378495269172517e-04 -7.138924188873143088e-04 -4.772119037315711949e-04 -7.924631343559811799e-04 3.095304616745861198e-04 -8.103035624445796906e-04 4.425775886651918834e-04 -3.471029341816779350e-04 4.635127682247539016e-03 1.176919393542508489e-03 -3.856580951524372935e-04 -8.714395158016739447e-05 6.892760601683587448e-04 1.352769026716249632e-03 1.369866704495346574e-03 1.361867084189344627e-04 -8.778523690010043776e-04 -3.741303175181156658e-04 6.018072731247001497e-04 -4.368856053546039302e-04 -2.160155839421560014e-03 5.721829077907244999e-04 -7.699067909054146171e-04
0.000000000000000000e+00 0.000000000000000000e+00 0.000000000000000000e+00 0.000000000000000000e+00 -1.067746258246977898e-03 1.463212720079468685e-03 -3.164045463322902926e-03 7.820367116113864127e-04 -2.699804558452407674e-03 -3.956746753243390105e-03 2.436941647251405878e-03 1.481112183827491303e-02 -2.437818654796218131e-03 -6.322245892432674843e-04 -1.624593266591005695e-03 2.108554624206255158e-03 1.345523630888077944e-04 6.037867483248249290e-03 1.362222886351965303e-03 -7.729051512187546519e-03 1.871919483422247428e-03 -9.820923560922425327e-03 -1.212244817730636260e-04 5.931072463517580561e-04 -8.836576786245646780e-04 -4.493006269278673054e-03 -1.814991972127594309e-03 1.851419285623467567e-02 4.089628730695850714e-03 -1.881421107738611310e-03 2.675660623590375362e-04 1.293159171899449511e-02 -1.501697054908003896e-03 7.471824910580898184e-03 -2.539510713998713483e-04 1.264407279566173757e-03 -2.379101993272719068e-03 1.796630636952572949e-03 -6.751726965092821192e-03 4.301535576600691579e-02 3.774993570299897943e-03 -2.829893302724301022e-04 3.424252324162948245e-03 1.588655498209259670e-03 -3.670920484936024322e-04 1.111094817801640267e-02 -3.321328864034227973e-03 -1.142723075342789302e-02 5.695902791302374403e-03 -7.547000927201867257e-03 3.108049367640012932e-03 -4.540199354216827715e-03 1.807808374929667158e-02 -8.870853491647455111e-03 0.000000000000000000e+00 0.000000000000000000e+00 -8.586671315413303696e-04 -2.214306327141597752e-03 -2.576939882622635881e-03 4.734592109483392978e-03 5.547773984116878034e-03 1.030011209394367461e-03 7.215817031456006657e-04 -7.221224475584931508e-04 7.587756182928334344e-04 6.138104868369983688e-03 -5.324980229221665078e-03 3.130136981234811228e-03 9.514819672186785281e-04 5.069469601030118311e-04 2.734992979536372913e-03 1.504874614393945454e-03 -4.323068617796267665e-02 1.504649717844567256e-03 -2.126440402989466724e-03 1.994090733496200855e-03 -1.394973184409841437e-03 7.399542636320053561e-04 -1.222036502697158985e-03 3.420630679276703053e-05 -8.305957646721465106e-04 -2.617507506353756921e-03 1.575005817164883701e-03 2.320187622979313566e-03 1.131901222828258363e-02 4.700307526559336854e-03 -9.572215303027912028e-03 3.354866830640805238e-04 3.702923037363535985e-04 4.784154641946006432e-03 1.169680287275058758e-03 1.474623173897938577e-03 2.716082586120771580e-03 5.449946825373903556e-03 -1.249016665221220701e-03 1.149439113715058133e-03 6.629106856247230298e-03 4.371675518239723918e-04 -2.191449826142007062e-03 1.566341427833155362e-03 -1.293493098888168864e-03 2.586063041270671332e-03 -5.730263642466724115e-03 6.586276642536329547e-04 -2.741116115934580551e-03 2.676320924002712712e-03 1.808490862944147617e-03 -1.710275493615009252e-04 -9.641223168033466679e-04 -2.665887983513084590e-04 2.108988953090073452e-03 1.417227661811939956e-03 1.145430003819164402e-03 -1.200320413477743743e-03 1.294222069213063920e-03 1.820479742464183731e-03 3.314273360621762445e-03 2.382044034317178538e-04 3.615124636379188870e-03 -1.188076978487817830e-03 1.659036005948275961e-03 -7.227971826010178144e-04 2.847293386836962726e-04 -2.322623057742298144e-02 -2.318258812630980426e-03 4.499282157038007011e-03 -4.678781253560927700e-04 -1.833100486076848093e-03 -3.437293044763584451e-03 -1.010920717688940833e-03 6.691145280081184062e-04 2.636453797564786324e-03 -1.629416877692267131e-04 -6.770788512781747426e-03 5.975996487305731486e-04 2.863268303445510882e-03 -2.639289300663163161e-03 3.857468840510819546e-03
0.000000000000000000e+00 0.000000000000000000e+00 0.000000000000000000e+00 0.000000000000000000e+00 -7.068582999664901542e-03 3.126497358416127290e-03 -1.972307180112372466e-02 4.038833203770521643e-03 -5.194877431022421055e-02 -1.733894772151678247e-03 7.999214029579287575e-05 7.524061231813604193e-03 -2.565501527179811156e-02 -4.878279309081479066e-04 -1.270293782183876813e-02 -7.704212643098063296e-05 -1.336579570089304388e-03 1.872030719977395979e-02 -4.390773613906714251e-03 -5.407555770112948759e-03 -5.595721456941969187e-03 -1.796888864968499908e-02 -8.899748540784565426e-03 -2.941505179090380621e-03 -2.401021953098053316e-02 -4.815526917462805041e-03 -1.188264596699488938e-03 4.089628730695855918e-03 5.341468364950294895e-02 1.488295848329478652e-04 8.606799331657107640e-04 5.156158528201592803e-03 -3.627595437046807116e-03 -6.165303049864641512e-05 -2.697112754388891406e-03 2.893292078046892299e-03 -8.968583462267098322e-03 -8.300320718900936964e-03 -2.228850243991065301e-03 -8.981075326245513413e-02 -3.674396893676646920e-03 -1.320166762912519838e-02 2.136050425160710038e-03 -8.298376198834615108e-03 -7.417485766333546671e-03 3.767233900452212486e-02 -3.300313302976510405e-02 -3.055801737274986898e-02 -2.050250362470917853e-02 -3.906515232742693855e-02 8.464916038366347706e-03 -5.976153192019430238e-02 -1.759037383288275438e-03 -4.129623462240297749e-02 0.000000000000000000e+00 0.000000000000000000e+00 -1.015492264920177809e-03 -1.870266265051215987e-03 -1.199229307835337740e-03 2.562295891133977398e-03 4.503417841579549982e-03 6.703041934038693472e-04 5.200889950825596849e-04 -2.882887931694265785e-03 -1.520044240458944982e-04 4.579078591495727713e-03 -3.052438307340051178e-03 2.524389518662706680e-03 1.079280655710840179e-03 -2.659575465739172015e-03 1.923011562723811203e-03 2.666120639016140038e-03 -6.009656575759578234e-02 3.561946929324354746e-03 -1.579610641015353817e-03 1.286161139227668749e-03 -1.211168491116442099e-03 -8.884287383447385649e-05 -2.003165015688222750e-03 -1.158336969980073520e-03 -4.865161667124542682e-04 -3.453687106451065400e-03 -6.102886090108530955e-05 -3.867784799452375264e-04 5.738279660035346466e-03 5.594332217994000059e-03 -6.818268590184881593e-03 5.514963927326753260e-04 7.779273535385350163e-04 2.717457149091467850e-03 1.618686333749041681e-03 3.225521292054487222e-03 5.751490694285816066e-03 5.907765891224759508e-03 -9.979807942566948364e-03 -3.144096275060726236e-03 2.278782266910649862e-02 -2.745805996554141759e-03 -6.485160300885638683e-03 3.057657520381054303e-03 -7.077472477960529895e-04 2.099307559136352145e-03 -6.474627946021459246e-05 2.909243937896222162e-05 -2.422940068559813372e-03 3.138057854931011054e-03 3.312151722539883984e-03 -1.450856610366433111e-03 -1.984570424207006336e-04 -1.469805499522695152e-03 4.198035790571202387e-04 -1.155571547290012123e-03 3.388204724979547553e-04 -2.595159011792673703e-03 4.860279910641764046e-04 1.699721962790062910e-03 3.949066505137164076e-03 -2.766958414017788503e-04 3.512289567212621526e-03 -2.203731843713521363e-03 3.082992200667740781e-03 -1.441671530709204285e-03 1.259988971603100355e-03 -2.451418259037626418e-02 -2.019180201091596693e-03 3.151633832795576462e-03 1.131208741848341521e-03 -1.515814154822953379e-03 -2.785593908856450439e-03 -9.539361343401141832e-05 2.209106539084377142e-03 8.358217409147600382e-04 -1.229718172202722655e-03 -5.729984080719296297e-03 -5.208067183428221432e-04 1.316827686931785991e-03 -2.860053407902663890e-03 7.063623395854605382e-04
0.000000000000000000e+00 0.000000000000000000e+00 0.000000000000000000e+00 0.000000000000000000e+00 -6.894164946151584965e-04 1.029035002868294336e-02 6.902635044126524764e-04 1.799516194156285803e-02 -4.549579173469175432e-03 2.106102229589799230e-02 -1.352262828712644856e-03 -4.685953072564030819e-03 -2.243221290420625152e-03 1.835351135302595513e-02 7.201111945237731243e-04 2.115958954536133196e-02 -7.094508958375308171e-04 -1.415343721108059186e-02 -2.764996302634881165e-03 2.175651453197673633e-04 -3.133260887194378418e-03 1.297848382636350439e-03 -5.966730329526775609e-03 -1.177696339887275654e-03 -3.056639659462667517e-03 2.053798986851272310e-02 1.523053310968762366e-03 -1.881421107738284965e-03 1.488295848340707734e-04 2.184948632960155915e-02 -1.455566903330169878e-05 -2.997496769289364083e-03 -8.426099033557453736e-04 3.081771773795494856e-02 -9.454059840042649708e-04 2.124765748849723884e-02 8.931986372229767240e-03 -1.574803782278996192e-03 2.374818554220098094e-03 -3.086201500094150341e-03 -1.199876964343685962e-03 1.555609117348197680e-03 -2.437702929557021992e-03 -1.716353974274049997e-03 5.937633733293317881e-03 2.273085030671042825e-02 3.349494161968014083e-02 -2.243834994725259300e-03 8.562215297109183887e-02 -2.173936336645896066e-03 -5.084592138141675460e-02 -1.707938870349379797e-03 2.237909204142131403e-01 -2.840304746692231142e-03 0.000000000000000000e+00 0.000000000000000000e+00 9.537035107281326097e-04 2.176130269367465044e-03 8.974844855603955358e-04 -3.575657494393914143e-04 -1.218502430893980215e-03 1.527949406486207341e-03 5.082905319333495819e-04 5.091103354504466182e-04 -7.913871060420944346e-04 -4.251649770989170650e-03 1.036196219485419935e-03 6.810003623196605668e-04 2.548263235655469578e-04 5.474714002071584323e-04 -8.638061666458429072e-04 9.080217293036606067e-04 -3.064408313890595870e-02 -1.728450475970199967e-03 1.234274664125128420e-04 6.827112593193791377e-04 6.505853022674142972e-04 -7.311614279153337299e-04 2.773173515651055146e-03 2.045527049652812353e-04 -2.243270851815261618e-04 1.061596986939936180e-03 -1.922773943142249212e-03 -1.405770342662216506e-03 2.330234928097951741e-02 -3.014224860094610577e-04 2.249595813034846112e-03 1.225473836820157583e-03 -3.830700206898984199e-04 -1.940687791707092864e-03 -7.121785601609011140e-04 1.076385743753656768e-03 -1.101963360527566643e-03 -2.047851873599338540e-03 5.806653092069912619e-03 5.340879284985247406e-04 -1.127391515756221568e-02 1.151733736452853615e-03 3.023542608616238293e-03 1.988621534520818978e-03 2.823883103746640470e-06 -2.417582978873402191e-03 -1.372161096652370783e-03 4.622032231503504611e-03 1.990512562178324346e-04 8.523504780867214529e-04 -5.326343250261288782e-04 -1.752939523740176028e-03 1.634410688454393523e-03 -1.945682675227704272e-05 9.508721181532722808e-04 3.328323811556286801e-04 -2.001385466833234886e-03 9.204886560739530994e-04 1.447121250802422664e-03 7.392760813882031171e-04 -7.005578798911553601e-04 -4.462877272655436500e-04 -2.776763200409860383e-03 1.625106694477207589e-03 -3.892813756933281855e-03 2.328168841550192197e-03 -3.823946088095155895e-04 1.048538771268053837e-02 1.369810632979765125e-03 2.460988171590924953e-05 -2.686730207254900329e-03 -4.202203022430264084e-04 1.503185815468560498e-03 2.137667776545506930e-03 -1.458703073027230960e-03 -6.954638175809112893e-04 -4.716761475228371282e-04 -1.565796066733913475e-03 -2.441342490390950495e-03 -3.277400621472634831e-03 1.750479030302368785e-03 -1.966405054229459961e-03
0.000000000000000000e+00 0.000000000000000000e+00 0.000000000000000000e+00 0.000000000000000000e+00 4.271657708093744114e-05 -4.412523086397332603e-05 1.607936532886787182e-04 -6.451831468878490173e-04 -5.552612137862376635e-04 2.856511563792478144e-04 -2.224635116720861689e-03 1.301840919038919691e-03 -1.134873390579417091e-04 -1.090046014776347225e-04 2.807672976581759025e-04 5.337236531162800786e-04 -2.423341628931495722e-04 -2.145681665965618132e-03 2.774745280115888991e-05 -1.202849215724848117e-03 -7.450243886021986860e-06 8.644654978390255628e-04 -7.094697645029926026e-04 -6.445793386624776690e-04 1.780447615159459827e-04 5.169496155800000058e-04 1.208247750615317482e-03 2.675660623588298030e-04 8.606799331653334616e-04 -1.455566903313134351e-05 2.328697376496791007e-03 3.356732630002942685e-04 1.110518956375227285e-04 3.928240042533368915e-04 9.971271872712960684e-05 1.001940212586391625e-03 -1.422648894056045658e-03 -1.426378181644027141e-03 7.716010365734707202e-04 -6.485927069269881162e-02 9.740565020488500293e-04 -1.768352304008263820e-03 -2.006500943914706851e-04 -9.895916307324508117e-04 1.832796692803268022e-04 -1.012039320281614765e-03 2.234453536386513291e-03 2.741715640947400227e-03 4.191657992496486580e-03 1.055030333060406065e-03 -3.854604047340342773e-03 2.325584729771755944e-03 3.892534221632182670e-03 6.622073046788940365e-04 0.000000000000000000e+00 0.000000000000000000e+00 -5.434565292965124307e-04 4.733213883358277588e-04 1.695716020626531189e-03 -9.201343975177351696e-04 -2.553892601138503440e-04 4.855259431378466267e-04 3.108359542515607733e-04 -4.387323610200768976e-04 -3.175817391843446954e-04 6.691436813931509690e-04 1.672171567778216877e-03 -1.220029867271590343e-04 3.057116501557134605e-05 7.855598125531007775e-04 4.552378336183397680e-04 -9.131518656114838168e-04 -6.768020177567976407e-03 2.483712801551398071e-04 4.676132199773472341e-04 2.326192742870023889e-04 3.634362246894955466e-05 -6.609901591499515441e-04 -9.878535962766137133e-04 -8.525101634795650442e-05 -6.149717041151891864e-05 -7.271041371102608718e-04 5.925630116800806747e-04 -4.162161718113574190e-04 5.543641444423306509e-03 1.287211315358250275e-03 1.402780739454516454e-03 2.552360821628808221e-04 1.087544651686037133e-03 -7.217520301277272282e-04 -3.681434873602638827e-05 1.278033257960902455e-03 3.764480210849381419e-04 3.769689000638956882e-04 -2.163835676223289841e-03 -2.235114090876259493e-03 4.278496073758815584e-03 -2.151063123304865817e-03 1.264955109978221307e-03 -1.915964208669502069e-03 2.360245237865598493e-04 6.432659103334106105e-04 6.356234304994189729e-04 -1.756826853473611623e-03 9.737200871406695392e-04 -1.224198414570309198e-04 -1.489639226848469736e-05 1.617731683179562095e-04 -6.223630539931484032e-04 9.006176936365151283e-05 -4.104682504955608048e-04 5.075944067542040956e-05 1.185219176118825195e-03 -2.018697860150789802e-04 -1.159276400986572822e-03 1.611123685295104142e-04 -2.826575513769485079e-04 -1.001880932960669572e-03 3.027119920428716199e-04 -2.760484900119602450e-04 7.921789818885768917e-04 -5.324628008156986241e-04 5.240515619507111035e-04 -1.394544680043630080e-03 3.737018188406976589e-04 -8.606276515206139738e-05 7.813098734963403597e-04 3.468609171977145842e-04 6.772996665591135904e-04 7.659212518835655740e-04 2.760150426915023575e-05 -7.575737244543299595e-04 -4.120076869655627644e-04 -1.233452127794280482e-04 1.881216558935045174e-04 -8.261413509655483618e-04 -5.873493018728530800e-05 -5.341096783371154875e-04
0.000000000000000000e+00 0.000000000000000000e+00 0.000000000000000000e+00 0.000000000000000000e+00 -6.719469285418008288e-04 2.240421156338095500e-03 -2.888928119792803523e-03 2.747702189806507621e-03 -3.101038317912449809e-03 -3.970746031632343270e-03 8.729703928045744535e-03 2.088511247734744017e-02 -3.149211061476225003e-03 2.826103156497328933e-04 -7.633173997582521188e-04 2.336517946178714132e-03 -2.010772056444516676e-03 1.242148559744500266e-02 -2.119763684899010322e-04 -8.378158148981551187e-03 8.473780513473879068e-04 -7.654514629984588217e-03 -4.131746847894500647e-03 6.577994979567788197e-04 -2.502511662215472143e-04 -2.062005250375923554e-03 -5.764731113560415780e-03 1.293159171899396602e-02 5.156158528200482580e-03 -2.997496769290584027e-03 3.356732630004102781e-04 3.036877064600870466e-02 -1.689109979647818865e-03 1.820803655967836998e-02 -2.802857223667824566e-04 2.133616643204984138e-03 -3.708119954315654016e-03 4.748492532503909339e-04 -7.117375152515509340e-03 -5.075112583880914824e-02 9.305166392804571987e-03 -1.419163670542539658e-03 1.122153906886611680e-03 -1.279214836118005433e-03 -1.789202015052299187e-03 1.023120795725720837e-02 -2.150002850495176532e-02 -7.463316784517546633e-04 -8.557885250853687967e-03 -1.996171594203913647e-03 1.518990070600536452e-02 1.786659015138465471e-03 -1.642209008813729290e-02 -7.790083010750088049e-03 0.000000000000000000e+00 0.000000000000000000e+00 -9.632328775983551618e-04 -1.035259577473706619e-03 -3.945322931688766306e-03 8.044194261288833622e-03 8.768746155335712181e-03 3.335953290986602877e-03 1.980745793046940085e-03 2.811262044343679038e-03 4.348519734996344078e-04 8.525853395905801102e-03 -1.012597883510051554e-02 6.907939236230751200e-03 1.455836085848711886e-03 2.384200994632557687e-03 4.142370293646824124e-03 2.985175962591609788e-03 -6.735901172298910944e-02 2.075887743123236342e-03 -2.938452360624384339e-03 4.676574299053250228e-03 6.504005098945021433e-04 -5.638403721168851798e-04 1.907207309276048087e-03 2.403757785582030272e-03 -1.043816169141837183e-03 -3.267215750820467394e-03 2.894887548194247009e-03 4.082001281185342403e-03 5.428473132091489288e-03 7.942627658347476208e-03 -1.558281112518281226e-02 1.721432049169162185e-03 4.668841901215574786e-04 7.384590265908091457e-03 2.091049325415638219e-03 2.588548497400707839e-03 7.752913233994394339e-03 7.919363673127403219e-03 -6.549294596677669722e-03 3.982508369539276838e-03 1.719712845335633414e-02 3.533300886454102032e-03 -6.619355650505918606e-03 1.136410717502756712e-02 -2.204735531007174197e-03 3.938161700719332303e-03 -1.395339966283831203e-02 4.973030558905702780e-03 -3.789569499198101703e-03 6.574501278453596942e-03 1.011124032680323255e-03 -6.745456165361842209e-04 -2.208679006300431381e-03 -2.036252195092648530e-04 2.736838337259905884e-03 2.071414330980814091e-03 1.910172831775207216e-03 -6.934457186002186083e-04 2.621663449460976889e-03 5.689560330485008907e-03 4.323127885826475066e-03 1.429527993106700923e-03 5.364195651710590429e-03 -1.144746446090929909e-03 4.908724566068976359e-04 -6.967405526402636841e-04 -1.132505155329295663e-03 -3.433095130755543789e-02 -2.646662183789870188e-03 7.516723521769070986e-03 -4.835161868569017203e-03 -7.517899672303494105e-04 -3.790136910457869192e-03 4.683601955315816164e-04 -2.532096139274559073e-03 4.768669468942378538e-03 -9.441271685258370659e-04 -1.270128302008079711e-02 2.476297673917314556e-04 5.701814859121344739e-03 -2.734999105355670479e-03 7.906942812786869196e-03
0.000000000000000000e+00 0.000000000000000000e+00 0.000000000000000000e+00 0.000000000000000000e+00 5.914565634420359446e-04 -1.013434708386148474e-03 1.867962694139148208e-03 -1.615830277761792473e-03 3.230876427258207260e-03 -2.203836042572041628e-04 -3.354449439338716681e-04 -1.132919398382766472e-03 2.122855436546073043e-03 -8.770488425226213944e-04 1.302365251909268825e-03 -1.402156110427734120e-03 6.235905407334170654e-04 -6.678841577281292678e-04 3.217463315672032509e-04 1.696851550850852217e-03 -1.196409758075994776e-04 1.640048651456090315e-03 5.352869639688883794e-04 1.674371280624251286e-04 1.221558870685730738e-03 -3.795472401056363180e-04 2.556330115894630693e-04 -1.501697054908060925e-03 -3.627595437046919873e-03 -8.426099033556124504e-04 1.110518956374422536e-04 -1.689109979648016190e-03 1.281330539954350558e-03 -3.788345165435668023e-03 2.688376424710696867e-04 -1.314614646891629863e-03 9.655696195928279964e-04 4.228949286123974199e-04 1.043316228071825393e-03 6.842940284870350012e-03 -8.486318515534249695e-04 8.319328362497466038e-04 -5.576965798818913061e-04 2.891661872924060198e-04 8.145523998128283150e-04 -4.960041025779933846e-03 3.506452542633351193e-03 1.603753358481938658e-03 1.941203865694186544e-03 2.869218920360581352e-03 1.692150231757028511e-04 3.177427863157473043e-03 1.681726015858584118e-03 4.001863561748539647e-03 0.000000000000000000e+00 0.000000000000000000e+00 1.538821170282834820e-04 2.575069387609664885e-04 2.264916803514808248e-04 -4.406116274940498714e-04 -4.971174339570326797e-04 1.564216972105544391e-05 1.435115324995343779e-04 5.149382180020339818e-05 -1.239793518608688105e-04 -6.091562386300863061e-04 4.717048947230615178e-04 -2.689494711096397325e-04 -1.017101526494253134e-04 -2.788337835466465431e-04 -2.965023754526743501e-04 -5.643437564077980785e-04 4.319023795558763791e-03 5.219816562889250354e-04 1.939878730369965214e-04 -1.237537837126225144e-04 1.291503642729640016e-04 -2.797756633011193360e-04 9.038275683132077510e-05 1.578010895959411830e-04 9.249154122443997261e-05 3.435053388350213185e-04 -1.508186429132566135e-04 -4.160940628066583566e-04 -1.272176555046756466e-03 -3.050546188786192200e-04 8.785768750111029070e-04 1.424798982226248146e-05 -1.192739726179140115e-05 -4.373127995272078710e-04 -1.443606112665569909e-04 -3.284912207407397972e-04 -2.619678583603662859e-04 -3.834506611930441327e-04 2.382759877288207493e-04 1.289966506675426687e-04 -1.228983709546769762e-03 1.944454961132897582e-04 6.466684196745904178e-04 5.504074834213806616e-04 1.156337651625907541e-04 -2.103485843361880376e-04 2.004412112982815661e-04 -1.730282640859701440e-04 3.013953018994879225e-04 -2.575768854941222832e-04 -2.275180184593366653e-04 -1.392172133281393252e-04 6.971261615347487998e-05 8.985144524439033165e-06 -4.323237021632229520e-05 -1.049863667827876144e-04 -6.795192215624074560e-05 -4.857866586446195172e-05 -2.112728923398891337e-04 -2.205416182290502436e-04 -3.642929280063002240e-04 -6.691318435349220351e-05 -3.127751984062364810e-04 2.818207336974314862e-04 -2.456202458595142758e-04 2.281589144290322032e-04 -1.617980600980695855e-04 2.178875424434428831e-03 2.790136449975039678e-04 -3.385793202018535153e-04 -1.077499882271188580e-04 2.977897519207723005e-04 4.040426985016299819e-04 1.332776987759314914e-04 -1.028795614771437254e-04 -1.814045898590159608e-04 -1.248953138482195783e-04 7.666872424674605517e-04 -4.387108152982621223e-05 -1.484547431817162663e-04 3.056417831787467320e-04 -1.743492122781893508e-04
0.000000000000000000e+00 0.000000000000000000e+00 0.000000000000000000e+00 0.000000000000000000e+00 -1.848691673621460658e-03 1.772215895907616051e-02 -7.512757252637694300e-04 3.039461899839263070e-02 -8.346802986355695425e-03 2.840935914472889762e-02 6.316755802191643260e-03 5.043913374017741820e-03 -4.810567127814243532e-03 2.762484465226271516e-02 1.696112655903222631e-03 3.380958534220721706e-02 -4.950556399362119817e-03 -1.957348537606453873e-02 -2.428419593648576281e-03 -9.714008107954528667e-03 -2.477472563426102743e-03 -4.967629326527597811e-03 -1.864686459058016027e-02 -2.202279112637007923e-03 -3.573960672269053517e-03 2.561305676288519809e-02 -8.282831857815079867e-04 7.471824910582393516e-03 -6.165303049714436143e-05 3.081771773795343589e-02 3.928240042532651173e-04 1.820803655968226964e-02 -3.788345165435741315e-03 9.612231159133291514e-02 -2.062429053248573257e-03 3.059254385058817957e-02 1.451681166959619546e-02 -5.212110201749581284e-03 -6.063091515261185768e-03 -6.785660909010061970e-02 4.012487101076794849e-03 6.562838339666003315e-04 2.730765986627207032e-03 -1.681074267055647628e-03 9.920895574495592478e-03 4.695189973016663382e-02 4.830313746729524710e-02 -3.487185455246671808e-03 1.773123218382754163e-01 -4.290824099081807369e-03 -8.160490945103923699e-02 1.440988678572121921e-03 4.091917465495104600e-01 -1.697052713617671488e-02 0.000000000000000000e+00 0.000000000000000000e+00 2.143993602775495604e-03 7.163431953301608278e-03 -2.545123633693016293e-03 9.714046772081852063e-03 8.126266623340426196e-03 1.166951156599239404e-02 4.713895712445123794e-03 6.975195412544730154e-03 -2.523718363621841720e-03 -3.760467841789565113e-03 -1.125516163423821193e-02 1.250493101803339460e-02 1.615740926729610644e-03 6.391065135404510114e-03 3.749443144979063350e-04 4.413270384878834919e-03 -1.125161259223173560e-01 -1.543465258235334966e-03 -2.566704962300034309e-03 9.754344322780635415e-03 5.739346532578385243e-03 -2.948498802948569964e-03 1.175235738882129261e-02 3.734433415073221130e-03 -1.238652748490555585e-03 5.061025396307507890e-03 -1.334510711078731177e-03 1.038080516282656202e-03 3.489078166824094440e-02 3.092326035596702945e-03 -1.389620378438268834e-02 7.364612545926439886e-03 -8.652070026129263670e-04 1.708544649278210181e-03 1.889227284583006299e-04 4.444696137388486588e-03 3.891603868342283917e-03 8.675480320897377418e-03 1.232616505581757629e-02 1.148510844931694558e-02 -2.085554596451771880e-02 1.320293692170507703e-02 1.374093738041802862e-03 2.191957351259575179e-02 -2.813197857844463787e-03 -8.260550523809609153e-04 -2.106433196547902523e-02 2.170799720036641414e-02 -4.352554380898223350e-03 1.273831595798898854e-02 -1.366355918818281528e-03 -5.988894282865256206e-03 2.516673224957725712e-03 1.277215095228327341e-03 6.020511554705015519e-03 9.490456046345869395e-03 -3.309382563714810110e-03 2.604945945291249794e-03 7.864086569086870676e-03 1.049861090565289840e-02 2.289537675674077795e-03 1.468960770743814532e-03 -4.156074422229664371e-04 7.220485513458137564e-03 -1.141212948304337789e-02 9.884949597887902895e-03 -2.577044271687488602e-03 -7.487107605479727777e-03 1.765267889590997272e-03 1.286453451581197858e-02 -1.712406230446061536e-02 -5.071285923858827142e-03 -6.422571468685145564e-04 9.359538723823501716e-03 -6.782646896532192049e-03 2.399482238624099303e-03 -4.330785802757916754e-03 -2.431320828982680773e-02 -7.011888386562292567e-03 -4.470223048451541122e-03 1.103313789485962579e-03 4.199148175449776872e-03
0.000000000000000000e+00 0.000000000000000000e+00 0.000000000000000000e+00 0.000000000000000000e+00 4.313779127280491059e-04 -9.385013027608436363e-04 1.002935216150098192e-03 -1.571132835070128322e-03 3.487560018911971607e-03 -6.811987322015320909e-04 2.130691616120814402e-04 -4.117412702382342699e-04 1.599288675221107684e-03 -9.171263363003723029e-04 2.148947857511482621e-04 -8.246861995677268577e-04 -3.233641488556449083e-04 8.702852981377433815e-04 1.132853719544120105e-03 -1.487931955865081811e-03 1.795243858678335870e-03 -6.396696887581694666e-04 2.222123013578964669e-03 -1.137740777846322224e-03 2.050724663588773203e-03 -1.781464670351045579e-04 -3.395577122707789668e-04 -2.539510713997597839e-04 -2.697112754388817681e-03 -9.454059840041716210e-04 9.971271872710979305e-05 -2.802857223668309204e-04 2.688376424710597662e-04 -2.062429053248498664e-03 1.512576311489695650e-03 1.879023176266287221e-03 -1.877332110473194440e-02 -2.696792114761568677e-03 -2.888384144912353301e-03 -4.655524779780152722e-02 1.558348503025971943e-02 -6.612206277882472921e-04 -7.615008581701111258e-03 -2.599747126489792941e-03 -7.464432256716755287e-04 -4.721045114694029550e-03 -4.344389153392231792e-03 4.485524983791074928e-03 -1.825600020246162178e-02 4.675219590031609931e-03 8.465497434523811676e-03 4.039296803056655408e-03 -4.138771246786437930e-02 2.983428502206875686e-03 0.000000000000000000e+00 0.000000000000000000e+00 -1.325660012491874169e-04 1.734606235908224894e-04 -6.662884389819925899e-05 1.612621673739223545e-05 1.067264329786700829e-04 2.624902000411733936e-04 9.061737980603319837e-05 1.666320149924979113e-04 -6.166422047737185803e-05 -3.335060587726941376e-05 -6.483319376652819368e-05 3.058198294903241186e-04 -1.247589957935570559e-04 -9.799592975646134393e-04 -2.565783012604020774e-04 -3.549496327167749347e-05 8.439583497643367987e-03 1.448428727145015292e-03 3.339053729706407633e-05 2.709797227621751100e-04 2.645436996449914151e-04 -4.023664741934647980e-04 1.984787593563894334e-04 2.799491364857292254e-04 1.205599763355699630e-04 -2.842272458069689239e-04 3.175804619990089603e-04 -1.388824318168383861e-05 -5.751720967770068173e-03 5.998304207947351922e-04 -1.546844117776267381e-04 1.514339008592516960e-04 7.775653477578927677e-05 -1.530515801970844638e-04 1.010582441113848677e-04 3.758571213685536110e-04 4.991866617019653438e-04 1.748130828801573895e-04 -1.822197420252857480e-03 -4.966921449852715852e-04 2.153928664098447507e-03 -3.565461415727908282e-04 -6.623263841411999430e-04 8.946002069527695440e-04 6.847152901037835177e-05 3.671411579201374438e-04 7.642571304361349405e-04 -5.477301325625199776e-06 1.502072618364187241e-04 1.257295921036146618e-04 -2.765887209990366535e-04 -1.235669038021679287e-04 -3.795752600788162277e-04 2.344437276443429234e-04 -4.889118068842963254e-04 -7.147433351999959040e-04 4.282424347669546534e-04 4.317279841494611119e-04 -1.387268926849593046e-04 -4.153279654887741647e-05 -1.661301000246448000e-04 -6.840569394762520536e-04 1.231764864763984588e-04 3.513989286680877411e-04 5.021518131508480309e-04 1.735826026956739188e-05 2.747632106464100625e-04 -1.167062656300450361e-03 6.139367254090545328e-05 2.355826241340410214e-04 -1.148732378384831299e-04 1.218138890661623187e-04 1.328514428118875461e-04 2.650242704036617444e-04 -5.082840632230842259e-04 5.411482116650221828e-05 -1.409618301709156479e-04 5.138070338207067827e-04 1.708984944636350513e-04 5.967550351356511445e-04 9.490511678834180143e-05 2.114329051287098886e-04
0.000000000000000000e+00 0.000000000000000000e+00 0.000000000000000000e+00 0.000000000000000000e+00 -5.050849280868252101e-04 1.089113700678335378e-02 -7.652753233045368362e-04 1.797288532843396847e-02 -5.357089100043866195e-03 2.006105989489213523e-02 -1.361139192492218705e-03 -4.746055078470828685e-04 -3.093610242376816644e-03 1.846627024223533586e-02 -1.820061169839497488e-03 3.037939067028538193e-02 1.341542984117606889e-03 -4.839356211319575940e-02 -1.912395921534573587e-03 -8.901002643458852046e-03 -9.223193677624580769e-03 -4.738346827213187756e-03 -7.861094050126329197e-04 -7.468500288666355021e-03 -1.862328498472809587e-03 2.143894574612754261e-02 4.847362202726305819e-04 1.264407279566280226e-03 2.893292078050154013e-03 2.124765748849672536e-02 1.001940212586330909e-03 2.133616643207162950e-03 -1.314614646891779266e-03 3.059254385058758283e-02 1.879023176266252093e-03 1.014322587970543921e-01 -3.616903089820260042e-02 -9.322455718954052173e-02 -1.013479118587432351e-02 -3.418236776692479273e-01 3.158591567756319218e-02 -7.487442474129450687e-02 -1.956534667050154053e-02 -6.912945354250508989e-02 6.665205091892566040e-03 4.439718243251802865e-02 5.625834362834469804e-02 -2.365396355956009972e-02 9.747864229557649807e-02 -2.102178421771959058e-02 -4.897645637431409515e-02 -2.788452318449198900e-02 2.592420750522239636e-01 -2.334124270618960148e-02 0.000000000000000000e+00 0.000000000000000000e+00 1.594778782035427122e-03 2.652368435078161432e-03 1.306890967443086367e-03 -2.779165435185605216e-04 -1.228587293615012897e-03 1.650762403857442993e-03 6.689605260678157389e-04 1.068920563452568353e-04 -4.310226759991792490e-04 -3.848256747535120596e-03 1.517185385873917342e-03 5.602877150507887868e-04 4.538905380271746038e-04 5.836502033780907248e-03 -4.657914226516489896e-04 1.913741463756050325e-03 -4.608027383770678387e-02 -7.057653772521423237e-03 1.306944832754250961e-04 -2.079356201758935708e-04 2.389694033133432345e-04 -9.305901429950563537e-04 3.175534961423674869e-03 1.223701834051022473e-03 -7.460480336461633531e-04 1.212668105559979673e-03 -2.822714080460084814e-03 -2.204588383477519651e-03 5.093884929091314906e-02 -2.179161109558325400e-04 2.618534833008276993e-03 1.028059485963054740e-03 -2.094874098926718692e-04 -1.145255513752771416e-03 -1.114861521927159888e-03 1.492273779392573824e-03 -1.300635425528396229e-03 -1.491822283880855308e-03 1.147990793802344811e-02 -2.799655859527311807e-04 -1.680903134533731288e-02 4.505770280268994515e-04 4.393021652253123466e-03 1.785211423454075279e-03 -9.822732106100299913e-05 -2.523806324234862449e-03 -4.182266265774602435e-03 5.309987296806224950e-03 3.315288732590445449e-04 8.236126817062724200e-04 -8.456716037146137701e-04 -2.153678245165467804e-03 1.271205348108277091e-03 1.594791895571329794e-04 8.372162280075101182e-04 6.038217920206433425e-04 -2.531837298381941440e-03 1.781683606567523908e-03 1.817699702741158762e-03 4.905961370452662385e-04 -4.272619449349688821e-04 -1.019792261697499442e-03 -2.918776317360119183e-03 1.968059836723748748e-03 -3.750809041489000951e-03 2.570923232673840396e-03 -4.179489111634785065e-04 1.508193796966932239e-02 1.558836795537693522e-03 -3.277808962153289010e-04 -3.460055353802781418e-03 4.205375689276588517e-04 1.415653536332353753e-03 2.264627569115074471e-03 -8.929873478054743425e-04 -3.938920957608348246e-04 4.996426612507390719e-04 -2.665103112082688012e-03 -2.436846720397383564e-03 -3.454760155548928201e-03 2.026728372428565194e-03 -1.429655320791536725e-03
0.000000000000000000e+00 0.000000000000000000e+00 0.000000000000000000e+00 0.000000000000000000e+00 6.422066520344773925e-04 7.089636582519492566e-03 4.598746810666068906e-03 1.386735052167270554e-02 -8.867657292635313694e-04 8.517252788046183326e-03 -5.157208537906686138e-03 -2.056630697828066862e-03 2.181469419716037215e-03 1.074549872252121910e-02 7.924245905156728983e-03 7.642681024661360754e-03 1.129206492574904956e-02 -4.414127013100728469e-02 -8.733812149214091256e-03 2.721896205401055230e-02 -1.763981672427592309e-02 2.364416590705122057e-02 -1.741358538725554933e-02 2.032092341029559726e-02 -6.632717205716079367e-03 4.255105049708213585e-03 7.367965712126172025e-03 -2.379101993275315081e-03 -8.968583462269943268e-03 8.931986372229899079e-03 -1.422648894055836624e-03 -3.708119954317167562e-03 9.655696195932480163e-04 1.451681166959608270e-02 -1.877332110473203114e-02 -3.616903089820103223e-02 3.425806104445462963e-01 4.802939456978425753e-02 5.512101467461437421e-02 7.140744982915849803e-01 -1.818035539216434626e-01 2.238254477094007641e-02 1.175542490741954965e-01 5.079900624613099824e-02 1.732763580242186602e-02 2.520484654988662879e-02 1.151522373729676751e-01 -5.440601036944128777e-02 2.725838945613110464e-01 -3.131889814928846827e-02 -1.247109484709220673e-01 5.225527639324888812e-03 5.669882974951881982e-01 1.099907247891617618e-04 0.000000000000000000e+00 0.000000000000000000e+00 2.330563454565624196e-03 -4.732869773489244017e-04 3.915051466201289500e-03 -4.722726083461863296e-03 -8.085546668628531761e-03 -5.662899269954418946e-03 -1.747613193007208597e-03 -7.845639673656071636e-04 1.269869503113907165e-03 -3.996463390405434989e-03 7.234495380327017784e-03 -8.350208154954750009e-03 5.729758530794624126e-04 1.500861045051069854e-02 4.074883710128741898e-04 -3.573874723038073745e-03 -6.500409047677058183e-02 -2.253227867321992706e-02 2.207749083413576129e-03 -6.212945090465696665e-03 -4.216980303520150367e-03 3.506832473580885970e-03 -5.821759257700931910e-03 -2.720065397892040739e-03 -1.390200389787420512e-03 6.948532309033609786e-03 -4.711629793737877672e-03 -2.888152977558114051e-03 9.206714307716835910e-02 -1.319020910896595740e-02 1.288082975505696302e-02 -3.058911288430029088e-03 -1.324232536023791382e-03 -1.179365993884080865e-03 -3.202832623782703083e-03 -7.404533427004796574e-03 -1.047825127211604937e-02 -1.063353788999069766e-02 3.132436645031742850e-02 5.362929680741396199e-03 -4.794409180712078111e-02 4.018724288664024535e-03 1.751458598903857244e-02 -1.650359315831807783e-02 1.524635949872330193e-04 -8.662536565499361074e-03 -9.568766558634891201e-03 -1.496663580472960570e-03 2.345299147801878283e-03 -6.769057813826410974e-03 7.051364951280353387e-04 3.782459732358920638e-03 4.054745550770923884e-03 -2.915019852835495830e-03 6.158509542169007117e-03 4.985102558888271536e-03 -5.005495788198593629e-03 -4.539546942035242554e-03 -1.044636194602894391e-03 -2.434429127053846717e-03 -1.535445565811835401e-03 9.567088216042128265e-03 -5.113545214526869949e-03 -6.876164055935196293e-03 -8.590658909329172005e-03 -1.645810347559743293e-03 -4.665183842192699090e-03 3.695723479362581637e-02 1.740820773614765908e-03 -9.593438779336559835e-03 2.024097402222064558e-03 1.671223644882697265e-03 2.441342271871932076e-03 -4.458877497290439709e-03 5.187361206968794242e-03 -2.525456458860412916e-03 3.861773812821589318e-03 7.271470655533787339e-04 -1.188220142018949800e-03 -8.917384282137405874e-03 2.097219056307144704e-03 -4.351000171840374228e-03
0.000000000000000000e+00 0.000000000000000000e+00 0.000000000000000000e+00 0.000000000000000000e+00 1.583451965836643561e-03 -7.722248529465557901e-04 2.723773828574901478e-03 -2.341358988975340838e-03 7.499610351224866335e-03 -1.212587553801934429e-03 3.696174488473261501e-04 2.689480840488973727e-04 3.092112066970032110e-03 -1.002368736731334368e-03 2.437670847220107292e-03 -1.173670338350467184e-02 -3.111420294463056960e-03 4.716546395407872350e-02 -1.443348340345388271e-03 1.114887238668684118e-02 9.378571768240433551e-03 8.688158404857943690e-03 3.135520527487938025e-03 1.181885479253360141e-02 3.047617556289651357e-03 -4.216130779173491035e-04 9.978432927619769000e-05 1.796630636951281230e-03 -8.300320718902584952e-03 -1.574803782278245490e-03 -1.426378181643489593e-03 4.748492532494735904e-04 4.228949286123452156e-04 -5.212110201746960984e-03 -2.696792114761556534e-03 -9.322455718953698289e-02 4.802939456978451427e-02 1.482313602335996183e-01 9.839839390060859878e-03 5.211349302680344797e-01 -4.972784116755900319e-02 8.998762193823268973e-02 2.150475576017813265e-02 8.103582856713084648e-02 -2.694901751927482499e-03 -3.404175517697301256e-02 -4.540142227684126203e-02 2.422696290831829330e-02 -5.343074175445394758e-02 2.987733604305214605e-02 4.592119303917321406e-03 4.916900444571065121e-02 -1.217501933173530254e-01 3.547766667952725189e-02 0.000000000000000000e+00 0.000000000000000000e+00 -1.238391930699071991e-03 -1.200511681300915016e-03 -2.680467767785776867e-04 4.020416634348378910e-04 2.678178666264208543e-04 1.872026389874381852e-04 3.151436695854756493e-04 3.981177750927305278e-04 5.012103875612285327e-04 2.874025219215194278e-03 -1.017637743335086898e-03 5.470408550857211363e-04 -2.695897131230977199e-04 -6.205276627245422290e-03 1.851635879753126598e-03 -4.183978589985674120e-04 3.399685047205708299e-02 6.923652879925723189e-03 5.581818167697524867e-05 1.630485122638375677e-03 9.853602633872449688e-04 -6.031723367113960878e-04 -7.284622708109160429e-04 -3.580004914361177939e-04 6.759250993815604531e-04 -4.797337417321204112e-03 2.667858111511182181e-03 3.240079710536216111e-03 -4.355351074826335073e-02 5.646000909167018557e-03 -1.257335875559935801e-03 -1.723785530750498378e-04 2.074932438999590675e-04 7.509586184742230363e-04 1.073538458051600305e-03 2.423833229057694924e-03 3.418657767771392762e-03 1.319497959235239187e-03 -1.425651951665026299e-02 -3.710445554891611541e-03 2.018724823378614461e-02 -3.408058973084692085e-03 -3.537795636375113458e-03 -1.382007249390798578e-03 1.738500366117794421e-04 2.559145315998040751e-03 2.542512670498430459e-03 -3.619136831253143803e-03 5.191576117905788261e-04 1.126846850425282311e-04 7.274312032298094004e-05 1.003422497198780535e-03 -1.421234225628692765e-03 -1.266638461270807030e-04 -8.982502983592772399e-04 -2.846671381405540668e-03 2.947219023871783077e-03 -1.329238441809259914e-03 -2.798262298608139662e-03 -1.172024026244590891e-04 -5.841530690388099497e-04 -1.249115850103245037e-03 2.578489875257332538e-03 -7.102229006686953776e-04 3.566528499648914056e-03 -1.580918282859521563e-03 7.851281189461287256e-04 -1.499312806920603640e-02 -6.430222233914167310e-04 6.907697348973415889e-04 1.391988098596964613e-03 5.326465792340873530e-04 8.378330404726680360e-04 -1.194679392074488467e-03 -4.001800472944667605e-03 1.557480239099080571e-03 -9.695240373232369858e-04 4.333035593569426955e-03 9.912774488209322860e-04 4.393107427384470090e-03 -7.153700307333858374e-05 2.191930561277463229e-03
0.000000000000000000e+00 0.000000000000000000e+00 0.000000000000000000e+00 0.000000000000000000e+00 4.238774982604379214e-04 1.222789146739015854e-05 2.970865782484335190e-03 1.637065929816865478e-03 1.192145100676183025e-03 2.390492365759732535e-03 -2.290860503001033652e-03 -4.674501694567833113e-03 1.549365701551600047e-03 1.150449200703366906e-03 3.035416888216237521e-03 -1.771175364096603394e-03 1.539879738012561077e-03 1.453560272293732969e-02 -5.764626435788378599e-03 1.421085511626808337e-02 -1.116648387164583927e-04 8.174112782416311299e-03 -8.325261836478456412e-03 6.952663928053130641e-04 -8.899823685561694068e-04 3.151821879893208604e-03 2.458815757202822624e-03 -6.751726965093312119e-03 -2.228850243990678458e-03 2.374818554220023935e-03 7.716010365737017637e-04 -7.117375152516853751e-03 1.043316228071791999e-03 -6.063091515262014099e-03 -2.888384144912167252e-03 -1.013479118587521689e-02 5.512101467461220927e-02 9.839839390061064575e-03 4.421015161321939502e-02 8.864123307052387823e-02 -1.930275834379612671e-02 -5.696377316650218063e-03 9.729819353953372482e-03 8.436545346073987331e-03 3.913100849235248181e-03 -3.264403267012719583e-03 1.128906878573168043e-02 1.861652947138646257e-03 3.840137179188266026e-02 -3.399205294056964304e-03 -2.727991261504352644e-02 8.920904191501811270e-03 1.144693625017223076e-01 3.603974624963977077e-03 0.000000000000000000e+00 0.000000000000000000e+00 1.490232632204343264e-04 1.507373629261363722e-04 4.779562820669647585e-04 -1.410112217246775081e-03 -1.038711641784960567e-03 -1.271876859617518244e-04 -3.508214067730323796e-04 -1.449642333841624385e-03 -5.676036583103564971e-05 -3.341353227883142509e-03 2.286243229233046476e-03 -1.220619200703832070e-03 2.826556703833258202e-04 -5.543051685256972921e-03 3.279625654781951954e-04 -1.282645900375143158e-03 -2.635971716825653843e-02 5.249574898247262936e-03 5.637451294503935915e-04 -8.795441292614308848e-04 -8.129044203157719146e-04 7.531613441077140243e-04 -2.918996488052921952e-03 -1.241307582079161868e-03 -9.598502496416410116e-05 -4.409069965936675316e-04 -6.507878349908551062e-04 2.108144023415251455e-04 8.790660973882664236e-03 -1.274214429049299203e-03 2.143694425827666773e-03 1.441088327919056366e-04 1.120132590060434190e-04 -1.983186057394157199e-03 -4.618980585453428102e-04 -1.399233416769030472e-03 -4.873407814815937551e-03 -1.879414325661132000e-04 3.305907943310194570e-03 5.259083136204275406e-04 -6.475680905821542925e-03 6.889647449349355947e-04 3.504870041577482116e-03 -3.647978141902943026e-03 2.056453411689986650e-04 -8.710833946995632160e-04 7.794296079415984242e-05 -1.454437222707138152e-03 1.190351741709812683e-04 -1.136743839130902739e-03 1.526013316213836041e-03 5.207190649655274233e-04 1.568511823654138463e-03 -6.671269971685032420e-04 1.591869788639060403e-03 -3.687745383422647016e-03 -8.019601697590591311e-04 -7.700831917131747062e-04 4.780188967802347913e-04 -1.088922120218624966e-03 7.052925692754448677e-04 2.755330672895921120e-03 -2.242395445729368671e-03 -2.858050641745909668e-04 -2.631145207673967097e-03 -7.879579828556096616e-04 2.040640629053930288e-04 5.861585961038839540e-03 3.151949375872415467e-05 -1.092780975452026238e-03 1.858728091851967468e-03 -6.700832994808670002e-04 -6.460467366992681589e-04 2.578467009982238212e-04 4.783683782624257447e-03 -1.989015195028526108e-03 8.503848680224396607e-04 2.391374990484734959e-03 6.512228337653479075e-04 -7.612636032792653891e-04 1.812990060593325605e-05 -2.631880443715452905e-03
0.000000000000000000e+00 0.000000000000000000e+00 0.000000000000000000e+00 0.000000000000000000e+00 1.968947981846370585e-02 -1.219545857505694580e-02 4.407414280136031509e-02 1.448888346769191399e-02 4.853321324756137284e-02 -9.124476067357036035e-03 5.421730082054072863e-02 -1.195627389802828358e-02 2.124785028612789783e-02 1.512886832037395324e-03 3.026848461375570426e-02 -1.123999402768922212e-01 2.795218024485731506e-02 2.484904811020876014e-01 6.076913937312789643e-02 3.205800100995886970e-01 5.636467738354441342e-02 -1.287973650313779285e-02 -7.719938448610802473e-02 1.434185999808227363e-01 -1.801799493248425156e-03 -2.661148755500343521e-02 -6.627556581990223794e-02 4.301535576600729049e-02 -8.981075326250421986e-02 -3.086201500085865301e-03 -6.485927069270269740e-02 -5.075112583884276718e-02 6.842940284872518417e-03 -6.785660909008242592e-02 -4.655524779779855737e-02 -3.418236776692028522e-01 7.140744982916187311e-01 5.211349302681089757e-01 8.864123307049250056e-02 1.972345088637767674e+01 -9.275405858491991840e-01 3.376666681599932440e-01 5.132112969502530264e-01 2.352046176142822409e-01 5.934402102250832534e-02 -1.699285972139703282e-01 2.314862367448279890e-01 3.284386779678021701e-02 1.057715324095979348e+00 8.284962850176599836e-02 -4.536109739310182354e-01 4.373783612132854381e-01 1.936565588848586206e+00 2.061141577996171703e-01 0.000000000000000000e+00 0.000000000000000000e+00 -2.239155062629921700e-03 -6.608335162327796941e-02 -6.108648693998396106e-02 -7.273426498975998911e-04 1.443652552341015416e-02 -7.853092239863786184e-02 -3.605460495056688613e-02 -3.513978195115442793e-02 2.997358970725853139e-02 3.809849672068203741e-02 -2.484019803983279762e-02 -5.224664632052752888e-02 -9.078003809648210742e-03 -5.358977968402919151e-02 -9.040932962492691238e-03 9.755743282180439485e-03 9.776262453875237401e-01 9.169959145540342027e-03 -1.704756314667609310e-02 -5.988403591780198931e-02 -5.644555508393849647e-02 5.397561561133168428e-02 -8.087926385816901487e-02 -4.843227919964872979e-02 4.452919312975774264e-03 -3.724826790034790197e-02 1.522010704295449074e-02 2.609668694350560439e-02 -4.308475798942688617e-01 -7.835542147976664804e-03 -4.347286963904782586e-02 -5.020871594520597697e-02 -2.587199680941975818e-02 3.137743367132231342e-02 -2.324220051711282931e-03 -1.037931445949929199e-01 -9.644325138996828750e-02 -5.540404697003942225e-02 1.158701484558195549e-01 7.507354643114255710e-02 -2.297779867750869842e-01 5.845451334326259851e-02 -5.282944342943740601e-03 -5.525491228259829524e-02 -3.297590392204887907e-03 -2.461020901839237884e-02 8.172700819799336158e-02 -5.019148192427523580e-02 -3.810981857237759340e-02 -5.332176561678991095e-02 4.745354423776056152e-02 2.069637740920054342e-02 1.192700086966541270e-02 -1.408477054126557049e-02 1.230205661659044408e-02 -4.772845917677549787e-02 -8.343534074856769761e-03 -3.466489117156208721e-02 1.145504727892524000e-02 -6.107416838540456749e-02 1.434048722071179331e-02 3.116309278217847117e-02 1.620061971836553316e-02 -3.365922582808261732e-02 3.507084879545527278e-02 -3.125236199964988304e-02 1.950450057348826483e-02 -1.523648333612594719e-01 -4.218281598600333304e-02 -3.810077217030578139e-02 7.212067601385339921e-02 -2.834996155980660029e-02 -5.395823626873044732e-02 -8.721047454388963782e-02 5.708586533178146294e-02 2.021353028171497118e-02 4.157985685258557690e-02 8.500327218546892272e-02 2.950841535872584381e-02 5.640790900869691732e-02 -2.904726888943355220e-02 1.414339229107428042e-02
0.000000000000000000e+00 0.000000000000000000e+00 0.000000000000000000e+00 0.000000000000000000e+00 1.507696641837766955e-04 -3.491160553098693678e-03 -1.133645653677114572e-03 -5.858640223287568151e-03 1.235037797491263765e-02 -1.085781071282452669e-03 6.427701301907146059e-03 2.987127774795826033e-03 2.852153868422094719e-03 -2.297535887686523969e-03 -3.417139953364437335e-03 -1.536013185547969485e-03 -4.660117003750790556e-03 2.072410451555392261e-02 4.026612293271323618e-03 -2.735393868115582744e-02 2.174190194311982974e-02 -2.715587717452088226e-02 1.407779498308993002e-02 -1.446701797640415066e-02 1.198455429576840599e-02 2.293297951967359673e-03 -6.926919187080670531e-03 3.774993570301767108e-03 -3.674396893674229583e-03 -1.199876964342521963e-03 9.740565020489398013e-04 9.305166392803917996e-03 -8.486318515537476280e-04 4.012487101074619505e-03 1.558348503025991545e-02 3.158591567756168644e-02 -1.818035539216501795e-01 -4.972784116755958606e-02 -1.930275834379769143e-02 -9.275405858491914124e-01 2.735734146822463853e-01 2.176623181617113201e-03 -1.240413663105480735e-01 -3.175876909863252495e-02 -1.120384613354860441e-02 -2.772916061676685556e-02 -6.007576380431928209e-02 3.800434904540136299e-02 -1.970387179392015242e-01 4.111206810050196947e-02 1.178720241938793212e-01 3.200380484823198840e-02 -3.882801537284094606e-01 1.544647172702171695e-02 0.000000000000000000e+00 0.000000000000000000e+00 -1.755293644003886027e-03 3.718160438140747075e-03 -3.092715889238895847e-03 5.259086896675448791e-03 6.358399022969622554e-03 6.715133113554170273e-03 2.234693540032464329e-03 3.832371853487126240e-03 -1.422442846716910018e-03 1.911150589924997872e-03 -7.476873220013611696e-03 9.467133076250544912e-03 2.706266687862513617e-05 -1.615833806764944980e-02 -2.809489622722794420e-03 5.521853048325695186e-04 -1.472150582286172599e-03 2.394757948250016144e-02 -1.684383170018185312e-03 8.490320823341486120e-03 3.409531427468303309e-03 -7.264336472326344413e-03 3.780609729365566087e-03 3.519434066776345842e-03 4.535931134814655090e-04 -3.337750342611785302e-03 2.750948382394782527e-03 -1.798070005860943161e-03 -4.456975655452188878e-02 1.118195859127621081e-02 -1.170167654497322393e-02 4.257962127356873863e-03 9.880750383230256766e-04 1.176300160817997939e-03 2.521957174094508793e-03 8.940951419780792525e-03 1.066642030917820325e-02 7.853060242812954020e-03 -2.540430452178715770e-02 -5.281666114858190632e-03 3.386492087859596656e-02 -2.771895172548041741e-03 -1.090177289651474146e-02 2.470020766774392446e-02 -8.191894327329360794e-04 5.387163352141982609e-03 3.213875592927954716e-04 8.060982227743223108e-03 -1.531224119965435022e-03 7.075491055423472828e-03 -1.593076653011460354e-03 -2.154120523506162718e-03 -3.846917011166480545e-03 2.095962945893927246e-03 -2.716339596961104153e-03 -9.549618128437275741e-03 3.936011832031046168e-03 5.307596155265308785e-03 2.654637374076144682e-03 4.337708079934794042e-03 2.403954294207753459e-03 -3.498689204707488079e-03 2.481910345142990075e-03 2.316586861208204395e-03 2.150314770111141482e-03 1.221662088157094350e-03 2.511876959596624510e-03 -3.381546496006226921e-02 -7.559911972255415821e-04 7.673411154108519122e-03 -6.138312819559526949e-03 3.103757171985289682e-04 -3.143103131821355437e-04 5.634903490642898839e-03 -6.931334995797093154e-03 1.755346366310396155e-03 -2.861827594563747142e-03 -7.726439644506102010e-03 -1.762791781545662920e-04 7.850968124429433606e-03 8.223013140095584809e-05 3.577941145329427593e-03
0.000000000000000000e+00 0.000000000000000000e+00 0.000000000000000000e+00 0.000000000000000000e+00 1.374755053549358381e-03 1.703849962406331396e-03 4.042103299169506891e-03 2.207109806163474151e-03 1.182782925975882013e-02 2.639429023725851139e-03 -4.543226813662439760e-04 -2.203728249654407240e-03 5.340003981059084082e-03 3.166161895353067964e-03 4.660761139750340017e-03 -2.762927086650111656e-03 -1.048510286617759584e-03 3.133918748131880525e-03 8.110574892738423719e-04 6.914081612487946518e-03 5.264928208447506100e-03 8.000063302190716860e-03 2.843865889998211088e-03 8.441985652823396843e-03 4.505752780117186149e-03 3.484456884882652320e-03 9.385408785518448496e-04 -2.829893302733329716e-04 -1.320166762912647167e-02 1.555609117348102487e-03 -1.768352304008343617e-03 -1.419163670543990320e-03 8.319328362499291835e-04 6.562838339658667603e-04 -6.612206277879981425e-04 -7.487442474129463177e-02 2.238254477093891415e-02 8.998762193823425792e-02 -5.696377316651298796e-03 3.376666681599906905e-01 2.176623181618245542e-03 1.336551122239270639e-01 -2.335036392330557334e-02 7.486709097516283662e-02 2.515749614534617921e-03 -3.160881944668938320e-02 1.091112070671403263e-02 3.317054911699518494e-02 3.489599613990449628e-02 3.224031516005981812e-02 -1.577756782369544794e-02 3.280534616189432345e-02 2.045579629253968523e-02 3.922251605343048120e-02 0.000000000000000000e+00 0.000000000000000000e+00 -4.389424902209860375e-04 -6.208034755726078366e-04 -6.949086507850706302e-04 -1.427193730155323892e-04 -1.293638694713586303e-03 -1.112633132745278119e-03 -5.952896451345397960e-04 1.776343262103765013e-03 -1.310649504844589521e-04 5.245513850253478126e-04 1.206093136915118227e-04 -2.317471092048124315e-04 -3.401305936733292038e-04 -8.646674371727031128e-03 -7.370377650205210641e-04 -3.887658910049927342e-03 2.230661362972508055e-02 9.979387434913701560e-03 2.956428342459924228e-04 1.090572614351142163e-03 6.558944786837379035e-04 3.546078304782297524e-04 6.730539761589508264e-04 -1.172050236078960419e-03 7.798533050075717732e-04 -2.114909030492738862e-03 8.102454871771942214e-04 2.467922425133158167e-04 -3.859798731184604231e-02 3.572488324133925395e-03 8.657868082862851334e-04 -5.655682051904354062e-04 -2.339598031852741498e-04 -5.776878810102817775e-04 2.650300643459188674e-05 -1.426733757614474535e-03 -1.506442215968096902e-03 -2.266312842569025328e-03 -3.862716352788175822e-03 2.278069543999693136e-03 2.640000747831938721e-05 1.775923383197649391e-03 5.758528807449487218e-04 1.000661834584947070e-03 9.946640765295694953e-05 -3.980382030138739135e-04 1.201937797393858552e-03 -9.038359060061677353e-04 5.862133664878452048e-04 -1.161027937721830113e-03 -1.174754036516858623e-03 9.495812727882274595e-04 2.638127943436429333e-04 6.519192651193168441e-04 6.581367562488554509e-04 2.263958870744469526e-03 2.187754157002060474e-04 -7.192867329194192446e-04 -3.522354112556509579e-04 -4.824269683133406892e-04 -2.060190960139948388e-03 3.866272035859454753e-04 -9.512949069083804143e-04 1.041564049132897001e-03 -2.264702181033317625e-03 1.416946829018846284e-03 -1.838736580150916126e-03 9.901479817912908765e-04 4.219326980894693400e-06 -9.683358258245793656e-04 1.141867944963432125e-03 1.232815465258634956e-03 1.248685841233352755e-03 -1.442028190442922429e-03 -2.935122496834764380e-03 1.469881809255471367e-03 -1.034542078966431324e-03 5.044534191617745800e-03 -9.987241474516948304e-04 2.396635987249521108e-03 3.213980710426808814e-04 6.263412040457025202e-04
0.000000000000000000e+00 0.000000000000000000e+00 0.000000000000000000e+00 0.000000000000000000e+00 -4.650392944157667133e-04 -1.026106091809737917e-03 -1.040860924264853460e-03 -4.573896442552709794e-05 -3.341833385217865202e-03 -3.336997828780869854e-03 1.528992875154780960e-03 3.755073171278836865e-03 -1.720080203926843644e-03 -1.669865030202806813e-03 -1.530236158127543317e-03 -3.524827066215004742e-03 3.621951139579714964e-03 1.424667737908441589e-02 5.650480079929355061e-03 1.054022882346206114e-02 -8.247964768169491548e-03 3.221332236905829517e-03 -1.276440788644434259e-03 8.117693751023398463e-03 -2.863895348164035345e-03 -5.541206472540898681e-03 -2.094086839288500888e-03 3.424252324161947310e-03 2.136050425155564848e-03 -2.437702929557214546e-03 -2.006500943912521912e-04 1.122153906887391004e-03 -5.576965798812773224e-04 2.730765986629713274e-03 -7.615008581700833702e-03 -1.956534667049850476e-02 1.175542490741962182e-01 2.150475576017718549e-02 9.729819353953226765e-03 5.132112969502009570e-01 -1.240413663105438685e-01 -2.335036392330481006e-02 1.519615996945633818e-01 1.819086122938634933e-02 -6.770399351792269656e-04 1.298900723270472908e-02 -1.948995167247457097e-02 -1.990306929064988503e-02 3.384641800599765687e-02 -1.921858157637868977e-02 4.083977632997801664e-03 -5.721989955942132118e-03 -1.520291947338050891e-02 -1.261132672619395476e-02 0.000000000000000000e+00 0.000000000000000000e+00 -4.157485765596930730e-05 -1.862879386694188399e-03 -9.937759045797439194e-04 7.591613622700223076e-04 9.209094401525768497e-04 -2.395390938302939098e-03 -5.621457117662063095e-04 -4.490029534044075003e-04 1.216388968560478670e-03 2.760017725307995114e-03 -1.091553477508967578e-03 -1.006120781676358295e-03 3.327532679845774310e-05 1.244629572881309452e-02 1.457943542822410024e-04 9.446855798282439163e-04 4.149130293101739933e-03 -1.302901726942652660e-02 -5.677977471096197059e-04 -2.741395790651105988e-03 -3.333678670223038602e-03 1.550522884374387882e-03 -4.718916041140164275e-03 2.545705446180442089e-05 -4.015828886037201115e-04 1.941466094397703828e-03 2.533055818697119198e-04 -4.331737210729881245e-04 1.099996326171699332e-02 -3.214973494946055804e-03 -1.479330787920978517e-03 -9.946795005917592834e-04 -7.741226528214845051e-04 1.604431736974208352e-03 -1.878671396061989789e-04 -5.386032991944079626e-03 6.564021350949703071e-04 -1.431259034330246808e-03 6.917110989841573909e-03 5.456729191768368986e-03 -1.011030339283362778e-02 5.177202986500529375e-03 -3.132112510310543219e-04 -7.269050035834745752e-03 -3.611766564019253806e-04 -1.375782057966318250e-03 1.360702717513613720e-03 -1.117828631124115606e-03 -1.088821669648855264e-03 -9.786403294697644268e-04 1.666958273975262250e-03 2.187577979215229746e-03 2.392552574480746441e-04 -1.067976089070358722e-03 1.564223933778638182e-03 1.532450109112666907e-03 -4.242173648085675311e-04 -2.620255257275978019e-03 -5.368002312680377440e-04 4.773922028750037828e-04 8.250639746403023956e-04 2.962865661565921693e-03 2.455291681141918113e-03 -4.373993600046671704e-03 1.489018792477733982e-03 -3.052574593562535233e-03 3.788723627488363270e-04 -2.314909676970009541e-03 -1.227445794973774061e-03 -7.100303747687710873e-04 1.503764339479284409e-03 -1.804892945671760732e-03 -1.924847726446997538e-03 -2.631342028580400255e-03 2.045280601337564827e-03 4.265445142976351332e-04 9.344710208189818245e-04 -4.161103702843385252e-03 9.639286899636580024e-04 -1.636903467786939709e-03 -1.044477626341305462e-03 6.438725515056035326e-05
0.000000000000000000e+00 0.000000000000000000e+00 0.000000000000000000e+00 0.000000000000000000e+00 6.382859252784517769e-04 8.011789505521429034e-04 1.926635262949859262e-03 1.699939470491521965e-03 6.566302061781465783e-03 -3.961929801778961684e-04 -2.811009392522793946e-03 -8.141312361649872533e-05 3.645361837544806253e-03 1.409719576541905396e-03 4.693953481740077358e-03 -1.305861307185018048e-04 5.339819926016235903e-03 -4.826927760141496576e-03 -1.886095760225772917e-03 1.211469140580135597e-03 -4.835258606663339620e-03 2.173875323622137881e-02 -4.176616041308254743e-03 1.034396970244002081e-02 1.718364941128601268e-03 -6.311662047982847298e-04 2.690438373035366343e-03 1.588655498209536575e-03 -8.298376198834741743e-03 -1.716353974274512952e-03 -9.895916307321593781e-04 -1.279214836118174568e-03 2.891661872923840105e-04 -1.681074267055632232e-03 -2.599747126489400460e-03 -6.912945354250368823e-02 5.079900624612568305e-02 8.103582856713271998e-02 8.436545346073675081e-03 2.352046176142697509e-01 -3.175876909862947184e-02 7.486709097516321132e-02 1.819086122938465624e-02 9.633185370582662832e-02 7.855279976953642718e-03 -2.615804860770939641e-02 2.491182656157461817e-02 1.524415849514564221e-02 1.226914159199386234e-01 2.324933198612894741e-02 -6.680653563326471867e-02 2.603783997814312565e-02 2.166335161959719591e-01 3.597401247464263041e-02 0.000000000000000000e+00 0.000000000000000000e+00 7.181049638402881615e-05 -8.203380680646869079e-04 1.303984638896590800e-03 -8.671366623514505014e-04 -3.191235281037257867e-03 -1.544665518384936943e-03 -3.406019362732725622e-04 -9.834709761731441776e-05 -8.625362308803083986e-05 -4.069982224932349856e-04 1.660172760083838007e-03 -2.124189322891250047e-03 1.488338570668417150e-06 -1.269832423400425866e-03 -2.067020347321972540e-03 -8.792907954834789123e-04 -1.472400007927777976e-02 -8.907459197217870890e-04 7.115595315869490019e-04 -8.913727408293928159e-04 -1.267168402646217523e-03 2.170995859486726418e-04 -7.596751513091725685e-04 -1.730128595883041309e-03 5.961568945057547887e-05 1.225722505777772012e-05 -1.037454840435438411e-03 1.260202084643760947e-03 8.048794086249708504e-03 -2.186969255637816016e-03 4.549719863140458224e-03 -9.976891285241890756e-04 -3.812322242181420576e-04 -1.023023161480906819e-04 -5.988161690464674242e-04 -2.639955493583338517e-03 -1.156254816356462470e-03 -2.587929579173590261e-03 2.602975343089038076e-03 1.774829426320648391e-03 -6.651287823256165146e-03 1.267078580535971983e-03 2.354897755725023686e-03 -1.969102648469237427e-03 4.057581695675216318e-04 -2.737790854700316960e-03 -5.354600888998444896e-04 -6.682328981988517160e-04 1.099134819723895625e-03 -2.406978223224453834e-03 -1.199472563585478671e-03 1.431624434245108886e-03 1.347416378371277604e-03 -2.835557962846683619e-04 2.706282157673231418e-04 3.156048508876801214e-03 -1.468300797403462778e-03 -3.876353096025088839e-04 -4.515745409003077762e-04 -1.027283120108809112e-03 -2.318559664549517830e-03 1.984185555851386909e-03 -1.647956564864402115e-03 -6.382358928151659998e-04 -1.695945588485094991e-03 7.118689421419419853e-04 -2.125618140272350284e-03 1.845652047271529109e-02 9.044308175495331843e-04 -3.110442172864741339e-03 9.183426517768374141e-04 1.580104485432869610e-03 1.538136028494022740e-03 -1.302375044962712737e-03 -1.342390775577181417e-04 5.544203360945785131e-04 4.360452532649914206e-04 2.592369448650775135e-03 -3.161434227711931201e-04 -1.034241536145971349e-03 8.471456253221997228e-04 1.318261716561940468e-03
0.000000000000000000e+00 0.000000000000000000e+00 0.000000000000000000e+00 0.000000000000000000e+00 1.114680329274280205e-03 3.811797504145574261e-03 4.010394047754152654e-03 6.014299260172062574e-03 4.504595637709901505e-03 6.373827431633814072e-03 -2.102637294189811917e-03 -1.559046212276847705e-03 3.242735720155350779e-03 6.219296915731031827e-03 7.033388806949380373e-03 1.577418448796565412e-02 4.546468754988832535e-04 -3.105062807154616508e-02 -3.160813072379014838e-03 -5.414079184343244255e-03 -7.650041712045486594e-03 -1.367785436960709420e-03 -1.937001495480381377e-02 -7.048133215104929357e-03 6.590236936360227603e-04 5.695482331331515151e-03 2.825878150353899887e-03 -3.670920484937066240e-04 -7.417485766333943055e-03 5.937633733293611916e-03 1.832796692803926133e-04 -1.789202015052144146e-03 8.145523998129487698e-04 9.920895574497943029e-03 -7.464432256712540993e-04 6.665205091895012000e-03 1.732763580241893780e-02 -2.694901751930310098e-03 3.913100849234340053e-03 5.934402102244792920e-02 -1.120384613354353902e-02 2.515749614533632165e-03 -6.770399351820057757e-04 7.855279976953948029e-03 2.561243144668890956e-02 1.361974436352827653e-02 1.373718284087848684e-01 -1.880632951829021987e-02 3.680662712245366119e-01 -7.359944111633082327e-03 -1.602786631651491878e-01 -9.865826711472038685e-03 8.174418612728976408e-01 -5.268848383975225334e-03 0.000000000000000000e+00 0.000000000000000000e+00 1.429780268800734345e-03 9.754601635343707663e-04 2.790999152438898914e-03 -1.312940857548809378e-03 -3.156426622746865730e-03 -1.163323100127841526e-03 3.014603563561201398e-05 -9.043745890232124732e-04 -4.551418074657496439e-04 -3.345233167267810687e-03 2.654181462285757666e-03 -3.574548453740672080e-03 1.395104550205906752e-03 9.360165134296315539e-03 -1.964190872233997909e-03 -3.431122938885028525e-05 -1.216688511278370133e-01 -1.299522091555470847e-02 5.893405598470076662e-04 -3.268372506425269632e-03 -2.627013476120402310e-03 4.538250231270520170e-04 -1.413019037951364007e-03 -8.535892689433326403e-04 -1.635712184135372418e-03 -3.225846810021711260e-03 -3.912389737883038149e-03 3.949012648534938651e-04 9.018870343760820862e-02 2.242690501956080904e-04 5.566809354860301554e-03 -8.346213367783107684e-04 -2.126985291675075442e-04 -7.253167203995030104e-04 -2.270979326806852640e-03 -5.653554300836440699e-03 -8.277277449826200145e-03 -1.243038544450478971e-04 2.463828773581409892e-02 5.838158756157695028e-03 -3.933491237196012208e-02 5.532070871409359644e-03 1.193461757659936354e-02 -2.824389910097523018e-03 1.612791542844696388e-05 -6.615828603904094080e-03 -5.519869333060762294e-03 4.051942063045231579e-03 2.337663450498181968e-04 -3.271819171024841454e-03 -6.757299639395632825e-04 -9.018631146520589325e-04 3.221633212969478646e-03 7.986394974187876051e-05 2.379850345934549864e-03 3.848277048317398901e-03 -4.218550537224190211e-03 9.846991570036864316e-04 3.272504771504133447e-03 -2.446670383037139081e-03 -1.396086732260053099e-03 2.677546067137982506e-03 -4.599683451208575087e-03 2.476010075208399247e-03 -6.910723411286721386e-03 3.576075002366326926e-03 -1.186229430793426555e-03 3.225287146582900277e-02 1.152696285451041422e-03 -4.532663197427200599e-03 -1.047860110900925229e-03 8.589134407815952454e-04 9.749890470725525605e-04 6.374289274948359216e-04 2.694148655465812645e-03 -1.359931520234095373e-03 2.884400898352294535e-03 -1.803043963690257852e-03 -2.014255795393805459e-03 -5.027356206216926533e-03 2.702869385745662947e-03 -2.016424786079076999e-03
0.000000000000000000e+00 0.000000000000000000e+00 0.000000000000000000e+00 0.000000000000000000e+00 -8.153041178308045173e-03 1.547643899070409723e-02 -1.489359456260061325e-02 2.859588022180152220e-02 -4.087826991058477605e-02 1.911744900672576047e-02 2.128976633534548912e-03 8.504421292814205030e-03 -1.993971096237568894e-02 2.041074377557734396e-02 -9.916128111466211009e-03 3.928729893531789086e-02 -1.780374739489615308e-03 -1.691671611047865578e-02 1.952052184896702460e-03 -2.554661067039685346e-02 -8.365015438782888446e-03 -4.084194567517637764e-02 -8.628297720232101439e-03 -2.326479901247354223e-02 -1.974857447147949224e-02 1.534574760047161326e-02 1.186913101082886769e-04 1.111094817801890761e-02 3.767233900451904399e-02 2.273085030670828413e-02 -1.012039320281667241e-03 1.023120795725834982e-02 -4.960041025779268579e-03 4.695189973016442725e-02 -4.721045114692766671e-03 4.439718243251167262e-02 2.520484654987190792e-02 -3.404175517697057007e-02 -3.264403267012225621e-03 -1.699285972137265233e-01 -2.772916061675338717e-02 -3.160881944668162552e-02 1.298900723269932021e-02 -2.615804860770710658e-02 1.361974436353035819e-02 2.124147925031991679e-01 8.745698365783798056e-02 -1.952386915920987231e-01 2.266000023210452130e-01 -1.741831259289614575e-01 -1.165915941297471503e-01 -2.245142936209472417e-01 6.470687036626046051e-01 -1.973201982739946903e-01 0.000000000000000000e+00 0.000000000000000000e+00 4.839080368093270326e-04 -2.417865735036906828e-04 -9.712387843252513666e-04 6.995072481365866186e-03 3.993749652713671737e-03 2.399350219001371472e-03 6.306037200497619823e-04 2.808630331875766346e-03 -7.263413942644449345e-05 2.896737266317501395e-03 -7.154181030400796372e-03 6.107684575778730626e-03 2.909246608583839454e-03 6.514259650914692480e-03 6.062086497075834003e-03 7.460112890123465033e-03 -1.848181867610029783e-01 -6.235428146264900690e-03 -2.355633567311267614e-03 2.519038515628645170e-03 -6.722292213795065139e-04 3.204759179677586344e-04 4.113800519323973504e-03 2.380131545095095537e-03 -2.466713053027516558e-03 -5.256181873709512252e-03 -2.895853987381274714e-03 4.512503762215513969e-03 9.972392690443697416e-02 7.871837975537018806e-03 -8.944178666484885187e-03 2.768168966370373150e-03 -7.607133069762380415e-04 5.954367571291777246e-03 1.462359053783639532e-03 2.897702176139711587e-03 1.080567645393556292e-02 4.142278062471307747e-03 -2.305679558583114807e-03 3.763969859993246576e-03 1.782322101542450216e-02 4.163389460771822585e-03 -5.224752906052897682e-03 1.050550675929339851e-02 -2.028488715154829185e-03 2.218658698498099835e-04 -1.364889349420022116e-02 1.011543328455833876e-02 -4.292216192401769603e-03 7.279470643203973280e-03 2.196921681428301056e-03 -7.830459594469313086e-04 2.602756178089579014e-03 -1.458877210323885612e-03 4.818906631510140592e-03 5.121039510424934063e-03 -4.873283926549109961e-03 -1.277460260070622600e-03 6.323743933487167498e-03 8.024657112865010017e-03 5.703179428323043761e-03 7.523848803807955607e-03 6.115043731824412396e-04 -3.868305853453332579e-03 -7.966695671423607017e-03 -6.977501004657348177e-04 -2.536787763363853882e-03 -1.839924907098644535e-02 -9.277048390994474840e-04 5.007445619904316372e-03 -6.386955541308816063e-03 -1.051567469292169358e-03 -6.742798908824373331e-04 4.196121014076377789e-03 -3.365790486081363109e-03 -8.247690042283587560e-05 -2.210991412768908287e-03 -1.729580346576831129e-02 -4.534590484422201806e-03 -3.110266518961016507e-03 6.501970658167225510e-04 5.667350905040971238e-06
0.000000000000000000e+00 0.000000000000000000e+00 0.000000000000000000e+00 0.000000000000000000e+00 6.295646297062856313e-03 1.796861112547833150e-02 1.810568506229961322e-02 2.723376308269297510e-02 9.875287812346218025e-03 3.620669709149518939e-02 -2.095174140844081184e-02 -1.573839071571670259e-02 1.244534819324555341e-02 2.963551697400438126e-02 3.479835901960891265e-02 9.710905732324562334e-02 1.002341748794015330e-02 -3.694355390087054047e-01 -1.802790162689965614e-02 -3.625080700743037176e-02 -4.594551551329534994e-02 -9.637967719941416267e-03 -1.066476623447544236e-01 -4.429671193731027357e-02 -8.555344459630397427e-04 3.126838110162453999e-02 2.089475165703166826e-02 -3.321328864034397109e-03 -3.300313302976088520e-02 3.349494161967862815e-02 2.234453536386461683e-03 -2.150002850494792117e-02 3.506452542633875513e-03 4.830313746730251212e-02 -4.344389153390419873e-03 5.625834362835070712e-02 1.151522373729486071e-01 -4.540142227685639575e-02 1.128906878572698974e-02 2.314862367445473801e-01 -6.007576380429264368e-02 1.091112070671163524e-02 -1.948995167249022512e-02 2.491182656157670330e-02 1.373718284087759867e-01 8.745698365783791117e-02 9.975198110682601538e-01 -1.266015317512372840e-01 2.008260059322532598e+00 -6.066110065174327992e-02 -8.792476640116608788e-01 -4.896278805191541655e-02 4.446119315615119305e+00 -3.991553472752505660e-02 0.000000000000000000e+00 0.000000000000000000e+00 8.499563743496110074e-03 5.531881320518976589e-03 2.286550712189378692e-02 -1.401869616836586008e-02 -2.608920942852040875e-02 -1.038351815002825848e-02 -1.391845446083231179e-03 -1.021618385017632018e-02 -3.132471363311544431e-03 -2.211126477707309537e-02 2.490318571565918598e-02 -2.881913903325810516e-02 6.619988912757955417e-03 5.781535009551409116e-02 -7.668153433328325080e-03 1.558276845927934837e-03 -5.916254745961122552e-01 -8.588051660089411621e-02 5.974475566971520005e-03 -2.132741818411498791e-02 -1.512031920986572561e-02 5.552343117270716090e-04 -7.914497549823405059e-03 -7.522644381598850814e-03 -9.571238079293782619e-03 -1.202370210095650253e-02 -2.279313069774496422e-02 3.080442647090607085e-04 5.619610137822197427e-01 -1.118436401503271511e-02 4.709664574562234807e-02 -7.590140161221670123e-03 1.402334114739776363e-05 -5.535764923199286425e-03 -1.579450078377354211e-02 -2.407270010459738180e-02 -5.284681624579485454e-02 -1.558518788703832508e-02 1.626372380959091035e-01 1.788059331491258924e-02 -2.522855238267719957e-01 1.521161421538813965e-02 7.733457015600349316e-02 -3.808280800507517910e-02 1.573297643688573774e-03 -4.483317903740074994e-02 -3.566373807916331518e-02 1.915051155504464073e-02 7.441671844389668826e-03 -2.559669020160160874e-02 -6.474753208389551901e-03 -5.938245093105728838e-03 1.698268858520596974e-02 -1.754507385959267786e-03 1.267597389242246936e-02 2.325410392016409242e-02 -2.244541385540932410e-02 3.340928429067703195e-03 1.080039697993248442e-02 -1.897189576263387523e-02 -1.015888455721613085e-02 7.733955370196349093e-03 -2.637933778838729218e-02 1.123315357502406749e-02 -3.467883543244418970e-02 1.884111944439713360e-02 -8.707572575849713628e-03 2.004096391796880983e-01 9.076149609392104856e-03 -3.433043350507340719e-02 -1.595239716813344824e-03 9.109790206670185728e-03 1.154338865141230942e-02 4.033396302286981761e-04 1.092443207771374991e-02 -9.372485447437826217e-03 1.625788736496690604e-02 -2.441956302045172195e-03 -1.478336473854741442e-02 -3.425209671607330059e-02 1.571456989118590053e-02 -1.372737088454570320e-02
0.000000000000000000e+00 0.000000000000000000e+00 0.000000000000000000e+00 0.000000000000000000e+00 4.701212897437041967e-03 -3.347895839419520476e-03 1.173196953505539590e-02 -7.291215536150723840e-03 3.082416757839814142e-02 -5.099325144944654191e-05 -4.643795393380207573e-04 -5.185509309099983061e-03 1.355230023813077181e-02 -2.646309361785105681e-03 8.245951256865176326e-03 -1.904699728979521861e-02 -1.538947690055961041e-02 1.856862469791739634e-02 -5.625359255914413707e-03 2.566350826861372655e-02 -2.463829213449793818e-04 5.530028240721899385e-02 6.560206583357977225e-03 2.115670593575497832e-02 1.692480823684896704e-02 5.947775211712078187e-03 -1.807279235750942382e-03 -1.142723075343139889e-02 -3.055801737274752364e-02 -2.243834994721579518e-03 2.741715640947043741e-03 -7.463316784533369479e-04 1.603753358480872887e-03 -3.487185455242053974e-03 4.485524983789279489e-03 -2.365396355955285551e-02 -5.440601036941932617e-02 2.422696290832064211e-02 1.861652947136222848e-03 3.284386779650377147e-02 3.800434904537913078e-02 3.317054911699168773e-02 -1.990306929063686420e-02 1.524415849514309737e-02 -1.880632951829213154e-02 -1.952386915921082433e-01 -1.266015317512392269e-01 2.978824769471962730e-01 -2.755365733401020645e-01 1.847097676285766044e-01 1.207799385223345401e-01 2.091919053259375105e-01 -7.535437980806585223e-01 1.961065456243862026e-01 0.000000000000000000e+00 0.000000000000000000e+00 -1.070537674022510643e-03 3.677201146193679292e-03 1.254478445612594627e-03 -2.697563445279473060e-03 -5.521657424616747923e-04 4.049312089703193882e-03 1.496924235570456542e-03 1.315738008314065038e-03 -1.399224316505038018e-03 -1.105949932340532203e-03 4.049562436043346002e-03 1.483218853738092714e-03 -2.575712971490214196e-03 -6.726078498252250140e-03 -4.467277350414067087e-03 -9.011094795598967658e-03 1.615750312899874308e-01 1.263363613332995836e-02 1.648699216152461813e-03 4.126947100872389168e-03 4.771863868516936641e-03 -1.908844690552823076e-03 3.331271198846631233e-03 2.858066267276377715e-05 2.725678891049547557e-03 7.624481139526667790e-03 4.510768228922712453e-03 -5.319409633905113934e-03 -1.210385923400444652e-01 -3.387496724546079641e-03 3.376528545797322436e-03 1.559086590215220123e-03 2.140868737615471071e-03 -5.667510640392753318e-03 -5.394782377175948770e-04 1.608888156446257583e-03 -6.513956388441923158e-03 -7.927427407691781287e-04 -6.611492580931046387e-03 -1.881221907035729056e-03 -6.317722744328663383e-03 -1.700588745939099825e-03 5.812968425076094937e-04 -3.910623499121109684e-04 1.115072543527104339e-03 3.598442953194834135e-03 7.638806558947401973e-03 -4.694419807154302619e-03 3.861948577121056270e-03 -2.983302991793863683e-04 -3.155672723545708581e-03 5.867048842459453035e-04 -3.103886329013356635e-03 2.850449302712576051e-03 -3.121290030143338869e-03 2.242478343112584357e-03 5.976720529182425780e-03 1.989016964273572149e-03 -4.688695885920487680e-03 -1.761674106840496919e-03 -4.991779671455452878e-03 -7.046276398091691311e-03 3.850097378301237257e-04 7.158558952864786835e-03 5.045650449642942285e-03 5.020140530388343680e-03 1.434194956064379972e-03 3.371610562895954386e-03 2.126754852169912557e-03 2.190153263200667662e-03 5.573658975071552795e-04 3.270465023354499285e-04 7.381502347415657295e-04 1.746573353619833681e-03 6.237108212487685105e-04 1.182401089022355268e-03 -1.541512721421419221e-03 9.204546361343863767e-03 2.164975970787506344e-03 2.126361033202499567e-03 -1.186457592287493493e-03 1.920989905775493138e-03
0.000000000000000000e+00 0.000000000000000000e+00 0.000000000000000000e+00 0.000000000000000000e+00 4.187971387125198619e-03 5.977738337708775329e-02 2.120767596957150863e-02 9.832693571579931291e-02 -2.661759868737155130e-02 9.086845407692611953e-02 -2.919538433058467899e-02 -5.460790160913191714e-03 -2.398574752234344473e-04 9.181108878608307267e-02 8.090896466745901849e-02 2.301794572748648571e-01 4.234507755310936393e-03 -4.665557937047101755e-01 -4.795340720004240276e-02 -6.931360969203326228e-02 -1.254558780531570827e-01 -4.160642527083283776e-02 -3.038932884925019673e-01 -9.169766783003288624e-02 -3.490223584478467644e-02 7.272336327863980487e-02 4.114281138384889153e-02 5.695902791300277122e-03 -2.050250362471871604e-02 8.562215297109392054e-02 4.191657992498264672e-03 -8.557885250851476194e-03 1.941203865696216170e-03 1.773123218383083066e-01 -1.825600020245675068e-02 9.747864229560426752e-02 2.725838945612902298e-01 -5.343074175448803836e-02 3.840137179187048250e-02 1.057715324095255927e+00 -1.970387179391491494e-01 3.489599613989392835e-02 3.384641800597595895e-02 1.226914159199390258e-01 3.680662712245321710e-01 2.266000023210134606e-01 2.008260059322612534e+00 -2.755365733400665929e-01 5.665672988112883779e+00 -1.402299309496133073e-01 -2.360912680784569950e+00 -1.875370839331867434e-01 1.218886929237273442e+01 -1.013120487531277841e-01 0.000000000000000000e+00 0.000000000000000000e+00 1.955742736760818917e-02 1.487445103265503527e-02 3.715814415003822896e-02 -1.068424895391765876e-02 -3.422945697598958614e-02 -1.151417077788120108e-02 3.462807826865440738e-03 -1.547688096741775717e-02 -8.076072131086044908e-03 -3.710780860634253775e-02 2.884718333257735648e-02 -4.307406354677558585e-02 2.272170659766661188e-02 1.423683636657155638e-01 -2.881652317741836486e-02 1.379663184629578493e-03 -1.923105328355913191e+00 -1.886509752296683662e-01 4.693815443084370029e-03 -3.990262125915038788e-02 -4.007567532808533478e-02 6.874485683731930072e-03 -2.086732732891979913e-02 -1.818601557518994064e-02 -2.507722966958193800e-02 -5.443433995731288000e-02 -5.585186408324138707e-02 8.870779417769204507e-04 1.320871169899528574e+00 1.937200594304785972e-02 6.274559520755008946e-02 -8.752737883117511428e-03 -1.548553189426059512e-03 -4.987616944726264503e-03 -3.131420832933055898e-02 -7.828056230784793956e-02 -1.162255650235394788e-01 -2.639694761900599623e-03 3.634973473518878784e-01 8.970865993507541603e-02 -5.693383694440661280e-01 8.595679149429556742e-02 1.658876199181774369e-01 -2.881203107709783690e-02 -2.311211435290028062e-03 -9.392411042716262981e-02 -8.842598410482975513e-02 6.742564758543768966e-02 -2.992200439565612623e-03 -3.733026695204143958e-02 -5.091409556151286347e-03 -1.431864975027906384e-02 4.807703873705201914e-02 -3.964538164442114529e-04 3.732414618437433079e-02 7.173178653285801343e-02 -6.222647427650001423e-02 8.834009602214282220e-03 5.160506975449313111e-02 -2.833746015409238303e-02 -1.623409322220825679e-02 4.435980074386604299e-02 -5.951325050605106581e-02 3.658828493981893665e-02 -9.684045465945681497e-02 5.792101441175428328e-02 -1.731071973992956772e-02 4.359587854864158674e-01 1.275446033855861215e-02 -5.636501613635031688e-02 -1.752747481440020474e-02 8.911697167237313949e-03 9.350387318575681395e-03 1.117551288231169795e-02 3.584967752906127736e-02 -1.336449957956025239e-02 3.860158923556464977e-02 -4.788534282412772181e-02 -3.881597408303874563e-02 -7.497302997975720251e-02 3.517042560525674572e-02 -2.283321050355460735e-02
0.000000000000000000e+00 0.000000000000000000e+00 0.000000000000000000e+00 0.000000000000000000e+00 7.681373472260771308e-03 -4.508186613184668803e-03 1.555118448001610414e-02 -8.744161649885701104e-03 3.895597534919358063e-02 -9.066846017841866589e-06 1.584015275555505854e-04 -6.373682638275272351e-03 1.803853585530503650e-02 -1.433932888945147702e-03 1.020046169627726769e-02 -1.572799181609403976e-02 -1.288878769937568591e-03 9.413361839864246156e-03 3.667370677837994159e-04 1.752267648611597131e-02 6.079192019149440469e-03 4.033348578595172262e-02 2.739135049174776845e-03 1.861337642185388608e-02 1.906160883079618257e-02 4.594797873749977175e-03 -4.119568358307998607e-04 -7.547000927204433780e-03 -3.906515232742606425e-02 -2.173936336643724192e-03 1.055030333059908849e-03 -1.996171594205426326e-03 2.869218920359920856e-03 -4.290824099079147171e-03 4.675219590030286337e-03 -2.102178421771263434e-02 -3.131889814927164839e-02 2.987733604305303770e-02 -3.399205294058749768e-03 8.284962850152199909e-02 4.111206810048625288e-02 3.224031516005401721e-02 -1.921858157637103617e-02 2.324933198612745902e-02 -7.359944111634515208e-03 -1.741831259289772504e-01 -6.066110065173807575e-02 1.847097676285856527e-01 -1.402299309496358448e-01 1.711458241215594034e-01 6.051027342565979544e-02 2.052320576098996541e-01 -4.084186427429006283e-01 1.779301564862790230e-01 0.000000000000000000e+00 0.000000000000000000e+00 -1.112970159239447547e-04 3.039783473039415693e-03 5.427135007418634532e-04 -3.899279480629563779e-03 -2.357807723094636210e-03 1.726829743698935155e-03 1.043952166532630685e-03 1.721122770332119713e-04 -7.804606499374934373e-04 -3.922872013066545233e-03 3.909476044101734687e-03 -1.965288645630709850e-03 -2.159888553580620145e-03 -3.095883294475640715e-03 -6.072374543661630646e-03 -5.899837899250299882e-03 1.299358311751701300e-01 4.249465273282766221e-03 1.515008901488112437e-03 1.225200187447219929e-03 2.448940463665754373e-03 -2.971336898737779279e-03 1.310161330411523887e-03 -9.792209548517605592e-05 1.879916093636985024e-03 4.481635387477397696e-03 2.642183751956631715e-03 -5.049004576059810262e-03 -7.518297755068598098e-02 -3.665215605796676591e-03 5.488204509268602115e-03 -1.514429480384210463e-04 5.849768829654316367e-04 -5.059384619401427821e-03 -1.103760579083236295e-03 1.804254484639792851e-04 -6.230014800780872899e-03 -1.239462051043817813e-03 1.183862499237513244e-03 -2.438218605248662196e-03 -1.576984831003106977e-02 -2.240713149310099520e-03 4.941628190384387068e-03 -5.420921510095340736e-04 1.231998518842664352e-03 -6.178718190169329213e-04 6.711360390408776036e-03 -2.499625841123028543e-03 3.605405762936992557e-03 -3.281487026118516670e-03 -4.004985304042473458e-03 -1.042643967520547835e-03 -2.410044040486713883e-03 2.025184806427157442e-03 -3.589102086946802453e-03 -2.040340014219205536e-03 3.704857268111781243e-03 3.178403485777660069e-03 -3.819594458660177053e-03 -4.057706570844242869e-03 -5.363054497409329782e-03 -8.363019085135222838e-03 -1.445909797352082143e-03 5.240933827532183974e-03 3.995925971789578493e-03 3.558756759650968590e-03 1.093438501739122867e-03 1.798200533012490193e-02 2.004686328041654485e-03 -1.760393512915786086e-03 1.285263012624629020e-04 1.402473752627040986e-03 1.793519702761270113e-03 -5.989488379727951834e-04 -1.299500329928503879e-03 1.307034606599021334e-03 1.031242118034722110e-03 1.037142149265248697e-02 1.809399481058134029e-03 2.660414712972729735e-03 1.011892214815359858e-03 1.755494135235266800e-03
0.000000000000000000e+00 0.000000000000000000e+00 0.000000000000000000e+00 0.000000000000000000e+00 -2.517739377428835322e-03 -3.492060820591247339e-02 -1.058297834864424525e-02 -5.029330847155422113e-02 1.673507031262353242e-02 -5.245181168198141675e-02 2.348325618229334111e-02 1.013360145045924532e-02 1.018860185316609185e-03 -4.875111038730334245e-02 -3.417010975168882636e-02 -1.214631408295852311e-01 -2.760421848375354224e-03 2.455931575543924272e-01 2.230665466627032925e-02 4.646495893012650424e-02 6.511439783396091863e-02 -7.116129722576187977e-02 1.312718712144667899e-01 4.506743644573218965e-02 1.652281410244132304e-02 -4.689979960517986352e-02 -2.591903114279426809e-02 3.108049367641410252e-03 8.464916038364807271e-03 -5.084592138142548373e-02 -3.854604047342410564e-03 1.518990070600378765e-02 1.692150231757612625e-04 -8.160490945106943506e-02 8.465497434522977274e-03 -4.897645637433994947e-02 -1.247109484709315319e-01 4.592119303934520322e-03 -2.727991261503591794e-02 -4.536109739306414257e-01 1.178720241938721602e-01 -1.577756782369217625e-02 4.083977633010013250e-03 -6.680653563326956201e-02 -1.602786631651660354e-01 -1.165915941297390179e-01 -8.792476640118360720e-01 1.207799385223147226e-01 -2.360912680784881257e+00 6.051027342564575112e-02 1.287213842357365579e+00 8.706385161466917433e-02 -5.336561560469351484e+00 4.806738633798598309e-02 0.000000000000000000e+00 0.000000000000000000e+00 -8.120881467064029746e-03 -5.482673857851196736e-03 -2.168514302275484709e-02 9.876695702584306277e-03 2.303979471564143733e-02 5.031570216823069881e-03 -1.002455704198949556e-03 1.016577155822761570e-02 3.088212290858404537e-03 2.065726524850515847e-02 -2.410065038155525738e-02 2.210004375110193389e-02 -8.764380956211997170e-03 -4.192173209623265007e-02 1.393405333162781382e-02 -2.984067299790187219e-04 7.832725142740910584e-01 6.388229441336609749e-02 -5.108800889753500191e-03 2.140426718151468982e-02 1.692101864374999723e-02 -5.378841105392654330e-03 8.475361436832244688e-03 6.653874783998954892e-03 1.011446588697427658e-02 2.744980798019633003e-02 2.458871403621050791e-02 3.475245232173805859e-03 -5.808323290777773762e-01 -1.260022639037092565e-02 -4.231042588244313812e-02 3.837590890834504786e-03 -5.879320276959489359e-04 6.428105393840230324e-03 1.273014978808858014e-02 2.731304003654317497e-02 4.309339720417713210e-02 -3.107738921619977029e-03 -1.245137470138426988e-01 -2.295161238880464097e-02 1.947221653732467694e-01 -2.228855791684908327e-02 -7.218858193089724984e-02 3.109569332115910689e-02 -8.935556179797763798e-04 3.801165634981511221e-02 3.633110815443665875e-02 -1.875318415169079447e-02 -4.528924270414541597e-03 1.994597984263023552e-02 4.102666336375241501e-03 6.645895042383415975e-03 -2.120717471217518219e-02 -1.126775553390269805e-04 -1.211493403350130324e-02 -2.569848075867799120e-02 2.737114721186377150e-02 -3.546101971100422585e-03 -1.657088951092894336e-02 1.462448217567691687e-02 1.092083255872072084e-02 -8.799101908017980395e-03 3.047085323895353665e-02 -1.671117142835622238e-02 4.096602168401972111e-02 -2.283755091966016212e-02 9.994609867592355382e-03 -2.257074762273051094e-01 -9.254215914087784295e-03 2.814648409709567117e-02 2.694420924477887360e-03 -7.762862465303950466e-03 -9.110131445887114168e-03 -5.862264823652896598e-03 -1.675043781458573217e-02 9.156924618485480158e-03 -1.626050273908340865e-02 9.655246748102603443e-04 1.276149260970765691e-02 2.945369771969584896e-02 -1.777012717004713277e-02 1.241092079127415967e-02
0.000000000000000000e+00 0.000000000000000000e+00 0.000000000000000000e+00 0.000000000000000000e+00 1.339605166555909131e-02 -4.896952277415796487e-03 2.282646263668523454e-02 -1.262781284574174268e-02 5.723092494689738241e-02 1.610193179605454855e-03 -3.462633551106094037e-04 -5.123604769983466228e-03 2.585104323577501473e-02 -8.683400242378833990e-04 1.629551843676970216e-02 -1.840293893382147564e-02 5.417477757501816017e-03 -2.892729502088423749e-02 -7.853380607000531519e-03 3.441581846920438448e-02 2.040074580897730319e-02 5.071382699942317274e-02 2.416632173147709867e-03 2.905478868517656285e-02 2.890872060022285986e-02 8.715763744557902815e-03 -6.954755276558043358e-04 -4.540199354218214627e-03 -5.976153192019553750e-02 -1.707938870346753860e-03 2.325584729771030396e-03 1.786659015136035557e-03 3.177427863157277019e-03 1.440988678575690247e-03 4.039296803055690901e-03 -2.788452318448506745e-02 5.225527639341195213e-03 4.916900444571291329e-02 8.920904191499828481e-03 4.373783612131220688e-01 3.200380484821936655e-02 3.280534616189102054e-02 -5.721989955938758081e-03 2.603783997814634876e-02 -9.865826711469056695e-03 -2.245142936209649498e-01 -4.896278805188226252e-02 2.091919053259453098e-01 -1.875370839331621520e-01 2.052320576099046223e-01 8.706385161464316735e-02 3.661946262319916157e-01 -5.708151410227657596e-01 2.346694412640866756e-01 0.000000000000000000e+00 0.000000000000000000e+00 -1.107582421060620366e-03 5.621749693262644010e-03 4.045958181702959643e-03 -3.823777881445514660e-03 -9.531797696419024718e-04 5.279288487436696944e-03 3.268500766752414737e-03 3.188350415139248883e-03 -1.772412183056092973e-03 -1.811740207685975240e-03 4.793291871044089159e-03 5.632036553524207359e-04 -2.516280117310620932e-03 -6.821717361018804840e-03 -3.491997940948128598e-03 -7.956248720012477557e-03 1.571905889882530827e-01 1.206967161611906605e-02 2.100468265130925761e-03 2.747255608885246139e-03 4.049554138785620497e-03 -3.677394284595256711e-03 1.712501162475356907e-03 1.224064287122987246e-03 2.407868806768176644e-03 3.110554537240949394e-03 4.972253678098884598e-03 -7.721416489956329891e-03 -1.045163125815340710e-01 -3.152072040279918410e-04 5.771309918865241348e-03 1.359214954611506028e-03 3.014624765015697528e-03 -5.702504240376390400e-03 -1.367317351545503917e-03 4.009423711246081802e-03 -8.700708243515443627e-03 -1.463418061439576701e-03 -7.879175339973107373e-04 -5.630727738072973700e-03 -1.286663133607660048e-02 -4.460358668192692354e-03 9.735073494419847415e-03 -1.471463802707694696e-03 1.017878055798540756e-03 1.623350060167781314e-03 -5.290243852678952648e-03 -3.148664175977324529e-03 5.851203009913216214e-03 -8.427455113184543697e-04 -4.265582663438487708e-03 -1.468657823068791239e-03 -4.951969284165843276e-03 1.626635279061933257e-03 -4.587953494844799335e-03 -8.799307327575018461e-03 8.241980412304741876e-03 2.735005120837420353e-03 -6.891485220145796703e-03 -1.284094851683268345e-03 -5.757219529241961939e-03 -7.945743001724962090e-03 6.464226488113502525e-04 4.730956246380837310e-03 5.691435185878119217e-03 -4.911653042980266681e-04 1.361911451963480034e-03 1.681264469404294970e-03 2.867243898644547886e-03 1.763883598432224725e-04 -1.115096933279600619e-03 3.619523341747006920e-03 3.376972953981441372e-03 2.247437925069660329e-03 -3.090293418204217817e-03 1.646875114684529353e-03 -5.266511921349759486e-04 9.395983071863459740e-03 4.302312489066071471e-03 2.633980415680429489e-03 1.156830361373214090e-03 3.727545804718256518e-03
0.000000000000000000e+00 0.000000000000000000e+00 0.000000000000000000e+00 0.000000000000000000e+00 3.627464660554955735e-03 1.537668362267896605e-01 3.414386434713831409e-02 2.399778539410760692e-01 -1.029822772096243011e-01 2.235948111569403263e-01 -5.616734606849228123e-02 -1.357896862664433046e-02 -2.128807075997266388e-02 2.199815477910150863e-01 1.688547370954333604e-01 5.450627109055996566e-01 1.390795412886095981e-03 -9.505962908148387625e-01 -1.323682894501335416e-01 -2.221109677524787940e-01 -2.734277083928451368e-01 -1.376075890907386690e-01 -7.119682156115499927e-01 -2.476855019353550180e-01 -9.340555075016013231e-02 1.837791920933351253e-01 8.117230230120515977e-02 1.807808374928792858e-02 -1.759037383302193124e-03 2.237909204142194686e-01 3.892534221637085866e-03 -1.642209008812996543e-02 1.681726015862636649e-03 4.091917465495838457e-01 -4.138771246785177133e-02 2.592420750523005135e-01 5.669882974951143684e-01 -1.217501933174463952e-01 1.144693625016947880e-01 1.936565588846582919e+00 -3.882801537282576931e-01 2.045579629251041004e-02 -1.520291947344033952e-02 2.166335161959765943e-01 8.174418612728983069e-01 6.470687036625506483e-01 4.446119315615379541e+00 -7.535437980806112268e-01 1.218886929237298666e+01 -4.084186427428726507e-01 -5.336561560468769727e+00 -5.708151410228647915e-01 2.747757592567215923e+01 -3.640605423116208272e-01 0.000000000000000000e+00 0.000000000000000000e+00 4.390271000300159654e-02 2.260210113748489444e-02 7.618227456454476632e-02 -2.355090266858030426e-02 -7.680411742573667322e-02 -3.585379421090230390e-02 3.781753224412058600e-04 -3.887633186685721109e-02 -1.401084914846796592e-02 -9.481825283097432278e-02 5.914051417907205399e-02 -1.030008121808375365e-01 5.282746357108888263e-02 2.883007301560415181e-01 -5.489849758335913626e-02 2.819106088566428192e-02 -4.374482604872818037e+00 -4.121357612935910852e-01 7.305191393351110306e-03 -9.770504587973856403e-02 -9.117880195044683611e-02 1.757318440618872019e-02 -4.696609415791021952e-02 -3.333792065981357883e-02 -5.729824819947502978e-02 -1.209335112659663397e-01 -1.306161798122766893e-01 1.773171808442696243e-02 3.021962190188799191e+00 2.888413347108060095e-02 1.356528945776223904e-01 -2.547315463204367220e-02 -8.275876035680005544e-03 -5.233003740385734452e-03 -6.660479694733054123e-02 -1.722351551768905031e-01 -2.442620735622260397e-01 2.459138782308914820e-02 7.856801069937714432e-01 1.883514152381704776e-01 -1.218115943888529840e+00 1.790808110674995124e-01 3.594670424293918698e-01 -7.375120480124530697e-02 -5.159272523562661444e-03 -2.118095391621918899e-01 -1.911542764259681060e-01 1.495896892522659560e-01 -1.192468268164014258e-02 -8.974109939642473110e-02 -7.708401108186675038e-03 -3.748642119267187045e-02 1.092924498083189255e-01 -3.367617450315018614e-03 8.529257946391138878e-02 1.227790227339049384e-01 -1.444038740408948585e-01 2.603636997121316216e-02 1.216958692251162155e-01 -7.081796795397801714e-02 -2.535302498928562395e-02 9.004169152204453963e-02 -1.378287763624357343e-01 7.463200604446146302e-02 -2.228674150256973741e-01 1.158987890515645047e-01 -3.435541235825545492e-02 9.624469739027690096e-01 2.484671195837559812e-02 -1.298224603968219093e-01 -3.596709835370370117e-02 1.515317605611243151e-02 1.343274182618333333e-02 1.814807597001207723e-02 9.690223459392684202e-02 -3.746873460031745900e-02 9.372765166939715786e-02 -9.603921134756496225e-02 -7.069645345694341998e-02 -1.553094860509658393e-01 7.672550846994295737e-02 -6.161617987192304080e-02
0.000000000000000000e+00 0.000000000000000000e+00 0.000000000000000000e+00 0.000000000000000000e+00 8.397744964010241814e-03 -3.956085777318130679e-03 1.614141185179211735e-02 -9.447615399795245006e-03 4.069725403053327945e-02 3.005087703966352695e-04 -3.558085498081701645e-03 -8.477177542174136118e-03 1.948715260365899843e-02 -9.579329514480110783e-04 1.101949470527311369e-02 -1.558778200510331328e-02 4.001791562842365799e-03 -9.587127862106588350e-03 -4.295513937251673776e-03 2.698929495244315607e-02 2.455484855021622045e-03 4.840368906778443059e-02 7.275363387855312940e-03 2.770764994839827744e-02 1.853174042188828960e-02 4.857667851486850187e-03 1.536315761760134041e-03 -8.870853491650666084e-03 -4.129623462239788434e-02 -2.840304746689846765e-03 6.622073046788984818e-04 -7.790083010749633552e-03 4.001863561747562997e-03 -1.697052713617352993e-02 2.983428502205542985e-03 -2.334124270618063296e-02 1.099907248037030813e-04 3.547766667952458736e-02 3.603974624963970138e-03 2.061141577992914309e-01 1.544647172700867876e-02 3.922251605342313985e-02 -1.261132672619053909e-02 3.597401247464062507e-02 -5.268848383977252359e-03 -1.973201982739929694e-01 -3.991553472752055326e-02 1.961065456243725191e-01 -1.013120487531590924e-01 1.779301564862583451e-01 4.806738633800049232e-02 2.346694412640599192e-01 -3.640605423116531347e-01 2.096234578694672335e-01 0.000000000000000000e+00 0.000000000000000000e+00 8.194221174684624635e-04 1.782469960718078292e-03 1.592763962645376468e-03 -7.103859741950045367e-03 -5.508382202862398790e-03 -2.107137733037891050e-03 -2.708408035868194305e-04 -1.864121831093062910e-03 -1.591424028583987961e-04 -5.698725843213289961e-03 7.976301297340450749e-03 -6.280564632298473761e-03 -2.503566232768204922e-03 -3.734846683291485891e-03 -6.335877474412490371e-03 -6.513271366883037136e-03 1.456838701574350858e-01 1.429211744533683080e-03 2.437502008257578894e-03 -2.571504944589467906e-03 6.360337323038710126e-04 -4.473876111457998107e-04 -1.366723989046031732e-03 -2.246480431102586706e-03 1.968819583204970552e-03 6.586481491471256854e-03 6.970038489040309131e-04 -5.235695290719884210e-03 -6.556661162696654499e-02 -9.144615332723711465e-03 1.143291906008494542e-02 -2.427561368628067262e-03 2.841151113380697109e-05 -6.472438870844217547e-03 -2.368600930594491442e-03 -3.014817516923862153e-03 -1.215871855186807793e-02 -7.641433236450531456e-03 1.152099921006046954e-02 -1.956631495729800867e-03 -3.285195963387539664e-02 -2.226672999072489955e-03 8.478908749024115579e-03 -8.811548343835410441e-03 1.831717857221279271e-03 -3.438195177563815874e-03 8.312782129396345532e-03 -5.563732460816841335e-03 4.571911001504849748e-03 -7.076462838534166092e-03 -3.031039685280933257e-03 -3.154530391653513448e-04 -1.063440319730899440e-03 1.093921471008867195e-03 -3.306731512936650873e-03 -3.676551617619313889e-03 2.445154148554820519e-03 1.739955148351584116e-03 -4.939070152731130960e-03 -7.525259847852162898e-03 -6.764021097815028916e-03 -6.626507436297242488e-03 -3.489821971789222599e-03 4.623456373451978289e-03 3.677854295550405696e-03 2.708104598270885330e-03 9.397608366438852355e-04 3.227286122450727379e-02 2.198780423087446593e-03 -6.201746299578259070e-03 3.605021810957974304e-03 2.032914432489727440e-03 2.352229261908308361e-03 -3.482340319445553344e-03 1.339223703030339736e-03 6.164061629275880945e-04 2.598653708418255728e-03 1.645626233203904137e-02 2.276513688530312600e-03 4.288073456275309520e-04 1.165264342869258432e-03 -1.671455632576003374e-04
0.000000000000000000e+00 0.000000000000000000e+00 0.000000000000000000e+00 0.000000000000000000e+00 0.000000000000000000e+00 0.000000000000000000e+00 0.000000000000000000e+00 0.000000000000000000e+00 0.000000000000000000e+00 0.000000000000000000e+00 0.000000000000000000e+00 0.000000000000000000e+00 0.000000000000000000e+00 0.000000000000000000e+00 0.000000000000000000e+00 0.000000000000000000e+00 0.000000000000000000e+00 0.000000000000000000e+00 0.000000000000000000e+00 0.000000000000000000e+00 0.000000000000000000e+00 0.000000000000000000e+00 0.000000000000000000e+00 0.000000000000000000e+00 0.000000000000000000e+00 0.000000000000000000e+00 0.000000000000000000e+00 0.000000000000000000e+00 0.000000000000000000e+00 0.000000000000000000e+00 0.000000000000000000e+00 0.000000000000000000e+00 0.000000000000000000e+00 0.000000000000000000e+00 0.000000000000000000e+00 0.000000000000000000e+00 0.000000000000000000e+00 0.000000000000000000e+00 0.000000000000000000e+00 0.000000000000000000e+00 0.000000000000000000e+00 0.000000000000000000e+00 0.000000000000000000e+00 0.000000000000000000e+00 0.000000000000000000e+00 0.000000000000000000e+00 0.000000000000000000e+00 0.000000000000000000e+00 0.000000000000000000e+00 0.000000000000000000e+00 0.000000000000000000e+00 0.000000000000000000e+00 0.000000000000000000e+00 0.000000000000000000e+00 1.000000000000000000e+00 0.000000000000000000e+00 0.000000000000000000e+00 0.000000000000000000e+00 0.000000000000000000e+00 0.000000000000000000e+00 0.000000000000000000e+00 0.000000000000000000e+00 0.000000000000000000e+00 0.000000000000000000e+00 0.000000000000000000e+00 0.000000000000000000e+00 0.000000000000000000e+00 0.000000000000000000e+00 0.000000000000000000e+00 0.000000000000000000e+00 0.000000000000000000e+00 0.000000000000000000e+00 0.000000000000000000e+00 0.000000000000000000e+00 0.000000000000000000e+00 0.000000000000000000e+00 0.000000000000000000e+00 0.000000000000000000e+00 0.000000000000000000e+00 0.000000000000000000e+00 0.000000000000000000e+00 0.000000000000000000e+00 0.000000000000000000e+00 0.000000000000000000e+00 0.000000000000000000e+00 0.000000000000000000e+00 0.000000000000000000e+00 0.000000000000000000e+00 0.000000000000000000e+00 0.000000000000000000e+00 0.000000000000000000e+00 0.000000000000000000e+00 0.000000000000000000e+00 0.000000000000000000e+00 0.000000000000000000e+00 0.000000000000000000e+00 0.000000000000000000e+00 0.000000000000000000e+00 0.000000000000000000e+00 0.000000000000000000e+00 0.000000000000000000e+00 0.000000000000000000e+00 0.000000000000000000e+00 0.000000000000000000e+00 0.000000000000000000e+00 0.000000000000000000e+00 0.000000000000000000e+00 0.000000000000000000e+00 0.000000000000000000e+00 0.000000000000000000e+00 0.000000000000000000e+00 0.000000000000000000e+00 0.000000000000000000e+00 0.000000000000000000e+00 0.000000000000000000e+00 0.000000000000000000e+00 0.000000000000000000e+00 0.000000000000000000e+00 0.000000000000000000e+00 0.000000000000000000e+00 0.000000000000000000e+00 0.000000000000000000e+00 0.000000000000000000e+00 0.000000000000000000e+00 0.000000000000000000e+00 0.000000000000000000e+00 0.000000000000000000e+00 0.000000000000000000e+00 0.000000000000000000e+00 0.000000000000000000e+00 0.000000000000000000e+00 0.000000000000000000e+00 0.000000000000000000e+00 0.000000000000000000e+00 0.000000000000000000e+00 0.000000000000000000e+00 0.000000000000000000e+00 0.000000000000000000e+00
0.000000000000000000e+00 0.000000000000000000e+00 0.000000000000000000e+00 0.000000000000000000e+00 0.000000000000000000e+00 0.000000000000000000e+00 0.000000000000000000e+00 0.000000000000000000e+00 0.000000000000000000e+00 0.000000000000000000e+00 0.000000000000000000e+00 0.000000000000000000e+00 0.000000000000000000e+00 0.000000000000000000e+00 0.000000000000000000e+00 0.000000000000000000e+00 0.000000000000000000e+00 0.000000000000000000e+00 0.000000000000000000e+00 0.000000000000000000e+00 0.000000000000000000e+00 0.000000000000000000e+00 0.000000000000000000e+00 0.000000000000000000e+00 0.000000000000000000e+00 0.000000000000000000e+00 0.000000000000000000e+00 0.000000000000000000e+00 0.000000000000000000e+00 0.000000000000000000e+00 0.000000000000000000e+00 0.000000000000000000e+00 0.000000000000000000e+00 0.000000000000000000e+00 0.000000000000000000e+00 0.000000000000000000e+00 0.000000000000000000e+00 0.000000000000000000e+00 0.000000000000000000e+00 0.000000000000000000e+00 0.000000000000000000e+00 0.000000000000000000e+00 0.000000000000000000e+00 0.000000000000000000e+00 0.000000000000000000e+00 0.000000000000000000e+00 0.000000000000000000e+00 0.000000000000000000e+00 0.000000000000000000e+00 0.000000000000000000e+00 0.000000000000000000e+00 0.000000000000000000e+00 0.000000000000000000e+00 0.000000000000000000e+00 0.000000000000000000e+00 1.000000000000000000e+00 0.000000000000000000e+00 0.000000000000000000e+00 0.000000000000000000e+00 0.000000000000000000e+00 0.000000000000000000e+00 0.000000000000000000e+00 0.000000000000000000e+00 0.000000000000000000e+00 0.000000000000000000e+00 0.000000000000000000e+00 0.000000000000000000e+00 0.000000000000000000e+00 0.000000000000000000e+00 0.000000000000000000e+00 0.000000000000000000e+00 0.000000000000000000e+00 0.000000000000000000e+00 0.000000000000000000e+00 0.000000000000000000e+00 0.000000000000000000e+00 0.000000000000000000e+00 0.000000000000000000e+00 0.000000000000000000e+00 0.000000000000000000e+00 0.000000000000000000e+00 0.000000000000000000e+00 0.000000000000000000e+00 0.000000000000000000e+00 0.000000000000000000e+00 0.000000000000000000e+00 0.000000000000000000e+00 0.000000000000000000e+00 0.000000000000000000e+00 0.000000000000000000e+00 0.000000000000000000e+00 0.000000000000000000e+00 0.000000000000000000e+00 0.000000000000000000e+00 0.000000000000000000e+00 0.000000000000000000e+00 0.000000000000000000e+00 0.000000000000000000e+00 0.000000000000000000e+00 0.000000000000000000e+00 0.000000000000000000e+00 0.000000000000000000e+00 0.000000000000000000e+00 0.000000000000000000e+00 0.000000000000000000e+00 0.000000000000000000e+00 0.000000000000000000e+00 0.000000000000000000e+00 0.000000000000000000e+00 0.000000000000000000e+00 0.000000000000000000e+00 0.000000000000000000e+00 0.000000000000000000e+00 0.000000000000000000e+00 0.000000000000000000e+00 0.000000000000000000e+00 0.000000000000000000e+00 0.000000000000000000e+00 0.000000000000000000e+00 0.000000000000000000e+00 0.000000000000000000e+00 0.000000000000000000e+00 0.000000000000000000e+00 0.000000000000000000e+00 0.000000000000000000e+00 0.000000000000000000e+00 0.000000000000000000e+00 0.000000000000000000e+00 0.000000000000000000e+00 0.000000000000000000e+00 0.000000000000000000e+00 0.000000000000000000e+00 0.000000000000000000e+00 0.000000000000000000e+00 0.000000000000000000e+00 0.000000000000000000e+00 0.000000000000000000e+00 0.000000000000000000e+00
0.000000000000000000e+00 0.000000000000000000e+00 0.000000000000000000e+00 0.000000000000000000e+00 2.012750865198970952e-04 6.111840780037260589e-04 3.942889630904965301e-04 8.744169124510573496e-04 9.717545594539884731e-04 7.131191026125144198e-04 6.453590921324154923e-04 -1.616654451983850875e-03 8.076026234662128309e-04 1.104670896122772212e-03 5.986626046098821475e-04 1.397204474790059679e-03 1.099443893835367833e-04 -3.463527221066252208e-03 -7.101092897509177042e-04 -2.320228842256462842e-04 -1.014012754326677843e-03 -2.770061677877967287e-04 -1.592302310562513290e-03 -9.314882234289200693e-05 1.375345111920615827e-04 6.762475885946076697e-04 -7.968957062053029419e-05 -8.586671315410315634e-04 -1.015492264920532560e-03 9.537035107283712426e-04 -5.434565292967790361e-04 -9.632328775983150463e-04 1.538821170282452097e-04 2.143993602775974387e-03 -1.325660012490924950e-04 1.594778782035561129e-03 2.330563454562914992e-03 -1.238391930699720127e-03 1.490232632200964077e-04 -2.239155062628429838e-03 -1.755293644002989609e-03 -4.389424902205153311e-04 -4.157485765765762693e-05 7.181049638419118898e-05 1.429780268800720901e-03 4.839080368110344884e-04 8.499563743496956619e-03 -1.070537674023588773e-03 1.955742736760690548e-02 -1.112970159246159843e-04 -8.120881467063408715e-03 -1.107582421061373236e-03 4.390271000300020182e-02 8.194221174665065627e-04 0.000000000000000000e+00 0.000000000000000000e+00 1.040366516594195753e-02 -1.740373440537437396e-03 4.517996332318481578e-03 -3.625540430438392841e-03 -9.194542985970693971e-03 -8.012015353225143731e-04 3.295664482046818927e-03 -8.257661674191665510e-03 -1.193918351281174914e-03 2.937796700164554270e-03 8.458926755279450385e-03 -5.774845208960759091e-03 -1.158497514876740721e-03 5.416027877464027127e-03 -7.259658252909082128e-03 -6.156812840588834872e-03 2.634286637340680498e-02 -1.284073884437389977e-02 3.692008993325114098e-03 -7.141192332778219243e-03 2.461339857246652024e-03 1.676992298617424821e-03 -1.111433211764518460e-03 -4.240611590768035219e-03 7.152017609589935701e-04 7.371902232024299569e-03 -6.488318596391787381e-03 -5.025222099902166596e-03 1.330153162890072328e-02 -1.257545506566450956e-02 1.600626432507566699e-02 -2.830865647260137966e-03 -1.180012737785020825e-03 -8.772066814358874844e-04 -3.407666316876298805e-03 -6.235655776575525777e-03 -9.802146577526807056e-03 1.011412517201056016e-02 2.463117837789233211e-02 3.015919302000786076e-03 -3.979492611956286091e-02 4.418526354124102315e-03 1.503572084132363297e-02 -6.873235586060487574e-03 1.197181656273103856e-03 -5.437246275715882163e-03 -2.754144570551554823e-03 -2.644827877902381635e-03 3.568903011291750527e-03 -5.707387019771109626e-03 -8.520555103836055229e-05 -4.746827203570977254e-03 2.856561829103784408e-03 -2.517821724401265050e-04 1.589183516270211999e-03 7.638240018359450378e-03 -1.929165124554341930e-03 -2.443862960669831649e-03 -5.323118442064516016e-03 -8.893719945135663760e-03 -3.144907137901857205e-03 -3.649738160074614615e-03 9.220613479821472818e-04 7.286074665680869825e-03 3.120292681442542789e-03 1.266014467935031897e-02 -5.956120241087357620e-04 1.663326464195638912e-02 4.394849879537614766e-03 -4.847652021841941487e-03 -2.443439840784404713e-03 -3.639249441264448375e-04 3.097022066451293743e-03 -4.647981433692142776e-03 6.380064063172942099e-03 5.616782466850906742e-04 1.162542089886964405e-04 -5.689713445509055750e-03 -6.691804115846429653e-03 -1.357382032344124460e-02 -2.564384633078796265e-03 3.283541271748379288e-04
0.000000000000000000e+00 0.000000000000000000e+00 0.000000000000000000e+00 0.000000000000000000e+00 4.769254991671602480e-04 7.367685630366502389e-04 1.008372153110040055e-03 1.734514272011742492e-03 1.926332582213435233e-03 2.604846617746747056e-03 -3.527005964317177699e-04 -4.531357784549246495e-03 7.773178665202980318e-04 2.613428905837435982e-03 7.970673788713671581e-04 2.082543120285747142e-03 -4.365560700487550443e-04 -4.574563045282313729e-03 -3.878575230845179443e-04 -1.196035376685382454e-05 3.351654371338054110e-05 4.933844298095735976e-04 -1.209626053057233624e-04 -2.671213986176882750e-04 1.075964263102662270e-03 2.420955185863603396e-03 1.069918088908149937e-03 -2.214306327141252109e-03 -1.870266265049178337e-03 2.176130269366400791e-03 4.733213883359011593e-04 -1.035259577472502504e-03 2.575069387609971714e-04 7.163431953300778213e-03 1.734606235909441911e-04 2.652368435077798875e-03 -4.732869773513095381e-04 -1.200511681303030511e-03 1.507373629264233063e-04 -6.608335162328320134e-02 3.718160438142095823e-03 -6.208034755739923628e-04 -1.862879386694488073e-03 -8.203380680655181657e-04 9.754601635331425821e-04 -2.417865734986181887e-04 5.531881320514867029e-03 3.677201146183960503e-03 1.487445103264103258e-02 3.039783473032085185e-03 -5.482673857841927241e-03 5.621749693256558600e-03 2.260210113744829177e-02 1.782469960710561302e-03 0.000000000000000000e+00 0.000000000000000000e+00 -1.740373440537728612e-03 1.821592678004707241e-02 2.066690327724819871e-03 3.089203729597326999e-03 1.737061444108056567e-03 1.202419882701236294e-02 1.837940987421192267e-03 1.537461951244864858e-02 -2.098652841633317622e-03 -5.033967269735640376e-03 -2.433637386779332300e-03 1.288318927037236140e-02 -4.075504447017470108e-04 1.435743070186006054e-02 -1.031401540437360811e-03 -2.390352264398874858e-03 1.053706997900142293e-02 -1.972296892433974928e-03 1.464222463853399317e-03 1.481949880963037008e-02 7.051422090329804299e-03 -1.060909825812163428e-02 9.549778907289965466e-03 4.863285989333976898e-03 7.002646673809950068e-04 1.629279323749667496e-02 -1.734370774019815525e-03 -3.943479001304941133e-03 -1.995960600913572469e-02 -4.206084670855296352e-03 -2.031148760694403716e-03 9.908287149602356542e-03 6.785803722343988200e-04 -3.409945949105519600e-03 5.744379729524568988e-04 1.241968470051795295e-02 1.234966144037807911e-02 -1.580398219812374078e-02 -9.755647914426786999e-03 3.665324177438273462e-03 1.132751343553013539e-02 4.017559843151424954e-03 -6.497142097036294819e-03 1.831969930324282500e-02 -1.210913470978143298e-03 6.813960291317941106e-03 -2.352244370508565358e-02 1.089051289049615748e-02 4.151712954506985064e-04 1.290662976415955614e-02 -5.583615445054013714e-03 7.499018107406022317e-04 7.845118336798409791e-04 2.223080327481360714e-03 -2.960962376039386404e-03 5.394611277530820051e-03 -2.278212251305501094e-03 4.916004233184318936e-03 5.421261692746198214e-03 1.391667247758187308e-02 -3.775917573196814394e-03 3.380461094790241598e-03 -3.526882854600954086e-03 3.354898485568477175e-03 -6.482375477019442465e-03 2.443882391566183643e-03 -1.906516252556612152e-03 2.469303106687973856e-02 2.215718081514762156e-03 7.987746858930035165e-03 -9.241100517175948256e-03 3.718794309355492704e-03 4.495134926631018900e-03 1.951271788822836126e-02 -1.341538953708984114e-02 -5.752400685920048586e-03 -2.726081901608003524e-03 -1.499022501387711932e-02 -1.790350648808970106e-03 -5.858447954621464476e-03 7.543015871352708873e-03 -7.324942529443954041e-03
0.000000000000000000e+00 0.000000000000000000e+00 0.000000000000000000e+00 0.000000000000000000e+00 4.064682543280845241e-04 2.363663954166999052e-04 8.593834349033224696e-04 -2.838504507323882497e-04 8.126988845625343757e-04 1.871052505704623361e-03 -3.789149026349271625e-03 -3.970674578122779241e-03 4.230528183959809626e-05 8.559849206804107710e-04 1.310329998864004798e-03 2.574621337960331189e-03 -6.923695140055759201e-05 -1.661940204985670744e-02 -1.378637769464155635e-03 -1.303436669694957740e-03 -2.308759694850189177e-03 4.731442174949962269e-03 -8.933489965002704017e-04 -1.204381246507945594e-03 6.860460237671485656e-04 1.762572899778083648e-03 2.203340842527299476e-03 -2.576939882622547411e-03 -1.199229307833886427e-03 8.974844855610174341e-04 1.695716020626771448e-03 -3.945322931688331758e-03 2.264916803512630628e-04 -2.545123633689868638e-03 -6.662884389831610888e-05 1.306890967444947725e-03 3.915051466200495864e-03 -2.680467767823342304e-04 4.779562820671311835e-04 -6.108648694004518986e-02 -3.092715889240585467e-03 -6.949086507874621633e-04 -9.937759045812882570e-04 1.303984638896146060e-03 2.790999152438279618e-03 -9.712387843213994131e-04 2.286550712189953580e-02 1.254478445605153097e-03 3.715814415003328847e-02 5.427135007365690772e-04 -2.168514302274620817e-02 4.045958181698438086e-03 7.618227456452732194e-02 1.592763962641378797e-03 0.000000000000000000e+00 0.000000000000000000e+00 4.517996332318029683e-03 2.066690327726292652e-03 4.359656636735496221e-02 -1.401418510345265808e-02 -4.079387045323355082e-02 -6.805594312711977503e-05 -8.701074054351631533e-04 -1.004744834601809314e-02 -2.514418035300751940e-03 1.072217719863290380e-03 4.164832419015013221e-02 -1.219045511112233464e-02 -4.239908474167332700e-03 6.206763743612445788e-02 -1.204338745228111796e-02 -1.344594276260365796e-02 1.068636583770129211e-01 -7.335867966176569388e-02 1.740526836217137774e-02 -1.385726028524970205e-02 -3.263369553664341276e-03 4.636097735751361576e-05 -1.826991473045963543e-02 7.411342310350526978e-04 1.649236856332575701e-03 3.100913771093009169e-02 -1.016729556722775069e-02 -4.117741221626641801e-03 1.064613368045224384e-01 -4.306708382596749485e-02 7.355564634370051480e-02 5.905154803656531863e-04 2.845825439758716165e-03 -3.654948194204523434e-03 -6.134217089535312292e-03 1.880393386966604241e-02 5.048371911855643358e-03 -1.508681986132864687e-02 -1.169625452737615631e-02 -3.530960827200918528e-02 2.985469786663913841e-02 -3.227200798711777480e-02 8.772614937418163686e-03 -3.404113915240460086e-02 5.720846266719361792e-03 -8.629758726856647313e-03 -7.810864937295154513e-03 -1.354447061022426811e-02 2.882897998088407299e-02 -1.508102863523508655e-02 -4.532531443986963747e-03 -2.285397044696454213e-03 -4.107812389453800554e-03 2.670597834876667180e-03 -4.282850008704324092e-03 2.517495985376657155e-02 7.369331929141467556e-03 -7.217883442291975638e-04 -3.094387097927025349e-02 -8.868098348835952785e-03 -6.359944547260154048e-03 -1.761701463498594258e-02 4.182874979952403566e-03 6.915454014981484284e-04 9.188310977612267061e-03 4.898509149030683303e-03 2.556358042161690700e-03 3.936901108600625310e-02 2.012370909876756361e-02 -1.796363603528957145e-02 1.355576198665895847e-03 2.488247822045915568e-03 1.994818063801143126e-02 6.970452419340544305e-03 1.095030917769626924e-02 -1.713258158125182187e-02 -4.002834959059719915e-03 -2.924352882073034694e-03 1.939252114400928217e-03 -3.588638466831331475e-02 -4.886610127746034669e-03 -1.063642716768813112e-02
0.000000000000000000e+00 0.000000000000000000e+00 0.000000000000000000e+00 0.000000000000000000e+00 -7.854496198835438222e-04 5.421590259429092361e-04 -1.299449512277084081e-03 1.129750365340830833e-03 -3.335239533660269012e-03 -8.433321064511311357e-04 2.463544150081183829e-03 5.862019032940015729e-03 -1.938426656714626944e-03 -7.865958388779258504e-04 -9.786144512292445537e-04 1.333786858086345685e-04 -8.555933173663384829e-04 9.596408385020599452e-03 6.938564481494076310e-04 -1.104211084853450563e-03 1.704509537955186359e-03 -4.207048553793805643e-03 -6.674301859356367855e-04 -2.708741989217805187e-04 -1.136252343057401635e-03 -1.229663544088215868e-03 -9.925832093331443586e-04 4.734592109483592472e-03 2.562295891132443035e-03 -3.575657494401296476e-04 -9.201343975178767664e-04 8.044194261289275977e-03 -4.406116274938662617e-04 9.714046772080226627e-03 1.612621673730165036e-05 -2.779165435196467838e-04 -4.722726083459315854e-03 4.020416634367029356e-04 -1.410112217246265722e-03 -7.273426498721098643e-04 5.259086896675863390e-03 -1.427193730142659327e-04 7.591613622700023583e-04 -8.671366623506462402e-04 -1.312940857548648265e-03 6.995072481361864179e-03 -1.401869616836965739e-02 -2.697563445273000373e-03 -1.068424895391763794e-02 -3.899279480624978037e-03 9.876695702579178435e-03 -3.823777881442003146e-03 -2.355090266857577663e-02 -7.103859741945346869e-03 0.000000000000000000e+00 0.000000000000000000e+00 -3.625540430438069315e-03 3.089203729596184250e-03 -1.401418510345210297e-02 2.775354334251410940e-02 2.115519248219114093e-02 1.933815122282551632e-02 3.785460972939371470e-03 9.950922014255264569e-03 4.614150206857524947e-04 4.389948120667855336e-03 -2.122146673845813972e-02 3.097491092377835376e-02 3.051815088102686428e-03 -3.228498599127338498e-02 9.054484272409839274e-03 5.971425618133099217e-03 -1.392145704399525008e-01 5.725821330359463779e-02 -6.748533204874037142e-03 2.172213545061585024e-02 5.847299992964246663e-04 1.390500522801777156e-03 5.891044535824356033e-03 4.454738430040812609e-03 -1.852215606215756459e-05 -2.281482718542826929e-02 4.546496433384425266e-03 5.350012212306172986e-03 -7.866644311915378662e-02 4.572266564736186117e-02 -3.865563559382770992e-02 1.600342193679490932e-02 1.956811209583897199e-04 5.244772756640209664e-03 4.024836164972891636e-03 -4.790961482708012281e-03 -4.201469178140571081e-04 3.010706522622004500e-02 -1.770791109147924758e-02 3.221872954530168032e-02 1.130066842719997487e-02 3.343482663941418215e-02 -1.499261722604433404e-02 4.005446620591335966e-02 -4.995686962337475383e-03 1.748526124049734620e-02 -2.218762063657452044e-02 1.713431322570253476e-02 -1.114875870155117993e-02 2.621162994323480988e-02 4.149768406822125326e-03 -8.996335868241308166e-05 2.373257012581892703e-03 1.755289216791545645e-04 7.773958119221635252e-03 -1.139426150824962352e-03 -3.418029539652694439e-03 -1.963889101654158311e-04 1.428994151018965139e-02 2.222268197149491684e-02 1.120894592042650378e-02 1.272680500272782914e-02 2.705810891197961139e-04 3.529014199657163221e-03 -1.355839126306975471e-02 3.969712694540217897e-04 -5.150903211158683499e-03 -5.221561830920491698e-02 -5.877794986347628127e-03 2.958035896079286992e-02 -7.019556251207977743e-03 -4.442938348926311030e-03 -1.322458639722220997e-02 1.245108460722071583e-02 4.055794787497579018e-03 1.182072610519764068e-02 -3.333380237693933049e-03 -1.140832053130028806e-02 3.259836071865668695e-03 2.316237111238875560e-02 -2.914664782826948200e-03 1.468073005784166149e-02
0.000000000000000000e+00 0.000000000000000000e+00 0.000000000000000000e+00 0.000000000000000000e+00 -9.596125678073738055e-04 -2.544806897423275600e-05 -1.895664826817503599e-03 1.388529569621797105e-04 -4.743190550853185541e-03 -1.639346742116921593e-03 2.378259435340271399e-03 7.522375651706164276e-03 -2.729368491897791842e-03 -1.465795188573650390e-03 -1.743598842900858986e-03 -2.042626619747867685e-03 -8.002762347063755843e-04 1.649579780819244654e-02 1.306460283329422814e-03 1.848228796228089041e-04 3.239111037699315271e-03 -6.073093248953908597e-03 9.593562975853319949e-05 2.528928653310144213e-04 -1.747338513626860417e-03 -2.112920360455324345e-03 -1.393692796039655178e-03 5.547773984116032356e-03 4.503417841578417208e-03 -1.218502430895187583e-03 -2.553892601138784248e-04 8.768746155335882184e-03 -4.971174339567751817e-04 8.126266623336217756e-03 1.067264329784651687e-04 -1.228587293616204435e-03 -8.085546668621958893e-03 2.678178666299823501e-04 -1.038711641784038995e-03 1.443652552339945438e-02 6.358399022968196611e-03 -1.293638694711362822e-03 9.209094401545435925e-04 -3.191235281036704924e-03 -3.156426622746854888e-03 3.993749652707974038e-03 -2.608920942852269512e-02 -5.521657424571348042e-04 -3.422945697599415193e-02 -2.357807723091963868e-03 2.303979471563906076e-02 -9.531797696383020532e-04 -7.680411742572962330e-02 -5.508382202856879767e-03 0.000000000000000000e+00 0.000000000000000000e+00 -9.194542985970114574e-03 1.737061444107992816e-03 -4.079387045323413369e-02 2.115519248219116522e-02 6.081941248858841603e-02 8.254876084428272934e-03 6.394415043110416794e-03 1.158229414815186396e-02 -1.215952577723190646e-03 4.180883197318040201e-03 -4.798245943485762721e-02 2.410671289738365239e-02 5.562693885136732637e-03 -4.611688619218631130e-02 1.580703351377358082e-02 1.741852231772247211e-02 -1.785080216588661450e-01 6.816315487006489870e-02 -2.019520094513839112e-02 2.338193038126444925e-02 2.422608844401329814e-03 -2.907372143798416832e-03 1.353884800567232288e-02 7.341535131644552408e-04 -3.350080311810419570e-03 -2.212885877615037092e-02 1.133716597679668321e-02 6.438129920323353017e-03 -5.895297216468440432e-02 4.424339655225245638e-02 -9.261032548002358367e-02 6.810243253970720001e-03 6.033288425289268144e-04 5.163827598858931368e-03 9.243322365939811436e-03 -8.082519171537103780e-03 -1.526238610433279519e-03 3.714563981336140019e-02 -9.344285111485894219e-03 3.113793134764112139e-02 1.360780856191755317e-03 2.889115259292576038e-02 -1.685992214444987855e-02 4.161667659317777601e-02 -8.358496823611749962e-03 1.485267773049946463e-02 -7.904462948313524182e-03 2.217333790481126540e-02 -3.354782276724826984e-02 2.665978785638490126e-02 8.470002171398000740e-03 -5.014430899318398239e-04 2.122745994616863363e-03 -2.868572011049859601e-03 7.153237814707319626e-03 -2.878328403687427026e-02 -3.566380314727422146e-03 1.991209825539044537e-04 3.518415435266501745e-02 1.796042725039902893e-02 1.227136639719290240e-02 1.738706590255924278e-02 4.379885208547033295e-04 -2.967739400051251294e-04 -6.358766994268418536e-03 -7.775980089079979549e-03 2.655502764437226750e-03 -7.932942264542502953e-02 -2.386465045020313980e-02 3.039793487902052796e-02 -4.548861209672279936e-03 -6.825479220872032217e-03 -2.540517883294286447e-02 3.721498981386791444e-03 -1.054911726954593440e-02 1.528454274842247149e-02 -1.718271940898866796e-04 -1.998058504094941956e-02 -1.467562910186132790e-03 3.038947220981474961e-02 2.508295746192898933e-03 9.295215905287312896e-03
0.000000000000000000e+00 0.000000000000000000e+00 0.000000000000000000e+00 0.000000000000000000e+00 -1.860998188284085689e-04 7.180233310664175866e-04 1.355187982651626295e-04 1.418487051023156796e-03 -1.328603349809528815e-03 1.935995364081482227e-03 -7.868089072739964699e-05 -1.031970369103841568e-03 -1.251941354893933590e-03 1.426018823667745588e-03 1.675422559394651944e-04 1.342870911818583443e-03 -1.239967271875205964e-03 5.578496031684806750e-04 -1.875564411799216880e-04 -3.876845550131609286e-04 9.785777028792131717e-04 1.066727910417258950e-04 -6.902989007019959483e-04 -6.322216089037545426e-04 5.504490613415293609e-06 1.312173269918473668e-03 1.111536397682757159e-03 1.030011209394665833e-03 6.703041934040665636e-04 1.527949406486070949e-03 4.855259431377478558e-04 3.335953290987650650e-03 1.564216972105786303e-05 1.166951156599237670e-02 2.624902000409361702e-04 1.650762403857168256e-03 -5.662899269950726587e-03 1.872026389874300537e-04 -1.271876859609141969e-04 -7.853092239864854773e-02 6.715133113553318524e-03 -1.112633132744930090e-03 -2.395390938302531438e-03 -1.544665518384554436e-03 -1.163323100128006325e-03 2.399350219002085310e-03 -1.038351815002854298e-02 4.049312089702869488e-03 -1.151417077788366439e-02 1.726829743697309936e-03 5.031570216825253898e-03 5.279288487434849464e-03 -3.585379421090813951e-02 -2.107137733038437922e-03 0.000000000000000000e+00 0.000000000000000000e+00 -8.012015353222670666e-04 1.202419882701201252e-02 -6.805594312785665304e-05 1.933815122282587368e-02 8.254876084428444671e-03 3.445019581852960810e-02 1.111228159663289056e-02 3.729205703951017463e-03 -4.143111410674715257e-03 -1.209943775436753870e-05 -4.756720953815199437e-03 2.995010878090413955e-02 1.162814878351685300e-03 -2.380919147975540592e-02 1.587203379350700513e-03 -5.521578833167576673e-03 -8.757374733620783280e-02 5.041751850594900636e-02 -1.601181937515709294e-03 2.742608374526011791e-02 9.578432790210873737e-03 -7.853665296709307422e-03 2.203492111703882900e-02 3.218496607671145118e-03 2.030479502139658377e-03 -1.054793091274342301e-02 6.149680564149272253e-04 -7.829022425500773222e-03 -1.019972629958121324e-01 3.607905131784083091e-02 -1.249574964871038793e-02 2.057024146438877349e-02 2.317603111339659391e-03 -6.638204710065681363e-04 3.117488128339914073e-03 1.504257526150067428e-02 1.496342251952975308e-02 2.517502546327464452e-02 -4.216820609537212661e-02 5.019717231288327829e-03 5.518044011033151897e-02 1.115659897736470847e-02 -9.158920011856655496e-03 3.437760318617712890e-02 -2.365137081463910499e-03 2.113734660362402012e-02 -2.926937884301457002e-02 1.037423921534144297e-02 1.998367810444660192e-03 2.611770222883356279e-02 -5.888778872758536342e-03 -8.596424542287602706e-04 -1.843821024143146728e-03 2.562958028232205799e-03 2.252383505140032396e-03 1.966249122248497905e-02 3.896261689151222021e-03 1.746979986309758759e-03 -2.000709247510942227e-04 2.118481624060693236e-02 -1.123137386453536670e-03 3.614087882955037629e-04 -2.542399940368636349e-04 1.346634627476508798e-02 -4.591634024049641438e-03 1.505905510919809849e-02 -7.550894203566063147e-03 -2.520096730962992013e-02 4.320273712217621159e-03 3.093073727002751752e-02 -1.258271955348501912e-02 -5.609237743529638673e-04 6.531662189532586819e-06 2.100227564742422615e-02 -6.903169680439922955e-03 1.120959246435913881e-02 -8.158715843801239362e-03 -4.132428632729941848e-03 -6.910809215856804182e-03 1.243032920163197885e-02 -2.043926782418869006e-03 1.551951764196497774e-02
0.000000000000000000e+00 0.000000000000000000e+00 0.000000000000000000e+00 0.000000000000000000e+00 -4.905327212672585640e-05 4.089938759925414364e-04 7.874099441274551531e-05 6.207854099275688861e-04 -6.108641248753637638e-04 7.240240409182130236e-04 8.232945836543462841e-05 9.786978634931878392e-05 -5.214133220009062753e-04 7.128486201441710168e-04 3.150110037135787303e-04 8.769664347713466025e-04 -3.656491270956680915e-04 -4.520256920050167619e-04 -2.643882753363772909e-04 -4.085383628345534831e-04 2.512508064409700549e-04 1.644936107502220830e-04 -9.302180820476292330e-04 -2.852821476218976538e-04 -1.652291366430196258e-04 4.831198200826730010e-04 5.328471455899586300e-04 7.215817031455297589e-04 5.200889950828672731e-04 5.082905319331761096e-04 3.108359542513385119e-04 1.980745793047620964e-03 1.435115324994521953e-04 4.713895712444856646e-03 9.061737980586953805e-05 6.689605260673059470e-04 -1.747613193004776732e-03 3.151436695855048143e-04 -3.508214067720702586e-04 -3.605460495057580261e-02 2.234693540032206723e-03 -5.952896451332155515e-04 -5.621457117666304494e-04 -3.406019362727205949e-04 3.014603563551518118e-05 6.306037200494546109e-04 -1.391845446081829956e-03 1.496924235569980360e-03 3.462807826864946342e-03 1.043952166531678539e-03 -1.002455704193506427e-03 3.268500766752582137e-03 3.781753224404310891e-04 -2.708408035868869221e-04 0.000000000000000000e+00 0.000000000000000000e+00 3.295664482046879208e-03 1.837940987421976795e-03 -8.701074054359810754e-04 3.785460972939411368e-03 6.394415043110470570e-03 1.111228159663286801e-02 1.397325820767628644e-02 -3.465069038746439525e-03 -4.997918030579613993e-03 8.965230795034541053e-03 -4.686235522705386970e-04 8.146580430051706539e-03 2.674112159790559880e-04 -1.580322865372069466e-02 -1.951132112971761890e-03 -8.776617899259266456e-03 -3.770478475945738400e-02 2.082346479818258239e-02 -6.276356190662599286e-04 8.900316663334840311e-03 7.190722062737326704e-03 -4.639101358423677532e-03 1.201139321736808749e-02 -4.230911859900282450e-03 1.146796382581794643e-03 -7.299859288803227549e-03 -5.545450494407953542e-04 -1.189736294793784267e-02 -4.473832133663977612e-02 1.386196513410900902e-02 -3.199846255345326160e-03 4.890427201497868012e-03 1.043723058148784272e-03 -2.450261498357180195e-04 1.706868220709976828e-03 5.295268192724473209e-03 9.607877370891380886e-03 2.995941358449798197e-02 -2.437521933818777298e-02 -5.895711646233306111e-03 3.587315578606162236e-02 -3.218852206658322310e-03 2.961065546875296921e-03 1.332975213170467521e-02 7.709202853315639571e-04 5.821404772961629240e-03 6.130031643622294545e-03 3.657177802462049075e-05 2.628697246023113925e-03 7.783876917929486230e-03 -3.485479551180579137e-03 -5.534004370588952240e-03 -4.292143033234413485e-03 -1.041860364332075064e-03 -2.975372672675900224e-03 -7.983052757713329827e-04 6.395488982335413054e-03 -2.436669664447194995e-03 -7.208412961284728880e-03 2.921469332399995004e-03 -2.433485763202291718e-03 -8.444144089328238165e-03 5.877093232024016220e-03 4.310273267324783719e-03 1.186701047009394716e-02 6.024548401886628372e-03 -2.210958173550141119e-04 -2.982656435731213806e-02 2.430816684575395643e-03 1.007646155380490481e-02 -5.900417068967038492e-03 9.027602342127007302e-04 3.485127414141438781e-03 2.205802643095239150e-03 -8.240687291227824854e-03 7.765573799403973146e-03 -4.461137553363836092e-03 -5.430659757913680608e-03 -7.222285179500300203e-03 -2.308694523320488964e-03 -4.514001042421792549e-04 1.042686425110803464e-02
0.000000000000000000e+00 0.000000000000000000e+00 0.000000000000000000e+00 0.000000000000000000e+00 3.523390376788244319e-04 4.056490898813607145e-04 9.160121252438182572e-04 1.777106719699151922e-03 3.574862492776847370e-03 4.180345411776873149e-04 1.994547163957543449e-03 -1.605729651713585192e-03 1.445205842445303375e-03 1.082463897349377185e-03 3.958317722892139962e-04 7.121893130147298120e-04 -1.199035171444426569e-03 3.797218893224440367e-03 3.747101232855458300e-04 -6.959314383608078327e-04 1.634339365884785638e-03 -2.205524143963907141e-03 1.547142260868397028e-03 1.057401359535368405e-04 1.963849699766593345e-03 8.099566287858248623e-04 -1.107755366054859392e-04 -7.221224475581842616e-04 -2.882887931694835641e-03 5.091103354480829490e-04 -4.387323610199483112e-04 2.811262044344098408e-03 5.149382180050239403e-05 6.975195412541269381e-03 1.666320149928782494e-04 1.068920563419776116e-04 -7.845639673677495471e-04 3.981177750936516660e-04 -1.449642333841177477e-03 -3.513978195109829228e-02 3.832371853490888856e-03 1.776343262104619364e-03 -4.490029534072220892e-04 -9.834709761704946585e-05 -9.043745890244531257e-04 2.808630331871377929e-03 -1.021618385018442307e-02 1.315738008317128994e-03 -1.547688096743598390e-02 1.721122770386568617e-04 1.016577155822928624e-02 3.188350415145850374e-03 -3.887633186690148124e-02 -1.864121831091159051e-03 0.000000000000000000e+00 0.000000000000000000e+00 -8.257661674192156437e-03 1.537461951244720355e-02 -1.004744834601920336e-02 9.950922014256673165e-03 1.158229414815192815e-02 3.729205703950546919e-03 -3.465069038747667710e-03 5.537415294745800382e-02 8.139157785438809641e-04 -4.668918525642652001e-03 -2.061971192161846447e-02 2.323425136608562452e-02 1.349498418593188948e-03 4.121090960523166209e-03 2.160211443697202666e-02 -3.393114011220542750e-03 -3.918398688098945898e-03 1.882718073088798100e-02 -8.632503323860314355e-04 1.862332889708160841e-02 1.358127792540576514e-02 -4.790779504500976803e-03 1.581309153481264690e-02 1.216837554902091244e-02 4.705381395569613106e-04 8.217228361607424592e-03 1.543739143371348176e-02 -7.811261347477509772e-04 -1.033949055811445167e-01 9.776963213984224063e-03 -2.727594716568789573e-02 1.049371339572510720e-02 -3.282987578025269807e-04 -2.283698692977691798e-04 2.474223685795085871e-03 -5.510024130904251499e-03 8.100538277516737898e-03 -1.142269120250546770e-02 -1.802244206021463846e-02 3.743834339084666646e-02 9.778652195570461392e-03 2.963278688248481910e-02 -1.853791658509285414e-02 4.737160765565385373e-02 -2.739332042466282365e-03 2.311788161724566068e-02 -2.196802234528991843e-02 8.247408740455711845e-03 -7.836329143762145802e-03 2.296771552276781828e-02 -8.883237775856235585e-03 1.249052542069959727e-02 -7.549460698357433538e-04 4.524530975263402720e-03 -9.788099368425189420e-03 -1.713382941722435548e-02 -2.146415882821169942e-03 1.610256947950430145e-02 1.891176627488082296e-02 2.981319150946049393e-02 -3.124705147608142480e-03 2.791566245688091238e-02 -8.024238931306104661e-03 -8.318298634990142076e-03 -1.793845161985484910e-02 -1.786598937818813237e-02 -5.431354895630289767e-03 6.756132663480220180e-03 -4.203889120877877736e-03 1.180351554747356875e-02 -1.110051835943603148e-02 7.747854386158257479e-03 -3.556113849383814654e-03 2.258645332547367865e-02 -9.732920213800637724e-03 -7.413853551116039720e-03 2.501966049420319615e-04 -2.261850052416154028e-02 1.395040399782709536e-02 6.407469024266224285e-03 8.013027121473108305e-03 -5.771525451885415811e-03
0.000000000000000000e+00 0.000000000000000000e+00 0.000000000000000000e+00 0.000000000000000000e+00 -3.686883814538293840e-06 -1.955068852328623226e-04 -1.470110939451235233e-04 -4.478505929890475848e-04 2.752500052946158697e-04 -1.053101925032650385e-03 3.750088554570062019e-04 1.707566649509527313e-03 2.130342476945650476e-04 -8.782559745335493306e-04 -3.979484564623365895e-04 -7.767232539344828129e-04 1.704423184444829196e-04 1.994897701739060340e-03 5.454564687805802618e-04 3.051951102095416552e-04 1.755958697331604795e-04 -5.599548254793554293e-04 1.192710888436496284e-03 4.331030931263704967e-04 1.353870237333647979e-04 -7.846151429162318090e-04 -5.906359297023587715e-04 7.587756182926731893e-04 -1.520044240468014334e-04 -7.913871060416379855e-04 -3.175817391843248003e-04 4.348519734988079205e-04 -1.239793518607605800e-04 -2.523718363621253215e-03 -6.166422047733654014e-05 -4.310226759992675030e-04 1.269869503113640668e-03 5.012103875618083640e-04 -5.676036583093896598e-05 2.997358970727953542e-02 -1.422442846717125774e-03 -1.310649504843596934e-04 1.216388968560669706e-03 -8.625362308784603760e-05 -4.551418074643095524e-04 -7.263413942652288127e-05 -3.132471363306738379e-03 -1.399224316503691872e-03 -8.076072131067335916e-03 -7.804606499357457034e-04 3.088212290847838336e-03 -1.772412183054400750e-03 -1.401084914842653899e-02 -1.591424028576673120e-04 0.000000000000000000e+00 0.000000000000000000e+00 -1.193918351281275962e-03 -2.098652841633870132e-03 -2.514418035300179915e-03 4.614150206854527128e-04 -1.215952577723788475e-03 -4.143111410675056130e-03 -4.997918030579880273e-03 8.139157785431259257e-04 7.843986306347481077e-03 2.937844281986773127e-03 -5.013367154939117436e-04 -2.270486297991134318e-03 3.742791630649483026e-04 6.292485733479962536e-04 7.633544362384597944e-03 2.439403815698708376e-03 -1.307774819754771098e-02 3.669581363170586804e-03 1.146219987200968512e-03 -6.090177589489602535e-03 -1.371585566635816862e-03 4.780155215499363487e-03 -7.116403215076852473e-03 4.619048495542199886e-03 -4.119541778182740145e-04 -3.821664901352002375e-03 6.132267262759002330e-03 5.924040535341220347e-03 1.099680942793761912e-03 5.226463221932645641e-03 -1.156418849806633902e-03 -1.172429743269195980e-03 -6.755477237951338287e-04 1.461816148776889143e-03 -1.038531312897755321e-03 -5.213100177617824987e-03 -1.125990580743878137e-02 -6.538656063787037613e-03 1.452732098419455380e-02 4.339383257046447971e-03 -2.457061260007890879e-02 3.662794363366402104e-03 -3.741600454060048115e-03 -1.454657832449244431e-02 -3.509662014593985615e-04 1.483229558060618304e-03 -7.793724769791248244e-03 -6.006795577287022542e-03 1.604518928115472370e-03 -3.512698945468655052e-03 1.466972812130650254e-03 6.103142099393736066e-03 -3.807259561051604384e-03 -1.381725293026135300e-04 2.630372751635572971e-03 4.963589471413332871e-03 2.807427953367818210e-03 -7.947805366683019512e-04 -3.128889908482175922e-03 -1.912017535641074260e-03 3.206144398273270014e-03 1.166687610364161359e-03 1.355874456464297752e-03 -4.947761792304767106e-03 1.378117882847961504e-03 -3.232449556453434632e-03 -5.942411411365028937e-04 -2.391755676141311959e-03 -1.278103062887976779e-03 -3.327941301786253381e-04 3.293196289374179103e-03 -5.946598426328631023e-04 -3.703581653664482411e-03 -6.397461455339048704e-03 5.046208437279190231e-03 2.604833752233770040e-03 4.902211418406615846e-03 8.852292824777155747e-03 6.281671844050347800e-03 1.172894531190401927e-02 -1.400506638166870623e-03 3.134625681651282986e-03
0.000000000000000000e+00 0.000000000000000000e+00 0.000000000000000000e+00 0.000000000000000000e+00 -9.483771968181098008e-04 -1.111750977561997821e-03 -2.289501483158115289e-03 -2.368354792401492544e-03 -4.241613325875757783e-03 -4.129675139428963353e-03 2.701584902071268687e-05 9.928330037929712290e-03 -3.185315617216116953e-03 -4.307230221910497356e-03 -1.971319071352325546e-03 -3.493193019144876128e-03 -7.115689668589215804e-04 9.199788962984603927e-03 2.012700822258755955e-03 -5.871996295438281464e-04 2.043656205116808986e-03 -2.742792297177512172e-03 3.417132102838958078e-03 9.786402920339829555e-04 -1.097353528801621979e-03 -3.908777612572950262e-03 -6.565304463188465769e-04 6.138104868369544803e-03 4.579078591495579394e-03 -4.251649770989181058e-03 6.691436813931757972e-04 8.525853395905612017e-03 -6.091562386302039420e-04 -3.760467841789865220e-03 -3.335060587733641745e-05 -3.848256747535542133e-03 -3.996463390404584974e-03 2.874025219217419495e-03 -3.341353227883000696e-03 3.809849672067512627e-02 1.911150589923801130e-03 5.245513850268793566e-04 2.760017725306955147e-03 -4.069982224936663897e-04 -3.345233167268020589e-03 2.896737266309910245e-03 -2.211126477707529847e-02 -1.105949932334435951e-03 -3.710780860634736028e-02 -3.922872013061019271e-03 2.065726524850655318e-02 -1.811740207676470040e-03 -9.481825283097630730e-02 -5.698725843205854069e-03 0.000000000000000000e+00 0.000000000000000000e+00 2.937796700163467466e-03 -5.033967269735616090e-03 1.072217719864930778e-03 4.389948120666979300e-03 4.180883197316764312e-03 -1.209943775472269623e-05 8.965230795033949512e-03 -4.668918525643722325e-03 2.937844281987281401e-03 6.475202612199798535e-02 1.159223606284824019e-03 4.882185780092305680e-03 7.149532303236854139e-04 1.867307771326943283e-02 4.725370220846798752e-03 -1.486323563779084166e-02 -1.055272716818059786e-01 -1.479403944813052589e-02 1.950434618332865400e-03 1.406352431900428652e-03 5.195378525037055994e-03 2.878338343802221318e-03 -2.517412949006182787e-03 -5.674934321440095429e-03 -7.969555649221329603e-04 1.617618820267462121e-02 3.056091347985266399e-03 -1.062594338709301617e-02 5.807379127732197055e-02 -1.333274319990518722e-02 5.692971036321853740e-04 2.787285929199456551e-03 2.805186083851681552e-03 6.644034450373471207e-03 2.580286164488553632e-03 3.637474266045378352e-03 6.075195184338636617e-03 2.872856551397076977e-02 -3.389175943070169006e-02 -1.067487863825472214e-02 5.462038731833376848e-02 -9.175743313367025131e-03 -2.705684766653733073e-02 -9.054753568615097302e-04 1.252143497042451734e-04 7.041498985450715155e-03 5.266850726887636891e-03 -1.286652116553835441e-02 9.146367918431846933e-03 2.818592463905505562e-03 9.688803801472943740e-04 8.128687476415501342e-04 -1.838885235233213289e-02 -2.493712761137657167e-03 -1.377409896002558618e-03 1.014548673233769613e-02 1.976368972848215055e-02 -8.027999922908968938e-03 -2.080115850546680745e-02 -1.685734372965029234e-03 6.119317330604491685e-03 -5.586937649289325583e-03 2.242485198075565983e-02 -1.352928096849713435e-02 3.122729444523300937e-02 -2.601099187938743940e-03 8.238488134819437272e-03 -1.283314732867258112e-01 5.858959098889888204e-05 8.298438135769432150e-03 3.858349190927413269e-03 -8.366172736662806663e-05 -3.420023148067210736e-03 -1.001410248824363865e-02 5.933106762796912063e-03 8.096140393003273955e-03 5.424590535288467165e-03 -1.910876304157053951e-02 5.105243819975791020e-03 -1.019095799589435028e-04 -1.538876545939495480e-02 1.500391069026266178e-02
0.000000000000000000e+00 0.000000000000000000e+00 0.000000000000000000e+00 0.000000000000000000e+00 8.442329375218374969e-04 -2.891709713205201072e-04 1.731085798155613696e-03 -1.293634239503611925e-03 3.237782861879139485e-03 1.980958680484078485e-03 -4.972188019520306160e-03 -7.113253259866054827e-03 1.593985428570834657e-03 1.023462808240113231e-03 1.583909728468443434e-03 1.643430219185649859e-03 7.540169363482742380e-04 -1.876042777388013325e-02 -1.273602485751244547e-03 8.586308438693456956e-04 -3.303656390870924036e-03 8.560441080086064747e-03 3.620136956160462690e-04 -3.219766366531229837e-04 1.219521399851618499e-03 2.232980990090389743e-03 2.444821745594563320e-03 -5.324980229221450839e-03 -3.052438307341386915e-03 1.036196219486576128e-03 1.672171567778536934e-03 -1.012597883510099953e-02 4.717048947230105603e-04 -1.125516163423403992e-02 -6.483319376640134203e-05 1.517185385875287123e-03 7.234495380325011576e-03 -1.017637743338998917e-03 2.286243229233532633e-03 -2.484019803985491881e-02 -7.476873220015270091e-03 1.206093136895728356e-04 -1.091553477508438921e-03 1.660172760083662583e-03 2.654181462287162358e-03 -7.154181030395492455e-03 2.490318571567048250e-02 4.049562436036490375e-03 2.884718333259881501e-02 3.909476044097249560e-03 -2.410065038155475431e-02 4.793291871042360507e-03 5.914051417910039937e-02 7.976301297335255253e-03 0.000000000000000000e+00 0.000000000000000000e+00 8.458926755278340162e-03 -2.433637386778149218e-03 4.164832419014991016e-02 -2.122146673845777889e-02 -4.798245943485721088e-02 -4.756720953814461313e-03 -4.686235522700793747e-04 -2.061971192161668812e-02 -5.013367154947550360e-04 1.159223606281823814e-03 6.159175554831321231e-02 -2.259476894825585350e-02 -4.888743039708073716e-03 6.252501944177972504e-02 -1.227154105132170249e-02 -1.841408195316544469e-02 1.311601911528099962e-01 -8.099811001551926459e-02 2.007734129089002242e-02 -2.091072767861089365e-02 -3.953777635495560154e-03 2.177393612385912936e-03 -1.887000846286051442e-02 -3.668985964756934105e-03 1.913002417957165423e-03 3.065706736965965323e-02 -8.663807504047825112e-03 -8.795248033655516176e-03 1.157572048414103744e-01 -5.005667812246800130e-02 9.051647323902617392e-02 -3.412573632002537886e-03 1.775129108217286334e-03 -6.071715390528157653e-03 -7.882935416005154572e-03 1.582678655671955481e-02 -1.882852871589339727e-03 -1.853710048607533703e-02 -6.454974174125232070e-03 -4.438287954475887004e-02 2.352162991045304852e-02 -4.007227287389048681e-02 1.542472960051646108e-02 -4.633258735056312860e-02 7.316453688733503061e-03 -1.330026860489545368e-02 -3.709713244004571222e-03 -2.716690574638491035e-02 3.524695293470928720e-02 -2.515126805473895388e-02 -5.838742039261573223e-03 -7.127681939240720216e-04 -6.324952917934313634e-03 1.365221280025928890e-03 -3.499458591854321191e-03 2.761639801113295253e-02 9.847741276077476985e-03 -4.643584948414415658e-03 -4.179584412221159367e-02 -1.997208012275001818e-02 -1.217071572904611550e-02 -2.540652186973379675e-02 -4.189569995559953787e-04 -6.392061129201634731e-04 1.525199651902627018e-02 9.567355243707081902e-03 -1.192103344680322174e-03 4.475247534849782077e-02 2.319241191098643518e-02 -2.467607546237313154e-02 9.227062105909147188e-03 4.391610626234052246e-03 2.203336921731292516e-02 -6.175329046542237313e-03 1.844477554664012905e-02 -1.311200591081499930e-02 3.391883212306314507e-03 2.718169303938047787e-02 1.240299535276323962e-03 -2.569324684326214012e-02 -9.742309360027257351e-03 -2.511551318513518399e-03
0.000000000000000000e+00 0.000000000000000000e+00 0.000000000000000000e+00 0.000000000000000000e+00 -6.273118835222749523e-04 6.901701629452975956e-04 -9.886870810902879426e-04 1.533707873995912357e-03 -2.945189812703333850e-03 7.234478358985319251e-04 1.689319837098216155e-03 2.724249320846600791e-03 -2.184137219648263177e-03 4.855414153369879251e-04 -1.152432152567765605e-03 -9.193498303332781237e-05 -1.363593974495313620e-03 1.135118331935761060e-02 7.653729747038958862e-04 2.146080689110563613e-05 2.524778554265865067e-03 -2.824225227613418217e-03 1.423239513562317860e-03 6.428715014866151923e-05 -6.601519276390144199e-04 1.095023277829828678e-04 -2.369470036273127445e-04 3.130136981235861603e-03 2.524389518660406437e-03 6.810003623181379133e-04 -1.220029867272081486e-04 6.907939236232108621e-03 -2.689494711092262720e-04 1.250493101803165641e-02 3.058198294903774614e-04 5.602877150489061781e-04 -8.350208154952696096e-03 5.470408550882033087e-04 -1.220619200702976852e-03 -5.224664632049670632e-02 9.467133076252352494e-03 -2.317471092030403031e-04 -1.006120781676939210e-03 -2.124189322889905203e-03 -3.574548453741771027e-03 6.107684575772029389e-03 -2.881913903326967924e-02 1.483218853745869913e-03 -4.307406354679556293e-02 -1.965288645623883279e-03 2.210004375110513272e-02 5.632036553598167294e-04 -1.030008121808786148e-01 -6.280564632291864464e-03 0.000000000000000000e+00 0.000000000000000000e+00 -5.774845208960739142e-03 1.288318927037083138e-02 -1.219045511112484131e-02 3.097491092377959235e-02 2.410671289738606712e-02 2.995010878090397302e-02 8.146580430051588578e-03 2.323425136608535044e-02 -2.270486297990714514e-03 4.882185780093066356e-03 -2.259476894825926049e-02 5.771210441454733414e-02 3.320939566001137634e-03 -2.188064840371911970e-02 1.032624929332277494e-02 3.810669601953906461e-04 -1.946682806405743427e-01 6.354495174720170558e-02 -4.338723412534246406e-03 3.734032898904603159e-02 9.150806940635641470e-03 -4.064013450205499617e-03 1.133697887460705100e-02 1.068318780786099535e-02 8.831623673391234735e-04 -1.393284163935058946e-02 6.133487002033715177e-03 1.767595168529279351e-03 -9.860562285994818599e-02 5.172173351328310242e-02 -4.432377097820752732e-02 2.819588405630295974e-02 1.707692575716108921e-03 2.353475068767169314e-03 7.738843902254703699e-03 1.310761094175970018e-02 2.733925020696491293e-02 3.820685025591084166e-02 -8.240674863302557829e-02 2.515558460493395876e-02 1.023562868177557428e-01 2.739726912994715907e-02 -4.917524597924294305e-02 6.724648379460206049e-02 -5.859112187155228468e-03 4.686141810133352681e-02 -3.938160808343751235e-02 1.123262047677807754e-02 -1.069580807270401578e-02 5.159948558410852593e-02 4.055062206517037748e-03 -1.770859852941683707e-03 2.342371173607004850e-03 3.352176054030651486e-04 -8.816346232953854202e-04 -2.655878460010885692e-02 6.600079009922842511e-06 1.588197951429814233e-03 1.347121182050243539e-02 4.414278891051357651e-02 1.067914709606473250e-02 1.185354016483791684e-02 2.855501269858400689e-03 9.810165088603283595e-04 -1.048692930053876822e-02 -1.312423566824574145e-02 4.088103334959267404e-04 -9.219517187842317385e-02 -4.264468776737951293e-03 4.535723381332100457e-02 -1.169623061102914412e-02 -1.782027653589036455e-03 -9.213704987404756561e-03 2.887005610240420128e-02 -2.046586110852574060e-04 7.175066975266830745e-03 -1.841772085875595030e-02 -2.257498760440159249e-02 5.139081726113237450e-03 2.682681572447226034e-02 -3.366552300942135881e-03 1.006537164778144484e-02
0.000000000000000000e+00 0.000000000000000000e+00 0.000000000000000000e+00 0.000000000000000000e+00 -1.975531355318621790e-04 3.806387325792587404e-04 -3.689000714776654428e-04 5.390312290668853971e-04 -1.358152248949388071e-03 1.859043096193372497e-04 1.149066869137844668e-04 1.443513242761549579e-03 -6.755197456143691506e-04 1.633031413045213387e-04 3.805153324939354045e-05 1.094716469903649547e-03 -1.374876128924526031e-04 -4.451256692843336745e-05 -2.884086832220316646e-04 -7.303172115897958901e-04 -2.859359673895928221e-04 -1.333227275983889367e-03 -1.600457776507524521e-03 -6.871297773508758082e-04 -6.504489331726658529e-04 9.202145404670938856e-05 5.367172259657474744e-05 9.514819672184709034e-04 1.079280655710617050e-03 2.548263235656076731e-04 3.057116501556517965e-05 1.455836085848516079e-03 -1.017101526493942375e-04 1.615740926729330486e-03 -1.247589957935800952e-04 4.538905380270697614e-04 5.729758530801161865e-04 -2.695897131224343508e-04 2.826556703833351444e-04 -9.078003809643488825e-03 2.706266687853769526e-05 -3.401305936728148040e-04 3.327532679855746260e-05 1.488338570922627831e-06 1.395104550206277766e-03 2.909246608582906173e-03 6.619988912759221765e-03 -2.575712971488497687e-03 2.272170659767190626e-02 -2.159888553579489105e-03 -8.764380956213412704e-03 -2.516280117310179445e-03 5.282746357110146979e-02 -2.503566232767009264e-03 0.000000000000000000e+00 0.000000000000000000e+00 -1.158497514876634252e-03 -4.075504447017154063e-04 -4.239908474167361323e-03 3.051815088102587115e-03 5.562693885136562634e-03 1.162814878351510961e-03 2.674112159790312682e-04 1.349498418592999212e-03 3.742791630649679809e-04 7.149532303240918813e-04 -4.888743039708052032e-03 3.320939566000678366e-03 1.539081273047876279e-03 -3.688417870768323590e-03 5.509296065868903546e-03 2.101145232213798980e-03 -7.496312800187321379e-02 6.421002194551056128e-03 -2.137862020263671305e-03 2.198426405076752375e-03 3.186705175874130977e-04 7.399803020131434433e-04 2.294359520797360687e-03 1.036878413225803160e-03 -6.312993020806306798e-04 -6.420974965866175534e-03 2.720585140935889452e-03 3.020838568395882093e-03 -2.905174865640351017e-03 7.637167225558949384e-03 -9.698064634883020452e-03 1.173169814638556864e-03 1.531339804041047009e-04 1.009195681641868875e-03 8.828725839834844404e-04 2.597015924149299231e-04 -2.036065050338192912e-03 5.032887980933469646e-03 -5.503147197361483826e-04 1.901063502674137486e-03 -1.658243365850839857e-04 1.963518469239060836e-03 -2.277307759914999532e-03 5.272741479396020337e-03 -1.316601542740695411e-03 1.754529017083534788e-03 -6.629536358785074676e-03 2.183477316376978509e-03 -2.395951229222997251e-03 3.596697690171678317e-03 1.660701030204872345e-03 -2.001291708534426754e-04 -1.868820300311805575e-03 -1.107020946789865051e-03 2.561395810277429953e-03 -6.800410438182744217e-03 1.994530339195931326e-03 -1.752345796041317703e-03 2.026714252815948938e-03 2.812873164699172725e-03 3.462241750855909583e-03 2.996027654732273671e-03 1.437143671636230890e-03 -3.099106412766083809e-03 -1.523805166239856337e-03 -3.937514247564882254e-03 -1.171722101038416146e-04 -3.653023674847887675e-02 -2.373710817280344325e-03 3.772130849198059802e-03 -2.958731168585803663e-04 -6.413540204468089721e-04 -2.680872589544941887e-03 -5.680779361679538699e-04 -1.672180940730223862e-04 2.389994411991205360e-03 -2.074557895359084927e-04 -7.801248434652768848e-04 1.029261762295115767e-03 6.602730753834600876e-03 -1.191433589193015979e-03 2.065617862612712657e-03
0.000000000000000000e+00 0.000000000000000000e+00 0.000000000000000000e+00 0.000000000000000000e+00 4.490471853190762183e-04 7.122870144466237263e-04 3.378471746836354556e-04 2.315453781028313941e-03 2.238836819697255509e-03 1.046791258707694631e-03 -1.433704464419285202e-03 4.860236922430960483e-04 1.355734448310316103e-03 2.112543406210068333e-03 1.007902630213087635e-03 6.041123640437736503e-03 -7.158960739577024479e-05 -2.234724418351077824e-02 2.634702505748527743e-03 -4.429409079266075078e-03 -3.782537206983632369e-03 -8.128017511189924993e-03 2.401787454176348719e-03 -1.953589804444917730e-03 5.765245276499286579e-04 1.095225564157195370e-03 1.719619756492342865e-03 5.069469601044866713e-04 -2.659575465729755936e-03 5.474714002052108799e-04 7.855598125535267606e-04 2.384200994633094151e-03 -2.788337835474553579e-04 6.391065135402974884e-03 -9.799592975647749855e-04 5.836502033781078985e-03 1.500861045051038109e-02 -6.205276627249897876e-03 -5.543051685255295444e-03 -5.358977968403157155e-02 -1.615833806765124003e-02 -8.646674371731553552e-03 1.244629572881170848e-02 -1.269832423406335419e-03 9.360165134288868372e-03 6.514259650930500148e-03 5.781535009549090137e-02 -6.726078498279197335e-03 1.423683636656195017e-01 -3.095883294495768712e-03 -4.192173209619336205e-02 -6.821717361035047056e-03 2.883007301558340729e-01 -3.734846683313282692e-03 0.000000000000000000e+00 0.000000000000000000e+00 5.416027877461538666e-03 1.435743070185921573e-02 6.206763743612082884e-02 -3.228498599127169882e-02 -4.611688619217903934e-02 -2.380919147975437550e-02 -1.580322865372087160e-02 4.121090960522540841e-03 6.292485733485578703e-04 1.867307771326776403e-02 6.252501944177558946e-02 -2.188064840371418962e-02 -3.688417870767638808e-03 7.877599548096333448e-01 -2.447569709078811773e-02 -6.519224551887645158e-02 -1.422846391939013577e-01 -8.193992093474472549e-01 3.423722293998362337e-02 -3.082431159271440194e-02 -2.762524572167379157e-03 3.780913778122536786e-03 -8.115439866624933607e-02 4.310858927754782771e-02 -1.694014094956587321e-02 2.409118343265142514e-01 -2.396970158243184185e-02 9.447328273670164284e-03 1.008674539310654872e+00 -2.954019780503326920e-01 9.661971679374262156e-02 1.536954252430658722e-03 4.266053612097628236e-04 -2.943394711842473965e-04 -4.455274610916186082e-03 7.799146505085981229e-02 3.482526897492030371e-02 -6.904815682248946485e-02 1.008453470449572611e-03 -7.969916745567705296e-02 8.059320908043897391e-02 -1.009461797775071945e-01 -4.575802669740855477e-02 -6.213887770556294349e-02 -6.946455506229020326e-03 -9.099219626675271108e-03 -1.865843898505984977e-01 -1.952675828060798299e-02 3.224379938710120880e-02 -9.003753425958320455e-03 9.905610827587410516e-03 -1.782225230332024415e-02 -1.424458240846656829e-02 2.710951033838740910e-03 1.518992723019977481e-02 -4.518618381536313594e-02 2.443389248878241604e-02 -5.370840233848182994e-03 -2.978142625618786232e-02 5.636705386403379446e-03 1.547553343842887966e-02 -5.572089894189515002e-02 2.140573615687544132e-02 -4.602397875124426135e-02 5.603661388149009477e-04 -6.054835686266408362e-02 2.763192396095572392e-02 -2.207522739729368688e-01 2.079805091325879346e-02 -3.952094218799385994e-02 -5.270427278240548928e-03 -5.887813112575464997e-03 1.439600720017530401e-02 2.526920235834003228e-02 4.710110311250841758e-02 -8.419618648322732546e-02 -1.977311290055878881e-03 -7.022899250216201039e-02 3.034838073518214205e-02 -1.027755172668249062e-01 -2.341221236177150680e-02 -5.749001881274656139e-02
0.000000000000000000e+00 0.000000000000000000e+00 0.000000000000000000e+00 0.000000000000000000e+00 -2.268510599335605291e-04 4.319746869710724838e-05 -6.820486847836050234e-04 -4.110642265864392205e-04 -1.882027949763777483e-03 -9.291727270921647155e-04 -1.773695846138204904e-04 4.142199863544616945e-03 -1.391552122396255784e-03 -1.158923317079197605e-03 -7.354809382611497085e-04 -3.359192660534856189e-04 -8.475276985637719782e-04 2.587468438405996288e-03 -1.027866695455427622e-04 -3.187496791896349876e-04 1.194267675846462503e-03 -2.715030088130421584e-03 7.117214553798252227e-04 -6.637359462035316918e-07 -4.392475014832640176e-04 -7.382488640515560497e-04 9.730643381077927056e-05 2.734992979536163011e-03 1.923011562720010423e-03 -8.638061666462982721e-04 4.552378336182515139e-04 4.142370293644711231e-03 -2.965023754522618112e-04 3.749443144947183469e-04 -2.565783012602124505e-04 -4.657914226568990218e-04 4.074883710159888858e-04 1.851635879757115161e-03 3.279625654804361329e-04 -9.040932962316304555e-03 -2.809489622723078915e-03 -7.370377650150540831e-04 1.457943542831788373e-04 -2.067020347319955924e-03 -1.964190872229639850e-03 6.062086497073321256e-03 -7.668153433311312647e-03 -4.467277350406439508e-03 -2.881652317736485905e-02 -6.072374543650293360e-03 1.393405333160020743e-02 -3.491997940938555527e-03 -5.489849758323774725e-02 -6.335877474410184923e-03 0.000000000000000000e+00 0.000000000000000000e+00 -7.259658252909386572e-03 -1.031401540439436191e-03 -1.204338745228111796e-02 9.054484272410215709e-03 1.580703351377395899e-02 1.587203379349159428e-03 -1.951132112972495461e-03 2.160211443697074990e-02 7.633544362384961368e-03 4.725370220847864740e-03 -1.227154105132200260e-02 1.032624929332132818e-02 5.509296065869299062e-03 -2.447569709079372435e-02 9.064530191329821240e-02 9.937725081491786960e-03 -1.214901191694899435e-01 4.265106164572326358e-02 -3.626456504037707095e-03 1.265954770565461823e-02 1.771664404559616934e-02 6.330141543638956834e-03 2.625419542904612602e-02 6.627763859234668715e-03 -1.131700527820380308e-03 -1.967187089021618304e-02 4.370923962902007603e-02 1.959131422041410914e-02 -1.132198859817850206e-01 2.454400906727052453e-02 -2.634003393088462860e-02 6.975869771720402852e-03 1.292999227683767427e-03 2.873608838426799060e-03 -1.016843672842892426e-03 4.985530862268971672e-03 -2.113477000961337324e-02 -1.103039571128852994e-02 3.001329937837184797e-02 6.685772425721803712e-03 -5.515090713016254642e-02 5.232330202920044797e-03 -7.109901600218846915e-03 -1.436007702850106149e-02 -2.434271315054288651e-03 1.778915295715506606e-02 -2.800392326431049711e-02 -1.135730031013187404e-02 3.467933406993074525e-03 1.221025206614370466e-02 -2.788901679528279446e-03 7.565960176433710570e-03 -2.167337739916542008e-02 -4.050087093309101723e-03 2.351443253123809609e-03 -5.386188345341940895e-03 1.647056064922458249e-02 -4.100798038177369369e-03 -1.227790796766088655e-02 1.413236374314201863e-02 7.708274856071563666e-03 5.699850146760115574e-03 1.001705851254218980e-02 -2.178998996471187555e-02 5.909578602671847723e-03 -1.088304592374517328e-02 -1.016680546940506788e-02 -9.194259496421769429e-02 -4.429251862031879407e-03 1.852063304116301212e-02 -3.509181037007994973e-04 -4.803541682491116395e-04 -4.702431221708536918e-03 -9.547997607900961248e-03 -1.222630735031914398e-02 1.606099460884822389e-02 3.511929799277734715e-03 1.277654775871851257e-02 7.386562565706132275e-03 3.486279532982924229e-02 -8.400541076931375417e-03 1.820778903933796544e-02
0.000000000000000000e+00 0.000000000000000000e+00 0.000000000000000000e+00 0.000000000000000000e+00 -4.907548902747775480e-04 5.686216103103951605e-04 -1.178866767656108587e-03 9.327374977064701103e-04 -3.119477932838882802e-03 3.148952753081146706e-04 2.346770746197670253e-03 2.616658289272153111e-03 -1.404564067939663300e-03 3.879659137920753089e-04 -9.931479688648089076e-04 1.020404104468716593e-03 8.826707418196220100e-04 2.674070685475624359e-03 -1.263250094699338712e-05 -2.044466346794138970e-03 3.509877586866596991e-04 -1.852345792673713160e-03 -3.159278080599281762e-03 -2.018649147282827608e-04 -1.627463625462372866e-03 -1.649488283943926809e-04 -1.823872898365129502e-03 1.504874614395908510e-03 2.666120639016540325e-03 9.080217293010773866e-04 -9.131518656112308724e-04 2.985175962593344945e-03 -5.643437564076146315e-04 4.413270384878545220e-03 -3.549496327205459254e-05 1.913741463751383052e-03 -3.573874723031994841e-03 -4.183978589957305428e-04 -1.282645900374349088e-03 9.755743282255990162e-03 5.521853048267833484e-04 -3.887658910049409961e-03 9.446855798337603369e-04 -8.792907954804128970e-04 -3.431122938724761760e-05 7.460112890125287360e-03 1.558276845931004431e-03 -9.011094795604489283e-03 1.379663184651469185e-03 -5.899837899251168111e-03 -2.984067299870651283e-04 -7.956248720009386280e-03 2.819106088572263455e-02 -6.513271366886614136e-03 0.000000000000000000e+00 0.000000000000000000e+00 -6.156812840589847083e-03 -2.390352264399814644e-03 -1.344594276260841804e-02 5.971425618137516690e-03 1.741852231772696158e-02 -5.521578833165175816e-03 -8.776617899258635017e-03 -3.393114011219660643e-03 2.439403815698315027e-03 -1.486323563779091798e-02 -1.841408195316977109e-02 3.810669602007314260e-04 2.101145232214577004e-03 -6.519224551889338248e-02 9.937725081490962967e-03 1.586950738392813864e-01 -8.313998549116158321e-03 1.636025526051432949e-02 -7.802893436488086108e-03 6.899740396925544209e-03 -2.332145868706240717e-04 -2.300112056433492418e-03 1.113287600495695313e-02 1.150642706347180036e-02 -2.702760470636715595e-03 -2.496788589718368714e-02 3.191479518171942741e-04 5.836168034926321468e-02 9.969441031257765540e-02 2.645732651669162241e-03 -2.767654588968456245e-02 4.587586141710216312e-04 -1.717151223688783085e-03 2.273824709598473107e-03 4.463814666916135140e-03 1.992047795137513733e-02 1.539460445628382376e-03 1.181203228985139254e-03 -1.281359278033759874e-02 -2.358768482282743925e-02 4.436935779001838220e-02 -2.543052031166393237e-02 -2.912954522367331225e-02 -1.628791538660672930e-02 -9.487201042451657868e-04 -1.082436377628861676e-02 6.715899695000627362e-03 2.111854079197932055e-02 -7.588899302882326503e-03 -1.684162574248264507e-03 -1.843191543317364723e-03 4.201999698954823372e-03 -9.193206563205776061e-03 2.125735849327347726e-03 -7.034538311567208567e-03 -1.953519833614925094e-02 1.387062821159087880e-03 1.358705449626416116e-02 1.295106240238924795e-02 -1.585913430338446945e-03 5.901660323477059787e-03 1.659158238609514252e-02 -1.595087052875973155e-03 -7.872783456123303575e-03 -3.804570585627045295e-03 -1.245959997572964294e-02 1.682701699149066537e-03 -9.986677837833414853e-03 -8.603948039051994429e-03 3.860677716272555016e-03 1.868735175079566787e-03 -4.022600673032198856e-03 -7.822304086831637776e-03 -5.210236133386883170e-03 -3.533761993942082999e-03 7.086956742696440097e-03 1.064075258097897485e-02 -2.677383689488435940e-04 2.200757325283382929e-02 3.611160079014673341e-02 5.879511592326737597e-03 2.613624697014887803e-03
0.000000000000000000e+00 0.000000000000000000e+00 0.000000000000000000e+00 0.000000000000000000e+00 1.051178819340313833e-02 -3.126032364073615122e-02 1.752955574717004680e-02 -4.476089538864799072e-02 8.152135105410579508e-02 -2.924571175037350354e-02 6.070946027772264331e-03 -6.542914798239794771e-02 3.864666772924902488e-02 -2.643828457842557073e-02 -1.230564163658835058e-02 -9.404801122104484989e-02 7.161538217071560658e-03 6.985532688928995648e-02 2.653862774204275576e-02 5.298638978183650705e-02 3.556204051545928946e-02 6.444785959867145586e-02 1.201292543071890428e-01 5.229497428257942615e-02 4.130709804789158002e-02 -2.144603092644141798e-02 -1.457566066253918741e-02 -4.323068617795443325e-02 -6.009656575760100039e-02 -3.064408313890807159e-02 -6.768020177569107447e-03 -6.735901172299291195e-02 4.319023795558956345e-03 -1.125161259223168009e-01 8.439583497645277918e-03 -4.608027383770745694e-02 -6.500409047679280017e-02 3.399685047203494792e-02 -2.635971716825830785e-02 9.776262453877067049e-01 -1.472150582283660719e-03 2.230661362970668901e-02 4.149130293101715647e-03 -1.472400007928544377e-02 -1.216688511278337381e-01 -1.848181867609589857e-01 -5.916254745960588535e-01 1.615750312899139063e-01 -1.923105328355920518e+00 1.299358311751371287e-01 7.832725142739516144e-01 1.571905889882522778e-01 -4.374482604872845570e+00 1.456838701573887895e-01 0.000000000000000000e+00 0.000000000000000000e+00 2.634286637340810255e-02 1.053706997899788930e-02 1.068636583770358195e-01 -1.392145704399566641e-01 -1.785080216588731672e-01 -8.757374733620584828e-02 -3.770478475945966690e-02 -3.918398688104476196e-03 -1.307774819755006153e-02 -1.055272716818287521e-01 1.311601911528309239e-01 -1.946682806405709287e-01 -7.496312800187322767e-02 -1.422846391938418775e-01 -1.214901191694917199e-01 -8.313998549078552985e-03 5.270636527959631223e+00 -9.646890867671641112e-04 6.596049722714752983e-02 -5.326739674810461456e-02 2.262431731449840097e-02 -7.487738649295593019e-02 -1.778822226468478040e-02 -1.170866413373410631e-01 2.448362521289062371e-02 2.021714321705888606e-01 -5.023750686474577620e-02 -1.336280614272607470e-01 -3.716616424007193609e-01 -2.583607942438296834e-01 3.006492975549376889e-01 -9.179989930355893224e-02 -1.327269129571697834e-02 -4.227478910603904572e-02 -4.578312405566703491e-02 -7.212708194179963395e-02 -6.618562290040402862e-03 -3.609445662182060310e-01 2.846433327932202384e-01 -9.707437519760430192e-03 -4.939873413797287727e-01 -2.652583319213899435e-02 2.574183335384547244e-01 -3.817015307451225858e-01 6.681635607310586200e-02 -6.879338896279227344e-02 5.430203708423583242e-01 -1.197462191992625380e-01 3.428256247672999135e-02 -1.903528130815586861e-01 -1.046974553977291500e-01 5.342383640667974082e-02 1.212375785712675597e-01 6.492763902432670264e-02 -1.660061503054775511e-01 4.118295124981640742e-01 -1.561632010685757299e-01 1.214756846719282218e-01 -1.018510416234285308e-02 -1.415247726983673848e-01 -2.181438595573115258e-01 -8.893503062181894181e-02 -1.102314586147704195e-01 1.772397549818313933e-01 7.754633046893398551e-02 2.463587813417330297e-01 -3.134693594769662195e-02 2.510269668451811320e+00 5.876529247962802849e-02 -1.695817652697301781e-01 2.694444248726780497e-02 2.853863910057929248e-02 9.572744596593235622e-02 5.735586956707935079e-03 -7.945611838471203225e-02 -7.679797077328927302e-02 4.579460608969899982e-02 1.069472758517911321e-01 -7.283615369121484995e-02 -2.558559300287562288e-01 1.041899700383581984e-01 -8.602391998951279539e-02
0.000000000000000000e+00 0.000000000000000000e+00 0.000000000000000000e+00 0.000000000000000000e+00 -6.562432679233299367e-04 -1.326046642612634975e-03 -4.627953417144602794e-04 -3.113012142968207656e-03 -3.237252341141284417e-03 -1.397205265000526185e-03 7.246110808744690192e-04 1.528401559900217747e-03 -2.792037869376257433e-03 -3.370654803570764455e-03 -2.017685606269342419e-03 -7.770893514958055436e-03 -1.100164664389868471e-03 3.020053170251983318e-02 -8.437176302927261191e-04 5.876981473787508230e-03 6.430578360143403109e-03 7.647598522691283728e-03 2.532346553104446781e-03 1.995661830236546315e-03 1.856028714962252993e-04 -1.643743755495879859e-03 -7.989077767127192743e-04 1.504649717842836652e-03 3.561946929315395333e-03 -1.728450475968622019e-03 2.483712801545204566e-04 2.075887743123042053e-03 5.219816562899724831e-04 -1.543465258234984986e-03 1.448428727145210666e-03 -7.057653772523799808e-03 -2.253227867322138769e-02 6.923652879932414884e-03 5.249574898247854476e-03 9.169959145614345331e-03 2.394757948250546969e-02 9.979387434919542374e-03 -1.302901726942646242e-02 -8.907459197171008420e-04 -1.299522091554977492e-02 -6.235428146282672064e-03 -8.588051660089056349e-02 1.263363613336439609e-02 -1.886509752296078868e-01 4.249465273305184920e-03 6.388229441334816738e-02 1.206967161614020366e-02 -4.121357612934770098e-01 1.429211744556832097e-03 0.000000000000000000e+00 0.000000000000000000e+00 -1.284073884437175218e-02 -1.972296892435068671e-03 -7.335867966176372323e-02 5.725821330359250755e-02 6.816315487005716878e-02 5.041751850594615447e-02 2.082346479818166993e-02 1.882718073088808161e-02 3.669581363171543938e-03 -1.479403944812790299e-02 -8.099811001551544820e-02 6.354495174719440587e-02 6.421002194550630253e-03 -8.193992093474480320e-01 4.265106164572367992e-02 1.636025526049391179e-02 -9.646890866757741080e-04 9.385103368207938779e-01 -3.819936505646041175e-02 5.926876551543078936e-02 5.759955648717273238e-03 -7.091579160629348996e-03 8.734161055445717470e-02 -3.320274271588122272e-02 2.007024794889889982e-02 -2.710396570489457813e-01 4.619309049331074557e-02 -2.659758061987958777e-02 -1.268959928824434868e+00 3.834258900534198156e-01 -1.362827457517360175e-01 2.029036029650263182e-02 2.944674928770680145e-03 2.002994209462348203e-03 8.196991159976243016e-03 -8.585094982592959834e-02 -2.392180859836585613e-02 8.947654149853276340e-02 -3.780079462556943520e-02 1.247496335635046444e-01 -5.802512208923465281e-02 1.466029757783467724e-01 2.967612598837906374e-02 1.090015387657904955e-01 1.951933266775111213e-03 4.729607145332577478e-02 1.565757330070312037e-01 2.337293921311502098e-02 -4.003524609010504498e-02 4.637050484966764863e-02 -8.084485893707374360e-03 2.600169223649502134e-02 1.578990980972713384e-02 -1.580050714111362869e-03 -8.143222684783962481e-03 5.904864176116798868e-02 -2.494030001611758154e-02 2.063083170326023529e-03 3.898854492252584042e-02 3.060613670174300652e-02 -1.026645910920740735e-02 6.383322382442914444e-02 -2.251686171291798419e-02 5.052540813994247509e-02 -1.226432591225307817e-02 6.322223508493837740e-02 -3.520451684331855208e-02 1.986645925790755662e-01 -2.468273051570041982e-02 7.819325476144038667e-02 -3.295387850485279307e-03 7.185296320717924311e-03 -2.072225428763152869e-02 -5.033730454642761087e-03 -5.929462033703224166e-02 9.757527491848050349e-02 -1.156304532171508088e-02 6.405877914120008954e-02 -3.909638520118816074e-02 1.342034524697659492e-01 2.341224871614952865e-02 6.669066530010704652e-02
0.000000000000000000e+00 0.000000000000000000e+00 0.000000000000000000e+00 0.000000000000000000e+00 3.786614941162319515e-04 -1.838763185165676398e-04 7.609995440339518361e-04 -4.404174453887022868e-04 1.747362923015382792e-03 4.749832821165345630e-04 -1.336335359866730292e-03 -2.964800172804427526e-03 8.514515770087595966e-04 2.427825530968983942e-04 6.585414806307681584e-04 3.680304183309952631e-04 4.406119447399998404e-05 -6.187486908154743101e-03 -3.516296274906585044e-04 2.243986531225264413e-04 -9.815772320281295361e-04 2.406221376331122135e-03 3.578412656951131731e-04 -9.634111857914504301e-05 7.846144893365855676e-04 6.448042887288879272e-04 8.379604019867595332e-04 -2.126440402989263328e-03 -1.579610641015668669e-03 1.234274664126931177e-04 4.676132199773597024e-04 -2.938452360624139743e-03 1.939878730370464218e-04 -2.566704962298850794e-03 3.339053729720204105e-05 1.306944832754066376e-04 2.207749083410575925e-03 5.581818167601192149e-05 5.637451294501761006e-04 -1.704756314668121400e-02 -1.684383170017047116e-03 2.956428342462347420e-04 -5.677977471108069073e-04 7.115595315873369294e-04 5.893405598470250134e-04 -2.355633567308657722e-03 5.974475566972600737e-03 1.648699216148814773e-03 4.693815443086218377e-03 1.515008901485759068e-03 -5.108800889748944807e-03 2.100468265129989444e-03 7.305191393347296516e-03 2.437502008254527949e-03 0.000000000000000000e+00 0.000000000000000000e+00 3.692008993324820496e-03 1.464222463853412978e-03 1.740526836217069426e-02 -6.748533204873877547e-03 -2.019520094513867561e-02 -1.601181937515577455e-03 -6.276356190663096935e-04 -8.632503323855883221e-04 1.146219987201007760e-03 1.950434618332353223e-03 2.007734129089080999e-02 -4.338723412532944496e-03 -2.137862020263624468e-03 3.423722293998344296e-02 -3.626456504036589066e-03 -7.802893436485811886e-03 6.596049722714063257e-02 -3.819936505645921132e-02 1.300931789212033708e-02 -6.843197618865154083e-03 6.513874268302604319e-03 8.628870761385781969e-04 -1.303156622606171412e-02 -3.189807124064910704e-05 9.287826788456857857e-04 1.963418657156096314e-02 -3.482963722267300166e-03 -2.940403538898257903e-03 3.895097814862395758e-02 -2.525485469360574595e-02 3.491369887500807290e-02 2.718397716570705009e-04 5.337123389017599424e-04 -2.190228712960292593e-03 -3.281661306848595531e-03 3.644364369508285711e-03 -2.427448499957384973e-03 -6.484808374051242996e-03 -7.893360741170089151e-03 -9.879848399249355900e-03 8.830996748711676669e-03 -8.849270704119871142e-03 -4.858723870736758859e-04 -1.287818450635396308e-02 3.579088391903574064e-03 3.335753888815924401e-03 2.879387579284965011e-04 -1.404607808143944030e-02 1.430101857985821567e-02 -4.795184779742341086e-03 -3.418407176149238901e-03 1.469530059680194956e-03 -2.286759963447887629e-03 5.426635092085436898e-04 -4.613838018146945198e-03 8.246204423859388594e-03 5.211663134994416746e-03 6.264315879152596543e-05 -1.550794548016621102e-02 -1.904286709294382386e-03 -5.545188774864686677e-03 -9.363325510834559148e-03 6.277444516484492840e-04 -1.026222630578486374e-03 5.750862682335517763e-03 -5.318713942261202310e-04 6.731072577303225894e-04 1.693955874389842936e-02 1.015071820235869011e-02 -6.868732504236102314e-03 5.154195481996801283e-04 1.775525599430042515e-03 8.289789596239004882e-03 2.155869722486183655e-03 1.029530276353079685e-02 -8.468398462364348442e-03 -8.348070013231526521e-04 4.660326418195317143e-03 4.819075766727294423e-03 -1.273600236940160800e-02 -3.504667017053351291e-03 -2.000127717067976159e-03
0.000000000000000000e+00 0.000000000000000000e+00 0.000000000000000000e+00 0.000000000000000000e+00 -4.040817701088755777e-04 1.359992878116960085e-04 -3.139184593944476659e-04 9.644074561983568931e-04 -1.524980859624933301e-03 8.878154403923584547e-04 7.083562380930041261e-04 1.039686299569722930e-03 -1.307424366520914269e-03 4.484129370387484898e-04 -6.444138730808113540e-04 -3.517847684690972266e-04 -1.387852553078518496e-03 7.466383281164342724e-03 9.331574876098830233e-04 6.721219513025687535e-05 1.987732908461893253e-03 -2.075595898403041588e-03 5.627308419721822972e-04 2.513443285879189974e-04 -2.098808458892634904e-04 3.188769612004055658e-04 6.491295860433915748e-04 1.994090733496073787e-03 1.286161139226118990e-03 6.827112593184059578e-04 2.326192742868406801e-04 4.676574299053762838e-03 -1.237537837121535427e-04 9.754344322777750570e-03 2.709797227623349214e-04 -2.079356201781270544e-04 -6.212945090464714812e-03 1.630485122641061897e-03 -8.795441292612048287e-04 -5.988403591772330919e-02 8.490320823341715104e-03 1.090572614353979303e-03 -2.741395790649206465e-03 -8.913727408283216242e-04 -3.268372506424388393e-03 2.519038515626639396e-03 -2.132741818411647630e-02 4.126947100876970573e-03 -3.990262125913863339e-02 1.225200187450765921e-03 2.140426718150848992e-02 2.747255608888800587e-03 -9.770504587972307642e-02 -2.571504944587577491e-03 0.000000000000000000e+00 0.000000000000000000e+00 -7.141192332778418736e-03 1.481949880962859026e-02 -1.385726028525096493e-02 2.172213545061701598e-02 2.338193038126443191e-02 2.742608374525977097e-02 8.900316663333754374e-03 1.862332889708152167e-02 -6.090177589488899104e-03 1.406352431901582677e-03 -2.091072767861236123e-02 3.734032898904516423e-02 2.198426405077094116e-03 -3.082431159271848548e-02 1.265954770565693235e-02 6.899740396922605587e-03 -5.326739674809300579e-02 5.926876551543357186e-02 -6.843197618866009302e-03 6.342804546631601592e-02 1.955888078358798340e-02 -3.088003087135023778e-02 4.061754681824624597e-02 -1.396280149078061965e-02 1.623012961445973899e-03 -1.418756693285820603e-02 1.285725468739124834e-02 -9.296362782332518284e-04 -1.613242266622936516e-01 4.144106437666995879e-02 -3.795239354217280758e-02 2.130853673181419550e-02 1.626208540114459098e-03 1.446468520336316801e-03 7.017186963128501341e-03 2.882752892800760636e-02 3.555076509147342412e-02 -1.045409054599434444e-02 -5.711222419499263625e-02 2.662922519719529858e-03 7.854787204747880336e-02 4.490659403915075142e-03 -3.284907037824810749e-02 3.716244342265100781e-02 -2.738390421127293462e-03 3.318551088101884261e-02 -1.082551611160573711e-02 9.511752953930951646e-03 -7.620739630354526027e-03 3.523109859580318692e-02 -9.731461612349362467e-03 3.380470468600297890e-03 -3.241014572655906163e-03 3.841160854137945849e-03 -7.493583073332710405e-03 -9.941149322474848726e-04 3.322295846031905406e-03 8.488435546022108508e-03 1.045867841865941693e-02 3.091838221064359057e-02 -5.651106700187487342e-03 1.732336764602659951e-03 -4.091261922142915746e-04 9.469913964260653905e-03 -1.957132650242242745e-03 6.230936595998867733e-03 -6.239673008509150250e-03 -7.381890468932424468e-03 -3.423603155997748029e-03 3.833676270851864298e-02 -1.119904521624018670e-02 1.071292465528435626e-03 1.647736274420834703e-03 2.161670446037819091e-02 -3.194635312190002852e-02 1.454693690829725501e-02 -1.174454615276489776e-02 -2.952342888320681931e-03 -9.750930289753600988e-03 1.973668398513986691e-02 2.973330488945052572e-03 1.291715906821624960e-02
0.000000000000000000e+00 0.000000000000000000e+00 0.000000000000000000e+00 0.000000000000000000e+00 2.220786479168220928e-04 1.051711196570059967e-04 5.195632725393731352e-04 7.436573460954015767e-04 1.775954863040893903e-03 8.152515845473172528e-04 7.630510830777580480e-04 -3.225729208925073085e-03 5.898715488719742965e-04 9.417979608553012170e-04 5.955493121498953141e-05 -2.605490958434019560e-04 -1.188253204176327547e-03 1.678925656006991516e-03 -2.134799773760979763e-04 -8.756869109254576547e-05 1.134554189308718949e-03 2.349513176897983309e-04 1.583263551240956428e-03 2.493681872383601535e-04 1.173744191965677731e-03 9.088940300942735789e-04 2.671166894118625810e-04 -1.394973184409765326e-03 -1.211168491117960416e-03 6.505853022673701701e-04 3.634362246889611704e-05 6.504005098948773857e-04 1.291503642733270738e-04 5.739346532577002669e-03 2.645436996451791447e-04 2.389694033112014474e-04 -4.216980303521384622e-03 9.853602633875656758e-04 -8.129044203149761103e-04 -5.644555508386229353e-02 3.409531427469071792e-03 6.558944786857765288e-04 -3.333678670223532564e-03 -1.267168402644986737e-03 -2.627013476118006223e-03 -6.722292213740390992e-04 -1.512031920985720118e-02 4.771863868512496616e-03 -4.007567532805072358e-02 2.448940463663882607e-03 1.692101864374202444e-02 4.049554138784757472e-03 -9.117880195038653712e-02 6.360337322975863263e-04 0.000000000000000000e+00 0.000000000000000000e+00 2.461339857245935150e-03 7.051422090328693208e-03 -3.263369553666530063e-03 5.847299992973937263e-04 2.422608844400341889e-03 9.578432790209871067e-03 7.190722062735609328e-03 1.358127792540655271e-02 -1.371585566634620770e-03 5.195378525037152272e-03 -3.953777635495181117e-03 9.150806940635431569e-03 3.186705175876708125e-04 -2.762524572172256766e-03 1.771664404560061717e-02 -2.332145868703373545e-04 2.262431731450623845e-02 5.759955648722250160e-03 6.513874268301851449e-03 1.955888078358965915e-02 4.782898952860467623e-02 -1.259913006579724964e-02 5.017270437172970804e-02 -5.416933335999946260e-04 1.723817078236526083e-03 -4.730168850199789458e-04 1.507633991750998749e-02 -4.501986341150985421e-03 -1.120076556767278936e-01 1.389917855843948074e-03 -1.709287769497232733e-03 6.741185000480259294e-03 3.350545338804528073e-04 -1.991060094731341486e-03 1.855033848352651222e-03 2.957068237698608909e-02 1.551334983832543257e-02 -2.333833772676852797e-02 -3.862186834867410712e-02 -2.531740079937335949e-02 4.787395382804430360e-02 -2.040836032908853806e-02 -2.768730064601515606e-02 9.017795906071954335e-04 2.950093775421851281e-03 2.283862911713459981e-02 5.605470566899889429e-03 -1.099753619500809000e-02 7.582676702006623838e-03 1.525389084121692163e-02 -1.726900410625685847e-02 2.243220006625361914e-03 -1.342616367654873334e-02 3.541146962982353154e-05 -1.564042459434400803e-02 3.312584305932392194e-03 1.612256757266488857e-02 7.791565375840900365e-03 -1.029316384255685689e-02 1.098337742550967167e-02 -1.619135897712305205e-02 -1.098820641932099842e-02 3.729860259793951749e-03 5.472075007115669888e-03 1.614028760123583511e-02 8.867763575592343614e-03 -4.369663067277014881e-03 -3.551134514045251739e-02 5.375976218300567919e-03 1.771708677845451607e-02 -1.039959670385087916e-02 2.672430058565404640e-03 1.191833302901902300e-02 5.668575484422325519e-03 -3.085677420960806355e-02 7.501265409740332825e-03 -1.059514766832085099e-02 1.072261511740546167e-02 -9.523727916154692968e-03 3.545825209243978759e-03 -2.379069989821970630e-03 1.115525128843931901e-02
0.000000000000000000e+00 0.000000000000000000e+00 0.000000000000000000e+00 0.000000000000000000e+00 -1.525762938925092575e-04 -2.132439119854797336e-04 -3.649346779575695591e-04 -6.518920561372933261e-04 -4.660003595927309688e-04 -1.088911809291609988e-03 3.526139566920248559e-04 1.422351612152195121e-03 6.354696343532872623e-05 -9.474766644515316034e-04 -1.835874563879485674e-04 -7.226489777094919232e-04 5.270488669169549022e-04 2.166822332744944984e-04 -7.426540163914874867e-04 6.494935360167572490e-04 -7.986563719515358878e-04 1.931535916775818955e-03 -1.234254313099360950e-04 5.303321511411553677e-04 -4.306372333801203951e-04 -1.103495247449626671e-03 -8.985016752204353458e-04 7.399542636332362509e-04 -8.884287383517910290e-05 -7.311614279159963942e-04 -6.609901591495444262e-04 -5.638403721163586912e-04 -2.797756633010599760e-04 -2.948498802947602856e-03 -4.023664741932119621e-04 -9.305901429948915549e-04 3.506832473580360349e-03 -6.031723367121168654e-04 7.531613441076137356e-04 5.397561561132229596e-02 -7.264336472323619162e-03 3.546078304768521651e-04 1.550522884374004075e-03 2.170995859486406850e-04 4.538250231270029569e-04 3.204759179650469906e-04 5.552343117287265352e-04 -1.908844690553830083e-03 6.874485683726099666e-03 -2.971336898735512429e-03 -5.378841105396508886e-03 -3.677394284591223913e-03 1.757318440618833855e-02 -4.473876111430683802e-04 0.000000000000000000e+00 0.000000000000000000e+00 1.676992298617706063e-03 -1.060909825812224143e-02 4.636097735890670713e-05 1.390500522802275239e-03 -2.907372143797671334e-03 -7.853665296707845050e-03 -4.639101358423365282e-03 -4.790779504502918826e-03 4.780155215499022614e-03 2.878338343800692593e-03 2.177393612386325367e-03 -4.064013450205058997e-03 7.399803020130730786e-04 3.780913778125194382e-03 6.330141543637666200e-03 -2.300112056433794260e-03 -7.487738649296006577e-02 -7.091579160631246784e-03 8.628870761387041812e-04 -3.088003087135095942e-02 -1.259913006579706056e-02 5.363010562243017421e-02 -2.191778650991205515e-02 4.405146571536594502e-03 -5.078177272394649713e-04 -2.916141220004443181e-03 -1.625239871957819861e-03 5.010383483848724305e-03 3.900976093006930379e-02 -2.417706848653271724e-03 1.526660186286748610e-04 -2.667082234410181243e-03 -1.055008720902632152e-03 8.578721835301810449e-04 -3.468539131088054124e-03 -1.715699091174346935e-02 -3.322770689639235192e-02 1.648415434388249626e-02 3.956461951966409873e-02 2.131514927246518087e-02 -6.102340808692262308e-02 1.400301384139577936e-02 1.699320380014838691e-02 -2.100719969491279468e-02 -2.394885498526436087e-03 -3.345572097477053988e-03 -2.151844040660727889e-02 -4.537535852684952686e-03 9.324977975303931936e-04 -2.636879476885181477e-03 1.079122720078893281e-02 -9.994822971149438639e-04 2.295622502595970576e-04 -6.427284507234285946e-03 1.418838041859444773e-02 2.383281649533901172e-03 -1.813981862138026218e-03 -1.438117799649453465e-02 -4.496817646017701314e-03 -1.143737026615025210e-03 1.311099520033629472e-02 1.044812491687695764e-02 4.696579652686096781e-04 -1.230791593150639372e-02 -9.416297461773416935e-03 -8.429870480407075997e-03 -6.612781196798466279e-03 -5.780334755469164476e-02 -1.505177238158319792e-03 -4.503481219703764880e-03 6.614594122904163091e-03 -5.254258478374643215e-03 -1.137119298477386881e-02 -1.412607113945635491e-02 2.992208766275356382e-02 1.950035003945333346e-03 2.835443480890447246e-03 1.108033648466891317e-03 7.932840660560061541e-03 8.550529072089783217e-03 -9.673014290044711083e-03 6.675829780235922190e-03
0.000000000000000000e+00 0.000000000000000000e+00 0.000000000000000000e+00 0.000000000000000000e+00 1.673871456491808282e-04 1.378462056587649934e-03 6.378668799223973776e-04 3.555872716233431791e-03 2.694731838786436264e-03 2.577448490995731464e-03 2.832331419894513688e-03 -4.230058327678035829e-03 1.041932142270126206e-03 3.469779391169398181e-03 4.423756783402926340e-04 2.742486732512105368e-03 -1.315367028345042254e-03 -4.907693420150276847e-04 -9.135074419382909015e-04 -1.606080281827632376e-03 6.288908384502667941e-04 -7.489272101650088029e-04 -2.250043102596333087e-04 -5.962722734211673391e-05 1.390535204825254015e-03 2.538741682060192788e-03 -2.907828213038691611e-04 -1.222036502696270590e-03 -2.003165015688699799e-03 2.773173515651218210e-03 -9.878535962765310971e-04 1.907207309275902370e-03 9.038275683155351265e-05 1.175235738882005054e-02 1.984787593565639900e-04 3.175534961420343767e-03 -5.821759257699379332e-03 -7.284622708103925901e-04 -2.918996488051823872e-03 -8.087926385801123830e-02 3.780609729366922640e-03 6.730539761602470986e-04 -4.718916041139601357e-03 -7.596751513078195926e-04 -1.413019037947151665e-03 4.113800519327218304e-03 -7.914497549805190463e-03 3.331271198850134941e-03 -2.086732732885541314e-02 1.310161330416758198e-03 8.475361436807528348e-03 1.712501162481351244e-03 -4.696609415779154362e-02 -1.366723989048340866e-03 0.000000000000000000e+00 0.000000000000000000e+00 -1.111433211766548086e-03 9.549778907287250623e-03 -1.826991473046351427e-02 5.891044535827115111e-03 1.353884800567433690e-02 2.203492111703798939e-02 1.201139321736645338e-02 1.581309153481448918e-02 -7.116403215076000724e-03 -2.517412949004883913e-03 -1.887000846286390060e-02 1.133697887460824970e-02 2.294359520798173405e-03 -8.115439866626031340e-02 2.625419542904891199e-02 1.113287600495463381e-02 -1.778822226469767981e-02 8.734161055446587607e-02 -1.303156622606440988e-02 4.061754681824791130e-02 5.017270437172627329e-02 -2.191778650991074023e-02 1.350851137105105737e-01 -4.068382080810623545e-03 3.866065991822621988e-03 -5.794593679358454874e-02 2.686624600189067499e-02 -9.079999177759089189e-04 -2.898563630501296839e-01 6.459459824549529383e-02 -2.347870367386913071e-02 9.668939766618500978e-03 -1.009767208669242649e-03 -2.279012887837427673e-03 4.987888642223526313e-03 4.107379944251932785e-02 3.909185342148973480e-02 -4.524438920193894070e-02 -4.076991589389244303e-02 -3.313572304186394868e-02 7.683765997596844755e-02 -2.672752299143338686e-02 -3.296977261852264418e-02 1.941877679479458996e-02 1.243203476960962062e-03 1.423291197705091500e-02 1.044430086378661873e-02 1.165903749925854306e-02 2.780881430880761430e-03 2.069225121004050760e-02 -2.911512481887360004e-02 4.109304770433256510e-03 -1.917448438964200474e-02 -1.074921770445140794e-04 -1.666605751429840743e-02 1.221199344189807454e-02 1.400672862769778912e-02 1.112091653774686245e-02 -1.760652959445254935e-03 1.500844206345420921e-02 -2.432930538006397927e-02 6.346198260638417042e-03 -3.494511186963786525e-03 8.829864424497523706e-03 8.328774713749485456e-03 2.409003299469434853e-02 -1.871278344558062814e-02 -3.435873051057165839e-02 1.692596719881729952e-03 2.699650152051969940e-02 -1.581367961640303688e-02 8.521651405754062172e-03 2.136860150744480241e-02 4.026965721229520956e-03 -7.937430787160913714e-02 3.117872209124902816e-02 -1.119007708594258604e-02 2.692873975617829374e-02 -3.481445721215732647e-02 3.286575897370873356e-02 6.055425505254698887e-03 1.951522920897164060e-02
0.000000000000000000e+00 0.000000000000000000e+00 0.000000000000000000e+00 0.000000000000000000e+00 2.053824453000287773e-04 4.840414183561416090e-04 4.763702440395716398e-04 8.190574386685415837e-04 1.648088290289200473e-03 1.783784987094189003e-04 1.037047275582632594e-03 -3.633588590237284924e-04 4.812129156833856833e-04 6.052409727521436454e-04 9.037556732698732390e-05 4.957298011817398578e-04 -5.467706477798167913e-04 1.967352531809211588e-03 1.658663549421641212e-04 -1.218678700204944756e-03 1.258290745144710491e-03 -9.861432134546821871e-04 1.467491981600414688e-03 -2.778293837048701224e-04 1.132467063651671456e-03 6.036173315721534999e-04 -1.686824064238546628e-04 3.420630679321296289e-05 -1.158336969978227124e-03 2.045527049640675794e-04 -8.525101634760947841e-05 2.403757785583398969e-03 1.578010895958684872e-04 3.734433415072268767e-03 2.799491364855974406e-04 1.223701834050297359e-03 -2.720065397891921477e-03 -3.580004914379836516e-04 -1.241307582077560284e-03 -4.843227919966208717e-02 3.519434066776873198e-03 -1.172050236081253289e-03 2.545705446000768105e-05 -1.730128595883167076e-03 -8.535892689424678806e-04 2.380131545102127238e-03 -7.522644381597193286e-03 2.858066266234351007e-05 -1.818601557517213543e-02 -9.792209549217142320e-05 6.653874783988567368e-03 1.224064287115126781e-03 -3.333792065977501246e-02 -2.246480431112124216e-03 0.000000000000000000e+00 0.000000000000000000e+00 -4.240611590768063842e-03 4.863285989333523268e-03 7.411342310329815464e-04 4.454738430041632266e-03 7.341535131639344985e-04 3.218496607671276957e-03 -4.230911859900199183e-03 1.216837554902221522e-02 4.619048495543067248e-03 -5.674934321440584621e-03 -3.668985964757500492e-03 1.068318780786204659e-02 1.036878413226154658e-03 4.310858927754429581e-02 6.627763859238139030e-03 1.150642706347057391e-02 -1.170866413373570919e-01 -3.320274271587590059e-02 -3.189807124073364771e-05 -1.396280149077817889e-02 -5.416933335973012510e-04 4.405146571535495555e-03 -4.068382080806323166e-03 5.837132730488173854e-02 -1.546321561551022069e-03 2.058586994305978968e-02 2.637396541090014125e-03 1.646498393119748965e-02 8.738755000739829859e-02 -1.387232433537625986e-02 -3.741054550615413241e-03 7.027577285183245204e-03 3.566496621156464968e-04 -4.042615608721800233e-04 5.277224355253710628e-03 1.136262732403769786e-02 2.986429035837121285e-02 1.691364884851202788e-02 -6.693420344600459204e-02 -8.142726421861867792e-03 1.267091463700169562e-01 -7.825335888639437312e-03 -4.793413401823876097e-02 3.138037962879315634e-02 -2.748765159628936607e-03 1.433376721497149880e-03 -4.264744804283235324e-02 1.357225788834143937e-02 4.693545633507920957e-03 8.237250620513366164e-03 -5.790674151386330550e-04 -1.049371227864342743e-03 -1.101143190185323306e-02 4.618076144073501865e-03 -2.691967570764188054e-03 -9.186259301291943222e-03 6.135467550584734406e-03 9.808679743773428966e-03 -1.573345441387074325e-03 1.121500392728159989e-02 1.288151523193908389e-02 -5.729469528838737613e-04 6.906887326449525841e-03 -9.842730544391142464e-03 -3.898632807174790948e-03 -1.485933871414383579e-02 3.635160569548278459e-03 -5.373519554629963002e-02 2.116851561276010801e-03 4.962273692708661817e-03 -6.933329853830366013e-03 4.400630727632458619e-03 -1.363416729653734241e-03 9.741908490557274133e-03 4.085891656553528907e-03 -8.554956927723240956e-03 -5.437116524753485107e-03 -2.596302230949005564e-03 1.162456917857038544e-02 1.592925476210226704e-02 2.058446177350270879e-04 -7.255919253889973712e-03
0.000000000000000000e+00 0.000000000000000000e+00 0.000000000000000000e+00 0.000000000000000000e+00 1.161864077563482873e-04 -3.260427379672452210e-04 1.855217550665854700e-04 -4.285873212152218150e-04 7.751770137048580442e-04 -1.582164848805857468e-04 2.237881208876913361e-05 -1.305530262914319931e-03 3.161764120426951465e-04 -1.536635922922079643e-04 -1.297276424966672243e-04 -1.196513767179847821e-03 2.502797874653954019e-06 1.999295931600334961e-03 4.206007971169590327e-05 7.957137352130834234e-04 4.773857237140635961e-04 1.168137839211188253e-03 1.279867072687545723e-03 6.588787536333386803e-04 4.159493306736156441e-04 -9.529995076071849647e-05 -6.543018429551235185e-05 -8.305957646721328497e-04 -4.865161667128217043e-04 -2.243270851810726942e-04 -6.149717041146880139e-05 -1.043816169141933677e-03 9.249154122443211214e-05 -1.238652748489742000e-03 1.205599763355307420e-04 -7.460480336458231304e-04 -1.390200389786511734e-03 6.759250993813583578e-04 -9.598502496389253562e-05 4.452919312975573037e-03 4.535931134811696302e-04 7.798533050076788924e-04 -4.015828886036066497e-04 5.961568945078639685e-05 -1.635712184134642967e-03 -2.466713053027677887e-03 -9.571238079289586323e-03 2.725678891049902308e-03 -2.507722966957071434e-02 1.879916093637457736e-03 1.011446588696953211e-02 2.407868806768955535e-03 -5.729824819945415759e-02 1.968819583205716917e-03 0.000000000000000000e+00 0.000000000000000000e+00 7.152017609590105920e-04 7.002646673810690578e-04 1.649236856333135149e-03 -1.852215606251129233e-05 -3.350080311810839807e-03 2.030479502139663581e-03 1.146796382581739132e-03 4.705381395568183044e-04 -4.119541778183067574e-04 -7.969555649225916862e-04 1.913002417957651580e-03 8.831623673389868640e-04 -6.312993020806812036e-04 -1.694014094956588709e-02 -1.131700527820622302e-03 -2.702760470636701284e-03 2.448362521289370805e-02 2.007024794889832042e-02 9.287826788458995904e-04 1.623012961445896704e-03 1.723817078236631033e-03 -5.078177272394818849e-04 3.866065991822514435e-03 -1.546321561551147403e-03 2.852072823956644868e-03 -9.697140597885385224e-03 -2.611181070217981782e-04 -8.447943404582800063e-04 -1.101483122471155068e-01 1.141967274657608444e-02 4.845508564690468971e-03 8.919088798124344538e-04 -5.608743171905995954e-06 -8.689099492154899124e-04 -4.834058899955944312e-04 -1.390554343539644440e-03 1.560693099202441984e-03 -1.117757465122050072e-03 -4.217982459415715868e-03 1.796907206505065149e-03 3.566553055157168414e-03 2.691433649528952345e-03 1.494380010034605322e-03 6.478697370985667808e-04 1.356907464102939317e-03 1.266891794092754684e-03 9.032467101405048174e-03 -1.088696822302535417e-03 2.262002718665246173e-03 -1.803431942173108174e-04 -2.608992930475904307e-03 1.003652975860612863e-03 6.683647977212311530e-04 7.304523799650608582e-04 -2.965170443023233161e-03 7.128219032009329957e-03 -1.039522061905907456e-03 1.756447584906741487e-03 -2.390862887533686844e-03 -8.153446361707730077e-05 -3.254038003110706467e-03 -5.097095506968085839e-04 -1.485224977436664208e-03 3.888378331337838303e-03 1.230466253277609761e-03 5.234233234799072140e-03 -2.102569188173732551e-03 3.013714633389681305e-02 2.137552756532281727e-03 8.935917025921567662e-04 -5.948910291442149889e-04 1.130293015507212147e-03 2.360420762772915803e-03 5.008700183813853289e-04 -2.152304133237597887e-03 2.365159288293083775e-03 -9.027183880581811284e-04 3.920344248932257705e-03 -2.099518614490323513e-03 7.745847595258528381e-04 9.496804071071827643e-04 2.059382409050430473e-03
0.000000000000000000e+00 0.000000000000000000e+00 0.000000000000000000e+00 0.000000000000000000e+00 4.505142363885086517e-04 -1.007385317547540365e-04 1.244345439996286801e-03 2.425937522236953198e-04 3.700758790547281022e-03 7.603184506995455628e-04 7.012717990071819793e-04 -5.361243879938160442e-03 2.542319681272110256e-03 1.173076384004270549e-03 -2.447862778181687359e-04 -1.670250256111050196e-03 5.666583198001888750e-04 -4.568944707771048497e-03 3.653784659716905652e-04 2.633575598157542139e-03 7.108122084364762872e-05 -2.308231516040763504e-03 3.585768078092401064e-03 2.657132317614926530e-03 1.047678104665805340e-03 1.094131776190865844e-04 9.035444687159718997e-04 -2.617507506353918250e-03 -3.453687106445215479e-03 1.061596986935800166e-03 -7.271041371105819041e-04 -3.267215750818336286e-03 3.435053388349080194e-04 5.061025396302503213e-03 -2.842272458063471881e-04 1.212668105560842698e-03 6.948532309023276038e-03 -4.797337417331183108e-03 -4.409069965932682199e-04 -3.724826790048108016e-02 -3.337750342609158496e-03 -2.114909030500570705e-03 1.941466094390773608e-03 1.225722505544692262e-05 -3.225846810026351645e-03 -5.256181873686870641e-03 -1.202370210096401389e-02 7.624481139484961568e-03 -5.443433995737400471e-02 4.481635387446615895e-03 2.744980798020902127e-02 3.110554537209163188e-03 -1.209335112660932798e-01 6.586481491438346547e-03 0.000000000000000000e+00 0.000000000000000000e+00 7.371902232026261541e-03 1.629279323749701844e-02 3.100913771092785043e-02 -2.281482718542763091e-02 -2.212885877615150196e-02 -1.054793091274319576e-02 -7.299859288804722013e-03 8.217228361610208823e-03 -3.821664901349153959e-03 1.617618820267455529e-02 3.065706736966470475e-02 -1.393284163934842453e-02 -6.420974965866441814e-03 2.409118343265232720e-01 -1.967187089020315180e-02 -2.496788589717923931e-02 2.021714321705779249e-01 -2.710396570489452261e-01 1.963418657156398503e-02 -1.418756693285699519e-02 -4.730168850125043476e-04 -2.916141220003933172e-03 -5.794593679357266935e-02 2.058586994306503548e-02 -9.697140597885045218e-03 4.363949430782905203e-01 -5.438396415822108892e-02 -7.557012214831271280e-02 7.047181329591513110e-01 -4.457859394289733768e-01 5.104729575886126497e-02 -3.912529045158601886e-04 -2.427960498207762646e-03 -2.397221739398670923e-03 -1.707761794752372768e-03 5.954845233477133043e-02 3.798552200098052889e-02 -9.928841124418523456e-02 1.774498082359086265e-02 -4.670215385696776383e-02 2.941859956119922959e-02 -6.208505530378138904e-02 -2.607887004044646267e-02 -3.816491939415198043e-02 -5.304310643811067406e-03 -1.899288661689439196e-03 -1.083394864808154140e-01 -1.104416287895979010e-02 5.233484212268635014e-03 -9.531087427854252614e-03 5.969644800307333070e-03 -6.288561619424726593e-03 1.310110564049816843e-02 1.076423880116974402e-02 5.108899901932684867e-03 1.695693360773101524e-02 -8.062344206983632425e-03 5.395097004661978876e-03 -3.555480095795911753e-03 -3.272552250416642904e-03 -1.003362944830999510e-03 -3.393162746581859790e-02 7.769190390419566071e-03 2.003995111239611007e-03 3.651878728698797812e-04 -5.942751411422786054e-03 1.507170814067456018e-02 1.759895226973136328e-02 1.073256850155678357e-02 -2.551393353141048759e-02 -9.651910238171522091e-03 -4.187863381963507700e-03 7.521653178112115441e-04 2.399122688813903892e-02 3.086691709539379075e-02 -5.857784433429099463e-02 3.471028955728581804e-04 -7.367409335710017881e-02 1.136385661508675093e-02 -9.702557572051569157e-02 -1.129724114207116339e-02 -4.004432164106702663e-02
0.000000000000000000e+00 0.000000000000000000e+00 0.000000000000000000e+00 0.000000000000000000e+00 -6.973488701464906198e-05 -1.014150846540945103e-03 -9.567538992931280488e-05 -1.584164545059625791e-03 3.574368463183072485e-04 -1.698123066714332793e-03 4.449677740742274024e-05 2.955194805015345580e-03 -3.640135796885949769e-04 -2.091290637411981259e-03 -8.587373888583742535e-04 -2.945651354947673769e-03 -7.027177658911039565e-04 7.640041176317363680e-03 1.917892010359440770e-03 5.724663568542914414e-04 2.137634151979311316e-03 7.821231648202804903e-04 3.642335595417096721e-03 6.978192530214845368e-04 7.600127989120218381e-04 -1.417001657766824279e-03 -3.500076059864475433e-04 1.575005817164295630e-03 -6.102886090718185968e-05 -1.922773943142290411e-03 5.925630116798597143e-04 2.894887548192285037e-03 -1.508186429126614949e-04 -1.334510711080106379e-03 3.175804619991941420e-04 -2.822714080463039048e-03 -4.711629793734539197e-03 2.667858111514579637e-03 -6.507878349903539880e-04 1.522010704309404924e-02 2.750948382393451561e-03 8.102454871802965575e-04 2.533055818714916919e-04 -1.037454840434624392e-03 -3.912389737877781069e-03 -2.895853987387718344e-03 -2.279313069772693004e-02 4.510768228933885807e-03 -5.585186408317572432e-02 2.642183751969109581e-03 2.458871403618509074e-02 4.972253678114358331e-03 -1.306161798121432127e-01 6.970038489123042431e-04 0.000000000000000000e+00 0.000000000000000000e+00 -6.488318596392347697e-03 -1.734370774020527846e-03 -1.016729556722752170e-02 4.546496433385354211e-03 1.133716597679609514e-02 6.149680564138853070e-04 -5.545450494419701956e-04 1.543739143371435259e-02 6.132267262759315447e-03 3.056091347985864012e-03 -8.663807504049025540e-03 6.133487002033055115e-03 2.720585140935972718e-03 -2.396970158243555762e-02 4.370923962901881316e-02 3.191479518162278163e-04 -5.023750686472315541e-02 4.619309049331079414e-02 -3.482963722268410389e-03 1.285725468739063772e-02 1.507633991750591956e-02 -1.625239871955848781e-03 2.686624600188793413e-02 2.637396541086501310e-03 -2.611181070217103036e-04 -5.438396415822499552e-02 6.955962033753668172e-02 1.324213825229026212e-02 -1.988531833438008378e-01 6.302270508296121954e-02 -1.865609730238476649e-02 3.635612039749474850e-03 1.370514784978363754e-03 2.092735557738683444e-03 6.000417972308591790e-04 1.756698146321763413e-03 -1.734003239107224275e-03 -5.312725519823678806e-03 3.853122682934118602e-04 2.086768805945545674e-03 -5.314590136107572374e-03 2.218282703422982862e-03 -8.366730198572275984e-03 -1.251562316263960147e-02 -9.810916565116189423e-06 1.355764157441141822e-02 9.048817434063882725e-05 -1.157079954129936437e-02 4.365046691202533607e-03 8.567278344195414577e-03 -5.160794811686120025e-03 4.910897551300453211e-03 -1.787993386579229266e-02 -2.893947748214308231e-03 -4.323911065174702167e-03 2.160722675846651550e-03 1.417624148237351528e-02 -2.921872899057780318e-03 -1.313700997626412667e-02 9.941203032832690578e-03 1.515528287238714837e-04 -5.192465405738795267e-03 8.293782111320886080e-03 -1.439687150059591747e-02 1.231662535758968995e-02 -4.340667904004408967e-03 -6.868602757871919429e-03 -3.680671106249733954e-02 -3.008234127443527774e-03 1.429488841411513667e-02 1.144722276303819595e-03 7.891912244528468930e-04 1.357426118915820669e-03 -9.606665523755336319e-03 -2.186000120229283569e-02 1.545974585291016307e-02 1.856424154662040952e-03 1.943905223763455273e-02 -1.047032834316246773e-03 3.296269872460697026e-02 -4.240042852795683319e-03 1.375528175378055822e-02
0.000000000000000000e+00 0.000000000000000000e+00 0.000000000000000000e+00 0.000000000000000000e+00 -2.172797245239001761e-04 -9.320183399571296194e-05 -7.035790985579181409e-05 -5.703644211102153454e-04 5.248421715842698778e-04 -1.831585392951885815e-03 1.578644286433340512e-03 3.845196363278829271e-03 3.473633907462447151e-04 -1.311606743870191239e-03 7.688361602946962000e-04 -2.903821480276464547e-04 -6.336686776437546863e-04 2.403891410293527899e-03 -6.951727647647545395e-04 -2.050250108297190649e-03 -2.642522694708561415e-04 -3.276734265596451846e-03 -3.645532104336518531e-03 -7.464928244936791350e-04 4.241010904131050328e-04 -1.519371345066508833e-03 -2.067248411949649568e-03 2.320187622981561334e-03 -3.867784799439236902e-04 -1.405770342663621199e-03 -4.162161718106518744e-04 4.082001281186325124e-03 -4.160940628064811438e-04 1.038080516282970621e-03 -1.388824318181191338e-05 -2.204588383480807819e-03 -2.888152977553225600e-03 3.240079710538162037e-03 2.108144023422240223e-04 2.609668694358659863e-02 -1.798070005862526096e-03 2.467922425149608767e-04 -4.331737210705623306e-04 1.260202084646938527e-03 3.949012648563773008e-04 4.512503762220073690e-03 3.080442647181094598e-04 -5.319409633911870681e-03 8.870779418191087088e-04 -5.049004576060676756e-03 3.475245232146827873e-03 -7.721416489952378191e-03 1.773171808452396470e-02 -5.235695290725174249e-03 0.000000000000000000e+00 0.000000000000000000e+00 -5.025222099903067785e-03 -3.943479001306948208e-03 -4.117741221630447784e-03 5.350012212309260794e-03 6.438129920325034831e-03 -7.829022425499739327e-03 -1.189736294793832840e-02 -7.811261347476300887e-04 5.924040535341372135e-03 -1.062594338709394251e-02 -8.795248033660312686e-03 1.767595168533278322e-03 3.020838568396614146e-03 9.447328273651453556e-03 1.959131422041304749e-02 5.836168034926570575e-02 -1.336280614272953582e-01 -2.659758061985991601e-02 -2.940403538900306611e-03 -9.296362782298793091e-04 -4.501986341151114658e-03 5.010383483848569047e-03 -9.079999177732363605e-04 1.646498393119651821e-02 -8.447943404582471550e-04 -7.557012214832123376e-02 1.324213825229418953e-02 1.413603913576049476e-01 -2.144153033800526645e-02 3.580714423836358490e-02 -1.309482290226994007e-02 2.006159035149712114e-03 -8.458490491987287214e-04 2.299661189842185094e-03 4.440011005579019778e-04 8.714600682989485578e-03 -1.625989463024871129e-02 4.469872481696344872e-03 8.579604115139497986e-03 -9.836235045993674611e-03 1.644344479605531345e-03 -1.154754158029310668e-02 -1.955559849772967387e-02 -1.918173410427754730e-02 -8.502674479943007641e-04 -8.620621285984897408e-03 -7.144059880761131041e-03 1.365288215475808295e-02 1.423187886834413650e-03 -1.015515698946497939e-03 2.116866399118831968e-03 5.338326348864673269e-03 -1.476125575365913774e-02 -2.819175669616875773e-04 -1.270547561381437773e-03 -1.869157457233217023e-02 8.739444160347746224e-03 6.228503913510425108e-03 -6.654425199500720685e-04 2.226843299638623427e-03 1.275996976146321141e-02 1.757668300162979966e-02 4.961193182385983946e-03 -1.854238035401789206e-02 -3.676807226868756238e-03 -1.871807482143518150e-02 1.545644068863435126e-04 -6.438477730804866017e-02 -5.053201032844428786e-03 2.639292718055345766e-03 4.563738663604073945e-03 -5.374669490351701405e-03 -6.714724245313574182e-03 -8.972552167063690964e-03 6.748633763837114628e-03 6.025419898005836966e-03 8.357643754352502008e-03 1.196409375059958409e-03 2.227794368981813461e-02 3.906077180528718523e-02 -3.473815804512738435e-03 2.939914908710343586e-03
0.000000000000000000e+00 0.000000000000000000e+00 0.000000000000000000e+00 0.000000000000000000e+00 -9.768521825650536283e-04 1.787129055134815958e-02 -7.297559377297769753e-05 2.248382248285262994e-02 -1.974045677828624792e-02 2.312440693077200821e-02 -1.474019995444881583e-02 1.998569661525926786e-02 -4.739478956412915972e-03 2.079839034335619063e-02 1.352097681552227350e-02 6.947357247736352104e-02 5.287516122966764293e-03 -1.788353774920203865e-01 -1.020677014791583972e-02 -3.761156794802525405e-02 -3.625855493101225180e-02 -2.359186875311933621e-02 -6.219942262102459707e-02 -3.185284923280484737e-02 -1.381279345642515664e-02 1.998301779162577063e-02 1.189248934275180525e-02 1.131901222828844873e-02 5.738279660069504906e-03 2.330234928096272876e-02 5.543641444424085400e-03 5.428473132102387688e-03 -1.272176555048177421e-03 3.489078166822382615e-02 -5.751720967767976964e-03 5.093884929091275354e-02 9.206714307710422984e-02 -4.355351074828918423e-02 8.790660973874970738e-03 -4.308475798947512536e-01 -4.456975655450337581e-02 -3.859798731187593507e-02 1.099996326170518159e-02 8.048794086238018203e-03 9.018870343757694197e-02 9.972392690450421204e-02 5.619610137820805207e-01 -1.210385923401548908e-01 1.320871169899063613e+00 -7.518297755077812949e-02 -5.808323290775971870e-01 -1.045163125816401251e-01 3.021962190187979402e+00 -6.556661162706743651e-02 0.000000000000000000e+00 0.000000000000000000e+00 1.330153162889871447e-02 -1.995960600913578020e-02 1.064613368045000397e-01 -7.866644311914004761e-02 -5.895297216467226126e-02 -1.019972629958042082e-01 -4.473832133663489113e-02 -1.033949055811379802e-01 1.099680942793588873e-03 5.807379127732648777e-02 1.157572048413986476e-01 -9.860562285992904852e-02 -2.905174865638245063e-03 1.008674539310681073e+00 -1.132198859817622749e-01 9.969441031260481423e-02 -3.716616424010051878e-01 -1.268959928824411110e+00 3.895097814861983587e-02 -1.613242266622821053e-01 -1.120076556767147236e-01 3.900976093007037238e-02 -2.898563630500893828e-01 8.738755000741361967e-02 -1.101483122471172832e-01 7.047181329591499788e-01 -1.988531833437926777e-01 -2.144153033796956584e-02 5.918351970955264996e+00 -8.546334237263155664e-01 1.531317456965466395e-01 -4.259296695144591804e-02 -1.772160493218270371e-05 9.589370042938189301e-03 4.671784740981490582e-03 1.296533081595159231e-01 4.037023787634042016e-02 -6.207563503175172678e-03 -1.141225715935794555e-02 -2.319067903239339090e-01 2.723645986459707347e-01 -2.635788092672861627e-01 -1.453088185904045371e-01 -8.204361731273170089e-02 -2.890827675497401397e-02 -1.021531498493795653e-01 -4.027809082958281883e-01 -7.328969075880532175e-03 1.747990285186136819e-02 -7.247780318010059453e-02 9.507488020949569907e-02 -6.129709196813433458e-02 -8.112180568714565110e-03 -1.482206040355000740e-02 9.184665588263006553e-02 -2.624053454027477916e-01 3.950217124863149992e-02 -5.308390647435361209e-02 -6.903619907977671943e-05 -6.189913635114216439e-02 1.038135192373349919e-01 -5.716595638105373411e-02 5.347345939473952675e-02 -1.353935980409961826e-01 -2.858731078745530008e-02 -2.101577165927213386e-01 1.235939827408312625e-01 -1.041218639628352705e+00 2.763688814117867560e-03 -1.491152452490155655e-01 3.557267906388666273e-02 -2.879090521502438577e-02 -1.561360887438161503e-02 1.135399835129276280e-02 1.809766451379536956e-01 -1.981593211869527305e-01 2.359465560733022341e-02 -1.839626517091134117e-01 1.174758430704648943e-01 -2.384520087095697016e-01 -3.959778142005369178e-02 -1.510737838718022863e-01
0.000000000000000000e+00 0.000000000000000000e+00 0.000000000000000000e+00 0.000000000000000000e+00 -9.548381907428490955e-04 6.945317030835076143e-04 -1.756984604303184379e-03 8.783075153068494291e-04 -6.314524041072060861e-03 3.983818053553619411e-04 -7.369628786945292163e-04 7.009156548447629219e-03 -4.504182972221915625e-03 -6.609092580150095287e-04 -9.718258213722593243e-04 1.844892024157708706e-03 -1.545595448830809409e-03 1.128854456858594500e-02 1.104196501046815146e-03 -1.809470548928854934e-03 1.780322035702252333e-03 8.692441515346498735e-04 1.347380442192795203e-04 -2.377729498406918034e-03 -1.479605479681219814e-03 4.679839910680255472e-04 -2.226624128066999190e-04 4.700307526558542351e-03 5.594332217986656107e-03 -3.014224860048638236e-04 1.287211315358490968e-03 7.942627658345538522e-03 -3.050546188783090297e-04 3.092326035601979540e-03 5.998304207940550721e-04 -2.179161109550171657e-04 -1.319020910895416301e-02 5.646000909176882195e-03 -1.274214429048760137e-03 -7.835542147892502959e-03 1.118195859127436333e-02 3.572488324141876066e-03 -3.214973494942052062e-03 -2.186969255635715700e-03 2.242690502011106333e-04 7.871837975512375324e-03 -1.118436401501731077e-02 -3.387496724502497749e-03 1.937200594311831725e-02 -3.665215605765003576e-03 -1.260022639039385696e-02 -3.152072039956502528e-04 2.888413347122623445e-02 -9.144615332688347392e-03 0.000000000000000000e+00 0.000000000000000000e+00 -1.257545506566507681e-02 -4.206084670855571306e-03 -4.306708382596258211e-02 4.572266564735814887e-02 4.424339655225020124e-02 3.607905131783943620e-02 1.386196513410940453e-02 9.776963213980950640e-03 5.226463221930250855e-03 -1.333274319990637204e-02 -5.005667812247031889e-02 5.172173351327653129e-02 7.637167225558911220e-03 -2.954019780503384651e-01 2.454400906726178500e-02 2.645732651661316086e-03 -2.583607942437882166e-01 3.834258900534103232e-01 -2.525485469360803578e-02 4.144106437666807835e-02 1.389917855836972100e-03 -2.417706848654917542e-03 6.459459824548359486e-02 -1.387232433538197751e-02 1.141967274657601505e-02 -4.457859394289803712e-01 6.302270508295690354e-02 3.580714423835034549e-02 -8.546334237263083500e-01 5.234107572007667963e-01 -8.987747926268734033e-02 1.968542044689350692e-02 4.877333635274276082e-03 3.867837511809413698e-03 6.777508969824530376e-03 -6.390690333897496023e-02 -1.565760156064867348e-02 1.174773842419620379e-01 -6.224213530555756241e-02 8.494433904439721572e-02 1.413860594991889381e-02 1.010040530150958932e-01 7.776788353020458108e-03 8.892541420084310033e-02 5.958984088008287792e-04 3.480454733529097372e-02 8.544676571647415175e-02 1.936132781459967353e-02 -1.687807088848269563e-02 4.305952028429949063e-02 -5.110469431859148565e-03 1.160051348937903883e-02 -5.640101168277289467e-03 -7.915910899907228557e-03 -9.795651748476557805e-05 -2.607399165377791584e-03 1.009149497357478753e-03 -4.981640378947101849e-03 1.908772668002474415e-02 3.328879504164826419e-02 2.597393059820117533e-03 4.035421648206505979e-02 -1.186719620955960057e-02 1.094574683411925729e-02 -1.220983201582570218e-02 1.482439986625503150e-02 -1.982675850797700062e-02 -9.536052055173872355e-04 -1.505198709286524432e-02 5.979670796221523560e-02 1.553689272743048874e-04 6.141260496446181855e-03 -6.406765853458938099e-03 -2.374162065211261712e-03 -4.565457403929206598e-02 6.995910960500996423e-02 -1.316558847410593570e-02 6.206884522345665345e-02 -2.246683937333451148e-02 1.166768695733455125e-01 1.648806213213384331e-02 4.657969344814882895e-02
0.000000000000000000e+00 0.000000000000000000e+00 0.000000000000000000e+00 0.000000000000000000e+00 1.651063022808566157e-03 3.869714901087641795e-05 3.198324321082495012e-03 -5.562085716177092055e-04 7.254334731965620363e-03 3.330839303947418385e-03 -5.623636582558062119e-03 -1.311419117586955924e-02 4.058361225721640077e-03 2.720518982509669871e-03 3.046323120508906326e-03 3.757922840015403068e-03 1.384910745670733540e-03 -3.035387622866479035e-02 -2.424347176472791982e-03 -2.075752030174411733e-05 -5.542888662580820226e-03 1.185435841095168127e-02 -2.598497262464648065e-04 -5.588823621303971954e-04 2.683980735940704083e-03 3.942660240890212033e-03 3.169229096398912260e-03 -9.572215303027464470e-03 -6.818268590182826813e-03 2.249595813036843212e-03 1.402780739454919778e-03 -1.558281112518332574e-02 8.785768750107629012e-04 -1.389620378437618313e-02 -1.546844117775711186e-04 2.618534833010632314e-03 1.288082975505046822e-02 -1.257335875568128900e-03 2.143694425828126908e-03 -4.347286963908576773e-02 -1.170167654497484069e-02 8.657868082814192340e-04 -1.479330787921826797e-03 4.549719863138531814e-03 5.566809354861316367e-03 -8.944178666470280550e-03 4.709664574563779404e-02 3.376528545781255428e-03 6.274559520757511111e-02 5.488204509255661077e-03 -4.231042588243951602e-02 5.771309918854538104e-03 1.356528945776425688e-01 1.143291906006890270e-02 0.000000000000000000e+00 0.000000000000000000e+00 1.600626432507358879e-02 -2.031148760693524211e-03 7.355564634369929355e-02 -3.865563559382779318e-02 -9.261032548002265385e-02 -1.249574964870917709e-02 -3.199846255344883806e-03 -2.727594716568558855e-02 -1.156418849807105530e-03 5.692971036294310668e-04 9.051647323902622944e-02 -4.432377097820214273e-02 -9.698064634883025656e-03 9.661971679374765920e-02 -2.634003393088295980e-02 -2.767654588967445248e-02 3.006492975548989421e-01 -1.362827457517373497e-01 3.491369887500783004e-02 -3.795239354216935895e-02 -1.709287769495945134e-03 1.526660186288615606e-04 -2.347870367385951340e-02 -3.741054550614308655e-03 4.845508564689702223e-03 5.104729575885057907e-02 -1.865609730238161623e-02 -1.309482290226044766e-02 1.531317456965639312e-01 -8.987747926268190024e-02 1.618278761759349149e-01 -1.035921423118271560e-02 4.353955289258388791e-04 -9.905008289483138717e-03 -1.466766326055464822e-02 2.330734346909735591e-02 2.625028933456919136e-03 -4.540795772481064779e-02 1.041957081438175253e-03 -7.152842403740301835e-02 2.430888645127044639e-02 -6.498837332114333620e-02 2.466089194289535630e-02 -7.683963953222722187e-02 1.508268701781782968e-02 -3.194637184710734379e-02 1.382680679667489150e-02 -3.593679983154209057e-02 6.094461287147094619e-02 -4.791728935672851658e-02 -1.556364835454516517e-02 -2.263632634181001781e-03 -9.895283119626899909e-03 4.342104815837190615e-03 -1.487584154655457840e-02 4.951447996260147089e-02 1.365406135298196169e-02 3.723089748676488599e-04 -6.690030639475354202e-02 -3.567422799411815171e-02 -2.350086348101191810e-02 -3.932789460723612462e-02 2.320983235422482277e-03 1.270348281669489085e-04 2.489980214097911246e-02 1.582853053223587381e-02 -5.051191138699673289e-05 1.205649788112806015e-01 4.211429197091295235e-02 -4.959854472828133937e-02 8.307610205847405088e-03 1.002938818868893793e-02 4.383698661946738850e-02 -7.271314120503781508e-03 1.900310803029359175e-02 -2.554705769596903389e-02 3.524176281892797691e-03 3.285094165749159745e-02 1.266376944953118188e-03 -5.877083937924415524e-02 -8.131932545764723047e-03 -1.224737620208803980e-02
0.000000000000000000e+00 0.000000000000000000e+00 0.000000000000000000e+00 0.000000000000000000e+00 -1.501189576001904968e-04 5.340494609580587063e-04 7.832437205976814417e-06 1.190343918797622793e-03 -1.016262120326950858e-03 1.509598428441889188e-03 -5.066815917025221803e-05 -8.003384979105730625e-04 -8.151122834368407276e-04 1.159928751503147863e-03 -9.108504857316267634e-05 9.151605434114847958e-04 -7.527712708263484959e-04 1.409481871991971223e-03 4.283471667111313740e-05 1.998551292831370150e-04 6.458488301705887129e-04 -8.490468484375920217e-05 1.155632237842186183e-04 -3.833091552266415167e-04 -1.579728024340842517e-04 1.026182202482374232e-03 6.365701080308939488e-04 3.354866830645525312e-04 5.514963927326420410e-04 1.225473836819138433e-03 2.552360821629566078e-04 1.721432049170290839e-03 1.424798982245207115e-05 7.364612545925667934e-03 1.514339008592998346e-04 1.028059485962126230e-03 -3.058911288429988322e-03 -1.723785530758768401e-04 1.441088327926960200e-04 -5.020871594519380615e-02 4.257962127357852247e-03 -5.655682051908442589e-04 -9.946795005918095903e-04 -9.976891285240145190e-04 -8.346213367783283325e-04 2.768168966371733174e-03 -7.590140161222816775e-03 1.559086590212183923e-03 -8.752737883118163684e-03 -1.514429480400721235e-04 3.837590890834453611e-03 1.359214954610460857e-03 -2.547315463204546243e-02 -2.427561368630703174e-03 0.000000000000000000e+00 0.000000000000000000e+00 -2.830865647260208222e-03 9.908287149601447547e-03 5.905154803643029209e-04 1.600342193679620342e-02 6.810243253971109446e-03 2.057024146438904064e-02 4.890427201497377953e-03 1.049371339572575772e-02 -1.172429743268643253e-03 2.787285929199401040e-03 -3.412573632004013268e-03 2.819588405630408731e-02 1.173169814638816205e-03 1.536954252428277164e-03 6.975869771722574726e-03 4.587586141691799512e-04 -9.179989930356427519e-02 2.029036029650749598e-02 2.718397716566474994e-04 2.130853673181557981e-02 6.741185000481032981e-03 -2.667082234409888074e-03 9.668939766619980697e-03 7.027577285182843615e-03 8.919088798124717504e-04 -3.912529045187285539e-04 3.635612039750531297e-03 2.006159035149559025e-03 -4.259296695145807499e-02 1.968542044689758005e-02 -1.035921423118526564e-02 1.935733267275174807e-02 1.315395989614790741e-03 -4.562375040419145052e-04 2.484939023047591858e-03 1.723159732791995635e-02 1.138881526098980100e-02 7.133447946231997495e-03 -3.533794960196873225e-02 4.047088236818652263e-03 4.456487145584568654e-02 5.352796673644716341e-03 -1.912780463856699267e-02 2.463369331018509800e-02 -2.665151113949677537e-03 1.977778953598751874e-02 -3.212727454477420225e-02 7.758588107666457637e-03 1.741149676542527291e-03 2.439029408836351082e-02 -9.857446190661947778e-04 4.379648403039542912e-04 -2.213103352893199156e-03 1.519793899602443939e-03 1.393778748694074216e-03 3.381562039443349477e-03 2.838489987025767571e-03 9.147543138060744861e-04 -6.689542512467212690e-04 2.151732192756836137e-02 3.723561164321983769e-03 3.654630752446961367e-03 1.366027837645146731e-03 3.256709917969790018e-03 -4.921034124217194168e-03 1.011435637849808760e-03 -3.340982528954724359e-03 -3.836887162619129210e-02 2.281636029323439591e-03 2.425328137546910179e-02 -7.180130744382392377e-03 -7.877745727940185794e-04 -1.343425551757839159e-03 1.638807943821566845e-02 -1.123661267757716581e-03 4.917665402676780692e-03 -7.379257299559864071e-03 -7.011139316814576743e-03 1.332271663315175462e-03 1.348387395372107646e-02 -3.241264891001456854e-03 8.310001338515548078e-03
0.000000000000000000e+00 0.000000000000000000e+00 0.000000000000000000e+00 0.000000000000000000e+00 -8.992311486521594398e-05 -2.323637074784653221e-04 -7.104980347605304185e-05 -7.107710391449781817e-04 -9.561737624110247698e-04 1.374585149777534450e-04 -1.666076354584172196e-03 4.780200260184450014e-04 -9.512156342559388317e-04 -5.257859684031467029e-04 4.793925137655785087e-05 -7.547212763943852705e-05 -2.551723887662916360e-04 -2.947043175259495603e-03 -1.246873058517254911e-04 -2.210298519344074336e-04 8.549393007209604299e-05 1.418378879999462275e-03 2.323151373336924605e-04 -3.611105212084786561e-04 -5.237724850690516834e-05 1.299382311445452105e-05 8.806439790555102391e-04 3.702923037361847340e-04 7.779273535386525438e-04 -3.830700206897071666e-04 1.087544651686103486e-03 4.668841901217712291e-04 -1.192739726183063910e-05 -8.652070026123938069e-04 7.775653477569446329e-05 -2.094874098922761896e-04 -1.324232536022778737e-03 2.074932438998551467e-04 1.120132590060063664e-04 -2.587199680943830238e-02 9.880750383221810831e-04 -2.339598031854545339e-04 -7.741226528215942263e-04 -3.812322242181940450e-04 -2.126985291676179973e-04 -7.607133069769730221e-04 1.402334114817253450e-05 2.140868737615868756e-03 -1.548553189427455531e-03 5.849768829656578012e-04 -5.879320276942130198e-04 3.014624765015833270e-03 -8.275876035682005680e-03 2.841151113475463833e-05 0.000000000000000000e+00 0.000000000000000000e+00 -1.180012737784746739e-03 6.785803722347939033e-04 2.845825439758892239e-03 1.956811209581370194e-04 6.033288425288888673e-04 2.317603111339874063e-03 1.043723058149179355e-03 -3.282987578026177284e-04 -6.755477237952984106e-04 2.805186083851365399e-03 1.775129108217151676e-03 1.707692575716136243e-03 1.531339804040496235e-04 4.266053612095476095e-04 1.292999227683675921e-03 -1.717151223688934874e-03 -1.327269129571550209e-02 2.944674928771196659e-03 5.337123389019509789e-04 1.626208540114410742e-03 3.350545338809617860e-04 -1.055008720903104430e-03 -1.009767208669502423e-03 3.566496621160626136e-04 -5.608743171948168030e-06 -2.427960498205593808e-03 1.370514784978351178e-03 -8.458490491993110464e-04 -1.772160492975505307e-05 4.877333635272376559e-03 4.353955289258581779e-04 1.315395989614936674e-03 2.256344329792860526e-03 -3.298233960567672736e-04 2.853080655062454609e-04 3.707509704692450551e-03 1.247504748656148984e-03 3.845458469113676239e-03 -6.521218354674952235e-03 -4.526487277569746746e-03 1.213760256603326620e-02 -4.317123642085937338e-03 2.415440224773507567e-03 -2.709508112793366022e-03 1.028120044986452757e-04 2.786830040491525620e-03 -1.081876338374510547e-03 -2.806538642260980859e-03 1.560783024623460654e-03 1.384485374217246136e-03 4.568875010007746984e-05 5.350687691098107040e-05 -1.641232514815831739e-03 2.900184357077946191e-04 -5.632471262636873409e-04 5.076677016302898410e-04 2.670313187603860078e-03 -7.140007723914820531e-04 -2.255113285598851856e-03 1.462784579629326700e-03 2.475176159512078940e-04 -1.332574071824496652e-03 1.655891768646958195e-03 -3.579491867629047675e-04 2.044119495307930145e-03 -8.376494880018707815e-04 5.606913879187341247e-04 -9.640088189737912663e-03 5.822077174487851189e-04 1.804129758968694335e-03 6.791208992942852690e-04 5.153199595612040175e-04 6.301381011407295027e-04 1.771428921304286572e-03 4.322651640163996194e-04 -1.948852756636495424e-04 -1.317301673012875136e-03 -1.267906963031336818e-03 7.590244091608164094e-04 2.396636120399806935e-04 -7.143898001619663693e-04 4.111582852569201454e-04
0.000000000000000000e+00 0.000000000000000000e+00 0.000000000000000000e+00 0.000000000000000000e+00 -6.733835738961541778e-04 7.730262305464447091e-06 -1.570779623750834849e-03 -2.614933520577162706e-04 -2.920009753095258349e-03 -2.462425387363641020e-03 2.115777281109306514e-03 7.610427326170302043e-03 -1.638742334200448889e-03 -2.208262149662629410e-03 -1.138680581967691473e-03 -6.481328199553113793e-04 -2.245399344196256390e-05 5.947514978794821335e-03 8.891241608177133469e-04 -1.702674953247179700e-03 1.158814732102597276e-03 -3.759986237410636607e-03 -3.204438597695475705e-05 5.189643467797473876e-05 -1.003340233461769366e-03 -2.292734556888426697e-03 -1.400474564925892167e-03 4.784154641946040259e-03 2.717457149090571431e-03 -1.940687791707019789e-03 -7.217520301277941235e-04 7.384590265908004721e-03 -4.373127995272353013e-04 1.708544649277866706e-03 -1.530515801971273440e-04 -1.145255513752931444e-03 -1.179365993882377367e-03 7.509586184755884805e-04 -1.983186057394093881e-03 3.137743367132780903e-02 1.176300160818053884e-03 -5.776878810093247522e-04 1.604431736974324578e-03 -1.023023161478194823e-04 -7.253167203995677373e-04 5.954367571287579215e-03 -5.535764923201172069e-03 -5.667510640386123205e-03 -4.987616944727646211e-03 -5.059384619396657332e-03 6.428105393838577999e-03 -5.702504240372009356e-03 -5.233003740387665199e-03 -6.472438870839021183e-03 0.000000000000000000e+00 0.000000000000000000e+00 -8.772066814359540544e-04 -3.409945949105869147e-03 -3.654948194204038145e-03 5.244772756639815015e-03 5.163827598859488215e-03 -6.638204710067824831e-04 -2.450261498353995893e-04 -2.283698692984891985e-04 1.461816148776756436e-03 6.644034450373979481e-03 -6.071715390528187144e-03 2.353475068766383918e-03 1.009195681641926988e-03 -2.943394711845551473e-04 2.873608838425856238e-03 2.273824709597385002e-03 -4.227478910604006573e-02 2.002994209461245786e-03 -2.190228712960509000e-03 1.446468520335124613e-03 -1.991060094732410943e-03 8.578721835300366291e-04 -2.279012887839303343e-03 -4.042615608722146094e-04 -8.689099492154420991e-04 -2.397221739398481405e-03 2.092735557738342571e-03 2.299661189840557923e-03 9.589370042935405070e-03 3.867837511809842609e-03 -9.905008289483461376e-03 -4.562375040425185142e-04 -3.298233960565131366e-04 6.159363450950884437e-03 1.253945719684074938e-03 -7.130235081442897957e-04 2.968741175198214444e-03 3.725856409927087980e-03 -1.297443160781198371e-03 3.266876274776516799e-03 6.515084873615432579e-03 2.433609676007969427e-03 -4.799494678677115878e-03 3.548538670488344052e-03 -1.406220006080393476e-03 2.045377726284285883e-03 -7.156536788918079102e-03 8.155881528334619555e-06 -3.012377501330017540e-03 1.934908701092932348e-03 2.067865141937526730e-03 7.423967510421340676e-04 -1.171703764564412066e-03 -5.673666920442589504e-04 2.553900494435683809e-03 4.740894122829170283e-04 8.821019493231094244e-04 -1.582640005412550791e-03 1.506436712716261546e-03 1.465283399147574318e-03 3.686092389006246674e-03 1.332253084824031085e-03 3.740292291527049558e-03 -2.190607222110158188e-03 1.315219018218000092e-03 -1.844812497352057035e-03 -3.341425839448331891e-04 -2.465560994937024061e-02 -2.881776715667360399e-03 3.323392326765703571e-03 4.234618424695691264e-04 -1.117299350891531960e-03 -4.037009200072897742e-03 -2.494756507321244793e-03 1.189362326927830959e-03 3.253467822516013970e-03 1.102965896620683754e-03 -4.548962020963438595e-03 1.331567066893554361e-03 4.750443045907546021e-03 -2.823625736718586490e-03 4.520543059997819343e-03
0.000000000000000000e+00 0.000000000000000000e+00 0.000000000000000000e+00 0.000000000000000000e+00 -3.172204355652366581e-04 -2.394177413608905526e-04 -6.805923028401671604e-04 -3.371551140697798331e-04 -1.325459147336981343e-03 -7.931864239760149727e-04 6.519292414301682687e-04 1.739234078100704598e-03 -8.962147936186870383e-04 -7.701428772170165011e-04 -8.089157821153227044e-04 -1.374739750279456441e-03 -2.132680313156997808e-04 7.371473549288590221e-03 5.563500676792459401e-04 -1.903748601781018058e-04 1.186117902066751578e-03 -2.867036483049311920e-04 1.095844070594584763e-03 3.377916907787798179e-04 -4.000005309115205491e-04 -7.746619229361943228e-04 -4.306319029710682558e-04 1.169680287274595804e-03 1.618686333748242407e-03 -7.121785601606108731e-04 -3.681434873609832508e-05 2.091049325415357193e-03 -1.443606112665426252e-04 1.889227284579638767e-04 1.010582441113449148e-04 -1.114861521927175284e-03 -3.202832623781260660e-03 1.073538458053690213e-03 -4.618980585451709642e-04 -2.324220051714474822e-03 2.521957174094796323e-03 2.650300643581302365e-05 -1.878671396059218568e-04 -5.988161690463930480e-04 -2.270979326807071215e-03 1.462359053778486320e-03 -1.579450078377665420e-02 -5.394782377119905275e-04 -3.131420832933166226e-02 -1.103760579079108737e-03 1.273014978808964873e-02 -1.367317351540571664e-03 -6.660479694733703604e-02 -2.368600930588571699e-03 0.000000000000000000e+00 0.000000000000000000e+00 -3.407666316876338270e-03 5.744379729525464539e-04 -6.134217089535061625e-03 4.024836164972569845e-03 9.243322365939481838e-03 3.117488128339671646e-03 1.706868220709689514e-03 2.474223685794718977e-03 -1.038531312897600714e-03 2.580286164488554933e-03 -7.882935416004975895e-03 7.738843902253416535e-03 8.828725839834442165e-04 -4.455274610917013545e-03 -1.016843672843655488e-03 4.463814666914265109e-03 -4.578312405565629351e-02 8.196991159976317609e-03 -3.281661306848621985e-03 7.017186963128124039e-03 1.855033848352375401e-03 -3.468539131087887157e-03 4.987888642221700516e-03 5.277224355253281284e-03 -4.834058899953422458e-04 -1.707761794751096445e-03 6.000417972304413275e-04 4.440011005559986066e-04 4.671784740975184862e-03 6.777508969824567672e-03 -1.466766326055460833e-02 2.484939023047198509e-03 2.853080655063557785e-04 1.253945719683861567e-03 8.412085844090212358e-03 1.010669951271544846e-02 3.460839075221284339e-02 1.459321694783343067e-02 -8.310956779856798482e-02 -1.081445677186680318e-02 1.501144781498868763e-01 -9.596899052164960600e-03 -3.838701298507755238e-02 1.910479063619166182e-02 -1.058656849486156815e-03 8.580854469280040780e-03 2.187365610404769841e-03 2.057767267986842195e-03 -3.678417688741837232e-03 8.847850313371831074e-03 -6.162513317504719887e-04 -8.968740871651320785e-04 -3.594376076894996268e-03 4.851600428018870313e-04 -4.393340199338090224e-03 -1.478585414441433050e-02 3.325023871063719286e-03 1.954055775052998892e-03 3.642730238635585958e-03 9.058174028639948486e-03 2.154582658740441473e-03 -2.690393970990650856e-03 3.597253868593645702e-03 -5.702134186874643559e-03 4.271462619313624864e-03 -1.150267476151960871e-02 3.147637270815459472e-03 -4.146125567427458303e-02 -3.274861002603726267e-03 6.905982228717176021e-03 -9.365496981719101041e-04 8.253204195031150180e-04 -5.255853170197490650e-04 6.576278382086586834e-03 -8.391889083531417493e-03 -2.247108386940643420e-03 -3.646393656949538115e-03 -4.722449313986616312e-03 2.313587723846863287e-03 4.834352653373696386e-03 2.216251040267786312e-03 -1.709491527373281812e-03
0.000000000000000000e+00 0.000000000000000000e+00 0.000000000000000000e+00 0.000000000000000000e+00 -3.329290654361164153e-04 1.590655975221191680e-04 -1.221054918722931995e-03 -3.872368477822323322e-04 -3.364714216428060355e-03 1.876962606729579586e-03 -1.170791455904290684e-03 1.665661077540454230e-04 -2.976897260781675818e-03 5.005056739231961583e-04 -2.198564389514313672e-03 -9.613563365792011581e-04 1.515640373163682853e-05 -1.620156837879339895e-04 1.434561243592578830e-03 2.985195432673513720e-04 2.474880989753765973e-03 3.250381697349204527e-03 6.428068174714519217e-03 1.311789002484606108e-03 -7.012709529459447422e-04 1.381380036043164091e-03 7.355848836515040297e-04 1.474623173899594804e-03 3.225521292060950802e-03 1.076385743754149429e-03 1.278033257961888646e-03 2.588548497405196002e-03 -3.284912207408346649e-04 4.444696137391653326e-03 3.758571213681129370e-04 1.492273779393365942e-03 -7.404533426999689548e-03 2.423833229050568246e-03 -1.399233416765118454e-03 -1.037931445949587805e-01 8.940951419775151204e-03 -1.426733757620944187e-03 -5.386032991941016972e-03 -2.639955493584754918e-03 -5.653554300831491533e-03 2.897702176166195610e-03 -2.407270010456892539e-02 1.608888156418230089e-03 -7.828056230775995439e-02 1.804254484416951086e-04 2.731304003651575246e-02 4.009423711223750707e-03 -1.722351551767143663e-01 -3.014817516951902223e-03 0.000000000000000000e+00 0.000000000000000000e+00 -6.235655776577775714e-03 1.241968470051582271e-02 1.880393386965877392e-02 -4.790961482703912262e-03 -8.082519171534125260e-03 1.504257526150195451e-02 5.295268192723322220e-03 -5.510024130899149677e-03 -5.213100177615424130e-03 3.637474266043299286e-03 1.582678655671848622e-02 1.310761094176514374e-02 2.597015924163032820e-04 7.799146505083824621e-02 4.985530862283224160e-03 1.992047795137530386e-02 -7.212708194185619981e-02 -8.585094982589953905e-02 3.644364369505771230e-03 2.882752892801619671e-02 2.957068237698959670e-02 -1.715699091174585980e-02 4.107379944253244236e-02 1.136262732403364034e-02 -1.390554343539725322e-03 5.954845233474653776e-02 1.756698146338159586e-03 8.714600682989319044e-03 1.296533081594351544e-01 -6.390690333894460951e-02 2.330734346908784962e-02 1.723159732792127474e-02 3.707509704692342565e-03 -7.130235081416030343e-04 1.010669951271740870e-02 1.922583140215836650e-01 6.929138934116323145e-02 -1.282112004952013218e-01 -1.218728210220561547e-01 -2.155395837572808559e-01 2.550759547622904466e-01 -2.115619346000109091e-01 -5.235962503700415660e-02 -1.027978112570361868e-01 -4.125050663335433354e-04 2.289524409207003772e-02 -4.950209745302983078e-02 -1.465346835220362673e-02 2.557961986967624904e-02 1.127260598547095462e-02 -1.174788384204234447e-02 2.092507315060759994e-03 -3.219941307135756881e-02 7.883926729821768425e-03 -2.138133342896436639e-02 6.661317908352277876e-03 3.283877602003348883e-02 4.218823145473359938e-03 -4.836979763009027766e-02 9.589402873600598454e-03 -3.757427924221028517e-03 -2.663738934790148283e-02 3.467140068765891397e-02 -9.237677995913165865e-03 5.922487396862492759e-02 -1.410115677625015454e-02 6.916078578805904230e-03 -1.328396358537423383e-01 1.076342549536689515e-02 1.763756915701981606e-02 -3.989859268706714111e-03 2.236994501356505752e-03 3.285444635947277342e-02 3.197698620297275470e-03 -6.471468728262565195e-02 4.732246948782542831e-03 -2.733442530848554167e-02 9.474949901939968763e-03 1.946061442290304656e-04 6.256773570807713791e-03 1.989897842153176642e-03 5.448481082809955751e-03
0.000000000000000000e+00 0.000000000000000000e+00 0.000000000000000000e+00 0.000000000000000000e+00 -8.464298841425384754e-04 -1.856990660730763708e-04 -2.295149850891879326e-03 -5.197814655758118199e-04 -4.167431926725314630e-03 -7.995204613346577199e-04 2.140548542947407883e-03 3.648647647243077365e-03 -3.045057185467383524e-03 -1.032205922414763943e-03 -3.433945746224824434e-03 -3.082698268889183957e-03 4.093607941203277617e-04 2.256506770888542721e-02 3.588036147582411312e-03 -3.304138874677007773e-03 3.837263997301732562e-03 -1.613989330753991605e-04 7.274456685944090048e-03 1.482881766594220958e-03 -8.538533483212579168e-04 -9.946881066067768742e-04 -8.495849239001300283e-04 2.716082586120412926e-03 5.751490694282624175e-03 -1.101963360526963392e-03 3.764480210845247356e-04 7.752913233993396006e-03 -2.619678583601380614e-04 3.891603868340528377e-03 4.991866617022639330e-04 -1.300635425528040828e-03 -1.047825127211642407e-02 3.418657767773457951e-03 -4.873407814815189018e-03 -9.644325138988846247e-02 1.066642030918219658e-02 -1.506442215966992751e-03 6.564021350950050016e-04 -1.156254816356784912e-03 -8.277277449824831448e-03 1.080567645392463590e-02 -5.284681624580039871e-02 -6.513956388427838938e-03 -1.162255650234968463e-01 -6.230014800768425391e-03 4.309339720416521108e-02 -8.700708243501916253e-03 -2.442620735621869044e-01 -1.215871855185579956e-02 0.000000000000000000e+00 0.000000000000000000e+00 -9.802146577528609434e-03 1.234966144037613449e-02 5.048371911852993568e-03 -4.201469178125652459e-04 -1.526238610431905618e-03 1.496342251953076963e-02 9.607877370890536076e-03 8.100538277517345051e-03 -1.125990580743809963e-02 6.075195184338600188e-03 -1.882852871593306172e-03 2.733925020696467353e-02 -2.036065050337538488e-03 3.482526897490935414e-02 -2.113477000961444530e-02 1.539460445623559411e-03 -6.618562290044933960e-03 -2.392180859835473655e-02 -2.427448499959646618e-03 3.555076509147449965e-02 1.551334983832339601e-02 -3.322770689639100578e-02 3.909185342148883274e-02 2.986429035836842341e-02 1.560693099203192252e-03 3.798552200097606024e-02 -1.734003239106359732e-03 -1.625989463025641346e-02 4.037023787629473448e-02 -1.565760156063906658e-02 2.625028933450549232e-03 1.138881526098917303e-02 1.247504748656306844e-03 2.968741175199633014e-03 3.460839075221455730e-02 6.929138934115526560e-02 2.924353851454713493e-01 1.204943266914164368e-03 -4.161028930038821461e-01 -8.091592065214218976e-02 7.936475082171979833e-01 -6.080212006532696029e-02 -1.909274064150292272e-01 1.128399869877845935e-01 2.683501780800447330e-03 3.196588385333535426e-02 2.844146676555590891e-02 1.833841308651465614e-03 1.129630148231893991e-02 2.847161971394680108e-02 -2.962423765636839484e-02 -6.936456727362307235e-03 -1.811917099356051206e-02 1.040923682862230498e-02 -2.948171206314823337e-02 -3.447124908226131823e-02 1.393316110899211341e-02 1.933879572145463105e-02 -1.023151354534528913e-02 3.387636540277928071e-02 -1.810746441483884403e-02 -5.702708376968097792e-02 1.491708975434588233e-02 -5.962951857005495404e-03 1.706562443629786388e-02 -2.342516366971692660e-02 8.686000503946359613e-03 -7.875169316003279019e-02 7.113777899316919492e-03 1.704729581992516993e-02 -9.907042012928208435e-03 1.226948231082600552e-02 2.771175192019371611e-02 3.951997320353184406e-02 -6.789412646651515892e-02 -2.208342038464680690e-02 -2.791072640412863362e-02 -1.813148690426674703e-02 -1.566132166714895996e-02 -1.018223228345337301e-02 1.068678721810558882e-02 -2.174651546775970695e-02
0.000000000000000000e+00 0.000000000000000000e+00 0.000000000000000000e+00 0.000000000000000000e+00 -1.263601013809472710e-03 5.165302034002903879e-04 -2.011653017310372285e-03 -2.091696597827773924e-04 -6.314124186633107358e-03 -2.314737824210286697e-03 -3.836319829246862510e-05 4.998945152260130149e-03 -4.122908164945171886e-03 -2.520742330111223808e-03 7.297120437382359969e-05 -7.094930322361762444e-04 -2.442541489191966779e-03 1.382022876934459188e-02 -1.471573445423424165e-03 -3.791105018983644860e-03 -1.059622768925065086e-05 -3.065235855705145552e-03 -7.600798218944928783e-03 -2.755141677926111962e-03 -1.979150007470883987e-03 -3.325214045869536415e-03 7.547194970639525477e-04 5.449946825373875800e-03 5.907765891223621529e-03 -2.047851873598833736e-03 3.769689000628177744e-04 7.919363673128921102e-03 -3.834506611938436234e-04 8.675480320902810571e-03 1.748130828789315905e-04 -1.491822283880008329e-03 -1.063353788998028758e-02 1.319497959247792947e-03 -1.879414325682152512e-04 -5.540404697018436186e-02 7.853060242811030212e-03 -2.266312842559200288e-03 -1.431259034334990410e-03 -2.587929579168103331e-03 -1.243038544486071159e-04 4.142278062444659792e-03 -1.558518788706176814e-02 -7.927427407387582347e-04 -2.639694761955004021e-03 -1.239462051021865538e-03 -3.107738921606045465e-03 -1.463418061418253480e-03 2.459138782302626794e-02 -7.641433236419166788e-03 0.000000000000000000e+00 0.000000000000000000e+00 1.011412517201273550e-02 -1.580398219811775251e-02 -1.508681986132899382e-02 3.010706522621980560e-02 3.714563981336069243e-02 2.517502546327529678e-02 2.995941358450291553e-02 -1.142269120250648771e-02 -6.538656063789238110e-03 2.872856551397532862e-02 -1.853710048607980221e-02 3.820685025590671302e-02 5.032887980933863428e-03 -6.904815682249278164e-02 -1.103039571129955584e-02 1.181203228974381800e-03 -3.609445662182302894e-01 8.947654149854163130e-02 -6.484808374049969709e-03 -1.045409054599362626e-02 -2.333833772676084661e-02 1.648415434387918294e-02 -4.524438920194483182e-02 1.691364884851600733e-02 -1.117757465121000564e-03 -9.928841124416441788e-02 -5.312725519831443428e-03 4.469872481687740644e-03 -6.207563503173234992e-03 1.174773842419496311e-01 -4.540795772481281273e-02 7.133447946233661095e-03 3.845458469113448990e-03 3.725856409923255542e-03 1.459321694783517059e-02 -1.282112004951947160e-01 1.204943266912106986e-03 5.090448914837676364e-01 -1.921294742478951156e-01 1.134995565060826495e-01 2.529750316895866269e-01 1.148695351121129804e-01 -1.372188232796181170e-02 1.390808843486497914e-01 -8.886825122221800495e-04 9.608992404799078166e-03 4.358491777900459080e-02 2.760666412462820657e-02 -9.464448313376006006e-03 2.986686657054225466e-02 1.298175434029225084e-02 -5.123463603415826656e-02 -1.412286248111131043e-02 -5.728224966913242691e-03 -7.583672797044140393e-03 -9.133977357073003178e-02 1.429055502484295574e-02 3.192315014296199030e-03 1.093410942133122774e-02 1.213932313581476442e-02 5.338641644828177185e-02 -4.610632795863353617e-02 1.922325864854246280e-02 -1.373696650645003445e-02 1.824964370928255225e-02 -3.466177586357693102e-02 2.320282433441977002e-02 -2.127525383905700118e-01 -6.097999625821306016e-03 2.866447641514960343e-02 -1.108524027408675124e-02 -5.120373418792296960e-03 -4.024235354054512409e-02 1.242159885967220045e-02 1.042169726860909806e-01 -1.169565997147703311e-02 1.121774711769368306e-02 -4.564006569366117066e-02 4.875935553538682243e-02 1.760033875369270209e-02 -1.941083328906943392e-02 1.343354454565410909e-02
0.000000000000000000e+00 0.000000000000000000e+00 0.000000000000000000e+00 0.000000000000000000e+00 1.639047600890147132e-03 3.143269237500836456e-03 3.494443277745096742e-03 4.835009736243366107e-03 5.656529321923477009e-03 4.648315143905509123e-03 -2.037485767430562145e-04 -2.712498129000712275e-03 5.797629831365331068e-03 5.832401718359421505e-03 5.838189939459576677e-03 1.348785734095999354e-02 2.384596557435868409e-03 -5.796203502870062724e-02 -4.281321460504874075e-03 8.092004766144418604e-04 -9.217539510790595872e-03 -1.284241791425146453e-02 -1.563515171034165346e-02 -3.732210361538340626e-03 1.564072875003429857e-04 3.659221636603692332e-03 6.177500065911441067e-04 -1.249016665217635245e-03 -9.979807942558144643e-03 5.806653092065870714e-03 -2.163835676222772893e-03 -6.549294596676816238e-03 2.382759877287186174e-04 1.232616505581324989e-02 -1.822197420252356145e-03 1.147990793802266575e-02 3.132436645030546585e-02 -1.425651951666829370e-02 3.305907943307897362e-03 1.158701484558907202e-01 -2.540430452178961407e-02 -3.862716352799203459e-03 6.917110989837764456e-03 2.602975343088325972e-03 2.463828773581793266e-02 -2.305679558535421621e-03 1.626372380959505426e-01 -6.611492580980338554e-03 3.634973473519242382e-01 1.183862499201097495e-03 -1.245137470138893004e-01 -7.879175340462576949e-04 7.856801069939187698e-01 1.152099921000611371e-02 0.000000000000000000e+00 0.000000000000000000e+00 2.463117837789446582e-02 -9.755647914429618067e-03 -1.169625452737613029e-02 -1.770791109147835940e-02 -9.344285111481935580e-03 -4.216820609537143272e-02 -2.437521933818492456e-02 -1.802244206021544337e-02 1.452732098419340021e-02 -3.389175943069788061e-02 -6.454974174125931163e-03 -8.240674863302004105e-02 -5.503147197356037879e-04 1.008453470455802220e-03 3.001329937837884237e-02 -1.281359278032102346e-02 2.846433327931103263e-01 -3.780079462557096176e-02 -7.893360741169336281e-03 -5.711222419499467629e-02 -3.862186834867387120e-02 3.956461951966243340e-02 -4.076991589387926607e-02 -6.693420344599931848e-02 -4.217982459416912827e-03 1.774498082357570811e-02 3.853122682961687695e-04 8.579604115155958777e-03 -1.141225715931726281e-02 -6.224213530555564727e-02 1.041957081443223299e-03 -3.533794960196736529e-02 -6.521218354675391120e-03 -1.297443160779585729e-03 -8.310956779856716603e-02 -1.218728210220365871e-01 -4.161028930038672691e-01 -1.921294742478731332e-01 1.068774676642694210e+00 1.686180349944790824e-01 -1.832325851332989197e+00 1.388280655633308269e-01 4.568244382454110242e-01 -2.215651983732931096e-01 -6.403457735665652947e-03 -1.136018333573162453e-01 -5.277279721451982875e-02 3.180742171182567024e-02 -3.074201853863070544e-02 -8.526814240911569087e-02 3.047920893427164685e-02 9.496183430385244859e-03 5.769057864722045015e-02 -7.376135968380284624e-03 7.898723093226731051e-02 1.407541111424649161e-01 -6.374744839489623893e-02 -2.875696369814428888e-02 3.633756090610989337e-02 -9.804079188169063930e-02 1.760459574438238972e-03 7.442694176631881042e-02 -3.660730298648696285e-02 6.622326830602481840e-02 -7.510260441092916905e-02 1.271890150547065612e-01 -3.584461417832943142e-02 4.003329869745724801e-01 -1.360610787293656601e-02 -5.651049981676305178e-02 7.323497406240908961e-03 -2.563025557086687223e-02 -4.382317017220446753e-02 -8.748476285047304679e-02 6.997033112012052136e-02 4.941581081283932114e-02 5.619596270020291856e-02 -2.726574059078553519e-03 -3.414312492208042976e-02 -1.937448693187815082e-02 -1.142937443422557819e-02 1.974725137924317891e-02
0.000000000000000000e+00 0.000000000000000000e+00 0.000000000000000000e+00 0.000000000000000000e+00 -8.001062746239710516e-05 1.000000767329459542e-03 1.011325945924287234e-03 3.636359826321661735e-03 2.541408412267495524e-03 -8.295325688464985636e-04 3.933644557933666311e-03 1.798666952228369920e-03 2.641997315719226032e-03 1.125654959529966788e-03 2.133153111243166200e-03 2.982181159206434909e-03 -1.148402710868120851e-03 5.380582649906106435e-03 -1.705604636682646813e-03 -9.259864700748758962e-04 -7.385347859353067444e-04 -8.682117156403261482e-03 -8.074672116049874324e-03 -1.641818024353841610e-03 6.606087260652321628e-04 -8.115422918412813422e-04 -1.309219202145666880e-03 1.149439113713427059e-03 -3.144096275068363356e-03 5.340879284953239589e-04 -2.235114090877394436e-03 3.982508369535458712e-03 1.289966506680086588e-04 1.148510844930913932e-02 -4.966921449841214635e-04 -2.799655859551988791e-04 5.362929680730495197e-03 -3.710445554886109432e-03 5.259083136159530382e-04 7.507354643112484904e-02 -5.281666114843464564e-03 2.278069544006606009e-03 5.456729191760998146e-03 1.774829426321672312e-03 5.838158756149432541e-03 3.763969859965521358e-03 1.788059331486627213e-02 -1.881221907009671124e-03 8.970865993493593038e-02 -2.438218605226142015e-03 -2.295161238876642154e-02 -5.630727738050601838e-03 1.883514152378835127e-01 -1.956631495703976473e-03 0.000000000000000000e+00 0.000000000000000000e+00 3.015919302004029141e-03 3.665324177438607396e-03 -3.530960827200183005e-02 3.221872954529769739e-02 3.113793134763693030e-02 5.019717231286426572e-03 -5.895711646233689485e-03 3.743834339084088636e-02 4.339383257045061927e-03 -1.067487863825082942e-02 -4.438287954475850922e-02 2.515558460492700252e-02 1.901063502672498389e-03 -7.969916745564609162e-02 6.685772425710623419e-03 -2.358768482282938214e-02 -9.707437519675728849e-03 1.247496335634652037e-01 -9.879848399246524832e-03 2.662922519708232905e-03 -2.531740079937813345e-02 2.131514927246977095e-02 -3.313572304187830525e-02 -8.142726421857515370e-03 1.796907206505136707e-03 -4.670215385694054949e-02 2.086768805926828875e-03 -9.836235045993737061e-03 -2.319067903238510586e-01 8.494433904436379801e-02 -7.152842403739215205e-02 4.047088236815929614e-03 -4.526487277569863840e-03 3.266876274774766029e-03 -1.081445677186971925e-02 -2.155395837572830764e-01 -8.091592065215469365e-02 1.134995565060843009e-01 1.686180349945150536e-01 3.129656446900782596e-01 -3.541716972973522615e-01 2.956498790472988913e-01 5.475165691308538779e-02 1.552960589616520504e-01 -7.784034722894128677e-03 8.422953389789840546e-04 -8.253840741525887703e-03 3.908822355605644228e-02 -4.561444747879661588e-02 2.603479452646884074e-02 1.509906606368953755e-02 3.309421369413043557e-04 5.027984173270363955e-02 -7.033986857195011037e-03 4.036645563483267501e-02 2.093858844045352798e-03 -5.129544845696795696e-02 -3.742226165031665823e-03 8.121081724059536766e-02 2.482645325460873867e-02 8.447801409950580001e-03 5.362504242710654234e-02 -4.993701240151462301e-02 2.889967688018527103e-02 -1.065200227100400326e-01 2.960444962808062713e-02 -2.047225182096098356e-02 1.583717479738405987e-01 -1.830844687015627595e-02 1.421437639121928345e-02 -1.024057489936690962e-02 -6.356572754422739127e-03 -4.901099793743919630e-02 2.286552043899527098e-02 6.823146150780608210e-02 1.169248541743426063e-04 1.735079933861538234e-02 -3.872691654869366701e-02 -1.154457977637518042e-02 2.388954197844786551e-03 -2.189839197792116735e-03 -3.169264063709766391e-03
0.000000000000000000e+00 0.000000000000000000e+00 0.000000000000000000e+00 0.000000000000000000e+00 -3.507274671825022158e-03 -4.660816174585470997e-03 -8.199261175273163393e-03 -9.348618444001848687e-03 -1.561994400186160308e-02 -9.595579593880017993e-03 1.975981028600219333e-04 1.168536525949806330e-02 -1.327711030465065535e-02 -1.157343352142516275e-02 -1.131820857400550953e-02 -2.115018971960628061e-02 -2.023479894492994334e-03 9.187967224574676572e-02 6.991437525088378679e-03 -5.139000542106413050e-03 1.565395422312041568e-02 2.065988739419824180e-02 2.442808643649528252e-02 5.430244730551897492e-03 -2.796751970426477121e-03 -8.137670385483674121e-03 -1.116361293418531835e-03 6.629106856241859594e-03 2.278782266908918608e-02 -1.127391515755295920e-02 4.278496073757948222e-03 1.719712845335292020e-02 -1.228983709547021731e-03 -2.085554596450584983e-02 2.153928664098159543e-03 -1.680903134533463100e-02 -4.794409180710543228e-02 2.018724823381489591e-02 -6.475680905818906145e-03 -2.297779867751599259e-01 3.386492087860290545e-02 2.640000749565100946e-05 -1.011030339283051915e-02 -6.651287823253546581e-03 -3.933491237195917145e-02 1.782322101533930989e-02 -2.522855238268027489e-01 -6.317722744236195682e-03 -5.693383694440042886e-01 -1.576984830995608114e-02 1.947221653732592317e-01 -1.286663133598142661e-02 -1.218115943888513630e+00 -3.285195963377503942e-02 0.000000000000000000e+00 0.000000000000000000e+00 -3.979492611956833570e-02 1.132751343553352157e-02 2.985469786663873248e-02 1.130066842719863046e-02 1.360780856191800420e-03 5.518044011033132468e-02 3.587315578605883987e-02 9.778652195573365319e-03 -2.457061260007863124e-02 5.462038731832797450e-02 2.352162991045018622e-02 1.023562868177485402e-01 -1.658243365849974664e-04 8.059320908041796294e-02 -5.515090713017402335e-02 4.436935778999518548e-02 -4.939873413796107005e-01 -5.802512208922541020e-02 8.830996748707575783e-03 7.854787204748085727e-02 4.787395382803901617e-02 -6.102340808691929241e-02 7.683765997594599328e-02 1.267091463700077969e-01 3.566553055159256153e-03 2.941859956121328085e-02 -5.314590136109142299e-03 1.644344479576050153e-03 2.723645986458806956e-01 1.413860594992567138e-02 2.430888645125254405e-02 4.456487145584317466e-02 1.213760256603506685e-02 6.515084873613104580e-03 1.501144781498889580e-01 2.550759547622524770e-01 7.936475082171761120e-01 2.529750316895844620e-01 -1.832325851333029609e+00 -3.541716972972909216e-01 3.413000354283303839e+00 -3.141783862267317762e-01 -8.121978928551388810e-01 3.109197493386617328e-01 1.026962718030252977e-02 1.526177407213879789e-01 6.547950823414278032e-02 -4.495748827937773306e-02 6.100860333032924465e-02 1.165392134447585937e-01 -4.949855155009647706e-02 -1.966125704675893149e-02 -1.088480740779803752e-01 1.932648703706224547e-02 -1.319455101902184679e-01 -2.557858604768488142e-01 1.121076652280974806e-01 4.354241637580927304e-02 -7.332561878053775462e-02 1.456821610322845961e-01 -2.156457108050979267e-03 -1.266601071164635550e-01 8.396775653456430011e-02 -1.306218160505072390e-01 1.284105170159298703e-01 -2.330823924427221361e-01 6.167584344212159730e-02 -7.242824764171296170e-01 2.580063082690850149e-02 6.461469483171125572e-02 -8.278100752572594562e-03 4.420703013853174990e-02 8.512810760728023451e-02 1.341904114038455220e-01 -1.308002207588425392e-01 -9.393035569133295626e-02 -8.584503179535757367e-02 -3.115060983936462913e-02 5.256093231825775813e-02 2.111812039896750898e-02 2.087494628360005502e-02 -5.367560379967424578e-02
0.000000000000000000e+00 0.000000000000000000e+00 0.000000000000000000e+00 0.000000000000000000e+00 1.931276964764445199e-05 1.267653350120525116e-03 9.851864174824226383e-04 3.865189762021481283e-03 2.067416197288641459e-03 3.110883281544005174e-06 3.840162782472100397e-03 5.630989217429366919e-04 2.392562190831110883e-03 1.700333614441851835e-03 2.097927830929180795e-03 3.224345907057888424e-03 -1.267838421032108564e-03 7.277663879091737092e-03 -1.698150147333522819e-03 -5.728631549450015521e-04 -8.094184447629520617e-04 -8.201600862550634946e-03 -7.926523125260842920e-03 -1.716689986621177961e-03 5.121149786471203020e-04 -4.713821574920166145e-05 -1.175995606993442697e-03 4.371675518228204812e-04 -2.745805996561368617e-03 1.151733736450009970e-03 -2.151063123306123058e-03 3.533300886450384086e-03 1.944454961138209902e-04 1.320293692169717363e-02 -3.565461415718206841e-04 4.505770280248006529e-04 4.018724288652460869e-03 -3.408058973078852139e-03 6.889647449306083270e-04 5.845451334325411918e-02 -2.771895172536386134e-03 1.775923383203877482e-03 5.177202986493902731e-03 1.267078580537474471e-03 5.532070871401228128e-03 4.163389460747612784e-03 1.521161421534168723e-02 -1.700588745914914310e-03 8.595679149415623443e-02 -2.240713149290193135e-03 -2.228855791681586679e-02 -4.460358668175580174e-03 1.790808110672147124e-01 -2.226672999049235553e-03 0.000000000000000000e+00 0.000000000000000000e+00 4.418526354127390483e-03 4.017559843151042448e-03 -3.227200798711046120e-02 3.343482663941040739e-02 2.889115259292177745e-02 1.115659897736308824e-02 -3.218852206658217360e-03 2.963278688247851511e-02 3.662794363365368209e-03 -9.175743313362409032e-03 -4.007227287388967496e-02 2.739726912994072325e-02 1.963518469237693007e-03 -1.009461797774827002e-01 5.232330202909105631e-03 -2.543052031166649976e-02 -2.652583319207720350e-02 1.466029757783137155e-01 -8.849270704117105993e-03 4.490659403903821123e-03 -2.040836032909239262e-02 1.400301384139942054e-02 -2.672752299144730975e-02 -7.825335888634413553e-03 2.691433649529086352e-03 -6.208505530375592329e-02 2.218282703405658612e-03 -1.154754158029395322e-02 -2.635788092672069483e-01 1.010040530150669580e-01 -6.498837332113185927e-02 5.352796673642237421e-03 -4.317123642086149841e-03 2.433609676006528739e-03 -9.596899052167269517e-03 -2.115619346000112144e-01 -6.080212006533470409e-02 1.148695351121162278e-01 1.388280655633598870e-01 2.956498790472957272e-01 -3.141783862267760741e-01 2.962864674439603108e-01 3.654821543969602460e-02 1.757809417165780153e-01 -6.572121403111971100e-03 -7.234439963449755366e-04 -3.719225053832461540e-03 4.124330302726504638e-02 -4.061840607140637660e-02 2.548326131320605842e-02 1.028253394938475132e-02 -1.316189610271233015e-03 4.598302055349675482e-02 -6.177364347327509060e-03 4.080387003077437513e-02 9.409039769412465282e-03 -4.739388731296646784e-02 -2.522406099044670509e-03 7.486062293358929087e-02 2.205593698145460330e-02 4.808543997441473358e-03 4.547125558770025860e-02 -4.740063960776483981e-02 3.337514308121659196e-02 -1.038764170746007687e-01 4.010430870438612405e-02 -2.119290586130089318e-02 1.480578107836570678e-01 -1.488694247312367935e-02 1.832285943598732647e-02 -1.246311171184994425e-02 -6.592672882327158326e-03 -4.580362530771943386e-02 2.379941287498045510e-02 6.297289223234121824e-02 3.984095141896746954e-03 1.609252428071407393e-02 -3.262932082483878393e-02 -1.938015908640192131e-02 4.051347431593969178e-03 -5.336374815535319463e-03 2.933632555324207879e-03
0.000000000000000000e+00 0.000000000000000000e+00 0.000000000000000000e+00 0.000000000000000000e+00 1.308889661768538335e-03 1.170476236107762186e-03 3.024942584754173984e-03 5.554914827426184198e-04 3.885493324656839886e-03 3.855967612653702151e-03 -4.905814921276402049e-03 -5.243123007751421608e-03 2.242346410140825912e-03 2.623326579461554304e-03 3.599306601435208093e-03 6.464228359474863753e-03 5.165735177937343103e-04 -3.665246087903958894e-02 -2.110967442245760030e-03 -3.703176830945464210e-04 -5.097257611304804523e-03 3.320512372888740574e-03 -4.749131706482358911e-03 -2.429508003787730474e-03 1.317913839147210903e-03 3.051196351607805314e-03 3.308852181944554622e-03 -2.191449826141507462e-03 -6.485160300880057210e-03 3.023542608616314187e-03 1.264955109978357483e-03 -6.619355650503302643e-03 6.466684196739150682e-04 1.374093738045922830e-03 -6.623263841421434157e-04 4.393021652255534731e-03 1.751458598904821404e-02 -3.537795636381993371e-03 3.504870041577846408e-03 -5.282944343059370329e-03 -1.090177289652400142e-02 5.758528807399314678e-04 -3.132112510347614259e-04 2.354897755724357118e-03 1.193461757659944680e-02 -5.224752906042068670e-03 7.733457015602988871e-02 5.812968424929083628e-04 1.658876199181711364e-01 4.941628190371714913e-03 -7.218858193090249564e-02 9.735073494400633617e-03 3.594670424294186262e-01 8.478908749013365498e-03 0.000000000000000000e+00 0.000000000000000000e+00 1.503572084132505024e-02 -6.497142097031764589e-03 8.772614937420259232e-03 -1.499261722604519793e-02 -1.685992214444683585e-02 -9.158920011854908630e-03 2.961065546878455853e-03 -1.853791658509155310e-02 -3.741600454061955010e-03 -2.705684766653811482e-02 1.542472960051644026e-02 -4.917524597924211732e-02 -2.277307759915073258e-03 -4.575802669739093692e-02 -7.109901600216511977e-03 -2.912954522366804563e-02 2.574183335384239157e-01 2.967612598836354837e-02 -4.858723870710603566e-04 -3.284907037824723319e-02 -2.768730064600970209e-02 1.699320380014409521e-02 -3.296977261851952862e-02 -4.793413401823339026e-02 1.494380010033679847e-03 -2.607887004043503779e-02 -8.366730198576685651e-03 -1.955559849772690525e-02 -1.453088185903483598e-01 7.776788353005428464e-03 2.466089194290024128e-02 -1.912780463856424140e-02 2.415440224772975007e-03 -4.799494678679121218e-03 -3.838701298507864873e-02 -5.235962503699059800e-02 -1.909274064150301986e-01 -1.372188232796394715e-02 4.568244382454243468e-01 5.475165691307035815e-02 -8.121978928551628618e-01 3.654821543968357622e-02 3.766301635868390396e-01 -1.671780179409821931e-01 1.477651605893075260e-03 -5.735178117017025040e-02 2.164424814668336819e-02 1.950794082467356347e-03 -3.018458432070486065e-03 -5.056062064424457492e-02 7.437598855429333397e-03 -1.340844944078213499e-04 2.678372434510008920e-02 -4.403071342722126441e-03 3.518902374417686579e-02 8.847345464722915220e-02 -2.612228066168167245e-02 -2.493357834563199663e-02 -1.865823568918180755e-03 -5.137344799917895749e-02 -5.427917050929951213e-03 1.927897318243931152e-02 -1.920811816872404834e-02 3.707649602782368131e-02 -2.214197077301271674e-02 6.699877853265623351e-02 -3.283574960975115670e-02 2.569098616867375173e-01 1.987815847931344478e-03 -3.348036210814361868e-02 3.820981340205961696e-03 -7.933355081391840757e-03 -9.851811837540214514e-03 -3.649206181607718424e-02 3.541917793164480605e-02 1.781533757950872973e-02 2.797863149378299052e-02 1.034041592864658188e-02 -1.549614124273566637e-02 -2.388546814086594389e-02 7.385369245291848600e-03 1.591258750369752006e-02
0.000000000000000000e+00 0.000000000000000000e+00 0.000000000000000000e+00 0.000000000000000000e+00 -6.985921370647980378e-04 2.045335506932674345e-03 -5.221898897756649827e-04 5.503352576756358368e-03 -2.167311017522227917e-03 1.426811180509098605e-03 7.336287869964613732e-03 1.143611785608322860e-03 -8.013099128579753488e-04 3.220163482511655042e-03 1.011072540461582923e-05 1.356434555353795181e-03 -1.563893783348285771e-03 2.898072890750030481e-02 3.404516554009360749e-04 -1.546127284364908795e-03 4.535384449170098628e-03 -1.161592142975155680e-02 -5.242279019112032132e-03 -7.419518176309152554e-04 -7.940961976641216103e-04 1.396155049473489593e-03 -1.640545437552091545e-03 1.566341427831475282e-03 3.057657520377662919e-03 1.988621534516577579e-03 -1.915964208671384677e-03 1.136410717502637016e-02 5.504074834216633131e-04 2.191957351258368505e-02 8.946002069534669029e-04 1.785211423448502914e-03 -1.650359315833482832e-02 -1.382007249378939141e-03 -3.647978141906209077e-03 -5.525491228255680065e-02 2.470020766774934720e-02 1.000661834591232840e-03 -7.269050035832790718e-03 -1.969102648468290268e-03 -2.824389910108499480e-03 1.050550675926950270e-02 -3.808280800515571884e-02 -3.910623498831457484e-04 -2.881203107726065804e-02 -5.420921509935461031e-04 3.109569332122540802e-02 -1.471463802695669593e-03 -7.375120480159497172e-02 -8.811548343814272835e-03 0.000000000000000000e+00 0.000000000000000000e+00 -6.873235586060618546e-03 1.831969930324304358e-02 -3.404113915240664784e-02 4.005446620591560092e-02 4.161667659317643680e-02 3.437760318617739952e-02 1.332975213170306192e-02 4.737160765565547743e-02 -1.454657832449145725e-02 -9.054753568540174595e-04 -4.633258735056718092e-02 6.724648379459896574e-02 5.272741479395515532e-03 -6.213887770555383272e-02 -1.436007702850829182e-02 -1.628791538661766500e-02 -3.817015307450813966e-01 1.090015387657817941e-01 -1.287818450635490851e-02 3.716244342264970330e-02 9.017795906043667500e-04 -2.100719969490929748e-02 1.941877679478540286e-02 3.138037962879625109e-02 6.478697370992780175e-04 -3.816491939412745837e-02 -1.251562316264551167e-02 -1.918173410427759587e-02 -8.204361731271475611e-02 8.892541420082412940e-02 -7.683963953222751331e-02 2.463369331018468167e-02 -2.709508112793785825e-03 3.548538670488633317e-03 1.910479063619178325e-02 -1.027978112570395036e-01 1.128399869877781680e-01 1.390808843486415203e-01 -2.215651983732805641e-01 1.552960589616649567e-01 3.109197493386369193e-01 1.757809417165882016e-01 -1.671780179409821099e-01 4.878229985241838151e-01 -7.131564955208486052e-03 2.320126973358939415e-02 6.447839866322857549e-04 7.213829422738586572e-02 -2.908381355214402150e-02 5.976946349108874096e-02 -1.396550783411866330e-02 -7.588645011292326215e-03 1.274692976070242525e-02 8.094280349153978871e-03 4.973470600235516473e-04 -6.264609191522092779e-02 -1.251149740294964056e-02 4.121928253597988145e-02 7.120502938289433037e-02 5.410135368899064018e-02 8.719013126074037778e-03 3.755255785402024371e-02 -3.105006469025353710e-02 1.682511447740294222e-02 -7.801174711323131949e-02 -6.441344509766710504e-03 -6.983954124072915687e-04 -2.165114406787891355e-01 -8.650192218219450446e-03 4.007396459332569771e-02 -3.060267363016673167e-02 1.256015791172405104e-02 -1.886633588570595099e-02 6.460557937725147637e-02 1.452340976719488155e-03 -1.418886864855097886e-02 -1.356693103751265179e-02 -3.503730309782693286e-02 -1.277934810995855729e-02 1.789067079455118267e-02 -3.394124262201698820e-03 2.203261454973417383e-02
0.000000000000000000e+00 0.000000000000000000e+00 0.000000000000000000e+00 0.000000000000000000e+00 2.013072039265414678e-04 -2.441086157355684227e-04 3.408699083638551549e-04 -4.458330986238065756e-04 9.259279957315217583e-04 1.669643891380988830e-04 -7.152662193154280066e-04 -1.716288600782578692e-03 4.838611024221742924e-04 6.115412557374891333e-05 2.295338686866129848e-04 -2.311448773430017911e-04 1.845128724609877713e-04 -1.731114474314145212e-03 -1.230141352581718892e-04 1.142404297723861265e-04 -4.142931107195640364e-04 1.725225614043182339e-03 4.036246186577508387e-04 7.178274117189674961e-05 3.587535660197843320e-04 2.532630482582243388e-04 2.828872558637461013e-04 -1.293493098888135254e-03 -7.077472477962697215e-04 2.823883104075729710e-06 2.360245237866112947e-04 -2.204735531007290424e-03 1.156337651625904831e-04 -2.813197857843737371e-03 6.847152901040387118e-05 -9.822732106104365671e-05 1.524635949864910727e-04 1.738500366111864648e-04 2.056453411691261130e-04 -3.297590392200257497e-03 -8.191894327325249499e-04 9.946640765302969950e-05 -3.611766564018678094e-04 4.057581695673012677e-04 1.612791542866640979e-05 -2.028488715154237211e-03 1.573297643689264410e-03 1.115072543527443694e-03 -2.311211435285251067e-03 1.231998518842694493e-03 -8.935556179780693034e-04 1.017878055799233995e-03 -5.159272523559000311e-03 1.831717857220729797e-03 0.000000000000000000e+00 0.000000000000000000e+00 1.197181656272821530e-03 -1.210913470978155224e-03 5.720846266719034796e-03 -4.995686962337466709e-03 -8.358496823611746493e-03 -2.365137081463857156e-03 7.709202853315170112e-04 -2.739332042466021723e-03 -3.509662014594669205e-04 1.252143497038514454e-04 7.316453688733244587e-03 -5.859112187154669020e-03 -1.316601542740656380e-03 -6.946455506230500045e-03 -2.434271315054493783e-03 -9.487201042445432379e-04 6.681635607310537628e-02 1.951933266776530651e-03 3.579088391903381943e-03 -2.738390421126776948e-03 2.950093775421717274e-03 -2.394885498526462975e-03 1.243203476961528015e-03 -2.748765159629454856e-03 1.356907464102855834e-03 -5.304310643813098768e-03 -9.810916564475756282e-06 -8.502674479941147150e-04 -2.890827675497522134e-02 5.958984088026318075e-04 1.508268701781689293e-02 -2.665151113949518376e-03 1.028120044986747931e-04 -1.406220006080240604e-03 -1.058656849486094148e-03 -4.125050663342570115e-04 2.683501780800736161e-03 -8.886825122213482496e-04 -6.403457735666878529e-03 -7.784034722893068761e-03 1.026962718030490981e-02 -6.572121403110998787e-03 1.477651605892638543e-03 -7.131564955206568315e-03 3.521599993678687767e-03 -1.059082082493742775e-03 2.630950713207890965e-02 -7.045650091824325577e-03 5.936917252212637816e-03 -5.927364282155410218e-03 -4.076215476018147862e-03 9.967414294787418395e-04 -1.904180149116458656e-03 4.367779862229195288e-04 -7.129063694973622640e-03 2.586039302662243838e-03 2.417762017620808408e-03 2.989248195420681712e-03 -7.100220352372023890e-03 -4.911384526599979310e-03 -5.220989521305784663e-03 -5.228478320412172434e-03 -2.192787470301898198e-05 1.190548443950766597e-03 8.426291073406236634e-03 2.062641950294496779e-03 1.381570217559369759e-03 2.938456020013192546e-02 3.856343313785303654e-03 -4.752210167666850657e-03 1.699699666158097913e-03 1.258107598445075241e-03 5.203006236927794695e-03 -2.102443209835924958e-03 -1.480060484386532460e-03 -8.619253035695123404e-04 9.465136484626443221e-04 7.381413247818765372e-03 -2.884349677227632141e-05 -4.593664138117543351e-03 7.690580798409732237e-04 2.983544119432767145e-04
0.000000000000000000e+00 0.000000000000000000e+00 0.000000000000000000e+00 0.000000000000000000e+00 -5.416494777814497702e-04 -1.156956207246533953e-03 -9.741809235371825474e-04 -2.171594227579688383e-03 -1.635981345149746784e-03 -2.055986294519452327e-03 -1.380866581171229647e-04 3.148812665420900204e-03 -1.875321238413026840e-03 -2.712405257046952064e-03 -1.685229711571926492e-03 -4.200873077068707252e-03 -9.654818679082903966e-04 1.374710818616198087e-02 1.416466411949430636e-03 1.062171200360579465e-03 2.746027586835176216e-03 7.620325414236292895e-04 5.051518121442255191e-03 1.014922028013699566e-03 1.587852353729687742e-04 -2.230918834784826471e-03 -8.744735332903903237e-05 2.586063041270840468e-03 2.099307559130999222e-03 -2.417582978872148420e-03 6.432659103333029493e-04 3.938161700718341776e-03 -2.103485843357126150e-04 -8.260550523797611372e-04 3.671411579202972552e-04 -2.523806324235610549e-03 -8.662536565496474494e-03 2.559145316002959126e-03 -8.710833946987707726e-04 -2.461020901832841612e-02 5.387163352142235878e-03 -3.980382030086069677e-04 -1.375782057966607515e-03 -2.737790854697748268e-03 -6.615828603901601282e-03 2.218658698375785025e-04 -4.483317903739503923e-02 3.598442953211998356e-03 -9.392411042713393055e-02 -6.178718190013466477e-04 3.801165634979600250e-02 1.623350060186092188e-03 -2.118095391621339640e-01 -3.438195177547824326e-03 0.000000000000000000e+00 0.000000000000000000e+00 -5.437246275715541290e-03 6.813960291316811801e-03 -8.629758726855389639e-03 1.748526124049686048e-02 1.485267773049953055e-02 2.113734660362280582e-02 5.821404772960705500e-03 2.311788161724379412e-02 1.483229558060504029e-03 7.041498985450676124e-03 -1.330026860489572776e-02 4.686141810133191005e-02 1.754529017083695684e-03 -9.099219626678506367e-03 1.778915295715216560e-02 -1.082436377629380879e-02 -6.879338896277602255e-02 4.729607145332798829e-02 3.335753888815645544e-03 3.318551088101692054e-02 2.283862911713213997e-02 -3.345572097476559592e-03 1.423291197704465959e-02 1.433376721493818343e-03 1.266891794092862887e-03 -1.899288661692130186e-03 1.355764157440932267e-02 -8.620621285991501501e-03 -1.021531498493852830e-01 3.480454733529725342e-02 -3.194637184710966138e-02 1.977778953598533646e-02 2.786830040492109788e-03 2.045377726284710890e-03 8.580854469280146599e-03 2.289524409205893202e-02 3.196588385332974069e-02 9.608992404807769130e-03 -1.136018333573169670e-01 8.422953389896029475e-04 1.526177407213834547e-01 -7.234439963346300795e-04 -5.735178117016207638e-02 2.320126973359221134e-02 -1.059082082494399368e-03 9.257483696010493368e-02 -5.170806963941130922e-03 -5.223343608495698703e-02 -8.529906583864927186e-03 4.970598314888811237e-02 4.354584501932411318e-03 1.537719253968147792e-02 4.733470643250916113e-03 -4.260045189175583683e-03 -1.152374865105348402e-02 -3.828797684613020891e-02 3.950145798572748251e-03 -4.816584487118843148e-03 9.053567167763088355e-04 4.467995496330354893e-02 3.113730288943128205e-04 1.313767717848255377e-02 2.248173548362222395e-04 -6.004630126292780437e-03 9.592824476125876368e-03 -2.454234594587934720e-02 1.495706216612736287e-03 -6.310316916658544051e-02 -3.105262479205843536e-03 4.201301650820724737e-02 -1.165253447074771076e-03 1.249645433247656250e-03 -3.657594284014237598e-03 2.143470976647144158e-02 5.563710989700092202e-04 4.739172786557965290e-03 -1.836257754234306427e-02 3.741272113061419515e-03 1.132195198128970771e-02 2.441943295018801988e-02 6.114247978128298580e-05 1.016088440661440037e-02
0.000000000000000000e+00 0.000000000000000000e+00 0.000000000000000000e+00 0.000000000000000000e+00 1.581407329964150572e-04 -3.150551635158947705e-03 1.040208408214982798e-04 -4.767829404042106534e-03 2.022393193615813420e-03 -1.091143818796185298e-03 -2.472915236071980549e-03 -7.765320494558075083e-03 1.385321256130570217e-03 -1.675622449416486323e-03 -1.047554595545239879e-03 -7.940022334905807652e-03 6.252665331187945257e-04 2.231296035926909685e-02 2.150107383047323954e-03 2.119278891015342718e-03 -1.748308516772791076e-04 6.011438747219289072e-03 4.472232430483951901e-03 1.840380892243696428e-03 8.673804244662201813e-05 -1.475376944124031373e-03 -8.288807059029796708e-04 -5.730263642467803981e-03 -6.474627946171903140e-05 -1.372161096650671187e-03 6.356234304993654133e-04 -1.395339966284164616e-02 2.004412112982576323e-04 -2.106433196547919523e-02 7.642571304366655490e-04 -4.182266265776874922e-03 -9.568766558645053211e-03 2.542512670502068174e-03 7.794296079267275072e-05 8.172700819808939587e-02 3.213875592970923817e-04 1.201937797396265481e-03 1.360702717515654622e-03 -5.354600889031270201e-04 -5.519869333063916889e-03 -1.364889349421273199e-02 -3.566373807919304140e-02 7.638806558972937102e-03 -8.842598410485762173e-02 6.711360390424352118e-03 3.633110815446451841e-02 -5.290243852660648713e-03 -1.911542764260791283e-01 8.312782129409222384e-03 0.000000000000000000e+00 0.000000000000000000e+00 -2.754144570553370645e-03 -2.352244370508636481e-02 -7.810864937294803231e-03 -2.218762063657522127e-02 -7.904462948315187781e-03 -2.926937884301492043e-02 6.130031643620995237e-03 -2.196802234529152825e-02 -7.793724769791430390e-03 5.266850726887095657e-03 -3.709713244005493227e-03 -3.938160808343745684e-02 -6.629536358785422488e-03 -1.865843898506065190e-01 -2.800392326431681150e-02 6.715899694999906584e-03 5.430203708423948505e-01 1.565757330070358666e-01 2.879387579273062639e-04 -1.082551611160543700e-02 5.605470566895940331e-03 -2.151844040660699786e-02 1.044430086378239642e-02 -4.264744804283559371e-02 9.032467101405672674e-03 -1.083394864808259056e-01 9.048817434235121616e-05 -7.144059880764277830e-03 -4.027809082958708764e-01 8.544676571648592012e-02 1.382680679667203094e-02 -3.212727454477432021e-02 -1.081876338373235743e-03 -7.156536788917315824e-03 2.187365610405265538e-03 -4.950209745303890685e-02 2.844146676555209599e-02 4.358491777901025988e-02 -5.277279721452864114e-02 -8.253840741514731696e-03 6.547950823415681076e-02 -3.719225053821560538e-03 2.164424814668524863e-02 6.447839866413063170e-04 2.630950713207861821e-02 -5.170806963936987535e-03 3.970072526804629964e-01 -3.014036395926873724e-02 -1.350950526958269188e-03 -4.106135999744103121e-02 -1.822598977819308783e-02 1.552202724865234598e-02 -5.507682641043884064e-04 3.060619024344675681e-03 -5.541206795253960510e-02 -1.665912704701078342e-02 -5.735486580370544301e-04 2.670748100761386259e-02 -5.567859548445900329e-03 -3.661059372969215076e-02 -2.661283070991507863e-02 -1.893359036272749835e-03 -5.391322749450176005e-03 7.239853105475662146e-03 5.945546795646738242e-02 5.050827147241568251e-04 2.695102336909517560e-02 1.918372337911598835e-01 -3.382630781270851150e-03 -2.655463792005248458e-02 1.948132050943289159e-02 -4.624296652729268167e-03 1.191155620739838342e-02 -2.596051880987809701e-02 -2.873769936577755257e-02 8.068130735379082027e-03 1.531414155961659425e-02 3.645336841191387789e-02 3.422086009786076861e-03 -5.539716037118096875e-03 2.005808549027473381e-02 7.892133030903748271e-04
0.000000000000000000e+00 0.000000000000000000e+00 0.000000000000000000e+00 0.000000000000000000e+00 -3.572621560859390912e-05 2.646096602998495445e-03 -3.619772256296347477e-05 5.992846935611117684e-03 -7.066938382686359203e-04 3.773397264535424765e-03 4.227528710348567656e-03 -1.739529652350813417e-03 1.992773830193612190e-04 5.026187164663307831e-03 5.880196326713095023e-04 6.027252057554039963e-03 -1.023960433980107250e-03 -1.605155884040030019e-04 -7.253329822556457175e-04 -2.603800421929901472e-03 2.479991555586512960e-04 -7.687039073682264828e-03 -5.111586053838532151e-03 -1.580741533282651635e-03 -6.449926716327708228e-04 3.282667292040973399e-03 -7.919595620778779052e-04 6.586276642547225779e-04 2.909243938478395361e-05 4.622032231499958836e-03 -1.756826853473327779e-03 4.973030558908945846e-03 -1.730282640861563828e-04 2.170799720036199407e-02 -5.477301325755703837e-06 5.309987296805210137e-03 -1.496663580475288136e-03 -3.619136831256163089e-03 -1.454437222707831391e-03 -5.019148192433087186e-02 8.060982227744956097e-03 -9.038359060102165799e-04 -1.117828631125025252e-03 -6.682328982001009337e-04 4.051942063041187939e-03 1.011543328457078714e-02 1.915051155502706104e-02 -4.694419807173336873e-03 6.742564758538599490e-02 -2.499625841139764288e-03 -1.875318415166703917e-02 -3.148664175999002935e-03 1.495896892521623445e-01 -5.563732460834640466e-03 0.000000000000000000e+00 0.000000000000000000e+00 -2.644827877902001731e-03 1.089051289049569778e-02 -1.354447061022811226e-02 1.713431322570418969e-02 2.217333790481149439e-02 1.037423921534169277e-02 3.657177802463831232e-05 8.247408740456707577e-03 -6.006795577285923594e-03 -1.286652116553647224e-02 -2.716690574638709957e-02 1.123262047677824234e-02 2.183477316377286856e-03 -1.952675828060953730e-02 -1.135730031012529596e-02 2.111854079197925810e-02 -1.197462191992786223e-01 2.337293921311980882e-02 -1.404607808143978551e-02 9.511752953933257093e-03 -1.099753619500427361e-02 -4.537535852686109747e-03 1.165903749926417050e-02 1.357225788834363900e-02 -1.088696822302467979e-03 -1.104416287895721056e-02 -1.157079954129607707e-02 1.365288215476065034e-02 -7.328969075889970805e-03 1.936132781459631858e-02 -3.593679983154272894e-02 7.758588107666938155e-03 -2.806538642261686024e-03 8.155881528597480983e-06 2.057767267987497921e-03 -1.465346835219382554e-02 1.833841308658479968e-03 2.760666412461452654e-02 3.180742171182457390e-02 3.908822355604719967e-02 -4.495748827937203623e-02 4.124330302725714992e-02 1.950794082454672049e-03 7.213829422738238240e-02 -7.045650091824035878e-03 -5.223343608495592538e-02 -3.014036395926297796e-02 9.181717659650695529e-02 -1.395193620342147570e-02 7.820439112123895448e-03 -2.952361282540814664e-03 -1.888944721546467406e-02 2.100092501100986244e-03 5.100661611782455682e-03 1.163429799240127925e-02 1.287713918314239633e-02 -1.258399986574139200e-02 1.539933565513639836e-02 3.220769230420560819e-02 4.606178714741258201e-03 1.259082254703017788e-02 1.018248862004984476e-02 -3.251719547893441257e-03 1.214989184169432829e-02 -3.306252504079839477e-02 1.464018863632985529e-02 -1.344882571381099704e-03 -1.012758742808569055e-02 -6.544773673322570699e-03 5.032872779433010188e-03 -2.007356603317199395e-02 -2.094461100915213404e-03 -8.446026344096158392e-03 1.584763255625024417e-02 -1.516975628996978728e-02 1.478307285482574477e-04 -1.501932329219550152e-03 -3.595938792135266321e-02 -1.057581935152537497e-02 2.142221625398076188e-04 4.745025278759302037e-03 -4.914661035730554656e-03
0.000000000000000000e+00 0.000000000000000000e+00 0.000000000000000000e+00 0.000000000000000000e+00 5.568474844294696996e-04 -2.627012791639477679e-04 1.199650420602117826e-03 -6.256227363575068111e-04 2.715104328160986968e-03 8.933961764178068726e-04 -2.341474408460237060e-03 -3.785178481199430282e-03 1.054468355160909391e-03 4.025790853901080389e-04 9.377844186465439640e-04 5.233578533583222760e-04 5.317979600715205249e-05 -1.019998185942457697e-02 -3.621092561033534209e-04 1.041033787695503678e-04 -9.724610499637762655e-04 4.530319908209844669e-03 1.061783617000244253e-03 1.077721987874946685e-04 1.374888112976933906e-03 1.236419311641964291e-03 1.425081968713045244e-03 -2.741116115934048858e-03 -2.422940068559324613e-03 1.990512562181330838e-04 9.737200871408690324e-04 -3.789569499197441207e-03 3.013953018995057034e-04 -4.352554380896524189e-03 1.502072618364490818e-04 3.315288732588868477e-04 2.345299147800169581e-03 5.191576117881992192e-04 1.190351741715629970e-04 -3.810981857235303666e-02 -1.531224119965790640e-03 5.862133664866217911e-04 -1.088821669648711282e-03 1.099134819723642138e-03 2.337663450513657328e-04 -4.292216192395210614e-03 7.441671844396566086e-03 3.861948577114582282e-03 -2.992200439541014244e-03 3.605405762932592430e-03 -4.528924270416755105e-03 5.851203009909606255e-03 -1.192468268159446038e-02 4.571911001497585593e-03 0.000000000000000000e+00 0.000000000000000000e+00 3.568903011290559205e-03 4.151712954505706247e-04 2.882897998088241459e-02 -1.114875870154982858e-02 -3.354782276724761758e-02 1.998367810445138542e-03 2.628697246022908360e-03 -7.836329143760253219e-03 1.604518928115823868e-03 9.146367918430960489e-03 3.524695293470873209e-02 -1.069580807270135298e-02 -2.395951229222781712e-03 3.224379938709865528e-02 3.467933406995194357e-03 -7.588899302880046209e-03 3.428256247672265694e-02 -4.003524609010201268e-02 1.430101857985770740e-02 -7.620739630351871900e-03 7.582676702007145123e-03 9.324977975305072516e-04 2.780881430884318481e-03 4.693545633506625119e-03 2.262002718664982061e-03 5.233484212264061415e-03 4.365046691205820908e-03 1.423187886836052747e-03 1.747990285185504686e-02 -1.687807088847849066e-02 6.094461287146829553e-02 1.741149676543385979e-03 1.560783024623324045e-03 -3.012377501329297630e-03 -3.678417688741269544e-03 2.557961986967706436e-02 1.129630148232153158e-02 -9.464448313377525623e-03 -3.074201853863609002e-02 -4.561444747879576239e-02 6.100860333034104077e-02 -4.061840607140677906e-02 -3.018458432074051789e-03 -2.908381355214136044e-02 5.936917252212793074e-03 -8.529906583861738764e-03 -1.350950526956746535e-03 -1.395193620342352787e-02 3.688486861857637189e-02 -1.451680905796331328e-02 -1.589917948100526973e-02 -4.804895598914923948e-04 -2.787179874858227574e-02 3.557959456025607762e-03 -9.103681277834235405e-03 2.315211229566607395e-02 2.628953563649826311e-02 2.486843234968331550e-03 -4.487716142404901687e-02 -1.047609719189717889e-02 -7.358581790176022160e-03 -2.451176185006582672e-02 1.393543151114299931e-02 -5.431112222943968934e-03 2.604575108247860621e-02 4.642145347589042917e-03 -1.658627746411773293e-03 -2.661261411226701137e-02 1.896009938857488863e-02 -9.027434443765280578e-03 8.973886831574205475e-04 4.978347659749810493e-03 2.038616413838937810e-02 -6.371902637563309907e-03 -3.705838380208995725e-03 -8.018248746983941454e-04 -5.208011425626242388e-04 2.156273149030677252e-02 2.672644890838319839e-03 -5.964901418342043182e-03 -7.015705934168722097e-03 8.123395538143059896e-03
0.000000000000000000e+00 0.000000000000000000e+00 0.000000000000000000e+00 0.000000000000000000e+00 -6.208777792563359302e-04 6.806182811214000518e-04 -1.235948558003324704e-03 1.895015150139131924e-03 -3.565986005925829861e-03 8.783573539067463225e-04 1.636718105792878694e-03 2.189045865974453310e-03 -2.300113324084902475e-03 8.004796167370638619e-04 -1.298050298469313746e-03 2.414472893302235107e-04 -1.097035803976956735e-03 1.078510487758610123e-02 5.742721145575892380e-04 -2.147362720573932002e-06 2.217405367667368322e-03 -2.995304377516169649e-03 1.396016202596471857e-03 8.222270086747339186e-05 -1.068912421585933034e-03 2.191480039094864055e-04 -1.338671102061752649e-04 2.676320924003646861e-03 3.138057854929310591e-03 8.523504780858533322e-04 -1.224198414570434423e-04 6.574501278455207633e-03 -2.575768854938614242e-04 1.273831595798863292e-02 1.257295921034016703e-04 8.236126817051895189e-04 -6.769057813819990763e-03 1.126846850451449530e-04 -1.136743839130037329e-03 -5.332176561677720583e-02 7.075491055422543016e-03 -1.161027937718983214e-03 -9.786403294685512046e-04 -2.406978223222395585e-03 -3.271819171025000181e-03 7.279470643198135936e-03 -2.559669020160429409e-02 -2.983302991748319061e-04 -3.733026695204772621e-02 -3.281487026113957817e-03 1.994597984263378823e-02 -8.427455113121824770e-04 -8.974109939643401535e-02 -7.076462838527123114e-03 0.000000000000000000e+00 0.000000000000000000e+00 -5.707387019770374104e-03 1.290662976415879459e-02 -1.508102863523686291e-02 2.621162994323613868e-02 2.665978785638678517e-02 2.611770222883415260e-02 7.783876917929928585e-03 2.296771552276725276e-02 -3.512698945468538392e-03 2.818592463906200319e-03 -2.515126805474254129e-02 5.159948558410791530e-02 3.596697690172036971e-03 -9.003753425962796042e-03 1.221025206614492938e-02 -1.684162574252441287e-03 -1.903528130815578812e-01 4.637050484967315117e-02 -4.795184779743301255e-03 3.523109859580404041e-02 1.525389084121748888e-02 -2.636879476885573524e-03 2.069225121003932105e-02 8.237250620512835339e-03 -1.803431942171604928e-04 -9.531087427852906468e-03 8.567278344195024264e-03 -1.015515698949835330e-03 -7.247780318011723399e-02 4.305952028430172496e-02 -4.791728935673326278e-02 2.439029408836266427e-02 1.384485374217031897e-03 1.934908701093486158e-03 8.847850313372540576e-03 1.127260598546679995e-02 2.847161971394647495e-02 2.986686657054283059e-02 -8.526814240911866072e-02 2.603479452647446818e-02 1.165392134447579275e-01 2.548326131321248383e-02 -5.056062064424580310e-02 5.976946349109225204e-02 -5.927364282156032116e-03 4.970598314888936831e-02 -4.106135999744272430e-02 7.820439112124858219e-03 -1.451680905796582342e-02 6.002922547457501673e-02 8.612767875516697674e-03 -8.876992099106756004e-03 3.481954878384050170e-03 -1.052532280471220327e-02 -8.731076254405982116e-04 -4.645909499728313741e-02 -1.133222788483639627e-03 -1.216955086048624075e-02 1.309393785428310947e-02 5.117360733129396738e-02 1.008816440486325072e-02 8.062682565814056901e-03 5.319777476356067798e-03 -1.160167582741936446e-02 -4.355534245109854603e-03 -2.441215287698629208e-02 -2.792290999521778068e-04 -1.140796755050853539e-01 -5.191882478209810386e-03 4.427352241507098718e-02 -1.247207530233476573e-02 -1.712400595277494388e-03 -5.937627455211962751e-03 2.924186551244106411e-02 -1.037223403463579351e-02 3.090756977877423192e-03 -2.198860829474914499e-02 -2.213409930807233236e-02 -9.009650679484907916e-04 1.812571649347608643e-02 -6.427857605512598757e-04 6.632996153681127230e-03
0.000000000000000000e+00 0.000000000000000000e+00 0.000000000000000000e+00 0.000000000000000000e+00 -5.342368934983937612e-04 -1.042524165518640781e-04 -1.181463166084667071e-03 -7.032358350805976337e-04 -3.835420201393922781e-03 -7.954055513653758873e-04 -2.185901137776026884e-04 3.332836993861419423e-03 -1.687264049598465260e-03 -1.083294176066292025e-03 -9.315383572311879742e-04 -1.007309552694850893e-03 3.849645890820209112e-04 7.284834069255179297e-03 -1.000181414386209507e-04 1.138227604341862480e-03 2.209945918999387492e-04 -1.134407327833747165e-03 -8.453083389414028221e-05 5.053897878801066651e-05 -1.887780782865773870e-03 -1.113826452437717118e-03 -5.105160033248456368e-04 1.808490862943044116e-03 3.312151722539694899e-03 -5.326343250251208954e-04 -1.489639226833353248e-05 1.011124032679535474e-03 -2.275180184595227957e-04 -1.366355918816345143e-03 -2.765887209992118063e-04 -8.456716037128645183e-04 7.051364951305913453e-04 7.274312032482856962e-05 1.526013316213511647e-03 4.745354423768864682e-02 -1.593076653012881526e-03 -1.174754036516381791e-03 1.666958273976146959e-03 -1.199472563585159916e-03 -6.757299639394916168e-04 2.196921681421516552e-03 -6.474753208386769404e-03 -3.155672723540842682e-03 -5.091409556151373084e-03 -4.004985304039400396e-03 4.102666336373305550e-03 -4.265582663434488303e-03 -7.708401108176114042e-03 -3.031039685272792199e-03 0.000000000000000000e+00 0.000000000000000000e+00 -8.520555103762326771e-05 -5.583615445052520984e-03 -4.532531443983453534e-03 4.149768406820180701e-03 8.470002171396352753e-03 -5.888778872758198939e-03 -3.485479551179660601e-03 -8.883237775857545301e-03 1.466972812130000817e-03 9.688803801465905099e-04 -5.838742039259403084e-03 4.055062206515486038e-03 1.660701030204441483e-03 9.905610827592069983e-03 -2.788901679529986414e-03 -1.843191543317188649e-03 -1.046974553977184780e-01 -8.084485893712533428e-03 -3.418407176147971686e-03 -9.731461612351388624e-03 -1.726900410625620969e-02 1.079122720078927976e-02 -2.911512481887477619e-02 -5.790674151367980428e-04 -2.608992930475729100e-03 5.969644800313526033e-03 -5.160794811688218173e-03 2.116866399119189755e-03 9.507488020950662089e-02 -5.110469431865243516e-03 -1.556364835454049876e-02 -9.857446190656593988e-04 4.568875010030465085e-05 2.067865141935908233e-03 -6.162513317515972821e-04 -1.174788384203965218e-02 -2.962423765637139592e-02 1.298175434028991417e-02 3.047920893427858921e-02 1.509906606368655382e-02 -4.949855155010942503e-02 1.028253394938135473e-02 7.437598855435316458e-03 -1.396550783412550505e-02 -4.076215476018058524e-03 4.354584501928822175e-03 -1.822598977819644625e-02 -2.952361282537739866e-03 -1.589917948100365644e-02 8.612767875515630819e-03 3.700913062675614817e-02 -6.004736804418740054e-03 1.714908537342021630e-02 -1.073269860077238035e-02 1.427748016780146928e-02 -3.620921566562573107e-02 -1.295049630598866380e-02 -2.564516630455969046e-02 1.057554660759412943e-02 5.998789399451571677e-03 2.776691871045961629e-02 1.657709424532925746e-02 3.143874989656321364e-03 -1.702948691224040120e-02 -8.165475760625746579e-03 -2.636933519272624885e-02 7.513376722327789158e-03 -6.112538795882683368e-02 -6.860203463464348110e-03 5.138555933790633521e-04 5.701269686915724083e-03 -6.845057343318031867e-03 -1.287364027045266764e-02 -3.492128336300664125e-03 3.102125492753117844e-02 -6.479691352363315705e-03 -2.281174622541078112e-03 -1.599104989702570395e-02 1.228818735811572360e-02 -1.301934376248411252e-05 -2.593891075680085975e-03 -9.394561625576431860e-03
0.000000000000000000e+00 0.000000000000000000e+00 0.000000000000000000e+00 0.000000000000000000e+00 8.315782834852932632e-05 -7.528600061478232970e-04 3.107705713029525175e-04 -1.345314616028668846e-03 2.039544435504303532e-03 -1.743816480322952448e-03 -4.830675781629002611e-04 7.646731933646606569e-04 7.762082990172554202e-04 -1.644403356660362279e-03 1.260278174373509268e-04 -1.576177987542666352e-03 -5.433552665871431257e-04 -9.599071820075270748e-04 4.528459540783530564e-04 2.758701869778028694e-04 -3.976467799560342003e-04 8.972493054567153969e-04 1.287233687145899249e-03 5.306714734066973358e-04 1.133064299112113149e-03 -1.163899994511132007e-03 -3.009778051125586683e-06 -1.710275493617873172e-04 -1.450856610367177090e-03 -1.752939523739719145e-03 1.617731683179804956e-04 -6.745456165372659295e-04 -1.392172133280496617e-04 -5.988894282864438284e-03 -1.235669038019420623e-04 -2.153678245166129167e-03 3.782459732357283059e-03 1.003422497200207779e-03 5.207190649653397480e-04 2.069637740921982660e-02 -2.154120523505059434e-03 9.495812727885752716e-04 2.187577979214727110e-03 1.431624434244698190e-03 -9.018631146519923624e-04 -7.830459594509499039e-04 -5.938245093106914521e-03 5.867048842511002511e-04 -1.431864975028136755e-02 -1.042643967515815293e-03 6.645895042381817427e-03 -1.468657823062965388e-03 -3.748642119267901751e-02 -3.154530391607600738e-04 0.000000000000000000e+00 0.000000000000000000e+00 -4.746827203571396189e-03 7.499018107399049813e-04 -2.285397044694876048e-03 -8.996335868322379384e-05 -5.014430899331530096e-04 -8.596424542298389433e-04 -5.534004370590143995e-03 1.249052542069811755e-02 6.103142099393839282e-03 8.128687476392170395e-04 -7.127681939225289851e-04 -1.770859852942332710e-03 -2.001291708538028744e-04 -1.782225230331657348e-02 7.565960176432592540e-03 4.201999698956625749e-03 5.342383640670633066e-02 2.600169223648687855e-02 1.469530059680362573e-03 3.380470468598656408e-03 2.243220006622513064e-03 -9.994822971140923315e-04 4.109304770428992559e-03 -1.049371227865790370e-03 1.003652975860495769e-03 -6.288561619426792648e-03 4.910897551298965685e-03 5.338326348865116491e-03 -6.129709196812194866e-02 1.160051348937990272e-02 -2.263632634180132684e-03 4.379648403029344364e-04 5.350687691132817773e-05 7.423967510423146957e-04 -8.968740871661262919e-04 2.092507315055778735e-03 -6.936456727367149716e-03 -5.123463603415437384e-02 9.496183430395757283e-03 3.309421369456688115e-04 -1.966125704677529340e-02 -1.316189610266911818e-03 -1.340844944015247373e-04 -7.588645011296541593e-03 9.967414294787106145e-04 1.537719253968056893e-02 1.552202724865092698e-02 -1.888944721546484753e-02 -4.804895598928177235e-04 -8.876992099107161929e-03 -6.004736804417560442e-03 4.393547568559116878e-02 2.669286629270928649e-03 7.528115590829683942e-03 1.494265752384983138e-03 2.998637327489826060e-02 7.168414545102854904e-04 1.073764482989996230e-02 5.783189262964019695e-03 9.795708722137065616e-04 -9.995926336457100492e-03 5.996664816101223566e-02 -1.352988209743039537e-02 -1.488154231551963363e-03 -1.444301557509707241e-02 1.170712192582179772e-03 -8.701227942382535469e-03 3.303512985349819214e-02 -1.660861400177806495e-03 -2.607023351577636558e-04 4.241448541475882454e-03 4.200974234179909519e-03 -1.902001648918970160e-03 -1.874678506038354947e-03 2.971619574601524778e-03 7.301491708490885982e-03 9.030383368201895522e-03 1.574773375263938124e-02 8.891691500563876985e-03 2.038648983405201912e-02 3.396495835356922333e-03 7.204235810506631234e-03
0.000000000000000000e+00 0.000000000000000000e+00 0.000000000000000000e+00 0.000000000000000000e+00 4.822434347963764040e-05 8.586856107804121232e-04 1.345489077068278468e-04 1.234080210999351050e-03 -4.434204058925128307e-04 1.241516815075194421e-03 3.075715470553875078e-04 -1.840068894404024626e-03 4.389952100710713991e-04 1.531980584724552258e-03 6.051798281743579365e-04 2.163750209418141991e-03 4.683234069256256640e-04 -3.477212775225637514e-03 -1.231509358871886190e-03 3.918648332443144897e-05 -2.077381950403208496e-03 6.147126354671780162e-04 -2.720834505601941924e-03 -5.993342166558967600e-04 -7.064451757937086811e-04 7.789109297555467035e-04 2.738076647199398606e-05 -9.641223168039104530e-04 -1.984570424211612569e-04 1.634410688454315894e-03 -6.223630539931735567e-04 -2.208679006301019886e-03 6.971261615337079657e-05 2.516673224958286895e-03 -3.795752600784483579e-04 1.271205348110911702e-03 4.054745550766489931e-03 -1.421234225631668683e-03 1.568511823652867562e-03 1.192700086956553079e-02 -3.846917011161524007e-03 2.638127943422354763e-04 2.392552574447662011e-04 1.347416378369773599e-03 3.221633212966497958e-03 2.602756178085651167e-03 1.698268858520125130e-02 -3.103886329013040915e-03 4.807703873700681224e-02 -2.410044040486892126e-03 -2.120717471216230707e-02 -4.951969284165774754e-03 1.092924498082201989e-01 -1.063440319727462519e-03 0.000000000000000000e+00 0.000000000000000000e+00 2.856561829105377318e-03 7.845118336807790308e-04 -4.107812389449442061e-03 2.373257012579667053e-03 2.122745994615038434e-03 -1.843821024143072786e-03 -4.292143033234158481e-03 -7.549460698370709594e-04 -3.807259561052667336e-03 -1.838885235233318413e-02 -6.324952917932149567e-03 2.342371173605650031e-03 -1.868820300312520064e-03 -1.424458240845379899e-02 -2.167337739916824421e-02 -9.193206563204806350e-03 1.212375785712802440e-01 1.578990980971398464e-02 -2.286759963446443472e-03 -3.241014572659663574e-03 -1.342616367654943070e-02 2.295622502601408934e-04 -1.917448438964432234e-02 -1.101143190185016607e-02 6.683647977211016993e-04 1.310110564050582030e-02 -1.787993386579837460e-02 -1.476125575365721046e-02 -8.112180568680276566e-03 -5.640101168287333516e-03 -9.895283119620386023e-03 -2.213103352893077726e-03 -1.641232514815800514e-03 -1.171703764565554815e-03 -3.594376076896861963e-03 -3.219941307135456426e-02 -1.811917099356440825e-02 -1.412286248110979081e-02 5.769057864723754758e-02 5.027984173269942764e-02 -1.088480740780077838e-01 4.598302055349380579e-02 2.678372434510708361e-02 1.274692976069613168e-02 -1.904180149116447597e-03 4.733470643245288670e-03 -5.507682641082514187e-04 2.100092501107064281e-03 -2.787179874858113776e-02 3.481954878381859214e-03 1.714908537341966466e-02 2.669286629267766248e-03 5.358753746694657621e-02 -2.828784970414336113e-03 1.383964145705775771e-02 8.200783813036386163e-03 -4.368223290033183825e-02 -5.425628778581487524e-03 3.900204701619826991e-02 3.530534899772431578e-03 -4.739693186304684905e-03 2.061901645494666410e-02 -3.197492653553529046e-02 2.350085504738238032e-02 -4.408379556187443787e-02 1.265618790565686130e-02 -3.691702896046741844e-03 1.563627923920251628e-01 -5.273895063597098740e-03 -5.628413040407727157e-03 4.583023591802063606e-04 -2.700587127628300676e-03 -1.035281352008447613e-02 1.151703639063092650e-02 2.289047679274135161e-02 -8.337445622461796269e-03 -5.789373394264823265e-04 -1.015726389117615688e-02 -7.511971315540173950e-03 -1.551489049167188543e-02 5.268204740666814628e-03 -1.470792244101477159e-02
0.000000000000000000e+00 0.000000000000000000e+00 0.000000000000000000e+00 0.000000000000000000e+00 1.012721028448239271e-04 9.679997579261452254e-06 5.616044304124036875e-04 -2.156872874949818651e-04 1.638517812927882270e-03 5.391078844019768241e-05 5.853005661500476837e-05 -9.396201250753202783e-04 5.974284662452342609e-04 -1.560533415699208578e-05 5.219396184685701039e-04 -9.971950073880530424e-05 -6.632537202282441646e-04 -2.734817552082222450e-04 7.916037573510879203e-05 -5.409758003309396131e-04 2.790785689712505803e-04 1.485471377860072260e-05 -7.890664090104359228e-04 -2.504486462077479140e-04 8.946625114282704544e-04 3.557541150974450391e-05 1.721153773773402616e-04 -2.665887983508135207e-04 -1.469805499522976395e-03 -1.945682675343442854e-05 9.006176936360635581e-05 -2.036252195092530352e-04 8.985144524584668622e-06 1.277215095226529951e-03 2.344437276446453887e-04 1.594791895557159272e-04 -2.915019852839693427e-03 -1.266638461278721435e-04 -6.671269971683046161e-04 -1.408477054122662248e-02 2.095962945896572265e-03 6.519192651185054272e-04 -1.067976089072379892e-03 -2.835557962847804142e-04 7.986394974124406856e-05 -1.458877210321386743e-03 -1.754507385966140760e-03 2.850449302711331387e-03 -3.964538164524041182e-04 2.025184806426937132e-03 -1.126775553389990081e-04 1.626635279060996506e-03 -3.367617450339991693e-03 1.093921471004741372e-03 0.000000000000000000e+00 0.000000000000000000e+00 -2.517821724408583414e-04 2.223080327480337227e-03 2.670597834874869139e-03 1.755289216800716098e-04 -2.868572011049046883e-03 2.562958028231402622e-03 -1.041860364333026126e-03 4.524530975263797369e-03 -1.381725293022434376e-04 -2.493712761137273793e-03 1.365221280024233198e-03 3.352176054035179114e-04 -1.107020946789555619e-03 2.710951033837006620e-03 -4.050087093307560421e-03 2.125735849326656005e-03 6.492763902431739065e-02 -1.580050714108035236e-03 5.426635092077012647e-04 3.841160854138655351e-03 3.541146962933051771e-05 -6.427284507234428193e-03 -1.074921770435230102e-04 4.618076144072533022e-03 7.304523799650117439e-04 1.076423880116476536e-02 -2.893947748213269132e-03 -2.819175669615766092e-04 -1.482206040355852142e-02 -7.915910899902669703e-03 4.342104815834840065e-03 1.519793899601948892e-03 2.900184357078190137e-04 -5.673666920436025744e-04 4.851600428024862156e-04 7.883926729820476056e-03 1.040923682862420104e-02 -5.728224966912038793e-03 -7.376135968382910128e-03 -7.033986857193774180e-03 1.932648703706724147e-02 -6.177364347325779541e-03 -4.403071342724438827e-03 8.094280349156704121e-03 4.367779862228380510e-04 -4.260045189174402336e-03 3.060619024347804688e-03 5.100661611781584850e-03 3.557959456024910403e-03 -1.052532280471212001e-02 -1.073269860077237514e-02 7.528115590829998795e-03 -2.828784970415765092e-03 1.756612250993412616e-02 -6.876542351129965626e-03 3.350694416066458264e-02 2.299826378907127503e-03 2.222454121857327450e-02 4.096761953508750234e-03 -8.679752756523663806e-03 -7.767993090125578821e-03 6.691274100901746470e-04 -1.479031620687297141e-03 2.102601828091468089e-02 -4.096053794534819555e-03 1.905443156278339642e-02 1.722689777113048078e-03 6.054929402017038970e-02 1.402499596923148474e-03 -1.218045749179056097e-03 -1.651614642241682395e-03 1.135682986198625205e-03 7.785817499929905414e-04 3.634559222352268856e-03 -1.369892138823883320e-03 -3.804930512893845004e-04 1.395888398425418168e-04 4.624555145288588263e-04 8.940707954159564722e-05 -1.297004149279069830e-03 1.099042250752003090e-03 -2.166316629188005244e-03
0.000000000000000000e+00 0.000000000000000000e+00 0.000000000000000000e+00 0.000000000000000000e+00 -2.312973329001207369e-04 9.054617030395025737e-04 -7.108603540718205901e-05 1.244778029733197445e-03 -1.767717071821699659e-03 6.255085320685680123e-04 4.025841047246392725e-04 2.850138074505723963e-03 -4.321233466305146793e-04 4.817268407446721528e-04 2.962668279453490520e-04 1.860259337599476977e-03 -3.391034816138221693e-05 -1.952501654077147195e-03 -4.977208892689907998e-04 4.738595600193218002e-04 -8.543742870212651290e-04 -2.486106708766605815e-03 -2.499011967212907623e-03 -4.452355621420470925e-04 -9.315964234746440531e-04 3.039889612099828551e-04 8.590513338214023770e-05 2.108988953089080756e-03 4.198035790590851383e-04 9.508721181525618031e-04 -4.104682504959075327e-04 2.736838337258822550e-03 -4.323237021649660780e-05 6.020511554701946794e-03 -4.889118068842888444e-04 8.372162280071821470e-04 6.158509542166864734e-03 -8.982502983589036238e-04 1.591869788638409448e-03 1.230205661657412380e-02 -2.716339596962130242e-03 6.581367562484146142e-04 1.564223933778541038e-03 2.706282157670294856e-04 2.379850345933217596e-03 4.818906631511909143e-03 1.267597389241596414e-02 -3.121290030147791036e-03 3.732414618435332676e-02 -3.589102086951546488e-03 -1.211493403350085395e-02 -4.587953494852614264e-03 8.529257946388239808e-02 -3.306731512939860111e-03 0.000000000000000000e+00 0.000000000000000000e+00 1.589183516270944053e-03 -2.960962376038991321e-03 -4.282850008702321354e-03 7.773958119219917876e-03 7.153237814705650822e-03 2.252383505139279960e-03 -2.975372672676274057e-03 -9.788099368426676078e-03 2.630372751636175354e-03 -1.377409896001453599e-03 -3.499458591851373895e-03 -8.816346232978093710e-04 2.561395810277035303e-03 1.518992723020910242e-02 2.351443253124523881e-03 -7.034538311565119093e-03 -1.660061503054712229e-01 -8.143222684794929403e-03 -4.613838018145209607e-03 -7.493583073335424380e-03 -1.564042459434339741e-02 1.418838041859556837e-02 -1.666605751429952459e-02 -2.691967570761748599e-03 -2.965170443022887951e-03 5.108899901937103208e-03 -4.323911065176232194e-03 -1.270547561378155676e-03 9.184665588264494251e-02 -9.795651749199907679e-05 -1.487584154654773318e-02 1.393778748693884698e-03 -5.632471262639656556e-04 2.553900494434893208e-03 -4.393340199339246417e-03 -2.138133342895972427e-02 -2.948171206315042953e-02 -7.583672797051756696e-03 7.898723093227867642e-02 4.036645563482618021e-02 -1.319455101902325123e-01 4.080387003076700603e-02 3.518902374417682416e-02 4.973470600118535395e-04 -7.129063694972971252e-03 -1.152374865105511639e-02 -5.541206795253734302e-02 1.163429799240008576e-02 -9.103681277831711383e-03 -8.731076254432046336e-04 1.427748016780081355e-02 1.494265752385050359e-03 1.383964145705626411e-02 -6.876542351130128690e-03 5.050611350489194601e-02 1.338872257010261836e-02 -1.094445736762641487e-02 -2.443686791324033158e-02 1.153695856654265300e-02 -8.692928086011979597e-05 1.311519059576573415e-02 1.534969798239242157e-02 -1.050044148235075060e-02 3.539527015131424537e-03 -5.130516598719274401e-02 9.845827244379389692e-03 -1.301696075162725105e-02 -7.276641851122180038e-02 -4.297724084464488517e-03 1.009279878795509098e-03 -2.007666863906664920e-03 -6.790819704369072639e-03 -1.267050951982191635e-02 -4.745381222069709748e-03 1.966203649298913642e-02 4.269009680746589132e-03 3.686620267356848727e-03 -6.872318265179731128e-03 -1.033018794511861294e-02 1.053054151585909766e-02 -8.519641599456716577e-03 2.858271112211626611e-03
0.000000000000000000e+00 0.000000000000000000e+00 0.000000000000000000e+00 0.000000000000000000e+00 -4.433030544107424394e-04 1.061075501534787090e-03 1.260187186475530182e-04 1.348935380645030794e-03 -8.717394939270655448e-05 4.760532431213784343e-04 -6.581904755599817056e-04 -2.713702399506075593e-04 -5.775320701499229385e-06 4.549776190574097903e-04 1.524844369624677679e-03 2.416248357550623838e-03 -1.715348407680075465e-03 -1.573486291521877453e-02 3.330652392899404119e-04 -2.438384468424132853e-03 -4.303434961613577039e-03 2.534778625921288876e-03 -5.268400788585160185e-03 -2.028736960152619255e-04 -2.767181509761570480e-05 -4.426038019427220443e-04 1.753143174994593011e-03 1.417227661812694561e-03 -1.155571547290275801e-03 3.328323811563929343e-04 5.075944067564294206e-05 2.071414330979790171e-03 -1.049863667826832193e-04 9.490456046348100250e-03 -7.147433351996795338e-04 6.038217920244651551e-04 4.985102558886029406e-03 -2.846671381412571936e-03 -3.687745383422641812e-03 -4.772845917682926042e-02 -9.549618128437728504e-03 2.263958870739937561e-03 1.532450109110507393e-03 3.156048508873907695e-03 3.848277048316981700e-03 5.121039510428897039e-03 2.325410392017887573e-02 2.242478343105384388e-03 7.173178653285310069e-02 -2.040340014223231829e-03 -2.569848075867688444e-02 -8.799307327579601601e-03 1.227790227338757256e-01 -3.676551617622609864e-03 0.000000000000000000e+00 0.000000000000000000e+00 7.638240018358589088e-03 5.394611277530611017e-03 2.517495985377253553e-02 -1.139426150828238161e-03 -2.878328403687438128e-02 1.966249122248369535e-02 -7.983052757729488776e-04 -1.713382941722763064e-02 4.963589471412152392e-03 1.014548673233478006e-02 2.761639801113822609e-02 -2.655878460011060205e-02 -6.800410438183551731e-03 -4.518618381533909961e-02 -5.386188345344298384e-03 -1.953519833614169102e-02 4.118295124981762867e-01 5.904864176113781837e-02 8.246204423861270769e-03 -9.941149322504434435e-04 3.312584305928153398e-03 2.383281649530555324e-03 1.221199344189273332e-02 -9.186259301291719442e-03 7.128219032008504229e-03 1.695693360772715375e-02 2.160722675838254187e-03 -1.869157457232960284e-02 -2.624053454026855636e-01 -2.607399165383980644e-03 4.951447996261069268e-02 3.381562039441879733e-03 5.076677016306547835e-04 4.740894122826822986e-04 -1.478585414441684065e-02 6.661317908352985644e-03 -3.447124908226682077e-02 -9.133977357072706194e-02 1.407541111424868152e-01 2.093858844038776462e-03 -2.557858604768797894e-01 9.409039769408163167e-03 8.847345464723466169e-02 -6.264609191522586829e-02 2.586039302663410006e-03 -3.828797684613672453e-02 -1.665912704700627661e-02 1.287713918314564027e-02 2.315211229566617804e-02 -4.645909499728573255e-02 -3.620921566562801397e-02 2.998637327489415624e-02 8.200783813036254324e-03 3.350694416066549858e-02 1.338872257009964331e-02 3.539835756017858381e-01 -1.613254696926962398e-02 2.382542284598294230e-02 -1.920787311531734279e-02 -3.455242222393070661e-02 -4.055788115926590304e-02 -6.316028963298659163e-03 -1.207985450698722922e-02 8.314148408877139462e-02 -1.506870436706370629e-02 1.633589625787173760e-01 -4.431552142083191453e-02 3.886333445079228621e-01 1.770260766031962057e-02 -4.062736372621495243e-03 -9.109694339935666199e-03 -2.624922152481709136e-03 7.342113357422265334e-03 -9.468480643229434598e-03 -9.917950979769588407e-03 2.786624344936121031e-02 1.027045998988319192e-02 2.434747623002374989e-02 -5.120132171544115873e-02 -1.618964083785322250e-02 -1.472218688520767621e-02 3.031925353847589322e-02
0.000000000000000000e+00 0.000000000000000000e+00 0.000000000000000000e+00 0.000000000000000000e+00 -3.711621778040426699e-05 -1.198626183414139290e-03 -1.997146309597655337e-05 -2.123646520230195161e-03 1.321124771923298520e-04 -1.441745567547921773e-03 -1.275900136417269575e-03 2.124872343904253905e-03 -7.345931077137561735e-04 -2.124754126560760535e-03 -6.526107239578867771e-04 -3.148195295767891849e-03 -7.171695973367358786e-04 3.951807944851939633e-03 1.162944438285216237e-03 8.417526724496693803e-04 2.440812892860539946e-03 4.614025812728379393e-04 3.546991882026836324e-03 8.256511904558499300e-04 7.050622005301320026e-04 -1.075283652309389892e-03 3.524140863945505889e-04 1.145430003819256993e-03 3.388204724981399370e-04 -2.001385466832979014e-03 1.185219176119032929e-03 1.910172831775745414e-03 -6.795192215613981993e-05 -3.309382563714640541e-03 4.282424347664973369e-04 -2.531837298383700450e-03 -5.005495788193453643e-03 2.947219023873753289e-03 -8.019601697581688927e-04 -8.343534074786287946e-03 3.936011832025988581e-03 2.187754157016403114e-04 -4.242173648056663145e-04 -1.468300797402309187e-03 -4.218550537221093730e-03 -4.873283926546069858e-03 -2.244541385540103906e-02 5.976720529182851654e-03 -6.222647427645317669e-02 3.704857268111965557e-03 2.737114721185168395e-02 8.241980412304499015e-03 -1.444038740407961596e-01 2.445154148552594869e-03 0.000000000000000000e+00 0.000000000000000000e+00 -1.929165124555482945e-03 -2.278212251305933474e-03 7.369331929138017191e-03 -3.418029539650859969e-03 -3.566380314726216513e-03 3.896261689151248042e-03 6.395488982335386166e-03 -2.146415882820466945e-03 2.807427953368601872e-03 1.976368972848199790e-02 9.847741276075738792e-03 6.600079010833897596e-06 1.994530339196583582e-03 2.443389248877035624e-02 1.647056064922703192e-02 1.387062821158254128e-03 -1.561632010685871097e-01 -2.494030001610501868e-02 5.211663134993270961e-03 3.322295846035005790e-03 1.612256757266617921e-02 -1.813981862138930442e-03 1.400672862770026457e-02 6.135467550582626717e-03 -1.039522061905810311e-03 -8.062344206990708362e-03 1.417624148237961110e-02 8.739444160346266505e-03 3.950217124860173207e-02 1.009149497366965088e-03 1.365406135297689283e-02 2.838489987025871221e-03 2.670313187603909517e-03 8.821019493236980378e-04 3.325023871064885887e-03 3.283877602003092144e-02 1.393316110899335027e-02 1.429055502483994947e-02 -6.374744839490645298e-02 -5.129544845696442507e-02 1.121076652281133845e-01 -4.739388731296428903e-02 -2.612228066168601967e-02 -1.251149740294509385e-02 2.417762017620755498e-03 3.950145798576718166e-03 -5.735486580359474597e-04 -1.258399986574555707e-02 2.628953563649752412e-02 -1.133222788481928322e-03 -1.295049630598820063e-02 7.168414545124060814e-04 -4.368223290033157458e-02 2.299826378905877201e-03 -1.094445736762721458e-02 -1.613254696926993623e-02 4.744570295000738458e-02 2.601969223731971734e-03 -3.753775361631422197e-02 -2.465684057214318457e-03 1.798394706100055792e-04 -2.040162571019422250e-02 2.668390576512057535e-02 -1.742047115959972914e-02 4.151391469217265151e-02 -1.647964170991759666e-02 8.934202048319336842e-03 -1.919826224838340478e-01 6.175883978039328412e-03 7.486122480912293063e-03 1.076511112064597450e-03 7.187616295945588318e-04 1.061783478787786152e-02 -9.258536526941574946e-03 -1.661479860803178124e-02 6.896822655942620901e-03 -2.896973285232970225e-03 1.265374086989405102e-02 6.693885875726123674e-03 1.118932053149442919e-02 -9.031463280587159401e-03 1.620811351887366594e-02
0.000000000000000000e+00 0.000000000000000000e+00 0.000000000000000000e+00 0.000000000000000000e+00 3.702303380509989073e-04 2.124453654790524207e-04 9.104800437238467787e-04 9.539055838061808162e-04 3.271486514275966963e-03 7.578773089072349776e-04 9.493843604663537630e-04 -2.611180575930801585e-03 1.489895123045662396e-03 1.168633265999492916e-03 7.207956840297887434e-04 1.180787290508613458e-03 -7.102165957117161262e-04 -1.090119916629762181e-03 -4.643537810562523124e-05 -1.821265482215662229e-03 5.982854176702964016e-04 -1.427790532418157701e-03 -1.126440686438305106e-03 -8.586923286919304283e-04 1.572420099188721627e-03 1.087413496463233769e-03 -1.777519580165283302e-04 -1.200320413476820870e-03 -2.595159011792327625e-03 9.204886560715080067e-04 -2.018697860151350064e-04 -6.934457185994892655e-04 -4.857866586422020174e-05 2.604945945287485878e-03 4.317279841499100800e-04 1.781683606565177694e-03 -4.539546942042725283e-03 -1.329238441810818780e-03 -7.700831917127447116e-04 -3.466489117151663052e-02 5.307596155270583212e-03 -7.192867329200289999e-04 -2.620255257279377643e-03 -3.876353096027187854e-04 9.846991570022600553e-04 -1.277460260063877995e-03 3.340928429055910545e-03 1.989016964267031808e-03 8.834009602196851718e-03 3.178403485773167569e-03 -3.546101971095782200e-03 2.735005120831666275e-03 2.603636997116352825e-02 1.739955148340971295e-03 0.000000000000000000e+00 0.000000000000000000e+00 -2.443862960670586254e-03 4.916004233182933759e-03 -7.217883442326294974e-04 -1.963889101636761203e-04 1.991209825537548338e-04 1.746979986308676725e-03 -2.436669664448852090e-03 1.610256947950525555e-02 -7.947805366674558399e-04 -8.027999922907900349e-03 -4.643584948416721106e-03 1.588197951430747948e-03 -1.752345796040840438e-03 -5.370840233854655248e-03 -4.100798038175457703e-03 1.358705449626373615e-02 1.214756846719140387e-01 2.063083170335086591e-03 6.264315879024264953e-05 8.488435546023642003e-03 7.791565375840428520e-03 -1.438117799649448261e-02 1.112091653774960505e-02 9.808679743772504359e-03 1.756447584906482146e-03 5.395097004654777172e-03 -2.921872899055241550e-03 6.228503913512163301e-03 -5.308390647435972526e-02 -4.981640378940421429e-03 3.723089748644626065e-04 9.147543138056222654e-04 -7.140007723915787639e-04 -1.582640005411367710e-03 1.954055775053778650e-03 4.218823145472378085e-03 1.933879572145890888e-02 3.192315014296057650e-03 -2.875696369814756057e-02 -3.742226165030499655e-03 4.354241637581544866e-02 -2.522406099042358990e-03 -2.493357834563889389e-02 4.121928253598466929e-02 2.989248195420514745e-03 -4.816584487117116231e-03 2.670748100761826532e-02 1.539933565513582764e-02 2.486843234967753453e-03 -1.216955086048616443e-02 -2.564516630456008597e-02 1.073764482990026241e-02 -5.425628778583930882e-03 2.222454121857363185e-02 -2.443686791324034546e-02 2.382542284597933407e-02 2.601969223733740719e-03 5.397244245241135385e-02 1.468849508947490598e-02 -8.931681440634333183e-03 -1.383136025608814115e-02 -8.574524644976264272e-05 -1.199863698311992924e-02 2.719031533797322889e-02 -2.778895346289136231e-03 1.954516807304367693e-02 9.034550349931154065e-03 1.172346634707506913e-01 4.728272506102310178e-04 -1.262757421720634744e-03 -4.218803315932381955e-03 3.843484812996781751e-03 3.327123374114631174e-05 1.086224727613111472e-02 -5.828277339396932197e-03 -4.901357298075777018e-03 5.664754176461839208e-03 3.453949312967953197e-03 5.360363408482398881e-03 -2.120481984174818046e-03 4.517251677059300023e-03 -6.914417531436314185e-03
0.000000000000000000e+00 0.000000000000000000e+00 0.000000000000000000e+00 0.000000000000000000e+00 -2.385264907459971428e-04 1.112482950047698855e-03 -3.590158393833084286e-04 2.315495081482129951e-03 -7.946987164127277932e-04 6.961855820855143272e-04 2.614724613185787864e-03 1.180119029632193707e-03 7.021416759573469656e-05 1.453445103022719303e-03 1.339140230083078569e-04 2.554187333194744662e-03 -3.354067273300864651e-04 4.555756407875156608e-03 -3.990092325954312791e-04 -1.408548154062108692e-03 1.111888968741652872e-04 -5.436374664965838363e-03 -3.489114430831882514e-03 -1.536790172745390159e-03 -6.386999094548999030e-04 4.460055250481520604e-04 -9.579913341962093855e-04 1.294222069212564753e-03 4.860279910644464793e-04 1.447121250800216530e-03 -1.159276400986836283e-03 2.621663449459971183e-03 -2.112728923397821229e-04 7.864086569081598851e-03 -1.387268926844376950e-04 1.817699702739799389e-03 -1.044636194608772502e-03 -2.798262298606528104e-03 4.780188967789556495e-04 1.145504727889616603e-02 2.654637374082998574e-03 -3.522354112551458281e-04 -5.368002312720740118e-04 -4.515745409004746891e-04 3.272504771499179076e-03 6.323743933479997019e-03 1.080039697990724940e-02 -4.688695885914696306e-03 5.160506975442071681e-02 -3.819594458656124739e-03 -1.657088951091315043e-02 -6.891485220144299637e-03 1.216958692249663909e-01 -4.939070152726146232e-03 0.000000000000000000e+00 0.000000000000000000e+00 -5.323118442063130840e-03 5.421261692745735911e-03 -3.094387097926862978e-02 1.428994151018831912e-02 3.518415435266419172e-02 -2.000709247520531453e-04 -7.208412961285213735e-03 1.891176627487848108e-02 -3.128889908482391461e-03 -2.080115850546463210e-02 -4.179584412221248185e-02 1.347121182049944646e-02 2.026714252815636254e-03 -2.978142625617970218e-02 -1.227790796766370374e-02 1.295106240238695465e-02 -1.018510416233303108e-02 3.898854492251677822e-02 -1.550794548016584846e-02 1.045867841865525186e-02 -1.029316384255891427e-02 -4.496817646016534713e-03 -1.760652959450382127e-03 -1.573345441385111051e-03 -2.390862887533530285e-03 -3.555480095786872977e-03 -1.313700997627024331e-02 -6.654425199504347341e-04 -6.903619905740312340e-05 1.908772668001456480e-02 -6.690030639475079421e-02 -6.689542512480069160e-04 -2.255113285598719149e-03 1.506436712715776040e-03 3.642730238634948013e-03 -4.836979763009133237e-02 -1.023151354534736386e-02 1.093410942133422534e-02 3.633756090611949680e-02 8.121081724059434070e-02 -7.332561878055512961e-02 7.486062293359010966e-02 -1.865823568915619436e-03 7.120502938289144379e-02 -7.100220352372480989e-03 9.053567167723458597e-04 -5.567859548447234332e-03 3.220769230420906376e-02 -4.487716142404940545e-02 1.309393785428031656e-02 1.057554660759637416e-02 5.783189262961925016e-03 3.900204701619915115e-02 4.096761953507885475e-03 1.153695856654667930e-02 -1.920787311531841485e-02 -3.753775361631455504e-02 1.468849508947379402e-02 7.511663923430510204e-02 1.370895567370930719e-02 1.758011827565975462e-03 4.062494153656801693e-02 -3.591915067408046197e-02 1.764196911832057596e-02 -6.354847129931807947e-02 6.084574884638303295e-04 -1.373437823725649678e-03 7.721279651427663537e-02 -2.092767583072902698e-02 5.360947172229106432e-03 -4.754818641444658739e-03 -2.479206354877089378e-03 -2.322081164350213098e-02 2.489503850906374730e-02 6.555466068208070513e-03 -1.095081505027090292e-02 3.714468267338255549e-03 -2.909545518854551524e-02 -3.394697953301996710e-03 -7.637365638290172145e-05 1.302813633097842441e-02 -2.166434305058958024e-02
0.000000000000000000e+00 0.000000000000000000e+00 0.000000000000000000e+00 0.000000000000000000e+00 -3.501871194799415789e-04 6.412082137698517457e-04 -7.039094024015919325e-04 1.754544840110502891e-03 -1.979552731604493441e-03 8.712236151025559835e-04 1.009586811146059859e-03 1.553985405324911353e-03 -1.505342870398991822e-03 8.167654506772959420e-04 -7.727030041055208461e-04 8.967984407596535758e-04 -1.001458510157510629e-03 5.746874817560951136e-03 7.116864059077479543e-04 -8.581364647461244086e-04 1.514752653912725903e-03 -1.495208574325625726e-03 1.573032450772019787e-03 -1.653430383219885191e-04 -3.489821036117406747e-04 5.530356024976682992e-04 3.357378495266903282e-04 1.820479742465166235e-03 1.699721962789431471e-03 7.392760813874151189e-04 1.611123685296056885e-04 5.689560330486223214e-03 -2.205416182288442994e-04 1.049861090565401903e-02 -4.153279654889720316e-05 4.905961370439487160e-04 -2.434429127051428512e-03 -1.172024026217625156e-04 -1.088922120218724279e-03 -6.107416838539042603e-02 4.337708079934646591e-03 -4.824269683121241059e-04 4.773922028760569768e-04 -1.027283120107571170e-03 -2.446670383038199430e-03 8.024657112858536029e-03 -1.897189576264107780e-02 -1.761674106835309228e-03 -2.833746015410764860e-02 -4.057706570838418535e-03 1.462448217568181399e-02 -1.284094851675720564e-03 -7.081796795401534839e-02 -7.525259847845145941e-03 0.000000000000000000e+00 0.000000000000000000e+00 -8.893719945135408755e-03 1.391667247758112021e-02 -8.868098348836055134e-03 2.222268197149588481e-02 1.796042725040002466e-02 2.118481624060725849e-02 2.921469332399806353e-03 2.981319150945987637e-02 -1.912017535640988175e-03 -1.685734372965538592e-03 -1.997208012275158637e-02 4.414278891051436754e-02 2.812873164699198746e-03 5.636705386404343085e-03 1.413236374314216261e-02 -1.585913430340811590e-03 -1.415247726983521193e-01 3.060613670174108444e-02 -1.904286709294605731e-03 3.091838221064345180e-02 1.098337742550873145e-02 -1.143737026614323297e-03 1.500844206344970240e-02 1.121500392728086264e-02 -8.153446361707518658e-05 -3.272552250413225498e-03 9.941203032830189107e-03 2.226843299635392938e-03 -6.189913635114284440e-02 3.328879504164772990e-02 -3.567422799412139911e-02 2.151732192756759462e-02 1.462784579629467429e-03 1.465283399148284687e-03 9.058174028640163591e-03 9.589402873594925908e-03 3.387636540277703251e-02 1.213932313581750008e-02 -9.804079188168769721e-02 2.482645325461636451e-02 1.456821610322795446e-01 2.205593698146261772e-02 -5.137344799917578642e-02 5.410135368899160468e-02 -4.911384526600574320e-03 4.467995496330417343e-02 -3.661059372969584919e-02 4.606178714742367557e-03 -1.047609719189995792e-02 5.117360733129439759e-02 5.998789399453268237e-03 9.795708722138878402e-04 3.530534899776041971e-03 -8.679752756523972587e-03 -8.692928085788644791e-05 -3.455242222392562040e-02 -2.465684057217156899e-03 -8.931681440634794619e-03 1.370895567371274541e-02 5.774584133315101286e-02 8.940368732349565292e-03 1.179683662603981005e-02 -1.518837713893638093e-03 -2.621667205217527788e-02 -1.754372905461422383e-02 -3.941331907232228232e-02 -7.453130325815306677e-03 -9.805580775017379291e-02 -3.096808863164254855e-03 3.457376406968673543e-02 -1.118503003465636490e-02 1.170062372592179691e-03 7.010761504990133380e-05 3.184175968479931174e-02 -1.634708178935545195e-02 -4.561992470938431438e-03 -1.833986020761368269e-02 -2.217569509340382508e-02 4.467322535341991356e-03 1.752439801129880223e-02 3.486578137447549595e-03 -8.636035792880564395e-04
0.000000000000000000e+00 0.000000000000000000e+00 0.000000000000000000e+00 0.000000000000000000e+00 -7.460858767145791453e-04 6.768336633162041582e-05 -1.549519058728037260e-03 -1.386149998252553955e-04 -4.412601512542734319e-03 -1.080753628976577037e-03 8.546975870359374040e-04 4.946918256239631745e-03 -2.214345147724260283e-03 -1.198094463708628162e-03 -1.376327121374414097e-03 -9.037504129684149293e-04 -9.294611568479829291e-06 8.615742983900579952e-03 5.191811259497629500e-04 8.357233750428225843e-05 1.366389284092117424e-03 -4.281814859281852376e-03 2.453667706106686555e-04 -4.147445554267299847e-04 -1.904263292597825966e-03 -1.328863718952965744e-03 -7.138924188875381965e-04 3.314273360620523853e-03 3.949066505138355831e-03 -7.005578798908611076e-04 -2.826575513769163071e-04 4.323127885826198377e-03 -3.642929280064469166e-04 2.289537675674015345e-03 -1.661301000248515303e-04 -4.272619449341664099e-04 -1.535445565811243860e-03 -5.841530690359506917e-04 7.052925692755029809e-04 1.434048722066593590e-02 2.403954294207119417e-03 -2.060190960139004265e-03 8.250639746401056129e-04 -2.318559664549610204e-03 -1.396086732259864448e-03 5.703179428319779878e-03 -1.015888455721761403e-02 -4.991779671452842120e-03 -1.623409322220436754e-02 -5.363054497409823311e-03 1.092083255871620015e-02 -5.757219529243897890e-03 -2.535302498926177844e-02 -6.764021097811564673e-03 0.000000000000000000e+00 0.000000000000000000e+00 -3.144907137901312502e-03 -3.775917573195713278e-03 -6.359944547258393303e-03 1.120894592042557744e-02 1.227136639719040093e-02 -1.123137386453508914e-03 -2.433485763201786480e-03 -3.124705147608779123e-03 3.206144398273580963e-03 6.119317330605753696e-03 -1.217071572904389158e-02 1.067914709606292145e-02 3.462241750855720498e-03 1.547553343842959436e-02 7.708274856071914080e-03 5.901660323476134312e-03 -2.181438595573023664e-01 -1.026645910920829727e-02 -5.545188774863413390e-03 -5.651106700188333887e-03 -1.619135897712087324e-02 1.311099520033649768e-02 -2.432930538006309457e-02 1.288151523194007789e-02 -3.254038003110176942e-03 -1.003362944827841012e-03 1.515528287243540892e-04 1.275996976146313855e-02 1.038135192373241256e-01 2.597393059817991196e-03 -2.350086348100764375e-02 3.723561164322163313e-03 2.475176159514652836e-04 3.686092389005120405e-03 2.154582658739757559e-03 -3.757427924217936373e-03 -1.810746441484107835e-02 5.338641644827318150e-02 1.760459574440640480e-03 8.447801409947462703e-03 -2.156457108057832292e-03 4.808543997436890219e-03 -5.427917050928419453e-03 8.719013126065468244e-03 -5.220989521305283328e-03 3.113730288926472149e-04 -2.661283070991426677e-02 1.259082254703033921e-02 -7.358581790173688089e-03 1.008816440486194795e-02 2.776691871045913404e-02 -9.995926336455997208e-03 -4.739693186305446448e-03 -7.767993090126143474e-03 1.311519059576534384e-02 -4.055788115926242665e-02 1.798394706106886808e-04 -1.383136025608886627e-02 1.758011827562258383e-03 8.940368732348769054e-03 4.610229009787101401e-02 9.329407549904394220e-03 1.382091975003851315e-02 -2.364463592665452113e-02 -2.812865025501358734e-03 -3.301109058306040539e-02 6.448186348842384515e-03 -1.398663704851058898e-01 -6.600081833248118771e-03 7.192417285474523789e-03 4.859936713052284674e-04 -5.975820628063164587e-03 -1.532390630498830369e-02 -2.331889010378408386e-03 2.888837735074015547e-02 -7.254069756166603433e-03 -7.361255000881351991e-04 -1.856249271277779153e-02 2.433380577705055933e-02 1.271430659153666501e-02 -4.560522866764279287e-03 -5.460013045643312586e-03
0.000000000000000000e+00 0.000000000000000000e+00 0.000000000000000000e+00 0.000000000000000000e+00 -3.025361852070015413e-04 5.836951244905899975e-04 -3.833942291238450146e-05 1.393932512188430194e-03 6.466972386198440500e-04 -8.870113310328825787e-04 1.577649780457610843e-03 6.212184434244699812e-04 3.887437613316405138e-04 1.001660820320118828e-04 1.083466278290172533e-03 1.006262099063468538e-03 -7.492504689459289881e-04 1.231475892043958770e-03 -2.155051590039755178e-03 3.665551470338997749e-04 -1.394914454592656406e-03 -3.703605565079108510e-03 -4.414558182838250466e-03 -2.166621771283192346e-04 6.460615716609244827e-05 -7.217415981401768474e-04 -4.772119037319640556e-04 2.382044034315305579e-04 -2.766958413985023913e-04 -4.462877272651571319e-04 -1.001880932960416953e-03 1.429527993107158890e-03 -6.691318435393924717e-05 1.468960770746200644e-03 -6.840569394764325732e-04 -1.019792261697079205e-03 9.567088216043555943e-03 -1.249115850100241797e-03 2.755330672895499582e-03 3.116309278210034617e-02 -3.498689204704022535e-03 3.866272035869078132e-04 2.962865661562819573e-03 1.984185555850278421e-03 2.677546067133795751e-03 7.523848803797445785e-03 7.733955370179722635e-03 -7.046276398080677551e-03 4.435980074380008881e-02 -8.363019085128736707e-03 -8.799101907997177591e-03 -7.945743001718748311e-03 9.004169152192854908e-02 -6.626507436285947704e-03 0.000000000000000000e+00 0.000000000000000000e+00 -3.649738160074324483e-03 3.380461094789679547e-03 -1.761701463498158843e-02 1.272680500272560696e-02 1.738706590255645681e-02 3.614087882941938298e-04 -8.444144089328040406e-03 2.791566245687815070e-02 1.166687610363798802e-03 -5.586937649291149645e-03 -2.540652186973130222e-02 1.185354016483655334e-02 2.996027654731255388e-03 -5.572089894188518577e-02 5.699850146756745874e-03 1.659158238609567682e-02 -8.893503062177132712e-02 6.383322382441374010e-02 -9.363325510833247697e-03 1.732336764598810600e-03 -1.098820641932347388e-02 1.044812491687870798e-02 6.346198260630374864e-03 -5.729469528831204576e-04 -5.097095506965662647e-04 -3.393162746581523254e-02 -5.192465405743292538e-03 1.757668300162916822e-02 -5.716595638103728200e-02 4.035421648206091033e-02 -3.932789460723305069e-02 3.654630752445581394e-03 -1.332574071824055165e-03 1.332253084823058990e-03 -2.690393970991959705e-03 -2.663738934790308571e-02 -5.702708376968890908e-02 -4.610632795862613931e-02 7.442694176632955183e-02 5.362504242710531416e-02 -1.266601071164810688e-01 4.547125558769886389e-02 1.927897318244841535e-02 3.755255785400476304e-02 -5.228478320412015441e-03 1.313767717847967413e-02 -1.893359036275346283e-03 1.018248862005236011e-02 -2.451176185006594122e-02 8.062682565812896371e-03 1.657709424533163403e-02 5.996664816101168749e-02 2.061901645494962354e-02 6.691274100896279923e-04 1.534969798239269739e-02 -6.316028963296390145e-03 -2.040162571019584273e-02 -8.574524645034811189e-05 4.062494153656802387e-02 1.179683662603865993e-02 9.329407549904120134e-03 1.896548210977325177e-01 -2.192918041846401295e-02 -1.200671931444407398e-02 -5.321391654288296774e-02 -1.135704214670539558e-02 -1.391189561420445517e-02 -2.921325061040182247e-02 -1.170684871079178714e-02 3.891262198183596203e-03 -3.330599068488106305e-03 3.750917405040348797e-03 -1.842828451517291091e-02 7.319596626299947929e-03 4.022490216695789184e-02 3.578217541098068118e-03 5.654398970900957437e-03 -1.060069878268637272e-02 1.977494604979063847e-02 3.091807306836021757e-02 6.370072271638343823e-03 3.281158268626587719e-03
0.000000000000000000e+00 0.000000000000000000e+00 0.000000000000000000e+00 0.000000000000000000e+00 -6.695728260456346777e-04 -1.009488708417957117e-03 -1.660869892596783092e-03 -1.988026816721720144e-03 -3.488075632640075512e-03 -2.653624844255338209e-03 4.515196601932916888e-04 5.604648193736436017e-03 -2.315412283617436159e-03 -2.987504289923154695e-03 -1.651815146710689007e-03 -3.899028201174289162e-03 -3.701739853276911916e-04 9.746808531981711321e-03 1.394690490158694961e-03 3.816037387750957307e-04 2.204370327034334276e-03 -2.102165011437547113e-03 2.729886944399142167e-03 1.139118896642095369e-03 -1.007429489041797516e-03 -2.820970222159531124e-03 -7.924631343559506054e-04 3.615124636380216694e-03 3.512289567212661858e-03 -2.776763200408489517e-03 3.027119920428338897e-04 5.364195651711902747e-03 -3.127751984064461115e-04 -4.156074422200942771e-04 1.231764864758347279e-04 -2.918776317359406645e-03 -5.113545214520269326e-03 2.578489875259396859e-03 -2.242395445728851289e-03 1.620061971838942377e-02 2.481910345138355761e-03 -9.512949069070141027e-04 2.455291681143765593e-03 -1.647956564863503528e-03 -4.599683451206249690e-03 6.115043731825121464e-04 -2.637933778837932286e-02 3.850097378335717055e-04 -5.951325050601522643e-02 -1.445909797349586960e-03 3.047085323894384995e-02 6.464226488137456888e-04 -1.378287763623545215e-01 -3.489821971786291784e-03 0.000000000000000000e+00 0.000000000000000000e+00 9.220613479814892795e-04 -3.526882854600997888e-03 4.182874979949699999e-03 2.705810891204050560e-04 4.379885208573402176e-04 -2.542399940368044917e-04 5.877093232025259149e-03 -8.024238931305591183e-03 1.355874456464296451e-03 2.242485198075616984e-02 -4.189569995577761266e-04 2.855501269859000903e-03 1.437143671636739381e-03 2.140573615686326009e-02 1.001705851254423851e-02 -1.595087052876845504e-03 -1.102314586147807862e-01 -2.251686171290423824e-02 6.277444516473713702e-04 -4.091261922117934643e-04 3.729860259795949717e-03 4.696579652662205302e-04 -3.494511186961272910e-03 6.906887326448007090e-03 -1.485224977436510252e-03 7.769190390413844953e-03 8.293782111325160439e-03 4.961193182382423426e-03 5.347345939470880827e-02 -1.186719620955101022e-02 2.320983235417651072e-03 1.366027837645020747e-03 1.655891768646926753e-03 3.740292291527359207e-03 3.597253868595111977e-03 3.467140068765948990e-02 1.491708975434800563e-02 1.922325864854233443e-02 -3.660730298650185371e-02 -4.993701240151537241e-02 8.396775653458662947e-02 -4.740063960776710883e-02 -1.920811816872690370e-02 -3.105006469024802415e-02 -2.192787470298939004e-05 2.248173548382050285e-04 -5.391322749449209764e-03 -3.251719547895453102e-03 1.393543151114231930e-02 5.319777476356760820e-03 3.143874989656379910e-03 -1.352988209742933545e-02 -3.197492653553618558e-02 -1.479031620687756192e-03 -1.050044148235208114e-02 -1.207985450698767851e-02 2.668390576512160231e-02 -1.199863698312032129e-02 -3.591915067408078116e-02 -1.518837713893014677e-03 1.382091975003790774e-02 -2.192918041846428009e-02 4.741269137330818978e-02 -2.042031719045899960e-02 5.466851752050038565e-02 -1.371971440163529538e-02 1.342180809575657142e-02 -1.392839312635381077e-01 1.748385531563067521e-03 7.308681228074737080e-03 4.656089393972666856e-04 -3.106143206767322026e-03 4.632453023508209186e-03 -1.312362515827029258e-02 -1.058354464579753726e-02 6.462122330495782482e-03 -1.312136268066107364e-02 -1.420127264111291539e-02 3.932822590915130076e-03 -4.112565697919613912e-03 -6.148769266152057100e-03 6.967133899181231563e-03
0.000000000000000000e+00 0.000000000000000000e+00 0.000000000000000000e+00 0.000000000000000000e+00 2.650851726592847379e-04 7.450824295385947895e-04 1.084891557017558534e-03 8.093801796561155655e-04 1.711491549736412739e-03 1.671529502453429497e-03 4.506103755860517857e-04 -3.482120566032233244e-03 9.773137406976443314e-04 1.548365093188098845e-03 1.222207702341006645e-03 1.668828136115933433e-03 -7.373469313221484673e-04 -5.041741477092159807e-03 -1.029179843604832115e-03 1.521356153540737600e-04 -5.505929228884930875e-04 -1.475731721426589782e-04 -2.925541149909854748e-03 -7.158510438388940907e-04 7.933382257974848622e-04 1.069394939081935031e-03 3.095304616746199469e-04 -1.188076978488190362e-03 -2.203731843714912611e-03 1.625106694475495417e-03 -2.760484900122332471e-04 -1.144746446090020046e-03 2.818207336977197755e-04 7.220485513454404439e-03 3.513989286686562967e-04 1.968059836725500819e-03 -6.876164055944636658e-03 -7.102229006755896024e-04 -2.858050641747643850e-04 -3.365922582814281916e-02 2.316586861216613467e-03 1.041564049130704744e-03 -4.373993600053396359e-03 -6.382358928167097952e-04 2.476010075206529649e-03 -3.868305853444324160e-03 1.123315357501617276e-02 7.158558952853901446e-03 3.658828493978771856e-02 5.240933827521720989e-03 -1.671117142834594241e-02 4.730956246367138199e-03 7.463200604439111652e-02 4.623456373439582823e-03 0.000000000000000000e+00 0.000000000000000000e+00 7.286074665681661726e-03 3.354898485568737383e-03 6.915454014978997125e-04 3.529014199656578619e-03 -2.967739400071139899e-04 1.346634627476440971e-02 4.310273267324247690e-03 -8.318298634988919096e-03 -4.947761792304623124e-03 -1.352928096849556616e-02 -6.392061129202028296e-04 9.810165088599822822e-04 -3.099106412766206541e-03 -4.602397875124095844e-02 -2.178998996471046348e-02 -7.872783456123456231e-03 1.772397549818283680e-01 5.052540813994302327e-02 -1.026222630578379688e-03 9.469913964260657374e-03 5.472075007117386397e-03 -1.230791593150741894e-02 8.829864424503437378e-03 -9.842730544389326208e-03 3.888378331337439750e-03 2.003995111240491379e-03 -1.439687150059556359e-02 -1.854238035401540793e-02 -1.353935980409755602e-01 1.094574683411649214e-02 1.270348281709728164e-04 3.256709917969976501e-03 -3.579491867636148115e-04 -2.190607222110186377e-03 -5.702134186875210814e-03 -9.237677995905827985e-03 -5.962951857002100550e-03 -1.373696650645579546e-02 6.622326830603142422e-02 2.889967688017718722e-02 -1.306218160505141501e-01 3.337514308121036777e-02 3.707649602781958043e-02 1.682511447740249813e-02 1.190548443950979101e-03 -6.004630126295064201e-03 7.239853105479120317e-03 1.214989184169695813e-02 -5.431112222941526443e-03 -1.160167582742190756e-02 -1.702948691224319064e-02 -1.488154231552450387e-03 2.350085504737761330e-02 2.102601828091678685e-02 3.539527015131722042e-03 8.314148408876936847e-02 -1.742047115959700215e-02 2.719031533797601485e-02 1.764196911831899389e-02 -2.621667205217735955e-02 -2.364463592665468072e-02 -1.200671931444504195e-02 -2.042031719045823285e-02 9.094536595302067650e-02 -2.182614320255763310e-02 8.776155862725119883e-02 -4.338116667166144746e-03 2.306216887361650092e-01 2.049436919053933184e-03 5.145883090791162316e-03 -6.697872215283412305e-03 -2.222864850838890838e-03 -5.119275344898708939e-03 7.118966776320988406e-03 4.529308341966757981e-03 1.046145020511801346e-02 -5.979555164850752953e-03 2.184916458255899835e-02 -3.003520130742313651e-02 -1.066792489947859801e-02 -4.689739578773357426e-04 6.652232650165751209e-03
0.000000000000000000e+00 0.000000000000000000e+00 0.000000000000000000e+00 0.000000000000000000e+00 -4.175863172828951707e-04 -2.280532623363666720e-03 -1.582770807021581776e-03 -4.065176509196927884e-03 -1.954708537953181446e-03 -3.499240797731123596e-03 -1.034871378362549549e-03 3.537857435020872344e-03 -1.793172876659931058e-03 -3.849338146302350334e-03 -2.266704852550103459e-03 -6.349634009080909469e-03 4.005680282829701677e-04 9.686718387105212880e-03 2.255729358041884923e-03 1.238249012865499108e-03 2.319238156865771616e-03 2.670125162707415872e-03 6.456139280625045399e-03 2.272240766976962433e-03 -4.817087341511371436e-04 -3.311345727404748241e-03 -8.103035624444601031e-04 1.659036005949402447e-03 3.082992200666610609e-03 -3.892813756930253027e-03 7.921789818889512667e-04 4.908724566094008418e-04 -2.456202458596577157e-04 -1.141212948303662808e-02 5.021518131499522631e-04 -3.750809041486582746e-03 -8.590658909315644631e-03 3.566528499649658686e-03 -2.631145207672247986e-03 3.507084879546644440e-02 2.150314770103174331e-03 -2.264702181032265515e-03 1.489018792483097313e-03 -1.695945588484515810e-03 -6.910723411281815588e-03 -7.966695671422101277e-03 -3.467883543241800232e-02 5.045650449644260675e-03 -9.684045465938517783e-02 3.995925971791011375e-03 4.096602168400508004e-02 5.691435185884291363e-03 -2.228674150255415543e-01 3.677854295554003079e-03 0.000000000000000000e+00 0.000000000000000000e+00 3.120292681441688438e-03 -6.482375477018925518e-03 9.188310977609137620e-03 -1.355839126306794019e-02 -6.358766994265262207e-03 -4.591634024048396774e-03 1.186701047009546504e-02 -1.793845161985270151e-02 1.378117882847522619e-03 3.122729444523043851e-02 1.525199651902433597e-02 -1.048692930053640206e-02 -1.523805166239202346e-03 5.603661387943199715e-04 5.909578602671150364e-03 -3.804570585629940549e-03 7.754633046891817871e-02 -1.226432591222854224e-02 5.750862682333861969e-03 -1.957132650236721120e-03 1.614028760123827760e-02 -9.416297461777413738e-03 8.328774713753551648e-03 -3.898632807177530076e-03 1.230466253277374055e-03 3.651878728618494752e-04 1.231662535759622465e-02 -3.676807226874645625e-03 -2.858731078748950535e-02 -1.220983201581118602e-02 2.489980214097151784e-02 -4.921034124216253081e-03 2.044119495308013412e-03 1.315219018218317980e-03 4.271462619315687451e-03 5.922487396862330389e-02 1.706562443630266213e-02 1.824964370928522372e-02 -7.510260441095291395e-02 -1.065200227100365077e-01 1.284105170159629827e-01 -1.038764170745976184e-01 -2.214197077301731376e-02 -7.801174711321542943e-02 8.426291073406012855e-03 9.592824476128828867e-03 5.945546795646478727e-02 -3.306252504079967153e-02 2.604575108247673965e-02 -4.355534245107364408e-03 -8.165475760625347593e-03 -1.444301557509613566e-02 -4.408379556187327908e-02 -4.096053794534399752e-03 -5.130516598719400689e-02 -1.506870436706721043e-02 4.151391469217224905e-02 -2.778895346287937537e-03 -6.354847129931502636e-02 -1.754372905461171889e-02 -2.812865025502321939e-03 -5.321391654288441103e-02 5.466851752049737417e-02 -2.182614320255592266e-02 1.311930515217988868e-01 -1.233604498025740737e-02 2.738620436541701689e-02 -5.004550051683938350e-02 6.363078461836388020e-03 3.519900428995734621e-03 9.590315511057023387e-03 1.054489373157040675e-04 1.515892163872558859e-02 -2.678352326930042229e-02 -2.683907180662851305e-02 1.419775606695291778e-02 -4.975100203882780979e-03 9.125822888383570280e-03 7.519521630686512928e-03 -1.917298289069744449e-02 -4.733312211335366244e-04 1.779598253209380490e-02
0.000000000000000000e+00 0.000000000000000000e+00 0.000000000000000000e+00 0.000000000000000000e+00 -2.955170430373734255e-05 1.206201765661830006e-03 6.678875383795253523e-04 2.197829806466509994e-03 6.029953008418869340e-04 2.290124921838761728e-03 5.595027445889137708e-04 -3.486458031851082974e-03 6.404773730435651957e-04 2.314041476707781510e-03 1.375385430792568303e-03 2.700566472108713399e-03 -8.520713209002801249e-04 -6.679001856953405321e-03 -1.252663315933910540e-03 -6.339652697999477969e-04 -1.956772338966303662e-03 -3.485966905652024820e-05 -5.022103297236612043e-03 -4.870337826943301352e-04 2.236132766751277158e-04 1.495026157424464083e-03 4.425775886653372749e-04 -7.227971826008697124e-04 -1.441671530710029146e-03 2.328168841549692596e-03 -5.324628008162139454e-04 -6.967405526409111696e-04 2.281589144292612951e-04 9.884949597884804678e-03 1.735826027003046818e-05 2.570923232674993553e-03 -1.645810347567133215e-03 -1.580918282864701230e-03 -7.879579828561059009e-04 -3.125236199963672690e-02 1.221662088161874814e-03 1.416946829017645855e-03 -3.052574593567018192e-03 7.118689421406470142e-04 3.576075002366345575e-03 -6.977501004590451819e-04 1.884111944440011385e-02 5.020140530382786494e-03 5.792101441175516452e-02 3.558756759646121773e-03 -2.283755091966276074e-02 -4.911653043062037208e-04 1.158987890515564695e-01 2.708104598263033538e-03 0.000000000000000000e+00 0.000000000000000000e+00 1.266014467935051672e-02 2.443882391565815881e-03 4.898509149031785720e-03 3.969712694523234954e-04 -7.775980089080884207e-03 1.505905510919708888e-02 6.024548401885906727e-03 -1.786598937818872218e-02 -3.232449556453570374e-03 -2.601099187936938961e-03 9.567355243708518253e-03 -1.312423566824702688e-02 -3.937514247565158075e-03 -6.054835686265543082e-02 -1.088304592374599901e-02 -1.245959997572759770e-02 2.463587813417282557e-01 6.322223508493003685e-02 -5.318713942259026316e-04 6.230936595997386279e-03 8.867763575590844813e-03 -8.429870480408595615e-03 2.409003299469609713e-02 -1.485933871414351660e-02 5.234233234798830146e-03 -5.942751411425081093e-03 -4.340667904006096853e-03 -1.871807482143408516e-02 -2.101577165926983848e-01 1.482439986625232881e-02 1.582853053224152207e-02 1.011435637849217653e-03 -8.376494880023756945e-04 -1.844812497351761048e-03 -1.150267476152021760e-02 -1.410115677624686550e-02 -2.342516366971503575e-02 -3.466177586358017149e-02 1.271890150547106413e-01 2.960444962807426417e-02 -2.330823924427261606e-01 4.010430870438062845e-02 6.699877853265308325e-02 -6.441344509767794706e-03 2.062641950294955614e-03 -2.454234594588121030e-02 5.050827147274685206e-04 1.464018863632892201e-02 4.642145347590189569e-03 -2.441215287698889416e-02 -2.636933519272798704e-02 1.170712192581313711e-03 1.265618790565468596e-02 1.905443156278378847e-02 9.845827244379067034e-03 1.633589625787162103e-01 -1.647964170991684726e-02 1.954516807304395795e-02 6.084574884628079269e-04 -3.941331907232469012e-02 -3.301109058306079397e-02 -1.135704214670389331e-02 -1.371971440163476108e-02 8.776155862724914491e-02 -1.233604498025690603e-02 1.331589479275274157e-01 -2.171902277502046896e-02 2.808000839492360567e-01 7.591737490038035635e-03 2.457927063354806586e-03 -9.283059456853199123e-03 -3.666375066407461490e-03 -2.271210480802980831e-03 -7.648268110636408622e-03 -1.076606528406088767e-03 2.538891587500337679e-02 3.709799048456179343e-03 1.977715969646494723e-02 -5.302730761853673147e-02 -1.416408152746105077e-02 -1.148381452159860996e-02 2.356898044999752515e-02
0.000000000000000000e+00 0.000000000000000000e+00 0.000000000000000000e+00 0.000000000000000000e+00 -1.470904713534546969e-04 -6.188800437834892417e-04 -4.634791970587657205e-04 -1.011168874640091045e-03 -1.099730477919146033e-03 -3.250013114660925016e-04 -6.445223927576588813e-04 6.452515516375673370e-04 -6.653189747485783231e-04 -6.504276859757352793e-04 -6.868050261736332153e-04 -1.663978553648999461e-03 -9.423708703264915311e-05 7.106909769653528205e-03 5.691481562283540446e-04 7.322980418504078381e-04 1.118388589156078415e-03 -1.548125118887753180e-03 1.202518014684692124e-03 -4.543475925134507574e-05 -5.072766031597078073e-04 -5.369642930310744664e-04 -3.471029341818756392e-04 2.847293386838126617e-04 1.259988971604380364e-03 -3.823946088099137086e-04 5.240515619508312331e-04 -1.132505155328332892e-03 -1.617980600982702713e-04 -2.577044271687025864e-03 2.747632106461514261e-04 -4.179489111628798643e-04 -4.665183842191502131e-03 7.851281189458346899e-04 2.040640629055939315e-04 1.950450057345569366e-02 2.511876959595975723e-03 -1.838736580151316847e-03 3.788723627497284085e-04 -2.125618140272439623e-03 -1.186229430794410577e-03 -2.536787763360689313e-03 -8.707572575856321190e-03 1.434194956059771462e-03 -1.731071973994081914e-02 1.093438501734052271e-03 9.994609867600865935e-03 1.361911451958826638e-03 -3.435541235827559159e-02 9.397608366396846026e-04 0.000000000000000000e+00 0.000000000000000000e+00 -5.956120241087222095e-04 -1.906516252556050318e-03 2.556358042159421248e-03 -5.150903211157993947e-03 2.655502764437723748e-03 -7.550894203565597373e-03 -2.210958173543487912e-04 -5.431354895629765880e-03 -5.942411411364292764e-04 8.238488134819733910e-03 -1.192103344682204783e-03 4.088103334973769692e-04 -1.171722101035599524e-04 2.763192396094649866e-02 -1.016680546940541309e-02 1.682701699148129136e-03 -3.134693594771370551e-02 -3.520451684330463960e-02 6.731072577299379144e-04 -6.239673008507139705e-03 -4.369663067274213303e-03 -6.612781196799315427e-03 -1.871278344557649950e-02 3.635160569549478887e-03 -2.102569188173721276e-03 1.507170814067297464e-02 -6.868602757869443978e-03 1.545644068872814017e-04 1.235939827408217423e-01 -1.982675850797325015e-02 -5.051191138887413737e-05 -3.340982528953736867e-03 5.606913879185668323e-04 -3.341425839451923310e-04 3.147637270816253541e-03 6.916078578810803089e-03 8.686000503950717239e-03 2.320282433441834755e-02 -3.584461417833842423e-02 -2.047225182096539670e-02 6.167584344213455916e-02 -2.119290586130468529e-02 -3.283574960975734619e-02 -6.983954124033684915e-04 1.381570217559390792e-03 1.495706216613800973e-03 2.695102336909568908e-02 -1.344882571379879977e-03 -1.658627746410721616e-03 -2.792290999511050972e-04 7.513376722326766538e-03 -8.701227942383180786e-03 -3.691702896049813172e-03 1.722689777113595600e-03 -1.301696075162831097e-02 -4.431552142083920037e-02 8.934202048322043010e-03 9.034550349932191429e-03 -1.373437823727352526e-03 -7.453130325814746361e-03 6.448186348843009882e-03 -1.391189561420750134e-02 1.342180809575780481e-02 -4.338116667165732750e-03 2.738620436541897712e-02 -2.171902277502165551e-02 3.416025156529841483e-02 -4.866538529881046099e-02 -3.041942089721463502e-03 -3.815483966921495718e-03 5.516649699600657125e-03 -3.747877836819976747e-03 -2.364839310852426789e-03 4.039397093048351052e-04 7.373132432770868744e-03 -1.022975803039026001e-02 -2.013210342118482502e-03 -1.594881336064562713e-02 1.268005990560310686e-02 -1.788375397792495852e-02 3.828267365511204851e-03 -2.036537772225478771e-02
0.000000000000000000e+00 0.000000000000000000e+00 0.000000000000000000e+00 0.000000000000000000e+00 4.417834746281942317e-03 4.049247666411222822e-03 9.742976355836870800e-03 6.538456531310008792e-03 2.467556184823790563e-02 1.047035946185776584e-02 -3.902869472578504757e-03 -3.484568890212780962e-02 1.561615749751926914e-02 1.305711245297106089e-02 1.331701486470908240e-02 2.051631403599821560e-02 3.381161606922056598e-03 -8.484518238955654490e-02 -1.042391218822504885e-02 -9.376173756674998500e-03 -2.221207343428342404e-02 2.766447809335102412e-02 -2.728882447658038252e-02 -5.068611866995921013e-03 7.769269662721567382e-03 1.036720818682596024e-02 4.635127682251674597e-03 -2.322623057742295022e-02 -2.451418259038509045e-02 1.048538771267924427e-02 -1.394544680042796112e-03 -3.433095130755663832e-02 2.178875424435487446e-03 -7.487107605478089331e-03 -1.167062656297456445e-03 1.508193796968206567e-02 3.695723479360459029e-02 -1.499312806923752857e-02 5.861585961037366760e-03 -1.523648333616418604e-01 -3.381546496003180746e-02 9.901479817811670303e-04 -2.314909676992361019e-03 1.845652047270994120e-02 3.225287146582576925e-02 -1.839924907097608558e-02 2.004096391797476340e-01 3.371610562862596954e-03 4.359587854863831158e-01 1.798200533010622243e-02 -2.257074762272865132e-01 1.681264469396362080e-03 9.624469739025647286e-01 3.227286122449127964e-02 0.000000000000000000e+00 0.000000000000000000e+00 1.663326464196267229e-02 2.469303106688332597e-02 3.936901108602793714e-02 -5.221561830921699759e-02 -7.932942264543609012e-02 -2.520096730963277548e-02 -2.982656435731462566e-02 6.756132663482014751e-03 -2.391755676148227001e-03 -1.283314732867339159e-01 4.475247534850841646e-02 -9.219517187842521388e-02 -3.653023674848211028e-02 -2.207522739728633443e-01 -9.194259496423029532e-02 -9.986677837819726150e-03 2.510269668451904579e+00 1.986645925789958245e-01 1.693955874390551050e-02 -7.381890468948477599e-03 -3.551134514046069834e-02 -5.780334755469185293e-02 -3.435873051058112304e-02 -5.373519554629314215e-02 3.013714633389280931e-02 1.759895226976620000e-02 -3.680671106253042418e-02 -6.438477730804165189e-02 -1.041218639628080922e+00 -9.536052055844402610e-04 1.205649788113158927e-01 -3.836887162619120190e-02 -9.640088189739314320e-03 -2.465560994937322434e-02 -4.146125567428474157e-02 -1.328396358537322630e-01 -7.875169316004350384e-02 -2.127525383905614353e-01 4.003329869746612979e-01 1.583717479738256662e-01 -7.242824764172739460e-01 1.480578107836564572e-01 2.569098616867636076e-01 -2.165114406787914114e-01 2.938456020013253261e-02 -6.310316916660949071e-02 1.918372337911530279e-01 -1.012758742805838601e-02 -2.661261411226469378e-02 -1.140796755050937500e-01 -6.112538795883780407e-02 3.303512985348060205e-02 1.563627923920269669e-01 6.054929402018287971e-02 -7.276641851122098159e-02 3.886333445079214743e-01 -1.919826224838399042e-01 1.172346634707726321e-01 7.721279651428707147e-02 -9.805580775018793438e-02 -1.398663704851156042e-01 -2.921325061042109178e-02 -1.392839312635411886e-01 2.306216887361867973e-01 -5.004550051685366374e-02 2.808000839492489908e-01 -4.866538529879424479e-02 2.353106129987815986e+00 2.227617937704813936e-02 -8.270013737780843033e-02 3.502030922847398919e-03 2.352188708986701488e-02 1.119888634992627363e-02 2.158716681629867240e-02 2.099450903016635700e-02 -1.765215027032236358e-02 5.190033758750261378e-02 8.340081613397912208e-02 -8.111211131843334976e-02 -1.175890758151488247e-01 8.510591850773192857e-02 -5.327287036728891451e-02
0.000000000000000000e+00 0.000000000000000000e+00 0.000000000000000000e+00 0.000000000000000000e+00 4.311597105407320696e-04 4.588835916646293901e-04 1.051875842681726774e-03 8.452637053419725065e-04 2.001712050012551501e-03 1.735671318652404638e-03 -1.132912555107037185e-03 -4.126909667111782268e-03 9.856967688733040984e-04 1.593374705235763933e-03 9.363390329101516085e-04 1.825853913770592290e-03 -1.119403487822006465e-04 -7.394431371280556567e-03 -5.761492641513021526e-04 -4.096151439438213814e-04 -1.111788030581528685e-03 3.084959659755585198e-03 -1.896418022557341712e-04 -2.729728259396129960e-04 9.020686588371071681e-04 1.721430420354332861e-03 1.176919393542670469e-03 -2.318258812630411437e-03 -2.019180201090535042e-03 1.369810632980112070e-03 3.737018188407766972e-04 -2.646662183788839329e-03 2.790136449974088290e-04 1.765267889593121441e-03 6.139367254083351647e-05 1.558836795538118313e-03 1.740820773613636820e-03 -6.430222233940413677e-04 3.151949375924603539e-05 -4.218281598601257565e-02 -7.559911972256734211e-04 4.219326979775742548e-06 -1.227445794974454073e-03 9.044308175494480745e-04 1.152696285451407666e-03 -9.277048390926848813e-04 9.076149609396148496e-03 2.126754852162315770e-03 1.275446033856777323e-02 2.004686328035764232e-03 -9.254215914085560379e-03 2.867243898638815926e-03 2.484671195838693974e-02 2.198780423079988583e-03 0.000000000000000000e+00 0.000000000000000000e+00 4.394849879537063991e-03 2.215718081514706644e-03 2.012370909876598155e-02 -5.877794986346927299e-03 -2.386465045020244591e-02 4.320273712218003666e-03 2.430816684575605978e-03 -4.203889120876404956e-03 -1.278103062887833230e-03 5.858959098821195865e-05 2.319241191098587312e-02 -4.264468776735980647e-03 -2.373710817280098428e-03 2.079805091325767283e-02 -4.429251862029410895e-03 -8.603948039049943985e-03 5.876529247961188168e-02 -2.468273051569769283e-02 1.015071820235856348e-02 -3.423603155995456459e-03 5.375976218302222845e-03 -1.505177238158959254e-03 1.692596719886312658e-03 2.116851561275996489e-03 2.137552756532024988e-03 1.073256850155194543e-02 -3.008234127440988139e-03 -5.053201032842616000e-03 2.763688814114632301e-03 -1.505198709286116425e-02 4.211429197091114129e-02 2.281636029324115265e-03 5.822077174484991064e-04 -2.881776715666941029e-03 -3.274861002603338556e-03 1.076342549536940182e-02 7.113777899320187711e-03 -6.097999625823101455e-03 -1.360610787293994005e-02 -1.830844687015830904e-02 2.580063082691684551e-02 -1.488694247312606633e-02 1.987815847927845540e-03 -8.650192218217793785e-03 3.856343313785523964e-03 -3.105262479204225039e-03 -3.382630781268798105e-03 -6.544773673322687793e-03 1.896009938857568314e-02 -5.191882478208077398e-03 -6.860203463466415033e-03 -1.660861400177393631e-03 -5.273895063599717305e-03 1.402499596924224653e-03 -4.297724084466238853e-03 1.770260766031739666e-02 6.175883978041337222e-03 4.728272506116683446e-04 -2.092767583072951965e-02 -3.096808863163063100e-03 -6.600081833249640990e-03 -1.170684871079284359e-02 1.748385531564452264e-03 2.049436919052684183e-03 6.363078461838010853e-03 7.591737490037193427e-03 -3.041942089721752767e-03 2.227617937703697121e-02 1.476893629636093219e-02 -4.466106005110147617e-03 -4.028271941209260638e-03 2.833302409860170325e-03 1.335530276671589335e-02 2.001874528334984544e-03 3.015189408596321424e-03 -3.301865858461419320e-03 -3.064784856295737960e-03 9.510211470738322639e-03 -1.249014159967906223e-03 -1.223934218084627747e-02 -3.067809073660120438e-03 3.543842271035003641e-03
0.000000000000000000e+00 0.000000000000000000e+00 0.000000000000000000e+00 0.000000000000000000e+00 -8.306014034436621975e-04 2.674474039139831819e-04 -1.262336457614613274e-03 6.415877702556723903e-04 -3.987673493035018800e-03 -4.830675598560465068e-05 1.437626043104374028e-03 4.226991842185892460e-03 -2.543146827912434391e-03 -5.066513046998923769e-04 -1.523984584816116036e-03 -1.391317253004851432e-03 -1.379940367457213385e-03 1.426728889738908095e-02 1.080400548762585960e-03 3.286633447292536953e-04 2.894437178040830481e-03 -2.915733389996295020e-03 1.502116366619159031e-03 2.457822003948035607e-04 -1.061366644065145836e-03 -9.816911160644517000e-04 -3.856580951527952428e-04 4.499282157038562990e-03 3.151633832794077227e-03 2.460988171517318468e-05 -8.606276515209315095e-05 7.516723521770278353e-03 -3.385793202015472281e-04 1.286453451581078856e-02 2.355826241339503279e-04 -3.277808962163681087e-04 -9.593438779333673255e-03 6.907697348994382191e-04 -1.092780975451335384e-03 -3.810077217026423130e-02 7.673411154108189525e-03 -9.683358258227837100e-04 -7.100303747678547196e-04 -3.110442172864234366e-03 -4.532663197426563088e-03 5.007445619901734236e-03 -3.433043350507783420e-02 2.190153263205431647e-03 -5.636501613634271879e-02 -1.760393512912520686e-03 2.814648409708993271e-02 1.763883598466294694e-04 -1.298224603968074486e-01 -6.201746299575126159e-03 0.000000000000000000e+00 0.000000000000000000e+00 -4.847652021841856486e-03 7.987746858928440954e-03 -1.796363603529065739e-02 2.958035896079362279e-02 3.039793487902068062e-02 3.093073727002646628e-02 1.007646155380408949e-02 1.180351554747300670e-02 -3.327941301778385326e-04 8.298438135770486862e-03 -2.467607546237477259e-02 4.535723381331961679e-02 3.772130849198385930e-03 -3.952094218799736408e-02 1.852063304116527420e-02 3.860677716266800071e-03 -1.695817652697180489e-01 7.819325476144456388e-02 -6.868732504236709467e-03 3.833676270851885115e-02 1.771708677845397831e-02 -4.503481219704833470e-03 2.699650152051795426e-02 4.962273692706627853e-03 8.935917025923049766e-04 -2.551393353141240966e-02 1.429488841411629893e-02 2.639292718051018932e-03 -1.491152452490347724e-01 5.979670796221944751e-02 -4.959854472828445493e-02 2.425328137546714849e-02 1.804129758968749412e-03 3.323392326766676317e-03 6.905982228717520363e-03 1.763756915701370637e-02 1.704729581992313336e-02 2.866447641514740033e-02 -5.651049981676258688e-02 1.421437639122654674e-02 6.461469483170972916e-02 1.832285943599432781e-02 -3.348036210814279295e-02 4.007396459332527444e-02 -4.752210167667144693e-03 4.201301650820855882e-02 -2.655463792005260254e-02 5.032872779431101125e-03 -9.027434443766876523e-03 4.427352241506937042e-02 5.138555933802310379e-04 -2.607023351559312457e-04 -5.628413040405752174e-03 -1.218045749179528809e-03 1.009279878797885235e-03 -4.062736372616425513e-03 7.486122480910956459e-03 -1.262757421721922560e-03 5.360947172231251417e-03 3.457376406968600685e-02 7.192417285475064155e-03 3.891262198186365689e-03 7.308681228073754359e-03 5.145883090791612477e-03 3.519900428993027585e-03 2.457927063356959811e-03 -3.815483966923443812e-03 -8.270013737779362273e-02 -4.466106005111778257e-03 5.221296902288020958e-02 -1.036451616504798987e-02 -7.869145071296126254e-03 -1.056078441055216359e-02 1.767929109651324854e-02 -7.543943599880881951e-03 1.651824184879104387e-02 -1.572832878065144949e-02 -6.119640929608797901e-03 -4.137835121452315516e-03 2.827641250027482928e-02 -6.604805066373972341e-03 2.117082211767903205e-02
0.000000000000000000e+00 0.000000000000000000e+00 0.000000000000000000e+00 0.000000000000000000e+00 -1.229271757634477929e-04 -1.767394118476354418e-03 -5.649141204556342019e-04 -3.789239566184214765e-03 -9.924280687132402360e-04 -2.448879120291920682e-03 -2.729717574034003919e-03 1.820905136694095762e-03 -4.839369542242496613e-04 -3.218379722515827060e-03 -7.352923535755231553e-04 -3.581828313671584808e-03 1.261952161315060264e-03 -5.727307395684503449e-04 2.777525721535159509e-04 2.204108643466283490e-03 -5.752038938580629132e-04 3.462230307632396722e-03 2.275944446695457330e-03 6.770290798824521060e-04 -6.187986420767401310e-04 -2.148452064738301873e-03 -8.714395157962916941e-05 -4.678781253563579659e-04 1.131208741846462165e-03 -2.686730207253972252e-03 7.813098734964912806e-04 -4.835161868570314776e-03 -1.077499882271406776e-04 -1.712406230445904717e-02 -1.148732378384622861e-04 -3.460055353801969567e-03 2.024097402223506113e-03 1.391988098597426267e-03 1.858728091851832810e-03 7.212067601386180915e-02 -6.138312819560559977e-03 1.141867944963268194e-03 1.503764339481313385e-03 9.183426517768321015e-04 -1.047860110899646521e-03 -6.386955541313471194e-03 -1.595239716808602741e-03 5.573658975133856473e-04 -1.752747481438510224e-02 1.285263012675111100e-04 2.694420924469613163e-03 -1.115096933272608382e-03 -3.596709835367039448e-02 3.605021810964633474e-03 0.000000000000000000e+00 0.000000000000000000e+00 -2.443439840784774643e-03 -9.241100517175866724e-03 1.355576198667194938e-03 -7.019556251208110449e-03 -4.548861209671872276e-03 -1.258271955348442932e-02 -5.900417068966625628e-03 -1.110051835943694568e-02 3.293196289373472203e-03 3.858349190925792170e-03 9.227062105909306783e-03 -1.169623061102866880e-02 -2.958731168585859500e-04 -5.270427278243405150e-03 -3.509181037038739152e-04 1.868735175078113306e-03 2.694444248726426266e-02 -3.295387850483187664e-03 5.154195481992556631e-04 -1.119904521624105059e-02 -1.039959670385311521e-02 6.614594122904622793e-03 -1.581367961640581243e-02 -6.933329853830394636e-03 -5.948910291441800776e-04 -9.651910238172073733e-03 1.144722276302270270e-03 4.563738663603650672e-03 3.557267906388637824e-02 1.553689272763184135e-04 8.307610205846620993e-03 -7.180130744382152985e-03 6.791208992948862423e-04 4.234618424695236441e-04 -9.365496981720668798e-04 -3.989859268709017824e-03 -9.907042012930312655e-03 -1.108524027407904559e-02 7.323497406240894216e-03 -1.024057489936483836e-02 -8.278100752573748153e-03 -1.246311171184802044e-02 3.820981340210936449e-03 -3.060267363016539247e-02 1.699699666157805395e-03 -1.165253447075280217e-03 1.948132050942980031e-02 -2.007356603317109536e-02 8.973886831563339600e-04 -1.247207530233401633e-02 5.701269686917564625e-03 4.241448541474616973e-03 4.583023591822306744e-04 -1.651614642242500318e-03 -2.007666863906957221e-03 -9.109694339937676744e-03 1.076511112063448196e-03 -4.218803315933628353e-03 -4.754818641443520760e-03 -1.118503003465563805e-02 4.859936713062910940e-04 -3.330599068488286716e-03 4.656089393972029345e-04 -6.697872215282528463e-03 9.590315511057469211e-03 -9.283059456854262509e-03 5.516649699601564386e-03 3.502030922852801282e-03 -4.028271941209267577e-03 -1.036451616504822405e-02 1.920795774450542379e-02 -1.562446707846532144e-03 -3.167970592719919574e-03 -1.080237707991939938e-02 1.033679291270613206e-02 -2.402452911696700572e-03 6.093450324447078834e-03 1.626450081451966817e-02 5.908174553742886158e-03 2.514325745833837812e-03 -2.406902585856719734e-03 -6.767626868734838951e-03
0.000000000000000000e+00 0.000000000000000000e+00 0.000000000000000000e+00 0.000000000000000000e+00 4.551192456268682686e-04 1.043103293641265306e-05 7.096383839642730939e-04 2.388994827679583315e-04 2.628723554969996518e-03 -4.370004862430123226e-05 -3.152842817246631147e-04 -1.630634288691087909e-03 8.730211621890319280e-04 3.504704755383307967e-04 6.032395732066358996e-04 1.101112982909979764e-03 2.872983673560005041e-04 -7.405796627386568992e-03 -2.689958486180096396e-04 -5.262182136738277182e-04 -3.858979841911064422e-04 2.163258995474791509e-03 1.045712887732710983e-03 8.131190614893576106e-05 1.285707539823185801e-03 8.629008422552108832e-04 6.892760601683444333e-04 -1.833100486077234069e-03 -1.515814154823374267e-03 -4.202203022433349724e-04 3.468609171977148553e-04 -7.517899672306309778e-04 2.977897519208849491e-04 -5.071285923859687565e-03 1.218138890662914201e-04 4.205375689265072664e-04 1.671223644882290690e-03 5.326465792338834146e-04 -6.700832994805403300e-04 -2.834996155978337581e-02 3.103757172001004108e-04 1.232815465259514678e-03 -1.804892945672714397e-03 1.580104485433383738e-03 8.589134407818359383e-04 -1.051567469291567625e-03 9.109790206672165047e-03 3.270465023342937353e-04 8.911697167242119133e-03 1.402473752627423492e-03 -7.762862465301980687e-03 3.619523341748572508e-03 1.515317605611360766e-02 2.032914432488234276e-03 0.000000000000000000e+00 0.000000000000000000e+00 -3.639249441264871213e-04 3.718794309355403366e-03 2.488247822045040834e-03 -4.442938348926047352e-03 -6.825479220872086861e-03 -5.609237743534158712e-04 9.027602342122016720e-04 7.747854386159296579e-03 -5.946598426326339020e-04 -8.366172736684971821e-05 4.391610626233667138e-03 -1.782027653588440144e-03 -6.413540204467622430e-04 -5.887813112574970600e-03 -4.803541682483722136e-04 -4.022600673031227411e-03 2.853863910058142966e-02 7.185296320717592979e-03 1.775525599429915013e-03 1.071292465528771295e-03 2.672430058564958383e-03 -5.254258478373660494e-03 8.521651405754070846e-03 4.400630727631485439e-03 1.130293015507102426e-03 -4.187863381963574487e-03 7.891912244535043532e-04 -5.374669490351555688e-03 -2.879090521502336922e-02 6.141260496446118537e-03 1.002938818868797863e-02 -7.877745727940088215e-04 5.153199595609498805e-04 -1.117299350891633658e-03 8.253204195032321118e-04 2.236994501353295646e-03 1.226948231082606797e-02 -5.120373418791058368e-03 -2.563025557086740999e-02 -6.356572754418452625e-03 4.420703013853225644e-02 -6.592672882323393109e-03 -7.933355081393048125e-03 1.256015791172638424e-02 1.258107598444959232e-03 1.249645433248303085e-03 -4.624296652727830081e-03 -2.094461100915620631e-03 4.978347659749263188e-03 -1.712400595276998908e-03 -6.845057343318072633e-03 4.200974234180788157e-03 -2.700587127627763779e-03 1.135682986198923144e-03 -6.790819704368935596e-03 -2.624922152481136244e-03 7.187616295938349100e-04 3.843484812997056705e-03 -2.479206354875472616e-03 1.170062372593205563e-03 -5.975820628063303365e-03 3.750917405041839792e-03 -3.106143206768505974e-03 -2.222864850839792461e-03 1.054489373135624158e-04 -3.666375066407883028e-03 -3.747877836820787730e-03 2.352188708986698365e-02 2.833302409859506793e-03 -7.869145071296013497e-03 -1.562446707846234639e-03 1.455516652247874215e-02 8.643182479445272667e-03 1.584411790735310542e-03 -1.139065708489561853e-02 1.785430176407759237e-03 -5.128225538724314435e-04 1.374199221148767261e-02 8.678780645612282039e-04 5.850414167991326540e-03 7.267723113016764588e-03 3.068901049547714203e-03
0.000000000000000000e+00 0.000000000000000000e+00 0.000000000000000000e+00 0.000000000000000000e+00 7.175922280310970125e-04 4.021097785552344372e-04 1.345859922925822386e-03 7.140459538127535630e-04 3.221771051657013312e-03 2.117549858075305508e-03 -1.381227774032794736e-03 -5.320012664202187873e-03 1.450549912330192275e-03 2.008053563722500198e-03 8.961856014921428491e-04 2.124668019560955849e-03 4.045107994771435190e-05 -1.072549361142808612e-02 -1.756359204538791808e-04 -6.867505948039008719e-04 -8.531572864285555738e-04 3.409315839421670196e-03 1.677445259105385215e-03 -8.817917740598277786e-05 1.477341533673717702e-03 2.352902421413593723e-03 1.352769026716154439e-03 -3.437293044763066203e-03 -2.785593908854564794e-03 1.503185815468928693e-03 6.772996665591359249e-04 -3.790136910456792796e-03 4.040426985016256451e-04 -6.422571468661739807e-04 1.328514428118672715e-04 1.415653536331935684e-03 2.441342271869941481e-03 8.378330404697015505e-04 -6.460467366985673306e-04 -5.395823626869322709e-02 -3.143103131829083630e-04 1.248685841231503106e-03 -1.924847726446623272e-03 1.538136028494156964e-03 9.749890470732230311e-04 -6.742798908723139206e-04 1.154338865141702787e-02 7.381502347301878951e-04 9.350387318592721583e-03 1.793519702753114745e-03 -9.110131445881682749e-03 3.376972953974877178e-03 1.343274182619883655e-02 2.352229261897130237e-03 0.000000000000000000e+00 0.000000000000000000e+00 3.097022066450399493e-03 4.495134926631177627e-03 1.994818063800909286e-02 -1.322458639722061402e-02 -2.540517883294184792e-02 6.531662190033379802e-06 3.485127414140909690e-03 -3.556113849380725979e-03 -3.703581653664089497e-03 -3.420023148068536498e-03 2.203336921731139514e-02 -9.213704987401184765e-03 -2.680872589544793568e-03 1.439600720017502472e-02 -4.702431221705416151e-03 -7.822304086829417330e-03 9.572744596592698552e-02 -2.072225428762858312e-02 8.289789596238293645e-03 1.647736274423939858e-03 1.191833302901947576e-02 -1.137119298477345074e-02 2.136860150744865697e-02 -1.363416729654866365e-03 2.360420762772532863e-03 7.521653178081500824e-04 1.357426118919084768e-03 -6.714724245312558501e-03 -1.561360887438493529e-02 -6.406765853456183359e-03 4.383698661946344027e-02 -1.343425551756576714e-03 6.301381011402573326e-04 -4.037009200072012166e-03 -5.255853170192316837e-04 3.285444635947236403e-02 2.771175192019744923e-02 -4.024235354054617880e-02 -4.382317017220878352e-02 -4.901099793743573380e-02 8.512810760729058734e-02 -4.580362530771657503e-02 -9.851811837544409076e-03 -1.886633588569999742e-02 5.203006236927664591e-03 -3.657594284010765549e-03 1.191155620739966711e-02 -8.446026344097778624e-03 2.038616413838892708e-02 -5.937627455209548016e-03 -1.287364027045444399e-02 -1.902001648917541182e-03 -1.035281352008534175e-02 7.785817499943850422e-04 -1.267050951982312372e-02 7.342113357422066708e-03 1.061783478787756488e-02 3.327123374264207706e-05 -2.322081164349987584e-02 7.010761505317963591e-05 -1.532390630499023965e-02 -1.842828451517285540e-02 4.632453023507709586e-03 -5.119275344901187859e-03 1.515892163872439163e-02 -2.271210480804383355e-03 -2.364839310854002351e-03 1.119888634992073639e-02 1.335530276671497395e-02 -1.056078441054983039e-02 -3.167970592719565690e-03 8.643182479445794819e-03 3.329537467291608654e-02 3.545833077025661428e-03 -5.130897245727657902e-02 -3.519798065159213726e-03 -1.570864644224967410e-02 1.689357630360797946e-02 -1.669906416230068635e-02 -1.651702998685725121e-02 1.077801630172851681e-02 -3.168179577912245970e-03
0.000000000000000000e+00 0.000000000000000000e+00 0.000000000000000000e+00 0.000000000000000000e+00 1.256344275935419104e-04 8.909101897379935117e-04 4.102298133322700960e-04 1.698995064892755251e-03 -7.386950345755592543e-05 2.579457780152362260e-03 -6.544006516439925328e-04 -3.327468263117244231e-03 -4.203845952052721597e-04 2.224402531848830057e-03 4.088459713533674437e-04 2.622001402397978759e-03 -1.100382027346485112e-03 -2.626781876306188979e-03 -3.689902423431258485e-04 -1.397580104487915545e-03 4.290505699677926829e-04 -1.080734796675464934e-04 -3.678974981693905640e-04 -1.522385000579257576e-03 4.806307813372602024e-04 2.186622146037208413e-03 1.369866704494918531e-03 -1.010920717689042748e-03 -9.539361343251608668e-05 2.137667776544367217e-03 7.659212518835590688e-04 4.683601955328860200e-04 1.332776987759018926e-04 9.359538723823125281e-03 2.650242704036799048e-04 2.264627569115820402e-03 -4.458877497291334827e-03 -1.194679392075644444e-03 2.578467009988890876e-04 -8.721047454395468301e-02 5.634903490646266805e-03 -1.442028190443841399e-03 -2.631342028583829370e-03 -1.302375044963149887e-03 6.374289274909011351e-04 4.196121014073635191e-03 4.033396302141455808e-04 1.746573353616961847e-03 1.117551288225741499e-02 -5.989488379758965437e-04 -5.862264823628931393e-03 2.247437925067194420e-03 1.814807596989062577e-02 -3.482340319444656926e-03 0.000000000000000000e+00 0.000000000000000000e+00 -4.647981433691786290e-03 1.951271788822909331e-02 6.970452419341061252e-03 1.245108460722067420e-02 3.721498981386176484e-03 2.100227564742438227e-02 2.205802643095016238e-03 2.258645332547408804e-02 -6.397461455338851813e-03 -1.001410248824434815e-02 -6.175329046543801166e-03 2.887005610240436435e-02 -5.680779361681582420e-04 2.526920235834636055e-02 -9.547997607900919614e-03 -5.210236133387516344e-03 5.735586956715410002e-03 -5.033730454646871515e-03 2.155869722486965581e-03 2.161670446037801396e-02 5.668575484424241522e-03 -1.412607113945691870e-02 4.026965721229549579e-03 9.741908490559910913e-03 5.008700183811837757e-04 2.399122688814748702e-02 -9.606665523757874220e-03 -8.972552167062530434e-03 1.135399835131382235e-02 -2.374162065219326007e-03 -7.271314120503170018e-03 1.638807943821625826e-02 1.771428921303993187e-03 -2.494756507321609518e-03 6.576278382085925904e-03 3.197698620301191608e-03 3.951997320353119181e-02 1.242159885966604566e-02 -8.748476285046395684e-02 2.286552043899336625e-02 1.341904114038282858e-01 2.379941287497996591e-02 -3.649206181607942551e-02 6.460557937725074085e-02 -2.102443209836094094e-03 2.143470976646967563e-02 -2.596051880988045971e-02 1.584763255625473363e-02 -6.371902637562892706e-03 2.924186551244052287e-02 -3.492128336302303439e-03 -1.874678506038320903e-03 1.151703639063003833e-02 3.634559222353985364e-03 -4.745381222067792011e-03 -9.468480643230621149e-03 -9.258536526940771769e-03 1.086224727613444886e-02 2.489503850906477425e-02 3.184175968479777130e-02 -2.331889010378381064e-03 7.319596626298247900e-03 -1.312362515827006880e-02 7.118966776323750953e-03 -2.678352326930325683e-02 -7.648268110634641806e-03 4.039397093059324262e-04 2.158716681629350639e-02 2.001874528335910886e-03 1.767929109651381406e-02 -1.080237707992139085e-02 1.584411790735190846e-03 3.545833077025617626e-03 5.678598117284181651e-02 -8.589163550326633575e-03 -3.226124392409845248e-02 -1.204377408837941504e-02 -3.733841929531749038e-02 2.502156084027633114e-03 -3.027433625369036277e-02 1.015107928003370491e-02 -2.693382224441935938e-02
0.000000000000000000e+00 0.000000000000000000e+00 0.000000000000000000e+00 0.000000000000000000e+00 -5.982031324931973539e-04 -5.038581671358113075e-04 -7.054642902076481079e-04 -1.673510987399950663e-03 -2.946975756514111887e-03 -1.796004916804008061e-03 -1.805088265488953136e-03 1.739097089556677824e-03 -1.038099379379545367e-03 -2.306124385121935318e-03 9.865848977258214001e-04 -1.152403354248842694e-03 6.239585160718994937e-04 1.081796516588046098e-03 -2.858263512466493930e-03 1.158326534117590755e-03 -3.114704837882720928e-03 2.444619752048023554e-03 -7.128230073149791068e-03 -1.049592363794884641e-03 -1.715644724461559646e-03 -2.208172970376324866e-03 1.361867084200086902e-04 6.691145280081121178e-04 2.209106539082588642e-03 -1.458703073026470717e-03 2.760150426977991327e-05 -2.532096139275667995e-03 -1.028795614776079265e-04 -6.782646896530596103e-03 -5.082840632228936232e-04 -8.929873478009112608e-04 5.187361206966601551e-03 -4.001800472942548641e-03 4.783683782621801946e-03 5.708586533158607756e-02 -6.931334995791823064e-03 -2.935122496833633340e-03 2.045280601332438719e-03 -1.342390775588310210e-04 2.694148655463291658e-03 -3.365790486098976624e-03 1.092443207770638774e-02 6.237108212681697662e-04 3.584967752901355165e-02 -1.299500329915757781e-03 -1.675043781458625258e-02 -3.090293418194012438e-03 9.690223459387337090e-02 1.339223703049766904e-03 0.000000000000000000e+00 0.000000000000000000e+00 6.380064063174602229e-03 -1.341538953708925307e-02 1.095030917770416050e-02 4.055794787492974195e-03 -1.054911726955046723e-02 -6.903169680440751285e-03 -8.240687291225812575e-03 -9.732920213807276510e-03 5.046208437277530968e-03 5.933106762797372633e-03 1.844477554664602018e-02 -2.046586110906615033e-04 -1.672180940737479343e-04 4.710110311251765325e-02 -1.222630735032562838e-02 -3.533761993941952027e-03 -7.945611838470195698e-02 -5.929462033704600843e-02 1.029530276353376669e-02 -3.194635312190719639e-02 -3.085677420960821968e-02 2.992208766275253687e-02 -7.937430787161647849e-02 4.085891656556556867e-03 -2.152304133237435690e-03 3.086691709540317560e-02 -2.186000120230123869e-02 6.748633763837023555e-03 1.809766451379935526e-01 -4.565457403930427149e-02 1.900310803030436091e-02 -1.123661267759188710e-03 4.322651640174047833e-04 1.189362326925133464e-03 -8.391889083533544264e-03 -6.471468728261887959e-02 -6.789412646652384642e-02 1.042169726860935619e-01 6.997033112013463507e-02 6.823146150779189900e-02 -1.308002207588698229e-01 6.297289223232857558e-02 3.541917793165655359e-02 1.452340976701893722e-03 -1.480060484385858303e-03 5.563710989599356810e-04 -2.873769936578236817e-02 -1.516975628996248236e-02 -3.705838380205372321e-03 -1.037223403463868529e-02 3.102125492753242744e-02 2.971619574595752919e-03 2.289047679273991526e-02 -1.369892138824988339e-03 1.966203649298916417e-02 -9.917950979772984996e-03 -1.661479860802862751e-02 -5.828277339397930530e-03 6.555466068200706611e-03 -1.634708178936295983e-02 2.888837735074188326e-02 4.022490216695085580e-02 -1.058354464579261411e-02 4.529308341973094926e-03 -2.683907180662171640e-02 -1.076606528403794161e-03 7.373132432777079054e-03 2.099450903016969114e-02 3.015189408600992167e-03 -7.543943599886146836e-03 1.033679291270445631e-02 -1.139065708489643038e-02 -5.130897245727424061e-02 -8.589163550326246732e-03 1.817067117694461664e-01 -2.028142176272315980e-02 3.337608034509038923e-02 -1.851727281598168975e-02 5.822090567727639110e-02 5.828376111921318263e-03 -3.768497430622126665e-02 -5.320149037354912278e-03
0.000000000000000000e+00 0.000000000000000000e+00 0.000000000000000000e+00 0.000000000000000000e+00 -3.467271263279962028e-04 9.373478827622171617e-05 -4.937173506713882654e-04 5.780414605109455159e-04 -9.879419148132472829e-04 -9.177048439368036678e-04 1.778709117395020200e-03 3.866305960385915327e-03 -7.356975135221828933e-04 -5.888695868971584790e-04 -3.351708264344383848e-04 -4.643148913456049236e-04 -2.804584264579688502e-04 4.307172356515612775e-03 4.114136566090164661e-04 3.737465782868150226e-04 7.857023806742737806e-04 -1.081389618807519206e-03 -3.472309579313415844e-04 1.003578031021267782e-03 -4.103265355116770229e-04 -7.605842151451298145e-04 -8.778523690007805982e-04 2.636453797565350109e-03 8.358217409117435709e-04 -6.954638175806238673e-04 -7.575737244545976490e-04 4.768669468942096645e-03 -1.814045898587087792e-04 2.399482238623159951e-03 5.411482116639466542e-05 -3.938920957629521089e-04 -2.525456458855103795e-03 1.557480239100851290e-03 -1.989015195028553864e-03 2.021353028179980610e-02 1.755346366307197325e-03 1.469881809257736699e-03 4.265445143013437551e-04 5.544203360963820834e-04 -1.359931520230213495e-03 -8.247690042286609773e-05 -9.372485447422657795e-03 1.182401089027169125e-03 -1.336449957951149972e-02 1.307034606604666558e-03 9.156924618464875112e-03 1.646875114690331569e-03 -3.746873460020804653e-02 6.164061629297134561e-04 0.000000000000000000e+00 0.000000000000000000e+00 5.616782466851435833e-04 -5.752400685921399935e-03 -1.713258158125316108e-02 1.182072610519819406e-02 1.528454274842383151e-02 1.120959246435849349e-02 7.765573799403653089e-03 -7.413853551116582688e-03 2.604833752233940043e-03 8.096140393003372834e-03 -1.311200591081561166e-02 7.175066975265902668e-03 2.389994411991549703e-03 -8.419618648323261290e-02 1.606099460884811286e-02 7.086956742693896125e-03 -7.679797077329010568e-02 9.757527491848348722e-02 -8.468398462365443052e-03 1.454693690829769390e-02 7.501265409737755893e-03 1.950035003944977511e-03 3.117872209124617974e-02 -8.554956927726667035e-03 2.365159288293036070e-03 -5.857784433429712861e-02 1.545974585291169136e-02 6.025419898002234813e-03 -1.981593211869650817e-01 6.995910960501643128e-02 -2.554705769597211129e-02 4.917665402675241125e-03 -1.948852756637620013e-04 3.253467822516763371e-03 -2.247108386939714476e-03 4.732246948773369613e-03 -2.208342038464732038e-02 -1.169565997147135189e-02 4.941581081283254184e-02 1.169248541832087779e-04 -9.393035569132165974e-02 3.984095141904953931e-03 1.781533757950941321e-02 -1.418886864854502355e-02 -8.619253035697836077e-04 4.739172786560104204e-03 8.068130735380006635e-03 1.478307285445820565e-04 -8.018248747009620783e-04 3.090756977876708052e-03 -6.479691352361221027e-03 7.301491708491742935e-03 -8.337445622458642541e-03 -3.804930512905470904e-04 4.269009680747446085e-03 2.786624344936525222e-02 6.896822655939267681e-03 -4.901357298077878635e-03 -1.095081505026772664e-02 -4.561992470937970869e-03 -7.254069756166038781e-03 3.578217541101190186e-03 6.462122330493151774e-03 1.046145020511714610e-02 1.419775606695079101e-02 2.538891587500412272e-02 -1.022975803039221157e-02 -1.765215027030653250e-02 -3.301865858463652777e-03 1.651824184879044713e-02 -2.402452911695334477e-03 1.785430176407687246e-03 -3.519798065161324884e-03 -3.226124392409795982e-02 -2.028142176271870850e-02 5.332257198916445784e-02 1.696856179965700387e-03 3.297052148149311884e-02 -1.714019251628918702e-02 4.904585841485727821e-02 -4.671393897243194052e-03 4.288456365079952592e-02
0.000000000000000000e+00 0.000000000000000000e+00 0.000000000000000000e+00 0.000000000000000000e+00 1.915009090725293774e-04 -1.299052893186647666e-04 3.402326633842619021e-04 -1.984459074308098298e-04 1.158424143819482711e-03 -8.100421317699352079e-04 2.095247098413889240e-04 1.156871190340119605e-03 9.205490379331902244e-04 -5.302765012263060008e-04 5.803426233821721300e-04 5.543092666980103641e-04 5.356225968605610047e-04 -1.983330403196072612e-03 -2.180008679994581303e-04 -6.061186143557306758e-04 -9.114322921846705530e-04 -3.292717276571419105e-04 -2.358844770143084853e-03 -3.912547687364918399e-04 1.007279209134929511e-04 -3.320143873206935804e-04 -3.741303175178952475e-04 -1.629416877700854284e-04 -1.229718172203212931e-03 -4.716761475232954205e-04 -4.120076869654784677e-04 -9.441271685284168165e-04 -1.248953138482699666e-04 -4.330785802760252559e-03 -1.409618301708518697e-04 4.996426612494347767e-04 3.861773812822500481e-03 -9.695240373222195705e-04 8.503848680236496304e-04 4.157985685260730951e-02 -2.861827594564735067e-03 -1.034542078965872526e-03 9.344710208202097919e-04 4.360452532639514539e-04 2.884400898353072559e-03 -2.210991412774839307e-03 1.625788736497177020e-02 -1.541512721414206241e-03 3.860158923557226868e-02 1.031242118040214678e-03 -1.626050273909240840e-02 -5.266511921287195599e-04 9.372765166942284565e-02 2.598653708423008871e-03 0.000000000000000000e+00 0.000000000000000000e+00 1.162542089880989909e-04 -2.726081901608152277e-03 -4.002834959056467308e-03 -3.333380237694691991e-03 -1.718271940917649515e-04 -8.158715843800998235e-03 -4.461137553364379060e-03 2.501966049407178001e-04 4.902211418406558600e-03 5.424590535289756064e-03 3.391883212309201954e-03 -1.841772085875668583e-02 -2.074557895361794891e-04 -1.977311290053166207e-03 3.511929799273224434e-03 1.064075258098043028e-02 4.579460608969540547e-02 -1.156304532172160171e-02 -8.348070013223704003e-04 -1.174454615276749984e-02 -1.059514766832380522e-02 2.835443480892799531e-03 -1.119007708594712928e-02 -5.437116524753190204e-03 -9.027183880578130417e-04 3.471028955721310602e-04 1.856424154658893079e-03 8.357643754355369506e-03 2.359465560733634351e-02 -1.316558847410672153e-02 3.524176281897148377e-03 -7.379257299559930858e-03 -1.317301673012169320e-03 1.102965896620280647e-03 -3.646393656950116646e-03 -2.733442530848796681e-02 -2.791072640413089223e-02 1.121774711769852641e-02 5.619596270020382756e-02 1.735079933861526785e-02 -8.584503179536066841e-02 1.609252428071426128e-02 2.797863149378490913e-02 -1.356693103751867129e-02 9.465136484630206487e-04 -1.836257754234266529e-02 1.531414155961819193e-02 -1.501932329221557227e-03 -5.208011425625340331e-04 -2.198860829474873213e-02 -2.281174622538741439e-03 9.030383368201635313e-03 -5.789373394244364370e-04 1.395888398413001343e-04 3.686620267356053356e-03 1.027045998988246854e-02 -2.896973285233791617e-03 5.664754176459379370e-03 3.714468267337124509e-03 -1.833986020761308594e-02 -7.361255000876092526e-04 5.654398970902792775e-03 -1.312136268066070761e-02 -5.979555164852108640e-03 -4.975100203881233606e-03 3.709799048453514807e-03 -2.013210342116229096e-03 5.190033758750584036e-02 -3.064784856294972513e-03 -1.572832878065287890e-02 6.093450324449146624e-03 -5.128225538732560877e-04 -1.570864644224999676e-02 -1.204377408837806196e-02 3.337608034509473298e-02 1.696856179963061656e-03 4.741736141423710804e-02 -9.953221310733303615e-03 2.407514986980790681e-02 1.207415340664515918e-02 -3.178011768213831207e-03 4.874032978440843468e-03
0.000000000000000000e+00 0.000000000000000000e+00 0.000000000000000000e+00 0.000000000000000000e+00 1.203436004806753522e-03 -2.105497125311356355e-03 2.635063094541436300e-03 -3.329820150518863694e-03 7.539234899568814097e-03 -1.220215462003906024e-03 -2.618297643418708836e-03 -7.025568697544021073e-03 3.983869322431764573e-03 -1.297870812383239468e-03 7.447693607902419180e-04 -3.864556509950415556e-03 1.519485139666042293e-03 -2.650260922305240630e-03 3.461480290549004196e-04 5.311927606038651696e-03 -1.019487699426604652e-03 1.102068826188895220e-02 5.490683352473007921e-03 2.571893154474298379e-03 2.599859692003394195e-03 1.460824091233108198e-04 6.018072731252503823e-04 -6.770788512782748361e-03 -5.729984080725956767e-03 -1.565796066731552950e-03 -1.233452127795740089e-04 -1.270128302008190907e-02 7.666872424681327571e-04 -2.431320828982415361e-02 5.138070338210772546e-04 -2.665103112081136302e-03 7.271470655513395664e-04 4.333035593566809257e-03 2.391374990484430516e-03 8.500327218555185638e-02 -7.726439644504794028e-03 5.044534191616691088e-03 -4.161103702839070995e-03 2.592369448651919185e-03 -1.803043963682709203e-03 -1.729580346575823255e-02 -2.441956302018044589e-03 9.204546361338593677e-03 -4.788534282403401204e-02 1.037142149264969233e-02 9.655246747758703188e-04 9.395983071860904493e-03 -9.603921134737249121e-02 1.645626233203237657e-02 0.000000000000000000e+00 0.000000000000000000e+00 -5.689713445508915238e-03 -1.499022501387760331e-02 -2.924352882074183081e-03 -1.140832053129917784e-02 -1.998058504095076224e-02 -4.132428632729757099e-03 -5.430659757914239189e-03 -2.261850052416019760e-02 8.852292824776644004e-03 -1.910876304157428998e-02 2.718169303938223341e-02 -2.257498760440045452e-02 -7.801248434652122664e-04 -7.022899250216566025e-02 1.277654775871961933e-02 -2.677383689496887296e-04 1.069472758518105748e-01 6.405877914120024219e-02 4.660326418193304863e-03 -2.952342888319556963e-03 1.072261511739952024e-02 1.108033648469827336e-03 2.692873975617698576e-02 -2.596302230953739625e-03 3.920344248931606317e-03 -7.367409335710294049e-02 1.943905223763657888e-02 1.196409375058169258e-03 -1.839626517090979241e-01 6.206884522346119842e-02 3.285094165748801004e-02 -7.011139316814327810e-03 -1.267906963031206063e-03 -4.548962020962571233e-03 -4.722449313987520103e-03 9.474949901930306354e-03 -1.813148690427109078e-02 -4.564006569365668120e-02 -2.726574059065092065e-03 -3.872691654867897043e-02 -3.115060983938339190e-02 -3.262932082482679352e-02 1.034041592865743431e-02 -3.503730309782331770e-02 7.381413247817854642e-03 3.741272113063357201e-03 3.645336841190967986e-02 -3.595938792135532081e-02 2.156273149030397268e-02 -2.213409930807072254e-02 -1.599104989702414617e-02 1.574773375263948186e-02 -1.015726389117045485e-02 4.624555145284282897e-04 -6.872318265179231528e-03 2.434747623003056041e-02 1.265374086988745560e-02 3.453949312965594841e-03 -2.909545518853898921e-02 -2.217569509340014400e-02 -1.856249271277867277e-02 -1.060069878268203244e-02 -1.420127264111790792e-02 2.184916458255915100e-02 9.125822888375972192e-03 1.977715969646729605e-02 -1.594881336065063007e-02 8.340081613401643945e-02 9.510211470736183725e-03 -6.119640929608438813e-03 1.626450081452059104e-02 1.374199221148798312e-02 1.689357630360712945e-02 -3.733841929531603321e-02 -1.851727281597840766e-02 3.297052148149332701e-02 -9.953221310731045005e-03 1.842618925755412640e-01 -1.095266945874717041e-02 7.216943024847308208e-02 1.886231111353389115e-03 4.294592738158004713e-02
0.000000000000000000e+00 0.000000000000000000e+00 0.000000000000000000e+00 0.000000000000000000e+00 5.848407113298259249e-05 -1.205575377208004378e-03 4.211779791403404312e-05 -2.323240547219962773e-03 1.007625304869416445e-03 -2.402948750679043469e-03 -3.241656392998574208e-04 1.947270073035246548e-03 1.885340186479956041e-04 -2.584476872246709370e-03 -9.462771239147176863e-05 -3.109232886952988020e-03 2.265110553448176369e-04 5.305385579446922004e-03 1.370516518864233542e-04 3.625581175191112168e-04 9.118127879562421554e-04 1.406769501773457842e-03 1.097043487549682721e-03 7.233949075397117087e-04 7.235200383717711042e-04 -2.019886132424792737e-03 -4.368856053542186047e-04 5.975996487302398649e-04 -5.208067183421606714e-04 -2.441342490391025521e-03 1.881216558941347099e-04 2.476297673914879980e-04 -4.387108152995990791e-05 -7.011888386561184947e-03 1.708984944632386941e-04 -2.436846720397502393e-03 -1.188220142013215672e-03 9.912774488236406230e-04 6.512228337672311667e-04 2.950841535867702176e-02 -1.762791781590843793e-04 -9.987241474523334255e-04 9.639286899647823200e-04 -3.161434227712446739e-04 -2.014255795393422952e-03 -4.534590484427846596e-03 -1.478336473854657135e-02 2.164975970792624212e-03 -3.881597408303508190e-02 1.809399481062398847e-03 1.276149260970034331e-02 4.302312489070434301e-03 -7.069645345691553950e-02 2.276513688535244852e-03 0.000000000000000000e+00 0.000000000000000000e+00 -6.691804115847019459e-03 -1.790350648808708596e-03 1.939252114402409454e-03 3.259836071866281920e-03 -1.467562910187094260e-03 -6.910809215856329735e-03 -7.222285179499883002e-03 1.395040399782616208e-02 6.281671844050509997e-03 5.105243819975677395e-03 1.240299535277848567e-03 5.139081726113177602e-03 1.029261762295213779e-03 3.034838073517845403e-02 7.386562565705519917e-03 2.200757325283534196e-02 -7.283615369122510563e-02 -3.909638520118474680e-02 4.819075766727941475e-03 -9.750930289753476088e-03 -9.523727916154070203e-03 7.932840660560406751e-03 -3.481445721215969263e-02 1.162456917857072891e-02 -2.099518614490005191e-03 1.136385661508749166e-02 -1.047032834316306837e-03 2.227794368981937667e-02 1.174758430704568729e-01 -2.246683937333307512e-02 1.266376944953366253e-03 1.332271663315500289e-03 7.590244091615104072e-04 1.331567066892894082e-03 2.313587723846814281e-03 1.946061442300093917e-04 -1.566132166715025059e-02 4.875935553538788408e-02 -3.414312492208276123e-02 -1.154457977637744770e-02 5.256093231825845896e-02 -1.938015908640456156e-02 -1.549614124273482330e-02 -1.277934810996616231e-02 -2.884349677203356516e-05 1.132195198128989680e-02 3.422086009786131505e-03 -1.057581935152492915e-02 2.672644890838890997e-03 -9.009650679465048585e-04 1.228818735811641055e-02 8.891691500563797187e-03 -7.511971315540173083e-03 8.940707954094328277e-05 -1.033018794511940917e-02 -5.120132171544121424e-02 6.693885875727289408e-03 5.360363408481312077e-03 -3.394697953304575376e-03 4.467322535342594172e-03 2.433380577705071546e-02 1.977494604978930273e-02 3.932822590916826636e-03 -3.003520130742355285e-02 7.519521630689454152e-03 -5.302730761853745312e-02 1.268005990560458485e-02 -8.111211131842997746e-02 -1.249014159967111719e-03 -4.137835121451423001e-03 5.908174553743204480e-03 8.678780645605798511e-04 -1.669906416230043308e-02 2.502156084028050315e-03 5.822090567727584293e-02 -1.714019251628914192e-02 2.407514986980625535e-02 -1.095266945874601161e-02 7.569965541040735157e-02 1.901232237081287857e-02 -2.605824503009664377e-03 -1.052342552868494770e-02
0.000000000000000000e+00 0.000000000000000000e+00 0.000000000000000000e+00 0.000000000000000000e+00 -3.780840833193929913e-04 -1.241944478097618603e-03 -6.771401922599421365e-04 -1.977457802267438853e-03 -4.745404601576547849e-04 -3.438463982139068967e-03 2.686575038197468700e-03 5.566818775187568069e-03 -9.757167978403116738e-04 -3.399395412514844700e-03 -1.152242658485390500e-03 -4.752330057298706500e-03 -3.870428151524674836e-04 1.569398712768272502e-02 1.346119350156487794e-03 1.857307409773725033e-03 2.619479456257498007e-03 -1.766312846275179408e-03 1.954111085435607936e-03 1.508777193985331696e-03 2.887203635126937558e-04 -2.910563789595864512e-03 -2.160155839421418634e-03 2.863268303445209041e-03 1.316827686926584206e-03 -3.277400621472794425e-03 -8.261413509655257019e-04 5.701814859119761804e-03 -1.484547431809488409e-04 -4.470223048453175231e-03 5.967550351356212205e-04 -3.454760155553321822e-03 -8.917384282130890252e-03 4.393107427389670791e-03 -7.612636032773880930e-04 5.640790900885497838e-02 7.850968124427478573e-03 2.396635987252272379e-03 -1.636903467781756355e-03 -1.034241536143132691e-03 -5.027356206209396099e-03 -3.110266518966467442e-03 -3.425209671605224104e-02 2.126361033214711586e-03 -7.497302997965926696e-02 2.660414712986558516e-03 2.945369771964486544e-02 2.633980415695916667e-03 -1.553094860507404085e-01 4.288073456350694097e-04 0.000000000000000000e+00 0.000000000000000000e+00 -1.357382032344193676e-02 -5.858447954624057888e-03 -3.588638466831525764e-02 2.316237111239089624e-02 3.038947220981488145e-02 1.243032920163204304e-02 -2.308694523321181552e-03 6.407469024265853921e-03 1.172894531190434020e-02 -1.019095799588840749e-04 -2.569324684326335095e-02 2.682681572447294729e-02 6.602730753835113486e-03 -1.027755172668382844e-01 3.486279532982822227e-02 3.611160079014312518e-02 -2.558559300287565619e-01 1.342034524697750530e-01 -1.273600236940392906e-02 1.973668398513971078e-02 3.545825209237801843e-03 8.550529072093413993e-03 3.286575897370267590e-02 1.592925476209772553e-02 7.745847595264256221e-04 -9.702557572052507295e-02 3.296269872460828865e-02 3.906077180528346598e-02 -2.384520087096073937e-01 1.166768695733601119e-01 -5.877083937925137169e-02 1.348387395371948398e-02 2.396636120405403858e-04 4.750443045908586855e-03 4.834352653375231616e-03 6.256773570790244259e-03 -1.018223228345464630e-02 1.760033875370737438e-02 -1.937448693189051593e-02 2.388954197863992109e-03 2.111812039898732646e-02 4.051347431609855776e-03 -2.388546814086119074e-02 1.789067079455213677e-02 -4.593664138118207750e-03 2.441943295019443835e-02 -5.539716037116199955e-03 2.142221625325006111e-04 -5.964901418346791120e-03 1.812571649347782116e-02 -1.301934375730956453e-05 2.038648983405422568e-02 -1.551489049166391264e-02 -1.297004149281818283e-03 1.053054151585880796e-02 -1.618964083784517685e-02 1.118932053148767591e-02 -2.120481984180883940e-03 -7.637365637737153143e-05 1.752439801130299679e-02 1.271430659153778564e-02 3.091807306836803770e-02 -4.112565697923445049e-03 -1.066792489948154878e-02 -1.917298289070109435e-02 -1.416408152746165619e-02 -1.788375397792897614e-02 -1.175890758151087873e-01 -1.223934218085049284e-02 2.827641250027593256e-02 2.514325745836821103e-03 5.850414167990147796e-03 -1.651702998686191415e-02 -3.027433625368735823e-02 5.828376111934037256e-03 4.904585841485676473e-02 1.207415340664771790e-02 7.216943024847156940e-02 1.901232237081371471e-02 1.493907964314315773e-01 -1.046504989004350822e-02 4.983858576516191768e-02
0.000000000000000000e+00 0.000000000000000000e+00 0.000000000000000000e+00 0.000000000000000000e+00 6.276362575245803205e-04 7.167353407458541955e-04 1.266529774763946970e-03 1.399323057809826430e-03 3.116347252695267703e-03 1.909634762956174481e-03 9.097513985861773128e-05 -3.952114273745105204e-03 1.648466727553033568e-03 2.249715757590778093e-03 8.993350933861655756e-04 2.642104622030154969e-03 2.866778954922202458e-05 -6.580146542766633980e-03 -2.209279274849962154e-06 -7.868866388756999434e-04 -7.043106401423385350e-04 6.621596878431507648e-04 1.616943003155383207e-04 -7.284541484590318673e-04 1.117376823830327527e-03 2.027376389333306918e-03 5.721829077906486058e-04 -2.639289300663604215e-03 -2.860053407901256162e-03 1.750479030302436873e-03 -5.873493018726733735e-05 -2.734999105354557654e-03 3.056417831787381126e-04 1.103313789487552887e-03 9.490511678828249557e-05 2.026728372429659371e-03 2.097219056307567976e-03 -7.153700307636743803e-05 1.812990060691478428e-05 -2.904726888947192429e-02 8.223013140269989571e-05 3.213980710409847555e-04 -1.044477626342557065e-03 8.471456253222961084e-04 2.702869385745488608e-03 6.501970658236606859e-04 1.571456989119039346e-02 -1.186457592298770713e-03 3.517042560525743961e-02 1.011892214806247789e-03 -1.777012717004146369e-02 1.156830361365415206e-03 7.672550846993295148e-02 1.165264342861018496e-03 0.000000000000000000e+00 0.000000000000000000e+00 -2.564384633078235082e-03 7.543015871353801749e-03 -4.886610127746212479e-03 -2.914664782826714012e-03 2.508295746191919681e-03 -2.043926782418458744e-03 -4.514001042422760741e-04 8.013027121475304465e-03 -1.400506638166843301e-03 -1.538876545939631656e-02 -9.742309360027791645e-03 -3.366552300940774123e-03 -1.191433589193188584e-03 -2.341221236176855777e-02 -8.400541076930010190e-03 5.879511592326091413e-03 1.041899700383666361e-01 2.341224871614875844e-02 -3.504667017052826104e-03 2.973330488946463335e-03 -2.379069989820116644e-03 -9.673014290044459548e-03 6.055425505257113622e-03 2.058446177359376009e-04 9.496804071069023896e-04 -1.129724114206804089e-02 -4.240042852795373671e-03 -3.473815804512953541e-03 -3.959778142004167362e-02 1.648806213213121347e-02 -8.131932545764039566e-03 -3.241264891000318442e-03 -7.143898001624681381e-04 -2.823625736718715726e-03 2.216251040267177858e-03 1.989897842155625204e-03 1.068678721810613179e-02 -1.941083328907517933e-02 -1.142937443422017973e-02 -2.189839197791336109e-03 2.087494628359083670e-02 -5.336374815534290772e-03 7.385369245290649906e-03 -3.394124262199227707e-03 7.690580798409272535e-04 6.114247978100727319e-05 2.005808549027422727e-02 4.745025278761517279e-03 -7.015705934167947543e-03 -6.427857605511915710e-04 -2.593891075682175883e-03 3.396495835357307442e-03 5.268204740666181454e-03 1.099042250753674930e-03 -8.519641599456791170e-03 -1.472218688520668221e-02 -9.031463280587558387e-03 4.517251677062077315e-03 1.302813633097945310e-02 3.486578137448419126e-03 -4.560522866765813650e-03 6.370072271636735735e-03 -6.148769266153290489e-03 -4.689739578762518657e-04 -4.733312211363642236e-04 -1.148381452159724821e-02 3.828267365510115445e-03 8.510591850773389921e-02 -3.067809073659543209e-03 -6.604805066373028652e-03 -2.406902585858244990e-03 7.267723113017462815e-03 1.077801630173008500e-02 1.015107928003402757e-02 -3.768497430622461813e-02 -4.671393897242635471e-03 -3.178011768214669078e-03 1.886231111353259011e-03 -2.605824503011621145e-03 -1.046504989004366434e-02 3.106663904983079233e-02 -1.396239689318144218e-02
0.000000000000000000e+00 0.000000000000000000e+00 0.000000000000000000e+00 0.000000000000000000e+00 -3.200798193928846213e-04 -1.121998902492540905e-05 -3.768350377072390302e-04 1.554492097413730277e-04 -6.166413521620841285e-04 -2.164407681896077067e-03 2.109991230965563378e-03 5.688439595027005094e-03 -7.517084330520723036e-04 -1.572229295532976637e-03 -5.849830368500444659e-04 -1.191372048698513108e-03 -4.617296050852109641e-04 6.034459109680291589e-03 1.100268535768233113e-03 -4.736143882186766296e-04 1.522366377307289402e-03 2.017874898177139881e-04 1.109250706423000167e-03 1.183444579619545795e-03 3.093905067909507212e-05 -1.785898686301177086e-03 -7.699067909057483346e-04 3.857468840510303466e-03 7.063623395814385818e-04 -1.966405054229922698e-03 -5.341096783372008142e-04 7.906942812786152755e-03 -1.743492122776159705e-04 4.199148175445996042e-03 2.114329051289753013e-04 -1.429655320794140545e-03 -4.351000171839985650e-03 2.191930561278138904e-03 -2.631880443714174414e-03 1.414339229118230512e-02 3.577941145331634161e-03 6.263412040503650233e-04 6.438725514963010779e-05 1.318261716562496881e-03 -2.016424786076108887e-03 5.667350902091887119e-06 -1.372737088453608589e-02 1.920989905784161768e-03 -2.283321050352032922e-02 1.755494135243728130e-03 1.241092079125982045e-02 3.727545804727314376e-03 -6.161617987184665746e-02 -1.671455632535662379e-04 0.000000000000000000e+00 0.000000000000000000e+00 3.283541271745369543e-04 -7.324942529446284642e-03 -1.063642716768912165e-02 1.468073005784222874e-02 9.295215905288136890e-03 1.551951764196417630e-02 1.042686425110719330e-02 -5.771525451885280503e-03 3.134625681651788658e-03 1.500391069026429589e-02 -2.511551318513591691e-03 1.006537164778031380e-02 2.065617862613132894e-03 -5.749001881274989206e-02 1.820778903933908260e-02 2.613624697012474803e-03 -8.602391998951272600e-02 6.669066530010771265e-02 -2.000127717069314498e-03 1.291715906821565979e-02 1.115525128843625896e-02 6.675829780236461689e-03 1.951522920897047486e-02 -7.255919253893374637e-03 2.059382409050613053e-03 -4.004432164107642883e-02 1.375528175378376919e-02 2.939914908708922848e-03 -1.510737838718287374e-01 4.657969344815866136e-02 -1.224737620209083271e-02 8.310001338513778660e-03 4.111582852571086339e-04 4.520543059998735277e-03 -1.709491527372381491e-03 5.448481082799721750e-03 -2.174651546776158045e-02 1.343354454566022226e-02 1.974725137923767290e-02 -3.169264063699809945e-03 -5.367560379966225537e-02 2.933632555332227505e-03 1.591258750369895295e-02 2.203261454973573855e-02 2.983544119431509470e-04 1.016088440661679602e-02 7.892133030947129368e-04 -4.914661035736151741e-03 8.123395538140346789e-03 6.632996153680008333e-03 -9.394561625573069966e-03 7.204235810509268013e-03 -1.470792244101120153e-02 -2.166316629189109395e-03 2.858271112212455375e-03 3.031925353848067411e-02 1.620811351887110549e-02 -6.914417531439342145e-03 -2.166434305058619059e-02 -8.636035792875414435e-04 -5.460013045642453031e-03 3.281158268633137167e-03 6.967133899179158568e-03 6.652232650163415403e-03 1.779598253209142139e-02 2.356898044999777495e-02 -2.036537772225708101e-02 -5.327287036727558489e-02 3.543842271032352116e-03 2.117082211767797040e-02 -6.767626868732477124e-03 3.068901049547501699e-03 -3.168179577915016323e-03 -2.693382224441933856e-02 -5.320149037348993401e-03 4.288456365079991450e-02 4.874032978444255669e-03 4.294592738157811812e-02 -1.052342552868393462e-02 4.983858576516433242e-02 -1.396239689318335558e-02 7.911826082861445064e-02
