1.000000000000000000e+00 0.000000000000000000e+00 0.000000000000000000e+00 0.000000000000000000e+00 0.000000000000000000e+00 0.000000000000000000e+00 0.000000000000000000e+00 0.000000000000000000e+00 0.000000000000000000e+00 0.000000000000000000e+00 0.000000000000000000e+00 0.000000000000000000e+00 0.000000000000000000e+00 0.000000000000000000e+00 0.000000000000000000e+00 0.000000000000000000e+00 0.000000000000000000e+00 0.000000000000000000e+00 0.000000000000000000e+00 0.000000000000000000e+00 0.000000000000000000e+00 0.000000000000000000e+00 0.000000000000000000e+00 0.000000000000000000e+00 0.000000000000000000e+00 0.000000000000000000e+00 0.000000000000000000e+00 0.000000000000000000e+00 0.000000000000000000e+00 0.000000000000000000e+00 0.000000000000000000e+00 0.000000000000000000e+00 0.000000000000000000e+00 0.000000000000000000e+00 0.000000000000000000e+00 0.000000000000000000e+00 0.000000000000000000e+00 0.000000000000000000e+00 0.000000000000000000e+00 0.000000000000000000e+00 0.000000000000000000e+00 0.000000000000000000e+00 0.000000000000000000e+00 0.000000000000000000e+00 0.000000000000000000e+00 0.000000000000000000e+00 0.000000000000000000e+00 0.000000000000000000e+00 0.000000000000000000e+00 0.000000000000000000e+00 0.000000000000000000e+00 0.000000000000000000e+00 0.000000000000000000e+00 0.000000000000000000e+00 0.000000000000000000e+00 0.000000000000000000e+00 0.000000000000000000e+00 0.000000000000000000e+00 0.000000000000000000e+00 0.000000000000000000e+00 0.000000000000000000e+00 0.000000000000000000e+00 0.000000000000000000e+00 0.000000000000000000e+00 0.000000000000000000e+00 0.000000000000000000e+00 0.000000000000000000e+00 0.000000000000000000e+00 0.000000000000000000e+00 0.000000000000000000e+00 0.000000000000000000e+00 0.000000000000000000e+00 0.000000000000000000e+00 0.000000000000000000e+00 0.000000000000000000e+00 0.000000000000000000e+00 0.000000000000000000e+00 0.000000000000000000e+00 0.000000000000000000e+00 0.000000000000000000e+00 0.000000000000000000e+00 0.000000000000000000e+00 0.000000000000000000e+00 0.000000000000000000e+00 0.000000000000000000e+00 0.000000000000000000e+00 0.000000000000000000e+00 0.000000000000000000e+00 0.000000000000000000e+00 0.000000000000000000e+00 0.000000000000000000e+00 0.000000000000000000e+00 0.000000000000000000e+00 0.000000000000000000e+00 0.000000000000000000e+00 0.000000000000000000e+00 0.000000000000000000e+00 0.000000000000000000e+00 0.000000000000000000e+00 0.000000000000000000e+00 0.000000000000000000e+00 0.000000000000000000e+00 0.000000000000000000e+00 0.000000000000000000e+00 0.000000000000000000e+00 0.000000000000000000e+00 0.000000000000000000e+00 0.000000000000000000e+00 0.000000000000000000e+00 0.000000000000000000e+00 0.000000000000000000e+00 0.000000000000000000e+00 0.000000000000000000e+00 0.000000000000000000e+00 0.000000000000000000e+00 0.000000000000000000e+00 0.000000000000000000e+00 0.000000000000000000e+00 0.000000000000000000e+00 0.000000000000000000e+00 0.000000000000000000e+00 0.000000000000000000e+00 0.000000000000000000e+00 0.000000000000000000e+00 0.000000000000000000e+00 0.000000000000000000e+00 0.000000000000000000e+00 0.000000000000000000e+00 0.000000000000000000e+00 0.000000000000000000e+00 0.000000000000000000e+00 0.000000000000000000e+00
0.000000000000000000e+00 1.000000000000000000e+00 0.000000000000000000e+00 0.000000000000000000e+00 0.000000000000000000e+00 0.000000000000000000e+00 0.000000000000000000e+00 0.000000000000000000e+00 0.000000000000000000e+00 0.000000000000000000e+00 0.000000000000000000e+00 0.000000000000000000e+00 0.000000000000000000e+00 0.000000000000000000e+00 0.000000000000000000e+00 0.000000000000000000e+00 0.000000000000000000e+00 0.000000000000000000e+00 0.000000000000000000e+00 0.000000000000000000e+00 0.000000000000000000e+00 0.000000000000000000e+00 0.000000000000000000e+00 0.000000000000000000e+00 0.000000000000000000e+00 0.000000000000000000e+00 0.000000000000000000e+00 0.000000000000000000e+00 0.000000000000000000e+00 0.000000000000000000e+00 0.000000000000000000e+00 0.000000000000000000e+00 0.000000000000000000e+00 0.000000000000000000e+00 0.000000000000000000e+00 0.000000000000000000e+00 0.000000000000000000e+00 0.000000000000000000e+00 0.000000000000000000e+00 0.000000000000000000e+00 0.000000000000000000e+00 0.000000000000000000e+00 0.000000000000000000e+00 0.000000000000000000e+00 0.000000000000000000e+00 0.000000000000000000e+00 0.000000000000000000e+00 0.000000000000000000e+00 0.000000000000000000e+00 0.000000000000000000e+00 0.000000000000000000e+00 0.000000000000000000e+00 0.000000000000000000e+00 0.000000000000000000e+00 0.000000000000000000e+00 0.000000000000000000e+00 0.000000000000000000e+00 0.000000000000000000e+00 0.000000000000000000e+00 0.000000000000000000e+00 0.000000000000000000e+00 0.000000000000000000e+00 0.000000000000000000e+00 0.000000000000000000e+00 0.000000000000000000e+00 0.000000000000000000e+00 0.000000000000000000e+00 0.000000000000000000e+00 0.000000000000000000e+00 0.000000000000000000e+00 0.000000000000000000e+00 0.000000000000000000e+00 0.000000000000000000e+00 0.000000000000000000e+00 0.000000000000000000e+00 0.000000000000000000e+00 0.000000000000000000e+00 0.000000000000000000e+00 0.000000000000000000e+00 0.000000000000000000e+00 0.000000000000000000e+00 0.000000000000000000e+00 0.000000000000000000e+00 0.000000000000000000e+00 0.000000000000000000e+00 0.000000000000000000e+00 0.000000000000000000e+00 0.000000000000000000e+00 0.000000000000000000e+00 0.000000000000000000e+00 0.000000000000000000e+00 0.000000000000000000e+00 0.000000000000000000e+00 0.000000000000000000e+00 0.000000000000000000e+00 0.000000000000000000e+00 0.000000000000000000e+00 0.000000000000000000e+00 0.000000000000000000e+00 0.000000000000000000e+00 0.000000000000000000e+00 0.000000000000000000e+00 0.000000000000000000e+00 0.000000000000000000e+00 0.000000000000000000e+00 0.000000000000000000e+00 0.000000000000000000e+00 0.000000000000000000e+00 0.000000000000000000e+00 0.000000000000000000e+00 0.000000000000000000e+00 0.000000000000000000e+00 0.000000000000000000e+00 0.000000000000000000e+00 0.000000000000000000e+00 0.000000000000000000e+00 0.000000000000000000e+00 0.000000000000000000e+00 0.000000000000000000e+00 0.000000000000000000e+00 0.000000000000000000e+00 0.000000000000000000e+00 0.000000000000000000e+00 0.000000000000000000e+00 0.000000000000000000e+00 0.000000000000000000e+00 0.000000000000000000e+00 0.000000000000000000e+00 0.000000000000000000e+00 0.000000000000000000e+00 0.000000000000000000e+00 0.000000000000000000e+00
0.000000000000000000e+00 0.000000000000000000e+00 1.000000000000000000e+00 0.000000000000000000e+00 0.000000000000000000e+00 0.000000000000000000e+00 0.000000000000000000e+00 0.000000000000000000e+00 0.000000000000000000e+00 0.000000000000000000e+00 0.000000000000000000e+00 0.000000000000000000e+00 0.000000000000000000e+00 0.000000000000000000e+00 0.000000000000000000e+00 0.000000000000000000e+00 0.000000000000000000e+00 0.000000000000000000e+00 0.000000000000000000e+00 0.000000000000000000e+00 0.000000000000000000e+00 0.000000000000000000e+00 0.000000000000000000e+00 0.000000000000000000e+00 0.000000000000000000e+00 0.000000000000000000e+00 0.000000000000000000e+00 0.000000000000000000e+00 0.000000000000000000e+00 0.000000000000000000e+00 0.000000000000000000e+00 0.000000000000000000e+00 0.000000000000000000e+00 0.000000000000000000e+00 0.000000000000000000e+00 0.000000000000000000e+00 0.000000000000000000e+00 0.000000000000000000e+00 0.000000000000000000e+00 0.000000000000000000e+00 0.000000000000000000e+00 0.000000000000000000e+00 0.000000000000000000e+00 0.000000000000000000e+00 0.000000000000000000e+00 0.000000000000000000e+00 0.000000000000000000e+00 0.000000000000000000e+00 0.000000000000000000e+00 0.000000000000000000e+00 0.000000000000000000e+00 0.000000000000000000e+00 0.000000000000000000e+00 0.000000000000000000e+00 0.000000000000000000e+00 0.000000000000000000e+00 0.000000000000000000e+00 0.000000000000000000e+00 0.000000000000000000e+00 0.000000000000000000e+00 0.000000000000000000e+00 0.000000000000000000e+00 0.000000000000000000e+00 0.000000000000000000e+00 0.000000000000000000e+00 0.000000000000000000e+00 0.000000000000000000e+00 0.000000000000000000e+00 0.000000000000000000e+00 0.000000000000000000e+00 0.000000000000000000e+00 0.000000000000000000e+00 0.000000000000000000e+00 0.000000000000000000e+00 0.000000000000000000e+00 0.000000000000000000e+00 0.000000000000000000e+00 0.000000000000000000e+00 0.000000000000000000e+00 0.000000000000000000e+00 0.000000000000000000e+00 0.000000000000000000e+00 0.000000000000000000e+00 0.000000000000000000e+00 0.000000000000000000e+00 0.000000000000000000e+00 0.000000000000000000e+00 0.000000000000000000e+00 0.000000000000000000e+00 0.000000000000000000e+00 0.000000000000000000e+00 0.000000000000000000e+00 0.000000000000000000e+00 0.000000000000000000e+00 0.000000000000000000e+00 0.000000000000000000e+00 0.000000000000000000e+00 0.000000000000000000e+00 0.000000000000000000e+00 0.000000000000000000e+00 0.000000000000000000e+00 0.000000000000000000e+00 0.000000000000000000e+00 0.000000000000000000e+00 0.000000000000000000e+00 0.000000000000000000e+00 0.000000000000000000e+00 0.000000000000000000e+00 0.000000000000000000e+00 0.000000000000000000e+00 0.000000000000000000e+00 0.000000000000000000e+00 0.000000000000000000e+00 0.000000000000000000e+00 0.000000000000000000e+00 0.000000000000000000e+00 0.000000000000000000e+00 0.000000000000000000e+00 0.000000000000000000e+00 0.000000000000000000e+00 0.000000000000000000e+00 0.000000000000000000e+00 0.000000000000000000e+00 0.000000000000000000e+00 0.000000000000000000e+00 0.000000000000000000e+00 0.000000000000000000e+00 0.000000000000000000e+00 0.000000000000000000e+00 0.000000000000000000e+00 0.000000000000000000e+00 0.000000000000000000e+00
0.000000000000000000e+00 0.000000000000000000e+00 0.000000000000000000e+00 1.000000000000000000e+00 0.000000000000000000e+00 0.000000000000000000e+00 0.000000000000000000e+00 0.000000000000000000e+00 0.000000000000000000e+00 0.000000000000000000e+00 0.000000000000000000e+00 0.000000000000000000e+00 0.000000000000000000e+00 0.000000000000000000e+00 0.000000000000000000e+00 0.000000000000000000e+00 0.000000000000000000e+00 0.000000000000000000e+00 0.000000000000000000e+00 0.000000000000000000e+00 0.000000000000000000e+00 0.000000000000000000e+00 0.000000000000000000e+00 0.000000000000000000e+00 0.000000000000000000e+00 0.000000000000000000e+00 0.000000000000000000e+00 0.000000000000000000e+00 0.000000000000000000e+00 0.000000000000000000e+00 0.000000000000000000e+00 0.000000000000000000e+00 0.000000000000000000e+00 0.000000000000000000e+00 0.000000000000000000e+00 0.000000000000000000e+00 0.000000000000000000e+00 0.000000000000000000e+00 0.000000000000000000e+00 0.000000000000000000e+00 0.000000000000000000e+00 0.000000000000000000e+00 0.000000000000000000e+00 0.000000000000000000e+00 0.000000000000000000e+00 0.000000000000000000e+00 0.000000000000000000e+00 0.000000000000000000e+00 0.000000000000000000e+00 0.000000000000000000e+00 0.000000000000000000e+00 0.000000000000000000e+00 0.000000000000000000e+00 0.000000000000000000e+00 0.000000000000000000e+00 0.000000000000000000e+00 0.000000000000000000e+00 0.000000000000000000e+00 0.000000000000000000e+00 0.000000000000000000e+00 0.000000000000000000e+00 0.000000000000000000e+00 0.000000000000000000e+00 0.000000000000000000e+00 0.000000000000000000e+00 0.000000000000000000e+00 0.000000000000000000e+00 0.000000000000000000e+00 0.000000000000000000e+00 0.000000000000000000e+00 0.000000000000000000e+00 0.000000000000000000e+00 0.000000000000000000e+00 0.000000000000000000e+00 0.000000000000000000e+00 0.000000000000000000e+00 0.000000000000000000e+00 0.000000000000000000e+00 0.000000000000000000e+00 0.000000000000000000e+00 0.000000000000000000e+00 0.000000000000000000e+00 0.000000000000000000e+00 0.000000000000000000e+00 0.000000000000000000e+00 0.000000000000000000e+00 0.000000000000000000e+00 0.000000000000000000e+00 0.000000000000000000e+00 0.000000000000000000e+00 0.000000000000000000e+00 0.000000000000000000e+00 0.000000000000000000e+00 0.000000000000000000e+00 0.000000000000000000e+00 0.000000000000000000e+00 0.000000000000000000e+00 0.000000000000000000e+00 0.000000000000000000e+00 0.000000000000000000e+00 0.000000000000000000e+00 0.000000000000000000e+00 0.000000000000000000e+00 0.000000000000000000e+00 0.000000000000000000e+00 0.000000000000000000e+00 0.000000000000000000e+00 0.000000000000000000e+00 0.000000000000000000e+00 0.000000000000000000e+00 0.000000000000000000e+00 0.000000000000000000e+00 0.000000000000000000e+00 0.000000000000000000e+00 0.000000000000000000e+00 0.000000000000000000e+00 0.000000000000000000e+00 0.000000000000000000e+00 0.000000000000000000e+00 0.000000000000000000e+00 0.000000000000000000e+00 0.000000000000000000e+00 0.000000000000000000e+00 0.000000000000000000e+00 0.000000000000000000e+00 0.000000000000000000e+00 0.000000000000000000e+00 0.000000000000000000e+00 0.000000000000000000e+00 0.000000000000000000e+00 0.000000000000000000e+00 0.000000000000000000e+00
0.000000000000000000e+00 0.000000000000000000e+00 0.000000000000000000e+00 0.000000000000000000e+00 1.207137274123043363e-01 -2.541961999411425366e-02 1.250058908542801550e-01 1.439331951098776763e-02 9.591283546064877097e-01 2.126592223007806037e-02 8.875130382322377054e-03 6.788952357555294408e-03 2.479100364084872721e-01 2.465967622076183779e-02 3.065004324729592722e-01 4.683799076273371248e-02 2.625880956666878235e-02 1.717109134503400688e-03 8.305449080069731566e-03 -1.348645810363574386e-02 -3.704326807370017169e-03 7.328920695476426501e-03 8.592122887257330321e-04 1.206757867751706743e-02 8.920527777738503916e-01 2.604873615222599165e-02 -3.162902936528015716e-03 -1.096103933954122121e-03 8.650660710845127499e-02 2.335393193501834191e-02 -2.829659169922725623e-03 8.700566730757790940e-03 1.005004051500092199e+00 2.257006630119614415e-02 6.063844892004462833e-02 3.266221918509649297e-02 -3.307601086323316841e-04 9.965439971804080331e-04 1.484926889635628314e-03 -4.725186617661925222e-03 6.410497889392518264e-05 2.684005072751556586e-02 5.134114206986620937e-03 9.442655271430117417e-03 9.953930311804169984e-01 1.946646347627888768e-02 1.296225027809762460e-02 1.591080464269326034e-02 0.000000000000000000e+00 0.000000000000000000e+00 6.060809380384716248e-03 -3.786360879013564960e-03 6.721754803212425314e-03 2.903373494318582052e-03 1.297747532114887359e-02 -4.202224612131847661e-04 -3.541939219116206627e-02 -3.275540849741421286e-03 1.526373915311268325e-03 6.057631284959072134e-04 4.778740419459169726e-03 -1.250081295143418061e-03 -2.532079662123271589e-03 7.908403276941786825e-03 -8.154636779075867883e-03 -1.927969361044495813e-03 -1.656050270481388420e-01 -1.275249999612583854e-02 3.981971540291152911e-03 -2.244388826786455644e-03 -1.620983860964187633e-03 -3.602855605203379025e-03 7.010267724851607270e-03 -3.890974539506284000e-03 -4.087630741722947901e-03 3.515614581873591216e-03 -2.095863845657990575e-03 -6.456377143481065043e-04 7.526802514764671659e-02 -8.968367858317397717e-03 -7.835824779191410960e-03 -4.569207000794084893e-03 4.995015385669810543e-03 3.375637169335003393e-03 7.552865297155269544e-04 -1.163530012822721824e-02 -1.187907708038983545e-02 6.036184175667556016e-03 4.506635823393735293e-03 1.732923251745934617e-02 2.383234756503322792e-03 5.479072804510521331e-03 2.617072011846566931e-03 4.880665077388637342e-03 3.798894730935742196e-03 -3.047319241061169012e-03 3.410186294212081944e-04 -1.969024596126836037e-03 1.073782488075161919e-02 -1.304838090640042352e-03 4.660914713590701662e-03 -5.831694310792835158e-04 2.657626819522078843e-03 -1.603678853818038064e-04 3.305973207931080259e-04 3.691232346768086488e-04 1.266139414782640419e-03 7.196671534970014439e-03 8.438905161598071747e-03 -3.148354474950191932e-05 2.820441076908198480e-03 1.829414326272677188e-03 -8.885975929162175102e-03 -2.833890936908816521e-03 1.654448323416843423e-03 1.330895995657718940e-03 -1.287135642230600834e-02 -3.377753989962713199e-03 8.167975957678201560e-03 -3.289807923337174141e-03 -5.024924431962439833e-03 6.229933833584822694e-03 -3.821559243981489939e-03 -1.074207748595609312e-03 5.840850085153843907e-03 -7.931160307878173943e-03 -6.961788209596050589e-03 -1.516097236920595443e-03 -2.303456879546685217e-03 -1.148554062918750313e-02 8.047546596653675291e-03 -4.986943973683247502e-03
0.000000000000000000e+00 0.000000000000000000e+00 0.000000000000000000e+00 0.000000000000000000e+00 -2.541961999410378981e-02 2.360388993045424155e-01 -8.353464423802345329e-02 1.855381109591081046e-01 -5.921914184662745440e-01 1.713205551806533944e-01 -1.303577570289212654e-04 1.246216437120787560e-03 -1.665979492788043359e-01 1.684479252747917988e-01 -1.948367283609623579e-01 1.537361946971899929e-01 -4.283488445318084717e-03 1.582174414386300658e-03 -6.561792337470389626e-03 4.864875457000231336e-03 -1.159062543263426545e-02 -3.024066170700881115e-03 -5.051023080034726105e-05 -3.064772779061736025e-03 -5.798366342558397557e-01 1.644253643887166605e-01 3.426933707041098908e-03 1.777630423041080560e-03 -5.642683512821354552e-02 1.649688130400464858e-01 -2.360061122469839278e-04 3.237985538521627980e-03 -6.787448788920690257e-01 1.735734495703918079e-01 -3.918591848906929909e-02 1.565522028852860403e-01 -3.092459003121792414e-03 -6.026415833867744196e-03 -3.910356894171099391e-03 1.085464346874926919e-02 -2.832202956303988932e-03 -4.837007383636648256e-02 2.375601733116655678e-03 -6.491865001371136153e-03 -6.559328653423620592e-01 1.755552609505262596e-01 -1.022415758136114086e-02 -9.762903716684230918e-03 0.000000000000000000e+00 0.000000000000000000e+00 -3.351705431592043750e-03 1.233623891296240123e-02 1.305240912791361466e-02 1.650773806323027355e-03 1.863227007635692711e-02 4.178268902436270416e-03 -2.418411224579745944e-02 2.266914608647194358e-03 1.808727190740412171e-03 -4.298568394843226698e-03 3.402234159995563140e-02 2.927965440196458533e-03 -2.169881484828475784e-03 1.056111581451669133e-04 1.136910302356663321e-02 1.116509525664922259e-02 -1.000167276012248474e-01 -5.407938311900891554e-03 1.379294359687728566e-02 7.757068905618353521e-03 -6.184798532444957947e-04 -4.725502527495193707e-03 -5.551431322761751254e-03 -5.380103394301889328e-04 -4.635054762035084770e-03 -8.888809765629964929e-03 4.792301142771427389e-04 4.269974170529206373e-03 3.235550204166329907e-02 8.963405589428485865e-03 -3.515295505113012753e-02 1.851486665016530402e-03 3.968708367535156434e-03 1.888558441299088885e-03 9.488169902088752078e-03 3.935237727528600148e-03 -2.768283350814157960e-03 1.211839576966997978e-04 -2.711301475823667088e-03 -4.474662271251818660e-03 -1.365315874704839047e-02 -2.918855172057352454e-03 -4.547869992034360214e-04 -4.369238142152186838e-03 1.310188819278550361e-02 4.909749418788451544e-03 -2.136617307054748053e-04 9.442340118967461338e-04 1.763662919735134102e-02 9.678180097354938116e-03 -2.352461775830826801e-03 -7.641769916157089941e-03 -1.877910914751065906e-03 -3.843619028266189244e-03 3.117940411884210800e-03 -5.943110976281022750e-03 -7.741079992208653449e-04 -9.312656897655546134e-03 1.007514893904988898e-02 1.846928701300917450e-02 3.951359530334241574e-03 -1.891634260478680316e-02 6.346857677499919033e-03 -1.303784772805047752e-02 -6.392239903430793797e-03 -1.774948481626901012e-02 1.385325635589224752e-02 -1.662160471910303916e-02 1.068318368803260893e-02 7.131145969605858469e-03 8.663325989854132186e-03 -5.833404765933002285e-03 -1.691079948664721624e-02 1.182471933883420291e-02 -2.630534475877438841e-02 -9.050005961253125564e-03 -1.301324042033507634e-02 -9.331448883673825953e-03 7.029440206380717718e-03 1.726051965366623593e-03 -1.041109156315805917e-02 -7.188061435066534811e-03
0.000000000000000000e+00 0.000000000000000000e+00 0.000000000000000000e+00 0.000000000000000000e+00 1.250058908542965863e-01 -8.353464423801432170e-02 1.672078667232341498e-01 -2.907013859883293694e-02 1.149485130499394270e+00 -2.211430873809721448e-02 1.154769640776060792e-02 7.892445535497095987e-03 3.006958982070704889e-01 -1.707963147799065190e-02 3.780474224544214668e-01 2.953929355388112271e-03 2.231665735491871611e-02 5.197164191802712378e-03 1.807079555621671132e-03 -5.881827763249852271e-03 -1.553259174231317935e-03 1.105072543220868113e-02 -1.911250417999549225e-03 1.779241734525508628e-02 1.071287602808159489e+00 -1.501089206287248463e-02 -1.460586576367273832e-03 -9.159821192378244476e-04 1.046685784640937339e-01 -1.806674202866496645e-02 -3.579070255408909468e-03 7.824678800338094251e-03 1.221726165606560777e+00 -2.092198383629979494e-02 7.283042060718825095e-02 -5.273186856030002111e-03 -1.373163887905147137e-04 -1.329750584665671982e-03 4.691237302028460412e-03 -1.113094716125084642e-02 -1.629248063402777627e-03 3.825851862704192363e-02 2.904844236993996652e-03 1.390073199918086342e-03 1.202812271941155142e+00 -2.445058703032034972e-02 1.419802124773105086e-02 1.856933351186823566e-02 0.000000000000000000e+00 0.000000000000000000e+00 7.611468520474490469e-03 -4.631009201509783853e-03 4.719166898103322079e-03 1.632145599170139278e-03 9.397488031619353685e-03 -1.645328948704093954e-03 -3.089452381748004905e-02 -3.068781931591835384e-03 1.192109495566363126e-03 1.233477283033506105e-03 -2.733731763821979285e-03 -2.580690562221658619e-03 -2.373319402124376802e-03 3.237310593699174212e-03 -9.435283075109868883e-03 -2.137539436694309986e-03 -1.801911266330876726e-01 -9.026344292953698140e-03 4.800197348711124617e-04 -4.245716055002049863e-03 -1.304463061176856613e-03 -3.063329369713966525e-03 8.291239034139887693e-03 -4.161371216728238301e-03 -3.277802858728809214e-03 4.298747322028230802e-03 -2.304663284238192208e-03 -3.850721855848227124e-04 7.287459318661639041e-02 -1.127000946874921750e-02 7.687160691165115765e-04 -5.692590092943213866e-03 5.174721050136115059e-03 3.075034499606682341e-03 -3.450862597115902149e-04 -1.505287110806793546e-02 -1.207085125539269013e-02 8.110403567838207414e-03 2.492622135058853317e-03 2.204084604675009620e-02 -1.844626750888274554e-03 7.481960608420417519e-03 4.647616352304007395e-03 8.118790226800318838e-03 9.412188176814496356e-04 -4.262086310236910813e-03 8.465864301133681821e-04 -8.649643776851617585e-04 7.799607824907658742e-03 -3.356189481289022832e-03 6.212751000944107503e-03 -1.113672490962548325e-04 3.927113217638623574e-03 1.621847797417165114e-04 1.278724151704159831e-03 3.545142652548750862e-04 2.057579785813357012e-03 7.905136504909921272e-03 7.645907498848480283e-03 -4.103304517710345406e-03 1.225276152114161297e-03 3.656537408802690552e-03 -1.304457964319089523e-02 -5.611007874517370949e-04 -1.277214333473275509e-03 3.515898256465087822e-03 -1.957611279418630668e-02 -7.637412065833668051e-04 5.770550171796121758e-03 -4.904028406434903474e-03 -6.193598739077361623e-03 7.693570017526137929e-03 -1.383986727293876192e-03 -4.202551491242060601e-03 6.132463878218095792e-03 -6.229670002681610662e-03 -8.714512563011995311e-03 5.606853521005578057e-04 -1.634624899575510106e-03 -9.711402689469184057e-03 6.995208485342778275e-03 -3.513332180652277079e-03
0.000000000000000000e+00 0.000000000000000000e+00 0.000000000000000000e+00 0.000000000000000000e+00 1.439331951098996726e-02 1.855381109590715227e-01 -2.907013859885940882e-02 1.988750855289468100e-01 -1.705265002978661182e-01 1.614767742664106054e-01 9.000771307083525567e-04 3.536710820312412816e-03 -5.628250433858111856e-02 1.614137848030154643e-01 -6.180955129707641632e-02 1.501497599576191166e-01 2.101214618261839414e-03 3.572593067802233655e-04 -7.727681834988221928e-03 1.553831020526579010e-03 -1.161194974232760378e-02 -1.149585063643219661e-03 1.060575900250277552e-03 3.236429094859573623e-03 -1.864005310535268856e-01 1.555237714975583052e-01 2.533971041020986834e-03 1.929967169224818284e-03 -1.889725960075915381e-02 1.582536079926495087e-01 -1.621112299749639897e-03 3.874912550340994886e-03 -2.366318103463466438e-01 1.629266551370900928e-01 -1.429583881859289481e-02 1.435996972998387355e-01 1.324248956338626871e-03 -4.875975622790654392e-03 -4.021409600846281678e-03 1.122300860002871034e-02 -5.709669519763881790e-03 -1.549303230219589017e-02 -1.490106726722022668e-04 -1.932682037157304488e-04 -2.315304190299917741e-01 1.645361952736099642e-01 -6.874637370670745248e-03 -5.136275258698189648e-03 0.000000000000000000e+00 0.000000000000000000e+00 -1.194981378176286201e-03 7.347745555844688997e-03 1.102244925742908339e-02 3.573442921968171537e-03 1.613797104128674928e-02 3.520403838358862874e-03 -2.435674729213177861e-02 5.677849137942350471e-04 1.455866786007152698e-03 -3.974529477637081011e-03 2.627811508592725956e-02 1.632845055877883006e-03 -1.755004319948636708e-03 -1.738541526724857438e-04 5.117600561784299562e-03 7.549014856374313201e-03 -6.796500426036447551e-02 -4.928165202058572107e-03 1.110888144261750095e-02 5.537958979925147913e-03 -7.094982870815565818e-04 -3.317222514299781461e-03 -3.205971077142452316e-03 -1.874077953661786727e-03 -3.796380424038221010e-03 -3.685729820084670313e-03 -7.574017336921862100e-04 3.335870719653439165e-03 2.324961692584201836e-02 3.233230554939562316e-03 -2.795586750000936260e-02 6.543810994864086893e-04 3.771431478432591290e-03 2.329475506160672525e-03 7.354278790091678397e-03 -1.229826639765693166e-03 -3.925834138710700486e-03 2.561986341615684996e-03 -8.218155592864965012e-04 1.375863434894739751e-03 -9.682714278698392740e-03 1.225573931698874502e-03 2.230252867171197972e-03 -9.492819159255859798e-04 1.067304530722523563e-02 3.052614909314708535e-03 -2.132174924500971139e-05 -2.082808903656090723e-04 1.481775730454779755e-02 6.849664892937895599e-03 -1.386411637437692411e-03 -5.650361375482312355e-03 -1.713336085492828727e-03 -3.029591861238937252e-03 1.842518652817193552e-03 -4.503454138160326546e-03 -3.029113376434908579e-04 -7.223051076306338282e-03 8.145003370795959527e-03 1.400435753338562586e-02 3.320729194027583625e-03 -1.402652435145542754e-02 5.929290126728558458e-03 -9.827804864598194134e-03 -3.496489729867443587e-03 -1.241614566214300358e-02 1.221339492340965498e-02 -1.364468646524099986e-02 9.601015389389891061e-03 4.873204796250305178e-03 6.253139390985751160e-03 -3.041617972255107084e-03 -1.294764566819177343e-02 9.026066024492034393e-03 -1.739700464843202746e-02 -8.356565156442057052e-03 -7.799976080220922918e-03 -7.321644637632608588e-03 2.596698315024894774e-03 -3.988852431213432887e-04 -4.163375657819811185e-03 -6.418103394046115705e-03
0.000000000000000000e+00 0.000000000000000000e+00 0.000000000000000000e+00 0.000000000000000000e+00 9.591283546066310395e-01 -5.921914184664517355e-01 1.149485130499504404e+00 -1.705265002979000910e-01 8.985682805097601644e+00 -9.011363107189575283e-02 4.567919076299595954e-02 3.313678947296735261e-02 2.330616425112983503e+00 -6.951101981439433697e-02 2.852758010635687569e+00 7.579552124635240140e-02 1.855921585224047099e-01 2.818712351953640838e-02 7.269585000075480530e-02 -7.267614982799784629e-02 1.271208642254895507e-02 5.103254373048404791e-02 -4.772776238226156091e-03 1.046460858868722976e-01 8.243298543634521636e+00 -5.580711412496613955e-02 -2.343275193182728713e-02 -6.311581186296183477e-03 8.148269302781652179e-01 -6.944789707638644727e-02 4.585499752354889151e-03 4.691045240501254959e-02 9.293056381327589932e+00 -8.449594066078797150e-02 5.621438860709594421e-01 4.933599659831535214e-03 -1.280331649618558602e-04 1.849061104125744202e-03 1.526061858876296730e-02 -4.969168153718635933e-02 -7.202131390459475153e-03 1.500014950031709760e-01 2.747890427428013177e-02 5.725509162271494312e-02 9.100987897229694923e+00 -1.043596144712959639e-01 8.981897800787733144e-02 1.041338116341592179e-01 0.000000000000000000e+00 0.000000000000000000e+00 3.485782015687018814e-02 -4.124125588715252255e-02 -8.062025785849996629e-03 2.420184473757857127e-02 9.574333158822541032e-03 -2.415781395077089624e-02 -1.207880387137652556e-01 -1.181599241780222249e-02 -1.747211574381195200e-03 8.382227127195810215e-03 -8.777952879661905794e-02 -1.900954775706636610e-02 -5.975418478522441859e-03 5.006068278971756436e-02 -8.566271629754253214e-02 -4.166222483414728367e-02 -4.694631980229783119e-01 -6.310451116923680714e-02 -2.508459860345715192e-02 -2.980759605538806437e-02 -3.335767016500369546e-03 -5.361589587094338361e-03 4.597019320723139124e-02 -2.586308900688554652e-02 -4.845304574183945112e-03 5.496249798082379623e-02 -1.099600978736946580e-02 -1.503164694248294853e-02 2.086962529271617073e-01 -8.476383303762366483e-02 7.132991723007368889e-02 -3.178687503339162890e-02 1.191569613072149258e-02 1.582861018990229865e-02 -2.151687137904395239e-02 -8.621130161127497915e-02 -7.166873445586435798e-02 3.828216328336211255e-02 1.363016674425563020e-02 1.112734525138798919e-01 1.333236042415974695e-02 4.709930655896370916e-02 1.959619250086164569e-02 4.756824297682094027e-02 -2.039586006530304599e-02 -3.212688277394036562e-02 2.623254512689686489e-03 -1.856891287695097703e-02 1.298936205712372151e-03 -3.111331310041770895e-02 3.415005436375303377e-02 3.074334379791334414e-03 2.459038245189439087e-02 6.450732156263292057e-03 1.295400175246537965e-02 4.689933537649590076e-03 1.101158083699917307e-02 4.319603337197572973e-02 1.156514384798702950e-02 -5.031122739913140157e-02 1.235008766038987564e-03 3.161923207080010595e-02 -7.373160210144705240e-02 1.667862588169452195e-02 -1.847587252014980252e-02 4.392019139676277273e-02 -9.824976803088582289e-02 2.070915775394614744e-02 3.060029478280005145e-03 -3.551349523242799261e-02 -3.830552733866145199e-02 4.105087358895070926e-02 3.105730519099437342e-02 -4.236137479308493131e-02 8.871089320325732663e-02 -1.479801988253744323e-02 -9.126194954659047794e-04 1.616286347770142309e-02 -2.487632591614175742e-02 -4.590986841075812841e-02 7.047814196633866990e-02 -3.798351662042227187e-03
0.000000000000000000e+00 0.000000000000000000e+00 0.000000000000000000e+00 0.000000000000000000e+00 2.126592223008923199e-02 1.713205551806095683e-01 -2.211430873809602099e-02 1.614767742664012795e-01 -9.011363107176319220e-02 1.563375835159893923e-01 -1.092790357107376389e-03 -2.218394719509856478e-03 -3.549929876544776625e-02 1.522561917124598541e-01 -3.661335159061138850e-02 1.366340349809450350e-01 -1.334076280735872061e-03 6.079530243381204603e-03 -2.931537353455882303e-03 7.440842530651594310e-03 -4.369511966411303815e-03 -3.084217002296239362e-03 -1.279904219123442375e-03 2.660416250071024518e-04 -1.295966847336752770e-01 1.496357184016537389e-01 2.880606288462478695e-03 1.347113427027387886e-03 -1.060443138024772490e-02 1.509178341390953748e-01 1.951292974642368635e-03 -3.271206295853074163e-04 -1.747473194563185506e-01 1.584055631446720236e-01 -6.953875064773053227e-03 1.418996015210283734e-01 -2.907650245041501318e-03 -3.529156031353262741e-03 1.496197906050857930e-03 1.069001836788107361e-02 -4.025852741298285679e-03 -6.490538369279913455e-02 -2.604939591246566589e-03 -4.339514204383155410e-03 -1.766694821611760058e-01 1.603374343885487496e-01 -1.069995222764181554e-02 -1.092333080370017431e-02 0.000000000000000000e+00 0.000000000000000000e+00 -3.490452414764425287e-03 8.318800152865650152e-03 6.648482260146888236e-03 -2.521999381469195237e-03 7.083504926833355739e-03 -2.253854647102496167e-03 -6.296779827980605697e-03 5.673583810646225765e-03 -6.985742634445473017e-04 -3.524022569744116821e-03 1.700805135280584676e-02 -5.925458698780739636e-04 -9.166562354142191111e-04 -4.910029024983735349e-03 5.306199896524316749e-03 8.144173604939531838e-03 -3.001448652761650598e-02 1.891986203573597339e-04 6.189453364666567051e-03 3.634008240302498156e-03 5.878089902700900978e-04 -1.858438975612976924e-03 -5.491639677299788719e-03 -4.036627816836287400e-04 -1.796760754353754486e-03 -6.583903262659614869e-03 -1.124361445739350911e-05 2.418766115075418090e-03 -1.926603491178202100e-03 6.743380749454220245e-03 -1.656281508457027249e-02 5.672338117218862080e-04 1.670035793204753235e-03 -8.807346520029101997e-04 6.258056365369357721e-03 1.236140248372545342e-03 1.769147499415937093e-04 -6.334489016256444763e-04 -6.281308866035566381e-03 -6.870362053938221594e-03 -1.664022443829504469e-02 -1.251746916634147687e-03 9.640480418492121482e-04 -3.135681684647370886e-03 6.885136820309265861e-03 1.848612849023857641e-03 1.258026768741473886e-04 -8.417109282605060756e-04 7.746390152882022713e-03 4.303926763975855253e-03 -1.401165184710177715e-03 -6.037856685786610958e-03 -6.967378312433094353e-04 -2.813970428675150338e-03 4.011672711642736040e-03 -4.791663661320414054e-03 -6.310060650006376942e-05 -9.083258842475426531e-03 4.214421154840292810e-03 9.122320063224565942e-03 -7.993966551201493872e-04 -1.624393492935944858e-02 3.622177330476118555e-03 -7.146065209142919185e-03 -8.997624537492601715e-03 -1.205021175977396067e-02 9.550892823194984463e-03 -9.298882038588227733e-03 3.175159026130383762e-03 3.790014414665921795e-03 8.715773563384782846e-03 -6.986729450108505705e-03 -1.123551803853226408e-02 5.240945463983018998e-03 -2.865777130025372668e-02 -3.255694428180635862e-03 -1.413540359583533544e-02 -5.378777148376291672e-03 8.766161679247704702e-03 7.462428233279503470e-03 -1.786562842152288749e-02 -2.840070398382930038e-03
0.000000000000000000e+00 0.000000000000000000e+00 0.000000000000000000e+00 0.000000000000000000e+00 8.875130382337609661e-03 -1.303577570352392639e-04 1.154769640777651360e-02 9.000771307115858644e-04 4.567919076308760845e-02 -1.092790357116685349e-03 8.234526100140568405e-03 4.484138020039171203e-03 1.275115943024374664e-02 1.146043088227862100e-03 2.164422981542320212e-02 5.505271517850743139e-03 5.703511991911981022e-03 -4.149012771671123584e-04 -1.877377328146833009e-03 -1.699203196490118271e-03 -2.677943398956062534e-03 2.608120761032976451e-03 -3.746341851398832332e-04 4.058198509731624805e-03 5.912042793845117411e-02 5.481285617553952874e-04 1.914565378685408352e-03 -3.988445522348725548e-04 3.486540354144230646e-03 -6.306195214591010659e-04 -6.500293522148705219e-03 2.502933563726392977e-03 7.280299159789987984e-02 -1.248576701065481215e-03 2.828245914403747230e-03 6.084395421057757491e-04 3.584299834000326691e-03 -2.594921949260811374e-04 -2.166146014988750996e-03 -1.133876712385431052e-03 -2.313491035229992519e-04 2.037121659753000219e-02 1.855088958619938600e-03 -9.143635557262462304e-04 7.766082668097475106e-02 -2.488133026717121148e-03 1.477935448070941127e-03 6.481881415321673855e-03 0.000000000000000000e+00 0.000000000000000000e+00 5.822875279136596575e-03 1.818490528010883794e-03 9.878923976967156004e-03 1.432870610127809103e-03 1.280246457273221186e-02 8.282464644297091389e-04 -2.783578728063304183e-02 -8.773257250341966141e-04 1.501524756658875704e-03 -1.414920490726286170e-04 1.295541973877512888e-02 -3.586876874555039300e-04 -1.722749246624057746e-03 -4.545730937351543169e-03 -9.622765932700237928e-04 2.520551368591901573e-03 -1.043042947914490370e-01 1.093178719880317454e-03 6.343735794311780932e-03 -8.735423604993162094e-04 -8.279034061908730965e-04 -1.289739561434802544e-03 1.378182135875681948e-03 4.190117997152731193e-04 -3.274230312183270489e-03 -2.356838126082647349e-03 -1.093571362629805737e-03 7.383764521897888747e-04 4.899281191264999447e-02 -7.061138098964244141e-05 -1.199695814261435810e-02 -2.537059923740325046e-03 5.630039076749890174e-03 1.858097783524918084e-03 2.757574141565188441e-03 -3.890972880943430971e-03 -1.503421562387642109e-03 3.751035990022149116e-03 4.537548383385958152e-03 4.875124801270596525e-03 5.086767001146462117e-03 7.516049575614541832e-04 -1.015367939402833175e-03 1.873665660656913126e-03 5.295682308025901133e-03 1.042535815259186798e-04 1.205766485356099971e-03 2.830986344297121374e-03 1.020580946160874400e-02 -1.626502750940516740e-04 1.737923370843595140e-03 9.012861486591692336e-04 -1.616911076699798595e-04 -1.390282552465112349e-04 -2.806623249182719007e-03 2.429182046196852549e-03 1.912810795731568342e-04 3.859664164842584958e-03 8.176902280499382183e-03 3.493568728244430752e-03 5.633934456805495721e-04 -8.018019006839241340e-04 -2.897950792967663152e-03 -3.740125433875707023e-03 5.486580507707874456e-03 -3.444487503226466990e-04 -6.737665458720016286e-03 -4.351107329357223677e-03 7.201973890889507533e-03 -6.859616009977057179e-04 4.743138663652141855e-04 3.540727640400532974e-03 -8.703772557415757893e-03 3.593133740854555312e-03 -1.265105237746267514e-02 -7.076706821133801895e-03 -1.362952026269041890e-02 -4.410593719106399406e-03 1.953942393907317967e-03 -5.810854310602100309e-03 -6.584074399531931500e-03 -5.649887752048885978e-03
0.000000000000000000e+00 0.000000000000000000e+00 0.000000000000000000e+00 0.000000000000000000e+00 6.788952357559637288e-03 1.246216437120073505e-03 7.892445535506826051e-03 3.536710820315619019e-03 3.313678947304453393e-02 -2.218394719499568266e-03 4.484138020028223363e-03 1.232465492405718753e-02 8.450463609920412858e-03 7.275968516271358408e-04 1.677962920130544877e-02 1.534016641047313001e-02 6.639134851662450293e-03 -2.630170595451977473e-03 2.938999162953212854e-03 -1.018886850858456532e-02 -6.999448253285125640e-03 -2.645976114814479075e-03 -4.694915763623296566e-05 2.131446672051193290e-03 4.745375494375728143e-02 9.912797222779551852e-04 -9.244779705195620059e-04 4.330472314815570455e-03 2.505694559801584578e-03 -1.659136843965551382e-03 -4.990650430388936416e-03 1.081009268478651253e-02 7.055022644797270814e-02 -8.746222298965493098e-04 5.949923726226808915e-04 1.921307048049471222e-03 9.376434664099769431e-03 1.428941860297259841e-03 -8.682120032881468150e-03 8.383573623911614280e-04 5.962960854501648048e-04 4.344816324545120595e-02 5.954296569423082018e-03 4.693077668184233997e-03 8.530380097265306827e-02 -2.372766385162866556e-03 8.428063061991914601e-03 1.308957094812386937e-02 0.000000000000000000e+00 0.000000000000000000e+00 5.969641382983999905e-03 7.403137489033133171e-04 7.658731455062788018e-03 1.583090217836819608e-02 1.559635262973431066e-02 1.054483017381674034e-02 -3.756675617739491796e-02 -8.963863235641271118e-03 3.300021457220794416e-03 1.330196565472432837e-05 1.073785135110236905e-02 4.324297150757350564e-03 -1.413757920282420009e-03 1.612004270518641730e-02 -2.255730583089874189e-03 1.466685781144829066e-04 -6.701846866128075009e-02 -1.661058890968344220e-02 7.146697407023117066e-03 2.471157886590955900e-03 -1.736520878285744774e-03 -2.305811939832077238e-03 4.163961113211684696e-03 -1.449286806852367621e-03 -3.130653528039688098e-03 1.072559806965246026e-02 -6.886315863543390932e-04 6.752405568648729185e-04 4.440438549027685838e-02 -1.121610545800544312e-02 -1.421022760206391844e-02 -3.912506786682100053e-04 4.681916326772485315e-03 7.398944518930561029e-03 9.004406052927766942e-04 -3.261739114976771638e-03 -7.562119949150155132e-03 6.395223370832465656e-03 9.248346407688529808e-03 1.283294736774479028e-02 1.515842929514907983e-02 4.238458838813749865e-03 -1.595005094295252846e-03 4.894297798913517517e-03 4.728841829789283413e-03 2.917227401167527250e-03 3.211091152434634587e-04 3.674189728122685423e-03 1.131675776521671312e-02 3.697396672503966072e-03 1.743070467209201875e-03 2.044101046489324534e-03 -2.820722318538323222e-04 3.505340831338841102e-04 -3.736874093015437638e-03 2.999812070639570286e-03 2.086773508972325974e-04 6.519443258315995963e-03 6.863211424971181647e-03 6.406329168456962458e-03 6.655153149476004081e-03 6.438039160955835033e-03 -2.696197450126490338e-04 -3.254992923345148559e-03 8.701631030691318880e-03 3.047187636958827942e-03 -1.295772219066372404e-03 -4.341936811580463657e-03 9.718883202282247585e-03 1.413450002345436468e-03 -4.624793182442656775e-03 8.641401178166762537e-03 -1.798972633650915837e-03 6.836039512418209778e-03 1.943391460612216987e-02 -8.924486887939240068e-03 8.016331967175559930e-03 -3.743925652009697479e-03 -9.767213507981835699e-03 -1.355098182653475744e-02 2.210817689507476452e-02 -6.386199536180569084e-03
0.000000000000000000e+00 0.000000000000000000e+00 0.000000000000000000e+00 0.000000000000000000e+00 2.479100364085202735e-01 -1.665979492788341731e-01 3.006958982070913611e-01 -5.628250433858194429e-02 2.330616425112934653e+00 -3.549929876547409241e-02 1.275115943021544289e-02 8.450463609897689715e-03 6.094674894755507388e-01 -2.931973419200431183e-02 7.414656259692389284e-01 1.549961680136144110e-03 4.343025892511943181e-02 8.078320663659505768e-03 1.843529382862973270e-02 -1.175728365765454746e-02 8.665116219767437372e-03 1.430927656159763743e-02 -2.142764746589333885e-03 2.825610403092440256e-02 2.138737957751362551e+00 -2.682117082607600456e-02 -3.976972499764092582e-03 -2.021864141786257818e-04 2.121520648336818471e-01 -2.594740570724778095e-02 1.588212820799977335e-03 6.364718206523676744e-03 2.416786690932998916e+00 -3.431419891427313351e-02 1.476425901982347244e-01 -1.013388576419743670e-02 -5.064150433162794597e-03 5.604761912944273118e-04 9.820627380589877498e-03 -1.419558932670137580e-02 -1.575622438234278340e-03 2.794735774265436762e-02 3.513883016772249585e-03 1.024485687769965264e-02 2.363599336969109732e+00 -3.967124013327008591e-02 2.151349313985587500e-02 2.661645357398469136e-02 0.000000000000000000e+00 0.000000000000000000e+00 9.220172431352827158e-03 -1.136440594275717544e-02 -9.641316893136461091e-03 9.769628501668953593e-03 -8.341774359618112783e-03 -9.759146971756442468e-03 -1.654129744511158642e-02 -1.024724921162490547e-03 -2.592052759630296237e-03 2.166861160673572064e-03 -3.965239335277172261e-02 -6.386602987173941454e-03 1.159052580528191967e-03 1.669983426946869756e-02 -2.398612777039064656e-02 -1.502055867500168285e-02 6.514085938878810822e-02 -1.593175708454254089e-02 -1.301499484322140611e-02 -1.003290732737932914e-02 6.284693328504587732e-04 2.495458190881917355e-03 9.829234831468823541e-03 -5.495718580436411739e-03 3.276383513168143295e-03 1.925725175171758355e-02 -2.395983593994525408e-03 -5.920186791871786917e-03 -2.205683138628242168e-02 -2.433995893016657405e-02 3.653451453400158311e-02 -8.378932907822506798e-03 2.503924207572200242e-04 3.365266675584935221e-03 -9.771065212412355719e-03 -2.080193348194454145e-02 -1.564052509446680478e-02 7.981320720226078511e-03 2.962487135994841883e-03 2.129739543989295561e-02 7.649852054951077063e-03 1.092747983248359631e-02 1.589641720945434138e-03 1.192492561934988329e-02 -1.213922666031729859e-02 -9.888306810744557779e-03 9.664438216746287173e-04 -4.203480787047214617e-03 -1.090644900233703543e-02 -1.197335927555560550e-02 8.523960925515064457e-03 3.115446852614572274e-03 5.697591679592967952e-03 3.428136639450073651e-03 3.109831912464433839e-03 3.808587572276588094e-03 2.440315156287552537e-03 1.067357099551083377e-02 -5.097341266709302238e-03 -1.993186177128209585e-02 -3.543003662704920318e-03 1.204726860890896999e-02 -1.703964362098161003e-02 1.008717453654954174e-02 -6.275991713773437786e-03 1.720779734583764708e-02 -2.158167254874986812e-02 1.204248087235474350e-02 -7.362850815968709044e-03 -1.124180172325710443e-02 -8.831394588871466569e-03 1.056086439222812465e-02 1.600233611805021439e-02 -1.442325113806759533e-02 2.893291240696668418e-02 8.312336738007513205e-04 8.581895698819574231e-03 6.391296047091841147e-03 -1.033859659585084113e-02 -7.092765048841606981e-03 1.913484526551124248e-02 2.537748740044353749e-03
0.000000000000000000e+00 0.000000000000000000e+00 0.000000000000000000e+00 0.000000000000000000e+00 2.465967622076410334e-02 1.684479252747581035e-01 -1.707963147800574399e-02 1.614137848030193778e-01 -6.951101981438494171e-02 1.522561917124667374e-01 1.146043088232906893e-03 7.275968516227487252e-04 -2.931973419201073378e-02 1.508552552874057040e-01 -2.889450614507594467e-02 1.374500673705261466e-01 1.309423173544056610e-03 5.011124519910920352e-03 -3.898852840892952018e-03 5.347163587822814992e-03 -6.516023103583758018e-03 -1.345414319679521424e-03 -5.786136042564593877e-04 2.967473012967224502e-03 -9.957829681923728582e-02 1.464304153116068874e-01 2.669039627746766247e-03 1.737603865378966293e-03 -9.522148010234347468e-03 1.482754766303216454e-01 -1.296748773797965285e-03 1.293103415215665327e-03 -1.368349575383356054e-01 1.538511222729143646e-01 -5.723211365772437262e-03 1.384671880618137951e-01 -2.421152527946660547e-03 -3.451300590850088501e-03 1.676701798405050249e-03 9.734062400859416764e-03 -4.156334596061490340e-03 -4.614267970488965254e-02 -2.090971307292317088e-03 -2.863244594282937129e-03 -1.353650141775983862e-01 1.553039304453109892e-01 -8.053137808899633182e-03 -6.924562355400049225e-03 0.000000000000000000e+00 0.000000000000000000e+00 -6.071845629940402552e-04 7.469675513141213821e-03 8.082593891467666075e-03 -2.562996057346476637e-03 9.680097638225295884e-03 -3.128822870216616068e-03 -1.396409152522192984e-02 4.806968876046451532e-03 -4.303711575068126360e-04 -2.964329112870037891e-03 1.695949038096826456e-02 -1.772578796027627626e-03 -1.216261712874001531e-03 -7.008601361967401952e-03 3.754595012631833841e-03 7.898604565939363123e-03 -5.135772191876834120e-02 8.603923161582174156e-04 7.207053340682799403e-03 1.942029471318264429e-03 -1.923288827652762888e-04 -2.301892014516856294e-03 -4.189054798698294349e-03 -5.784035518299749561e-04 -2.431865262414995184e-03 -7.572410440242576674e-03 -7.173635312630492278e-04 2.266514707338192647e-03 1.165363584641104788e-02 5.948478019603217586e-03 -1.644405885368801015e-02 -1.050165209434346207e-03 3.303132148835454234e-03 -5.709365790494095195e-04 6.136418008850763259e-03 -1.899810406458597289e-03 -1.125314892177488226e-03 1.412434029814143297e-03 -4.634466921371704906e-03 -3.644973925809100526e-03 -1.496371700423953892e-02 8.721170722783997352e-05 1.557271892395697315e-03 -1.399833800553217534e-03 7.119598094852618367e-03 4.498346735217478983e-04 2.920723335859585980e-04 3.855697424099554464e-04 9.076393681082499734e-03 2.991565575599146754e-03 -8.972917577095946510e-04 -5.517289529842382516e-03 -8.360410860909814985e-04 -2.775216073351894491e-03 2.974437431164575311e-03 -4.026847667957212176e-03 1.114643455576575231e-05 -7.908699811577730304e-03 5.890584663220747343e-03 8.326819566986344220e-03 -9.310069835960501586e-04 -1.464882994756702174e-02 1.738170916525284522e-03 -7.865074140377507905e-03 -7.153512709159834046e-03 -1.141779810633576295e-02 6.198923940319214267e-03 -1.015504585635680114e-02 4.680295728591921285e-03 1.698642706125925083e-03 7.329925180791501717e-03 -4.400314851848169916e-03 -1.214846660777240892e-02 4.360521605462470973e-03 -2.881244592529927373e-02 -5.128249107015645999e-03 -1.710650820622029028e-02 -5.688338905628795295e-03 8.553118051637142658e-03 4.643873398989574637e-03 -1.778909169021478803e-02 -4.206408010163107357e-03
0.000000000000000000e+00 0.000000000000000000e+00 0.000000000000000000e+00 0.000000000000000000e+00 3.065004324729230234e-01 -1.948367283608925249e-01 3.780474224543629025e-01 -6.180955129699696599e-02 2.852758010635042751e+00 -3.661335159056382932e-02 2.164422981536450255e-02 1.677962920126040494e-02 7.414656259690768358e-01 -2.889450614499521411e-02 9.707405282973581295e-01 2.177607294238023336e-02 4.341507710824845517e-02 3.505404773341239729e-03 -5.964725022337189972e-03 -2.179468160755957881e-02 -2.599938363249419335e-02 2.013334534555586558e-02 -2.876995357222120533e-02 3.597522640995383381e-02 2.630782258318216549e+00 -2.158140873617968997e-02 -5.588753611613871651e-03 -2.876839645527163800e-03 2.596069556832639735e-01 -2.723874600196854803e-02 -3.219742043928982243e-03 1.735110081021376191e-02 2.990992008184895745e+00 -3.369021807604859892e-02 1.803156500826660902e-01 3.805161431714640212e-03 -3.543888165938230417e-03 -4.973394939641016810e-03 2.903344580634963264e-03 -2.233694899297332739e-02 -6.609628344240952788e-03 8.648914548749386810e-02 1.441996985241191138e-02 -5.583988023298831413e-03 2.931638144466680806e+00 -4.102198034825805389e-02 3.099251817259842182e-02 4.005530661421720373e-02 0.000000000000000000e+00 0.000000000000000000e+00 2.027737385448679513e-02 -1.195549018915521497e-02 7.993157908608794840e-03 1.288124457754803373e-02 1.843071565814502835e-02 -1.219098508522211376e-03 -6.881628876848670806e-02 -7.547722562688095535e-03 2.662902777197636087e-03 1.994286492685343973e-03 -1.140604645946265497e-02 -3.307630571557593126e-03 -4.693859397966215416e-03 2.201600726980085243e-02 -3.460324405945889442e-02 -1.289458977713444157e-02 -3.115869318642508490e-01 -2.681868825049629756e-02 -1.188195199069012973e-03 -1.045712471310486849e-02 -2.473418140795123621e-03 -1.157382041728750215e-03 1.972489815617416847e-02 -8.061288726070125685e-03 -6.156088160963373371e-03 2.295782189287162364e-02 -6.716493110310675987e-03 -5.297392333091796926e-03 1.313877119939646232e-01 -3.234374687046579627e-02 6.122769088636960746e-03 -1.103113406415489640e-02 9.723538908058822899e-03 8.834550999432392790e-03 -3.383344699403246190e-03 -3.145834743333833505e-02 -2.801220124110765167e-02 1.877052011164822773e-02 8.903301058577539270e-03 4.510912724468062185e-02 8.927014930415495125e-03 1.731331587963994348e-02 7.183162205189055731e-03 1.961998828627610839e-02 1.974162140462392377e-04 -7.257379598266880047e-03 1.749968126061077125e-03 -3.837384136249852654e-03 1.556140154593389086e-02 -7.229339501789989325e-03 1.495237066639144331e-02 1.567333058720239139e-03 1.125180452676361256e-02 2.019477757489694658e-03 2.760180900845903181e-03 1.223400548529025508e-03 5.536045039827765073e-03 2.271723065325741489e-02 1.543538271094290447e-02 -1.126043567792761602e-02 3.058851076620347238e-03 1.166999528725996479e-02 -2.975506009695407308e-02 2.028132138107656586e-03 -1.011329844285646434e-03 1.178799928299203992e-02 -4.519490140240823434e-02 3.082423220694660831e-03 1.105021987611556553e-02 -8.796660118738468259e-03 -1.397233071692106747e-02 1.752882784655156873e-02 -2.711839144556302435e-03 -9.186230775696909573e-03 7.257887479141718681e-03 -1.193573417066984971e-02 -2.465986553963840644e-02 2.740797693386950833e-03 -1.881938471728953309e-03 -1.983687407686874488e-02 9.661988067182485096e-03 -5.717605232147035706e-03
0.000000000000000000e+00 0.000000000000000000e+00 0.000000000000000000e+00 0.000000000000000000e+00 4.683799076277340989e-02 1.537361946971936566e-01 2.953929355424076992e-03 1.501497599576633590e-01 7.579552124671018465e-02 1.366340349810082622e-01 5.505271517827109266e-03 1.534016641045938406e-02 1.549961680223247177e-03 1.374500673705685849e-01 2.177607294250949455e-02 2.025334726296401378e-01 3.690889152658846650e-02 -2.058553606619185558e-02 1.123727296820341455e-02 -6.274343787300669384e-02 -4.572055010260733104e-02 -1.839925849258033236e-02 9.366047903619396930e-03 -2.609769168191143976e-02 9.069517033022428398e-02 1.399976799941360928e-01 -1.183766755262114466e-02 -2.183833460107050591e-03 5.007497745088371720e-03 1.261443165319768023e-01 -1.637423547336231289e-03 3.037316645023870054e-02 8.303738286670139801e-02 1.399499784992536411e-01 -8.395013158664461558e-03 1.371244457673301831e-01 3.740634823370263262e-02 -3.292768590597830902e-04 -5.282425217623003266e-02 1.188898110913445827e-02 -2.749581465799293307e-03 8.153533582553319781e-02 3.677210741119452120e-02 3.614412335712980512e-02 1.333825285174350117e-01 1.376312218390083608e-01 2.131621517925439205e-02 2.103383140116397293e-02 0.000000000000000000e+00 0.000000000000000000e+00 4.259731911220687554e-03 6.334489523881194073e-03 3.160251249704781190e-02 7.381692661508882855e-03 5.630554339076707798e-02 2.320770524923818079e-02 -9.974118319694130763e-02 -1.839355795726336715e-02 1.101580944924771335e-02 -1.186528519742027690e-03 6.732853715484454771e-02 9.095436353037762364e-03 -1.054687752119267893e-02 1.296629129794473617e-02 4.356887819163176787e-03 1.494620954476559571e-02 -6.796346147836622720e-01 -3.057530012924543003e-02 3.144642223189283992e-02 1.119040122572526053e-02 -7.828533378693724315e-03 -1.952065387192492354e-02 1.246719500219818991e-02 -8.191182585234570851e-03 -1.869430154968952651e-02 -3.511511287093900882e-03 -1.975075085024289440e-03 8.282839502730600378e-03 2.997119614902870599e-01 -8.717497093829112281e-03 -7.771659110867630560e-02 -9.948144222807400044e-04 1.501408389309667746e-02 1.197826501655335600e-02 1.507264965259570363e-02 -1.463348299560774876e-02 -2.562421216423045947e-02 1.592150384615891381e-02 1.232145949955707614e-02 4.850422929124902083e-02 -2.469809551285076510e-03 1.341900260215450960e-02 1.423072058220670698e-02 8.194148788616141196e-03 2.849824121117570247e-02 7.280467590951138386e-03 -9.659353579894537417e-04 2.482807096821028695e-03 5.136485946659787027e-02 1.861157234465874236e-02 3.113192813929435438e-03 -9.587402543154387863e-03 1.617994992044963958e-03 -6.512477989266915804e-03 -1.169424702046953628e-04 -7.605224762984008277e-03 1.561514238646627157e-03 2.250190936038606870e-03 3.346224889741535036e-02 3.292459768254989150e-02 2.116268244708888885e-02 -1.204794884676382155e-02 -5.828504222346894345e-03 -2.500525973517561326e-02 8.965992540892463517e-03 -2.014380992654874608e-02 -6.197826531052800722e-03 -3.148445824968795076e-02 3.913416992261269794e-02 7.492201019158386231e-03 -9.473459274558327509e-03 9.688010880006736256e-03 -2.643927086452424816e-02 2.005671396713474761e-02 1.354428233161361628e-02 -2.916213184048101204e-02 -1.068561072710811841e-02 -1.323571320997723663e-02 -3.983716274572442900e-03 -3.430313835954820756e-02 3.319750746697389121e-02 -2.134207520472747310e-02
0.000000000000000000e+00 0.000000000000000000e+00 0.000000000000000000e+00 0.000000000000000000e+00 2.625880956671197697e-02 -4.283488445357042269e-03 2.231665735498937139e-02 2.101214618243999084e-03 1.855921585228466064e-01 -1.334076280751364226e-03 5.703511991914156365e-03 6.639134851676057464e-03 4.343025892523796200e-02 1.309423173524086473e-03 4.341507710847266471e-02 3.690889152661784578e-02 4.613584745733357445e-02 -2.350787448688232417e-03 8.476384982565676393e-03 -3.141814695707674521e-02 -1.464194060012712247e-02 -2.663687962504308546e-03 1.406848632209146098e-02 3.453149269683256604e-03 2.109093951884266627e-01 3.647955679146420126e-03 -7.167609703107794342e-03 -6.028389174943308421e-03 1.628951668460857857e-02 -5.176788140243370612e-03 -4.232163093457917344e-03 1.601977591470542250e-02 2.341292865997597061e-01 -1.256259018354233519e-03 5.900045664954113069e-03 2.252830610847646382e-04 2.417951221935706399e-02 3.211565728215082845e-03 -2.178206889036264984e-02 1.573589080608483884e-03 -8.709021892404922045e-04 4.596781330670338117e-02 1.872053021018933033e-02 2.944554721995028268e-02 2.609221541341719131e-01 -3.853179088453684027e-03 1.712723225315266468e-02 1.538362557499455864e-02 0.000000000000000000e+00 0.000000000000000000e+00 9.766121405945433522e-04 -1.469594232127537526e-03 2.176441926598167431e-02 -3.025345333049503371e-03 3.644836604146497322e-02 1.472060189659138429e-02 -6.057090238578621832e-02 -1.169853983067328101e-02 7.463675965783197683e-03 9.398000381652966279e-04 4.764805924913273483e-02 6.544346889151382227e-03 -8.247172216976824191e-03 -1.937010315482278616e-03 9.933848868510092300e-04 9.333915882287768806e-03 -5.604787403027986503e-01 -1.003590675304841424e-02 1.954030338725634003e-02 7.790440316015908792e-03 -4.673781333865980117e-03 -1.408529804678829676e-02 1.098046525062983982e-02 -4.981006723302242381e-03 -1.409394539802481805e-02 -7.918874788953067165e-03 -1.809974152386493399e-03 5.809650839734776043e-03 2.437025421654095136e-01 -1.314557715607474588e-03 -5.421122990030197847e-02 -1.327845105552332306e-04 9.138997133811884582e-03 5.683240056884459809e-03 9.926516066266155569e-03 -6.866433343311336736e-03 -1.501164140496270318e-02 6.929101644414384711e-03 8.476790808116630577e-03 3.107730531537030924e-02 3.187585530027492106e-04 5.863971661533204892e-03 9.673120206683040803e-03 2.437192838491933355e-03 1.988763634210296768e-02 4.276628139606269453e-03 -1.158035924852039971e-03 -1.132745004846295346e-03 3.503364158095037539e-02 1.146271931294618948e-02 2.284700124035560220e-03 -4.291286246038207228e-03 1.256739766457617632e-03 -3.801979512586642872e-03 -1.699392879293033223e-03 -4.271685004484255740e-03 9.371895412937420898e-04 5.961418467344596628e-03 2.415238885477913322e-02 1.975235460971858786e-02 1.438315206831184204e-02 -3.270377437435511951e-03 -6.129041796237741542e-03 -1.517249755746808565e-02 9.588247150699790583e-03 -1.111256487894058884e-02 -1.218503479022517259e-02 -1.862852496492763479e-02 2.716964860054151693e-02 4.814636062516984387e-03 -8.952196483931961282e-03 6.036544590675161151e-03 -1.789172419255243354e-02 1.051508837848495227e-02 1.120301077729838127e-02 -1.643003788125781128e-02 -8.143260895632232696e-03 -5.500263282822022773e-03 -7.490929387039147597e-04 -2.316990468538181885e-02 2.112742958151883621e-02 -1.196763262053784915e-02
0.000000000000000000e+00 0.000000000000000000e+00 0.000000000000000000e+00 0.000000000000000000e+00 1.717109134497425867e-03 1.582174414355074984e-03 5.197164191815614384e-03 3.572593067579164479e-04 2.818712351955781487e-02 6.079530243359755615e-03 -4.149012771545806076e-04 -2.630170595449864146e-03 8.078320663668380613e-03 5.011124519891535685e-03 3.505404773332328888e-03 -2.058553606621070509e-02 -2.350787448671240367e-03 3.831834382667357458e-02 -4.004191148180305526e-03 2.293677946962574196e-02 1.767628519637608545e-02 1.248141951355280499e-02 3.943643738131132753e-03 3.407888227805531273e-02 1.380545729543478095e-02 5.076043613116205944e-03 1.917830272395861435e-03 4.601113847143252565e-04 2.594054944094414342e-03 6.697983288989062950e-03 5.098939983323386507e-04 -4.508788368653164971e-03 1.813951782188648332e-02 6.309312376164385311e-03 4.689536383882815518e-03 -3.381048577747665027e-03 -1.702127471660172184e-03 9.721790135200698846e-03 1.678792075900790992e-02 4.125043588958466310e-03 5.483383184461872737e-04 -5.681508641722438774e-02 -1.392271363756331093e-02 -2.110545795500354087e-03 1.057775538269294102e-02 6.766368469692390052e-03 -3.638618550947895960e-03 -4.586535561744803542e-03 0.000000000000000000e+00 0.000000000000000000e+00 -2.512227167941084340e-03 -5.599269353954800183e-04 -1.640410863834450934e-03 -3.122783325825591837e-03 -5.322556723804196255e-03 -1.645644166511236366e-03 1.441992305147239695e-02 2.982222482007283564e-03 -1.314467888029256402e-03 -2.827745699367401636e-05 -1.701536795228085876e-03 -1.152417877153148545e-04 2.639581673074065452e-04 -3.297117668535139157e-03 -1.981936565094030928e-04 1.756802965170299602e-03 1.314661974513188503e-02 3.683835170671612581e-03 -3.009247275285783368e-03 6.521134536923278019e-04 1.498047436733891419e-03 1.527844954181636905e-03 -1.215713950761490364e-03 1.231133560930412719e-03 8.283974788205385881e-04 -4.558275050378504732e-04 6.235609467456942109e-04 3.111962095869241708e-04 -1.386318238001071727e-02 2.425591847690033564e-03 2.844757527588131010e-03 1.311684006650107575e-03 -1.545108437224122907e-03 -2.087952639707670640e-03 3.447873470864278945e-04 3.120134137811565213e-03 2.315462303154076397e-03 -2.120557133033580156e-03 -4.485081848443449315e-03 -7.073493551414684020e-03 -6.877017479474095869e-03 -2.191230908396151877e-03 -1.629535856053479287e-03 -2.343867618103363543e-03 -9.644908415341031747e-04 6.661121740420952514e-04 -1.442600829816167540e-04 -2.530109846748125179e-04 -3.069829117914796464e-03 3.152849010954024899e-04 -9.989478505371019324e-04 -6.962724049628315559e-04 2.811861488552429116e-04 -6.814840784435644656e-04 1.180430569739266073e-03 -1.359591083608252537e-03 6.023765031575652618e-06 -1.701060350823444195e-03 -1.717930169936955241e-03 -6.310152232943626706e-04 -1.236667449270302055e-03 -2.645009873424434155e-03 3.913912503574510727e-04 1.661995063490218603e-04 -3.066306977895407859e-03 -2.198102974750120418e-03 -9.091208614050796683e-04 1.245995807370079821e-03 -2.839358488127990444e-03 1.026877056760843680e-03 2.025409763084340224e-03 -2.978755446510396830e-03 8.149537255146328970e-05 -1.579536119362916994e-03 -7.408111990299000998e-03 4.508692364190568236e-03 -9.083524142159068743e-04 2.433007675084109325e-03 5.163434814113070960e-03 6.975014507577026283e-03 -8.167550865774777374e-03 3.195217605824811086e-03
0.000000000000000000e+00 0.000000000000000000e+00 0.000000000000000000e+00 0.000000000000000000e+00 8.305449080085125502e-03 -6.561792337484982120e-03 1.807079555627758493e-03 -7.727681835009298818e-03 7.269585000085489190e-02 -2.931537353469531107e-03 -1.877377328143661935e-03 2.938999162960589766e-03 1.843529382865482028e-02 -3.898852840905682286e-03 -5.964725022286687835e-03 1.123727296823074338e-02 8.476384982592184703e-03 -4.004191148181299523e-03 3.337814651580955916e-02 -1.370056130345762881e-02 1.001470629543542087e-02 -6.005320249106875508e-03 1.268030544652906308e-02 -1.385715706779241940e-02 6.421557299223172588e-02 -2.585131434282252148e-03 -3.428784150502431523e-03 3.927475560992807480e-03 7.250705633704357736e-03 -3.747060995616245237e-03 2.649728784034691836e-03 4.022325672984057576e-03 7.161903412521317125e-02 -2.069829258271944222e-03 7.953018298225896518e-04 -1.176840500279871093e-03 1.457486425131725855e-02 4.920181945776716526e-03 -2.062990381743123880e-02 3.865060786339448440e-03 2.881005623828337362e-03 2.988113999090197953e-02 7.334921023522672848e-03 1.147611081521252539e-02 7.870441976427386410e-02 -2.541957468672063469e-03 3.976992874559140759e-03 4.551040277871900089e-03 0.000000000000000000e+00 0.000000000000000000e+00 -2.178375993228042970e-04 3.302307904560177398e-04 -4.670032497345513040e-03 7.390893063753125117e-03 -3.920000031880387960e-03 1.724765470969677114e-04 -1.160496175261203564e-03 -3.060674133511472918e-03 -6.264830126253406045e-04 1.329167749666494269e-03 -1.220265654859506443e-02 -5.118261370068836504e-04 1.888881807178042094e-03 8.212590495383831693e-03 2.437944360655183284e-03 -3.018934585283299284e-03 1.232375325485865758e-01 -6.811066369757216334e-03 -2.252679418634837786e-03 -6.327938252736198255e-04 -4.097249597032585227e-04 -1.327044853012416658e-04 -7.000900829342845489e-04 -5.008127185302864871e-04 2.733671070042438013e-03 5.833655702412016662e-03 2.441294820792719485e-03 -9.602096235097887841e-04 -3.508427412704599041e-02 -5.872214597487841053e-03 1.156026485382107526e-02 -7.965165494480594671e-04 -8.573142549739911104e-04 1.871975526197704014e-03 -3.802146882739784219e-03 -2.273708844776344516e-03 -9.698020726175008484e-04 1.870073872595273256e-03 3.499918918246957070e-03 3.317233518649778667e-03 9.807946637503310236e-03 3.510392040752503134e-03 -2.607213159021771164e-03 3.171735678984918816e-03 -4.758812336458827230e-03 -1.498062951530136676e-03 1.041189111732844963e-04 2.399260195308671427e-03 -7.058453147276870510e-03 -2.187623956925198454e-03 -7.943237170701862061e-04 1.886511537188984705e-03 -1.805721590912213407e-03 1.054623552393755496e-03 -1.853125227751486678e-03 4.004658806126206935e-03 -9.143255672196936440e-04 -5.130705657696043621e-04 -5.886071737085985661e-03 -3.207814823011332500e-03 1.688412576749905893e-04 4.675235156650052980e-03 1.931897314935249231e-03 2.693660266071495196e-03 2.423700200611806667e-03 7.420897143361825966e-03 6.277900432159041512e-03 2.822141208861798315e-03 -3.674556237275980811e-03 -2.925377141401487580e-03 -2.000573110055571709e-03 3.480092656442047589e-03 9.747598642987726977e-03 -2.596528251902493296e-04 2.544024612458472417e-02 -3.807481166439581448e-04 1.917831773979779969e-02 -4.546721677939694062e-04 -1.065820087176016194e-02 -5.402138241380496225e-03 1.972671569347008921e-02 -8.099129415999960875e-04
0.000000000000000000e+00 0.000000000000000000e+00 0.000000000000000000e+00 0.000000000000000000e+00 -1.348645810366246728e-02 4.864875457004681769e-03 -5.881827763300118486e-03 1.553831020519979254e-03 -7.267614982832355797e-02 7.440842530630923345e-03 -1.699203196471775956e-03 -1.018886850857986942e-02 -1.175728365773678029e-02 5.347163587812832526e-03 -2.179468160772865190e-02 -6.274343787301561726e-02 -3.141814695704734511e-02 2.293677946961999309e-02 -1.370056130342862770e-02 6.582617829383080599e-02 3.466626984598691896e-02 1.513163855025454266e-02 -1.000808811283503130e-02 2.364322998220419123e-02 -1.169645708604816203e-01 6.863047662276038205e-04 1.471066906562961026e-02 4.935142755885956259e-03 -7.351958505455867716e-03 1.345993068742525056e-02 -5.818847058005743042e-04 -2.353599087941241411e-02 -1.271786439607905106e-01 6.660107945165537162e-03 4.921584558839154321e-03 -4.816446840368320990e-04 -3.012700774208564025e-02 -5.219352279225289611e-03 4.429406489264216262e-02 -5.744056183321328592e-03 -1.209870848025261167e-03 -1.081246865316494860e-01 -3.306681029427106788e-02 -3.808310454548882729e-02 -1.719519484730977488e-01 9.612274205586308906e-03 -2.605223154040947620e-02 -2.268453626833391579e-02 0.000000000000000000e+00 0.000000000000000000e+00 -3.004564587327304345e-03 1.905171500756260450e-03 -1.855462826995520065e-02 -1.961594789528173840e-03 -3.724545028736445107e-02 -2.008420136220268395e-02 6.509967170003864989e-02 1.902082034831474242e-02 -9.310079697897041123e-03 -1.872728489364025150e-03 -4.176862158971512279e-02 -7.569891722557814395e-03 8.331644922524274882e-03 -1.191238979767634057e-02 -9.766341084019268537e-04 -6.534844631565376975e-03 5.776037929656225867e-01 2.382177955131242406e-02 -1.983770209629702810e-02 -7.030862379656095326e-03 7.289127275911743385e-03 1.614762580623199661e-02 -1.501639138271913115e-02 6.792151408312932688e-03 1.423618163358234164e-02 1.764959118913739071e-03 1.360005327474384700e-03 -5.400679039132395484e-03 -2.594482609086889990e-01 9.436735637462495899e-03 5.090342169354778595e-02 3.506504032575053897e-04 -9.310564633294647965e-03 -8.427294978528015665e-03 -7.882123398367314390e-03 1.229638598796842230e-02 2.086431592875016491e-02 -1.159039509119693355e-02 -1.164902335160285761e-02 -4.547582131007177342e-02 -4.096125766856288479e-03 -1.192415444857609225e-02 -1.360028019161043863e-02 -7.005871581910156666e-03 -1.780022405444427885e-02 -4.230997347193518957e-03 1.560948408804021387e-03 -1.034168292192287099e-03 -3.474669122441292890e-02 -1.247449827200865745e-02 -2.677440595850312782e-03 4.795049403999015677e-03 -2.328552204127256123e-03 3.710709301033521430e-03 1.469805933185383594e-03 5.224026314746618195e-03 -1.320206126780971555e-03 -6.130860487150068677e-03 -2.312055999644142823e-02 -1.965152578840041048e-02 -1.845286588100640210e-02 -6.333265071465183846e-04 7.663499535695067130e-03 1.524065161980287485e-02 -1.199133021157209114e-02 1.024707729972379813e-02 1.162800668799690573e-02 1.894796101559543047e-02 -2.878713917815119150e-02 -3.500691813888625551e-03 1.525783007949728723e-02 -1.093395405346297283e-02 1.259238365004752315e-02 -1.081621021644864344e-02 -3.232307052313811851e-02 1.920115232555309054e-02 -1.858223772037809543e-03 4.954324110563133703e-03 6.698889666003283311e-03 3.250556096167098868e-02 -3.957294651519914497e-02 1.371247019678908940e-02
0.000000000000000000e+00 0.000000000000000000e+00 0.000000000000000000e+00 0.000000000000000000e+00 -3.704326807371596201e-03 -1.159062543270228396e-02 -1.553259174231943953e-03 -1.161194974238697469e-02 1.271208642254616564e-02 -4.369511966471367748e-03 -2.677943398928025066e-03 -6.999448253268023001e-03 8.665116219770013437e-03 -6.516023103638877122e-03 -2.599938363252699697e-02 -4.572055010261009272e-02 -1.464194060006959557e-02 1.767628519636734591e-02 1.001470629545677532e-02 3.466626984595822664e-02 5.088403390616420136e-02 1.810881244162770810e-03 7.536093828345341757e-03 1.031575683381630998e-02 -2.814956779861187142e-02 -9.442829141523115949e-03 9.942693762040830455e-03 4.712892701951095983e-03 4.395082235289820205e-04 -5.821681363608674628e-04 3.560386285045329048e-04 -1.562280969854598980e-02 -3.136241740396736311e-02 -4.545371735501635597e-03 7.848398155708083065e-03 -1.095350140861610019e-02 -1.886332897090418209e-02 4.165632891123260961e-03 3.166890636928534897e-02 1.804076840210647962e-03 8.333059913301995745e-04 -1.165783432306598533e-01 -2.573123883335731027e-02 -1.122227707220027626e-02 -6.173392946835083717e-02 -2.765819130077356094e-03 -1.778637268471574065e-02 -1.547366312431676036e-02 0.000000000000000000e+00 0.000000000000000000e+00 -5.019204496600787602e-03 8.736310216049852006e-04 -1.385269331488936384e-02 1.807483011061347504e-03 -2.742539719432421363e-02 -1.292226772735060453e-02 4.702823592914012057e-02 1.243563233598571870e-02 -6.903663874375957910e-03 -1.481270276523085488e-03 -3.062271427696849208e-02 -4.604793187126704143e-03 6.537963649845911392e-03 -3.646582639485171622e-03 3.170647137335517486e-03 -5.161351522103295279e-03 4.547394692330443133e-01 1.328835170420062696e-02 -1.451162789989200556e-02 -2.975003719533334326e-03 5.849551617271908643e-03 1.002992127180186641e-02 -1.156080526218080003e-02 4.803142146839031214e-03 1.084850910692737071e-02 3.427864016912907791e-03 2.780164246000955616e-03 -3.371083872308244279e-03 -1.976013090287369323e-01 4.898215433930318795e-03 3.624959645788475987e-02 1.069732193300524346e-03 -7.656855932655445666e-03 -5.114953670625144166e-03 -6.093769420914395968e-03 1.171377267766087089e-02 1.653420885072476310e-02 -1.072550386615111519e-02 -7.334399732117267111e-03 -3.486787607614515172e-02 7.971533931859283578e-04 -9.644461382956399237e-03 -1.135226153301445440e-02 -7.490690986705602142e-03 -1.320504667922084083e-02 -2.542092493378416383e-03 7.982065439189701744e-04 -5.466839671742795316e-04 -2.631351964258459367e-02 -8.803720464332538687e-03 -2.961428347341862194e-03 4.532769708329132188e-03 -2.994884862185713623e-03 3.185476906337719304e-03 -2.291103647289519357e-04 5.336698363545277178e-03 -1.707074576883058515e-03 -4.409010451973081890e-03 -1.875571489866871902e-02 -1.406459538114955207e-02 -1.173195101443453431e-02 1.068524323152068205e-03 8.853731893327101629e-03 1.199757436751613081e-02 -6.579657438695952869e-03 9.830485617385113437e-03 1.408857009245907330e-02 1.439638378502378427e-02 -2.123611156546195353e-02 -2.048364436622403164e-03 1.081603891537021890e-02 -7.484077302753113815e-03 1.304087433888342050e-02 -6.348712591857224100e-03 -8.543543282898429306e-03 1.422388753904236733e-02 1.218920148573415102e-02 2.676013885130764779e-03 -6.741283292273238638e-04 2.132243856641435897e-02 -1.506693936733017637e-02 9.469232902572679092e-03
0.000000000000000000e+00 0.000000000000000000e+00 0.000000000000000000e+00 0.000000000000000000e+00 7.328920695485069761e-03 -3.024066170723138918e-03 1.105072543221941907e-02 -1.149585063663845306e-03 5.103254373054406934e-02 -3.084217002319949563e-03 2.608120761037841049e-03 -2.645976114806887491e-03 1.430927656161288912e-02 -1.345414319700488810e-03 2.013334534557377833e-02 -1.839925849258643165e-02 -2.663687962492207115e-03 1.248141951354559201e-02 -6.005320249096338797e-03 1.513163855024428350e-02 1.810881244159061538e-03 2.812481272065857005e-02 -2.204417979889082817e-03 2.049551758389074954e-02 5.785026673559424265e-02 -2.652143983754914804e-03 1.218950464006309615e-03 -3.717446309048538181e-03 4.115577910118920803e-03 -2.377531280276720671e-03 -3.380313839823721658e-03 -2.266445328037903009e-03 6.385542007968657285e-02 -4.447847647952503716e-03 7.003637706546646767e-03 -5.605357769468534944e-03 -1.510025245795383782e-02 1.609076888080632987e-03 1.650530158512335255e-02 -3.104976192113936481e-03 7.836538281045582737e-04 3.664822639173230534e-02 -6.568554688547434232e-03 -2.826185092266524004e-03 5.832059223733184611e-02 -4.529787410335811733e-03 -7.117474363677645010e-04 -1.412526983711288094e-03 0.000000000000000000e+00 0.000000000000000000e+00 2.465535879492936305e-04 -2.159780071914311345e-03 4.676710009844251871e-03 -9.837265366350234422e-03 3.800605953338454489e-03 -2.498740808333782450e-03 -6.357040501197156260e-04 2.612883623613992349e-03 3.262224359237967156e-04 -3.464389712524238026e-05 9.840892755373906176e-03 -1.423128695806753644e-03 -1.725833892454877111e-03 -1.245699246926846443e-02 -7.714617651636732857e-04 2.231683508451479201e-03 -1.256599677995501319e-01 9.680284862484282715e-03 2.089140719906787142e-03 -1.333319030117651773e-03 -2.789215064198456826e-04 -1.055351619930749042e-04 1.480842612747296488e-03 1.171999287191660113e-05 -2.678672507778061783e-03 -7.958584340045366315e-03 -1.506082619605372385e-03 3.797204871592623149e-04 4.594436696664268294e-02 6.188198233820714315e-03 -9.074372214905814318e-03 -9.584253172605738773e-04 1.375802321653321137e-03 -2.736273690850691762e-03 2.956654535609055771e-03 -1.186537638346304730e-03 6.935395218564525434e-04 -2.742884695418691720e-04 -2.250002173379636247e-03 -6.806799270382582305e-05 -7.500306081793245774e-03 -6.817203396945806498e-04 1.566403689451982550e-03 -2.434151063942726831e-03 4.038865933049717340e-03 -1.269572224010229048e-03 -4.328937555749416471e-04 -2.311984336251722214e-03 5.576923726004755569e-03 2.234383986232383245e-04 4.333105786903872865e-04 -1.393254473439260472e-03 4.025967991213172609e-04 -1.477498811495151290e-03 -2.706854344521979054e-04 -2.049788833146400265e-03 -4.659396612603976473e-05 9.452829013162947994e-04 5.666780936094154182e-03 1.716148808084686211e-03 -9.031144907056486409e-04 -2.462328892524509767e-03 -2.708000310377603730e-03 -3.316143654935090231e-03 9.872463120177709956e-04 -5.012145408189831730e-03 -8.240219036193567256e-03 -3.544782762558082011e-03 3.718412026068388700e-03 2.442473679612604546e-06 3.894307164526927085e-04 -1.801895974289451823e-03 -7.577880504078963846e-03 -1.755879294574459563e-03 -1.722008550176194752e-02 -3.443433972739284280e-04 -1.579968082620269998e-02 1.113264547237659361e-03 8.472355134961339837e-03 1.020679554695638844e-03 -1.415123736348821576e-02 -8.164107604237934301e-05
0.000000000000000000e+00 0.000000000000000000e+00 0.000000000000000000e+00 0.000000000000000000e+00 8.592122887581096942e-04 -5.051023083974009358e-05 -1.911250417959665113e-03 1.060575900222207775e-03 -4.772776237964785305e-03 -1.279904219154410442e-03 -3.746341851273868274e-04 -4.694915762128723871e-05 -2.142764746518120884e-03 -5.786136042839120372e-04 -2.876995357210724788e-02 9.366047903651917791e-03 1.406848632212565932e-02 3.943643738120309813e-03 1.268030544652865542e-02 -1.000808811287614598e-02 7.536093828307291465e-03 -2.204417979894418827e-03 2.124854020060317622e-02 -2.468311810232049364e-03 1.025801193944033719e-02 -5.293742925174217337e-04 -3.436175858567087297e-03 -1.769209795149315418e-03 -7.053681068441057739e-04 -2.744160200705706223e-03 -1.421040169182557979e-04 2.960810343176649342e-03 4.028865101346952929e-03 -1.610912796338814703e-03 -3.728544481569950018e-03 -5.439587295011413803e-03 1.359581989103705521e-02 5.926766026397682630e-03 -9.833875310195567751e-03 4.297855602890457774e-03 2.345606783593716469e-03 2.959602285409522818e-04 6.700339436331258051e-03 2.085658046801803708e-02 1.380860868610668882e-02 -2.109836795816722333e-03 4.816056298149232716e-03 2.632517678908305892e-03 0.000000000000000000e+00 0.000000000000000000e+00 -2.192024136467487800e-03 -1.805990985866862478e-03 2.429990365243937887e-03 -4.622212515319516768e-03 5.359543299273245541e-03 1.452203853135479146e-03 -6.384656023031385665e-03 -2.342279473466962747e-03 1.246843721098496753e-03 9.014438678436556985e-04 8.037004788030956831e-03 5.388984629465296385e-04 -1.482019324153486823e-03 -4.214237364424971120e-03 3.899977111578319718e-03 3.223857884281480617e-03 -1.151030746606989535e-01 -4.288551844216666989e-04 3.649511457631656776e-03 1.596689543967809042e-03 -1.190822383833416457e-03 -4.934436574285633315e-03 1.704824975392607144e-03 -1.045767500238321433e-03 -2.627280740622351708e-03 -5.318257102105245979e-03 7.562702384058641366e-04 2.318156603766688157e-03 5.250687967723594723e-02 1.667691484799356917e-03 -9.885793641005231891e-03 4.752401839586129200e-05 8.702178071771845278e-04 -1.940976066328098035e-04 1.662244539351292582e-03 -2.116721694062711611e-03 -2.945572004549070356e-03 7.711428419676116764e-04 8.930544879298791226e-04 8.155904756401426148e-03 -2.153422815864289644e-03 1.428762012227483653e-03 3.974123425017805217e-03 3.510545509926067415e-04 3.536459687171374100e-03 -2.179901043668973316e-04 -5.942482518197766397e-04 -6.370036711557504686e-04 5.057364836739677502e-03 2.214706523506156273e-03 -9.516581487960893565e-04 -1.785852404341229651e-03 -7.786884156793499184e-04 -1.239100563450734995e-03 9.981504260911974302e-05 -1.994290375715217743e-03 -2.033720177245229978e-04 -1.871754372585514303e-03 3.173528042059899079e-03 3.846247911588670555e-03 3.646586029247397311e-03 -1.669768610641447857e-03 -2.227772209702305693e-04 -3.627420438784235198e-03 1.449707130919526904e-03 -3.541948127629089213e-03 3.359215917163780284e-04 -4.611707442302966434e-03 4.716268981958770395e-03 -8.026560052448275290e-05 -2.648179271335480197e-03 5.906230443747956943e-04 -8.570337056822403907e-04 6.395734365438694637e-04 1.096191935813333254e-02 -2.116111382956761301e-03 5.907386875498602148e-03 -4.005284208845468711e-05 -2.243647962802084242e-03 -5.396481963828628735e-03 1.054626925866145558e-02 -1.763492576110285096e-03
0.000000000000000000e+00 0.000000000000000000e+00 0.000000000000000000e+00 0.000000000000000000e+00 1.206757867752141639e-02 -3.064772779108257406e-03 1.779241734529857927e-02 3.236429094826722731e-03 1.046460858870140453e-01 2.660416249805127187e-04 4.058198509744033282e-03 2.131446672048881771e-03 2.825610403096793372e-02 2.967473012940255190e-03 3.597522640999912397e-02 -2.609769168194068373e-02 3.453149269688144622e-03 3.407888227804971998e-02 -1.385715706779758714e-02 2.364322998221132788e-02 1.031575683381959728e-02 2.049551758389890968e-02 -2.468311810226436667e-03 6.747092522183666119e-02 1.034194678321611327e-01 -4.556754115828610583e-04 2.230906299681546454e-03 1.967124349749003413e-03 7.963984734265161167e-03 1.493434390819530248e-03 -5.846683410231675107e-03 1.030607301880206387e-03 1.153789886125683034e-01 -1.424577854869684323e-04 1.429115596259074132e-02 -8.946522897064925969e-03 -1.726193259245100212e-02 8.228241403984839358e-03 3.569933507300905584e-02 1.292231394428142947e-03 1.783654011039082377e-03 -5.123852244833226183e-02 -2.039030407747043083e-02 -1.135860697753156810e-02 1.119994556883726483e-01 -6.749275051250540596e-04 -1.000913175407639778e-03 2.139813154472274340e-03 0.000000000000000000e+00 0.000000000000000000e+00 2.591707964982608529e-03 1.595417731124557504e-04 3.798225932039159952e-03 6.779835772158476596e-04 1.845470569500272775e-03 -1.641165640069959259e-03 -6.326524656554885148e-03 2.357732486489565616e-03 -7.830902976937615268e-04 2.238002049215766611e-05 1.565958428454162013e-03 -8.028655943122381400e-04 -6.379095636373458694e-04 -2.645594455162519031e-03 -5.622655684005385159e-03 2.030823526058796527e-03 -4.100206279985502827e-02 1.269337688668891384e-03 -6.448747013287113930e-04 -2.462584910079433555e-04 8.226616385006552644e-04 1.664024452462132923e-03 6.772175226446828806e-04 5.281433183334690836e-04 -9.290774564124123624e-04 -2.328028680050835250e-04 -2.835320444148895294e-03 -3.300539487389615983e-04 1.259381216113191794e-02 7.985370462030864838e-04 2.142666987880655636e-04 -7.699268459908592760e-04 2.218565664576091674e-03 -1.809336262535189970e-04 9.332171102184489168e-04 6.281617483830542227e-04 7.508626080588756387e-04 -2.972710564649034930e-04 -2.509709665727892676e-03 -6.282063082648788911e-03 -2.886625553987616933e-03 -2.765725522944783091e-03 -3.528050650112279137e-03 -1.045830389902860629e-03 6.373641122745376131e-04 -1.567100551076800927e-04 4.181965309664577779e-04 5.690926109916369423e-04 1.661861234370601422e-03 -1.163129602964127138e-03 1.029899624028900737e-03 9.472936432932312772e-04 7.907494316748891810e-04 2.211197182861702429e-04 -5.714162441567548645e-04 7.144902018624953860e-04 -2.263167041149936930e-04 4.718951202971092933e-03 2.510412981659710177e-03 -6.335935293405163017e-04 -9.522355102462723778e-04 7.164734320477571857e-04 -2.580385602068508907e-03 -1.187537392950348920e-03 3.453348309880062547e-04 -5.960887210683282452e-04 -7.042326107855604450e-03 -1.556990887028117257e-05 6.656304878495860949e-04 -5.756070811973743517e-04 1.353105438089873686e-03 1.227028559449438181e-03 -4.170146649629943164e-03 -5.947119553530862916e-04 -1.514813073117275352e-02 -4.049007919768090333e-04 -1.103119156016905966e-02 3.244187607266901200e-04 5.794405314396768904e-03 2.383377267194479107e-03 -1.184505961919322947e-02 -3.745703459997160067e-05
0.000000000000000000e+00 0.000000000000000000e+00 0.000000000000000000e+00 0.000000000000000000e+00 8.920527777739427622e-01 -5.798366342558094466e-01 1.071287602808219885e+00 -1.864005310534262438e-01 8.243298543634059783e+00 -1.295966847336800787e-01 5.912042793835200344e-02 4.745375494369761388e-02 2.138737957751270180e+00 -9.957829681912806763e-02 2.630782258318749456e+00 9.069517033004137474e-02 2.109093951879801032e-01 1.380545729539805512e-02 6.421557299210330083e-02 -1.169645708602069234e-01 -2.814956779868683923e-02 5.785026673550515419e-02 1.025801193913899317e-02 1.034194678320159155e-01 7.707165360046627889e+00 -8.526754348328537125e-02 -3.586586078429690461e-02 -1.403533441961004637e-02 7.473625629641732493e-01 -1.094631073385529119e-01 -1.281300881795617748e-02 6.657889058115144809e-02 8.711068767382187161e+00 -1.281788148301201968e-01 5.121068801583047447e-01 -3.490202556002248990e-02 2.086307657046371222e-02 8.394041572743839857e-03 -6.638824801797131928e-03 -4.680417180438517510e-02 -3.760821558920192809e-03 3.422098836558324364e-01 4.628003320419953048e-02 9.378787562402919609e-02 8.589625524702318771e+00 -1.520395223622716674e-01 1.188658127200571263e-01 1.327471434864900546e-01 0.000000000000000000e+00 0.000000000000000000e+00 4.887520186602031802e-02 -4.566666342548030000e-02 2.889124711975989135e-02 8.291099920057474343e-03 7.104249145898490492e-02 -5.606885371680187316e-03 -2.214799826694535678e-01 -3.223494786832176856e-02 1.152983318672268047e-02 1.249132680663576044e-02 -1.123555690683714428e-02 -1.444130693163724749e-02 -1.907671715040448399e-02 2.950382297801548009e-02 -8.417691303940122438e-02 -2.604857653892000274e-02 -1.375396518503039012e+00 -6.727154938279811258e-02 9.126236150298283611e-03 -2.807171726064731226e-02 -1.411571038750427005e-02 -2.492057275535727173e-02 6.635501400361679125e-02 -2.985388106997635335e-02 -2.793739983911553218e-02 2.925544342439484122e-02 -1.730019363784967776e-02 -6.886968120879454272e-03 6.165712696119975966e-01 -7.879242254913713939e-02 -1.223476242320296371e-02 -3.697299640068365395e-02 3.129112659246176265e-02 2.119735961779599734e-02 -5.507208583627963214e-03 -1.049997368625810445e-01 -9.237903984693904280e-02 5.588198771653819091e-02 2.911432997040609011e-02 1.627765927340445173e-01 1.464384173563431507e-02 5.717162963292622690e-02 3.636884284670887507e-02 5.513443457692979860e-02 1.130069071567109049e-02 -3.065056732161045364e-02 1.258654373093564399e-03 -1.567553000548208009e-02 5.872065567230533301e-02 -1.807332027761780757e-02 3.768957516806453051e-02 -1.608601757702009076e-03 2.617716250862256802e-02 -5.254062673138459351e-04 4.922816666887383855e-03 -2.387560746873439339e-03 1.294135061048089577e-02 5.749273442063128348e-02 5.597557988242228555e-02 -2.166495241903007227e-02 1.943532327143428912e-02 3.301169771461331254e-02 -9.014443329827785678e-02 -1.238902239579093775e-02 7.775454103325679829e-03 2.122060882296254031e-02 -1.352741995740493475e-01 -1.291959062281874265e-02 4.981426920887428722e-02 -3.540462506043722674e-02 -5.715754869130078991e-02 5.684180429678963031e-02 -4.851791244956491986e-03 -3.060053012910176826e-02 8.610995567935159078e-02 -4.452249914980682677e-02 -3.941803797404606902e-02 8.073462201780812544e-03 -1.761447083891064941e-02 -9.005832795605629715e-02 8.221007294346506511e-02 -2.602330729864304679e-02
0.000000000000000000e+00 0.000000000000000000e+00 0.000000000000000000e+00 0.000000000000000000e+00 2.604873615222627614e-02 1.644253643886940675e-01 -1.501089206288840419e-02 1.555237714975630237e-01 -5.580711412495020091e-02 1.496357184016710862e-01 5.481285617569377818e-04 9.912797222679117868e-04 -2.682117082607927278e-02 1.464304153116113005e-01 -2.158140873624382616e-02 1.399976799940864103e-01 3.647955679151135971e-03 5.076043613135689490e-03 -2.585131434279425849e-03 6.863047662482786885e-04 -9.442829141471738644e-03 -2.652143983735374879e-03 -5.293742924999164223e-04 -4.556754115539065177e-04 -8.526754348340008505e-02 1.456058990982776746e-01 1.163963324974552757e-03 3.392104552102047084e-04 -7.363115546664938081e-03 1.440197636695160210e-01 5.430702499255414062e-04 4.022141806795065562e-03 -1.156506695991325884e-01 1.520346504795484499e-01 -5.799877697335858485e-03 1.388811422390113792e-01 2.137438481570256513e-03 -3.212182350449631178e-03 -4.234342394328939607e-03 1.002964556740271879e-02 -4.122198997357916402e-03 -4.660643424696417347e-02 1.726411293430585780e-03 -5.440163766913011208e-04 -1.114271974884596533e-01 1.532971763374192109e-01 -5.305800472284890289e-03 -5.943658852227241135e-03 0.000000000000000000e+00 0.000000000000000000e+00 -2.157435769552725445e-03 7.067384573741265774e-03 1.157877139352504921e-02 -1.721466349184509054e-03 1.669092076883466752e-02 2.755730454667469544e-03 -2.277503925878697488e-02 1.295285284376288546e-03 1.632328430008100472e-03 -3.247295017852576057e-03 2.822393705142291209e-02 1.385079603945527918e-03 -2.955909837324269870e-03 -2.555935465236736353e-03 4.874374136411280603e-03 9.377503967607562357e-03 -1.662169990952287457e-01 -4.418093871036400666e-03 1.104340646377468572e-02 4.899926357744909845e-03 -8.590615690641506671e-04 -4.883939803642273723e-03 -1.825754208139526193e-03 -1.767375808921606848e-03 -5.302179835315057321e-03 -6.213536966590952650e-03 -5.909968923746072508e-04 3.436215415249144374e-03 5.850264174385286925e-02 4.366968095964558066e-03 -3.010143335877199858e-02 4.895075799329241936e-04 3.935649906499871960e-03 1.199457599850554555e-03 8.358881525767938164e-03 -1.442472347697216486e-03 -4.935043837316570314e-03 2.543909699612451752e-03 -3.490636316801326577e-03 3.056418898673055225e-03 -1.524768303720783029e-02 1.245447034167260171e-03 3.270144924582365532e-03 -1.180655795432296058e-03 1.169278402597146230e-02 2.957014894707434005e-03 -3.132237988246395805e-04 -1.117977980324228729e-03 1.693644783586114796e-02 7.367071316216959077e-03 -5.747546472799326895e-04 -6.920597267820628208e-03 1.669225160749296833e-04 -3.705361426088096995e-03 3.598684194317998755e-03 -6.373817648373505430e-03 5.061885600261665803e-04 -6.257150996934848428e-03 1.066601704481872498e-02 1.384109335857441371e-02 3.533998305023748881e-03 -1.528651698235430033e-02 1.205442116460535588e-03 -1.092456493992462370e-02 -6.113535140437515586e-03 -1.496912382824811677e-02 4.797729155645458904e-03 -1.381872373874325384e-02 1.049521392048750022e-02 4.927532452745844380e-03 5.263110720388217492e-03 -4.312070953720477905e-03 -1.497901675627733020e-02 7.336226284411228454e-03 -2.178737521912150338e-02 -7.371510844499115991e-03 -1.488412896245781478e-02 -6.052270002488907737e-03 7.512416053457987228e-03 4.766275665918861767e-04 -9.501470738640334368e-03 -5.568728169124712718e-03
0.000000000000000000e+00 0.000000000000000000e+00 0.000000000000000000e+00 0.000000000000000000e+00 -3.162902936534033038e-03 3.426933707036501024e-03 -1.460586576379523365e-03 2.533971041019717017e-03 -2.343275193190260883e-02 2.880606288452623731e-03 1.914565378688805808e-03 -9.244779705159861987e-04 -3.976972499782116359e-03 2.669039627740109246e-03 -5.588753611650647789e-03 -1.183766755262115507e-02 -7.167609703102489557e-03 1.917830272392039405e-03 -3.428784150495173873e-03 1.471066906562615122e-02 9.942693762044102143e-03 1.218950464007898622e-03 -3.436175858558793150e-03 2.230906299675512652e-03 -3.586586078436344166e-02 1.163963324966607506e-03 6.018453126250320959e-03 1.715966125772271046e-03 -2.761500967086505994e-03 4.416989315635101894e-03 -2.428278769586969098e-03 -5.247793419804656044e-03 -3.794541615716603283e-02 2.905796763779351383e-03 3.570496589694019027e-04 1.630607580266327022e-03 -5.295146593595745181e-03 -2.269801922102561952e-03 8.003913926056580030e-03 -1.215734321563481787e-03 -5.087480632398759571e-04 -2.815857314457492072e-02 -6.668143751277106138e-03 -1.156357975710418234e-02 -4.962226039028261315e-02 3.513479788411473168e-03 -8.656950210304650492e-03 -5.203660912790056790e-03 0.000000000000000000e+00 0.000000000000000000e+00 9.160765953787988226e-04 2.406847328114595543e-03 -2.201107351509967291e-03 3.631520809465634773e-03 -6.931957771576675691e-03 -4.601748085916231717e-03 8.629089446863203935e-03 5.429187710426551169e-03 -2.360104332534172962e-03 -1.103730220676411421e-03 -8.791198219186209181e-03 -1.480616598080841066e-03 2.470614773147816919e-03 -1.991704890582679608e-03 -3.185459645939201943e-05 -1.760850828937667641e-03 1.859406314203926325e-01 6.455489342071333084e-03 -3.845263411857833668e-03 -1.449163469763201052e-03 2.512042732141248156e-03 5.065084177652541195e-03 -5.258365930426065274e-03 2.514032949494122895e-03 3.916160640517455174e-03 2.298182609505396417e-03 5.741816591137416641e-04 -1.641838862583515314e-03 -7.956568495881780057e-02 1.845822899914773560e-03 1.187361075088656445e-02 -1.706384246125201951e-04 -1.117922312981067421e-03 -8.169384528743307188e-04 -1.722523151697064091e-03 4.476063052978046172e-03 7.292733253929571842e-03 -3.139475139947448673e-03 -7.293745150212659501e-04 -1.442625690199396578e-02 4.026094610747294779e-03 -4.141171660371629690e-03 -6.115311380126229983e-03 -1.700269316795587505e-03 -3.958363507453827555e-03 -1.441355824547618184e-04 1.130464675961226958e-03 1.437512275602891802e-03 -7.660746770399536228e-03 -3.515174663116784389e-03 -1.774179555843773321e-04 2.553520479834295656e-03 -1.299984364196040418e-03 1.600262672927123828e-03 -1.243703708906612965e-03 3.840364696611386387e-03 -6.397980447488893973e-04 -6.191061945503618415e-04 -5.289567394087065291e-03 -4.444806535669360362e-03 -5.588656226210641370e-03 -6.493029386462820501e-06 3.263246805654000139e-03 4.522027187293162394e-03 -9.197604987186706795e-04 5.051510460818192140e-03 4.682567530909564901e-03 5.337141196369124194e-03 -6.978959860675644326e-03 -3.100255959675566773e-04 5.886623533166644197e-03 -2.068628915801982732e-03 1.742577654985486349e-03 -2.715225852472281823e-04 -1.228039901279059237e-02 3.241044089330606497e-03 -2.005855585196160591e-03 -1.055277913253997030e-03 5.534191698053380661e-04 8.295146253728732239e-03 -1.211944323689470408e-02 1.925562439046267244e-03
0.000000000000000000e+00 0.000000000000000000e+00 0.000000000000000000e+00 0.000000000000000000e+00 -1.096103933962623133e-03 1.777630423051065412e-03 -9.159821192535930840e-04 1.929967169230134344e-03 -6.311581186379521327e-03 1.347113427036514917e-03 -3.988445522399585472e-04 4.330472314810248323e-03 -2.021864142000579922e-04 1.737603865386877500e-03 -2.876839645562804127e-03 -2.183833460104686597e-03 -6.028389174947471757e-03 4.601113847169015919e-04 3.927475560994663634e-03 4.935142755888708398e-03 4.712892701955199472e-03 -3.717446309049151840e-03 -1.769209795146937545e-03 1.967124349751838384e-03 -1.403533441969960494e-02 3.392104552171276645e-04 1.715966125771476976e-03 6.485194367788383631e-03 -6.968536958729940924e-04 2.919853045389177258e-03 -3.426833631582383837e-04 7.171014716157798939e-04 -1.211221177286690535e-02 1.999733599062951221e-03 7.647074125300272777e-04 9.687509682676068200e-04 -2.464595315684058301e-03 1.162105873889925133e-03 4.069502756509690844e-03 1.588965014601399642e-03 8.632157204574811846e-04 -1.019737355288829930e-04 -3.936764893229050336e-03 -4.578313339581380030e-03 -1.397267079237916702e-02 2.100273701417388738e-03 -2.388550121273553834e-03 2.008225406167617102e-03 0.000000000000000000e+00 0.000000000000000000e+00 3.438883127999732992e-03 2.240255444131955629e-03 -6.915439494629135181e-03 1.293466503233975558e-02 -1.011101468849248675e-02 -2.164879261187977692e-03 6.544475517768587672e-03 7.450656113710022680e-04 -2.323424247640753539e-03 1.289523414413316102e-04 -2.127782807414758254e-02 -1.042981074356557052e-03 3.774281708163225967e-03 1.143454880295426482e-02 -1.968513257732226913e-03 -4.519803104852467175e-03 2.713006111921759667e-01 -6.213455699366405606e-03 -6.369523052669274522e-03 -2.118021379111763563e-03 1.567163586089228471e-03 5.273856697605910915e-03 -3.417703767597096796e-03 1.612639367364325288e-03 5.928128091622191995e-03 1.071758975014257265e-02 7.733418964555308821e-04 -2.354316744136391356e-03 -1.045721790405312601e-01 -6.794285143716539271e-03 2.302242065191827461e-02 -6.664549271000914932e-04 -1.455357775830551283e-03 2.101970169628309543e-03 -5.324061117908987853e-03 1.343728028429340459e-03 3.937008095088856581e-03 -4.636718793792244541e-05 2.107815203279594408e-03 -8.450707255003696988e-03 1.119654629036479117e-02 -5.103588998480538532e-04 -6.475000529949552844e-03 2.161176187967772319e-03 -8.689255407782378940e-03 -8.691160391163440255e-04 1.064803681004083654e-03 4.311966196033856225e-03 -1.304277496148843578e-02 -4.741595278414294581e-03 -1.346679562430139069e-04 4.321430251620870210e-03 -1.601341244771584344e-03 2.717156929788537914e-03 -2.165897702877766801e-03 6.150211047383489539e-03 -8.569560713262073907e-04 9.226287544983039933e-04 -9.759560358815639117e-03 -7.421261774557852929e-03 -3.965068029625446605e-03 6.363313374542915561e-03 3.509329343836932718e-03 6.969652881298343122e-03 9.069162561865585278e-04 1.072090422222004603e-02 7.428367624995118983e-03 8.192757753681405644e-03 -9.157686586367766793e-03 -2.786571987992025271e-03 1.781384246303094028e-03 3.240473612916639542e-03 1.007954643588287666e-02 -6.018646757762572417e-04 9.856072188187698507e-03 2.305565197485032539e-03 1.237361545049110723e-02 -4.942124212242986637e-04 -7.871013810988895451e-03 2.539359018898367393e-03 5.494927232065367068e-03 1.329144663843164235e-03
0.000000000000000000e+00 0.000000000000000000e+00 0.000000000000000000e+00 0.000000000000000000e+00 8.650660710845244072e-02 -5.642683512818190417e-02 1.046685784640969397e-01 -1.889725960072591651e-02 8.148269302780690726e-01 -1.060443138022785711e-02 3.486540354134990208e-03 2.505694559789694350e-03 2.121520648336594761e-01 -9.522148010201783239e-03 2.596069556832896752e-01 5.007497745074604954e-03 1.628951668455426785e-02 2.594054944092545612e-03 7.250705633690148616e-03 -7.351958505412086765e-03 4.395082235304029216e-04 4.115577910113459893e-03 -7.053681068753452164e-04 7.963984734249548655e-03 7.473625629641112988e-01 -7.363115546636171162e-03 -2.761500967075317028e-03 -6.968536958643809735e-04 7.739717628168829577e-02 -7.903948448673167246e-03 7.418091047263795229e-03 3.389144283574765850e-03 8.454751004726837049e-01 -1.020266757799973695e-02 5.029427199135843435e-02 -1.002316238711231829e-03 1.779777792903167351e-03 -1.182898674204598742e-04 -1.350537065874536907e-03 -4.963065426134446317e-03 -1.368208304376388287e-04 1.854215488630211323e-02 3.699137809084591336e-03 5.388603193950283407e-03 8.290319292483865343e-01 -1.214511878618100386e-02 9.306995366439918538e-03 9.841661510270523563e-03 0.000000000000000000e+00 0.000000000000000000e+00 2.041060726555043048e-03 -3.123591508628436892e-03 -3.178720961499592081e-03 3.613620607122081021e-03 -1.694214448048282813e-03 -8.318149929955343793e-04 -5.367648908750224414e-03 -2.206918882414845174e-03 7.885893484312425390e-05 1.036667371047666564e-03 -1.114058473264750715e-02 -9.807307759663024677e-04 -1.478930539075003865e-04 8.856778534656044310e-03 -7.253090223609619767e-03 -4.420458512522140553e-03 -2.114106484092998645e-02 -9.250736095761340552e-03 -3.768146192834043000e-03 -1.698144745998360263e-03 -1.551941165831707890e-04 -6.984026970726155440e-04 4.753098114082781288e-03 -3.003872246827599471e-03 3.774334703767814056e-04 8.139944099175719372e-03 -2.946704012021664014e-04 -1.304051231040370294e-03 9.209434500831600867e-03 -1.043712623356936493e-02 9.458934744495259284e-03 -2.130330649311939877e-03 9.831843420315031202e-05 1.817786825041491994e-03 -3.050866418466260943e-03 -8.176095519264261341e-03 -7.482624637230280047e-03 4.084042009486182206e-03 1.334221748454264079e-03 1.264002324641652110e-02 2.467619837745683043e-03 5.590195345066674946e-03 1.453796551656603682e-03 5.747031082705239893e-03 -3.333056274207893844e-03 -2.351715665059802250e-03 1.014667793829213133e-04 -8.337121666541778874e-04 -2.070223596839235528e-03 -2.288343451075719286e-03 2.637521668671302666e-03 -5.341008437780182935e-05 2.445941337035320746e-03 7.151595333048869473e-04 2.046539269669264346e-03 2.713630780187865237e-04 1.283913649286073065e-03 3.158460723299599988e-03 -1.126861085788393802e-03 -4.814351224370061293e-03 7.298299235584675311e-04 2.467047282403721058e-03 -6.043310676729379653e-03 2.489681853151696524e-03 -2.986257146048653614e-03 4.852582641026555003e-03 -6.865778999879768724e-03 2.900085132266020781e-03 -9.684037058344124611e-04 -2.820684164003712038e-03 -4.447745756045673460e-03 3.763434133458960860e-03 6.224141994027184224e-03 -3.816963840186753977e-03 1.639643025543932250e-02 -2.977673016118138633e-04 7.331912360172398307e-03 2.400850648811286327e-03 -5.333384657485313630e-03 -3.784690865743836272e-03 1.303115771525640947e-02 4.987264779785140906e-04
0.000000000000000000e+00 0.000000000000000000e+00 0.000000000000000000e+00 0.000000000000000000e+00 2.335393193500286818e-02 1.649688130400565611e-01 -1.806674202870745677e-02 1.582536079926780137e-01 -6.944789707660080358e-02 1.509178341391251843e-01 -6.306195214545773408e-04 -1.659136843971203762e-03 -2.594740570730977997e-02 1.482754766303463478e-01 -2.723874600213219838e-02 1.261443165319409421e-01 -5.176788140232898953e-03 6.697983289011756602e-03 -3.747060995594602394e-03 1.345993068744808299e-02 -5.821681362921868330e-04 -2.377531280251985683e-03 -2.744160200670724657e-03 1.493434390843304633e-03 -1.094631073388836473e-01 1.440197636695277894e-01 4.416989315642696513e-03 2.919853045382880645e-03 -7.903948448734390841e-03 1.568576480148703434e-01 2.198819962721548608e-03 -1.409045045145048899e-02 -1.469393670808632479e-01 1.527147797651788597e-01 -4.039181056394154298e-03 1.375799689417232241e-01 -7.539565180512532681e-03 -4.818707700047005806e-03 6.525640112346318966e-03 9.268768819030596962e-03 -3.795129873566573629e-03 -7.631926131770040700e-02 -5.468760817665466178e-03 -8.272429031975531144e-03 -1.536326870899528407e-01 1.547403696507599069e-01 -1.236156614918486329e-02 -1.139409940898257478e-02 0.000000000000000000e+00 0.000000000000000000e+00 -2.143708247233822636e-03 7.767618346487613346e-03 -8.051160559350574019e-04 4.616743990991539238e-04 -3.265502760648342044e-03 -6.120113006564947312e-03 7.178481234077507822e-03 7.777494791185323234e-03 -2.789084892715759656e-03 -3.496191471659841014e-03 -6.820572377182246813e-04 -2.636686189220211179e-03 1.686177963672997595e-03 -2.619392391526701586e-03 2.581015663911856352e-03 4.267806537215146356e-03 1.480481149631247828e-01 9.197793590965403897e-04 -4.081801867508747048e-04 1.325193552591084987e-03 1.881411094237515295e-03 1.576946087175771019e-03 -7.135800967906110598e-03 1.760093783474688889e-04 2.639042020275232311e-03 -1.673229735110529992e-03 3.162644209121156201e-04 4.620948329932574039e-04 -7.420557893316666320e-02 3.776869300355448385e-03 2.069543626452058707e-03 -1.310996264306932605e-04 -6.874156854147694604e-04 -1.742901460046317706e-03 2.291529007287323571e-03 9.813651186823041037e-04 2.699151282456996922e-03 -1.136697726340003215e-03 -6.972564675005565871e-03 -1.290827227994255887e-02 -1.412647045748697400e-02 -8.870380750216395492e-04 -1.590620635876706813e-03 -1.632545791076203028e-03 -4.734972547915366342e-05 -1.932370038992789506e-04 3.314267772473542136e-04 3.213627591993938395e-04 -3.200002444268586731e-03 4.490343257429593640e-05 -1.612519674561924523e-03 -4.087925933377790921e-03 -1.122142087031973009e-03 -1.321917446419556197e-03 4.018700715073002597e-03 -2.974902682740335376e-03 -2.417699876800266006e-04 -9.696388700250555687e-03 -3.320129628674777823e-03 1.744272681239313278e-03 -5.022868136729283922e-03 -1.261730849374778120e-02 4.614416586822792272e-03 -1.504849074935155464e-03 -1.137029542034143428e-02 -6.949566003334213884e-03 1.237775562230101524e-02 -2.687854441510464844e-03 -4.722586555118935166e-03 1.173004610833062360e-03 9.610256121246243260e-03 -6.368429359785096784e-03 -3.750378124028248134e-03 4.898190891779652043e-04 -2.366259311500003987e-02 1.852844054119942661e-03 -7.372503320155416803e-03 -2.292476946745484849e-03 6.016717088382347867e-03 1.310555198045872810e-02 -1.809593479291634471e-02 1.416611525542054231e-03
0.000000000000000000e+00 0.000000000000000000e+00 0.000000000000000000e+00 0.000000000000000000e+00 -2.829659169941167902e-03 -2.360061121768879263e-04 -3.579070255431817792e-03 -1.621112299698250665e-03 4.585499752215388761e-03 1.951292974695265992e-03 -6.500293522155919934e-03 -4.990650430406847436e-03 1.588212820757557925e-03 -1.296748773744459690e-03 -3.219742043989978156e-03 -1.637423547327336495e-03 -4.232163093478635146e-03 5.098939983442416727e-04 2.649728784028986765e-03 -5.818847057677277489e-04 3.560386285297274323e-04 -3.380313839822366405e-03 -1.421040169215853828e-04 -5.846683410224155081e-03 -1.281300881812139948e-02 5.430702499725271505e-04 -2.428278769579838951e-03 -3.426833631599090851e-04 7.418091047249015385e-03 2.198819962788560543e-03 2.187381484644785462e-02 -2.692994165619162685e-03 -1.611901144007491307e-02 1.727352741037593625e-03 -1.439689553686190502e-03 2.120166566541183042e-03 2.112664878336331827e-04 -8.500188292559479998e-04 -4.237663532035675952e-03 4.401324321143536104e-04 9.018931653609581819e-04 -1.636371211660398589e-02 1.323584731048075419e-03 2.290390799865645293e-03 -1.860867777188148983e-02 2.285921355862869774e-03 7.629401889810835322e-04 -3.853555967764771360e-03 0.000000000000000000e+00 0.000000000000000000e+00 -7.216079564976800829e-03 7.100104764195877679e-04 -1.243979172326226817e-02 2.046230049794166631e-03 -1.484206188805741594e-02 1.970263699894571861e-03 3.114128887096143106e-02 -1.519140260511180106e-03 -7.953151708031853950e-04 4.980883896185939446e-04 -1.669266413109115471e-02 1.714570870812194819e-03 2.147514334914911883e-03 1.177776671000978562e-02 1.824199575628393131e-03 -3.408094058703040660e-03 1.263550221077721913e-01 -6.902965251905464859e-03 -7.710894357037783274e-03 2.761854366255246836e-03 1.074204098989207717e-03 6.102303865347274200e-04 -4.618616526174114346e-04 -1.389252042422334417e-03 4.189457614615249917e-03 7.755946383397336989e-03 2.554706463835942649e-03 -6.981137418514890818e-04 -5.769391747002555748e-02 -4.502894398356327432e-03 1.582551804814271573e-02 3.423226757528163161e-03 -6.221156516901396073e-03 -5.713989232274056373e-04 -4.271511618438926343e-03 2.817615527076429253e-03 -7.396999727293311318e-04 -2.097762555818468051e-03 -3.550218752909248352e-03 -1.983792233375742840e-04 -1.900832165895709799e-03 1.036442838745751287e-03 -5.382470213978534854e-04 2.269875860157288903e-04 -7.259676390053686895e-03 1.067740556610408120e-03 -1.112959599197032440e-03 -3.146190015929227653e-04 -1.229251854178993464e-02 1.275942988478501270e-03 -1.991799566895029010e-03 -1.661357543708849235e-03 7.947077988027305244e-04 2.960250009819118166e-04 4.149022393714016724e-03 -2.248968989795113119e-03 3.963257538675305186e-04 -5.118733335859498509e-03 -1.049217377117941767e-02 -2.878823369586379268e-03 5.795025300767394152e-04 -1.169721949596278215e-03 3.098566318740712290e-03 4.341784354400877143e-03 -7.382816523187688863e-03 1.349819809324288508e-03 9.031437731461299315e-03 5.037157642903127876e-03 -8.491790266422924449e-03 1.270230548844422398e-03 -1.555044259465278690e-03 -2.851129970025245881e-03 1.344708093364760729e-02 -2.244558617028085540e-03 2.498185470057736127e-02 7.146537785981176526e-03 2.456046558267144936e-02 4.362502456296991384e-03 -6.883308465602023390e-03 5.189521048553507460e-03 1.785223444975106780e-02 5.732681224892297381e-03
0.000000000000000000e+00 0.000000000000000000e+00 0.000000000000000000e+00 0.000000000000000000e+00 8.700566730768436938e-03 3.237985538538195457e-03 7.824678800366554124e-03 3.874912550361656310e-03 4.691045240521514448e-02 -3.271206295488725854e-04 2.502933563709223552e-03 1.081009268478106550e-02 6.364718206575788705e-03 1.293103415241356581e-03 1.735110081031906309e-02 3.037316645026037418e-02 1.601977591468229864e-02 -4.508788368655732362e-03 4.022325672956128528e-03 -2.353599087940863241e-02 -1.562280969857178514e-02 -2.266445328048082367e-03 2.960810343141668209e-03 1.030607301894034735e-03 6.657889058129970450e-02 4.022141806828296792e-03 -5.247793419805986577e-03 7.171014716212156500e-04 3.389144283602600789e-03 -1.409045045141968898e-02 -2.692994165590061832e-03 3.536188840681285528e-02 8.277509665455708154e-02 1.105620242951855549e-03 -1.472075584360308612e-03 4.467606665429509072e-03 1.731054036266888030e-02 2.375201878107633009e-03 -1.835049509131811071e-02 6.716846351131956251e-04 1.113271960589716156e-03 7.564332906119519695e-02 1.234710050917381396e-02 1.375523203474309127e-02 1.068474822939638330e-01 -7.838842507292590692e-04 1.371774598635071805e-02 1.473411351688697947e-02 0.000000000000000000e+00 0.000000000000000000e+00 2.810673111338032187e-03 -2.631857873752607843e-04 1.983920510806643639e-02 1.115325740497443222e-02 3.367485447128801268e-02 1.887166222432723126e-02 -6.032971809012534214e-02 -1.376673086935773296e-02 7.469528771288918602e-03 1.517883335487437780e-04 4.159322749101256045e-02 8.889804753761824940e-03 -6.152497258984507278e-03 1.427996923996343280e-02 2.169766280749984080e-03 5.809896184351510777e-03 -3.936888321046969619e-01 -1.878988769410781454e-02 1.817371447032987281e-02 7.694159894600567998e-03 -3.793674552139998137e-03 -8.882646112542904801e-03 8.653338908946747732e-03 -3.597141167302599172e-03 -1.114502839059743761e-02 3.656663179117635321e-03 -1.306646587315024154e-03 3.884644596922355760e-03 1.770169924801121564e-01 -6.809020980688344597e-03 -4.780840822746723617e-02 1.465397775027495750e-03 8.044196740805574855e-03 9.385160412525466941e-03 7.525839099741547800e-03 -1.810702921652341440e-03 -1.331802065517174137e-02 6.536574157821040815e-03 1.104727287904952795e-02 2.474477337791687603e-02 1.167548507670907246e-02 3.469826688061185358e-03 3.233032428748723423e-03 2.849130072403126962e-03 1.697075762739124263e-02 6.781350783961518323e-03 -4.450506190289952755e-04 5.072249394104388909e-04 3.083556260941397106e-02 1.221751697657977830e-02 2.252550397694119255e-03 -1.765812527057618320e-03 7.700258343082802591e-04 -2.534714604079957474e-03 -3.428858225234617321e-03 -9.573997579522390035e-04 5.159385839534039349e-04 8.589299030703021615e-03 2.026961815949842802e-02 2.002045517615199527e-02 1.454798662289232859e-02 9.193837513632049062e-04 -2.320928875327342607e-03 -1.329397361420445872e-02 1.285473584157851949e-02 -5.942224393428272022e-03 -7.131770973788146423e-03 -1.587693295276639341e-02 2.421211050162546535e-02 6.575171962925412464e-03 -7.684909964812080239e-03 7.868650182958359870e-03 -1.344801474600755033e-02 1.490019388771092294e-02 1.843139176364622447e-02 -1.730539538823459150e-02 1.296908327344612616e-04 -8.253489779448612562e-03 -6.611844790416418483e-03 -2.477594258579193451e-02 2.786901273909410046e-02 -1.310408287476449302e-02
0.000000000000000000e+00 0.000000000000000000e+00 0.000000000000000000e+00 0.000000000000000000e+00 1.005004051500201001e+00 -6.787448788921141007e-01 1.221726165606610293e+00 -2.366318103463033728e-01 9.293056381327303939e+00 -1.747473194563808341e-01 7.280299159776099094e-02 7.055022644793632058e-02 2.416786690932928305e+00 -1.368349575382822314e-01 2.990992008185619611e+00 8.303738286652367906e-02 2.341292865992655181e-01 1.813951782181474209e-02 7.161903412507994449e-02 -1.271786439605452623e-01 -3.136241740411093576e-02 6.385542007957108190e-02 4.028865100993150872e-03 1.153789886124031855e-01 8.711068767382499800e+00 -1.156506695990597577e-01 -3.794541615711861243e-02 -1.211221177274792934e-02 8.454751004727770747e-01 -1.469393670805739238e-01 -1.611901143984374729e-02 8.277509665444758580e-02 9.959928554086443953e+00 -1.712692742841460392e-01 5.745140498924967698e-01 -5.359648534698268491e-02 4.262481685330860720e-02 1.130132185606971644e-02 -2.976652465222735106e-02 -5.648277885403202997e-02 -1.157763771394304878e-02 3.499246568715903560e-01 6.087417461649743955e-02 9.102061445383127780e-02 9.842566346881069350e+00 -2.018424016952443112e-01 1.594077303738705154e-01 1.693027015446909589e-01 0.000000000000000000e+00 0.000000000000000000e+00 5.322009535148097825e-02 -6.141720220221243143e-02 4.583044149129572586e-02 1.514352514308210142e-02 1.175823546474357717e-01 2.401885863439480462e-02 -3.027567925711409091e-01 -6.212393561841381140e-02 2.393480231967566249e-02 1.431989861523583901e-02 3.767158605269671501e-02 -3.867624684594672679e-03 -3.076596610857968567e-02 5.497240812897995210e-02 -9.962008135440063306e-02 -2.830482560728942582e-02 -2.154408327663461797e+00 -1.015516719755798214e-01 3.098712297298025775e-02 -2.299794753032873701e-02 -2.365613573160278010e-02 -4.169658688443646233e-02 9.337395789990361739e-02 -4.119826845637875046e-02 -4.677078050099236356e-02 4.633861148306215455e-02 -1.941232248407253128e-02 -4.547496047235865223e-03 9.597969204788677766e-01 -1.065256228691220247e-01 -7.949626383153221565e-02 -3.659187817872344012e-02 3.879108635765532442e-02 3.216764403829488334e-02 1.762209338967456792e-03 -1.272245101878786977e-01 -1.353182656786081073e-01 7.804312727850735987e-02 4.128892293164167226e-02 2.313801806783579162e-01 1.946621389542920952e-02 7.996498732963554235e-02 5.131538856006151450e-02 7.003811698084379256e-02 3.477542325463506279e-02 -2.712493624395418204e-02 -3.512070239244699521e-03 -2.742390173773520332e-02 1.059748850994240571e-01 -1.017964322943475455e-03 4.518435361037968778e-02 -8.433618135359473994e-03 3.618094980639741803e-02 -5.906982703095448040e-03 9.393678062299791118e-03 -1.579057503654059808e-02 1.905379942631787657e-02 7.791094533615514073e-02 8.932515254889857037e-02 -1.282421378115191669e-03 4.500880689327249606e-02 4.464447285505643986e-02 -1.124258935518247654e-01 -3.131738582089904632e-02 1.192284230680562378e-02 6.139943653608126092e-03 -1.740329004184931472e-01 -3.565061805331204425e-02 8.845023602848145483e-02 -3.042476718530822549e-02 -8.419798051083422774e-02 7.250801057554748241e-02 -1.460544141228932967e-02 -2.861661729187454928e-02 1.573028338970850482e-01 -6.187783428242230044e-02 -2.337987062622043366e-02 1.347222028943099482e-02 -3.118738499444959761e-02 -1.269410524190826561e-01 1.528326766055052854e-01 -3.470186942412755576e-02
0.000000000000000000e+00 0.000000000000000000e+00 0.000000000000000000e+00 0.000000000000000000e+00 2.257006630119336513e-02 1.735734495703555313e-01 -2.092198383632141653e-02 1.629266551370919247e-01 -8.449594066075719057e-02 1.584055631446858736e-01 -1.248576701063084911e-03 -8.746222299086859773e-04 -3.431419891427232860e-02 1.538511222729185002e-01 -3.369021807612779251e-02 1.399499784991851126e-01 -1.256259018343839923e-03 6.309312376193490501e-03 -2.069829258264274142e-03 6.660107945193546874e-03 -4.545371735429618552e-03 -4.447847647927397063e-03 -1.610912796310392126e-03 -1.424577854519954584e-04 -1.281788148302324959e-01 1.520346504795389853e-01 2.905796763789812633e-03 1.999733599053670451e-03 -1.020266757803127769e-02 1.527147797651538796e-01 1.727352740981349553e-03 1.105620242911932189e-03 -1.712692742842102100e-01 1.631988656689758455e-01 -6.506904573449255949e-03 1.447766650736627692e-01 -1.490300677311322871e-03 -3.400815165083326957e-03 1.070272220787572837e-03 1.076400023389481077e-02 -3.442508494880941721e-03 -6.465642184082472099e-02 -2.302501353675896929e-03 -4.720093980095951304e-03 -1.614520174998036739e-01 1.644386015906140752e-01 -8.106798729417568142e-03 -1.124935666892614740e-02 0.000000000000000000e+00 0.000000000000000000e+00 -7.033539647905935610e-03 6.983572544361603927e-03 1.141400067672399335e-02 -3.245202843944413468e-03 1.518926560731265023e-02 3.944858982725370569e-03 -1.535721603619857704e-02 3.086643677130805011e-03 1.242896044586000535e-03 -4.650480473947009481e-03 3.211974189112513922e-02 3.147071517022792617e-03 -3.090439798952444080e-03 -2.627816873951233697e-04 8.696354509475610894e-03 1.126247382791508919e-02 -1.761522467596686181e-01 -5.900121583678523407e-03 1.067831403102878496e-02 8.227203286330928358e-03 2.022083058980791645e-04 -5.574421186360306937e-03 -3.598324365681337608e-03 -2.195864395984908988e-03 -5.371172626061747161e-03 -7.176902473549177930e-03 1.701966378106499521e-04 4.283677827429899394e-03 5.292721936250104758e-02 7.090178645835779753e-03 -3.459165700251809472e-02 2.863342577694142146e-03 1.759394030025500811e-03 4.194452448189943481e-04 9.229798067684752763e-03 3.626914908961255402e-03 -4.693622093674484561e-03 -1.530285005419628006e-03 -5.321889931696728235e-03 -1.472494466372138797e-03 -1.814345516904751834e-02 -1.103203645220551766e-03 2.769048551600957701e-03 -5.426698793158817036e-03 1.307035536554711566e-02 4.950861918903512286e-03 -7.310586870204381854e-04 -4.668581618796241450e-03 1.747206571199698411e-02 9.844788083525533862e-03 -5.485742637967431536e-04 -7.880325527671363725e-03 1.474224644099052521e-04 -4.112168360505521515e-03 5.185336832509624197e-03 -7.796801891228382665e-03 4.279312140693621101e-04 -7.981868769332619781e-03 9.680215411686851970e-03 1.619747467314293365e-02 3.968753420430878691e-03 -1.751536907860746367e-02 4.937920683313061672e-03 -1.055209456358401077e-02 -9.083552651789776611e-03 -1.697754885616995293e-02 1.009578632968831380e-02 -1.415169930892739777e-02 9.631151193777862801e-03 8.669246648370199787e-03 7.980595272540424306e-03 -9.000324938893121754e-03 -1.641936543498724588e-02 8.881029126117502212e-03 -2.749894616079421802e-02 -5.325205530882163273e-03 -1.415072628448014319e-02 -5.779622796886333715e-03 9.380940367040600109e-03 5.253821606375353240e-03 -1.305786886862321181e-02 -3.943919188352049826e-03
0.000000000000000000e+00 0.000000000000000000e+00 0.000000000000000000e+00 0.000000000000000000e+00 6.063844892004248421e-02 -3.918591848907626574e-02 7.283042060718961097e-02 -1.429583881860391724e-02 5.621438860708929397e-01 -6.953875064771992444e-03 2.828245914405879205e-03 5.949923726094285799e-04 1.476425901982204303e-01 -5.723211365773696671e-03 1.803156500826748887e-01 -8.395013158705721956e-03 5.900045664931199106e-03 4.689536383885606688e-03 7.953018298183058606e-04 4.921584558870002041e-03 7.848398155724219463e-03 7.003637706547530609e-03 -3.728544481571529484e-03 1.429115596258200178e-02 5.121068801582837615e-01 -5.799877697344264088e-03 3.570496589794561432e-04 7.647074125298648642e-04 5.029427199135803189e-02 -4.039181056388984822e-03 -1.439689553689247302e-03 -1.472075584392244004e-03 5.745140498924231620e-01 -6.506904573451773900e-03 5.023237539637025878e-02 3.724698659937517205e-03 -4.889527620296653387e-02 -1.457629100259466961e-03 5.601805727106920485e-02 -3.287422329598043650e-03 -1.280933057541201563e-03 -2.419060516542698505e-02 -2.355973668549785072e-02 -1.281558479663106459e-02 5.575466907084630774e-01 -7.558512351097169436e-03 1.859590845258978636e-03 3.454143686892636317e-03 0.000000000000000000e+00 0.000000000000000000e+00 2.638889122014181476e-03 -1.730193001875777840e-03 -3.054172543315935608e-03 1.427848628243216355e-03 -5.934398303550687641e-03 -5.160586992723876186e-03 1.582088273540905796e-03 3.116786775295017718e-03 -2.960379576490993793e-03 -7.055938781831676970e-04 -1.291500867467599775e-02 -2.714740111248558751e-03 7.392165498663207752e-04 6.735538322532248420e-03 -7.070223780691128543e-03 -4.618141482435125789e-03 5.424863965818765843e-02 -4.427833869349902772e-03 -5.098533631674673217e-03 -4.347027209998820252e-03 8.709342806573671042e-04 3.124361630907484220e-03 8.466712982562096725e-04 6.985847530326763947e-04 1.659884351442013871e-03 4.620122113607870451e-03 -1.990455124015682187e-03 -3.000380734474401845e-03 -2.827544972470981410e-02 -3.505442165096500813e-03 1.338697467866592147e-02 -1.889217416384979991e-03 -6.221293209384808889e-04 -7.234858652569824394e-04 -2.573835463296291100e-03 2.354894501292561018e-04 -1.299132560711168619e-03 -2.307020245725925622e-03 -2.955131253448118993e-03 -8.981185483756327567e-03 -6.469627765334760340e-04 -3.985646195187719093e-03 -4.063456904022438518e-03 -4.076023290106731839e-03 -4.277312683952521483e-03 -2.798893577430856816e-03 -3.266323038462668176e-05 -3.115862204762025103e-03 -5.536630773711923373e-03 -4.436236748525520732e-03 1.923142196230822254e-03 1.771190199423541009e-03 1.943717672816297438e-03 1.274567359335281036e-03 1.163579057706326785e-03 -2.887395523300819410e-04 7.314794403814163862e-04 3.973781116092449037e-03 -2.128122801595971111e-03 -7.178349843007687629e-03 -3.473962706875704382e-03 4.806832240635303816e-03 -4.589034623342687011e-03 3.041734641938181362e-03 -3.501955321497253037e-03 1.797068468255468877e-03 -7.467424390973991313e-03 4.327332806609521937e-03 -4.589313971873549766e-03 -2.739541060965064011e-03 1.443693238981576298e-04 8.815630679306902910e-04 2.273369085800639941e-03 -4.757632996220596822e-03 -5.938433321521723214e-03 2.070817647907150644e-03 -7.008846126505352200e-03 1.546581039304072581e-03 2.849352294390660595e-03 2.250630896876422080e-03 -7.619160571180408348e-03 2.080589425464583579e-03
0.000000000000000000e+00 0.000000000000000000e+00 0.000000000000000000e+00 0.000000000000000000e+00 3.266221918508096372e-02 1.565522028853389425e-01 -5.273186856067410555e-03 1.435996972999009913e-01 4.933599659669411427e-03 1.418996015211086426e-01 6.084395421012790206e-04 1.921307048034185273e-03 -1.013388576425075169e-02 1.384671880618818518e-01 3.805161431590910193e-03 1.371244457672992911e-01 2.252830610634815327e-04 -3.381048577718585857e-03 -1.176840500279805173e-03 -4.816446839828828494e-04 -1.095350140854304231e-02 -5.605357769451796597e-03 -5.439587295001494655e-03 -8.946522897027764723e-03 -3.490202556033849407e-02 1.388811422390644201e-01 1.630607580282625833e-03 9.687509682675716919e-04 -1.002316238760192664e-03 1.375799689417676885e-01 2.120166566494485153e-03 4.467606665379818785e-03 -5.359648534730369202e-02 1.447766650737393190e-01 3.724698659947346582e-03 1.765981478276456018e-01 -1.898465938242808321e-02 -3.849835106834886139e-02 9.690100618703036822e-03 -2.183156865640093272e-02 -4.677591008856810291e-03 -5.844117904635764277e-02 7.395973413179064877e-03 -4.381208380261385898e-02 -5.035407615778982049e-02 1.459111323839644148e-01 -4.814750959180939122e-03 -4.760322033392650615e-03 0.000000000000000000e+00 0.000000000000000000e+00 -1.741363099880292517e-03 7.329088844291248989e-03 1.103395263420305084e-02 2.420227062423152206e-03 1.673568726502936213e-02 4.068950202156187620e-03 -2.452847065010298200e-02 7.254397838143797524e-04 1.045777386188028076e-03 -3.850061887681414594e-03 2.878174863092650484e-02 2.318082165590822693e-03 -2.960889849010806939e-03 3.583391987465106218e-03 5.062312351635006938e-03 8.653916737197321629e-03 -1.588990937880495058e-01 -8.169980478282950001e-03 1.075034118418908592e-02 6.189726948225524571e-03 -7.609550385485559570e-04 -5.354653508645891048e-03 -1.218305665860138550e-03 -2.927022095282601731e-03 -5.299335492050376642e-03 -1.552139710834453488e-03 -8.890077899446972550e-04 3.031144505264957850e-03 5.308082977860123508e-02 1.575436292329137396e-03 -3.062361262527988140e-02 9.447234992108178263e-04 3.406498131479647907e-03 2.394309119333130030e-03 8.034667873095794124e-03 1.059716180377620002e-03 -5.259199672352790622e-03 3.937783257789363354e-04 -2.943494534532610941e-03 1.696268857459757402e-03 -1.305524338688076984e-02 -1.187875306593854166e-03 2.255246816632315836e-03 -4.524609286992531919e-03 1.152923346615509007e-02 3.114886889643837201e-03 -6.167752208181408614e-04 -2.501492088819583758e-03 1.711852724061175765e-02 7.591662156783571258e-03 1.800439550011447714e-04 -6.303162868813862174e-03 7.049504381356386414e-04 -2.973694076592236710e-03 4.116549371443001953e-03 -6.329168025205988805e-03 6.128698930022649519e-04 -4.889545237926588503e-03 1.060107302175093344e-02 1.332209572428774344e-02 2.892213838076160368e-03 -1.318146505583864259e-02 1.222325213776265587e-03 -9.908301088711470028e-03 -8.237345842392827452e-03 -1.385473232055333195e-02 5.945767529434342093e-03 -1.295744020445463787e-02 1.035362558050913553e-02 5.366278635534252328e-03 5.063681597377875897e-03 -3.505010675433099885e-03 -1.426645936637793190e-02 7.562259439925707837e-03 -1.899010180543371507e-02 -7.048826510677621941e-03 -1.321383036974291443e-02 -6.437782481375074750e-03 4.530065776656123748e-03 1.661691406887353100e-03 -5.935461479138953722e-03 -4.964908151800782529e-03
0.000000000000000000e+00 0.000000000000000000e+00 0.000000000000000000e+00 0.000000000000000000e+00 -3.307601085818659761e-04 -3.092459003138958371e-03 -1.373163887519580992e-04 1.324248956378698116e-03 -1.280331646397385274e-04 -2.907650245084508582e-03 3.584299833982089109e-03 9.376434664136252400e-03 -5.064150433060414687e-03 -2.421152527947425560e-03 -3.543888165749757915e-03 3.740634823379125617e-02 2.417951221933324277e-02 -1.702127471697140008e-03 1.457486425129994947e-02 -3.012700774212868915e-02 -1.886332897099371811e-02 -1.510025245797246181e-02 1.359581989096698279e-02 -1.726193259247665521e-02 2.086307657078239480e-02 2.137438481592550312e-03 -5.295146593611300447e-03 -2.464595315662573317e-03 1.779777792944504944e-03 -7.539565180476874573e-03 2.112664878818916719e-04 1.731054036274222094e-02 4.262481685382010776e-02 -1.490300677318004809e-03 -4.889527620297662303e-02 -1.898465938235569320e-02 2.098062754124934426e-01 1.017016742497793211e-02 -1.826868500428724673e-01 1.024964224894292161e-03 2.821161536981567266e-03 1.190977434820750663e-01 7.335577221903069600e-02 5.896743696131195867e-02 5.924374982628082681e-02 -2.644120685502043822e-03 1.181694857865348697e-02 1.253873011305470589e-02 0.000000000000000000e+00 0.000000000000000000e+00 2.554273383971323620e-03 -7.826244838497228677e-04 1.736362161751004579e-02 4.173469190509857853e-03 3.277550934106930602e-02 1.746648257408461857e-02 -5.039891831672488332e-02 -1.568956107176011638e-02 1.141006500579832064e-02 4.161231597160494275e-03 3.936385471185355200e-02 7.804750340761942157e-03 -5.221556177540161853e-03 -7.415682639168622373e-03 9.137921051342699427e-03 8.735893850127624330e-03 -3.770557748003826593e-01 -2.727801326794637975e-03 1.760770591646198049e-02 1.035691621067420451e-02 -3.756653993788433912e-03 -1.154716260202721598e-02 7.592334571640272506e-03 -7.912148151192247014e-03 -9.429570495029238053e-03 -3.953908707552203361e-04 4.139430930541215629e-03 6.911902375779700042e-03 1.782802670810693657e-01 -7.911193479435189857e-03 -4.442778048596050106e-02 -9.505176341641696433e-05 8.554106775749800023e-03 8.179824904988759748e-03 7.004098724311113959e-03 -1.841752918923995203e-02 -1.133163409110070699e-02 1.927985019888468765e-02 1.613546839482347950e-02 5.646385113349584178e-02 1.153500911180315759e-02 2.343798366691433183e-02 1.573123359357412460e-02 2.733623345376962055e-02 1.575998198224224170e-02 5.967988650367191117e-03 2.152731474270706651e-03 9.052319846505531981e-03 2.817791376535189185e-02 1.144994952680817787e-02 2.913310616650614912e-04 -4.828674605703282482e-03 -1.668455749116159841e-03 -3.001919572961774842e-03 -2.858427984181023760e-03 4.049690271321318598e-03 -7.193678434460717194e-04 -1.768479374825132622e-03 1.582887550702234691e-02 1.872649877473963470e-02 1.625460788001268503e-02 -9.530425469899558855e-03 -2.090606905009218669e-03 -9.197898805916751228e-03 1.234184723669753611e-02 4.671028290170856773e-03 2.705917156639028095e-03 -1.211283219652303962e-02 2.308036555256393757e-02 4.212506370669409639e-03 -8.130422031912760625e-03 7.907732059681354259e-03 -7.749473750418104170e-03 1.301487834525890883e-02 3.510102591892499957e-02 -1.555641651191762113e-02 1.728646654169369717e-02 -5.416563888439605845e-03 -1.526367730060290695e-02 -2.309349061750178705e-02 3.816237106029287535e-02 -1.220577787809148419e-02
0.000000000000000000e+00 0.000000000000000000e+00 0.000000000000000000e+00 0.000000000000000000e+00 9.965439971905470581e-04 -6.026415833927442102e-03 -1.329750584637083089e-03 -4.875975622832573117e-03 1.849061104265854781e-03 -3.529156031389059194e-03 -2.594921949188346011e-04 1.428941860296066351e-03 5.604761913384568705e-04 -3.451300590884151965e-03 -4.973394939590735850e-03 -3.292768590822547524e-04 3.211565728230575227e-03 9.721790135202999089e-03 4.920181945771213115e-03 -5.219352279235987650e-03 4.165632891116560592e-03 1.609076888084305179e-03 5.926766026403454055e-03 8.228241403991108649e-03 8.394041572894833658e-03 -3.212182350480430760e-03 -2.269801922104084171e-03 1.162105873884154792e-03 -1.182898674031893739e-04 -4.818707700082739374e-03 -8.500188292585542050e-04 2.375201878112001043e-03 1.130132185624440656e-02 -3.400815165124291585e-03 -1.457629100250383948e-03 -3.849835106838365301e-02 1.017016742500390439e-02 5.204788831126573589e-02 -3.427522408471826796e-03 3.019780210850614086e-02 7.640886706335484405e-03 -3.905886172814009016e-02 -7.273998567603405518e-03 4.336395571899202828e-02 1.824349566311937731e-02 -4.089010594931410253e-03 3.939664860355394406e-03 3.853233058989681374e-03 0.000000000000000000e+00 0.000000000000000000e+00 7.163146041796772216e-04 6.374235250657731130e-04 -2.144400159296363725e-03 1.039674055788942890e-03 -1.028001381247941812e-03 6.366024056578315458e-04 -1.919246261764667554e-03 -2.273270942709506789e-03 3.133006923006204482e-04 1.070518368843738442e-03 -5.871599621444405399e-03 3.005899751576465994e-05 3.295193453579090600e-04 6.949591883866281135e-03 -6.506982713733937100e-05 -2.214197808342932301e-03 9.710147928415669566e-03 -7.576563047446888133e-03 -6.043005376288540856e-04 -2.283001019690011554e-03 -1.390176938113364029e-03 3.861856315732744085e-04 1.525374481293851475e-03 1.375626030900596770e-03 4.903172677325148571e-04 1.170135481837181581e-03 1.017560470414968028e-04 -5.558674161053306752e-04 1.124200632803154173e-03 -2.824462353289346368e-03 5.045453040795577077e-03 -2.278646216052052011e-04 3.453837471866617144e-04 3.801047457872209112e-04 -1.201641146753053974e-03 -1.786572777857550233e-03 -2.453516082368708846e-03 2.132730496493819797e-03 -1.002033603273320668e-03 1.123350839677822888e-03 -8.840580955532778128e-05 1.278803647156663125e-03 -3.274899393440355876e-04 1.798562519536658780e-03 -1.888762492750556497e-03 -3.432267052431413616e-04 -7.902504564175625353e-05 9.989726989439113095e-04 -1.535738930782847966e-03 -4.068573027974418488e-04 3.244237990842655070e-04 9.007196395183431417e-05 9.518576410829705271e-04 -5.038531434262735319e-05 -1.587486600401372702e-04 -7.755928245840404498e-04 4.495640626834191723e-04 9.757913988366578688e-04 -7.256527061296915273e-04 -1.072792623170621372e-03 1.734873467557232572e-03 1.836474967526813707e-03 -2.390617736120984309e-03 -6.400290982901002011e-04 1.608446722097648957e-03 -9.258728723175355894e-04 -3.267474212487879101e-03 1.554797313921591102e-04 -6.179747096062384367e-04 -1.164158950363068830e-03 -2.468482348619272047e-03 2.069210077272046980e-03 2.714296484744111761e-03 -5.594205826509174567e-04 7.022322052431057005e-03 -9.453547123643522149e-04 1.429206475490491738e-03 4.631509777194727211e-04 8.715346232632131557e-04 -5.359979389300998515e-03 5.413291405599718505e-03 -6.109530689365572174e-04
0.000000000000000000e+00 0.000000000000000000e+00 0.000000000000000000e+00 0.000000000000000000e+00 1.484926889608126441e-03 -3.910356894235694422e-03 4.691237302049914605e-03 -4.021409600938092785e-03 1.526061858874456188e-02 1.496197906040153168e-03 -2.166146014952253715e-03 -8.682120032918136734e-03 9.820627380580766730e-03 1.676701798352296440e-03 2.903344580572700569e-03 -5.282425217635618869e-02 -2.178206889033680593e-02 1.678792075902785230e-02 -2.062990381742929938e-02 4.429406489269407943e-02 3.166890636935780490e-02 1.650530158515420634e-02 -9.833875310132836681e-03 3.569933507302783249e-02 -6.638824801808265383e-03 -4.234342394403816344e-03 8.003913926076914459e-03 4.069502756485135833e-03 -1.350537065881238577e-03 6.525640112273765892e-03 -4.237663532089366511e-03 -1.835049509140060375e-02 -2.976652465234576328e-02 1.070272220731205166e-03 5.601805727109211014e-02 9.690100618586454731e-03 -1.826868500428374675e-01 -3.427522408470536595e-03 2.290362641839583935e-01 5.711145089586381653e-03 -8.167543266294862228e-03 -2.430741444984475530e-01 -1.068306840470456126e-01 -5.460670722714807551e-02 -5.468290844314663973e-02 2.529496215459251570e-03 -1.743186637590593557e-02 -1.601524301622874943e-02 0.000000000000000000e+00 0.000000000000000000e+00 -1.670032403354089826e-03 1.381457862381954040e-03 -1.362203750913219824e-02 -3.841147436515632285e-03 -3.408449876291951008e-02 -1.901806661720553335e-02 5.272947630419228676e-02 1.982430728366288419e-02 -1.269917035216016135e-02 -5.154224432663504635e-03 -3.783986835680912264e-02 -8.089009688175968771e-03 5.448485043155771798e-03 4.856722954963078182e-03 -4.587991810119233446e-03 -5.344638369134135231e-03 3.793843862883293228e-01 4.826969694341536055e-03 -1.896992819578089198e-02 -8.765062126364438558e-03 5.745008671171388664e-03 1.391613318798265268e-02 -1.028751985507396494e-02 9.121528535006102195e-03 9.778490088581162296e-03 -1.549852264656076568e-03 -5.129319916253179470e-03 -6.734501350420717125e-03 -1.917516297234592992e-01 1.167813634735926503e-02 4.565390216664195339e-02 1.850444504321634501e-04 -7.467446404424355096e-03 -8.673025272445027481e-03 -4.758242430253620259e-03 2.462616108338206919e-02 1.975322152374559340e-02 -2.322479402888329852e-02 -2.062336287991541062e-02 -7.015774443260693050e-02 -1.743961718210396486e-02 -3.040254409470206573e-02 -1.913110501801747187e-02 -3.171543911046871556e-02 -1.556151710105733652e-02 -4.745021490661382492e-03 -9.565261867158957520e-04 -8.140335157696895751e-03 -2.866971243968333138e-02 -1.292316013230925334e-02 1.153305968388870914e-04 7.219533042742184992e-03 1.743803667185057568e-03 4.025215022306054963e-03 2.226247651103435265e-03 -1.746573041830864689e-03 5.263465995566349353e-04 5.503760391414078135e-03 -1.584999402913458977e-02 -2.154033441462689311e-02 -1.877588045089207888e-02 1.059208349628243569e-02 1.395849080074645920e-03 1.250836910098575630e-02 -1.292431751968819813e-02 -8.786344872314354182e-04 -3.539428488417879770e-03 1.678542668048697145e-02 -2.446647145097660681e-02 -3.312623450675338845e-03 1.179613897565999318e-02 -9.110627166311549216e-03 4.518954770982362527e-03 -1.223065949313028276e-02 -5.027397355321333583e-02 1.793487252873142423e-02 -2.588315221390060511e-02 4.167238832054855763e-03 2.116968293950756766e-02 2.799185175574112755e-02 -5.156774552851708937e-02 1.343451710128093328e-02
0.000000000000000000e+00 0.000000000000000000e+00 0.000000000000000000e+00 0.000000000000000000e+00 -4.725186617667054799e-03 1.085464346870194594e-02 -1.113094716124325874e-02 1.122300859999320229e-02 -4.969168153714530883e-02 1.069001836785747096e-02 -1.133876712381592326e-03 8.383573623852791975e-04 -1.419558932669184696e-02 9.734062400831983847e-03 -2.233694899297960709e-02 1.188898110910042820e-02 1.573589080622258890e-03 4.125043588966133788e-03 3.865060786335049615e-03 -5.744056183319552235e-03 1.804076840221245388e-03 -3.104976192107118584e-03 4.297855602901957256e-03 1.292231394441064685e-03 -4.680417180435414437e-02 1.002964556737625211e-02 -1.215734321564302311e-03 1.588965014594095589e-03 -4.963065426131499022e-03 9.268768819003622011e-03 4.401324321062737022e-04 6.716846351071248519e-04 -5.648277885399690529e-02 1.076400023386047886e-02 -3.287422329589563021e-03 -2.183156865643199468e-02 1.024964224887481203e-03 3.019780210851093910e-02 5.711145089621345872e-03 3.991571482530349713e-02 -3.684556520369658677e-03 -2.666046456936083803e-02 -7.429753873835739757e-03 4.896678315068812154e-02 -5.283684295512047074e-02 1.077068400932420546e-02 5.854857697567165476e-04 1.200358976205628597e-03 0.000000000000000000e+00 0.000000000000000000e+00 9.358157668555670003e-04 1.209529179768154342e-03 -3.642206261430600955e-03 4.044788845010611512e-03 -5.516667287501838580e-03 -1.263542017502143275e-03 4.687575565610471034e-03 3.099860212423141920e-05 -1.271585453055706439e-03 1.549084851894793203e-04 -1.121888194129345116e-02 -9.811103930663055139e-04 1.461742106439766322e-03 6.674482592383563888e-03 -1.240996681908868634e-03 -2.415199971828252239e-03 1.000072787167273908e-01 -6.042100225518699970e-03 -2.464854890027482967e-03 -2.025257786411074207e-03 -3.370150076282666415e-04 1.555755190743274069e-03 -1.337773551525550924e-03 2.196695322980452090e-03 2.457257884574088908e-03 2.309867705916679014e-03 5.307899732356968292e-04 -8.542524671836808532e-04 -3.856596455097043713e-02 -2.110257259606438274e-03 1.165410817453999340e-02 -3.731382989491410134e-04 -5.176637573039351856e-04 4.317539059129695293e-04 -2.199671107655828527e-03 -1.897365147289029746e-04 2.026960456330210124e-03 -9.014403507310946549e-05 -6.887706889507993037e-04 -4.418161617487461647e-03 1.559151709326897072e-03 1.973277395374603126e-04 -1.262037830999445396e-03 6.569711824214883786e-05 -4.269385040456569191e-03 -5.327613027275619620e-04 5.118860835283066922e-04 2.668161055603730011e-03 -6.362689462504323400e-03 -2.593633991989117288e-03 -1.739098681160334637e-04 1.982339089714172786e-03 -5.080559565230057537e-04 1.012678041862778364e-03 -1.059780170860167127e-03 2.568795306238407048e-03 -2.244089709645054364e-04 -1.064348409299019273e-03 -4.665527483085213367e-03 -4.240612556574256675e-03 -1.937096122299948294e-03 2.658714593427119900e-03 8.429372059238346079e-04 2.982757784778888952e-03 7.919573875987822057e-04 4.403454334634214658e-03 2.648287099822604646e-03 3.971330356937407928e-03 -3.940847483975965133e-03 -1.739364117330786550e-03 -2.821928501799797050e-04 1.161164865207735437e-03 4.811363611874733964e-03 -1.004724171892040991e-03 4.579364637598151190e-03 1.758475689370677308e-03 5.123435212427317025e-03 6.302973597203937036e-04 -1.189199974178925621e-03 7.220338691913187092e-04 1.609013965856907974e-03 8.875317795619491702e-04
0.000000000000000000e+00 0.000000000000000000e+00 0.000000000000000000e+00 0.000000000000000000e+00 6.410497892353292794e-05 -2.832202956300016849e-03 -1.629248063359411275e-03 -5.709669519754106623e-03 -7.202131390200664819e-03 -4.025852741292984364e-03 -2.313491035223494896e-04 5.962960854571943380e-04 -1.575622438166781551e-03 -4.156334596050052441e-03 -6.609628344127876573e-03 -2.749581465767092937e-03 -8.709021892361137624e-04 5.483383184460801545e-04 2.881005623827539389e-03 -1.209870848043628419e-03 8.333059913094090221e-04 7.836538280971204300e-04 2.345606783584364141e-03 1.783654011035262082e-03 -3.760821558667589316e-03 -4.122198997346606872e-03 -5.087480632412810832e-04 8.632157204608954457e-04 -1.368208304081543300e-04 -3.795129873558938244e-03 9.018931653724596154e-04 1.113271960609453189e-03 -1.157763771367443205e-02 -3.442508494868599164e-03 -1.280933057536963850e-03 -4.677591008830556119e-03 2.821161537023924876e-03 7.640886706332021897e-03 -8.167543266346135450e-03 -3.684556520368518096e-03 3.143530374766596164e-02 4.105103476910194199e-02 3.184312762687871532e-03 5.091546704752402015e-03 -7.687798781618807031e-03 -3.655974672631804624e-03 -1.050788188597079451e-04 3.177798421603134581e-04 0.000000000000000000e+00 0.000000000000000000e+00 -2.494138764910216674e-04 6.740307805324740990e-04 3.991861864499709643e-04 2.348021783520008905e-03 1.982532396840845732e-03 2.460746230268799888e-03 -3.525499282935514074e-03 -9.669167693049166012e-04 4.004276933680762994e-04 -4.532004755400691936e-04 3.644732878487034339e-03 2.186201230316447801e-03 3.816722126697828267e-04 2.952332422379324445e-03 4.922354958529265821e-03 -7.832901568723301929e-04 2.634880211576766385e-02 -7.042067311004119538e-04 1.173159368052388921e-03 9.827327345442683423e-04 2.093481848240387661e-04 8.116924936059271081e-04 -3.615097952502095810e-04 1.510042966894264646e-04 6.682948742713323538e-05 2.449490786430991857e-03 4.213760906257535367e-04 -9.170492728884939958e-04 -7.708134378320887804e-03 -4.109907169550905859e-04 -4.528920566118576144e-03 8.499234053644703305e-04 -9.276251819150758407e-05 9.313958310141372873e-04 -1.458986604052788481e-05 2.561128752246281514e-03 -1.344489773113526250e-03 -4.782225440970188941e-04 2.057025956369601220e-03 -2.657834309227752757e-03 5.738372909950463334e-03 -1.892028138681365029e-03 -3.702033794431122422e-03 4.641805948032708368e-04 1.404066110363201255e-03 1.346098350654833728e-03 1.447534045211854167e-04 -1.145167941444927761e-03 2.003022036334900502e-03 2.286573808363416213e-03 -2.038623543221368645e-04 -5.623253536999508594e-04 -4.703981677464205051e-04 -6.396517929055812318e-04 -3.451673946657596651e-04 -1.692600219217109576e-03 1.124915970056616265e-04 -5.801202353347882732e-04 1.227368638280094959e-03 3.465619642611131486e-03 1.659160737902682552e-03 -2.452701260445909037e-04 1.667038291038695774e-03 -1.877215935480738233e-03 2.294324374238603144e-03 -2.478670574696545219e-03 1.857146019569703120e-03 -2.057936078672370061e-03 1.140578497293377432e-03 1.952079161288297181e-03 5.663365105151962724e-04 5.293113592309195350e-05 -1.014417686134851289e-03 1.801186440104763156e-03 8.122470321111105278e-04 -7.054375449933029301e-04 6.280509303411840882e-04 -2.313504772944852247e-04 -1.299591485986154428e-03 -2.235436817675372657e-03 1.689522411578674079e-03 -1.524015891709612654e-04
0.000000000000000000e+00 0.000000000000000000e+00 0.000000000000000000e+00 0.000000000000000000e+00 2.684005072771528111e-02 -4.837007383599904731e-02 3.825851862702263351e-02 -1.549303230190661462e-02 1.500014950043057071e-01 -6.490538369263626484e-02 2.037121659736459631e-02 4.344816324564686194e-02 2.794735774293139255e-02 -4.614267970468818869e-02 8.648914548817221437e-02 8.153533582622873865e-02 4.596781330670887677e-02 -5.681508641737391396e-02 2.988113999103171950e-02 -1.081246865320256989e-01 -1.165783432310418255e-01 3.664822639152690714e-02 2.959602283641761533e-04 -5.123852244849385479e-02 3.422098836574328784e-01 -4.660643424668840795e-02 -2.815857314470245065e-02 -1.019737354054389862e-04 1.854215488649502488e-02 -7.631926131752604647e-02 -1.636371211631520300e-02 7.564332906156895353e-02 3.499246568731284035e-01 -6.465642184054146147e-02 -2.419060516543044409e-02 -5.844117904584452544e-02 1.190977434820326419e-01 -3.905886172817870511e-02 -2.430741444987567779e-01 -2.666046456927623903e-02 4.105103476904570226e-02 2.599839466582316572e+00 9.583345887936316199e-02 2.058306719344911440e-02 4.071110904133007913e-01 -6.928708021710112963e-02 3.741252169853005044e-02 5.647695410949342409e-02 0.000000000000000000e+00 0.000000000000000000e+00 5.643694811870036271e-02 -3.004611991142033464e-02 7.630414068480624590e-02 1.933230546553842827e-02 1.259264546153673892e-01 5.045939348105463879e-02 -2.289247307767071637e-01 -5.378695169686042998e-02 3.262381101793210975e-02 9.318729592011618101e-03 1.182718585631247765e-01 1.432552433029564594e-02 -1.509270935234704319e-02 -3.603082913685364680e-02 -2.118997057935516695e-03 6.913522088897821466e-03 -8.844225704547969968e-01 2.387804211303179783e-02 6.204795048115049894e-02 -2.778998103055009376e-03 -7.271475042255956880e-03 -1.193858452932825519e-02 2.574349862399569894e-02 -8.376007041228730049e-03 -3.262838926541562073e-02 1.223632746736563748e-03 -2.135125993409633938e-03 6.735699483615830915e-03 5.311536546315932528e-01 -1.722291481708785807e-02 -1.406786957206148381e-01 -1.458011673482985382e-02 3.943140143972997252e-02 2.498638182850968295e-02 8.710244917629075823e-03 -5.832874299929620421e-02 -5.634252134027067233e-02 6.557667564302287200e-02 9.729469946518141954e-02 1.316902926952514818e-01 1.359369904752783242e-01 5.989249886155291469e-02 -1.136920149530496263e-02 8.677423861761458801e-02 5.491733918786118746e-02 9.990566168322907031e-03 6.129621428422825022e-03 2.362306261028087467e-02 9.526135191419778103e-02 2.962705546094320658e-02 1.948241982872247861e-03 6.294633874989741251e-05 -2.284327186161985018e-02 -1.704415428513210082e-02 -4.742980322896539480e-02 2.200076134871830486e-02 -6.919102756577129830e-03 5.294624924866278559e-03 7.264551842246627644e-02 7.565012869445539301e-02 3.080059333196225047e-02 9.184341157528008379e-03 7.832393255789316805e-03 -5.945542996840599143e-02 1.097278096341989945e-01 1.152858429964057074e-03 -2.587202213497955330e-02 -6.852986872503052940e-02 8.482385153711138881e-02 2.042548692045800807e-03 -2.248988028823430130e-02 4.305184400780884962e-02 -5.894101774274943667e-02 4.342071286559739951e-02 1.095327206419510757e-02 -7.178868733728155371e-02 -3.563908975278790026e-02 -2.681496395799122523e-02 -3.707756130434135267e-02 -9.921473709630423965e-02 2.504211312075290893e-02 -5.418341608590858394e-02
0.000000000000000000e+00 0.000000000000000000e+00 0.000000000000000000e+00 0.000000000000000000e+00 5.134114206991960416e-03 2.375601733165092627e-03 2.904844236988506252e-03 -1.490106726103356850e-04 2.747890427426766605e-02 -2.604939591217143510e-03 1.855088958592365821e-03 5.954296569430073821e-03 3.513883016765479827e-03 -2.090971307250247008e-03 1.441996985244512093e-02 3.677210741124249671e-02 1.872053021015092009e-02 -1.392271363756454085e-02 7.334921023509985080e-03 -3.306681029427534918e-02 -2.573123883338275172e-02 -6.568554688562528929e-03 6.700339436290451284e-03 -2.039030407747620746e-02 4.628003320413961313e-02 1.726411293481665363e-03 -6.668143751283399714e-03 -3.936764893216167412e-03 3.699137809086275753e-03 -5.468760817607347738e-03 1.323584731082644555e-03 1.234710050919434789e-02 6.087417461644877709e-02 -2.302501353625146293e-03 -2.355973668550456757e-02 7.395973413254619891e-03 7.335577221898589850e-02 -7.273998567605854081e-03 -1.068306840470224922e-01 -7.429753873815878040e-03 3.184312762649244011e-03 9.583345887903940707e-02 7.966167320028501309e-02 3.096740547813224900e-02 8.399641063577062416e-02 -3.830453198660017412e-03 1.436773793033896233e-02 1.297826351558210162e-02 0.000000000000000000e+00 0.000000000000000000e+00 1.552196144762131363e-03 -1.645296238642241903e-03 1.016475838641458726e-02 2.974993571567311704e-03 2.284437545076119930e-02 1.198596686771527184e-02 -3.776457668478977459e-02 -1.196990619833790924e-02 6.791382694277075388e-03 2.560576801230237277e-03 2.686165535143667654e-02 4.900096774577198007e-03 -4.561089708588176792e-03 2.727907627305741975e-04 -2.920854369555061537e-04 3.574131179576123425e-03 -3.096040226016408825e-01 -7.018247758734427744e-03 1.252957696088718639e-02 6.294131793064947598e-03 -4.252193823285598147e-03 -1.091848055412410201e-02 8.360595220178372242e-03 -6.455311762067091758e-03 -7.738512060046939117e-03 -2.484204114789568749e-04 1.574045967890322622e-03 4.406764819785894197e-03 1.441563489108784180e-01 -6.278400896068814588e-03 -3.124909528666976188e-02 -3.590071029624854887e-04 5.219910019995079725e-03 6.124315594890263753e-03 4.169978584841641661e-03 -1.259984005382611301e-02 -1.245311583445261883e-02 1.069609815154183401e-02 1.104731127404575373e-02 3.982569860485832280e-02 6.716049178578631894e-03 1.509050138833259967e-02 1.384167459917274960e-02 1.542337298608006252e-02 1.074366895807319852e-02 2.300209181993973818e-03 -1.632749085481877832e-04 3.472803028176060444e-03 2.049056434159114357e-02 7.483126617206480036e-03 1.370715348409792334e-03 -3.968186795872295433e-03 2.946402849433349706e-04 -2.066388857197309394e-03 -8.423068024728066518e-04 -4.717250366944201675e-04 1.371735409782791912e-04 -1.018804327095610904e-03 1.221763914867194864e-02 1.197940384915587020e-02 1.062751970731195747e-02 -4.469407203673581366e-03 -2.663952220161320845e-03 -7.455932442510195338e-03 5.673734095981125547e-03 -5.201119175790754057e-04 -3.479076603359098144e-04 -1.018720741012450401e-02 1.719184384550213884e-02 1.840114857646355526e-03 -8.772810537817673018e-03 6.397078487240063886e-03 -5.136682812950974820e-03 6.659747088946838325e-03 2.705071697667482677e-02 -1.085930441448614003e-02 1.078093458113504183e-02 -2.263324622286936108e-03 -1.062771861083962668e-02 -1.558623422176928786e-02 3.008451973733320545e-02 -7.653695365250507213e-03
0.000000000000000000e+00 0.000000000000000000e+00 0.000000000000000000e+00 0.000000000000000000e+00 9.442655271474392764e-03 -6.491865001467246772e-03 1.390073200003625773e-03 -1.932682037695352827e-04 5.725509162315432776e-02 -4.339514204448349788e-03 -9.143635557154716461e-04 4.693077668201466740e-03 1.024485687781383041e-02 -2.863244594332399733e-03 -5.583988023120012648e-03 3.614412335712421931e-02 2.944554721997131100e-02 -2.110545795505384785e-03 1.147611081519863199e-02 -3.808310454551978863e-02 -1.122227707223290120e-02 -2.826185092268213624e-03 2.085658046800669546e-02 -1.135860697753099911e-02 9.378787562446896930e-02 -5.440163767329684198e-04 -1.156357975711105011e-02 -4.578313339583482515e-03 5.388603194000881821e-03 -8.272429032017159303e-03 2.290390799872850901e-03 1.375523203477733991e-02 9.102061445436357423e-02 -4.720093980161882939e-03 -1.281558479661830570e-02 -4.381208380262372609e-02 5.896743696135978846e-02 4.336395571898352119e-02 -5.460670722717540088e-02 4.896678315067495152e-02 5.091546704746112775e-03 2.058306719346120889e-02 3.096740547816007050e-02 1.681101546912586731e-01 1.207783640229291022e-01 -6.665300939424812984e-03 1.797639162848303773e-02 1.389950111183466987e-02 0.000000000000000000e+00 0.000000000000000000e+00 1.872415678913085142e-04 -1.454006506190758672e-03 9.105585572042794451e-03 7.657779160678357747e-04 1.964518416969489312e-02 1.083439010024372408e-02 -3.184391149326100401e-02 -1.095265073414280858e-02 5.223807444743848970e-03 2.567037168010497319e-03 2.313814689666501834e-02 3.975905973783883454e-03 -4.620181895651797634e-03 8.248398885350850460e-03 -2.337741706547975459e-04 4.157489893065560195e-03 -3.216043366240072254e-01 -1.782296576514463826e-02 1.202733815827564806e-02 4.419551449726511101e-03 -5.126302061451678931e-03 -1.056191117734194690e-02 7.902179466367778224e-03 -3.016890312386895368e-03 -7.635897989764486513e-03 -3.015796433950971786e-03 -4.366140079928437908e-04 4.398788583985016425e-03 1.446557788457095151e-01 -6.017586329035858571e-03 -2.962210440332122691e-02 -2.689354739096642098e-04 4.738245760027847385e-03 4.766526591408718101e-03 5.016737938754137205e-03 -9.199193141992103445e-03 -9.605907732890887202e-03 5.758518731191016385e-03 6.558585369992298540e-03 3.092742439789116643e-02 -1.757602781995131445e-03 1.027619633397911132e-02 1.652805239835036452e-02 2.592521550824049975e-03 1.014810321008980179e-02 1.742711640869412095e-03 -4.314505231904587276e-04 2.168832379569923981e-03 1.885454279697645896e-02 6.253661614591427866e-03 8.904633452553179082e-04 -1.819977501845769334e-03 -6.356593021541522915e-04 -2.303723235502057234e-03 -2.492474255006611912e-03 2.514833435014306867e-04 -6.288020339661311514e-04 -6.982990900668466575e-04 1.108165515704398127e-02 8.685096930930294445e-03 1.074377185364752511e-02 6.438331724497219424e-04 -2.183425558614202327e-03 -5.337306563346471029e-03 8.176153655991242469e-03 1.658369702068110060e-03 -6.875628400394764167e-05 -6.693103442397865463e-03 1.700774843334920683e-02 1.408348901281460076e-03 -1.066446475083639156e-02 5.910344434228535608e-03 -4.364386811704382141e-03 5.175664177835643739e-03 2.880299677665097008e-02 -8.484579997423434550e-03 1.289298088633271736e-02 -4.000352942155659466e-04 -7.587836783667587133e-03 -1.790013416403214361e-02 2.872392425183859649e-02 -6.607660850397691077e-03
0.000000000000000000e+00 0.000000000000000000e+00 0.000000000000000000e+00 0.000000000000000000e+00 9.953930311803832476e-01 -6.559328653422227262e-01 1.202812271941004374e+00 -2.315304190298632103e-01 9.100987897227973633e+00 -1.766694821611091426e-01 7.766082668078101714e-02 8.530380097257879435e-02 2.363599336968734033e+00 -1.353650141774540017e-01 2.931638144467008544e+00 1.333825285172403063e-01 2.609221541336150252e-01 1.057775538266633730e-02 7.870441976409292550e-02 -1.719519484727961289e-01 -6.173392946845800144e-02 5.832059223719249230e-02 1.380860868572373473e-02 1.119994556882380060e-01 8.589625524701485659e+00 -1.114271974882890953e-01 -4.962226039023150820e-02 -1.397267079226444629e-02 8.290319292483909752e-01 -1.536326870895776131e-01 -1.860867777160927355e-02 1.068474822938235425e-01 9.842566346879449313e+00 -1.614520174995935087e-01 5.575466907085236956e-01 -5.035407615735484899e-02 5.924374982558380104e-02 1.824349566295358632e-02 -5.468290844280170732e-02 -5.283684295511700130e-02 -7.687798781909506787e-03 4.071110904106924888e-01 8.399641063572439725e-02 1.207783640223575178e-01 9.853231897116495830e+00 -1.998381562968434555e-01 2.036195343338725039e-01 1.912738473927046434e-01 0.000000000000000000e+00 0.000000000000000000e+00 3.549389039078380825e-02 -7.368595553293939837e-02 8.922158887957133688e-02 -1.415948431642659322e-03 1.971691447119650331e-01 7.260642096812851276e-02 -4.085068883895903169e-01 -9.250686121610611490e-02 4.282172525710204597e-02 1.142427216317256321e-02 1.647154695778970390e-01 2.098796100482921284e-02 -5.230121945177900605e-02 8.041445202978203532e-02 -8.221421398952291626e-02 -2.821985823726266829e-03 -3.646917410943565585e+00 -1.511506968040985666e-01 7.545972737450715173e-02 6.622430239233636703e-03 -3.525458484994715980e-02 -7.927038908684617968e-02 1.213416533835799949e-01 -5.808229989253627101e-02 -8.214848066259830550e-02 3.111361576902174630e-02 -2.209454491030073825e-02 1.144213942641199300e-02 1.559117229545753380e+00 -1.070642753522413476e-01 -2.296129376876797079e-01 -2.533649670345242133e-02 4.832708180767382455e-02 4.241387774548233819e-02 2.686189348123396020e-02 -1.291172388930688919e-01 -1.837053838151618823e-01 8.402210461531132990e-02 5.318330020566865851e-02 3.066896258018221855e-01 3.142989546389356181e-03 9.203566552327099859e-02 7.843927310941524456e-02 6.146821619456997038e-02 8.740657011057700876e-02 -9.007901693032428769e-03 -1.073493903504472123e-02 -4.956573880852773589e-02 1.941436910751748735e-01 3.986615468380523553e-02 5.275474116630999438e-02 -2.441718382221572461e-02 4.412332882659581595e-02 -1.787196402898977299e-02 1.604724355113507778e-02 -3.952680162376624728e-02 2.399690630194420068e-02 8.945290608056608028e-02 1.442420271794147835e-01 5.467006365488788489e-02 8.813646339641767469e-02 3.804671556744805561e-02 -1.157159418361130981e-01 -6.726330681927124300e-02 2.071427691937999249e-02 -3.576623351984917903e-02 -1.914402111011024588e-01 -8.326718921685154207e-02 1.530405938208352912e-01 -2.734455750669090475e-03 -1.055811838100499389e-01 7.041412307613235944e-02 -5.853286969742583362e-02 -3.155247892738979008e-03 1.843645581303452463e-01 -9.061607095722269689e-02 -3.195534328336935292e-02 9.194469949001445389e-03 -2.670722766640456353e-02 -1.686399055176302508e-01 2.084973956605630785e-01 -5.271837210891224673e-02
0.000000000000000000e+00 0.000000000000000000e+00 0.000000000000000000e+00 0.000000000000000000e+00 1.946646347627098428e-02 1.755552609505055262e-01 -2.445058703034951042e-02 1.645361952736269784e-01 -1.043596144713579144e-01 1.603374343885698994e-01 -2.488133026712173717e-03 -2.372766385174223790e-03 -3.967124013329691862e-02 1.553039304453232294e-01 -4.102198034837057500e-02 1.376312218389496023e-01 -3.853179088443026753e-03 6.766368469718586111e-03 -2.541957468661617398e-03 9.612274205615518180e-03 -2.765819130004908404e-03 -4.529787410310940135e-03 -2.109836795785993875e-03 -6.749275050958703729e-04 -1.520395223624738668e-01 1.532971763374206542e-01 3.513479788422555015e-03 2.100273701407947939e-03 -1.214511878622357571e-02 1.547403696507500259e-01 2.285921355802026083e-03 -7.838842507700667043e-04 -2.018424016953984379e-01 1.644386015906233733e-01 -7.558512351102014519e-03 1.459111323839006324e-01 -2.644120685496839651e-03 -4.089010594892504742e-03 2.529496215509056782e-03 1.077068400935673152e-02 -3.655974672646783094e-03 -6.928708021735990874e-02 -3.830453198710688251e-03 -6.665300939363480968e-03 -1.998381562971271175e-01 1.665818212411628030e-01 -1.197163707026794102e-02 -1.427573399654909897e-02 0.000000000000000000e+00 0.000000000000000000e+00 -6.180141361232723528e-03 8.131721736360624994e-03 7.789767640977938654e-03 -2.221588704656818607e-03 8.433690271906862240e-03 -2.333941191337314937e-05 -5.767345747050542197e-03 5.867272107930193194e-03 -3.770012451639023808e-04 -4.497625093812093397e-03 2.201997298530446179e-02 1.248463301862714299e-03 -1.289179842599329391e-03 -2.261490838686873103e-03 7.979939386187292344e-03 9.572520771455686819e-03 -5.155681311146399076e-02 -1.989720382241902136e-03 6.954951997588901258e-03 6.161857420638970455e-03 1.259028402922718988e-03 -2.644849788779168182e-03 -6.212452122988327240e-03 -9.281320444314721972e-04 -2.411048770739641651e-03 -6.452753465427169335e-03 3.990800942560783732e-04 3.113926756407102685e-03 1.751603486451325416e-03 7.757656539349023703e-03 -2.265329912172079144e-02 2.132866070405461164e-03 7.371251746149023315e-04 -4.732927994320706121e-04 7.313665075310248065e-03 4.369282844778934680e-03 -3.028793003040521179e-04 -2.476858485729868838e-03 -6.479388372238402416e-03 -8.318858612905185093e-03 -1.729047976260604524e-02 -2.393207575883554011e-03 6.040483931516202418e-04 -5.014329314791370583e-03 8.839959372324198913e-03 3.642474269532162794e-03 -2.017242798640286753e-04 -2.888409755306658999e-03 1.018285762061627540e-02 6.654441824994368482e-03 -1.284809614147335889e-03 -6.618833096197899654e-03 -5.892171037119920719e-04 -3.136426845190974384e-03 4.767810578165871012e-03 -5.899852121665124724e-03 -5.932883216149440159e-05 -9.383989417046382370e-03 4.969051196009593475e-03 1.173810852852096194e-02 5.391079447143527943e-04 -1.708943986139398186e-02 5.831708050628885316e-03 -7.463182271035849642e-03 -1.005079071807769842e-02 -1.361400191431546419e-02 1.262191997157453664e-02 -1.015712641746210725e-02 4.160085528075882499e-03 6.733465581210384618e-03 1.006964224585098905e-02 -9.331944943113630597e-03 -1.293346487926722195e-02 7.023365330491035743e-03 -3.035411375075458898e-02 -2.745814067224726287e-03 -1.340962433618893626e-02 -5.560778553917227786e-03 9.185509886531448634e-03 9.104818014322569805e-03 -1.799754270578314552e-02 -2.347253073078717656e-03
0.000000000000000000e+00 0.000000000000000000e+00 0.000000000000000000e+00 0.000000000000000000e+00 1.296225027810107323e-02 -1.022415758133973090e-02 1.419802124773386978e-02 -6.874637370665182858e-03 8.981897800793284259e-02 -1.069995222761766993e-02 1.477935448057757445e-03 8.428063061992866964e-03 2.151349313986956890e-02 -8.053137808883189738e-03 3.099251817265568157e-02 2.131621517927157969e-02 1.712723225314044875e-02 -3.638618550939655156e-03 3.976992874540619116e-03 -2.605223154041461098e-02 -1.778637268473199154e-02 -7.117474363764078691e-04 4.816056298127346577e-03 -1.000913175387109760e-03 1.188658127201166897e-01 -5.305800472263204511e-03 -8.656950210309093119e-03 -2.388550121271066241e-03 9.306995366450881990e-03 -1.236156614917258319e-02 7.629401889977869677e-04 1.371774598636018791e-02 1.594077303738565543e-01 -8.106798729388164579e-03 1.859590845284574915e-03 -4.814750959145921994e-03 1.181694857858513713e-02 3.939664860362309881e-03 -1.743186637582619034e-02 5.854857697662902696e-04 -1.050788188647969732e-04 3.741252169810433542e-02 1.436773793031670757e-02 1.797639162846953464e-02 2.036195343339172736e-01 -1.197163707024210058e-02 2.816831479041693662e-02 1.812566138749877043e-02 0.000000000000000000e+00 0.000000000000000000e+00 -6.743828781445516257e-03 -1.010876494712113945e-02 1.742080545371365793e-02 -8.811951994361116175e-03 3.869180157886484978e-02 2.525932643972477951e-02 -5.078544203895649090e-02 -2.043235164474021051e-02 1.058282382242037127e-02 4.716239823773708643e-04 5.740273226670891682e-02 1.120694373159156210e-02 -1.127916045448438924e-02 1.219270356057571697e-02 2.244248057812096592e-03 9.132403483497690544e-03 -7.921658193551366356e-01 -2.540337143313834214e-02 2.163096556164660969e-02 1.151601558831079515e-02 -8.258250113488789512e-03 -1.956463562979933457e-02 1.865596316446057473e-02 -9.528870588744332848e-03 -1.833866887369370313e-02 -4.593043496758286194e-03 -1.722462523302043316e-03 7.237955682426145884e-03 3.291928868298615862e-01 -6.327647180918516759e-03 -7.111538927764950169e-02 4.435758030419069756e-03 4.522644414655376151e-03 5.104690626462131571e-03 1.093757509357636513e-02 -8.394946005228540176e-03 -2.991393080127690077e-02 8.574199441052504644e-03 5.438065488796449236e-03 4.886134469972698569e-02 -1.050058512765014891e-02 1.181713835494753798e-02 1.831946535155646802e-02 1.037724308785682639e-03 2.458215092873679980e-02 6.454519484639925121e-03 -4.544373678099804595e-03 -1.179487077849893442e-02 4.272438370150155595e-02 2.004969316901948628e-02 2.920449046926724100e-03 -9.495288221540824913e-03 5.301434309284931701e-03 -6.853967566242027964e-03 4.384243511547086282e-03 -1.504001055524285119e-02 3.497146563720630093e-03 6.131915314125585721e-03 2.787881587530511782e-02 2.639853625945302179e-02 2.368375765763201454e-02 -1.114570515657842872e-03 -7.740362591262742523e-03 -2.017716289215239212e-02 4.313293200587734952e-03 -2.302759365831911695e-02 -1.680447620228381345e-02 -2.543365715419131437e-02 3.387953009508019864e-02 1.003973707600180378e-02 -1.791375672265686780e-02 3.547949057666712879e-03 -1.664246836175337085e-02 7.471532079574075107e-03 3.513282037042005090e-02 -1.385642611026697592e-02 3.865034993077358892e-03 2.257488833640800257e-03 -9.413205464697269390e-04 -2.698177555153616694e-02 4.273664996222591161e-02 -7.727479545655722634e-03
0.000000000000000000e+00 0.000000000000000000e+00 0.000000000000000000e+00 0.000000000000000000e+00 1.591080464270500094e-02 -9.762903716668814430e-03 1.856933351188694986e-02 -5.136275258687419618e-03 1.041338116342650083e-01 -1.092333080368038285e-02 6.481881415307410091e-03 1.308957094812527970e-02 2.661645357401339063e-02 -6.924562355384984019e-03 4.005530661429489853e-02 2.103383140119077441e-02 1.538362557497119018e-02 -4.586535561747178379e-03 4.551040277857155807e-03 -2.268453626833944609e-02 -1.547366312434592453e-02 -1.412526983723423786e-03 2.632517678879712445e-03 2.139813154478047499e-03 1.327471434865808431e-01 -5.943658852205560561e-03 -5.203660912793447307e-03 2.008225406176371384e-03 9.841661510289312353e-03 -1.139409940896537500e-02 -3.853555967737179282e-03 1.473411351689794292e-02 1.693027015447458594e-01 -1.124935666889860866e-02 3.454143686913964742e-03 -4.760322033355030534e-03 1.253873011299554488e-02 3.853233058988457527e-03 -1.601524301617646487e-02 1.200358976208289663e-03 3.177798421539329283e-04 5.647695410922103088e-02 1.297826351557440638e-02 1.389950111179737331e-02 1.912738473928308203e-01 -1.427573399652281617e-02 1.812566138750120251e-02 2.340939410728091682e-02 0.000000000000000000e+00 0.000000000000000000e+00 6.961970345899887343e-03 -1.641084246762275229e-03 9.765102386613992019e-03 1.062854346113140634e-02 2.261692181708443300e-02 1.365969241416248314e-02 -4.788297219328306598e-02 -1.455242516484814459e-02 5.631443884187917193e-03 1.595428841492441347e-03 1.812791466545341651e-02 4.503631322758494537e-03 -4.099711621851295090e-03 1.533387038541254160e-02 -4.201979655923978110e-03 1.199574563251161984e-03 -2.753285706457843651e-01 -2.115216676247470146e-02 1.127220153199628636e-02 2.032968360770185008e-03 -5.316491262795425624e-03 -7.340729763628555185e-03 1.062262581004565741e-02 -3.572693141403482289e-03 -7.321810447735474341e-03 7.858687519535889621e-03 -1.493122858609699337e-03 2.169481691257578535e-03 1.355414878341231477e-01 -1.389305306405659753e-02 -2.345871831903033333e-02 -1.259716894932924993e-03 6.881830636468071194e-03 7.414544836149585677e-03 2.311984001974921529e-03 -1.080370606870454699e-02 -1.572864340335946437e-02 1.128324759080152548e-02 9.600170962089269247e-03 2.979367600530622578e-02 9.815503730289686091e-03 9.680364873329480244e-03 5.643788638346768083e-03 7.534785453453591089e-03 8.056993449811256092e-03 1.848211045490831799e-03 -5.066822016829656281e-04 2.927072670452710024e-03 1.854136302480467735e-02 5.912795285194753434e-03 2.215933881092031158e-03 -5.710727331961445823e-04 1.349257323300677002e-03 -1.291446549319483911e-03 -2.592386057103682803e-03 -4.584578899537701882e-04 1.284137083727306854e-03 7.348030234746005807e-03 1.267101679882000342e-02 9.696198374577665383e-03 1.134674984565818383e-02 5.941516446033975364e-03 -5.956720699121259566e-03 -8.405696363816895708e-03 9.750502492394910736e-03 -2.071751700325996128e-03 -1.023836516148678849e-02 -1.026050259605587600e-02 1.688147740531762905e-02 -2.654724545912762385e-04 -1.175931346404320184e-02 1.226481770315674194e-02 -3.464492852899872261e-03 5.639759658667328410e-03 3.094828112755198396e-02 -1.292478035539259933e-02 7.420125649330137907e-03 -2.245677002390818622e-03 -9.541827720470543589e-03 -2.279745790094485705e-02 3.316304636783003190e-02 -8.763489427277714253e-03
0.000000000000000000e+00 0.000000000000000000e+00 0.000000000000000000e+00 0.000000000000000000e+00 0.000000000000000000e+00 0.000000000000000000e+00 0.000000000000000000e+00 0.000000000000000000e+00 0.000000000000000000e+00 0.000000000000000000e+00 0.000000000000000000e+00 0.000000000000000000e+00 0.000000000000000000e+00 0.000000000000000000e+00 0.000000000000000000e+00 0.000000000000000000e+00 0.000000000000000000e+00 0.000000000000000000e+00 0.000000000000000000e+00 0.000000000000000000e+00 0.000000000000000000e+00 0.000000000000000000e+00 0.000000000000000000e+00 0.000000000000000000e+00 0.000000000000000000e+00 0.000000000000000000e+00 0.000000000000000000e+00 0.000000000000000000e+00 0.000000000000000000e+00 0.000000000000000000e+00 0.000000000000000000e+00 0.000000000000000000e+00 0.000000000000000000e+00 0.000000000000000000e+00 0.000000000000000000e+00 0.000000000000000000e+00 0.000000000000000000e+00 0.000000000000000000e+00 0.000000000000000000e+00 0.000000000000000000e+00 0.000000000000000000e+00 0.000000000000000000e+00 0.000000000000000000e+00 0.000000000000000000e+00 0.000000000000000000e+00 0.000000000000000000e+00 0.000000000000000000e+00 0.000000000000000000e+00 1.000000000000000000e+00 0.000000000000000000e+00 0.000000000000000000e+00 0.000000000000000000e+00 0.000000000000000000e+00 0.000000000000000000e+00 0.000000000000000000e+00 0.000000000000000000e+00 0.000000000000000000e+00 0.000000000000000000e+00 0.000000000000000000e+00 0.000000000000000000e+00 0.000000000000000000e+00 0.000000000000000000e+00 0.000000000000000000e+00 0.000000000000000000e+00 0.000000000000000000e+00 0.000000000000000000e+00 0.000000000000000000e+00 0.000000000000000000e+00 0.000000000000000000e+00 0.000000000000000000e+00 0.000000000000000000e+00 0.000000000000000000e+00 0.000000000000000000e+00 0.000000000000000000e+00 0.000000000000000000e+00 0.000000000000000000e+00 0.000000000000000000e+00 0.000000000000000000e+00 0.000000000000000000e+00 0.000000000000000000e+00 0.000000000000000000e+00 0.000000000000000000e+00 0.000000000000000000e+00 0.000000000000000000e+00 0.000000000000000000e+00 0.000000000000000000e+00 0.000000000000000000e+00 0.000000000000000000e+00 0.000000000000000000e+00 0.000000000000000000e+00 0.000000000000000000e+00 0.000000000000000000e+00 0.000000000000000000e+00 0.000000000000000000e+00 0.000000000000000000e+00 0.000000000000000000e+00 0.000000000000000000e+00 0.000000000000000000e+00 0.000000000000000000e+00 0.000000000000000000e+00 0.000000000000000000e+00 0.000000000000000000e+00 0.000000000000000000e+00 0.000000000000000000e+00 0.000000000000000000e+00 0.000000000000000000e+00 0.000000000000000000e+00 0.000000000000000000e+00 0.000000000000000000e+00 0.000000000000000000e+00 0.000000000000000000e+00 0.000000000000000000e+00 0.000000000000000000e+00 0.000000000000000000e+00 0.000000000000000000e+00 0.000000000000000000e+00 0.000000000000000000e+00 0.000000000000000000e+00 0.000000000000000000e+00 0.000000000000000000e+00 0.000000000000000000e+00 0.000000000000000000e+00 0.000000000000000000e+00 0.000000000000000000e+00 0.000000000000000000e+00 0.000000000000000000e+00 0.000000000000000000e+00 0.000000000000000000e+00 0.000000000000000000e+00 0.000000000000000000e+00 0.000000000000000000e+00 0.000000000000000000e+00
0.000000000000000000e+00 0.000000000000000000e+00 0.000000000000000000e+00 0.000000000000000000e+00 0.000000000000000000e+00 0.000000000000000000e+00 0.000000000000000000e+00 0.000000000000000000e+00 0.000000000000000000e+00 0.000000000000000000e+00 0.000000000000000000e+00 0.000000000000000000e+00 0.000000000000000000e+00 0.000000000000000000e+00 0.000000000000000000e+00 0.000000000000000000e+00 0.000000000000000000e+00 0.000000000000000000e+00 0.000000000000000000e+00 0.000000000000000000e+00 0.000000000000000000e+00 0.000000000000000000e+00 0.000000000000000000e+00 0.000000000000000000e+00 0.000000000000000000e+00 0.000000000000000000e+00 0.000000000000000000e+00 0.000000000000000000e+00 0.000000000000000000e+00 0.000000000000000000e+00 0.000000000000000000e+00 0.000000000000000000e+00 0.000000000000000000e+00 0.000000000000000000e+00 0.000000000000000000e+00 0.000000000000000000e+00 0.000000000000000000e+00 0.000000000000000000e+00 0.000000000000000000e+00 0.000000000000000000e+00 0.000000000000000000e+00 0.000000000000000000e+00 0.000000000000000000e+00 0.000000000000000000e+00 0.000000000000000000e+00 0.000000000000000000e+00 0.000000000000000000e+00 0.000000000000000000e+00 0.000000000000000000e+00 1.000000000000000000e+00 0.000000000000000000e+00 0.000000000000000000e+00 0.000000000000000000e+00 0.000000000000000000e+00 0.000000000000000000e+00 0.000000000000000000e+00 0.000000000000000000e+00 0.000000000000000000e+00 0.000000000000000000e+00 0.000000000000000000e+00 0.000000000000000000e+00 0.000000000000000000e+00 0.000000000000000000e+00 0.000000000000000000e+00 0.000000000000000000e+00 0.000000000000000000e+00 0.000000000000000000e+00 0.000000000000000000e+00 0.000000000000000000e+00 0.000000000000000000e+00 0.000000000000000000e+00 0.000000000000000000e+00 0.000000000000000000e+00 0.000000000000000000e+00 0.000000000000000000e+00 0.000000000000000000e+00 0.000000000000000000e+00 0.000000000000000000e+00 0.000000000000000000e+00 0.000000000000000000e+00 0.000000000000000000e+00 0.000000000000000000e+00 0.000000000000000000e+00 0.000000000000000000e+00 0.000000000000000000e+00 0.000000000000000000e+00 0.000000000000000000e+00 0.000000000000000000e+00 0.000000000000000000e+00 0.000000000000000000e+00 0.000000000000000000e+00 0.000000000000000000e+00 0.000000000000000000e+00 0.000000000000000000e+00 0.000000000000000000e+00 0.000000000000000000e+00 0.000000000000000000e+00 0.000000000000000000e+00 0.000000000000000000e+00 0.000000000000000000e+00 0.000000000000000000e+00 0.000000000000000000e+00 0.000000000000000000e+00 0.000000000000000000e+00 0.000000000000000000e+00 0.000000000000000000e+00 0.000000000000000000e+00 0.000000000000000000e+00 0.000000000000000000e+00 0.000000000000000000e+00 0.000000000000000000e+00 0.000000000000000000e+00 0.000000000000000000e+00 0.000000000000000000e+00 0.000000000000000000e+00 0.000000000000000000e+00 0.000000000000000000e+00 0.000000000000000000e+00 0.000000000000000000e+00 0.000000000000000000e+00 0.000000000000000000e+00 0.000000000000000000e+00 0.000000000000000000e+00 0.000000000000000000e+00 0.000000000000000000e+00 0.000000000000000000e+00 0.000000000000000000e+00 0.000000000000000000e+00 0.000000000000000000e+00 0.000000000000000000e+00 0.000000000000000000e+00 0.000000000000000000e+00
0.000000000000000000e+00 0.000000000000000000e+00 0.000000000000000000e+00 0.000000000000000000e+00 6.060809380457992702e-03 -3.351705431598558070e-03 7.611468520534875326e-03 -1.194981378153291574e-03 3.485782015718009996e-02 -3.490452414769637697e-03 5.822875279148377950e-03 5.969641382978308278e-03 9.220172431424250928e-03 -6.071845629815190212e-04 2.027737385463374703e-02 4.259731911248027664e-03 9.766121406025491010e-04 -2.512227167973233536e-03 -2.178375993318443747e-04 -3.004564587342586825e-03 -5.019204496639269840e-03 2.465535879644799419e-04 -2.192024136486993898e-03 2.591707964948607515e-03 4.887520186637567959e-02 -2.157435769541166549e-03 9.160765953796395130e-04 3.438883127987941209e-03 2.041060726579510456e-03 -2.143708247207137818e-03 -7.216079564996883723e-03 2.810673111333107307e-03 5.322009535194233837e-02 -7.033539647898428594e-03 2.638889122039014042e-03 -1.741363099856775738e-03 2.554273383932352190e-03 7.163146041529244246e-04 -1.670032403347712982e-03 9.358157668506436383e-04 -2.494138764991772530e-04 5.643694811912641773e-02 1.552196144767224945e-03 1.872415678783956663e-04 3.549389039141740559e-02 -6.180141361227502877e-03 -6.743828781428705919e-03 6.961970345898734619e-03 0.000000000000000000e+00 0.000000000000000000e+00 1.603727845671782115e-01 1.071425930542748844e-01 -7.808572523240427110e-02 1.068299539200845139e-01 -1.489099976294170902e-01 -1.469106046434421331e-01 1.458448723784935563e-01 6.078107021206938243e-02 -4.571548452788134348e-02 3.078795686830811118e-02 -2.667700933435825927e-01 -9.188331948859607134e-02 6.947763090415574883e-02 -2.069956795187781126e-02 -1.629586056232943114e-01 -1.245913754016506614e-01 5.790500654046049966e+00 1.124923477546289075e-01 -7.307649609545018021e-02 -1.609595133472228323e-01 2.482688208932698828e-02 1.524675054428919485e-01 -6.050928861854035223e-02 6.225130617833880831e-02 1.081537682639593656e-01 9.466657034203693200e-02 -3.026291693521922579e-02 -7.450834691496985296e-02 -2.269621851461665951e+00 -3.949836630679160604e-02 3.382205009780212546e-01 -7.185694676625102584e-02 4.917720155849045031e-03 1.106254678184527508e-03 -5.442256871762923137e-02 -4.825861990533429624e-02 1.436500912741182634e-01 2.453904000850247111e-02 1.295356293133699543e-02 -2.221675954033007494e-01 1.508087750464965071e-01 -2.525330781996176430e-02 -1.006782422915865061e-01 5.485658681651525009e-02 -1.033996945019854952e-01 -7.726960755890305288e-02 2.213457398445287799e-02 4.124295153599218805e-02 -1.609198120325512071e-01 -1.635877173350877289e-01 1.727816994028468639e-02 9.122620463069761043e-02 -1.717807479866097220e-02 5.432532304477100810e-02 -4.360344194186190070e-02 1.322567618197426909e-01 -1.294607917893053628e-02 1.805643167749408987e-02 -7.147162046489559384e-02 -2.222324665146413747e-01 -1.610125642432499171e-01 1.215328619397991056e-01 -1.690669881151595638e-02 1.474165803622610460e-01 8.308045656857061811e-03 2.373656551822343475e-01 -2.742613182189405224e-02 1.822540569466616356e-01 -9.676822378729735274e-02 -8.396992639457970253e-02 4.684092429928825123e-03 1.116482264595810084e-02 4.317139551378792323e-02 -3.742560448845237003e-02 -2.319654012582895719e-01 4.816715969873179223e-03 -1.048551133751616515e-01 -4.633984854726590913e-02 -1.288932483756515326e-02 7.344659339751538618e-02 -2.953165738198437751e-01 -5.934484448018761266e-03
0.000000000000000000e+00 0.000000000000000000e+00 0.000000000000000000e+00 0.000000000000000000e+00 -3.786360878933938551e-03 1.233623891283499273e-02 -4.631009201427518929e-03 7.347745555798721427e-03 -4.124125588669842052e-02 8.318800152708697576e-03 1.818490528156318023e-03 7.403137490027351985e-04 -1.136440594259249814e-02 7.469675513052589401e-03 -1.195549018897877798e-02 6.334489524069277996e-03 -1.469594231869706009e-03 -5.599269355141327188e-04 3.302307904840115146e-04 1.905171500553514427e-03 8.736310214406524605e-04 -2.159780071885128525e-03 -1.805990985785049449e-03 1.595417730399810094e-04 -4.566666342445946380e-02 7.067384573641787189e-03 2.406847328101905173e-03 2.240255444096119711e-03 -3.123591508573244930e-03 7.767618346306197699e-03 7.100104762924690747e-04 -2.631857872053080822e-04 -6.141720220081255122e-02 6.983572544169522334e-03 -1.730193001985272285e-03 7.329088844128793002e-03 -7.826244831983454782e-04 6.374235250083171199e-04 1.381457861721783337e-03 1.209529179686537120e-03 6.740307806319752355e-04 -3.004611990826737758e-02 -1.645296238344120133e-03 -1.454006506008150620e-03 -7.368595553164025702e-02 8.131721736154163410e-03 -1.010876494705011813e-02 -1.641084246610448327e-03 0.000000000000000000e+00 0.000000000000000000e+00 1.071425930542992122e-01 4.952440836088750631e-01 -1.598583865987573127e-01 1.072976193356650065e-01 -2.374491717754360076e-01 -1.407820433212299827e-01 2.475084957494765314e-01 8.018216872292723008e-02 -7.457679083322241165e-02 4.211165729589440299e-02 -3.377060530072975020e-01 -8.660507747662445077e-02 8.800105813577999148e-02 -2.854090580517940762e-02 -1.197474187026272285e-01 -1.528225228733958718e-01 6.794043060589626037e+00 1.794411556873122815e-01 -9.619890920673802859e-02 -1.237821732421887505e-01 1.204971612439185470e-02 1.385483925664413307e-01 -9.722521126167603389e-02 8.904260529195534568e-02 1.422140915250903470e-01 1.034510654218400161e-01 -6.394163792663820449e-03 -8.300496984998471939e-02 -2.743918518068439560e+00 5.956739751817072097e-04 4.744561690648004260e-01 -5.252515002234962177e-02 1.139871852879543665e-03 1.329788676248741617e-03 -7.114214702087597042e-02 6.986817704471829163e-03 1.659656099313408795e-01 5.958076754131796590e-04 -1.940772221327379324e-02 -3.125499618767143550e-01 1.463695186854889196e-01 -6.058640129625354753e-02 -1.252464065629860790e-01 3.928674037810553354e-02 -1.580902933182629366e-01 -4.327537212183309862e-02 2.519529282002252665e-02 1.536518035076894773e-01 -2.439325016433200044e-01 -1.465202345831979336e-01 -1.094380347033871957e-03 9.059848597917501134e-02 -1.794907915420573472e-02 5.246497703517614269e-02 -1.133313335695445428e-02 1.401855690777942254e-01 -5.037128723699371355e-03 -9.481538066888475780e-02 -1.038590770156058996e-01 -2.016539392662637931e-01 -2.102431161119666936e-01 9.634488427724306747e-02 -6.074727373146280446e-02 1.429259484043546025e-01 -1.305691987064677428e-01 2.216026112253669800e-01 -3.260020578015344894e-02 1.720520773965459049e-01 -1.564261600823670662e-01 -6.375838625575015739e-02 7.284947525932427767e-03 3.396500162647789547e-03 1.206059361295179350e-01 5.822693745882320110e-02 -9.000873724749121341e-02 -4.668521670932907625e-02 2.887638506999650953e-02 -1.113576132523250717e-01 -4.470401657260852923e-02 3.785824911201923076e-02 -2.055009642910372858e-01 -6.905830451152010496e-02
0.000000000000000000e+00 0.000000000000000000e+00 0.000000000000000000e+00 0.000000000000000000e+00 6.721754803285366967e-03 1.305240912776601224e-02 4.719166898201519571e-03 1.102244925732137441e-02 -8.062025784989140104e-03 6.648482260059547511e-03 9.878923976933792067e-03 7.658731455094141410e-03 -9.641316892918491352e-03 8.082593891363443889e-03 7.993157908968685776e-03 3.160251249704656984e-02 2.176441926597457582e-02 -1.640410863859656683e-03 -4.670032497349149887e-03 -1.855462827002399284e-02 -1.385269331496193947e-02 4.676710009810087360e-03 2.429990365204184096e-03 3.798225932024519753e-03 2.889124712054325084e-02 1.157877139345190459e-02 -2.201107351535087821e-03 -6.915439494606857862e-03 -3.178720961404792045e-03 -8.051160560304530985e-04 -1.243979172318079689e-02 1.983920510813005911e-02 4.583044149214859919e-02 1.141400067663728840e-02 -3.054172543280304387e-03 1.103395263416916648e-02 1.736362161753556704e-02 -2.144400159293406022e-03 -1.362203750917932027e-02 -3.642206261434398264e-03 3.991861864480530106e-04 7.630414068464559663e-02 1.016475838648102543e-02 9.105585572051010101e-03 8.922158888060199855e-02 7.789767640895675464e-03 1.742080545376189712e-02 9.765102386669355719e-03 0.000000000000000000e+00 0.000000000000000000e+00 -7.808572523249197872e-02 -1.598583865993843389e-01 2.249338089491571546e-01 -1.005430951570855935e-01 3.095827440824290844e-01 2.001278036215776157e-01 -3.119911398714479978e-01 -6.888129140868837208e-02 6.240919621672575551e-02 -4.633361861966340395e-02 5.947410971998006168e-01 1.417803692644753755e-01 -1.007162587802887255e-01 8.276452283573923485e-02 1.278146297488639838e-01 1.280451792131094002e-01 -7.237740451478091863e+00 -1.561663115029962856e-01 1.674727845279026794e-01 1.788250399120200618e-01 -7.847282802461427731e-03 -1.463298307215846750e-01 9.223656614401498643e-02 -6.486094221253148329e-02 -1.593264753659605348e-01 -4.943036732155793589e-02 1.245713485780508209e-02 6.826161125161096799e-02 2.746460391980059867e+00 2.113484008589459895e-02 -6.999710196977950716e-01 9.177060151655627718e-02 1.580233758801236413e-02 7.660776437309013004e-03 1.239987366173277011e-01 9.059129805909051092e-02 -1.389010541540157961e-01 -4.018807539071818369e-02 3.022915733558769261e-02 2.250848511739081403e-01 -9.757691719006778008e-02 3.134459212917476215e-04 8.714273959083408683e-02 -8.731935601303393579e-02 2.364265295879321715e-01 1.158995365264515881e-01 -3.189269998314781668e-02 -1.020467349959713055e-01 3.647446421460280863e-01 2.144450472815241093e-01 5.436539142641889401e-03 -7.852739747688346206e-02 2.122704451047553037e-02 -5.129866617578063281e-02 2.027712759653390456e-02 -1.232866438029583678e-01 4.607103465236256183e-03 6.917268719507162211e-02 2.087312455487847218e-01 2.842872078603077002e-01 1.970974813812442772e-01 -7.073553189268386165e-02 3.592820543207460998e-02 -1.552864342164491651e-01 5.822600190881906806e-02 -2.034680495165382685e-01 -8.259314183121833908e-03 -1.938835295528436864e-01 2.415707262150901258e-01 1.419548359969988738e-01 -8.610802883830695129e-03 -1.953249939908432986e-03 -2.096395912376076975e-01 1.056236184909324916e-01 5.034371332137572291e-02 -6.218741931316469629e-02 -8.819983436428421864e-02 2.470072953726082030e-02 2.959333570136251854e-02 -9.132365585014946829e-02 1.550503878271841107e-01 -3.037737033422441627e-02
0.000000000000000000e+00 0.000000000000000000e+00 0.000000000000000000e+00 0.000000000000000000e+00 2.903373494277112186e-03 1.650773806440064811e-03 1.632145599145112423e-03 3.573442922070835508e-03 2.420184473731988237e-02 -2.521999381333659557e-03 1.432870610084866674e-03 1.583090217830716157e-02 9.769628501591270942e-03 -2.562996057235711507e-03 1.288124457747428370e-02 7.381692661509192503e-03 -3.025345333140635334e-03 -3.122783325808941961e-03 7.390893063731631893e-03 -1.961594789435171845e-03 1.807483011098804954e-03 -9.837265366360380819e-03 -4.622212515341252853e-03 6.779835772021149381e-04 8.291099919756659414e-03 -1.721466349077805345e-03 3.631520809477155505e-03 1.293466503233948323e-02 3.613620607112620273e-03 4.616743992448930304e-04 2.046230049835691574e-03 1.115325740487272538e-02 1.514352514250867990e-02 -3.245202843813485213e-03 1.427848628257432848e-03 2.420227062523710657e-03 4.173469190358794663e-03 1.039674055798258789e-03 -3.841147436396111572e-03 4.044788845036358278e-03 2.348021783479841383e-03 1.933230546476497405e-02 2.974993571490170720e-03 7.657779160421219686e-04 -1.415948432191269091e-03 -2.221588704509194941e-03 -8.811951994418844303e-03 1.062854346104469792e-02 0.000000000000000000e+00 0.000000000000000000e+00 1.068299539201433696e-01 1.072976193359017477e-01 -1.005430951573684090e-01 2.466284323746794072e-01 -1.828364514415634356e-01 -1.116704683837135004e-01 1.332830743753854741e-01 4.966768439891802722e-02 -5.434718717728406756e-02 2.599243372500391336e-02 -3.400750018553508336e-01 -5.410046870849476164e-02 8.713948828754823628e-02 1.704283820956840612e-01 -1.579565423479419306e-01 -1.529951416460920421e-01 7.059181100220483174e+00 -2.504632697126741442e-02 -9.278817545485557039e-02 -1.478115660523816322e-01 1.487433237604992263e-02 1.894748291008538088e-01 -6.555501824780973763e-02 7.250302419725181136e-02 1.321411062016571991e-01 2.222121988451130070e-01 -2.368952240871955925e-02 -8.419027493389373562e-02 -2.698375760925829869e+00 -1.209935348747286504e-01 4.116766632012324734e-01 -3.395072340891984453e-02 -1.665070419103063283e-03 1.605690747174801092e-02 -8.800088495565276669e-02 1.678916543778598974e-02 9.119020899760775511e-02 6.535344677391087022e-03 1.894117524854123727e-02 -2.975557687847237842e-01 2.338883609010004583e-01 -4.974209999948896871e-02 -1.492980699650265086e-01 4.136718033211275042e-03 -1.290527096033937393e-01 -4.632839950392863421e-02 2.401780405965209600e-02 -1.054730852837894653e-02 -2.146533961971019699e-01 -1.330508953220232160e-01 9.687136072866859085e-03 9.441973261854869071e-02 -1.930262445347360675e-02 5.661633725867001171e-02 -4.085236933556880140e-02 1.371247697319585568e-01 -4.974891455018103439e-03 3.726558217942729789e-02 -1.243282034657400281e-01 -1.928161666956701714e-01 -1.378906674355143691e-01 1.331916097523385689e-01 1.709071432070483412e-02 1.424563444618923980e-01 1.861763771558269664e-02 2.386137411578365952e-01 1.485198774921219975e-02 1.752718048700667441e-01 -1.300825577472157768e-01 -5.448485516714198645e-02 6.357665875559543461e-03 1.591516968312896643e-02 1.312775270435478925e-01 4.501966719907960109e-03 -1.283479557364377785e-02 2.553616631747301045e-03 8.997103116321678029e-02 -6.280786462959252192e-02 -8.296993194940557870e-02 4.935505364827751790e-02 -6.918960464008035161e-02 -8.911547140219579569e-03
0.000000000000000000e+00 0.000000000000000000e+00 0.000000000000000000e+00 0.000000000000000000e+00 1.297747532133565126e-02 1.863227007602197283e-02 9.397488031867951702e-03 1.613797104104678151e-02 9.574333161110490376e-03 7.083504926678342584e-03 1.280246457269876813e-02 1.559635262983027210e-02 -8.341774358998226696e-03 9.680097638041323255e-03 1.843071565900964576e-02 5.630554339078056025e-02 3.644836604148428416e-02 -5.322556723828895248e-03 -3.920000031931778275e-03 -3.724545028749667169e-02 -2.742539719446293947e-02 3.800605953288628894e-03 5.359543299183486612e-03 1.845470569584232090e-03 7.104249146093796763e-02 1.669092076869093180e-02 -6.931957771618177215e-03 -1.011101468844109903e-02 -1.694214447836468306e-03 -3.265502760886516975e-03 -1.484206188799262055e-02 3.367485447144120958e-02 1.175823546496610889e-01 1.518926560715395079e-02 -5.934398303398093558e-03 1.673568726494379169e-02 3.277550934101288588e-02 -1.028001381223607978e-03 -3.408449876276282986e-02 -5.516667287495370664e-03 1.982532396858425854e-03 1.259264546144453212e-01 2.284437545080839765e-02 1.964518416969346717e-02 1.971691447142769060e-01 8.433690271729025328e-03 3.869180157891913274e-02 2.261692181720600242e-02 0.000000000000000000e+00 0.000000000000000000e+00 -1.489099976295003014e-01 -2.374491717767066579e-01 3.095827440825090759e-01 -1.828364514410592834e-01 6.104842518933344397e-01 3.894740025949499640e-01 -7.224421973097469030e-01 -1.555030372647693004e-01 1.334046751479738280e-01 -8.195855674697095916e-02 1.074381138248740042e+00 2.455081052009828735e-01 -1.807463120460472694e-01 4.908781736047061056e-03 2.028265320201043387e-01 2.110225904759279458e-01 -1.283773045366818621e+01 -1.270392784852348300e-01 3.264068992571051431e-01 3.366438492813243477e-01 -5.663211449311923718e-02 -2.882539106410382801e-01 1.764398998056183332e-01 -1.430719315465882602e-01 -2.842473581807348215e-01 -1.475198519686847787e-01 2.099777175855327416e-02 1.069170283502651753e-01 4.842140932901353167e+00 1.043432463577565750e-01 -1.272985804285176048e+00 1.602297436241127138e-01 2.211266813762701941e-02 1.526445444378842116e-02 2.210752729918156190e-01 7.887661795750616767e-02 -3.260861370713819540e-01 1.998612336545755111e-03 4.040813179575036829e-02 5.216570526015478215e-01 -2.397880869784279889e-01 6.502998110620508698e-02 1.885871104929895403e-01 -9.784674039792948252e-02 4.263518110301434683e-01 2.046442333841884953e-01 -4.567944915005386908e-02 -1.635555117997988250e-01 6.714552192906390049e-01 3.926422641888621667e-01 3.658985334951518793e-03 -1.667935945953770427e-01 3.817674465049853555e-02 -1.071612459006862778e-01 4.720945405679529555e-02 -2.491130046841002754e-01 1.623610493173205382e-02 6.898136070824681387e-02 3.907936407248042143e-01 5.359869832865290507e-01 3.722810925603055598e-01 -1.887530889491838837e-01 5.535607069283635107e-02 -3.163329403237779558e-01 1.024118910681091343e-01 -4.384618418876694568e-01 -5.189774749987004221e-03 -3.919682286342185407e-01 4.402343741018934220e-01 2.466413521880532200e-01 -2.233277045147495643e-02 -9.532004751102896196e-04 -3.665727898287115538e-01 1.416162687752312577e-01 1.787630962575930682e-01 -8.420472890987838743e-02 -1.001389759698360638e-01 7.832635208693947138e-02 8.741730403760808454e-02 -1.977442003490335332e-01 3.603185888854604224e-01 -1.673548609473232002e-02
0.000000000000000000e+00 0.000000000000000000e+00 0.000000000000000000e+00 0.000000000000000000e+00 -4.202224610896894224e-04 4.178268902229198209e-03 -1.645328948479310655e-03 3.520403838269473007e-03 -2.415781394918394345e-02 -2.253854647152904195e-03 8.282464644004105267e-04 1.054483017381435510e-02 -9.759146971341472326e-03 -3.128822870279767809e-03 -1.219098507993611209e-03 2.320770524915175340e-02 1.472060189653407423e-02 -1.645644166508462326e-03 1.724765470792148766e-04 -2.008420136215978424e-02 -1.292226772733664868e-02 -2.498740808338984886e-03 1.452203853098668748e-03 -1.641165640040769501e-03 -5.606885370370225628e-03 2.755730454606404676e-03 -4.601748085913565448e-03 -2.164879261159379908e-03 -8.318149928534553225e-04 -6.120113006608414279e-03 1.970263699928028606e-03 1.887166222429755014e-02 2.401885863582083058e-02 3.944858982655603460e-03 -5.160586992629107375e-03 4.068950202101926338e-03 1.746648257405356702e-02 6.366024056770057697e-04 -1.901806661714250737e-02 -1.263542017497675061e-03 2.460746230231433945e-03 5.045939348022938920e-02 1.198596686769858553e-02 1.083439010023603578e-02 7.260642096943686896e-02 -2.333941196765251141e-05 2.525932643967652644e-02 1.365969241415446699e-02 0.000000000000000000e+00 0.000000000000000000e+00 -1.469106046432880341e-01 -1.407820433214018452e-01 2.001278036213709199e-01 -1.116704683834664896e-01 3.894740025943101980e-01 4.439034305225517674e-01 -3.625879557469979808e-01 -1.760996019560021608e-01 1.136853810177893415e-01 -6.870246506991593838e-02 7.363352367286414291e-01 2.588694343220941385e-01 -1.478638245688068120e-01 1.184664440153069681e-01 2.075307901028543012e-01 2.126276177149153401e-01 -1.129931639928312492e+01 -1.713120863774851843e-01 2.100655583397617876e-01 3.456461437403641757e-01 -4.944924995972817955e-02 -2.361974030607168207e-01 1.309687377578199752e-01 -1.007827122380416246e-01 -2.210176404262133021e-01 -3.659025638323739477e-02 2.769618845154320566e-02 1.210893758039726792e-01 4.121325313338065399e+00 5.270742925936867940e-02 -8.724684581171691100e-01 2.032391928519094448e-01 5.262597296330146120e-03 1.340700255698396709e-02 1.524475854839334177e-01 1.282612941457729749e-01 -2.707464436527622365e-01 2.957185273248505789e-02 -1.877464185679977166e-03 4.420832854624480168e-01 -2.525430666149915959e-01 9.154346357279015411e-02 1.760142401027445513e-01 -2.538103860868960379e-02 2.844923008597491365e-01 2.528157375956497366e-01 -4.018543658209238617e-02 -5.813189263218061786e-02 4.286516450228687880e-01 4.042235415761662454e-01 -2.923150972573803491e-02 -1.411712350095182811e-01 1.260201355883159777e-02 -1.073123695014665119e-01 3.153052985612030124e-02 -2.088565354952065245e-01 1.901360117247735682e-02 2.093397438397833626e-02 2.291188042848793793e-01 5.230381663631119560e-01 3.230421280581935450e-01 -1.539526694078424407e-01 9.551928416444689651e-02 -2.749172607990670869e-01 8.492323325121284294e-02 -3.849415390688950556e-01 4.773560363438578841e-02 -3.412695310844522378e-01 2.826242704030078601e-01 2.648960929730272418e-01 -1.615394040631908112e-02 -9.611682651751278245e-04 -2.328533781942811465e-01 1.681793435693499650e-01 1.770802590384783493e-01 -3.031632304227230984e-02 -2.547391261152673336e-02 9.112365542237564620e-02 8.966107018776869886e-02 -1.167725938897204302e-01 3.090444873459569086e-01 1.576387775822836110e-02
0.000000000000000000e+00 0.000000000000000000e+00 0.000000000000000000e+00 0.000000000000000000e+00 -3.541939219137527767e-02 -2.418411224547952626e-02 -3.089452381774857731e-02 -2.435674729190928298e-02 -1.207880387164862734e-01 -6.296779827937654811e-03 -2.783578728056594273e-02 -3.756675617752205931e-02 -1.654129744587445189e-02 -1.396409152509617280e-02 -6.881628876956163987e-02 -9.974118319705042868e-02 -6.057090238574151797e-02 1.441992305148073403e-02 -1.160496175143101855e-03 6.509967170019681504e-02 4.702823592935135438e-02 -6.357040500410762740e-04 -6.384656022844921106e-03 -6.326524656727413806e-03 -2.214799826715953268e-01 -2.277503925872507301e-02 8.629089446919757656e-03 6.544475517681677158e-03 -5.367648908996522188e-03 7.178481234310104750e-03 3.114128887085384351e-02 -6.032971809032224020e-02 -3.027567925735706877e-01 -1.535721603616204724e-02 1.582088273271027926e-03 -2.452847065012093292e-02 -5.039891831633537544e-02 -1.919246261809580845e-03 5.272947630362561505e-02 4.687575565578690033e-03 -3.525499282948396131e-03 -2.289247307744906590e-01 -3.776457668471822765e-02 -3.184391149311780606e-02 -4.085068883921709193e-01 -5.767345746956924375e-03 -5.078544203903831433e-02 -4.788297219342681210e-02 0.000000000000000000e+00 0.000000000000000000e+00 1.458448723784909473e-01 2.475084957513331574e-01 -3.119911398714669826e-01 1.332830743745796187e-01 -7.224421973095825900e-01 -3.625879557478887127e-01 1.228806649147408114e+00 1.488980649270345014e-01 -1.376954111121046764e-01 8.773857144295367505e-02 -1.021771086256818784e+00 -2.278886546426708293e-01 1.817642532525685917e-01 1.118234891698191152e-01 -1.363120472958779250e-01 -1.435012731155150822e-01 1.267386953973195318e+01 -1.629817236901409672e-02 -3.487707498373603388e-01 -3.042944528830781037e-01 9.065581607683610710e-02 2.829827980632416140e-01 -2.043232963181335071e-01 1.452407915715632214e-01 2.829418150520535136e-01 1.979989734208510155e-01 -1.501908963602024971e-02 -5.718598719788750562e-02 -4.801603767187836880e+00 -1.689081083357233670e-01 1.225468082424849836e+00 -1.294836317859794639e-01 -3.907903378839111541e-02 -3.147749706737056063e-02 -1.911936889340166978e-01 -5.013140468318052351e-02 3.830337948082436217e-01 -5.084116535975180540e-03 -1.105472256384839869e-01 -5.185798493285531663e-01 8.935279172927884650e-02 -3.510610864113604401e-02 -1.204284844589464387e-01 1.291177005798444521e-01 -4.211829338785355592e-01 -1.789387917170460196e-01 2.777315944873422204e-02 2.583367845981835442e-01 -6.938375843306751056e-01 -3.600758580620478377e-01 -6.609527970391765317e-02 1.573036934278890797e-01 -5.585802792585934512e-02 9.563619929610675530e-02 -3.877712772763380888e-02 2.246817495745369320e-01 -1.354120464447300734e-02 -1.271886830678898850e-01 -4.244014749537580733e-01 -5.273685305569960624e-01 -3.265883241978141394e-01 2.010538965374853992e-01 3.273359634337204283e-03 3.337320739026625738e-01 -1.513152061068513410e-01 4.225706265089702596e-01 9.119225733051732063e-02 4.065843128295070219e-01 -4.425126703001416861e-01 -2.191602964568428735e-01 2.684689991611658583e-02 -1.685122298503100371e-02 3.780515715194752713e-01 -1.431495951367680874e-01 -8.943108519568690462e-02 1.348877946634613467e-01 1.859343128219484442e-01 -2.887529184764497242e-02 -1.119042068734531215e-01 2.982563026160374720e-01 -3.621286879441818485e-01 5.417190176666036167e-02
0.000000000000000000e+00 0.000000000000000000e+00 0.000000000000000000e+00 0.000000000000000000e+00 -3.275540849800609184e-03 2.266914608733879358e-03 -3.068781931713650268e-03 5.677849138401870046e-04 -1.181599241866462292e-02 5.673583810651824585e-03 -8.773257250041635634e-04 -8.963863235637182375e-03 -1.024724921390761942e-03 4.806968876065568184e-03 -7.547722562965300877e-03 -1.839355795723445625e-02 -1.169853983063918156e-02 2.982222481989988804e-03 -3.060674133496979737e-03 1.902082034829728416e-02 1.243563233598087361e-02 2.612883623626223884e-03 -2.342279473441638386e-03 2.357732486445617698e-03 -3.223494786901250769e-02 1.295285284393860861e-03 5.429187710431868964e-03 7.450656113521276092e-04 -2.206918882499562563e-03 7.777494791193076580e-03 -1.519140260548315548e-03 -1.376673086934924149e-02 -6.212393561909432954e-02 3.086643677135004343e-03 3.116786775211868952e-03 7.254397838047595181e-04 -1.568956107163546262e-02 -2.273270942723229320e-03 1.982430728350407026e-02 3.099860211703809693e-05 -9.669167692878511506e-04 -5.378695169603122522e-02 -1.196990619828866738e-02 -1.095265073410910117e-02 -9.250686121675383289e-02 5.867272107931966948e-03 -2.043235164471997323e-02 -1.455242516484068008e-02 0.000000000000000000e+00 0.000000000000000000e+00 6.078107021198172338e-02 8.018216872311581533e-02 -6.888129140850914045e-02 4.966768439872387003e-02 -1.555030372642893510e-01 -1.760996019560341075e-01 1.488980649264428358e-01 1.071484942017767866e-01 -6.046780396294562654e-02 2.079289426489182302e-02 -2.437013087941835854e-01 -7.604842334122867420e-02 5.793596567664466984e-02 -5.483603094550934011e-03 -9.096219036236352640e-02 -8.980445135593796702e-02 4.577817884250514169e+00 5.455027417570267739e-02 -7.884638297775084514e-02 -1.153525778793738354e-01 1.892907374237458307e-02 9.707883221465724022e-02 -4.629675494167719008e-02 4.828136639491566878e-02 8.832600706582452443e-02 4.339989862956433742e-02 -1.671311074183383719e-02 -5.592788968516133191e-02 -1.744576626080380777e+00 -1.908285607412035789e-02 3.051398013056761394e-01 -5.825175313806074673e-02 -3.978527789993779526e-03 -8.252496497002596854e-03 -5.242181846939266560e-02 1.126660405207267077e-03 1.127537971047620213e-01 -4.468576185303640980e-02 -7.375323108377248617e-03 -2.281427642294733826e-01 1.083010968174912686e-01 -7.463051813620275032e-02 -8.160518287155603401e-02 -2.384232391757077490e-02 -9.554951748107004539e-02 -7.459986750178858317e-02 1.266292138977445116e-02 1.852106411074139550e-02 -1.556984048332439308e-01 -1.393068765326272440e-01 9.883317020968252278e-03 5.862896241520788865e-02 -6.724163680031760952e-03 4.929040370907087493e-02 -6.498303900181218173e-03 8.282415846530649661e-02 -1.210926361627391937e-02 3.601052342091390357e-03 -8.680632603488087906e-02 -1.954893843495389416e-01 -1.212447578458039354e-01 6.642662607481632231e-02 -1.984066329781679350e-02 1.314014990945075179e-01 -4.669998968777523685e-02 1.686490518890302048e-01 3.464819065751388767e-03 1.567287891968643099e-01 -1.042717843103445757e-01 -7.491816930226194438e-02 1.393779556265394362e-02 -3.696444456298952734e-03 7.350844669033890222e-02 -3.415371913537911669e-02 -1.056916921998083403e-01 1.082095363511001093e-02 -1.569946344278651956e-02 -3.985775453268723678e-02 -3.168319087974879461e-02 6.313273505757217852e-02 -1.542387990732575764e-01 -9.497991216166592338e-03
0.000000000000000000e+00 0.000000000000000000e+00 0.000000000000000000e+00 0.000000000000000000e+00 1.526373915377925942e-03 1.808727190668824904e-03 1.192109495662797055e-03 1.455866785979479305e-03 -1.747211573521878459e-03 -6.985742634561509755e-04 1.501524756639690313e-03 3.300021457249247350e-03 -2.592052759415306752e-03 -4.303711575264838581e-04 2.662902777481701826e-03 1.101580944926513518e-02 7.463675965785709562e-03 -1.314467888027078674e-03 -6.264830126371274000e-04 -9.310079697921379294e-03 -6.903663874392870596e-03 3.262224359055956716e-04 1.246843721073095631e-03 -7.830902976511413226e-04 1.152983318742347059e-02 1.632328429995175698e-03 -2.360104332544014048e-03 -2.323424247618759847e-03 7.885893491272459881e-05 -2.789084892743304896e-03 -7.953151707914489065e-04 7.469528771324767530e-03 2.393480232044847486e-02 1.242896044580955959e-03 -2.960379576417492692e-03 1.045777386202240014e-03 1.141006500569813689e-02 3.133006923150013600e-04 -1.269917035202973096e-02 -1.271585453041102886e-03 4.004276933558486131e-04 3.262381101735627870e-02 6.791382694256067887e-03 5.223807444734009618e-03 4.282172525790436945e-02 -3.770012451748743984e-04 1.058282382243662910e-02 5.631443884218040666e-03 0.000000000000000000e+00 0.000000000000000000e+00 -4.571548452789155059e-02 -7.457679083363370764e-02 6.240919621670314166e-02 -5.434718717710158159e-02 1.334046751478755177e-01 1.136853810180045721e-01 -1.376954111120724245e-01 -6.046780396308582689e-02 5.807845405207747586e-02 -1.671898511506545240e-02 1.944487127809712834e-01 5.406662253705363935e-02 -4.529595535873015555e-02 -5.078090350472192621e-02 6.025150668375649221e-02 7.441357968709667869e-02 -3.551592175290706699e+00 5.851265394655402134e-04 6.539492687022242789e-02 8.388709375054236028e-02 -1.465130134906185086e-02 -7.207748516774578618e-02 3.527636029052220318e-02 -4.038224506585223750e-02 -6.800996800215192151e-02 -6.432243802097960261e-02 5.909202667679002048e-03 4.198195615551016113e-02 1.310706298791234792e+00 3.535646360083395667e-02 -2.395578992157957610e-01 3.807005842565679143e-02 3.734137442569853815e-03 3.645307182887653780e-03 4.585049058612054862e-02 -7.077423294995249803e-03 -6.871101890336511753e-02 3.050597023133835503e-02 1.026576383500762794e-02 1.694485200027711636e-01 -8.969763480855671989e-02 4.860566833343108600e-02 6.110294791285708627e-02 1.879762720695985281e-02 7.669656564044403935e-02 4.917591335034160460e-02 -9.444372002816741121e-03 -2.725604035682245574e-02 1.275995649993910408e-01 9.597928775847024141e-02 -1.667218502113099188e-03 -4.303292289636312384e-02 6.594713257997192497e-03 -3.282628479648622838e-02 1.992994645859090270e-03 -5.936824012508746390e-02 6.670049009957860001e-03 8.368934469548800631e-03 7.347086804149850769e-02 1.394649096281366241e-01 8.751055754514742990e-02 -5.841249787603415566e-02 1.087125362044350819e-02 -9.309730729957116369e-02 4.740034880298547859e-02 -1.245286657409361702e-01 -8.437299852344461171e-03 -1.110545005351298298e-01 8.298422891024771764e-02 5.030871777382311949e-02 -6.749936170802701627e-03 -4.063199982034919073e-04 -6.202040845483211551e-02 1.425304950652285865e-02 6.462688240261450778e-02 -2.227981581793471010e-03 -2.102745511878642386e-03 3.522028477624598169e-02 2.966512118598915032e-02 -4.732804010169901210e-02 1.090971158787498452e-01 1.225409470584822892e-02
0.000000000000000000e+00 0.000000000000000000e+00 0.000000000000000000e+00 0.000000000000000000e+00 6.057631284812450053e-04 -4.298568394801257665e-03 1.233477283019764276e-03 -3.974529477612010787e-03 8.382227127019092200e-03 -3.524022569721787894e-03 -1.414920490733795626e-04 1.330196564755872779e-05 2.166861160623342279e-03 -2.964329112848286193e-03 1.994286492638850349e-03 -1.186528519730891199e-03 9.398000381574846259e-04 -2.827745699020524025e-05 1.329167749664985059e-03 -1.872728489358757012e-03 -1.481270276525053315e-03 -3.464389712488674840e-05 9.014438678410825615e-04 2.238002048643763229e-05 1.249132680649047908e-02 -3.247295017833218712e-03 -1.103730220674449883e-03 1.289523414374281029e-04 1.036667371037410228e-03 -3.496191471629606952e-03 4.980883896240952948e-04 1.517883335419255829e-04 1.431989861504415727e-02 -4.650480473920897556e-03 -7.055938781924853305e-04 -3.850061887654414490e-03 4.161231597156041240e-03 1.070518368838312010e-03 -5.154224432675316367e-03 1.549084851867479982e-04 -4.532004755412579128e-04 9.318729592041778004e-03 2.560576801231582121e-03 2.567037167996962140e-03 1.142427216301683535e-02 -4.497625093785644936e-03 4.716239823771592823e-04 1.595428841483989123e-03 0.000000000000000000e+00 0.000000000000000000e+00 3.078795686828811329e-02 4.211165729591262452e-02 -4.633361861967193879e-02 2.599243372497889171e-02 -8.195855674696757298e-02 -6.870246506993880897e-02 8.773857144294675003e-02 2.079289426491500586e-02 -1.671898511506774224e-02 3.328621780401341129e-02 -1.567761380629407730e-01 -4.164773284778863077e-02 3.094433267720943584e-02 -4.782865093409441500e-03 -5.101672490746387428e-02 -4.626499049995297375e-02 2.316796511950927950e+00 3.650650923065501541e-02 -4.449483351722087476e-02 -5.973928170051519271e-02 8.198110224731321866e-03 5.036554009463428683e-02 -3.028629910074791265e-02 2.290675785049638494e-02 4.726108645298555955e-02 3.242085226388503189e-02 -8.761951449864829877e-03 -2.139693995239791424e-02 -8.487069044812488583e-01 -2.132117402676523069e-02 1.901874964023879400e-01 -3.089036514664156297e-02 1.906667305035216397e-04 -1.105224731701852023e-03 -3.004664378688805260e-02 -3.044123723827664094e-02 7.108198352003637643e-02 1.650840956396039394e-02 2.159291231242465529e-03 -5.640827939887135822e-02 3.958727989835081340e-02 1.040299726477806989e-02 -1.460497537964941701e-02 4.927175702867826745e-02 -6.175699641297793113e-02 -3.519223652557127574e-02 9.851083507187545496e-03 3.531693590772483349e-02 -1.014354224449513647e-01 -6.878577889376047416e-02 -6.783430751321853705e-03 3.260777081981304504e-02 -1.343217941082690096e-02 1.820241770118830385e-02 -1.580104936205457833e-02 5.567130138454261246e-02 -3.964555986597496223e-03 -1.469209830281741069e-02 -5.783764849979073502e-02 -9.431249372939173869e-02 -5.320992544896786108e-02 3.824220870181686133e-02 -2.778557621814854890e-03 5.794014984644188515e-02 -2.455098814394558043e-03 9.458626556911246819e-02 7.826800317431758039e-03 7.169657311991378679e-02 -6.131143176905857334e-02 -4.301710939167190800e-02 -7.324566189713451348e-04 1.897851968784274902e-03 6.324077593814708687e-02 -2.373977032314000812e-02 1.119420276132380987e-02 1.078922326159006961e-02 4.365438074573588234e-02 -1.487449266013491853e-02 -2.088511817048076605e-02 2.279159777132123629e-02 -2.728389053693831834e-02 7.328106265058257057e-04
0.000000000000000000e+00 0.000000000000000000e+00 0.000000000000000000e+00 0.000000000000000000e+00 4.778740419765244336e-03 3.402234159930914159e-02 -2.733731763426085464e-03 2.627811508545903341e-02 -8.777952879296692379e-02 1.700805135241120064e-02 1.295541973876943379e-02 1.073785135125159690e-02 -3.965239335178867564e-02 1.695949038056145802e-02 -1.140604645806980559e-02 6.732853715480538459e-02 4.764805924924413183e-02 -1.701536795324843981e-03 -1.220265654863540890e-02 -4.176862158996407642e-02 -3.062271427720596531e-02 9.840892755314176177e-03 8.037004787958424573e-03 1.565958428483375190e-03 -1.123555690346185118e-02 2.822393705107015607e-02 -8.791198219244827222e-03 -2.127782807409814292e-02 -1.114058473229810955e-02 -6.820572382027923625e-04 -1.669266413102855895e-02 4.159322749125829444e-02 3.767158605656410059e-02 3.211974189069084773e-02 -1.291500867456188764e-02 2.878174863062301150e-02 3.936385471228288219e-02 -5.871599621433540826e-03 -3.783986835714910069e-02 -1.121888194132541518e-02 3.644732878555394587e-03 1.182718585634892627e-01 2.686165535173180505e-02 2.313814689685285420e-02 1.647154695818255077e-01 2.201997298486494878e-02 5.740273226676759211e-02 1.812791466565223664e-02 0.000000000000000000e+00 0.000000000000000000e+00 -2.667700933439267619e-01 -3.377060530090999491e-01 5.947410972002387108e-01 -3.400750018547537556e-01 1.074381138249322021e+00 7.363352367296112089e-01 -1.021771086257726058e+00 -2.437013087949396195e-01 1.944487127812855598e-01 -1.567761380629622836e-01 2.257984438591727816e+00 5.130506665586799242e-01 -3.347710818483224937e-01 2.935275613669403594e-01 4.202547767392984523e-01 3.904363449326019309e-01 -2.330230915929269742e+01 -4.696281510854915520e-01 6.212814446762576770e-01 6.691236016137592779e-01 -7.801999820986486867e-02 -5.331267802568202541e-01 3.271322884931956443e-01 -2.412750651463793916e-01 -5.333062270503061697e-01 -1.237461900196259040e-01 4.549712172080842831e-02 1.995402944807974643e-01 8.773950884564484909e+00 1.000647829227709062e-01 -2.583927919049461952e+00 3.509055466278504509e-01 2.812130337003363942e-02 1.633217726791808336e-02 4.538818546836471124e-01 2.618342751991480921e-01 -5.934941568697468250e-01 -6.160250899079341980e-02 7.157598837983345300e-03 8.481218036398049387e-01 -4.686241534766002470e-01 5.677681264721661653e-02 3.540799183216421508e-01 -2.583297325546012324e-01 8.606914496469391107e-01 4.337414989535941512e-01 -1.010791312087831184e-01 -2.497342581447872800e-01 1.306761669685631455e+00 7.815205322477107863e-01 -5.385730215055477971e-02 -3.050978623830261083e-01 5.697030328393054566e-02 -1.901696661805973854e-01 1.158296390015951804e-01 -4.792319253691645908e-01 2.947070337739661830e-02 8.403286463213086033e-02 7.325096010284171122e-01 1.005586115186562823e+00 7.819848782196469061e-01 -2.998157718410145445e-01 2.099694447837752165e-01 -5.289500698289096858e-01 1.066257001152178668e-01 -7.804796190462883754e-01 1.288093487035136819e-01 -6.806366610912703008e-01 8.721289352800003503e-01 5.349667895984061561e-01 -3.372670052515509831e-02 -1.830033815427948435e-02 -7.270159662322321914e-01 3.509809773250681664e-01 3.909381009551662345e-01 -1.735633464289378924e-01 -1.247601548937357363e-01 1.343007666817254142e-01 1.033673803774790428e-01 -3.118889081140941988e-01 6.589983568684419923e-01 -5.029348819690190875e-02
0.000000000000000000e+00 0.000000000000000000e+00 0.000000000000000000e+00 0.000000000000000000e+00 -1.250081295070707343e-03 2.927965440045177201e-03 -2.580690562078456329e-03 1.632845055805874851e-03 -1.900954775603636016e-02 -5.925458699273401103e-04 -3.586876874635705568e-04 4.324297150755731199e-03 -6.386602986913470989e-03 -1.772578796084069673e-03 -3.307630571211613371e-03 9.095436352977392253e-03 6.544346889126306799e-03 -1.152417877267306360e-04 -5.118261370083579485e-04 -7.569891722536713219e-03 -4.604793187122736831e-03 -1.423128695812410794e-03 5.388984629371959588e-04 -8.028655943164284730e-04 -1.444130693079439913e-02 1.385079603891420374e-03 -1.480616598076122401e-03 -1.042981074342215876e-03 -9.807307758762655488e-04 -2.636686189269177652e-03 1.714570870830482057e-03 8.889804753738487705e-03 -3.867624683681060611e-03 3.147071516949653206e-03 -2.714740111220360387e-03 2.318082165522203971e-03 7.804750340860457970e-03 3.005899752566487589e-05 -8.089009688266136228e-03 -9.811103930727335318e-04 2.186201230304097437e-03 1.432552433004042822e-02 4.900096774618028193e-03 3.975905973815355675e-03 2.098796100565193321e-02 1.248463301807996783e-03 1.120694373155008486e-02 4.503631322754429213e-03 0.000000000000000000e+00 0.000000000000000000e+00 -9.188331948853127595e-02 -8.660507747671435108e-02 1.417803692643897773e-01 -5.410046870836702354e-02 2.455081052006740094e-01 2.588694343220931948e-01 -2.278886546421940718e-01 -7.604842334120845426e-02 5.406662253694165254e-02 -4.164773284777210233e-02 5.130506665581764381e-01 1.956780218634840141e-01 -8.725365554459939277e-02 1.841025150181085368e-01 1.376518716856471036e-01 1.133026140876289140e-01 -6.483543536010308195e+00 -1.904869453106291799e-01 1.337721400378074077e-01 2.260217657740080099e-01 -2.415830801575557726e-02 -1.388501991937301228e-01 9.604950185887450864e-02 -5.441598601590113410e-02 -1.345773587916832270e-01 3.312109657668407120e-02 2.029068747646647908e-02 6.192676202376361932e-02 2.396032412192223404e+00 1.210942041382120611e-03 -6.010089095503050594e-01 1.471413768670286060e-01 1.666138088283238526e-03 7.080282240519605343e-03 9.906138276105923290e-02 1.364009079217722853e-01 -1.705308721475218559e-01 -2.419738164814194334e-02 1.195066269102699596e-03 2.170230454627615213e-01 -1.068354653475281357e-01 7.313991895917108452e-03 9.012895668928355697e-02 -6.428344354011507333e-02 1.986551882969462834e-01 1.742960297078103016e-01 -2.943510326654924167e-02 -7.480610069711811361e-02 2.920161515327163726e-01 2.705368225907427981e-01 -1.514367748760674960e-02 -8.535241740294442769e-02 1.134012139122204943e-02 -5.305469570441444238e-02 2.841840593685841451e-02 -1.343400577576397414e-01 5.429728785516390634e-03 3.007901413920950964e-02 1.451714158873630700e-01 3.320645092109409946e-01 2.218334264401453371e-01 -7.482975659254482992e-02 7.665156571529627150e-02 -1.473553099434448677e-01 4.292609157043610069e-02 -2.190344467945709583e-01 6.751338218331154328e-02 -1.903286781371048286e-01 1.910353633151579689e-01 1.906554415976574046e-01 -6.877623064903496015e-03 -2.320071616642047259e-03 -1.557587746012225327e-01 1.408316440905438283e-01 1.306909244406642134e-01 -3.342670773621671254e-02 -1.645582612293188321e-02 4.862768175855706337e-02 2.312747941130254004e-02 -7.319187599922566401e-02 2.041080298788117697e-01 -5.312623948573410616e-03
0.000000000000000000e+00 0.000000000000000000e+00 0.000000000000000000e+00 0.000000000000000000e+00 -2.532079662163358013e-03 -2.169881484752701328e-03 -2.373319402168600108e-03 -1.755004319898011188e-03 -5.975418478935821259e-03 -9.166562353590826601e-04 -1.722749246621921001e-03 -1.413757920308464063e-03 1.159052580413365416e-03 -1.216261712823969504e-03 -4.693859398103926439e-03 -1.054687752119251413e-02 -8.247172216992190372e-03 2.639581673181122827e-04 1.888881807174709257e-03 8.331644922555898891e-03 6.537963649867493086e-03 -1.725833892447200743e-03 -1.482019324143993982e-03 -6.379095636459094403e-04 -1.907671715079077568e-02 -2.955909837281827258e-03 2.470614773156345253e-03 3.774281708150595011e-03 -1.478930539446841842e-04 1.686177963729328403e-03 2.147514334904985795e-03 -6.152497259026977645e-03 -3.076596610907161855e-02 -3.090439798898324177e-03 7.392165498453475347e-04 -2.960889848981540853e-03 -5.221556177553291975e-03 3.295193453577197583e-04 5.448485043157840456e-03 1.461742106442237435e-03 3.816722126662933220e-04 -1.509270935236985828e-02 -4.561089708611440301e-03 -4.620181895649701220e-03 -5.230121945227148017e-02 -1.289179842541722911e-03 -1.127916045450600563e-02 -4.099711621889085174e-03 0.000000000000000000e+00 0.000000000000000000e+00 6.947763090413780485e-02 8.800105813599447269e-02 -1.007162587803076409e-01 8.713948828742994202e-02 -1.807463120460364170e-01 -1.478638245688974895e-01 1.817642532526402011e-01 5.793596567673776204e-02 -4.529595535875664825e-02 3.094433267720736111e-02 -3.347710818481844375e-01 -8.725365554462985451e-02 7.578826073411729092e-02 -5.344955631757526693e-03 -8.490872348208461373e-02 -1.047237575116137243e-01 5.786983527522783888e+00 7.335596707658903481e-02 -9.545344446044772002e-02 -1.349763016386605896e-01 1.948506423198140616e-02 1.225137318749753707e-01 -6.212338129822769089e-02 5.496445047378391985e-02 1.074111043707150909e-01 6.090661879636336679e-02 -1.090434173706754731e-02 -5.647611218846703557e-02 -2.019776060678892815e+00 -2.871154443454092958e-02 3.994163036424909219e-01 -6.303508701945835513e-02 -4.280279908232853189e-03 -1.595254841214444616e-03 -7.311581105272547954e-02 -2.839100453961644968e-02 1.160500034922018892e-01 -2.077216629226370879e-03 4.783535166589044860e-03 -2.072631511673077576e-01 1.330457671663282104e-01 -3.288934702862607307e-02 -8.968180600784296519e-02 2.715068159702180989e-02 -1.310685586344675635e-01 -7.862785037104533248e-02 1.860555173371818138e-02 3.162770223810904002e-02 -2.037456416882819366e-01 -1.512136337313033652e-01 7.536288551550169613e-03 7.053502279544240916e-02 -1.191146634404346635e-02 4.687675053440087947e-02 -2.410895735450009625e-02 1.051914210711928366e-01 -9.049389210919975626e-03 -4.062589497669698985e-03 -1.133602786322772671e-01 -2.045860887660587435e-01 -1.345796738672333237e-01 8.555931724189116960e-02 -1.908127219943288322e-02 1.253177855108629224e-01 -1.827942147368956730e-02 1.866350906153132483e-01 -2.322052832269849189e-03 1.566049429677310034e-01 -1.325846952691210889e-01 -8.825237184802210699e-02 6.978345132873054954e-03 2.687020568005541073e-03 1.143267108115663677e-01 -4.379601315376861759e-02 -5.521869545784903466e-02 1.680409962801741180e-02 3.932232027682328740e-02 -4.033430828466135626e-02 -4.568064218208952448e-02 5.471316603126492178e-02 -1.213018892981324870e-01 -2.406199064061756258e-03
0.000000000000000000e+00 0.000000000000000000e+00 0.000000000000000000e+00 0.000000000000000000e+00 7.908403276705576468e-03 1.056111582439644026e-04 3.237310593629115670e-03 -1.738541525557525148e-04 5.006068278821115825e-02 -4.910029024824682023e-03 -4.545730937448923606e-03 1.612004270487802857e-02 1.669983426897021089e-02 -7.008601361847545570e-03 2.201600726917989775e-02 1.296629129744901292e-02 -1.937010315894690041e-03 -3.297117668446970969e-03 8.212590495418472386e-03 -1.191238979716609248e-02 -3.646582639124350440e-03 -1.245699246920002091e-02 -4.214237364356860673e-03 -2.645594455348090641e-03 2.950382297610983084e-02 -2.555935465191246699e-03 -1.991704890469341883e-03 1.143454880291996933e-02 8.856778534511663276e-03 -2.619392391186174066e-03 1.177776671006426287e-02 1.427996923939355012e-02 5.497240812631015716e-02 -2.627816872884379843e-04 6.735538322336309669e-03 3.583391987381839491e-03 -7.415682638896458137e-03 6.949591883888254877e-03 4.856722954479463297e-03 6.674482592384812889e-03 2.952332422259564340e-03 -3.603082913797975295e-02 2.727907626963125415e-04 8.248398885429251287e-03 8.041445202684660565e-02 -2.261490838470139354e-03 1.219270356017458992e-02 1.533387038499226147e-02 0.000000000000000000e+00 0.000000000000000000e+00 -2.069956795180157363e-02 -2.854090580338562722e-02 8.276452283482967076e-02 1.704283820952696427e-01 4.908781733924914847e-03 1.184664440140462821e-01 1.118234891740843701e-01 -5.483603093455275725e-03 -5.078090350572370126e-02 -4.782865093376316087e-03 2.935275613651185389e-01 1.841025150175135683e-01 -5.344955631556987455e-03 1.637856290354024802e+00 9.044383203076687694e-02 -1.969989753599650784e-01 1.640337012635171843e-01 -1.391987370557286496e+00 9.849828715723957240e-03 1.136108594388084841e-01 2.609518222150749439e-02 1.728624222029175733e-02 8.861833507459837556e-02 -9.974341039909299239e-03 -5.695397094130619231e-02 6.712848855304184292e-01 -5.838505108468497115e-03 -9.174037218335419352e-02 9.235174155552533515e-01 -4.977142415339529391e-01 -3.298101714584230626e-01 1.360073338461699199e-01 -5.734445796092515167e-03 1.821900074608501924e-02 8.387476275666291489e-03 1.490639271993780546e-01 -2.453803389741273100e-01 -2.073354757766397022e-02 -3.917827015676170893e-02 6.475695289519509124e-02 8.527616528722839484e-02 5.696647612442055399e-03 1.038370397113446385e-02 -1.758488680461746390e-02 9.792292003440813963e-02 1.460484612839276219e-01 -2.908453688460626782e-02 -9.021737396150054933e-02 1.042724939385930444e-01 1.774348301240086800e-01 -8.657400366464332309e-02 -1.765410139328986092e-03 4.814830560513645025e-04 1.601251299419717555e-02 5.765390619968020075e-02 -6.965413977642161136e-02 1.149454419935261318e-02 5.695210694057704914e-02 -6.611087433301160443e-02 9.512368663980164118e-02 3.326001706781709921e-01 1.734144554809120276e-01 2.151627247490253414e-01 6.716316868272492746e-02 -9.159396561191304742e-02 2.864677294480231368e-03 3.355027370162844691e-01 4.847199447566644809e-02 1.076067082776688416e-01 1.804296040640071819e-01 -7.058449822069063490e-03 8.977380847027458671e-03 6.185253699040012265e-02 1.617202531121293141e-01 6.757965901094419303e-01 -6.131654547585080328e-02 4.090491036195508245e-01 1.155526522846418713e-02 -2.394203971635872064e-01 6.632413904910509569e-03 4.938301116414075542e-01 -2.479079789493811997e-02
0.000000000000000000e+00 0.000000000000000000e+00 0.000000000000000000e+00 0.000000000000000000e+00 -8.154636778951642601e-03 1.136910302342435293e-02 -9.435283074847334098e-03 5.117600561735652712e-03 -8.566271629588734227e-02 5.306199896466458517e-03 -9.622765932518855241e-04 -2.255730583040941543e-03 -2.398612777000717206e-02 3.754595012592036249e-03 -3.460324405887877514e-02 4.356887819230428546e-03 9.933848868553278241e-04 -1.981936565334871262e-04 2.437944360682156066e-03 -9.766341084635234149e-04 3.170647137264043843e-03 -7.714617651950481450e-04 3.899977111560399157e-03 -5.622655684032305465e-03 -8.417691303807131598e-02 4.874374136358265719e-03 -3.185459645681302772e-05 -1.968513257696423956e-03 -7.253090223467096621e-03 2.581015663853570945e-03 1.824199575652533109e-03 2.169766280804461770e-03 -9.962008135286057331e-02 8.696354509418482981e-03 -7.070223780698551425e-03 5.062312351606384001e-03 9.137921051663380409e-03 -6.506982714976920681e-05 -4.587991810481811469e-03 -1.240996681937436277e-03 4.922354958543445451e-03 -2.118997057671640968e-03 -2.920854367535904127e-04 -2.337741705939339054e-04 -8.221421398805175973e-02 7.979939386147553299e-03 2.244248057798498962e-03 -4.201979655882658732e-03 0.000000000000000000e+00 0.000000000000000000e+00 -1.629586056232510682e-01 -1.197474187032007836e-01 1.278146297489241578e-01 -1.579565423476324282e-01 2.028265320198401056e-01 2.075307901031291091e-01 -1.363120472955823559e-01 -9.096219036245700718e-02 6.025150668368675633e-02 -5.101672490744495886e-02 4.202547767386267119e-01 1.376518716857841329e-01 -8.490872348205835696e-02 9.044383203225010714e-02 5.674408380044622113e-01 2.556842022302112660e-01 -8.119112122040290203e+00 -3.031447620847568247e-01 9.496016121059691617e-02 2.758644880733313043e-01 -1.224422553619754217e-02 -2.788584037607144128e-01 1.063895142682076411e-01 -1.129209865952246344e-01 -1.613975698321302721e-01 -2.175460547066242756e-01 8.325447173923904154e-02 1.377757836529048818e-01 3.438020194580911681e+00 8.498356014126838553e-02 -5.167838443981882524e-01 9.958768079350831248e-02 7.131244054482074358e-04 4.016740994869736486e-04 7.870935369705578388e-02 5.987650432212029972e-02 -1.977442749572943248e-01 -3.461619389628672189e-02 2.180582249834655054e-03 3.599897016092453716e-01 -1.199656064440046549e-01 3.215143604386347387e-02 8.811740394080677663e-02 -6.866856291924697264e-02 1.496451112133773687e-01 1.113261786970806411e-01 -2.833629806092929568e-02 -8.184722079244163492e-03 2.509945144291310659e-01 2.319155041904013004e-01 -1.947670162300507019e-02 -1.255740535330211460e-01 2.421453680486014559e-02 -6.508352447503573668e-02 6.931482633065824683e-02 -1.846860763750448331e-01 9.143237798838866823e-03 -3.942149892976624243e-02 7.905217530882292787e-02 3.111602957019694027e-01 2.497235891177093658e-01 -1.610783078430307047e-01 6.571999086199249718e-02 -1.811061722342103830e-01 -4.811124495796430256e-02 -2.930130736200293740e-01 1.618541783367806186e-01 -2.435686036947583566e-01 1.497766950113195716e-01 1.186958518796330381e-01 -4.672691337520094423e-04 -6.403850142565383104e-03 -1.069484523916419960e-01 1.100675880399806517e-01 1.870498465647445485e-01 -5.586564082372882933e-02 7.516275187636151101e-02 2.652583873472101617e-02 -4.418711931872261467e-02 -9.471238419812195997e-02 3.092286276274996415e-01 -4.711130758772254928e-02
0.000000000000000000e+00 0.000000000000000000e+00 0.000000000000000000e+00 0.000000000000000000e+00 -1.927969360945000748e-03 1.116509525652735306e-02 -2.137539436537449350e-03 7.549014856345117805e-03 -4.166222483308425206e-02 8.144173604865488636e-03 2.520551368599468871e-03 1.466685781518145895e-04 -1.502055867473904918e-02 7.898604565887560811e-03 -1.289458977672379089e-02 1.494620954477075825e-02 9.333915882276618003e-03 1.756802965147438982e-03 -3.018934585282333476e-03 -6.534844631591331908e-03 -5.161351522161821380e-03 2.231683508451674791e-03 3.223857884230301070e-03 2.030823526051313797e-03 -2.604857653801817899e-02 9.377503967560816764e-03 -1.760850828935707837e-03 -4.519803104826095909e-03 -4.420458512429694536e-03 4.267806537180249792e-03 -3.408094058675856242e-03 5.809896184402928848e-03 -2.830482560605353248e-02 1.126247382784708283e-02 -4.618141482419605218e-03 8.653916737180437566e-03 8.735893850239788080e-03 -2.214197808367471265e-03 -5.344638369294642255e-03 -2.415199971848613122e-03 -7.832901568927787880e-04 6.913522089310997903e-03 3.574131179676246460e-03 4.157489893020225799e-03 -2.821985822509993219e-03 9.572520771394282812e-03 9.132403483526133070e-03 1.199574563299805365e-03 0.000000000000000000e+00 0.000000000000000000e+00 -1.245913754016005626e-01 -1.528225228737957464e-01 1.280451792131981348e-01 -1.529951416458796010e-01 2.110225904758238347e-01 2.126276177150716040e-01 -1.435012731153589571e-01 -8.980445135599711415e-02 7.441357968708509074e-02 -4.626499049995229373e-02 3.904363449324115276e-01 1.133026140877235050e-01 -1.047237575116238689e-01 -1.969989753591637749e-01 2.556842022301438755e-01 3.635049120598753403e-01 -8.824129994113112829e+00 -1.004673653315416582e-01 1.018712057373708652e-01 2.338443936153482561e-01 -1.601534942483146678e-02 -2.492359743184356380e-01 7.444887490981927369e-02 -8.531727031395709704e-02 -1.579448096458251072e-01 -2.628380752313855817e-01 1.659363571990459321e-02 1.798638304304154278e-01 3.195819697183836627e+00 1.052364117845962649e-01 -4.789579417956834062e-01 8.856900503336638530e-02 5.911821882195762018e-03 9.656100692293717938e-04 9.564110598098349292e-02 3.342201423068731636e-02 -1.419296080857963827e-01 -1.480887311656313779e-03 -1.725874875469513708e-02 3.187790368980657485e-01 -2.389605121099370177e-01 5.175898214148026005e-02 1.480633488694874100e-01 -5.581186358377859813e-02 1.498754841058650422e-01 1.053811680253730065e-01 -2.557055604019821751e-02 2.395645826937473424e-02 2.334384526236183421e-01 2.154140570401221755e-01 -2.439608996569551588e-02 -1.178775965240044243e-01 4.353170443249705125e-03 -7.264632767736360630e-02 4.354426484896779109e-02 -1.633530267782458412e-01 1.021662683831852693e-02 -2.390257042279882865e-02 1.003635515696073843e-01 3.046945961234964195e-01 2.070933989948338105e-01 -1.660263548446550830e-01 5.926022501361320749e-02 -1.889691162467219132e-01 1.027477930873846659e-02 -2.905550497987232084e-01 7.191454032098019977e-02 -2.522529671733227952e-01 1.447696010515297227e-01 1.057955181776384646e-01 -4.801685482786790561e-03 -4.989166229539173866e-03 -1.436498873078082550e-01 6.380246381434381830e-02 1.136011164834273973e-02 -2.005887477760704557e-02 -4.628351508822295401e-02 5.819801599786515733e-02 4.759204822072206353e-02 -6.472116387396566195e-02 1.617111580570218810e-01 -8.396457569302628876e-03
0.000000000000000000e+00 0.000000000000000000e+00 0.000000000000000000e+00 0.000000000000000000e+00 -1.656050270512567091e-01 -1.000167275958435686e-01 -1.801911266367541564e-01 -6.796500425723811523e-02 -4.694631980556225326e-01 -3.001448652347846538e-02 -1.043042947915161778e-01 -6.701846866358146526e-02 6.514085938002228682e-02 -5.135772191529860975e-02 -3.115869318748997752e-01 -6.796346147843613794e-01 -5.604787403041525673e-01 1.314661974618920245e-02 1.232375325480163097e-01 5.776037929682694694e-01 4.547394692349223666e-01 -1.256599677988471941e-01 -1.151030746600331528e-01 -4.100206280015799426e-02 -1.375396518533414714e+00 -1.662169990922157670e-01 1.859406314209506306e-01 2.713006111910487017e-01 -2.114106484383905180e-02 1.480481149671383501e-01 1.263550221071142177e-01 -3.936888321083441555e-01 -2.154408327703380976e+00 -1.761522467557547211e-01 5.424863965701991197e-02 -1.588990937861005093e-01 -3.770557748029906842e-01 9.710147928686964705e-03 3.793843862905961761e-01 1.000072787171084610e-01 2.634880211542806050e-02 -8.844225704639303576e-01 -3.096040226043852428e-01 -3.216043366237067991e-01 -3.646917410982358554e+00 -5.155681310727287109e-02 -7.921658193569361961e-01 -2.753285706489808637e-01 0.000000000000000000e+00 0.000000000000000000e+00 5.790500654043753137e+00 6.794043060605994278e+00 -7.237740451479049320e+00 7.059181100210300208e+00 -1.283773045366700671e+01 -1.129931639928870268e+01 1.267386953973941388e+01 4.577817884257267878e+00 -3.551592175292832110e+00 2.316796511950463877e+00 -2.330230915927876367e+01 -6.483543536011560526e+00 5.786983527522021831e+00 1.640337012518142124e-01 -8.119112122042576374e+00 -8.824129994112240638e+00 4.572410305034287035e+02 5.908647523289673131e+00 -6.597697754912590362e+00 -1.066704702919533432e+01 1.512608094130585057e+00 9.912055144993804134e+00 -4.690350281864087201e+00 4.396334581823225562e+00 8.157819554282623287e+00 5.665994232443815726e+00 -1.064601858284045077e+00 -4.811262515292071384e+00 -1.593140977838674814e+02 -2.485892274905409760e+00 2.806307481912866564e+01 -4.773199502190668575e+00 -2.834148932145734157e-01 -7.219343598420897845e-02 -5.158630703216259050e+00 -1.853587618983745466e+00 8.834819968684456626e+00 -3.410251047965771054e-01 5.123445558554825530e-01 -1.660966595347773023e+01 1.060380640862865853e+01 -2.890527307867158058e+00 -7.067963873172295131e+00 1.623193990416909704e+00 -9.086413718888881164e+00 -5.921680693208677404e+00 1.369883928392923167e+00 1.892995999517862460e+00 -1.426727298167817182e+01 -1.153572558239558710e+01 6.145027623616760026e-01 5.630414085862957663e+00 -9.301453382840033646e-01 3.716133177445803515e+00 -1.995976744044347662e+00 8.258182223361279384e+00 -7.394649363017778976e-01 1.703090394242021688e-01 -7.722654221260067509e+00 -1.573433617029960452e+01 -1.013930163116541650e+01 7.149238754463121737e+00 -1.203250624992553419e+00 9.860006893168796083e+00 -9.908035748972423562e-01 1.477116238486090616e+01 -2.655061810850145587e-01 1.230103695598195124e+01 -9.166460173881917584e+00 -6.437870174863357775e+00 4.955123325528971723e-01 2.001591290770429743e-01 7.898133249195145922e+00 -3.115464003922572722e+00 -4.242426432124248414e+00 1.083018576556031620e+00 2.711154790851437291e+00 -3.217939152151392701e+00 -3.514422053233797971e+00 4.013992947152472013e+00 -9.536258602153273145e+00 -2.257545004825686763e-01
0.000000000000000000e+00 0.000000000000000000e+00 0.000000000000000000e+00 0.000000000000000000e+00 -1.275249999595442878e-02 -5.407938311974917409e-03 -9.026344292962259000e-03 -4.928165202194419170e-03 -6.310451116831600205e-02 1.891986202444488597e-04 1.093178719971957692e-03 -1.661058890943988703e-02 -1.593175708417967837e-02 8.603923160539917597e-04 -2.681868825012037952e-02 -3.057530012884266540e-02 -1.003590675265070287e-02 3.683835170602146446e-03 -6.811066369793609965e-03 2.382177955088542187e-02 1.328835170392820945e-02 9.680284862431007623e-03 -4.288551844360316730e-04 1.269337688849071907e-03 -6.727154938137056006e-02 -4.418093871076172671e-03 6.455489341963811453e-03 -6.213455699359944628e-03 -9.250736095663026834e-03 9.197793587843182449e-04 -6.902965251978794223e-03 -1.878988769364526093e-02 -1.015516719736983126e-01 -5.900121583774102334e-03 -4.427833869151037542e-03 -8.169980478227246296e-03 -2.727801327148022398e-03 -7.576563047449058272e-03 4.826969694948154976e-03 -6.042100225512727317e-03 -7.042067309892930489e-04 2.387804211370422175e-02 -7.018247758811074766e-03 -1.782296576517686942e-02 -1.511506968020230324e-01 -1.989720382434969920e-03 -2.540337143279856186e-02 -2.115216676212072419e-02 0.000000000000000000e+00 0.000000000000000000e+00 1.124923477545828748e-01 1.794411556861022494e-01 -1.561663115022823844e-01 -2.504632697106682834e-02 -1.270392784833411504e-01 -1.713120863765446866e-01 -1.629817237293873858e-02 5.455027417480935725e-02 5.851265403373953188e-04 3.650650923063313014e-02 -4.696281510838995477e-01 -1.904869453102083221e-01 7.335596707642683123e-02 -1.391987370557981274e+00 -3.031447620834181733e-01 -1.004673653308241210e-01 5.908647523279929814e+00 1.496823882788448579e+00 -5.333324410634234652e-02 -2.297183155450311931e-01 -1.861144680390366263e-02 1.923887489562476905e-01 -1.420602906518691200e-01 8.874031337138975351e-02 1.660496767927700790e-01 -3.719142196088515706e-01 -1.038083374839556851e-02 -5.692871340629866717e-02 -3.295529502602567273e+00 4.193564754909923087e-01 5.734656102295805358e-01 -1.325735152813794782e-01 -1.132563716526298857e-03 -1.634196926513330900e-02 -5.775343164109090349e-02 -7.985657247836619455e-02 3.487702605756291541e-01 1.850985978279722638e-02 4.948725409326068525e-02 -3.218879814406243600e-01 9.423384040100106496e-02 -5.240156036519948851e-02 -1.249117987592093942e-01 7.037842751716925915e-02 -1.658803854641656139e-01 -1.368398310430342935e-01 4.347087863720064393e-02 5.307461408194241032e-02 -2.353652595950380955e-01 -2.442340368878426482e-01 9.604535935889819964e-02 8.933524025917247147e-02 -1.144992426335466815e-02 2.758768145822887430e-02 -1.021500731363846060e-01 1.893019598298700812e-01 -1.959496811896586227e-02 -2.402633361333938317e-02 2.142501680562336475e-02 -2.189452695216847489e-01 -4.583128339824081854e-01 -3.783383752622489909e-02 -2.249628296082289980e-01 5.384460498190034999e-02 1.194426605977776945e-01 2.026402258953006463e-01 -3.829610980236343720e-01 1.204877592021663668e-01 -1.834063593824049321e-01 -1.714978786232203845e-01 1.518809345232530715e-02 -7.145778102702639127e-03 1.272456679356450196e-02 -1.275856958868526458e-01 -6.715144312802499016e-01 7.376117849860229503e-02 -3.846812266329324714e-01 -5.328808469059499037e-02 2.241655934332508482e-01 4.218231923587260207e-02 -6.200622784087987949e-01 3.577734375782645054e-02
0.000000000000000000e+00 0.000000000000000000e+00 0.000000000000000000e+00 0.000000000000000000e+00 3.981971540423670172e-03 1.379294359664993974e-02 4.800197350479103826e-04 1.110888144244781550e-02 -2.508459860194536123e-02 6.189453364543484083e-03 6.343735794318669519e-03 7.146697407082441139e-03 -1.301499484282068846e-02 7.207053340547536074e-03 -1.188195198519721024e-03 3.144642223191363578e-02 1.954030338732967026e-02 -3.009247275314593656e-03 -2.252679418648796672e-03 -1.983770209640529567e-02 -1.451162789998198047e-02 2.089140719881579008e-03 3.649511457617602914e-03 -6.448747012958188675e-04 9.126236151749608783e-03 1.104340646366075776e-02 -3.845263411885955704e-03 -6.369523052655800925e-03 -3.768146192683603877e-03 -4.081801869273137548e-04 -7.710894357018648407e-03 1.817371447043555216e-02 3.098712297460588794e-02 1.067831403088618375e-02 -5.098533631606237508e-03 1.075034118410178596e-02 1.760770591657156645e-02 -6.043005376227864565e-04 -1.896992819583536230e-02 -2.464854890040721076e-03 1.173159368080830363e-03 6.204795048114628009e-02 1.252957696097275336e-02 1.202733815834411760e-02 7.545972737612036130e-02 6.954951997439189418e-03 2.163096556168202234e-02 1.127220153208371121e-02 0.000000000000000000e+00 0.000000000000000000e+00 -7.307649609550034842e-02 -9.619890920730626849e-02 1.674727845280291338e-01 -9.278817545464683458e-02 3.264068992573050387e-01 2.100655583401194459e-01 -3.487707498378131987e-01 -7.884638297803454876e-02 6.539492687033585105e-02 -4.449483351722403196e-02 6.212814446761648624e-01 1.337721400379802417e-01 -9.545344446048892317e-02 9.849828716328119793e-03 9.496016121084785433e-02 1.018712057374823593e-01 -6.597697754916596047e+00 -5.333324410689909562e-02 2.060913634611671041e-01 1.777972251929962055e-01 -4.152143804939348315e-02 -1.449062461697600557e-01 7.789007171272167851e-02 -7.108231836381076474e-02 -1.505202705353416437e-01 -6.169896697393131846e-02 8.123750699925588736e-03 5.241748814688543257e-02 2.475707788831391198e+00 5.644056911347524602e-02 -7.200881280418025554e-01 8.979102956163328986e-02 1.198171987048559338e-02 7.481372253129873855e-03 1.261424736166870120e-01 5.393474962030017639e-02 -1.723673767526788247e-01 -4.126147187525621048e-03 2.076057112400434002e-02 2.522957575564914179e-01 -1.251709231608915673e-01 2.386697484131698396e-02 9.929050591806175274e-02 -5.873337709270664425e-02 2.435538978631888452e-01 1.158921144251503083e-01 -2.590529643547322472e-02 -8.188618560948243696e-02 3.760992695520868345e-01 2.159649384214697154e-01 -6.692323394446163254e-03 -8.954124726876129536e-02 1.791922292495655433e-02 -6.011694519836107559e-02 2.491398742428616031e-02 -1.340917609870321547e-01 1.188248479803778908e-02 2.957114922480530775e-02 2.263904190903305580e-01 2.952887404546113426e-01 2.054362237117796086e-01 -1.051240302293283274e-01 3.143846978174816287e-02 -1.739129324097004603e-01 5.445094501578848917e-02 -2.408954983294004371e-01 -1.140154005288208233e-02 -2.145331066805648279e-01 2.517047738166987014e-01 1.409440352971079724e-01 -1.286593746420086268e-02 -2.202956124787231601e-03 -2.096600241907355389e-01 9.194195764926815784e-02 9.374674581012058805e-02 -5.910320179009750929e-02 -5.495204355364952109e-02 3.544299006806869018e-02 4.872188798357193762e-02 -1.168005747270962763e-01 1.800748830346128593e-01 -1.864388616248379565e-02
0.000000000000000000e+00 0.000000000000000000e+00 0.000000000000000000e+00 0.000000000000000000e+00 -2.244388826685271392e-03 7.757068905391054439e-03 -4.245716054821738368e-03 5.537958979800818547e-03 -2.980759605403350554e-02 3.634008240168292575e-03 -8.735423604980545233e-04 2.471157886634966702e-03 -1.003290732703881333e-02 1.942029471196104551e-03 -1.045712471263051703e-02 1.119040122569500348e-02 7.790440316022460843e-03 6.521134536581438832e-04 -6.327938252554387308e-04 -7.030862379710811974e-03 -2.975003719588314652e-03 -1.333319030133701434e-03 1.596689543947249100e-03 -2.462584910266760380e-04 -2.807171725945553295e-02 4.899926357624706519e-03 -1.449163469769298822e-03 -2.118021379082051653e-03 -1.698144745873385797e-03 1.325193552457145469e-03 2.761854366287435497e-03 7.694159894659685639e-03 -2.299794752893374178e-02 8.227203286184203712e-03 -4.347027209997547832e-03 6.189726948108716098e-03 1.035691621093220646e-02 -2.283001019694087287e-03 -8.765062126653826863e-03 -2.025257786436332648e-03 9.827327345648890003e-04 -2.778998102545387518e-03 6.294131793218848796e-03 4.419551449778350710e-03 6.622430240608320057e-03 6.161857420504863320e-03 1.151601558831598197e-02 2.032968360820477244e-03 0.000000000000000000e+00 0.000000000000000000e+00 -1.609595133471643236e-01 -1.237821732426497012e-01 1.788250399120373813e-01 -1.478115660521064911e-01 3.366438492811075212e-01 3.456461437405307091e-01 -3.042944528828220863e-01 -1.153525778795060214e-01 8.388709375050885930e-02 -5.973928170049359193e-02 6.691236016131792974e-01 2.260217657740431763e-01 -1.349763016386581749e-01 1.136108594395645599e-01 2.758644880732030180e-01 2.338443936152956870e-01 -1.066704702919600933e+01 -2.297183155456296866e-01 1.777972251928079672e-01 3.710230824807204675e-01 -4.165818229578465565e-02 -2.907950997784649605e-01 1.297042855930414795e-01 -1.263052593227754761e-01 -2.089359448138864150e-01 -9.068942630373215408e-02 4.247452740866070053e-02 1.347546672647375043e-01 4.040274969843179242e+00 4.789239087066694128e-02 -7.961415606838176950e-01 1.742149029808057747e-01 1.696507160490070979e-03 6.320257335797355332e-03 1.353562922189524287e-01 1.012660405232222172e-01 -2.661228272055975452e-01 -6.549125921802575502e-03 -6.185067179725303906e-03 4.534924443121091664e-01 -2.412377039106149978e-01 7.454189131380965783e-02 1.794715007007001983e-01 -4.279085975685231052e-02 2.551785840848641573e-01 2.115926702984347041e-01 -3.876233897676577278e-02 -2.575634427046247926e-02 3.866094691218677770e-01 3.582855612618260355e-01 -3.515520422721667149e-02 -1.529079026458963486e-01 1.402236470211282691e-02 -9.496331597238007183e-02 6.181196104676908720e-02 -2.183572436906121295e-01 1.185466654745154051e-02 -6.541231277798551305e-03 1.821579466102206113e-01 4.595199675572859133e-01 3.190342092458068879e-01 -1.924795395270335052e-01 8.923237389672826481e-02 -2.338466716300033332e-01 4.654568588629524883e-03 -3.685891539604633227e-01 1.092461592542023352e-01 -3.018309020247834096e-01 2.486788031874667682e-01 2.231402785177279968e-01 -6.602052972281079180e-03 -5.232584212257272716e-03 -1.946295852890450873e-01 1.517821302038099007e-01 2.171226625962332513e-01 -3.574711767388258354e-02 3.236086434993521582e-02 7.629653402978790744e-02 4.884846456024356798e-02 -9.769010522039324462e-02 3.420159531378948459e-01 -4.136378073456676956e-03
0.000000000000000000e+00 0.000000000000000000e+00 0.000000000000000000e+00 0.000000000000000000e+00 -1.620983860990280259e-03 -6.184798532323828712e-04 -1.304463061217877836e-03 -7.094982870835879430e-04 -3.335767016816041080e-03 5.878089902631774416e-04 -8.279034062065255065e-04 -1.736520878315665284e-03 6.284693327734754316e-04 -1.923288827701675856e-04 -2.473418140888881088e-03 -7.828533378746654198e-03 -4.673781333904735574e-03 1.498047436745441642e-03 -4.097249596999693786e-04 7.289127275942333499e-03 5.849551617295840888e-03 -2.789215064110979600e-04 -1.190822383834706658e-03 8.226616384841515389e-04 -1.411571038784032069e-02 -8.590615690719578985e-04 2.512042732145171667e-03 1.567163586082329259e-03 -1.551941166118935272e-04 1.881411094257851458e-03 1.074204099006209308e-03 -3.793674552181751196e-03 -2.365613573198945344e-02 2.022083058976719924e-04 8.709342806439203952e-04 -7.609550385546885298e-04 -3.756653993820689361e-03 -1.390176938113204435e-03 5.745008671186808621e-03 -3.370150076230053878e-04 2.093481848198720688e-04 -7.271475042345093912e-03 -4.252193823306120793e-03 -5.126302061457002797e-03 -3.525458485027837402e-02 1.259028402929402444e-03 -8.258250113500155420e-03 -5.316491262830779288e-03 0.000000000000000000e+00 0.000000000000000000e+00 2.482688208930239337e-02 1.204971612449274275e-02 -7.847282802515552838e-03 1.487433237599892349e-02 -5.663211449327382185e-02 -4.944924995986063609e-02 9.065581607718381507e-02 1.892907374246674199e-02 -1.465130134912433039e-02 8.198110224736243276e-03 -7.801999820996934065e-02 -2.415830801582991363e-02 1.948506423199177287e-02 2.609518222151972072e-02 -1.224422553634147391e-02 -1.601534942490056082e-02 1.512608094131686398e+00 -1.861144680388460843e-02 -4.152143804943176503e-02 -4.165818229588104382e-02 3.995669588063904820e-02 3.864866642529968949e-02 -2.099885863856942175e-02 2.512887414971197442e-02 2.804662788344613328e-02 2.231741279039362730e-02 -5.453660744412830354e-04 -9.019388285718452081e-03 -5.623043088711296988e-01 -1.982866760889790553e-02 9.200928247838921492e-02 -2.076884650459046369e-02 -2.329579146711609466e-03 -5.152323225583572107e-04 -1.331868807081802546e-02 8.090267473170879159e-03 6.347812774526863377e-02 -1.456813705248205873e-02 4.581795222400656536e-03 -7.883263273354917944e-02 5.513025434306246392e-02 -1.954861571644864876e-02 -3.848352523539820547e-02 -1.829606158972143072e-03 -3.087142954210851317e-02 -2.573654884606949717e-02 1.814261605308221687e-03 9.275843975913848627e-03 -5.109417172534614499e-02 -5.010400197312769865e-02 3.583304060429903966e-03 3.268864840367340791e-02 -6.294105453572987688e-03 2.205840449550784677e-02 -9.698985486992271407e-03 4.399784631552875608e-02 -8.969198708298353404e-03 1.283481140977582244e-02 -3.814403573045507118e-02 -7.587387489624962400e-02 -3.608401110104385301e-02 6.173860163511503407e-02 1.327634485779108538e-02 5.813677302057015939e-02 -9.829372471125733327e-03 9.253614812465693618e-02 2.875206515236261931e-02 6.670801245320936990e-02 -3.255199215459453344e-02 -2.479057714312314989e-02 5.839270295610264269e-03 -6.145788464620527500e-04 3.056911237966610309e-02 -1.902262706595050533e-03 4.060937817418938667e-03 -1.729048849007474090e-03 3.129693322346095707e-02 -2.054131899979809092e-02 -5.109022245994475353e-02 3.145990911050480787e-02 -3.686866135736204669e-02 -1.093206056076971404e-02
0.000000000000000000e+00 0.000000000000000000e+00 0.000000000000000000e+00 0.000000000000000000e+00 -3.602855605308334132e-03 -4.725502527318523396e-03 -3.063329369879314295e-03 -3.317222514202929247e-03 -5.361589588311930360e-03 -1.858438975502706408e-03 -1.289739561453612368e-03 -2.305811939894410623e-03 2.495458190570070019e-03 -2.301892014422214985e-03 -1.157382042167360951e-03 -1.952065387196293827e-02 -1.408529804682213428e-02 1.527844954217744090e-03 -1.327044853127068869e-04 1.614762580632034261e-02 1.002992127190001012e-02 -1.055351619796709127e-04 -4.934436574254330229e-03 1.664024452463353735e-03 -2.492057275646282488e-02 -4.883939803555576581e-03 5.065084177664313896e-03 5.273856697576594088e-03 -6.984026971849532006e-04 1.576946087296794870e-03 6.102303865116516946e-04 -8.882646112645210118e-03 -4.169658688581968919e-02 -5.574421186246346881e-03 3.124361630894623848e-03 -5.354653508579233431e-03 -1.154716260222577590e-02 3.861856315899930229e-04 1.391613318820576241e-02 1.555755190775070032e-03 8.116924935767119795e-04 -1.193858452999686966e-02 -1.091848055427036349e-02 -1.056191117734207527e-02 -7.927038908821554264e-02 -2.644849788663576617e-03 -1.956463562983613846e-02 -7.340729763710876488e-03 0.000000000000000000e+00 0.000000000000000000e+00 1.524675054428298038e-01 1.385483925669707128e-01 -1.463298307216939764e-01 1.894748291005914909e-01 -2.882539106410050844e-01 -2.361974030609690078e-01 2.829827980632692030e-01 9.707883221483772085e-02 -7.207748516779106940e-02 5.036554009461584325e-02 -5.331267802565347047e-01 -1.388501991938349556e-01 1.225137318749911913e-01 1.728624221957535817e-02 -2.788584037607546029e-01 -2.492359743185054433e-01 9.912055144995854050e+00 1.923887489569192089e-01 -1.449062461696432047e-01 -2.907950997785727076e-01 3.864866642521743584e-02 3.173038199591146635e-01 -1.167059696456915902e-01 1.211431807458004523e-01 1.929567133173998861e-01 1.972575388714260802e-01 -4.296076690675992155e-02 -1.444448883938986294e-01 -3.858622529922565381e+00 -6.666214184853570812e-02 6.482448427392470958e-01 -1.005101355755545489e-01 -5.213145280134224603e-03 -2.300852254800919879e-03 -1.084102896860208443e-01 -1.155369915077991347e-02 2.521373466106144878e-01 8.846993090382022223e-04 7.230363200175449201e-03 -4.525167880561194456e-01 2.393379150525041799e-01 -7.487918780441933653e-02 -1.781213126806798497e-01 4.447494751830301241e-02 -2.008006281299486995e-01 -1.224239149741126881e-01 3.317534703945491936e-02 -6.955895249463515083e-03 -3.262404245133374014e-01 -2.589115992335579985e-01 2.741210255841138033e-02 1.492763763819746625e-01 -2.078457461155544181e-02 8.686791953909792086e-02 -7.111852186525770281e-02 2.167066278807285584e-01 -1.461383131457926442e-02 4.048435672574778738e-02 -1.530943634919206542e-01 -3.534009664040843601e-01 -2.667268557222391978e-01 2.042492095833841614e-01 -4.076637569821330020e-02 2.184728772166197874e-01 3.651643605133063353e-02 3.673923707415860940e-01 -8.055815839313214266e-02 2.861089789243713155e-01 -2.051147329373680661e-01 -1.301533378005357289e-01 1.225890008984770012e-02 4.020022587698327335e-03 1.709480761988313169e-01 -7.879545007666047263e-02 -1.394349266179603086e-01 4.173268545880917668e-02 7.130159785178218947e-03 -6.031658797549110940e-02 -5.762552281792008430e-02 1.073588648533750911e-01 -2.670344864296895770e-01 1.765320647229285528e-02
0.000000000000000000e+00 0.000000000000000000e+00 0.000000000000000000e+00 0.000000000000000000e+00 7.010267724889345312e-03 -5.551431322811418122e-03 8.291239034192621551e-03 -3.205971077171792128e-03 4.597019320764936245e-02 -5.491639677322607271e-03 1.378182135880596636e-03 4.163961113239337923e-03 9.829234831575120457e-03 -4.189054798717931419e-03 1.972489815632911744e-02 1.246719500220766670e-02 1.098046525062636690e-02 -1.215713950772944743e-03 -7.000900829373336506e-04 -1.501639138273434121e-02 -1.156080526220078057e-02 1.480842612738553915e-03 1.704824975375876170e-03 6.772175226519474688e-04 6.635501400392346261e-02 -1.825754208156152216e-03 -5.258365930424772038e-03 -3.417703767579792495e-03 4.753098114110438852e-03 -7.135800967942213663e-03 -4.618616526228824272e-04 8.653338908974088708e-03 9.337395790030315890e-02 -3.598324365700527987e-03 8.466712982683113203e-04 -1.218305665878985020e-03 7.592334571684088151e-03 1.525374481296145430e-03 -1.028751985509218821e-02 -1.337773551524293033e-03 -3.615097952489158026e-04 2.574349862385218873e-02 8.360595220207227632e-03 7.902179466365595942e-03 1.213416533839680733e-01 -6.212452123010885584e-03 1.865596316445447544e-02 1.062262581007090111e-02 0.000000000000000000e+00 0.000000000000000000e+00 -6.050928861852150620e-02 -9.722521126191308038e-02 9.223656614404662779e-02 -6.555501824770285091e-02 1.764398998056337098e-01 1.309687377579350498e-01 -2.043232963181391693e-01 -4.629675494176015843e-02 3.527636029054066757e-02 -3.028629910074676426e-02 3.271322884931307517e-01 9.604950185893637582e-02 -6.212338129823177096e-02 8.861833507494711049e-02 1.063895142682782236e-01 7.444887490984641865e-02 -4.690350281864824389e+00 -1.420602906521935549e-01 7.789007171269674012e-02 1.297042855931101746e-01 -2.099885863853374890e-02 -1.167059696457225237e-01 1.133134667254080546e-01 -6.070655675122552108e-02 -1.001463338558832988e-01 -2.974093309433009646e-02 2.156424629527187511e-02 3.972374143915470557e-02 1.870454286725001136e+00 3.923245898828158287e-03 -3.955132374976992327e-01 6.668575124861132741e-02 4.302407029648921619e-03 2.831934521109733850e-03 6.088391741290606618e-02 3.467405641258948512e-02 -1.538873636460424965e-01 -6.322336298930112015e-03 -4.671648533156385827e-03 2.091236428817240811e-01 -7.626812309329410178e-02 1.480270302488013133e-02 6.325681569538670057e-02 -4.896173423501130884e-02 1.294071423177507174e-01 7.628953207120810209e-02 -1.832479569486617291e-02 -5.798271372663296036e-02 2.069249933098199767e-01 1.494421699588627250e-01 -4.220160232570069683e-03 -7.353008794370408108e-02 2.336275406114269107e-02 -3.692466845295811623e-02 3.543740097980394715e-02 -1.139966297365065800e-01 9.196595156942896296e-03 2.049286323600120474e-02 1.065290498540015368e-01 1.906927296199320276e-01 1.553861813871255937e-01 -8.217345894681137020e-02 9.847192092759582405e-03 -1.091451938924178772e-01 9.028237091510488144e-03 -1.765919212213374334e-01 1.120449130256865461e-02 -1.386628563038760920e-01 1.329394241793739606e-01 9.042571312603336908e-02 -1.254358498665872346e-02 3.927122543765339735e-04 -1.125884139407720558e-01 4.397017668998315365e-02 5.041649404490017305e-02 -2.063266406003598161e-02 -5.135869004862113341e-02 4.368997127967513827e-02 2.991802775542025394e-02 -5.606425022904468897e-02 1.316011514553946660e-01 -1.952569739236228357e-04
0.000000000000000000e+00 0.000000000000000000e+00 0.000000000000000000e+00 0.000000000000000000e+00 -3.890974539530965646e-03 -5.380103393753842477e-04 -4.161371216760524107e-03 -1.874077953626385575e-03 -2.586308900723137752e-02 -4.036627816421247219e-04 4.190117997110754137e-04 -1.449286806889761971e-03 -5.495718580525566985e-03 -5.784035517943596737e-04 -8.061288726198703389e-03 -8.191182585265736893e-03 -4.981006723327309135e-03 1.231133560947171015e-03 -5.008127185340316466e-04 6.792151408357979120e-03 4.803142146878336578e-03 1.171999289643835403e-05 -1.045767500224658100e-03 5.281433183314384813e-04 -2.985388107029072688e-02 -1.767375808887220292e-03 2.514032949499400357e-03 1.612639367345858723e-03 -3.003872246865444198e-03 1.760093783990953438e-04 -1.389252042435250301e-03 -3.597141167359446060e-03 -4.119826845677901361e-02 -2.195864395950065332e-03 6.985847530328324114e-04 -2.927022095258490809e-03 -7.912148151280084737e-03 1.375626030905509507e-03 9.121528535091270179e-03 2.196695322987167638e-03 1.510042966810723074e-04 -8.376007041360340050e-03 -6.455311762130687588e-03 -3.016890312386858505e-03 -5.808229989294602658e-02 -9.281320443909436358e-04 -9.528870588766925886e-03 -3.572693141445748392e-03 0.000000000000000000e+00 0.000000000000000000e+00 6.225130617833267432e-02 8.904260529228946730e-02 -6.486094221255327141e-02 7.250302419709314661e-02 -1.430719315466067176e-01 -1.007827122381925317e-01 1.452407915716943110e-01 4.828136639504927025e-02 -4.038224506589746521e-02 2.290675785049135424e-02 -2.412750651462083895e-01 -5.441598601595275947e-02 5.496445047378065857e-02 -9.974341040299738656e-03 -1.129209865953160474e-01 -8.531727031399496952e-02 4.396334581823327703e+00 8.874031337177057388e-02 -7.108231836375439316e-02 -1.263052593228231879e-01 2.512887414967827915e-02 1.211431807458091953e-01 -6.070655675122269002e-02 9.379240288519472002e-02 8.858395354419561218e-02 6.917562687040852698e-02 -1.980048732944821380e-02 -4.992482947318037378e-02 -1.784634194430541942e+00 -1.381067439496121672e-02 3.025707544337098431e-01 -3.609556498706367744e-02 -1.050527139159061979e-03 -1.846133135753720350e-03 -5.260772021037420088e-02 2.866176946339583920e-02 1.213729280425264317e-01 -2.156007701941974400e-02 5.024310322391034589e-03 -2.376333129374806341e-01 1.210886298982687681e-01 -5.661236473755378723e-02 -8.509304643948992219e-02 -2.195890163757035531e-03 -9.544721336173357662e-02 -4.403621965369204638e-02 1.130015631037353460e-02 2.143366676830848680e-02 -1.577132464147691926e-01 -1.079744077683115755e-01 1.247163667150034440e-02 7.045553975991500351e-02 -1.204560124752611892e-02 4.126341874087492700e-02 -2.993505521646738429e-02 9.725376872782333371e-02 -9.386701601122574359e-03 1.595887968651785865e-02 -7.991913766366869065e-02 -1.522000178287948591e-01 -1.261722558790229765e-01 1.010416329084037612e-01 -6.382693844852215144e-03 1.067207711366808254e-01 5.164007934284604948e-04 1.680900430869154416e-01 -1.989409489118777741e-02 1.302501861528175542e-01 -1.031939546908931526e-01 -5.078911201837978118e-02 6.034654041063508036e-03 1.539939355298380278e-03 6.915633033022497433e-02 -8.793985903582633452e-04 -1.137321597654273458e-01 8.253953014757971609e-04 -1.889085359103073736e-02 -4.998989540497080636e-02 -1.523929572776737407e-02 4.253868540955751260e-02 -1.635934969459253985e-01 -1.561970659079259596e-02
0.000000000000000000e+00 0.000000000000000000e+00 0.000000000000000000e+00 0.000000000000000000e+00 -4.087630741770344016e-03 -4.635054761916152996e-03 -3.277802858800861387e-03 -3.796380423954952982e-03 -4.845304574747538555e-03 -1.796760754285008478e-03 -3.274230312173123224e-03 -3.130653528055074228e-03 3.276383513009628167e-03 -2.431865262344632198e-03 -6.156088161164782573e-03 -1.869430154964325450e-02 -1.409394539801054821e-02 8.283974788255918376e-04 2.733671070048933251e-03 1.423618163359189476e-02 1.084850910694263454e-02 -2.678672507773960463e-03 -2.627280740601431377e-03 -9.290774564253897203e-04 -2.793739983960188966e-02 -5.302179835253485046e-03 3.916160640522540516e-03 5.928128091607156279e-03 3.774334703249972536e-04 2.639042020345392769e-03 4.189457614596434239e-03 -1.114502839061884409e-02 -4.677078050156673744e-02 -5.371172625989782158e-03 1.659884351406236283e-03 -5.299335492003046447e-03 -9.429570495021360674e-03 4.903172677288792020e-04 9.778490088554176937e-03 2.457257884577935658e-03 6.682948742831578825e-05 -3.262838926523942834e-02 -7.738512060054367203e-03 -7.635897989750188054e-03 -8.214848066316002284e-02 -2.411048770666638849e-03 -1.833866887369393558e-02 -7.321810447757471502e-03 0.000000000000000000e+00 0.000000000000000000e+00 1.081537682639653331e-01 1.422140915253015114e-01 -1.593264753659403565e-01 1.321411062015428461e-01 -2.842473581805954330e-01 -2.210176404262930716e-01 2.829418150518500652e-01 8.832600706589782691e-02 -6.800996800212816273e-02 4.726108645298202765e-02 -5.333062270500447122e-01 -1.345773587917297176e-01 1.074111043707135643e-01 -5.695397094174481367e-02 -1.613975698321497565e-01 -1.579448096458153095e-01 8.157819554283873842e+00 1.660496767931284590e-01 -1.505202705352422232e-01 -2.089359448139055664e-01 2.804662788341037716e-02 1.929567133173798466e-01 -1.001463338558556543e-01 8.858395354418099887e-02 1.785756867483700994e-01 9.588141798480641353e-02 -1.306595450781772479e-02 -8.524270202508295313e-02 -3.392627822121856429e+00 -4.086985574151339590e-02 6.372114052548806251e-01 -9.520737954639814371e-02 -7.535222343177418181e-03 -3.378473663505366861e-03 -1.130212604820523131e-01 -4.301216234227945440e-02 1.929639114276382461e-01 2.138649483657746944e-03 4.873978297666277208e-03 -3.194639471527583319e-01 1.936903699608426288e-01 -4.422175594951157501e-02 -1.380576578697969570e-01 5.263279273464506469e-02 -2.086896602133131162e-01 -1.172555789511111612e-01 2.959152701011651815e-02 5.314175852636639913e-02 -3.251192822417670047e-01 -2.310001278911332778e-01 1.534536910477326405e-02 1.108361727978009331e-01 -2.004611952694671656e-02 6.983935047729800116e-02 -4.282241910070295338e-02 1.674541543621242967e-01 -1.322771781980420190e-02 -6.596876852131110247e-03 -1.758114432034599550e-01 -3.099847547860031249e-01 -2.236226425687698194e-01 1.307625393344377940e-01 -3.383939135109138852e-02 1.892895568208917412e-01 -2.034127991332720931e-02 2.892338262434040463e-01 -1.881073284344970953e-02 2.376910391052594884e-01 -2.129171099051254124e-01 -1.345992020819515855e-01 1.127517565567033239e-02 3.750076540969475136e-03 1.750104429590230437e-01 -6.798580730430311969e-02 -1.183944413266601603e-01 3.258856402486047521e-02 3.761245685170978154e-02 -6.050249255536264276e-02 -5.397698382373977005e-02 9.181460884182322812e-02 -2.147272321013551644e-01 1.249036012490007969e-03
0.000000000000000000e+00 0.000000000000000000e+00 0.000000000000000000e+00 0.000000000000000000e+00 3.515614581734938238e-03 -8.888809765437278784e-03 4.298747321888451989e-03 -3.685729819937833777e-03 5.496249797989835595e-02 -6.583903262456003436e-03 -2.356838126192982701e-03 1.072559806949582861e-02 1.925725175142627490e-02 -7.572410440096906739e-03 2.295782189250684599e-02 -3.511511287264260268e-03 -7.918874789154187535e-03 -4.558275049868344242e-04 5.833655702398060812e-03 1.764959119156089482e-03 3.427864017085942554e-03 -7.958584340054598513e-03 -5.318257102099826703e-03 -2.328028680537826611e-04 2.925544342336805492e-02 -6.213536966463930125e-03 2.298182609533741365e-03 1.071758975013459292e-02 8.139944099102121994e-03 -1.673229734870284669e-03 7.755946383470490278e-03 3.656663178851984105e-03 4.633861148137773805e-02 -7.176902473364625036e-03 4.620122113601219521e-03 -1.552139710735340929e-03 -3.953908709751555173e-04 1.170135481858598260e-03 -1.549852264519925062e-03 2.309867705952806799e-03 2.449490786356130299e-03 1.223632745432374352e-03 -2.484204116368462015e-04 -3.015796433972622870e-03 3.111361576734225642e-02 -6.452753465200412354e-03 -4.593043496914849325e-03 7.858687519320849829e-03 0.000000000000000000e+00 0.000000000000000000e+00 9.466657034200408327e-02 1.034510654224964216e-01 -4.943036732218498291e-02 2.222121988450253272e-01 -1.475198519697820676e-01 -3.659025638382988610e-02 1.979989734226613174e-01 4.339989862997808284e-02 -6.432243802140133471e-02 3.242085226392429215e-02 -1.237461900208564891e-01 3.312109657636385512e-02 6.090661879657537081e-02 6.712848855307024243e-01 -2.175460547073075901e-01 -2.628380752319244840e-01 5.665994232459387270e+00 -3.719142196086032137e-01 -6.169896697430442278e-02 -9.068942630431210683e-02 2.231741279040743917e-02 1.972575388719695344e-01 -2.974093309455650563e-02 6.917562687066433624e-02 9.588141798509165759e-02 6.242910624826061294e-01 -2.596065245372345537e-02 -1.411697551105900450e-01 -2.121228648049082288e+00 -4.130936933084917717e-01 1.768140391779422782e-01 3.231755721270314352e-02 -5.774181178001746781e-03 1.154582342251540134e-02 -5.539949219523235269e-02 7.815261113286485484e-02 1.308305514518565311e-02 1.030426111073747680e-02 -1.087154553695226719e-02 -2.067652992771415454e-01 1.871409328219993395e-01 -1.803668316781107880e-02 -9.135686626942171595e-02 5.718026888145517905e-02 -5.382851916741748788e-02 3.401782348042195481e-02 5.591278187077913797e-03 -3.189247327158182405e-02 -1.303629969634397534e-01 -3.197352852454578287e-02 -4.508417722131292937e-02 8.950332010230363511e-02 -2.644791688381189707e-02 5.059758018190416845e-02 -2.801219244429385344e-02 1.002138276669251454e-01 -6.813010816080037084e-04 3.640851080769257064e-02 -1.036343818731967625e-01 -1.191074179323378252e-01 1.287983689077339122e-02 2.018375350993933948e-01 9.451673263763460398e-02 1.472684912660420509e-01 -1.898696457610713276e-03 2.080893610085249035e-01 1.078891564848574181e-01 1.789884715218548195e-01 -5.332259239182154248e-02 4.178723243646495500e-02 2.377094916096441496e-03 1.098733868156395385e-02 1.149340013450160514e-01 5.388752019969114682e-02 2.531041975521071130e-01 2.452835497852918177e-03 1.945925338769887158e-01 -2.469640030406362180e-02 -1.183905019658634677e-01 6.418921556115626814e-02 6.796241347257163390e-02 1.141347948735700613e-02
0.000000000000000000e+00 0.000000000000000000e+00 0.000000000000000000e+00 0.000000000000000000e+00 -2.095863845610724131e-03 4.792301141942739142e-04 -2.304663284159719824e-03 -7.574017337491378322e-04 -1.099600978673816870e-02 -1.124361451198348152e-05 -1.093571362624379956e-03 -6.886315863230070599e-04 -2.395983593845974965e-03 -7.173635313162026730e-04 -6.716493110101984416e-03 -1.975075084982520768e-03 -1.809974152341358063e-03 6.235609467218508704e-04 2.441294820813310219e-03 1.360005327413499158e-03 2.780164245951102266e-03 -1.506082619627930946e-03 7.562702384153381120e-04 -2.835320444154717026e-03 -1.730019363722102438e-02 -5.909968924203171060e-04 5.741816590987322945e-04 7.733418964686560168e-04 -2.946704011385818472e-04 3.162644208455189353e-04 2.554706463854148572e-03 -1.306646587265190319e-03 -1.941232248339845590e-02 1.701966377472748115e-04 -1.990455123998421255e-03 -8.890077899733704993e-04 4.139430930612081685e-03 1.017560470348412380e-04 -5.129319916336640486e-03 5.307899732205870625e-04 4.213760906445586981e-04 -2.135125993216555312e-03 1.574045967955070091e-03 -4.366140079642803762e-04 -2.209454490959917791e-02 3.990800942003408405e-04 -1.722462523271974270e-03 -1.493122858562760972e-03 0.000000000000000000e+00 0.000000000000000000e+00 -3.026291693522287912e-02 -6.394163793030130730e-03 1.245713485783899593e-02 -2.368952240859080113e-02 2.099777175854388930e-02 2.769618845166044174e-02 -1.501908963611077799e-02 -1.671311074193458993e-02 5.909202667704730599e-03 -8.761951449839580977e-03 4.549712172056229881e-02 2.029068747651077698e-02 -1.090434173705306931e-02 -5.838505107956391132e-03 8.325447173933211986e-02 1.659363571992742564e-02 -1.064601858282485880e+00 -1.038083374887683111e-02 8.123750699855328966e-03 4.247452740869356314e-02 -5.453660743933161966e-04 -4.296076690675205284e-02 2.156424629526453376e-02 -1.980048732943688605e-02 -1.306595450781672038e-02 -2.596065245345259218e-02 6.410149233850029327e-02 2.061371616624401229e-02 4.220320449622960712e-01 8.308790419535940636e-03 -5.941364814247664800e-02 1.488465557213767415e-02 -1.583224785280265339e-03 1.365840297922333831e-05 3.388732611781945184e-03 1.312006652371723592e-02 -2.933649612555616973e-02 -9.817896272018390019e-03 8.898702982338966769e-03 6.030485951555433766e-02 2.760322079148557275e-02 6.246138702227859666e-04 -1.249035883808684994e-02 -9.432324270901695784e-03 1.381369149934043826e-02 1.432216595853512582e-02 -4.027721816255912420e-03 -5.706107553514937203e-03 2.886941906766499893e-02 3.138250427765795075e-02 1.217955895148900266e-03 -1.628351942311152128e-02 7.206773936195689199e-03 -6.271066665754157152e-03 1.010036883947892927e-02 -2.569147303886115327e-02 9.415625415308452129e-05 -9.063869104035315524e-03 1.954815280016077104e-03 4.347439615751075986e-02 3.315703403758070433e-02 -2.055407465100485623e-02 6.941732449347957218e-03 -2.512931241961834095e-02 -8.769876675547306696e-03 -3.829301133078449187e-02 3.955107465926078342e-02 -3.394967740908973880e-02 1.372149224194152417e-02 1.450432606632699045e-02 9.896245991832404963e-04 -5.502219539279197720e-04 -5.840956357825962016e-03 2.396032791376980289e-02 3.820332228878003250e-02 -1.304986201505382859e-02 2.319107975781040804e-02 -5.531614546445538794e-03 -2.607492098251011636e-02 -1.830968444561712968e-02 5.838034058941464488e-02 -1.599601903040627146e-02
0.000000000000000000e+00 0.000000000000000000e+00 0.000000000000000000e+00 0.000000000000000000e+00 -6.456377143042702589e-04 4.269974170496267443e-03 -3.850721854991266679e-04 3.335870719672838578e-03 -1.503164694193594858e-02 2.418766115073406678e-03 7.383764521886294289e-04 6.752405568750982461e-04 -5.920186791741733831e-03 2.266514707340149416e-03 -5.297392332876099674e-03 8.282839502750254795e-03 5.809650839715397447e-03 3.111962095738606189e-04 -9.602096235160994912e-04 -5.400679039131251434e-03 -3.371083872344826995e-03 3.797204871578702535e-04 2.318156603731179669e-03 -3.300539487461808669e-04 -6.886968120419986739e-03 3.436215415255006005e-03 -1.641838862580962018e-03 -2.354316744120040286e-03 -1.304051230986365533e-03 4.620948330160014718e-04 -6.981137418218081800e-04 3.884644596938179907e-03 -4.547496046634872877e-03 4.283677827428830805e-03 -3.000380734465273730e-03 3.031144505292050761e-03 6.911902375823677017e-03 -5.558674161264743523e-04 -6.734501350508230455e-03 -8.542524671998854473e-04 -9.170492729070402497e-04 6.735699483822623831e-03 4.406764819834711050e-03 4.398788583932730992e-03 1.144213942698612749e-02 3.113926756412851993e-03 7.237955682436930660e-03 2.169481691272730477e-03 0.000000000000000000e+00 0.000000000000000000e+00 -7.450834691491615980e-02 -8.300496985017657980e-02 6.826161125161130105e-02 -8.419027493375372262e-02 1.069170283500993635e-01 1.210893758040178791e-01 -5.718598719765394245e-02 -5.592788968515157583e-02 4.198195615546437137e-02 -2.139693995239063534e-02 1.995402944805513556e-01 6.192676202379997913e-02 -5.647611218844145881e-02 -9.174037218271602345e-02 1.377757836528268887e-01 1.798638304303920576e-01 -4.811262515290142261e+00 -5.692871340686178616e-02 5.241748814675677159e-02 1.347546672647313426e-01 -9.019388285662479493e-03 -1.444448883938168893e-01 3.972374143912531241e-02 -4.992482947312659736e-02 -8.524270202505701555e-02 -1.411697551102416015e-01 2.061371616620160524e-02 1.285155483138629151e-01 1.791423935570366499e+00 3.988181192782351558e-02 -2.468248097594944457e-01 4.978404955188296677e-02 2.486565136119067883e-03 1.079367405304615087e-03 4.751503000880050176e-02 1.078920133653808386e-02 -8.340449044455452987e-02 6.028956267516753786e-03 -3.935544687046961879e-03 1.998583007898017960e-01 -1.266477914431384522e-01 4.355983585254937646e-02 8.781240158257171136e-02 -1.459552069522554452e-02 7.540190708016675236e-02 5.971131839681373399e-02 -1.393571422384736434e-02 2.094407130653772042e-02 1.167038733264660483e-01 1.214785352822483622e-01 -1.825720958704304953e-02 -6.671321481227283912e-02 2.933008384085865079e-04 -4.365882649253659264e-02 2.380307359530254782e-02 -9.007266317302135838e-02 7.710575418757368085e-03 -2.201351088526627697e-02 4.658985265536932929e-02 1.728315644001434392e-01 1.179473753303496436e-01 -9.636572403277361698e-02 3.429263646648017527e-02 -1.099408671883701921e-01 3.251909167547068109e-03 -1.647795742432518751e-01 4.241827065164979066e-02 -1.460270596864710335e-01 7.316920064454074391e-02 5.727614271954918623e-02 -4.306278888788383358e-03 -2.437167930231560684e-03 -6.756040517059955230e-02 3.632712994878548041e-02 2.757307605287561206e-02 -1.063988016067615033e-02 -5.651988506117073749e-03 3.232201123801738130e-02 2.085113151503561330e-02 -3.489365886963905622e-02 1.085834903393178563e-01 -6.549352983989627230e-03
0.000000000000000000e+00 0.000000000000000000e+00 0.000000000000000000e+00 0.000000000000000000e+00 7.526802514844299630e-02 3.235550203953552195e-02 7.287459318787717355e-02 2.324961692446278830e-02 2.086962529361950924e-01 -1.926603492564266107e-03 4.899281191259410168e-02 4.440438549063521756e-02 -2.205683138379238573e-02 1.165363584509124945e-02 1.313877119968007157e-01 2.997119614895528694e-01 2.437025421653397361e-01 -1.386318238018565546e-02 -3.508427412688004676e-02 -2.594482609089540648e-01 -1.976013090288928908e-01 4.594436696658057290e-02 5.250687967707589471e-02 1.259381216120382743e-02 6.165712696202204635e-01 5.850264174266951028e-02 -7.956568495888716175e-02 -1.045721790402432821e-01 9.209434501629421010e-03 -7.420557893445832442e-02 -5.769391746980909175e-02 1.770169924805422568e-01 9.597969204890738348e-01 5.292721936106372510e-02 -2.827544972425739822e-02 5.308082977763565330e-02 1.782802670813556922e-01 1.124200632833415557e-03 -1.917516297236042111e-01 -3.856596455113398686e-02 -7.708134378276865727e-03 5.311536546311856899e-01 1.441563489111978846e-01 1.446557788454816695e-01 1.559117229555934125e+00 1.751603484980054394e-03 3.291928868300164068e-01 1.355414878346506702e-01 0.000000000000000000e+00 0.000000000000000000e+00 -2.269621851461238737e+00 -2.743918518071381207e+00 2.746460391979764992e+00 -2.698375760923759081e+00 4.842140932899124728e+00 4.121325313338838114e+00 -4.801603767185271820e+00 -1.744576626081334902e+00 1.310706298790679014e+00 -8.487069044811247354e-01 8.773950884560283825e+00 2.396032412192627969e+00 -2.019776060678851071e+00 9.235174155614122027e-01 3.438020194580544864e+00 3.195819697183110097e+00 -1.593140977838847618e+02 -3.295529502607304817e+00 2.475707788829730305e+00 4.040274969843041575e+00 -5.623043088705073078e-01 -3.858622529921924560e+00 1.870454286724634096e+00 -1.784634194430320120e+00 -3.392627822121711212e+00 -2.121228648044200860e+00 4.220320449622321779e-01 1.791423935570480852e+00 6.854844216643019195e+01 7.660474165023506421e-01 -1.063685817079631235e+01 1.738306056487031181e+00 1.228954437753505963e-01 4.028750772710981004e-02 1.878447877632134944e+00 5.679278415405710767e-01 -3.671433279762134294e+00 9.580443309574408761e-02 -1.612738771966129026e-01 6.490794336520165686e+00 -3.848829888216924733e+00 1.071586326011518819e+00 2.755831699614933683e+00 -6.999082604561392973e-01 3.425081243159522781e+00 2.127599809976395306e+00 -5.337819006771751251e-01 -7.414075313968341296e-01 5.399561126436767999e+00 4.293235662550564768e+00 -3.430583693250195965e-01 -2.194531446039102995e+00 3.801149529583099929e-01 -1.377394969506722466e+00 8.779681450294123390e-01 -3.257800340743345124e+00 2.738489644782541865e-01 -1.081126793758897947e-01 2.787356436496378098e+00 5.814696463553516992e+00 4.183660752816255268e+00 -2.726259414571924999e+00 5.097323612989000940e-01 -3.683523204996099309e+00 1.988617662717141743e-01 -5.697235346979852899e+00 4.074202799807713493e-01 -4.603865787596094883e+00 3.502093734189039242e+00 2.343205353265305213e+00 -2.075930498418543935e-01 -5.952425488607512860e-02 -2.789409713779656297e+00 1.089633476316035798e+00 2.477430889363321231e+00 -5.044652298492164899e-01 -4.407648491666371071e-01 1.226194246967527768e+00 9.952775773063311515e-01 -1.674736810056698388e+00 4.319631641381075582e+00 1.760435854174404596e-02
0.000000000000000000e+00 0.000000000000000000e+00 0.000000000000000000e+00 0.000000000000000000e+00 -8.968367858168475176e-03 8.963405589195828221e-03 -1.127000946859665377e-02 3.233230554752393893e-03 -8.476383303662252122e-02 6.743380749250019006e-03 -7.061138087751728850e-05 -1.121610545788623292e-02 -2.433995892984415835e-02 5.948478019443033220e-03 -3.234374687010598687e-02 -8.717497093726643900e-03 -1.314557715406524437e-03 2.425591847647448271e-03 -5.872214597472832226e-03 9.436735637260752763e-03 4.898215433805854120e-03 6.188198233843407968e-03 1.667691484832366971e-03 7.985370462414250652e-04 -7.879242254798927980e-02 4.366968095816235740e-03 1.845822899888376490e-03 -6.794285143729610413e-03 -1.043712623348583106e-02 3.776869300104665917e-03 -4.502894398446050800e-03 -6.809020980491813438e-03 -1.065256228674442973e-01 7.090178645624854725e-03 -3.505442165084325656e-03 1.575436292170752373e-03 -7.911193479187603184e-03 -2.824462353288625157e-03 1.167813634722417344e-02 -2.110257259638102616e-03 -4.109907168834392422e-04 -1.722291481593911378e-02 -6.278400895950361597e-03 -6.017586328944901815e-03 -1.070642753505985506e-01 7.757656539106394869e-03 -6.327647180799996114e-03 -1.389305306387896705e-02 0.000000000000000000e+00 0.000000000000000000e+00 -3.949836630673427690e-02 5.956739749286292691e-04 2.113484008644477691e-02 -1.209935348747992051e-01 1.043432463587548320e-01 5.270742925978208482e-02 -1.689081083373141778e-01 -1.908285607441248186e-02 3.535646360117968012e-02 -2.132117402680287765e-02 1.000647829239680875e-01 1.210942041603881372e-03 -2.871154443475054663e-02 -4.977142415347562410e-01 8.498356014183257312e-02 1.052364117850868724e-01 -2.485892274921519984e+00 4.193564754912819659e-01 5.644056911386465675e-02 4.789239087116907434e-02 -1.982866760893355756e-02 -6.666214184906189832e-02 3.923245899038221157e-03 -1.381067439522353640e-02 -4.086985574178034208e-02 -4.130936933088324436e-01 8.308790419798371338e-03 3.988181192812388642e-02 7.660474165069662833e-01 3.843566243569671026e-01 -1.175047233831757604e-01 2.332670633335218267e-03 1.127667621591974239e-03 -9.061821443294091824e-03 4.225037172231380089e-02 1.306694185894728515e-02 4.091666764048700056e-02 -2.369798202341558829e-02 1.254761222107317678e-02 3.035962460267966831e-02 -8.276515074496579305e-02 -2.923396084983685000e-02 2.075956446200708655e-02 -4.847197412633423574e-02 4.491361351799383339e-02 1.069329666438682130e-02 -9.109595883010531943e-04 -9.785080778075090288e-04 9.080648926551936062e-02 3.647335056272529852e-02 4.927435619049948257e-02 -3.852988030807114050e-02 1.702928638222312233e-02 -2.740610944914747410e-02 -2.368358055473548593e-03 -3.384722077630548248e-02 -6.229898641241208776e-03 -3.826650333444985182e-03 9.933819267980928402e-02 9.443695835059022492e-02 -6.922675205144171451e-02 -1.135426940798345552e-01 -7.732093655265896703e-02 -8.286842684657620695e-02 3.689100339373424520e-02 -9.252879189809071203e-02 -1.230411793706654711e-01 -8.891718237015895643e-02 3.461560778773524472e-02 6.064817249381703780e-03 4.780502360757540870e-03 -1.101735514878019948e-02 -9.981588260789861500e-02 5.647611228984932875e-03 -2.607059294726961629e-01 5.158338055147827436e-04 -1.963042374722818451e-01 1.363513877507781507e-04 1.164635385111849608e-01 -3.985246643598192029e-02 -1.485548984068128797e-01 -4.422994003701464887e-03
0.000000000000000000e+00 0.000000000000000000e+00 0.000000000000000000e+00 0.000000000000000000e+00 -7.835824779518357763e-03 -3.515295505038230212e-02 7.687160686751439310e-04 -2.795586749943806959e-02 7.132991722610877716e-02 -1.656281508411140344e-02 -1.199695814260044388e-02 -1.421022760221609879e-02 3.653451453293360407e-02 -1.644405885321388594e-02 6.122769087149994814e-03 -7.771659110856057873e-02 -5.421122990039243389e-02 2.844757527663143489e-03 1.156026485385954101e-02 5.090342169378380549e-02 3.624959645809715941e-02 -9.074372214842075374e-03 -9.885793640927845877e-03 2.142666987334047521e-04 -1.223476242675800886e-02 -3.010143335835619230e-02 1.187361075094350155e-02 2.302242065186105649e-02 9.458934744119368992e-03 2.069543627007441704e-03 1.582551804806345622e-02 -4.780840822771573184e-02 -7.949626383560037812e-02 -3.459165700201589227e-02 1.338697467853577905e-02 -3.062361262491253983e-02 -4.442778048639264843e-02 5.045453040763990364e-03 4.565390216693736986e-02 1.165410817456721641e-02 -4.528920566190818703e-03 -1.406786957203732813e-01 -3.124909528694996830e-02 -2.962210440351178975e-02 -2.296129376917503961e-01 -2.265329912121923084e-02 -7.111538927769038565e-02 -2.345871831922893835e-02 0.000000000000000000e+00 0.000000000000000000e+00 3.382205009783263994e-01 4.744561690665190512e-01 -6.999710196981442367e-01 4.116766632005780524e-01 -1.272985804285595490e+00 -8.724684581181306742e-01 1.225468082425537286e+00 3.051398013064557935e-01 -2.395578992160595222e-01 1.901874964024017345e-01 -2.583927919049103128e+00 -6.010089095507684664e-01 3.994163036426470192e-01 -3.298101714601512358e-01 -5.167838443987290420e-01 -4.789579417958308438e-01 2.806307481914400981e+01 5.734656102310200509e-01 -7.200881280418210961e-01 -7.961415606843748050e-01 9.200928247827341866e-02 6.482448427395068880e-01 -3.955132374977054499e-01 3.025707544338632204e-01 6.372114052551068886e-01 1.768140391766184205e-01 -5.941364814269819300e-02 -2.468248097597287027e-01 -1.063685817080020257e+01 -1.175047233819129094e-01 3.019756610803349339e+00 -4.083831687704964075e-01 -2.896756269614128576e-02 -2.069483905201813592e-02 -5.265036714151675179e-01 -2.875996971889543952e-01 7.246015328046618853e-01 6.995276110341624998e-02 -1.868899948040352380e-02 -1.055471136063547366e+00 5.776177475699939556e-01 -8.668822766081182851e-02 -4.321891707823657391e-01 3.010184140947491094e-01 -1.004600846120427438e+00 -5.002701341441815330e-01 1.226527297782276371e-01 3.175701891435567248e-01 -1.533614281646698663e+00 -9.245664181629321687e-01 5.150599479775994777e-02 3.737278072960441566e-01 -7.332246190841794353e-02 2.302498718405355804e-01 -1.420915911651836616e-01 5.857397017178295195e-01 -3.440189489113603533e-02 -1.121456425760988113e-01 -8.543820481380660636e-01 -1.196743395189423076e+00 -9.148510956749985601e-01 3.659467651246000042e-01 -2.209133222977587574e-01 6.462184871892288074e-01 -1.296639954190186572e-01 9.554135908652381382e-01 -1.397036961887823947e-01 8.259631578016765063e-01 -1.018537156422897105e+00 -6.170683113718862245e-01 4.279199790496238109e-02 2.020656816916588730e-02 8.383903235794908371e-01 -3.799380838767848489e-01 -5.079704295950987492e-01 1.829614002704778308e-01 1.306778188258450046e-01 -1.838114568513907754e-01 -1.225748582185635371e-01 3.647662749625977252e-01 -8.262339745988652728e-01 4.126031008763965391e-02
0.000000000000000000e+00 0.000000000000000000e+00 0.000000000000000000e+00 0.000000000000000000e+00 -4.569207000736630851e-03 1.851486664909285026e-03 -5.692590092825836404e-03 6.543810994419032743e-04 -3.178687503262869751e-02 5.672338116852975289e-04 -2.537059923740031010e-03 -3.912506786736853347e-04 -8.378932907629898716e-03 -1.050165209470722491e-03 -1.103113406390684309e-02 -9.948144223309593817e-04 -1.327845105722094514e-04 1.311684006643463584e-03 -7.965165494433070837e-04 3.506504032828948025e-04 1.069732193315384204e-03 -9.584253172582079313e-04 4.752401839757335565e-05 -7.699268460007997836e-04 -3.697299640002697785e-02 4.895075798935783883e-04 -1.706384246055810572e-04 -6.664549270921763836e-04 -2.130330649244500767e-03 -1.310996264567298878e-04 3.423226757535328436e-03 1.465397775001010426e-03 -3.659187817800610421e-02 2.863342577638941511e-03 -1.889217416374314477e-03 9.447234991574094852e-04 -9.505176331410817789e-05 -2.278646215994220125e-04 1.850444503224942319e-04 -3.731382989558387807e-04 8.499234053509691945e-04 -1.458011673488373260e-02 -3.590071029230147833e-04 -2.689354738738443384e-04 -2.533649670282533961e-02 2.132866070367147628e-03 4.435758030385841127e-03 -1.259716894938895260e-03 0.000000000000000000e+00 0.000000000000000000e+00 -7.185694676617694621e-02 -5.252515002230146585e-02 9.177060151649196751e-02 -3.395072340885296053e-02 1.602297436238725170e-01 2.032391928518682833e-01 -1.294836317855880548e-01 -5.825175313800724092e-02 3.807005842556359515e-02 -3.089036514663133851e-02 3.509055466275077251e-01 1.471413768670092048e-01 -6.303508701943548453e-02 1.360073338464510284e-01 9.958768079337479429e-02 8.856900503329390162e-02 -4.773199502189876320e+00 -1.325735152815473994e-01 8.979102956151724380e-02 1.742149029807611160e-01 -2.076884650454841053e-02 -1.005101355754711157e-01 6.668575124856851444e-02 -3.609556498702466698e-02 -9.520737954635269396e-02 3.231755721287316724e-02 1.488465557210792711e-02 4.978404955184782821e-02 1.738306056486611073e+00 2.332670633232394267e-03 -4.083831687701676150e-01 1.204436426947642219e-01 -1.800120114366685498e-03 2.371367706545713522e-03 6.700383830758806225e-02 1.113618119055073824e-01 -1.293109605765723757e-01 -1.593844638373453221e-02 -1.079136598499637507e-02 1.591889439141205009e-01 -9.117592664065964081e-02 9.650209794171917335e-03 7.228179684827246154e-02 -4.192698654774757588e-02 1.348572181503069622e-01 1.392729893865019275e-01 -2.275488821952535018e-02 -4.508112406244332848e-02 1.915869662168514787e-01 2.089892026198126029e-01 -1.714852426667047569e-02 -6.497330595324037061e-02 6.356970669327561239e-03 -4.295346092038473951e-02 2.085452294541443805e-02 -1.019414329388240309e-01 5.474951586921279409e-03 1.792681436087045083e-02 9.246493522609187943e-02 2.544427920139090138e-01 1.618611437036922007e-01 -6.099285709038747283e-02 6.067933134533946143e-02 -1.120150515570943472e-01 2.804834250816278657e-02 -1.692343072110952806e-01 5.038878174061999643e-02 -1.429527610147715011e-01 1.244057048768806434e-01 1.471682038635851175e-01 -3.073764442375694766e-03 -4.184275677521620725e-03 -1.036127557594533344e-01 1.092656660259014173e-01 8.960387495844333861e-02 -1.734826430243351092e-02 -7.313715538040677262e-03 3.709483979829144434e-02 2.897762317220046666e-02 -4.369675865537941267e-02 1.448359135250912033e-01 1.261803745601486077e-03
0.000000000000000000e+00 0.000000000000000000e+00 0.000000000000000000e+00 0.000000000000000000e+00 4.995015385689586390e-03 3.968708367520122453e-03 5.174721050164911469e-03 3.771431478433824678e-03 1.191569613090785740e-02 1.670035793198834358e-03 5.630039076750035024e-03 4.681916326782930085e-03 2.503924208099984438e-04 3.303132148829505434e-03 9.723538908154029728e-03 1.501408389311816374e-02 9.138997133810101287e-03 -1.545108437237283821e-03 -8.573142549844901990e-04 -9.310564633311160798e-03 -7.656855932688100101e-03 1.375802321648784618e-03 8.702178071591495836e-04 2.218565664569814144e-03 3.129112659265101404e-02 3.935649906499878899e-03 -1.117922312984312222e-03 -1.455357775825947761e-03 9.831843422529034380e-05 -6.874156854177906981e-04 -6.221156516891337279e-03 8.044196740822948111e-03 3.879108635788772880e-02 1.759394030022698582e-03 -6.221293209311157951e-04 3.406498131491311754e-03 8.554106775761884107e-03 3.453837471760257995e-04 -7.467446404444906365e-03 -5.176637573100404364e-04 -9.276251819280732563e-05 3.943140143985134766e-02 5.219910020018397878e-03 4.738245760013195043e-03 4.832708180794131891e-02 7.371251746103316604e-04 4.522644414663740120e-03 6.881830636483552734e-03 0.000000000000000000e+00 0.000000000000000000e+00 4.917720155836469154e-03 1.139871852701108924e-03 1.580233758804417549e-02 -1.665070419052233717e-03 2.211266813765220760e-02 5.262597296382525228e-03 -3.907903378844453102e-02 -3.978527790033484744e-03 3.734137442590790192e-03 1.906667305051961087e-04 2.812130337002541683e-02 1.666138088308151974e-03 -4.280279908234716282e-03 -5.734445795880100012e-03 7.131244054638667847e-04 5.911821882208643207e-03 -2.834148932146013933e-01 -1.132563716735919372e-03 1.198171987046682194e-02 1.696507160505388587e-03 -2.329579146690374282e-03 -5.213145280127630052e-03 4.302407029649525302e-03 -1.050527139156519742e-03 -7.535222343193204164e-03 -5.774181177870197496e-03 -1.583224785282653403e-03 2.486565136135640564e-03 1.228954437755570700e-01 1.127667621454758263e-03 -2.896756269614509521e-02 -1.800120114351733917e-03 7.569969060086077783e-03 2.670468858862854161e-03 6.258543342356534707e-03 -4.569806175976233627e-03 -5.033468920565510249e-03 5.202476429075287602e-03 5.220769577617891122e-03 1.273357297262667394e-02 1.998575992958042877e-03 1.903310191046124087e-03 2.681499075709454713e-03 1.930397352824856716e-03 1.147761053291060027e-02 1.743153382083893494e-03 5.222856386938298573e-04 1.319014641839095191e-03 2.033995698105814376e-02 4.089718156765327281e-03 1.747346621691394210e-03 -1.295488487145244087e-03 6.018579055229755261e-04 -1.804150077965855367e-03 -2.468309444532198072e-03 -6.468138201016415331e-04 5.791230670719059361e-04 5.063988711279700239e-03 1.528623420135314173e-02 9.965082801067507573e-03 5.186550483636544716e-03 -2.906110945579944149e-03 -4.705390096591633396e-03 -8.848861560086801123e-03 7.377779323579443729e-03 -5.856251870456073358e-03 -1.036886116908025159e-02 -1.023231374615930257e-02 1.500034017975383598e-02 1.490687061999614732e-03 -1.998368999729222082e-03 3.813899657663676925e-03 -1.469866914777029528e-02 6.426242533470473070e-03 -1.227285503891802770e-02 -1.082165026023563029e-02 -1.826315645774345686e-02 -5.433628862388742257e-03 4.271805611387826697e-03 -1.133637781458107958e-02 -3.231640904288735940e-03 -8.314035341019777522e-03
0.000000000000000000e+00 0.000000000000000000e+00 0.000000000000000000e+00 0.000000000000000000e+00 3.375637169333203184e-03 1.888558441300749015e-03 3.075034499615834742e-03 2.329475506167207229e-03 1.582861018997459152e-02 -8.807346519868215068e-04 1.858097783513643249e-03 7.398944518926878211e-03 3.365266675604181978e-03 -5.709365790410188789e-04 8.834550999467928600e-03 1.197826501655694514e-02 5.683240056866508023e-03 -2.087952639706776390e-03 1.871975526188364262e-03 -8.427294978521269325e-03 -5.114953670632584395e-03 -2.736273690856402038e-03 -1.940976066475334858e-04 -1.809336262494848162e-04 2.119735961783351941e-02 1.199457599862953274e-03 -8.169384528753729623e-04 2.101970169633055746e-03 1.817786825053057612e-03 -1.742901460034090941e-03 -5.713989232101204189e-04 9.385160412522327092e-03 3.216764403830679048e-02 4.194452448341314367e-04 -7.234858652443944185e-04 2.394309119349583449e-03 8.179824904954268242e-03 3.801047457883861033e-04 -8.673025272407104691e-03 4.317539059174218597e-04 9.313958310052162549e-04 2.498638182830145021e-02 6.124315594877728641e-03 4.766526591391951131e-03 4.241387774550438305e-02 -4.732927994156313966e-04 5.104690626456143306e-03 7.414544836142625099e-03 0.000000000000000000e+00 0.000000000000000000e+00 1.106254678196952682e-03 1.329788676188973454e-03 7.660776437259091132e-03 1.605690747179991731e-02 1.526445444367757406e-02 1.340700255698335994e-02 -3.147749706722426100e-02 -8.252496496999389350e-03 3.645307182855380985e-03 -1.105224731696661513e-03 1.633217726774145381e-02 7.080282240518613081e-03 -1.595254841189193548e-03 1.821900074636429237e-02 4.016740994294992241e-04 9.656100691917426058e-04 -7.219343598201312384e-02 -1.634196926534468505e-02 7.481372253064709835e-03 6.320257335750442337e-03 -5.152323225336519295e-04 -2.300852254739145075e-03 2.831934521085629868e-03 -1.846133135715982742e-03 -3.378473663487213414e-03 1.154582342264332852e-02 1.365840294889473410e-05 1.079367405290468417e-03 4.028750772678015707e-02 -9.061821443379601548e-03 -2.069483905183568465e-02 2.371367706551529182e-03 2.670468858850944417e-03 7.576537965900291549e-03 2.143369218563213538e-03 2.231663204739564327e-03 -6.340650686319714360e-03 2.953956446146389133e-03 7.975530329228429013e-03 9.028211480019003241e-03 1.354530326823103446e-02 1.600647221178902197e-03 -2.251391586882122049e-03 1.873603755364082859e-03 6.669071525390832776e-03 5.718436481260667087e-03 -9.289266817567057256e-05 9.533250963722444786e-04 1.281232058732382356e-02 7.062171325493377810e-03 1.139812828760865086e-03 9.491270819936177550e-04 -2.391229796346548415e-04 2.853646242322645937e-05 -2.512577867052353739e-03 1.770150911035813478e-03 -2.956059956882067970e-05 5.662062651859971207e-03 6.524577022983570930e-03 9.973851665108906042e-03 8.183893474631980663e-03 3.604380976742466765e-03 3.196404353711937690e-03 -3.437655789329710498e-03 7.263526719579257475e-03 1.405561205844297820e-03 3.810064557405143035e-03 -4.724392034428207682e-03 9.961609869047420573e-03 5.696094416866263367e-03 -2.679597760349362607e-03 4.684689024582519741e-03 -2.296968032834545773e-03 9.597436515623836151e-03 2.048819182411402290e-02 -7.430113378131961849e-03 1.262920605847132893e-02 -4.122948086072474212e-03 -1.018557998189874997e-02 -1.095846852606429701e-02 2.406004041747084043e-02 -5.250332654437155425e-03
0.000000000000000000e+00 0.000000000000000000e+00 0.000000000000000000e+00 0.000000000000000000e+00 7.552865297813797681e-04 9.488169902018952009e-03 -3.450862596173921281e-04 7.354278790053086004e-03 -2.151687137841911540e-02 6.258056365302342751e-03 2.757574141574608857e-03 9.004406053320747946e-04 -9.771065212236234448e-03 6.136418008807172260e-03 -3.383344699108124624e-03 1.507264965261091889e-02 9.926516066263433788e-03 3.447873470602831180e-04 -3.802146882761124787e-03 -7.882123398391321228e-03 -6.093769420970744990e-03 2.956654535603417486e-03 1.662244539305597147e-03 9.332171102096329437e-04 -5.507208583069835885e-03 8.358881525731430909e-03 -1.722523151693555179e-03 -5.324061117893319831e-03 -3.050866418406268567e-03 2.291529007247132196e-03 -4.271511618435988589e-03 7.525839099798032131e-03 1.762209339726309408e-03 9.229798067632270439e-03 -2.573835463302551283e-03 8.034667873076335731e-03 7.004098724467942502e-03 -1.201641146768910214e-03 -4.758242430414037945e-03 -2.199671107666727361e-03 -1.458986605374897137e-05 8.710244917797932071e-03 4.169978584940330080e-03 5.016737938759729953e-03 2.686189348200753585e-02 7.313665075256842868e-03 1.093757509358446976e-02 2.311984002014647131e-03 0.000000000000000000e+00 0.000000000000000000e+00 -5.442256871769382554e-02 -7.114214702124145584e-02 1.239987366174457178e-01 -8.800088495554031498e-02 2.210752729920173465e-01 1.524475854841351730e-01 -1.911936889343302803e-01 -5.242181846953760521e-02 4.585049058620794399e-02 -3.004664378692096724e-02 4.538818546837781187e-01 9.906138276115873664e-02 -7.311581105278740222e-02 8.387476275733815601e-03 7.870935369713430441e-02 9.564110598101385752e-02 -5.158630703221416702e+00 -5.775343164114435379e-02 1.261424736167361393e-01 1.353562922190621187e-01 -1.331868807081808270e-02 -1.084102896860684173e-01 6.088391741293064374e-02 -5.260772021041017904e-02 -1.130212604821305561e-01 -5.539949219500679006e-02 3.388732611819922618e-03 4.751503000882190131e-02 1.878447877633443674e+00 4.225037172208301328e-02 -5.265036714153640274e-01 6.700383830763866067e-02 6.258543342359565269e-03 2.143369218603917090e-03 1.175271736623006991e-01 5.099870805722075962e-02 -5.875532826638046879e-02 -8.074318259393656327e-03 -2.924732517596711004e-02 1.712859968799516630e-01 -2.013952596141276030e-01 1.266636346153576960e-02 1.101527822458109318e-01 -5.353507870167965865e-02 1.767083695066103133e-01 8.537185806615030237e-02 -1.959531650567672770e-02 -3.725259893873177075e-02 2.629281904201009601e-01 1.534372790175386747e-01 -1.784980028120521089e-02 -6.093632493010041340e-02 3.972789901570810203e-03 -3.727470035841561058e-02 2.002391939020130990e-02 -9.286854548215077443e-02 4.340180993957516893e-03 1.352910179588775672e-02 1.500354655607641363e-01 1.948533725394625549e-01 1.555894187050597122e-01 -5.687787041112904451e-02 4.179233816322790174e-02 -1.005485547707332949e-01 3.017058882732010991e-02 -1.539369719579844198e-01 2.632149006904170585e-02 -1.325374675332619268e-01 1.784049244520151678e-01 1.042898603055015389e-01 -6.310685943322410542e-03 -4.743353842038617284e-03 -1.531830438654395443e-01 4.726188918267774236e-02 6.761269180762238817e-02 -1.155572009419098337e-02 -4.424981172569150689e-02 4.716080457231953266e-02 4.148510160299689192e-02 -4.275661485897777614e-02 1.192891870344642280e-01 1.094828842984946898e-02
0.000000000000000000e+00 0.000000000000000000e+00 0.000000000000000000e+00 0.000000000000000000e+00 -1.163530012824670265e-02 3.935237727430182346e-03 -1.505287110805995400e-02 -1.229826639873712445e-03 -8.621130161146206561e-02 1.236140248309430031e-03 -3.890972880923051873e-03 -3.261739115009989424e-03 -2.080193348199332187e-02 -1.899810406536950411e-03 -3.145834743339092493e-02 -1.463348299569501229e-02 -6.866433343310473711e-03 3.120134137812400482e-03 -2.273708844761884295e-03 1.229638598799188791e-02 1.171377267768325750e-02 -1.186537638327951356e-03 -2.116721694014876611e-03 6.281617483552633021e-04 -1.049997368627026972e-01 -1.442472347761975448e-03 4.476063052979736660e-03 1.343728028410283003e-03 -8.176095519275590820e-03 9.813651186111591908e-04 2.817615527075714547e-03 -1.810702921705468430e-03 -1.272245101880390139e-01 3.626914908858677733e-03 2.354894500777627870e-04 1.059716180252624936e-03 -1.841752918907716904e-02 -1.786572777820982262e-03 2.462616108322749492e-02 -1.897365147425273302e-04 2.561128752255837672e-03 -5.832874299916825100e-02 -1.259984005381154827e-02 -9.199193141913147506e-03 -1.291172388933443382e-01 4.369282844697694110e-03 -8.394946005262575450e-03 -1.080370606872578174e-02 0.000000000000000000e+00 0.000000000000000000e+00 -4.825861990526351952e-02 6.986817705026121886e-03 9.059129805907646660e-02 1.678916543765406055e-02 7.887661795742519077e-02 1.282612941455485989e-01 -5.013140468292148072e-02 1.126660405409207755e-03 -7.077423295126988173e-03 -3.044123723828264655e-02 2.618342751992153716e-01 1.364009079216943476e-01 -2.839100453962732293e-02 1.490639271986877179e-01 5.987650432194396855e-02 3.342201423057891696e-02 -1.853587618985152119e+00 -7.985657247766861366e-02 5.393474962034654208e-02 1.012660405231930461e-01 8.090267473139813731e-03 -1.155369915080478246e-02 3.467405641260627724e-02 2.866176946337755868e-02 -4.301216234224888857e-02 7.815261113252683356e-02 1.312006652371582732e-02 1.078920133643988116e-02 5.679278415403229419e-01 1.306694185931534316e-02 -2.875996971890629750e-01 1.113618119054471667e-01 -4.569806175958728532e-03 2.231663204700875657e-03 5.099870805723571987e-02 3.290701611695356910e-01 3.120770912736732863e-02 -2.042934407605199731e-01 -6.310104168581162458e-03 -2.689724030249058817e-01 6.833599536671033925e-02 -2.374060090781370536e-01 -5.550951869620730089e-02 -2.665893541655492416e-01 1.006329644036934312e-01 1.200017219297022514e-01 -2.135092566227202865e-02 -8.930863647243963976e-02 1.477711413143169283e-01 1.430904635216402598e-01 3.313252935400198829e-02 -4.729580040461509732e-03 3.231449895782870230e-02 5.885972557923953297e-03 4.552058242877079879e-03 -4.426716345158616256e-02 -4.129380555602900696e-03 6.897285695106179781e-02 1.070523535763240192e-01 1.568262384650903341e-01 1.841650653430880122e-02 4.244656414829689473e-02 -2.283645851800654783e-02 -3.306475806400686890e-02 2.318930860450898676e-02 -5.024178066928626507e-02 -6.614487535205072766e-02 -3.930710957963888530e-02 7.928793598459921155e-02 1.365224917480142575e-01 6.125682517070033840e-03 -7.080019341415234521e-03 -1.197719647767568341e-01 1.499708900183316651e-01 -1.363723987262626391e-01 -3.481932797910364252e-02 -1.657141730876500185e-01 -1.944739353746383070e-02 3.036803352828712499e-02 -2.769443191783155928e-02 -9.576409885509637454e-02 -3.206791677740367108e-02
0.000000000000000000e+00 0.000000000000000000e+00 0.000000000000000000e+00 0.000000000000000000e+00 -1.187907708051678946e-02 -2.768283350525902430e-03 -1.207085125553782577e-02 -3.925834138522705033e-03 -7.166873445737545478e-02 1.769147500547319949e-04 -1.503421562412945870e-03 -7.562119949189916729e-03 -1.564052509488778400e-02 -1.125314892032814673e-03 -2.801220124145394411e-02 -2.562421216420155204e-02 -1.501164140507842658e-02 2.315462303148883502e-03 -9.698020726828016948e-04 2.086431592886429237e-02 1.653420885072355226e-02 6.935395218642494749e-04 -2.945572004637234641e-03 7.508626080080748038e-04 -9.237903984841275284e-02 -4.935043837167197613e-03 7.292733253959667560e-03 3.937008095082026975e-03 -7.482624637363522423e-03 2.699151282673977435e-03 -7.396999727195683249e-04 -1.331802065523024839e-02 -1.353182656801416861e-01 -4.693622093508363104e-03 -1.299132560764980392e-03 -5.259199672167044239e-03 -1.133163409129665788e-02 -2.453516082410232488e-03 1.975322152386374194e-02 2.026960456341651926e-03 -1.344489773204610942e-03 -5.634252134079682783e-02 -1.245311583453278213e-02 -9.605907733032976667e-03 -1.837053838164761366e-01 -3.028793001280354188e-04 -2.991393080127788262e-02 -1.572864340344449705e-02 0.000000000000000000e+00 0.000000000000000000e+00 1.436500912739475389e-01 1.659656099314744393e-01 -1.389010541540368349e-01 9.119020899746758946e-02 -3.260861370712953011e-01 -2.707464436529752883e-01 3.830337948081690702e-01 1.127537971049707433e-01 -6.871101890342323770e-02 7.108198351997219167e-02 -5.934941568693656855e-01 -1.705308721475941869e-01 1.160500034921984058e-01 -2.453803389745168595e-01 -1.977442749576008296e-01 -1.419296080860177334e-01 8.834819968687297020e+00 3.487702605760887309e-01 -1.723673767525766010e-01 -2.661228272058046018e-01 6.347812774520808499e-02 2.521373466108279837e-01 -1.538873636460474925e-01 1.213729280426008722e-01 1.929639114276393008e-01 1.308305514508492466e-02 -2.933649612569233511e-02 -8.340449044476275220e-02 -3.671433279762712054e+00 4.091666764068033896e-02 7.246015328042550996e-01 -1.293109605766721293e-01 -5.033468920597710186e-03 -6.340650686353499835e-03 -5.875532826630447403e-02 3.120770912761132096e-02 5.732537459449073003e-01 -5.650556423091381703e-02 -1.511511839749212112e-02 -5.338500337086343750e-01 1.023805876713092394e-01 -1.177430540171999496e-01 -1.173836769526995366e-01 3.482971362073206557e-03 -2.344109166580948811e-01 -1.448806306599952909e-01 3.904061148288397870e-02 1.132636809263371513e-01 -3.818674271555773103e-01 -3.113976451978964222e-01 1.287569169951719231e-02 1.854828290428006676e-01 -5.423769487468144829e-02 1.060748136533879726e-01 -1.026071995378830121e-01 2.857036152824472541e-01 -3.122982526722456811e-02 2.540316370199215482e-02 -1.953069257026808225e-01 -4.240319617277624742e-01 -3.242017222102568375e-01 2.464951010891224814e-01 -1.335085581535669537e-02 2.882620000970637641e-01 5.774476409462068333e-02 4.829484853710188652e-01 -2.176853031189224935e-02 3.513796271032172958e-01 -2.400073663108754918e-01 -1.683375949677717032e-01 1.970535577088535634e-02 1.378953978084774233e-03 1.682439071273784115e-01 -9.696076055335212107e-02 -2.642369877716579940e-01 7.888472645873367828e-02 -3.316528586924002986e-02 -6.149719863052889590e-02 -6.387233921714441376e-02 1.680505010481851969e-01 -3.791512394265443286e-01 2.141206472835780958e-02
0.000000000000000000e+00 0.000000000000000000e+00 0.000000000000000000e+00 0.000000000000000000e+00 6.036184175733096471e-03 1.211839577170997122e-04 8.110403567931049815e-03 2.561986341695488348e-03 3.828216328411760544e-02 -6.334489015626632805e-04 3.751035989988150271e-03 6.395223370825641254e-03 7.981320720421347659e-03 1.412434029887429075e-03 1.877052011188785549e-02 1.592150384615502803e-02 6.929101644364145385e-03 -2.120557133023685294e-03 1.870073872570230788e-03 -1.159039509114132525e-02 -1.072550386612063263e-02 -2.742884695452836499e-04 7.711428419192874846e-04 -2.972710564338843062e-04 5.588198771711415380e-02 2.543909699664909790e-03 -3.139475139937461436e-03 -4.636718792070636524e-05 4.084042009544086409e-03 -1.136697726246797824e-03 -2.097762555815342080e-03 6.536574157786961305e-03 7.804312727911795478e-02 -1.530285005333124936e-03 -2.307020245631438270e-03 3.937783258766891416e-04 1.927985019866785762e-02 2.132730496471506917e-03 -2.322479402866372070e-02 -9.014403504991854365e-05 -4.782225441474727843e-04 6.557667564229871515e-02 1.069609815147217965e-02 5.758518731122005616e-03 8.402210461595713276e-02 -2.476858485647441717e-03 8.574199441031656738e-03 1.128324759077292856e-02 0.000000000000000000e+00 0.000000000000000000e+00 2.453904000851442335e-02 5.958076750940471348e-04 -4.018807539084150865e-02 6.535344677485279037e-03 1.998612336241855844e-03 2.957185273254161681e-02 -5.084116535547144461e-03 -4.468576185305240395e-02 3.050597023127007631e-02 1.650840956397234965e-02 -6.160250899117411527e-02 -2.419738164811257794e-02 -2.077216629171082206e-03 -2.073354757652362546e-02 -3.461619389634407185e-02 -1.480887311663960440e-03 -3.410251047920181966e-01 1.850985978181297897e-02 -4.126147187725955588e-03 -6.549125921905698741e-03 -1.456813705239570073e-02 8.846993092102837554e-04 -6.322336299007472009e-03 -2.156007701930174117e-02 2.138649483684139461e-03 1.030426111115593721e-02 -9.817896272105611916e-03 6.028956267535402064e-03 9.580443309528395568e-02 -2.369798202376310892e-02 6.995276110384827939e-02 -1.593844638369000880e-02 5.202476429027312090e-03 2.953956446142989509e-03 -8.074318259439730583e-03 -2.042934407603169134e-01 -5.650556423053385707e-02 2.186760790190284964e-01 -1.041641591921362714e-02 2.731703801176597612e-01 -8.636320127932053947e-02 2.224798628911781040e-01 4.941074080676588487e-02 2.642072656728146063e-01 -2.458190143977995526e-02 -4.476724889248380294e-03 1.050831526454466640e-02 4.887459373299959942e-02 -5.563986469427955467e-02 -1.247465453994884774e-03 -5.257968910385546479e-02 -8.476436490890242037e-03 -3.823785652625811410e-02 -2.386852617265464160e-02 -1.492453673077303103e-02 1.088753613507744723e-02 6.533767540231958347e-03 -4.049970781870085301e-02 -6.391605852998023807e-02 7.165619483462188494e-03 8.067740164715826723e-02 -1.881731104532040344e-02 8.724362067199695203e-02 -2.116273146847682390e-02 4.051948360277537325e-02 -1.014763680127547633e-02 1.082917294233709665e-01 -2.893530336602178482e-02 -1.293371877072046344e-02 -1.944818637761943497e-02 -6.170904573390732957e-03 7.193605031999457389e-03 6.212186295995802271e-02 -4.902825582784341857e-02 1.849012657141622662e-01 2.586017960505434393e-02 1.560606290898666204e-01 3.273917693920113531e-02 -1.931120564025589140e-02 5.593632202069552355e-03 1.513295815204367123e-01 3.317056650650922894e-02
0.000000000000000000e+00 0.000000000000000000e+00 0.000000000000000000e+00 0.000000000000000000e+00 4.506635823421584544e-03 -2.711301475949153082e-03 2.492622135071243146e-03 -8.218155594015770808e-04 1.363016674488087311e-02 -6.281308866043533966e-03 4.537548383321984152e-03 9.248346407672724742e-03 2.962487136130125594e-03 -4.634466921444852124e-03 8.903301058712599636e-03 1.232145949951935285e-02 8.476790808127663418e-03 -4.485081848420419126e-03 3.499918918261589029e-03 -1.164902335165567820e-02 -7.334399732114497625e-03 -2.250002173416246285e-03 8.930544879457585645e-04 -2.509709665677051834e-03 2.911432997089494906e-02 -3.490636316846374744e-03 -7.293745150640173428e-04 2.107815203286278298e-03 1.334221748510600958e-03 -6.972564675103449378e-03 -3.550218752834353834e-03 1.104727287905409028e-02 4.128892293191967905e-02 -5.321889931733702131e-03 -2.955131253311898097e-03 -2.943494534545578432e-03 1.613546839444591346e-02 -1.002033603236783055e-03 -2.062336287949638816e-02 -6.887706889272677798e-04 2.057025956398982232e-03 9.729469946416047232e-02 1.104731127389482759e-02 6.558585369974386653e-03 5.318330020613645792e-02 -6.479388372277308794e-03 5.438065488836984519e-03 9.600170962090362123e-03 0.000000000000000000e+00 0.000000000000000000e+00 1.295356293128857410e-02 -1.940772221355704583e-02 3.022915733537796454e-02 1.894117524870006161e-02 4.040813179527950882e-02 -1.877464185690897683e-03 -1.105472256378996765e-01 -7.375323108435841504e-03 1.026576383490261819e-02 2.159291231317961995e-03 7.157598837145850296e-03 1.195066269061784842e-03 4.783535166703567834e-03 -3.917827015535476493e-02 2.180582249731440742e-03 -1.725874875481192561e-02 5.123445558646690934e-01 4.948725409208681175e-02 2.076057112372899777e-02 -6.185067179880147925e-03 4.581795222502966190e-03 7.230363200361422833e-03 -4.671648533266407194e-03 5.024310322460461692e-03 4.873978297751180647e-03 -1.087154553641879809e-02 8.898702982249335341e-03 -3.935544687033689509e-03 -1.612738771980733732e-01 1.254761222064326720e-02 -1.868899947952390450e-02 -1.079136598498120839e-02 5.220769577572384121e-03 7.975530329230717114e-03 -2.924732517616349461e-02 -6.310104168524363275e-03 -1.511511839739941750e-02 -1.041641591911291950e-02 1.321659099909884560e-01 4.139025274815973099e-04 2.203471725293348338e-01 1.748352241259054293e-02 -6.042745594669740594e-02 2.944966019261698736e-02 7.982847546121147816e-03 -3.410793886261296627e-03 6.439539232255299395e-04 -1.816752095179567997e-02 2.449806921050267511e-02 -1.204993402888328118e-02 2.797391952196182086e-02 2.670727682348121232e-02 -3.734523336395993535e-03 3.990308193626656945e-03 -2.749392378480228216e-02 5.020210292311368117e-02 -5.779916130142948895e-03 4.229303955836163920e-02 1.622485145255846140e-02 7.107616623616697105e-04 -2.925573873999424285e-02 3.225119615481204793e-02 1.302132549319491225e-02 1.113364238542656655e-02 4.599899339487375366e-02 7.265277251329915753e-02 -5.745771311114682839e-03 1.140745694228145583e-02 1.509649385592199203e-02 -3.766674946189858906e-03 -2.344037392679142878e-03 6.709166605695450307e-03 -6.385755838384990675e-03 4.186346699431229418e-02 -7.971611061260243380e-03 -4.470010118078881350e-02 2.945746412417588056e-02 -3.733532653690335712e-02 -5.482695275952891023e-02 -3.946896061494641061e-02 7.133586943714319284e-03 -4.361395671830575749e-02
0.000000000000000000e+00 0.000000000000000000e+00 0.000000000000000000e+00 0.000000000000000000e+00 1.732923251767077080e-02 -4.474662271425886018e-03 2.204084604707843772e-02 1.375863434907918662e-03 1.112734525164589539e-01 -6.870362054015160050e-03 4.875124801235444956e-03 1.283294736786536223e-02 2.129739544054770617e-02 -3.644973925851612961e-03 4.510912724555823927e-02 4.850422929136067457e-02 3.107730531535691371e-02 -7.073493551476374257e-03 3.317233518661626395e-03 -4.547582131017105511e-02 -3.486787607626613134e-02 -6.806799275793103511e-05 8.155904756298003669e-03 -6.282063082634803571e-03 1.627765927362845588e-01 3.056418898627212988e-03 -1.442625690200698835e-02 -8.450707254917033673e-03 1.264002324664654196e-02 -1.290827227998534235e-02 -1.983792232734082721e-04 2.474477337808523789e-02 2.313801806808967187e-01 -1.472494466407094126e-03 -8.981185483645693843e-03 1.696268857537737993e-03 5.646385113356517521e-02 1.123350839600264486e-03 -7.015774443274558347e-02 -4.418161617514266594e-03 -2.657834309232757868e-03 1.316902926955379471e-01 3.982569860506267323e-02 3.092742439780806277e-02 3.066896258045525014e-01 -8.318858612944440151e-03 4.886134469979189210e-02 2.979367600543492839e-02 0.000000000000000000e+00 0.000000000000000000e+00 -2.221675954033449640e-01 -3.125499618784728373e-01 2.250848511738817725e-01 -2.975557687840765242e-01 5.216570526012734854e-01 4.420832854630802888e-01 -5.185798493286282174e-01 -2.281427642300347391e-01 1.694485200029353655e-01 -5.640827939882343822e-02 8.481218036384395864e-01 2.170230454629122896e-01 -2.072631511672793081e-01 6.475695289739301364e-02 3.599897016092584723e-01 3.187790368981101019e-01 -1.660966595347729324e+01 -3.218879814425379959e-01 2.522957575560579313e-01 4.534924443121081117e-01 -7.883263273337096089e-02 -4.525167880558972899e-01 2.091236428816067860e-01 -2.376333129374051945e-01 -3.194639471527794816e-01 -2.067652992756305041e-01 6.030485951548356788e-02 1.998583007899731034e-01 6.490794336521040542e+00 3.035962460123023052e-02 -1.055471136062220205e+00 1.591889439142706586e-01 1.273357297255488067e-02 9.028211480148148199e-03 1.712859968797178223e-01 -2.689724030249326936e-01 -5.338500337078936342e-01 2.731703801182175373e-01 4.139025278007925010e-04 1.302423724200702626e+00 -5.049511876672067023e-01 4.803254151686610074e-01 4.362584387891890736e-01 3.072895161148591625e-01 3.331676585740752650e-01 2.071561342990186905e-01 -4.212822548076083917e-02 9.243191734834363057e-03 5.083759812218491270e-01 4.423220607667207593e-01 -9.376291828059934996e-02 -2.517639440484144564e-01 -1.672781217788191221e-02 -1.666110982906021110e-01 8.806958835773355532e-02 -3.039842766281798947e-01 2.450155150722690620e-02 -5.614920014578687890e-02 1.944538762092336559e-01 6.008860752688645057e-01 5.518972122502587840e-01 -3.537620800502397911e-01 1.673594880172460386e-01 -3.677344718189443640e-01 1.841687126836542496e-02 -5.492071992010387760e-01 2.389325244185649399e-01 -4.807853501864651213e-01 3.525780251435585710e-01 2.111443729197097219e-01 -3.203015991968936882e-02 3.171686111237170033e-03 -1.881715862216570556e-01 5.117567230556598762e-02 6.034177462767860156e-01 -2.183655138356184119e-02 2.529508482664229452e-01 1.757395337368174160e-01 3.416329596461004786e-02 -1.440777173621604623e-01 7.492643598117285642e-01 3.693005989042993237e-02
0.000000000000000000e+00 0.000000000000000000e+00 0.000000000000000000e+00 0.000000000000000000e+00 2.383234756537290847e-03 -1.365315874741630797e-02 -1.844626750890603203e-03 -9.682714279059230836e-03 1.333236042525875326e-02 -1.664022443839105470e-02 5.086767001061335766e-03 1.515842929508316381e-02 7.649852055178582577e-03 -1.496371700447584469e-02 8.927014930598015791e-03 -2.469809551457954715e-03 3.187585531068985387e-04 -6.877017479423670927e-03 9.807946637557487385e-03 -4.096125766961533285e-03 7.971533932373384059e-04 -7.500306081841706142e-03 -2.153422815742300853e-03 -2.886625553892018057e-03 1.464384173665524841e-02 -1.524768303739751189e-02 4.026094610663286458e-03 1.119654629033622548e-02 2.467619837853871675e-03 -1.412647045778935538e-02 -1.900832165795104294e-03 1.167548507665619809e-02 1.946621389599987803e-02 -1.814345516924649113e-02 -6.469627762879445743e-04 -1.305524338706553003e-02 1.153500911118421693e-02 -8.840580945843436785e-05 -1.743961718135728436e-02 1.559151709368401199e-03 5.738372910049045934e-03 1.359369904736145995e-01 6.716049178270004638e-03 -1.757602781891872031e-03 3.142989547167223535e-03 -1.729047976279631665e-02 -1.050058512759740291e-02 9.815503730276427599e-03 0.000000000000000000e+00 0.000000000000000000e+00 1.508087750464662258e-01 1.463695186855371033e-01 -9.757691719038813494e-02 2.338883609010894982e-01 -2.397880869792188563e-01 -2.525430666152156389e-01 8.935279173051027812e-02 1.083010968175754096e-01 -8.969763480883245765e-02 3.958727989851341250e-02 -4.686241534776732776e-01 -1.068354653476325938e-01 1.330457671665482011e-01 8.527616528949133468e-02 -1.199656064440836473e-01 -2.389605121101172902e-01 1.060380640864776680e+01 9.423384039905402521e-02 -1.251709231612463669e-01 -2.412377039108377919e-01 5.513025434322481322e-02 2.393379150527134847e-01 -7.626812309345445962e-02 1.210886298983751552e-01 1.936903699610082463e-01 1.871409328225476787e-01 2.760322079137821766e-02 -1.266477914431232976e-01 -3.848829888219974293e+00 -8.276515074536219818e-02 5.776177475711268272e-01 -9.117592664065740649e-02 1.998575992918858943e-03 1.354530326818718759e-02 -2.013952596143454288e-01 6.833599536681395081e-02 1.023805876713820284e-01 -8.636320127928090451e-02 2.203471725291400729e-01 -5.049511876676017197e-01 8.992714600407321068e-01 -1.524957802330529077e-01 -4.187518077289034135e-01 -3.412887463513029213e-02 -1.840996945307207810e-01 -1.118214277860925671e-01 2.407099424074228555e-02 -5.195225754756434278e-02 -2.562577114179673821e-01 -2.366811776861320049e-01 8.803394438818697154e-02 1.664153185635326160e-01 1.267035086647432321e-02 9.386411150106069301e-02 -8.178765653208294739e-02 2.243171420399045490e-01 -2.427004023261159979e-02 1.101797329793587910e-01 -1.337132738177954638e-01 -2.976877088497177914e-01 -2.677995862347463119e-01 2.353502136655266641e-01 -3.932006161410862149e-02 1.969962852477271931e-01 5.162660467772635375e-02 4.178696127248902603e-01 -5.483716587205306886e-02 2.606018713013644184e-01 -1.778313636451575586e-01 -1.151668483488200445e-01 8.301589153597875581e-03 1.636257475181100013e-02 1.448752919184203292e-01 9.721741937910668985e-02 -1.862941057026911151e-01 -1.246871462999962904e-01 3.109141731395378971e-02 -2.077194351079129919e-01 -2.299577167814693124e-01 -2.859210562034263797e-02 -2.511138118943087583e-01 -1.533536657223043276e-01
0.000000000000000000e+00 0.000000000000000000e+00 0.000000000000000000e+00 0.000000000000000000e+00 5.479072804582089951e-03 -2.918855171993325545e-03 7.481960608554234955e-03 1.225573931835591528e-03 4.709930655996627524e-02 -1.251746916534123531e-03 7.516049574943731854e-04 4.238458838805960957e-03 1.092747983272280253e-02 8.721170733433285878e-05 1.731331587996352145e-02 1.341900260217536792e-02 5.863971661431988114e-03 -2.191230908389560795e-03 3.510392040733854857e-03 -1.192415444850874161e-02 -9.644461382936330221e-03 -6.817203397180308586e-04 1.428762012145457687e-03 -2.765725522935063001e-03 5.717162963362224654e-02 1.245447034256141113e-03 -4.141171660359122333e-03 -5.103588998093433905e-04 5.590195345151602671e-03 -8.870380748752593539e-04 1.036442838799317596e-03 3.469826688033348684e-03 7.996498733031826012e-02 -1.103203645082103486e-03 -3.985646195083226290e-03 -1.187875306424297957e-03 2.343798366666060423e-02 1.278803647112097212e-03 -3.040254409450550421e-02 1.973277395560390384e-04 -1.892028138735136686e-03 5.989249886076587759e-02 1.509050138829294042e-02 1.027619633386340874e-02 9.203566552405113843e-02 -2.393207575738615697e-03 1.181713835492809520e-02 9.680364873286556246e-03 0.000000000000000000e+00 0.000000000000000000e+00 -2.525330781995092227e-02 -6.058640129681758940e-02 3.134459210247146979e-04 -4.974209999921506975e-02 6.502998110557980938e-02 9.154346357284112723e-02 -3.510610864034905548e-02 -7.463051813625412589e-02 4.860566833332682218e-02 1.040299726481375489e-02 5.677681264616372958e-02 7.313991895889500328e-03 -3.288934702850210279e-02 5.696647614104863311e-03 3.215143604364727875e-02 5.175898214133893560e-02 -2.890527307857562178e+00 -5.240156036654874949e-02 2.386697484092061353e-02 7.454189131355332121e-02 -1.954861571631498138e-02 -7.487918780404757835e-02 1.480270302471498045e-02 -5.661236473735766633e-02 -4.422175594939157378e-02 -1.803668316699039847e-02 6.246138700545130189e-04 4.355983585251841511e-02 1.071586326009599466e+00 -2.923396085049463980e-02 -8.668822765967978961e-02 9.650209794196930313e-03 1.903310190950501576e-03 1.600647221188991349e-03 1.266636346135971598e-02 -2.374060090779152032e-01 -1.177430540166091583e-01 2.224798628912544873e-01 1.748352241250769601e-02 4.803254151678090222e-01 -1.524957802330122181e-01 3.504015295097639426e-01 1.478156404226429743e-01 3.325377669459271823e-01 2.169670471715461069e-02 2.471067183558948305e-02 -2.772981336691899071e-03 7.319258265017823673e-02 1.015989645998567267e-02 6.009543133857384728e-02 -6.492843814380143408e-02 -3.682338913627901389e-02 -4.666913625981210234e-02 -4.631177959915325215e-02 -5.698584360084994402e-03 -6.824889102707257411e-03 6.835338470313242175e-03 -3.431403762912513256e-02 -5.491905105757258210e-02 7.680775491775279629e-02 1.562019338890156817e-01 -5.147390987077805208e-02 1.374817523003714625e-01 -4.457391836431907201e-02 1.232095277371803715e-02 -2.655873722442866555e-02 1.801665805489709726e-01 -7.250504801255239218e-02 3.173098675473082220e-02 1.416841973634282506e-02 -8.520259881722124645e-03 3.941082693284568041e-03 5.178348830615532583e-02 -3.287237413588691565e-02 3.195082556949560004e-01 2.408693068438627974e-02 2.584891287417357408e-01 5.433181301214396602e-02 -4.631472314323633460e-02 3.095420626119311028e-02 3.014480988040929010e-01 3.447801715370241160e-02
0.000000000000000000e+00 0.000000000000000000e+00 0.000000000000000000e+00 0.000000000000000000e+00 2.617072011849960050e-03 -4.547869991296494500e-04 4.647616352336618462e-03 2.230252867283706066e-03 1.959619250079555966e-02 9.640480418394046722e-04 -1.015367939382441501e-03 -1.595005094242967847e-03 1.589641720933544344e-03 1.557271892440368613e-03 7.183162205213813704e-03 1.423072058228609833e-02 9.673120206664559059e-03 -1.629535856090899874e-03 -2.607213159024104367e-03 -1.360028019162109678e-02 -1.135226153305978793e-02 1.566403689458691160e-03 3.974123424969363931e-03 -3.528050650150963037e-03 3.636884284666173223e-02 3.270144924621318314e-03 -6.115311380106673578e-03 -6.475000529925606721e-03 1.453796551654982583e-03 -1.590620635805861140e-03 -5.382470214116451875e-04 3.233032428828466927e-03 5.131538856023697831e-02 2.769048551622999097e-03 -4.063456904107328946e-03 2.255246816684144170e-03 1.573123359383865605e-02 -3.274899393884797994e-04 -1.913110501835676991e-02 -1.262037831024642037e-03 -3.702033794447856865e-03 -1.136920149436977494e-02 1.384167459933558809e-02 1.652805239831716191e-02 7.843927310958327681e-02 6.040483931696852184e-04 1.831946535156328201e-02 5.643788638389265339e-03 0.000000000000000000e+00 0.000000000000000000e+00 -1.006782422915943470e-01 -1.252464065632835077e-01 8.714273959094187560e-02 -1.492980699648858989e-01 1.885871104933199705e-01 1.760142401029117787e-01 -1.204284844596600623e-01 -8.160518287173555707e-02 6.110294791303313988e-02 -1.460497537969244336e-02 3.540799183217771540e-01 9.012895668929762905e-02 -8.968180600791079982e-02 1.038370397020874948e-02 8.811740394077011151e-02 1.480633488694453881e-01 -7.067963873179046175e+00 -1.249117987582856054e-01 9.929050591819524318e-02 1.794715007007329777e-01 -3.848352523547574761e-02 -1.781213126806771019e-01 6.325681569541036220e-02 -8.509304643955520331e-02 -1.380576578698197165e-01 -9.135686626931972809e-02 -1.249035883802321334e-02 8.781240158254315087e-02 2.755831699615475916e+00 2.075956446188038929e-02 -4.321891707825307183e-01 7.228179684825503104e-02 2.681499075716567947e-03 -2.251391586829886056e-03 1.101527822458115563e-01 -5.550951869635609159e-02 -1.173836769526657164e-01 4.941074080689779324e-02 -6.042745594645988760e-02 4.362584387894608562e-01 -4.187518077286357387e-01 1.478156404228892218e-01 3.728652038872939944e-01 4.111826009881681260e-02 1.368914417184131094e-01 8.536670499856761907e-02 -1.848957709560252946e-02 3.072490380177902991e-02 1.924579460180841084e-01 1.740402921238364820e-01 -6.231995928707539240e-02 -1.043103428880240990e-01 -1.679064252183339739e-02 -5.953749193466190137e-02 4.052956155017600065e-02 -1.268809484477328997e-01 -1.838716843483693703e-03 -5.301380569255087494e-02 7.864772737321583385e-02 2.163460961720941877e-01 2.242607914689110638e-01 -1.414111022870575551e-01 7.130176087309844646e-02 -1.187738119222196964e-01 -3.861312740330326981e-03 -2.207482922435613226e-01 9.453592744983332907e-02 -1.528417336474542365e-01 1.383739049723295422e-01 8.975688609139280405e-02 -1.282025955086733837e-02 -4.732365856885202213e-03 -8.141916030764770329e-02 -2.054977619428991625e-02 2.363329601836379468e-01 4.084689015716422983e-02 7.612134256884865724e-02 1.148408603754440815e-01 6.965035751911978490e-02 -1.395528795297107036e-02 2.627830443399384874e-01 5.887219572050141070e-02
0.000000000000000000e+00 0.000000000000000000e+00 0.000000000000000000e+00 0.000000000000000000e+00 4.880665077445147694e-03 -4.369238142042338076e-03 8.118790226902240781e-03 -9.492819157402502921e-04 4.756824297760026132e-02 -3.135681684486183417e-03 1.873665660583351310e-03 4.894297798876367546e-03 1.192492561951663879e-02 -1.399833800403286251e-03 1.961998828647027945e-02 8.194148788631569827e-03 2.437192838409693585e-03 -2.343867618079734875e-03 3.171735678972335999e-03 -7.005871581821318875e-03 -7.490690986636539331e-03 -2.434151063958173676e-03 3.510545509488225378e-04 -1.045830389877152027e-03 5.513443457744054282e-02 -1.180655795299923212e-03 -1.700269316787474203e-03 2.161176187990050072e-03 5.747031082755677846e-03 -1.632545790888575987e-03 2.269875860402162469e-04 2.849130072326749256e-03 7.003811698121763241e-02 -5.426698792967892503e-03 -4.076023289963669194e-03 -4.524609286787051321e-03 2.733623345334221938e-02 1.798562519502078369e-03 -3.171543911006524663e-02 6.569711827647717231e-05 4.641805947322810190e-04 8.677423861645820746e-02 1.542337298593103069e-02 2.592521550706908436e-03 6.146821619505148104e-02 -5.014329314594987742e-03 1.037724308753340020e-03 7.534785453380203613e-03 0.000000000000000000e+00 0.000000000000000000e+00 5.485658681652350044e-02 3.928674037775430755e-02 -8.731935601335033548e-02 4.136718033323627010e-03 -9.784674039859364569e-02 -2.538103860871995451e-02 1.291177005807308542e-01 -2.384232391753271854e-02 1.879762720680155236e-02 4.927175702872117063e-02 -2.583297325554878010e-01 -6.428344354017018203e-02 2.715068159715603238e-02 -1.758488680282246919e-02 -6.866856291944459234e-02 -5.581186358387796309e-02 1.623193990427600042e+00 7.037842751567272015e-02 -5.873337709310149507e-02 -4.279085975710919532e-02 -1.829606158837368069e-03 4.447494751865097018e-02 -4.896173423517292955e-02 -2.195890163577279581e-03 5.263279273475855724e-02 5.718026888209139236e-02 -9.432324271105215277e-03 -1.459552069523610204e-02 -6.999082604579716094e-01 -4.847197412683217077e-02 3.010184140957780086e-01 -4.192698654773732714e-02 1.930397352730991046e-03 1.873603755342946771e-03 -5.353507870179862599e-02 -2.665893541652630261e-01 3.482971362697754713e-03 2.642072656728025049e-01 2.944966019234677990e-02 3.072895161138701758e-01 -3.412887463536164179e-02 3.325377669457350582e-01 4.111826009862778325e-02 5.239111365139068610e-01 -1.022282107135761287e-01 -2.887914944193202549e-02 1.695732941604242983e-02 1.115191984334093500e-01 -1.858201715787785591e-01 -6.210017327821799188e-02 -5.964568408430301338e-02 3.134430246019618421e-02 -6.491432768105552531e-02 -1.244390603874128212e-02 -4.405663258494959406e-02 9.142291621181578010e-02 8.664915924973665834e-03 -8.126341815771678800e-02 -1.540318233762648092e-01 -8.077985795542828862e-02 2.066648074743806726e-02 2.593760510816104509e-02 1.226264410275043210e-01 5.125087113731470467e-02 3.033744390571660454e-02 1.238425031325773029e-01 1.931108486327732521e-01 4.676000702658024422e-02 -9.342379808551171116e-02 -5.821677883533338260e-02 -1.330069784918036513e-03 8.635290455048232061e-03 1.488703850455426747e-01 -5.726306554957853734e-02 2.313538130633547019e-01 3.975702349649484768e-02 2.569466271697239401e-01 1.445025851644846267e-02 -6.292283274483559397e-02 6.650527102586505090e-02 1.294056783946779809e-01 3.833565562926382481e-02
0.000000000000000000e+00 0.000000000000000000e+00 0.000000000000000000e+00 0.000000000000000000e+00 3.798894731056566554e-03 1.310188819254047739e-02 9.412188178287634373e-04 1.067304530703269867e-02 -2.039586006395458645e-02 6.885136820158959878e-03 5.295682308020485327e-03 4.728841829842981778e-03 -1.213922665995340044e-02 7.119598094694068978e-03 1.974162145678697196e-04 2.849824121114539685e-02 1.988763634213718684e-02 -9.644908415596090308e-04 -4.758812336475323583e-03 -1.780022405453315221e-02 -1.320504667930033280e-02 4.038865933028307383e-03 3.536459687141891607e-03 6.373641122983567759e-04 1.130069071691378220e-02 1.169278402583533508e-02 -3.958363507477013002e-03 -8.689255407764778436e-03 -3.333056274079927196e-03 -4.734972566562516139e-05 -7.259676390028738970e-03 1.697075762748121233e-02 3.477542325603046741e-02 1.307035536538322940e-02 -4.277312683896253125e-03 1.152923346604390990e-02 1.575998198235141826e-02 -1.888762492740108257e-03 -1.556151710111981432e-02 -4.269385040464587951e-03 1.404066110392006338e-03 5.491733918776615930e-02 1.074366895815675842e-02 1.014810321015031588e-02 8.740657011201813376e-02 8.839959372159257936e-03 2.458215092875854282e-02 8.056993449884114478e-03 0.000000000000000000e+00 0.000000000000000000e+00 -1.033996945021138369e-01 -1.580902933189068660e-01 2.364265295880617623e-01 -1.290527096031794663e-01 4.263518110302977893e-01 2.844923008601054071e-01 -4.211829338787799748e-01 -9.554951748135559475e-02 7.669656564055078729e-02 -6.175699641297874992e-02 8.606914496468363041e-01 1.986551882971203387e-01 -1.310685586345313181e-01 9.792292003508508424e-02 1.496451112135737671e-01 1.498754841059437570e-01 -9.086413718895109071e+00 -1.658803854647584730e-01 2.435538978631862639e-01 2.551785840850794851e-01 -3.087142954207095988e-02 -2.008006281300588614e-01 1.294071423177592106e-01 -9.544721336179992632e-02 -2.086896602134129808e-01 -5.382851916692663746e-02 1.381369149941264092e-02 7.540190708026771327e-02 3.425081243161220534e+00 4.491361351750970676e-02 -1.004600846120434321e+00 1.348572181504333334e-01 1.147761053291226387e-02 6.669071525453802371e-03 1.767083695065565785e-01 1.006329644036236398e-01 -2.344109166582450665e-01 -2.458190143958606869e-02 7.982847546404827146e-03 3.331676585746106145e-01 -1.840996945304188281e-01 2.169670471760535083e-02 1.368914417183987875e-01 -1.022282107131637641e-01 3.407408581860287833e-01 1.660896052408154799e-01 -3.981252796963330454e-02 -1.203968373909164308e-01 5.130127033829570138e-01 3.027723920513818445e-01 -1.024609723566909103e-02 -1.190077693753849863e-01 2.395676427081578144e-02 -7.301522927886881786e-02 4.644891319087080667e-02 -1.849909226006455076e-01 1.188697277856896016e-02 4.957725126929166115e-02 2.930852095621301889e-01 3.912380723444636721e-01 2.888404144954376251e-01 -1.136361411983017738e-01 6.438583265627914609e-02 -2.072300916295576612e-01 4.582275564017580793e-02 -2.991161292697755991e-01 2.443712021429707282e-02 -2.665553677325998017e-01 3.413250217474843029e-01 2.068854019924010745e-01 -1.453999066663680395e-02 -7.265761877704402134e-03 -2.858472024184087190e-01 1.280664315169392498e-01 1.434375121350540683e-01 -6.215871292066909443e-02 -6.447722039150374784e-02 5.841552453068273726e-02 4.664555125153438397e-02 -1.195888637565123425e-01 2.518560996662657647e-01 -1.432139392365757227e-02
0.000000000000000000e+00 0.000000000000000000e+00 0.000000000000000000e+00 0.000000000000000000e+00 -3.047319240977893178e-03 4.909749418665333015e-03 -4.262086310085858899e-03 3.052614909276248414e-03 -3.212688277294446088e-02 1.848612848993851695e-03 1.042535815252774827e-04 2.917227401158916517e-03 -9.888306810493600538e-03 4.498346734905778990e-04 -7.257379597923932155e-03 7.280467590904247076e-03 4.276628139580475850e-03 6.661121740281519777e-04 -1.498062951535376408e-03 -4.230997347166261247e-03 -2.542092493376538979e-03 -1.269572224006273444e-03 -2.179901043758845816e-04 -1.567100551213509063e-04 -3.065056732074379967e-02 2.957014894673864504e-03 -1.441355824475246063e-04 -8.691160391084008351e-04 -2.351715664972135831e-03 -1.932370039156685367e-04 1.067740556616750486e-03 6.781350783927734584e-03 -2.712493624300516687e-02 4.950861918852190492e-03 -2.798893577407018246e-03 3.114886889596140112e-03 5.967988650471043807e-03 -3.432267052419866863e-04 -4.745021490777966318e-03 -5.327613027369676327e-04 1.346098350634946424e-03 9.990566168271465541e-03 2.300209182039220611e-03 1.742711640899654180e-03 -9.007901692164286406e-03 3.642474269498726866e-03 6.454519484600774147e-03 1.848211045480406762e-03 0.000000000000000000e+00 0.000000000000000000e+00 -7.726960755882987530e-02 -4.327537212183167614e-02 1.158995365263807698e-01 -4.632839950386609396e-02 2.046442333838868755e-01 2.528157375956140429e-01 -1.789387917165487230e-01 -7.459986750173550063e-02 4.917591335022571813e-02 -3.519223652555771714e-02 4.337414989531926945e-01 1.742960297077899012e-01 -7.862785037102837382e-02 1.460484612843771790e-01 1.113261786969112210e-01 1.053811680253100430e-01 -5.921680693208524637e+00 -1.368398310433513454e-01 1.158921144249928648e-01 2.115926702983853824e-01 -2.573654884600895879e-02 -1.224239149740152799e-01 7.628953207114887169e-02 -4.403621965364322433e-02 -1.172555789510774382e-01 3.401782348065748168e-02 1.432216595848187501e-02 5.971131839678884418e-02 2.127599809976255862e+00 1.069329666421618870e-02 -5.002701341437832960e-01 1.392729893865067292e-01 1.743153382065934769e-03 5.718436481251098352e-03 8.537185806609590144e-02 1.200017219297790788e-01 -1.448806306598635629e-01 -4.476724889290581780e-03 -3.410793886296124237e-03 2.071561342988317844e-01 -1.118214277861483558e-01 2.471067183556962046e-02 8.536670499861342964e-02 -2.887914944194261424e-02 1.660896052406621581e-01 1.730574744468662551e-01 -2.394935673647688446e-02 -3.094816079353352248e-02 2.371288731491708324e-01 2.508047269517127420e-01 -2.307974671456995697e-02 -7.454336309820158712e-02 3.239985747882203997e-03 -5.366967037917207139e-02 2.134435867619955199e-02 -1.107606848284457962e-01 7.409627719176172835e-03 1.763826674577546882e-02 1.205041860864268649e-01 3.098071291561527718e-01 1.923448763465989697e-01 -7.682224009672775078e-02 7.093721435856767399e-02 -1.356377572946048105e-01 3.877472351926395527e-02 -1.942319235183292414e-01 5.041893778293233402e-02 -1.729260441596525422e-01 1.561942295788414647e-01 1.783934193267714130e-01 -3.609767400217403759e-03 -2.550698561581668002e-03 -1.341800639284720653e-01 1.357415711371932898e-01 8.965251300530470424e-02 -2.588688901553769586e-02 -2.016170972857973462e-02 4.160320080356825351e-02 4.304903852394427466e-02 -5.786367022919301772e-02 1.562031788296729395e-01 -2.062950958075581136e-03
0.000000000000000000e+00 0.000000000000000000e+00 0.000000000000000000e+00 0.000000000000000000e+00 3.410186294025437624e-04 -2.136617306903078198e-04 8.465864300833660311e-04 -2.132174923384961185e-05 2.623254512527858906e-03 1.258026768773634304e-04 1.205766485356812509e-03 3.211091152492702287e-04 9.664438216301658030e-04 2.920723335910585766e-04 1.749968126012336599e-03 -9.659353579729723508e-04 -1.158035924844795983e-03 -1.442600829848205443e-04 1.041189111714336548e-04 1.560948408792706653e-03 7.982065439087054903e-04 -4.328937555801657126e-04 -5.942482518227699051e-04 4.181965309641600282e-04 1.258654372955260534e-03 -3.132237988203678781e-04 1.130464675959173913e-03 1.064803681004200748e-03 1.014667793719531040e-04 3.314267772499575999e-04 -1.112959599195963416e-03 -4.450506190171891812e-04 -3.512070239390790993e-03 -7.310586870141298635e-04 -3.266323039852832202e-05 -6.167752208120977353e-04 2.152731474291172484e-03 -7.902504564680402780e-05 -9.565261867358097270e-04 5.118860835294899905e-04 1.447534045215892007e-04 6.129621428527778394e-03 -1.632749085373674455e-04 -4.314505231907750978e-04 -1.073493903517590796e-02 -2.017242798602234238e-04 -4.544373678092120637e-03 -5.066822016769975288e-04 0.000000000000000000e+00 0.000000000000000000e+00 2.213457398444444724e-02 2.519529281997479747e-02 -3.189269998313794263e-02 2.401780405965894122e-02 -4.567944914999818445e-02 -4.018543658208320601e-02 2.777315944860887093e-02 1.266292138974879807e-02 -9.444372002790512102e-03 9.851083507187047630e-03 -1.010791312087574167e-01 -2.943510326656092330e-02 1.860555173371605808e-02 -2.908453688469480811e-02 -2.833629806092836934e-02 -2.557055604018925940e-02 1.369883928393088146e+00 4.347087863726901286e-02 -2.590529643546014144e-02 -3.876233897678030282e-02 1.814261605303824814e-03 3.317534703945414915e-02 -1.832479569486326204e-02 1.130015631037329001e-02 2.959152701010720268e-02 5.591278187047710527e-03 -4.027721816255337359e-03 -1.393571422384006116e-02 -5.337819006771594710e-01 -9.109595882859179488e-04 1.226527297782089854e-01 -2.275488821953745161e-02 5.222856386996851995e-04 -9.289266816941201552e-05 -1.959531650567057637e-02 -2.135092566228973324e-02 3.904061148290567662e-02 1.050831526456739995e-02 6.439539232335754785e-04 -4.212822548075820933e-02 2.407099424074306965e-02 -2.772981336678029957e-03 -1.848957709562661783e-02 1.695732941604987526e-02 -3.981252796962447826e-02 -2.394935673648838567e-02 1.404055203069514562e-02 1.298435612955795189e-02 -6.036798468585229810e-02 -4.644514231143599681e-02 2.882692426382260295e-03 1.737035749689775158e-02 -5.915683408332848142e-03 1.133631419965090703e-02 -6.825635995915836814e-03 3.568934218033811834e-02 -1.168922161492890865e-03 -1.339411052896122972e-02 -3.150142409411011563e-02 -5.694067278508527924e-02 -4.367655791176480728e-02 8.184113767644177195e-03 -1.051441645153880153e-02 3.001239744793388411e-02 2.432976425557137161e-03 5.223674982497047981e-02 -8.282812869254262828e-03 3.894488080734432450e-02 -3.902527190153341069e-02 -2.991614904455265969e-02 3.258078546125076774e-03 1.822732542502363863e-03 3.318744156467966916e-02 -1.947047962140072488e-02 -2.257093139413291621e-02 7.642615509129460985e-03 7.446547927481598009e-03 -8.953059541753446982e-03 -5.878633271213139916e-03 1.039323972890194778e-02 -3.713560544950389453e-02 2.525593656995034787e-03
0.000000000000000000e+00 0.000000000000000000e+00 0.000000000000000000e+00 0.000000000000000000e+00 -1.969024596109202139e-03 9.442340119568573380e-04 -8.649643776077137278e-04 -2.082808902574885285e-04 -1.856891287692677417e-02 -8.417109282205449856e-04 2.830986344292363462e-03 3.674189728054323440e-03 -4.203480787049917317e-03 3.855697424886985023e-04 -3.837384136192779384e-03 2.482807096733596029e-03 -1.132745004950115944e-03 -2.530109846584315241e-04 2.399260195274172548e-03 -1.034168292056225798e-03 -5.466839671337793763e-04 -2.311984336211717322e-03 -6.370036712131411927e-04 5.690926109556408881e-04 -1.567553000552912232e-02 -1.117977980269883528e-03 1.437512275643087730e-03 4.311966196021512800e-03 -8.337121666420619281e-04 3.213627593508774829e-04 -3.146190015922861218e-04 5.072249393084692429e-04 -2.742390173770675038e-02 -4.668581618734203402e-03 -3.115862204745212163e-03 -2.501492088732233492e-03 9.052319846419409899e-03 9.989726988781509782e-04 -8.140335157694640611e-03 2.668161055588821797e-03 -1.145167941506555114e-03 2.362306261056042189e-02 3.472803028146450449e-03 2.168832379443188553e-03 -4.956573880848294533e-02 -2.888409755222718766e-03 -1.179487077857222822e-02 2.927072670344373941e-03 0.000000000000000000e+00 0.000000000000000000e+00 4.124295153603736025e-02 1.536518035081477773e-01 -1.020467349961144965e-01 -1.054730852850720157e-02 -1.635555118003966524e-01 -5.813189263263015411e-02 2.583367845993206346e-01 1.852106411111112058e-02 -2.725604035705009309e-02 3.531693590775327601e-02 -2.497342581450440191e-01 -7.480610069730934952e-02 3.162770223817437665e-02 -9.021737396126497388e-02 -8.184722079667527961e-03 2.395645826922786908e-02 1.892995999522717243e+00 5.307461408180840640e-02 -8.188618560969343485e-02 -2.575634427076754079e-02 9.275843975948556974e-03 -6.955895249149624676e-03 -5.798271372678876628e-02 2.143366676846020918e-02 5.314175852651936011e-02 -3.189247327144995037e-02 -5.706107553658567103e-03 2.094407130643479581e-02 -7.414075313990846627e-01 -9.785080778902943699e-04 3.175701891440024793e-01 -4.508112406256003374e-02 1.319014641805043003e-03 9.533250963051184863e-04 -3.725259893868707040e-02 -8.930863647226869317e-02 1.132636809268489086e-01 4.887459373271547947e-02 -1.816752095219875338e-02 9.243191734090262096e-03 -5.195225754818258435e-02 7.319258264975250783e-02 3.072490380204030008e-02 1.115191984329606534e-01 -1.203968373911161183e-01 -3.094816079372438022e-02 1.298435612956720317e-02 3.212002022733054796e-01 -2.083692202479665578e-01 -7.959706038915791149e-02 -8.952328776116610931e-02 3.132434899965755998e-02 -6.515725982115566639e-02 -4.754087185901267193e-03 -2.949106106344200409e-02 7.761809984318582267e-02 -3.563961243329105168e-03 -1.247271986660199172e-01 -1.396484229383654074e-01 -9.901766115670046497e-02 -2.872859849413068184e-02 -2.842397337867442336e-03 6.790229883023334023e-02 5.644357683133011810e-02 -3.534085250013677820e-02 8.872962048445186267e-02 1.194319650794162802e-01 6.039594931502277608e-02 -1.149486861505437663e-01 -6.312102991686482922e-02 7.951591314731512594e-03 1.041217574312390537e-02 1.026133745230026206e-01 -2.463090671496288853e-02 5.846867749425610494e-03 2.718470590007876497e-02 1.036314235261436845e-01 -2.162616032005719099e-02 -1.463412889283707830e-02 6.594924878655804290e-02 -4.335419080398864727e-02 -1.520446614215500893e-03
0.000000000000000000e+00 0.000000000000000000e+00 0.000000000000000000e+00 0.000000000000000000e+00 1.073782488096900259e-02 1.763662919690194356e-02 7.799607825160773979e-03 1.481775730420866431e-02 1.298936208131503886e-03 7.746390152580021234e-03 1.020580946164399185e-02 1.131675776538499344e-02 -1.090644900167998289e-02 9.076393680777837189e-03 1.556140154679367879e-02 5.136485946668241376e-02 3.503364158111318266e-02 -3.069829118005139995e-03 -7.058453147258130292e-03 -3.474669122468927035e-02 -2.631351964278894062e-02 5.576923725949943511e-03 5.057364836723881978e-03 1.661861234389602716e-03 5.872065567456238866e-02 1.693644783560822181e-02 -7.660746770452352486e-03 -1.304277496144378920e-02 -2.070223596616395118e-03 -3.200002444676430628e-03 -1.229251854177342874e-02 3.083556260968500426e-02 1.059748851021670574e-01 1.747206571167675068e-02 -5.536630773675010192e-03 1.711852724036848003e-02 2.817791376578482332e-02 -1.535738930760481092e-03 -2.866971244002550906e-02 -6.362689462533731299e-03 2.003022036430672417e-03 9.526135191501090838e-02 2.049056434186021305e-02 1.885454279713107140e-02 1.941436910779564817e-01 1.018285762027257291e-02 4.272438370160333565e-02 1.854136302503071876e-02 0.000000000000000000e+00 0.000000000000000000e+00 -1.609198120326150450e-01 -2.439325016446608485e-01 3.647446421464408117e-01 -2.146533961965749193e-01 6.714552192913433304e-01 4.286516450236325659e-01 -6.938375843320175873e-01 -1.556984048339258853e-01 1.275995649997605230e-01 -1.014354224449483949e-01 1.306761669685682969e+00 2.920161515330441104e-01 -2.037456416884006472e-01 1.042724939391170558e-01 2.509945144296765740e-01 2.334384526238534319e-01 -1.426727298168855107e+01 -2.353652595956030324e-01 3.760992695522401563e-01 3.866094691223238011e-01 -5.109417172527551398e-02 -3.262404245136552583e-01 2.069249933098888383e-01 -1.577132464149416657e-01 -3.251192822419619599e-01 -1.303629969626689533e-01 2.886941906792833690e-02 1.167038733267027756e-01 5.399561126439826886e+00 9.080648926467657645e-02 -1.533614281646949795e+00 1.915869662170415211e-01 2.033995698111980624e-02 1.281232058749216980e-02 2.629281904199813891e-01 1.477711413139743413e-01 -3.818674271558620270e-01 -5.563986469368492616e-02 2.449806921137712146e-02 5.083759812232266917e-01 -2.562577114167329251e-01 1.015989646110952889e-02 1.924579460177696655e-01 -1.858201715776504337e-01 5.130127033830864658e-01 2.371288731494559654e-01 -6.036798468585596183e-02 -2.083692202476506439e-01 8.322145130138611790e-01 4.527817058795062244e-01 4.888405779095956333e-02 -1.917231045862498040e-01 8.700199889638508821e-02 -1.140525604057463088e-01 8.247405079079847545e-02 -3.105586091936358706e-01 2.297137103920635082e-02 9.733305863942967595e-02 5.022226423979557763e-01 5.925755118865303483e-01 3.820695604173622861e-01 -1.868957977074495458e-01 -2.771043489017747247e-03 -3.359190409765153706e-01 4.276454720772421281e-02 -4.953038417733033327e-01 -8.536044935977105119e-02 -4.179234621840721142e-01 5.269670568719786452e-01 2.980672115136673295e-01 -2.524263349830153935e-02 -7.459688791339063631e-03 -4.618684980316081212e-01 1.763209000515729152e-01 1.364014263277451289e-01 -1.001686982404624560e-01 -1.829639600393064003e-01 9.437494844702190577e-02 1.031945522481403921e-01 -2.021136720965510392e-01 3.189742218101478954e-01 -2.391155929561223151e-02
0.000000000000000000e+00 0.000000000000000000e+00 0.000000000000000000e+00 0.000000000000000000e+00 -1.304838090521127491e-03 9.678180097113972882e-03 -3.356189481077784687e-03 6.849664892798755164e-03 -3.111331309885843541e-02 4.303926763875923038e-03 -1.626502750926866634e-04 3.697396672509316393e-03 -1.197335927515006011e-02 2.991565575490550896e-03 -7.229339501289826914e-03 1.861157234457367499e-02 1.146271931294590499e-02 3.152849010849423242e-04 -2.187623956927513876e-03 -1.247449827200652721e-02 -8.803720464335695883e-03 2.234383986206810169e-04 2.214706523511107174e-03 -1.163129602946788793e-03 -1.807332027623024390e-02 7.367071316109741023e-03 -3.515174663120128936e-03 -4.741595278400983181e-03 -2.288343450933613341e-03 4.490343246895051651e-05 1.275942988494274026e-03 1.221751697656885821e-02 -1.017964321450252375e-03 9.844788083393056499e-03 -4.436236748463237220e-03 7.591662156666354258e-03 1.144994952691882721e-02 -4.068573027830079195e-04 -1.292316013239238129e-02 -2.593633992007107671e-03 2.286573808365385992e-03 2.962705546076483537e-02 7.483126617250354662e-03 6.253661614641714030e-03 3.986615468512742788e-02 6.654441824879721475e-03 2.004969316897614595e-02 5.912795285212710424e-03 0.000000000000000000e+00 0.000000000000000000e+00 -1.635877173349959135e-01 -1.465202345832583575e-01 2.144450472814335984e-01 -1.330508953218740020e-01 3.926422641884596554e-01 4.042235415761736839e-01 -3.600758580615004423e-01 -1.393068765326247738e-01 9.597928775833379500e-02 -6.878577889373187204e-02 7.815205322470811788e-01 2.705368225907638924e-01 -1.512136337312565970e-01 1.774348301247987703e-01 2.319155041903858405e-01 2.154140570400803201e-01 -1.153572558239459944e+01 -2.442340368884724222e-01 2.159649384212439793e-01 3.582855612618196517e-01 -5.010400197304390457e-02 -2.589115992334950489e-01 1.494421699588043828e-01 -1.079744077682695119e-01 -2.310001278910692735e-01 -3.197352852422994524e-02 3.138250427763681488e-02 1.214785352822743414e-01 4.293235662550142884e+00 3.647335056247327789e-02 -9.245664181623122202e-01 2.089892026198614805e-01 4.089718156748613220e-03 7.062171325499659244e-03 1.534372790174154677e-01 1.430904635217380982e-01 -3.113976451978465732e-01 -1.247465454030169049e-03 -1.204993402889504434e-02 4.423220607665878656e-01 -2.366811776860846539e-01 6.009543133862683961e-02 1.740402921238374534e-01 -6.210017327816560323e-02 3.027723920511287692e-01 2.508047269517426070e-01 -4.644514231142883587e-02 -7.959706038890641822e-02 4.527817058791340776e-01 4.413382657730956504e-01 -3.450047917016459825e-02 -1.893645048508332263e-01 1.963231217357379321e-02 -1.307629690334752015e-01 5.820607217200741978e-02 -2.787808128409599018e-01 1.815154987968617406e-02 -1.624851155912803574e-02 2.509410613714403437e-01 5.763705646087352585e-01 3.355325382347542074e-01 -2.325016346386580002e-01 6.353790830186471783e-02 -3.289292303825225305e-01 3.592356363569059602e-02 -4.783165592926123533e-01 2.583268054016094745e-02 -3.991144207530327170e-01 2.960551273797728533e-01 2.711036278748326644e-01 -1.279452043591754185e-02 -6.305292042428171755e-03 -2.502758682468133600e-01 1.884852972964675411e-01 1.670480717068941467e-01 -5.792913676410272467e-02 -5.940932186737121756e-02 7.916588530690621406e-02 9.089559907157052088e-02 -1.353652341650063429e-01 3.066626890808990535e-01 -9.982927493566648436e-03
0.000000000000000000e+00 0.000000000000000000e+00 0.000000000000000000e+00 0.000000000000000000e+00 4.660914713684661224e-03 -2.352461775968014372e-03 6.212751001009426781e-03 -1.386411637532512396e-03 3.415005436445359838e-02 -1.401165184862345923e-03 1.737923370921521738e-03 1.743070467371183848e-03 8.523960925700062308e-03 -8.972917578450223444e-04 1.495237066657536390e-02 3.113192814177786257e-03 2.284700124254138848e-03 -9.989478506377189298e-04 -7.943237169884318329e-04 -2.677440596137067343e-03 -2.961428347514743868e-03 4.333105786590576926e-04 -9.516581487434825661e-04 1.029899623994652092e-03 3.768957516891253273e-02 -5.747546473733977472e-04 -1.774179556286940417e-04 -1.346679562213020536e-04 2.637521668724664928e-03 -1.612519674798812723e-03 -1.991799566940489607e-03 2.252550397961461826e-03 4.518435361165375197e-02 -5.485742639467073960e-04 1.923142196164829253e-03 1.800439548834467380e-04 2.913310620734738360e-04 3.244237990883700254e-04 1.153305964377459485e-04 -1.739098681543609320e-04 -2.038623542064813595e-04 1.948241984824498072e-03 1.370715348657019919e-03 8.904633453733501198e-04 5.275474116767633198e-02 -1.284809614328036396e-03 2.920449047091882352e-03 2.215933881319084343e-03 0.000000000000000000e+00 0.000000000000000000e+00 1.727816994034967607e-02 -1.094380347868833614e-03 5.436539143111458229e-03 9.687136073150854135e-03 3.658985335942958796e-03 -2.923150972523602328e-02 -6.609527970581909051e-02 9.883317020446926240e-03 -1.667218501641936149e-03 -6.783430751300697018e-03 -5.385730214999381177e-02 -1.514367748744867639e-02 7.536288551451220119e-03 -8.657400366554529603e-02 -1.947670162248116982e-02 -2.439608996540782240e-02 6.145027623551129192e-01 9.604535935943162017e-02 -6.692323394118200770e-03 -3.515520422685439184e-02 3.583304060416868820e-03 2.741210255803816845e-02 -4.220160232430505975e-03 1.247163667127110069e-02 1.534536910461110210e-02 -4.508417722121150356e-02 1.217955895460666070e-03 -1.825720958683143755e-02 -3.430583693224948383e-01 4.927435619018295104e-02 5.150599479712242301e-02 -1.714852426663814738e-02 1.747346621805734171e-03 1.139812828897337083e-03 -1.784980028121372145e-02 3.313252935345414874e-02 1.287569169933712974e-02 -5.257968910320059280e-02 2.797391952276407148e-02 -9.376291827913092736e-02 8.803394438935147059e-02 -6.492843814281172576e-02 -6.231995928741328183e-02 -5.964568408324680965e-02 -1.024609723535632906e-02 -2.307974671443296238e-02 2.882692426400929389e-03 -8.952328776114121256e-02 4.888405779135879953e-02 -3.450047917006349857e-02 1.388566963741169336e-01 1.826924592941512465e-02 7.016895699581804369e-02 1.562060348261672636e-02 7.531498119992190848e-03 1.581706347763390738e-02 3.573933447556075591e-03 7.929166579507915258e-02 7.845526279391272506e-02 -4.420636996446770245e-02 -1.838227009656288602e-01 4.045555195871358700e-02 -1.558845863027229772e-01 2.186676269751787818e-02 -3.577962118892032140e-02 5.267518293816077918e-02 -2.190145723863974048e-01 3.401994179911023430e-02 -1.127915754772933904e-02 -1.984362806834769760e-02 -1.029477936025753430e-03 4.515834666432812293e-04 -3.778856718522358160e-02 -7.124110531883167188e-03 -2.074245888502374568e-01 -4.252444281466670473e-03 -1.656719183526381978e-01 -1.160599910851758086e-02 3.714990637168272963e-02 2.568490750667779552e-04 -1.765921039071489951e-01 -7.618940670992903862e-03
0.000000000000000000e+00 0.000000000000000000e+00 0.000000000000000000e+00 0.000000000000000000e+00 -5.831694311092764510e-04 -7.641769916021266297e-03 -1.113672491362524059e-04 -5.650361375369021034e-03 3.074334379295099416e-03 -6.037856685684512073e-03 9.012861486227684467e-04 2.044101046438010112e-03 3.115446852480833334e-03 -5.517289529743129445e-03 1.567333058603243533e-03 -9.587402543165372132e-03 -4.291286246130596865e-03 -6.962724049443411384e-04 1.886511537161266860e-03 4.795049404078740099e-03 4.532769708357576449e-03 -1.393254473424364401e-03 -1.785852404386501597e-03 9.472936432719058879e-04 -1.608601758271420781e-03 -6.920597267720764514e-03 2.553520479848099718e-03 4.321430251613141149e-03 -5.341008442388738768e-05 -4.087925933240013979e-03 -1.661357543678768263e-03 -1.765812527131939945e-03 -8.433618135990675682e-03 -7.880325527549213172e-03 1.771190199436635570e-03 -6.303162868698423266e-03 -4.828674605915379316e-03 9.007196394233870891e-05 7.219533042907832002e-03 1.982339089732568227e-03 -5.623253537419214097e-04 6.294633825326689802e-05 -3.968186795963913986e-03 -1.819977501931570492e-03 -2.441718382270772689e-02 -6.618833096071405353e-03 -9.495288221548823723e-03 -5.710727332729052287e-04 0.000000000000000000e+00 0.000000000000000000e+00 9.122620463065439500e-02 9.059848597934191949e-02 -7.852739747699429007e-02 9.441973261845594545e-02 -1.667935945956028621e-01 -1.411712350097340529e-01 1.573036934284182398e-01 5.862896241539532899e-02 -4.303292289646537538e-02 3.260777081981245523e-02 -3.050978623830604697e-01 -8.535241740303954605e-02 7.053502279547517462e-02 -1.765410139239432727e-03 -1.255740535333053631e-01 -1.178775965241393997e-01 5.630414085866930485e+00 8.933524025914271749e-02 -8.954124726882048413e-02 -1.529079026460765933e-01 3.268864840368553015e-02 1.492763763821527423e-01 -7.353008794375386070e-02 7.045553975998984642e-02 1.108361727978466049e-01 8.950332010236819458e-02 -1.628351942320354490e-02 -6.671321481238928763e-02 -2.194531446040119516e+00 -3.852988030807349973e-02 3.737278072961010555e-01 -6.497330595330717828e-02 -1.295488487187640729e-03 9.491270819493532497e-04 -6.093632493008725726e-02 -4.729580040381689034e-03 1.854828290429375026e-01 -8.476436491020901409e-03 2.670727682335077499e-02 -2.517639440488318447e-01 1.664153185633915621e-01 -3.682338913652243029e-02 -1.043103428879893907e-01 3.134430245999025866e-02 -1.190077693754010846e-01 -7.454336309828077378e-02 1.737035749688653485e-02 3.132434899961798747e-02 -1.917231045863967975e-01 -1.893645048509385309e-01 1.826924592926691335e-02 1.458666923840677143e-01 -2.431599486305926344e-02 8.196187025751157373e-02 -6.587303383439213622e-02 2.010271982605792707e-01 -1.073996973929319462e-02 6.956760849158702409e-02 -1.207191814962829263e-01 -2.684660687626322928e-01 -1.371231769464373029e-01 2.314561275141770735e-01 3.965994526859614733e-02 2.036461197137085510e-01 4.648827445287581628e-02 3.315487427669144282e-01 4.346238352807717947e-02 2.344651364833662543e-01 -1.195116307123796628e-01 -8.208965879711889457e-02 6.584172186039061007e-03 5.137555969138816320e-03 1.036468296578825082e-01 -3.740455353759095797e-02 -5.489883672794582115e-02 2.469749570528446264e-02 4.876067333000726201e-02 -4.493554709129018304e-02 -7.922577727435892170e-02 7.386032875628840977e-02 -1.397759743311001723e-01 5.196610857071942008e-04
0.000000000000000000e+00 0.000000000000000000e+00 0.000000000000000000e+00 0.000000000000000000e+00 2.657626819575320543e-03 -1.877910914851441560e-03 3.927113217658500036e-03 -1.713336085579238773e-03 2.459038245227452082e-02 -6.967378313541293172e-04 -1.616911076059852057e-04 -2.820722317432403396e-04 5.697591679689326637e-03 -8.360410861905125590e-04 1.125180452682999523e-02 1.617994992198603212e-03 1.256739766623535693e-03 2.811861487851440911e-04 -1.805721590845504182e-03 -2.328552204317964683e-03 -2.994884862288079222e-03 4.025967990954399571e-04 -7.786884156197202084e-04 7.907494316488015420e-04 2.617716250913989379e-02 1.669225159949370302e-04 -1.299984364223397658e-03 -1.601341244758001025e-03 2.445941337060509799e-03 -1.122142087212672432e-03 7.947077987467752840e-04 7.700258344773667921e-04 3.618094980714533365e-02 1.474224642901452017e-04 1.943717672757874770e-03 7.049504380251640778e-04 -1.668455748782498357e-03 9.518576410938485444e-04 1.743803666873228663e-03 -5.080559565481141413e-04 -4.703981676657578151e-04 -2.284327186030070400e-02 2.946402851175366610e-04 -6.356593020372095946e-04 4.412332882732954847e-02 -5.892171038519977005e-04 5.301434309374011486e-03 1.349257323452627503e-03 0.000000000000000000e+00 0.000000000000000000e+00 -1.717807479861845066e-02 -1.794907915467009590e-02 2.122704451080125593e-02 -1.930262445332696017e-02 3.817674465122367078e-02 1.260201355918562534e-02 -5.585802792721832749e-02 -6.724163680390842640e-03 6.594713258315513388e-03 -1.343217941081451504e-02 5.697030328440171737e-02 1.134012139135380168e-02 -1.191146634411972827e-02 4.814830552397867010e-04 2.421453680532797970e-02 4.353170443468238650e-03 -9.301453382898599020e-01 -1.144992426280194535e-02 1.791922292523114371e-02 1.402236470242362518e-02 -6.294105453599108287e-03 -2.078457461187655300e-02 2.336275406125894183e-02 -1.204560124770212397e-02 -2.004611952706114239e-02 -2.644791688391298981e-02 7.206773936430353918e-03 2.933008385580518004e-04 3.801149529601516863e-01 1.702928638217987220e-02 -7.332246190896270222e-02 6.356970669362947864e-03 6.018579056108407880e-04 -2.391229795460496116e-04 3.972789901579391880e-03 3.231449895745162199e-02 -5.423769487493180358e-02 -3.823785652583381461e-02 -3.734523335869533583e-03 -1.672781217678158058e-02 1.267035086723039203e-02 -4.666913625916029734e-02 -1.679064252203690821e-02 -6.491432768038572776e-02 2.395676427106233422e-02 3.239985747988845255e-03 -5.915683408312199729e-03 -6.515725982118736326e-02 8.700199889681566046e-02 1.963231217368812884e-02 7.016895699598067748e-02 -2.431599486304003230e-02 7.080440535908195943e-02 -2.688836792100282938e-03 3.562911394015233491e-02 -5.986535330402623090e-02 1.118533288045371089e-02 4.731644809866784179e-02 8.233566209822271165e-02 2.372861324454198298e-02 -4.496136919941023935e-02 -2.543335193113056836e-02 -1.299652047365071617e-01 -3.418060864306230601e-02 -5.566300844210866211e-02 -7.273427555360743868e-02 -1.649247388824670868e-01 -2.410102452689565078e-02 2.653305439636671065e-02 8.289296791990356794e-03 -3.611919339394113401e-03 -1.485432795481529027e-03 -4.628684533570654597e-02 -7.075123212052855312e-03 -7.826101864881161718e-02 -5.505817631858423745e-03 -1.098054893991285280e-01 1.294647561248700972e-02 4.678611610965343476e-02 -1.934121550419269295e-02 -5.740548272600162066e-02 9.269792331050120482e-04
0.000000000000000000e+00 0.000000000000000000e+00 0.000000000000000000e+00 0.000000000000000000e+00 -1.603678853985585247e-04 -3.843619028235266064e-03 1.621847797174109484e-04 -3.029591861207734781e-03 6.450732156025320956e-03 -2.813970428671416779e-03 -1.390282552429734832e-04 3.505340831424941933e-04 3.428136639379566683e-03 -2.775216073336401676e-03 2.019477757440512646e-03 -6.512477989239973813e-03 -3.801979512586552666e-03 -6.814840784569725770e-04 1.054623552398070837e-03 3.710709301024325661e-03 3.185476906319746268e-03 -1.477498811493835719e-03 -1.239100563459696576e-03 2.211197182634746388e-04 -5.254062675363437365e-04 -3.705361426071710797e-03 1.600262672930644016e-03 2.717156929789862809e-03 7.151595332826443229e-04 -1.321917446405864241e-03 2.960250009787770628e-04 -2.534714604066121320e-03 -5.906982703269916986e-03 -4.112168360495648337e-03 1.274567359299993942e-03 -2.973694076582026561e-03 -3.001919572895644581e-03 -5.038531435057558511e-05 4.025215022220118496e-03 1.012678041864463648e-03 -6.396517929108299630e-04 -1.704415428490561185e-02 -2.066388857160141642e-03 -2.303723235497994511e-03 -1.787196402909445314e-02 -3.136426845180304967e-03 -6.853967566228441610e-03 -1.291446549315391264e-03 0.000000000000000000e+00 0.000000000000000000e+00 5.432532304473938062e-02 5.246497703509542254e-02 -5.129866617570625481e-02 5.661633725865494737e-02 -1.071612459005133328e-01 -1.073123695014598089e-01 9.563619929592455382e-02 4.929040370906252050e-02 -3.282628479643864838e-02 1.820241770118221844e-02 -1.901696661803368438e-01 -5.305469570441255500e-02 4.687675053437839051e-02 1.601251299400961031e-02 -6.508352447505087734e-02 -7.264632767737869146e-02 3.716133177445273716e+00 2.758768145838207120e-02 -6.011694519827003730e-02 -9.496331597236316868e-02 2.205840449550321852e-02 8.686791953908504227e-02 -3.692466845293873590e-02 4.126341874085737854e-02 6.983935047726297363e-02 5.059758018190414069e-02 -6.271066665732387239e-03 -4.365882649256910830e-02 -1.377394969506399169e+00 -2.740610944915631425e-02 2.302498718402366806e-01 -4.295346092040677743e-02 -1.804150077960362366e-03 2.853646243020199931e-05 -3.727470035836166762e-02 5.885972557880805520e-03 1.060748136534353653e-01 -2.386852617264059381e-02 3.990308193701030612e-03 -1.666110982904776827e-01 9.386411150112176915e-02 -4.631177959912302633e-02 -5.953749193463853118e-02 -1.244390603872669657e-02 -7.301522927875288282e-02 -5.366967037917844824e-02 1.133631419965478934e-02 -4.754087185982975271e-03 -1.140525604055944026e-01 -1.307629690334927708e-01 1.562060348262236248e-02 8.196187025750484301e-02 -2.688836792085610213e-03 7.394057124554286042e-02 -1.226272544731027946e-02 1.132291411101417622e-01 -1.433736642738201242e-02 5.023578005403105118e-02 -8.601957461239892466e-02 -1.951120639266580026e-01 -7.082974604136761665e-02 1.325459487993668195e-01 1.273942735687483285e-02 1.610710915925525066e-01 -8.824143952256436468e-03 2.164036535373222991e-01 5.586011927802713578e-02 1.775284665699016773e-01 -7.469080141665515593e-02 -5.491355291026023266e-02 4.625196007134006748e-03 2.831414345506549999e-03 6.823359271017145899e-02 -2.980764160537176244e-02 -2.071272879617964968e-02 1.373307962975090120e-02 3.632500582686963575e-02 -2.101167608951743856e-02 -6.094823982531621248e-02 5.146560498483962465e-02 -7.435175280412695265e-02 -2.004603114814564740e-04
0.000000000000000000e+00 0.000000000000000000e+00 0.000000000000000000e+00 0.000000000000000000e+00 3.305973207951655706e-04 3.117940411814238994e-03 1.278724151687935830e-03 1.842518652754938664e-03 1.295400175251386343e-02 4.011672711548848469e-03 -2.806623249131745025e-03 -3.736874092938380354e-03 3.109831912474680850e-03 2.974437431089571506e-03 2.760180900822002160e-03 -1.169424701376259659e-04 -1.699392879181615620e-03 1.180430569696040667e-03 -1.853125227694986301e-03 1.469805933076467029e-03 -2.291103647790508038e-04 -2.706854344684066736e-04 9.981504266259356994e-05 -5.714162441756161876e-04 4.922816667104170513e-03 3.598684194240074109e-03 -1.243703708917704570e-03 -2.165897702865182683e-03 2.046539269671888983e-03 4.018700714944349432e-03 4.149022393666162642e-03 -3.428858225126235268e-03 9.393678062636948503e-03 5.185336832402391398e-03 1.163579057631676647e-03 4.116549371340192699e-03 -2.858427983842451274e-03 -1.587486600422851018e-04 2.226247650771603914e-03 -1.059780170886158272e-03 -3.451673946073817206e-04 -4.742980322784592917e-02 -8.423068023115175924e-04 -2.492474254908050996e-03 1.604724355140118436e-02 4.767810578051191045e-03 4.384243511588477651e-03 -2.592386057001917852e-03 0.000000000000000000e+00 0.000000000000000000e+00 -4.360344194186990818e-02 -1.133313335723054247e-02 2.027712759676147600e-02 -4.085236933549790672e-02 4.720945405731223621e-02 3.153052985639163280e-02 -3.877712772854285256e-02 -6.498303900432580472e-03 1.992994646075763737e-03 -1.580104936205333627e-02 1.158296390019820515e-01 2.841840593697256973e-02 -2.410895735457893596e-02 5.765390619919644188e-02 6.931482633105345847e-02 4.354426484915668166e-02 -1.995976744051126239e+00 -1.021500731360941716e-01 2.491398742447652193e-02 6.181196104704186206e-02 -9.698985487026450664e-03 -7.111852186553868638e-02 3.543740097990807913e-02 -2.993505521661417312e-02 -4.282241910079392921e-02 -2.801219244441140871e-02 1.010036883965291336e-02 2.380307359542141107e-02 8.779681450309800850e-01 -2.368358055481870929e-03 -1.420915911656278063e-01 2.085452294546241703e-02 -2.468309444471731250e-03 -2.512577866991775894e-03 2.002391939025617573e-02 4.552058242651707207e-03 -1.026071995380282015e-01 -1.492453673053608515e-02 -2.749392378456230746e-02 8.806958835854503120e-02 -8.178765653187129725e-02 -5.698584359680760464e-03 4.052956155018395956e-02 -4.405663258460610493e-02 4.644891319103162941e-02 2.134435867627973091e-02 -6.825635995890816897e-03 -2.949106106351295428e-02 8.247405079119358995e-02 5.820607217211160728e-02 7.531498120221373840e-03 -6.587303383444230442e-02 3.562911394023519918e-02 -1.226272544731247388e-02 7.882535112974352332e-02 -9.821660973800130923e-02 6.502079918761953688e-03 -2.003440771614990387e-02 4.063443366737218287e-02 6.133941599882335172e-02 5.484576864042931682e-02 -9.058684072350328687e-02 -5.064560366449357559e-02 -3.599572061053655375e-02 -1.190982291119736802e-01 -1.166476452825328247e-01 -1.804867769846141973e-02 -5.135564785830776940e-02 4.233628227340684169e-02 2.857350848503262264e-02 -3.435672273168339369e-03 -5.050762226592426553e-03 -2.889313449419667404e-02 9.273080015413180666e-03 6.107632887474624683e-02 -1.375221917141063871e-02 7.533342213624434278e-03 2.201511663878738534e-02 1.538563565872568331e-02 -1.465931604254840787e-02 7.755756925197465623e-02 -5.019235991797895043e-03
0.000000000000000000e+00 0.000000000000000000e+00 0.000000000000000000e+00 0.000000000000000000e+00 3.691232346442695732e-04 -5.943110976121162778e-03 3.545142652208600862e-04 -4.503454138028887416e-03 4.689933537199269739e-03 -4.791663661202687913e-03 2.429182046130534938e-03 2.999812070573335942e-03 3.808587572136707799e-03 -4.026847667846003391e-03 1.223400548476091722e-03 -7.605224762989149997e-03 -4.271685004614399900e-03 -1.359591083585041937e-03 4.004658806080454471e-03 5.224026314833040384e-03 5.336698363556329101e-03 -2.049788833143953437e-03 -1.994290375796937097e-03 7.144902018362472851e-04 -2.387560747424608693e-03 -6.373817648256173071e-03 3.840364696622297798e-03 6.150211047377252341e-03 2.713630779890341730e-04 -2.974902682567642353e-03 -2.248968989719671296e-03 -9.573997580285963267e-04 -1.579057503723128170e-02 -7.796801891077251821e-03 -2.887395522953293582e-04 -6.329168025034101995e-03 4.049690271012538687e-03 -7.755928246104156192e-04 -1.746573041609459330e-03 2.568795306261041720e-03 -1.692600219273177140e-03 2.200076134798983896e-02 -4.717250367950714257e-04 2.514833433731409468e-04 -3.952680162417562815e-02 -5.899852121504333205e-03 -1.504001055524433611e-02 -4.584578900520266606e-04 0.000000000000000000e+00 0.000000000000000000e+00 1.322567618196935912e-01 1.401855690778610608e-01 -1.232866438032023115e-01 1.371247697319793180e-01 -2.491130046845737300e-01 -2.088565354955160824e-01 2.246817495753638261e-01 8.282415846553099759e-02 -5.936824012525349775e-02 5.567130138455305549e-02 -4.792319253696214476e-01 -1.343400577578289234e-01 1.051914210712961012e-01 -6.965413977601409012e-02 -1.846860763755868995e-01 -1.633530267785686108e-01 8.258182223371838049e+00 1.893019598297063233e-01 -1.340917609872227800e-01 -2.183572436910246328e-01 4.399784631556246522e-02 2.167066278811625724e-01 -1.139966297366426518e-01 9.725376872799450234e-02 1.674541543622388440e-01 1.002138276672550343e-01 -2.569147303906448715e-02 -9.007266317323299465e-02 -3.257800340745866219e+00 -3.384722077646520888e-02 5.857397017183578747e-01 -1.019414329389388002e-01 -6.468138201750836536e-04 1.770150910989632320e-03 -9.286854548221355754e-02 -4.426716345141744335e-02 2.857036152827873710e-01 1.088753613490247782e-02 5.020210292293297849e-02 -3.039842766291037668e-01 2.243171420397571669e-01 -6.824889103078869007e-03 -1.268809484478174432e-01 9.142291621157193349e-02 -1.849909226008187024e-01 -1.107606848285841716e-01 3.568934218032963901e-02 7.761809984319614775e-02 -3.105586091941950344e-01 -2.787808128411632391e-01 1.581706347718156089e-02 2.010271982606667840e-01 -5.986535330423239237e-02 1.132291411101248868e-01 -9.821660973808822581e-02 3.405227717833073098e-01 -2.170400317980763355e-02 6.587352833655997497e-02 -1.944382903866428425e-01 -3.807160738295552460e-01 -2.225209107372161654e-01 2.793741456752298347e-01 6.988246184576686615e-02 2.955427387232660297e-01 6.453902053067335498e-02 5.325532650508939536e-01 7.969223948631563859e-02 3.355028627286478771e-01 -1.873523518818197009e-01 -1.283005636133793814e-01 1.082123073892869193e-02 8.159426302405932765e-03 1.715964419330240631e-01 -4.963464903728879996e-02 -7.110421779622562444e-02 3.347477824670608282e-02 1.152526230467693646e-01 -7.334235180167764101e-02 -1.352186878240861367e-01 1.208256704187909286e-01 -1.811073313676240804e-01 -5.589599317153160288e-03
0.000000000000000000e+00 0.000000000000000000e+00 0.000000000000000000e+00 0.000000000000000000e+00 1.266139414778212537e-03 -7.741079991704684837e-04 2.057579785788896110e-03 -3.029113376104810218e-04 1.101158083690753804e-02 -6.310060645856162157e-05 1.912810795698389045e-04 2.086773508946204562e-04 2.440315156256490578e-03 1.114643458896925072e-05 5.536045039768099259e-03 1.561514238663848841e-03 9.371895412950326156e-04 6.023765038561533134e-06 -9.143255672191968626e-04 -1.320206126773468443e-03 -1.707074576870248883e-03 -4.659396613011979369e-05 -2.033720177182659315e-04 -2.263167041069555265e-04 1.294135061038592313e-02 5.061885600591496366e-04 -6.397980447496274137e-04 -8.569560713268277712e-04 1.283913649270488526e-03 -2.417699876531687715e-04 3.963257538545409634e-04 5.159385839469402468e-04 1.905379942618238079e-02 4.279312141117760991e-04 7.314794403908448251e-04 6.128698930394448465e-04 -7.193678435059878756e-04 4.495640626889265399e-04 5.263465996222819673e-04 -2.244089709571783168e-04 1.124915970043447545e-04 -6.919102756724555305e-03 1.371735409449915824e-04 -6.288020339743450671e-04 2.399690630177535658e-02 -5.932883212392773143e-05 3.497146563716251651e-03 1.284137083721900588e-03 0.000000000000000000e+00 0.000000000000000000e+00 -1.294607917892851186e-02 -5.037128723640554688e-03 4.607103465196599537e-03 -4.974891455029540471e-03 1.623610493169531238e-02 1.901360117247396023e-02 -1.354120464447969990e-02 -1.210926361628204481e-02 6.670049009958352662e-03 -3.964555986591704849e-03 2.947070337734101000e-02 5.429728785514488509e-03 -9.049389210900933567e-03 1.149454419930804813e-02 9.143237798899445101e-03 1.021662683833573018e-02 -7.394649363009511145e-01 -1.959496811892710161e-02 1.188248479802300403e-02 1.185466654744972599e-02 -8.969198708304490855e-03 -1.461383131459700370e-02 9.196595156937362528e-03 -9.386701601124255306e-03 -1.322771781978756243e-02 -6.813010816653551844e-04 9.415625415741933775e-05 7.710575418773233866e-03 2.738489644780103260e-01 -6.229898641183417331e-03 -3.440189489104936854e-02 5.474951586922437337e-03 5.791230670727388202e-04 -2.956059957281021843e-05 4.340180993921701792e-03 -4.129380555605559160e-03 -3.122982526731268166e-02 6.533767540245989658e-03 -5.779916130146361963e-03 2.450155150717941988e-02 -2.427004023255262613e-02 6.835338470292544322e-03 -1.838716843551028296e-03 8.664915924983120077e-03 1.188697277853802484e-02 7.409627719175063479e-03 -1.168922161493000586e-03 -3.563961243318944459e-03 2.297137103917304760e-02 1.815154987971050876e-02 3.573933447562458940e-03 -1.073996973932232583e-02 1.118533288046995658e-02 -1.433736642738979439e-02 6.502079918790786527e-03 -2.170400317987575614e-02 2.569178495404238899e-02 -8.192621812387120006e-03 2.720045721584347931e-02 3.102455194573803393e-02 -1.298534492066494815e-03 -2.198534184848718875e-02 -2.744312267361656912e-02 -3.801408502979882614e-02 -9.392244596843872181e-03 -5.285928644463775555e-02 -6.051997369049770537e-02 -4.810822876407749166e-02 1.164994450269833323e-02 7.154676127255892894e-03 -2.451062570772880728e-03 -7.937773285786466721e-04 -1.421992673206584276e-02 -6.500758370713545509e-03 -1.071881034306590603e-02 4.486351877291283423e-03 -2.406774601385141404e-02 9.880413919430824227e-03 2.674363817249664210e-02 -7.246662622485113871e-03 7.828439108710108160e-03 7.163007095637913269e-03
0.000000000000000000e+00 0.000000000000000000e+00 0.000000000000000000e+00 0.000000000000000000e+00 7.196671534987318306e-03 -9.312656897675811174e-03 7.905136504904314645e-03 -7.223051076327232159e-03 4.319603337207226362e-02 -9.083258842487111628e-03 3.859664164789885794e-03 6.519443258330136562e-03 1.067357099553006144e-02 -7.908699811605008831e-03 2.271723065335976705e-02 2.250190936016011230e-03 5.961418467249978738e-03 -1.701060350848789156e-03 -5.130705657673184303e-04 -6.130860487142297116e-03 -4.409010451989092520e-03 9.452829012862643508e-04 -1.871754372649418914e-03 4.718951202916057096e-03 5.749273442053347283e-02 -6.257150996938981406e-03 -6.191061945517043006e-04 9.226287545304742233e-04 3.158460723303728197e-03 -9.696388700254143095e-03 -5.118733335795438641e-03 8.589299030693997583e-03 7.791094533613730777e-02 -7.981868769326152732e-03 3.973781116092675418e-03 -4.889545237899558042e-03 -1.768479374921406305e-03 9.757913988318108345e-04 5.503760391457102746e-03 -1.064348409274971236e-03 -5.801202353767577393e-04 5.294624924423296103e-03 -1.018804327098579016e-03 -6.982990901112191492e-04 8.945290608081984951e-02 -9.383989417033566233e-03 6.131915314167032602e-03 7.348030234749378976e-03 0.000000000000000000e+00 0.000000000000000000e+00 1.805643167744959421e-02 -9.481538066937517106e-02 6.917268719503022467e-02 3.726558217962808173e-02 6.898136070810693965e-02 2.093397438404405800e-02 -1.271886830675778568e-01 3.601052342017594353e-03 8.368934469538364535e-03 -1.469209830279632339e-02 8.403286463169780396e-02 3.007901413921524811e-02 -4.062589497642415254e-03 5.695210694098543081e-02 -3.942149892999179811e-02 -2.390257042295954731e-02 1.703090394277299024e-01 -2.402633361360182948e-02 2.957114922473504104e-02 -6.541231277922290865e-03 1.283481140983069868e-02 4.048435672593803797e-02 2.049286323593403278e-02 1.595887968659900208e-02 -6.596876852123053324e-03 3.640851080816565749e-02 -9.063869104075895911e-03 -2.201351088536039613e-02 -1.081126793761606475e-01 -3.826650333802279237e-03 -1.121456425758305814e-01 1.792681436086305397e-02 5.063988711221870630e-03 5.662062651876739044e-03 1.352910179577858363e-02 6.897285695104792003e-02 2.540316370210416591e-02 -4.049970781858315549e-02 4.229303955864444770e-02 -5.614920014590222413e-02 1.101797329799024117e-01 -3.431403762891767351e-02 -5.301380569273508869e-02 -8.126341815736917717e-02 4.957725126922990500e-02 1.763826674580637813e-02 -1.339411052897476057e-02 -1.247271986658543275e-01 9.733305863903211896e-02 -1.624851155916588047e-02 7.929166579460265873e-02 6.956760849172419214e-02 4.731644809837116245e-02 5.023578005397429103e-02 -2.003440771634148673e-02 6.587352833680651387e-02 -8.192621812311513818e-03 3.332709312332789442e-01 4.227117750130894580e-02 -5.086712267056862219e-02 -7.041101525466410965e-04 1.575698814662487568e-01 -1.558863918168560021e-02 9.205430441111857320e-02 6.385754132460097487e-02 1.691907056909287832e-01 -1.143571656670331893e-01 1.183373439793479615e-01 4.674930763621051866e-02 2.967911221522465115e-02 -3.137885713428848096e-03 4.205725950448376688e-03 -3.930851993173620218e-02 2.168783661475441604e-02 -9.744400929164981351e-03 -8.429470560089072015e-03 -3.292919743800223897e-02 3.458808298049485114e-03 -5.115348661928020846e-02 2.802131565209002237e-03 2.076715779603173495e-03 -9.621608456355304484e-03
0.000000000000000000e+00 0.000000000000000000e+00 0.000000000000000000e+00 0.000000000000000000e+00 8.438905161754073694e-03 1.007514893872689388e-02 7.645907498932627382e-03 8.145003370501942980e-03 1.156514384926168870e-02 4.214421154580482408e-03 8.176902280565806480e-03 6.863211425122794744e-03 -5.097341266351865935e-03 5.890584662948611730e-03 1.543538271135244319e-02 3.346224889755099186e-02 2.415238885502311861e-02 -1.717930170017339291e-03 -5.886071737045961254e-03 -2.312055999675269313e-02 -1.875571489885406729e-02 5.666780936059660073e-03 3.173528042114528557e-03 2.510412981686696837e-03 5.597557988386694938e-02 1.066601704460695688e-02 -5.289567394156644183e-03 -9.759560358809135638e-03 -1.126861085675100963e-03 -3.320129629055749119e-03 -1.049217377121901794e-02 2.026961815977058531e-02 8.932515255069212179e-02 9.680215411406985562e-03 -2.128122801567451823e-03 1.060107302153591620e-02 1.582887550728684714e-02 -7.256527060919544612e-04 -1.584999402930397511e-02 -4.665527483116733293e-03 1.227368638410034421e-03 7.264551842378311197e-02 1.221763914883203586e-02 1.108165515719851044e-02 1.442420271812948074e-01 4.969051195686515106e-03 2.787881587545486956e-02 1.267101679905444783e-02 0.000000000000000000e+00 0.000000000000000000e+00 -7.147162046495367238e-02 -1.038590770163625027e-01 2.087312455491992791e-01 -1.243282034654758783e-01 3.907936407257098788e-01 2.291188042854249152e-01 -4.244014749555246602e-01 -8.680632603546227510e-02 7.347086804193053711e-02 -5.783764849977664213e-02 7.325096010289076087e-01 1.451714158875715144e-01 -1.133602786323973238e-01 -6.611087433376948430e-02 7.905217530948163707e-02 1.003635515699061176e-01 -7.722654221271152863e+00 2.142501680609055006e-02 2.263904190906521063e-01 1.821579466106579837e-01 -3.814403573050304669e-02 -1.530943634923840335e-01 1.065290498541391073e-01 -7.991913766394163898e-02 -1.758114432036493036e-01 -1.036343818731139954e-01 1.954815280346522410e-03 4.658985265563152234e-02 2.787356436499411227e+00 9.933819267949620113e-02 -8.543820481386168453e-01 9.246493522618014216e-02 1.528623420147424798e-02 6.524577023118417057e-03 1.500354655607044896e-01 1.070523535757741812e-01 -1.953069257032616635e-01 -6.391605852938550547e-02 1.622485145329976425e-02 1.944538762108155849e-01 -1.337132738167242652e-01 -5.491905105656977315e-02 7.864772737295004645e-02 -1.540318233752802912e-01 2.930852095623962539e-01 1.205041860865826570e-01 -3.150142409410087302e-02 -1.396484229383022635e-01 5.022226423983928711e-01 2.509410613717498739e-01 7.845526279399814285e-02 -1.207191814963102378e-01 8.233566209815251780e-02 -8.601957461251238946e-02 4.063443366728217154e-02 -1.944382903864512735e-01 2.720045721586257167e-02 4.227117750159452986e-02 3.984134383353706843e-01 3.588865953022536415e-01 7.283371448951606042e-02 -1.558411357973813471e-01 -1.710909283316849605e-01 -2.558774424428665872e-01 9.820774197858114438e-03 -3.462276220648750069e-01 -3.327785275139160115e-01 -2.863408671532313710e-01 3.008724417912284066e-01 1.530504609800885096e-01 -1.665476116148630059e-02 -4.236903534075301542e-03 -3.221518617346115776e-01 6.757411041424751796e-02 -1.586745267196933429e-01 -4.118533034231840195e-02 -3.239145879185371668e-01 6.106723759085175285e-02 1.748428202517272601e-01 -1.184263484522467130e-01 -3.309521644697256681e-02 5.339626278881179529e-03
0.000000000000000000e+00 0.000000000000000000e+00 0.000000000000000000e+00 0.000000000000000000e+00 -3.148354455467642678e-05 1.846928701266113346e-02 -4.103304517420098413e-03 1.400435753316371310e-02 -5.031122739673603989e-02 9.122320063098900839e-03 3.493568728236083262e-03 6.406329168476813767e-03 -1.993186177065934747e-02 8.326819566831903524e-03 -1.126043567712632816e-02 3.292459768248021806e-02 1.975235460974902185e-02 -6.310152232984264772e-04 -3.207814823036919671e-03 -1.965152578844563819e-02 -1.406459538118500809e-02 1.716148808064784379e-03 3.846247911581794111e-03 -6.335935292682733089e-04 -2.166495241684290168e-02 1.384109335843490204e-02 -4.444806535694663038e-03 -7.421261774539822213e-03 -4.814351224151306591e-03 1.744272681074556831e-03 -2.878823369556938409e-03 2.002045517617498382e-02 -1.282421375828887711e-03 1.619747467297585897e-02 -7.178349842848783489e-03 1.332209572416548707e-02 1.872649877469310595e-02 -1.072792623137195853e-03 -2.154033441450586145e-02 -4.240612556585560133e-03 3.465619642618460693e-03 7.565012869371451343e-02 1.197940384914495185e-02 8.685096930983626784e-03 5.467006365703200310e-02 1.173810852836445519e-02 2.639853625943002283e-02 9.696198374623913110e-03 0.000000000000000000e+00 0.000000000000000000e+00 -2.222324665145617995e-01 -2.016539392665095132e-01 2.842872078601874075e-01 -1.928161666953752962e-01 5.359869832860080230e-01 5.230381663632185374e-01 -5.273685305564095316e-01 -1.954893843495872363e-01 1.394649096279640399e-01 -9.431249372934508157e-02 1.005586115185708174e+00 3.320645092110452445e-01 -2.045860887659688432e-01 9.512368664156961584e-02 3.111602957020388471e-01 3.046945961234460709e-01 -1.573433617029560416e+01 -2.189452695231735302e-01 2.952887404542769434e-01 4.595199675573039544e-01 -7.587387489611621683e-02 -3.534009664039998722e-01 1.906927296198527577e-01 -1.522000178287126748e-01 -3.099847547859395647e-01 -1.191074179316928272e-01 4.347439615747145103e-02 1.728315644002168250e-01 5.814696463553127970e+00 9.443695835005598560e-02 -1.196743395188568648e+00 2.544427920140366894e-01 9.965082801050500344e-03 9.973851665137041522e-03 1.948533725392703753e-01 1.568262384652823194e-01 -4.240319617277491515e-01 7.165619483453772483e-03 7.107616623807152395e-04 6.008860752686003837e-01 -2.976877088495258894e-01 7.680775491786943909e-02 2.163460961719685938e-01 -8.077985795527201085e-02 3.912380723441239994e-01 3.098071291562648488e-01 -5.694067278510122482e-02 -9.901766115626296771e-02 5.925755118858435644e-01 5.763705646088550516e-01 -4.420636996494391874e-02 -2.684660687624461639e-01 2.372861324417007561e-02 -1.951120639266716861e-01 6.133941599858654115e-02 -3.807160738292601487e-01 3.102455194569509259e-02 -5.086712267054536996e-02 3.588865953015565879e-01 8.111911324788335653e-01 4.009716948235484413e-01 -3.909069525714441995e-01 4.101921492440149114e-02 -5.221319108224832251e-01 8.499369524127911579e-02 -7.213698040934304334e-01 -4.793366312791556144e-02 -6.123436908650642385e-01 3.871384342328924588e-01 3.308966748297700877e-01 -1.612359198975304650e-02 -7.027634595854898025e-03 -3.546079936165758006e-01 2.367946858940029042e-01 1.025322568536825296e-01 -9.147382329072008267e-02 -1.719902095057665170e-01 8.865136891493055615e-02 1.700883125742067292e-01 -2.178725718929359900e-01 3.234440231764899587e-01 -2.625532465745918087e-02
0.000000000000000000e+00 0.000000000000000000e+00 0.000000000000000000e+00 0.000000000000000000e+00 2.820441076916927609e-03 3.951359530287256588e-03 1.225276152289189475e-03 3.320729194054271478e-03 1.235008767010585800e-03 -7.993966550206438055e-04 5.633934455913591982e-04 6.655153149358098395e-03 -3.543003662437971962e-03 -9.310069835053861372e-04 3.058851077061889440e-03 2.116268244678796637e-02 1.438315206802746708e-02 -1.236667449176920806e-03 1.688412575707239505e-04 -1.845286588069115774e-02 -1.173195101427854624e-02 -9.031144906953490455e-04 3.646586029119755056e-03 -9.522355101893349586e-04 1.943532327180612015e-02 3.533998305056147010e-03 -5.588656226142458064e-03 -3.965068029594656998e-03 7.298299236593060310e-04 -5.022868136551240578e-03 5.795025301627487399e-04 1.454798662264671950e-02 4.500880689352075581e-02 3.968753420523813032e-03 -3.473962706792407297e-03 2.892213838126458676e-03 1.625460787988523143e-02 1.734873467550664041e-03 -1.877588045073610643e-02 -1.937096122262576712e-03 1.659160737751456949e-03 3.080059332945347256e-02 1.062751970720952205e-02 1.074377185353589913e-02 8.813646339641367788e-02 5.391079448504832675e-04 2.368375765740716662e-02 1.134674984545118621e-02 0.000000000000000000e+00 0.000000000000000000e+00 -1.610125642432329585e-01 -2.102431161117838954e-01 1.970974813808027970e-01 -1.378906674354506146e-01 3.722810925591334974e-01 3.230421280580426657e-01 -3.265883241954907756e-01 -1.212447578454302344e-01 8.751055754461069258e-02 -5.320992544900694787e-02 7.819848782186759051e-01 2.218334264401999045e-01 -1.345796738671330151e-01 3.326001706807047431e-01 2.497235891172308597e-01 2.070933989946018572e-01 -1.013930163115877114e+01 -4.583128339843827725e-01 2.054362237112599965e-01 3.190342092455919487e-01 -3.608401110087499503e-02 -2.667268557218184233e-01 1.553861813869607811e-01 -1.261722558787041482e-01 -2.236226425686490826e-01 1.287983689142225587e-02 3.315703403723174042e-02 1.179473753301891609e-01 4.183660752814611250e+00 -6.922675205173710322e-02 -9.148510956741728872e-01 1.618611437038334488e-01 5.186550483474060107e-03 8.183893474550845912e-03 1.555894187050433919e-01 1.841650653509751406e-02 -3.242017222097366980e-01 8.067740164654288448e-02 -2.925573874068207458e-02 5.518972122487235676e-01 -2.677995862357687162e-01 1.562019338882599806e-01 2.242607914692450188e-01 2.066648074656635137e-02 2.888404144950019181e-01 1.923448763466728273e-01 -4.367655791180545533e-02 -2.872859849372044749e-02 3.820695604165649240e-01 3.355325382347562613e-01 -1.838227009661439204e-01 -1.371231769463268080e-01 -4.496136919966643025e-02 -7.082974604134552321e-02 5.484576864029321736e-02 -2.225209107371509676e-01 -1.298534492100573024e-03 -7.041101527475012584e-04 7.283371448898713629e-02 4.009716948230551137e-01 6.643785244224102993e-01 -1.128616125283194993e-01 3.267306304564988606e-01 -1.825133642135534084e-01 9.157251168837551858e-02 -3.448345728913913000e-01 4.592064909043405141e-01 -2.579900914727059624e-01 2.982330921962197956e-01 2.222203311799582359e-01 -1.548334067634261554e-02 -2.119034324064204833e-03 -1.415667374197158712e-01 1.353344152331930061e-01 5.895203828474069319e-01 -7.853427701046783449e-02 3.012283760390727649e-01 7.840908077962287226e-02 -7.740698235713761033e-02 -1.503213799338272150e-01 6.556926600103880620e-01 -2.097886490502443718e-02
0.000000000000000000e+00 0.000000000000000000e+00 0.000000000000000000e+00 0.000000000000000000e+00 1.829414326251143199e-03 -1.891634260463235725e-02 3.656537408834802019e-03 -1.402652435130181084e-02 3.161923207035663430e-02 -1.624393492923176252e-02 -8.018019007340988422e-04 6.438039160857113655e-03 1.204726860880952176e-02 -1.464882994743317395e-02 1.166999528718827735e-02 -1.204794884686179179e-02 -3.270377437638027039e-03 -2.645009873399445464e-03 4.675235156603627443e-03 -6.333265069593677424e-04 1.068524323220766507e-03 -2.462328892475019407e-03 -1.669768610725294849e-03 7.164734319956119401e-04 3.301169771391819496e-02 -1.528651698222412494e-02 -6.493029343240992474e-06 6.363313374533581881e-03 2.467047282359571478e-03 -1.261730849353143689e-02 -1.169721949545230941e-03 9.193837511965435166e-04 4.464447285440265728e-02 -1.751536907845000282e-02 4.806832240643834318e-03 -1.318146505570757555e-02 -9.530425470118128808e-03 1.836474967504869455e-03 1.059208349643005025e-02 2.658714593439262530e-03 -2.452701261112151272e-04 9.184341156771811190e-03 -4.469407203786989781e-03 6.438331723036582258e-04 3.804671556690621126e-02 -1.708943986121803926e-02 -1.114570515718434594e-03 5.941516445887704348e-03 0.000000000000000000e+00 0.000000000000000000e+00 1.215328619398586690e-01 9.634488427763439333e-02 -7.073553189292917931e-02 1.331916097521893272e-01 -1.887530889497739672e-01 -1.539526694083218350e-01 2.010538965388171673e-01 6.642662607522022145e-02 -5.841249787628446932e-02 3.824220870182665211e-02 -2.998157718413025918e-01 -7.482975659277950331e-02 8.555931724195860177e-02 1.734144554809425864e-01 -1.610783078436346105e-01 -1.660263548448942528e-01 7.149238754470111701e+00 -3.783383752618058038e-02 -1.051240302295253365e-01 -1.924795395273816156e-01 6.173860163517658206e-02 2.042492095837253330e-01 -8.217345894692797137e-02 1.010416329085599696e-01 1.307625393345763776e-01 2.018375350995286754e-01 -2.055407465116441609e-02 -9.636572403300462664e-02 -2.726259414574419893e+00 -1.135426940798627549e-01 3.659467651249347919e-01 -6.099285709054549226e-02 -2.906110945662547344e-03 3.604380976647931709e-03 -5.687787041110521635e-02 4.244656414839587805e-02 2.464951010895614913e-01 -1.881731104554555667e-02 3.225119615453612282e-02 -3.537620800509674868e-01 2.353502136651735854e-01 -5.147390987116426397e-02 -1.414111022869175005e-01 2.593760510783114231e-02 -1.136361411983987796e-01 -7.682224009691102085e-02 8.184113767635952871e-03 -2.842397337788845485e-03 -1.868957977078046784e-01 -2.325016346390042232e-01 4.045555195855262548e-02 2.314561275142754115e-01 -2.543335193113362147e-02 1.325459487994468111e-01 -9.058684072343804738e-02 2.793741456752581453e-01 -2.198534184844330025e-02 1.575698814660969060e-01 -1.558411357973429612e-01 -3.909069525720233473e-01 -1.128616125288226524e-01 4.854770609162866180e-01 1.158647185521941569e-01 3.428446798887114233e-01 6.972787543074714101e-02 5.327833463603922626e-01 1.523960911562725618e-01 3.726357485162885563e-01 -1.130046305320113742e-01 -7.093971963809896086e-02 3.853347846177496584e-04 8.465251141005956936e-03 1.308361950837392540e-01 -3.001115783196139225e-02 9.368038103032511055e-02 2.939731197360236428e-02 1.470604637905336409e-01 -4.477334825610754937e-02 -1.839680865137961474e-01 1.058586248239329619e-01 -7.781339234444699382e-02 2.343027781912421659e-03
0.000000000000000000e+00 0.000000000000000000e+00 0.000000000000000000e+00 0.000000000000000000e+00 -8.885975929255293324e-03 6.346857677743235684e-03 -1.304457964311915748e-02 5.929290127011195219e-03 -7.373160210162894856e-02 3.622177330786730334e-03 -2.897950793121747363e-03 -2.696197452289918195e-04 -1.703964362103684710e-02 1.738170916824452765e-03 -2.975506009686992165e-02 -5.828504222635297327e-03 -6.129041796680435167e-03 3.913912504830440765e-04 1.931897314799815683e-03 7.663499536158855860e-03 8.853731893546450474e-03 -2.708000310335759598e-03 -2.227772211501083833e-04 -2.580385602053551254e-03 -9.014443329908193581e-02 1.205442116695723759e-03 3.263246805740989149e-03 3.509329343851722103e-03 -6.043310676742474213e-03 4.614416587287442292e-03 3.098566318871695188e-03 -2.320928875712320247e-03 -1.124258935529986458e-01 4.937920683643297511e-03 -4.589034623264244550e-03 1.222325214053956435e-03 -2.090606905500861853e-03 -2.390617736163933894e-03 1.395849080474625449e-03 8.429372059825072927e-04 1.667038290814388656e-03 7.832393252811155684e-03 -2.663952220409340332e-03 -2.183425558859993128e-03 -1.157159418373788912e-01 5.831708051024679824e-03 -7.740362591505288090e-03 -5.956720699465008900e-03 0.000000000000000000e+00 0.000000000000000000e+00 -1.690669881153249871e-02 -6.074727373094285926e-02 3.592820543137646705e-02 1.709071432060601040e-02 5.535607069112991746e-02 9.551928416389653120e-02 3.273359637630243735e-03 -1.984066329711903220e-02 1.087125361973579826e-02 -2.778557621846193537e-03 2.099694447823612087e-01 7.665156571512926620e-02 -1.908127219924957846e-02 2.151627247517700348e-01 6.571999086093770204e-02 5.926022501312164237e-02 -1.203250624977657113e+00 -2.249628296102474945e-01 3.143846978102225742e-02 8.923237389611336778e-02 1.327634485795808547e-02 -4.076637569741645151e-02 9.847192092464280427e-03 -6.382693844382202226e-03 -3.383939135083765398e-02 9.451673263835938532e-02 6.941732448814407451e-03 3.429263646611363514e-02 5.097323612950908078e-01 -7.732093655291276402e-02 -2.209133222963534093e-01 6.067933134534499867e-02 -4.705390096832482404e-03 3.196404353545131884e-03 4.179233816314101985e-02 -2.283645851703456145e-02 -1.335085581454527326e-02 8.724362067113486385e-02 1.302132549225772963e-02 1.673594880147754316e-01 -3.932006161541024003e-02 1.374817522990863239e-01 7.130176087342604552e-02 1.226264410262562499e-01 6.438583265564906677e-02 7.093721435846891965e-02 -1.051441645158719858e-02 6.790229883048984338e-02 -2.771043490258333006e-03 6.353790830163420777e-02 -1.558845863033647694e-01 3.965994526872137355e-02 -1.299652047367335361e-01 1.273942735691240002e-02 -5.064560366456398455e-02 6.988246184566140884e-02 -2.744312267358172200e-02 -1.558863918213063311e-02 -1.710909283321716545e-01 4.101921492352762766e-02 3.267306304560346208e-01 1.158647185525513157e-01 4.716215823158334541e-01 8.206114052631711953e-02 1.594781442743765654e-01 1.220179025017152363e-01 6.163968223726917772e-01 3.828256948969027684e-02 6.186500423394170750e-02 8.120896671057679927e-02 5.863464102215935024e-03 -2.216294133533334293e-03 5.000274520082445551e-02 1.045381609350232721e-01 4.200922143100177530e-01 -3.156874684338306647e-02 4.144737184684664233e-01 -3.167916380529341852e-02 -1.975136140315190969e-01 -8.165878139367435673e-03 4.062547589075341525e-01 -2.838096653409157011e-02
0.000000000000000000e+00 0.000000000000000000e+00 0.000000000000000000e+00 0.000000000000000000e+00 -2.833890936985628342e-03 -1.303784772791517083e-02 -5.611007875378415041e-04 -9.827804864455939871e-03 1.667862588080865419e-02 -7.146065209114040376e-03 -3.740125433871966960e-03 -3.254992923329653575e-03 1.008717453629806582e-02 -7.865074140312598022e-03 2.028132137869201063e-03 -2.500525973514000633e-02 -1.517249755751053086e-02 1.661995063188413582e-04 2.693660266096996932e-03 1.524065161982692679e-02 1.199757436750969151e-02 -3.316143654923383449e-03 -3.627420438812590554e-03 -1.187537393035565259e-03 -1.238902239666431378e-02 -1.092456493986513136e-02 4.522027187319367994e-03 6.969652881307230978e-03 2.489681853065033208e-03 -1.504849074851449201e-03 4.341784354394789130e-03 -1.329397361419473733e-02 -3.131738582163511725e-02 -1.055209456352937045e-02 3.041734641810485331e-03 -9.908301088668103676e-03 -9.197898805698928940e-03 -6.400290983320592588e-04 1.250836910066106464e-02 2.982757784777453468e-03 -1.877215935500389831e-03 -5.945542996748195974e-02 -7.455932442386836549e-03 -5.337306563364968386e-03 -6.726330681982713167e-02 -7.463182270973881850e-03 -2.017716289212805048e-02 -8.405696363828698767e-03 0.000000000000000000e+00 0.000000000000000000e+00 1.474165803621641513e-01 1.429259484042110784e-01 -1.552864342162786626e-01 1.424563444618404395e-01 -3.163329403233826609e-01 -2.749172607990938433e-01 3.337320739022999194e-01 1.314014990945089056e-01 -9.309730729944952488e-02 5.794014984641748800e-02 -5.289500698283141622e-01 -1.473553099434911917e-01 1.253177855107852068e-01 6.716316868205821078e-02 -1.811061722343646485e-01 -1.889691162467823649e-01 9.860006893165721209e+00 5.384460498246840254e-02 -1.739129324094775553e-01 -2.338466716300010018e-01 5.813677302054499202e-02 2.184728772166327493e-01 -1.091451938923907045e-01 1.067207711366354034e-01 1.892895568208330104e-01 1.472684912660448542e-01 -2.512931241956953970e-02 -1.099408671884853916e-01 -3.683523204995596600e+00 -8.286842684660351843e-02 6.462184871885419124e-01 -1.120150515571813193e-01 -8.848861560092608977e-03 -3.437655789318751817e-03 -1.005485547705853716e-01 -3.306475806410827389e-02 2.882620000972782037e-01 -2.116273146846825784e-02 1.113364238555697959e-02 -3.677344718187165462e-01 1.969962852477605830e-01 -4.457391836429579896e-02 -1.187738119221132260e-01 5.125087113729687865e-02 -2.072300916293119133e-01 -1.356377572946675658e-01 3.001239744795726819e-02 5.644357683101840911e-02 -3.359190409761154128e-01 -3.289292303826534813e-01 2.186676269765453970e-02 2.036461197136772705e-01 -3.418060864294520523e-02 1.610710915925784581e-01 -3.599572061048299937e-02 2.955427387233099945e-01 -3.801408502976710846e-02 9.205430441124692886e-02 -2.558774424425165339e-01 -5.221319108225787042e-01 -1.825133642138128953e-01 3.428446798884501323e-01 8.206114052602309084e-02 4.469358329214727643e-01 -5.359564253301372927e-02 5.998202049545769965e-01 1.956412249957590610e-01 4.846051269052367716e-01 -2.146646869462663643e-01 -1.433220424537809956e-01 1.304123865180728710e-02 3.989265974765778162e-03 2.176174080357803631e-01 -8.127408299346390586e-02 2.821532146268344518e-02 5.464212908571589034e-02 2.100988060637305199e-01 -4.968979990301874289e-02 -1.790804741290507318e-01 1.703418649346101765e-01 -1.292925374454916287e-01 1.300433587594722849e-02
0.000000000000000000e+00 0.000000000000000000e+00 0.000000000000000000e+00 0.000000000000000000e+00 1.654448323384962458e-03 -6.392239903334878334e-03 -1.277214333467321071e-03 -3.496489729781322373e-03 -1.847587252015145398e-02 -8.997624537302540207e-03 5.486580507589159522e-03 8.701631030543964529e-03 -6.275991713775568026e-03 -7.153512709023184674e-03 -1.011329844197043481e-03 8.965992540697562130e-03 9.588247150456169487e-03 -3.066306977780535337e-03 2.423700200475889348e-03 -1.199133021132056665e-02 -6.579657438555018729e-03 9.872463120366159472e-04 1.449707130800269219e-03 3.453348310802557592e-04 7.775454102847237023e-03 -6.113535140298826179e-03 -9.197604986924194344e-04 9.069162561744636020e-04 -2.986257146053979648e-03 -1.137029542010455432e-02 -7.382816523099387102e-03 1.285473584135020560e-02 1.192284230603375510e-02 -9.083552651582817161e-03 -3.501955321335668316e-03 -8.237345842211592217e-03 1.234184723601616449e-02 1.608446722120863027e-03 -1.292431751893789033e-02 7.919573876766347522e-04 2.294324374089164089e-03 1.097278096310364548e-01 5.673734095623087295e-03 8.176153655819612398e-03 2.071427691865436460e-02 -1.005079071785437532e-02 4.313293200462867821e-03 9.750502492181827713e-03 0.000000000000000000e+00 0.000000000000000000e+00 8.308045656838803847e-03 -1.305691987060593751e-01 5.822600190833135403e-02 1.861763771553096372e-02 1.024118910670203386e-01 8.492323325085485153e-02 -1.513152061049298780e-01 -4.669998968735273454e-02 4.740034880251452892e-02 -2.455098814416080757e-03 1.066257001142740662e-01 4.292609157033862310e-02 -1.827942147353733143e-02 -9.159396561024985006e-02 -4.811124495866150874e-02 1.027477930839849375e-02 -9.908035748847154878e-01 1.194426605966214250e-01 5.445094501535977655e-02 4.654568588181553362e-03 -9.829372471042555071e-03 3.651643605184578395e-02 9.028237091320702457e-03 5.164007937437354277e-04 -2.034127991319062065e-02 -1.898696457224777201e-03 -8.769876675914766231e-03 3.251909167348856870e-03 1.988617662695152388e-01 3.689100339367236414e-02 -1.296639954180831555e-01 2.804834250818495633e-02 7.377779323443306100e-03 7.263526719471333389e-03 3.017058882717790075e-02 2.318930860514014508e-02 5.774476409478725147e-02 4.051948360224003065e-02 4.599899339436892831e-02 1.841687126663392113e-02 5.162660467730083996e-02 1.232095277286330767e-02 -3.861312740356275842e-03 3.033744390494805265e-02 4.582275563980781757e-02 3.877472351922705424e-02 2.432976425491542929e-03 -3.534085249990472771e-02 4.276454720688222660e-02 3.592356363565086391e-02 -3.577962118946764747e-02 4.648827445294846650e-02 -5.566300844233489781e-02 -8.824143952299393426e-03 -1.190982291120263881e-01 6.453902053046806087e-02 -9.392244596792616307e-03 6.385754132420820572e-02 9.820774197577425771e-03 8.499369524095007344e-02 9.157251168827464094e-02 6.972787543100032737e-02 1.594781442744349353e-01 -5.359564253300849734e-02 3.238956890049721205e-01 1.349151202854368022e-02 9.415037041300451659e-02 -4.774071706139361437e-02 5.369424512926710552e-02 3.380624961215910468e-02 -1.874289293169162894e-03 7.179105726320891313e-03 -3.990779780368150509e-02 1.656929965189885348e-02 6.285480306355076263e-03 9.894197837925635536e-03 -4.546338823984339556e-03 3.543739122662876995e-03 8.327881333889557147e-03 -8.509351653233447610e-02 5.313301648896942564e-02 1.998224457828333758e-02
0.000000000000000000e+00 0.000000000000000000e+00 0.000000000000000000e+00 0.000000000000000000e+00 1.330895995551980605e-03 -1.774948481604508160e-02 3.515898256348409887e-03 -1.241614566196580505e-02 4.392019139562586272e-02 -1.205021175967964028e-02 -3.444487504051614232e-04 3.047187636918009031e-03 1.720779734549895273e-02 -1.141779810623673105e-02 1.178799928276705149e-02 -2.014380992653068067e-02 -1.111256487910459306e-02 -2.198102974766090283e-03 7.420897143347541386e-03 1.024707729978964130e-02 9.830485617361177722e-03 -5.012145408202811799e-03 -3.541948127734739077e-03 -5.960887211693481321e-04 2.122060882176451252e-02 -1.496912382813179662e-02 5.051510460832096816e-03 1.072090422223200348e-02 4.852582640938553349e-03 -6.949566003153166867e-03 1.349819809436764943e-03 -5.942224393472439817e-03 6.139943652276573169e-03 -1.697754885602542618e-02 1.797068468199297664e-03 -1.385473232037180355e-02 4.671028289997932598e-03 -9.258728723764407271e-04 -8.786344872346932289e-04 4.403454334653699072e-03 -2.478670574753595503e-03 1.152858429811904478e-03 -5.201119175765756691e-04 1.658369701933153778e-03 -3.576623352065923939e-02 -1.361400191414882319e-02 -2.302759365827318147e-02 -2.071751700404702266e-03 0.000000000000000000e+00 0.000000000000000000e+00 2.373656551820499949e-01 2.216026112249411539e-01 -2.034680495166511227e-01 2.386137411579122292e-01 -4.384618418878205581e-01 -3.849415390691237615e-01 4.225706265094000269e-01 1.686490518891488877e-01 -1.245286657409825221e-01 9.458626556911463312e-02 -7.804796190465033146e-01 -2.190344467947707152e-01 1.866350906153565747e-01 2.864677294755396675e-03 -2.930130736206738029e-01 -2.905550497991318259e-01 1.477116238486932787e+01 2.026402258952377800e-01 -2.408954983294636643e-01 -3.685891539608932566e-01 9.253614812468403950e-02 3.673923707420608809e-01 -1.765919212214434320e-01 1.680900430870492790e-01 2.892338262434619445e-01 2.080893610090546464e-01 -3.829301133097121057e-02 -1.647795742435513855e-01 -5.697235346981953441e+00 -9.252879189844594177e-02 9.554135908653995646e-01 -1.692343072112717783e-01 -5.856251870551625396e-03 1.405561205825989115e-03 -1.539369719579695983e-01 -5.024178066921945740e-02 4.829484853715410031e-01 -1.014763680136762138e-02 7.265277251327692531e-02 -5.492071992017105719e-01 4.178696127247968906e-01 -2.655873722463943445e-02 -2.207482922436168615e-01 1.238425031324782155e-01 -2.991161292697981366e-01 -1.942319235184988557e-01 5.223674982497442110e-02 8.872962048426652482e-02 -4.953038417737239962e-01 -4.783165592928894649e-01 5.267518293759633485e-02 3.315487427670204545e-01 -7.273427555388066457e-02 2.164036535372799719e-01 -1.166476452826949173e-01 5.325532650510187427e-01 -5.285928644452225766e-02 1.691907056907878959e-01 -3.462276220649802561e-01 -7.213698040937637224e-01 -3.448345728914072317e-01 5.327833463602695829e-01 1.220179025019154928e-01 5.998202049544221204e-01 1.349151202901492999e-02 9.884620873169440713e-01 2.003919868712331354e-01 6.684336854206700540e-01 -3.065462542994087936e-01 -2.083806088907806942e-01 1.552931804305933937e-02 1.226513550554295985e-02 3.082896717310473211e-01 -7.217695704561521985e-02 -1.649837684579837788e-02 4.407547479164756338e-02 2.810144665139362452e-01 -1.252310336232407006e-01 -3.118679884645139122e-01 2.288801674760450322e-01 -2.306855676658149668e-01 -2.225332452689911950e-02
0.000000000000000000e+00 0.000000000000000000e+00 0.000000000000000000e+00 0.000000000000000000e+00 -1.287135642235189351e-02 1.385325635603896523e-02 -1.957611279391384060e-02 1.221339492368559571e-02 -9.824976803011822857e-02 9.550892823457517514e-03 -6.737665458867316860e-03 -1.295772219287362080e-03 -2.158167254856828421e-02 6.198923940618192123e-03 -4.519490140193582750e-02 -6.197826531399880726e-03 -1.218503479072093228e-02 -9.091208612871452517e-04 6.277900432013083613e-03 1.162800668852812837e-02 1.408857009267649139e-02 -8.240219036142882106e-03 3.359215914968453030e-04 -7.042326107858359191e-03 -1.352741995740776304e-01 4.797729155846875045e-03 4.682567531030055324e-03 7.428367625030715508e-03 -6.865778999793989250e-03 1.237775562277917962e-02 9.031437731614052125e-03 -7.131770974203385446e-03 -1.740329004187511353e-01 1.009578632996798592e-02 -7.467424390907971207e-03 5.945767529668266084e-03 2.705917156400829311e-03 -3.267474212563721211e-03 -3.539428488298720313e-03 2.648287099861356200e-03 1.857146019323114130e-03 -2.587202213794474043e-02 -3.479076604530825789e-04 -6.875628424502519889e-05 -1.914402111015726105e-01 1.262191997195137756e-02 -1.680447620260100070e-02 -1.023836516186461820e-02 0.000000000000000000e+00 0.000000000000000000e+00 -2.742613182184156645e-02 -3.260020577987286089e-02 -8.259314183810560761e-03 1.485198774922028182e-02 -5.189774751905351646e-03 4.773560363386506605e-02 9.119225733435099013e-02 3.464819066547339746e-03 -8.437299853178882245e-03 7.826800317382514444e-03 1.288093487019941752e-01 6.751338218320647455e-02 -2.322052832077763258e-03 3.355027370202013914e-01 1.618541783356106378e-01 7.191454032044557187e-02 -2.655061810674900213e-01 -3.829610980266697773e-01 -1.140154005374655055e-02 1.092461592535983184e-01 2.875206515264242327e-02 -8.055815839221638908e-02 1.120449130222868350e-02 -1.989409489060604483e-02 -1.881073284319180819e-02 1.078891564860516988e-01 3.955107465863563071e-02 4.241827065123453255e-02 4.074202799769002237e-01 -1.230411793712733459e-01 -1.397036961873169836e-01 5.038878174067827620e-02 -1.036886116935681335e-02 3.810064557242141478e-03 2.632149006903198446e-02 -6.614487535081031711e-02 -2.176853031055567961e-02 1.082917294223503107e-01 -5.745771312178703238e-03 2.389325244157541328e-01 -5.483716587369510259e-02 1.801665805475687887e-01 9.453592745030134359e-02 1.931108486313516115e-01 2.443712021360644471e-02 5.041893778290704176e-02 -8.282812869307858844e-03 1.194319650798736920e-01 -8.536044936129158489e-02 2.583268053987598442e-02 -2.190145723874196981e-01 4.346238352837317187e-02 -1.649247388829703509e-01 5.586011927811189437e-02 -1.804867769877439854e-02 7.969223948654345635e-02 -6.051997369049809394e-02 -1.143571656673568193e-01 -3.327785275147179256e-01 -4.793366312898456744e-02 4.592064909040354803e-01 1.523960911569421928e-01 6.163968223732879670e-01 1.956412249962109218e-01 9.415037041337417922e-02 2.003919868714772179e-01 1.039783860918364056e+00 1.299769903388774128e-01 2.532980830692473095e-02 6.173968995687978412e-02 1.166809623699347452e-02 -8.058419698455440011e-04 1.442898385690167817e-01 1.252925406129556107e-01 6.762258988192098030e-01 -5.154524788887220738e-02 6.650036808818018397e-01 -4.910033557944685351e-02 -3.349327486156691291e-01 1.816012504908556119e-02 6.118015250702676378e-01 -5.270558730904457284e-02
0.000000000000000000e+00 0.000000000000000000e+00 0.000000000000000000e+00 0.000000000000000000e+00 -3.377753990103802596e-03 -1.662160471890177307e-02 -7.637412067672446746e-04 -1.364468646508845522e-02 2.070915775235267903e-02 -9.298882038534957845e-03 -4.351107329357833432e-03 -4.341936811587253364e-03 1.204248087192563363e-02 -1.015504585627637069e-02 3.082423220223682540e-03 -3.148445824966508710e-02 -1.862852496498138694e-02 1.245995807343849068e-03 2.822141208882413335e-03 1.894796101563579749e-02 1.439638378503494721e-02 -3.544782762549025888e-03 -4.611707442320838422e-03 -1.556990896779561701e-05 -1.291959062431223548e-02 -1.381872373867199660e-02 5.337141196397062783e-03 8.192757753679584184e-03 2.900085132119144780e-03 -2.687854441408382006e-03 5.037157642892862650e-03 -1.587693295278430616e-02 -3.565061805486496177e-02 -1.415169930885068136e-02 4.327332806455976358e-03 -1.295744020440706135e-02 -1.211283219635183976e-02 1.554797313537002908e-04 1.678542668021763828e-02 3.971330356942063926e-03 -2.057936078690282382e-03 -6.852986872420901987e-02 -1.018720741004127198e-02 -6.693103442415724441e-03 -8.326718921818779262e-02 -1.015712641737713529e-02 -2.543365715418541284e-02 -1.026050259609577985e-02 0.000000000000000000e+00 0.000000000000000000e+00 1.822540569465728455e-01 1.720520773965937555e-01 -1.938835295527465419e-01 1.752718048699398734e-01 -3.919682286338374011e-01 -3.412695310845922925e-01 4.065843128291286579e-01 1.567287891969127711e-01 -1.110545005350158376e-01 7.169657311988780757e-02 -6.806366610907648163e-01 -1.903286781372400260e-01 1.566049429676730220e-01 4.847199447428870989e-02 -2.435686036949806510e-01 -2.522529671734443646e-01 1.230103695598056923e+01 1.204877592034463568e-01 -2.145331066803144171e-01 -3.018309020248780006e-01 6.670801245313677519e-02 2.861089789244319892e-01 -1.386628563038619921e-01 1.302501861527838312e-01 2.376910391052411697e-01 1.789884715215623867e-01 -3.394967740905995707e-02 -1.460270596866346804e-01 -4.603865787596465253e+00 -8.891718236988260804e-02 8.259631578010884212e-01 -1.429527610149191053e-01 -1.023231374616209548e-02 -4.724392034437125028e-03 -1.325374675331338625e-01 -3.930710957979159648e-02 3.513796271033509666e-01 -2.893530336603702957e-02 1.140745694238425902e-02 -4.807853501863144086e-01 2.606018713014069399e-01 -7.250504801262153132e-02 -1.528417336473915644e-01 4.676000702650021795e-02 -2.665553677323543313e-01 -1.729260441597843534e-01 3.894488080738175290e-02 6.039594931463844463e-02 -4.179234621836036001e-01 -3.991144207532338894e-01 3.401994179943956809e-02 2.344651364832726903e-01 -2.410102452664181910e-02 1.775284665699113362e-01 -5.135564785818232114e-02 3.355028627285656095e-01 -4.810822876402068987e-02 1.183373439793833637e-01 -2.863408671526630478e-01 -6.123436908651930244e-01 -2.579900914732727868e-01 3.726357485158647842e-01 3.828256948897135886e-02 4.846051269051661059e-01 -4.774071706156658018e-02 6.684336854206168743e-01 1.299769903378750757e-01 5.640997732737396131e-01 -2.709544092529824755e-01 -1.867665785840804116e-01 1.611877743127992577e-02 5.507780215405773394e-03 2.642542101887285777e-01 -1.127847314508713811e-01 -6.013785446807359131e-03 6.981874690530183447e-02 1.974100970672133526e-01 -6.423091650162877919e-02 -1.803149357339539627e-01 1.913073547674022379e-01 -2.095391008770922936e-01 2.099192169491455318e-02
0.000000000000000000e+00 0.000000000000000000e+00 0.000000000000000000e+00 0.000000000000000000e+00 8.167975957799611386e-03 1.068318368778966437e-02 5.770550171948989927e-03 9.601015389199741082e-03 3.060029479721928115e-03 3.175159025991092406e-03 7.201973890873137815e-03 9.718883202335741253e-03 -7.362850815578132584e-03 4.680295728441427085e-03 1.105021987666662993e-02 3.913416992260029814e-02 2.716964860056899148e-02 -2.839358488154333955e-03 -3.674556237295122617e-03 -2.878713917824730212e-02 -2.123611156555268997e-02 3.718412026034295312e-03 4.716268981918198683e-03 6.656304878744915198e-04 4.981426921018200504e-02 1.049521392036112562e-02 -6.978959860701764925e-03 -9.157686586344006285e-03 -9.684037056891339236e-04 -4.722586555299378500e-03 -8.491790266373219417e-03 2.421211050171986207e-02 8.845023602990895184e-02 9.631151193629639354e-03 -4.589313971811978358e-03 1.035362558041001864e-02 2.308036555267148349e-02 -6.179747095937655581e-04 -2.446647145103783560e-02 -3.940847483978757171e-03 1.140578497318330345e-03 8.482385153687348189e-02 1.719184384559598391e-02 1.700774843340762885e-02 1.530405938223230455e-01 4.160085527924342261e-03 3.387953009509851732e-02 1.688147740538932517e-02 0.000000000000000000e+00 0.000000000000000000e+00 -9.676822378737447161e-02 -1.564261600830765542e-01 2.415707262151560730e-01 -1.300825577469059691e-01 4.402343741019460466e-01 2.826242704033287145e-01 -4.425126703003329776e-01 -1.042717843106203551e-01 8.298422891031939641e-02 -6.131143176905742148e-02 8.721289352796979255e-01 1.910353633153117903e-01 -1.325846952691281666e-01 1.076067082785531204e-01 1.497766950114728934e-01 1.447696010515226450e-01 -9.166460173883592688e+00 -1.834063593831201378e-01 2.517047738166312554e-01 2.486788031875727945e-01 -3.255199215452849598e-02 -2.051147329373722294e-01 1.329394241793565856e-01 -1.031939546909010491e-01 -2.129171099051877236e-01 -5.332259239121934363e-02 1.372149224198142455e-02 7.316920064459812856e-02 3.502093734189931862e+00 3.461560778719371956e-02 -1.018537156422688383e+00 1.244057048769904167e-01 1.500034017974458990e-02 9.961609869115494592e-03 1.784049244519010924e-01 7.928793598457767322e-02 -2.400073663109604516e-01 -1.293371877053771726e-02 1.509649385623786783e-02 3.525780251438532797e-01 -1.778313636446801072e-01 3.173098675513327804e-02 1.383739049721646464e-01 -9.342379808508780026e-02 3.413250217474071979e-01 1.561942295789760515e-01 -3.902527190154536640e-02 -1.149486861503172253e-01 5.269670568716731118e-01 2.960551273799619243e-01 -1.127915754814900681e-02 -1.195116307122896793e-01 2.653305439603548602e-02 -7.469080141675424334e-02 4.233628227316270365e-02 -1.873523518815633782e-01 1.164994450272872038e-02 4.674930763629301517e-02 3.008724417908116844e-01 3.871384342331606332e-01 2.982330921967196735e-01 -1.130046305317651267e-01 6.186500423475596588e-02 -2.146646869464968188e-01 5.369424512978886177e-02 -3.065462542993024342e-01 2.532980830781150772e-02 -2.709544092531770976e-01 3.564296430755701794e-01 1.986291432474392993e-01 -2.082800618337311838e-02 -3.313402481351977388e-03 -2.868537835904469424e-01 1.223333586078357155e-01 1.706033509236276891e-01 -7.105076395959382396e-02 -5.024567852708802795e-02 5.811306829935464213e-02 3.463887466644659241e-02 -1.348843617244054327e-01 2.709028998253700804e-01 -1.920548132198313454e-02
0.000000000000000000e+00 0.000000000000000000e+00 0.000000000000000000e+00 0.000000000000000000e+00 -3.289807923253554832e-03 7.131145969444713066e-03 -4.904028406293182638e-03 4.873204796171407352e-03 -3.551349523141254794e-02 3.790014414602531963e-03 -6.859616009941280675e-04 1.413450002345380957e-03 -1.124180172299792807e-02 1.698642706062473886e-03 -8.796660118391953775e-03 7.492201019085095899e-03 4.814636062504636625e-03 1.026877056748279294e-03 -2.925377141405406320e-03 -3.500691813869096468e-03 -2.048364436614382236e-03 2.442473688560111724e-06 -8.026560052841336525e-05 -5.756070812001960963e-04 -3.540462505953986122e-02 4.927532452678584814e-03 -3.100255959622982968e-04 -2.786571987985539574e-03 -2.820684163916817137e-03 1.173004610773051770e-03 1.270230548839573845e-03 6.575171962902712740e-03 -3.042476718430827190e-02 8.669246648282415840e-03 -2.739541060937195679e-03 5.366278635449602159e-03 4.212506370788743001e-03 -1.164158950355900952e-03 -3.312623450785069645e-03 -1.739364117337622445e-03 1.952079161275442013e-03 2.042548691991269774e-03 1.840114857687970892e-03 1.408348901331965899e-03 -2.734455749729490515e-03 6.733465581136578205e-03 1.003973707596952925e-02 -2.654724545910779380e-04 0.000000000000000000e+00 0.000000000000000000e+00 -8.396992639450985563e-02 -6.375838625575661056e-02 1.419548359969643736e-01 -5.448485516706232101e-02 2.466413521878322301e-01 2.648960929730219127e-01 -2.191602964564381695e-01 -7.491816930223503535e-02 5.030871777373315673e-02 -4.301710939166122211e-02 5.349667895981021770e-01 1.906554415976611794e-01 -8.825237184801204560e-02 1.804296040644548516e-01 1.186958518795120793e-01 1.057955181775731834e-01 -6.437870174863808082e+00 -1.714978786235359653e-01 1.409440352970013077e-01 2.231402785177179493e-01 -2.479057714307476498e-02 -1.301533378004770813e-01 9.042571312599252675e-02 -5.078911201835160233e-02 -1.345992020819384571e-01 4.178723243671034204e-02 1.450432606631008384e-02 5.727614271952150699e-02 2.343205353265463309e+00 6.064817249196134338e-03 -6.170683113715982326e-01 1.471682038636004941e-01 1.490687061990282137e-03 5.696094416862645601e-03 1.042898603054497192e-01 1.365224917480724331e-01 -1.683375949677202998e-01 -1.944818637765306779e-02 -3.766674946177357621e-03 2.111443729196342545e-01 -1.151668483487862799e-01 1.416841973634831546e-02 8.975688609140962393e-02 -5.821677883532643677e-02 2.068854019922919119e-01 1.783934193267850132e-01 -2.991614904454009335e-02 -6.312102991673339270e-02 2.980672115134858080e-01 2.711036278748268913e-01 -1.984362806840648044e-02 -8.208965879707882940e-02 8.289296791944655504e-03 -5.491355291025777630e-02 2.857350848499652998e-02 -1.283005636132702465e-01 7.154676127262792756e-03 2.967911221523860180e-02 1.530504609800162896e-01 3.308966748297010319e-01 2.222203311798343628e-01 -7.093971963797922331e-02 8.120896671057423188e-02 -1.433220424537426652e-01 3.380624961212359836e-02 -2.083806088906375864e-01 6.173968995679581656e-02 -1.867665785839698889e-01 1.986291432473585861e-01 2.004624667502297453e-01 -5.674326208645651473e-03 -7.014421101981164683e-03 -1.690442728121222538e-01 1.470443784216658167e-01 9.905730180138246077e-02 -3.766898043521263451e-02 -3.030145531797213271e-02 4.507465445707723589e-02 3.634148755086467897e-02 -6.359807537501691033e-02 1.742217012586537161e-01 -6.978962455229676884e-03
0.000000000000000000e+00 0.000000000000000000e+00 0.000000000000000000e+00 0.000000000000000000e+00 -5.024924431961014758e-03 8.663325989835624422e-03 -6.193598739075894047e-03 6.253139390980101166e-03 -3.830552733867194359e-02 8.715773563366004464e-03 4.743138663730168091e-04 -4.624793182444455683e-03 -8.831394588872741591e-03 7.329925180778618793e-03 -1.397233071694273417e-02 -9.473459274573676342e-03 -8.952196483926094447e-03 2.025409763079711115e-03 -2.000573110046083205e-03 1.525783007950032993e-02 1.081603891537973559e-02 3.894307164595609667e-04 -2.648179271323987654e-03 1.353105438074804143e-03 -5.715754869132204374e-02 5.263110720371672567e-03 5.886623533169590625e-03 1.781384246300040698e-03 -4.447745756051449222e-03 9.610256121236631158e-03 -1.555044259477251101e-03 -7.684909964819641032e-03 -8.419798051080291945e-02 7.980595272519926814e-03 1.443693238804303551e-04 5.063681597352532454e-03 -8.130422031860325138e-03 -2.468482348624010010e-03 1.179613897560045574e-02 -2.821928501836856707e-04 5.663365105151149572e-04 -2.248988028796281707e-02 -8.772810537798861677e-03 -1.066446475082149896e-02 -1.055811838100475242e-01 1.006964224583309017e-02 -1.791375672265822436e-02 -1.175931346404418716e-02 0.000000000000000000e+00 0.000000000000000000e+00 4.684092429933280760e-03 7.284947525969001809e-03 -8.610802883793370818e-03 6.357665875520591980e-03 -2.233277045144496306e-02 -1.615394040634678466e-02 2.684689991609034987e-02 1.393779556266810764e-02 -6.749936170793435601e-03 -7.324566189717621190e-04 -3.372670052511225758e-02 -6.877623064928239244e-03 6.978345132855770169e-03 -7.058449822287667270e-03 -4.672691337792959920e-04 -4.801685482768603720e-03 4.955123325515077282e-01 1.518809345251138747e-02 -1.286593746418001651e-02 -6.602052972279095523e-03 5.839270295605598730e-03 1.225890008983070156e-02 -1.254358498666588786e-02 6.034654041051639058e-03 1.127517565566662182e-02 2.377094916018119598e-03 9.896245991976391349e-04 -4.306278888782969286e-03 -2.075930498416904413e-01 4.780502360815574309e-03 4.279199790492949768e-02 -3.073764442394819659e-03 -1.998368999723862220e-03 -2.679597760353299128e-03 -6.310685943314262546e-03 6.125682517052710024e-03 1.970535577089279136e-02 -6.170904573404791156e-03 -2.344037392657442355e-03 -3.203015991965155185e-02 8.301589153623809697e-03 -8.520259881735901819e-03 -1.282025955085485183e-02 -1.330069784940897349e-03 -1.453999066662086878e-02 -3.609767400241730220e-03 3.258078546130373319e-03 7.951591314687901646e-03 -2.524263349824198630e-02 -1.279452043594191124e-02 -1.029477935934292087e-03 6.584172186034771904e-03 -3.611919339346254115e-03 4.625196007141096563e-03 -3.435672273145330431e-03 1.082123073892939449e-02 -2.451062570774913824e-03 -3.137885713397572766e-03 -1.665476116139582782e-02 -1.612359198976940841e-02 -1.548334067647565149e-02 3.853347845833498750e-04 5.863464102074411079e-03 1.304123865182406881e-02 -1.874289293237298495e-03 1.552931804309287504e-02 1.166809623679590860e-02 1.611877743128647261e-02 -2.082800618336183573e-02 -5.674326208663977959e-03 1.298473553069139086e-02 -2.651473657477166571e-03 8.375105913376323236e-03 -2.960105923277034888e-03 -2.811376089810785697e-02 7.436580516125215409e-03 -5.720714719790293348e-03 -3.267989862085146982e-03 1.060166932129075939e-03 1.722766238247850842e-02 -3.056087705540614860e-02 3.642308701967388214e-03
0.000000000000000000e+00 0.000000000000000000e+00 0.000000000000000000e+00 0.000000000000000000e+00 6.229933833590611467e-03 -5.833404765924054582e-03 7.693570017540290670e-03 -3.041617972244239042e-03 4.105087358899655453e-02 -6.986729450096713055e-03 3.540727640392883711e-03 8.641401178165402513e-03 1.056086439224277265e-02 -4.400314851838798939e-03 1.752882784658736301e-02 9.688010880026675167e-03 6.036544590658945823e-03 -2.978755446518601639e-03 3.480092656435616535e-03 -1.093395405346437796e-02 -7.484077302775096231e-03 -1.801895974296798810e-03 5.906230443583570210e-04 1.227028559443088442e-03 5.684180429682585134e-02 -4.312070953705348514e-03 -2.068628915804113406e-03 3.240473612922441758e-03 3.763434133470715780e-03 -6.368429359768777373e-03 -2.851129970005936241e-03 7.868650182961468495e-03 7.250801057557726415e-02 -9.000324938877214340e-03 8.815630679399524133e-04 -3.505010675406931581e-03 7.907732059644796696e-03 2.069210077264828362e-03 -9.110627166288904136e-03 1.161164865204035489e-03 5.293113591964265915e-05 4.305184400774490772e-02 6.397078487238562483e-03 5.910344434196753739e-03 7.041412307619741850e-02 -9.331944943097074396e-03 3.547949057667439728e-03 1.226481770315686858e-02 0.000000000000000000e+00 0.000000000000000000e+00 1.116482264597124657e-02 3.396500162541071961e-03 -1.953249939945105908e-03 1.591516968317926994e-02 -9.532004752174352488e-04 -9.611682651999149630e-04 -1.685122298491655360e-02 -3.696444456291329058e-03 -4.063199982286473493e-04 1.897851968795063148e-03 -1.830033815447307949e-02 -2.320071616664890098e-03 2.687020568033946302e-03 8.977380847244899320e-03 -6.403850142612963099e-03 -4.989166229570122200e-03 2.001591290793640066e-01 -7.145778102888417603e-03 -2.202956124863100600e-03 -5.232584212309500903e-03 -6.145788464335419192e-04 4.020022587757843963e-03 3.927122543473357584e-04 1.539939355329778556e-03 3.750076540994756995e-03 1.098733868168803342e-02 -5.502219539625766197e-04 -2.437167930238588916e-03 -5.952425488654317781e-02 -1.101735514889090259e-02 2.020656816937543149e-02 -4.184275677534719622e-03 3.813899657652956767e-03 4.684689024583786089e-03 -4.743353842077282535e-03 -7.080019341415620497e-03 1.378953978161885077e-03 7.193605032016931258e-03 6.709166605706574221e-03 3.171686111147310923e-03 1.636257475183530014e-02 3.941082693318205196e-03 -4.732365856921407626e-03 8.635290455105758961e-03 -7.265761877775707943e-03 -2.550698561594125051e-03 1.822732542499288632e-03 1.041217574319958615e-02 -7.459688791524689451e-03 -6.305292042470982128e-03 4.515834665063400981e-04 5.137555969210370194e-03 -1.485432795583903082e-03 2.831414345507118121e-03 -5.050762226670143899e-03 8.159426302497848824e-03 -7.937773285737518246e-04 4.205725950456359018e-03 -4.236903534236420923e-03 -7.027634595921100277e-03 -2.119034323980849635e-03 8.465251141123453227e-03 -2.216294133326437293e-03 3.989265974790131078e-03 7.179105726454159710e-03 1.226513550563695237e-02 -8.058419696459794609e-04 5.507780215447241091e-03 -3.313402481424442859e-03 -7.014421102001783606e-03 -2.651473657476437554e-03 1.113403320785555373e-02 8.249883242147409285e-03 1.885133928479030684e-04 1.645094997868634668e-02 -4.354028123063107686e-03 8.287598573491278958e-03 -2.873723234547253483e-03 -1.051236836377967936e-02 -8.188451743168656191e-03 1.237145450263786757e-02 -3.839962513875170430e-03
0.000000000000000000e+00 0.000000000000000000e+00 0.000000000000000000e+00 0.000000000000000000e+00 -3.821559244190599579e-03 -1.691079948630358487e-02 -1.383986727511054247e-03 -1.294764566796216196e-02 3.105730518932136447e-02 -1.123551803830002797e-02 -8.703772557483896097e-03 -1.798972633735319241e-03 1.600233611760916094e-02 -1.214846660756409465e-02 -2.711839145182194134e-03 -2.643927086453275524e-02 -1.789172419267779854e-02 8.149537261580136450e-05 9.747598642995857626e-03 1.259238365019801562e-02 1.304087433900479216e-02 -7.577880504104608263e-03 -8.570337056772133789e-04 -4.170146649632470656e-03 -4.851791246601157293e-03 -1.497901675609786265e-02 1.742577655007627058e-03 1.007954643588929687e-02 6.224141993897100780e-03 -3.750378123770744046e-03 1.344708093371399515e-02 -1.344801474614474961e-02 -1.460544141448924700e-02 -1.641936543473969390e-02 2.273369085758464910e-03 -1.426645936617670050e-02 -7.749473750663779179e-03 2.714296484734844434e-03 4.518954771169404749e-03 4.811363611908391069e-03 -1.014417686175050470e-03 -5.894101774374256586e-02 -5.136682813073881713e-03 -4.364386811789917886e-03 -5.853286969964324737e-02 -1.293346487900016994e-02 -1.664246836182218386e-02 -3.464492853032368272e-03 0.000000000000000000e+00 0.000000000000000000e+00 4.317139551380537454e-02 1.206059361298300048e-01 -2.096395912380544790e-01 1.312775270435045105e-01 -3.665727898293789644e-01 -2.328533781945363590e-01 3.780515715203450755e-01 7.350844669056058600e-02 -6.202040845504060151e-02 6.324077593816392062e-02 -7.270159662331789896e-01 -1.557587746013853747e-01 1.143267108117076575e-01 6.185253699078448186e-02 -1.069484523919497082e-01 -1.436498873079806171e-01 7.898133249206652273e+00 1.272456679335762925e-02 -2.096600241910288043e-01 -1.946295852894168454e-01 3.056911237965969155e-02 1.709480761991527820e-01 -1.125884139408669382e-01 6.915633033041275468e-02 1.750104429592270749e-01 1.149340013448968134e-01 -5.840956358048735204e-03 -6.756040517070918683e-02 -2.789409713782885269e+00 -9.981588260764412412e-02 8.383903235805322263e-01 -1.036127557595083876e-01 -1.469866914785731594e-02 -2.296968032901110582e-03 -1.531830438655230608e-01 -1.197719647765088657e-01 1.682439071277045672e-01 6.212186295979851142e-02 -6.385755838915112628e-03 -1.881715862226993607e-01 1.448752919177409559e-01 5.178348830568064998e-02 -8.141916030765974921e-02 1.488703850452051392e-01 -2.858472024188135063e-01 -1.341800639285553876e-01 3.318744156467809403e-02 1.026133745230442956e-01 -4.618684980322844691e-01 -2.502758682470433982e-01 -3.778856718548107008e-02 1.036468296579368537e-01 -4.628684533581713112e-02 6.823359271021760264e-02 -2.889313449425051986e-02 1.715964419329266410e-01 -1.421992673206817596e-02 -3.930851993204980549e-02 -3.221518617350505043e-01 -3.546079936170304925e-01 -1.415667374196512007e-01 1.308361950838708154e-01 5.000274520097987285e-02 2.176174080358987684e-01 -3.990779780357494450e-02 3.082896717308343248e-01 1.442898385691963048e-01 2.642542101889295836e-01 -2.868537835909080735e-01 -1.690442728122020233e-01 8.375105913415420433e-03 8.249883242049300264e-03 3.635365723249000536e-01 -1.045497110658994699e-01 3.590331303182998091e-01 5.815317669989648885e-02 4.340742406321133062e-01 -4.718659698133667590e-02 -1.981541242230256405e-01 8.427583038753974631e-02 1.947868747884004270e-01 1.404715328491114995e-02
0.000000000000000000e+00 0.000000000000000000e+00 0.000000000000000000e+00 0.000000000000000000e+00 -1.074207748454906108e-03 1.182471933859257501e-02 -4.202551490980423535e-03 9.026066024357577711e-03 -4.236137479130085842e-02 5.240945463882439731e-03 3.593133740852051672e-03 6.836039512424429629e-03 -1.442325113762231957e-02 4.360521605356100332e-03 -9.186230775034208776e-03 2.005671396710627039e-02 1.051508837849097003e-02 -1.579536119401688497e-03 -2.596528251916729955e-04 -1.081621021648747870e-02 -6.348712591927717190e-03 -1.755879294586147046e-03 6.395734365271388147e-04 -5.947119553785402144e-04 -3.060053012741113451e-02 7.336226284305706093e-03 -2.715225852583364840e-04 -6.018646757661834856e-04 -3.816963840008500732e-03 4.898190890632519523e-04 -2.244558616979957372e-03 1.490019388772616943e-02 -2.861661729010607502e-02 8.881029125978346164e-03 -4.757632996168638384e-03 7.562259439834630517e-03 1.301487834544417035e-02 -5.594205826687311152e-04 -1.223065949335360413e-02 -1.004724171929059339e-03 1.801186440123294557e-03 4.342071286589509888e-02 6.659747089070885799e-03 5.175664177900552755e-03 -3.155247890966477592e-03 7.023365330383292068e-03 7.471532079555747753e-03 5.639759658690244974e-03 0.000000000000000000e+00 0.000000000000000000e+00 -3.742560448841580900e-02 5.822693745844905594e-02 1.056236184909099263e-01 4.501966720107662343e-03 1.416162687748642179e-01 1.681793435694086680e-01 -1.431495951361305141e-01 -3.415371913538214899e-02 1.425304950641355893e-02 -2.373977032309641799e-02 3.509809773244559339e-01 1.408316440905817701e-01 -4.379601315372329967e-02 1.617202531134933341e-01 1.100675880398965106e-01 6.380246381430208780e-02 -3.115464003919361069e+00 -1.275856958880494108e-01 9.194195764901508250e-02 1.517821302038000475e-01 -1.902262706466679261e-03 -7.879545007653207533e-02 4.397017668990282901e-02 -8.793985902905344281e-04 -6.798580730426620478e-02 5.388752020031869344e-02 2.396032791370867471e-02 3.632712994879393198e-02 1.089633476315772898e+00 5.647611228435663912e-03 -3.799380838762081436e-01 1.092656660259507667e-01 6.426242533451666933e-03 9.597436515639042737e-03 4.726188918261845645e-02 1.499708900184066329e-01 -9.696076055302482732e-02 -4.902825582779781616e-02 4.186346699431359869e-02 5.117567230555324781e-02 9.721741937897236674e-02 -3.287237413570741340e-02 -2.054977619422716090e-02 -5.726306554936017729e-02 1.280664315167312772e-01 1.357415711372650935e-01 -1.947047962139241209e-02 -2.463090671458739722e-02 1.763209000509571578e-01 1.884852972964437823e-01 -7.124110532423734779e-03 -3.740455353738603161e-02 -7.075123212465990984e-03 -2.980764160536782809e-02 9.273080015151207930e-03 -4.963464903691104657e-02 -6.500758370735276390e-03 2.168783661478588740e-02 6.757411041362879067e-02 2.367946858938396737e-01 1.353344152335884953e-01 -3.001115783153845279e-02 1.045381609358808916e-01 -8.127408299334394626e-02 1.656929965233013696e-02 -7.217695704512375188e-02 1.252925406138882813e-01 -1.127847314506686544e-01 1.223333586076316010e-01 1.470443784216738381e-01 -2.960105923259661632e-03 1.885133928862651770e-04 -1.045497110655088657e-01 2.496342939249975024e-01 3.458410340403540034e-02 -1.454339736945664818e-01 1.704117763957505721e-02 -1.014133755124531910e-01 -5.914305595404399651e-02 -1.162762296816595431e-01 9.707338534397753904e-02 -1.294007679148723444e-01
0.000000000000000000e+00 0.000000000000000000e+00 0.000000000000000000e+00 0.000000000000000000e+00 5.840850084864490296e-03 -2.630534475840339698e-02 6.132463878050594362e-03 -1.739700464823668372e-02 8.871089320271369205e-02 -2.865777129990889141e-02 -1.265105237772913560e-02 1.943391460598745471e-02 2.893291240687401525e-02 -2.881244592506227234e-02 7.257887478941060615e-03 1.354428233149231747e-02 1.120301077693540773e-02 -7.408111990156890717e-03 2.544024612453908013e-02 -3.232307052287427401e-02 -8.543543282747565609e-03 -1.722008550193181858e-02 1.096191935803138458e-02 -1.514813073108908781e-02 8.610995567833625020e-02 -2.178737521891410331e-02 -1.228039901278296132e-02 9.856072188281177551e-03 1.639643025549812269e-02 -2.366259311466195614e-02 2.498185470092911462e-02 1.843139176343606273e-02 1.573028338947269067e-01 -2.749894616042786177e-02 -5.938433321451811256e-03 -1.899010180506521817e-02 3.510102591849124237e-02 7.022322052427887665e-03 -5.027397355281160857e-02 4.579364637687295160e-03 8.122470320579332301e-04 1.095327205999174075e-02 2.705071697655267449e-02 2.880299677655093205e-02 1.843645581278758327e-01 -3.035411375032714965e-02 3.513282037021048243e-02 3.094828112730683284e-02 0.000000000000000000e+00 0.000000000000000000e+00 -2.319654012584601022e-01 -9.000873724854090152e-02 5.034371332004776434e-02 -1.283479557296314522e-02 1.787630962554034586e-01 1.770802590386241215e-01 -8.943108519310055682e-02 -1.056916921999261627e-01 6.462688240213600166e-02 1.119420276138922282e-02 3.909381009508921534e-01 1.306909244405533854e-01 -5.521869545745942964e-02 6.757965901133222708e-01 1.870498465642790042e-01 1.136011164790506900e-02 -4.242426432096453759e+00 -6.715144312831404783e-01 9.374674580886710462e-02 2.171226625953978362e-01 4.060937817600697788e-03 -1.394349266170044066e-01 5.041649404451128275e-02 -1.137321597648271315e-01 -1.183944413261263512e-01 2.531041975533967481e-01 3.820332228815787740e-02 2.757307605276811471e-02 2.477430889354878651e+00 -2.607059294734470623e-01 -5.079704295907055966e-01 8.960387495860692997e-02 -1.227285503924630330e-02 2.048819182407567857e-02 6.761269180702257631e-02 -1.363723987255306136e-01 -2.642369877707541059e-01 1.849012657141967941e-01 -7.971611062237184131e-03 6.034177462743361975e-01 -1.862941057039400050e-01 3.195082556946410302e-01 2.363329601832966087e-01 2.313538130634900936e-01 1.434375121333446301e-01 8.965251300543944368e-02 -2.257093139417754718e-02 5.846867750345596804e-03 1.364014263244612279e-01 1.670480717067009957e-01 -2.074245888522621706e-01 -5.489883672752834953e-02 -7.826101865012270731e-02 -2.071272879634843828e-02 6.107632887386384157e-02 -7.110421779579287338e-02 -1.071881034297419988e-02 -9.744400929984388393e-03 -1.586745267224242140e-01 1.025322568528981848e-01 5.895203828489457010e-01 9.368038103147008355e-02 4.200922143128652531e-01 2.821532146240395347e-02 6.285480308130961258e-03 -1.649837684623364775e-02 6.762258988223025513e-01 -6.013785446688141995e-03 1.706033509219797295e-01 9.905730180138178076e-02 -2.811376089799265399e-02 1.645094997857321495e-02 3.590331303196785950e-01 3.458410340325088900e-02 2.112603418463040228e+00 -3.006543808143431057e-03 1.489552318576599976e+00 7.058377941517350596e-02 -6.018341650811992460e-01 -1.604403338770576670e-01 1.753156977322825938e+00 1.408904373958295986e-02
0.000000000000000000e+00 0.000000000000000000e+00 0.000000000000000000e+00 0.000000000000000000e+00 -7.931160307992859981e-03 -9.050005961039107524e-03 -6.229670002871946256e-03 -8.356565156295394856e-03 -1.479801988394691299e-02 -3.255694428069232788e-03 -7.076706821149570531e-03 -8.924486887977242655e-03 8.312336734374521944e-04 -5.128249106899447282e-03 -1.193573417119798627e-02 -2.916213184049792212e-02 -1.643003788132162829e-02 4.508692364225568017e-03 -3.807481166385154499e-04 1.920115232564931912e-02 1.422388753913738507e-02 -3.443433972588994343e-04 -2.116111382949157575e-03 -4.049007919869678992e-04 -4.452249915122062640e-02 -7.371510844387106631e-03 3.241044089352166507e-03 2.305565197479420708e-03 -2.977673017566183876e-04 1.852844054274890113e-03 7.146537785959135129e-03 -1.730539538831137383e-02 -6.187783428394326435e-02 -5.325205530744968330e-03 2.070817647853300490e-03 -7.048826510588220365e-03 -1.555641651207053701e-02 -9.453547123491308837e-04 1.793487252887403585e-02 1.758475689405415579e-03 -7.054375450392972799e-04 -7.178868733766594068e-02 -1.085930441459687437e-02 -8.484579997485751021e-03 -9.061607095878015938e-02 -2.745814067092489617e-03 -1.385642611028856802e-02 -1.292478035545889525e-02 0.000000000000000000e+00 0.000000000000000000e+00 4.816715969884791462e-03 -4.668521670883628294e-02 -6.218741931328776451e-02 2.553616631561062868e-03 -8.420472890991875792e-02 -3.031632304249897922e-02 1.348877946634966796e-01 1.082095363524149603e-02 -2.227981581823443562e-03 1.078922326156555103e-02 -1.735633464288687255e-01 -3.342670773635954273e-02 1.680409962801466400e-02 -6.131654547701230473e-02 -5.586564082393049441e-02 -2.005887477771165633e-02 1.083018576555542456e+00 7.376117849974084262e-02 -5.910320179002196556e-02 -3.574711767404679941e-02 -1.729048849095251097e-03 4.173268545887093284e-02 -2.063266406005078574e-02 8.253953014850711010e-04 3.258856402490956095e-02 2.452835497378195485e-03 -1.304986201507637306e-02 -1.063988016077488906e-02 -5.044652298499441301e-01 5.158338059962502570e-04 1.829614002704658404e-01 -1.734826430253766372e-02 -1.082165026025246404e-02 -7.430113378176276227e-03 -1.155572009420952062e-02 -3.481932797910165800e-02 7.888472645858722598e-02 2.586017960491334908e-02 -4.470010118087876932e-02 -2.183655138393358203e-02 -1.246871462999604996e-01 2.408693068406304177e-02 4.084689015713436483e-02 3.975702349619192333e-02 -6.215871292066377923e-02 -2.588688901568273956e-02 7.642615509137367855e-03 2.718470589980528582e-02 -1.001686982402057863e-01 -5.792913676420307495e-02 -4.252444281029769090e-03 2.469749570513364578e-02 -5.505817631502266801e-03 1.373307962975524668e-02 -1.375221917118906942e-02 3.347477824639621957e-02 4.486351877331568039e-03 -8.429470560249199135e-03 -4.118533034180034413e-02 -9.147382329077043128e-02 -7.853427701111900805e-02 2.939731197323531761e-02 -3.156874684435751616e-02 5.464212908564346216e-02 9.894197837460434741e-03 4.407547479121595724e-02 -5.154524789009647112e-02 6.981874690523645621e-02 -7.105076395960435720e-02 -3.766898043529727513e-02 7.436580516129897428e-03 -4.354028123119452372e-03 5.815317669959334246e-02 -1.454339736947675710e-01 -3.006543809280040960e-03 1.507783438236936779e-01 2.159229028134399681e-03 1.101623085534588209e-01 6.216287413996778033e-02 1.285435785460841140e-01 -3.868304773643073402e-02 1.309864747596048151e-01
0.000000000000000000e+00 0.000000000000000000e+00 0.000000000000000000e+00 0.000000000000000000e+00 -6.961788209915865944e-03 -1.301324041992237349e-02 -8.714512563245574092e-03 -7.799976079978999249e-03 -9.126194967164023147e-04 -1.413540359549900899e-02 -1.362952026293005707e-02 8.016331967048701337e-03 8.581895698508630252e-03 -1.710650820596975805e-02 -2.465986554008447670e-02 -1.068561072720470261e-02 -8.143260895949671480e-03 -9.083524140842541561e-04 1.917831773978517437e-02 -1.858223771790771042e-03 1.218920148590998780e-02 -1.579968082634177623e-02 5.907386875420408620e-03 -1.103119156013602879e-02 -3.941803797562869888e-02 -1.488412896224556269e-02 -2.005855585180488232e-03 1.237361545056336366e-02 7.331912360142288712e-03 -7.372503319823558998e-03 2.456046558296869770e-02 1.296908325363055337e-04 -2.337987062897458473e-02 -1.415072628412440171e-02 -7.008846126491908093e-03 -1.321383036940077145e-02 1.728646654127543453e-02 1.429206475474650894e-03 -2.588315221357762735e-02 5.123435212519640743e-03 6.280509302653428452e-04 -3.563908975608069685e-02 1.078093458101776064e-02 1.289298088622430408e-02 -3.195534328607560481e-02 -1.340962433577334856e-02 3.865034992926484787e-03 7.420125649089106754e-03 0.000000000000000000e+00 0.000000000000000000e+00 -1.048551133753336528e-01 2.887638506931133886e-02 -8.819983436532974341e-02 8.997103116373907084e-02 -1.001389759715965166e-01 -2.547391261146621233e-02 1.859343128242066934e-01 -1.569946344278529832e-02 -2.102745512294328101e-03 4.365438074577980554e-02 -1.247601548969367036e-01 -1.645582612301820305e-02 3.932232027714462064e-02 4.090491036228670052e-01 7.516275187573420724e-02 -4.628351508868603498e-02 2.711154790876814769e+00 -3.846812266353329957e-01 -5.495204355458557788e-02 3.236086434916306265e-02 3.129693322358039625e-02 7.130159786100748361e-03 -5.135869004896966017e-02 -1.889085359051066726e-02 3.761245685213735618e-02 1.945925338781052949e-01 2.319107975725878679e-02 -5.651988506287767070e-03 -4.407648491736467222e-01 -1.963042374728553308e-01 1.306778188291265463e-01 -7.313715537920862514e-03 -1.826315645802836091e-02 1.262920605843152050e-02 -4.424981172613967617e-02 -1.657141730868837703e-01 -3.316528586838855819e-02 1.560606290897470216e-01 2.945746412336234382e-02 2.529508482640936418e-01 3.109141731298729894e-02 2.584891287411874572e-01 7.612134256856281644e-02 2.569466271696083104e-01 -6.447722039277789530e-02 -2.016170972846800108e-02 7.446547927454797398e-03 1.036314235266999340e-01 -1.829639600418757617e-01 -5.940932186753894451e-02 -1.656719183543402252e-01 4.876067333030337236e-02 -1.098054894001749132e-01 3.632500582674891287e-02 7.533342212948932956e-03 1.152526230470461710e-01 -2.406774601376818201e-02 -3.292919743877768118e-02 -3.239145879205725942e-01 -1.719902095063929326e-01 3.012283760401938681e-01 1.470604637912861501e-01 4.144737184705573063e-01 2.100988060634521593e-01 -4.546338822534679719e-03 2.810144665135151931e-01 6.650036808839500102e-01 1.974100970673016431e-01 -5.024567852837158455e-02 -3.030145531794336405e-02 -5.720714719711077201e-03 8.287598573351076872e-03 4.340742406330401759e-01 1.704117763886107972e-02 1.489552318576083501e+00 2.159229029112806272e-03 1.324648546461903109e+00 -3.289894588759783439e-02 -5.573876021514660994e-01 -4.091746400756816893e-02 1.234735266919124719e+00 -2.075972200696624137e-02
0.000000000000000000e+00 0.000000000000000000e+00 0.000000000000000000e+00 0.000000000000000000e+00 -1.516097236973186404e-03 -9.331448883618028572e-03 5.606853519977499610e-04 -7.321644637590099189e-03 1.616286347698663028e-02 -5.378777148369717070e-03 -4.410593719092350748e-03 -3.743925652012848604e-03 6.391296046909757632e-03 -5.688338905606565681e-03 2.740797693080467695e-03 -1.323571321001198314e-02 -5.500263282825160020e-03 2.433007675094798691e-03 -4.546721677821562646e-04 4.954324110600907306e-03 2.676013885194696712e-03 1.113264547253638983e-03 -4.005284206208960078e-05 3.244187607260179147e-04 8.073462201038142730e-03 -6.052270002472737512e-03 -1.055277913237854777e-03 -4.942124212272277443e-04 2.400850648724162876e-03 -2.292476946711996012e-03 4.362502456244349465e-03 -8.253489779477946736e-03 1.347222028873617215e-02 -5.779622796867851971e-03 1.546581039257289257e-03 -6.437782481396173324e-03 -5.416563888428398664e-03 4.631509777394806964e-04 4.167238832074835440e-03 6.302973597408321072e-04 -2.313504773073386854e-04 -2.681496395799579102e-02 -2.263324622322871339e-03 -4.000352942128257341e-04 9.194469948219572558e-03 -5.560778553908941879e-03 2.257488833618040251e-03 -2.245677002405086289e-03 0.000000000000000000e+00 0.000000000000000000e+00 -4.633984854721594909e-02 -1.113576132520181505e-01 2.470072953726692305e-02 -6.280786462972012818e-02 7.832635208708703389e-02 9.112365542227011950e-02 -2.887529184791932935e-02 -3.985775453265905793e-02 3.522028477627627691e-02 -1.487449266015642389e-02 1.343007666819538148e-01 4.862768175846941127e-02 -4.033430828469682788e-02 1.155526522731036357e-02 2.652583873467536171e-02 5.819801599785189017e-02 -3.217939152155257165e+00 -5.328808468951815036e-02 3.544299006820396392e-02 7.629653402975958287e-02 -2.054131899987571286e-02 -6.031658797555027041e-02 4.368997127969113242e-02 -4.998989540501790757e-02 -6.050249255536623016e-02 -2.469640030448510756e-02 -5.531614546398595442e-03 3.232201123798791181e-02 1.226194246967667878e+00 1.363513881228498818e-04 -1.838114568515935854e-01 3.709483979821733002e-02 -5.433628862373180053e-03 -4.122948086087346864e-03 4.716080457233233492e-02 -1.944739353753964853e-02 -6.149719863067101139e-02 3.273917693914547844e-02 -3.733532653687421377e-02 1.757395337368040378e-01 -2.077194351077803758e-01 5.433181301202300029e-02 1.148408603754479951e-01 1.445025851629251450e-02 5.841552453075781609e-02 4.160320080346940202e-02 -8.953059541735834334e-03 -2.162616032024963428e-02 9.437494844740842992e-02 7.916588530684834368e-02 -1.160599910803864106e-02 -4.493554709140167025e-02 1.294647561281572420e-02 -2.101167608950806759e-02 2.201511663895241652e-02 -7.334235180184076053e-02 9.880413919453897784e-03 3.458808298048638569e-03 6.106723759137537566e-02 8.865136891497145399e-02 7.840908077904243378e-02 -4.477334825637590415e-02 -3.167916380612611355e-02 -4.968979990306952865e-02 3.543739122278217676e-03 -1.252310336234574162e-01 -4.910033558045537316e-02 -6.423091650168520628e-02 5.811306829945181440e-02 4.507465445701597240e-02 -3.267989862078511665e-03 -2.873723234553260397e-03 -4.718659698160999200e-02 -1.014133755125229547e-01 7.058377941444982095e-02 1.101623085533833951e-01 -3.289894588826491884e-02 1.615887084400275953e-01 7.682916733959946343e-02 6.140790179806529525e-02 6.275522675952915908e-02 1.202791484011856704e-01
0.000000000000000000e+00 0.000000000000000000e+00 0.000000000000000000e+00 0.000000000000000000e+00 -2.303456879475898958e-03 7.029440206329907667e-03 -1.634624899588332098e-03 2.596698315012806787e-03 -2.487632591634812707e-02 8.766161679182891964e-03 1.953942394016779452e-03 -9.767213507930415026e-03 -1.033859659588871188e-02 8.553118051604699859e-03 -1.881938471830265497e-03 -3.983716274513930677e-03 -7.490929385735025856e-04 5.163434814084439349e-03 -1.065820087176493937e-02 6.698889665934969900e-03 -6.741283292517171117e-04 8.472355135031981246e-03 -2.243647962756553389e-03 5.794405314405035728e-03 -1.761447083893934867e-02 7.512416053433035833e-03 5.534191698098247115e-04 -7.871013811025418319e-03 -5.333384657546266609e-03 6.016717088309303865e-03 -6.883308465763966766e-03 -6.611844790340866071e-03 -3.118738499404183351e-02 9.380940366971705566e-03 2.849352294348607428e-03 4.530065776549797342e-03 -1.526367730043740045e-02 8.715346232869645559e-04 2.116968293940910822e-02 -1.189199974203540913e-03 -1.299591485969312432e-03 -3.707756130300610131e-02 -1.062771861083553621e-02 -7.587836783638561740e-03 -2.670722766614447991e-02 9.185509886421003994e-03 -9.413205464226304976e-04 -9.541827720386496237e-03 0.000000000000000000e+00 0.000000000000000000e+00 -1.288932483745347524e-02 -4.470401657192149547e-02 2.959333570177324554e-02 -8.296993194972304697e-02 8.741730403846212361e-02 8.966107018771656001e-02 -1.119042068746851637e-01 -3.168319087974836440e-02 2.966512118620906469e-02 -2.088511817052317310e-02 1.033673803789818130e-01 2.312747941131112345e-02 -4.568064218224724554e-02 -2.394203971658878383e-01 -4.418711931845969998e-02 4.759204822096042842e-02 -3.514422053247493238e+00 2.241655934351057256e-01 4.872188798407112165e-02 4.884846456057066744e-02 -5.109022246007646068e-02 -5.762552281837290263e-02 2.991802775557970973e-02 -1.523929572801863488e-02 -5.397698382391243055e-02 -1.183905019667430003e-01 -2.607492098223047894e-02 2.085113151512758833e-02 9.952775773093363032e-01 1.164635385117973737e-01 -1.225748582200308356e-01 2.897762317213370756e-02 4.271805611528031385e-03 -1.018557998188780039e-02 4.148510160317518680e-02 3.036803352791166144e-02 -6.387233921771619249e-02 -1.931120564020943203e-02 -5.482695275920110300e-02 3.416329596558485143e-02 -2.299577167809744582e-01 -4.631472314309848654e-02 6.965035751920894969e-02 -6.292283274487339706e-02 4.664555125208148800e-02 4.304903852385413149e-02 -5.878633271195488237e-03 -1.463412889322682209e-02 1.031945522495010814e-01 9.089559907167352182e-02 3.714990637278191288e-02 -7.922577727461871389e-02 4.678611611035921047e-02 -6.094823982526104134e-02 1.538563565917246134e-02 -1.352186878244205082e-01 2.674363817245935249e-02 -5.115348661903480060e-02 1.748428202529062614e-01 1.700883125745726865e-01 -7.740698235793727622e-02 -1.839680865143486221e-01 -1.975136140329718792e-01 -1.790804741289837854e-01 8.327881332934867695e-03 -3.118679884646280431e-01 -3.349327486171329582e-01 -1.803149357340969872e-01 3.463887466703755025e-02 3.634148755083776300e-02 1.060166932100291455e-03 -1.051236836373264059e-02 -1.981541242236364020e-01 -5.914305595372004037e-02 -6.018341650816665389e-01 6.216287413942644946e-02 -5.573876021520575152e-01 7.682916733927579178e-02 4.200484343271940202e-01 -3.307158023334529767e-03 -4.516001903995952582e-01 7.893739459188550689e-02
0.000000000000000000e+00 0.000000000000000000e+00 0.000000000000000000e+00 0.000000000000000000e+00 -1.148554062925694931e-02 1.726051965583445379e-03 -9.711402689560217141e-03 -3.988852429291195019e-04 -4.590986841189487189e-02 7.462428233377474580e-03 -5.810854310598565810e-03 -1.355098182657287972e-02 -7.092765049157115018e-03 4.643873399127213669e-03 -1.983687407727813962e-02 -3.430313835955486196e-02 -2.316990468545632523e-02 6.975014507574929870e-03 -5.402138241352107476e-03 3.250556096178330162e-02 2.132243856649700120e-02 1.020679554731746897e-03 -5.396481963826782122e-03 2.383377267119182567e-03 -9.005832795718515804e-02 4.766275667118926120e-04 8.295146253767751374e-03 2.539359018892618520e-03 -3.784690865876269399e-03 1.310555198064642865e-02 5.189521048512533291e-03 -2.477594258588297974e-02 -1.269410524201476653e-01 5.253821606509514151e-03 2.250630896795007604e-03 1.661691406977268588e-03 -2.309349061752804383e-02 -5.359979389316649190e-03 2.799185175566123659e-02 7.220338691981152473e-04 -2.235436817723383297e-03 -9.921473709585210132e-02 -1.558623422179453676e-02 -1.790013416409802841e-02 -1.686399055186730278e-01 9.104818014464907336e-03 -2.698177555154971166e-02 -2.279745790101721931e-02 0.000000000000000000e+00 0.000000000000000000e+00 7.344659339750710114e-02 3.785824911254387359e-02 -9.132365585017623855e-02 4.935505364803255413e-02 -1.977442003489719435e-01 -1.167725938900285448e-01 2.982563026161127451e-01 6.313273505779105899e-02 -4.732804010172447090e-02 2.279159777129568035e-02 -3.118889081136821395e-01 -7.319187599939258604e-02 5.471316603124271732e-02 6.632413903728498483e-03 -9.471238419834358824e-02 -6.472116387411458449e-02 4.013992947151271196e+00 4.218231923698834845e-02 -1.168005747269682121e-01 -9.769010522051906065e-02 3.145990911043417687e-02 1.073588648534446466e-01 -5.606425022904808902e-02 4.253868540954144906e-02 9.181460884186073979e-02 6.418921556076215285e-02 -1.830968444560370292e-02 -3.489365886981962706e-02 -1.674736810057325442e+00 -3.985246643558492535e-02 3.647662749622161416e-01 -4.369675865553381694e-02 -1.133637781459975909e-02 -1.095846852611493012e-02 -4.275661485890003277e-02 -2.769443191784476399e-02 1.680505010482333805e-01 5.593632201871118204e-03 -3.946896061501594527e-02 -1.440777173624481766e-01 -2.859210562039728870e-02 3.095420626082890855e-02 -1.395528795291579513e-02 6.650527102548337011e-02 -1.195888637563770895e-01 -5.786367022938713328e-02 1.039323972892722096e-02 6.594924878617465513e-02 -2.021136720961125843e-01 -1.353652341651820357e-01 2.568490755731761555e-04 7.386032875612252857e-02 -1.934121550375973372e-02 5.146560498488703117e-02 -1.465931604225764046e-02 1.208256704185092373e-01 -7.246662622450382972e-03 2.802131565118794881e-03 -1.184263484515624409e-01 -2.178725718930863142e-01 -1.503213799346628521e-01 1.058586248234235916e-01 -8.165878140552569261e-03 1.703418649346430669e-01 -8.509351653292591966e-02 2.288801674758018656e-01 1.816012504759781723e-02 1.913073547674858654e-01 -1.348843617243090931e-01 -6.359807537513673115e-02 1.722766238248285911e-02 -8.188451743241001099e-03 8.427583038716218722e-02 -1.162762296819116470e-01 -1.604403338781674737e-01 1.285435785461291613e-01 -4.091746400846441034e-02 6.140790179817149502e-02 -3.307158022833867755e-03 2.853228057321736122e-01 -2.102037492666432028e-01 9.541237773469909977e-02
0.000000000000000000e+00 0.000000000000000000e+00 0.000000000000000000e+00 0.000000000000000000e+00 8.047546596350922676e-03 -1.041109156284402912e-02 6.995208485162122437e-03 -4.163375657663939342e-03 7.047814196562496303e-02 -1.786562842120715047e-02 -6.584074399794353528e-03 2.210817689499250047e-02 1.913484526537645794e-02 -1.778909169000713122e-02 9.661988066935746702e-03 3.319750746687641363e-02 2.112742958117167641e-02 -8.167550865635038460e-03 1.972671569341852282e-02 -3.957294651496941207e-02 -1.506693936720553996e-02 -1.415123736365740681e-02 1.054626925853030008e-02 -1.184505961908527243e-02 8.221007294225528284e-02 -9.501470738452918313e-03 -1.211944323689495388e-02 5.494927232178627163e-03 1.303115771529048290e-02 -1.809593479264851035e-02 1.785223445010838961e-02 2.786901273895570075e-02 1.528326766031633810e-01 -1.305786886829421456e-02 -7.619160571105300893e-03 -5.935461478791784380e-03 3.816237105978548261e-02 5.413291405601947624e-03 -5.156774552802415035e-02 1.609013965948761582e-03 1.689522411490251754e-03 2.504211311657100064e-02 3.008451973718353351e-02 2.872392425165695706e-02 2.084973956581800680e-01 -1.799754270540419865e-02 4.273664996207720418e-02 3.316304636764885044e-02 0.000000000000000000e+00 0.000000000000000000e+00 -2.953165738199867163e-01 -2.055009642923170676e-01 1.550503878260092727e-01 -6.918960463926390747e-02 3.603185888834567474e-01 3.090444873463248920e-01 -3.621286879418212368e-01 -1.542387990734831460e-01 1.090971158783184264e-01 -2.728389053689040875e-02 6.589983568644133261e-01 2.041080298788657543e-01 -1.213018892977799912e-01 4.938301116458306828e-01 3.092286276270201362e-01 1.617111580566460149e-01 -9.536258602127464457e+00 -6.200622784122369335e-01 1.800748830334145401e-01 3.420159531372063411e-01 -3.686866135714909898e-02 -2.670344864287989006e-01 1.316011514550381178e-01 -1.635934969453690380e-01 -2.147272321009278118e-01 6.796241347414523626e-02 5.838034058884133265e-02 1.085834903392733919e-01 4.319631641374578557e+00 -1.485548984078334522e-01 -8.262339745948625858e-01 1.448359135253437235e-01 -3.231640904602968954e-03 2.406004041748005182e-02 1.192891870338528004e-01 -9.576409885430012259e-02 -3.791512394257243734e-01 1.513295815205246697e-01 7.133586942987836174e-03 7.492643598093976509e-01 -2.511138118950645981e-01 3.014480988039280329e-01 2.627830443394909010e-01 1.294056783949594502e-01 2.518560996646959649e-01 1.562031788299237112e-01 -3.713560544957268672e-02 -4.335419080298921757e-02 3.189742218070096280e-01 3.066626890808742401e-01 -1.765921039092957778e-01 -1.397759743306271063e-01 -5.740548272739068314e-02 -7.435175280430286748e-02 7.755756925101382759e-02 -1.811073313670630014e-01 7.828439108790854334e-03 2.076715778945546764e-03 -3.309521644971008536e-02 3.234440231759583839e-01 6.556926600121583126e-01 -7.781339234311709929e-02 4.062547589106209056e-01 -1.292925374458210874e-01 5.313301649091621559e-02 -2.306855676660846954e-01 6.118015250737026678e-01 -2.095391008770482733e-01 2.709028998238826036e-01 1.742217012587743141e-01 -3.056087705533113222e-02 1.237145450256441938e-02 1.947868747897633646e-01 9.707338534340821667e-02 1.753156977323240051e+00 -3.868304773537550173e-02 1.234735266919921415e+00 6.275522676016388746e-02 -4.516001903993853706e-01 -2.102037492655967343e-01 1.717985544035699697e+00 -9.427877745197377202e-03
0.000000000000000000e+00 0.000000000000000000e+00 0.000000000000000000e+00 0.000000000000000000e+00 -4.986943973773391540e-03 -7.188061434910480822e-03 -3.513332180811116166e-03 -6.418103393932728107e-03 -3.798351663133870456e-03 -2.840070398295557220e-03 -5.649887752055902067e-03 -6.386199536203743254e-03 2.537748739767839695e-03 -4.206408010072442902e-03 -5.717605232570231906e-03 -2.134207520474740855e-02 -1.196763262057618307e-02 3.195217605857534043e-03 -8.099129416040777834e-04 1.371247019686709992e-02 9.469232902655338666e-03 -8.164107602432407003e-05 -1.763492576101805768e-03 -3.745703458578907073e-05 -2.602330729975739845e-02 -5.568728169038740690e-03 1.925562439064019320e-03 1.329144663838042681e-03 4.987264778598714731e-04 1.416611525654709125e-03 5.732681224854090096e-03 -1.310408287481883843e-02 -3.470186942530726487e-02 -3.943919188245552550e-03 2.080589425429769414e-03 -4.964908151742896542e-03 -1.220577787821855442e-02 -6.109530689154714367e-04 1.343451710143191320e-02 8.875317795955127084e-04 -1.524015892107596437e-04 -5.418341608631974810e-02 -7.653695365356522236e-03 -6.607660850442375819e-03 -5.271837211016042191e-02 -2.347253072983929763e-03 -7.727479545678352102e-03 -8.763489427324225658e-03 0.000000000000000000e+00 0.000000000000000000e+00 -5.934484448001577095e-03 -6.905830451110274437e-02 -3.037737033429822528e-02 -8.911547140382747659e-03 -1.673548609466083900e-02 1.576387775809521066e-02 5.417190176651786454e-02 -9.497991216092049535e-03 1.225409470584602929e-02 7.328106264719298595e-04 -5.029348819670362292e-02 -5.312623948656777090e-03 -2.406199064080800053e-03 -2.479079789599870562e-02 -4.711130758783822758e-02 -8.396457569353411171e-03 -2.257545004844871417e-01 3.577734375885445461e-02 -1.864388616236752061e-02 -4.136378073536747454e-03 -1.093206056085343700e-02 1.765320647228373757e-02 -1.952569739097797423e-04 -1.561970659080349697e-02 1.249036012496297860e-03 1.141347948689153124e-02 -1.599601903039695253e-02 -6.549352984051905538e-03 1.760435854166361724e-02 -4.422994003239963390e-03 4.126031008746320478e-02 1.261803745535303341e-03 -8.314035341023649425e-03 -5.250332654467836611e-03 1.094828842984619383e-02 -3.206791677739691954e-02 2.141206472814745007e-02 3.317056650639648580e-02 -4.361395671834755738e-02 3.693005989019153279e-02 -1.533536657222056843e-01 3.447801715343741524e-02 5.887219572045047922e-02 3.833565562898674783e-02 -1.432139392359859514e-02 -2.062950958168196288e-03 2.525593656998140375e-03 -1.520446614464457565e-03 -2.391155929527016485e-02 -9.982927493592847965e-03 -7.618940670561260425e-03 5.196610855534582359e-04 9.269792334452643971e-04 -2.004603114832256752e-04 -5.019235991592510722e-03 -5.589599317450575158e-03 7.163007095665409503e-03 -9.621608456451023056e-03 5.339626279397817477e-03 -2.625532465741439378e-02 -2.097886490556396394e-02 2.343027781588288144e-03 -2.838096653496037167e-02 1.300433587585050899e-02 1.998224457786386063e-02 -2.225332452732013688e-02 -5.270558731010427378e-02 2.099192169480816605e-02 -1.920548132192885504e-02 -6.978962455271870563e-03 3.642308701973213849e-03 -3.839962513910840682e-03 1.404715328458921650e-02 -1.294007679149798140e-01 1.408904373858929811e-02 1.309864747595488044e-01 -2.075972200786373179e-02 1.202791484012225021e-01 7.893739459234115630e-02 9.541237773460456428e-02 -9.427877746086528801e-03 1.319064010826992150e-01
