========== NODE / ENVIRONMENT INFO ==========
DATE          : Tue Jul  7 06:41:09 AM CEST 2026
HOSTNAME      : b9pgpun217.cern.ch
PWD           : /afs/cern.ch/work/h/hwen/public/pwa/auto-init/Jobs/scan_phipipi_20260707_063738/003_rep_f2_1270
FIT SCRIPT    : fit_witherr_fs.py
INIT PARAMS   : init_params.json
INIT STATUS   : not found, will use random initial parameters
PYTHON BIN    : /afs/cern.ch/work/h/hwen/public/conda/envs/tfpwa/bin/python3.12
YAML 1        : config_phipipi.yaml
YAML 2        : config_phikk.yaml
CONFIG ARG    : config_phipipi.yaml,config_phikk.yaml
TOTAL_SAME    : false
LOOP          : 5
MAXITER       : 50000

---------- CPU INFO ----------
CPU(s):                                  16
On-line CPU(s) list:                     0-15
Model name:                              Intel(R) Xeon(R) Platinum 8468
Thread(s) per core:                      1
Core(s) per socket:                      1
Socket(s):                               16
NUMA node0 CPU(s):                       0-15

---------- MEMORY INFO ----------
               total        used        free      shared  buff/cache   available
Mem:            37Gi       3.0Gi        19Gi       104Mi        16Gi        35Gi
Swap:           39Gi       1.8Gi        37Gi

---------- GPU / CUDA INFO ----------
CUDA_VISIBLE_DEVICES: MIG-80f405fb-d5c1-5f2e-ac3b-c00ff40bc81a
CONDOR GPUs        : MIG-80f405fb-d5c1-5f2e-ac3b-c00ff40bc81a
[nvidia-smi -L]
GPU 0: NVIDIA H100L-2-24C (UUID: GPU-6ac1b30c-13dc-11f1-a6a5-a1bd4a448364)
  MIG 2g.24gb     Device  0: (UUID: MIG-80f405fb-d5c1-5f2e-ac3b-c00ff40bc81a)

[nvidia-smi summary]
Tue Jul  7 06:41:09 2026       
+-----------------------------------------------------------------------------------------+
| NVIDIA-SMI 580.126.09             Driver Version: 580.126.09     CUDA Version: 13.0     |
+-----------------------------------------+------------------------+----------------------+
| GPU  Name                 Persistence-M | Bus-Id          Disp.A | Volatile Uncorr. ECC |
| Fan  Temp   Perf          Pwr:Usage/Cap |           Memory-Usage | GPU-Util  Compute M. |
|                                         |                        |               MIG M. |
|=========================================+========================+======================|
|   0  NVIDIA H100L-2-24C             On  |   00000000:06:00.0 Off |                   On |
| N/A   N/A    P0            N/A  /  N/A  |       1MiB /  24576MiB |     N/A      Default |
|                                         |                        |              Enabled |
+-----------------------------------------+------------------------+----------------------+

+-----------------------------------------------------------------------------------------+
| MIG devices:                                                                            |
+------------------+----------------------------------+-----------+-----------------------+
| GPU  GI  CI  MIG |              Shared Memory-Usage |        Vol|        Shared         |
|      ID  ID  Dev |                Shared BAR1-Usage | SM     Unc| CE ENC  DEC  OFA  JPG |
|                  |                                  |        ECC|                       |
|==================+==================================+===========+=======================|
|  0    0   0   0  |               1MiB / 21547MiB    | 32      0 |  2   0    2    0    2 |
|                  |               0MiB /  4096MiB    |           |                       |
+------------------+----------------------------------+-----------+-----------------------+

+-----------------------------------------------------------------------------------------+
| Processes:                                                                              |
|  GPU   GI   CI              PID   Type   Process name                        GPU Memory |
|        ID   ID                                                               Usage      |
|=========================================================================================|
|  No running processes found                                                             |
+-----------------------------------------------------------------------------------------+

---------- PYTHON / TF INFO ----------
PYTHON_BIN  : /afs/cern.ch/work/h/hwen/public/conda/envs/tfpwa/bin/python3.12
Python 3.12.13
Python exec: /afs/cern.ch/work/h/hwen/public/conda/envs/tfpwa/bin/python3.12
TensorFlow version: 2.21.0
TF visible GPUs: []
==============================================

========== START JOINT FIT (φhh) ==========
[INFO] load config: config_phipipi.yaml
variable range:  f0(980)_flatte_g_0  in  [0.0, None]
variable range:  f0(980)_flatte_g_1  in  [0.0, None]
variable range:  f2(1270)_flatte_g_0  in  [0.0, None]
variable range:  f2(1270)_flatte_g_1  in  [0.0, None]
variable range:  f0(1370)_flatte_g_0  in  [0.0, None]
variable range:  f0(1370)_flatte_g_1  in  [0.0, None]
variable range:  f2(1430)_flatte_g_0  in  [0.0, None]
variable range:  f2(1430)_flatte_g_1  in  [0.0, None]
variable range:  f0(1500)_flatte_g_0  in  [0.0, None]
variable range:  f0(1500)_flatte_g_1  in  [0.0, None]
variable range:  f0(1525)_flatte_g_0  in  [0.0, None]
variable range:  f0(1525)_flatte_g_1  in  [0.0, None]
variable range:  f0(1565)_flatte_g_0  in  [0.0, None]
variable range:  f0(1565)_flatte_g_1  in  [0.0, None]
variable range:  f0(1710)_flatte_g_0  in  [0.0, None]
variable range:  f0(1710)_flatte_g_1  in  [0.0, None]
same value: ['Jpsi->b1(1235)p.pimb1(1235)p->phi.pip_total_0i', 'Jpsi->b1(1235)m.pipb1(1235)m->phi.pim_total_0i']
same value: ['Jpsi->b1(1235)p.pim_g_ls_0i', 'Jpsi->b1(1235)m.pip_g_ls_0i']
same value: ['Jpsi->b1(1235)p.pim_g_ls_1i', 'Jpsi->b1(1235)m.pip_g_ls_1i']
same value: ['Jpsi->NR_0-_bp.pimNR_0-_bp->phi.pip_total_0i', 'Jpsi->NR_0-_bm.pipNR_0-_bm->phi.pim_total_0i']
same value: ['Jpsi->NR_0-_bp.pim_g_ls_0i', 'Jpsi->NR_0-_bm.pip_g_ls_0i']
same value: ['Jpsi->NR_0-_bp.pim_g_ls_1i', 'Jpsi->NR_0-_bm.pip_g_ls_1i']
same value: ['Jpsi->rho(1450)p.pimrho(1450)p->phi.pip_total_0i', 'Jpsi->rho(1450)m.piprho(1450)m->phi.pim_total_0i']
same value: ['Jpsi->rho(1450)p.pim_g_ls_0i', 'Jpsi->rho(1450)m.pip_g_ls_0i']
same value: ['Jpsi->rho(1450)p.pim_g_ls_1i', 'Jpsi->rho(1450)m.pip_g_ls_1i']
same value: ['Jpsi->rho(1570)p.pimrho(1570)p->phi.pip_total_0i', 'Jpsi->rho(1570)m.piprho(1570)m->phi.pim_total_0i']
same value: ['Jpsi->rho(1570)p.pim_g_ls_0i', 'Jpsi->rho(1570)m.pip_g_ls_0i']
same value: ['Jpsi->rho(1570)p.pim_g_ls_1i', 'Jpsi->rho(1570)m.pip_g_ls_1i']
same value: ['Jpsi->rho(1690)p.pimrho(1690)p->phi.pip_total_0i', 'Jpsi->rho(1690)m.piprho(1690)m->phi.pim_total_0i']
same value: ['Jpsi->rho(1690)p.pim_g_ls_0i', 'Jpsi->rho(1690)m.pip_g_ls_0i']
same value: ['Jpsi->rho(1690)p.pim_g_ls_1i', 'Jpsi->rho(1690)m.pip_g_ls_1i']
[INFO] load config: config_phikk.yaml
variable range:  f0(980)_flatte_g_0  in  [0.0, None]
variable range:  f0(980)_flatte_g_1  in  [0.0, None]
variable range:  f2(1270)_flatte_g_0  in  [0.0, None]
variable range:  f2(1270)_flatte_g_1  in  [0.0, None]
variable range:  f2(1430)_flatte_g_0  in  [0.0, None]
variable range:  f2(1430)_flatte_g_1  in  [0.0, None]
variable range:  f0(1370)_flatte_g_0  in  [0.0, None]
variable range:  f0(1370)_flatte_g_1  in  [0.0, None]
variable range:  f0(1500)_flatte_g_0  in  [0.0, None]
variable range:  f0(1500)_flatte_g_1  in  [0.0, None]
variable range:  f0(1525)_flatte_g_0  in  [0.0, None]
variable range:  f0(1525)_flatte_g_1  in  [0.0, None]
variable range:  f0(1565)_flatte_g_0  in  [0.0, None]
variable range:  f0(1565)_flatte_g_1  in  [0.0, None]
variable range:  f0(1710)_flatte_g_0  in  [0.0, None]
variable range:  f0(1710)_flatte_g_1  in  [0.0, None]
same value: ['Jpsi->K1(1400)p.kmK1(1400)p->phi.kp_total_0i', 'Jpsi->K1(1400)m.kpK1(1400)m->phi.km_total_0i']
same value: ['Jpsi->K1(1400)p.km_g_ls_0i', 'Jpsi->K1(1400)m.kp_g_ls_0i']
same value: ['Jpsi->K1(1400)p.km_g_ls_1i', 'Jpsi->K1(1400)m.kp_g_ls_1i']
same value: ['Jpsi->K1(1650)p.kmK1(1650)p->phi.kp_total_0i', 'Jpsi->K1(1650)m.kpK1(1650)m->phi.km_total_0i']
same value: ['Jpsi->K1(1650)p.km_g_ls_0i', 'Jpsi->K1(1650)m.kp_g_ls_0i']
same value: ['Jpsi->K1(1650)p.km_g_ls_1i', 'Jpsi->K1(1650)m.kp_g_ls_1i']
same value: ['Jpsi->K1(1680)p.kmK1(1680)p->phi.kp_total_0i', 'Jpsi->K1(1680)m.kpK1(1680)m->phi.km_total_0i']
same value: ['Jpsi->K1(1680)p.km_g_ls_0i', 'Jpsi->K1(1680)m.kp_g_ls_0i']
same value: ['Jpsi->K1(1680)p.km_g_ls_1i', 'Jpsi->K1(1680)m.kp_g_ls_1i']
same value: ['Jpsi->K0(1830)p.kmK0(1830)p->phi.kp_total_0i', 'Jpsi->K0(1830)m.kpK0(1830)m->phi.km_total_0i']
same value: ['Jpsi->K0(1950)p.kmK0(1950)p->phi.kp_total_0i', 'Jpsi->K0(1950)m.kpK0(1950)m->phi.km_total_0i']
same value: ['Jpsi->K2(1430)p.kmK2(1430)p->phi.kp_total_0i', 'Jpsi->K2(1430)m.kpK2(1430)m->phi.km_total_0i']
same value: ['Jpsi->K2(1430)p.km_g_ls_0i', 'Jpsi->K2(1430)m.kp_g_ls_0i']
same value: ['Jpsi->K2(1430)p.km_g_ls_1i', 'Jpsi->K2(1430)m.kp_g_ls_1i']
same value: ['Jpsi->K2(1580)p.kmK2(1580)p->phi.kp_total_0i', 'Jpsi->K2(1580)m.kpK2(1580)m->phi.km_total_0i']
same value: ['Jpsi->K2(1580)p.km_g_ls_0i', 'Jpsi->K2(1580)m.kp_g_ls_0i']
same value: ['Jpsi->K2(1580)p.km_g_ls_1i', 'Jpsi->K2(1580)m.kp_g_ls_1i']
same value: ['Jpsi->K2(1770)p.kmK2(1770)p->phi.kp_total_0i', 'Jpsi->K2(1770)m.kpK2(1770)m->phi.km_total_0i']
same value: ['Jpsi->K2(1770)p.km_g_ls_0i', 'Jpsi->K2(1770)m.kp_g_ls_0i']
same value: ['Jpsi->K2(1770)p.km_g_ls_1i', 'Jpsi->K2(1770)m.kp_g_ls_1i']
same value: ['Jpsi->K2(1820)p.kmK2(1820)p->phi.kp_total_0i', 'Jpsi->K2(1820)m.kpK2(1820)m->phi.km_total_0i']
same value: ['Jpsi->K2(1820)p.km_g_ls_0i', 'Jpsi->K2(1820)m.kp_g_ls_0i']
same value: ['Jpsi->K2(1820)p.km_g_ls_1i', 'Jpsi->K2(1820)m.kp_g_ls_1i']
same value: ['Jpsi->K2(1980)p.kmK2(1980)p->phi.kp_total_0i', 'Jpsi->K2(1980)m.kpK2(1980)m->phi.km_total_0i']
same value: ['Jpsi->K2(1980)p.km_g_ls_0i', 'Jpsi->K2(1980)m.kp_g_ls_0i']
same value: ['Jpsi->K2(1980)p.km_g_ls_1i', 'Jpsi->K2(1980)m.kp_g_ls_1i']
same value: ['Jpsi->K2(2250)p.kmK2(2250)p->phi.kp_total_0i', 'Jpsi->K2(2250)m.kpK2(2250)m->phi.km_total_0i']
same value: ['Jpsi->K2(2250)p.km_g_ls_0i', 'Jpsi->K2(2250)m.kp_g_ls_0i']
same value: ['Jpsi->K2(2250)p.km_g_ls_1i', 'Jpsi->K2(2250)m.kp_g_ls_1i']
same value: ['Jpsi->K3(1780)p.kmK3(1780)p->phi.kp_total_0i', 'Jpsi->K3(1780)m.kpK3(1780)m->phi.km_total_0i']
same value: ['Jpsi->K3(1780)p.km_g_ls_0i', 'Jpsi->K3(1780)m.kp_g_ls_0i']
same value: ['Jpsi->K3(1780)p.km_g_ls_1i', 'Jpsi->K3(1780)m.kp_g_ls_1i']
same value: ['Jpsi->K3(2320)p.kmK3(2320)p->phi.kp_total_0i', 'Jpsi->K3(2320)m.kpK3(2320)m->phi.km_total_0i']
same value: ['Jpsi->K3(2320)p.km_g_ls_0i', 'Jpsi->K3(2320)m.kp_g_ls_0i']
same value: ['Jpsi->K3(2320)p.km_g_ls_1i', 'Jpsi->K3(2320)m.kp_g_ls_1i']
[INFO] channel 0 number of params: 131
[INFO] channel 1 number of params: 205
[INFO] shared params: total=25 prod=18 flatte=7 other=4
[INFO] Flatte-coupling shared (real coupled-channel point):
    [flatte] Jpsi->phi.f0(980)_flatte_g_ls_0i
    [flatte] Jpsi->phi.f0(980)_flatte_g_ls_0r
    [flatte] Jpsi->phi.f0(980)_flatte_g_ls_1i
    [flatte] Jpsi->phi.f0(980)_flatte_g_ls_1r
    [flatte] f0(980)_flatte_g_0
    [flatte] f0(980)_flatte_g_1
    [flatte] f0(980)_flatte_mass
[INFO] build MultiConfig with total_same=False
variable range:  f0(980)_flatte_g_0  in  [0.0, None]
variable range:  f0(980)_flatte_g_1  in  [0.0, None]
variable range:  f2(1270)_flatte_g_0  in  [0.0, None]
variable range:  f2(1270)_flatte_g_1  in  [0.0, None]
variable range:  f0(1370)_flatte_g_0  in  [0.0, None]
variable range:  f0(1370)_flatte_g_1  in  [0.0, None]
variable range:  f2(1430)_flatte_g_0  in  [0.0, None]
variable range:  f2(1430)_flatte_g_1  in  [0.0, None]
variable range:  f0(1500)_flatte_g_0  in  [0.0, None]
variable range:  f0(1500)_flatte_g_1  in  [0.0, None]
variable range:  f0(1525)_flatte_g_0  in  [0.0, None]
variable range:  f0(1525)_flatte_g_1  in  [0.0, None]
variable range:  f0(1565)_flatte_g_0  in  [0.0, None]
variable range:  f0(1565)_flatte_g_1  in  [0.0, None]
variable range:  f0(1710)_flatte_g_0  in  [0.0, None]
variable range:  f0(1710)_flatte_g_1  in  [0.0, None]
same value: ['Jpsi->b1(1235)p.pimb1(1235)p->phi.pip_total_0i', 'Jpsi->b1(1235)m.pipb1(1235)m->phi.pim_total_0i']
same value: ['Jpsi->b1(1235)p.pim_g_ls_0i', 'Jpsi->b1(1235)m.pip_g_ls_0i']
same value: ['Jpsi->b1(1235)p.pim_g_ls_1i', 'Jpsi->b1(1235)m.pip_g_ls_1i']
same value: ['Jpsi->NR_0-_bp.pimNR_0-_bp->phi.pip_total_0i', 'Jpsi->NR_0-_bm.pipNR_0-_bm->phi.pim_total_0i']
same value: ['Jpsi->NR_0-_bp.pim_g_ls_0i', 'Jpsi->NR_0-_bm.pip_g_ls_0i']
same value: ['Jpsi->NR_0-_bp.pim_g_ls_1i', 'Jpsi->NR_0-_bm.pip_g_ls_1i']
same value: ['Jpsi->rho(1450)p.pimrho(1450)p->phi.pip_total_0i', 'Jpsi->rho(1450)m.piprho(1450)m->phi.pim_total_0i']
same value: ['Jpsi->rho(1450)p.pim_g_ls_0i', 'Jpsi->rho(1450)m.pip_g_ls_0i']
same value: ['Jpsi->rho(1450)p.pim_g_ls_1i', 'Jpsi->rho(1450)m.pip_g_ls_1i']
same value: ['Jpsi->rho(1570)p.pimrho(1570)p->phi.pip_total_0i', 'Jpsi->rho(1570)m.piprho(1570)m->phi.pim_total_0i']
same value: ['Jpsi->rho(1570)p.pim_g_ls_0i', 'Jpsi->rho(1570)m.pip_g_ls_0i']
same value: ['Jpsi->rho(1570)p.pim_g_ls_1i', 'Jpsi->rho(1570)m.pip_g_ls_1i']
same value: ['Jpsi->rho(1690)p.pimrho(1690)p->phi.pip_total_0i', 'Jpsi->rho(1690)m.piprho(1690)m->phi.pim_total_0i']
same value: ['Jpsi->rho(1690)p.pim_g_ls_0i', 'Jpsi->rho(1690)m.pip_g_ls_0i']
same value: ['Jpsi->rho(1690)p.pim_g_ls_1i', 'Jpsi->rho(1690)m.pip_g_ls_1i']
variable range:  f0(980)_flatte_g_0  in  [0.0, None]
variable range:  f0(980)_flatte_g_1  in  [0.0, None]
variable range:  f2(1270)_flatte_g_0  in  [0.0, None]
variable range:  f2(1270)_flatte_g_1  in  [0.0, None]
variable range:  f2(1430)_flatte_g_0  in  [0.0, None]
variable range:  f2(1430)_flatte_g_1  in  [0.0, None]
variable range:  f0(1370)_flatte_g_0  in  [0.0, None]
variable range:  f0(1370)_flatte_g_1  in  [0.0, None]
variable range:  f0(1500)_flatte_g_0  in  [0.0, None]
variable range:  f0(1500)_flatte_g_1  in  [0.0, None]
variable range:  f0(1525)_flatte_g_0  in  [0.0, None]
variable range:  f0(1525)_flatte_g_1  in  [0.0, None]
variable range:  f0(1565)_flatte_g_0  in  [0.0, None]
variable range:  f0(1565)_flatte_g_1  in  [0.0, None]
variable range:  f0(1710)_flatte_g_0  in  [0.0, None]
variable range:  f0(1710)_flatte_g_1  in  [0.0, None]
same value: ['Jpsi->K1(1400)p.kmK1(1400)p->phi.kp_total_0i', 'Jpsi->K1(1400)m.kpK1(1400)m->phi.km_total_0i']
same value: ['Jpsi->K1(1400)p.km_g_ls_0i', 'Jpsi->K1(1400)m.kp_g_ls_0i']
same value: ['Jpsi->K1(1400)p.km_g_ls_1i', 'Jpsi->K1(1400)m.kp_g_ls_1i']
same value: ['Jpsi->K1(1650)p.kmK1(1650)p->phi.kp_total_0i', 'Jpsi->K1(1650)m.kpK1(1650)m->phi.km_total_0i']
same value: ['Jpsi->K1(1650)p.km_g_ls_0i', 'Jpsi->K1(1650)m.kp_g_ls_0i']
same value: ['Jpsi->K1(1650)p.km_g_ls_1i', 'Jpsi->K1(1650)m.kp_g_ls_1i']
same value: ['Jpsi->K1(1680)p.kmK1(1680)p->phi.kp_total_0i', 'Jpsi->K1(1680)m.kpK1(1680)m->phi.km_total_0i']
same value: ['Jpsi->K1(1680)p.km_g_ls_0i', 'Jpsi->K1(1680)m.kp_g_ls_0i']
same value: ['Jpsi->K1(1680)p.km_g_ls_1i', 'Jpsi->K1(1680)m.kp_g_ls_1i']
same value: ['Jpsi->K0(1830)p.kmK0(1830)p->phi.kp_total_0i', 'Jpsi->K0(1830)m.kpK0(1830)m->phi.km_total_0i']
same value: ['Jpsi->K0(1950)p.kmK0(1950)p->phi.kp_total_0i', 'Jpsi->K0(1950)m.kpK0(1950)m->phi.km_total_0i']
same value: ['Jpsi->K2(1430)p.kmK2(1430)p->phi.kp_total_0i', 'Jpsi->K2(1430)m.kpK2(1430)m->phi.km_total_0i']
same value: ['Jpsi->K2(1430)p.km_g_ls_0i', 'Jpsi->K2(1430)m.kp_g_ls_0i']
same value: ['Jpsi->K2(1430)p.km_g_ls_1i', 'Jpsi->K2(1430)m.kp_g_ls_1i']
same value: ['Jpsi->K2(1580)p.kmK2(1580)p->phi.kp_total_0i', 'Jpsi->K2(1580)m.kpK2(1580)m->phi.km_total_0i']
same value: ['Jpsi->K2(1580)p.km_g_ls_0i', 'Jpsi->K2(1580)m.kp_g_ls_0i']
same value: ['Jpsi->K2(1580)p.km_g_ls_1i', 'Jpsi->K2(1580)m.kp_g_ls_1i']
same value: ['Jpsi->K2(1770)p.kmK2(1770)p->phi.kp_total_0i', 'Jpsi->K2(1770)m.kpK2(1770)m->phi.km_total_0i']
same value: ['Jpsi->K2(1770)p.km_g_ls_0i', 'Jpsi->K2(1770)m.kp_g_ls_0i']
same value: ['Jpsi->K2(1770)p.km_g_ls_1i', 'Jpsi->K2(1770)m.kp_g_ls_1i']
same value: ['Jpsi->K2(1820)p.kmK2(1820)p->phi.kp_total_0i', 'Jpsi->K2(1820)m.kpK2(1820)m->phi.km_total_0i']
same value: ['Jpsi->K2(1820)p.km_g_ls_0i', 'Jpsi->K2(1820)m.kp_g_ls_0i']
same value: ['Jpsi->K2(1820)p.km_g_ls_1i', 'Jpsi->K2(1820)m.kp_g_ls_1i']
same value: ['Jpsi->K2(1980)p.kmK2(1980)p->phi.kp_total_0i', 'Jpsi->K2(1980)m.kpK2(1980)m->phi.km_total_0i']
same value: ['Jpsi->K2(1980)p.km_g_ls_0i', 'Jpsi->K2(1980)m.kp_g_ls_0i']
same value: ['Jpsi->K2(1980)p.km_g_ls_1i', 'Jpsi->K2(1980)m.kp_g_ls_1i']
same value: ['Jpsi->K2(2250)p.kmK2(2250)p->phi.kp_total_0i', 'Jpsi->K2(2250)m.kpK2(2250)m->phi.km_total_0i']
same value: ['Jpsi->K2(2250)p.km_g_ls_0i', 'Jpsi->K2(2250)m.kp_g_ls_0i']
same value: ['Jpsi->K2(2250)p.km_g_ls_1i', 'Jpsi->K2(2250)m.kp_g_ls_1i']
same value: ['Jpsi->K3(1780)p.kmK3(1780)p->phi.kp_total_0i', 'Jpsi->K3(1780)m.kpK3(1780)m->phi.km_total_0i']
same value: ['Jpsi->K3(1780)p.km_g_ls_0i', 'Jpsi->K3(1780)m.kp_g_ls_0i']
same value: ['Jpsi->K3(1780)p.km_g_ls_1i', 'Jpsi->K3(1780)m.kp_g_ls_1i']
same value: ['Jpsi->K3(2320)p.kmK3(2320)p->phi.kp_total_0i', 'Jpsi->K3(2320)m.kpK3(2320)m->phi.km_total_0i']
same value: ['Jpsi->K3(2320)p.km_g_ls_0i', 'Jpsi->K3(2320)m.kp_g_ls_0i']
same value: ['Jpsi->K3(2320)p.km_g_ls_1i', 'Jpsi->K3(2320)m.kp_g_ls_1i']
cached shape idx [0, 1, 2, 3, 4, 5, 6, 7, 8, 9, 10, 11, 12]
cached shape idx [0, 1, 2, 3, 4, 5, 6, 7, 8, 9, 10, 11, 12, 13, 14, 15, 16]
[INFO] running JOINT fit with 2 channels

========== Fit loop 1/5 ==========
using RANDOM parameters
Using Model
Using Model

########### initial parameters
{
  "rho(1450)p_mass": 1.51,
  "rho(1450)p_width": 0.44,
  "rho(1570)p_mass": 1.57,
  "rho(1570)p_width": 0.14,
  "rho(1690)p_mass": 1.681,
  "rho(1690)p_width": 0.19,
  "rho(1450)m_mass": 1.51,
  "rho(1450)m_width": 0.44,
  "rho(1570)m_mass": 1.57,
  "rho(1570)m_width": 0.14,
  "rho(1690)m_mass": 1.681,
  "rho(1690)m_width": 0.19,
  "f0(500)_E791_mass": 0.478,
  "f0(1370)_mass": 1.37,
  "f0(1370)_width": 0.35,
  "f0(1500)_flatte_mass": 1.522,
  "f0(1500)_flatte_g_0": 0.5260729757284188,
  "f0(1500)_flatte_g_1": 0.9271158478296264,
  "f2(1430)_mass": 1.43,
  "f2(1430)_width": 0.046,
  "Jpsi->rho(1450)p.pimrho(1450)p->phi.pip_total_0r": 1.0,
  "Jpsi->rho(1450)p.pimrho(1450)p->phi.pip_total_0i": 0.0,
  "Jpsi->rho(1450)p.pim_g_ls_0r": 1.0,
  "Jpsi->rho(1450)p.pim_g_ls_0i": 0.0,
  "rho(1450)p->phi.pip_g_ls_0r": 1.0,
  "rho(1450)p->phi.pip_g_ls_0i": 0.0,
  "Jpsi->rho(1570)p.pimrho(1570)p->phi.pip_total_0r": 0.022531806523851117,
  "Jpsi->rho(1570)p.pimrho(1570)p->phi.pip_total_0i": 2.158125901709675,
  "Jpsi->rho(1570)p.pim_g_ls_0r": 1.0,
  "Jpsi->rho(1570)p.pim_g_ls_0i": 0.0,
  "rho(1570)p->phi.pip_g_ls_0r": 1.0,
  "rho(1570)p->phi.pip_g_ls_0i": 0.0,
  "Jpsi->rho(1690)p.pimrho(1690)p->phi.pip_total_0r": 1.0090812592803902,
  "Jpsi->rho(1690)p.pimrho(1690)p->phi.pip_total_0i": 1.838418988366759,
  "Jpsi->rho(1690)p.pim_g_ls_0r": 1.0,
  "Jpsi->rho(1690)p.pim_g_ls_0i": 0.0,
  "rho(1690)p->phi.pip_g_ls_0r": 1.0,
  "rho(1690)p->phi.pip_g_ls_0i": 0.0,
  "Jpsi->rho(1450)m.piprho(1450)m->phi.pim_total_0r": 1.0,
  "Jpsi->rho(1450)m.piprho(1450)m->phi.pim_total_0i": 0.0,
  "Jpsi->rho(1450)m.pip_g_ls_0r": 1.0,
  "Jpsi->rho(1450)m.pip_g_ls_0i": 0.0,
  "rho(1450)m->phi.pim_g_ls_0r": 1.0,
  "rho(1450)m->phi.pim_g_ls_0i": 0.0,
  "Jpsi->rho(1570)m.piprho(1570)m->phi.pim_total_0r": 0.022531806523851117,
  "Jpsi->rho(1570)m.piprho(1570)m->phi.pim_total_0i": 2.158125901709675,
  "Jpsi->rho(1570)m.pip_g_ls_0r": 1.0,
  "Jpsi->rho(1570)m.pip_g_ls_0i": 0.0,
  "rho(1570)m->phi.pim_g_ls_0r": 1.0,
  "rho(1570)m->phi.pim_g_ls_0i": 0.0,
  "Jpsi->rho(1690)m.piprho(1690)m->phi.pim_total_0r": 1.0090812592803902,
  "Jpsi->rho(1690)m.piprho(1690)m->phi.pim_total_0i": 1.838418988366759,
  "Jpsi->rho(1690)m.pip_g_ls_0r": 1.0,
  "Jpsi->rho(1690)m.pip_g_ls_0i": 0.0,
  "rho(1690)m->phi.pim_g_ls_0r": 1.0,
  "rho(1690)m->phi.pim_g_ls_0i": 0.0,
  "Jpsi->phi.f0(500)_E791f0(500)_E791->pip.pim_total_0r": 0.756163790790016,
  "Jpsi->phi.f0(500)_E791f0(500)_E791->pip.pim_total_0i": -2.4152776298879064,
  "Jpsi->phi.f0(500)_E791_g_ls_0r": 1.0,
  "Jpsi->phi.f0(500)_E791_g_ls_0i": 0.0,
  "Jpsi->phi.f0(500)_E791_g_ls_1r": 1.8543136418016375,
  "Jpsi->phi.f0(500)_E791_g_ls_1i": -2.633888465841743,
  "f0(500)_E791->pip.pim_g_ls_0r": 1.0,
  "f0(500)_E791->pip.pim_g_ls_0i": 0.0,
  "Jpsi->phi.f0(980)_flattef0(980)_flatte->pip.pim_total_0r": 1.4099975110478415,
  "Jpsi->phi.f0(980)_flattef0(980)_flatte->pip.pim_total_0i": -0.09144998530865989,
  "f0(980)_flatte->pip.pim_g_ls_0r": 1.0,
  "f0(980)_flatte->pip.pim_g_ls_0i": 0.0,
  "Jpsi->phi.f0(1370)f0(1370)->pip.pim_total_0r": 1.6473166216778656,
  "Jpsi->phi.f0(1370)f0(1370)->pip.pim_total_0i": 0.20735581316009322,
  "Jpsi->phi.f0(1370)_g_ls_0r": 1.0,
  "Jpsi->phi.f0(1370)_g_ls_0i": 0.0,
  "Jpsi->phi.f0(1370)_g_ls_1r": 0.32719725104967523,
  "Jpsi->phi.f0(1370)_g_ls_1i": -0.713327264889291,
  "f0(1370)->pip.pim_g_ls_0r": 1.0,
  "f0(1370)->pip.pim_g_ls_0i": 0.0,
  "Jpsi->phi.f0(1500)_flattef0(1500)_flatte->pip.pim_total_0r": 1.9490864486614972,
  "Jpsi->phi.f0(1500)_flattef0(1500)_flatte->pip.pim_total_0i": -2.1767369507783303,
  "Jpsi->phi.f0(1500)_flatte_g_ls_0r": 1.0,
  "Jpsi->phi.f0(1500)_flatte_g_ls_0i": 0.0,
  "Jpsi->phi.f0(1500)_flatte_g_ls_1r": 0.8432841634656119,
  "Jpsi->phi.f0(1500)_flatte_g_ls_1i": -0.5939008567071848,
  "f0(1500)_flatte->pip.pim_g_ls_0r": 1.0,
  "f0(1500)_flatte->pip.pim_g_ls_0i": 0.0,
  "Jpsi->phi.f0(1710)f0(1710)->pip.pim_total_0r": 1.0564439955229958,
  "Jpsi->phi.f0(1710)f0(1710)->pip.pim_total_0i": 0.8263945469341127,
  "f0(1710)->pip.pim_g_ls_0r": 1.0,
  "f0(1710)->pip.pim_g_ls_0i": 0.0,
  "Jpsi->phi.f2(1430)f2(1430)->pip.pim_total_0r": 0.4993388075444982,
  "Jpsi->phi.f2(1430)f2(1430)->pip.pim_total_0i": -0.7021887953982935,
  "Jpsi->phi.f2(1430)_g_ls_0r": 1.0,
  "Jpsi->phi.f2(1430)_g_ls_0i": 0.0,
  "Jpsi->phi.f2(1430)_g_ls_1r": 0.8633497449715337,
  "Jpsi->phi.f2(1430)_g_ls_1i": -1.0837583310927985,
  "Jpsi->phi.f2(1430)_g_ls_2r": 1.5619472863185315,
  "Jpsi->phi.f2(1430)_g_ls_2i": 1.5693732313368383,
  "Jpsi->phi.f2(1430)_g_ls_3r": 0.8367228106380975,
  "Jpsi->phi.f2(1430)_g_ls_3i": -3.105577985629507,
  "Jpsi->phi.f2(1430)_g_ls_4r": 1.0546521319417153,
  "Jpsi->phi.f2(1430)_g_ls_4i": -0.7082668321637375,
  "f2(1430)->pip.pim_g_ls_0r": 1.0,
  "f2(1430)->pip.pim_g_ls_0i": 0.0,
  "Jpsi->phi.f2(1270)f2(1270)->pip.pim_total_0r": 1.392633075640345,
  "Jpsi->phi.f2(1270)f2(1270)->pip.pim_total_0i": -0.32720073690740303,
  "f2(1270)->pip.pim_g_ls_0r": 1.0,
  "f2(1270)->pip.pim_g_ls_0i": 0.0,
  "K1(1400)p_mass": 1.403,
  "K1(1400)p_width": 0.174,
  "K2(1820)p_mass": 1.819,
  "K2(1820)p_width": 0.264,
  "K2(1980)p_mass": 1.99,
  "K2(1980)p_width": 0.348,
  "K2(2250)p_mass": 2.247,
  "K2(2250)p_width": 0.18,
  "K3(2320)p_mass": 2.324,
  "K3(2320)p_width": 0.15,
  "K1(1400)m_mass": 1.403,
  "K1(1400)m_width": 0.174,
  "K2(1820)m_mass": 1.819,
  "K2(1820)m_width": 0.264,
  "K2(1980)m_mass": 1.99,
  "K2(1980)m_width": 0.348,
  "K3(2320)m_mass": 2.324,
  "K3(2320)m_width": 0.15,
  "f0(980)_flatte_mass": 0.965,
  "f0(980)_flatte_g_0": 0.2041884898686961,
  "f0(980)_flatte_g_1": 0.5913912698946722,
  "f2(1270)_mass": 1.2754,
  "f2(1270)_width": 0.1858,
  "f0(1500)_mass": 1.522,
  "f0(1500)_width": 0.108,
  "f2(1525)_mass": 1.5173,
  "f2(1525)_width": 0.072,
  "f2(1565)_mass": 1.571,
  "f2(1565)_width": 0.132,
  "f0(1710)_mass": 1.733,
  "f0(1710)_width": 0.15,
  "f2(1810)_mass": 1.815,
  "f2(1810)_width": 0.197,
  "Jpsi->K1(1400)p.kmK1(1400)p->phi.kp_total_0r": 1.0,
  "Jpsi->K1(1400)p.kmK1(1400)p->phi.kp_total_0i": 0.0,
  "Jpsi->K1(1400)p.km_g_ls_0r": 1.0,
  "Jpsi->K1(1400)p.km_g_ls_0i": 0.0,
  "Jpsi->K1(1400)p.km_g_ls_1r": 0.43610476267718257,
  "Jpsi->K1(1400)p.km_g_ls_1i": -2.848805491184142,
  "K1(1400)p->phi.kp_g_ls_0r": 1.0,
  "K1(1400)p->phi.kp_g_ls_0i": 0.0,
  "K1(1400)p->phi.kp_g_ls_1r": 0.9211530999126811,
  "K1(1400)p->phi.kp_g_ls_1i": 1.5646929862215382,
  "Jpsi->K2(1820)p.kmK2(1820)p->phi.kp_total_0r": 0.5818346991953152,
  "Jpsi->K2(1820)p.kmK2(1820)p->phi.kp_total_0i": -1.0440255330786194,
  "Jpsi->K2(1820)p.km_g_ls_0r": 1.0,
  "Jpsi->K2(1820)p.km_g_ls_0i": 0.0,
  "Jpsi->K2(1820)p.km_g_ls_1r": 0.9829831263558999,
  "Jpsi->K2(1820)p.km_g_ls_1i": -0.5107866578702946,
  "K2(1820)p->phi.kp_g_ls_0r": 1.0,
  "K2(1820)p->phi.kp_g_ls_0i": 0.0,
  "K2(1820)p->phi.kp_g_ls_1r": 0.403395517209987,
  "K2(1820)p->phi.kp_g_ls_1i": 0.4216857317393452,
  "Jpsi->K2(1980)p.kmK2(1980)p->phi.kp_total_0r": 0.9362386507250062,
  "Jpsi->K2(1980)p.kmK2(1980)p->phi.kp_total_0i": -1.295124052454501,
  "Jpsi->K2(1980)p.km_g_ls_0r": 1.0,
  "Jpsi->K2(1980)p.km_g_ls_0i": 0.0,
  "K2(1980)p->phi.kp_g_ls_0r": 1.0,
  "K2(1980)p->phi.kp_g_ls_0i": 0.0,
  "Jpsi->K2(2250)p.kmK2(2250)p->phi.kp_total_0r": 1.8285213284524517,
  "Jpsi->K2(2250)p.kmK2(2250)p->phi.kp_total_0i": 2.5129499178764405,
  "Jpsi->K2(2250)p.km_g_ls_0r": 1.0,
  "Jpsi->K2(2250)p.km_g_ls_0i": 0.0,
  "Jpsi->K2(2250)p.km_g_ls_1r": 1.4430153709106404,
  "Jpsi->K2(2250)p.km_g_ls_1i": 0.08446814486438026,
  "K2(2250)p->phi.kp_g_ls_0r": 1.0,
  "K2(2250)p->phi.kp_g_ls_0i": 0.0,
  "K2(2250)p->phi.kp_g_ls_1r": 0.3094086380596721,
  "K2(2250)p->phi.kp_g_ls_1i": -2.0197750846888827,
  "Jpsi->K3(2320)p.kmK3(2320)p->phi.kp_total_0r": 1.2233746520618323,
  "Jpsi->K3(2320)p.kmK3(2320)p->phi.kp_total_0i": 2.5009652712114345,
  "Jpsi->K3(2320)p.km_g_ls_0r": 1.0,
  "Jpsi->K3(2320)p.km_g_ls_0i": 0.0,
  "Jpsi->K3(2320)p.km_g_ls_1r": 0.5238385581902323,
  "Jpsi->K3(2320)p.km_g_ls_1i": -0.8714125943179396,
  "K3(2320)p->phi.kp_g_ls_0r": 1.0,
  "K3(2320)p->phi.kp_g_ls_0i": 0.0,
  "K3(2320)p->phi.kp_g_ls_1r": 0.9642142567064096,
  "K3(2320)p->phi.kp_g_ls_1i": 2.5299035573155155,
  "Jpsi->K1(1400)m.kpK1(1400)m->phi.km_total_0r": 1.0,
  "Jpsi->K1(1400)m.kpK1(1400)m->phi.km_total_0i": 0.0,
  "Jpsi->K1(1400)m.kp_g_ls_0r": 1.0,
  "Jpsi->K1(1400)m.kp_g_ls_0i": 0.0,
  "Jpsi->K1(1400)m.kp_g_ls_1r": 0.43610476267718257,
  "Jpsi->K1(1400)m.kp_g_ls_1i": -2.848805491184142,
  "K1(1400)m->phi.km_g_ls_0r": 1.0,
  "K1(1400)m->phi.km_g_ls_0i": 0.0,
  "K1(1400)m->phi.km_g_ls_1r": 0.9211530999126811,
  "K1(1400)m->phi.km_g_ls_1i": 1.5646929862215382,
  "Jpsi->K2(1820)m.kpK2(1820)m->phi.km_total_0r": 0.5818346991953152,
  "Jpsi->K2(1820)m.kpK2(1820)m->phi.km_total_0i": -1.0440255330786194,
  "Jpsi->K2(1820)m.kp_g_ls_0r": 1.0,
  "Jpsi->K2(1820)m.kp_g_ls_0i": 0.0,
  "Jpsi->K2(1820)m.kp_g_ls_1r": 0.9829831263558999,
  "Jpsi->K2(1820)m.kp_g_ls_1i": -0.5107866578702946,
  "K2(1820)m->phi.km_g_ls_0r": 1.0,
  "K2(1820)m->phi.km_g_ls_0i": 0.0,
  "K2(1820)m->phi.km_g_ls_1r": 0.403395517209987,
  "K2(1820)m->phi.km_g_ls_1i": 0.4216857317393452,
  "Jpsi->K2(1980)m.kpK2(1980)m->phi.km_total_0r": 0.9362386507250062,
  "Jpsi->K2(1980)m.kpK2(1980)m->phi.km_total_0i": -1.295124052454501,
  "Jpsi->K2(1980)m.kp_g_ls_0r": 1.0,
  "Jpsi->K2(1980)m.kp_g_ls_0i": 0.0,
  "K2(1980)m->phi.km_g_ls_0r": 1.0,
  "K2(1980)m->phi.km_g_ls_0i": 0.0,
  "Jpsi->K2(2250)p.kpK2(2250)p->phi.km_total_0r": 1.799917771129845,
  "Jpsi->K2(2250)p.kpK2(2250)p->phi.km_total_0i": 2.990293913865142,
  "Jpsi->K2(2250)p.kp_g_ls_0r": 1.0,
  "Jpsi->K2(2250)p.kp_g_ls_0i": 0.0,
  "Jpsi->K2(2250)p.kp_g_ls_1r": 0.03202591721862946,
  "Jpsi->K2(2250)p.kp_g_ls_1i": -1.160621613133958,
  "K2(2250)p->phi.km_g_ls_0r": 1.0,
  "K2(2250)p->phi.km_g_ls_0i": 0.0,
  "K2(2250)p->phi.km_g_ls_1r": 1.5934571339846184,
  "K2(2250)p->phi.km_g_ls_1i": -0.7935113404720546,
  "Jpsi->K3(2320)m.kpK3(2320)m->phi.km_total_0r": 1.2233746520618323,
  "Jpsi->K3(2320)m.kpK3(2320)m->phi.km_total_0i": 2.5009652712114345,
  "Jpsi->K3(2320)m.kp_g_ls_0r": 1.0,
  "Jpsi->K3(2320)m.kp_g_ls_0i": 0.0,
  "Jpsi->K3(2320)m.kp_g_ls_1r": 0.5238385581902323,
  "Jpsi->K3(2320)m.kp_g_ls_1i": -0.8714125943179396,
  "K3(2320)m->phi.km_g_ls_0r": 1.0,
  "K3(2320)m->phi.km_g_ls_0i": 0.0,
  "K3(2320)m->phi.km_g_ls_1r": 0.9642142567064096,
  "K3(2320)m->phi.km_g_ls_1i": 2.5299035573155155,
  "Jpsi->phi.f0(980)_flattef0(980)_flatte->kp.km_total_0r": 0.5407084154857875,
  "Jpsi->phi.f0(980)_flattef0(980)_flatte->kp.km_total_0i": -1.4291621212145473,
  "Jpsi->phi.f0(980)_flatte_g_ls_0r": 1.0,
  "Jpsi->phi.f0(980)_flatte_g_ls_0i": 0.0,
  "Jpsi->phi.f0(980)_flatte_g_ls_1r": 0.4520070013224151,
  "Jpsi->phi.f0(980)_flatte_g_ls_1i": -2.835057262862963,
  "f0(980)_flatte->kp.km_g_ls_0r": 1.0,
  "f0(980)_flatte->kp.km_g_ls_0i": 0.0,
  "Jpsi->phi.f2(1270)f2(1270)->kp.km_total_0r": 1.1472579178605478,
  "Jpsi->phi.f2(1270)f2(1270)->kp.km_total_0i": 2.9254149651140873,
  "Jpsi->phi.f2(1270)_g_ls_0r": 1.0,
  "Jpsi->phi.f2(1270)_g_ls_0i": 0.0,
  "Jpsi->phi.f2(1270)_g_ls_1r": 1.3736340358641215,
  "Jpsi->phi.f2(1270)_g_ls_1i": 1.4287678793501586,
  "Jpsi->phi.f2(1270)_g_ls_2r": 1.9875364379159595,
  "Jpsi->phi.f2(1270)_g_ls_2i": 2.6189438955935422,
  "Jpsi->phi.f2(1270)_g_ls_3r": 1.744853703970732,
  "Jpsi->phi.f2(1270)_g_ls_3i": 2.0872886171340106,
  "Jpsi->phi.f2(1270)_g_ls_4r": 0.6165234146817644,
  "Jpsi->phi.f2(1270)_g_ls_4i": 3.0763339968499848,
  "f2(1270)->kp.km_g_ls_0r": 1.0,
  "f2(1270)->kp.km_g_ls_0i": 0.0,
  "Jpsi->phi.f0(1500)f0(1500)->kp.km_total_0r": 0.7194315125975987,
  "Jpsi->phi.f0(1500)f0(1500)->kp.km_total_0i": 0.8599831398799767,
  "Jpsi->phi.f0(1500)_g_ls_0r": 1.0,
  "Jpsi->phi.f0(1500)_g_ls_0i": 0.0,
  "Jpsi->phi.f0(1500)_g_ls_1r": 0.5069556901803911,
  "Jpsi->phi.f0(1500)_g_ls_1i": 0.39516679489795514,
  "f0(1500)->kp.km_g_ls_0r": 1.0,
  "f0(1500)->kp.km_g_ls_0i": 0.0,
  "Jpsi->phi.f2(1525)f2(1525)->kp.km_total_0r": 1.315996668325957,
  "Jpsi->phi.f2(1525)f2(1525)->kp.km_total_0i": -2.6302962284285254,
  "Jpsi->phi.f2(1525)_g_ls_0r": 1.0,
  "Jpsi->phi.f2(1525)_g_ls_0i": 0.0,
  "Jpsi->phi.f2(1525)_g_ls_1r": 0.4827851726565813,
  "Jpsi->phi.f2(1525)_g_ls_1i": 1.2298036216476191,
  "Jpsi->phi.f2(1525)_g_ls_2r": 0.892016794251846,
  "Jpsi->phi.f2(1525)_g_ls_2i": -0.7198907931636551,
  "Jpsi->phi.f2(1525)_g_ls_3r": 1.400679294848647,
  "Jpsi->phi.f2(1525)_g_ls_3i": -2.836413313738819,
  "Jpsi->phi.f2(1525)_g_ls_4r": 0.2401995405847006,
  "Jpsi->phi.f2(1525)_g_ls_4i": 1.5018304156438873,
  "f2(1525)->kp.km_g_ls_0r": 1.0,
  "f2(1525)->kp.km_g_ls_0i": 0.0,
  "Jpsi->phi.f2(1565)f2(1565)->kp.km_total_0r": 0.937287485675319,
  "Jpsi->phi.f2(1565)f2(1565)->kp.km_total_0i": -1.7097576620070654,
  "Jpsi->phi.f2(1565)_g_ls_0r": 1.0,
  "Jpsi->phi.f2(1565)_g_ls_0i": 0.0,
  "Jpsi->phi.f2(1565)_g_ls_1r": 0.49227463374306213,
  "Jpsi->phi.f2(1565)_g_ls_1i": 3.0645206949662827,
  "Jpsi->phi.f2(1565)_g_ls_2r": 1.9063661692371707,
  "Jpsi->phi.f2(1565)_g_ls_2i": 2.4928037717617704,
  "Jpsi->phi.f2(1565)_g_ls_3r": 1.400389785794765,
  "Jpsi->phi.f2(1565)_g_ls_3i": -1.4866022974956432,
  "Jpsi->phi.f2(1565)_g_ls_4r": 1.1484837338449676,
  "Jpsi->phi.f2(1565)_g_ls_4i": 0.826536232456557,
  "f2(1565)->kp.km_g_ls_0r": 1.0,
  "f2(1565)->kp.km_g_ls_0i": 0.0,
  "Jpsi->phi.f0(1710)f0(1710)->kp.km_total_0r": 1.0607090161112516,
  "Jpsi->phi.f0(1710)f0(1710)->kp.km_total_0i": 1.5269552985286152,
  "Jpsi->phi.f0(1710)_g_ls_0r": 1.0,
  "Jpsi->phi.f0(1710)_g_ls_0i": 0.0,
  "Jpsi->phi.f0(1710)_g_ls_1r": 0.5030257543805643,
  "Jpsi->phi.f0(1710)_g_ls_1i": 0.8299376052716609,
  "f0(1710)->kp.km_g_ls_0r": 1.0,
  "f0(1710)->kp.km_g_ls_0i": 0.0,
  "Jpsi->phi.f2(1810)f2(1810)->kp.km_total_0r": 1.6435980475621599,
  "Jpsi->phi.f2(1810)f2(1810)->kp.km_total_0i": 0.5080436545245401,
  "Jpsi->phi.f2(1810)_g_ls_0r": 1.0,
  "Jpsi->phi.f2(1810)_g_ls_0i": 0.0,
  "Jpsi->phi.f2(1810)_g_ls_1r": 1.4051028716279932,
  "Jpsi->phi.f2(1810)_g_ls_1i": -0.3248741458641633,
  "Jpsi->phi.f2(1810)_g_ls_2r": 0.4705109299662582,
  "Jpsi->phi.f2(1810)_g_ls_2i": -2.9687633547921073,
  "Jpsi->phi.f2(1810)_g_ls_3r": 1.2732269722476142,
  "Jpsi->phi.f2(1810)_g_ls_3i": -3.1036667906685413,
  "Jpsi->phi.f2(1810)_g_ls_4r": 1.0324869312213614,
  "Jpsi->phi.f2(1810)_g_ls_4i": 0.7824491693383848,
  "f2(1810)->kp.km_g_ls_0r": 1.0,
  "f2(1810)->kp.km_g_ls_0i": 0.0
}
##boundary: 
   f0(1370)_mass 	 [1.2, 1.5]
   f0(1370)_width 	 [0.2, 0.5]
   f2(1430)_mass 	 [1.41, 1.48]
   f2(1430)_width 	 [0.031, 0.061]
   f2(1270)_flatte_g_0 	 [0.0, None]
   f2(1270)_flatte_g_1 	 [0.0, None]
   f0(1370)_flatte_g_0 	 [0.0, None]
   f0(1370)_flatte_g_1 	 [0.0, None]
   f2(1430)_flatte_g_0 	 [0.0, None]
   f2(1430)_flatte_g_1 	 [0.0, None]
   f0(1500)_flatte_g_0 	 [0.0, None]
   f0(1500)_flatte_g_1 	 [0.0, None]
   f0(1525)_flatte_g_0 	 [0.0, None]
   f0(1525)_flatte_g_1 	 [0.0, None]
   f0(1565)_flatte_g_0 	 [0.0, None]
   f0(1565)_flatte_g_1 	 [0.0, None]
   f0(1710)_flatte_g_0 	 [0.0, None]
   f0(1710)_flatte_g_1 	 [0.0, None]
   K1(1400)p_mass 	 [1.393, 1.413]
   K1(1400)p_width 	 [0.161, 0.187]
   K2(1820)p_mass 	 [1.807, 1.831]
   K2(1820)p_width 	 [0.232, 0.298]
   K2(1980)p_mass 	 [1.94, 2.05]
   K2(1980)p_width 	 [0.318, 0.398]
   K2(2250)p_mass 	 [2.23, 2.264]
   K2(2250)p_width 	 [0.15, 0.21]
   K3(2320)p_mass 	 [2.3, 2.348]
   K3(2320)p_width 	 [0.12, 0.18]
   K1(1400)m_mass 	 [1.393, 1.413]
   K1(1400)m_width 	 [0.161, 0.187]
   K2(1820)m_mass 	 [1.807, 1.831]
   K2(1820)m_width 	 [0.232, 0.298]
   K2(1980)m_mass 	 [1.94, 2.05]
   K2(1980)m_width 	 [0.318, 0.398]
   K3(2320)m_mass 	 [2.3, 2.348]
   K3(2320)m_width 	 [0.12, 0.18]
   f2(1270)_mass 	 [1.2746, 1.2762]
   f2(1270)_width 	 [0.18, 0.19]
   f0(1500)_mass 	 [1.497, 1.547]
   f0(1500)_width 	 [0.075, 0.141]
   f2(1525)_mass 	 [1.5149, 1.5197]
   f2(1525)_width 	 [0.066, 0.079]
   f2(1565)_mass 	 [1.558, 1.584]
   f2(1565)_width 	 [0.109, 0.155]
   f0(1710)_mass 	 [1.726, 1.741]
   f0(1710)_width 	 [0.14, 0.162]
   f2(1810)_mass 	 [1.803, 1.827]
   f2(1810)_width 	 [0.175, 0.219]
   f0(980)_flatte_g_0 	 [0.0, None]
   f0(980)_flatte_g_1 	 [0.0, None]
nll_grad  cost time: 4.411019563674927
nll_grad  cost time: 7.6170430183410645
tf.Tensor(-2856.317505269384, shape=(), dtype=float64)
nll_grad  cost time: 2.0743961334228516
tf.Tensor(-5641.329346979008, shape=(), dtype=float64)
nll_grad  cost time: 2.1067826747894287
nll_grad  cost time: 2.068183660507202
tf.Tensor(-7059.14118220775, shape=(), dtype=float64)
nll_grad  cost time: 2.2021541595458984
tf.Tensor(-7558.038924552951, shape=(), dtype=float64)
nll_grad  cost time: 2.196157693862915
tf.Tensor(-8086.345416754775, shape=(), dtype=float64)
nll_grad  cost time: 2.150249481201172
tf.Tensor(-8498.999979821572, shape=(), dtype=float64)
nll_grad  cost time: 2.1576592922210693
tf.Tensor(-8850.835610415015, shape=(), dtype=float64)
nll_grad  cost time: 2.1564435958862305
nll_grad  cost time: 2.1501638889312744
tf.Tensor(-9010.092345831144, shape=(), dtype=float64)
nll_grad  cost time: 2.2284088134765625
tf.Tensor(-9223.284800802736, shape=(), dtype=float64)
nll_grad  cost time: 2.150331974029541
tf.Tensor(-9520.504503997407, shape=(), dtype=float64)
nll_grad  cost time: 2.1858160495758057
nll_grad  cost time: 2.090501308441162
tf.Tensor(-9734.180188142513, shape=(), dtype=float64)
nll_grad  cost time: 2.1556711196899414
nll_grad  cost time: 2.110590696334839
tf.Tensor(-9832.089112100686, shape=(), dtype=float64)
nll_grad  cost time: 2.154937505722046
tf.Tensor(-9938.092329596373, shape=(), dtype=float64)
nll_grad  cost time: 2.2186145782470703
tf.Tensor(-9952.358081818784, shape=(), dtype=float64)
nll_grad  cost time: 2.286497116088867
tf.Tensor(-9978.572025182904, shape=(), dtype=float64)
nll_grad  cost time: 2.2454018592834473
tf.Tensor(-10016.351342742775, shape=(), dtype=float64)
nll_grad  cost time: 2.2677197456359863
tf.Tensor(-10070.75093494865, shape=(), dtype=float64)
nll_grad  cost time: 2.294792413711548
tf.Tensor(-10148.485759813164, shape=(), dtype=float64)
nll_grad  cost time: 2.2516231536865234
tf.Tensor(-10241.696913828404, shape=(), dtype=float64)
nll_grad  cost time: 2.319171190261841
tf.Tensor(-10344.087469472346, shape=(), dtype=float64)
nll_grad  cost time: 2.2977027893066406
nll_grad  cost time: 2.174567699432373
tf.Tensor(-10396.410162058237, shape=(), dtype=float64)
nll_grad  cost time: 2.224992036819458
tf.Tensor(-10445.615003810977, shape=(), dtype=float64)
nll_grad  cost time: 2.209007978439331
nll_grad  cost time: 2.231325626373291
tf.Tensor(-10473.84706708706, shape=(), dtype=float64)
nll_grad  cost time: 2.3361260890960693
tf.Tensor(-10503.084223481943, shape=(), dtype=float64)
nll_grad  cost time: 2.3573429584503174
tf.Tensor(-10537.028973500477, shape=(), dtype=float64)
nll_grad  cost time: 2.476649284362793
tf.Tensor(-10556.815543214092, shape=(), dtype=float64)
nll_grad  cost time: 2.3740973472595215
tf.Tensor(-10583.877284768852, shape=(), dtype=float64)
nll_grad  cost time: 2.423933982849121
tf.Tensor(-10589.425917007102, shape=(), dtype=float64)
nll_grad  cost time: 2.4845011234283447
tf.Tensor(-10598.400592222126, shape=(), dtype=float64)
nll_grad  cost time: 2.467860698699951
tf.Tensor(-10611.464229825477, shape=(), dtype=float64)
nll_grad  cost time: 2.3751566410064697
tf.Tensor(-10621.24433346861, shape=(), dtype=float64)
nll_grad  cost time: 2.351943254470825
tf.Tensor(-10633.971872118404, shape=(), dtype=float64)
nll_grad  cost time: 2.3144314289093018
tf.Tensor(-10648.634743850678, shape=(), dtype=float64)
nll_grad  cost time: 2.317307949066162
tf.Tensor(-10660.306566706902, shape=(), dtype=float64)
nll_grad  cost time: 2.2752480506896973
tf.Tensor(-10678.085956422176, shape=(), dtype=float64)
nll_grad  cost time: 2.3634610176086426
tf.Tensor(-10700.879732512723, shape=(), dtype=float64)
nll_grad  cost time: 2.452503204345703
tf.Tensor(-10723.460014751618, shape=(), dtype=float64)
nll_grad  cost time: 2.6273958683013916
tf.Tensor(-10733.659943628547, shape=(), dtype=float64)
nll_grad  cost time: 2.5359158515930176
tf.Tensor(-10748.364324496913, shape=(), dtype=float64)
nll_grad  cost time: 2.505110025405884
tf.Tensor(-10769.363853444069, shape=(), dtype=float64)
nll_grad  cost time: 2.5999255180358887
tf.Tensor(-10779.611576192547, shape=(), dtype=float64)
nll_grad  cost time: 2.565941333770752
tf.Tensor(-10792.484578467833, shape=(), dtype=float64)
nll_grad  cost time: 2.5275816917419434
tf.Tensor(-10811.593509280807, shape=(), dtype=float64)
nll_grad  cost time: 2.4848036766052246
tf.Tensor(-10821.19410842123, shape=(), dtype=float64)
nll_grad  cost time: 2.392875909805298
tf.Tensor(-10827.746495478481, shape=(), dtype=float64)
nll_grad  cost time: 2.354365825653076
tf.Tensor(-10835.491512691704, shape=(), dtype=float64)
nll_grad  cost time: 2.2499990463256836
tf.Tensor(-10843.253281489917, shape=(), dtype=float64)
nll_grad  cost time: 2.300204277038574
tf.Tensor(-10850.776730933707, shape=(), dtype=float64)
nll_grad  cost time: 2.2032666206359863
tf.Tensor(-10860.802178095066, shape=(), dtype=float64)
nll_grad  cost time: 2.4830715656280518
tf.Tensor(-10863.402758456534, shape=(), dtype=float64)
nll_grad  cost time: 2.504847526550293
tf.Tensor(-10867.956854096745, shape=(), dtype=float64)
nll_grad  cost time: 2.6552984714508057
tf.Tensor(-10875.807090301416, shape=(), dtype=float64)
nll_grad  cost time: 2.671445369720459
tf.Tensor(-10884.063583507377, shape=(), dtype=float64)
nll_grad  cost time: 2.8805129528045654
tf.Tensor(-10895.464381288577, shape=(), dtype=float64)
nll_grad  cost time: 2.639842987060547
tf.Tensor(-10906.690342875736, shape=(), dtype=float64)
nll_grad  cost time: 2.679608106613159
tf.Tensor(-10915.53702033135, shape=(), dtype=float64)
nll_grad  cost time: 2.5659568309783936
tf.Tensor(-10924.79181965081, shape=(), dtype=float64)
nll_grad  cost time: 2.542036294937134
tf.Tensor(-10933.928704046804, shape=(), dtype=float64)
nll_grad  cost time: 2.5409910678863525
tf.Tensor(-10941.797885686741, shape=(), dtype=float64)
nll_grad  cost time: 2.568528175354004
tf.Tensor(-10952.812860259684, shape=(), dtype=float64)
nll_grad  cost time: 2.5689585208892822
tf.Tensor(-10959.959698014849, shape=(), dtype=float64)
nll_grad  cost time: 2.707409143447876
tf.Tensor(-10967.677690086246, shape=(), dtype=float64)
nll_grad  cost time: 2.571958303451538
tf.Tensor(-10975.481657593686, shape=(), dtype=float64)
nll_grad  cost time: 2.579037666320801
tf.Tensor(-10982.242159947098, shape=(), dtype=float64)
nll_grad  cost time: 2.661107301712036
tf.Tensor(-10988.772065053228, shape=(), dtype=float64)
nll_grad  cost time: 2.6249496936798096
tf.Tensor(-10992.548329713303, shape=(), dtype=float64)
nll_grad  cost time: 2.5943009853363037
tf.Tensor(-10996.800420938933, shape=(), dtype=float64)
nll_grad  cost time: 2.572457790374756
tf.Tensor(-11001.207200752498, shape=(), dtype=float64)
nll_grad  cost time: 2.649120330810547
tf.Tensor(-11004.110672450377, shape=(), dtype=float64)
nll_grad  cost time: 2.619483232498169
tf.Tensor(-11008.572002004832, shape=(), dtype=float64)
nll_grad  cost time: 2.5661025047302246
tf.Tensor(-11014.534813013568, shape=(), dtype=float64)
nll_grad  cost time: 2.6650478839874268
tf.Tensor(-11020.89952319958, shape=(), dtype=float64)
nll_grad  cost time: 2.6112892627716064
tf.Tensor(-11027.121864828514, shape=(), dtype=float64)
nll_grad  cost time: 2.6563267707824707
tf.Tensor(-11030.373040546896, shape=(), dtype=float64)
nll_grad  cost time: 2.682231903076172
tf.Tensor(-11035.410336841553, shape=(), dtype=float64)
nll_grad  cost time: 2.6644649505615234
tf.Tensor(-11042.262036795451, shape=(), dtype=float64)
nll_grad  cost time: 2.6710751056671143
tf.Tensor(-11050.644061788713, shape=(), dtype=float64)
nll_grad  cost time: 2.725191593170166
tf.Tensor(-11057.338109480872, shape=(), dtype=float64)
nll_grad  cost time: 2.854879379272461
tf.Tensor(-11062.183693270184, shape=(), dtype=float64)
nll_grad  cost time: 2.9447250366210938
tf.Tensor(-11065.41879167933, shape=(), dtype=float64)
nll_grad  cost time: 2.824507713317871
tf.Tensor(-11068.982612748761, shape=(), dtype=float64)
nll_grad  cost time: 2.729154109954834
tf.Tensor(-11071.46192128575, shape=(), dtype=float64)
nll_grad  cost time: 2.69319486618042
tf.Tensor(-11074.985250881116, shape=(), dtype=float64)
nll_grad  cost time: 2.8175172805786133
tf.Tensor(-11077.411179709103, shape=(), dtype=float64)
nll_grad  cost time: 2.6767570972442627
tf.Tensor(-11080.985147406274, shape=(), dtype=float64)
nll_grad  cost time: 2.7476840019226074
tf.Tensor(-11085.262983119901, shape=(), dtype=float64)
nll_grad  cost time: 2.8838648796081543
tf.Tensor(-11090.852973497414, shape=(), dtype=float64)
nll_grad  cost time: 2.8804643154144287
nll_grad  cost time: 2.976595163345337
tf.Tensor(-11092.42747018073, shape=(), dtype=float64)
nll_grad  cost time: 3.053880214691162
tf.Tensor(-11094.777832267631, shape=(), dtype=float64)
nll_grad  cost time: 2.9679477214813232
tf.Tensor(-11097.190235636619, shape=(), dtype=float64)
nll_grad  cost time: 3.0075368881225586
tf.Tensor(-11100.319872529319, shape=(), dtype=float64)
nll_grad  cost time: 2.8776485919952393
tf.Tensor(-11103.125053710333, shape=(), dtype=float64)
nll_grad  cost time: 2.862842321395874
tf.Tensor(-11105.280631303598, shape=(), dtype=float64)
nll_grad  cost time: 2.8738725185394287
tf.Tensor(-11107.731556089784, shape=(), dtype=float64)
nll_grad  cost time: 2.67470383644104
tf.Tensor(-11110.8299262761, shape=(), dtype=float64)
nll_grad  cost time: 2.7687995433807373
tf.Tensor(-11114.899749902717, shape=(), dtype=float64)
nll_grad  cost time: 2.7224183082580566
nll_grad  cost time: 2.5579397678375244
tf.Tensor(-11117.019060518913, shape=(), dtype=float64)
nll_grad  cost time: 2.8351659774780273
tf.Tensor(-11119.962100913297, shape=(), dtype=float64)
nll_grad  cost time: 2.808366060256958
tf.Tensor(-11122.388828336858, shape=(), dtype=float64)
nll_grad  cost time: 2.96793532371521
tf.Tensor(-11124.558971157807, shape=(), dtype=float64)
nll_grad  cost time: 3.134354591369629
tf.Tensor(-11127.314045356106, shape=(), dtype=float64)
nll_grad  cost time: 2.9701614379882812
nll_grad  cost time: 3.0177969932556152
tf.Tensor(-11128.705196309063, shape=(), dtype=float64)
nll_grad  cost time: 3.0076541900634766
tf.Tensor(-11130.3452551097, shape=(), dtype=float64)
nll_grad  cost time: 2.9253804683685303
tf.Tensor(-11131.830846262324, shape=(), dtype=float64)
nll_grad  cost time: 3.0599281787872314
tf.Tensor(-11133.815407067887, shape=(), dtype=float64)
nll_grad  cost time: 3.290001392364502
tf.Tensor(-11136.15574531375, shape=(), dtype=float64)
nll_grad  cost time: 3.0908539295196533
tf.Tensor(-11137.341130025728, shape=(), dtype=float64)
nll_grad  cost time: 2.973827362060547
tf.Tensor(-11139.351533800553, shape=(), dtype=float64)
nll_grad  cost time: 3.024746894836426
tf.Tensor(-11141.660910737817, shape=(), dtype=float64)
nll_grad  cost time: 2.95375657081604
tf.Tensor(-11144.319812462549, shape=(), dtype=float64)
nll_grad  cost time: 2.9960436820983887
tf.Tensor(-11147.443744084216, shape=(), dtype=float64)
nll_grad  cost time: 3.1224606037139893
tf.Tensor(-11149.642717559735, shape=(), dtype=float64)
nll_grad  cost time: 3.0406196117401123
tf.Tensor(-11152.498561529414, shape=(), dtype=float64)
nll_grad  cost time: 2.9794297218322754
tf.Tensor(-11156.002143888589, shape=(), dtype=float64)
nll_grad  cost time: 2.9112699031829834
tf.Tensor(-11160.943418061739, shape=(), dtype=float64)
nll_grad  cost time: 2.874868154525757
tf.Tensor(-11165.452324977261, shape=(), dtype=float64)
nll_grad  cost time: 3.0538535118103027
tf.Tensor(-11168.53224129448, shape=(), dtype=float64)
nll_grad  cost time: 2.977126121520996
tf.Tensor(-11172.667247637815, shape=(), dtype=float64)
nll_grad  cost time: 2.886441469192505
tf.Tensor(-11177.5235893801, shape=(), dtype=float64)
nll_grad  cost time: 3.000190019607544
tf.Tensor(-11181.481775910579, shape=(), dtype=float64)
nll_grad  cost time: 2.8488121032714844
tf.Tensor(-11182.75498861124, shape=(), dtype=float64)
nll_grad  cost time: 3.020141124725342
tf.Tensor(-11185.004684695086, shape=(), dtype=float64)
nll_grad  cost time: 2.9963364601135254
tf.Tensor(-11188.2796663615, shape=(), dtype=float64)
nll_grad  cost time: 3.1214346885681152
tf.Tensor(-11191.30945422477, shape=(), dtype=float64)
nll_grad  cost time: 3.0475897789001465
tf.Tensor(-11192.269534439678, shape=(), dtype=float64)
nll_grad  cost time: 3.039616823196411
tf.Tensor(-11193.701587061543, shape=(), dtype=float64)
nll_grad  cost time: 3.0421667098999023
tf.Tensor(-11195.284714253838, shape=(), dtype=float64)
nll_grad  cost time: 3.1460864543914795
tf.Tensor(-11196.25915015876, shape=(), dtype=float64)
nll_grad  cost time: 2.9929983615875244
tf.Tensor(-11197.401624238351, shape=(), dtype=float64)
nll_grad  cost time: 2.9825663566589355
tf.Tensor(-11198.321712194767, shape=(), dtype=float64)
nll_grad  cost time: 3.06642746925354
tf.Tensor(-11199.35124953244, shape=(), dtype=float64)
nll_grad  cost time: 3.084462881088257
tf.Tensor(-11200.40780877079, shape=(), dtype=float64)
nll_grad  cost time: 3.029975652694702
tf.Tensor(-11201.765826619594, shape=(), dtype=float64)
nll_grad  cost time: 3.019115924835205
tf.Tensor(-11202.768077710381, shape=(), dtype=float64)
nll_grad  cost time: 3.0419094562530518
tf.Tensor(-11204.006802445496, shape=(), dtype=float64)
nll_grad  cost time: 3.088109016418457
tf.Tensor(-11205.211879898561, shape=(), dtype=float64)
nll_grad  cost time: 2.9581546783447266
tf.Tensor(-11206.520076290864, shape=(), dtype=float64)
nll_grad  cost time: 3.0287857055664062
tf.Tensor(-11208.264204797873, shape=(), dtype=float64)
nll_grad  cost time: 3.065678596496582
tf.Tensor(-11209.658634597115, shape=(), dtype=float64)
nll_grad  cost time: 3.012972593307495
tf.Tensor(-11210.725471246536, shape=(), dtype=float64)
nll_grad  cost time: 3.0858941078186035
tf.Tensor(-11211.56897129459, shape=(), dtype=float64)
nll_grad  cost time: 3.1452486515045166
tf.Tensor(-11212.707771495901, shape=(), dtype=float64)
nll_grad  cost time: 3.0605905055999756
tf.Tensor(-11213.800095217448, shape=(), dtype=float64)
nll_grad  cost time: 3.0354549884796143
tf.Tensor(-11214.941439172122, shape=(), dtype=float64)
nll_grad  cost time: 2.9651150703430176
tf.Tensor(-11215.779553337707, shape=(), dtype=float64)
nll_grad  cost time: 3.0750691890716553
tf.Tensor(-11216.747314588181, shape=(), dtype=float64)
nll_grad  cost time: 3.0158369541168213
tf.Tensor(-11217.791267954235, shape=(), dtype=float64)
nll_grad  cost time: 2.906592845916748
tf.Tensor(-11218.459447129237, shape=(), dtype=float64)
nll_grad  cost time: 2.963810443878174
tf.Tensor(-11219.538537148983, shape=(), dtype=float64)
nll_grad  cost time: 2.9897620677948
tf.Tensor(-11221.000109162836, shape=(), dtype=float64)
nll_grad  cost time: 3.0266551971435547
tf.Tensor(-11222.234989650431, shape=(), dtype=float64)
nll_grad  cost time: 3.022000789642334
tf.Tensor(-11223.238208682873, shape=(), dtype=float64)
nll_grad  cost time: 2.8643441200256348
tf.Tensor(-11224.451296802858, shape=(), dtype=float64)
nll_grad  cost time: 3.107691526412964
tf.Tensor(-11225.624062817049, shape=(), dtype=float64)
nll_grad  cost time: 3.008344888687134
tf.Tensor(-11226.828535684515, shape=(), dtype=float64)
nll_grad  cost time: 3.1507837772369385
tf.Tensor(-11227.670908984073, shape=(), dtype=float64)
nll_grad  cost time: 2.98923921585083
tf.Tensor(-11228.464651665432, shape=(), dtype=float64)
nll_grad  cost time: 3.082573413848877
tf.Tensor(-11229.570690384542, shape=(), dtype=float64)
nll_grad  cost time: 2.978163242340088
tf.Tensor(-11231.004501749063, shape=(), dtype=float64)
nll_grad  cost time: 3.0771255493164062
tf.Tensor(-11232.776418531314, shape=(), dtype=float64)
nll_grad  cost time: 3.0748188495635986
tf.Tensor(-11235.0993282883, shape=(), dtype=float64)
nll_grad  cost time: 3.056525945663452
tf.Tensor(-11237.525467338026, shape=(), dtype=float64)
nll_grad  cost time: 2.949941635131836
tf.Tensor(-11240.007764945054, shape=(), dtype=float64)
nll_grad  cost time: 3.1476259231567383
tf.Tensor(-11240.897248911439, shape=(), dtype=float64)
nll_grad  cost time: 3.1235265731811523
tf.Tensor(-11242.274918569776, shape=(), dtype=float64)
nll_grad  cost time: 2.9422292709350586
tf.Tensor(-11244.395714015292, shape=(), dtype=float64)
nll_grad  cost time: 2.9349286556243896
tf.Tensor(-11247.269428380445, shape=(), dtype=float64)
nll_grad  cost time: 3.37753963470459
tf.Tensor(-11250.14290271337, shape=(), dtype=float64)
nll_grad  cost time: 3.058856248855591
tf.Tensor(-11252.92117282981, shape=(), dtype=float64)
nll_grad  cost time: 2.9956846237182617
tf.Tensor(-11255.154955769205, shape=(), dtype=float64)
nll_grad  cost time: 3.0967540740966797
tf.Tensor(-11257.42074813832, shape=(), dtype=float64)
nll_grad  cost time: 3.043743848800659
tf.Tensor(-11260.064864411324, shape=(), dtype=float64)
nll_grad  cost time: 3.0037968158721924
tf.Tensor(-11262.991050154727, shape=(), dtype=float64)
nll_grad  cost time: 3.13104510307312
tf.Tensor(-11264.75339746289, shape=(), dtype=float64)
nll_grad  cost time: 3.0715572834014893
tf.Tensor(-11267.174432633925, shape=(), dtype=float64)
nll_grad  cost time: 3.041088104248047
tf.Tensor(-11267.867739805937, shape=(), dtype=float64)
nll_grad  cost time: 2.941866874694824
tf.Tensor(-11268.969056279995, shape=(), dtype=float64)
nll_grad  cost time: 2.974848747253418
tf.Tensor(-11270.495720361636, shape=(), dtype=float64)
nll_grad  cost time: 2.9583992958068848
tf.Tensor(-11271.5311959299, shape=(), dtype=float64)
nll_grad  cost time: 2.9576594829559326
tf.Tensor(-11272.214194291984, shape=(), dtype=float64)
nll_grad  cost time: 3.10605788230896
tf.Tensor(-11273.160100828696, shape=(), dtype=float64)
nll_grad  cost time: 3.0322952270507812
tf.Tensor(-11274.16725975096, shape=(), dtype=float64)
nll_grad  cost time: 2.994330406188965
tf.Tensor(-11275.150976876364, shape=(), dtype=float64)
nll_grad  cost time: 3.09767746925354
tf.Tensor(-11275.981953723182, shape=(), dtype=float64)
nll_grad  cost time: 2.9670677185058594
tf.Tensor(-11276.875278243766, shape=(), dtype=float64)
nll_grad  cost time: 2.9657399654388428
tf.Tensor(-11278.046354200807, shape=(), dtype=float64)
nll_grad  cost time: 2.9956979751586914
tf.Tensor(-11278.58546914978, shape=(), dtype=float64)
nll_grad  cost time: 3.0943808555603027
tf.Tensor(-11279.471702201234, shape=(), dtype=float64)
nll_grad  cost time: 3.143192768096924
tf.Tensor(-11280.669131549745, shape=(), dtype=float64)
nll_grad  cost time: 3.0813584327697754
tf.Tensor(-11281.912428753101, shape=(), dtype=float64)
nll_grad  cost time: 3.2840158939361572
tf.Tensor(-11283.123558320716, shape=(), dtype=float64)
nll_grad  cost time: 3.254558563232422
tf.Tensor(-11284.011711788757, shape=(), dtype=float64)
nll_grad  cost time: 3.1777350902557373
tf.Tensor(-11285.27487471023, shape=(), dtype=float64)
nll_grad  cost time: 3.154099941253662
tf.Tensor(-11286.759067472594, shape=(), dtype=float64)
nll_grad  cost time: 3.20778751373291
nll_grad  cost time: 3.0549044609069824
tf.Tensor(-11287.46966875359, shape=(), dtype=float64)
nll_grad  cost time: 3.219512462615967
tf.Tensor(-11288.235427535008, shape=(), dtype=float64)
nll_grad  cost time: 3.117527961730957
tf.Tensor(-11289.170159459682, shape=(), dtype=float64)
nll_grad  cost time: 3.01082706451416
tf.Tensor(-11290.448501023784, shape=(), dtype=float64)
nll_grad  cost time: 3.0606958866119385
tf.Tensor(-11292.074000123685, shape=(), dtype=float64)
nll_grad  cost time: 3.0418689250946045
tf.Tensor(-11293.60404951789, shape=(), dtype=float64)
nll_grad  cost time: 3.1727519035339355
tf.Tensor(-11294.942827334162, shape=(), dtype=float64)
nll_grad  cost time: 3.160835027694702
tf.Tensor(-11296.834165833076, shape=(), dtype=float64)
nll_grad  cost time: 3.0022120475769043
tf.Tensor(-11298.51565040875, shape=(), dtype=float64)
nll_grad  cost time: 3.127438545227051
tf.Tensor(-11300.091141428711, shape=(), dtype=float64)
nll_grad  cost time: 3.0790750980377197
tf.Tensor(-11301.300503274222, shape=(), dtype=float64)
nll_grad  cost time: 3.1746652126312256
tf.Tensor(-11302.845018936423, shape=(), dtype=float64)
nll_grad  cost time: 3.0397558212280273
tf.Tensor(-11303.721558989433, shape=(), dtype=float64)
nll_grad  cost time: 3.0958962440490723
tf.Tensor(-11304.794645828777, shape=(), dtype=float64)
nll_grad  cost time: 3.1985695362091064
tf.Tensor(-11306.088822027508, shape=(), dtype=float64)
nll_grad  cost time: 3.0376532077789307
tf.Tensor(-11307.259872288661, shape=(), dtype=float64)
nll_grad  cost time: 3.063244342803955
tf.Tensor(-11308.370121530781, shape=(), dtype=float64)
nll_grad  cost time: 3.1055078506469727
tf.Tensor(-11309.144988806744, shape=(), dtype=float64)
nll_grad  cost time: 3.106187343597412
tf.Tensor(-11309.983614114783, shape=(), dtype=float64)
nll_grad  cost time: 3.130291700363159
tf.Tensor(-11310.832823338962, shape=(), dtype=float64)
nll_grad  cost time: 2.9901154041290283
tf.Tensor(-11311.34154430189, shape=(), dtype=float64)
nll_grad  cost time: 3.0526766777038574
tf.Tensor(-11312.068186746706, shape=(), dtype=float64)
nll_grad  cost time: 3.0660669803619385
tf.Tensor(-11312.493370394688, shape=(), dtype=float64)
nll_grad  cost time: 3.0695364475250244
tf.Tensor(-11313.048624743868, shape=(), dtype=float64)
nll_grad  cost time: 3.130256414413452
tf.Tensor(-11313.63742064513, shape=(), dtype=float64)
nll_grad  cost time: 3.0076210498809814
tf.Tensor(-11314.408904889395, shape=(), dtype=float64)
nll_grad  cost time: 3.0849618911743164
tf.Tensor(-11315.507721817557, shape=(), dtype=float64)
nll_grad  cost time: 2.9522650241851807
tf.Tensor(-11316.391673395701, shape=(), dtype=float64)
nll_grad  cost time: 3.0644845962524414
tf.Tensor(-11316.959369995224, shape=(), dtype=float64)
nll_grad  cost time: 3.031872034072876
tf.Tensor(-11317.706647821498, shape=(), dtype=float64)
nll_grad  cost time: 3.0533711910247803
tf.Tensor(-11318.251685404015, shape=(), dtype=float64)
nll_grad  cost time: 3.0592198371887207
tf.Tensor(-11318.766047057856, shape=(), dtype=float64)
nll_grad  cost time: 3.007352828979492
tf.Tensor(-11319.120407733557, shape=(), dtype=float64)
nll_grad  cost time: 3.111887216567993
tf.Tensor(-11319.534836321196, shape=(), dtype=float64)
nll_grad  cost time: 3.129103660583496
tf.Tensor(-11320.058745348433, shape=(), dtype=float64)
nll_grad  cost time: 3.0007286071777344
tf.Tensor(-11320.56452921727, shape=(), dtype=float64)
nll_grad  cost time: 3.0443954467773438
tf.Tensor(-11320.922625906343, shape=(), dtype=float64)
nll_grad  cost time: 2.909827709197998
tf.Tensor(-11321.261933856382, shape=(), dtype=float64)
nll_grad  cost time: 2.9697458744049072
tf.Tensor(-11321.599406933296, shape=(), dtype=float64)
nll_grad  cost time: 2.811213970184326
tf.Tensor(-11322.037867383886, shape=(), dtype=float64)
nll_grad  cost time: 2.9355363845825195
tf.Tensor(-11322.56284133924, shape=(), dtype=float64)
nll_grad  cost time: 2.9890480041503906
tf.Tensor(-11323.258031594538, shape=(), dtype=float64)
nll_grad  cost time: 2.8892366886138916
tf.Tensor(-11323.89993465766, shape=(), dtype=float64)
nll_grad  cost time: 2.9010157585144043
tf.Tensor(-11324.6855864549, shape=(), dtype=float64)
nll_grad  cost time: 2.9144105911254883
tf.Tensor(-11325.459128142742, shape=(), dtype=float64)
nll_grad  cost time: 2.9260382652282715
tf.Tensor(-11326.386573646654, shape=(), dtype=float64)
nll_grad  cost time: 2.920011281967163
tf.Tensor(-11327.204290855327, shape=(), dtype=float64)
nll_grad  cost time: 3.129666805267334
tf.Tensor(-11327.808720610934, shape=(), dtype=float64)
nll_grad  cost time: 2.976736545562744
tf.Tensor(-11328.515367243526, shape=(), dtype=float64)
nll_grad  cost time: 3.059440851211548
tf.Tensor(-11329.21448494948, shape=(), dtype=float64)
nll_grad  cost time: 3.2172577381134033
tf.Tensor(-11329.819567370374, shape=(), dtype=float64)
nll_grad  cost time: 3.2758054733276367
tf.Tensor(-11330.643769013477, shape=(), dtype=float64)
nll_grad  cost time: 3.1972029209136963
tf.Tensor(-11331.465497667654, shape=(), dtype=float64)
nll_grad  cost time: 3.125279188156128
tf.Tensor(-11331.977855325094, shape=(), dtype=float64)
nll_grad  cost time: 3.0176892280578613
tf.Tensor(-11332.689892927461, shape=(), dtype=float64)
nll_grad  cost time: 3.1392745971679688
nll_grad  cost time: 2.9873971939086914
tf.Tensor(-11333.078577090942, shape=(), dtype=float64)
nll_grad  cost time: 2.8929266929626465
tf.Tensor(-11333.515919983081, shape=(), dtype=float64)
nll_grad  cost time: 3.109193801879883
tf.Tensor(-11333.91475544672, shape=(), dtype=float64)
nll_grad  cost time: 3.087466239929199
tf.Tensor(-11334.266626519893, shape=(), dtype=float64)
nll_grad  cost time: 3.031115770339966
tf.Tensor(-11334.702552176386, shape=(), dtype=float64)
nll_grad  cost time: 3.034562826156616
tf.Tensor(-11335.12871411578, shape=(), dtype=float64)
nll_grad  cost time: 3.000411033630371
tf.Tensor(-11335.558116878456, shape=(), dtype=float64)
nll_grad  cost time: 3.066861391067505
tf.Tensor(-11336.12484184152, shape=(), dtype=float64)
nll_grad  cost time: 3.150022506713867
tf.Tensor(-11336.76561343408, shape=(), dtype=float64)
nll_grad  cost time: 3.081651449203491
tf.Tensor(-11337.3828104477, shape=(), dtype=float64)
nll_grad  cost time: 2.957791328430176
tf.Tensor(-11338.115942124772, shape=(), dtype=float64)
nll_grad  cost time: 2.8275258541107178
tf.Tensor(-11338.541103470488, shape=(), dtype=float64)
nll_grad  cost time: 2.9543988704681396
tf.Tensor(-11339.175099930595, shape=(), dtype=float64)
nll_grad  cost time: 2.885331630706787
tf.Tensor(-11339.932057138445, shape=(), dtype=float64)
nll_grad  cost time: 2.766828775405884
tf.Tensor(-11340.478710818003, shape=(), dtype=float64)
nll_grad  cost time: 2.7199175357818604
tf.Tensor(-11341.23216865382, shape=(), dtype=float64)
nll_grad  cost time: 2.8907289505004883
tf.Tensor(-11342.20710665008, shape=(), dtype=float64)
nll_grad  cost time: 3.014345407485962
tf.Tensor(-11342.935064127712, shape=(), dtype=float64)
nll_grad  cost time: 2.928297281265259
tf.Tensor(-11343.901328167849, shape=(), dtype=float64)
nll_grad  cost time: 2.8088650703430176
tf.Tensor(-11345.086298298047, shape=(), dtype=float64)
nll_grad  cost time: 2.874906301498413
tf.Tensor(-11346.03518792853, shape=(), dtype=float64)
nll_grad  cost time: 3.0367250442504883
tf.Tensor(-11346.747492496681, shape=(), dtype=float64)
nll_grad  cost time: 3.019270896911621
tf.Tensor(-11347.44029718764, shape=(), dtype=float64)
nll_grad  cost time: 2.89947509765625
tf.Tensor(-11348.415483573772, shape=(), dtype=float64)
nll_grad  cost time: 2.855074167251587
tf.Tensor(-11349.595265409007, shape=(), dtype=float64)
nll_grad  cost time: 2.8839504718780518
nll_grad  cost time: 2.819112539291382
tf.Tensor(-11350.288183857956, shape=(), dtype=float64)
nll_grad  cost time: 2.7407643795013428
tf.Tensor(-11351.013116835536, shape=(), dtype=float64)
nll_grad  cost time: 2.8975253105163574
tf.Tensor(-11351.917642694607, shape=(), dtype=float64)
nll_grad  cost time: 2.7807064056396484
tf.Tensor(-11352.885568195605, shape=(), dtype=float64)
nll_grad  cost time: 2.9178717136383057
tf.Tensor(-11354.1704494293, shape=(), dtype=float64)
nll_grad  cost time: 2.9961280822753906
tf.Tensor(-11355.963669977646, shape=(), dtype=float64)
nll_grad  cost time: 2.8846969604492188
tf.Tensor(-11358.148226298646, shape=(), dtype=float64)
nll_grad  cost time: 2.7546586990356445
tf.Tensor(-11359.160706115596, shape=(), dtype=float64)
nll_grad  cost time: 2.8201355934143066
tf.Tensor(-11360.32620836349, shape=(), dtype=float64)
nll_grad  cost time: 2.8182036876678467
tf.Tensor(-11361.680399125093, shape=(), dtype=float64)
nll_grad  cost time: 2.827877998352051
tf.Tensor(-11363.294271310348, shape=(), dtype=float64)
nll_grad  cost time: 2.9275474548339844
tf.Tensor(-11363.632404451862, shape=(), dtype=float64)
nll_grad  cost time: 3.090043783187866
tf.Tensor(-11364.23931056066, shape=(), dtype=float64)
nll_grad  cost time: 3.1373801231384277
tf.Tensor(-11365.320751342304, shape=(), dtype=float64)
nll_grad  cost time: 3.0562474727630615
tf.Tensor(-11366.666686020944, shape=(), dtype=float64)
nll_grad  cost time: 2.928342819213867
tf.Tensor(-11368.2029790431, shape=(), dtype=float64)
nll_grad  cost time: 2.8688416481018066
nll_grad  cost time: 2.9193131923675537
tf.Tensor(-11369.052297183694, shape=(), dtype=float64)
nll_grad  cost time: 2.8117706775665283
tf.Tensor(-11369.677296455575, shape=(), dtype=float64)
nll_grad  cost time: 2.8855597972869873
tf.Tensor(-11370.054742990633, shape=(), dtype=float64)
nll_grad  cost time: 3.027466297149658
tf.Tensor(-11370.67457428652, shape=(), dtype=float64)
nll_grad  cost time: 3.0078747272491455
tf.Tensor(-11371.203194530499, shape=(), dtype=float64)
nll_grad  cost time: 3.0944488048553467
tf.Tensor(-11371.654461364247, shape=(), dtype=float64)
nll_grad  cost time: 3.034351110458374
tf.Tensor(-11372.05963677954, shape=(), dtype=float64)
nll_grad  cost time: 2.8244616985321045
tf.Tensor(-11372.507884056326, shape=(), dtype=float64)
nll_grad  cost time: 2.843385696411133
tf.Tensor(-11373.079493879228, shape=(), dtype=float64)
nll_grad  cost time: 2.831404685974121
tf.Tensor(-11373.482501712857, shape=(), dtype=float64)
nll_grad  cost time: 2.9640555381774902
tf.Tensor(-11373.728143166449, shape=(), dtype=float64)
nll_grad  cost time: 3.0450944900512695
tf.Tensor(-11373.95546244353, shape=(), dtype=float64)
nll_grad  cost time: 3.0476415157318115
tf.Tensor(-11374.23337075633, shape=(), dtype=float64)
nll_grad  cost time: 2.9804155826568604
tf.Tensor(-11374.623253783735, shape=(), dtype=float64)
nll_grad  cost time: 2.8535611629486084
tf.Tensor(-11375.07264478983, shape=(), dtype=float64)
nll_grad  cost time: 2.856959104537964
tf.Tensor(-11375.505064983987, shape=(), dtype=float64)
nll_grad  cost time: 3.05348801612854
tf.Tensor(-11375.79977600542, shape=(), dtype=float64)
nll_grad  cost time: 2.8377721309661865
tf.Tensor(-11376.178646225588, shape=(), dtype=float64)
nll_grad  cost time: 2.9481728076934814
tf.Tensor(-11376.573233603518, shape=(), dtype=float64)
nll_grad  cost time: 2.8283939361572266
tf.Tensor(-11376.972237013291, shape=(), dtype=float64)
nll_grad  cost time: 2.881208658218384
tf.Tensor(-11377.250302167595, shape=(), dtype=float64)
nll_grad  cost time: 2.748230457305908
tf.Tensor(-11377.451566824446, shape=(), dtype=float64)
nll_grad  cost time: 2.61517333984375
tf.Tensor(-11377.649223061642, shape=(), dtype=float64)
nll_grad  cost time: 2.7311017513275146
tf.Tensor(-11377.823223042436, shape=(), dtype=float64)
nll_grad  cost time: 2.7016141414642334
tf.Tensor(-11377.961668015894, shape=(), dtype=float64)
nll_grad  cost time: 2.7680437564849854
tf.Tensor(-11378.106199004491, shape=(), dtype=float64)
nll_grad  cost time: 2.865504264831543
tf.Tensor(-11378.275622002191, shape=(), dtype=float64)
nll_grad  cost time: 2.7945375442504883
tf.Tensor(-11378.464415037419, shape=(), dtype=float64)
nll_grad  cost time: 2.8660528659820557
tf.Tensor(-11378.626445208269, shape=(), dtype=float64)
nll_grad  cost time: 2.8907034397125244
tf.Tensor(-11378.743333889499, shape=(), dtype=float64)
nll_grad  cost time: 2.7626380920410156
tf.Tensor(-11378.897636897032, shape=(), dtype=float64)
nll_grad  cost time: 2.923703670501709
tf.Tensor(-11379.080803281962, shape=(), dtype=float64)
nll_grad  cost time: 2.8379101753234863
tf.Tensor(-11379.229944304494, shape=(), dtype=float64)
nll_grad  cost time: 2.972132921218872
tf.Tensor(-11379.418732011989, shape=(), dtype=float64)
nll_grad  cost time: 2.957058906555176
tf.Tensor(-11379.60802629955, shape=(), dtype=float64)
nll_grad  cost time: 2.9388043880462646
tf.Tensor(-11379.83786631082, shape=(), dtype=float64)
nll_grad  cost time: 2.9203274250030518
tf.Tensor(-11380.100059633405, shape=(), dtype=float64)
nll_grad  cost time: 2.893706798553467
tf.Tensor(-11380.371739197995, shape=(), dtype=float64)
nll_grad  cost time: 2.823929786682129
tf.Tensor(-11380.665975470525, shape=(), dtype=float64)
nll_grad  cost time: 3.0882487297058105
tf.Tensor(-11380.954096350462, shape=(), dtype=float64)
nll_grad  cost time: 2.901761293411255
tf.Tensor(-11381.269973639777, shape=(), dtype=float64)
nll_grad  cost time: 2.9683117866516113
tf.Tensor(-11381.583017814643, shape=(), dtype=float64)
nll_grad  cost time: 2.9681620597839355
tf.Tensor(-11381.912264706323, shape=(), dtype=float64)
nll_grad  cost time: 2.9791159629821777
tf.Tensor(-11382.172602517527, shape=(), dtype=float64)
nll_grad  cost time: 2.8891475200653076
tf.Tensor(-11382.54723047528, shape=(), dtype=float64)
nll_grad  cost time: 2.820788860321045
tf.Tensor(-11382.943579224026, shape=(), dtype=float64)
nll_grad  cost time: 3.1908347606658936
tf.Tensor(-11383.232567761002, shape=(), dtype=float64)
nll_grad  cost time: 2.9757895469665527
tf.Tensor(-11383.5938976295, shape=(), dtype=float64)
nll_grad  cost time: 2.890469551086426
tf.Tensor(-11383.948190202605, shape=(), dtype=float64)
nll_grad  cost time: 2.9519197940826416
tf.Tensor(-11384.20987052876, shape=(), dtype=float64)
nll_grad  cost time: 2.8815739154815674
tf.Tensor(-11384.546365672551, shape=(), dtype=float64)
nll_grad  cost time: 2.857326030731201
tf.Tensor(-11384.959591875744, shape=(), dtype=float64)
nll_grad  cost time: 2.917973041534424
tf.Tensor(-11385.392834683564, shape=(), dtype=float64)
nll_grad  cost time: 2.942772626876831
tf.Tensor(-11386.02738673686, shape=(), dtype=float64)
nll_grad  cost time: 2.872263193130493
tf.Tensor(-11386.982735194943, shape=(), dtype=float64)
nll_grad  cost time: 2.8056657314300537
tf.Tensor(-11388.321268371354, shape=(), dtype=float64)
nll_grad  cost time: 2.8207316398620605
tf.Tensor(-11389.648440078112, shape=(), dtype=float64)
nll_grad  cost time: 2.9426157474517822
tf.Tensor(-11390.769979138757, shape=(), dtype=float64)
nll_grad  cost time: 2.9336094856262207
tf.Tensor(-11392.070734878434, shape=(), dtype=float64)
nll_grad  cost time: 2.762432813644409
tf.Tensor(-11392.886982663887, shape=(), dtype=float64)
nll_grad  cost time: 2.798100471496582
tf.Tensor(-11394.041581436562, shape=(), dtype=float64)
nll_grad  cost time: 2.9341530799865723
tf.Tensor(-11395.024768468673, shape=(), dtype=float64)
nll_grad  cost time: 2.930865526199341
tf.Tensor(-11395.308761736778, shape=(), dtype=float64)
nll_grad  cost time: 2.8225789070129395
tf.Tensor(-11395.8235975731, shape=(), dtype=float64)
nll_grad  cost time: 2.970020294189453
tf.Tensor(-11396.710448009868, shape=(), dtype=float64)
nll_grad  cost time: 2.8315019607543945
tf.Tensor(-11397.710724214092, shape=(), dtype=float64)
nll_grad  cost time: 2.801671266555786
tf.Tensor(-11398.434259284699, shape=(), dtype=float64)
nll_grad  cost time: 2.7135300636291504
tf.Tensor(-11399.145558128515, shape=(), dtype=float64)
nll_grad  cost time: 2.8100340366363525
tf.Tensor(-11399.89498503751, shape=(), dtype=float64)
nll_grad  cost time: 2.8577959537506104
tf.Tensor(-11400.634587433688, shape=(), dtype=float64)
nll_grad  cost time: 2.8428797721862793
tf.Tensor(-11401.282127257298, shape=(), dtype=float64)
nll_grad  cost time: 2.7942397594451904
tf.Tensor(-11402.006510830055, shape=(), dtype=float64)
nll_grad  cost time: 2.8493452072143555
tf.Tensor(-11402.504958938975, shape=(), dtype=float64)
nll_grad  cost time: 2.8607678413391113
tf.Tensor(-11403.13708456426, shape=(), dtype=float64)
nll_grad  cost time: 2.9375698566436768
tf.Tensor(-11403.794274082105, shape=(), dtype=float64)
nll_grad  cost time: 2.8888561725616455
nll_grad  cost time: 2.9649219512939453
tf.Tensor(-11404.13030859168, shape=(), dtype=float64)
nll_grad  cost time: 3.039491653442383
tf.Tensor(-11404.564634974911, shape=(), dtype=float64)
nll_grad  cost time: 3.0036888122558594
tf.Tensor(-11404.983932406383, shape=(), dtype=float64)
nll_grad  cost time: 2.8198506832122803
tf.Tensor(-11405.24495289805, shape=(), dtype=float64)
nll_grad  cost time: 2.807690143585205
tf.Tensor(-11405.489974565102, shape=(), dtype=float64)
nll_grad  cost time: 2.8221020698547363
tf.Tensor(-11405.707512356359, shape=(), dtype=float64)
nll_grad  cost time: 2.7250819206237793
tf.Tensor(-11405.86655604178, shape=(), dtype=float64)
nll_grad  cost time: 2.781092405319214
tf.Tensor(-11406.060741150442, shape=(), dtype=float64)
nll_grad  cost time: 2.8213653564453125
tf.Tensor(-11406.271953970008, shape=(), dtype=float64)
nll_grad  cost time: 2.91397762298584
tf.Tensor(-11406.549493021434, shape=(), dtype=float64)
nll_grad  cost time: 2.934736728668213
tf.Tensor(-11406.790274902436, shape=(), dtype=float64)
nll_grad  cost time: 3.098099708557129
tf.Tensor(-11407.018393062794, shape=(), dtype=float64)
nll_grad  cost time: 3.044236183166504
tf.Tensor(-11407.220162152084, shape=(), dtype=float64)
nll_grad  cost time: 2.901672840118408
tf.Tensor(-11407.448185768742, shape=(), dtype=float64)
nll_grad  cost time: 2.9491567611694336
tf.Tensor(-11407.694989072497, shape=(), dtype=float64)
nll_grad  cost time: 2.9398012161254883
tf.Tensor(-11407.940837051687, shape=(), dtype=float64)
nll_grad  cost time: 2.805384635925293
tf.Tensor(-11408.11802083394, shape=(), dtype=float64)
nll_grad  cost time: 2.8382773399353027
tf.Tensor(-11408.356811869104, shape=(), dtype=float64)
nll_grad  cost time: 2.764312505722046
tf.Tensor(-11408.636849628405, shape=(), dtype=float64)
nll_grad  cost time: 2.7821264266967773
tf.Tensor(-11408.928614207638, shape=(), dtype=float64)
nll_grad  cost time: 2.8662891387939453
tf.Tensor(-11409.126184946956, shape=(), dtype=float64)
nll_grad  cost time: 2.83296799659729
tf.Tensor(-11409.230908921003, shape=(), dtype=float64)
nll_grad  cost time: 2.954932689666748
tf.Tensor(-11409.369395605252, shape=(), dtype=float64)
nll_grad  cost time: 3.0310633182525635
tf.Tensor(-11409.4917999237, shape=(), dtype=float64)
nll_grad  cost time: 2.968414783477783
tf.Tensor(-11409.595170534605, shape=(), dtype=float64)
nll_grad  cost time: 2.8447139263153076
tf.Tensor(-11409.699662134328, shape=(), dtype=float64)
nll_grad  cost time: 2.8442134857177734
tf.Tensor(-11409.790635454148, shape=(), dtype=float64)
nll_grad  cost time: 2.810908555984497
tf.Tensor(-11409.899055188285, shape=(), dtype=float64)
nll_grad  cost time: 2.8779122829437256
tf.Tensor(-11410.007513323773, shape=(), dtype=float64)
nll_grad  cost time: 2.7959952354431152
tf.Tensor(-11410.086649921093, shape=(), dtype=float64)
nll_grad  cost time: 2.890061616897583
tf.Tensor(-11410.150368936564, shape=(), dtype=float64)
nll_grad  cost time: 2.731894016265869
tf.Tensor(-11410.20458505422, shape=(), dtype=float64)
nll_grad  cost time: 2.8477656841278076
tf.Tensor(-11410.253049976542, shape=(), dtype=float64)
nll_grad  cost time: 2.8180458545684814
tf.Tensor(-11410.298538904539, shape=(), dtype=float64)
nll_grad  cost time: 2.731424331665039
tf.Tensor(-11410.365107896694, shape=(), dtype=float64)
nll_grad  cost time: 2.82897686958313
tf.Tensor(-11410.42700643769, shape=(), dtype=float64)
nll_grad  cost time: 2.8958897590637207
tf.Tensor(-11410.48460466518, shape=(), dtype=float64)
nll_grad  cost time: 2.9305942058563232
tf.Tensor(-11410.554069234346, shape=(), dtype=float64)
nll_grad  cost time: 2.9252243041992188
tf.Tensor(-11410.628398439912, shape=(), dtype=float64)
nll_grad  cost time: 2.86801815032959
tf.Tensor(-11410.69296802039, shape=(), dtype=float64)
nll_grad  cost time: 2.8773066997528076
tf.Tensor(-11410.746367281688, shape=(), dtype=float64)
nll_grad  cost time: 3.0622990131378174
tf.Tensor(-11410.806093766318, shape=(), dtype=float64)
nll_grad  cost time: 2.940838575363159
tf.Tensor(-11410.861319423228, shape=(), dtype=float64)
nll_grad  cost time: 3.0365493297576904
tf.Tensor(-11410.916528757352, shape=(), dtype=float64)
nll_grad  cost time: 2.922452449798584
tf.Tensor(-11410.968095296299, shape=(), dtype=float64)
nll_grad  cost time: 2.932614803314209
tf.Tensor(-11411.03028194296, shape=(), dtype=float64)
nll_grad  cost time: 2.950788974761963
tf.Tensor(-11411.100425278259, shape=(), dtype=float64)
nll_grad  cost time: 2.8384697437286377
tf.Tensor(-11411.17041297002, shape=(), dtype=float64)
nll_grad  cost time: 3.07251238822937
tf.Tensor(-11411.26212120874, shape=(), dtype=float64)
nll_grad  cost time: 2.777432918548584
tf.Tensor(-11411.353475770753, shape=(), dtype=float64)
nll_grad  cost time: 2.890279531478882
tf.Tensor(-11411.463631946703, shape=(), dtype=float64)
nll_grad  cost time: 2.826495409011841
tf.Tensor(-11411.582414488228, shape=(), dtype=float64)
nll_grad  cost time: 2.7551441192626953
tf.Tensor(-11411.702981136339, shape=(), dtype=float64)
nll_grad  cost time: 2.8830647468566895
tf.Tensor(-11411.812589965612, shape=(), dtype=float64)
nll_grad  cost time: 2.8678903579711914
tf.Tensor(-11411.915501537409, shape=(), dtype=float64)
nll_grad  cost time: 2.8670058250427246
tf.Tensor(-11412.031202135942, shape=(), dtype=float64)
nll_grad  cost time: 3.0668110847473145
tf.Tensor(-11412.156633156897, shape=(), dtype=float64)
nll_grad  cost time: 2.845177412033081
tf.Tensor(-11412.319203761577, shape=(), dtype=float64)
nll_grad  cost time: 2.7933027744293213
tf.Tensor(-11412.47440645119, shape=(), dtype=float64)
nll_grad  cost time: 2.798464059829712
tf.Tensor(-11412.591780274532, shape=(), dtype=float64)
nll_grad  cost time: 2.941887378692627
tf.Tensor(-11412.691585497018, shape=(), dtype=float64)
nll_grad  cost time: 2.8718369007110596
tf.Tensor(-11412.790471138767, shape=(), dtype=float64)
nll_grad  cost time: 2.878714084625244
tf.Tensor(-11412.896354149289, shape=(), dtype=float64)
nll_grad  cost time: 2.911646842956543
tf.Tensor(-11413.017523742343, shape=(), dtype=float64)
nll_grad  cost time: 3.0888686180114746
tf.Tensor(-11413.122064563584, shape=(), dtype=float64)
nll_grad  cost time: 2.8866288661956787
tf.Tensor(-11413.248605267258, shape=(), dtype=float64)
nll_grad  cost time: 2.983309268951416
tf.Tensor(-11413.387889863028, shape=(), dtype=float64)
nll_grad  cost time: 2.8250832557678223
tf.Tensor(-11413.549263252335, shape=(), dtype=float64)
nll_grad  cost time: 2.9338529109954834
tf.Tensor(-11413.684869822515, shape=(), dtype=float64)
nll_grad  cost time: 3.0287771224975586
tf.Tensor(-11413.776537237434, shape=(), dtype=float64)
nll_grad  cost time: 3.0336999893188477
tf.Tensor(-11413.846290665151, shape=(), dtype=float64)
nll_grad  cost time: 2.856194496154785
tf.Tensor(-11413.936183322312, shape=(), dtype=float64)
nll_grad  cost time: 2.8781087398529053
tf.Tensor(-11413.997403038102, shape=(), dtype=float64)
nll_grad  cost time: 2.828319787979126
tf.Tensor(-11414.047856178055, shape=(), dtype=float64)
nll_grad  cost time: 2.8053410053253174
tf.Tensor(-11414.106069347745, shape=(), dtype=float64)
nll_grad  cost time: 2.9366562366485596
tf.Tensor(-11414.14743889296, shape=(), dtype=float64)
nll_grad  cost time: 2.9291088581085205
tf.Tensor(-11414.178198033886, shape=(), dtype=float64)
nll_grad  cost time: 2.813551425933838
tf.Tensor(-11414.20683722297, shape=(), dtype=float64)
nll_grad  cost time: 2.8037641048431396
tf.Tensor(-11414.228233603557, shape=(), dtype=float64)
nll_grad  cost time: 2.729050397872925
tf.Tensor(-11414.249578103263, shape=(), dtype=float64)
nll_grad  cost time: 2.7311666011810303
tf.Tensor(-11414.273054950114, shape=(), dtype=float64)
nll_grad  cost time: 2.8566746711730957
tf.Tensor(-11414.292100834933, shape=(), dtype=float64)
nll_grad  cost time: 2.935445547103882
tf.Tensor(-11414.309935264551, shape=(), dtype=float64)
nll_grad  cost time: 2.7073116302490234
tf.Tensor(-11414.32762650914, shape=(), dtype=float64)
nll_grad  cost time: 2.993378162384033
tf.Tensor(-11414.3499400195, shape=(), dtype=float64)
nll_grad  cost time: 3.0167620182037354
tf.Tensor(-11414.374841528668, shape=(), dtype=float64)
nll_grad  cost time: 2.791724681854248
tf.Tensor(-11414.391662484082, shape=(), dtype=float64)
nll_grad  cost time: 2.876861333847046
tf.Tensor(-11414.401985407283, shape=(), dtype=float64)
nll_grad  cost time: 2.911215305328369
tf.Tensor(-11414.410292172288, shape=(), dtype=float64)
nll_grad  cost time: 2.8471996784210205
tf.Tensor(-11414.419355511796, shape=(), dtype=float64)
nll_grad  cost time: 2.776329517364502
tf.Tensor(-11414.428459012277, shape=(), dtype=float64)
nll_grad  cost time: 2.774420738220215
tf.Tensor(-11414.438165337288, shape=(), dtype=float64)
nll_grad  cost time: 2.9439198970794678
tf.Tensor(-11414.449300315413, shape=(), dtype=float64)
nll_grad  cost time: 2.9711146354675293
tf.Tensor(-11414.4629729669, shape=(), dtype=float64)
nll_grad  cost time: 2.821314573287964
tf.Tensor(-11414.478052159098, shape=(), dtype=float64)
nll_grad  cost time: 2.961355209350586
tf.Tensor(-11414.4912458488, shape=(), dtype=float64)
nll_grad  cost time: 2.83591365814209
tf.Tensor(-11414.501358945188, shape=(), dtype=float64)
nll_grad  cost time: 2.700718402862549
tf.Tensor(-11414.51067274054, shape=(), dtype=float64)
nll_grad  cost time: 2.7061502933502197
tf.Tensor(-11414.52095763684, shape=(), dtype=float64)
nll_grad  cost time: 2.788501501083374
tf.Tensor(-11414.531471784449, shape=(), dtype=float64)
nll_grad  cost time: 2.889263153076172
tf.Tensor(-11414.540253029587, shape=(), dtype=float64)
nll_grad  cost time: 2.9203155040740967
tf.Tensor(-11414.547177160428, shape=(), dtype=float64)
nll_grad  cost time: 2.974578380584717
tf.Tensor(-11414.55375057063, shape=(), dtype=float64)
nll_grad  cost time: 2.8822920322418213
tf.Tensor(-11414.561106898895, shape=(), dtype=float64)
nll_grad  cost time: 2.8282625675201416
tf.Tensor(-11414.569423872523, shape=(), dtype=float64)
nll_grad  cost time: 2.914167642593384
tf.Tensor(-11414.5784867207, shape=(), dtype=float64)
nll_grad  cost time: 3.060962438583374
tf.Tensor(-11414.588014501027, shape=(), dtype=float64)
nll_grad  cost time: 2.9406347274780273
tf.Tensor(-11414.598103582528, shape=(), dtype=float64)
nll_grad  cost time: 2.869976043701172
tf.Tensor(-11414.6088393586, shape=(), dtype=float64)
nll_grad  cost time: 2.9365241527557373
tf.Tensor(-11414.62026837649, shape=(), dtype=float64)
nll_grad  cost time: 2.8781588077545166
tf.Tensor(-11414.632923076202, shape=(), dtype=float64)
nll_grad  cost time: 2.778441905975342
tf.Tensor(-11414.648192280802, shape=(), dtype=float64)
nll_grad  cost time: 2.92433500289917
tf.Tensor(-11414.665768541774, shape=(), dtype=float64)
nll_grad  cost time: 2.9139490127563477
tf.Tensor(-11414.683744250317, shape=(), dtype=float64)
nll_grad  cost time: 3.2390034198760986
tf.Tensor(-11414.699449433137, shape=(), dtype=float64)
nll_grad  cost time: 2.9692912101745605
tf.Tensor(-11414.712595925575, shape=(), dtype=float64)
nll_grad  cost time: 2.9983108043670654
tf.Tensor(-11414.72517175287, shape=(), dtype=float64)
nll_grad  cost time: 2.7516262531280518
tf.Tensor(-11414.739199092997, shape=(), dtype=float64)
nll_grad  cost time: 2.9283509254455566
tf.Tensor(-11414.754112665873, shape=(), dtype=float64)
nll_grad  cost time: 2.822648525238037
tf.Tensor(-11414.76683362322, shape=(), dtype=float64)
nll_grad  cost time: 2.8517513275146484
tf.Tensor(-11414.776166427451, shape=(), dtype=float64)
nll_grad  cost time: 2.85648512840271
tf.Tensor(-11414.7845946981, shape=(), dtype=float64)
nll_grad  cost time: 2.7814576625823975
tf.Tensor(-11414.793896286268, shape=(), dtype=float64)
nll_grad  cost time: 2.7930660247802734
tf.Tensor(-11414.804824768897, shape=(), dtype=float64)
nll_grad  cost time: 2.902498483657837
tf.Tensor(-11414.815892494378, shape=(), dtype=float64)
nll_grad  cost time: 2.818711519241333
tf.Tensor(-11414.825854213268, shape=(), dtype=float64)
nll_grad  cost time: 3.006157398223877
tf.Tensor(-11414.839002617777, shape=(), dtype=float64)
nll_grad  cost time: 2.9131035804748535
tf.Tensor(-11414.853587138914, shape=(), dtype=float64)
nll_grad  cost time: 2.8489925861358643
tf.Tensor(-11414.867359352444, shape=(), dtype=float64)
nll_grad  cost time: 2.9250965118408203
tf.Tensor(-11414.877572303092, shape=(), dtype=float64)
nll_grad  cost time: 2.8687565326690674
tf.Tensor(-11414.885348960972, shape=(), dtype=float64)
nll_grad  cost time: 3.098176956176758
tf.Tensor(-11414.892398955897, shape=(), dtype=float64)
nll_grad  cost time: 2.979827880859375
tf.Tensor(-11414.898791716052, shape=(), dtype=float64)
nll_grad  cost time: 2.9969332218170166
tf.Tensor(-11414.904855286055, shape=(), dtype=float64)
nll_grad  cost time: 2.939826011657715
tf.Tensor(-11414.911176421534, shape=(), dtype=float64)
nll_grad  cost time: 2.7807185649871826
tf.Tensor(-11414.91808122268, shape=(), dtype=float64)
nll_grad  cost time: 2.856370449066162
tf.Tensor(-11414.924103345544, shape=(), dtype=float64)
nll_grad  cost time: 2.9412341117858887
tf.Tensor(-11414.928995701597, shape=(), dtype=float64)
nll_grad  cost time: 2.8341145515441895
tf.Tensor(-11414.933674339038, shape=(), dtype=float64)
nll_grad  cost time: 2.8420276641845703
tf.Tensor(-11414.939168925714, shape=(), dtype=float64)
nll_grad  cost time: 2.9240472316741943
tf.Tensor(-11414.945451809854, shape=(), dtype=float64)
nll_grad  cost time: 2.9174814224243164
tf.Tensor(-11414.951890990942, shape=(), dtype=float64)
nll_grad  cost time: 2.82757830619812
tf.Tensor(-11414.957727901925, shape=(), dtype=float64)
nll_grad  cost time: 2.8963463306427
tf.Tensor(-11414.96342224909, shape=(), dtype=float64)
nll_grad  cost time: 2.731553792953491
tf.Tensor(-11414.969804141569, shape=(), dtype=float64)
nll_grad  cost time: 2.8871352672576904
tf.Tensor(-11414.976767511063, shape=(), dtype=float64)
nll_grad  cost time: 2.8121702671051025
tf.Tensor(-11414.983618326092, shape=(), dtype=float64)
nll_grad  cost time: 3.1449341773986816
tf.Tensor(-11414.99036539832, shape=(), dtype=float64)
nll_grad  cost time: 3.027696371078491
tf.Tensor(-11414.997629210979, shape=(), dtype=float64)
nll_grad  cost time: 2.892458438873291
tf.Tensor(-11415.005899659234, shape=(), dtype=float64)
nll_grad  cost time: 3.0614686012268066
tf.Tensor(-11415.014580773794, shape=(), dtype=float64)
nll_grad  cost time: 3.0020370483398438
tf.Tensor(-11415.022852628965, shape=(), dtype=float64)
nll_grad  cost time: 3.01572322845459
tf.Tensor(-11415.030023605585, shape=(), dtype=float64)
nll_grad  cost time: 2.9288883209228516
tf.Tensor(-11415.036293108082, shape=(), dtype=float64)
nll_grad  cost time: 2.7910830974578857
tf.Tensor(-11415.042253848416, shape=(), dtype=float64)
nll_grad  cost time: 2.9862966537475586
tf.Tensor(-11415.04805200062, shape=(), dtype=float64)
nll_grad  cost time: 2.811396837234497
tf.Tensor(-11415.051925632248, shape=(), dtype=float64)
nll_grad  cost time: 2.9595706462860107
tf.Tensor(-11415.055199900133, shape=(), dtype=float64)
nll_grad  cost time: 3.0121986865997314
tf.Tensor(-11415.058025500355, shape=(), dtype=float64)
nll_grad  cost time: 2.8542959690093994
tf.Tensor(-11415.06126415054, shape=(), dtype=float64)
nll_grad  cost time: 2.945570707321167
tf.Tensor(-11415.064910287772, shape=(), dtype=float64)
nll_grad  cost time: 2.93013072013855
tf.Tensor(-11415.068495688545, shape=(), dtype=float64)
nll_grad  cost time: 2.7905166149139404
tf.Tensor(-11415.071547929809, shape=(), dtype=float64)
nll_grad  cost time: 2.907149314880371
tf.Tensor(-11415.074423692608, shape=(), dtype=float64)
nll_grad  cost time: 2.7755355834960938
tf.Tensor(-11415.07769275066, shape=(), dtype=float64)
nll_grad  cost time: 2.97826886177063
tf.Tensor(-11415.081294281612, shape=(), dtype=float64)
nll_grad  cost time: 2.9542396068573
tf.Tensor(-11415.08456141574, shape=(), dtype=float64)
nll_grad  cost time: 3.024176597595215
tf.Tensor(-11415.087489618763, shape=(), dtype=float64)
nll_grad  cost time: 3.0623350143432617
tf.Tensor(-11415.090674750089, shape=(), dtype=float64)
nll_grad  cost time: 2.9799604415893555
tf.Tensor(-11415.09444313453, shape=(), dtype=float64)
nll_grad  cost time: 2.870833158493042
tf.Tensor(-11415.098561249768, shape=(), dtype=float64)
nll_grad  cost time: 2.882763624191284
tf.Tensor(-11415.102145172266, shape=(), dtype=float64)
nll_grad  cost time: 2.8172607421875
tf.Tensor(-11415.104766421304, shape=(), dtype=float64)
nll_grad  cost time: 2.8256072998046875
tf.Tensor(-11415.106811638561, shape=(), dtype=float64)
nll_grad  cost time: 2.958034038543701
tf.Tensor(-11415.108702286907, shape=(), dtype=float64)
nll_grad  cost time: 2.9208433628082275
tf.Tensor(-11415.1110876922, shape=(), dtype=float64)
nll_grad  cost time: 2.9057581424713135
tf.Tensor(-11415.114001447, shape=(), dtype=float64)
nll_grad  cost time: 3.010380268096924
tf.Tensor(-11415.117555533649, shape=(), dtype=float64)
nll_grad  cost time: 3.068969249725342
tf.Tensor(-11415.120937584677, shape=(), dtype=float64)
nll_grad  cost time: 3.020446300506592
tf.Tensor(-11415.1235479975, shape=(), dtype=float64)
nll_grad  cost time: 2.9931886196136475
tf.Tensor(-11415.125738897186, shape=(), dtype=float64)
nll_grad  cost time: 2.9034223556518555
tf.Tensor(-11415.128248669705, shape=(), dtype=float64)
nll_grad  cost time: 2.9770772457122803
tf.Tensor(-11415.131332484998, shape=(), dtype=float64)
nll_grad  cost time: 3.047980546951294
tf.Tensor(-11415.134358437623, shape=(), dtype=float64)
nll_grad  cost time: 2.904353380203247
tf.Tensor(-11415.13673965064, shape=(), dtype=float64)
nll_grad  cost time: 2.978172540664673
tf.Tensor(-11415.138732765685, shape=(), dtype=float64)
nll_grad  cost time: 2.7845993041992188
tf.Tensor(-11415.14115448435, shape=(), dtype=float64)
nll_grad  cost time: 2.9885239601135254
tf.Tensor(-11415.1447391537, shape=(), dtype=float64)
nll_grad  cost time: 3.0981616973876953
tf.Tensor(-11415.1496485959, shape=(), dtype=float64)
nll_grad  cost time: 3.0661656856536865
tf.Tensor(-11415.155183826784, shape=(), dtype=float64)
nll_grad  cost time: 3.1845552921295166
tf.Tensor(-11415.160349240963, shape=(), dtype=float64)
nll_grad  cost time: 3.178760290145874
tf.Tensor(-11415.164519582799, shape=(), dtype=float64)
nll_grad  cost time: 3.075549840927124
tf.Tensor(-11415.16767358044, shape=(), dtype=float64)
nll_grad  cost time: 3.042398452758789
tf.Tensor(-11415.170136900822, shape=(), dtype=float64)
nll_grad  cost time: 2.975497007369995
tf.Tensor(-11415.172363208185, shape=(), dtype=float64)
nll_grad  cost time: 2.8604774475097656
tf.Tensor(-11415.17432329512, shape=(), dtype=float64)
nll_grad  cost time: 3.014413595199585
tf.Tensor(-11415.176004275327, shape=(), dtype=float64)
nll_grad  cost time: 2.792051315307617
tf.Tensor(-11415.178038937447, shape=(), dtype=float64)
nll_grad  cost time: 2.956604480743408
tf.Tensor(-11415.180208222613, shape=(), dtype=float64)
nll_grad  cost time: 2.8550989627838135
tf.Tensor(-11415.182543076382, shape=(), dtype=float64)
nll_grad  cost time: 3.027129650115967
tf.Tensor(-11415.184740945333, shape=(), dtype=float64)
nll_grad  cost time: 3.21344256401062
tf.Tensor(-11415.18662625593, shape=(), dtype=float64)
nll_grad  cost time: 3.186030864715576
tf.Tensor(-11415.188084158272, shape=(), dtype=float64)
nll_grad  cost time: 3.108027935028076
tf.Tensor(-11415.18907893953, shape=(), dtype=float64)
nll_grad  cost time: 3.0679495334625244
tf.Tensor(-11415.18974219721, shape=(), dtype=float64)
nll_grad  cost time: 3.068040370941162
tf.Tensor(-11415.190319007164, shape=(), dtype=float64)
nll_grad  cost time: 3.0553839206695557
tf.Tensor(-11415.190862888841, shape=(), dtype=float64)
nll_grad  cost time: 2.9720420837402344
tf.Tensor(-11415.19153203112, shape=(), dtype=float64)
nll_grad  cost time: 2.8785598278045654
tf.Tensor(-11415.19261561086, shape=(), dtype=float64)
nll_grad  cost time: 3.021527051925659
tf.Tensor(-11415.194384524992, shape=(), dtype=float64)
nll_grad  cost time: 2.9625046253204346
tf.Tensor(-11415.197081768121, shape=(), dtype=float64)
nll_grad  cost time: 2.9688267707824707
tf.Tensor(-11415.19978191467, shape=(), dtype=float64)
nll_grad  cost time: 3.0640485286712646
tf.Tensor(-11415.201365205168, shape=(), dtype=float64)
nll_grad  cost time: 2.835634469985962
tf.Tensor(-11415.202365477198, shape=(), dtype=float64)
nll_grad  cost time: 2.8865275382995605
tf.Tensor(-11415.203176137202, shape=(), dtype=float64)
nll_grad  cost time: 2.863710403442383
tf.Tensor(-11415.204466868949, shape=(), dtype=float64)
nll_grad  cost time: 2.7807810306549072
tf.Tensor(-11415.206516220485, shape=(), dtype=float64)
nll_grad  cost time: 2.787252187728882
tf.Tensor(-11415.209519206637, shape=(), dtype=float64)
nll_grad  cost time: 2.8493871688842773
tf.Tensor(-11415.212500020989, shape=(), dtype=float64)
nll_grad  cost time: 2.9373152256011963
tf.Tensor(-11415.214964364306, shape=(), dtype=float64)
nll_grad  cost time: 2.9431774616241455
tf.Tensor(-11415.21732220524, shape=(), dtype=float64)
nll_grad  cost time: 2.978020429611206
tf.Tensor(-11415.21969797508, shape=(), dtype=float64)
nll_grad  cost time: 2.890427350997925
tf.Tensor(-11415.22235060456, shape=(), dtype=float64)
nll_grad  cost time: 2.8817574977874756
tf.Tensor(-11415.224329636629, shape=(), dtype=float64)
nll_grad  cost time: 3.0938806533813477
tf.Tensor(-11415.225985323443, shape=(), dtype=float64)
nll_grad  cost time: 3.0026657581329346
tf.Tensor(-11415.227499442437, shape=(), dtype=float64)
nll_grad  cost time: 2.8727872371673584
tf.Tensor(-11415.228984085683, shape=(), dtype=float64)
nll_grad  cost time: 2.8089582920074463
tf.Tensor(-11415.230321219642, shape=(), dtype=float64)
nll_grad  cost time: 2.928372383117676
tf.Tensor(-11415.231545626422, shape=(), dtype=float64)
nll_grad  cost time: 2.778022050857544
tf.Tensor(-11415.232990026198, shape=(), dtype=float64)
nll_grad  cost time: 3.1335415840148926
tf.Tensor(-11415.234682765687, shape=(), dtype=float64)
nll_grad  cost time: 2.8493549823760986
tf.Tensor(-11415.236554328541, shape=(), dtype=float64)
nll_grad  cost time: 2.999173164367676
tf.Tensor(-11415.23815135895, shape=(), dtype=float64)
nll_grad  cost time: 2.8701698780059814
tf.Tensor(-11415.239617946761, shape=(), dtype=float64)
nll_grad  cost time: 2.928755760192871
tf.Tensor(-11415.240974682074, shape=(), dtype=float64)
nll_grad  cost time: 2.929142951965332
tf.Tensor(-11415.241954142326, shape=(), dtype=float64)
nll_grad  cost time: 2.912116527557373
tf.Tensor(-11415.242566403755, shape=(), dtype=float64)
nll_grad  cost time: 2.844388961791992
tf.Tensor(-11415.24311876735, shape=(), dtype=float64)
nll_grad  cost time: 2.884282350540161
tf.Tensor(-11415.243941241813, shape=(), dtype=float64)
nll_grad  cost time: 2.848924160003662
tf.Tensor(-11415.245243116638, shape=(), dtype=float64)
nll_grad  cost time: 2.6973612308502197
tf.Tensor(-11415.247302395997, shape=(), dtype=float64)
nll_grad  cost time: 2.880772829055786
tf.Tensor(-11415.25030355014, shape=(), dtype=float64)
nll_grad  cost time: 2.807924270629883
tf.Tensor(-11415.252962495812, shape=(), dtype=float64)
nll_grad  cost time: 2.7712185382843018
tf.Tensor(-11415.254792785698, shape=(), dtype=float64)
nll_grad  cost time: 2.8129663467407227
tf.Tensor(-11415.25598239874, shape=(), dtype=float64)
nll_grad  cost time: 2.796447515487671
tf.Tensor(-11415.256765162361, shape=(), dtype=float64)
nll_grad  cost time: 2.9389805793762207
tf.Tensor(-11415.257476265713, shape=(), dtype=float64)
nll_grad  cost time: 2.893054485321045
tf.Tensor(-11415.258220142903, shape=(), dtype=float64)
nll_grad  cost time: 2.9499266147613525
tf.Tensor(-11415.258934905232, shape=(), dtype=float64)
nll_grad  cost time: 3.0155704021453857
tf.Tensor(-11415.259368773957, shape=(), dtype=float64)
nll_grad  cost time: 2.7116870880126953
tf.Tensor(-11415.25977828278, shape=(), dtype=float64)
nll_grad  cost time: 3.0052149295806885
tf.Tensor(-11415.260077858664, shape=(), dtype=float64)
nll_grad  cost time: 2.968581199645996
tf.Tensor(-11415.260453435985, shape=(), dtype=float64)
nll_grad  cost time: 2.9492616653442383
tf.Tensor(-11415.261043906783, shape=(), dtype=float64)
nll_grad  cost time: 2.8810951709747314
tf.Tensor(-11415.26202545724, shape=(), dtype=float64)
nll_grad  cost time: 2.951298236846924
tf.Tensor(-11415.263657409309, shape=(), dtype=float64)
nll_grad  cost time: 2.8084514141082764
tf.Tensor(-11415.266134697711, shape=(), dtype=float64)
nll_grad  cost time: 2.959766149520874
tf.Tensor(-11415.268264111633, shape=(), dtype=float64)
nll_grad  cost time: 2.8923208713531494
tf.Tensor(-11415.269159927488, shape=(), dtype=float64)
nll_grad  cost time: 2.9308111667633057
tf.Tensor(-11415.269591462813, shape=(), dtype=float64)
nll_grad  cost time: 2.8416647911071777
tf.Tensor(-11415.269790145761, shape=(), dtype=float64)
nll_grad  cost time: 2.879781723022461
tf.Tensor(-11415.270026943985, shape=(), dtype=float64)
nll_grad  cost time: 2.956772565841675
tf.Tensor(-11415.270424221984, shape=(), dtype=float64)
nll_grad  cost time: 2.967787981033325
tf.Tensor(-11415.271105487765, shape=(), dtype=float64)
nll_grad  cost time: 2.8461835384368896
tf.Tensor(-11415.272279896075, shape=(), dtype=float64)
nll_grad  cost time: 2.730642795562744
tf.Tensor(-11415.274276218523, shape=(), dtype=float64)
nll_grad  cost time: 2.9117095470428467
tf.Tensor(-11415.27751776288, shape=(), dtype=float64)
nll_grad  cost time: 2.840982437133789
tf.Tensor(-11415.282261451575, shape=(), dtype=float64)
nll_grad  cost time: 2.8170816898345947
tf.Tensor(-11415.2869927041, shape=(), dtype=float64)
nll_grad  cost time: 2.9685158729553223
tf.Tensor(-11415.291297415813, shape=(), dtype=float64)
nll_grad  cost time: 2.871626377105713
nll_grad  cost time: 2.7988967895507812
tf.Tensor(-11415.29321538211, shape=(), dtype=float64)
nll_grad  cost time: 2.983306407928467
tf.Tensor(-11415.294816840531, shape=(), dtype=float64)
nll_grad  cost time: 3.0173420906066895
tf.Tensor(-11415.295995786219, shape=(), dtype=float64)
nll_grad  cost time: 2.877945899963379
tf.Tensor(-11415.297401243177, shape=(), dtype=float64)
nll_grad  cost time: 2.7865171432495117
tf.Tensor(-11415.299741340252, shape=(), dtype=float64)
nll_grad  cost time: 3.0485177040100098
tf.Tensor(-11415.30375392758, shape=(), dtype=float64)
nll_grad  cost time: 2.8562514781951904
tf.Tensor(-11415.310549943231, shape=(), dtype=float64)
nll_grad  cost time: 2.8945493698120117
tf.Tensor(-11415.321363429412, shape=(), dtype=float64)
nll_grad  cost time: 3.01784348487854
nll_grad  cost time: 2.919928789138794
tf.Tensor(-11415.325395171352, shape=(), dtype=float64)
nll_grad  cost time: 2.7721872329711914
tf.Tensor(-11415.332353136757, shape=(), dtype=float64)
nll_grad  cost time: 2.8983314037323
tf.Tensor(-11415.343212864875, shape=(), dtype=float64)
nll_grad  cost time: 2.923495054244995
tf.Tensor(-11415.355619396982, shape=(), dtype=float64)
nll_grad  cost time: 2.951591730117798
nll_grad  cost time: 2.683807611465454
tf.Tensor(-11415.359623568558, shape=(), dtype=float64)
nll_grad  cost time: 2.993842840194702
tf.Tensor(-11415.362401417839, shape=(), dtype=float64)
nll_grad  cost time: 2.776261329650879
tf.Tensor(-11415.36453567136, shape=(), dtype=float64)
nll_grad  cost time: 2.8209149837493896
tf.Tensor(-11415.365517358372, shape=(), dtype=float64)
nll_grad  cost time: 2.977673053741455
tf.Tensor(-11415.366579912788, shape=(), dtype=float64)
nll_grad  cost time: 2.97929048538208
tf.Tensor(-11415.367485864797, shape=(), dtype=float64)
nll_grad  cost time: 2.7453882694244385
tf.Tensor(-11415.368704324872, shape=(), dtype=float64)
nll_grad  cost time: 2.8568267822265625
tf.Tensor(-11415.37068268521, shape=(), dtype=float64)
nll_grad  cost time: 2.8930394649505615
tf.Tensor(-11415.374018354341, shape=(), dtype=float64)
nll_grad  cost time: 2.841322660446167
tf.Tensor(-11415.379316484166, shape=(), dtype=float64)
nll_grad  cost time: 2.9519855976104736
tf.Tensor(-11415.386380525066, shape=(), dtype=float64)
nll_grad  cost time: 2.9384477138519287
tf.Tensor(-11415.39370634429, shape=(), dtype=float64)
nll_grad  cost time: 2.9090099334716797
tf.Tensor(-11415.403203961388, shape=(), dtype=float64)
nll_grad  cost time: 2.845059871673584
tf.Tensor(-11415.41541957001, shape=(), dtype=float64)
nll_grad  cost time: 2.820448160171509
nll_grad  cost time: 2.962498664855957
tf.Tensor(-11415.418793064688, shape=(), dtype=float64)
nll_grad  cost time: 2.9820878505706787
tf.Tensor(-11415.423217575182, shape=(), dtype=float64)
nll_grad  cost time: 2.9479517936706543
tf.Tensor(-11415.426487609187, shape=(), dtype=float64)
nll_grad  cost time: 2.939185380935669
tf.Tensor(-11415.427926580047, shape=(), dtype=float64)
nll_grad  cost time: 2.9403698444366455
tf.Tensor(-11415.4290825838, shape=(), dtype=float64)
nll_grad  cost time: 2.8398079872131348
tf.Tensor(-11415.429885953268, shape=(), dtype=float64)
nll_grad  cost time: 2.7164547443389893
tf.Tensor(-11415.430611279015, shape=(), dtype=float64)
nll_grad  cost time: 2.8212337493896484
tf.Tensor(-11415.431578371274, shape=(), dtype=float64)
nll_grad  cost time: 3.141246795654297
tf.Tensor(-11415.432443969497, shape=(), dtype=float64)
nll_grad  cost time: 3.0363564491271973
tf.Tensor(-11415.43330900434, shape=(), dtype=float64)
nll_grad  cost time: 2.9863297939300537
tf.Tensor(-11415.434557863711, shape=(), dtype=float64)
nll_grad  cost time: 2.9013259410858154
tf.Tensor(-11415.436535994213, shape=(), dtype=float64)
nll_grad  cost time: 2.7710328102111816
tf.Tensor(-11415.439411421434, shape=(), dtype=float64)
nll_grad  cost time: 2.8717434406280518
tf.Tensor(-11415.44207490229, shape=(), dtype=float64)
nll_grad  cost time: 2.9033124446868896
tf.Tensor(-11415.443951114103, shape=(), dtype=float64)
nll_grad  cost time: 2.809392213821411
tf.Tensor(-11415.44481017322, shape=(), dtype=float64)
nll_grad  cost time: 2.881535530090332
tf.Tensor(-11415.44539921626, shape=(), dtype=float64)
nll_grad  cost time: 2.895228624343872
tf.Tensor(-11415.445653458362, shape=(), dtype=float64)
nll_grad  cost time: 2.9148459434509277
tf.Tensor(-11415.445815616622, shape=(), dtype=float64)
nll_grad  cost time: 3.014402389526367
tf.Tensor(-11415.44592489213, shape=(), dtype=float64)
nll_grad  cost time: 2.941845655441284
tf.Tensor(-11415.446049831808, shape=(), dtype=float64)
nll_grad  cost time: 2.997892141342163
tf.Tensor(-11415.446248926368, shape=(), dtype=float64)
nll_grad  cost time: 2.816098213195801
tf.Tensor(-11415.4465764854, shape=(), dtype=float64)
nll_grad  cost time: 2.7184853553771973
tf.Tensor(-11415.447111114372, shape=(), dtype=float64)
nll_grad  cost time: 2.7644126415252686
tf.Tensor(-11415.447921180286, shape=(), dtype=float64)
nll_grad  cost time: 3.0113611221313477
tf.Tensor(-11415.448780930168, shape=(), dtype=float64)
nll_grad  cost time: 2.7077364921569824
tf.Tensor(-11415.44942093009, shape=(), dtype=float64)
nll_grad  cost time: 2.7936770915985107
tf.Tensor(-11415.449800377155, shape=(), dtype=float64)
nll_grad  cost time: 2.722933769226074
tf.Tensor(-11415.449948894919, shape=(), dtype=float64)
nll_grad  cost time: 2.7474262714385986
tf.Tensor(-11415.450095913071, shape=(), dtype=float64)
nll_grad  cost time: 2.7992982864379883
tf.Tensor(-11415.450336803184, shape=(), dtype=float64)
nll_grad  cost time: 2.827755928039551
tf.Tensor(-11415.450752073237, shape=(), dtype=float64)
nll_grad  cost time: 2.8624579906463623
tf.Tensor(-11415.451493319862, shape=(), dtype=float64)
nll_grad  cost time: 2.8655548095703125
tf.Tensor(-11415.452837859422, shape=(), dtype=float64)
nll_grad  cost time: 2.893063545227051
tf.Tensor(-11415.455277832385, shape=(), dtype=float64)
nll_grad  cost time: 2.8196961879730225
tf.Tensor(-11415.459639734861, shape=(), dtype=float64)
nll_grad  cost time: 2.933483839035034
tf.Tensor(-11415.466964571286, shape=(), dtype=float64)
nll_grad  cost time: 3.0103118419647217
tf.Tensor(-11415.477308615973, shape=(), dtype=float64)
nll_grad  cost time: 2.903635263442993
tf.Tensor(-11415.488190572945, shape=(), dtype=float64)
nll_grad  cost time: 2.929155111312866
nll_grad  cost time: 2.7890138626098633
tf.Tensor(-11415.492133595053, shape=(), dtype=float64)
nll_grad  cost time: 2.879086494445801
tf.Tensor(-11415.498823273741, shape=(), dtype=float64)
nll_grad  cost time: 2.995692491531372
tf.Tensor(-11415.505305539366, shape=(), dtype=float64)
nll_grad  cost time: 2.8865067958831787
tf.Tensor(-11415.510018087225, shape=(), dtype=float64)
nll_grad  cost time: 2.8511803150177
tf.Tensor(-11415.510519696301, shape=(), dtype=float64)
nll_grad  cost time: 2.8896844387054443
tf.Tensor(-11415.51133457655, shape=(), dtype=float64)
nll_grad  cost time: 2.863001585006714
tf.Tensor(-11415.512316328164, shape=(), dtype=float64)
nll_grad  cost time: 2.8024299144744873
tf.Tensor(-11415.512667744908, shape=(), dtype=float64)
nll_grad  cost time: 2.8975110054016113
tf.Tensor(-11415.513139124436, shape=(), dtype=float64)
nll_grad  cost time: 2.984020233154297
tf.Tensor(-11415.513628081953, shape=(), dtype=float64)
nll_grad  cost time: 2.7778611183166504
tf.Tensor(-11415.513974995054, shape=(), dtype=float64)
nll_grad  cost time: 2.7271690368652344
tf.Tensor(-11415.514431331714, shape=(), dtype=float64)
nll_grad  cost time: 2.9092750549316406
tf.Tensor(-11415.515026945399, shape=(), dtype=float64)
nll_grad  cost time: 2.931739091873169
tf.Tensor(-11415.5159196194, shape=(), dtype=float64)
nll_grad  cost time: 2.7528300285339355
tf.Tensor(-11415.517296998922, shape=(), dtype=float64)
nll_grad  cost time: 2.844714879989624
tf.Tensor(-11415.519526440406, shape=(), dtype=float64)
nll_grad  cost time: 2.844092845916748
tf.Tensor(-11415.523202599245, shape=(), dtype=float64)
nll_grad  cost time: 2.719923496246338
tf.Tensor(-11415.529053460978, shape=(), dtype=float64)
nll_grad  cost time: 2.762420892715454
tf.Tensor(-11415.53574291612, shape=(), dtype=float64)
nll_grad  cost time: 2.8860838413238525
tf.Tensor(-11415.543888124572, shape=(), dtype=float64)
nll_grad  cost time: 2.7771596908569336
tf.Tensor(-11415.552655020445, shape=(), dtype=float64)
nll_grad  cost time: 2.8814775943756104
tf.Tensor(-11415.564815868947, shape=(), dtype=float64)
nll_grad  cost time: 2.8561267852783203
tf.Tensor(-11415.580020741982, shape=(), dtype=float64)
nll_grad  cost time: 2.869985580444336
tf.Tensor(-11415.590438472213, shape=(), dtype=float64)
nll_grad  cost time: 2.9771926403045654
tf.Tensor(-11415.604645710471, shape=(), dtype=float64)
nll_grad  cost time: 2.9098703861236572
tf.Tensor(-11415.612143194961, shape=(), dtype=float64)
nll_grad  cost time: 2.9335672855377197
tf.Tensor(-11415.617807231596, shape=(), dtype=float64)
nll_grad  cost time: 2.8766684532165527
tf.Tensor(-11415.623161576223, shape=(), dtype=float64)
nll_grad  cost time: 2.8182806968688965
tf.Tensor(-11415.623988159688, shape=(), dtype=float64)
nll_grad  cost time: 2.7280027866363525
tf.Tensor(-11415.625557393658, shape=(), dtype=float64)
nll_grad  cost time: 2.965662717819214
tf.Tensor(-11415.628526067314, shape=(), dtype=float64)
nll_grad  cost time: 3.045407772064209
tf.Tensor(-11415.633912687259, shape=(), dtype=float64)
nll_grad  cost time: 3.0017518997192383
tf.Tensor(-11415.641726957547, shape=(), dtype=float64)
nll_grad  cost time: 2.9981400966644287
tf.Tensor(-11415.647041491204, shape=(), dtype=float64)
nll_grad  cost time: 3.097548007965088
tf.Tensor(-11415.6532538471, shape=(), dtype=float64)
nll_grad  cost time: 2.8261942863464355
tf.Tensor(-11415.663571935998, shape=(), dtype=float64)
nll_grad  cost time: 2.8387229442596436
tf.Tensor(-11415.678676511561, shape=(), dtype=float64)
nll_grad  cost time: 2.79095196723938
tf.Tensor(-11415.700043686626, shape=(), dtype=float64)
nll_grad  cost time: 2.913053274154663
tf.Tensor(-11415.72058950995, shape=(), dtype=float64)
nll_grad  cost time: 2.880335807800293
tf.Tensor(-11415.738009139477, shape=(), dtype=float64)
nll_grad  cost time: 2.978233814239502
tf.Tensor(-11415.755206941922, shape=(), dtype=float64)
nll_grad  cost time: 2.9588334560394287
tf.Tensor(-11415.770253652132, shape=(), dtype=float64)
nll_grad  cost time: 2.802682399749756
tf.Tensor(-11415.792114654934, shape=(), dtype=float64)
nll_grad  cost time: 2.9935011863708496
tf.Tensor(-11415.82058420515, shape=(), dtype=float64)
nll_grad  cost time: 2.9091923236846924
tf.Tensor(-11415.849813146298, shape=(), dtype=float64)
nll_grad  cost time: 2.850566864013672
tf.Tensor(-11415.88155120442, shape=(), dtype=float64)
nll_grad  cost time: 3.029533863067627
nll_grad  cost time: 2.780463457107544
tf.Tensor(-11415.902853277676, shape=(), dtype=float64)
nll_grad  cost time: 2.853137731552124
tf.Tensor(-11415.931854358816, shape=(), dtype=float64)
nll_grad  cost time: 2.9885873794555664
tf.Tensor(-11415.971552299321, shape=(), dtype=float64)
nll_grad  cost time: 2.7680976390838623
nll_grad  cost time: 2.7827532291412354
tf.Tensor(-11415.992101642863, shape=(), dtype=float64)
nll_grad  cost time: 2.862318992614746
tf.Tensor(-11416.022578075237, shape=(), dtype=float64)
nll_grad  cost time: 2.901733875274658
tf.Tensor(-11416.048637016953, shape=(), dtype=float64)
nll_grad  cost time: 3.0033278465270996
tf.Tensor(-11416.061631422817, shape=(), dtype=float64)
nll_grad  cost time: 2.8104164600372314
tf.Tensor(-11416.081245729209, shape=(), dtype=float64)
nll_grad  cost time: 2.6854617595672607
tf.Tensor(-11416.106400487697, shape=(), dtype=float64)
nll_grad  cost time: 2.756606101989746
tf.Tensor(-11416.122397715983, shape=(), dtype=float64)
nll_grad  cost time: 2.804198980331421
tf.Tensor(-11416.130345173857, shape=(), dtype=float64)
nll_grad  cost time: 2.9208688735961914
tf.Tensor(-11416.14231833833, shape=(), dtype=float64)
nll_grad  cost time: 3.004390239715576
tf.Tensor(-11416.155027589994, shape=(), dtype=float64)
nll_grad  cost time: 2.9372801780700684
tf.Tensor(-11416.162482563017, shape=(), dtype=float64)
nll_grad  cost time: 2.980588674545288
tf.Tensor(-11416.169287002806, shape=(), dtype=float64)
nll_grad  cost time: 2.8614745140075684
tf.Tensor(-11416.17432478653, shape=(), dtype=float64)
nll_grad  cost time: 3.334164619445801
nll_grad  cost time: 2.9360294342041016
tf.Tensor(-11416.176788194847, shape=(), dtype=float64)
nll_grad  cost time: 2.82232928276062
tf.Tensor(-11416.179976612064, shape=(), dtype=float64)
nll_grad  cost time: 3.019035577774048
tf.Tensor(-11416.182080317434, shape=(), dtype=float64)
nll_grad  cost time: 2.861229181289673
tf.Tensor(-11416.18542477634, shape=(), dtype=float64)
nll_grad  cost time: 3.015103816986084
tf.Tensor(-11416.189082496006, shape=(), dtype=float64)
nll_grad  cost time: 3.0448741912841797
tf.Tensor(-11416.191808270367, shape=(), dtype=float64)
nll_grad  cost time: 2.8346078395843506
tf.Tensor(-11416.19337843719, shape=(), dtype=float64)
nll_grad  cost time: 2.872786045074463
tf.Tensor(-11416.195701195662, shape=(), dtype=float64)
nll_grad  cost time: 2.970632791519165
tf.Tensor(-11416.199303296948, shape=(), dtype=float64)
nll_grad  cost time: 3.010014533996582
tf.Tensor(-11416.204267710931, shape=(), dtype=float64)
nll_grad  cost time: 2.841460943222046
tf.Tensor(-11416.209239270578, shape=(), dtype=float64)
nll_grad  cost time: 2.703489065170288
tf.Tensor(-11416.211865046556, shape=(), dtype=float64)
nll_grad  cost time: 2.821235179901123
tf.Tensor(-11416.21395848749, shape=(), dtype=float64)
nll_grad  cost time: 2.9231514930725098
tf.Tensor(-11416.215166664544, shape=(), dtype=float64)
nll_grad  cost time: 3.0688533782958984
tf.Tensor(-11416.216585937862, shape=(), dtype=float64)
nll_grad  cost time: 3.0546164512634277
tf.Tensor(-11416.217547188637, shape=(), dtype=float64)
nll_grad  cost time: 3.0646510124206543
tf.Tensor(-11416.218730776149, shape=(), dtype=float64)
nll_grad  cost time: 2.80767822265625
tf.Tensor(-11416.220574893905, shape=(), dtype=float64)
nll_grad  cost time: 2.775847911834717
tf.Tensor(-11416.22330429831, shape=(), dtype=float64)
nll_grad  cost time: 2.906461000442505
tf.Tensor(-11416.2260288845, shape=(), dtype=float64)
nll_grad  cost time: 2.9558029174804688
tf.Tensor(-11416.228026316963, shape=(), dtype=float64)
nll_grad  cost time: 2.8609063625335693
tf.Tensor(-11416.230220676163, shape=(), dtype=float64)
nll_grad  cost time: 2.734443426132202
tf.Tensor(-11416.232774553388, shape=(), dtype=float64)
nll_grad  cost time: 2.958604097366333
tf.Tensor(-11416.234580425313, shape=(), dtype=float64)
nll_grad  cost time: 2.783475637435913
tf.Tensor(-11416.2364994022, shape=(), dtype=float64)
nll_grad  cost time: 2.9756760597229004
tf.Tensor(-11416.238028130374, shape=(), dtype=float64)
nll_grad  cost time: 2.8895437717437744
tf.Tensor(-11416.238847548393, shape=(), dtype=float64)
nll_grad  cost time: 2.8599870204925537
tf.Tensor(-11416.239557159915, shape=(), dtype=float64)
nll_grad  cost time: 2.888927698135376
tf.Tensor(-11416.239971170122, shape=(), dtype=float64)
nll_grad  cost time: 2.94692063331604
tf.Tensor(-11416.240243348642, shape=(), dtype=float64)
nll_grad  cost time: 3.0598344802856445
tf.Tensor(-11416.240652264401, shape=(), dtype=float64)
nll_grad  cost time: 2.964282274246216
tf.Tensor(-11416.241298678753, shape=(), dtype=float64)
nll_grad  cost time: 2.9481499195098877
tf.Tensor(-11416.242354152742, shape=(), dtype=float64)
nll_grad  cost time: 2.859631299972534
tf.Tensor(-11416.244068439359, shape=(), dtype=float64)
nll_grad  cost time: 2.8575189113616943
tf.Tensor(-11416.246667040756, shape=(), dtype=float64)
nll_grad  cost time: 3.084007740020752
tf.Tensor(-11416.249544160168, shape=(), dtype=float64)
nll_grad  cost time: 2.935692548751831
tf.Tensor(-11416.2515343804, shape=(), dtype=float64)
nll_grad  cost time: 2.8711392879486084
tf.Tensor(-11416.2523346444, shape=(), dtype=float64)
nll_grad  cost time: 2.9762532711029053
tf.Tensor(-11416.253292563102, shape=(), dtype=float64)
nll_grad  cost time: 3.012921094894409
tf.Tensor(-11416.253938198563, shape=(), dtype=float64)
nll_grad  cost time: 3.0987932682037354
tf.Tensor(-11416.254760321666, shape=(), dtype=float64)
nll_grad  cost time: 2.8321406841278076
tf.Tensor(-11416.255148050848, shape=(), dtype=float64)
nll_grad  cost time: 2.932217597961426
tf.Tensor(-11416.255518123497, shape=(), dtype=float64)
nll_grad  cost time: 2.9092719554901123
tf.Tensor(-11416.255807179074, shape=(), dtype=float64)
nll_grad  cost time: 2.9751193523406982
tf.Tensor(-11416.2560037123, shape=(), dtype=float64)
nll_grad  cost time: 2.8511924743652344
tf.Tensor(-11416.256114852833, shape=(), dtype=float64)
nll_grad  cost time: 2.8468751907348633
tf.Tensor(-11416.256179932796, shape=(), dtype=float64)
nll_grad  cost time: 2.7787764072418213
tf.Tensor(-11416.256234620178, shape=(), dtype=float64)
nll_grad  cost time: 2.781275987625122
tf.Tensor(-11416.256301965845, shape=(), dtype=float64)
nll_grad  cost time: 2.8534140586853027
tf.Tensor(-11416.256392651976, shape=(), dtype=float64)
nll_grad  cost time: 2.952303171157837
tf.Tensor(-11416.256520175022, shape=(), dtype=float64)
nll_grad  cost time: 2.985215902328491
tf.Tensor(-11416.256706463944, shape=(), dtype=float64)
nll_grad  cost time: 2.9654979705810547
tf.Tensor(-11416.256988785593, shape=(), dtype=float64)
nll_grad  cost time: 2.949594736099243
tf.Tensor(-11416.25742270625, shape=(), dtype=float64)
nll_grad  cost time: 3.0227863788604736
tf.Tensor(-11416.258038018317, shape=(), dtype=float64)
nll_grad  cost time: 2.908143997192383
tf.Tensor(-11416.25872674457, shape=(), dtype=float64)
nll_grad  cost time: 2.8739569187164307
tf.Tensor(-11416.259249953513, shape=(), dtype=float64)
nll_grad  cost time: 2.7415575981140137
tf.Tensor(-11416.259487381136, shape=(), dtype=float64)
nll_grad  cost time: 2.885817766189575
tf.Tensor(-11416.25956120994, shape=(), dtype=float64)
nll_grad  cost time: 2.915802001953125
tf.Tensor(-11416.259599778736, shape=(), dtype=float64)
nll_grad  cost time: 2.8475875854492188
tf.Tensor(-11416.259636989493, shape=(), dtype=float64)
nll_grad  cost time: 3.1852426528930664
tf.Tensor(-11416.259664522055, shape=(), dtype=float64)
nll_grad  cost time: 2.9143588542938232
tf.Tensor(-11416.259687018388, shape=(), dtype=float64)
nll_grad  cost time: 2.7928051948547363
tf.Tensor(-11416.25971546592, shape=(), dtype=float64)
nll_grad  cost time: 2.7465131282806396
tf.Tensor(-11416.259747800606, shape=(), dtype=float64)
nll_grad  cost time: 3.038255453109741
tf.Tensor(-11416.259791897191, shape=(), dtype=float64)
nll_grad  cost time: 2.8905508518218994
tf.Tensor(-11416.25985927058, shape=(), dtype=float64)
nll_grad  cost time: 2.8404464721679688
tf.Tensor(-11416.259968421647, shape=(), dtype=float64)
nll_grad  cost time: 2.982998847961426
tf.Tensor(-11416.260149585858, shape=(), dtype=float64)
nll_grad  cost time: 2.9525089263916016
tf.Tensor(-11416.260450336045, shape=(), dtype=float64)
nll_grad  cost time: 2.9538967609405518
tf.Tensor(-11416.260933638143, shape=(), dtype=float64)
nll_grad  cost time: 2.9743173122406006
tf.Tensor(-11416.261647533007, shape=(), dtype=float64)
nll_grad  cost time: 3.0925679206848145
tf.Tensor(-11416.262326606444, shape=(), dtype=float64)
nll_grad  cost time: 3.216214418411255
nll_grad  cost time: 3.1088178157806396
tf.Tensor(-11416.262625576175, shape=(), dtype=float64)
nll_grad  cost time: 3.032688617706299
tf.Tensor(-11416.263036710698, shape=(), dtype=float64)
nll_grad  cost time: 2.9409255981445312
tf.Tensor(-11416.263234780195, shape=(), dtype=float64)
nll_grad  cost time: 2.9907963275909424
tf.Tensor(-11416.26328387046, shape=(), dtype=float64)
nll_grad  cost time: 2.9778244495391846
tf.Tensor(-11416.26330066413, shape=(), dtype=float64)
nll_grad  cost time: 2.940695285797119
tf.Tensor(-11416.263309428676, shape=(), dtype=float64)
nll_grad  cost time: 3.021167039871216
tf.Tensor(-11416.26331373672, shape=(), dtype=float64)
nll_grad  cost time: 3.052159309387207
tf.Tensor(-11416.2633197443, shape=(), dtype=float64)
nll_grad  cost time: 2.9509036540985107
tf.Tensor(-11416.263328905941, shape=(), dtype=float64)
nll_grad  cost time: 2.7127878665924072
tf.Tensor(-11416.263340653484, shape=(), dtype=float64)
nll_grad  cost time: 2.7084107398986816
tf.Tensor(-11416.26335395715, shape=(), dtype=float64)
nll_grad  cost time: 2.814115047454834
tf.Tensor(-11416.263371822726, shape=(), dtype=float64)
nll_grad  cost time: 2.7212870121002197
tf.Tensor(-11416.263395771784, shape=(), dtype=float64)
nll_grad  cost time: 2.9386260509490967
tf.Tensor(-11416.263429044557, shape=(), dtype=float64)
nll_grad  cost time: 2.982142448425293
tf.Tensor(-11416.26347798271, shape=(), dtype=float64)
nll_grad  cost time: 2.8845090866088867
tf.Tensor(-11416.263554817837, shape=(), dtype=float64)
nll_grad  cost time: 2.98041033744812
tf.Tensor(-11416.263678970783, shape=(), dtype=float64)
nll_grad  cost time: 3.0879430770874023
tf.Tensor(-11416.263887209854, shape=(), dtype=float64)
nll_grad  cost time: 2.8845784664154053
tf.Tensor(-11416.264247827869, shape=(), dtype=float64)
nll_grad  cost time: 2.793283462524414
tf.Tensor(-11416.264885297769, shape=(), dtype=float64)
nll_grad  cost time: 2.8480536937713623
tf.Tensor(-11416.266022158714, shape=(), dtype=float64)
nll_grad  cost time: 2.7903645038604736
tf.Tensor(-11416.268033138389, shape=(), dtype=float64)
nll_grad  cost time: 3.0361433029174805
tf.Tensor(-11416.271421202113, shape=(), dtype=float64)
nll_grad  cost time: 2.84256649017334
tf.Tensor(-11416.276516995971, shape=(), dtype=float64)
nll_grad  cost time: 2.876265525817871
tf.Tensor(-11416.282833640023, shape=(), dtype=float64)
nll_grad  cost time: 2.952186107635498
nll_grad  cost time: 2.810332775115967
tf.Tensor(-11416.285514376785, shape=(), dtype=float64)
nll_grad  cost time: 2.9143049716949463
tf.Tensor(-11416.290173408535, shape=(), dtype=float64)
nll_grad  cost time: 2.9571003913879395
tf.Tensor(-11416.296246523754, shape=(), dtype=float64)
nll_grad  cost time: 2.940094470977783
nll_grad  cost time: 2.728245735168457
tf.Tensor(-11416.29923663706, shape=(), dtype=float64)
nll_grad  cost time: 2.763775110244751
tf.Tensor(-11416.302634343683, shape=(), dtype=float64)
nll_grad  cost time: 2.804448366165161
tf.Tensor(-11416.304053626536, shape=(), dtype=float64)
nll_grad  cost time: 2.885342597961426
tf.Tensor(-11416.305802062445, shape=(), dtype=float64)
nll_grad  cost time: 2.800116539001465
tf.Tensor(-11416.308033970574, shape=(), dtype=float64)
nll_grad  cost time: 2.760563611984253
tf.Tensor(-11416.310097653775, shape=(), dtype=float64)
nll_grad  cost time: 2.780728816986084
nll_grad  cost time: 2.845414400100708
tf.Tensor(-11416.311630144788, shape=(), dtype=float64)
nll_grad  cost time: 3.135106325149536
tf.Tensor(-11416.313951866607, shape=(), dtype=float64)
nll_grad  cost time: 2.9992806911468506
tf.Tensor(-11416.317326672499, shape=(), dtype=float64)
nll_grad  cost time: 2.990250825881958
tf.Tensor(-11416.320308328526, shape=(), dtype=float64)
nll_grad  cost time: 2.9514200687408447
tf.Tensor(-11416.322668960092, shape=(), dtype=float64)
nll_grad  cost time: 2.846973419189453
tf.Tensor(-11416.32359199004, shape=(), dtype=float64)
nll_grad  cost time: 3.0282182693481445
tf.Tensor(-11416.32493240754, shape=(), dtype=float64)
nll_grad  cost time: 2.8890280723571777
tf.Tensor(-11416.326388142283, shape=(), dtype=float64)
nll_grad  cost time: 2.855041742324829
tf.Tensor(-11416.327512305357, shape=(), dtype=float64)
nll_grad  cost time: 2.7707715034484863
tf.Tensor(-11416.328875205341, shape=(), dtype=float64)
nll_grad  cost time: 2.760998249053955
tf.Tensor(-11416.330156937602, shape=(), dtype=float64)
nll_grad  cost time: 2.9861724376678467
tf.Tensor(-11416.330711922219, shape=(), dtype=float64)
nll_grad  cost time: 2.862717628479004
tf.Tensor(-11416.331274298143, shape=(), dtype=float64)
nll_grad  cost time: 2.8077924251556396
tf.Tensor(-11416.331599683577, shape=(), dtype=float64)
nll_grad  cost time: 2.9397599697113037
tf.Tensor(-11416.331710477833, shape=(), dtype=float64)
nll_grad  cost time: 2.791733980178833
tf.Tensor(-11416.331874918527, shape=(), dtype=float64)
nll_grad  cost time: 2.7725446224212646
tf.Tensor(-11416.332064399925, shape=(), dtype=float64)
nll_grad  cost time: 3.034801721572876
tf.Tensor(-11416.332176942149, shape=(), dtype=float64)
nll_grad  cost time: 2.6885182857513428
tf.Tensor(-11416.332264150227, shape=(), dtype=float64)
nll_grad  cost time: 2.6933512687683105
tf.Tensor(-11416.332290248287, shape=(), dtype=float64)
nll_grad  cost time: 2.7862138748168945
tf.Tensor(-11416.332296645895, shape=(), dtype=float64)
nll_grad  cost time: 2.8164706230163574
tf.Tensor(-11416.332298931182, shape=(), dtype=float64)
nll_grad  cost time: 2.8719072341918945
tf.Tensor(-11416.332300238617, shape=(), dtype=float64)
nll_grad  cost time: 2.8621490001678467
tf.Tensor(-11416.332301646115, shape=(), dtype=float64)
nll_grad  cost time: 2.921384334564209
tf.Tensor(-11416.332303427542, shape=(), dtype=float64)
nll_grad  cost time: 2.8681650161743164
tf.Tensor(-11416.332305700402, shape=(), dtype=float64)
nll_grad  cost time: 2.9513869285583496
tf.Tensor(-11416.332308885252, shape=(), dtype=float64)
nll_grad  cost time: 3.054161787033081
tf.Tensor(-11416.332312216044, shape=(), dtype=float64)
nll_grad  cost time: 2.9506731033325195
tf.Tensor(-11416.332314774205, shape=(), dtype=float64)
nll_grad  cost time: 2.985527753829956
tf.Tensor(-11416.332316282987, shape=(), dtype=float64)
nll_grad  cost time: 2.9089765548706055
tf.Tensor(-11416.332317041415, shape=(), dtype=float64)
nll_grad  cost time: 2.996691942214966
tf.Tensor(-11416.332317415843, shape=(), dtype=float64)
nll_grad  cost time: 3.063178539276123
tf.Tensor(-11416.33231763589, shape=(), dtype=float64)
nll_grad  cost time: 3.3701984882354736
tf.Tensor(-11416.332317896351, shape=(), dtype=float64)
nll_grad  cost time: 2.702741861343384
tf.Tensor(-11416.33231833869, shape=(), dtype=float64)
nll_grad  cost time: 2.899142265319824
tf.Tensor(-11416.33231912609, shape=(), dtype=float64)
nll_grad  cost time: 2.891986846923828
tf.Tensor(-11416.332320557565, shape=(), dtype=float64)
nll_grad  cost time: 2.955458641052246
tf.Tensor(-11416.33232317456, shape=(), dtype=float64)
nll_grad  cost time: 2.9548702239990234
tf.Tensor(-11416.33232793845, shape=(), dtype=float64)
nll_grad  cost time: 3.042398452758789
tf.Tensor(-11416.33233651008, shape=(), dtype=float64)
nll_grad  cost time: 3.038127899169922
tf.Tensor(-11416.332351671728, shape=(), dtype=float64)
nll_grad  cost time: 2.888310432434082
tf.Tensor(-11416.33237798736, shape=(), dtype=float64)
nll_grad  cost time: 2.966135263442993
tf.Tensor(-11416.332423029555, shape=(), dtype=float64)
nll_grad  cost time: 2.9440553188323975
tf.Tensor(-11416.332499882272, shape=(), dtype=float64)
nll_grad  cost time: 2.9157063961029053
tf.Tensor(-11416.332631536232, shape=(), dtype=float64)
nll_grad  cost time: 3.041572332382202
tf.Tensor(-11416.332856039411, shape=(), dtype=float64)
nll_grad  cost time: 2.782855272293091
tf.Tensor(-11416.333225918366, shape=(), dtype=float64)
nll_grad  cost time: 2.741079330444336
nll_grad  cost time: 2.7296359539031982
tf.Tensor(-11416.333470486734, shape=(), dtype=float64)
nll_grad  cost time: 2.898547649383545
tf.Tensor(-11416.333876142173, shape=(), dtype=float64)
nll_grad  cost time: 2.859039306640625
tf.Tensor(-11416.334502727394, shape=(), dtype=float64)
nll_grad  cost time: 2.824014186859131
tf.Tensor(-11416.335024722499, shape=(), dtype=float64)
nll_grad  cost time: 2.9563210010528564
nll_grad  cost time: 2.9478673934936523
tf.Tensor(-11416.335211523383, shape=(), dtype=float64)
nll_grad  cost time: 2.8663463592529297
tf.Tensor(-11416.335299686863, shape=(), dtype=float64)
nll_grad  cost time: 2.952516555786133
tf.Tensor(-11416.335356483756, shape=(), dtype=float64)
nll_grad  cost time: 2.8467254638671875
tf.Tensor(-11416.33539648927, shape=(), dtype=float64)
nll_grad  cost time: 2.8617467880249023
tf.Tensor(-11416.335463149891, shape=(), dtype=float64)
nll_grad  cost time: 2.945206880569458
tf.Tensor(-11416.335560353516, shape=(), dtype=float64)
nll_grad  cost time: 2.9350950717926025
tf.Tensor(-11416.335647475611, shape=(), dtype=float64)
nll_grad  cost time: 2.8006439208984375
tf.Tensor(-11416.335690885091, shape=(), dtype=float64)
nll_grad  cost time: 2.9421586990356445
tf.Tensor(-11416.335733245232, shape=(), dtype=float64)
nll_grad  cost time: 2.873505115509033
tf.Tensor(-11416.335744291675, shape=(), dtype=float64)
nll_grad  cost time: 2.962319850921631
tf.Tensor(-11416.335749158905, shape=(), dtype=float64)
nll_grad  cost time: 2.8959858417510986
tf.Tensor(-11416.335749949878, shape=(), dtype=float64)
nll_grad  cost time: 2.8261215686798096
tf.Tensor(-11416.335750165534, shape=(), dtype=float64)
nll_grad  cost time: 2.82934832572937
tf.Tensor(-11416.335750216498, shape=(), dtype=float64)
nll_grad  cost time: 2.7716128826141357
tf.Tensor(-11416.335750223552, shape=(), dtype=float64)
nll_grad  cost time: 2.8680291175842285
tf.Tensor(-11416.335750225378, shape=(), dtype=float64)
Optimization terminated successfully.
         Current function value: -11416.335750
         Iterations: 936
         Function evaluations: 965
         Gradient evaluations: 965
  message: Optimization terminated successfully.
  success: True
   status: 0
      fun: -11416.335750225378
        x: [ 1.153e+00  1.647e+00 ...  3.151e+00  4.750e+00]
      nit: 936
      jac: [ 0.000e+00  0.000e+00 ... -1.328e-06 -3.374e-05]
 hess_inv: [[ 1.000e+00  0.000e+00 ...  0.000e+00  0.000e+00]
            [ 0.000e+00  1.000e+00 ...  0.000e+00  0.000e+00]
            ...
            [ 0.000e+00  0.000e+00 ...  1.460e+01 -3.312e-01]
            [ 0.000e+00  0.000e+00 ... -3.312e-01  1.216e+00]]
     nfev: 965
     njev: 965
fit  cost time: 2795.647604942322

========== Fit loop 2/5 ==========
using RANDOM parameters

########### initial parameters
{
  "rho(1450)p_mass": 1.51,
  "rho(1450)p_width": 0.44,
  "rho(1570)p_mass": 1.57,
  "rho(1570)p_width": 0.14,
  "rho(1690)p_mass": 1.681,
  "rho(1690)p_width": 0.19,
  "rho(1450)m_mass": 1.51,
  "rho(1450)m_width": 0.44,
  "rho(1570)m_mass": 1.57,
  "rho(1570)m_width": 0.14,
  "rho(1690)m_mass": 1.681,
  "rho(1690)m_width": 0.19,
  "f0(500)_E791_mass": 0.478,
  "f0(1370)_mass": 1.37,
  "f0(1370)_width": 0.35,
  "f0(1500)_flatte_mass": 1.522,
  "f0(1500)_flatte_g_0": 0.00030434790635924146,
  "f0(1500)_flatte_g_1": 0.45654109994213754,
  "f2(1430)_mass": 1.43,
  "f2(1430)_width": 0.046,
  "Jpsi->rho(1450)p.pimrho(1450)p->phi.pip_total_0r": 1.0,
  "Jpsi->rho(1450)p.pimrho(1450)p->phi.pip_total_0i": 0.0,
  "Jpsi->rho(1450)p.pim_g_ls_0r": 1.0,
  "Jpsi->rho(1450)p.pim_g_ls_0i": 0.0,
  "rho(1450)p->phi.pip_g_ls_0r": 1.0,
  "rho(1450)p->phi.pip_g_ls_0i": 0.0,
  "Jpsi->rho(1570)p.pimrho(1570)p->phi.pip_total_0r": 1.0534663064569019,
  "Jpsi->rho(1570)p.pimrho(1570)p->phi.pip_total_0i": -0.5746277232824459,
  "Jpsi->rho(1570)p.pim_g_ls_0r": 1.0,
  "Jpsi->rho(1570)p.pim_g_ls_0i": 0.0,
  "rho(1570)p->phi.pip_g_ls_0r": 1.0,
  "rho(1570)p->phi.pip_g_ls_0i": 0.0,
  "Jpsi->rho(1690)p.pimrho(1690)p->phi.pip_total_0r": 0.769716375605491,
  "Jpsi->rho(1690)p.pimrho(1690)p->phi.pip_total_0i": 0.4940786902632395,
  "Jpsi->rho(1690)p.pim_g_ls_0r": 1.0,
  "Jpsi->rho(1690)p.pim_g_ls_0i": 0.0,
  "rho(1690)p->phi.pip_g_ls_0r": 1.0,
  "rho(1690)p->phi.pip_g_ls_0i": 0.0,
  "Jpsi->rho(1450)m.piprho(1450)m->phi.pim_total_0r": 1.0,
  "Jpsi->rho(1450)m.piprho(1450)m->phi.pim_total_0i": 0.0,
  "Jpsi->rho(1450)m.pip_g_ls_0r": 1.0,
  "Jpsi->rho(1450)m.pip_g_ls_0i": 0.0,
  "rho(1450)m->phi.pim_g_ls_0r": 1.0,
  "rho(1450)m->phi.pim_g_ls_0i": 0.0,
  "Jpsi->rho(1570)m.piprho(1570)m->phi.pim_total_0r": 1.0534663064569019,
  "Jpsi->rho(1570)m.piprho(1570)m->phi.pim_total_0i": -0.5746277232824459,
  "Jpsi->rho(1570)m.pip_g_ls_0r": 1.0,
  "Jpsi->rho(1570)m.pip_g_ls_0i": 0.0,
  "rho(1570)m->phi.pim_g_ls_0r": 1.0,
  "rho(1570)m->phi.pim_g_ls_0i": 0.0,
  "Jpsi->rho(1690)m.piprho(1690)m->phi.pim_total_0r": 0.769716375605491,
  "Jpsi->rho(1690)m.piprho(1690)m->phi.pim_total_0i": 0.4940786902632395,
  "Jpsi->rho(1690)m.pip_g_ls_0r": 1.0,
  "Jpsi->rho(1690)m.pip_g_ls_0i": 0.0,
  "rho(1690)m->phi.pim_g_ls_0r": 1.0,
  "rho(1690)m->phi.pim_g_ls_0i": 0.0,
  "Jpsi->phi.f0(500)_E791f0(500)_E791->pip.pim_total_0r": 0.36374937829370424,
  "Jpsi->phi.f0(500)_E791f0(500)_E791->pip.pim_total_0i": 0.8260042539085477,
  "Jpsi->phi.f0(500)_E791_g_ls_0r": 1.0,
  "Jpsi->phi.f0(500)_E791_g_ls_0i": 0.0,
  "Jpsi->phi.f0(500)_E791_g_ls_1r": 1.417509080718514,
  "Jpsi->phi.f0(500)_E791_g_ls_1i": -1.7018997754367338,
  "f0(500)_E791->pip.pim_g_ls_0r": 1.0,
  "f0(500)_E791->pip.pim_g_ls_0i": 0.0,
  "Jpsi->phi.f0(980)_flattef0(980)_flatte->pip.pim_total_0r": 1.3723986882271766,
  "Jpsi->phi.f0(980)_flattef0(980)_flatte->pip.pim_total_0i": 2.340928833060075,
  "f0(980)_flatte->pip.pim_g_ls_0r": 1.0,
  "f0(980)_flatte->pip.pim_g_ls_0i": 0.0,
  "Jpsi->phi.f0(1370)f0(1370)->pip.pim_total_0r": 0.2167311336549882,
  "Jpsi->phi.f0(1370)f0(1370)->pip.pim_total_0i": 2.7497857398439853,
  "Jpsi->phi.f0(1370)_g_ls_0r": 1.0,
  "Jpsi->phi.f0(1370)_g_ls_0i": 0.0,
  "Jpsi->phi.f0(1370)_g_ls_1r": 1.79373905893357,
  "Jpsi->phi.f0(1370)_g_ls_1i": 0.831531472469258,
  "f0(1370)->pip.pim_g_ls_0r": 1.0,
  "f0(1370)->pip.pim_g_ls_0i": 0.0,
  "Jpsi->phi.f0(1500)_flattef0(1500)_flatte->pip.pim_total_0r": 1.2579280670327524,
  "Jpsi->phi.f0(1500)_flattef0(1500)_flatte->pip.pim_total_0i": -2.8017596260000777,
  "Jpsi->phi.f0(1500)_flatte_g_ls_0r": 1.0,
  "Jpsi->phi.f0(1500)_flatte_g_ls_0i": 0.0,
  "Jpsi->phi.f0(1500)_flatte_g_ls_1r": 1.5983346386712523,
  "Jpsi->phi.f0(1500)_flatte_g_ls_1i": -2.9533828729620253,
  "f0(1500)_flatte->pip.pim_g_ls_0r": 1.0,
  "f0(1500)_flatte->pip.pim_g_ls_0i": 0.0,
  "Jpsi->phi.f0(1710)f0(1710)->pip.pim_total_0r": 0.41674828117304585,
  "Jpsi->phi.f0(1710)f0(1710)->pip.pim_total_0i": -2.677215712973055,
  "f0(1710)->pip.pim_g_ls_0r": 1.0,
  "f0(1710)->pip.pim_g_ls_0i": 0.0,
  "Jpsi->phi.f2(1430)f2(1430)->pip.pim_total_0r": 0.2674700039993043,
  "Jpsi->phi.f2(1430)f2(1430)->pip.pim_total_0i": -0.4397585080317059,
  "Jpsi->phi.f2(1430)_g_ls_0r": 1.0,
  "Jpsi->phi.f2(1430)_g_ls_0i": 0.0,
  "Jpsi->phi.f2(1430)_g_ls_1r": 0.935181196697521,
  "Jpsi->phi.f2(1430)_g_ls_1i": -0.7359828420269205,
  "Jpsi->phi.f2(1430)_g_ls_2r": 1.0837200631314938,
  "Jpsi->phi.f2(1430)_g_ls_2i": -0.16858786126899572,
  "Jpsi->phi.f2(1430)_g_ls_3r": 0.8899345129908633,
  "Jpsi->phi.f2(1430)_g_ls_3i": -1.1281998593764144,
  "Jpsi->phi.f2(1430)_g_ls_4r": 0.5022430213892353,
  "Jpsi->phi.f2(1430)_g_ls_4i": 2.7904859721460396,
  "f2(1430)->pip.pim_g_ls_0r": 1.0,
  "f2(1430)->pip.pim_g_ls_0i": 0.0,
  "Jpsi->phi.f2(1270)f2(1270)->pip.pim_total_0r": 0.7654029244071245,
  "Jpsi->phi.f2(1270)f2(1270)->pip.pim_total_0i": 0.5043234447586435,
  "f2(1270)->pip.pim_g_ls_0r": 1.0,
  "f2(1270)->pip.pim_g_ls_0i": 0.0,
  "K1(1400)p_mass": 1.403,
  "K1(1400)p_width": 0.174,
  "K2(1820)p_mass": 1.819,
  "K2(1820)p_width": 0.264,
  "K2(1980)p_mass": 1.99,
  "K2(1980)p_width": 0.348,
  "K2(2250)p_mass": 2.247,
  "K2(2250)p_width": 0.18,
  "K3(2320)p_mass": 2.324,
  "K3(2320)p_width": 0.15,
  "K1(1400)m_mass": 1.403,
  "K1(1400)m_width": 0.174,
  "K2(1820)m_mass": 1.819,
  "K2(1820)m_width": 0.264,
  "K2(1980)m_mass": 1.99,
  "K2(1980)m_width": 0.348,
  "K3(2320)m_mass": 2.324,
  "K3(2320)m_width": 0.15,
  "f0(980)_flatte_mass": 0.965,
  "f0(980)_flatte_g_0": 1.3834506169303276,
  "f0(980)_flatte_g_1": 0.5332711589085853,
  "f2(1270)_mass": 1.2754,
  "f2(1270)_width": 0.1858,
  "f0(1500)_mass": 1.522,
  "f0(1500)_width": 0.108,
  "f2(1525)_mass": 1.5173,
  "f2(1525)_width": 0.072,
  "f2(1565)_mass": 1.571,
  "f2(1565)_width": 0.132,
  "f0(1710)_mass": 1.733,
  "f0(1710)_width": 0.15,
  "f2(1810)_mass": 1.815,
  "f2(1810)_width": 0.197,
  "Jpsi->K1(1400)p.kmK1(1400)p->phi.kp_total_0r": 1.0,
  "Jpsi->K1(1400)p.kmK1(1400)p->phi.kp_total_0i": 0.0,
  "Jpsi->K1(1400)p.km_g_ls_0r": 1.0,
  "Jpsi->K1(1400)p.km_g_ls_0i": 0.0,
  "Jpsi->K1(1400)p.km_g_ls_1r": 1.9166512304585885,
  "Jpsi->K1(1400)p.km_g_ls_1i": 2.7268728328831857,
  "K1(1400)p->phi.kp_g_ls_0r": 1.0,
  "K1(1400)p->phi.kp_g_ls_0i": 0.0,
  "K1(1400)p->phi.kp_g_ls_1r": 0.35267397725586935,
  "K1(1400)p->phi.kp_g_ls_1i": 2.667600550326501,
  "Jpsi->K2(1820)p.kmK2(1820)p->phi.kp_total_0r": 0.5359181628663481,
  "Jpsi->K2(1820)p.kmK2(1820)p->phi.kp_total_0i": -2.576735587750954,
  "Jpsi->K2(1820)p.km_g_ls_0r": 1.0,
  "Jpsi->K2(1820)p.km_g_ls_0i": 0.0,
  "Jpsi->K2(1820)p.km_g_ls_1r": 0.6227885547987233,
  "Jpsi->K2(1820)p.km_g_ls_1i": -1.2217801132424422,
  "K2(1820)p->phi.kp_g_ls_0r": 1.0,
  "K2(1820)p->phi.kp_g_ls_0i": 0.0,
  "K2(1820)p->phi.kp_g_ls_1r": 1.9300044165796244,
  "K2(1820)p->phi.kp_g_ls_1i": 1.3310758938790448,
  "Jpsi->K2(1980)p.kmK2(1980)p->phi.kp_total_0r": 1.8362991154521082,
  "Jpsi->K2(1980)p.kmK2(1980)p->phi.kp_total_0i": 0.5313818231521177,
  "Jpsi->K2(1980)p.km_g_ls_0r": 1.0,
  "Jpsi->K2(1980)p.km_g_ls_0i": 0.0,
  "K2(1980)p->phi.kp_g_ls_0r": 1.0,
  "K2(1980)p->phi.kp_g_ls_0i": 0.0,
  "Jpsi->K2(2250)p.kmK2(2250)p->phi.kp_total_0r": 0.8466185911227431,
  "Jpsi->K2(2250)p.kmK2(2250)p->phi.kp_total_0i": 2.923883027903533,
  "Jpsi->K2(2250)p.km_g_ls_0r": 1.0,
  "Jpsi->K2(2250)p.km_g_ls_0i": 0.0,
  "Jpsi->K2(2250)p.km_g_ls_1r": 0.5000279536591452,
  "Jpsi->K2(2250)p.km_g_ls_1i": 1.6266459935483866,
  "K2(2250)p->phi.kp_g_ls_0r": 1.0,
  "K2(2250)p->phi.kp_g_ls_0i": 0.0,
  "K2(2250)p->phi.kp_g_ls_1r": 0.6774405386835562,
  "K2(2250)p->phi.kp_g_ls_1i": 2.752407891523312,
  "Jpsi->K3(2320)p.kmK3(2320)p->phi.kp_total_0r": 1.8025234309555662,
  "Jpsi->K3(2320)p.kmK3(2320)p->phi.kp_total_0i": 2.2404904092602926,
  "Jpsi->K3(2320)p.km_g_ls_0r": 1.0,
  "Jpsi->K3(2320)p.km_g_ls_0i": 0.0,
  "Jpsi->K3(2320)p.km_g_ls_1r": 0.17009722027413288,
  "Jpsi->K3(2320)p.km_g_ls_1i": -1.3956254147885292,
  "K3(2320)p->phi.kp_g_ls_0r": 1.0,
  "K3(2320)p->phi.kp_g_ls_0i": 0.0,
  "K3(2320)p->phi.kp_g_ls_1r": 0.8039730761415331,
  "K3(2320)p->phi.kp_g_ls_1i": -0.9484749993182287,
  "Jpsi->K1(1400)m.kpK1(1400)m->phi.km_total_0r": 1.0,
  "Jpsi->K1(1400)m.kpK1(1400)m->phi.km_total_0i": 0.0,
  "Jpsi->K1(1400)m.kp_g_ls_0r": 1.0,
  "Jpsi->K1(1400)m.kp_g_ls_0i": 0.0,
  "Jpsi->K1(1400)m.kp_g_ls_1r": 1.9166512304585885,
  "Jpsi->K1(1400)m.kp_g_ls_1i": 2.7268728328831857,
  "K1(1400)m->phi.km_g_ls_0r": 1.0,
  "K1(1400)m->phi.km_g_ls_0i": 0.0,
  "K1(1400)m->phi.km_g_ls_1r": 0.35267397725586935,
  "K1(1400)m->phi.km_g_ls_1i": 2.667600550326501,
  "Jpsi->K2(1820)m.kpK2(1820)m->phi.km_total_0r": 0.5359181628663481,
  "Jpsi->K2(1820)m.kpK2(1820)m->phi.km_total_0i": -2.576735587750954,
  "Jpsi->K2(1820)m.kp_g_ls_0r": 1.0,
  "Jpsi->K2(1820)m.kp_g_ls_0i": 0.0,
  "Jpsi->K2(1820)m.kp_g_ls_1r": 0.6227885547987233,
  "Jpsi->K2(1820)m.kp_g_ls_1i": -1.2217801132424422,
  "K2(1820)m->phi.km_g_ls_0r": 1.0,
  "K2(1820)m->phi.km_g_ls_0i": 0.0,
  "K2(1820)m->phi.km_g_ls_1r": 1.9300044165796244,
  "K2(1820)m->phi.km_g_ls_1i": 1.3310758938790448,
  "Jpsi->K2(1980)m.kpK2(1980)m->phi.km_total_0r": 1.8362991154521082,
  "Jpsi->K2(1980)m.kpK2(1980)m->phi.km_total_0i": 0.5313818231521177,
  "Jpsi->K2(1980)m.kp_g_ls_0r": 1.0,
  "Jpsi->K2(1980)m.kp_g_ls_0i": 0.0,
  "K2(1980)m->phi.km_g_ls_0r": 1.0,
  "K2(1980)m->phi.km_g_ls_0i": 0.0,
  "Jpsi->K2(2250)p.kpK2(2250)p->phi.km_total_0r": 0.7270490296006509,
  "Jpsi->K2(2250)p.kpK2(2250)p->phi.km_total_0i": -1.7409096314098742,
  "Jpsi->K2(2250)p.kp_g_ls_0r": 1.0,
  "Jpsi->K2(2250)p.kp_g_ls_0i": 0.0,
  "Jpsi->K2(2250)p.kp_g_ls_1r": 0.30838538055485865,
  "Jpsi->K2(2250)p.kp_g_ls_1i": 1.8353502031728386,
  "K2(2250)p->phi.km_g_ls_0r": 1.0,
  "K2(2250)p->phi.km_g_ls_0i": 0.0,
  "K2(2250)p->phi.km_g_ls_1r": 1.607347416324214,
  "K2(2250)p->phi.km_g_ls_1i": -0.8249186062944793,
  "Jpsi->K3(2320)m.kpK3(2320)m->phi.km_total_0r": 1.8025234309555662,
  "Jpsi->K3(2320)m.kpK3(2320)m->phi.km_total_0i": 2.2404904092602926,
  "Jpsi->K3(2320)m.kp_g_ls_0r": 1.0,
  "Jpsi->K3(2320)m.kp_g_ls_0i": 0.0,
  "Jpsi->K3(2320)m.kp_g_ls_1r": 0.17009722027413288,
  "Jpsi->K3(2320)m.kp_g_ls_1i": -1.3956254147885292,
  "K3(2320)m->phi.km_g_ls_0r": 1.0,
  "K3(2320)m->phi.km_g_ls_0i": 0.0,
  "K3(2320)m->phi.km_g_ls_1r": 0.8039730761415331,
  "K3(2320)m->phi.km_g_ls_1i": -0.9484749993182287,
  "Jpsi->phi.f0(980)_flattef0(980)_flatte->kp.km_total_0r": 0.8163162820903178,
  "Jpsi->phi.f0(980)_flattef0(980)_flatte->kp.km_total_0i": 0.715872332585922,
  "Jpsi->phi.f0(980)_flatte_g_ls_0r": 1.0,
  "Jpsi->phi.f0(980)_flatte_g_ls_0i": 0.0,
  "Jpsi->phi.f0(980)_flatte_g_ls_1r": 1.5080899350849188,
  "Jpsi->phi.f0(980)_flatte_g_ls_1i": -2.2109211091326912,
  "f0(980)_flatte->kp.km_g_ls_0r": 1.0,
  "f0(980)_flatte->kp.km_g_ls_0i": 0.0,
  "Jpsi->phi.f2(1270)f2(1270)->kp.km_total_0r": 1.0689313347974014,
  "Jpsi->phi.f2(1270)f2(1270)->kp.km_total_0i": -2.753539690637629,
  "Jpsi->phi.f2(1270)_g_ls_0r": 1.0,
  "Jpsi->phi.f2(1270)_g_ls_0i": 0.0,
  "Jpsi->phi.f2(1270)_g_ls_1r": 0.7281588193725383,
  "Jpsi->phi.f2(1270)_g_ls_1i": -1.875075416506236,
  "Jpsi->phi.f2(1270)_g_ls_2r": 1.4072502815152794,
  "Jpsi->phi.f2(1270)_g_ls_2i": 0.5246638890256108,
  "Jpsi->phi.f2(1270)_g_ls_3r": 0.5931272137982235,
  "Jpsi->phi.f2(1270)_g_ls_3i": 2.574784985436711,
  "Jpsi->phi.f2(1270)_g_ls_4r": 1.6441793881620521,
  "Jpsi->phi.f2(1270)_g_ls_4i": 1.9077714190870623,
  "f2(1270)->kp.km_g_ls_0r": 1.0,
  "f2(1270)->kp.km_g_ls_0i": 0.0,
  "Jpsi->phi.f0(1500)f0(1500)->kp.km_total_0r": 1.5704449999278527,
  "Jpsi->phi.f0(1500)f0(1500)->kp.km_total_0i": -1.365297964833288,
  "Jpsi->phi.f0(1500)_g_ls_0r": 1.0,
  "Jpsi->phi.f0(1500)_g_ls_0i": 0.0,
  "Jpsi->phi.f0(1500)_g_ls_1r": 0.4943770431414647,
  "Jpsi->phi.f0(1500)_g_ls_1i": -0.8438729245996783,
  "f0(1500)->kp.km_g_ls_0r": 1.0,
  "f0(1500)->kp.km_g_ls_0i": 0.0,
  "Jpsi->phi.f2(1525)f2(1525)->kp.km_total_0r": 0.10850478638205674,
  "Jpsi->phi.f2(1525)f2(1525)->kp.km_total_0i": 0.10525952612972844,
  "Jpsi->phi.f2(1525)_g_ls_0r": 1.0,
  "Jpsi->phi.f2(1525)_g_ls_0i": 0.0,
  "Jpsi->phi.f2(1525)_g_ls_1r": 1.583195892347042,
  "Jpsi->phi.f2(1525)_g_ls_1i": -2.2394210518032036,
  "Jpsi->phi.f2(1525)_g_ls_2r": 0.7774404995067035,
  "Jpsi->phi.f2(1525)_g_ls_2i": 1.8797554530420415,
  "Jpsi->phi.f2(1525)_g_ls_3r": 0.43898020702155316,
  "Jpsi->phi.f2(1525)_g_ls_3i": 0.5658647030935788,
  "Jpsi->phi.f2(1525)_g_ls_4r": 1.1512314861673634,
  "Jpsi->phi.f2(1525)_g_ls_4i": 1.453225961559312,
  "f2(1525)->kp.km_g_ls_0r": 1.0,
  "f2(1525)->kp.km_g_ls_0i": 0.0,
  "Jpsi->phi.f2(1565)f2(1565)->kp.km_total_0r": 1.86045528760173,
  "Jpsi->phi.f2(1565)f2(1565)->kp.km_total_0i": -2.9854464020886904,
  "Jpsi->phi.f2(1565)_g_ls_0r": 1.0,
  "Jpsi->phi.f2(1565)_g_ls_0i": 0.0,
  "Jpsi->phi.f2(1565)_g_ls_1r": 1.546536024285576,
  "Jpsi->phi.f2(1565)_g_ls_1i": 1.2004412016529162,
  "Jpsi->phi.f2(1565)_g_ls_2r": 1.2609201348442136,
  "Jpsi->phi.f2(1565)_g_ls_2i": 0.1596729119820015,
  "Jpsi->phi.f2(1565)_g_ls_3r": 1.160247526923802,
  "Jpsi->phi.f2(1565)_g_ls_3i": -0.49529658758292916,
  "Jpsi->phi.f2(1565)_g_ls_4r": 1.0178229316647114,
  "Jpsi->phi.f2(1565)_g_ls_4i": -1.0109435351987934,
  "f2(1565)->kp.km_g_ls_0r": 1.0,
  "f2(1565)->kp.km_g_ls_0i": 0.0,
  "Jpsi->phi.f0(1710)f0(1710)->kp.km_total_0r": 1.483776910442355,
  "Jpsi->phi.f0(1710)f0(1710)->kp.km_total_0i": 2.3319691223270604,
  "Jpsi->phi.f0(1710)_g_ls_0r": 1.0,
  "Jpsi->phi.f0(1710)_g_ls_0i": 0.0,
  "Jpsi->phi.f0(1710)_g_ls_1r": 0.1202132088790746,
  "Jpsi->phi.f0(1710)_g_ls_1i": -2.508559852128563,
  "f0(1710)->kp.km_g_ls_0r": 1.0,
  "f0(1710)->kp.km_g_ls_0i": 0.0,
  "Jpsi->phi.f2(1810)f2(1810)->kp.km_total_0r": 0.8795679252677919,
  "Jpsi->phi.f2(1810)f2(1810)->kp.km_total_0i": 2.1729218322327437,
  "Jpsi->phi.f2(1810)_g_ls_0r": 1.0,
  "Jpsi->phi.f2(1810)_g_ls_0i": 0.0,
  "Jpsi->phi.f2(1810)_g_ls_1r": 0.05160518275760584,
  "Jpsi->phi.f2(1810)_g_ls_1i": 1.4641357624764533,
  "Jpsi->phi.f2(1810)_g_ls_2r": 1.4492777421333276,
  "Jpsi->phi.f2(1810)_g_ls_2i": -2.600733797843877,
  "Jpsi->phi.f2(1810)_g_ls_3r": 0.8131293102766404,
  "Jpsi->phi.f2(1810)_g_ls_3i": 0.06373961609141876,
  "Jpsi->phi.f2(1810)_g_ls_4r": 0.5404589430224069,
  "Jpsi->phi.f2(1810)_g_ls_4i": 0.7964467097506911,
  "f2(1810)->kp.km_g_ls_0r": 1.0,
  "f2(1810)->kp.km_g_ls_0i": 0.0
}
nll_grad  cost time: 2.8100998401641846
nll_grad  cost time: 2.852323532104492
tf.Tensor(-526.0726589652622, shape=(), dtype=float64)
nll_grad  cost time: 2.9856650829315186
tf.Tensor(-1810.8370411064534, shape=(), dtype=float64)
nll_grad  cost time: 2.930927038192749
tf.Tensor(-4272.742850110022, shape=(), dtype=float64)
nll_grad  cost time: 3.06966495513916
tf.Tensor(-7282.77027147777, shape=(), dtype=float64)
nll_grad  cost time: 2.912433624267578
nll_grad  cost time: 2.788341999053955
tf.Tensor(-7478.060588045613, shape=(), dtype=float64)
nll_grad  cost time: 2.8233749866485596
tf.Tensor(-7803.3608252155245, shape=(), dtype=float64)
nll_grad  cost time: 2.8811042308807373
tf.Tensor(-8251.925975277787, shape=(), dtype=float64)
nll_grad  cost time: 2.90548038482666
tf.Tensor(-8714.15369655803, shape=(), dtype=float64)
nll_grad  cost time: 2.90613055229187
nll_grad  cost time: 2.9202845096588135
tf.Tensor(-8935.97297730051, shape=(), dtype=float64)
nll_grad  cost time: 2.7891597747802734
nll_grad  cost time: 3.0017178058624268
tf.Tensor(-9029.615751184218, shape=(), dtype=float64)
nll_grad  cost time: 2.993098258972168
tf.Tensor(-9168.078602230715, shape=(), dtype=float64)
nll_grad  cost time: 2.974959135055542
tf.Tensor(-9244.106682301674, shape=(), dtype=float64)
nll_grad  cost time: 2.7187180519104004
tf.Tensor(-9342.313917181542, shape=(), dtype=float64)
nll_grad  cost time: 2.7950634956359863
tf.Tensor(-9432.569330600862, shape=(), dtype=float64)
nll_grad  cost time: 2.8575220108032227
tf.Tensor(-9560.415230612925, shape=(), dtype=float64)
nll_grad  cost time: 2.705155611038208
tf.Tensor(-9686.964725538404, shape=(), dtype=float64)
nll_grad  cost time: 2.8245675563812256
nll_grad  cost time: 2.8369123935699463
tf.Tensor(-9749.352816570186, shape=(), dtype=float64)
nll_grad  cost time: 2.9199464321136475
tf.Tensor(-9810.197734124435, shape=(), dtype=float64)
nll_grad  cost time: 2.912027359008789
tf.Tensor(-9897.980291380154, shape=(), dtype=float64)
nll_grad  cost time: 2.882093667984009
nll_grad  cost time: 2.852799654006958
tf.Tensor(-9944.062668703322, shape=(), dtype=float64)
nll_grad  cost time: 2.928313970565796
tf.Tensor(-9997.149533526579, shape=(), dtype=float64)
nll_grad  cost time: 2.797778606414795
tf.Tensor(-10032.17731156318, shape=(), dtype=float64)
nll_grad  cost time: 2.8539960384368896
tf.Tensor(-10050.094770190772, shape=(), dtype=float64)
nll_grad  cost time: 2.8055851459503174
tf.Tensor(-10079.685222079046, shape=(), dtype=float64)
nll_grad  cost time: 2.8248586654663086
tf.Tensor(-10088.32213798404, shape=(), dtype=float64)
nll_grad  cost time: 2.794339656829834
tf.Tensor(-10103.068217027903, shape=(), dtype=float64)
nll_grad  cost time: 2.9273364543914795
tf.Tensor(-10129.136213240781, shape=(), dtype=float64)
nll_grad  cost time: 2.7257864475250244
tf.Tensor(-10178.572942142666, shape=(), dtype=float64)
nll_grad  cost time: 2.8476884365081787
nll_grad  cost time: 2.8228230476379395
tf.Tensor(-10214.03769347845, shape=(), dtype=float64)
nll_grad  cost time: 3.019788980484009
tf.Tensor(-10245.918213785553, shape=(), dtype=float64)
nll_grad  cost time: 2.914613723754883
tf.Tensor(-10266.903319256322, shape=(), dtype=float64)
nll_grad  cost time: 2.783461332321167
tf.Tensor(-10284.095221819189, shape=(), dtype=float64)
nll_grad  cost time: 2.793445110321045
tf.Tensor(-10306.935077213013, shape=(), dtype=float64)
nll_grad  cost time: 2.735297679901123
tf.Tensor(-10339.487681474704, shape=(), dtype=float64)
nll_grad  cost time: 2.850271463394165
tf.Tensor(-10380.084595094399, shape=(), dtype=float64)
nll_grad  cost time: 2.7486648559570312
tf.Tensor(-10393.086017350506, shape=(), dtype=float64)
nll_grad  cost time: 2.8865349292755127
tf.Tensor(-10408.135965595779, shape=(), dtype=float64)
nll_grad  cost time: 2.940825939178467
tf.Tensor(-10431.034669254856, shape=(), dtype=float64)
nll_grad  cost time: 3.0726211071014404
tf.Tensor(-10463.008903830014, shape=(), dtype=float64)
nll_grad  cost time: 2.9677515029907227
tf.Tensor(-10476.200698917855, shape=(), dtype=float64)
nll_grad  cost time: 2.9749224185943604
tf.Tensor(-10493.559509041843, shape=(), dtype=float64)
nll_grad  cost time: 2.9012513160705566
tf.Tensor(-10512.45320182987, shape=(), dtype=float64)
nll_grad  cost time: 2.966726779937744
tf.Tensor(-10537.305682917402, shape=(), dtype=float64)
nll_grad  cost time: 2.86149001121521
tf.Tensor(-10555.323186367445, shape=(), dtype=float64)
nll_grad  cost time: 3.037520170211792
tf.Tensor(-10571.532695678172, shape=(), dtype=float64)
nll_grad  cost time: 2.7490060329437256
tf.Tensor(-10581.76648607351, shape=(), dtype=float64)
nll_grad  cost time: 2.7542405128479004
tf.Tensor(-10589.254401724713, shape=(), dtype=float64)
nll_grad  cost time: 2.956623077392578
tf.Tensor(-10599.100139246097, shape=(), dtype=float64)
nll_grad  cost time: 2.8220503330230713
tf.Tensor(-10608.742696343048, shape=(), dtype=float64)
nll_grad  cost time: 2.905083179473877
tf.Tensor(-10621.36168868967, shape=(), dtype=float64)
nll_grad  cost time: 2.90960693359375
tf.Tensor(-10640.548487830238, shape=(), dtype=float64)
nll_grad  cost time: 2.8784258365631104
tf.Tensor(-10661.535505444474, shape=(), dtype=float64)
nll_grad  cost time: 2.968696117401123
tf.Tensor(-10682.027158329744, shape=(), dtype=float64)
nll_grad  cost time: 2.7699263095855713
nll_grad  cost time: 3.000185012817383
tf.Tensor(-10693.270233751668, shape=(), dtype=float64)
nll_grad  cost time: 2.764099359512329
tf.Tensor(-10706.189756483676, shape=(), dtype=float64)
nll_grad  cost time: 2.8609046936035156
tf.Tensor(-10715.715120280314, shape=(), dtype=float64)
nll_grad  cost time: 2.7918498516082764
tf.Tensor(-10725.490140427632, shape=(), dtype=float64)
nll_grad  cost time: 2.8638429641723633
tf.Tensor(-10733.660532057118, shape=(), dtype=float64)
nll_grad  cost time: 2.7103359699249268
tf.Tensor(-10742.422019055717, shape=(), dtype=float64)
nll_grad  cost time: 2.874401092529297
tf.Tensor(-10753.377058023885, shape=(), dtype=float64)
nll_grad  cost time: 2.819613218307495
tf.Tensor(-10765.97918380615, shape=(), dtype=float64)
nll_grad  cost time: 2.7255847454071045
tf.Tensor(-10777.243443294115, shape=(), dtype=float64)
nll_grad  cost time: 2.8756566047668457
tf.Tensor(-10785.704193913822, shape=(), dtype=float64)
nll_grad  cost time: 2.8236405849456787
tf.Tensor(-10793.728988655821, shape=(), dtype=float64)
nll_grad  cost time: 2.8523366451263428
tf.Tensor(-10804.993719069513, shape=(), dtype=float64)
nll_grad  cost time: 2.8550689220428467
tf.Tensor(-10813.555502843083, shape=(), dtype=float64)
nll_grad  cost time: 2.7430813312530518
tf.Tensor(-10818.135074204634, shape=(), dtype=float64)
nll_grad  cost time: 2.858515739440918
tf.Tensor(-10824.376708499774, shape=(), dtype=float64)
nll_grad  cost time: 2.868990421295166
tf.Tensor(-10831.61366805029, shape=(), dtype=float64)
nll_grad  cost time: 3.013554096221924
tf.Tensor(-10841.17607012124, shape=(), dtype=float64)
nll_grad  cost time: 2.9439499378204346
tf.Tensor(-10849.170423972748, shape=(), dtype=float64)
nll_grad  cost time: 2.8404290676116943
tf.Tensor(-10857.97780767885, shape=(), dtype=float64)
nll_grad  cost time: 2.753465175628662
tf.Tensor(-10863.953435954536, shape=(), dtype=float64)
nll_grad  cost time: 2.7861099243164062
tf.Tensor(-10871.515331972187, shape=(), dtype=float64)
nll_grad  cost time: 3.2449817657470703
tf.Tensor(-10880.84346366283, shape=(), dtype=float64)
nll_grad  cost time: 2.9796512126922607
tf.Tensor(-10889.967612128465, shape=(), dtype=float64)
nll_grad  cost time: 2.860076427459717
tf.Tensor(-10898.84184652473, shape=(), dtype=float64)
nll_grad  cost time: 2.8772356510162354
tf.Tensor(-10906.681984622039, shape=(), dtype=float64)
nll_grad  cost time: 2.828369140625
tf.Tensor(-10916.455049792596, shape=(), dtype=float64)
nll_grad  cost time: 2.864053964614868
tf.Tensor(-10928.601641602036, shape=(), dtype=float64)
nll_grad  cost time: 2.903177261352539
tf.Tensor(-10937.372223388578, shape=(), dtype=float64)
nll_grad  cost time: 2.6936042308807373
tf.Tensor(-10944.23712764409, shape=(), dtype=float64)
nll_grad  cost time: 2.7094130516052246
tf.Tensor(-10954.312277570447, shape=(), dtype=float64)
nll_grad  cost time: 2.878734588623047
tf.Tensor(-10965.302947319331, shape=(), dtype=float64)
nll_grad  cost time: 2.7943005561828613
tf.Tensor(-10973.216172301662, shape=(), dtype=float64)
nll_grad  cost time: 2.888197660446167
tf.Tensor(-10979.237305243849, shape=(), dtype=float64)
nll_grad  cost time: 2.9739620685577393
tf.Tensor(-10986.664566934429, shape=(), dtype=float64)
nll_grad  cost time: 2.8623595237731934
tf.Tensor(-10996.16255586702, shape=(), dtype=float64)
nll_grad  cost time: 2.8457767963409424
tf.Tensor(-11005.27529165159, shape=(), dtype=float64)
nll_grad  cost time: 2.9021968841552734
tf.Tensor(-11016.848916139148, shape=(), dtype=float64)
nll_grad  cost time: 3.0433125495910645
tf.Tensor(-11031.990094256107, shape=(), dtype=float64)
nll_grad  cost time: 2.951406240463257
tf.Tensor(-11040.857190373223, shape=(), dtype=float64)
nll_grad  cost time: 2.960413932800293
tf.Tensor(-11049.443755746535, shape=(), dtype=float64)
nll_grad  cost time: 2.853006362915039
tf.Tensor(-11053.947196520661, shape=(), dtype=float64)
nll_grad  cost time: 2.892280340194702
tf.Tensor(-11060.158893953281, shape=(), dtype=float64)
nll_grad  cost time: 3.1029341220855713
tf.Tensor(-11068.087715708425, shape=(), dtype=float64)
nll_grad  cost time: 2.9412856101989746
tf.Tensor(-11078.766111521669, shape=(), dtype=float64)
nll_grad  cost time: 2.8739736080169678
tf.Tensor(-11086.707879481415, shape=(), dtype=float64)
nll_grad  cost time: 2.937286853790283
tf.Tensor(-11095.733808669094, shape=(), dtype=float64)
nll_grad  cost time: 2.852050542831421
tf.Tensor(-11107.399069893043, shape=(), dtype=float64)
nll_grad  cost time: 2.870319366455078
tf.Tensor(-11114.658635173662, shape=(), dtype=float64)
nll_grad  cost time: 2.8636398315429688
tf.Tensor(-11118.985437453885, shape=(), dtype=float64)
nll_grad  cost time: 2.8959081172943115
tf.Tensor(-11124.8435182147, shape=(), dtype=float64)
nll_grad  cost time: 2.8743762969970703
tf.Tensor(-11132.736338838236, shape=(), dtype=float64)
nll_grad  cost time: 2.8711495399475098
tf.Tensor(-11138.897020962955, shape=(), dtype=float64)
nll_grad  cost time: 2.8470699787139893
tf.Tensor(-11144.630567184773, shape=(), dtype=float64)
nll_grad  cost time: 2.8239939212799072
tf.Tensor(-11152.33480767232, shape=(), dtype=float64)
nll_grad  cost time: 2.805445671081543
tf.Tensor(-11157.4655621134, shape=(), dtype=float64)
nll_grad  cost time: 2.8247435092926025
tf.Tensor(-11161.574073057709, shape=(), dtype=float64)
nll_grad  cost time: 2.7514374256134033
tf.Tensor(-11166.905999672119, shape=(), dtype=float64)
nll_grad  cost time: 2.7862260341644287
tf.Tensor(-11173.044757173411, shape=(), dtype=float64)
nll_grad  cost time: 2.7912044525146484
tf.Tensor(-11179.103738614438, shape=(), dtype=float64)
nll_grad  cost time: 2.731346845626831
tf.Tensor(-11183.817841984623, shape=(), dtype=float64)
nll_grad  cost time: 2.770801305770874
tf.Tensor(-11189.175397733015, shape=(), dtype=float64)
nll_grad  cost time: 2.7296454906463623
tf.Tensor(-11192.73904487575, shape=(), dtype=float64)
nll_grad  cost time: 2.691124677658081
tf.Tensor(-11197.178826358308, shape=(), dtype=float64)
nll_grad  cost time: 2.892313003540039
tf.Tensor(-11202.081582480569, shape=(), dtype=float64)
nll_grad  cost time: 2.8473527431488037
nll_grad  cost time: 2.8539299964904785
tf.Tensor(-11204.34554131377, shape=(), dtype=float64)
nll_grad  cost time: 2.920288324356079
tf.Tensor(-11207.840782476494, shape=(), dtype=float64)
nll_grad  cost time: 2.8932266235351562
tf.Tensor(-11210.959829407933, shape=(), dtype=float64)
nll_grad  cost time: 2.9298243522644043
tf.Tensor(-11213.409687801555, shape=(), dtype=float64)
nll_grad  cost time: 2.916863203048706
tf.Tensor(-11217.090584312304, shape=(), dtype=float64)
nll_grad  cost time: 2.8906614780426025
tf.Tensor(-11222.375247146294, shape=(), dtype=float64)
nll_grad  cost time: 2.9562907218933105
tf.Tensor(-11226.418329376262, shape=(), dtype=float64)
nll_grad  cost time: 2.799341917037964
tf.Tensor(-11230.59857414745, shape=(), dtype=float64)
nll_grad  cost time: 2.909646511077881
tf.Tensor(-11234.772548366935, shape=(), dtype=float64)
nll_grad  cost time: 2.9444165229797363
tf.Tensor(-11239.897376040964, shape=(), dtype=float64)
nll_grad  cost time: 2.9420430660247803
tf.Tensor(-11244.8566171442, shape=(), dtype=float64)
nll_grad  cost time: 2.7550811767578125
tf.Tensor(-11248.04255410884, shape=(), dtype=float64)
nll_grad  cost time: 2.7924985885620117
tf.Tensor(-11252.021225478013, shape=(), dtype=float64)
nll_grad  cost time: 2.8423991203308105
tf.Tensor(-11255.517025642162, shape=(), dtype=float64)
nll_grad  cost time: 2.965653657913208
tf.Tensor(-11257.778509810727, shape=(), dtype=float64)
nll_grad  cost time: 2.7457563877105713
tf.Tensor(-11259.700792349198, shape=(), dtype=float64)
nll_grad  cost time: 2.9095616340637207
tf.Tensor(-11262.254164686972, shape=(), dtype=float64)
nll_grad  cost time: 2.8791332244873047
nll_grad  cost time: 2.829599142074585
tf.Tensor(-11263.623853713987, shape=(), dtype=float64)
nll_grad  cost time: 2.91570782661438
tf.Tensor(-11265.438298637317, shape=(), dtype=float64)
nll_grad  cost time: 2.8559515476226807
tf.Tensor(-11267.254545813441, shape=(), dtype=float64)
nll_grad  cost time: 2.9329144954681396
tf.Tensor(-11269.14429024142, shape=(), dtype=float64)
nll_grad  cost time: 2.955383777618408
tf.Tensor(-11271.165866206793, shape=(), dtype=float64)
nll_grad  cost time: 2.8431410789489746
tf.Tensor(-11273.51784534756, shape=(), dtype=float64)
nll_grad  cost time: 3.0621612071990967
tf.Tensor(-11276.656440279177, shape=(), dtype=float64)
nll_grad  cost time: 2.902522563934326
tf.Tensor(-11280.679071153507, shape=(), dtype=float64)
nll_grad  cost time: 3.0191709995269775
tf.Tensor(-11282.437303501989, shape=(), dtype=float64)
nll_grad  cost time: 2.9875969886779785
tf.Tensor(-11285.05736194225, shape=(), dtype=float64)
nll_grad  cost time: 3.0126805305480957
tf.Tensor(-11287.779565590718, shape=(), dtype=float64)
nll_grad  cost time: 3.0296857357025146
tf.Tensor(-11290.087318223574, shape=(), dtype=float64)
nll_grad  cost time: 3.101022958755493
tf.Tensor(-11291.106203575298, shape=(), dtype=float64)
nll_grad  cost time: 2.8968546390533447
tf.Tensor(-11292.766683921363, shape=(), dtype=float64)
nll_grad  cost time: 2.97424578666687
tf.Tensor(-11295.253952199244, shape=(), dtype=float64)
nll_grad  cost time: 3.0520002841949463
tf.Tensor(-11298.678789043923, shape=(), dtype=float64)
nll_grad  cost time: 3.2320735454559326
nll_grad  cost time: 3.045710802078247
tf.Tensor(-11300.376081728042, shape=(), dtype=float64)
nll_grad  cost time: 2.9680521488189697
tf.Tensor(-11302.240406193174, shape=(), dtype=float64)
nll_grad  cost time: 2.9541685581207275
tf.Tensor(-11303.993836782254, shape=(), dtype=float64)
nll_grad  cost time: 2.7779288291931152
tf.Tensor(-11306.061731679954, shape=(), dtype=float64)
nll_grad  cost time: 2.9758799076080322
tf.Tensor(-11308.496223759554, shape=(), dtype=float64)
nll_grad  cost time: 2.9873573780059814
tf.Tensor(-11309.558793696982, shape=(), dtype=float64)
nll_grad  cost time: 2.8717074394226074
tf.Tensor(-11311.351133174627, shape=(), dtype=float64)
nll_grad  cost time: 3.0107908248901367
tf.Tensor(-11314.248846916278, shape=(), dtype=float64)
nll_grad  cost time: 3.026111364364624
tf.Tensor(-11317.948327815451, shape=(), dtype=float64)
nll_grad  cost time: 3.0255775451660156
tf.Tensor(-11319.996302321466, shape=(), dtype=float64)
nll_grad  cost time: 3.0690581798553467
tf.Tensor(-11322.508073116915, shape=(), dtype=float64)
nll_grad  cost time: 2.9219348430633545
tf.Tensor(-11324.626875658505, shape=(), dtype=float64)
nll_grad  cost time: 2.877272844314575
tf.Tensor(-11327.403231263204, shape=(), dtype=float64)
nll_grad  cost time: 2.928128242492676
tf.Tensor(-11330.614719285557, shape=(), dtype=float64)
nll_grad  cost time: 2.864490509033203
tf.Tensor(-11334.205720669168, shape=(), dtype=float64)
nll_grad  cost time: 2.905186176300049
tf.Tensor(-11336.385769163324, shape=(), dtype=float64)
nll_grad  cost time: 3.0187861919403076
tf.Tensor(-11339.424990189837, shape=(), dtype=float64)
nll_grad  cost time: 2.852806329727173
tf.Tensor(-11341.199876587347, shape=(), dtype=float64)
nll_grad  cost time: 2.8928442001342773
tf.Tensor(-11343.156782250113, shape=(), dtype=float64)
nll_grad  cost time: 2.8174777030944824
tf.Tensor(-11345.363062787099, shape=(), dtype=float64)
nll_grad  cost time: 2.784250497817993
tf.Tensor(-11347.234182869826, shape=(), dtype=float64)
nll_grad  cost time: 2.7023415565490723
tf.Tensor(-11349.091437663137, shape=(), dtype=float64)
nll_grad  cost time: 2.831371545791626
tf.Tensor(-11350.935791359476, shape=(), dtype=float64)
nll_grad  cost time: 2.9278604984283447
tf.Tensor(-11352.29258673653, shape=(), dtype=float64)
nll_grad  cost time: 2.729724645614624
tf.Tensor(-11352.739288898218, shape=(), dtype=float64)
nll_grad  cost time: 2.983983039855957
tf.Tensor(-11353.449864644343, shape=(), dtype=float64)
nll_grad  cost time: 2.788634777069092
tf.Tensor(-11354.324820533358, shape=(), dtype=float64)
nll_grad  cost time: 2.9984054565429688
tf.Tensor(-11355.261212228135, shape=(), dtype=float64)
nll_grad  cost time: 2.713682174682617
tf.Tensor(-11355.651013450719, shape=(), dtype=float64)
nll_grad  cost time: 2.9284186363220215
tf.Tensor(-11356.229464554875, shape=(), dtype=float64)
nll_grad  cost time: 3.1020567417144775
tf.Tensor(-11356.903595418775, shape=(), dtype=float64)
nll_grad  cost time: 2.9912235736846924
tf.Tensor(-11357.518502475414, shape=(), dtype=float64)
nll_grad  cost time: 2.8754801750183105
tf.Tensor(-11357.931864204049, shape=(), dtype=float64)
nll_grad  cost time: 3.0507609844207764
tf.Tensor(-11358.531157970054, shape=(), dtype=float64)
nll_grad  cost time: 3.003514289855957
tf.Tensor(-11359.27280540947, shape=(), dtype=float64)
nll_grad  cost time: 2.8533196449279785
tf.Tensor(-11359.833410198662, shape=(), dtype=float64)
nll_grad  cost time: 2.8104491233825684
tf.Tensor(-11360.34195647603, shape=(), dtype=float64)
nll_grad  cost time: 2.7950685024261475
tf.Tensor(-11360.728135423502, shape=(), dtype=float64)
nll_grad  cost time: 2.749983787536621
tf.Tensor(-11361.213497467746, shape=(), dtype=float64)
nll_grad  cost time: 2.997370719909668
tf.Tensor(-11361.664225596738, shape=(), dtype=float64)
nll_grad  cost time: 2.901423931121826
tf.Tensor(-11362.192776596003, shape=(), dtype=float64)
nll_grad  cost time: 2.7559287548065186
tf.Tensor(-11362.602457705176, shape=(), dtype=float64)
nll_grad  cost time: 2.835495710372925
tf.Tensor(-11363.177576869191, shape=(), dtype=float64)
nll_grad  cost time: 2.89772629737854
tf.Tensor(-11364.047466354892, shape=(), dtype=float64)
nll_grad  cost time: 2.854945421218872
tf.Tensor(-11364.957378658826, shape=(), dtype=float64)
nll_grad  cost time: 2.8593499660491943
tf.Tensor(-11365.954906621919, shape=(), dtype=float64)
nll_grad  cost time: 2.780623435974121
tf.Tensor(-11366.68164644196, shape=(), dtype=float64)
nll_grad  cost time: 2.866765022277832
tf.Tensor(-11367.377400244903, shape=(), dtype=float64)
nll_grad  cost time: 2.8901565074920654
tf.Tensor(-11367.789027899264, shape=(), dtype=float64)
nll_grad  cost time: 2.9317827224731445
tf.Tensor(-11368.18758751859, shape=(), dtype=float64)
nll_grad  cost time: 2.92573881149292
tf.Tensor(-11368.657086012769, shape=(), dtype=float64)
nll_grad  cost time: 3.0256783962249756
tf.Tensor(-11369.222806441936, shape=(), dtype=float64)
nll_grad  cost time: 2.8574328422546387
tf.Tensor(-11369.772310731561, shape=(), dtype=float64)
nll_grad  cost time: 2.853738307952881
tf.Tensor(-11370.374640180904, shape=(), dtype=float64)
nll_grad  cost time: 2.8567049503326416
tf.Tensor(-11370.82933188092, shape=(), dtype=float64)
nll_grad  cost time: 2.7598092555999756
tf.Tensor(-11371.323394885716, shape=(), dtype=float64)
nll_grad  cost time: 2.853074073791504
tf.Tensor(-11371.746001989675, shape=(), dtype=float64)
nll_grad  cost time: 2.7888495922088623
tf.Tensor(-11372.119901720267, shape=(), dtype=float64)
nll_grad  cost time: 2.9000778198242188
tf.Tensor(-11372.56347278499, shape=(), dtype=float64)
nll_grad  cost time: 2.785193681716919
tf.Tensor(-11372.970044087975, shape=(), dtype=float64)
nll_grad  cost time: 2.8359508514404297
tf.Tensor(-11373.362222759104, shape=(), dtype=float64)
nll_grad  cost time: 2.874127149581909
tf.Tensor(-11373.790208839033, shape=(), dtype=float64)
nll_grad  cost time: 2.91340970993042
tf.Tensor(-11374.356027002854, shape=(), dtype=float64)
nll_grad  cost time: 2.878695011138916
tf.Tensor(-11374.822287716968, shape=(), dtype=float64)
nll_grad  cost time: 2.91259503364563
tf.Tensor(-11375.391888406655, shape=(), dtype=float64)
nll_grad  cost time: 2.960314989089966
tf.Tensor(-11375.511767128653, shape=(), dtype=float64)
nll_grad  cost time: 3.05090069770813
tf.Tensor(-11375.733217404679, shape=(), dtype=float64)
nll_grad  cost time: 2.975205183029175
tf.Tensor(-11376.124928058412, shape=(), dtype=float64)
nll_grad  cost time: 2.817000150680542
tf.Tensor(-11376.726075481303, shape=(), dtype=float64)
nll_grad  cost time: 2.8370983600616455
tf.Tensor(-11377.343033257923, shape=(), dtype=float64)
nll_grad  cost time: 2.8230302333831787
tf.Tensor(-11377.641182000192, shape=(), dtype=float64)
nll_grad  cost time: 3.0125904083251953
tf.Tensor(-11378.117315387051, shape=(), dtype=float64)
nll_grad  cost time: 2.898573875427246
tf.Tensor(-11378.790143187103, shape=(), dtype=float64)
nll_grad  cost time: 2.898512840270996
tf.Tensor(-11379.28708592389, shape=(), dtype=float64)
nll_grad  cost time: 3.045492649078369
tf.Tensor(-11379.62937778496, shape=(), dtype=float64)
nll_grad  cost time: 2.8592939376831055
tf.Tensor(-11380.05797595525, shape=(), dtype=float64)
nll_grad  cost time: 2.799727201461792
tf.Tensor(-11380.46821477446, shape=(), dtype=float64)
nll_grad  cost time: 2.9056589603424072
tf.Tensor(-11380.83122549863, shape=(), dtype=float64)
nll_grad  cost time: 2.8757522106170654
tf.Tensor(-11381.149073219876, shape=(), dtype=float64)
nll_grad  cost time: 2.8540284633636475
tf.Tensor(-11381.218712496193, shape=(), dtype=float64)
nll_grad  cost time: 2.8406126499176025
tf.Tensor(-11381.336334014828, shape=(), dtype=float64)
nll_grad  cost time: 2.849271774291992
tf.Tensor(-11381.518645532837, shape=(), dtype=float64)
nll_grad  cost time: 3.061331272125244
tf.Tensor(-11381.720001090653, shape=(), dtype=float64)
nll_grad  cost time: 2.8087284564971924
tf.Tensor(-11381.82251125166, shape=(), dtype=float64)
nll_grad  cost time: 2.8472602367401123
tf.Tensor(-11381.955752225309, shape=(), dtype=float64)
nll_grad  cost time: 3.0562939643859863
tf.Tensor(-11382.122341689701, shape=(), dtype=float64)
nll_grad  cost time: 2.8878955841064453
tf.Tensor(-11382.27520742335, shape=(), dtype=float64)
nll_grad  cost time: 2.9991018772125244
tf.Tensor(-11382.396898791361, shape=(), dtype=float64)
nll_grad  cost time: 2.8781676292419434
tf.Tensor(-11382.5155078329, shape=(), dtype=float64)
nll_grad  cost time: 2.8139843940734863
tf.Tensor(-11382.623812261587, shape=(), dtype=float64)
nll_grad  cost time: 2.7351627349853516
tf.Tensor(-11382.7423428535, shape=(), dtype=float64)
nll_grad  cost time: 2.9197072982788086
tf.Tensor(-11382.872199849902, shape=(), dtype=float64)
nll_grad  cost time: 2.9144725799560547
tf.Tensor(-11382.978503613449, shape=(), dtype=float64)
nll_grad  cost time: 2.9183573722839355
tf.Tensor(-11383.10175435345, shape=(), dtype=float64)
nll_grad  cost time: 3.240032434463501
tf.Tensor(-11383.224044257997, shape=(), dtype=float64)
nll_grad  cost time: 3.0413808822631836
tf.Tensor(-11383.325325670427, shape=(), dtype=float64)
nll_grad  cost time: 2.8570127487182617
tf.Tensor(-11383.42807038901, shape=(), dtype=float64)
nll_grad  cost time: 3.0145792961120605
tf.Tensor(-11383.491204534796, shape=(), dtype=float64)
nll_grad  cost time: 2.9502224922180176
tf.Tensor(-11383.571465829587, shape=(), dtype=float64)
nll_grad  cost time: 2.796525716781616
tf.Tensor(-11383.656696898546, shape=(), dtype=float64)
nll_grad  cost time: 2.9463653564453125
tf.Tensor(-11383.72797353553, shape=(), dtype=float64)
nll_grad  cost time: 2.8640406131744385
tf.Tensor(-11383.813092846813, shape=(), dtype=float64)
nll_grad  cost time: 2.994638442993164
tf.Tensor(-11383.892939586385, shape=(), dtype=float64)
nll_grad  cost time: 2.960300922393799
tf.Tensor(-11383.963076233107, shape=(), dtype=float64)
nll_grad  cost time: 3.0426390171051025
tf.Tensor(-11384.061429530124, shape=(), dtype=float64)
nll_grad  cost time: 2.9262778759002686
tf.Tensor(-11384.172229517579, shape=(), dtype=float64)
nll_grad  cost time: 2.9137144088745117
tf.Tensor(-11384.216046525165, shape=(), dtype=float64)
nll_grad  cost time: 3.125155448913574
tf.Tensor(-11384.269515178621, shape=(), dtype=float64)
nll_grad  cost time: 2.876166582107544
tf.Tensor(-11384.311985726988, shape=(), dtype=float64)
nll_grad  cost time: 2.8616890907287598
tf.Tensor(-11384.367533545734, shape=(), dtype=float64)
nll_grad  cost time: 2.933661460876465
tf.Tensor(-11384.44483097638, shape=(), dtype=float64)
nll_grad  cost time: 2.9130191802978516
tf.Tensor(-11384.531565757254, shape=(), dtype=float64)
nll_grad  cost time: 2.8288424015045166
tf.Tensor(-11384.600178928933, shape=(), dtype=float64)
nll_grad  cost time: 2.8115687370300293
tf.Tensor(-11384.701251595368, shape=(), dtype=float64)
nll_grad  cost time: 2.7734320163726807
tf.Tensor(-11384.846585666794, shape=(), dtype=float64)
nll_grad  cost time: 3.017629861831665
tf.Tensor(-11385.00373397534, shape=(), dtype=float64)
nll_grad  cost time: 2.9382364749908447
nll_grad  cost time: 3.055034875869751
tf.Tensor(-11385.090021800257, shape=(), dtype=float64)
nll_grad  cost time: 2.9009222984313965
tf.Tensor(-11385.200677397512, shape=(), dtype=float64)
nll_grad  cost time: 2.9590001106262207
tf.Tensor(-11385.317787225846, shape=(), dtype=float64)
nll_grad  cost time: 3.023775100708008
tf.Tensor(-11385.36835053499, shape=(), dtype=float64)
nll_grad  cost time: 2.9501953125
tf.Tensor(-11385.441949358978, shape=(), dtype=float64)
nll_grad  cost time: 2.926377058029175
tf.Tensor(-11385.532078499673, shape=(), dtype=float64)
nll_grad  cost time: 2.9958078861236572
tf.Tensor(-11385.605280871689, shape=(), dtype=float64)
nll_grad  cost time: 2.830443859100342
tf.Tensor(-11385.697744594923, shape=(), dtype=float64)
nll_grad  cost time: 2.713306188583374
tf.Tensor(-11385.760826277517, shape=(), dtype=float64)
nll_grad  cost time: 2.793644666671753
tf.Tensor(-11385.84445329024, shape=(), dtype=float64)
nll_grad  cost time: 2.770709276199341
tf.Tensor(-11385.933050770793, shape=(), dtype=float64)
nll_grad  cost time: 2.89652419090271
tf.Tensor(-11386.0068258291, shape=(), dtype=float64)
nll_grad  cost time: 2.77825927734375
tf.Tensor(-11386.083264946199, shape=(), dtype=float64)
nll_grad  cost time: 2.7954037189483643
tf.Tensor(-11386.136483861665, shape=(), dtype=float64)
nll_grad  cost time: 2.9696271419525146
tf.Tensor(-11386.177798672263, shape=(), dtype=float64)
nll_grad  cost time: 2.9147443771362305
tf.Tensor(-11386.21627707767, shape=(), dtype=float64)
nll_grad  cost time: 2.760286808013916
tf.Tensor(-11386.266494407268, shape=(), dtype=float64)
nll_grad  cost time: 2.8015613555908203
tf.Tensor(-11386.30947074397, shape=(), dtype=float64)
nll_grad  cost time: 2.74507737159729
tf.Tensor(-11386.352752542189, shape=(), dtype=float64)
nll_grad  cost time: 2.907573699951172
tf.Tensor(-11386.391136172959, shape=(), dtype=float64)
nll_grad  cost time: 2.689225912094116
tf.Tensor(-11386.430748904146, shape=(), dtype=float64)
nll_grad  cost time: 2.796015977859497
tf.Tensor(-11386.487330246946, shape=(), dtype=float64)
nll_grad  cost time: 2.8839669227600098
tf.Tensor(-11386.546650936321, shape=(), dtype=float64)
nll_grad  cost time: 2.936357021331787
tf.Tensor(-11386.605529418492, shape=(), dtype=float64)
nll_grad  cost time: 2.8550007343292236
tf.Tensor(-11386.64614058016, shape=(), dtype=float64)
nll_grad  cost time: 2.832888126373291
tf.Tensor(-11386.676891213814, shape=(), dtype=float64)
nll_grad  cost time: 3.140976905822754
tf.Tensor(-11386.709815064467, shape=(), dtype=float64)
nll_grad  cost time: 3.0703320503234863
tf.Tensor(-11386.746764901123, shape=(), dtype=float64)
nll_grad  cost time: 3.014080762863159
tf.Tensor(-11386.771774801178, shape=(), dtype=float64)
nll_grad  cost time: 2.9904513359069824
tf.Tensor(-11386.7916104014, shape=(), dtype=float64)
nll_grad  cost time: 2.806879758834839
tf.Tensor(-11386.807317440973, shape=(), dtype=float64)
nll_grad  cost time: 2.9380111694335938
tf.Tensor(-11386.823064369786, shape=(), dtype=float64)
nll_grad  cost time: 2.7880191802978516
tf.Tensor(-11386.83856768447, shape=(), dtype=float64)
nll_grad  cost time: 2.8237106800079346
tf.Tensor(-11386.853098447376, shape=(), dtype=float64)
nll_grad  cost time: 2.8436272144317627
tf.Tensor(-11386.86718097821, shape=(), dtype=float64)
nll_grad  cost time: 2.9265189170837402
tf.Tensor(-11386.881960494222, shape=(), dtype=float64)
nll_grad  cost time: 2.873969793319702
tf.Tensor(-11386.897472421431, shape=(), dtype=float64)
nll_grad  cost time: 3.019829750061035
tf.Tensor(-11386.91314043654, shape=(), dtype=float64)
nll_grad  cost time: 2.943190097808838
tf.Tensor(-11386.928421613386, shape=(), dtype=float64)
nll_grad  cost time: 2.706482410430908
tf.Tensor(-11386.943886027599, shape=(), dtype=float64)
nll_grad  cost time: 2.962494373321533
tf.Tensor(-11386.960313784955, shape=(), dtype=float64)
nll_grad  cost time: 2.8640458583831787
tf.Tensor(-11386.97673794498, shape=(), dtype=float64)
nll_grad  cost time: 2.874164342880249
tf.Tensor(-11386.992673072618, shape=(), dtype=float64)
nll_grad  cost time: 2.780426502227783
tf.Tensor(-11387.008721190472, shape=(), dtype=float64)
nll_grad  cost time: 2.815134286880493
tf.Tensor(-11387.025119611983, shape=(), dtype=float64)
nll_grad  cost time: 2.8134891986846924
tf.Tensor(-11387.039806344252, shape=(), dtype=float64)
nll_grad  cost time: 2.792081356048584
tf.Tensor(-11387.051149280447, shape=(), dtype=float64)
nll_grad  cost time: 2.7382702827453613
tf.Tensor(-11387.060560382724, shape=(), dtype=float64)
nll_grad  cost time: 2.8781001567840576
tf.Tensor(-11387.070043819484, shape=(), dtype=float64)
nll_grad  cost time: 2.9796974658966064
tf.Tensor(-11387.081021626353, shape=(), dtype=float64)
nll_grad  cost time: 2.8182830810546875
tf.Tensor(-11387.092462284432, shape=(), dtype=float64)
nll_grad  cost time: 2.8499598503112793
tf.Tensor(-11387.103386176066, shape=(), dtype=float64)
nll_grad  cost time: 2.8319954872131348
tf.Tensor(-11387.113079506209, shape=(), dtype=float64)
nll_grad  cost time: 2.8074278831481934
tf.Tensor(-11387.12182993715, shape=(), dtype=float64)
nll_grad  cost time: 2.9509174823760986
tf.Tensor(-11387.130255264332, shape=(), dtype=float64)
nll_grad  cost time: 2.7827582359313965
tf.Tensor(-11387.139829424625, shape=(), dtype=float64)
nll_grad  cost time: 2.873821258544922
tf.Tensor(-11387.151669056471, shape=(), dtype=float64)
nll_grad  cost time: 3.0609872341156006
tf.Tensor(-11387.16510600341, shape=(), dtype=float64)
nll_grad  cost time: 3.0702409744262695
tf.Tensor(-11387.17768462923, shape=(), dtype=float64)
nll_grad  cost time: 2.888944625854492
tf.Tensor(-11387.189104141722, shape=(), dtype=float64)
nll_grad  cost time: 3.008579730987549
tf.Tensor(-11387.201286490883, shape=(), dtype=float64)
nll_grad  cost time: 2.8472914695739746
tf.Tensor(-11387.216132883113, shape=(), dtype=float64)
nll_grad  cost time: 2.9617528915405273
tf.Tensor(-11387.23306510591, shape=(), dtype=float64)
nll_grad  cost time: 2.8505022525787354
tf.Tensor(-11387.246478753026, shape=(), dtype=float64)
nll_grad  cost time: 2.8202872276306152
tf.Tensor(-11387.255136863252, shape=(), dtype=float64)
nll_grad  cost time: 2.9350974559783936
tf.Tensor(-11387.265409263011, shape=(), dtype=float64)
nll_grad  cost time: 2.8940653800964355
tf.Tensor(-11387.279337639564, shape=(), dtype=float64)
nll_grad  cost time: 2.8608059883117676
tf.Tensor(-11387.299865770252, shape=(), dtype=float64)
nll_grad  cost time: 3.028583526611328
tf.Tensor(-11387.3200577969, shape=(), dtype=float64)
nll_grad  cost time: 2.7847580909729004
tf.Tensor(-11387.33979006995, shape=(), dtype=float64)
nll_grad  cost time: 2.952451467514038
tf.Tensor(-11387.361037602546, shape=(), dtype=float64)
nll_grad  cost time: 3.010806083679199
tf.Tensor(-11387.387740232916, shape=(), dtype=float64)
nll_grad  cost time: 2.855313777923584
tf.Tensor(-11387.418738259745, shape=(), dtype=float64)
nll_grad  cost time: 2.961268424987793
tf.Tensor(-11387.45695541826, shape=(), dtype=float64)
nll_grad  cost time: 2.7938363552093506
tf.Tensor(-11387.50062646365, shape=(), dtype=float64)
nll_grad  cost time: 2.967480421066284
tf.Tensor(-11387.54239957119, shape=(), dtype=float64)
nll_grad  cost time: 2.8321638107299805
tf.Tensor(-11387.555252281232, shape=(), dtype=float64)
nll_grad  cost time: 2.836467981338501
tf.Tensor(-11387.577887477466, shape=(), dtype=float64)
nll_grad  cost time: 2.84859561920166
tf.Tensor(-11387.614433811461, shape=(), dtype=float64)
nll_grad  cost time: 2.94758677482605
tf.Tensor(-11387.65518188219, shape=(), dtype=float64)
nll_grad  cost time: 2.9548964500427246
tf.Tensor(-11387.690875260312, shape=(), dtype=float64)
nll_grad  cost time: 3.018927812576294
tf.Tensor(-11387.737251565395, shape=(), dtype=float64)
nll_grad  cost time: 2.9677934646606445
tf.Tensor(-11387.806656581364, shape=(), dtype=float64)
nll_grad  cost time: 2.8379924297332764
tf.Tensor(-11387.871374043985, shape=(), dtype=float64)
nll_grad  cost time: 2.7940118312835693
tf.Tensor(-11387.907136436308, shape=(), dtype=float64)
nll_grad  cost time: 3.010763168334961
tf.Tensor(-11387.962811595862, shape=(), dtype=float64)
nll_grad  cost time: 2.9913837909698486
tf.Tensor(-11388.024161443267, shape=(), dtype=float64)
nll_grad  cost time: 2.8893094062805176
tf.Tensor(-11388.062184263094, shape=(), dtype=float64)
nll_grad  cost time: 2.990401268005371
tf.Tensor(-11388.110956776141, shape=(), dtype=float64)
nll_grad  cost time: 2.968427896499634
tf.Tensor(-11388.151143901712, shape=(), dtype=float64)
nll_grad  cost time: 2.960536479949951
tf.Tensor(-11388.174903670086, shape=(), dtype=float64)
nll_grad  cost time: 2.9628384113311768
tf.Tensor(-11388.198095992055, shape=(), dtype=float64)
nll_grad  cost time: 2.810077667236328
tf.Tensor(-11388.225765092393, shape=(), dtype=float64)
nll_grad  cost time: 3.0503299236297607
tf.Tensor(-11388.264537379928, shape=(), dtype=float64)
nll_grad  cost time: 2.9949395656585693
tf.Tensor(-11388.296267182493, shape=(), dtype=float64)
nll_grad  cost time: 3.062192440032959
tf.Tensor(-11388.331263099946, shape=(), dtype=float64)
nll_grad  cost time: 3.016209363937378
tf.Tensor(-11388.358307013084, shape=(), dtype=float64)
nll_grad  cost time: 2.979609489440918
tf.Tensor(-11388.378321462667, shape=(), dtype=float64)
nll_grad  cost time: 2.8414466381073
tf.Tensor(-11388.391576356764, shape=(), dtype=float64)
nll_grad  cost time: 2.9986279010772705
tf.Tensor(-11388.405027045214, shape=(), dtype=float64)
nll_grad  cost time: 2.9444620609283447
tf.Tensor(-11388.419437820645, shape=(), dtype=float64)
nll_grad  cost time: 2.913278102874756
tf.Tensor(-11388.432144782175, shape=(), dtype=float64)
nll_grad  cost time: 2.8695297241210938
tf.Tensor(-11388.447249993362, shape=(), dtype=float64)
nll_grad  cost time: 2.9040660858154297
tf.Tensor(-11388.460618514924, shape=(), dtype=float64)
nll_grad  cost time: 2.870739221572876
tf.Tensor(-11388.470438731092, shape=(), dtype=float64)
nll_grad  cost time: 2.888620138168335
tf.Tensor(-11388.479828340016, shape=(), dtype=float64)
nll_grad  cost time: 2.7333571910858154
tf.Tensor(-11388.48826766649, shape=(), dtype=float64)
nll_grad  cost time: 2.684596061706543
tf.Tensor(-11388.49687956127, shape=(), dtype=float64)
nll_grad  cost time: 2.892486572265625
tf.Tensor(-11388.509975642788, shape=(), dtype=float64)
nll_grad  cost time: 3.029536008834839
tf.Tensor(-11388.527509532516, shape=(), dtype=float64)
nll_grad  cost time: 2.7889184951782227
tf.Tensor(-11388.541305629005, shape=(), dtype=float64)
nll_grad  cost time: 2.7742090225219727
tf.Tensor(-11388.554429111002, shape=(), dtype=float64)
nll_grad  cost time: 2.922651767730713
tf.Tensor(-11388.566890636055, shape=(), dtype=float64)
nll_grad  cost time: 2.872460126876831
tf.Tensor(-11388.5835061849, shape=(), dtype=float64)
nll_grad  cost time: 2.92191743850708
tf.Tensor(-11388.60414421562, shape=(), dtype=float64)
nll_grad  cost time: 2.9524729251861572
tf.Tensor(-11388.622255531933, shape=(), dtype=float64)
nll_grad  cost time: 2.977620840072632
tf.Tensor(-11388.638609258207, shape=(), dtype=float64)
nll_grad  cost time: 2.864161729812622
tf.Tensor(-11388.653049173427, shape=(), dtype=float64)
nll_grad  cost time: 2.8743574619293213
tf.Tensor(-11388.670266991532, shape=(), dtype=float64)
nll_grad  cost time: 2.861037015914917
tf.Tensor(-11388.685274137551, shape=(), dtype=float64)
nll_grad  cost time: 2.839761734008789
tf.Tensor(-11388.697230427588, shape=(), dtype=float64)
nll_grad  cost time: 3.194399118423462
tf.Tensor(-11388.708335023453, shape=(), dtype=float64)
nll_grad  cost time: 2.848060131072998
tf.Tensor(-11388.719462573783, shape=(), dtype=float64)
nll_grad  cost time: 2.8225691318511963
tf.Tensor(-11388.73418118736, shape=(), dtype=float64)
nll_grad  cost time: 2.904669761657715
tf.Tensor(-11388.746741840634, shape=(), dtype=float64)
nll_grad  cost time: 2.9447433948516846
tf.Tensor(-11388.75578515643, shape=(), dtype=float64)
nll_grad  cost time: 2.9629335403442383
tf.Tensor(-11388.761805739057, shape=(), dtype=float64)
nll_grad  cost time: 2.9694318771362305
tf.Tensor(-11388.76693252537, shape=(), dtype=float64)
nll_grad  cost time: 2.845339298248291
tf.Tensor(-11388.772473186356, shape=(), dtype=float64)
nll_grad  cost time: 2.796851873397827
tf.Tensor(-11388.778373457943, shape=(), dtype=float64)
nll_grad  cost time: 3.0889644622802734
tf.Tensor(-11388.784345157637, shape=(), dtype=float64)
nll_grad  cost time: 2.957611322402954
tf.Tensor(-11388.791037668416, shape=(), dtype=float64)
nll_grad  cost time: 3.12463116645813
tf.Tensor(-11388.798177089346, shape=(), dtype=float64)
nll_grad  cost time: 2.985975503921509
tf.Tensor(-11388.80459925127, shape=(), dtype=float64)
nll_grad  cost time: 2.9523544311523438
tf.Tensor(-11388.809750421715, shape=(), dtype=float64)
nll_grad  cost time: 3.0308613777160645
tf.Tensor(-11388.814416785772, shape=(), dtype=float64)
nll_grad  cost time: 3.093587875366211
tf.Tensor(-11388.819470497496, shape=(), dtype=float64)
nll_grad  cost time: 3.0539846420288086
tf.Tensor(-11388.825200323216, shape=(), dtype=float64)
nll_grad  cost time: 2.9826877117156982
tf.Tensor(-11388.83074056642, shape=(), dtype=float64)
nll_grad  cost time: 2.8832828998565674
tf.Tensor(-11388.836395723665, shape=(), dtype=float64)
nll_grad  cost time: 2.94763445854187
tf.Tensor(-11388.842189951887, shape=(), dtype=float64)
nll_grad  cost time: 2.845168352127075
tf.Tensor(-11388.847821698291, shape=(), dtype=float64)
nll_grad  cost time: 2.9161839485168457
tf.Tensor(-11388.8520737834, shape=(), dtype=float64)
nll_grad  cost time: 3.010821580886841
tf.Tensor(-11388.85508894203, shape=(), dtype=float64)
nll_grad  cost time: 3.0548501014709473
tf.Tensor(-11388.857347720375, shape=(), dtype=float64)
nll_grad  cost time: 2.990145206451416
tf.Tensor(-11388.859714643717, shape=(), dtype=float64)
nll_grad  cost time: 3.123739004135132
tf.Tensor(-11388.862529405837, shape=(), dtype=float64)
nll_grad  cost time: 2.9176218509674072
tf.Tensor(-11388.865345550119, shape=(), dtype=float64)
nll_grad  cost time: 2.9526290893554688
tf.Tensor(-11388.86763113206, shape=(), dtype=float64)
nll_grad  cost time: 3.0034632682800293
tf.Tensor(-11388.869575031447, shape=(), dtype=float64)
nll_grad  cost time: 3.098250389099121
tf.Tensor(-11388.871869773076, shape=(), dtype=float64)
nll_grad  cost time: 2.9666619300842285
tf.Tensor(-11388.875416044597, shape=(), dtype=float64)
nll_grad  cost time: 2.96726131439209
tf.Tensor(-11388.880851913254, shape=(), dtype=float64)
nll_grad  cost time: 2.90211820602417
tf.Tensor(-11388.888211175356, shape=(), dtype=float64)
nll_grad  cost time: 2.858755111694336
tf.Tensor(-11388.895691900467, shape=(), dtype=float64)
nll_grad  cost time: 2.981289863586426
tf.Tensor(-11388.902434733442, shape=(), dtype=float64)
nll_grad  cost time: 2.8478753566741943
tf.Tensor(-11388.907830551063, shape=(), dtype=float64)
nll_grad  cost time: 2.8098702430725098
tf.Tensor(-11388.913912416865, shape=(), dtype=float64)
nll_grad  cost time: 2.9815454483032227
tf.Tensor(-11388.922418329224, shape=(), dtype=float64)
nll_grad  cost time: 3.00091290473938
tf.Tensor(-11388.933701688016, shape=(), dtype=float64)
nll_grad  cost time: 3.1016438007354736
tf.Tensor(-11388.945402296387, shape=(), dtype=float64)
nll_grad  cost time: 3.0775060653686523
tf.Tensor(-11388.957191739853, shape=(), dtype=float64)
nll_grad  cost time: 3.003690004348755
tf.Tensor(-11388.966499722916, shape=(), dtype=float64)
nll_grad  cost time: 2.909796953201294
tf.Tensor(-11388.977089705524, shape=(), dtype=float64)
nll_grad  cost time: 3.0658419132232666
tf.Tensor(-11388.982851820921, shape=(), dtype=float64)
nll_grad  cost time: 2.819612741470337
tf.Tensor(-11388.990509110205, shape=(), dtype=float64)
nll_grad  cost time: 2.867583751678467
tf.Tensor(-11388.995421600306, shape=(), dtype=float64)
nll_grad  cost time: 2.7353813648223877
tf.Tensor(-11388.99830087689, shape=(), dtype=float64)
nll_grad  cost time: 2.821439266204834
tf.Tensor(-11389.001308997937, shape=(), dtype=float64)
nll_grad  cost time: 2.8489933013916016
tf.Tensor(-11389.006210102325, shape=(), dtype=float64)
nll_grad  cost time: 3.0774621963500977
tf.Tensor(-11389.013899583366, shape=(), dtype=float64)
nll_grad  cost time: 2.8807153701782227
tf.Tensor(-11389.024704991683, shape=(), dtype=float64)
nll_grad  cost time: 2.803819417953491
tf.Tensor(-11389.034850635726, shape=(), dtype=float64)
nll_grad  cost time: 2.839005708694458
tf.Tensor(-11389.043746982003, shape=(), dtype=float64)
nll_grad  cost time: 2.8510453701019287
tf.Tensor(-11389.04818462994, shape=(), dtype=float64)
nll_grad  cost time: 2.9824001789093018
tf.Tensor(-11389.051453474622, shape=(), dtype=float64)
nll_grad  cost time: 2.8779237270355225
tf.Tensor(-11389.055169568324, shape=(), dtype=float64)
nll_grad  cost time: 2.8829452991485596
tf.Tensor(-11389.060966446017, shape=(), dtype=float64)
nll_grad  cost time: 2.859257459640503
tf.Tensor(-11389.070280240496, shape=(), dtype=float64)
nll_grad  cost time: 2.8542871475219727
tf.Tensor(-11389.084517872721, shape=(), dtype=float64)
nll_grad  cost time: 3.049934148788452
tf.Tensor(-11389.102814824237, shape=(), dtype=float64)
nll_grad  cost time: 3.0425636768341064
tf.Tensor(-11389.123324945693, shape=(), dtype=float64)
nll_grad  cost time: 3.032398223876953
tf.Tensor(-11389.149989273978, shape=(), dtype=float64)
nll_grad  cost time: 3.0213403701782227
tf.Tensor(-11389.18239759573, shape=(), dtype=float64)
nll_grad  cost time: 2.877530574798584
tf.Tensor(-11389.226040434776, shape=(), dtype=float64)
nll_grad  cost time: 2.804196834564209
tf.Tensor(-11389.252825879634, shape=(), dtype=float64)
nll_grad  cost time: 2.8625075817108154
tf.Tensor(-11389.26877566408, shape=(), dtype=float64)
nll_grad  cost time: 2.7551629543304443
tf.Tensor(-11389.28451627526, shape=(), dtype=float64)
nll_grad  cost time: 2.7586185932159424
tf.Tensor(-11389.307846509506, shape=(), dtype=float64)
nll_grad  cost time: 2.7302443981170654
tf.Tensor(-11389.336498775654, shape=(), dtype=float64)
nll_grad  cost time: 2.7036924362182617
tf.Tensor(-11389.367786326005, shape=(), dtype=float64)
nll_grad  cost time: 2.9793968200683594
tf.Tensor(-11389.409671841157, shape=(), dtype=float64)
nll_grad  cost time: 2.862501859664917
tf.Tensor(-11389.461666310472, shape=(), dtype=float64)
nll_grad  cost time: 2.948807954788208
tf.Tensor(-11389.48668081819, shape=(), dtype=float64)
nll_grad  cost time: 2.9976089000701904
tf.Tensor(-11389.505668730759, shape=(), dtype=float64)
nll_grad  cost time: 2.8247556686401367
tf.Tensor(-11389.517024552133, shape=(), dtype=float64)
nll_grad  cost time: 3.006787061691284
tf.Tensor(-11389.530939232518, shape=(), dtype=float64)
nll_grad  cost time: 2.8838064670562744
tf.Tensor(-11389.539735531205, shape=(), dtype=float64)
nll_grad  cost time: 2.993133544921875
tf.Tensor(-11389.550080295965, shape=(), dtype=float64)
nll_grad  cost time: 2.875948429107666
tf.Tensor(-11389.563822473996, shape=(), dtype=float64)
nll_grad  cost time: 2.8726449012756348
tf.Tensor(-11389.575961676539, shape=(), dtype=float64)
nll_grad  cost time: 2.942216396331787
tf.Tensor(-11389.589399410263, shape=(), dtype=float64)
nll_grad  cost time: 2.8067710399627686
tf.Tensor(-11389.602720710835, shape=(), dtype=float64)
nll_grad  cost time: 2.89060115814209
tf.Tensor(-11389.618151686711, shape=(), dtype=float64)
nll_grad  cost time: 2.9352691173553467
tf.Tensor(-11389.635921265151, shape=(), dtype=float64)
nll_grad  cost time: 2.8783767223358154
tf.Tensor(-11389.653152836552, shape=(), dtype=float64)
nll_grad  cost time: 3.119414806365967
tf.Tensor(-11389.664675277545, shape=(), dtype=float64)
nll_grad  cost time: 3.0476317405700684
tf.Tensor(-11389.672102562792, shape=(), dtype=float64)
nll_grad  cost time: 2.9432311058044434
tf.Tensor(-11389.680221980707, shape=(), dtype=float64)
nll_grad  cost time: 2.872206926345825
tf.Tensor(-11389.692405088554, shape=(), dtype=float64)
nll_grad  cost time: 2.8758184909820557
tf.Tensor(-11389.710688676758, shape=(), dtype=float64)
nll_grad  cost time: 2.8692572116851807
tf.Tensor(-11389.73596404348, shape=(), dtype=float64)
nll_grad  cost time: 2.8907456398010254
tf.Tensor(-11389.757768396747, shape=(), dtype=float64)
nll_grad  cost time: 2.861393928527832
tf.Tensor(-11389.773901156645, shape=(), dtype=float64)
nll_grad  cost time: 2.929300546646118
tf.Tensor(-11389.782243637637, shape=(), dtype=float64)
nll_grad  cost time: 2.8250861167907715
tf.Tensor(-11389.788679148616, shape=(), dtype=float64)
nll_grad  cost time: 3.0564496517181396
tf.Tensor(-11389.796911322377, shape=(), dtype=float64)
nll_grad  cost time: 2.864973306655884
tf.Tensor(-11389.809216766407, shape=(), dtype=float64)
nll_grad  cost time: 2.901625633239746
tf.Tensor(-11389.82615373439, shape=(), dtype=float64)
nll_grad  cost time: 2.8533363342285156
tf.Tensor(-11389.841217884707, shape=(), dtype=float64)
nll_grad  cost time: 2.7834692001342773
tf.Tensor(-11389.853027623547, shape=(), dtype=float64)
nll_grad  cost time: 2.689784288406372
tf.Tensor(-11389.864541284664, shape=(), dtype=float64)
nll_grad  cost time: 2.87343692779541
tf.Tensor(-11389.877029882595, shape=(), dtype=float64)
nll_grad  cost time: 2.808591842651367
tf.Tensor(-11389.898537349356, shape=(), dtype=float64)
nll_grad  cost time: 2.9542107582092285
tf.Tensor(-11389.940927160005, shape=(), dtype=float64)
nll_grad  cost time: 3.004429578781128
tf.Tensor(-11389.988593677834, shape=(), dtype=float64)
nll_grad  cost time: 2.9885201454162598
tf.Tensor(-11390.052439596504, shape=(), dtype=float64)
nll_grad  cost time: 2.930931568145752
tf.Tensor(-11390.148615210437, shape=(), dtype=float64)
nll_grad  cost time: 2.9490718841552734
tf.Tensor(-11390.308072815547, shape=(), dtype=float64)
nll_grad  cost time: 2.765308380126953
tf.Tensor(-11390.562997269964, shape=(), dtype=float64)
nll_grad  cost time: 2.9969940185546875
tf.Tensor(-11390.820306151818, shape=(), dtype=float64)
nll_grad  cost time: 2.942960739135742
tf.Tensor(-11390.974161486287, shape=(), dtype=float64)
nll_grad  cost time: 2.9720046520233154
tf.Tensor(-11391.179675347961, shape=(), dtype=float64)
nll_grad  cost time: 2.835523843765259
tf.Tensor(-11391.430914963246, shape=(), dtype=float64)
nll_grad  cost time: 2.9218389987945557
tf.Tensor(-11391.682935634384, shape=(), dtype=float64)
nll_grad  cost time: 2.8215503692626953
tf.Tensor(-11391.796851741834, shape=(), dtype=float64)
nll_grad  cost time: 2.8061113357543945
tf.Tensor(-11391.957665879625, shape=(), dtype=float64)
nll_grad  cost time: 3.072519063949585
tf.Tensor(-11392.161122781046, shape=(), dtype=float64)
nll_grad  cost time: 2.680713415145874
tf.Tensor(-11392.269912510725, shape=(), dtype=float64)
nll_grad  cost time: 2.881230354309082
tf.Tensor(-11392.384836622281, shape=(), dtype=float64)
nll_grad  cost time: 2.8039114475250244
tf.Tensor(-11392.529437116587, shape=(), dtype=float64)
nll_grad  cost time: 3.019644260406494
tf.Tensor(-11392.66236848291, shape=(), dtype=float64)
nll_grad  cost time: 2.836174488067627
tf.Tensor(-11392.816574915942, shape=(), dtype=float64)
nll_grad  cost time: 2.8162248134613037
tf.Tensor(-11392.951719429038, shape=(), dtype=float64)
nll_grad  cost time: 2.821871042251587
nll_grad  cost time: 2.7371737957000732
tf.Tensor(-11393.016307760885, shape=(), dtype=float64)
nll_grad  cost time: 2.6247193813323975
tf.Tensor(-11393.065623959057, shape=(), dtype=float64)
nll_grad  cost time: 2.6606788635253906
tf.Tensor(-11393.106162733504, shape=(), dtype=float64)
nll_grad  cost time: 2.7963619232177734
tf.Tensor(-11393.136682709213, shape=(), dtype=float64)
nll_grad  cost time: 2.78115177154541
tf.Tensor(-11393.164930083636, shape=(), dtype=float64)
nll_grad  cost time: 2.68487811088562
tf.Tensor(-11393.1904285471, shape=(), dtype=float64)
nll_grad  cost time: 2.7999496459960938
tf.Tensor(-11393.215131696594, shape=(), dtype=float64)
nll_grad  cost time: 2.891131639480591
tf.Tensor(-11393.240397026097, shape=(), dtype=float64)
nll_grad  cost time: 3.0220391750335693
tf.Tensor(-11393.26153231704, shape=(), dtype=float64)
nll_grad  cost time: 2.919231653213501
tf.Tensor(-11393.280362859237, shape=(), dtype=float64)
nll_grad  cost time: 2.8482978343963623
tf.Tensor(-11393.308397346376, shape=(), dtype=float64)
nll_grad  cost time: 2.8736014366149902
tf.Tensor(-11393.346993917541, shape=(), dtype=float64)
nll_grad  cost time: 2.778951406478882
tf.Tensor(-11393.381469278454, shape=(), dtype=float64)
nll_grad  cost time: 2.8578977584838867
tf.Tensor(-11393.417828518854, shape=(), dtype=float64)
nll_grad  cost time: 2.8325400352478027
tf.Tensor(-11393.464113830803, shape=(), dtype=float64)
nll_grad  cost time: 2.929155111312866
tf.Tensor(-11393.529943532933, shape=(), dtype=float64)
nll_grad  cost time: 3.066617965698242
tf.Tensor(-11393.61437212642, shape=(), dtype=float64)
nll_grad  cost time: 2.9348390102386475
tf.Tensor(-11393.692002033971, shape=(), dtype=float64)
nll_grad  cost time: 2.90922474861145
tf.Tensor(-11393.769786742676, shape=(), dtype=float64)
nll_grad  cost time: 2.9300637245178223
tf.Tensor(-11393.843016836796, shape=(), dtype=float64)
nll_grad  cost time: 2.9686858654022217
tf.Tensor(-11393.873471639541, shape=(), dtype=float64)
nll_grad  cost time: 3.1180286407470703
tf.Tensor(-11393.91533301042, shape=(), dtype=float64)
nll_grad  cost time: 2.792971134185791
tf.Tensor(-11393.950443861344, shape=(), dtype=float64)
nll_grad  cost time: 2.9562301635742188
tf.Tensor(-11393.972521782704, shape=(), dtype=float64)
nll_grad  cost time: 2.860836982727051
tf.Tensor(-11393.999562391004, shape=(), dtype=float64)
nll_grad  cost time: 2.968651533126831
tf.Tensor(-11394.025635346698, shape=(), dtype=float64)
nll_grad  cost time: 2.862267255783081
tf.Tensor(-11394.042319544067, shape=(), dtype=float64)
nll_grad  cost time: 2.9058244228363037
tf.Tensor(-11394.054343529526, shape=(), dtype=float64)
nll_grad  cost time: 2.8638315200805664
tf.Tensor(-11394.068875705707, shape=(), dtype=float64)
nll_grad  cost time: 2.9804463386535645
tf.Tensor(-11394.082223287729, shape=(), dtype=float64)
nll_grad  cost time: 2.772219181060791
tf.Tensor(-11394.098008884022, shape=(), dtype=float64)
nll_grad  cost time: 2.951781988143921
tf.Tensor(-11394.117386929378, shape=(), dtype=float64)
nll_grad  cost time: 2.933441400527954
tf.Tensor(-11394.13186726268, shape=(), dtype=float64)
nll_grad  cost time: 3.05275297164917
tf.Tensor(-11394.1462457641, shape=(), dtype=float64)
nll_grad  cost time: 3.087860584259033
tf.Tensor(-11394.15623608244, shape=(), dtype=float64)
nll_grad  cost time: 3.14862322807312
tf.Tensor(-11394.16629573044, shape=(), dtype=float64)
nll_grad  cost time: 2.89992356300354
tf.Tensor(-11394.17971643115, shape=(), dtype=float64)
nll_grad  cost time: 2.8343114852905273
tf.Tensor(-11394.194706292292, shape=(), dtype=float64)
nll_grad  cost time: 2.9704933166503906
tf.Tensor(-11394.208014632728, shape=(), dtype=float64)
nll_grad  cost time: 2.9333481788635254
tf.Tensor(-11394.223417237019, shape=(), dtype=float64)
nll_grad  cost time: 2.8304226398468018
tf.Tensor(-11394.24011696559, shape=(), dtype=float64)
nll_grad  cost time: 2.8383772373199463
tf.Tensor(-11394.250691564357, shape=(), dtype=float64)
nll_grad  cost time: 2.813236951828003
tf.Tensor(-11394.257024962557, shape=(), dtype=float64)
nll_grad  cost time: 2.917893648147583
tf.Tensor(-11394.26239029958, shape=(), dtype=float64)
nll_grad  cost time: 2.851595163345337
tf.Tensor(-11394.268593059838, shape=(), dtype=float64)
nll_grad  cost time: 2.768390417098999
tf.Tensor(-11394.277794153626, shape=(), dtype=float64)
nll_grad  cost time: 2.841822862625122
tf.Tensor(-11394.291780056028, shape=(), dtype=float64)
nll_grad  cost time: 3.018376350402832
tf.Tensor(-11394.311310001154, shape=(), dtype=float64)
nll_grad  cost time: 2.9885458946228027
tf.Tensor(-11394.328929455009, shape=(), dtype=float64)
nll_grad  cost time: 2.978132724761963
tf.Tensor(-11394.342766159807, shape=(), dtype=float64)
nll_grad  cost time: 2.778792142868042
tf.Tensor(-11394.354492579518, shape=(), dtype=float64)
nll_grad  cost time: 2.8618531227111816
tf.Tensor(-11394.368957857354, shape=(), dtype=float64)
nll_grad  cost time: 2.909330368041992
tf.Tensor(-11394.383075757229, shape=(), dtype=float64)
nll_grad  cost time: 2.8577871322631836
tf.Tensor(-11394.397018582713, shape=(), dtype=float64)
nll_grad  cost time: 3.1050074100494385
tf.Tensor(-11394.410972088532, shape=(), dtype=float64)
nll_grad  cost time: 2.767911672592163
tf.Tensor(-11394.424926904037, shape=(), dtype=float64)
nll_grad  cost time: 2.7426185607910156
tf.Tensor(-11394.440145820223, shape=(), dtype=float64)
nll_grad  cost time: 2.820587158203125
tf.Tensor(-11394.4522892358, shape=(), dtype=float64)
nll_grad  cost time: 2.8411757946014404
tf.Tensor(-11394.463182168736, shape=(), dtype=float64)
nll_grad  cost time: 2.9821739196777344
nll_grad  cost time: 2.8625497817993164
tf.Tensor(-11394.46754123277, shape=(), dtype=float64)
nll_grad  cost time: 2.9691362380981445
tf.Tensor(-11394.474735969932, shape=(), dtype=float64)
nll_grad  cost time: 2.874750852584839
tf.Tensor(-11394.485670343478, shape=(), dtype=float64)
nll_grad  cost time: 2.7285141944885254
tf.Tensor(-11394.496562949269, shape=(), dtype=float64)
nll_grad  cost time: 2.679985284805298
tf.Tensor(-11394.502880108485, shape=(), dtype=float64)
nll_grad  cost time: 2.7515385150909424
tf.Tensor(-11394.508042142239, shape=(), dtype=float64)
nll_grad  cost time: 2.831517219543457
tf.Tensor(-11394.510940542597, shape=(), dtype=float64)
nll_grad  cost time: 2.843526840209961
tf.Tensor(-11394.51354974771, shape=(), dtype=float64)
nll_grad  cost time: 2.9055516719818115
tf.Tensor(-11394.515981667504, shape=(), dtype=float64)
nll_grad  cost time: 3.0277037620544434
tf.Tensor(-11394.51826906381, shape=(), dtype=float64)
nll_grad  cost time: 2.9227676391601562
tf.Tensor(-11394.521382771793, shape=(), dtype=float64)
nll_grad  cost time: 2.851438522338867
tf.Tensor(-11394.52599708024, shape=(), dtype=float64)
nll_grad  cost time: 2.8164355754852295
tf.Tensor(-11394.532128277679, shape=(), dtype=float64)
nll_grad  cost time: 2.9294755458831787
tf.Tensor(-11394.53856236588, shape=(), dtype=float64)
nll_grad  cost time: 2.8148255348205566
tf.Tensor(-11394.544065709135, shape=(), dtype=float64)
nll_grad  cost time: 2.927971839904785
tf.Tensor(-11394.548817188872, shape=(), dtype=float64)
nll_grad  cost time: 2.942173480987549
tf.Tensor(-11394.553560671611, shape=(), dtype=float64)
nll_grad  cost time: 2.8554272651672363
tf.Tensor(-11394.559351130618, shape=(), dtype=float64)
nll_grad  cost time: 2.7526309490203857
tf.Tensor(-11394.564727125857, shape=(), dtype=float64)
nll_grad  cost time: 2.821458578109741
tf.Tensor(-11394.571097804317, shape=(), dtype=float64)
nll_grad  cost time: 2.8720407485961914
tf.Tensor(-11394.578546094119, shape=(), dtype=float64)
nll_grad  cost time: 2.9021031856536865
tf.Tensor(-11394.58767487367, shape=(), dtype=float64)
nll_grad  cost time: 2.9190006256103516
tf.Tensor(-11394.599110848521, shape=(), dtype=float64)
nll_grad  cost time: 2.9152939319610596
tf.Tensor(-11394.608635898385, shape=(), dtype=float64)
nll_grad  cost time: 2.744603395462036
tf.Tensor(-11394.622160744515, shape=(), dtype=float64)
nll_grad  cost time: 2.7206733226776123
tf.Tensor(-11394.636565998306, shape=(), dtype=float64)
nll_grad  cost time: 2.892254114151001
tf.Tensor(-11394.652970728548, shape=(), dtype=float64)
nll_grad  cost time: 2.799293279647827
tf.Tensor(-11394.669478860098, shape=(), dtype=float64)
nll_grad  cost time: 2.717635154724121
tf.Tensor(-11394.687292249335, shape=(), dtype=float64)
nll_grad  cost time: 2.956822395324707
tf.Tensor(-11394.707732524232, shape=(), dtype=float64)
nll_grad  cost time: 2.9628076553344727
nll_grad  cost time: 2.887803792953491
tf.Tensor(-11394.716894415578, shape=(), dtype=float64)
nll_grad  cost time: 2.8580217361450195
tf.Tensor(-11394.730558412328, shape=(), dtype=float64)
nll_grad  cost time: 2.936534881591797
tf.Tensor(-11394.745957698779, shape=(), dtype=float64)
nll_grad  cost time: 2.8642661571502686
tf.Tensor(-11394.757544253229, shape=(), dtype=float64)
nll_grad  cost time: 2.9991397857666016
tf.Tensor(-11394.770173168334, shape=(), dtype=float64)
nll_grad  cost time: 3.1316280364990234
tf.Tensor(-11394.781533050373, shape=(), dtype=float64)
nll_grad  cost time: 2.9494011402130127
tf.Tensor(-11394.792596808511, shape=(), dtype=float64)
nll_grad  cost time: 2.831638813018799
nll_grad  cost time: 2.7762625217437744
tf.Tensor(-11394.799299480994, shape=(), dtype=float64)
nll_grad  cost time: 2.812474250793457
tf.Tensor(-11394.810108972837, shape=(), dtype=float64)
nll_grad  cost time: 2.861642360687256
tf.Tensor(-11394.827490340638, shape=(), dtype=float64)
nll_grad  cost time: 2.913090705871582
tf.Tensor(-11394.85354373711, shape=(), dtype=float64)
nll_grad  cost time: 2.922219753265381
tf.Tensor(-11394.879791771633, shape=(), dtype=float64)
nll_grad  cost time: 2.9460859298706055
tf.Tensor(-11394.914725983632, shape=(), dtype=float64)
nll_grad  cost time: 3.0761468410491943
tf.Tensor(-11394.966852130783, shape=(), dtype=float64)
nll_grad  cost time: 2.9738402366638184
tf.Tensor(-11395.040395326076, shape=(), dtype=float64)
nll_grad  cost time: 2.7835264205932617
tf.Tensor(-11395.084656747047, shape=(), dtype=float64)
nll_grad  cost time: 2.875854969024658
tf.Tensor(-11395.110038932358, shape=(), dtype=float64)
nll_grad  cost time: 2.933335542678833
tf.Tensor(-11395.137036194505, shape=(), dtype=float64)
nll_grad  cost time: 2.934760093688965
tf.Tensor(-11395.154802104134, shape=(), dtype=float64)
nll_grad  cost time: 2.874488592147827
tf.Tensor(-11395.178047085818, shape=(), dtype=float64)
nll_grad  cost time: 3.0184364318847656
tf.Tensor(-11395.193442080617, shape=(), dtype=float64)
nll_grad  cost time: 2.7989697456359863
tf.Tensor(-11395.216394690618, shape=(), dtype=float64)
nll_grad  cost time: 2.646880865097046
tf.Tensor(-11395.240338780837, shape=(), dtype=float64)
nll_grad  cost time: 3.0179519653320312
tf.Tensor(-11395.254631213167, shape=(), dtype=float64)
nll_grad  cost time: 2.8878977298736572
tf.Tensor(-11395.260791171702, shape=(), dtype=float64)
nll_grad  cost time: 2.9139952659606934
tf.Tensor(-11395.270362541429, shape=(), dtype=float64)
nll_grad  cost time: 2.8410422801971436
tf.Tensor(-11395.28251818558, shape=(), dtype=float64)
nll_grad  cost time: 2.9338481426239014
tf.Tensor(-11395.29256146076, shape=(), dtype=float64)
nll_grad  cost time: 2.754124402999878
tf.Tensor(-11395.303196412886, shape=(), dtype=float64)
nll_grad  cost time: 2.758035182952881
tf.Tensor(-11395.317781533991, shape=(), dtype=float64)
nll_grad  cost time: 3.030620813369751
tf.Tensor(-11395.331407206635, shape=(), dtype=float64)
nll_grad  cost time: 2.9884660243988037
tf.Tensor(-11395.339694766553, shape=(), dtype=float64)
nll_grad  cost time: 2.9680423736572266
tf.Tensor(-11395.34748385068, shape=(), dtype=float64)
nll_grad  cost time: 2.86916446685791
tf.Tensor(-11395.35149506609, shape=(), dtype=float64)
nll_grad  cost time: 2.8069517612457275
tf.Tensor(-11395.354345518364, shape=(), dtype=float64)
nll_grad  cost time: 2.957627534866333
tf.Tensor(-11395.356924578853, shape=(), dtype=float64)
nll_grad  cost time: 2.8680946826934814
tf.Tensor(-11395.359918858561, shape=(), dtype=float64)
nll_grad  cost time: 2.9052605628967285
tf.Tensor(-11395.361913621226, shape=(), dtype=float64)
nll_grad  cost time: 2.8039987087249756
tf.Tensor(-11395.36349234013, shape=(), dtype=float64)
nll_grad  cost time: 2.7589104175567627
tf.Tensor(-11395.365028779812, shape=(), dtype=float64)
nll_grad  cost time: 2.8776421546936035
tf.Tensor(-11395.366804676618, shape=(), dtype=float64)
nll_grad  cost time: 3.0021724700927734
tf.Tensor(-11395.36945046287, shape=(), dtype=float64)
nll_grad  cost time: 2.9125587940216064
tf.Tensor(-11395.3734149302, shape=(), dtype=float64)
nll_grad  cost time: 3.006174325942993
tf.Tensor(-11395.37822866984, shape=(), dtype=float64)
nll_grad  cost time: 2.833569049835205
tf.Tensor(-11395.382066743397, shape=(), dtype=float64)
nll_grad  cost time: 2.8313469886779785
tf.Tensor(-11395.386736787183, shape=(), dtype=float64)
nll_grad  cost time: 2.880904197692871
tf.Tensor(-11395.392458230363, shape=(), dtype=float64)
nll_grad  cost time: 2.7582411766052246
tf.Tensor(-11395.399048179595, shape=(), dtype=float64)
nll_grad  cost time: 2.843327283859253
tf.Tensor(-11395.404500470035, shape=(), dtype=float64)
nll_grad  cost time: 2.85333251953125
tf.Tensor(-11395.408612005936, shape=(), dtype=float64)
nll_grad  cost time: 2.8549435138702393
tf.Tensor(-11395.412501065737, shape=(), dtype=float64)
nll_grad  cost time: 2.916825294494629
tf.Tensor(-11395.417858571276, shape=(), dtype=float64)
nll_grad  cost time: 2.8347854614257812
tf.Tensor(-11395.425876475045, shape=(), dtype=float64)
nll_grad  cost time: 2.846107006072998
tf.Tensor(-11395.437093850971, shape=(), dtype=float64)
nll_grad  cost time: 2.6909825801849365
tf.Tensor(-11395.452091771665, shape=(), dtype=float64)
nll_grad  cost time: 2.7898507118225098
nll_grad  cost time: 2.8972246646881104
tf.Tensor(-11395.460423291544, shape=(), dtype=float64)
nll_grad  cost time: 2.9150943756103516
tf.Tensor(-11395.472334050439, shape=(), dtype=float64)
nll_grad  cost time: 2.8530688285827637
tf.Tensor(-11395.483431051787, shape=(), dtype=float64)
nll_grad  cost time: 2.9174039363861084
tf.Tensor(-11395.489325014369, shape=(), dtype=float64)
nll_grad  cost time: 2.904508352279663
tf.Tensor(-11395.494153842177, shape=(), dtype=float64)
nll_grad  cost time: 2.83486008644104
tf.Tensor(-11395.500617970636, shape=(), dtype=float64)
nll_grad  cost time: 2.99788498878479
tf.Tensor(-11395.507119426078, shape=(), dtype=float64)
nll_grad  cost time: 2.928013563156128
tf.Tensor(-11395.516293131379, shape=(), dtype=float64)
nll_grad  cost time: 2.8693161010742188
tf.Tensor(-11395.526716083918, shape=(), dtype=float64)
nll_grad  cost time: 2.9637715816497803
tf.Tensor(-11395.53165157951, shape=(), dtype=float64)
nll_grad  cost time: 2.9843099117279053
tf.Tensor(-11395.536570860371, shape=(), dtype=float64)
nll_grad  cost time: 2.912752389907837
tf.Tensor(-11395.54105828617, shape=(), dtype=float64)
nll_grad  cost time: 2.836320638656616
tf.Tensor(-11395.545587999412, shape=(), dtype=float64)
nll_grad  cost time: 2.89216685295105
tf.Tensor(-11395.548670971595, shape=(), dtype=float64)
nll_grad  cost time: 2.8397138118743896
tf.Tensor(-11395.550005645138, shape=(), dtype=float64)
nll_grad  cost time: 2.868500232696533
tf.Tensor(-11395.551051832266, shape=(), dtype=float64)
nll_grad  cost time: 3.0258867740631104
tf.Tensor(-11395.551521918329, shape=(), dtype=float64)
nll_grad  cost time: 2.7411036491394043
tf.Tensor(-11395.551886911704, shape=(), dtype=float64)
nll_grad  cost time: 3.3148884773254395
tf.Tensor(-11395.552227255615, shape=(), dtype=float64)
nll_grad  cost time: 2.8755757808685303
tf.Tensor(-11395.552527555301, shape=(), dtype=float64)
nll_grad  cost time: 2.8829221725463867
tf.Tensor(-11395.552821989615, shape=(), dtype=float64)
nll_grad  cost time: 2.868339776992798
tf.Tensor(-11395.553060163762, shape=(), dtype=float64)
nll_grad  cost time: 2.7698094844818115
tf.Tensor(-11395.553227075994, shape=(), dtype=float64)
nll_grad  cost time: 2.8677849769592285
tf.Tensor(-11395.553355680742, shape=(), dtype=float64)
nll_grad  cost time: 2.7591679096221924
tf.Tensor(-11395.553503557934, shape=(), dtype=float64)
nll_grad  cost time: 2.7784645557403564
tf.Tensor(-11395.553701303157, shape=(), dtype=float64)
nll_grad  cost time: 2.9472289085388184
tf.Tensor(-11395.553916721394, shape=(), dtype=float64)
nll_grad  cost time: 2.9774935245513916
tf.Tensor(-11395.554179113977, shape=(), dtype=float64)
nll_grad  cost time: 2.8688113689422607
tf.Tensor(-11395.554511333045, shape=(), dtype=float64)
nll_grad  cost time: 2.9969639778137207
tf.Tensor(-11395.554928288082, shape=(), dtype=float64)
nll_grad  cost time: 2.950852155685425
tf.Tensor(-11395.555405709612, shape=(), dtype=float64)
nll_grad  cost time: 2.8845016956329346
tf.Tensor(-11395.555888585823, shape=(), dtype=float64)
nll_grad  cost time: 3.016451120376587
tf.Tensor(-11395.556286305684, shape=(), dtype=float64)
nll_grad  cost time: 2.9658403396606445
tf.Tensor(-11395.556541946084, shape=(), dtype=float64)
nll_grad  cost time: 2.9318604469299316
tf.Tensor(-11395.556682875336, shape=(), dtype=float64)
nll_grad  cost time: 2.9717209339141846
tf.Tensor(-11395.556775183108, shape=(), dtype=float64)
nll_grad  cost time: 3.120582342147827
tf.Tensor(-11395.5568771102, shape=(), dtype=float64)
nll_grad  cost time: 2.9247937202453613
tf.Tensor(-11395.557038267067, shape=(), dtype=float64)
nll_grad  cost time: 2.799072742462158
tf.Tensor(-11395.557298577769, shape=(), dtype=float64)
nll_grad  cost time: 2.777151584625244
tf.Tensor(-11395.557711149228, shape=(), dtype=float64)
nll_grad  cost time: 2.836193799972534
tf.Tensor(-11395.558303791655, shape=(), dtype=float64)
nll_grad  cost time: 2.624483585357666
tf.Tensor(-11395.558820135742, shape=(), dtype=float64)
nll_grad  cost time: 2.7560338973999023
tf.Tensor(-11395.559344123438, shape=(), dtype=float64)
nll_grad  cost time: 2.9191806316375732
tf.Tensor(-11395.55981154806, shape=(), dtype=float64)
nll_grad  cost time: 2.886725902557373
tf.Tensor(-11395.560378883154, shape=(), dtype=float64)
nll_grad  cost time: 2.9450976848602295
tf.Tensor(-11395.561040836084, shape=(), dtype=float64)
nll_grad  cost time: 2.9138314723968506
tf.Tensor(-11395.561672803167, shape=(), dtype=float64)
nll_grad  cost time: 2.9668920040130615
tf.Tensor(-11395.562096947262, shape=(), dtype=float64)
nll_grad  cost time: 2.865490436553955
tf.Tensor(-11395.562303235969, shape=(), dtype=float64)
nll_grad  cost time: 2.8674774169921875
tf.Tensor(-11395.562391527641, shape=(), dtype=float64)
nll_grad  cost time: 2.8814382553100586
tf.Tensor(-11395.56242272492, shape=(), dtype=float64)
nll_grad  cost time: 2.929262399673462
tf.Tensor(-11395.562430167327, shape=(), dtype=float64)
nll_grad  cost time: 2.9422287940979004
tf.Tensor(-11395.562431629765, shape=(), dtype=float64)
nll_grad  cost time: 3.0893144607543945
tf.Tensor(-11395.562431905953, shape=(), dtype=float64)
nll_grad  cost time: 2.9851889610290527
tf.Tensor(-11395.56243196157, shape=(), dtype=float64)
nll_grad  cost time: 2.9602158069610596
tf.Tensor(-11395.562431972223, shape=(), dtype=float64)
nll_grad  cost time: 2.90110445022583
tf.Tensor(-11395.562431975828, shape=(), dtype=float64)
nll_grad  cost time: 2.8584225177764893
tf.Tensor(-11395.562431977833, shape=(), dtype=float64)
nll_grad  cost time: 2.689500093460083
tf.Tensor(-11395.562431979659, shape=(), dtype=float64)
nll_grad  cost time: 2.845214366912842
tf.Tensor(-11395.562431982711, shape=(), dtype=float64)
nll_grad  cost time: 2.8584659099578857
tf.Tensor(-11395.562431988023, shape=(), dtype=float64)
nll_grad  cost time: 2.9945926666259766
tf.Tensor(-11395.562431997536, shape=(), dtype=float64)
nll_grad  cost time: 2.83430552482605
tf.Tensor(-11395.562432014754, shape=(), dtype=float64)
nll_grad  cost time: 2.719916820526123
tf.Tensor(-11395.562432045845, shape=(), dtype=float64)
nll_grad  cost time: 2.8256850242614746
tf.Tensor(-11395.562432101437, shape=(), dtype=float64)
nll_grad  cost time: 2.905261993408203
tf.Tensor(-11395.562432199476, shape=(), dtype=float64)
nll_grad  cost time: 2.8943045139312744
tf.Tensor(-11395.562432369748, shape=(), dtype=float64)
nll_grad  cost time: 2.983891487121582
tf.Tensor(-11395.562432662173, shape=(), dtype=float64)
nll_grad  cost time: 2.980483293533325
tf.Tensor(-11395.562433162879, shape=(), dtype=float64)
nll_grad  cost time: 2.8438620567321777
tf.Tensor(-11395.562434021558, shape=(), dtype=float64)
nll_grad  cost time: 3.0063793659210205
tf.Tensor(-11395.562435485946, shape=(), dtype=float64)
nll_grad  cost time: 2.9113852977752686
tf.Tensor(-11395.562437906243, shape=(), dtype=float64)
nll_grad  cost time: 2.9265215396881104
tf.Tensor(-11395.562441548034, shape=(), dtype=float64)
nll_grad  cost time: 2.9331412315368652
tf.Tensor(-11395.56244571054, shape=(), dtype=float64)
nll_grad  cost time: 3.0491392612457275
tf.Tensor(-11395.562449057972, shape=(), dtype=float64)
nll_grad  cost time: 2.960716724395752
tf.Tensor(-11395.562449563455, shape=(), dtype=float64)
nll_grad  cost time: 2.946056365966797
tf.Tensor(-11395.562449607729, shape=(), dtype=float64)
nll_grad  cost time: 3.0490341186523438
tf.Tensor(-11395.562449622543, shape=(), dtype=float64)
nll_grad  cost time: 3.025391101837158
tf.Tensor(-11395.562449624478, shape=(), dtype=float64)
nll_grad  cost time: 2.7947559356689453
tf.Tensor(-11395.562449624642, shape=(), dtype=float64)
Optimization terminated successfully.
         Current function value: -11395.562450
         Iterations: 734
         Function evaluations: 751
         Gradient evaluations: 751
  message: Optimization terminated successfully.
  success: True
   status: 0
      fun: -11395.562449624642
        x: [ 3.043e-04  4.565e-01 ... -3.888e+00 -2.317e+00]
      nit: 734
      jac: [ 0.000e+00  0.000e+00 ... -2.649e-06  1.456e-05]
 hess_inv: [[ 1.000e+00  0.000e+00 ...  0.000e+00  0.000e+00]
            [ 0.000e+00  1.000e+00 ...  0.000e+00  0.000e+00]
            ...
            [ 0.000e+00  0.000e+00 ...  3.527e+01 -2.290e+00]
            [ 0.000e+00  0.000e+00 ... -2.290e+00  1.316e+00]]
     nfev: 751
     njev: 751
fit  cost time: 2179.400177001953

========== Fit loop 3/5 ==========
using RANDOM parameters

########### initial parameters
{
  "rho(1450)p_mass": 1.51,
  "rho(1450)p_width": 0.44,
  "rho(1570)p_mass": 1.57,
  "rho(1570)p_width": 0.14,
  "rho(1690)p_mass": 1.681,
  "rho(1690)p_width": 0.19,
  "rho(1450)m_mass": 1.51,
  "rho(1450)m_width": 0.44,
  "rho(1570)m_mass": 1.57,
  "rho(1570)m_width": 0.14,
  "rho(1690)m_mass": 1.681,
  "rho(1690)m_width": 0.19,
  "f0(500)_E791_mass": 0.478,
  "f0(1370)_mass": 1.37,
  "f0(1370)_width": 0.35,
  "f0(1500)_flatte_mass": 1.522,
  "f0(1500)_flatte_g_0": 0.877889442864702,
  "f0(1500)_flatte_g_1": 1.6117026853401233,
  "f2(1430)_mass": 1.43,
  "f2(1430)_width": 0.046,
  "Jpsi->rho(1450)p.pimrho(1450)p->phi.pip_total_0r": 1.0,
  "Jpsi->rho(1450)p.pimrho(1450)p->phi.pip_total_0i": 0.0,
  "Jpsi->rho(1450)p.pim_g_ls_0r": 1.0,
  "Jpsi->rho(1450)p.pim_g_ls_0i": 0.0,
  "rho(1450)p->phi.pip_g_ls_0r": 1.0,
  "rho(1450)p->phi.pip_g_ls_0i": 0.0,
  "Jpsi->rho(1570)p.pimrho(1570)p->phi.pip_total_0r": 1.9454431385765791,
  "Jpsi->rho(1570)p.pimrho(1570)p->phi.pip_total_0i": 0.7140373988523168,
  "Jpsi->rho(1570)p.pim_g_ls_0r": 1.0,
  "Jpsi->rho(1570)p.pim_g_ls_0i": 0.0,
  "rho(1570)p->phi.pip_g_ls_0r": 1.0,
  "rho(1570)p->phi.pip_g_ls_0i": 0.0,
  "Jpsi->rho(1690)p.pimrho(1690)p->phi.pip_total_0r": 0.8396880496523238,
  "Jpsi->rho(1690)p.pimrho(1690)p->phi.pip_total_0i": 1.584563654332908,
  "Jpsi->rho(1690)p.pim_g_ls_0r": 1.0,
  "Jpsi->rho(1690)p.pim_g_ls_0i": 0.0,
  "rho(1690)p->phi.pip_g_ls_0r": 1.0,
  "rho(1690)p->phi.pip_g_ls_0i": 0.0,
  "Jpsi->rho(1450)m.piprho(1450)m->phi.pim_total_0r": 1.0,
  "Jpsi->rho(1450)m.piprho(1450)m->phi.pim_total_0i": 0.0,
  "Jpsi->rho(1450)m.pip_g_ls_0r": 1.0,
  "Jpsi->rho(1450)m.pip_g_ls_0i": 0.0,
  "rho(1450)m->phi.pim_g_ls_0r": 1.0,
  "rho(1450)m->phi.pim_g_ls_0i": 0.0,
  "Jpsi->rho(1570)m.piprho(1570)m->phi.pim_total_0r": 1.9454431385765791,
  "Jpsi->rho(1570)m.piprho(1570)m->phi.pim_total_0i": 0.7140373988523168,
  "Jpsi->rho(1570)m.pip_g_ls_0r": 1.0,
  "Jpsi->rho(1570)m.pip_g_ls_0i": 0.0,
  "rho(1570)m->phi.pim_g_ls_0r": 1.0,
  "rho(1570)m->phi.pim_g_ls_0i": 0.0,
  "Jpsi->rho(1690)m.piprho(1690)m->phi.pim_total_0r": 0.8396880496523238,
  "Jpsi->rho(1690)m.piprho(1690)m->phi.pim_total_0i": 1.584563654332908,
  "Jpsi->rho(1690)m.pip_g_ls_0r": 1.0,
  "Jpsi->rho(1690)m.pip_g_ls_0i": 0.0,
  "rho(1690)m->phi.pim_g_ls_0r": 1.0,
  "rho(1690)m->phi.pim_g_ls_0i": 0.0,
  "Jpsi->phi.f0(500)_E791f0(500)_E791->pip.pim_total_0r": 1.919171916798478,
  "Jpsi->phi.f0(500)_E791f0(500)_E791->pip.pim_total_0i": 3.137959831649292,
  "Jpsi->phi.f0(500)_E791_g_ls_0r": 1.0,
  "Jpsi->phi.f0(500)_E791_g_ls_0i": 0.0,
  "Jpsi->phi.f0(500)_E791_g_ls_1r": 1.3613585566387822,
  "Jpsi->phi.f0(500)_E791_g_ls_1i": 0.06485223494967851,
  "f0(500)_E791->pip.pim_g_ls_0r": 1.0,
  "f0(500)_E791->pip.pim_g_ls_0i": 0.0,
  "Jpsi->phi.f0(980)_flattef0(980)_flatte->pip.pim_total_0r": 1.7225842965800737,
  "Jpsi->phi.f0(980)_flattef0(980)_flatte->pip.pim_total_0i": 3.0269039765790007,
  "f0(980)_flatte->pip.pim_g_ls_0r": 1.0,
  "f0(980)_flatte->pip.pim_g_ls_0i": 0.0,
  "Jpsi->phi.f0(1370)f0(1370)->pip.pim_total_0r": 1.1876661441550893,
  "Jpsi->phi.f0(1370)f0(1370)->pip.pim_total_0i": -0.12107144340787901,
  "Jpsi->phi.f0(1370)_g_ls_0r": 1.0,
  "Jpsi->phi.f0(1370)_g_ls_0i": 0.0,
  "Jpsi->phi.f0(1370)_g_ls_1r": 1.5690628173298289,
  "Jpsi->phi.f0(1370)_g_ls_1i": 0.010515709597773704,
  "f0(1370)->pip.pim_g_ls_0r": 1.0,
  "f0(1370)->pip.pim_g_ls_0i": 0.0,
  "Jpsi->phi.f0(1500)_flattef0(1500)_flatte->pip.pim_total_0r": 1.9743235326887398,
  "Jpsi->phi.f0(1500)_flattef0(1500)_flatte->pip.pim_total_0i": 0.04527319817201514,
  "Jpsi->phi.f0(1500)_flatte_g_ls_0r": 1.0,
  "Jpsi->phi.f0(1500)_flatte_g_ls_0i": 0.0,
  "Jpsi->phi.f0(1500)_flatte_g_ls_1r": 0.5278677893308159,
  "Jpsi->phi.f0(1500)_flatte_g_ls_1i": -1.2116975548635576,
  "f0(1500)_flatte->pip.pim_g_ls_0r": 1.0,
  "f0(1500)_flatte->pip.pim_g_ls_0i": 0.0,
  "Jpsi->phi.f0(1710)f0(1710)->pip.pim_total_0r": 0.06970584568446858,
  "Jpsi->phi.f0(1710)f0(1710)->pip.pim_total_0i": 1.8619103109034416,
  "f0(1710)->pip.pim_g_ls_0r": 1.0,
  "f0(1710)->pip.pim_g_ls_0i": 0.0,
  "Jpsi->phi.f2(1430)f2(1430)->pip.pim_total_0r": 1.4837556695006153,
  "Jpsi->phi.f2(1430)f2(1430)->pip.pim_total_0i": -2.1601544981299314,
  "Jpsi->phi.f2(1430)_g_ls_0r": 1.0,
  "Jpsi->phi.f2(1430)_g_ls_0i": 0.0,
  "Jpsi->phi.f2(1430)_g_ls_1r": 0.13219720914958577,
  "Jpsi->phi.f2(1430)_g_ls_1i": -0.11241263753810982,
  "Jpsi->phi.f2(1430)_g_ls_2r": 1.93232265853531,
  "Jpsi->phi.f2(1430)_g_ls_2i": -2.265639998866394,
  "Jpsi->phi.f2(1430)_g_ls_3r": 1.432159427688501,
  "Jpsi->phi.f2(1430)_g_ls_3i": -1.081897599040047,
  "Jpsi->phi.f2(1430)_g_ls_4r": 1.34075473638834,
  "Jpsi->phi.f2(1430)_g_ls_4i": 0.27058082709206976,
  "f2(1430)->pip.pim_g_ls_0r": 1.0,
  "f2(1430)->pip.pim_g_ls_0i": 0.0,
  "Jpsi->phi.f2(1270)f2(1270)->pip.pim_total_0r": 0.735462966008571,
  "Jpsi->phi.f2(1270)f2(1270)->pip.pim_total_0i": 2.9554277773090147,
  "f2(1270)->pip.pim_g_ls_0r": 1.0,
  "f2(1270)->pip.pim_g_ls_0i": 0.0,
  "K1(1400)p_mass": 1.403,
  "K1(1400)p_width": 0.174,
  "K2(1820)p_mass": 1.819,
  "K2(1820)p_width": 0.264,
  "K2(1980)p_mass": 1.99,
  "K2(1980)p_width": 0.348,
  "K2(2250)p_mass": 2.247,
  "K2(2250)p_width": 0.18,
  "K3(2320)p_mass": 2.324,
  "K3(2320)p_width": 0.15,
  "K1(1400)m_mass": 1.403,
  "K1(1400)m_width": 0.174,
  "K2(1820)m_mass": 1.819,
  "K2(1820)m_width": 0.264,
  "K2(1980)m_mass": 1.99,
  "K2(1980)m_width": 0.348,
  "K3(2320)m_mass": 2.324,
  "K3(2320)m_width": 0.15,
  "f0(980)_flatte_mass": 0.965,
  "f0(980)_flatte_g_0": 1.5072648877860322,
  "f0(980)_flatte_g_1": 0.01581238882221013,
  "f2(1270)_mass": 1.2754,
  "f2(1270)_width": 0.1858,
  "f0(1500)_mass": 1.522,
  "f0(1500)_width": 0.108,
  "f2(1525)_mass": 1.5173,
  "f2(1525)_width": 0.072,
  "f2(1565)_mass": 1.571,
  "f2(1565)_width": 0.132,
  "f0(1710)_mass": 1.733,
  "f0(1710)_width": 0.15,
  "f2(1810)_mass": 1.815,
  "f2(1810)_width": 0.197,
  "Jpsi->K1(1400)p.kmK1(1400)p->phi.kp_total_0r": 1.0,
  "Jpsi->K1(1400)p.kmK1(1400)p->phi.kp_total_0i": 0.0,
  "Jpsi->K1(1400)p.km_g_ls_0r": 1.0,
  "Jpsi->K1(1400)p.km_g_ls_0i": 0.0,
  "Jpsi->K1(1400)p.km_g_ls_1r": 0.04646471110334671,
  "Jpsi->K1(1400)p.km_g_ls_1i": -0.2189355629937677,
  "K1(1400)p->phi.kp_g_ls_0r": 1.0,
  "K1(1400)p->phi.kp_g_ls_0i": 0.0,
  "K1(1400)p->phi.kp_g_ls_1r": 1.8111013284975312,
  "K1(1400)p->phi.kp_g_ls_1i": -0.3466189075918673,
  "Jpsi->K2(1820)p.kmK2(1820)p->phi.kp_total_0r": 1.6910061337416842,
  "Jpsi->K2(1820)p.kmK2(1820)p->phi.kp_total_0i": 0.9780527444237661,
  "Jpsi->K2(1820)p.km_g_ls_0r": 1.0,
  "Jpsi->K2(1820)p.km_g_ls_0i": 0.0,
  "Jpsi->K2(1820)p.km_g_ls_1r": 1.9045923572468464,
  "Jpsi->K2(1820)p.km_g_ls_1i": -2.792085390519902,
  "K2(1820)p->phi.kp_g_ls_0r": 1.0,
  "K2(1820)p->phi.kp_g_ls_0i": 0.0,
  "K2(1820)p->phi.kp_g_ls_1r": 1.3354995446120044,
  "K2(1820)p->phi.kp_g_ls_1i": -0.6190483358649841,
  "Jpsi->K2(1980)p.kmK2(1980)p->phi.kp_total_0r": 0.956708799235733,
  "Jpsi->K2(1980)p.kmK2(1980)p->phi.kp_total_0i": -1.660117615915883,
  "Jpsi->K2(1980)p.km_g_ls_0r": 1.0,
  "Jpsi->K2(1980)p.km_g_ls_0i": 0.0,
  "K2(1980)p->phi.kp_g_ls_0r": 1.0,
  "K2(1980)p->phi.kp_g_ls_0i": 0.0,
  "Jpsi->K2(2250)p.kmK2(2250)p->phi.kp_total_0r": 0.7107437679911728,
  "Jpsi->K2(2250)p.kmK2(2250)p->phi.kp_total_0i": -0.3374532889738773,
  "Jpsi->K2(2250)p.km_g_ls_0r": 1.0,
  "Jpsi->K2(2250)p.km_g_ls_0i": 0.0,
  "Jpsi->K2(2250)p.km_g_ls_1r": 1.1315815547716292,
  "Jpsi->K2(2250)p.km_g_ls_1i": 0.8494761427835376,
  "K2(2250)p->phi.kp_g_ls_0r": 1.0,
  "K2(2250)p->phi.kp_g_ls_0i": 0.0,
  "K2(2250)p->phi.kp_g_ls_1r": 0.045090111306251845,
  "K2(2250)p->phi.kp_g_ls_1i": -0.051033819592660734,
  "Jpsi->K3(2320)p.kmK3(2320)p->phi.kp_total_0r": 1.5675101176435553,
  "Jpsi->K3(2320)p.kmK3(2320)p->phi.kp_total_0i": -1.8174584397537417,
  "Jpsi->K3(2320)p.km_g_ls_0r": 1.0,
  "Jpsi->K3(2320)p.km_g_ls_0i": 0.0,
  "Jpsi->K3(2320)p.km_g_ls_1r": 0.007659258189657514,
  "Jpsi->K3(2320)p.km_g_ls_1i": -2.929555016712396,
  "K3(2320)p->phi.kp_g_ls_0r": 1.0,
  "K3(2320)p->phi.kp_g_ls_0i": 0.0,
  "K3(2320)p->phi.kp_g_ls_1r": 1.3994184753008905,
  "K3(2320)p->phi.kp_g_ls_1i": -1.2435445390129212,
  "Jpsi->K1(1400)m.kpK1(1400)m->phi.km_total_0r": 1.0,
  "Jpsi->K1(1400)m.kpK1(1400)m->phi.km_total_0i": 0.0,
  "Jpsi->K1(1400)m.kp_g_ls_0r": 1.0,
  "Jpsi->K1(1400)m.kp_g_ls_0i": 0.0,
  "Jpsi->K1(1400)m.kp_g_ls_1r": 0.04646471110334671,
  "Jpsi->K1(1400)m.kp_g_ls_1i": -0.2189355629937677,
  "K1(1400)m->phi.km_g_ls_0r": 1.0,
  "K1(1400)m->phi.km_g_ls_0i": 0.0,
  "K1(1400)m->phi.km_g_ls_1r": 1.8111013284975312,
  "K1(1400)m->phi.km_g_ls_1i": -0.3466189075918673,
  "Jpsi->K2(1820)m.kpK2(1820)m->phi.km_total_0r": 1.6910061337416842,
  "Jpsi->K2(1820)m.kpK2(1820)m->phi.km_total_0i": 0.9780527444237661,
  "Jpsi->K2(1820)m.kp_g_ls_0r": 1.0,
  "Jpsi->K2(1820)m.kp_g_ls_0i": 0.0,
  "Jpsi->K2(1820)m.kp_g_ls_1r": 1.9045923572468464,
  "Jpsi->K2(1820)m.kp_g_ls_1i": -2.792085390519902,
  "K2(1820)m->phi.km_g_ls_0r": 1.0,
  "K2(1820)m->phi.km_g_ls_0i": 0.0,
  "K2(1820)m->phi.km_g_ls_1r": 1.3354995446120044,
  "K2(1820)m->phi.km_g_ls_1i": -0.6190483358649841,
  "Jpsi->K2(1980)m.kpK2(1980)m->phi.km_total_0r": 0.956708799235733,
  "Jpsi->K2(1980)m.kpK2(1980)m->phi.km_total_0i": -1.660117615915883,
  "Jpsi->K2(1980)m.kp_g_ls_0r": 1.0,
  "Jpsi->K2(1980)m.kp_g_ls_0i": 0.0,
  "K2(1980)m->phi.km_g_ls_0r": 1.0,
  "K2(1980)m->phi.km_g_ls_0i": 0.0,
  "Jpsi->K2(2250)p.kpK2(2250)p->phi.km_total_0r": 0.663698406687363,
  "Jpsi->K2(2250)p.kpK2(2250)p->phi.km_total_0i": -0.0962864863718691,
  "Jpsi->K2(2250)p.kp_g_ls_0r": 1.0,
  "Jpsi->K2(2250)p.kp_g_ls_0i": 0.0,
  "Jpsi->K2(2250)p.kp_g_ls_1r": 0.2084614681454826,
  "Jpsi->K2(2250)p.kp_g_ls_1i": 2.943169213468032,
  "K2(2250)p->phi.km_g_ls_0r": 1.0,
  "K2(2250)p->phi.km_g_ls_0i": 0.0,
  "K2(2250)p->phi.km_g_ls_1r": 0.029761568485837664,
  "K2(2250)p->phi.km_g_ls_1i": 1.2759145963260758,
  "Jpsi->K3(2320)m.kpK3(2320)m->phi.km_total_0r": 1.5675101176435553,
  "Jpsi->K3(2320)m.kpK3(2320)m->phi.km_total_0i": -1.8174584397537417,
  "Jpsi->K3(2320)m.kp_g_ls_0r": 1.0,
  "Jpsi->K3(2320)m.kp_g_ls_0i": 0.0,
  "Jpsi->K3(2320)m.kp_g_ls_1r": 0.007659258189657514,
  "Jpsi->K3(2320)m.kp_g_ls_1i": -2.929555016712396,
  "K3(2320)m->phi.km_g_ls_0r": 1.0,
  "K3(2320)m->phi.km_g_ls_0i": 0.0,
  "K3(2320)m->phi.km_g_ls_1r": 1.3994184753008905,
  "K3(2320)m->phi.km_g_ls_1i": -1.2435445390129212,
  "Jpsi->phi.f0(980)_flattef0(980)_flatte->kp.km_total_0r": 0.5366434363444581,
  "Jpsi->phi.f0(980)_flattef0(980)_flatte->kp.km_total_0i": -2.545801745198686,
  "Jpsi->phi.f0(980)_flatte_g_ls_0r": 1.0,
  "Jpsi->phi.f0(980)_flatte_g_ls_0i": 0.0,
  "Jpsi->phi.f0(980)_flatte_g_ls_1r": 0.5534354961378583,
  "Jpsi->phi.f0(980)_flatte_g_ls_1i": -1.0535978454658852,
  "f0(980)_flatte->kp.km_g_ls_0r": 1.0,
  "f0(980)_flatte->kp.km_g_ls_0i": 0.0,
  "Jpsi->phi.f2(1270)f2(1270)->kp.km_total_0r": 0.5166063703739536,
  "Jpsi->phi.f2(1270)f2(1270)->kp.km_total_0i": -0.22226816431452479,
  "Jpsi->phi.f2(1270)_g_ls_0r": 1.0,
  "Jpsi->phi.f2(1270)_g_ls_0i": 0.0,
  "Jpsi->phi.f2(1270)_g_ls_1r": 0.11186912571887841,
  "Jpsi->phi.f2(1270)_g_ls_1i": 2.0704821516994967,
  "Jpsi->phi.f2(1270)_g_ls_2r": 0.6906898977656581,
  "Jpsi->phi.f2(1270)_g_ls_2i": -0.8867753934200335,
  "Jpsi->phi.f2(1270)_g_ls_3r": 0.861690614947793,
  "Jpsi->phi.f2(1270)_g_ls_3i": -1.6215864775289992,
  "Jpsi->phi.f2(1270)_g_ls_4r": 1.7499229942903423,
  "Jpsi->phi.f2(1270)_g_ls_4i": -1.723329545836576,
  "f2(1270)->kp.km_g_ls_0r": 1.0,
  "f2(1270)->kp.km_g_ls_0i": 0.0,
  "Jpsi->phi.f0(1500)f0(1500)->kp.km_total_0r": 1.5530123491497667,
  "Jpsi->phi.f0(1500)f0(1500)->kp.km_total_0i": -2.4535798566734726,
  "Jpsi->phi.f0(1500)_g_ls_0r": 1.0,
  "Jpsi->phi.f0(1500)_g_ls_0i": 0.0,
  "Jpsi->phi.f0(1500)_g_ls_1r": 1.0913523315043143,
  "Jpsi->phi.f0(1500)_g_ls_1i": 2.992419412050931,
  "f0(1500)->kp.km_g_ls_0r": 1.0,
  "f0(1500)->kp.km_g_ls_0i": 0.0,
  "Jpsi->phi.f2(1525)f2(1525)->kp.km_total_0r": 0.719810347228186,
  "Jpsi->phi.f2(1525)f2(1525)->kp.km_total_0i": 1.5457939405411434,
  "Jpsi->phi.f2(1525)_g_ls_0r": 1.0,
  "Jpsi->phi.f2(1525)_g_ls_0i": 0.0,
  "Jpsi->phi.f2(1525)_g_ls_1r": 1.3318606835527778,
  "Jpsi->phi.f2(1525)_g_ls_1i": -0.5889653336905063,
  "Jpsi->phi.f2(1525)_g_ls_2r": 1.03447453756284,
  "Jpsi->phi.f2(1525)_g_ls_2i": 1.1053232869719816,
  "Jpsi->phi.f2(1525)_g_ls_3r": 1.6537307005927047,
  "Jpsi->phi.f2(1525)_g_ls_3i": -1.4620066635904365,
  "Jpsi->phi.f2(1525)_g_ls_4r": 0.006432063064756743,
  "Jpsi->phi.f2(1525)_g_ls_4i": 0.32908687142672477,
  "f2(1525)->kp.km_g_ls_0r": 1.0,
  "f2(1525)->kp.km_g_ls_0i": 0.0,
  "Jpsi->phi.f2(1565)f2(1565)->kp.km_total_0r": 0.8868733989902458,
  "Jpsi->phi.f2(1565)f2(1565)->kp.km_total_0i": 2.1137422905423744,
  "Jpsi->phi.f2(1565)_g_ls_0r": 1.0,
  "Jpsi->phi.f2(1565)_g_ls_0i": 0.0,
  "Jpsi->phi.f2(1565)_g_ls_1r": 0.805570531319916,
  "Jpsi->phi.f2(1565)_g_ls_1i": 1.64551922127134,
  "Jpsi->phi.f2(1565)_g_ls_2r": 0.4962579048009834,
  "Jpsi->phi.f2(1565)_g_ls_2i": 1.9858939126731672,
  "Jpsi->phi.f2(1565)_g_ls_3r": 0.8745121029929193,
  "Jpsi->phi.f2(1565)_g_ls_3i": 2.7645013706435284,
  "Jpsi->phi.f2(1565)_g_ls_4r": 1.2252962093029542,
  "Jpsi->phi.f2(1565)_g_ls_4i": -2.921201055391293,
  "f2(1565)->kp.km_g_ls_0r": 1.0,
  "f2(1565)->kp.km_g_ls_0i": 0.0,
  "Jpsi->phi.f0(1710)f0(1710)->kp.km_total_0r": 0.09961109415337788,
  "Jpsi->phi.f0(1710)f0(1710)->kp.km_total_0i": 2.809720959530461,
  "Jpsi->phi.f0(1710)_g_ls_0r": 1.0,
  "Jpsi->phi.f0(1710)_g_ls_0i": 0.0,
  "Jpsi->phi.f0(1710)_g_ls_1r": 0.4590324282939653,
  "Jpsi->phi.f0(1710)_g_ls_1i": -1.5838785861071085,
  "f0(1710)->kp.km_g_ls_0r": 1.0,
  "f0(1710)->kp.km_g_ls_0i": 0.0,
  "Jpsi->phi.f2(1810)f2(1810)->kp.km_total_0r": 0.5182605247326832,
  "Jpsi->phi.f2(1810)f2(1810)->kp.km_total_0i": -1.3632447772150404,
  "Jpsi->phi.f2(1810)_g_ls_0r": 1.0,
  "Jpsi->phi.f2(1810)_g_ls_0i": 0.0,
  "Jpsi->phi.f2(1810)_g_ls_1r": 0.20331821878008993,
  "Jpsi->phi.f2(1810)_g_ls_1i": 1.8916591028216123,
  "Jpsi->phi.f2(1810)_g_ls_2r": 1.9762920103835726,
  "Jpsi->phi.f2(1810)_g_ls_2i": -1.0668303240227441,
  "Jpsi->phi.f2(1810)_g_ls_3r": 0.8837696653272653,
  "Jpsi->phi.f2(1810)_g_ls_3i": 1.7631620757980206,
  "Jpsi->phi.f2(1810)_g_ls_4r": 1.7080636856258886,
  "Jpsi->phi.f2(1810)_g_ls_4i": 1.3173137810421958,
  "f2(1810)->kp.km_g_ls_0r": 1.0,
  "f2(1810)->kp.km_g_ls_0i": 0.0
}
nll_grad  cost time: 2.9094860553741455
nll_grad  cost time: 2.794184446334839
tf.Tensor(-452.9900527354039, shape=(), dtype=float64)
nll_grad  cost time: 2.9484238624572754
tf.Tensor(-4132.073907664788, shape=(), dtype=float64)
nll_grad  cost time: 2.835954427719116
nll_grad  cost time: 2.929713010787964
tf.Tensor(-4892.076309638549, shape=(), dtype=float64)
nll_grad  cost time: 3.0092899799346924
tf.Tensor(-6080.023205415084, shape=(), dtype=float64)
nll_grad  cost time: 3.080033779144287
tf.Tensor(-7118.092003617116, shape=(), dtype=float64)
nll_grad  cost time: 3.0373220443725586
tf.Tensor(-7714.352900816753, shape=(), dtype=float64)
nll_grad  cost time: 3.1045854091644287
tf.Tensor(-8208.849345367067, shape=(), dtype=float64)
nll_grad  cost time: 2.9273898601531982
tf.Tensor(-8784.220007949902, shape=(), dtype=float64)
nll_grad  cost time: 2.75266432762146
tf.Tensor(-9208.52829642949, shape=(), dtype=float64)
nll_grad  cost time: 2.7997195720672607
nll_grad  cost time: 2.86594557762146
tf.Tensor(-9359.2468510154, shape=(), dtype=float64)
nll_grad  cost time: 2.967881202697754
tf.Tensor(-9504.580082325207, shape=(), dtype=float64)
nll_grad  cost time: 2.959352970123291
tf.Tensor(-9691.819077176784, shape=(), dtype=float64)
nll_grad  cost time: 2.9460339546203613
tf.Tensor(-9832.664117232052, shape=(), dtype=float64)
nll_grad  cost time: 2.7770814895629883
tf.Tensor(-9946.517584304907, shape=(), dtype=float64)
nll_grad  cost time: 2.7857487201690674
tf.Tensor(-10071.747674206345, shape=(), dtype=float64)
nll_grad  cost time: 2.873877763748169
tf.Tensor(-10225.878387630713, shape=(), dtype=float64)
nll_grad  cost time: 2.985947608947754
tf.Tensor(-10266.62768417166, shape=(), dtype=float64)
nll_grad  cost time: 2.902029037475586
tf.Tensor(-10327.933721737703, shape=(), dtype=float64)
nll_grad  cost time: 2.905545234680176
tf.Tensor(-10361.364771041393, shape=(), dtype=float64)
nll_grad  cost time: 2.9558911323547363
tf.Tensor(-10389.471738727007, shape=(), dtype=float64)
nll_grad  cost time: 2.9950473308563232
tf.Tensor(-10434.988681983305, shape=(), dtype=float64)
nll_grad  cost time: 2.9145119190216064
tf.Tensor(-10480.423698830986, shape=(), dtype=float64)
nll_grad  cost time: 2.8010990619659424
tf.Tensor(-10518.586176080396, shape=(), dtype=float64)
nll_grad  cost time: 2.8864803314208984
tf.Tensor(-10532.861018054697, shape=(), dtype=float64)
nll_grad  cost time: 2.788663148880005
tf.Tensor(-10553.659491105325, shape=(), dtype=float64)
nll_grad  cost time: 2.83298659324646
tf.Tensor(-10580.433445543269, shape=(), dtype=float64)
nll_grad  cost time: 2.921473741531372
tf.Tensor(-10612.152482063379, shape=(), dtype=float64)
nll_grad  cost time: 2.850794792175293
tf.Tensor(-10649.1038301035, shape=(), dtype=float64)
nll_grad  cost time: 2.9780478477478027
tf.Tensor(-10668.198843193764, shape=(), dtype=float64)
nll_grad  cost time: 2.997138023376465
tf.Tensor(-10686.764115852391, shape=(), dtype=float64)
nll_grad  cost time: 3.0049705505371094
tf.Tensor(-10703.718859862536, shape=(), dtype=float64)
nll_grad  cost time: 2.8234012126922607
tf.Tensor(-10720.009767634663, shape=(), dtype=float64)
nll_grad  cost time: 2.8915812969207764
tf.Tensor(-10740.028766418603, shape=(), dtype=float64)
nll_grad  cost time: 2.8721508979797363
tf.Tensor(-10747.947948784073, shape=(), dtype=float64)
nll_grad  cost time: 2.9864745140075684
tf.Tensor(-10757.410335221473, shape=(), dtype=float64)
nll_grad  cost time: 2.8770508766174316
tf.Tensor(-10769.132600964265, shape=(), dtype=float64)
nll_grad  cost time: 2.884725332260132
tf.Tensor(-10783.86836262804, shape=(), dtype=float64)
nll_grad  cost time: 2.978771686553955
tf.Tensor(-10799.101048895362, shape=(), dtype=float64)
nll_grad  cost time: 2.950604200363159
nll_grad  cost time: 2.707566738128662
tf.Tensor(-10807.432245968012, shape=(), dtype=float64)
nll_grad  cost time: 2.786720037460327
tf.Tensor(-10815.186017030632, shape=(), dtype=float64)
nll_grad  cost time: 3.0385658740997314
tf.Tensor(-10823.060475007878, shape=(), dtype=float64)
nll_grad  cost time: 2.916980504989624
tf.Tensor(-10832.110886788563, shape=(), dtype=float64)
nll_grad  cost time: 2.894672155380249
tf.Tensor(-10843.564089181484, shape=(), dtype=float64)
nll_grad  cost time: 2.788809061050415
tf.Tensor(-10854.495224584476, shape=(), dtype=float64)
nll_grad  cost time: 2.813077211380005
tf.Tensor(-10866.26906434662, shape=(), dtype=float64)
nll_grad  cost time: 3.013831377029419
tf.Tensor(-10879.517459564173, shape=(), dtype=float64)
nll_grad  cost time: 2.914353132247925
tf.Tensor(-10886.467366882309, shape=(), dtype=float64)
nll_grad  cost time: 2.740993022918701
tf.Tensor(-10895.228267341663, shape=(), dtype=float64)
nll_grad  cost time: 2.830386161804199
tf.Tensor(-10904.838535969087, shape=(), dtype=float64)
nll_grad  cost time: 2.937994956970215
tf.Tensor(-10911.370513651753, shape=(), dtype=float64)
nll_grad  cost time: 2.904554843902588
tf.Tensor(-10919.610236592896, shape=(), dtype=float64)
nll_grad  cost time: 2.8830883502960205
tf.Tensor(-10928.347374187826, shape=(), dtype=float64)
nll_grad  cost time: 2.913719892501831
tf.Tensor(-10939.028474790699, shape=(), dtype=float64)
nll_grad  cost time: 2.8397111892700195
tf.Tensor(-10948.909322219188, shape=(), dtype=float64)
nll_grad  cost time: 2.7958316802978516
tf.Tensor(-10955.282397559364, shape=(), dtype=float64)
nll_grad  cost time: 2.7598068714141846
tf.Tensor(-10963.36897461563, shape=(), dtype=float64)
nll_grad  cost time: 2.8106460571289062
nll_grad  cost time: 2.741760015487671
tf.Tensor(-10967.827233212462, shape=(), dtype=float64)
nll_grad  cost time: 2.842350959777832
tf.Tensor(-10973.46830364548, shape=(), dtype=float64)
nll_grad  cost time: 2.8608787059783936
tf.Tensor(-10979.002483958247, shape=(), dtype=float64)
nll_grad  cost time: 2.8130440711975098
tf.Tensor(-10984.914875865448, shape=(), dtype=float64)
nll_grad  cost time: 2.825960159301758
tf.Tensor(-10989.778304704887, shape=(), dtype=float64)
nll_grad  cost time: 3.014104127883911
tf.Tensor(-10995.715181387437, shape=(), dtype=float64)
nll_grad  cost time: 2.9619202613830566
tf.Tensor(-10998.223781379013, shape=(), dtype=float64)
nll_grad  cost time: 2.939781904220581
tf.Tensor(-11001.907644948427, shape=(), dtype=float64)
nll_grad  cost time: 2.749584674835205
tf.Tensor(-11005.450362163974, shape=(), dtype=float64)
nll_grad  cost time: 2.9573042392730713
tf.Tensor(-11009.089779887072, shape=(), dtype=float64)
nll_grad  cost time: 2.8277969360351562
tf.Tensor(-11013.450344914396, shape=(), dtype=float64)
nll_grad  cost time: 2.8076329231262207
tf.Tensor(-11016.12824309738, shape=(), dtype=float64)
nll_grad  cost time: 2.8868677616119385
tf.Tensor(-11018.49203434281, shape=(), dtype=float64)
nll_grad  cost time: 2.983480930328369
tf.Tensor(-11021.489918574807, shape=(), dtype=float64)
nll_grad  cost time: 2.936420440673828
tf.Tensor(-11024.736344992954, shape=(), dtype=float64)
nll_grad  cost time: 2.8802990913391113
tf.Tensor(-11028.126684825824, shape=(), dtype=float64)
nll_grad  cost time: 2.9680304527282715
tf.Tensor(-11032.817203811283, shape=(), dtype=float64)
nll_grad  cost time: 2.980769634246826
tf.Tensor(-11033.986214976321, shape=(), dtype=float64)
nll_grad  cost time: 2.8847496509552
tf.Tensor(-11035.98288981129, shape=(), dtype=float64)
nll_grad  cost time: 2.979980707168579
tf.Tensor(-11038.82591365435, shape=(), dtype=float64)
nll_grad  cost time: 2.931497573852539
tf.Tensor(-11042.8198148214, shape=(), dtype=float64)
nll_grad  cost time: 3.292694091796875
tf.Tensor(-11046.32195551494, shape=(), dtype=float64)
nll_grad  cost time: 2.996875762939453
tf.Tensor(-11050.293027653533, shape=(), dtype=float64)
nll_grad  cost time: 2.8520431518554688
tf.Tensor(-11055.106022217762, shape=(), dtype=float64)
nll_grad  cost time: 2.897367000579834
tf.Tensor(-11059.608948728084, shape=(), dtype=float64)
nll_grad  cost time: 2.959892511367798
tf.Tensor(-11063.488058790696, shape=(), dtype=float64)
nll_grad  cost time: 2.8187291622161865
tf.Tensor(-11068.162312869958, shape=(), dtype=float64)
nll_grad  cost time: 2.985715866088867
nll_grad  cost time: 2.703547239303589
tf.Tensor(-11069.68703679298, shape=(), dtype=float64)
nll_grad  cost time: 2.876920461654663
tf.Tensor(-11071.942221665377, shape=(), dtype=float64)
nll_grad  cost time: 3.092625379562378
tf.Tensor(-11075.41016859973, shape=(), dtype=float64)
nll_grad  cost time: 2.922659158706665
tf.Tensor(-11079.450023053345, shape=(), dtype=float64)
nll_grad  cost time: 3.0360019207000732
tf.Tensor(-11082.438121310654, shape=(), dtype=float64)
nll_grad  cost time: 2.8509416580200195
tf.Tensor(-11083.55940867425, shape=(), dtype=float64)
nll_grad  cost time: 2.8823866844177246
tf.Tensor(-11085.472233235807, shape=(), dtype=float64)
nll_grad  cost time: 2.858686923980713
tf.Tensor(-11088.234177741382, shape=(), dtype=float64)
nll_grad  cost time: 3.095759868621826
tf.Tensor(-11092.50681713724, shape=(), dtype=float64)
nll_grad  cost time: 2.8802623748779297
tf.Tensor(-11097.293104644981, shape=(), dtype=float64)
nll_grad  cost time: 2.8927507400512695
tf.Tensor(-11099.013530383629, shape=(), dtype=float64)
nll_grad  cost time: 2.813519239425659
tf.Tensor(-11101.685980174967, shape=(), dtype=float64)
nll_grad  cost time: 2.966970920562744
tf.Tensor(-11105.598881307189, shape=(), dtype=float64)
nll_grad  cost time: 2.9445066452026367
tf.Tensor(-11111.184716235002, shape=(), dtype=float64)
nll_grad  cost time: 2.913372039794922
tf.Tensor(-11112.528765668627, shape=(), dtype=float64)
nll_grad  cost time: 2.9919638633728027
tf.Tensor(-11114.792815091685, shape=(), dtype=float64)
nll_grad  cost time: 2.962641954421997
tf.Tensor(-11118.317375302635, shape=(), dtype=float64)
nll_grad  cost time: 2.918679714202881
tf.Tensor(-11122.505752037323, shape=(), dtype=float64)
nll_grad  cost time: 2.707451820373535
tf.Tensor(-11124.230717486964, shape=(), dtype=float64)
nll_grad  cost time: 2.7468316555023193
tf.Tensor(-11126.884982520933, shape=(), dtype=float64)
nll_grad  cost time: 2.944580078125
tf.Tensor(-11130.091708033986, shape=(), dtype=float64)
nll_grad  cost time: 2.8979833126068115
tf.Tensor(-11134.01872271199, shape=(), dtype=float64)
nll_grad  cost time: 3.062995672225952
nll_grad  cost time: 2.8083910942077637
tf.Tensor(-11135.458665996164, shape=(), dtype=float64)
nll_grad  cost time: 2.9199531078338623
tf.Tensor(-11137.634099075425, shape=(), dtype=float64)
nll_grad  cost time: 2.9274816513061523
tf.Tensor(-11139.081802609318, shape=(), dtype=float64)
nll_grad  cost time: 2.953200340270996
tf.Tensor(-11141.10633528119, shape=(), dtype=float64)
nll_grad  cost time: 2.9634907245635986
tf.Tensor(-11143.112649169678, shape=(), dtype=float64)
nll_grad  cost time: 3.1071932315826416
tf.Tensor(-11146.02959020107, shape=(), dtype=float64)
nll_grad  cost time: 3.114565849304199
nll_grad  cost time: 3.1042110919952393
tf.Tensor(-11147.526701213807, shape=(), dtype=float64)
nll_grad  cost time: 2.792745590209961
tf.Tensor(-11149.401282913648, shape=(), dtype=float64)
nll_grad  cost time: 3.1192970275878906
tf.Tensor(-11151.817724936089, shape=(), dtype=float64)
nll_grad  cost time: 2.8470547199249268
tf.Tensor(-11154.23534193699, shape=(), dtype=float64)
nll_grad  cost time: 2.82885479927063
tf.Tensor(-11156.95715125883, shape=(), dtype=float64)
nll_grad  cost time: 2.892716646194458
tf.Tensor(-11159.625053501746, shape=(), dtype=float64)
nll_grad  cost time: 2.9847967624664307
tf.Tensor(-11163.350475119194, shape=(), dtype=float64)
nll_grad  cost time: 2.84318208694458
tf.Tensor(-11167.339664044994, shape=(), dtype=float64)
nll_grad  cost time: 2.9219117164611816
tf.Tensor(-11171.6303465838, shape=(), dtype=float64)
nll_grad  cost time: 2.7165071964263916
tf.Tensor(-11176.677721701679, shape=(), dtype=float64)
nll_grad  cost time: 2.7368481159210205
tf.Tensor(-11180.873936520293, shape=(), dtype=float64)
nll_grad  cost time: 2.7713332176208496
tf.Tensor(-11184.563849967199, shape=(), dtype=float64)
nll_grad  cost time: 2.990082025527954
tf.Tensor(-11188.409330488546, shape=(), dtype=float64)
nll_grad  cost time: 3.0919723510742188
tf.Tensor(-11190.943876460959, shape=(), dtype=float64)
nll_grad  cost time: 2.884296178817749
tf.Tensor(-11194.008897798907, shape=(), dtype=float64)
nll_grad  cost time: 2.8481805324554443
tf.Tensor(-11197.860661396771, shape=(), dtype=float64)
nll_grad  cost time: 2.7410049438476562
tf.Tensor(-11201.255374338587, shape=(), dtype=float64)
nll_grad  cost time: 2.979677438735962
tf.Tensor(-11204.158652600578, shape=(), dtype=float64)
nll_grad  cost time: 3.037593364715576
tf.Tensor(-11207.112105210326, shape=(), dtype=float64)
nll_grad  cost time: 2.823693037033081
tf.Tensor(-11209.889403036264, shape=(), dtype=float64)
nll_grad  cost time: 2.928684949874878
tf.Tensor(-11212.476082973742, shape=(), dtype=float64)
nll_grad  cost time: 2.890573740005493
tf.Tensor(-11215.6341522254, shape=(), dtype=float64)
nll_grad  cost time: 2.723975658416748
tf.Tensor(-11218.42363402545, shape=(), dtype=float64)
nll_grad  cost time: 3.051347017288208
tf.Tensor(-11221.77734597274, shape=(), dtype=float64)
nll_grad  cost time: 2.76611590385437
tf.Tensor(-11224.516882300486, shape=(), dtype=float64)
nll_grad  cost time: 2.945012331008911
tf.Tensor(-11226.7011200286, shape=(), dtype=float64)
nll_grad  cost time: 3.0028698444366455
tf.Tensor(-11229.584940296183, shape=(), dtype=float64)
nll_grad  cost time: 2.917912721633911
tf.Tensor(-11232.468590075041, shape=(), dtype=float64)
nll_grad  cost time: 2.9261300563812256
tf.Tensor(-11235.023618799358, shape=(), dtype=float64)
nll_grad  cost time: 2.986044406890869
tf.Tensor(-11236.290631995536, shape=(), dtype=float64)
nll_grad  cost time: 2.9103305339813232
tf.Tensor(-11238.230689958182, shape=(), dtype=float64)
nll_grad  cost time: 2.8047091960906982
tf.Tensor(-11240.44884311025, shape=(), dtype=float64)
nll_grad  cost time: 2.7800424098968506
tf.Tensor(-11242.20630754665, shape=(), dtype=float64)
nll_grad  cost time: 3.018798351287842
tf.Tensor(-11243.842850564593, shape=(), dtype=float64)
nll_grad  cost time: 3.128206253051758
tf.Tensor(-11245.418249664857, shape=(), dtype=float64)
nll_grad  cost time: 2.992187261581421
tf.Tensor(-11247.077953531661, shape=(), dtype=float64)
nll_grad  cost time: 2.950810194015503
tf.Tensor(-11248.759817498583, shape=(), dtype=float64)
nll_grad  cost time: 2.990941286087036
tf.Tensor(-11250.744261432861, shape=(), dtype=float64)
nll_grad  cost time: 2.8785195350646973
tf.Tensor(-11251.30043164736, shape=(), dtype=float64)
nll_grad  cost time: 2.852771043777466
tf.Tensor(-11252.256347417031, shape=(), dtype=float64)
nll_grad  cost time: 2.9293880462646484
tf.Tensor(-11253.626792370334, shape=(), dtype=float64)
nll_grad  cost time: 2.9459073543548584
tf.Tensor(-11255.343766801358, shape=(), dtype=float64)
nll_grad  cost time: 2.9152543544769287
tf.Tensor(-11256.999731633376, shape=(), dtype=float64)
nll_grad  cost time: 2.9259002208709717
tf.Tensor(-11257.925563159919, shape=(), dtype=float64)
nll_grad  cost time: 2.8468194007873535
tf.Tensor(-11259.284763461073, shape=(), dtype=float64)
nll_grad  cost time: 2.945930004119873
tf.Tensor(-11261.235694716648, shape=(), dtype=float64)
nll_grad  cost time: 2.8923234939575195
tf.Tensor(-11263.134850668004, shape=(), dtype=float64)
nll_grad  cost time: 2.7912497520446777
nll_grad  cost time: 2.725832223892212
tf.Tensor(-11264.128770110481, shape=(), dtype=float64)
nll_grad  cost time: 2.95023512840271
tf.Tensor(-11265.341266313168, shape=(), dtype=float64)
nll_grad  cost time: 2.942634105682373
tf.Tensor(-11266.645100437901, shape=(), dtype=float64)
nll_grad  cost time: 2.9730842113494873
tf.Tensor(-11267.548439747723, shape=(), dtype=float64)
nll_grad  cost time: 2.8978421688079834
tf.Tensor(-11268.71992317271, shape=(), dtype=float64)
nll_grad  cost time: 3.0021300315856934
tf.Tensor(-11269.284584581557, shape=(), dtype=float64)
nll_grad  cost time: 3.013092041015625
tf.Tensor(-11270.143769263952, shape=(), dtype=float64)
nll_grad  cost time: 2.9126062393188477
tf.Tensor(-11271.286452637287, shape=(), dtype=float64)
nll_grad  cost time: 2.764936685562134
tf.Tensor(-11272.451587360709, shape=(), dtype=float64)
nll_grad  cost time: 2.9477999210357666
tf.Tensor(-11273.218913250825, shape=(), dtype=float64)
nll_grad  cost time: 2.976972818374634
tf.Tensor(-11274.328439173678, shape=(), dtype=float64)
nll_grad  cost time: 3.0759730339050293
tf.Tensor(-11275.62452322443, shape=(), dtype=float64)
nll_grad  cost time: 3.1075234413146973
tf.Tensor(-11276.635956629296, shape=(), dtype=float64)
nll_grad  cost time: 2.795077323913574
tf.Tensor(-11277.732849412896, shape=(), dtype=float64)
nll_grad  cost time: 2.753084659576416
tf.Tensor(-11278.776275979551, shape=(), dtype=float64)
nll_grad  cost time: 2.7278201580047607
tf.Tensor(-11279.788209903298, shape=(), dtype=float64)
nll_grad  cost time: 2.814561605453491
tf.Tensor(-11281.012421764, shape=(), dtype=float64)
nll_grad  cost time: 2.8530056476593018
tf.Tensor(-11282.76623175482, shape=(), dtype=float64)
nll_grad  cost time: 2.869537830352783
tf.Tensor(-11284.776258065205, shape=(), dtype=float64)
nll_grad  cost time: 2.989435911178589
tf.Tensor(-11285.911456812348, shape=(), dtype=float64)
nll_grad  cost time: 2.8984568119049072
tf.Tensor(-11287.406445688452, shape=(), dtype=float64)
nll_grad  cost time: 2.8598949909210205
tf.Tensor(-11289.605864668578, shape=(), dtype=float64)
nll_grad  cost time: 2.81097149848938
tf.Tensor(-11292.354780212212, shape=(), dtype=float64)
nll_grad  cost time: 2.6935641765594482
nll_grad  cost time: 2.8041131496429443
tf.Tensor(-11293.956602778184, shape=(), dtype=float64)
nll_grad  cost time: 2.8458480834960938
tf.Tensor(-11294.845178634998, shape=(), dtype=float64)
nll_grad  cost time: 2.90964674949646
tf.Tensor(-11296.090367475961, shape=(), dtype=float64)
nll_grad  cost time: 2.8423190116882324
tf.Tensor(-11296.679093983435, shape=(), dtype=float64)
nll_grad  cost time: 2.966892719268799
tf.Tensor(-11297.29515158237, shape=(), dtype=float64)
nll_grad  cost time: 2.803609609603882
tf.Tensor(-11297.697635577118, shape=(), dtype=float64)
nll_grad  cost time: 2.8093478679656982
tf.Tensor(-11298.022375007371, shape=(), dtype=float64)
nll_grad  cost time: 3.23180890083313
tf.Tensor(-11298.4283861896, shape=(), dtype=float64)
nll_grad  cost time: 2.716362714767456
tf.Tensor(-11298.623113073165, shape=(), dtype=float64)
nll_grad  cost time: 2.8323426246643066
tf.Tensor(-11298.86620755732, shape=(), dtype=float64)
nll_grad  cost time: 2.785982847213745
tf.Tensor(-11299.085502596146, shape=(), dtype=float64)
nll_grad  cost time: 2.654099225997925
tf.Tensor(-11299.178591372714, shape=(), dtype=float64)
nll_grad  cost time: 2.794494152069092
tf.Tensor(-11299.314612342128, shape=(), dtype=float64)
nll_grad  cost time: 2.880875825881958
tf.Tensor(-11299.509845269677, shape=(), dtype=float64)
nll_grad  cost time: 2.8422040939331055
tf.Tensor(-11299.689104027217, shape=(), dtype=float64)
nll_grad  cost time: 2.832786798477173
tf.Tensor(-11299.898543651132, shape=(), dtype=float64)
nll_grad  cost time: 2.8672430515289307
tf.Tensor(-11300.121985486596, shape=(), dtype=float64)
nll_grad  cost time: 2.7833621501922607
tf.Tensor(-11300.357774520526, shape=(), dtype=float64)
nll_grad  cost time: 2.8305087089538574
tf.Tensor(-11300.552148673782, shape=(), dtype=float64)
nll_grad  cost time: 2.8432300090789795
tf.Tensor(-11300.768955067848, shape=(), dtype=float64)
nll_grad  cost time: 2.798691511154175
tf.Tensor(-11301.017010662792, shape=(), dtype=float64)
nll_grad  cost time: 2.7641682624816895
tf.Tensor(-11301.264374770199, shape=(), dtype=float64)
nll_grad  cost time: 2.7716336250305176
tf.Tensor(-11301.468882648147, shape=(), dtype=float64)
nll_grad  cost time: 2.689279794692993
tf.Tensor(-11301.583897092525, shape=(), dtype=float64)
nll_grad  cost time: 2.7815074920654297
tf.Tensor(-11301.706081405791, shape=(), dtype=float64)
nll_grad  cost time: 2.8753528594970703
tf.Tensor(-11301.849861028866, shape=(), dtype=float64)
nll_grad  cost time: 2.8898324966430664
tf.Tensor(-11302.001649113117, shape=(), dtype=float64)
nll_grad  cost time: 2.93617844581604
tf.Tensor(-11302.191264742141, shape=(), dtype=float64)
nll_grad  cost time: 3.0685808658599854
tf.Tensor(-11302.372086905289, shape=(), dtype=float64)
nll_grad  cost time: 3.031325340270996
tf.Tensor(-11302.521691267644, shape=(), dtype=float64)
nll_grad  cost time: 2.8413803577423096
tf.Tensor(-11302.659096572079, shape=(), dtype=float64)
nll_grad  cost time: 2.822359085083008
tf.Tensor(-11302.760542629905, shape=(), dtype=float64)
nll_grad  cost time: 2.873431444168091
tf.Tensor(-11302.87588911987, shape=(), dtype=float64)
nll_grad  cost time: 2.946913719177246
tf.Tensor(-11302.990553683292, shape=(), dtype=float64)
nll_grad  cost time: 3.11385178565979
tf.Tensor(-11303.102754005537, shape=(), dtype=float64)
nll_grad  cost time: 2.8775789737701416
tf.Tensor(-11303.196333576747, shape=(), dtype=float64)
nll_grad  cost time: 2.7288780212402344
tf.Tensor(-11303.298696928981, shape=(), dtype=float64)
nll_grad  cost time: 2.822376251220703
tf.Tensor(-11303.40469051485, shape=(), dtype=float64)
nll_grad  cost time: 2.8674402236938477
tf.Tensor(-11303.538022541503, shape=(), dtype=float64)
nll_grad  cost time: 2.771742105484009
tf.Tensor(-11303.675015821289, shape=(), dtype=float64)
nll_grad  cost time: 2.960721015930176
tf.Tensor(-11303.832832110118, shape=(), dtype=float64)
nll_grad  cost time: 2.9104831218719482
tf.Tensor(-11303.955003248597, shape=(), dtype=float64)
nll_grad  cost time: 2.9239165782928467
tf.Tensor(-11304.073521809103, shape=(), dtype=float64)
nll_grad  cost time: 2.821455478668213
tf.Tensor(-11304.19548025127, shape=(), dtype=float64)
nll_grad  cost time: 2.976975917816162
tf.Tensor(-11304.363609735861, shape=(), dtype=float64)
nll_grad  cost time: 2.8477540016174316
tf.Tensor(-11304.517598198148, shape=(), dtype=float64)
nll_grad  cost time: 2.872732162475586
tf.Tensor(-11304.644200188653, shape=(), dtype=float64)
nll_grad  cost time: 2.9055869579315186
tf.Tensor(-11304.801681612607, shape=(), dtype=float64)
nll_grad  cost time: 2.8615007400512695
tf.Tensor(-11304.961104943519, shape=(), dtype=float64)
nll_grad  cost time: 3.052860975265503
nll_grad  cost time: 2.757136583328247
tf.Tensor(-11305.05234558391, shape=(), dtype=float64)
nll_grad  cost time: 2.7839982509613037
tf.Tensor(-11305.173951689725, shape=(), dtype=float64)
nll_grad  cost time: 2.835216522216797
tf.Tensor(-11305.334665942166, shape=(), dtype=float64)
nll_grad  cost time: 2.9248228073120117
tf.Tensor(-11305.538588550055, shape=(), dtype=float64)
nll_grad  cost time: 3.0715813636779785
tf.Tensor(-11305.762179217549, shape=(), dtype=float64)
nll_grad  cost time: 2.88466477394104
tf.Tensor(-11306.059547393164, shape=(), dtype=float64)
nll_grad  cost time: 2.9241199493408203
tf.Tensor(-11306.303076812765, shape=(), dtype=float64)
nll_grad  cost time: 2.9918110370635986
nll_grad  cost time: 2.8865323066711426
tf.Tensor(-11306.455422613926, shape=(), dtype=float64)
nll_grad  cost time: 2.977416515350342
tf.Tensor(-11306.62123514283, shape=(), dtype=float64)
nll_grad  cost time: 3.0493364334106445
tf.Tensor(-11306.861218816724, shape=(), dtype=float64)
nll_grad  cost time: 2.8463432788848877
tf.Tensor(-11307.161658691064, shape=(), dtype=float64)
nll_grad  cost time: 2.770982265472412
tf.Tensor(-11307.289940622468, shape=(), dtype=float64)
nll_grad  cost time: 2.7539708614349365
tf.Tensor(-11307.441581334024, shape=(), dtype=float64)
nll_grad  cost time: 2.79390025138855
tf.Tensor(-11307.63830781617, shape=(), dtype=float64)
nll_grad  cost time: 2.87800669670105
tf.Tensor(-11307.776727262622, shape=(), dtype=float64)
nll_grad  cost time: 2.907280921936035
tf.Tensor(-11307.957524777463, shape=(), dtype=float64)
nll_grad  cost time: 2.9918556213378906
tf.Tensor(-11308.155837669106, shape=(), dtype=float64)
nll_grad  cost time: 2.9471330642700195
tf.Tensor(-11308.388183775965, shape=(), dtype=float64)
nll_grad  cost time: 2.9323930740356445
tf.Tensor(-11308.59858614879, shape=(), dtype=float64)
nll_grad  cost time: 3.008350372314453
tf.Tensor(-11308.832667808929, shape=(), dtype=float64)
nll_grad  cost time: 2.8738980293273926
tf.Tensor(-11309.08173824726, shape=(), dtype=float64)
nll_grad  cost time: 2.787371873855591
tf.Tensor(-11309.326715061638, shape=(), dtype=float64)
nll_grad  cost time: 2.9930875301361084
tf.Tensor(-11309.524719022942, shape=(), dtype=float64)
nll_grad  cost time: 2.860386848449707
tf.Tensor(-11309.722738076758, shape=(), dtype=float64)
nll_grad  cost time: 2.9998159408569336
tf.Tensor(-11309.93322176706, shape=(), dtype=float64)
nll_grad  cost time: 2.781578779220581
tf.Tensor(-11310.191716597532, shape=(), dtype=float64)
nll_grad  cost time: 2.8572070598602295
tf.Tensor(-11310.521768231105, shape=(), dtype=float64)
nll_grad  cost time: 2.9854509830474854
tf.Tensor(-11310.813264773493, shape=(), dtype=float64)
nll_grad  cost time: 2.8920364379882812
tf.Tensor(-11310.951475662649, shape=(), dtype=float64)
nll_grad  cost time: 2.8259952068328857
tf.Tensor(-11311.155285886485, shape=(), dtype=float64)
nll_grad  cost time: 2.7341227531433105
tf.Tensor(-11311.420901555251, shape=(), dtype=float64)
nll_grad  cost time: 2.8622751235961914
tf.Tensor(-11311.668128233916, shape=(), dtype=float64)
nll_grad  cost time: 2.782717704772949
tf.Tensor(-11311.890864809018, shape=(), dtype=float64)
nll_grad  cost time: 2.8189783096313477
tf.Tensor(-11312.131947064187, shape=(), dtype=float64)
nll_grad  cost time: 2.885146141052246
tf.Tensor(-11312.379437767231, shape=(), dtype=float64)
nll_grad  cost time: 2.8275136947631836
tf.Tensor(-11312.630529951053, shape=(), dtype=float64)
nll_grad  cost time: 2.9480555057525635
tf.Tensor(-11312.834169364593, shape=(), dtype=float64)
nll_grad  cost time: 3.063673496246338
tf.Tensor(-11313.027978734033, shape=(), dtype=float64)
nll_grad  cost time: 3.0579304695129395
tf.Tensor(-11313.126293266534, shape=(), dtype=float64)
nll_grad  cost time: 2.9564578533172607
tf.Tensor(-11313.260753980256, shape=(), dtype=float64)
nll_grad  cost time: 2.80763578414917
tf.Tensor(-11313.410610263978, shape=(), dtype=float64)
nll_grad  cost time: 2.8713693618774414
tf.Tensor(-11313.560701050217, shape=(), dtype=float64)
nll_grad  cost time: 2.879488229751587
tf.Tensor(-11313.718150454817, shape=(), dtype=float64)
nll_grad  cost time: 2.684082508087158
tf.Tensor(-11313.862241483555, shape=(), dtype=float64)
nll_grad  cost time: 2.787593364715576
tf.Tensor(-11313.979680835702, shape=(), dtype=float64)
nll_grad  cost time: 2.756967544555664
tf.Tensor(-11314.10192735738, shape=(), dtype=float64)
nll_grad  cost time: 2.692094087600708
tf.Tensor(-11314.247259645832, shape=(), dtype=float64)
nll_grad  cost time: 2.8894412517547607
tf.Tensor(-11314.412613972203, shape=(), dtype=float64)
nll_grad  cost time: 2.87589955329895
tf.Tensor(-11314.493112784894, shape=(), dtype=float64)
nll_grad  cost time: 2.802152395248413
tf.Tensor(-11314.613818224701, shape=(), dtype=float64)
nll_grad  cost time: 2.7420294284820557
tf.Tensor(-11314.742140204176, shape=(), dtype=float64)
nll_grad  cost time: 2.9204142093658447
tf.Tensor(-11314.82852553339, shape=(), dtype=float64)
nll_grad  cost time: 2.8995440006256104
tf.Tensor(-11314.95169389105, shape=(), dtype=float64)
nll_grad  cost time: 3.0385282039642334
tf.Tensor(-11315.137958023006, shape=(), dtype=float64)
nll_grad  cost time: 2.9719138145446777
tf.Tensor(-11315.33313735271, shape=(), dtype=float64)
nll_grad  cost time: 3.0552146434783936
tf.Tensor(-11315.45692593123, shape=(), dtype=float64)
nll_grad  cost time: 3.0790135860443115
tf.Tensor(-11315.613695734166, shape=(), dtype=float64)
nll_grad  cost time: 2.852870464324951
tf.Tensor(-11315.72635855871, shape=(), dtype=float64)
nll_grad  cost time: 3.0342366695404053
tf.Tensor(-11315.798794115555, shape=(), dtype=float64)
nll_grad  cost time: 2.884222984313965
tf.Tensor(-11315.842844561983, shape=(), dtype=float64)
nll_grad  cost time: 2.869611978530884
tf.Tensor(-11315.893442980003, shape=(), dtype=float64)
nll_grad  cost time: 2.743239641189575
tf.Tensor(-11315.94110470865, shape=(), dtype=float64)
nll_grad  cost time: 2.7258341312408447
tf.Tensor(-11315.981505169533, shape=(), dtype=float64)
nll_grad  cost time: 2.7098336219787598
tf.Tensor(-11316.029296339897, shape=(), dtype=float64)
nll_grad  cost time: 2.7778127193450928
tf.Tensor(-11316.09700731311, shape=(), dtype=float64)
nll_grad  cost time: 2.999591588973999
tf.Tensor(-11316.159512635753, shape=(), dtype=float64)
nll_grad  cost time: 3.187654733657837
tf.Tensor(-11316.20848701982, shape=(), dtype=float64)
nll_grad  cost time: 2.6779673099517822
tf.Tensor(-11316.265475550586, shape=(), dtype=float64)
nll_grad  cost time: 2.631150722503662
tf.Tensor(-11316.31293076307, shape=(), dtype=float64)
nll_grad  cost time: 2.715846061706543
tf.Tensor(-11316.35789730573, shape=(), dtype=float64)
nll_grad  cost time: 2.754287004470825
tf.Tensor(-11316.39992629315, shape=(), dtype=float64)
nll_grad  cost time: 2.813465118408203
tf.Tensor(-11316.442028445479, shape=(), dtype=float64)
nll_grad  cost time: 2.7044601440429688
tf.Tensor(-11316.483296878898, shape=(), dtype=float64)
nll_grad  cost time: 2.760535717010498
tf.Tensor(-11316.543123399257, shape=(), dtype=float64)
nll_grad  cost time: 2.8087518215179443
tf.Tensor(-11316.610734676047, shape=(), dtype=float64)
nll_grad  cost time: 3.005669116973877
tf.Tensor(-11316.647142379356, shape=(), dtype=float64)
nll_grad  cost time: 2.8883841037750244
tf.Tensor(-11316.686458498949, shape=(), dtype=float64)
nll_grad  cost time: 2.8809051513671875
tf.Tensor(-11316.733222976887, shape=(), dtype=float64)
nll_grad  cost time: 2.8238816261291504
tf.Tensor(-11316.798621478472, shape=(), dtype=float64)
nll_grad  cost time: 2.8066482543945312
tf.Tensor(-11316.880180507658, shape=(), dtype=float64)
nll_grad  cost time: 2.887479305267334
tf.Tensor(-11316.970460295477, shape=(), dtype=float64)
nll_grad  cost time: 2.7806777954101562
tf.Tensor(-11317.06589344046, shape=(), dtype=float64)
nll_grad  cost time: 2.8761191368103027
tf.Tensor(-11317.130174003316, shape=(), dtype=float64)
nll_grad  cost time: 2.8547589778900146
tf.Tensor(-11317.186238916012, shape=(), dtype=float64)
nll_grad  cost time: 2.9443564414978027
tf.Tensor(-11317.252429391392, shape=(), dtype=float64)
nll_grad  cost time: 2.8551154136657715
tf.Tensor(-11317.339830477096, shape=(), dtype=float64)
nll_grad  cost time: 2.886768102645874
tf.Tensor(-11317.448134836231, shape=(), dtype=float64)
nll_grad  cost time: 2.884464979171753
tf.Tensor(-11317.517628102662, shape=(), dtype=float64)
nll_grad  cost time: 2.8363125324249268
tf.Tensor(-11317.604461456773, shape=(), dtype=float64)
nll_grad  cost time: 2.7890701293945312
tf.Tensor(-11317.704724449592, shape=(), dtype=float64)
nll_grad  cost time: 2.948791742324829
tf.Tensor(-11317.822991045221, shape=(), dtype=float64)
nll_grad  cost time: 2.991917371749878
tf.Tensor(-11317.950474274738, shape=(), dtype=float64)
nll_grad  cost time: 2.87326717376709
tf.Tensor(-11318.022761142242, shape=(), dtype=float64)
nll_grad  cost time: 2.7124505043029785
tf.Tensor(-11318.134786051523, shape=(), dtype=float64)
nll_grad  cost time: 2.945312738418579
tf.Tensor(-11318.274127669436, shape=(), dtype=float64)
nll_grad  cost time: 2.811201572418213
tf.Tensor(-11318.36503943671, shape=(), dtype=float64)
nll_grad  cost time: 2.8169455528259277
tf.Tensor(-11318.490327249343, shape=(), dtype=float64)
nll_grad  cost time: 2.9445271492004395
tf.Tensor(-11318.617016185224, shape=(), dtype=float64)
nll_grad  cost time: 2.897820472717285
tf.Tensor(-11318.69488517204, shape=(), dtype=float64)
nll_grad  cost time: 2.966071605682373
tf.Tensor(-11318.805451247328, shape=(), dtype=float64)
nll_grad  cost time: 2.875978946685791
tf.Tensor(-11318.873036162622, shape=(), dtype=float64)
nll_grad  cost time: 2.9464926719665527
tf.Tensor(-11318.941411601721, shape=(), dtype=float64)
nll_grad  cost time: 3.054703712463379
tf.Tensor(-11319.012652680063, shape=(), dtype=float64)
nll_grad  cost time: 3.140316963195801
tf.Tensor(-11319.091053647135, shape=(), dtype=float64)
nll_grad  cost time: 2.959315061569214
tf.Tensor(-11319.187749593715, shape=(), dtype=float64)
nll_grad  cost time: 2.973681688308716
tf.Tensor(-11319.248540695971, shape=(), dtype=float64)
nll_grad  cost time: 3.0143110752105713
tf.Tensor(-11319.345648658986, shape=(), dtype=float64)
nll_grad  cost time: 3.0885021686553955
tf.Tensor(-11319.48279013161, shape=(), dtype=float64)
nll_grad  cost time: 3.0247557163238525
tf.Tensor(-11319.620165769455, shape=(), dtype=float64)
nll_grad  cost time: 3.0490639209747314
tf.Tensor(-11319.668041239485, shape=(), dtype=float64)
nll_grad  cost time: 2.9105775356292725
tf.Tensor(-11319.746334941614, shape=(), dtype=float64)
nll_grad  cost time: 2.9035146236419678
tf.Tensor(-11319.846422957704, shape=(), dtype=float64)
nll_grad  cost time: 2.8037362098693848
tf.Tensor(-11319.89757626495, shape=(), dtype=float64)
nll_grad  cost time: 2.945918560028076
tf.Tensor(-11319.963054494929, shape=(), dtype=float64)
nll_grad  cost time: 2.8510124683380127
tf.Tensor(-11320.013433306369, shape=(), dtype=float64)
nll_grad  cost time: 2.910553455352783
tf.Tensor(-11320.079458763157, shape=(), dtype=float64)
nll_grad  cost time: 2.984670400619507
tf.Tensor(-11320.145258382672, shape=(), dtype=float64)
nll_grad  cost time: 2.9494693279266357
tf.Tensor(-11320.195330010876, shape=(), dtype=float64)
nll_grad  cost time: 3.027815580368042
tf.Tensor(-11320.236339111245, shape=(), dtype=float64)
nll_grad  cost time: 2.9146080017089844
tf.Tensor(-11320.289283160684, shape=(), dtype=float64)
nll_grad  cost time: 2.9798038005828857
tf.Tensor(-11320.333784934253, shape=(), dtype=float64)
nll_grad  cost time: 2.8920838832855225
tf.Tensor(-11320.381729627323, shape=(), dtype=float64)
nll_grad  cost time: 2.885812759399414
tf.Tensor(-11320.429843330116, shape=(), dtype=float64)
nll_grad  cost time: 2.89247727394104
tf.Tensor(-11320.480760786188, shape=(), dtype=float64)
nll_grad  cost time: 2.7700865268707275
tf.Tensor(-11320.534475462708, shape=(), dtype=float64)
nll_grad  cost time: 2.8781967163085938
tf.Tensor(-11320.585550321595, shape=(), dtype=float64)
nll_grad  cost time: 2.7958712577819824
tf.Tensor(-11320.650960383207, shape=(), dtype=float64)
nll_grad  cost time: 2.7838897705078125
tf.Tensor(-11320.716132015272, shape=(), dtype=float64)
nll_grad  cost time: 3.0628364086151123
tf.Tensor(-11320.781466652019, shape=(), dtype=float64)
nll_grad  cost time: 3.2047698497772217
tf.Tensor(-11320.858597350563, shape=(), dtype=float64)
nll_grad  cost time: 2.857006788253784
tf.Tensor(-11320.900904707705, shape=(), dtype=float64)
nll_grad  cost time: 2.927581787109375
tf.Tensor(-11320.959164974805, shape=(), dtype=float64)
nll_grad  cost time: 2.9659342765808105
tf.Tensor(-11321.002164774889, shape=(), dtype=float64)
nll_grad  cost time: 2.8411948680877686
tf.Tensor(-11321.060629504229, shape=(), dtype=float64)
nll_grad  cost time: 2.838383913040161
tf.Tensor(-11321.137184214767, shape=(), dtype=float64)
nll_grad  cost time: 2.7166309356689453
tf.Tensor(-11321.225541226444, shape=(), dtype=float64)
nll_grad  cost time: 2.8009045124053955
tf.Tensor(-11321.306475614483, shape=(), dtype=float64)
nll_grad  cost time: 2.924647808074951
tf.Tensor(-11321.362248773794, shape=(), dtype=float64)
nll_grad  cost time: 2.9341468811035156
tf.Tensor(-11321.440498632131, shape=(), dtype=float64)
nll_grad  cost time: 2.891343355178833
tf.Tensor(-11321.55002779596, shape=(), dtype=float64)
nll_grad  cost time: 2.8502159118652344
tf.Tensor(-11321.59786293729, shape=(), dtype=float64)
nll_grad  cost time: 2.900829315185547
tf.Tensor(-11321.671096757766, shape=(), dtype=float64)
nll_grad  cost time: 2.8883795738220215
tf.Tensor(-11321.757568828923, shape=(), dtype=float64)
nll_grad  cost time: 3.029191255569458
tf.Tensor(-11321.82844355878, shape=(), dtype=float64)
nll_grad  cost time: 2.8461930751800537
tf.Tensor(-11321.905190080759, shape=(), dtype=float64)
nll_grad  cost time: 2.961369514465332
tf.Tensor(-11321.991578337544, shape=(), dtype=float64)
nll_grad  cost time: 2.8864123821258545
tf.Tensor(-11322.04119306473, shape=(), dtype=float64)
nll_grad  cost time: 2.8002824783325195
tf.Tensor(-11322.116734615416, shape=(), dtype=float64)
nll_grad  cost time: 2.7189629077911377
tf.Tensor(-11322.209047545542, shape=(), dtype=float64)
nll_grad  cost time: 2.9529800415039062
tf.Tensor(-11322.275095945553, shape=(), dtype=float64)
nll_grad  cost time: 2.822366952896118
tf.Tensor(-11322.368293741622, shape=(), dtype=float64)
nll_grad  cost time: 2.9761273860931396
tf.Tensor(-11322.452302189806, shape=(), dtype=float64)
nll_grad  cost time: 2.9190287590026855
tf.Tensor(-11322.49798026568, shape=(), dtype=float64)
nll_grad  cost time: 2.9513094425201416
tf.Tensor(-11322.568890967223, shape=(), dtype=float64)
nll_grad  cost time: 2.95511531829834
tf.Tensor(-11322.661235208521, shape=(), dtype=float64)
nll_grad  cost time: 2.7717318534851074
tf.Tensor(-11322.735035150268, shape=(), dtype=float64)
nll_grad  cost time: 3.0306015014648438
tf.Tensor(-11322.814490682898, shape=(), dtype=float64)
nll_grad  cost time: 3.0326638221740723
tf.Tensor(-11322.880098518557, shape=(), dtype=float64)
nll_grad  cost time: 2.93288254737854
tf.Tensor(-11322.964058472491, shape=(), dtype=float64)
nll_grad  cost time: 3.0057687759399414
tf.Tensor(-11323.045234325798, shape=(), dtype=float64)
nll_grad  cost time: 2.8750948905944824
tf.Tensor(-11323.156478647834, shape=(), dtype=float64)
nll_grad  cost time: 2.702272415161133
tf.Tensor(-11323.303137364035, shape=(), dtype=float64)
nll_grad  cost time: 2.739835262298584
tf.Tensor(-11323.432570529707, shape=(), dtype=float64)
nll_grad  cost time: 2.6606550216674805
tf.Tensor(-11323.514741302686, shape=(), dtype=float64)
nll_grad  cost time: 2.9147231578826904
tf.Tensor(-11323.631530473398, shape=(), dtype=float64)
nll_grad  cost time: 2.7938661575317383
tf.Tensor(-11323.803297446824, shape=(), dtype=float64)
nll_grad  cost time: 2.9327218532562256
tf.Tensor(-11323.894476186962, shape=(), dtype=float64)
nll_grad  cost time: 2.9055309295654297
tf.Tensor(-11324.025541169138, shape=(), dtype=float64)
nll_grad  cost time: 2.946909189224243
tf.Tensor(-11324.14465409844, shape=(), dtype=float64)
nll_grad  cost time: 3.0484488010406494
tf.Tensor(-11324.245807087815, shape=(), dtype=float64)
nll_grad  cost time: 2.968733549118042
tf.Tensor(-11324.368343793243, shape=(), dtype=float64)
nll_grad  cost time: 2.86673641204834
tf.Tensor(-11324.50994378438, shape=(), dtype=float64)
nll_grad  cost time: 2.8989734649658203
tf.Tensor(-11324.645924771701, shape=(), dtype=float64)
nll_grad  cost time: 2.83762264251709
tf.Tensor(-11324.77443441356, shape=(), dtype=float64)
nll_grad  cost time: 2.8056583404541016
tf.Tensor(-11324.86893776411, shape=(), dtype=float64)
nll_grad  cost time: 2.7803688049316406
tf.Tensor(-11324.910944094925, shape=(), dtype=float64)
nll_grad  cost time: 2.7120485305786133
tf.Tensor(-11324.981155707808, shape=(), dtype=float64)
nll_grad  cost time: 2.7255194187164307
tf.Tensor(-11325.092239014748, shape=(), dtype=float64)
nll_grad  cost time: 2.797633171081543
tf.Tensor(-11325.163662781002, shape=(), dtype=float64)
nll_grad  cost time: 3.055401563644409
tf.Tensor(-11325.239135350266, shape=(), dtype=float64)
nll_grad  cost time: 2.9131152629852295
tf.Tensor(-11325.273864061064, shape=(), dtype=float64)
nll_grad  cost time: 2.720301389694214
tf.Tensor(-11325.325934357443, shape=(), dtype=float64)
nll_grad  cost time: 2.779020071029663
tf.Tensor(-11325.39466948961, shape=(), dtype=float64)
nll_grad  cost time: 3.00236439704895
tf.Tensor(-11325.422833986404, shape=(), dtype=float64)
nll_grad  cost time: 3.1442441940307617
tf.Tensor(-11325.467097897372, shape=(), dtype=float64)
nll_grad  cost time: 3.074970006942749
tf.Tensor(-11325.528459688594, shape=(), dtype=float64)
nll_grad  cost time: 3.0008723735809326
tf.Tensor(-11325.592382188654, shape=(), dtype=float64)
nll_grad  cost time: 2.9416234493255615
tf.Tensor(-11325.64036218096, shape=(), dtype=float64)
nll_grad  cost time: 2.7822961807250977
tf.Tensor(-11325.709659731889, shape=(), dtype=float64)
nll_grad  cost time: 2.879054546356201
tf.Tensor(-11325.79247885904, shape=(), dtype=float64)
nll_grad  cost time: 3.0468947887420654
tf.Tensor(-11325.83207670596, shape=(), dtype=float64)
nll_grad  cost time: 2.8327479362487793
tf.Tensor(-11325.852856530757, shape=(), dtype=float64)
nll_grad  cost time: 2.795520544052124
tf.Tensor(-11325.88598769674, shape=(), dtype=float64)
nll_grad  cost time: 2.910592555999756
tf.Tensor(-11325.931674684365, shape=(), dtype=float64)
nll_grad  cost time: 2.927527904510498
tf.Tensor(-11325.969125014291, shape=(), dtype=float64)
nll_grad  cost time: 2.81170916557312
tf.Tensor(-11326.006908709436, shape=(), dtype=float64)
nll_grad  cost time: 2.887464761734009
tf.Tensor(-11326.04408772257, shape=(), dtype=float64)
nll_grad  cost time: 2.9114511013031006
tf.Tensor(-11326.076350395853, shape=(), dtype=float64)
nll_grad  cost time: 2.907557487487793
tf.Tensor(-11326.103436271911, shape=(), dtype=float64)
nll_grad  cost time: 2.8060760498046875
tf.Tensor(-11326.141666171286, shape=(), dtype=float64)
nll_grad  cost time: 2.976097583770752
tf.Tensor(-11326.188715783037, shape=(), dtype=float64)
nll_grad  cost time: 2.84053373336792
tf.Tensor(-11326.217391941236, shape=(), dtype=float64)
nll_grad  cost time: 2.912789821624756
tf.Tensor(-11326.240423480715, shape=(), dtype=float64)
nll_grad  cost time: 2.86909556388855
tf.Tensor(-11326.268149407579, shape=(), dtype=float64)
nll_grad  cost time: 2.8234286308288574
tf.Tensor(-11326.295553000391, shape=(), dtype=float64)
nll_grad  cost time: 3.04883074760437
tf.Tensor(-11326.326927531598, shape=(), dtype=float64)
nll_grad  cost time: 2.8931334018707275
tf.Tensor(-11326.364164871213, shape=(), dtype=float64)
nll_grad  cost time: 3.0663044452667236
tf.Tensor(-11326.4098608374, shape=(), dtype=float64)
nll_grad  cost time: 2.944572925567627
tf.Tensor(-11326.448419186549, shape=(), dtype=float64)
nll_grad  cost time: 3.047656774520874
tf.Tensor(-11326.498139780124, shape=(), dtype=float64)
nll_grad  cost time: 3.0753843784332275
tf.Tensor(-11326.568707148777, shape=(), dtype=float64)
nll_grad  cost time: 3.1207239627838135
tf.Tensor(-11326.631300177789, shape=(), dtype=float64)
nll_grad  cost time: 3.13175630569458
tf.Tensor(-11326.686746569123, shape=(), dtype=float64)
nll_grad  cost time: 2.964914083480835
tf.Tensor(-11326.741315715732, shape=(), dtype=float64)
nll_grad  cost time: 2.9125964641571045
tf.Tensor(-11326.79733266894, shape=(), dtype=float64)
nll_grad  cost time: 2.879483222961426
tf.Tensor(-11326.860023381252, shape=(), dtype=float64)
nll_grad  cost time: 2.996131181716919
tf.Tensor(-11326.909770856519, shape=(), dtype=float64)
nll_grad  cost time: 2.753103017807007
tf.Tensor(-11326.98028134424, shape=(), dtype=float64)
nll_grad  cost time: 2.8553128242492676
tf.Tensor(-11327.073540399113, shape=(), dtype=float64)
nll_grad  cost time: 2.907087802886963
tf.Tensor(-11327.139892637204, shape=(), dtype=float64)
nll_grad  cost time: 2.8402769565582275
tf.Tensor(-11327.19758390706, shape=(), dtype=float64)
nll_grad  cost time: 3.047529697418213
tf.Tensor(-11327.234653313564, shape=(), dtype=float64)
nll_grad  cost time: 2.9457054138183594
tf.Tensor(-11327.284632042842, shape=(), dtype=float64)
nll_grad  cost time: 2.830576181411743
tf.Tensor(-11327.332163660396, shape=(), dtype=float64)
nll_grad  cost time: 2.860959053039551
tf.Tensor(-11327.368793944484, shape=(), dtype=float64)
nll_grad  cost time: 2.9089133739471436
tf.Tensor(-11327.421326314645, shape=(), dtype=float64)
nll_grad  cost time: 2.9302642345428467
tf.Tensor(-11327.467861754927, shape=(), dtype=float64)
nll_grad  cost time: 2.7771148681640625
tf.Tensor(-11327.504383483809, shape=(), dtype=float64)
nll_grad  cost time: 2.8063480854034424
tf.Tensor(-11327.548651219813, shape=(), dtype=float64)
nll_grad  cost time: 2.8694252967834473
tf.Tensor(-11327.592226413775, shape=(), dtype=float64)
nll_grad  cost time: 2.892791986465454
tf.Tensor(-11327.626178165909, shape=(), dtype=float64)
nll_grad  cost time: 2.9945807456970215
tf.Tensor(-11327.653279341235, shape=(), dtype=float64)
nll_grad  cost time: 2.9013330936431885
tf.Tensor(-11327.677324664224, shape=(), dtype=float64)
nll_grad  cost time: 2.987049102783203
tf.Tensor(-11327.702000420284, shape=(), dtype=float64)
nll_grad  cost time: 2.9210567474365234
tf.Tensor(-11327.728935228075, shape=(), dtype=float64)
nll_grad  cost time: 2.9760966300964355
tf.Tensor(-11327.75513805331, shape=(), dtype=float64)
nll_grad  cost time: 2.911219358444214
tf.Tensor(-11327.78213954295, shape=(), dtype=float64)
nll_grad  cost time: 2.8006861209869385
tf.Tensor(-11327.802708175741, shape=(), dtype=float64)
nll_grad  cost time: 2.9603469371795654
tf.Tensor(-11327.81525602587, shape=(), dtype=float64)
nll_grad  cost time: 2.9447855949401855
tf.Tensor(-11327.831177006567, shape=(), dtype=float64)
nll_grad  cost time: 2.8309755325317383
tf.Tensor(-11327.848318870327, shape=(), dtype=float64)
nll_grad  cost time: 2.963827133178711
tf.Tensor(-11327.868307878429, shape=(), dtype=float64)
nll_grad  cost time: 2.9715497493743896
tf.Tensor(-11327.89703227785, shape=(), dtype=float64)
nll_grad  cost time: 2.9999284744262695
tf.Tensor(-11327.930645379602, shape=(), dtype=float64)
nll_grad  cost time: 2.945493459701538
tf.Tensor(-11327.957322013672, shape=(), dtype=float64)
nll_grad  cost time: 2.8333301544189453
tf.Tensor(-11327.990391831163, shape=(), dtype=float64)
nll_grad  cost time: 2.9012110233306885
tf.Tensor(-11328.027194794364, shape=(), dtype=float64)
nll_grad  cost time: 3.0379269123077393
tf.Tensor(-11328.051645899468, shape=(), dtype=float64)
nll_grad  cost time: 2.8378043174743652
tf.Tensor(-11328.080931329992, shape=(), dtype=float64)
nll_grad  cost time: 3.0614755153656006
tf.Tensor(-11328.107494102249, shape=(), dtype=float64)
nll_grad  cost time: 2.8255245685577393
tf.Tensor(-11328.128478019584, shape=(), dtype=float64)
nll_grad  cost time: 2.8656504154205322
tf.Tensor(-11328.15075183238, shape=(), dtype=float64)
nll_grad  cost time: 2.891890287399292
tf.Tensor(-11328.175379265826, shape=(), dtype=float64)
nll_grad  cost time: 2.790093183517456
tf.Tensor(-11328.205226002488, shape=(), dtype=float64)
nll_grad  cost time: 2.7988855838775635
tf.Tensor(-11328.235545707366, shape=(), dtype=float64)
nll_grad  cost time: 2.7761988639831543
tf.Tensor(-11328.260591087888, shape=(), dtype=float64)
nll_grad  cost time: 2.9722299575805664
tf.Tensor(-11328.281086621686, shape=(), dtype=float64)
nll_grad  cost time: 2.75717830657959
tf.Tensor(-11328.303598698029, shape=(), dtype=float64)
nll_grad  cost time: 2.888845443725586
tf.Tensor(-11328.326820692258, shape=(), dtype=float64)
nll_grad  cost time: 3.0681283473968506
tf.Tensor(-11328.346692736264, shape=(), dtype=float64)
nll_grad  cost time: 3.0445854663848877
tf.Tensor(-11328.360832714543, shape=(), dtype=float64)
nll_grad  cost time: 2.9266858100891113
tf.Tensor(-11328.374283479938, shape=(), dtype=float64)
nll_grad  cost time: 3.0614590644836426
tf.Tensor(-11328.389306841571, shape=(), dtype=float64)
nll_grad  cost time: 3.0332140922546387
tf.Tensor(-11328.40649970279, shape=(), dtype=float64)
nll_grad  cost time: 2.9391939640045166
tf.Tensor(-11328.427349189826, shape=(), dtype=float64)
nll_grad  cost time: 2.9113926887512207
tf.Tensor(-11328.449134289307, shape=(), dtype=float64)
nll_grad  cost time: 2.808791399002075
tf.Tensor(-11328.47748177464, shape=(), dtype=float64)
nll_grad  cost time: 2.908648729324341
tf.Tensor(-11328.51157922337, shape=(), dtype=float64)
nll_grad  cost time: 2.7727439403533936
tf.Tensor(-11328.547373720601, shape=(), dtype=float64)
nll_grad  cost time: 2.755263090133667
tf.Tensor(-11328.58757614852, shape=(), dtype=float64)
nll_grad  cost time: 2.695915460586548
tf.Tensor(-11328.619809467053, shape=(), dtype=float64)
nll_grad  cost time: 2.7060649394989014
tf.Tensor(-11328.64975506033, shape=(), dtype=float64)
nll_grad  cost time: 3.0409841537475586
tf.Tensor(-11328.664465486656, shape=(), dtype=float64)
nll_grad  cost time: 3.004317045211792
tf.Tensor(-11328.684143373519, shape=(), dtype=float64)
nll_grad  cost time: 2.8944101333618164
tf.Tensor(-11328.706587088362, shape=(), dtype=float64)
nll_grad  cost time: 3.1204464435577393
tf.Tensor(-11328.725096696518, shape=(), dtype=float64)
nll_grad  cost time: 2.7242431640625
tf.Tensor(-11328.747443741027, shape=(), dtype=float64)
nll_grad  cost time: 2.756697654724121
tf.Tensor(-11328.772728159543, shape=(), dtype=float64)
nll_grad  cost time: 2.9396727085113525
tf.Tensor(-11328.791458658836, shape=(), dtype=float64)
nll_grad  cost time: 2.8426425457000732
tf.Tensor(-11328.81003399494, shape=(), dtype=float64)
nll_grad  cost time: 2.7232160568237305
tf.Tensor(-11328.825581704252, shape=(), dtype=float64)
nll_grad  cost time: 2.882455587387085
tf.Tensor(-11328.844344111934, shape=(), dtype=float64)
nll_grad  cost time: 2.938141107559204
tf.Tensor(-11328.867481095696, shape=(), dtype=float64)
nll_grad  cost time: 2.968247890472412
tf.Tensor(-11328.890933232942, shape=(), dtype=float64)
nll_grad  cost time: 2.8985273838043213
tf.Tensor(-11328.916514258723, shape=(), dtype=float64)
nll_grad  cost time: 2.8662540912628174
tf.Tensor(-11328.939266531914, shape=(), dtype=float64)
nll_grad  cost time: 2.824556350708008
tf.Tensor(-11328.95352852282, shape=(), dtype=float64)
nll_grad  cost time: 2.854992151260376
tf.Tensor(-11328.964419661243, shape=(), dtype=float64)
nll_grad  cost time: 2.9773051738739014
tf.Tensor(-11328.977708761917, shape=(), dtype=float64)
nll_grad  cost time: 2.881908893585205
tf.Tensor(-11328.995740711955, shape=(), dtype=float64)
nll_grad  cost time: 2.851111650466919
tf.Tensor(-11329.016399196415, shape=(), dtype=float64)
nll_grad  cost time: 2.7100412845611572
tf.Tensor(-11329.040225095046, shape=(), dtype=float64)
nll_grad  cost time: 2.855926275253296
tf.Tensor(-11329.066190589334, shape=(), dtype=float64)
nll_grad  cost time: 2.9263737201690674
tf.Tensor(-11329.088284294878, shape=(), dtype=float64)
nll_grad  cost time: 2.7310938835144043
tf.Tensor(-11329.10431474925, shape=(), dtype=float64)
nll_grad  cost time: 2.715066909790039
tf.Tensor(-11329.120875412747, shape=(), dtype=float64)
nll_grad  cost time: 2.9200310707092285
tf.Tensor(-11329.136468392628, shape=(), dtype=float64)
nll_grad  cost time: 2.956392765045166
tf.Tensor(-11329.14805738586, shape=(), dtype=float64)
nll_grad  cost time: 2.8431854248046875
tf.Tensor(-11329.161755087673, shape=(), dtype=float64)
nll_grad  cost time: 2.805589199066162
tf.Tensor(-11329.178906221203, shape=(), dtype=float64)
nll_grad  cost time: 2.7611029148101807
tf.Tensor(-11329.194843319134, shape=(), dtype=float64)
nll_grad  cost time: 2.975322961807251
tf.Tensor(-11329.204609851155, shape=(), dtype=float64)
nll_grad  cost time: 2.980618953704834
tf.Tensor(-11329.218020328002, shape=(), dtype=float64)
nll_grad  cost time: 2.882138252258301
tf.Tensor(-11329.23195266131, shape=(), dtype=float64)
nll_grad  cost time: 3.011460065841675
tf.Tensor(-11329.244250326206, shape=(), dtype=float64)
nll_grad  cost time: 2.8434600830078125
tf.Tensor(-11329.259322667305, shape=(), dtype=float64)
nll_grad  cost time: 3.0246005058288574
tf.Tensor(-11329.27639873346, shape=(), dtype=float64)
nll_grad  cost time: 2.9086380004882812
tf.Tensor(-11329.28893383612, shape=(), dtype=float64)
nll_grad  cost time: 2.9866254329681396
tf.Tensor(-11329.305772048949, shape=(), dtype=float64)
nll_grad  cost time: 2.89583158493042
tf.Tensor(-11329.320222783388, shape=(), dtype=float64)
nll_grad  cost time: 2.924623727798462
tf.Tensor(-11329.329450550362, shape=(), dtype=float64)
nll_grad  cost time: 2.784780979156494
tf.Tensor(-11329.337365743957, shape=(), dtype=float64)
nll_grad  cost time: 3.1632134914398193
tf.Tensor(-11329.348431449036, shape=(), dtype=float64)
nll_grad  cost time: 2.7169189453125
tf.Tensor(-11329.365873808872, shape=(), dtype=float64)
nll_grad  cost time: 2.9409971237182617
tf.Tensor(-11329.392397421558, shape=(), dtype=float64)
nll_grad  cost time: 2.8502261638641357
tf.Tensor(-11329.424150797591, shape=(), dtype=float64)
nll_grad  cost time: 2.779838800430298
tf.Tensor(-11329.449114505394, shape=(), dtype=float64)
nll_grad  cost time: 2.8643879890441895
tf.Tensor(-11329.47724630171, shape=(), dtype=float64)
nll_grad  cost time: 2.7275710105895996
tf.Tensor(-11329.501042002406, shape=(), dtype=float64)
nll_grad  cost time: 2.740652561187744
tf.Tensor(-11329.515004850298, shape=(), dtype=float64)
nll_grad  cost time: 2.7981016635894775
tf.Tensor(-11329.531853053728, shape=(), dtype=float64)
nll_grad  cost time: 2.8067128658294678
tf.Tensor(-11329.555818890272, shape=(), dtype=float64)
nll_grad  cost time: 2.8163132667541504
tf.Tensor(-11329.584497323935, shape=(), dtype=float64)
nll_grad  cost time: 2.842910051345825
tf.Tensor(-11329.602174405707, shape=(), dtype=float64)
nll_grad  cost time: 2.9717791080474854
tf.Tensor(-11329.619841976706, shape=(), dtype=float64)
nll_grad  cost time: 2.8778913021087646
tf.Tensor(-11329.634987691365, shape=(), dtype=float64)
nll_grad  cost time: 2.914828300476074
tf.Tensor(-11329.645861436506, shape=(), dtype=float64)
nll_grad  cost time: 2.8837902545928955
tf.Tensor(-11329.654300817307, shape=(), dtype=float64)
nll_grad  cost time: 2.932281017303467
tf.Tensor(-11329.660458139482, shape=(), dtype=float64)
nll_grad  cost time: 2.9764459133148193
tf.Tensor(-11329.666338444358, shape=(), dtype=float64)
nll_grad  cost time: 2.738574743270874
tf.Tensor(-11329.673939764274, shape=(), dtype=float64)
nll_grad  cost time: 2.9423365592956543
tf.Tensor(-11329.684297825186, shape=(), dtype=float64)
nll_grad  cost time: 2.7809221744537354
tf.Tensor(-11329.691852028873, shape=(), dtype=float64)
nll_grad  cost time: 2.7977263927459717
tf.Tensor(-11329.697631052637, shape=(), dtype=float64)
nll_grad  cost time: 2.855602979660034
tf.Tensor(-11329.703568267334, shape=(), dtype=float64)
nll_grad  cost time: 2.9562699794769287
tf.Tensor(-11329.709347830076, shape=(), dtype=float64)
nll_grad  cost time: 2.917186975479126
tf.Tensor(-11329.714319372057, shape=(), dtype=float64)
nll_grad  cost time: 2.914716958999634
tf.Tensor(-11329.720171815508, shape=(), dtype=float64)
nll_grad  cost time: 2.8594298362731934
tf.Tensor(-11329.724291602854, shape=(), dtype=float64)
nll_grad  cost time: 2.990379810333252
tf.Tensor(-11329.727967408711, shape=(), dtype=float64)
nll_grad  cost time: 2.943052291870117
tf.Tensor(-11329.732133204794, shape=(), dtype=float64)
nll_grad  cost time: 2.8429789543151855
tf.Tensor(-11329.737162322292, shape=(), dtype=float64)
nll_grad  cost time: 2.9019038677215576
tf.Tensor(-11329.742399863093, shape=(), dtype=float64)
nll_grad  cost time: 3.0622873306274414
tf.Tensor(-11329.747586074694, shape=(), dtype=float64)
nll_grad  cost time: 2.982781171798706
tf.Tensor(-11329.752893580917, shape=(), dtype=float64)
nll_grad  cost time: 2.8995115756988525
tf.Tensor(-11329.758891590167, shape=(), dtype=float64)
nll_grad  cost time: 2.945951461791992
tf.Tensor(-11329.765223346905, shape=(), dtype=float64)
nll_grad  cost time: 2.8145508766174316
tf.Tensor(-11329.770198391392, shape=(), dtype=float64)
nll_grad  cost time: 2.8153514862060547
tf.Tensor(-11329.77359567672, shape=(), dtype=float64)
nll_grad  cost time: 2.7486839294433594
tf.Tensor(-11329.776502765522, shape=(), dtype=float64)
nll_grad  cost time: 2.8856797218322754
tf.Tensor(-11329.77973652156, shape=(), dtype=float64)
nll_grad  cost time: 2.821974277496338
tf.Tensor(-11329.78313559902, shape=(), dtype=float64)
nll_grad  cost time: 2.985499858856201
tf.Tensor(-11329.78622475042, shape=(), dtype=float64)
nll_grad  cost time: 2.9309892654418945
tf.Tensor(-11329.78893766157, shape=(), dtype=float64)
nll_grad  cost time: 2.9911532402038574
tf.Tensor(-11329.791847434562, shape=(), dtype=float64)
nll_grad  cost time: 3.1190345287323
tf.Tensor(-11329.79576021653, shape=(), dtype=float64)
nll_grad  cost time: 3.0773191452026367
tf.Tensor(-11329.800578102628, shape=(), dtype=float64)
nll_grad  cost time: 2.7976856231689453
tf.Tensor(-11329.805678104623, shape=(), dtype=float64)
nll_grad  cost time: 2.980226993560791
tf.Tensor(-11329.81077831975, shape=(), dtype=float64)
nll_grad  cost time: 2.8063204288482666
tf.Tensor(-11329.816162345875, shape=(), dtype=float64)
nll_grad  cost time: 2.8783364295959473
tf.Tensor(-11329.822913144168, shape=(), dtype=float64)
nll_grad  cost time: 2.836221933364868
tf.Tensor(-11329.831176987102, shape=(), dtype=float64)
nll_grad  cost time: 2.765915632247925
tf.Tensor(-11329.839467576656, shape=(), dtype=float64)
nll_grad  cost time: 2.7256908416748047
tf.Tensor(-11329.846116978792, shape=(), dtype=float64)
nll_grad  cost time: 2.9455137252807617
tf.Tensor(-11329.852745769147, shape=(), dtype=float64)
nll_grad  cost time: 2.855436325073242
tf.Tensor(-11329.861327372277, shape=(), dtype=float64)
nll_grad  cost time: 2.882955312728882
tf.Tensor(-11329.87121996477, shape=(), dtype=float64)
nll_grad  cost time: 2.8268909454345703
tf.Tensor(-11329.88124675816, shape=(), dtype=float64)
nll_grad  cost time: 2.8955533504486084
tf.Tensor(-11329.888930207726, shape=(), dtype=float64)
nll_grad  cost time: 2.8645644187927246
tf.Tensor(-11329.896377825315, shape=(), dtype=float64)
nll_grad  cost time: 2.8570969104766846
tf.Tensor(-11329.906362724016, shape=(), dtype=float64)
nll_grad  cost time: 2.8736517429351807
tf.Tensor(-11329.920780090051, shape=(), dtype=float64)
nll_grad  cost time: 2.7462728023529053
tf.Tensor(-11329.934664070679, shape=(), dtype=float64)
nll_grad  cost time: 2.9357411861419678
tf.Tensor(-11329.946106918705, shape=(), dtype=float64)
nll_grad  cost time: 2.9568121433258057
tf.Tensor(-11329.96086308301, shape=(), dtype=float64)
nll_grad  cost time: 3.006060838699341
tf.Tensor(-11329.97698238747, shape=(), dtype=float64)
nll_grad  cost time: 2.8921701908111572
tf.Tensor(-11329.993974359799, shape=(), dtype=float64)
nll_grad  cost time: 2.9392104148864746
tf.Tensor(-11330.007996096647, shape=(), dtype=float64)
nll_grad  cost time: 2.815324306488037
tf.Tensor(-11330.022520024117, shape=(), dtype=float64)
nll_grad  cost time: 2.8846259117126465
tf.Tensor(-11330.039748101159, shape=(), dtype=float64)
nll_grad  cost time: 2.861074686050415
tf.Tensor(-11330.060269418122, shape=(), dtype=float64)
nll_grad  cost time: 2.8878555297851562
tf.Tensor(-11330.074157097453, shape=(), dtype=float64)
nll_grad  cost time: 2.884589433670044
tf.Tensor(-11330.087406211915, shape=(), dtype=float64)
nll_grad  cost time: 2.7381093502044678
tf.Tensor(-11330.097797648888, shape=(), dtype=float64)
nll_grad  cost time: 2.805880069732666
tf.Tensor(-11330.112401167862, shape=(), dtype=float64)
nll_grad  cost time: 2.787491798400879
tf.Tensor(-11330.127356211966, shape=(), dtype=float64)
nll_grad  cost time: 2.8272340297698975
tf.Tensor(-11330.14507752312, shape=(), dtype=float64)
nll_grad  cost time: 2.9430198669433594
tf.Tensor(-11330.155387643585, shape=(), dtype=float64)
nll_grad  cost time: 2.8496763706207275
tf.Tensor(-11330.169504174492, shape=(), dtype=float64)
nll_grad  cost time: 2.8149232864379883
tf.Tensor(-11330.180544965546, shape=(), dtype=float64)
nll_grad  cost time: 2.8235061168670654
tf.Tensor(-11330.190277596483, shape=(), dtype=float64)
nll_grad  cost time: 3.215893507003784
tf.Tensor(-11330.20582220937, shape=(), dtype=float64)
nll_grad  cost time: 2.931565284729004
tf.Tensor(-11330.228710067473, shape=(), dtype=float64)
nll_grad  cost time: 2.788414716720581
tf.Tensor(-11330.250201020408, shape=(), dtype=float64)
nll_grad  cost time: 2.793657064437866
tf.Tensor(-11330.262452731255, shape=(), dtype=float64)
nll_grad  cost time: 2.9320507049560547
tf.Tensor(-11330.272345716632, shape=(), dtype=float64)
nll_grad  cost time: 2.755901336669922
tf.Tensor(-11330.281466125522, shape=(), dtype=float64)
nll_grad  cost time: 2.866166353225708
tf.Tensor(-11330.290878334734, shape=(), dtype=float64)
nll_grad  cost time: 2.7584824562072754
tf.Tensor(-11330.300955752584, shape=(), dtype=float64)
nll_grad  cost time: 2.7413012981414795
tf.Tensor(-11330.311315162025, shape=(), dtype=float64)
nll_grad  cost time: 2.8798789978027344
tf.Tensor(-11330.326268756271, shape=(), dtype=float64)
nll_grad  cost time: 2.8794472217559814
tf.Tensor(-11330.347582608636, shape=(), dtype=float64)
nll_grad  cost time: 2.808952808380127
tf.Tensor(-11330.358764763036, shape=(), dtype=float64)
nll_grad  cost time: 2.826662063598633
tf.Tensor(-11330.369115949854, shape=(), dtype=float64)
nll_grad  cost time: 2.7843613624572754
tf.Tensor(-11330.37992849391, shape=(), dtype=float64)
nll_grad  cost time: 2.7631936073303223
tf.Tensor(-11330.393387658383, shape=(), dtype=float64)
nll_grad  cost time: 2.8049705028533936
tf.Tensor(-11330.40532063356, shape=(), dtype=float64)
nll_grad  cost time: 2.839073896408081
tf.Tensor(-11330.418597598828, shape=(), dtype=float64)
nll_grad  cost time: 2.860841751098633
tf.Tensor(-11330.433537351619, shape=(), dtype=float64)
nll_grad  cost time: 2.8057072162628174
tf.Tensor(-11330.446979705286, shape=(), dtype=float64)
nll_grad  cost time: 2.7437236309051514
tf.Tensor(-11330.458408188584, shape=(), dtype=float64)
nll_grad  cost time: 2.8461968898773193
tf.Tensor(-11330.4717550985, shape=(), dtype=float64)
nll_grad  cost time: 2.761060953140259
tf.Tensor(-11330.486255575317, shape=(), dtype=float64)
nll_grad  cost time: 2.829227924346924
tf.Tensor(-11330.496842191857, shape=(), dtype=float64)
nll_grad  cost time: 2.695807695388794
tf.Tensor(-11330.506207594668, shape=(), dtype=float64)
nll_grad  cost time: 2.8212549686431885
tf.Tensor(-11330.515383029464, shape=(), dtype=float64)
nll_grad  cost time: 2.7787904739379883
tf.Tensor(-11330.523375234487, shape=(), dtype=float64)
nll_grad  cost time: 2.770620584487915
tf.Tensor(-11330.530351893549, shape=(), dtype=float64)
nll_grad  cost time: 2.943061351776123
tf.Tensor(-11330.536869344538, shape=(), dtype=float64)
nll_grad  cost time: 2.833381414413452
tf.Tensor(-11330.542143752078, shape=(), dtype=float64)
nll_grad  cost time: 2.8789608478546143
tf.Tensor(-11330.547802080351, shape=(), dtype=float64)
nll_grad  cost time: 2.8621089458465576
tf.Tensor(-11330.55505088535, shape=(), dtype=float64)
nll_grad  cost time: 2.824605941772461
tf.Tensor(-11330.564452356457, shape=(), dtype=float64)
nll_grad  cost time: 2.854802131652832
tf.Tensor(-11330.5780139556, shape=(), dtype=float64)
nll_grad  cost time: 2.951794147491455
tf.Tensor(-11330.592619942545, shape=(), dtype=float64)
nll_grad  cost time: 2.822542190551758
tf.Tensor(-11330.605993403253, shape=(), dtype=float64)
nll_grad  cost time: 2.7779736518859863
tf.Tensor(-11330.615869914265, shape=(), dtype=float64)
nll_grad  cost time: 2.7999954223632812
tf.Tensor(-11330.626380683658, shape=(), dtype=float64)
nll_grad  cost time: 2.875572443008423
tf.Tensor(-11330.638606055421, shape=(), dtype=float64)
nll_grad  cost time: 2.9804327487945557
tf.Tensor(-11330.655996403786, shape=(), dtype=float64)
nll_grad  cost time: 2.8615682125091553
tf.Tensor(-11330.683050629716, shape=(), dtype=float64)
nll_grad  cost time: 2.895146608352661
tf.Tensor(-11330.719914298352, shape=(), dtype=float64)
nll_grad  cost time: 2.819141387939453
tf.Tensor(-11330.75032599968, shape=(), dtype=float64)
nll_grad  cost time: 2.7627577781677246
tf.Tensor(-11330.769822653308, shape=(), dtype=float64)
nll_grad  cost time: 2.9770262241363525
tf.Tensor(-11330.798811400427, shape=(), dtype=float64)
nll_grad  cost time: 2.8240981101989746
tf.Tensor(-11330.826399883494, shape=(), dtype=float64)
nll_grad  cost time: 2.8792924880981445
tf.Tensor(-11330.85312163643, shape=(), dtype=float64)
nll_grad  cost time: 2.962724447250366
tf.Tensor(-11330.875331156138, shape=(), dtype=float64)
nll_grad  cost time: 2.833906650543213
tf.Tensor(-11330.904448955449, shape=(), dtype=float64)
nll_grad  cost time: 2.977090835571289
tf.Tensor(-11330.942713585831, shape=(), dtype=float64)
nll_grad  cost time: 2.8989686965942383
tf.Tensor(-11330.981957307637, shape=(), dtype=float64)
nll_grad  cost time: 2.7795355319976807
tf.Tensor(-11331.02348337949, shape=(), dtype=float64)
nll_grad  cost time: 2.7780301570892334
tf.Tensor(-11331.073025483951, shape=(), dtype=float64)
nll_grad  cost time: 2.830686569213867
tf.Tensor(-11331.136556104208, shape=(), dtype=float64)
nll_grad  cost time: 2.9112024307250977
tf.Tensor(-11331.163364788672, shape=(), dtype=float64)
nll_grad  cost time: 2.7945809364318848
tf.Tensor(-11331.203147843113, shape=(), dtype=float64)
nll_grad  cost time: 2.8835270404815674
tf.Tensor(-11331.2462027758, shape=(), dtype=float64)
nll_grad  cost time: 2.8702592849731445
nll_grad  cost time: 2.77036714553833
tf.Tensor(-11331.265241607463, shape=(), dtype=float64)
nll_grad  cost time: 2.8407301902770996
tf.Tensor(-11331.289569593335, shape=(), dtype=float64)
nll_grad  cost time: 2.878811836242676
tf.Tensor(-11331.320268507456, shape=(), dtype=float64)
nll_grad  cost time: 2.9929168224334717
tf.Tensor(-11331.34163747036, shape=(), dtype=float64)
nll_grad  cost time: 2.7238855361938477
tf.Tensor(-11331.37184640124, shape=(), dtype=float64)
nll_grad  cost time: 2.849443197250366
tf.Tensor(-11331.405705189272, shape=(), dtype=float64)
nll_grad  cost time: 2.8492627143859863
tf.Tensor(-11331.422836834641, shape=(), dtype=float64)
nll_grad  cost time: 2.949415445327759
tf.Tensor(-11331.446144761627, shape=(), dtype=float64)
nll_grad  cost time: 2.927494525909424
tf.Tensor(-11331.469093688846, shape=(), dtype=float64)
nll_grad  cost time: 3.140179395675659
tf.Tensor(-11331.486196011989, shape=(), dtype=float64)
nll_grad  cost time: 2.8876752853393555
tf.Tensor(-11331.492605132851, shape=(), dtype=float64)
nll_grad  cost time: 2.8493869304656982
tf.Tensor(-11331.50297455982, shape=(), dtype=float64)
nll_grad  cost time: 2.995481491088867
tf.Tensor(-11331.518366448918, shape=(), dtype=float64)
nll_grad  cost time: 2.944133996963501
tf.Tensor(-11331.531986074422, shape=(), dtype=float64)
nll_grad  cost time: 2.877370834350586
tf.Tensor(-11331.545257365708, shape=(), dtype=float64)
nll_grad  cost time: 2.9341342449188232
tf.Tensor(-11331.562894292076, shape=(), dtype=float64)
nll_grad  cost time: 2.9817118644714355
tf.Tensor(-11331.589942634586, shape=(), dtype=float64)
nll_grad  cost time: 3.0764944553375244
tf.Tensor(-11331.623197946707, shape=(), dtype=float64)
nll_grad  cost time: 3.161470890045166
tf.Tensor(-11331.648347507267, shape=(), dtype=float64)
nll_grad  cost time: 3.119973659515381
tf.Tensor(-11331.672332740289, shape=(), dtype=float64)
nll_grad  cost time: 2.9764788150787354
tf.Tensor(-11331.707214017351, shape=(), dtype=float64)
nll_grad  cost time: 2.9713943004608154
tf.Tensor(-11331.751963675977, shape=(), dtype=float64)
nll_grad  cost time: 2.9745981693267822
tf.Tensor(-11331.791847314144, shape=(), dtype=float64)
nll_grad  cost time: 2.786746025085449
tf.Tensor(-11331.842838488883, shape=(), dtype=float64)
nll_grad  cost time: 2.9852449893951416
tf.Tensor(-11331.895567428155, shape=(), dtype=float64)
nll_grad  cost time: 2.9083354473114014
tf.Tensor(-11331.944175273711, shape=(), dtype=float64)
nll_grad  cost time: 2.748664140701294
tf.Tensor(-11331.970839320562, shape=(), dtype=float64)
nll_grad  cost time: 3.0056190490722656
tf.Tensor(-11332.006142966022, shape=(), dtype=float64)
nll_grad  cost time: 2.9149580001831055
tf.Tensor(-11332.030723101623, shape=(), dtype=float64)
nll_grad  cost time: 2.966958999633789
tf.Tensor(-11332.055919991739, shape=(), dtype=float64)
nll_grad  cost time: 2.956472158432007
tf.Tensor(-11332.079901025478, shape=(), dtype=float64)
nll_grad  cost time: 2.8867952823638916
tf.Tensor(-11332.100455134681, shape=(), dtype=float64)
nll_grad  cost time: 2.9348604679107666
tf.Tensor(-11332.126048013524, shape=(), dtype=float64)
nll_grad  cost time: 2.985194683074951
tf.Tensor(-11332.146236917675, shape=(), dtype=float64)
nll_grad  cost time: 3.0732474327087402
tf.Tensor(-11332.170278113696, shape=(), dtype=float64)
nll_grad  cost time: 2.897343397140503
tf.Tensor(-11332.19838534265, shape=(), dtype=float64)
nll_grad  cost time: 2.795783758163452
tf.Tensor(-11332.220796357182, shape=(), dtype=float64)
nll_grad  cost time: 2.7450690269470215
tf.Tensor(-11332.24870178656, shape=(), dtype=float64)
nll_grad  cost time: 2.7839479446411133
tf.Tensor(-11332.276214711417, shape=(), dtype=float64)
nll_grad  cost time: 2.826653242111206
tf.Tensor(-11332.30513829449, shape=(), dtype=float64)
nll_grad  cost time: 2.9540493488311768
tf.Tensor(-11332.330528665601, shape=(), dtype=float64)
nll_grad  cost time: 2.9036548137664795
tf.Tensor(-11332.34654355514, shape=(), dtype=float64)
nll_grad  cost time: 3.0545027256011963
tf.Tensor(-11332.3654826973, shape=(), dtype=float64)
nll_grad  cost time: 2.828155279159546
tf.Tensor(-11332.384221588947, shape=(), dtype=float64)
nll_grad  cost time: 2.8499162197113037
tf.Tensor(-11332.402268647316, shape=(), dtype=float64)
nll_grad  cost time: 2.897068977355957
tf.Tensor(-11332.416522043637, shape=(), dtype=float64)
nll_grad  cost time: 2.8956730365753174
tf.Tensor(-11332.424804393284, shape=(), dtype=float64)
nll_grad  cost time: 2.9309945106506348
tf.Tensor(-11332.433821288689, shape=(), dtype=float64)
nll_grad  cost time: 2.8709757328033447
tf.Tensor(-11332.441611008468, shape=(), dtype=float64)
nll_grad  cost time: 3.039384603500366
tf.Tensor(-11332.4477082834, shape=(), dtype=float64)
nll_grad  cost time: 3.041133403778076
tf.Tensor(-11332.453161440037, shape=(), dtype=float64)
nll_grad  cost time: 2.8815014362335205
tf.Tensor(-11332.458937097634, shape=(), dtype=float64)
nll_grad  cost time: 2.8278865814208984
tf.Tensor(-11332.463335534807, shape=(), dtype=float64)
nll_grad  cost time: 2.9040567874908447
tf.Tensor(-11332.467879056376, shape=(), dtype=float64)
nll_grad  cost time: 2.7913296222686768
tf.Tensor(-11332.471002741826, shape=(), dtype=float64)
nll_grad  cost time: 2.8991029262542725
tf.Tensor(-11332.474173711618, shape=(), dtype=float64)
nll_grad  cost time: 3.0514450073242188
tf.Tensor(-11332.477757328159, shape=(), dtype=float64)
nll_grad  cost time: 2.981769323348999
tf.Tensor(-11332.481368327435, shape=(), dtype=float64)
nll_grad  cost time: 2.9840657711029053
tf.Tensor(-11332.483682062099, shape=(), dtype=float64)
nll_grad  cost time: 2.8841495513916016
tf.Tensor(-11332.485686635096, shape=(), dtype=float64)
nll_grad  cost time: 2.821467161178589
tf.Tensor(-11332.48737905408, shape=(), dtype=float64)
nll_grad  cost time: 2.960212230682373
tf.Tensor(-11332.488876957323, shape=(), dtype=float64)
nll_grad  cost time: 2.8684074878692627
tf.Tensor(-11332.490698181507, shape=(), dtype=float64)
nll_grad  cost time: 3.2256479263305664
tf.Tensor(-11332.493150362976, shape=(), dtype=float64)
nll_grad  cost time: 3.0495622158050537
tf.Tensor(-11332.495560437079, shape=(), dtype=float64)
nll_grad  cost time: 2.971616506576538
tf.Tensor(-11332.497800387242, shape=(), dtype=float64)
nll_grad  cost time: 2.9691712856292725
tf.Tensor(-11332.499822835238, shape=(), dtype=float64)
nll_grad  cost time: 2.9118127822875977
tf.Tensor(-11332.501668134957, shape=(), dtype=float64)
nll_grad  cost time: 3.0465664863586426
tf.Tensor(-11332.503285247996, shape=(), dtype=float64)
nll_grad  cost time: 2.892835855484009
tf.Tensor(-11332.504678061283, shape=(), dtype=float64)
nll_grad  cost time: 2.838202476501465
tf.Tensor(-11332.50606328951, shape=(), dtype=float64)
nll_grad  cost time: 2.8678860664367676
tf.Tensor(-11332.507630437061, shape=(), dtype=float64)
nll_grad  cost time: 2.9660251140594482
tf.Tensor(-11332.509533190401, shape=(), dtype=float64)
nll_grad  cost time: 2.9457592964172363
tf.Tensor(-11332.511727198178, shape=(), dtype=float64)
nll_grad  cost time: 2.7752861976623535
tf.Tensor(-11332.513787229738, shape=(), dtype=float64)
nll_grad  cost time: 2.935673236846924
tf.Tensor(-11332.515945456507, shape=(), dtype=float64)
nll_grad  cost time: 2.8877031803131104
tf.Tensor(-11332.518188019554, shape=(), dtype=float64)
nll_grad  cost time: 2.777985095977783
tf.Tensor(-11332.520488188995, shape=(), dtype=float64)
nll_grad  cost time: 2.9163882732391357
tf.Tensor(-11332.522707014354, shape=(), dtype=float64)
nll_grad  cost time: 2.7971701622009277
tf.Tensor(-11332.52481030971, shape=(), dtype=float64)
nll_grad  cost time: 2.862290859222412
tf.Tensor(-11332.52662124374, shape=(), dtype=float64)
nll_grad  cost time: 3.0068275928497314
tf.Tensor(-11332.528077395844, shape=(), dtype=float64)
nll_grad  cost time: 2.9135780334472656
tf.Tensor(-11332.529200294604, shape=(), dtype=float64)
nll_grad  cost time: 2.9027581214904785
tf.Tensor(-11332.530098924064, shape=(), dtype=float64)
nll_grad  cost time: 3.1661572456359863
tf.Tensor(-11332.530833539935, shape=(), dtype=float64)
nll_grad  cost time: 3.0865001678466797
tf.Tensor(-11332.531435656345, shape=(), dtype=float64)
nll_grad  cost time: 3.0097317695617676
tf.Tensor(-11332.531944431821, shape=(), dtype=float64)
nll_grad  cost time: 2.9853100776672363
tf.Tensor(-11332.532427075545, shape=(), dtype=float64)
nll_grad  cost time: 2.9649147987365723
tf.Tensor(-11332.532926509084, shape=(), dtype=float64)
nll_grad  cost time: 2.909294605255127
tf.Tensor(-11332.533469823973, shape=(), dtype=float64)
nll_grad  cost time: 2.7849161624908447
tf.Tensor(-11332.534098287751, shape=(), dtype=float64)
nll_grad  cost time: 2.9107556343078613
tf.Tensor(-11332.534857733948, shape=(), dtype=float64)
nll_grad  cost time: 2.970207691192627
tf.Tensor(-11332.535735447284, shape=(), dtype=float64)
nll_grad  cost time: 2.8684463500976562
tf.Tensor(-11332.536644981412, shape=(), dtype=float64)
nll_grad  cost time: 2.959467887878418
tf.Tensor(-11332.537461405762, shape=(), dtype=float64)
nll_grad  cost time: 2.9276089668273926
tf.Tensor(-11332.538095815773, shape=(), dtype=float64)
nll_grad  cost time: 2.9854087829589844
tf.Tensor(-11332.538541319738, shape=(), dtype=float64)
nll_grad  cost time: 2.8593034744262695
tf.Tensor(-11332.53885956007, shape=(), dtype=float64)
nll_grad  cost time: 3.023568630218506
tf.Tensor(-11332.539136814674, shape=(), dtype=float64)
nll_grad  cost time: 2.886087656021118
tf.Tensor(-11332.539432579577, shape=(), dtype=float64)
nll_grad  cost time: 2.8604815006256104
tf.Tensor(-11332.53973727039, shape=(), dtype=float64)
nll_grad  cost time: 2.9024903774261475
tf.Tensor(-11332.540000758538, shape=(), dtype=float64)
nll_grad  cost time: 2.9357078075408936
tf.Tensor(-11332.540211576437, shape=(), dtype=float64)
nll_grad  cost time: 2.9862022399902344
tf.Tensor(-11332.540415158714, shape=(), dtype=float64)
nll_grad  cost time: 2.903209686279297
tf.Tensor(-11332.540666246001, shape=(), dtype=float64)
nll_grad  cost time: 2.772662401199341
tf.Tensor(-11332.540980575917, shape=(), dtype=float64)
nll_grad  cost time: 2.8604862689971924
tf.Tensor(-11332.541312666952, shape=(), dtype=float64)
nll_grad  cost time: 2.923112154006958
tf.Tensor(-11332.541596220377, shape=(), dtype=float64)
nll_grad  cost time: 3.1923718452453613
tf.Tensor(-11332.541816921499, shape=(), dtype=float64)
nll_grad  cost time: 3.099222421646118
tf.Tensor(-11332.54200357141, shape=(), dtype=float64)
nll_grad  cost time: 2.90152645111084
tf.Tensor(-11332.54218508645, shape=(), dtype=float64)
nll_grad  cost time: 2.905113458633423
tf.Tensor(-11332.542375031855, shape=(), dtype=float64)
nll_grad  cost time: 2.817016839981079
tf.Tensor(-11332.542586135252, shape=(), dtype=float64)
nll_grad  cost time: 2.909259080886841
tf.Tensor(-11332.542840966793, shape=(), dtype=float64)
nll_grad  cost time: 2.908195734024048
tf.Tensor(-11332.543150651974, shape=(), dtype=float64)
nll_grad  cost time: 2.9067130088806152
tf.Tensor(-11332.543488261497, shape=(), dtype=float64)
nll_grad  cost time: 3.1982839107513428
tf.Tensor(-11332.543809226883, shape=(), dtype=float64)
nll_grad  cost time: 2.9485793113708496
tf.Tensor(-11332.544114297518, shape=(), dtype=float64)
nll_grad  cost time: 2.7822141647338867
tf.Tensor(-11332.544467932956, shape=(), dtype=float64)
nll_grad  cost time: 2.950235366821289
tf.Tensor(-11332.54498808673, shape=(), dtype=float64)
nll_grad  cost time: 2.879998207092285
tf.Tensor(-11332.54579012256, shape=(), dtype=float64)
nll_grad  cost time: 2.899747848510742
tf.Tensor(-11332.546947219047, shape=(), dtype=float64)
nll_grad  cost time: 2.940209150314331
tf.Tensor(-11332.548173261277, shape=(), dtype=float64)
nll_grad  cost time: 2.8652284145355225
tf.Tensor(-11332.54923498606, shape=(), dtype=float64)
nll_grad  cost time: 3.0345370769500732
tf.Tensor(-11332.549985513999, shape=(), dtype=float64)
nll_grad  cost time: 2.909048080444336
tf.Tensor(-11332.55068050762, shape=(), dtype=float64)
nll_grad  cost time: 2.791074275970459
tf.Tensor(-11332.551374901603, shape=(), dtype=float64)
nll_grad  cost time: 2.882815361022949
tf.Tensor(-11332.552126953813, shape=(), dtype=float64)
nll_grad  cost time: 2.8541290760040283
tf.Tensor(-11332.552749846658, shape=(), dtype=float64)
nll_grad  cost time: 3.033796548843384
tf.Tensor(-11332.553381378535, shape=(), dtype=float64)
nll_grad  cost time: 2.9213340282440186
tf.Tensor(-11332.553875460146, shape=(), dtype=float64)
nll_grad  cost time: 2.9405975341796875
tf.Tensor(-11332.554236185764, shape=(), dtype=float64)
nll_grad  cost time: 2.91160249710083
tf.Tensor(-11332.55452962537, shape=(), dtype=float64)
nll_grad  cost time: 2.8729300498962402
tf.Tensor(-11332.554874608613, shape=(), dtype=float64)
nll_grad  cost time: 2.807058811187744
tf.Tensor(-11332.555335712092, shape=(), dtype=float64)
nll_grad  cost time: 3.1439311504364014
tf.Tensor(-11332.555923568203, shape=(), dtype=float64)
nll_grad  cost time: 2.9727752208709717
tf.Tensor(-11332.556556684063, shape=(), dtype=float64)
nll_grad  cost time: 3.0359926223754883
tf.Tensor(-11332.557149829481, shape=(), dtype=float64)
nll_grad  cost time: 2.767035484313965
tf.Tensor(-11332.557682849712, shape=(), dtype=float64)
nll_grad  cost time: 2.9217424392700195
tf.Tensor(-11332.558168936706, shape=(), dtype=float64)
nll_grad  cost time: 2.9706783294677734
tf.Tensor(-11332.558622213417, shape=(), dtype=float64)
nll_grad  cost time: 2.7637405395507812
tf.Tensor(-11332.559104439353, shape=(), dtype=float64)
nll_grad  cost time: 2.8312628269195557
tf.Tensor(-11332.559675612465, shape=(), dtype=float64)
nll_grad  cost time: 2.8824400901794434
tf.Tensor(-11332.560427241759, shape=(), dtype=float64)
nll_grad  cost time: 2.819702625274658
tf.Tensor(-11332.561077819375, shape=(), dtype=float64)
nll_grad  cost time: 2.9219040870666504
tf.Tensor(-11332.561723684585, shape=(), dtype=float64)
nll_grad  cost time: 2.8366527557373047
tf.Tensor(-11332.562260976623, shape=(), dtype=float64)
nll_grad  cost time: 2.988631248474121
tf.Tensor(-11332.562715809769, shape=(), dtype=float64)
nll_grad  cost time: 2.8883278369903564
tf.Tensor(-11332.563007177907, shape=(), dtype=float64)
nll_grad  cost time: 2.8150830268859863
tf.Tensor(-11332.563166425116, shape=(), dtype=float64)
nll_grad  cost time: 2.8260891437530518
tf.Tensor(-11332.563264908722, shape=(), dtype=float64)
nll_grad  cost time: 2.8582780361175537
tf.Tensor(-11332.563371838098, shape=(), dtype=float64)
nll_grad  cost time: 2.8606581687927246
tf.Tensor(-11332.563530274232, shape=(), dtype=float64)
nll_grad  cost time: 2.7943594455718994
tf.Tensor(-11332.563780112461, shape=(), dtype=float64)
nll_grad  cost time: 2.7886364459991455
tf.Tensor(-11332.56418226418, shape=(), dtype=float64)
nll_grad  cost time: 2.8516314029693604
tf.Tensor(-11332.56483698989, shape=(), dtype=float64)
nll_grad  cost time: 2.980896472930908
tf.Tensor(-11332.565885293208, shape=(), dtype=float64)
nll_grad  cost time: 2.807034492492676
tf.Tensor(-11332.56743577265, shape=(), dtype=float64)
nll_grad  cost time: 2.8445026874542236
tf.Tensor(-11332.568786067715, shape=(), dtype=float64)
nll_grad  cost time: 2.99552845954895
tf.Tensor(-11332.569077833024, shape=(), dtype=float64)
nll_grad  cost time: 2.844303846359253
tf.Tensor(-11332.56959014717, shape=(), dtype=float64)
nll_grad  cost time: 2.9925079345703125
tf.Tensor(-11332.570306543637, shape=(), dtype=float64)
nll_grad  cost time: 2.9205482006073
tf.Tensor(-11332.570583995945, shape=(), dtype=float64)
nll_grad  cost time: 2.9368345737457275
tf.Tensor(-11332.570742306361, shape=(), dtype=float64)
nll_grad  cost time: 3.0050671100616455
tf.Tensor(-11332.570964021239, shape=(), dtype=float64)
nll_grad  cost time: 2.9298157691955566
tf.Tensor(-11332.571325010425, shape=(), dtype=float64)
nll_grad  cost time: 2.882146120071411
tf.Tensor(-11332.571874577237, shape=(), dtype=float64)
nll_grad  cost time: 2.7991909980773926
tf.Tensor(-11332.572692140682, shape=(), dtype=float64)
nll_grad  cost time: 2.8753983974456787
tf.Tensor(-11332.57411426129, shape=(), dtype=float64)
nll_grad  cost time: 2.800823211669922
tf.Tensor(-11332.576607468407, shape=(), dtype=float64)
nll_grad  cost time: 2.813108205795288
tf.Tensor(-11332.58064638019, shape=(), dtype=float64)
nll_grad  cost time: 3.003162384033203
tf.Tensor(-11332.585964549547, shape=(), dtype=float64)
nll_grad  cost time: 2.8935720920562744
tf.Tensor(-11332.589400977682, shape=(), dtype=float64)
nll_grad  cost time: 2.8563621044158936
nll_grad  cost time: 2.81294846534729
tf.Tensor(-11332.591063712407, shape=(), dtype=float64)
nll_grad  cost time: 2.8813698291778564
tf.Tensor(-11332.592345637077, shape=(), dtype=float64)
nll_grad  cost time: 2.9211626052856445
tf.Tensor(-11332.592582170519, shape=(), dtype=float64)
nll_grad  cost time: 2.8678903579711914
tf.Tensor(-11332.592953223188, shape=(), dtype=float64)
nll_grad  cost time: 2.855748176574707
tf.Tensor(-11332.593227617113, shape=(), dtype=float64)
nll_grad  cost time: 2.91850209236145
tf.Tensor(-11332.593276443866, shape=(), dtype=float64)
nll_grad  cost time: 2.8420794010162354
tf.Tensor(-11332.593343484019, shape=(), dtype=float64)
nll_grad  cost time: 2.9831349849700928
tf.Tensor(-11332.593415505378, shape=(), dtype=float64)
nll_grad  cost time: 3.1382367610931396
tf.Tensor(-11332.593541087032, shape=(), dtype=float64)
nll_grad  cost time: 2.9062254428863525
tf.Tensor(-11332.593765360662, shape=(), dtype=float64)
nll_grad  cost time: 2.96221661567688
tf.Tensor(-11332.594162560576, shape=(), dtype=float64)
nll_grad  cost time: 2.9632742404937744
tf.Tensor(-11332.594835725871, shape=(), dtype=float64)
nll_grad  cost time: 3.103888750076294
tf.Tensor(-11332.595849446083, shape=(), dtype=float64)
nll_grad  cost time: 2.916926383972168
tf.Tensor(-11332.596786324733, shape=(), dtype=float64)
nll_grad  cost time: 2.9082417488098145
tf.Tensor(-11332.597365996617, shape=(), dtype=float64)
nll_grad  cost time: 2.837186098098755
tf.Tensor(-11332.59778450872, shape=(), dtype=float64)
nll_grad  cost time: 2.9107069969177246
tf.Tensor(-11332.59831175549, shape=(), dtype=float64)
nll_grad  cost time: 2.8067078590393066
tf.Tensor(-11332.598873655501, shape=(), dtype=float64)
nll_grad  cost time: 2.7866485118865967
tf.Tensor(-11332.59949189548, shape=(), dtype=float64)
nll_grad  cost time: 2.74021577835083
tf.Tensor(-11332.600233962105, shape=(), dtype=float64)
nll_grad  cost time: 2.753307580947876
tf.Tensor(-11332.601321018648, shape=(), dtype=float64)
nll_grad  cost time: 2.7506680488586426
tf.Tensor(-11332.602407847755, shape=(), dtype=float64)
nll_grad  cost time: 2.8538079261779785
tf.Tensor(-11332.602970313323, shape=(), dtype=float64)
nll_grad  cost time: 2.9046285152435303
nll_grad  cost time: 2.8548641204833984
tf.Tensor(-11332.603107727284, shape=(), dtype=float64)
nll_grad  cost time: 2.95011830329895
tf.Tensor(-11332.60324424753, shape=(), dtype=float64)
nll_grad  cost time: 2.9275593757629395
tf.Tensor(-11332.603393057525, shape=(), dtype=float64)
nll_grad  cost time: 2.8240160942077637
tf.Tensor(-11332.603662085869, shape=(), dtype=float64)
nll_grad  cost time: 2.8759829998016357
tf.Tensor(-11332.60413638627, shape=(), dtype=float64)
nll_grad  cost time: 2.8906307220458984
tf.Tensor(-11332.604925032394, shape=(), dtype=float64)
nll_grad  cost time: 3.0746471881866455
tf.Tensor(-11332.606078676361, shape=(), dtype=float64)
nll_grad  cost time: 2.9439921379089355
tf.Tensor(-11332.607162953182, shape=(), dtype=float64)
nll_grad  cost time: 2.886519432067871
tf.Tensor(-11332.608480464432, shape=(), dtype=float64)
nll_grad  cost time: 3.0780158042907715
tf.Tensor(-11332.609799642201, shape=(), dtype=float64)
nll_grad  cost time: 2.985563039779663
nll_grad  cost time: 2.6503942012786865
tf.Tensor(-11332.60999242939, shape=(), dtype=float64)
nll_grad  cost time: 2.854681968688965
tf.Tensor(-11332.610136283052, shape=(), dtype=float64)
nll_grad  cost time: 2.8248074054718018
tf.Tensor(-11332.610229012436, shape=(), dtype=float64)
nll_grad  cost time: 2.884784698486328
tf.Tensor(-11332.610340177032, shape=(), dtype=float64)
nll_grad  cost time: 2.8624606132507324
tf.Tensor(-11332.610498407796, shape=(), dtype=float64)
nll_grad  cost time: 2.7734596729278564
tf.Tensor(-11332.61066031794, shape=(), dtype=float64)
nll_grad  cost time: 2.982854127883911
tf.Tensor(-11332.610935650535, shape=(), dtype=float64)
nll_grad  cost time: 2.8598709106445312
tf.Tensor(-11332.6114006857, shape=(), dtype=float64)
nll_grad  cost time: 2.800278663635254
tf.Tensor(-11332.612143159335, shape=(), dtype=float64)
nll_grad  cost time: 3.059462785720825
tf.Tensor(-11332.61308739723, shape=(), dtype=float64)
nll_grad  cost time: 2.884920358657837
tf.Tensor(-11332.613760970695, shape=(), dtype=float64)
nll_grad  cost time: 2.9675798416137695
tf.Tensor(-11332.614172516722, shape=(), dtype=float64)
nll_grad  cost time: 2.931976318359375
tf.Tensor(-11332.614845681324, shape=(), dtype=float64)
nll_grad  cost time: 2.806109666824341
tf.Tensor(-11332.615960469791, shape=(), dtype=float64)
nll_grad  cost time: 2.733564615249634
nll_grad  cost time: 2.734689712524414
tf.Tensor(-11332.616557301395, shape=(), dtype=float64)
nll_grad  cost time: 2.889625310897827
tf.Tensor(-11332.616721181705, shape=(), dtype=float64)
nll_grad  cost time: 3.020035743713379
tf.Tensor(-11332.6167892403, shape=(), dtype=float64)
nll_grad  cost time: 3.0056920051574707
tf.Tensor(-11332.616817473143, shape=(), dtype=float64)
nll_grad  cost time: 2.9446346759796143
tf.Tensor(-11332.61684020736, shape=(), dtype=float64)
nll_grad  cost time: 2.6678102016448975
tf.Tensor(-11332.61687861623, shape=(), dtype=float64)
nll_grad  cost time: 2.9695332050323486
tf.Tensor(-11332.616944636426, shape=(), dtype=float64)
nll_grad  cost time: 3.031773328781128
tf.Tensor(-11332.617059085862, shape=(), dtype=float64)
nll_grad  cost time: 2.7347049713134766
tf.Tensor(-11332.617258266822, shape=(), dtype=float64)
nll_grad  cost time: 2.913908004760742
tf.Tensor(-11332.617605008772, shape=(), dtype=float64)
nll_grad  cost time: 2.7883553504943848
tf.Tensor(-11332.6182064573, shape=(), dtype=float64)
nll_grad  cost time: 3.0721452236175537
tf.Tensor(-11332.619240728838, shape=(), dtype=float64)
nll_grad  cost time: 2.9871397018432617
tf.Tensor(-11332.620987585744, shape=(), dtype=float64)
nll_grad  cost time: 2.9848103523254395
tf.Tensor(-11332.623726531421, shape=(), dtype=float64)
nll_grad  cost time: 2.9424500465393066
tf.Tensor(-11332.626238147024, shape=(), dtype=float64)
nll_grad  cost time: 2.9163906574249268
tf.Tensor(-11332.628543713083, shape=(), dtype=float64)
nll_grad  cost time: 3.0415101051330566
nll_grad  cost time: 2.9383788108825684
tf.Tensor(-11332.62926010263, shape=(), dtype=float64)
nll_grad  cost time: 2.9447035789489746
tf.Tensor(-11332.630235741302, shape=(), dtype=float64)
nll_grad  cost time: 2.80165433883667
tf.Tensor(-11332.630541815539, shape=(), dtype=float64)
nll_grad  cost time: 2.7881386280059814
tf.Tensor(-11332.630617437937, shape=(), dtype=float64)
nll_grad  cost time: 2.8880600929260254
tf.Tensor(-11332.6306626409, shape=(), dtype=float64)
nll_grad  cost time: 2.7131402492523193
tf.Tensor(-11332.630674566262, shape=(), dtype=float64)
nll_grad  cost time: 2.783357858657837
tf.Tensor(-11332.630682838657, shape=(), dtype=float64)
nll_grad  cost time: 2.8314363956451416
tf.Tensor(-11332.630688102041, shape=(), dtype=float64)
nll_grad  cost time: 2.9617373943328857
tf.Tensor(-11332.630690826421, shape=(), dtype=float64)
nll_grad  cost time: 2.918905258178711
tf.Tensor(-11332.630691683964, shape=(), dtype=float64)
nll_grad  cost time: 2.981990337371826
tf.Tensor(-11332.630691922715, shape=(), dtype=float64)
nll_grad  cost time: 2.9506585597991943
tf.Tensor(-11332.630691997094, shape=(), dtype=float64)
nll_grad  cost time: 2.9334471225738525
tf.Tensor(-11332.630692027611, shape=(), dtype=float64)
nll_grad  cost time: 2.895519733428955
tf.Tensor(-11332.630692055414, shape=(), dtype=float64)
nll_grad  cost time: 2.8277664184570312
tf.Tensor(-11332.630692096118, shape=(), dtype=float64)
nll_grad  cost time: 2.7896981239318848
tf.Tensor(-11332.630692130293, shape=(), dtype=float64)
nll_grad  cost time: 2.859889268875122
tf.Tensor(-11332.630692145995, shape=(), dtype=float64)
nll_grad  cost time: 2.8533260822296143
tf.Tensor(-11332.630692149163, shape=(), dtype=float64)
Optimization terminated successfully.
         Current function value: -11332.630692
         Iterations: 931
         Function evaluations: 949
         Gradient evaluations: 949
  message: Optimization terminated successfully.
  success: True
   status: 0
      fun: -11332.630692149163
        x: [ 8.779e-01  1.612e+00 ...  1.673e+00  1.566e+00]
      nit: 931
      jac: [ 0.000e+00  0.000e+00 ... -8.527e-06 -1.302e-04]
 hess_inv: [[ 1.000e+00  0.000e+00 ...  0.000e+00  0.000e+00]
            [ 0.000e+00  1.000e+00 ...  0.000e+00  0.000e+00]
            ...
            [ 0.000e+00  0.000e+00 ...  8.028e-01 -5.547e-02]
            [ 0.000e+00  0.000e+00 ... -5.547e-02  3.703e-01]]
     nfev: 949
     njev: 949
fit  cost time: 2753.0863406658173

========== Fit loop 4/5 ==========
using RANDOM parameters

########### initial parameters
{
  "rho(1450)p_mass": 1.51,
  "rho(1450)p_width": 0.44,
  "rho(1570)p_mass": 1.57,
  "rho(1570)p_width": 0.14,
  "rho(1690)p_mass": 1.681,
  "rho(1690)p_width": 0.19,
  "rho(1450)m_mass": 1.51,
  "rho(1450)m_width": 0.44,
  "rho(1570)m_mass": 1.57,
  "rho(1570)m_width": 0.14,
  "rho(1690)m_mass": 1.681,
  "rho(1690)m_width": 0.19,
  "f0(500)_E791_mass": 0.478,
  "f0(1370)_mass": 1.37,
  "f0(1370)_width": 0.35,
  "f0(1500)_flatte_mass": 1.522,
  "f0(1500)_flatte_g_0": 0.5700041434425897,
  "f0(1500)_flatte_g_1": 0.03414241861378452,
  "f2(1430)_mass": 1.43,
  "f2(1430)_width": 0.046,
  "Jpsi->rho(1450)p.pimrho(1450)p->phi.pip_total_0r": 1.0,
  "Jpsi->rho(1450)p.pimrho(1450)p->phi.pip_total_0i": 0.0,
  "Jpsi->rho(1450)p.pim_g_ls_0r": 1.0,
  "Jpsi->rho(1450)p.pim_g_ls_0i": 0.0,
  "rho(1450)p->phi.pip_g_ls_0r": 1.0,
  "rho(1450)p->phi.pip_g_ls_0i": 0.0,
  "Jpsi->rho(1570)p.pimrho(1570)p->phi.pip_total_0r": 1.4024325354267009,
  "Jpsi->rho(1570)p.pimrho(1570)p->phi.pip_total_0i": -1.8434631206942036,
  "Jpsi->rho(1570)p.pim_g_ls_0r": 1.0,
  "Jpsi->rho(1570)p.pim_g_ls_0i": 0.0,
  "rho(1570)p->phi.pip_g_ls_0r": 1.0,
  "rho(1570)p->phi.pip_g_ls_0i": 0.0,
  "Jpsi->rho(1690)p.pimrho(1690)p->phi.pip_total_0r": 0.380207316687196,
  "Jpsi->rho(1690)p.pimrho(1690)p->phi.pip_total_0i": 1.5628170806690864,
  "Jpsi->rho(1690)p.pim_g_ls_0r": 1.0,
  "Jpsi->rho(1690)p.pim_g_ls_0i": 0.0,
  "rho(1690)p->phi.pip_g_ls_0r": 1.0,
  "rho(1690)p->phi.pip_g_ls_0i": 0.0,
  "Jpsi->rho(1450)m.piprho(1450)m->phi.pim_total_0r": 1.0,
  "Jpsi->rho(1450)m.piprho(1450)m->phi.pim_total_0i": 0.0,
  "Jpsi->rho(1450)m.pip_g_ls_0r": 1.0,
  "Jpsi->rho(1450)m.pip_g_ls_0i": 0.0,
  "rho(1450)m->phi.pim_g_ls_0r": 1.0,
  "rho(1450)m->phi.pim_g_ls_0i": 0.0,
  "Jpsi->rho(1570)m.piprho(1570)m->phi.pim_total_0r": 1.4024325354267009,
  "Jpsi->rho(1570)m.piprho(1570)m->phi.pim_total_0i": -1.8434631206942036,
  "Jpsi->rho(1570)m.pip_g_ls_0r": 1.0,
  "Jpsi->rho(1570)m.pip_g_ls_0i": 0.0,
  "rho(1570)m->phi.pim_g_ls_0r": 1.0,
  "rho(1570)m->phi.pim_g_ls_0i": 0.0,
  "Jpsi->rho(1690)m.piprho(1690)m->phi.pim_total_0r": 0.380207316687196,
  "Jpsi->rho(1690)m.piprho(1690)m->phi.pim_total_0i": 1.5628170806690864,
  "Jpsi->rho(1690)m.pip_g_ls_0r": 1.0,
  "Jpsi->rho(1690)m.pip_g_ls_0i": 0.0,
  "rho(1690)m->phi.pim_g_ls_0r": 1.0,
  "rho(1690)m->phi.pim_g_ls_0i": 0.0,
  "Jpsi->phi.f0(500)_E791f0(500)_E791->pip.pim_total_0r": 1.714433133433681,
  "Jpsi->phi.f0(500)_E791f0(500)_E791->pip.pim_total_0i": -0.03176541664803034,
  "Jpsi->phi.f0(500)_E791_g_ls_0r": 1.0,
  "Jpsi->phi.f0(500)_E791_g_ls_0i": 0.0,
  "Jpsi->phi.f0(500)_E791_g_ls_1r": 1.2890569398291194,
  "Jpsi->phi.f0(500)_E791_g_ls_1i": -0.8999336675092442,
  "f0(500)_E791->pip.pim_g_ls_0r": 1.0,
  "f0(500)_E791->pip.pim_g_ls_0i": 0.0,
  "Jpsi->phi.f0(980)_flattef0(980)_flatte->pip.pim_total_0r": 0.9922195951103685,
  "Jpsi->phi.f0(980)_flattef0(980)_flatte->pip.pim_total_0i": 3.112454375888137,
  "f0(980)_flatte->pip.pim_g_ls_0r": 1.0,
  "f0(980)_flatte->pip.pim_g_ls_0i": 0.0,
  "Jpsi->phi.f0(1370)f0(1370)->pip.pim_total_0r": 1.2865592604789833,
  "Jpsi->phi.f0(1370)f0(1370)->pip.pim_total_0i": -1.9826452693451178,
  "Jpsi->phi.f0(1370)_g_ls_0r": 1.0,
  "Jpsi->phi.f0(1370)_g_ls_0i": 0.0,
  "Jpsi->phi.f0(1370)_g_ls_1r": 0.6824573602657553,
  "Jpsi->phi.f0(1370)_g_ls_1i": 2.0332110366460014,
  "f0(1370)->pip.pim_g_ls_0r": 1.0,
  "f0(1370)->pip.pim_g_ls_0i": 0.0,
  "Jpsi->phi.f0(1500)_flattef0(1500)_flatte->pip.pim_total_0r": 1.5297295530815824,
  "Jpsi->phi.f0(1500)_flattef0(1500)_flatte->pip.pim_total_0i": -2.291271619621277,
  "Jpsi->phi.f0(1500)_flatte_g_ls_0r": 1.0,
  "Jpsi->phi.f0(1500)_flatte_g_ls_0i": 0.0,
  "Jpsi->phi.f0(1500)_flatte_g_ls_1r": 0.217935344616897,
  "Jpsi->phi.f0(1500)_flatte_g_ls_1i": -0.7088308273578239,
  "f0(1500)_flatte->pip.pim_g_ls_0r": 1.0,
  "f0(1500)_flatte->pip.pim_g_ls_0i": 0.0,
  "Jpsi->phi.f0(1710)f0(1710)->pip.pim_total_0r": 1.609389509383889,
  "Jpsi->phi.f0(1710)f0(1710)->pip.pim_total_0i": 1.5321529458127134,
  "f0(1710)->pip.pim_g_ls_0r": 1.0,
  "f0(1710)->pip.pim_g_ls_0i": 0.0,
  "Jpsi->phi.f2(1430)f2(1430)->pip.pim_total_0r": 1.768227325768441,
  "Jpsi->phi.f2(1430)f2(1430)->pip.pim_total_0i": -2.0132929335508374,
  "Jpsi->phi.f2(1430)_g_ls_0r": 1.0,
  "Jpsi->phi.f2(1430)_g_ls_0i": 0.0,
  "Jpsi->phi.f2(1430)_g_ls_1r": 1.0256075726419374,
  "Jpsi->phi.f2(1430)_g_ls_1i": -2.7299266443890198,
  "Jpsi->phi.f2(1430)_g_ls_2r": 1.8033509041697555,
  "Jpsi->phi.f2(1430)_g_ls_2i": -0.7168186109612882,
  "Jpsi->phi.f2(1430)_g_ls_3r": 0.8721143503196984,
  "Jpsi->phi.f2(1430)_g_ls_3i": 0.4042177801417499,
  "Jpsi->phi.f2(1430)_g_ls_4r": 0.04132432655974583,
  "Jpsi->phi.f2(1430)_g_ls_4i": -2.5064377666141846,
  "f2(1430)->pip.pim_g_ls_0r": 1.0,
  "f2(1430)->pip.pim_g_ls_0i": 0.0,
  "Jpsi->phi.f2(1270)f2(1270)->pip.pim_total_0r": 1.22441007696139,
  "Jpsi->phi.f2(1270)f2(1270)->pip.pim_total_0i": -1.641445906760768,
  "f2(1270)->pip.pim_g_ls_0r": 1.0,
  "f2(1270)->pip.pim_g_ls_0i": 0.0,
  "K1(1400)p_mass": 1.403,
  "K1(1400)p_width": 0.174,
  "K2(1820)p_mass": 1.819,
  "K2(1820)p_width": 0.264,
  "K2(1980)p_mass": 1.99,
  "K2(1980)p_width": 0.348,
  "K2(2250)p_mass": 2.247,
  "K2(2250)p_width": 0.18,
  "K3(2320)p_mass": 2.324,
  "K3(2320)p_width": 0.15,
  "K1(1400)m_mass": 1.403,
  "K1(1400)m_width": 0.174,
  "K2(1820)m_mass": 1.819,
  "K2(1820)m_width": 0.264,
  "K2(1980)m_mass": 1.99,
  "K2(1980)m_width": 0.348,
  "K3(2320)m_mass": 2.324,
  "K3(2320)m_width": 0.15,
  "f0(980)_flatte_mass": 0.965,
  "f0(980)_flatte_g_0": 0.005353476600936457,
  "f0(980)_flatte_g_1": 1.8031450009957133,
  "f2(1270)_mass": 1.2754,
  "f2(1270)_width": 0.1858,
  "f0(1500)_mass": 1.522,
  "f0(1500)_width": 0.108,
  "f2(1525)_mass": 1.5173,
  "f2(1525)_width": 0.072,
  "f2(1565)_mass": 1.571,
  "f2(1565)_width": 0.132,
  "f0(1710)_mass": 1.733,
  "f0(1710)_width": 0.15,
  "f2(1810)_mass": 1.815,
  "f2(1810)_width": 0.197,
  "Jpsi->K1(1400)p.kmK1(1400)p->phi.kp_total_0r": 1.0,
  "Jpsi->K1(1400)p.kmK1(1400)p->phi.kp_total_0i": 0.0,
  "Jpsi->K1(1400)p.km_g_ls_0r": 1.0,
  "Jpsi->K1(1400)p.km_g_ls_0i": 0.0,
  "Jpsi->K1(1400)p.km_g_ls_1r": 1.5032352722547468,
  "Jpsi->K1(1400)p.km_g_ls_1i": 2.733134161812142,
  "K1(1400)p->phi.kp_g_ls_0r": 1.0,
  "K1(1400)p->phi.kp_g_ls_0i": 0.0,
  "K1(1400)p->phi.kp_g_ls_1r": 0.015582701876863503,
  "K1(1400)p->phi.kp_g_ls_1i": -2.9521756710856004,
  "Jpsi->K2(1820)p.kmK2(1820)p->phi.kp_total_0r": 1.6399096349720068,
  "Jpsi->K2(1820)p.kmK2(1820)p->phi.kp_total_0i": -0.0100826756943726,
  "Jpsi->K2(1820)p.km_g_ls_0r": 1.0,
  "Jpsi->K2(1820)p.km_g_ls_0i": 0.0,
  "Jpsi->K2(1820)p.km_g_ls_1r": 0.2225935213648116,
  "Jpsi->K2(1820)p.km_g_ls_1i": -1.9016508771087977,
  "K2(1820)p->phi.kp_g_ls_0r": 1.0,
  "K2(1820)p->phi.kp_g_ls_0i": 0.0,
  "K2(1820)p->phi.kp_g_ls_1r": 1.2104664246571186,
  "K2(1820)p->phi.kp_g_ls_1i": 0.8357732927105945,
  "Jpsi->K2(1980)p.kmK2(1980)p->phi.kp_total_0r": 1.9145035774062569,
  "Jpsi->K2(1980)p.kmK2(1980)p->phi.kp_total_0i": -3.0275653849243147,
  "Jpsi->K2(1980)p.km_g_ls_0r": 1.0,
  "Jpsi->K2(1980)p.km_g_ls_0i": 0.0,
  "K2(1980)p->phi.kp_g_ls_0r": 1.0,
  "K2(1980)p->phi.kp_g_ls_0i": 0.0,
  "Jpsi->K2(2250)p.kmK2(2250)p->phi.kp_total_0r": 0.37744391035351743,
  "Jpsi->K2(2250)p.kmK2(2250)p->phi.kp_total_0i": 1.174965311115911,
  "Jpsi->K2(2250)p.km_g_ls_0r": 1.0,
  "Jpsi->K2(2250)p.km_g_ls_0i": 0.0,
  "Jpsi->K2(2250)p.km_g_ls_1r": 0.7658049447553696,
  "Jpsi->K2(2250)p.km_g_ls_1i": -2.470540178275641,
  "K2(2250)p->phi.kp_g_ls_0r": 1.0,
  "K2(2250)p->phi.kp_g_ls_0i": 0.0,
  "K2(2250)p->phi.kp_g_ls_1r": 0.7290276101656574,
  "K2(2250)p->phi.kp_g_ls_1i": 0.3402860841092523,
  "Jpsi->K3(2320)p.kmK3(2320)p->phi.kp_total_0r": 0.7175413884241091,
  "Jpsi->K3(2320)p.kmK3(2320)p->phi.kp_total_0i": -2.589695669902222,
  "Jpsi->K3(2320)p.km_g_ls_0r": 1.0,
  "Jpsi->K3(2320)p.km_g_ls_0i": 0.0,
  "Jpsi->K3(2320)p.km_g_ls_1r": 0.37844691866104174,
  "Jpsi->K3(2320)p.km_g_ls_1i": 3.0499795456299292,
  "K3(2320)p->phi.kp_g_ls_0r": 1.0,
  "K3(2320)p->phi.kp_g_ls_0i": 0.0,
  "K3(2320)p->phi.kp_g_ls_1r": 1.2043766717084017,
  "K3(2320)p->phi.kp_g_ls_1i": 1.4638994735503186,
  "Jpsi->K1(1400)m.kpK1(1400)m->phi.km_total_0r": 1.0,
  "Jpsi->K1(1400)m.kpK1(1400)m->phi.km_total_0i": 0.0,
  "Jpsi->K1(1400)m.kp_g_ls_0r": 1.0,
  "Jpsi->K1(1400)m.kp_g_ls_0i": 0.0,
  "Jpsi->K1(1400)m.kp_g_ls_1r": 1.5032352722547468,
  "Jpsi->K1(1400)m.kp_g_ls_1i": 2.733134161812142,
  "K1(1400)m->phi.km_g_ls_0r": 1.0,
  "K1(1400)m->phi.km_g_ls_0i": 0.0,
  "K1(1400)m->phi.km_g_ls_1r": 0.015582701876863503,
  "K1(1400)m->phi.km_g_ls_1i": -2.9521756710856004,
  "Jpsi->K2(1820)m.kpK2(1820)m->phi.km_total_0r": 1.6399096349720068,
  "Jpsi->K2(1820)m.kpK2(1820)m->phi.km_total_0i": -0.0100826756943726,
  "Jpsi->K2(1820)m.kp_g_ls_0r": 1.0,
  "Jpsi->K2(1820)m.kp_g_ls_0i": 0.0,
  "Jpsi->K2(1820)m.kp_g_ls_1r": 0.2225935213648116,
  "Jpsi->K2(1820)m.kp_g_ls_1i": -1.9016508771087977,
  "K2(1820)m->phi.km_g_ls_0r": 1.0,
  "K2(1820)m->phi.km_g_ls_0i": 0.0,
  "K2(1820)m->phi.km_g_ls_1r": 1.2104664246571186,
  "K2(1820)m->phi.km_g_ls_1i": 0.8357732927105945,
  "Jpsi->K2(1980)m.kpK2(1980)m->phi.km_total_0r": 1.9145035774062569,
  "Jpsi->K2(1980)m.kpK2(1980)m->phi.km_total_0i": -3.0275653849243147,
  "Jpsi->K2(1980)m.kp_g_ls_0r": 1.0,
  "Jpsi->K2(1980)m.kp_g_ls_0i": 0.0,
  "K2(1980)m->phi.km_g_ls_0r": 1.0,
  "K2(1980)m->phi.km_g_ls_0i": 0.0,
  "Jpsi->K2(2250)p.kpK2(2250)p->phi.km_total_0r": 1.7255490847385877,
  "Jpsi->K2(2250)p.kpK2(2250)p->phi.km_total_0i": -2.913493450871021,
  "Jpsi->K2(2250)p.kp_g_ls_0r": 1.0,
  "Jpsi->K2(2250)p.kp_g_ls_0i": 0.0,
  "Jpsi->K2(2250)p.kp_g_ls_1r": 1.9942234126998963,
  "Jpsi->K2(2250)p.kp_g_ls_1i": -0.7427566432537818,
  "K2(2250)p->phi.km_g_ls_0r": 1.0,
  "K2(2250)p->phi.km_g_ls_0i": 0.0,
  "K2(2250)p->phi.km_g_ls_1r": 0.16641515376629368,
  "K2(2250)p->phi.km_g_ls_1i": -2.9122350534124837,
  "Jpsi->K3(2320)m.kpK3(2320)m->phi.km_total_0r": 0.7175413884241091,
  "Jpsi->K3(2320)m.kpK3(2320)m->phi.km_total_0i": -2.589695669902222,
  "Jpsi->K3(2320)m.kp_g_ls_0r": 1.0,
  "Jpsi->K3(2320)m.kp_g_ls_0i": 0.0,
  "Jpsi->K3(2320)m.kp_g_ls_1r": 0.37844691866104174,
  "Jpsi->K3(2320)m.kp_g_ls_1i": 3.0499795456299292,
  "K3(2320)m->phi.km_g_ls_0r": 1.0,
  "K3(2320)m->phi.km_g_ls_0i": 0.0,
  "K3(2320)m->phi.km_g_ls_1r": 1.2043766717084017,
  "K3(2320)m->phi.km_g_ls_1i": 1.4638994735503186,
  "Jpsi->phi.f0(980)_flattef0(980)_flatte->kp.km_total_0r": 0.1111882515092808,
  "Jpsi->phi.f0(980)_flattef0(980)_flatte->kp.km_total_0i": 1.7640857042137146,
  "Jpsi->phi.f0(980)_flatte_g_ls_0r": 1.0,
  "Jpsi->phi.f0(980)_flatte_g_ls_0i": 0.0,
  "Jpsi->phi.f0(980)_flatte_g_ls_1r": 0.950360233747856,
  "Jpsi->phi.f0(980)_flatte_g_ls_1i": -0.46715676207951473,
  "f0(980)_flatte->kp.km_g_ls_0r": 1.0,
  "f0(980)_flatte->kp.km_g_ls_0i": 0.0,
  "Jpsi->phi.f2(1270)f2(1270)->kp.km_total_0r": 1.7647339970050782,
  "Jpsi->phi.f2(1270)f2(1270)->kp.km_total_0i": 1.521479543639944,
  "Jpsi->phi.f2(1270)_g_ls_0r": 1.0,
  "Jpsi->phi.f2(1270)_g_ls_0i": 0.0,
  "Jpsi->phi.f2(1270)_g_ls_1r": 0.4001978552573018,
  "Jpsi->phi.f2(1270)_g_ls_1i": 2.3400816562161717,
  "Jpsi->phi.f2(1270)_g_ls_2r": 0.7298213499665649,
  "Jpsi->phi.f2(1270)_g_ls_2i": -0.1697269609117682,
  "Jpsi->phi.f2(1270)_g_ls_3r": 0.5934162071868143,
  "Jpsi->phi.f2(1270)_g_ls_3i": -2.0527780588161884,
  "Jpsi->phi.f2(1270)_g_ls_4r": 1.4912289528891565,
  "Jpsi->phi.f2(1270)_g_ls_4i": -1.9074176655166133,
  "f2(1270)->kp.km_g_ls_0r": 1.0,
  "f2(1270)->kp.km_g_ls_0i": 0.0,
  "Jpsi->phi.f0(1500)f0(1500)->kp.km_total_0r": 1.9982174761309848,
  "Jpsi->phi.f0(1500)f0(1500)->kp.km_total_0i": -0.5838068857304881,
  "Jpsi->phi.f0(1500)_g_ls_0r": 1.0,
  "Jpsi->phi.f0(1500)_g_ls_0i": 0.0,
  "Jpsi->phi.f0(1500)_g_ls_1r": 1.7505768038963128,
  "Jpsi->phi.f0(1500)_g_ls_1i": 1.9192610696293144,
  "f0(1500)->kp.km_g_ls_0r": 1.0,
  "f0(1500)->kp.km_g_ls_0i": 0.0,
  "Jpsi->phi.f2(1525)f2(1525)->kp.km_total_0r": 1.7397174929554091,
  "Jpsi->phi.f2(1525)f2(1525)->kp.km_total_0i": -0.802006545883331,
  "Jpsi->phi.f2(1525)_g_ls_0r": 1.0,
  "Jpsi->phi.f2(1525)_g_ls_0i": 0.0,
  "Jpsi->phi.f2(1525)_g_ls_1r": 1.9228562376323004,
  "Jpsi->phi.f2(1525)_g_ls_1i": 2.7326203766446975,
  "Jpsi->phi.f2(1525)_g_ls_2r": 1.0268606337880244,
  "Jpsi->phi.f2(1525)_g_ls_2i": -1.7657642405143725,
  "Jpsi->phi.f2(1525)_g_ls_3r": 0.4063106590598151,
  "Jpsi->phi.f2(1525)_g_ls_3i": -0.5825702250602576,
  "Jpsi->phi.f2(1525)_g_ls_4r": 0.021566933938411026,
  "Jpsi->phi.f2(1525)_g_ls_4i": 2.6605915028514575,
  "f2(1525)->kp.km_g_ls_0r": 1.0,
  "f2(1525)->kp.km_g_ls_0i": 0.0,
  "Jpsi->phi.f2(1565)f2(1565)->kp.km_total_0r": 0.09710158117512835,
  "Jpsi->phi.f2(1565)f2(1565)->kp.km_total_0i": 2.4728091752508847,
  "Jpsi->phi.f2(1565)_g_ls_0r": 1.0,
  "Jpsi->phi.f2(1565)_g_ls_0i": 0.0,
  "Jpsi->phi.f2(1565)_g_ls_1r": 0.6076120500338349,
  "Jpsi->phi.f2(1565)_g_ls_1i": 2.6989848205435987,
  "Jpsi->phi.f2(1565)_g_ls_2r": 0.41535424478339156,
  "Jpsi->phi.f2(1565)_g_ls_2i": 2.905880216698309,
  "Jpsi->phi.f2(1565)_g_ls_3r": 0.40202659894562354,
  "Jpsi->phi.f2(1565)_g_ls_3i": 2.3073674203100074,
  "Jpsi->phi.f2(1565)_g_ls_4r": 1.8885729342461937,
  "Jpsi->phi.f2(1565)_g_ls_4i": 1.9174343766302284,
  "f2(1565)->kp.km_g_ls_0r": 1.0,
  "f2(1565)->kp.km_g_ls_0i": 0.0,
  "Jpsi->phi.f0(1710)f0(1710)->kp.km_total_0r": 0.833288351775098,
  "Jpsi->phi.f0(1710)f0(1710)->kp.km_total_0i": 1.916024370711222,
  "Jpsi->phi.f0(1710)_g_ls_0r": 1.0,
  "Jpsi->phi.f0(1710)_g_ls_0i": 0.0,
  "Jpsi->phi.f0(1710)_g_ls_1r": 1.7052125350516842,
  "Jpsi->phi.f0(1710)_g_ls_1i": -0.25003654958905663,
  "f0(1710)->kp.km_g_ls_0r": 1.0,
  "f0(1710)->kp.km_g_ls_0i": 0.0,
  "Jpsi->phi.f2(1810)f2(1810)->kp.km_total_0r": 1.626303484478731,
  "Jpsi->phi.f2(1810)f2(1810)->kp.km_total_0i": 2.267960464269165,
  "Jpsi->phi.f2(1810)_g_ls_0r": 1.0,
  "Jpsi->phi.f2(1810)_g_ls_0i": 0.0,
  "Jpsi->phi.f2(1810)_g_ls_1r": 1.8727671746606682,
  "Jpsi->phi.f2(1810)_g_ls_1i": 2.391523393770745,
  "Jpsi->phi.f2(1810)_g_ls_2r": 0.37680184223554924,
  "Jpsi->phi.f2(1810)_g_ls_2i": 2.058120661562503,
  "Jpsi->phi.f2(1810)_g_ls_3r": 1.5848390807032482,
  "Jpsi->phi.f2(1810)_g_ls_3i": 1.3017874663014535,
  "Jpsi->phi.f2(1810)_g_ls_4r": 1.6574385830914222,
  "Jpsi->phi.f2(1810)_g_ls_4i": 2.734931673924356,
  "f2(1810)->kp.km_g_ls_0r": 1.0,
  "f2(1810)->kp.km_g_ls_0i": 0.0
}
nll_grad  cost time: 2.9705586433410645
nll_grad  cost time: 2.967879056930542
tf.Tensor(-997.9455327113974, shape=(), dtype=float64)
nll_grad  cost time: 2.8564093112945557
tf.Tensor(-4050.7110586590425, shape=(), dtype=float64)
nll_grad  cost time: 3.206002950668335
tf.Tensor(-6225.862717826691, shape=(), dtype=float64)
nll_grad  cost time: 3.0260746479034424
nll_grad  cost time: 2.969658136367798
tf.Tensor(-6909.197827743061, shape=(), dtype=float64)
nll_grad  cost time: 3.0317609310150146
tf.Tensor(-7632.061927896997, shape=(), dtype=float64)
nll_grad  cost time: 2.8770012855529785
nll_grad  cost time: 2.859652519226074
tf.Tensor(-7926.307146169973, shape=(), dtype=float64)
nll_grad  cost time: 2.940385580062866
tf.Tensor(-8222.429716992934, shape=(), dtype=float64)
nll_grad  cost time: 2.9840784072875977
nll_grad  cost time: 2.9010322093963623
tf.Tensor(-8385.642601567597, shape=(), dtype=float64)
nll_grad  cost time: 2.9747402667999268
tf.Tensor(-8586.469922518794, shape=(), dtype=float64)
nll_grad  cost time: 2.8410403728485107
tf.Tensor(-8895.71035797945, shape=(), dtype=float64)
nll_grad  cost time: 2.788557529449463
nll_grad  cost time: 3.0829508304595947
tf.Tensor(-9064.276684978191, shape=(), dtype=float64)
nll_grad  cost time: 2.9169225692749023
tf.Tensor(-9281.226231984096, shape=(), dtype=float64)
nll_grad  cost time: 2.8391942977905273
tf.Tensor(-9374.91932647812, shape=(), dtype=float64)
nll_grad  cost time: 2.9129738807678223
tf.Tensor(-9493.812439667337, shape=(), dtype=float64)
nll_grad  cost time: 2.851348638534546
tf.Tensor(-9533.270751156699, shape=(), dtype=float64)
nll_grad  cost time: 2.9988291263580322
tf.Tensor(-9596.423391614895, shape=(), dtype=float64)
nll_grad  cost time: 3.051776170730591
tf.Tensor(-9679.229790315148, shape=(), dtype=float64)
nll_grad  cost time: 2.86929988861084
tf.Tensor(-9774.656667270974, shape=(), dtype=float64)
nll_grad  cost time: 2.936352252960205
tf.Tensor(-9826.082857244983, shape=(), dtype=float64)
nll_grad  cost time: 3.141364336013794
tf.Tensor(-9875.996980955562, shape=(), dtype=float64)
nll_grad  cost time: 2.9741029739379883
tf.Tensor(-9925.526272486648, shape=(), dtype=float64)
nll_grad  cost time: 2.9984376430511475
tf.Tensor(-9974.950754920836, shape=(), dtype=float64)
nll_grad  cost time: 2.8761353492736816
tf.Tensor(-10045.662532469898, shape=(), dtype=float64)
nll_grad  cost time: 2.880990505218506
tf.Tensor(-10155.727992994041, shape=(), dtype=float64)
nll_grad  cost time: 2.809056520462036
tf.Tensor(-10265.279798730087, shape=(), dtype=float64)
nll_grad  cost time: 2.925938844680786
nll_grad  cost time: 2.9294941425323486
tf.Tensor(-10298.567997289894, shape=(), dtype=float64)
nll_grad  cost time: 2.8565776348114014
tf.Tensor(-10331.986212504897, shape=(), dtype=float64)
nll_grad  cost time: 2.821579933166504
tf.Tensor(-10373.594930704698, shape=(), dtype=float64)
nll_grad  cost time: 2.835874319076538
tf.Tensor(-10398.711243026235, shape=(), dtype=float64)
nll_grad  cost time: 2.8531739711761475
tf.Tensor(-10436.404932826495, shape=(), dtype=float64)
nll_grad  cost time: 2.9802706241607666
tf.Tensor(-10490.355243347687, shape=(), dtype=float64)
nll_grad  cost time: 2.9180281162261963
nll_grad  cost time: 2.8866324424743652
tf.Tensor(-10516.186458839511, shape=(), dtype=float64)
nll_grad  cost time: 2.851511001586914
tf.Tensor(-10542.731486220058, shape=(), dtype=float64)
nll_grad  cost time: 2.858229637145996
tf.Tensor(-10564.125295309146, shape=(), dtype=float64)
nll_grad  cost time: 2.915846347808838
tf.Tensor(-10580.267709820211, shape=(), dtype=float64)
nll_grad  cost time: 2.8849968910217285
tf.Tensor(-10601.709622540846, shape=(), dtype=float64)
nll_grad  cost time: 2.8319973945617676
tf.Tensor(-10611.95988411941, shape=(), dtype=float64)
nll_grad  cost time: 2.908735752105713
tf.Tensor(-10627.475049018729, shape=(), dtype=float64)
nll_grad  cost time: 2.958556652069092
tf.Tensor(-10651.549904144835, shape=(), dtype=float64)
nll_grad  cost time: 2.947375774383545
tf.Tensor(-10673.461506774882, shape=(), dtype=float64)
nll_grad  cost time: 2.9451491832733154
nll_grad  cost time: 2.930389642715454
tf.Tensor(-10683.427404576534, shape=(), dtype=float64)
nll_grad  cost time: 2.8183982372283936
tf.Tensor(-10692.086753992116, shape=(), dtype=float64)
nll_grad  cost time: 2.8137624263763428
tf.Tensor(-10701.59853440999, shape=(), dtype=float64)
nll_grad  cost time: 2.9821743965148926
tf.Tensor(-10709.954811016476, shape=(), dtype=float64)
nll_grad  cost time: 2.9739651679992676
tf.Tensor(-10720.615424543576, shape=(), dtype=float64)
nll_grad  cost time: 2.9619154930114746
tf.Tensor(-10733.922255733109, shape=(), dtype=float64)
nll_grad  cost time: 2.9525718688964844
tf.Tensor(-10738.60166383056, shape=(), dtype=float64)
nll_grad  cost time: 2.866218328475952
tf.Tensor(-10745.611421614216, shape=(), dtype=float64)
nll_grad  cost time: 2.9276323318481445
tf.Tensor(-10752.758322753478, shape=(), dtype=float64)
nll_grad  cost time: 2.8262579441070557
tf.Tensor(-10761.583282324747, shape=(), dtype=float64)
nll_grad  cost time: 3.0850274562835693
tf.Tensor(-10773.228975583625, shape=(), dtype=float64)
nll_grad  cost time: 2.936005115509033
tf.Tensor(-10788.867407236685, shape=(), dtype=float64)
nll_grad  cost time: 2.9853527545928955
tf.Tensor(-10799.424261088745, shape=(), dtype=float64)
nll_grad  cost time: 3.0488460063934326
tf.Tensor(-10811.461367427823, shape=(), dtype=float64)
nll_grad  cost time: 2.9398653507232666
tf.Tensor(-10816.977331638453, shape=(), dtype=float64)
nll_grad  cost time: 2.97076153755188
tf.Tensor(-10824.391458954953, shape=(), dtype=float64)
nll_grad  cost time: 2.999478578567505
tf.Tensor(-10831.285856884308, shape=(), dtype=float64)
nll_grad  cost time: 2.9021894931793213
tf.Tensor(-10840.474667655333, shape=(), dtype=float64)
nll_grad  cost time: 3.083116292953491
tf.Tensor(-10848.548591518862, shape=(), dtype=float64)
nll_grad  cost time: 3.0461409091949463
tf.Tensor(-10853.953177203206, shape=(), dtype=float64)
nll_grad  cost time: 3.093444585800171
tf.Tensor(-10860.948477028098, shape=(), dtype=float64)
nll_grad  cost time: 2.996824264526367
tf.Tensor(-10870.245142981366, shape=(), dtype=float64)
nll_grad  cost time: 3.023235321044922
tf.Tensor(-10878.434576662345, shape=(), dtype=float64)
nll_grad  cost time: 2.982461929321289
tf.Tensor(-10885.957904778086, shape=(), dtype=float64)
nll_grad  cost time: 3.127445936203003
tf.Tensor(-10892.128687847813, shape=(), dtype=float64)
nll_grad  cost time: 2.8811752796173096
tf.Tensor(-10900.218246141085, shape=(), dtype=float64)
nll_grad  cost time: 2.8029987812042236
tf.Tensor(-10905.259575602133, shape=(), dtype=float64)
nll_grad  cost time: 2.9084250926971436
tf.Tensor(-10911.012795490475, shape=(), dtype=float64)
nll_grad  cost time: 2.827186107635498
nll_grad  cost time: 2.894312858581543
tf.Tensor(-10913.972621449386, shape=(), dtype=float64)
nll_grad  cost time: 2.9937076568603516
tf.Tensor(-10917.775621803434, shape=(), dtype=float64)
nll_grad  cost time: 2.9859583377838135
tf.Tensor(-10922.030859488033, shape=(), dtype=float64)
nll_grad  cost time: 2.8990020751953125
tf.Tensor(-10928.200293854694, shape=(), dtype=float64)
nll_grad  cost time: 2.912984609603882
tf.Tensor(-10935.310813301418, shape=(), dtype=float64)
nll_grad  cost time: 2.989123582839966
tf.Tensor(-10942.117671523112, shape=(), dtype=float64)
nll_grad  cost time: 2.9635121822357178
tf.Tensor(-10947.490491797245, shape=(), dtype=float64)
nll_grad  cost time: 2.854203462600708
tf.Tensor(-10954.456050289155, shape=(), dtype=float64)
nll_grad  cost time: 2.8903257846832275
tf.Tensor(-10959.91106549537, shape=(), dtype=float64)
nll_grad  cost time: 2.689762592315674
tf.Tensor(-10964.256555405387, shape=(), dtype=float64)
nll_grad  cost time: 2.766184091567993
tf.Tensor(-10967.202098294234, shape=(), dtype=float64)
nll_grad  cost time: 2.851719379425049
tf.Tensor(-10969.61668926572, shape=(), dtype=float64)
nll_grad  cost time: 2.8734381198883057
tf.Tensor(-10972.20992088929, shape=(), dtype=float64)
nll_grad  cost time: 2.8527796268463135
tf.Tensor(-10975.072226193923, shape=(), dtype=float64)
nll_grad  cost time: 2.913459539413452
tf.Tensor(-10979.215616187212, shape=(), dtype=float64)
nll_grad  cost time: 2.954190731048584
tf.Tensor(-10985.783710757954, shape=(), dtype=float64)
nll_grad  cost time: 2.938767194747925
tf.Tensor(-10992.939454790816, shape=(), dtype=float64)
nll_grad  cost time: 2.942857265472412
tf.Tensor(-10997.831104705721, shape=(), dtype=float64)
nll_grad  cost time: 2.799193859100342
tf.Tensor(-11001.35860768333, shape=(), dtype=float64)
nll_grad  cost time: 2.950251340866089
tf.Tensor(-11006.479865465255, shape=(), dtype=float64)
nll_grad  cost time: 3.0729973316192627
tf.Tensor(-11007.636489015698, shape=(), dtype=float64)
nll_grad  cost time: 2.7984068393707275
tf.Tensor(-11009.53365094986, shape=(), dtype=float64)
nll_grad  cost time: 3.0833544731140137
tf.Tensor(-11012.700212486496, shape=(), dtype=float64)
nll_grad  cost time: 3.0207788944244385
tf.Tensor(-11017.012579024668, shape=(), dtype=float64)
nll_grad  cost time: 3.0057029724121094
tf.Tensor(-11021.19994502778, shape=(), dtype=float64)
nll_grad  cost time: 3.0415685176849365
tf.Tensor(-11026.3005304361, shape=(), dtype=float64)
nll_grad  cost time: 2.9394664764404297
tf.Tensor(-11030.445332403004, shape=(), dtype=float64)
nll_grad  cost time: 3.0480196475982666
tf.Tensor(-11034.654446007611, shape=(), dtype=float64)
nll_grad  cost time: 2.941915988922119
tf.Tensor(-11039.671543851655, shape=(), dtype=float64)
nll_grad  cost time: 3.0336215496063232
tf.Tensor(-11041.737714787378, shape=(), dtype=float64)
nll_grad  cost time: 2.9792189598083496
tf.Tensor(-11044.840174751022, shape=(), dtype=float64)
nll_grad  cost time: 2.935839891433716
tf.Tensor(-11049.385658557556, shape=(), dtype=float64)
nll_grad  cost time: 3.0548269748687744
tf.Tensor(-11053.812013381685, shape=(), dtype=float64)
nll_grad  cost time: 2.8727505207061768
tf.Tensor(-11059.02460207438, shape=(), dtype=float64)
nll_grad  cost time: 2.9086148738861084
tf.Tensor(-11061.016126881848, shape=(), dtype=float64)
nll_grad  cost time: 3.0132896900177
tf.Tensor(-11063.654390975484, shape=(), dtype=float64)
nll_grad  cost time: 3.063953399658203
tf.Tensor(-11067.604718857532, shape=(), dtype=float64)
nll_grad  cost time: 3.1226680278778076
tf.Tensor(-11070.879393443247, shape=(), dtype=float64)
nll_grad  cost time: 3.046696662902832
tf.Tensor(-11074.493576347319, shape=(), dtype=float64)
nll_grad  cost time: 2.8586764335632324
tf.Tensor(-11078.91784399352, shape=(), dtype=float64)
nll_grad  cost time: 2.880276679992676
tf.Tensor(-11083.613807208836, shape=(), dtype=float64)
nll_grad  cost time: 2.8449370861053467
tf.Tensor(-11088.067255215501, shape=(), dtype=float64)
nll_grad  cost time: 3.301135540008545
tf.Tensor(-11091.812204197558, shape=(), dtype=float64)
nll_grad  cost time: 2.9051787853240967
tf.Tensor(-11095.493925802715, shape=(), dtype=float64)
nll_grad  cost time: 2.813624143600464
tf.Tensor(-11100.181187427865, shape=(), dtype=float64)
nll_grad  cost time: 2.976778984069824
tf.Tensor(-11103.51256416655, shape=(), dtype=float64)
nll_grad  cost time: 2.799088478088379
tf.Tensor(-11108.135738944475, shape=(), dtype=float64)
nll_grad  cost time: 2.8566782474517822
tf.Tensor(-11114.2652104015, shape=(), dtype=float64)
nll_grad  cost time: 2.9440300464630127
tf.Tensor(-11118.347872622908, shape=(), dtype=float64)
nll_grad  cost time: 2.9601378440856934
tf.Tensor(-11122.65373136726, shape=(), dtype=float64)
nll_grad  cost time: 3.008882522583008
tf.Tensor(-11126.851120579682, shape=(), dtype=float64)
nll_grad  cost time: 3.0865793228149414
tf.Tensor(-11132.160467668393, shape=(), dtype=float64)
nll_grad  cost time: 2.8965399265289307
tf.Tensor(-11136.748552453515, shape=(), dtype=float64)
nll_grad  cost time: 2.942966938018799
tf.Tensor(-11141.248107129912, shape=(), dtype=float64)
nll_grad  cost time: 2.986114501953125
tf.Tensor(-11143.335840766435, shape=(), dtype=float64)
nll_grad  cost time: 2.9513418674468994
tf.Tensor(-11146.54861826051, shape=(), dtype=float64)
nll_grad  cost time: 2.952082395553589
tf.Tensor(-11151.171083631023, shape=(), dtype=float64)
nll_grad  cost time: 3.0070760250091553
tf.Tensor(-11156.60048602699, shape=(), dtype=float64)
nll_grad  cost time: 2.949531316757202
tf.Tensor(-11159.14917260519, shape=(), dtype=float64)
nll_grad  cost time: 2.856968641281128
tf.Tensor(-11163.027544601646, shape=(), dtype=float64)
nll_grad  cost time: 2.9045639038085938
tf.Tensor(-11167.950933754517, shape=(), dtype=float64)
nll_grad  cost time: 2.9480953216552734
tf.Tensor(-11172.856680789468, shape=(), dtype=float64)
nll_grad  cost time: 2.8263843059539795
nll_grad  cost time: 2.773418426513672
tf.Tensor(-11175.364892133934, shape=(), dtype=float64)
nll_grad  cost time: 2.93367862701416
tf.Tensor(-11179.1791292649, shape=(), dtype=float64)
nll_grad  cost time: 3.0322306156158447
tf.Tensor(-11183.456222159017, shape=(), dtype=float64)
nll_grad  cost time: 2.8850650787353516
tf.Tensor(-11187.982986886724, shape=(), dtype=float64)
nll_grad  cost time: 3.0526669025421143
tf.Tensor(-11190.08496497845, shape=(), dtype=float64)
nll_grad  cost time: 2.982989549636841
tf.Tensor(-11193.034412660738, shape=(), dtype=float64)
nll_grad  cost time: 2.949009656906128
tf.Tensor(-11195.980281218988, shape=(), dtype=float64)
nll_grad  cost time: 2.7471344470977783
tf.Tensor(-11199.465897618968, shape=(), dtype=float64)
nll_grad  cost time: 2.84924578666687
tf.Tensor(-11202.32963358138, shape=(), dtype=float64)
nll_grad  cost time: 2.9927475452423096
tf.Tensor(-11205.353145816378, shape=(), dtype=float64)
nll_grad  cost time: 2.974210739135742
tf.Tensor(-11208.94336456366, shape=(), dtype=float64)
nll_grad  cost time: 2.860262393951416
tf.Tensor(-11211.261591359449, shape=(), dtype=float64)
nll_grad  cost time: 2.8295557498931885
tf.Tensor(-11214.479811337384, shape=(), dtype=float64)
nll_grad  cost time: 2.9701781272888184
tf.Tensor(-11217.049122205033, shape=(), dtype=float64)
nll_grad  cost time: 2.7487964630126953
tf.Tensor(-11219.624096884916, shape=(), dtype=float64)
nll_grad  cost time: 3.0418834686279297
tf.Tensor(-11222.369752523518, shape=(), dtype=float64)
nll_grad  cost time: 2.976290464401245
tf.Tensor(-11224.468652768686, shape=(), dtype=float64)
nll_grad  cost time: 2.9144835472106934
tf.Tensor(-11227.063396494152, shape=(), dtype=float64)
nll_grad  cost time: 3.0320234298706055
tf.Tensor(-11228.61261981717, shape=(), dtype=float64)
nll_grad  cost time: 2.793588876724243
tf.Tensor(-11230.904398054976, shape=(), dtype=float64)
nll_grad  cost time: 2.7768197059631348
tf.Tensor(-11233.358594047546, shape=(), dtype=float64)
nll_grad  cost time: 2.8395116329193115
tf.Tensor(-11235.220260780625, shape=(), dtype=float64)
nll_grad  cost time: 2.8779900074005127
tf.Tensor(-11237.501420582848, shape=(), dtype=float64)
nll_grad  cost time: 2.951646089553833
tf.Tensor(-11240.14958000822, shape=(), dtype=float64)
nll_grad  cost time: 2.913215398788452
tf.Tensor(-11243.280222391128, shape=(), dtype=float64)
nll_grad  cost time: 2.992467164993286
tf.Tensor(-11245.238699496913, shape=(), dtype=float64)
nll_grad  cost time: 2.9569509029388428
tf.Tensor(-11248.306140621586, shape=(), dtype=float64)
nll_grad  cost time: 2.9380247592926025
tf.Tensor(-11253.065655876824, shape=(), dtype=float64)
nll_grad  cost time: 2.878441095352173
tf.Tensor(-11259.42391321325, shape=(), dtype=float64)
nll_grad  cost time: 2.929619550704956
nll_grad  cost time: 2.830369710922241
tf.Tensor(-11262.984512298499, shape=(), dtype=float64)
nll_grad  cost time: 2.81817889213562
tf.Tensor(-11267.542386902707, shape=(), dtype=float64)
nll_grad  cost time: 2.951983690261841
tf.Tensor(-11272.23790962874, shape=(), dtype=float64)
nll_grad  cost time: 2.950375556945801
tf.Tensor(-11277.293942540702, shape=(), dtype=float64)
nll_grad  cost time: 3.017828941345215
tf.Tensor(-11281.814058504591, shape=(), dtype=float64)
nll_grad  cost time: 2.9495394229888916
tf.Tensor(-11284.867278837366, shape=(), dtype=float64)
nll_grad  cost time: 2.8965494632720947
tf.Tensor(-11289.15649554209, shape=(), dtype=float64)
nll_grad  cost time: 3.0627524852752686
tf.Tensor(-11291.45867123593, shape=(), dtype=float64)
nll_grad  cost time: 3.092556953430176
tf.Tensor(-11294.362992888055, shape=(), dtype=float64)
nll_grad  cost time: 2.9553205966949463
tf.Tensor(-11296.185371950633, shape=(), dtype=float64)
nll_grad  cost time: 2.9272501468658447
tf.Tensor(-11298.665480103562, shape=(), dtype=float64)
nll_grad  cost time: 3.0716700553894043
tf.Tensor(-11301.745852694738, shape=(), dtype=float64)
nll_grad  cost time: 2.925483465194702
tf.Tensor(-11304.277838292437, shape=(), dtype=float64)
nll_grad  cost time: 2.820033550262451
tf.Tensor(-11306.499844226215, shape=(), dtype=float64)
nll_grad  cost time: 2.9768216609954834
tf.Tensor(-11308.975982856718, shape=(), dtype=float64)
nll_grad  cost time: 2.938340187072754
tf.Tensor(-11311.016013594483, shape=(), dtype=float64)
nll_grad  cost time: 2.9545211791992188
tf.Tensor(-11313.423248623112, shape=(), dtype=float64)
nll_grad  cost time: 2.9619736671447754
tf.Tensor(-11315.05294035028, shape=(), dtype=float64)
nll_grad  cost time: 2.9595134258270264
tf.Tensor(-11317.051354038027, shape=(), dtype=float64)
nll_grad  cost time: 2.9974911212921143
tf.Tensor(-11318.415958705948, shape=(), dtype=float64)
nll_grad  cost time: 2.9878556728363037
tf.Tensor(-11320.191432200845, shape=(), dtype=float64)
nll_grad  cost time: 3.109985589981079
tf.Tensor(-11321.591336994497, shape=(), dtype=float64)
nll_grad  cost time: 2.8825621604919434
tf.Tensor(-11323.215634983193, shape=(), dtype=float64)
nll_grad  cost time: 2.8694040775299072
tf.Tensor(-11325.316822662855, shape=(), dtype=float64)
nll_grad  cost time: 3.031795024871826
tf.Tensor(-11327.68010276206, shape=(), dtype=float64)
nll_grad  cost time: 2.9549362659454346
tf.Tensor(-11329.700521507519, shape=(), dtype=float64)
nll_grad  cost time: 2.9987573623657227
tf.Tensor(-11332.310198480845, shape=(), dtype=float64)
nll_grad  cost time: 2.833672046661377
tf.Tensor(-11334.920320499172, shape=(), dtype=float64)
nll_grad  cost time: 2.7545979022979736
tf.Tensor(-11338.582292366009, shape=(), dtype=float64)
nll_grad  cost time: 2.794543743133545
tf.Tensor(-11342.51700127175, shape=(), dtype=float64)
nll_grad  cost time: 2.881704092025757
tf.Tensor(-11344.97001879949, shape=(), dtype=float64)
nll_grad  cost time: 3.0092875957489014
tf.Tensor(-11347.242186943724, shape=(), dtype=float64)
nll_grad  cost time: 2.825552463531494
tf.Tensor(-11349.563278951195, shape=(), dtype=float64)
nll_grad  cost time: 2.85097599029541
tf.Tensor(-11350.619243481437, shape=(), dtype=float64)
nll_grad  cost time: 2.9654300212860107
tf.Tensor(-11352.262109632698, shape=(), dtype=float64)
nll_grad  cost time: 2.8676514625549316
tf.Tensor(-11354.531410498515, shape=(), dtype=float64)
nll_grad  cost time: 2.708285331726074
tf.Tensor(-11356.853389951764, shape=(), dtype=float64)
nll_grad  cost time: 2.9973251819610596
tf.Tensor(-11358.761147900172, shape=(), dtype=float64)
nll_grad  cost time: 2.9447903633117676
nll_grad  cost time: 2.8360772132873535
tf.Tensor(-11359.747968077696, shape=(), dtype=float64)
nll_grad  cost time: 2.909006357192993
tf.Tensor(-11361.072992579051, shape=(), dtype=float64)
nll_grad  cost time: 2.912083864212036
tf.Tensor(-11362.614169617722, shape=(), dtype=float64)
nll_grad  cost time: 2.9306206703186035
tf.Tensor(-11364.466891962846, shape=(), dtype=float64)
nll_grad  cost time: 2.9612607955932617
tf.Tensor(-11365.542826417863, shape=(), dtype=float64)
nll_grad  cost time: 2.9644126892089844
tf.Tensor(-11367.25241141858, shape=(), dtype=float64)
nll_grad  cost time: 2.7937662601470947
tf.Tensor(-11369.704659612005, shape=(), dtype=float64)
nll_grad  cost time: 2.7930257320404053
tf.Tensor(-11372.13912876413, shape=(), dtype=float64)
nll_grad  cost time: 2.8906779289245605
nll_grad  cost time: 2.9017910957336426
tf.Tensor(-11373.41703204203, shape=(), dtype=float64)
nll_grad  cost time: 2.922935962677002
tf.Tensor(-11374.56140152298, shape=(), dtype=float64)
nll_grad  cost time: 3.02042555809021
tf.Tensor(-11375.852694871843, shape=(), dtype=float64)
nll_grad  cost time: 2.8808155059814453
tf.Tensor(-11377.127441897712, shape=(), dtype=float64)
nll_grad  cost time: 2.8041787147521973
tf.Tensor(-11378.576661470579, shape=(), dtype=float64)
nll_grad  cost time: 2.927098512649536
tf.Tensor(-11379.602032230396, shape=(), dtype=float64)
nll_grad  cost time: 2.930091619491577
tf.Tensor(-11380.532243645852, shape=(), dtype=float64)
nll_grad  cost time: 2.9123411178588867
tf.Tensor(-11380.979468395344, shape=(), dtype=float64)
nll_grad  cost time: 3.0002424716949463
tf.Tensor(-11381.575058765593, shape=(), dtype=float64)
nll_grad  cost time: 3.0702741146087646
tf.Tensor(-11382.089859229316, shape=(), dtype=float64)
nll_grad  cost time: 2.926959753036499
tf.Tensor(-11382.584382724854, shape=(), dtype=float64)
nll_grad  cost time: 2.875035047531128
tf.Tensor(-11383.193947308086, shape=(), dtype=float64)
nll_grad  cost time: 2.760075807571411
tf.Tensor(-11383.976557039903, shape=(), dtype=float64)
nll_grad  cost time: 2.8757121562957764
tf.Tensor(-11384.844360989613, shape=(), dtype=float64)
nll_grad  cost time: 2.8550846576690674
tf.Tensor(-11385.466139786775, shape=(), dtype=float64)
nll_grad  cost time: 3.06317400932312
tf.Tensor(-11386.082905181487, shape=(), dtype=float64)
nll_grad  cost time: 3.0186874866485596
tf.Tensor(-11386.57779631464, shape=(), dtype=float64)
nll_grad  cost time: 3.0982024669647217
tf.Tensor(-11387.347238019625, shape=(), dtype=float64)
nll_grad  cost time: 3.099228858947754
tf.Tensor(-11388.347057104787, shape=(), dtype=float64)
nll_grad  cost time: 2.9190757274627686
tf.Tensor(-11388.87647157033, shape=(), dtype=float64)
nll_grad  cost time: 2.980897903442383
tf.Tensor(-11389.518411436227, shape=(), dtype=float64)
nll_grad  cost time: 2.9149413108825684
tf.Tensor(-11390.12667681244, shape=(), dtype=float64)
nll_grad  cost time: 2.812096118927002
tf.Tensor(-11390.84900340288, shape=(), dtype=float64)
nll_grad  cost time: 2.8715760707855225
tf.Tensor(-11391.909683037033, shape=(), dtype=float64)
nll_grad  cost time: 2.915055513381958
tf.Tensor(-11393.532224849034, shape=(), dtype=float64)
nll_grad  cost time: 2.9886395931243896
tf.Tensor(-11395.337869377523, shape=(), dtype=float64)
nll_grad  cost time: 2.8613297939300537
tf.Tensor(-11397.987976363045, shape=(), dtype=float64)
nll_grad  cost time: 3.083890438079834
tf.Tensor(-11402.613787779497, shape=(), dtype=float64)
nll_grad  cost time: 2.951770067214966
tf.Tensor(-11408.708111367836, shape=(), dtype=float64)
nll_grad  cost time: 2.9043209552764893
nll_grad  cost time: 2.9378185272216797
tf.Tensor(-11412.0003460843, shape=(), dtype=float64)
nll_grad  cost time: 2.8624980449676514
tf.Tensor(-11416.110172980698, shape=(), dtype=float64)
nll_grad  cost time: 2.8662967681884766
tf.Tensor(-11421.067956314102, shape=(), dtype=float64)
nll_grad  cost time: 2.9084970951080322
tf.Tensor(-11425.570838759872, shape=(), dtype=float64)
nll_grad  cost time: 2.773958206176758
tf.Tensor(-11431.337810121258, shape=(), dtype=float64)
nll_grad  cost time: 2.837465763092041
nll_grad  cost time: 2.7686877250671387
tf.Tensor(-11433.779305580603, shape=(), dtype=float64)
nll_grad  cost time: 2.9409053325653076
tf.Tensor(-11436.211449433948, shape=(), dtype=float64)
nll_grad  cost time: 2.8673555850982666
tf.Tensor(-11437.401313626047, shape=(), dtype=float64)
nll_grad  cost time: 2.8246967792510986
tf.Tensor(-11439.03225202833, shape=(), dtype=float64)
nll_grad  cost time: 2.7912800312042236
tf.Tensor(-11440.851597869703, shape=(), dtype=float64)
nll_grad  cost time: 2.8258512020111084
tf.Tensor(-11441.365796859696, shape=(), dtype=float64)
nll_grad  cost time: 2.8406178951263428
tf.Tensor(-11442.210586460154, shape=(), dtype=float64)
nll_grad  cost time: 2.827662229537964
tf.Tensor(-11443.35330217913, shape=(), dtype=float64)
nll_grad  cost time: 2.832474946975708
tf.Tensor(-11444.004949512171, shape=(), dtype=float64)
nll_grad  cost time: 2.8533713817596436
tf.Tensor(-11444.763440970572, shape=(), dtype=float64)
nll_grad  cost time: 2.8194479942321777
tf.Tensor(-11445.382222466891, shape=(), dtype=float64)
nll_grad  cost time: 2.822373151779175
tf.Tensor(-11446.195647132154, shape=(), dtype=float64)
nll_grad  cost time: 3.06701397895813
tf.Tensor(-11447.234578156786, shape=(), dtype=float64)
nll_grad  cost time: 2.9240546226501465
tf.Tensor(-11447.783610432722, shape=(), dtype=float64)
nll_grad  cost time: 2.921558380126953
tf.Tensor(-11448.557975468939, shape=(), dtype=float64)
nll_grad  cost time: 2.7848501205444336
tf.Tensor(-11449.266026951918, shape=(), dtype=float64)
nll_grad  cost time: 2.8962862491607666
tf.Tensor(-11449.857611402753, shape=(), dtype=float64)
nll_grad  cost time: 2.7054359912872314
tf.Tensor(-11450.445826379182, shape=(), dtype=float64)
nll_grad  cost time: 2.8085548877716064
tf.Tensor(-11450.894330453179, shape=(), dtype=float64)
nll_grad  cost time: 2.8007001876831055
tf.Tensor(-11451.258526999307, shape=(), dtype=float64)
nll_grad  cost time: 2.923488140106201
tf.Tensor(-11451.633818080474, shape=(), dtype=float64)
nll_grad  cost time: 2.9958248138427734
tf.Tensor(-11452.056234963413, shape=(), dtype=float64)
nll_grad  cost time: 2.872375965118408
tf.Tensor(-11452.525376246704, shape=(), dtype=float64)
nll_grad  cost time: 2.6866936683654785
tf.Tensor(-11452.920308163651, shape=(), dtype=float64)
nll_grad  cost time: 2.774470567703247
tf.Tensor(-11453.330008307683, shape=(), dtype=float64)
nll_grad  cost time: 2.75331711769104
tf.Tensor(-11453.70749507811, shape=(), dtype=float64)
nll_grad  cost time: 2.6963047981262207
tf.Tensor(-11454.114535063127, shape=(), dtype=float64)
nll_grad  cost time: 2.763244152069092
tf.Tensor(-11454.49483469491, shape=(), dtype=float64)
nll_grad  cost time: 2.841930627822876
tf.Tensor(-11454.87521505433, shape=(), dtype=float64)
nll_grad  cost time: 2.8449957370758057
tf.Tensor(-11455.243324915471, shape=(), dtype=float64)
nll_grad  cost time: 2.836501121520996
tf.Tensor(-11455.652398318343, shape=(), dtype=float64)
nll_grad  cost time: 2.8405964374542236
tf.Tensor(-11455.82788727666, shape=(), dtype=float64)
nll_grad  cost time: 2.8610546588897705
tf.Tensor(-11456.099292492618, shape=(), dtype=float64)
nll_grad  cost time: 3.0250139236450195
tf.Tensor(-11456.425277922448, shape=(), dtype=float64)
nll_grad  cost time: 2.8272464275360107
tf.Tensor(-11456.623448813516, shape=(), dtype=float64)
nll_grad  cost time: 2.8244552612304688
tf.Tensor(-11456.880032633104, shape=(), dtype=float64)
nll_grad  cost time: 2.8916938304901123
tf.Tensor(-11457.103156770092, shape=(), dtype=float64)
nll_grad  cost time: 2.978928804397583
tf.Tensor(-11457.306193129145, shape=(), dtype=float64)
nll_grad  cost time: 3.179055690765381
tf.Tensor(-11457.529310926606, shape=(), dtype=float64)
nll_grad  cost time: 2.835106611251831
tf.Tensor(-11457.750423912235, shape=(), dtype=float64)
nll_grad  cost time: 2.730041027069092
tf.Tensor(-11458.03136787709, shape=(), dtype=float64)
nll_grad  cost time: 2.8563153743743896
tf.Tensor(-11458.388573997203, shape=(), dtype=float64)
nll_grad  cost time: 2.954301595687866
tf.Tensor(-11458.538596122751, shape=(), dtype=float64)
nll_grad  cost time: 2.9380900859832764
tf.Tensor(-11458.771943942193, shape=(), dtype=float64)
nll_grad  cost time: 2.723536968231201
tf.Tensor(-11459.102760450529, shape=(), dtype=float64)
nll_grad  cost time: 2.749605417251587
tf.Tensor(-11459.460760924601, shape=(), dtype=float64)
nll_grad  cost time: 2.8724911212921143
tf.Tensor(-11459.804121020446, shape=(), dtype=float64)
nll_grad  cost time: 2.842526912689209
tf.Tensor(-11460.260014882726, shape=(), dtype=float64)
nll_grad  cost time: 2.887941360473633
tf.Tensor(-11460.626681612732, shape=(), dtype=float64)
nll_grad  cost time: 2.872655153274536
tf.Tensor(-11461.00944101948, shape=(), dtype=float64)
nll_grad  cost time: 2.8443870544433594
tf.Tensor(-11461.381672497766, shape=(), dtype=float64)
nll_grad  cost time: 2.7761783599853516
tf.Tensor(-11461.786949677124, shape=(), dtype=float64)
nll_grad  cost time: 2.779010057449341
tf.Tensor(-11462.204286939574, shape=(), dtype=float64)
nll_grad  cost time: 2.8438949584960938
tf.Tensor(-11462.54646150257, shape=(), dtype=float64)
nll_grad  cost time: 2.874558210372925
tf.Tensor(-11462.650958934384, shape=(), dtype=float64)
nll_grad  cost time: 2.907696485519409
tf.Tensor(-11462.829968611564, shape=(), dtype=float64)
nll_grad  cost time: 3.0288197994232178
tf.Tensor(-11463.111015884417, shape=(), dtype=float64)
nll_grad  cost time: 3.119860887527466
tf.Tensor(-11463.424955545575, shape=(), dtype=float64)
nll_grad  cost time: 2.9771018028259277
tf.Tensor(-11463.604868478797, shape=(), dtype=float64)
nll_grad  cost time: 2.840775728225708
tf.Tensor(-11463.828164817998, shape=(), dtype=float64)
nll_grad  cost time: 2.840292453765869
tf.Tensor(-11464.095011207748, shape=(), dtype=float64)
nll_grad  cost time: 2.816941499710083
tf.Tensor(-11464.288237769004, shape=(), dtype=float64)
nll_grad  cost time: 2.7906956672668457
tf.Tensor(-11464.489135275027, shape=(), dtype=float64)
nll_grad  cost time: 2.7531728744506836
tf.Tensor(-11464.773520110146, shape=(), dtype=float64)
nll_grad  cost time: 2.9428019523620605
tf.Tensor(-11465.13304296579, shape=(), dtype=float64)
nll_grad  cost time: 2.953930616378784
tf.Tensor(-11465.452894857219, shape=(), dtype=float64)
nll_grad  cost time: 2.9812755584716797
tf.Tensor(-11465.73349542031, shape=(), dtype=float64)
nll_grad  cost time: 2.9980838298797607
tf.Tensor(-11465.943789720593, shape=(), dtype=float64)
nll_grad  cost time: 2.855275869369507
tf.Tensor(-11466.23133514711, shape=(), dtype=float64)
nll_grad  cost time: 2.9562160968780518
tf.Tensor(-11466.562626726685, shape=(), dtype=float64)
nll_grad  cost time: 2.7199666500091553
tf.Tensor(-11466.941212212012, shape=(), dtype=float64)
nll_grad  cost time: 2.7997007369995117
tf.Tensor(-11467.367085237755, shape=(), dtype=float64)
nll_grad  cost time: 2.9029135704040527
tf.Tensor(-11467.752624160115, shape=(), dtype=float64)
nll_grad  cost time: 2.9465622901916504
nll_grad  cost time: 2.986443042755127
tf.Tensor(-11467.94850706058, shape=(), dtype=float64)
nll_grad  cost time: 3.1913721561431885
tf.Tensor(-11468.232026279773, shape=(), dtype=float64)
nll_grad  cost time: 3.204374313354492
tf.Tensor(-11468.547788398537, shape=(), dtype=float64)
nll_grad  cost time: 3.002561092376709
tf.Tensor(-11468.771943080428, shape=(), dtype=float64)
nll_grad  cost time: 2.858689546585083
tf.Tensor(-11468.970568962446, shape=(), dtype=float64)
nll_grad  cost time: 3.0464680194854736
tf.Tensor(-11469.163123165876, shape=(), dtype=float64)
nll_grad  cost time: 3.050213098526001
tf.Tensor(-11469.351838839284, shape=(), dtype=float64)
nll_grad  cost time: 2.8564999103546143
tf.Tensor(-11469.506517392416, shape=(), dtype=float64)
nll_grad  cost time: 3.074958086013794
tf.Tensor(-11469.666846826025, shape=(), dtype=float64)
nll_grad  cost time: 2.985659599304199
tf.Tensor(-11469.82940154757, shape=(), dtype=float64)
nll_grad  cost time: 2.9208602905273438
tf.Tensor(-11469.989806594502, shape=(), dtype=float64)
nll_grad  cost time: 2.889030933380127
tf.Tensor(-11470.150382421532, shape=(), dtype=float64)
nll_grad  cost time: 2.9997615814208984
tf.Tensor(-11470.325807486799, shape=(), dtype=float64)
nll_grad  cost time: 2.9491915702819824
tf.Tensor(-11470.443520016423, shape=(), dtype=float64)
nll_grad  cost time: 2.904413938522339
tf.Tensor(-11470.593890847573, shape=(), dtype=float64)
nll_grad  cost time: 3.0121326446533203
tf.Tensor(-11470.737965718654, shape=(), dtype=float64)
nll_grad  cost time: 2.8650333881378174
tf.Tensor(-11470.89097761039, shape=(), dtype=float64)
nll_grad  cost time: 3.020277976989746
tf.Tensor(-11471.047270831594, shape=(), dtype=float64)
nll_grad  cost time: 2.8954532146453857
tf.Tensor(-11471.187899356235, shape=(), dtype=float64)
nll_grad  cost time: 2.738173723220825
tf.Tensor(-11471.344357120353, shape=(), dtype=float64)
nll_grad  cost time: 2.8878180980682373
tf.Tensor(-11471.427562785837, shape=(), dtype=float64)
nll_grad  cost time: 2.938145399093628
tf.Tensor(-11471.517010170435, shape=(), dtype=float64)
nll_grad  cost time: 3.0362727642059326
tf.Tensor(-11471.620771346308, shape=(), dtype=float64)
nll_grad  cost time: 3.0015459060668945
tf.Tensor(-11471.64012560113, shape=(), dtype=float64)
nll_grad  cost time: 2.760620594024658
tf.Tensor(-11471.673600578986, shape=(), dtype=float64)
nll_grad  cost time: 2.7886745929718018
tf.Tensor(-11471.726292675907, shape=(), dtype=float64)
nll_grad  cost time: 2.8600451946258545
tf.Tensor(-11471.788166133541, shape=(), dtype=float64)
nll_grad  cost time: 3.0551838874816895
tf.Tensor(-11471.828950375762, shape=(), dtype=float64)
nll_grad  cost time: 3.0263922214508057
tf.Tensor(-11471.892004881389, shape=(), dtype=float64)
nll_grad  cost time: 2.8576083183288574
tf.Tensor(-11471.967449429336, shape=(), dtype=float64)
nll_grad  cost time: 2.8425064086914062
tf.Tensor(-11471.997875636327, shape=(), dtype=float64)
nll_grad  cost time: 3.064715623855591
tf.Tensor(-11472.035699365995, shape=(), dtype=float64)
nll_grad  cost time: 2.758099317550659
tf.Tensor(-11472.091467952516, shape=(), dtype=float64)
nll_grad  cost time: 2.8595921993255615
tf.Tensor(-11472.159601129686, shape=(), dtype=float64)
nll_grad  cost time: 2.7400472164154053
tf.Tensor(-11472.214626920082, shape=(), dtype=float64)
nll_grad  cost time: 2.839526653289795
tf.Tensor(-11472.277291465369, shape=(), dtype=float64)
nll_grad  cost time: 2.8576323986053467
tf.Tensor(-11472.347688613343, shape=(), dtype=float64)
nll_grad  cost time: 2.958165407180786
tf.Tensor(-11472.395779824787, shape=(), dtype=float64)
nll_grad  cost time: 2.919198989868164
tf.Tensor(-11472.443744505275, shape=(), dtype=float64)
nll_grad  cost time: 2.8830296993255615
tf.Tensor(-11472.490362327902, shape=(), dtype=float64)
nll_grad  cost time: 2.912581205368042
tf.Tensor(-11472.539127075004, shape=(), dtype=float64)
nll_grad  cost time: 2.810739040374756
tf.Tensor(-11472.589522637369, shape=(), dtype=float64)
nll_grad  cost time: 2.9331421852111816
tf.Tensor(-11472.630929941217, shape=(), dtype=float64)
nll_grad  cost time: 2.8622124195098877
tf.Tensor(-11472.666309124244, shape=(), dtype=float64)
nll_grad  cost time: 2.7780580520629883
tf.Tensor(-11472.698763518245, shape=(), dtype=float64)
nll_grad  cost time: 2.891385555267334
tf.Tensor(-11472.729024048022, shape=(), dtype=float64)
nll_grad  cost time: 2.8663198947906494
tf.Tensor(-11472.746447135672, shape=(), dtype=float64)
nll_grad  cost time: 2.750565767288208
tf.Tensor(-11472.76569542598, shape=(), dtype=float64)
nll_grad  cost time: 2.8140487670898438
tf.Tensor(-11472.782227549986, shape=(), dtype=float64)
nll_grad  cost time: 2.858901262283325
tf.Tensor(-11472.796376678161, shape=(), dtype=float64)
nll_grad  cost time: 2.8228139877319336
tf.Tensor(-11472.813487400577, shape=(), dtype=float64)
nll_grad  cost time: 2.962015390396118
tf.Tensor(-11472.827505720015, shape=(), dtype=float64)
nll_grad  cost time: 2.943486213684082
tf.Tensor(-11472.843360009618, shape=(), dtype=float64)
nll_grad  cost time: 2.851452112197876
tf.Tensor(-11472.855128780975, shape=(), dtype=float64)
nll_grad  cost time: 2.7954065799713135
tf.Tensor(-11472.865636607268, shape=(), dtype=float64)
nll_grad  cost time: 2.970689535140991
tf.Tensor(-11472.877981746366, shape=(), dtype=float64)
nll_grad  cost time: 2.8693857192993164
tf.Tensor(-11472.894221662777, shape=(), dtype=float64)
nll_grad  cost time: 3.0176126956939697
tf.Tensor(-11472.9095030897, shape=(), dtype=float64)
nll_grad  cost time: 2.9239466190338135
tf.Tensor(-11472.921479959921, shape=(), dtype=float64)
nll_grad  cost time: 2.9594600200653076
tf.Tensor(-11472.933996759966, shape=(), dtype=float64)
nll_grad  cost time: 2.9973502159118652
tf.Tensor(-11472.949290960722, shape=(), dtype=float64)
nll_grad  cost time: 3.0993213653564453
tf.Tensor(-11472.963626977136, shape=(), dtype=float64)
nll_grad  cost time: 3.0617406368255615
tf.Tensor(-11472.975194621555, shape=(), dtype=float64)
nll_grad  cost time: 3.0431020259857178
tf.Tensor(-11472.985774448214, shape=(), dtype=float64)
nll_grad  cost time: 2.870028257369995
tf.Tensor(-11472.99697587124, shape=(), dtype=float64)
nll_grad  cost time: 2.867800712585449
tf.Tensor(-11473.009820018473, shape=(), dtype=float64)
nll_grad  cost time: 2.934847116470337
tf.Tensor(-11473.024595254334, shape=(), dtype=float64)
nll_grad  cost time: 2.9116270542144775
tf.Tensor(-11473.041299403434, shape=(), dtype=float64)
nll_grad  cost time: 2.9679055213928223
tf.Tensor(-11473.060205945316, shape=(), dtype=float64)
nll_grad  cost time: 3.009983777999878
tf.Tensor(-11473.083116961614, shape=(), dtype=float64)
nll_grad  cost time: 3.009803056716919
tf.Tensor(-11473.11207233918, shape=(), dtype=float64)
nll_grad  cost time: 3.0872268676757812
tf.Tensor(-11473.144904205597, shape=(), dtype=float64)
nll_grad  cost time: 2.8578155040740967
tf.Tensor(-11473.176463383941, shape=(), dtype=float64)
nll_grad  cost time: 2.857086658477783
tf.Tensor(-11473.204789793006, shape=(), dtype=float64)
nll_grad  cost time: 2.9393062591552734
tf.Tensor(-11473.233563144931, shape=(), dtype=float64)
nll_grad  cost time: 2.810304880142212
tf.Tensor(-11473.265566448306, shape=(), dtype=float64)
nll_grad  cost time: 2.969453811645508
tf.Tensor(-11473.293914870108, shape=(), dtype=float64)
nll_grad  cost time: 2.9919824600219727
tf.Tensor(-11473.314823311375, shape=(), dtype=float64)
nll_grad  cost time: 2.9967238903045654
tf.Tensor(-11473.330546551271, shape=(), dtype=float64)
nll_grad  cost time: 3.023972749710083
tf.Tensor(-11473.347872467919, shape=(), dtype=float64)
nll_grad  cost time: 2.9506680965423584
tf.Tensor(-11473.368466595635, shape=(), dtype=float64)
nll_grad  cost time: 2.8423140048980713
tf.Tensor(-11473.391030293526, shape=(), dtype=float64)
nll_grad  cost time: 2.938953399658203
tf.Tensor(-11473.417529963866, shape=(), dtype=float64)
nll_grad  cost time: 2.8286306858062744
tf.Tensor(-11473.45357288238, shape=(), dtype=float64)
nll_grad  cost time: 2.7418248653411865
tf.Tensor(-11473.498672508547, shape=(), dtype=float64)
nll_grad  cost time: 2.8453032970428467
tf.Tensor(-11473.536235404099, shape=(), dtype=float64)
nll_grad  cost time: 2.8572990894317627
tf.Tensor(-11473.57070042181, shape=(), dtype=float64)
nll_grad  cost time: 2.8919684886932373
tf.Tensor(-11473.59221753584, shape=(), dtype=float64)
nll_grad  cost time: 2.7493948936462402
tf.Tensor(-11473.614224484405, shape=(), dtype=float64)
nll_grad  cost time: 2.877192258834839
tf.Tensor(-11473.640172862462, shape=(), dtype=float64)
nll_grad  cost time: 2.9705238342285156
tf.Tensor(-11473.675587212638, shape=(), dtype=float64)
nll_grad  cost time: 3.04571795463562
tf.Tensor(-11473.723098876351, shape=(), dtype=float64)
nll_grad  cost time: 2.9846882820129395
tf.Tensor(-11473.756759394597, shape=(), dtype=float64)
nll_grad  cost time: 2.921752691268921
tf.Tensor(-11473.789827453533, shape=(), dtype=float64)
nll_grad  cost time: 2.8604564666748047
tf.Tensor(-11473.825401463673, shape=(), dtype=float64)
nll_grad  cost time: 2.949648380279541
tf.Tensor(-11473.866671164651, shape=(), dtype=float64)
nll_grad  cost time: 2.8333282470703125
tf.Tensor(-11473.903748555967, shape=(), dtype=float64)
nll_grad  cost time: 2.8609073162078857
tf.Tensor(-11473.954279764774, shape=(), dtype=float64)
nll_grad  cost time: 2.8324849605560303
tf.Tensor(-11474.023386727058, shape=(), dtype=float64)
nll_grad  cost time: 2.9728472232818604
tf.Tensor(-11474.098791426244, shape=(), dtype=float64)
nll_grad  cost time: 2.8101720809936523
tf.Tensor(-11474.167416575357, shape=(), dtype=float64)
nll_grad  cost time: 2.802278757095337
tf.Tensor(-11474.230103711448, shape=(), dtype=float64)
nll_grad  cost time: 2.7827296257019043
tf.Tensor(-11474.316576865811, shape=(), dtype=float64)
nll_grad  cost time: 2.9846410751342773
tf.Tensor(-11474.35107483857, shape=(), dtype=float64)
nll_grad  cost time: 2.9305572509765625
tf.Tensor(-11474.406261745564, shape=(), dtype=float64)
nll_grad  cost time: 2.9677324295043945
tf.Tensor(-11474.480943684215, shape=(), dtype=float64)
nll_grad  cost time: 2.8537919521331787
nll_grad  cost time: 2.747119188308716
tf.Tensor(-11474.528775720511, shape=(), dtype=float64)
nll_grad  cost time: 2.809695243835449
tf.Tensor(-11474.59564812047, shape=(), dtype=float64)
nll_grad  cost time: 2.835838556289673
tf.Tensor(-11474.666125411099, shape=(), dtype=float64)
nll_grad  cost time: 3.3036389350891113
tf.Tensor(-11474.728154206961, shape=(), dtype=float64)
nll_grad  cost time: 2.783456325531006
tf.Tensor(-11474.7885149467, shape=(), dtype=float64)
nll_grad  cost time: 2.7890446186065674
tf.Tensor(-11474.831269187507, shape=(), dtype=float64)
nll_grad  cost time: 3.0027530193328857
tf.Tensor(-11474.897285039799, shape=(), dtype=float64)
nll_grad  cost time: 2.862241506576538
tf.Tensor(-11474.980085600539, shape=(), dtype=float64)
nll_grad  cost time: 2.7318918704986572
tf.Tensor(-11475.04748539142, shape=(), dtype=float64)
nll_grad  cost time: 2.8546156883239746
tf.Tensor(-11475.081258734412, shape=(), dtype=float64)
nll_grad  cost time: 2.9480719566345215
tf.Tensor(-11475.124432989069, shape=(), dtype=float64)
nll_grad  cost time: 2.9852347373962402
tf.Tensor(-11475.154299785612, shape=(), dtype=float64)
nll_grad  cost time: 2.954012632369995
tf.Tensor(-11475.19298857206, shape=(), dtype=float64)
nll_grad  cost time: 2.8444974422454834
tf.Tensor(-11475.226515094819, shape=(), dtype=float64)
nll_grad  cost time: 2.953113317489624
tf.Tensor(-11475.243713265769, shape=(), dtype=float64)
nll_grad  cost time: 2.90207576751709
tf.Tensor(-11475.268755351091, shape=(), dtype=float64)
nll_grad  cost time: 2.8104465007781982
tf.Tensor(-11475.305205747838, shape=(), dtype=float64)
nll_grad  cost time: 3.002521276473999
tf.Tensor(-11475.334857969014, shape=(), dtype=float64)
nll_grad  cost time: 2.8608510494232178
tf.Tensor(-11475.366923361828, shape=(), dtype=float64)
nll_grad  cost time: 2.8942131996154785
tf.Tensor(-11475.38338811339, shape=(), dtype=float64)
nll_grad  cost time: 2.8928933143615723
tf.Tensor(-11475.40729281721, shape=(), dtype=float64)
nll_grad  cost time: 2.8032214641571045
tf.Tensor(-11475.432579309665, shape=(), dtype=float64)
nll_grad  cost time: 2.987821578979492
tf.Tensor(-11475.451869715736, shape=(), dtype=float64)
nll_grad  cost time: 2.996448040008545
tf.Tensor(-11475.476654758219, shape=(), dtype=float64)
nll_grad  cost time: 2.861077070236206
tf.Tensor(-11475.507448773442, shape=(), dtype=float64)
nll_grad  cost time: 3.0057437419891357
tf.Tensor(-11475.52933576818, shape=(), dtype=float64)
nll_grad  cost time: 2.841148614883423
tf.Tensor(-11475.551152028533, shape=(), dtype=float64)
nll_grad  cost time: 2.8797767162323
tf.Tensor(-11475.562266062741, shape=(), dtype=float64)
nll_grad  cost time: 2.7713468074798584
tf.Tensor(-11475.580157705834, shape=(), dtype=float64)
nll_grad  cost time: 2.7077672481536865
tf.Tensor(-11475.602593574684, shape=(), dtype=float64)
nll_grad  cost time: 2.9030418395996094
tf.Tensor(-11475.616916072871, shape=(), dtype=float64)
nll_grad  cost time: 3.0130515098571777
tf.Tensor(-11475.631500073923, shape=(), dtype=float64)
nll_grad  cost time: 3.0281455516815186
tf.Tensor(-11475.65131829723, shape=(), dtype=float64)
nll_grad  cost time: 2.8123300075531006
tf.Tensor(-11475.674627576493, shape=(), dtype=float64)
nll_grad  cost time: 2.838364362716675
tf.Tensor(-11475.694410202253, shape=(), dtype=float64)
nll_grad  cost time: 2.768061399459839
tf.Tensor(-11475.719099304417, shape=(), dtype=float64)
nll_grad  cost time: 2.619249105453491
tf.Tensor(-11475.742926339153, shape=(), dtype=float64)
nll_grad  cost time: 2.8193328380584717
tf.Tensor(-11475.769040711737, shape=(), dtype=float64)
nll_grad  cost time: 2.8215506076812744
tf.Tensor(-11475.79217484202, shape=(), dtype=float64)
nll_grad  cost time: 2.8507485389709473
tf.Tensor(-11475.814076943665, shape=(), dtype=float64)
nll_grad  cost time: 2.858006238937378
tf.Tensor(-11475.839726068654, shape=(), dtype=float64)
nll_grad  cost time: 2.853395700454712
tf.Tensor(-11475.866039583041, shape=(), dtype=float64)
nll_grad  cost time: 3.0173652172088623
tf.Tensor(-11475.891203468218, shape=(), dtype=float64)
nll_grad  cost time: 2.997236967086792
tf.Tensor(-11475.911253828937, shape=(), dtype=float64)
nll_grad  cost time: 2.9065635204315186
tf.Tensor(-11475.92765718705, shape=(), dtype=float64)
nll_grad  cost time: 2.9273717403411865
tf.Tensor(-11475.943008819733, shape=(), dtype=float64)
nll_grad  cost time: 2.677548408508301
tf.Tensor(-11475.956911963283, shape=(), dtype=float64)
nll_grad  cost time: 2.8195767402648926
tf.Tensor(-11475.971946172322, shape=(), dtype=float64)
nll_grad  cost time: 2.9822916984558105
tf.Tensor(-11475.99046754784, shape=(), dtype=float64)
nll_grad  cost time: 3.0009922981262207
tf.Tensor(-11476.009500922948, shape=(), dtype=float64)
nll_grad  cost time: 2.991391897201538
tf.Tensor(-11476.026277811834, shape=(), dtype=float64)
nll_grad  cost time: 2.9601311683654785
tf.Tensor(-11476.041927098187, shape=(), dtype=float64)
nll_grad  cost time: 2.8124701976776123
tf.Tensor(-11476.057835497377, shape=(), dtype=float64)
nll_grad  cost time: 2.7865817546844482
tf.Tensor(-11476.071029418279, shape=(), dtype=float64)
nll_grad  cost time: 2.9074866771698
tf.Tensor(-11476.08396239271, shape=(), dtype=float64)
nll_grad  cost time: 3.0214436054229736
tf.Tensor(-11476.099229910425, shape=(), dtype=float64)
nll_grad  cost time: 2.955573797225952
tf.Tensor(-11476.11177912364, shape=(), dtype=float64)
nll_grad  cost time: 3.0624051094055176
tf.Tensor(-11476.119446656012, shape=(), dtype=float64)
nll_grad  cost time: 3.187147378921509
tf.Tensor(-11476.125430484259, shape=(), dtype=float64)
nll_grad  cost time: 2.9658141136169434
tf.Tensor(-11476.130750845587, shape=(), dtype=float64)
nll_grad  cost time: 2.925586462020874
tf.Tensor(-11476.138838117018, shape=(), dtype=float64)
nll_grad  cost time: 3.055798292160034
tf.Tensor(-11476.149796932128, shape=(), dtype=float64)
nll_grad  cost time: 2.876127004623413
tf.Tensor(-11476.16301890056, shape=(), dtype=float64)
nll_grad  cost time: 2.9081547260284424
tf.Tensor(-11476.181515286044, shape=(), dtype=float64)
nll_grad  cost time: 2.874642848968506
tf.Tensor(-11476.201602445413, shape=(), dtype=float64)
nll_grad  cost time: 2.960202217102051
tf.Tensor(-11476.214396468247, shape=(), dtype=float64)
nll_grad  cost time: 2.9805383682250977
tf.Tensor(-11476.230625095115, shape=(), dtype=float64)
nll_grad  cost time: 2.8801770210266113
tf.Tensor(-11476.245529734333, shape=(), dtype=float64)
nll_grad  cost time: 3.1112890243530273
tf.Tensor(-11476.266065326156, shape=(), dtype=float64)
nll_grad  cost time: 2.9172677993774414
tf.Tensor(-11476.28330764253, shape=(), dtype=float64)
nll_grad  cost time: 3.044198989868164
tf.Tensor(-11476.30313989675, shape=(), dtype=float64)
nll_grad  cost time: 2.9096932411193848
tf.Tensor(-11476.32702037417, shape=(), dtype=float64)
nll_grad  cost time: 2.8641040325164795
tf.Tensor(-11476.34543479517, shape=(), dtype=float64)
nll_grad  cost time: 2.820235013961792
tf.Tensor(-11476.358670871537, shape=(), dtype=float64)
nll_grad  cost time: 2.8277759552001953
tf.Tensor(-11476.373318654223, shape=(), dtype=float64)
nll_grad  cost time: 2.884554147720337
tf.Tensor(-11476.394477468108, shape=(), dtype=float64)
nll_grad  cost time: 2.8800292015075684
tf.Tensor(-11476.419869273399, shape=(), dtype=float64)
nll_grad  cost time: 2.9633424282073975
tf.Tensor(-11476.439352792753, shape=(), dtype=float64)
nll_grad  cost time: 2.9623172283172607
tf.Tensor(-11476.46473023457, shape=(), dtype=float64)
nll_grad  cost time: 2.9732675552368164
tf.Tensor(-11476.480923767376, shape=(), dtype=float64)
nll_grad  cost time: 2.8130991458892822
tf.Tensor(-11476.488538156267, shape=(), dtype=float64)
nll_grad  cost time: 2.923999309539795
tf.Tensor(-11476.497365771102, shape=(), dtype=float64)
nll_grad  cost time: 3.0174670219421387
tf.Tensor(-11476.50679068812, shape=(), dtype=float64)
nll_grad  cost time: 2.9945249557495117
tf.Tensor(-11476.52147960259, shape=(), dtype=float64)
nll_grad  cost time: 2.8762922286987305
tf.Tensor(-11476.542836023302, shape=(), dtype=float64)
nll_grad  cost time: 2.7969276905059814
tf.Tensor(-11476.561960986088, shape=(), dtype=float64)
nll_grad  cost time: 2.8409628868103027
tf.Tensor(-11476.57779563083, shape=(), dtype=float64)
nll_grad  cost time: 2.812225341796875
tf.Tensor(-11476.595712073402, shape=(), dtype=float64)
nll_grad  cost time: 2.810681104660034
tf.Tensor(-11476.613810709383, shape=(), dtype=float64)
nll_grad  cost time: 2.928863763809204
tf.Tensor(-11476.628982335063, shape=(), dtype=float64)
nll_grad  cost time: 2.8339426517486572
tf.Tensor(-11476.643142772671, shape=(), dtype=float64)
nll_grad  cost time: 2.7435014247894287
tf.Tensor(-11476.65575416421, shape=(), dtype=float64)
nll_grad  cost time: 2.9801814556121826
tf.Tensor(-11476.667618383995, shape=(), dtype=float64)
nll_grad  cost time: 2.8523342609405518
tf.Tensor(-11476.675713750381, shape=(), dtype=float64)
nll_grad  cost time: 2.90869140625
tf.Tensor(-11476.686647062008, shape=(), dtype=float64)
nll_grad  cost time: 2.8184964656829834
tf.Tensor(-11476.696361691997, shape=(), dtype=float64)
nll_grad  cost time: 2.949150800704956
tf.Tensor(-11476.704665974179, shape=(), dtype=float64)
nll_grad  cost time: 2.768413543701172
tf.Tensor(-11476.713399517324, shape=(), dtype=float64)
nll_grad  cost time: 2.749739408493042
tf.Tensor(-11476.72138704759, shape=(), dtype=float64)
nll_grad  cost time: 3.0378477573394775
tf.Tensor(-11476.727408294562, shape=(), dtype=float64)
nll_grad  cost time: 3.0698606967926025
tf.Tensor(-11476.731391489539, shape=(), dtype=float64)
nll_grad  cost time: 3.17983341217041
tf.Tensor(-11476.734697920794, shape=(), dtype=float64)
nll_grad  cost time: 2.9752912521362305
tf.Tensor(-11476.737678362766, shape=(), dtype=float64)
nll_grad  cost time: 2.822350263595581
tf.Tensor(-11476.74133078218, shape=(), dtype=float64)
nll_grad  cost time: 2.8450560569763184
tf.Tensor(-11476.745839138555, shape=(), dtype=float64)
nll_grad  cost time: 2.8403103351593018
tf.Tensor(-11476.750164316134, shape=(), dtype=float64)
nll_grad  cost time: 2.8451523780822754
tf.Tensor(-11476.753559445082, shape=(), dtype=float64)
nll_grad  cost time: 2.8194820880889893
tf.Tensor(-11476.756408321515, shape=(), dtype=float64)
nll_grad  cost time: 2.8366122245788574
tf.Tensor(-11476.7594018821, shape=(), dtype=float64)
nll_grad  cost time: 2.9687130451202393
tf.Tensor(-11476.76254877022, shape=(), dtype=float64)
nll_grad  cost time: 3.170227527618408
tf.Tensor(-11476.766249612174, shape=(), dtype=float64)
nll_grad  cost time: 2.8894805908203125
tf.Tensor(-11476.769746724072, shape=(), dtype=float64)
nll_grad  cost time: 3.0072805881500244
tf.Tensor(-11476.772614961144, shape=(), dtype=float64)
nll_grad  cost time: 2.8938798904418945
tf.Tensor(-11476.776099813895, shape=(), dtype=float64)
nll_grad  cost time: 3.0162014961242676
tf.Tensor(-11476.781491192593, shape=(), dtype=float64)
nll_grad  cost time: 3.0612897872924805
tf.Tensor(-11476.790090046896, shape=(), dtype=float64)
nll_grad  cost time: 2.9565553665161133
tf.Tensor(-11476.803383062965, shape=(), dtype=float64)
nll_grad  cost time: 2.8330719470977783
nll_grad  cost time: 3.0004472732543945
tf.Tensor(-11476.812184782171, shape=(), dtype=float64)
nll_grad  cost time: 3.712554454803467
tf.Tensor(-11476.826895032667, shape=(), dtype=float64)
nll_grad  cost time: 3.0676639080047607
tf.Tensor(-11476.8492439342, shape=(), dtype=float64)
nll_grad  cost time: 3.106924057006836
tf.Tensor(-11476.885493883885, shape=(), dtype=float64)
nll_grad  cost time: 2.9993574619293213
tf.Tensor(-11476.939623901068, shape=(), dtype=float64)
nll_grad  cost time: 2.9899280071258545
tf.Tensor(-11477.001564747101, shape=(), dtype=float64)
nll_grad  cost time: 2.930112838745117
nll_grad  cost time: 2.994635581970215
tf.Tensor(-11477.036557987085, shape=(), dtype=float64)
nll_grad  cost time: 2.955500364303589
tf.Tensor(-11477.088671369256, shape=(), dtype=float64)
nll_grad  cost time: 2.7611563205718994
tf.Tensor(-11477.140354529743, shape=(), dtype=float64)
nll_grad  cost time: 2.870358943939209
tf.Tensor(-11477.221123013784, shape=(), dtype=float64)
nll_grad  cost time: 2.899280548095703
tf.Tensor(-11477.28717015644, shape=(), dtype=float64)
nll_grad  cost time: 2.9650330543518066
tf.Tensor(-11477.367969767718, shape=(), dtype=float64)
nll_grad  cost time: 2.8515303134918213
tf.Tensor(-11477.388977180555, shape=(), dtype=float64)
nll_grad  cost time: 2.8728744983673096
tf.Tensor(-11477.426107751395, shape=(), dtype=float64)
nll_grad  cost time: 2.9258382320404053
tf.Tensor(-11477.492387232844, shape=(), dtype=float64)
nll_grad  cost time: 2.8665378093719482
tf.Tensor(-11477.59832303274, shape=(), dtype=float64)
nll_grad  cost time: 2.8403854370117188
tf.Tensor(-11477.694690101194, shape=(), dtype=float64)
nll_grad  cost time: 2.914177179336548
tf.Tensor(-11477.76953074032, shape=(), dtype=float64)
nll_grad  cost time: 2.843806028366089
tf.Tensor(-11477.872970240802, shape=(), dtype=float64)
nll_grad  cost time: 2.785230875015259
tf.Tensor(-11478.011579684207, shape=(), dtype=float64)
nll_grad  cost time: 2.7236039638519287
tf.Tensor(-11478.12694682142, shape=(), dtype=float64)
nll_grad  cost time: 2.976447105407715
tf.Tensor(-11478.255973288633, shape=(), dtype=float64)
nll_grad  cost time: 2.998783826828003
tf.Tensor(-11478.40561097849, shape=(), dtype=float64)
nll_grad  cost time: 3.038299560546875
tf.Tensor(-11478.513836319882, shape=(), dtype=float64)
nll_grad  cost time: 2.734077215194702
tf.Tensor(-11478.659411697885, shape=(), dtype=float64)
nll_grad  cost time: 2.8872017860412598
tf.Tensor(-11478.856150565767, shape=(), dtype=float64)
nll_grad  cost time: 2.934337854385376
tf.Tensor(-11479.100931039095, shape=(), dtype=float64)
nll_grad  cost time: 2.8358254432678223
tf.Tensor(-11479.228167192341, shape=(), dtype=float64)
nll_grad  cost time: 2.947870969772339
tf.Tensor(-11479.416817701403, shape=(), dtype=float64)
nll_grad  cost time: 2.742297649383545
tf.Tensor(-11479.671261549054, shape=(), dtype=float64)
nll_grad  cost time: 2.825664520263672
tf.Tensor(-11479.898295399213, shape=(), dtype=float64)
nll_grad  cost time: 3.0600998401641846
tf.Tensor(-11480.10388103624, shape=(), dtype=float64)
nll_grad  cost time: 2.846367120742798
tf.Tensor(-11480.342558296139, shape=(), dtype=float64)
nll_grad  cost time: 2.774190902709961
tf.Tensor(-11480.557703553703, shape=(), dtype=float64)
nll_grad  cost time: 2.9619765281677246
tf.Tensor(-11480.784189121707, shape=(), dtype=float64)
nll_grad  cost time: 3.0438618659973145
tf.Tensor(-11481.04653184568, shape=(), dtype=float64)
nll_grad  cost time: 3.0491323471069336
tf.Tensor(-11481.206015316027, shape=(), dtype=float64)
nll_grad  cost time: 2.921459674835205
tf.Tensor(-11481.374107171763, shape=(), dtype=float64)
nll_grad  cost time: 2.973827600479126
tf.Tensor(-11481.579343195212, shape=(), dtype=float64)
nll_grad  cost time: 2.8931074142456055
tf.Tensor(-11481.834500455177, shape=(), dtype=float64)
nll_grad  cost time: 2.864140510559082
tf.Tensor(-11482.02306151792, shape=(), dtype=float64)
nll_grad  cost time: 3.079667568206787
tf.Tensor(-11482.286973277991, shape=(), dtype=float64)
nll_grad  cost time: 3.0773112773895264
tf.Tensor(-11482.628632915254, shape=(), dtype=float64)
nll_grad  cost time: 2.8547232151031494
tf.Tensor(-11483.01978976915, shape=(), dtype=float64)
nll_grad  cost time: 2.8007102012634277
tf.Tensor(-11483.40439278039, shape=(), dtype=float64)
nll_grad  cost time: 2.7299883365631104
tf.Tensor(-11483.840708124259, shape=(), dtype=float64)
nll_grad  cost time: 2.7395951747894287
tf.Tensor(-11484.234509310507, shape=(), dtype=float64)
nll_grad  cost time: 2.6816413402557373
tf.Tensor(-11484.48401534805, shape=(), dtype=float64)
nll_grad  cost time: 2.816535711288452
tf.Tensor(-11484.823733208254, shape=(), dtype=float64)
nll_grad  cost time: 2.748725414276123
tf.Tensor(-11485.232220830698, shape=(), dtype=float64)
nll_grad  cost time: 2.8732991218566895
tf.Tensor(-11485.721381496987, shape=(), dtype=float64)
nll_grad  cost time: 2.9309420585632324
tf.Tensor(-11486.113874119805, shape=(), dtype=float64)
nll_grad  cost time: 3.054103374481201
tf.Tensor(-11486.610146613923, shape=(), dtype=float64)
nll_grad  cost time: 2.954935312271118
tf.Tensor(-11486.975306488122, shape=(), dtype=float64)
nll_grad  cost time: 2.9186904430389404
tf.Tensor(-11487.299070902409, shape=(), dtype=float64)
nll_grad  cost time: 2.8836076259613037
tf.Tensor(-11487.575518911573, shape=(), dtype=float64)
nll_grad  cost time: 2.8255417346954346
tf.Tensor(-11487.894104777075, shape=(), dtype=float64)
nll_grad  cost time: 3.0055127143859863
tf.Tensor(-11488.211131273929, shape=(), dtype=float64)
nll_grad  cost time: 2.9847428798675537
tf.Tensor(-11488.538726803727, shape=(), dtype=float64)
nll_grad  cost time: 2.861203193664551
tf.Tensor(-11488.797764839215, shape=(), dtype=float64)
nll_grad  cost time: 2.8678781986236572
tf.Tensor(-11489.085078353677, shape=(), dtype=float64)
nll_grad  cost time: 3.026312828063965
tf.Tensor(-11489.34837269985, shape=(), dtype=float64)
nll_grad  cost time: 3.1102776527404785
tf.Tensor(-11489.614374904413, shape=(), dtype=float64)
nll_grad  cost time: 2.9487931728363037
tf.Tensor(-11489.835692739049, shape=(), dtype=float64)
nll_grad  cost time: 2.7917838096618652
tf.Tensor(-11490.092936056604, shape=(), dtype=float64)
nll_grad  cost time: 2.7796096801757812
tf.Tensor(-11490.304978707507, shape=(), dtype=float64)
nll_grad  cost time: 2.8802990913391113
tf.Tensor(-11490.550813013971, shape=(), dtype=float64)
nll_grad  cost time: 2.7950823307037354
tf.Tensor(-11490.77018461579, shape=(), dtype=float64)
nll_grad  cost time: 2.971355676651001
tf.Tensor(-11490.899261805163, shape=(), dtype=float64)
nll_grad  cost time: 2.894598960876465
tf.Tensor(-11491.049824604714, shape=(), dtype=float64)
nll_grad  cost time: 2.9371776580810547
tf.Tensor(-11491.24554686878, shape=(), dtype=float64)
nll_grad  cost time: 2.87447452545166
tf.Tensor(-11491.411208876794, shape=(), dtype=float64)
nll_grad  cost time: 2.9146194458007812
tf.Tensor(-11491.652428211386, shape=(), dtype=float64)
nll_grad  cost time: 2.8798108100891113
tf.Tensor(-11491.897768434192, shape=(), dtype=float64)
nll_grad  cost time: 2.8873648643493652
tf.Tensor(-11492.00399143586, shape=(), dtype=float64)
nll_grad  cost time: 2.979752540588379
tf.Tensor(-11492.139759200145, shape=(), dtype=float64)
nll_grad  cost time: 3.0105361938476562
tf.Tensor(-11492.237178929714, shape=(), dtype=float64)
nll_grad  cost time: 3.2394461631774902
tf.Tensor(-11492.330824456094, shape=(), dtype=float64)
nll_grad  cost time: 2.9555022716522217
tf.Tensor(-11492.421824292822, shape=(), dtype=float64)
nll_grad  cost time: 2.8755528926849365
tf.Tensor(-11492.486222564916, shape=(), dtype=float64)
nll_grad  cost time: 2.849693536758423
tf.Tensor(-11492.550440184437, shape=(), dtype=float64)
nll_grad  cost time: 2.800767660140991
tf.Tensor(-11492.600251829106, shape=(), dtype=float64)
nll_grad  cost time: 2.9781551361083984
tf.Tensor(-11492.65383671664, shape=(), dtype=float64)
nll_grad  cost time: 2.999439239501953
tf.Tensor(-11492.712391976576, shape=(), dtype=float64)
nll_grad  cost time: 3.098776340484619
tf.Tensor(-11492.769333938606, shape=(), dtype=float64)
nll_grad  cost time: 2.9985806941986084
tf.Tensor(-11492.844233668162, shape=(), dtype=float64)
nll_grad  cost time: 2.826402187347412
tf.Tensor(-11492.930029734915, shape=(), dtype=float64)
nll_grad  cost time: 2.7177021503448486
tf.Tensor(-11492.998643084193, shape=(), dtype=float64)
nll_grad  cost time: 2.6983251571655273
tf.Tensor(-11493.067164697404, shape=(), dtype=float64)
nll_grad  cost time: 2.839569091796875
tf.Tensor(-11493.135019737216, shape=(), dtype=float64)
nll_grad  cost time: 2.8544957637786865
tf.Tensor(-11493.2177336518, shape=(), dtype=float64)
nll_grad  cost time: 2.8459722995758057
tf.Tensor(-11493.302851467317, shape=(), dtype=float64)
nll_grad  cost time: 2.764779806137085
tf.Tensor(-11493.363170267272, shape=(), dtype=float64)
nll_grad  cost time: 2.909773826599121
tf.Tensor(-11493.441848855251, shape=(), dtype=float64)
nll_grad  cost time: 3.006533622741699
tf.Tensor(-11493.500029324518, shape=(), dtype=float64)
nll_grad  cost time: 2.7952518463134766
tf.Tensor(-11493.535368721165, shape=(), dtype=float64)
nll_grad  cost time: 2.986300468444824
tf.Tensor(-11493.57552214797, shape=(), dtype=float64)
nll_grad  cost time: 2.8836545944213867
tf.Tensor(-11493.621463714215, shape=(), dtype=float64)
nll_grad  cost time: 3.0383763313293457
tf.Tensor(-11493.65945493626, shape=(), dtype=float64)
nll_grad  cost time: 2.9619948863983154
tf.Tensor(-11493.687248815328, shape=(), dtype=float64)
nll_grad  cost time: 2.912614107131958
tf.Tensor(-11493.720073689263, shape=(), dtype=float64)
nll_grad  cost time: 2.911341667175293
tf.Tensor(-11493.753128608318, shape=(), dtype=float64)
nll_grad  cost time: 2.966768741607666
tf.Tensor(-11493.78509670293, shape=(), dtype=float64)
nll_grad  cost time: 3.0615434646606445
tf.Tensor(-11493.8199747881, shape=(), dtype=float64)
nll_grad  cost time: 2.8801612854003906
tf.Tensor(-11493.861910494044, shape=(), dtype=float64)
nll_grad  cost time: 2.813054084777832
tf.Tensor(-11493.890492881223, shape=(), dtype=float64)
nll_grad  cost time: 2.792914628982544
tf.Tensor(-11493.905661957931, shape=(), dtype=float64)
nll_grad  cost time: 2.9028451442718506
tf.Tensor(-11493.918075891888, shape=(), dtype=float64)
nll_grad  cost time: 2.8984079360961914
tf.Tensor(-11493.930454700025, shape=(), dtype=float64)
nll_grad  cost time: 2.808525323867798
tf.Tensor(-11493.939284736538, shape=(), dtype=float64)
nll_grad  cost time: 2.788907766342163
tf.Tensor(-11493.947878506715, shape=(), dtype=float64)
nll_grad  cost time: 2.755242109298706
tf.Tensor(-11493.959224523584, shape=(), dtype=float64)
nll_grad  cost time: 2.6552321910858154
tf.Tensor(-11493.975831289303, shape=(), dtype=float64)
nll_grad  cost time: 2.5859405994415283
tf.Tensor(-11493.993061485446, shape=(), dtype=float64)
nll_grad  cost time: 2.8692405223846436
tf.Tensor(-11494.006899971046, shape=(), dtype=float64)
nll_grad  cost time: 2.7586443424224854
tf.Tensor(-11494.02163110756, shape=(), dtype=float64)
nll_grad  cost time: 3.0021698474884033
tf.Tensor(-11494.033868953582, shape=(), dtype=float64)
nll_grad  cost time: 2.8282437324523926
tf.Tensor(-11494.04195431001, shape=(), dtype=float64)
nll_grad  cost time: 2.8046276569366455
tf.Tensor(-11494.04887150264, shape=(), dtype=float64)
nll_grad  cost time: 2.9877166748046875
tf.Tensor(-11494.057025724109, shape=(), dtype=float64)
nll_grad  cost time: 2.892458438873291
tf.Tensor(-11494.065532567856, shape=(), dtype=float64)
nll_grad  cost time: 2.9636104106903076
tf.Tensor(-11494.077111058938, shape=(), dtype=float64)
nll_grad  cost time: 2.953134536743164
tf.Tensor(-11494.086394077949, shape=(), dtype=float64)
nll_grad  cost time: 2.8250906467437744
tf.Tensor(-11494.09339442978, shape=(), dtype=float64)
nll_grad  cost time: 2.98555326461792
tf.Tensor(-11494.100531547094, shape=(), dtype=float64)
nll_grad  cost time: 2.8846664428710938
tf.Tensor(-11494.108561085395, shape=(), dtype=float64)
nll_grad  cost time: 2.7779970169067383
tf.Tensor(-11494.115048020667, shape=(), dtype=float64)
nll_grad  cost time: 2.8931949138641357
tf.Tensor(-11494.120182720566, shape=(), dtype=float64)
nll_grad  cost time: 2.6770524978637695
tf.Tensor(-11494.124827877018, shape=(), dtype=float64)
nll_grad  cost time: 2.674778938293457
tf.Tensor(-11494.129819852678, shape=(), dtype=float64)
nll_grad  cost time: 2.76073956489563
tf.Tensor(-11494.134856594417, shape=(), dtype=float64)
nll_grad  cost time: 2.846848964691162
tf.Tensor(-11494.140147651058, shape=(), dtype=float64)
nll_grad  cost time: 2.8732922077178955
tf.Tensor(-11494.146034294568, shape=(), dtype=float64)
nll_grad  cost time: 2.910050392150879
tf.Tensor(-11494.152991998639, shape=(), dtype=float64)
nll_grad  cost time: 2.8966104984283447
tf.Tensor(-11494.160180864426, shape=(), dtype=float64)
nll_grad  cost time: 2.9799411296844482
tf.Tensor(-11494.166417291028, shape=(), dtype=float64)
nll_grad  cost time: 2.8787405490875244
tf.Tensor(-11494.171577175592, shape=(), dtype=float64)
nll_grad  cost time: 2.8988454341888428
tf.Tensor(-11494.176372455244, shape=(), dtype=float64)
nll_grad  cost time: 2.8381102085113525
tf.Tensor(-11494.181535103624, shape=(), dtype=float64)
nll_grad  cost time: 2.755185127258301
tf.Tensor(-11494.18705747142, shape=(), dtype=float64)
nll_grad  cost time: 3.035473585128784
tf.Tensor(-11494.192495301108, shape=(), dtype=float64)
nll_grad  cost time: 2.9224302768707275
tf.Tensor(-11494.197427817002, shape=(), dtype=float64)
nll_grad  cost time: 2.893937110900879
tf.Tensor(-11494.20161145182, shape=(), dtype=float64)
nll_grad  cost time: 2.891619920730591
tf.Tensor(-11494.204878638644, shape=(), dtype=float64)
nll_grad  cost time: 2.819681167602539
tf.Tensor(-11494.207379726027, shape=(), dtype=float64)
nll_grad  cost time: 2.9505348205566406
tf.Tensor(-11494.20958161935, shape=(), dtype=float64)
nll_grad  cost time: 3.083435535430908
tf.Tensor(-11494.211831449891, shape=(), dtype=float64)
nll_grad  cost time: 2.951425075531006
tf.Tensor(-11494.214169951509, shape=(), dtype=float64)
nll_grad  cost time: 2.9466381072998047
tf.Tensor(-11494.216429288666, shape=(), dtype=float64)
nll_grad  cost time: 2.9360544681549072
tf.Tensor(-11494.218436855273, shape=(), dtype=float64)
nll_grad  cost time: 2.7626824378967285
tf.Tensor(-11494.220161148878, shape=(), dtype=float64)
nll_grad  cost time: 2.8071794509887695
tf.Tensor(-11494.22167553087, shape=(), dtype=float64)
nll_grad  cost time: 2.859510898590088
tf.Tensor(-11494.223075497976, shape=(), dtype=float64)
nll_grad  cost time: 2.8253657817840576
tf.Tensor(-11494.224347929427, shape=(), dtype=float64)
nll_grad  cost time: 2.9566125869750977
tf.Tensor(-11494.225421332034, shape=(), dtype=float64)
nll_grad  cost time: 2.9287800788879395
tf.Tensor(-11494.226303785046, shape=(), dtype=float64)
nll_grad  cost time: 2.8060452938079834
tf.Tensor(-11494.227051639431, shape=(), dtype=float64)
nll_grad  cost time: 2.7570278644561768
tf.Tensor(-11494.227748762849, shape=(), dtype=float64)
nll_grad  cost time: 2.870924472808838
tf.Tensor(-11494.22845093636, shape=(), dtype=float64)
nll_grad  cost time: 2.9811174869537354
tf.Tensor(-11494.229155667115, shape=(), dtype=float64)
nll_grad  cost time: 2.95961856842041
tf.Tensor(-11494.2298312063, shape=(), dtype=float64)
nll_grad  cost time: 2.9347145557403564
tf.Tensor(-11494.230465014185, shape=(), dtype=float64)
nll_grad  cost time: 2.870187520980835
tf.Tensor(-11494.231063353003, shape=(), dtype=float64)
nll_grad  cost time: 2.854480028152466
tf.Tensor(-11494.231606825306, shape=(), dtype=float64)
nll_grad  cost time: 2.9735679626464844
tf.Tensor(-11494.232045483903, shape=(), dtype=float64)
nll_grad  cost time: 3.0481278896331787
tf.Tensor(-11494.232370635717, shape=(), dtype=float64)
nll_grad  cost time: 2.932643175125122
tf.Tensor(-11494.232650186947, shape=(), dtype=float64)
nll_grad  cost time: 2.9611988067626953
tf.Tensor(-11494.232964852072, shape=(), dtype=float64)
nll_grad  cost time: 2.9508514404296875
tf.Tensor(-11494.233343645123, shape=(), dtype=float64)
nll_grad  cost time: 2.8607239723205566
tf.Tensor(-11494.233758660303, shape=(), dtype=float64)
nll_grad  cost time: 2.8788416385650635
tf.Tensor(-11494.234172797958, shape=(), dtype=float64)
nll_grad  cost time: 2.8399224281311035
tf.Tensor(-11494.234574112681, shape=(), dtype=float64)
nll_grad  cost time: 2.771925210952759
tf.Tensor(-11494.234963706662, shape=(), dtype=float64)
nll_grad  cost time: 3.107219696044922
tf.Tensor(-11494.235332094515, shape=(), dtype=float64)
nll_grad  cost time: 2.8546786308288574
tf.Tensor(-11494.235673293038, shape=(), dtype=float64)
nll_grad  cost time: 2.7994308471679688
tf.Tensor(-11494.235982534265, shape=(), dtype=float64)
nll_grad  cost time: 2.929447650909424
tf.Tensor(-11494.236242654522, shape=(), dtype=float64)
nll_grad  cost time: 2.8752760887145996
tf.Tensor(-11494.23644618857, shape=(), dtype=float64)
nll_grad  cost time: 3.0707759857177734
tf.Tensor(-11494.236624469955, shape=(), dtype=float64)
nll_grad  cost time: 2.906592845916748
tf.Tensor(-11494.23682928622, shape=(), dtype=float64)
nll_grad  cost time: 2.949388265609741
tf.Tensor(-11494.237100228354, shape=(), dtype=float64)
nll_grad  cost time: 3.110076904296875
tf.Tensor(-11494.237432271988, shape=(), dtype=float64)
nll_grad  cost time: 3.084561824798584
tf.Tensor(-11494.237790384519, shape=(), dtype=float64)
nll_grad  cost time: 2.9696028232574463
tf.Tensor(-11494.238169901848, shape=(), dtype=float64)
nll_grad  cost time: 2.910032272338867
tf.Tensor(-11494.238620267239, shape=(), dtype=float64)
nll_grad  cost time: 3.0006368160247803
tf.Tensor(-11494.239176875617, shape=(), dtype=float64)
nll_grad  cost time: 3.066021203994751
tf.Tensor(-11494.23980393363, shape=(), dtype=float64)
nll_grad  cost time: 2.924116849899292
tf.Tensor(-11494.240430544003, shape=(), dtype=float64)
nll_grad  cost time: 2.880323648452759
tf.Tensor(-11494.24104609793, shape=(), dtype=float64)
nll_grad  cost time: 2.8425936698913574
tf.Tensor(-11494.241667790378, shape=(), dtype=float64)
nll_grad  cost time: 2.8274085521698
tf.Tensor(-11494.242243194869, shape=(), dtype=float64)
nll_grad  cost time: 2.911219358444214
tf.Tensor(-11494.242693625583, shape=(), dtype=float64)
nll_grad  cost time: 2.911151170730591
tf.Tensor(-11494.243069960328, shape=(), dtype=float64)
nll_grad  cost time: 2.787325382232666
tf.Tensor(-11494.243526903472, shape=(), dtype=float64)
nll_grad  cost time: 2.72342848777771
tf.Tensor(-11494.24422866707, shape=(), dtype=float64)
nll_grad  cost time: 2.8894615173339844
tf.Tensor(-11494.245196142449, shape=(), dtype=float64)
nll_grad  cost time: 2.840729236602783
tf.Tensor(-11494.2461489876, shape=(), dtype=float64)
nll_grad  cost time: 2.9280142784118652
tf.Tensor(-11494.246845513528, shape=(), dtype=float64)
nll_grad  cost time: 2.7538766860961914
tf.Tensor(-11494.247305056932, shape=(), dtype=float64)
nll_grad  cost time: 2.9170401096343994
tf.Tensor(-11494.247694354137, shape=(), dtype=float64)
nll_grad  cost time: 2.800100088119507
tf.Tensor(-11494.2481474759, shape=(), dtype=float64)
nll_grad  cost time: 2.936877727508545
tf.Tensor(-11494.248743392338, shape=(), dtype=float64)
nll_grad  cost time: 2.7817671298980713
tf.Tensor(-11494.249569384556, shape=(), dtype=float64)
nll_grad  cost time: 2.8451945781707764
tf.Tensor(-11494.250640756061, shape=(), dtype=float64)
nll_grad  cost time: 2.8939473628997803
tf.Tensor(-11494.251909074697, shape=(), dtype=float64)
nll_grad  cost time: 2.7542808055877686
tf.Tensor(-11494.253210172814, shape=(), dtype=float64)
nll_grad  cost time: 2.793390989303589
tf.Tensor(-11494.254494435136, shape=(), dtype=float64)
nll_grad  cost time: 2.8617920875549316
tf.Tensor(-11494.255807306392, shape=(), dtype=float64)
nll_grad  cost time: 2.8797922134399414
tf.Tensor(-11494.257291325637, shape=(), dtype=float64)
nll_grad  cost time: 2.8517215251922607
tf.Tensor(-11494.258804361016, shape=(), dtype=float64)
nll_grad  cost time: 2.7815961837768555
tf.Tensor(-11494.260336425981, shape=(), dtype=float64)
nll_grad  cost time: 2.9814345836639404
tf.Tensor(-11494.261802334677, shape=(), dtype=float64)
nll_grad  cost time: 2.780681610107422
tf.Tensor(-11494.263724308264, shape=(), dtype=float64)
nll_grad  cost time: 2.839723587036133
tf.Tensor(-11494.265725946749, shape=(), dtype=float64)
nll_grad  cost time: 2.8853189945220947
tf.Tensor(-11494.268127395717, shape=(), dtype=float64)
nll_grad  cost time: 2.9577248096466064
tf.Tensor(-11494.269997842126, shape=(), dtype=float64)
nll_grad  cost time: 2.9203028678894043
tf.Tensor(-11494.271413909213, shape=(), dtype=float64)
nll_grad  cost time: 2.8987958431243896
tf.Tensor(-11494.272296186507, shape=(), dtype=float64)
nll_grad  cost time: 2.913378953933716
tf.Tensor(-11494.273503944318, shape=(), dtype=float64)
nll_grad  cost time: 2.7347769737243652
tf.Tensor(-11494.27515020406, shape=(), dtype=float64)
nll_grad  cost time: 2.79207181930542
tf.Tensor(-11494.277075009988, shape=(), dtype=float64)
nll_grad  cost time: 2.8000576496124268
tf.Tensor(-11494.278447838846, shape=(), dtype=float64)
nll_grad  cost time: 2.925431966781616
tf.Tensor(-11494.279486718158, shape=(), dtype=float64)
nll_grad  cost time: 2.799570083618164
tf.Tensor(-11494.280321861428, shape=(), dtype=float64)
nll_grad  cost time: 2.799384593963623
tf.Tensor(-11494.280998832623, shape=(), dtype=float64)
nll_grad  cost time: 2.843522071838379
tf.Tensor(-11494.281791383364, shape=(), dtype=float64)
nll_grad  cost time: 2.805711269378662
tf.Tensor(-11494.282655855957, shape=(), dtype=float64)
nll_grad  cost time: 2.7783007621765137
tf.Tensor(-11494.283090934383, shape=(), dtype=float64)
nll_grad  cost time: 2.893899917602539
tf.Tensor(-11494.283364278956, shape=(), dtype=float64)
nll_grad  cost time: 2.9211490154266357
tf.Tensor(-11494.283805923234, shape=(), dtype=float64)
nll_grad  cost time: 2.8927299976348877
tf.Tensor(-11494.284474905657, shape=(), dtype=float64)
nll_grad  cost time: 2.736372470855713
tf.Tensor(-11494.285274906379, shape=(), dtype=float64)
nll_grad  cost time: 2.6651275157928467
tf.Tensor(-11494.28629280515, shape=(), dtype=float64)
nll_grad  cost time: 2.9121460914611816
tf.Tensor(-11494.287420480076, shape=(), dtype=float64)
nll_grad  cost time: 2.890256881713867
tf.Tensor(-11494.288055809338, shape=(), dtype=float64)
nll_grad  cost time: 2.864427089691162
tf.Tensor(-11494.288899102976, shape=(), dtype=float64)
nll_grad  cost time: 2.9660227298736572
tf.Tensor(-11494.289575063383, shape=(), dtype=float64)
nll_grad  cost time: 2.936967134475708
tf.Tensor(-11494.29023018289, shape=(), dtype=float64)
nll_grad  cost time: 3.0150556564331055
tf.Tensor(-11494.29061497793, shape=(), dtype=float64)
nll_grad  cost time: 3.116453170776367
tf.Tensor(-11494.291070179886, shape=(), dtype=float64)
nll_grad  cost time: 3.1721179485321045
tf.Tensor(-11494.291335580096, shape=(), dtype=float64)
nll_grad  cost time: 2.941099166870117
tf.Tensor(-11494.291582420588, shape=(), dtype=float64)
nll_grad  cost time: 2.8103108406066895
tf.Tensor(-11494.291813289143, shape=(), dtype=float64)
nll_grad  cost time: 2.8425605297088623
tf.Tensor(-11494.292112976043, shape=(), dtype=float64)
nll_grad  cost time: 2.8255481719970703
tf.Tensor(-11494.29252152643, shape=(), dtype=float64)
nll_grad  cost time: 2.958247661590576
tf.Tensor(-11494.293115589619, shape=(), dtype=float64)
nll_grad  cost time: 3.035661458969116
tf.Tensor(-11494.293908381773, shape=(), dtype=float64)
nll_grad  cost time: 2.8937742710113525
tf.Tensor(-11494.294764086218, shape=(), dtype=float64)
nll_grad  cost time: 2.794630289077759
tf.Tensor(-11494.295394755867, shape=(), dtype=float64)
nll_grad  cost time: 2.843297243118286
tf.Tensor(-11494.295693730091, shape=(), dtype=float64)
nll_grad  cost time: 2.7606093883514404
tf.Tensor(-11494.29581151731, shape=(), dtype=float64)
nll_grad  cost time: 2.988416910171509
tf.Tensor(-11494.295893373022, shape=(), dtype=float64)
nll_grad  cost time: 2.958759069442749
tf.Tensor(-11494.29601672887, shape=(), dtype=float64)
nll_grad  cost time: 2.7998123168945312
tf.Tensor(-11494.296220961092, shape=(), dtype=float64)
nll_grad  cost time: 2.659583806991577
tf.Tensor(-11494.29656653988, shape=(), dtype=float64)
nll_grad  cost time: 2.9625160694122314
tf.Tensor(-11494.297139186561, shape=(), dtype=float64)
nll_grad  cost time: 2.8710508346557617
tf.Tensor(-11494.298005937591, shape=(), dtype=float64)
nll_grad  cost time: 2.907524824142456
tf.Tensor(-11494.298874839718, shape=(), dtype=float64)
nll_grad  cost time: 2.848963737487793
tf.Tensor(-11494.299449601, shape=(), dtype=float64)
nll_grad  cost time: 3.0598559379577637
tf.Tensor(-11494.299803085407, shape=(), dtype=float64)
nll_grad  cost time: 2.9282076358795166
tf.Tensor(-11494.29993489015, shape=(), dtype=float64)
nll_grad  cost time: 2.771876335144043
tf.Tensor(-11494.30001793737, shape=(), dtype=float64)
nll_grad  cost time: 2.85152006149292
tf.Tensor(-11494.300128432242, shape=(), dtype=float64)
nll_grad  cost time: 2.8674755096435547
tf.Tensor(-11494.300305823828, shape=(), dtype=float64)
nll_grad  cost time: 3.02854061126709
tf.Tensor(-11494.300608173722, shape=(), dtype=float64)
nll_grad  cost time: 2.8486692905426025
tf.Tensor(-11494.301141722299, shape=(), dtype=float64)
nll_grad  cost time: 2.9926950931549072
tf.Tensor(-11494.302090601926, shape=(), dtype=float64)
nll_grad  cost time: 2.9749913215637207
tf.Tensor(-11494.303752439486, shape=(), dtype=float64)
nll_grad  cost time: 2.9604854583740234
tf.Tensor(-11494.306532556508, shape=(), dtype=float64)
nll_grad  cost time: 3.028028964996338
tf.Tensor(-11494.310677637211, shape=(), dtype=float64)
nll_grad  cost time: 2.847256660461426
tf.Tensor(-11494.314641414316, shape=(), dtype=float64)
nll_grad  cost time: 2.8881173133850098
tf.Tensor(-11494.318154746525, shape=(), dtype=float64)
nll_grad  cost time: 2.8893516063690186
tf.Tensor(-11494.32042774752, shape=(), dtype=float64)
nll_grad  cost time: 2.8707892894744873
tf.Tensor(-11494.32118110753, shape=(), dtype=float64)
nll_grad  cost time: 2.8219375610351562
tf.Tensor(-11494.32169387547, shape=(), dtype=float64)
nll_grad  cost time: 3.002037286758423
tf.Tensor(-11494.32234828204, shape=(), dtype=float64)
nll_grad  cost time: 2.839453935623169
tf.Tensor(-11494.323247219065, shape=(), dtype=float64)
nll_grad  cost time: 2.7010793685913086
tf.Tensor(-11494.324765555397, shape=(), dtype=float64)
nll_grad  cost time: 2.7237792015075684
tf.Tensor(-11494.32715377503, shape=(), dtype=float64)
nll_grad  cost time: 2.887183904647827
tf.Tensor(-11494.330465823896, shape=(), dtype=float64)
nll_grad  cost time: 2.8896048069000244
tf.Tensor(-11494.334562496286, shape=(), dtype=float64)
nll_grad  cost time: 2.7243258953094482
tf.Tensor(-11494.338790554113, shape=(), dtype=float64)
nll_grad  cost time: 2.8546502590179443
nll_grad  cost time: 2.8328611850738525
tf.Tensor(-11494.340709811648, shape=(), dtype=float64)
nll_grad  cost time: 2.812120199203491
tf.Tensor(-11494.34294037263, shape=(), dtype=float64)
nll_grad  cost time: 2.835251808166504
tf.Tensor(-11494.344105470478, shape=(), dtype=float64)
nll_grad  cost time: 2.897467851638794
tf.Tensor(-11494.345014106275, shape=(), dtype=float64)
nll_grad  cost time: 2.858017921447754
tf.Tensor(-11494.345803480974, shape=(), dtype=float64)
nll_grad  cost time: 2.9721791744232178
tf.Tensor(-11494.347074299229, shape=(), dtype=float64)
nll_grad  cost time: 2.938606023788452
tf.Tensor(-11494.349034003357, shape=(), dtype=float64)
nll_grad  cost time: 3.102191209793091
tf.Tensor(-11494.351794354901, shape=(), dtype=float64)
nll_grad  cost time: 2.9806017875671387
tf.Tensor(-11494.35567936645, shape=(), dtype=float64)
nll_grad  cost time: 2.8529486656188965
tf.Tensor(-11494.36122559313, shape=(), dtype=float64)
nll_grad  cost time: 2.9059340953826904
tf.Tensor(-11494.369205617615, shape=(), dtype=float64)
nll_grad  cost time: 2.7898612022399902
tf.Tensor(-11494.375733941793, shape=(), dtype=float64)
nll_grad  cost time: 2.820255994796753
tf.Tensor(-11494.385730588016, shape=(), dtype=float64)
nll_grad  cost time: 2.7755308151245117
tf.Tensor(-11494.39857115948, shape=(), dtype=float64)
nll_grad  cost time: 2.6360177993774414
tf.Tensor(-11494.409497952041, shape=(), dtype=float64)
nll_grad  cost time: 2.7485969066619873
tf.Tensor(-11494.417500165793, shape=(), dtype=float64)
nll_grad  cost time: 2.6991844177246094
tf.Tensor(-11494.42436604185, shape=(), dtype=float64)
nll_grad  cost time: 2.7761311531066895
tf.Tensor(-11494.429129540014, shape=(), dtype=float64)
nll_grad  cost time: 2.881209135055542
tf.Tensor(-11494.433012919384, shape=(), dtype=float64)
nll_grad  cost time: 2.802069902420044
tf.Tensor(-11494.436829270831, shape=(), dtype=float64)
nll_grad  cost time: 2.850975513458252
tf.Tensor(-11494.43926972475, shape=(), dtype=float64)
nll_grad  cost time: 3.0301151275634766
tf.Tensor(-11494.442805117287, shape=(), dtype=float64)
nll_grad  cost time: 2.9310154914855957
tf.Tensor(-11494.448038326605, shape=(), dtype=float64)
nll_grad  cost time: 2.973806381225586
tf.Tensor(-11494.45417590515, shape=(), dtype=float64)
nll_grad  cost time: 2.8367011547088623
tf.Tensor(-11494.461652124188, shape=(), dtype=float64)
nll_grad  cost time: 2.9408249855041504
tf.Tensor(-11494.469831361625, shape=(), dtype=float64)
nll_grad  cost time: 2.8843843936920166
nll_grad  cost time: 2.943495035171509
tf.Tensor(-11494.474737753375, shape=(), dtype=float64)
nll_grad  cost time: 3.038081645965576
tf.Tensor(-11494.482552699268, shape=(), dtype=float64)
nll_grad  cost time: 2.9605088233947754
tf.Tensor(-11494.494264237313, shape=(), dtype=float64)
nll_grad  cost time: 2.8966004848480225
tf.Tensor(-11494.503680096044, shape=(), dtype=float64)
nll_grad  cost time: 2.9006707668304443
nll_grad  cost time: 2.843430757522583
tf.Tensor(-11494.508539942064, shape=(), dtype=float64)
nll_grad  cost time: 2.925058603286743
tf.Tensor(-11494.514878809321, shape=(), dtype=float64)
nll_grad  cost time: 2.83296275138855
tf.Tensor(-11494.524435219464, shape=(), dtype=float64)
nll_grad  cost time: 2.9591786861419678
tf.Tensor(-11494.537771837618, shape=(), dtype=float64)
nll_grad  cost time: 3.172376871109009
nll_grad  cost time: 2.678565263748169
tf.Tensor(-11494.545504034031, shape=(), dtype=float64)
nll_grad  cost time: 2.82607364654541
tf.Tensor(-11494.555397798951, shape=(), dtype=float64)
nll_grad  cost time: 2.8230104446411133
tf.Tensor(-11494.56613152783, shape=(), dtype=float64)
nll_grad  cost time: 2.843055486679077
nll_grad  cost time: 2.826077938079834
tf.Tensor(-11494.570722640976, shape=(), dtype=float64)
nll_grad  cost time: 2.789001226425171
tf.Tensor(-11494.576867538963, shape=(), dtype=float64)
nll_grad  cost time: 2.9619925022125244
tf.Tensor(-11494.58038544765, shape=(), dtype=float64)
nll_grad  cost time: 2.8952372074127197
tf.Tensor(-11494.585250290056, shape=(), dtype=float64)
nll_grad  cost time: 2.945755958557129
tf.Tensor(-11494.589076661978, shape=(), dtype=float64)
nll_grad  cost time: 2.9516618251800537
tf.Tensor(-11494.591943503317, shape=(), dtype=float64)
nll_grad  cost time: 2.746066093444824
tf.Tensor(-11494.59473190557, shape=(), dtype=float64)
nll_grad  cost time: 2.8197062015533447
tf.Tensor(-11494.597638949075, shape=(), dtype=float64)
nll_grad  cost time: 2.8700993061065674
tf.Tensor(-11494.601751281883, shape=(), dtype=float64)
nll_grad  cost time: 3.0126280784606934
tf.Tensor(-11494.605364951643, shape=(), dtype=float64)
nll_grad  cost time: 2.795959234237671
tf.Tensor(-11494.610846645981, shape=(), dtype=float64)
nll_grad  cost time: 2.8894529342651367
tf.Tensor(-11494.61709070496, shape=(), dtype=float64)
nll_grad  cost time: 2.9657649993896484
tf.Tensor(-11494.624069443253, shape=(), dtype=float64)
nll_grad  cost time: 2.8670294284820557
tf.Tensor(-11494.625474651813, shape=(), dtype=float64)
nll_grad  cost time: 2.794329881668091
tf.Tensor(-11494.62747636265, shape=(), dtype=float64)
nll_grad  cost time: 2.8575589656829834
tf.Tensor(-11494.628974756568, shape=(), dtype=float64)
nll_grad  cost time: 2.8106844425201416
tf.Tensor(-11494.62966619189, shape=(), dtype=float64)
nll_grad  cost time: 2.7761542797088623
tf.Tensor(-11494.630463639998, shape=(), dtype=float64)
nll_grad  cost time: 2.8236589431762695
tf.Tensor(-11494.631170634333, shape=(), dtype=float64)
nll_grad  cost time: 2.8488898277282715
tf.Tensor(-11494.631970286642, shape=(), dtype=float64)
nll_grad  cost time: 2.775325059890747
tf.Tensor(-11494.632510566309, shape=(), dtype=float64)
nll_grad  cost time: 2.9809255599975586
tf.Tensor(-11494.632840853064, shape=(), dtype=float64)
nll_grad  cost time: 2.9911859035491943
tf.Tensor(-11494.633179384968, shape=(), dtype=float64)
nll_grad  cost time: 2.9139997959136963
tf.Tensor(-11494.633711001843, shape=(), dtype=float64)
nll_grad  cost time: 3.013676404953003
tf.Tensor(-11494.634452872779, shape=(), dtype=float64)
nll_grad  cost time: 2.8153295516967773
tf.Tensor(-11494.635014752886, shape=(), dtype=float64)
nll_grad  cost time: 2.856201648712158
tf.Tensor(-11494.635373403798, shape=(), dtype=float64)
nll_grad  cost time: 2.9349887371063232
nll_grad  cost time: 2.8875906467437744
tf.Tensor(-11494.635487965916, shape=(), dtype=float64)
nll_grad  cost time: 2.8402903079986572
tf.Tensor(-11494.63559915522, shape=(), dtype=float64)
nll_grad  cost time: 2.8106961250305176
tf.Tensor(-11494.635645993741, shape=(), dtype=float64)
nll_grad  cost time: 2.9249773025512695
tf.Tensor(-11494.635669286978, shape=(), dtype=float64)
nll_grad  cost time: 3.0439417362213135
tf.Tensor(-11494.635686982128, shape=(), dtype=float64)
nll_grad  cost time: 2.921391248703003
tf.Tensor(-11494.63569266407, shape=(), dtype=float64)
nll_grad  cost time: 2.76485276222229
tf.Tensor(-11494.635695667239, shape=(), dtype=float64)
nll_grad  cost time: 2.913214683532715
tf.Tensor(-11494.635697598656, shape=(), dtype=float64)
nll_grad  cost time: 3.0141093730926514
tf.Tensor(-11494.635699227692, shape=(), dtype=float64)
nll_grad  cost time: 2.8496546745300293
tf.Tensor(-11494.635700528434, shape=(), dtype=float64)
nll_grad  cost time: 2.862553834915161
tf.Tensor(-11494.635701967822, shape=(), dtype=float64)
nll_grad  cost time: 3.0282933712005615
tf.Tensor(-11494.635704034012, shape=(), dtype=float64)
nll_grad  cost time: 2.9710233211517334
tf.Tensor(-11494.635707197638, shape=(), dtype=float64)
nll_grad  cost time: 2.885815382003784
tf.Tensor(-11494.635711683171, shape=(), dtype=float64)
nll_grad  cost time: 2.874701976776123
tf.Tensor(-11494.635717703251, shape=(), dtype=float64)
nll_grad  cost time: 2.779681444168091
tf.Tensor(-11494.635726482738, shape=(), dtype=float64)
nll_grad  cost time: 2.8600165843963623
tf.Tensor(-11494.635740911814, shape=(), dtype=float64)
nll_grad  cost time: 2.7300119400024414
tf.Tensor(-11494.635765970179, shape=(), dtype=float64)
nll_grad  cost time: 3.041226863861084
tf.Tensor(-11494.635810906879, shape=(), dtype=float64)
nll_grad  cost time: 3.02504825592041
tf.Tensor(-11494.635892425442, shape=(), dtype=float64)
nll_grad  cost time: 2.8810744285583496
tf.Tensor(-11494.636039297777, shape=(), dtype=float64)
nll_grad  cost time: 2.9564597606658936
tf.Tensor(-11494.63629159157, shape=(), dtype=float64)
nll_grad  cost time: 2.849266529083252
tf.Tensor(-11494.636651401488, shape=(), dtype=float64)
nll_grad  cost time: 2.8322324752807617
tf.Tensor(-11494.637162754836, shape=(), dtype=float64)
nll_grad  cost time: 2.930983304977417
tf.Tensor(-11494.637837834704, shape=(), dtype=float64)
nll_grad  cost time: 3.0458896160125732
tf.Tensor(-11494.638560797273, shape=(), dtype=float64)
nll_grad  cost time: 2.8781776428222656
tf.Tensor(-11494.638775118106, shape=(), dtype=float64)
nll_grad  cost time: 2.892742156982422
tf.Tensor(-11494.638947822848, shape=(), dtype=float64)
nll_grad  cost time: 2.754056215286255
tf.Tensor(-11494.63903370388, shape=(), dtype=float64)
nll_grad  cost time: 2.771064281463623
tf.Tensor(-11494.639164436863, shape=(), dtype=float64)
nll_grad  cost time: 2.7238340377807617
tf.Tensor(-11494.639332307368, shape=(), dtype=float64)
nll_grad  cost time: 2.7509655952453613
tf.Tensor(-11494.639503502087, shape=(), dtype=float64)
nll_grad  cost time: 2.9640746116638184
tf.Tensor(-11494.639688040628, shape=(), dtype=float64)
nll_grad  cost time: 2.759272575378418
tf.Tensor(-11494.639770728121, shape=(), dtype=float64)
nll_grad  cost time: 2.812554121017456
tf.Tensor(-11494.639865327303, shape=(), dtype=float64)
nll_grad  cost time: 2.8268988132476807
tf.Tensor(-11494.63990225878, shape=(), dtype=float64)
nll_grad  cost time: 2.9030168056488037
tf.Tensor(-11494.639946384461, shape=(), dtype=float64)
nll_grad  cost time: 2.9914371967315674
tf.Tensor(-11494.63997424311, shape=(), dtype=float64)
nll_grad  cost time: 2.821040153503418
tf.Tensor(-11494.639987366929, shape=(), dtype=float64)
nll_grad  cost time: 3.0102686882019043
tf.Tensor(-11494.639995783305, shape=(), dtype=float64)
nll_grad  cost time: 2.829390525817871
tf.Tensor(-11494.640000652566, shape=(), dtype=float64)
nll_grad  cost time: 2.736551523208618
tf.Tensor(-11494.640001650889, shape=(), dtype=float64)
nll_grad  cost time: 2.8955047130584717
tf.Tensor(-11494.640001969678, shape=(), dtype=float64)
nll_grad  cost time: 2.7973179817199707
tf.Tensor(-11494.640002045886, shape=(), dtype=float64)
nll_grad  cost time: 2.7597994804382324
tf.Tensor(-11494.640002066018, shape=(), dtype=float64)
nll_grad  cost time: 2.950772762298584
tf.Tensor(-11494.640002071737, shape=(), dtype=float64)
nll_grad  cost time: 2.7706644535064697
tf.Tensor(-11494.640002073374, shape=(), dtype=float64)
nll_grad  cost time: 2.919710636138916
tf.Tensor(-11494.640002073636, shape=(), dtype=float64)
Optimization terminated successfully.
         Current function value: -11494.640002
         Iterations: 929
         Function evaluations: 954
         Gradient evaluations: 954
  message: Optimization terminated successfully.
  success: True
   status: 0
      fun: -11494.640002073636
        x: [ 5.700e-01  3.414e-02 ...  3.980e-01  2.420e+00]
      nit: 929
      jac: [ 0.000e+00  0.000e+00 ...  5.120e-05  1.125e-05]
 hess_inv: [[ 1.000e+00  0.000e+00 ...  0.000e+00  0.000e+00]
            [ 0.000e+00  1.000e+00 ...  0.000e+00  0.000e+00]
            ...
            [ 0.000e+00  0.000e+00 ...  8.904e-03  6.268e-03]
            [ 0.000e+00  0.000e+00 ...  6.268e-03  4.232e-02]]
     nfev: 954
     njev: 954
fit  cost time: 2776.154867172241

========== Fit loop 5/5 ==========
using RANDOM parameters

########### initial parameters
{
  "rho(1450)p_mass": 1.51,
  "rho(1450)p_width": 0.44,
  "rho(1570)p_mass": 1.57,
  "rho(1570)p_width": 0.14,
  "rho(1690)p_mass": 1.681,
  "rho(1690)p_width": 0.19,
  "rho(1450)m_mass": 1.51,
  "rho(1450)m_width": 0.44,
  "rho(1570)m_mass": 1.57,
  "rho(1570)m_width": 0.14,
  "rho(1690)m_mass": 1.681,
  "rho(1690)m_width": 0.19,
  "f0(500)_E791_mass": 0.478,
  "f0(1370)_mass": 1.37,
  "f0(1370)_width": 0.35,
  "f0(1500)_flatte_mass": 1.522,
  "f0(1500)_flatte_g_0": 0.0006696736599607834,
  "f0(1500)_flatte_g_1": 0.05024719419559819,
  "f2(1430)_mass": 1.43,
  "f2(1430)_width": 0.046,
  "Jpsi->rho(1450)p.pimrho(1450)p->phi.pip_total_0r": 1.0,
  "Jpsi->rho(1450)p.pimrho(1450)p->phi.pip_total_0i": 0.0,
  "Jpsi->rho(1450)p.pim_g_ls_0r": 1.0,
  "Jpsi->rho(1450)p.pim_g_ls_0i": 0.0,
  "rho(1450)p->phi.pip_g_ls_0r": 1.0,
  "rho(1450)p->phi.pip_g_ls_0i": 0.0,
  "Jpsi->rho(1570)p.pimrho(1570)p->phi.pip_total_0r": 0.8960199050022961,
  "Jpsi->rho(1570)p.pimrho(1570)p->phi.pip_total_0i": -1.8180960476744623,
  "Jpsi->rho(1570)p.pim_g_ls_0r": 1.0,
  "Jpsi->rho(1570)p.pim_g_ls_0i": 0.0,
  "rho(1570)p->phi.pip_g_ls_0r": 1.0,
  "rho(1570)p->phi.pip_g_ls_0i": 0.0,
  "Jpsi->rho(1690)p.pimrho(1690)p->phi.pip_total_0r": 0.5673119246873597,
  "Jpsi->rho(1690)p.pimrho(1690)p->phi.pip_total_0i": -2.099021101969572,
  "Jpsi->rho(1690)p.pim_g_ls_0r": 1.0,
  "Jpsi->rho(1690)p.pim_g_ls_0i": 0.0,
  "rho(1690)p->phi.pip_g_ls_0r": 1.0,
  "rho(1690)p->phi.pip_g_ls_0i": 0.0,
  "Jpsi->rho(1450)m.piprho(1450)m->phi.pim_total_0r": 1.0,
  "Jpsi->rho(1450)m.piprho(1450)m->phi.pim_total_0i": 0.0,
  "Jpsi->rho(1450)m.pip_g_ls_0r": 1.0,
  "Jpsi->rho(1450)m.pip_g_ls_0i": 0.0,
  "rho(1450)m->phi.pim_g_ls_0r": 1.0,
  "rho(1450)m->phi.pim_g_ls_0i": 0.0,
  "Jpsi->rho(1570)m.piprho(1570)m->phi.pim_total_0r": 0.8960199050022961,
  "Jpsi->rho(1570)m.piprho(1570)m->phi.pim_total_0i": -1.8180960476744623,
  "Jpsi->rho(1570)m.pip_g_ls_0r": 1.0,
  "Jpsi->rho(1570)m.pip_g_ls_0i": 0.0,
  "rho(1570)m->phi.pim_g_ls_0r": 1.0,
  "rho(1570)m->phi.pim_g_ls_0i": 0.0,
  "Jpsi->rho(1690)m.piprho(1690)m->phi.pim_total_0r": 0.5673119246873597,
  "Jpsi->rho(1690)m.piprho(1690)m->phi.pim_total_0i": -2.099021101969572,
  "Jpsi->rho(1690)m.pip_g_ls_0r": 1.0,
  "Jpsi->rho(1690)m.pip_g_ls_0i": 0.0,
  "rho(1690)m->phi.pim_g_ls_0r": 1.0,
  "rho(1690)m->phi.pim_g_ls_0i": 0.0,
  "Jpsi->phi.f0(500)_E791f0(500)_E791->pip.pim_total_0r": 0.28032028018898325,
  "Jpsi->phi.f0(500)_E791f0(500)_E791->pip.pim_total_0i": 0.2673801918461436,
  "Jpsi->phi.f0(500)_E791_g_ls_0r": 1.0,
  "Jpsi->phi.f0(500)_E791_g_ls_0i": 0.0,
  "Jpsi->phi.f0(500)_E791_g_ls_1r": 0.3877665542795494,
  "Jpsi->phi.f0(500)_E791_g_ls_1i": -1.6667401714923906,
  "f0(500)_E791->pip.pim_g_ls_0r": 1.0,
  "f0(500)_E791->pip.pim_g_ls_0i": 0.0,
  "Jpsi->phi.f0(980)_flattef0(980)_flatte->pip.pim_total_0r": 0.7124914247719496,
  "Jpsi->phi.f0(980)_flattef0(980)_flatte->pip.pim_total_0i": 0.5591584843725435,
  "f0(980)_flatte->pip.pim_g_ls_0r": 1.0,
  "f0(980)_flatte->pip.pim_g_ls_0i": 0.0,
  "Jpsi->phi.f0(1370)f0(1370)->pip.pim_total_0r": 1.8084284556058479,
  "Jpsi->phi.f0(1370)f0(1370)->pip.pim_total_0i": -1.6115844621583157,
  "Jpsi->phi.f0(1370)_g_ls_0r": 1.0,
  "Jpsi->phi.f0(1370)_g_ls_0i": 0.0,
  "Jpsi->phi.f0(1370)_g_ls_1r": 1.1936613242826142,
  "Jpsi->phi.f0(1370)_g_ls_1i": -2.5741012745635374,
  "f0(1370)->pip.pim_g_ls_0r": 1.0,
  "f0(1370)->pip.pim_g_ls_0i": 0.0,
  "Jpsi->phi.f0(1500)_flattef0(1500)_flatte->pip.pim_total_0r": 1.258117109004341,
  "Jpsi->phi.f0(1500)_flattef0(1500)_flatte->pip.pim_total_0i": -1.6431088838595644,
  "Jpsi->phi.f0(1500)_flatte_g_ls_0r": 1.0,
  "Jpsi->phi.f0(1500)_flatte_g_ls_0i": 0.0,
  "Jpsi->phi.f0(1500)_flatte_g_ls_1r": 1.894761012485854,
  "Jpsi->phi.f0(1500)_flatte_g_ls_1i": -0.35748710450752785,
  "f0(1500)_flatte->pip.pim_g_ls_0r": 1.0,
  "f0(1500)_flatte->pip.pim_g_ls_0i": 0.0,
  "Jpsi->phi.f0(1710)f0(1710)->pip.pim_total_0r": 1.1506663126878172,
  "Jpsi->phi.f0(1710)f0(1710)->pip.pim_total_0i": 1.5591382283436825,
  "f0(1710)->pip.pim_g_ls_0r": 1.0,
  "f0(1710)->pip.pim_g_ls_0i": 0.0,
  "Jpsi->phi.f2(1430)f2(1430)->pip.pim_total_0r": 0.8205156799833859,
  "Jpsi->phi.f2(1430)f2(1430)->pip.pim_total_0i": -0.9680208654572793,
  "Jpsi->phi.f2(1430)_g_ls_0r": 1.0,
  "Jpsi->phi.f2(1430)_g_ls_0i": 0.0,
  "Jpsi->phi.f2(1430)_g_ls_1r": 1.0064510805508613,
  "Jpsi->phi.f2(1430)_g_ls_1i": 1.027400178835732,
  "Jpsi->phi.f2(1430)_g_ls_2r": 0.033983731756894286,
  "Jpsi->phi.f2(1430)_g_ls_2i": 2.364729532474019,
  "Jpsi->phi.f2(1430)_g_ls_3r": 0.7580074453162564,
  "Jpsi->phi.f2(1430)_g_ls_3i": 2.333300658958538,
  "Jpsi->phi.f2(1430)_g_ls_4r": 0.27379093415723244,
  "Jpsi->phi.f2(1430)_g_ls_4i": -1.15463724335081,
  "f2(1430)->pip.pim_g_ls_0r": 1.0,
  "f2(1430)->pip.pim_g_ls_0i": 0.0,
  "Jpsi->phi.f2(1270)f2(1270)->pip.pim_total_0r": 0.32078983439770203,
  "Jpsi->phi.f2(1270)f2(1270)->pip.pim_total_0i": 0.7115475622132883,
  "f2(1270)->pip.pim_g_ls_0r": 1.0,
  "f2(1270)->pip.pim_g_ls_0i": 0.0,
  "K1(1400)p_mass": 1.403,
  "K1(1400)p_width": 0.174,
  "K2(1820)p_mass": 1.819,
  "K2(1820)p_width": 0.264,
  "K2(1980)p_mass": 1.99,
  "K2(1980)p_width": 0.348,
  "K2(2250)p_mass": 2.247,
  "K2(2250)p_width": 0.18,
  "K3(2320)p_mass": 2.324,
  "K3(2320)p_width": 0.15,
  "K1(1400)m_mass": 1.403,
  "K1(1400)m_width": 0.174,
  "K2(1820)m_mass": 1.819,
  "K2(1820)m_width": 0.264,
  "K2(1980)m_mass": 1.99,
  "K2(1980)m_width": 0.348,
  "K3(2320)m_mass": 2.324,
  "K3(2320)m_width": 0.15,
  "f0(980)_flatte_mass": 0.965,
  "f0(980)_flatte_g_0": 8.698370470189744,
  "f0(980)_flatte_g_1": 1.1228348792412748,
  "f2(1270)_mass": 1.2754,
  "f2(1270)_width": 0.1858,
  "f0(1500)_mass": 1.522,
  "f0(1500)_width": 0.108,
  "f2(1525)_mass": 1.5173,
  "f2(1525)_width": 0.072,
  "f2(1565)_mass": 1.571,
  "f2(1565)_width": 0.132,
  "f0(1710)_mass": 1.733,
  "f0(1710)_width": 0.15,
  "f2(1810)_mass": 1.815,
  "f2(1810)_width": 0.197,
  "Jpsi->K1(1400)p.kmK1(1400)p->phi.kp_total_0r": 1.0,
  "Jpsi->K1(1400)p.kmK1(1400)p->phi.kp_total_0i": 0.0,
  "Jpsi->K1(1400)p.km_g_ls_0r": 1.0,
  "Jpsi->K1(1400)p.km_g_ls_0i": 0.0,
  "Jpsi->K1(1400)p.km_g_ls_1r": 0.9243666575895917,
  "Jpsi->K1(1400)p.km_g_ls_1i": -0.634741969806583,
  "K1(1400)p->phi.kp_g_ls_0r": 1.0,
  "K1(1400)p->phi.kp_g_ls_0i": 0.0,
  "K1(1400)p->phi.kp_g_ls_1r": 1.4930220246107209,
  "K1(1400)p->phi.kp_g_ls_1i": -2.3334628688826586,
  "Jpsi->K2(1820)p.kmK2(1820)p->phi.kp_total_0r": 1.0415512898984707,
  "Jpsi->K2(1820)p.kmK2(1820)p->phi.kp_total_0i": 1.7005281700309096,
  "Jpsi->K2(1820)p.km_g_ls_0r": 1.0,
  "Jpsi->K2(1820)p.km_g_ls_0i": 0.0,
  "Jpsi->K2(1820)p.km_g_ls_1r": 0.19330277115414152,
  "Jpsi->K2(1820)p.km_g_ls_1i": -1.6326193713054973,
  "K2(1820)p->phi.kp_g_ls_0r": 1.0,
  "K2(1820)p->phi.kp_g_ls_0i": 0.0,
  "K2(1820)p->phi.kp_g_ls_1r": 0.1740638711850231,
  "K2(1820)p->phi.kp_g_ls_1i": 1.7892483792146425,
  "Jpsi->K2(1980)p.kmK2(1980)p->phi.kp_total_0r": 0.2387384307608711,
  "Jpsi->K2(1980)p.kmK2(1980)p->phi.kp_total_0i": -2.7472987780496543,
  "Jpsi->K2(1980)p.km_g_ls_0r": 1.0,
  "Jpsi->K2(1980)p.km_g_ls_0i": 0.0,
  "K2(1980)p->phi.kp_g_ls_0r": 1.0,
  "K2(1980)p->phi.kp_g_ls_0i": 0.0,
  "Jpsi->K2(2250)p.kmK2(2250)p->phi.kp_total_0r": 1.772499213124552,
  "Jpsi->K2(2250)p.kmK2(2250)p->phi.kp_total_0i": -0.9739508981300427,
  "Jpsi->K2(2250)p.km_g_ls_0r": 1.0,
  "Jpsi->K2(2250)p.km_g_ls_0i": 0.0,
  "Jpsi->K2(2250)p.km_g_ls_1r": 0.09108994994129116,
  "Jpsi->K2(2250)p.km_g_ls_1i": 2.381539886102331,
  "K2(2250)p->phi.kp_g_ls_0r": 1.0,
  "K2(2250)p->phi.kp_g_ls_0i": 0.0,
  "K2(2250)p->phi.kp_g_ls_1r": 1.5841455960675948,
  "K2(2250)p->phi.kp_g_ls_1i": 0.6284158534103095,
  "Jpsi->K3(2320)p.kmK3(2320)p->phi.kp_total_0r": 1.4655470618750428,
  "Jpsi->K3(2320)p.kmK3(2320)p->phi.kp_total_0i": -2.269609649167421,
  "Jpsi->K3(2320)p.km_g_ls_0r": 1.0,
  "Jpsi->K3(2320)p.km_g_ls_0i": 0.0,
  "Jpsi->K3(2320)p.km_g_ls_1r": 0.1602393198479013,
  "Jpsi->K3(2320)p.km_g_ls_1i": -2.169665955827255,
  "K3(2320)p->phi.kp_g_ls_0r": 1.0,
  "K3(2320)p->phi.kp_g_ls_0i": 0.0,
  "K3(2320)p->phi.kp_g_ls_1r": 0.8046190413772161,
  "K3(2320)p->phi.kp_g_ls_1i": -2.769643904394353,
  "Jpsi->K1(1400)m.kpK1(1400)m->phi.km_total_0r": 1.0,
  "Jpsi->K1(1400)m.kpK1(1400)m->phi.km_total_0i": 0.0,
  "Jpsi->K1(1400)m.kp_g_ls_0r": 1.0,
  "Jpsi->K1(1400)m.kp_g_ls_0i": 0.0,
  "Jpsi->K1(1400)m.kp_g_ls_1r": 0.9243666575895917,
  "Jpsi->K1(1400)m.kp_g_ls_1i": -0.634741969806583,
  "K1(1400)m->phi.km_g_ls_0r": 1.0,
  "K1(1400)m->phi.km_g_ls_0i": 0.0,
  "K1(1400)m->phi.km_g_ls_1r": 1.4930220246107209,
  "K1(1400)m->phi.km_g_ls_1i": -2.3334628688826586,
  "Jpsi->K2(1820)m.kpK2(1820)m->phi.km_total_0r": 1.0415512898984707,
  "Jpsi->K2(1820)m.kpK2(1820)m->phi.km_total_0i": 1.7005281700309096,
  "Jpsi->K2(1820)m.kp_g_ls_0r": 1.0,
  "Jpsi->K2(1820)m.kp_g_ls_0i": 0.0,
  "Jpsi->K2(1820)m.kp_g_ls_1r": 0.19330277115414152,
  "Jpsi->K2(1820)m.kp_g_ls_1i": -1.6326193713054973,
  "K2(1820)m->phi.km_g_ls_0r": 1.0,
  "K2(1820)m->phi.km_g_ls_0i": 0.0,
  "K2(1820)m->phi.km_g_ls_1r": 0.1740638711850231,
  "K2(1820)m->phi.km_g_ls_1i": 1.7892483792146425,
  "Jpsi->K2(1980)m.kpK2(1980)m->phi.km_total_0r": 0.2387384307608711,
  "Jpsi->K2(1980)m.kpK2(1980)m->phi.km_total_0i": -2.7472987780496543,
  "Jpsi->K2(1980)m.kp_g_ls_0r": 1.0,
  "Jpsi->K2(1980)m.kp_g_ls_0i": 0.0,
  "K2(1980)m->phi.km_g_ls_0r": 1.0,
  "K2(1980)m->phi.km_g_ls_0i": 0.0,
  "Jpsi->K2(2250)p.kpK2(2250)p->phi.km_total_0r": 0.8321271762536631,
  "Jpsi->K2(2250)p.kpK2(2250)p->phi.km_total_0i": 1.8671829566335205,
  "Jpsi->K2(2250)p.kp_g_ls_0r": 1.0,
  "Jpsi->K2(2250)p.kp_g_ls_0i": 0.0,
  "Jpsi->K2(2250)p.kp_g_ls_1r": 0.43419498793940914,
  "Jpsi->K2(2250)p.kp_g_ls_1i": -1.7935257055317795,
  "K2(2250)p->phi.km_g_ls_0r": 1.0,
  "K2(2250)p->phi.km_g_ls_0i": 0.0,
  "K2(2250)p->phi.km_g_ls_1r": 0.9478528426721926,
  "K2(2250)p->phi.km_g_ls_1i": -2.3400209198116766,
  "Jpsi->K3(2320)m.kpK3(2320)m->phi.km_total_0r": 1.4655470618750428,
  "Jpsi->K3(2320)m.kpK3(2320)m->phi.km_total_0i": -2.269609649167421,
  "Jpsi->K3(2320)m.kp_g_ls_0r": 1.0,
  "Jpsi->K3(2320)m.kp_g_ls_0i": 0.0,
  "Jpsi->K3(2320)m.kp_g_ls_1r": 0.1602393198479013,
  "Jpsi->K3(2320)m.kp_g_ls_1i": -2.169665955827255,
  "K3(2320)m->phi.km_g_ls_0r": 1.0,
  "K3(2320)m->phi.km_g_ls_0i": 0.0,
  "K3(2320)m->phi.km_g_ls_1r": 0.8046190413772161,
  "K3(2320)m->phi.km_g_ls_1i": -2.769643904394353,
  "Jpsi->phi.f0(980)_flattef0(980)_flatte->kp.km_total_0r": 0.13261609083012482,
  "Jpsi->phi.f0(980)_flattef0(980)_flatte->kp.km_total_0i": -2.379525606695509,
  "Jpsi->phi.f0(980)_flatte_g_ls_0r": 1.0,
  "Jpsi->phi.f0(980)_flatte_g_ls_0i": 0.0,
  "Jpsi->phi.f0(980)_flatte_g_ls_1r": 1.946317254831028,
  "Jpsi->phi.f0(980)_flatte_g_ls_1i": -1.9862873966881787,
  "f0(980)_flatte->kp.km_g_ls_0r": 1.0,
  "f0(980)_flatte->kp.km_g_ls_0i": 0.0,
  "Jpsi->phi.f2(1270)f2(1270)->kp.km_total_0r": 1.9801284475682928,
  "Jpsi->phi.f2(1270)f2(1270)->kp.km_total_0i": -2.9562891017774886,
  "Jpsi->phi.f2(1270)_g_ls_0r": 1.0,
  "Jpsi->phi.f2(1270)_g_ls_0i": 0.0,
  "Jpsi->phi.f2(1270)_g_ls_1r": 1.5161682976447124,
  "Jpsi->phi.f2(1270)_g_ls_1i": -2.613797697708751,
  "Jpsi->phi.f2(1270)_g_ls_2r": 0.542606764355412,
  "Jpsi->phi.f2(1270)_g_ls_2i": -1.1001299235056337,
  "Jpsi->phi.f2(1270)_g_ls_3r": 1.2250818537568406,
  "Jpsi->phi.f2(1270)_g_ls_3i": 2.884142733860764,
  "Jpsi->phi.f2(1270)_g_ls_4r": 1.9488633545039105,
  "Jpsi->phi.f2(1270)_g_ls_4i": -2.5152095844849955,
  "f2(1270)->kp.km_g_ls_0r": 1.0,
  "f2(1270)->kp.km_g_ls_0i": 0.0,
  "Jpsi->phi.f0(1500)f0(1500)->kp.km_total_0r": 0.7395714628536316,
  "Jpsi->phi.f0(1500)f0(1500)->kp.km_total_0i": 2.949669493813274,
  "Jpsi->phi.f0(1500)_g_ls_0r": 1.0,
  "Jpsi->phi.f0(1500)_g_ls_0i": 0.0,
  "Jpsi->phi.f0(1500)_g_ls_1r": 1.676575461426964,
  "Jpsi->phi.f0(1500)_g_ls_1i": -1.013876918818137,
  "f0(1500)->kp.km_g_ls_0r": 1.0,
  "f0(1500)->kp.km_g_ls_0i": 0.0,
  "Jpsi->phi.f2(1525)f2(1525)->kp.km_total_0r": 0.9749180025571644,
  "Jpsi->phi.f2(1525)f2(1525)->kp.km_total_0i": 1.915376556991875,
  "Jpsi->phi.f2(1525)_g_ls_0r": 1.0,
  "Jpsi->phi.f2(1525)_g_ls_0i": 0.0,
  "Jpsi->phi.f2(1525)_g_ls_1r": 0.5463481287678049,
  "Jpsi->phi.f2(1525)_g_ls_1i": -2.9476426339084703,
  "Jpsi->phi.f2(1525)_g_ls_2r": 0.6267576083464301,
  "Jpsi->phi.f2(1525)_g_ls_2i": -1.4390605733603072,
  "Jpsi->phi.f2(1525)_g_ls_3r": 1.3268266603752692,
  "Jpsi->phi.f2(1525)_g_ls_3i": 1.7090450346719788,
  "Jpsi->phi.f2(1525)_g_ls_4r": 1.91655949066885,
  "Jpsi->phi.f2(1525)_g_ls_4i": 1.3667219129957582,
  "f2(1525)->kp.km_g_ls_0r": 1.0,
  "f2(1525)->kp.km_g_ls_0i": 0.0,
  "Jpsi->phi.f2(1565)f2(1565)->kp.km_total_0r": 0.2550546709482009,
  "Jpsi->phi.f2(1565)f2(1565)->kp.km_total_0i": 0.692991736661329,
  "Jpsi->phi.f2(1565)_g_ls_0r": 1.0,
  "Jpsi->phi.f2(1565)_g_ls_0i": 0.0,
  "Jpsi->phi.f2(1565)_g_ls_1r": 0.5967744057218205,
  "Jpsi->phi.f2(1565)_g_ls_1i": -2.9197661763509055,
  "Jpsi->phi.f2(1565)_g_ls_2r": 0.32611573413574657,
  "Jpsi->phi.f2(1565)_g_ls_2i": -1.0744307543054359,
  "Jpsi->phi.f2(1565)_g_ls_3r": 1.4126994117856233,
  "Jpsi->phi.f2(1565)_g_ls_3i": -0.1887397077531512,
  "Jpsi->phi.f2(1565)_g_ls_4r": 0.31711000800603584,
  "Jpsi->phi.f2(1565)_g_ls_4i": -2.2783676667363744,
  "f2(1565)->kp.km_g_ls_0r": 1.0,
  "f2(1565)->kp.km_g_ls_0i": 0.0,
  "Jpsi->phi.f0(1710)f0(1710)->kp.km_total_0r": 1.222666464089106,
  "Jpsi->phi.f0(1710)f0(1710)->kp.km_total_0i": -3.0949484743045876,
  "Jpsi->phi.f0(1710)_g_ls_0r": 1.0,
  "Jpsi->phi.f0(1710)_g_ls_0i": 0.0,
  "Jpsi->phi.f0(1710)_g_ls_1r": 0.6951929824629288,
  "Jpsi->phi.f0(1710)_g_ls_1i": -2.8783543201350463,
  "f0(1710)->kp.km_g_ls_0r": 1.0,
  "f0(1710)->kp.km_g_ls_0i": 0.0,
  "Jpsi->phi.f2(1810)f2(1810)->kp.km_total_0r": 1.4797373296720622,
  "Jpsi->phi.f2(1810)f2(1810)->kp.km_total_0i": -3.138589140362173,
  "Jpsi->phi.f2(1810)_g_ls_0r": 1.0,
  "Jpsi->phi.f2(1810)_g_ls_0i": 0.0,
  "Jpsi->phi.f2(1810)_g_ls_1r": 0.24287527648422635,
  "Jpsi->phi.f2(1810)_g_ls_1i": -2.0470661210596637,
  "Jpsi->phi.f2(1810)_g_ls_2r": 0.1554190688631074,
  "Jpsi->phi.f2(1810)_g_ls_2i": 1.8414465448762565,
  "Jpsi->phi.f2(1810)_g_ls_3r": 0.612003249105872,
  "Jpsi->phi.f2(1810)_g_ls_3i": -2.6732064211931514,
  "Jpsi->phi.f2(1810)_g_ls_4r": 1.9672475228170025,
  "Jpsi->phi.f2(1810)_g_ls_4i": -1.8793701284006679,
  "f2(1810)->kp.km_g_ls_0r": 1.0,
  "f2(1810)->kp.km_g_ls_0i": 0.0
}
nll_grad  cost time: 2.7906384468078613
nll_grad  cost time: 2.8198158740997314
tf.Tensor(1193.3125101949845, shape=(), dtype=float64)
nll_grad  cost time: 2.820847749710083
nll_grad  cost time: 2.7449355125427246
tf.Tensor(-1493.4603426713147, shape=(), dtype=float64)
nll_grad  cost time: 2.929701566696167
tf.Tensor(-3350.601636879641, shape=(), dtype=float64)
nll_grad  cost time: 2.963063955307007
tf.Tensor(-5709.722731990914, shape=(), dtype=float64)
nll_grad  cost time: 2.706566095352173
tf.Tensor(-5821.382290774782, shape=(), dtype=float64)
nll_grad  cost time: 2.9122610092163086
nll_grad  cost time: 2.888850688934326
tf.Tensor(-6741.367649988737, shape=(), dtype=float64)
nll_grad  cost time: 2.867400884628296
tf.Tensor(-7757.375483547046, shape=(), dtype=float64)
nll_grad  cost time: 2.8459067344665527
nll_grad  cost time: 2.81575345993042
tf.Tensor(-8139.894158434807, shape=(), dtype=float64)
nll_grad  cost time: 2.8903064727783203
tf.Tensor(-8555.495503683938, shape=(), dtype=float64)
nll_grad  cost time: 2.8512208461761475
nll_grad  cost time: 2.839245319366455
tf.Tensor(-8794.286908454553, shape=(), dtype=float64)
nll_grad  cost time: 3.06876540184021
tf.Tensor(-9164.509869393514, shape=(), dtype=float64)
nll_grad  cost time: 2.878926992416382
nll_grad  cost time: 2.9198834896087646
tf.Tensor(-9275.470899657827, shape=(), dtype=float64)
nll_grad  cost time: 3.0244650840759277
tf.Tensor(-9397.113004485582, shape=(), dtype=float64)
nll_grad  cost time: 2.8743903636932373
tf.Tensor(-9536.156770258021, shape=(), dtype=float64)
nll_grad  cost time: 3.0047430992126465
tf.Tensor(-9604.571848223408, shape=(), dtype=float64)
nll_grad  cost time: 3.008066177368164
tf.Tensor(-9696.116879594105, shape=(), dtype=float64)
nll_grad  cost time: 2.9190077781677246
tf.Tensor(-9764.156720578147, shape=(), dtype=float64)
nll_grad  cost time: 2.825802803039551
tf.Tensor(-9832.421126030109, shape=(), dtype=float64)
nll_grad  cost time: 2.8227529525756836
tf.Tensor(-9916.76386712701, shape=(), dtype=float64)
nll_grad  cost time: 2.98227858543396
tf.Tensor(-9974.3564780015, shape=(), dtype=float64)
nll_grad  cost time: 2.942884922027588
tf.Tensor(-10038.245637543805, shape=(), dtype=float64)
nll_grad  cost time: 2.8937582969665527
tf.Tensor(-10099.124077490414, shape=(), dtype=float64)
nll_grad  cost time: 2.939037561416626
tf.Tensor(-10142.612763922312, shape=(), dtype=float64)
nll_grad  cost time: 2.8756823539733887
tf.Tensor(-10173.182453241592, shape=(), dtype=float64)
nll_grad  cost time: 3.054682493209839
tf.Tensor(-10189.838601734562, shape=(), dtype=float64)
nll_grad  cost time: 2.9753148555755615
tf.Tensor(-10208.541738211192, shape=(), dtype=float64)
nll_grad  cost time: 3.04904842376709
tf.Tensor(-10230.709255901733, shape=(), dtype=float64)
nll_grad  cost time: 2.8044240474700928
tf.Tensor(-10244.722126567038, shape=(), dtype=float64)
nll_grad  cost time: 3.0045061111450195
tf.Tensor(-10265.776887884858, shape=(), dtype=float64)
nll_grad  cost time: 3.2552649974823
tf.Tensor(-10287.136761331261, shape=(), dtype=float64)
nll_grad  cost time: 2.8914988040924072
tf.Tensor(-10310.313091846736, shape=(), dtype=float64)
nll_grad  cost time: 2.9326205253601074
tf.Tensor(-10331.023163569494, shape=(), dtype=float64)
nll_grad  cost time: 3.005899667739868
tf.Tensor(-10354.208442695628, shape=(), dtype=float64)
nll_grad  cost time: 2.8455440998077393
tf.Tensor(-10376.527000672635, shape=(), dtype=float64)
nll_grad  cost time: 2.7544994354248047
tf.Tensor(-10381.724517727518, shape=(), dtype=float64)
nll_grad  cost time: 2.7962653636932373
tf.Tensor(-10390.69357099157, shape=(), dtype=float64)
nll_grad  cost time: 2.932429075241089
tf.Tensor(-10403.065676757484, shape=(), dtype=float64)
nll_grad  cost time: 2.8781166076660156
tf.Tensor(-10418.14613083926, shape=(), dtype=float64)
nll_grad  cost time: 2.898033618927002
tf.Tensor(-10438.364430852263, shape=(), dtype=float64)
nll_grad  cost time: 2.809217929840088
tf.Tensor(-10452.591351784955, shape=(), dtype=float64)
nll_grad  cost time: 2.9397470951080322
tf.Tensor(-10468.471002527993, shape=(), dtype=float64)
nll_grad  cost time: 2.8989200592041016
tf.Tensor(-10488.840121235247, shape=(), dtype=float64)
nll_grad  cost time: 2.8093502521514893
tf.Tensor(-10498.325535899086, shape=(), dtype=float64)
nll_grad  cost time: 2.9288856983184814
tf.Tensor(-10509.779697862352, shape=(), dtype=float64)
nll_grad  cost time: 2.846289873123169
tf.Tensor(-10526.056793731957, shape=(), dtype=float64)
nll_grad  cost time: 2.9431118965148926
tf.Tensor(-10545.731074523297, shape=(), dtype=float64)
nll_grad  cost time: 2.927264928817749
tf.Tensor(-10557.927807499378, shape=(), dtype=float64)
nll_grad  cost time: 2.9375574588775635
tf.Tensor(-10567.609186588976, shape=(), dtype=float64)
nll_grad  cost time: 2.9082159996032715
tf.Tensor(-10577.818949056702, shape=(), dtype=float64)
nll_grad  cost time: 2.868928909301758
tf.Tensor(-10581.816431525716, shape=(), dtype=float64)
nll_grad  cost time: 2.981416702270508
tf.Tensor(-10587.534302353, shape=(), dtype=float64)
nll_grad  cost time: 2.9957430362701416
tf.Tensor(-10593.667971462593, shape=(), dtype=float64)
nll_grad  cost time: 2.842339277267456
tf.Tensor(-10603.479534858881, shape=(), dtype=float64)
nll_grad  cost time: 2.871999979019165
tf.Tensor(-10618.647612191926, shape=(), dtype=float64)
nll_grad  cost time: 2.788747787475586
tf.Tensor(-10634.138900078658, shape=(), dtype=float64)
nll_grad  cost time: 2.852154493331909
tf.Tensor(-10638.721252559684, shape=(), dtype=float64)
nll_grad  cost time: 2.7825822830200195
tf.Tensor(-10645.131455820665, shape=(), dtype=float64)
nll_grad  cost time: 2.88810658454895
tf.Tensor(-10649.197706995474, shape=(), dtype=float64)
nll_grad  cost time: 2.7888941764831543
tf.Tensor(-10655.532883179389, shape=(), dtype=float64)
nll_grad  cost time: 2.9314985275268555
tf.Tensor(-10660.005943990429, shape=(), dtype=float64)
nll_grad  cost time: 2.9064230918884277
tf.Tensor(-10666.090802655555, shape=(), dtype=float64)
nll_grad  cost time: 3.000424385070801
tf.Tensor(-10672.493040106943, shape=(), dtype=float64)
nll_grad  cost time: 2.9409027099609375
tf.Tensor(-10678.117760028152, shape=(), dtype=float64)
nll_grad  cost time: 2.8634700775146484
tf.Tensor(-10683.717294541697, shape=(), dtype=float64)
nll_grad  cost time: 2.8656835556030273
tf.Tensor(-10687.466907332142, shape=(), dtype=float64)
nll_grad  cost time: 2.8841681480407715
tf.Tensor(-10692.744772705133, shape=(), dtype=float64)
nll_grad  cost time: 3.0925509929656982
tf.Tensor(-10699.899582818995, shape=(), dtype=float64)
nll_grad  cost time: 2.8762223720550537
tf.Tensor(-10708.44333910475, shape=(), dtype=float64)
nll_grad  cost time: 3.116427421569824
tf.Tensor(-10718.172451529477, shape=(), dtype=float64)
nll_grad  cost time: 3.1705667972564697
tf.Tensor(-10724.35769762598, shape=(), dtype=float64)
nll_grad  cost time: 3.1337926387786865
tf.Tensor(-10732.556870223765, shape=(), dtype=float64)
nll_grad  cost time: 3.1527633666992188
tf.Tensor(-10743.397027409126, shape=(), dtype=float64)
nll_grad  cost time: 3.2145276069641113
tf.Tensor(-10757.564736682645, shape=(), dtype=float64)
nll_grad  cost time: 3.1499292850494385
tf.Tensor(-10768.630204868561, shape=(), dtype=float64)
nll_grad  cost time: 2.959862470626831
tf.Tensor(-10779.894729649066, shape=(), dtype=float64)
nll_grad  cost time: 2.9821524620056152
tf.Tensor(-10784.523494442808, shape=(), dtype=float64)
nll_grad  cost time: 3.0795533657073975
tf.Tensor(-10791.7221614898, shape=(), dtype=float64)
nll_grad  cost time: 3.091404676437378
tf.Tensor(-10798.573913529923, shape=(), dtype=float64)
nll_grad  cost time: 2.9939944744110107
tf.Tensor(-10809.421362315625, shape=(), dtype=float64)
nll_grad  cost time: 2.9577879905700684
tf.Tensor(-10823.570490514569, shape=(), dtype=float64)
nll_grad  cost time: 3.328409433364868
tf.Tensor(-10840.486482006207, shape=(), dtype=float64)
nll_grad  cost time: 3.131951093673706
nll_grad  cost time: 3.190218448638916
tf.Tensor(-10850.130450569042, shape=(), dtype=float64)
nll_grad  cost time: 3.121735095977783
tf.Tensor(-10861.857670032507, shape=(), dtype=float64)
nll_grad  cost time: 3.1092376708984375
tf.Tensor(-10872.822790381753, shape=(), dtype=float64)
nll_grad  cost time: 3.370396852493286
nll_grad  cost time: 3.2956225872039795
tf.Tensor(-10878.502251725069, shape=(), dtype=float64)
nll_grad  cost time: 3.25658917427063
tf.Tensor(-10885.744250948592, shape=(), dtype=float64)
nll_grad  cost time: 2.9092202186584473
tf.Tensor(-10895.99883516282, shape=(), dtype=float64)
nll_grad  cost time: 3.0837347507476807
tf.Tensor(-10901.03930700555, shape=(), dtype=float64)
nll_grad  cost time: 3.077686309814453
tf.Tensor(-10906.715927053505, shape=(), dtype=float64)
nll_grad  cost time: 2.9999430179595947
tf.Tensor(-10914.593111009926, shape=(), dtype=float64)
nll_grad  cost time: 3.1442506313323975
tf.Tensor(-10925.641694780265, shape=(), dtype=float64)
nll_grad  cost time: 2.9060235023498535
tf.Tensor(-10932.057006757852, shape=(), dtype=float64)
nll_grad  cost time: 3.3474791049957275
tf.Tensor(-10939.524215660145, shape=(), dtype=float64)
nll_grad  cost time: 3.2413418292999268
tf.Tensor(-10946.382316423173, shape=(), dtype=float64)
nll_grad  cost time: 3.108976125717163
tf.Tensor(-10957.5367786922, shape=(), dtype=float64)
nll_grad  cost time: 3.257141351699829
tf.Tensor(-10970.788998662254, shape=(), dtype=float64)
nll_grad  cost time: 3.247081756591797
tf.Tensor(-10976.817205832122, shape=(), dtype=float64)
nll_grad  cost time: 3.3538472652435303
tf.Tensor(-10984.316004166554, shape=(), dtype=float64)
nll_grad  cost time: 3.369741439819336
tf.Tensor(-10987.00938351018, shape=(), dtype=float64)
nll_grad  cost time: 3.2431862354278564
tf.Tensor(-10990.866178587545, shape=(), dtype=float64)
nll_grad  cost time: 3.4106709957122803
tf.Tensor(-10995.692264478887, shape=(), dtype=float64)
nll_grad  cost time: 3.5898914337158203
tf.Tensor(-11002.967756459599, shape=(), dtype=float64)
nll_grad  cost time: 3.344796895980835
tf.Tensor(-11010.20188016416, shape=(), dtype=float64)
nll_grad  cost time: 3.3601980209350586
tf.Tensor(-11017.064790899909, shape=(), dtype=float64)
nll_grad  cost time: 3.48455810546875
tf.Tensor(-11025.413180899304, shape=(), dtype=float64)
nll_grad  cost time: 3.4810943603515625
nll_grad  cost time: 3.2855024337768555
tf.Tensor(-11028.110497651134, shape=(), dtype=float64)
nll_grad  cost time: 3.184723377227783
tf.Tensor(-11031.868449189365, shape=(), dtype=float64)
nll_grad  cost time: 3.25304913520813
tf.Tensor(-11036.993359349697, shape=(), dtype=float64)
nll_grad  cost time: 3.3471760749816895
tf.Tensor(-11043.12545567681, shape=(), dtype=float64)
nll_grad  cost time: 3.2851552963256836
tf.Tensor(-11049.66539086381, shape=(), dtype=float64)
nll_grad  cost time: 3.33190655708313
tf.Tensor(-11054.428961302954, shape=(), dtype=float64)
nll_grad  cost time: 3.2375717163085938
tf.Tensor(-11060.262841512296, shape=(), dtype=float64)
nll_grad  cost time: 3.0037879943847656
tf.Tensor(-11067.546523932833, shape=(), dtype=float64)
nll_grad  cost time: 3.1441729068756104
tf.Tensor(-11076.61454116086, shape=(), dtype=float64)
nll_grad  cost time: 3.2988641262054443
nll_grad  cost time: 3.4096431732177734
tf.Tensor(-11080.898968726156, shape=(), dtype=float64)
nll_grad  cost time: 3.331397294998169
tf.Tensor(-11086.183049783896, shape=(), dtype=float64)
nll_grad  cost time: 3.158555746078491
tf.Tensor(-11089.738803212458, shape=(), dtype=float64)
nll_grad  cost time: 3.1853694915771484
tf.Tensor(-11094.333495418337, shape=(), dtype=float64)
nll_grad  cost time: 3.1863112449645996
tf.Tensor(-11098.27945437008, shape=(), dtype=float64)
nll_grad  cost time: 3.0788028240203857
tf.Tensor(-11102.957921340443, shape=(), dtype=float64)
nll_grad  cost time: 3.0755677223205566
tf.Tensor(-11108.999545316707, shape=(), dtype=float64)
nll_grad  cost time: 3.202799081802368
tf.Tensor(-11115.74978476185, shape=(), dtype=float64)
nll_grad  cost time: 3.318431854248047
nll_grad  cost time: 3.2593414783477783
tf.Tensor(-11118.963994686776, shape=(), dtype=float64)
nll_grad  cost time: 3.248821258544922
tf.Tensor(-11122.823084042837, shape=(), dtype=float64)
nll_grad  cost time: 3.2379610538482666
tf.Tensor(-11124.82501330517, shape=(), dtype=float64)
nll_grad  cost time: 3.2660365104675293
tf.Tensor(-11127.885127134141, shape=(), dtype=float64)
nll_grad  cost time: 3.1436543464660645
tf.Tensor(-11132.20979506924, shape=(), dtype=float64)
nll_grad  cost time: 3.194648027420044
tf.Tensor(-11136.098007318651, shape=(), dtype=float64)
nll_grad  cost time: 3.3572847843170166
tf.Tensor(-11137.51347769751, shape=(), dtype=float64)
nll_grad  cost time: 3.5181078910827637
tf.Tensor(-11139.654946298979, shape=(), dtype=float64)
nll_grad  cost time: 3.2128114700317383
tf.Tensor(-11142.903871323419, shape=(), dtype=float64)
nll_grad  cost time: 3.47174334526062
tf.Tensor(-11146.56422625605, shape=(), dtype=float64)
nll_grad  cost time: 3.396458625793457
tf.Tensor(-11150.087023740016, shape=(), dtype=float64)
nll_grad  cost time: 3.426370143890381
tf.Tensor(-11154.087772663042, shape=(), dtype=float64)
nll_grad  cost time: 3.328629493713379
tf.Tensor(-11157.541298441618, shape=(), dtype=float64)
nll_grad  cost time: 3.2002079486846924
tf.Tensor(-11161.764183791332, shape=(), dtype=float64)
nll_grad  cost time: 3.2402775287628174
tf.Tensor(-11166.674649376087, shape=(), dtype=float64)
nll_grad  cost time: 3.362821340560913
tf.Tensor(-11167.528755228202, shape=(), dtype=float64)
nll_grad  cost time: 3.3002848625183105
tf.Tensor(-11169.1159184028, shape=(), dtype=float64)
nll_grad  cost time: 3.3678956031799316
tf.Tensor(-11172.076756271541, shape=(), dtype=float64)
nll_grad  cost time: 3.337239980697632
tf.Tensor(-11176.957416457619, shape=(), dtype=float64)
nll_grad  cost time: 3.3758068084716797
tf.Tensor(-11182.222107557085, shape=(), dtype=float64)
nll_grad  cost time: 3.373640298843384
tf.Tensor(-11186.716727931744, shape=(), dtype=float64)
nll_grad  cost time: 3.2345187664031982
tf.Tensor(-11188.172494568666, shape=(), dtype=float64)
nll_grad  cost time: 3.1947240829467773
tf.Tensor(-11190.53443271247, shape=(), dtype=float64)
nll_grad  cost time: 3.204200506210327
tf.Tensor(-11194.268085489617, shape=(), dtype=float64)
nll_grad  cost time: 3.1127827167510986
tf.Tensor(-11198.538570722587, shape=(), dtype=float64)
nll_grad  cost time: 3.370059013366699
nll_grad  cost time: 3.3382740020751953
tf.Tensor(-11200.978155110126, shape=(), dtype=float64)
nll_grad  cost time: 3.4704878330230713
tf.Tensor(-11203.415747962317, shape=(), dtype=float64)
nll_grad  cost time: 3.397751569747925
tf.Tensor(-11206.490021000835, shape=(), dtype=float64)
nll_grad  cost time: 3.353360891342163
tf.Tensor(-11209.452911495107, shape=(), dtype=float64)
nll_grad  cost time: 3.255742073059082
tf.Tensor(-11211.839370174937, shape=(), dtype=float64)
nll_grad  cost time: 3.385960578918457
tf.Tensor(-11213.663172500492, shape=(), dtype=float64)
nll_grad  cost time: 3.4263689517974854
tf.Tensor(-11215.623110022017, shape=(), dtype=float64)
nll_grad  cost time: 3.2332334518432617
tf.Tensor(-11217.369024920205, shape=(), dtype=float64)
nll_grad  cost time: 3.195160388946533
tf.Tensor(-11219.405865058867, shape=(), dtype=float64)
nll_grad  cost time: 3.2425291538238525
tf.Tensor(-11221.574105405587, shape=(), dtype=float64)
nll_grad  cost time: 3.3780579566955566
tf.Tensor(-11223.5577995778, shape=(), dtype=float64)
nll_grad  cost time: 3.284400224685669
tf.Tensor(-11225.092366187873, shape=(), dtype=float64)
nll_grad  cost time: 3.301502227783203
tf.Tensor(-11227.080119246319, shape=(), dtype=float64)
nll_grad  cost time: 3.3479743003845215
tf.Tensor(-11228.943596681951, shape=(), dtype=float64)
nll_grad  cost time: 3.2353971004486084
tf.Tensor(-11230.649785999896, shape=(), dtype=float64)
nll_grad  cost time: 3.2673652172088623
tf.Tensor(-11231.638108599298, shape=(), dtype=float64)
nll_grad  cost time: 3.201955795288086
tf.Tensor(-11232.826697036413, shape=(), dtype=float64)
nll_grad  cost time: 3.279184341430664
tf.Tensor(-11234.09626164356, shape=(), dtype=float64)
nll_grad  cost time: 3.2163922786712646
tf.Tensor(-11234.887813706024, shape=(), dtype=float64)
nll_grad  cost time: 3.431394338607788
tf.Tensor(-11235.998572329416, shape=(), dtype=float64)
nll_grad  cost time: 3.3595197200775146
tf.Tensor(-11237.423332413644, shape=(), dtype=float64)
nll_grad  cost time: 3.406270742416382
tf.Tensor(-11238.75130772121, shape=(), dtype=float64)
nll_grad  cost time: 3.3596582412719727
tf.Tensor(-11239.955966261627, shape=(), dtype=float64)
nll_grad  cost time: 3.4668354988098145
tf.Tensor(-11241.146042589586, shape=(), dtype=float64)
nll_grad  cost time: 3.354921579360962
tf.Tensor(-11242.300789223238, shape=(), dtype=float64)
nll_grad  cost time: 3.4013161659240723
tf.Tensor(-11243.727538088573, shape=(), dtype=float64)
nll_grad  cost time: 3.542390823364258
tf.Tensor(-11245.42675089205, shape=(), dtype=float64)
nll_grad  cost time: 3.4372470378875732
tf.Tensor(-11246.37147322296, shape=(), dtype=float64)
nll_grad  cost time: 3.352097511291504
tf.Tensor(-11247.725013073781, shape=(), dtype=float64)
nll_grad  cost time: 3.453439474105835
tf.Tensor(-11249.416883754991, shape=(), dtype=float64)
nll_grad  cost time: 3.302147388458252
tf.Tensor(-11250.607776740646, shape=(), dtype=float64)
nll_grad  cost time: 3.421531915664673
tf.Tensor(-11251.549534854901, shape=(), dtype=float64)
nll_grad  cost time: 3.3438310623168945
tf.Tensor(-11252.646273553899, shape=(), dtype=float64)
nll_grad  cost time: 3.418498992919922
tf.Tensor(-11253.723499808064, shape=(), dtype=float64)
nll_grad  cost time: 3.308638572692871
tf.Tensor(-11254.838931924929, shape=(), dtype=float64)
nll_grad  cost time: 3.346860885620117
tf.Tensor(-11256.020972541224, shape=(), dtype=float64)
nll_grad  cost time: 3.2953412532806396
nll_grad  cost time: 3.4012153148651123
tf.Tensor(-11256.678603441273, shape=(), dtype=float64)
nll_grad  cost time: 3.3114421367645264
tf.Tensor(-11257.430928841019, shape=(), dtype=float64)
nll_grad  cost time: 3.334354877471924
tf.Tensor(-11258.065419043112, shape=(), dtype=float64)
nll_grad  cost time: 3.30527925491333
tf.Tensor(-11258.75886893685, shape=(), dtype=float64)
nll_grad  cost time: 3.4776954650878906
tf.Tensor(-11259.706642997939, shape=(), dtype=float64)
nll_grad  cost time: 3.2088606357574463
tf.Tensor(-11260.313646598806, shape=(), dtype=float64)
nll_grad  cost time: 3.366417646408081
tf.Tensor(-11261.24687141892, shape=(), dtype=float64)
nll_grad  cost time: 3.211407423019409
tf.Tensor(-11262.261241767872, shape=(), dtype=float64)
nll_grad  cost time: 3.229604721069336
tf.Tensor(-11262.64240321477, shape=(), dtype=float64)
nll_grad  cost time: 3.3089840412139893
tf.Tensor(-11263.247289066632, shape=(), dtype=float64)
nll_grad  cost time: 3.2121875286102295
tf.Tensor(-11264.089160348605, shape=(), dtype=float64)
nll_grad  cost time: 3.4410288333892822
tf.Tensor(-11265.158907799425, shape=(), dtype=float64)
nll_grad  cost time: 3.5456137657165527
tf.Tensor(-11265.63568352256, shape=(), dtype=float64)
nll_grad  cost time: 3.305872678756714
tf.Tensor(-11266.392500767452, shape=(), dtype=float64)
nll_grad  cost time: 3.479186534881592
tf.Tensor(-11267.525137011766, shape=(), dtype=float64)
nll_grad  cost time: 3.329960823059082
nll_grad  cost time: 3.1812326908111572
tf.Tensor(-11268.022731783269, shape=(), dtype=float64)
nll_grad  cost time: 3.3371939659118652
tf.Tensor(-11268.69259164499, shape=(), dtype=float64)
nll_grad  cost time: 3.2333879470825195
tf.Tensor(-11269.544898797743, shape=(), dtype=float64)
nll_grad  cost time: 3.4499027729034424
tf.Tensor(-11270.206732471172, shape=(), dtype=float64)
nll_grad  cost time: 3.28539776802063
tf.Tensor(-11271.018748116869, shape=(), dtype=float64)
nll_grad  cost time: 3.2460968494415283
tf.Tensor(-11271.527769091474, shape=(), dtype=float64)
nll_grad  cost time: 3.2359235286712646
tf.Tensor(-11272.224473282888, shape=(), dtype=float64)
nll_grad  cost time: 3.2712337970733643
tf.Tensor(-11272.944776478365, shape=(), dtype=float64)
nll_grad  cost time: 3.158604145050049
tf.Tensor(-11273.702017290852, shape=(), dtype=float64)
nll_grad  cost time: 3.2725913524627686
tf.Tensor(-11274.538150515491, shape=(), dtype=float64)
nll_grad  cost time: 3.358640432357788
tf.Tensor(-11275.68935312255, shape=(), dtype=float64)
nll_grad  cost time: 3.526067018508911
tf.Tensor(-11277.078081824093, shape=(), dtype=float64)
nll_grad  cost time: 3.356177568435669
tf.Tensor(-11278.134441603102, shape=(), dtype=float64)
nll_grad  cost time: 3.3659462928771973
tf.Tensor(-11279.010972939981, shape=(), dtype=float64)
nll_grad  cost time: 3.283458948135376
tf.Tensor(-11280.09535120739, shape=(), dtype=float64)
nll_grad  cost time: 3.2818424701690674
tf.Tensor(-11280.472410186561, shape=(), dtype=float64)
nll_grad  cost time: 3.267024278640747
tf.Tensor(-11281.110363087297, shape=(), dtype=float64)
nll_grad  cost time: 3.1047825813293457
tf.Tensor(-11282.034343740317, shape=(), dtype=float64)
nll_grad  cost time: 3.3079183101654053
tf.Tensor(-11282.939941501136, shape=(), dtype=float64)
nll_grad  cost time: 3.2779457569122314
tf.Tensor(-11283.493661950935, shape=(), dtype=float64)
nll_grad  cost time: 3.4105303287506104
tf.Tensor(-11284.176961095702, shape=(), dtype=float64)
nll_grad  cost time: 3.4016685485839844
tf.Tensor(-11285.032714233133, shape=(), dtype=float64)
nll_grad  cost time: 3.5511789321899414
tf.Tensor(-11285.48919663767, shape=(), dtype=float64)
nll_grad  cost time: 3.447549343109131
tf.Tensor(-11286.107794530737, shape=(), dtype=float64)
nll_grad  cost time: 3.421464681625366
tf.Tensor(-11286.56254344112, shape=(), dtype=float64)
nll_grad  cost time: 3.3677234649658203
tf.Tensor(-11287.009761866848, shape=(), dtype=float64)
nll_grad  cost time: 3.347895622253418
tf.Tensor(-11287.379279138258, shape=(), dtype=float64)
nll_grad  cost time: 3.25382137298584
tf.Tensor(-11287.814900558482, shape=(), dtype=float64)
nll_grad  cost time: 3.4070382118225098
tf.Tensor(-11288.347659162457, shape=(), dtype=float64)
nll_grad  cost time: 3.383030652999878
tf.Tensor(-11288.954779231419, shape=(), dtype=float64)
nll_grad  cost time: 3.3104374408721924
tf.Tensor(-11289.71549746221, shape=(), dtype=float64)
nll_grad  cost time: 3.3291139602661133
tf.Tensor(-11290.805379973845, shape=(), dtype=float64)
nll_grad  cost time: 3.409461498260498
tf.Tensor(-11291.626228695535, shape=(), dtype=float64)
nll_grad  cost time: 3.227118968963623
tf.Tensor(-11292.40859160115, shape=(), dtype=float64)
nll_grad  cost time: 3.3936851024627686
tf.Tensor(-11292.717245662701, shape=(), dtype=float64)
nll_grad  cost time: 3.473073959350586
tf.Tensor(-11293.17262200726, shape=(), dtype=float64)
nll_grad  cost time: 3.486729383468628
tf.Tensor(-11293.775090333773, shape=(), dtype=float64)
nll_grad  cost time: 3.4525794982910156
tf.Tensor(-11294.330673364351, shape=(), dtype=float64)
nll_grad  cost time: 3.4153943061828613
tf.Tensor(-11294.921628370648, shape=(), dtype=float64)
nll_grad  cost time: 3.346713066101074
tf.Tensor(-11295.634397095851, shape=(), dtype=float64)
nll_grad  cost time: 3.323204755783081
tf.Tensor(-11296.481145449376, shape=(), dtype=float64)
nll_grad  cost time: 3.4141411781311035
tf.Tensor(-11297.038059534028, shape=(), dtype=float64)
nll_grad  cost time: 3.484882116317749
tf.Tensor(-11297.206152577877, shape=(), dtype=float64)
nll_grad  cost time: 3.376856565475464
tf.Tensor(-11297.508622198118, shape=(), dtype=float64)
nll_grad  cost time: 3.308962821960449
tf.Tensor(-11298.029767454387, shape=(), dtype=float64)
nll_grad  cost time: 3.3797690868377686
tf.Tensor(-11298.695021784577, shape=(), dtype=float64)
nll_grad  cost time: 3.6094272136688232
tf.Tensor(-11298.853454503394, shape=(), dtype=float64)
nll_grad  cost time: 3.516221046447754
tf.Tensor(-11299.130624402522, shape=(), dtype=float64)
nll_grad  cost time: 3.3949902057647705
tf.Tensor(-11299.57618304143, shape=(), dtype=float64)
nll_grad  cost time: 3.3552379608154297
tf.Tensor(-11300.079175791707, shape=(), dtype=float64)
nll_grad  cost time: 3.365102529525757
tf.Tensor(-11300.41102679828, shape=(), dtype=float64)
nll_grad  cost time: 3.16361141204834
tf.Tensor(-11300.782223947273, shape=(), dtype=float64)
nll_grad  cost time: 3.193971633911133
tf.Tensor(-11301.300941226738, shape=(), dtype=float64)
nll_grad  cost time: 3.285954236984253
tf.Tensor(-11301.812322351198, shape=(), dtype=float64)
nll_grad  cost time: 3.368832588195801
tf.Tensor(-11302.21528978922, shape=(), dtype=float64)
nll_grad  cost time: 3.149184226989746
tf.Tensor(-11302.606875910456, shape=(), dtype=float64)
nll_grad  cost time: 3.26278018951416
tf.Tensor(-11302.991018591747, shape=(), dtype=float64)
nll_grad  cost time: 3.358699321746826
tf.Tensor(-11303.307303932157, shape=(), dtype=float64)
nll_grad  cost time: 3.2282052040100098
tf.Tensor(-11303.678866147879, shape=(), dtype=float64)
nll_grad  cost time: 3.101959466934204
tf.Tensor(-11303.889836537965, shape=(), dtype=float64)
nll_grad  cost time: 3.274092197418213
tf.Tensor(-11304.20276211487, shape=(), dtype=float64)
nll_grad  cost time: 3.3829057216644287
tf.Tensor(-11304.65483130456, shape=(), dtype=float64)
nll_grad  cost time: 3.298431873321533
tf.Tensor(-11305.070797957273, shape=(), dtype=float64)
nll_grad  cost time: 3.2379581928253174
tf.Tensor(-11305.289626843616, shape=(), dtype=float64)
nll_grad  cost time: 3.1364011764526367
tf.Tensor(-11305.546211929137, shape=(), dtype=float64)
nll_grad  cost time: 3.4384453296661377
tf.Tensor(-11305.791726781823, shape=(), dtype=float64)
nll_grad  cost time: 3.283015012741089
tf.Tensor(-11306.00105175145, shape=(), dtype=float64)
nll_grad  cost time: 3.3485910892486572
tf.Tensor(-11306.298991868214, shape=(), dtype=float64)
nll_grad  cost time: 3.3518848419189453
tf.Tensor(-11306.659545608134, shape=(), dtype=float64)
nll_grad  cost time: 3.218548059463501
tf.Tensor(-11306.950171286306, shape=(), dtype=float64)
nll_grad  cost time: 3.1883552074432373
tf.Tensor(-11307.24186057958, shape=(), dtype=float64)
nll_grad  cost time: 3.362555980682373
tf.Tensor(-11307.561570694324, shape=(), dtype=float64)
nll_grad  cost time: 3.5094480514526367
tf.Tensor(-11307.829629297998, shape=(), dtype=float64)
nll_grad  cost time: 3.3790717124938965
tf.Tensor(-11308.043435817912, shape=(), dtype=float64)
nll_grad  cost time: 3.2260546684265137
tf.Tensor(-11308.204239898507, shape=(), dtype=float64)
nll_grad  cost time: 3.2895941734313965
tf.Tensor(-11308.41129504389, shape=(), dtype=float64)
nll_grad  cost time: 3.338085174560547
tf.Tensor(-11308.67252049442, shape=(), dtype=float64)
nll_grad  cost time: 3.1288390159606934
tf.Tensor(-11308.929749036033, shape=(), dtype=float64)
nll_grad  cost time: 3.360813617706299
tf.Tensor(-11309.170869275109, shape=(), dtype=float64)
nll_grad  cost time: 3.3535103797912598
tf.Tensor(-11309.37952951355, shape=(), dtype=float64)
nll_grad  cost time: 3.3438525199890137
tf.Tensor(-11309.555263282407, shape=(), dtype=float64)
nll_grad  cost time: 3.343886375427246
tf.Tensor(-11309.687698709662, shape=(), dtype=float64)
nll_grad  cost time: 3.39251971244812
tf.Tensor(-11309.83765401765, shape=(), dtype=float64)
nll_grad  cost time: 3.290675163269043
tf.Tensor(-11309.974814173544, shape=(), dtype=float64)
nll_grad  cost time: 3.3580915927886963
tf.Tensor(-11310.170340329383, shape=(), dtype=float64)
nll_grad  cost time: 3.3654565811157227
tf.Tensor(-11310.362451342437, shape=(), dtype=float64)
nll_grad  cost time: 3.1723082065582275
tf.Tensor(-11310.484807538978, shape=(), dtype=float64)
nll_grad  cost time: 3.1970572471618652
tf.Tensor(-11310.658759390346, shape=(), dtype=float64)
nll_grad  cost time: 3.296370267868042
tf.Tensor(-11310.89038446454, shape=(), dtype=float64)
nll_grad  cost time: 3.3425559997558594
tf.Tensor(-11311.104680042907, shape=(), dtype=float64)
nll_grad  cost time: 3.216360569000244
tf.Tensor(-11311.306258699595, shape=(), dtype=float64)
nll_grad  cost time: 3.3795084953308105
tf.Tensor(-11311.496042878585, shape=(), dtype=float64)
nll_grad  cost time: 3.192432403564453
tf.Tensor(-11311.667197210012, shape=(), dtype=float64)
nll_grad  cost time: 3.1862857341766357
tf.Tensor(-11311.848548684742, shape=(), dtype=float64)
nll_grad  cost time: 3.238459587097168
tf.Tensor(-11312.01341686213, shape=(), dtype=float64)
nll_grad  cost time: 3.1695406436920166
tf.Tensor(-11312.208642826066, shape=(), dtype=float64)
nll_grad  cost time: 3.289139747619629
tf.Tensor(-11312.377303576388, shape=(), dtype=float64)
nll_grad  cost time: 3.389490842819214
tf.Tensor(-11312.541331451219, shape=(), dtype=float64)
nll_grad  cost time: 3.2635138034820557
tf.Tensor(-11312.720729216137, shape=(), dtype=float64)
nll_grad  cost time: 3.2324187755584717
tf.Tensor(-11312.897006802821, shape=(), dtype=float64)
nll_grad  cost time: 3.2568328380584717
tf.Tensor(-11313.090170829739, shape=(), dtype=float64)
nll_grad  cost time: 3.3632538318634033
tf.Tensor(-11313.356537373365, shape=(), dtype=float64)
nll_grad  cost time: 3.3473000526428223
tf.Tensor(-11313.697347545796, shape=(), dtype=float64)
nll_grad  cost time: 3.4500694274902344
tf.Tensor(-11314.041692434545, shape=(), dtype=float64)
nll_grad  cost time: 3.312317132949829
tf.Tensor(-11314.461621336744, shape=(), dtype=float64)
nll_grad  cost time: 3.1570544242858887
tf.Tensor(-11314.770862697795, shape=(), dtype=float64)
nll_grad  cost time: 3.1985280513763428
tf.Tensor(-11314.929506858101, shape=(), dtype=float64)
nll_grad  cost time: 3.3617653846740723
tf.Tensor(-11315.139461520139, shape=(), dtype=float64)
nll_grad  cost time: 3.3482964038848877
tf.Tensor(-11315.271981950853, shape=(), dtype=float64)
nll_grad  cost time: 3.4207983016967773
tf.Tensor(-11315.473597901142, shape=(), dtype=float64)
nll_grad  cost time: 3.3832895755767822
tf.Tensor(-11315.755527276422, shape=(), dtype=float64)
nll_grad  cost time: 3.3267579078674316
tf.Tensor(-11315.972550959581, shape=(), dtype=float64)
nll_grad  cost time: 3.321936845779419
tf.Tensor(-11316.117529940766, shape=(), dtype=float64)
nll_grad  cost time: 3.3835055828094482
tf.Tensor(-11316.286512615694, shape=(), dtype=float64)
nll_grad  cost time: 3.259453535079956
tf.Tensor(-11316.44622955794, shape=(), dtype=float64)
nll_grad  cost time: 3.4565653800964355
tf.Tensor(-11316.573786644403, shape=(), dtype=float64)
nll_grad  cost time: 3.279048442840576
tf.Tensor(-11316.70109693778, shape=(), dtype=float64)
nll_grad  cost time: 3.4149973392486572
tf.Tensor(-11316.79615399419, shape=(), dtype=float64)
nll_grad  cost time: 3.3074522018432617
tf.Tensor(-11316.89246599899, shape=(), dtype=float64)
nll_grad  cost time: 3.44356632232666
tf.Tensor(-11317.025744820865, shape=(), dtype=float64)
nll_grad  cost time: 3.2861220836639404
tf.Tensor(-11317.203642032884, shape=(), dtype=float64)
nll_grad  cost time: 3.2622861862182617
tf.Tensor(-11317.337257998053, shape=(), dtype=float64)
nll_grad  cost time: 3.166663885116577
tf.Tensor(-11317.442467729295, shape=(), dtype=float64)
nll_grad  cost time: 3.217728853225708
tf.Tensor(-11317.544843796411, shape=(), dtype=float64)
nll_grad  cost time: 3.389974355697632
tf.Tensor(-11317.666830596256, shape=(), dtype=float64)
nll_grad  cost time: 3.254213571548462
tf.Tensor(-11317.803676922424, shape=(), dtype=float64)
nll_grad  cost time: 3.264113187789917
tf.Tensor(-11317.950677298402, shape=(), dtype=float64)
nll_grad  cost time: 3.3056211471557617
tf.Tensor(-11318.102263669945, shape=(), dtype=float64)
nll_grad  cost time: 3.512180805206299
tf.Tensor(-11318.218912715147, shape=(), dtype=float64)
nll_grad  cost time: 3.497128963470459
tf.Tensor(-11318.350861193645, shape=(), dtype=float64)
nll_grad  cost time: 3.453178644180298
tf.Tensor(-11318.451849517274, shape=(), dtype=float64)
nll_grad  cost time: 3.295236349105835
tf.Tensor(-11318.551556572304, shape=(), dtype=float64)
nll_grad  cost time: 3.5461559295654297
tf.Tensor(-11318.674298556078, shape=(), dtype=float64)
nll_grad  cost time: 3.292588710784912
tf.Tensor(-11318.810794853849, shape=(), dtype=float64)
nll_grad  cost time: 3.397944450378418
tf.Tensor(-11318.94460231615, shape=(), dtype=float64)
nll_grad  cost time: 3.3550631999969482
tf.Tensor(-11319.065008172085, shape=(), dtype=float64)
nll_grad  cost time: 3.372157096862793
tf.Tensor(-11319.12582372488, shape=(), dtype=float64)
nll_grad  cost time: 3.1229300498962402
tf.Tensor(-11319.199297474239, shape=(), dtype=float64)
nll_grad  cost time: 3.232503652572632
tf.Tensor(-11319.297615623087, shape=(), dtype=float64)
nll_grad  cost time: 3.2310683727264404
tf.Tensor(-11319.375826830128, shape=(), dtype=float64)
nll_grad  cost time: 3.0265443325042725
tf.Tensor(-11319.45974917891, shape=(), dtype=float64)
nll_grad  cost time: 3.1591410636901855
tf.Tensor(-11319.543965397741, shape=(), dtype=float64)
nll_grad  cost time: 3.6586010456085205
tf.Tensor(-11319.63121304474, shape=(), dtype=float64)
nll_grad  cost time: 3.225804090499878
tf.Tensor(-11319.694643387244, shape=(), dtype=float64)
nll_grad  cost time: 3.210310459136963
tf.Tensor(-11319.777443091272, shape=(), dtype=float64)
nll_grad  cost time: 3.243103504180908
tf.Tensor(-11319.871350339461, shape=(), dtype=float64)
nll_grad  cost time: 3.3791346549987793
tf.Tensor(-11319.932475162357, shape=(), dtype=float64)
nll_grad  cost time: 3.307494878768921
tf.Tensor(-11320.012987842798, shape=(), dtype=float64)
nll_grad  cost time: 3.3099477291107178
tf.Tensor(-11320.091275540934, shape=(), dtype=float64)
nll_grad  cost time: 3.39461350440979
tf.Tensor(-11320.174318116278, shape=(), dtype=float64)
nll_grad  cost time: 3.2429556846618652
tf.Tensor(-11320.266096471787, shape=(), dtype=float64)
nll_grad  cost time: 3.166935682296753
tf.Tensor(-11320.36002958579, shape=(), dtype=float64)
nll_grad  cost time: 3.3571856021881104
tf.Tensor(-11320.489253786604, shape=(), dtype=float64)
nll_grad  cost time: 3.4133384227752686
tf.Tensor(-11320.68499756798, shape=(), dtype=float64)
nll_grad  cost time: 3.3559060096740723
tf.Tensor(-11320.92967747141, shape=(), dtype=float64)
nll_grad  cost time: 3.4083802700042725
tf.Tensor(-11321.117156260469, shape=(), dtype=float64)
nll_grad  cost time: 3.3651175498962402
tf.Tensor(-11321.308180643031, shape=(), dtype=float64)
nll_grad  cost time: 3.314260482788086
tf.Tensor(-11321.491554371656, shape=(), dtype=float64)
nll_grad  cost time: 3.271737813949585
tf.Tensor(-11321.599213314952, shape=(), dtype=float64)
nll_grad  cost time: 3.407255172729492
tf.Tensor(-11321.746286809284, shape=(), dtype=float64)
nll_grad  cost time: 3.3896214962005615
tf.Tensor(-11321.935456370611, shape=(), dtype=float64)
nll_grad  cost time: 3.1648929119110107
tf.Tensor(-11322.017596486377, shape=(), dtype=float64)
nll_grad  cost time: 3.2469398975372314
tf.Tensor(-11322.149079316263, shape=(), dtype=float64)
nll_grad  cost time: 3.420816421508789
tf.Tensor(-11322.315020832451, shape=(), dtype=float64)
nll_grad  cost time: 3.3360936641693115
tf.Tensor(-11322.388491808488, shape=(), dtype=float64)
nll_grad  cost time: 3.078819990158081
tf.Tensor(-11322.502454538826, shape=(), dtype=float64)
nll_grad  cost time: 3.281289577484131
tf.Tensor(-11322.6393790691, shape=(), dtype=float64)
nll_grad  cost time: 3.431203603744507
tf.Tensor(-11322.731662128277, shape=(), dtype=float64)
nll_grad  cost time: 3.4581398963928223
tf.Tensor(-11322.84538079935, shape=(), dtype=float64)
nll_grad  cost time: 3.209233045578003
tf.Tensor(-11322.970834461998, shape=(), dtype=float64)
nll_grad  cost time: 3.1230502128601074
tf.Tensor(-11323.070252912046, shape=(), dtype=float64)
nll_grad  cost time: 3.16839861869812
tf.Tensor(-11323.20667055955, shape=(), dtype=float64)
nll_grad  cost time: 3.3496999740600586
tf.Tensor(-11323.323346762118, shape=(), dtype=float64)
nll_grad  cost time: 3.43448805809021
tf.Tensor(-11323.417359739538, shape=(), dtype=float64)
nll_grad  cost time: 3.295598030090332
tf.Tensor(-11323.521836043517, shape=(), dtype=float64)
nll_grad  cost time: 3.233963966369629
tf.Tensor(-11323.635884482814, shape=(), dtype=float64)
nll_grad  cost time: 3.3171894550323486
tf.Tensor(-11323.761509485528, shape=(), dtype=float64)
nll_grad  cost time: 3.413888692855835
tf.Tensor(-11323.924089502198, shape=(), dtype=float64)
nll_grad  cost time: 3.353921413421631
tf.Tensor(-11324.059034723938, shape=(), dtype=float64)
nll_grad  cost time: 3.3003625869750977
tf.Tensor(-11324.163513725569, shape=(), dtype=float64)
nll_grad  cost time: 3.1445865631103516
tf.Tensor(-11324.282020642855, shape=(), dtype=float64)
nll_grad  cost time: 3.2178478240966797
tf.Tensor(-11324.44484423973, shape=(), dtype=float64)
nll_grad  cost time: 3.3869705200195312
tf.Tensor(-11324.576448597985, shape=(), dtype=float64)
nll_grad  cost time: 3.3249645233154297
tf.Tensor(-11324.700553813076, shape=(), dtype=float64)
nll_grad  cost time: 3.42236065864563
tf.Tensor(-11324.827976902008, shape=(), dtype=float64)
nll_grad  cost time: 3.3684637546539307
tf.Tensor(-11324.925923622239, shape=(), dtype=float64)
nll_grad  cost time: 3.3664581775665283
tf.Tensor(-11324.985230611019, shape=(), dtype=float64)
nll_grad  cost time: 3.3102173805236816
tf.Tensor(-11325.04552052994, shape=(), dtype=float64)
nll_grad  cost time: 3.3850464820861816
tf.Tensor(-11325.09901270446, shape=(), dtype=float64)
nll_grad  cost time: 3.2482197284698486
tf.Tensor(-11325.166931828859, shape=(), dtype=float64)
nll_grad  cost time: 3.3346681594848633
tf.Tensor(-11325.261254097459, shape=(), dtype=float64)
nll_grad  cost time: 3.5019683837890625
tf.Tensor(-11325.351008741141, shape=(), dtype=float64)
nll_grad  cost time: 3.498176097869873
tf.Tensor(-11325.421056948864, shape=(), dtype=float64)
nll_grad  cost time: 3.3972361087799072
tf.Tensor(-11325.510410686795, shape=(), dtype=float64)
nll_grad  cost time: 3.28517746925354
tf.Tensor(-11325.617054974387, shape=(), dtype=float64)
nll_grad  cost time: 3.392146110534668
tf.Tensor(-11325.71195202487, shape=(), dtype=float64)
nll_grad  cost time: 3.2282321453094482
tf.Tensor(-11325.828234627133, shape=(), dtype=float64)
nll_grad  cost time: 3.2573838233947754
tf.Tensor(-11325.940257402923, shape=(), dtype=float64)
nll_grad  cost time: 3.457594394683838
tf.Tensor(-11326.043640117507, shape=(), dtype=float64)
nll_grad  cost time: 3.1675171852111816
tf.Tensor(-11326.129447788586, shape=(), dtype=float64)
nll_grad  cost time: 3.4339449405670166
tf.Tensor(-11326.20621455582, shape=(), dtype=float64)
nll_grad  cost time: 3.273876190185547
tf.Tensor(-11326.276584337531, shape=(), dtype=float64)
nll_grad  cost time: 3.3307414054870605
tf.Tensor(-11326.355935058997, shape=(), dtype=float64)
nll_grad  cost time: 3.274376392364502
tf.Tensor(-11326.427728483752, shape=(), dtype=float64)
nll_grad  cost time: 3.3694772720336914
tf.Tensor(-11326.499801557009, shape=(), dtype=float64)
nll_grad  cost time: 3.2053585052490234
tf.Tensor(-11326.57053785129, shape=(), dtype=float64)
nll_grad  cost time: 3.2090282440185547
tf.Tensor(-11326.662974188956, shape=(), dtype=float64)
nll_grad  cost time: 3.139535665512085
tf.Tensor(-11326.759865730477, shape=(), dtype=float64)
nll_grad  cost time: 3.1292715072631836
tf.Tensor(-11326.880913134082, shape=(), dtype=float64)
nll_grad  cost time: 3.4815797805786133
tf.Tensor(-11327.003404045721, shape=(), dtype=float64)
nll_grad  cost time: 3.232975721359253
tf.Tensor(-11327.122844936512, shape=(), dtype=float64)
nll_grad  cost time: 3.241414785385132
tf.Tensor(-11327.237606870844, shape=(), dtype=float64)
nll_grad  cost time: 3.3697750568389893
tf.Tensor(-11327.285861611454, shape=(), dtype=float64)
nll_grad  cost time: 3.325965166091919
tf.Tensor(-11327.349611665024, shape=(), dtype=float64)
nll_grad  cost time: 3.32378888130188
tf.Tensor(-11327.419636536426, shape=(), dtype=float64)
nll_grad  cost time: 3.3671295642852783
tf.Tensor(-11327.48771168941, shape=(), dtype=float64)
nll_grad  cost time: 3.3778347969055176
tf.Tensor(-11327.57826293233, shape=(), dtype=float64)
nll_grad  cost time: 3.1949644088745117
tf.Tensor(-11327.6513738625, shape=(), dtype=float64)
nll_grad  cost time: 3.468747615814209
tf.Tensor(-11327.721935746576, shape=(), dtype=float64)
nll_grad  cost time: 3.337797164916992
tf.Tensor(-11327.801541126446, shape=(), dtype=float64)
nll_grad  cost time: 3.1860580444335938
tf.Tensor(-11327.91026423249, shape=(), dtype=float64)
nll_grad  cost time: 3.3386850357055664
tf.Tensor(-11328.020195151104, shape=(), dtype=float64)
nll_grad  cost time: 3.368145227432251
tf.Tensor(-11328.072521381422, shape=(), dtype=float64)
nll_grad  cost time: 3.4743287563323975
tf.Tensor(-11328.14073599548, shape=(), dtype=float64)
nll_grad  cost time: 3.278498649597168
tf.Tensor(-11328.182868403786, shape=(), dtype=float64)
nll_grad  cost time: 3.3497374057769775
tf.Tensor(-11328.236272746984, shape=(), dtype=float64)
nll_grad  cost time: 3.5975286960601807
tf.Tensor(-11328.27710183723, shape=(), dtype=float64)
nll_grad  cost time: 3.372920513153076
tf.Tensor(-11328.33124769379, shape=(), dtype=float64)
nll_grad  cost time: 3.2966837882995605
tf.Tensor(-11328.385464083116, shape=(), dtype=float64)
nll_grad  cost time: 3.410264730453491
tf.Tensor(-11328.43176439861, shape=(), dtype=float64)
nll_grad  cost time: 3.2776777744293213
tf.Tensor(-11328.49339938696, shape=(), dtype=float64)
nll_grad  cost time: 3.1981639862060547
tf.Tensor(-11328.568976622824, shape=(), dtype=float64)
nll_grad  cost time: 3.2230701446533203
tf.Tensor(-11328.644117172953, shape=(), dtype=float64)
nll_grad  cost time: 3.1287784576416016
tf.Tensor(-11328.721774150283, shape=(), dtype=float64)
nll_grad  cost time: 3.273444652557373
tf.Tensor(-11328.793300451176, shape=(), dtype=float64)
nll_grad  cost time: 3.335066080093384
tf.Tensor(-11328.867907037657, shape=(), dtype=float64)
nll_grad  cost time: 3.438865900039673
tf.Tensor(-11328.944759785209, shape=(), dtype=float64)
nll_grad  cost time: 3.5160839557647705
tf.Tensor(-11329.011039670178, shape=(), dtype=float64)
nll_grad  cost time: 3.34531569480896
tf.Tensor(-11329.05958211144, shape=(), dtype=float64)
nll_grad  cost time: 3.169438600540161
tf.Tensor(-11329.10844563858, shape=(), dtype=float64)
nll_grad  cost time: 3.333125114440918
tf.Tensor(-11329.155455703516, shape=(), dtype=float64)
nll_grad  cost time: 3.2558016777038574
tf.Tensor(-11329.192478596608, shape=(), dtype=float64)
nll_grad  cost time: 3.2470457553863525
tf.Tensor(-11329.224387945796, shape=(), dtype=float64)
nll_grad  cost time: 3.4059200286865234
tf.Tensor(-11329.246359484147, shape=(), dtype=float64)
nll_grad  cost time: 3.281883716583252
tf.Tensor(-11329.271676174736, shape=(), dtype=float64)
nll_grad  cost time: 3.5386414527893066
tf.Tensor(-11329.307001026536, shape=(), dtype=float64)
nll_grad  cost time: 3.44608998298645
tf.Tensor(-11329.34353543397, shape=(), dtype=float64)
nll_grad  cost time: 3.3495500087738037
tf.Tensor(-11329.377955741122, shape=(), dtype=float64)
nll_grad  cost time: 3.206636667251587
tf.Tensor(-11329.4088314113, shape=(), dtype=float64)
nll_grad  cost time: 3.322140693664551
tf.Tensor(-11329.438251268162, shape=(), dtype=float64)
nll_grad  cost time: 3.2772750854492188
tf.Tensor(-11329.46551847542, shape=(), dtype=float64)
nll_grad  cost time: 3.293126106262207
tf.Tensor(-11329.491195478542, shape=(), dtype=float64)
nll_grad  cost time: 3.2633349895477295
tf.Tensor(-11329.510994754619, shape=(), dtype=float64)
nll_grad  cost time: 3.471160411834717
tf.Tensor(-11329.52868010584, shape=(), dtype=float64)
nll_grad  cost time: 3.4230446815490723
tf.Tensor(-11329.54736957594, shape=(), dtype=float64)
nll_grad  cost time: 3.360307216644287
tf.Tensor(-11329.572189410708, shape=(), dtype=float64)
nll_grad  cost time: 3.4481101036071777
tf.Tensor(-11329.59450067129, shape=(), dtype=float64)
nll_grad  cost time: 3.388871669769287
tf.Tensor(-11329.626716316328, shape=(), dtype=float64)
nll_grad  cost time: 3.866295576095581
tf.Tensor(-11329.659662772254, shape=(), dtype=float64)
nll_grad  cost time: 3.3020265102386475
tf.Tensor(-11329.685769865344, shape=(), dtype=float64)
nll_grad  cost time: 3.377948522567749
tf.Tensor(-11329.708844746412, shape=(), dtype=float64)
nll_grad  cost time: 3.396066665649414
tf.Tensor(-11329.730544272643, shape=(), dtype=float64)
nll_grad  cost time: 3.4006197452545166
tf.Tensor(-11329.755465509039, shape=(), dtype=float64)
nll_grad  cost time: 3.351191759109497
tf.Tensor(-11329.780562820037, shape=(), dtype=float64)
nll_grad  cost time: 3.4232873916625977
tf.Tensor(-11329.81023542157, shape=(), dtype=float64)
nll_grad  cost time: 3.320266008377075
tf.Tensor(-11329.832057272433, shape=(), dtype=float64)
nll_grad  cost time: 3.30947208404541
tf.Tensor(-11329.84727126688, shape=(), dtype=float64)
nll_grad  cost time: 3.257127046585083
tf.Tensor(-11329.859042484331, shape=(), dtype=float64)
nll_grad  cost time: 3.1363375186920166
tf.Tensor(-11329.873521527032, shape=(), dtype=float64)
nll_grad  cost time: 3.098865509033203
tf.Tensor(-11329.892086331558, shape=(), dtype=float64)
nll_grad  cost time: 3.3133132457733154
tf.Tensor(-11329.918318504373, shape=(), dtype=float64)
nll_grad  cost time: 3.1621735095977783
tf.Tensor(-11329.945652187263, shape=(), dtype=float64)
nll_grad  cost time: 3.456589460372925
tf.Tensor(-11329.976092828903, shape=(), dtype=float64)
nll_grad  cost time: 3.329836368560791
tf.Tensor(-11330.017963851536, shape=(), dtype=float64)
nll_grad  cost time: 3.4784138202667236
tf.Tensor(-11330.058851915419, shape=(), dtype=float64)
nll_grad  cost time: 3.2463438510894775
tf.Tensor(-11330.100680504103, shape=(), dtype=float64)
nll_grad  cost time: 3.3835151195526123
tf.Tensor(-11330.149474739916, shape=(), dtype=float64)
nll_grad  cost time: 3.4193830490112305
tf.Tensor(-11330.198157859813, shape=(), dtype=float64)
nll_grad  cost time: 3.4439384937286377
tf.Tensor(-11330.24560008485, shape=(), dtype=float64)
nll_grad  cost time: 3.3345935344696045
tf.Tensor(-11330.301740721061, shape=(), dtype=float64)
nll_grad  cost time: 3.4734089374542236
tf.Tensor(-11330.34683047024, shape=(), dtype=float64)
nll_grad  cost time: 3.4689884185791016
tf.Tensor(-11330.383507286959, shape=(), dtype=float64)
nll_grad  cost time: 3.3093104362487793
tf.Tensor(-11330.424520499051, shape=(), dtype=float64)
nll_grad  cost time: 3.2424190044403076
tf.Tensor(-11330.46232697395, shape=(), dtype=float64)
nll_grad  cost time: 3.1500916481018066
tf.Tensor(-11330.500804717169, shape=(), dtype=float64)
nll_grad  cost time: 3.2326276302337646
tf.Tensor(-11330.537181160464, shape=(), dtype=float64)
nll_grad  cost time: 3.3546926975250244
tf.Tensor(-11330.560234344171, shape=(), dtype=float64)
nll_grad  cost time: 3.261397361755371
tf.Tensor(-11330.58754053291, shape=(), dtype=float64)
nll_grad  cost time: 3.4130325317382812
tf.Tensor(-11330.62035057288, shape=(), dtype=float64)
nll_grad  cost time: 3.392005681991577
tf.Tensor(-11330.644571863286, shape=(), dtype=float64)
nll_grad  cost time: 3.3282597064971924
tf.Tensor(-11330.672912619266, shape=(), dtype=float64)
nll_grad  cost time: 3.2412526607513428
tf.Tensor(-11330.703450576126, shape=(), dtype=float64)
nll_grad  cost time: 3.2718846797943115
tf.Tensor(-11330.744391931134, shape=(), dtype=float64)
nll_grad  cost time: 3.213573932647705
tf.Tensor(-11330.77630549554, shape=(), dtype=float64)
nll_grad  cost time: 3.308810234069824
tf.Tensor(-11330.79707857686, shape=(), dtype=float64)
nll_grad  cost time: 3.1463170051574707
tf.Tensor(-11330.813330029778, shape=(), dtype=float64)
nll_grad  cost time: 3.483339548110962
tf.Tensor(-11330.827608013798, shape=(), dtype=float64)
nll_grad  cost time: 3.4856629371643066
tf.Tensor(-11330.843404107687, shape=(), dtype=float64)
nll_grad  cost time: 3.4759604930877686
tf.Tensor(-11330.863400648024, shape=(), dtype=float64)
nll_grad  cost time: 3.5956814289093018
tf.Tensor(-11330.88923520449, shape=(), dtype=float64)
nll_grad  cost time: 3.402359962463379
tf.Tensor(-11330.913596830698, shape=(), dtype=float64)
nll_grad  cost time: 3.475158214569092
tf.Tensor(-11330.94007594109, shape=(), dtype=float64)
nll_grad  cost time: 3.3184242248535156
tf.Tensor(-11330.969494844296, shape=(), dtype=float64)
nll_grad  cost time: 3.5759494304656982
tf.Tensor(-11330.99709591774, shape=(), dtype=float64)
nll_grad  cost time: 3.7794313430786133
tf.Tensor(-11331.017295553978, shape=(), dtype=float64)
nll_grad  cost time: 3.619441032409668
tf.Tensor(-11331.037889246207, shape=(), dtype=float64)
nll_grad  cost time: 3.4401068687438965
tf.Tensor(-11331.055058025388, shape=(), dtype=float64)
nll_grad  cost time: 3.429579973220825
tf.Tensor(-11331.068223798244, shape=(), dtype=float64)
nll_grad  cost time: 3.4276700019836426
tf.Tensor(-11331.085840434764, shape=(), dtype=float64)
nll_grad  cost time: 3.504978895187378
tf.Tensor(-11331.102157362035, shape=(), dtype=float64)
nll_grad  cost time: 3.411238670349121
tf.Tensor(-11331.122877811107, shape=(), dtype=float64)
nll_grad  cost time: 3.352537155151367
tf.Tensor(-11331.144038321236, shape=(), dtype=float64)
nll_grad  cost time: 3.3098082542419434
tf.Tensor(-11331.162400278641, shape=(), dtype=float64)
nll_grad  cost time: 3.3082544803619385
tf.Tensor(-11331.182814560867, shape=(), dtype=float64)
nll_grad  cost time: 3.391331672668457
tf.Tensor(-11331.206841475741, shape=(), dtype=float64)
nll_grad  cost time: 3.2569122314453125
tf.Tensor(-11331.229032119332, shape=(), dtype=float64)
nll_grad  cost time: 3.3342936038970947
tf.Tensor(-11331.245801768444, shape=(), dtype=float64)
nll_grad  cost time: 3.4505817890167236
tf.Tensor(-11331.264722148615, shape=(), dtype=float64)
nll_grad  cost time: 3.4486939907073975
tf.Tensor(-11331.284981281522, shape=(), dtype=float64)
nll_grad  cost time: 3.322003126144409
tf.Tensor(-11331.304220729897, shape=(), dtype=float64)
nll_grad  cost time: 3.238642454147339
tf.Tensor(-11331.321159795265, shape=(), dtype=float64)
nll_grad  cost time: 3.147897958755493
tf.Tensor(-11331.336450352279, shape=(), dtype=float64)
nll_grad  cost time: 3.2020184993743896
tf.Tensor(-11331.348103366061, shape=(), dtype=float64)
nll_grad  cost time: 3.327794075012207
tf.Tensor(-11331.355682866808, shape=(), dtype=float64)
nll_grad  cost time: 3.3480303287506104
tf.Tensor(-11331.36113051379, shape=(), dtype=float64)
nll_grad  cost time: 3.480254888534546
tf.Tensor(-11331.365863444327, shape=(), dtype=float64)
nll_grad  cost time: 3.3655848503112793
tf.Tensor(-11331.371941815225, shape=(), dtype=float64)
nll_grad  cost time: 3.2650890350341797
tf.Tensor(-11331.378631105003, shape=(), dtype=float64)
nll_grad  cost time: 3.265524387359619
tf.Tensor(-11331.387468939698, shape=(), dtype=float64)
nll_grad  cost time: 3.3944711685180664
tf.Tensor(-11331.396266337037, shape=(), dtype=float64)
nll_grad  cost time: 3.298722743988037
tf.Tensor(-11331.405561699888, shape=(), dtype=float64)
nll_grad  cost time: 3.385267972946167
tf.Tensor(-11331.415851292073, shape=(), dtype=float64)
nll_grad  cost time: 3.2841241359710693
tf.Tensor(-11331.425956410614, shape=(), dtype=float64)
nll_grad  cost time: 3.268584966659546
tf.Tensor(-11331.433999423796, shape=(), dtype=float64)
nll_grad  cost time: 3.4621963500976562
tf.Tensor(-11331.43989343047, shape=(), dtype=float64)
nll_grad  cost time: 3.3644237518310547
tf.Tensor(-11331.444881094427, shape=(), dtype=float64)
nll_grad  cost time: 3.362727165222168
tf.Tensor(-11331.450727486917, shape=(), dtype=float64)
nll_grad  cost time: 3.119544506072998
tf.Tensor(-11331.456328240885, shape=(), dtype=float64)
nll_grad  cost time: 3.4864776134490967
tf.Tensor(-11331.462675109222, shape=(), dtype=float64)
nll_grad  cost time: 3.232346773147583
tf.Tensor(-11331.469047537568, shape=(), dtype=float64)
nll_grad  cost time: 3.355992317199707
tf.Tensor(-11331.475940280878, shape=(), dtype=float64)
nll_grad  cost time: 3.453667163848877
tf.Tensor(-11331.484236508652, shape=(), dtype=float64)
nll_grad  cost time: 3.418516159057617
tf.Tensor(-11331.494226900024, shape=(), dtype=float64)
nll_grad  cost time: 3.6234192848205566
tf.Tensor(-11331.505325598944, shape=(), dtype=float64)
nll_grad  cost time: 3.4510560035705566
tf.Tensor(-11331.515983999787, shape=(), dtype=float64)
nll_grad  cost time: 3.604532241821289
tf.Tensor(-11331.525297737204, shape=(), dtype=float64)
nll_grad  cost time: 3.3064563274383545
tf.Tensor(-11331.533916094762, shape=(), dtype=float64)
nll_grad  cost time: 3.680203437805176
tf.Tensor(-11331.542542429059, shape=(), dtype=float64)
nll_grad  cost time: 3.324241876602173
tf.Tensor(-11331.55021958813, shape=(), dtype=float64)
nll_grad  cost time: 3.472022294998169
tf.Tensor(-11331.557336789418, shape=(), dtype=float64)
nll_grad  cost time: 3.3164684772491455
tf.Tensor(-11331.564979343737, shape=(), dtype=float64)
nll_grad  cost time: 3.4217822551727295
tf.Tensor(-11331.574477758604, shape=(), dtype=float64)
nll_grad  cost time: 3.4246888160705566
tf.Tensor(-11331.585552430264, shape=(), dtype=float64)
nll_grad  cost time: 3.440232992172241
tf.Tensor(-11331.595277982004, shape=(), dtype=float64)
nll_grad  cost time: 3.213787078857422
tf.Tensor(-11331.60172469644, shape=(), dtype=float64)
nll_grad  cost time: 3.4659926891326904
tf.Tensor(-11331.606821431153, shape=(), dtype=float64)
nll_grad  cost time: 3.3182265758514404
tf.Tensor(-11331.612269778474, shape=(), dtype=float64)
nll_grad  cost time: 3.348288059234619
tf.Tensor(-11331.618414880268, shape=(), dtype=float64)
nll_grad  cost time: 3.438626289367676
tf.Tensor(-11331.624287379465, shape=(), dtype=float64)
nll_grad  cost time: 3.3731775283813477
tf.Tensor(-11331.629974063446, shape=(), dtype=float64)
nll_grad  cost time: 3.5697755813598633
tf.Tensor(-11331.636110173935, shape=(), dtype=float64)
nll_grad  cost time: 3.4901413917541504
tf.Tensor(-11331.64337026358, shape=(), dtype=float64)
nll_grad  cost time: 3.248430013656616
tf.Tensor(-11331.651962115877, shape=(), dtype=float64)
nll_grad  cost time: 3.5029780864715576
tf.Tensor(-11331.660743606168, shape=(), dtype=float64)
nll_grad  cost time: 3.5006892681121826
tf.Tensor(-11331.668460832898, shape=(), dtype=float64)
nll_grad  cost time: 3.5589118003845215
tf.Tensor(-11331.675193359133, shape=(), dtype=float64)
nll_grad  cost time: 3.4160397052764893
tf.Tensor(-11331.681752638193, shape=(), dtype=float64)
nll_grad  cost time: 3.29502010345459
tf.Tensor(-11331.68875799717, shape=(), dtype=float64)
nll_grad  cost time: 3.1942358016967773
tf.Tensor(-11331.695526449974, shape=(), dtype=float64)
nll_grad  cost time: 3.5028624534606934
tf.Tensor(-11331.701231523111, shape=(), dtype=float64)
nll_grad  cost time: 3.2022509574890137
tf.Tensor(-11331.706656032518, shape=(), dtype=float64)
nll_grad  cost time: 3.3197104930877686
tf.Tensor(-11331.713846298957, shape=(), dtype=float64)
nll_grad  cost time: 3.236236810684204
tf.Tensor(-11331.724918534823, shape=(), dtype=float64)
nll_grad  cost time: 3.252232551574707
tf.Tensor(-11331.741402938951, shape=(), dtype=float64)
nll_grad  cost time: 3.29880690574646
tf.Tensor(-11331.760283090694, shape=(), dtype=float64)
nll_grad  cost time: 3.2745397090911865
tf.Tensor(-11331.774056438931, shape=(), dtype=float64)
nll_grad  cost time: 3.3785977363586426
tf.Tensor(-11331.789711196092, shape=(), dtype=float64)
nll_grad  cost time: 3.223715305328369
tf.Tensor(-11331.800612620926, shape=(), dtype=float64)
nll_grad  cost time: 3.320699691772461
tf.Tensor(-11331.808609725627, shape=(), dtype=float64)
nll_grad  cost time: 3.265397071838379
tf.Tensor(-11331.813506033945, shape=(), dtype=float64)
nll_grad  cost time: 3.209825277328491
tf.Tensor(-11331.819524501763, shape=(), dtype=float64)
nll_grad  cost time: 3.2167093753814697
tf.Tensor(-11331.825909432533, shape=(), dtype=float64)
nll_grad  cost time: 2.991506576538086
tf.Tensor(-11331.835308541777, shape=(), dtype=float64)
nll_grad  cost time: 3.5373640060424805
tf.Tensor(-11331.848333522212, shape=(), dtype=float64)
nll_grad  cost time: 3.3697330951690674
tf.Tensor(-11331.85706974136, shape=(), dtype=float64)
nll_grad  cost time: 3.2679553031921387
tf.Tensor(-11331.865326001087, shape=(), dtype=float64)
nll_grad  cost time: 3.2310500144958496
tf.Tensor(-11331.875508839108, shape=(), dtype=float64)
nll_grad  cost time: 3.349691152572632
tf.Tensor(-11331.886695116616, shape=(), dtype=float64)
nll_grad  cost time: 3.2935640811920166
tf.Tensor(-11331.90263277624, shape=(), dtype=float64)
nll_grad  cost time: 3.268853187561035
tf.Tensor(-11331.926123900623, shape=(), dtype=float64)
nll_grad  cost time: 3.3097732067108154
tf.Tensor(-11331.9582384428, shape=(), dtype=float64)
nll_grad  cost time: 3.356400966644287
tf.Tensor(-11332.00188377569, shape=(), dtype=float64)
nll_grad  cost time: 3.3897385597229004
tf.Tensor(-11332.063714313543, shape=(), dtype=float64)
nll_grad  cost time: 3.4589765071868896
tf.Tensor(-11332.126226912977, shape=(), dtype=float64)
nll_grad  cost time: 3.4075238704681396
tf.Tensor(-11332.191743406685, shape=(), dtype=float64)
nll_grad  cost time: 3.5597522258758545
tf.Tensor(-11332.219148219589, shape=(), dtype=float64)
nll_grad  cost time: 3.4332544803619385
tf.Tensor(-11332.261233222915, shape=(), dtype=float64)
nll_grad  cost time: 3.4540255069732666
tf.Tensor(-11332.31952837931, shape=(), dtype=float64)
nll_grad  cost time: 3.3623197078704834
tf.Tensor(-11332.356834299084, shape=(), dtype=float64)
nll_grad  cost time: 3.228315591812134
tf.Tensor(-11332.379423009494, shape=(), dtype=float64)
nll_grad  cost time: 3.4485912322998047
tf.Tensor(-11332.402878687812, shape=(), dtype=float64)
nll_grad  cost time: 3.4237143993377686
tf.Tensor(-11332.423020961574, shape=(), dtype=float64)
nll_grad  cost time: 3.2850592136383057
tf.Tensor(-11332.444933003273, shape=(), dtype=float64)
nll_grad  cost time: 3.302222967147827
tf.Tensor(-11332.469324576756, shape=(), dtype=float64)
nll_grad  cost time: 3.3842201232910156
tf.Tensor(-11332.4952165283, shape=(), dtype=float64)
nll_grad  cost time: 3.3728506565093994
tf.Tensor(-11332.51758336003, shape=(), dtype=float64)
nll_grad  cost time: 3.062920331954956
tf.Tensor(-11332.534653656552, shape=(), dtype=float64)
nll_grad  cost time: 3.4472358226776123
tf.Tensor(-11332.55138197069, shape=(), dtype=float64)
nll_grad  cost time: 3.5366265773773193
tf.Tensor(-11332.57433761824, shape=(), dtype=float64)
nll_grad  cost time: 3.3499348163604736
tf.Tensor(-11332.608297761763, shape=(), dtype=float64)
nll_grad  cost time: 3.3189854621887207
tf.Tensor(-11332.65080450102, shape=(), dtype=float64)
nll_grad  cost time: 3.4832797050476074
tf.Tensor(-11332.68839124353, shape=(), dtype=float64)
nll_grad  cost time: 3.459002733230591
tf.Tensor(-11332.719622074539, shape=(), dtype=float64)
nll_grad  cost time: 3.4311466217041016
tf.Tensor(-11332.739102768715, shape=(), dtype=float64)
nll_grad  cost time: 3.359920024871826
tf.Tensor(-11332.750613139659, shape=(), dtype=float64)
nll_grad  cost time: 3.172243595123291
tf.Tensor(-11332.76431011795, shape=(), dtype=float64)
nll_grad  cost time: 3.3546459674835205
tf.Tensor(-11332.79505274089, shape=(), dtype=float64)
nll_grad  cost time: 3.226640462875366
nll_grad  cost time: 3.3119940757751465
tf.Tensor(-11332.796379985546, shape=(), dtype=float64)
nll_grad  cost time: 3.3423798084259033
nll_grad  cost time: 3.422907829284668
tf.Tensor(-11332.806977601744, shape=(), dtype=float64)
nll_grad  cost time: 3.224576473236084
tf.Tensor(-11332.814827086524, shape=(), dtype=float64)
nll_grad  cost time: 3.25296950340271
tf.Tensor(-11332.825923588618, shape=(), dtype=float64)
nll_grad  cost time: 3.424421787261963
tf.Tensor(-11332.828259088808, shape=(), dtype=float64)
nll_grad  cost time: 3.373194932937622
tf.Tensor(-11332.832493753926, shape=(), dtype=float64)
nll_grad  cost time: 3.4040534496307373
tf.Tensor(-11332.840008985873, shape=(), dtype=float64)
nll_grad  cost time: 3.1963388919830322
tf.Tensor(-11332.85216086583, shape=(), dtype=float64)
nll_grad  cost time: 3.3559632301330566
tf.Tensor(-11332.86740486294, shape=(), dtype=float64)
nll_grad  cost time: 3.4607279300689697
tf.Tensor(-11332.879954900945, shape=(), dtype=float64)
nll_grad  cost time: 3.2308390140533447
tf.Tensor(-11332.901077183029, shape=(), dtype=float64)
nll_grad  cost time: 3.2933359146118164
tf.Tensor(-11332.936048955984, shape=(), dtype=float64)
nll_grad  cost time: 3.8106276988983154
tf.Tensor(-11332.983907842656, shape=(), dtype=float64)
nll_grad  cost time: 3.4413750171661377
tf.Tensor(-11333.018656197564, shape=(), dtype=float64)
nll_grad  cost time: 3.294708490371704
tf.Tensor(-11333.045496676605, shape=(), dtype=float64)
nll_grad  cost time: 3.360931396484375
tf.Tensor(-11333.085150998173, shape=(), dtype=float64)
nll_grad  cost time: 3.2243151664733887
tf.Tensor(-11333.117204144317, shape=(), dtype=float64)
nll_grad  cost time: 3.389263868331909
nll_grad  cost time: 3.355398416519165
tf.Tensor(-11333.134219166324, shape=(), dtype=float64)
nll_grad  cost time: 3.3392138481140137
tf.Tensor(-11333.158149420964, shape=(), dtype=float64)
nll_grad  cost time: 3.1663410663604736
tf.Tensor(-11333.194718844901, shape=(), dtype=float64)
nll_grad  cost time: 3.2195024490356445
tf.Tensor(-11333.238819083286, shape=(), dtype=float64)
nll_grad  cost time: 3.3665449619293213
tf.Tensor(-11333.27010503587, shape=(), dtype=float64)
nll_grad  cost time: 3.280296564102173
tf.Tensor(-11333.313632764308, shape=(), dtype=float64)
nll_grad  cost time: 3.3399033546447754
tf.Tensor(-11333.346087424408, shape=(), dtype=float64)
nll_grad  cost time: 3.332716941833496
tf.Tensor(-11333.36389000429, shape=(), dtype=float64)
nll_grad  cost time: 3.0880630016326904
tf.Tensor(-11333.376049469243, shape=(), dtype=float64)
nll_grad  cost time: 3.180718183517456
tf.Tensor(-11333.392862866312, shape=(), dtype=float64)
nll_grad  cost time: 3.2426605224609375
tf.Tensor(-11333.409221120874, shape=(), dtype=float64)
nll_grad  cost time: 3.358736991882324
tf.Tensor(-11333.426239736822, shape=(), dtype=float64)
nll_grad  cost time: 3.235647439956665
tf.Tensor(-11333.447495571712, shape=(), dtype=float64)
nll_grad  cost time: 3.31341290473938
tf.Tensor(-11333.477494858405, shape=(), dtype=float64)
nll_grad  cost time: 3.2994885444641113
tf.Tensor(-11333.518785831297, shape=(), dtype=float64)
nll_grad  cost time: 3.3325507640838623
tf.Tensor(-11333.56991233645, shape=(), dtype=float64)
nll_grad  cost time: 3.3206264972686768
tf.Tensor(-11333.625196762088, shape=(), dtype=float64)
nll_grad  cost time: 3.4067680835723877
tf.Tensor(-11333.675052450937, shape=(), dtype=float64)
nll_grad  cost time: 3.3835434913635254
tf.Tensor(-11333.718821645267, shape=(), dtype=float64)
nll_grad  cost time: 3.410252571105957
tf.Tensor(-11333.745872579457, shape=(), dtype=float64)
nll_grad  cost time: 3.426189422607422
tf.Tensor(-11333.761971150117, shape=(), dtype=float64)
nll_grad  cost time: 3.330841302871704
tf.Tensor(-11333.778528754727, shape=(), dtype=float64)
nll_grad  cost time: 3.352050542831421
tf.Tensor(-11333.799291539177, shape=(), dtype=float64)
nll_grad  cost time: 3.6009528636932373
tf.Tensor(-11333.82855285427, shape=(), dtype=float64)
nll_grad  cost time: 3.5617363452911377
tf.Tensor(-11333.875904164255, shape=(), dtype=float64)
nll_grad  cost time: 3.3924949169158936
tf.Tensor(-11333.939015550222, shape=(), dtype=float64)
nll_grad  cost time: 3.5242321491241455
tf.Tensor(-11333.987521370058, shape=(), dtype=float64)
nll_grad  cost time: 3.3875796794891357
tf.Tensor(-11334.026042863523, shape=(), dtype=float64)
nll_grad  cost time: 3.3530023097991943
tf.Tensor(-11334.066310951817, shape=(), dtype=float64)
nll_grad  cost time: 3.338778495788574
tf.Tensor(-11334.104239631783, shape=(), dtype=float64)
nll_grad  cost time: 3.3340795040130615
tf.Tensor(-11334.138484774561, shape=(), dtype=float64)
nll_grad  cost time: 3.50392484664917
tf.Tensor(-11334.177540786332, shape=(), dtype=float64)
nll_grad  cost time: 3.4697654247283936
tf.Tensor(-11334.207115686484, shape=(), dtype=float64)
nll_grad  cost time: 3.3765907287597656
tf.Tensor(-11334.237541613234, shape=(), dtype=float64)
nll_grad  cost time: 3.32795786857605
tf.Tensor(-11334.264056814583, shape=(), dtype=float64)
nll_grad  cost time: 3.293520212173462
tf.Tensor(-11334.301406175633, shape=(), dtype=float64)
nll_grad  cost time: 3.2587904930114746
tf.Tensor(-11334.351264703051, shape=(), dtype=float64)
nll_grad  cost time: 3.3778247833251953
tf.Tensor(-11334.404700939758, shape=(), dtype=float64)
nll_grad  cost time: 3.2255609035491943
tf.Tensor(-11334.458288238446, shape=(), dtype=float64)
nll_grad  cost time: 3.3981966972351074
tf.Tensor(-11334.506863651615, shape=(), dtype=float64)
nll_grad  cost time: 3.4921820163726807
tf.Tensor(-11334.53305660412, shape=(), dtype=float64)
nll_grad  cost time: 3.381554126739502
tf.Tensor(-11334.573911875577, shape=(), dtype=float64)
nll_grad  cost time: 3.3039066791534424
tf.Tensor(-11334.632436266453, shape=(), dtype=float64)
nll_grad  cost time: 3.2709813117980957
tf.Tensor(-11334.688606480224, shape=(), dtype=float64)
nll_grad  cost time: 3.1740784645080566
tf.Tensor(-11334.736087701353, shape=(), dtype=float64)
nll_grad  cost time: 3.377481698989868
tf.Tensor(-11334.789777595306, shape=(), dtype=float64)
nll_grad  cost time: 3.32865834236145
tf.Tensor(-11334.80397401657, shape=(), dtype=float64)
nll_grad  cost time: 3.247821092605591
tf.Tensor(-11334.827366313224, shape=(), dtype=float64)
nll_grad  cost time: 3.432386636734009
tf.Tensor(-11334.856517080545, shape=(), dtype=float64)
nll_grad  cost time: 3.381300687789917
tf.Tensor(-11334.868988696922, shape=(), dtype=float64)
nll_grad  cost time: 3.3442962169647217
tf.Tensor(-11334.881477471212, shape=(), dtype=float64)
nll_grad  cost time: 3.327770709991455
tf.Tensor(-11334.894131213856, shape=(), dtype=float64)
nll_grad  cost time: 3.3951144218444824
tf.Tensor(-11334.909239522622, shape=(), dtype=float64)
nll_grad  cost time: 3.3810529708862305
tf.Tensor(-11334.92680584704, shape=(), dtype=float64)
nll_grad  cost time: 3.22517728805542
tf.Tensor(-11334.940342277492, shape=(), dtype=float64)
nll_grad  cost time: 3.0990564823150635
tf.Tensor(-11334.954058261457, shape=(), dtype=float64)
nll_grad  cost time: 3.337768793106079
tf.Tensor(-11334.962882632946, shape=(), dtype=float64)
nll_grad  cost time: 3.4786479473114014
tf.Tensor(-11334.967794018594, shape=(), dtype=float64)
nll_grad  cost time: 3.4083032608032227
tf.Tensor(-11334.972065075352, shape=(), dtype=float64)
nll_grad  cost time: 3.2586841583251953
tf.Tensor(-11334.975233229878, shape=(), dtype=float64)
nll_grad  cost time: 3.380586862564087
tf.Tensor(-11334.977269153194, shape=(), dtype=float64)
nll_grad  cost time: 3.278765916824341
tf.Tensor(-11334.979194221243, shape=(), dtype=float64)
nll_grad  cost time: 3.464751958847046
tf.Tensor(-11334.98141825059, shape=(), dtype=float64)
nll_grad  cost time: 3.235581159591675
tf.Tensor(-11334.984239666555, shape=(), dtype=float64)
nll_grad  cost time: 3.2365801334381104
tf.Tensor(-11334.988221611802, shape=(), dtype=float64)
nll_grad  cost time: 3.3585562705993652
tf.Tensor(-11334.992985919147, shape=(), dtype=float64)
nll_grad  cost time: 3.4448773860931396
tf.Tensor(-11334.99826722754, shape=(), dtype=float64)
nll_grad  cost time: 3.300060987472534
tf.Tensor(-11335.003542672104, shape=(), dtype=float64)
nll_grad  cost time: 3.265162944793701
tf.Tensor(-11335.00843837608, shape=(), dtype=float64)
nll_grad  cost time: 3.3459110260009766
tf.Tensor(-11335.01369648657, shape=(), dtype=float64)
nll_grad  cost time: 3.4436774253845215
tf.Tensor(-11335.019133804672, shape=(), dtype=float64)
nll_grad  cost time: 3.6242787837982178
tf.Tensor(-11335.024298748194, shape=(), dtype=float64)
nll_grad  cost time: 3.293248176574707
tf.Tensor(-11335.029257649232, shape=(), dtype=float64)
nll_grad  cost time: 3.2667949199676514
tf.Tensor(-11335.03329955207, shape=(), dtype=float64)
nll_grad  cost time: 3.1622326374053955
tf.Tensor(-11335.036409325301, shape=(), dtype=float64)
nll_grad  cost time: 3.305290937423706
tf.Tensor(-11335.03937634562, shape=(), dtype=float64)
nll_grad  cost time: 3.403597831726074
tf.Tensor(-11335.043311023517, shape=(), dtype=float64)
nll_grad  cost time: 3.335373640060425
tf.Tensor(-11335.048613980183, shape=(), dtype=float64)
nll_grad  cost time: 3.265237808227539
tf.Tensor(-11335.055051788931, shape=(), dtype=float64)
nll_grad  cost time: 3.258530378341675
tf.Tensor(-11335.062124730339, shape=(), dtype=float64)
nll_grad  cost time: 3.2241594791412354
tf.Tensor(-11335.069068270452, shape=(), dtype=float64)
nll_grad  cost time: 3.439565896987915
tf.Tensor(-11335.07451215345, shape=(), dtype=float64)
nll_grad  cost time: 3.322779655456543
tf.Tensor(-11335.077718429467, shape=(), dtype=float64)
nll_grad  cost time: 3.3711934089660645
tf.Tensor(-11335.079221208645, shape=(), dtype=float64)
nll_grad  cost time: 3.4958183765411377
tf.Tensor(-11335.08012188247, shape=(), dtype=float64)
nll_grad  cost time: 3.4396073818206787
tf.Tensor(-11335.081009046153, shape=(), dtype=float64)
nll_grad  cost time: 3.340471029281616
tf.Tensor(-11335.08197003675, shape=(), dtype=float64)
nll_grad  cost time: 3.517193078994751
tf.Tensor(-11335.083272067837, shape=(), dtype=float64)
nll_grad  cost time: 3.428568124771118
tf.Tensor(-11335.08517168165, shape=(), dtype=float64)
nll_grad  cost time: 3.4692559242248535
tf.Tensor(-11335.088003745117, shape=(), dtype=float64)
nll_grad  cost time: 3.3694519996643066
tf.Tensor(-11335.09167699804, shape=(), dtype=float64)
nll_grad  cost time: 3.2672128677368164
tf.Tensor(-11335.095407960693, shape=(), dtype=float64)
nll_grad  cost time: 3.3221919536590576
tf.Tensor(-11335.098322021946, shape=(), dtype=float64)
nll_grad  cost time: 3.4301910400390625
tf.Tensor(-11335.100271937616, shape=(), dtype=float64)
nll_grad  cost time: 3.432637929916382
tf.Tensor(-11335.101570725852, shape=(), dtype=float64)
nll_grad  cost time: 3.335094690322876
tf.Tensor(-11335.102506198342, shape=(), dtype=float64)
nll_grad  cost time: 3.349226951599121
tf.Tensor(-11335.10319868218, shape=(), dtype=float64)
nll_grad  cost time: 3.291522741317749
tf.Tensor(-11335.103653393879, shape=(), dtype=float64)
nll_grad  cost time: 3.239549160003662
tf.Tensor(-11335.103938945485, shape=(), dtype=float64)
nll_grad  cost time: 3.4987540245056152
tf.Tensor(-11335.10412103371, shape=(), dtype=float64)
nll_grad  cost time: 3.3061304092407227
tf.Tensor(-11335.104266742372, shape=(), dtype=float64)
nll_grad  cost time: 3.2778282165527344
tf.Tensor(-11335.104416005805, shape=(), dtype=float64)
nll_grad  cost time: 3.5044660568237305
tf.Tensor(-11335.104606423763, shape=(), dtype=float64)
nll_grad  cost time: 3.4155006408691406
tf.Tensor(-11335.10489602718, shape=(), dtype=float64)
nll_grad  cost time: 3.318225145339966
tf.Tensor(-11335.105312455744, shape=(), dtype=float64)
nll_grad  cost time: 3.1814301013946533
tf.Tensor(-11335.105826400155, shape=(), dtype=float64)
nll_grad  cost time: 3.342841863632202
tf.Tensor(-11335.106362729148, shape=(), dtype=float64)
nll_grad  cost time: 3.2795305252075195
tf.Tensor(-11335.106800612259, shape=(), dtype=float64)
nll_grad  cost time: 3.3248486518859863
tf.Tensor(-11335.107076509543, shape=(), dtype=float64)
nll_grad  cost time: 3.298511505126953
tf.Tensor(-11335.107221886632, shape=(), dtype=float64)
nll_grad  cost time: 3.3828275203704834
tf.Tensor(-11335.107306933805, shape=(), dtype=float64)
nll_grad  cost time: 3.448225975036621
tf.Tensor(-11335.107377422311, shape=(), dtype=float64)
nll_grad  cost time: 3.371347188949585
tf.Tensor(-11335.107458748022, shape=(), dtype=float64)
nll_grad  cost time: 3.044372320175171
tf.Tensor(-11335.107570676806, shape=(), dtype=float64)
nll_grad  cost time: 3.209120512008667
tf.Tensor(-11335.107739730694, shape=(), dtype=float64)
nll_grad  cost time: 3.392005681991577
tf.Tensor(-11335.107996788738, shape=(), dtype=float64)
nll_grad  cost time: 3.319631338119507
tf.Tensor(-11335.108353124499, shape=(), dtype=float64)
nll_grad  cost time: 3.3587279319763184
tf.Tensor(-11335.108758092298, shape=(), dtype=float64)
nll_grad  cost time: 3.2864437103271484
tf.Tensor(-11335.10910849661, shape=(), dtype=float64)
nll_grad  cost time: 3.402172327041626
tf.Tensor(-11335.109342323467, shape=(), dtype=float64)
nll_grad  cost time: 3.4101994037628174
tf.Tensor(-11335.109473899698, shape=(), dtype=float64)
nll_grad  cost time: 3.4624805450439453
tf.Tensor(-11335.109536217777, shape=(), dtype=float64)
nll_grad  cost time: 3.4780867099761963
tf.Tensor(-11335.109559479592, shape=(), dtype=float64)
nll_grad  cost time: 3.4402458667755127
tf.Tensor(-11335.109568683354, shape=(), dtype=float64)
nll_grad  cost time: 3.463369607925415
tf.Tensor(-11335.109576013318, shape=(), dtype=float64)
nll_grad  cost time: 3.4786221981048584
tf.Tensor(-11335.109586814393, shape=(), dtype=float64)
nll_grad  cost time: 3.3449039459228516
tf.Tensor(-11335.109603474197, shape=(), dtype=float64)
nll_grad  cost time: 3.2755255699157715
tf.Tensor(-11335.109627747432, shape=(), dtype=float64)
nll_grad  cost time: 3.337493658065796
tf.Tensor(-11335.109660056332, shape=(), dtype=float64)
nll_grad  cost time: 3.4034440517425537
tf.Tensor(-11335.109703965289, shape=(), dtype=float64)
nll_grad  cost time: 3.253713607788086
tf.Tensor(-11335.109762248681, shape=(), dtype=float64)
nll_grad  cost time: 3.358995199203491
tf.Tensor(-11335.109832484784, shape=(), dtype=float64)
nll_grad  cost time: 3.2479116916656494
tf.Tensor(-11335.109897293645, shape=(), dtype=float64)
nll_grad  cost time: 3.310412883758545
tf.Tensor(-11335.109937866797, shape=(), dtype=float64)
nll_grad  cost time: 3.245513439178467
tf.Tensor(-11335.10995561198, shape=(), dtype=float64)
nll_grad  cost time: 3.2273659706115723
tf.Tensor(-11335.10996322085, shape=(), dtype=float64)
nll_grad  cost time: 3.3200204372406006
tf.Tensor(-11335.109968344474, shape=(), dtype=float64)
nll_grad  cost time: 3.349543571472168
tf.Tensor(-11335.109974014118, shape=(), dtype=float64)
nll_grad  cost time: 3.358065605163574
tf.Tensor(-11335.10998293501, shape=(), dtype=float64)
nll_grad  cost time: 3.1477789878845215
tf.Tensor(-11335.109997817617, shape=(), dtype=float64)
nll_grad  cost time: 3.825955629348755
tf.Tensor(-11335.110023550922, shape=(), dtype=float64)
nll_grad  cost time: 3.37608003616333
tf.Tensor(-11335.11006841432, shape=(), dtype=float64)
nll_grad  cost time: 3.429094076156616
tf.Tensor(-11335.110145327282, shape=(), dtype=float64)
nll_grad  cost time: 3.380582094192505
tf.Tensor(-11335.11027093873, shape=(), dtype=float64)
nll_grad  cost time: 3.3927693367004395
tf.Tensor(-11335.110455356345, shape=(), dtype=float64)
nll_grad  cost time: 3.1961889266967773
tf.Tensor(-11335.110629400042, shape=(), dtype=float64)
nll_grad  cost time: 3.2580831050872803
tf.Tensor(-11335.11078870271, shape=(), dtype=float64)
nll_grad  cost time: 3.3601672649383545
tf.Tensor(-11335.110867067946, shape=(), dtype=float64)
nll_grad  cost time: 3.2985143661499023
tf.Tensor(-11335.110894920152, shape=(), dtype=float64)
nll_grad  cost time: 3.4591877460479736
tf.Tensor(-11335.11090852501, shape=(), dtype=float64)
nll_grad  cost time: 3.3487415313720703
tf.Tensor(-11335.110916071855, shape=(), dtype=float64)
nll_grad  cost time: 3.344773769378662
tf.Tensor(-11335.110918794777, shape=(), dtype=float64)
nll_grad  cost time: 3.2668557167053223
tf.Tensor(-11335.11091998846, shape=(), dtype=float64)
nll_grad  cost time: 3.3026318550109863
tf.Tensor(-11335.110921445372, shape=(), dtype=float64)
nll_grad  cost time: 3.3153979778289795
tf.Tensor(-11335.110923897133, shape=(), dtype=float64)
nll_grad  cost time: 3.402945041656494
tf.Tensor(-11335.110928200073, shape=(), dtype=float64)
nll_grad  cost time: 3.3481552600860596
tf.Tensor(-11335.110935895103, shape=(), dtype=float64)
nll_grad  cost time: 3.3844616413116455
tf.Tensor(-11335.110949685379, shape=(), dtype=float64)
nll_grad  cost time: 3.3174872398376465
tf.Tensor(-11335.11097410533, shape=(), dtype=float64)
nll_grad  cost time: 3.1793699264526367
tf.Tensor(-11335.111016120987, shape=(), dtype=float64)
nll_grad  cost time: 3.3170790672302246
tf.Tensor(-11335.111084470256, shape=(), dtype=float64)
nll_grad  cost time: 3.373408794403076
tf.Tensor(-11335.111184019002, shape=(), dtype=float64)
nll_grad  cost time: 3.3759241104125977
tf.Tensor(-11335.111274693358, shape=(), dtype=float64)
nll_grad  cost time: 3.206803560256958
tf.Tensor(-11335.11134947907, shape=(), dtype=float64)
nll_grad  cost time: 3.245769500732422
tf.Tensor(-11335.111371464394, shape=(), dtype=float64)
nll_grad  cost time: 3.271059989929199
tf.Tensor(-11335.111373856496, shape=(), dtype=float64)
nll_grad  cost time: 3.26515793800354
tf.Tensor(-11335.111374005672, shape=(), dtype=float64)
nll_grad  cost time: 3.2895164489746094
tf.Tensor(-11335.111374043692, shape=(), dtype=float64)
nll_grad  cost time: 3.2444992065429688
tf.Tensor(-11335.111374055825, shape=(), dtype=float64)
Optimization terminated successfully.
         Current function value: -11335.111374
         Iterations: 801
         Function evaluations: 818
         Gradient evaluations: 818
  message: Optimization terminated successfully.
  success: True
   status: 0
      fun: -11335.111374055825
        x: [ 6.697e-04  5.025e-02 ... -5.435e-01 -6.193e+00]
      nit: 801
      jac: [ 0.000e+00  0.000e+00 ... -1.303e-05 -4.644e-06]
 hess_inv: [[ 1.000e+00  0.000e+00 ...  0.000e+00  0.000e+00]
            [ 0.000e+00  1.000e+00 ...  0.000e+00  0.000e+00]
            ...
            [ 0.000e+00  0.000e+00 ...  3.413e-02 -4.080e-03]
            [ 0.000e+00  0.000e+00 ... -4.080e-03  1.789e-01]]
     nfev: 818
     njev: 818
fit  cost time: 2697.005834579468
{
  "rho(1450)p_mass": 1.51,
  "rho(1450)p_width": 0.44,
  "rho(1570)p_mass": 1.57,
  "rho(1570)p_width": 0.14,
  "rho(1690)p_mass": 1.681,
  "rho(1690)p_width": 0.19,
  "rho(1450)m_mass": 1.51,
  "rho(1450)m_width": 0.44,
  "rho(1570)m_mass": 1.57,
  "rho(1570)m_width": 0.14,
  "rho(1690)m_mass": 1.681,
  "rho(1690)m_width": 0.19,
  "f0(500)_E791_mass": 0.478,
  "f0(1370)_mass": 1.37,
  "f0(1370)_width": 0.35,
  "f0(1500)_flatte_mass": 1.522,
  "f0(1500)_flatte_g_0": 0.5700041434425897,
  "f0(1500)_flatte_g_1": 0.03414241861378452,
  "f2(1430)_mass": 1.43,
  "f2(1430)_width": 0.046,
  "Jpsi->rho(1450)p.pimrho(1450)p->phi.pip_total_0r": 1.0,
  "Jpsi->rho(1450)p.pimrho(1450)p->phi.pip_total_0i": 0.0,
  "Jpsi->rho(1450)p.pim_g_ls_0r": 1.0,
  "Jpsi->rho(1450)p.pim_g_ls_0i": 0.0,
  "rho(1450)p->phi.pip_g_ls_0r": 1.0,
  "rho(1450)p->phi.pip_g_ls_0i": 0.0,
  "Jpsi->rho(1570)p.pimrho(1570)p->phi.pip_total_0r": 0.2980990126472845,
  "Jpsi->rho(1570)p.pimrho(1570)p->phi.pip_total_0i": -1.2677704630321063,
  "Jpsi->rho(1570)p.pim_g_ls_0r": 1.0,
  "Jpsi->rho(1570)p.pim_g_ls_0i": 0.0,
  "rho(1570)p->phi.pip_g_ls_0r": 1.0,
  "rho(1570)p->phi.pip_g_ls_0i": 0.0,
  "Jpsi->rho(1690)p.pimrho(1690)p->phi.pip_total_0r": 0.4903264634428564,
  "Jpsi->rho(1690)p.pimrho(1690)p->phi.pip_total_0i": 2.001878220346455,
  "Jpsi->rho(1690)p.pim_g_ls_0r": 1.0,
  "Jpsi->rho(1690)p.pim_g_ls_0i": 0.0,
  "rho(1690)p->phi.pip_g_ls_0r": 1.0,
  "rho(1690)p->phi.pip_g_ls_0i": 0.0,
  "Jpsi->rho(1450)m.piprho(1450)m->phi.pim_total_0r": 1.0,
  "Jpsi->rho(1450)m.piprho(1450)m->phi.pim_total_0i": 0.0,
  "Jpsi->rho(1450)m.pip_g_ls_0r": 1.0,
  "Jpsi->rho(1450)m.pip_g_ls_0i": 0.0,
  "rho(1450)m->phi.pim_g_ls_0r": 1.0,
  "rho(1450)m->phi.pim_g_ls_0i": 0.0,
  "Jpsi->rho(1570)m.piprho(1570)m->phi.pim_total_0r": 0.2980990126472845,
  "Jpsi->rho(1570)m.piprho(1570)m->phi.pim_total_0i": -1.2677704630321063,
  "Jpsi->rho(1570)m.pip_g_ls_0r": 1.0,
  "Jpsi->rho(1570)m.pip_g_ls_0i": 0.0,
  "rho(1570)m->phi.pim_g_ls_0r": 1.0,
  "rho(1570)m->phi.pim_g_ls_0i": 0.0,
  "Jpsi->rho(1690)m.piprho(1690)m->phi.pim_total_0r": 0.4903264634428564,
  "Jpsi->rho(1690)m.piprho(1690)m->phi.pim_total_0i": 2.001878220346455,
  "Jpsi->rho(1690)m.pip_g_ls_0r": 1.0,
  "Jpsi->rho(1690)m.pip_g_ls_0i": 0.0,
  "rho(1690)m->phi.pim_g_ls_0r": 1.0,
  "rho(1690)m->phi.pim_g_ls_0i": 0.0,
  "Jpsi->phi.f0(500)_E791f0(500)_E791->pip.pim_total_0r": 3.643072042893805,
  "Jpsi->phi.f0(500)_E791f0(500)_E791->pip.pim_total_0i": -2.952749777096079,
  "Jpsi->phi.f0(500)_E791_g_ls_0r": 1.0,
  "Jpsi->phi.f0(500)_E791_g_ls_0i": 0.0,
  "Jpsi->phi.f0(500)_E791_g_ls_1r": 0.3794681549137799,
  "Jpsi->phi.f0(500)_E791_g_ls_1i": 0.47882061511308427,
  "f0(500)_E791->pip.pim_g_ls_0r": 1.0,
  "f0(500)_E791->pip.pim_g_ls_0i": 0.0,
  "Jpsi->phi.f0(980)_flattef0(980)_flatte->pip.pim_total_0r": 0.21426480324355981,
  "Jpsi->phi.f0(980)_flattef0(980)_flatte->pip.pim_total_0i": -0.08386685224420898,
  "f0(980)_flatte->pip.pim_g_ls_0r": 1.0,
  "f0(980)_flatte->pip.pim_g_ls_0i": 0.0,
  "Jpsi->phi.f0(1370)f0(1370)->pip.pim_total_0r": 2.3210628772743687,
  "Jpsi->phi.f0(1370)f0(1370)->pip.pim_total_0i": -0.8254378348887386,
  "Jpsi->phi.f0(1370)_g_ls_0r": 1.0,
  "Jpsi->phi.f0(1370)_g_ls_0i": 0.0,
  "Jpsi->phi.f0(1370)_g_ls_1r": 0.3474103230740499,
  "Jpsi->phi.f0(1370)_g_ls_1i": -0.1526874862051919,
  "f0(1370)->pip.pim_g_ls_0r": 1.0,
  "f0(1370)->pip.pim_g_ls_0i": 0.0,
  "Jpsi->phi.f0(1500)_flattef0(1500)_flatte->pip.pim_total_0r": 1.366834945547057,
  "Jpsi->phi.f0(1500)_flattef0(1500)_flatte->pip.pim_total_0i": 2.058233968933809,
  "Jpsi->phi.f0(1500)_flatte_g_ls_0r": 1.0,
  "Jpsi->phi.f0(1500)_flatte_g_ls_0i": 0.0,
  "Jpsi->phi.f0(1500)_flatte_g_ls_1r": 0.48725552044602216,
  "Jpsi->phi.f0(1500)_flatte_g_ls_1i": -0.7271991844571204,
  "f0(1500)_flatte->pip.pim_g_ls_0r": 1.0,
  "f0(1500)_flatte->pip.pim_g_ls_0i": 0.0,
  "Jpsi->phi.f0(1710)f0(1710)->pip.pim_total_0r": 1.5557475130522869,
  "Jpsi->phi.f0(1710)f0(1710)->pip.pim_total_0i": -1.5688802653079885,
  "f0(1710)->pip.pim_g_ls_0r": 1.0,
  "f0(1710)->pip.pim_g_ls_0i": 0.0,
  "Jpsi->phi.f2(1430)f2(1430)->pip.pim_total_0r": 0.20932536266235488,
  "Jpsi->phi.f2(1430)f2(1430)->pip.pim_total_0i": 0.05813392550818719,
  "Jpsi->phi.f2(1430)_g_ls_0r": 1.0,
  "Jpsi->phi.f2(1430)_g_ls_0i": 0.0,
  "Jpsi->phi.f2(1430)_g_ls_1r": 0.5698506605842799,
  "Jpsi->phi.f2(1430)_g_ls_1i": -1.8915995523350633,
  "Jpsi->phi.f2(1430)_g_ls_2r": 0.7868651037817076,
  "Jpsi->phi.f2(1430)_g_ls_2i": -0.30986700612144835,
  "Jpsi->phi.f2(1430)_g_ls_3r": 0.3825269568671862,
  "Jpsi->phi.f2(1430)_g_ls_3i": 2.4518206754235,
  "Jpsi->phi.f2(1430)_g_ls_4r": 0.9774084429908187,
  "Jpsi->phi.f2(1430)_g_ls_4i": -0.16334317659914754,
  "f2(1430)->pip.pim_g_ls_0r": 1.0,
  "f2(1430)->pip.pim_g_ls_0i": 0.0,
  "Jpsi->phi.f2(1270)f2(1270)->pip.pim_total_0r": 0.5714961333797599,
  "Jpsi->phi.f2(1270)f2(1270)->pip.pim_total_0i": -2.2896726466634583,
  "f2(1270)->pip.pim_g_ls_0r": 1.0,
  "f2(1270)->pip.pim_g_ls_0i": 0.0,
  "K1(1400)p_mass": 1.403,
  "K1(1400)p_width": 0.174,
  "K2(1820)p_mass": 1.819,
  "K2(1820)p_width": 0.264,
  "K2(1980)p_mass": 1.99,
  "K2(1980)p_width": 0.348,
  "K2(2250)p_mass": 2.247,
  "K2(2250)p_width": 0.18,
  "K3(2320)p_mass": 2.324,
  "K3(2320)p_width": 0.15,
  "K1(1400)m_mass": 1.403,
  "K1(1400)m_width": 0.174,
  "K2(1820)m_mass": 1.819,
  "K2(1820)m_width": 0.264,
  "K2(1980)m_mass": 1.99,
  "K2(1980)m_width": 0.348,
  "K3(2320)m_mass": 2.324,
  "K3(2320)m_width": 0.15,
  "f0(980)_flatte_mass": 0.965,
  "f0(980)_flatte_g_0": 0.005353476600936457,
  "f0(980)_flatte_g_1": 1.8031450009957133,
  "f2(1270)_mass": 1.2754,
  "f2(1270)_width": 0.1858,
  "f0(1500)_mass": 1.522,
  "f0(1500)_width": 0.108,
  "f2(1525)_mass": 1.5173,
  "f2(1525)_width": 0.072,
  "f2(1565)_mass": 1.571,
  "f2(1565)_width": 0.132,
  "f0(1710)_mass": 1.733,
  "f0(1710)_width": 0.15,
  "f2(1810)_mass": 1.815,
  "f2(1810)_width": 0.197,
  "Jpsi->K1(1400)p.kmK1(1400)p->phi.kp_total_0r": 1.0,
  "Jpsi->K1(1400)p.kmK1(1400)p->phi.kp_total_0i": 0.0,
  "Jpsi->K1(1400)p.km_g_ls_0r": 1.0,
  "Jpsi->K1(1400)p.km_g_ls_0i": 0.0,
  "Jpsi->K1(1400)p.km_g_ls_1r": 0.6780152375306192,
  "Jpsi->K1(1400)p.km_g_ls_1i": 6.297161956200077,
  "K1(1400)p->phi.kp_g_ls_0r": 1.0,
  "K1(1400)p->phi.kp_g_ls_0i": 0.0,
  "K1(1400)p->phi.kp_g_ls_1r": 1.7362631607526093,
  "K1(1400)p->phi.kp_g_ls_1i": -4.742311518411905,
  "Jpsi->K2(1820)p.kmK2(1820)p->phi.kp_total_0r": 2.3901488056453335,
  "Jpsi->K2(1820)p.kmK2(1820)p->phi.kp_total_0i": 0.30553953683950136,
  "Jpsi->K2(1820)p.km_g_ls_0r": 1.0,
  "Jpsi->K2(1820)p.km_g_ls_0i": 0.0,
  "Jpsi->K2(1820)p.km_g_ls_1r": -0.14149728711333223,
  "Jpsi->K2(1820)p.km_g_ls_1i": -5.461733726605283,
  "K2(1820)p->phi.kp_g_ls_0r": 1.0,
  "K2(1820)p->phi.kp_g_ls_0i": 0.0,
  "K2(1820)p->phi.kp_g_ls_1r": -0.8520455155460966,
  "K2(1820)p->phi.kp_g_ls_1i": 1.7907401017794375,
  "Jpsi->K2(1980)p.kmK2(1980)p->phi.kp_total_0r": -1.8226355378702899,
  "Jpsi->K2(1980)p.kmK2(1980)p->phi.kp_total_0i": -7.6065751433135445,
  "Jpsi->K2(1980)p.km_g_ls_0r": 1.0,
  "Jpsi->K2(1980)p.km_g_ls_0i": 0.0,
  "K2(1980)p->phi.kp_g_ls_0r": 1.0,
  "K2(1980)p->phi.kp_g_ls_0i": 0.0,
  "Jpsi->K2(2250)p.kmK2(2250)p->phi.kp_total_0r": 0.7002632629651764,
  "Jpsi->K2(2250)p.kmK2(2250)p->phi.kp_total_0i": -1.6726199179209857,
  "Jpsi->K2(2250)p.km_g_ls_0r": 1.0,
  "Jpsi->K2(2250)p.km_g_ls_0i": 0.0,
  "Jpsi->K2(2250)p.km_g_ls_1r": -1.0637238263651387,
  "Jpsi->K2(2250)p.km_g_ls_1i": -3.1956228954791537,
  "K2(2250)p->phi.kp_g_ls_0r": 1.0,
  "K2(2250)p->phi.kp_g_ls_0i": 0.0,
  "K2(2250)p->phi.kp_g_ls_1r": 0.5722312631324575,
  "K2(2250)p->phi.kp_g_ls_1i": 1.9560065940126963,
  "Jpsi->K3(2320)p.kmK3(2320)p->phi.kp_total_0r": 1.4060472403186617,
  "Jpsi->K3(2320)p.kmK3(2320)p->phi.kp_total_0i": 1.596980997775433,
  "Jpsi->K3(2320)p.km_g_ls_0r": 1.0,
  "Jpsi->K3(2320)p.km_g_ls_0i": 0.0,
  "Jpsi->K3(2320)p.km_g_ls_1r": -0.13867197969038597,
  "Jpsi->K3(2320)p.km_g_ls_1i": 3.6677556181835578,
  "K3(2320)p->phi.kp_g_ls_0r": 1.0,
  "K3(2320)p->phi.kp_g_ls_0i": 0.0,
  "K3(2320)p->phi.kp_g_ls_1r": 0.43208601303622785,
  "K3(2320)p->phi.kp_g_ls_1i": -3.0001320496956274,
  "Jpsi->K1(1400)m.kpK1(1400)m->phi.km_total_0r": 1.0,
  "Jpsi->K1(1400)m.kpK1(1400)m->phi.km_total_0i": 0.0,
  "Jpsi->K1(1400)m.kp_g_ls_0r": 1.0,
  "Jpsi->K1(1400)m.kp_g_ls_0i": 0.0,
  "Jpsi->K1(1400)m.kp_g_ls_1r": 0.6780152375306192,
  "Jpsi->K1(1400)m.kp_g_ls_1i": 6.297161956200077,
  "K1(1400)m->phi.km_g_ls_0r": 1.0,
  "K1(1400)m->phi.km_g_ls_0i": 0.0,
  "K1(1400)m->phi.km_g_ls_1r": 1.7362631607526093,
  "K1(1400)m->phi.km_g_ls_1i": -4.742311518411905,
  "Jpsi->K2(1820)m.kpK2(1820)m->phi.km_total_0r": 2.3901488056453335,
  "Jpsi->K2(1820)m.kpK2(1820)m->phi.km_total_0i": 0.30553953683950136,
  "Jpsi->K2(1820)m.kp_g_ls_0r": 1.0,
  "Jpsi->K2(1820)m.kp_g_ls_0i": 0.0,
  "Jpsi->K2(1820)m.kp_g_ls_1r": -0.14149728711333223,
  "Jpsi->K2(1820)m.kp_g_ls_1i": -5.461733726605283,
  "K2(1820)m->phi.km_g_ls_0r": 1.0,
  "K2(1820)m->phi.km_g_ls_0i": 0.0,
  "K2(1820)m->phi.km_g_ls_1r": -0.8520455155460966,
  "K2(1820)m->phi.km_g_ls_1i": 1.7907401017794375,
  "Jpsi->K2(1980)m.kpK2(1980)m->phi.km_total_0r": -1.8226355378702899,
  "Jpsi->K2(1980)m.kpK2(1980)m->phi.km_total_0i": -7.6065751433135445,
  "Jpsi->K2(1980)m.kp_g_ls_0r": 1.0,
  "Jpsi->K2(1980)m.kp_g_ls_0i": 0.0,
  "K2(1980)m->phi.km_g_ls_0r": 1.0,
  "K2(1980)m->phi.km_g_ls_0i": 0.0,
  "Jpsi->K2(2250)p.kpK2(2250)p->phi.km_total_0r": 1.0304702318407228,
  "Jpsi->K2(2250)p.kpK2(2250)p->phi.km_total_0i": -1.7268584896196018,
  "Jpsi->K2(2250)p.kp_g_ls_0r": 1.0,
  "Jpsi->K2(2250)p.kp_g_ls_0i": 0.0,
  "Jpsi->K2(2250)p.kp_g_ls_1r": 0.7273782197326685,
  "Jpsi->K2(2250)p.kp_g_ls_1i": 0.3970187430612917,
  "K2(2250)p->phi.km_g_ls_0r": 1.0,
  "K2(2250)p->phi.km_g_ls_0i": 0.0,
  "K2(2250)p->phi.km_g_ls_1r": 0.613051103138118,
  "K2(2250)p->phi.km_g_ls_1i": 1.6141205980599524,
  "Jpsi->K3(2320)m.kpK3(2320)m->phi.km_total_0r": 1.4060472403186617,
  "Jpsi->K3(2320)m.kpK3(2320)m->phi.km_total_0i": 1.596980997775433,
  "Jpsi->K3(2320)m.kp_g_ls_0r": 1.0,
  "Jpsi->K3(2320)m.kp_g_ls_0i": 0.0,
  "Jpsi->K3(2320)m.kp_g_ls_1r": -0.13867197969038597,
  "Jpsi->K3(2320)m.kp_g_ls_1i": 3.6677556181835578,
  "K3(2320)m->phi.km_g_ls_0r": 1.0,
  "K3(2320)m->phi.km_g_ls_0i": 0.0,
  "K3(2320)m->phi.km_g_ls_1r": 0.43208601303622785,
  "K3(2320)m->phi.km_g_ls_1i": -3.0001320496956274,
  "Jpsi->phi.f0(980)_flattef0(980)_flatte->kp.km_total_0r": 1.3171646953510006,
  "Jpsi->phi.f0(980)_flattef0(980)_flatte->kp.km_total_0i": -0.5305628866222958,
  "Jpsi->phi.f0(980)_flatte_g_ls_0r": 1.0,
  "Jpsi->phi.f0(980)_flatte_g_ls_0i": 0.0,
  "Jpsi->phi.f0(980)_flatte_g_ls_1r": 1.0292424116617143,
  "Jpsi->phi.f0(980)_flatte_g_ls_1i": -1.3662540873484879,
  "f0(980)_flatte->kp.km_g_ls_0r": 1.0,
  "f0(980)_flatte->kp.km_g_ls_0i": 0.0,
  "Jpsi->phi.f2(1270)f2(1270)->kp.km_total_0r": 0.14752857693254992,
  "Jpsi->phi.f2(1270)f2(1270)->kp.km_total_0i": 1.3808324532157368,
  "Jpsi->phi.f2(1270)_g_ls_0r": 1.0,
  "Jpsi->phi.f2(1270)_g_ls_0i": 0.0,
  "Jpsi->phi.f2(1270)_g_ls_1r": 0.9937653469679273,
  "Jpsi->phi.f2(1270)_g_ls_1i": 0.9107222112410795,
  "Jpsi->phi.f2(1270)_g_ls_2r": 1.7234458739112035,
  "Jpsi->phi.f2(1270)_g_ls_2i": -1.8099188749289683,
  "Jpsi->phi.f2(1270)_g_ls_3r": 1.1610724214827133,
  "Jpsi->phi.f2(1270)_g_ls_3i": 0.7065220843296984,
  "Jpsi->phi.f2(1270)_g_ls_4r": 1.150414672510112,
  "Jpsi->phi.f2(1270)_g_ls_4i": -1.853638432304117,
  "f2(1270)->kp.km_g_ls_0r": 1.0,
  "f2(1270)->kp.km_g_ls_0i": 0.0,
  "Jpsi->phi.f0(1500)f0(1500)->kp.km_total_0r": 0.5321986109435685,
  "Jpsi->phi.f0(1500)f0(1500)->kp.km_total_0i": 0.8192949477373519,
  "Jpsi->phi.f0(1500)_g_ls_0r": 1.0,
  "Jpsi->phi.f0(1500)_g_ls_0i": 0.0,
  "Jpsi->phi.f0(1500)_g_ls_1r": 0.8100415564092905,
  "Jpsi->phi.f0(1500)_g_ls_1i": 1.4242556162671907,
  "f0(1500)->kp.km_g_ls_0r": 1.0,
  "f0(1500)->kp.km_g_ls_0i": 0.0,
  "Jpsi->phi.f2(1525)f2(1525)->kp.km_total_0r": 0.3340124527182423,
  "Jpsi->phi.f2(1525)f2(1525)->kp.km_total_0i": -2.5143810204927117,
  "Jpsi->phi.f2(1525)_g_ls_0r": 1.0,
  "Jpsi->phi.f2(1525)_g_ls_0i": 0.0,
  "Jpsi->phi.f2(1525)_g_ls_1r": 4.452878631867743,
  "Jpsi->phi.f2(1525)_g_ls_1i": -1.092804085159635,
  "Jpsi->phi.f2(1525)_g_ls_2r": 5.106404512605304,
  "Jpsi->phi.f2(1525)_g_ls_2i": 1.8543979624917384,
  "Jpsi->phi.f2(1525)_g_ls_3r": 1.3100661880205096,
  "Jpsi->phi.f2(1525)_g_ls_3i": -2.0397986818337026,
  "Jpsi->phi.f2(1525)_g_ls_4r": 1.9564641293832232,
  "Jpsi->phi.f2(1525)_g_ls_4i": -1.629903997358257,
  "f2(1525)->kp.km_g_ls_0r": 1.0,
  "f2(1525)->kp.km_g_ls_0i": 0.0,
  "Jpsi->phi.f2(1565)f2(1565)->kp.km_total_0r": 0.27932133143448384,
  "Jpsi->phi.f2(1565)f2(1565)->kp.km_total_0i": -2.4801956922310398,
  "Jpsi->phi.f2(1565)_g_ls_0r": 1.0,
  "Jpsi->phi.f2(1565)_g_ls_0i": 0.0,
  "Jpsi->phi.f2(1565)_g_ls_1r": 3.636991337075698,
  "Jpsi->phi.f2(1565)_g_ls_1i": -2.6346348594974707,
  "Jpsi->phi.f2(1565)_g_ls_2r": 6.055018462190467,
  "Jpsi->phi.f2(1565)_g_ls_2i": -1.1410700461411665,
  "Jpsi->phi.f2(1565)_g_ls_3r": 4.296893527030429,
  "Jpsi->phi.f2(1565)_g_ls_3i": 1.8833755307972364,
  "Jpsi->phi.f2(1565)_g_ls_4r": 7.821071318391355,
  "Jpsi->phi.f2(1565)_g_ls_4i": 1.4625239784680595,
  "f2(1565)->kp.km_g_ls_0r": 1.0,
  "f2(1565)->kp.km_g_ls_0i": 0.0,
  "Jpsi->phi.f0(1710)f0(1710)->kp.km_total_0r": 1.3270095174713863,
  "Jpsi->phi.f0(1710)f0(1710)->kp.km_total_0i": -2.8069783142663978,
  "Jpsi->phi.f0(1710)_g_ls_0r": 1.0,
  "Jpsi->phi.f0(1710)_g_ls_0i": 0.0,
  "Jpsi->phi.f0(1710)_g_ls_1r": 0.14656425347983917,
  "Jpsi->phi.f0(1710)_g_ls_1i": -0.4293514556454654,
  "f0(1710)->kp.km_g_ls_0r": 1.0,
  "f0(1710)->kp.km_g_ls_0i": 0.0,
  "Jpsi->phi.f2(1810)f2(1810)->kp.km_total_0r": 2.142078445624051,
  "Jpsi->phi.f2(1810)f2(1810)->kp.km_total_0i": -0.4401517600485425,
  "Jpsi->phi.f2(1810)_g_ls_0r": 1.0,
  "Jpsi->phi.f2(1810)_g_ls_0i": 0.0,
  "Jpsi->phi.f2(1810)_g_ls_1r": 0.7549181534491886,
  "Jpsi->phi.f2(1810)_g_ls_1i": 0.5379270646705105,
  "Jpsi->phi.f2(1810)_g_ls_2r": 0.4015364633755834,
  "Jpsi->phi.f2(1810)_g_ls_2i": 2.4349989943605355,
  "Jpsi->phi.f2(1810)_g_ls_3r": 0.3479159527520245,
  "Jpsi->phi.f2(1810)_g_ls_3i": 1.9513412688017127,
  "Jpsi->phi.f2(1810)_g_ls_4r": 0.39799869249682257,
  "Jpsi->phi.f2(1810)_g_ls_4i": 2.4197117344421244,
  "f2(1810)->kp.km_g_ls_0r": 1.0,
  "f2(1810)->kp.km_g_ls_0i": 0.0
}
Time for calculating errors: 452.7945728302002

[WARN] Hessian inversion failed: Singular matrix
[WARN] Falling back to pseudo-inverse (pinv). Errors in singular directions will be NaN/inf.
[DIAG] _last_hessian not cached, cannot show eigenvalue details.
Time for calculating errors: 481.9709198474884
[WARN] using pinv for singular Hessian block
eigvalues:  [ 1.83634930e+02+0.j  1.55074459e+01+0.j  3.05193781e+00+0.j
  2.15460177e+00+0.j  1.32561512e+00+0.j  1.17776327e+00+0.j
  6.97618094e-01+0.j  6.69607022e-01+0.j  5.31285757e-01+0.j
  4.82631858e-01+0.j  4.52609827e-01+0.j  3.55203749e-01+0.j
  2.97060591e-01+0.j  2.72576523e-01+0.j  1.87952249e-01+0.j
  1.76558821e-01+0.j  1.56258392e-01+0.j  1.42797512e-01+0.j
  1.32566107e-01+0.j  1.27381821e-01+0.j  1.16712609e-01+0.j
  1.12959647e-01+0.j  1.07974527e-01+0.j  1.02618815e-01+0.j
  9.19334861e-02+0.j  8.25171819e-02+0.j  8.11977527e-02+0.j
  7.43314116e-02+0.j  6.52762823e-02+0.j  6.34436366e-02+0.j
  5.81843791e-02+0.j  5.72274197e-02+0.j  5.40942858e-02+0.j
  4.88299397e-02+0.j  4.44818141e-02+0.j  4.15032850e-02+0.j
  3.87401813e-02+0.j  3.72392501e-02+0.j  3.23517700e-02+0.j
  3.06623617e-02+0.j  2.83823102e-02+0.j  2.71333436e-02+0.j
  2.56515898e-02+0.j  2.32998148e-02+0.j  2.18405474e-02+0.j
  1.99859482e-02+0.j  1.78752812e-02+0.j  1.75971940e-02+0.j
  1.68287216e-02+0.j  1.54827055e-02+0.j  1.37415089e-02+0.j
  1.33996695e-02+0.j  1.26040641e-02+0.j  1.18906764e-02+0.j
  1.12215067e-02+0.j  1.05288611e-02+0.j  1.01124016e-02+0.j
  9.08458438e-03+0.j  8.85868131e-03+0.j  7.77830197e-03+0.j
  7.31503108e-03+0.j  6.42450245e-03+0.j  6.06030774e-03+0.j
  5.53228410e-03+0.j  5.38208204e-03+0.j  5.08180562e-03+0.j
  4.60938407e-03+0.j  4.48478999e-03+0.j  4.32945890e-03+0.j
  3.95977411e-03+0.j  3.93907661e-03+0.j  3.41590417e-03+0.j
  3.06245613e-03+0.j  3.02635212e-03+0.j  2.68982519e-03+0.j
  2.44321686e-03+0.j  2.37499540e-03+0.j  2.19340367e-03+0.j
  2.09072677e-03+0.j  1.84779059e-03+0.j  1.80975633e-03+0.j
  1.69564122e-03+0.j  1.57866494e-03+0.j  1.28907617e-03+0.j
  1.22839290e-03+0.j  1.21646452e-03+0.j  1.11181178e-03+0.j
  9.93376968e-04+0.j  8.15186751e-04+0.j  7.50675683e-04+0.j
  7.27317259e-04+0.j  6.90934917e-04+0.j  6.55469654e-04+0.j
  5.45731368e-04+0.j  5.01472012e-04+0.j  4.85377479e-04+0.j
  4.17171434e-04+0.j  4.01970394e-04+0.j  3.74399999e-04+0.j
  3.15227949e-04+0.j  2.78903555e-04+0.j  2.11063756e-04+0.j
  1.84693623e-04+0.j  1.34004288e-04+0.j  1.27770481e-04+0.j
  9.61095073e-05+0.j  9.70369739e-05+0.j  7.48097401e-05+0.j
  6.74447230e-05+0.j  3.78733830e-05+0.j  2.73494387e-05+0.j
  2.50987278e-05+0.j  1.05511395e-05+0.j  5.62332834e-06+0.j
 -2.98931235e-18+0.j -4.70173315e-20+0.j  0.00000000e+00+0.j
  0.00000000e+00+0.j]
[WARN] using pinv for singular Hessian block
[ERROR] pinv fallback also failed: ufunc 'fabs' not supported for the input types, and the inputs could not be safely coerced to any supported types according to the casting rule ''safe''
[INFO] Saving fit result WITHOUT parameter errors.

########## fit results:
Fit status:  True
Minimal -lnL =  -11494.640002073636
rho(1450)p_mass 1.51
rho(1450)p_width 0.44
rho(1570)p_mass 1.57
rho(1570)p_width 0.14
rho(1690)p_mass 1.681
rho(1690)p_width 0.19
rho(1450)m_mass 1.51
rho(1450)m_width 0.44
rho(1570)m_mass 1.57
rho(1570)m_width 0.14
rho(1690)m_mass 1.681
rho(1690)m_width 0.19
f0(500)_E791_mass 0.478
f0(1370)_mass 1.37
f0(1370)_width 0.35
f0(1500)_flatte_mass 1.522
f0(1500)_flatte_g_0 0.5700041434425897
f0(1500)_flatte_g_1 0.03414241861378452
f2(1430)_mass 1.43
f2(1430)_width 0.046
Jpsi->rho(1450)p.pimrho(1450)p->phi.pip_total_0r 1.0
Jpsi->rho(1450)p.pimrho(1450)p->phi.pip_total_0i 0.0
Jpsi->rho(1450)p.pim_g_ls_0r 1.0
Jpsi->rho(1450)p.pim_g_ls_0i 0.0
rho(1450)p->phi.pip_g_ls_0r 1.0
rho(1450)p->phi.pip_g_ls_0i 0.0
Jpsi->rho(1570)p.pimrho(1570)p->phi.pip_total_0r 0.2980990126472845
Jpsi->rho(1570)p.pimrho(1570)p->phi.pip_total_0i -1.2677704630321063
Jpsi->rho(1570)p.pim_g_ls_0r 1.0
Jpsi->rho(1570)p.pim_g_ls_0i 0.0
rho(1570)p->phi.pip_g_ls_0r 1.0
rho(1570)p->phi.pip_g_ls_0i 0.0
Jpsi->rho(1690)p.pimrho(1690)p->phi.pip_total_0r 0.4903264634428564
Jpsi->rho(1690)p.pimrho(1690)p->phi.pip_total_0i 2.001878220346455
Jpsi->rho(1690)p.pim_g_ls_0r 1.0
Jpsi->rho(1690)p.pim_g_ls_0i 0.0
rho(1690)p->phi.pip_g_ls_0r 1.0
rho(1690)p->phi.pip_g_ls_0i 0.0
Jpsi->rho(1450)m.piprho(1450)m->phi.pim_total_0r 1.0
Jpsi->rho(1450)m.piprho(1450)m->phi.pim_total_0i 0.0
Jpsi->rho(1450)m.pip_g_ls_0r 1.0
Jpsi->rho(1450)m.pip_g_ls_0i 0.0
rho(1450)m->phi.pim_g_ls_0r 1.0
rho(1450)m->phi.pim_g_ls_0i 0.0
Jpsi->rho(1570)m.piprho(1570)m->phi.pim_total_0r 0.2980990126472845
Jpsi->rho(1570)m.piprho(1570)m->phi.pim_total_0i -1.2677704630321063
Jpsi->rho(1570)m.pip_g_ls_0r 1.0
Jpsi->rho(1570)m.pip_g_ls_0i 0.0
rho(1570)m->phi.pim_g_ls_0r 1.0
rho(1570)m->phi.pim_g_ls_0i 0.0
Jpsi->rho(1690)m.piprho(1690)m->phi.pim_total_0r 0.4903264634428564
Jpsi->rho(1690)m.piprho(1690)m->phi.pim_total_0i 2.001878220346455
Jpsi->rho(1690)m.pip_g_ls_0r 1.0
Jpsi->rho(1690)m.pip_g_ls_0i 0.0
rho(1690)m->phi.pim_g_ls_0r 1.0
rho(1690)m->phi.pim_g_ls_0i 0.0
Jpsi->phi.f0(500)_E791f0(500)_E791->pip.pim_total_0r 3.643072042893805
Jpsi->phi.f0(500)_E791f0(500)_E791->pip.pim_total_0i -2.952749777096079
Jpsi->phi.f0(500)_E791_g_ls_0r 1.0
Jpsi->phi.f0(500)_E791_g_ls_0i 0.0
Jpsi->phi.f0(500)_E791_g_ls_1r 0.3794681549137799
Jpsi->phi.f0(500)_E791_g_ls_1i 0.47882061511308427
f0(500)_E791->pip.pim_g_ls_0r 1.0
f0(500)_E791->pip.pim_g_ls_0i 0.0
Jpsi->phi.f0(980)_flattef0(980)_flatte->pip.pim_total_0r 0.21426480324355981
Jpsi->phi.f0(980)_flattef0(980)_flatte->pip.pim_total_0i -0.08386685224420898
f0(980)_flatte->pip.pim_g_ls_0r 1.0
f0(980)_flatte->pip.pim_g_ls_0i 0.0
Jpsi->phi.f0(1370)f0(1370)->pip.pim_total_0r 2.3210628772743687
Jpsi->phi.f0(1370)f0(1370)->pip.pim_total_0i -0.8254378348887386
Jpsi->phi.f0(1370)_g_ls_0r 1.0
Jpsi->phi.f0(1370)_g_ls_0i 0.0
Jpsi->phi.f0(1370)_g_ls_1r 0.3474103230740499
Jpsi->phi.f0(1370)_g_ls_1i -0.1526874862051919
f0(1370)->pip.pim_g_ls_0r 1.0
f0(1370)->pip.pim_g_ls_0i 0.0
Jpsi->phi.f0(1500)_flattef0(1500)_flatte->pip.pim_total_0r 1.366834945547057
Jpsi->phi.f0(1500)_flattef0(1500)_flatte->pip.pim_total_0i 2.058233968933809
Jpsi->phi.f0(1500)_flatte_g_ls_0r 1.0
Jpsi->phi.f0(1500)_flatte_g_ls_0i 0.0
Jpsi->phi.f0(1500)_flatte_g_ls_1r 0.48725552044602216
Jpsi->phi.f0(1500)_flatte_g_ls_1i -0.7271991844571204
f0(1500)_flatte->pip.pim_g_ls_0r 1.0
f0(1500)_flatte->pip.pim_g_ls_0i 0.0
Jpsi->phi.f0(1710)f0(1710)->pip.pim_total_0r 1.5557475130522869
Jpsi->phi.f0(1710)f0(1710)->pip.pim_total_0i -1.5688802653079885
f0(1710)->pip.pim_g_ls_0r 1.0
f0(1710)->pip.pim_g_ls_0i 0.0
Jpsi->phi.f2(1430)f2(1430)->pip.pim_total_0r 0.20932536266235488
Jpsi->phi.f2(1430)f2(1430)->pip.pim_total_0i 0.05813392550818719
Jpsi->phi.f2(1430)_g_ls_0r 1.0
Jpsi->phi.f2(1430)_g_ls_0i 0.0
Jpsi->phi.f2(1430)_g_ls_1r 0.5698506605842799
Jpsi->phi.f2(1430)_g_ls_1i -1.8915995523350633
Jpsi->phi.f2(1430)_g_ls_2r 0.7868651037817076
Jpsi->phi.f2(1430)_g_ls_2i -0.30986700612144835
Jpsi->phi.f2(1430)_g_ls_3r 0.3825269568671862
Jpsi->phi.f2(1430)_g_ls_3i 2.4518206754235
Jpsi->phi.f2(1430)_g_ls_4r 0.9774084429908187
Jpsi->phi.f2(1430)_g_ls_4i -0.16334317659914754
f2(1430)->pip.pim_g_ls_0r 1.0
f2(1430)->pip.pim_g_ls_0i 0.0
Jpsi->phi.f2(1270)f2(1270)->pip.pim_total_0r 0.5714961333797599
Jpsi->phi.f2(1270)f2(1270)->pip.pim_total_0i -2.2896726466634583
f2(1270)->pip.pim_g_ls_0r 1.0
f2(1270)->pip.pim_g_ls_0i 0.0
K1(1400)p_mass 1.403
K1(1400)p_width 0.174
K2(1820)p_mass 1.819
K2(1820)p_width 0.264
K2(1980)p_mass 1.99
K2(1980)p_width 0.348
K2(2250)p_mass 2.247
K2(2250)p_width 0.18
K3(2320)p_mass 2.324
K3(2320)p_width 0.15
K1(1400)m_mass 1.403
K1(1400)m_width 0.174
K2(1820)m_mass 1.819
K2(1820)m_width 0.264
K2(1980)m_mass 1.99
K2(1980)m_width 0.348
K3(2320)m_mass 2.324
K3(2320)m_width 0.15
f0(980)_flatte_mass 0.965
f0(980)_flatte_g_0 0.005353476600936457
f0(980)_flatte_g_1 1.8031450009957133
f2(1270)_mass 1.2754
f2(1270)_width 0.1858
f0(1500)_mass 1.522
f0(1500)_width 0.108
f2(1525)_mass 1.5173
f2(1525)_width 0.072
f2(1565)_mass 1.571
f2(1565)_width 0.132
f0(1710)_mass 1.733
f0(1710)_width 0.15
f2(1810)_mass 1.815
f2(1810)_width 0.197
Jpsi->K1(1400)p.kmK1(1400)p->phi.kp_total_0r 1.0
Jpsi->K1(1400)p.kmK1(1400)p->phi.kp_total_0i 0.0
Jpsi->K1(1400)p.km_g_ls_0r 1.0
Jpsi->K1(1400)p.km_g_ls_0i 0.0
Jpsi->K1(1400)p.km_g_ls_1r 0.6780152375306192
Jpsi->K1(1400)p.km_g_ls_1i 6.297161956200077
K1(1400)p->phi.kp_g_ls_0r 1.0
K1(1400)p->phi.kp_g_ls_0i 0.0
K1(1400)p->phi.kp_g_ls_1r 1.7362631607526093
K1(1400)p->phi.kp_g_ls_1i -4.742311518411905
Jpsi->K2(1820)p.kmK2(1820)p->phi.kp_total_0r 2.3901488056453335
Jpsi->K2(1820)p.kmK2(1820)p->phi.kp_total_0i 0.30553953683950136
Jpsi->K2(1820)p.km_g_ls_0r 1.0
Jpsi->K2(1820)p.km_g_ls_0i 0.0
Jpsi->K2(1820)p.km_g_ls_1r -0.14149728711333223
Jpsi->K2(1820)p.km_g_ls_1i -5.461733726605283
K2(1820)p->phi.kp_g_ls_0r 1.0
K2(1820)p->phi.kp_g_ls_0i 0.0
K2(1820)p->phi.kp_g_ls_1r -0.8520455155460966
K2(1820)p->phi.kp_g_ls_1i 1.7907401017794375
Jpsi->K2(1980)p.kmK2(1980)p->phi.kp_total_0r -1.8226355378702899
Jpsi->K2(1980)p.kmK2(1980)p->phi.kp_total_0i -7.6065751433135445
Jpsi->K2(1980)p.km_g_ls_0r 1.0
Jpsi->K2(1980)p.km_g_ls_0i 0.0
K2(1980)p->phi.kp_g_ls_0r 1.0
K2(1980)p->phi.kp_g_ls_0i 0.0
Jpsi->K2(2250)p.kmK2(2250)p->phi.kp_total_0r 0.7002632629651764
Jpsi->K2(2250)p.kmK2(2250)p->phi.kp_total_0i -1.6726199179209857
Jpsi->K2(2250)p.km_g_ls_0r 1.0
Jpsi->K2(2250)p.km_g_ls_0i 0.0
Jpsi->K2(2250)p.km_g_ls_1r -1.0637238263651387
Jpsi->K2(2250)p.km_g_ls_1i -3.1956228954791537
K2(2250)p->phi.kp_g_ls_0r 1.0
K2(2250)p->phi.kp_g_ls_0i 0.0
K2(2250)p->phi.kp_g_ls_1r 0.5722312631324575
K2(2250)p->phi.kp_g_ls_1i 1.9560065940126963
Jpsi->K3(2320)p.kmK3(2320)p->phi.kp_total_0r 1.4060472403186617
Jpsi->K3(2320)p.kmK3(2320)p->phi.kp_total_0i 1.596980997775433
Jpsi->K3(2320)p.km_g_ls_0r 1.0
Jpsi->K3(2320)p.km_g_ls_0i 0.0
Jpsi->K3(2320)p.km_g_ls_1r -0.13867197969038597
Jpsi->K3(2320)p.km_g_ls_1i 3.6677556181835578
K3(2320)p->phi.kp_g_ls_0r 1.0
K3(2320)p->phi.kp_g_ls_0i 0.0
K3(2320)p->phi.kp_g_ls_1r 0.43208601303622785
K3(2320)p->phi.kp_g_ls_1i -3.0001320496956274
Jpsi->K1(1400)m.kpK1(1400)m->phi.km_total_0r 1.0
Jpsi->K1(1400)m.kpK1(1400)m->phi.km_total_0i 0.0
Jpsi->K1(1400)m.kp_g_ls_0r 1.0
Jpsi->K1(1400)m.kp_g_ls_0i 0.0
Jpsi->K1(1400)m.kp_g_ls_1r 0.6780152375306192
Jpsi->K1(1400)m.kp_g_ls_1i 6.297161956200077
K1(1400)m->phi.km_g_ls_0r 1.0
K1(1400)m->phi.km_g_ls_0i 0.0
K1(1400)m->phi.km_g_ls_1r 1.7362631607526093
K1(1400)m->phi.km_g_ls_1i -4.742311518411905
Jpsi->K2(1820)m.kpK2(1820)m->phi.km_total_0r 2.3901488056453335
Jpsi->K2(1820)m.kpK2(1820)m->phi.km_total_0i 0.30553953683950136
Jpsi->K2(1820)m.kp_g_ls_0r 1.0
Jpsi->K2(1820)m.kp_g_ls_0i 0.0
Jpsi->K2(1820)m.kp_g_ls_1r -0.14149728711333223
Jpsi->K2(1820)m.kp_g_ls_1i -5.461733726605283
K2(1820)m->phi.km_g_ls_0r 1.0
K2(1820)m->phi.km_g_ls_0i 0.0
K2(1820)m->phi.km_g_ls_1r -0.8520455155460966
K2(1820)m->phi.km_g_ls_1i 1.7907401017794375
Jpsi->K2(1980)m.kpK2(1980)m->phi.km_total_0r -1.8226355378702899
Jpsi->K2(1980)m.kpK2(1980)m->phi.km_total_0i -7.6065751433135445
Jpsi->K2(1980)m.kp_g_ls_0r 1.0
Jpsi->K2(1980)m.kp_g_ls_0i 0.0
K2(1980)m->phi.km_g_ls_0r 1.0
K2(1980)m->phi.km_g_ls_0i 0.0
Jpsi->K2(2250)p.kpK2(2250)p->phi.km_total_0r 1.0304702318407228
Jpsi->K2(2250)p.kpK2(2250)p->phi.km_total_0i -1.7268584896196018
Jpsi->K2(2250)p.kp_g_ls_0r 1.0
Jpsi->K2(2250)p.kp_g_ls_0i 0.0
Jpsi->K2(2250)p.kp_g_ls_1r 0.7273782197326685
Jpsi->K2(2250)p.kp_g_ls_1i 0.3970187430612917
K2(2250)p->phi.km_g_ls_0r 1.0
K2(2250)p->phi.km_g_ls_0i 0.0
K2(2250)p->phi.km_g_ls_1r 0.613051103138118
K2(2250)p->phi.km_g_ls_1i 1.6141205980599524
Jpsi->K3(2320)m.kpK3(2320)m->phi.km_total_0r 1.4060472403186617
Jpsi->K3(2320)m.kpK3(2320)m->phi.km_total_0i 1.596980997775433
Jpsi->K3(2320)m.kp_g_ls_0r 1.0
Jpsi->K3(2320)m.kp_g_ls_0i 0.0
Jpsi->K3(2320)m.kp_g_ls_1r -0.13867197969038597
Jpsi->K3(2320)m.kp_g_ls_1i 3.6677556181835578
K3(2320)m->phi.km_g_ls_0r 1.0
K3(2320)m->phi.km_g_ls_0i 0.0
K3(2320)m->phi.km_g_ls_1r 0.43208601303622785
K3(2320)m->phi.km_g_ls_1i -3.0001320496956274
Jpsi->phi.f0(980)_flattef0(980)_flatte->kp.km_total_0r 1.3171646953510006
Jpsi->phi.f0(980)_flattef0(980)_flatte->kp.km_total_0i -0.5305628866222958
Jpsi->phi.f0(980)_flatte_g_ls_0r 1.0
Jpsi->phi.f0(980)_flatte_g_ls_0i 0.0
Jpsi->phi.f0(980)_flatte_g_ls_1r 1.0292424116617143
Jpsi->phi.f0(980)_flatte_g_ls_1i -1.3662540873484879
f0(980)_flatte->kp.km_g_ls_0r 1.0
f0(980)_flatte->kp.km_g_ls_0i 0.0
Jpsi->phi.f2(1270)f2(1270)->kp.km_total_0r 0.14752857693254992
Jpsi->phi.f2(1270)f2(1270)->kp.km_total_0i 1.3808324532157368
Jpsi->phi.f2(1270)_g_ls_0r 1.0
Jpsi->phi.f2(1270)_g_ls_0i 0.0
Jpsi->phi.f2(1270)_g_ls_1r 0.9937653469679273
Jpsi->phi.f2(1270)_g_ls_1i 0.9107222112410795
Jpsi->phi.f2(1270)_g_ls_2r 1.7234458739112035
Jpsi->phi.f2(1270)_g_ls_2i -1.8099188749289683
Jpsi->phi.f2(1270)_g_ls_3r 1.1610724214827133
Jpsi->phi.f2(1270)_g_ls_3i 0.7065220843296984
Jpsi->phi.f2(1270)_g_ls_4r 1.150414672510112
Jpsi->phi.f2(1270)_g_ls_4i -1.853638432304117
f2(1270)->kp.km_g_ls_0r 1.0
f2(1270)->kp.km_g_ls_0i 0.0
Jpsi->phi.f0(1500)f0(1500)->kp.km_total_0r 0.5321986109435685
Jpsi->phi.f0(1500)f0(1500)->kp.km_total_0i 0.8192949477373519
Jpsi->phi.f0(1500)_g_ls_0r 1.0
Jpsi->phi.f0(1500)_g_ls_0i 0.0
Jpsi->phi.f0(1500)_g_ls_1r 0.8100415564092905
Jpsi->phi.f0(1500)_g_ls_1i 1.4242556162671907
f0(1500)->kp.km_g_ls_0r 1.0
f0(1500)->kp.km_g_ls_0i 0.0
Jpsi->phi.f2(1525)f2(1525)->kp.km_total_0r 0.3340124527182423
Jpsi->phi.f2(1525)f2(1525)->kp.km_total_0i -2.5143810204927117
Jpsi->phi.f2(1525)_g_ls_0r 1.0
Jpsi->phi.f2(1525)_g_ls_0i 0.0
Jpsi->phi.f2(1525)_g_ls_1r 4.452878631867743
Jpsi->phi.f2(1525)_g_ls_1i -1.092804085159635
Jpsi->phi.f2(1525)_g_ls_2r 5.106404512605304
Jpsi->phi.f2(1525)_g_ls_2i 1.8543979624917384
Jpsi->phi.f2(1525)_g_ls_3r 1.3100661880205096
Jpsi->phi.f2(1525)_g_ls_3i -2.0397986818337026
Jpsi->phi.f2(1525)_g_ls_4r 1.9564641293832232
Jpsi->phi.f2(1525)_g_ls_4i -1.629903997358257
f2(1525)->kp.km_g_ls_0r 1.0
f2(1525)->kp.km_g_ls_0i 0.0
Jpsi->phi.f2(1565)f2(1565)->kp.km_total_0r 0.27932133143448384
Jpsi->phi.f2(1565)f2(1565)->kp.km_total_0i -2.4801956922310398
Jpsi->phi.f2(1565)_g_ls_0r 1.0
Jpsi->phi.f2(1565)_g_ls_0i 0.0
Jpsi->phi.f2(1565)_g_ls_1r 3.636991337075698
Jpsi->phi.f2(1565)_g_ls_1i -2.6346348594974707
Jpsi->phi.f2(1565)_g_ls_2r 6.055018462190467
Jpsi->phi.f2(1565)_g_ls_2i -1.1410700461411665
Jpsi->phi.f2(1565)_g_ls_3r 4.296893527030429
Jpsi->phi.f2(1565)_g_ls_3i 1.8833755307972364
Jpsi->phi.f2(1565)_g_ls_4r 7.821071318391355
Jpsi->phi.f2(1565)_g_ls_4i 1.4625239784680595
f2(1565)->kp.km_g_ls_0r 1.0
f2(1565)->kp.km_g_ls_0i 0.0
Jpsi->phi.f0(1710)f0(1710)->kp.km_total_0r 1.3270095174713863
Jpsi->phi.f0(1710)f0(1710)->kp.km_total_0i -2.8069783142663978
Jpsi->phi.f0(1710)_g_ls_0r 1.0
Jpsi->phi.f0(1710)_g_ls_0i 0.0
Jpsi->phi.f0(1710)_g_ls_1r 0.14656425347983917
Jpsi->phi.f0(1710)_g_ls_1i -0.4293514556454654
f0(1710)->kp.km_g_ls_0r 1.0
f0(1710)->kp.km_g_ls_0i 0.0
Jpsi->phi.f2(1810)f2(1810)->kp.km_total_0r 2.142078445624051
Jpsi->phi.f2(1810)f2(1810)->kp.km_total_0i -0.4401517600485425
Jpsi->phi.f2(1810)_g_ls_0r 1.0
Jpsi->phi.f2(1810)_g_ls_0i 0.0
Jpsi->phi.f2(1810)_g_ls_1r 0.7549181534491886
Jpsi->phi.f2(1810)_g_ls_1i 0.5379270646705105
Jpsi->phi.f2(1810)_g_ls_2r 0.4015364633755834
Jpsi->phi.f2(1810)_g_ls_2i 2.4349989943605355
Jpsi->phi.f2(1810)_g_ls_3r 0.3479159527520245
Jpsi->phi.f2(1810)_g_ls_3i 1.9513412688017127
Jpsi->phi.f2(1810)_g_ls_4r 0.39799869249682257
Jpsi->phi.f2(1810)_g_ls_4i 2.4197117344421244
f2(1810)->kp.km_g_ls_0r 1.0
f2(1810)->kp.km_g_ls_0i 0.0
Finish plotting figure/s0_m_bp
Finish plotting figure/s0_m_bm
Finish plotting figure/s0_m_pipi
Finish plotting figure/s0_Jpsi_bp_pip_alpha
Finish plotting figure/s0_Jpsi_bp_pip_cos(beta)
Finish plotting figure/s0_Jpsi_pipi_pip_cos(beta)
Finish plotting 2D data_hist figure/s0_dalitz_phiPip_phiPim
Finish plotting 2D fitted figure/s0_dalitz_phiPip_phiPim
Finish plotting 2D pull figure/s0_dalitz_phiPip_phiPim
Finish plotting 2D data_hist figure/s0_dalitz_phiPip_PipPim
Finish plotting 2D fitted figure/s0_dalitz_phiPip_PipPim
Finish plotting 2D pull figure/s0_dalitz_phiPip_PipPim
Finish plotting 2D data_hist figure/s0_dalitz_phiPim_PipPim
Finish plotting 2D fitted figure/s0_dalitz_phiPim_PipPim
Finish plotting 2D pull figure/s0_dalitz_phiPim_PipPim
Finish plotting figure/s1_m_kstp
Finish plotting figure/s1_m_kstm
Finish plotting figure/s1_m_kk
Finish plotting figure/s1_Jpsi_kstp_kp_alpha
Finish plotting figure/s1_Jpsi_kstp_kp_cos(beta)
Finish plotting figure/s1_Jpsi_kk_kp_cos(beta)
Finish plotting 2D data_hist figure/s1_dalitz_phiKp_KpKm
Finish plotting 2D fitted figure/s1_dalitz_phiKp_KpKm
Finish plotting 2D pull figure/s1_dalitz_phiKp_KpKm
Finish plotting 2D data_hist figure/s1_dalitz_phiKm_KpKm
Finish plotting 2D fitted figure/s1_dalitz_phiKm_KpKm
Finish plotting 2D pull figure/s1_dalitz_phiKm_KpKm
Finish plotting 2D data_hist figure/s1_dalitz_phiKp_phiKm
Finish plotting 2D fitted figure/s1_dalitz_phiKp_phiKm
Finish plotting 2D pull figure/s1_dalitz_phiKp_phiKm
########## fit fractions channel 0:
rho(1450)p 0.014 +/- 0.004
rho(1570)p 0.005 +/- 0.001
rho(1570)pxrho(1450)p 0.0066 +/- 0.0011
rho(1690)p 0.0048 +/- 0.0009
rho(1690)pxrho(1570)p -0.00001 +/- 0.00001
rho(1690)pxrho(1450)p -0.000122 +/- 0.000018
rho(1450)m 0.014 +/- 0.004
rho(1450)mxrho(1690)p 0.000061 +/- 0.000030
rho(1450)mxrho(1570)p 0.00047 +/- 0.00007
rho(1450)mxrho(1450)p 0.0019 +/- 0.0005
rho(1570)m 0.005 +/- 0.001
rho(1570)mxrho(1450)m 0.0066 +/- 0.0011
rho(1570)mxrho(1690)p 0.000082 +/- 0.000014
rho(1570)mxrho(1570)p 0.00035 +/- 0.00007
rho(1570)mxrho(1450)p 0.00046 +/- 0.00007
rho(1690)m 0.0048 +/- 0.0009
rho(1690)mxrho(1570)m -0.000025 +/- 0.000009
rho(1690)mxrho(1450)m -0.000124 +/- 0.000020
rho(1690)mxrho(1690)p 0.00124 +/- 0.00024
rho(1690)mxrho(1570)p 0.000081 +/- 0.000014
rho(1690)mxrho(1450)p 0.000059 +/- 0.000030
f0(500)_E791 1.55 +/- 0.34
f0(500)_E791xrho(1690)m -0.00089 +/- 0.00016
f0(500)_E791xrho(1570)m -0.025 +/- 0.009
f0(500)_E791xrho(1450)m 0.022 +/- 0.013
f0(500)_E791xrho(1690)p -0.00116 +/- 0.00019
f0(500)_E791xrho(1570)p -0.025 +/- 0.009
f0(500)_E791xrho(1450)p 0.022 +/- 0.013
f0(980)_flatte 0.3 +/- 0.1
f0(980)_flattexf0(500)_E791 0.19 +/- 0.07
f0(980)_flattexrho(1690)m -0.0020 +/- 0.0016
f0(980)_flattexrho(1570)m -0.0115 +/- 0.0024
f0(980)_flattexrho(1450)m -0.013 +/- 0.005
f0(980)_flattexrho(1690)p -0.0021 +/- 0.0016
f0(980)_flattexrho(1570)p -0.0114 +/- 0.0024
f0(980)_flattexrho(1450)p -0.013 +/- 0.005
f0(1370) 0.97 +/- 0.17
f0(1370)xf0(980)_flatte -0.01 +/- 0.05
f0(1370)xf0(500)_E791 -1.56 +/- 0.30
f0(1370)xrho(1690)m 0.0123 +/- 0.0030
f0(1370)xrho(1570)m 0.002 +/- 0.006
f0(1370)xrho(1450)m -0.046 +/- 0.013
f0(1370)xrho(1690)p 0.0123 +/- 0.0030
f0(1370)xrho(1570)p 0.003 +/- 0.006
f0(1370)xrho(1450)p -0.046 +/- 0.013
f0(1500)_flatte 0.26 +/- 0.12
f0(1500)_flattexf0(1370) 0.16 +/- 0.06
f0(1500)_flattexf0(980)_flatte -0.30 +/- 0.06
f0(1500)_flattexf0(500)_E791 -0.53 +/- 0.27
f0(1500)_flattexrho(1690)m -0.0021 +/- 0.0004
f0(1500)_flattexrho(1570)m 0.016 +/- 0.004
f0(1500)_flattexrho(1450)m 0.019 +/- 0.005
f0(1500)_flattexrho(1690)p -0.0020 +/- 0.0004
f0(1500)_flattexrho(1570)p 0.016 +/- 0.004
f0(1500)_flattexrho(1450)p 0.019 +/- 0.005
f0(1710) 0.37 +/- 0.08
f0(1710)xf0(1500)_flatte -0.088 +/- 0.021
f0(1710)xf0(1370) -0.22 +/- 0.07
f0(1710)xf0(980)_flatte 0.079 +/- 0.016
f0(1710)xf0(500)_E791 -0.29 +/- 0.09
f0(1710)xrho(1690)m -0.0073 +/- 0.0012
f0(1710)xrho(1570)m -0.0118 +/- 0.0023
f0(1710)xrho(1450)m -0.012 +/- 0.004
f0(1710)xrho(1690)p -0.0073 +/- 0.0012
f0(1710)xrho(1570)p -0.0119 +/- 0.0023
f0(1710)xrho(1450)p -0.012 +/- 0.004
f2(1430) 0.04 +/- 0.04
f2(1430)xf0(1710) 0.0011 +/- 0.0007
f2(1430)xf0(1500)_flatte 0.0003 +/- 0.0011
f2(1430)xf0(1370) -0.0004 +/- 0.0029
f2(1430)xf0(980)_flatte 0.0007 +/- 0.0006
f2(1430)xf0(500)_E791 -0.0022 +/- 0.0026
f2(1430)xrho(1690)m -0.0006 +/- 0.0009
f2(1430)xrho(1570)m -0.0009 +/- 0.0007
f2(1430)xrho(1450)m -0.0001 +/- 0.0007
f2(1430)xrho(1690)p -0.0006 +/- 0.0009
f2(1430)xrho(1570)p -0.0009 +/- 0.0007
f2(1430)xrho(1450)p -0.0001 +/- 0.0007
f2(1270) 0.22 +/- 0.05
f2(1270)xf2(1430) -0.05 +/- 0.04
f2(1270)xf0(1710) -0.0043 +/- 0.0026
f2(1270)xf0(1500)_flatte -0.0035 +/- 0.0016
f2(1270)xf0(1370) -0.035 +/- 0.008
f2(1270)xf0(980)_flatte -0.0019 +/- 0.0004
f2(1270)xf0(500)_E791 0.027 +/- 0.005
f2(1270)xrho(1690)m 0.0011 +/- 0.0013
f2(1270)xrho(1570)m 0.0003 +/- 0.0008
f2(1270)xrho(1450)m -0.0007 +/- 0.0020
f2(1270)xrho(1690)p 0.0011 +/- 0.0013
f2(1270)xrho(1570)p 0.0003 +/- 0.0008
f2(1270)xrho(1450)p -0.0007 +/- 0.0020

########## fit fractions channel 1:
K1(1400)p 0.063 +/- 0.018
K2(1820)p 0.099 +/- 0.023
K2(1820)pxK1(1400)p 0.0080 +/- 0.0022
K2(1980)p 0.013 +/- 0.005
K2(1980)pxK2(1820)p 0.000 +/- 0.001
K2(1980)pxK1(1400)p -0.00062 +/- 0.00029
K2(2250)p 0.037 +/- 0.016
K2(2250)pxK2(1980)p -0.0021 +/- 0.0009
K2(2250)pxK2(1820)p -0.013 +/- 0.010
K2(2250)pxK1(1400)p 0.0052 +/- 0.0034
K3(2320)p 0.021 +/- 0.005
K3(2320)pxK2(2250)p 0.0017 +/- 0.0014
K3(2320)pxK2(1980)p 0.0001 +/- 0.0004
K3(2320)pxK2(1820)p -0.0022 +/- 0.0014
K3(2320)pxK1(1400)p -0.0010 +/- 0.0006
K1(1400)m 0.063 +/- 0.018
K1(1400)mxK3(2320)p -0.007 +/- 0.005
K1(1400)mxK2(2250)p 0.0081 +/- 0.0032
K1(1400)mxK2(1980)p 0.0047 +/- 0.0021
K1(1400)mxK2(1820)p -0.016 +/- 0.005
K1(1400)mxK1(1400)p 0.021 +/- 0.008
K2(1820)m 0.098 +/- 0.023
K2(1820)mxK1(1400)m 0.0080 +/- 0.0022
K2(1820)mxK3(2320)p 0.0014 +/- 0.0026
K2(1820)mxK2(2250)p -0.017 +/- 0.009
K2(1820)mxK2(1980)p 0.0015 +/- 0.0018
K2(1820)mxK2(1820)p -0.0022 +/- 0.0034
K2(1820)mxK1(1400)p -0.016 +/- 0.005
K2(1980)m 0.013 +/- 0.005
K2(1980)mxK2(1820)m -0.0000 +/- 0.0009
K2(1980)mxK1(1400)m -0.00067 +/- 0.00032
K2(1980)mxK3(2320)p -0.0019 +/- 0.0009
K2(1980)mxK2(2250)p -0.0018 +/- 0.0008
K2(1980)mxK2(1980)p 0.0070 +/- 0.0024
K2(1980)mxK2(1820)p 0.0015 +/- 0.0018
K2(1980)mxK1(1400)p 0.0046 +/- 0.0021
K3(2320)m 0.021 +/- 0.005
K3(2320)mxK2(1980)m 0.0001 +/- 0.0004
K3(2320)mxK2(1820)m -0.0021 +/- 0.0014
K3(2320)mxK1(1400)m -0.0011 +/- 0.0006
K3(2320)mxK3(2320)p -0.0006 +/- 0.0019
K3(2320)mxK2(2250)p 0.0033 +/- 0.0014
K3(2320)mxK2(1980)p -0.0018 +/- 0.0009
K3(2320)mxK2(1820)p 0.0014 +/- 0.0026
K3(2320)mxK1(1400)p -0.007 +/- 0.005
f0(980)_flatte 0.22 +/- 0.09
f0(980)_flattexK3(2320)m -0.002 +/- 0.005
f0(980)_flattexK2(1980)m -0.013 +/- 0.005
f0(980)_flattexK2(1820)m -0.058 +/- 0.017
f0(980)_flattexK1(1400)m -0.037 +/- 0.011
f0(980)_flattexK3(2320)p -0.002 +/- 0.005
f0(980)_flattexK2(2250)p 0.029 +/- 0.015
f0(980)_flattexK2(1980)p -0.013 +/- 0.005
f0(980)_flattexK2(1820)p -0.058 +/- 0.018
f0(980)_flattexK1(1400)p -0.037 +/- 0.011
f2(1270) 0.004 +/- 0.005
f2(1270)xf0(980)_flatte -0.0025 +/- 0.0013
f2(1270)xK3(2320)m -0.0003 +/- 0.0005
f2(1270)xK2(1980)m 0.0010 +/- 0.0006
f2(1270)xK2(1820)m 0.0018 +/- 0.0015
f2(1270)xK1(1400)m 0.007 +/- 0.005
f2(1270)xK3(2320)p -0.0003 +/- 0.0005
f2(1270)xK2(2250)p 0.004 +/- 0.004
f2(1270)xK2(1980)p 0.0010 +/- 0.0006
f2(1270)xK2(1820)p 0.0017 +/- 0.0015
f2(1270)xK1(1400)p 0.007 +/- 0.005
f0(1500) 0.098 +/- 0.015
f0(1500)xf2(1270) 0.00013 +/- 0.00027
f0(1500)xf0(980)_flatte 0.010 +/- 0.009
f0(1500)xK3(2320)m -0.0050 +/- 0.0020
f0(1500)xK2(1980)m 0.0042 +/- 0.0014
f0(1500)xK2(1820)m -0.023 +/- 0.006
f0(1500)xK1(1400)m 0.025 +/- 0.006
f0(1500)xK3(2320)p -0.0050 +/- 0.0020
f0(1500)xK2(2250)p -0.004 +/- 0.004
f0(1500)xK2(1980)p 0.0041 +/- 0.0014
f0(1500)xK2(1820)p -0.023 +/- 0.006
f0(1500)xK1(1400)p 0.025 +/- 0.006
f2(1525) 0.35 +/- 0.13
f2(1525)xf0(1500) -0.001 +/- 0.004
f2(1525)xf2(1270) 0.009 +/- 0.007
f2(1525)xf0(980)_flatte -0.0005 +/- 0.0007
f2(1525)xK3(2320)m -0.009 +/- 0.005
f2(1525)xK2(1980)m 0.0151 +/- 0.0034
f2(1525)xK2(1820)m 0.035 +/- 0.008
f2(1525)xK1(1400)m 0.039 +/- 0.007
f2(1525)xK3(2320)p -0.009 +/- 0.005
f2(1525)xK2(2250)p 0.001 +/- 0.005
f2(1525)xK2(1980)p 0.0151 +/- 0.0034
f2(1525)xK2(1820)p 0.034 +/- 0.008
f2(1525)xK1(1400)p 0.038 +/- 0.007
f2(1565) 0.30 +/- 0.21
f2(1565)xf2(1525) -0.37 +/- 0.21
f2(1565)xf0(1500) 0.0083 +/- 0.0033
f2(1565)xf2(1270) -0.01 +/- 0.01
f2(1565)xf0(980)_flatte 0.0047 +/- 0.0022
f2(1565)xK3(2320)m 0.016 +/- 0.007
f2(1565)xK2(1980)m -0.003 +/- 0.006
f2(1565)xK2(1820)m -0.02 +/- 0.01
f2(1565)xK1(1400)m -0.038 +/- 0.020
f2(1565)xK3(2320)p 0.015 +/- 0.007
f2(1565)xK2(2250)p -0.032 +/- 0.015
f2(1565)xK2(1980)p -0.003 +/- 0.006
f2(1565)xK2(1820)p -0.02 +/- 0.01
f2(1565)xK1(1400)p -0.038 +/- 0.020
f0(1710) 0.167 +/- 0.028
f0(1710)xf2(1565) 0.0076 +/- 0.0035
f0(1710)xf2(1525) -0.0102 +/- 0.0020
f0(1710)xf0(1500) 0.016 +/- 0.012
f0(1710)xf2(1270) -0.0017 +/- 0.0011
f0(1710)xf0(980)_flatte 0.036 +/- 0.009
f0(1710)xK3(2320)m 0.0019 +/- 0.0019
f0(1710)xK2(1980)m 0.0009 +/- 0.0013
f0(1710)xK2(1820)m -0.022 +/- 0.004
f0(1710)xK1(1400)m -0.019 +/- 0.009
f0(1710)xK3(2320)p 0.0019 +/- 0.0020
f0(1710)xK2(2250)p 0.0129 +/- 0.0030
f0(1710)xK2(1980)p 0.0010 +/- 0.0012
f0(1710)xK2(1820)p -0.021 +/- 0.004
f0(1710)xK1(1400)p -0.019 +/- 0.009
f2(1810) 0.106 +/- 0.034
f2(1810)xf0(1710) 0.006 +/- 0.007
f2(1810)xf2(1565) -0.04 +/- 0.04
f2(1810)xf2(1525) -0.00 +/- 0.04
f2(1810)xf0(1500) 0.0037 +/- 0.0011
f2(1810)xf2(1270) -0.003 +/- 0.006
f2(1810)xf0(980)_flatte 0.0002 +/- 0.0027
f2(1810)xK3(2320)m -0.0010 +/- 0.0032
f2(1810)xK2(1980)m -0.013 +/- 0.005
f2(1810)xK2(1820)m -0.023 +/- 0.020
f2(1810)xK1(1400)m -0.024 +/- 0.018
f2(1810)xK3(2320)p -0.0009 +/- 0.0032
f2(1810)xK2(2250)p 0.003 +/- 0.006
f2(1810)xK2(1980)p -0.013 +/- 0.005
f2(1810)xK2(1820)p -0.023 +/- 0.020
f2(1810)xK1(1400)p -0.023 +/- 0.018


========== JOINT FIT FINISHED ==========
END TIME   : Tue Jul  7 10:46:51 AM CEST 2026
ELAPSED    : 14736 s
========================================
