1.000000000000000000e+00 0.000000000000000000e+00 0.000000000000000000e+00 0.000000000000000000e+00 0.000000000000000000e+00 0.000000000000000000e+00 0.000000000000000000e+00 0.000000000000000000e+00 0.000000000000000000e+00 0.000000000000000000e+00 0.000000000000000000e+00 0.000000000000000000e+00 0.000000000000000000e+00 0.000000000000000000e+00 0.000000000000000000e+00 0.000000000000000000e+00 0.000000000000000000e+00 0.000000000000000000e+00 0.000000000000000000e+00 0.000000000000000000e+00 0.000000000000000000e+00 0.000000000000000000e+00 0.000000000000000000e+00 0.000000000000000000e+00 0.000000000000000000e+00 0.000000000000000000e+00 0.000000000000000000e+00 0.000000000000000000e+00 0.000000000000000000e+00 0.000000000000000000e+00 0.000000000000000000e+00 0.000000000000000000e+00 0.000000000000000000e+00 0.000000000000000000e+00 0.000000000000000000e+00 0.000000000000000000e+00 0.000000000000000000e+00 0.000000000000000000e+00 0.000000000000000000e+00 0.000000000000000000e+00 0.000000000000000000e+00 0.000000000000000000e+00 0.000000000000000000e+00 0.000000000000000000e+00 0.000000000000000000e+00 0.000000000000000000e+00 0.000000000000000000e+00 0.000000000000000000e+00 0.000000000000000000e+00 0.000000000000000000e+00 0.000000000000000000e+00 0.000000000000000000e+00 0.000000000000000000e+00 0.000000000000000000e+00 0.000000000000000000e+00 0.000000000000000000e+00 0.000000000000000000e+00 0.000000000000000000e+00 0.000000000000000000e+00 0.000000000000000000e+00 0.000000000000000000e+00 0.000000000000000000e+00 0.000000000000000000e+00 0.000000000000000000e+00 0.000000000000000000e+00 0.000000000000000000e+00 0.000000000000000000e+00 0.000000000000000000e+00 0.000000000000000000e+00 0.000000000000000000e+00 0.000000000000000000e+00 0.000000000000000000e+00 0.000000000000000000e+00 0.000000000000000000e+00 0.000000000000000000e+00 0.000000000000000000e+00 0.000000000000000000e+00 0.000000000000000000e+00 0.000000000000000000e+00 0.000000000000000000e+00 0.000000000000000000e+00 0.000000000000000000e+00 0.000000000000000000e+00 0.000000000000000000e+00 0.000000000000000000e+00 0.000000000000000000e+00 0.000000000000000000e+00 0.000000000000000000e+00 0.000000000000000000e+00 0.000000000000000000e+00 0.000000000000000000e+00 0.000000000000000000e+00 0.000000000000000000e+00 0.000000000000000000e+00 0.000000000000000000e+00 0.000000000000000000e+00 0.000000000000000000e+00 0.000000000000000000e+00 0.000000000000000000e+00 0.000000000000000000e+00 0.000000000000000000e+00 0.000000000000000000e+00 0.000000000000000000e+00 0.000000000000000000e+00 0.000000000000000000e+00 0.000000000000000000e+00 0.000000000000000000e+00 0.000000000000000000e+00 0.000000000000000000e+00 0.000000000000000000e+00 0.000000000000000000e+00 0.000000000000000000e+00 0.000000000000000000e+00 0.000000000000000000e+00 0.000000000000000000e+00 0.000000000000000000e+00 0.000000000000000000e+00 0.000000000000000000e+00
0.000000000000000000e+00 1.000000000000000000e+00 0.000000000000000000e+00 0.000000000000000000e+00 0.000000000000000000e+00 0.000000000000000000e+00 0.000000000000000000e+00 0.000000000000000000e+00 0.000000000000000000e+00 0.000000000000000000e+00 0.000000000000000000e+00 0.000000000000000000e+00 0.000000000000000000e+00 0.000000000000000000e+00 0.000000000000000000e+00 0.000000000000000000e+00 0.000000000000000000e+00 0.000000000000000000e+00 0.000000000000000000e+00 0.000000000000000000e+00 0.000000000000000000e+00 0.000000000000000000e+00 0.000000000000000000e+00 0.000000000000000000e+00 0.000000000000000000e+00 0.000000000000000000e+00 0.000000000000000000e+00 0.000000000000000000e+00 0.000000000000000000e+00 0.000000000000000000e+00 0.000000000000000000e+00 0.000000000000000000e+00 0.000000000000000000e+00 0.000000000000000000e+00 0.000000000000000000e+00 0.000000000000000000e+00 0.000000000000000000e+00 0.000000000000000000e+00 0.000000000000000000e+00 0.000000000000000000e+00 0.000000000000000000e+00 0.000000000000000000e+00 0.000000000000000000e+00 0.000000000000000000e+00 0.000000000000000000e+00 0.000000000000000000e+00 0.000000000000000000e+00 0.000000000000000000e+00 0.000000000000000000e+00 0.000000000000000000e+00 0.000000000000000000e+00 0.000000000000000000e+00 0.000000000000000000e+00 0.000000000000000000e+00 0.000000000000000000e+00 0.000000000000000000e+00 0.000000000000000000e+00 0.000000000000000000e+00 0.000000000000000000e+00 0.000000000000000000e+00 0.000000000000000000e+00 0.000000000000000000e+00 0.000000000000000000e+00 0.000000000000000000e+00 0.000000000000000000e+00 0.000000000000000000e+00 0.000000000000000000e+00 0.000000000000000000e+00 0.000000000000000000e+00 0.000000000000000000e+00 0.000000000000000000e+00 0.000000000000000000e+00 0.000000000000000000e+00 0.000000000000000000e+00 0.000000000000000000e+00 0.000000000000000000e+00 0.000000000000000000e+00 0.000000000000000000e+00 0.000000000000000000e+00 0.000000000000000000e+00 0.000000000000000000e+00 0.000000000000000000e+00 0.000000000000000000e+00 0.000000000000000000e+00 0.000000000000000000e+00 0.000000000000000000e+00 0.000000000000000000e+00 0.000000000000000000e+00 0.000000000000000000e+00 0.000000000000000000e+00 0.000000000000000000e+00 0.000000000000000000e+00 0.000000000000000000e+00 0.000000000000000000e+00 0.000000000000000000e+00 0.000000000000000000e+00 0.000000000000000000e+00 0.000000000000000000e+00 0.000000000000000000e+00 0.000000000000000000e+00 0.000000000000000000e+00 0.000000000000000000e+00 0.000000000000000000e+00 0.000000000000000000e+00 0.000000000000000000e+00 0.000000000000000000e+00 0.000000000000000000e+00 0.000000000000000000e+00 0.000000000000000000e+00 0.000000000000000000e+00 0.000000000000000000e+00 0.000000000000000000e+00 0.000000000000000000e+00 0.000000000000000000e+00 0.000000000000000000e+00 0.000000000000000000e+00 0.000000000000000000e+00 0.000000000000000000e+00
0.000000000000000000e+00 0.000000000000000000e+00 5.948927551158294039e-03 -1.681297254242656875e-03 6.386228745261865979e-03 2.654910974445720637e-03 -5.649118652737233903e-03 1.238878821408588918e-02 -6.973661665180589352e-03 5.315787259278499481e-03 -1.021852133782416572e-02 3.887642737405004210e-04 -1.430778190727185865e-02 1.853975613909006857e-03 -5.904760187771788569e-04 1.892720847955374833e-03 -1.076710006411717765e-03 3.986213514164722686e-03 4.889384841952114022e-03 -5.885792939037651390e-03 -7.132289816309063737e-03 4.624623746231475499e-03 8.090640410560756036e-04 2.275162197262091054e-03 1.119576129419847400e-03 -2.884049925234018381e-03 2.581083690069701109e-03 -2.157861723794027818e-04 -8.234591405196395623e-04 -3.145505853193016760e-02 5.148035056768129718e-03 -5.475912628968048531e-04 -4.656993263573264673e-03 3.586512782646537022e-03 0.000000000000000000e+00 0.000000000000000000e+00 -3.329393829122677135e-03 -2.408427874935800336e-03 -2.238228542943941201e-03 1.879325475136514384e-03 1.774565081569524872e-04 -5.160586528338089417e-04 1.228392790031078777e-03 4.099874866025015685e-05 5.720043056156718557e-04 5.575707841406291922e-03 -2.122289559258442476e-04 7.635821253027762472e-04 -5.870111566456128437e-04 6.582887897350217510e-03 1.043237337377668841e-02 -1.131107024436989444e-03 -6.403686358315426388e-03 -4.481435394275696919e-03 1.151807912487519273e-03 -1.473319325892259637e-03 -2.178726952894620764e-04 2.258492403761976509e-03 -4.088681161095683927e-03 9.051372815381483489e-04 -6.764867523590264390e-04 2.999966811477493452e-03 3.257565568437475068e-03 1.092576248972266465e-03 1.287309978726825302e-02 -3.211444107933276830e-03 -1.400789031452409628e-04 8.272263002823696323e-04 2.477233516760375502e-03 2.789426634336775179e-03 -8.099269461147554257e-04 2.094311131465684869e-03 -3.798394564401262347e-04 -1.988568963087644376e-03 -1.460714157073078178e-03 8.609985548276813828e-04 -4.228475668536977282e-03 -3.876808020711121870e-03 -7.528258565323941000e-04 -6.547844459961636200e-03 -6.550600829055670208e-04 1.147995549363888543e-03 2.297736122265208738e-04 -1.794564719317418521e-04 1.728814319105266692e-03 2.135556304496885431e-03 -1.016689242275789799e-03 -1.977342854333214404e-03 -7.167958946459794750e-04 -1.831204455798327371e-03 5.193939825669188250e-04 -3.410851522591618751e-03 -2.523356717965096049e-04 -1.707445140042933773e-03 4.343173902712244884e-03 1.880938857410258212e-03 -5.996629797108173586e-03 -2.342540014496582914e-03 2.627455881271029137e-03 -3.614901781395357498e-03 -4.293476021047357063e-05 -3.956341398808696508e-03 -6.274732775989858187e-03 -1.678738137215068449e-03 4.635691292698887315e-04 9.693818581259631452e-04 -2.945344108902839785e-04 -3.250685374295804540e-03 5.748812913047780023e-04 7.873780089207506327e-03 -1.830588543803289905e-03 -9.582424471992697507e-03 -6.014294004315186119e-03 -9.375864069425986908e-03 -8.660071093544927101e-04 -7.597159933684287034e-03 4.149903044947268055e-03 -7.234816602115602853e-03
0.000000000000000000e+00 0.000000000000000000e+00 -1.681297254242789365e-03 1.660780299085700198e-02 -6.457985590002153324e-03 1.616787284739082051e-02 2.848690535977783933e-03 1.844893016513323922e-02 5.726996235211142920e-03 1.611920981249660018e-02 9.175656106590912228e-03 1.705737281090972599e-02 1.627296897668374653e-02 1.873385349397098734e-02 -7.783623166105224124e-04 3.295105753207714511e-03 1.478975519783662070e-03 1.769259638002201179e-02 -8.460406735434078396e-04 7.519566346390602930e-04 7.999901700591257117e-03 1.686045192177845070e-02 -9.149537626515221551e-04 8.969711214950385619e-03 1.400768484734231639e-03 1.057258478860976375e-02 2.280981778792227823e-03 1.162260290404394485e-02 -7.067236434918996828e-03 2.056982642566115849e-02 -6.304273393708387067e-03 3.530608641621680883e-03 7.440264009493817443e-03 1.458045541196858336e-02 0.000000000000000000e+00 0.000000000000000000e+00 9.550474635366622798e-04 6.654674913795582351e-04 1.355787736896053787e-04 -6.093594029098960575e-04 -4.488828384975342123e-04 1.242911811308708989e-03 2.987770729342340264e-04 -2.024239027373731046e-03 -4.089552323949340973e-04 -1.603474594336444774e-04 1.175058037195998543e-03 3.743785676865448255e-04 -6.341642169643547889e-05 -7.248250466325577464e-04 -7.366205133997514275e-04 4.188373222264642898e-04 -5.153841571385608684e-05 1.348091161780459735e-04 -6.126965353181385888e-04 2.354218824976733130e-03 -2.560324225331852025e-04 -1.048106191270058423e-03 2.672267336355888326e-03 -1.715390017655518120e-03 -1.882558604599205386e-04 -9.556502298169184794e-04 6.102185643587548693e-04 9.580202920388845769e-04 -9.052228257761263126e-04 -1.976786331741686546e-05 -1.016853215706225088e-03 1.645168943091719052e-04 -1.046560923379666547e-04 2.003035872689821247e-03 -4.616502736772141644e-04 -1.865405756677792791e-03 -4.183765060175152935e-03 2.099857465937710835e-03 -1.658140770364042744e-03 3.594048625781253933e-03 -7.711198290986196347e-04 5.154865737277456762e-03 -2.616438571721061996e-03 1.531198962218408791e-03 5.701236613797667791e-04 -9.934539437194817284e-04 1.808788406249405185e-04 1.688122139653036005e-04 -5.738084381324300544e-04 -1.220069024897353551e-03 -6.805240758891392162e-04 3.345216707228055013e-03 -2.383129079383393303e-04 1.940262361093935458e-03 1.433944649876533160e-03 3.302504260903810652e-03 7.257794973931844381e-04 3.183918019331104850e-03 -2.638446152767941547e-03 -6.651905260333639686e-04 4.928421999412417077e-03 2.793770274824293638e-03 -9.268202735551576586e-04 1.072509528044073880e-03 -2.648941459416477660e-03 4.348669876279235257e-03 3.724607165132496657e-03 1.879524192539918509e-03 -1.248910894950846227e-04 5.918278450951255628e-04 -1.278357503549987662e-03 6.603681969082197002e-04 -3.600621755520814126e-04 1.894864004146595837e-03 -6.102117242771055647e-04 -1.137102843062794133e-03 2.235456086318740598e-03 -1.368132837382107867e-03 -1.063184913977364282e-03 -9.679098421875504711e-04 -1.063482993775720711e-03 -1.029180964231351863e-03
0.000000000000000000e+00 0.000000000000000000e+00 6.386228745261906745e-03 -6.457985590001958168e-03 1.390448239109322998e-02 -1.974447096050297758e-03 -1.115039029309203115e-02 8.760914777345439608e-03 -9.592258848608958485e-03 2.414064875541186480e-03 -1.855812170554843599e-02 -6.128069607427631509e-03 -2.660824497899982530e-02 -3.892702925448532098e-03 -1.742126178927546807e-04 1.024889198393150180e-03 -3.639127954057893698e-03 -1.234475816396529008e-03 5.326773158843603126e-03 -7.001827273035230240e-03 -1.391071730928402847e-02 -4.625416257524414152e-04 2.220441702097625345e-03 -1.607467536906575850e-03 -4.126771959200340682e-04 -8.768009859661824584e-03 3.513155903673681035e-03 -3.813381404387400538e-03 -4.853899169965413332e-05 -3.656913395328703631e-02 4.503402811276330069e-03 -4.977369409949639490e-04 -1.006833013186103978e-02 -1.525196625093563213e-03 0.000000000000000000e+00 0.000000000000000000e+00 -4.433723315500488239e-03 -2.721261692808204027e-03 -2.944830075115526490e-03 2.154988823710222469e-03 -4.451059784285944397e-04 -5.570662823332058009e-04 1.304617296798661272e-03 3.641414534620484103e-04 8.136104515886821232e-04 6.624593960990135359e-03 6.079184823542898002e-07 8.545161980706651641e-04 -7.787163957255808198e-04 8.328076445913734985e-03 1.301701748138382568e-02 -1.211289641523918565e-03 -8.057038269037806663e-03 -5.747356142682542336e-03 1.147450581352089244e-03 -1.759765923355137516e-03 6.999576367101609611e-05 2.774791654609015841e-03 -5.455931912308717956e-03 1.333344922749904893e-03 -8.565883832115762193e-04 4.267585502155927038e-03 3.495651577530377481e-03 7.937020372393701955e-04 1.612821649697872978e-02 -3.532496198253532935e-03 -7.094701776734466158e-04 1.135226418911326448e-03 2.824635067360830275e-03 3.226574358224380563e-03 -6.940630878364192078e-04 3.405171401618297018e-03 1.020085364177218765e-03 -2.840896695992300124e-03 -1.667644114467087529e-03 1.242655228489116361e-03 -4.654978429236991157e-03 -5.647949638340958416e-03 -4.111250956746409849e-04 -7.665653614309434621e-03 -7.312756102406267828e-04 1.712402738088144444e-03 2.251298350215922282e-04 -2.856232483901407441e-06 1.662100240668894875e-03 3.301669792007066399e-03 -1.138790193458079619e-03 -3.550350513675677375e-03 -7.287176661289464187e-04 -2.881939974269582573e-03 3.180008815357731212e-04 -5.215066503940525566e-03 -6.687981661882313241e-04 -3.395557552655761001e-03 5.571512508308619840e-03 3.085575818788961668e-03 -8.656352491017675274e-03 -4.211955826739293210e-03 3.408234036548688992e-03 -4.814177362399881151e-03 6.088875313688520358e-04 -5.830147236872375814e-03 -8.712656490088658071e-03 -3.307101542984749835e-03 2.174436027398899524e-04 1.454698038373581585e-03 2.371946679986424908e-04 -4.367747218605694259e-03 4.493879523025400870e-04 9.980916682705903362e-03 -4.307090775582063380e-03 -1.216628823037106677e-02 -5.589645450715365928e-03 -1.152776945312023252e-02 -2.334905162140605162e-03 -9.601215028515200367e-03 7.435976843994935963e-03 -9.093189913730105253e-03
0.000000000000000000e+00 0.000000000000000000e+00 2.654910974445164659e-03 1.616787284739051520e-02 -1.974447096051024173e-03 3.549730131848587156e-02 2.673665250209150690e-03 2.987589367430186146e-02 5.103636268891569537e-03 2.780433463243492387e-02 5.598615547505790199e-03 2.500830189715345583e-02 1.059115847477190391e-02 2.662698022372171625e-02 -8.391348973894139241e-04 7.124740790092206136e-03 1.645485518784879989e-03 2.551032874001313289e-02 3.416988452392022424e-03 -3.835945912902056359e-03 5.102959797972218478e-03 2.575069065719347641e-02 -1.044361337675825396e-03 1.551801603089241269e-02 4.500355497052060255e-03 1.371181298370751332e-02 5.102785516609881049e-03 1.910083834924942298e-02 -9.892431256045830512e-03 6.339502085371472376e-03 -1.581294459977115223e-03 2.957633706596342945e-03 7.309099245000619076e-03 2.488531354319905090e-02 0.000000000000000000e+00 0.000000000000000000e+00 1.939023115035407637e-03 -4.722809261478779505e-04 -1.543980762091438485e-05 8.962507732115406042e-04 -9.687829371711579067e-04 1.187671268969490296e-03 1.134950085937288990e-03 -3.018249850552412114e-03 -1.048113116168566369e-04 2.469224276317525182e-03 1.429930425622830429e-03 6.703646924621653068e-04 -2.418102123561516694e-04 4.551651543988890700e-04 4.763125365587345984e-03 1.505878485656142679e-03 2.669337091355352028e-03 -2.708349405413524019e-03 -7.551487399529558699e-04 6.417005326212516132e-04 -4.616639206201065301e-04 -1.469209599717167820e-03 4.241254799100317892e-03 -8.471679119377388805e-05 -1.494682761590191409e-04 -3.769930352237669917e-04 3.075914066788618811e-03 1.854658770903207504e-03 -4.224804566420979970e-03 -2.433064932519362917e-03 -1.521111178797977630e-03 1.264162837918761655e-04 9.659855914401473337e-04 -4.265271559248195012e-04 -7.224103144413360775e-04 -2.583653132652019135e-03 -5.539441512426506592e-03 3.893040922702778288e-03 -2.866269615266800030e-03 5.459479583589126397e-03 -5.724493658773788761e-03 1.661096540655392344e-03 -3.822780670758103155e-03 -5.941514208429897644e-03 6.400934208969392622e-04 -1.476961763645878896e-03 8.480361614189186334e-04 -2.772265120462081602e-04 -5.547819168743950511e-04 -7.304749384936043899e-04 -6.473094030940930357e-04 2.244711874330886266e-03 -1.606468009635041464e-04 1.898233133369634385e-03 1.390283073863984344e-03 6.219477245884496523e-04 7.804369058358906919e-04 4.160264951321086032e-04 -1.697144182985484443e-03 -5.410468308472425646e-04 3.311287600043465434e-03 2.458749574925771144e-03 -1.434174683609306181e-04 2.190014705924657381e-04 -2.701407669297797159e-03 1.790590584535114212e-04 3.331635061742803904e-03 1.269145714192898133e-03 -8.379286616622442455e-05 3.257129929727635583e-04 -2.207612557427155071e-03 -1.976585252830163810e-04 3.346542633769375398e-04 2.210956754898740773e-03 6.907479682331939437e-03 -2.170684149212762787e-03 -8.819634703859331737e-03 -2.930126023421908855e-03 3.457613379647598087e-03 -2.108875564655492141e-03 -8.367450872829789582e-03 -1.361897597034661660e-03
0.000000000000000000e+00 0.000000000000000000e+00 -5.649118652736899102e-03 2.848690535978045443e-03 -1.115039029309198258e-02 2.673665250209441256e-03 2.518486029368351489e-02 -3.808529596100337922e-02 2.627877680890507855e-03 2.924732521142775835e-02 2.751311600334599081e-02 2.136324041815539088e-03 3.129743731797580281e-02 -5.522461159214097845e-03 1.414107513654362918e-03 -2.184914231978347162e-03 8.277585681704606457e-03 -1.127076622465492638e-02 -1.212854960902821477e-03 1.294962829470480518e-02 1.555799425693936595e-02 -1.249648801785931129e-02 -2.877133503477654567e-03 4.692931360481417298e-03 -8.719531271757150620e-03 -2.009981416253348724e-03 -7.278326050681261164e-04 1.015702041090972910e-03 6.559184023088226664e-03 2.779887026567746597e-02 -4.257005166919690213e-03 -3.247423651639080519e-03 1.112694194211189327e-02 1.998070732238247261e-03 0.000000000000000000e+00 0.000000000000000000e+00 9.264045306843961963e-03 2.880826046472735776e-03 6.085427510929649307e-03 -8.409825073688578572e-04 1.805066949489422118e-03 -2.388233987404944289e-03 -1.674188658455287321e-03 2.378486773163380509e-03 -7.073222501538274773e-04 -1.164663306756523117e-02 -2.911801557338261365e-03 -4.274974637012505206e-03 1.495462609045749300e-03 -1.556182782963249842e-02 -1.919506365883297261e-02 3.310771749874237471e-03 1.872303457964607371e-02 7.389394017579476587e-03 -7.800741473265347193e-04 -2.973871998423238509e-03 -1.076898959921906030e-03 -3.757104160790754668e-03 6.632535006734678086e-03 1.442999117106111414e-03 2.308863302054170279e-03 -1.017289505830927358e-02 -6.861462300925302502e-03 -1.563772904018354481e-03 -3.344670075277491467e-02 7.060310634819321439e-03 3.719496403211787830e-03 -3.110285774038822580e-03 -4.755484682899897148e-03 -1.576067846777862505e-02 1.995687476589161694e-03 -4.447086495190897236e-03 6.902017628063551562e-03 2.994319928976842560e-03 5.091348740883457763e-03 -4.678333149942605872e-03 8.293614100351875615e-03 -7.538797172651842552e-04 4.118852219874790353e-03 6.588416501767417263e-03 2.813593457621152427e-04 -2.646558314725888823e-03 -7.145823928326052680e-04 5.989722496905494024e-05 -1.302131176438715409e-03 -6.119804002446578919e-03 2.743766436271085143e-03 1.409185960946772107e-03 1.235391950707090489e-03 2.519045148698456464e-03 -2.675060873275099307e-03 1.424497538726157914e-03 8.461427749172362048e-04 9.217727487205321438e-04 -5.391732951890645942e-03 -8.541246677577959620e-03 8.264571336695572534e-03 5.396644534441354807e-03 -4.103899693202555515e-03 8.332974575838918152e-03 6.134069517629476848e-04 2.158422129010090923e-03 9.723337838303588304e-03 6.585122629379895100e-03 -2.047128124698862782e-04 -5.936941219819419011e-03 2.145260495252568952e-03 6.494385073363453421e-03 1.003336081004729905e-03 -2.732156397853639090e-02 2.716186641293004411e-02 2.804160036958057087e-02 -9.342418574780065460e-03 2.709070509814395789e-02 1.305277268580433761e-02 2.200598856222596433e-02 -2.856788334572419458e-02 2.276687311956220733e-02
0.000000000000000000e+00 0.000000000000000000e+00 1.238878821408741920e-02 1.844893016513150796e-02 8.760914777349658455e-03 2.987589367430019960e-02 -3.808529596101264958e-02 2.172371335238190704e-01 3.656868357620341944e-03 -4.028559759367138227e-02 -3.800901335322421498e-02 2.023289271491400879e-02 -1.390498472708701777e-02 4.516491012618736173e-02 -1.466653032261602818e-02 2.003365179405445368e-02 1.294000908255363291e-02 5.720497998490899072e-02 5.040846679056203150e-02 -5.042631141415191559e-02 -7.415988352548214674e-03 8.707997641570193459e-02 -9.081249682247753740e-04 1.922128523464561312e-02 2.405357751970006036e-02 3.640846162902769412e-02 7.170508347140453452e-03 -2.601882842319701641e-03 -3.708456113703252621e-02 -5.103019524041034483e-02 4.923198649731980181e-02 3.913209243345257098e-03 -1.242016275812039827e-02 2.592714772515132202e-02 0.000000000000000000e+00 0.000000000000000000e+00 -2.014405313286121019e-02 -1.988721548200422795e-02 -9.263084894243166917e-03 9.717471847831017293e-03 5.823627907540715812e-03 -7.624355752657106106e-03 1.464815813803404740e-02 -9.865856948787669195e-03 2.150823719844091944e-03 4.684931490379586755e-02 -7.455728212057524326e-03 -3.899612895130038885e-03 -2.336604262082111593e-03 3.005118014195734544e-02 7.536317081601670576e-02 -1.080600504048963989e-02 -2.694061038224146096e-02 -1.866958961896069205e-02 1.086251204334713442e-02 -1.605529739482574464e-02 -1.240528020208858098e-03 9.810932234086706255e-03 -3.337293042897497564e-02 8.274466709139696036e-03 -4.025939147334393897e-03 6.815336871168596426e-03 2.905872352396895661e-02 1.222043261767318673e-02 7.730097032241636801e-02 -1.829580849948252153e-02 8.955286543410548999e-03 5.836226261259766989e-04 1.727514173339347869e-02 1.716040004052350396e-02 -4.863936950024317155e-03 -5.292543077348436063e-03 -3.239567166974082618e-03 2.143551849556265664e-03 2.040563668986386699e-03 1.055619288034968448e-02 -8.939589611606641589e-03 2.553428479384159486e-03 -1.192309216312017681e-02 -1.441952461803341565e-02 -5.980354795079492053e-03 -2.191389173714637477e-04 -2.757566300208731929e-03 -2.319813364349282512e-03 1.237827359955726708e-02 2.171359350427001095e-03 1.002528668879723453e-03 -4.123824827739937249e-06 -4.589392850217421070e-04 -9.757518952712396568e-03 1.406791752570840659e-02 -3.241408005834547565e-03 3.238096721720983527e-04 -6.490430546163796638e-03 2.122685241938802869e-02 8.327781828428457156e-03 -1.549640013349056974e-02 -9.257311717356405886e-03 7.460679581782913086e-03 -2.566412418008857249e-02 -1.851008108379879891e-02 -1.993798654113749375e-02 -1.489142668699207535e-02 -1.186142732007017253e-02 8.508725452372913403e-03 -1.105613851798878042e-03 -8.699816134802930076e-03 -2.644892922276298117e-02 5.639233474005120317e-03 5.966741929088211632e-02 -6.058069258173370830e-03 -7.440397236952729643e-02 -2.772453624272426531e-02 -7.805941864431140131e-02 -1.412029138743088608e-03 -6.318335497772198384e-02 1.217858739337975005e-02 -5.742319637598551629e-02
0.000000000000000000e+00 0.000000000000000000e+00 -6.973661665181173953e-03 5.726996235211155063e-03 -9.592258848609301961e-03 5.103636268891332747e-03 2.627877680888970890e-03 3.656868357617110155e-03 8.306324088604134792e-02 -5.659017340992242295e-02 1.582813757240986510e-02 1.151279328923007772e-02 2.732094804598657681e-02 1.408008615743001207e-02 6.797171735178940584e-03 1.584130954704655869e-02 -2.949803650075013758e-03 1.630842932275691423e-02 -1.714717529453610445e-02 2.842887621795896561e-02 1.523104624996851446e-02 7.598286734805936686e-03 -7.094828672311238762e-05 1.015790582733944528e-02 1.542453032745257080e-03 5.784167815821228062e-03 -1.129762056700330843e-02 -5.175667119162582694e-03 2.560495953043042793e-03 1.604154218441481219e-02 -2.240663401913881719e-02 2.509457017231606427e-03 7.330123788819265136e-03 2.650349831466248043e-04 0.000000000000000000e+00 0.000000000000000000e+00 1.037025682204381800e-02 7.998376098711871759e-03 7.131819914649512558e-03 -1.165098542090158180e-02 4.896295799294174411e-03 2.016278893918145923e-03 -1.062663403863921101e-02 -1.898938970797181764e-03 -2.154114442857143694e-03 -2.388500219525260121e-02 1.628651214556146344e-03 -2.811262242186617685e-03 1.932398514078320379e-03 -3.102605011187777387e-02 -4.064482974595078069e-02 8.945949442776979926e-03 1.648651015802778466e-02 1.486871476364959310e-02 -5.261844541171829467e-03 3.191585365993825779e-03 -1.515648601726298644e-03 -8.834775888390570750e-03 3.057915376736756660e-02 -2.573375742340316095e-03 2.081393410343362112e-03 -1.605857482698306096e-02 -9.838050553128984549e-03 -3.082353918597072889e-03 -3.781402084669281682e-02 1.263490816421752871e-02 6.447296652901325816e-04 -4.613251430380501707e-03 -7.779864654290664233e-03 -6.101050432482803265e-03 1.637870401798842065e-03 -7.998967771565328178e-03 6.928090508415904458e-04 6.960812135707183587e-03 -5.540197370598048954e-04 7.933479631413041869e-03 8.200846754332335661e-03 8.307790044862348872e-03 2.538668938895410204e-03 8.888612905741248224e-03 2.614479441957574552e-03 -8.617857031987455688e-03 1.491877126777947258e-03 -3.970725593849084526e-04 -6.448859850142440314e-03 -8.131011374242946149e-03 3.205568952101107375e-03 5.055660464312059302e-03 4.031440030675022268e-03 7.617312130134174485e-03 -4.169931285799445726e-03 1.074652881702916653e-02 1.987389140519162274e-03 -2.999731204242897173e-03 -1.697091281215055980e-02 -8.619394790057122863e-03 2.434645603973917272e-02 9.331512332779392724e-03 -9.028255599868856632e-03 1.101232395916015329e-02 2.673871290888356345e-03 1.799193638268290624e-02 2.809585921892423718e-02 5.353871247207975942e-03 -2.359090955721126906e-05 -6.116095173943429317e-03 -5.276817579712156370e-03 2.306692816862104811e-02 -1.763403996300366618e-03 -2.845606221293427510e-02 1.621503229952582156e-02 3.399471186373312359e-02 1.248537465289946413e-02 3.226767182256924660e-02 2.013651023246899180e-03 2.281485504968344680e-02 -2.646367404198950515e-02 2.526919483258397228e-02
0.000000000000000000e+00 0.000000000000000000e+00 5.315787259277146397e-03 1.611920981249902185e-02 2.414064875538898813e-03 2.780433463243711309e-02 2.924732521142896571e-02 -4.028559759366184129e-02 -5.659017340992436584e-02 4.629521322142631234e-01 1.190996655345843459e-02 1.077568584780425357e-03 1.151049460780328298e-02 -1.108613958965739589e-02 -2.654895153117999007e-02 5.969509034467844477e-02 5.441589388542431016e-03 -4.606242920404809635e-03 5.358477129075581158e-02 3.438548662684819818e-02 -3.219248207150366380e-03 -1.853922358730515293e-02 -1.694605962780194397e-03 -3.233828204945571327e-02 2.311292222789767051e-02 4.422790311636147498e-02 2.084530648327874089e-02 1.108146982263970015e-01 -2.474531333878358594e-02 -5.569243787797016620e-02 -5.550713943170608108e-03 -2.622731651748613085e-03 3.291770342253834414e-02 1.122357997819220868e-02 0.000000000000000000e+00 0.000000000000000000e+00 -2.243045822558449240e-02 -1.024115373053253834e-02 -5.754032454760693582e-03 1.205470112866420182e-02 5.839200902186906031e-03 1.389967192192231079e-03 2.753273697464957148e-02 -1.613523690560101850e-02 3.350425139161558336e-03 5.249829901305937130e-02 -1.508326977385062925e-02 1.096772715996627637e-02 -3.246425800682007506e-03 3.069335605087005273e-02 1.079781654236144361e-01 -9.138023853609572242e-03 -4.172667939842351903e-02 -2.382523137419687367e-02 1.237098586570547533e-02 -4.016767073289575010e-03 -5.751869245736333791e-03 4.401054033148648487e-03 -1.710033214002265947e-02 5.169494197857348733e-03 -2.421514115709544855e-03 2.049187022028595151e-02 4.172440925705319520e-02 8.710316340313502270e-03 5.879687349533060242e-02 -2.797075614133070348e-02 2.097113500985545859e-02 9.433766266860672128e-03 1.716110748890976520e-02 2.013066037544061770e-02 -1.201296887880140898e-02 2.140541381140774468e-04 -6.609223694884205913e-02 6.519402089617816302e-03 -5.130599250143217348e-03 -1.245872156552723688e-02 -2.627990779491087836e-02 4.408630469460762986e-03 -2.704581888237088047e-02 -2.068105768535925815e-02 -6.528488465925871495e-03 2.912497977823071214e-03 -1.779113494036279903e-03 1.041537889500205108e-02 2.916149738769578670e-02 1.459614393241275183e-03 -7.677232424440701315e-03 1.496826380150489966e-02 -1.042419151943619476e-02 1.304366478736610629e-03 1.517643379823239470e-02 -2.318705118960248668e-03 1.136428570160846361e-03 1.940643532341030861e-02 2.574748915984526043e-02 -4.556773403256563632e-04 -1.469591535686215998e-02 1.632630886704591194e-02 6.149524533824455089e-03 -8.399065861051879800e-03 -1.728390968694649282e-02 -4.422262525550406734e-03 -1.328397024883137302e-02 1.451723091802225099e-02 1.382401935750034346e-02 7.295677941433583412e-03 -9.742383802788632738e-03 -1.074622558474163520e-02 7.401352131423171755e-03 3.828871110240349152e-02 -1.613239693709511702e-02 -3.925075722531176647e-02 -2.586942911168708947e-02 -4.301687126054572208e-02 -1.724945691516947821e-02 -2.739566428902921735e-02 2.374247961539134588e-02 -2.841567663843361929e-02
0.000000000000000000e+00 0.000000000000000000e+00 -1.021852133782383092e-02 9.175656106591493361e-03 -1.855812170554854007e-02 5.598615547506351382e-03 2.751311600334634469e-02 -3.800901335321555524e-02 1.582813757240992755e-02 1.190996655345749090e-02 3.907186803785985679e-02 7.820449696733554681e-03 4.850649837405732190e-02 1.059883943886287668e-03 2.224943006985308225e-03 -3.137483529247929274e-03 9.531296616886881720e-03 -5.678278845881272290e-03 -8.567730799555771382e-03 1.633627034457558330e-02 2.516535902461805238e-02 -7.626670845192098924e-03 -4.159723757555766968e-03 7.221007920804527018e-03 -6.935677512452800147e-03 3.287723623094876250e-03 -2.909996781349571179e-03 3.503362026839602905e-03 6.596457438227702405e-03 5.276418747714783919e-02 -1.018251525317691655e-02 -1.654679797941457095e-03 1.829664404966026975e-02 4.601996870457546879e-03 0.000000000000000000e+00 0.000000000000000000e+00 1.291868313782094935e-02 5.957107067653620233e-03 7.846639128688392278e-03 -3.566578185617870402e-03 1.244208278149949373e-03 -4.521350412769809587e-04 -3.744793665986268470e-03 1.770536260630071416e-03 -1.665686895597365789e-03 -1.852100098111368609e-02 -1.208854532893058765e-03 -3.747839624688152974e-03 1.889330453890822542e-03 -2.178729249940247054e-02 -3.071568633515468424e-02 4.250869489506708607e-03 2.299015540816318551e-02 1.212399601838281930e-02 -2.619216740832347023e-03 2.111710467636269213e-04 -8.515607460896944866e-04 -6.335383531394025991e-03 1.300156706706687842e-02 -5.104131088806830412e-04 2.620584894310740501e-03 -1.298230399474349130e-02 -1.021960719196018247e-02 -2.772293359729798359e-03 -4.420608925471522510e-02 1.053459760703925885e-02 2.153397650850558381e-03 -3.592859431100236135e-03 -7.274228530532503116e-03 -1.523636695284226808e-02 2.477555401207152778e-03 -6.292832573617106878e-03 4.138301791095147335e-03 4.475928916852971694e-03 4.312413397770335950e-03 -3.935360888876427918e-03 1.015707082008166645e-02 3.728528107695559986e-03 4.367691160358216224e-03 1.199808275165122583e-02 1.461078042991264397e-03 -3.898254123203253457e-03 -3.827969320769799145e-04 -2.707857992528826850e-04 -4.105655246682009610e-03 -7.637580386739750184e-03 3.434512171709514904e-03 4.093585686681496666e-03 1.952519208811449684e-03 5.115390615124855607e-03 -3.214600808789194221e-03 5.689370550924784976e-03 1.387510348236956417e-03 3.097769697823145839e-03 -1.125733840333933457e-02 -9.248888965916910940e-03 1.568653234815381090e-02 7.978597336387623085e-03 -7.095985673147728497e-03 1.142630132482109172e-02 1.122608005148713253e-03 7.613222035250890966e-03 1.749287615217973157e-02 8.178824853452226762e-03 -9.217053631331393205e-04 -5.479683335612400667e-03 9.783292898940371650e-04 9.960593937178807006e-03 1.949982011602850902e-04 -3.274833691327012214e-02 2.977021437710982571e-02 3.636006117503064877e-02 -4.775810627141663378e-03 3.485797927300680193e-02 1.499358307522650514e-02 2.819487700343862452e-02 -3.529105785953592228e-02 2.878111966445029771e-02
0.000000000000000000e+00 0.000000000000000000e+00 3.887642737400145900e-04 1.705737281090881699e-02 -6.128069607428351419e-03 2.500830189715396931e-02 2.136324041815677432e-03 2.023289271491421348e-02 1.151279328923064151e-02 1.077568584781807715e-03 7.820449696733540804e-03 2.890277712363972448e-02 1.373138349810042007e-02 2.995297527604915203e-02 8.678348906779266483e-04 -2.532679543216778770e-03 -2.378992592349177433e-03 2.618283026217780446e-02 -6.086101043158737012e-03 1.990425449180475894e-03 6.884428493383135290e-03 2.263522400117664451e-02 -2.733751713763357748e-04 1.775449572709662110e-02 -6.513485673088692052e-04 1.434062717511937549e-02 1.872278769087106073e-03 1.839808846598476461e-02 -8.240952157928686794e-03 3.223210937499015882e-02 -8.560201249482386060e-03 5.942043783817208338e-03 4.322430911911724453e-03 2.359233659178153891e-02 0.000000000000000000e+00 0.000000000000000000e+00 6.552602626994090580e-03 1.954023315596948359e-03 3.203394539899925147e-03 -1.616310040556464146e-03 -1.309258358313911521e-03 1.080360053967519517e-03 -2.428203704375948499e-03 -1.329115355985249596e-03 -1.040034417615402339e-03 -8.370152964144419311e-03 2.312255274135474343e-03 -2.110340226919552205e-03 8.090379241373110274e-04 -8.694381759080630975e-03 -1.788186540822171364e-02 2.754741620620288021e-03 1.417424871385437879e-02 5.529660972753663688e-03 -2.627084833760717168e-03 2.232760401225656732e-03 1.327723325123991585e-03 -3.423467046049781960e-03 7.025986607118756867e-03 -1.523029829309033734e-03 8.487829350018880536e-04 -5.503255646023675826e-03 -4.732736843627227512e-03 -2.040160006677405817e-05 -2.063385611821737936e-02 4.493406591408018180e-03 -2.661976804276323851e-03 -1.744578884376761811e-03 -3.279143291216479305e-03 -5.616868869526800943e-03 4.895257791104392362e-04 -4.547480546778129296e-03 1.527194448774954645e-03 3.844167233146282992e-03 -2.508216015369041721e-03 5.970798518932288884e-03 -2.064405081764713712e-04 7.012818783422973719e-03 -6.377733748299391214e-04 4.792589306061678482e-03 1.593312612829317614e-03 -3.355333001500601132e-03 1.141217788909656061e-03 -6.463331561671124652e-04 -4.057117817305341302e-03 -3.058277074609558853e-03 -3.262098565841419081e-05 2.499447156631357751e-03 7.441139050370272233e-04 2.740069909059906703e-03 -5.248948818917217917e-04 3.743601992445257966e-03 7.497599272492800867e-04 1.155204171504526408e-04 -6.646909343109961774e-03 -3.643592392271440775e-03 7.163049569338856767e-03 3.907646491702721804e-03 -2.256359987845515339e-03 3.862334060399223203e-03 -7.188291961620856376e-04 5.329700734746298241e-03 7.272549327264731488e-03 2.596317528637653513e-03 -1.557770856627613883e-03 -1.519652287619130578e-03 -8.537428008987111737e-04 1.142349356557116700e-03 1.050692269101585025e-04 -1.001861777879418068e-02 2.672526733027956805e-02 1.142922961753698244e-02 -1.063829102975492012e-02 1.047567308806944021e-02 1.584322423990792289e-02 8.655517205288306912e-03 -2.962024011037317148e-02 9.221652664253773835e-03
0.000000000000000000e+00 0.000000000000000000e+00 -1.430778190727159324e-02 1.627296897668348633e-02 -2.660824497899941590e-02 1.059115847477186748e-02 3.129743731797422768e-02 -1.390498472707553911e-02 2.732094804598654558e-02 1.151049460779628511e-02 4.850649837405587167e-02 1.373138349809990139e-02 7.354270519198692624e-02 9.298171615068240303e-03 -2.621608489173939517e-04 4.120878969985043369e-04 1.225862696922352946e-02 1.905714291508318762e-03 -6.767132612588233967e-03 1.738065590646662578e-02 3.712403961083266674e-02 5.959299401067023709e-05 -5.616437261354370603e-03 1.095262658944958119e-02 -4.229160755730527674e-03 1.761928269289959881e-02 -7.217979471801479197e-03 9.467954978751153688e-03 -1.303904125127980504e-03 8.756826521374969086e-02 -7.648900684885027307e-03 -9.977988317935793713e-04 2.385371663949354543e-02 7.178575856244059569e-03 0.000000000000000000e+00 0.000000000000000000e+00 1.334911914941697836e-02 5.083828277817117706e-03 9.298026583414062754e-03 -3.906030784551373959e-03 3.590769319286230866e-03 -2.023404031792993499e-03 -1.988572833093570774e-03 -5.441633578442403108e-04 -1.855231901624200801e-03 -1.570638928201439216e-02 -3.544373231618669524e-03 -6.117070899697496685e-03 2.473293003650131518e-03 -2.670630789970360533e-02 -3.048527324280987660e-02 4.137837202744418588e-03 2.861564915512524940e-02 1.513007013831595311e-02 -1.365936317647787517e-03 -1.842709004061220211e-03 -1.363958707962208789e-03 -7.164368825580001016e-03 1.237600002898323233e-02 -3.943881974841783895e-05 2.983939651124084460e-03 -1.660978546746833678e-02 -8.044071919301305079e-03 -1.733237708264510945e-03 -4.807096200098892602e-02 1.116540398220459279e-02 5.875323746146322683e-03 -4.931495920613198670e-03 -6.911380562832459412e-03 -1.620072204003545138e-02 2.579381033416263194e-03 -1.128339540081766366e-02 4.170192020100535468e-03 9.273920201831408958e-03 8.211395611783646117e-03 -3.162368033541375877e-03 1.586574682606121944e-02 9.987753009938579729e-03 2.462682351209732196e-03 1.850988048908761355e-02 8.041783530216388420e-04 -6.361331347244528721e-03 -1.190461819096819748e-03 1.272456554465909969e-05 -2.750260739595622624e-03 -1.125355046857710178e-02 5.283138854801154062e-03 7.434876977959206656e-03 2.914581779202355706e-03 5.956400328766917052e-03 -7.551423924494351332e-04 9.699693573237699179e-03 1.985790468021790892e-03 4.452478105466468189e-03 -1.257478222163457143e-02 -1.198328193045378534e-02 2.252720138898935825e-02 1.075167787119844093e-02 -9.630576718835206704e-03 1.212417159915806994e-02 -3.989776511758367887e-03 9.930001573135487786e-03 2.442191387190355278e-02 9.396988935970967613e-03 8.971233460964521660e-04 -8.242733128880862931e-03 -4.972666029307703118e-04 1.120674830343428019e-02 5.293417328427863595e-04 -3.401582162949791377e-02 2.708216696634530019e-02 3.619780526085615568e-02 2.274722122747208954e-03 3.406631193491515414e-02 1.178149270728398243e-02 2.771481876632495359e-02 -3.321544199697005345e-02 2.884051248028067158e-02
0.000000000000000000e+00 0.000000000000000000e+00 1.853975613908839240e-03 1.873385349397023100e-02 -3.892702925448659600e-03 2.662698022372187931e-02 -5.522461159214824694e-03 4.516491012618751438e-02 1.408008615742978482e-02 -1.108613958966139096e-02 1.059883943885379758e-03 2.995297527604962387e-02 9.298171615067192530e-03 3.602194496910959137e-02 2.198252534433826986e-04 -2.664089416888401748e-04 -3.484305099968629769e-03 3.378886578563837506e-02 -5.196885536239752301e-03 -3.347900669774805504e-03 5.185699396334714391e-03 3.159035196253580369e-02 2.099903529674964991e-04 2.108496090336862971e-02 1.568755302369672505e-03 1.714198772001662013e-02 2.238515719573023512e-03 1.567682752533272605e-02 -1.159860778284400006e-02 2.231401507189435807e-02 -5.425969842323309297e-03 7.043031902533677946e-03 9.152934605380078689e-04 2.635116972502271615e-02 0.000000000000000000e+00 0.000000000000000000e+00 2.988600870514918073e-03 1.854801642227138438e-04 9.319075325001801744e-04 -1.265098571833123912e-03 -5.629191900332736719e-04 7.476731490192474851e-04 -1.379210237116549774e-03 -2.196585138603694091e-03 -7.274438642203414837e-04 -2.291443181784805737e-03 2.228212581057353089e-03 -1.371920070235975670e-03 3.189271198817795160e-04 -3.889679185111727215e-03 -8.765847610729557426e-03 1.839492476386356224e-03 6.612099522719639029e-03 2.258052049516967759e-03 -1.421834540276161775e-03 1.693012106775583633e-03 9.272514674767359539e-04 -1.801048179098267005e-03 3.769612848834763639e-03 -1.327939499381281755e-03 1.809045626851546701e-05 -3.378075959814898915e-03 -9.663673192375365649e-04 1.368504249507302610e-03 -6.251188430177311711e-03 1.637501625155643806e-03 -2.412422806981221000e-03 -1.111531138793403007e-03 -8.814812444206236459e-04 8.035755483479413300e-05 8.730050516778190819e-05 -4.163758808776053984e-03 1.402367494704247469e-03 3.698051899048007424e-03 -2.112886067139300647e-03 8.846006934366112268e-03 2.107175378231259007e-04 7.147555908322220271e-03 -1.340336558094240224e-03 4.111837887430002010e-03 9.494375292207698786e-04 -2.868538763196541025e-03 9.893236120987840537e-04 -6.897592365242553349e-04 -2.646614199269786694e-03 -1.569123805147533456e-03 -4.013084038822745895e-04 2.138484339423560397e-03 7.366335601263320279e-04 1.419005188481698440e-03 9.561646813672050778e-04 2.862155371627716355e-03 6.122435329841442861e-04 -6.098548960602295484e-04 -4.152981771159734194e-03 -1.022868531732723085e-03 5.389715952327456261e-03 1.813112814702778517e-03 -1.126910587039036587e-03 1.928239825702718433e-04 -2.452730696337854319e-03 3.632747484509796405e-03 5.048089837358064359e-03 -1.549335407149358274e-04 -6.266810364905311091e-04 -5.990843831938997329e-04 -2.176757298263110908e-03 -7.757665963355399753e-04 -2.694730190191322976e-05 1.072255876822808410e-04 1.402454206059209132e-02 -1.968723122335089672e-04 -5.518825570791982028e-03 -8.140401920806243337e-04 8.424371377248711379e-03 -6.353294159890110482e-04 -1.579835187406367081e-02 7.174920949198622475e-05
0.000000000000000000e+00 0.000000000000000000e+00 -5.904760187775122491e-04 -7.783623166105957045e-04 -1.742126178933108222e-04 -8.391348973895260306e-04 1.414107513655093237e-03 -1.466653032261772821e-02 6.797171735178856450e-03 -2.654895153117947312e-02 2.224943006986255384e-03 8.678348906778591025e-04 -2.621608489165624771e-04 2.198252534430159130e-04 5.564743001068298695e-03 -3.475965556253825250e-03 -2.684991766723516561e-03 -9.820615115500241302e-04 -1.051449797958359071e-02 1.748833199064774415e-03 4.529945861080043271e-04 -3.849348861046452720e-03 3.431610920066998152e-04 4.875829196443052724e-03 -4.755971262516004057e-03 -1.029304611026913424e-02 -1.057181510021747844e-03 -9.914624075917748136e-03 6.288356133306562123e-03 -4.704063994693189442e-03 -6.792055868452334319e-03 -9.606766275293649945e-04 -1.538319896643693552e-03 5.505739615487727353e-04 0.000000000000000000e+00 0.000000000000000000e+00 2.580117757722747221e-03 2.210240408575559271e-03 -2.294554260852606524e-04 -1.216549801058920731e-03 -1.097596291605235997e-03 3.487815431755678856e-04 -3.612365217995551925e-03 2.827032445535092482e-03 -7.290143956218485374e-05 -6.899276954610645933e-03 2.301119758222327279e-03 3.579742576451985228e-04 2.338319524229556790e-04 -2.788716211498866709e-03 -1.338580143144491204e-02 2.000212183765474536e-03 1.705497581207867687e-03 1.099720887477577099e-03 -1.873790972207788627e-03 2.339275378466525515e-03 2.571947602745900058e-04 -6.274708808092676260e-04 4.546265756274359832e-03 -1.447390126230046602e-03 2.680686523932493360e-04 -6.547181771985131210e-04 -5.524606423569087404e-03 -1.225355062982584446e-03 -5.484602557545368261e-03 2.035710377475820169e-03 -3.383911330203985546e-03 -2.124965294923510670e-04 -1.919436861631866609e-03 -1.952529670163345114e-03 1.301357087420406365e-03 1.259604329448947829e-03 6.214770953237333355e-03 -7.756683910117223232e-04 -4.727642650560043552e-04 2.986871297358682266e-03 2.671001022897444462e-03 -2.301877103483993426e-03 3.588164965932212278e-03 4.268733872975175470e-04 9.623641079445611167e-04 5.201360439972570453e-04 5.656440182143075788e-04 -2.233149483846571127e-04 -2.986733490953262082e-03 7.827581279083793524e-04 -3.530137066847096141e-04 -2.021389653826328320e-03 5.662300504573128390e-04 3.987987542514201227e-04 -2.552572790637917029e-03 -1.613079335259167768e-03 -1.205865741450706254e-04 -1.472559813136532954e-03 -2.734459987658853855e-03 6.326005698526393408e-05 8.743666794049265341e-04 -1.409133081369277549e-03 1.204436085665355153e-04 2.308908929920156210e-03 2.845143147543331783e-03 1.371092367544409375e-03 2.456060532415181748e-04 -6.557828939545986505e-04 -2.103482830320157083e-03 -7.488221110193721969e-05 2.065816728370619727e-03 3.581268819847158343e-03 -1.426489075189797283e-03 -6.057526123278078427e-03 -3.916531236294006069e-03 6.701148140858675072e-03 6.075855019292097231e-03 7.974097591317511752e-03 -3.328122369977716197e-03 5.860286316940776716e-03 5.726581358262919016e-03 5.300692434018667437e-03
0.000000000000000000e+00 0.000000000000000000e+00 1.892720847955075593e-03 3.295105753208301281e-03 1.024889198393162323e-03 7.124740790092422109e-03 -2.184914231979533713e-03 2.003365179404857990e-02 1.584130954704473723e-02 5.969509034468235831e-02 -3.137483529248306577e-03 -2.532679543216738004e-03 4.120878969976536719e-04 -2.664089416886201902e-04 -3.475965556253399376e-03 4.222308255739316146e-02 1.499924643353915633e-03 8.227967479865412256e-03 1.744698518364020540e-02 4.430200162865891370e-03 -8.983601077218431215e-04 8.975751394416302265e-03 -1.031222981483130921e-03 -9.088061856508261593e-03 2.624664903873090427e-02 1.805552950810593305e-02 -2.207831540048455117e-03 4.382793224410925885e-03 -1.282370459098503349e-02 -5.105430915698300209e-02 -2.288710128557254475e-04 -6.892556587969711317e-03 1.312950594141609750e-02 -9.787181525048277257e-04 0.000000000000000000e+00 0.000000000000000000e+00 -1.188851220275011916e-02 -1.697862647097978135e-04 -7.799421502376446824e-03 1.308813769392107133e-03 2.819328657629148471e-06 4.219954104588904964e-03 5.977406241956490646e-03 -6.165872430070969482e-03 1.885007963224749486e-03 1.989461226735981733e-02 6.607622421364517992e-04 1.078127174595310510e-02 -2.166861071093388515e-03 2.252158869880724335e-02 4.017869210616556441e-02 -3.109890633975281263e-03 -3.032901177706917584e-02 -1.866513656487128053e-02 1.718034989428003298e-03 6.440939618132605557e-03 -3.564497114514066870e-03 1.165224720804488873e-03 5.680525675829610661e-03 -2.334498589210245653e-03 -3.014060930698492496e-03 1.719967496892031364e-02 1.699158683162631592e-02 2.195389852280494290e-03 4.559907966262282536e-02 -1.771082786964147185e-02 3.902556084196362289e-04 5.905050563108799402e-03 8.341138079527046084e-03 2.165664143920126641e-02 -4.959587435159248589e-03 4.288791510913627508e-03 -3.611842743362932151e-02 6.151980753170665627e-04 -5.917425367561868557e-03 -1.462209678202876142e-03 -1.490956997084116192e-02 5.680284470154486811e-04 -1.356162547786986944e-02 -1.990341941936608558e-02 -7.013650185292762216e-04 3.179971216037164906e-03 -5.388388053573339156e-04 4.680300477427635705e-03 6.459460270456523698e-03 4.419303597933220591e-03 -2.625171821101814074e-03 6.281141737517103446e-03 -2.186071927453514530e-03 2.709998475358392327e-03 5.949667693239006627e-03 3.358446999369569478e-03 6.984676443859143442e-04 6.737962400064859830e-03 4.671399510031729214e-03 6.954033426057703964e-03 6.647070792170960488e-04 3.825856638456726598e-03 9.106002100980532289e-04 -4.111735386976819555e-03 -6.445364507554625366e-03 2.683266078257163893e-03 3.855275164918797390e-04 9.920365583216766113e-04 2.716015599313505082e-03 6.222249443082823045e-03 -3.967598330324569045e-03 8.012671965428701248e-03 -2.409745788664858709e-03 2.754080038611304154e-02 -7.135505605632007364e-02 -2.552224727564738477e-02 3.496148456925118192e-02 -2.480205448121547071e-02 -4.473838622119939018e-02 -1.877335411055815889e-02 7.320365224191693887e-02 -2.045709345024291845e-02
0.000000000000000000e+00 0.000000000000000000e+00 -1.076710006411193445e-03 1.478975519784018989e-03 -3.639127954056898834e-03 1.645485518785033945e-03 8.277585681703242965e-03 1.294000908255835657e-02 -2.949803650074411809e-03 5.441589388540264347e-03 9.531296616885242406e-03 -2.378992592348839162e-03 1.225862696922258924e-02 -3.484305099967832664e-03 -2.684991766723576409e-03 1.499924643355365645e-03 1.330238636143805595e-02 -3.074293935955613004e-03 1.471851781869973341e-02 -6.359910390049202875e-03 7.237419385084066341e-03 5.920915577182832464e-03 -2.679049794277179805e-03 3.202583933360003167e-03 -3.889143370722617822e-04 -2.711287953628511820e-03 2.407256965120179067e-03 -1.026778021419705311e-02 2.164669241880057358e-03 -4.209355303706032239e-03 1.345276673884372026e-02 -4.234288524603116270e-03 4.580665300145270007e-03 1.294690455746563135e-03 0.000000000000000000e+00 0.000000000000000000e+00 1.944024885558109732e-05 -2.594848554478045369e-03 1.329893346348326065e-03 9.787209812200177612e-04 2.684288870147879483e-03 -2.494223358883940200e-03 1.697228182789178169e-03 -2.268971215069806851e-04 5.520724316106903395e-05 2.157224986328545868e-03 -3.240947104598466272e-03 -2.916680265594967948e-03 -9.775013622756846890e-06 -2.194649503697099994e-03 8.680511995469930575e-03 -1.346033153012134165e-03 -1.056872022602549106e-04 4.207547387615247908e-04 2.147371209129183070e-03 -5.950185296227187073e-03 -1.833955020052043102e-03 6.340613591818980909e-04 -3.628352983545202366e-03 2.944957086088429137e-03 3.127306914111640493e-04 -4.692368604427746281e-03 2.397300110940186937e-03 1.216698694156992519e-03 -1.959806111928095833e-04 9.730646070758783295e-04 4.293072240194407974e-03 -1.471105184369451676e-03 9.211264345210838037e-04 -4.831791399277425569e-03 2.157050754199321902e-04 -7.665774841468693535e-04 3.677478112347908404e-03 -1.214751296060717417e-03 3.309308975941895395e-03 -3.716611751100014523e-03 1.237117398357591522e-03 -4.958315219326369164e-03 9.135394562782156187e-04 -4.897352107254266014e-03 -1.156048194354554384e-03 -7.605645858565544901e-04 -7.857958018248670760e-04 -1.113970389642731642e-03 2.341017537511036039e-03 -2.284981080504377201e-03 1.615067874311882853e-03 -4.056580280146028289e-04 9.692474023701195488e-05 -9.128528844503554229e-04 4.402730392593648878e-04 -1.167023422979995102e-03 6.516589155091222349e-04 -8.389175895859070104e-04 2.607255727659087662e-03 -2.274961871343211817e-03 -9.745995797846758197e-04 -2.347436053757290502e-04 2.870186795302742764e-04 -1.478982387463182845e-03 -1.204560901504100889e-03 -4.673866753104963419e-03 -1.743405670530644852e-05 1.336089988924314340e-03 1.908948807104190277e-03 -2.922638750886280643e-03 -9.849973778852426712e-04 -2.388195894676590700e-03 1.956476696257768849e-03 -1.875814652918762629e-03 1.321191711205924220e-02 -1.490623179052266017e-04 -1.367343902354101366e-02 -2.092481651661510112e-03 6.751971991520910356e-03 -2.285565644703127508e-03 -1.539147605984092504e-02 -2.539238332593498400e-04
0.000000000000000000e+00 0.000000000000000000e+00 3.986213514164072165e-03 1.769259638002125198e-02 -1.234475816396864677e-03 2.551032874001335840e-02 -1.127076622465626905e-02 5.720497998490613190e-02 1.630842932275643198e-02 -4.606242920409267874e-03 -5.678278845882303583e-03 2.618283026217792589e-02 1.905714291506577099e-03 3.378886578563851384e-02 -9.820615115494965575e-04 8.227967479864220501e-03 -3.074293935956760523e-03 3.955342553301447600e-02 4.171874019067269360e-04 -1.233578202086822034e-02 2.810636070690430977e-03 3.319573958415452525e-02 5.228337468223915804e-04 1.628981723583540139e-02 9.652658937324780017e-03 1.650287664857982145e-02 5.044726427709297478e-04 9.072418780884196343e-03 -1.285782812786650554e-02 1.124261775346705773e-02 -1.755638785527328851e-03 5.406710384736800913e-03 1.169321658236238378e-03 2.365514105949598211e-02 0.000000000000000000e+00 0.000000000000000000e+00 -2.279391573774453266e-03 -2.015145882464560063e-03 -1.462427535286428548e-03 -1.244482871237486549e-03 1.006130359038262707e-03 1.190092487070887762e-03 1.140230995458323951e-04 -4.306751774024450592e-03 -2.227004640977226196e-04 5.125851728092038762e-03 1.445061765636052476e-03 5.116508225895047540e-04 -5.081856152688986284e-04 1.485081680805870087e-03 8.320844125718106915e-03 6.054728895310348968e-04 -4.683303584322590085e-03 -1.882659799011873226e-03 7.579195846038710006e-05 1.270695461393476014e-03 -4.945662186565606255e-04 -5.453882991855397901e-04 3.209083713407287399e-03 -1.096514809859730315e-03 -1.000591924741929192e-03 7.471819101121128168e-05 5.167053466523350777e-03 2.345347719154817091e-03 1.198987986761226691e-02 -2.386755299060485964e-03 -1.007253286517773537e-03 7.758025320506539376e-05 2.463762377820964168e-03 6.556739209991219522e-03 -1.789978099776537521e-03 -2.714865704200506401e-03 -7.076825463428240356e-03 2.131771319499299600e-03 -4.381096077083065747e-03 8.653602587884570707e-03 -4.958708550736179790e-03 6.104245163522439843e-03 -4.752677846219872243e-03 -4.284029147304696181e-03 1.978342319363762770e-04 -2.472054013109717310e-03 6.914826497198950633e-04 -3.337113224118847237e-04 3.728786339279108056e-04 -4.638148797624442113e-04 -1.156155527793625067e-03 3.382429487454703503e-03 -1.581832066119038280e-04 1.300041246319777986e-03 2.967697058828441294e-03 3.691355132713051816e-03 7.571606796251489045e-04 2.833769358782926200e-04 -6.710053224340580946e-04 8.582673752069895157e-04 3.509608470919099287e-03 2.035630644060870253e-03 4.338011269767695285e-04 -3.318853934138990634e-03 -4.054920510576223713e-03 3.504626229898343253e-03 2.268770595896484315e-03 -7.334088156203476911e-04 1.199106582529408088e-03 8.790686058680420361e-04 -4.713624870200026212e-03 -2.497247942855557266e-04 4.260548697840131887e-04 1.093955042989861598e-02 4.037986250572870098e-03 -1.159484512304189557e-02 -5.732407092969115173e-03 -1.237163319127900993e-02 1.833508787587088615e-03 -1.025991479911503822e-02 -6.295536944363589946e-03 -9.452679998501059902e-03
0.000000000000000000e+00 0.000000000000000000e+00 4.889384841953288430e-03 -8.460406735430179605e-04 5.326773158845719489e-03 3.416988452392336843e-03 -1.212854960906213728e-03 5.040846679056618096e-02 -1.714717529453399156e-02 5.358477129075678996e-02 -8.567730799559202665e-03 -6.086101043158269504e-03 -6.767132612591869947e-03 -5.196885536239079229e-03 -1.051449797958309978e-02 1.744698518364400791e-02 1.471851781869833002e-02 4.171874019092631017e-04 4.901733962733194339e-02 -1.473842728593341075e-02 -5.779380775096819821e-03 1.738083927360004055e-02 -1.999832812448717242e-03 -8.518504122665979464e-03 1.665075846243998375e-02 1.144098540261711920e-02 6.906250764182140373e-03 5.236381787273412282e-03 -1.675019220374704410e-02 -3.964099579253384242e-02 2.651802695431026979e-02 -4.608919515855989385e-03 4.631501677667159908e-03 -1.329353147274261711e-03 0.000000000000000000e+00 0.000000000000000000e+00 -5.728021710569597760e-03 -7.164169005255677583e-03 -3.045490804322248651e-03 7.429002367429132780e-03 -1.366683729443765420e-03 -2.593268802760454600e-03 7.945919164911744922e-03 -3.130275776057156109e-03 1.392366464030452434e-03 1.688512182451128163e-02 -2.606601451580604564e-03 -6.470613261924792678e-05 -1.104415680626700050e-03 1.870454735401808760e-02 3.492994150461361386e-02 -6.932593987793955921e-03 -4.315820955561670315e-03 -1.222658053444832665e-02 3.408335175067213080e-03 -5.881855199848574391e-03 -1.227646639002849538e-03 2.416422818469694464e-03 -1.171934724834009650e-02 4.026337967087454880e-03 -1.516713733128809008e-03 7.081805861880149759e-03 1.211130486165962195e-02 3.478264016765659182e-03 2.332926293490234643e-02 -1.087633108806108570e-02 1.632477240157644872e-03 9.666738776500235445e-04 6.521520243917146298e-03 1.309089880624730515e-03 -3.375124076821939614e-03 1.337400846064083684e-03 -1.414908052922758327e-02 -3.902616336875791396e-03 -3.634387319253408639e-03 -4.196436992763511592e-03 -1.766589679098963181e-02 -5.580044487578844636e-03 -8.379110224820606953e-03 -1.862565578049276555e-02 -1.563239509185131680e-03 1.123297094745017918e-03 -1.003730180817387525e-03 2.397692106104101079e-04 4.480194995991316174e-03 4.673227318811768068e-04 -5.910252976979575535e-04 3.546985564533341193e-04 -1.841454495224765023e-03 -2.330982605075831125e-03 4.857673474195626194e-03 -3.118957145630543975e-03 8.469069067205126089e-04 -8.251906185395489583e-04 8.876339631438500896e-03 1.221114505947538129e-03 -1.090236848980335842e-02 -9.467533533658437951e-04 4.137322073443231232e-03 -6.877093280787739335e-03 -5.630301905959071533e-03 -1.191777732726622199e-02 -8.148493047909228376e-03 7.357643627913916257e-04 1.652798894787919784e-03 -5.467313943932393741e-04 -4.984344601488338231e-04 -1.082512587725174835e-02 2.879556002816669770e-03 1.543151548369096904e-02 1.330772541067805348e-02 -1.984784430561725710e-02 -2.808841267809542019e-02 -2.194679359772899047e-02 9.835579583218567734e-03 -1.748084972715861427e-02 -9.096589587828832896e-03 -1.429514952476247484e-02
0.000000000000000000e+00 0.000000000000000000e+00 -5.885792939038381709e-03 7.519566346397812875e-04 -7.001827273036649243e-03 -3.835945912902015593e-03 1.294962829470694757e-02 -5.042631141415399032e-02 2.842887621796000297e-02 3.438548662685079332e-02 1.633627034457850805e-02 1.990425449180247778e-03 1.738065590647022360e-02 -3.347900669775087396e-03 1.748833199064489920e-03 4.430200162866205355e-03 -6.359910390048037140e-03 -1.233578202086837647e-02 -1.473842728593282789e-02 5.827638540871656753e-02 3.607220379028858604e-03 -1.518780677091715291e-02 1.219318823106291076e-03 -2.165233839491901690e-03 -1.199776258987192250e-02 2.464009975680394628e-03 -8.307684554737024621e-03 1.431011637127184433e-02 1.136158176310150120e-02 1.867779467781456593e-02 -2.596232736331811550e-02 7.475326071962985937e-03 6.793529810023911202e-03 -6.857294696894421400e-03 0.000000000000000000e+00 0.000000000000000000e+00 7.183307110364659138e-03 9.843933834717719447e-03 3.496696061863922497e-03 -5.613902033873304810e-03 -1.326582233703886516e-03 3.129382854131792634e-03 -5.033084792465880412e-03 1.263439366436800489e-03 -8.720944808516861756e-04 -1.724433011518143599e-02 3.107102422621220179e-03 1.813435420654316028e-03 1.321112143310261165e-03 -1.367245397422216929e-02 -3.554591326155934206e-02 2.873478582694213683e-03 1.028112692442155127e-02 9.731533207166687127e-03 -4.499363826194137557e-03 8.909381995906176174e-03 1.106983964517327303e-03 -4.902607015557097075e-03 1.497812332568585446e-02 -4.794066494882232889e-03 1.395827442068690340e-03 -4.108711737606835987e-03 -1.040483502380290179e-02 -4.438868941246031097e-03 -2.781938209156763556e-02 7.464081201160776419e-03 -2.421086109231584092e-03 -5.341391245929955241e-04 -7.190992349777639361e-03 -9.629197038999528797e-04 1.979333383854995753e-03 -2.286139737847394261e-03 -1.480289185854200169e-03 5.409921387191741170e-03 1.538660033010610375e-03 1.087123172770118910e-03 7.244232827110801479e-03 7.677931456902047265e-03 1.988410055293520114e-03 1.565303554562274754e-02 2.443038375513639088e-03 -2.101132441850309725e-03 9.710958565320275404e-04 2.261482468166027635e-03 -5.092590153978860182e-03 -2.744640041669206294e-03 6.083971588613960391e-04 3.244948715579935687e-03 1.617756547524273458e-03 4.768421106993636291e-03 -3.443616081533074601e-03 4.889160497310949399e-03 2.508127680877613049e-04 2.896229498759052452e-03 -1.194419256730282729e-02 -4.023593994567638103e-03 1.533017255244020945e-02 6.090060707378362921e-03 -6.094201674509402804e-03 1.137224464552762972e-02 2.614977140279524208e-03 1.278004923914068981e-02 1.595288649656795982e-02 4.995676660327987711e-03 -2.794631594483612189e-03 -1.405239989695731585e-03 2.555248999800412580e-03 1.557592765568858312e-02 -3.950952238769846539e-03 -2.089524783114569961e-02 -2.050398290624487821e-02 2.662411576846175632e-02 3.669855969443802657e-02 2.860312279155298801e-02 -1.505685597242314641e-02 2.323005570844529147e-02 1.654673722016853504e-02 2.124830733672342445e-02
0.000000000000000000e+00 0.000000000000000000e+00 -7.132289816308931898e-03 7.999901700590818232e-03 -1.391071730928365204e-02 5.102959797971886279e-03 1.555799425693869635e-02 -7.415988352541980078e-03 1.523104624996821782e-02 -3.219248207154521042e-03 2.516535902461678603e-02 6.884428493383163046e-03 3.712403961083273612e-02 5.185699396335594763e-03 4.529945861075549253e-04 -8.983601077225383119e-04 7.237419385084288385e-03 2.810636070691426274e-03 -5.779380775095425103e-03 3.607220379027174621e-03 2.150533118774549529e-02 -8.911912906026227483e-04 -3.203087905487930591e-03 7.672189983809455174e-03 -3.122578937417864672e-03 7.030134537417746105e-03 -2.927408145536790785e-03 1.790774222564627070e-03 8.322153958632602221e-04 3.705939718045881542e-02 -2.219753196290138748e-03 -1.814767325558931926e-03 1.163119399146805497e-02 4.674145015314700238e-03 0.000000000000000000e+00 0.000000000000000000e+00 6.461180111598842542e-03 2.189162851793339561e-03 5.182902690722936828e-03 -3.577211454841758287e-03 3.769865169546607938e-03 -1.341427075691442334e-03 -2.143085658697408552e-03 -4.358758547142348909e-04 -1.102570953775507123e-03 -8.370554985792127284e-03 -2.465782219460515429e-03 -3.792060467359516848e-03 1.227840936267333202e-03 -1.664644025950991549e-02 -1.492890960991096957e-02 3.181329745601945737e-03 1.269390237542479885e-02 8.686303586238793006e-03 -1.846794922688278719e-04 -2.428004944312186272e-03 -1.712600242963994079e-03 -3.370273723409701952e-03 7.713636129587596139e-03 4.965322021511613115e-04 1.603709276505870104e-03 -1.101426492178281431e-02 -3.612392305407195921e-03 -8.986470997175903357e-04 -2.431548742803196772e-02 7.377689240735426160e-03 4.483938167319173086e-03 -3.137818748228116735e-03 -3.467674940607490784e-03 -8.277786778169076570e-03 1.254606321206870254e-03 -5.707569805070164190e-03 3.739497472331531139e-03 4.079033379384613273e-03 4.603953004601204005e-03 -2.035193425605452168e-03 9.350948389930060015e-03 3.911914608820583200e-03 2.029574651499632156e-03 9.063828813548696628e-03 1.511486161503314773e-04 -4.072655373125948219e-03 -6.335055389562994303e-04 -6.378382760236073461e-04 -5.861352037325200017e-04 -6.451966638184455753e-03 2.827860705629437876e-03 3.909096555643918822e-03 1.522626425463721777e-03 3.160307821160246358e-03 -7.302741998543439521e-04 5.544022193419814032e-03 1.056720430269410520e-03 2.199459385717813121e-03 -6.260729751324273229e-03 -7.077950695535037071e-03 1.252633310651881000e-02 6.097578618594218583e-03 -5.082060912758497480e-03 5.758665674545735726e-03 -1.633153002601177772e-03 6.236156159333297935e-03 1.288611939911984104e-02 4.979505220564903537e-03 1.431638780914162379e-03 -4.941254355836020330e-03 -1.918049690525603290e-03 7.904902024564010657e-03 6.562939215925870338e-04 -1.788271461706238477e-02 1.529480570474578936e-02 1.893624246828099628e-02 -6.152693725308558750e-04 1.756183572236314980e-02 6.640621027091759589e-03 1.355288421931956366e-02 -2.047587065256338545e-02 1.440535579137189499e-02
0.000000000000000000e+00 0.000000000000000000e+00 4.624623746231542286e-03 1.686045192177768742e-02 -4.625416257513829087e-04 2.575069065719247721e-02 -1.249648801786153347e-02 8.707997641569971414e-02 7.598286734807481457e-03 -1.853922358731186285e-02 -7.626670845193794616e-03 2.263522400117746330e-02 5.959299400802088066e-05 3.159035196253559552e-02 -3.849348861045224536e-03 8.975751394417162687e-03 5.920915577181023147e-03 3.319573958415437953e-02 1.738083927359749051e-02 -1.518780677091572176e-02 -8.911912906039282361e-04 5.041174447101939154e-02 -1.206110106859175409e-03 1.441785535792774846e-02 1.236726854959579666e-02 1.671038384032846880e-02 6.106113428993947823e-03 6.788312947151758404e-03 -1.522596771474894403e-02 -2.103387054293642811e-02 1.161077901355963768e-02 3.509393700145208711e-03 2.485306338424703686e-03 2.253751198005753825e-02 0.000000000000000000e+00 0.000000000000000000e+00 -4.303502008393122850e-03 -4.971714384234420664e-03 -4.200098560309842993e-03 3.523224123199782988e-03 -1.700309391729314459e-03 2.893170884092506590e-04 3.486558954963686965e-03 -3.507444449739194857e-03 3.280817136006960902e-04 1.164525092195567262e-02 1.735300592267587788e-03 1.621107744258614260e-03 -1.199867260044907994e-03 1.378107991208981850e-02 2.050681024273233802e-02 -3.536652195579769332e-03 -1.046151284328128428e-02 -8.420358404201593386e-03 1.035479136427979547e-03 -2.689551525770448866e-04 2.862522431566856193e-04 1.885565527281154140e-03 -6.206182367961721180e-03 3.047083701735039344e-04 -1.945191605985603037e-03 4.775607969820183651e-03 7.892203653887527870e-03 4.189734863495660037e-03 2.563536590248635325e-02 -7.328952845976326007e-03 -3.069305184305586021e-03 1.385094125037989853e-03 5.163288034338369206e-03 7.864110044403148370e-03 -2.048479366028040094e-03 -4.205793028782239384e-04 -6.827963253632609100e-03 -1.480446729851805031e-04 -5.283817132039142321e-03 7.789774131097646805e-03 -1.058524489104572565e-02 1.410723027382475205e-03 -5.682834303769487318e-03 -1.111617771358521661e-02 -3.160882414605283974e-04 9.304848224476298339e-04 2.412765544946577755e-04 -1.155360567404929489e-03 4.731385072318032266e-04 2.417828352830876399e-03 -1.228220107392922599e-03 8.439683047372595771e-04 -6.440641785210930552e-04 -1.129615386246554751e-03 4.206215823807479826e-03 -4.925385274356065216e-04 5.983827801326101550e-04 -1.261475988355365181e-03 3.611829722073506450e-03 4.892933792494068117e-03 -4.435658145405309630e-03 -2.775497878360877989e-03 3.247440197597124302e-03 -7.805131946692692863e-03 -4.866987193752669860e-03 -4.882999411861332212e-03 -4.100080782519856075e-03 -3.354170052359502219e-03 2.852146030569990831e-04 2.477113192357648444e-03 -2.735917938485956085e-03 -9.465760068520231302e-03 9.900358333584031219e-04 2.236188549481929466e-02 2.562532813066849269e-03 -2.498972092447877824e-02 -1.572001142498217346e-02 -2.639054360540394467e-02 3.693601333340405107e-03 -2.107935684143427343e-02 -1.788087560030165307e-03 -1.929467675516422648e-02
0.000000000000000000e+00 0.000000000000000000e+00 8.090640410558885788e-04 -9.149537626517813878e-04 2.220441702097213782e-03 -1.044361337676031828e-03 -2.877133503476785471e-03 -9.081249682259263630e-04 -7.094828672316518827e-05 -1.694605962778344532e-03 -4.159723757554954250e-03 -2.733751713766346351e-04 -5.616437261353800746e-03 2.099903529668737333e-04 3.431610920065973581e-04 -1.031222981483670203e-03 -2.679049794276717501e-03 5.228337468215061125e-04 -1.999832812448663899e-03 1.219318823106702639e-03 -3.203087905487801354e-03 -1.206110106859787550e-03 2.687235414738686160e-03 9.653576641412541653e-04 -9.005723878284266695e-03 -1.470865211131679434e-03 1.335775983346406889e-03 -1.348174473105013225e-02 2.530920402911948142e-04 1.155671278144535831e-02 -1.735168883642176224e-02 2.140692042412046506e-04 -3.432249089158678768e-03 -2.062777276444418151e-03 0.000000000000000000e+00 0.000000000000000000e+00 -1.341639029119484649e-04 6.063847412258365280e-06 -4.291108457871063838e-04 -2.126325700444544361e-04 4.531597036921791689e-05 8.618658976040350880e-05 -7.542613973713510958e-04 4.178732134628055121e-04 -5.162017583512906721e-05 -2.553994934171054717e-04 6.946110409701104771e-04 5.026144783245452242e-05 -8.153402115183247837e-06 -4.817572406258318436e-05 -1.507868649460570275e-03 3.374462841950775539e-04 -1.900035256849679985e-04 3.443510193367781743e-04 -2.151306693374044397e-04 5.620131251864114632e-04 2.536662120502430808e-04 4.542803588560780938e-04 -1.533670072086885992e-04 -4.587422438937204796e-04 -1.998045020660263129e-05 2.532206243427280890e-04 -7.726794446515168526e-04 -5.432107023387126041e-06 3.170542489870339432e-04 3.189797758304627499e-04 -7.822246262603435888e-04 7.736563763705872913e-05 -1.386476060858993665e-04 1.060504214621342273e-03 2.873066949591045628e-04 -5.332707493630348084e-04 2.215631702870020890e-03 8.512523917202892768e-04 3.375616047512648016e-04 2.824370191955168866e-03 3.417337645167439547e-04 1.416138446109700341e-03 1.298427875901790336e-03 8.947463988593037411e-04 1.139369692282754526e-04 1.915942186433931404e-04 1.344702156905589244e-04 -1.054024652421010341e-04 -4.613792437942284457e-04 5.459515715654211093e-04 -3.014581991359962664e-04 -5.098318123982619214e-04 1.269597569081513380e-04 -2.902709856413112147e-04 -2.263125510226377262e-04 -1.258068334024095374e-04 -1.462533558278535616e-04 -4.670868674499206166e-04 -1.347949478768604276e-04 6.898930693887467182e-04 -3.572391594460707937e-04 -9.667873367992174064e-04 3.666288745127822043e-04 -3.354473895428526208e-04 4.959136212139083916e-04 3.990844943292606471e-04 -7.047706101831048521e-04 -9.977703147790175590e-04 -3.550202103941238886e-04 3.051168701457642233e-04 2.555166703134350865e-04 6.617021884029127791e-05 -3.474878089391035844e-04 3.357997949405193503e-04 -2.523014597442248524e-03 -5.147438122750582108e-04 2.550424570753300445e-03 1.482373359156153756e-04 -1.241489987605427694e-03 6.105818397252597189e-05 3.420235756618896211e-03 -3.362626405625715595e-04
0.000000000000000000e+00 0.000000000000000000e+00 2.275162197262191235e-03 8.969711214948751510e-03 -1.607467536906118100e-03 1.551801603089227738e-02 4.692931360480208196e-03 1.922128523464693498e-02 1.015790582734093540e-02 -3.233828204946729429e-02 7.221007920803076789e-03 1.775449572709687784e-02 1.095262658944674838e-02 2.108496090336819950e-02 4.875829196443784777e-03 -9.088061856508462821e-03 3.202583933359818419e-03 1.628981723583642835e-02 -8.518504122666734069e-03 -2.165233839493843279e-03 7.672189983808289440e-03 1.441785535792785254e-02 9.653576641408867292e-04 9.949979248428000855e-02 -2.857965273672869941e-02 -7.985022779511968816e-02 -8.708725596066687821e-03 -1.190270959309606275e-01 1.601126931901081935e-03 -2.059851676064056863e-02 9.446675475116511969e-03 -6.834831001387182969e-02 -1.937129992335659759e-02 3.278349002695754577e-02 0.000000000000000000e+00 0.000000000000000000e+00 -9.063621393624627254e-04 1.238557244804731113e-03 4.204641686406369525e-03 -6.987850971364424971e-03 9.614982322598587816e-03 -7.119314552879080910e-03 -1.520035761480346970e-03 3.645729353833606842e-03 6.077253265702499407e-04 -7.029445123504318368e-03 -6.659308195828311967e-03 -1.060535605980688148e-02 1.088303996381025963e-03 -2.232028224480023249e-02 -1.007134753054878158e-02 1.608124001117138338e-03 -1.304308650501981390e-03 1.390319285320054145e-02 4.661332991757294146e-03 -1.370542574668263611e-02 -5.617401282112150646e-03 4.722214144703657662e-03 -4.520491955182796319e-03 4.245762288271538731e-03 2.472605241354488160e-03 -2.271706853781620475e-02 -2.326733940766690777e-03 6.813168765955369965e-04 -1.693554370381773755e-02 1.605718534159489286e-02 1.195569348922950401e-02 -4.782590707375581479e-03 -3.897139556224390317e-03 -1.157379959686065732e-02 7.178693736309855848e-03 3.986129696319938923e-03 4.637475754767295816e-02 -4.880949487442682450e-03 2.390631983418773851e-02 -6.588074285525739524e-03 3.523679008861879680e-02 -1.671471941924681029e-02 1.237457556896999142e-02 -6.240030270795875883e-03 -3.198613139967497118e-03 -4.746748487356109748e-03 -7.354828854135907288e-04 -4.741476580831006666e-04 4.348234705549703163e-03 -2.848654528764991804e-03 4.494547485132006394e-03 -9.970907977633657396e-03 2.630345539652377117e-03 -7.192435152591723606e-03 -3.549253924049918223e-03 -1.174582414378912490e-02 -4.633111606203363093e-04 -1.054322269447318695e-02 5.784423514821112298e-03 -3.462091541875450366e-03 -1.321243356571098759e-03 -1.016877058421060583e-02 9.223540893609008529e-04 -4.637812488274163994e-03 5.528110195090372384e-04 -1.203210907080279161e-02 -2.689383642180157626e-03 -5.218703642179117058e-03 4.308722113177849977e-03 -9.782072037359635513e-03 9.197152983957549224e-04 2.541686524341400192e-03 1.103492252992009908e-04 -1.281707558783565758e-02 -1.941463580633179253e-02 7.168693077368383688e-03 2.906201216496979989e-02 5.077828524536170084e-03 -2.353347466700177193e-02 8.156288372175740133e-04 1.331303518638042582e-02 3.688348308755370810e-03
0.000000000000000000e+00 0.000000000000000000e+00 1.119576129419859109e-03 1.400768484734320543e-03 -4.126771959196569826e-04 4.500355497053734263e-03 -8.719531271760167304e-03 2.405357751969589009e-02 1.542453032744745337e-03 2.311292222789218878e-02 -6.935677512454908704e-03 -6.513485673084589431e-04 -4.229160755733535684e-03 1.568755302369953314e-03 -4.755971262514613676e-03 2.624664903873277777e-02 -3.889143370749996095e-04 9.652658937326467903e-03 1.665075846243653512e-02 -1.199776258987237006e-02 -3.122578937418052456e-03 1.236726854959621993e-02 -9.005723878283342088e-03 -2.857965273673107598e-02 1.178797395673358422e-01 3.640905399064079534e-02 -4.347303930301926050e-03 5.005333503348222135e-02 -2.762080936888077279e-02 1.115644305336033065e-01 6.313290905631657735e-02 4.695078771897558123e-03 2.148400068872852176e-02 3.791683884802807530e-03 0.000000000000000000e+00 0.000000000000000000e+00 -3.431387573735068721e-03 1.714594865631548920e-03 -5.768910188159375590e-03 6.439776243282389380e-03 -1.254887251996280109e-02 1.011714950051235962e-02 6.829042989751884195e-03 -6.801392463092493026e-03 6.391811579983521993e-04 1.176943271227804018e-02 6.647174463831864027e-03 1.548484779702660741e-02 -2.255580750792953934e-03 2.964982695694469775e-02 3.035696642647900401e-02 -3.549337075036230332e-03 -1.215285144148250257e-02 -2.074336561050039995e-02 -3.846633339161811393e-03 1.517704297971166592e-02 1.964666013312206972e-04 -6.506759829632876267e-03 1.208761110652769449e-02 -4.016663667413655769e-03 -4.144378247353104790e-03 2.745469658998686904e-02 1.458838272018150167e-02 2.013977851052111724e-04 3.448462371338430893e-02 -2.312419560538405555e-02 -1.201723490700475246e-02 7.677828065961658267e-03 6.511131560979927305e-03 1.904010851515990782e-02 -6.997383322274510278e-03 8.645492413998820749e-03 -6.379882831013347633e-02 -1.009164191688341483e-02 -2.058566532900514556e-02 -5.977703478243821290e-03 -3.611158259591069897e-02 2.368917026989412339e-03 -1.836600258659551455e-02 -2.019039837428911535e-02 3.174229327406305826e-03 5.345980546763407296e-03 4.695580107330830618e-04 4.686013816188666289e-03 -2.808299551860602566e-03 7.557154277110863724e-03 -3.954154200070594295e-03 8.699945318856637869e-03 -2.951176019721145957e-03 6.937301274448542769e-03 5.278087905045691919e-03 5.929910601553274249e-03 3.770808718700713802e-04 8.757389220331127447e-03 -2.723242892913026354e-03 1.100662522781266361e-02 -3.944143489201179346e-03 6.663512403727136699e-03 4.394936355000653334e-04 -4.948523734401460462e-04 -6.333236266125465532e-04 7.978683690998463612e-04 -6.379238128684291270e-04 1.954029653795179809e-03 -3.197161868534479593e-03 1.313237367571621142e-02 -3.268432328751836452e-03 -1.644105414006589733e-03 -1.261855494552125909e-03 2.580663314458996049e-02 -8.889211510175402953e-03 -1.726469458717237032e-02 -1.353802794099510584e-02 -1.806157969930342194e-02 2.226980466649194912e-03 -1.117205323105384743e-02 1.260798363398722005e-02 -1.306760722206449198e-02
0.000000000000000000e+00 0.000000000000000000e+00 -2.884049925233037395e-03 1.057258478861103357e-02 -8.768009859661671929e-03 1.371181298370853334e-02 -2.009981416254553056e-03 3.640846162903645794e-02 5.784167815819244406e-03 4.422790311638444966e-02 3.287723623092150566e-03 1.434062717511804148e-02 1.761928269290107332e-02 1.714198772001574583e-02 -1.029304611026967894e-02 1.805552950811402727e-02 -2.711287953630818134e-03 1.650287664858003309e-02 1.144098540261849137e-02 2.464009975681963251e-03 7.030134537418953472e-03 1.671038384032980453e-02 -1.470865211132316294e-03 -7.985022779512404578e-02 3.640905399064505582e-02 2.060877050651764297e-01 6.386903785190060955e-04 1.496924579116269693e-01 2.900214580482106744e-03 7.127319025444001088e-02 -1.873881049727735282e-02 7.753289455091540161e-02 3.048310181470027802e-02 -2.653441276751396845e-03 0.000000000000000000e+00 0.000000000000000000e+00 1.110155741054219547e-02 1.430084901714495475e-03 3.518113004419887863e-03 7.685329903452027892e-03 -8.272720931905026137e-03 7.973640573828729913e-03 5.182136941414228204e-03 -8.424809485899742434e-03 -2.140723096423494381e-03 6.572429092104317520e-03 3.587625699423739947e-04 1.119399978946407880e-02 6.756519955200722882e-04 1.538048537735941731e-02 -9.753575651333563912e-05 -1.013884170947747763e-03 2.086054145404342419e-02 -1.117540013978895151e-02 -4.939057035459369117e-03 1.361663549224600457e-02 7.625201963035854909e-03 -1.418957941197993532e-02 1.299996336070097930e-02 -1.172185293483484761e-03 -9.172538568832581778e-04 2.242584191963666734e-02 5.799560713499171682e-03 -1.234948186831687526e-03 -8.634843484689028181e-03 -1.912643305004603500e-02 -4.809065270445346194e-03 3.496118466154146849e-03 2.534416852920784620e-03 4.272039628466218347e-03 -9.019752006081682705e-03 -1.911805196991077718e-02 -7.519011835578348624e-02 2.070699336797679480e-02 -2.316475576931648073e-02 5.540301714822144482e-04 -2.790554652438055269e-02 3.620274683311097697e-02 -1.769952262473182061e-02 3.139010548507824988e-02 2.792922060207527531e-03 9.779864405280787754e-04 -6.196053368249580763e-04 3.636659837565271464e-03 -4.793687943378629156e-03 -3.872652187738625292e-03 2.502111601720367982e-03 2.078952857216950431e-02 8.127655157715248969e-04 1.216839782265995498e-02 7.663773278778719319e-03 2.399266353676810307e-02 1.554147782960182880e-03 1.577127488078328837e-02 -1.520499670153547395e-02 -6.837593015446622163e-04 2.048155340394344423e-02 2.139778238830930199e-02 -1.409221651161999579e-02 1.190205919266759671e-02 -8.558245444764037146e-03 1.526643365652998949e-02 2.958052878543366432e-02 1.119841031623273683e-02 -1.060792664895148342e-03 7.961467545244774527e-03 -4.992787564697782725e-03 -2.860565030928676963e-03 2.682658394668250429e-03 -7.879135110191467714e-03 5.567839832013810053e-02 1.933452509289068297e-02 -4.171716669650746973e-02 1.589379389535370418e-02 4.807015386749883407e-02 2.092001153420736462e-02 -5.111891677884820850e-02 1.913542758845349426e-02
0.000000000000000000e+00 0.000000000000000000e+00 2.581083690069123880e-03 2.280981778791751641e-03 3.513155903674074817e-03 5.102785516608938227e-03 -7.278326050671884984e-04 7.170508347137981471e-03 -1.129762056700132390e-02 2.084530648328997843e-02 -2.909996781349064639e-03 1.872278769086154360e-03 -7.217979471800920616e-03 2.238515719571625758e-03 -1.057181510022049253e-03 -2.207831540048549226e-03 2.407256965119493851e-03 5.044726427684772824e-04 6.906250764181867154e-03 -8.307684554733109350e-03 -2.927408145537242681e-03 6.106113428991082059e-03 1.335775983348076127e-03 -8.708725596066311386e-03 -4.347303930308511061e-03 6.386903785204674916e-04 4.210025281613217346e-02 3.469940959586919477e-02 -1.848415423126252566e-02 -1.346241140015558002e-01 -2.539983839437490870e-02 1.002255241634198400e-02 4.462004763201020928e-03 5.961201692580982321e-03 0.000000000000000000e+00 0.000000000000000000e+00 3.109798056312025778e-03 -2.725900325265242109e-03 -3.761096900868386630e-03 5.235668233384217080e-03 -5.269056742194058209e-03 2.526799006437630089e-03 -2.715912862812464718e-03 2.061394460182626193e-03 3.400494428605990325e-04 -1.134495839490831572e-04 7.394710543066358895e-03 5.149614582627603555e-03 -1.750040539099348511e-03 1.191207928424337439e-02 1.605892452260206799e-02 -2.175046538899302710e-03 -1.101022582238230180e-03 -7.795854342125521121e-03 -2.501470589727862025e-03 3.934684172273313595e-03 -1.035223739170242421e-03 8.411448678282701244e-04 9.109873550798215950e-04 -8.062332037662384241e-04 -1.823281777902312174e-03 7.263153235230682646e-03 1.925079374660897905e-03 -8.103280955750254578e-04 6.238556820250767618e-03 -4.416830719421373230e-03 -1.138746883631731877e-02 2.285472408541616533e-03 1.914554918639134115e-03 -1.430100494834703282e-04 -6.593835562661168673e-04 4.300461858704698707e-03 -1.340679292185183603e-03 -4.838042114592966923e-03 -9.421560724485474048e-03 1.578945092079196352e-02 -2.347946133200207522e-02 -1.011924274749721742e-02 2.917608787048350024e-03 -1.318560352618390608e-02 2.321248404719449942e-03 3.663098472488735251e-03 2.907450709137302490e-03 -1.838705529071793477e-03 -3.708343280767233477e-03 4.787188457039012052e-03 -6.077546262278956009e-03 -1.818513999769229761e-03 -2.984452090280339046e-03 2.331394582512778119e-03 -2.737639667522824821e-03 -6.843393799865232774e-03 5.684969806465803646e-04 -3.121546520448090223e-03 -1.437022019475629481e-04 2.594538815621377694e-03 -8.790385044016279723e-03 -2.054486628608656184e-04 7.459288477107949185e-03 -9.740365673013429018e-04 5.599699030659159756e-03 -3.567583603356480702e-03 -7.693211617877930390e-03 1.000944152645621109e-03 -4.536743640283178239e-03 5.010226238116992706e-03 -1.557527071996400985e-05 -4.468523960667329827e-03 8.719715464510890534e-05 9.681051738166000092e-03 1.434827377102909987e-02 -9.281507275528668929e-03 -3.755449026512712452e-02 -7.419137994969246010e-03 1.499773915429440316e-02 -8.814127337244622579e-03 -1.552908405915879968e-02 -6.131868667903375356e-03
0.000000000000000000e+00 0.000000000000000000e+00 -2.157861723807130672e-04 1.162260290404868064e-02 -3.813381404388198510e-03 1.910083834925000931e-02 1.015702041090553323e-03 -2.601882842308837068e-03 -5.175667119169181582e-03 1.108146982264140434e-01 3.503362026838350435e-03 1.839808846598227701e-02 9.467954978761343454e-03 1.567682752533633428e-02 -9.914624075919387450e-03 4.382793224413381386e-03 -1.026778021419663504e-02 9.072418780888203554e-03 5.236381787273486008e-03 1.431011637127198831e-02 1.790774222570657836e-03 6.788312947153583334e-03 -1.348174473105124248e-02 -1.190270959309610022e-01 5.005333503349239377e-02 1.496924579116060139e-01 3.469940959587277524e-02 7.472253285077240514e-01 6.291368679542520825e-02 -4.545298551339878035e-01 7.823538520080305925e-02 1.329302066610130451e-01 3.147985857247864727e-02 8.359506391335546488e-03 0.000000000000000000e+00 0.000000000000000000e+00 3.782848933316836255e-03 -6.559120708567811944e-03 1.119817614352598689e-03 -7.647227709863023762e-05 -2.359886708718625294e-03 1.162596615024719853e-03 -3.119948220015843210e-03 -5.125318293047107648e-03 -8.093112852775193305e-04 -3.095590836518972641e-03 -3.394913443435332127e-03 3.943222131950582972e-03 1.993021135828069047e-03 -2.019931220302825553e-04 -2.997773076485699129e-02 1.267723092175397810e-02 2.156079518119560778e-02 -1.098458443714555276e-02 -4.055408648034668391e-03 7.722616819737030715e-03 1.117288262939367463e-02 -8.617464847113020382e-03 1.418738797911335385e-02 -4.382537525867481222e-03 8.360841838263237511e-06 6.892377176082693443e-03 -6.059987402485414974e-03 7.293523049570838426e-04 3.090771359092421566e-03 -8.694814195323068845e-03 -1.329533615786404437e-03 -1.610706476320188096e-03 8.966434182550175620e-04 1.727385830795235243e-03 -1.491416066442416595e-02 -9.858043858283078650e-03 -5.807016246046026869e-02 1.069794052729647858e-02 -4.761359636216107999e-02 -5.382312740585138561e-03 -2.429696631556778341e-02 1.612466695146080528e-02 -1.904988719980814371e-02 3.915024918170018770e-02 2.309357822584789943e-03 -2.874714603512128295e-03 2.691985844104100457e-03 8.579910172743071203e-03 2.521027267218578331e-03 -1.383092936025898459e-02 -5.943146399215996911e-03 1.957336796662214121e-02 -3.640111346965831194e-03 1.768259517822596757e-02 1.959510310883289842e-03 2.383135436362166654e-02 2.490412269108708849e-03 1.791423527472616600e-02 -1.081157487364004834e-02 -1.839605149733685580e-02 1.667555400607821647e-02 2.632211099974210086e-02 -6.304910961639060424e-03 2.300224305063590380e-02 -8.106777943443032805e-03 3.170926993496622076e-02 2.239440729057029164e-02 2.323954185326993632e-02 3.797065658313816404e-04 -1.806235674922642624e-04 -2.162309008956941371e-03 1.972271284209764497e-04 7.261087241026344986e-03 -1.477426710482429746e-02 1.281729996040662234e-01 1.612252391202566304e-02 -9.572058470880968895e-02 2.085587774954448387e-02 8.008696701680016738e-02 2.373331773263832878e-02 -1.113054010560252244e-01 1.764239644000600502e-02
0.000000000000000000e+00 0.000000000000000000e+00 -8.234591405196204804e-04 -7.067236434917345371e-03 -4.853899170029359576e-05 -9.892431256045020396e-03 6.559184023088625651e-03 -3.708456113702664203e-02 2.560495953039018235e-03 -2.474531333878780479e-02 6.596457438227358062e-03 -8.240952157928515057e-03 -1.303904125125145749e-03 -1.159860778284172063e-02 6.288356133306852690e-03 -1.282370459098555217e-02 2.164669241881405238e-03 -1.285782812786455398e-02 -1.675019220374752635e-02 1.136158176309769174e-02 8.322153958659024228e-04 -1.522596771474750074e-02 2.530920402892725238e-04 1.601126931900861191e-03 -2.762080936887586699e-02 2.900214580484440814e-03 -1.848415423126380241e-02 6.291368679543193898e-02 9.012653869883374691e-02 9.979817394334018765e-03 -7.870808094123162360e-03 4.635090486818309319e-03 -7.407542211499650725e-03 -3.756977518620376131e-03 0.000000000000000000e+00 0.000000000000000000e+00 1.092414426959618153e-03 1.371510525457810773e-03 4.234713192534310736e-03 -6.110770771402261256e-03 7.767320676544368571e-03 -4.160903881559636572e-03 -2.727394887272706001e-03 3.704649096013193452e-03 -5.540690341398096016e-04 -8.537527925969489936e-03 -8.493468156812501030e-03 -4.930444903092955425e-03 1.393040374670585259e-03 -1.824229035026265003e-02 -2.027723679765247936e-02 6.419545626887316822e-03 -8.036217719315867300e-03 7.672335286736900462e-03 2.376485950589003141e-03 -5.003063166399364207e-03 1.636664339011879464e-03 -1.294217831382635329e-03 1.885808454129820656e-04 1.098013273742142783e-03 2.403465037578264313e-03 -1.017940163421181092e-02 -8.367210548893532981e-03 -1.450530920120221123e-03 -7.948878476102740065e-03 8.043237156467635679e-03 1.154100569580642464e-02 -3.639961028683189222e-03 -3.236296975902662985e-03 -6.979476948840506248e-03 1.562460347259373057e-03 -3.474148125619777421e-03 9.709433794141270058e-03 4.188265863599423787e-03 7.743356520146790073e-03 -1.230804315492253949e-02 3.195415368550415941e-02 -7.677744696765504036e-04 9.635958435949257619e-03 1.954288076622674036e-02 -2.353546476921346362e-03 -9.861520693275809078e-04 -1.981350576560062492e-03 3.028839847046897217e-03 3.988093399618675670e-03 -5.622598170311500498e-03 5.796068459248959748e-03 -4.146957483982396204e-04 2.467752634079202478e-03 -8.695090645852456522e-04 -2.202245392529636209e-03 3.665702275975780706e-03 -6.561279407856147232e-04 1.678259431429805163e-03 -2.895867529123337045e-04 -5.618912814245561813e-03 7.516471463992781959e-03 -3.396653269052965149e-04 -6.463241124418156111e-03 5.144421085805194263e-03 -2.175248413948466719e-04 3.459078025286270886e-03 8.633741621916032893e-03 1.865447209224129453e-03 4.184706668598172329e-03 -5.613894213186284080e-03 1.867108954309273667e-03 4.538170224166732276e-03 1.543770959531121957e-03 -2.117984572230785165e-02 8.912050156811034130e-03 2.086927721344072201e-02 1.197197444323943455e-02 2.019506029560608207e-02 -2.140509520023783224e-03 1.920373280513942849e-02 -5.278961385436941461e-03 1.599984128662810395e-02
0.000000000000000000e+00 0.000000000000000000e+00 -3.145505853192923779e-02 2.056982642565887559e-02 -3.656913395329659117e-02 6.339502085375215909e-03 2.779887026568408220e-02 -5.103019524038103494e-02 1.604154218440936169e-02 -5.569243787804410706e-02 5.276418747715519442e-02 3.223210937499536299e-02 8.756826521375764283e-02 2.231401507189384112e-02 -4.704063994692754894e-03 -5.105430915698162819e-02 -4.209355303692790227e-03 1.124261775346798581e-02 -3.964099579251199879e-02 1.867779467779594887e-02 3.705939718046161874e-02 -2.103387054291639205e-02 1.155671278143718603e-02 -2.059851676064846163e-02 1.115644305336416370e-01 7.127319025448641820e-02 -1.346241140015571325e-01 -4.545298551339985171e-01 9.979817394326396390e-03 2.573046925065426649e+00 -1.545768582550934855e-01 3.451979716675926402e-02 1.473886624511225145e-02 -1.046194986420084794e-02 0.000000000000000000e+00 0.000000000000000000e+00 5.827087445561507373e-02 1.729321511142482837e-02 4.767497977093423239e-02 -2.744916389252658340e-03 -9.459058902304792738e-03 -6.052170914245868843e-04 7.319899372180227980e-03 -5.256333625150658856e-03 -1.400051865445137329e-02 -5.226212534562313383e-02 -1.687830713255893816e-02 -2.952864275081013012e-02 1.412515366938927285e-02 -9.242292782365618686e-02 -1.740078575644272985e-01 2.722656441574759778e-02 1.675636929017422505e-01 6.115517928538977827e-02 -9.634727107392009396e-03 2.730189202002642965e-03 1.859262901623952649e-02 -4.421981585554095318e-02 1.959210236687528375e-02 1.681394683400751688e-03 1.241783023530322605e-02 -4.591365727619686060e-02 -4.050840514029091510e-02 2.528717591455873631e-03 -1.963202158070471159e-01 3.335119986538036957e-02 1.615180473665343147e-02 -1.982688128606517608e-02 -2.962281950304822623e-02 -5.326648890832547112e-02 5.289862061357892935e-03 -6.750370595516758110e-02 -4.217005926680221506e-02 2.896087708472267278e-02 2.980463668374819936e-02 -3.939268590818301857e-02 5.580326762442880395e-02 1.279542159638831222e-01 5.712864643131041267e-03 1.511253747011559456e-01 5.001263813980380210e-03 -1.766443289314232126e-02 -2.191700519483676807e-02 -1.131500737533062094e-04 -3.112024360378289403e-02 -3.276186559767207268e-02 4.201834406803368893e-02 2.705632253113695110e-02 2.367690338406293338e-02 3.145139964832885382e-03 1.094412287508869305e-02 6.390898737439805466e-02 1.147241280095181656e-03 2.376440706302860445e-02 -5.464501211586422075e-02 -1.858059891289952012e-02 6.853078163357129160e-02 1.901394952591289184e-02 -6.192662418600582835e-02 3.333709188452800565e-02 -1.164750523974553316e-02 2.532235256596742159e-02 7.768097188253021701e-02 7.338623420402488710e-03 -2.248603466986352859e-03 -1.812444327515734185e-02 1.893371299406172194e-03 -1.907743798472382119e-03 6.648866575291876441e-03 -1.277414158166126634e-01 2.657063289708557208e-01 1.461257051004160312e-01 -2.853700529960718352e-02 1.333304466716631054e-01 1.748264861116600732e-01 1.291633708523495516e-01 -2.406834182293924040e-01 1.158295468456453231e-01
0.000000000000000000e+00 0.000000000000000000e+00 5.148035056769690102e-03 -6.304273393706353104e-03 4.503402811279669411e-03 -1.581294459975038326e-03 -4.257005166927248403e-03 4.923198649732473536e-02 -2.240663401913681879e-02 -5.550713943195288019e-03 -1.018251525318388320e-02 -8.560201249479910610e-03 -7.648900684890812610e-03 -5.425969842317444197e-03 -6.792055868449755653e-03 -2.288710128505845945e-04 1.345276673883911457e-02 -1.755638785519516090e-03 2.651802695430545073e-02 -2.596232736332212271e-02 -2.219753196291782832e-03 1.161077901356544033e-02 -1.735168883642267817e-02 9.446675475114124990e-03 6.313290905632518157e-02 -1.873881049728601950e-02 -2.539983839436420199e-02 7.823538520079872938e-02 -7.870808094137029740e-03 -1.545768582551498294e-01 2.025522584892847366e-01 -1.492294611338242961e-02 -8.152556292455453990e-03 1.007653327420283094e-02 0.000000000000000000e+00 0.000000000000000000e+00 -1.492444259830029256e-02 -7.235431664637010860e-03 -2.668101833407757499e-04 1.218859618882195579e-03 4.132518360734345995e-03 -6.012182789477625230e-03 1.183918177583095227e-02 -6.458512782798419422e-03 2.899384632218430027e-03 2.155983297124865541e-02 -1.082175822212698424e-02 -6.324324378399496724e-03 -7.804267561395046050e-04 7.916544188227197035e-03 4.272471945409130750e-02 -7.455116548948420921e-03 -1.558850201212892174e-02 -3.837685746911988389e-03 8.036480002398444650e-03 -1.390001668422747097e-02 -2.504510175371967538e-03 5.448836667076222690e-03 -1.872035918025414733e-02 7.008795681167587568e-03 -6.072791904392519985e-04 -2.997344243470746045e-03 1.788976478959339311e-02 3.699142133419148874e-03 2.808276919436410168e-02 -3.385899696425041273e-03 1.499034563923063237e-02 -6.652112137101929591e-04 6.058090747099213573e-03 -1.345717092294022432e-03 -1.301126855434418502e-03 9.070571254289064994e-03 6.159811647599537643e-03 -8.373826165371866387e-03 7.435469014089191725e-03 -2.557098506547153538e-02 1.271873159135506956e-02 -1.674211113272589327e-02 -1.470055285498916495e-02 -1.178946548255236162e-02 -5.090104869439140284e-03 -2.921949565297870220e-03 -1.375585330074246713e-03 1.083835289615553551e-03 1.242260271179374161e-02 -6.802672784228423145e-04 2.164975425732935423e-03 -4.933222675036213686e-03 -1.264658676221992132e-03 -8.697348165707935799e-03 5.076565733697645071e-03 -9.301169407432219663e-03 -5.810944041479776606e-04 -6.043507173513813606e-03 1.790905771076626435e-02 -2.549116339297801152e-04 -1.312280721145901025e-02 -4.849852620160629429e-03 4.266368802254486350e-03 -1.274307944367416602e-02 -8.197340729754084426e-03 -1.661617540532769541e-02 -1.321136905202361517e-02 -3.616485143742852702e-03 7.520452634275569953e-03 -5.146913410352134573e-03 -2.368222949036757723e-03 -1.216627566921553265e-02 3.717925537323390605e-03 2.466976155056414474e-02 -1.428082010394758281e-02 -3.240537263148539349e-02 8.197431621966601301e-04 -3.803312279412587871e-02 -1.571934648821754488e-02 -3.122670061342709344e-02 6.691134603551127102e-03 -2.699470826679093230e-02
0.000000000000000000e+00 0.000000000000000000e+00 -5.475912628977723951e-04 3.530608641622957206e-03 -4.977369409963032639e-04 2.957633706595988194e-03 -3.247423651637807232e-03 3.913209243343685438e-03 2.509457017232896194e-03 -2.622731651740607337e-03 -1.654679797939809975e-03 5.942043783817107724e-03 -9.977988317906843346e-04 7.043031902533146253e-03 -9.606766275297511874e-04 -6.892556587969373913e-03 -4.234288524603505716e-03 5.406710384736001206e-03 -4.608919515856246124e-03 7.475326071965484806e-03 -1.814767325557919281e-03 3.509393700144205173e-03 2.140692042418635744e-04 -6.834831001387377258e-02 4.695078771895422678e-03 7.753289455091368076e-02 1.002255241634277677e-02 1.329302066610179023e-01 4.635090486817987528e-03 3.451979716675778603e-02 -1.492294611338955586e-02 1.180950173984218060e-01 1.017625624425076356e-02 -5.858177168884859225e-03 0.000000000000000000e+00 0.000000000000000000e+00 1.148900126025539752e-02 1.394832788778240244e-04 1.694587895481217826e-03 4.765007308094921894e-03 -5.175536327668416384e-03 3.116801722887873032e-03 -5.756587775445189473e-03 1.105165900071713525e-03 -1.841236729968368088e-03 -7.350498411823691049e-03 4.846816615814058919e-03 3.328039311719855307e-03 1.165526037206458896e-03 6.397079292570686387e-03 -2.957495789995380833e-02 6.620492978121797056e-04 2.542483542280517608e-02 -3.583297579066230341e-03 -5.274160138812822307e-03 8.189137060233619286e-03 6.666730559822913772e-03 -7.425220738578345789e-03 4.383242395278733224e-03 -1.761690310527797704e-03 2.602988436013830924e-04 8.752644973895110786e-03 -1.317064782375113388e-02 -3.277072503062685490e-03 -1.476812657764864194e-02 -3.376561450238878877e-03 -9.905796332436610924e-03 -5.985901749795824456e-04 -2.086941590129736887e-03 -2.091121074392484399e-03 -3.684965293672213833e-03 -1.013704618817889286e-02 -1.826996657086581502e-02 5.440004848128027898e-03 -1.841369312752076659e-02 1.229294162849336840e-02 -2.048774409985059872e-02 1.506324507130244773e-02 1.415962255203069174e-03 4.052189750193055384e-02 3.245244066604627189e-03 9.375123905716157852e-04 2.657881695471136911e-04 -2.938526318464996026e-03 -7.918485143256097369e-03 -2.446038899464563366e-03 -2.473362984805670389e-03 7.629460884648646239e-03 1.801443265376318967e-04 6.005555846809507159e-03 -1.203018997935290969e-03 9.763806115653084206e-03 -3.676427775519132109e-04 5.492168916085583656e-03 -1.089284139387267786e-02 -5.445784886394734910e-03 6.222634484760250495e-03 1.242864346173935645e-02 -4.030757634968734106e-03 1.049012119006233028e-02 2.900281606545314621e-03 1.242787634122485135e-02 8.596756191921491388e-03 5.178164082045479642e-03 -4.964235958475364183e-03 2.292500122891610349e-03 2.576454769910077039e-04 -6.110409665641548631e-04 1.577716084995600893e-03 -1.435179508713348845e-02 6.805689730766398271e-02 1.801519546365425162e-02 -5.110067645130236813e-02 2.034649191632407345e-02 5.310331546358264265e-02 1.827684079569150480e-02 -5.885886869659066184e-02 1.817363896211194804e-02
0.000000000000000000e+00 0.000000000000000000e+00 -4.656993263573501463e-03 7.440264009494502659e-03 -1.006833013186148561e-02 7.309099245001051022e-03 1.112694194211254727e-02 -1.242016275811938519e-02 7.330123788818666657e-03 3.291770342254555365e-02 1.829664404966150834e-02 4.322430911911719249e-03 2.385371663949536342e-02 9.152934605379675365e-04 -1.538319896644246929e-03 1.312950594141646873e-02 4.580665300145488582e-03 1.169321658236013514e-03 4.631501677668460951e-03 6.793529810023790638e-03 1.163119399146901600e-02 2.485306338424623888e-03 -3.432249089158334859e-03 -1.937129992335529308e-02 2.148400068872655805e-02 3.048310181469879657e-02 4.462004763202415646e-03 3.147985857248058322e-02 -7.407542211499142451e-03 1.473886624508779358e-02 -8.152556292458083831e-03 1.017625624424950415e-02 3.008253539324691472e-02 2.378380771874621762e-03 0.000000000000000000e+00 0.000000000000000000e+00 7.167151588973396173e-03 3.211901095406987511e-03 -6.284464796291444047e-04 4.734928449405798392e-03 -8.271322869964245830e-03 7.412365784627374977e-03 -3.488641647914074613e-04 -2.204130462778491201e-03 -6.820497012084373450e-04 -3.466799275148373279e-03 6.883203761073124725e-03 1.008314129157008958e-02 -9.450154075308341700e-04 1.229549777321385651e-02 5.502402241406914411e-03 -1.133147252208057971e-03 5.836769289140298841e-03 -9.187424728078574451e-03 -5.318515097726389702e-03 1.156228874912166096e-02 3.463081213820393806e-04 -6.769739046620190659e-03 1.499042225601235692e-02 -2.904286541677699070e-03 -1.405303109930373939e-03 1.366461225200431978e-02 1.295028136437522022e-03 -2.258540172231479366e-03 -6.372161746159211125e-03 -1.003733208537039255e-02 -1.123778086203743032e-02 3.673746182789367713e-03 7.164111234693606263e-04 3.130749555280344654e-03 -4.638911718451897703e-03 7.707658100623336964e-04 -4.165754436440111119e-02 -2.322086812579025016e-03 -1.809183876863323590e-02 1.282779631222637695e-03 -3.086796562020211604e-02 4.980828064890462439e-03 -9.400685423463433360e-03 -2.872167538960717758e-03 3.835890718249850874e-03 2.913726960553424290e-03 8.970164196045611040e-04 9.819105173007834902e-04 -6.051823394680283692e-03 1.224853625806652082e-03 -3.039960665279120393e-03 9.407646110836519193e-03 -1.887452293066735776e-03 9.214044884206797417e-03 7.192699676486381116e-04 8.766845210289355914e-03 1.162415222052892976e-03 9.508820333567952199e-03 -9.792701807416186871e-03 1.072688368671706471e-03 6.027438879943438840e-03 1.153931422202533925e-02 -1.813525730220652901e-03 7.683385925565781177e-03 1.788140078118039076e-03 8.911323739344683206e-03 8.648265862538922696e-03 8.019742626567825244e-03 -4.617394255436994832e-03 7.536132108313210037e-03 -1.277868124111382776e-03 4.640557411092966975e-03 -4.345627422575840549e-04 -7.525097454368408906e-04 2.292885030664014098e-02 9.221029930718674383e-03 -2.919007474916623934e-02 8.780157464663030514e-03 2.137223762489753529e-02 8.575064402654573176e-03 -2.249616828660775530e-02 8.079667683825004013e-03
0.000000000000000000e+00 0.000000000000000000e+00 3.586512782646282451e-03 1.458045541196938133e-02 -1.525196625093701991e-03 2.488531354320003622e-02 1.998070732237368623e-03 2.592714772515341062e-02 2.650349831461742099e-04 1.122357997819254521e-02 4.601996870457114933e-03 2.359233659178173320e-02 7.178575856244671927e-03 2.635116972502405189e-02 5.505739615490474722e-04 -9.787181525038165988e-04 1.294690455746050958e-03 2.365514105949719989e-02 -1.329353147275053179e-03 -6.857294696895172535e-03 4.674145015314877180e-03 2.253751198005828765e-02 -2.062777276444101131e-03 3.278349002695562370e-02 3.791683884804136762e-03 -2.653441276748163755e-03 5.961201692584456105e-03 8.359506391339324716e-03 -3.756977518621608652e-03 -1.046194986420753183e-02 1.007653327419678543e-02 -5.858177168882933682e-03 2.378380771875056310e-03 4.666594493708323133e-02 0.000000000000000000e+00 0.000000000000000000e+00 8.151829133854933407e-04 1.256965690464183737e-03 1.600436676403260011e-03 7.092377980572802396e-04 -4.547130466381688399e-04 4.264409983912438134e-05 5.785840694841601134e-04 6.231193591581157864e-04 3.555248014484803550e-04 -2.932187727487068143e-03 -2.200849492020811953e-04 2.221145644920903680e-04 -5.948351320249446262e-04 -1.206608907776575337e-03 8.496213308707400644e-03 -1.365410013029545386e-03 -1.934671185830869142e-03 8.636609765062331148e-05 7.434047077967935327e-04 -2.969888475997752453e-03 -3.871077860899500237e-03 -2.503787504395859004e-04 5.727889741632809315e-04 2.453194200528344051e-03 -1.613629686147253378e-05 -2.872504806341238687e-03 3.054117263915212890e-03 -1.124468466739852708e-03 -4.427371391827693813e-03 1.916782726050105792e-03 4.312931151373570245e-04 1.769767065935940950e-04 -5.500087455811240172e-04 -6.060366866487271881e-03 2.718868599097638296e-04 9.913346247547185838e-03 1.690725483130894359e-03 -1.435765474665263997e-02 7.919507198942306314e-04 -1.161865273833246476e-02 -3.925239372069250048e-03 -1.812109786359721031e-02 -1.559361727290846681e-03 -1.332275241715365557e-02 -1.227557241181813775e-04 -6.551795788979378156e-04 5.710725077237446086e-04 6.645083966303196943e-04 5.123295468418504004e-04 6.554856373933125313e-04 -2.209335717593162234e-04 -2.524264006088119613e-03 -1.038861945375156495e-03 -1.955150825163625588e-04 -1.816851664645853081e-03 -6.525008593668476034e-03 -2.822284898619018922e-05 -2.614988940909636610e-03 1.823046591073293433e-03 -8.734951328182000803e-04 -4.738936104854694388e-03 -1.135753706881144527e-03 2.475345188442486764e-03 -1.298588339750054738e-03 2.073794052921615772e-03 -7.709487964150323926e-03 -3.408066622735595255e-03 1.449178142063270187e-03 1.489239917823224435e-04 -1.364283375652699691e-05 -8.025543014985138997e-04 -1.319376874677031467e-03 9.734120025580619406e-04 -2.852958024768963846e-03 1.268234629244972302e-02 3.844837826873422418e-03 -1.311921540281760570e-02 1.913536476328682413e-03 4.458559468212695137e-03 -4.211071870875056355e-04 -1.613972382201835087e-02 2.596077582144207859e-03
0.000000000000000000e+00 0.000000000000000000e+00 0.000000000000000000e+00 0.000000000000000000e+00 0.000000000000000000e+00 0.000000000000000000e+00 0.000000000000000000e+00 0.000000000000000000e+00 0.000000000000000000e+00 0.000000000000000000e+00 0.000000000000000000e+00 0.000000000000000000e+00 0.000000000000000000e+00 0.000000000000000000e+00 0.000000000000000000e+00 0.000000000000000000e+00 0.000000000000000000e+00 0.000000000000000000e+00 0.000000000000000000e+00 0.000000000000000000e+00 0.000000000000000000e+00 0.000000000000000000e+00 0.000000000000000000e+00 0.000000000000000000e+00 0.000000000000000000e+00 0.000000000000000000e+00 0.000000000000000000e+00 0.000000000000000000e+00 0.000000000000000000e+00 0.000000000000000000e+00 0.000000000000000000e+00 0.000000000000000000e+00 0.000000000000000000e+00 0.000000000000000000e+00 1.000000000000000000e+00 0.000000000000000000e+00 0.000000000000000000e+00 0.000000000000000000e+00 0.000000000000000000e+00 0.000000000000000000e+00 0.000000000000000000e+00 0.000000000000000000e+00 0.000000000000000000e+00 0.000000000000000000e+00 0.000000000000000000e+00 0.000000000000000000e+00 0.000000000000000000e+00 0.000000000000000000e+00 0.000000000000000000e+00 0.000000000000000000e+00 0.000000000000000000e+00 0.000000000000000000e+00 0.000000000000000000e+00 0.000000000000000000e+00 0.000000000000000000e+00 0.000000000000000000e+00 0.000000000000000000e+00 0.000000000000000000e+00 0.000000000000000000e+00 0.000000000000000000e+00 0.000000000000000000e+00 0.000000000000000000e+00 0.000000000000000000e+00 0.000000000000000000e+00 0.000000000000000000e+00 0.000000000000000000e+00 0.000000000000000000e+00 0.000000000000000000e+00 0.000000000000000000e+00 0.000000000000000000e+00 0.000000000000000000e+00 0.000000000000000000e+00 0.000000000000000000e+00 0.000000000000000000e+00 0.000000000000000000e+00 0.000000000000000000e+00 0.000000000000000000e+00 0.000000000000000000e+00 0.000000000000000000e+00 0.000000000000000000e+00 0.000000000000000000e+00 0.000000000000000000e+00 0.000000000000000000e+00 0.000000000000000000e+00 0.000000000000000000e+00 0.000000000000000000e+00 0.000000000000000000e+00 0.000000000000000000e+00 0.000000000000000000e+00 0.000000000000000000e+00 0.000000000000000000e+00 0.000000000000000000e+00 0.000000000000000000e+00 0.000000000000000000e+00 0.000000000000000000e+00 0.000000000000000000e+00 0.000000000000000000e+00 0.000000000000000000e+00 0.000000000000000000e+00 0.000000000000000000e+00 0.000000000000000000e+00 0.000000000000000000e+00 0.000000000000000000e+00 0.000000000000000000e+00 0.000000000000000000e+00 0.000000000000000000e+00 0.000000000000000000e+00 0.000000000000000000e+00 0.000000000000000000e+00 0.000000000000000000e+00 0.000000000000000000e+00 0.000000000000000000e+00 0.000000000000000000e+00 0.000000000000000000e+00 0.000000000000000000e+00 0.000000000000000000e+00 0.000000000000000000e+00 0.000000000000000000e+00
0.000000000000000000e+00 0.000000000000000000e+00 0.000000000000000000e+00 0.000000000000000000e+00 0.000000000000000000e+00 0.000000000000000000e+00 0.000000000000000000e+00 0.000000000000000000e+00 0.000000000000000000e+00 0.000000000000000000e+00 0.000000000000000000e+00 0.000000000000000000e+00 0.000000000000000000e+00 0.000000000000000000e+00 0.000000000000000000e+00 0.000000000000000000e+00 0.000000000000000000e+00 0.000000000000000000e+00 0.000000000000000000e+00 0.000000000000000000e+00 0.000000000000000000e+00 0.000000000000000000e+00 0.000000000000000000e+00 0.000000000000000000e+00 0.000000000000000000e+00 0.000000000000000000e+00 0.000000000000000000e+00 0.000000000000000000e+00 0.000000000000000000e+00 0.000000000000000000e+00 0.000000000000000000e+00 0.000000000000000000e+00 0.000000000000000000e+00 0.000000000000000000e+00 0.000000000000000000e+00 1.000000000000000000e+00 0.000000000000000000e+00 0.000000000000000000e+00 0.000000000000000000e+00 0.000000000000000000e+00 0.000000000000000000e+00 0.000000000000000000e+00 0.000000000000000000e+00 0.000000000000000000e+00 0.000000000000000000e+00 0.000000000000000000e+00 0.000000000000000000e+00 0.000000000000000000e+00 0.000000000000000000e+00 0.000000000000000000e+00 0.000000000000000000e+00 0.000000000000000000e+00 0.000000000000000000e+00 0.000000000000000000e+00 0.000000000000000000e+00 0.000000000000000000e+00 0.000000000000000000e+00 0.000000000000000000e+00 0.000000000000000000e+00 0.000000000000000000e+00 0.000000000000000000e+00 0.000000000000000000e+00 0.000000000000000000e+00 0.000000000000000000e+00 0.000000000000000000e+00 0.000000000000000000e+00 0.000000000000000000e+00 0.000000000000000000e+00 0.000000000000000000e+00 0.000000000000000000e+00 0.000000000000000000e+00 0.000000000000000000e+00 0.000000000000000000e+00 0.000000000000000000e+00 0.000000000000000000e+00 0.000000000000000000e+00 0.000000000000000000e+00 0.000000000000000000e+00 0.000000000000000000e+00 0.000000000000000000e+00 0.000000000000000000e+00 0.000000000000000000e+00 0.000000000000000000e+00 0.000000000000000000e+00 0.000000000000000000e+00 0.000000000000000000e+00 0.000000000000000000e+00 0.000000000000000000e+00 0.000000000000000000e+00 0.000000000000000000e+00 0.000000000000000000e+00 0.000000000000000000e+00 0.000000000000000000e+00 0.000000000000000000e+00 0.000000000000000000e+00 0.000000000000000000e+00 0.000000000000000000e+00 0.000000000000000000e+00 0.000000000000000000e+00 0.000000000000000000e+00 0.000000000000000000e+00 0.000000000000000000e+00 0.000000000000000000e+00 0.000000000000000000e+00 0.000000000000000000e+00 0.000000000000000000e+00 0.000000000000000000e+00 0.000000000000000000e+00 0.000000000000000000e+00 0.000000000000000000e+00 0.000000000000000000e+00 0.000000000000000000e+00 0.000000000000000000e+00 0.000000000000000000e+00 0.000000000000000000e+00 0.000000000000000000e+00 0.000000000000000000e+00 0.000000000000000000e+00
0.000000000000000000e+00 0.000000000000000000e+00 -3.329393829123233547e-03 9.550474635376277619e-04 -4.433723315502051225e-03 1.939023115035612118e-03 9.264045306847308245e-03 -2.014405313285605459e-02 1.037025682204408168e-02 -2.243045822557286975e-02 1.291868313782337969e-02 6.552602626993613531e-03 1.334911914942063689e-02 2.988600870514560720e-03 2.580117757722548161e-03 -1.188851220274947385e-02 1.944024885618955158e-05 -2.279391573776102554e-03 -5.728021710567392927e-03 7.183307110365607165e-03 6.461180111600608490e-03 -4.303502008395171559e-03 -1.341639029111160145e-04 -9.063621393635486623e-04 -3.431387573741551383e-03 1.110155741054836241e-02 3.109798056312997223e-03 3.782848933325415330e-03 1.092414426961738419e-03 5.827087445560307638e-02 -1.492444259830725574e-02 1.148900126025537496e-02 7.167151588973868018e-03 8.151829133845056325e-04 0.000000000000000000e+00 0.000000000000000000e+00 6.528914114220903120e-02 8.535483896436340048e-03 5.873871556429537989e-03 1.195542875648269304e-02 -2.498862606051098847e-02 7.393131973314761955e-03 -1.941610041271207843e-02 1.499037858914376714e-02 -6.334907408837073435e-03 -3.406863264276282360e-02 2.673326714286387851e-02 7.500381881926938138e-03 2.280735064215096228e-03 7.549419287818512000e-03 -1.157208601428620226e-01 -1.863896155663360759e-03 4.868496373010396117e-02 -2.759053005691949109e-03 -2.102861133032492627e-02 1.536326396193005671e-02 8.613322398517727144e-03 -2.230699906131965518e-02 3.897994631933246468e-02 1.789674797952373443e-03 6.413656242852554040e-04 2.264788530612487499e-02 -4.626593538973407943e-02 -1.271441956981185332e-02 -6.322568033681334743e-02 -1.194051530057190467e-02 -4.536923967124802115e-02 -3.535984870028619290e-03 -8.437997745726580345e-03 -2.051532510920135374e-02 9.606696510872085593e-03 -1.186668108769660043e-02 -1.123266148687367908e-03 4.620525533852472104e-03 -4.234531400519245085e-03 5.947476727184436082e-03 -5.823156544979652890e-03 6.842245263528573367e-03 7.243700682812569125e-03 1.856132267500753066e-02 1.249728106590684493e-02 1.014023577939790650e-02 -4.077083381721654728e-03 -2.342038259396694161e-02 -3.773021677554441733e-02 2.147394695165557883e-03 3.892564902447196665e-03 4.592745395633852576e-03 4.348190551107728070e-03 9.175609327065006524e-03 -9.811085934882385687e-03 -3.141474786987262253e-03 1.313195339410687997e-03 -3.598263275495284554e-03 -3.568256359803463618e-02 -4.694789518430221055e-03 1.438817895320010365e-02 1.490068153383155257e-02 -1.619775607425072775e-02 2.825470525410544997e-02 1.877118135818308178e-02 2.854880764739527090e-03 3.071207623939664275e-02 1.055861220910822400e-02 -2.193115301586467600e-02 7.500370462375311777e-03 2.463726262853095476e-03 3.049241175418131253e-03 5.142103409549561230e-03 -7.452214898657512354e-02 2.258272032757616121e-01 8.508956924286395496e-02 -1.874472615141306031e-01 8.761577028424193114e-02 1.761796699643412012e-01 7.692366381496808236e-02 -2.220739928503039085e-01 8.205254642658875441e-02
0.000000000000000000e+00 0.000000000000000000e+00 -2.408427874936121694e-03 6.654674913805640494e-04 -2.721261692809604817e-03 -4.722809261468898087e-04 2.880826046474663921e-03 -1.988721548200428346e-02 7.998376098710142240e-03 -1.024115373052409718e-02 5.957107067656395791e-03 1.954023315596721110e-03 5.083828277820757156e-03 1.854801642226029841e-04 2.210240408575191943e-03 -1.697862647085149855e-04 -2.594848554476357917e-03 -2.015145882464778205e-03 -7.164169005254926448e-03 9.843933834715917069e-03 2.189162851795772944e-03 -4.971714384234572452e-03 6.063847411410464971e-06 1.238557244805963201e-03 1.714594865632539881e-03 1.430084901714295115e-03 -2.725900325266455981e-03 -6.559120708561257292e-03 1.371510525461585098e-03 1.729321511141913500e-02 -7.235431664632804155e-03 1.394832788766314563e-04 3.211901095406892101e-03 1.256965690465119186e-03 0.000000000000000000e+00 0.000000000000000000e+00 8.535483896434709408e-03 2.905773586377615250e-02 -1.541250789485723409e-03 2.660350924708303113e-03 -1.411015769722444996e-02 1.637118901570261756e-02 7.216148200907637235e-04 2.041939675245020049e-03 -6.872413783128776630e-04 -1.661046975838456705e-03 1.073280803228945229e-02 1.714661648302981400e-02 -7.178911069432818821e-05 2.204387088691900018e-02 -2.175338490366557354e-02 -4.093511421919020753e-03 3.932043871655689984e-04 -4.669956410950351286e-03 -7.164660544772670329e-03 2.251385129569632298e-02 6.599131906134529549e-06 -4.448948314538866619e-03 1.587006350461681384e-02 -3.487309928430497481e-03 -3.505145088717880357e-04 2.633344712265181867e-02 -7.496515140968966137e-03 -6.724279749415962119e-03 -1.381749311291515306e-02 -6.820773004715025706e-03 -1.577941516513602788e-02 1.399021963115277579e-02 -4.145198222747148095e-03 8.177816906281092351e-04 4.398332447180290650e-03 1.344367333590526167e-02 -4.731987853809497928e-03 -6.593524093934039279e-04 1.515736851018039625e-04 2.949920948638538030e-04 -3.082016422310592668e-04 4.864585941492069899e-04 5.832483008648536166e-04 2.527280274047311558e-03 2.785119303000910783e-03 1.135563083147538184e-02 -2.383255607187745317e-03 1.818676416408589224e-03 -1.164489287443720537e-02 1.525576255297055560e-02 2.499801370848903515e-03 -7.453551194922668384e-04 1.692948884031127924e-03 6.970446425712937709e-04 1.085468503934854372e-03 -9.488720810865932526e-03 2.841280534686980302e-03 1.003824050748818898e-02 -1.567530418896694727e-02 1.939646263106678883e-02 1.334038163284263084e-02 -7.898282559126452995e-03 -1.159165589014113373e-02 -1.956869571287059729e-04 -8.507356534869328288e-03 -4.764496469174202102e-03 1.125415811001941220e-02 4.362126476639489512e-04 -7.092971330474675401e-03 2.096193242899127562e-02 1.388717794353381066e-03 6.061817786141367008e-03 -1.006801346739254546e-02 -2.958822786080194701e-03 -9.883957455513242563e-02 1.990379643247196587e-02 9.703482036978844372e-02 1.847130987064510982e-02 -6.397422374023173375e-02 1.711920709728078499e-02 9.097057389740430267e-02 2.017182289054503599e-02
0.000000000000000000e+00 0.000000000000000000e+00 -2.238228542943198739e-03 1.355787736896166002e-04 -2.944830075114949260e-03 -1.543980762090825911e-05 6.085427510928650106e-03 -9.263084894236951403e-03 7.131819914650986206e-03 -5.754032454759758566e-03 7.846639128686862252e-03 3.203394539899911270e-03 9.298026583413004573e-03 9.319075325004822332e-04 -2.294554260853086825e-04 -7.799421502374536894e-03 1.329893346348393068e-03 -1.462427535285588075e-03 -3.045490804320248948e-03 3.496696061862500891e-03 5.182902690722283705e-03 -4.200098560308468225e-03 -4.291108457874699168e-04 4.204641686406259370e-03 -5.768910188156776975e-03 3.518113004423433637e-03 -3.761096900868061369e-03 1.119817614361284883e-03 4.234713192535510297e-03 4.767497977092170075e-02 -2.668101833360668972e-04 1.694587895481709404e-03 -6.284464796297053709e-04 1.600436676404706771e-03 0.000000000000000000e+00 0.000000000000000000e+00 5.873871556428345367e-03 -1.541250789485242674e-03 1.284276938427483632e-02 -3.977275425026976022e-03 1.074772705622159021e-02 -6.236464273217516043e-03 -1.906373728340928202e-03 7.661495625911152272e-05 -1.305966362770438673e-03 -1.159738409305738002e-02 -1.171226154281916274e-02 -9.809154938137214230e-03 2.437913229381207924e-03 -2.955199768899240131e-02 -1.143002353506991989e-02 7.387151657585777284e-03 2.486189486431089959e-02 1.452260748275721602e-02 3.796111697133796453e-03 -1.217746394106776833e-02 -8.785550475960148507e-04 -4.478237241651157781e-03 -1.897169335956853681e-03 5.704669874664161297e-03 3.749146167214172272e-03 -2.174448489932368292e-02 -2.424593259309507087e-03 1.221356037802649079e-03 -3.920336553649911987e-02 1.341872189416206881e-02 1.637776858607124797e-02 -6.196330482496291078e-03 -5.096618792264380644e-03 -1.570897374019647463e-02 -6.024725753646318618e-04 -9.705492035878547988e-03 6.199265322412637197e-03 3.735522756694922668e-03 4.629121647741234712e-03 -6.115482298636297324e-03 1.039301037070200842e-02 5.862271665598885531e-03 3.107924462902328204e-03 1.493796527892846462e-02 -2.214264209274365708e-03 -7.404285882534441393e-03 -1.954746255698561110e-03 -1.499293326278996943e-03 3.975607291077765115e-03 -9.493242838538399134e-03 7.594417506479681987e-03 -5.412074466680173897e-04 3.831263297977485251e-03 8.497425358518253787e-04 -2.085950439932053070e-03 2.002284249203729709e-03 6.030118890931747107e-04 -7.706825506670508981e-03 -4.740189513778282843e-05 -1.140750871249385581e-02 7.485748971652985036e-03 4.334003383076881315e-03 -3.672613123434948380e-03 6.070807795180171822e-03 1.612833156953412004e-03 -2.995388014489320204e-03 1.267739881689769997e-02 2.970907697741955421e-03 4.831078544540585301e-03 -1.095325545568138527e-02 -6.039789092399027934e-04 5.976159338854977049e-04 5.449134024623551904e-03 -4.023037315644278911e-02 6.158016960055417988e-02 3.942938806025820392e-02 -3.572466763047729005e-02 3.497325558317802841e-02 3.506754569305935848e-02 3.025100787096476895e-02 -6.477300159634370724e-02 3.068868562302671035e-02
0.000000000000000000e+00 0.000000000000000000e+00 1.879325475136530213e-03 -6.093594029107900906e-04 2.154988823709961393e-03 8.962507732105417287e-04 -8.409825073690153918e-04 9.717471847830868106e-03 -1.165098542090025127e-02 1.205470112866040104e-02 -3.566578185618317527e-03 -1.616310040557110981e-03 -3.906030784552815081e-03 -1.265098571834444904e-03 -1.216549801058511987e-03 1.308813769392390327e-03 9.787209812194565782e-04 -1.244482871238636670e-03 7.429002367428855225e-03 -5.613902033872278721e-03 -3.577211454843001650e-03 3.523224123199811611e-03 -2.126325700442472722e-04 -6.987850971365856118e-03 6.439776243283371233e-03 7.685329903451000935e-03 5.235668233384677649e-03 -7.647227709702250132e-05 -6.110770771403347193e-03 -2.744916389262445650e-03 1.218859618881287885e-03 4.765007308095225470e-03 4.734928449406395137e-03 7.092377980568692186e-04 0.000000000000000000e+00 0.000000000000000000e+00 1.195542875648090454e-02 2.660350924710817595e-03 -3.977275425026719283e-03 2.909062521929078535e-02 -1.212587630307383410e-02 9.773245598605576415e-03 -4.437423234761480022e-04 6.045931112016581822e-03 -9.582036798865578337e-05 9.447435732267368824e-03 1.107957815501712379e-02 1.723440772722289668e-02 7.202136486527342110e-04 3.617099771480918047e-02 -1.130648496592447268e-02 -5.336651756508452651e-03 3.589050640262621966e-02 -1.754696526675144155e-02 -5.859633770587312218e-03 2.159589124676968355e-02 4.125201801652896190e-03 -8.396212142481962112e-03 1.977721759378368773e-03 5.835116412146539554e-04 5.340184885887719075e-05 4.190663388309029402e-02 -4.117326096667982792e-03 -3.891731955127660392e-03 -3.286290405890082006e-02 -2.637907828386953576e-02 -2.009822369244786480e-02 1.156203354793467267e-02 3.090775896986937450e-03 -5.241712034899695914e-04 7.924737953126815160e-04 1.123361509531414781e-02 -1.172580019359648063e-02 -1.876939269534187932e-03 -4.846554728376235507e-03 3.482965287393617777e-03 -1.403258852395654691e-02 -7.547766441137990527e-04 -2.463726897357112946e-03 -1.131356377570737724e-03 3.392992447023114762e-03 1.473524043536368622e-02 1.978806229147402496e-03 -1.277906452255677880e-02 -8.596182651010163267e-03 1.741339459675609810e-02 -4.408606021315282682e-03 1.005137435365263503e-03 -4.180786358863910514e-03 1.407805139979416116e-03 -2.164127921890972913e-03 -1.266332747192917829e-02 8.369914606937626893e-04 4.876867654361731474e-03 -1.258759482791090012e-03 1.325049358992807201e-02 -9.554894082103214392e-03 4.414729190823715385e-03 4.454187868304407619e-03 -1.719959917989339346e-03 6.146385559916527075e-03 -4.878287623686725777e-03 -1.696672696316431708e-02 2.422546576818274382e-03 -8.465494645687191705e-03 2.031394683862998776e-02 1.573953724372384455e-03 -7.154775858233923536e-03 3.089705073140759824e-03 2.993877645216086805e-02 8.793048963182534261e-02 -2.037623695639463606e-02 -8.177190338662979063e-02 -1.717513209672152236e-02 5.852963988902348119e-02 -1.503365813218308054e-02 -7.969143819316480692e-02 -1.364320907792948220e-02
0.000000000000000000e+00 0.000000000000000000e+00 1.774565081586480168e-04 -4.488828384979169899e-04 -4.451059784265430207e-04 -9.687829371712358608e-04 1.805066949485345518e-03 5.823627907553398375e-03 4.896295799297789575e-03 5.839200902182472078e-03 1.244208278145116000e-03 -1.309258358313603824e-03 3.590769319282254013e-03 -5.629191900314141567e-04 -1.097596291605739934e-03 2.819328660647567319e-06 2.684288870148134921e-03 1.006130359041220411e-03 -1.366683729440616463e-03 -1.326582233707184876e-03 3.769865169545028472e-03 -1.700309391724863376e-03 4.531597036795165007e-05 9.614982322596899930e-03 -1.254887251995690650e-02 -8.272720931898768990e-03 -5.269056742193602844e-03 -2.359886708702321062e-03 7.767320676545822269e-03 -9.459058902322356813e-03 4.132518360748045107e-03 -5.175536327665803890e-03 -8.271322869966041269e-03 -4.547130466359711079e-04 0.000000000000000000e+00 0.000000000000000000e+00 -2.498862606051333382e-02 -1.411015769722704337e-02 1.074772705622160755e-02 -1.212587630307509524e-02 5.766322513122987964e-02 -1.718533366975302096e-02 -6.525076201963339595e-03 1.428091615377045584e-03 -1.493107530395534487e-04 -4.906265370371064478e-03 -3.849883827357535038e-02 -2.141445180768911105e-02 4.891607654732567714e-03 -4.648214417747596056e-02 1.814041040934452620e-04 1.417994655844038478e-02 6.432004517720299637e-05 1.792702060088077406e-02 2.389605228598974673e-02 -3.371366216080783768e-02 -1.044851364601718895e-02 8.552362914196238661e-03 -2.722686484794953690e-02 8.571637941847733491e-03 7.612111597916265508e-03 -4.320970740608776756e-02 1.603886269855776727e-03 1.058015225918175831e-02 2.542572413663591550e-03 2.082740027882244369e-02 6.225134667925735776e-02 -1.054333450798534272e-02 8.055144836188615504e-04 -4.148390823481986657e-03 -9.722106716423926584e-03 -1.578291957826463004e-02 1.738984730276323803e-02 3.812138314015048844e-03 1.032748115448401359e-02 -7.163689134193968432e-03 2.051821277327565279e-02 7.421514684598933030e-04 4.238275843852154501e-03 3.840728165322874164e-03 -1.459285880618143086e-02 -1.363186865878040534e-02 -1.788424517912702788e-03 8.680786811636836964e-03 3.637622882503335070e-02 -2.184299970845446012e-02 9.458205194899512239e-03 2.856220709373111168e-04 4.412565887846453712e-03 -1.566533989592713057e-03 1.804194292625029960e-03 1.237008795765804844e-02 -3.424476336419439264e-03 -7.041032665723855402e-03 2.496816389876594863e-02 -2.770954302562901247e-02 3.399382067481081324e-03 8.866501300937329466e-03 1.427059105023031340e-03 7.255740753720446405e-03 -1.153763690308844646e-02 1.015613650172801120e-02 1.166332703466498207e-02 5.314284093169845818e-03 2.630387593694388446e-02 -2.545410543024917080e-02 -2.943029783320090867e-03 2.634649527877935566e-03 1.371243692000901487e-02 -3.458873539696041832e-02 5.681284001833407371e-02 2.364944271138626902e-02 -1.416976709492904357e-02 1.413531520440056317e-02 2.642199172804424873e-03 1.583800663611820495e-02 -3.819398761134208675e-02 1.345215072512785659e-02
0.000000000000000000e+00 0.000000000000000000e+00 -5.160586528347453671e-04 1.242911811309435621e-03 -5.570662823348094444e-04 1.187671268970427480e-03 -2.388233987402588101e-03 -7.624355752664615724e-03 2.016278893913313417e-03 1.389967192190891222e-03 -4.521350412740271041e-04 1.080360053968068773e-03 -2.023404031789965540e-03 7.476731490196340032e-04 3.487815431760424951e-04 4.219954104585740828e-03 -2.494223358883014292e-03 1.190092487069437967e-03 -2.593268802763096584e-03 3.129382854129791197e-03 -1.341427075689243138e-03 2.893170884076830653e-04 8.618658976108028134e-05 -7.119314552877564761e-03 1.011714950050716065e-02 7.973640573828344805e-03 2.526799006437831750e-03 1.162596615011103141e-03 -4.160903881558748393e-03 -6.052170914078770520e-04 -6.012182789487399530e-03 3.116801722886704262e-03 7.412365784627641258e-03 4.264409983772741395e-05 0.000000000000000000e+00 0.000000000000000000e+00 7.393131973317694505e-03 1.637118901570215612e-02 -6.236464273216527250e-03 9.773245598605779377e-03 -1.718533366975016560e-02 3.067055038393031938e-02 -2.482201234461835649e-04 -4.969058458012667878e-03 -1.888901323339438679e-04 1.079873466936089261e-03 1.891620971244492577e-02 2.903220343291120983e-02 -2.115918257830480976e-03 5.137896928552469766e-02 5.704709044730934750e-03 -1.538053892080071088e-02 -6.014633474008329247e-03 -1.382409496315816465e-02 -1.125527269679158643e-02 3.591970792310995864e-02 5.487221598949080896e-03 -4.825042314752005582e-03 1.513203026631765313e-02 -8.738895619197871792e-03 -3.361775658911873854e-03 5.042239481716506710e-02 2.910036431551875358e-03 -1.021206145853201588e-02 5.580525588908474312e-03 -1.832342671402106479e-02 -2.553882010496330568e-02 1.997836086460139104e-02 -1.553040364761298312e-04 9.436000135593444402e-03 2.524638069142544176e-03 2.241943462915224269e-02 -1.750805688531504103e-02 -2.461491966897887823e-03 -7.541755603552763136e-03 4.660366501938639078e-03 -1.511668349596000452e-02 4.205152568895202301e-04 -3.286619409297503614e-03 -5.888687654286453230e-03 6.424980951945371763e-03 2.062676197514828197e-02 2.264914596243107654e-03 -1.613212240360934000e-03 -1.220704220080875979e-02 2.834527451949750768e-02 -4.041296029130870236e-03 1.164145301816559702e-04 -3.867423172286438629e-03 3.446335587937807404e-03 -1.523333624540361029e-03 -4.754598435510516176e-03 -6.965861354992690466e-04 8.501353540578873019e-03 -7.873057974643982854e-03 3.303360877124968814e-02 -6.216766427763125574e-03 -6.414713398469993819e-03 -3.455752753502115281e-04 -3.679882849174075880e-03 1.205079083352348507e-02 1.748101626419999157e-03 -9.280875101242007028e-03 -6.293034117605186308e-03 -9.514085375247591930e-03 3.870568039641119479e-02 -7.480018087466870072e-04 1.155847160290967993e-03 -2.757808137002011346e-03 5.416307486495828410e-02 -1.257373166818272518e-04 -2.993681748969739820e-02 -1.621918808440256377e-02 -2.757572529556869337e-02 9.651442604260559652e-03 -2.243812836139636585e-02 -1.821660651202749309e-02 -2.497534160985694085e-02
0.000000000000000000e+00 0.000000000000000000e+00 1.228392790031434829e-03 2.987770729345141842e-04 1.304617296798450069e-03 1.134950085938387504e-03 -1.674188658456356128e-03 1.464815813803270125e-02 -1.062663403864008704e-02 2.753273697464920372e-02 -3.744793665986729039e-03 -2.428203704375705204e-03 -1.988572833093494446e-03 -1.379210237116141246e-03 -3.612365217995049289e-03 5.977406241958695479e-03 1.697228182788610915e-03 1.140230995473627464e-04 7.945919164910098670e-03 -5.033084792465157900e-03 -2.143085658697086327e-03 3.486558954965328014e-03 -7.542613973724398516e-04 -1.520035761477564040e-03 6.829042989758386806e-03 5.182136941405643925e-03 -2.715912862814344724e-03 -3.119948220021694866e-03 -2.727394887274990631e-03 7.319899372180015476e-03 1.183918177584066499e-02 -5.756587775446017803e-03 -3.488641647904230057e-04 5.785840694853024288e-04 0.000000000000000000e+00 0.000000000000000000e+00 -1.941610041271385478e-02 7.216148200905893838e-04 -1.906373728343018544e-03 -4.437423234775492251e-04 -6.525076201966567915e-03 -2.482201234443821088e-04 3.910498952986343757e-02 -1.413424487760149388e-02 6.883010208527984329e-04 2.624371236160877308e-02 -1.352078586656785611e-02 -9.556276899208917012e-04 -1.541413078520561305e-03 -9.505238434817795540e-03 7.660786069821980127e-02 5.652423955251624065e-04 -1.639613082842227010e-02 5.674819757378015556e-03 7.352782656137520599e-03 -1.411076367794858195e-03 1.132001982197209516e-03 7.588425531117726393e-03 -1.759143775602584059e-02 -3.113319536540669341e-03 -7.232509671337829325e-04 -1.133853359973412307e-02 3.431483825580042973e-02 8.278029307996672553e-03 1.617629738526690786e-02 2.512840436258036332e-03 1.757073061633864647e-02 6.246210140932370244e-03 4.336249846639619009e-03 3.665627043692097544e-03 -1.866043144147468439e-03 2.008105327105331149e-03 -9.400649959189889479e-03 2.069042284783322028e-03 6.032395124060747210e-03 -5.881884780782433916e-03 4.954287140098457935e-03 2.787943823123269389e-03 -6.651613584771553025e-03 -3.074279017322265658e-03 -4.676857708733054425e-03 -2.884167059830265722e-03 -9.569253067201600842e-04 1.231072973775355212e-02 1.574145482097950854e-02 -1.392729991838905380e-03 2.949625244700746635e-03 4.067348051184772710e-03 -3.038081133580775115e-03 -1.819534889025878994e-03 1.101771471305186025e-02 2.355378941186499382e-03 3.620479623812084252e-03 1.737215152195088763e-02 1.228523684149747386e-02 7.355261798143353583e-03 -1.328401753017464677e-03 -7.264685652590186643e-03 1.994141230724949185e-03 -1.536835164955417665e-02 -1.568555519966130865e-02 -9.715077860278614752e-03 -6.303309516250263887e-03 3.802100044791529090e-03 9.591405450318783027e-03 -9.671485525107994044e-04 -1.045270367708664785e-03 -7.579749396637463534e-03 -3.376538802017405288e-03 4.041398113688442206e-02 -1.291967537071000427e-01 -4.484818320301987848e-02 9.911917078332803388e-02 -4.439910557678081182e-02 -8.747143239265008086e-02 -3.584901166338493039e-02 1.093402972092756970e-01 -3.818701086482709922e-02
0.000000000000000000e+00 0.000000000000000000e+00 4.099874866014840448e-05 -2.024239027374060643e-03 3.641414534618855089e-04 -3.018249850553613410e-03 2.378486773163174511e-03 -9.865856948782728703e-03 -1.898938970794037361e-03 -1.613523690559991869e-02 1.770536260629917676e-03 -1.329115355985984685e-03 -5.441633578442781494e-04 -2.196585138604445226e-03 2.827032445534876075e-03 -6.165872430069821095e-03 -2.268971215068209821e-04 -4.306751774024977081e-03 -3.130275776055092656e-03 1.263439366437470093e-03 -4.358758547146806064e-04 -3.507444449738660996e-03 4.178732134627507599e-04 3.645729353831256292e-03 -6.801392463092463536e-03 -8.424809485896293804e-03 2.061394460184157954e-03 -5.125318293033762421e-03 3.704649096013891679e-03 -5.256333625171400944e-03 -6.458512782797500018e-03 1.105165900073443695e-03 -2.204130462778824268e-03 6.231193591581736827e-04 0.000000000000000000e+00 0.000000000000000000e+00 1.499037858914289284e-02 2.041939675245169235e-03 7.661495625956664369e-05 6.045931112015485477e-03 1.428091615379304411e-03 -4.969058458014190098e-03 -1.413424487760134296e-02 2.764054753480265497e-02 -5.108439182429482320e-04 -1.765453383661957920e-02 3.615497072772898453e-03 4.477578874035556891e-03 3.530286058110861710e-03 -2.871807333427508352e-03 -6.854636865518363986e-02 7.210011223616905052e-03 3.175668615742326117e-02 -1.060858522801199494e-03 -2.558506399465117122e-03 2.305912360748002023e-03 -1.375695654797441441e-03 -2.760019408272540616e-03 8.963363939252616888e-03 2.043972587051015241e-03 3.209972429069452016e-03 7.546278626421799862e-03 -2.743777838014292703e-02 -1.827350206069323219e-03 -2.697347627796279138e-02 -3.742942539595979414e-03 -9.557229647033501849e-03 1.308574888113670561e-03 -1.877080497568148296e-03 -5.122507585150025758e-03 1.153954163317509694e-03 -4.143849600563212347e-04 9.293256227429875019e-03 -2.742436417411806947e-03 -4.953180476515884213e-04 1.220951788050164688e-03 1.317648947473438505e-04 -4.795793864736861561e-03 6.677236939889492212e-03 1.645369896336713661e-03 4.393336770608532679e-04 8.954540689044105176e-03 -2.488999451979901408e-03 -1.101006292038187936e-02 -9.332752190738273848e-03 7.686053018347148436e-03 5.251038642057175194e-03 -1.279164895889556633e-02 5.902063476648234698e-03 -3.947593740742433646e-03 -9.811656736279145488e-03 -1.660832751108477084e-02 2.195056336293778007e-04 -1.803949172606436960e-02 -3.030441695200201263e-03 2.338509889508631583e-03 -7.638396782182287244e-03 -6.443878550319468053e-03 -2.727499444219428585e-03 9.900767196718068472e-03 1.254063368514288408e-02 -8.709040375120723904e-03 3.966756949121850659e-03 -2.938235323149093400e-03 -5.133013863829562207e-03 1.630564054585692882e-03 3.304288116615444575e-03 1.429565805380465272e-03 1.149047448852238843e-03 -4.123591317220852426e-02 4.924513446373071646e-02 4.449390726329013890e-02 -3.967664734781614633e-02 4.694681074715151975e-02 4.405198099070883194e-02 4.249108709980387033e-02 -3.114517974489830476e-02 4.223082370186204137e-02
0.000000000000000000e+00 0.000000000000000000e+00 5.720043056155239706e-04 -4.089552323950481553e-04 8.136104515886681370e-04 -1.048113116172415016e-04 -7.073222501539875055e-04 2.150823719842768350e-03 -2.154114442857856231e-03 3.350425139159139698e-03 -1.665686895597168898e-03 -1.040034417615380439e-03 -1.855231901624182804e-03 -7.274438642204754911e-04 -7.290143956190439775e-05 1.885007963223897303e-03 5.520724316084356056e-05 -2.227004640979940496e-04 1.392366464029457353e-03 -8.720944808520272656e-04 -1.102570953775359889e-03 3.280817136004819602e-04 -5.162017583494934038e-05 6.077253265701793592e-04 6.391811579969997655e-04 -2.140723096423787983e-03 3.400494428611893806e-04 -8.093112852787380821e-04 -5.540690341400963731e-04 -1.400051865445491039e-02 2.899384632216377416e-03 -1.841236729967836612e-03 -6.820497012084803879e-04 3.555248014481306455e-04 0.000000000000000000e+00 0.000000000000000000e+00 -6.334907408836250309e-03 -6.872413783132614706e-04 -1.305966362770416339e-03 -9.582036798881770896e-05 -1.493107530394627010e-04 -1.888901323336274977e-04 6.883010208520507671e-04 -5.108439182428941303e-04 3.808793371606325560e-03 7.504233443690820973e-03 3.087738882261925545e-04 2.230751622046913546e-03 -4.059753997790895410e-04 4.974440867761423593e-03 2.099852988209433349e-02 -1.620621918194180017e-03 4.007718426894224355e-04 -1.976340529689294204e-03 1.245797573620178143e-03 1.176714388560833394e-03 -1.305028212269146665e-03 2.970392347528928029e-03 -1.485202437294594769e-03 -4.224755022191233403e-04 -2.291564495674496731e-04 1.344531197475668134e-03 8.266536295943821208e-03 1.538922505995339455e-04 3.058634434346303894e-03 6.498773419085340222e-04 1.731556533854001568e-03 2.561597148479720799e-03 1.228402596389500685e-03 2.011582009502992617e-03 -1.081108163791168458e-03 5.189823316272995299e-03 1.316226528014759287e-04 -8.748302162815162946e-04 3.599325534459971838e-04 -1.701571027280353245e-04 -2.955294229472200484e-04 -2.139157259778617492e-03 -1.174270512307946761e-03 -3.530228482729435256e-03 -8.892464719207496607e-04 1.793698918924717118e-04 1.845383658671470367e-03 3.348822179390869343e-03 3.656480874348369894e-03 3.685450349324206117e-03 -2.716977179861046390e-03 -2.781743172445048842e-03 -1.038020033240898057e-03 -1.789511674509570299e-03 1.253386058705819608e-05 -3.934245343847044864e-03 -1.658757428287792888e-04 -3.972915359079435930e-03 6.509095276833477481e-03 2.821008167290288676e-03 -7.537552836882216618e-03 -1.029102731088306919e-03 4.953136334098847890e-03 -4.883353381339321231e-03 -4.380995487620620852e-05 -1.530326562051534910e-03 -9.870991560371246767e-03 -3.024097667046810912e-03 9.004720801410940993e-04 1.588888774382174593e-03 3.428168786677854144e-04 -7.122158890602935761e-06 -7.741005659479397762e-04 6.107514873132958814e-03 -2.922199940021952963e-02 -6.239355207743631573e-03 1.214629272079973538e-02 -6.588868299859668674e-03 -1.987381944301786635e-02 -2.959794140569411980e-03 2.928080961311237476e-02 -5.799297690538778201e-03
0.000000000000000000e+00 0.000000000000000000e+00 5.575707841405152208e-03 -1.603474594343880233e-04 6.624593960989215088e-03 2.469224276316108781e-03 -1.164663306756408973e-02 4.684931490377736152e-02 -2.388500219525580351e-02 5.249829901304540331e-02 -1.852100098111073359e-02 -8.370152964144155633e-03 -1.570638928201364623e-02 -2.291443181785947185e-03 -6.899276954608579010e-03 1.989461226735367294e-02 2.157224986326658923e-03 5.125851728089879031e-03 1.688512182450259067e-02 -1.724433011517833778e-02 -8.370554985791169716e-03 1.164525092195219970e-02 -2.553994934161694257e-04 -7.029445123501350257e-03 1.176943271227475982e-02 6.572429092092060832e-03 -1.134495839488350918e-04 -3.095590836542861952e-03 -8.537527925971797119e-03 -5.226212534559716155e-02 2.155983297123771278e-02 -7.350498411825335567e-03 -3.466799275148283940e-03 -2.932187727489922197e-03 0.000000000000000000e+00 0.000000000000000000e+00 -3.406863264275969416e-02 -1.661046975837468780e-03 -1.159738409305726553e-02 9.447435732267198821e-03 -4.906265370373248495e-03 1.079873466938871757e-03 2.624371236160370074e-02 -1.765453383661767794e-02 7.504233443690900771e-03 9.787028183114213076e-02 -7.364927655569798379e-03 8.898458837035733843e-03 -4.623145327286358984e-03 5.760437696893614540e-02 1.494557933064210031e-01 -1.817657187341327127e-02 -2.798243746333298199e-02 -2.138556047685243044e-02 1.226018552832793679e-02 8.557611634076683861e-04 2.757172458397808001e-04 1.830527836274287862e-02 -4.048669925473705189e-02 7.293675715590756253e-03 -4.016167741572941249e-03 2.972351416635188662e-02 5.451010561738645760e-02 6.223340697101661066e-03 5.072799185437661812e-02 -1.565326765907557732e-02 1.087896597897223747e-02 1.816157458341782771e-02 1.480786670484381118e-02 2.320446763939082446e-02 -5.787811824245293890e-03 2.076219234993784829e-02 -1.549680213831170286e-02 1.198859252061461149e-03 4.661771997957835610e-03 -3.031296908846792260e-03 3.623620774515674825e-04 -3.928970957344270210e-04 -1.253407641916656767e-02 -1.167975646426917466e-02 -7.667732569768135470e-03 1.191272394821520954e-02 -4.645764775662846596e-03 1.406010839305671389e-02 2.416098610457882365e-02 1.750525517251047894e-02 -6.194489883341440864e-03 3.162050324496302675e-03 -9.349243531116066194e-03 -1.157778227327385147e-02 1.822140888703244893e-02 -3.913264398842600938e-03 -1.616538522052702112e-04 9.584877882221242568e-03 3.329261566446445331e-02 1.573306358235183888e-02 -1.918429949058352360e-02 -4.191427004698390288e-03 1.459720256106575298e-02 -3.181652616427062957e-02 -2.575383628099873687e-02 -3.879462177403374297e-03 -4.610786183306155722e-02 -2.991896009436099436e-03 8.414079839169873870e-03 1.843366559508301250e-02 -3.851475071155251000e-03 -1.108730493507194270e-02 -3.059475976569670051e-03 6.831333558253695204e-02 -1.612945921579810871e-01 -7.749528650183665213e-02 9.182597308188669705e-02 -6.967345376707423377e-02 -1.005854791253313063e-01 -5.284253190763086444e-02 1.662974772832348236e-01 -5.627662786783729082e-02
0.000000000000000000e+00 0.000000000000000000e+00 -2.122289559276896681e-04 1.175058037196716502e-03 6.079184801335184903e-07 1.429930425622677340e-03 -2.911801557334749851e-03 -7.455728212066537949e-03 1.628651214554533485e-03 -1.508326977385002557e-02 -1.208854532888227560e-03 2.312255274135772715e-03 -3.544373231613905106e-03 2.228212581056994435e-03 2.301119758223018133e-03 6.607622421329190348e-04 -3.240947104598846176e-03 1.445061765633706479e-03 -2.606601451583691938e-03 3.107102422622626172e-03 -2.465782219458269829e-03 1.735300592263811946e-03 6.946110409717501160e-04 -6.659308195829208819e-03 6.647174463823398577e-03 3.587625699444679144e-04 7.394710543068176885e-03 -3.394913443441767518e-03 -8.493468156813035325e-03 -1.687830713255233581e-02 -1.082175822214568282e-02 4.846816615814653062e-03 6.883203761075688647e-03 -2.200849492042591677e-04 0.000000000000000000e+00 0.000000000000000000e+00 2.673326714286939146e-02 1.073280803229118528e-02 -1.171226154281882620e-02 1.107957815501758002e-02 -3.849883827357662713e-02 1.891620971244706642e-02 -1.352078586657121106e-02 3.615497072773399788e-03 3.087738882258916342e-04 -7.364927655574419682e-03 5.051552494063597798e-02 2.004594518908808104e-02 -3.036402374363199406e-03 4.423038187443512764e-02 -3.727324803899174921e-02 -1.128782469231220074e-02 1.538227040298661800e-02 -1.708012031195880326e-02 -2.363617053990968442e-02 3.354269843664515333e-02 6.779874894038752722e-03 -8.402656943439532761e-03 3.776454801410634304e-02 -1.030404890370030524e-02 -5.669277228742026532e-03 4.655112788840669313e-02 -1.592970903976605179e-02 -1.248839909846795500e-02 -1.664920947904442727e-02 -2.215390215067623500e-02 -6.255804122334203410e-02 7.176275002216622040e-03 -1.129520125283533941e-03 8.505855074137451052e-03 8.435088583522935141e-03 1.541468196351739733e-02 -9.713718183374932952e-03 -4.461336578392765748e-03 -1.087646444805922749e-02 1.351503513769342600e-02 -2.259663521853233492e-02 -3.976742685746425046e-03 -1.216108739657879899e-03 -1.018206423586177738e-02 1.509041128187690005e-02 1.493031828828739714e-02 4.899627284346351301e-03 -1.464487987265730359e-02 -3.596848653458205314e-02 2.151852794336890640e-02 -1.274666187758122585e-02 -5.127752411414746633e-04 -4.204254826648268217e-03 4.137922341396912083e-03 -5.802043304250848257e-03 -1.063735010427474363e-02 1.194312428530297943e-03 6.594171129538407145e-03 -2.477347339927823619e-02 2.285958285405580853e-02 -5.319955149581497705e-03 -1.204104608054188275e-03 6.989731332477886264e-03 -2.881498041005739735e-03 1.547527281558210011e-02 -9.720397081187668112e-04 -1.411602585804061678e-02 -5.574220321125628215e-03 -2.585762383560282970e-02 2.465161655073228736e-02 1.852637162404383205e-03 2.515901818517463952e-03 -1.101945334277870843e-02 3.095472737524714024e-02 -9.443628875526379612e-03 -1.763376560031047757e-02 -2.452884887796195554e-02 -1.133453351590103103e-02 2.214633891274774349e-02 -1.331665529053913805e-02 2.158776294392938250e-05 -1.225482497891546528e-02
0.000000000000000000e+00 0.000000000000000000e+00 7.635821253014611100e-04 3.743785676874348471e-04 8.545161980685060839e-04 6.703646924627555464e-04 -4.274974637008976779e-03 -3.899612895140012244e-03 -2.811262242192434646e-03 1.096772715996582534e-02 -3.747839624683597156e-03 -2.110340226919540929e-03 -6.117070899693015026e-03 -1.371920070236333240e-03 3.579742576462558367e-04 1.078127174594879431e-02 -2.916680265593837775e-03 5.116508225868023800e-04 -6.470613262310551811e-05 1.813435420652586508e-03 -3.792060467356338400e-03 1.621107744255831764e-03 5.026144783319676723e-05 -1.060535605980419092e-02 1.548484779701941871e-02 1.119399978946067527e-02 5.149614582629057254e-03 3.943222131935667819e-03 -4.930444903091770609e-03 -2.952864275080662251e-02 -6.324324378409046377e-03 3.328039311718028210e-03 1.008314129157013295e-02 2.221145644901927432e-04 0.000000000000000000e+00 0.000000000000000000e+00 7.500381881931522145e-03 1.714661648302896052e-02 -9.809154938136431870e-03 1.723440772722273015e-02 -2.141445180768631468e-02 2.903220343290980471e-02 -9.556276899254364599e-04 4.477578874038975164e-03 2.230751622046891862e-03 8.898458837032118679e-03 2.004594518908649897e-02 5.081183080692284332e-02 -3.305045270152991935e-03 6.043181597412197043e-02 2.468718861383396510e-02 -1.343064195427542788e-02 -1.924715621775029487e-02 -2.060551903645822455e-02 -1.075953316932748600e-02 4.751106843770920574e-02 4.832711047152995869e-03 -5.172505995899365563e-03 1.283150492028758624e-02 -9.258440176799548685e-03 -4.393617353675195736e-03 6.223806716390765936e-02 9.897140170634160031e-03 -1.227113235009272621e-02 1.546466464579120993e-02 -2.298936282989144653e-02 -3.193336928747016190e-02 2.892227032226958247e-02 3.364259575276691387e-03 1.713303015418447123e-02 3.791130848452622590e-04 2.889933285247912875e-02 -2.775101379801584930e-02 -5.097020548465808210e-03 -1.008252181951265966e-02 5.824877302630001794e-03 -2.190329349161983935e-02 -3.061384245943453430e-03 -5.396659260924759061e-03 -1.149378068312920803e-02 6.485074749413698159e-03 2.963246962975647422e-02 5.012699406528615259e-03 4.216131929905820013e-04 -1.156881019598186844e-02 4.243322481042893779e-02 -5.132175473481791206e-03 -7.024505701739210475e-03 -3.025493241686612756e-03 4.130618405415661942e-03 -5.178345692524540314e-03 -1.623525207396947848e-02 -4.859433169768654563e-05 -5.295836213961614865e-03 -1.986806016869866430e-03 4.418989480043626628e-02 -1.514758693754231569e-02 -1.116763382868553658e-02 5.362767925241944747e-03 -3.803041517184024400e-03 1.835633612978330997e-02 -4.376393117141667150e-03 -1.445441958060455188e-02 -8.860072964319135047e-03 -1.157400897053407866e-02 4.797766263745051329e-02 -1.236432981514795745e-04 8.758896626151550487e-04 -3.785403467087319462e-03 5.956410394901540117e-02 -4.089885819795995026e-02 -3.182802818916475457e-02 -3.133570434082957185e-02 -2.244503728790803523e-02 -1.807103546138287380e-03 -1.558802297880830003e-02 1.754295482948792229e-02 -2.289153812945531052e-02
0.000000000000000000e+00 0.000000000000000000e+00 -5.870111566452841136e-04 -6.341642169684935952e-05 -7.787163957254161295e-04 -2.418102123563444406e-04 1.495462609044862423e-03 -2.336604262077398783e-03 1.932398514079651563e-03 -3.246425800685633512e-03 1.889330453889700176e-03 8.090379241374076299e-04 2.473293003649363470e-03 3.189271198820719253e-04 2.338319524227146066e-04 -2.166861071092787867e-03 -9.775013622624099886e-06 -5.081856152682206768e-04 -1.104415680625212091e-03 1.321112143309618233e-03 1.227840936266796088e-03 -1.199867260043276486e-03 -8.153402115584477180e-06 1.088303996381015121e-03 -2.255580750790448993e-03 6.756519955209511425e-04 -1.750040539099902539e-03 1.993021135830303804e-03 1.393040374669695563e-03 1.412515366938757802e-02 -7.804267561347924455e-04 1.165526037206529803e-03 -9.450154075310529620e-04 -5.948351320244654088e-04 0.000000000000000000e+00 0.000000000000000000e+00 2.280735064213766129e-03 -7.178911069457625366e-05 2.437913229381542726e-03 7.202136486526319707e-04 4.891607654733533955e-03 -2.115918257831302367e-03 -1.541413078519373670e-03 3.530286058110743315e-03 -4.059753997789942938e-04 -4.623145327286371994e-03 -3.036402374363478263e-03 -3.305045270154184558e-03 3.191429473833665847e-03 -8.308673601978126128e-03 -3.838987455618585870e-02 4.395225224548615812e-03 2.950911354100821740e-02 3.486994376698674628e-03 6.861854599440119851e-04 -2.684612885256756638e-03 8.702754637518816212e-04 -1.838973686731355198e-03 2.065900429217099651e-03 1.190443674966426731e-03 2.144340218926911110e-03 -3.182857735341632077e-03 -9.174020401983671788e-03 2.399405140776763798e-03 -1.474136377208891055e-02 -3.053776396584630928e-04 4.421845366496292284e-03 -1.357421193054081333e-03 -1.374086830534524241e-03 -4.010187882720715226e-03 -3.989469490628688329e-04 -3.333238486307681277e-03 3.299199640171975815e-03 1.700760848808353844e-03 1.335225956266192964e-03 -1.323651441837496619e-03 4.055986426257175530e-03 2.390800083521617356e-03 1.480872019839456297e-03 5.311285210744156292e-03 -1.064494268013817767e-03 -1.380089296749237521e-03 -7.864113613294384728e-04 -2.024202453008377024e-03 1.488097014382161985e-03 -2.900196878413547914e-03 1.379636526637505580e-03 1.494038198380929410e-04 1.034179149985751337e-03 9.796239396162445339e-05 -9.733210706903173970e-04 2.167300882134944994e-04 6.361883532420577441e-05 4.788412098382872678e-05 2.913627046722951585e-04 -4.431090262238845598e-03 6.125204060535125068e-04 2.842712758880051524e-03 -1.245467169651908075e-03 3.247692015639648370e-03 -1.888063480562562283e-04 1.013864432497840447e-03 1.763594777585774688e-03 1.657975490760449540e-03 1.425727461887049121e-03 -3.146101411681781219e-03 3.226291217767773595e-04 5.366172621394046677e-04 2.456265725434407434e-03 -1.391170950517500379e-02 4.086587171104207050e-02 1.360017688100509554e-02 -1.769480763296178705e-02 1.298765975981955312e-02 2.282816922241548765e-02 1.196354079799381506e-02 -3.064792330778763965e-02 1.148384224590367174e-02
0.000000000000000000e+00 0.000000000000000000e+00 6.582887897346356883e-03 -7.248250466314822178e-04 8.328076445909838796e-03 4.551651543980880614e-04 -1.556182782962574861e-02 3.005118014193216419e-02 -3.102605011188487236e-02 3.069335605085758353e-02 -2.178729249939452897e-02 -8.694381759079711572e-03 -2.670630789969700991e-02 -3.889679185111227615e-03 -2.788716211496071636e-03 2.252158869879244268e-02 -2.194649503696675854e-03 1.485081680798011790e-03 1.870454735400511534e-02 -1.367245397421863219e-02 -1.664644025950379885e-02 1.378107991208122468e-02 -4.817572405958081170e-05 -2.232028224479973635e-02 2.964982695691758402e-02 1.538048537736016325e-02 1.191207928424900531e-02 -2.019931220541394483e-04 -1.824229035025805995e-02 -9.242292782364001924e-02 7.916544188193309212e-03 6.397079292571872071e-03 1.229549777321251383e-02 -1.206608907783805664e-03 0.000000000000000000e+00 0.000000000000000000e+00 7.549419287833441898e-03 2.204387088691395213e-02 -2.955199768898737755e-02 3.617099771481042947e-02 -4.648214417746918126e-02 5.137896928551829306e-02 -9.505238434828987976e-03 -2.871807333422302447e-03 4.974440867759054828e-03 5.760437696892378029e-02 4.423038187443086022e-02 6.043181597411266537e-02 -8.308673601974625456e-03 3.156705147255542965e-01 3.538020094916002889e-02 -1.227141846235513950e-01 -7.658268387925859511e-02 -1.350314273374592366e-01 -2.181091722191993293e-02 6.430657955222322808e-02 1.816078072325946063e-02 3.739141236372572636e-03 6.168794977738770169e-03 -8.092144388995019255e-03 -1.295993929252018013e-02 1.731433950976840885e-01 -3.405449797324576651e-03 -3.735959072702443873e-02 1.521252335739867179e-01 -8.145997027278251146e-02 -6.808236377262118222e-02 4.400129393525314264e-02 1.328759930502028223e-02 3.838246450234181206e-02 1.203355247723063987e-03 5.054429966215961273e-02 -4.458326403707914276e-02 -1.110287147883508296e-02 -1.966760590389782931e-02 1.234310769668652691e-02 -4.662114264973838546e-02 -1.028402486907755917e-02 -1.411079591401992114e-02 -2.624870865399767453e-02 8.925260349994875927e-03 5.554831720185097327e-02 -2.011454979586697542e-03 -1.283590017825644684e-02 -2.309410718510696708e-02 7.077122968196941644e-02 -1.619379316762499521e-02 -4.841093401666145962e-03 -1.107508154888264644e-02 -8.826745063193950497e-03 4.935970813767467068e-03 -3.095591405942700949e-02 -7.514512724281958295e-03 -4.549078039856243108e-03 4.539671136900012491e-03 7.492048088894054381e-02 -4.758062967832325102e-02 -1.855993022202470991e-02 1.051452526980668246e-02 -2.537432897186748387e-02 1.307220322816818672e-02 -2.338233930215884507e-02 -4.265048616710388762e-02 -2.922753028387712129e-02 -2.223194234177795423e-02 8.539230128928038122e-02 1.979596211710384600e-03 -1.098340416666843469e-02 -3.735274800621136461e-03 1.153088706725784313e-01 -6.132368182221258068e-03 -8.048418487769673502e-02 -8.366765500926162669e-02 -6.636490976037967560e-02 3.475306464679128737e-02 -5.933126325108727811e-02 5.305522266226547767e-04 -4.742490256978157404e-02
0.000000000000000000e+00 0.000000000000000000e+00 1.043237337377679250e-02 -7.366205133979035133e-04 1.301701748138607735e-02 4.763125365587891555e-03 -1.919506365883480448e-02 7.536317081596628775e-02 -4.064482974596365927e-02 1.079781654236300487e-01 -3.071568633515487159e-02 -1.788186540822263998e-02 -3.048527324281737061e-02 -8.765847610734709555e-03 -1.338580143143916663e-02 4.017869210616982489e-02 8.680511995462608307e-03 8.320844125715588097e-03 3.492994150459267921e-02 -3.554591326155715630e-02 -1.492890960991374860e-02 2.050681024272104497e-02 -1.507868649455272212e-03 -1.007134753055070539e-02 3.035696642646455723e-02 -9.753575653014857905e-05 1.605892452261610190e-02 -2.997773076490903299e-02 -2.027723679765267017e-02 -1.740078575644499470e-01 4.272471945403568533e-02 -2.957495789995154625e-02 5.502402241412792522e-03 8.496213308703466291e-03 0.000000000000000000e+00 0.000000000000000000e+00 -1.157208601428504902e-01 -2.175338490365819749e-02 -1.143002353508100651e-02 -1.130648496592757089e-02 1.814041040736494650e-04 5.704709044750444318e-03 7.660786069820817168e-02 -6.854636865518543010e-02 2.099852988209580107e-02 1.494557933064411259e-01 -3.727324803897149458e-02 2.468718861386716770e-02 -3.838987455619358169e-02 3.538020094924071435e-02 1.042663616970568530e+00 -1.399096546463010626e-02 -5.034590259510050847e-02 -2.464728194232194275e-02 4.412628128951629619e-02 1.231440008853376894e-03 -3.607561765949405391e-02 4.937074377516854906e-02 -1.045557807367826220e-01 -1.139977078793639673e-02 -1.746995230533777976e-02 -3.254093441976192713e-02 2.926774403481995357e-01 6.957004032021520991e-03 3.654779126473806788e-02 3.578967807416591485e-02 6.568575035099392945e-02 2.870020904937186160e-02 2.830993947604717662e-02 4.148265515598267839e-02 -1.868479666066024183e-02 5.260977472069600092e-02 -4.875269893133120369e-02 -1.430927275870865281e-02 4.367037258789628444e-03 -4.353440523197602517e-03 -2.575725932960663128e-02 -2.154790962806622800e-02 -3.001759174524788742e-02 -5.790178152804903444e-02 -1.630221428815912393e-02 8.639726018818674400e-05 1.140182938000168858e-02 7.665912205235733690e-02 7.025839118166579689e-02 2.850961909576781375e-02 -7.878386017760230162e-03 -9.368740212971566131e-03 -2.339111499765881425e-02 -1.262649957725792485e-02 3.053432145263320491e-02 -1.120505958718348051e-02 -1.346040809447293434e-03 -4.429671993547230208e-03 8.379328764387336537e-02 5.094740615015657531e-02 -5.198659605139371170e-02 -4.744426391617941746e-02 6.029838769608591303e-02 -9.288699105829775760e-02 -2.613398345898790276e-02 -3.776141772867758900e-02 -7.229808112272484433e-02 -2.621899542099484851e-02 3.276359486816455419e-02 1.941106107107408094e-02 -9.900197754757346369e-03 -2.061855472629193012e-02 -2.215665299048401315e-02 2.423040321216008430e-01 -8.111587710294497766e-01 -2.483574577365876279e-01 4.005417725060499423e-01 -2.690352018531579903e-01 -5.243773021596958017e-01 -2.293187625947088470e-01 6.843063614387927540e-01 -2.378556163918359168e-01
0.000000000000000000e+00 0.000000000000000000e+00 -1.131107024435411713e-03 4.188373222250632837e-04 -1.211289641521824754e-03 1.505878485654823422e-03 3.310771749870217683e-03 -1.080600504048049443e-02 8.945949442784166886e-03 -9.138023853604376745e-03 4.250869489502932114e-03 2.754741620617804330e-03 4.137837202739354930e-03 1.839492476383551827e-03 2.000212183764578551e-03 -3.109890633965146142e-03 -1.346033153012832608e-03 6.054728895335628226e-04 -6.932593987787812398e-03 2.873478582693873677e-03 3.181329745597446731e-03 -3.536652195576235266e-03 3.374462841937520084e-04 1.608124001117663526e-03 -3.549337075021515540e-03 -1.013884170953075533e-03 -2.175046538903470383e-03 1.267723092176411583e-02 6.419545626885531792e-03 2.722656441572643068e-02 -7.455116548931342568e-03 6.620492978081552555e-04 -1.133147252206859060e-03 -1.365410013026180239e-03 0.000000000000000000e+00 0.000000000000000000e+00 -1.863896155675059951e-03 -4.093511421912920598e-03 7.387151657581757930e-03 -5.336651756510445849e-03 1.417994655843840719e-02 -1.538053892079507823e-02 5.652423955297509670e-04 7.210011223614260466e-03 -1.620621918192265533e-03 -1.817657187340521868e-02 -1.128782469230864803e-02 -1.343064195426793735e-02 4.395225224545957349e-03 -1.227141846235461076e-01 -1.399096546457781996e-02 1.051959165588590983e-01 7.021066621104868344e-02 9.214125168365549026e-03 6.219370786163855476e-03 -1.669719512489191079e-02 -7.376329226662698205e-03 -3.152028615683747769e-03 7.338329997374232888e-03 1.429843428129511313e-03 8.137547963739614337e-03 -5.042950929648501446e-02 -8.901284833511550337e-03 2.418420474276862520e-02 -1.090913273925890881e-01 1.048019638876255925e-02 1.685262055637086476e-02 -1.090694818078251707e-02 -2.201286427593427027e-03 -8.600637351439382322e-03 -1.773756073671675561e-03 -1.076862844989894333e-02 3.479504756106984766e-03 3.982459587778916510e-03 1.063514685120492019e-03 -1.240172432741023893e-04 9.040032131271453705e-03 6.054993346870686521e-03 3.456879759828407166e-03 7.252985076225882365e-03 -1.505534058621015372e-03 -1.580601176190337548e-02 1.148622969047265142e-03 5.009569148198747719e-03 5.914717432295673108e-03 -1.588630182242748226e-02 1.257644554701785626e-03 -1.177071822814030905e-03 1.926446361646679895e-03 3.774704901656821508e-03 -4.444473439579720714e-03 6.879424460244318871e-04 3.435825932186177198e-03 6.286733318863563236e-03 -1.005486608050500021e-03 -1.391539686825839575e-02 9.856518154995995082e-03 4.026074270082682927e-04 3.355216274622436178e-03 -2.484484884377490856e-04 1.646757871592922180e-03 -5.111849993669021971e-04 -2.822625628115466370e-04 1.166059011167725271e-03 3.669330722551569952e-03 -2.446401079295754469e-02 6.760082631402449145e-05 5.687265235990959789e-03 7.966385568184154980e-04 -2.876343692506204766e-02 2.984113139567778558e-02 2.068797173475541915e-02 1.579705224732671359e-02 1.624145078568148964e-02 7.999331153241032860e-03 1.999154294893790151e-02 3.784953963760403703e-03 6.367142054990169650e-03
0.000000000000000000e+00 0.000000000000000000e+00 -6.403686358311681120e-03 -5.153841572137611311e-05 -8.057038269034776101e-03 2.669337091350579803e-03 1.872303457963198081e-02 -2.694061038221567603e-02 1.648651015805186956e-02 -4.172667939849268592e-02 2.299015540814734054e-02 1.417424871385769385e-02 2.861564915510562274e-02 6.612099522719337187e-03 1.705497581210230380e-03 -3.032901177706210510e-02 -1.056872022685692233e-04 -4.683303584316121301e-03 -4.315820955558150561e-03 1.028112692442125636e-02 1.269390237540997217e-02 -1.046151284326953153e-02 -1.900035256825090280e-04 -1.304308650505356078e-03 -1.215285144146522472e-02 2.086054145404342419e-02 -1.101022582235879630e-03 2.156079518116109719e-02 -8.036217719335575493e-03 1.675636929017413901e-01 -1.558850201213561430e-02 2.542483542280538078e-02 5.836769289144013752e-03 -1.934671185829113602e-03 0.000000000000000000e+00 0.000000000000000000e+00 4.868496373009464917e-02 3.932043871781474784e-04 2.486189486431324494e-02 3.589050640262668457e-02 6.432004517916930543e-05 -6.014633474001683522e-03 -1.639613082841528957e-02 3.175668615742070072e-02 4.007718426913671689e-04 -2.798243746333105297e-02 1.538227040299757105e-02 -1.924715621774343924e-02 2.950911354100249281e-02 -7.658268387927036347e-02 -5.034590259497008502e-02 7.021066621106561434e-02 7.871350107084578163e-01 1.817337615735889825e-02 -1.210511084618447544e-02 1.096393302013161201e-02 5.226148417491111031e-03 -2.994427454089365614e-02 5.039072152781232106e-02 -3.741156832689209073e-03 1.899230852881419324e-02 -2.263071007795741316e-02 -1.260222873528939018e-02 2.966653879246048883e-02 -4.144123550580514626e-01 -1.021875806560257685e-02 -1.464246066729951549e-02 -6.282181196560537341e-03 -1.761408752266036687e-02 -5.964133983430650737e-02 2.664540999765242345e-03 -7.845835103182300166e-03 1.413436978879522264e-02 1.253237295870144458e-02 -1.323846171051549711e-03 2.337981930783117508e-03 1.871548414950993493e-03 2.521555481039482183e-02 1.173335144689110696e-02 6.146788286527742062e-02 7.045632183961900857e-03 -6.331837692420722204e-03 3.864821565116087661e-03 -1.655148877529928272e-02 -1.522599328637624407e-02 -7.471616051666728556e-03 -8.907587651188434569e-03 -4.694457978431096530e-03 -1.184934501254249900e-02 7.439355211160492663e-03 -2.095438489638508373e-02 -3.791757959603323652e-02 7.898277981944566012e-04 6.798680098633661656e-03 -3.783561082321811649e-03 -3.081586727467654219e-02 -3.368362204285706846e-02 2.758363244953311588e-02 3.195857857255555295e-02 4.162148565596594796e-03 2.729095437128648341e-02 -1.422853081248942261e-02 -5.093279347488027103e-02 1.442276302731216805e-02 -1.827481756830231022e-02 -1.505576716435482604e-02 6.877387826357503689e-03 2.577021345546044121e-03 1.074596051332040066e-02 -9.125513125214587684e-02 3.472373161283405230e-01 1.027924368389186577e-01 -2.013398640715459431e-01 8.601565324826471182e-02 2.283645015654030552e-01 7.421300775782208037e-02 -2.370330199039532015e-01 6.968071792943275611e-02
0.000000000000000000e+00 0.000000000000000000e+00 -4.481435394275505232e-03 1.348091161792938902e-04 -5.747356142683658631e-03 -2.708349405411559011e-03 7.389394017580650995e-03 -1.866958961895599789e-02 1.486871476364928953e-02 -2.382523137420308745e-02 1.212399601838506577e-02 5.529660972756229344e-03 1.513007013832119198e-02 2.258052049519789287e-03 1.099720887477602469e-03 -1.866513656487249484e-02 4.207547387627512403e-04 -1.882659799008385565e-03 -1.222658053444768134e-02 9.731533207163731158e-03 8.686303586241523461e-03 -8.420358404199029465e-03 3.443510193351719288e-04 1.390319285320341415e-02 -2.074336561049193450e-02 -1.117540013978739893e-02 -7.795854342129728692e-03 -1.098458443714188382e-02 7.672335286737387919e-03 6.115517928543049569e-02 -3.837685746902921857e-03 -3.583297579064646972e-03 -9.187424728077663721e-03 8.636609765288495721e-05 0.000000000000000000e+00 0.000000000000000000e+00 -2.759053005691910511e-03 -4.669956410950774559e-03 1.452260748275813543e-02 -1.754696526675178156e-02 1.792702060087919547e-02 -1.382409496315891405e-02 5.674819757379623644e-03 -1.060858522801149187e-03 -1.976340529689160196e-03 -2.138556047685447742e-02 -1.708012031195980940e-02 -2.060551903645797475e-02 3.486994376699303465e-03 -1.350314273374637331e-01 -2.464728194231973618e-02 9.214125168368541424e-03 1.817337615737045844e-02 1.143646937929935908e-01 8.646346301493666037e-03 -1.663729697271023808e-02 -2.267122076186887415e-03 -1.903602202209520294e-04 -1.792887126086341321e-02 1.978378055125314290e-03 2.746183458983600389e-03 -7.134291249908596144e-02 8.371427917743539879e-03 5.401564139667088850e-03 -3.331425466244492678e-02 5.449871690825740245e-02 2.765336004073206885e-02 -1.223868121503647773e-02 -9.754083426762323594e-03 -2.044140539314764915e-02 1.884452813705622849e-03 -1.448580492179183873e-02 3.249135930802249383e-02 5.054056900777169348e-03 1.220312391739204055e-02 -7.633819002850001506e-03 2.645170106929385298e-02 5.221952456852816185e-03 8.935537446159193264e-03 1.639636124180553212e-02 -3.659040966593300748e-03 -1.844275518776506209e-02 2.525967066698516991e-03 6.255036312313724638e-03 8.681976458087811710e-03 -2.227095485608928532e-02 9.659844643724565735e-03 -1.376020515358269448e-04 5.089627275259867197e-03 1.257739682835639283e-03 -1.353731737841534994e-03 1.835482067322371721e-02 2.018936021731926843e-03 -5.012859146368646088e-03 -1.087042033077376645e-04 -2.768834700024460846e-02 2.030857195586860051e-02 7.569228167785014942e-03 -6.608185396010852510e-03 1.250084840780930039e-02 -4.787090961223048127e-03 1.789418216178983306e-02 1.531599268473540602e-02 1.493542352274717169e-02 1.010733277956782014e-02 -2.390284173049461378e-02 -9.734947865333300979e-04 1.375161443066195673e-03 3.393923244320084208e-03 -3.747939917216010913e-02 2.222607921411050291e-02 2.752125944086366779e-02 1.594440300759765450e-02 2.536351873113145555e-02 3.747959616319077730e-03 2.270897026187739670e-02 -4.953333146236230111e-02 1.850847721834939300e-02
0.000000000000000000e+00 0.000000000000000000e+00 1.151807912487878144e-03 -6.126965353181238437e-04 1.147450581352655631e-03 -7.551487399531264149e-04 -7.800741473281766350e-04 1.086251204334815965e-02 -5.261844541171285632e-03 1.237098586570320458e-02 -2.619216740833664545e-03 -2.627084833760641707e-03 -1.365936317649165972e-03 -1.421834540275800952e-03 -1.873790972207809661e-03 1.718034989428771997e-03 2.147371209128820947e-03 7.579195846132179076e-05 3.408335175066831441e-03 -4.499363826194146231e-03 -1.846794922695789800e-04 1.035479136429348461e-03 -2.151306693377902802e-04 4.661332991756888221e-03 -3.846633339158242199e-03 -4.939057035460575618e-03 -2.501470589728064121e-03 -4.055408648034296293e-03 2.376485950588376039e-03 -9.634727107385856332e-03 8.036480002401074491e-03 -5.274160138812037345e-03 -5.318515097726641237e-03 7.434047077969469473e-04 0.000000000000000000e+00 0.000000000000000000e+00 -2.102861133032605384e-02 -7.164660544772686809e-03 3.796111697133165014e-03 -5.859633770588134477e-03 2.389605228598766853e-02 -1.125527269679108509e-02 7.352782656138375818e-03 -2.558506399465842237e-03 1.245797573620285262e-03 1.226018552833004795e-02 -2.363617053990739458e-02 -1.075953316932624394e-02 6.861854599436123482e-04 -2.181091722191740023e-02 4.412628128952100076e-02 6.219370786161866616e-03 -1.210511084618449799e-02 8.646346301494287068e-03 1.801341691843361473e-02 -1.921882722903305377e-02 -9.297153216408117829e-03 9.436813260539951217e-03 -3.802392332723800866e-02 5.724594809096775205e-03 2.065158479648942624e-03 -2.712501796113786501e-02 1.685060620851466448e-02 9.124976529938171391e-03 2.016398319142308215e-02 1.349011402433493087e-02 3.474505562494336480e-02 -3.212758360314022996e-03 2.916577822838257224e-03 6.323072974839625150e-04 -5.104801186171647499e-03 -4.357259201836199275e-03 6.931888929097742950e-03 6.039254095719319817e-04 6.941376939904236876e-03 -5.866647745638865763e-03 1.097919393254508970e-02 -1.388205642240657785e-03 -1.778058768297872266e-04 -7.573250107268796614e-04 -9.173322428981181553e-03 -6.605125061077829311e-03 -1.909636550700522873e-03 8.815044147063095387e-03 2.244419885058398026e-02 -8.734987622056874373e-03 5.225820521449523262e-03 -7.152002628007117849e-04 1.154816280357336871e-03 -4.865861823299116352e-03 6.399629702941966349e-03 3.041937108260248188e-03 -1.254736789902219807e-03 -2.979164706346832878e-03 1.862628432715311005e-02 -9.160705222950416698e-03 1.035475040722262478e-03 -1.338395236218501393e-03 2.793889812603064619e-03 -6.999642180714915618e-03 -1.519619143792088657e-02 -2.627563945297397945e-03 -9.902290215764684989e-04 -5.785374440557065467e-04 1.512741170848884431e-02 -1.263299176847507664e-02 -1.340884199655591191e-03 -2.703322033689775118e-03 4.583499554220542282e-03 1.855960107212104460e-03 -3.932288922006847709e-02 -1.178084606303256808e-02 3.335366181241743860e-02 -1.523273336124812694e-02 -4.063628704462231983e-02 -1.148376802234108915e-02 3.731204117942538145e-02 -1.292066026061620965e-02
0.000000000000000000e+00 0.000000000000000000e+00 -1.473319325894091938e-03 2.354218824978228028e-03 -1.759765923358016073e-03 6.417005326227882530e-04 -2.973871998419247778e-03 -1.605529739483788076e-02 3.191585365988888756e-03 -4.016767073286232198e-03 2.111710467693517798e-04 2.232760401226782133e-03 -1.842709004055369856e-03 1.693012106775749299e-03 2.339275378467354279e-03 6.440939618128792635e-03 -5.950185296226439408e-03 1.270695461390824489e-03 -5.881855199852991864e-03 8.909381995906878737e-03 -2.428004944308921522e-03 -2.689551525802218158e-04 5.620131251867343386e-04 -1.370542574668270029e-02 1.517704297970720421e-02 1.361663549224554660e-02 3.934684172273160072e-03 7.722616819733884794e-03 -5.003063166397205344e-03 2.730189202010586264e-03 -1.390001668423567621e-02 8.189137060234455423e-03 1.156228874912362641e-02 -2.969888475999402176e-03 0.000000000000000000e+00 0.000000000000000000e+00 1.536326396193456699e-02 2.251385129569816179e-02 -1.217746394106650545e-02 2.159589124676957600e-02 -3.371366216080550621e-02 3.591970792311072885e-02 -1.411076367797456377e-03 2.305912360749712026e-03 1.176714388560320783e-03 8.557611634039487053e-04 3.354269843664281492e-02 4.751106843771174537e-02 -2.684612885255851112e-03 6.430657955223045841e-02 1.231440008826972235e-03 -1.669719512490007787e-02 1.096393302011993039e-02 -1.663729697270883989e-02 -1.921882722903411889e-02 8.457743840464163054e-02 9.040080213729812311e-03 -2.195238116388062780e-02 2.648131446698614305e-02 -3.070532419605273566e-02 -4.804972285786636779e-03 7.050043181430451500e-02 5.555304982550152842e-03 -1.745696894115572259e-02 -1.670716008496071769e-02 -2.417156251399694630e-02 -4.619220936230521157e-02 2.745522589621972667e-02 -6.589268111058406950e-04 1.560376963783175613e-02 3.967882424671687405e-03 3.037565350039744816e-02 -2.699390402207067427e-02 -2.331024757452580375e-03 -1.243685194191039046e-02 1.181759538111371195e-02 -2.225525008053910736e-02 3.162189655412052033e-03 -4.598702403999917372e-03 -6.487079430513647930e-03 1.194537747301344967e-02 2.674801789525805065e-02 7.218804261965329309e-03 -1.351324831756630686e-03 -2.213601588572722267e-02 3.894918856813816416e-02 -1.064600328074129590e-02 1.371862456927492376e-04 -6.982739875364745059e-03 8.290274336139076897e-03 -5.295482300884596545e-03 -1.535588008846246709e-02 1.537817389578082167e-03 6.679857348972379621e-03 -1.408743288918823215e-02 4.052604951014697476e-02 -1.121432650200427858e-02 -1.162581923358561907e-03 3.825511200236276967e-03 1.283817795547679901e-04 1.828432188217401708e-02 5.750972639596738448e-03 -1.474378871506671490e-02 -1.208251865586713230e-03 -1.889777136487750739e-02 4.985699807763453728e-02 1.756184103076847015e-03 3.898571521295292070e-03 -8.625460877666486087e-03 6.864924540182117119e-02 -4.402079090396579519e-02 -3.717798014875781792e-02 -3.649084065484342696e-03 -2.992840515259504938e-02 -8.818812110745755106e-03 -2.585762279310638984e-02 1.757714776774355059e-02 -2.648275425706264272e-02
0.000000000000000000e+00 0.000000000000000000e+00 -2.178726952893724671e-04 -2.560324225336919586e-04 6.999576367057932526e-05 -4.616639206196408111e-04 -1.076898959920584171e-03 -1.240528020206316945e-03 -1.515648601726765068e-03 -5.751869245738285355e-03 -8.515607460888913096e-04 1.327723325124601558e-03 -1.363958707960674643e-03 9.272514674773421313e-04 2.571947602743708343e-04 -3.564497114515579983e-03 -1.833955020051049973e-03 -4.945662186567527461e-04 -1.227646639001593815e-03 1.106983964517129328e-03 -1.712600242962851330e-03 2.862522431575168771e-04 2.536662120496946914e-04 -5.617401282109794024e-03 1.964666013314453981e-04 7.625201963035664089e-03 -1.035223739171875230e-03 1.117288262939150970e-02 1.636664339011838264e-03 1.859262901624477229e-02 -2.504510175365695646e-03 6.666730559821316959e-03 3.463081213820204613e-04 -3.871077860898718744e-03 0.000000000000000000e+00 0.000000000000000000e+00 8.613322398518674303e-03 6.599131904533488201e-06 -8.785550475947715961e-04 4.125201801653756613e-03 -1.044851364601500840e-02 5.487221598946258501e-03 1.132001982196786461e-03 -1.375695654795696743e-03 -1.305028212269496645e-03 2.757172458359374661e-04 6.779874894036568705e-03 4.832711047149420604e-03 8.702754637529528129e-04 1.816078072325265011e-02 -3.607561765950322713e-02 -7.376329226656848717e-03 5.226148417503882933e-03 -2.267122076188598286e-03 -9.297153216408044971e-03 9.040080213726148575e-03 1.996829715403511743e-02 -4.600011501059588989e-03 8.297719143167998565e-03 -1.834875339172954613e-03 3.214017124183515470e-04 1.695187359085950987e-02 -1.482608573488747652e-02 -5.163549270930324099e-03 -5.206283547796818241e-03 -5.337213883240900930e-03 -1.178903144297654797e-02 2.427198514711844529e-03 -1.563384597599290276e-03 -1.276737552623095082e-03 7.398472930671989465e-04 -1.951006936376639559e-03 -2.456104065206849221e-03 3.511815556004872513e-03 -2.936308967489915760e-03 1.591979520405668305e-03 -8.640737061317478335e-04 6.860436744490741763e-03 8.396844071477294232e-04 9.561094270621201680e-03 2.883416716970934636e-03 2.758338314679014986e-03 1.363387069237164588e-03 -5.243749131329067219e-03 -5.704633679487335941e-03 3.504220795335730165e-03 -3.569272771773363169e-03 2.938618188958831267e-03 -8.793947910270283070e-04 2.465176640786948589e-03 -3.571973429130460755e-03 6.958426003209392148e-03 -7.929485862310443108e-04 -2.876690000122290956e-04 -3.312203619400667584e-03 3.064172803683221525e-03 -6.806003374924635314e-03 4.203215878579641060e-03 -6.226625229218863029e-04 5.646662536738462045e-03 1.475117760337810689e-02 5.599306290966195657e-03 -2.301738646472680731e-03 1.336152605812215182e-04 -4.162300822024288770e-03 7.711800987022944705e-03 9.531216203407547006e-04 -3.718278087788065654e-03 3.357973336787043774e-03 8.711288307062498666e-04 9.355001371721990977e-02 3.046549985076600110e-03 -6.659434896954630201e-02 9.801053143631882972e-03 7.488847378573806890e-02 1.115500817777737366e-02 -8.888368365490270651e-02 6.981791969563300518e-03
0.000000000000000000e+00 0.000000000000000000e+00 2.258492403761063177e-03 -1.048106191269330273e-03 2.774791654608089499e-03 -1.469209599716497566e-03 -3.757104160789661793e-03 9.810932234078979797e-03 -8.834775888392073021e-03 4.401054033146939784e-03 -6.335383531391142881e-03 -3.423467046049036462e-03 -7.164368825577174284e-03 -1.801048179097867368e-03 -6.274708808089761924e-04 1.165224720802973376e-03 6.340613591824514677e-04 -5.453882991854590171e-04 2.416422818466715510e-03 -4.902607015556946154e-03 -3.370273723407456352e-03 1.885565527280161444e-03 4.542803588556997615e-04 4.722214144704987328e-03 -6.506759829632385340e-03 -1.418957941198181576e-02 8.411448678278182290e-04 -8.617464847120392957e-03 -1.294217831382270603e-03 -4.421981585552330757e-02 5.448836667074045612e-03 -7.425220738579096057e-03 -6.769739046619217479e-03 -2.503787504392325589e-04 0.000000000000000000e+00 0.000000000000000000e+00 -2.230699906131590124e-02 -4.448948314539710562e-03 -4.478237241651492583e-03 -8.396212142483691632e-03 8.552362914194280158e-03 -4.825042314750099988e-03 7.588425531114704504e-03 -2.760019408272012826e-03 2.970392347529016500e-03 1.830527836274184472e-02 -8.402656943436134437e-03 -5.172505995897339406e-03 -1.838973686731469473e-03 3.739141236383612850e-03 4.937074377515609375e-02 -3.152028615691316368e-03 -2.994427454089821500e-02 -1.903602202215836856e-04 9.436813260538218229e-03 -2.195238116387785571e-02 -4.600011501057502117e-03 3.067465473893326439e-02 -1.980942428714151451e-02 2.549957694319597307e-03 -1.487895663248865264e-03 -9.872447041396502018e-03 1.700556912287180117e-02 6.123042542182982953e-03 4.526764946160737740e-02 6.892393827301092346e-03 1.380847647374058677e-02 2.775395312356036814e-03 3.666000971832585748e-03 7.628725056625805870e-03 -2.906747567187878585e-03 6.999791964240519027e-03 1.293019719893950120e-02 -2.851881590187893036e-03 3.529647931134340111e-03 -8.694750037443540894e-04 4.103544095607082783e-03 -7.177269417040051808e-03 -4.191159727635751639e-04 -1.065597894820221984e-02 -6.133345252500370555e-03 1.134387438613037322e-03 6.064147060022566545e-04 7.770838792529425297e-03 1.496667387362942206e-02 1.155430235271793192e-03 -2.329047496013310174e-03 -3.807884142482950013e-03 -9.582330853603487388e-04 -6.117887569769628851e-03 4.567944677750073075e-03 8.601636500343222760e-03 -1.133370002338252719e-03 4.300969654705926598e-03 1.690796189570610217e-02 7.165738761415760359e-04 -7.584210037607303639e-03 -7.181672572443763454e-03 6.999311624801258722e-03 -8.205722669967168911e-03 -1.113825662445093109e-02 9.462704342271614430e-03 -1.891422063588942687e-02 -1.686310045201000170e-03 7.822761866363195718e-03 -1.294660920051599572e-03 -2.604376606266101384e-06 -2.203277855599955048e-03 -3.954434494623279561e-03 2.209125644870595442e-02 -1.338301575822058442e-01 -3.064139425274397741e-02 9.629192247936800564e-02 -2.667165755464049465e-02 -9.301346576724393855e-02 -2.052290229520076226e-02 1.249647757293050193e-01 -2.788898081453939498e-02
0.000000000000000000e+00 0.000000000000000000e+00 -4.088681161094564163e-03 2.672267336355841055e-03 -5.455931912307200073e-03 4.241254799100755042e-03 6.632535006732293709e-03 -3.337293042896104928e-02 3.057915376737023461e-02 -1.710033214000987456e-02 1.300156706706293713e-02 7.025986607117353476e-03 1.237600002897925634e-02 3.769612848833785688e-03 4.546265756273659871e-03 5.680525675836889561e-03 -3.628352983545514616e-03 3.209083713408514716e-03 -1.171934724833362772e-02 1.497812332568247522e-02 7.713636129585396510e-03 -6.206182367960592743e-03 -1.533670072088573553e-04 -4.520491955186892868e-03 1.208761110652702489e-02 1.299996336071356645e-02 9.109873550833881865e-04 1.418738797913845530e-02 1.885808454144309934e-04 1.959210236679651343e-02 -1.872035918024388471e-02 4.383242395281086376e-03 1.499042225601310112e-02 5.727889741662616201e-04 0.000000000000000000e+00 0.000000000000000000e+00 3.897994631933369980e-02 1.587006350461693874e-02 -1.897169335958599030e-03 1.977721759377923817e-03 -2.722686484794870077e-02 1.513203026631785089e-02 -1.759143775602318646e-02 8.963363939250894308e-03 -1.485202437293606193e-03 -4.048669925473430409e-02 3.776454801410716183e-02 1.283150492028858371e-02 2.065900429214482387e-03 6.168794977739543856e-03 -1.045557807367422515e-01 7.338329997373796605e-03 5.039072152778021479e-02 -1.792887126086750368e-02 -3.802392332723673884e-02 2.648131446698843636e-02 8.297719143163396344e-03 -1.980942428714144860e-02 1.655273248065009528e-01 -1.487456205830808321e-02 1.998498199183027738e-03 4.057706623214737962e-02 -3.331525550352436305e-02 -1.651609179552520137e-02 -1.023582651386225478e-01 -3.272186816986023122e-02 -4.879479858966057765e-02 8.341316867602623737e-04 -6.742193228736243112e-03 -2.878608230311456052e-03 5.486323172176475749e-03 2.058383091892533460e-04 -2.201214415646196576e-02 1.093105191164947185e-03 -1.206648723954891443e-02 7.436704110934025565e-03 -1.520198536325777575e-02 4.584351282229975899e-03 -2.028228892553974715e-03 -3.886273603717002589e-03 1.410143575061998701e-02 3.603987772766083231e-03 1.585088389298996156e-03 -1.168008491057097309e-02 -3.442221366254704512e-02 5.319229430368061472e-03 -3.344682839250265501e-03 -4.635730894679653512e-03 2.872540566473410096e-03 1.401864913275524191e-02 -2.010796371386957063e-02 -1.087899486674199015e-02 6.371603890405101202e-03 1.309781247574198608e-02 -3.611037117213631437e-02 6.808092461096661684e-03 -6.209043324998221938e-05 -2.423911750203501590e-04 -5.878436892254479407e-03 2.455092107991474135e-02 3.418937611959244061e-02 3.048730317581729073e-03 1.302249262069250790e-02 9.951765030227249093e-03 -2.121396743001166887e-02 9.449547273974073444e-03 -5.674974550059395332e-04 1.954351132093561094e-02 -7.064706299958222781e-03 -6.560807153758467514e-02 1.007622684583654449e-01 8.613116757453369299e-02 -4.998245199156852586e-02 8.579156141406860114e-02 7.020011875234997978e-02 7.608364780855619847e-02 -5.449841532784282377e-02 7.531376362026501181e-02
0.000000000000000000e+00 0.000000000000000000e+00 9.051372815384209174e-04 -1.715390017656369436e-03 1.333344922750424009e-03 -8.471679119571298364e-05 1.442999117105117851e-03 8.274466709142468124e-03 -2.573375742338281265e-03 5.169494197848254445e-03 -5.104131088823201864e-04 -1.523029829309612265e-03 -3.943881975038263012e-05 -1.327939499381398198e-03 -1.447390126229920401e-03 -2.334498589212148211e-03 2.944957086088163725e-03 -1.096514809859331328e-03 4.026337967087739375e-03 -4.794066494883406429e-03 4.965322021504234035e-04 3.047083701741351569e-04 -4.587422438930816677e-04 4.245762288272164967e-03 -4.016663667414733033e-03 -1.172185293484846302e-03 -8.062332037663468443e-04 -4.382537525875600595e-03 1.098013273741773287e-03 1.681394683417718802e-03 7.008795681164466801e-03 -1.761690310528530191e-03 -2.904286541679920383e-03 2.453194200527622406e-03 0.000000000000000000e+00 0.000000000000000000e+00 1.789674797950923865e-03 -3.487309928431107237e-03 5.704669874665324429e-03 5.835116412156650823e-04 8.571637941849551481e-03 -8.738895619199686313e-03 -3.113319536540727021e-03 2.043972587051317950e-03 -4.224755022192321942e-04 7.293675715589616540e-03 -1.030404890370074586e-02 -9.258440176803398036e-03 1.190443674967398609e-03 -8.092144389003096128e-03 -1.139977078793917575e-02 1.429843428135977495e-03 -3.741156832671083815e-03 1.978378055125991700e-03 5.724594809097349399e-03 -3.070532419605532387e-02 -1.834875339173704665e-03 2.549957694319076890e-03 -1.487456205830442295e-02 2.867277803147281687e-02 2.126077900918284073e-03 -9.587708336488327127e-03 -6.396052052703939464e-03 3.006031545864096266e-03 -4.951048824421320702e-03 3.782408773236403416e-03 9.780223737398115874e-03 -3.062365475276346109e-03 6.553267477149036851e-04 -8.496501462959120746e-03 -4.839822998791946528e-04 -3.639406871320971515e-03 5.831193293413920037e-03 2.670381257319526681e-04 3.884427204959590291e-03 -5.435318022631518801e-03 5.392685057457916389e-03 -1.555029883917390327e-03 1.581186770921878251e-03 5.184076250948040261e-03 -3.958489913863967938e-03 -9.088770847457917565e-04 -6.282718835457947251e-03 -7.273202175108959763e-03 3.082697940540242171e-03 -2.354296788783105318e-03 6.377990943153969902e-03 -3.158702004706121988e-03 4.109564947298098916e-03 -6.599654249666363909e-03 1.831305464117068431e-03 -3.373778663592930408e-04 -5.620195811957932885e-04 -1.073332975017114374e-02 4.736163755402842540e-03 -4.348489121855695326e-03 7.951238997429808681e-04 -2.513592044990858951e-03 -3.984851795973656970e-03 -3.837737735122444607e-03 -4.006363212733814703e-03 -1.117383680779556951e-02 3.679933951635707117e-03 -5.162614257329649174e-03 3.810000195800077993e-03 -6.320250017197954345e-03 -9.488482576970058441e-04 -3.350863126398524391e-03 8.433028022779226821e-03 -1.832284293552416746e-02 1.117894689422961885e-01 1.315648429600501171e-02 -7.191332527576910216e-02 1.089770225266801541e-02 7.353216539804703633e-02 8.882028760835420853e-03 -9.487725923019953156e-02 1.217285074042418445e-02
0.000000000000000000e+00 0.000000000000000000e+00 -6.764867523582823510e-04 -1.882558604604666242e-04 -8.565883832109384916e-04 -1.494682761592421613e-04 2.308863302052560889e-03 -4.025939147328852323e-03 2.081393410345011401e-03 -2.421514115708953314e-03 2.620584894308647123e-03 8.487829350015585646e-04 2.983939651121812840e-03 1.809045626833922994e-05 2.680686523929699371e-04 -3.014060930696157558e-03 3.127306914111506594e-04 -1.000591924741065734e-03 -1.516713733126669010e-03 1.395827442067848782e-03 1.603709276504456955e-03 -1.945191605983764230e-03 -1.998045020714210319e-05 2.472605241353603017e-03 -4.144378247349793203e-03 -9.172538568808284807e-04 -1.823281777902360963e-03 8.360841846088019457e-06 2.403465037578388346e-03 1.241783023528781303e-02 -6.072791904320998420e-04 2.602988436018447999e-04 -1.405303109930475421e-03 -1.613629686031335902e-05 0.000000000000000000e+00 0.000000000000000000e+00 6.413656242836886234e-04 -3.505145088716722429e-04 3.749146167213841373e-03 5.340184885828250586e-05 7.612111597916740822e-03 -3.361775658912508329e-03 -7.232509671319406561e-04 3.209972429068973232e-03 -2.291564495672157836e-04 -4.016167741571993223e-03 -5.669277228741656169e-03 -4.393617353675282472e-03 2.144340218926211149e-03 -1.295993929252134587e-02 -1.746995230532404769e-02 8.137547963740693335e-03 1.899230852880855538e-02 2.746183458982344883e-03 2.065158479649839042e-03 -4.804972285786859691e-03 3.214017124165281358e-04 -1.487895663247757426e-03 1.998498199183807930e-03 2.126077900916711113e-03 4.382023939037586920e-03 -5.077441223159690625e-03 -9.209958233677258826e-03 8.800389340981992683e-04 -4.440959598507324829e-02 2.151154133452240751e-03 8.655581970107892320e-03 -1.551293564151773503e-03 -1.673934931158082250e-03 -5.664811872187491999e-03 -8.633004146152663868e-04 -3.872700459434986770e-03 4.883752722216442785e-03 1.856173601102276702e-03 2.507930763069493672e-03 -2.186244102728358320e-03 5.644206951846463330e-03 2.075367781299013604e-03 1.928763438277973597e-03 5.652810076410564807e-03 -2.068330438616324853e-03 -2.373616631220378751e-03 -7.933336972076822282e-04 -1.069376873488702296e-03 3.856273775520757327e-03 -3.450076320447836940e-03 2.362208305476525775e-03 -1.189825235335290141e-03 1.504304954870075949e-03 -4.899290140807285041e-04 -1.511743828083227928e-03 -9.537695790417391808e-04 9.690260973336660855e-05 -1.685789575725357399e-03 2.290364198140814114e-03 -4.844738125854128677e-03 -2.643748685348802467e-04 1.574872849825062265e-03 -4.644823613419331570e-04 2.411394443059675617e-03 2.896053931422500538e-04 -1.032505470486741114e-03 1.981078691660054149e-03 1.352525510639330554e-03 3.076022667742893402e-03 -4.928777535461106515e-03 2.351848595346827850e-04 4.995729467089509183e-04 3.340977733428637016e-03 -1.513146910140346531e-02 4.480756298361222856e-02 1.465651225587314387e-02 -1.814001504443550974e-02 1.333967593444594646e-02 2.376279470178850606e-02 1.185969760696002802e-02 -3.395135399222891370e-02 1.151949705878787394e-02
0.000000000000000000e+00 0.000000000000000000e+00 2.999966811475671125e-03 -9.556502298175950216e-04 4.267585502153159287e-03 -3.769930352249977780e-04 -1.017289505830554046e-02 6.815336871157485522e-03 -1.605857482698749839e-02 2.049187022027886343e-02 -1.298230399474025430e-02 -5.503255646024104303e-03 -1.660978546746708431e-02 -3.378075959816777621e-03 -6.547181771971869249e-04 1.719967496891312841e-02 -4.692368604427643933e-03 7.471819100696164284e-05 7.081805861874872730e-03 -4.108711737608083253e-03 -1.101426492178026600e-02 4.775607969816128735e-03 2.532206243454123568e-04 -2.271706853781696109e-02 2.745469658997135715e-02 2.242584191963808635e-02 7.263153235234342045e-03 6.892377176062815247e-03 -1.017940163421107366e-02 -4.591365727618546694e-02 -2.997344243493846490e-03 8.752644973893764641e-03 1.366461225200457826e-02 -2.872504806346265049e-03 0.000000000000000000e+00 0.000000000000000000e+00 2.264788530613065162e-02 2.633344712265023660e-02 -2.174448489932089695e-02 4.190663388309091852e-02 -4.320970740607914251e-02 5.042239481716195848e-02 -1.133853359973928214e-02 7.546278626424988284e-03 1.344531197474368609e-03 2.972351416634083296e-02 4.655112788840267551e-02 6.223806716390323235e-02 -3.182857735339408162e-03 1.731433950976884184e-01 -3.254093441980390050e-02 -5.042950929648984393e-02 -2.263071007795389861e-02 -7.134291249908679411e-02 -2.712501796113821195e-02 7.050043181429960226e-02 1.695187359086271911e-02 -9.872447041401364448e-03 4.057706623215050212e-02 -9.587708336486320052e-03 -5.077441223157320993e-03 2.090291984256674729e-01 -2.570401331522508340e-02 -4.265392964994872693e-02 1.262495291884175100e-02 -1.199391708981348698e-01 -6.993640474050394351e-02 4.259718109037689826e-02 8.042522436797750612e-03 2.846371595086739578e-02 3.442244189966041715e-03 4.541252791708687980e-02 -4.425280912753098983e-02 -6.879160901630428787e-03 -1.720463023095472263e-02 1.044590703428011774e-02 -3.715760649476927691e-02 -3.603881059468554832e-03 -1.130889350850188858e-02 -1.612258176110791322e-02 1.170014925146173161e-02 5.468846597881400068e-02 -4.067866369483839201e-04 -2.100842948804533539e-02 -3.062797965838949185e-02 6.798459383239176257e-02 -9.839288007782102941e-03 -6.586732169354879603e-03 -6.425858528838786568e-03 -5.387662783687920858e-04 -4.924630926477473886e-03 -3.172392907562256864e-02 -2.328528099083770550e-03 6.705600607469898531e-04 -8.423041230834538151e-03 7.050860056385775676e-02 -3.478122022022271664e-02 -1.340596564304506397e-02 6.863978323192280843e-03 -9.895270722276180986e-03 2.476670435946609974e-02 -1.854292216220634892e-02 -3.159281639152454468e-02 -1.794435871320674072e-02 -2.441406814945370693e-02 8.147046840550800639e-02 1.733426422257076461e-03 -4.423002662769934951e-03 -3.051133598765700360e-03 8.750229546795532110e-02 5.811700561192668923e-02 -4.592632017843342740e-02 -1.011824020493430898e-01 -2.993334560617142912e-02 7.230347565256026177e-02 -2.833867843323645969e-02 -5.773000968750890971e-02 -2.254317274075149855e-02
0.000000000000000000e+00 0.000000000000000000e+00 3.257565568435906011e-03 6.102185643585272953e-04 3.495651577529923851e-03 3.075914066787378918e-03 -6.861462300925285154e-03 2.905872352394793523e-02 -9.838050553136594781e-03 4.172440925703688186e-02 -1.021960719195828295e-02 -4.732736843627930942e-03 -8.044071919301164567e-03 -9.663673192387013233e-04 -5.524606423566578994e-03 1.699158683162049072e-02 2.397300110937857203e-03 5.167053466521485082e-03 1.211130486164845553e-02 -1.040483502380241607e-02 -3.612392305406403152e-03 7.892203653883681988e-03 -7.726794446502575518e-04 -2.326733940762340958e-03 1.458838272017549953e-02 5.799560713482570379e-03 1.925079374660682800e-03 -6.059987402525227745e-03 -8.367210548895005762e-03 -4.050840514024327960e-02 1.788976478957664262e-02 -1.317064782375420261e-02 1.295028136437598783e-03 3.054117263912321974e-03 0.000000000000000000e+00 0.000000000000000000e+00 -4.626593538973013814e-02 -7.496515140967264373e-03 -2.424593259310484170e-03 -4.117326096664599214e-03 1.603886269852201028e-03 2.910036431556581229e-03 3.431483825579422636e-02 -2.743777838013914880e-02 8.266536295944306931e-03 5.451010561738891397e-02 -1.592970903976158314e-02 9.897140170643531007e-03 -9.174020401983817505e-03 -3.405449797305072288e-03 2.926774403481822717e-01 -8.901284833522260520e-03 -1.260222873529317708e-02 8.371427917742830377e-03 1.685060620851267996e-02 5.555304982556645045e-03 -1.482608573488339992e-02 1.700556912287377181e-02 -3.331525550352906068e-02 -6.396052052701320031e-03 -9.209958233678925896e-03 -2.570401331520981089e-02 1.461437723165944225e-01 1.163226008637400534e-02 1.107071979563598041e-02 1.854546402464571364e-02 2.867482827930286499e-02 1.250276560917288303e-02 9.997449728862984122e-03 1.608702136875688957e-02 -7.327999377557374225e-03 2.078836234859102183e-02 -1.882253862401954414e-02 -2.749957282681216465e-03 3.834489954055689005e-03 -3.620011910242132772e-03 -3.296214724296350328e-03 -4.087165216555228853e-03 -1.302183477209636377e-02 -1.900585351442247647e-02 -6.597331903123191364e-03 -1.806185621910787490e-04 5.081727031773788754e-03 2.852670330452501332e-02 2.852595775959663668e-02 8.751165674070792225e-03 -8.180979841119817358e-04 -4.862084934227646872e-04 -8.130018601540892759e-03 -1.726785521302697185e-03 1.200684485926840038e-02 2.578386326410251044e-04 2.600039721408354664e-03 7.412113414170490126e-03 3.046996256760517094e-02 1.742158610101907090e-02 -1.153877415325587491e-02 -1.466317742977071327e-02 2.026486196168963277e-02 -3.046069192504958015e-02 -1.356849257836319211e-02 -6.443017325701606846e-03 -2.541846911314187690e-02 -2.552192276662213974e-03 1.424404064932651218e-02 8.306439824593437465e-03 -4.762550095583891439e-03 -5.044103629927075214e-03 -9.499352254296346970e-03 9.560486340159347896e-02 -3.305873335972328020e-01 -9.635670203909288412e-02 1.783888729426062192e-01 -1.048132844553771870e-01 -2.228493855500567056e-01 -9.018206749075190209e-02 2.769392182774935707e-01 -9.434855506154972427e-02
0.000000000000000000e+00 0.000000000000000000e+00 1.092576248972746767e-03 9.580202920381677024e-04 7.937020372407807426e-04 1.854658770902038734e-03 -1.563772904022326564e-03 1.222043261767353714e-02 -3.082353918594145977e-03 8.710316340304840796e-03 -2.772293359733025379e-03 -2.040160006709487359e-05 -1.733237708268803518e-03 1.368504249507092926e-03 -1.225355062982676387e-03 2.195389852282527386e-03 1.216698694154724151e-03 2.345347719156474619e-03 3.478264016765069810e-03 -4.438868941244001470e-03 -8.986470997207807090e-04 4.189734863496800618e-03 -5.432107023230431722e-06 6.813168765935308973e-04 2.013977851120813279e-04 -1.234948186836703262e-03 -8.103280955746533596e-04 7.293523049496739713e-04 -1.450530920125898005e-03 2.528717591458769752e-03 3.699142133418718663e-03 -3.277072503063350756e-03 -2.258540172230346157e-03 -1.124468466740551368e-03 0.000000000000000000e+00 0.000000000000000000e+00 -1.271441956981450051e-02 -6.724279749413958514e-03 1.221356037801183021e-03 -3.891731955127448756e-03 1.058015225917730527e-02 -1.021206145852810582e-02 8.278029307997574610e-03 -1.827350206070456860e-03 1.538922505998148080e-04 6.223340697106991004e-03 -1.248839909846446820e-02 -1.227113235008747000e-02 2.399405140775290584e-03 -3.735959072702019906e-02 6.957004032046168809e-03 2.418420474276922888e-02 2.966653879246167538e-02 5.401564139665868472e-03 9.124976529937789752e-03 -1.745696894115062944e-02 -5.163549270931854125e-03 6.123042542186083771e-03 -1.651609179552681467e-02 3.006031545862292587e-03 8.800389340971280765e-04 -4.265392964994416114e-02 1.163226008638046372e-02 3.996687852855557166e-02 6.481839415318192688e-03 9.335825111581831301e-04 1.740599167812985001e-02 -5.504383258428165865e-03 2.869517811692738011e-03 1.094056093564841573e-03 -2.707987280161288941e-03 -4.061943237629634003e-03 1.562466924822315285e-03 1.937717984472228606e-03 1.769983017955307743e-03 -4.421425696582373800e-04 4.549837493352104981e-03 2.412994549082486846e-03 -1.671071018138226266e-03 -2.176877876863231569e-03 -3.725068529325182426e-03 -9.622932509410661930e-03 -4.175588385567731214e-04 7.221317834572457683e-03 1.158961011013144929e-02 -1.168346864278389276e-02 -7.133532562450896125e-04 3.366359655852490997e-03 -1.285029330145066916e-03 -3.987606744229604686e-04 5.317930567363096835e-03 7.173693092905985939e-03 2.940018994362708030e-04 9.197071601554718603e-03 8.587074041318322123e-03 -9.579456864920088757e-03 2.641108196276109599e-03 8.198570919914808467e-04 3.147821178637474470e-03 -7.054211361245761071e-03 -1.179161011427505915e-02 1.786764007487609855e-03 -8.809051496030688780e-03 -1.052193725631303837e-03 6.033142740407706518e-03 -1.487389721488957713e-02 -9.342212093862948142e-04 -2.914133476940439574e-03 1.464786328150999252e-04 -6.586479673425565864e-04 -3.135399453767735017e-02 -1.021522109047565303e-02 4.040302214557770638e-02 -1.497037067065209309e-02 -3.037910199315140697e-02 -5.698733433303570205e-03 5.107498929547672761e-02 -1.380479210718215007e-02
0.000000000000000000e+00 0.000000000000000000e+00 1.287309978726299681e-02 -9.052228257672859449e-04 1.612821649697575646e-02 -4.224804566415494775e-03 -3.344670075276101606e-02 7.730097032237855104e-02 -3.781402084671130204e-02 5.879687349534326590e-02 -4.420608925469702438e-02 -2.063385611821076313e-02 -4.807096200096516725e-02 -6.251188430168279006e-03 -5.484602557545834034e-03 4.559907966259661716e-02 -1.959806111892317161e-04 1.198987986760764041e-02 2.332926293488365305e-02 -2.781938209156245914e-02 -2.431548742801329516e-02 2.563536590247254138e-02 3.170542489891529079e-04 -1.693554370380545571e-02 3.448462371335496435e-02 -8.634843484708401573e-03 6.238556820245343137e-03 3.090771359069067852e-03 -7.948878476087347864e-03 -1.963202158068884651e-01 2.808276919432467142e-02 -1.476812657764969838e-02 -6.372161746170934386e-03 -4.427371391837707504e-03 0.000000000000000000e+00 0.000000000000000000e+00 -6.322568033680596444e-02 -1.381749311293354807e-02 -3.920336553649410999e-02 -3.286290405890111843e-02 2.542572413665552221e-03 5.580525588902010732e-03 1.617629738525143759e-02 -2.697347627796621572e-02 3.058634434341711214e-03 5.072799185437045638e-02 -1.664920947905782281e-02 1.546466464576878169e-02 -1.474136377207760015e-02 1.521252335739775863e-01 3.654779126455967586e-02 -1.090913273925951665e-01 -4.144123550579383863e-01 -3.331425466242282640e-02 2.016398319141669837e-02 -1.670716008497708654e-02 -5.206283547773641468e-03 4.526764946159293757e-02 -1.023582651386372860e-01 -4.951048824396220988e-03 -4.440959598507242950e-02 1.262495291884855458e-02 1.107071979561881359e-02 6.481839415321484325e-03 9.246430781463672588e-01 -7.887864956998833985e-03 1.446464701336443864e-02 5.883983387110859609e-03 2.905895099705980630e-02 7.983974475928273806e-02 -8.750054562011553780e-03 1.183637648834951449e-02 -3.087694030235498682e-02 -1.598483287870468977e-02 -9.784197332537799066e-03 6.572967176664173614e-03 -2.234315195661953912e-02 -2.679936473854018300e-02 -1.827928612325304888e-02 -7.411125037131928439e-02 -9.306161119785253191e-03 8.030740394825949466e-03 -4.934601455958555032e-03 2.507494573103813754e-02 2.745911503717398880e-02 4.427943500769342816e-03 -5.924502694063931221e-03 1.594609941080151611e-02 -1.144167807208821457e-03 -1.003296009147640680e-02 3.591332450717870522e-02 4.156900627624816880e-02 -8.792134454154687875e-03 -3.352463312028010171e-03 2.444930185401773814e-02 1.874214007794234443e-02 1.028833217427514019e-02 -1.114331887475836572e-02 -1.882472200549873895e-02 -1.675130235261629644e-02 -4.607064890489739190e-02 2.422184416730852052e-02 1.882883648530069703e-02 -2.085626708439539817e-02 1.956994881779150486e-02 1.865214099622802824e-02 -5.741082108950613071e-03 -1.196560626428047960e-02 -1.238841603970504759e-02 9.358225201407602278e-02 -4.293394344811449215e-01 -1.181649525732473976e-01 2.125477151994282776e-01 -1.028222270806342653e-01 -2.695355121338445792e-01 -7.218589796253586932e-02 3.480441439154478012e-01 -7.572139133697626534e-02
0.000000000000000000e+00 0.000000000000000000e+00 -3.211444107933329739e-03 -1.976786331583566501e-05 -3.532496198253703805e-03 -2.433064932517735313e-03 7.060310634821192338e-03 -1.829580849948472462e-02 1.263490816421660237e-02 -2.797075614132816385e-02 1.053459760704191818e-02 4.493406591410256841e-03 1.116540398220902675e-02 1.637501625158072635e-03 2.035710377476049153e-03 -1.771082786964242248e-02 9.730646070766268627e-04 -2.386755299059463344e-03 -1.087633108806233123e-02 7.464081201161088669e-03 7.377689240736961390e-03 -7.328952845976139524e-03 3.189797758299756721e-04 1.605718534159672820e-02 -2.312419560538220981e-02 -1.912643305004710012e-02 -4.416830719424609357e-03 -8.694814195325894710e-03 8.043237156469885615e-03 3.335119986542377929e-02 -3.385899696426295478e-03 -3.376561450236358324e-03 -1.003733208537009938e-02 1.916782726051086128e-03 0.000000000000000000e+00 0.000000000000000000e+00 -1.194051530057027230e-02 -6.820773004714980603e-03 1.341872189416263780e-02 -2.637907828386731879e-02 2.082740027881835321e-02 -1.832342671402039172e-02 2.512840436258077098e-03 -3.742942539597191118e-03 6.498773419084909794e-04 -1.565326765907420342e-02 -2.215390215067660970e-02 -2.298936282989089835e-02 -3.053776396578300272e-04 -8.145997027278639724e-02 3.578967807416057190e-02 1.048019638876521512e-02 -1.021875806559165850e-02 5.449871690825917186e-02 1.349011402433387789e-02 -2.417156251399665834e-02 -5.337213883238679617e-03 6.892393827299492064e-03 -3.272186816986118879e-02 3.782408773238756568e-03 2.151154133452047763e-03 -1.199391708981332738e-01 1.854546402464902349e-02 9.335825111577765543e-04 -7.887864957010114891e-03 1.085052827198034614e-01 3.434060211749181274e-02 -1.472840472965615717e-02 -9.182066290316800994e-03 -1.952328779748400966e-02 -8.893256224269045600e-05 -1.437234154638485431e-02 3.550568890140472222e-02 2.471624846129812439e-03 1.043953493043540438e-02 -6.118545286341462233e-03 2.319622007268583655e-02 7.009754315589790397e-04 1.088367694584465271e-02 1.376850817669983927e-02 -5.722632826426014493e-03 -2.321932917382622114e-02 2.434745717136943023e-03 1.387317515897739523e-02 1.456284820850302017e-02 -2.300125336156026712e-02 6.281815281265872193e-03 -3.859615611933855418e-03 4.082977640537345174e-03 -3.671345483136625228e-03 -5.120773751809237599e-04 1.464834329862576071e-02 7.117173196055106253e-06 -1.534554455316446998e-02 6.893091702524029897e-03 -2.725793516699512309e-02 1.455115327582944332e-02 1.021206902482674726e-03 -2.946002620848894946e-03 3.498430918375077664e-03 -4.789227389087764679e-03 1.336009596597432549e-02 1.302980047233510269e-02 6.238440924588945814e-03 1.250160899635375904e-02 -2.912136060988983546e-02 -1.933518272860129412e-04 3.935451561472470480e-03 2.934495301865565169e-03 -3.119611381960620683e-02 -1.246074251361402666e-02 1.738534377390903857e-02 3.000564090837905956e-02 1.351116800185431406e-02 -1.856716874884791271e-02 1.073818157001226251e-02 -1.404999386282315341e-02 7.396898701010656482e-03
0.000000000000000000e+00 0.000000000000000000e+00 -1.400789031422318138e-04 -1.016853215706650963e-03 -7.094701776698872885e-04 -1.521111178797399967e-03 3.719496403204228772e-03 8.955286543427649903e-03 6.447296652932732984e-04 2.097113500985045217e-02 2.153397650841958055e-03 -2.661976804276260534e-03 5.875323746138456579e-03 -2.412422806978611542e-03 -3.383911330204573183e-03 3.902556084257160010e-04 4.293072240194063631e-03 -1.007253286512207894e-03 1.632477240161239219e-03 -2.421086109236202360e-03 4.483938167316002012e-03 -3.069305184298351790e-03 -7.822246262626754909e-04 1.195569348922854123e-02 -1.201723490699179407e-02 -4.809065270444718224e-03 -1.138746883631737081e-02 -1.329533615767640366e-03 1.154100569580665016e-02 1.615180473662176236e-02 1.499034563925639649e-02 -9.905796332433993226e-03 -1.123778086204000118e-02 4.312931151414909790e-04 0.000000000000000000e+00 0.000000000000000000e+00 -4.536923967125414126e-02 -1.577941516514041326e-02 1.637776858606857996e-02 -2.009822369245025178e-02 6.225134667925507487e-02 -2.553882010496312180e-02 1.757073061634305960e-02 -9.557229647037679063e-03 1.731556533854719093e-03 1.087896597898077404e-02 -6.255804122333777362e-02 -3.193336928746861453e-02 4.421845366493721424e-03 -6.808236377261664418e-02 6.568575035103890736e-02 1.685262055636738837e-02 -1.464246066730951791e-02 2.765336004073187456e-02 3.474505562494583505e-02 -4.619220936230487851e-02 -1.178903144297967741e-02 1.380847647374658545e-02 -4.879479858966515732e-02 9.780223737395281336e-03 8.655581970105390849e-03 -6.993640474050895339e-02 2.867482827931580949e-02 1.740599167813492928e-02 1.446464701337415656e-02 3.434060211749594138e-02 9.366671662122685871e-02 -1.218979155982191642e-02 1.211020445065830262e-03 -8.885481560288909647e-03 -1.281144725086249062e-02 -2.042407895167458465e-02 1.732277979308268281e-02 7.043940078403475823e-03 1.837091887919111571e-02 -1.817280138086505709e-02 3.480915172181482664e-02 5.015825874033741881e-03 1.537193978223118243e-03 1.059499021428892025e-02 -2.200256945354722021e-02 -2.456165733125642223e-02 -3.673984576919868579e-03 2.277504845563647212e-02 5.567435371187438864e-02 -3.215518632195191184e-02 1.449387366434598534e-02 1.963015787651009331e-03 4.940035147132560214e-03 -5.128870974369305509e-03 8.975466932379876084e-03 1.672209931574118388e-02 -2.140487857028965536e-03 -4.912643689109129526e-03 3.840382408456909785e-02 -3.340709375745223864e-02 5.489878073319237953e-03 5.820780428361917343e-03 -9.262519120008160184e-04 -6.870065208577427751e-04 -2.455809756223987714e-02 5.061199814744392345e-03 1.439003281075901253e-02 6.695340997117043592e-03 3.958846547686750705e-02 -3.716216209626004019e-02 -3.675611482976360797e-03 -1.240891783537135607e-03 1.383401828638171176e-02 -3.562174378178965817e-02 -2.978015617271916049e-02 1.761404491086473317e-02 6.587913318668635332e-02 5.211266859373115193e-03 -6.615889591992418772e-02 1.013219627566653430e-02 3.703451718524258807e-02 6.275451971913158927e-03
0.000000000000000000e+00 0.000000000000000000e+00 8.272263002814504457e-04 1.645168943098311814e-04 1.135226418909795988e-03 1.264162837924710943e-04 -3.110285774036992447e-03 5.836226261181236058e-04 -4.613251430383653699e-03 9.433766266858432600e-03 -3.592859431097209909e-03 -1.744578884376292785e-03 -4.931495920610569697e-03 -1.111531138793380455e-03 -2.124965294915849155e-04 5.905050563106374259e-03 -1.471105184368953810e-03 7.758025320372808459e-05 9.666738776467879600e-04 -5.341391245941712329e-04 -3.137818748226051981e-03 1.385094125036838864e-03 7.736563763726006548e-05 -4.782590707374454776e-03 7.677828065959737061e-03 3.496118466152123294e-03 2.285472408542123506e-03 -1.610706476329336594e-03 -3.639961028682283696e-03 -1.982688128605394201e-02 -6.652112137160068848e-04 -5.985901749800033329e-04 3.673746182790129690e-03 1.769767065929069277e-04 0.000000000000000000e+00 0.000000000000000000e+00 -3.535984870024858409e-03 1.399021963115305162e-02 -6.196330482495812295e-03 1.156203354793427195e-02 -1.054333450798428107e-02 1.997836086460292801e-02 6.246210140929197435e-03 1.308574888115172615e-03 2.561597148479853071e-03 1.816157458341597503e-02 7.176275002217413074e-03 2.892227032227192435e-02 -1.357421193053672806e-03 4.400129393526418936e-02 2.870020904935461498e-02 -1.090694818079108834e-02 -6.282181196567715627e-03 -1.223868121503654365e-02 -3.212758360315168347e-03 2.745522589622031648e-02 2.427198514714254494e-03 2.775395312355421855e-03 8.341316867595168763e-04 -3.062365475274976979e-03 -1.551293564152024605e-03 4.259718109038296979e-02 1.250276560916760947e-02 -5.504383258432920742e-03 5.883983387125151128e-03 -1.472840472965713209e-02 -1.218979155982430340e-02 2.361991147554772658e-02 2.710467107037334549e-03 1.034055376876045346e-02 -6.475881417285699005e-04 2.455076874763256062e-02 -1.284531765227928113e-02 -2.987745311598518673e-03 -3.701622179469207623e-03 2.245597199948711886e-03 -9.595153894606120448e-03 -2.457384877213113304e-03 -4.146047125611153350e-03 -8.300113356542982226e-03 7.447265637365842400e-04 2.179256943338346575e-02 7.205651953294832162e-04 1.235782378736138311e-03 -7.533475932869487801e-04 2.987485855691637826e-02 -1.296186708426974804e-03 -5.448899216223720456e-03 -2.396129275603804416e-03 -1.335415250489527077e-03 -7.429915009683947264e-06 -1.016515226769372157e-02 5.168460703011246811e-04 1.492301520350625349e-03 6.197089182601895653e-03 3.107434520438206657e-02 -1.240571892144227625e-02 -1.014793624435474453e-02 4.034382003401845197e-03 -7.504382477785900667e-03 5.095600374129396343e-03 -2.702097570650984458e-03 -1.867039905847994383e-02 -5.309917583613758818e-03 -3.610418135031150978e-03 3.411063187948362024e-02 4.555954972368245681e-05 -1.242532629506550588e-03 -2.091796745359801590e-03 4.683118080402627614e-02 -4.644685851180679892e-02 -2.898408851775742187e-02 1.092559740631240082e-02 -2.418373282426608192e-02 -2.061923472121824502e-02 -1.699565828756401803e-02 3.315550075593438201e-02 -2.195264050994653188e-02
0.000000000000000000e+00 0.000000000000000000e+00 2.477233516760237158e-03 -1.046560923382599314e-04 2.824635067361169413e-03 9.659855914395830065e-04 -4.755484682900767979e-03 1.727514173339138315e-02 -7.779864654290773521e-03 1.716110748890738169e-02 -7.274228530533205679e-03 -3.279143291216660150e-03 -6.911380562833790812e-03 -8.814812444207763015e-04 -1.919436861631684896e-03 8.341138079526315766e-03 9.211264345201983358e-04 2.463762377821063915e-03 6.521520243915746376e-03 -7.190992349776800623e-03 -3.467674940608053702e-03 5.163288034338171448e-03 -1.386476060854059189e-04 -3.897139556224900759e-03 6.511131560978661824e-03 2.534416852917296958e-03 1.914554918639729342e-03 8.966434182503273034e-04 -3.236296975904269773e-03 -2.962281950304649844e-02 6.058090747095340803e-03 -2.086941590129305808e-03 7.164111234693227876e-04 -5.500087455822689347e-04 0.000000000000000000e+00 0.000000000000000000e+00 -8.437997745726729532e-03 -4.145198222747739636e-03 -5.096618792264951368e-03 3.090775896987300875e-03 8.055144836175216934e-04 -1.553040364754683866e-04 4.336249846638412508e-03 -1.877080497568533405e-03 1.228402596389590023e-03 1.480786670484570029e-02 -1.129520125281997843e-03 3.364259575277180579e-03 -1.374086830534711808e-03 1.328759930502366668e-02 2.830993947604623293e-02 -2.201286427594703349e-03 -1.761408752265759131e-02 -9.754083426762203898e-03 2.916577822837729435e-03 -6.589268111047088964e-04 -1.563384597598899747e-03 3.666000971832896263e-03 -6.742193228738088857e-03 6.553267477155201625e-04 -1.673934931158765080e-03 8.042522436799452376e-03 9.997449728864111693e-03 2.869517811692643035e-03 2.905895099706375106e-02 -9.182066290316502621e-03 1.211020445062763705e-03 2.710467107037815068e-03 6.094482084780076213e-03 9.650512129594224220e-03 -2.196627212367100943e-03 3.016618028481104618e-03 -8.994727491953381782e-03 -1.316789322237967713e-03 -1.539112052065638942e-03 9.402261210750372097e-04 -5.400660831066472420e-03 -2.180367094470921866e-03 -4.397776426830509247e-03 -9.246556048167585765e-03 -1.463332775760209023e-03 2.835970053383087171e-03 -5.709057714304917753e-04 1.227112480700193881e-03 5.054392105306095874e-03 3.349764540416903802e-03 -1.800855753861060893e-03 3.689957434489332211e-04 -1.706210471468848442e-03 -1.555501204565018503e-03 3.361946341219407101e-03 -1.775188860148546165e-03 -1.903493446524426834e-04 1.962629354755925613e-03 7.421824340562594227e-03 4.533273951016646500e-03 -6.425519770882527279e-03 -2.152773671095328800e-03 3.888955471514194372e-03 -6.132154892521840192e-03 -3.344787507881386793e-03 -3.492997524388077521e-03 -8.180230420196981517e-03 -2.173036626328900787e-03 1.927418172535329093e-03 2.907183911092687222e-03 -1.295194175339749610e-03 -3.258291183973573320e-03 1.989566542038575603e-04 2.064765795560629877e-02 -2.637916327521743626e-02 -2.287842381708220241e-02 5.046213029917845025e-03 -2.219378054657668992e-02 -1.574100441282360457e-02 -1.746069794609537637e-02 3.007895443298166244e-02 -1.824120322427123450e-02
0.000000000000000000e+00 0.000000000000000000e+00 2.789426634335681002e-03 2.003035872690527280e-03 3.226574358223287253e-03 -4.265271559244272368e-04 -1.576067846777606460e-02 1.716040004051178069e-02 -6.101050432485505097e-03 2.013066037544037137e-02 -1.523636695283874833e-02 -5.616868869526105319e-03 -1.620072204003257521e-02 8.035755483477244896e-05 -1.952529670162975184e-03 2.165664143919701981e-02 -4.831791399277091635e-03 6.556739209989512554e-03 1.309089880621063309e-03 -9.629197038994266079e-04 -8.277786778166701734e-03 7.864110044400789146e-03 1.060504214621805878e-03 -1.157379959685821309e-02 1.904010851515319097e-02 4.272039628461034994e-03 -1.430100494835117447e-04 1.727385830784750140e-03 -6.979476948840197467e-03 -5.326648890831201660e-02 -1.345717092301332990e-03 -2.091121074394229097e-03 3.130749555280207177e-03 -6.060366866488740324e-03 0.000000000000000000e+00 0.000000000000000000e+00 -2.051532510919809246e-02 8.177816906270553906e-04 -1.570897374019551013e-02 -5.241712034903798535e-04 -4.148390823480582398e-03 9.436000135593257052e-03 3.665627043688054771e-03 -5.122507585148929413e-03 2.011582009502855574e-03 2.320446763938826748e-02 8.505855074137650546e-03 1.713303015418398204e-02 -4.010187882720009193e-03 3.838246450234671092e-02 4.148265515595789960e-02 -8.600637351446708059e-03 -5.964133983430916497e-02 -2.044140539314374255e-02 6.323072974827563400e-04 1.560376963783171103e-02 -1.276737552619753788e-03 7.628725056624574216e-03 -2.878608230313486113e-03 -8.496501462957087650e-03 -5.664811872187770422e-03 2.846371595086904030e-02 1.608702136875190397e-02 1.094056093560964466e-03 7.983974475929339620e-02 -1.952328779748091145e-02 -8.885481560291851738e-03 1.034055376875954446e-02 9.650512129592831237e-03 4.398571912900968439e-02 -3.666419199032009378e-03 1.413353384436947385e-02 -2.570036189155770062e-02 -5.194776006771316054e-03 -8.423745781886607387e-03 6.161203258500376999e-03 -1.446170879951854359e-02 -1.778739066485027654e-03 -1.081689490405434058e-02 -2.119500675292138731e-02 4.040595448041175790e-04 8.644579401575940361e-03 2.130478375469262338e-03 2.639843546236099545e-03 4.755692412184877975e-03 1.420699616449486169e-02 -8.241393808351695979e-03 1.896173777645060454e-03 -4.216849486632963037e-03 1.103787418103132148e-04 5.004200267468906713e-03 -3.447296890240913623e-04 -8.653926810197221531e-04 7.927903988020196940e-03 8.086664521142233886e-03 1.925627410448578838e-02 -8.740000298496475306e-03 -6.216815222790858346e-03 7.668667704825413850e-03 -1.033923099638027823e-02 -9.297617991424270145e-04 3.871551826979647507e-03 -1.446331828051897195e-02 -7.826661231083687290e-03 1.193740837054511525e-04 1.627731453195727790e-02 -3.563941283958720410e-03 5.028998061231484962e-04 -6.438231499565155724e-03 5.729253939424599346e-02 -1.268166143613536079e-01 -5.413168670502086638e-02 6.760243898357798376e-02 -4.909993197423949407e-02 -7.254497859376660140e-02 -3.917741752974984032e-02 1.243751514374478728e-01 -4.441240487857532615e-02
0.000000000000000000e+00 0.000000000000000000e+00 -8.099269461150587854e-04 -4.616502736772122670e-04 -6.940630878369857034e-04 -7.224103144413733741e-04 1.995687476589897216e-03 -4.863936950024393482e-03 1.637870401798932705e-03 -1.201296887880391046e-02 2.477555401207863581e-03 4.895257791103467537e-04 2.579381033417345228e-03 8.730050516777014460e-05 1.301357087420552299e-03 -4.959587435159708291e-03 2.157050754202836885e-04 -1.789978099776681937e-03 -3.375124076822124362e-03 1.979333383854847434e-03 1.254606321207390671e-03 -2.048479366028367957e-03 2.873066949590568036e-04 7.178693736310108250e-03 -6.997383322274803447e-03 -9.019752006082459861e-03 -6.593835562670777957e-04 -1.491416066442877685e-02 1.562460347258710610e-03 5.289862061370553814e-03 -1.301126855434894466e-03 -3.684965293672644478e-03 -4.638911718451731170e-03 2.718868599093413161e-04 0.000000000000000000e+00 0.000000000000000000e+00 9.606696510872049163e-03 4.398332447180222128e-03 -6.024725753644476559e-04 7.924737953133381089e-04 -9.722106716423872808e-03 2.524638069142356393e-03 -1.866043144147716288e-03 1.153954163317595996e-03 -1.081108163791140052e-03 -5.787811824245741449e-03 8.435088583522558706e-03 3.791130848446128761e-04 -3.989469490625113714e-04 1.203355247721311048e-03 -1.868479666066101552e-02 -1.773756073670656411e-03 2.664540999771518141e-03 1.884452813705738642e-03 -5.104801186171910310e-03 3.967882424671188672e-03 7.398472930673417360e-04 -2.906747567188503086e-03 5.486323172177457602e-03 -4.839822998790180362e-04 -8.633004146148266344e-04 3.442244189966333148e-03 -7.327999377557792293e-03 -2.707987280160759416e-03 -8.750054562019193502e-03 -8.893256224364910756e-05 -1.281144725086210898e-02 -6.475881417289399387e-04 -2.196627212367182041e-03 -3.666419199032658165e-03 6.553777147786902721e-03 1.266876878802519583e-03 1.294030708660243514e-02 1.315284485010408252e-03 6.180252036887639439e-03 2.008063045375831600e-03 8.113265790984810349e-03 -2.023139804342247508e-03 4.048734180390195850e-03 1.008389126470262158e-03 3.520489433736651540e-03 1.391061190412194986e-03 -6.323711615562327816e-05 -3.790379742682713042e-03 -1.012811518521260050e-02 3.316556250585577913e-03 -1.350998534975122642e-04 -2.642057059611758411e-03 -4.535935587491341111e-05 -1.510487443506034226e-03 -1.699616805966445640e-03 -6.064650013029961213e-03 3.673770498774715136e-04 -1.822431849290985636e-03 -7.891355133227617377e-03 5.348611163991639356e-03 1.879030258016236915e-03 -5.128388711490162143e-03 -1.919103543952295661e-03 -3.670315866516932375e-03 3.128737602786128662e-03 -6.834950140369117598e-03 1.151989592546228628e-03 -4.103309772689575814e-03 -6.001834623964419357e-03 2.004635416257431139e-03 1.059647923118706841e-03 6.319973366888038176e-04 -3.101751972232450610e-03 2.534131795916415471e-03 -3.157106470415030515e-03 -1.093480260915208249e-03 5.679714493607248595e-03 -1.037082694918443470e-03 3.284280064231634433e-03 -3.354066574474903577e-03 -1.944068593850298982e-03 -2.905088483485867776e-04
0.000000000000000000e+00 0.000000000000000000e+00 2.094311131463772770e-03 -1.865405756676529695e-03 3.405171401616341118e-03 -2.583653132651803595e-03 -4.447086495187526668e-03 -5.292543077366402594e-03 -7.998967771570216628e-03 2.140541381078152577e-04 -6.292832573611370148e-03 -4.547480546777185606e-03 -1.128339540081261042e-02 -4.163758808775859695e-03 1.259604329450310237e-03 4.288791510907676539e-03 -7.665774841466923032e-04 -2.714865704202571155e-03 1.337400846057129177e-03 -2.286139737848275500e-03 -5.707569805067190874e-03 -4.205793028822793424e-04 -5.332707493620828789e-04 3.986129696321212210e-03 8.645492413994969663e-03 -1.911805196991327518e-02 4.300461858705686632e-03 -9.858043858300538642e-03 -3.474148125619064883e-03 -6.750370595512772409e-02 9.070571254271436734e-03 -1.013704618817857020e-02 7.707658100632438841e-04 9.913346247546419091e-03 0.000000000000000000e+00 0.000000000000000000e+00 -1.186668108769044563e-02 1.344367333590667894e-02 -9.705492035877437765e-03 1.123361509531391363e-02 -1.578291957826452249e-02 2.241943462915600010e-02 2.008105327100150397e-03 -4.143849600545899806e-04 5.189823316272993564e-03 2.076219234993448987e-02 1.541468196351968890e-02 2.889933285248307351e-02 -3.333238486306803507e-03 5.054429966217379583e-02 5.260977472066749594e-02 -1.076862844991151487e-02 -7.845835103190279894e-03 -1.448580492178782979e-02 -4.357259201838245381e-03 3.037565350040112924e-02 -1.951006936372431120e-03 6.999791964238931755e-03 2.058383091881908821e-04 -3.639406871319837006e-03 -3.872700459435456013e-03 4.541252791709751019e-02 2.078836234858378110e-02 -4.061943237636851320e-03 1.183637648836778460e-02 -1.437234154638581014e-02 -2.042407895168096843e-02 2.455076874763346614e-02 3.016618028479064149e-03 1.413353384437055112e-02 1.266876878803353985e-03 5.047544046619509978e-02 -3.350390813050795492e-03 -1.813631450267889217e-02 -5.270706861751129658e-03 -4.709953219863360387e-03 -1.430071713489725060e-02 -2.183531379806124759e-02 -5.183347464610492047e-03 -2.578665685196843138e-02 3.157463853271395924e-03 2.137737317220255936e-02 5.010882850768465582e-03 2.714253308796417928e-03 -1.484462873698349323e-03 3.532292050456780491e-02 -1.007594651307211660e-02 -9.442329926605604051e-03 -8.038488186898508706e-03 -2.638479707573774743e-03 -1.391652362400029640e-03 -1.561693776829083460e-02 -8.545608357504435454e-04 9.288998591373316552e-04 1.247330810330080086e-02 3.541658420871553192e-02 -2.516096468358597002e-02 -1.437058379679366331e-02 1.848094982267429326e-02 -1.670106379367530466e-02 9.920259181346121127e-03 -3.462655073350225880e-03 -4.490592771056651361e-02 -1.065637450955645923e-02 -7.155043253481366793e-03 3.771536762994562308e-02 1.071422891419263534e-03 2.224844374241455769e-04 -3.092292526203456200e-03 7.587143806380007571e-02 -4.325596356254399893e-02 -5.895044574797153603e-02 -3.702592934808231900e-03 -5.226411222203552337e-02 -1.886895961898941640e-02 -4.484278061894433204e-02 2.497743411352561227e-02 -5.053099179080466907e-02
0.000000000000000000e+00 0.000000000000000000e+00 -3.798394564405208843e-04 -4.183765060176394129e-03 1.020085364176977639e-03 -5.539441512427783348e-03 6.902017628063182933e-03 -3.239567166968295581e-03 6.928090508462715971e-04 -6.609223694886451339e-02 4.138301791094941770e-03 1.527194448775440151e-03 4.170192020101484362e-03 1.402367494705209156e-03 6.214770953237558002e-03 -3.611842743363079949e-02 3.677478112349326540e-03 -7.076825463427207329e-03 -1.414908052922623886e-02 -1.480289185854214914e-03 3.739497472330834214e-03 -6.827963253630515289e-03 2.215631702868571529e-03 4.637475754767361735e-02 -6.379882831012745337e-02 -7.519011835578048863e-02 -1.340679292187845753e-03 -5.807016246047085745e-02 9.709433794136398954e-03 -4.217005926676056088e-02 6.159811647608901680e-03 -1.826996657086592604e-02 -4.165754436440012587e-02 1.690725483132899699e-03 0.000000000000000000e+00 0.000000000000000000e+00 -1.123266148686800437e-03 -4.731987853811038362e-03 6.199265322414128192e-03 -1.172580019359511713e-02 1.738984730276227700e-02 -1.750805688531723719e-02 -9.400649959189160895e-03 9.293256227430244515e-03 1.316226528010831223e-04 -1.549680213831621835e-02 -9.713718183373829668e-03 -2.775101379802061632e-02 3.299199640172421639e-03 -4.458326403709499119e-02 -4.875269893131884552e-02 3.479504756117007130e-03 1.413436978881946367e-02 3.249135930802306282e-02 6.931888929097635398e-03 -2.699390402207165265e-02 -2.456104065208711447e-03 1.293019719893863211e-02 -2.201214415645340317e-02 5.831193293410805341e-03 4.883752722218312817e-03 -4.425280912753581930e-02 -1.882253862402222255e-02 1.562466924827891554e-03 -3.087694030239649876e-02 3.550568890140357037e-02 1.732277979308270016e-02 -1.284531765228076952e-02 -8.994727491953888321e-03 -2.570036189156266193e-02 1.294030708660176381e-02 -3.350390813053085760e-03 1.167590161595446208e-01 3.170181489944479299e-03 3.484323290340139712e-02 5.069428520715025741e-03 5.639665543130608499e-02 -1.980731037929086419e-02 2.599936581673988750e-02 7.409200512167943807e-03 -5.098426726899869810e-03 -1.078338154755663358e-02 3.807340044592681097e-04 -8.660406338844187785e-03 4.735628207807143428e-03 -9.041480562241244190e-03 4.332799005495100060e-03 -2.106546878009428123e-02 4.250706002763308608e-03 -1.517248783315956057e-02 -7.854633609434308328e-03 -1.936466222008065285e-02 -8.421322823519942092e-04 -2.435688072296681925e-02 1.080038563985087283e-02 -1.398767543766122473e-02 -4.895690924014084282e-03 -1.957542459671850893e-02 4.967279501976574682e-03 -6.705663457251499412e-03 1.201902860285449784e-03 -1.287226982982085308e-02 -1.108128463238072618e-02 -1.034458781628062006e-02 4.954144384607017844e-03 -2.273978181151548039e-02 4.727095319961524891e-03 -1.014154195539224319e-03 5.710855521231898713e-04 -2.612873002308882531e-02 -6.636380857089591023e-03 6.726267817161088111e-03 3.468608794493483610e-02 8.718314844115180109e-03 -2.113117664022959655e-02 -1.264832622866527909e-03 -8.761818057079484579e-04 4.554449746961251010e-03
0.000000000000000000e+00 0.000000000000000000e+00 -1.988568963087081025e-03 2.099857465936863857e-03 -2.840896695992034277e-03 3.893040922702378434e-03 2.994319928975981704e-03 2.143551849562295997e-03 6.960812135707245170e-03 6.519402089615540345e-03 4.475928916850514458e-03 3.844167233145409993e-03 9.273920201829573620e-03 3.698051899047853034e-03 -7.756683910118039637e-04 6.151980753185790247e-04 -1.214751296060405166e-03 2.131771319499336029e-03 -3.902616336873993355e-03 5.409921387190893757e-03 4.079033379383849994e-03 -1.480446729836459234e-04 8.512523917198679558e-04 -4.880949487441917437e-03 -1.009164191688272441e-02 2.070699336797510517e-02 -4.838042114595156144e-03 1.069794052729150687e-02 4.188265863598497445e-03 2.896087708472544486e-02 -8.373826165364606569e-03 5.440004848126392921e-03 -2.322086812579868091e-03 -1.435765474665320028e-02 0.000000000000000000e+00 0.000000000000000000e+00 4.620525533849941142e-03 -6.593524093943651816e-04 3.735522756694891443e-03 -1.876939269532713417e-03 3.812138314016186389e-03 -2.461491966900008089e-03 2.069042284785766687e-03 -2.742436417411285229e-03 -8.748302162815118493e-04 1.198859252062639460e-03 -4.461336578394712975e-03 -5.097020548467162161e-03 1.700760848808681273e-03 -1.110287147884151705e-02 -1.430927275870187178e-02 3.982459587784668853e-03 1.253237295871251905e-02 5.054056900775209110e-03 6.039254095729083057e-04 -2.331024757455131720e-03 3.511815556003955278e-03 -2.851881590187868749e-03 1.093105191166136338e-03 2.670381257323875416e-04 1.856173601103345942e-03 -6.879160901633842723e-03 -2.749957282680269739e-03 1.937717984475348073e-03 -1.598483287872259559e-02 2.471624846128770737e-03 7.043940078407003383e-03 -2.987745311599080723e-03 -1.316789322237086257e-03 -5.194776006771989127e-03 1.315284485010010350e-03 -1.813631450268033893e-02 3.170181489945540949e-03 2.421519147216185178e-02 7.831598249642622925e-03 1.073550792573359745e-02 1.836767678712160692e-02 2.235545174186394021e-02 2.823319427179877324e-03 1.755575009022389971e-02 -1.119410206896091558e-03 -3.384894042724028145e-03 -1.171643415900981396e-03 5.838556279045810718e-04 1.037690831184507473e-03 -5.667200714734464163e-03 4.881177704080890377e-03 3.831389344151790548e-03 3.179438474736387063e-03 4.783113319427751689e-05 2.511025099922614082e-03 6.498905110124574523e-03 9.692438929618116478e-04 1.131290025447311215e-03 -3.857124406786770036e-03 -4.426059018475726574e-03 1.365769468250395413e-02 4.192064618315297954e-03 -7.499438465047448231e-03 3.428541335479025429e-03 -7.008544464531781329e-03 5.198482511056134840e-03 1.367424416534816951e-02 1.609065413287697919e-03 2.769180575756871425e-03 -5.330771467782630980e-03 -9.276023416991004654e-04 9.931627185672197398e-04 8.314940842312346222e-04 -1.122732057910558190e-02 3.809450650542662090e-03 9.680691916603166580e-03 1.087227353002034186e-02 8.367651770522007565e-03 2.168751187200045841e-03 9.838204981373315644e-03 -5.771926677159372118e-03 8.351381262805091660e-03
0.000000000000000000e+00 0.000000000000000000e+00 -1.460714157072445004e-03 -1.658140770364386653e-03 -1.667644114466909720e-03 -2.866269615266653012e-03 5.091348740881829725e-03 2.040563668992764410e-03 -5.540197370593534336e-04 -5.130599250151674992e-03 4.312413397768052187e-03 -2.508216015369004424e-03 8.211395611782065784e-03 -2.112886067138091111e-03 -4.727642650558211250e-04 -5.917425367560664659e-03 3.309308975942130450e-03 -4.381096077081404749e-03 -3.634387319252944167e-03 1.538660033008650355e-03 4.603953004600652363e-03 -5.283817132036535899e-03 3.375616047500541814e-04 2.390631983418751993e-02 -2.058566532899929608e-02 -2.316475576931574867e-02 -9.421560724486719579e-03 -4.761359636216144081e-02 7.743356520145319027e-03 2.980463668376176489e-02 7.435469014098859339e-03 -1.841369312752008658e-02 -1.809183876863380142e-02 7.919507198949823088e-04 0.000000000000000000e+00 0.000000000000000000e+00 -4.234531400521346703e-03 1.515736850995555440e-04 4.629121647740548628e-03 -4.846554728375637028e-03 1.032748115448379155e-02 -7.541755603553930605e-03 6.032395124062104631e-03 -4.953180476519329807e-04 3.599325534463853823e-04 4.661771997960043913e-03 -1.087646444805788482e-02 -1.008252181951387744e-02 1.335225956266240018e-03 -1.966760590389942526e-02 4.367037258799976937e-03 1.063514685121487967e-03 -1.323846171039183301e-03 1.220312391739168320e-02 6.941376939904771171e-03 -1.243685194191086404e-02 -2.936308967490650415e-03 3.529647931134571696e-03 -1.206648723954878086e-02 3.884427204958948443e-03 2.507930763069741737e-03 -1.720463023095505570e-02 3.834489954056279678e-03 1.769983017958887562e-03 -9.784197332549711412e-03 1.043953493043473131e-02 1.837091887919170899e-02 -3.701622179469269639e-03 -1.539112052064286291e-03 -8.423745781886942188e-03 6.180252036887279483e-03 -5.270706861751434102e-03 3.484323290340207713e-02 7.831598249642100773e-03 3.041819255992626175e-02 -7.121507441021846657e-03 4.110202755436813404e-02 -7.094268610036299182e-04 7.806838036703182132e-03 5.405336937021793658e-03 -4.758902376906863976e-03 -4.280164227078169133e-03 -2.517648722308462542e-03 1.699696807623129937e-03 8.557721491279500492e-03 -4.217892542483928434e-03 7.555668908091536622e-03 -5.560511597841979667e-03 3.118404284391255304e-03 -7.930369962267976719e-03 1.416542161029388409e-03 -5.740673517194100003e-03 -3.124745796144942894e-04 -6.321453000515984272e-03 7.646384358060738171e-03 -2.392795672794211480e-03 2.738483038876337802e-03 -7.639352436710157915e-03 -3.188419697912751958e-03 -5.894735769648832419e-03 -6.201714201709240121e-03 -1.055662594206948496e-02 3.149411539893477111e-03 -4.702250053915420572e-03 7.444459297163914628e-03 -9.593781150189705301e-03 8.086698900478320184e-05 -5.128438385899011017e-04 3.672145344180675636e-04 -7.205342099551608273e-03 -4.197939472556854595e-02 1.341986092540342883e-03 4.783819888084155092e-02 -8.335783209633134024e-04 -3.491186577508966632e-02 -1.730306897622599111e-03 3.523295863742583606e-02 -7.201774453853863542e-05
0.000000000000000000e+00 0.000000000000000000e+00 8.609985548267282606e-04 3.594048625780023147e-03 1.242655228488304727e-03 5.459479583588155820e-03 -4.678333149940841658e-03 1.055619288034338743e-02 7.933479631415024658e-03 -1.245872156552320191e-02 -3.935360888874402628e-03 5.970798518931895969e-03 -3.162368033540259582e-03 8.846006934364247440e-03 2.986871297358841427e-03 -1.462209678203583909e-03 -3.716611751100308992e-03 8.653602587881810762e-03 -4.196436992764559365e-03 1.087123172773259844e-03 -2.035193425605909268e-03 7.789774131094699509e-03 2.824370191956336335e-03 -6.588074285524215569e-03 -5.977703478250551150e-03 5.540301714810843842e-04 1.578945092079077350e-02 -5.382312740592889305e-03 -1.230804315492254296e-02 -3.939268590818444105e-02 -2.557098506548016389e-02 1.229294162849181755e-02 1.282779631223483372e-03 -1.161865273833418560e-02 0.000000000000000000e+00 0.000000000000000000e+00 5.947476727185251402e-03 2.949920948663729467e-04 -6.115482298635638130e-03 3.482965287393232235e-03 -7.163689134194151445e-03 4.660366501938040598e-03 -5.881884780783203266e-03 1.220951788050458290e-03 -1.701571027285070608e-04 -3.031296908850194052e-03 1.351503513769170689e-02 5.824877302629050298e-03 -1.323651441837489463e-03 1.234310769668079712e-02 -4.353440523208557296e-03 -1.240172432705086928e-04 2.337981930768933975e-03 -7.633819002848273721e-03 -5.866647745639480722e-03 1.181759538111361134e-02 1.591979520406425945e-03 -8.694750037441215280e-04 7.436704110934677821e-03 -5.435318022631938605e-03 -2.186244102728075126e-03 1.044590703427625625e-02 -3.620011910245256141e-03 -4.421425696607302861e-04 6.572967176669938100e-03 -6.118545286340055372e-03 -1.817280138086584812e-02 2.245597199948156774e-03 9.402261210737691268e-04 6.161203258500252966e-03 2.008063045375848513e-03 -4.709953219863531257e-03 5.069428520714925994e-03 1.073550792573339449e-02 -7.121507441022630752e-03 4.083026220836320080e-02 -1.866297491684613952e-02 5.911915046045958938e-03 6.684498581614762951e-03 -3.770504581723195265e-03 4.225059972874494266e-03 2.825442136863798564e-03 4.182226328920196461e-03 -3.299809689674064721e-03 -9.930359549238786110e-03 6.935752497727452025e-03 -5.750688911951921424e-03 -1.460121821308015509e-03 -2.791946653089757415e-04 2.648515187703486158e-03 -2.077093206405446462e-03 -4.024807746091851532e-03 8.543570094929120234e-04 -5.131072619126890791e-03 -6.891904189771281934e-03 7.222432310816856611e-03 -2.154045868919819934e-04 -1.862069248377428050e-03 6.095018997747317716e-03 -9.144225509913500062e-04 3.845662225948762430e-03 1.000833618365167248e-03 -1.168925003524048586e-03 -4.682505265037930839e-03 -7.205694741025760186e-03 5.830098816524112784e-03 4.682186665002428631e-04 5.654254049835508601e-04 -4.026918520182609651e-03 1.381084864435608295e-02 -2.039628180436491023e-02 -1.310960960900104180e-02 -3.962558526471216154e-03 -9.690239475175121270e-03 -4.456664962848871751e-03 -1.124157393067919120e-02 1.866521316233504812e-02 -8.676466924207600073e-03
0.000000000000000000e+00 0.000000000000000000e+00 -4.228475668536063083e-03 -7.711198290993072357e-04 -4.654978429236543598e-03 -5.724493658774151318e-03 8.293614100349504248e-03 -8.939589611594425667e-03 8.200846754331511668e-03 -2.627990779493551143e-02 1.015707082007763148e-02 -2.064405081765292675e-04 1.586574682605908920e-02 2.107175378256332266e-04 2.671001022897912837e-03 -1.490956997084196684e-02 1.237117398358476665e-03 -4.958708550733020859e-03 -1.766589679098895180e-02 7.244232827105656289e-03 9.350948389929863991e-03 -1.058524489104152415e-02 3.417337645143114387e-04 3.523679008861852618e-02 -3.611158259590030450e-02 -2.790554652438038963e-02 -2.347946133200514568e-02 -2.429696631557451414e-02 3.195415368549975321e-02 5.580326762447303246e-02 1.271873159137476041e-02 -2.048774409984970360e-02 -3.086796562020364607e-02 -3.925239372068146763e-03 0.000000000000000000e+00 0.000000000000000000e+00 -5.823156544982039003e-03 -3.082016422360890975e-04 1.039301037070169964e-02 -1.403258852395325787e-02 2.051821277327550708e-02 -1.511668349596205149e-02 4.954287140100331437e-03 1.317648947474926030e-04 -2.955294229467149186e-04 3.623620774531686323e-04 -2.259663521853041979e-02 -2.190329349162300349e-02 4.055986426258128760e-03 -4.662114264974422800e-02 -2.575725932958661951e-02 9.040032131276144398e-03 1.871548414996476208e-03 2.645170106929008516e-02 1.097919393254548868e-02 -2.225525008054056106e-02 -8.640737061331610911e-04 4.103544095605949141e-03 -1.520198536325184993e-02 5.392685057456202483e-03 5.644206951848295198e-03 -3.715760649476820832e-02 -3.296214724295698940e-03 4.549837493360018789e-03 -2.234315195667634091e-02 2.319622007268051442e-02 3.480915172181658218e-02 -9.595153894606951381e-03 -5.400660831064862596e-03 -1.446170879952214661e-02 8.113265790984390546e-03 -1.430071713489991687e-02 5.639665543130950587e-02 1.836767678712168325e-02 4.110202755436868222e-02 -1.866297491684455745e-02 8.499764547222132816e-02 1.009526719940704101e-02 1.241543343436914658e-02 2.948547346938665270e-02 -8.362205503261260081e-03 -1.029530443405503488e-02 -5.339312264286983495e-03 3.629301904352031337e-03 1.504655085129202527e-02 -1.416204602849407100e-02 1.345231646386587515e-02 -5.160613727091055425e-03 6.270245013533006992e-03 -1.093990771526709600e-02 1.876715386392190967e-03 -7.929128265750343303e-04 -3.973906569254041180e-04 -4.846691478275284154e-03 8.619481396782067290e-03 -1.226751631380819905e-02 1.474286288108892645e-02 -7.712731712110330352e-03 -1.108896441407175755e-02 -2.533064541877257710e-03 -1.230515528490556433e-02 -2.715087435732105488e-03 1.168844937196195435e-02 -3.330994866679802893e-03 1.366968657165146435e-02 -2.060915419381781355e-02 6.760900528827635571e-04 3.244629172455293711e-03 2.410588153544581530e-03 -2.799801307114382909e-02 -2.936514385623644613e-02 1.690880732593695937e-02 7.065787611674499702e-02 1.421260125806167451e-02 -3.904394052480850835e-02 1.422380008452930888e-02 2.516893265959813109e-02 1.117852819149673521e-02
0.000000000000000000e+00 0.000000000000000000e+00 -3.876808020710462675e-03 5.154865737276634503e-03 -5.647949638341047754e-03 1.661096540655061663e-03 -7.538797172653194552e-04 2.553428479389440418e-03 8.307790044861828455e-03 4.408630469459105458e-03 3.728528107694250270e-03 7.012818783422469782e-03 9.987753009937417464e-03 7.147555908321960930e-03 -2.301877103484236721e-03 5.680284470158975408e-04 -4.958315219325777623e-03 6.104245163522383465e-03 -5.580044487576597302e-03 7.677931456900595301e-03 3.911914608820211102e-03 1.410723027384007400e-03 1.416138446109186213e-03 -1.671471941924578333e-02 2.368917026991605897e-03 3.620274683310929081e-02 -1.011924274750005542e-02 1.612466695146052426e-02 -7.677744696758566226e-04 1.279542159638880072e-01 -1.674211113271789272e-02 1.506324507130056035e-02 4.980828064889997533e-03 -1.812109786359726582e-02 0.000000000000000000e+00 0.000000000000000000e+00 6.842245263525132543e-03 4.864585941498108905e-04 5.862271665599536920e-03 -7.547766441127961657e-04 7.421514684622334450e-04 4.205152568881338608e-04 2.787943823126329875e-03 -4.795793864736438289e-03 -2.139157259778371595e-03 -3.928970957337287948e-04 -3.976742685749315963e-03 -3.061384245943902724e-03 2.390800083522070987e-03 -1.028402486908337049e-02 -2.154790962805961524e-02 6.054993346876020796e-03 2.521555481040144847e-02 5.221952456851135238e-03 -1.388205642239889086e-03 3.162189655409710157e-03 6.860436744490609057e-03 -7.177269417039777721e-03 4.584351282233435805e-03 -1.555029883917816635e-03 2.075367781300737485e-03 -3.603881059471017272e-03 -4.087165216555118698e-03 2.412994549083864217e-03 -2.679936473856297727e-02 7.009754315558992550e-04 5.015825874039956528e-03 -2.457384877213037409e-03 -2.180367094470946152e-03 -1.778739066486158911e-03 -2.023139804342970020e-03 -2.183531379806262843e-02 -1.980731037929026744e-02 2.235545174186419695e-02 -7.094268610029087069e-04 5.911915046045358724e-03 1.009526719940743306e-02 3.948109344161378903e-02 -3.023959674198867416e-03 3.422568412510436364e-02 8.726984717796323269e-05 -3.477490371865243207e-03 -2.662888502504548796e-03 1.341617997358675275e-03 -1.251917418949485524e-03 -7.785255893664457146e-03 4.595780124769737775e-03 1.128967311509072174e-02 3.000190792080737606e-03 3.629099257449783494e-03 5.123414654275230094e-03 1.899015139115869250e-02 4.522149318412204419e-04 9.884686559886122006e-03 -9.225731300532216336e-03 -5.508110220589243142e-03 1.760261897810506612e-02 1.126032215089314663e-02 -1.201775395078217429e-02 7.909250425848916508e-03 -7.829872246683720199e-03 1.637940630608923295e-02 1.863624884233666679e-02 4.739665277214108983e-03 1.608164037933951804e-03 -2.399549232703219060e-03 -1.617552307281032182e-03 -8.823462357712859565e-05 1.856962917845129089e-03 -1.489039052839814456e-02 3.904889779297562175e-02 1.755135171287119933e-02 -4.938533116199583101e-03 1.565751074948856444e-02 2.762250425903393924e-02 1.937953441066743096e-02 -3.345663917082095790e-02 1.472536286785468274e-02
0.000000000000000000e+00 0.000000000000000000e+00 -7.528258565323750181e-04 -2.616438571721403303e-03 -4.111250956744910397e-04 -3.822780670758245836e-03 4.118852219874997653e-03 -1.192309216311730931e-02 2.538668938896584612e-03 -2.704581888237335766e-02 4.367691160358072242e-03 -6.377733748302881261e-04 2.462682351209846687e-03 -1.340336558094549222e-03 3.588164965932039239e-03 -1.356162547786959362e-02 9.135394562793288774e-04 -4.752677846220268627e-03 -8.379110224818929475e-03 1.988410055293203960e-03 2.029574651499382355e-03 -5.682834303769314713e-03 1.298427875901389181e-03 1.237457556897010418e-02 -1.836600258659509127e-02 -1.769952262472684543e-02 2.917608787048005681e-03 -1.904988719980814024e-02 9.635958435950053858e-03 5.712864643131969344e-03 -1.470055285498521845e-02 1.415962255203251537e-03 -9.400685423463790713e-03 -1.559361727290864896e-03 0.000000000000000000e+00 0.000000000000000000e+00 7.243700682812686219e-03 5.832483008641675334e-04 3.107924462903118371e-03 -2.463726897357232208e-03 4.238275843853727028e-03 -3.286619409299799954e-03 -6.651613584770500048e-03 6.677236939889659613e-03 -1.174270512308491681e-03 -1.253407641916899976e-02 -1.216108739659830379e-03 -5.396659260927347268e-03 1.480872019839762476e-03 -1.411079591402630493e-02 -3.001759174524604168e-02 3.456879759832042279e-03 1.173335144689547499e-02 8.935537446158539274e-03 -1.778058768290873199e-04 -4.598702404002187258e-03 8.396844071468692172e-04 -4.191159727641362385e-04 -2.028228892551288062e-03 1.581186770921210816e-03 1.928763438278935502e-03 -1.130889350850641101e-02 -1.302183477209886177e-02 -1.671071018136436465e-03 -1.827928612326425173e-02 1.088367694584512456e-02 1.537193978225967310e-03 -4.146047125612870726e-03 -4.397776426830602922e-03 -1.081689490405615336e-02 4.048734180390127328e-03 -5.183347464613830523e-03 2.599936581674020669e-02 2.823319427181091197e-03 7.806838036704261130e-03 6.684498581614270289e-03 1.241543343437026894e-02 -3.023959674198806701e-03 1.848534449436816524e-02 9.410586065188368890e-03 -1.607092015626760100e-04 -5.711858660888860344e-04 -3.142877515065186441e-04 -3.480585428266932783e-03 -2.975547353601995168e-03 -2.466190505880635174e-03 2.945528809257037459e-03 -4.350291598963972224e-03 2.325288140946112862e-03 -1.538115667064222491e-03 -4.602323221929453291e-03 -3.052172153342569243e-03 -3.640948558030946509e-04 -5.384826620496356228e-03 -2.953259829361432574e-03 -4.178071651276366386e-03 2.482758262079938754e-03 -2.878719978180586947e-03 -2.148243134501410211e-03 3.946928035663677461e-03 4.558532821267771359e-03 -2.147399774156270261e-03 2.983718743593869425e-03 -1.204514309510207890e-03 -5.198954123260240544e-04 -4.423120598244706381e-03 2.133305974576601982e-03 1.106676896329026206e-03 7.375574075039860802e-04 -2.118602002375043203e-02 2.475008840363712714e-02 1.944783869925742481e-02 -9.280819910786726468e-03 1.981605419362134426e-02 1.491306638394211855e-02 1.456517152745515249e-02 -2.234852968675266754e-02 1.600008530272424567e-02
0.000000000000000000e+00 0.000000000000000000e+00 -6.547844459961251092e-03 1.531198962218237054e-03 -7.665653614310164940e-03 -5.941514208429386767e-03 6.588416501766830927e-03 -1.441952461802498836e-02 8.888612905743952658e-03 -2.068105768536604439e-02 1.199808275165046081e-02 4.792589306062699367e-03 1.850988048908788763e-02 4.111837887431336880e-03 4.268733872970515569e-04 -1.990341941936412534e-02 -4.897352107253893048e-03 -4.284029147301747151e-03 -1.862565578049073939e-02 1.565303554562022872e-02 9.063828813549452967e-03 -1.111617771358271341e-02 8.947463988579108666e-04 -6.240030270795711084e-03 -2.019039837428129869e-02 3.139010548508061604e-02 -1.318560352618673541e-02 3.915024918170113832e-02 1.954288076622321887e-02 1.511253747011621629e-01 -1.178946548254111368e-02 4.052189750192947831e-02 -2.872167538958764026e-03 -1.332275241715071695e-02 0.000000000000000000e+00 0.000000000000000000e+00 1.856132267500281915e-02 2.527280274047771693e-03 1.493796527892890004e-02 -1.131356377568131519e-03 3.840728165323962703e-03 -5.888687654286221644e-03 -3.074279017320538307e-03 1.645369896337107226e-03 -3.530228482728962544e-03 -1.167975646426838189e-02 -1.018206423586353465e-02 -1.149378068312971804e-02 5.311285210744589105e-03 -2.624870865400529690e-02 -5.790178152803187456e-02 7.252985076234159598e-03 6.146788286530073531e-02 1.639636124179978671e-02 -7.573250107259512590e-04 -6.487079430513947170e-03 9.561094270618655105e-03 -1.065597894820218515e-02 -3.886273603711710815e-03 5.184076250946953457e-03 5.652810076412819948e-03 -1.612258176110773628e-02 -1.900585351442265342e-02 -2.176877876858267658e-03 -7.411125037136344351e-02 1.376850817669268527e-02 1.059499021429363003e-02 -8.300113356541915371e-03 -9.246556048167403619e-03 -2.119500675292308386e-02 1.008389126468556057e-03 -2.578665685196730381e-02 7.409200512164179457e-03 1.755575009022252927e-02 5.405336937020071078e-03 -3.770504581724718352e-03 2.948547346938190650e-02 3.422568412510306607e-02 9.410586065186795496e-03 1.053591269338504943e-01 -8.558079298750521620e-04 -6.325552301406760572e-03 -6.125113769198125939e-03 -2.737974249183493941e-03 -3.289775057431660113e-03 -1.424980743946355558e-02 7.178466987484327481e-03 9.917706308151695224e-03 5.503898178281486919e-03 1.041521752290720717e-03 1.432209379448306369e-04 1.794312295692871914e-02 -3.537376569407427954e-03 8.062177260000785023e-03 -1.327292371238501106e-02 -1.600586223670098784e-02 1.943643697136005280e-02 1.530257946814918800e-02 -1.778013221806702335e-02 1.514533680943600490e-02 -2.739907267520786532e-03 1.446242000126864158e-02 2.473457158925529767e-02 2.266281135928117918e-03 1.341392230847065700e-03 -1.072188615805410618e-02 1.354450899651460632e-03 1.087244522412514087e-03 4.921418484648595014e-03 -4.867088468348851338e-02 1.033027974325225057e-01 4.985178125235485702e-02 -3.401701945964861334e-02 4.800460633855920672e-02 6.875438990918109061e-02 4.446653072835710097e-02 -8.524296896782318500e-02 4.316870282938083114e-02
0.000000000000000000e+00 0.000000000000000000e+00 -6.550600829059604778e-04 5.701236613798150261e-04 -7.312756102410678362e-04 6.400934208967832455e-04 2.813593457632849884e-04 -5.980354795083087267e-03 2.614479441957423631e-03 -6.528488465924306774e-03 1.461078042992434252e-03 1.593312612829328023e-03 8.041783530224741114e-04 9.494375292202707119e-04 9.623641079449024235e-04 -7.013650185301333918e-04 -1.156048194354911303e-03 1.978342319354230465e-04 -1.563239509186140856e-03 2.443038375514677753e-03 1.511486161506200377e-04 -3.160882414622475083e-04 1.139369692289256758e-04 -3.198613139967451582e-03 3.174229327402800383e-03 2.792922060206964614e-03 2.321248404720011992e-03 2.309357822583457676e-03 -2.353546476920859772e-03 5.001263813978281195e-03 -5.090104869444944669e-03 3.245244066604412083e-03 3.835890718250190012e-03 -1.227557241187965538e-04 0.000000000000000000e+00 0.000000000000000000e+00 1.249728106590804015e-02 2.785119303002011465e-03 -2.214264209274122413e-03 3.392992447023428313e-03 -1.459285880618121228e-02 6.424980951945555643e-03 -4.676857708734325977e-03 4.393336770614447002e-04 -8.892464719208726092e-04 -7.667732569769590903e-03 1.509041128187619228e-02 6.485074749413937550e-03 -1.064494268013629983e-03 8.925260349994187242e-03 -1.630221428816443219e-02 -1.505534058620387836e-03 7.045632183960315320e-03 -3.659040966593151128e-03 -9.173322428981648194e-03 1.194537747301351732e-02 2.883416716971161017e-03 -6.133345252501273479e-03 1.410143575061994885e-02 -3.958489913863474409e-03 -2.068330438616272377e-03 1.170014925146196233e-02 -6.597331903124293781e-03 -3.725068529326354232e-03 -9.306161119783355404e-03 -5.722632826425998881e-03 -2.200256945354799390e-02 7.447265637363486429e-04 -1.463332775760768688e-03 4.040595448038380175e-04 3.520489433736807665e-03 3.157463853270924947e-03 -5.098426726899763992e-03 -1.119410206895511944e-03 -4.758902376906890865e-03 4.225059972874658197e-03 -8.362205503261093548e-03 8.726984717875867117e-05 -1.607092015620826533e-04 -8.558079298743891724e-04 6.884231148445864312e-03 2.920144015419041863e-03 2.305102773957075357e-03 -4.610940107247508621e-03 -1.435191927520893841e-02 4.892932284827527026e-03 -3.123294998314072885e-03 8.497582571973144898e-04 -1.725422293195650377e-03 3.607142166722848015e-03 -2.292810337329889443e-03 -3.040535552359307191e-03 1.176550564347988428e-03 1.976256362816210255e-03 -1.200760796917445077e-02 6.532730946585860524e-03 1.637032168151279646e-03 -2.347683180295240474e-04 -2.358120248489909050e-04 2.468204902159688635e-04 6.381214326507026781e-03 -2.407847521467202604e-03 1.456338947454412832e-03 -9.384714591481540342e-04 -9.762770308204717432e-03 6.216264067899593057e-03 7.096177761962276865e-04 1.616771067402600348e-03 -3.356778551855208164e-03 6.863134903985683086e-03 1.115825567867183635e-02 -2.265884896193935162e-03 -1.919055792295164264e-02 -3.849724940923335346e-04 1.872253558282762839e-02 -2.409966797591324081e-03 -1.635401533088026368e-02 -1.230406814907463418e-03
0.000000000000000000e+00 0.000000000000000000e+00 1.147995549362289779e-03 -9.934539437186223898e-04 1.712402738085707157e-03 -1.476961763645454105e-03 -2.646558314722920711e-03 -2.191389173794773028e-04 -8.617857031988970101e-03 2.912497977818217024e-03 -3.898254123198837285e-03 -3.355333001500069440e-03 -6.361331347239458991e-03 -2.868538763196332424e-03 5.201360439982384651e-04 3.179971216033198895e-03 -7.605645858559219666e-04 -2.472054013111558719e-03 1.123297094740676122e-03 -2.101132441850409472e-03 -4.072655373122439741e-03 9.304848224452426375e-04 1.915942186437894434e-04 -4.746748487355072384e-03 5.345980546758726144e-03 9.779864405268881046e-04 3.663098472489977313e-03 -2.874714603519740262e-03 -9.861520693267074745e-04 -1.766443289312945655e-02 -2.921949565307045173e-03 9.375123905716673933e-04 2.913726960553860573e-03 -6.551795788990327513e-04 0.000000000000000000e+00 0.000000000000000000e+00 1.014023577940065431e-02 1.135563083147518408e-02 -7.404285882533338976e-03 1.473524043536302529e-02 -1.363186865877780499e-02 2.062676197514854218e-02 -2.884167059834013593e-03 8.954540689045437443e-03 1.793698918924084757e-04 1.191272394821164121e-02 1.493031828828618283e-02 2.963246962975612728e-02 -1.380089296748175437e-03 5.554831720185699623e-02 8.639726016548593575e-05 -1.580601176190960661e-02 -6.331837692419556470e-03 -1.844275518776330308e-02 -6.605125061078355800e-03 2.674801789525714860e-02 2.758338314681247575e-03 1.134387438611564325e-03 3.603987772764907956e-03 -9.088770847436019934e-04 -2.373616631220256019e-03 5.468846597881687338e-02 -1.806185621969850488e-04 -9.622932509413489530e-03 8.030740394837391702e-03 -2.321932917382539194e-02 -2.456165733125674489e-02 2.179256943338147776e-02 2.835970053382113557e-03 8.644579401575145858e-03 1.391061190412613054e-03 2.137737317220027300e-02 -1.078338154755253270e-02 -3.384894042722630392e-03 -4.280164227077322588e-03 2.825442136864327221e-03 -1.029530443405241719e-02 -3.477490371864333345e-03 -5.711858660863985493e-04 -6.325552301405530653e-03 2.920144015418664127e-03 3.544145486690468416e-02 -4.662446888966923289e-03 -1.044212245391445103e-02 -1.021289155788757293e-02 3.276198373908802836e-02 2.058295939961566831e-03 -6.178353093894820014e-03 -7.810202932290354538e-04 -1.360073621058107557e-03 -3.559503612677998065e-03 -6.753303021542001253e-03 -1.870373054414907520e-03 2.819530528189293297e-03 1.260171767209400211e-03 3.100288861565013432e-02 -1.346109417719519065e-02 -1.007345370818328416e-02 2.386287969436322407e-03 5.262952613214385948e-03 1.316583027919319103e-02 8.502731097844035959e-04 -1.950017769501340842e-02 -2.475448549324983389e-03 -1.002656601701393431e-02 3.825960141217892713e-02 1.479971637401132590e-03 -2.448103063949826422e-03 5.293164446919099760e-05 3.443631738646661666e-02 1.049755168319717671e-02 -1.596547793395976592e-02 -4.104476326973601624e-02 -8.971599263772151930e-03 2.690840531776558450e-02 -5.495589235727177738e-03 -2.235701716165523420e-02 -8.121083070908195409e-03
0.000000000000000000e+00 0.000000000000000000e+00 2.297736122262468417e-04 1.808788406252079370e-04 2.251298350210809184e-04 8.480361614197457713e-04 -7.145823928317503746e-04 -2.757566300211286743e-03 1.491877126776447807e-03 -1.779113494034790643e-03 -3.827969320756992007e-04 1.141217788910231772e-03 -1.190461819095581806e-03 9.893236120989811616e-04 5.656440182143396712e-04 -5.388388053578000141e-04 -7.857958018242904973e-04 6.914826497196587072e-04 -1.003730180817830530e-03 9.710958565312354223e-04 -6.335055389555142510e-04 2.412765544944318820e-04 1.344702156902902591e-04 -7.354828854132823817e-04 4.695580107328856286e-04 -6.196053368232783218e-04 2.907450709137294684e-03 2.691985844105610100e-03 -1.981350576558802215e-03 -2.191700519483742032e-02 -1.375585330073419467e-03 2.657881695469628243e-04 8.970164196053840135e-04 5.710725077240078528e-04 0.000000000000000000e+00 0.000000000000000000e+00 -4.077083381719171472e-03 -2.383255607187960423e-03 -1.954746255698117455e-03 1.978806229147572066e-03 -1.788424517912110163e-03 2.264914596242839639e-03 -9.569253067209516602e-04 -2.488999451979136395e-03 1.845383658671434588e-03 -4.645764775664027076e-03 4.899627284345948845e-03 5.012699406528950061e-03 -7.864113613293489177e-04 -2.011454979583898999e-03 1.140182937999675329e-02 1.148622969044749576e-03 3.864821565111632024e-03 2.525967066697668278e-03 -1.909636550700670975e-03 7.218804261965460281e-03 1.363387069237683271e-03 6.064147060014942435e-04 1.585088389299378229e-03 -6.282718835457628062e-03 -7.933336972076622789e-04 -4.067866369480029856e-04 5.081727031772550161e-03 -4.175588385581529313e-04 -4.934601455954654506e-03 2.434745717137109123e-03 -3.673984576920246315e-03 7.205651953292349339e-04 -5.709057714306236143e-04 2.130478375468913225e-03 -6.323711615571525916e-05 5.010882850767191428e-03 3.807340044584933930e-04 -1.171643415900222238e-03 -2.517648722308436088e-03 4.182226328919642216e-03 -5.339312264286736297e-03 -2.662888502504290322e-03 -3.142877515065173430e-04 -6.125113769198096449e-03 2.305102773957161226e-03 -4.662446888966886860e-03 1.209826823986349074e-02 2.485318434042506613e-03 1.310546179341018705e-03 1.321969363657828989e-03 -9.289089946684408322e-03 -1.989541029492644761e-04 -4.100669462507890856e-03 5.157931452857653434e-03 -4.655283708205169499e-03 -6.104457513681729730e-03 8.237321152623613757e-04 1.243362814482365476e-03 1.469973171145922373e-03 -4.263014751840329877e-04 -5.406101254507994502e-03 3.360653845259489476e-03 8.400551627289370646e-03 -9.250818415705161708e-06 7.482437274316179783e-03 3.594688333476939602e-03 -7.017851450457371354e-03 1.958634027485894966e-03 -9.767921586827134350e-04 1.302814525460649830e-03 -2.351794070748863244e-04 -3.476545743179657185e-04 -1.545555421189063767e-03 1.665896141045887166e-02 -1.732142332891970990e-02 -1.622657526851075879e-02 -3.233995664771740185e-04 -1.326819997018664939e-02 -1.176383751114381399e-02 -1.237201596909635187e-02 1.077284295676695161e-02 -1.564031269497562215e-02
0.000000000000000000e+00 0.000000000000000000e+00 -1.794564719311269197e-04 1.688122139660834672e-04 -2.856232483166047317e-06 -2.772265120443022954e-04 5.989722496830141973e-05 -2.319813364353176532e-03 -3.970725593876022613e-04 1.041537889500976019e-02 -2.707857992537881023e-04 -6.463331561670597730e-04 1.272456554324779372e-05 -6.897592365238882240e-04 -2.233149483843288163e-04 4.680300477429400786e-03 -1.113970389643711111e-03 -3.337113224103782248e-04 2.397692106084615797e-04 2.261482468165254382e-03 -6.378382760235419687e-04 -1.155360567406047301e-03 -1.054024652422340792e-04 -4.741476580833597909e-04 4.686013816188631595e-03 3.636659837564601427e-03 -1.838705529071933773e-03 8.579910172742122310e-03 3.028839847047258907e-03 -1.131500737573836769e-04 1.083835289616265438e-03 -2.938526318463519776e-03 9.819105173011529863e-04 6.645083966309618673e-04 0.000000000000000000e+00 0.000000000000000000e+00 -2.342038259396514444e-02 1.818676416408545639e-03 -1.499293326280758554e-03 -1.277906452255759065e-02 8.680786811634113448e-03 -1.613212240358630504e-03 1.231072973775214699e-02 -1.101006292038180998e-02 3.348822179391058862e-03 1.406010839305883373e-02 -1.464487987265409782e-02 4.216131929946887423e-04 -2.024202453009248288e-03 -1.283590017824535155e-02 7.665912205235463073e-02 5.009569148190812227e-03 -1.655148877531519708e-02 6.255036312313480042e-03 8.815044147062680788e-03 -1.351324831754520395e-03 -5.243749131328793132e-03 7.770838792530827821e-03 -1.168008491057617206e-02 -7.273202175107587597e-03 -1.069376873490841427e-03 -2.100842948803963509e-02 2.852670330452847583e-02 7.221317834570316167e-03 2.507494573105994648e-02 1.387317515897702400e-02 2.277504845563101815e-02 1.235782378738078599e-03 1.227112480700994455e-03 2.639843546239558150e-03 -3.790379742681867364e-03 2.714253308799965004e-03 -8.660406338844892082e-03 5.838556279044648453e-04 1.699696807622831565e-03 -3.299809689673274989e-03 3.629301904351491404e-03 1.341617997358010659e-03 -3.480585428267741165e-03 -2.737974249184479264e-03 -4.610940107246628249e-03 -1.044212245391196690e-02 2.485318434042737331e-03 5.049709862034162250e-02 1.620819462218726914e-02 -5.190961683483302086e-03 1.148413271087292842e-03 -1.349228028101442239e-03 -7.038732013399347839e-04 -2.000252476578242254e-03 7.092131905110460321e-03 1.563709622721523584e-02 -1.215842514752891318e-03 -2.488373924577923224e-03 6.909280578406382101e-03 2.761833415260358214e-03 1.284352939078385472e-03 -1.064890981188701055e-02 -9.846135603051758053e-04 -1.628625518481371937e-02 -1.845958473499641553e-02 6.579014612966194511e-03 5.159039640205828267e-03 -3.850329830118038102e-03 1.121727329965638113e-02 -5.505587497320185188e-03 4.685206881784522055e-04 7.620790451117804469e-04 -4.588068326961589581e-03 2.400394786752325232e-02 -1.374311696192070664e-01 -2.627033749794440917e-02 1.112891441295610490e-01 -2.931691458072044690e-02 -1.017167538104299801e-01 -2.138522829954592197e-02 1.244591379386505853e-01 -2.674318883206695807e-02
0.000000000000000000e+00 0.000000000000000000e+00 1.728814319106312730e-03 -5.738084381314363831e-04 1.662100240670322119e-03 -5.547819168726106712e-04 -1.302131176441685472e-03 1.237827359955784995e-02 -6.448859850142520111e-03 2.916149738769989452e-02 -4.105655246684198831e-03 -4.057117817304269243e-03 -2.750260739597719037e-03 -2.646614199267919264e-03 -2.986733490953320629e-03 6.459460270459724263e-03 2.341017537510577205e-03 3.728786339312565451e-04 4.480194995990329117e-03 -5.092590153980383269e-03 -5.861352037326090147e-04 4.731385072341475970e-04 -4.613792437953861568e-04 4.348234705549331933e-03 -2.808299551853107260e-03 -4.793687943379310035e-03 -3.708343280766430300e-03 2.521027267225075304e-03 3.988093399618560311e-03 -3.112024360379675794e-02 1.242260271180297033e-02 -7.918485143253918557e-03 -6.051823394679535159e-03 5.123295468442082149e-04 0.000000000000000000e+00 0.000000000000000000e+00 -3.773021677554403569e-02 -1.164489287443907367e-02 3.975607291075493495e-03 -8.596182651011367165e-03 3.637622882502743876e-02 -1.220704220080626005e-02 1.574145482097908527e-02 -9.332752190740556744e-03 3.656480874348948858e-03 2.416098610458607132e-02 -3.596848653457646039e-02 -1.156881019597714999e-02 1.488097014380214324e-03 -2.309410718509061905e-02 7.025839118168134001e-02 5.914717432285351503e-03 -1.522599328639046359e-02 8.681976458087494256e-03 2.244419885058366107e-02 -2.213601588572301077e-02 -5.704633679487401861e-03 1.496667387363268160e-02 -3.442221366255485832e-02 3.082697940540499344e-03 3.856273775517251885e-03 -3.062797965838461034e-02 2.852595775960554622e-02 1.158961011013133306e-02 2.745911503720281643e-02 1.456284820850583216e-02 5.567435371186563176e-02 -7.533475932839095446e-04 5.054392105307784627e-03 4.755692412188791511e-03 -1.012811518521207314e-02 -1.484462873691387227e-03 4.735628207805399163e-03 1.037690831182364439e-03 8.557721491276986878e-03 -9.930359549238456512e-03 1.504655085129022810e-02 -1.251917418952776294e-03 -2.975547353603748540e-03 -3.289775057435210225e-03 -1.435191927520709267e-02 -1.021289155788397164e-02 1.310546179341367818e-03 1.620819462218932652e-02 4.940973144865243305e-02 -1.415990779433624371e-02 -1.101905942704158037e-02 5.550511402209521925e-03 -1.082763150249896680e-02 -1.652852757968286887e-03 6.040351437865435977e-03 4.756273391085824413e-03 -4.400405374323405200e-03 1.044205102068267860e-02 4.105187695358192279e-02 -2.499699509384587653e-02 -2.069078402881873932e-02 1.560697671773482974e-02 1.626053713203329948e-02 1.794127985272110822e-03 -1.033230084098184405e-02 1.840046751943428746e-02 -2.498139888978486919e-02 1.509572669450264665e-02 2.538028729850021550e-02 -1.402313694805871688e-02 -2.825729111191812182e-03 -2.531121388752400388e-03 9.919893761999219739e-03 -2.298286564254866868e-03 -2.073290971675645702e-02 -9.443034453841574888e-03 1.954248400790727785e-02 -1.151913707937810005e-02 -4.627072054624912362e-02 -3.394341886407829453e-03 3.110624355523548476e-02 -1.015597361028351513e-02
0.000000000000000000e+00 0.000000000000000000e+00 2.135556304494676261e-03 -1.220069024896846578e-03 3.301669792004342449e-03 -7.304749384949173587e-04 -6.119804002444141633e-03 2.171359350413508416e-03 -8.131011374245671400e-03 1.459614393224540306e-03 -7.637580386735276332e-03 -3.058277074608838509e-03 -1.125355046857273549e-02 -1.569123805147624529e-03 7.827581279102580579e-04 4.419303597926215778e-03 -2.284981080504836469e-03 -4.638148797653546436e-04 4.673227318742960261e-04 -2.744640041669550203e-03 -6.451966638182158112e-03 2.417828352828117755e-03 5.459515715670838418e-04 -2.848654528763365067e-03 7.557154277102594297e-03 -3.872652187742762608e-03 4.787188457040651365e-03 -1.383092936028687200e-02 -5.622598170315282196e-03 -3.276186559764225625e-02 -6.802672784434441074e-04 -2.446038899464374715e-03 1.224853625808113803e-03 6.554856373899001134e-04 0.000000000000000000e+00 0.000000000000000000e+00 2.147394695171641124e-03 1.525576255297206134e-02 -9.493242838537335748e-03 1.741339459675622300e-02 -2.184299970845350949e-02 2.834527451949855198e-02 -1.392729991844507235e-03 7.686053018349960422e-03 3.685450349324116345e-03 1.750525517250550028e-02 2.151852794337038091e-02 4.243322481043075578e-02 -2.900196878412678383e-03 7.077122968197850639e-02 2.850961909573802855e-02 -1.588630182243450442e-02 -7.471616051668412972e-03 -2.227095485608853939e-02 -8.734987622059152065e-03 3.894918856813971847e-02 3.504220795339206117e-03 1.155430235269690274e-03 5.319229430369640070e-03 -2.354296788781896216e-03 -3.450076320447546807e-03 6.798459383239763287e-02 8.751165674062276467e-03 -1.168346864278967980e-02 4.427943500776562735e-03 -2.300125336156108244e-02 -3.215518632195803195e-02 2.987485855691545539e-02 3.349764540414908870e-03 1.420699616449573946e-02 3.316556250585716691e-03 3.532292050456552202e-02 -9.041480562238291691e-03 -5.667200714734395642e-03 -4.217892542485686576e-03 6.935752497731797507e-03 -1.416204602849692809e-02 -7.785255893662998243e-03 -2.466190505877817116e-03 -1.424980743946232392e-02 4.892932284828184486e-03 3.276198373908897898e-02 1.321969363658827322e-03 -5.190961683488084719e-03 -1.415990779434374985e-02 6.455365482209325656e-02 4.045236657387504256e-04 -3.535459785351029866e-02 1.211216292180203411e-03 -2.131869372745578278e-02 -8.777935688717757035e-03 -4.865956217612851104e-02 -9.839325007415414097e-04 -4.118334819027674037e-02 1.637175471596994183e-02 6.853213609226815883e-02 -4.824466095481334815e-02 -4.276698536173607901e-02 1.875467612303125670e-02 -3.498022880063199336e-02 3.569852472768340890e-02 -4.119335627166075681e-02 -4.919310124485117702e-02 -3.919440363334480287e-02 -1.155681862184143420e-02 5.139131189150712709e-02 7.081690618893709361e-04 -3.621787961632472880e-03 7.440948620832056517e-04 8.137168975496568424e-02 3.369742661551186624e-02 -5.671255661431469364e-02 -7.585519089847528318e-02 -4.577602841617055274e-02 4.705939175800684382e-02 -3.786197271051428004e-02 -4.727602835885614391e-02 -4.465201578584990921e-02
0.000000000000000000e+00 0.000000000000000000e+00 -1.016689242274580480e-03 -6.805240758910635667e-04 -1.138790193456716776e-03 -6.473094030967729666e-04 2.743766436267484725e-03 1.002528668888995984e-03 3.205568952103274478e-03 -7.677232424453919041e-03 3.434512171704079582e-03 -3.262098565946015453e-05 5.283138854794530888e-03 -4.013084038825480795e-04 -3.530137066844715233e-04 -2.625171821102331021e-03 1.615067874310059225e-03 -1.156155527793193772e-03 -5.910252976968125276e-04 6.083971588607552756e-04 2.827860705625634061e-03 -1.228220107390663989e-03 -3.014581991350192918e-04 4.494547485130814639e-03 -3.954154200072260497e-03 2.502111601718330983e-03 -6.077546262277321899e-03 -5.943146399219581717e-03 5.796068459246084444e-03 4.201834406802749944e-02 2.164975425730462574e-03 -2.473362984804675958e-03 -3.039960665282247666e-03 -2.209335717602057029e-04 0.000000000000000000e+00 0.000000000000000000e+00 3.892564902443115728e-03 2.499801370848704889e-03 7.594417506480032401e-03 -4.408606021315121352e-03 9.458205194902568821e-03 -4.041296029132881648e-03 2.949625244702683887e-03 5.251038642057677397e-03 -2.716977179861121416e-03 -6.194489883343842589e-03 -1.274666187758145830e-02 -5.132175473484918912e-03 1.379636526637730877e-03 -1.619379316763735338e-02 -7.878386017747091366e-03 1.257644554711273262e-03 -8.907587651175866497e-03 9.659844643724125116e-03 5.225820521450659506e-03 -1.064600328074450687e-02 -3.569272771775685096e-03 -2.329047496012781517e-03 -3.344682839245559629e-03 6.377990943151829253e-03 2.362208305478450017e-03 -9.839288007787572524e-03 -8.180979841149412825e-04 -7.133532562422672174e-04 -5.924502694088998843e-03 6.281815281265068149e-03 1.449387366435152952e-02 -1.296186708428394892e-03 -1.800855753860887637e-03 -8.241393808352965797e-03 -1.350998534982582495e-04 -1.007594651307435786e-02 4.332799005496944071e-03 4.881177704079425403e-03 7.555668908092200153e-03 -5.750688911948713053e-03 1.345231646386254275e-02 4.595780124768992711e-03 2.945528809257146313e-03 7.178466987482256222e-03 -3.123294998314667895e-03 2.058295939959040206e-03 -9.289089946684469037e-03 1.148413271087931221e-03 -1.101905942703895920e-02 4.045236657375826856e-04 4.047325052547087049e-02 -1.043587633668835099e-02 2.074831773394834530e-02 -6.229872894833647298e-03 5.166026506877794723e-03 4.745186464134109813e-03 4.247294322386452152e-03 -2.041740364441279112e-02 -1.117424247360769736e-02 1.653842552204723426e-02 3.542752637436073077e-02 -3.007828818256045103e-02 -2.188763963864133466e-02 -1.008755415290685069e-02 -1.521659187273533692e-02 -3.317794350256423469e-02 4.171530659890165804e-02 -1.701340166219896324e-02 5.576209512351402130e-03 -4.362093205538332928e-03 -7.736466013814998817e-06 3.207461853008134389e-04 -6.172635333782874759e-05 -1.820072844067870468e-02 -4.594579604286266883e-02 1.862534356773826519e-02 4.474438563848743416e-02 1.494526469374534046e-02 -1.951959240702038842e-02 1.054292556770172057e-02 2.531080273176162382e-02 1.429417676476131549e-02
0.000000000000000000e+00 0.000000000000000000e+00 -1.977342854332716105e-03 3.345216707228401958e-03 -3.550350513675500867e-03 2.244711874332969669e-03 1.409185960948741668e-03 -4.123824826415042194e-06 5.055660464309177059e-03 1.496826380152647788e-02 4.093585686682563521e-03 2.499447156630963968e-03 7.434876977960211061e-03 2.138484339423252049e-03 -2.021389653827971103e-03 6.281141737520016047e-03 -4.056580280126106074e-04 3.382429487454558219e-03 3.546985564567625834e-04 3.244948715580463043e-03 3.909096555645396806e-03 8.439683047364827462e-04 -5.098318123992931061e-04 -9.970907977633610558e-03 8.699945318859881802e-03 2.078952857217154782e-02 -1.818513999771474059e-03 1.957336796663691411e-02 -4.146957483925594852e-04 2.705632253113184407e-02 -4.933222675025814886e-03 7.629460884646980905e-03 9.407646110835847855e-03 -2.524264006087321207e-03 0.000000000000000000e+00 0.000000000000000000e+00 4.592745395631615650e-03 -7.453551194929960728e-04 -5.412074466678921643e-04 1.005137435364377493e-03 2.856220709387705613e-04 1.164145301810354813e-04 4.067348051187657555e-03 -1.279164895889653430e-02 -2.781743172445250937e-03 3.162050324497574227e-03 -5.127752411453049327e-04 -7.024505701740430853e-03 1.494038198387842825e-04 -4.841093401667904104e-03 -9.368740212978617782e-03 -1.177071822814019196e-03 -4.694457978436087330e-03 -1.376020515343257585e-04 -7.152002627992332584e-04 1.371862456894805036e-04 2.938618188959939322e-03 -3.807884142482234873e-03 -4.635730894684124762e-03 -3.158702004704446679e-03 -1.189825235335295779e-03 -6.586732169356837238e-03 -4.862084934215182884e-04 3.366359655853150626e-03 1.594609941081015503e-02 -3.859615611933214438e-03 1.963015787655879134e-03 -5.448899216224350160e-03 3.689957434496825674e-04 1.896173777644636098e-03 -2.642057059611354220e-03 -9.442329926607269386e-03 -2.106546878009344509e-02 3.831389344154263830e-03 -5.560511597838968187e-03 -1.460121821312494782e-03 -5.160613727083561419e-03 1.128967311509105828e-02 -4.350291598963894162e-03 9.917706308151435016e-03 8.497582571962680178e-04 -6.178353093895363850e-03 -1.989541029505061316e-04 -1.349228028100114959e-03 5.550511402212307023e-03 -3.535459785351138806e-02 -1.043587633668612361e-02 5.349242716099486539e-02 -9.520738201390986297e-03 2.851767899949566795e-02 1.839740295562685563e-02 6.145877390557261816e-02 -6.749742649293934789e-04 6.628321705570425215e-02 -2.150163349506440877e-02 -3.851537518486118639e-02 5.350868919737226254e-02 5.432154455598747766e-02 -1.798388279585753924e-02 3.197699843879884402e-02 -4.167454386939171973e-02 6.024688463672338290e-02 3.149915987748864998e-02 4.088205331745232290e-02 1.160921492086947667e-03 -6.806744242022790686e-03 -2.121182490770273047e-03 2.928960278005539146e-03 -2.298443290852783538e-03 -1.645990277354555248e-02 -3.427402749821947814e-02 1.370833493430951948e-02 3.898481644530548546e-02 9.623167048216500416e-03 -3.739922775765351648e-02 9.819634258947294858e-03 2.340809036119159345e-02 1.265454307123379390e-02
0.000000000000000000e+00 0.000000000000000000e+00 -7.167958946453281948e-04 -2.383129079398099421e-04 -7.287176661280786233e-04 -1.606468009652694986e-04 1.235391950705481967e-03 -4.589392850148444128e-04 4.031440030676711889e-03 -1.042419151944408776e-02 1.952519208808725518e-03 7.441139050363734493e-04 2.914581779199001185e-03 7.366335601259935400e-04 5.662300504571659296e-04 -2.186071927454168954e-03 9.692474023644350768e-05 -1.581832066121226471e-04 -1.841454495222830806e-03 1.617756547523890951e-03 1.522626425461657022e-03 -6.440641785196089993e-04 1.269597569084879557e-04 2.630345539651492408e-03 -2.951176019722513352e-03 8.127655157735265510e-04 -2.984452090279376708e-03 -3.640111346964008867e-03 2.467752634077966488e-03 2.367690338405508896e-02 -1.264658676221746452e-03 1.801443265378721830e-04 -1.887452293068556369e-03 -1.038861945375579333e-03 0.000000000000000000e+00 0.000000000000000000e+00 4.348190551105908346e-03 1.692948884030330168e-03 3.831263297978360852e-03 -4.180786358863619080e-03 4.412565887849606572e-03 -3.867423172289065434e-03 -3.038081133579637570e-03 5.902063476649189663e-03 -1.038020033241056350e-03 -9.349243531119183492e-03 -4.204254826649805182e-03 -3.025493241690916171e-03 1.034179149986385595e-03 -1.107508154889351101e-02 -2.339111499765535174e-02 1.926446361653948603e-03 -1.184934501252773130e-02 5.089627275259346779e-03 1.154816280358276007e-03 -6.982739875367931746e-03 -8.793947910289399723e-04 -9.582330853611735998e-04 2.872540566477596851e-03 4.109564947296805680e-03 1.504304954872037921e-03 -6.425858528844882386e-03 -8.130018601545356202e-03 -1.285029330142284636e-03 -1.144167807231269212e-03 4.082977640536574956e-03 4.940035147137935255e-03 -2.396129275605959810e-03 -1.706210471468972041e-03 -4.216849486635495733e-03 -4.535935587553501132e-05 -8.038488186902182850e-03 4.250706002764451791e-03 3.179438474736309434e-03 3.118404284391858555e-03 -2.791946653078962557e-04 6.270245013531867279e-03 3.000190792080644365e-03 2.325288140946749505e-03 5.503898178281390642e-03 -1.725422293196247556e-03 -7.810202932319302736e-04 -4.100669462508322802e-03 -7.038732013401348192e-04 -1.082763150249690595e-02 1.211216292176813545e-03 2.074831773394882409e-02 -9.520738201391596919e-03 1.904880865026878020e-02 -5.376324944220344307e-03 -4.018398674580782684e-04 6.291322505589717895e-03 4.393024358683543518e-03 -2.183384759715773990e-02 -1.028710432693804785e-02 1.041984354189526805e-02 1.821695585830363298e-02 -1.634375238385877421e-02 -1.698380585833492509e-02 2.481768368709885188e-03 -3.763388861502233156e-03 -1.114352816674629536e-02 3.089533047954432995e-02 -1.337510208984536188e-02 1.686021807702196146e-03 -3.958831534130979359e-03 2.560755351678282695e-04 1.045336467473376640e-03 -6.470340198130924633e-04 -1.258178649665100957e-02 -1.775109757918191464e-02 1.323521525878075880e-02 2.879721792993086490e-02 1.199563268233757793e-02 -5.340308073030812508e-03 9.339680144803588768e-03 1.266115314173450919e-02 9.719579751763527189e-03
0.000000000000000000e+00 0.000000000000000000e+00 -1.831204455797830373e-03 1.940262361094745574e-03 -2.881939974269401294e-03 1.898233133371507887e-03 2.519045148700519484e-03 -9.757518952712566571e-03 7.617312130132230727e-03 1.304366478758648557e-03 5.115390615126206957e-03 2.740069909059664275e-03 5.956400328768264064e-03 1.419005188481088902e-03 3.987987542506853588e-04 2.709998475361906876e-03 -9.128528844490058081e-04 1.300041246319735919e-03 -2.330982605073301898e-03 4.768421106993245978e-03 3.160307821161478445e-03 -1.129615386247815028e-03 -2.902709856419178258e-04 -7.192435152592025448e-03 6.937301274448887112e-03 1.216839782266303412e-02 2.331394582512579059e-03 1.768259517824443544e-02 -8.695090645791914673e-04 3.145139964807829036e-03 -8.697348165700741901e-03 6.005555846809623385e-03 9.214044884207062830e-03 -1.955150825145300132e-04 0.000000000000000000e+00 0.000000000000000000e+00 9.175609327066795023e-03 6.970446425711720149e-04 8.497425358515603997e-04 1.407805139979103866e-03 -1.566533989592224733e-03 3.446335587937208057e-03 -1.819534889025821315e-03 -3.947593740742319154e-03 -1.789511674509748976e-03 -1.157778227327367626e-02 4.137922341394920621e-03 4.130618405415915212e-03 9.796239396146668842e-05 -8.826745063191291166e-03 -1.262649957726121389e-02 3.774704901654378584e-03 7.439355211144876683e-03 1.257739682835626056e-03 -4.865861823298304502e-03 8.290274336137784528e-03 2.465176640786948155e-03 -6.117887569770149268e-03 1.401864913275078367e-02 -6.599654249664682094e-03 -4.899290140816505096e-04 -5.387662783688049878e-04 -1.726785521301896827e-03 -3.987606744239037245e-04 -1.003296009145369233e-02 -3.671345483135687177e-03 -5.128870974367425936e-03 -1.335415250489957288e-03 -1.555501204564069175e-03 1.103787418099457787e-04 -1.510487443505418399e-03 -2.638479707574664223e-03 -1.517248783316094141e-02 4.783113319581381781e-05 -7.930369962266195158e-03 2.648515187699457263e-03 -1.093990771526247470e-02 3.629099257449389711e-03 -1.538115667064831812e-03 1.041521752290371821e-03 3.607142166722537065e-03 -1.360073621056761195e-03 5.157931452856111265e-03 -2.000252476577608213e-03 -1.652852757966836008e-03 -2.131869372745685831e-02 -6.229872894832514524e-03 2.851767899949748594e-02 -5.376324944220264510e-03 3.199215804327221191e-02 -1.047848758722270219e-03 3.251531380342604499e-02 1.668171692573118623e-03 4.491877018974338442e-02 -2.114788494621390111e-02 -2.344082753534861702e-02 3.285509085826518461e-02 3.204951516970743625e-02 -4.961222075061977842e-03 3.554896338032429576e-02 -7.636921122027995855e-03 3.750707181048871380e-02 2.803170714744065289e-02 3.182451733641905589e-02 -2.378197869226944625e-03 -1.050202903923879187e-04 -5.979349712430203061e-04 4.924854654480253190e-03 -3.617020902038367049e-03 -2.170480532456294659e-02 -4.212290528406976986e-02 2.516896463162749190e-02 1.953763287413240457e-02 2.645494030794554377e-02 -2.188890011550070902e-02 2.194921217246465633e-02 3.075054820060103139e-02 2.113473930285555968e-02
0.000000000000000000e+00 0.000000000000000000e+00 5.193939825673864414e-04 1.433944649875456548e-03 3.180008815365096197e-04 1.390283073863021789e-03 -2.675060873276424202e-03 1.406791752570776821e-02 -4.169931285799840376e-03 1.517643379823136254e-02 -3.214600808791046906e-03 -5.248948818922769032e-04 -7.551423924527677538e-04 9.561646813668097777e-04 -2.552572790638060578e-03 5.949667693238763766e-03 4.402730392584246135e-04 2.967697058828456039e-03 4.857673474195010367e-03 -3.443616081532106625e-03 -7.302741998558576067e-04 4.206215823807171912e-03 -2.263125510220934567e-04 -3.549253924050167590e-03 5.278087905045596509e-03 7.663773278775414671e-03 -2.737639667523379065e-03 1.959510310879278728e-03 -2.202245392529787998e-03 1.094412287509558684e-02 5.076565733695326613e-03 -1.203018997935488945e-03 7.192699676470867267e-04 -1.816851664647187517e-03 0.000000000000000000e+00 0.000000000000000000e+00 -9.811085934885046753e-03 1.085468503934871069e-03 -2.085950439932271212e-03 -2.164127921891490728e-03 1.804194292625419405e-03 -1.523333624540086726e-03 1.101771471305264954e-02 -9.811656736279686722e-03 1.253386058700107217e-05 1.822140888703343425e-02 -5.802043304250874278e-03 -5.178345692524915014e-03 -9.733210706899801017e-04 4.935970813765740151e-03 3.053432145263098446e-02 -4.444473439578082267e-03 -2.095438489638090651e-02 -1.353731737840278403e-03 6.399629702942270792e-03 -5.295482300885710238e-03 -3.571973429129925593e-03 4.567944677751358505e-03 -2.010796371387073983e-02 1.831305464117253179e-03 -1.511743828082966201e-03 -4.924630926478210276e-03 1.200684485926864845e-02 5.317930567363261633e-03 3.591332450717397290e-02 -5.120773751802107886e-04 8.975466932380413848e-03 -7.429915009473774673e-06 3.361946341219259650e-03 5.004200267469743717e-03 -1.699616805966423956e-03 -1.391652362399645832e-03 -7.854633609432434826e-03 2.511025099922382930e-03 1.416542161029541716e-03 -2.077093206404602953e-03 1.876715386392600361e-03 5.123414654275203206e-03 -4.602323221928814913e-03 1.432209379439593720e-04 -2.292810337330054675e-03 -3.559503612678244396e-03 -4.655283708205131335e-03 7.092131905110456852e-03 6.040351437865441181e-03 -8.777935688716553136e-03 5.166026506877917021e-03 1.839740295562519029e-02 -4.018398674580663963e-04 -1.047848758723943577e-03 2.481277552311931742e-02 2.473489460911548754e-02 -1.183011051196046623e-04 1.573461271134458592e-02 -1.769259469762063039e-04 -1.608783417109212969e-03 2.452888990344487263e-02 5.248952045695687123e-03 -1.076090358329509500e-02 -1.397976828519875529e-02 -4.705522692472610680e-02 4.086972970218994035e-03 1.093879654468626200e-02 7.863975036845265816e-04 5.056748889044931222e-03 -3.187957294924650617e-03 -1.337199157543527989e-03 -2.738138866554486357e-03 -2.578186059371308323e-03 1.799587357067817736e-02 -7.986753882780196767e-02 -2.339617988038088583e-02 6.583739045912932741e-02 -2.724451492787226953e-02 -6.880291083746396807e-02 -2.250464035832092438e-02 7.340081643630466668e-02 -1.861713012228348452e-02
0.000000000000000000e+00 0.000000000000000000e+00 -3.410851522590601769e-03 3.302504260903702665e-03 -5.215066503939891525e-03 6.219477245921322534e-04 1.424497538730406469e-03 -3.241408005837836601e-03 1.074652881702378888e-02 -2.318705118940177050e-03 5.689370550926828481e-03 3.743601992446283187e-03 9.699693573238299393e-03 2.862155371628557262e-03 -1.613079335261165302e-03 3.358446999369066408e-03 -1.167023422977372851e-03 3.691355132712958141e-03 -3.118957145627223714e-03 4.889160497310733426e-03 5.544022193421526204e-03 -4.925385274372165618e-04 -1.258068334036487263e-04 -1.174582414378573178e-02 5.929910601556082766e-03 2.399266353677455277e-02 -6.843393799870086530e-03 2.383135436362403617e-02 3.665702275981830988e-03 6.390898737443108379e-02 -9.301169407420499871e-03 9.763806115648566986e-03 8.766845210287735682e-03 -6.525008593666043952e-03 0.000000000000000000e+00 0.000000000000000000e+00 -3.141474786983520021e-03 -9.488720810867335917e-03 2.002284249206428071e-03 -1.266332747192792235e-02 1.237008795766178677e-02 -4.754598435512406157e-03 2.355378941186900971e-03 -1.660832751108092670e-02 -3.934245343847340634e-03 -3.913264398847426939e-03 -1.063735010427846808e-02 -1.623525207397220546e-02 2.167300882161157750e-04 -3.095591405942969485e-02 -1.120505958721272274e-02 6.879424460251463763e-04 -3.791757959602099631e-02 1.835482067322471988e-02 3.041937108261685840e-03 -1.535588008846701380e-02 6.958426003210693191e-03 8.601636500340117605e-03 -1.087899486674057635e-02 -3.373778663566936119e-04 -9.537695790386364111e-04 -3.172392907562354702e-02 2.578386326311389153e-04 7.173693092905127251e-03 4.156900627621899769e-02 1.464834329862151063e-02 1.672209931574576008e-02 -1.016515226769573212e-02 -1.775188860149573555e-03 -3.447296890303845054e-04 -6.064650013029387020e-03 -1.561693776829739186e-02 -1.936466222007740198e-02 6.498905110129730989e-03 -5.740673517189037213e-03 -4.024807746097619487e-03 -7.929128265642989941e-04 1.899015139116100315e-02 -3.052172153339963254e-03 1.794312295692953793e-02 -3.040535552360101260e-03 -6.753303021544363079e-03 -6.104457513683129652e-03 1.563709622721482992e-02 4.756273391085578950e-03 -4.865956217613075924e-02 4.745186464140983655e-03 6.145877390557005771e-02 6.291322505594197818e-03 3.251531380342474048e-02 2.473489460911557775e-02 1.807020069264220485e-01 -3.307007117112388192e-03 5.904729696688615359e-02 -2.649599665567033135e-02 -4.450518108244467391e-02 6.591126069350791705e-02 6.094289607814174642e-02 -3.365667352553392694e-02 5.343942785709361598e-02 -4.708436395687446568e-02 1.383283834687452918e-01 5.619784884654176194e-02 4.525815576629239889e-02 8.532997110223228612e-03 -1.439625039510184813e-02 -2.625469011627701039e-03 4.261628075486119036e-03 2.572788291761800815e-03 1.967809572195033593e-03 8.450529984743628681e-03 -4.155082365419318982e-03 3.842074940536624461e-02 -1.252235593328806726e-02 -6.240541612786219827e-03 -1.641067565885267207e-03 -4.444745062004888669e-02 -9.973827295552963393e-03
0.000000000000000000e+00 0.000000000000000000e+00 -2.523356717961384825e-04 7.257794973928733805e-04 -6.687981661879984375e-04 7.804369058355642387e-04 8.461427749168246417e-04 3.238096721745668642e-04 1.987389140518102358e-03 1.136428570159312432e-03 1.387510348236150638e-03 7.497599272490970733e-04 1.985790468020774777e-03 6.122435329840335890e-04 -1.205865741449579768e-04 6.984676443856908902e-04 6.516589155089679529e-04 7.571606796250533863e-04 8.469069067211737554e-04 2.508127680868789270e-04 1.056720430268892489e-03 5.983827801335061397e-04 -1.462533558278585218e-04 -4.633111606199304382e-04 3.770808718695786103e-04 1.554147782960068171e-03 5.684969806467626190e-04 2.490412269111914618e-03 -6.561279407850751158e-04 1.147241280087446958e-03 -5.810944041460852942e-04 -3.676427775520594698e-04 1.162415222052170247e-03 -2.822284898600834141e-05 0.000000000000000000e+00 0.000000000000000000e+00 1.313195339410461182e-03 2.841280534686025771e-03 6.030118890931001176e-04 8.369914606934075046e-04 -3.424476336418246641e-03 -6.965861355005390811e-04 3.620479623812243846e-03 2.195056336300740753e-04 -1.658757428286793795e-04 -1.616538522060744724e-04 1.194312428530159165e-03 -4.859433169884954220e-05 6.361883532424312518e-05 -7.514512724284032157e-03 -1.346040809445893729e-03 3.435825932188244121e-03 7.898277981934402701e-04 2.018936021731905159e-03 -1.254736789901926639e-03 1.537817389576626517e-03 -7.929485862311823298e-04 -1.133370002338237106e-03 6.371603890405719631e-03 -5.620195811959782534e-04 9.690260973382660843e-05 -2.328528099085395986e-03 2.600039721406890124e-03 2.940018994363645323e-04 -8.792134454156441681e-03 7.117173196529769964e-06 -2.140487857027082493e-03 5.168460703004449947e-04 -1.903493446520438596e-04 -8.653926810202232714e-04 3.673770498773677013e-04 -8.545608357519579590e-04 -8.421322823516485655e-04 9.692438929617071307e-04 -3.124745796142455192e-04 8.543570094928265883e-04 -3.973906569248625590e-04 4.522149318408231903e-04 -3.640948558027040671e-04 -3.537376569407901534e-03 1.176550564347943976e-03 -1.870373054415001629e-03 8.237321152619969753e-04 -1.215842514752991281e-03 -4.400405374322259415e-03 -9.839325007420117366e-04 4.247294322386139902e-03 -6.749742649301752970e-04 4.393024358683365709e-03 1.668171692573175435e-03 -1.183011051199490591e-04 -3.307007117114907444e-03 1.196043025551550391e-02 1.760634664957683605e-03 -6.903649108741896981e-03 3.050755004662296637e-03 1.148143030985152024e-02 -3.453886169001054666e-03 -4.014241781595137559e-03 1.933060633777543367e-03 -4.895669651879939847e-03 -4.494987900013936409e-03 1.349426403858501773e-02 8.108165284287168970e-03 -8.463698680294969414e-04 -1.633423331127334920e-03 -3.755812168165913677e-04 3.595366137069928121e-04 -3.471062391879641603e-03 2.233729884370422867e-04 -4.968400794982972407e-02 -3.480237418122944645e-04 4.089151010929053393e-02 1.937148938543655202e-04 -3.148505204266059676e-02 -1.746499200734699577e-03 3.771813431340319267e-02 -4.167040230132131344e-04
0.000000000000000000e+00 0.000000000000000000e+00 -1.707445140043179887e-03 3.183918019334553047e-03 -3.395557552657333528e-03 4.160264951388813973e-04 9.217727487227277616e-04 -6.490430546162381104e-03 -2.999731204247871492e-03 1.940643532344796598e-02 3.097769697827672166e-03 1.155204171508348356e-04 4.452478105474669094e-03 -6.098548960583346883e-04 -1.472559813138608984e-03 6.737962400073982741e-03 -8.389175895826197094e-04 2.833769358820382132e-04 -8.251906185364039047e-04 2.896229498757422246e-03 2.199459385723614470e-03 -1.261475988354084955e-03 -4.670868674536731487e-04 -1.054322269447412891e-02 8.757389220347144149e-03 1.577127488078261183e-02 -3.121546520452567110e-03 1.791423527476199498e-02 1.678259431437480447e-03 2.376440706301293296e-02 -6.043507173488708688e-03 5.492168916085405847e-03 9.508820333572360131e-03 -2.614988940905039159e-03 0.000000000000000000e+00 0.000000000000000000e+00 -3.598263275499865091e-03 1.003824050748700243e-02 -7.706825506674988037e-03 4.876867654358557798e-03 -7.041032665728539156e-03 8.501353540585241189e-03 1.737215152195338216e-02 -1.803949172606990684e-02 -3.972915359078186062e-03 9.584877882234032684e-03 6.594171129537291717e-03 -5.295836213951891740e-03 4.788412098208259208e-05 -4.549078039828997541e-03 -4.429671993530729518e-03 6.286733318842874924e-03 6.798680098604366513e-03 -5.012859146368764049e-03 -2.979164706346766524e-03 6.679857348977030415e-03 -2.876690000102984025e-04 4.300969654710431675e-03 1.309781247572811870e-02 -1.073332975016760490e-02 -1.685789575730675194e-03 6.705600607574088191e-04 7.412113414188886869e-03 9.197071601554310943e-03 -3.352463311958694091e-03 -1.534554455316194423e-02 -4.912643689111655283e-03 1.492301520356588461e-03 1.962629354759612768e-03 7.927903988027404716e-03 -1.822431849290055391e-03 9.288998591465448800e-04 -2.435688072297184301e-02 1.131290025448129354e-03 -6.321453000515716257e-03 -5.131072619134831488e-03 -4.846691478267340855e-03 9.884686559883445328e-03 -5.384826620498661676e-03 8.062177259997457823e-03 1.976256362816073212e-03 2.819530528196736996e-03 1.243362814481851347e-03 -2.488373924575280373e-03 1.044205102068689918e-02 -4.118334819026905902e-02 -2.041740364441427605e-02 6.628321705570545952e-02 -2.183384759716021362e-02 4.491877018974123337e-02 1.573461271134747250e-02 5.904729696689413332e-02 1.760634664956766803e-03 1.797941549348499590e-01 -2.650638719342691269e-02 -4.077638569807384705e-02 5.513265406014788983e-02 5.540482270861752517e-02 -8.909031606064498482e-03 5.005845945046256268e-02 -4.392341112544425469e-02 7.331768887089260001e-02 -1.530281664277799436e-02 7.611743566305166631e-02 -8.284064344853954258e-04 2.081046125300669604e-03 -1.065152584922296778e-03 2.106201983227701767e-03 -1.377862355180593627e-02 -7.556377673846446062e-03 -1.920357450433669289e-01 8.263146423801159823e-03 1.789856180637582617e-01 6.320649126466753101e-03 -1.498561095309559887e-01 7.353468464773547930e-03 1.757876948276198836e-01 2.275960662449964724e-03
0.000000000000000000e+00 0.000000000000000000e+00 4.343173902711965594e-03 -2.638446152767775880e-03 5.571512508309400466e-03 -1.697144182986181802e-03 -5.391732951893912426e-03 2.122685241938229023e-02 -1.697091281214970632e-02 2.574748915982802422e-02 -1.125733840334082990e-02 -6.646909343108434350e-03 -1.257478222163582564e-02 -4.152981771157938755e-03 -2.734459987657569292e-03 4.671399510029046465e-03 2.607255727656928798e-03 -6.710053224324515238e-04 8.876339631432885596e-03 -1.194419256730268504e-02 -6.260729751325255082e-03 3.611829722074699073e-03 -1.347949478762929291e-04 5.784423514822203440e-03 -2.723242892910353145e-03 -1.520499670154069373e-02 -1.437022019463232714e-04 -1.081157487365781537e-02 -2.895867529177937466e-04 -5.464501211584568696e-02 1.790905771075804176e-02 -1.089284139387080262e-02 -9.792701807415468696e-03 1.823046591072612771e-03 0.000000000000000000e+00 0.000000000000000000e+00 -3.568256359803344269e-02 -1.567530418896789443e-02 -4.740189513904933920e-05 -1.258759482790847584e-03 2.496816389875997425e-02 -7.873057974641306175e-03 1.228523684149450401e-02 -3.030441695201043471e-03 6.509095276833994428e-03 3.329261566446981707e-02 -2.477347339927212302e-02 -1.986806016865824524e-03 2.913627046711743645e-04 4.539671136911870193e-03 8.379328764387879158e-02 -1.005486608057222508e-03 -3.783561082320285093e-03 -1.087042033073261013e-04 1.862628432715153146e-02 -1.408743288918271747e-02 -3.312203619399649301e-03 1.690796189570781954e-02 -3.611037117213941605e-02 4.736163755403135708e-03 2.290364198138581525e-03 -8.423041230827085779e-03 3.046996256761038899e-02 8.587074041316842404e-03 2.444930185402717504e-02 6.893091702525034302e-03 3.840382408455766949e-02 6.197089182604408400e-03 7.421824340562564737e-03 8.086664521145637413e-03 -7.891355133227409210e-03 1.247330810330733557e-02 1.080038563985018241e-02 -3.857124406789791491e-03 7.646384358056197532e-03 -6.891904189767052678e-03 8.619481396775985349e-03 -9.225731300533781057e-03 -2.953259829361533188e-03 -1.327292371238701293e-02 -1.200760796917249053e-02 1.260171767211494456e-03 1.469973171147591611e-03 6.909280578406461898e-03 4.105187695357734312e-02 1.637175471597626317e-02 -1.117424247360999934e-02 -2.150163349506599778e-02 -1.028710432693860991e-02 -2.114788494621389070e-02 -1.769259469770105651e-04 -2.649599665566796172e-02 -6.903649108742586533e-03 -2.650638719343456629e-02 6.374645743423611177e-02 3.131108185154727556e-03 -7.036951967663838958e-02 -1.049576004562486654e-02 3.966771694806094789e-02 -2.380781151078178309e-02 1.861160408918672085e-02 -1.431660208219866226e-02 -7.809893038222995298e-02 -1.186664498304462918e-02 1.781441655762506029e-02 -5.307121540854161084e-04 -1.332105876659995993e-03 -8.569162739919550936e-03 1.568600887946305575e-02 1.715764309233677384e-02 8.689953748904417907e-02 -2.707857859896634078e-02 -9.896431721031090367e-02 -2.251394879170688645e-02 4.048567538430813961e-02 -1.215294304593610673e-02 -7.020493665469480782e-02 -2.119652030126262937e-02
0.000000000000000000e+00 0.000000000000000000e+00 1.880938857408892984e-03 -6.651905260344800463e-04 3.085575818787628533e-03 -5.410468308501861735e-04 -8.541246677579258928e-03 8.327781828418199736e-03 -8.619394790058647685e-03 -4.556773403548153301e-04 -9.248888965917575339e-03 -3.643592392271954687e-03 -1.198328193045647243e-02 -1.022868531733178233e-03 6.326005698736229897e-05 6.954033426051701820e-03 -2.274961871345236239e-03 8.582673752052644416e-04 1.221114505940565625e-03 -4.023593994569239253e-03 -7.077950695536565362e-03 4.892933792493251062e-03 6.898930693912022193e-04 -3.462091541876729725e-03 1.100662522780548533e-02 -6.837593015499058516e-04 2.594538815622889072e-03 -1.839605149737762874e-02 -5.618912814251005375e-03 -1.858059891285671408e-02 -2.549116339533450326e-04 -5.445784886394817309e-03 1.072688368672711310e-03 -8.734951328234474019e-04 0.000000000000000000e+00 0.000000000000000000e+00 -4.694789518426956305e-03 1.939646263106803784e-02 -1.140750871249328509e-02 1.325049358992962112e-02 -2.770954302562637223e-02 3.303360877125237349e-02 7.355261798138147677e-03 2.338509889511544183e-03 2.821008167290482965e-03 1.573306358234786637e-02 2.285958285405887205e-02 4.418989480044097778e-02 -4.431090262238470030e-03 7.492048088895231217e-02 5.094740615014699964e-02 -1.391539686826386360e-02 -3.081586727466901349e-02 -2.768834700024749851e-02 -9.160705222952481019e-03 4.052604951015075646e-02 3.064172803684909411e-03 7.165738761400566349e-04 6.808092461101479011e-03 -4.348489121857028461e-03 -4.844738125852694928e-03 7.050860056386308583e-02 1.742158610101205915e-02 -9.579456864926439580e-03 1.874214007792304737e-02 -2.725793516699782579e-02 -3.340709375745782445e-02 3.107434520438293046e-02 4.533273951014656772e-03 1.925627410448985111e-02 5.348611163990738167e-03 3.541658420871465068e-02 -1.398767543766095064e-02 -4.426059018476275614e-03 -2.392795672797695238e-03 7.222432310825130375e-03 -1.226751631381714155e-02 -5.508110220587943834e-03 -4.178071651274214461e-03 -1.600586223670307298e-02 6.532730946586681048e-03 3.100288861565176149e-02 -4.263014751816328351e-04 2.761833415256348834e-03 -2.499699509385185439e-02 6.853213609227129521e-02 1.653842552204669997e-02 -3.851537518486240069e-02 1.041984354189715890e-02 -2.344082753534727434e-02 -1.608783417112264347e-03 -4.450518108244636700e-02 3.050755004662964939e-03 -4.077638569808339497e-02 3.131108185150294904e-03 1.042156108336533132e-01 -2.971930308143664115e-02 -7.924066329186969793e-02 8.382170362186993490e-03 -6.760606571498149753e-02 2.471608222876958347e-02 -8.111594770633767659e-02 -2.260854503971691798e-02 -6.933196882581663112e-02 -1.078242023507591102e-02 5.437194355988572703e-02 9.297932196433570436e-05 -5.305022255851261567e-03 -9.865269761834664659e-04 1.335778754291347403e-01 7.370277002938685484e-03 -1.050581771624645860e-01 -4.891910892781047709e-02 -9.685186121838401663e-02 3.433659958478286339e-02 -8.533411454616272873e-02 -3.306887653448310760e-02 -9.254611857058998858e-02
0.000000000000000000e+00 0.000000000000000000e+00 -5.996629797106479628e-03 4.928421999411148995e-03 -8.656352491016759340e-03 3.311287600043135836e-03 8.264571336695929887e-03 -1.549640013347916047e-02 2.434645603973695227e-02 -1.469591535683577137e-02 1.568653234815054268e-02 7.163049569336386521e-03 2.252720138898462593e-02 5.389715952325598372e-03 8.743666794022728408e-04 6.647070792217685264e-04 -9.745995797830161230e-04 3.509608470919013852e-03 -1.090236848979592166e-02 1.533017255243958321e-02 1.252633310651730947e-02 -4.435658145404977430e-03 -3.572391594462934888e-04 -1.321243356573052925e-03 -3.944143489203269688e-03 2.048155340394616428e-02 -8.790385044017006572e-03 1.667555400609955704e-02 7.516471463999647995e-03 6.853078163355154351e-02 -1.312280721144946233e-02 6.222634484758175766e-03 6.027438879939327546e-03 -4.738936104854530457e-03 0.000000000000000000e+00 0.000000000000000000e+00 1.438817895319349088e-02 1.334038163284248513e-02 7.485748971653779539e-03 -9.554894082104182368e-03 3.399382067487804679e-03 -6.216766427766571602e-03 -1.328401753011564448e-03 -7.638396782182269029e-03 -7.537552836882547951e-03 -1.918429949058651426e-02 -5.319955149588045419e-03 -1.514758693754768640e-02 6.125204060548244999e-04 -4.758062967834012641e-02 -5.198659605139248352e-02 9.856518155005872597e-03 -3.368362204285824807e-02 2.030857195586995012e-02 1.035475040726381796e-03 -1.121432650201297475e-02 -6.806003374925982327e-03 -7.584210037605898513e-03 -6.209043325352598839e-05 7.951238997425853511e-04 -2.643748685324415508e-04 -3.478122022023286131e-02 -1.153877415326118316e-02 2.641108196279584250e-03 1.028833217426587329e-02 1.455115327583074956e-02 5.489878073334852199e-03 -1.240571892144474650e-02 -6.425519770881142102e-03 -8.740000298499599543e-03 1.879030258015895174e-03 -2.516096468359217686e-02 -4.895690924009914007e-03 1.365769468250710959e-02 2.738483038883447566e-03 -2.154045868965134163e-04 1.474286288109847437e-02 1.760261897810588838e-02 2.482758262079310784e-03 1.943643697135822093e-02 1.637032168148241712e-03 -1.346109417719800264e-02 -5.406101254510253112e-03 1.284352939079530390e-03 -2.069078402881112042e-02 -4.824466095481655392e-02 3.542752637436490104e-02 5.350868919736967433e-02 1.821695585830439973e-02 3.285509085826010534e-02 2.452888990344687103e-02 6.591126069350031202e-02 1.148143030985309364e-02 5.513265406015190051e-02 -7.036951967663269969e-02 -2.971930308143552052e-02 1.636372720486316545e-01 2.611989319392495415e-02 -6.424985361508117609e-02 3.182788620673083352e-02 -8.653917432475932703e-02 3.568338197176166432e-02 1.284859004794421666e-01 3.021027663042074804e-02 1.200187631182121021e-03 -1.768596416966595336e-02 -1.388046224182125539e-03 1.510583460767228950e-02 -1.767409048064041283e-02 -3.289158911303325522e-02 -2.555984411811560997e-01 2.522953277397562907e-02 2.421571963172485242e-01 2.166733470214854407e-02 -1.777326098520846387e-01 7.690013557970104899e-03 1.996491865059924209e-01 1.823572527977911778e-02
0.000000000000000000e+00 0.000000000000000000e+00 -2.342540014496259822e-03 2.793770274826707506e-03 -4.211955826739562092e-03 2.458749574929797437e-03 5.396644534445744525e-03 -9.257311717354081357e-03 9.331512332774339474e-03 1.632630886708187970e-02 7.978597336391781217e-03 3.907646491703518909e-03 1.075167787120422450e-02 1.813112814703567817e-03 -1.409133081370861785e-03 3.825856638460220331e-03 -2.347436053726006391e-04 2.035630644060393638e-03 -9.467533533616793746e-04 6.090060707378565016e-03 6.097578618598551922e-03 -2.775497878362488680e-03 -9.667873368008553106e-04 -1.016877058420865079e-02 6.663512403727833190e-03 2.139778238831637619e-02 -2.054486628615526502e-04 2.632211099977508836e-02 -3.396653268961464991e-04 1.901394952587106418e-02 -4.849852620146696998e-03 1.242864346173796174e-02 1.153931422202475986e-02 -1.135753706878535286e-03 0.000000000000000000e+00 0.000000000000000000e+00 1.490068153383230370e-02 -7.898282559129469679e-03 4.334003383076874376e-03 4.414729190822023162e-03 8.866501300937272220e-03 -6.414713398472985349e-03 -7.264685652586710257e-03 -6.443878550321461250e-03 -1.029102731088895857e-03 -4.191427004696430050e-03 -1.204104608060306211e-03 -1.116763382868962359e-02 2.842712758880699877e-03 -1.855993022202788445e-02 -4.744426391619674388e-02 4.026074270064650476e-04 2.758363244951524476e-02 7.569228167787634375e-03 -1.338395236216654996e-03 -1.162581923364316636e-03 4.203215878581626451e-03 -7.181672572444637755e-03 -2.423911750309158176e-04 -2.513592044986372089e-03 1.574872849823520096e-03 -1.340596564304830964e-02 -1.466317742976962907e-02 8.198570919945969522e-04 -1.114331887471820513e-02 1.021206902484764201e-03 5.820780428367157075e-03 -1.014793624435836837e-02 -2.152773671093356420e-03 -6.216815222793648649e-03 -5.128388711488888856e-03 -1.437058379679811461e-02 -1.957542459671573684e-02 4.192064618319311237e-03 -7.639352436705955547e-03 -1.862069248384532827e-03 -7.712731712097789169e-03 1.126032215089372082e-02 -2.878719978180399597e-03 1.530257946815149518e-02 -2.347683180305276392e-04 -1.007345370818487663e-02 3.360653845256278069e-03 -1.064890981188592635e-02 1.560697671773698773e-02 -4.276698536174029786e-02 -3.007828818255594769e-02 5.432154455598925402e-02 -1.634375238385728929e-02 3.204951516970504927e-02 5.248952045700100259e-03 6.094289607814411258e-02 -3.453886169000833055e-03 5.540482270861835090e-02 -1.049576004562306070e-02 -7.924066329187101632e-02 2.611989319393131365e-02 1.041591158506793985e-01 -7.953548415176968714e-03 6.895992285251537068e-02 -2.171925276885591435e-02 1.074731623089113935e-01 1.381356353909559895e-02 7.076081958604579780e-02 1.006627162506233686e-03 -1.611968891634499648e-02 -2.146621633785840682e-03 5.513072389673610157e-03 8.321009226554345901e-04 -7.612494867397003040e-02 8.452999274732963045e-03 7.149191457588473242e-02 -7.074867298588351401e-03 6.549010951123669655e-02 -1.041269227223691994e-02 6.453982347536184327e-02 -1.474860006238089272e-02 6.624003960799530744e-02
0.000000000000000000e+00 0.000000000000000000e+00 2.627455881268838615e-03 -9.268202735543330144e-04 3.408234036546651993e-03 -1.434174683616516125e-04 -4.103899693199954297e-03 7.460679581762994991e-03 -9.028255599869897466e-03 6.149524533808407162e-03 -7.095985673142032532e-03 -2.256359987843624057e-03 -9.630576718829256602e-03 -1.126910587038702002e-03 1.204436085693464178e-04 9.106002100910030959e-04 2.870186795287327577e-04 4.338011269750736195e-04 4.137322073433622599e-03 -6.094201674507740939e-03 -5.082060912756421883e-03 3.247440197592850811e-03 3.666288745141188087e-04 9.223540893643507842e-04 4.394936354959306200e-04 -1.409221651162685836e-02 7.459288477108206791e-03 -6.304910961659135511e-03 -6.463241124420063440e-03 -6.192662418597359025e-02 4.266368802236120833e-03 -4.030757634967757456e-03 -1.813525730218062525e-03 2.475345188441981960e-03 0.000000000000000000e+00 0.000000000000000000e+00 -1.619775607424391028e-02 -1.159165589013837205e-02 -3.672613123435241548e-03 4.454187868304181237e-03 1.427059105017203103e-03 -3.455752753463359390e-04 1.994141230718457850e-03 -2.727499444218120170e-03 4.953136334099071669e-03 1.459720256106397142e-02 6.989731332483629066e-03 5.362767925247579129e-03 -1.245467169652436732e-03 1.051452526981869889e-02 6.029838769606824661e-02 3.355216274613845827e-03 3.195857857254329887e-02 -6.608185396007838427e-03 2.793889812599287693e-03 3.825511200243579286e-03 -6.226625229184086160e-04 6.999311624800664579e-03 -5.878436892254280781e-03 -3.984851795973701205e-03 -4.644823613442536207e-04 6.863978323202521784e-03 2.026486196169024687e-02 3.147821178631030406e-03 -1.882472200547813043e-02 -2.946002620847699288e-03 -9.262519120145727008e-04 4.034382003404220034e-03 3.888955471511732799e-03 7.668667704826758261e-03 -1.919103543951169825e-03 1.848094982267880701e-02 4.967279501976771573e-03 -7.499438465049067595e-03 -3.188419697916734016e-03 6.095018997749741124e-03 -1.108896441407497893e-02 -1.201775395078209623e-02 -2.148243134499250914e-03 -1.778013221806568414e-02 -2.358120248468772529e-04 2.386287969439541187e-03 8.400551627291448845e-03 -9.846135603068476450e-04 1.626053713202348094e-02 1.875467612303430981e-02 -2.188763963864320469e-02 -1.798388279585539512e-02 -1.698380585833298220e-02 -4.961222075058468496e-03 -1.076090358329696850e-02 -3.365667352552490638e-02 -4.014241781594643163e-03 -8.909031606068627124e-03 3.966771694805255183e-02 8.382170362186611851e-03 -6.424985361507704051e-02 -7.953548415171702093e-03 6.155240036732489289e-02 -2.113258511974011253e-02 3.892015574443367931e-02 -1.677116123780803686e-02 -8.116719901207540555e-02 -8.635782557485687655e-03 1.405235868440222525e-04 4.029080411651182747e-03 5.055048587871167681e-04 -3.477267417763827903e-03 8.588297670270948064e-03 2.076480620504903701e-02 1.042803195198487021e-01 -2.529234484444720099e-02 -1.396086984813740273e-01 -1.181195618936792084e-02 7.765818831960712154e-02 -1.223100378628052924e-02 -1.020039352051895498e-01 -2.116000917910607418e-02
0.000000000000000000e+00 0.000000000000000000e+00 -3.614901781395402601e-03 1.072509528046826236e-03 -4.814177362401529138e-03 2.190014705976308772e-04 8.332974575844876927e-03 -2.566412418008213667e-02 1.101232395915630394e-02 -8.399065861021405913e-03 1.142630132482756397e-02 3.862334060401037723e-03 1.212417159916801858e-02 1.928239825719188006e-04 2.308908929918543785e-03 -4.111735386973834963e-03 -1.478982387459104077e-03 -3.318853934138436823e-03 -6.877093280783069459e-03 1.137224464552574928e-02 5.758665674552415278e-03 -7.805131946693265321e-03 -3.354473895459318634e-04 -4.637812488271635634e-03 -4.948523734362880212e-04 1.190205919268133919e-02 -9.740365673031474479e-04 2.300224305067983394e-02 5.144421085814377889e-03 3.333709188448245181e-02 -1.274307944365156778e-02 1.049012119006212558e-02 7.683385925565743013e-03 -1.298588339744785949e-03 0.000000000000000000e+00 0.000000000000000000e+00 2.825470525410620631e-02 -1.956869571323512774e-04 6.070807795181190104e-03 -1.719959917990026080e-03 7.255740753723522937e-03 -3.679882849179538958e-03 -1.536835164955220427e-02 9.900767196718384192e-03 -4.883353381339905833e-03 -3.181652616427208674e-02 -2.881498041013637931e-03 -3.803041517191236946e-03 3.247692015641347098e-03 -2.537432897187346520e-02 -9.288699105831597913e-02 -2.484484884367691836e-04 4.162148565600434606e-03 1.250084840780932641e-02 -6.999642180713217324e-03 1.283817795475847442e-04 5.646662536739471654e-03 -8.205722669970723360e-03 2.455092107991121292e-02 -3.837737735118144661e-03 2.411394443059895493e-03 -9.895270722281097192e-03 -3.046069192505278592e-02 -7.054211361240242048e-03 -1.675130235259458464e-02 3.498430918375282361e-03 -6.870065208477238797e-04 -7.504382477790826414e-03 -6.132154892519642297e-03 -1.033923099638734723e-02 -3.670315866515793096e-03 -1.670106379368356542e-02 -6.705663457249349223e-03 3.428541335484001050e-03 -5.894735769643038442e-03 -9.144225510013391945e-04 -2.533064541861735838e-03 7.909250425849858462e-03 3.946928035664114612e-03 1.514533680944138427e-02 2.468204902144701708e-04 5.262952613211519318e-03 -9.250818419938042843e-06 -1.628625518481378529e-02 1.794127985276112395e-03 -3.498022880064036860e-02 -1.008755415290083120e-02 3.197699843880143916e-02 2.481768368712619979e-03 3.554896338032261655e-02 -1.397976828519452777e-02 5.343942785709458743e-02 1.933060633777748498e-03 5.005845945046575457e-02 -2.380781151077951061e-02 -6.760606571498493922e-02 3.182788620673827201e-02 6.895992285251617560e-02 -2.113258511975081577e-02 1.242062928435790359e-01 1.218245721290031267e-02 1.071281686861311061e-01 4.178157058490808429e-02 7.905375847885678930e-02 -3.477706745555844605e-03 -7.170228891750805855e-03 1.647012263601958619e-03 7.343294341364961682e-03 -2.243475063774006892e-03 -1.093169286125610512e-01 -1.372076065565371213e-02 1.119111231387967115e-01 4.211445141812687060e-02 1.144404732066774677e-01 -6.200406134372522110e-03 1.029646369046601645e-01 1.407600445014771384e-02 1.014851173509097176e-01
0.000000000000000000e+00 0.000000000000000000e+00 -4.293476021268486872e-05 -2.648941459414802784e-03 6.088875313660138114e-04 -2.701407669296335655e-03 6.134069517679973564e-04 -1.851008108380917949e-02 2.673871290886709225e-03 -1.728390968695888569e-02 1.122608005155983696e-03 -7.188291961598577105e-04 -3.989776511748100059e-03 -2.452730696336371131e-03 2.845143147544708720e-03 -6.445364507560960576e-03 -1.204560901502402161e-03 -4.054920510578102419e-03 -5.630301905963070938e-03 2.614977140278612177e-03 -1.633153002596471901e-03 -4.866987193754439278e-03 4.959136212134303669e-04 5.528110195131927685e-04 -6.333236266134597767e-04 -8.558245444762834983e-03 5.599699030657477074e-03 -8.106777943459077262e-03 -2.175248413968239856e-04 -1.164750523970755139e-02 -8.197340729758145414e-03 2.900281606543822759e-03 1.788140078121426991e-03 2.073794052922619310e-03 0.000000000000000000e+00 0.000000000000000000e+00 1.877118135819121417e-02 -8.507356534869000425e-03 1.612833156955561327e-03 6.146385559918666856e-03 -1.153763690308965383e-02 1.205079083352295598e-02 -1.568555519966572179e-02 1.254063368514600138e-02 -4.380995487636370244e-05 -2.575383628100405900e-02 1.547527281558200643e-02 1.835633612978417387e-02 -1.888063480554257837e-04 1.307220322816922582e-02 -2.613398345900899353e-02 1.646757871590836825e-03 2.729095437129455334e-02 -4.787090961221866781e-03 -1.519619143792349560e-02 1.828432188217635201e-02 1.475117760337996825e-02 -1.113825662445561832e-02 3.418937611959887296e-02 -4.006363212732855401e-03 2.896053931429986412e-04 2.476670435946858734e-02 -1.356849257836765209e-02 -1.179161011427752245e-02 -4.607064890491055498e-02 -4.789227389090195026e-03 -2.455809756224554968e-02 5.095600374128307804e-03 -3.344787507883440706e-03 -9.297617991456965346e-04 3.128737602786701121e-03 9.920259181343911090e-03 1.201902860285542374e-03 -7.008544464530913100e-03 -6.201714201710255801e-03 3.845662225948298825e-03 -1.230515528490530933e-02 -7.829872246681749554e-03 4.558532821269289242e-03 -2.739907267515242790e-03 6.381214326507862918e-03 1.316583027919256306e-02 7.482437274317120003e-03 -1.845958473499969416e-02 -1.033230084098783405e-02 3.569852472768032109e-02 -1.521659187273396996e-02 -4.167454386938934663e-02 -3.763388861498663529e-03 -7.636921122024201147e-03 -4.705522692472750151e-02 -4.708436395686879661e-02 -4.895669651879282387e-03 -4.392341112544828619e-02 1.861160408918017747e-02 2.471608222876289437e-02 -8.653917432475316529e-02 -2.171925276884856607e-02 3.892015574442846126e-02 1.218245721291291890e-02 1.258849116729383044e-01 -1.273689574857858609e-02 -5.565745714561248086e-02 -1.853805995886505589e-02 -1.084696190554250081e-02 1.990975385631189865e-02 8.541576521082121839e-04 8.712755089897099943e-04 1.526006973545231994e-02 -3.579238114911271248e-03 3.033261084585484602e-01 1.945426887836665744e-02 -2.724075136319535906e-01 3.198577966507105963e-02 2.487384753665281834e-01 3.333655377967100625e-02 -2.969570190613721183e-01 1.543142940970726462e-02
0.000000000000000000e+00 0.000000000000000000e+00 -3.956341398809384326e-03 4.348669876282628376e-03 -5.830147236874341256e-03 1.790590584605175357e-04 2.158422129018205092e-03 -1.993798654114772861e-02 1.799193638267228973e-02 -4.422262525515911757e-03 7.613222035260304443e-03 5.329700734749105023e-03 9.930001573146463381e-03 3.632747484512467012e-03 1.371092367542489469e-03 2.683266078255482513e-03 -4.673866753100198133e-03 3.504626229898253915e-03 -1.191777732726629485e-02 1.278004923913829589e-02 6.236156159341651496e-03 -4.882999411865319474e-03 3.990844943264438898e-04 -1.203210907079910186e-02 7.978683691041571491e-04 1.526643365654196602e-02 -3.567583603361085959e-03 3.170926993499353225e-02 3.459078025298406144e-03 2.532235256598736398e-02 -1.661617540531395640e-02 1.242787634122280611e-02 8.911323739345460362e-03 -7.709487964145323585e-03 0.000000000000000000e+00 0.000000000000000000e+00 2.854880764743707774e-03 -4.764496469177485066e-03 -2.995388014488430724e-03 -4.878287623687596608e-03 1.015613650172733466e-02 1.748101626419792725e-03 -9.715077860277098604e-03 -8.709040375120168792e-03 -1.530326562051687999e-03 -3.879462177405442521e-03 -9.720397081234657434e-04 -4.376393117142812934e-03 1.013864432500254532e-03 -2.338233930215159392e-02 -3.776141772872745883e-02 -5.111849993781293275e-04 -1.422853081250075036e-02 1.789418216179493315e-02 -2.627563945297194115e-03 5.750972639594411316e-03 5.599306290972046012e-03 9.462704342268729585e-03 3.048730317574737270e-03 -1.117383680779036707e-02 -1.032505470487097600e-03 -1.854292216220313275e-02 -6.443017325707811951e-03 1.786764007486840939e-03 2.422184416733697346e-02 1.336009596597290128e-02 5.061199814746366460e-03 -2.702097570653508914e-03 -3.492997524387877160e-03 3.871551826974660611e-03 -6.834950140367537265e-03 -3.462655073354927848e-03 -1.287226982981665158e-02 5.198482511062500408e-03 -1.055662594206344639e-02 1.000833618353658659e-03 -2.715087435712931589e-03 1.637940630609218892e-02 -2.147399774153282200e-03 1.446242000127383534e-02 -2.407847521468229560e-03 8.502731097831490656e-04 3.594688333475145030e-03 6.579014612965316741e-03 1.840046751943259090e-02 -4.119335627166340746e-02 -3.317794350255780234e-02 6.024688463672436822e-02 -1.114352816674043026e-02 3.750707181048678479e-02 4.086972970221350657e-03 1.383283834687553393e-01 -4.494987900011372488e-03 7.331768887088632725e-02 -1.431660208220013331e-02 -8.111594770633673290e-02 3.568338197176942894e-02 1.074731623089121568e-01 -1.677116123781860479e-02 1.071281686861380450e-01 -1.273689574858259850e-02 2.148702620117162732e-01 1.537838879776093348e-02 9.152733177169201928e-02 2.695602759258979107e-03 -1.677909989891558044e-03 -2.148031497482528161e-03 1.196887420280558917e-02 -3.086894762337131105e-03 -2.557254006458765938e-02 -5.626733692346254367e-02 2.737532785951390241e-02 7.830572766340829216e-02 2.640534033336993519e-02 -7.033433589172896627e-02 3.698332859775192022e-02 2.684026065681341389e-02 2.344628864358281467e-02
0.000000000000000000e+00 0.000000000000000000e+00 -6.274732775985720004e-03 3.724607165130740249e-03 -8.712656490085847819e-03 3.331635061744105814e-03 9.723337838303251768e-03 -1.489142668695992398e-02 2.809585921892588170e-02 -1.328397024879972126e-02 1.749287615217307024e-02 7.272549327262067820e-03 2.442191387189584367e-02 5.048089837356254175e-03 2.456060532372954242e-04 3.855275165019602171e-04 -1.743405670095619572e-05 2.268770595897522547e-03 -8.148493047890566221e-03 1.595288649656366464e-02 1.288611939911718345e-02 -4.100080782513456680e-03 -7.047706101854055291e-04 -2.689383642182688154e-03 -6.379238128662294977e-04 2.958052878544968622e-02 -7.693211617877294614e-03 2.239440729061518282e-02 8.633741621924498344e-03 7.768097188245313978e-02 -1.321136905199023388e-02 8.596756191920211163e-03 8.648265862534362108e-03 -3.408066622731981826e-03 0.000000000000000000e+00 0.000000000000000000e+00 3.071207623939284023e-02 1.125415811001514131e-02 1.267739881690079819e-02 -1.696672696316469525e-02 1.166332703467790229e-02 -9.280875101254144888e-03 -6.303309516242640645e-03 3.966756949124038145e-03 -9.870991560372407297e-03 -4.610786183307115371e-02 -1.411602585805068338e-02 -1.445441958062003603e-02 1.763594777587438288e-03 -4.265048616713519591e-02 -7.229808112271472742e-02 -2.822625627921324792e-04 -5.093279347486971698e-02 1.531599268473171453e-02 -9.902290215712200930e-04 -1.474378871508405346e-02 -2.301738646478272178e-03 -1.891422063589195957e-02 1.302249262070020314e-02 3.679933951634670620e-03 1.981078691664898798e-03 -3.159281639154967736e-02 -2.541846911315309709e-02 -8.809051496022252820e-03 1.882883648527145654e-02 1.302980047233484595e-02 1.439003281078459276e-02 -1.867039905848835030e-02 -8.180230420194093202e-03 -1.446331828052840364e-02 1.151989592544984831e-03 -4.490592771058256327e-02 -1.108128463237885962e-02 1.367424416535220275e-02 3.149411539902287772e-03 -1.168925003530768038e-03 1.168844937197091940e-02 1.863624884233593473e-02 2.983718743591894876e-03 2.473457158925627952e-02 1.456338947450956612e-03 -1.950017769502117998e-02 -7.017851450462490523e-03 5.159039640207363497e-03 -2.498139888976998527e-02 -4.919310124486507563e-02 4.171530659890563403e-02 3.149915987748725527e-02 3.089533047954366035e-02 2.803170714743862327e-02 1.093879654468818755e-02 5.619784884652585799e-02 1.349426403858541672e-02 -1.530281664276357881e-02 -7.809893038222329165e-02 -2.260854503972769755e-02 1.284859004794433324e-01 1.381356353909487904e-02 -8.116719901208407917e-02 4.178157058490374748e-02 -5.565745714562683744e-02 1.537838879774655089e-02 2.089821678460936083e-01 1.291493938146875443e-02 5.035494300835885451e-03 -2.749451988592602550e-02 -1.645405960528161741e-03 1.160447092881042828e-02 -1.150710739349529790e-02 -5.199087392445784356e-02 -1.723075937898758681e-01 5.497765572155988850e-02 1.872914560641983639e-01 3.551326607275653163e-02 -1.061134303576053151e-01 2.473829457822498273e-02 1.578338376842801094e-01 4.624004747848449448e-02
0.000000000000000000e+00 0.000000000000000000e+00 -1.678738137214655368e-03 1.879524192542744374e-03 -3.307101542985896488e-03 1.269145714198414336e-03 6.585122629384252725e-03 -1.186142732006824005e-02 5.353871247202833354e-03 1.451723091805364949e-02 8.178824853457590527e-03 2.596317528639130630e-03 9.396988935978853666e-03 -1.549335407134295724e-04 -6.557828939558224979e-04 9.920365583254492012e-04 1.336089988927397377e-03 -7.334088156192455996e-04 7.357643627945677960e-04 4.995676660326603402e-03 4.979505220570286383e-03 -3.354170052359493545e-03 -9.977703147815391964e-04 -5.218703642175238216e-03 1.954029653800780364e-03 1.119841031623572750e-02 1.000944152643542910e-03 2.323954185330531774e-02 1.865447209232606613e-03 7.338623420370275763e-03 -3.616485143724414326e-03 5.178164082044711160e-03 8.019742626567918919e-03 1.449178142068473923e-03 0.000000000000000000e+00 0.000000000000000000e+00 1.055861220910878952e-02 4.362126476617191810e-04 2.970907697741142269e-03 2.422546576815215631e-03 5.314284093168672278e-03 -6.293034117606455258e-03 3.802100044792729519e-03 -2.938235323149880965e-03 -3.024097667046618358e-03 -2.991896009434090193e-03 -5.574220321128206014e-03 -8.860072964320156799e-03 1.657975490760516544e-03 -2.922753028387212182e-02 -2.621899542100790056e-02 1.166059011160780305e-03 1.442276302728844051e-02 1.493542352275008950e-02 -5.785374440551495920e-04 -1.208251865590955930e-03 1.336152605838439864e-04 -1.686310045200423158e-03 9.951765030219087219e-03 -5.162614257325301090e-03 1.352525510636946610e-03 -1.794435871320477702e-02 -2.552192276660594610e-03 -1.052193725630950604e-03 -2.085626708434478935e-02 6.238440924591462031e-03 6.695340997120175636e-03 -5.309917583614869908e-03 -2.173036626326359851e-03 -7.826661231085552117e-03 -4.103309772688044053e-03 -1.065637450955743415e-02 -1.034458781627876391e-02 1.609065413289570770e-03 -4.702250053911376931e-03 -4.682505265046738030e-03 -3.330994866666775987e-03 4.739665277212863452e-03 -1.204514309509951368e-03 2.266281135929292326e-03 -9.384714591485825109e-04 -2.475448549323368795e-03 1.958634027483209181e-03 -3.850329830117364162e-03 1.509572669450552976e-02 -3.919440363334657229e-02 -1.701340166219691280e-02 4.088205331745371068e-02 -1.337510208984443900e-02 3.182451733641779995e-02 7.863975036872085725e-04 4.525815576629520914e-02 8.108165284287477750e-03 7.611743566305295694e-02 -1.186664498304169403e-02 -6.933196882581647846e-02 3.021027663042228847e-02 7.076081958604799049e-02 -8.635782557489401698e-03 7.905375847885967588e-02 -1.853805995886936495e-02 9.152733177169350420e-02 1.291493938146724869e-02 9.117423622678809403e-02 1.969221138664839759e-03 -1.334619928381133684e-02 -6.888798176214467727e-04 3.559956205317066705e-03 -6.261638336278661961e-03 -7.497962392566534517e-02 -1.059762018745891710e-01 7.005797188922500973e-02 9.931397248109719023e-02 6.907366534638828548e-02 -8.381449760045238395e-02 6.253834853521975101e-02 8.550335059510776048e-02 6.654813375229380601e-02
0.000000000000000000e+00 0.000000000000000000e+00 4.635691292709767284e-04 -1.248910894948430353e-04 2.174436027410365504e-04 -8.379286616550050276e-05 -2.047128124720445723e-04 8.508725452380249549e-03 -2.359090955718270034e-05 1.382401935750445475e-02 -9.217053631357524646e-04 -1.557770856627651180e-03 8.971233460946329832e-04 -6.266810364894433291e-04 -2.103482830320713062e-03 2.716015599316487072e-03 1.908948807104774012e-03 1.199106582531448990e-03 1.652798894790104669e-03 -2.794631594485437118e-03 1.431638780913591872e-03 2.852146030599642676e-04 -3.550202103953664385e-04 4.308722113177771915e-03 -3.197161868529327898e-03 -1.060792664894351454e-03 -4.536743640283689982e-03 3.797065658428032224e-04 4.184706668599472504e-03 -2.248603466999296065e-03 7.520452634287197805e-03 -4.964235958473870586e-03 -4.617394255437800611e-03 1.489239917840654069e-04 0.000000000000000000e+00 0.000000000000000000e+00 -2.193115301586720176e-02 -7.092971330476840336e-03 4.831078544539209665e-03 -8.465494645688697445e-03 2.630387593694231280e-02 -9.514085375248110613e-03 9.591405450320670406e-03 -5.133013863831704590e-03 9.004720801413870507e-04 8.414079839173804753e-03 -2.585762383560138988e-02 -1.157400897053406132e-02 1.425727461886250932e-03 -2.223194234177566786e-02 3.276359486817630173e-02 3.669330722549483080e-03 -1.827481756830802787e-02 1.010733277956804912e-02 1.512741170848954340e-02 -1.889777136487814924e-02 -4.162300822025066793e-03 7.822761866365358918e-03 -2.121396743001497179e-02 3.810000195799587933e-03 3.076022667741467025e-03 -2.441406814945665943e-02 1.424404064933199217e-02 6.033142740410386666e-03 1.956994881780413018e-02 1.250160899635575744e-02 3.958846547686750011e-02 -3.610418135030919826e-03 1.927418172536941952e-03 1.193740837066302766e-04 -6.001834623964277110e-03 -7.155043253479567884e-03 4.954144384607529587e-03 2.769180575755846203e-03 7.444459297164177439e-03 -7.205694741026454943e-03 1.366968657165270815e-02 1.608164037931671727e-03 -5.198954123272560334e-04 1.341392230846451825e-03 -9.762770308204556102e-03 -1.002656601701397247e-02 -9.767921586830178790e-04 1.121727329965825637e-02 2.538028729850345250e-02 -1.155681862183971162e-02 5.576209512349209439e-03 1.160921492084908066e-03 1.686021807700444075e-03 -2.378197869228645088e-03 5.056748889045042245e-03 8.532997110221341233e-03 -8.463698680303931429e-04 -8.284064344842450873e-04 1.781441655762990017e-02 -1.078242023507403405e-02 1.200187631174962034e-03 1.006627162503820035e-03 1.405235868491974747e-04 -3.477706745558983153e-03 -1.084696190553974607e-02 2.695602759258155980e-03 5.035494300824534288e-03 1.969221138663212155e-03 1.909430584848899673e-02 -1.233624376747727812e-02 -2.747188630755427290e-03 -1.238295129443576451e-03 6.090203905973865135e-03 -2.826407407594934765e-03 -1.953334332102995771e-02 -4.586984928212202092e-03 2.702854984333157712e-02 -7.408043453940993742e-03 -3.231577464640927183e-02 -4.036970552185310465e-03 1.662275354415365322e-02 -6.857021304249575656e-03
0.000000000000000000e+00 0.000000000000000000e+00 9.693818581234430257e-04 5.918278450966661056e-04 1.454698038369720524e-03 3.257129929734283911e-04 -5.936941219813814119e-03 -1.105613851814134935e-03 -6.116095173948926655e-03 7.295677941431273628e-03 -5.479683335604642117e-03 -1.519652287618396573e-03 -8.242733128872871060e-03 -5.990843831941418353e-04 -7.488221110087350894e-05 6.222249443077508720e-03 -2.922638750884274002e-03 8.790686058646828525e-04 -5.467313943982206326e-04 -1.405239989696433498e-03 -4.941254355830673045e-03 2.477113192354002489e-03 3.051168701460720283e-04 -9.782072037357935484e-03 1.313237367571058745e-02 7.961467545243834307e-03 5.010226238117020461e-03 -1.806235675091644806e-04 -5.613894213184259657e-03 -1.812444327513033568e-02 -5.146913410364560397e-03 2.292500122890593368e-03 7.536132108315300379e-03 -1.364283375903725020e-05 0.000000000000000000e+00 0.000000000000000000e+00 7.500370462380862024e-03 2.096193242899203890e-02 -1.095325545567943371e-02 2.031394683862857917e-02 -2.545410543024535788e-02 3.870568039641084090e-02 -9.671485525149523324e-04 1.630564054588153587e-03 1.588888774381800760e-03 1.843366559507705546e-02 2.465161655072978242e-02 4.797766263745144311e-02 -3.146101411680239917e-03 8.539230128928954056e-02 1.941106107103666642e-02 -2.446401079296743261e-02 -1.505576716436122023e-02 -2.390284173049316008e-02 -1.263299176847645922e-02 4.985699807763345481e-02 7.711800987027477537e-03 -1.294660920054281671e-03 9.449547273974919989e-03 -6.320250017195506650e-03 -4.928777535460561812e-03 8.147046840551154523e-02 8.306439824583846179e-03 -1.487389721489535202e-02 1.865214099624552119e-02 -2.912136060988991526e-02 -3.716216209626099776e-02 3.411063187948096959e-02 2.907183911091075663e-03 1.627731453195717382e-02 2.004635416257837064e-03 3.771536762993956543e-02 -2.273978181151189645e-02 -5.330771467779537101e-03 -9.593781150188539567e-03 5.830098816524567282e-03 -2.060915419381397634e-02 -2.399549232701131754e-03 -4.423120598241321935e-03 -1.072188615805325963e-02 6.216264067899357135e-03 3.825960141217876059e-02 1.302814525460653300e-03 -5.505587497324545415e-03 -1.402313694806454555e-02 5.139131189150518420e-02 -4.362093205533715962e-03 -6.806744242022200013e-03 -3.958831534125741361e-03 -1.050202903927110109e-04 -3.187957294924863988e-03 -1.439625039509944901e-02 -1.633423331125742877e-03 2.081046125289927762e-03 -5.307121540908924136e-04 5.437194355988187594e-02 -1.768596416965940998e-02 -1.611968891634106560e-02 4.029080411643658384e-03 -7.170228891741747997e-03 1.990975385631240865e-02 -1.677909989891012256e-03 -2.749451988590651333e-02 -1.334619928381021274e-02 -1.233624376747713240e-02 6.554643641726416725e-02 -5.473334024036157451e-04 -3.425207390096792967e-03 -1.130293355167428983e-03 7.802850533405678024e-02 8.767824233015104191e-03 -4.695292438026267556e-02 -5.300520110272043117e-02 -3.449431041465044617e-02 2.524819316092130270e-02 -2.867524319627125923e-02 -3.048155729128083913e-02 -3.402264183703597455e-02
0.000000000000000000e+00 0.000000000000000000e+00 -2.945344108902530787e-04 -1.278357503550098685e-03 2.371946679986449845e-04 -2.207612557427189332e-03 2.145260495252813981e-03 -8.699816134803108753e-03 -5.276817579711104260e-03 -9.742383802788457531e-03 9.783292898943752192e-04 -8.537428008988927775e-04 -4.972666029306523506e-04 -2.176757298263640866e-03 2.065816728370632738e-03 -3.967598330323983576e-03 -9.849973778852834372e-04 -4.713624870200169327e-03 -4.984344601487670362e-04 2.555248999800824577e-03 -1.918049690525531733e-03 -2.735917938486481273e-03 2.555166703134332433e-04 9.197152983956273118e-04 -3.268432328751631755e-03 -4.992787564697820021e-03 -1.557527072031160507e-05 -2.162309008957054995e-03 1.867108954309149417e-03 1.893371299404282863e-03 -2.368222949036497514e-03 2.576454769909708410e-04 -1.277868124111245732e-03 -8.025543014986394504e-04 0.000000000000000000e+00 0.000000000000000000e+00 2.463726262852421970e-03 1.388717794353890207e-03 -6.039789092397458009e-04 1.573953724372112537e-03 -2.943029783319230878e-03 -7.480018087468164609e-04 -1.045270367708769086e-03 3.304288116615394701e-03 3.428168786676138394e-04 -3.851475071156061549e-03 1.852637162403680425e-03 -1.236432981520433055e-04 3.226291217768245223e-04 1.979596211709183304e-03 -9.900197754757159019e-03 6.760082631468260217e-05 6.877387826357092560e-03 -9.734947865333190391e-04 -1.340884199655428561e-03 1.756184103076300143e-03 9.531216203405502201e-04 -2.604376605967783156e-06 -5.674974550053498356e-04 -9.488482576968800767e-04 2.351848595348292608e-04 1.733426422256745779e-03 -4.762550095584649514e-03 -9.342212093862592524e-04 -5.741082108949795149e-03 -1.933518272864229864e-04 -3.675611482974964345e-03 4.555954972363968503e-05 -1.295194175339838948e-03 -3.563941283958678777e-03 1.059647923118638754e-03 1.071422891419071413e-03 4.727095319961065190e-03 -9.276023416990718425e-04 8.086698900492805125e-05 4.682186664999270350e-04 6.760900528826406086e-04 -1.617552307280926364e-03 2.133305974576522185e-03 1.354450899651979965e-03 7.096177761959501307e-04 1.479971637400927026e-03 -2.351794070748213807e-04 4.685206881787576795e-04 -2.825729111190844640e-03 7.081690618883710849e-04 -7.736466014218450774e-06 -2.121182490769268209e-03 2.560755351673955102e-04 -5.979349712424474137e-04 -1.337199157543445807e-03 -2.625469011626782503e-03 -3.755812168169294220e-04 -1.065152584920261297e-03 -1.332105876660202642e-03 9.297932196350759074e-05 -1.388046224180723882e-03 -2.146621633785233095e-03 5.055048587858580094e-04 1.647012263602338523e-03 8.541576521072534239e-04 -2.148031497481209338e-03 -1.645405960526738834e-03 -6.888798176207527749e-04 -2.747188630754795850e-03 -5.473334024039747244e-04 4.466171911747088968e-03 9.639530665064692007e-05 -1.289826274285698748e-03 -6.021622899127802506e-03 -3.411309793785879431e-03 5.381513801872033279e-03 5.191194456450310378e-03 6.877812880651089020e-03 -1.724608369627764898e-03 5.967836443535085196e-03 8.641071232414134981e-03 5.221338870935373147e-03
0.000000000000000000e+00 0.000000000000000000e+00 -3.250685374296604681e-03 6.603681969087644033e-04 -4.367747218606677848e-03 -1.976585252832392930e-04 6.494385073364456092e-03 -2.644892922276759206e-02 2.306692816862021544e-02 -1.074622558474082334e-02 9.960593937180312746e-03 1.142349356557366500e-03 1.120674830343587787e-02 -7.757665963354922704e-04 3.581268819847302758e-03 8.012671965426994281e-03 -2.388195894676904685e-03 -2.497247942860312576e-04 -1.082512587725383002e-02 1.557592765568852240e-02 7.904902024564813834e-03 -9.465760068522358073e-03 6.617021884097024596e-05 2.541686524339930447e-03 -1.644105414010594342e-03 -2.860565030927677763e-03 -4.468523960666039192e-03 1.972271284186146237e-04 4.538170224166760899e-03 -1.907743798469311658e-03 -1.216627566922329207e-02 -6.110409665628959959e-04 4.640557411093712038e-03 -1.319376874677590916e-03 0.000000000000000000e+00 0.000000000000000000e+00 3.049241175421249419e-03 6.061817786142360137e-03 5.976159338858745736e-04 -7.154775858234223643e-03 2.634649527876976698e-03 1.155847160292353170e-03 -7.579749396639947658e-03 1.429565805380558080e-03 -7.122158890793836659e-06 -1.108730493507455346e-02 2.515901818518311364e-03 8.758896626167386344e-04 5.366172621393411335e-04 -1.098340416666785530e-02 -2.061855472629953862e-02 5.687265235988197241e-03 2.577021345538182354e-03 1.375161443067183381e-03 -2.703322033690781258e-03 3.898571521296204535e-03 -3.718278087787279390e-03 -2.203277855601088690e-03 1.954351132093572543e-02 -3.350863126398397757e-03 4.995729467083637144e-04 -4.423002662767885375e-03 -5.044103629929002491e-03 -2.914133476942699485e-03 -1.196560626427303764e-02 3.935451561473042072e-03 -1.240891783539812719e-03 -1.242532629506475127e-03 -3.258291183974265474e-03 5.028998061230535201e-04 6.319973366892391248e-04 2.224844374238717074e-04 -1.014154195539456772e-03 9.931627185675571436e-04 -5.128438385903566835e-04 5.654254049845478924e-04 3.244629172454353925e-03 -8.823462357627164226e-05 1.106676896329352334e-03 1.087244522412581307e-03 1.616771067402736741e-03 -2.448103063950239720e-03 -3.476545743177599369e-04 7.620790451107199888e-04 -2.531121388755106123e-03 -3.621787961632420838e-03 3.207461853011410848e-04 2.928960278006706615e-03 1.045336467474003309e-03 4.924854654481134429e-03 -2.738138866554862359e-03 4.261628075487034970e-03 3.595366137075230411e-04 2.106201983225820459e-03 -8.569162739922853850e-03 -5.305022255851830557e-03 1.510583460767680672e-02 5.513072389675248604e-03 -3.477267417766241771e-03 7.343294341367117076e-03 8.712755089905668392e-04 1.196887420280763267e-02 1.160447092881689533e-02 3.559956205318281879e-03 -1.238295129444288122e-03 -3.425207390095845808e-03 9.639530665043972903e-05 2.401976483333310292e-02 -3.824693184322565560e-03 -1.607000321148677191e-02 -3.492551897358082968e-02 1.818192840541876451e-02 3.552132635999809274e-02 2.136449828998198547e-02 -2.565110273213690173e-02 1.473015416485392790e-02 3.330329038179923734e-02 1.327591651146478764e-02
0.000000000000000000e+00 0.000000000000000000e+00 5.748812913052096232e-04 -3.600621755526630871e-04 4.493879523032970227e-04 3.346542633768064597e-04 1.003336081003749353e-03 5.639233474007501225e-03 -1.763403996298598718e-03 7.401352131417841818e-03 1.949982011581270942e-04 1.050692269103000045e-04 5.293417328404821046e-04 -2.694730190106142632e-05 -1.426489075189878381e-03 -2.409745788665791991e-03 1.956476696257699460e-03 4.260548697847556503e-04 2.879556002817115160e-03 -3.950952238769763272e-03 6.562939215911736679e-04 9.900358333594832042e-04 -3.474878089390259013e-04 1.103492252987332660e-04 -1.261855494550455804e-03 2.682658394669552339e-03 8.719715464400936171e-05 7.261087241021629141e-03 1.543770959531137570e-03 6.648866575311691320e-03 3.717925537325196452e-03 1.577716084995690014e-03 -4.345627422584050128e-04 9.734120025577068644e-04 0.000000000000000000e+00 0.000000000000000000e+00 5.142103409550326243e-03 -1.006801346739272934e-02 5.449134024624733251e-03 3.089705073143089124e-03 1.371243692000922998e-02 -2.757808137003818060e-03 -3.376538802016986352e-03 1.149047448852890665e-03 -7.741005659482411844e-04 -3.059475976570088986e-03 -1.101945334277899119e-02 -3.785403467088232360e-03 2.456265725434915274e-03 -3.735274800626232645e-03 -2.215665299048235129e-02 7.966385568224060125e-04 1.074596051333246392e-02 3.393923244320501409e-03 4.583499554221218825e-03 -8.625460877667228549e-03 3.357973336786050644e-03 -3.954434494624070595e-03 -7.064706299955992794e-03 8.433028022778704669e-03 3.340977733429616268e-03 -3.051133598769841578e-03 -9.499352254297049533e-03 1.464786328163686585e-04 -1.238841603972938923e-02 2.934495301864088052e-03 1.383401828638085133e-02 -2.091796745360714489e-03 1.989566542032411914e-04 -6.438231499566498400e-03 -3.101751972232369946e-03 -3.092292526205170106e-03 5.710855521243894325e-04 8.314940842318879624e-04 3.672145344181634071e-04 -4.026918520181393610e-03 2.410588153544667399e-03 1.856962917846111377e-03 7.375574075038748411e-04 4.921418484649478856e-03 -3.356778551855080228e-03 5.293164446780094200e-05 -1.545555421189278656e-03 -4.588068326961724022e-03 9.919893761998225742e-03 7.440948620824108231e-04 -6.172635333620763495e-05 -2.298443290853974426e-03 -6.470340198121667715e-04 -3.617020902039035785e-03 -2.578186059371660472e-03 2.572788291759203066e-03 -3.471062391879557469e-03 -1.377862355180834754e-02 1.568600887946162287e-02 -9.865269761839307212e-04 -1.767409048063911178e-02 8.321009226530365517e-04 8.588297670271513584e-03 -2.243475063776894339e-03 1.526006973545170065e-02 -3.086894762341666973e-03 -1.150710739349297684e-02 -6.261638336280293468e-03 6.090203905973597988e-03 -1.130293355168174915e-03 -1.289826274286013166e-03 -3.824693184322320097e-03 2.782535545599658378e-02 -4.973585399619434751e-03 4.001325301042196747e-01 3.046883256835737804e-03 -3.044165631342510281e-01 6.639976122677030551e-03 2.475959259459371842e-01 5.657214435015130508e-03 -3.766217072357033180e-01 4.189817118884935944e-03
0.000000000000000000e+00 0.000000000000000000e+00 7.873780089205365679e-03 1.894864004143259530e-03 9.980916682703377604e-03 2.210956754898227294e-03 -2.732156397853608212e-02 5.966741929085958573e-02 -2.845606221294043683e-02 3.828871110235273351e-02 -3.274833691326999030e-02 -1.001861777879456926e-02 -3.401582162949962768e-02 1.072255876816099367e-04 -6.057526123276526717e-03 2.754080038610323342e-02 -1.875814652919143401e-03 1.093955042989614226e-02 1.543151548368173684e-02 -2.089524783114678208e-02 -1.788271461706533033e-02 2.236188549482105714e-02 3.357997949416296818e-04 -1.281707558783326192e-02 2.580663314459496344e-02 -7.879135110207970139e-03 9.681051738158225062e-03 -1.477426710492670166e-02 -2.117984572232661789e-02 -1.277414158164357771e-01 2.466976155054257172e-02 -1.435179508713892507e-02 -7.525097454305980545e-04 -2.852958024776046722e-03 0.000000000000000000e+00 0.000000000000000000e+00 -7.452214898657381903e-02 -2.958822786075509213e-03 -4.023037315644190093e-02 2.993877645216920513e-02 -3.458873539696320082e-02 5.416307486496564627e-02 4.041398113688277061e-02 -4.123591317220168945e-02 6.107514873134566036e-03 6.831333558254233662e-02 3.095472737525096010e-02 5.956410394902903610e-02 -1.391170950517301060e-02 1.153088706726078244e-01 2.423040321215899351e-01 -2.876343692507551258e-02 -9.125513125210103771e-02 -3.747939917216448064e-02 1.855960107209199232e-03 6.864924540183409141e-02 8.711288307117989217e-04 2.209125644870958693e-02 -6.560807153758096977e-02 -1.832284293552730731e-02 -1.513146910139929850e-02 8.750229546797248792e-02 9.560486340158703966e-02 -6.586479673520372839e-04 9.358225201400369175e-02 -3.119611381961934216e-02 -3.562174378180602008e-02 4.683118080403577549e-02 2.064765795560127501e-02 5.729253939425130865e-02 2.534131795913147252e-03 7.587143806380611255e-02 -2.612873002308969961e-02 -1.122732057910836787e-02 -7.205342099558241856e-03 1.381084864436520933e-02 -2.799801307116159613e-02 -1.489039052839607677e-02 -2.118602002374772239e-02 -4.867088468349294733e-02 6.863134903987266021e-03 3.443631738647317392e-02 1.665896141046496748e-02 2.400394786751709059e-02 -2.298286564264583054e-03 8.137168975497796608e-02 -1.820072844068043594e-02 -1.645990277354984765e-02 -1.258178649664823054e-02 -2.170480532455994552e-02 1.799587357067231747e-02 1.967809572199810154e-03 2.233729884391154981e-04 -7.556377673864578259e-03 1.715764309233097640e-02 1.335778754291401249e-01 -3.289158911304055494e-02 -7.612494867396928100e-02 2.076480620505377628e-02 -1.093169286125528911e-01 -3.579238114899278237e-03 -2.557254006459256518e-02 -5.199087392443896283e-02 -7.497962392565946099e-02 -2.826407407601242219e-03 7.802850533407444666e-02 -6.021622899126467636e-03 -1.607000321148504413e-02 -4.973585399623474922e-03 5.690072694618114602e-01 -1.064676649039810602e-01 -5.382074379202989034e-01 4.866376849134399635e-02 -5.385655440787265880e-01 -7.423029723831968407e-02 -4.921834512036898923e-01 5.621807890325811186e-02 -4.965021712706969015e-01
0.000000000000000000e+00 0.000000000000000000e+00 -1.830588543798522885e-03 -6.102117242907665121e-04 -4.307090775570034807e-03 6.907479682325359631e-03 2.716186641291938597e-02 -6.058069258130044377e-03 1.621503229955406286e-02 -1.613239693718389323e-02 2.977021437707606105e-02 2.672526733028096624e-02 2.708216696630432255e-02 1.402454206059896083e-02 -3.916531236300722918e-03 -7.135505605634878679e-02 1.321191711205709635e-02 4.037986250578256414e-03 1.330772541069599052e-02 -2.050398290623881709e-02 1.529480570471622967e-02 2.562532813077545574e-03 -2.523014597433802155e-03 -1.941463580633925878e-02 -8.889211510162010887e-03 5.567839832015125667e-02 1.434827377100821380e-02 1.281729996039146224e-01 8.912050156790890520e-03 2.657063289713300636e-01 -1.428082010396923909e-02 6.805689730765290824e-02 2.292885030662795975e-02 1.268234629243516695e-02 0.000000000000000000e+00 0.000000000000000000e+00 2.258272032757776271e-01 -9.883957455512423773e-02 6.158016960058070033e-02 8.793048963187238831e-02 5.681284001834641106e-02 -1.257373167087101531e-04 -1.291967537070963790e-01 4.924513446374532977e-02 -2.922199940022555259e-02 -1.612945921580028474e-01 -9.443628875538786355e-03 -4.089885819798027428e-02 4.086587171105488664e-02 -6.132368182338275575e-03 -8.111587710294346776e-01 2.984113139577245985e-02 3.472373161286020360e-01 2.222607921410636039e-02 -3.932288922006454968e-02 -4.402079090398301059e-02 9.355001371720303438e-02 -1.338301575822281875e-01 1.007622684584496553e-01 1.117894689422854054e-01 4.480756298364090701e-02 5.811700561186853436e-02 -3.305873335972639993e-01 -3.135399453766547079e-02 -4.293394344817090813e-01 -1.246074251366409077e-02 -2.978015617271075749e-02 -4.644685851182268899e-02 -2.637916327523576882e-02 -1.268166143613863039e-01 -3.157106470417065346e-03 -4.325596356258407799e-02 -6.636380857082860296e-03 3.809450650556753248e-03 -4.197939472556724838e-02 -2.039628180434498866e-02 -2.936514385624825613e-02 3.904889779300599328e-02 2.475008840363862594e-02 1.033027974325435722e-01 1.115825567867066020e-02 1.049755168316615465e-02 -1.732142332891871417e-02 -1.374311696192116183e-01 -2.073290971677439060e-02 3.369742661547826812e-02 -4.594579604283549612e-02 -3.427402749821677197e-02 -1.775109757916440781e-02 -4.212290528406523182e-02 -7.986753882780911473e-02 8.450529984723209251e-03 -4.968400794982453378e-02 -1.920357450433917146e-01 8.689953748899252595e-02 7.370277002917860129e-03 -2.555984411810930945e-01 8.452999274714125683e-03 1.042803195198249849e-01 -1.372076065568594502e-02 3.033261084585147094e-01 -5.626733692352212796e-02 -1.723075937897679821e-01 -1.059762018746015361e-01 -1.953334332102808074e-02 8.767824232998993814e-03 -3.411309793791054978e-03 -3.492551897358796287e-02 4.001325301042200078e-01 -1.064676649039305173e-01 6.875426328835543721e+00 1.194253421526832587e-01 -4.929311497366583694e+00 1.812592484248592151e-01 4.293528638535208941e+00 1.250227692464165874e-01 -6.280747970047665163e+00 1.311231797056162107e-01
0.000000000000000000e+00 0.000000000000000000e+00 -9.582424471991920351e-03 -1.137102843058584827e-03 -1.216628823037237822e-02 -2.170684149210212743e-03 2.804160036958581320e-02 -7.440397236950531401e-02 3.399471186373610732e-02 -3.925075722525919741e-02 3.636006117503726848e-02 1.142922961753688529e-02 3.619780526086770200e-02 -1.968723122336207484e-04 6.701148140857255200e-03 -2.552224727563774317e-02 -1.490623178998567652e-04 -1.159484512304206211e-02 -1.984784430560677590e-02 2.662411576845982383e-02 1.893624246828959704e-02 -2.498972092447987806e-02 -5.147438122792850814e-04 7.168693077370216424e-03 -1.726469458717465322e-02 1.933452509290697896e-02 -9.281507275525388567e-03 1.612252391213751454e-02 2.086927721346511569e-02 1.461257051002337048e-01 -3.240537263144457891e-02 1.801519546365558735e-02 9.221029930712915101e-03 3.844837826882142873e-03 0.000000000000000000e+00 0.000000000000000000e+00 8.508956924285651646e-02 1.990379643246723007e-02 3.942938806025847454e-02 -2.037623695640699770e-02 2.364944271139717002e-02 -2.993681748970910064e-02 -4.484818320301559025e-02 4.449390726328599638e-02 -6.239355207744515415e-03 -7.749528650184442369e-02 -1.763376560032157286e-02 -3.182802818918209486e-02 1.360017688100467921e-02 -8.048418487772721064e-02 -2.483574577365895986e-01 2.068797173476303458e-02 1.027924368388687670e-01 2.752125944086913217e-02 -1.178084606302784963e-02 -3.717798014877544271e-02 3.046549985071742451e-03 -3.064139425274581621e-02 8.613116757453581629e-02 1.315648429600808911e-02 1.465651225587114199e-02 -4.592632017845571513e-02 -9.635670203909126041e-02 -1.021522109046658910e-02 -1.181649525731645334e-01 1.738534377392077918e-02 1.761404491089344632e-02 -2.898408851776970024e-02 -2.287842381707721334e-02 -5.413168670502743057e-02 -1.093480260912767059e-03 -5.895044574798360276e-02 6.726267817167533476e-03 9.680691916607947478e-03 1.341986092551900045e-03 -1.310960960901479469e-02 1.690880732596345554e-02 1.755135171286663354e-02 1.944783869925693215e-02 4.985178125235897872e-02 -2.265884896198410315e-03 -1.596547793396979262e-02 -1.622657526851727094e-02 -2.627033749793727946e-02 -9.443034453826543509e-03 -5.671255661433444173e-02 1.862534356774282057e-02 1.370833493431418762e-02 1.323521525878093227e-02 2.516896463162550043e-02 -2.339617988037550819e-02 -4.155082365424974181e-03 -3.480237418127168697e-04 8.263146423821431802e-03 -2.707857859895993619e-02 -1.050581771624788385e-01 2.522953277398608252e-02 7.149191457589008925e-02 -2.529234484446113776e-02 1.119111231387983352e-01 1.945426887834891122e-02 2.737532785951922107e-02 5.497765572155631497e-02 7.005797188922655017e-02 -4.586984928200713019e-03 -4.695292438028673965e-02 5.381513801870617744e-03 1.818192840541641916e-02 3.046883256834929422e-03 -5.382074379203222181e-01 1.194253421526229458e-01 5.377741778627260771e-01 -6.002317431845322765e-02 5.314287696324812016e-01 9.317490064649468218e-02 4.880473507339620487e-01 -7.845957268025478826e-02 4.903457139651704599e-01
0.000000000000000000e+00 0.000000000000000000e+00 -6.014294004316127207e-03 2.235456086325190300e-03 -5.589645450722263188e-03 -8.819634703854247262e-03 -9.342418574780719451e-03 -2.772453624271149775e-02 1.248537465288495664e-02 -2.586942911166296988e-02 -4.775810627127565280e-03 -1.063829102975485767e-02 2.274722122766231931e-03 -5.518825570795612805e-03 6.075855019291427628e-03 3.496148456927551662e-02 -1.367343902353589623e-02 -5.732407092967397796e-03 -2.808841267809063236e-02 3.669855969442778476e-02 -6.152693725150586157e-04 -1.572001142497336454e-02 2.550424570741188605e-03 2.906201216496999418e-02 -1.353802794096829396e-02 -4.171716669651140408e-02 -3.755449026511616106e-02 -9.572058470872572833e-02 1.197197444323246790e-02 -2.853700529988322313e-02 8.197431622613202129e-04 -5.110067645129624109e-02 -2.919007474915397832e-02 -1.311921540280468548e-02 0.000000000000000000e+00 0.000000000000000000e+00 -1.874472615141534182e-01 9.703482036978211545e-02 -3.572466763049272215e-02 -8.177190338666397162e-02 -1.416976709492856826e-02 -1.621918808438782555e-02 9.911917078333429276e-02 -3.967664734782921920e-02 1.214629272080514598e-02 9.182597308190246221e-02 -2.452884887795207108e-02 -3.133570434082080802e-02 -1.769480763297135231e-02 -8.366765500918924015e-02 4.005417725061241607e-01 1.579705224727174021e-02 -2.013398640716554666e-01 1.594440300758059176e-02 3.335366181241383038e-02 -3.649084065478788112e-03 -6.659434896954234684e-02 9.629192247938764271e-02 -4.998245199158540125e-02 -7.191332527577300182e-02 -1.814001504444767363e-02 -1.011824020493171938e-01 1.783888729426297559e-01 4.040302214558236238e-02 2.125477151996870706e-01 3.000564090840010523e-02 6.587913318670533813e-02 1.092559740632279355e-02 5.046213029931584035e-03 6.760243898359744041e-02 5.679714493601782481e-03 -3.702592934789172060e-03 3.468608794491369329e-02 1.087227353000626978e-02 4.783819888083542388e-02 -3.962558526482152718e-03 7.065787611673543522e-02 -4.938533116224753938e-03 -9.280819910792152683e-03 -3.401701945966768836e-02 -1.919055792295092447e-02 -4.104476326972369277e-02 -3.233995664743093395e-04 1.112891441295736084e-01 1.954248400794468890e-02 -7.585519089846215479e-02 4.474438563845888756e-02 3.898481644530746304e-02 2.879721792990984700e-02 1.953763287414140085e-02 6.583739045913032661e-02 3.842074940537421740e-02 4.089151010928564201e-02 1.789856180637864613e-01 -9.896431721026979766e-02 -4.891910892780217818e-02 2.421571963172029773e-01 -7.074867298565179832e-03 -1.396086984813569576e-01 4.211445141814366966e-02 -2.724075136319434876e-01 7.830572766344184865e-02 1.872914560641303627e-01 9.931397248111199783e-02 2.702854984333721497e-02 -5.300520110272256141e-02 5.191194456451149117e-03 3.552132636000594756e-02 -3.044165631342526934e-01 4.866376849127906912e-02 -4.929311497366654748e+00 -6.002317431849662349e-02 4.042943032068764708e+00 -1.385106972690925420e-01 -3.204463993147340872e+00 -1.064426910731619824e-01 4.688316537053657029e+00 -9.122761096134007763e-02
0.000000000000000000e+00 0.000000000000000000e+00 -9.375864069427334788e-03 -1.368132837376465245e-03 -1.152776945312360309e-02 -2.930126023420340665e-03 2.709070509815280497e-02 -7.805941864430435140e-02 3.226767182256808780e-02 -4.301687126049250076e-02 3.485797927301839683e-02 1.047567308807063891e-02 3.406631193493156462e-02 -8.140401920806053602e-04 7.974097591316346018e-03 -2.480205448121181044e-02 -2.092481651657401853e-03 -1.237163319128118527e-02 -2.194679359772300220e-02 2.860312279155419884e-02 1.756183572237360324e-02 -2.639054360540991212e-02 1.482373359128271058e-04 5.077828524535719923e-03 -1.806157969930615587e-02 1.589379389537195347e-02 -7.419137994965668143e-03 2.085587774964894892e-02 2.019506029562966043e-02 1.333304466715235503e-01 -3.803312279410055174e-02 2.034649191632890985e-02 8.780157464660492614e-03 1.913536476336384152e-03 0.000000000000000000e+00 0.000000000000000000e+00 8.761577028424562263e-02 1.847130987064351734e-02 3.497325558317842392e-02 -1.717513209673085170e-02 1.413531520440418875e-02 -2.757572529557549001e-02 -4.439910557678177633e-02 4.694681074714742580e-02 -6.588868299861247273e-03 -6.967345376708598825e-02 -1.133453351590662378e-02 -2.244503728792084096e-02 1.298765975981996772e-02 -6.636490976040536338e-02 -2.690352018531959044e-01 1.624145078569048245e-02 8.601565324822393888e-02 2.536351873113676381e-02 -1.523273336124912787e-02 -2.992840515260687326e-02 9.801053143632094608e-03 -2.667165755464726701e-02 8.579156141407545677e-02 1.089770225267254478e-02 1.333967593444266610e-02 -2.993334560618260073e-02 -1.048132844553799348e-01 -1.497037067064712831e-02 -1.028222270805491251e-01 1.351116800186230246e-02 5.211266859387565439e-03 -2.418373282427682680e-02 -2.219378054657388660e-02 -4.909993197424619704e-02 -1.037082694914657870e-03 -5.226411222204756929e-02 8.718314844116848913e-03 8.367651770527550006e-03 -8.335783209550491797e-04 -9.690239475190416327e-03 1.421260125808837538e-02 1.565751074948897731e-02 1.981605419362063303e-02 4.800460633856948323e-02 -3.849724940948652009e-04 -8.971599263779139397e-03 -1.326819997019251796e-02 -2.931691458071777542e-02 -1.151913707937473816e-02 -4.577602841618653995e-02 1.494526469375082045e-02 9.623167048223408085e-03 1.199563268234019563e-02 2.645494030794453763e-02 -2.724451492786747128e-02 -1.252235593328707326e-02 1.937148938544699288e-04 6.320649126482235508e-03 -2.251394879170930466e-02 -9.685186121839288453e-02 2.166733470216393453e-02 6.549010951124074886e-02 -1.181195618938427928e-02 1.144404732066831715e-01 3.198577966505770226e-02 2.640534033337674225e-02 3.551326607276039660e-02 6.907366534638610667e-02 -7.408043453935421810e-03 -3.449431041466809872e-02 6.877812880650438498e-03 2.136449828997806499e-02 6.639976122678793030e-03 -5.385655440787463499e-01 1.812592484248910230e-01 5.314287696324859755e-01 -1.385106972691088068e-01 5.569705725931858309e-01 1.516339445661532837e-01 5.022557622083022588e-01 -1.561431370178951727e-01 4.966851030884434359e-01
0.000000000000000000e+00 0.000000000000000000e+00 -8.660071093555313758e-04 -1.063184913988210641e-03 -2.334905162137439292e-03 3.457613379636488918e-03 1.305277268580511824e-02 -1.412029138739008538e-03 2.013651023272642476e-03 -1.724945691526603986e-02 1.499358307521512189e-02 1.584322423990736431e-02 1.178149270726861278e-02 8.424371377249743539e-03 -3.328122369976184436e-03 -4.473838622123072623e-02 6.751971991518691645e-03 1.833508787579969310e-03 9.835579583215830340e-03 -1.505685597240991221e-02 6.640621027076195650e-03 3.693601333338319970e-03 -1.241489987596946414e-03 -2.353347466699369506e-02 2.226980466631913597e-03 4.807015386748646896e-02 1.499773915427525181e-02 8.008696701667826490e-02 -2.140509520025417334e-03 1.748264861119726565e-01 -1.571934648825304426e-02 5.310331546356747423e-02 2.137223762488238768e-02 4.458559468199015975e-03 0.000000000000000000e+00 0.000000000000000000e+00 1.761796699643414510e-01 -6.397422374022229685e-02 3.506754569308061925e-02 5.852963988904954368e-02 2.642199172831946261e-03 9.651442604239359596e-03 -8.747143239264856818e-02 4.405198099072198809e-02 -1.987381944302289011e-02 -1.005854791253647657e-01 2.214633891272289878e-02 -1.807103546163283878e-03 2.282816922242769317e-02 3.475306464667807932e-02 -5.243773021597331052e-01 7.999331153320743404e-03 2.283645015655837718e-01 3.747959616333999822e-03 -4.063628704461390989e-02 -8.818812110763317447e-03 7.488847378572827118e-02 -9.301346576726000903e-02 7.020011875240173005e-02 7.353216539804242891e-02 2.376279470181233075e-02 7.230347565250734576e-02 -2.228493855500881249e-01 -3.037910199314489135e-02 -2.695355121342228877e-01 -1.856716874886792101e-02 -6.615889591989410068e-02 -2.061923472123189383e-02 -1.574100441284054935e-02 -7.254497859379481495e-02 3.284280064231141771e-03 -1.886895961902055815e-02 -2.113117664020584818e-02 2.168751187209626285e-03 -3.491186577508188088e-02 -4.456664962838493768e-03 -3.904394052479749633e-02 2.762250425905557125e-02 1.491306638395106104e-02 6.875438990920346161e-02 1.872253558282166094e-02 2.690840531773982733e-02 -1.176383751114293622e-02 -1.017167538104340463e-01 -4.627072054625843561e-02 4.705939175797435592e-02 -1.951959240699768436e-02 -3.739922775765303770e-02 -5.340308073014138346e-03 -2.188890011549749978e-02 -6.880291083746943592e-02 -6.240541612797188484e-03 -3.148505204265613505e-02 -1.498561095309677571e-01 4.048567538427537416e-02 3.433659958476320551e-02 -1.777326098520362052e-01 -1.041269227225333910e-02 7.765818831957810309e-02 -6.200406134385527332e-03 2.487384753665038695e-01 -7.033433589176642242e-02 -1.061134303575176907e-01 -8.381449760045980857e-02 -3.231577464639896063e-02 2.524819316089986151e-02 -1.724608369626770034e-03 -2.565110273214046485e-02 2.475959259459409312e-01 -7.423029723829381588e-02 4.293528638535265785e+00 9.317490064654776472e-02 -3.204463993147265377e+00 1.516339445661337160e-01 2.845842961865349352e+00 1.143796137535787738e-01 -3.975368660111745278e+00 1.061775030651899987e-01
0.000000000000000000e+00 0.000000000000000000e+00 -7.597159933685421543e-03 -9.679098421814890220e-04 -9.601215028518527567e-03 -2.108875564653320701e-03 2.200598856223462407e-02 -6.318335497771496168e-02 2.281485504968413375e-02 -2.739566428897362294e-02 2.819487700345071554e-02 8.655517205288714572e-03 2.771481876634389330e-02 -6.353294159889303835e-04 5.860286316940493956e-03 -1.877335411055002651e-02 -2.285565644699191854e-03 -1.025991479911731938e-02 -1.748084972715390623e-02 2.323005570844834111e-02 1.355288421933090355e-02 -2.107935684143926597e-02 6.105818396851312281e-05 8.156288372205590387e-04 -1.117205323105362365e-02 2.092001153421919196e-02 -8.814127337243290311e-03 2.373331773274044501e-02 1.920373280516156356e-02 1.291633708521969515e-01 -3.122670061339508085e-02 1.827684079569449893e-02 8.575064402652290280e-03 -4.211071870798557219e-04 0.000000000000000000e+00 0.000000000000000000e+00 7.692366381496666683e-02 1.711920709727885945e-02 3.025100787096314872e-02 -1.503365813219486972e-02 1.583800663611991538e-02 -2.243812836140312780e-02 -3.584901166338249484e-02 4.249108709979968618e-02 -2.959794140570386894e-03 -5.284253190763696373e-02 -1.331665529054729645e-02 -1.558802297881885408e-02 1.196354079799351842e-02 -5.933126325110862909e-02 -2.293187625947400443e-01 1.999154294894269282e-02 7.421300775776956682e-02 2.270897026188575807e-02 -1.148376802233972913e-02 -2.585762279311794309e-02 1.115500817777729213e-02 -2.052290229520337475e-02 7.608364780855082776e-02 8.882028760839561637e-03 1.185969760695532345e-02 -2.833867843325175995e-02 -9.018206749075180495e-02 -5.698733433296537636e-03 -7.218589796242191881e-02 1.073818157002520528e-02 1.013219627568089434e-02 -1.699565828757313574e-02 -1.746069794609100487e-02 -3.917741752975248404e-02 -3.354066574470803558e-03 -4.484278061895251993e-02 -1.264832622862194569e-03 9.838204981376809377e-03 -1.730306897613640565e-03 -1.124157393069297704e-02 1.422380008455615893e-02 1.937953441066459642e-02 1.456517152745381502e-02 4.446653072836805054e-02 -2.409966797593922263e-03 -5.495589235731962972e-03 -1.237201596910258647e-02 -2.138522829954212987e-02 -3.394341886400406572e-03 -3.786197271052833824e-02 1.054292556770370509e-02 9.819634258952469538e-03 9.339680144804022449e-03 2.194921217246195363e-02 -2.250464035831576184e-02 -1.641067565885161389e-03 -1.746499200736561369e-03 7.353468464792258658e-03 -1.215294304593179421e-02 -8.533411454617194358e-02 7.690013557978493154e-03 6.453982347536509068e-02 -1.223100378629105034e-02 1.029646369046662846e-01 3.333655377966163180e-02 3.698332859776258530e-02 2.473829457821703770e-02 6.253834853522087511e-02 -4.036970552180003079e-03 -2.867524319628741991e-02 5.967836443534926469e-03 1.473015416485141255e-02 5.657214435016005676e-03 -4.921834512037049358e-01 1.250227692464369322e-01 4.880473507339588846e-01 -1.064426910731672282e-01 5.022557622083010376e-01 1.143796137535879609e-01 4.837893611090089974e-01 -1.014016756666382413e-01 4.580568641456235768e-01
0.000000000000000000e+00 0.000000000000000000e+00 4.149903044949974223e-03 -1.063482993769571984e-03 7.435976844000572947e-03 -8.367450872831016032e-03 -2.856788334574537208e-02 1.217858739338058272e-02 -2.646367404200001758e-02 2.374247961543364538e-02 -3.529105785954019664e-02 -2.962024011037466681e-02 -3.321544199698098915e-02 -1.579835187406888192e-02 5.726581358264147201e-03 7.320365224194924636e-02 -1.539147605985308892e-02 -6.295536944353861616e-03 -9.096589587838065094e-03 1.654673722015754037e-02 -2.047587065256002703e-02 -1.788087560028905898e-03 3.420235756620549836e-03 1.331303518637235589e-02 1.260798363397620109e-02 -5.111891677887363261e-02 -1.552908405912451113e-02 -1.113054010559687418e-01 -5.278961385455558514e-03 -2.406834182298096536e-01 6.691134603519704321e-03 -5.885886869657894205e-02 -2.249616828660247481e-02 -1.613972382201383018e-02 0.000000000000000000e+00 0.000000000000000000e+00 -2.220739928503296379e-01 9.097057389739156286e-02 -6.477300159637255916e-02 -7.969143819320002875e-02 -3.819398761135758824e-02 -1.821660651198997102e-02 1.093402972092720193e-01 -3.114517974492479746e-02 2.928080961311722505e-02 1.662974772832736259e-01 2.158776297048106002e-05 1.754295482951260740e-02 -3.064792330780589588e-02 5.305522267484569232e-04 6.843063614389220950e-01 3.784953963674259070e-03 -2.370330199041522368e-01 -4.953333146237415274e-02 3.731204117942282794e-02 1.757714776777250312e-02 -8.888368365490055545e-02 1.249647757293315398e-01 -5.449841532792148308e-02 -9.487725923019395269e-02 -3.395135399225546191e-02 -5.773000968743804279e-02 2.769392182775506361e-01 5.107498929546846339e-02 3.480441439158757366e-01 -1.404999386278113147e-02 3.703451718523253361e-02 3.315550075595950774e-02 3.007895443300098032e-02 1.243751514374887845e-01 -1.944068593853287910e-03 2.497743411358393367e-02 -8.761818057377371294e-04 -5.771926677183401508e-03 3.523295863740727452e-02 1.866521316233742817e-02 2.516893265956239578e-02 -3.345663917084943512e-02 -2.234852968675992216e-02 -8.524296896786717759e-02 -1.635401533087494849e-02 -2.235701716162543512e-02 1.077284295677209160e-02 1.244591379386633528e-01 3.110624355526284829e-02 -4.727602835880857085e-02 2.531080273172436890e-02 2.340809036119407410e-02 1.266115314170300314e-02 3.075054820059982749e-02 7.340081643631529706e-02 -4.444745062002421199e-02 3.771813431339294392e-02 1.757876948276378970e-01 -7.020493665463663213e-02 -3.306887653444129382e-02 1.996491865059305815e-01 -1.474860006237373525e-02 -1.020039352051398812e-01 1.407600445013367993e-02 -2.969570190613403660e-01 2.684026065687009077e-02 1.578338376841465496e-01 8.550335059510034974e-02 1.662275354414971887e-02 -3.048155729125130720e-02 8.641071232415158468e-03 3.330329038180911139e-02 -3.766217072356901063e-01 5.621807890329194590e-02 -6.280747970047442230e+00 -7.845957268039918664e-02 4.688316537053355049e+00 -1.561431370179499900e-01 -3.975368660111572527e+00 -1.014016756667167896e-01 6.040200919150624514e+00 -9.490808357171566512e-02
0.000000000000000000e+00 0.000000000000000000e+00 -7.234816602115159631e-03 -1.029180964226878879e-03 -9.093189913730910165e-03 -1.361897597032887689e-03 2.276687311956678006e-02 -5.742319637596979276e-02 2.526919483258723009e-02 -2.841567663838446417e-02 2.878111966445689660e-02 9.221652664254641196e-03 2.884051248029028194e-02 7.174920949253634894e-05 5.300692434017687318e-03 -2.045709345023570547e-02 -2.539238332564433109e-04 -9.452679998500881225e-03 -1.429514952475498257e-02 2.124830733672351119e-02 1.440535579137922767e-02 -1.929467675516666203e-02 -3.362626405643234133e-04 3.688348308755817068e-03 -1.306760722207079249e-02 1.913542758846868697e-02 -6.131868667897085248e-03 1.764239644010284422e-02 1.599984128664897268e-02 1.158295468454856869e-01 -2.699470826677155544e-02 1.817363896211622934e-02 8.079667683820353219e-03 2.596077582150653658e-03 0.000000000000000000e+00 0.000000000000000000e+00 8.205254642658892095e-02 2.017182289054059163e-02 3.068868562302638422e-02 -1.364320907793872828e-02 1.345215072513472609e-02 -2.497534160986579488e-02 -3.818701086482821638e-02 4.223082370185742007e-02 -5.799297690540404504e-03 -5.627662786784722732e-02 -1.225482497892274765e-02 -2.289153812947058997e-02 1.148384224590339418e-02 -4.742490256980624874e-02 -2.378556163918570110e-01 6.367142054997956824e-03 6.968071792938924924e-02 1.850847721835439941e-02 -1.292066026061426329e-02 -2.648275425707735664e-02 6.981791969560489398e-03 -2.788898081454466160e-02 7.531376362026247218e-02 1.217285074042905209e-02 1.151949705878472369e-02 -2.254317274076816924e-02 -9.434855506155186144e-02 -1.380479210717521985e-02 -7.572139133689205492e-02 7.396898701021899225e-03 6.275451971931614650e-03 -2.195264050995897678e-02 -1.824120322426691504e-02 -4.441240487858052338e-02 -2.905088483456420845e-04 -5.053099179081630560e-02 4.554449746965257353e-03 8.351381262809497857e-03 -7.201774453074994385e-05 -8.676466924218537505e-03 1.117852819151945835e-02 1.472536286785306077e-02 1.600008530272382934e-02 4.316870282938874842e-02 -1.230406814909912197e-03 -8.121083070916020746e-03 -1.564031269498179777e-02 -2.674318883206419639e-02 -1.015597361027513815e-02 -4.465201578586693726e-02 1.429417676476474677e-02 1.265454307124137638e-02 9.719579751763610456e-03 2.113473930285377639e-02 -1.861713012227712502e-02 -9.973827295554529848e-03 -4.167040230155924160e-04 2.275960662467265121e-03 -2.119652030126036035e-02 -9.254611857060165980e-02 1.823572527979265903e-02 6.624003960800120550e-02 -2.116000917911817908e-02 1.014851173509101756e-01 1.543142940969198344e-02 2.344628864358984030e-02 4.624004747848123320e-02 6.654813375229012840e-02 -6.857021304242105070e-03 -3.402264183705591000e-02 5.221338870934363538e-03 1.327591651146206066e-02 4.189817118889888579e-03 -4.965021712707145540e-01 1.311231797056800485e-01 4.903457139651655194e-01 -9.122761096140259707e-02 4.966851030884379958e-01 1.061775030652244295e-01 4.580568641456174706e-01 -9.490808357168702136e-02 4.641429857639919887e-01
