========== NODE / ENVIRONMENT INFO ==========
DATE          : Wed Jul  8 09:55:09 AM CEST 2026
HOSTNAME      : b9pgpun201.cern.ch
PWD           : /afs/cern.ch/work/h/hwen/public/pwa/auto-init/Jobs/scan_phipipi_20260707_063806/016_add_f2_2010
FIT SCRIPT    : fit_witherr_fs.py
INIT PARAMS   : init_params.json
INIT STATUS   : not found, will use random initial parameters
PYTHON BIN    : /afs/cern.ch/work/h/hwen/public/conda/envs/tfpwa/bin/python3.12
YAML 1        : config_phipipi.yaml
YAML 2        : config_phikk.yaml
CONFIG ARG    : config_phipipi.yaml,config_phikk.yaml
TOTAL_SAME    : false
LOOP          : 5
MAXITER       : 50000

---------- CPU INFO ----------
CPU(s):                                  16
On-line CPU(s) list:                     0-15
Model name:                              Intel(R) Xeon(R) Platinum 8468
Thread(s) per core:                      1
Core(s) per socket:                      1
Socket(s):                               16
NUMA node0 CPU(s):                       0-15

---------- MEMORY INFO ----------
               total        used        free      shared  buff/cache   available
Mem:            37Gi       3.3Gi        16Gi       4.0Mi        19Gi        34Gi
Swap:           39Gi       729Mi        38Gi

---------- GPU / CUDA INFO ----------
CUDA_VISIBLE_DEVICES: <unset>
CONDOR GPUs        : MIG-e5b0858c-bd01-51b9-a098-261a867f38b2
[nvidia-smi -L]
GPU 0: NVIDIA H100L-2-24C (UUID: GPU-e268f40d-4833-11f1-975b-b1c3bbad1396)
  MIG 2g.24gb     Device  0: (UUID: MIG-e5b0858c-bd01-51b9-a098-261a867f38b2)

[nvidia-smi summary]
Wed Jul  8 09:55:09 2026       
+-----------------------------------------------------------------------------------------+
| NVIDIA-SMI 580.126.09             Driver Version: 580.126.09     CUDA Version: 13.0     |
+-----------------------------------------+------------------------+----------------------+
| GPU  Name                 Persistence-M | Bus-Id          Disp.A | Volatile Uncorr. ECC |
| Fan  Temp   Perf          Pwr:Usage/Cap |           Memory-Usage | GPU-Util  Compute M. |
|                                         |                        |               MIG M. |
|=========================================+========================+======================|
|   0  NVIDIA H100L-2-24C             On  |   00000000:06:00.0 Off |                   On |
| N/A   N/A    P0            N/A  /  N/A  |       1MiB /  24576MiB |     N/A      Default |
|                                         |                        |              Enabled |
+-----------------------------------------+------------------------+----------------------+

+-----------------------------------------------------------------------------------------+
| MIG devices:                                                                            |
+------------------+----------------------------------+-----------+-----------------------+
| GPU  GI  CI  MIG |              Shared Memory-Usage |        Vol|        Shared         |
|      ID  ID  Dev |                Shared BAR1-Usage | SM     Unc| CE ENC  DEC  OFA  JPG |
|                  |                                  |        ECC|                       |
|==================+==================================+===========+=======================|
|  0    0   0   0  |               1MiB / 21547MiB    | 32      0 |  2   0    2    0    2 |
|                  |               0MiB /  4096MiB    |           |                       |
+------------------+----------------------------------+-----------+-----------------------+

+-----------------------------------------------------------------------------------------+
| Processes:                                                                              |
|  GPU   GI   CI              PID   Type   Process name                        GPU Memory |
|        ID   ID                                                               Usage      |
|=========================================================================================|
|  No running processes found                                                             |
+-----------------------------------------------------------------------------------------+

---------- PYTHON / TF INFO ----------
PYTHON_BIN  : /afs/cern.ch/work/h/hwen/public/conda/envs/tfpwa/bin/python3.12
Python 3.12.13
Python exec: /afs/cern.ch/work/h/hwen/public/conda/envs/tfpwa/bin/python3.12
TensorFlow version: 2.21.0
TF visible GPUs: []
==============================================

========== START JOINT FIT (φhh) ==========
[INFO] load config: config_phipipi.yaml
variable range:  f0(980)_flatte_g_0  in  [0.0, None]
variable range:  f0(980)_flatte_g_1  in  [0.0, None]
variable range:  f2(1270)_flatte_g_0  in  [0.0, None]
variable range:  f2(1270)_flatte_g_1  in  [0.0, None]
variable range:  f0(1370)_flatte_g_0  in  [0.0, None]
variable range:  f0(1370)_flatte_g_1  in  [0.0, None]
variable range:  f2(1430)_flatte_g_0  in  [0.0, None]
variable range:  f2(1430)_flatte_g_1  in  [0.0, None]
variable range:  f0(1500)_flatte_g_0  in  [0.0, None]
variable range:  f0(1500)_flatte_g_1  in  [0.0, None]
variable range:  f0(1525)_flatte_g_0  in  [0.0, None]
variable range:  f0(1525)_flatte_g_1  in  [0.0, None]
variable range:  f0(1565)_flatte_g_0  in  [0.0, None]
variable range:  f0(1565)_flatte_g_1  in  [0.0, None]
variable range:  f0(1710)_flatte_g_0  in  [0.0, None]
variable range:  f0(1710)_flatte_g_1  in  [0.0, None]
same value: ['Jpsi->b1(1235)p.pimb1(1235)p->phi.pip_total_0i', 'Jpsi->b1(1235)m.pipb1(1235)m->phi.pim_total_0i']
same value: ['Jpsi->b1(1235)p.pim_g_ls_0i', 'Jpsi->b1(1235)m.pip_g_ls_0i']
same value: ['Jpsi->b1(1235)p.pim_g_ls_1i', 'Jpsi->b1(1235)m.pip_g_ls_1i']
same value: ['Jpsi->NR_0-_bp.pimNR_0-_bp->phi.pip_total_0i', 'Jpsi->NR_0-_bm.pipNR_0-_bm->phi.pim_total_0i']
same value: ['Jpsi->NR_0-_bp.pim_g_ls_0i', 'Jpsi->NR_0-_bm.pip_g_ls_0i']
same value: ['Jpsi->NR_0-_bp.pim_g_ls_1i', 'Jpsi->NR_0-_bm.pip_g_ls_1i']
same value: ['Jpsi->rho(1450)p.pimrho(1450)p->phi.pip_total_0i', 'Jpsi->rho(1450)m.piprho(1450)m->phi.pim_total_0i']
same value: ['Jpsi->rho(1450)p.pim_g_ls_0i', 'Jpsi->rho(1450)m.pip_g_ls_0i']
same value: ['Jpsi->rho(1450)p.pim_g_ls_1i', 'Jpsi->rho(1450)m.pip_g_ls_1i']
same value: ['Jpsi->rho(1570)p.pimrho(1570)p->phi.pip_total_0i', 'Jpsi->rho(1570)m.piprho(1570)m->phi.pim_total_0i']
same value: ['Jpsi->rho(1570)p.pim_g_ls_0i', 'Jpsi->rho(1570)m.pip_g_ls_0i']
same value: ['Jpsi->rho(1570)p.pim_g_ls_1i', 'Jpsi->rho(1570)m.pip_g_ls_1i']
same value: ['Jpsi->rho(1690)p.pimrho(1690)p->phi.pip_total_0i', 'Jpsi->rho(1690)m.piprho(1690)m->phi.pim_total_0i']
same value: ['Jpsi->rho(1690)p.pim_g_ls_0i', 'Jpsi->rho(1690)m.pip_g_ls_0i']
same value: ['Jpsi->rho(1690)p.pim_g_ls_1i', 'Jpsi->rho(1690)m.pip_g_ls_1i']
[INFO] load config: config_phikk.yaml
variable range:  f0(980)_flatte_g_0  in  [0.0, None]
variable range:  f0(980)_flatte_g_1  in  [0.0, None]
variable range:  f2(1270)_flatte_g_0  in  [0.0, None]
variable range:  f2(1270)_flatte_g_1  in  [0.0, None]
variable range:  f2(1430)_flatte_g_0  in  [0.0, None]
variable range:  f2(1430)_flatte_g_1  in  [0.0, None]
variable range:  f0(1370)_flatte_g_0  in  [0.0, None]
variable range:  f0(1370)_flatte_g_1  in  [0.0, None]
variable range:  f0(1500)_flatte_g_0  in  [0.0, None]
variable range:  f0(1500)_flatte_g_1  in  [0.0, None]
variable range:  f0(1525)_flatte_g_0  in  [0.0, None]
variable range:  f0(1525)_flatte_g_1  in  [0.0, None]
variable range:  f0(1565)_flatte_g_0  in  [0.0, None]
variable range:  f0(1565)_flatte_g_1  in  [0.0, None]
variable range:  f0(1710)_flatte_g_0  in  [0.0, None]
variable range:  f0(1710)_flatte_g_1  in  [0.0, None]
same value: ['Jpsi->K1(1400)p.kmK1(1400)p->phi.kp_total_0i', 'Jpsi->K1(1400)m.kpK1(1400)m->phi.km_total_0i']
same value: ['Jpsi->K1(1400)p.km_g_ls_0i', 'Jpsi->K1(1400)m.kp_g_ls_0i']
same value: ['Jpsi->K1(1400)p.km_g_ls_1i', 'Jpsi->K1(1400)m.kp_g_ls_1i']
same value: ['Jpsi->K1(1650)p.kmK1(1650)p->phi.kp_total_0i', 'Jpsi->K1(1650)m.kpK1(1650)m->phi.km_total_0i']
same value: ['Jpsi->K1(1650)p.km_g_ls_0i', 'Jpsi->K1(1650)m.kp_g_ls_0i']
same value: ['Jpsi->K1(1650)p.km_g_ls_1i', 'Jpsi->K1(1650)m.kp_g_ls_1i']
same value: ['Jpsi->K1(1680)p.kmK1(1680)p->phi.kp_total_0i', 'Jpsi->K1(1680)m.kpK1(1680)m->phi.km_total_0i']
same value: ['Jpsi->K1(1680)p.km_g_ls_0i', 'Jpsi->K1(1680)m.kp_g_ls_0i']
same value: ['Jpsi->K1(1680)p.km_g_ls_1i', 'Jpsi->K1(1680)m.kp_g_ls_1i']
same value: ['Jpsi->K0(1830)p.kmK0(1830)p->phi.kp_total_0i', 'Jpsi->K0(1830)m.kpK0(1830)m->phi.km_total_0i']
same value: ['Jpsi->K0(1950)p.kmK0(1950)p->phi.kp_total_0i', 'Jpsi->K0(1950)m.kpK0(1950)m->phi.km_total_0i']
same value: ['Jpsi->K2(1430)p.kmK2(1430)p->phi.kp_total_0i', 'Jpsi->K2(1430)m.kpK2(1430)m->phi.km_total_0i']
same value: ['Jpsi->K2(1430)p.km_g_ls_0i', 'Jpsi->K2(1430)m.kp_g_ls_0i']
same value: ['Jpsi->K2(1430)p.km_g_ls_1i', 'Jpsi->K2(1430)m.kp_g_ls_1i']
same value: ['Jpsi->K2(1580)p.kmK2(1580)p->phi.kp_total_0i', 'Jpsi->K2(1580)m.kpK2(1580)m->phi.km_total_0i']
same value: ['Jpsi->K2(1580)p.km_g_ls_0i', 'Jpsi->K2(1580)m.kp_g_ls_0i']
same value: ['Jpsi->K2(1580)p.km_g_ls_1i', 'Jpsi->K2(1580)m.kp_g_ls_1i']
same value: ['Jpsi->K2(1770)p.kmK2(1770)p->phi.kp_total_0i', 'Jpsi->K2(1770)m.kpK2(1770)m->phi.km_total_0i']
same value: ['Jpsi->K2(1770)p.km_g_ls_0i', 'Jpsi->K2(1770)m.kp_g_ls_0i']
same value: ['Jpsi->K2(1770)p.km_g_ls_1i', 'Jpsi->K2(1770)m.kp_g_ls_1i']
same value: ['Jpsi->K2(1820)p.kmK2(1820)p->phi.kp_total_0i', 'Jpsi->K2(1820)m.kpK2(1820)m->phi.km_total_0i']
same value: ['Jpsi->K2(1820)p.km_g_ls_0i', 'Jpsi->K2(1820)m.kp_g_ls_0i']
same value: ['Jpsi->K2(1820)p.km_g_ls_1i', 'Jpsi->K2(1820)m.kp_g_ls_1i']
same value: ['Jpsi->K2(1980)p.kmK2(1980)p->phi.kp_total_0i', 'Jpsi->K2(1980)m.kpK2(1980)m->phi.km_total_0i']
same value: ['Jpsi->K2(1980)p.km_g_ls_0i', 'Jpsi->K2(1980)m.kp_g_ls_0i']
same value: ['Jpsi->K2(1980)p.km_g_ls_1i', 'Jpsi->K2(1980)m.kp_g_ls_1i']
same value: ['Jpsi->K2(2250)p.kmK2(2250)p->phi.kp_total_0i', 'Jpsi->K2(2250)m.kpK2(2250)m->phi.km_total_0i']
same value: ['Jpsi->K2(2250)p.km_g_ls_0i', 'Jpsi->K2(2250)m.kp_g_ls_0i']
same value: ['Jpsi->K2(2250)p.km_g_ls_1i', 'Jpsi->K2(2250)m.kp_g_ls_1i']
same value: ['Jpsi->K3(1780)p.kmK3(1780)p->phi.kp_total_0i', 'Jpsi->K3(1780)m.kpK3(1780)m->phi.km_total_0i']
same value: ['Jpsi->K3(1780)p.km_g_ls_0i', 'Jpsi->K3(1780)m.kp_g_ls_0i']
same value: ['Jpsi->K3(1780)p.km_g_ls_1i', 'Jpsi->K3(1780)m.kp_g_ls_1i']
same value: ['Jpsi->K3(2320)p.kmK3(2320)p->phi.kp_total_0i', 'Jpsi->K3(2320)m.kpK3(2320)m->phi.km_total_0i']
same value: ['Jpsi->K3(2320)p.km_g_ls_0i', 'Jpsi->K3(2320)m.kp_g_ls_0i']
same value: ['Jpsi->K3(2320)p.km_g_ls_1i', 'Jpsi->K3(2320)m.kp_g_ls_1i']
[INFO] channel 0 number of params: 148
[INFO] channel 1 number of params: 205
[INFO] shared params: total=13 prod=8 flatte=7 other=2
[INFO] Flatte-coupling shared (real coupled-channel point):
    [flatte] Jpsi->phi.f0(980)_flatte_g_ls_0i
    [flatte] Jpsi->phi.f0(980)_flatte_g_ls_0r
    [flatte] Jpsi->phi.f0(980)_flatte_g_ls_1i
    [flatte] Jpsi->phi.f0(980)_flatte_g_ls_1r
    [flatte] f0(980)_flatte_g_0
    [flatte] f0(980)_flatte_g_1
    [flatte] f0(980)_flatte_mass
[INFO] build MultiConfig with total_same=False
variable range:  f0(980)_flatte_g_0  in  [0.0, None]
variable range:  f0(980)_flatte_g_1  in  [0.0, None]
variable range:  f2(1270)_flatte_g_0  in  [0.0, None]
variable range:  f2(1270)_flatte_g_1  in  [0.0, None]
variable range:  f0(1370)_flatte_g_0  in  [0.0, None]
variable range:  f0(1370)_flatte_g_1  in  [0.0, None]
variable range:  f2(1430)_flatte_g_0  in  [0.0, None]
variable range:  f2(1430)_flatte_g_1  in  [0.0, None]
variable range:  f0(1500)_flatte_g_0  in  [0.0, None]
variable range:  f0(1500)_flatte_g_1  in  [0.0, None]
variable range:  f0(1525)_flatte_g_0  in  [0.0, None]
variable range:  f0(1525)_flatte_g_1  in  [0.0, None]
variable range:  f0(1565)_flatte_g_0  in  [0.0, None]
variable range:  f0(1565)_flatte_g_1  in  [0.0, None]
variable range:  f0(1710)_flatte_g_0  in  [0.0, None]
variable range:  f0(1710)_flatte_g_1  in  [0.0, None]
same value: ['Jpsi->b1(1235)p.pimb1(1235)p->phi.pip_total_0i', 'Jpsi->b1(1235)m.pipb1(1235)m->phi.pim_total_0i']
same value: ['Jpsi->b1(1235)p.pim_g_ls_0i', 'Jpsi->b1(1235)m.pip_g_ls_0i']
same value: ['Jpsi->b1(1235)p.pim_g_ls_1i', 'Jpsi->b1(1235)m.pip_g_ls_1i']
same value: ['Jpsi->NR_0-_bp.pimNR_0-_bp->phi.pip_total_0i', 'Jpsi->NR_0-_bm.pipNR_0-_bm->phi.pim_total_0i']
same value: ['Jpsi->NR_0-_bp.pim_g_ls_0i', 'Jpsi->NR_0-_bm.pip_g_ls_0i']
same value: ['Jpsi->NR_0-_bp.pim_g_ls_1i', 'Jpsi->NR_0-_bm.pip_g_ls_1i']
same value: ['Jpsi->rho(1450)p.pimrho(1450)p->phi.pip_total_0i', 'Jpsi->rho(1450)m.piprho(1450)m->phi.pim_total_0i']
same value: ['Jpsi->rho(1450)p.pim_g_ls_0i', 'Jpsi->rho(1450)m.pip_g_ls_0i']
same value: ['Jpsi->rho(1450)p.pim_g_ls_1i', 'Jpsi->rho(1450)m.pip_g_ls_1i']
same value: ['Jpsi->rho(1570)p.pimrho(1570)p->phi.pip_total_0i', 'Jpsi->rho(1570)m.piprho(1570)m->phi.pim_total_0i']
same value: ['Jpsi->rho(1570)p.pim_g_ls_0i', 'Jpsi->rho(1570)m.pip_g_ls_0i']
same value: ['Jpsi->rho(1570)p.pim_g_ls_1i', 'Jpsi->rho(1570)m.pip_g_ls_1i']
same value: ['Jpsi->rho(1690)p.pimrho(1690)p->phi.pip_total_0i', 'Jpsi->rho(1690)m.piprho(1690)m->phi.pim_total_0i']
same value: ['Jpsi->rho(1690)p.pim_g_ls_0i', 'Jpsi->rho(1690)m.pip_g_ls_0i']
same value: ['Jpsi->rho(1690)p.pim_g_ls_1i', 'Jpsi->rho(1690)m.pip_g_ls_1i']
variable range:  f0(980)_flatte_g_0  in  [0.0, None]
variable range:  f0(980)_flatte_g_1  in  [0.0, None]
variable range:  f2(1270)_flatte_g_0  in  [0.0, None]
variable range:  f2(1270)_flatte_g_1  in  [0.0, None]
variable range:  f2(1430)_flatte_g_0  in  [0.0, None]
variable range:  f2(1430)_flatte_g_1  in  [0.0, None]
variable range:  f0(1370)_flatte_g_0  in  [0.0, None]
variable range:  f0(1370)_flatte_g_1  in  [0.0, None]
variable range:  f0(1500)_flatte_g_0  in  [0.0, None]
variable range:  f0(1500)_flatte_g_1  in  [0.0, None]
variable range:  f0(1525)_flatte_g_0  in  [0.0, None]
variable range:  f0(1525)_flatte_g_1  in  [0.0, None]
variable range:  f0(1565)_flatte_g_0  in  [0.0, None]
variable range:  f0(1565)_flatte_g_1  in  [0.0, None]
variable range:  f0(1710)_flatte_g_0  in  [0.0, None]
variable range:  f0(1710)_flatte_g_1  in  [0.0, None]
same value: ['Jpsi->K1(1400)p.kmK1(1400)p->phi.kp_total_0i', 'Jpsi->K1(1400)m.kpK1(1400)m->phi.km_total_0i']
same value: ['Jpsi->K1(1400)p.km_g_ls_0i', 'Jpsi->K1(1400)m.kp_g_ls_0i']
same value: ['Jpsi->K1(1400)p.km_g_ls_1i', 'Jpsi->K1(1400)m.kp_g_ls_1i']
same value: ['Jpsi->K1(1650)p.kmK1(1650)p->phi.kp_total_0i', 'Jpsi->K1(1650)m.kpK1(1650)m->phi.km_total_0i']
same value: ['Jpsi->K1(1650)p.km_g_ls_0i', 'Jpsi->K1(1650)m.kp_g_ls_0i']
same value: ['Jpsi->K1(1650)p.km_g_ls_1i', 'Jpsi->K1(1650)m.kp_g_ls_1i']
same value: ['Jpsi->K1(1680)p.kmK1(1680)p->phi.kp_total_0i', 'Jpsi->K1(1680)m.kpK1(1680)m->phi.km_total_0i']
same value: ['Jpsi->K1(1680)p.km_g_ls_0i', 'Jpsi->K1(1680)m.kp_g_ls_0i']
same value: ['Jpsi->K1(1680)p.km_g_ls_1i', 'Jpsi->K1(1680)m.kp_g_ls_1i']
same value: ['Jpsi->K0(1830)p.kmK0(1830)p->phi.kp_total_0i', 'Jpsi->K0(1830)m.kpK0(1830)m->phi.km_total_0i']
same value: ['Jpsi->K0(1950)p.kmK0(1950)p->phi.kp_total_0i', 'Jpsi->K0(1950)m.kpK0(1950)m->phi.km_total_0i']
same value: ['Jpsi->K2(1430)p.kmK2(1430)p->phi.kp_total_0i', 'Jpsi->K2(1430)m.kpK2(1430)m->phi.km_total_0i']
same value: ['Jpsi->K2(1430)p.km_g_ls_0i', 'Jpsi->K2(1430)m.kp_g_ls_0i']
same value: ['Jpsi->K2(1430)p.km_g_ls_1i', 'Jpsi->K2(1430)m.kp_g_ls_1i']
same value: ['Jpsi->K2(1580)p.kmK2(1580)p->phi.kp_total_0i', 'Jpsi->K2(1580)m.kpK2(1580)m->phi.km_total_0i']
same value: ['Jpsi->K2(1580)p.km_g_ls_0i', 'Jpsi->K2(1580)m.kp_g_ls_0i']
same value: ['Jpsi->K2(1580)p.km_g_ls_1i', 'Jpsi->K2(1580)m.kp_g_ls_1i']
same value: ['Jpsi->K2(1770)p.kmK2(1770)p->phi.kp_total_0i', 'Jpsi->K2(1770)m.kpK2(1770)m->phi.km_total_0i']
same value: ['Jpsi->K2(1770)p.km_g_ls_0i', 'Jpsi->K2(1770)m.kp_g_ls_0i']
same value: ['Jpsi->K2(1770)p.km_g_ls_1i', 'Jpsi->K2(1770)m.kp_g_ls_1i']
same value: ['Jpsi->K2(1820)p.kmK2(1820)p->phi.kp_total_0i', 'Jpsi->K2(1820)m.kpK2(1820)m->phi.km_total_0i']
same value: ['Jpsi->K2(1820)p.km_g_ls_0i', 'Jpsi->K2(1820)m.kp_g_ls_0i']
same value: ['Jpsi->K2(1820)p.km_g_ls_1i', 'Jpsi->K2(1820)m.kp_g_ls_1i']
same value: ['Jpsi->K2(1980)p.kmK2(1980)p->phi.kp_total_0i', 'Jpsi->K2(1980)m.kpK2(1980)m->phi.km_total_0i']
same value: ['Jpsi->K2(1980)p.km_g_ls_0i', 'Jpsi->K2(1980)m.kp_g_ls_0i']
same value: ['Jpsi->K2(1980)p.km_g_ls_1i', 'Jpsi->K2(1980)m.kp_g_ls_1i']
same value: ['Jpsi->K2(2250)p.kmK2(2250)p->phi.kp_total_0i', 'Jpsi->K2(2250)m.kpK2(2250)m->phi.km_total_0i']
same value: ['Jpsi->K2(2250)p.km_g_ls_0i', 'Jpsi->K2(2250)m.kp_g_ls_0i']
same value: ['Jpsi->K2(2250)p.km_g_ls_1i', 'Jpsi->K2(2250)m.kp_g_ls_1i']
same value: ['Jpsi->K3(1780)p.kmK3(1780)p->phi.kp_total_0i', 'Jpsi->K3(1780)m.kpK3(1780)m->phi.km_total_0i']
same value: ['Jpsi->K3(1780)p.km_g_ls_0i', 'Jpsi->K3(1780)m.kp_g_ls_0i']
same value: ['Jpsi->K3(1780)p.km_g_ls_1i', 'Jpsi->K3(1780)m.kp_g_ls_1i']
same value: ['Jpsi->K3(2320)p.kmK3(2320)p->phi.kp_total_0i', 'Jpsi->K3(2320)m.kpK3(2320)m->phi.km_total_0i']
same value: ['Jpsi->K3(2320)p.km_g_ls_0i', 'Jpsi->K3(2320)m.kp_g_ls_0i']
same value: ['Jpsi->K3(2320)p.km_g_ls_1i', 'Jpsi->K3(2320)m.kp_g_ls_1i']
cached shape idx [0, 1, 2, 3, 4, 5, 6, 7, 8, 9, 10, 11, 12, 13]
cached shape idx [0, 1, 2, 3, 4, 5, 6, 7, 8, 9, 10, 11, 12, 13, 14, 15, 16]
[INFO] running JOINT fit with 2 channels

========== Fit loop 1/5 ==========
using RANDOM parameters
Using Model
Using Model

########### initial parameters
{
  "rho(1450)p_mass": 1.51,
  "rho(1450)p_width": 0.44,
  "rho(1570)p_mass": 1.57,
  "rho(1570)p_width": 0.14,
  "rho(1690)p_mass": 1.681,
  "rho(1690)p_width": 0.19,
  "rho(1450)m_mass": 1.51,
  "rho(1450)m_width": 0.44,
  "rho(1570)m_mass": 1.57,
  "rho(1570)m_width": 0.14,
  "rho(1690)m_mass": 1.681,
  "rho(1690)m_width": 0.19,
  "f0(500)_E791_mass": 0.478,
  "f2(1270)_flatte_mass": 1.2754,
  "f2(1270)_flatte_g_0": 0.9637466016768239,
  "f2(1270)_flatte_g_1": 0.15060489518772324,
  "f0(1370)_mass": 1.37,
  "f0(1370)_width": 0.35,
  "f0(1500)_flatte_mass": 1.522,
  "f0(1500)_flatte_g_0": 0.11173000949479062,
  "f0(1500)_flatte_g_1": 0.008567498637811699,
  "f2(1430)_mass": 1.43,
  "f2(1430)_width": 0.046,
  "f2(2010)_mass": 2.011,
  "f2(2010)_width": 0.202,
  "Jpsi->rho(1450)p.pimrho(1450)p->phi.pip_total_0r": 1.0,
  "Jpsi->rho(1450)p.pimrho(1450)p->phi.pip_total_0i": 0.0,
  "Jpsi->rho(1450)p.pim_g_ls_0r": 1.0,
  "Jpsi->rho(1450)p.pim_g_ls_0i": 0.0,
  "rho(1450)p->phi.pip_g_ls_0r": 1.0,
  "rho(1450)p->phi.pip_g_ls_0i": 0.0,
  "Jpsi->rho(1570)p.pimrho(1570)p->phi.pip_total_0r": 1.1589258397586142,
  "Jpsi->rho(1570)p.pimrho(1570)p->phi.pip_total_0i": -0.33600980966439353,
  "Jpsi->rho(1570)p.pim_g_ls_0r": 1.0,
  "Jpsi->rho(1570)p.pim_g_ls_0i": 0.0,
  "rho(1570)p->phi.pip_g_ls_0r": 1.0,
  "rho(1570)p->phi.pip_g_ls_0i": 0.0,
  "Jpsi->rho(1690)p.pimrho(1690)p->phi.pip_total_0r": 0.06756024798028859,
  "Jpsi->rho(1690)p.pimrho(1690)p->phi.pip_total_0i": -0.7176533795997937,
  "Jpsi->rho(1690)p.pim_g_ls_0r": 1.0,
  "Jpsi->rho(1690)p.pim_g_ls_0i": 0.0,
  "rho(1690)p->phi.pip_g_ls_0r": 1.0,
  "rho(1690)p->phi.pip_g_ls_0i": 0.0,
  "Jpsi->rho(1450)m.piprho(1450)m->phi.pim_total_0r": 1.0,
  "Jpsi->rho(1450)m.piprho(1450)m->phi.pim_total_0i": 0.0,
  "Jpsi->rho(1450)m.pip_g_ls_0r": 1.0,
  "Jpsi->rho(1450)m.pip_g_ls_0i": 0.0,
  "rho(1450)m->phi.pim_g_ls_0r": 1.0,
  "rho(1450)m->phi.pim_g_ls_0i": 0.0,
  "Jpsi->rho(1570)m.piprho(1570)m->phi.pim_total_0r": 1.1589258397586142,
  "Jpsi->rho(1570)m.piprho(1570)m->phi.pim_total_0i": -0.33600980966439353,
  "Jpsi->rho(1570)m.pip_g_ls_0r": 1.0,
  "Jpsi->rho(1570)m.pip_g_ls_0i": 0.0,
  "rho(1570)m->phi.pim_g_ls_0r": 1.0,
  "rho(1570)m->phi.pim_g_ls_0i": 0.0,
  "Jpsi->rho(1690)m.piprho(1690)m->phi.pim_total_0r": 0.06756024798028859,
  "Jpsi->rho(1690)m.piprho(1690)m->phi.pim_total_0i": -0.7176533795997937,
  "Jpsi->rho(1690)m.pip_g_ls_0r": 1.0,
  "Jpsi->rho(1690)m.pip_g_ls_0i": 0.0,
  "rho(1690)m->phi.pim_g_ls_0r": 1.0,
  "rho(1690)m->phi.pim_g_ls_0i": 0.0,
  "Jpsi->phi.f0(500)_E791f0(500)_E791->pip.pim_total_0r": 0.5652400792214185,
  "Jpsi->phi.f0(500)_E791f0(500)_E791->pip.pim_total_0i": 2.952755600560618,
  "Jpsi->phi.f0(500)_E791_g_ls_0r": 1.0,
  "Jpsi->phi.f0(500)_E791_g_ls_0i": 0.0,
  "Jpsi->phi.f0(500)_E791_g_ls_1r": 1.861242750284927,
  "Jpsi->phi.f0(500)_E791_g_ls_1i": 3.0098088719297653,
  "f0(500)_E791->pip.pim_g_ls_0r": 1.0,
  "f0(500)_E791->pip.pim_g_ls_0i": 0.0,
  "Jpsi->phi.f0(980)_flattef0(980)_flatte->pip.pim_total_0r": 1.83241921995738,
  "Jpsi->phi.f0(980)_flattef0(980)_flatte->pip.pim_total_0i": -2.7818763628460004,
  "f0(980)_flatte->pip.pim_g_ls_0r": 1.0,
  "f0(980)_flatte->pip.pim_g_ls_0i": 0.0,
  "Jpsi->phi.f2(1270)_flattef2(1270)_flatte->pip.pim_total_0r": 1.9582073035282455,
  "Jpsi->phi.f2(1270)_flattef2(1270)_flatte->pip.pim_total_0i": 1.6269063952012406,
  "Jpsi->phi.f2(1270)_flatte_g_ls_0r": 1.0,
  "Jpsi->phi.f2(1270)_flatte_g_ls_0i": 0.0,
  "Jpsi->phi.f2(1270)_flatte_g_ls_1r": 1.9484092928376167,
  "Jpsi->phi.f2(1270)_flatte_g_ls_1i": 1.0459416975549098,
  "Jpsi->phi.f2(1270)_flatte_g_ls_2r": 1.7142419946833316,
  "Jpsi->phi.f2(1270)_flatte_g_ls_2i": -0.6267212136945561,
  "Jpsi->phi.f2(1270)_flatte_g_ls_3r": 1.970045887848737,
  "Jpsi->phi.f2(1270)_flatte_g_ls_3i": 2.1080658733190996,
  "Jpsi->phi.f2(1270)_flatte_g_ls_4r": 0.88429131137358,
  "Jpsi->phi.f2(1270)_flatte_g_ls_4i": -0.972910897409323,
  "f2(1270)_flatte->pip.pim_g_ls_0r": 1.0,
  "f2(1270)_flatte->pip.pim_g_ls_0i": 0.0,
  "Jpsi->phi.f0(1370)f0(1370)->pip.pim_total_0r": 0.7838851886415457,
  "Jpsi->phi.f0(1370)f0(1370)->pip.pim_total_0i": -1.3787810339472628,
  "Jpsi->phi.f0(1370)_g_ls_0r": 1.0,
  "Jpsi->phi.f0(1370)_g_ls_0i": 0.0,
  "Jpsi->phi.f0(1370)_g_ls_1r": 1.8378310818831176,
  "Jpsi->phi.f0(1370)_g_ls_1i": -1.5741042347430858,
  "f0(1370)->pip.pim_g_ls_0r": 1.0,
  "f0(1370)->pip.pim_g_ls_0i": 0.0,
  "Jpsi->phi.f0(1500)_flattef0(1500)_flatte->pip.pim_total_0r": 0.14787700748627852,
  "Jpsi->phi.f0(1500)_flattef0(1500)_flatte->pip.pim_total_0i": 2.4319418339282963,
  "Jpsi->phi.f0(1500)_flatte_g_ls_0r": 1.0,
  "Jpsi->phi.f0(1500)_flatte_g_ls_0i": 0.0,
  "Jpsi->phi.f0(1500)_flatte_g_ls_1r": 1.7760242049688952,
  "Jpsi->phi.f0(1500)_flatte_g_ls_1i": -0.5512851826770757,
  "f0(1500)_flatte->pip.pim_g_ls_0r": 1.0,
  "f0(1500)_flatte->pip.pim_g_ls_0i": 0.0,
  "Jpsi->phi.f0(1710)f0(1710)->pip.pim_total_0r": 1.0287064067328164,
  "Jpsi->phi.f0(1710)f0(1710)->pip.pim_total_0i": -3.126135650433972,
  "f0(1710)->pip.pim_g_ls_0r": 1.0,
  "f0(1710)->pip.pim_g_ls_0i": 0.0,
  "Jpsi->phi.f2(1430)f2(1430)->pip.pim_total_0r": 0.31476619863396715,
  "Jpsi->phi.f2(1430)f2(1430)->pip.pim_total_0i": -2.5812147624864026,
  "Jpsi->phi.f2(1430)_g_ls_0r": 1.0,
  "Jpsi->phi.f2(1430)_g_ls_0i": 0.0,
  "Jpsi->phi.f2(1430)_g_ls_1r": 1.2323310729427992,
  "Jpsi->phi.f2(1430)_g_ls_1i": -0.722351855059602,
  "Jpsi->phi.f2(1430)_g_ls_2r": 0.9058433980568257,
  "Jpsi->phi.f2(1430)_g_ls_2i": 1.1345253806884372,
  "Jpsi->phi.f2(1430)_g_ls_3r": 0.5976097883930951,
  "Jpsi->phi.f2(1430)_g_ls_3i": 3.0342804172039557,
  "Jpsi->phi.f2(1430)_g_ls_4r": 0.05599813763360917,
  "Jpsi->phi.f2(1430)_g_ls_4i": 1.9256824451757968,
  "f2(1430)->pip.pim_g_ls_0r": 1.0,
  "f2(1430)->pip.pim_g_ls_0i": 0.0,
  "Jpsi->phi.f2(2010)f2(2010)->pip.pim_total_0r": 0.030957676694418623,
  "Jpsi->phi.f2(2010)f2(2010)->pip.pim_total_0i": -2.3765520464597936,
  "Jpsi->phi.f2(2010)_g_ls_0r": 1.0,
  "Jpsi->phi.f2(2010)_g_ls_0i": 0.0,
  "Jpsi->phi.f2(2010)_g_ls_1r": 1.5220148662679351,
  "Jpsi->phi.f2(2010)_g_ls_1i": 0.7708243771379739,
  "Jpsi->phi.f2(2010)_g_ls_2r": 1.529466226894626,
  "Jpsi->phi.f2(2010)_g_ls_2i": -0.07068476379599664,
  "Jpsi->phi.f2(2010)_g_ls_3r": 1.7391255774154364,
  "Jpsi->phi.f2(2010)_g_ls_3i": 1.258951748548518,
  "Jpsi->phi.f2(2010)_g_ls_4r": 0.29218537249883036,
  "Jpsi->phi.f2(2010)_g_ls_4i": 3.139333352313459,
  "f2(2010)->pip.pim_g_ls_0r": 1.0,
  "f2(2010)->pip.pim_g_ls_0i": 0.0,
  "K1(1400)p_mass": 1.403,
  "K1(1400)p_width": 0.174,
  "K2(1820)p_mass": 1.819,
  "K2(1820)p_width": 0.264,
  "K2(1980)p_mass": 1.99,
  "K2(1980)p_width": 0.348,
  "K2(2250)p_mass": 2.247,
  "K2(2250)p_width": 0.18,
  "K3(2320)p_mass": 2.324,
  "K3(2320)p_width": 0.15,
  "K1(1400)m_mass": 1.403,
  "K1(1400)m_width": 0.174,
  "K2(1820)m_mass": 1.819,
  "K2(1820)m_width": 0.264,
  "K2(1980)m_mass": 1.99,
  "K2(1980)m_width": 0.348,
  "K3(2320)m_mass": 2.324,
  "K3(2320)m_width": 0.15,
  "f0(980)_flatte_mass": 0.965,
  "f0(980)_flatte_g_0": 0.31736866251638385,
  "f0(980)_flatte_g_1": 0.5518915953160428,
  "f2(1270)_mass": 1.2754,
  "f2(1270)_width": 0.1858,
  "f0(1500)_mass": 1.522,
  "f0(1500)_width": 0.108,
  "f2(1525)_mass": 1.5173,
  "f2(1525)_width": 0.072,
  "f2(1565)_mass": 1.571,
  "f2(1565)_width": 0.132,
  "f0(1710)_mass": 1.733,
  "f0(1710)_width": 0.15,
  "f2(1810)_mass": 1.815,
  "f2(1810)_width": 0.197,
  "Jpsi->K1(1400)p.kmK1(1400)p->phi.kp_total_0r": 1.0,
  "Jpsi->K1(1400)p.kmK1(1400)p->phi.kp_total_0i": 0.0,
  "Jpsi->K1(1400)p.km_g_ls_0r": 1.0,
  "Jpsi->K1(1400)p.km_g_ls_0i": 0.0,
  "Jpsi->K1(1400)p.km_g_ls_1r": 1.21397424805201,
  "Jpsi->K1(1400)p.km_g_ls_1i": -0.8033745424773202,
  "K1(1400)p->phi.kp_g_ls_0r": 1.0,
  "K1(1400)p->phi.kp_g_ls_0i": 0.0,
  "K1(1400)p->phi.kp_g_ls_1r": 1.0878465542218323,
  "K1(1400)p->phi.kp_g_ls_1i": 0.17092750717457728,
  "Jpsi->K2(1820)p.kmK2(1820)p->phi.kp_total_0r": 0.37672456494994133,
  "Jpsi->K2(1820)p.kmK2(1820)p->phi.kp_total_0i": -1.8955288103377006,
  "Jpsi->K2(1820)p.km_g_ls_0r": 1.0,
  "Jpsi->K2(1820)p.km_g_ls_0i": 0.0,
  "Jpsi->K2(1820)p.km_g_ls_1r": 0.0585890490870038,
  "Jpsi->K2(1820)p.km_g_ls_1i": 2.378493676649974,
  "K2(1820)p->phi.kp_g_ls_0r": 1.0,
  "K2(1820)p->phi.kp_g_ls_0i": 0.0,
  "K2(1820)p->phi.kp_g_ls_1r": 0.5691299376129892,
  "K2(1820)p->phi.kp_g_ls_1i": 0.4006503896694875,
  "Jpsi->K2(1980)p.kmK2(1980)p->phi.kp_total_0r": 0.3705644624234359,
  "Jpsi->K2(1980)p.kmK2(1980)p->phi.kp_total_0i": -0.02625328888404832,
  "Jpsi->K2(1980)p.km_g_ls_0r": 1.0,
  "Jpsi->K2(1980)p.km_g_ls_0i": 0.0,
  "K2(1980)p->phi.kp_g_ls_0r": 1.0,
  "K2(1980)p->phi.kp_g_ls_0i": 0.0,
  "Jpsi->K2(2250)p.kmK2(2250)p->phi.kp_total_0r": 1.2857782916304048,
  "Jpsi->K2(2250)p.kmK2(2250)p->phi.kp_total_0i": 0.10631991776631056,
  "Jpsi->K2(2250)p.km_g_ls_0r": 1.0,
  "Jpsi->K2(2250)p.km_g_ls_0i": 0.0,
  "Jpsi->K2(2250)p.km_g_ls_1r": 0.9203219841471157,
  "Jpsi->K2(2250)p.km_g_ls_1i": -2.9205811380675417,
  "K2(2250)p->phi.kp_g_ls_0r": 1.0,
  "K2(2250)p->phi.kp_g_ls_0i": 0.0,
  "K2(2250)p->phi.kp_g_ls_1r": 0.6670901676302385,
  "K2(2250)p->phi.kp_g_ls_1i": 2.6482374393575876,
  "Jpsi->K3(2320)p.kmK3(2320)p->phi.kp_total_0r": 0.737786762290165,
  "Jpsi->K3(2320)p.kmK3(2320)p->phi.kp_total_0i": -1.4881170144036193,
  "Jpsi->K3(2320)p.km_g_ls_0r": 1.0,
  "Jpsi->K3(2320)p.km_g_ls_0i": 0.0,
  "Jpsi->K3(2320)p.km_g_ls_1r": 0.19438770839821595,
  "Jpsi->K3(2320)p.km_g_ls_1i": -0.9604953971342423,
  "K3(2320)p->phi.kp_g_ls_0r": 1.0,
  "K3(2320)p->phi.kp_g_ls_0i": 0.0,
  "K3(2320)p->phi.kp_g_ls_1r": 0.019372307853568582,
  "K3(2320)p->phi.kp_g_ls_1i": 2.957593169806728,
  "Jpsi->K1(1400)m.kpK1(1400)m->phi.km_total_0r": 1.0,
  "Jpsi->K1(1400)m.kpK1(1400)m->phi.km_total_0i": 0.0,
  "Jpsi->K1(1400)m.kp_g_ls_0r": 1.0,
  "Jpsi->K1(1400)m.kp_g_ls_0i": 0.0,
  "Jpsi->K1(1400)m.kp_g_ls_1r": 1.21397424805201,
  "Jpsi->K1(1400)m.kp_g_ls_1i": -0.8033745424773202,
  "K1(1400)m->phi.km_g_ls_0r": 1.0,
  "K1(1400)m->phi.km_g_ls_0i": 0.0,
  "K1(1400)m->phi.km_g_ls_1r": 1.0878465542218323,
  "K1(1400)m->phi.km_g_ls_1i": 0.17092750717457728,
  "Jpsi->K2(1820)m.kpK2(1820)m->phi.km_total_0r": 0.37672456494994133,
  "Jpsi->K2(1820)m.kpK2(1820)m->phi.km_total_0i": -1.8955288103377006,
  "Jpsi->K2(1820)m.kp_g_ls_0r": 1.0,
  "Jpsi->K2(1820)m.kp_g_ls_0i": 0.0,
  "Jpsi->K2(1820)m.kp_g_ls_1r": 0.0585890490870038,
  "Jpsi->K2(1820)m.kp_g_ls_1i": 2.378493676649974,
  "K2(1820)m->phi.km_g_ls_0r": 1.0,
  "K2(1820)m->phi.km_g_ls_0i": 0.0,
  "K2(1820)m->phi.km_g_ls_1r": 0.5691299376129892,
  "K2(1820)m->phi.km_g_ls_1i": 0.4006503896694875,
  "Jpsi->K2(1980)m.kpK2(1980)m->phi.km_total_0r": 0.3705644624234359,
  "Jpsi->K2(1980)m.kpK2(1980)m->phi.km_total_0i": -0.02625328888404832,
  "Jpsi->K2(1980)m.kp_g_ls_0r": 1.0,
  "Jpsi->K2(1980)m.kp_g_ls_0i": 0.0,
  "K2(1980)m->phi.km_g_ls_0r": 1.0,
  "K2(1980)m->phi.km_g_ls_0i": 0.0,
  "Jpsi->K2(2250)p.kpK2(2250)p->phi.km_total_0r": 0.9485061394481247,
  "Jpsi->K2(2250)p.kpK2(2250)p->phi.km_total_0i": 1.634925830932903,
  "Jpsi->K2(2250)p.kp_g_ls_0r": 1.0,
  "Jpsi->K2(2250)p.kp_g_ls_0i": 0.0,
  "Jpsi->K2(2250)p.kp_g_ls_1r": 0.024879828290478745,
  "Jpsi->K2(2250)p.kp_g_ls_1i": 1.097040579667186,
  "K2(2250)p->phi.km_g_ls_0r": 1.0,
  "K2(2250)p->phi.km_g_ls_0i": 0.0,
  "K2(2250)p->phi.km_g_ls_1r": 0.13112541303661596,
  "K2(2250)p->phi.km_g_ls_1i": 2.0416249150145642,
  "Jpsi->K3(2320)m.kpK3(2320)m->phi.km_total_0r": 0.737786762290165,
  "Jpsi->K3(2320)m.kpK3(2320)m->phi.km_total_0i": -1.4881170144036193,
  "Jpsi->K3(2320)m.kp_g_ls_0r": 1.0,
  "Jpsi->K3(2320)m.kp_g_ls_0i": 0.0,
  "Jpsi->K3(2320)m.kp_g_ls_1r": 0.19438770839821595,
  "Jpsi->K3(2320)m.kp_g_ls_1i": -0.9604953971342423,
  "K3(2320)m->phi.km_g_ls_0r": 1.0,
  "K3(2320)m->phi.km_g_ls_0i": 0.0,
  "K3(2320)m->phi.km_g_ls_1r": 0.019372307853568582,
  "K3(2320)m->phi.km_g_ls_1i": 2.957593169806728,
  "Jpsi->phi.f0(980)_flattef0(980)_flatte->kp.km_total_0r": 0.2688335369210342,
  "Jpsi->phi.f0(980)_flattef0(980)_flatte->kp.km_total_0i": -2.4977272467526106,
  "Jpsi->phi.f0(980)_flatte_g_ls_0r": 1.0,
  "Jpsi->phi.f0(980)_flatte_g_ls_0i": 0.0,
  "Jpsi->phi.f0(980)_flatte_g_ls_1r": 0.25287505744486527,
  "Jpsi->phi.f0(980)_flatte_g_ls_1i": 0.2854509371466287,
  "f0(980)_flatte->kp.km_g_ls_0r": 1.0,
  "f0(980)_flatte->kp.km_g_ls_0i": 0.0,
  "Jpsi->phi.f2(1270)f2(1270)->kp.km_total_0r": 0.34257600638375063,
  "Jpsi->phi.f2(1270)f2(1270)->kp.km_total_0i": 1.499310421830426,
  "Jpsi->phi.f2(1270)_g_ls_0r": 1.0,
  "Jpsi->phi.f2(1270)_g_ls_0i": 0.0,
  "Jpsi->phi.f2(1270)_g_ls_1r": 1.7127339750130783,
  "Jpsi->phi.f2(1270)_g_ls_1i": -0.28044600748171966,
  "Jpsi->phi.f2(1270)_g_ls_2r": 0.46094788494230077,
  "Jpsi->phi.f2(1270)_g_ls_2i": -0.831511804904951,
  "Jpsi->phi.f2(1270)_g_ls_3r": 1.7392115473839818,
  "Jpsi->phi.f2(1270)_g_ls_3i": 0.4474355775126897,
  "Jpsi->phi.f2(1270)_g_ls_4r": 0.9904629417926776,
  "Jpsi->phi.f2(1270)_g_ls_4i": -1.5693133584074401,
  "f2(1270)->kp.km_g_ls_0r": 1.0,
  "f2(1270)->kp.km_g_ls_0i": 0.0,
  "Jpsi->phi.f0(1500)f0(1500)->kp.km_total_0r": 1.0257833308288906,
  "Jpsi->phi.f0(1500)f0(1500)->kp.km_total_0i": 2.1578418094764196,
  "Jpsi->phi.f0(1500)_g_ls_0r": 1.0,
  "Jpsi->phi.f0(1500)_g_ls_0i": 0.0,
  "Jpsi->phi.f0(1500)_g_ls_1r": 0.8948780392954347,
  "Jpsi->phi.f0(1500)_g_ls_1i": -1.8649604216530962,
  "f0(1500)->kp.km_g_ls_0r": 1.0,
  "f0(1500)->kp.km_g_ls_0i": 0.0,
  "Jpsi->phi.f2(1525)f2(1525)->kp.km_total_0r": 1.5203540108165732,
  "Jpsi->phi.f2(1525)f2(1525)->kp.km_total_0i": -1.8450944502816473,
  "Jpsi->phi.f2(1525)_g_ls_0r": 1.0,
  "Jpsi->phi.f2(1525)_g_ls_0i": 0.0,
  "Jpsi->phi.f2(1525)_g_ls_1r": 0.23743441300524992,
  "Jpsi->phi.f2(1525)_g_ls_1i": 0.3371782169030202,
  "Jpsi->phi.f2(1525)_g_ls_2r": 1.5288888548222728,
  "Jpsi->phi.f2(1525)_g_ls_2i": -1.3343867459784364,
  "Jpsi->phi.f2(1525)_g_ls_3r": 1.9874672955207182,
  "Jpsi->phi.f2(1525)_g_ls_3i": -1.843872142013348,
  "Jpsi->phi.f2(1525)_g_ls_4r": 1.703640014132136,
  "Jpsi->phi.f2(1525)_g_ls_4i": 2.9464826989555775,
  "f2(1525)->kp.km_g_ls_0r": 1.0,
  "f2(1525)->kp.km_g_ls_0i": 0.0,
  "Jpsi->phi.f2(1565)f2(1565)->kp.km_total_0r": 1.658518713875666,
  "Jpsi->phi.f2(1565)f2(1565)->kp.km_total_0i": -2.7668147743581364,
  "Jpsi->phi.f2(1565)_g_ls_0r": 1.0,
  "Jpsi->phi.f2(1565)_g_ls_0i": 0.0,
  "Jpsi->phi.f2(1565)_g_ls_1r": 0.9682463871869276,
  "Jpsi->phi.f2(1565)_g_ls_1i": -2.0288882821392358,
  "Jpsi->phi.f2(1565)_g_ls_2r": 1.6406139390027903,
  "Jpsi->phi.f2(1565)_g_ls_2i": -0.1168320882642293,
  "Jpsi->phi.f2(1565)_g_ls_3r": 0.41997236426423656,
  "Jpsi->phi.f2(1565)_g_ls_3i": -0.09552239812108887,
  "Jpsi->phi.f2(1565)_g_ls_4r": 0.5203283067496414,
  "Jpsi->phi.f2(1565)_g_ls_4i": 2.940569126506065,
  "f2(1565)->kp.km_g_ls_0r": 1.0,
  "f2(1565)->kp.km_g_ls_0i": 0.0,
  "Jpsi->phi.f0(1710)f0(1710)->kp.km_total_0r": 0.22295644153884453,
  "Jpsi->phi.f0(1710)f0(1710)->kp.km_total_0i": 0.1867592642147815,
  "Jpsi->phi.f0(1710)_g_ls_0r": 1.0,
  "Jpsi->phi.f0(1710)_g_ls_0i": 0.0,
  "Jpsi->phi.f0(1710)_g_ls_1r": 0.5372951005172966,
  "Jpsi->phi.f0(1710)_g_ls_1i": 1.9281165315425213,
  "f0(1710)->kp.km_g_ls_0r": 1.0,
  "f0(1710)->kp.km_g_ls_0i": 0.0,
  "Jpsi->phi.f2(1810)f2(1810)->kp.km_total_0r": 1.667440725248777,
  "Jpsi->phi.f2(1810)f2(1810)->kp.km_total_0i": 1.0994011955434395,
  "Jpsi->phi.f2(1810)_g_ls_0r": 1.0,
  "Jpsi->phi.f2(1810)_g_ls_0i": 0.0,
  "Jpsi->phi.f2(1810)_g_ls_1r": 0.542178269861231,
  "Jpsi->phi.f2(1810)_g_ls_1i": 2.471369799910586,
  "Jpsi->phi.f2(1810)_g_ls_2r": 1.9711728486972184,
  "Jpsi->phi.f2(1810)_g_ls_2i": -2.7835331421900604,
  "Jpsi->phi.f2(1810)_g_ls_3r": 0.5447382916593413,
  "Jpsi->phi.f2(1810)_g_ls_3i": -1.4393734575796515,
  "Jpsi->phi.f2(1810)_g_ls_4r": 1.1062461779237158,
  "Jpsi->phi.f2(1810)_g_ls_4i": 1.692483326526693,
  "f2(1810)->kp.km_g_ls_0r": 1.0,
  "f2(1810)->kp.km_g_ls_0i": 0.0
}
##boundary: 
   f0(1370)_mass 	 [1.2, 1.5]
   f0(1370)_width 	 [0.2, 0.5]
   f2(1430)_mass 	 [1.41, 1.48]
   f2(1430)_width 	 [0.031, 0.061]
   f2(2010)_mass 	 [1.935, 2.073]
   f2(2010)_width 	 [0.14, 0.268]
   f2(1270)_flatte_g_0 	 [0.0, None]
   f2(1270)_flatte_g_1 	 [0.0, None]
   f0(1370)_flatte_g_0 	 [0.0, None]
   f0(1370)_flatte_g_1 	 [0.0, None]
   f2(1430)_flatte_g_0 	 [0.0, None]
   f2(1430)_flatte_g_1 	 [0.0, None]
   f0(1500)_flatte_g_0 	 [0.0, None]
   f0(1500)_flatte_g_1 	 [0.0, None]
   f0(1525)_flatte_g_0 	 [0.0, None]
   f0(1525)_flatte_g_1 	 [0.0, None]
   f0(1565)_flatte_g_0 	 [0.0, None]
   f0(1565)_flatte_g_1 	 [0.0, None]
   f0(1710)_flatte_g_0 	 [0.0, None]
   f0(1710)_flatte_g_1 	 [0.0, None]
   K1(1400)p_mass 	 [1.393, 1.413]
   K1(1400)p_width 	 [0.161, 0.187]
   K2(1820)p_mass 	 [1.807, 1.831]
   K2(1820)p_width 	 [0.232, 0.298]
   K2(1980)p_mass 	 [1.94, 2.05]
   K2(1980)p_width 	 [0.318, 0.398]
   K2(2250)p_mass 	 [2.23, 2.264]
   K2(2250)p_width 	 [0.15, 0.21]
   K3(2320)p_mass 	 [2.3, 2.348]
   K3(2320)p_width 	 [0.12, 0.18]
   K1(1400)m_mass 	 [1.393, 1.413]
   K1(1400)m_width 	 [0.161, 0.187]
   K2(1820)m_mass 	 [1.807, 1.831]
   K2(1820)m_width 	 [0.232, 0.298]
   K2(1980)m_mass 	 [1.94, 2.05]
   K2(1980)m_width 	 [0.318, 0.398]
   K3(2320)m_mass 	 [2.3, 2.348]
   K3(2320)m_width 	 [0.12, 0.18]
   f2(1270)_mass 	 [1.2746, 1.2762]
   f2(1270)_width 	 [0.18, 0.19]
   f0(1500)_mass 	 [1.497, 1.547]
   f0(1500)_width 	 [0.075, 0.141]
   f2(1525)_mass 	 [1.5149, 1.5197]
   f2(1525)_width 	 [0.066, 0.079]
   f2(1565)_mass 	 [1.558, 1.584]
   f2(1565)_width 	 [0.109, 0.155]
   f0(1710)_mass 	 [1.726, 1.741]
   f0(1710)_width 	 [0.14, 0.162]
   f2(1810)_mass 	 [1.803, 1.827]
   f2(1810)_width 	 [0.175, 0.219]
   f0(980)_flatte_g_0 	 [0.0, None]
   f0(980)_flatte_g_1 	 [0.0, None]
nll_grad  cost time: 7.168928623199463
nll_grad  cost time: 10.61706018447876
tf.Tensor(268.2895559205208, shape=(), dtype=float64)
nll_grad  cost time: 3.0603549480438232
tf.Tensor(114.84622203554318, shape=(), dtype=float64)
nll_grad  cost time: 2.9356963634490967
nll_grad  cost time: 2.9889273643493652
tf.Tensor(-1187.0825135727937, shape=(), dtype=float64)
nll_grad  cost time: 3.0932838916778564
tf.Tensor(-3342.478396793711, shape=(), dtype=float64)
nll_grad  cost time: 2.9538609981536865
tf.Tensor(-5275.959287260201, shape=(), dtype=float64)
nll_grad  cost time: 2.981670618057251
tf.Tensor(-6367.953328877236, shape=(), dtype=float64)
nll_grad  cost time: 2.914354085922241
tf.Tensor(-6631.580270191422, shape=(), dtype=float64)
nll_grad  cost time: 2.889805793762207
tf.Tensor(-7086.425278185314, shape=(), dtype=float64)
nll_grad  cost time: 2.9609975814819336
tf.Tensor(-7862.486510980627, shape=(), dtype=float64)
nll_grad  cost time: 3.0475220680236816
nll_grad  cost time: 2.867877960205078
tf.Tensor(-8429.513916342796, shape=(), dtype=float64)
nll_grad  cost time: 2.9767048358917236
nll_grad  cost time: 3.017202138900757
tf.Tensor(-8573.056980160749, shape=(), dtype=float64)
nll_grad  cost time: 3.030397415161133
tf.Tensor(-8590.996847563176, shape=(), dtype=float64)
nll_grad  cost time: 3.1598429679870605
tf.Tensor(-8623.959799012227, shape=(), dtype=float64)
nll_grad  cost time: 3.1383056640625
tf.Tensor(-8680.744108153784, shape=(), dtype=float64)
nll_grad  cost time: 3.0890467166900635
tf.Tensor(-8763.20384914089, shape=(), dtype=float64)
nll_grad  cost time: 3.0693554878234863
tf.Tensor(-8906.367155559434, shape=(), dtype=float64)
nll_grad  cost time: 3.1029694080352783
tf.Tensor(-9042.548468966474, shape=(), dtype=float64)
nll_grad  cost time: 3.1786394119262695
tf.Tensor(-9209.511507896328, shape=(), dtype=float64)
nll_grad  cost time: 2.957411766052246
nll_grad  cost time: 2.867159605026245
tf.Tensor(-9282.98386875933, shape=(), dtype=float64)
nll_grad  cost time: 2.8626315593719482
tf.Tensor(-9304.589191125575, shape=(), dtype=float64)
nll_grad  cost time: 2.861987590789795
tf.Tensor(-9339.813328588425, shape=(), dtype=float64)
nll_grad  cost time: 2.9660415649414062
tf.Tensor(-9393.58233330636, shape=(), dtype=float64)
nll_grad  cost time: 2.9431488513946533
tf.Tensor(-9435.15198723675, shape=(), dtype=float64)
nll_grad  cost time: 2.995107650756836
tf.Tensor(-9505.048692550656, shape=(), dtype=float64)
nll_grad  cost time: 2.8543269634246826
tf.Tensor(-9597.435558496378, shape=(), dtype=float64)
nll_grad  cost time: 2.96053409576416
nll_grad  cost time: 2.8904786109924316
tf.Tensor(-9642.191984755496, shape=(), dtype=float64)
nll_grad  cost time: 3.0101962089538574
tf.Tensor(-9701.75249517642, shape=(), dtype=float64)
nll_grad  cost time: 2.91457200050354
tf.Tensor(-9721.058860260659, shape=(), dtype=float64)
nll_grad  cost time: 2.9723753929138184
tf.Tensor(-9749.872350823483, shape=(), dtype=float64)
nll_grad  cost time: 2.9705111980438232
tf.Tensor(-9789.390585618945, shape=(), dtype=float64)
nll_grad  cost time: 3.076493978500366
tf.Tensor(-9819.336712766933, shape=(), dtype=float64)
nll_grad  cost time: 2.993943929672241
tf.Tensor(-9846.293661294942, shape=(), dtype=float64)
nll_grad  cost time: 3.040198802947998
tf.Tensor(-9873.034654653908, shape=(), dtype=float64)
nll_grad  cost time: 3.045558452606201
tf.Tensor(-9896.169118575592, shape=(), dtype=float64)
nll_grad  cost time: 3.1191787719726562
tf.Tensor(-9917.927627281802, shape=(), dtype=float64)
nll_grad  cost time: 3.1996803283691406
tf.Tensor(-9943.36365973654, shape=(), dtype=float64)
nll_grad  cost time: 3.0262997150421143
tf.Tensor(-9959.852524521215, shape=(), dtype=float64)
nll_grad  cost time: 3.201215982437134
tf.Tensor(-9976.38623420264, shape=(), dtype=float64)
nll_grad  cost time: 3.0377445220947266
tf.Tensor(-9993.10666418355, shape=(), dtype=float64)
nll_grad  cost time: 3.266085147857666
tf.Tensor(-10011.501560559918, shape=(), dtype=float64)
nll_grad  cost time: 2.9424023628234863
tf.Tensor(-10033.50667136311, shape=(), dtype=float64)
nll_grad  cost time: 2.9773974418640137
tf.Tensor(-10061.692724480832, shape=(), dtype=float64)
nll_grad  cost time: 2.972529172897339
tf.Tensor(-10076.054570580687, shape=(), dtype=float64)
nll_grad  cost time: 2.9207887649536133
tf.Tensor(-10086.54952806767, shape=(), dtype=float64)
nll_grad  cost time: 3.0126161575317383
tf.Tensor(-10099.971647619386, shape=(), dtype=float64)
nll_grad  cost time: 2.985236644744873
tf.Tensor(-10113.06466114911, shape=(), dtype=float64)
nll_grad  cost time: 2.9153590202331543
tf.Tensor(-10125.742981736374, shape=(), dtype=float64)
nll_grad  cost time: 2.8386173248291016
tf.Tensor(-10140.014223685968, shape=(), dtype=float64)
nll_grad  cost time: 2.9595093727111816
tf.Tensor(-10151.328876818967, shape=(), dtype=float64)
nll_grad  cost time: 2.9623513221740723
tf.Tensor(-10164.120918677567, shape=(), dtype=float64)
nll_grad  cost time: 3.082498073577881
tf.Tensor(-10172.978217040174, shape=(), dtype=float64)
nll_grad  cost time: 3.0194172859191895
tf.Tensor(-10180.725076119139, shape=(), dtype=float64)
nll_grad  cost time: 3.028193712234497
tf.Tensor(-10185.387478815712, shape=(), dtype=float64)
nll_grad  cost time: 3.07486891746521
tf.Tensor(-10192.704628654334, shape=(), dtype=float64)
nll_grad  cost time: 3.134507179260254
tf.Tensor(-10201.624410650053, shape=(), dtype=float64)
nll_grad  cost time: 3.084592580795288
tf.Tensor(-10213.529985015499, shape=(), dtype=float64)
nll_grad  cost time: 2.9890315532684326
tf.Tensor(-10228.590353291234, shape=(), dtype=float64)
nll_grad  cost time: 3.0599262714385986
tf.Tensor(-10239.758633394566, shape=(), dtype=float64)
nll_grad  cost time: 3.112334966659546
tf.Tensor(-10250.89095351244, shape=(), dtype=float64)
nll_grad  cost time: 3.063804864883423
tf.Tensor(-10264.75185705247, shape=(), dtype=float64)
nll_grad  cost time: 2.9105396270751953
nll_grad  cost time: 2.9394843578338623
tf.Tensor(-10272.861412167069, shape=(), dtype=float64)
nll_grad  cost time: 2.930283784866333
tf.Tensor(-10281.473807497998, shape=(), dtype=float64)
nll_grad  cost time: 3.1134140491485596
tf.Tensor(-10290.794125726417, shape=(), dtype=float64)
nll_grad  cost time: 3.0528178215026855
tf.Tensor(-10303.19701407454, shape=(), dtype=float64)
nll_grad  cost time: 3.0243115425109863
tf.Tensor(-10310.42124389486, shape=(), dtype=float64)
nll_grad  cost time: 3.0205790996551514
tf.Tensor(-10317.360270551726, shape=(), dtype=float64)
nll_grad  cost time: 3.0821876525878906
tf.Tensor(-10325.822778835296, shape=(), dtype=float64)
nll_grad  cost time: 2.9800643920898438
tf.Tensor(-10336.881634732199, shape=(), dtype=float64)
nll_grad  cost time: 2.9755520820617676
nll_grad  cost time: 3.0491552352905273
tf.Tensor(-10342.960755559092, shape=(), dtype=float64)
nll_grad  cost time: 2.905255079269409
tf.Tensor(-10350.923647241201, shape=(), dtype=float64)
nll_grad  cost time: 2.891019344329834
tf.Tensor(-10357.513003345302, shape=(), dtype=float64)
nll_grad  cost time: 2.8828415870666504
tf.Tensor(-10364.939865347696, shape=(), dtype=float64)
nll_grad  cost time: 2.9730653762817383
tf.Tensor(-10373.692361144218, shape=(), dtype=float64)
nll_grad  cost time: 2.9643516540527344
tf.Tensor(-10383.973625072656, shape=(), dtype=float64)
nll_grad  cost time: 2.945176839828491
tf.Tensor(-10391.190961930537, shape=(), dtype=float64)
nll_grad  cost time: 2.958217144012451
tf.Tensor(-10397.231774205124, shape=(), dtype=float64)
nll_grad  cost time: 2.9736499786376953
tf.Tensor(-10404.00636510126, shape=(), dtype=float64)
nll_grad  cost time: 2.944509744644165
tf.Tensor(-10410.945692862195, shape=(), dtype=float64)
nll_grad  cost time: 2.9669384956359863
tf.Tensor(-10415.230838215793, shape=(), dtype=float64)
nll_grad  cost time: 2.9086508750915527
tf.Tensor(-10420.27186437197, shape=(), dtype=float64)
nll_grad  cost time: 2.8679773807525635
tf.Tensor(-10427.331315490854, shape=(), dtype=float64)
nll_grad  cost time: 2.9429383277893066
tf.Tensor(-10433.423485421372, shape=(), dtype=float64)
nll_grad  cost time: 3.022578477859497
tf.Tensor(-10440.246699823969, shape=(), dtype=float64)
nll_grad  cost time: 2.999910593032837
tf.Tensor(-10443.876301853554, shape=(), dtype=float64)
nll_grad  cost time: 3.0019330978393555
tf.Tensor(-10448.537544132545, shape=(), dtype=float64)
nll_grad  cost time: 3.050726890563965
tf.Tensor(-10453.341125268882, shape=(), dtype=float64)
nll_grad  cost time: 3.09782075881958
tf.Tensor(-10458.949633943528, shape=(), dtype=float64)
nll_grad  cost time: 2.9532010555267334
tf.Tensor(-10465.668974960412, shape=(), dtype=float64)
nll_grad  cost time: 3.126884698867798
tf.Tensor(-10472.264251735323, shape=(), dtype=float64)
nll_grad  cost time: 2.9594006538391113
tf.Tensor(-10480.747693390134, shape=(), dtype=float64)
nll_grad  cost time: 3.041412591934204
nll_grad  cost time: 2.8607959747314453
tf.Tensor(-10484.863518501108, shape=(), dtype=float64)
nll_grad  cost time: 2.9678328037261963
tf.Tensor(-10488.53824360104, shape=(), dtype=float64)
nll_grad  cost time: 2.991722583770752
tf.Tensor(-10491.585577737918, shape=(), dtype=float64)
nll_grad  cost time: 2.9020581245422363
tf.Tensor(-10494.833719036804, shape=(), dtype=float64)
nll_grad  cost time: 2.846527576446533
tf.Tensor(-10499.373478195601, shape=(), dtype=float64)
nll_grad  cost time: 3.002937078475952
tf.Tensor(-10505.251392319056, shape=(), dtype=float64)
nll_grad  cost time: 2.981207847595215
tf.Tensor(-10510.312377584181, shape=(), dtype=float64)
nll_grad  cost time: 2.9439680576324463
tf.Tensor(-10513.358936025048, shape=(), dtype=float64)
nll_grad  cost time: 2.9673891067504883
tf.Tensor(-10518.035790766473, shape=(), dtype=float64)
nll_grad  cost time: 2.9369359016418457
tf.Tensor(-10524.133463480423, shape=(), dtype=float64)
nll_grad  cost time: 2.804370164871216
tf.Tensor(-10528.617235709884, shape=(), dtype=float64)
nll_grad  cost time: 3.0052595138549805
tf.Tensor(-10533.322810315847, shape=(), dtype=float64)
nll_grad  cost time: 3.09069561958313
tf.Tensor(-10537.863279681915, shape=(), dtype=float64)
nll_grad  cost time: 2.9086337089538574
tf.Tensor(-10540.931241153303, shape=(), dtype=float64)
nll_grad  cost time: 2.9526426792144775
tf.Tensor(-10543.718617364335, shape=(), dtype=float64)
nll_grad  cost time: 2.98630952835083
tf.Tensor(-10546.429703683163, shape=(), dtype=float64)
nll_grad  cost time: 2.904249429702759
tf.Tensor(-10547.86832016374, shape=(), dtype=float64)
nll_grad  cost time: 3.094593048095703
tf.Tensor(-10550.084702414337, shape=(), dtype=float64)
nll_grad  cost time: 2.983213186264038
tf.Tensor(-10552.81249006481, shape=(), dtype=float64)
nll_grad  cost time: 2.947686195373535
tf.Tensor(-10555.439656042552, shape=(), dtype=float64)
nll_grad  cost time: 3.048743963241577
tf.Tensor(-10557.360098014957, shape=(), dtype=float64)
nll_grad  cost time: 3.02563738822937
tf.Tensor(-10559.483845557545, shape=(), dtype=float64)
nll_grad  cost time: 3.0798590183258057
tf.Tensor(-10562.24820085182, shape=(), dtype=float64)
nll_grad  cost time: 2.9680755138397217
tf.Tensor(-10563.513788892044, shape=(), dtype=float64)
nll_grad  cost time: 3.0682427883148193
tf.Tensor(-10565.200129275407, shape=(), dtype=float64)
nll_grad  cost time: 3.015239715576172
tf.Tensor(-10567.449904137553, shape=(), dtype=float64)
nll_grad  cost time: 3.0237412452697754
tf.Tensor(-10570.041600467703, shape=(), dtype=float64)
nll_grad  cost time: 2.89675235748291
tf.Tensor(-10572.248348044981, shape=(), dtype=float64)
nll_grad  cost time: 2.9635097980499268
tf.Tensor(-10574.982868736282, shape=(), dtype=float64)
nll_grad  cost time: 2.9887845516204834
tf.Tensor(-10578.725307689092, shape=(), dtype=float64)
nll_grad  cost time: 3.0165932178497314
tf.Tensor(-10582.182208230108, shape=(), dtype=float64)
nll_grad  cost time: 2.944791793823242
tf.Tensor(-10585.977083631347, shape=(), dtype=float64)
nll_grad  cost time: 2.937335729598999
tf.Tensor(-10588.67184433034, shape=(), dtype=float64)
nll_grad  cost time: 2.8822567462921143
tf.Tensor(-10591.259947834296, shape=(), dtype=float64)
nll_grad  cost time: 2.9032480716705322
tf.Tensor(-10594.045228019124, shape=(), dtype=float64)
nll_grad  cost time: 2.949921131134033
tf.Tensor(-10597.450279424891, shape=(), dtype=float64)
nll_grad  cost time: 2.883321762084961
tf.Tensor(-10600.760633933583, shape=(), dtype=float64)
nll_grad  cost time: 3.0993402004241943
tf.Tensor(-10603.917414119009, shape=(), dtype=float64)
nll_grad  cost time: 3.0345990657806396
tf.Tensor(-10608.885767557156, shape=(), dtype=float64)
nll_grad  cost time: 2.9888408184051514
tf.Tensor(-10613.959520769291, shape=(), dtype=float64)
nll_grad  cost time: 2.9674179553985596
tf.Tensor(-10617.868582622985, shape=(), dtype=float64)
nll_grad  cost time: 2.9363536834716797
tf.Tensor(-10622.790853132465, shape=(), dtype=float64)
nll_grad  cost time: 3.0953450202941895
tf.Tensor(-10628.746413626694, shape=(), dtype=float64)
nll_grad  cost time: 2.9310646057128906
tf.Tensor(-10634.67802038863, shape=(), dtype=float64)
nll_grad  cost time: 2.922743797302246
tf.Tensor(-10638.288446507875, shape=(), dtype=float64)
nll_grad  cost time: 2.9613471031188965
tf.Tensor(-10642.376766863483, shape=(), dtype=float64)
nll_grad  cost time: 2.931915044784546
tf.Tensor(-10646.248547106115, shape=(), dtype=float64)
nll_grad  cost time: 2.871600866317749
tf.Tensor(-10648.793466005038, shape=(), dtype=float64)
nll_grad  cost time: 2.9425606727600098
tf.Tensor(-10652.742187932163, shape=(), dtype=float64)
nll_grad  cost time: 2.9054112434387207
tf.Tensor(-10656.119803457681, shape=(), dtype=float64)
nll_grad  cost time: 2.898383378982544
tf.Tensor(-10660.119889136971, shape=(), dtype=float64)
nll_grad  cost time: 2.8887548446655273
tf.Tensor(-10664.364845764394, shape=(), dtype=float64)
nll_grad  cost time: 2.9472508430480957
tf.Tensor(-10666.290700819955, shape=(), dtype=float64)
nll_grad  cost time: 2.843146800994873
tf.Tensor(-10668.85626859514, shape=(), dtype=float64)
nll_grad  cost time: 2.83203387260437
tf.Tensor(-10672.764495258903, shape=(), dtype=float64)
nll_grad  cost time: 2.9587197303771973
tf.Tensor(-10675.478664713664, shape=(), dtype=float64)
nll_grad  cost time: 3.0567739009857178
tf.Tensor(-10678.983585579226, shape=(), dtype=float64)
nll_grad  cost time: 3.0019028186798096
tf.Tensor(-10681.700100255686, shape=(), dtype=float64)
nll_grad  cost time: 3.1775832176208496
tf.Tensor(-10682.97718255053, shape=(), dtype=float64)
nll_grad  cost time: 2.9714908599853516
tf.Tensor(-10685.117750473037, shape=(), dtype=float64)
nll_grad  cost time: 2.8845834732055664
tf.Tensor(-10687.876755307821, shape=(), dtype=float64)
nll_grad  cost time: 2.9133031368255615
tf.Tensor(-10691.552267835075, shape=(), dtype=float64)
nll_grad  cost time: 2.9439783096313477
nll_grad  cost time: 2.8399159908294678
tf.Tensor(-10693.034960963254, shape=(), dtype=float64)
nll_grad  cost time: 2.940304756164551
tf.Tensor(-10694.05797668409, shape=(), dtype=float64)
nll_grad  cost time: 3.0271575450897217
tf.Tensor(-10695.616436696619, shape=(), dtype=float64)
nll_grad  cost time: 3.097888708114624
tf.Tensor(-10697.009884725376, shape=(), dtype=float64)
nll_grad  cost time: 2.916438102722168
tf.Tensor(-10698.374547383544, shape=(), dtype=float64)
nll_grad  cost time: 2.934518814086914
tf.Tensor(-10698.61029229367, shape=(), dtype=float64)
nll_grad  cost time: 2.959559202194214
tf.Tensor(-10699.048636766136, shape=(), dtype=float64)
nll_grad  cost time: 2.8719193935394287
tf.Tensor(-10699.825714177976, shape=(), dtype=float64)
nll_grad  cost time: 2.94114089012146
tf.Tensor(-10701.136590862363, shape=(), dtype=float64)
nll_grad  cost time: 2.905381917953491
tf.Tensor(-10703.056355221066, shape=(), dtype=float64)
nll_grad  cost time: 2.9483120441436768
tf.Tensor(-10704.871865343943, shape=(), dtype=float64)
nll_grad  cost time: 2.8382568359375
tf.Tensor(-10706.185763874462, shape=(), dtype=float64)
nll_grad  cost time: 2.89601993560791
tf.Tensor(-10707.419320957088, shape=(), dtype=float64)
nll_grad  cost time: 2.9110119342803955
tf.Tensor(-10708.922592507828, shape=(), dtype=float64)
nll_grad  cost time: 2.840902090072632
tf.Tensor(-10710.357822648308, shape=(), dtype=float64)
nll_grad  cost time: 3.0540266036987305
tf.Tensor(-10711.269980791374, shape=(), dtype=float64)
nll_grad  cost time: 2.9567155838012695
tf.Tensor(-10712.215356404995, shape=(), dtype=float64)
nll_grad  cost time: 2.9713399410247803
tf.Tensor(-10712.87861160031, shape=(), dtype=float64)
nll_grad  cost time: 2.887871742248535
tf.Tensor(-10713.383884159899, shape=(), dtype=float64)
nll_grad  cost time: 2.931297540664673
tf.Tensor(-10714.109936440851, shape=(), dtype=float64)
nll_grad  cost time: 2.9744083881378174
tf.Tensor(-10714.979153838292, shape=(), dtype=float64)
nll_grad  cost time: 2.935056209564209
tf.Tensor(-10715.738087531849, shape=(), dtype=float64)
nll_grad  cost time: 2.8909778594970703
tf.Tensor(-10716.377814820691, shape=(), dtype=float64)
nll_grad  cost time: 2.861564874649048
tf.Tensor(-10716.913434884642, shape=(), dtype=float64)
nll_grad  cost time: 2.8720126152038574
tf.Tensor(-10717.504185830869, shape=(), dtype=float64)
nll_grad  cost time: 2.885483980178833
tf.Tensor(-10718.001276169285, shape=(), dtype=float64)
nll_grad  cost time: 2.8300490379333496
tf.Tensor(-10718.54785466331, shape=(), dtype=float64)
nll_grad  cost time: 2.799828290939331
tf.Tensor(-10719.12415600985, shape=(), dtype=float64)
nll_grad  cost time: 2.8212499618530273
tf.Tensor(-10719.759593739545, shape=(), dtype=float64)
nll_grad  cost time: 2.8172237873077393
tf.Tensor(-10720.339215535088, shape=(), dtype=float64)
nll_grad  cost time: 2.9181785583496094
tf.Tensor(-10721.069682251378, shape=(), dtype=float64)
nll_grad  cost time: 2.8492929935455322
tf.Tensor(-10721.915328021285, shape=(), dtype=float64)
nll_grad  cost time: 2.95383620262146
tf.Tensor(-10722.667704173968, shape=(), dtype=float64)
nll_grad  cost time: 2.922213315963745
tf.Tensor(-10723.294507576298, shape=(), dtype=float64)
nll_grad  cost time: 2.895576000213623
tf.Tensor(-10723.991268112273, shape=(), dtype=float64)
nll_grad  cost time: 2.919008731842041
tf.Tensor(-10724.93720508724, shape=(), dtype=float64)
nll_grad  cost time: 3.2586984634399414
tf.Tensor(-10725.952510282492, shape=(), dtype=float64)
nll_grad  cost time: 2.9312756061553955
tf.Tensor(-10726.925947301337, shape=(), dtype=float64)
nll_grad  cost time: 2.9892466068267822
tf.Tensor(-10728.194550153465, shape=(), dtype=float64)
nll_grad  cost time: 3.043046712875366
tf.Tensor(-10730.107348132246, shape=(), dtype=float64)
nll_grad  cost time: 2.944230794906616
tf.Tensor(-10732.127539447509, shape=(), dtype=float64)
nll_grad  cost time: 2.940981864929199
tf.Tensor(-10733.160439765503, shape=(), dtype=float64)
nll_grad  cost time: 2.8860507011413574
tf.Tensor(-10734.546528522274, shape=(), dtype=float64)
nll_grad  cost time: 2.884657621383667
tf.Tensor(-10736.166882676349, shape=(), dtype=float64)
nll_grad  cost time: 3.2113711833953857
tf.Tensor(-10737.646599913183, shape=(), dtype=float64)
nll_grad  cost time: 2.9116382598876953
tf.Tensor(-10738.489922201894, shape=(), dtype=float64)
nll_grad  cost time: 2.8900020122528076
tf.Tensor(-10739.790597501735, shape=(), dtype=float64)
nll_grad  cost time: 2.899129867553711
tf.Tensor(-10741.040831195533, shape=(), dtype=float64)
nll_grad  cost time: 2.8488707542419434
tf.Tensor(-10741.993568377293, shape=(), dtype=float64)
nll_grad  cost time: 2.8616299629211426
tf.Tensor(-10742.942841524971, shape=(), dtype=float64)
nll_grad  cost time: 2.9549081325531006
tf.Tensor(-10743.883641385284, shape=(), dtype=float64)
nll_grad  cost time: 2.829387664794922
tf.Tensor(-10744.89859716771, shape=(), dtype=float64)
nll_grad  cost time: 2.833653450012207
tf.Tensor(-10745.892460861469, shape=(), dtype=float64)
nll_grad  cost time: 2.7915384769439697
tf.Tensor(-10746.481765089484, shape=(), dtype=float64)
nll_grad  cost time: 2.840319871902466
tf.Tensor(-10747.34213570277, shape=(), dtype=float64)
nll_grad  cost time: 2.8796608448028564
tf.Tensor(-10748.247360320507, shape=(), dtype=float64)
nll_grad  cost time: 2.9519031047821045
tf.Tensor(-10748.817767475884, shape=(), dtype=float64)
nll_grad  cost time: 2.9038500785827637
tf.Tensor(-10749.467122939888, shape=(), dtype=float64)
nll_grad  cost time: 2.8230209350585938
tf.Tensor(-10750.084752680195, shape=(), dtype=float64)
nll_grad  cost time: 2.8536739349365234
tf.Tensor(-10750.424323178544, shape=(), dtype=float64)
nll_grad  cost time: 2.8517141342163086
tf.Tensor(-10750.97881247109, shape=(), dtype=float64)
nll_grad  cost time: 2.8734042644500732
tf.Tensor(-10751.791207742768, shape=(), dtype=float64)
nll_grad  cost time: 2.784425973892212
tf.Tensor(-10752.549039146186, shape=(), dtype=float64)
nll_grad  cost time: 2.81727933883667
tf.Tensor(-10753.269493471242, shape=(), dtype=float64)
nll_grad  cost time: 2.861011505126953
tf.Tensor(-10753.908319827831, shape=(), dtype=float64)
nll_grad  cost time: 2.8216588497161865
tf.Tensor(-10754.462261809807, shape=(), dtype=float64)
nll_grad  cost time: 2.8110485076904297
tf.Tensor(-10754.98496808773, shape=(), dtype=float64)
nll_grad  cost time: 2.782155990600586
tf.Tensor(-10755.49496613173, shape=(), dtype=float64)
nll_grad  cost time: 2.7966270446777344
tf.Tensor(-10756.046027677912, shape=(), dtype=float64)
nll_grad  cost time: 2.868339776992798
tf.Tensor(-10756.609105945347, shape=(), dtype=float64)
nll_grad  cost time: 2.907334804534912
tf.Tensor(-10756.977631734051, shape=(), dtype=float64)
nll_grad  cost time: 2.962894916534424
tf.Tensor(-10757.384545693902, shape=(), dtype=float64)
nll_grad  cost time: 2.865590810775757
tf.Tensor(-10757.709248118757, shape=(), dtype=float64)
nll_grad  cost time: 2.859544038772583
tf.Tensor(-10758.089471688618, shape=(), dtype=float64)
nll_grad  cost time: 2.9818081855773926
tf.Tensor(-10758.533050635604, shape=(), dtype=float64)
nll_grad  cost time: 2.9172215461730957
tf.Tensor(-10758.921038550601, shape=(), dtype=float64)
nll_grad  cost time: 2.865633964538574
tf.Tensor(-10759.282835401049, shape=(), dtype=float64)
nll_grad  cost time: 3.032778263092041
tf.Tensor(-10759.65888298909, shape=(), dtype=float64)
nll_grad  cost time: 2.8702239990234375
tf.Tensor(-10759.98848791029, shape=(), dtype=float64)
nll_grad  cost time: 2.8597028255462646
tf.Tensor(-10760.370743885527, shape=(), dtype=float64)
nll_grad  cost time: 2.8962762355804443
tf.Tensor(-10760.689152840896, shape=(), dtype=float64)
nll_grad  cost time: 2.926974058151245
tf.Tensor(-10761.044898890701, shape=(), dtype=float64)
nll_grad  cost time: 2.8844990730285645
tf.Tensor(-10761.442790104244, shape=(), dtype=float64)
nll_grad  cost time: 2.8440263271331787
tf.Tensor(-10761.79769707386, shape=(), dtype=float64)
nll_grad  cost time: 2.816868305206299
tf.Tensor(-10762.003117149136, shape=(), dtype=float64)
nll_grad  cost time: 2.9250237941741943
tf.Tensor(-10762.320059811515, shape=(), dtype=float64)
nll_grad  cost time: 2.8666558265686035
tf.Tensor(-10762.704909589484, shape=(), dtype=float64)
nll_grad  cost time: 2.967555046081543
tf.Tensor(-10762.901808650102, shape=(), dtype=float64)
nll_grad  cost time: 2.9380979537963867
tf.Tensor(-10763.053546554554, shape=(), dtype=float64)
nll_grad  cost time: 2.941469192504883
tf.Tensor(-10763.211056759326, shape=(), dtype=float64)
nll_grad  cost time: 2.953413963317871
tf.Tensor(-10763.33318316444, shape=(), dtype=float64)
nll_grad  cost time: 2.90421986579895
tf.Tensor(-10763.469891389941, shape=(), dtype=float64)
nll_grad  cost time: 3.055774450302124
tf.Tensor(-10763.585527170122, shape=(), dtype=float64)
nll_grad  cost time: 3.0181665420532227
tf.Tensor(-10763.702571433118, shape=(), dtype=float64)
nll_grad  cost time: 2.971548318862915
tf.Tensor(-10763.834959846274, shape=(), dtype=float64)
nll_grad  cost time: 2.8974523544311523
tf.Tensor(-10764.00176963061, shape=(), dtype=float64)
nll_grad  cost time: 2.822413682937622
tf.Tensor(-10764.219433306054, shape=(), dtype=float64)
nll_grad  cost time: 3.035983085632324
tf.Tensor(-10764.378366355173, shape=(), dtype=float64)
nll_grad  cost time: 3.000511884689331
tf.Tensor(-10764.530171880804, shape=(), dtype=float64)
nll_grad  cost time: 3.0109448432922363
tf.Tensor(-10764.715402157395, shape=(), dtype=float64)
nll_grad  cost time: 2.9238853454589844
tf.Tensor(-10764.946589476094, shape=(), dtype=float64)
nll_grad  cost time: 2.9744486808776855
tf.Tensor(-10765.121563982757, shape=(), dtype=float64)
nll_grad  cost time: 3.089275598526001
tf.Tensor(-10765.2651294085, shape=(), dtype=float64)
nll_grad  cost time: 2.9789621829986572
tf.Tensor(-10765.40488488254, shape=(), dtype=float64)
nll_grad  cost time: 2.907266139984131
tf.Tensor(-10765.51715449932, shape=(), dtype=float64)
nll_grad  cost time: 2.9388442039489746
tf.Tensor(-10765.658389040393, shape=(), dtype=float64)
nll_grad  cost time: 2.94450044631958
tf.Tensor(-10765.829415774271, shape=(), dtype=float64)
nll_grad  cost time: 2.9673397541046143
tf.Tensor(-10765.97435053411, shape=(), dtype=float64)
nll_grad  cost time: 2.955486297607422
tf.Tensor(-10766.087699843258, shape=(), dtype=float64)
nll_grad  cost time: 2.9551174640655518
tf.Tensor(-10766.202186095223, shape=(), dtype=float64)
nll_grad  cost time: 2.8701956272125244
tf.Tensor(-10766.316113272907, shape=(), dtype=float64)
nll_grad  cost time: 2.8653435707092285
tf.Tensor(-10766.428467516125, shape=(), dtype=float64)
nll_grad  cost time: 2.8505361080169678
tf.Tensor(-10766.56854995928, shape=(), dtype=float64)
nll_grad  cost time: 2.8959784507751465
tf.Tensor(-10766.780284172652, shape=(), dtype=float64)
nll_grad  cost time: 2.898244619369507
tf.Tensor(-10767.090974971798, shape=(), dtype=float64)
nll_grad  cost time: 2.896375894546509
tf.Tensor(-10767.422727257836, shape=(), dtype=float64)
nll_grad  cost time: 2.9796042442321777
tf.Tensor(-10767.635968699156, shape=(), dtype=float64)
nll_grad  cost time: 2.942225694656372
tf.Tensor(-10767.977666648338, shape=(), dtype=float64)
nll_grad  cost time: 3.223083257675171
tf.Tensor(-10768.490446169613, shape=(), dtype=float64)
nll_grad  cost time: 2.980309009552002
tf.Tensor(-10769.03918996788, shape=(), dtype=float64)
nll_grad  cost time: 2.9756252765655518
tf.Tensor(-10769.43612133299, shape=(), dtype=float64)
nll_grad  cost time: 3.032137155532837
tf.Tensor(-10769.903945606944, shape=(), dtype=float64)
nll_grad  cost time: 2.995352268218994
tf.Tensor(-10770.391882915334, shape=(), dtype=float64)
nll_grad  cost time: 2.864938497543335
tf.Tensor(-10770.500201953728, shape=(), dtype=float64)
nll_grad  cost time: 2.835242748260498
tf.Tensor(-10770.700986590098, shape=(), dtype=float64)
nll_grad  cost time: 2.8221588134765625
tf.Tensor(-10771.061168053115, shape=(), dtype=float64)
nll_grad  cost time: 2.885554790496826
tf.Tensor(-10771.502426856074, shape=(), dtype=float64)
nll_grad  cost time: 2.8478355407714844
tf.Tensor(-10771.732616928704, shape=(), dtype=float64)
nll_grad  cost time: 2.804264783859253
tf.Tensor(-10771.99562001456, shape=(), dtype=float64)
nll_grad  cost time: 2.8718438148498535
tf.Tensor(-10772.276018750985, shape=(), dtype=float64)
nll_grad  cost time: 2.8053274154663086
tf.Tensor(-10772.47772686233, shape=(), dtype=float64)
nll_grad  cost time: 2.825453519821167
tf.Tensor(-10772.76121477491, shape=(), dtype=float64)
nll_grad  cost time: 2.826030731201172
tf.Tensor(-10773.099321769965, shape=(), dtype=float64)
nll_grad  cost time: 2.8954200744628906
tf.Tensor(-10773.442880055278, shape=(), dtype=float64)
nll_grad  cost time: 2.808398485183716
tf.Tensor(-10773.710770969468, shape=(), dtype=float64)
nll_grad  cost time: 2.8339309692382812
tf.Tensor(-10774.032967776526, shape=(), dtype=float64)
nll_grad  cost time: 2.818702459335327
tf.Tensor(-10774.306046917343, shape=(), dtype=float64)
nll_grad  cost time: 2.8091132640838623
tf.Tensor(-10774.525831742336, shape=(), dtype=float64)
nll_grad  cost time: 2.948387622833252
tf.Tensor(-10774.839421164292, shape=(), dtype=float64)
nll_grad  cost time: 3.056752920150757
tf.Tensor(-10775.159413427227, shape=(), dtype=float64)
nll_grad  cost time: 3.023461103439331
tf.Tensor(-10775.542855014224, shape=(), dtype=float64)
nll_grad  cost time: 2.907444715499878
tf.Tensor(-10775.656649750534, shape=(), dtype=float64)
nll_grad  cost time: 2.9315502643585205
tf.Tensor(-10775.855479574686, shape=(), dtype=float64)
nll_grad  cost time: 3.023434638977051
tf.Tensor(-10776.15275632232, shape=(), dtype=float64)
nll_grad  cost time: 2.910496711730957
tf.Tensor(-10776.530268258768, shape=(), dtype=float64)
nll_grad  cost time: 2.7996859550476074
tf.Tensor(-10776.633154989308, shape=(), dtype=float64)
nll_grad  cost time: 2.862704277038574
tf.Tensor(-10776.802863114615, shape=(), dtype=float64)
nll_grad  cost time: 2.882215976715088
tf.Tensor(-10777.002061085277, shape=(), dtype=float64)
nll_grad  cost time: 2.8659870624542236
tf.Tensor(-10777.249474819193, shape=(), dtype=float64)
nll_grad  cost time: 2.86106276512146
tf.Tensor(-10777.429576068356, shape=(), dtype=float64)
nll_grad  cost time: 2.9453930854797363
tf.Tensor(-10777.640472210409, shape=(), dtype=float64)
nll_grad  cost time: 2.9307451248168945
tf.Tensor(-10777.843054039702, shape=(), dtype=float64)
nll_grad  cost time: 2.905463457107544
tf.Tensor(-10778.06464150484, shape=(), dtype=float64)
nll_grad  cost time: 3.0172152519226074
tf.Tensor(-10778.235898357812, shape=(), dtype=float64)
nll_grad  cost time: 2.829230308532715
tf.Tensor(-10778.42697580659, shape=(), dtype=float64)
nll_grad  cost time: 2.803377389907837
tf.Tensor(-10778.627200071776, shape=(), dtype=float64)
nll_grad  cost time: 2.828186511993408
tf.Tensor(-10778.817477322802, shape=(), dtype=float64)
nll_grad  cost time: 3.2578954696655273
tf.Tensor(-10779.011436766326, shape=(), dtype=float64)
nll_grad  cost time: 2.8402626514434814
tf.Tensor(-10779.1922379643, shape=(), dtype=float64)
nll_grad  cost time: 3.0014517307281494
tf.Tensor(-10779.349234691093, shape=(), dtype=float64)
nll_grad  cost time: 2.939042329788208
tf.Tensor(-10779.520895147052, shape=(), dtype=float64)
nll_grad  cost time: 2.900484561920166
tf.Tensor(-10779.654422840194, shape=(), dtype=float64)
nll_grad  cost time: 2.863325357437134
tf.Tensor(-10779.796134929515, shape=(), dtype=float64)
nll_grad  cost time: 2.983882427215576
tf.Tensor(-10779.889971769207, shape=(), dtype=float64)
nll_grad  cost time: 2.925638437271118
tf.Tensor(-10780.009781430857, shape=(), dtype=float64)
nll_grad  cost time: 2.8827879428863525
tf.Tensor(-10780.160624266678, shape=(), dtype=float64)
nll_grad  cost time: 2.8911497592926025
tf.Tensor(-10780.310563706767, shape=(), dtype=float64)
nll_grad  cost time: 3.0165159702301025
tf.Tensor(-10780.468568949389, shape=(), dtype=float64)
nll_grad  cost time: 2.9741110801696777
tf.Tensor(-10780.585684364509, shape=(), dtype=float64)
nll_grad  cost time: 2.9602959156036377
tf.Tensor(-10780.687039586006, shape=(), dtype=float64)
nll_grad  cost time: 3.0025994777679443
tf.Tensor(-10780.767147756716, shape=(), dtype=float64)
nll_grad  cost time: 3.0280191898345947
tf.Tensor(-10780.844184884761, shape=(), dtype=float64)
nll_grad  cost time: 3.0333030223846436
tf.Tensor(-10780.919177491738, shape=(), dtype=float64)
nll_grad  cost time: 3.0181710720062256
tf.Tensor(-10781.015600890947, shape=(), dtype=float64)
nll_grad  cost time: 3.0908920764923096
tf.Tensor(-10781.132140633857, shape=(), dtype=float64)
nll_grad  cost time: 3.0526669025421143
tf.Tensor(-10781.24886794497, shape=(), dtype=float64)
nll_grad  cost time: 3.0006356239318848
tf.Tensor(-10781.354672531343, shape=(), dtype=float64)
nll_grad  cost time: 3.039806604385376
tf.Tensor(-10781.4600121607, shape=(), dtype=float64)
nll_grad  cost time: 3.084118366241455
tf.Tensor(-10781.55674435111, shape=(), dtype=float64)
nll_grad  cost time: 3.204235315322876
tf.Tensor(-10781.665412193746, shape=(), dtype=float64)
nll_grad  cost time: 2.9545087814331055
tf.Tensor(-10781.786709862168, shape=(), dtype=float64)
nll_grad  cost time: 2.933316946029663
tf.Tensor(-10781.87978861087, shape=(), dtype=float64)
nll_grad  cost time: 2.9469542503356934
tf.Tensor(-10782.015592576328, shape=(), dtype=float64)
nll_grad  cost time: 3.052788019180298
tf.Tensor(-10782.202149928766, shape=(), dtype=float64)
nll_grad  cost time: 2.976443290710449
tf.Tensor(-10782.446935820299, shape=(), dtype=float64)
nll_grad  cost time: 2.936358690261841
tf.Tensor(-10782.856709746582, shape=(), dtype=float64)
nll_grad  cost time: 2.837446451187134
tf.Tensor(-10783.468081607069, shape=(), dtype=float64)
nll_grad  cost time: 2.9396870136260986
tf.Tensor(-10784.130110470142, shape=(), dtype=float64)
nll_grad  cost time: 2.9087977409362793
tf.Tensor(-10784.922919952485, shape=(), dtype=float64)
nll_grad  cost time: 2.8328020572662354
tf.Tensor(-10786.093833315059, shape=(), dtype=float64)
nll_grad  cost time: 2.87699818611145
tf.Tensor(-10787.497314772929, shape=(), dtype=float64)
nll_grad  cost time: 2.946416139602661
tf.Tensor(-10788.647162139157, shape=(), dtype=float64)
nll_grad  cost time: 2.9193785190582275
tf.Tensor(-10789.813230537475, shape=(), dtype=float64)
nll_grad  cost time: 3.002476692199707
tf.Tensor(-10790.236258308345, shape=(), dtype=float64)
nll_grad  cost time: 3.042912006378174
tf.Tensor(-10790.921660116306, shape=(), dtype=float64)
nll_grad  cost time: 3.0260982513427734
tf.Tensor(-10791.935067315422, shape=(), dtype=float64)
nll_grad  cost time: 2.9616806507110596
tf.Tensor(-10793.035418768432, shape=(), dtype=float64)
nll_grad  cost time: 2.9746499061584473
tf.Tensor(-10793.595798755443, shape=(), dtype=float64)
nll_grad  cost time: 2.9789278507232666
tf.Tensor(-10794.373316352085, shape=(), dtype=float64)
nll_grad  cost time: 3.12050461769104
tf.Tensor(-10795.40081587058, shape=(), dtype=float64)
nll_grad  cost time: 3.0322024822235107
tf.Tensor(-10795.974108472947, shape=(), dtype=float64)
nll_grad  cost time: 3.0449604988098145
tf.Tensor(-10796.634935145787, shape=(), dtype=float64)
nll_grad  cost time: 3.011167049407959
tf.Tensor(-10797.049676462837, shape=(), dtype=float64)
nll_grad  cost time: 3.204711675643921
tf.Tensor(-10797.611437073236, shape=(), dtype=float64)
nll_grad  cost time: 3.023749828338623
tf.Tensor(-10798.325559367582, shape=(), dtype=float64)
nll_grad  cost time: 3.0506415367126465
tf.Tensor(-10798.782280158477, shape=(), dtype=float64)
nll_grad  cost time: 2.9092226028442383
tf.Tensor(-10799.014724157078, shape=(), dtype=float64)
nll_grad  cost time: 2.949366331100464
tf.Tensor(-10799.343455559057, shape=(), dtype=float64)
nll_grad  cost time: 2.931725263595581
tf.Tensor(-10799.6291602893, shape=(), dtype=float64)
nll_grad  cost time: 2.9797613620758057
tf.Tensor(-10799.866824839544, shape=(), dtype=float64)
nll_grad  cost time: 3.0457916259765625
tf.Tensor(-10800.066954458656, shape=(), dtype=float64)
nll_grad  cost time: 2.999176263809204
tf.Tensor(-10800.255714701318, shape=(), dtype=float64)
nll_grad  cost time: 2.8931820392608643
tf.Tensor(-10800.394403867405, shape=(), dtype=float64)
nll_grad  cost time: 2.963283061981201
tf.Tensor(-10800.58322162482, shape=(), dtype=float64)
nll_grad  cost time: 2.914477586746216
tf.Tensor(-10800.788114661093, shape=(), dtype=float64)
nll_grad  cost time: 2.907926321029663
tf.Tensor(-10800.94827405865, shape=(), dtype=float64)
nll_grad  cost time: 2.8420515060424805
tf.Tensor(-10801.092796178917, shape=(), dtype=float64)
nll_grad  cost time: 2.9699432849884033
tf.Tensor(-10801.253243623687, shape=(), dtype=float64)
nll_grad  cost time: 2.8805665969848633
tf.Tensor(-10801.46310048391, shape=(), dtype=float64)
nll_grad  cost time: 3.0436246395111084
tf.Tensor(-10801.721593406433, shape=(), dtype=float64)
nll_grad  cost time: 2.9928393363952637
tf.Tensor(-10801.998558346138, shape=(), dtype=float64)
nll_grad  cost time: 2.9175596237182617
tf.Tensor(-10802.2386064391, shape=(), dtype=float64)
nll_grad  cost time: 2.946969509124756
tf.Tensor(-10802.449188683568, shape=(), dtype=float64)
nll_grad  cost time: 3.028378486633301
tf.Tensor(-10802.636716408124, shape=(), dtype=float64)
nll_grad  cost time: 3.0472984313964844
tf.Tensor(-10802.828201802105, shape=(), dtype=float64)
nll_grad  cost time: 3.053165912628174
tf.Tensor(-10803.050851878874, shape=(), dtype=float64)
nll_grad  cost time: 2.948911666870117
tf.Tensor(-10803.257641277029, shape=(), dtype=float64)
nll_grad  cost time: 3.0486104488372803
tf.Tensor(-10803.398509481598, shape=(), dtype=float64)
nll_grad  cost time: 2.8943140506744385
tf.Tensor(-10803.523911038417, shape=(), dtype=float64)
nll_grad  cost time: 2.8863332271575928
tf.Tensor(-10803.670179997953, shape=(), dtype=float64)
nll_grad  cost time: 2.913881301879883
tf.Tensor(-10803.826130591035, shape=(), dtype=float64)
nll_grad  cost time: 2.9104881286621094
tf.Tensor(-10803.989993761683, shape=(), dtype=float64)
nll_grad  cost time: 2.8985369205474854
tf.Tensor(-10804.161067908852, shape=(), dtype=float64)
nll_grad  cost time: 2.9013254642486572
tf.Tensor(-10804.349994962156, shape=(), dtype=float64)
nll_grad  cost time: 2.965808868408203
tf.Tensor(-10804.49389601737, shape=(), dtype=float64)
nll_grad  cost time: 2.861161470413208
tf.Tensor(-10804.666095263789, shape=(), dtype=float64)
nll_grad  cost time: 2.858116865158081
tf.Tensor(-10804.835015993083, shape=(), dtype=float64)
nll_grad  cost time: 2.9018051624298096
tf.Tensor(-10804.962752699521, shape=(), dtype=float64)
nll_grad  cost time: 2.935246229171753
tf.Tensor(-10805.08024481829, shape=(), dtype=float64)
nll_grad  cost time: 2.9617760181427
tf.Tensor(-10805.184216261458, shape=(), dtype=float64)
nll_grad  cost time: 2.9231996536254883
tf.Tensor(-10805.269716604764, shape=(), dtype=float64)
nll_grad  cost time: 2.9241485595703125
tf.Tensor(-10805.358283269472, shape=(), dtype=float64)
nll_grad  cost time: 2.931534767150879
tf.Tensor(-10805.4483865353, shape=(), dtype=float64)
nll_grad  cost time: 2.8806309700012207
tf.Tensor(-10805.51355243727, shape=(), dtype=float64)
nll_grad  cost time: 2.998730182647705
tf.Tensor(-10805.59129250494, shape=(), dtype=float64)
nll_grad  cost time: 3.0183825492858887
tf.Tensor(-10805.666155283176, shape=(), dtype=float64)
nll_grad  cost time: 2.940664052963257
tf.Tensor(-10805.741303307273, shape=(), dtype=float64)
nll_grad  cost time: 2.9241585731506348
tf.Tensor(-10805.823224212978, shape=(), dtype=float64)
nll_grad  cost time: 2.940814256668091
tf.Tensor(-10805.897221827176, shape=(), dtype=float64)
nll_grad  cost time: 2.8697168827056885
tf.Tensor(-10805.970847872897, shape=(), dtype=float64)
nll_grad  cost time: 2.8993031978607178
tf.Tensor(-10806.052882775326, shape=(), dtype=float64)
nll_grad  cost time: 2.85416579246521
tf.Tensor(-10806.137211970978, shape=(), dtype=float64)
nll_grad  cost time: 2.841980457305908
tf.Tensor(-10806.209039759358, shape=(), dtype=float64)
nll_grad  cost time: 2.889773368835449
tf.Tensor(-10806.275465050277, shape=(), dtype=float64)
nll_grad  cost time: 3.0550637245178223
tf.Tensor(-10806.34729518189, shape=(), dtype=float64)
nll_grad  cost time: 2.8479115962982178
tf.Tensor(-10806.42364401309, shape=(), dtype=float64)
nll_grad  cost time: 2.9623262882232666
tf.Tensor(-10806.49869390939, shape=(), dtype=float64)
nll_grad  cost time: 2.992614269256592
tf.Tensor(-10806.574149226266, shape=(), dtype=float64)
nll_grad  cost time: 2.965952157974243
tf.Tensor(-10806.647116351776, shape=(), dtype=float64)
nll_grad  cost time: 2.9009358882904053
tf.Tensor(-10806.712720818081, shape=(), dtype=float64)
nll_grad  cost time: 2.9926419258117676
tf.Tensor(-10806.780050313604, shape=(), dtype=float64)
nll_grad  cost time: 2.860325813293457
tf.Tensor(-10806.861190884187, shape=(), dtype=float64)
nll_grad  cost time: 2.955179452896118
tf.Tensor(-10806.949320689957, shape=(), dtype=float64)
nll_grad  cost time: 2.9976978302001953
tf.Tensor(-10807.046792898102, shape=(), dtype=float64)
nll_grad  cost time: 2.9829964637756348
tf.Tensor(-10807.171007874655, shape=(), dtype=float64)
nll_grad  cost time: 2.95871901512146
tf.Tensor(-10807.239867117143, shape=(), dtype=float64)
nll_grad  cost time: 2.9503889083862305
tf.Tensor(-10807.336277355987, shape=(), dtype=float64)
nll_grad  cost time: 2.9904298782348633
tf.Tensor(-10807.41492337592, shape=(), dtype=float64)
nll_grad  cost time: 3.0028810501098633
tf.Tensor(-10807.467255938354, shape=(), dtype=float64)
nll_grad  cost time: 2.989570140838623
tf.Tensor(-10807.511295445809, shape=(), dtype=float64)
nll_grad  cost time: 2.921837091445923
tf.Tensor(-10807.562963159242, shape=(), dtype=float64)
nll_grad  cost time: 2.9541187286376953
tf.Tensor(-10807.602344494306, shape=(), dtype=float64)
nll_grad  cost time: 3.01863956451416
tf.Tensor(-10807.621011553787, shape=(), dtype=float64)
nll_grad  cost time: 3.051807403564453
tf.Tensor(-10807.645118626906, shape=(), dtype=float64)
nll_grad  cost time: 3.1009063720703125
tf.Tensor(-10807.676491788627, shape=(), dtype=float64)
nll_grad  cost time: 2.945826530456543
tf.Tensor(-10807.719278635901, shape=(), dtype=float64)
nll_grad  cost time: 2.9499783515930176
tf.Tensor(-10807.764422993165, shape=(), dtype=float64)
nll_grad  cost time: 2.9067256450653076
tf.Tensor(-10807.806100810427, shape=(), dtype=float64)
nll_grad  cost time: 2.9686224460601807
tf.Tensor(-10807.849991292103, shape=(), dtype=float64)
nll_grad  cost time: 3.0224547386169434
tf.Tensor(-10807.887782441045, shape=(), dtype=float64)
nll_grad  cost time: 3.1351511478424072
tf.Tensor(-10807.918114556032, shape=(), dtype=float64)
nll_grad  cost time: 2.9839701652526855
tf.Tensor(-10807.945739749654, shape=(), dtype=float64)
nll_grad  cost time: 2.983713150024414
tf.Tensor(-10807.972201272922, shape=(), dtype=float64)
nll_grad  cost time: 3.001685857772827
tf.Tensor(-10807.997885482102, shape=(), dtype=float64)
nll_grad  cost time: 3.15092134475708
tf.Tensor(-10808.027437177607, shape=(), dtype=float64)
nll_grad  cost time: 3.130972385406494
tf.Tensor(-10808.061755020664, shape=(), dtype=float64)
nll_grad  cost time: 3.070363759994507
tf.Tensor(-10808.09778159962, shape=(), dtype=float64)
nll_grad  cost time: 2.9477410316467285
tf.Tensor(-10808.129398915258, shape=(), dtype=float64)
nll_grad  cost time: 3.0089242458343506
tf.Tensor(-10808.15868413723, shape=(), dtype=float64)
nll_grad  cost time: 3.006375312805176
tf.Tensor(-10808.190088910738, shape=(), dtype=float64)
nll_grad  cost time: 2.986860513687134
tf.Tensor(-10808.23793806489, shape=(), dtype=float64)
nll_grad  cost time: 3.0839977264404297
tf.Tensor(-10808.307215722954, shape=(), dtype=float64)
nll_grad  cost time: 2.9863409996032715
tf.Tensor(-10808.380116844608, shape=(), dtype=float64)
nll_grad  cost time: 2.953911781311035
tf.Tensor(-10808.450172516852, shape=(), dtype=float64)
nll_grad  cost time: 3.007181167602539
tf.Tensor(-10808.511810817297, shape=(), dtype=float64)
nll_grad  cost time: 2.9213058948516846
tf.Tensor(-10808.548561897807, shape=(), dtype=float64)
nll_grad  cost time: 2.9008805751800537
tf.Tensor(-10808.58531751486, shape=(), dtype=float64)
nll_grad  cost time: 2.905383825302124
tf.Tensor(-10808.603415478232, shape=(), dtype=float64)
nll_grad  cost time: 2.8700058460235596
tf.Tensor(-10808.622524300623, shape=(), dtype=float64)
nll_grad  cost time: 2.8894004821777344
tf.Tensor(-10808.646562138878, shape=(), dtype=float64)
nll_grad  cost time: 3.0110511779785156
tf.Tensor(-10808.667579527173, shape=(), dtype=float64)
nll_grad  cost time: 2.871941328048706
tf.Tensor(-10808.692712987146, shape=(), dtype=float64)
nll_grad  cost time: 2.8764700889587402
tf.Tensor(-10808.713354728683, shape=(), dtype=float64)
nll_grad  cost time: 2.8552632331848145
tf.Tensor(-10808.730735841644, shape=(), dtype=float64)
nll_grad  cost time: 2.969695806503296
tf.Tensor(-10808.749382162254, shape=(), dtype=float64)
nll_grad  cost time: 2.947127103805542
tf.Tensor(-10808.76918606476, shape=(), dtype=float64)
nll_grad  cost time: 2.936893939971924
tf.Tensor(-10808.789936445928, shape=(), dtype=float64)
nll_grad  cost time: 2.861682653427124
tf.Tensor(-10808.814196124837, shape=(), dtype=float64)
nll_grad  cost time: 2.987635374069214
tf.Tensor(-10808.839436337537, shape=(), dtype=float64)
nll_grad  cost time: 2.9683046340942383
tf.Tensor(-10808.861843953273, shape=(), dtype=float64)
nll_grad  cost time: 2.896242141723633
tf.Tensor(-10808.881614317834, shape=(), dtype=float64)
nll_grad  cost time: 2.9134721755981445
tf.Tensor(-10808.899948625458, shape=(), dtype=float64)
nll_grad  cost time: 2.92948317527771
tf.Tensor(-10808.91687074822, shape=(), dtype=float64)
nll_grad  cost time: 2.8391401767730713
tf.Tensor(-10808.931214826142, shape=(), dtype=float64)
nll_grad  cost time: 2.864321231842041
tf.Tensor(-10808.94463339506, shape=(), dtype=float64)
nll_grad  cost time: 2.992626667022705
tf.Tensor(-10808.955495061939, shape=(), dtype=float64)
nll_grad  cost time: 2.9540069103240967
tf.Tensor(-10808.96504327324, shape=(), dtype=float64)
nll_grad  cost time: 2.9610164165496826
tf.Tensor(-10808.975309106423, shape=(), dtype=float64)
nll_grad  cost time: 3.2468059062957764
tf.Tensor(-10808.988499077399, shape=(), dtype=float64)
nll_grad  cost time: 2.879681348800659
tf.Tensor(-10809.004294406366, shape=(), dtype=float64)
nll_grad  cost time: 3.1220614910125732
tf.Tensor(-10809.020016024268, shape=(), dtype=float64)
nll_grad  cost time: 2.952296733856201
tf.Tensor(-10809.032852005821, shape=(), dtype=float64)
nll_grad  cost time: 2.9575719833374023
tf.Tensor(-10809.043750424882, shape=(), dtype=float64)
nll_grad  cost time: 2.8966264724731445
tf.Tensor(-10809.05557434331, shape=(), dtype=float64)
nll_grad  cost time: 2.903388261795044
tf.Tensor(-10809.06913053661, shape=(), dtype=float64)
nll_grad  cost time: 2.9081273078918457
tf.Tensor(-10809.082974039484, shape=(), dtype=float64)
nll_grad  cost time: 2.94529390335083
tf.Tensor(-10809.094426427113, shape=(), dtype=float64)
nll_grad  cost time: 2.8801729679107666
tf.Tensor(-10809.102657902364, shape=(), dtype=float64)
nll_grad  cost time: 2.9060511589050293
tf.Tensor(-10809.108356807763, shape=(), dtype=float64)
nll_grad  cost time: 2.8815979957580566
tf.Tensor(-10809.112489804469, shape=(), dtype=float64)
nll_grad  cost time: 2.8914661407470703
tf.Tensor(-10809.115915476237, shape=(), dtype=float64)
nll_grad  cost time: 2.973696231842041
tf.Tensor(-10809.119780235596, shape=(), dtype=float64)
nll_grad  cost time: 2.963085174560547
tf.Tensor(-10809.124435140053, shape=(), dtype=float64)
nll_grad  cost time: 2.819891929626465
tf.Tensor(-10809.129734711605, shape=(), dtype=float64)
nll_grad  cost time: 2.8717427253723145
tf.Tensor(-10809.135331239599, shape=(), dtype=float64)
nll_grad  cost time: 2.891993761062622
tf.Tensor(-10809.140522350695, shape=(), dtype=float64)
nll_grad  cost time: 2.8629088401794434
tf.Tensor(-10809.144631500363, shape=(), dtype=float64)
nll_grad  cost time: 2.8407609462738037
tf.Tensor(-10809.147969111847, shape=(), dtype=float64)
nll_grad  cost time: 2.945356845855713
tf.Tensor(-10809.151413059268, shape=(), dtype=float64)
nll_grad  cost time: 3.1478521823883057
tf.Tensor(-10809.155908290384, shape=(), dtype=float64)
nll_grad  cost time: 3.020582675933838
tf.Tensor(-10809.16170297574, shape=(), dtype=float64)
nll_grad  cost time: 3.173440933227539
tf.Tensor(-10809.167677803332, shape=(), dtype=float64)
nll_grad  cost time: 3.0361568927764893
tf.Tensor(-10809.172493612687, shape=(), dtype=float64)
nll_grad  cost time: 3.001701831817627
tf.Tensor(-10809.176522808946, shape=(), dtype=float64)
nll_grad  cost time: 2.9622597694396973
tf.Tensor(-10809.18100751494, shape=(), dtype=float64)
nll_grad  cost time: 3.089790105819702
tf.Tensor(-10809.187057752843, shape=(), dtype=float64)
nll_grad  cost time: 2.9249396324157715
tf.Tensor(-10809.194223872855, shape=(), dtype=float64)
nll_grad  cost time: 2.8809828758239746
tf.Tensor(-10809.201232290852, shape=(), dtype=float64)
nll_grad  cost time: 2.958646297454834
tf.Tensor(-10809.207369873471, shape=(), dtype=float64)
nll_grad  cost time: 2.955947160720825
tf.Tensor(-10809.21324410096, shape=(), dtype=float64)
nll_grad  cost time: 2.968411445617676
tf.Tensor(-10809.219599232765, shape=(), dtype=float64)
nll_grad  cost time: 2.9397549629211426
tf.Tensor(-10809.226825158523, shape=(), dtype=float64)
nll_grad  cost time: 2.963538885116577
tf.Tensor(-10809.23424205072, shape=(), dtype=float64)
nll_grad  cost time: 2.9621946811676025
tf.Tensor(-10809.241488474747, shape=(), dtype=float64)
nll_grad  cost time: 3.090142250061035
tf.Tensor(-10809.248058913272, shape=(), dtype=float64)
nll_grad  cost time: 3.0958709716796875
tf.Tensor(-10809.254508680697, shape=(), dtype=float64)
nll_grad  cost time: 2.9742369651794434
tf.Tensor(-10809.260874995216, shape=(), dtype=float64)
nll_grad  cost time: 2.948901653289795
tf.Tensor(-10809.267931921942, shape=(), dtype=float64)
nll_grad  cost time: 2.99623441696167
tf.Tensor(-10809.276019040739, shape=(), dtype=float64)
nll_grad  cost time: 2.9928958415985107
tf.Tensor(-10809.28637485236, shape=(), dtype=float64)
nll_grad  cost time: 2.8962807655334473
tf.Tensor(-10809.29795026328, shape=(), dtype=float64)
nll_grad  cost time: 3.1295502185821533
tf.Tensor(-10809.308733847272, shape=(), dtype=float64)
nll_grad  cost time: 2.9470314979553223
tf.Tensor(-10809.31711977171, shape=(), dtype=float64)
nll_grad  cost time: 2.884227752685547
tf.Tensor(-10809.323816675773, shape=(), dtype=float64)
nll_grad  cost time: 2.9761128425598145
tf.Tensor(-10809.329329969149, shape=(), dtype=float64)
nll_grad  cost time: 2.9562888145446777
tf.Tensor(-10809.334931661251, shape=(), dtype=float64)
nll_grad  cost time: 2.8420870304107666
tf.Tensor(-10809.340823990224, shape=(), dtype=float64)
nll_grad  cost time: 2.905484199523926
tf.Tensor(-10809.347000218895, shape=(), dtype=float64)
nll_grad  cost time: 2.9301178455352783
tf.Tensor(-10809.354420820355, shape=(), dtype=float64)
nll_grad  cost time: 2.8981730937957764
tf.Tensor(-10809.362279639048, shape=(), dtype=float64)
nll_grad  cost time: 2.795306444168091
tf.Tensor(-10809.370403630925, shape=(), dtype=float64)
nll_grad  cost time: 2.9115750789642334
tf.Tensor(-10809.378453703706, shape=(), dtype=float64)
nll_grad  cost time: 2.9200174808502197
tf.Tensor(-10809.386068285236, shape=(), dtype=float64)
nll_grad  cost time: 2.918226480484009
tf.Tensor(-10809.392478217467, shape=(), dtype=float64)
nll_grad  cost time: 2.841837167739868
tf.Tensor(-10809.39862723891, shape=(), dtype=float64)
nll_grad  cost time: 2.9051311016082764
tf.Tensor(-10809.406485194582, shape=(), dtype=float64)
nll_grad  cost time: 2.8862504959106445
tf.Tensor(-10809.416170356333, shape=(), dtype=float64)
nll_grad  cost time: 2.9327919483184814
tf.Tensor(-10809.425673650792, shape=(), dtype=float64)
nll_grad  cost time: 2.902223587036133
tf.Tensor(-10809.432839501464, shape=(), dtype=float64)
nll_grad  cost time: 3.050936222076416
tf.Tensor(-10809.438698746366, shape=(), dtype=float64)
nll_grad  cost time: 3.004976511001587
tf.Tensor(-10809.446624502387, shape=(), dtype=float64)
nll_grad  cost time: 3.0694475173950195
tf.Tensor(-10809.458546702299, shape=(), dtype=float64)
nll_grad  cost time: 2.9991095066070557
tf.Tensor(-10809.472220440617, shape=(), dtype=float64)
nll_grad  cost time: 2.816276788711548
tf.Tensor(-10809.48442674274, shape=(), dtype=float64)
nll_grad  cost time: 2.8441574573516846
tf.Tensor(-10809.496384516584, shape=(), dtype=float64)
nll_grad  cost time: 2.945307731628418
tf.Tensor(-10809.51007790046, shape=(), dtype=float64)
nll_grad  cost time: 2.946361541748047
tf.Tensor(-10809.527678805727, shape=(), dtype=float64)
nll_grad  cost time: 2.860287666320801
tf.Tensor(-10809.546894572062, shape=(), dtype=float64)
nll_grad  cost time: 2.8795948028564453
nll_grad  cost time: 2.8905434608459473
tf.Tensor(-10809.559580389994, shape=(), dtype=float64)
nll_grad  cost time: 3.03857421875
tf.Tensor(-10809.57886692983, shape=(), dtype=float64)
nll_grad  cost time: 2.900397777557373
tf.Tensor(-10809.59775012794, shape=(), dtype=float64)
nll_grad  cost time: 2.877159833908081
tf.Tensor(-10809.607067279756, shape=(), dtype=float64)
nll_grad  cost time: 2.8858234882354736
tf.Tensor(-10809.620210099645, shape=(), dtype=float64)
nll_grad  cost time: 2.890963315963745
tf.Tensor(-10809.631121453544, shape=(), dtype=float64)
nll_grad  cost time: 2.85280442237854
tf.Tensor(-10809.640928040179, shape=(), dtype=float64)
nll_grad  cost time: 2.913675308227539
tf.Tensor(-10809.649620601363, shape=(), dtype=float64)
nll_grad  cost time: 2.889848470687866
tf.Tensor(-10809.658414787547, shape=(), dtype=float64)
nll_grad  cost time: 2.8479480743408203
tf.Tensor(-10809.66796532824, shape=(), dtype=float64)
nll_grad  cost time: 2.9155359268188477
tf.Tensor(-10809.681973785486, shape=(), dtype=float64)
nll_grad  cost time: 2.916259288787842
tf.Tensor(-10809.699178227233, shape=(), dtype=float64)
nll_grad  cost time: 2.995619297027588
tf.Tensor(-10809.71630225008, shape=(), dtype=float64)
nll_grad  cost time: 3.129045248031616
tf.Tensor(-10809.727599858761, shape=(), dtype=float64)
nll_grad  cost time: 2.992605209350586
tf.Tensor(-10809.735564634022, shape=(), dtype=float64)
nll_grad  cost time: 2.9153804779052734
tf.Tensor(-10809.744458913141, shape=(), dtype=float64)
nll_grad  cost time: 3.0203864574432373
tf.Tensor(-10809.756738477608, shape=(), dtype=float64)
nll_grad  cost time: 3.068248748779297
tf.Tensor(-10809.772442769437, shape=(), dtype=float64)
nll_grad  cost time: 3.0200798511505127
tf.Tensor(-10809.789665599208, shape=(), dtype=float64)
nll_grad  cost time: 3.0150301456451416
tf.Tensor(-10809.807187486684, shape=(), dtype=float64)
nll_grad  cost time: 3.0751476287841797
tf.Tensor(-10809.822199790899, shape=(), dtype=float64)
nll_grad  cost time: 3.114858865737915
tf.Tensor(-10809.833641143196, shape=(), dtype=float64)
nll_grad  cost time: 3.0623953342437744
tf.Tensor(-10809.841117786182, shape=(), dtype=float64)
nll_grad  cost time: 3.006885528564453
tf.Tensor(-10809.847267242283, shape=(), dtype=float64)
nll_grad  cost time: 2.970810651779175
tf.Tensor(-10809.85558863202, shape=(), dtype=float64)
nll_grad  cost time: 2.9259347915649414
tf.Tensor(-10809.863650418025, shape=(), dtype=float64)
nll_grad  cost time: 2.9387853145599365
tf.Tensor(-10809.871438690005, shape=(), dtype=float64)
nll_grad  cost time: 3.0296194553375244
tf.Tensor(-10809.877480011473, shape=(), dtype=float64)
nll_grad  cost time: 2.9193766117095947
tf.Tensor(-10809.884218410698, shape=(), dtype=float64)
nll_grad  cost time: 2.911428451538086
tf.Tensor(-10809.889199673806, shape=(), dtype=float64)
nll_grad  cost time: 2.888127088546753
tf.Tensor(-10809.89531616, shape=(), dtype=float64)
nll_grad  cost time: 2.8737378120422363
tf.Tensor(-10809.901537448342, shape=(), dtype=float64)
nll_grad  cost time: 2.898024797439575
tf.Tensor(-10809.907556907321, shape=(), dtype=float64)
nll_grad  cost time: 3.049778461456299
tf.Tensor(-10809.915093142321, shape=(), dtype=float64)
nll_grad  cost time: 2.9834413528442383
tf.Tensor(-10809.922117178425, shape=(), dtype=float64)
nll_grad  cost time: 2.856180191040039
tf.Tensor(-10809.92699082402, shape=(), dtype=float64)
nll_grad  cost time: 3.0341031551361084
tf.Tensor(-10809.931275397208, shape=(), dtype=float64)
nll_grad  cost time: 3.032383680343628
tf.Tensor(-10809.935269054904, shape=(), dtype=float64)
nll_grad  cost time: 2.950902223587036
tf.Tensor(-10809.93891716941, shape=(), dtype=float64)
nll_grad  cost time: 2.913060426712036
tf.Tensor(-10809.942105458022, shape=(), dtype=float64)
nll_grad  cost time: 2.8775062561035156
tf.Tensor(-10809.945737210084, shape=(), dtype=float64)
nll_grad  cost time: 2.9386208057403564
tf.Tensor(-10809.950088875892, shape=(), dtype=float64)
nll_grad  cost time: 2.9230775833129883
tf.Tensor(-10809.955114088094, shape=(), dtype=float64)
nll_grad  cost time: 2.882392644882202
tf.Tensor(-10809.95991753509, shape=(), dtype=float64)
nll_grad  cost time: 2.976858377456665
tf.Tensor(-10809.963565828006, shape=(), dtype=float64)
nll_grad  cost time: 2.8529603481292725
tf.Tensor(-10809.966115859952, shape=(), dtype=float64)
nll_grad  cost time: 2.8647665977478027
tf.Tensor(-10809.968414347382, shape=(), dtype=float64)
nll_grad  cost time: 2.9450109004974365
tf.Tensor(-10809.971574048035, shape=(), dtype=float64)
nll_grad  cost time: 2.8515069484710693
tf.Tensor(-10809.97604669674, shape=(), dtype=float64)
nll_grad  cost time: 2.920769453048706
tf.Tensor(-10809.981823221506, shape=(), dtype=float64)
nll_grad  cost time: 2.848609447479248
tf.Tensor(-10809.987265819476, shape=(), dtype=float64)
nll_grad  cost time: 2.8875725269317627
tf.Tensor(-10809.994095831791, shape=(), dtype=float64)
nll_grad  cost time: 2.935988426208496
tf.Tensor(-10810.004041995002, shape=(), dtype=float64)
nll_grad  cost time: 3.064499616622925
tf.Tensor(-10810.019411629024, shape=(), dtype=float64)
nll_grad  cost time: 2.8482143878936768
tf.Tensor(-10810.042790373473, shape=(), dtype=float64)
nll_grad  cost time: 2.846125602722168
tf.Tensor(-10810.0725028976, shape=(), dtype=float64)
nll_grad  cost time: 2.9250993728637695
tf.Tensor(-10810.095046563918, shape=(), dtype=float64)
nll_grad  cost time: 3.0342462062835693
tf.Tensor(-10810.11476108164, shape=(), dtype=float64)
nll_grad  cost time: 2.9153082370758057
tf.Tensor(-10810.135694813844, shape=(), dtype=float64)
nll_grad  cost time: 2.8858237266540527
tf.Tensor(-10810.161438861554, shape=(), dtype=float64)
nll_grad  cost time: 2.9579946994781494
tf.Tensor(-10810.194409922395, shape=(), dtype=float64)
nll_grad  cost time: 2.941420078277588
tf.Tensor(-10810.24077387228, shape=(), dtype=float64)
nll_grad  cost time: 2.9182958602905273
tf.Tensor(-10810.297309252193, shape=(), dtype=float64)
nll_grad  cost time: 2.8678834438323975
tf.Tensor(-10810.3457466168, shape=(), dtype=float64)
nll_grad  cost time: 2.8741989135742188
tf.Tensor(-10810.408243099448, shape=(), dtype=float64)
nll_grad  cost time: 2.9649126529693604
tf.Tensor(-10810.492894796867, shape=(), dtype=float64)
nll_grad  cost time: 2.8585891723632812
tf.Tensor(-10810.611644018352, shape=(), dtype=float64)
nll_grad  cost time: 2.9021172523498535
tf.Tensor(-10810.69716876161, shape=(), dtype=float64)
nll_grad  cost time: 2.9140701293945312
tf.Tensor(-10810.813264074877, shape=(), dtype=float64)
nll_grad  cost time: 2.835409164428711
tf.Tensor(-10810.897090811333, shape=(), dtype=float64)
nll_grad  cost time: 2.8300070762634277
tf.Tensor(-10810.970407148801, shape=(), dtype=float64)
nll_grad  cost time: 2.884295701980591
tf.Tensor(-10811.087619713788, shape=(), dtype=float64)
nll_grad  cost time: 2.9435527324676514
tf.Tensor(-10811.221955254025, shape=(), dtype=float64)
nll_grad  cost time: 2.825941801071167
tf.Tensor(-10811.31655098884, shape=(), dtype=float64)
nll_grad  cost time: 2.9285080432891846
tf.Tensor(-10811.409500792559, shape=(), dtype=float64)
nll_grad  cost time: 2.8835039138793945
tf.Tensor(-10811.493091142303, shape=(), dtype=float64)
nll_grad  cost time: 2.8313546180725098
tf.Tensor(-10811.58642371666, shape=(), dtype=float64)
nll_grad  cost time: 2.8600151538848877
tf.Tensor(-10811.695712303655, shape=(), dtype=float64)
nll_grad  cost time: 2.9295809268951416
tf.Tensor(-10811.772016742882, shape=(), dtype=float64)
nll_grad  cost time: 2.927582025527954
tf.Tensor(-10811.88034669666, shape=(), dtype=float64)
nll_grad  cost time: 2.8922648429870605
tf.Tensor(-10811.944752436133, shape=(), dtype=float64)
nll_grad  cost time: 2.962259531021118
tf.Tensor(-10812.042309317167, shape=(), dtype=float64)
nll_grad  cost time: 3.044999122619629
tf.Tensor(-10812.152803437437, shape=(), dtype=float64)
nll_grad  cost time: 3.128744125366211
tf.Tensor(-10812.29771990666, shape=(), dtype=float64)
nll_grad  cost time: 3.0613250732421875
tf.Tensor(-10812.425425940002, shape=(), dtype=float64)
nll_grad  cost time: 3.035196542739868
tf.Tensor(-10812.591823907129, shape=(), dtype=float64)
nll_grad  cost time: 2.932607650756836
tf.Tensor(-10812.777492881394, shape=(), dtype=float64)
nll_grad  cost time: 2.976776599884033
nll_grad  cost time: 3.049355983734131
tf.Tensor(-10812.887966348624, shape=(), dtype=float64)
nll_grad  cost time: 3.305110454559326
tf.Tensor(-10812.966381352126, shape=(), dtype=float64)
nll_grad  cost time: 2.947474241256714
tf.Tensor(-10813.043601479612, shape=(), dtype=float64)
nll_grad  cost time: 2.998188018798828
tf.Tensor(-10813.124407110972, shape=(), dtype=float64)
nll_grad  cost time: 3.010568857192993
tf.Tensor(-10813.2030999869, shape=(), dtype=float64)
nll_grad  cost time: 2.8340084552764893
tf.Tensor(-10813.2732279329, shape=(), dtype=float64)
nll_grad  cost time: 2.9453396797180176
tf.Tensor(-10813.332055751547, shape=(), dtype=float64)
nll_grad  cost time: 2.9215667247772217
tf.Tensor(-10813.415953874251, shape=(), dtype=float64)
nll_grad  cost time: 2.913187026977539
tf.Tensor(-10813.506473521958, shape=(), dtype=float64)
nll_grad  cost time: 2.84824538230896
tf.Tensor(-10813.589343150332, shape=(), dtype=float64)
nll_grad  cost time: 2.946342945098877
tf.Tensor(-10813.620562390057, shape=(), dtype=float64)
nll_grad  cost time: 2.845412492752075
tf.Tensor(-10813.672317485753, shape=(), dtype=float64)
nll_grad  cost time: 2.8217520713806152
tf.Tensor(-10813.75295296533, shape=(), dtype=float64)
nll_grad  cost time: 2.8374221324920654
tf.Tensor(-10813.840650406728, shape=(), dtype=float64)
nll_grad  cost time: 2.918872117996216
tf.Tensor(-10813.90452193881, shape=(), dtype=float64)
nll_grad  cost time: 2.946608781814575
tf.Tensor(-10813.986086692772, shape=(), dtype=float64)
nll_grad  cost time: 2.8164079189300537
tf.Tensor(-10814.10450983273, shape=(), dtype=float64)
nll_grad  cost time: 2.862027883529663
tf.Tensor(-10814.267071341183, shape=(), dtype=float64)
nll_grad  cost time: 2.8374085426330566
tf.Tensor(-10814.38279250782, shape=(), dtype=float64)
nll_grad  cost time: 2.814601182937622
tf.Tensor(-10814.471607459818, shape=(), dtype=float64)
nll_grad  cost time: 2.8244097232818604
tf.Tensor(-10814.568181690993, shape=(), dtype=float64)
nll_grad  cost time: 2.941127300262451
tf.Tensor(-10814.631718499706, shape=(), dtype=float64)
nll_grad  cost time: 2.8506991863250732
tf.Tensor(-10814.721540012597, shape=(), dtype=float64)
nll_grad  cost time: 2.81217622756958
tf.Tensor(-10814.823438154726, shape=(), dtype=float64)
nll_grad  cost time: 2.837683916091919
nll_grad  cost time: 2.785691022872925
tf.Tensor(-10814.880637877231, shape=(), dtype=float64)
nll_grad  cost time: 2.892385482788086
tf.Tensor(-10814.941405644822, shape=(), dtype=float64)
nll_grad  cost time: 3.034369945526123
tf.Tensor(-10815.022443087855, shape=(), dtype=float64)
nll_grad  cost time: 3.005470037460327
tf.Tensor(-10815.069207774046, shape=(), dtype=float64)
nll_grad  cost time: 2.9185547828674316
tf.Tensor(-10815.129694219258, shape=(), dtype=float64)
nll_grad  cost time: 2.875262498855591
tf.Tensor(-10815.18164103996, shape=(), dtype=float64)
nll_grad  cost time: 3.099795341491699
tf.Tensor(-10815.23699906995, shape=(), dtype=float64)
nll_grad  cost time: 2.9796242713928223
tf.Tensor(-10815.311027101574, shape=(), dtype=float64)
nll_grad  cost time: 2.942006826400757
tf.Tensor(-10815.389236059376, shape=(), dtype=float64)
nll_grad  cost time: 2.955317497253418
tf.Tensor(-10815.445811305173, shape=(), dtype=float64)
nll_grad  cost time: 3.020051956176758
tf.Tensor(-10815.47959312188, shape=(), dtype=float64)
nll_grad  cost time: 2.96702241897583
tf.Tensor(-10815.529225146038, shape=(), dtype=float64)
nll_grad  cost time: 2.9540910720825195
tf.Tensor(-10815.592329451714, shape=(), dtype=float64)
nll_grad  cost time: 3.0317509174346924
tf.Tensor(-10815.618315085214, shape=(), dtype=float64)
nll_grad  cost time: 2.9063782691955566
tf.Tensor(-10815.655084595646, shape=(), dtype=float64)
nll_grad  cost time: 2.9477574825286865
tf.Tensor(-10815.69615469459, shape=(), dtype=float64)
nll_grad  cost time: 3.0518240928649902
tf.Tensor(-10815.741652868866, shape=(), dtype=float64)
nll_grad  cost time: 2.9591517448425293
tf.Tensor(-10815.805828456145, shape=(), dtype=float64)
nll_grad  cost time: 3.007347822189331
tf.Tensor(-10815.883543929845, shape=(), dtype=float64)
nll_grad  cost time: 3.057508945465088
tf.Tensor(-10815.929334253862, shape=(), dtype=float64)
nll_grad  cost time: 3.028722047805786
tf.Tensor(-10815.986064612054, shape=(), dtype=float64)
nll_grad  cost time: 3.06516170501709
tf.Tensor(-10816.033001103882, shape=(), dtype=float64)
nll_grad  cost time: 3.0782086849212646
tf.Tensor(-10816.07015617135, shape=(), dtype=float64)
nll_grad  cost time: 3.1666746139526367
tf.Tensor(-10816.0976635672, shape=(), dtype=float64)
nll_grad  cost time: 3.108527421951294
tf.Tensor(-10816.133361402111, shape=(), dtype=float64)
nll_grad  cost time: 3.0030016899108887
tf.Tensor(-10816.184484739384, shape=(), dtype=float64)
nll_grad  cost time: 3.0772669315338135
tf.Tensor(-10816.26850829689, shape=(), dtype=float64)
nll_grad  cost time: 3.0420644283294678
tf.Tensor(-10816.406165735127, shape=(), dtype=float64)
nll_grad  cost time: 3.0904362201690674
tf.Tensor(-10816.5909953195, shape=(), dtype=float64)
nll_grad  cost time: 3.074673891067505
tf.Tensor(-10816.691010876999, shape=(), dtype=float64)
nll_grad  cost time: 3.077955722808838
nll_grad  cost time: 2.9353432655334473
tf.Tensor(-10816.746481672022, shape=(), dtype=float64)
nll_grad  cost time: 2.982966899871826
tf.Tensor(-10816.812853339561, shape=(), dtype=float64)
nll_grad  cost time: 2.9892067909240723
tf.Tensor(-10816.881907085137, shape=(), dtype=float64)
nll_grad  cost time: 3.023498058319092
tf.Tensor(-10816.934839670621, shape=(), dtype=float64)
nll_grad  cost time: 2.9838268756866455
tf.Tensor(-10816.998571522134, shape=(), dtype=float64)
nll_grad  cost time: 2.9551355838775635
tf.Tensor(-10817.062477611644, shape=(), dtype=float64)
nll_grad  cost time: 2.8875529766082764
tf.Tensor(-10817.131131932496, shape=(), dtype=float64)
nll_grad  cost time: 2.872751235961914
tf.Tensor(-10817.213360887123, shape=(), dtype=float64)
nll_grad  cost time: 2.8530545234680176
tf.Tensor(-10817.301229885985, shape=(), dtype=float64)
nll_grad  cost time: 2.9110958576202393
tf.Tensor(-10817.371350800997, shape=(), dtype=float64)
nll_grad  cost time: 2.8834688663482666
tf.Tensor(-10817.437912349797, shape=(), dtype=float64)
nll_grad  cost time: 3.05953311920166
tf.Tensor(-10817.489679095761, shape=(), dtype=float64)
nll_grad  cost time: 2.920494556427002
tf.Tensor(-10817.525757673695, shape=(), dtype=float64)
nll_grad  cost time: 2.9316465854644775
tf.Tensor(-10817.577538413505, shape=(), dtype=float64)
nll_grad  cost time: 2.9262747764587402
tf.Tensor(-10817.644096027772, shape=(), dtype=float64)
nll_grad  cost time: 3.0152478218078613
tf.Tensor(-10817.712357609918, shape=(), dtype=float64)
nll_grad  cost time: 2.939835786819458
tf.Tensor(-10817.809414726496, shape=(), dtype=float64)
nll_grad  cost time: 2.9932289123535156
tf.Tensor(-10817.944029619446, shape=(), dtype=float64)
nll_grad  cost time: 3.004077911376953
tf.Tensor(-10818.091500888431, shape=(), dtype=float64)
nll_grad  cost time: 3.1607892513275146
tf.Tensor(-10818.229205718897, shape=(), dtype=float64)
nll_grad  cost time: 3.204313278198242
tf.Tensor(-10818.34685900115, shape=(), dtype=float64)
nll_grad  cost time: 2.99576997756958
tf.Tensor(-10818.445312700456, shape=(), dtype=float64)
nll_grad  cost time: 2.9809224605560303
tf.Tensor(-10818.532837063933, shape=(), dtype=float64)
nll_grad  cost time: 2.932656764984131
tf.Tensor(-10818.611578159667, shape=(), dtype=float64)
nll_grad  cost time: 2.9335098266601562
tf.Tensor(-10818.687592223649, shape=(), dtype=float64)
nll_grad  cost time: 3.14814829826355
tf.Tensor(-10818.732152947181, shape=(), dtype=float64)
nll_grad  cost time: 2.9696474075317383
tf.Tensor(-10818.789358985174, shape=(), dtype=float64)
nll_grad  cost time: 2.9785349369049072
tf.Tensor(-10818.860552383683, shape=(), dtype=float64)
nll_grad  cost time: 3.0413973331451416
tf.Tensor(-10818.928473709615, shape=(), dtype=float64)
nll_grad  cost time: 2.949934959411621
tf.Tensor(-10818.989817617155, shape=(), dtype=float64)
nll_grad  cost time: 3.0508921146392822
tf.Tensor(-10819.058673252322, shape=(), dtype=float64)
nll_grad  cost time: 3.0071091651916504
tf.Tensor(-10819.128487163756, shape=(), dtype=float64)
nll_grad  cost time: 2.9035122394561768
tf.Tensor(-10819.18112512465, shape=(), dtype=float64)
nll_grad  cost time: 2.9170236587524414
tf.Tensor(-10819.248980116614, shape=(), dtype=float64)
nll_grad  cost time: 2.9096405506134033
tf.Tensor(-10819.289117286971, shape=(), dtype=float64)
nll_grad  cost time: 3.047034740447998
tf.Tensor(-10819.325559325098, shape=(), dtype=float64)
nll_grad  cost time: 2.9877073764801025
tf.Tensor(-10819.36823721491, shape=(), dtype=float64)
nll_grad  cost time: 2.9608116149902344
tf.Tensor(-10819.419686960988, shape=(), dtype=float64)
nll_grad  cost time: 2.9869301319122314
tf.Tensor(-10819.478235365357, shape=(), dtype=float64)
nll_grad  cost time: 2.959392786026001
tf.Tensor(-10819.536536299413, shape=(), dtype=float64)
nll_grad  cost time: 2.916274070739746
tf.Tensor(-10819.582246777638, shape=(), dtype=float64)
nll_grad  cost time: 2.866283416748047
tf.Tensor(-10819.621687298464, shape=(), dtype=float64)
nll_grad  cost time: 3.055501699447632
tf.Tensor(-10819.655789575132, shape=(), dtype=float64)
nll_grad  cost time: 2.910008192062378
tf.Tensor(-10819.673205968227, shape=(), dtype=float64)
nll_grad  cost time: 2.9299511909484863
tf.Tensor(-10819.699422868867, shape=(), dtype=float64)
nll_grad  cost time: 3.0094833374023438
tf.Tensor(-10819.72937252363, shape=(), dtype=float64)
nll_grad  cost time: 2.9923837184906006
tf.Tensor(-10819.752191096813, shape=(), dtype=float64)
nll_grad  cost time: 2.9499399662017822
tf.Tensor(-10819.783517142769, shape=(), dtype=float64)
nll_grad  cost time: 2.948629856109619
tf.Tensor(-10819.823875410644, shape=(), dtype=float64)
nll_grad  cost time: 2.940230369567871
tf.Tensor(-10819.85855769402, shape=(), dtype=float64)
nll_grad  cost time: 2.8860673904418945
tf.Tensor(-10819.894632380325, shape=(), dtype=float64)
nll_grad  cost time: 2.9824869632720947
tf.Tensor(-10819.937850002349, shape=(), dtype=float64)
nll_grad  cost time: 2.8907675743103027
tf.Tensor(-10819.972491700766, shape=(), dtype=float64)
nll_grad  cost time: 2.9421157836914062
tf.Tensor(-10820.001748477724, shape=(), dtype=float64)
nll_grad  cost time: 2.9276299476623535
tf.Tensor(-10820.03240806453, shape=(), dtype=float64)
nll_grad  cost time: 2.999911308288574
tf.Tensor(-10820.068829521946, shape=(), dtype=float64)
nll_grad  cost time: 2.9528915882110596
tf.Tensor(-10820.10590787545, shape=(), dtype=float64)
nll_grad  cost time: 2.863325834274292
tf.Tensor(-10820.131400502843, shape=(), dtype=float64)
nll_grad  cost time: 3.1928443908691406
tf.Tensor(-10820.157642645607, shape=(), dtype=float64)
nll_grad  cost time: 2.9648501873016357
tf.Tensor(-10820.18069131999, shape=(), dtype=float64)
nll_grad  cost time: 2.904998540878296
tf.Tensor(-10820.208615620326, shape=(), dtype=float64)
nll_grad  cost time: 2.904580593109131
tf.Tensor(-10820.238124351694, shape=(), dtype=float64)
nll_grad  cost time: 2.970322847366333
tf.Tensor(-10820.267199219115, shape=(), dtype=float64)
nll_grad  cost time: 2.91028094291687
tf.Tensor(-10820.295339462882, shape=(), dtype=float64)
nll_grad  cost time: 2.9367237091064453
tf.Tensor(-10820.316174194288, shape=(), dtype=float64)
nll_grad  cost time: 3.041775703430176
tf.Tensor(-10820.335480658301, shape=(), dtype=float64)
nll_grad  cost time: 2.9171042442321777
tf.Tensor(-10820.359466344187, shape=(), dtype=float64)
nll_grad  cost time: 2.974402666091919
tf.Tensor(-10820.383654543766, shape=(), dtype=float64)
nll_grad  cost time: 2.854863405227661
tf.Tensor(-10820.403780755647, shape=(), dtype=float64)
nll_grad  cost time: 2.9144513607025146
tf.Tensor(-10820.42238077518, shape=(), dtype=float64)
nll_grad  cost time: 2.889490842819214
tf.Tensor(-10820.441877585328, shape=(), dtype=float64)
nll_grad  cost time: 3.013125419616699
tf.Tensor(-10820.45541836193, shape=(), dtype=float64)
nll_grad  cost time: 2.997304916381836
tf.Tensor(-10820.471017592452, shape=(), dtype=float64)
nll_grad  cost time: 2.9538440704345703
tf.Tensor(-10820.485533340281, shape=(), dtype=float64)
nll_grad  cost time: 3.045578718185425
tf.Tensor(-10820.503869132017, shape=(), dtype=float64)
nll_grad  cost time: 3.1855573654174805
tf.Tensor(-10820.525760092969, shape=(), dtype=float64)
nll_grad  cost time: 3.0385565757751465
tf.Tensor(-10820.546880530283, shape=(), dtype=float64)
nll_grad  cost time: 3.1731972694396973
tf.Tensor(-10820.563711029725, shape=(), dtype=float64)
nll_grad  cost time: 3.104483127593994
tf.Tensor(-10820.580695442024, shape=(), dtype=float64)
nll_grad  cost time: 3.1759417057037354
tf.Tensor(-10820.600496201412, shape=(), dtype=float64)
nll_grad  cost time: 3.0922625064849854
tf.Tensor(-10820.618985134251, shape=(), dtype=float64)
nll_grad  cost time: 3.0375123023986816
tf.Tensor(-10820.63289733087, shape=(), dtype=float64)
nll_grad  cost time: 3.0815272331237793
tf.Tensor(-10820.64406071449, shape=(), dtype=float64)
nll_grad  cost time: 3.058457374572754
tf.Tensor(-10820.653710303799, shape=(), dtype=float64)
nll_grad  cost time: 3.110433340072632
tf.Tensor(-10820.662726981043, shape=(), dtype=float64)
nll_grad  cost time: 3.0436854362487793
tf.Tensor(-10820.671390580821, shape=(), dtype=float64)
nll_grad  cost time: 2.9098315238952637
tf.Tensor(-10820.677834245174, shape=(), dtype=float64)
nll_grad  cost time: 2.9065206050872803
tf.Tensor(-10820.681873713616, shape=(), dtype=float64)
nll_grad  cost time: 2.9992239475250244
tf.Tensor(-10820.686410793023, shape=(), dtype=float64)
nll_grad  cost time: 2.975471019744873
tf.Tensor(-10820.690463941566, shape=(), dtype=float64)
nll_grad  cost time: 3.006188154220581
tf.Tensor(-10820.692989638763, shape=(), dtype=float64)
nll_grad  cost time: 3.1892244815826416
tf.Tensor(-10820.696344425494, shape=(), dtype=float64)
nll_grad  cost time: 2.9853217601776123
tf.Tensor(-10820.700207399368, shape=(), dtype=float64)
nll_grad  cost time: 2.8481881618499756
tf.Tensor(-10820.70429812726, shape=(), dtype=float64)
nll_grad  cost time: 2.8920998573303223
tf.Tensor(-10820.707786422998, shape=(), dtype=float64)
nll_grad  cost time: 2.9945151805877686
tf.Tensor(-10820.710442913089, shape=(), dtype=float64)
nll_grad  cost time: 2.9908878803253174
tf.Tensor(-10820.71239510673, shape=(), dtype=float64)
nll_grad  cost time: 2.953604221343994
tf.Tensor(-10820.714147593795, shape=(), dtype=float64)
nll_grad  cost time: 3.015507698059082
tf.Tensor(-10820.716248559609, shape=(), dtype=float64)
nll_grad  cost time: 3.0341362953186035
tf.Tensor(-10820.719110318067, shape=(), dtype=float64)
nll_grad  cost time: 3.0183162689208984
tf.Tensor(-10820.722325834144, shape=(), dtype=float64)
nll_grad  cost time: 2.881331205368042
tf.Tensor(-10820.725633914146, shape=(), dtype=float64)
nll_grad  cost time: 2.9518187046051025
tf.Tensor(-10820.728536463806, shape=(), dtype=float64)
nll_grad  cost time: 2.852707624435425
tf.Tensor(-10820.731115253988, shape=(), dtype=float64)
nll_grad  cost time: 2.9474289417266846
tf.Tensor(-10820.734037774298, shape=(), dtype=float64)
nll_grad  cost time: 2.9911861419677734
tf.Tensor(-10820.738337983435, shape=(), dtype=float64)
nll_grad  cost time: 2.966991424560547
tf.Tensor(-10820.744834852536, shape=(), dtype=float64)
nll_grad  cost time: 2.9225099086761475
tf.Tensor(-10820.753820327009, shape=(), dtype=float64)
nll_grad  cost time: 2.856771469116211
tf.Tensor(-10820.762539902362, shape=(), dtype=float64)
nll_grad  cost time: 2.9180641174316406
tf.Tensor(-10820.769548452641, shape=(), dtype=float64)
nll_grad  cost time: 2.8678245544433594
tf.Tensor(-10820.774995904861, shape=(), dtype=float64)
nll_grad  cost time: 2.9988903999328613
tf.Tensor(-10820.78011930279, shape=(), dtype=float64)
nll_grad  cost time: 2.9156696796417236
tf.Tensor(-10820.785677478892, shape=(), dtype=float64)
nll_grad  cost time: 2.8610363006591797
tf.Tensor(-10820.791398901438, shape=(), dtype=float64)
nll_grad  cost time: 2.9198548793792725
tf.Tensor(-10820.796936208544, shape=(), dtype=float64)
nll_grad  cost time: 2.9741690158843994
tf.Tensor(-10820.802602208949, shape=(), dtype=float64)
nll_grad  cost time: 2.9404261112213135
tf.Tensor(-10820.808169142707, shape=(), dtype=float64)
nll_grad  cost time: 2.9470038414001465
tf.Tensor(-10820.813372558598, shape=(), dtype=float64)
nll_grad  cost time: 2.8651912212371826
tf.Tensor(-10820.818724818291, shape=(), dtype=float64)
nll_grad  cost time: 2.9473025798797607
tf.Tensor(-10820.82510014603, shape=(), dtype=float64)
nll_grad  cost time: 2.945563554763794
tf.Tensor(-10820.835046812917, shape=(), dtype=float64)
nll_grad  cost time: 2.8297576904296875
tf.Tensor(-10820.849435424469, shape=(), dtype=float64)
nll_grad  cost time: 2.840731143951416
tf.Tensor(-10820.867329065379, shape=(), dtype=float64)
nll_grad  cost time: 2.815885066986084
tf.Tensor(-10820.88756396468, shape=(), dtype=float64)
nll_grad  cost time: 2.8663852214813232
tf.Tensor(-10820.903776304123, shape=(), dtype=float64)
nll_grad  cost time: 2.958096504211426
tf.Tensor(-10820.918809872153, shape=(), dtype=float64)
nll_grad  cost time: 3.069547176361084
tf.Tensor(-10820.938848819325, shape=(), dtype=float64)
nll_grad  cost time: 3.0556788444519043
tf.Tensor(-10820.951507436865, shape=(), dtype=float64)
nll_grad  cost time: 2.935335159301758
tf.Tensor(-10820.959500460345, shape=(), dtype=float64)
nll_grad  cost time: 2.9324777126312256
tf.Tensor(-10820.969361647796, shape=(), dtype=float64)
nll_grad  cost time: 2.904852867126465
tf.Tensor(-10820.978638658842, shape=(), dtype=float64)
nll_grad  cost time: 2.935215473175049
tf.Tensor(-10820.98879297952, shape=(), dtype=float64)
nll_grad  cost time: 2.882755756378174
tf.Tensor(-10821.001369487964, shape=(), dtype=float64)
nll_grad  cost time: 2.9509572982788086
tf.Tensor(-10821.014463316835, shape=(), dtype=float64)
nll_grad  cost time: 2.877976894378662
tf.Tensor(-10821.023714351935, shape=(), dtype=float64)
nll_grad  cost time: 2.9400486946105957
tf.Tensor(-10821.033102500569, shape=(), dtype=float64)
nll_grad  cost time: 3.0015413761138916
tf.Tensor(-10821.045402683403, shape=(), dtype=float64)
nll_grad  cost time: 2.8296010494232178
tf.Tensor(-10821.058928817245, shape=(), dtype=float64)
nll_grad  cost time: 2.9045493602752686
tf.Tensor(-10821.07149698479, shape=(), dtype=float64)
nll_grad  cost time: 2.904223680496216
tf.Tensor(-10821.083189310857, shape=(), dtype=float64)
nll_grad  cost time: 2.967257499694824
tf.Tensor(-10821.091884214598, shape=(), dtype=float64)
nll_grad  cost time: 3.0019893646240234
tf.Tensor(-10821.097450240983, shape=(), dtype=float64)
nll_grad  cost time: 3.079404830932617
tf.Tensor(-10821.100724292166, shape=(), dtype=float64)
nll_grad  cost time: 3.0975799560546875
tf.Tensor(-10821.10385594839, shape=(), dtype=float64)
nll_grad  cost time: 3.077977180480957
tf.Tensor(-10821.106943110186, shape=(), dtype=float64)
nll_grad  cost time: 3.1962320804595947
tf.Tensor(-10821.110566570296, shape=(), dtype=float64)
nll_grad  cost time: 3.126352310180664
tf.Tensor(-10821.113891181729, shape=(), dtype=float64)
nll_grad  cost time: 3.094834566116333
tf.Tensor(-10821.117224401882, shape=(), dtype=float64)
nll_grad  cost time: 3.0154309272766113
tf.Tensor(-10821.120661096906, shape=(), dtype=float64)
nll_grad  cost time: 2.9540553092956543
tf.Tensor(-10821.124776268427, shape=(), dtype=float64)
nll_grad  cost time: 2.9663848876953125
tf.Tensor(-10821.129557838241, shape=(), dtype=float64)
nll_grad  cost time: 3.1281509399414062
tf.Tensor(-10821.134696631401, shape=(), dtype=float64)
nll_grad  cost time: 3.1500701904296875
tf.Tensor(-10821.139315556644, shape=(), dtype=float64)
nll_grad  cost time: 2.99943208694458
tf.Tensor(-10821.142952499002, shape=(), dtype=float64)
nll_grad  cost time: 3.037426233291626
tf.Tensor(-10821.14613471389, shape=(), dtype=float64)
nll_grad  cost time: 3.1537575721740723
tf.Tensor(-10821.14956862637, shape=(), dtype=float64)
nll_grad  cost time: 3.12549090385437
tf.Tensor(-10821.153431568277, shape=(), dtype=float64)
nll_grad  cost time: 2.975498914718628
tf.Tensor(-10821.157495208754, shape=(), dtype=float64)
nll_grad  cost time: 2.9474658966064453
tf.Tensor(-10821.161298483159, shape=(), dtype=float64)
nll_grad  cost time: 2.9615063667297363
tf.Tensor(-10821.16456232923, shape=(), dtype=float64)
nll_grad  cost time: 2.9648399353027344
tf.Tensor(-10821.167725639105, shape=(), dtype=float64)
nll_grad  cost time: 3.003967046737671
tf.Tensor(-10821.170629302422, shape=(), dtype=float64)
nll_grad  cost time: 3.100106954574585
tf.Tensor(-10821.172856541682, shape=(), dtype=float64)
nll_grad  cost time: 2.9291768074035645
tf.Tensor(-10821.174449604852, shape=(), dtype=float64)
nll_grad  cost time: 2.9596107006073
tf.Tensor(-10821.17610298668, shape=(), dtype=float64)
nll_grad  cost time: 2.9788646697998047
tf.Tensor(-10821.178500103164, shape=(), dtype=float64)
nll_grad  cost time: 3.099768877029419
tf.Tensor(-10821.181617726088, shape=(), dtype=float64)
nll_grad  cost time: 2.9878222942352295
tf.Tensor(-10821.184535164446, shape=(), dtype=float64)
nll_grad  cost time: 2.8912856578826904
tf.Tensor(-10821.18712542759, shape=(), dtype=float64)
nll_grad  cost time: 2.9850730895996094
tf.Tensor(-10821.189248445113, shape=(), dtype=float64)
nll_grad  cost time: 2.859300374984741
tf.Tensor(-10821.191005314246, shape=(), dtype=float64)
nll_grad  cost time: 2.9491207599639893
tf.Tensor(-10821.19226699267, shape=(), dtype=float64)
nll_grad  cost time: 2.9070234298706055
tf.Tensor(-10821.193059715695, shape=(), dtype=float64)
nll_grad  cost time: 2.8987154960632324
tf.Tensor(-10821.193532688943, shape=(), dtype=float64)
nll_grad  cost time: 2.923738479614258
tf.Tensor(-10821.193851933132, shape=(), dtype=float64)
nll_grad  cost time: 2.8860769271850586
tf.Tensor(-10821.194204177751, shape=(), dtype=float64)
nll_grad  cost time: 2.977740526199341
tf.Tensor(-10821.194653267868, shape=(), dtype=float64)
nll_grad  cost time: 2.861978769302368
tf.Tensor(-10821.195374815652, shape=(), dtype=float64)
nll_grad  cost time: 2.933422803878784
tf.Tensor(-10821.19654925086, shape=(), dtype=float64)
nll_grad  cost time: 2.9798600673675537
tf.Tensor(-10821.198386486592, shape=(), dtype=float64)
nll_grad  cost time: 2.8724448680877686
tf.Tensor(-10821.200708007327, shape=(), dtype=float64)
nll_grad  cost time: 2.812870740890503
tf.Tensor(-10821.20236240045, shape=(), dtype=float64)
nll_grad  cost time: 2.8064723014831543
tf.Tensor(-10821.203564831576, shape=(), dtype=float64)
nll_grad  cost time: 2.8967068195343018
tf.Tensor(-10821.204202556553, shape=(), dtype=float64)
nll_grad  cost time: 2.7847678661346436
tf.Tensor(-10821.204699311567, shape=(), dtype=float64)
nll_grad  cost time: 2.856403112411499
tf.Tensor(-10821.205115424491, shape=(), dtype=float64)
nll_grad  cost time: 2.9528939723968506
tf.Tensor(-10821.205427092518, shape=(), dtype=float64)
nll_grad  cost time: 2.8375449180603027
tf.Tensor(-10821.205754226845, shape=(), dtype=float64)
nll_grad  cost time: 2.8896894454956055
tf.Tensor(-10821.206257476992, shape=(), dtype=float64)
nll_grad  cost time: 2.89992356300354
tf.Tensor(-10821.20701586515, shape=(), dtype=float64)
nll_grad  cost time: 2.9636142253875732
tf.Tensor(-10821.207977727532, shape=(), dtype=float64)
nll_grad  cost time: 2.90159273147583
tf.Tensor(-10821.2088887209, shape=(), dtype=float64)
nll_grad  cost time: 3.0726542472839355
tf.Tensor(-10821.209601249797, shape=(), dtype=float64)
nll_grad  cost time: 3.038512945175171
tf.Tensor(-10821.21010372118, shape=(), dtype=float64)
nll_grad  cost time: 2.9325156211853027
tf.Tensor(-10821.210478632056, shape=(), dtype=float64)
nll_grad  cost time: 2.9686777591705322
tf.Tensor(-10821.210753244513, shape=(), dtype=float64)
nll_grad  cost time: 3.0170700550079346
tf.Tensor(-10821.210979685595, shape=(), dtype=float64)
nll_grad  cost time: 2.9422969818115234
tf.Tensor(-10821.2112194638, shape=(), dtype=float64)
nll_grad  cost time: 2.92102313041687
tf.Tensor(-10821.211522002217, shape=(), dtype=float64)
nll_grad  cost time: 2.9441590309143066
tf.Tensor(-10821.211886887697, shape=(), dtype=float64)
nll_grad  cost time: 3.0384013652801514
tf.Tensor(-10821.212243073933, shape=(), dtype=float64)
nll_grad  cost time: 2.9161880016326904
tf.Tensor(-10821.212507821545, shape=(), dtype=float64)
nll_grad  cost time: 3.025578737258911
tf.Tensor(-10821.212668723032, shape=(), dtype=float64)
nll_grad  cost time: 3.0704164505004883
tf.Tensor(-10821.212759454535, shape=(), dtype=float64)
nll_grad  cost time: 3.013165235519409
tf.Tensor(-10821.212824201699, shape=(), dtype=float64)
nll_grad  cost time: 2.9408228397369385
tf.Tensor(-10821.212889843662, shape=(), dtype=float64)
nll_grad  cost time: 3.0408990383148193
tf.Tensor(-10821.212971590998, shape=(), dtype=float64)
nll_grad  cost time: 2.924440860748291
tf.Tensor(-10821.213090807032, shape=(), dtype=float64)
nll_grad  cost time: 3.0048646926879883
tf.Tensor(-10821.213269767803, shape=(), dtype=float64)
nll_grad  cost time: 2.9293136596679688
tf.Tensor(-10821.21352690186, shape=(), dtype=float64)
nll_grad  cost time: 3.014491081237793
tf.Tensor(-10821.213862988581, shape=(), dtype=float64)
nll_grad  cost time: 2.93477725982666
tf.Tensor(-10821.214244816292, shape=(), dtype=float64)
nll_grad  cost time: 3.2753865718841553
tf.Tensor(-10821.214601128024, shape=(), dtype=float64)
nll_grad  cost time: 3.118187189102173
tf.Tensor(-10821.214862493958, shape=(), dtype=float64)
nll_grad  cost time: 3.011855363845825
tf.Tensor(-10821.215026079728, shape=(), dtype=float64)
nll_grad  cost time: 2.9291698932647705
tf.Tensor(-10821.215154800837, shape=(), dtype=float64)
nll_grad  cost time: 3.0595204830169678
tf.Tensor(-10821.215321374868, shape=(), dtype=float64)
nll_grad  cost time: 3.0281286239624023
tf.Tensor(-10821.21558575013, shape=(), dtype=float64)
nll_grad  cost time: 2.9345600605010986
tf.Tensor(-10821.216009869231, shape=(), dtype=float64)
nll_grad  cost time: 3.2825748920440674
tf.Tensor(-10821.216664895279, shape=(), dtype=float64)
nll_grad  cost time: 2.8945279121398926
tf.Tensor(-10821.21744989801, shape=(), dtype=float64)
nll_grad  cost time: 2.924281120300293
tf.Tensor(-10821.217999435305, shape=(), dtype=float64)
nll_grad  cost time: 2.9566564559936523
tf.Tensor(-10821.218274234372, shape=(), dtype=float64)
nll_grad  cost time: 3.0182528495788574
tf.Tensor(-10821.21835314377, shape=(), dtype=float64)
nll_grad  cost time: 2.924542188644409
tf.Tensor(-10821.21838244237, shape=(), dtype=float64)
nll_grad  cost time: 2.945006847381592
tf.Tensor(-10821.218397698813, shape=(), dtype=float64)
nll_grad  cost time: 3.0273892879486084
tf.Tensor(-10821.218407230484, shape=(), dtype=float64)
nll_grad  cost time: 3.013110637664795
tf.Tensor(-10821.21841467599, shape=(), dtype=float64)
nll_grad  cost time: 2.9325244426727295
tf.Tensor(-10821.218423691722, shape=(), dtype=float64)
nll_grad  cost time: 2.9700567722320557
tf.Tensor(-10821.218437228927, shape=(), dtype=float64)
nll_grad  cost time: 3.0689375400543213
tf.Tensor(-10821.218456873718, shape=(), dtype=float64)
nll_grad  cost time: 2.9721927642822266
tf.Tensor(-10821.21847901875, shape=(), dtype=float64)
nll_grad  cost time: 3.065098524093628
tf.Tensor(-10821.218494870735, shape=(), dtype=float64)
nll_grad  cost time: 2.9880495071411133
tf.Tensor(-10821.218501706451, shape=(), dtype=float64)
nll_grad  cost time: 3.0106160640716553
tf.Tensor(-10821.218504176657, shape=(), dtype=float64)
nll_grad  cost time: 3.057807207107544
tf.Tensor(-10821.218505584731, shape=(), dtype=float64)
nll_grad  cost time: 3.234947681427002
tf.Tensor(-10821.21850695111, shape=(), dtype=float64)
nll_grad  cost time: 3.0699081420898438
tf.Tensor(-10821.21850875492, shape=(), dtype=float64)
nll_grad  cost time: 2.9622480869293213
tf.Tensor(-10821.21851167365, shape=(), dtype=float64)
nll_grad  cost time: 2.923825979232788
tf.Tensor(-10821.218516512163, shape=(), dtype=float64)
nll_grad  cost time: 2.9831902980804443
tf.Tensor(-10821.218524329537, shape=(), dtype=float64)
nll_grad  cost time: 2.944251537322998
tf.Tensor(-10821.218535274493, shape=(), dtype=float64)
nll_grad  cost time: 2.90742564201355
tf.Tensor(-10821.218541931737, shape=(), dtype=float64)
nll_grad  cost time: 2.969217538833618
tf.Tensor(-10821.218545083342, shape=(), dtype=float64)
nll_grad  cost time: 3.0060901641845703
tf.Tensor(-10821.218545782824, shape=(), dtype=float64)
nll_grad  cost time: 2.968313217163086
tf.Tensor(-10821.218546089516, shape=(), dtype=float64)
nll_grad  cost time: 2.9646682739257812
tf.Tensor(-10821.218546540138, shape=(), dtype=float64)
nll_grad  cost time: 2.907815933227539
tf.Tensor(-10821.218547271043, shape=(), dtype=float64)
nll_grad  cost time: 2.9365851879119873
tf.Tensor(-10821.218548492165, shape=(), dtype=float64)
nll_grad  cost time: 2.9689600467681885
tf.Tensor(-10821.21855052893, shape=(), dtype=float64)
nll_grad  cost time: 2.9943273067474365
tf.Tensor(-10821.218553748142, shape=(), dtype=float64)
nll_grad  cost time: 2.9571728706359863
tf.Tensor(-10821.218557704085, shape=(), dtype=float64)
nll_grad  cost time: 3.0407769680023193
tf.Tensor(-10821.21855996969, shape=(), dtype=float64)
nll_grad  cost time: 3.0204780101776123
tf.Tensor(-10821.218560992718, shape=(), dtype=float64)
nll_grad  cost time: 3.0147109031677246
tf.Tensor(-10821.21856111659, shape=(), dtype=float64)
nll_grad  cost time: 3.069093942642212
tf.Tensor(-10821.218561128277, shape=(), dtype=float64)
nll_grad  cost time: 3.1586897373199463
tf.Tensor(-10821.218561129881, shape=(), dtype=float64)
Optimization terminated successfully.
         Current function value: -10821.218561
         Iterations: 938
         Function evaluations: 952
         Gradient evaluations: 952
  message: Optimization terminated successfully.
  success: True
   status: 0
      fun: -10821.218561129881
        x: [ 1.690e+00  5.691e-01 ... -4.651e-01 -1.703e+00]
      nit: 938
      jac: [ 0.000e+00  0.000e+00 ... -7.563e-07 -6.934e-06]
 hess_inv: [[ 1.000e+00  0.000e+00 ...  0.000e+00  0.000e+00]
            [ 0.000e+00  1.000e+00 ...  0.000e+00  0.000e+00]
            ...
            [ 0.000e+00  0.000e+00 ...  3.463e-02 -2.098e-03]
            [ 0.000e+00  0.000e+00 ... -2.098e-03  2.105e-01]]
     nfev: 952
     njev: 952
fit  cost time: 2837.922432422638

========== Fit loop 2/5 ==========
using RANDOM parameters

########### initial parameters
{
  "rho(1450)p_mass": 1.51,
  "rho(1450)p_width": 0.44,
  "rho(1570)p_mass": 1.57,
  "rho(1570)p_width": 0.14,
  "rho(1690)p_mass": 1.681,
  "rho(1690)p_width": 0.19,
  "rho(1450)m_mass": 1.51,
  "rho(1450)m_width": 0.44,
  "rho(1570)m_mass": 1.57,
  "rho(1570)m_width": 0.14,
  "rho(1690)m_mass": 1.681,
  "rho(1690)m_width": 0.19,
  "f0(500)_E791_mass": 0.478,
  "f2(1270)_flatte_mass": 1.2754,
  "f2(1270)_flatte_g_0": 0.6994994711260332,
  "f2(1270)_flatte_g_1": 1.4815603246874134,
  "f0(1370)_mass": 1.37,
  "f0(1370)_width": 0.35,
  "f0(1500)_flatte_mass": 1.522,
  "f0(1500)_flatte_g_0": 3.9802527694588217,
  "f0(1500)_flatte_g_1": 0.6754208964324514,
  "f2(1430)_mass": 1.43,
  "f2(1430)_width": 0.046,
  "f2(2010)_mass": 2.011,
  "f2(2010)_width": 0.202,
  "Jpsi->rho(1450)p.pimrho(1450)p->phi.pip_total_0r": 1.0,
  "Jpsi->rho(1450)p.pimrho(1450)p->phi.pip_total_0i": 0.0,
  "Jpsi->rho(1450)p.pim_g_ls_0r": 1.0,
  "Jpsi->rho(1450)p.pim_g_ls_0i": 0.0,
  "rho(1450)p->phi.pip_g_ls_0r": 1.0,
  "rho(1450)p->phi.pip_g_ls_0i": 0.0,
  "Jpsi->rho(1570)p.pimrho(1570)p->phi.pip_total_0r": 1.759320593135603,
  "Jpsi->rho(1570)p.pimrho(1570)p->phi.pip_total_0i": 2.0425529636016417,
  "Jpsi->rho(1570)p.pim_g_ls_0r": 1.0,
  "Jpsi->rho(1570)p.pim_g_ls_0i": 0.0,
  "rho(1570)p->phi.pip_g_ls_0r": 1.0,
  "rho(1570)p->phi.pip_g_ls_0i": 0.0,
  "Jpsi->rho(1690)p.pimrho(1690)p->phi.pip_total_0r": 0.5029515758767213,
  "Jpsi->rho(1690)p.pimrho(1690)p->phi.pip_total_0i": 2.4938807282780724,
  "Jpsi->rho(1690)p.pim_g_ls_0r": 1.0,
  "Jpsi->rho(1690)p.pim_g_ls_0i": 0.0,
  "rho(1690)p->phi.pip_g_ls_0r": 1.0,
  "rho(1690)p->phi.pip_g_ls_0i": 0.0,
  "Jpsi->rho(1450)m.piprho(1450)m->phi.pim_total_0r": 1.0,
  "Jpsi->rho(1450)m.piprho(1450)m->phi.pim_total_0i": 0.0,
  "Jpsi->rho(1450)m.pip_g_ls_0r": 1.0,
  "Jpsi->rho(1450)m.pip_g_ls_0i": 0.0,
  "rho(1450)m->phi.pim_g_ls_0r": 1.0,
  "rho(1450)m->phi.pim_g_ls_0i": 0.0,
  "Jpsi->rho(1570)m.piprho(1570)m->phi.pim_total_0r": 1.759320593135603,
  "Jpsi->rho(1570)m.piprho(1570)m->phi.pim_total_0i": 2.0425529636016417,
  "Jpsi->rho(1570)m.pip_g_ls_0r": 1.0,
  "Jpsi->rho(1570)m.pip_g_ls_0i": 0.0,
  "rho(1570)m->phi.pim_g_ls_0r": 1.0,
  "rho(1570)m->phi.pim_g_ls_0i": 0.0,
  "Jpsi->rho(1690)m.piprho(1690)m->phi.pim_total_0r": 0.5029515758767213,
  "Jpsi->rho(1690)m.piprho(1690)m->phi.pim_total_0i": 2.4938807282780724,
  "Jpsi->rho(1690)m.pip_g_ls_0r": 1.0,
  "Jpsi->rho(1690)m.pip_g_ls_0i": 0.0,
  "rho(1690)m->phi.pim_g_ls_0r": 1.0,
  "rho(1690)m->phi.pim_g_ls_0i": 0.0,
  "Jpsi->phi.f0(500)_E791f0(500)_E791->pip.pim_total_0r": 1.2020730918560112,
  "Jpsi->phi.f0(500)_E791f0(500)_E791->pip.pim_total_0i": 2.76020972692982,
  "Jpsi->phi.f0(500)_E791_g_ls_0r": 1.0,
  "Jpsi->phi.f0(500)_E791_g_ls_0i": 0.0,
  "Jpsi->phi.f0(500)_E791_g_ls_1r": 1.926523937077433,
  "Jpsi->phi.f0(500)_E791_g_ls_1i": 2.9507167098053575,
  "f0(500)_E791->pip.pim_g_ls_0r": 1.0,
  "f0(500)_E791->pip.pim_g_ls_0i": 0.0,
  "Jpsi->phi.f0(980)_flattef0(980)_flatte->pip.pim_total_0r": 0.6740013152537045,
  "Jpsi->phi.f0(980)_flattef0(980)_flatte->pip.pim_total_0i": 2.1953464706818737,
  "f0(980)_flatte->pip.pim_g_ls_0r": 1.0,
  "f0(980)_flatte->pip.pim_g_ls_0i": 0.0,
  "Jpsi->phi.f2(1270)_flattef2(1270)_flatte->pip.pim_total_0r": 1.089262857553229,
  "Jpsi->phi.f2(1270)_flattef2(1270)_flatte->pip.pim_total_0i": -2.9625396414381977,
  "Jpsi->phi.f2(1270)_flatte_g_ls_0r": 1.0,
  "Jpsi->phi.f2(1270)_flatte_g_ls_0i": 0.0,
  "Jpsi->phi.f2(1270)_flatte_g_ls_1r": 1.902893673751474,
  "Jpsi->phi.f2(1270)_flatte_g_ls_1i": -1.804908804500222,
  "Jpsi->phi.f2(1270)_flatte_g_ls_2r": 0.44940238981295266,
  "Jpsi->phi.f2(1270)_flatte_g_ls_2i": -0.5176842143542748,
  "Jpsi->phi.f2(1270)_flatte_g_ls_3r": 0.44063021566500504,
  "Jpsi->phi.f2(1270)_flatte_g_ls_3i": 0.44271243807920513,
  "Jpsi->phi.f2(1270)_flatte_g_ls_4r": 1.5889656244439303,
  "Jpsi->phi.f2(1270)_flatte_g_ls_4i": 0.7175344633930929,
  "f2(1270)_flatte->pip.pim_g_ls_0r": 1.0,
  "f2(1270)_flatte->pip.pim_g_ls_0i": 0.0,
  "Jpsi->phi.f0(1370)f0(1370)->pip.pim_total_0r": 0.8154918455059876,
  "Jpsi->phi.f0(1370)f0(1370)->pip.pim_total_0i": -0.9067500622016906,
  "Jpsi->phi.f0(1370)_g_ls_0r": 1.0,
  "Jpsi->phi.f0(1370)_g_ls_0i": 0.0,
  "Jpsi->phi.f0(1370)_g_ls_1r": 0.08474489882644187,
  "Jpsi->phi.f0(1370)_g_ls_1i": -2.639109005674259,
  "f0(1370)->pip.pim_g_ls_0r": 1.0,
  "f0(1370)->pip.pim_g_ls_0i": 0.0,
  "Jpsi->phi.f0(1500)_flattef0(1500)_flatte->pip.pim_total_0r": 0.7533718376362297,
  "Jpsi->phi.f0(1500)_flattef0(1500)_flatte->pip.pim_total_0i": -1.4734380267652227,
  "Jpsi->phi.f0(1500)_flatte_g_ls_0r": 1.0,
  "Jpsi->phi.f0(1500)_flatte_g_ls_0i": 0.0,
  "Jpsi->phi.f0(1500)_flatte_g_ls_1r": 0.20554000581176712,
  "Jpsi->phi.f0(1500)_flatte_g_ls_1i": -0.017733072217563706,
  "f0(1500)_flatte->pip.pim_g_ls_0r": 1.0,
  "f0(1500)_flatte->pip.pim_g_ls_0i": 0.0,
  "Jpsi->phi.f0(1710)f0(1710)->pip.pim_total_0r": 1.1860931149417322,
  "Jpsi->phi.f0(1710)f0(1710)->pip.pim_total_0i": -0.7441641130154548,
  "f0(1710)->pip.pim_g_ls_0r": 1.0,
  "f0(1710)->pip.pim_g_ls_0i": 0.0,
  "Jpsi->phi.f2(1430)f2(1430)->pip.pim_total_0r": 1.822075133699106,
  "Jpsi->phi.f2(1430)f2(1430)->pip.pim_total_0i": -2.654423930490273,
  "Jpsi->phi.f2(1430)_g_ls_0r": 1.0,
  "Jpsi->phi.f2(1430)_g_ls_0i": 0.0,
  "Jpsi->phi.f2(1430)_g_ls_1r": 1.3637230632446111,
  "Jpsi->phi.f2(1430)_g_ls_1i": 2.099707990950604,
  "Jpsi->phi.f2(1430)_g_ls_2r": 0.9569952008508404,
  "Jpsi->phi.f2(1430)_g_ls_2i": 1.7436865950642524,
  "Jpsi->phi.f2(1430)_g_ls_3r": 0.7291002782014933,
  "Jpsi->phi.f2(1430)_g_ls_3i": 2.5128395589729964,
  "Jpsi->phi.f2(1430)_g_ls_4r": 1.0416821442069395,
  "Jpsi->phi.f2(1430)_g_ls_4i": 1.0816834378550464,
  "f2(1430)->pip.pim_g_ls_0r": 1.0,
  "f2(1430)->pip.pim_g_ls_0i": 0.0,
  "Jpsi->phi.f2(2010)f2(2010)->pip.pim_total_0r": 1.1013457196373437,
  "Jpsi->phi.f2(2010)f2(2010)->pip.pim_total_0i": -0.905895467468175,
  "Jpsi->phi.f2(2010)_g_ls_0r": 1.0,
  "Jpsi->phi.f2(2010)_g_ls_0i": 0.0,
  "Jpsi->phi.f2(2010)_g_ls_1r": 1.448057253701068,
  "Jpsi->phi.f2(2010)_g_ls_1i": 2.652397057472829,
  "Jpsi->phi.f2(2010)_g_ls_2r": 0.5938386844175678,
  "Jpsi->phi.f2(2010)_g_ls_2i": 2.3355047821303767,
  "Jpsi->phi.f2(2010)_g_ls_3r": 1.9939751377831598,
  "Jpsi->phi.f2(2010)_g_ls_3i": -2.39343244731398,
  "Jpsi->phi.f2(2010)_g_ls_4r": 0.38883975275398264,
  "Jpsi->phi.f2(2010)_g_ls_4i": 2.7073904316261563,
  "f2(2010)->pip.pim_g_ls_0r": 1.0,
  "f2(2010)->pip.pim_g_ls_0i": 0.0,
  "K1(1400)p_mass": 1.403,
  "K1(1400)p_width": 0.174,
  "K2(1820)p_mass": 1.819,
  "K2(1820)p_width": 0.264,
  "K2(1980)p_mass": 1.99,
  "K2(1980)p_width": 0.348,
  "K2(2250)p_mass": 2.247,
  "K2(2250)p_width": 0.18,
  "K3(2320)p_mass": 2.324,
  "K3(2320)p_width": 0.15,
  "K1(1400)m_mass": 1.403,
  "K1(1400)m_width": 0.174,
  "K2(1820)m_mass": 1.819,
  "K2(1820)m_width": 0.264,
  "K2(1980)m_mass": 1.99,
  "K2(1980)m_width": 0.348,
  "K3(2320)m_mass": 2.324,
  "K3(2320)m_width": 0.15,
  "f0(980)_flatte_mass": 0.965,
  "f0(980)_flatte_g_0": 2.3105533008526207,
  "f0(980)_flatte_g_1": 1.0963445660492617,
  "f2(1270)_mass": 1.2754,
  "f2(1270)_width": 0.1858,
  "f0(1500)_mass": 1.522,
  "f0(1500)_width": 0.108,
  "f2(1525)_mass": 1.5173,
  "f2(1525)_width": 0.072,
  "f2(1565)_mass": 1.571,
  "f2(1565)_width": 0.132,
  "f0(1710)_mass": 1.733,
  "f0(1710)_width": 0.15,
  "f2(1810)_mass": 1.815,
  "f2(1810)_width": 0.197,
  "Jpsi->K1(1400)p.kmK1(1400)p->phi.kp_total_0r": 1.0,
  "Jpsi->K1(1400)p.kmK1(1400)p->phi.kp_total_0i": 0.0,
  "Jpsi->K1(1400)p.km_g_ls_0r": 1.0,
  "Jpsi->K1(1400)p.km_g_ls_0i": 0.0,
  "Jpsi->K1(1400)p.km_g_ls_1r": 1.2238608306037655,
  "Jpsi->K1(1400)p.km_g_ls_1i": -1.336970958201307,
  "K1(1400)p->phi.kp_g_ls_0r": 1.0,
  "K1(1400)p->phi.kp_g_ls_0i": 0.0,
  "K1(1400)p->phi.kp_g_ls_1r": 1.5584137953357184,
  "K1(1400)p->phi.kp_g_ls_1i": -1.7350600452423515,
  "Jpsi->K2(1820)p.kmK2(1820)p->phi.kp_total_0r": 0.9462358624787162,
  "Jpsi->K2(1820)p.kmK2(1820)p->phi.kp_total_0i": 0.6746402641735014,
  "Jpsi->K2(1820)p.km_g_ls_0r": 1.0,
  "Jpsi->K2(1820)p.km_g_ls_0i": 0.0,
  "Jpsi->K2(1820)p.km_g_ls_1r": 1.6875601503112545,
  "Jpsi->K2(1820)p.km_g_ls_1i": -2.415142042391986,
  "K2(1820)p->phi.kp_g_ls_0r": 1.0,
  "K2(1820)p->phi.kp_g_ls_0i": 0.0,
  "K2(1820)p->phi.kp_g_ls_1r": 0.12624340251718147,
  "K2(1820)p->phi.kp_g_ls_1i": -2.968737222996216,
  "Jpsi->K2(1980)p.kmK2(1980)p->phi.kp_total_0r": 1.9643190300244053,
  "Jpsi->K2(1980)p.kmK2(1980)p->phi.kp_total_0i": -2.510469651307474,
  "Jpsi->K2(1980)p.km_g_ls_0r": 1.0,
  "Jpsi->K2(1980)p.km_g_ls_0i": 0.0,
  "K2(1980)p->phi.kp_g_ls_0r": 1.0,
  "K2(1980)p->phi.kp_g_ls_0i": 0.0,
  "Jpsi->K2(2250)p.kmK2(2250)p->phi.kp_total_0r": 1.337496977080368,
  "Jpsi->K2(2250)p.kmK2(2250)p->phi.kp_total_0i": 0.23228616997964968,
  "Jpsi->K2(2250)p.km_g_ls_0r": 1.0,
  "Jpsi->K2(2250)p.km_g_ls_0i": 0.0,
  "Jpsi->K2(2250)p.km_g_ls_1r": 1.5058964177450314,
  "Jpsi->K2(2250)p.km_g_ls_1i": 1.8691988049523776,
  "K2(2250)p->phi.kp_g_ls_0r": 1.0,
  "K2(2250)p->phi.kp_g_ls_0i": 0.0,
  "K2(2250)p->phi.kp_g_ls_1r": 0.548945468293454,
  "K2(2250)p->phi.kp_g_ls_1i": 1.524376947968757,
  "Jpsi->K3(2320)p.kmK3(2320)p->phi.kp_total_0r": 0.9142872783959421,
  "Jpsi->K3(2320)p.kmK3(2320)p->phi.kp_total_0i": 0.6541862617275784,
  "Jpsi->K3(2320)p.km_g_ls_0r": 1.0,
  "Jpsi->K3(2320)p.km_g_ls_0i": 0.0,
  "Jpsi->K3(2320)p.km_g_ls_1r": 1.2627924509285435,
  "Jpsi->K3(2320)p.km_g_ls_1i": 1.6373399838604445,
  "K3(2320)p->phi.kp_g_ls_0r": 1.0,
  "K3(2320)p->phi.kp_g_ls_0i": 0.0,
  "K3(2320)p->phi.kp_g_ls_1r": 0.4537482815072922,
  "K3(2320)p->phi.kp_g_ls_1i": -2.8127881869372775,
  "Jpsi->K1(1400)m.kpK1(1400)m->phi.km_total_0r": 1.0,
  "Jpsi->K1(1400)m.kpK1(1400)m->phi.km_total_0i": 0.0,
  "Jpsi->K1(1400)m.kp_g_ls_0r": 1.0,
  "Jpsi->K1(1400)m.kp_g_ls_0i": 0.0,
  "Jpsi->K1(1400)m.kp_g_ls_1r": 1.2238608306037655,
  "Jpsi->K1(1400)m.kp_g_ls_1i": -1.336970958201307,
  "K1(1400)m->phi.km_g_ls_0r": 1.0,
  "K1(1400)m->phi.km_g_ls_0i": 0.0,
  "K1(1400)m->phi.km_g_ls_1r": 1.5584137953357184,
  "K1(1400)m->phi.km_g_ls_1i": -1.7350600452423515,
  "Jpsi->K2(1820)m.kpK2(1820)m->phi.km_total_0r": 0.9462358624787162,
  "Jpsi->K2(1820)m.kpK2(1820)m->phi.km_total_0i": 0.6746402641735014,
  "Jpsi->K2(1820)m.kp_g_ls_0r": 1.0,
  "Jpsi->K2(1820)m.kp_g_ls_0i": 0.0,
  "Jpsi->K2(1820)m.kp_g_ls_1r": 1.6875601503112545,
  "Jpsi->K2(1820)m.kp_g_ls_1i": -2.415142042391986,
  "K2(1820)m->phi.km_g_ls_0r": 1.0,
  "K2(1820)m->phi.km_g_ls_0i": 0.0,
  "K2(1820)m->phi.km_g_ls_1r": 0.12624340251718147,
  "K2(1820)m->phi.km_g_ls_1i": -2.968737222996216,
  "Jpsi->K2(1980)m.kpK2(1980)m->phi.km_total_0r": 1.9643190300244053,
  "Jpsi->K2(1980)m.kpK2(1980)m->phi.km_total_0i": -2.510469651307474,
  "Jpsi->K2(1980)m.kp_g_ls_0r": 1.0,
  "Jpsi->K2(1980)m.kp_g_ls_0i": 0.0,
  "K2(1980)m->phi.km_g_ls_0r": 1.0,
  "K2(1980)m->phi.km_g_ls_0i": 0.0,
  "Jpsi->K2(2250)p.kpK2(2250)p->phi.km_total_0r": 1.8143852928209059,
  "Jpsi->K2(2250)p.kpK2(2250)p->phi.km_total_0i": -2.8174338306819906,
  "Jpsi->K2(2250)p.kp_g_ls_0r": 1.0,
  "Jpsi->K2(2250)p.kp_g_ls_0i": 0.0,
  "Jpsi->K2(2250)p.kp_g_ls_1r": 0.24838779861146865,
  "Jpsi->K2(2250)p.kp_g_ls_1i": 1.5334121188003982,
  "K2(2250)p->phi.km_g_ls_0r": 1.0,
  "K2(2250)p->phi.km_g_ls_0i": 0.0,
  "K2(2250)p->phi.km_g_ls_1r": 1.4290802901623216,
  "K2(2250)p->phi.km_g_ls_1i": -1.1351563213785898,
  "Jpsi->K3(2320)m.kpK3(2320)m->phi.km_total_0r": 0.9142872783959421,
  "Jpsi->K3(2320)m.kpK3(2320)m->phi.km_total_0i": 0.6541862617275784,
  "Jpsi->K3(2320)m.kp_g_ls_0r": 1.0,
  "Jpsi->K3(2320)m.kp_g_ls_0i": 0.0,
  "Jpsi->K3(2320)m.kp_g_ls_1r": 1.2627924509285435,
  "Jpsi->K3(2320)m.kp_g_ls_1i": 1.6373399838604445,
  "K3(2320)m->phi.km_g_ls_0r": 1.0,
  "K3(2320)m->phi.km_g_ls_0i": 0.0,
  "K3(2320)m->phi.km_g_ls_1r": 0.4537482815072922,
  "K3(2320)m->phi.km_g_ls_1i": -2.8127881869372775,
  "Jpsi->phi.f0(980)_flattef0(980)_flatte->kp.km_total_0r": 1.5896087951940223,
  "Jpsi->phi.f0(980)_flattef0(980)_flatte->kp.km_total_0i": -2.057853776532674,
  "Jpsi->phi.f0(980)_flatte_g_ls_0r": 1.0,
  "Jpsi->phi.f0(980)_flatte_g_ls_0i": 0.0,
  "Jpsi->phi.f0(980)_flatte_g_ls_1r": 0.5628578140537335,
  "Jpsi->phi.f0(980)_flatte_g_ls_1i": -2.3614408737908565,
  "f0(980)_flatte->kp.km_g_ls_0r": 1.0,
  "f0(980)_flatte->kp.km_g_ls_0i": 0.0,
  "Jpsi->phi.f2(1270)f2(1270)->kp.km_total_0r": 0.750769748246984,
  "Jpsi->phi.f2(1270)f2(1270)->kp.km_total_0i": -2.07054583057766,
  "Jpsi->phi.f2(1270)_g_ls_0r": 1.0,
  "Jpsi->phi.f2(1270)_g_ls_0i": 0.0,
  "Jpsi->phi.f2(1270)_g_ls_1r": 0.3389462963483876,
  "Jpsi->phi.f2(1270)_g_ls_1i": 0.7313638498159221,
  "Jpsi->phi.f2(1270)_g_ls_2r": 1.0225529327940355,
  "Jpsi->phi.f2(1270)_g_ls_2i": 0.20781925291321723,
  "Jpsi->phi.f2(1270)_g_ls_3r": 1.7234740815917058,
  "Jpsi->phi.f2(1270)_g_ls_3i": 0.7928952114814085,
  "Jpsi->phi.f2(1270)_g_ls_4r": 1.8212466734513026,
  "Jpsi->phi.f2(1270)_g_ls_4i": 1.742521834989664,
  "f2(1270)->kp.km_g_ls_0r": 1.0,
  "f2(1270)->kp.km_g_ls_0i": 0.0,
  "Jpsi->phi.f0(1500)f0(1500)->kp.km_total_0r": 0.96274801481038,
  "Jpsi->phi.f0(1500)f0(1500)->kp.km_total_0i": -1.428423192113125,
  "Jpsi->phi.f0(1500)_g_ls_0r": 1.0,
  "Jpsi->phi.f0(1500)_g_ls_0i": 0.0,
  "Jpsi->phi.f0(1500)_g_ls_1r": 0.038263256073448826,
  "Jpsi->phi.f0(1500)_g_ls_1i": 1.728871778603895,
  "f0(1500)->kp.km_g_ls_0r": 1.0,
  "f0(1500)->kp.km_g_ls_0i": 0.0,
  "Jpsi->phi.f2(1525)f2(1525)->kp.km_total_0r": 0.6371145503874507,
  "Jpsi->phi.f2(1525)f2(1525)->kp.km_total_0i": 1.4696045957773984,
  "Jpsi->phi.f2(1525)_g_ls_0r": 1.0,
  "Jpsi->phi.f2(1525)_g_ls_0i": 0.0,
  "Jpsi->phi.f2(1525)_g_ls_1r": 0.45119222695602446,
  "Jpsi->phi.f2(1525)_g_ls_1i": -2.3912178913306006,
  "Jpsi->phi.f2(1525)_g_ls_2r": 0.3593463089491462,
  "Jpsi->phi.f2(1525)_g_ls_2i": -1.0341518187060492,
  "Jpsi->phi.f2(1525)_g_ls_3r": 1.2373688424580678,
  "Jpsi->phi.f2(1525)_g_ls_3i": -1.6724907399127245,
  "Jpsi->phi.f2(1525)_g_ls_4r": 0.38744650237979217,
  "Jpsi->phi.f2(1525)_g_ls_4i": -1.2998357914231382,
  "f2(1525)->kp.km_g_ls_0r": 1.0,
  "f2(1525)->kp.km_g_ls_0i": 0.0,
  "Jpsi->phi.f2(1565)f2(1565)->kp.km_total_0r": 0.044135346554556865,
  "Jpsi->phi.f2(1565)f2(1565)->kp.km_total_0i": -2.16661892702088,
  "Jpsi->phi.f2(1565)_g_ls_0r": 1.0,
  "Jpsi->phi.f2(1565)_g_ls_0i": 0.0,
  "Jpsi->phi.f2(1565)_g_ls_1r": 1.2533610035151574,
  "Jpsi->phi.f2(1565)_g_ls_1i": -2.6181520419425404,
  "Jpsi->phi.f2(1565)_g_ls_2r": 0.7826467801118455,
  "Jpsi->phi.f2(1565)_g_ls_2i": -2.198232008902579,
  "Jpsi->phi.f2(1565)_g_ls_3r": 0.49616676016428585,
  "Jpsi->phi.f2(1565)_g_ls_3i": -2.3488781567694623,
  "Jpsi->phi.f2(1565)_g_ls_4r": 0.6254166256677713,
  "Jpsi->phi.f2(1565)_g_ls_4i": 2.9341376448065573,
  "f2(1565)->kp.km_g_ls_0r": 1.0,
  "f2(1565)->kp.km_g_ls_0i": 0.0,
  "Jpsi->phi.f0(1710)f0(1710)->kp.km_total_0r": 0.02553613599293314,
  "Jpsi->phi.f0(1710)f0(1710)->kp.km_total_0i": 0.010613454822489654,
  "Jpsi->phi.f0(1710)_g_ls_0r": 1.0,
  "Jpsi->phi.f0(1710)_g_ls_0i": 0.0,
  "Jpsi->phi.f0(1710)_g_ls_1r": 1.2968535316452963,
  "Jpsi->phi.f0(1710)_g_ls_1i": 1.438269262549885,
  "f0(1710)->kp.km_g_ls_0r": 1.0,
  "f0(1710)->kp.km_g_ls_0i": 0.0,
  "Jpsi->phi.f2(1810)f2(1810)->kp.km_total_0r": 1.3734925743022992,
  "Jpsi->phi.f2(1810)f2(1810)->kp.km_total_0i": 0.6886515084968212,
  "Jpsi->phi.f2(1810)_g_ls_0r": 1.0,
  "Jpsi->phi.f2(1810)_g_ls_0i": 0.0,
  "Jpsi->phi.f2(1810)_g_ls_1r": 1.0471123092068795,
  "Jpsi->phi.f2(1810)_g_ls_1i": 0.16593888942729906,
  "Jpsi->phi.f2(1810)_g_ls_2r": 0.9173686735363793,
  "Jpsi->phi.f2(1810)_g_ls_2i": 1.3087374209437694,
  "Jpsi->phi.f2(1810)_g_ls_3r": 1.4146001813006763,
  "Jpsi->phi.f2(1810)_g_ls_3i": 1.3546897885658886,
  "Jpsi->phi.f2(1810)_g_ls_4r": 0.9161637366687319,
  "Jpsi->phi.f2(1810)_g_ls_4i": -1.588974114177846,
  "f2(1810)->kp.km_g_ls_0r": 1.0,
  "f2(1810)->kp.km_g_ls_0i": 0.0
}
nll_grad  cost time: 3.001265525817871
nll_grad  cost time: 2.9753146171569824
tf.Tensor(-2397.7129748448933, shape=(), dtype=float64)
nll_grad  cost time: 3.11875319480896
nll_grad  cost time: 3.030390501022339
tf.Tensor(-4617.993385845417, shape=(), dtype=float64)
nll_grad  cost time: 3.1445305347442627
tf.Tensor(-5988.44421844669, shape=(), dtype=float64)
nll_grad  cost time: 3.147738218307495
tf.Tensor(-7330.050744100787, shape=(), dtype=float64)
nll_grad  cost time: 3.026902914047241
tf.Tensor(-7754.705739255136, shape=(), dtype=float64)
nll_grad  cost time: 3.0374345779418945
tf.Tensor(-8377.397323636964, shape=(), dtype=float64)
nll_grad  cost time: 2.9495952129364014
nll_grad  cost time: 2.8933815956115723
tf.Tensor(-8722.623857106832, shape=(), dtype=float64)
nll_grad  cost time: 2.8962016105651855
tf.Tensor(-9103.49119300209, shape=(), dtype=float64)
nll_grad  cost time: 2.9210550785064697
nll_grad  cost time: 2.8298768997192383
tf.Tensor(-9215.663902091539, shape=(), dtype=float64)
nll_grad  cost time: 2.903687000274658
tf.Tensor(-9288.975594374453, shape=(), dtype=float64)
nll_grad  cost time: 2.9317800998687744
tf.Tensor(-9384.437415134104, shape=(), dtype=float64)
nll_grad  cost time: 2.895003080368042
tf.Tensor(-9472.384785089307, shape=(), dtype=float64)
nll_grad  cost time: 2.912762403488159
tf.Tensor(-9528.056857833712, shape=(), dtype=float64)
nll_grad  cost time: 2.836521625518799
tf.Tensor(-9579.860218151429, shape=(), dtype=float64)
nll_grad  cost time: 2.8670456409454346
tf.Tensor(-9649.44575680286, shape=(), dtype=float64)
nll_grad  cost time: 3.026667833328247
tf.Tensor(-9716.4706742716, shape=(), dtype=float64)
nll_grad  cost time: 2.911731004714966
tf.Tensor(-9751.021405121297, shape=(), dtype=float64)
nll_grad  cost time: 3.0031890869140625
tf.Tensor(-9799.19127236578, shape=(), dtype=float64)
nll_grad  cost time: 2.8982415199279785
tf.Tensor(-9842.153270024814, shape=(), dtype=float64)
nll_grad  cost time: 3.026742696762085
tf.Tensor(-9907.591679390462, shape=(), dtype=float64)
nll_grad  cost time: 2.891169548034668
tf.Tensor(-9979.031503907216, shape=(), dtype=float64)
nll_grad  cost time: 2.872941255569458
tf.Tensor(-10051.294175545016, shape=(), dtype=float64)
nll_grad  cost time: 2.9097001552581787
tf.Tensor(-10083.551211159283, shape=(), dtype=float64)
nll_grad  cost time: 2.786107301712036
tf.Tensor(-10114.390950843488, shape=(), dtype=float64)
nll_grad  cost time: 2.815723419189453
tf.Tensor(-10138.607887108796, shape=(), dtype=float64)
nll_grad  cost time: 2.827425241470337
tf.Tensor(-10166.86869894067, shape=(), dtype=float64)
nll_grad  cost time: 2.8601276874542236
nll_grad  cost time: 2.774387836456299
tf.Tensor(-10180.45220125097, shape=(), dtype=float64)
nll_grad  cost time: 2.8815836906433105
tf.Tensor(-10198.707831800377, shape=(), dtype=float64)
nll_grad  cost time: 2.8306899070739746
tf.Tensor(-10227.813835523193, shape=(), dtype=float64)
nll_grad  cost time: 2.796117067337036
tf.Tensor(-10254.862080078223, shape=(), dtype=float64)
nll_grad  cost time: 2.961825132369995
tf.Tensor(-10264.728620245936, shape=(), dtype=float64)
nll_grad  cost time: 2.8770604133605957
tf.Tensor(-10275.49022425538, shape=(), dtype=float64)
nll_grad  cost time: 2.866010904312134
tf.Tensor(-10293.638734071777, shape=(), dtype=float64)
nll_grad  cost time: 2.822472095489502
tf.Tensor(-10312.294370329953, shape=(), dtype=float64)
nll_grad  cost time: 2.9801788330078125
tf.Tensor(-10328.812290520626, shape=(), dtype=float64)
nll_grad  cost time: 2.972400665283203
tf.Tensor(-10336.251306272417, shape=(), dtype=float64)
nll_grad  cost time: 2.863966703414917
tf.Tensor(-10344.71632432277, shape=(), dtype=float64)
nll_grad  cost time: 2.8437819480895996
tf.Tensor(-10351.140356948832, shape=(), dtype=float64)
nll_grad  cost time: 2.8046247959136963
tf.Tensor(-10358.267247637516, shape=(), dtype=float64)
nll_grad  cost time: 2.8987529277801514
tf.Tensor(-10366.16457784058, shape=(), dtype=float64)
nll_grad  cost time: 2.8108468055725098
tf.Tensor(-10377.791270138725, shape=(), dtype=float64)
nll_grad  cost time: 2.849074602127075
nll_grad  cost time: 2.7985799312591553
tf.Tensor(-10384.132397236855, shape=(), dtype=float64)
nll_grad  cost time: 2.8450562953948975
tf.Tensor(-10392.365565120868, shape=(), dtype=float64)
nll_grad  cost time: 2.8578414916992188
tf.Tensor(-10394.731598841754, shape=(), dtype=float64)
nll_grad  cost time: 2.9202263355255127
tf.Tensor(-10398.452405691234, shape=(), dtype=float64)
nll_grad  cost time: 2.8865458965301514
tf.Tensor(-10403.43190469638, shape=(), dtype=float64)
nll_grad  cost time: 2.8573553562164307
tf.Tensor(-10410.453522521566, shape=(), dtype=float64)
nll_grad  cost time: 2.865689754486084
tf.Tensor(-10417.618185074432, shape=(), dtype=float64)
nll_grad  cost time: 2.8460874557495117
tf.Tensor(-10426.303248854136, shape=(), dtype=float64)
nll_grad  cost time: 2.7968955039978027
tf.Tensor(-10435.906719736595, shape=(), dtype=float64)
nll_grad  cost time: 2.996952533721924
tf.Tensor(-10443.584232435998, shape=(), dtype=float64)
nll_grad  cost time: 2.821829080581665
tf.Tensor(-10450.494637285985, shape=(), dtype=float64)
nll_grad  cost time: 2.929753303527832
tf.Tensor(-10457.49032262282, shape=(), dtype=float64)
nll_grad  cost time: 2.941479206085205
tf.Tensor(-10463.06320760338, shape=(), dtype=float64)
nll_grad  cost time: 2.9367973804473877
tf.Tensor(-10467.433061267177, shape=(), dtype=float64)
nll_grad  cost time: 2.9857730865478516
tf.Tensor(-10471.266241589401, shape=(), dtype=float64)
nll_grad  cost time: 2.867244243621826
tf.Tensor(-10474.882565980457, shape=(), dtype=float64)
nll_grad  cost time: 2.933523416519165
tf.Tensor(-10479.34333433403, shape=(), dtype=float64)
nll_grad  cost time: 2.9766035079956055
tf.Tensor(-10484.144058874721, shape=(), dtype=float64)
nll_grad  cost time: 2.8379874229431152
tf.Tensor(-10488.707270214625, shape=(), dtype=float64)
nll_grad  cost time: 2.8972606658935547
tf.Tensor(-10495.027875542335, shape=(), dtype=float64)
nll_grad  cost time: 2.8647677898406982
tf.Tensor(-10501.690206566593, shape=(), dtype=float64)
nll_grad  cost time: 2.820512533187866
tf.Tensor(-10509.316220986744, shape=(), dtype=float64)
nll_grad  cost time: 2.8381454944610596
tf.Tensor(-10514.007962662537, shape=(), dtype=float64)
nll_grad  cost time: 2.771470069885254
tf.Tensor(-10519.107872328648, shape=(), dtype=float64)
nll_grad  cost time: 2.8713572025299072
tf.Tensor(-10521.958169278136, shape=(), dtype=float64)
nll_grad  cost time: 2.810492515563965
tf.Tensor(-10525.42642216607, shape=(), dtype=float64)
nll_grad  cost time: 2.8832552433013916
tf.Tensor(-10528.727081692938, shape=(), dtype=float64)
nll_grad  cost time: 2.9135749340057373
tf.Tensor(-10533.54556413833, shape=(), dtype=float64)
nll_grad  cost time: 2.9591431617736816
tf.Tensor(-10535.842267958142, shape=(), dtype=float64)
nll_grad  cost time: 2.9722647666931152
tf.Tensor(-10539.077799725259, shape=(), dtype=float64)
nll_grad  cost time: 3.0062272548675537
tf.Tensor(-10539.935133437626, shape=(), dtype=float64)
nll_grad  cost time: 2.971666097640991
tf.Tensor(-10541.488769721822, shape=(), dtype=float64)
nll_grad  cost time: 2.896139144897461
tf.Tensor(-10544.343797861759, shape=(), dtype=float64)
nll_grad  cost time: 2.9610562324523926
tf.Tensor(-10549.636226426257, shape=(), dtype=float64)
nll_grad  cost time: 3.0594844818115234
tf.Tensor(-10554.795395507332, shape=(), dtype=float64)
nll_grad  cost time: 2.9188830852508545
tf.Tensor(-10557.405499969347, shape=(), dtype=float64)
nll_grad  cost time: 3.0483238697052
tf.Tensor(-10561.12510696183, shape=(), dtype=float64)
nll_grad  cost time: 2.878170967102051
tf.Tensor(-10565.391093602593, shape=(), dtype=float64)
nll_grad  cost time: 2.9474008083343506
tf.Tensor(-10568.487682565159, shape=(), dtype=float64)
nll_grad  cost time: 3.005706548690796
tf.Tensor(-10571.381814964465, shape=(), dtype=float64)
nll_grad  cost time: 2.964531660079956
tf.Tensor(-10574.383233242712, shape=(), dtype=float64)
nll_grad  cost time: 3.1278553009033203
tf.Tensor(-10576.758276205626, shape=(), dtype=float64)
nll_grad  cost time: 3.0589263439178467
tf.Tensor(-10580.146061313586, shape=(), dtype=float64)
nll_grad  cost time: 3.0385918617248535
tf.Tensor(-10583.79799673277, shape=(), dtype=float64)
nll_grad  cost time: 3.0245447158813477
tf.Tensor(-10589.117743133058, shape=(), dtype=float64)
nll_grad  cost time: 2.9457290172576904
tf.Tensor(-10593.549131054286, shape=(), dtype=float64)
nll_grad  cost time: 2.9582433700561523
tf.Tensor(-10597.567317993235, shape=(), dtype=float64)
nll_grad  cost time: 2.9259185791015625
tf.Tensor(-10599.538293105026, shape=(), dtype=float64)
nll_grad  cost time: 3.011788845062256
tf.Tensor(-10602.199971554772, shape=(), dtype=float64)
nll_grad  cost time: 2.950408458709717
tf.Tensor(-10605.621154634311, shape=(), dtype=float64)
nll_grad  cost time: 3.09240460395813
tf.Tensor(-10610.049129136052, shape=(), dtype=float64)
nll_grad  cost time: 2.9144656658172607
tf.Tensor(-10612.270693917104, shape=(), dtype=float64)
nll_grad  cost time: 2.9415905475616455
tf.Tensor(-10615.581452074126, shape=(), dtype=float64)
nll_grad  cost time: 2.9068851470947266
tf.Tensor(-10619.311397435493, shape=(), dtype=float64)
nll_grad  cost time: 2.9544296264648438
tf.Tensor(-10624.09874838592, shape=(), dtype=float64)
nll_grad  cost time: 2.9435787200927734
tf.Tensor(-10625.930699405639, shape=(), dtype=float64)
nll_grad  cost time: 2.896683931350708
tf.Tensor(-10628.783628387944, shape=(), dtype=float64)
nll_grad  cost time: 2.8668017387390137
tf.Tensor(-10632.081012621376, shape=(), dtype=float64)
nll_grad  cost time: 2.9918880462646484
tf.Tensor(-10635.919294873485, shape=(), dtype=float64)
nll_grad  cost time: 2.8829381465911865
tf.Tensor(-10639.731644198037, shape=(), dtype=float64)
nll_grad  cost time: 2.8619325160980225
tf.Tensor(-10644.14766543718, shape=(), dtype=float64)
nll_grad  cost time: 2.8998231887817383
nll_grad  cost time: 2.846085548400879
tf.Tensor(-10646.465801464074, shape=(), dtype=float64)
nll_grad  cost time: 2.871825933456421
tf.Tensor(-10649.457536356393, shape=(), dtype=float64)
nll_grad  cost time: 2.875732898712158
tf.Tensor(-10653.347842673204, shape=(), dtype=float64)
nll_grad  cost time: 2.9061198234558105
tf.Tensor(-10655.741148797679, shape=(), dtype=float64)
nll_grad  cost time: 2.864978075027466
tf.Tensor(-10658.951055587168, shape=(), dtype=float64)
nll_grad  cost time: 2.8790078163146973
tf.Tensor(-10660.881587729848, shape=(), dtype=float64)
nll_grad  cost time: 2.9107935428619385
tf.Tensor(-10663.897373942353, shape=(), dtype=float64)
nll_grad  cost time: 2.8499515056610107
tf.Tensor(-10667.114584662617, shape=(), dtype=float64)
nll_grad  cost time: 2.8946166038513184
tf.Tensor(-10670.047823068468, shape=(), dtype=float64)
nll_grad  cost time: 2.864893674850464
tf.Tensor(-10673.919797158771, shape=(), dtype=float64)
nll_grad  cost time: 2.860102415084839
tf.Tensor(-10676.974175798096, shape=(), dtype=float64)
nll_grad  cost time: 2.8122313022613525
tf.Tensor(-10680.664183591638, shape=(), dtype=float64)
nll_grad  cost time: 2.8778061866760254
tf.Tensor(-10682.810040639495, shape=(), dtype=float64)
nll_grad  cost time: 3.237046003341675
tf.Tensor(-10684.4218535744, shape=(), dtype=float64)
nll_grad  cost time: 2.8762826919555664
tf.Tensor(-10686.659106252453, shape=(), dtype=float64)
nll_grad  cost time: 3.019099235534668
tf.Tensor(-10689.41450567724, shape=(), dtype=float64)
nll_grad  cost time: 2.827100992202759
tf.Tensor(-10692.10579591131, shape=(), dtype=float64)
nll_grad  cost time: 2.9656825065612793
tf.Tensor(-10693.825233563533, shape=(), dtype=float64)
nll_grad  cost time: 2.9089436531066895
tf.Tensor(-10695.905331080954, shape=(), dtype=float64)
nll_grad  cost time: 2.929492950439453
tf.Tensor(-10697.411385943633, shape=(), dtype=float64)
nll_grad  cost time: 2.928497791290283
tf.Tensor(-10699.552952465529, shape=(), dtype=float64)
nll_grad  cost time: 2.9798970222473145
tf.Tensor(-10701.973291351678, shape=(), dtype=float64)
nll_grad  cost time: 2.9551591873168945
tf.Tensor(-10704.165670358474, shape=(), dtype=float64)
nll_grad  cost time: 3.0675158500671387
tf.Tensor(-10706.266444113411, shape=(), dtype=float64)
nll_grad  cost time: 2.9572231769561768
tf.Tensor(-10707.284023826433, shape=(), dtype=float64)
nll_grad  cost time: 3.161471128463745
tf.Tensor(-10708.578933247074, shape=(), dtype=float64)
nll_grad  cost time: 3.1965813636779785
tf.Tensor(-10710.560275800555, shape=(), dtype=float64)
nll_grad  cost time: 3.0804007053375244
tf.Tensor(-10712.25283898192, shape=(), dtype=float64)
nll_grad  cost time: 2.9695122241973877
tf.Tensor(-10713.33817993068, shape=(), dtype=float64)
nll_grad  cost time: 3.064645290374756
tf.Tensor(-10714.845640869476, shape=(), dtype=float64)
nll_grad  cost time: 2.995230197906494
tf.Tensor(-10716.155701882919, shape=(), dtype=float64)
nll_grad  cost time: 2.9675240516662598
tf.Tensor(-10717.254940723054, shape=(), dtype=float64)
nll_grad  cost time: 2.919111490249634
tf.Tensor(-10718.295233573357, shape=(), dtype=float64)
nll_grad  cost time: 3.005467414855957
tf.Tensor(-10718.576792574808, shape=(), dtype=float64)
nll_grad  cost time: 2.9659509658813477
tf.Tensor(-10719.044624637289, shape=(), dtype=float64)
nll_grad  cost time: 3.0103919506073
tf.Tensor(-10719.786567045943, shape=(), dtype=float64)
nll_grad  cost time: 2.915672779083252
tf.Tensor(-10720.86266788977, shape=(), dtype=float64)
nll_grad  cost time: 2.975187301635742
tf.Tensor(-10722.075221942447, shape=(), dtype=float64)
nll_grad  cost time: 3.025125026702881
tf.Tensor(-10723.597868301702, shape=(), dtype=float64)
nll_grad  cost time: 2.9750680923461914
tf.Tensor(-10723.912813761766, shape=(), dtype=float64)
nll_grad  cost time: 2.9986510276794434
tf.Tensor(-10724.48484499965, shape=(), dtype=float64)
nll_grad  cost time: 2.855985164642334
tf.Tensor(-10725.431434994505, shape=(), dtype=float64)
nll_grad  cost time: 2.928136110305786
tf.Tensor(-10726.96184822038, shape=(), dtype=float64)
nll_grad  cost time: 3.0512259006500244
tf.Tensor(-10728.363236384248, shape=(), dtype=float64)
nll_grad  cost time: 2.9410147666931152
tf.Tensor(-10729.945898727572, shape=(), dtype=float64)
nll_grad  cost time: 2.931036949157715
nll_grad  cost time: 2.910658836364746
tf.Tensor(-10730.816477167959, shape=(), dtype=float64)
nll_grad  cost time: 3.0204570293426514
nll_grad  cost time: 2.835536003112793
tf.Tensor(-10731.305154349466, shape=(), dtype=float64)
nll_grad  cost time: 3.073962450027466
tf.Tensor(-10731.852891451941, shape=(), dtype=float64)
nll_grad  cost time: 2.90201473236084
tf.Tensor(-10732.528779727785, shape=(), dtype=float64)
nll_grad  cost time: 2.9544641971588135
tf.Tensor(-10733.464799652036, shape=(), dtype=float64)
nll_grad  cost time: 2.8739819526672363
tf.Tensor(-10734.53103944572, shape=(), dtype=float64)
nll_grad  cost time: 3.0876402854919434
tf.Tensor(-10735.54843492819, shape=(), dtype=float64)
nll_grad  cost time: 3.030925750732422
tf.Tensor(-10736.17023558235, shape=(), dtype=float64)
nll_grad  cost time: 2.968018054962158
tf.Tensor(-10737.075744704285, shape=(), dtype=float64)
nll_grad  cost time: 2.9431655406951904
tf.Tensor(-10738.35712718629, shape=(), dtype=float64)
nll_grad  cost time: 2.970806837081909
tf.Tensor(-10739.681772023105, shape=(), dtype=float64)
nll_grad  cost time: 2.9987905025482178
tf.Tensor(-10740.92333779954, shape=(), dtype=float64)
nll_grad  cost time: 2.9907608032226562
tf.Tensor(-10741.354365595122, shape=(), dtype=float64)
nll_grad  cost time: 2.9603512287139893
tf.Tensor(-10742.100850618706, shape=(), dtype=float64)
nll_grad  cost time: 2.972299575805664
tf.Tensor(-10743.359687673656, shape=(), dtype=float64)
nll_grad  cost time: 2.9931089878082275
tf.Tensor(-10744.797346713676, shape=(), dtype=float64)
nll_grad  cost time: 3.0842089653015137
tf.Tensor(-10746.049306000314, shape=(), dtype=float64)
nll_grad  cost time: 3.020846128463745
tf.Tensor(-10746.356754743378, shape=(), dtype=float64)
nll_grad  cost time: 2.9501192569732666
tf.Tensor(-10746.878207801019, shape=(), dtype=float64)
nll_grad  cost time: 3.0448148250579834
tf.Tensor(-10747.700336209004, shape=(), dtype=float64)
nll_grad  cost time: 3.0127785205841064
tf.Tensor(-10748.889134045487, shape=(), dtype=float64)
nll_grad  cost time: 2.9343066215515137
tf.Tensor(-10749.91740602388, shape=(), dtype=float64)
nll_grad  cost time: 3.073669672012329
tf.Tensor(-10750.350480951754, shape=(), dtype=float64)
nll_grad  cost time: 3.0777201652526855
tf.Tensor(-10751.071717505285, shape=(), dtype=float64)
nll_grad  cost time: 2.9554011821746826
tf.Tensor(-10751.998433505818, shape=(), dtype=float64)
nll_grad  cost time: 3.0172200202941895
tf.Tensor(-10753.305271399047, shape=(), dtype=float64)
nll_grad  cost time: 3.0542666912078857
tf.Tensor(-10753.992877134631, shape=(), dtype=float64)
nll_grad  cost time: 2.8746719360351562
tf.Tensor(-10754.96649758007, shape=(), dtype=float64)
nll_grad  cost time: 2.8494033813476562
tf.Tensor(-10755.82753025592, shape=(), dtype=float64)
nll_grad  cost time: 2.889288902282715
tf.Tensor(-10756.321278807263, shape=(), dtype=float64)
nll_grad  cost time: 2.978013277053833
tf.Tensor(-10757.000257445747, shape=(), dtype=float64)
nll_grad  cost time: 2.9863455295562744
tf.Tensor(-10757.75293766967, shape=(), dtype=float64)
nll_grad  cost time: 3.0144472122192383
tf.Tensor(-10758.716111986134, shape=(), dtype=float64)
nll_grad  cost time: 3.0418524742126465
tf.Tensor(-10759.074312449244, shape=(), dtype=float64)
nll_grad  cost time: 2.9034605026245117
tf.Tensor(-10759.600001596984, shape=(), dtype=float64)
nll_grad  cost time: 2.968637704849243
tf.Tensor(-10760.377753841974, shape=(), dtype=float64)
nll_grad  cost time: 3.0653069019317627
tf.Tensor(-10760.750937237746, shape=(), dtype=float64)
nll_grad  cost time: 3.0782792568206787
tf.Tensor(-10761.149711521306, shape=(), dtype=float64)
nll_grad  cost time: 3.110846519470215
tf.Tensor(-10761.55559851457, shape=(), dtype=float64)
nll_grad  cost time: 3.0537526607513428
tf.Tensor(-10761.989572206578, shape=(), dtype=float64)
nll_grad  cost time: 2.975945234298706
tf.Tensor(-10762.265945645253, shape=(), dtype=float64)
nll_grad  cost time: 3.1478374004364014
tf.Tensor(-10762.65448844582, shape=(), dtype=float64)
nll_grad  cost time: 3.0358285903930664
tf.Tensor(-10763.106668842724, shape=(), dtype=float64)
nll_grad  cost time: 2.9587831497192383
tf.Tensor(-10763.376050109684, shape=(), dtype=float64)
nll_grad  cost time: 2.935204267501831
tf.Tensor(-10763.654266844467, shape=(), dtype=float64)
nll_grad  cost time: 2.961534023284912
tf.Tensor(-10763.937572371877, shape=(), dtype=float64)
nll_grad  cost time: 3.0733754634857178
tf.Tensor(-10764.248022858555, shape=(), dtype=float64)
nll_grad  cost time: 2.90718674659729
tf.Tensor(-10764.572503275718, shape=(), dtype=float64)
nll_grad  cost time: 2.9524025917053223
tf.Tensor(-10765.001929450867, shape=(), dtype=float64)
nll_grad  cost time: 3.000908851623535
tf.Tensor(-10765.34444381723, shape=(), dtype=float64)
nll_grad  cost time: 2.9966933727264404
tf.Tensor(-10765.74315813079, shape=(), dtype=float64)
nll_grad  cost time: 2.989058256149292
tf.Tensor(-10766.11863708627, shape=(), dtype=float64)
nll_grad  cost time: 2.8824384212493896
tf.Tensor(-10766.570820724875, shape=(), dtype=float64)
nll_grad  cost time: 3.0282795429229736
tf.Tensor(-10767.00167795895, shape=(), dtype=float64)
nll_grad  cost time: 2.911945343017578
tf.Tensor(-10767.418200727276, shape=(), dtype=float64)
nll_grad  cost time: 2.9454963207244873
tf.Tensor(-10767.882394620436, shape=(), dtype=float64)
nll_grad  cost time: 3.031020402908325
tf.Tensor(-10768.35970796032, shape=(), dtype=float64)
nll_grad  cost time: 2.8958678245544434
tf.Tensor(-10768.849378826068, shape=(), dtype=float64)
nll_grad  cost time: 2.8404300212860107
tf.Tensor(-10769.077258503603, shape=(), dtype=float64)
nll_grad  cost time: 2.897533416748047
tf.Tensor(-10769.450068276215, shape=(), dtype=float64)
nll_grad  cost time: 3.08919095993042
tf.Tensor(-10769.954919743897, shape=(), dtype=float64)
nll_grad  cost time: 2.9341847896575928
tf.Tensor(-10770.432231471059, shape=(), dtype=float64)
nll_grad  cost time: 3.1960465908050537
tf.Tensor(-10770.789871070134, shape=(), dtype=float64)
nll_grad  cost time: 3.1333673000335693
tf.Tensor(-10771.10477497086, shape=(), dtype=float64)
nll_grad  cost time: 2.9922382831573486
tf.Tensor(-10771.59204563382, shape=(), dtype=float64)
nll_grad  cost time: 3.0217337608337402
tf.Tensor(-10772.225623940176, shape=(), dtype=float64)
nll_grad  cost time: 3.104490041732788
tf.Tensor(-10772.906462898478, shape=(), dtype=float64)
nll_grad  cost time: 3.023998498916626
tf.Tensor(-10773.620593094412, shape=(), dtype=float64)
nll_grad  cost time: 3.1273672580718994
tf.Tensor(-10774.401183541151, shape=(), dtype=float64)
nll_grad  cost time: 3.0227932929992676
tf.Tensor(-10775.135981363092, shape=(), dtype=float64)
nll_grad  cost time: 3.0968918800354004
tf.Tensor(-10775.729161110045, shape=(), dtype=float64)
nll_grad  cost time: 3.0430831909179688
tf.Tensor(-10776.465055956272, shape=(), dtype=float64)
nll_grad  cost time: 3.0252747535705566
tf.Tensor(-10777.167387591675, shape=(), dtype=float64)
nll_grad  cost time: 3.140155076980591
tf.Tensor(-10777.685842600295, shape=(), dtype=float64)
nll_grad  cost time: 3.038994789123535
tf.Tensor(-10778.319369471501, shape=(), dtype=float64)
nll_grad  cost time: 3.092272996902466
tf.Tensor(-10778.99952348353, shape=(), dtype=float64)
nll_grad  cost time: 3.1906490325927734
tf.Tensor(-10779.293474889346, shape=(), dtype=float64)
nll_grad  cost time: 3.192438840866089
tf.Tensor(-10779.731535833569, shape=(), dtype=float64)
nll_grad  cost time: 2.9782280921936035
tf.Tensor(-10780.263527369498, shape=(), dtype=float64)
nll_grad  cost time: 3.325533866882324
tf.Tensor(-10780.695924914937, shape=(), dtype=float64)
nll_grad  cost time: 2.973653554916382
tf.Tensor(-10780.965330010702, shape=(), dtype=float64)
nll_grad  cost time: 3.0597100257873535
tf.Tensor(-10781.339689440269, shape=(), dtype=float64)
nll_grad  cost time: 3.0421369075775146
tf.Tensor(-10781.787602192759, shape=(), dtype=float64)
nll_grad  cost time: 2.895707368850708
nll_grad  cost time: 2.766418933868408
tf.Tensor(-10781.997067601304, shape=(), dtype=float64)
nll_grad  cost time: 2.8457283973693848
tf.Tensor(-10782.272118495195, shape=(), dtype=float64)
nll_grad  cost time: 3.0152318477630615
tf.Tensor(-10782.553533230428, shape=(), dtype=float64)
nll_grad  cost time: 2.8702585697174072
tf.Tensor(-10782.797115979192, shape=(), dtype=float64)
nll_grad  cost time: 2.92972731590271
tf.Tensor(-10783.132494439546, shape=(), dtype=float64)
nll_grad  cost time: 3.002516031265259
tf.Tensor(-10783.617763769565, shape=(), dtype=float64)
nll_grad  cost time: 2.938039541244507
tf.Tensor(-10784.128242591854, shape=(), dtype=float64)
nll_grad  cost time: 2.892230749130249
tf.Tensor(-10784.572603245935, shape=(), dtype=float64)
nll_grad  cost time: 2.9372050762176514
tf.Tensor(-10784.930669886235, shape=(), dtype=float64)
nll_grad  cost time: 2.9286789894104004
tf.Tensor(-10785.39485397764, shape=(), dtype=float64)
nll_grad  cost time: 2.9524006843566895
tf.Tensor(-10785.86774088419, shape=(), dtype=float64)
nll_grad  cost time: 3.0076491832733154
tf.Tensor(-10786.245310672712, shape=(), dtype=float64)
nll_grad  cost time: 3.0737085342407227
tf.Tensor(-10786.730879777424, shape=(), dtype=float64)
nll_grad  cost time: 2.919196605682373
tf.Tensor(-10787.256666910333, shape=(), dtype=float64)
nll_grad  cost time: 2.955227851867676
tf.Tensor(-10787.518647550634, shape=(), dtype=float64)
nll_grad  cost time: 3.015371322631836
tf.Tensor(-10787.87759554031, shape=(), dtype=float64)
nll_grad  cost time: 2.9457883834838867
tf.Tensor(-10788.219266651606, shape=(), dtype=float64)
nll_grad  cost time: 2.9415102005004883
tf.Tensor(-10788.470377385544, shape=(), dtype=float64)
nll_grad  cost time: 3.136483669281006
tf.Tensor(-10788.802724511668, shape=(), dtype=float64)
nll_grad  cost time: 3.0273566246032715
tf.Tensor(-10789.128452886383, shape=(), dtype=float64)
nll_grad  cost time: 2.867730140686035
tf.Tensor(-10789.365794285957, shape=(), dtype=float64)
nll_grad  cost time: 2.9007818698883057
tf.Tensor(-10789.641106989424, shape=(), dtype=float64)
nll_grad  cost time: 3.0118017196655273
tf.Tensor(-10789.845755439746, shape=(), dtype=float64)
nll_grad  cost time: 2.8311851024627686
tf.Tensor(-10790.045746703407, shape=(), dtype=float64)
nll_grad  cost time: 2.8570892810821533
tf.Tensor(-10790.288027427487, shape=(), dtype=float64)
nll_grad  cost time: 2.863504409790039
tf.Tensor(-10790.467703548704, shape=(), dtype=float64)
nll_grad  cost time: 2.907958507537842
tf.Tensor(-10790.645834503484, shape=(), dtype=float64)
nll_grad  cost time: 2.9011707305908203
tf.Tensor(-10790.804411203324, shape=(), dtype=float64)
nll_grad  cost time: 2.8547048568725586
tf.Tensor(-10790.979963790007, shape=(), dtype=float64)
nll_grad  cost time: 2.93853497505188
tf.Tensor(-10791.186218512637, shape=(), dtype=float64)
nll_grad  cost time: 2.953091859817505
tf.Tensor(-10791.380886458217, shape=(), dtype=float64)
nll_grad  cost time: 2.953535795211792
tf.Tensor(-10791.574971127906, shape=(), dtype=float64)
nll_grad  cost time: 3.0052053928375244
tf.Tensor(-10791.795841797, shape=(), dtype=float64)
nll_grad  cost time: 2.9583725929260254
tf.Tensor(-10791.950289789034, shape=(), dtype=float64)
nll_grad  cost time: 2.9096317291259766
tf.Tensor(-10792.114576264554, shape=(), dtype=float64)
nll_grad  cost time: 2.867567300796509
tf.Tensor(-10792.176255338265, shape=(), dtype=float64)
nll_grad  cost time: 2.891381025314331
tf.Tensor(-10792.270241525795, shape=(), dtype=float64)
nll_grad  cost time: 2.9292290210723877
tf.Tensor(-10792.3708775157, shape=(), dtype=float64)
nll_grad  cost time: 2.989255428314209
tf.Tensor(-10792.445024719673, shape=(), dtype=float64)
nll_grad  cost time: 2.936035633087158
tf.Tensor(-10792.532931360183, shape=(), dtype=float64)
nll_grad  cost time: 2.9153666496276855
tf.Tensor(-10792.642737464535, shape=(), dtype=float64)
nll_grad  cost time: 2.9708993434906006
tf.Tensor(-10792.718887783783, shape=(), dtype=float64)
nll_grad  cost time: 2.9216039180755615
tf.Tensor(-10792.806464821508, shape=(), dtype=float64)
nll_grad  cost time: 2.951401710510254
tf.Tensor(-10792.905705875295, shape=(), dtype=float64)
nll_grad  cost time: 2.935168743133545
tf.Tensor(-10792.994548330935, shape=(), dtype=float64)
nll_grad  cost time: 2.889908790588379
tf.Tensor(-10793.075162065172, shape=(), dtype=float64)
nll_grad  cost time: 2.864694118499756
tf.Tensor(-10793.142220668204, shape=(), dtype=float64)
nll_grad  cost time: 2.8570940494537354
tf.Tensor(-10793.24328817182, shape=(), dtype=float64)
nll_grad  cost time: 2.8784685134887695
tf.Tensor(-10793.368288124395, shape=(), dtype=float64)
nll_grad  cost time: 2.8743152618408203
tf.Tensor(-10793.404153459007, shape=(), dtype=float64)
nll_grad  cost time: 2.9248406887054443
tf.Tensor(-10793.465037439826, shape=(), dtype=float64)
nll_grad  cost time: 2.9100024700164795
tf.Tensor(-10793.560599349927, shape=(), dtype=float64)
nll_grad  cost time: 2.9513866901397705
tf.Tensor(-10793.661617471873, shape=(), dtype=float64)
nll_grad  cost time: 2.9609386920928955
tf.Tensor(-10793.701752081506, shape=(), dtype=float64)
nll_grad  cost time: 2.8643407821655273
tf.Tensor(-10793.759024992352, shape=(), dtype=float64)
nll_grad  cost time: 2.97856068611145
tf.Tensor(-10793.836197001154, shape=(), dtype=float64)
nll_grad  cost time: 3.0333142280578613
tf.Tensor(-10793.917415457792, shape=(), dtype=float64)
nll_grad  cost time: 2.944796323776245
tf.Tensor(-10793.99937044341, shape=(), dtype=float64)
nll_grad  cost time: 3.1005585193634033
tf.Tensor(-10794.064354795264, shape=(), dtype=float64)
nll_grad  cost time: 3.0420830249786377
tf.Tensor(-10794.133842045921, shape=(), dtype=float64)
nll_grad  cost time: 2.9193625450134277
tf.Tensor(-10794.19897370437, shape=(), dtype=float64)
nll_grad  cost time: 2.954867124557495
tf.Tensor(-10794.276517294886, shape=(), dtype=float64)
nll_grad  cost time: 2.9575395584106445
tf.Tensor(-10794.372041874893, shape=(), dtype=float64)
nll_grad  cost time: 2.9899165630340576
tf.Tensor(-10794.494570263043, shape=(), dtype=float64)
nll_grad  cost time: 2.8878445625305176
tf.Tensor(-10794.62646670705, shape=(), dtype=float64)
nll_grad  cost time: 2.941622257232666
tf.Tensor(-10794.70535720868, shape=(), dtype=float64)
nll_grad  cost time: 2.8780856132507324
tf.Tensor(-10794.780264386492, shape=(), dtype=float64)
nll_grad  cost time: 2.86976957321167
tf.Tensor(-10794.816222950889, shape=(), dtype=float64)
nll_grad  cost time: 2.8648617267608643
tf.Tensor(-10794.865566785033, shape=(), dtype=float64)
nll_grad  cost time: 2.833867311477661
tf.Tensor(-10794.923002921962, shape=(), dtype=float64)
nll_grad  cost time: 2.9662461280822754
tf.Tensor(-10794.974790051252, shape=(), dtype=float64)
nll_grad  cost time: 2.9309072494506836
tf.Tensor(-10795.035199500955, shape=(), dtype=float64)
nll_grad  cost time: 2.96667218208313
tf.Tensor(-10795.091695515825, shape=(), dtype=float64)
nll_grad  cost time: 3.000819444656372
tf.Tensor(-10795.146510191495, shape=(), dtype=float64)
nll_grad  cost time: 2.9115443229675293
tf.Tensor(-10795.20181645715, shape=(), dtype=float64)
nll_grad  cost time: 2.8934836387634277
tf.Tensor(-10795.251457079874, shape=(), dtype=float64)
nll_grad  cost time: 2.9814295768737793
tf.Tensor(-10795.292931112192, shape=(), dtype=float64)
nll_grad  cost time: 3.0195658206939697
tf.Tensor(-10795.341424898674, shape=(), dtype=float64)
nll_grad  cost time: 3.0486180782318115
tf.Tensor(-10795.387760186539, shape=(), dtype=float64)
nll_grad  cost time: 3.289673089981079
tf.Tensor(-10795.425053537234, shape=(), dtype=float64)
nll_grad  cost time: 3.0401031970977783
tf.Tensor(-10795.46568093326, shape=(), dtype=float64)
nll_grad  cost time: 3.057218551635742
tf.Tensor(-10795.506577515385, shape=(), dtype=float64)
nll_grad  cost time: 3.0243687629699707
tf.Tensor(-10795.551331073395, shape=(), dtype=float64)
nll_grad  cost time: 2.9874684810638428
tf.Tensor(-10795.595813736312, shape=(), dtype=float64)
nll_grad  cost time: 2.9125759601593018
tf.Tensor(-10795.64297671373, shape=(), dtype=float64)
nll_grad  cost time: 2.839381456375122
tf.Tensor(-10795.687198338972, shape=(), dtype=float64)
nll_grad  cost time: 2.8699989318847656
tf.Tensor(-10795.731205383308, shape=(), dtype=float64)
nll_grad  cost time: 2.9610464572906494
tf.Tensor(-10795.767629202368, shape=(), dtype=float64)
nll_grad  cost time: 2.9321448802948
tf.Tensor(-10795.806045791825, shape=(), dtype=float64)
nll_grad  cost time: 2.8698601722717285
tf.Tensor(-10795.85627640535, shape=(), dtype=float64)
nll_grad  cost time: 2.9450674057006836
tf.Tensor(-10795.906983428766, shape=(), dtype=float64)
nll_grad  cost time: 2.8694934844970703
tf.Tensor(-10795.95764799977, shape=(), dtype=float64)
nll_grad  cost time: 2.881521701812744
tf.Tensor(-10796.001566069062, shape=(), dtype=float64)
nll_grad  cost time: 2.966841697692871
tf.Tensor(-10796.032757829977, shape=(), dtype=float64)
nll_grad  cost time: 2.9759960174560547
tf.Tensor(-10796.061234119668, shape=(), dtype=float64)
nll_grad  cost time: 2.9612207412719727
tf.Tensor(-10796.094797304067, shape=(), dtype=float64)
nll_grad  cost time: 2.921764850616455
tf.Tensor(-10796.132058186631, shape=(), dtype=float64)
nll_grad  cost time: 2.8776276111602783
tf.Tensor(-10796.171283616306, shape=(), dtype=float64)
nll_grad  cost time: 2.8985254764556885
tf.Tensor(-10796.217675760854, shape=(), dtype=float64)
nll_grad  cost time: 2.9968693256378174
tf.Tensor(-10796.264045590244, shape=(), dtype=float64)
nll_grad  cost time: 2.850682497024536
tf.Tensor(-10796.31067949556, shape=(), dtype=float64)
nll_grad  cost time: 2.8773670196533203
tf.Tensor(-10796.354068528657, shape=(), dtype=float64)
nll_grad  cost time: 2.8313722610473633
tf.Tensor(-10796.401659423529, shape=(), dtype=float64)
nll_grad  cost time: 2.9126486778259277
tf.Tensor(-10796.439301797545, shape=(), dtype=float64)
nll_grad  cost time: 2.939383029937744
tf.Tensor(-10796.482584018464, shape=(), dtype=float64)
nll_grad  cost time: 2.814821720123291
tf.Tensor(-10796.509924148384, shape=(), dtype=float64)
nll_grad  cost time: 2.9132726192474365
tf.Tensor(-10796.539417822845, shape=(), dtype=float64)
nll_grad  cost time: 3.082127332687378
tf.Tensor(-10796.582388628747, shape=(), dtype=float64)
nll_grad  cost time: 3.0435287952423096
tf.Tensor(-10796.64178326504, shape=(), dtype=float64)
nll_grad  cost time: 2.9875359535217285
tf.Tensor(-10796.684285723633, shape=(), dtype=float64)
nll_grad  cost time: 2.972064971923828
tf.Tensor(-10796.72189589071, shape=(), dtype=float64)
nll_grad  cost time: 3.002465009689331
tf.Tensor(-10796.76337841995, shape=(), dtype=float64)
nll_grad  cost time: 3.041661024093628
tf.Tensor(-10796.817306105346, shape=(), dtype=float64)
nll_grad  cost time: 3.093172073364258
tf.Tensor(-10796.867117894217, shape=(), dtype=float64)
nll_grad  cost time: 3.0767064094543457
tf.Tensor(-10796.907015263889, shape=(), dtype=float64)
nll_grad  cost time: 3.096163511276245
tf.Tensor(-10796.941597916644, shape=(), dtype=float64)
nll_grad  cost time: 2.948530912399292
tf.Tensor(-10796.987910468939, shape=(), dtype=float64)
nll_grad  cost time: 2.9392454624176025
tf.Tensor(-10797.04651326211, shape=(), dtype=float64)
nll_grad  cost time: 2.9106929302215576
tf.Tensor(-10797.112037220017, shape=(), dtype=float64)
nll_grad  cost time: 3.01662278175354
tf.Tensor(-10797.207912814876, shape=(), dtype=float64)
nll_grad  cost time: 2.850001811981201
tf.Tensor(-10797.317023305717, shape=(), dtype=float64)
nll_grad  cost time: 2.9665744304656982
tf.Tensor(-10797.351140362829, shape=(), dtype=float64)
nll_grad  cost time: 2.9255411624908447
tf.Tensor(-10797.407799490473, shape=(), dtype=float64)
nll_grad  cost time: 3.0719029903411865
tf.Tensor(-10797.481357219825, shape=(), dtype=float64)
nll_grad  cost time: 3.268761157989502
tf.Tensor(-10797.510675489037, shape=(), dtype=float64)
nll_grad  cost time: 3.0053462982177734
tf.Tensor(-10797.554791908267, shape=(), dtype=float64)
nll_grad  cost time: 2.946516275405884
tf.Tensor(-10797.600967300052, shape=(), dtype=float64)
nll_grad  cost time: 3.040945291519165
tf.Tensor(-10797.647990567311, shape=(), dtype=float64)
nll_grad  cost time: 2.9686901569366455
tf.Tensor(-10797.688666043978, shape=(), dtype=float64)
nll_grad  cost time: 2.886284828186035
tf.Tensor(-10797.747831391745, shape=(), dtype=float64)
nll_grad  cost time: 2.85758900642395
tf.Tensor(-10797.791317280964, shape=(), dtype=float64)
nll_grad  cost time: 2.870431423187256
tf.Tensor(-10797.821721203523, shape=(), dtype=float64)
nll_grad  cost time: 2.8201968669891357
tf.Tensor(-10797.857184109598, shape=(), dtype=float64)
nll_grad  cost time: 2.8706467151641846
tf.Tensor(-10797.886029354144, shape=(), dtype=float64)
nll_grad  cost time: 2.9651620388031006
tf.Tensor(-10797.922201243913, shape=(), dtype=float64)
nll_grad  cost time: 2.8329989910125732
tf.Tensor(-10797.959919271467, shape=(), dtype=float64)
nll_grad  cost time: 2.8674004077911377
tf.Tensor(-10798.001305019185, shape=(), dtype=float64)
nll_grad  cost time: 2.827106237411499
tf.Tensor(-10798.039813160118, shape=(), dtype=float64)
nll_grad  cost time: 2.9134390354156494
tf.Tensor(-10798.091582988665, shape=(), dtype=float64)
nll_grad  cost time: 2.84378981590271
tf.Tensor(-10798.142869512325, shape=(), dtype=float64)
nll_grad  cost time: 3.0478222370147705
tf.Tensor(-10798.186561051283, shape=(), dtype=float64)
nll_grad  cost time: 2.9090421199798584
tf.Tensor(-10798.230249631415, shape=(), dtype=float64)
nll_grad  cost time: 2.9650471210479736
tf.Tensor(-10798.26431987794, shape=(), dtype=float64)
nll_grad  cost time: 3.001434803009033
tf.Tensor(-10798.29391992018, shape=(), dtype=float64)
nll_grad  cost time: 3.012906551361084
tf.Tensor(-10798.332885801188, shape=(), dtype=float64)
nll_grad  cost time: 2.908825397491455
tf.Tensor(-10798.390325896631, shape=(), dtype=float64)
nll_grad  cost time: 2.8680288791656494
tf.Tensor(-10798.457693620505, shape=(), dtype=float64)
nll_grad  cost time: 2.8942503929138184
tf.Tensor(-10798.48981042712, shape=(), dtype=float64)
nll_grad  cost time: 2.9212992191314697
tf.Tensor(-10798.53416366833, shape=(), dtype=float64)
nll_grad  cost time: 2.891141891479492
tf.Tensor(-10798.572202378418, shape=(), dtype=float64)
nll_grad  cost time: 2.8529536724090576
tf.Tensor(-10798.602551570613, shape=(), dtype=float64)
nll_grad  cost time: 2.9415109157562256
tf.Tensor(-10798.632280744736, shape=(), dtype=float64)
nll_grad  cost time: 2.916501522064209
tf.Tensor(-10798.653214626429, shape=(), dtype=float64)
nll_grad  cost time: 2.857724905014038
tf.Tensor(-10798.670126969373, shape=(), dtype=float64)
nll_grad  cost time: 2.8716678619384766
tf.Tensor(-10798.690870847218, shape=(), dtype=float64)
nll_grad  cost time: 2.864250898361206
tf.Tensor(-10798.713154363686, shape=(), dtype=float64)
nll_grad  cost time: 3.216834545135498
tf.Tensor(-10798.733387554588, shape=(), dtype=float64)
nll_grad  cost time: 2.8978962898254395
tf.Tensor(-10798.74520388621, shape=(), dtype=float64)
nll_grad  cost time: 3.0116689205169678
tf.Tensor(-10798.762303790136, shape=(), dtype=float64)
nll_grad  cost time: 2.912165880203247
tf.Tensor(-10798.784457201386, shape=(), dtype=float64)
nll_grad  cost time: 3.041063070297241
tf.Tensor(-10798.80545689135, shape=(), dtype=float64)
nll_grad  cost time: 2.925442934036255
tf.Tensor(-10798.827910134169, shape=(), dtype=float64)
nll_grad  cost time: 2.872863292694092
tf.Tensor(-10798.852494361803, shape=(), dtype=float64)
nll_grad  cost time: 2.856839418411255
tf.Tensor(-10798.872346785465, shape=(), dtype=float64)
nll_grad  cost time: 2.826605796813965
tf.Tensor(-10798.886922418314, shape=(), dtype=float64)
nll_grad  cost time: 2.958463430404663
tf.Tensor(-10798.900686865934, shape=(), dtype=float64)
nll_grad  cost time: 2.9392142295837402
tf.Tensor(-10798.914163574707, shape=(), dtype=float64)
nll_grad  cost time: 2.8624322414398193
tf.Tensor(-10798.92603316901, shape=(), dtype=float64)
nll_grad  cost time: 2.831714153289795
tf.Tensor(-10798.942206522093, shape=(), dtype=float64)
nll_grad  cost time: 2.857280731201172
tf.Tensor(-10798.95776092293, shape=(), dtype=float64)
nll_grad  cost time: 2.811007022857666
tf.Tensor(-10798.972592179533, shape=(), dtype=float64)
nll_grad  cost time: 2.8378641605377197
tf.Tensor(-10798.991093884433, shape=(), dtype=float64)
nll_grad  cost time: 2.9187419414520264
tf.Tensor(-10799.008968051276, shape=(), dtype=float64)
nll_grad  cost time: 2.9266812801361084
tf.Tensor(-10799.02013372485, shape=(), dtype=float64)
nll_grad  cost time: 2.8960108757019043
tf.Tensor(-10799.03120414746, shape=(), dtype=float64)
nll_grad  cost time: 2.911322593688965
tf.Tensor(-10799.041944954093, shape=(), dtype=float64)
nll_grad  cost time: 2.889613151550293
tf.Tensor(-10799.05270151698, shape=(), dtype=float64)
nll_grad  cost time: 2.8078672885894775
tf.Tensor(-10799.063972170392, shape=(), dtype=float64)
nll_grad  cost time: 2.8882241249084473
tf.Tensor(-10799.076349826326, shape=(), dtype=float64)
nll_grad  cost time: 2.931741714477539
tf.Tensor(-10799.088604243734, shape=(), dtype=float64)
nll_grad  cost time: 2.928818464279175
tf.Tensor(-10799.10370615738, shape=(), dtype=float64)
nll_grad  cost time: 2.9777753353118896
tf.Tensor(-10799.120021189286, shape=(), dtype=float64)
nll_grad  cost time: 2.992753267288208
tf.Tensor(-10799.135095200501, shape=(), dtype=float64)
nll_grad  cost time: 2.9040446281433105
tf.Tensor(-10799.150938262042, shape=(), dtype=float64)
nll_grad  cost time: 2.986100912094116
tf.Tensor(-10799.167735539442, shape=(), dtype=float64)
nll_grad  cost time: 3.074328660964966
tf.Tensor(-10799.181598355026, shape=(), dtype=float64)
nll_grad  cost time: 2.9889068603515625
tf.Tensor(-10799.193580212923, shape=(), dtype=float64)
nll_grad  cost time: 3.0086121559143066
tf.Tensor(-10799.205379300285, shape=(), dtype=float64)
nll_grad  cost time: 2.994227409362793
tf.Tensor(-10799.21809203698, shape=(), dtype=float64)
nll_grad  cost time: 3.0578441619873047
tf.Tensor(-10799.232234177005, shape=(), dtype=float64)
nll_grad  cost time: 3.0744469165802
tf.Tensor(-10799.245999200626, shape=(), dtype=float64)
nll_grad  cost time: 3.0556118488311768
tf.Tensor(-10799.258576389788, shape=(), dtype=float64)
nll_grad  cost time: 3.007789373397827
tf.Tensor(-10799.275240349489, shape=(), dtype=float64)
nll_grad  cost time: 2.9472403526306152
tf.Tensor(-10799.293478476953, shape=(), dtype=float64)
nll_grad  cost time: 2.9354281425476074
tf.Tensor(-10799.30927702329, shape=(), dtype=float64)
nll_grad  cost time: 2.9767277240753174
tf.Tensor(-10799.328697402176, shape=(), dtype=float64)
nll_grad  cost time: 2.939781904220581
tf.Tensor(-10799.353959111322, shape=(), dtype=float64)
nll_grad  cost time: 3.003730535507202
tf.Tensor(-10799.38232406987, shape=(), dtype=float64)
nll_grad  cost time: 3.001020669937134
tf.Tensor(-10799.406763613479, shape=(), dtype=float64)
nll_grad  cost time: 2.976332426071167
tf.Tensor(-10799.436663759487, shape=(), dtype=float64)
nll_grad  cost time: 2.9108378887176514
tf.Tensor(-10799.477944443192, shape=(), dtype=float64)
nll_grad  cost time: 3.132310628890991
tf.Tensor(-10799.539767947434, shape=(), dtype=float64)
nll_grad  cost time: 3.057699680328369
tf.Tensor(-10799.597530014777, shape=(), dtype=float64)
nll_grad  cost time: 3.0476534366607666
tf.Tensor(-10799.610615020909, shape=(), dtype=float64)
nll_grad  cost time: 3.050546884536743
tf.Tensor(-10799.634362402445, shape=(), dtype=float64)
nll_grad  cost time: 3.044419765472412
tf.Tensor(-10799.676040017439, shape=(), dtype=float64)
nll_grad  cost time: 2.8540117740631104
tf.Tensor(-10799.73826466978, shape=(), dtype=float64)
nll_grad  cost time: 2.9691085815429688
tf.Tensor(-10799.804637345158, shape=(), dtype=float64)
nll_grad  cost time: 3.0344080924987793
tf.Tensor(-10799.87080752803, shape=(), dtype=float64)
nll_grad  cost time: 3.087470293045044
tf.Tensor(-10799.964539495537, shape=(), dtype=float64)
nll_grad  cost time: 3.008380651473999
tf.Tensor(-10800.1077507449, shape=(), dtype=float64)
nll_grad  cost time: 2.923496723175049
tf.Tensor(-10800.265092431953, shape=(), dtype=float64)
nll_grad  cost time: 2.9903957843780518
nll_grad  cost time: 2.9080772399902344
tf.Tensor(-10800.361289891654, shape=(), dtype=float64)
nll_grad  cost time: 2.960777997970581
tf.Tensor(-10800.418522383385, shape=(), dtype=float64)
nll_grad  cost time: 2.932668924331665
tf.Tensor(-10800.489868457786, shape=(), dtype=float64)
nll_grad  cost time: 2.8760159015655518
tf.Tensor(-10800.577581421356, shape=(), dtype=float64)
nll_grad  cost time: 2.886345624923706
tf.Tensor(-10800.661674249008, shape=(), dtype=float64)
nll_grad  cost time: 2.9257326126098633
tf.Tensor(-10800.76251600332, shape=(), dtype=float64)
nll_grad  cost time: 2.861825704574585
tf.Tensor(-10800.836978719046, shape=(), dtype=float64)
nll_grad  cost time: 2.8684139251708984
tf.Tensor(-10800.906560102492, shape=(), dtype=float64)
nll_grad  cost time: 3.0227584838867188
tf.Tensor(-10800.981454227323, shape=(), dtype=float64)
nll_grad  cost time: 2.8982672691345215
tf.Tensor(-10801.031119719097, shape=(), dtype=float64)
nll_grad  cost time: 2.9509527683258057
tf.Tensor(-10801.104454286491, shape=(), dtype=float64)
nll_grad  cost time: 2.901215076446533
tf.Tensor(-10801.193804237366, shape=(), dtype=float64)
nll_grad  cost time: 2.9493813514709473
tf.Tensor(-10801.246986770791, shape=(), dtype=float64)
nll_grad  cost time: 2.938694477081299
tf.Tensor(-10801.283530756955, shape=(), dtype=float64)
nll_grad  cost time: 2.961472511291504
tf.Tensor(-10801.331699260743, shape=(), dtype=float64)
nll_grad  cost time: 2.9023492336273193
tf.Tensor(-10801.389023645475, shape=(), dtype=float64)
nll_grad  cost time: 2.9389874935150146
tf.Tensor(-10801.422179069697, shape=(), dtype=float64)
nll_grad  cost time: 2.9943981170654297
tf.Tensor(-10801.466041095351, shape=(), dtype=float64)
nll_grad  cost time: 2.917071580886841
tf.Tensor(-10801.4949353829, shape=(), dtype=float64)
nll_grad  cost time: 2.8227617740631104
tf.Tensor(-10801.523636765844, shape=(), dtype=float64)
nll_grad  cost time: 2.901151418685913
tf.Tensor(-10801.554675121377, shape=(), dtype=float64)
nll_grad  cost time: 2.8679563999176025
tf.Tensor(-10801.592006711922, shape=(), dtype=float64)
nll_grad  cost time: 2.9066274166107178
tf.Tensor(-10801.63039570288, shape=(), dtype=float64)
nll_grad  cost time: 2.966280221939087
tf.Tensor(-10801.66105988199, shape=(), dtype=float64)
nll_grad  cost time: 2.8571135997772217
tf.Tensor(-10801.695014757104, shape=(), dtype=float64)
nll_grad  cost time: 2.923187017440796
tf.Tensor(-10801.725853595162, shape=(), dtype=float64)
nll_grad  cost time: 2.9555296897888184
tf.Tensor(-10801.747501086065, shape=(), dtype=float64)
nll_grad  cost time: 2.960261344909668
tf.Tensor(-10801.767720956079, shape=(), dtype=float64)
nll_grad  cost time: 2.992267370223999
tf.Tensor(-10801.782678217402, shape=(), dtype=float64)
nll_grad  cost time: 2.8931989669799805
tf.Tensor(-10801.796898904904, shape=(), dtype=float64)
nll_grad  cost time: 2.9359378814697266
tf.Tensor(-10801.81338655809, shape=(), dtype=float64)
nll_grad  cost time: 3.03106427192688
tf.Tensor(-10801.836324615804, shape=(), dtype=float64)
nll_grad  cost time: 2.950941801071167
tf.Tensor(-10801.866147425397, shape=(), dtype=float64)
nll_grad  cost time: 3.1082584857940674
tf.Tensor(-10801.888915745185, shape=(), dtype=float64)
nll_grad  cost time: 2.899909019470215
tf.Tensor(-10801.905788556884, shape=(), dtype=float64)
nll_grad  cost time: 2.9295642375946045
tf.Tensor(-10801.920093075896, shape=(), dtype=float64)
nll_grad  cost time: 2.950650691986084
tf.Tensor(-10801.933936715104, shape=(), dtype=float64)
nll_grad  cost time: 2.910536050796509
tf.Tensor(-10801.94624456588, shape=(), dtype=float64)
nll_grad  cost time: 2.9064927101135254
tf.Tensor(-10801.961158227365, shape=(), dtype=float64)
nll_grad  cost time: 2.8568320274353027
tf.Tensor(-10801.979584870693, shape=(), dtype=float64)
nll_grad  cost time: 2.941159725189209
tf.Tensor(-10801.993421855448, shape=(), dtype=float64)
nll_grad  cost time: 2.8899338245391846
tf.Tensor(-10802.005774888923, shape=(), dtype=float64)
nll_grad  cost time: 2.888899803161621
tf.Tensor(-10802.014266747166, shape=(), dtype=float64)
nll_grad  cost time: 2.9114460945129395
tf.Tensor(-10802.022683108873, shape=(), dtype=float64)
nll_grad  cost time: 2.877696990966797
tf.Tensor(-10802.034201001938, shape=(), dtype=float64)
nll_grad  cost time: 2.88785457611084
tf.Tensor(-10802.044932698314, shape=(), dtype=float64)
nll_grad  cost time: 2.831394910812378
tf.Tensor(-10802.055118999247, shape=(), dtype=float64)
nll_grad  cost time: 2.8929226398468018
tf.Tensor(-10802.064867097164, shape=(), dtype=float64)
nll_grad  cost time: 2.8845622539520264
tf.Tensor(-10802.074303764712, shape=(), dtype=float64)
nll_grad  cost time: 3.0000815391540527
tf.Tensor(-10802.0845843641, shape=(), dtype=float64)
nll_grad  cost time: 2.9239137172698975
tf.Tensor(-10802.10004563634, shape=(), dtype=float64)
nll_grad  cost time: 2.863602638244629
tf.Tensor(-10802.12176972469, shape=(), dtype=float64)
nll_grad  cost time: 2.9072012901306152
tf.Tensor(-10802.142725461112, shape=(), dtype=float64)
nll_grad  cost time: 3.0043299198150635
tf.Tensor(-10802.158409804644, shape=(), dtype=float64)
nll_grad  cost time: 2.918743371963501
tf.Tensor(-10802.171566030745, shape=(), dtype=float64)
nll_grad  cost time: 2.872340440750122
tf.Tensor(-10802.181821707076, shape=(), dtype=float64)
nll_grad  cost time: 2.9426562786102295
tf.Tensor(-10802.189112720509, shape=(), dtype=float64)
nll_grad  cost time: 2.942516803741455
tf.Tensor(-10802.195459796712, shape=(), dtype=float64)
nll_grad  cost time: 2.9825856685638428
tf.Tensor(-10802.201104076674, shape=(), dtype=float64)
nll_grad  cost time: 2.980306625366211
tf.Tensor(-10802.20746999186, shape=(), dtype=float64)
nll_grad  cost time: 2.97940993309021
tf.Tensor(-10802.215243045655, shape=(), dtype=float64)
nll_grad  cost time: 2.872284173965454
tf.Tensor(-10802.222906905103, shape=(), dtype=float64)
nll_grad  cost time: 2.9047091007232666
tf.Tensor(-10802.230836613693, shape=(), dtype=float64)
nll_grad  cost time: 3.0901975631713867
tf.Tensor(-10802.240757142172, shape=(), dtype=float64)
nll_grad  cost time: 2.950895309448242
tf.Tensor(-10802.25395662446, shape=(), dtype=float64)
nll_grad  cost time: 2.8546526432037354
tf.Tensor(-10802.268517089207, shape=(), dtype=float64)
nll_grad  cost time: 2.8868486881256104
tf.Tensor(-10802.283454947312, shape=(), dtype=float64)
nll_grad  cost time: 2.8584210872650146
tf.Tensor(-10802.29666736789, shape=(), dtype=float64)
nll_grad  cost time: 2.8504061698913574
tf.Tensor(-10802.306854298244, shape=(), dtype=float64)
nll_grad  cost time: 2.9347524642944336
tf.Tensor(-10802.315501849058, shape=(), dtype=float64)
nll_grad  cost time: 2.848891258239746
tf.Tensor(-10802.323990482015, shape=(), dtype=float64)
nll_grad  cost time: 2.8818399906158447
tf.Tensor(-10802.334024061747, shape=(), dtype=float64)
nll_grad  cost time: 2.8726940155029297
tf.Tensor(-10802.344927896396, shape=(), dtype=float64)
nll_grad  cost time: 2.889979839324951
tf.Tensor(-10802.354359131801, shape=(), dtype=float64)
nll_grad  cost time: 2.9865918159484863
tf.Tensor(-10802.364239834176, shape=(), dtype=float64)
nll_grad  cost time: 2.9389307498931885
tf.Tensor(-10802.377820694019, shape=(), dtype=float64)
nll_grad  cost time: 2.8742945194244385
tf.Tensor(-10802.394180816562, shape=(), dtype=float64)
nll_grad  cost time: 2.85123348236084
tf.Tensor(-10802.410774013486, shape=(), dtype=float64)
nll_grad  cost time: 2.9529592990875244
tf.Tensor(-10802.425929448757, shape=(), dtype=float64)
nll_grad  cost time: 2.9247608184814453
tf.Tensor(-10802.442640622561, shape=(), dtype=float64)
nll_grad  cost time: 3.0022144317626953
tf.Tensor(-10802.462598198355, shape=(), dtype=float64)
nll_grad  cost time: 2.977224588394165
tf.Tensor(-10802.486861775731, shape=(), dtype=float64)
nll_grad  cost time: 2.924938917160034
tf.Tensor(-10802.509433248699, shape=(), dtype=float64)
nll_grad  cost time: 2.882173538208008
tf.Tensor(-10802.52918206621, shape=(), dtype=float64)
nll_grad  cost time: 2.9746859073638916
tf.Tensor(-10802.552514993964, shape=(), dtype=float64)
nll_grad  cost time: 3.0590004920959473
tf.Tensor(-10802.580378484767, shape=(), dtype=float64)
nll_grad  cost time: 3.000276565551758
tf.Tensor(-10802.607716367485, shape=(), dtype=float64)
nll_grad  cost time: 3.033320903778076
tf.Tensor(-10802.630261313047, shape=(), dtype=float64)
nll_grad  cost time: 2.863555908203125
tf.Tensor(-10802.649608067099, shape=(), dtype=float64)
nll_grad  cost time: 2.882441282272339
tf.Tensor(-10802.666010536523, shape=(), dtype=float64)
nll_grad  cost time: 3.0361201763153076
tf.Tensor(-10802.684760598277, shape=(), dtype=float64)
nll_grad  cost time: 2.972242593765259
tf.Tensor(-10802.701251187798, shape=(), dtype=float64)
nll_grad  cost time: 2.89115571975708
tf.Tensor(-10802.714092866387, shape=(), dtype=float64)
nll_grad  cost time: 2.8731119632720947
tf.Tensor(-10802.726669575, shape=(), dtype=float64)
nll_grad  cost time: 3.034442901611328
tf.Tensor(-10802.738056388385, shape=(), dtype=float64)
nll_grad  cost time: 2.939429998397827
tf.Tensor(-10802.752951106762, shape=(), dtype=float64)
nll_grad  cost time: 2.955883502960205
tf.Tensor(-10802.76589923106, shape=(), dtype=float64)
nll_grad  cost time: 2.9188902378082275
tf.Tensor(-10802.78232703462, shape=(), dtype=float64)
nll_grad  cost time: 2.9524052143096924
tf.Tensor(-10802.804744576759, shape=(), dtype=float64)
nll_grad  cost time: 2.941910743713379
tf.Tensor(-10802.82815285209, shape=(), dtype=float64)
nll_grad  cost time: 3.0155532360076904
tf.Tensor(-10802.840547447136, shape=(), dtype=float64)
nll_grad  cost time: 3.012188196182251
tf.Tensor(-10802.85912177177, shape=(), dtype=float64)
nll_grad  cost time: 3.084414005279541
tf.Tensor(-10802.878749462208, shape=(), dtype=float64)
nll_grad  cost time: 3.371466636657715
tf.Tensor(-10802.892495909335, shape=(), dtype=float64)
nll_grad  cost time: 3.1514933109283447
tf.Tensor(-10802.911128020161, shape=(), dtype=float64)
nll_grad  cost time: 3.0730113983154297
tf.Tensor(-10802.930365836437, shape=(), dtype=float64)
nll_grad  cost time: 2.9193899631500244
tf.Tensor(-10802.946314348534, shape=(), dtype=float64)
nll_grad  cost time: 2.9108693599700928
tf.Tensor(-10802.958975933907, shape=(), dtype=float64)
nll_grad  cost time: 3.075242042541504
tf.Tensor(-10802.968099831654, shape=(), dtype=float64)
nll_grad  cost time: 3.0768113136291504
tf.Tensor(-10802.975345204934, shape=(), dtype=float64)
nll_grad  cost time: 3.1523842811584473
tf.Tensor(-10802.98385757739, shape=(), dtype=float64)
nll_grad  cost time: 3.078739881515503
tf.Tensor(-10802.994173118765, shape=(), dtype=float64)
nll_grad  cost time: 3.001868486404419
tf.Tensor(-10803.006355852936, shape=(), dtype=float64)
nll_grad  cost time: 3.13950514793396
tf.Tensor(-10803.01943035215, shape=(), dtype=float64)
nll_grad  cost time: 3.1890389919281006
tf.Tensor(-10803.034680407967, shape=(), dtype=float64)
nll_grad  cost time: 2.9522013664245605
tf.Tensor(-10803.04967149625, shape=(), dtype=float64)
nll_grad  cost time: 2.9012696743011475
tf.Tensor(-10803.059880826855, shape=(), dtype=float64)
nll_grad  cost time: 2.9396512508392334
tf.Tensor(-10803.071166840142, shape=(), dtype=float64)
nll_grad  cost time: 2.895224094390869
tf.Tensor(-10803.083051468668, shape=(), dtype=float64)
nll_grad  cost time: 2.894474506378174
tf.Tensor(-10803.094065518155, shape=(), dtype=float64)
nll_grad  cost time: 2.839298725128174
tf.Tensor(-10803.104651150716, shape=(), dtype=float64)
nll_grad  cost time: 2.9231009483337402
tf.Tensor(-10803.114162571022, shape=(), dtype=float64)
nll_grad  cost time: 2.866722583770752
tf.Tensor(-10803.125844103844, shape=(), dtype=float64)
nll_grad  cost time: 2.9160068035125732
tf.Tensor(-10803.13660504629, shape=(), dtype=float64)
nll_grad  cost time: 3.0279951095581055
tf.Tensor(-10803.14579486831, shape=(), dtype=float64)
nll_grad  cost time: 2.9542202949523926
tf.Tensor(-10803.152417943347, shape=(), dtype=float64)
nll_grad  cost time: 2.932786703109741
tf.Tensor(-10803.15757460778, shape=(), dtype=float64)
nll_grad  cost time: 2.928309202194214
tf.Tensor(-10803.162203767337, shape=(), dtype=float64)
nll_grad  cost time: 3.0109100341796875
tf.Tensor(-10803.166744277994, shape=(), dtype=float64)
nll_grad  cost time: 3.005452871322632
tf.Tensor(-10803.173536835471, shape=(), dtype=float64)
nll_grad  cost time: 3.1860086917877197
tf.Tensor(-10803.183970750164, shape=(), dtype=float64)
nll_grad  cost time: 3.0371603965759277
tf.Tensor(-10803.198678481574, shape=(), dtype=float64)
nll_grad  cost time: 2.899197816848755
tf.Tensor(-10803.212506782766, shape=(), dtype=float64)
nll_grad  cost time: 2.8141891956329346
tf.Tensor(-10803.224855606153, shape=(), dtype=float64)
nll_grad  cost time: 2.964604377746582
tf.Tensor(-10803.235112967479, shape=(), dtype=float64)
nll_grad  cost time: 2.817438840866089
tf.Tensor(-10803.242979232673, shape=(), dtype=float64)
nll_grad  cost time: 2.8813304901123047
tf.Tensor(-10803.250932728763, shape=(), dtype=float64)
nll_grad  cost time: 2.823453187942505
tf.Tensor(-10803.259036303694, shape=(), dtype=float64)
nll_grad  cost time: 2.8430638313293457
tf.Tensor(-10803.269608371804, shape=(), dtype=float64)
nll_grad  cost time: 2.801154136657715
tf.Tensor(-10803.280009228904, shape=(), dtype=float64)
nll_grad  cost time: 2.86613130569458
tf.Tensor(-10803.293085879974, shape=(), dtype=float64)
nll_grad  cost time: 2.8885931968688965
tf.Tensor(-10803.308923912868, shape=(), dtype=float64)
nll_grad  cost time: 2.8268778324127197
tf.Tensor(-10803.324574956125, shape=(), dtype=float64)
nll_grad  cost time: 2.9229648113250732
tf.Tensor(-10803.338835793213, shape=(), dtype=float64)
nll_grad  cost time: 2.8720622062683105
tf.Tensor(-10803.355795423107, shape=(), dtype=float64)
nll_grad  cost time: 3.031876802444458
tf.Tensor(-10803.373367110085, shape=(), dtype=float64)
nll_grad  cost time: 2.9001262187957764
tf.Tensor(-10803.387389806274, shape=(), dtype=float64)
nll_grad  cost time: 2.8842315673828125
tf.Tensor(-10803.39597456684, shape=(), dtype=float64)
nll_grad  cost time: 2.971379041671753
tf.Tensor(-10803.407627960252, shape=(), dtype=float64)
nll_grad  cost time: 2.9256975650787354
tf.Tensor(-10803.424612649716, shape=(), dtype=float64)
nll_grad  cost time: 3.0643129348754883
tf.Tensor(-10803.446622663447, shape=(), dtype=float64)
nll_grad  cost time: 2.8692965507507324
tf.Tensor(-10803.465273545742, shape=(), dtype=float64)
nll_grad  cost time: 2.9606387615203857
tf.Tensor(-10803.488203299014, shape=(), dtype=float64)
nll_grad  cost time: 2.8995742797851562
tf.Tensor(-10803.50936966994, shape=(), dtype=float64)
nll_grad  cost time: 2.9826860427856445
tf.Tensor(-10803.519186489575, shape=(), dtype=float64)
nll_grad  cost time: 3.028757333755493
tf.Tensor(-10803.535317818634, shape=(), dtype=float64)
nll_grad  cost time: 2.99019718170166
tf.Tensor(-10803.55952520964, shape=(), dtype=float64)
nll_grad  cost time: 2.9528286457061768
tf.Tensor(-10803.587891166004, shape=(), dtype=float64)
nll_grad  cost time: 3.032092332839966
tf.Tensor(-10803.617907397282, shape=(), dtype=float64)
nll_grad  cost time: 3.037106990814209
tf.Tensor(-10803.638570651434, shape=(), dtype=float64)
nll_grad  cost time: 2.9681735038757324
tf.Tensor(-10803.66866067156, shape=(), dtype=float64)
nll_grad  cost time: 3.088038921356201
tf.Tensor(-10803.689263550245, shape=(), dtype=float64)
nll_grad  cost time: 3.0309929847717285
tf.Tensor(-10803.706157130648, shape=(), dtype=float64)
nll_grad  cost time: 3.0541281700134277
tf.Tensor(-10803.715043747223, shape=(), dtype=float64)
nll_grad  cost time: 3.066483736038208
tf.Tensor(-10803.726423324057, shape=(), dtype=float64)
nll_grad  cost time: 2.9449923038482666
tf.Tensor(-10803.736533213189, shape=(), dtype=float64)
nll_grad  cost time: 2.8688437938690186
tf.Tensor(-10803.745237441137, shape=(), dtype=float64)
nll_grad  cost time: 2.8722763061523438
tf.Tensor(-10803.75481114917, shape=(), dtype=float64)
nll_grad  cost time: 2.842961549758911
tf.Tensor(-10803.76486052513, shape=(), dtype=float64)
nll_grad  cost time: 2.9359681606292725
tf.Tensor(-10803.775620638182, shape=(), dtype=float64)
nll_grad  cost time: 3.0226097106933594
tf.Tensor(-10803.784453301007, shape=(), dtype=float64)
nll_grad  cost time: 2.9341108798980713
tf.Tensor(-10803.794136558288, shape=(), dtype=float64)
nll_grad  cost time: 2.8821589946746826
tf.Tensor(-10803.803456623937, shape=(), dtype=float64)
nll_grad  cost time: 2.9220590591430664
tf.Tensor(-10803.813451977294, shape=(), dtype=float64)
nll_grad  cost time: 2.9408974647521973
tf.Tensor(-10803.82259433809, shape=(), dtype=float64)
nll_grad  cost time: 3.0616044998168945
tf.Tensor(-10803.830735223884, shape=(), dtype=float64)
nll_grad  cost time: 2.9407060146331787
tf.Tensor(-10803.837831326025, shape=(), dtype=float64)
nll_grad  cost time: 2.862537384033203
tf.Tensor(-10803.845291795187, shape=(), dtype=float64)
nll_grad  cost time: 2.9299662113189697
tf.Tensor(-10803.854373352027, shape=(), dtype=float64)
nll_grad  cost time: 3.0021722316741943
tf.Tensor(-10803.863038342904, shape=(), dtype=float64)
nll_grad  cost time: 2.8290371894836426
tf.Tensor(-10803.870230981593, shape=(), dtype=float64)
nll_grad  cost time: 2.893256187438965
tf.Tensor(-10803.876213241936, shape=(), dtype=float64)
nll_grad  cost time: 2.8890559673309326
tf.Tensor(-10803.880222015076, shape=(), dtype=float64)
nll_grad  cost time: 2.8849759101867676
tf.Tensor(-10803.88470811538, shape=(), dtype=float64)
nll_grad  cost time: 2.80107045173645
tf.Tensor(-10803.889372712576, shape=(), dtype=float64)
nll_grad  cost time: 2.9968717098236084
tf.Tensor(-10803.892422920435, shape=(), dtype=float64)
nll_grad  cost time: 2.834096670150757
tf.Tensor(-10803.896052459277, shape=(), dtype=float64)
nll_grad  cost time: 2.852130651473999
tf.Tensor(-10803.899029536864, shape=(), dtype=float64)
nll_grad  cost time: 2.8174498081207275
tf.Tensor(-10803.90258289819, shape=(), dtype=float64)
nll_grad  cost time: 2.93253493309021
tf.Tensor(-10803.906444473534, shape=(), dtype=float64)
nll_grad  cost time: 2.8963544368743896
tf.Tensor(-10803.909327389338, shape=(), dtype=float64)
nll_grad  cost time: 2.9705450534820557
tf.Tensor(-10803.911183306576, shape=(), dtype=float64)
nll_grad  cost time: 2.8738670349121094
tf.Tensor(-10803.912907407386, shape=(), dtype=float64)
nll_grad  cost time: 2.8043627738952637
tf.Tensor(-10803.9149092878, shape=(), dtype=float64)
nll_grad  cost time: 2.7757349014282227
tf.Tensor(-10803.916876114869, shape=(), dtype=float64)
nll_grad  cost time: 2.88690447807312
tf.Tensor(-10803.91884321037, shape=(), dtype=float64)
nll_grad  cost time: 3.0651440620422363
tf.Tensor(-10803.921112615608, shape=(), dtype=float64)
nll_grad  cost time: 2.7600104808807373
tf.Tensor(-10803.923361112851, shape=(), dtype=float64)
nll_grad  cost time: 2.9042749404907227
tf.Tensor(-10803.925184440908, shape=(), dtype=float64)
nll_grad  cost time: 2.874358892440796
tf.Tensor(-10803.926505536838, shape=(), dtype=float64)
nll_grad  cost time: 2.9367055892944336
tf.Tensor(-10803.927748734452, shape=(), dtype=float64)
nll_grad  cost time: 2.835685968399048
tf.Tensor(-10803.929313811728, shape=(), dtype=float64)
nll_grad  cost time: 2.908583641052246
tf.Tensor(-10803.93111688803, shape=(), dtype=float64)
nll_grad  cost time: 2.8639943599700928
tf.Tensor(-10803.932745219623, shape=(), dtype=float64)
nll_grad  cost time: 2.880171537399292
tf.Tensor(-10803.93404144761, shape=(), dtype=float64)
nll_grad  cost time: 2.9582033157348633
tf.Tensor(-10803.935151764395, shape=(), dtype=float64)
nll_grad  cost time: 3.077535629272461
tf.Tensor(-10803.936101058025, shape=(), dtype=float64)
nll_grad  cost time: 2.854844570159912
tf.Tensor(-10803.936803005941, shape=(), dtype=float64)
nll_grad  cost time: 3.068650245666504
tf.Tensor(-10803.937220636857, shape=(), dtype=float64)
nll_grad  cost time: 2.9543702602386475
tf.Tensor(-10803.937520344058, shape=(), dtype=float64)
nll_grad  cost time: 2.8903677463531494
tf.Tensor(-10803.937833599317, shape=(), dtype=float64)
nll_grad  cost time: 3.0073323249816895
tf.Tensor(-10803.938228416759, shape=(), dtype=float64)
nll_grad  cost time: 2.9979872703552246
tf.Tensor(-10803.9387122884, shape=(), dtype=float64)
nll_grad  cost time: 2.9259612560272217
tf.Tensor(-10803.939239752544, shape=(), dtype=float64)
nll_grad  cost time: 2.8674569129943848
tf.Tensor(-10803.939791526289, shape=(), dtype=float64)
nll_grad  cost time: 2.9599781036376953
tf.Tensor(-10803.940415654259, shape=(), dtype=float64)
nll_grad  cost time: 3.276672601699829
tf.Tensor(-10803.94120504157, shape=(), dtype=float64)
nll_grad  cost time: 2.981806516647339
tf.Tensor(-10803.942184699954, shape=(), dtype=float64)
nll_grad  cost time: 2.916012763977051
tf.Tensor(-10803.943192546489, shape=(), dtype=float64)
nll_grad  cost time: 2.853614091873169
tf.Tensor(-10803.944014350374, shape=(), dtype=float64)
nll_grad  cost time: 2.8846731185913086
tf.Tensor(-10803.944638904126, shape=(), dtype=float64)
nll_grad  cost time: 2.871920347213745
tf.Tensor(-10803.945186775862, shape=(), dtype=float64)
nll_grad  cost time: 2.959045171737671
tf.Tensor(-10803.945716161325, shape=(), dtype=float64)
nll_grad  cost time: 3.0081992149353027
tf.Tensor(-10803.9461985116, shape=(), dtype=float64)
nll_grad  cost time: 2.9174115657806396
tf.Tensor(-10803.946628438483, shape=(), dtype=float64)
nll_grad  cost time: 2.9444897174835205
tf.Tensor(-10803.947059084756, shape=(), dtype=float64)
nll_grad  cost time: 3.0115127563476562
tf.Tensor(-10803.947548546581, shape=(), dtype=float64)
nll_grad  cost time: 2.9295263290405273
tf.Tensor(-10803.948133860584, shape=(), dtype=float64)
nll_grad  cost time: 2.9990432262420654
tf.Tensor(-10803.948842725105, shape=(), dtype=float64)
nll_grad  cost time: 3.031080484390259
tf.Tensor(-10803.949731386485, shape=(), dtype=float64)
nll_grad  cost time: 3.036440372467041
tf.Tensor(-10803.950741574343, shape=(), dtype=float64)
nll_grad  cost time: 3.0035135746002197
tf.Tensor(-10803.951656776917, shape=(), dtype=float64)
nll_grad  cost time: 3.1202502250671387
tf.Tensor(-10803.952242177846, shape=(), dtype=float64)
nll_grad  cost time: 2.9159553050994873
tf.Tensor(-10803.952626885039, shape=(), dtype=float64)
nll_grad  cost time: 2.885862350463867
tf.Tensor(-10803.953002884402, shape=(), dtype=float64)
nll_grad  cost time: 2.9350500106811523
tf.Tensor(-10803.95351202276, shape=(), dtype=float64)
nll_grad  cost time: 3.0844638347625732
tf.Tensor(-10803.954158095396, shape=(), dtype=float64)
nll_grad  cost time: 2.9103050231933594
tf.Tensor(-10803.954927496234, shape=(), dtype=float64)
nll_grad  cost time: 2.9653239250183105
tf.Tensor(-10803.955746960986, shape=(), dtype=float64)
nll_grad  cost time: 2.914036989212036
tf.Tensor(-10803.956569307637, shape=(), dtype=float64)
nll_grad  cost time: 2.8916175365448
tf.Tensor(-10803.95727998476, shape=(), dtype=float64)
nll_grad  cost time: 2.9816226959228516
tf.Tensor(-10803.957852927371, shape=(), dtype=float64)
nll_grad  cost time: 3.0118820667266846
tf.Tensor(-10803.958315747775, shape=(), dtype=float64)
nll_grad  cost time: 2.932551383972168
tf.Tensor(-10803.958809191157, shape=(), dtype=float64)
nll_grad  cost time: 2.988734006881714
tf.Tensor(-10803.959446211775, shape=(), dtype=float64)
nll_grad  cost time: 2.9544155597686768
tf.Tensor(-10803.96030798267, shape=(), dtype=float64)
nll_grad  cost time: 3.085545539855957
tf.Tensor(-10803.961454683078, shape=(), dtype=float64)
nll_grad  cost time: 2.9543721675872803
tf.Tensor(-10803.962783752111, shape=(), dtype=float64)
nll_grad  cost time: 2.9783530235290527
tf.Tensor(-10803.963986230083, shape=(), dtype=float64)
nll_grad  cost time: 2.999044895172119
tf.Tensor(-10803.964917937352, shape=(), dtype=float64)
nll_grad  cost time: 3.0607361793518066
tf.Tensor(-10803.965567067484, shape=(), dtype=float64)
nll_grad  cost time: 2.9293501377105713
tf.Tensor(-10803.966113405797, shape=(), dtype=float64)
nll_grad  cost time: 3.068325996398926
tf.Tensor(-10803.96662559764, shape=(), dtype=float64)
nll_grad  cost time: 2.898606538772583
tf.Tensor(-10803.967125052353, shape=(), dtype=float64)
nll_grad  cost time: 2.9295053482055664
tf.Tensor(-10803.967723730035, shape=(), dtype=float64)
nll_grad  cost time: 2.972769021987915
tf.Tensor(-10803.968436068033, shape=(), dtype=float64)
nll_grad  cost time: 3.180614709854126
tf.Tensor(-10803.969291675465, shape=(), dtype=float64)
nll_grad  cost time: 3.021970510482788
tf.Tensor(-10803.97022218258, shape=(), dtype=float64)
nll_grad  cost time: 3.015854835510254
tf.Tensor(-10803.97114109619, shape=(), dtype=float64)
nll_grad  cost time: 2.9997384548187256
tf.Tensor(-10803.972014542735, shape=(), dtype=float64)
nll_grad  cost time: 3.020690679550171
tf.Tensor(-10803.97282544944, shape=(), dtype=float64)
nll_grad  cost time: 2.927490472793579
tf.Tensor(-10803.973591109709, shape=(), dtype=float64)
nll_grad  cost time: 2.8883626461029053
tf.Tensor(-10803.974304245443, shape=(), dtype=float64)
nll_grad  cost time: 2.9620516300201416
tf.Tensor(-10803.974910394878, shape=(), dtype=float64)
nll_grad  cost time: 2.9328651428222656
tf.Tensor(-10803.975323561608, shape=(), dtype=float64)
nll_grad  cost time: 2.893179178237915
tf.Tensor(-10803.975544958688, shape=(), dtype=float64)
nll_grad  cost time: 2.9412691593170166
tf.Tensor(-10803.97566268086, shape=(), dtype=float64)
nll_grad  cost time: 2.9170210361480713
tf.Tensor(-10803.97575809947, shape=(), dtype=float64)
nll_grad  cost time: 2.904481887817383
tf.Tensor(-10803.975896246717, shape=(), dtype=float64)
nll_grad  cost time: 2.9229884147644043
tf.Tensor(-10803.976090958211, shape=(), dtype=float64)
nll_grad  cost time: 2.886075019836426
tf.Tensor(-10803.976366335344, shape=(), dtype=float64)
nll_grad  cost time: 2.844191789627075
tf.Tensor(-10803.976697441336, shape=(), dtype=float64)
nll_grad  cost time: 3.0304548740386963
tf.Tensor(-10803.977058555669, shape=(), dtype=float64)
nll_grad  cost time: 2.868360757827759
tf.Tensor(-10803.977432228807, shape=(), dtype=float64)
nll_grad  cost time: 2.9319326877593994
tf.Tensor(-10803.977813655758, shape=(), dtype=float64)
nll_grad  cost time: 2.8671340942382812
tf.Tensor(-10803.9781791102, shape=(), dtype=float64)
nll_grad  cost time: 2.994610071182251
tf.Tensor(-10803.97851579346, shape=(), dtype=float64)
nll_grad  cost time: 2.9822633266448975
tf.Tensor(-10803.97882039308, shape=(), dtype=float64)
nll_grad  cost time: 2.8969390392303467
tf.Tensor(-10803.979145264173, shape=(), dtype=float64)
nll_grad  cost time: 2.8943464756011963
tf.Tensor(-10803.979497445493, shape=(), dtype=float64)
nll_grad  cost time: 2.9338889122009277
tf.Tensor(-10803.979855605758, shape=(), dtype=float64)
nll_grad  cost time: 2.918989419937134
tf.Tensor(-10803.980167316011, shape=(), dtype=float64)
nll_grad  cost time: 2.873448371887207
tf.Tensor(-10803.98046860443, shape=(), dtype=float64)
nll_grad  cost time: 2.8318324089050293
tf.Tensor(-10803.980862229844, shape=(), dtype=float64)
nll_grad  cost time: 2.953961133956909
tf.Tensor(-10803.981477430432, shape=(), dtype=float64)
nll_grad  cost time: 2.9719090461730957
tf.Tensor(-10803.982431116441, shape=(), dtype=float64)
nll_grad  cost time: 3.0511722564697266
tf.Tensor(-10803.983745018864, shape=(), dtype=float64)
nll_grad  cost time: 3.047219753265381
tf.Tensor(-10803.984957287837, shape=(), dtype=float64)
nll_grad  cost time: 2.9416940212249756
tf.Tensor(-10803.985798314003, shape=(), dtype=float64)
nll_grad  cost time: 2.8923287391662598
tf.Tensor(-10803.98617412788, shape=(), dtype=float64)
nll_grad  cost time: 2.8772287368774414
tf.Tensor(-10803.986328668085, shape=(), dtype=float64)
nll_grad  cost time: 2.912717342376709
tf.Tensor(-10803.986425898402, shape=(), dtype=float64)
nll_grad  cost time: 2.925455093383789
tf.Tensor(-10803.986536327611, shape=(), dtype=float64)
nll_grad  cost time: 2.9179975986480713
tf.Tensor(-10803.986704004841, shape=(), dtype=float64)
nll_grad  cost time: 2.9924492835998535
tf.Tensor(-10803.986896361275, shape=(), dtype=float64)
nll_grad  cost time: 2.8966991901397705
tf.Tensor(-10803.987036354076, shape=(), dtype=float64)
nll_grad  cost time: 2.8621387481689453
tf.Tensor(-10803.987105129483, shape=(), dtype=float64)
nll_grad  cost time: 2.9786465167999268
tf.Tensor(-10803.987140843667, shape=(), dtype=float64)
nll_grad  cost time: 2.8696911334991455
tf.Tensor(-10803.987182240897, shape=(), dtype=float64)
nll_grad  cost time: 2.853536367416382
tf.Tensor(-10803.987244071614, shape=(), dtype=float64)
nll_grad  cost time: 2.9822998046875
tf.Tensor(-10803.987337042177, shape=(), dtype=float64)
nll_grad  cost time: 2.9612650871276855
tf.Tensor(-10803.987440772806, shape=(), dtype=float64)
nll_grad  cost time: 2.897615909576416
tf.Tensor(-10803.987527653233, shape=(), dtype=float64)
nll_grad  cost time: 2.8739967346191406
tf.Tensor(-10803.98763843644, shape=(), dtype=float64)
nll_grad  cost time: 2.92059063911438
tf.Tensor(-10803.987789936291, shape=(), dtype=float64)
nll_grad  cost time: 2.9062676429748535
tf.Tensor(-10803.987952241987, shape=(), dtype=float64)
nll_grad  cost time: 2.833486795425415
tf.Tensor(-10803.988051487984, shape=(), dtype=float64)
nll_grad  cost time: 2.93062424659729
tf.Tensor(-10803.988088688988, shape=(), dtype=float64)
nll_grad  cost time: 2.858170986175537
tf.Tensor(-10803.988105866141, shape=(), dtype=float64)
nll_grad  cost time: 2.8767387866973877
tf.Tensor(-10803.98812795584, shape=(), dtype=float64)
nll_grad  cost time: 2.846099615097046
tf.Tensor(-10803.988162748261, shape=(), dtype=float64)
nll_grad  cost time: 2.857757806777954
tf.Tensor(-10803.988212923316, shape=(), dtype=float64)
nll_grad  cost time: 2.846787691116333
tf.Tensor(-10803.988251230745, shape=(), dtype=float64)
nll_grad  cost time: 3.0827369689941406
tf.Tensor(-10803.988273205548, shape=(), dtype=float64)
nll_grad  cost time: 2.8393795490264893
tf.Tensor(-10803.988285052648, shape=(), dtype=float64)
nll_grad  cost time: 2.8331120014190674
tf.Tensor(-10803.988297889613, shape=(), dtype=float64)
nll_grad  cost time: 2.835482597351074
tf.Tensor(-10803.988318115968, shape=(), dtype=float64)
nll_grad  cost time: 2.8404297828674316
tf.Tensor(-10803.988350578802, shape=(), dtype=float64)
nll_grad  cost time: 3.089569091796875
tf.Tensor(-10803.988401996961, shape=(), dtype=float64)
nll_grad  cost time: 2.9084832668304443
tf.Tensor(-10803.988476679122, shape=(), dtype=float64)
nll_grad  cost time: 2.814344882965088
tf.Tensor(-10803.988540297534, shape=(), dtype=float64)
nll_grad  cost time: 2.987527847290039
tf.Tensor(-10803.988581556878, shape=(), dtype=float64)
nll_grad  cost time: 2.910733222961426
tf.Tensor(-10803.988594798204, shape=(), dtype=float64)
nll_grad  cost time: 2.8811264038085938
tf.Tensor(-10803.9885984996, shape=(), dtype=float64)
nll_grad  cost time: 2.8617138862609863
tf.Tensor(-10803.988601225006, shape=(), dtype=float64)
nll_grad  cost time: 2.8966352939605713
tf.Tensor(-10803.988605685365, shape=(), dtype=float64)
nll_grad  cost time: 2.8167033195495605
tf.Tensor(-10803.988613274109, shape=(), dtype=float64)
nll_grad  cost time: 2.8521385192871094
tf.Tensor(-10803.988626390528, shape=(), dtype=float64)
nll_grad  cost time: 2.934720993041992
tf.Tensor(-10803.988648716644, shape=(), dtype=float64)
nll_grad  cost time: 2.9272449016571045
tf.Tensor(-10803.98868430034, shape=(), dtype=float64)
nll_grad  cost time: 3.0106723308563232
tf.Tensor(-10803.988728282835, shape=(), dtype=float64)
nll_grad  cost time: 3.0866074562072754
tf.Tensor(-10803.9887540727, shape=(), dtype=float64)
nll_grad  cost time: 2.897474765777588
tf.Tensor(-10803.98876983983, shape=(), dtype=float64)
nll_grad  cost time: 2.924109697341919
tf.Tensor(-10803.988773640034, shape=(), dtype=float64)
nll_grad  cost time: 3.0008280277252197
tf.Tensor(-10803.98877640855, shape=(), dtype=float64)
nll_grad  cost time: 2.9250080585479736
tf.Tensor(-10803.988780911452, shape=(), dtype=float64)
nll_grad  cost time: 2.8455898761749268
tf.Tensor(-10803.988788504917, shape=(), dtype=float64)
nll_grad  cost time: 2.847092390060425
tf.Tensor(-10803.98880152993, shape=(), dtype=float64)
nll_grad  cost time: 3.215036153793335
tf.Tensor(-10803.988823902931, shape=(), dtype=float64)
nll_grad  cost time: 3.023524045944214
tf.Tensor(-10803.988861870246, shape=(), dtype=float64)
nll_grad  cost time: 2.9210028648376465
tf.Tensor(-10803.98892438462, shape=(), dtype=float64)
nll_grad  cost time: 2.850025177001953
tf.Tensor(-10803.989020695495, shape=(), dtype=float64)
nll_grad  cost time: 2.8942861557006836
tf.Tensor(-10803.989131453949, shape=(), dtype=float64)
nll_grad  cost time: 2.925509214401245
tf.Tensor(-10803.989209294763, shape=(), dtype=float64)
nll_grad  cost time: 2.873885154724121
tf.Tensor(-10803.989238540642, shape=(), dtype=float64)
nll_grad  cost time: 2.8860132694244385
tf.Tensor(-10803.989242789816, shape=(), dtype=float64)
nll_grad  cost time: 2.8246853351593018
tf.Tensor(-10803.989243620003, shape=(), dtype=float64)
nll_grad  cost time: 2.8947510719299316
tf.Tensor(-10803.98924420646, shape=(), dtype=float64)
nll_grad  cost time: 2.906643867492676
tf.Tensor(-10803.989245233686, shape=(), dtype=float64)
nll_grad  cost time: 2.9877688884735107
tf.Tensor(-10803.989247088786, shape=(), dtype=float64)
nll_grad  cost time: 2.892683267593384
tf.Tensor(-10803.989250440303, shape=(), dtype=float64)
nll_grad  cost time: 2.8655290603637695
tf.Tensor(-10803.989256341265, shape=(), dtype=float64)
nll_grad  cost time: 2.941474199295044
tf.Tensor(-10803.989266023731, shape=(), dtype=float64)
nll_grad  cost time: 2.9160125255584717
tf.Tensor(-10803.989279039713, shape=(), dtype=float64)
nll_grad  cost time: 3.0493998527526855
tf.Tensor(-10803.989286433716, shape=(), dtype=float64)
nll_grad  cost time: 2.938640594482422
tf.Tensor(-10803.989292318103, shape=(), dtype=float64)
nll_grad  cost time: 3.03187894821167
tf.Tensor(-10803.989293353021, shape=(), dtype=float64)
nll_grad  cost time: 2.9772586822509766
tf.Tensor(-10803.98929353118, shape=(), dtype=float64)
nll_grad  cost time: 3.002953052520752
tf.Tensor(-10803.98929370867, shape=(), dtype=float64)
nll_grad  cost time: 3.097215414047241
tf.Tensor(-10803.989294030056, shape=(), dtype=float64)
nll_grad  cost time: 3.019258975982666
tf.Tensor(-10803.989294627929, shape=(), dtype=float64)
nll_grad  cost time: 2.956857919692993
tf.Tensor(-10803.989295746906, shape=(), dtype=float64)
nll_grad  cost time: 3.0706522464752197
tf.Tensor(-10803.989297829961, shape=(), dtype=float64)
nll_grad  cost time: 2.986860752105713
tf.Tensor(-10803.989301651774, shape=(), dtype=float64)
nll_grad  cost time: 2.9297235012054443
tf.Tensor(-10803.98930849562, shape=(), dtype=float64)
nll_grad  cost time: 3.002093553543091
tf.Tensor(-10803.9893203405, shape=(), dtype=float64)
nll_grad  cost time: 2.9786157608032227
tf.Tensor(-10803.989340091764, shape=(), dtype=float64)
nll_grad  cost time: 2.9877543449401855
tf.Tensor(-10803.989372407683, shape=(), dtype=float64)
nll_grad  cost time: 3.0795445442199707
tf.Tensor(-10803.989425930122, shape=(), dtype=float64)
nll_grad  cost time: 2.983769178390503
tf.Tensor(-10803.98951543183, shape=(), dtype=float64)
nll_grad  cost time: 3.016123056411743
tf.Tensor(-10803.98965935142, shape=(), dtype=float64)
nll_grad  cost time: 2.953099012374878
tf.Tensor(-10803.989849008023, shape=(), dtype=float64)
nll_grad  cost time: 3.019166946411133
tf.Tensor(-10803.989935645055, shape=(), dtype=float64)
nll_grad  cost time: 2.996149778366089
tf.Tensor(-10803.989966298555, shape=(), dtype=float64)
nll_grad  cost time: 3.059826374053955
tf.Tensor(-10803.989968979411, shape=(), dtype=float64)
nll_grad  cost time: 3.0180397033691406
tf.Tensor(-10803.989969724353, shape=(), dtype=float64)
nll_grad  cost time: 2.956886053085327
tf.Tensor(-10803.98997102442, shape=(), dtype=float64)
nll_grad  cost time: 3.2246930599212646
tf.Tensor(-10803.98997338939, shape=(), dtype=float64)
nll_grad  cost time: 3.0187783241271973
tf.Tensor(-10803.989977756974, shape=(), dtype=float64)
nll_grad  cost time: 2.9809882640838623
tf.Tensor(-10803.989985829685, shape=(), dtype=float64)
nll_grad  cost time: 2.9796931743621826
tf.Tensor(-10803.990000619931, shape=(), dtype=float64)
nll_grad  cost time: 3.028900146484375
tf.Tensor(-10803.990027255073, shape=(), dtype=float64)
nll_grad  cost time: 3.11173415184021
tf.Tensor(-10803.990074043657, shape=(), dtype=float64)
nll_grad  cost time: 3.1092803478240967
tf.Tensor(-10803.990153931256, shape=(), dtype=float64)
nll_grad  cost time: 3.0373289585113525
tf.Tensor(-10803.99028758792, shape=(), dtype=float64)
nll_grad  cost time: 2.9611778259277344
tf.Tensor(-10803.99051101027, shape=(), dtype=float64)
nll_grad  cost time: 2.9179790019989014
tf.Tensor(-10803.990886005042, shape=(), dtype=float64)
nll_grad  cost time: 2.8810722827911377
tf.Tensor(-10803.99149392132, shape=(), dtype=float64)
nll_grad  cost time: 2.925684690475464
tf.Tensor(-10803.99232532912, shape=(), dtype=float64)
nll_grad  cost time: 2.9677271842956543
tf.Tensor(-10803.9930261693, shape=(), dtype=float64)
nll_grad  cost time: 2.9776477813720703
tf.Tensor(-10803.993435328906, shape=(), dtype=float64)
nll_grad  cost time: 2.9928596019744873
tf.Tensor(-10803.993466735817, shape=(), dtype=float64)
nll_grad  cost time: 3.108731985092163
tf.Tensor(-10803.993499401338, shape=(), dtype=float64)
nll_grad  cost time: 3.0856027603149414
tf.Tensor(-10803.993502204903, shape=(), dtype=float64)
nll_grad  cost time: 3.1434786319732666
tf.Tensor(-10803.993504391008, shape=(), dtype=float64)
nll_grad  cost time: 3.020576238632202
tf.Tensor(-10803.993504867241, shape=(), dtype=float64)
nll_grad  cost time: 3.0133490562438965
tf.Tensor(-10803.9935049919, shape=(), dtype=float64)
nll_grad  cost time: 2.9619619846343994
tf.Tensor(-10803.99350501853, shape=(), dtype=float64)
nll_grad  cost time: 3.12107253074646
tf.Tensor(-10803.993505023042, shape=(), dtype=float64)
Optimization terminated successfully.
         Current function value: -10803.993505
         Iterations: 841
         Function evaluations: 852
         Gradient evaluations: 852
  message: Optimization terminated successfully.
  success: True
   status: 0
      fun: -10803.993505023042
        x: [ 6.995e-01  1.482e+00 ... -7.440e-01 -3.093e+00]
      nit: 841
      jac: [ 0.000e+00  0.000e+00 ...  1.443e-06 -2.324e-05]
 hess_inv: [[ 1.000e+00  0.000e+00 ...  0.000e+00  0.000e+00]
            [ 0.000e+00  1.000e+00 ...  0.000e+00  0.000e+00]
            ...
            [ 0.000e+00  0.000e+00 ...  3.260e-02 -9.973e-03]
            [ 0.000e+00  0.000e+00 ... -9.973e-03  9.701e-02]]
     nfev: 852
     njev: 852
fit  cost time: 2519.257525920868

========== Fit loop 3/5 ==========
using RANDOM parameters

########### initial parameters
{
  "rho(1450)p_mass": 1.51,
  "rho(1450)p_width": 0.44,
  "rho(1570)p_mass": 1.57,
  "rho(1570)p_width": 0.14,
  "rho(1690)p_mass": 1.681,
  "rho(1690)p_width": 0.19,
  "rho(1450)m_mass": 1.51,
  "rho(1450)m_width": 0.44,
  "rho(1570)m_mass": 1.57,
  "rho(1570)m_width": 0.14,
  "rho(1690)m_mass": 1.681,
  "rho(1690)m_width": 0.19,
  "f0(500)_E791_mass": 0.478,
  "f2(1270)_flatte_mass": 1.2754,
  "f2(1270)_flatte_g_0": 0.0735158292211535,
  "f2(1270)_flatte_g_1": 1.7015501415162966,
  "f0(1370)_mass": 1.37,
  "f0(1370)_width": 0.35,
  "f0(1500)_flatte_mass": 1.522,
  "f0(1500)_flatte_g_0": 0.1266791405596481,
  "f0(1500)_flatte_g_1": 0.8109724992067094,
  "f2(1430)_mass": 1.43,
  "f2(1430)_width": 0.046,
  "f2(2010)_mass": 2.011,
  "f2(2010)_width": 0.202,
  "Jpsi->rho(1450)p.pimrho(1450)p->phi.pip_total_0r": 1.0,
  "Jpsi->rho(1450)p.pimrho(1450)p->phi.pip_total_0i": 0.0,
  "Jpsi->rho(1450)p.pim_g_ls_0r": 1.0,
  "Jpsi->rho(1450)p.pim_g_ls_0i": 0.0,
  "rho(1450)p->phi.pip_g_ls_0r": 1.0,
  "rho(1450)p->phi.pip_g_ls_0i": 0.0,
  "Jpsi->rho(1570)p.pimrho(1570)p->phi.pip_total_0r": 1.8129873837214299,
  "Jpsi->rho(1570)p.pimrho(1570)p->phi.pip_total_0i": -1.4322272095674968,
  "Jpsi->rho(1570)p.pim_g_ls_0r": 1.0,
  "Jpsi->rho(1570)p.pim_g_ls_0i": 0.0,
  "rho(1570)p->phi.pip_g_ls_0r": 1.0,
  "rho(1570)p->phi.pip_g_ls_0i": 0.0,
  "Jpsi->rho(1690)p.pimrho(1690)p->phi.pip_total_0r": 0.9189297714574081,
  "Jpsi->rho(1690)p.pimrho(1690)p->phi.pip_total_0i": -0.0728983962451566,
  "Jpsi->rho(1690)p.pim_g_ls_0r": 1.0,
  "Jpsi->rho(1690)p.pim_g_ls_0i": 0.0,
  "rho(1690)p->phi.pip_g_ls_0r": 1.0,
  "rho(1690)p->phi.pip_g_ls_0i": 0.0,
  "Jpsi->rho(1450)m.piprho(1450)m->phi.pim_total_0r": 1.0,
  "Jpsi->rho(1450)m.piprho(1450)m->phi.pim_total_0i": 0.0,
  "Jpsi->rho(1450)m.pip_g_ls_0r": 1.0,
  "Jpsi->rho(1450)m.pip_g_ls_0i": 0.0,
  "rho(1450)m->phi.pim_g_ls_0r": 1.0,
  "rho(1450)m->phi.pim_g_ls_0i": 0.0,
  "Jpsi->rho(1570)m.piprho(1570)m->phi.pim_total_0r": 1.8129873837214299,
  "Jpsi->rho(1570)m.piprho(1570)m->phi.pim_total_0i": -1.4322272095674968,
  "Jpsi->rho(1570)m.pip_g_ls_0r": 1.0,
  "Jpsi->rho(1570)m.pip_g_ls_0i": 0.0,
  "rho(1570)m->phi.pim_g_ls_0r": 1.0,
  "rho(1570)m->phi.pim_g_ls_0i": 0.0,
  "Jpsi->rho(1690)m.piprho(1690)m->phi.pim_total_0r": 0.9189297714574081,
  "Jpsi->rho(1690)m.piprho(1690)m->phi.pim_total_0i": -0.0728983962451566,
  "Jpsi->rho(1690)m.pip_g_ls_0r": 1.0,
  "Jpsi->rho(1690)m.pip_g_ls_0i": 0.0,
  "rho(1690)m->phi.pim_g_ls_0r": 1.0,
  "rho(1690)m->phi.pim_g_ls_0i": 0.0,
  "Jpsi->phi.f0(500)_E791f0(500)_E791->pip.pim_total_0r": 0.0819603981524657,
  "Jpsi->phi.f0(500)_E791f0(500)_E791->pip.pim_total_0i": -1.0992323498770329,
  "Jpsi->phi.f0(500)_E791_g_ls_0r": 1.0,
  "Jpsi->phi.f0(500)_E791_g_ls_0i": 0.0,
  "Jpsi->phi.f0(500)_E791_g_ls_1r": 0.21600412304349348,
  "Jpsi->phi.f0(500)_E791_g_ls_1i": -1.558636149691132,
  "f0(500)_E791->pip.pim_g_ls_0r": 1.0,
  "f0(500)_E791->pip.pim_g_ls_0i": 0.0,
  "Jpsi->phi.f0(980)_flattef0(980)_flatte->pip.pim_total_0r": 0.3651414821637373,
  "Jpsi->phi.f0(980)_flattef0(980)_flatte->pip.pim_total_0i": -0.23203150707805165,
  "f0(980)_flatte->pip.pim_g_ls_0r": 1.0,
  "f0(980)_flatte->pip.pim_g_ls_0i": 0.0,
  "Jpsi->phi.f2(1270)_flattef2(1270)_flatte->pip.pim_total_0r": 0.21979834725741076,
  "Jpsi->phi.f2(1270)_flattef2(1270)_flatte->pip.pim_total_0i": 1.7751523711350607,
  "Jpsi->phi.f2(1270)_flatte_g_ls_0r": 1.0,
  "Jpsi->phi.f2(1270)_flatte_g_ls_0i": 0.0,
  "Jpsi->phi.f2(1270)_flatte_g_ls_1r": 0.15118965907374715,
  "Jpsi->phi.f2(1270)_flatte_g_ls_1i": -1.300828021166676,
  "Jpsi->phi.f2(1270)_flatte_g_ls_2r": 0.8260019523917297,
  "Jpsi->phi.f2(1270)_flatte_g_ls_2i": 2.732202847291555,
  "Jpsi->phi.f2(1270)_flatte_g_ls_3r": 0.753430736313319,
  "Jpsi->phi.f2(1270)_flatte_g_ls_3i": 3.0754393375067828,
  "Jpsi->phi.f2(1270)_flatte_g_ls_4r": 0.31291560875621505,
  "Jpsi->phi.f2(1270)_flatte_g_ls_4i": 1.088226001146385,
  "f2(1270)_flatte->pip.pim_g_ls_0r": 1.0,
  "f2(1270)_flatte->pip.pim_g_ls_0i": 0.0,
  "Jpsi->phi.f0(1370)f0(1370)->pip.pim_total_0r": 1.7345953621425099,
  "Jpsi->phi.f0(1370)f0(1370)->pip.pim_total_0i": 0.3745378934367123,
  "Jpsi->phi.f0(1370)_g_ls_0r": 1.0,
  "Jpsi->phi.f0(1370)_g_ls_0i": 0.0,
  "Jpsi->phi.f0(1370)_g_ls_1r": 0.9098678590683122,
  "Jpsi->phi.f0(1370)_g_ls_1i": -1.2400412468129376,
  "f0(1370)->pip.pim_g_ls_0r": 1.0,
  "f0(1370)->pip.pim_g_ls_0i": 0.0,
  "Jpsi->phi.f0(1500)_flattef0(1500)_flatte->pip.pim_total_0r": 0.7799583800279235,
  "Jpsi->phi.f0(1500)_flattef0(1500)_flatte->pip.pim_total_0i": -1.541511491754618,
  "Jpsi->phi.f0(1500)_flatte_g_ls_0r": 1.0,
  "Jpsi->phi.f0(1500)_flatte_g_ls_0i": 0.0,
  "Jpsi->phi.f0(1500)_flatte_g_ls_1r": 1.8940302798906528,
  "Jpsi->phi.f0(1500)_flatte_g_ls_1i": -0.1241937324319986,
  "f0(1500)_flatte->pip.pim_g_ls_0r": 1.0,
  "f0(1500)_flatte->pip.pim_g_ls_0i": 0.0,
  "Jpsi->phi.f0(1710)f0(1710)->pip.pim_total_0r": 1.385554246262139,
  "Jpsi->phi.f0(1710)f0(1710)->pip.pim_total_0i": -0.29444907786912156,
  "f0(1710)->pip.pim_g_ls_0r": 1.0,
  "f0(1710)->pip.pim_g_ls_0i": 0.0,
  "Jpsi->phi.f2(1430)f2(1430)->pip.pim_total_0r": 1.2354451506585424,
  "Jpsi->phi.f2(1430)f2(1430)->pip.pim_total_0i": -0.7875950230439179,
  "Jpsi->phi.f2(1430)_g_ls_0r": 1.0,
  "Jpsi->phi.f2(1430)_g_ls_0i": 0.0,
  "Jpsi->phi.f2(1430)_g_ls_1r": 1.6326732481325879,
  "Jpsi->phi.f2(1430)_g_ls_1i": -0.33267369766546206,
  "Jpsi->phi.f2(1430)_g_ls_2r": 1.7302364528065133,
  "Jpsi->phi.f2(1430)_g_ls_2i": -1.4031583513349604,
  "Jpsi->phi.f2(1430)_g_ls_3r": 1.509035762975878,
  "Jpsi->phi.f2(1430)_g_ls_3i": -2.5747449803008626,
  "Jpsi->phi.f2(1430)_g_ls_4r": 0.31005908303597707,
  "Jpsi->phi.f2(1430)_g_ls_4i": -1.8019825208971345,
  "f2(1430)->pip.pim_g_ls_0r": 1.0,
  "f2(1430)->pip.pim_g_ls_0i": 0.0,
  "Jpsi->phi.f2(2010)f2(2010)->pip.pim_total_0r": 1.8976879024239603,
  "Jpsi->phi.f2(2010)f2(2010)->pip.pim_total_0i": 0.27954874068725344,
  "Jpsi->phi.f2(2010)_g_ls_0r": 1.0,
  "Jpsi->phi.f2(2010)_g_ls_0i": 0.0,
  "Jpsi->phi.f2(2010)_g_ls_1r": 0.2936438605075802,
  "Jpsi->phi.f2(2010)_g_ls_1i": 1.1332686946876152,
  "Jpsi->phi.f2(2010)_g_ls_2r": 0.7720324673265457,
  "Jpsi->phi.f2(2010)_g_ls_2i": 1.1325313758565532,
  "Jpsi->phi.f2(2010)_g_ls_3r": 1.1878920275012543,
  "Jpsi->phi.f2(2010)_g_ls_3i": -0.07744522454824221,
  "Jpsi->phi.f2(2010)_g_ls_4r": 1.5051895950471157,
  "Jpsi->phi.f2(2010)_g_ls_4i": 0.3884688947739585,
  "f2(2010)->pip.pim_g_ls_0r": 1.0,
  "f2(2010)->pip.pim_g_ls_0i": 0.0,
  "K1(1400)p_mass": 1.403,
  "K1(1400)p_width": 0.174,
  "K2(1820)p_mass": 1.819,
  "K2(1820)p_width": 0.264,
  "K2(1980)p_mass": 1.99,
  "K2(1980)p_width": 0.348,
  "K2(2250)p_mass": 2.247,
  "K2(2250)p_width": 0.18,
  "K3(2320)p_mass": 2.324,
  "K3(2320)p_width": 0.15,
  "K1(1400)m_mass": 1.403,
  "K1(1400)m_width": 0.174,
  "K2(1820)m_mass": 1.819,
  "K2(1820)m_width": 0.264,
  "K2(1980)m_mass": 1.99,
  "K2(1980)m_width": 0.348,
  "K3(2320)m_mass": 2.324,
  "K3(2320)m_width": 0.15,
  "f0(980)_flatte_mass": 0.965,
  "f0(980)_flatte_g_0": 0.2170737654294778,
  "f0(980)_flatte_g_1": 10.853243745048427,
  "f2(1270)_mass": 1.2754,
  "f2(1270)_width": 0.1858,
  "f0(1500)_mass": 1.522,
  "f0(1500)_width": 0.108,
  "f2(1525)_mass": 1.5173,
  "f2(1525)_width": 0.072,
  "f2(1565)_mass": 1.571,
  "f2(1565)_width": 0.132,
  "f0(1710)_mass": 1.733,
  "f0(1710)_width": 0.15,
  "f2(1810)_mass": 1.815,
  "f2(1810)_width": 0.197,
  "Jpsi->K1(1400)p.kmK1(1400)p->phi.kp_total_0r": 1.0,
  "Jpsi->K1(1400)p.kmK1(1400)p->phi.kp_total_0i": 0.0,
  "Jpsi->K1(1400)p.km_g_ls_0r": 1.0,
  "Jpsi->K1(1400)p.km_g_ls_0i": 0.0,
  "Jpsi->K1(1400)p.km_g_ls_1r": 1.43019920142725,
  "Jpsi->K1(1400)p.km_g_ls_1i": -2.3455626859451457,
  "K1(1400)p->phi.kp_g_ls_0r": 1.0,
  "K1(1400)p->phi.kp_g_ls_0i": 0.0,
  "K1(1400)p->phi.kp_g_ls_1r": 0.22539674024649115,
  "K1(1400)p->phi.kp_g_ls_1i": 1.5001192555739413,
  "Jpsi->K2(1820)p.kmK2(1820)p->phi.kp_total_0r": 1.2586071687630067,
  "Jpsi->K2(1820)p.kmK2(1820)p->phi.kp_total_0i": 0.07087092761784852,
  "Jpsi->K2(1820)p.km_g_ls_0r": 1.0,
  "Jpsi->K2(1820)p.km_g_ls_0i": 0.0,
  "Jpsi->K2(1820)p.km_g_ls_1r": 0.11196022186211385,
  "Jpsi->K2(1820)p.km_g_ls_1i": -0.8291390804625673,
  "K2(1820)p->phi.kp_g_ls_0r": 1.0,
  "K2(1820)p->phi.kp_g_ls_0i": 0.0,
  "K2(1820)p->phi.kp_g_ls_1r": 1.030940246423158,
  "K2(1820)p->phi.kp_g_ls_1i": 1.1288319875446469,
  "Jpsi->K2(1980)p.kmK2(1980)p->phi.kp_total_0r": 0.7527848340097143,
  "Jpsi->K2(1980)p.kmK2(1980)p->phi.kp_total_0i": -1.0660031270068702,
  "Jpsi->K2(1980)p.km_g_ls_0r": 1.0,
  "Jpsi->K2(1980)p.km_g_ls_0i": 0.0,
  "K2(1980)p->phi.kp_g_ls_0r": 1.0,
  "K2(1980)p->phi.kp_g_ls_0i": 0.0,
  "Jpsi->K2(2250)p.kmK2(2250)p->phi.kp_total_0r": 1.465404178631616,
  "Jpsi->K2(2250)p.kmK2(2250)p->phi.kp_total_0i": -0.24428930066282462,
  "Jpsi->K2(2250)p.km_g_ls_0r": 1.0,
  "Jpsi->K2(2250)p.km_g_ls_0i": 0.0,
  "Jpsi->K2(2250)p.km_g_ls_1r": 1.9851558274575685,
  "Jpsi->K2(2250)p.km_g_ls_1i": -0.8824068880263432,
  "K2(2250)p->phi.kp_g_ls_0r": 1.0,
  "K2(2250)p->phi.kp_g_ls_0i": 0.0,
  "K2(2250)p->phi.kp_g_ls_1r": 0.4066742838788473,
  "K2(2250)p->phi.kp_g_ls_1i": 2.616521396949179,
  "Jpsi->K3(2320)p.kmK3(2320)p->phi.kp_total_0r": 0.9709167048594569,
  "Jpsi->K3(2320)p.kmK3(2320)p->phi.kp_total_0i": -0.6700760325137076,
  "Jpsi->K3(2320)p.km_g_ls_0r": 1.0,
  "Jpsi->K3(2320)p.km_g_ls_0i": 0.0,
  "Jpsi->K3(2320)p.km_g_ls_1r": 0.33279694980229646,
  "Jpsi->K3(2320)p.km_g_ls_1i": -2.200810253199384,
  "K3(2320)p->phi.kp_g_ls_0r": 1.0,
  "K3(2320)p->phi.kp_g_ls_0i": 0.0,
  "K3(2320)p->phi.kp_g_ls_1r": 1.4042844453693903,
  "K3(2320)p->phi.kp_g_ls_1i": -2.1318940288337123,
  "Jpsi->K1(1400)m.kpK1(1400)m->phi.km_total_0r": 1.0,
  "Jpsi->K1(1400)m.kpK1(1400)m->phi.km_total_0i": 0.0,
  "Jpsi->K1(1400)m.kp_g_ls_0r": 1.0,
  "Jpsi->K1(1400)m.kp_g_ls_0i": 0.0,
  "Jpsi->K1(1400)m.kp_g_ls_1r": 1.43019920142725,
  "Jpsi->K1(1400)m.kp_g_ls_1i": -2.3455626859451457,
  "K1(1400)m->phi.km_g_ls_0r": 1.0,
  "K1(1400)m->phi.km_g_ls_0i": 0.0,
  "K1(1400)m->phi.km_g_ls_1r": 0.22539674024649115,
  "K1(1400)m->phi.km_g_ls_1i": 1.5001192555739413,
  "Jpsi->K2(1820)m.kpK2(1820)m->phi.km_total_0r": 1.2586071687630067,
  "Jpsi->K2(1820)m.kpK2(1820)m->phi.km_total_0i": 0.07087092761784852,
  "Jpsi->K2(1820)m.kp_g_ls_0r": 1.0,
  "Jpsi->K2(1820)m.kp_g_ls_0i": 0.0,
  "Jpsi->K2(1820)m.kp_g_ls_1r": 0.11196022186211385,
  "Jpsi->K2(1820)m.kp_g_ls_1i": -0.8291390804625673,
  "K2(1820)m->phi.km_g_ls_0r": 1.0,
  "K2(1820)m->phi.km_g_ls_0i": 0.0,
  "K2(1820)m->phi.km_g_ls_1r": 1.030940246423158,
  "K2(1820)m->phi.km_g_ls_1i": 1.1288319875446469,
  "Jpsi->K2(1980)m.kpK2(1980)m->phi.km_total_0r": 0.7527848340097143,
  "Jpsi->K2(1980)m.kpK2(1980)m->phi.km_total_0i": -1.0660031270068702,
  "Jpsi->K2(1980)m.kp_g_ls_0r": 1.0,
  "Jpsi->K2(1980)m.kp_g_ls_0i": 0.0,
  "K2(1980)m->phi.km_g_ls_0r": 1.0,
  "K2(1980)m->phi.km_g_ls_0i": 0.0,
  "Jpsi->K2(2250)p.kpK2(2250)p->phi.km_total_0r": 1.7459044927530751,
  "Jpsi->K2(2250)p.kpK2(2250)p->phi.km_total_0i": 2.9296228416753776,
  "Jpsi->K2(2250)p.kp_g_ls_0r": 1.0,
  "Jpsi->K2(2250)p.kp_g_ls_0i": 0.0,
  "Jpsi->K2(2250)p.kp_g_ls_1r": 0.11799485405875076,
  "Jpsi->K2(2250)p.kp_g_ls_1i": -3.001540889872655,
  "K2(2250)p->phi.km_g_ls_0r": 1.0,
  "K2(2250)p->phi.km_g_ls_0i": 0.0,
  "K2(2250)p->phi.km_g_ls_1r": 1.321640686435896,
  "K2(2250)p->phi.km_g_ls_1i": 0.5372005981668919,
  "Jpsi->K3(2320)m.kpK3(2320)m->phi.km_total_0r": 0.9709167048594569,
  "Jpsi->K3(2320)m.kpK3(2320)m->phi.km_total_0i": -0.6700760325137076,
  "Jpsi->K3(2320)m.kp_g_ls_0r": 1.0,
  "Jpsi->K3(2320)m.kp_g_ls_0i": 0.0,
  "Jpsi->K3(2320)m.kp_g_ls_1r": 0.33279694980229646,
  "Jpsi->K3(2320)m.kp_g_ls_1i": -2.200810253199384,
  "K3(2320)m->phi.km_g_ls_0r": 1.0,
  "K3(2320)m->phi.km_g_ls_0i": 0.0,
  "K3(2320)m->phi.km_g_ls_1r": 1.4042844453693903,
  "K3(2320)m->phi.km_g_ls_1i": -2.1318940288337123,
  "Jpsi->phi.f0(980)_flattef0(980)_flatte->kp.km_total_0r": 1.5388593581228363,
  "Jpsi->phi.f0(980)_flattef0(980)_flatte->kp.km_total_0i": 2.4712994290830252,
  "Jpsi->phi.f0(980)_flatte_g_ls_0r": 1.0,
  "Jpsi->phi.f0(980)_flatte_g_ls_0i": 0.0,
  "Jpsi->phi.f0(980)_flatte_g_ls_1r": 1.290813958160201,
  "Jpsi->phi.f0(980)_flatte_g_ls_1i": -1.4882110322942015,
  "f0(980)_flatte->kp.km_g_ls_0r": 1.0,
  "f0(980)_flatte->kp.km_g_ls_0i": 0.0,
  "Jpsi->phi.f2(1270)f2(1270)->kp.km_total_0r": 0.3308336693677214,
  "Jpsi->phi.f2(1270)f2(1270)->kp.km_total_0i": 1.0098309029380603,
  "Jpsi->phi.f2(1270)_g_ls_0r": 1.0,
  "Jpsi->phi.f2(1270)_g_ls_0i": 0.0,
  "Jpsi->phi.f2(1270)_g_ls_1r": 1.8153960422176443,
  "Jpsi->phi.f2(1270)_g_ls_1i": -2.241783839808668,
  "Jpsi->phi.f2(1270)_g_ls_2r": 1.6765889048033173,
  "Jpsi->phi.f2(1270)_g_ls_2i": -0.40197937649012117,
  "Jpsi->phi.f2(1270)_g_ls_3r": 1.2389221599110907,
  "Jpsi->phi.f2(1270)_g_ls_3i": 0.6452479599172634,
  "Jpsi->phi.f2(1270)_g_ls_4r": 0.570538377039993,
  "Jpsi->phi.f2(1270)_g_ls_4i": 1.4632108663863015,
  "f2(1270)->kp.km_g_ls_0r": 1.0,
  "f2(1270)->kp.km_g_ls_0i": 0.0,
  "Jpsi->phi.f0(1500)f0(1500)->kp.km_total_0r": 0.17212394806501674,
  "Jpsi->phi.f0(1500)f0(1500)->kp.km_total_0i": 1.3087091414610876,
  "Jpsi->phi.f0(1500)_g_ls_0r": 1.0,
  "Jpsi->phi.f0(1500)_g_ls_0i": 0.0,
  "Jpsi->phi.f0(1500)_g_ls_1r": 1.703349320742726,
  "Jpsi->phi.f0(1500)_g_ls_1i": -1.18033068626012,
  "f0(1500)->kp.km_g_ls_0r": 1.0,
  "f0(1500)->kp.km_g_ls_0i": 0.0,
  "Jpsi->phi.f2(1525)f2(1525)->kp.km_total_0r": 1.6782610155925197,
  "Jpsi->phi.f2(1525)f2(1525)->kp.km_total_0i": -0.1086919478239392,
  "Jpsi->phi.f2(1525)_g_ls_0r": 1.0,
  "Jpsi->phi.f2(1525)_g_ls_0i": 0.0,
  "Jpsi->phi.f2(1525)_g_ls_1r": 0.44278416952135924,
  "Jpsi->phi.f2(1525)_g_ls_1i": -1.1109024465157233,
  "Jpsi->phi.f2(1525)_g_ls_2r": 1.3088004458764324,
  "Jpsi->phi.f2(1525)_g_ls_2i": -2.4418920158618103,
  "Jpsi->phi.f2(1525)_g_ls_3r": 1.0467076441657914,
  "Jpsi->phi.f2(1525)_g_ls_3i": 1.8096204131589895,
  "Jpsi->phi.f2(1525)_g_ls_4r": 0.6764546558553568,
  "Jpsi->phi.f2(1525)_g_ls_4i": -1.4799181968956556,
  "f2(1525)->kp.km_g_ls_0r": 1.0,
  "f2(1525)->kp.km_g_ls_0i": 0.0,
  "Jpsi->phi.f2(1565)f2(1565)->kp.km_total_0r": 0.5703859450701025,
  "Jpsi->phi.f2(1565)f2(1565)->kp.km_total_0i": -1.5725734157384872,
  "Jpsi->phi.f2(1565)_g_ls_0r": 1.0,
  "Jpsi->phi.f2(1565)_g_ls_0i": 0.0,
  "Jpsi->phi.f2(1565)_g_ls_1r": 1.382158734995301,
  "Jpsi->phi.f2(1565)_g_ls_1i": 1.044975774664966,
  "Jpsi->phi.f2(1565)_g_ls_2r": 1.4681225588908626,
  "Jpsi->phi.f2(1565)_g_ls_2i": -1.5549742495971672,
  "Jpsi->phi.f2(1565)_g_ls_3r": 1.314321671873285,
  "Jpsi->phi.f2(1565)_g_ls_3i": -0.6228674280311481,
  "Jpsi->phi.f2(1565)_g_ls_4r": 1.5939294405504816,
  "Jpsi->phi.f2(1565)_g_ls_4i": 1.5540352772894863,
  "f2(1565)->kp.km_g_ls_0r": 1.0,
  "f2(1565)->kp.km_g_ls_0i": 0.0,
  "Jpsi->phi.f0(1710)f0(1710)->kp.km_total_0r": 0.3051454714991664,
  "Jpsi->phi.f0(1710)f0(1710)->kp.km_total_0i": -2.64597630325659,
  "Jpsi->phi.f0(1710)_g_ls_0r": 1.0,
  "Jpsi->phi.f0(1710)_g_ls_0i": 0.0,
  "Jpsi->phi.f0(1710)_g_ls_1r": 0.2573875431066246,
  "Jpsi->phi.f0(1710)_g_ls_1i": 1.24136930443572,
  "f0(1710)->kp.km_g_ls_0r": 1.0,
  "f0(1710)->kp.km_g_ls_0i": 0.0,
  "Jpsi->phi.f2(1810)f2(1810)->kp.km_total_0r": 1.6661497933276728,
  "Jpsi->phi.f2(1810)f2(1810)->kp.km_total_0i": 1.9201576492665247,
  "Jpsi->phi.f2(1810)_g_ls_0r": 1.0,
  "Jpsi->phi.f2(1810)_g_ls_0i": 0.0,
  "Jpsi->phi.f2(1810)_g_ls_1r": 1.139153640975565,
  "Jpsi->phi.f2(1810)_g_ls_1i": -2.836807512028622,
  "Jpsi->phi.f2(1810)_g_ls_2r": 1.0691023042518069,
  "Jpsi->phi.f2(1810)_g_ls_2i": -1.9795840776964486,
  "Jpsi->phi.f2(1810)_g_ls_3r": 0.9968730496538658,
  "Jpsi->phi.f2(1810)_g_ls_3i": 1.3604195043437457,
  "Jpsi->phi.f2(1810)_g_ls_4r": 1.8576511786681116,
  "Jpsi->phi.f2(1810)_g_ls_4i": -3.1337635366872365,
  "f2(1810)->kp.km_g_ls_0r": 1.0,
  "f2(1810)->kp.km_g_ls_0i": 0.0
}
nll_grad  cost time: 3.0265393257141113
nll_grad  cost time: 2.9726788997650146
tf.Tensor(-1787.3117600033293, shape=(), dtype=float64)
nll_grad  cost time: 3.062574625015259
nll_grad  cost time: 2.9849696159362793
tf.Tensor(-4374.627427018233, shape=(), dtype=float64)
nll_grad  cost time: 3.0206611156463623
nll_grad  cost time: 2.9008829593658447
tf.Tensor(-5145.440722501968, shape=(), dtype=float64)
nll_grad  cost time: 3.0686986446380615
tf.Tensor(-6010.247166481684, shape=(), dtype=float64)
nll_grad  cost time: 2.9228034019470215
tf.Tensor(-6676.845113414529, shape=(), dtype=float64)
nll_grad  cost time: 2.952113389968872
tf.Tensor(-7065.311270905004, shape=(), dtype=float64)
nll_grad  cost time: 3.041851758956909
tf.Tensor(-7387.359140573928, shape=(), dtype=float64)
nll_grad  cost time: 2.9044487476348877
tf.Tensor(-7902.201188216015, shape=(), dtype=float64)
nll_grad  cost time: 3.030203104019165
tf.Tensor(-8111.2263417084905, shape=(), dtype=float64)
nll_grad  cost time: 2.928804636001587
tf.Tensor(-8371.16440089677, shape=(), dtype=float64)
nll_grad  cost time: 2.8923254013061523
tf.Tensor(-8698.228035897264, shape=(), dtype=float64)
nll_grad  cost time: 2.998725652694702
tf.Tensor(-9029.359324588819, shape=(), dtype=float64)
nll_grad  cost time: 3.130286455154419
nll_grad  cost time: 2.9908010959625244
tf.Tensor(-9149.398464397615, shape=(), dtype=float64)
nll_grad  cost time: 2.9698727130889893
tf.Tensor(-9300.967778333143, shape=(), dtype=float64)
nll_grad  cost time: 3.038945198059082
tf.Tensor(-9450.896577400214, shape=(), dtype=float64)
nll_grad  cost time: 3.0515401363372803
nll_grad  cost time: 2.8985116481781006
tf.Tensor(-9527.891550642671, shape=(), dtype=float64)
nll_grad  cost time: 2.9770445823669434
tf.Tensor(-9598.490758093089, shape=(), dtype=float64)
nll_grad  cost time: 2.9721591472625732
tf.Tensor(-9656.174900728947, shape=(), dtype=float64)
nll_grad  cost time: 2.9980313777923584
tf.Tensor(-9724.211560042299, shape=(), dtype=float64)
nll_grad  cost time: 2.9016902446746826
tf.Tensor(-9785.171532203676, shape=(), dtype=float64)
nll_grad  cost time: 2.9385359287261963
tf.Tensor(-9847.966348298083, shape=(), dtype=float64)
nll_grad  cost time: 2.9116642475128174
nll_grad  cost time: 2.8112430572509766
tf.Tensor(-9881.004485623984, shape=(), dtype=float64)
nll_grad  cost time: 2.81327223777771
tf.Tensor(-9920.089879952066, shape=(), dtype=float64)
nll_grad  cost time: 2.9662375450134277
tf.Tensor(-9969.628077726404, shape=(), dtype=float64)
nll_grad  cost time: 2.9364490509033203
nll_grad  cost time: 2.915618419647217
tf.Tensor(-9994.400224096622, shape=(), dtype=float64)
nll_grad  cost time: 3.017183542251587
tf.Tensor(-10019.713856840797, shape=(), dtype=float64)
nll_grad  cost time: 3.045419692993164
tf.Tensor(-10052.073704152004, shape=(), dtype=float64)
nll_grad  cost time: 2.915539264678955
tf.Tensor(-10084.016110679877, shape=(), dtype=float64)
nll_grad  cost time: 3.1355769634246826
tf.Tensor(-10112.639612435145, shape=(), dtype=float64)
nll_grad  cost time: 2.8833532333374023
tf.Tensor(-10128.267575046979, shape=(), dtype=float64)
nll_grad  cost time: 2.8813209533691406
tf.Tensor(-10144.470304399249, shape=(), dtype=float64)
nll_grad  cost time: 2.9166758060455322
tf.Tensor(-10158.420239920175, shape=(), dtype=float64)
nll_grad  cost time: 3.072636842727661
tf.Tensor(-10177.015309930328, shape=(), dtype=float64)
nll_grad  cost time: 3.050011396408081
tf.Tensor(-10197.621144251389, shape=(), dtype=float64)
nll_grad  cost time: 2.9724113941192627
tf.Tensor(-10214.30602868952, shape=(), dtype=float64)
nll_grad  cost time: 3.0255930423736572
tf.Tensor(-10224.649118302914, shape=(), dtype=float64)
nll_grad  cost time: 3.021594524383545
tf.Tensor(-10238.534889202972, shape=(), dtype=float64)
nll_grad  cost time: 3.0537145137786865
tf.Tensor(-10249.406797824617, shape=(), dtype=float64)
nll_grad  cost time: 3.0596234798431396
tf.Tensor(-10264.515332066003, shape=(), dtype=float64)
nll_grad  cost time: 3.0177841186523438
tf.Tensor(-10285.710089823391, shape=(), dtype=float64)
nll_grad  cost time: 3.044649362564087
tf.Tensor(-10289.338298912524, shape=(), dtype=float64)
nll_grad  cost time: 3.151181936264038
tf.Tensor(-10295.691478709414, shape=(), dtype=float64)
nll_grad  cost time: 3.151378631591797
tf.Tensor(-10304.165799004273, shape=(), dtype=float64)
nll_grad  cost time: 3.0713698863983154
tf.Tensor(-10314.39945336958, shape=(), dtype=float64)
nll_grad  cost time: 3.099343776702881
tf.Tensor(-10328.369833737626, shape=(), dtype=float64)
nll_grad  cost time: 3.028778314590454
tf.Tensor(-10340.806452115998, shape=(), dtype=float64)
nll_grad  cost time: 3.070617914199829
tf.Tensor(-10353.229562255205, shape=(), dtype=float64)
nll_grad  cost time: 3.016380548477173
tf.Tensor(-10361.387911043857, shape=(), dtype=float64)
nll_grad  cost time: 3.15299654006958
tf.Tensor(-10372.213438972482, shape=(), dtype=float64)
nll_grad  cost time: 3.0363986492156982
tf.Tensor(-10381.808536063385, shape=(), dtype=float64)
nll_grad  cost time: 2.85691237449646
tf.Tensor(-10390.094878039643, shape=(), dtype=float64)
nll_grad  cost time: 2.952018976211548
tf.Tensor(-10399.365455548017, shape=(), dtype=float64)
nll_grad  cost time: 3.038259744644165
tf.Tensor(-10407.485969109563, shape=(), dtype=float64)
nll_grad  cost time: 2.838726758956909
tf.Tensor(-10419.184032234523, shape=(), dtype=float64)
nll_grad  cost time: 2.8284101486206055
tf.Tensor(-10432.283074315521, shape=(), dtype=float64)
nll_grad  cost time: 2.919250726699829
nll_grad  cost time: 2.90335750579834
tf.Tensor(-10439.21887267512, shape=(), dtype=float64)
nll_grad  cost time: 2.920727014541626
tf.Tensor(-10445.588259808137, shape=(), dtype=float64)
nll_grad  cost time: 2.9505019187927246
tf.Tensor(-10452.821843994185, shape=(), dtype=float64)
nll_grad  cost time: 2.973551034927368
tf.Tensor(-10458.37078859884, shape=(), dtype=float64)
nll_grad  cost time: 3.012678384780884
tf.Tensor(-10463.840344514247, shape=(), dtype=float64)
nll_grad  cost time: 2.880506753921509
tf.Tensor(-10468.23158728474, shape=(), dtype=float64)
nll_grad  cost time: 2.9170894622802734
tf.Tensor(-10473.468024646412, shape=(), dtype=float64)
nll_grad  cost time: 2.8647587299346924
tf.Tensor(-10477.97917227904, shape=(), dtype=float64)
nll_grad  cost time: 2.8498902320861816
tf.Tensor(-10483.885573019797, shape=(), dtype=float64)
nll_grad  cost time: 2.850908041000366
tf.Tensor(-10488.28083039909, shape=(), dtype=float64)
nll_grad  cost time: 2.8661649227142334
tf.Tensor(-10492.77027497506, shape=(), dtype=float64)
nll_grad  cost time: 2.8368585109710693
tf.Tensor(-10498.502217558795, shape=(), dtype=float64)
nll_grad  cost time: 2.9406204223632812
tf.Tensor(-10506.773071554446, shape=(), dtype=float64)
nll_grad  cost time: 2.87616229057312
tf.Tensor(-10517.15996137033, shape=(), dtype=float64)
nll_grad  cost time: 2.776383876800537
tf.Tensor(-10525.878511046103, shape=(), dtype=float64)
nll_grad  cost time: 2.84179425239563
tf.Tensor(-10533.12917231489, shape=(), dtype=float64)
nll_grad  cost time: 2.8431971073150635
tf.Tensor(-10534.74756462386, shape=(), dtype=float64)
nll_grad  cost time: 2.9563822746276855
tf.Tensor(-10537.485152379522, shape=(), dtype=float64)
nll_grad  cost time: 2.804633617401123
tf.Tensor(-10541.343115763055, shape=(), dtype=float64)
nll_grad  cost time: 2.869905471801758
tf.Tensor(-10546.632436553045, shape=(), dtype=float64)
nll_grad  cost time: 2.8273792266845703
tf.Tensor(-10555.110366784706, shape=(), dtype=float64)
nll_grad  cost time: 2.893336057662964
tf.Tensor(-10565.735040834406, shape=(), dtype=float64)
nll_grad  cost time: 2.85005784034729
nll_grad  cost time: 2.8241941928863525
tf.Tensor(-10571.115930091983, shape=(), dtype=float64)
nll_grad  cost time: 2.9152162075042725
tf.Tensor(-10571.988833061958, shape=(), dtype=float64)
nll_grad  cost time: 2.8576977252960205
tf.Tensor(-10573.588703153553, shape=(), dtype=float64)
nll_grad  cost time: 2.873619318008423
tf.Tensor(-10575.968035668993, shape=(), dtype=float64)
nll_grad  cost time: 3.1070168018341064
tf.Tensor(-10579.209316784298, shape=(), dtype=float64)
nll_grad  cost time: 2.8892297744750977
tf.Tensor(-10583.079255855657, shape=(), dtype=float64)
nll_grad  cost time: 2.8388938903808594
tf.Tensor(-10586.974714719297, shape=(), dtype=float64)
nll_grad  cost time: 2.8500025272369385
tf.Tensor(-10591.516705979651, shape=(), dtype=float64)
nll_grad  cost time: 2.834230899810791
tf.Tensor(-10596.805386976426, shape=(), dtype=float64)
nll_grad  cost time: 2.9351019859313965
nll_grad  cost time: 3.0188145637512207
tf.Tensor(-10599.729794902407, shape=(), dtype=float64)
nll_grad  cost time: 2.8844501972198486
tf.Tensor(-10603.414185159781, shape=(), dtype=float64)
nll_grad  cost time: 2.8215219974517822
tf.Tensor(-10606.72593193462, shape=(), dtype=float64)
nll_grad  cost time: 2.869537115097046
tf.Tensor(-10610.134783226124, shape=(), dtype=float64)
nll_grad  cost time: 2.9072625637054443
tf.Tensor(-10613.8844592518, shape=(), dtype=float64)
nll_grad  cost time: 2.916001319885254
tf.Tensor(-10614.252357130987, shape=(), dtype=float64)
nll_grad  cost time: 2.8750805854797363
tf.Tensor(-10614.938450169051, shape=(), dtype=float64)
nll_grad  cost time: 2.841121196746826
tf.Tensor(-10616.124518279845, shape=(), dtype=float64)
nll_grad  cost time: 2.815556049346924
tf.Tensor(-10617.880216124438, shape=(), dtype=float64)
nll_grad  cost time: 2.7964093685150146
tf.Tensor(-10620.335576086989, shape=(), dtype=float64)
nll_grad  cost time: 2.7962682247161865
tf.Tensor(-10623.613224522996, shape=(), dtype=float64)
nll_grad  cost time: 2.844666004180908
tf.Tensor(-10627.60332775896, shape=(), dtype=float64)
nll_grad  cost time: 2.8958771228790283
tf.Tensor(-10632.054965163625, shape=(), dtype=float64)
nll_grad  cost time: 2.882035255432129
tf.Tensor(-10635.08007017331, shape=(), dtype=float64)
nll_grad  cost time: 2.9045190811157227
tf.Tensor(-10637.745682826804, shape=(), dtype=float64)
nll_grad  cost time: 2.889570951461792
tf.Tensor(-10640.181065545097, shape=(), dtype=float64)
nll_grad  cost time: 2.8134024143218994
tf.Tensor(-10642.290056986312, shape=(), dtype=float64)
nll_grad  cost time: 2.8817620277404785
tf.Tensor(-10644.547365354723, shape=(), dtype=float64)
nll_grad  cost time: 2.8911333084106445
tf.Tensor(-10646.907955751085, shape=(), dtype=float64)
nll_grad  cost time: 2.889787435531616
tf.Tensor(-10649.332283309312, shape=(), dtype=float64)
nll_grad  cost time: 2.8234145641326904
tf.Tensor(-10649.589578122308, shape=(), dtype=float64)
nll_grad  cost time: 2.9759411811828613
tf.Tensor(-10650.083234882142, shape=(), dtype=float64)
nll_grad  cost time: 2.794264316558838
nll_grad  cost time: 2.7338058948516846
tf.Tensor(-10653.830856853092, shape=(), dtype=float64)
nll_grad  cost time: 2.8461501598358154
tf.Tensor(-10656.769207392426, shape=(), dtype=float64)
nll_grad  cost time: 2.9393279552459717
tf.Tensor(-10659.657735381625, shape=(), dtype=float64)
nll_grad  cost time: 3.0322163105010986
tf.Tensor(-10660.234381453774, shape=(), dtype=float64)
nll_grad  cost time: 2.924436092376709
tf.Tensor(-10661.19484435879, shape=(), dtype=float64)
nll_grad  cost time: 2.911994695663452
tf.Tensor(-10662.64916088595, shape=(), dtype=float64)
nll_grad  cost time: 2.996812582015991
tf.Tensor(-10664.7980085163, shape=(), dtype=float64)
nll_grad  cost time: 2.897217273712158
tf.Tensor(-10667.59776462114, shape=(), dtype=float64)
nll_grad  cost time: 2.910201072692871
tf.Tensor(-10669.17885733176, shape=(), dtype=float64)
nll_grad  cost time: 2.8254566192626953
tf.Tensor(-10670.325924460587, shape=(), dtype=float64)
nll_grad  cost time: 2.885939836502075
tf.Tensor(-10671.759665695281, shape=(), dtype=float64)
nll_grad  cost time: 2.878511667251587
tf.Tensor(-10673.42251226437, shape=(), dtype=float64)
nll_grad  cost time: 2.855560064315796
tf.Tensor(-10675.355122482128, shape=(), dtype=float64)
nll_grad  cost time: 3.0118672847747803
tf.Tensor(-10675.821876117814, shape=(), dtype=float64)
nll_grad  cost time: 2.8492603302001953
tf.Tensor(-10676.635519218748, shape=(), dtype=float64)
nll_grad  cost time: 2.790619373321533
tf.Tensor(-10677.857941092341, shape=(), dtype=float64)
nll_grad  cost time: 2.8370511531829834
tf.Tensor(-10679.591390980917, shape=(), dtype=float64)
nll_grad  cost time: 2.8058817386627197
tf.Tensor(-10681.60457132115, shape=(), dtype=float64)
nll_grad  cost time: 2.771570920944214
tf.Tensor(-10683.947749356259, shape=(), dtype=float64)
nll_grad  cost time: 3.246798276901245
tf.Tensor(-10684.429582207958, shape=(), dtype=float64)
nll_grad  cost time: 2.881603479385376
tf.Tensor(-10685.213134425954, shape=(), dtype=float64)
nll_grad  cost time: 2.8024258613586426
tf.Tensor(-10686.525276548899, shape=(), dtype=float64)
nll_grad  cost time: 2.8096888065338135
tf.Tensor(-10688.157792515456, shape=(), dtype=float64)
nll_grad  cost time: 2.944201946258545
tf.Tensor(-10690.225220536799, shape=(), dtype=float64)
nll_grad  cost time: 2.7969810962677
tf.Tensor(-10691.120741480845, shape=(), dtype=float64)
nll_grad  cost time: 2.7894163131713867
tf.Tensor(-10692.366390478026, shape=(), dtype=float64)
nll_grad  cost time: 2.8092145919799805
tf.Tensor(-10693.639341407557, shape=(), dtype=float64)
nll_grad  cost time: 2.871077060699463
tf.Tensor(-10694.982798610683, shape=(), dtype=float64)
nll_grad  cost time: 2.81235408782959
tf.Tensor(-10695.996822903558, shape=(), dtype=float64)
nll_grad  cost time: 2.892157554626465
tf.Tensor(-10696.72835554133, shape=(), dtype=float64)
nll_grad  cost time: 2.884202241897583
tf.Tensor(-10697.78493600132, shape=(), dtype=float64)
nll_grad  cost time: 2.84716796875
tf.Tensor(-10698.99369255123, shape=(), dtype=float64)
nll_grad  cost time: 2.8534388542175293
tf.Tensor(-10700.43476457188, shape=(), dtype=float64)
nll_grad  cost time: 2.863792896270752
tf.Tensor(-10701.807719485965, shape=(), dtype=float64)
nll_grad  cost time: 2.9322447776794434
tf.Tensor(-10703.14317354381, shape=(), dtype=float64)
nll_grad  cost time: 2.8054349422454834
tf.Tensor(-10704.647556837706, shape=(), dtype=float64)
nll_grad  cost time: 2.864638090133667
tf.Tensor(-10706.58007030809, shape=(), dtype=float64)
nll_grad  cost time: 2.9174015522003174
tf.Tensor(-10708.413310244578, shape=(), dtype=float64)
nll_grad  cost time: 2.881038188934326
tf.Tensor(-10709.998260730703, shape=(), dtype=float64)
nll_grad  cost time: 3.0171079635620117
tf.Tensor(-10711.635459955796, shape=(), dtype=float64)
nll_grad  cost time: 2.9568026065826416
nll_grad  cost time: 2.975651264190674
tf.Tensor(-10712.537418020162, shape=(), dtype=float64)
nll_grad  cost time: 2.905667304992676
tf.Tensor(-10713.677252189198, shape=(), dtype=float64)
nll_grad  cost time: 2.883556842803955
tf.Tensor(-10714.65715950726, shape=(), dtype=float64)
nll_grad  cost time: 2.9713189601898193
tf.Tensor(-10715.569226424064, shape=(), dtype=float64)
nll_grad  cost time: 2.8579769134521484
tf.Tensor(-10716.503196905993, shape=(), dtype=float64)
nll_grad  cost time: 3.1111550331115723
tf.Tensor(-10717.54196492747, shape=(), dtype=float64)
nll_grad  cost time: 2.963080406188965
tf.Tensor(-10718.772043925594, shape=(), dtype=float64)
nll_grad  cost time: 2.893009901046753
tf.Tensor(-10720.209618647597, shape=(), dtype=float64)
nll_grad  cost time: 2.8802034854888916
tf.Tensor(-10720.623991504122, shape=(), dtype=float64)
nll_grad  cost time: 2.9118857383728027
tf.Tensor(-10721.32196335448, shape=(), dtype=float64)
nll_grad  cost time: 2.9236433506011963
tf.Tensor(-10722.278437348476, shape=(), dtype=float64)
nll_grad  cost time: 2.9323697090148926
tf.Tensor(-10722.630551929964, shape=(), dtype=float64)
nll_grad  cost time: 2.877389430999756
tf.Tensor(-10723.111829631947, shape=(), dtype=float64)
nll_grad  cost time: 2.9524195194244385
tf.Tensor(-10723.710356493888, shape=(), dtype=float64)
nll_grad  cost time: 2.841567039489746
tf.Tensor(-10724.330880436668, shape=(), dtype=float64)
nll_grad  cost time: 2.846330404281616
tf.Tensor(-10724.991884776988, shape=(), dtype=float64)
nll_grad  cost time: 2.8607065677642822
tf.Tensor(-10726.002104964442, shape=(), dtype=float64)
nll_grad  cost time: 2.8410897254943848
tf.Tensor(-10727.368261086056, shape=(), dtype=float64)
nll_grad  cost time: 2.819554090499878
nll_grad  cost time: 2.9294347763061523
tf.Tensor(-10728.044821276402, shape=(), dtype=float64)
nll_grad  cost time: 2.9115593433380127
tf.Tensor(-10728.705713280826, shape=(), dtype=float64)
nll_grad  cost time: 2.978306293487549
tf.Tensor(-10728.866091008967, shape=(), dtype=float64)
nll_grad  cost time: 2.9366307258605957
tf.Tensor(-10729.147226398272, shape=(), dtype=float64)
nll_grad  cost time: 2.938187837600708
tf.Tensor(-10729.618040815665, shape=(), dtype=float64)
nll_grad  cost time: 3.044135093688965
tf.Tensor(-10730.220562481321, shape=(), dtype=float64)
nll_grad  cost time: 3.0594675540924072
tf.Tensor(-10730.77729485964, shape=(), dtype=float64)
nll_grad  cost time: 2.9943606853485107
tf.Tensor(-10731.215050691753, shape=(), dtype=float64)
nll_grad  cost time: 3.0920639038085938
tf.Tensor(-10731.607602111864, shape=(), dtype=float64)
nll_grad  cost time: 2.964770555496216
tf.Tensor(-10732.071535773677, shape=(), dtype=float64)
nll_grad  cost time: 2.841693878173828
tf.Tensor(-10732.315262136312, shape=(), dtype=float64)
nll_grad  cost time: 2.879498243331909
tf.Tensor(-10732.601899366593, shape=(), dtype=float64)
nll_grad  cost time: 2.859774351119995
tf.Tensor(-10732.884363507445, shape=(), dtype=float64)
nll_grad  cost time: 2.8965110778808594
tf.Tensor(-10733.213904433127, shape=(), dtype=float64)
nll_grad  cost time: 2.9301304817199707
tf.Tensor(-10733.563741313119, shape=(), dtype=float64)
nll_grad  cost time: 2.8673899173736572
tf.Tensor(-10733.975367958075, shape=(), dtype=float64)
nll_grad  cost time: 2.801158905029297
tf.Tensor(-10734.24154797726, shape=(), dtype=float64)
nll_grad  cost time: 2.761347770690918
tf.Tensor(-10734.508919750428, shape=(), dtype=float64)
nll_grad  cost time: 2.827609062194824
tf.Tensor(-10734.750238219567, shape=(), dtype=float64)
nll_grad  cost time: 2.8530170917510986
tf.Tensor(-10734.95069346996, shape=(), dtype=float64)
nll_grad  cost time: 2.8449923992156982
tf.Tensor(-10735.13753931866, shape=(), dtype=float64)
nll_grad  cost time: 2.9184412956237793
tf.Tensor(-10735.275681056766, shape=(), dtype=float64)
nll_grad  cost time: 2.8728511333465576
tf.Tensor(-10735.46049333067, shape=(), dtype=float64)
nll_grad  cost time: 2.8574647903442383
tf.Tensor(-10735.709538477953, shape=(), dtype=float64)
nll_grad  cost time: 2.833393096923828
tf.Tensor(-10736.011699076975, shape=(), dtype=float64)
nll_grad  cost time: 3.002260446548462
tf.Tensor(-10736.30874230845, shape=(), dtype=float64)
nll_grad  cost time: 2.943329095840454
tf.Tensor(-10736.62853947794, shape=(), dtype=float64)
nll_grad  cost time: 2.982543468475342
tf.Tensor(-10736.902100211679, shape=(), dtype=float64)
nll_grad  cost time: 3.07388973236084
tf.Tensor(-10737.179379058696, shape=(), dtype=float64)
nll_grad  cost time: 3.0029759407043457
tf.Tensor(-10737.392864782203, shape=(), dtype=float64)
nll_grad  cost time: 2.986701726913452
tf.Tensor(-10737.51780857952, shape=(), dtype=float64)
nll_grad  cost time: 3.020399570465088
tf.Tensor(-10737.693592665615, shape=(), dtype=float64)
nll_grad  cost time: 3.0527713298797607
tf.Tensor(-10737.86821798973, shape=(), dtype=float64)
nll_grad  cost time: 2.9545605182647705
tf.Tensor(-10738.020906832899, shape=(), dtype=float64)
nll_grad  cost time: 2.9674861431121826
tf.Tensor(-10738.194519238052, shape=(), dtype=float64)
nll_grad  cost time: 2.983048915863037
tf.Tensor(-10738.389415872458, shape=(), dtype=float64)
nll_grad  cost time: 2.84333872795105
tf.Tensor(-10738.542061300002, shape=(), dtype=float64)
nll_grad  cost time: 2.812563896179199
tf.Tensor(-10738.758451154135, shape=(), dtype=float64)
nll_grad  cost time: 2.8438093662261963
tf.Tensor(-10739.063365884984, shape=(), dtype=float64)
nll_grad  cost time: 2.851127862930298
tf.Tensor(-10739.312936576258, shape=(), dtype=float64)
nll_grad  cost time: 2.817783832550049
tf.Tensor(-10739.464590324947, shape=(), dtype=float64)
nll_grad  cost time: 2.92811918258667
tf.Tensor(-10739.641282298719, shape=(), dtype=float64)
nll_grad  cost time: 2.842653751373291
tf.Tensor(-10739.813143502746, shape=(), dtype=float64)
nll_grad  cost time: 2.8101134300231934
tf.Tensor(-10740.034811808044, shape=(), dtype=float64)
nll_grad  cost time: 2.9104177951812744
tf.Tensor(-10740.32953380655, shape=(), dtype=float64)
nll_grad  cost time: 3.0442428588867188
tf.Tensor(-10740.59279091828, shape=(), dtype=float64)
nll_grad  cost time: 3.086364507675171
tf.Tensor(-10740.74368133735, shape=(), dtype=float64)
nll_grad  cost time: 3.020371913909912
tf.Tensor(-10740.965992082187, shape=(), dtype=float64)
nll_grad  cost time: 3.0395545959472656
tf.Tensor(-10741.229227386313, shape=(), dtype=float64)
nll_grad  cost time: 3.1256871223449707
tf.Tensor(-10741.478045392156, shape=(), dtype=float64)
nll_grad  cost time: 3.0194435119628906
tf.Tensor(-10741.782119961528, shape=(), dtype=float64)
nll_grad  cost time: 2.9846603870391846
tf.Tensor(-10742.156516857998, shape=(), dtype=float64)
nll_grad  cost time: 2.9940342903137207
tf.Tensor(-10742.461401117718, shape=(), dtype=float64)
nll_grad  cost time: 2.9452133178710938
tf.Tensor(-10742.761094214817, shape=(), dtype=float64)
nll_grad  cost time: 2.929429054260254
tf.Tensor(-10742.997191430157, shape=(), dtype=float64)
nll_grad  cost time: 3.0143651962280273
tf.Tensor(-10743.312650761247, shape=(), dtype=float64)
nll_grad  cost time: 2.969999074935913
tf.Tensor(-10743.631888168777, shape=(), dtype=float64)
nll_grad  cost time: 2.956925392150879
tf.Tensor(-10743.842797787394, shape=(), dtype=float64)
nll_grad  cost time: 2.9173033237457275
tf.Tensor(-10744.115952955792, shape=(), dtype=float64)
nll_grad  cost time: 3.0086910724639893
tf.Tensor(-10744.421985993104, shape=(), dtype=float64)
nll_grad  cost time: 2.973478317260742
tf.Tensor(-10744.70502971315, shape=(), dtype=float64)
nll_grad  cost time: 3.062232732772827
tf.Tensor(-10745.002952127325, shape=(), dtype=float64)
nll_grad  cost time: 2.94123911857605
tf.Tensor(-10745.367489231314, shape=(), dtype=float64)
nll_grad  cost time: 2.9451425075531006
tf.Tensor(-10745.521239633963, shape=(), dtype=float64)
nll_grad  cost time: 2.9342732429504395
tf.Tensor(-10745.744492553597, shape=(), dtype=float64)
nll_grad  cost time: 3.0070900917053223
tf.Tensor(-10746.029654403013, shape=(), dtype=float64)
nll_grad  cost time: 2.9907805919647217
tf.Tensor(-10746.315389760639, shape=(), dtype=float64)
nll_grad  cost time: 2.9125726222991943
tf.Tensor(-10746.594524599204, shape=(), dtype=float64)
nll_grad  cost time: 2.9313805103302
tf.Tensor(-10746.920547408386, shape=(), dtype=float64)
nll_grad  cost time: 2.9108595848083496
tf.Tensor(-10747.287917128415, shape=(), dtype=float64)
nll_grad  cost time: 2.905287265777588
tf.Tensor(-10747.68528442568, shape=(), dtype=float64)
nll_grad  cost time: 2.9298479557037354
tf.Tensor(-10748.204833159034, shape=(), dtype=float64)
nll_grad  cost time: 3.283457040786743
tf.Tensor(-10748.85499159852, shape=(), dtype=float64)
nll_grad  cost time: 3.00846529006958
tf.Tensor(-10749.584047579134, shape=(), dtype=float64)
nll_grad  cost time: 3.0698599815368652
tf.Tensor(-10749.974514588263, shape=(), dtype=float64)
nll_grad  cost time: 2.9382896423339844
tf.Tensor(-10750.580621840607, shape=(), dtype=float64)
nll_grad  cost time: 2.984471559524536
tf.Tensor(-10751.481993120033, shape=(), dtype=float64)
nll_grad  cost time: 2.90474271774292
tf.Tensor(-10752.317820181459, shape=(), dtype=float64)
nll_grad  cost time: 2.9085910320281982
tf.Tensor(-10752.70600496023, shape=(), dtype=float64)
nll_grad  cost time: 2.867845058441162
tf.Tensor(-10753.22625990423, shape=(), dtype=float64)
nll_grad  cost time: 2.894031524658203
tf.Tensor(-10753.76098922045, shape=(), dtype=float64)
nll_grad  cost time: 2.9474074840545654
tf.Tensor(-10754.034925169617, shape=(), dtype=float64)
nll_grad  cost time: 2.8739280700683594
tf.Tensor(-10754.40455252635, shape=(), dtype=float64)
nll_grad  cost time: 2.894956111907959
tf.Tensor(-10754.81512903524, shape=(), dtype=float64)
nll_grad  cost time: 2.882087230682373
tf.Tensor(-10755.129885581278, shape=(), dtype=float64)
nll_grad  cost time: 2.9010703563690186
tf.Tensor(-10755.500411288493, shape=(), dtype=float64)
nll_grad  cost time: 3.0571653842926025
tf.Tensor(-10755.734434620666, shape=(), dtype=float64)
nll_grad  cost time: 2.887730836868286
tf.Tensor(-10756.02616648862, shape=(), dtype=float64)
nll_grad  cost time: 2.898771286010742
tf.Tensor(-10756.315418140293, shape=(), dtype=float64)
nll_grad  cost time: 2.882997989654541
tf.Tensor(-10756.552884641089, shape=(), dtype=float64)
nll_grad  cost time: 2.9111487865448
tf.Tensor(-10756.768921994546, shape=(), dtype=float64)
nll_grad  cost time: 2.91949462890625
tf.Tensor(-10756.888785350413, shape=(), dtype=float64)
nll_grad  cost time: 2.8799455165863037
tf.Tensor(-10757.045495163096, shape=(), dtype=float64)
nll_grad  cost time: 2.944896936416626
tf.Tensor(-10757.191900994585, shape=(), dtype=float64)
nll_grad  cost time: 2.839906930923462
tf.Tensor(-10757.332276161906, shape=(), dtype=float64)
nll_grad  cost time: 2.840358018875122
tf.Tensor(-10757.457616886386, shape=(), dtype=float64)
nll_grad  cost time: 2.8800361156463623
tf.Tensor(-10757.55295739122, shape=(), dtype=float64)
nll_grad  cost time: 2.7792296409606934
tf.Tensor(-10757.682460588549, shape=(), dtype=float64)
nll_grad  cost time: 2.8254635334014893
tf.Tensor(-10757.86976318885, shape=(), dtype=float64)
nll_grad  cost time: 2.7878668308258057
tf.Tensor(-10758.123494992178, shape=(), dtype=float64)
nll_grad  cost time: 2.7871437072753906
tf.Tensor(-10758.314586670313, shape=(), dtype=float64)
nll_grad  cost time: 2.805098295211792
tf.Tensor(-10758.423686152571, shape=(), dtype=float64)
nll_grad  cost time: 2.9570529460906982
tf.Tensor(-10758.533364726522, shape=(), dtype=float64)
nll_grad  cost time: 2.796025276184082
tf.Tensor(-10758.606506759781, shape=(), dtype=float64)
nll_grad  cost time: 2.8262112140655518
tf.Tensor(-10758.704488170144, shape=(), dtype=float64)
nll_grad  cost time: 2.9290831089019775
tf.Tensor(-10758.83806343592, shape=(), dtype=float64)
nll_grad  cost time: 3.0605664253234863
tf.Tensor(-10758.968570609446, shape=(), dtype=float64)
nll_grad  cost time: 3.0833258628845215
tf.Tensor(-10759.104541998313, shape=(), dtype=float64)
nll_grad  cost time: 2.8877406120300293
tf.Tensor(-10759.253914550645, shape=(), dtype=float64)
nll_grad  cost time: 2.9341139793395996
tf.Tensor(-10759.468256111955, shape=(), dtype=float64)
nll_grad  cost time: 3.024183750152588
tf.Tensor(-10759.695264647686, shape=(), dtype=float64)
nll_grad  cost time: 2.8903186321258545
tf.Tensor(-10759.843611900142, shape=(), dtype=float64)
nll_grad  cost time: 2.8132426738739014
tf.Tensor(-10760.005438156193, shape=(), dtype=float64)
nll_grad  cost time: 2.8520846366882324
tf.Tensor(-10760.150617533058, shape=(), dtype=float64)
nll_grad  cost time: 2.916771411895752
tf.Tensor(-10760.315970282987, shape=(), dtype=float64)
nll_grad  cost time: 2.871847629547119
tf.Tensor(-10760.484926103949, shape=(), dtype=float64)
nll_grad  cost time: 2.885725259780884
tf.Tensor(-10760.688802595541, shape=(), dtype=float64)
nll_grad  cost time: 2.9284591674804688
tf.Tensor(-10760.874588676365, shape=(), dtype=float64)
nll_grad  cost time: 2.8475754261016846
tf.Tensor(-10761.046676496451, shape=(), dtype=float64)
nll_grad  cost time: 2.8882861137390137
tf.Tensor(-10761.169566285505, shape=(), dtype=float64)
nll_grad  cost time: 2.938004493713379
tf.Tensor(-10761.32153637636, shape=(), dtype=float64)
nll_grad  cost time: 2.8846664428710938
tf.Tensor(-10761.489615652637, shape=(), dtype=float64)
nll_grad  cost time: 2.9037179946899414
tf.Tensor(-10761.643497654528, shape=(), dtype=float64)
nll_grad  cost time: 3.109938383102417
tf.Tensor(-10761.829281033119, shape=(), dtype=float64)
nll_grad  cost time: 3.032106876373291
tf.Tensor(-10761.98995971329, shape=(), dtype=float64)
nll_grad  cost time: 2.9427947998046875
tf.Tensor(-10762.191479005836, shape=(), dtype=float64)
nll_grad  cost time: 2.8571698665618896
tf.Tensor(-10762.465840665842, shape=(), dtype=float64)
nll_grad  cost time: 3.1391820907592773
tf.Tensor(-10762.704230338204, shape=(), dtype=float64)
nll_grad  cost time: 3.0555684566497803
tf.Tensor(-10762.95060305157, shape=(), dtype=float64)
nll_grad  cost time: 3.0156848430633545
tf.Tensor(-10763.165491975844, shape=(), dtype=float64)
nll_grad  cost time: 2.942899703979492
tf.Tensor(-10763.436346787414, shape=(), dtype=float64)
nll_grad  cost time: 2.9307360649108887
tf.Tensor(-10763.543754395345, shape=(), dtype=float64)
nll_grad  cost time: 2.908210277557373
tf.Tensor(-10763.704684316108, shape=(), dtype=float64)
nll_grad  cost time: 2.8790128231048584
tf.Tensor(-10763.882875079587, shape=(), dtype=float64)
nll_grad  cost time: 2.8956151008605957
tf.Tensor(-10763.991213703433, shape=(), dtype=float64)
nll_grad  cost time: 2.8698770999908447
tf.Tensor(-10764.090894185429, shape=(), dtype=float64)
nll_grad  cost time: 2.889570951461792
tf.Tensor(-10764.237349946328, shape=(), dtype=float64)
nll_grad  cost time: 2.941807508468628
tf.Tensor(-10764.40699262041, shape=(), dtype=float64)
nll_grad  cost time: 2.879472494125366
tf.Tensor(-10764.554846211628, shape=(), dtype=float64)
nll_grad  cost time: 2.914591073989868
tf.Tensor(-10764.699330262476, shape=(), dtype=float64)
nll_grad  cost time: 2.928436040878296
tf.Tensor(-10764.867405057485, shape=(), dtype=float64)
nll_grad  cost time: 2.852860927581787
tf.Tensor(-10765.010053143538, shape=(), dtype=float64)
nll_grad  cost time: 2.899712085723877
tf.Tensor(-10765.171832524247, shape=(), dtype=float64)
nll_grad  cost time: 3.00115704536438
tf.Tensor(-10765.359912588465, shape=(), dtype=float64)
nll_grad  cost time: 2.9263393878936768
tf.Tensor(-10765.583682316174, shape=(), dtype=float64)
nll_grad  cost time: 2.8748366832733154
tf.Tensor(-10765.800245189494, shape=(), dtype=float64)
nll_grad  cost time: 2.989077568054199
tf.Tensor(-10766.060137923741, shape=(), dtype=float64)
nll_grad  cost time: 3.1801741123199463
tf.Tensor(-10766.336413617631, shape=(), dtype=float64)
nll_grad  cost time: 3.0224545001983643
tf.Tensor(-10766.639585497585, shape=(), dtype=float64)
nll_grad  cost time: 2.93933367729187
tf.Tensor(-10766.829971434774, shape=(), dtype=float64)
nll_grad  cost time: 2.984920024871826
tf.Tensor(-10767.06059005767, shape=(), dtype=float64)
nll_grad  cost time: 2.946347713470459
tf.Tensor(-10767.374288568979, shape=(), dtype=float64)
nll_grad  cost time: 3.0004537105560303
tf.Tensor(-10767.777016609296, shape=(), dtype=float64)
nll_grad  cost time: 2.995851993560791
tf.Tensor(-10768.214467428748, shape=(), dtype=float64)
nll_grad  cost time: 3.012896776199341
tf.Tensor(-10768.611979901107, shape=(), dtype=float64)
nll_grad  cost time: 2.925051212310791
tf.Tensor(-10768.986484851084, shape=(), dtype=float64)
nll_grad  cost time: 2.8704395294189453
nll_grad  cost time: 2.9043877124786377
tf.Tensor(-10769.169331567973, shape=(), dtype=float64)
nll_grad  cost time: 3.05397629737854
tf.Tensor(-10769.409897215228, shape=(), dtype=float64)
nll_grad  cost time: 2.9306442737579346
tf.Tensor(-10769.706937394869, shape=(), dtype=float64)
nll_grad  cost time: 3.007629632949829
tf.Tensor(-10770.042154603398, shape=(), dtype=float64)
nll_grad  cost time: 3.0854263305664062
tf.Tensor(-10770.165998996985, shape=(), dtype=float64)
nll_grad  cost time: 2.9816908836364746
tf.Tensor(-10770.36441229291, shape=(), dtype=float64)
nll_grad  cost time: 3.06097412109375
tf.Tensor(-10770.640309930277, shape=(), dtype=float64)
nll_grad  cost time: 2.9013278484344482
tf.Tensor(-10770.795434973326, shape=(), dtype=float64)
nll_grad  cost time: 2.822540521621704
tf.Tensor(-10770.971158160472, shape=(), dtype=float64)
nll_grad  cost time: 2.9138710498809814
tf.Tensor(-10771.135046675154, shape=(), dtype=float64)
nll_grad  cost time: 2.9491348266601562
tf.Tensor(-10771.319747047746, shape=(), dtype=float64)
nll_grad  cost time: 2.9902191162109375
tf.Tensor(-10771.589133884641, shape=(), dtype=float64)
nll_grad  cost time: 2.882070302963257
tf.Tensor(-10772.00597320732, shape=(), dtype=float64)
nll_grad  cost time: 2.9391860961914062
tf.Tensor(-10772.446344811622, shape=(), dtype=float64)
nll_grad  cost time: 2.9574594497680664
tf.Tensor(-10772.784547004558, shape=(), dtype=float64)
nll_grad  cost time: 2.9566962718963623
tf.Tensor(-10773.160947957316, shape=(), dtype=float64)
nll_grad  cost time: 2.8905742168426514
tf.Tensor(-10773.528111656065, shape=(), dtype=float64)
nll_grad  cost time: 2.9336159229278564
tf.Tensor(-10773.99702794652, shape=(), dtype=float64)
nll_grad  cost time: 2.9793577194213867
tf.Tensor(-10774.480875741756, shape=(), dtype=float64)
nll_grad  cost time: 2.994633913040161
tf.Tensor(-10774.890901556995, shape=(), dtype=float64)
nll_grad  cost time: 2.9488532543182373
tf.Tensor(-10775.392231487545, shape=(), dtype=float64)
nll_grad  cost time: 2.9355318546295166
tf.Tensor(-10775.988063040284, shape=(), dtype=float64)
nll_grad  cost time: 3.025818109512329
tf.Tensor(-10776.68229368711, shape=(), dtype=float64)
nll_grad  cost time: 2.8845908641815186
tf.Tensor(-10777.083082582947, shape=(), dtype=float64)
nll_grad  cost time: 2.9679417610168457
tf.Tensor(-10777.574066010064, shape=(), dtype=float64)
nll_grad  cost time: 2.890981674194336
tf.Tensor(-10778.192950611272, shape=(), dtype=float64)
nll_grad  cost time: 3.099304676055908
tf.Tensor(-10778.749593611094, shape=(), dtype=float64)
nll_grad  cost time: 3.0106165409088135
tf.Tensor(-10779.353092517384, shape=(), dtype=float64)
nll_grad  cost time: 2.943463087081909
tf.Tensor(-10779.737881732646, shape=(), dtype=float64)
nll_grad  cost time: 3.0235342979431152
tf.Tensor(-10780.261384985046, shape=(), dtype=float64)
nll_grad  cost time: 3.0379631519317627
tf.Tensor(-10780.796831968248, shape=(), dtype=float64)
nll_grad  cost time: 3.190579891204834
nll_grad  cost time: 3.002819061279297
tf.Tensor(-10781.02217036258, shape=(), dtype=float64)
nll_grad  cost time: 3.0665624141693115
tf.Tensor(-10781.296158196157, shape=(), dtype=float64)
nll_grad  cost time: 3.037324905395508
tf.Tensor(-10781.530364598657, shape=(), dtype=float64)
nll_grad  cost time: 3.1026008129119873
tf.Tensor(-10781.634043505896, shape=(), dtype=float64)
nll_grad  cost time: 3.0214130878448486
tf.Tensor(-10781.77766993254, shape=(), dtype=float64)
nll_grad  cost time: 3.003006935119629
tf.Tensor(-10781.884590053458, shape=(), dtype=float64)
nll_grad  cost time: 2.962153911590576
tf.Tensor(-10781.96696375167, shape=(), dtype=float64)
nll_grad  cost time: 2.9890952110290527
tf.Tensor(-10782.0604375248, shape=(), dtype=float64)
nll_grad  cost time: 3.0647201538085938
tf.Tensor(-10782.166809675364, shape=(), dtype=float64)
nll_grad  cost time: 3.1428275108337402
tf.Tensor(-10782.248804473886, shape=(), dtype=float64)
nll_grad  cost time: 2.9824259281158447
tf.Tensor(-10782.354006452202, shape=(), dtype=float64)
nll_grad  cost time: 2.975940465927124
tf.Tensor(-10782.453235087778, shape=(), dtype=float64)
nll_grad  cost time: 2.9296276569366455
tf.Tensor(-10782.580205846665, shape=(), dtype=float64)
nll_grad  cost time: 2.9629452228546143
tf.Tensor(-10782.703202804885, shape=(), dtype=float64)
nll_grad  cost time: 2.993468761444092
tf.Tensor(-10782.825947493882, shape=(), dtype=float64)
nll_grad  cost time: 2.8953518867492676
tf.Tensor(-10782.945198048546, shape=(), dtype=float64)
nll_grad  cost time: 2.8707525730133057
tf.Tensor(-10783.129132983457, shape=(), dtype=float64)
nll_grad  cost time: 2.9227006435394287
tf.Tensor(-10783.412520213875, shape=(), dtype=float64)
nll_grad  cost time: 2.878728151321411
tf.Tensor(-10783.747693227211, shape=(), dtype=float64)
nll_grad  cost time: 2.942098617553711
tf.Tensor(-10783.987006545773, shape=(), dtype=float64)
nll_grad  cost time: 2.861543893814087
tf.Tensor(-10784.198773010095, shape=(), dtype=float64)
nll_grad  cost time: 2.843919038772583
tf.Tensor(-10784.491446025677, shape=(), dtype=float64)
nll_grad  cost time: 2.8780674934387207
tf.Tensor(-10784.879770865089, shape=(), dtype=float64)
nll_grad  cost time: 2.9863390922546387
tf.Tensor(-10785.089532368627, shape=(), dtype=float64)
nll_grad  cost time: 2.905229330062866
tf.Tensor(-10785.382908648433, shape=(), dtype=float64)
nll_grad  cost time: 3.004722833633423
tf.Tensor(-10785.610735585295, shape=(), dtype=float64)
nll_grad  cost time: 3.0047707557678223
tf.Tensor(-10785.768826819716, shape=(), dtype=float64)
nll_grad  cost time: 2.9676318168640137
tf.Tensor(-10785.922739475704, shape=(), dtype=float64)
nll_grad  cost time: 3.0244944095611572
tf.Tensor(-10786.079777592306, shape=(), dtype=float64)
nll_grad  cost time: 3.052800178527832
tf.Tensor(-10786.243680709107, shape=(), dtype=float64)
nll_grad  cost time: 3.0742297172546387
tf.Tensor(-10786.392383464547, shape=(), dtype=float64)
nll_grad  cost time: 2.978492259979248
tf.Tensor(-10786.530561047759, shape=(), dtype=float64)
nll_grad  cost time: 3.051492929458618
tf.Tensor(-10786.644370701753, shape=(), dtype=float64)
nll_grad  cost time: 2.956559181213379
tf.Tensor(-10786.784835158513, shape=(), dtype=float64)
nll_grad  cost time: 2.9517688751220703
tf.Tensor(-10786.8845779724, shape=(), dtype=float64)
nll_grad  cost time: 2.9523823261260986
tf.Tensor(-10787.003960833354, shape=(), dtype=float64)
nll_grad  cost time: 2.9200119972229004
tf.Tensor(-10787.112495426249, shape=(), dtype=float64)
nll_grad  cost time: 2.8997557163238525
tf.Tensor(-10787.222147295608, shape=(), dtype=float64)
nll_grad  cost time: 2.963026762008667
tf.Tensor(-10787.346996737651, shape=(), dtype=float64)
nll_grad  cost time: 3.1347856521606445
tf.Tensor(-10787.478313827676, shape=(), dtype=float64)
nll_grad  cost time: 3.0399625301361084
tf.Tensor(-10787.637604807045, shape=(), dtype=float64)
nll_grad  cost time: 3.0550646781921387
tf.Tensor(-10787.824216642526, shape=(), dtype=float64)
nll_grad  cost time: 3.0015194416046143
tf.Tensor(-10787.987632634555, shape=(), dtype=float64)
nll_grad  cost time: 2.9349143505096436
tf.Tensor(-10788.08832413183, shape=(), dtype=float64)
nll_grad  cost time: 3.2765984535217285
tf.Tensor(-10788.22520244844, shape=(), dtype=float64)
nll_grad  cost time: 2.9718644618988037
tf.Tensor(-10788.399552118775, shape=(), dtype=float64)
nll_grad  cost time: 3.0178682804107666
tf.Tensor(-10788.604955974617, shape=(), dtype=float64)
nll_grad  cost time: 2.9892654418945312
tf.Tensor(-10788.84014202287, shape=(), dtype=float64)
nll_grad  cost time: 2.978957176208496
tf.Tensor(-10789.03074322598, shape=(), dtype=float64)
nll_grad  cost time: 3.0236082077026367
tf.Tensor(-10789.143553553491, shape=(), dtype=float64)
nll_grad  cost time: 2.888336181640625
tf.Tensor(-10789.30325862518, shape=(), dtype=float64)
nll_grad  cost time: 2.9324514865875244
tf.Tensor(-10789.502657170633, shape=(), dtype=float64)
nll_grad  cost time: 2.955034017562866
tf.Tensor(-10789.632109749815, shape=(), dtype=float64)
nll_grad  cost time: 2.84560489654541
tf.Tensor(-10789.804798314166, shape=(), dtype=float64)
nll_grad  cost time: 3.039565086364746
tf.Tensor(-10789.992274447977, shape=(), dtype=float64)
nll_grad  cost time: 2.948601722717285
tf.Tensor(-10790.147869048567, shape=(), dtype=float64)
nll_grad  cost time: 2.943070411682129
tf.Tensor(-10790.337013178396, shape=(), dtype=float64)
nll_grad  cost time: 2.869906425476074
tf.Tensor(-10790.495636018619, shape=(), dtype=float64)
nll_grad  cost time: 2.914140462875366
tf.Tensor(-10790.612997147306, shape=(), dtype=float64)
nll_grad  cost time: 3.0163955688476562
tf.Tensor(-10790.722912996542, shape=(), dtype=float64)
nll_grad  cost time: 2.907954454421997
tf.Tensor(-10790.84225865006, shape=(), dtype=float64)
nll_grad  cost time: 2.8243956565856934
tf.Tensor(-10790.975646617233, shape=(), dtype=float64)
nll_grad  cost time: 2.822277545928955
tf.Tensor(-10791.039272987859, shape=(), dtype=float64)
nll_grad  cost time: 2.911567449569702
tf.Tensor(-10791.10946504803, shape=(), dtype=float64)
nll_grad  cost time: 2.8989431858062744
tf.Tensor(-10791.172643808415, shape=(), dtype=float64)
nll_grad  cost time: 2.923915147781372
tf.Tensor(-10791.264954935505, shape=(), dtype=float64)
nll_grad  cost time: 2.9837541580200195
tf.Tensor(-10791.384923498284, shape=(), dtype=float64)
nll_grad  cost time: 2.927400827407837
tf.Tensor(-10791.460533760146, shape=(), dtype=float64)
nll_grad  cost time: 2.979294538497925
tf.Tensor(-10791.525595084175, shape=(), dtype=float64)
nll_grad  cost time: 2.99841570854187
tf.Tensor(-10791.577043898964, shape=(), dtype=float64)
nll_grad  cost time: 2.896451950073242
tf.Tensor(-10791.633524913195, shape=(), dtype=float64)
nll_grad  cost time: 2.9610209465026855
tf.Tensor(-10791.681947699406, shape=(), dtype=float64)
nll_grad  cost time: 2.8957581520080566
tf.Tensor(-10791.735418839635, shape=(), dtype=float64)
nll_grad  cost time: 2.96276593208313
tf.Tensor(-10791.792471899535, shape=(), dtype=float64)
nll_grad  cost time: 2.8849143981933594
tf.Tensor(-10791.834993107543, shape=(), dtype=float64)
nll_grad  cost time: 3.0869104862213135
tf.Tensor(-10791.87569029758, shape=(), dtype=float64)
nll_grad  cost time: 2.890073776245117
tf.Tensor(-10791.904836059897, shape=(), dtype=float64)
nll_grad  cost time: 2.8717613220214844
tf.Tensor(-10791.940718667895, shape=(), dtype=float64)
nll_grad  cost time: 2.802248954772949
tf.Tensor(-10791.97607513603, shape=(), dtype=float64)
nll_grad  cost time: 2.90330171585083
tf.Tensor(-10792.021087930276, shape=(), dtype=float64)
nll_grad  cost time: 2.9459173679351807
tf.Tensor(-10792.074204132427, shape=(), dtype=float64)
nll_grad  cost time: 2.8446474075317383
tf.Tensor(-10792.116768469423, shape=(), dtype=float64)
nll_grad  cost time: 2.8168485164642334
tf.Tensor(-10792.169461276622, shape=(), dtype=float64)
nll_grad  cost time: 2.8705413341522217
tf.Tensor(-10792.232043071774, shape=(), dtype=float64)
nll_grad  cost time: 2.9145407676696777
tf.Tensor(-10792.2843517254, shape=(), dtype=float64)
nll_grad  cost time: 2.862227439880371
tf.Tensor(-10792.329745360257, shape=(), dtype=float64)
nll_grad  cost time: 2.8610711097717285
tf.Tensor(-10792.38017949657, shape=(), dtype=float64)
nll_grad  cost time: 2.807644844055176
tf.Tensor(-10792.428021977525, shape=(), dtype=float64)
nll_grad  cost time: 2.843050956726074
tf.Tensor(-10792.474058181011, shape=(), dtype=float64)
nll_grad  cost time: 2.893401622772217
tf.Tensor(-10792.52961907717, shape=(), dtype=float64)
nll_grad  cost time: 2.9078493118286133
tf.Tensor(-10792.609096538014, shape=(), dtype=float64)
nll_grad  cost time: 2.8861191272735596
tf.Tensor(-10792.71244568396, shape=(), dtype=float64)
nll_grad  cost time: 2.972125291824341
tf.Tensor(-10792.781028666875, shape=(), dtype=float64)
nll_grad  cost time: 3.04085373878479
tf.Tensor(-10792.853900204522, shape=(), dtype=float64)
nll_grad  cost time: 3.0433473587036133
tf.Tensor(-10792.941634140443, shape=(), dtype=float64)
nll_grad  cost time: 3.1445443630218506
tf.Tensor(-10793.021944803222, shape=(), dtype=float64)
nll_grad  cost time: 2.9861178398132324
tf.Tensor(-10793.098736297346, shape=(), dtype=float64)
nll_grad  cost time: 2.9266366958618164
tf.Tensor(-10793.15905319294, shape=(), dtype=float64)
nll_grad  cost time: 2.8182790279388428
tf.Tensor(-10793.214849605414, shape=(), dtype=float64)
nll_grad  cost time: 2.8110134601593018
tf.Tensor(-10793.252551175654, shape=(), dtype=float64)
nll_grad  cost time: 2.9242196083068848
tf.Tensor(-10793.302476437057, shape=(), dtype=float64)
nll_grad  cost time: 2.841295003890991
tf.Tensor(-10793.352995197529, shape=(), dtype=float64)
nll_grad  cost time: 2.858823776245117
tf.Tensor(-10793.384399360599, shape=(), dtype=float64)
nll_grad  cost time: 2.9492311477661133
tf.Tensor(-10793.411734481771, shape=(), dtype=float64)
nll_grad  cost time: 3.04439115524292
tf.Tensor(-10793.430199363262, shape=(), dtype=float64)
nll_grad  cost time: 2.910229206085205
tf.Tensor(-10793.448808164307, shape=(), dtype=float64)
nll_grad  cost time: 2.8921780586242676
tf.Tensor(-10793.469552425035, shape=(), dtype=float64)
nll_grad  cost time: 2.8644208908081055
tf.Tensor(-10793.494687407292, shape=(), dtype=float64)
nll_grad  cost time: 2.8112924098968506
tf.Tensor(-10793.517339039296, shape=(), dtype=float64)
nll_grad  cost time: 2.919036865234375
tf.Tensor(-10793.540073508055, shape=(), dtype=float64)
nll_grad  cost time: 2.9366836547851562
tf.Tensor(-10793.562947159342, shape=(), dtype=float64)
nll_grad  cost time: 2.9767425060272217
tf.Tensor(-10793.587311648509, shape=(), dtype=float64)
nll_grad  cost time: 2.972273826599121
tf.Tensor(-10793.613073666056, shape=(), dtype=float64)
nll_grad  cost time: 2.8800418376922607
tf.Tensor(-10793.634119464674, shape=(), dtype=float64)
nll_grad  cost time: 2.9404191970825195
tf.Tensor(-10793.657798133288, shape=(), dtype=float64)
nll_grad  cost time: 2.916355848312378
tf.Tensor(-10793.685829252092, shape=(), dtype=float64)
nll_grad  cost time: 3.154866933822632
tf.Tensor(-10793.71921880811, shape=(), dtype=float64)
nll_grad  cost time: 3.047948122024536
tf.Tensor(-10793.757448666998, shape=(), dtype=float64)
nll_grad  cost time: 3.013582706451416
tf.Tensor(-10793.800677515152, shape=(), dtype=float64)
nll_grad  cost time: 2.9102935791015625
tf.Tensor(-10793.853959383792, shape=(), dtype=float64)
nll_grad  cost time: 3.088801383972168
tf.Tensor(-10793.914997742897, shape=(), dtype=float64)
nll_grad  cost time: 3.023874521255493
tf.Tensor(-10793.9823553651, shape=(), dtype=float64)
nll_grad  cost time: 2.956921339035034
tf.Tensor(-10794.05673178887, shape=(), dtype=float64)
nll_grad  cost time: 2.9285643100738525
tf.Tensor(-10794.125833946462, shape=(), dtype=float64)
nll_grad  cost time: 3.0115699768066406
tf.Tensor(-10794.204727273442, shape=(), dtype=float64)
nll_grad  cost time: 2.8365554809570312
tf.Tensor(-10794.293575727832, shape=(), dtype=float64)
nll_grad  cost time: 2.8338735103607178
tf.Tensor(-10794.38886966998, shape=(), dtype=float64)
nll_grad  cost time: 2.877965211868286
tf.Tensor(-10794.498943519175, shape=(), dtype=float64)
nll_grad  cost time: 2.9296350479125977
tf.Tensor(-10794.606029131683, shape=(), dtype=float64)
nll_grad  cost time: 3.0398712158203125
tf.Tensor(-10794.710211222206, shape=(), dtype=float64)
nll_grad  cost time: 3.0228259563446045
tf.Tensor(-10794.815215257659, shape=(), dtype=float64)
nll_grad  cost time: 2.9761605262756348
tf.Tensor(-10794.920564354084, shape=(), dtype=float64)
nll_grad  cost time: 2.8718371391296387
tf.Tensor(-10795.039409408782, shape=(), dtype=float64)
nll_grad  cost time: 2.9219882488250732
tf.Tensor(-10795.131727611944, shape=(), dtype=float64)
nll_grad  cost time: 2.9175872802734375
tf.Tensor(-10795.25783491398, shape=(), dtype=float64)
nll_grad  cost time: 2.9620509147644043
tf.Tensor(-10795.37827683433, shape=(), dtype=float64)
nll_grad  cost time: 3.0530905723571777
tf.Tensor(-10795.471885946507, shape=(), dtype=float64)
nll_grad  cost time: 2.9390947818756104
tf.Tensor(-10795.594769705007, shape=(), dtype=float64)
nll_grad  cost time: 3.012371063232422
tf.Tensor(-10795.736851518457, shape=(), dtype=float64)
nll_grad  cost time: 2.9589271545410156
tf.Tensor(-10795.870167120942, shape=(), dtype=float64)
nll_grad  cost time: 3.030496120452881
tf.Tensor(-10796.004645421504, shape=(), dtype=float64)
nll_grad  cost time: 3.0378310680389404
tf.Tensor(-10796.12207741024, shape=(), dtype=float64)
nll_grad  cost time: 3.0025179386138916
tf.Tensor(-10796.227473481988, shape=(), dtype=float64)
nll_grad  cost time: 2.9331929683685303
tf.Tensor(-10796.310476844505, shape=(), dtype=float64)
nll_grad  cost time: 3.0687241554260254
tf.Tensor(-10796.405265664514, shape=(), dtype=float64)
nll_grad  cost time: 2.9765753746032715
tf.Tensor(-10796.490447191682, shape=(), dtype=float64)
nll_grad  cost time: 2.9776930809020996
tf.Tensor(-10796.596341284952, shape=(), dtype=float64)
nll_grad  cost time: 2.9653806686401367
tf.Tensor(-10796.715899038914, shape=(), dtype=float64)
nll_grad  cost time: 2.9181969165802
tf.Tensor(-10796.833028710025, shape=(), dtype=float64)
nll_grad  cost time: 2.970993995666504
tf.Tensor(-10796.954222357985, shape=(), dtype=float64)
nll_grad  cost time: 2.9348134994506836
tf.Tensor(-10797.103321450035, shape=(), dtype=float64)
nll_grad  cost time: 2.89699649810791
tf.Tensor(-10797.287051024861, shape=(), dtype=float64)
nll_grad  cost time: 2.903928518295288
tf.Tensor(-10797.389473604948, shape=(), dtype=float64)
nll_grad  cost time: 3.0036873817443848
tf.Tensor(-10797.524786048525, shape=(), dtype=float64)
nll_grad  cost time: 3.030158042907715
tf.Tensor(-10797.68103833728, shape=(), dtype=float64)
nll_grad  cost time: 2.926288366317749
tf.Tensor(-10797.780990452608, shape=(), dtype=float64)
nll_grad  cost time: 2.9643311500549316
tf.Tensor(-10797.92818548312, shape=(), dtype=float64)
nll_grad  cost time: 2.9377992153167725
tf.Tensor(-10798.08420342394, shape=(), dtype=float64)
nll_grad  cost time: 2.906097173690796
tf.Tensor(-10798.177420343454, shape=(), dtype=float64)
nll_grad  cost time: 2.9033925533294678
tf.Tensor(-10798.312765884664, shape=(), dtype=float64)
nll_grad  cost time: 3.0429868698120117
tf.Tensor(-10798.496527178017, shape=(), dtype=float64)
nll_grad  cost time: 3.0351781845092773
tf.Tensor(-10798.606731837623, shape=(), dtype=float64)
nll_grad  cost time: 2.9621593952178955
tf.Tensor(-10798.767664930034, shape=(), dtype=float64)
nll_grad  cost time: 3.048372268676758
tf.Tensor(-10798.957432656447, shape=(), dtype=float64)
nll_grad  cost time: 3.1661598682403564
tf.Tensor(-10799.133784869067, shape=(), dtype=float64)
nll_grad  cost time: 3.0415573120117188
tf.Tensor(-10799.226354159422, shape=(), dtype=float64)
nll_grad  cost time: 3.051323890686035
tf.Tensor(-10799.380703648945, shape=(), dtype=float64)
nll_grad  cost time: 3.0846829414367676
tf.Tensor(-10799.62529536101, shape=(), dtype=float64)
nll_grad  cost time: 3.082592010498047
tf.Tensor(-10799.896424886545, shape=(), dtype=float64)
nll_grad  cost time: 3.112731695175171
tf.Tensor(-10800.114668824492, shape=(), dtype=float64)
nll_grad  cost time: 3.0478150844573975
tf.Tensor(-10800.275889582335, shape=(), dtype=float64)
nll_grad  cost time: 3.096043348312378
tf.Tensor(-10800.461228002736, shape=(), dtype=float64)
nll_grad  cost time: 2.9712953567504883
tf.Tensor(-10800.639961269124, shape=(), dtype=float64)
nll_grad  cost time: 2.9598910808563232
tf.Tensor(-10800.806681265065, shape=(), dtype=float64)
nll_grad  cost time: 3.046217918395996
tf.Tensor(-10800.905229654185, shape=(), dtype=float64)
nll_grad  cost time: 3.0571014881134033
tf.Tensor(-10801.039396722852, shape=(), dtype=float64)
nll_grad  cost time: 3.1243388652801514
tf.Tensor(-10801.104274837737, shape=(), dtype=float64)
nll_grad  cost time: 2.925973415374756
tf.Tensor(-10801.191510191078, shape=(), dtype=float64)
nll_grad  cost time: 2.8928396701812744
tf.Tensor(-10801.272424517025, shape=(), dtype=float64)
nll_grad  cost time: 2.8909645080566406
tf.Tensor(-10801.323850888344, shape=(), dtype=float64)
nll_grad  cost time: 3.003448009490967
tf.Tensor(-10801.396470484506, shape=(), dtype=float64)
nll_grad  cost time: 3.0737032890319824
tf.Tensor(-10801.456314241761, shape=(), dtype=float64)
nll_grad  cost time: 2.9724514484405518
tf.Tensor(-10801.501440928543, shape=(), dtype=float64)
nll_grad  cost time: 2.9781711101531982
tf.Tensor(-10801.54779841817, shape=(), dtype=float64)
nll_grad  cost time: 2.924206495285034
tf.Tensor(-10801.59261101234, shape=(), dtype=float64)
nll_grad  cost time: 2.9013960361480713
tf.Tensor(-10801.642389517809, shape=(), dtype=float64)
nll_grad  cost time: 2.891263008117676
tf.Tensor(-10801.693434731227, shape=(), dtype=float64)
nll_grad  cost time: 2.853043556213379
tf.Tensor(-10801.725679407638, shape=(), dtype=float64)
nll_grad  cost time: 2.8775546550750732
tf.Tensor(-10801.760744561478, shape=(), dtype=float64)
nll_grad  cost time: 2.8594233989715576
tf.Tensor(-10801.793008001849, shape=(), dtype=float64)
nll_grad  cost time: 2.893622636795044
tf.Tensor(-10801.81961047007, shape=(), dtype=float64)
nll_grad  cost time: 2.9021358489990234
tf.Tensor(-10801.840279031057, shape=(), dtype=float64)
nll_grad  cost time: 2.823975086212158
tf.Tensor(-10801.864756323404, shape=(), dtype=float64)
nll_grad  cost time: 2.8272552490234375
tf.Tensor(-10801.890936443036, shape=(), dtype=float64)
nll_grad  cost time: 2.9101130962371826
tf.Tensor(-10801.919783047131, shape=(), dtype=float64)
nll_grad  cost time: 2.895766496658325
tf.Tensor(-10801.948798614569, shape=(), dtype=float64)
nll_grad  cost time: 2.8717470169067383
tf.Tensor(-10801.97535175756, shape=(), dtype=float64)
nll_grad  cost time: 3.1339330673217773
tf.Tensor(-10802.00085318659, shape=(), dtype=float64)
nll_grad  cost time: 2.9222002029418945
tf.Tensor(-10802.027718667654, shape=(), dtype=float64)
nll_grad  cost time: 2.843689203262329
tf.Tensor(-10802.05825333397, shape=(), dtype=float64)
nll_grad  cost time: 2.8906028270721436
tf.Tensor(-10802.086867349484, shape=(), dtype=float64)
nll_grad  cost time: 3.102607488632202
tf.Tensor(-10802.108346692366, shape=(), dtype=float64)
nll_grad  cost time: 2.9248545169830322
tf.Tensor(-10802.125326901187, shape=(), dtype=float64)
nll_grad  cost time: 2.8315653800964355
tf.Tensor(-10802.141679006534, shape=(), dtype=float64)
nll_grad  cost time: 3.123399019241333
tf.Tensor(-10802.15631297516, shape=(), dtype=float64)
nll_grad  cost time: 2.890195608139038
tf.Tensor(-10802.173819967931, shape=(), dtype=float64)
nll_grad  cost time: 2.9399890899658203
tf.Tensor(-10802.193658251323, shape=(), dtype=float64)
nll_grad  cost time: 2.867501974105835
tf.Tensor(-10802.204636119997, shape=(), dtype=float64)
nll_grad  cost time: 2.855397939682007
tf.Tensor(-10802.214069609327, shape=(), dtype=float64)
nll_grad  cost time: 2.849489212036133
tf.Tensor(-10802.22249241612, shape=(), dtype=float64)
nll_grad  cost time: 2.8517627716064453
tf.Tensor(-10802.231188993406, shape=(), dtype=float64)
nll_grad  cost time: 2.8956077098846436
tf.Tensor(-10802.239481691518, shape=(), dtype=float64)
nll_grad  cost time: 2.926403284072876
tf.Tensor(-10802.245781633734, shape=(), dtype=float64)
nll_grad  cost time: 2.8666470050811768
tf.Tensor(-10802.2517298694, shape=(), dtype=float64)
nll_grad  cost time: 2.834106683731079
tf.Tensor(-10802.259016915254, shape=(), dtype=float64)
nll_grad  cost time: 2.8865292072296143
tf.Tensor(-10802.26499619188, shape=(), dtype=float64)
nll_grad  cost time: 2.912520408630371
tf.Tensor(-10802.270749844407, shape=(), dtype=float64)
nll_grad  cost time: 2.9961163997650146
tf.Tensor(-10802.278156972076, shape=(), dtype=float64)
nll_grad  cost time: 2.805143356323242
tf.Tensor(-10802.285325102159, shape=(), dtype=float64)
nll_grad  cost time: 2.7933223247528076
tf.Tensor(-10802.292125782122, shape=(), dtype=float64)
nll_grad  cost time: 2.8121068477630615
tf.Tensor(-10802.297643934755, shape=(), dtype=float64)
nll_grad  cost time: 2.8126919269561768
tf.Tensor(-10802.302673526145, shape=(), dtype=float64)
nll_grad  cost time: 2.862882614135742
tf.Tensor(-10802.307698354176, shape=(), dtype=float64)
nll_grad  cost time: 2.8242833614349365
tf.Tensor(-10802.312045198865, shape=(), dtype=float64)
nll_grad  cost time: 2.776909589767456
tf.Tensor(-10802.315607452365, shape=(), dtype=float64)
nll_grad  cost time: 2.8880300521850586
tf.Tensor(-10802.31900509516, shape=(), dtype=float64)
nll_grad  cost time: 2.98329496383667
tf.Tensor(-10802.32294413133, shape=(), dtype=float64)
nll_grad  cost time: 2.9541425704956055
tf.Tensor(-10802.327157858366, shape=(), dtype=float64)
nll_grad  cost time: 2.8637187480926514
tf.Tensor(-10802.331380382602, shape=(), dtype=float64)
nll_grad  cost time: 2.8518598079681396
tf.Tensor(-10802.335478440516, shape=(), dtype=float64)
nll_grad  cost time: 2.8485844135284424
tf.Tensor(-10802.339326515896, shape=(), dtype=float64)
nll_grad  cost time: 2.846486806869507
tf.Tensor(-10802.34293860945, shape=(), dtype=float64)
nll_grad  cost time: 2.8870997428894043
tf.Tensor(-10802.34643226915, shape=(), dtype=float64)
nll_grad  cost time: 2.819742202758789
tf.Tensor(-10802.34975119662, shape=(), dtype=float64)
nll_grad  cost time: 2.8609695434570312
tf.Tensor(-10802.35260560509, shape=(), dtype=float64)
nll_grad  cost time: 2.903989553451538
tf.Tensor(-10802.355658798042, shape=(), dtype=float64)
nll_grad  cost time: 2.8574600219726562
tf.Tensor(-10802.35899937353, shape=(), dtype=float64)
nll_grad  cost time: 2.8277039527893066
tf.Tensor(-10802.362469883941, shape=(), dtype=float64)
nll_grad  cost time: 3.052961587905884
tf.Tensor(-10802.366871993196, shape=(), dtype=float64)
nll_grad  cost time: 2.944654941558838
tf.Tensor(-10802.372506131818, shape=(), dtype=float64)
nll_grad  cost time: 2.946558713912964
tf.Tensor(-10802.37879435625, shape=(), dtype=float64)
nll_grad  cost time: 2.945578098297119
tf.Tensor(-10802.384942111938, shape=(), dtype=float64)
nll_grad  cost time: 2.9331815242767334
tf.Tensor(-10802.390554619778, shape=(), dtype=float64)
nll_grad  cost time: 3.051705837249756
tf.Tensor(-10802.395418590517, shape=(), dtype=float64)
nll_grad  cost time: 2.828728199005127
tf.Tensor(-10802.399876934578, shape=(), dtype=float64)
nll_grad  cost time: 2.918617010116577
tf.Tensor(-10802.403874050971, shape=(), dtype=float64)
nll_grad  cost time: 2.921778440475464
tf.Tensor(-10802.407417282171, shape=(), dtype=float64)
nll_grad  cost time: 2.868919610977173
tf.Tensor(-10802.410413480196, shape=(), dtype=float64)
nll_grad  cost time: 2.927009344100952
tf.Tensor(-10802.413212316671, shape=(), dtype=float64)
nll_grad  cost time: 2.918031930923462
tf.Tensor(-10802.416201324777, shape=(), dtype=float64)
nll_grad  cost time: 2.860114574432373
tf.Tensor(-10802.419964590248, shape=(), dtype=float64)
nll_grad  cost time: 2.844513416290283
tf.Tensor(-10802.424093704663, shape=(), dtype=float64)
nll_grad  cost time: 2.8935084342956543
tf.Tensor(-10802.428090371104, shape=(), dtype=float64)
nll_grad  cost time: 2.9483425617218018
tf.Tensor(-10802.431610289656, shape=(), dtype=float64)
nll_grad  cost time: 2.8659980297088623
tf.Tensor(-10802.435172242702, shape=(), dtype=float64)
nll_grad  cost time: 2.9163286685943604
tf.Tensor(-10802.438787489788, shape=(), dtype=float64)
nll_grad  cost time: 2.966405153274536
tf.Tensor(-10802.442420225612, shape=(), dtype=float64)
nll_grad  cost time: 2.8312668800354004
tf.Tensor(-10802.445981469245, shape=(), dtype=float64)
nll_grad  cost time: 2.9013257026672363
tf.Tensor(-10802.449796777488, shape=(), dtype=float64)
nll_grad  cost time: 3.029202938079834
tf.Tensor(-10802.454169928344, shape=(), dtype=float64)
nll_grad  cost time: 2.8619961738586426
tf.Tensor(-10802.458720689887, shape=(), dtype=float64)
nll_grad  cost time: 2.891876697540283
tf.Tensor(-10802.463088310724, shape=(), dtype=float64)
nll_grad  cost time: 2.9068210124969482
tf.Tensor(-10802.467242516432, shape=(), dtype=float64)
nll_grad  cost time: 2.940157651901245
tf.Tensor(-10802.47211517096, shape=(), dtype=float64)
nll_grad  cost time: 2.8602347373962402
tf.Tensor(-10802.47787551336, shape=(), dtype=float64)
nll_grad  cost time: 2.9080801010131836
tf.Tensor(-10802.482034585293, shape=(), dtype=float64)
nll_grad  cost time: 2.8817965984344482
tf.Tensor(-10802.488051079832, shape=(), dtype=float64)
nll_grad  cost time: 2.87265944480896
tf.Tensor(-10802.495184582185, shape=(), dtype=float64)
nll_grad  cost time: 2.865668773651123
tf.Tensor(-10802.502890130112, shape=(), dtype=float64)
nll_grad  cost time: 2.8047239780426025
tf.Tensor(-10802.510652410994, shape=(), dtype=float64)
nll_grad  cost time: 2.8853673934936523
tf.Tensor(-10802.521118795892, shape=(), dtype=float64)
nll_grad  cost time: 2.840751886367798
tf.Tensor(-10802.535814556439, shape=(), dtype=float64)
nll_grad  cost time: 2.8497517108917236
tf.Tensor(-10802.545603800798, shape=(), dtype=float64)
nll_grad  cost time: 2.8257203102111816
tf.Tensor(-10802.560123889954, shape=(), dtype=float64)
nll_grad  cost time: 2.8631200790405273
tf.Tensor(-10802.580675431993, shape=(), dtype=float64)
nll_grad  cost time: 2.897716999053955
tf.Tensor(-10802.611748048192, shape=(), dtype=float64)
nll_grad  cost time: 2.824755907058716
nll_grad  cost time: 2.849280595779419
tf.Tensor(-10802.636082749617, shape=(), dtype=float64)
nll_grad  cost time: 2.8629214763641357
tf.Tensor(-10802.668230386422, shape=(), dtype=float64)
nll_grad  cost time: 2.996750593185425
tf.Tensor(-10802.682966464447, shape=(), dtype=float64)
nll_grad  cost time: 2.9143283367156982
tf.Tensor(-10802.704605393978, shape=(), dtype=float64)
nll_grad  cost time: 2.89338755607605
tf.Tensor(-10802.72598436111, shape=(), dtype=float64)
nll_grad  cost time: 2.840392589569092
tf.Tensor(-10802.746085115614, shape=(), dtype=float64)
nll_grad  cost time: 2.857287883758545
tf.Tensor(-10802.770527650282, shape=(), dtype=float64)
nll_grad  cost time: 2.9274191856384277
tf.Tensor(-10802.804921149771, shape=(), dtype=float64)
nll_grad  cost time: 2.830643653869629
tf.Tensor(-10802.838813262395, shape=(), dtype=float64)
nll_grad  cost time: 2.8244268894195557
tf.Tensor(-10802.877338895574, shape=(), dtype=float64)
nll_grad  cost time: 2.892697811126709
tf.Tensor(-10802.915589053082, shape=(), dtype=float64)
nll_grad  cost time: 2.9511218070983887
tf.Tensor(-10802.94962191186, shape=(), dtype=float64)
nll_grad  cost time: 2.854607105255127
tf.Tensor(-10802.993490751935, shape=(), dtype=float64)
nll_grad  cost time: 2.751575469970703
tf.Tensor(-10803.028112260152, shape=(), dtype=float64)
nll_grad  cost time: 2.824726104736328
tf.Tensor(-10803.061243382108, shape=(), dtype=float64)
nll_grad  cost time: 2.8624300956726074
tf.Tensor(-10803.091872040866, shape=(), dtype=float64)
nll_grad  cost time: 2.819467306137085
tf.Tensor(-10803.125687675158, shape=(), dtype=float64)
nll_grad  cost time: 2.858616828918457
tf.Tensor(-10803.160274845126, shape=(), dtype=float64)
nll_grad  cost time: 2.860102415084839
tf.Tensor(-10803.190091139404, shape=(), dtype=float64)
nll_grad  cost time: 2.8061654567718506
tf.Tensor(-10803.225589621143, shape=(), dtype=float64)
nll_grad  cost time: 2.8273768424987793
tf.Tensor(-10803.255406092503, shape=(), dtype=float64)
nll_grad  cost time: 2.847356081008911
tf.Tensor(-10803.280143910466, shape=(), dtype=float64)
nll_grad  cost time: 2.8597192764282227
tf.Tensor(-10803.302091727463, shape=(), dtype=float64)
nll_grad  cost time: 2.9906349182128906
tf.Tensor(-10803.327014829338, shape=(), dtype=float64)
nll_grad  cost time: 3.408184289932251
tf.Tensor(-10803.350350203487, shape=(), dtype=float64)
nll_grad  cost time: 3.05086612701416
tf.Tensor(-10803.37070674439, shape=(), dtype=float64)
nll_grad  cost time: 2.8907310962677
tf.Tensor(-10803.384031594753, shape=(), dtype=float64)
nll_grad  cost time: 2.8738622665405273
tf.Tensor(-10803.403000198312, shape=(), dtype=float64)
nll_grad  cost time: 2.914297580718994
tf.Tensor(-10803.42435457425, shape=(), dtype=float64)
nll_grad  cost time: 2.7960808277130127
tf.Tensor(-10803.44501563759, shape=(), dtype=float64)
nll_grad  cost time: 2.8976690769195557
tf.Tensor(-10803.473184445284, shape=(), dtype=float64)
nll_grad  cost time: 2.914576768875122
tf.Tensor(-10803.499074568324, shape=(), dtype=float64)
nll_grad  cost time: 2.838350296020508
tf.Tensor(-10803.520877592455, shape=(), dtype=float64)
nll_grad  cost time: 2.894007921218872
tf.Tensor(-10803.542004678122, shape=(), dtype=float64)
nll_grad  cost time: 2.845992088317871
tf.Tensor(-10803.56616425811, shape=(), dtype=float64)
nll_grad  cost time: 2.898665189743042
tf.Tensor(-10803.601638849155, shape=(), dtype=float64)
nll_grad  cost time: 2.898857593536377
tf.Tensor(-10803.647251417482, shape=(), dtype=float64)
nll_grad  cost time: 2.8967833518981934
tf.Tensor(-10803.698048675324, shape=(), dtype=float64)
nll_grad  cost time: 2.977396249771118
tf.Tensor(-10803.74805899294, shape=(), dtype=float64)
nll_grad  cost time: 3.1371164321899414
tf.Tensor(-10803.806011357134, shape=(), dtype=float64)
nll_grad  cost time: 3.270974636077881
tf.Tensor(-10803.866950050557, shape=(), dtype=float64)
nll_grad  cost time: 3.0926263332366943
tf.Tensor(-10803.925944085502, shape=(), dtype=float64)
nll_grad  cost time: 3.101780414581299
tf.Tensor(-10803.973748980396, shape=(), dtype=float64)
nll_grad  cost time: 3.1043734550476074
tf.Tensor(-10804.012281096584, shape=(), dtype=float64)
nll_grad  cost time: 3.131132125854492
tf.Tensor(-10804.039407451382, shape=(), dtype=float64)
nll_grad  cost time: 2.8974287509918213
tf.Tensor(-10804.080505914695, shape=(), dtype=float64)
nll_grad  cost time: 2.9542295932769775
tf.Tensor(-10804.14174008646, shape=(), dtype=float64)
nll_grad  cost time: 2.946817636489868
tf.Tensor(-10804.226454329393, shape=(), dtype=float64)
nll_grad  cost time: 3.0899105072021484
tf.Tensor(-10804.30095631659, shape=(), dtype=float64)
nll_grad  cost time: 2.9153947830200195
tf.Tensor(-10804.389979572072, shape=(), dtype=float64)
nll_grad  cost time: 2.965757369995117
tf.Tensor(-10804.501072397004, shape=(), dtype=float64)
nll_grad  cost time: 2.9022583961486816
tf.Tensor(-10804.593936300123, shape=(), dtype=float64)
nll_grad  cost time: 2.990330696105957
tf.Tensor(-10804.647577322474, shape=(), dtype=float64)
nll_grad  cost time: 3.180001735687256
tf.Tensor(-10804.692893248917, shape=(), dtype=float64)
nll_grad  cost time: 3.0902769565582275
tf.Tensor(-10804.734334042565, shape=(), dtype=float64)
nll_grad  cost time: 3.160994291305542
tf.Tensor(-10804.781233193491, shape=(), dtype=float64)
nll_grad  cost time: 3.006466865539551
tf.Tensor(-10804.829788343435, shape=(), dtype=float64)
nll_grad  cost time: 3.0376741886138916
tf.Tensor(-10804.887811159831, shape=(), dtype=float64)
nll_grad  cost time: 2.932323694229126
tf.Tensor(-10804.960652853988, shape=(), dtype=float64)
nll_grad  cost time: 2.9523558616638184
tf.Tensor(-10805.056256122123, shape=(), dtype=float64)
nll_grad  cost time: 2.866928815841675
tf.Tensor(-10805.138290934825, shape=(), dtype=float64)
nll_grad  cost time: 2.9709272384643555
tf.Tensor(-10805.231169184779, shape=(), dtype=float64)
nll_grad  cost time: 2.9357423782348633
tf.Tensor(-10805.331275261837, shape=(), dtype=float64)
nll_grad  cost time: 3.0615763664245605
tf.Tensor(-10805.452801291627, shape=(), dtype=float64)
nll_grad  cost time: 2.9985549449920654
tf.Tensor(-10805.592265800718, shape=(), dtype=float64)
nll_grad  cost time: 2.9838106632232666
tf.Tensor(-10805.74085525587, shape=(), dtype=float64)
nll_grad  cost time: 2.92641282081604
tf.Tensor(-10805.899202137363, shape=(), dtype=float64)
nll_grad  cost time: 2.868640899658203
tf.Tensor(-10806.062217943756, shape=(), dtype=float64)
nll_grad  cost time: 2.8985860347747803
tf.Tensor(-10806.226415249599, shape=(), dtype=float64)
nll_grad  cost time: 2.8008968830108643
tf.Tensor(-10806.348656970731, shape=(), dtype=float64)
nll_grad  cost time: 2.7988874912261963
tf.Tensor(-10806.469218219383, shape=(), dtype=float64)
nll_grad  cost time: 2.823683261871338
tf.Tensor(-10806.617063607067, shape=(), dtype=float64)
nll_grad  cost time: 2.870269775390625
tf.Tensor(-10806.76563157214, shape=(), dtype=float64)
nll_grad  cost time: 2.8227806091308594
tf.Tensor(-10806.916961249794, shape=(), dtype=float64)
nll_grad  cost time: 2.7771527767181396
tf.Tensor(-10807.07407380845, shape=(), dtype=float64)
nll_grad  cost time: 2.8516836166381836
tf.Tensor(-10807.22519951262, shape=(), dtype=float64)
nll_grad  cost time: 2.8377580642700195
tf.Tensor(-10807.407525619543, shape=(), dtype=float64)
nll_grad  cost time: 2.8006229400634766
tf.Tensor(-10807.595522759824, shape=(), dtype=float64)
nll_grad  cost time: 2.8658552169799805
tf.Tensor(-10807.749654208019, shape=(), dtype=float64)
nll_grad  cost time: 2.9685730934143066
tf.Tensor(-10807.901990684877, shape=(), dtype=float64)
nll_grad  cost time: 2.8760159015655518
tf.Tensor(-10808.073825897627, shape=(), dtype=float64)
nll_grad  cost time: 2.9060916900634766
tf.Tensor(-10808.237009663113, shape=(), dtype=float64)
nll_grad  cost time: 2.938952922821045
tf.Tensor(-10808.381344921065, shape=(), dtype=float64)
nll_grad  cost time: 2.8674490451812744
tf.Tensor(-10808.486206364629, shape=(), dtype=float64)
nll_grad  cost time: 2.9590249061584473
tf.Tensor(-10808.579727777156, shape=(), dtype=float64)
nll_grad  cost time: 2.9950647354125977
tf.Tensor(-10808.665276116415, shape=(), dtype=float64)
nll_grad  cost time: 2.9109129905700684
tf.Tensor(-10808.754293079532, shape=(), dtype=float64)
nll_grad  cost time: 2.9406533241271973
tf.Tensor(-10808.871081601123, shape=(), dtype=float64)
nll_grad  cost time: 3.041454792022705
tf.Tensor(-10808.972890028956, shape=(), dtype=float64)
nll_grad  cost time: 3.041436195373535
tf.Tensor(-10809.090324972181, shape=(), dtype=float64)
nll_grad  cost time: 3.0662970542907715
tf.Tensor(-10809.23327185811, shape=(), dtype=float64)
nll_grad  cost time: 2.974517822265625
tf.Tensor(-10809.367699266826, shape=(), dtype=float64)
nll_grad  cost time: 3.000481128692627
tf.Tensor(-10809.47824279387, shape=(), dtype=float64)
nll_grad  cost time: 2.975348949432373
tf.Tensor(-10809.572884481997, shape=(), dtype=float64)
nll_grad  cost time: 2.9312357902526855
tf.Tensor(-10809.663209224942, shape=(), dtype=float64)
nll_grad  cost time: 3.0475223064422607
tf.Tensor(-10809.717371899227, shape=(), dtype=float64)
nll_grad  cost time: 2.9981367588043213
tf.Tensor(-10809.79195382401, shape=(), dtype=float64)
nll_grad  cost time: 2.9980454444885254
tf.Tensor(-10809.875965581865, shape=(), dtype=float64)
nll_grad  cost time: 3.090208053588867
tf.Tensor(-10809.92812783904, shape=(), dtype=float64)
nll_grad  cost time: 3.017953395843506
tf.Tensor(-10809.996420031646, shape=(), dtype=float64)
nll_grad  cost time: 2.9689559936523438
tf.Tensor(-10810.071893421715, shape=(), dtype=float64)
nll_grad  cost time: 2.9739303588867188
tf.Tensor(-10810.132377715767, shape=(), dtype=float64)
nll_grad  cost time: 2.9356229305267334
tf.Tensor(-10810.192305231358, shape=(), dtype=float64)
nll_grad  cost time: 2.9107320308685303
tf.Tensor(-10810.24831661836, shape=(), dtype=float64)
nll_grad  cost time: 3.116915464401245
tf.Tensor(-10810.29802999265, shape=(), dtype=float64)
nll_grad  cost time: 2.9450714588165283
tf.Tensor(-10810.345488487823, shape=(), dtype=float64)
nll_grad  cost time: 2.879622220993042
tf.Tensor(-10810.390417377981, shape=(), dtype=float64)
nll_grad  cost time: 2.8290185928344727
tf.Tensor(-10810.443521518377, shape=(), dtype=float64)
nll_grad  cost time: 2.854217052459717
tf.Tensor(-10810.476010085455, shape=(), dtype=float64)
nll_grad  cost time: 2.9306509494781494
tf.Tensor(-10810.49975745794, shape=(), dtype=float64)
nll_grad  cost time: 2.799713611602783
tf.Tensor(-10810.519044671004, shape=(), dtype=float64)
nll_grad  cost time: 2.837975263595581
tf.Tensor(-10810.54217951175, shape=(), dtype=float64)
nll_grad  cost time: 2.8212931156158447
tf.Tensor(-10810.573647043668, shape=(), dtype=float64)
nll_grad  cost time: 2.817974328994751
tf.Tensor(-10810.61672805369, shape=(), dtype=float64)
nll_grad  cost time: 2.815894842147827
tf.Tensor(-10810.665441213008, shape=(), dtype=float64)
nll_grad  cost time: 2.818859577178955
tf.Tensor(-10810.705623789632, shape=(), dtype=float64)
nll_grad  cost time: 2.862539529800415
tf.Tensor(-10810.758639518841, shape=(), dtype=float64)
nll_grad  cost time: 2.852106809616089
tf.Tensor(-10810.827030787244, shape=(), dtype=float64)
nll_grad  cost time: 2.817091703414917
tf.Tensor(-10810.88524939469, shape=(), dtype=float64)
nll_grad  cost time: 2.900583028793335
tf.Tensor(-10810.92703921142, shape=(), dtype=float64)
nll_grad  cost time: 2.7926642894744873
tf.Tensor(-10810.965369821293, shape=(), dtype=float64)
nll_grad  cost time: 2.8017213344573975
tf.Tensor(-10811.000529904835, shape=(), dtype=float64)
nll_grad  cost time: 2.8471105098724365
tf.Tensor(-10811.041574494346, shape=(), dtype=float64)
nll_grad  cost time: 2.856733798980713
tf.Tensor(-10811.097014119558, shape=(), dtype=float64)
nll_grad  cost time: 2.8230621814727783
tf.Tensor(-10811.134927819294, shape=(), dtype=float64)
nll_grad  cost time: 2.979985237121582
tf.Tensor(-10811.157762688417, shape=(), dtype=float64)
nll_grad  cost time: 2.931410312652588
tf.Tensor(-10811.179348669066, shape=(), dtype=float64)
nll_grad  cost time: 2.866623640060425
tf.Tensor(-10811.202681920135, shape=(), dtype=float64)
nll_grad  cost time: 2.871635675430298
tf.Tensor(-10811.227931208101, shape=(), dtype=float64)
nll_grad  cost time: 2.8576924800872803
tf.Tensor(-10811.255919166106, shape=(), dtype=float64)
nll_grad  cost time: 2.9598500728607178
tf.Tensor(-10811.29114181054, shape=(), dtype=float64)
nll_grad  cost time: 2.8237924575805664
tf.Tensor(-10811.33310765051, shape=(), dtype=float64)
nll_grad  cost time: 2.8079946041107178
tf.Tensor(-10811.366000789778, shape=(), dtype=float64)
nll_grad  cost time: 2.8292269706726074
tf.Tensor(-10811.406797109223, shape=(), dtype=float64)
nll_grad  cost time: 2.883730173110962
tf.Tensor(-10811.446469699433, shape=(), dtype=float64)
nll_grad  cost time: 2.889613628387451
tf.Tensor(-10811.476394880698, shape=(), dtype=float64)
nll_grad  cost time: 2.821052312850952
tf.Tensor(-10811.518571131754, shape=(), dtype=float64)
nll_grad  cost time: 2.9442007541656494
tf.Tensor(-10811.58294291878, shape=(), dtype=float64)
nll_grad  cost time: 2.8278040885925293
tf.Tensor(-10811.64401653071, shape=(), dtype=float64)
nll_grad  cost time: 2.848850965499878
tf.Tensor(-10811.682320782642, shape=(), dtype=float64)
nll_grad  cost time: 2.9387567043304443
tf.Tensor(-10811.732229714653, shape=(), dtype=float64)
nll_grad  cost time: 2.82584547996521
tf.Tensor(-10811.794730733196, shape=(), dtype=float64)
nll_grad  cost time: 2.843031883239746
tf.Tensor(-10811.852520032284, shape=(), dtype=float64)
nll_grad  cost time: 2.819005012512207
tf.Tensor(-10811.91542384445, shape=(), dtype=float64)
nll_grad  cost time: 2.928297758102417
tf.Tensor(-10811.984342302567, shape=(), dtype=float64)
nll_grad  cost time: 2.8888416290283203
tf.Tensor(-10812.049891527244, shape=(), dtype=float64)
nll_grad  cost time: 3.0891330242156982
tf.Tensor(-10812.112734843155, shape=(), dtype=float64)
nll_grad  cost time: 2.9480831623077393
tf.Tensor(-10812.190846066263, shape=(), dtype=float64)
nll_grad  cost time: 2.86299204826355
tf.Tensor(-10812.284516238127, shape=(), dtype=float64)
nll_grad  cost time: 2.9240882396698
tf.Tensor(-10812.395381773444, shape=(), dtype=float64)
nll_grad  cost time: 3.02809739112854
tf.Tensor(-10812.483215859014, shape=(), dtype=float64)
nll_grad  cost time: 2.897106885910034
tf.Tensor(-10812.597206706287, shape=(), dtype=float64)
nll_grad  cost time: 2.9573254585266113
tf.Tensor(-10812.69635027097, shape=(), dtype=float64)
nll_grad  cost time: 2.9772305488586426
tf.Tensor(-10812.817657728341, shape=(), dtype=float64)
nll_grad  cost time: 3.0508944988250732
tf.Tensor(-10812.920482096128, shape=(), dtype=float64)
nll_grad  cost time: 2.9296586513519287
tf.Tensor(-10813.010221618493, shape=(), dtype=float64)
nll_grad  cost time: 2.9418442249298096
tf.Tensor(-10813.0973624184, shape=(), dtype=float64)
nll_grad  cost time: 2.9650089740753174
tf.Tensor(-10813.17650753372, shape=(), dtype=float64)
nll_grad  cost time: 2.9581780433654785
tf.Tensor(-10813.260654084326, shape=(), dtype=float64)
nll_grad  cost time: 2.867480516433716
tf.Tensor(-10813.31717325619, shape=(), dtype=float64)
nll_grad  cost time: 3.0240962505340576
tf.Tensor(-10813.376859568034, shape=(), dtype=float64)
nll_grad  cost time: 2.9279580116271973
tf.Tensor(-10813.407717151804, shape=(), dtype=float64)
nll_grad  cost time: 2.8686912059783936
tf.Tensor(-10813.450922633274, shape=(), dtype=float64)
nll_grad  cost time: 2.9551985263824463
tf.Tensor(-10813.497174600634, shape=(), dtype=float64)
nll_grad  cost time: 2.915776491165161
tf.Tensor(-10813.532118563893, shape=(), dtype=float64)
nll_grad  cost time: 2.851386547088623
tf.Tensor(-10813.560329786385, shape=(), dtype=float64)
nll_grad  cost time: 2.9728169441223145
tf.Tensor(-10813.595325776882, shape=(), dtype=float64)
nll_grad  cost time: 2.923022985458374
tf.Tensor(-10813.62905952561, shape=(), dtype=float64)
nll_grad  cost time: 2.918529748916626
tf.Tensor(-10813.655791116988, shape=(), dtype=float64)
nll_grad  cost time: 3.001758337020874
tf.Tensor(-10813.685778491636, shape=(), dtype=float64)
nll_grad  cost time: 3.0008809566497803
tf.Tensor(-10813.7141458632, shape=(), dtype=float64)
nll_grad  cost time: 3.0869853496551514
tf.Tensor(-10813.74881533413, shape=(), dtype=float64)
nll_grad  cost time: 2.9676406383514404
tf.Tensor(-10813.788405857511, shape=(), dtype=float64)
nll_grad  cost time: 2.92960262298584
tf.Tensor(-10813.813446167664, shape=(), dtype=float64)
nll_grad  cost time: 3.011411428451538
tf.Tensor(-10813.838723834058, shape=(), dtype=float64)
nll_grad  cost time: 3.064758777618408
tf.Tensor(-10813.86396418907, shape=(), dtype=float64)
nll_grad  cost time: 3.02565336227417
tf.Tensor(-10813.88212157719, shape=(), dtype=float64)
nll_grad  cost time: 3.014209270477295
tf.Tensor(-10813.902266963167, shape=(), dtype=float64)
nll_grad  cost time: 2.8566038608551025
tf.Tensor(-10813.923477966055, shape=(), dtype=float64)
nll_grad  cost time: 2.903665781021118
tf.Tensor(-10813.945172695152, shape=(), dtype=float64)
nll_grad  cost time: 2.9882636070251465
tf.Tensor(-10813.968408977998, shape=(), dtype=float64)
nll_grad  cost time: 3.0599782466888428
tf.Tensor(-10813.988956214827, shape=(), dtype=float64)
nll_grad  cost time: 3.0714449882507324
tf.Tensor(-10814.001119211178, shape=(), dtype=float64)
nll_grad  cost time: 3.049588203430176
tf.Tensor(-10814.013003039268, shape=(), dtype=float64)
nll_grad  cost time: 3.1662158966064453
tf.Tensor(-10814.029613281742, shape=(), dtype=float64)
nll_grad  cost time: 3.057035207748413
tf.Tensor(-10814.053775111548, shape=(), dtype=float64)
nll_grad  cost time: 3.1657423973083496
tf.Tensor(-10814.079510770665, shape=(), dtype=float64)
nll_grad  cost time: 2.992563486099243
tf.Tensor(-10814.09491986462, shape=(), dtype=float64)
nll_grad  cost time: 3.0061473846435547
tf.Tensor(-10814.106345932312, shape=(), dtype=float64)
nll_grad  cost time: 3.049304485321045
tf.Tensor(-10814.11524914454, shape=(), dtype=float64)
nll_grad  cost time: 3.0921239852905273
tf.Tensor(-10814.124098725417, shape=(), dtype=float64)
nll_grad  cost time: 3.1450486183166504
tf.Tensor(-10814.133407837726, shape=(), dtype=float64)
nll_grad  cost time: 2.9019393920898438
tf.Tensor(-10814.14459731694, shape=(), dtype=float64)
nll_grad  cost time: 2.910914659500122
tf.Tensor(-10814.157400004227, shape=(), dtype=float64)
nll_grad  cost time: 2.92688250541687
tf.Tensor(-10814.171243676446, shape=(), dtype=float64)
nll_grad  cost time: 2.9458138942718506
tf.Tensor(-10814.18363389061, shape=(), dtype=float64)
nll_grad  cost time: 3.0218307971954346
tf.Tensor(-10814.1936681244, shape=(), dtype=float64)
nll_grad  cost time: 2.9803028106689453
tf.Tensor(-10814.202208165083, shape=(), dtype=float64)
nll_grad  cost time: 2.971341609954834
tf.Tensor(-10814.211004314839, shape=(), dtype=float64)
nll_grad  cost time: 2.91799259185791
tf.Tensor(-10814.222709556216, shape=(), dtype=float64)
nll_grad  cost time: 3.0685040950775146
tf.Tensor(-10814.237765873335, shape=(), dtype=float64)
nll_grad  cost time: 3.3234400749206543
tf.Tensor(-10814.2526107888, shape=(), dtype=float64)
nll_grad  cost time: 2.8864638805389404
tf.Tensor(-10814.26484194092, shape=(), dtype=float64)
nll_grad  cost time: 2.9035181999206543
tf.Tensor(-10814.275759502398, shape=(), dtype=float64)
nll_grad  cost time: 2.918649911880493
tf.Tensor(-10814.287209641134, shape=(), dtype=float64)
nll_grad  cost time: 2.877711057662964
tf.Tensor(-10814.298948203028, shape=(), dtype=float64)
nll_grad  cost time: 3.0615222454071045
tf.Tensor(-10814.310076854752, shape=(), dtype=float64)
nll_grad  cost time: 2.903231382369995
tf.Tensor(-10814.322201411745, shape=(), dtype=float64)
nll_grad  cost time: 2.8791606426239014
tf.Tensor(-10814.334469751684, shape=(), dtype=float64)
nll_grad  cost time: 3.0058562755584717
tf.Tensor(-10814.342818545501, shape=(), dtype=float64)
nll_grad  cost time: 2.981708526611328
tf.Tensor(-10814.35003571229, shape=(), dtype=float64)
nll_grad  cost time: 3.061159133911133
tf.Tensor(-10814.356759304545, shape=(), dtype=float64)
nll_grad  cost time: 2.8751931190490723
tf.Tensor(-10814.364427223638, shape=(), dtype=float64)
nll_grad  cost time: 2.8688714504241943
tf.Tensor(-10814.373129961055, shape=(), dtype=float64)
nll_grad  cost time: 2.92936635017395
tf.Tensor(-10814.383597874377, shape=(), dtype=float64)
nll_grad  cost time: 2.875002145767212
tf.Tensor(-10814.394497302972, shape=(), dtype=float64)
nll_grad  cost time: 2.9150032997131348
tf.Tensor(-10814.405585729204, shape=(), dtype=float64)
nll_grad  cost time: 2.919724941253662
tf.Tensor(-10814.417832243867, shape=(), dtype=float64)
nll_grad  cost time: 2.9755454063415527
tf.Tensor(-10814.432355329674, shape=(), dtype=float64)
nll_grad  cost time: 2.920793294906616
tf.Tensor(-10814.447983350947, shape=(), dtype=float64)
nll_grad  cost time: 2.9350435733795166
tf.Tensor(-10814.460461045383, shape=(), dtype=float64)
nll_grad  cost time: 3.024190902709961
tf.Tensor(-10814.471738440549, shape=(), dtype=float64)
nll_grad  cost time: 2.9999473094940186
tf.Tensor(-10814.480159794195, shape=(), dtype=float64)
nll_grad  cost time: 3.0375728607177734
tf.Tensor(-10814.487924328412, shape=(), dtype=float64)
nll_grad  cost time: 2.9801769256591797
tf.Tensor(-10814.496527809348, shape=(), dtype=float64)
nll_grad  cost time: 3.002537727355957
tf.Tensor(-10814.506187828825, shape=(), dtype=float64)
nll_grad  cost time: 2.9458529949188232
tf.Tensor(-10814.515035053304, shape=(), dtype=float64)
nll_grad  cost time: 2.9632434844970703
tf.Tensor(-10814.52208758486, shape=(), dtype=float64)
nll_grad  cost time: 2.9056499004364014
tf.Tensor(-10814.527451030353, shape=(), dtype=float64)
nll_grad  cost time: 2.8657424449920654
tf.Tensor(-10814.53193629158, shape=(), dtype=float64)
nll_grad  cost time: 2.9890971183776855
tf.Tensor(-10814.536694258837, shape=(), dtype=float64)
nll_grad  cost time: 3.077892780303955
tf.Tensor(-10814.542687666857, shape=(), dtype=float64)
nll_grad  cost time: 2.9117250442504883
tf.Tensor(-10814.550111724799, shape=(), dtype=float64)
nll_grad  cost time: 2.9429690837860107
tf.Tensor(-10814.558569840017, shape=(), dtype=float64)
nll_grad  cost time: 2.8853354454040527
tf.Tensor(-10814.567785143601, shape=(), dtype=float64)
nll_grad  cost time: 2.992781400680542
tf.Tensor(-10814.577435259282, shape=(), dtype=float64)
nll_grad  cost time: 2.9782567024230957
tf.Tensor(-10814.587334043059, shape=(), dtype=float64)
nll_grad  cost time: 2.9626619815826416
tf.Tensor(-10814.599020380294, shape=(), dtype=float64)
nll_grad  cost time: 2.959028720855713
tf.Tensor(-10814.613366402107, shape=(), dtype=float64)
nll_grad  cost time: 2.8227810859680176
tf.Tensor(-10814.631470929424, shape=(), dtype=float64)
nll_grad  cost time: 2.9131369590759277
tf.Tensor(-10814.645362756666, shape=(), dtype=float64)
nll_grad  cost time: 2.925539493560791
tf.Tensor(-10814.65887696121, shape=(), dtype=float64)
nll_grad  cost time: 2.859241008758545
tf.Tensor(-10814.671949361036, shape=(), dtype=float64)
nll_grad  cost time: 2.852553367614746
tf.Tensor(-10814.684329355896, shape=(), dtype=float64)
nll_grad  cost time: 2.845935821533203
tf.Tensor(-10814.695103624934, shape=(), dtype=float64)
nll_grad  cost time: 2.8821072578430176
tf.Tensor(-10814.706607708435, shape=(), dtype=float64)
nll_grad  cost time: 2.859081506729126
tf.Tensor(-10814.714892628046, shape=(), dtype=float64)
nll_grad  cost time: 3.01416015625
tf.Tensor(-10814.72299382482, shape=(), dtype=float64)
nll_grad  cost time: 2.8701093196868896
tf.Tensor(-10814.731679517823, shape=(), dtype=float64)
nll_grad  cost time: 2.846548080444336
tf.Tensor(-10814.74004731379, shape=(), dtype=float64)
nll_grad  cost time: 2.8858323097229004
tf.Tensor(-10814.750668642948, shape=(), dtype=float64)
nll_grad  cost time: 3.000797986984253
tf.Tensor(-10814.761751329064, shape=(), dtype=float64)
nll_grad  cost time: 2.9184987545013428
tf.Tensor(-10814.770905540823, shape=(), dtype=float64)
nll_grad  cost time: 2.905026912689209
tf.Tensor(-10814.780179729543, shape=(), dtype=float64)
nll_grad  cost time: 2.8712527751922607
tf.Tensor(-10814.78971841386, shape=(), dtype=float64)
nll_grad  cost time: 2.9088635444641113
tf.Tensor(-10814.79956229217, shape=(), dtype=float64)
nll_grad  cost time: 2.8914616107940674
tf.Tensor(-10814.811464282207, shape=(), dtype=float64)
nll_grad  cost time: 2.9666383266448975
tf.Tensor(-10814.824973236955, shape=(), dtype=float64)
nll_grad  cost time: 2.9376628398895264
tf.Tensor(-10814.839738663683, shape=(), dtype=float64)
nll_grad  cost time: 2.7837231159210205
tf.Tensor(-10814.857348187266, shape=(), dtype=float64)
nll_grad  cost time: 2.7969248294830322
tf.Tensor(-10814.881340884229, shape=(), dtype=float64)
nll_grad  cost time: 2.903803586959839
tf.Tensor(-10814.911556116258, shape=(), dtype=float64)
nll_grad  cost time: 2.9809584617614746
tf.Tensor(-10814.948709248325, shape=(), dtype=float64)
nll_grad  cost time: 2.9047913551330566
nll_grad  cost time: 2.891937017440796
tf.Tensor(-10814.970875236628, shape=(), dtype=float64)
nll_grad  cost time: 2.925811767578125
tf.Tensor(-10815.005617767802, shape=(), dtype=float64)
nll_grad  cost time: 2.9203121662139893
tf.Tensor(-10815.052393893555, shape=(), dtype=float64)
nll_grad  cost time: 2.9443557262420654
tf.Tensor(-10815.078027243122, shape=(), dtype=float64)
nll_grad  cost time: 2.992417097091675
tf.Tensor(-10815.115926239625, shape=(), dtype=float64)
nll_grad  cost time: 2.9673025608062744
tf.Tensor(-10815.152980463368, shape=(), dtype=float64)
nll_grad  cost time: 3.0032920837402344
tf.Tensor(-10815.182007859792, shape=(), dtype=float64)
nll_grad  cost time: 3.0944693088531494
tf.Tensor(-10815.212779033664, shape=(), dtype=float64)
nll_grad  cost time: 3.1162824630737305
tf.Tensor(-10815.241369380528, shape=(), dtype=float64)
nll_grad  cost time: 3.037379264831543
tf.Tensor(-10815.264411284541, shape=(), dtype=float64)
nll_grad  cost time: 3.0424396991729736
tf.Tensor(-10815.298705137975, shape=(), dtype=float64)
nll_grad  cost time: 2.964043617248535
tf.Tensor(-10815.33402353563, shape=(), dtype=float64)
nll_grad  cost time: 2.981339931488037
tf.Tensor(-10815.368048356231, shape=(), dtype=float64)
nll_grad  cost time: 2.921051502227783
tf.Tensor(-10815.394208354126, shape=(), dtype=float64)
nll_grad  cost time: 2.8641457557678223
tf.Tensor(-10815.427903395677, shape=(), dtype=float64)
nll_grad  cost time: 2.9155631065368652
tf.Tensor(-10815.475418424416, shape=(), dtype=float64)
nll_grad  cost time: 2.8403728008270264
tf.Tensor(-10815.5305887174, shape=(), dtype=float64)
nll_grad  cost time: 2.9229681491851807
tf.Tensor(-10815.595775228445, shape=(), dtype=float64)
nll_grad  cost time: 2.9907069206237793
tf.Tensor(-10815.68026531308, shape=(), dtype=float64)
nll_grad  cost time: 2.959972381591797
nll_grad  cost time: 2.8259077072143555
tf.Tensor(-10815.725300563037, shape=(), dtype=float64)
nll_grad  cost time: 2.935420274734497
tf.Tensor(-10815.799158937298, shape=(), dtype=float64)
nll_grad  cost time: 2.97217059135437
tf.Tensor(-10815.914231994113, shape=(), dtype=float64)
nll_grad  cost time: 3.008655548095703
tf.Tensor(-10816.091896954174, shape=(), dtype=float64)
nll_grad  cost time: 3.178255319595337
tf.Tensor(-10816.328149584022, shape=(), dtype=float64)
nll_grad  cost time: 3.034290075302124
nll_grad  cost time: 2.8926124572753906
tf.Tensor(-10816.463272873661, shape=(), dtype=float64)
nll_grad  cost time: 2.94504714012146
tf.Tensor(-10816.65840355122, shape=(), dtype=float64)
nll_grad  cost time: 3.126011610031128
tf.Tensor(-10816.935310902772, shape=(), dtype=float64)
nll_grad  cost time: 3.0105607509613037
tf.Tensor(-10817.274598173624, shape=(), dtype=float64)
nll_grad  cost time: 3.0871376991271973
nll_grad  cost time: 2.993394374847412
tf.Tensor(-10817.424718242699, shape=(), dtype=float64)
nll_grad  cost time: 2.87119722366333
tf.Tensor(-10817.591977404845, shape=(), dtype=float64)
nll_grad  cost time: 2.925942897796631
tf.Tensor(-10817.759826381856, shape=(), dtype=float64)
nll_grad  cost time: 2.9170572757720947
tf.Tensor(-10817.940204480883, shape=(), dtype=float64)
nll_grad  cost time: 3.0249736309051514
tf.Tensor(-10817.989153375982, shape=(), dtype=float64)
nll_grad  cost time: 2.8749172687530518
tf.Tensor(-10818.074262514525, shape=(), dtype=float64)
nll_grad  cost time: 2.8796732425689697
tf.Tensor(-10818.20949047765, shape=(), dtype=float64)
nll_grad  cost time: 2.9391274452209473
tf.Tensor(-10818.376966685997, shape=(), dtype=float64)
nll_grad  cost time: 2.9760470390319824
tf.Tensor(-10818.427359694459, shape=(), dtype=float64)
nll_grad  cost time: 2.876274347305298
tf.Tensor(-10818.51175664886, shape=(), dtype=float64)
nll_grad  cost time: 2.889009952545166
tf.Tensor(-10818.6371943008, shape=(), dtype=float64)
nll_grad  cost time: 2.9189562797546387
tf.Tensor(-10818.790653608796, shape=(), dtype=float64)
nll_grad  cost time: 2.8829636573791504
tf.Tensor(-10818.886273807328, shape=(), dtype=float64)
nll_grad  cost time: 2.9928691387176514
tf.Tensor(-10819.01647717691, shape=(), dtype=float64)
nll_grad  cost time: 2.9880504608154297
tf.Tensor(-10819.20199607508, shape=(), dtype=float64)
nll_grad  cost time: 2.880506992340088
tf.Tensor(-10819.403144831109, shape=(), dtype=float64)
nll_grad  cost time: 2.9276046752929688
tf.Tensor(-10819.595833593947, shape=(), dtype=float64)
nll_grad  cost time: 3.006120204925537
tf.Tensor(-10819.723511807908, shape=(), dtype=float64)
nll_grad  cost time: 2.926565647125244
tf.Tensor(-10819.875624489727, shape=(), dtype=float64)
nll_grad  cost time: 2.8547492027282715
tf.Tensor(-10820.045288168989, shape=(), dtype=float64)
nll_grad  cost time: 2.904097318649292
tf.Tensor(-10820.157462100511, shape=(), dtype=float64)
nll_grad  cost time: 2.908142328262329
tf.Tensor(-10820.309386615927, shape=(), dtype=float64)
nll_grad  cost time: 2.8565897941589355
tf.Tensor(-10820.47050960618, shape=(), dtype=float64)
nll_grad  cost time: 2.895662307739258
tf.Tensor(-10820.658498598383, shape=(), dtype=float64)
nll_grad  cost time: 2.8714187145233154
nll_grad  cost time: 2.886552095413208
tf.Tensor(-10820.75910687914, shape=(), dtype=float64)
nll_grad  cost time: 2.9985923767089844
tf.Tensor(-10820.876404015711, shape=(), dtype=float64)
nll_grad  cost time: 2.905184268951416
tf.Tensor(-10820.952634435956, shape=(), dtype=float64)
nll_grad  cost time: 2.9462482929229736
tf.Tensor(-10821.020324399859, shape=(), dtype=float64)
nll_grad  cost time: 2.991770029067993
tf.Tensor(-10821.089033093176, shape=(), dtype=float64)
nll_grad  cost time: 2.9640355110168457
tf.Tensor(-10821.16574981523, shape=(), dtype=float64)
nll_grad  cost time: 2.9569294452667236
tf.Tensor(-10821.241631396835, shape=(), dtype=float64)
nll_grad  cost time: 2.9607112407684326
tf.Tensor(-10821.299716523532, shape=(), dtype=float64)
nll_grad  cost time: 3.123277425765991
tf.Tensor(-10821.356838397518, shape=(), dtype=float64)
nll_grad  cost time: 2.949000358581543
tf.Tensor(-10821.409793350165, shape=(), dtype=float64)
nll_grad  cost time: 2.9687087535858154
tf.Tensor(-10821.450783566239, shape=(), dtype=float64)
nll_grad  cost time: 2.899596691131592
tf.Tensor(-10821.49860478413, shape=(), dtype=float64)
nll_grad  cost time: 2.9149906635284424
tf.Tensor(-10821.553685601668, shape=(), dtype=float64)
nll_grad  cost time: 3.0184760093688965
tf.Tensor(-10821.603771130282, shape=(), dtype=float64)
nll_grad  cost time: 2.872575283050537
tf.Tensor(-10821.659240725261, shape=(), dtype=float64)
nll_grad  cost time: 2.792267084121704
tf.Tensor(-10821.713581442433, shape=(), dtype=float64)
nll_grad  cost time: 2.8394856452941895
tf.Tensor(-10821.781103083224, shape=(), dtype=float64)
nll_grad  cost time: 2.817384958267212
tf.Tensor(-10821.86073301249, shape=(), dtype=float64)
nll_grad  cost time: 2.7948739528656006
tf.Tensor(-10821.92509348605, shape=(), dtype=float64)
nll_grad  cost time: 2.806917667388916
tf.Tensor(-10821.990899462362, shape=(), dtype=float64)
nll_grad  cost time: 2.9019179344177246
tf.Tensor(-10822.064751843693, shape=(), dtype=float64)
nll_grad  cost time: 2.8722915649414062
tf.Tensor(-10822.156632212085, shape=(), dtype=float64)
nll_grad  cost time: 2.862926483154297
tf.Tensor(-10822.26293893276, shape=(), dtype=float64)
nll_grad  cost time: 2.949817419052124
tf.Tensor(-10822.351385975731, shape=(), dtype=float64)
nll_grad  cost time: 2.9212207794189453
tf.Tensor(-10822.435631047943, shape=(), dtype=float64)
nll_grad  cost time: 2.9062232971191406
tf.Tensor(-10822.507293283534, shape=(), dtype=float64)
nll_grad  cost time: 2.915680170059204
tf.Tensor(-10822.574644033648, shape=(), dtype=float64)
nll_grad  cost time: 2.910412073135376
tf.Tensor(-10822.636975611971, shape=(), dtype=float64)
nll_grad  cost time: 2.928030014038086
tf.Tensor(-10822.69548751939, shape=(), dtype=float64)
nll_grad  cost time: 3.0634207725524902
tf.Tensor(-10822.737562549632, shape=(), dtype=float64)
nll_grad  cost time: 3.013129711151123
tf.Tensor(-10822.758345452365, shape=(), dtype=float64)
nll_grad  cost time: 3.033451795578003
tf.Tensor(-10822.771904837304, shape=(), dtype=float64)
nll_grad  cost time: 2.9525375366210938
tf.Tensor(-10822.788475619072, shape=(), dtype=float64)
nll_grad  cost time: 3.036715269088745
tf.Tensor(-10822.808161869447, shape=(), dtype=float64)
nll_grad  cost time: 3.0723276138305664
tf.Tensor(-10822.832719806804, shape=(), dtype=float64)
nll_grad  cost time: 3.0690035820007324
tf.Tensor(-10822.85449743472, shape=(), dtype=float64)
nll_grad  cost time: 3.0087168216705322
tf.Tensor(-10822.880307281272, shape=(), dtype=float64)
nll_grad  cost time: 3.0254719257354736
tf.Tensor(-10822.90426841885, shape=(), dtype=float64)
nll_grad  cost time: 2.981952428817749
tf.Tensor(-10822.92947367772, shape=(), dtype=float64)
nll_grad  cost time: 2.9997546672821045
tf.Tensor(-10822.94765579738, shape=(), dtype=float64)
nll_grad  cost time: 3.037489652633667
tf.Tensor(-10822.96568477164, shape=(), dtype=float64)
nll_grad  cost time: 3.3243865966796875
tf.Tensor(-10822.985923836963, shape=(), dtype=float64)
nll_grad  cost time: 3.043039321899414
tf.Tensor(-10823.003591940924, shape=(), dtype=float64)
nll_grad  cost time: 3.0047447681427
tf.Tensor(-10823.021010283297, shape=(), dtype=float64)
nll_grad  cost time: 3.0153298377990723
tf.Tensor(-10823.036058350983, shape=(), dtype=float64)
nll_grad  cost time: 3.0102500915527344
tf.Tensor(-10823.050205656169, shape=(), dtype=float64)
nll_grad  cost time: 3.119856357574463
tf.Tensor(-10823.063035891519, shape=(), dtype=float64)
nll_grad  cost time: 3.1963517665863037
tf.Tensor(-10823.076800606299, shape=(), dtype=float64)
nll_grad  cost time: 3.141134262084961
tf.Tensor(-10823.085858490967, shape=(), dtype=float64)
nll_grad  cost time: 3.09895920753479
tf.Tensor(-10823.095366826146, shape=(), dtype=float64)
nll_grad  cost time: 3.063998222351074
tf.Tensor(-10823.105279881509, shape=(), dtype=float64)
nll_grad  cost time: 3.087566614151001
tf.Tensor(-10823.113478317235, shape=(), dtype=float64)
nll_grad  cost time: 3.047600269317627
tf.Tensor(-10823.123073694598, shape=(), dtype=float64)
nll_grad  cost time: 3.175135374069214
tf.Tensor(-10823.135161321916, shape=(), dtype=float64)
nll_grad  cost time: 3.08073353767395
tf.Tensor(-10823.148356749036, shape=(), dtype=float64)
nll_grad  cost time: 3.055060386657715
tf.Tensor(-10823.16477208089, shape=(), dtype=float64)
nll_grad  cost time: 2.969181537628174
tf.Tensor(-10823.187641465855, shape=(), dtype=float64)
nll_grad  cost time: 2.952244997024536
tf.Tensor(-10823.217741784778, shape=(), dtype=float64)
nll_grad  cost time: 2.9078588485717773
tf.Tensor(-10823.248503409299, shape=(), dtype=float64)
nll_grad  cost time: 2.8430073261260986
tf.Tensor(-10823.282285130876, shape=(), dtype=float64)
nll_grad  cost time: 2.888474941253662
tf.Tensor(-10823.319651144237, shape=(), dtype=float64)
nll_grad  cost time: 2.87176251411438
tf.Tensor(-10823.352422867576, shape=(), dtype=float64)
nll_grad  cost time: 2.9412429332733154
tf.Tensor(-10823.38736391117, shape=(), dtype=float64)
nll_grad  cost time: 2.980333089828491
tf.Tensor(-10823.427903210973, shape=(), dtype=float64)
nll_grad  cost time: 2.891300678253174
tf.Tensor(-10823.479863045332, shape=(), dtype=float64)
nll_grad  cost time: 2.867790460586548
tf.Tensor(-10823.530625354137, shape=(), dtype=float64)
nll_grad  cost time: 2.8784022331237793
tf.Tensor(-10823.555424769456, shape=(), dtype=float64)
nll_grad  cost time: 2.889976739883423
tf.Tensor(-10823.586081382377, shape=(), dtype=float64)
nll_grad  cost time: 2.9833459854125977
tf.Tensor(-10823.596707859717, shape=(), dtype=float64)
nll_grad  cost time: 3.000277519226074
tf.Tensor(-10823.61338371728, shape=(), dtype=float64)
nll_grad  cost time: 2.9292826652526855
tf.Tensor(-10823.632256898878, shape=(), dtype=float64)
nll_grad  cost time: 2.953735113143921
tf.Tensor(-10823.64182633832, shape=(), dtype=float64)
nll_grad  cost time: 2.920388698577881
tf.Tensor(-10823.654387072642, shape=(), dtype=float64)
nll_grad  cost time: 2.925645589828491
tf.Tensor(-10823.672306268472, shape=(), dtype=float64)
nll_grad  cost time: 2.828033208847046
tf.Tensor(-10823.685090787932, shape=(), dtype=float64)
nll_grad  cost time: 2.8648781776428223
tf.Tensor(-10823.700360715455, shape=(), dtype=float64)
nll_grad  cost time: 3.1069998741149902
tf.Tensor(-10823.71559197609, shape=(), dtype=float64)
nll_grad  cost time: 2.959937572479248
tf.Tensor(-10823.731409227872, shape=(), dtype=float64)
nll_grad  cost time: 2.9169728755950928
tf.Tensor(-10823.746788514864, shape=(), dtype=float64)
nll_grad  cost time: 2.859574317932129
tf.Tensor(-10823.758371695683, shape=(), dtype=float64)
nll_grad  cost time: 2.8887927532196045
tf.Tensor(-10823.769752095774, shape=(), dtype=float64)
nll_grad  cost time: 2.938957691192627
tf.Tensor(-10823.775665764893, shape=(), dtype=float64)
nll_grad  cost time: 2.8936996459960938
tf.Tensor(-10823.780199066574, shape=(), dtype=float64)
nll_grad  cost time: 2.92130446434021
tf.Tensor(-10823.784916421948, shape=(), dtype=float64)
nll_grad  cost time: 2.8855178356170654
tf.Tensor(-10823.789967882694, shape=(), dtype=float64)
nll_grad  cost time: 2.9354453086853027
tf.Tensor(-10823.796426836892, shape=(), dtype=float64)
nll_grad  cost time: 2.850484848022461
tf.Tensor(-10823.80424480823, shape=(), dtype=float64)
nll_grad  cost time: 2.879248857498169
tf.Tensor(-10823.81165184536, shape=(), dtype=float64)
nll_grad  cost time: 2.8593482971191406
tf.Tensor(-10823.81997828795, shape=(), dtype=float64)
nll_grad  cost time: 3.028041362762451
tf.Tensor(-10823.827099934722, shape=(), dtype=float64)
nll_grad  cost time: 3.111100196838379
tf.Tensor(-10823.832195458006, shape=(), dtype=float64)
nll_grad  cost time: 2.985135316848755
tf.Tensor(-10823.837054163021, shape=(), dtype=float64)
nll_grad  cost time: 2.9560844898223877
tf.Tensor(-10823.843070476823, shape=(), dtype=float64)
nll_grad  cost time: 2.9988527297973633
tf.Tensor(-10823.84797315063, shape=(), dtype=float64)
nll_grad  cost time: 3.021404504776001
tf.Tensor(-10823.852663288828, shape=(), dtype=float64)
nll_grad  cost time: 2.9376089572906494
tf.Tensor(-10823.857318006743, shape=(), dtype=float64)
nll_grad  cost time: 2.976508855819702
tf.Tensor(-10823.861908003917, shape=(), dtype=float64)
nll_grad  cost time: 3.0823233127593994
tf.Tensor(-10823.865335510582, shape=(), dtype=float64)
nll_grad  cost time: 3.032958507537842
tf.Tensor(-10823.868232254245, shape=(), dtype=float64)
nll_grad  cost time: 2.921257734298706
tf.Tensor(-10823.870679030028, shape=(), dtype=float64)
nll_grad  cost time: 2.9169161319732666
tf.Tensor(-10823.872705751695, shape=(), dtype=float64)
nll_grad  cost time: 2.968677043914795
tf.Tensor(-10823.875003381134, shape=(), dtype=float64)
nll_grad  cost time: 3.0821332931518555
tf.Tensor(-10823.876566605391, shape=(), dtype=float64)
nll_grad  cost time: 3.0806899070739746
tf.Tensor(-10823.877559444707, shape=(), dtype=float64)
nll_grad  cost time: 3.0503556728363037
tf.Tensor(-10823.878490425186, shape=(), dtype=float64)
nll_grad  cost time: 3.030776262283325
tf.Tensor(-10823.879379713795, shape=(), dtype=float64)
nll_grad  cost time: 3.075303077697754
tf.Tensor(-10823.88011863414, shape=(), dtype=float64)
nll_grad  cost time: 3.0470223426818848
tf.Tensor(-10823.880799783456, shape=(), dtype=float64)
nll_grad  cost time: 3.0712287425994873
tf.Tensor(-10823.881483046349, shape=(), dtype=float64)
nll_grad  cost time: 3.18892502784729
tf.Tensor(-10823.88211645418, shape=(), dtype=float64)
nll_grad  cost time: 3.1333093643188477
tf.Tensor(-10823.88276787716, shape=(), dtype=float64)
nll_grad  cost time: 3.0342586040496826
tf.Tensor(-10823.883634636542, shape=(), dtype=float64)
nll_grad  cost time: 3.050454616546631
tf.Tensor(-10823.884959542753, shape=(), dtype=float64)
nll_grad  cost time: 3.131392478942871
tf.Tensor(-10823.886949968897, shape=(), dtype=float64)
nll_grad  cost time: 3.008549928665161
tf.Tensor(-10823.889319674627, shape=(), dtype=float64)
nll_grad  cost time: 3.184661865234375
tf.Tensor(-10823.891564071064, shape=(), dtype=float64)
nll_grad  cost time: 3.1323726177215576
tf.Tensor(-10823.893718604111, shape=(), dtype=float64)
nll_grad  cost time: 3.119466781616211
tf.Tensor(-10823.895927474881, shape=(), dtype=float64)
nll_grad  cost time: 3.08439302444458
tf.Tensor(-10823.8984578371, shape=(), dtype=float64)
nll_grad  cost time: 3.0427350997924805
tf.Tensor(-10823.901132040499, shape=(), dtype=float64)
nll_grad  cost time: 3.113469123840332
tf.Tensor(-10823.903427785397, shape=(), dtype=float64)
nll_grad  cost time: 2.9516077041625977
tf.Tensor(-10823.905118766399, shape=(), dtype=float64)
nll_grad  cost time: 3.094599723815918
tf.Tensor(-10823.906669592026, shape=(), dtype=float64)
nll_grad  cost time: 3.01383638381958
tf.Tensor(-10823.908483489846, shape=(), dtype=float64)
nll_grad  cost time: 2.9861202239990234
tf.Tensor(-10823.91115156294, shape=(), dtype=float64)
nll_grad  cost time: 3.1275174617767334
tf.Tensor(-10823.91402277593, shape=(), dtype=float64)
nll_grad  cost time: 3.038949489593506
tf.Tensor(-10823.916724071842, shape=(), dtype=float64)
nll_grad  cost time: 3.011298418045044
tf.Tensor(-10823.919682377948, shape=(), dtype=float64)
nll_grad  cost time: 3.12530517578125
tf.Tensor(-10823.92311830362, shape=(), dtype=float64)
nll_grad  cost time: 2.9906792640686035
tf.Tensor(-10823.926890508043, shape=(), dtype=float64)
nll_grad  cost time: 3.007852077484131
tf.Tensor(-10823.930891184544, shape=(), dtype=float64)
nll_grad  cost time: 2.9132943153381348
tf.Tensor(-10823.93501026156, shape=(), dtype=float64)
nll_grad  cost time: 2.953322410583496
tf.Tensor(-10823.940211111214, shape=(), dtype=float64)
nll_grad  cost time: 3.0682361125946045
tf.Tensor(-10823.94420451989, shape=(), dtype=float64)
nll_grad  cost time: 2.9281160831451416
tf.Tensor(-10823.949299566175, shape=(), dtype=float64)
nll_grad  cost time: 2.955160617828369
tf.Tensor(-10823.95344449241, shape=(), dtype=float64)
nll_grad  cost time: 2.9610536098480225
tf.Tensor(-10823.956783019723, shape=(), dtype=float64)
nll_grad  cost time: 2.9503939151763916
tf.Tensor(-10823.959190296968, shape=(), dtype=float64)
nll_grad  cost time: 2.958415985107422
tf.Tensor(-10823.962331108933, shape=(), dtype=float64)
nll_grad  cost time: 2.993330478668213
tf.Tensor(-10823.966053717242, shape=(), dtype=float64)
nll_grad  cost time: 2.926096200942993
tf.Tensor(-10823.969859399003, shape=(), dtype=float64)
nll_grad  cost time: 2.8842968940734863
tf.Tensor(-10823.973469381184, shape=(), dtype=float64)
nll_grad  cost time: 2.9016833305358887
tf.Tensor(-10823.97644842918, shape=(), dtype=float64)
nll_grad  cost time: 2.9317052364349365
tf.Tensor(-10823.979264192923, shape=(), dtype=float64)
nll_grad  cost time: 2.8275644779205322
tf.Tensor(-10823.98244727969, shape=(), dtype=float64)
nll_grad  cost time: 2.8840394020080566
tf.Tensor(-10823.985771253203, shape=(), dtype=float64)
nll_grad  cost time: 2.9265904426574707
tf.Tensor(-10823.987878926637, shape=(), dtype=float64)
nll_grad  cost time: 2.9025113582611084
tf.Tensor(-10823.990104864431, shape=(), dtype=float64)
nll_grad  cost time: 2.8467791080474854
tf.Tensor(-10823.99256392213, shape=(), dtype=float64)
nll_grad  cost time: 2.9842708110809326
tf.Tensor(-10823.994678285493, shape=(), dtype=float64)
nll_grad  cost time: 2.8692593574523926
tf.Tensor(-10823.997167066866, shape=(), dtype=float64)
nll_grad  cost time: 2.875519275665283
tf.Tensor(-10823.999514915393, shape=(), dtype=float64)
nll_grad  cost time: 2.8570520877838135
tf.Tensor(-10824.000991623769, shape=(), dtype=float64)
nll_grad  cost time: 3.0006678104400635
tf.Tensor(-10824.002407243337, shape=(), dtype=float64)
nll_grad  cost time: 3.1633644104003906
tf.Tensor(-10824.004050250938, shape=(), dtype=float64)
nll_grad  cost time: 2.8870038986206055
tf.Tensor(-10824.005824500626, shape=(), dtype=float64)
nll_grad  cost time: 2.879582643508911
tf.Tensor(-10824.008495836715, shape=(), dtype=float64)
nll_grad  cost time: 2.9479916095733643
tf.Tensor(-10824.012677358342, shape=(), dtype=float64)
nll_grad  cost time: 2.896737575531006
tf.Tensor(-10824.019065766024, shape=(), dtype=float64)
nll_grad  cost time: 2.819918632507324
tf.Tensor(-10824.028422930041, shape=(), dtype=float64)
nll_grad  cost time: 2.8615808486938477
tf.Tensor(-10824.040779053048, shape=(), dtype=float64)
nll_grad  cost time: 2.8130815029144287
nll_grad  cost time: 2.790278196334839
tf.Tensor(-10824.044677508584, shape=(), dtype=float64)
nll_grad  cost time: 2.8784728050231934
tf.Tensor(-10824.051577405075, shape=(), dtype=float64)
nll_grad  cost time: 2.8781239986419678
tf.Tensor(-10824.06365584879, shape=(), dtype=float64)
nll_grad  cost time: 2.8658230304718018
tf.Tensor(-10824.084474388786, shape=(), dtype=float64)
nll_grad  cost time: 2.8267910480499268
tf.Tensor(-10824.11794729557, shape=(), dtype=float64)
nll_grad  cost time: 2.9200451374053955
tf.Tensor(-10824.157893791582, shape=(), dtype=float64)
nll_grad  cost time: 2.948108673095703
tf.Tensor(-10824.196278357758, shape=(), dtype=float64)
nll_grad  cost time: 3.093111038208008
tf.Tensor(-10824.235624697634, shape=(), dtype=float64)
nll_grad  cost time: 2.950413942337036
tf.Tensor(-10824.294510779784, shape=(), dtype=float64)
nll_grad  cost time: 2.959623098373413
tf.Tensor(-10824.391812249658, shape=(), dtype=float64)
nll_grad  cost time: 3.049543857574463
tf.Tensor(-10824.532938661325, shape=(), dtype=float64)
nll_grad  cost time: 3.04595685005188
tf.Tensor(-10824.71177216172, shape=(), dtype=float64)
nll_grad  cost time: 3.0819222927093506
nll_grad  cost time: 3.051509380340576
tf.Tensor(-10824.777603194121, shape=(), dtype=float64)
nll_grad  cost time: 2.9682040214538574
tf.Tensor(-10824.871663657595, shape=(), dtype=float64)
nll_grad  cost time: 3.02201247215271
tf.Tensor(-10825.022737981244, shape=(), dtype=float64)
nll_grad  cost time: 3.0540308952331543
tf.Tensor(-10825.21752196901, shape=(), dtype=float64)
nll_grad  cost time: 2.9632856845855713
tf.Tensor(-10825.409838781987, shape=(), dtype=float64)
nll_grad  cost time: 3.0001654624938965
tf.Tensor(-10825.46877641724, shape=(), dtype=float64)
nll_grad  cost time: 3.0240273475646973
tf.Tensor(-10825.571706847808, shape=(), dtype=float64)
nll_grad  cost time: 2.878387928009033
tf.Tensor(-10825.741164356388, shape=(), dtype=float64)
nll_grad  cost time: 2.959723949432373
tf.Tensor(-10825.970716009033, shape=(), dtype=float64)
nll_grad  cost time: 3.015601873397827
tf.Tensor(-10826.08194503047, shape=(), dtype=float64)
nll_grad  cost time: 2.845982789993286
tf.Tensor(-10826.24606885531, shape=(), dtype=float64)
nll_grad  cost time: 2.889976978302002
tf.Tensor(-10826.444030457087, shape=(), dtype=float64)
nll_grad  cost time: 2.958927631378174
tf.Tensor(-10826.603394983425, shape=(), dtype=float64)
nll_grad  cost time: 2.9869463443756104
tf.Tensor(-10826.738412387422, shape=(), dtype=float64)
nll_grad  cost time: 3.05625581741333
tf.Tensor(-10826.886688811122, shape=(), dtype=float64)
nll_grad  cost time: 2.9058797359466553
tf.Tensor(-10826.921788405918, shape=(), dtype=float64)
nll_grad  cost time: 2.858429431915283
tf.Tensor(-10826.984011450437, shape=(), dtype=float64)
nll_grad  cost time: 2.886953115463257
tf.Tensor(-10827.092605244381, shape=(), dtype=float64)
nll_grad  cost time: 2.8979086875915527
tf.Tensor(-10827.256409722868, shape=(), dtype=float64)
nll_grad  cost time: 3.0573184490203857
tf.Tensor(-10827.424414967601, shape=(), dtype=float64)
nll_grad  cost time: 2.8656694889068604
tf.Tensor(-10827.527137503446, shape=(), dtype=float64)
nll_grad  cost time: 3.018218517303467
tf.Tensor(-10827.668030344686, shape=(), dtype=float64)
nll_grad  cost time: 3.028597831726074
tf.Tensor(-10827.840917837737, shape=(), dtype=float64)
nll_grad  cost time: 2.9863882064819336
tf.Tensor(-10827.955147692646, shape=(), dtype=float64)
nll_grad  cost time: 3.0362327098846436
tf.Tensor(-10828.073608198556, shape=(), dtype=float64)
nll_grad  cost time: 2.959237575531006
tf.Tensor(-10828.212026309211, shape=(), dtype=float64)
nll_grad  cost time: 2.968193531036377
tf.Tensor(-10828.373863091841, shape=(), dtype=float64)
nll_grad  cost time: 2.889897108078003
tf.Tensor(-10828.454853511827, shape=(), dtype=float64)
nll_grad  cost time: 2.9867048263549805
tf.Tensor(-10828.574398139363, shape=(), dtype=float64)
nll_grad  cost time: 3.1049697399139404
tf.Tensor(-10828.699740547907, shape=(), dtype=float64)
nll_grad  cost time: 2.9358832836151123
tf.Tensor(-10828.820962971731, shape=(), dtype=float64)
nll_grad  cost time: 2.9360077381134033
tf.Tensor(-10828.978821433175, shape=(), dtype=float64)
nll_grad  cost time: 2.9990508556365967
tf.Tensor(-10829.196684495048, shape=(), dtype=float64)
nll_grad  cost time: 2.9891860485076904
tf.Tensor(-10829.389843956993, shape=(), dtype=float64)
nll_grad  cost time: 2.994157075881958
tf.Tensor(-10829.583978566694, shape=(), dtype=float64)
nll_grad  cost time: 3.111689567565918
tf.Tensor(-10829.758400243754, shape=(), dtype=float64)
nll_grad  cost time: 3.0676188468933105
tf.Tensor(-10829.92171813195, shape=(), dtype=float64)
nll_grad  cost time: 2.9906413555145264
tf.Tensor(-10830.086065993313, shape=(), dtype=float64)
nll_grad  cost time: 3.0360610485076904
tf.Tensor(-10830.15359398304, shape=(), dtype=float64)
nll_grad  cost time: 3.1103665828704834
tf.Tensor(-10830.256944337667, shape=(), dtype=float64)
nll_grad  cost time: 2.975661277770996
tf.Tensor(-10830.359602604103, shape=(), dtype=float64)
nll_grad  cost time: 2.964576482772827
tf.Tensor(-10830.412152774177, shape=(), dtype=float64)
nll_grad  cost time: 2.9516003131866455
tf.Tensor(-10830.492724739064, shape=(), dtype=float64)
nll_grad  cost time: 2.976309061050415
tf.Tensor(-10830.601338316748, shape=(), dtype=float64)
nll_grad  cost time: 2.9123950004577637
tf.Tensor(-10830.690045723712, shape=(), dtype=float64)
nll_grad  cost time: 2.920550584793091
tf.Tensor(-10830.771419850167, shape=(), dtype=float64)
nll_grad  cost time: 2.9091711044311523
tf.Tensor(-10830.82872985911, shape=(), dtype=float64)
nll_grad  cost time: 2.976789951324463
tf.Tensor(-10830.901393647897, shape=(), dtype=float64)
nll_grad  cost time: 2.978865146636963
tf.Tensor(-10830.966579876243, shape=(), dtype=float64)
nll_grad  cost time: 2.9703798294067383
tf.Tensor(-10830.978614334595, shape=(), dtype=float64)
nll_grad  cost time: 2.9164605140686035
tf.Tensor(-10831.000031600692, shape=(), dtype=float64)
nll_grad  cost time: 2.8872148990631104
tf.Tensor(-10831.034520325025, shape=(), dtype=float64)
nll_grad  cost time: 2.907705307006836
tf.Tensor(-10831.080689278519, shape=(), dtype=float64)
nll_grad  cost time: 2.9182145595550537
tf.Tensor(-10831.105640793867, shape=(), dtype=float64)
nll_grad  cost time: 2.9211034774780273
tf.Tensor(-10831.124085810618, shape=(), dtype=float64)
nll_grad  cost time: 3.0555179119110107
tf.Tensor(-10831.146844235504, shape=(), dtype=float64)
nll_grad  cost time: 2.897684097290039
tf.Tensor(-10831.16601780069, shape=(), dtype=float64)
nll_grad  cost time: 2.8546695709228516
tf.Tensor(-10831.18203900917, shape=(), dtype=float64)
nll_grad  cost time: 2.908174514770508
tf.Tensor(-10831.202824910062, shape=(), dtype=float64)
nll_grad  cost time: 2.9758787155151367
tf.Tensor(-10831.227652936608, shape=(), dtype=float64)
nll_grad  cost time: 2.899184465408325
tf.Tensor(-10831.24876165684, shape=(), dtype=float64)
nll_grad  cost time: 2.9355623722076416
tf.Tensor(-10831.272956389697, shape=(), dtype=float64)
nll_grad  cost time: 2.9145169258117676
tf.Tensor(-10831.297279924373, shape=(), dtype=float64)
nll_grad  cost time: 3.005016326904297
tf.Tensor(-10831.316010770262, shape=(), dtype=float64)
nll_grad  cost time: 3.0113015174865723
tf.Tensor(-10831.3336615001, shape=(), dtype=float64)
nll_grad  cost time: 2.96280837059021
tf.Tensor(-10831.354987451034, shape=(), dtype=float64)
nll_grad  cost time: 2.907351493835449
tf.Tensor(-10831.381403177827, shape=(), dtype=float64)
nll_grad  cost time: 2.8518905639648438
tf.Tensor(-10831.40441840539, shape=(), dtype=float64)
nll_grad  cost time: 2.9237570762634277
tf.Tensor(-10831.421718749098, shape=(), dtype=float64)
nll_grad  cost time: 2.9374308586120605
tf.Tensor(-10831.436675762652, shape=(), dtype=float64)
nll_grad  cost time: 2.898068428039551
tf.Tensor(-10831.44852446757, shape=(), dtype=float64)
nll_grad  cost time: 2.8519062995910645
tf.Tensor(-10831.455612773127, shape=(), dtype=float64)
nll_grad  cost time: 2.8692820072174072
tf.Tensor(-10831.460329026377, shape=(), dtype=float64)
nll_grad  cost time: 2.8870489597320557
tf.Tensor(-10831.463930553811, shape=(), dtype=float64)
nll_grad  cost time: 2.8972671031951904
tf.Tensor(-10831.467773538487, shape=(), dtype=float64)
nll_grad  cost time: 3.027069091796875
tf.Tensor(-10831.472032448424, shape=(), dtype=float64)
nll_grad  cost time: 2.8763656616210938
tf.Tensor(-10831.475409540031, shape=(), dtype=float64)
nll_grad  cost time: 2.9394280910491943
tf.Tensor(-10831.479093773762, shape=(), dtype=float64)
nll_grad  cost time: 2.923415184020996
tf.Tensor(-10831.484143423275, shape=(), dtype=float64)
nll_grad  cost time: 2.985347032546997
tf.Tensor(-10831.490853043726, shape=(), dtype=float64)
nll_grad  cost time: 2.975412607192993
tf.Tensor(-10831.496247079298, shape=(), dtype=float64)
nll_grad  cost time: 2.9504916667938232
tf.Tensor(-10831.500256572395, shape=(), dtype=float64)
nll_grad  cost time: 2.9520490169525146
tf.Tensor(-10831.502884461574, shape=(), dtype=float64)
nll_grad  cost time: 2.8923370838165283
tf.Tensor(-10831.505063386674, shape=(), dtype=float64)
nll_grad  cost time: 2.9772348403930664
tf.Tensor(-10831.507369832332, shape=(), dtype=float64)
nll_grad  cost time: 3.0303053855895996
tf.Tensor(-10831.509375805721, shape=(), dtype=float64)
nll_grad  cost time: 2.9695756435394287
tf.Tensor(-10831.511378276948, shape=(), dtype=float64)
nll_grad  cost time: 3.0275750160217285
tf.Tensor(-10831.513846761869, shape=(), dtype=float64)
nll_grad  cost time: 2.8752968311309814
tf.Tensor(-10831.516012520835, shape=(), dtype=float64)
nll_grad  cost time: 2.948598861694336
tf.Tensor(-10831.51853204328, shape=(), dtype=float64)
nll_grad  cost time: 3.0014846324920654
tf.Tensor(-10831.520502450403, shape=(), dtype=float64)
nll_grad  cost time: 2.916975975036621
tf.Tensor(-10831.522034464258, shape=(), dtype=float64)
nll_grad  cost time: 3.007086992263794
tf.Tensor(-10831.523451346813, shape=(), dtype=float64)
nll_grad  cost time: 3.0850627422332764
tf.Tensor(-10831.525153511828, shape=(), dtype=float64)
nll_grad  cost time: 2.9217913150787354
tf.Tensor(-10831.527209645687, shape=(), dtype=float64)
nll_grad  cost time: 3.0792839527130127
tf.Tensor(-10831.529690936131, shape=(), dtype=float64)
nll_grad  cost time: 2.8777248859405518
tf.Tensor(-10831.532322871823, shape=(), dtype=float64)
nll_grad  cost time: 2.936475992202759
tf.Tensor(-10831.534784828393, shape=(), dtype=float64)
nll_grad  cost time: 2.880770444869995
tf.Tensor(-10831.536812912584, shape=(), dtype=float64)
nll_grad  cost time: 2.873340606689453
tf.Tensor(-10831.538283017835, shape=(), dtype=float64)
nll_grad  cost time: 2.8774783611297607
tf.Tensor(-10831.539357626081, shape=(), dtype=float64)
nll_grad  cost time: 2.9372706413269043
tf.Tensor(-10831.540313875048, shape=(), dtype=float64)
nll_grad  cost time: 2.920009136199951
tf.Tensor(-10831.541170054765, shape=(), dtype=float64)
nll_grad  cost time: 2.921412944793701
tf.Tensor(-10831.541993301431, shape=(), dtype=float64)
nll_grad  cost time: 2.927856683731079
tf.Tensor(-10831.542847489452, shape=(), dtype=float64)
nll_grad  cost time: 2.9213833808898926
tf.Tensor(-10831.543766745186, shape=(), dtype=float64)
nll_grad  cost time: 2.8821332454681396
tf.Tensor(-10831.544738831191, shape=(), dtype=float64)
nll_grad  cost time: 3.0050785541534424
tf.Tensor(-10831.54565585002, shape=(), dtype=float64)
nll_grad  cost time: 2.929295539855957
tf.Tensor(-10831.546454903988, shape=(), dtype=float64)
nll_grad  cost time: 2.957390069961548
tf.Tensor(-10831.547207233481, shape=(), dtype=float64)
nll_grad  cost time: 2.987034320831299
tf.Tensor(-10831.548045374806, shape=(), dtype=float64)
nll_grad  cost time: 2.88236141204834
tf.Tensor(-10831.549018303445, shape=(), dtype=float64)
nll_grad  cost time: 2.8694992065429688
tf.Tensor(-10831.549978177212, shape=(), dtype=float64)
nll_grad  cost time: 2.8516135215759277
tf.Tensor(-10831.55067010806, shape=(), dtype=float64)
nll_grad  cost time: 3.0153846740722656
tf.Tensor(-10831.551075819309, shape=(), dtype=float64)
nll_grad  cost time: 2.904656410217285
tf.Tensor(-10831.551327465204, shape=(), dtype=float64)
nll_grad  cost time: 2.996962070465088
tf.Tensor(-10831.551552915385, shape=(), dtype=float64)
nll_grad  cost time: 2.8829782009124756
tf.Tensor(-10831.5517815362, shape=(), dtype=float64)
nll_grad  cost time: 2.8344335556030273
tf.Tensor(-10831.552033070308, shape=(), dtype=float64)
nll_grad  cost time: 2.9094531536102295
tf.Tensor(-10831.552308343833, shape=(), dtype=float64)
nll_grad  cost time: 2.948735237121582
tf.Tensor(-10831.55260589549, shape=(), dtype=float64)
nll_grad  cost time: 2.9105591773986816
tf.Tensor(-10831.55291607826, shape=(), dtype=float64)
nll_grad  cost time: 2.8946871757507324
tf.Tensor(-10831.553247245749, shape=(), dtype=float64)
nll_grad  cost time: 2.984860897064209
tf.Tensor(-10831.553619509086, shape=(), dtype=float64)
nll_grad  cost time: 2.9538822174072266
tf.Tensor(-10831.55404012453, shape=(), dtype=float64)
nll_grad  cost time: 3.0286011695861816
tf.Tensor(-10831.554472378517, shape=(), dtype=float64)
nll_grad  cost time: 3.0059359073638916
tf.Tensor(-10831.554865015183, shape=(), dtype=float64)
nll_grad  cost time: 3.0528550148010254
tf.Tensor(-10831.55518642379, shape=(), dtype=float64)
nll_grad  cost time: 2.96358060836792
tf.Tensor(-10831.55543347787, shape=(), dtype=float64)
nll_grad  cost time: 2.870774507522583
tf.Tensor(-10831.5556273952, shape=(), dtype=float64)
nll_grad  cost time: 2.9256277084350586
tf.Tensor(-10831.55578920298, shape=(), dtype=float64)
nll_grad  cost time: 2.8484678268432617
tf.Tensor(-10831.555946831419, shape=(), dtype=float64)
nll_grad  cost time: 2.92055344581604
tf.Tensor(-10831.556136562196, shape=(), dtype=float64)
nll_grad  cost time: 2.8321948051452637
tf.Tensor(-10831.55637999687, shape=(), dtype=float64)
nll_grad  cost time: 2.8744421005249023
tf.Tensor(-10831.556658804471, shape=(), dtype=float64)
nll_grad  cost time: 2.8725228309631348
tf.Tensor(-10831.556924493243, shape=(), dtype=float64)
nll_grad  cost time: 2.9412753582000732
tf.Tensor(-10831.557169915744, shape=(), dtype=float64)
nll_grad  cost time: 2.84605073928833
tf.Tensor(-10831.557427431158, shape=(), dtype=float64)
nll_grad  cost time: 2.8979861736297607
tf.Tensor(-10831.557706743904, shape=(), dtype=float64)
nll_grad  cost time: 2.8753414154052734
tf.Tensor(-10831.557959327638, shape=(), dtype=float64)
nll_grad  cost time: 3.285413980484009
tf.Tensor(-10831.558135367177, shape=(), dtype=float64)
nll_grad  cost time: 2.954326868057251
tf.Tensor(-10831.558254694864, shape=(), dtype=float64)
nll_grad  cost time: 2.8753254413604736
tf.Tensor(-10831.558373710257, shape=(), dtype=float64)
nll_grad  cost time: 2.87119722366333
tf.Tensor(-10831.558528406513, shape=(), dtype=float64)
nll_grad  cost time: 2.920347213745117
tf.Tensor(-10831.558731134093, shape=(), dtype=float64)
nll_grad  cost time: 2.924900531768799
tf.Tensor(-10831.55896689816, shape=(), dtype=float64)
nll_grad  cost time: 2.957590103149414
tf.Tensor(-10831.559200665604, shape=(), dtype=float64)
nll_grad  cost time: 2.812958002090454
tf.Tensor(-10831.559391911826, shape=(), dtype=float64)
nll_grad  cost time: 2.9462695121765137
tf.Tensor(-10831.559532145293, shape=(), dtype=float64)
nll_grad  cost time: 2.8970932960510254
tf.Tensor(-10831.55964713715, shape=(), dtype=float64)
nll_grad  cost time: 2.852356195449829
tf.Tensor(-10831.55976396104, shape=(), dtype=float64)
nll_grad  cost time: 2.9308249950408936
tf.Tensor(-10831.559888282318, shape=(), dtype=float64)
nll_grad  cost time: 2.8283236026763916
tf.Tensor(-10831.560000787349, shape=(), dtype=float64)
nll_grad  cost time: 2.8488879203796387
tf.Tensor(-10831.560086340325, shape=(), dtype=float64)
nll_grad  cost time: 2.929488182067871
tf.Tensor(-10831.560153607668, shape=(), dtype=float64)
nll_grad  cost time: 2.9713196754455566
tf.Tensor(-10831.560218770488, shape=(), dtype=float64)
nll_grad  cost time: 2.99951434135437
tf.Tensor(-10831.560284774961, shape=(), dtype=float64)
nll_grad  cost time: 3.0665433406829834
tf.Tensor(-10831.560341805915, shape=(), dtype=float64)
nll_grad  cost time: 2.950166940689087
tf.Tensor(-10831.560384638537, shape=(), dtype=float64)
nll_grad  cost time: 2.9372386932373047
tf.Tensor(-10831.560418342862, shape=(), dtype=float64)
nll_grad  cost time: 3.01086688041687
tf.Tensor(-10831.560448169143, shape=(), dtype=float64)
nll_grad  cost time: 3.104688882827759
tf.Tensor(-10831.56047385254, shape=(), dtype=float64)
nll_grad  cost time: 2.9096920490264893
tf.Tensor(-10831.560494072466, shape=(), dtype=float64)
nll_grad  cost time: 2.9972410202026367
tf.Tensor(-10831.560511873242, shape=(), dtype=float64)
nll_grad  cost time: 3.30938982963562
tf.Tensor(-10831.56053336691, shape=(), dtype=float64)
nll_grad  cost time: 3.129892349243164
tf.Tensor(-10831.560565049373, shape=(), dtype=float64)
nll_grad  cost time: 2.9890568256378174
tf.Tensor(-10831.560611082476, shape=(), dtype=float64)
nll_grad  cost time: 2.92858624458313
tf.Tensor(-10831.560668824717, shape=(), dtype=float64)
nll_grad  cost time: 2.9435830116271973
tf.Tensor(-10831.560726907881, shape=(), dtype=float64)
nll_grad  cost time: 2.871833562850952
tf.Tensor(-10831.560774307049, shape=(), dtype=float64)
nll_grad  cost time: 2.9238059520721436
tf.Tensor(-10831.560809242193, shape=(), dtype=float64)
nll_grad  cost time: 2.962434768676758
tf.Tensor(-10831.5608351464, shape=(), dtype=float64)
nll_grad  cost time: 2.8451056480407715
tf.Tensor(-10831.560854773219, shape=(), dtype=float64)
nll_grad  cost time: 2.9118504524230957
tf.Tensor(-10831.560870829537, shape=(), dtype=float64)
nll_grad  cost time: 2.867854118347168
tf.Tensor(-10831.560886805648, shape=(), dtype=float64)
nll_grad  cost time: 2.854637861251831
tf.Tensor(-10831.560906205068, shape=(), dtype=float64)
nll_grad  cost time: 2.9175610542297363
tf.Tensor(-10831.5609317456, shape=(), dtype=float64)
nll_grad  cost time: 3.0272631645202637
tf.Tensor(-10831.560964409979, shape=(), dtype=float64)
nll_grad  cost time: 2.9367480278015137
tf.Tensor(-10831.561000995942, shape=(), dtype=float64)
nll_grad  cost time: 2.820535182952881
tf.Tensor(-10831.561032536321, shape=(), dtype=float64)
nll_grad  cost time: 2.8639044761657715
tf.Tensor(-10831.561051360659, shape=(), dtype=float64)
nll_grad  cost time: 2.8886592388153076
tf.Tensor(-10831.561059879117, shape=(), dtype=float64)
nll_grad  cost time: 2.9073026180267334
tf.Tensor(-10831.561064688965, shape=(), dtype=float64)
nll_grad  cost time: 2.892362117767334
tf.Tensor(-10831.561069639025, shape=(), dtype=float64)
nll_grad  cost time: 2.8609507083892822
tf.Tensor(-10831.561076174332, shape=(), dtype=float64)
nll_grad  cost time: 2.8381524085998535
tf.Tensor(-10831.561083872053, shape=(), dtype=float64)
nll_grad  cost time: 2.8992791175842285
tf.Tensor(-10831.561091456251, shape=(), dtype=float64)
nll_grad  cost time: 2.844700813293457
tf.Tensor(-10831.561098983155, shape=(), dtype=float64)
nll_grad  cost time: 2.8524258136749268
tf.Tensor(-10831.561109055097, shape=(), dtype=float64)
nll_grad  cost time: 2.8756868839263916
tf.Tensor(-10831.561125402543, shape=(), dtype=float64)
nll_grad  cost time: 2.9743781089782715
tf.Tensor(-10831.5611524786, shape=(), dtype=float64)
nll_grad  cost time: 3.0385847091674805
tf.Tensor(-10831.561196222072, shape=(), dtype=float64)
nll_grad  cost time: 3.062821388244629
tf.Tensor(-10831.561259604721, shape=(), dtype=float64)
nll_grad  cost time: 2.937162160873413
tf.Tensor(-10831.561312899768, shape=(), dtype=float64)
nll_grad  cost time: 2.9641404151916504
tf.Tensor(-10831.561357690818, shape=(), dtype=float64)
nll_grad  cost time: 3.081693410873413
tf.Tensor(-10831.561385787958, shape=(), dtype=float64)
nll_grad  cost time: 2.9563424587249756
tf.Tensor(-10831.561404253229, shape=(), dtype=float64)
nll_grad  cost time: 3.036726951599121
tf.Tensor(-10831.561417538156, shape=(), dtype=float64)
nll_grad  cost time: 2.940397024154663
tf.Tensor(-10831.561425839305, shape=(), dtype=float64)
nll_grad  cost time: 2.962177038192749
tf.Tensor(-10831.561430832306, shape=(), dtype=float64)
nll_grad  cost time: 2.9027063846588135
tf.Tensor(-10831.561435011345, shape=(), dtype=float64)
nll_grad  cost time: 3.008993148803711
tf.Tensor(-10831.56143963147, shape=(), dtype=float64)
nll_grad  cost time: 3.0456368923187256
tf.Tensor(-10831.561444926843, shape=(), dtype=float64)
nll_grad  cost time: 2.8710432052612305
tf.Tensor(-10831.561450809057, shape=(), dtype=float64)
nll_grad  cost time: 2.9172098636627197
tf.Tensor(-10831.561456434261, shape=(), dtype=float64)
nll_grad  cost time: 2.9057915210723877
tf.Tensor(-10831.561460165762, shape=(), dtype=float64)
nll_grad  cost time: 2.98073673248291
tf.Tensor(-10831.561461604522, shape=(), dtype=float64)
nll_grad  cost time: 3.094472646713257
tf.Tensor(-10831.56146200841, shape=(), dtype=float64)
nll_grad  cost time: 2.9717512130737305
tf.Tensor(-10831.561462232792, shape=(), dtype=float64)
nll_grad  cost time: 2.974477767944336
tf.Tensor(-10831.561462587375, shape=(), dtype=float64)
nll_grad  cost time: 3.0271403789520264
tf.Tensor(-10831.561463179485, shape=(), dtype=float64)
nll_grad  cost time: 2.9755496978759766
tf.Tensor(-10831.561464188366, shape=(), dtype=float64)
nll_grad  cost time: 2.9561502933502197
tf.Tensor(-10831.56146587895, shape=(), dtype=float64)
nll_grad  cost time: 2.8813750743865967
tf.Tensor(-10831.561468552914, shape=(), dtype=float64)
nll_grad  cost time: 2.8640904426574707
tf.Tensor(-10831.561472209993, shape=(), dtype=float64)
nll_grad  cost time: 2.803499221801758
tf.Tensor(-10831.56147587717, shape=(), dtype=float64)
nll_grad  cost time: 2.7620363235473633
tf.Tensor(-10831.561480748402, shape=(), dtype=float64)
nll_grad  cost time: 2.798992395401001
tf.Tensor(-10831.561485071734, shape=(), dtype=float64)
nll_grad  cost time: 2.906108856201172
tf.Tensor(-10831.561489518685, shape=(), dtype=float64)
nll_grad  cost time: 2.788619041442871
tf.Tensor(-10831.561493559282, shape=(), dtype=float64)
nll_grad  cost time: 2.7546277046203613
tf.Tensor(-10831.561496421013, shape=(), dtype=float64)
nll_grad  cost time: 2.6897835731506348
tf.Tensor(-10831.561497695518, shape=(), dtype=float64)
nll_grad  cost time: 2.7585947513580322
tf.Tensor(-10831.561498156223, shape=(), dtype=float64)
nll_grad  cost time: 2.7382612228393555
tf.Tensor(-10831.561498397703, shape=(), dtype=float64)
nll_grad  cost time: 2.714555501937866
tf.Tensor(-10831.561498628993, shape=(), dtype=float64)
nll_grad  cost time: 2.679434299468994
tf.Tensor(-10831.561498931693, shape=(), dtype=float64)
nll_grad  cost time: 2.7217466831207275
tf.Tensor(-10831.561499403793, shape=(), dtype=float64)
nll_grad  cost time: 2.884554862976074
tf.Tensor(-10831.561500131567, shape=(), dtype=float64)
nll_grad  cost time: 3.064551591873169
tf.Tensor(-10831.561501129352, shape=(), dtype=float64)
nll_grad  cost time: 3.1106042861938477
tf.Tensor(-10831.561502256141, shape=(), dtype=float64)
nll_grad  cost time: 2.9542226791381836
tf.Tensor(-10831.561503613293, shape=(), dtype=float64)
nll_grad  cost time: 2.8961358070373535
tf.Tensor(-10831.561505535778, shape=(), dtype=float64)
nll_grad  cost time: 3.0189168453216553
tf.Tensor(-10831.561508587853, shape=(), dtype=float64)
nll_grad  cost time: 2.9040207862854004
tf.Tensor(-10831.561513309076, shape=(), dtype=float64)
nll_grad  cost time: 2.803861379623413
tf.Tensor(-10831.561518990515, shape=(), dtype=float64)
nll_grad  cost time: 2.8105719089508057
tf.Tensor(-10831.561522488404, shape=(), dtype=float64)
nll_grad  cost time: 2.7757394313812256
tf.Tensor(-10831.561523822613, shape=(), dtype=float64)
nll_grad  cost time: 2.8167002201080322
tf.Tensor(-10831.561524078004, shape=(), dtype=float64)
nll_grad  cost time: 2.8110251426696777
tf.Tensor(-10831.561524133731, shape=(), dtype=float64)
nll_grad  cost time: 3.0280849933624268
tf.Tensor(-10831.561524146688, shape=(), dtype=float64)
nll_grad  cost time: 2.7867431640625
tf.Tensor(-10831.561524148769, shape=(), dtype=float64)
nll_grad  cost time: 2.8369739055633545
tf.Tensor(-10831.561524149045, shape=(), dtype=float64)
Optimization terminated successfully.
         Current function value: -10831.561524
         Iterations: 1359
         Function evaluations: 1382
         Gradient evaluations: 1382
  message: Optimization terminated successfully.
  success: True
   status: 0
      fun: -10831.561524149045
        x: [ 7.352e-02  1.702e+00 ...  7.273e-01 -3.622e+00]
      nit: 1359
      jac: [ 0.000e+00  0.000e+00 ...  1.115e-05  1.341e-05]
 hess_inv: [[ 1.000e+00  0.000e+00 ...  0.000e+00  0.000e+00]
            [ 0.000e+00  1.000e+00 ...  0.000e+00  0.000e+00]
            ...
            [ 0.000e+00  0.000e+00 ...  4.996e-02  2.783e-03]
            [ 0.000e+00  0.000e+00 ...  2.783e-03  9.671e-02]]
     nfev: 1382
     njev: 1382
fit  cost time: 4073.4989581108093

========== Fit loop 4/5 ==========
using RANDOM parameters

########### initial parameters
{
  "rho(1450)p_mass": 1.51,
  "rho(1450)p_width": 0.44,
  "rho(1570)p_mass": 1.57,
  "rho(1570)p_width": 0.14,
  "rho(1690)p_mass": 1.681,
  "rho(1690)p_width": 0.19,
  "rho(1450)m_mass": 1.51,
  "rho(1450)m_width": 0.44,
  "rho(1570)m_mass": 1.57,
  "rho(1570)m_width": 0.14,
  "rho(1690)m_mass": 1.681,
  "rho(1690)m_width": 0.19,
  "f0(500)_E791_mass": 0.478,
  "f2(1270)_flatte_mass": 1.2754,
  "f2(1270)_flatte_g_0": 1.0905508966565451,
  "f2(1270)_flatte_g_1": 2.5797254113069368,
  "f0(1370)_mass": 1.37,
  "f0(1370)_width": 0.35,
  "f0(1500)_flatte_mass": 1.522,
  "f0(1500)_flatte_g_0": 0.24377060791242744,
  "f0(1500)_flatte_g_1": 1.9632331448839786,
  "f2(1430)_mass": 1.43,
  "f2(1430)_width": 0.046,
  "f2(2010)_mass": 2.011,
  "f2(2010)_width": 0.202,
  "Jpsi->rho(1450)p.pimrho(1450)p->phi.pip_total_0r": 1.0,
  "Jpsi->rho(1450)p.pimrho(1450)p->phi.pip_total_0i": 0.0,
  "Jpsi->rho(1450)p.pim_g_ls_0r": 1.0,
  "Jpsi->rho(1450)p.pim_g_ls_0i": 0.0,
  "rho(1450)p->phi.pip_g_ls_0r": 1.0,
  "rho(1450)p->phi.pip_g_ls_0i": 0.0,
  "Jpsi->rho(1570)p.pimrho(1570)p->phi.pip_total_0r": 0.05569113638049261,
  "Jpsi->rho(1570)p.pimrho(1570)p->phi.pip_total_0i": 0.8849071258127097,
  "Jpsi->rho(1570)p.pim_g_ls_0r": 1.0,
  "Jpsi->rho(1570)p.pim_g_ls_0i": 0.0,
  "rho(1570)p->phi.pip_g_ls_0r": 1.0,
  "rho(1570)p->phi.pip_g_ls_0i": 0.0,
  "Jpsi->rho(1690)p.pimrho(1690)p->phi.pip_total_0r": 1.904642011532557,
  "Jpsi->rho(1690)p.pimrho(1690)p->phi.pip_total_0i": 0.2356867288068587,
  "Jpsi->rho(1690)p.pim_g_ls_0r": 1.0,
  "Jpsi->rho(1690)p.pim_g_ls_0i": 0.0,
  "rho(1690)p->phi.pip_g_ls_0r": 1.0,
  "rho(1690)p->phi.pip_g_ls_0i": 0.0,
  "Jpsi->rho(1450)m.piprho(1450)m->phi.pim_total_0r": 1.0,
  "Jpsi->rho(1450)m.piprho(1450)m->phi.pim_total_0i": 0.0,
  "Jpsi->rho(1450)m.pip_g_ls_0r": 1.0,
  "Jpsi->rho(1450)m.pip_g_ls_0i": 0.0,
  "rho(1450)m->phi.pim_g_ls_0r": 1.0,
  "rho(1450)m->phi.pim_g_ls_0i": 0.0,
  "Jpsi->rho(1570)m.piprho(1570)m->phi.pim_total_0r": 0.05569113638049261,
  "Jpsi->rho(1570)m.piprho(1570)m->phi.pim_total_0i": 0.8849071258127097,
  "Jpsi->rho(1570)m.pip_g_ls_0r": 1.0,
  "Jpsi->rho(1570)m.pip_g_ls_0i": 0.0,
  "rho(1570)m->phi.pim_g_ls_0r": 1.0,
  "rho(1570)m->phi.pim_g_ls_0i": 0.0,
  "Jpsi->rho(1690)m.piprho(1690)m->phi.pim_total_0r": 1.904642011532557,
  "Jpsi->rho(1690)m.piprho(1690)m->phi.pim_total_0i": 0.2356867288068587,
  "Jpsi->rho(1690)m.pip_g_ls_0r": 1.0,
  "Jpsi->rho(1690)m.pip_g_ls_0i": 0.0,
  "rho(1690)m->phi.pim_g_ls_0r": 1.0,
  "rho(1690)m->phi.pim_g_ls_0i": 0.0,
  "Jpsi->phi.f0(500)_E791f0(500)_E791->pip.pim_total_0r": 0.8131424097809319,
  "Jpsi->phi.f0(500)_E791f0(500)_E791->pip.pim_total_0i": -2.0072807608237584,
  "Jpsi->phi.f0(500)_E791_g_ls_0r": 1.0,
  "Jpsi->phi.f0(500)_E791_g_ls_0i": 0.0,
  "Jpsi->phi.f0(500)_E791_g_ls_1r": 1.3582355842848637,
  "Jpsi->phi.f0(500)_E791_g_ls_1i": -1.1000592906167297,
  "f0(500)_E791->pip.pim_g_ls_0r": 1.0,
  "f0(500)_E791->pip.pim_g_ls_0i": 0.0,
  "Jpsi->phi.f0(980)_flattef0(980)_flatte->pip.pim_total_0r": 1.372282581252973,
  "Jpsi->phi.f0(980)_flattef0(980)_flatte->pip.pim_total_0i": 0.4542102855698591,
  "f0(980)_flatte->pip.pim_g_ls_0r": 1.0,
  "f0(980)_flatte->pip.pim_g_ls_0i": 0.0,
  "Jpsi->phi.f2(1270)_flattef2(1270)_flatte->pip.pim_total_0r": 1.1850840249717987,
  "Jpsi->phi.f2(1270)_flattef2(1270)_flatte->pip.pim_total_0i": 0.9472721309086438,
  "Jpsi->phi.f2(1270)_flatte_g_ls_0r": 1.0,
  "Jpsi->phi.f2(1270)_flatte_g_ls_0i": 0.0,
  "Jpsi->phi.f2(1270)_flatte_g_ls_1r": 0.977798272894391,
  "Jpsi->phi.f2(1270)_flatte_g_ls_1i": 2.989752131488478,
  "Jpsi->phi.f2(1270)_flatte_g_ls_2r": 1.3072035130591515,
  "Jpsi->phi.f2(1270)_flatte_g_ls_2i": 0.81118142601589,
  "Jpsi->phi.f2(1270)_flatte_g_ls_3r": 1.057056342955041,
  "Jpsi->phi.f2(1270)_flatte_g_ls_3i": 1.2218341570588747,
  "Jpsi->phi.f2(1270)_flatte_g_ls_4r": 1.7417409630198502,
  "Jpsi->phi.f2(1270)_flatte_g_ls_4i": 1.585747202538693,
  "f2(1270)_flatte->pip.pim_g_ls_0r": 1.0,
  "f2(1270)_flatte->pip.pim_g_ls_0i": 0.0,
  "Jpsi->phi.f0(1370)f0(1370)->pip.pim_total_0r": 0.5582673668908291,
  "Jpsi->phi.f0(1370)f0(1370)->pip.pim_total_0i": 0.9870529655195321,
  "Jpsi->phi.f0(1370)_g_ls_0r": 1.0,
  "Jpsi->phi.f0(1370)_g_ls_0i": 0.0,
  "Jpsi->phi.f0(1370)_g_ls_1r": 1.9586492314398316,
  "Jpsi->phi.f0(1370)_g_ls_1i": 0.6392872827988438,
  "f0(1370)->pip.pim_g_ls_0r": 1.0,
  "f0(1370)->pip.pim_g_ls_0i": 0.0,
  "Jpsi->phi.f0(1500)_flattef0(1500)_flatte->pip.pim_total_0r": 1.1338342022251209,
  "Jpsi->phi.f0(1500)_flattef0(1500)_flatte->pip.pim_total_0i": 1.7670303118341515,
  "Jpsi->phi.f0(1500)_flatte_g_ls_0r": 1.0,
  "Jpsi->phi.f0(1500)_flatte_g_ls_0i": 0.0,
  "Jpsi->phi.f0(1500)_flatte_g_ls_1r": 1.7826538958399722,
  "Jpsi->phi.f0(1500)_flatte_g_ls_1i": 1.9000603513733276,
  "f0(1500)_flatte->pip.pim_g_ls_0r": 1.0,
  "f0(1500)_flatte->pip.pim_g_ls_0i": 0.0,
  "Jpsi->phi.f0(1710)f0(1710)->pip.pim_total_0r": 0.9137928270353148,
  "Jpsi->phi.f0(1710)f0(1710)->pip.pim_total_0i": -0.5157007751499756,
  "f0(1710)->pip.pim_g_ls_0r": 1.0,
  "f0(1710)->pip.pim_g_ls_0i": 0.0,
  "Jpsi->phi.f2(1430)f2(1430)->pip.pim_total_0r": 0.5059756286810075,
  "Jpsi->phi.f2(1430)f2(1430)->pip.pim_total_0i": -2.129031543568467,
  "Jpsi->phi.f2(1430)_g_ls_0r": 1.0,
  "Jpsi->phi.f2(1430)_g_ls_0i": 0.0,
  "Jpsi->phi.f2(1430)_g_ls_1r": 0.9850914425958157,
  "Jpsi->phi.f2(1430)_g_ls_1i": 0.4248023704174786,
  "Jpsi->phi.f2(1430)_g_ls_2r": 1.8865815161486474,
  "Jpsi->phi.f2(1430)_g_ls_2i": 2.8119202025984693,
  "Jpsi->phi.f2(1430)_g_ls_3r": 0.2727806970160951,
  "Jpsi->phi.f2(1430)_g_ls_3i": -0.7611591604197829,
  "Jpsi->phi.f2(1430)_g_ls_4r": 1.2764498390615322,
  "Jpsi->phi.f2(1430)_g_ls_4i": -1.1220919379369585,
  "f2(1430)->pip.pim_g_ls_0r": 1.0,
  "f2(1430)->pip.pim_g_ls_0i": 0.0,
  "Jpsi->phi.f2(2010)f2(2010)->pip.pim_total_0r": 1.566182564898193,
  "Jpsi->phi.f2(2010)f2(2010)->pip.pim_total_0i": -2.183459270192139,
  "Jpsi->phi.f2(2010)_g_ls_0r": 1.0,
  "Jpsi->phi.f2(2010)_g_ls_0i": 0.0,
  "Jpsi->phi.f2(2010)_g_ls_1r": 0.8315696573748297,
  "Jpsi->phi.f2(2010)_g_ls_1i": -3.1408348502375523,
  "Jpsi->phi.f2(2010)_g_ls_2r": 0.03982319860830286,
  "Jpsi->phi.f2(2010)_g_ls_2i": 2.5542400336792186,
  "Jpsi->phi.f2(2010)_g_ls_3r": 1.5775675497189168,
  "Jpsi->phi.f2(2010)_g_ls_3i": -1.4702170819600449,
  "Jpsi->phi.f2(2010)_g_ls_4r": 0.1600456163334183,
  "Jpsi->phi.f2(2010)_g_ls_4i": 2.2436255833416494,
  "f2(2010)->pip.pim_g_ls_0r": 1.0,
  "f2(2010)->pip.pim_g_ls_0i": 0.0,
  "K1(1400)p_mass": 1.403,
  "K1(1400)p_width": 0.174,
  "K2(1820)p_mass": 1.819,
  "K2(1820)p_width": 0.264,
  "K2(1980)p_mass": 1.99,
  "K2(1980)p_width": 0.348,
  "K2(2250)p_mass": 2.247,
  "K2(2250)p_width": 0.18,
  "K3(2320)p_mass": 2.324,
  "K3(2320)p_width": 0.15,
  "K1(1400)m_mass": 1.403,
  "K1(1400)m_width": 0.174,
  "K2(1820)m_mass": 1.819,
  "K2(1820)m_width": 0.264,
  "K2(1980)m_mass": 1.99,
  "K2(1980)m_width": 0.348,
  "K3(2320)m_mass": 2.324,
  "K3(2320)m_width": 0.15,
  "f0(980)_flatte_mass": 0.965,
  "f0(980)_flatte_g_0": 2.596329099019041,
  "f0(980)_flatte_g_1": 0.8943186148116192,
  "f2(1270)_mass": 1.2754,
  "f2(1270)_width": 0.1858,
  "f0(1500)_mass": 1.522,
  "f0(1500)_width": 0.108,
  "f2(1525)_mass": 1.5173,
  "f2(1525)_width": 0.072,
  "f2(1565)_mass": 1.571,
  "f2(1565)_width": 0.132,
  "f0(1710)_mass": 1.733,
  "f0(1710)_width": 0.15,
  "f2(1810)_mass": 1.815,
  "f2(1810)_width": 0.197,
  "Jpsi->K1(1400)p.kmK1(1400)p->phi.kp_total_0r": 1.0,
  "Jpsi->K1(1400)p.kmK1(1400)p->phi.kp_total_0i": 0.0,
  "Jpsi->K1(1400)p.km_g_ls_0r": 1.0,
  "Jpsi->K1(1400)p.km_g_ls_0i": 0.0,
  "Jpsi->K1(1400)p.km_g_ls_1r": 1.5762362203364013,
  "Jpsi->K1(1400)p.km_g_ls_1i": 1.8557121703026658,
  "K1(1400)p->phi.kp_g_ls_0r": 1.0,
  "K1(1400)p->phi.kp_g_ls_0i": 0.0,
  "K1(1400)p->phi.kp_g_ls_1r": 1.215231777910803,
  "K1(1400)p->phi.kp_g_ls_1i": -1.6960889475855812,
  "Jpsi->K2(1820)p.kmK2(1820)p->phi.kp_total_0r": 1.1825168997022728,
  "Jpsi->K2(1820)p.kmK2(1820)p->phi.kp_total_0i": 0.021961166118717124,
  "Jpsi->K2(1820)p.km_g_ls_0r": 1.0,
  "Jpsi->K2(1820)p.km_g_ls_0i": 0.0,
  "Jpsi->K2(1820)p.km_g_ls_1r": 0.500265065335427,
  "Jpsi->K2(1820)p.km_g_ls_1i": 0.7406555385314713,
  "K2(1820)p->phi.kp_g_ls_0r": 1.0,
  "K2(1820)p->phi.kp_g_ls_0i": 0.0,
  "K2(1820)p->phi.kp_g_ls_1r": 0.32764145693961844,
  "K2(1820)p->phi.kp_g_ls_1i": 0.5193462157456814,
  "Jpsi->K2(1980)p.kmK2(1980)p->phi.kp_total_0r": 0.5624296028421263,
  "Jpsi->K2(1980)p.kmK2(1980)p->phi.kp_total_0i": -1.1878625490129702,
  "Jpsi->K2(1980)p.km_g_ls_0r": 1.0,
  "Jpsi->K2(1980)p.km_g_ls_0i": 0.0,
  "K2(1980)p->phi.kp_g_ls_0r": 1.0,
  "K2(1980)p->phi.kp_g_ls_0i": 0.0,
  "Jpsi->K2(2250)p.kmK2(2250)p->phi.kp_total_0r": 1.0450800124821082,
  "Jpsi->K2(2250)p.kmK2(2250)p->phi.kp_total_0i": -2.344428170085258,
  "Jpsi->K2(2250)p.km_g_ls_0r": 1.0,
  "Jpsi->K2(2250)p.km_g_ls_0i": 0.0,
  "Jpsi->K2(2250)p.km_g_ls_1r": 1.139000865458601,
  "Jpsi->K2(2250)p.km_g_ls_1i": -0.46405926540247666,
  "K2(2250)p->phi.kp_g_ls_0r": 1.0,
  "K2(2250)p->phi.kp_g_ls_0i": 0.0,
  "K2(2250)p->phi.kp_g_ls_1r": 0.27912220391477005,
  "K2(2250)p->phi.kp_g_ls_1i": -2.2725577724377493,
  "Jpsi->K3(2320)p.kmK3(2320)p->phi.kp_total_0r": 1.8842252881090076,
  "Jpsi->K3(2320)p.kmK3(2320)p->phi.kp_total_0i": 2.4870324507552333,
  "Jpsi->K3(2320)p.km_g_ls_0r": 1.0,
  "Jpsi->K3(2320)p.km_g_ls_0i": 0.0,
  "Jpsi->K3(2320)p.km_g_ls_1r": 0.03150915702635082,
  "Jpsi->K3(2320)p.km_g_ls_1i": -1.1835391275972642,
  "K3(2320)p->phi.kp_g_ls_0r": 1.0,
  "K3(2320)p->phi.kp_g_ls_0i": 0.0,
  "K3(2320)p->phi.kp_g_ls_1r": 0.055183613071453586,
  "K3(2320)p->phi.kp_g_ls_1i": -1.587536952449015,
  "Jpsi->K1(1400)m.kpK1(1400)m->phi.km_total_0r": 1.0,
  "Jpsi->K1(1400)m.kpK1(1400)m->phi.km_total_0i": 0.0,
  "Jpsi->K1(1400)m.kp_g_ls_0r": 1.0,
  "Jpsi->K1(1400)m.kp_g_ls_0i": 0.0,
  "Jpsi->K1(1400)m.kp_g_ls_1r": 1.5762362203364013,
  "Jpsi->K1(1400)m.kp_g_ls_1i": 1.8557121703026658,
  "K1(1400)m->phi.km_g_ls_0r": 1.0,
  "K1(1400)m->phi.km_g_ls_0i": 0.0,
  "K1(1400)m->phi.km_g_ls_1r": 1.215231777910803,
  "K1(1400)m->phi.km_g_ls_1i": -1.6960889475855812,
  "Jpsi->K2(1820)m.kpK2(1820)m->phi.km_total_0r": 1.1825168997022728,
  "Jpsi->K2(1820)m.kpK2(1820)m->phi.km_total_0i": 0.021961166118717124,
  "Jpsi->K2(1820)m.kp_g_ls_0r": 1.0,
  "Jpsi->K2(1820)m.kp_g_ls_0i": 0.0,
  "Jpsi->K2(1820)m.kp_g_ls_1r": 0.500265065335427,
  "Jpsi->K2(1820)m.kp_g_ls_1i": 0.7406555385314713,
  "K2(1820)m->phi.km_g_ls_0r": 1.0,
  "K2(1820)m->phi.km_g_ls_0i": 0.0,
  "K2(1820)m->phi.km_g_ls_1r": 0.32764145693961844,
  "K2(1820)m->phi.km_g_ls_1i": 0.5193462157456814,
  "Jpsi->K2(1980)m.kpK2(1980)m->phi.km_total_0r": 0.5624296028421263,
  "Jpsi->K2(1980)m.kpK2(1980)m->phi.km_total_0i": -1.1878625490129702,
  "Jpsi->K2(1980)m.kp_g_ls_0r": 1.0,
  "Jpsi->K2(1980)m.kp_g_ls_0i": 0.0,
  "K2(1980)m->phi.km_g_ls_0r": 1.0,
  "K2(1980)m->phi.km_g_ls_0i": 0.0,
  "Jpsi->K2(2250)p.kpK2(2250)p->phi.km_total_0r": 1.8388916603058933,
  "Jpsi->K2(2250)p.kpK2(2250)p->phi.km_total_0i": 0.5905236451999114,
  "Jpsi->K2(2250)p.kp_g_ls_0r": 1.0,
  "Jpsi->K2(2250)p.kp_g_ls_0i": 0.0,
  "Jpsi->K2(2250)p.kp_g_ls_1r": 1.5757136819414206,
  "Jpsi->K2(2250)p.kp_g_ls_1i": 2.193742924254038,
  "K2(2250)p->phi.km_g_ls_0r": 1.0,
  "K2(2250)p->phi.km_g_ls_0i": 0.0,
  "K2(2250)p->phi.km_g_ls_1r": 0.23662126129502115,
  "K2(2250)p->phi.km_g_ls_1i": -0.014779709982827516,
  "Jpsi->K3(2320)m.kpK3(2320)m->phi.km_total_0r": 1.8842252881090076,
  "Jpsi->K3(2320)m.kpK3(2320)m->phi.km_total_0i": 2.4870324507552333,
  "Jpsi->K3(2320)m.kp_g_ls_0r": 1.0,
  "Jpsi->K3(2320)m.kp_g_ls_0i": 0.0,
  "Jpsi->K3(2320)m.kp_g_ls_1r": 0.03150915702635082,
  "Jpsi->K3(2320)m.kp_g_ls_1i": -1.1835391275972642,
  "K3(2320)m->phi.km_g_ls_0r": 1.0,
  "K3(2320)m->phi.km_g_ls_0i": 0.0,
  "K3(2320)m->phi.km_g_ls_1r": 0.055183613071453586,
  "K3(2320)m->phi.km_g_ls_1i": -1.587536952449015,
  "Jpsi->phi.f0(980)_flattef0(980)_flatte->kp.km_total_0r": 1.7268731084238618,
  "Jpsi->phi.f0(980)_flattef0(980)_flatte->kp.km_total_0i": -2.5399509073513635,
  "Jpsi->phi.f0(980)_flatte_g_ls_0r": 1.0,
  "Jpsi->phi.f0(980)_flatte_g_ls_0i": 0.0,
  "Jpsi->phi.f0(980)_flatte_g_ls_1r": 0.1923186139854529,
  "Jpsi->phi.f0(980)_flatte_g_ls_1i": -0.23419585922578978,
  "f0(980)_flatte->kp.km_g_ls_0r": 1.0,
  "f0(980)_flatte->kp.km_g_ls_0i": 0.0,
  "Jpsi->phi.f2(1270)f2(1270)->kp.km_total_0r": 1.9984491824690842,
  "Jpsi->phi.f2(1270)f2(1270)->kp.km_total_0i": -1.1353094897793294,
  "Jpsi->phi.f2(1270)_g_ls_0r": 1.0,
  "Jpsi->phi.f2(1270)_g_ls_0i": 0.0,
  "Jpsi->phi.f2(1270)_g_ls_1r": 1.354146731234772,
  "Jpsi->phi.f2(1270)_g_ls_1i": -2.8851537161558296,
  "Jpsi->phi.f2(1270)_g_ls_2r": 0.006732772845145174,
  "Jpsi->phi.f2(1270)_g_ls_2i": 2.455959848511541,
  "Jpsi->phi.f2(1270)_g_ls_3r": 1.9888579955145418,
  "Jpsi->phi.f2(1270)_g_ls_3i": 1.664842753460106,
  "Jpsi->phi.f2(1270)_g_ls_4r": 0.5484032811430546,
  "Jpsi->phi.f2(1270)_g_ls_4i": -1.4130254159327031,
  "f2(1270)->kp.km_g_ls_0r": 1.0,
  "f2(1270)->kp.km_g_ls_0i": 0.0,
  "Jpsi->phi.f0(1500)f0(1500)->kp.km_total_0r": 0.42923589272575224,
  "Jpsi->phi.f0(1500)f0(1500)->kp.km_total_0i": 1.5263267899058341,
  "Jpsi->phi.f0(1500)_g_ls_0r": 1.0,
  "Jpsi->phi.f0(1500)_g_ls_0i": 0.0,
  "Jpsi->phi.f0(1500)_g_ls_1r": 1.5310186860058548,
  "Jpsi->phi.f0(1500)_g_ls_1i": -0.9492033783380882,
  "f0(1500)->kp.km_g_ls_0r": 1.0,
  "f0(1500)->kp.km_g_ls_0i": 0.0,
  "Jpsi->phi.f2(1525)f2(1525)->kp.km_total_0r": 0.47071733758312373,
  "Jpsi->phi.f2(1525)f2(1525)->kp.km_total_0i": -0.14762492363336444,
  "Jpsi->phi.f2(1525)_g_ls_0r": 1.0,
  "Jpsi->phi.f2(1525)_g_ls_0i": 0.0,
  "Jpsi->phi.f2(1525)_g_ls_1r": 0.17710355292595636,
  "Jpsi->phi.f2(1525)_g_ls_1i": 0.5729380042417991,
  "Jpsi->phi.f2(1525)_g_ls_2r": 0.6318524667785588,
  "Jpsi->phi.f2(1525)_g_ls_2i": 2.3043278221730397,
  "Jpsi->phi.f2(1525)_g_ls_3r": 0.4053166506643304,
  "Jpsi->phi.f2(1525)_g_ls_3i": 2.4990590039704177,
  "Jpsi->phi.f2(1525)_g_ls_4r": 0.9713129378650245,
  "Jpsi->phi.f2(1525)_g_ls_4i": -0.14620963490667283,
  "f2(1525)->kp.km_g_ls_0r": 1.0,
  "f2(1525)->kp.km_g_ls_0i": 0.0,
  "Jpsi->phi.f2(1565)f2(1565)->kp.km_total_0r": 1.0322079790946899,
  "Jpsi->phi.f2(1565)f2(1565)->kp.km_total_0i": -0.46395906532383613,
  "Jpsi->phi.f2(1565)_g_ls_0r": 1.0,
  "Jpsi->phi.f2(1565)_g_ls_0i": 0.0,
  "Jpsi->phi.f2(1565)_g_ls_1r": 1.109527247326875,
  "Jpsi->phi.f2(1565)_g_ls_1i": 1.1455577813338982,
  "Jpsi->phi.f2(1565)_g_ls_2r": 1.1455358841887624,
  "Jpsi->phi.f2(1565)_g_ls_2i": -1.6688041586954003,
  "Jpsi->phi.f2(1565)_g_ls_3r": 0.864655728450511,
  "Jpsi->phi.f2(1565)_g_ls_3i": -2.7526052865240453,
  "Jpsi->phi.f2(1565)_g_ls_4r": 1.4573006563018418,
  "Jpsi->phi.f2(1565)_g_ls_4i": -2.5767733981378083,
  "f2(1565)->kp.km_g_ls_0r": 1.0,
  "f2(1565)->kp.km_g_ls_0i": 0.0,
  "Jpsi->phi.f0(1710)f0(1710)->kp.km_total_0r": 0.3551281286885848,
  "Jpsi->phi.f0(1710)f0(1710)->kp.km_total_0i": 2.633258999604081,
  "Jpsi->phi.f0(1710)_g_ls_0r": 1.0,
  "Jpsi->phi.f0(1710)_g_ls_0i": 0.0,
  "Jpsi->phi.f0(1710)_g_ls_1r": 1.8993693255725592,
  "Jpsi->phi.f0(1710)_g_ls_1i": -0.17909176853765496,
  "f0(1710)->kp.km_g_ls_0r": 1.0,
  "f0(1710)->kp.km_g_ls_0i": 0.0,
  "Jpsi->phi.f2(1810)f2(1810)->kp.km_total_0r": 1.3385949103520374,
  "Jpsi->phi.f2(1810)f2(1810)->kp.km_total_0i": -0.06628465991511856,
  "Jpsi->phi.f2(1810)_g_ls_0r": 1.0,
  "Jpsi->phi.f2(1810)_g_ls_0i": 0.0,
  "Jpsi->phi.f2(1810)_g_ls_1r": 1.9300856648274918,
  "Jpsi->phi.f2(1810)_g_ls_1i": -0.7793952488515896,
  "Jpsi->phi.f2(1810)_g_ls_2r": 1.571813262816685,
  "Jpsi->phi.f2(1810)_g_ls_2i": 1.0667249456503587,
  "Jpsi->phi.f2(1810)_g_ls_3r": 1.9852876002006563,
  "Jpsi->phi.f2(1810)_g_ls_3i": 0.7720419007692212,
  "Jpsi->phi.f2(1810)_g_ls_4r": 0.8883957539261305,
  "Jpsi->phi.f2(1810)_g_ls_4i": 1.408739963019901,
  "f2(1810)->kp.km_g_ls_0r": 1.0,
  "f2(1810)->kp.km_g_ls_0i": 0.0
}
nll_grad  cost time: 2.775132894515991
nll_grad  cost time: 2.8455982208251953
tf.Tensor(-2256.7533135444683, shape=(), dtype=float64)
nll_grad  cost time: 2.901939630508423
nll_grad  cost time: 2.7428653240203857
tf.Tensor(-3578.402300408372, shape=(), dtype=float64)
nll_grad  cost time: 2.7687151432037354
tf.Tensor(-5378.164298199641, shape=(), dtype=float64)
nll_grad  cost time: 2.864842176437378
tf.Tensor(-6570.0188766584615, shape=(), dtype=float64)
nll_grad  cost time: 2.820336103439331
nll_grad  cost time: 2.73333740234375
tf.Tensor(-7186.075069087237, shape=(), dtype=float64)
nll_grad  cost time: 2.8321568965911865
tf.Tensor(-7384.287099709123, shape=(), dtype=float64)
nll_grad  cost time: 2.907651662826538
tf.Tensor(-7615.662234213116, shape=(), dtype=float64)
nll_grad  cost time: 2.845001697540283
tf.Tensor(-7894.892436731519, shape=(), dtype=float64)
nll_grad  cost time: 2.825432062149048
tf.Tensor(-8175.665670857401, shape=(), dtype=float64)
nll_grad  cost time: 2.8492431640625
tf.Tensor(-8265.844044832076, shape=(), dtype=float64)
nll_grad  cost time: 2.6980807781219482
tf.Tensor(-8401.514399900101, shape=(), dtype=float64)
nll_grad  cost time: 2.7596335411071777
tf.Tensor(-8617.22796164504, shape=(), dtype=float64)
nll_grad  cost time: 2.741447687149048
tf.Tensor(-8910.756512595952, shape=(), dtype=float64)
nll_grad  cost time: 2.8231959342956543
nll_grad  cost time: 2.7192018032073975
tf.Tensor(-9042.398451717847, shape=(), dtype=float64)
nll_grad  cost time: 2.872051239013672
tf.Tensor(-9064.78860371541, shape=(), dtype=float64)
nll_grad  cost time: 2.9212894439697266
tf.Tensor(-9102.13925320396, shape=(), dtype=float64)
nll_grad  cost time: 2.992462396621704
tf.Tensor(-9162.004526650024, shape=(), dtype=float64)
nll_grad  cost time: 3.1821553707122803
tf.Tensor(-9236.696348018682, shape=(), dtype=float64)
nll_grad  cost time: 3.2835581302642822
tf.Tensor(-9340.278427486104, shape=(), dtype=float64)
nll_grad  cost time: 3.1818833351135254
nll_grad  cost time: 3.13578462600708
tf.Tensor(-9401.965785527296, shape=(), dtype=float64)
nll_grad  cost time: 3.2222402095794678
tf.Tensor(-9469.468129186906, shape=(), dtype=float64)
nll_grad  cost time: 3.2788233757019043
tf.Tensor(-9537.226147327354, shape=(), dtype=float64)
nll_grad  cost time: 3.2658162117004395
tf.Tensor(-9595.485988897286, shape=(), dtype=float64)
nll_grad  cost time: 3.2132692337036133
tf.Tensor(-9650.654192943999, shape=(), dtype=float64)
nll_grad  cost time: 3.180619716644287
tf.Tensor(-9711.456594495627, shape=(), dtype=float64)
nll_grad  cost time: 2.999399423599243
tf.Tensor(-9751.374427497882, shape=(), dtype=float64)
nll_grad  cost time: 2.886303424835205
tf.Tensor(-9790.583505857881, shape=(), dtype=float64)
nll_grad  cost time: 2.920492649078369
tf.Tensor(-9804.770741600412, shape=(), dtype=float64)
nll_grad  cost time: 2.8357605934143066
tf.Tensor(-9827.719456808496, shape=(), dtype=float64)
nll_grad  cost time: 2.8999173641204834
tf.Tensor(-9857.88403104138, shape=(), dtype=float64)
nll_grad  cost time: 2.8169655799865723
tf.Tensor(-9868.453931464697, shape=(), dtype=float64)
nll_grad  cost time: 2.862835645675659
tf.Tensor(-9886.585378417716, shape=(), dtype=float64)
nll_grad  cost time: 2.862997055053711
tf.Tensor(-9914.598544245324, shape=(), dtype=float64)
nll_grad  cost time: 2.9700334072113037
tf.Tensor(-9937.670865909182, shape=(), dtype=float64)
nll_grad  cost time: 2.8132147789001465
tf.Tensor(-9952.829798462772, shape=(), dtype=float64)
nll_grad  cost time: 2.8161444664001465
tf.Tensor(-9972.449464033023, shape=(), dtype=float64)
nll_grad  cost time: 2.8372812271118164
tf.Tensor(-9995.678577516126, shape=(), dtype=float64)
nll_grad  cost time: 2.9031243324279785
tf.Tensor(-10020.275296552893, shape=(), dtype=float64)
nll_grad  cost time: 2.857058048248291
tf.Tensor(-10029.886795769708, shape=(), dtype=float64)
nll_grad  cost time: 2.8337578773498535
tf.Tensor(-10043.687047317755, shape=(), dtype=float64)
nll_grad  cost time: 2.824406385421753
tf.Tensor(-10062.257327992163, shape=(), dtype=float64)
nll_grad  cost time: 2.9082367420196533
tf.Tensor(-10078.031624445575, shape=(), dtype=float64)
nll_grad  cost time: 2.8114373683929443
tf.Tensor(-10095.17565475381, shape=(), dtype=float64)
nll_grad  cost time: 2.7708046436309814
tf.Tensor(-10106.602237552856, shape=(), dtype=float64)
nll_grad  cost time: 2.762784719467163
tf.Tensor(-10114.429392778751, shape=(), dtype=float64)
nll_grad  cost time: 2.855708360671997
tf.Tensor(-10125.536064265078, shape=(), dtype=float64)
nll_grad  cost time: 2.879185438156128
tf.Tensor(-10139.73915133506, shape=(), dtype=float64)
nll_grad  cost time: 2.863752841949463
tf.Tensor(-10152.932710076711, shape=(), dtype=float64)
nll_grad  cost time: 2.9126086235046387
tf.Tensor(-10165.791472726705, shape=(), dtype=float64)
nll_grad  cost time: 2.8328697681427
tf.Tensor(-10177.68614129482, shape=(), dtype=float64)
nll_grad  cost time: 2.823496103286743
tf.Tensor(-10183.441568966824, shape=(), dtype=float64)
nll_grad  cost time: 2.801769495010376
tf.Tensor(-10191.307336807862, shape=(), dtype=float64)
nll_grad  cost time: 2.7867307662963867
tf.Tensor(-10200.759800881278, shape=(), dtype=float64)
nll_grad  cost time: 3.0798866748809814
tf.Tensor(-10206.36860483783, shape=(), dtype=float64)
nll_grad  cost time: 2.9155848026275635
tf.Tensor(-10214.487306233408, shape=(), dtype=float64)
nll_grad  cost time: 2.787881851196289
tf.Tensor(-10225.943779569134, shape=(), dtype=float64)
nll_grad  cost time: 2.7772321701049805
tf.Tensor(-10237.8094205612, shape=(), dtype=float64)
nll_grad  cost time: 2.769768238067627
tf.Tensor(-10243.986659560702, shape=(), dtype=float64)
nll_grad  cost time: 2.853104829788208
tf.Tensor(-10252.478078589644, shape=(), dtype=float64)
nll_grad  cost time: 2.8414223194122314
tf.Tensor(-10261.094415772648, shape=(), dtype=float64)
nll_grad  cost time: 2.797018051147461
tf.Tensor(-10271.069975939361, shape=(), dtype=float64)
nll_grad  cost time: 2.9521007537841797
tf.Tensor(-10279.845104852837, shape=(), dtype=float64)
nll_grad  cost time: 3.0028815269470215
tf.Tensor(-10290.10395585686, shape=(), dtype=float64)
nll_grad  cost time: 2.959703207015991
tf.Tensor(-10299.373048381574, shape=(), dtype=float64)
nll_grad  cost time: 3.0449061393737793
tf.Tensor(-10311.78829116201, shape=(), dtype=float64)
nll_grad  cost time: 2.978292942047119
tf.Tensor(-10320.29752340274, shape=(), dtype=float64)
nll_grad  cost time: 3.0319857597351074
tf.Tensor(-10331.954792218108, shape=(), dtype=float64)
nll_grad  cost time: 2.9766266345977783
tf.Tensor(-10347.492257868318, shape=(), dtype=float64)
nll_grad  cost time: 3.061394214630127
nll_grad  cost time: 3.0261666774749756
tf.Tensor(-10356.341099268582, shape=(), dtype=float64)
nll_grad  cost time: 3.0217983722686768
tf.Tensor(-10365.49167904946, shape=(), dtype=float64)
nll_grad  cost time: 3.1223902702331543
tf.Tensor(-10373.5861411207, shape=(), dtype=float64)
nll_grad  cost time: 3.005699396133423
tf.Tensor(-10381.71204546075, shape=(), dtype=float64)
nll_grad  cost time: 2.833132028579712
tf.Tensor(-10384.548067460892, shape=(), dtype=float64)
nll_grad  cost time: 2.9544363021850586
tf.Tensor(-10388.716141583536, shape=(), dtype=float64)
nll_grad  cost time: 2.8496108055114746
tf.Tensor(-10393.636229111129, shape=(), dtype=float64)
nll_grad  cost time: 2.826791286468506
tf.Tensor(-10400.118920756468, shape=(), dtype=float64)
nll_grad  cost time: 2.815601110458374
tf.Tensor(-10406.961168808346, shape=(), dtype=float64)
nll_grad  cost time: 2.8561642169952393
tf.Tensor(-10412.442930501267, shape=(), dtype=float64)
nll_grad  cost time: 3.0061635971069336
tf.Tensor(-10418.305320103209, shape=(), dtype=float64)
nll_grad  cost time: 2.8074700832366943
tf.Tensor(-10422.796537087896, shape=(), dtype=float64)
nll_grad  cost time: 2.791027784347534
tf.Tensor(-10426.771257183762, shape=(), dtype=float64)
nll_grad  cost time: 2.8273727893829346
tf.Tensor(-10432.4570091899, shape=(), dtype=float64)
nll_grad  cost time: 2.774529218673706
tf.Tensor(-10438.882867886197, shape=(), dtype=float64)
nll_grad  cost time: 2.7641401290893555
tf.Tensor(-10445.245605739896, shape=(), dtype=float64)
nll_grad  cost time: 2.837204933166504
tf.Tensor(-10450.687981164083, shape=(), dtype=float64)
nll_grad  cost time: 2.838026523590088
tf.Tensor(-10456.617644187892, shape=(), dtype=float64)
nll_grad  cost time: 2.739522933959961
tf.Tensor(-10462.928858313338, shape=(), dtype=float64)
nll_grad  cost time: 2.7698357105255127
tf.Tensor(-10469.615760463603, shape=(), dtype=float64)
nll_grad  cost time: 2.8414480686187744
tf.Tensor(-10477.984988790631, shape=(), dtype=float64)
nll_grad  cost time: 2.756685256958008
tf.Tensor(-10481.82924806561, shape=(), dtype=float64)
nll_grad  cost time: 2.744675874710083
tf.Tensor(-10486.763704033372, shape=(), dtype=float64)
nll_grad  cost time: 2.780529499053955
tf.Tensor(-10489.669854248314, shape=(), dtype=float64)
nll_grad  cost time: 2.831392526626587
tf.Tensor(-10492.143283961654, shape=(), dtype=float64)
nll_grad  cost time: 2.728761911392212
tf.Tensor(-10495.908989973017, shape=(), dtype=float64)
nll_grad  cost time: 2.8214802742004395
tf.Tensor(-10501.45695006838, shape=(), dtype=float64)
nll_grad  cost time: 2.804067373275757
tf.Tensor(-10507.849199285447, shape=(), dtype=float64)
nll_grad  cost time: 2.8737733364105225
tf.Tensor(-10516.118140254075, shape=(), dtype=float64)
nll_grad  cost time: 2.722684621810913
tf.Tensor(-10521.24616590295, shape=(), dtype=float64)
nll_grad  cost time: 2.7493276596069336
tf.Tensor(-10526.878420792571, shape=(), dtype=float64)
nll_grad  cost time: 2.771695137023926
tf.Tensor(-10530.14596430934, shape=(), dtype=float64)
nll_grad  cost time: 2.763695478439331
tf.Tensor(-10534.153219639222, shape=(), dtype=float64)
nll_grad  cost time: 2.727097749710083
tf.Tensor(-10535.703816186375, shape=(), dtype=float64)
nll_grad  cost time: 2.757206439971924
tf.Tensor(-10538.357594719026, shape=(), dtype=float64)
nll_grad  cost time: 2.7610702514648438
tf.Tensor(-10542.232401583577, shape=(), dtype=float64)
nll_grad  cost time: 2.766990900039673
tf.Tensor(-10547.22500289193, shape=(), dtype=float64)
nll_grad  cost time: 2.7034754753112793
tf.Tensor(-10552.359510883573, shape=(), dtype=float64)
nll_grad  cost time: 2.7195560932159424
tf.Tensor(-10556.66344400803, shape=(), dtype=float64)
nll_grad  cost time: 2.7924869060516357
tf.Tensor(-10562.026978476228, shape=(), dtype=float64)
nll_grad  cost time: 2.7016451358795166
tf.Tensor(-10566.195416223076, shape=(), dtype=float64)
nll_grad  cost time: 2.7573554515838623
tf.Tensor(-10569.433406341064, shape=(), dtype=float64)
nll_grad  cost time: 2.8078036308288574
tf.Tensor(-10573.534970437468, shape=(), dtype=float64)
nll_grad  cost time: 2.801703929901123
tf.Tensor(-10577.937985483964, shape=(), dtype=float64)
nll_grad  cost time: 2.8168187141418457
tf.Tensor(-10581.942681199253, shape=(), dtype=float64)
nll_grad  cost time: 2.8513622283935547
tf.Tensor(-10586.245583020733, shape=(), dtype=float64)
nll_grad  cost time: 2.8451106548309326
tf.Tensor(-10591.82829304428, shape=(), dtype=float64)
nll_grad  cost time: 2.77592134475708
tf.Tensor(-10597.7470473688, shape=(), dtype=float64)
nll_grad  cost time: 2.8912413120269775
tf.Tensor(-10602.993309334954, shape=(), dtype=float64)
nll_grad  cost time: 2.7823867797851562
tf.Tensor(-10605.508692653573, shape=(), dtype=float64)
nll_grad  cost time: 2.74324631690979
tf.Tensor(-10609.150584504896, shape=(), dtype=float64)
nll_grad  cost time: 2.7692432403564453
tf.Tensor(-10612.731901752915, shape=(), dtype=float64)
nll_grad  cost time: 2.847705841064453
tf.Tensor(-10616.711109923046, shape=(), dtype=float64)
nll_grad  cost time: 2.872725009918213
tf.Tensor(-10621.111754154983, shape=(), dtype=float64)
nll_grad  cost time: 2.818150043487549
tf.Tensor(-10624.913326293943, shape=(), dtype=float64)
nll_grad  cost time: 2.8000240325927734
tf.Tensor(-10628.271092655552, shape=(), dtype=float64)
nll_grad  cost time: 2.8253695964813232
tf.Tensor(-10631.220417924007, shape=(), dtype=float64)
nll_grad  cost time: 2.8175618648529053
tf.Tensor(-10633.510466905529, shape=(), dtype=float64)
nll_grad  cost time: 2.8126296997070312
tf.Tensor(-10636.558258455465, shape=(), dtype=float64)
nll_grad  cost time: 2.8184311389923096
tf.Tensor(-10640.655403103032, shape=(), dtype=float64)
nll_grad  cost time: 2.835914373397827
tf.Tensor(-10642.553990271335, shape=(), dtype=float64)
nll_grad  cost time: 2.7883641719818115
tf.Tensor(-10645.391277289564, shape=(), dtype=float64)
nll_grad  cost time: 2.7948901653289795
tf.Tensor(-10649.517273534235, shape=(), dtype=float64)
nll_grad  cost time: 2.8927581310272217
tf.Tensor(-10654.288650819864, shape=(), dtype=float64)
nll_grad  cost time: 2.8259897232055664
nll_grad  cost time: 2.84110951423645
tf.Tensor(-10656.595213295775, shape=(), dtype=float64)
nll_grad  cost time: 2.840916395187378
tf.Tensor(-10659.466863799062, shape=(), dtype=float64)
nll_grad  cost time: 2.8110783100128174
nll_grad  cost time: 2.7404000759124756
tf.Tensor(-10661.021791918865, shape=(), dtype=float64)
nll_grad  cost time: 2.9464380741119385
tf.Tensor(-10663.187656246264, shape=(), dtype=float64)
nll_grad  cost time: 2.793118953704834
tf.Tensor(-10664.783051363025, shape=(), dtype=float64)
nll_grad  cost time: 2.7922232151031494
tf.Tensor(-10667.205666471476, shape=(), dtype=float64)
nll_grad  cost time: 2.809457302093506
tf.Tensor(-10668.801226973112, shape=(), dtype=float64)
nll_grad  cost time: 2.825678586959839
tf.Tensor(-10671.07204270798, shape=(), dtype=float64)
nll_grad  cost time: 2.905604600906372
tf.Tensor(-10672.77810138461, shape=(), dtype=float64)
nll_grad  cost time: 2.828270673751831
tf.Tensor(-10674.344489502066, shape=(), dtype=float64)
nll_grad  cost time: 2.7948153018951416
tf.Tensor(-10676.308748021991, shape=(), dtype=float64)
nll_grad  cost time: 2.783376693725586
tf.Tensor(-10678.423857180336, shape=(), dtype=float64)
nll_grad  cost time: 3.0788915157318115
nll_grad  cost time: 3.021308422088623
tf.Tensor(-10679.61255803147, shape=(), dtype=float64)
nll_grad  cost time: 3.1196961402893066
tf.Tensor(-10681.318558207793, shape=(), dtype=float64)
nll_grad  cost time: 3.186194896697998
tf.Tensor(-10683.505744437076, shape=(), dtype=float64)
nll_grad  cost time: 3.062069892883301
tf.Tensor(-10684.893643292897, shape=(), dtype=float64)
nll_grad  cost time: 3.13531494140625
tf.Tensor(-10686.276291280497, shape=(), dtype=float64)
nll_grad  cost time: 3.1450207233428955
tf.Tensor(-10687.566307864989, shape=(), dtype=float64)
nll_grad  cost time: 3.085630178451538
tf.Tensor(-10689.364389301634, shape=(), dtype=float64)
nll_grad  cost time: 3.1021289825439453
tf.Tensor(-10692.134126576639, shape=(), dtype=float64)
nll_grad  cost time: 3.148855209350586
tf.Tensor(-10695.274142145776, shape=(), dtype=float64)
nll_grad  cost time: 3.1271209716796875
tf.Tensor(-10698.331328278444, shape=(), dtype=float64)
nll_grad  cost time: 3.10235857963562
tf.Tensor(-10701.028041188976, shape=(), dtype=float64)
nll_grad  cost time: 2.8049449920654297
tf.Tensor(-10703.242949594274, shape=(), dtype=float64)
nll_grad  cost time: 2.9126229286193848
tf.Tensor(-10705.196985782208, shape=(), dtype=float64)
nll_grad  cost time: 2.804028272628784
tf.Tensor(-10706.919030248657, shape=(), dtype=float64)
nll_grad  cost time: 2.8677914142608643
tf.Tensor(-10709.092837252501, shape=(), dtype=float64)
nll_grad  cost time: 3.016425371170044
tf.Tensor(-10711.551331696232, shape=(), dtype=float64)
nll_grad  cost time: 2.946866512298584
tf.Tensor(-10713.715828731893, shape=(), dtype=float64)
nll_grad  cost time: 2.8481357097625732
tf.Tensor(-10715.44491450963, shape=(), dtype=float64)
nll_grad  cost time: 3.222672939300537
tf.Tensor(-10717.160586188005, shape=(), dtype=float64)
nll_grad  cost time: 2.8146743774414062
tf.Tensor(-10718.985501924308, shape=(), dtype=float64)
nll_grad  cost time: 2.823028087615967
tf.Tensor(-10720.517797352575, shape=(), dtype=float64)
nll_grad  cost time: 2.7932565212249756
tf.Tensor(-10721.735537042237, shape=(), dtype=float64)
nll_grad  cost time: 2.8550572395324707
tf.Tensor(-10722.957794544098, shape=(), dtype=float64)
nll_grad  cost time: 2.8359055519104004
tf.Tensor(-10724.288786756584, shape=(), dtype=float64)
nll_grad  cost time: 2.853766441345215
tf.Tensor(-10725.907515092182, shape=(), dtype=float64)
nll_grad  cost time: 2.939950466156006
nll_grad  cost time: 2.764653205871582
tf.Tensor(-10726.760469765923, shape=(), dtype=float64)
nll_grad  cost time: 2.8922362327575684
tf.Tensor(-10727.9870774361, shape=(), dtype=float64)
nll_grad  cost time: 2.878889560699463
tf.Tensor(-10729.360971334485, shape=(), dtype=float64)
nll_grad  cost time: 2.79168438911438
tf.Tensor(-10730.516356678883, shape=(), dtype=float64)
nll_grad  cost time: 2.766249656677246
tf.Tensor(-10731.533804165792, shape=(), dtype=float64)
nll_grad  cost time: 2.9428648948669434
tf.Tensor(-10732.714436757164, shape=(), dtype=float64)
nll_grad  cost time: 2.7848684787750244
tf.Tensor(-10733.992899651716, shape=(), dtype=float64)
nll_grad  cost time: 2.771908760070801
tf.Tensor(-10735.316603988871, shape=(), dtype=float64)
nll_grad  cost time: 2.7214012145996094
tf.Tensor(-10736.759544276221, shape=(), dtype=float64)
nll_grad  cost time: 2.780805826187134
tf.Tensor(-10737.722874868912, shape=(), dtype=float64)
nll_grad  cost time: 2.8761179447174072
tf.Tensor(-10738.594549433536, shape=(), dtype=float64)
nll_grad  cost time: 2.8241968154907227
tf.Tensor(-10739.704135006537, shape=(), dtype=float64)
nll_grad  cost time: 2.803274393081665
tf.Tensor(-10740.753731672357, shape=(), dtype=float64)
nll_grad  cost time: 2.8001549243927
tf.Tensor(-10742.040659758182, shape=(), dtype=float64)
nll_grad  cost time: 2.769164800643921
tf.Tensor(-10742.95589905179, shape=(), dtype=float64)
nll_grad  cost time: 2.8086044788360596
tf.Tensor(-10744.213865766738, shape=(), dtype=float64)
nll_grad  cost time: 2.73004412651062
tf.Tensor(-10745.5226078493, shape=(), dtype=float64)
nll_grad  cost time: 2.813500165939331
tf.Tensor(-10746.156320149872, shape=(), dtype=float64)
nll_grad  cost time: 2.788837194442749
tf.Tensor(-10747.060627303661, shape=(), dtype=float64)
nll_grad  cost time: 2.787073850631714
tf.Tensor(-10748.083675658483, shape=(), dtype=float64)
nll_grad  cost time: 2.827122926712036
tf.Tensor(-10748.952363145887, shape=(), dtype=float64)
nll_grad  cost time: 2.8094916343688965
tf.Tensor(-10749.699339383904, shape=(), dtype=float64)
nll_grad  cost time: 2.7296228408813477
tf.Tensor(-10750.53444482782, shape=(), dtype=float64)
nll_grad  cost time: 2.7684035301208496
tf.Tensor(-10751.405749390764, shape=(), dtype=float64)
nll_grad  cost time: 2.767399311065674
tf.Tensor(-10752.351199533543, shape=(), dtype=float64)
nll_grad  cost time: 2.783923625946045
tf.Tensor(-10752.667339312378, shape=(), dtype=float64)
nll_grad  cost time: 2.806981325149536
tf.Tensor(-10753.16528635968, shape=(), dtype=float64)
nll_grad  cost time: 2.7991626262664795
tf.Tensor(-10753.842298055868, shape=(), dtype=float64)
nll_grad  cost time: 2.8343701362609863
tf.Tensor(-10754.488873823953, shape=(), dtype=float64)
nll_grad  cost time: 2.840385675430298
tf.Tensor(-10754.831263924047, shape=(), dtype=float64)
nll_grad  cost time: 2.8180646896362305
tf.Tensor(-10755.340467135014, shape=(), dtype=float64)
nll_grad  cost time: 2.904271364212036
tf.Tensor(-10756.040353481854, shape=(), dtype=float64)
nll_grad  cost time: 2.7307612895965576
tf.Tensor(-10756.626642326446, shape=(), dtype=float64)
nll_grad  cost time: 2.798152446746826
tf.Tensor(-10757.204176672873, shape=(), dtype=float64)
nll_grad  cost time: 2.7709968090057373
tf.Tensor(-10757.659969826436, shape=(), dtype=float64)
nll_grad  cost time: 2.7655396461486816
tf.Tensor(-10758.077433519877, shape=(), dtype=float64)
nll_grad  cost time: 2.7887353897094727
tf.Tensor(-10758.620929206583, shape=(), dtype=float64)
nll_grad  cost time: 2.809156894683838
tf.Tensor(-10759.36595088568, shape=(), dtype=float64)
nll_grad  cost time: 2.8474557399749756
tf.Tensor(-10760.134475689832, shape=(), dtype=float64)
nll_grad  cost time: 2.776045322418213
tf.Tensor(-10761.058094100401, shape=(), dtype=float64)
nll_grad  cost time: 2.7744805812835693
tf.Tensor(-10762.02502659769, shape=(), dtype=float64)
nll_grad  cost time: 2.757073402404785
tf.Tensor(-10763.018042774947, shape=(), dtype=float64)
nll_grad  cost time: 2.8223459720611572
tf.Tensor(-10764.152068974214, shape=(), dtype=float64)
nll_grad  cost time: 2.746964931488037
tf.Tensor(-10765.306813379484, shape=(), dtype=float64)
nll_grad  cost time: 2.755462408065796
tf.Tensor(-10766.030828956465, shape=(), dtype=float64)
nll_grad  cost time: 2.7180964946746826
tf.Tensor(-10766.934217780285, shape=(), dtype=float64)
nll_grad  cost time: 2.8076770305633545
tf.Tensor(-10767.769273270367, shape=(), dtype=float64)
nll_grad  cost time: 2.7940683364868164
tf.Tensor(-10768.323021629003, shape=(), dtype=float64)
nll_grad  cost time: 2.845078468322754
tf.Tensor(-10768.939923761656, shape=(), dtype=float64)
nll_grad  cost time: 2.776495933532715
tf.Tensor(-10769.722878591452, shape=(), dtype=float64)
nll_grad  cost time: 2.749798059463501
tf.Tensor(-10770.40620827566, shape=(), dtype=float64)
nll_grad  cost time: 2.7666473388671875
tf.Tensor(-10771.211970438484, shape=(), dtype=float64)
nll_grad  cost time: 2.7765800952911377
tf.Tensor(-10771.412181730528, shape=(), dtype=float64)
nll_grad  cost time: 2.8068556785583496
tf.Tensor(-10771.778127053134, shape=(), dtype=float64)
nll_grad  cost time: 2.7196402549743652
tf.Tensor(-10772.391724318994, shape=(), dtype=float64)
nll_grad  cost time: 2.7295854091644287
tf.Tensor(-10773.283645897056, shape=(), dtype=float64)
nll_grad  cost time: 2.7343451976776123
tf.Tensor(-10773.561680192535, shape=(), dtype=float64)
nll_grad  cost time: 2.78454327583313
tf.Tensor(-10774.023758925443, shape=(), dtype=float64)
nll_grad  cost time: 2.6907882690429688
tf.Tensor(-10774.611621665461, shape=(), dtype=float64)
nll_grad  cost time: 2.6927547454833984
tf.Tensor(-10775.213333364287, shape=(), dtype=float64)
nll_grad  cost time: 2.7258262634277344
tf.Tensor(-10775.562900005363, shape=(), dtype=float64)
nll_grad  cost time: 2.7486701011657715
tf.Tensor(-10776.070261297506, shape=(), dtype=float64)
nll_grad  cost time: 2.7435731887817383
tf.Tensor(-10776.714843930193, shape=(), dtype=float64)
nll_grad  cost time: 2.787863254547119
tf.Tensor(-10777.10027496108, shape=(), dtype=float64)
nll_grad  cost time: 2.780315637588501
tf.Tensor(-10777.62489022973, shape=(), dtype=float64)
nll_grad  cost time: 2.7947418689727783
tf.Tensor(-10778.214389575538, shape=(), dtype=float64)
nll_grad  cost time: 2.7878479957580566
tf.Tensor(-10778.937525967023, shape=(), dtype=float64)
nll_grad  cost time: 2.773798942565918
tf.Tensor(-10779.581094515559, shape=(), dtype=float64)
nll_grad  cost time: 2.8373851776123047
tf.Tensor(-10780.326441633591, shape=(), dtype=float64)
nll_grad  cost time: 2.9678077697753906
tf.Tensor(-10781.153227559184, shape=(), dtype=float64)
nll_grad  cost time: 2.9480338096618652
tf.Tensor(-10781.671513634265, shape=(), dtype=float64)
nll_grad  cost time: 2.853055477142334
tf.Tensor(-10782.146041355283, shape=(), dtype=float64)
nll_grad  cost time: 2.758488178253174
tf.Tensor(-10782.219701185639, shape=(), dtype=float64)
nll_grad  cost time: 2.838639736175537
tf.Tensor(-10782.357855168766, shape=(), dtype=float64)
nll_grad  cost time: 2.9236037731170654
tf.Tensor(-10782.607492121817, shape=(), dtype=float64)
nll_grad  cost time: 2.7740237712860107
tf.Tensor(-10783.01429438959, shape=(), dtype=float64)
nll_grad  cost time: 2.732591390609741
tf.Tensor(-10783.483851719226, shape=(), dtype=float64)
nll_grad  cost time: 2.6966240406036377
nll_grad  cost time: 2.6833925247192383
tf.Tensor(-10783.681980788475, shape=(), dtype=float64)
nll_grad  cost time: 2.711277484893799
tf.Tensor(-10783.904823602337, shape=(), dtype=float64)
nll_grad  cost time: 2.7461206912994385
tf.Tensor(-10784.235197715536, shape=(), dtype=float64)
nll_grad  cost time: 2.7297041416168213
tf.Tensor(-10784.692401548766, shape=(), dtype=float64)
nll_grad  cost time: 2.731747627258301
tf.Tensor(-10784.999263213213, shape=(), dtype=float64)
nll_grad  cost time: 2.719691038131714
tf.Tensor(-10785.269680494393, shape=(), dtype=float64)
nll_grad  cost time: 2.809849500656128
tf.Tensor(-10785.505016651496, shape=(), dtype=float64)
nll_grad  cost time: 2.794126272201538
tf.Tensor(-10785.779912256026, shape=(), dtype=float64)
nll_grad  cost time: 2.73356294631958
tf.Tensor(-10786.087332102768, shape=(), dtype=float64)
nll_grad  cost time: 2.733802318572998
tf.Tensor(-10786.319050041011, shape=(), dtype=float64)
nll_grad  cost time: 2.7876124382019043
tf.Tensor(-10786.477636360154, shape=(), dtype=float64)
nll_grad  cost time: 2.732003688812256
tf.Tensor(-10786.70182994258, shape=(), dtype=float64)
nll_grad  cost time: 2.797922134399414
tf.Tensor(-10786.965753311746, shape=(), dtype=float64)
nll_grad  cost time: 2.9024763107299805
tf.Tensor(-10787.19405310733, shape=(), dtype=float64)
nll_grad  cost time: 2.7355844974517822
tf.Tensor(-10787.431709625389, shape=(), dtype=float64)
nll_grad  cost time: 2.672257423400879
tf.Tensor(-10787.770145706043, shape=(), dtype=float64)
nll_grad  cost time: 2.7472422122955322
tf.Tensor(-10788.215160854315, shape=(), dtype=float64)
nll_grad  cost time: 2.7437541484832764
tf.Tensor(-10788.691782054531, shape=(), dtype=float64)
nll_grad  cost time: 2.753070592880249
tf.Tensor(-10789.1573566321, shape=(), dtype=float64)
nll_grad  cost time: 2.7062368392944336
tf.Tensor(-10789.64303626484, shape=(), dtype=float64)
nll_grad  cost time: 2.7301533222198486
tf.Tensor(-10790.201761619883, shape=(), dtype=float64)
nll_grad  cost time: 2.75563645362854
tf.Tensor(-10790.755898619667, shape=(), dtype=float64)
nll_grad  cost time: 2.7824432849884033
tf.Tensor(-10791.188398978724, shape=(), dtype=float64)
nll_grad  cost time: 2.793968677520752
tf.Tensor(-10791.710386244502, shape=(), dtype=float64)
nll_grad  cost time: 2.7106080055236816
tf.Tensor(-10792.295155956557, shape=(), dtype=float64)
nll_grad  cost time: 2.7660183906555176
tf.Tensor(-10792.962731618736, shape=(), dtype=float64)
nll_grad  cost time: 2.7643628120422363
tf.Tensor(-10793.726456262306, shape=(), dtype=float64)
nll_grad  cost time: 2.7046871185302734
tf.Tensor(-10794.246436165025, shape=(), dtype=float64)
nll_grad  cost time: 2.7561283111572266
tf.Tensor(-10794.746417548435, shape=(), dtype=float64)
nll_grad  cost time: 2.815060615539551
tf.Tensor(-10795.183731163928, shape=(), dtype=float64)
nll_grad  cost time: 2.775449514389038
tf.Tensor(-10795.59968939191, shape=(), dtype=float64)
nll_grad  cost time: 2.818513870239258
tf.Tensor(-10796.08538179213, shape=(), dtype=float64)
nll_grad  cost time: 2.7851264476776123
tf.Tensor(-10796.570814354582, shape=(), dtype=float64)
nll_grad  cost time: 2.807431936264038
tf.Tensor(-10796.919413029587, shape=(), dtype=float64)
nll_grad  cost time: 2.779961585998535
tf.Tensor(-10797.266287402934, shape=(), dtype=float64)
nll_grad  cost time: 2.9923136234283447
tf.Tensor(-10797.516179282598, shape=(), dtype=float64)
nll_grad  cost time: 2.8057754039764404
tf.Tensor(-10797.84968148939, shape=(), dtype=float64)
nll_grad  cost time: 2.8074920177459717
tf.Tensor(-10798.277689203582, shape=(), dtype=float64)
nll_grad  cost time: 2.7286407947540283
tf.Tensor(-10798.457989190834, shape=(), dtype=float64)
nll_grad  cost time: 2.8735008239746094
tf.Tensor(-10798.735934696693, shape=(), dtype=float64)
nll_grad  cost time: 2.781540632247925
tf.Tensor(-10799.045388759872, shape=(), dtype=float64)
nll_grad  cost time: 2.795423746109009
tf.Tensor(-10799.256068505038, shape=(), dtype=float64)
nll_grad  cost time: 2.7120532989501953
tf.Tensor(-10799.50070333529, shape=(), dtype=float64)
nll_grad  cost time: 2.781799554824829
tf.Tensor(-10799.824112834629, shape=(), dtype=float64)
nll_grad  cost time: 2.7813239097595215
tf.Tensor(-10800.149714469908, shape=(), dtype=float64)
nll_grad  cost time: 2.751756191253662
tf.Tensor(-10800.416916978676, shape=(), dtype=float64)
nll_grad  cost time: 2.7520692348480225
tf.Tensor(-10800.53544587151, shape=(), dtype=float64)
nll_grad  cost time: 2.7598459720611572
tf.Tensor(-10800.722257397902, shape=(), dtype=float64)
nll_grad  cost time: 2.757554531097412
tf.Tensor(-10801.007069899526, shape=(), dtype=float64)
nll_grad  cost time: 2.8100478649139404
tf.Tensor(-10801.345267097604, shape=(), dtype=float64)
nll_grad  cost time: 2.8991856575012207
tf.Tensor(-10801.623495839354, shape=(), dtype=float64)
nll_grad  cost time: 2.767679214477539
tf.Tensor(-10801.90129080532, shape=(), dtype=float64)
nll_grad  cost time: 2.7719690799713135
tf.Tensor(-10802.214975797979, shape=(), dtype=float64)
nll_grad  cost time: 2.8029868602752686
tf.Tensor(-10802.432987458962, shape=(), dtype=float64)
nll_grad  cost time: 2.7606685161590576
tf.Tensor(-10802.651713656247, shape=(), dtype=float64)
nll_grad  cost time: 2.744776964187622
tf.Tensor(-10802.835541842629, shape=(), dtype=float64)
nll_grad  cost time: 2.929264783859253
tf.Tensor(-10803.052958754084, shape=(), dtype=float64)
nll_grad  cost time: 2.809034824371338
tf.Tensor(-10803.311014366976, shape=(), dtype=float64)
nll_grad  cost time: 2.8602077960968018
tf.Tensor(-10803.508536931897, shape=(), dtype=float64)
nll_grad  cost time: 2.7973499298095703
tf.Tensor(-10803.723722134719, shape=(), dtype=float64)
nll_grad  cost time: 2.7911126613616943
tf.Tensor(-10803.925504929848, shape=(), dtype=float64)
nll_grad  cost time: 2.800016164779663
tf.Tensor(-10804.0846066482, shape=(), dtype=float64)
nll_grad  cost time: 2.760141134262085
tf.Tensor(-10804.260260245865, shape=(), dtype=float64)
nll_grad  cost time: 2.7202446460723877
tf.Tensor(-10804.38591565709, shape=(), dtype=float64)
nll_grad  cost time: 2.7629034519195557
tf.Tensor(-10804.48819985244, shape=(), dtype=float64)
nll_grad  cost time: 2.8086965084075928
tf.Tensor(-10804.610855571984, shape=(), dtype=float64)
nll_grad  cost time: 2.768763542175293
tf.Tensor(-10804.722718191952, shape=(), dtype=float64)
nll_grad  cost time: 2.7656357288360596
tf.Tensor(-10804.866093420393, shape=(), dtype=float64)
nll_grad  cost time: 2.8199334144592285
tf.Tensor(-10805.054729714084, shape=(), dtype=float64)
nll_grad  cost time: 2.6897928714752197
tf.Tensor(-10805.208613802417, shape=(), dtype=float64)
nll_grad  cost time: 2.6951904296875
tf.Tensor(-10805.350603916368, shape=(), dtype=float64)
nll_grad  cost time: 2.7067437171936035
tf.Tensor(-10805.444764164142, shape=(), dtype=float64)
nll_grad  cost time: 2.745565176010132
tf.Tensor(-10805.563777856873, shape=(), dtype=float64)
nll_grad  cost time: 2.679788112640381
tf.Tensor(-10805.641001098447, shape=(), dtype=float64)
nll_grad  cost time: 2.653093099594116
tf.Tensor(-10805.733314893854, shape=(), dtype=float64)
nll_grad  cost time: 2.9207944869995117
tf.Tensor(-10805.838923842353, shape=(), dtype=float64)
nll_grad  cost time: 2.5785627365112305
tf.Tensor(-10805.956964776826, shape=(), dtype=float64)
nll_grad  cost time: 2.590751886367798
tf.Tensor(-10806.057648280233, shape=(), dtype=float64)
nll_grad  cost time: 2.6819345951080322
tf.Tensor(-10806.116249790291, shape=(), dtype=float64)
nll_grad  cost time: 2.6085450649261475
tf.Tensor(-10806.188182477978, shape=(), dtype=float64)
nll_grad  cost time: 2.630723714828491
tf.Tensor(-10806.255517474809, shape=(), dtype=float64)
nll_grad  cost time: 2.665081024169922
tf.Tensor(-10806.324902355693, shape=(), dtype=float64)
nll_grad  cost time: 2.6621346473693848
tf.Tensor(-10806.395300776867, shape=(), dtype=float64)
nll_grad  cost time: 2.9038801193237305
tf.Tensor(-10806.43815577891, shape=(), dtype=float64)
nll_grad  cost time: 2.9080119132995605
tf.Tensor(-10806.486247002575, shape=(), dtype=float64)
nll_grad  cost time: 2.83853816986084
tf.Tensor(-10806.535655013213, shape=(), dtype=float64)
nll_grad  cost time: 2.9056396484375
tf.Tensor(-10806.581164284413, shape=(), dtype=float64)
nll_grad  cost time: 2.7554757595062256
tf.Tensor(-10806.621369037282, shape=(), dtype=float64)
nll_grad  cost time: 2.6895456314086914
tf.Tensor(-10806.668707879973, shape=(), dtype=float64)
nll_grad  cost time: 2.6581883430480957
tf.Tensor(-10806.720049200172, shape=(), dtype=float64)
nll_grad  cost time: 2.6529579162597656
tf.Tensor(-10806.77221615053, shape=(), dtype=float64)
nll_grad  cost time: 2.6492462158203125
tf.Tensor(-10806.834115971611, shape=(), dtype=float64)
nll_grad  cost time: 2.6241660118103027
tf.Tensor(-10806.890085408471, shape=(), dtype=float64)
nll_grad  cost time: 2.6742727756500244
tf.Tensor(-10806.937846024268, shape=(), dtype=float64)
nll_grad  cost time: 2.751168966293335
tf.Tensor(-10806.987404979316, shape=(), dtype=float64)
nll_grad  cost time: 2.670915126800537
tf.Tensor(-10807.032894020318, shape=(), dtype=float64)
nll_grad  cost time: 2.6773481369018555
tf.Tensor(-10807.065125327106, shape=(), dtype=float64)
nll_grad  cost time: 2.67756986618042
tf.Tensor(-10807.105941505368, shape=(), dtype=float64)
nll_grad  cost time: 2.705174446105957
tf.Tensor(-10807.146807460109, shape=(), dtype=float64)
nll_grad  cost time: 2.7102200984954834
tf.Tensor(-10807.185083355413, shape=(), dtype=float64)
nll_grad  cost time: 2.8523547649383545
tf.Tensor(-10807.23477524121, shape=(), dtype=float64)
nll_grad  cost time: 2.7751383781433105
tf.Tensor(-10807.27105827517, shape=(), dtype=float64)
nll_grad  cost time: 2.7312171459198
tf.Tensor(-10807.303479309314, shape=(), dtype=float64)
nll_grad  cost time: 2.756962299346924
tf.Tensor(-10807.327697204712, shape=(), dtype=float64)
nll_grad  cost time: 2.718435525894165
tf.Tensor(-10807.342308872658, shape=(), dtype=float64)
nll_grad  cost time: 2.7271907329559326
tf.Tensor(-10807.356701350285, shape=(), dtype=float64)
nll_grad  cost time: 2.638105869293213
tf.Tensor(-10807.374985931841, shape=(), dtype=float64)
nll_grad  cost time: 2.636431932449341
tf.Tensor(-10807.393537420228, shape=(), dtype=float64)
nll_grad  cost time: 2.6706411838531494
tf.Tensor(-10807.41633310267, shape=(), dtype=float64)
nll_grad  cost time: 2.659867286682129
tf.Tensor(-10807.44361686365, shape=(), dtype=float64)
nll_grad  cost time: 2.6354119777679443
tf.Tensor(-10807.478401459068, shape=(), dtype=float64)
nll_grad  cost time: 2.6409785747528076
tf.Tensor(-10807.524923443016, shape=(), dtype=float64)
nll_grad  cost time: 2.632321834564209
tf.Tensor(-10807.571178803126, shape=(), dtype=float64)
nll_grad  cost time: 2.663635730743408
tf.Tensor(-10807.606151567205, shape=(), dtype=float64)
nll_grad  cost time: 2.6862432956695557
tf.Tensor(-10807.65056727251, shape=(), dtype=float64)
nll_grad  cost time: 2.6304357051849365
tf.Tensor(-10807.705065647642, shape=(), dtype=float64)
nll_grad  cost time: 2.674339532852173
tf.Tensor(-10807.758609433684, shape=(), dtype=float64)
nll_grad  cost time: 2.625871419906616
tf.Tensor(-10807.804033748904, shape=(), dtype=float64)
nll_grad  cost time: 2.603205680847168
tf.Tensor(-10807.836306881458, shape=(), dtype=float64)
nll_grad  cost time: 2.664034366607666
tf.Tensor(-10807.877054206492, shape=(), dtype=float64)
nll_grad  cost time: 2.653188943862915
tf.Tensor(-10807.908777601348, shape=(), dtype=float64)
nll_grad  cost time: 2.816145658493042
tf.Tensor(-10807.955599144814, shape=(), dtype=float64)
nll_grad  cost time: 2.962236166000366
tf.Tensor(-10808.016280371114, shape=(), dtype=float64)
nll_grad  cost time: 2.8944849967956543
tf.Tensor(-10808.043231950449, shape=(), dtype=float64)
nll_grad  cost time: 2.85910964012146
tf.Tensor(-10808.077566418211, shape=(), dtype=float64)
nll_grad  cost time: 2.8009161949157715
tf.Tensor(-10808.10825296267, shape=(), dtype=float64)
nll_grad  cost time: 2.817640542984009
tf.Tensor(-10808.148719482771, shape=(), dtype=float64)
nll_grad  cost time: 2.954664468765259
tf.Tensor(-10808.191397453644, shape=(), dtype=float64)
nll_grad  cost time: 2.771738290786743
tf.Tensor(-10808.245400251888, shape=(), dtype=float64)
nll_grad  cost time: 2.848726272583008
tf.Tensor(-10808.29896342532, shape=(), dtype=float64)
nll_grad  cost time: 2.8570709228515625
tf.Tensor(-10808.353451812462, shape=(), dtype=float64)
nll_grad  cost time: 2.7569632530212402
tf.Tensor(-10808.396413807055, shape=(), dtype=float64)
nll_grad  cost time: 2.738490581512451
tf.Tensor(-10808.444081355572, shape=(), dtype=float64)
nll_grad  cost time: 2.653578996658325
tf.Tensor(-10808.507938302291, shape=(), dtype=float64)
nll_grad  cost time: 2.689203977584839
tf.Tensor(-10808.58239702586, shape=(), dtype=float64)
nll_grad  cost time: 2.7126193046569824
tf.Tensor(-10808.65269094248, shape=(), dtype=float64)
nll_grad  cost time: 2.6823947429656982
tf.Tensor(-10808.728906023938, shape=(), dtype=float64)
nll_grad  cost time: 2.7271676063537598
tf.Tensor(-10808.81154791192, shape=(), dtype=float64)
nll_grad  cost time: 2.816584587097168
tf.Tensor(-10808.880165811772, shape=(), dtype=float64)
nll_grad  cost time: 2.6631252765655518
tf.Tensor(-10808.91133443799, shape=(), dtype=float64)
nll_grad  cost time: 2.6655354499816895
tf.Tensor(-10808.959281350524, shape=(), dtype=float64)
nll_grad  cost time: 2.702475070953369
tf.Tensor(-10809.01898254017, shape=(), dtype=float64)
nll_grad  cost time: 2.716567277908325
tf.Tensor(-10809.057065243795, shape=(), dtype=float64)
nll_grad  cost time: 2.6967291831970215
tf.Tensor(-10809.100350918747, shape=(), dtype=float64)
nll_grad  cost time: 2.880169153213501
tf.Tensor(-10809.13332192471, shape=(), dtype=float64)
nll_grad  cost time: 2.696256160736084
tf.Tensor(-10809.173191927322, shape=(), dtype=float64)
nll_grad  cost time: 2.736584186553955
tf.Tensor(-10809.218951336461, shape=(), dtype=float64)
nll_grad  cost time: 2.727952718734741
tf.Tensor(-10809.270728531023, shape=(), dtype=float64)
nll_grad  cost time: 2.730947256088257
tf.Tensor(-10809.340806854456, shape=(), dtype=float64)
nll_grad  cost time: 2.6875908374786377
tf.Tensor(-10809.404443846226, shape=(), dtype=float64)
nll_grad  cost time: 2.658026695251465
tf.Tensor(-10809.468653382004, shape=(), dtype=float64)
nll_grad  cost time: 2.7276761531829834
tf.Tensor(-10809.520672366038, shape=(), dtype=float64)
nll_grad  cost time: 2.66074800491333
tf.Tensor(-10809.583763469946, shape=(), dtype=float64)
nll_grad  cost time: 2.720181465148926
tf.Tensor(-10809.63984357242, shape=(), dtype=float64)
nll_grad  cost time: 2.6618289947509766
tf.Tensor(-10809.696124373362, shape=(), dtype=float64)
nll_grad  cost time: 2.7192142009735107
tf.Tensor(-10809.76569718414, shape=(), dtype=float64)
nll_grad  cost time: 2.741004467010498
tf.Tensor(-10809.812074906273, shape=(), dtype=float64)
nll_grad  cost time: 2.69726824760437
tf.Tensor(-10809.862574289027, shape=(), dtype=float64)
nll_grad  cost time: 2.658651828765869
tf.Tensor(-10809.887223107633, shape=(), dtype=float64)
nll_grad  cost time: 2.8022689819335938
tf.Tensor(-10809.925907494078, shape=(), dtype=float64)
nll_grad  cost time: 2.7228035926818848
tf.Tensor(-10809.97823092476, shape=(), dtype=float64)
nll_grad  cost time: 2.632596731185913
tf.Tensor(-10810.034723358456, shape=(), dtype=float64)
nll_grad  cost time: 2.659613609313965
tf.Tensor(-10810.097722272327, shape=(), dtype=float64)
nll_grad  cost time: 2.6720221042633057
tf.Tensor(-10810.172822630542, shape=(), dtype=float64)
nll_grad  cost time: 2.8223438262939453
tf.Tensor(-10810.239949890221, shape=(), dtype=float64)
nll_grad  cost time: 2.7096338272094727
nll_grad  cost time: 2.8308441638946533
tf.Tensor(-10810.279417082404, shape=(), dtype=float64)
nll_grad  cost time: 2.7009665966033936
tf.Tensor(-10810.33770499199, shape=(), dtype=float64)
nll_grad  cost time: 2.664370059967041
tf.Tensor(-10810.427641601103, shape=(), dtype=float64)
nll_grad  cost time: 2.6959006786346436
tf.Tensor(-10810.526754796727, shape=(), dtype=float64)
nll_grad  cost time: 2.672180652618408
tf.Tensor(-10810.610537394336, shape=(), dtype=float64)
nll_grad  cost time: 2.8376076221466064
tf.Tensor(-10810.683992853543, shape=(), dtype=float64)
nll_grad  cost time: 2.741610050201416
tf.Tensor(-10810.749896781072, shape=(), dtype=float64)
nll_grad  cost time: 2.735081195831299
tf.Tensor(-10810.83289593107, shape=(), dtype=float64)
nll_grad  cost time: 2.775646209716797
tf.Tensor(-10810.898579182236, shape=(), dtype=float64)
nll_grad  cost time: 2.700148582458496
tf.Tensor(-10810.981371904709, shape=(), dtype=float64)
nll_grad  cost time: 2.7101759910583496
tf.Tensor(-10811.072172492175, shape=(), dtype=float64)
nll_grad  cost time: 2.686842918395996
tf.Tensor(-10811.125479183474, shape=(), dtype=float64)
nll_grad  cost time: 2.6789181232452393
tf.Tensor(-10811.182074144917, shape=(), dtype=float64)
nll_grad  cost time: 2.7092018127441406
tf.Tensor(-10811.247601008426, shape=(), dtype=float64)
nll_grad  cost time: 2.6933460235595703
tf.Tensor(-10811.284424358651, shape=(), dtype=float64)
nll_grad  cost time: 2.748791217803955
tf.Tensor(-10811.338549357382, shape=(), dtype=float64)
nll_grad  cost time: 2.7654924392700195
tf.Tensor(-10811.397081186271, shape=(), dtype=float64)
nll_grad  cost time: 2.71215558052063
tf.Tensor(-10811.44459282554, shape=(), dtype=float64)
nll_grad  cost time: 2.7236380577087402
tf.Tensor(-10811.503020723145, shape=(), dtype=float64)
nll_grad  cost time: 2.660290002822876
tf.Tensor(-10811.568875065457, shape=(), dtype=float64)
nll_grad  cost time: 2.638902425765991
tf.Tensor(-10811.621800288915, shape=(), dtype=float64)
nll_grad  cost time: 2.672539472579956
tf.Tensor(-10811.680584640751, shape=(), dtype=float64)
nll_grad  cost time: 2.784334182739258
tf.Tensor(-10811.73753274786, shape=(), dtype=float64)
nll_grad  cost time: 2.65516996383667
tf.Tensor(-10811.782500484887, shape=(), dtype=float64)
nll_grad  cost time: 2.636279582977295
tf.Tensor(-10811.840977931259, shape=(), dtype=float64)
nll_grad  cost time: 2.6630964279174805
tf.Tensor(-10811.91737306424, shape=(), dtype=float64)
nll_grad  cost time: 2.694427251815796
tf.Tensor(-10811.96301221259, shape=(), dtype=float64)
nll_grad  cost time: 2.7432241439819336
tf.Tensor(-10812.031913204197, shape=(), dtype=float64)
nll_grad  cost time: 2.678966999053955
tf.Tensor(-10812.105990600652, shape=(), dtype=float64)
nll_grad  cost time: 2.680347204208374
tf.Tensor(-10812.185974517217, shape=(), dtype=float64)
nll_grad  cost time: 2.706550359725952
tf.Tensor(-10812.299392857249, shape=(), dtype=float64)
nll_grad  cost time: 2.738023281097412
tf.Tensor(-10812.422430656015, shape=(), dtype=float64)
nll_grad  cost time: 2.743868350982666
tf.Tensor(-10812.506734287968, shape=(), dtype=float64)
nll_grad  cost time: 2.721569776535034
tf.Tensor(-10812.59280998614, shape=(), dtype=float64)
nll_grad  cost time: 2.6822509765625
tf.Tensor(-10812.677483924408, shape=(), dtype=float64)
nll_grad  cost time: 2.704052686691284
tf.Tensor(-10812.784256082115, shape=(), dtype=float64)
nll_grad  cost time: 2.6722466945648193
tf.Tensor(-10812.909096755477, shape=(), dtype=float64)
nll_grad  cost time: 2.727419376373291
tf.Tensor(-10813.036792250079, shape=(), dtype=float64)
nll_grad  cost time: 2.744091749191284
tf.Tensor(-10813.1317216266, shape=(), dtype=float64)
nll_grad  cost time: 2.682813882827759
tf.Tensor(-10813.244505772238, shape=(), dtype=float64)
nll_grad  cost time: 2.687096357345581
tf.Tensor(-10813.278898343982, shape=(), dtype=float64)
nll_grad  cost time: 2.7084476947784424
tf.Tensor(-10813.337166728761, shape=(), dtype=float64)
nll_grad  cost time: 2.6773674488067627
tf.Tensor(-10813.423795535988, shape=(), dtype=float64)
nll_grad  cost time: 2.6995506286621094
tf.Tensor(-10813.502599787285, shape=(), dtype=float64)
nll_grad  cost time: 2.820892095565796
tf.Tensor(-10813.55377209474, shape=(), dtype=float64)
nll_grad  cost time: 2.7163658142089844
tf.Tensor(-10813.617235990618, shape=(), dtype=float64)
nll_grad  cost time: 2.671247959136963
tf.Tensor(-10813.697987532885, shape=(), dtype=float64)
nll_grad  cost time: 2.720479965209961
tf.Tensor(-10813.756000857093, shape=(), dtype=float64)
nll_grad  cost time: 2.659397602081299
tf.Tensor(-10813.804331073008, shape=(), dtype=float64)
nll_grad  cost time: 2.862011432647705
tf.Tensor(-10813.837354781632, shape=(), dtype=float64)
nll_grad  cost time: 2.7058985233306885
tf.Tensor(-10813.876118860135, shape=(), dtype=float64)
nll_grad  cost time: 2.6603851318359375
tf.Tensor(-10813.89619682928, shape=(), dtype=float64)
nll_grad  cost time: 2.669875144958496
tf.Tensor(-10813.927004497713, shape=(), dtype=float64)
nll_grad  cost time: 2.6590468883514404
tf.Tensor(-10813.970984933261, shape=(), dtype=float64)
nll_grad  cost time: 2.6729371547698975
tf.Tensor(-10814.017807329314, shape=(), dtype=float64)
nll_grad  cost time: 2.6031718254089355
tf.Tensor(-10814.062776773942, shape=(), dtype=float64)
nll_grad  cost time: 2.61173677444458
tf.Tensor(-10814.116637423202, shape=(), dtype=float64)
nll_grad  cost time: 2.760701894760132
tf.Tensor(-10814.163064723107, shape=(), dtype=float64)
nll_grad  cost time: 2.923626661300659
tf.Tensor(-10814.213052959605, shape=(), dtype=float64)
nll_grad  cost time: 2.944413423538208
tf.Tensor(-10814.274349253448, shape=(), dtype=float64)
nll_grad  cost time: 2.927277088165283
tf.Tensor(-10814.34296428061, shape=(), dtype=float64)
nll_grad  cost time: 2.7876219749450684
tf.Tensor(-10814.413748787823, shape=(), dtype=float64)
nll_grad  cost time: 2.669949531555176
tf.Tensor(-10814.470309265678, shape=(), dtype=float64)
nll_grad  cost time: 2.6573681831359863
tf.Tensor(-10814.522763759236, shape=(), dtype=float64)
nll_grad  cost time: 2.651893138885498
tf.Tensor(-10814.579076183909, shape=(), dtype=float64)
nll_grad  cost time: 2.677501916885376
tf.Tensor(-10814.62802099071, shape=(), dtype=float64)
nll_grad  cost time: 2.782731294631958
tf.Tensor(-10814.685937363698, shape=(), dtype=float64)
nll_grad  cost time: 2.6499602794647217
tf.Tensor(-10814.758877783715, shape=(), dtype=float64)
nll_grad  cost time: 2.661884069442749
tf.Tensor(-10814.813988453168, shape=(), dtype=float64)
nll_grad  cost time: 2.948279619216919
tf.Tensor(-10814.865769939592, shape=(), dtype=float64)
nll_grad  cost time: 2.733485221862793
tf.Tensor(-10814.925346895572, shape=(), dtype=float64)
nll_grad  cost time: 2.728888988494873
tf.Tensor(-10814.98799093532, shape=(), dtype=float64)
nll_grad  cost time: 2.6683316230773926
tf.Tensor(-10815.03593625803, shape=(), dtype=float64)
nll_grad  cost time: 2.6468169689178467
tf.Tensor(-10815.083590367074, shape=(), dtype=float64)
nll_grad  cost time: 2.7009804248809814
tf.Tensor(-10815.128920016436, shape=(), dtype=float64)
nll_grad  cost time: 2.688164710998535
tf.Tensor(-10815.175556857774, shape=(), dtype=float64)
nll_grad  cost time: 2.702704668045044
tf.Tensor(-10815.22490537008, shape=(), dtype=float64)
nll_grad  cost time: 2.6984782218933105
tf.Tensor(-10815.26947174825, shape=(), dtype=float64)
nll_grad  cost time: 2.6846060752868652
tf.Tensor(-10815.32319509803, shape=(), dtype=float64)
nll_grad  cost time: 2.6713454723358154
tf.Tensor(-10815.375172272175, shape=(), dtype=float64)
nll_grad  cost time: 2.6002445220947266
tf.Tensor(-10815.419080685673, shape=(), dtype=float64)
nll_grad  cost time: 2.64638352394104
tf.Tensor(-10815.45692881788, shape=(), dtype=float64)
nll_grad  cost time: 2.708369731903076
tf.Tensor(-10815.490214364114, shape=(), dtype=float64)
nll_grad  cost time: 2.6519992351531982
tf.Tensor(-10815.524855144824, shape=(), dtype=float64)
nll_grad  cost time: 2.621347427368164
tf.Tensor(-10815.55206606519, shape=(), dtype=float64)
nll_grad  cost time: 2.6199843883514404
tf.Tensor(-10815.587159738687, shape=(), dtype=float64)
nll_grad  cost time: 2.6148533821105957
tf.Tensor(-10815.616805829983, shape=(), dtype=float64)
nll_grad  cost time: 2.6207094192504883
tf.Tensor(-10815.640586183355, shape=(), dtype=float64)
nll_grad  cost time: 2.8075954914093018
tf.Tensor(-10815.666296779214, shape=(), dtype=float64)
nll_grad  cost time: 2.6806564331054688
tf.Tensor(-10815.689648965501, shape=(), dtype=float64)
nll_grad  cost time: 2.7731752395629883
tf.Tensor(-10815.710876584912, shape=(), dtype=float64)
nll_grad  cost time: 2.838596820831299
tf.Tensor(-10815.729793497218, shape=(), dtype=float64)
nll_grad  cost time: 2.8776018619537354
tf.Tensor(-10815.748296918004, shape=(), dtype=float64)
nll_grad  cost time: 2.9067163467407227
tf.Tensor(-10815.764388653044, shape=(), dtype=float64)
nll_grad  cost time: 2.7982890605926514
tf.Tensor(-10815.77620197767, shape=(), dtype=float64)
nll_grad  cost time: 2.7786037921905518
tf.Tensor(-10815.79033079479, shape=(), dtype=float64)
nll_grad  cost time: 2.806283473968506
tf.Tensor(-10815.810936313344, shape=(), dtype=float64)
nll_grad  cost time: 2.817033052444458
tf.Tensor(-10815.837840876273, shape=(), dtype=float64)
nll_grad  cost time: 2.794843912124634
tf.Tensor(-10815.860771684485, shape=(), dtype=float64)
nll_grad  cost time: 2.7587647438049316
tf.Tensor(-10815.889789013441, shape=(), dtype=float64)
nll_grad  cost time: 2.7122955322265625
tf.Tensor(-10815.928380061036, shape=(), dtype=float64)
nll_grad  cost time: 2.676569938659668
tf.Tensor(-10815.959625183668, shape=(), dtype=float64)
nll_grad  cost time: 2.708731174468994
tf.Tensor(-10815.980042232102, shape=(), dtype=float64)
nll_grad  cost time: 2.657515287399292
tf.Tensor(-10816.000589844241, shape=(), dtype=float64)
nll_grad  cost time: 2.738985538482666
tf.Tensor(-10816.024571097878, shape=(), dtype=float64)
nll_grad  cost time: 2.6684205532073975
tf.Tensor(-10816.045345894798, shape=(), dtype=float64)
nll_grad  cost time: 2.6909515857696533
tf.Tensor(-10816.071455277512, shape=(), dtype=float64)
nll_grad  cost time: 2.6452019214630127
tf.Tensor(-10816.097701338715, shape=(), dtype=float64)
nll_grad  cost time: 2.652583599090576
tf.Tensor(-10816.122120821345, shape=(), dtype=float64)
nll_grad  cost time: 2.6727075576782227
tf.Tensor(-10816.141107488309, shape=(), dtype=float64)
nll_grad  cost time: 2.741605520248413
tf.Tensor(-10816.15476758602, shape=(), dtype=float64)
nll_grad  cost time: 2.62530779838562
tf.Tensor(-10816.167530725603, shape=(), dtype=float64)
nll_grad  cost time: 2.6377453804016113
tf.Tensor(-10816.180281157502, shape=(), dtype=float64)
nll_grad  cost time: 2.631479263305664
tf.Tensor(-10816.193788188344, shape=(), dtype=float64)
nll_grad  cost time: 2.723522663116455
tf.Tensor(-10816.20836763742, shape=(), dtype=float64)
nll_grad  cost time: 2.780529737472534
tf.Tensor(-10816.220306507475, shape=(), dtype=float64)
nll_grad  cost time: 2.6966195106506348
tf.Tensor(-10816.23220648724, shape=(), dtype=float64)
nll_grad  cost time: 2.662860155105591
tf.Tensor(-10816.245360525896, shape=(), dtype=float64)
nll_grad  cost time: 2.680171251296997
tf.Tensor(-10816.258239934481, shape=(), dtype=float64)
nll_grad  cost time: 2.6516497135162354
tf.Tensor(-10816.270451425838, shape=(), dtype=float64)
nll_grad  cost time: 2.648874282836914
tf.Tensor(-10816.28407543584, shape=(), dtype=float64)
nll_grad  cost time: 2.6453845500946045
tf.Tensor(-10816.301342985245, shape=(), dtype=float64)
nll_grad  cost time: 2.6757278442382812
tf.Tensor(-10816.31977791351, shape=(), dtype=float64)
nll_grad  cost time: 2.6563446521759033
tf.Tensor(-10816.336677824618, shape=(), dtype=float64)
nll_grad  cost time: 2.6635704040527344
tf.Tensor(-10816.348998198755, shape=(), dtype=float64)
nll_grad  cost time: 2.659055233001709
tf.Tensor(-10816.356639659192, shape=(), dtype=float64)
nll_grad  cost time: 2.753392457962036
tf.Tensor(-10816.36482232652, shape=(), dtype=float64)
nll_grad  cost time: 2.6167409420013428
tf.Tensor(-10816.372808466907, shape=(), dtype=float64)
nll_grad  cost time: 2.652845859527588
tf.Tensor(-10816.382424803003, shape=(), dtype=float64)
nll_grad  cost time: 2.652448892593384
tf.Tensor(-10816.394024314905, shape=(), dtype=float64)
nll_grad  cost time: 2.6995177268981934
tf.Tensor(-10816.407303435273, shape=(), dtype=float64)
nll_grad  cost time: 2.670427083969116
tf.Tensor(-10816.419839805514, shape=(), dtype=float64)
nll_grad  cost time: 2.7422468662261963
tf.Tensor(-10816.429033472084, shape=(), dtype=float64)
nll_grad  cost time: 2.7213387489318848
tf.Tensor(-10816.434577001031, shape=(), dtype=float64)
nll_grad  cost time: 2.7228567600250244
tf.Tensor(-10816.439086664655, shape=(), dtype=float64)
nll_grad  cost time: 2.71108078956604
tf.Tensor(-10816.442656130785, shape=(), dtype=float64)
nll_grad  cost time: 2.6969845294952393
tf.Tensor(-10816.445820270636, shape=(), dtype=float64)
nll_grad  cost time: 2.8765997886657715
tf.Tensor(-10816.449039429257, shape=(), dtype=float64)
nll_grad  cost time: 2.7198824882507324
tf.Tensor(-10816.452286202728, shape=(), dtype=float64)
nll_grad  cost time: 2.6722536087036133
tf.Tensor(-10816.45498884914, shape=(), dtype=float64)
nll_grad  cost time: 2.645819902420044
tf.Tensor(-10816.457177542612, shape=(), dtype=float64)
nll_grad  cost time: 2.765557050704956
tf.Tensor(-10816.458958412666, shape=(), dtype=float64)
nll_grad  cost time: 2.6732938289642334
tf.Tensor(-10816.46063059074, shape=(), dtype=float64)
nll_grad  cost time: 2.6607589721679688
tf.Tensor(-10816.462367319138, shape=(), dtype=float64)
nll_grad  cost time: 2.753333330154419
tf.Tensor(-10816.464192874015, shape=(), dtype=float64)
nll_grad  cost time: 2.7356629371643066
tf.Tensor(-10816.4661621373, shape=(), dtype=float64)
nll_grad  cost time: 2.698723793029785
tf.Tensor(-10816.46844250183, shape=(), dtype=float64)
nll_grad  cost time: 2.64406156539917
tf.Tensor(-10816.47104477274, shape=(), dtype=float64)
nll_grad  cost time: 2.7068586349487305
tf.Tensor(-10816.473616766496, shape=(), dtype=float64)
nll_grad  cost time: 2.624422311782837
tf.Tensor(-10816.476058944008, shape=(), dtype=float64)
nll_grad  cost time: 2.6261367797851562
tf.Tensor(-10816.478469814214, shape=(), dtype=float64)
nll_grad  cost time: 2.605989456176758
tf.Tensor(-10816.481121341716, shape=(), dtype=float64)
nll_grad  cost time: 2.6338183879852295
tf.Tensor(-10816.483784823735, shape=(), dtype=float64)
nll_grad  cost time: 2.5779237747192383
tf.Tensor(-10816.485928880278, shape=(), dtype=float64)
nll_grad  cost time: 2.5919349193573
tf.Tensor(-10816.487518096037, shape=(), dtype=float64)
nll_grad  cost time: 2.713346004486084
tf.Tensor(-10816.488969931066, shape=(), dtype=float64)
nll_grad  cost time: 2.6230077743530273
tf.Tensor(-10816.490623291327, shape=(), dtype=float64)
nll_grad  cost time: 2.646960973739624
tf.Tensor(-10816.492498707827, shape=(), dtype=float64)
nll_grad  cost time: 2.6148529052734375
tf.Tensor(-10816.49450223748, shape=(), dtype=float64)
nll_grad  cost time: 2.6455469131469727
tf.Tensor(-10816.496607817266, shape=(), dtype=float64)
nll_grad  cost time: 2.6922059059143066
tf.Tensor(-10816.498991259767, shape=(), dtype=float64)
nll_grad  cost time: 2.616173267364502
tf.Tensor(-10816.501410505905, shape=(), dtype=float64)
nll_grad  cost time: 2.6072230339050293
tf.Tensor(-10816.503203493154, shape=(), dtype=float64)
nll_grad  cost time: 2.652086019515991
tf.Tensor(-10816.504385847506, shape=(), dtype=float64)
nll_grad  cost time: 2.6810059547424316
tf.Tensor(-10816.505472073102, shape=(), dtype=float64)
nll_grad  cost time: 2.6654725074768066
tf.Tensor(-10816.506950886827, shape=(), dtype=float64)
nll_grad  cost time: 2.649658441543579
tf.Tensor(-10816.508894566912, shape=(), dtype=float64)
nll_grad  cost time: 2.6243152618408203
tf.Tensor(-10816.510262075342, shape=(), dtype=float64)
nll_grad  cost time: 2.6436209678649902
tf.Tensor(-10816.511340158466, shape=(), dtype=float64)
nll_grad  cost time: 2.619476795196533
tf.Tensor(-10816.512297090929, shape=(), dtype=float64)
nll_grad  cost time: 2.649339437484741
tf.Tensor(-10816.513333449535, shape=(), dtype=float64)
nll_grad  cost time: 2.7025511264801025
tf.Tensor(-10816.514263339119, shape=(), dtype=float64)
nll_grad  cost time: 2.6033642292022705
tf.Tensor(-10816.515055957238, shape=(), dtype=float64)
nll_grad  cost time: 2.6268959045410156
tf.Tensor(-10816.515871071979, shape=(), dtype=float64)
nll_grad  cost time: 2.6311821937561035
tf.Tensor(-10816.516903344866, shape=(), dtype=float64)
nll_grad  cost time: 2.6057052612304688
tf.Tensor(-10816.518229936219, shape=(), dtype=float64)
nll_grad  cost time: 2.6190531253814697
tf.Tensor(-10816.519761638323, shape=(), dtype=float64)
nll_grad  cost time: 2.6985580921173096
tf.Tensor(-10816.521338898812, shape=(), dtype=float64)
nll_grad  cost time: 2.6320974826812744
tf.Tensor(-10816.522894529733, shape=(), dtype=float64)
nll_grad  cost time: 2.6311211585998535
tf.Tensor(-10816.524451775695, shape=(), dtype=float64)
nll_grad  cost time: 2.630908250808716
tf.Tensor(-10816.526004336967, shape=(), dtype=float64)
nll_grad  cost time: 2.6401619911193848
tf.Tensor(-10816.527481121708, shape=(), dtype=float64)
nll_grad  cost time: 2.974266290664673
tf.Tensor(-10816.52886818592, shape=(), dtype=float64)
nll_grad  cost time: 2.6116271018981934
tf.Tensor(-10816.53027471658, shape=(), dtype=float64)
nll_grad  cost time: 2.618637800216675
tf.Tensor(-10816.53180861247, shape=(), dtype=float64)
nll_grad  cost time: 2.5770504474639893
tf.Tensor(-10816.533454368622, shape=(), dtype=float64)
nll_grad  cost time: 2.5910768508911133
tf.Tensor(-10816.535081060918, shape=(), dtype=float64)
nll_grad  cost time: 2.595423936843872
tf.Tensor(-10816.53667725407, shape=(), dtype=float64)
nll_grad  cost time: 2.5919153690338135
tf.Tensor(-10816.538410496183, shape=(), dtype=float64)
nll_grad  cost time: 2.598520278930664
tf.Tensor(-10816.540400694097, shape=(), dtype=float64)
nll_grad  cost time: 2.6419878005981445
tf.Tensor(-10816.542400102026, shape=(), dtype=float64)
nll_grad  cost time: 2.614185094833374
tf.Tensor(-10816.543934403138, shape=(), dtype=float64)
nll_grad  cost time: 2.5841803550720215
tf.Tensor(-10816.545104235636, shape=(), dtype=float64)
nll_grad  cost time: 2.631096601486206
tf.Tensor(-10816.546197822203, shape=(), dtype=float64)
nll_grad  cost time: 2.638045310974121
tf.Tensor(-10816.547821182, shape=(), dtype=float64)
nll_grad  cost time: 2.600979804992676
tf.Tensor(-10816.549902721188, shape=(), dtype=float64)
nll_grad  cost time: 2.621582508087158
tf.Tensor(-10816.552520955443, shape=(), dtype=float64)
nll_grad  cost time: 2.604435443878174
tf.Tensor(-10816.555635783372, shape=(), dtype=float64)
nll_grad  cost time: 2.589272975921631
tf.Tensor(-10816.559778539702, shape=(), dtype=float64)
nll_grad  cost time: 2.5871663093566895
tf.Tensor(-10816.565503317046, shape=(), dtype=float64)
nll_grad  cost time: 2.751331090927124
tf.Tensor(-10816.571954277864, shape=(), dtype=float64)
nll_grad  cost time: 2.5836756229400635
tf.Tensor(-10816.577189032536, shape=(), dtype=float64)
nll_grad  cost time: 2.620175361633301
tf.Tensor(-10816.580042042153, shape=(), dtype=float64)
nll_grad  cost time: 2.6312222480773926
tf.Tensor(-10816.581952865392, shape=(), dtype=float64)
nll_grad  cost time: 2.6366939544677734
tf.Tensor(-10816.583984506238, shape=(), dtype=float64)
nll_grad  cost time: 2.663318157196045
tf.Tensor(-10816.586850450378, shape=(), dtype=float64)
nll_grad  cost time: 2.6028716564178467
tf.Tensor(-10816.589173277864, shape=(), dtype=float64)
nll_grad  cost time: 2.612318754196167
tf.Tensor(-10816.590709572409, shape=(), dtype=float64)
nll_grad  cost time: 2.606444835662842
tf.Tensor(-10816.591811089533, shape=(), dtype=float64)
nll_grad  cost time: 2.6379051208496094
tf.Tensor(-10816.592865127519, shape=(), dtype=float64)
nll_grad  cost time: 2.5991997718811035
tf.Tensor(-10816.594157983658, shape=(), dtype=float64)
nll_grad  cost time: 2.6311023235321045
tf.Tensor(-10816.596203517098, shape=(), dtype=float64)
nll_grad  cost time: 2.6349902153015137
tf.Tensor(-10816.599255456986, shape=(), dtype=float64)
nll_grad  cost time: 2.6215755939483643
tf.Tensor(-10816.602472696568, shape=(), dtype=float64)
nll_grad  cost time: 2.5786893367767334
tf.Tensor(-10816.605412096944, shape=(), dtype=float64)
nll_grad  cost time: 2.592402458190918
tf.Tensor(-10816.607958090975, shape=(), dtype=float64)
nll_grad  cost time: 2.632885456085205
tf.Tensor(-10816.609940528646, shape=(), dtype=float64)
nll_grad  cost time: 2.682563304901123
tf.Tensor(-10816.611582979387, shape=(), dtype=float64)
nll_grad  cost time: 2.5997798442840576
tf.Tensor(-10816.612962566998, shape=(), dtype=float64)
nll_grad  cost time: 2.5959861278533936
tf.Tensor(-10816.614305040146, shape=(), dtype=float64)
nll_grad  cost time: 2.6043355464935303
tf.Tensor(-10816.615849908314, shape=(), dtype=float64)
nll_grad  cost time: 2.5901968479156494
tf.Tensor(-10816.617343626021, shape=(), dtype=float64)
nll_grad  cost time: 2.6047074794769287
tf.Tensor(-10816.618611902572, shape=(), dtype=float64)
nll_grad  cost time: 2.704179048538208
tf.Tensor(-10816.619634187442, shape=(), dtype=float64)
nll_grad  cost time: 2.565643310546875
tf.Tensor(-10816.620573660037, shape=(), dtype=float64)
nll_grad  cost time: 2.575084686279297
tf.Tensor(-10816.621653807735, shape=(), dtype=float64)
nll_grad  cost time: 2.582923412322998
tf.Tensor(-10816.622961301066, shape=(), dtype=float64)
nll_grad  cost time: 2.598850965499878
tf.Tensor(-10816.624184526761, shape=(), dtype=float64)
nll_grad  cost time: 2.693981647491455
tf.Tensor(-10816.6252747834, shape=(), dtype=float64)
nll_grad  cost time: 2.6020920276641846
tf.Tensor(-10816.626198647606, shape=(), dtype=float64)
nll_grad  cost time: 2.604745388031006
tf.Tensor(-10816.626963704532, shape=(), dtype=float64)
nll_grad  cost time: 2.598752021789551
tf.Tensor(-10816.627621695505, shape=(), dtype=float64)
nll_grad  cost time: 2.629654884338379
tf.Tensor(-10816.628331256983, shape=(), dtype=float64)
nll_grad  cost time: 2.5991995334625244
tf.Tensor(-10816.629127101602, shape=(), dtype=float64)
nll_grad  cost time: 2.586790084838867
tf.Tensor(-10816.629848644216, shape=(), dtype=float64)
nll_grad  cost time: 2.5690219402313232
tf.Tensor(-10816.630439815825, shape=(), dtype=float64)
nll_grad  cost time: 2.6564953327178955
tf.Tensor(-10816.63103532635, shape=(), dtype=float64)
nll_grad  cost time: 2.680206060409546
tf.Tensor(-10816.63187160616, shape=(), dtype=float64)
nll_grad  cost time: 2.671358346939087
tf.Tensor(-10816.633071512242, shape=(), dtype=float64)
nll_grad  cost time: 2.7417807579040527
tf.Tensor(-10816.63435610647, shape=(), dtype=float64)
nll_grad  cost time: 2.6404030323028564
tf.Tensor(-10816.63525270555, shape=(), dtype=float64)
nll_grad  cost time: 2.6401095390319824
tf.Tensor(-10816.635828879886, shape=(), dtype=float64)
nll_grad  cost time: 2.637774705886841
tf.Tensor(-10816.636362170697, shape=(), dtype=float64)
nll_grad  cost time: 2.6486620903015137
tf.Tensor(-10816.637027974235, shape=(), dtype=float64)
nll_grad  cost time: 2.66473388671875
tf.Tensor(-10816.63776477467, shape=(), dtype=float64)
nll_grad  cost time: 2.7167251110076904
tf.Tensor(-10816.638478599289, shape=(), dtype=float64)
nll_grad  cost time: 2.670292854309082
tf.Tensor(-10816.639176273531, shape=(), dtype=float64)
nll_grad  cost time: 2.648617744445801
tf.Tensor(-10816.639973529718, shape=(), dtype=float64)
nll_grad  cost time: 2.596160650253296
tf.Tensor(-10816.640990849033, shape=(), dtype=float64)
nll_grad  cost time: 2.633383274078369
tf.Tensor(-10816.642265802268, shape=(), dtype=float64)
nll_grad  cost time: 2.6660492420196533
tf.Tensor(-10816.643588115263, shape=(), dtype=float64)
nll_grad  cost time: 2.6349570751190186
tf.Tensor(-10816.644572045941, shape=(), dtype=float64)
nll_grad  cost time: 2.596449851989746
tf.Tensor(-10816.645109796504, shape=(), dtype=float64)
nll_grad  cost time: 2.624168634414673
tf.Tensor(-10816.645430723413, shape=(), dtype=float64)
nll_grad  cost time: 2.6212475299835205
tf.Tensor(-10816.64576588622, shape=(), dtype=float64)
nll_grad  cost time: 2.6995301246643066
tf.Tensor(-10816.646275806108, shape=(), dtype=float64)
nll_grad  cost time: 2.6177847385406494
tf.Tensor(-10816.646991856494, shape=(), dtype=float64)
nll_grad  cost time: 2.6233677864074707
tf.Tensor(-10816.647790986079, shape=(), dtype=float64)
nll_grad  cost time: 2.615652561187744
tf.Tensor(-10816.648473335277, shape=(), dtype=float64)
nll_grad  cost time: 2.606041669845581
tf.Tensor(-10816.648986737924, shape=(), dtype=float64)
nll_grad  cost time: 2.5903098583221436
tf.Tensor(-10816.6494633597, shape=(), dtype=float64)
nll_grad  cost time: 2.6239190101623535
tf.Tensor(-10816.65002053074, shape=(), dtype=float64)
nll_grad  cost time: 2.6771433353424072
tf.Tensor(-10816.650582670374, shape=(), dtype=float64)
nll_grad  cost time: 2.6126861572265625
tf.Tensor(-10816.650964737311, shape=(), dtype=float64)
nll_grad  cost time: 2.5912888050079346
tf.Tensor(-10816.651147363194, shape=(), dtype=float64)
nll_grad  cost time: 2.6363277435302734
tf.Tensor(-10816.65124594608, shape=(), dtype=float64)
nll_grad  cost time: 2.62538743019104
tf.Tensor(-10816.651362409319, shape=(), dtype=float64)
nll_grad  cost time: 2.627379894256592
tf.Tensor(-10816.651539162702, shape=(), dtype=float64)
nll_grad  cost time: 2.7326974868774414
tf.Tensor(-10816.651774967595, shape=(), dtype=float64)
nll_grad  cost time: 2.589890241622925
tf.Tensor(-10816.651988583344, shape=(), dtype=float64)
nll_grad  cost time: 2.6303515434265137
tf.Tensor(-10816.652124981867, shape=(), dtype=float64)
nll_grad  cost time: 2.600538730621338
tf.Tensor(-10816.652191094265, shape=(), dtype=float64)
nll_grad  cost time: 2.5844027996063232
tf.Tensor(-10816.652229798894, shape=(), dtype=float64)
nll_grad  cost time: 2.626523971557617
tf.Tensor(-10816.65226628855, shape=(), dtype=float64)
nll_grad  cost time: 2.595418930053711
tf.Tensor(-10816.65231905151, shape=(), dtype=float64)
nll_grad  cost time: 2.572287082672119
tf.Tensor(-10816.652403371721, shape=(), dtype=float64)
nll_grad  cost time: 2.589677095413208
tf.Tensor(-10816.65253471861, shape=(), dtype=float64)
nll_grad  cost time: 2.5863325595855713
tf.Tensor(-10816.652696098603, shape=(), dtype=float64)
nll_grad  cost time: 2.59197735786438
tf.Tensor(-10816.652795034543, shape=(), dtype=float64)
nll_grad  cost time: 2.5912930965423584
tf.Tensor(-10816.652851998539, shape=(), dtype=float64)
nll_grad  cost time: 2.600193500518799
tf.Tensor(-10816.652891784357, shape=(), dtype=float64)
nll_grad  cost time: 2.567969560623169
tf.Tensor(-10816.652956328275, shape=(), dtype=float64)
nll_grad  cost time: 2.5843214988708496
tf.Tensor(-10816.65306484352, shape=(), dtype=float64)
nll_grad  cost time: 2.602877140045166
tf.Tensor(-10816.653244928286, shape=(), dtype=float64)
nll_grad  cost time: 2.5975358486175537
tf.Tensor(-10816.653516888517, shape=(), dtype=float64)
nll_grad  cost time: 2.6469826698303223
tf.Tensor(-10816.653766393054, shape=(), dtype=float64)
nll_grad  cost time: 2.569368600845337
tf.Tensor(-10816.653942385934, shape=(), dtype=float64)
nll_grad  cost time: 2.623222827911377
tf.Tensor(-10816.654125596842, shape=(), dtype=float64)
nll_grad  cost time: 2.571962356567383
tf.Tensor(-10816.654344831777, shape=(), dtype=float64)
nll_grad  cost time: 2.5792810916900635
tf.Tensor(-10816.654696245829, shape=(), dtype=float64)
nll_grad  cost time: 2.6130521297454834
tf.Tensor(-10816.655246528346, shape=(), dtype=float64)
nll_grad  cost time: 2.6987392902374268
tf.Tensor(-10816.65592940467, shape=(), dtype=float64)
nll_grad  cost time: 2.60829758644104
tf.Tensor(-10816.65629449045, shape=(), dtype=float64)
nll_grad  cost time: 2.613089084625244
tf.Tensor(-10816.656446946337, shape=(), dtype=float64)
nll_grad  cost time: 2.6168580055236816
tf.Tensor(-10816.656513305947, shape=(), dtype=float64)
nll_grad  cost time: 2.585404872894287
tf.Tensor(-10816.656594212618, shape=(), dtype=float64)
nll_grad  cost time: 2.63891863822937
tf.Tensor(-10816.656718085856, shape=(), dtype=float64)
nll_grad  cost time: 2.5639734268188477
tf.Tensor(-10816.656890569719, shape=(), dtype=float64)
nll_grad  cost time: 2.5828070640563965
tf.Tensor(-10816.657008802144, shape=(), dtype=float64)
nll_grad  cost time: 2.610281229019165
tf.Tensor(-10816.657055689375, shape=(), dtype=float64)
nll_grad  cost time: 2.5925729274749756
tf.Tensor(-10816.657069723136, shape=(), dtype=float64)
nll_grad  cost time: 2.619568109512329
tf.Tensor(-10816.65707992635, shape=(), dtype=float64)
nll_grad  cost time: 2.607609272003174
tf.Tensor(-10816.657096347097, shape=(), dtype=float64)
nll_grad  cost time: 2.6072611808776855
tf.Tensor(-10816.657123833309, shape=(), dtype=float64)
nll_grad  cost time: 2.617980480194092
tf.Tensor(-10816.657170242866, shape=(), dtype=float64)
nll_grad  cost time: 2.6010284423828125
tf.Tensor(-10816.657245413775, shape=(), dtype=float64)
nll_grad  cost time: 2.596575975418091
tf.Tensor(-10816.657349300087, shape=(), dtype=float64)
nll_grad  cost time: 2.6030614376068115
tf.Tensor(-10816.65741281721, shape=(), dtype=float64)
nll_grad  cost time: 2.6544926166534424
tf.Tensor(-10816.65745517218, shape=(), dtype=float64)
nll_grad  cost time: 2.570216417312622
tf.Tensor(-10816.657475653195, shape=(), dtype=float64)
nll_grad  cost time: 2.596313953399658
tf.Tensor(-10816.6575044098, shape=(), dtype=float64)
nll_grad  cost time: 2.614319086074829
tf.Tensor(-10816.657552325272, shape=(), dtype=float64)
nll_grad  cost time: 2.621302366256714
tf.Tensor(-10816.657632394936, shape=(), dtype=float64)
nll_grad  cost time: 2.6299915313720703
tf.Tensor(-10816.657754636266, shape=(), dtype=float64)
nll_grad  cost time: 2.764749765396118
tf.Tensor(-10816.657859718916, shape=(), dtype=float64)
nll_grad  cost time: 2.6099648475646973
tf.Tensor(-10816.657901552926, shape=(), dtype=float64)
nll_grad  cost time: 2.585150718688965
tf.Tensor(-10816.657920806625, shape=(), dtype=float64)
nll_grad  cost time: 2.6087558269500732
tf.Tensor(-10816.657932092501, shape=(), dtype=float64)
nll_grad  cost time: 2.600067615509033
tf.Tensor(-10816.657951644747, shape=(), dtype=float64)
nll_grad  cost time: 2.689471483230591
tf.Tensor(-10816.65798653381, shape=(), dtype=float64)
nll_grad  cost time: 2.6459295749664307
tf.Tensor(-10816.658048926774, shape=(), dtype=float64)
nll_grad  cost time: 2.622688055038452
tf.Tensor(-10816.658157858186, shape=(), dtype=float64)
nll_grad  cost time: 2.6461822986602783
tf.Tensor(-10816.65833549629, shape=(), dtype=float64)
nll_grad  cost time: 2.6258015632629395
tf.Tensor(-10816.658574450177, shape=(), dtype=float64)
nll_grad  cost time: 2.6276705265045166
tf.Tensor(-10816.658712023778, shape=(), dtype=float64)
nll_grad  cost time: 2.668469190597534
tf.Tensor(-10816.6588150966, shape=(), dtype=float64)
nll_grad  cost time: 2.6595113277435303
tf.Tensor(-10816.658832415998, shape=(), dtype=float64)
nll_grad  cost time: 2.682157516479492
tf.Tensor(-10816.65883701666, shape=(), dtype=float64)
nll_grad  cost time: 2.646872043609619
tf.Tensor(-10816.65884397477, shape=(), dtype=float64)
nll_grad  cost time: 2.6230216026306152
tf.Tensor(-10816.658856349091, shape=(), dtype=float64)
nll_grad  cost time: 2.63175106048584
tf.Tensor(-10816.658878971051, shape=(), dtype=float64)
nll_grad  cost time: 2.6611320972442627
tf.Tensor(-10816.65892026405, shape=(), dtype=float64)
nll_grad  cost time: 2.6153388023376465
tf.Tensor(-10816.658993594912, shape=(), dtype=float64)
nll_grad  cost time: 2.604332685470581
tf.Tensor(-10816.65911446731, shape=(), dtype=float64)
nll_grad  cost time: 2.597526788711548
tf.Tensor(-10816.659274256996, shape=(), dtype=float64)
nll_grad  cost time: 2.600072145462036
tf.Tensor(-10816.659356944427, shape=(), dtype=float64)
nll_grad  cost time: 2.6356048583984375
tf.Tensor(-10816.65942733641, shape=(), dtype=float64)
nll_grad  cost time: 2.8264315128326416
tf.Tensor(-10816.659442262666, shape=(), dtype=float64)
nll_grad  cost time: 2.6645662784576416
tf.Tensor(-10816.659449326435, shape=(), dtype=float64)
nll_grad  cost time: 2.610105037689209
tf.Tensor(-10816.659461277613, shape=(), dtype=float64)
nll_grad  cost time: 2.66689395904541
tf.Tensor(-10816.659482784993, shape=(), dtype=float64)
nll_grad  cost time: 2.6562602519989014
tf.Tensor(-10816.65952245685, shape=(), dtype=float64)
nll_grad  cost time: 2.69850754737854
tf.Tensor(-10816.659595942332, shape=(), dtype=float64)
nll_grad  cost time: 2.953361749649048
tf.Tensor(-10816.65973078452, shape=(), dtype=float64)
nll_grad  cost time: 2.6165385246276855
tf.Tensor(-10816.65997240047, shape=(), dtype=float64)
nll_grad  cost time: 2.636420249938965
tf.Tensor(-10816.660386260653, shape=(), dtype=float64)
nll_grad  cost time: 2.629762887954712
tf.Tensor(-10816.661039574785, shape=(), dtype=float64)
nll_grad  cost time: 2.6401727199554443
tf.Tensor(-10816.661888393915, shape=(), dtype=float64)
nll_grad  cost time: 2.6627726554870605
tf.Tensor(-10816.66271769916, shape=(), dtype=float64)
nll_grad  cost time: 2.6519460678100586
tf.Tensor(-10816.663565294028, shape=(), dtype=float64)
nll_grad  cost time: 2.621394395828247
tf.Tensor(-10816.663861972844, shape=(), dtype=float64)
nll_grad  cost time: 2.6186363697052
tf.Tensor(-10816.663954206426, shape=(), dtype=float64)
nll_grad  cost time: 2.6278038024902344
tf.Tensor(-10816.664028817087, shape=(), dtype=float64)
nll_grad  cost time: 2.701843500137329
tf.Tensor(-10816.66415892533, shape=(), dtype=float64)
nll_grad  cost time: 2.603644371032715
tf.Tensor(-10816.66440116971, shape=(), dtype=float64)
nll_grad  cost time: 2.6068596839904785
tf.Tensor(-10816.664851768623, shape=(), dtype=float64)
nll_grad  cost time: 2.6017985343933105
tf.Tensor(-10816.66566311214, shape=(), dtype=float64)
nll_grad  cost time: 2.563689947128296
tf.Tensor(-10816.66696056046, shape=(), dtype=float64)
nll_grad  cost time: 2.5869810581207275
tf.Tensor(-10816.668029044122, shape=(), dtype=float64)
nll_grad  cost time: 2.7000885009765625
tf.Tensor(-10816.66828557583, shape=(), dtype=float64)
nll_grad  cost time: 2.680631399154663
tf.Tensor(-10816.66855484172, shape=(), dtype=float64)
nll_grad  cost time: 2.6060080528259277
tf.Tensor(-10816.668627021596, shape=(), dtype=float64)
nll_grad  cost time: 2.609776496887207
tf.Tensor(-10816.668681175386, shape=(), dtype=float64)
nll_grad  cost time: 2.6182754039764404
tf.Tensor(-10816.668751195026, shape=(), dtype=float64)
nll_grad  cost time: 2.657658338546753
tf.Tensor(-10816.668842220188, shape=(), dtype=float64)
nll_grad  cost time: 2.6728382110595703
tf.Tensor(-10816.6689387768, shape=(), dtype=float64)
nll_grad  cost time: 2.671201705932617
tf.Tensor(-10816.669045967601, shape=(), dtype=float64)
nll_grad  cost time: 2.62899112701416
tf.Tensor(-10816.669214413709, shape=(), dtype=float64)
nll_grad  cost time: 2.638049364089966
tf.Tensor(-10816.669499042548, shape=(), dtype=float64)
nll_grad  cost time: 2.668768882751465
tf.Tensor(-10816.669997409186, shape=(), dtype=float64)
nll_grad  cost time: 2.6420300006866455
tf.Tensor(-10816.670862299736, shape=(), dtype=float64)
nll_grad  cost time: 2.622605323791504
tf.Tensor(-10816.672256680215, shape=(), dtype=float64)
nll_grad  cost time: 2.600480079650879
tf.Tensor(-10816.673911528995, shape=(), dtype=float64)
nll_grad  cost time: 2.613783121109009
tf.Tensor(-10816.674693841884, shape=(), dtype=float64)
nll_grad  cost time: 2.610215663909912
tf.Tensor(-10816.675063291006, shape=(), dtype=float64)
nll_grad  cost time: 2.633923053741455
tf.Tensor(-10816.675392653182, shape=(), dtype=float64)
nll_grad  cost time: 2.651212692260742
tf.Tensor(-10816.675411605915, shape=(), dtype=float64)
nll_grad  cost time: 2.631979465484619
tf.Tensor(-10816.675442796284, shape=(), dtype=float64)
nll_grad  cost time: 2.6441843509674072
tf.Tensor(-10816.675481545552, shape=(), dtype=float64)
nll_grad  cost time: 2.6015677452087402
tf.Tensor(-10816.675498314873, shape=(), dtype=float64)
nll_grad  cost time: 2.6227529048919678
tf.Tensor(-10816.675524648266, shape=(), dtype=float64)
nll_grad  cost time: 2.6394312381744385
tf.Tensor(-10816.67556498011, shape=(), dtype=float64)
nll_grad  cost time: 2.7844314575195312
tf.Tensor(-10816.675621535223, shape=(), dtype=float64)
nll_grad  cost time: 2.6362905502319336
tf.Tensor(-10816.675713710909, shape=(), dtype=float64)
nll_grad  cost time: 2.6231584548950195
tf.Tensor(-10816.675868000253, shape=(), dtype=float64)
nll_grad  cost time: 2.6770341396331787
tf.Tensor(-10816.676128974776, shape=(), dtype=float64)
nll_grad  cost time: 2.6913514137268066
tf.Tensor(-10816.67657167654, shape=(), dtype=float64)
nll_grad  cost time: 2.7972257137298584
tf.Tensor(-10816.677017623993, shape=(), dtype=float64)
nll_grad  cost time: 2.6526854038238525
tf.Tensor(-10816.67776267434, shape=(), dtype=float64)
nll_grad  cost time: 2.6451339721679688
tf.Tensor(-10816.678997531515, shape=(), dtype=float64)
nll_grad  cost time: 2.6660919189453125
nll_grad  cost time: 2.581455945968628
tf.Tensor(-10816.67985465963, shape=(), dtype=float64)
nll_grad  cost time: 2.635948419570923
tf.Tensor(-10816.68124434735, shape=(), dtype=float64)
nll_grad  cost time: 2.594738245010376
tf.Tensor(-10816.682654199702, shape=(), dtype=float64)
nll_grad  cost time: 2.6018028259277344
nll_grad  cost time: 2.553175687789917
tf.Tensor(-10816.6830009257, shape=(), dtype=float64)
nll_grad  cost time: 2.571432590484619
tf.Tensor(-10816.683369840524, shape=(), dtype=float64)
nll_grad  cost time: 2.565140962600708
tf.Tensor(-10816.683689479516, shape=(), dtype=float64)
nll_grad  cost time: 2.639190196990967
tf.Tensor(-10816.683952705245, shape=(), dtype=float64)
nll_grad  cost time: 2.636691093444824
tf.Tensor(-10816.684068992648, shape=(), dtype=float64)
nll_grad  cost time: 2.6042850017547607
tf.Tensor(-10816.684213231947, shape=(), dtype=float64)
nll_grad  cost time: 2.600390672683716
tf.Tensor(-10816.68446036083, shape=(), dtype=float64)
nll_grad  cost time: 2.583466053009033
tf.Tensor(-10816.684822853123, shape=(), dtype=float64)
nll_grad  cost time: 2.590583562850952
tf.Tensor(-10816.685094761191, shape=(), dtype=float64)
nll_grad  cost time: 2.6217236518859863
tf.Tensor(-10816.685259932687, shape=(), dtype=float64)
nll_grad  cost time: 2.654432535171509
tf.Tensor(-10816.685369071498, shape=(), dtype=float64)
nll_grad  cost time: 2.5762875080108643
tf.Tensor(-10816.685403380496, shape=(), dtype=float64)
nll_grad  cost time: 2.5383403301239014
tf.Tensor(-10816.685416369342, shape=(), dtype=float64)
nll_grad  cost time: 2.57423996925354
tf.Tensor(-10816.685422541223, shape=(), dtype=float64)
nll_grad  cost time: 2.609917640686035
tf.Tensor(-10816.685427661829, shape=(), dtype=float64)
nll_grad  cost time: 2.677456855773926
tf.Tensor(-10816.685435777223, shape=(), dtype=float64)
nll_grad  cost time: 2.5985307693481445
tf.Tensor(-10816.685448987851, shape=(), dtype=float64)
nll_grad  cost time: 2.5991289615631104
tf.Tensor(-10816.685471037532, shape=(), dtype=float64)
nll_grad  cost time: 2.5768187046051025
tf.Tensor(-10816.68550806673, shape=(), dtype=float64)
nll_grad  cost time: 2.5780117511749268
tf.Tensor(-10816.685568941963, shape=(), dtype=float64)
nll_grad  cost time: 2.6135265827178955
tf.Tensor(-10816.685663231441, shape=(), dtype=float64)
nll_grad  cost time: 2.6310458183288574
tf.Tensor(-10816.685786069982, shape=(), dtype=float64)
nll_grad  cost time: 2.6037588119506836
tf.Tensor(-10816.685937600585, shape=(), dtype=float64)
nll_grad  cost time: 2.5918188095092773
tf.Tensor(-10816.686102980777, shape=(), dtype=float64)
nll_grad  cost time: 2.578568458557129
tf.Tensor(-10816.686137052246, shape=(), dtype=float64)
nll_grad  cost time: 2.6448991298675537
tf.Tensor(-10816.686150368001, shape=(), dtype=float64)
nll_grad  cost time: 2.7608842849731445
tf.Tensor(-10816.686152658327, shape=(), dtype=float64)
nll_grad  cost time: 2.6709024906158447
tf.Tensor(-10816.686153300276, shape=(), dtype=float64)
nll_grad  cost time: 2.6431374549865723
tf.Tensor(-10816.686153550645, shape=(), dtype=float64)
nll_grad  cost time: 2.579537868499756
tf.Tensor(-10816.686153761928, shape=(), dtype=float64)
nll_grad  cost time: 2.625077247619629
tf.Tensor(-10816.686154137195, shape=(), dtype=float64)
nll_grad  cost time: 2.6088085174560547
tf.Tensor(-10816.686154817278, shape=(), dtype=float64)
nll_grad  cost time: 2.5673670768737793
tf.Tensor(-10816.686156051663, shape=(), dtype=float64)
nll_grad  cost time: 2.7946183681488037
tf.Tensor(-10816.686158268476, shape=(), dtype=float64)
nll_grad  cost time: 2.5928077697753906
tf.Tensor(-10816.68616216038, shape=(), dtype=float64)
nll_grad  cost time: 2.5880894660949707
tf.Tensor(-10816.686168739045, shape=(), dtype=float64)
nll_grad  cost time: 2.6108057498931885
tf.Tensor(-10816.686179225704, shape=(), dtype=float64)
nll_grad  cost time: 2.6338858604431152
tf.Tensor(-10816.686194526443, shape=(), dtype=float64)
nll_grad  cost time: 2.6516380310058594
tf.Tensor(-10816.686209695175, shape=(), dtype=float64)
nll_grad  cost time: 2.5807719230651855
tf.Tensor(-10816.686222701657, shape=(), dtype=float64)
nll_grad  cost time: 2.5939431190490723
tf.Tensor(-10816.686226295747, shape=(), dtype=float64)
nll_grad  cost time: 2.5803444385528564
tf.Tensor(-10816.686226909593, shape=(), dtype=float64)
nll_grad  cost time: 2.630957841873169
tf.Tensor(-10816.68622725717, shape=(), dtype=float64)
nll_grad  cost time: 2.5721802711486816
tf.Tensor(-10816.686227887229, shape=(), dtype=float64)
nll_grad  cost time: 2.589648723602295
tf.Tensor(-10816.686229059436, shape=(), dtype=float64)
nll_grad  cost time: 2.5954103469848633
tf.Tensor(-10816.686231252594, shape=(), dtype=float64)
nll_grad  cost time: 2.599879503250122
tf.Tensor(-10816.686235333207, shape=(), dtype=float64)
nll_grad  cost time: 2.5645627975463867
tf.Tensor(-10816.686242815465, shape=(), dtype=float64)
nll_grad  cost time: 2.562065362930298
tf.Tensor(-10816.68625621022, shape=(), dtype=float64)
nll_grad  cost time: 2.6320443153381348
tf.Tensor(-10816.686279416652, shape=(), dtype=float64)
nll_grad  cost time: 2.6110782623291016
tf.Tensor(-10816.686318281578, shape=(), dtype=float64)
nll_grad  cost time: 2.6158275604248047
tf.Tensor(-10816.686382440334, shape=(), dtype=float64)
nll_grad  cost time: 2.612255334854126
tf.Tensor(-10816.686489863749, shape=(), dtype=float64)
nll_grad  cost time: 2.5798330307006836
tf.Tensor(-10816.686671401494, shape=(), dtype=float64)
nll_grad  cost time: 2.581726551055908
tf.Tensor(-10816.686966052455, shape=(), dtype=float64)
nll_grad  cost time: 2.58164644241333
tf.Tensor(-10816.687390555635, shape=(), dtype=float64)
nll_grad  cost time: 2.7003672122955322
tf.Tensor(-10816.687777703144, shape=(), dtype=float64)
nll_grad  cost time: 2.6318724155426025
nll_grad  cost time: 2.5311098098754883
tf.Tensor(-10816.687911953706, shape=(), dtype=float64)
nll_grad  cost time: 2.571280002593994
tf.Tensor(-10816.688075643606, shape=(), dtype=float64)
nll_grad  cost time: 2.6155519485473633
tf.Tensor(-10816.688119083334, shape=(), dtype=float64)
nll_grad  cost time: 2.6737680435180664
tf.Tensor(-10816.688146974177, shape=(), dtype=float64)
nll_grad  cost time: 2.5495595932006836
tf.Tensor(-10816.688176685895, shape=(), dtype=float64)
nll_grad  cost time: 2.5636308193206787
tf.Tensor(-10816.688207407733, shape=(), dtype=float64)
nll_grad  cost time: 2.5794014930725098
tf.Tensor(-10816.688230592274, shape=(), dtype=float64)
nll_grad  cost time: 2.5711748600006104
tf.Tensor(-10816.688244584995, shape=(), dtype=float64)
nll_grad  cost time: 2.580904245376587
tf.Tensor(-10816.688257327007, shape=(), dtype=float64)
nll_grad  cost time: 2.5822906494140625
tf.Tensor(-10816.688272119149, shape=(), dtype=float64)
nll_grad  cost time: 2.563645839691162
tf.Tensor(-10816.688298301679, shape=(), dtype=float64)
nll_grad  cost time: 2.6201367378234863
tf.Tensor(-10816.688344787817, shape=(), dtype=float64)
nll_grad  cost time: 2.5821523666381836
tf.Tensor(-10816.688426773202, shape=(), dtype=float64)
nll_grad  cost time: 2.5908637046813965
tf.Tensor(-10816.688569643333, shape=(), dtype=float64)
nll_grad  cost time: 2.663093090057373
tf.Tensor(-10816.688815420006, shape=(), dtype=float64)
nll_grad  cost time: 2.585305690765381
tf.Tensor(-10816.68923311891, shape=(), dtype=float64)
nll_grad  cost time: 2.6681766510009766
tf.Tensor(-10816.689830666366, shape=(), dtype=float64)
nll_grad  cost time: 2.588829517364502
nll_grad  cost time: 2.569810390472412
tf.Tensor(-10816.690185943333, shape=(), dtype=float64)
nll_grad  cost time: 2.573883533477783
tf.Tensor(-10816.690755758005, shape=(), dtype=float64)
nll_grad  cost time: 2.567477226257324
tf.Tensor(-10816.691768331468, shape=(), dtype=float64)
nll_grad  cost time: 2.70723032951355
tf.Tensor(-10816.693361287504, shape=(), dtype=float64)
nll_grad  cost time: 2.5694973468780518
nll_grad  cost time: 2.5144150257110596
tf.Tensor(-10816.69446966717, shape=(), dtype=float64)
nll_grad  cost time: 2.5806453227996826
tf.Tensor(-10816.695636139766, shape=(), dtype=float64)
nll_grad  cost time: 2.5986692905426025
nll_grad  cost time: 2.5693678855895996
tf.Tensor(-10816.69581340084, shape=(), dtype=float64)
nll_grad  cost time: 2.5577750205993652
tf.Tensor(-10816.695879788283, shape=(), dtype=float64)
nll_grad  cost time: 2.5582079887390137
tf.Tensor(-10816.695944291954, shape=(), dtype=float64)
nll_grad  cost time: 2.6157195568084717
tf.Tensor(-10816.695971551402, shape=(), dtype=float64)
nll_grad  cost time: 2.59765362739563
tf.Tensor(-10816.69601319302, shape=(), dtype=float64)
nll_grad  cost time: 2.5648601055145264
tf.Tensor(-10816.696062163122, shape=(), dtype=float64)
nll_grad  cost time: 2.5973360538482666
tf.Tensor(-10816.696117581343, shape=(), dtype=float64)
nll_grad  cost time: 2.586338520050049
tf.Tensor(-10816.696213316913, shape=(), dtype=float64)
nll_grad  cost time: 2.610888957977295
tf.Tensor(-10816.696377387825, shape=(), dtype=float64)
nll_grad  cost time: 2.637336015701294
tf.Tensor(-10816.696621943081, shape=(), dtype=float64)
nll_grad  cost time: 2.590121030807495
tf.Tensor(-10816.69683436364, shape=(), dtype=float64)
nll_grad  cost time: 2.612586259841919
tf.Tensor(-10816.696985005046, shape=(), dtype=float64)
nll_grad  cost time: 2.6250438690185547
tf.Tensor(-10816.69718206635, shape=(), dtype=float64)
nll_grad  cost time: 2.5231049060821533
tf.Tensor(-10816.697397670745, shape=(), dtype=float64)
nll_grad  cost time: 2.545199394226074
tf.Tensor(-10816.697592095326, shape=(), dtype=float64)
nll_grad  cost time: 2.555588722229004
tf.Tensor(-10816.697740152866, shape=(), dtype=float64)
nll_grad  cost time: 2.59604811668396
tf.Tensor(-10816.69791960731, shape=(), dtype=float64)
nll_grad  cost time: 2.5828325748443604
tf.Tensor(-10816.698081401151, shape=(), dtype=float64)
nll_grad  cost time: 2.6835227012634277
tf.Tensor(-10816.698327058215, shape=(), dtype=float64)
nll_grad  cost time: 2.568136215209961
tf.Tensor(-10816.698600128024, shape=(), dtype=float64)
nll_grad  cost time: 2.5768556594848633
tf.Tensor(-10816.698716236328, shape=(), dtype=float64)
nll_grad  cost time: 2.5561633110046387
tf.Tensor(-10816.69886207611, shape=(), dtype=float64)
nll_grad  cost time: 2.5871694087982178
tf.Tensor(-10816.698958181, shape=(), dtype=float64)
nll_grad  cost time: 2.6821980476379395
tf.Tensor(-10816.699082570682, shape=(), dtype=float64)
nll_grad  cost time: 2.9092202186584473
tf.Tensor(-10816.699230329803, shape=(), dtype=float64)
nll_grad  cost time: 2.5442135334014893
tf.Tensor(-10816.699343968508, shape=(), dtype=float64)
nll_grad  cost time: 2.5589966773986816
tf.Tensor(-10816.699478899014, shape=(), dtype=float64)
nll_grad  cost time: 2.5700552463531494
tf.Tensor(-10816.699579822398, shape=(), dtype=float64)
nll_grad  cost time: 2.5722239017486572
tf.Tensor(-10816.69969128097, shape=(), dtype=float64)
nll_grad  cost time: 2.570467948913574
tf.Tensor(-10816.699850377163, shape=(), dtype=float64)
nll_grad  cost time: 2.556919574737549
tf.Tensor(-10816.699953781812, shape=(), dtype=float64)
nll_grad  cost time: 2.572524309158325
nll_grad  cost time: 2.5201284885406494
tf.Tensor(-10816.699999498149, shape=(), dtype=float64)
nll_grad  cost time: 2.577967882156372
tf.Tensor(-10816.70007932797, shape=(), dtype=float64)
nll_grad  cost time: 2.6008667945861816
tf.Tensor(-10816.700212810692, shape=(), dtype=float64)
nll_grad  cost time: 2.7074127197265625
tf.Tensor(-10816.700368146645, shape=(), dtype=float64)
nll_grad  cost time: 2.581690788269043
tf.Tensor(-10816.700512336145, shape=(), dtype=float64)
nll_grad  cost time: 2.600794792175293
tf.Tensor(-10816.700638895436, shape=(), dtype=float64)
nll_grad  cost time: 2.554081678390503
tf.Tensor(-10816.700811078297, shape=(), dtype=float64)
nll_grad  cost time: 2.566654682159424
tf.Tensor(-10816.700869133994, shape=(), dtype=float64)
nll_grad  cost time: 2.5848350524902344
tf.Tensor(-10816.70088701915, shape=(), dtype=float64)
nll_grad  cost time: 2.79927134513855
tf.Tensor(-10816.700901482624, shape=(), dtype=float64)
nll_grad  cost time: 2.6053073406219482
tf.Tensor(-10816.700923886097, shape=(), dtype=float64)
nll_grad  cost time: 2.6255877017974854
tf.Tensor(-10816.70096043557, shape=(), dtype=float64)
nll_grad  cost time: 2.623220682144165
tf.Tensor(-10816.701018720289, shape=(), dtype=float64)
nll_grad  cost time: 2.5963659286499023
tf.Tensor(-10816.701085608778, shape=(), dtype=float64)
nll_grad  cost time: 2.616209030151367
tf.Tensor(-10816.701108897701, shape=(), dtype=float64)
nll_grad  cost time: 2.556276798248291
tf.Tensor(-10816.701148895378, shape=(), dtype=float64)
nll_grad  cost time: 2.575873374938965
tf.Tensor(-10816.701203184102, shape=(), dtype=float64)
nll_grad  cost time: 2.5656485557556152
tf.Tensor(-10816.701241735394, shape=(), dtype=float64)
nll_grad  cost time: 2.5920944213867188
tf.Tensor(-10816.701278596685, shape=(), dtype=float64)
nll_grad  cost time: 2.602346181869507
tf.Tensor(-10816.701336004107, shape=(), dtype=float64)
nll_grad  cost time: 2.572195291519165
tf.Tensor(-10816.70138872323, shape=(), dtype=float64)
nll_grad  cost time: 2.639570713043213
tf.Tensor(-10816.701421977705, shape=(), dtype=float64)
nll_grad  cost time: 2.5881106853485107
tf.Tensor(-10816.701465609676, shape=(), dtype=float64)
nll_grad  cost time: 2.5887467861175537
tf.Tensor(-10816.701527659192, shape=(), dtype=float64)
nll_grad  cost time: 2.5987703800201416
tf.Tensor(-10816.701570805337, shape=(), dtype=float64)
nll_grad  cost time: 2.621652126312256
tf.Tensor(-10816.701603316451, shape=(), dtype=float64)
nll_grad  cost time: 2.6311652660369873
tf.Tensor(-10816.701633942535, shape=(), dtype=float64)
nll_grad  cost time: 2.5652177333831787
tf.Tensor(-10816.70166335197, shape=(), dtype=float64)
nll_grad  cost time: 2.5566766262054443
tf.Tensor(-10816.701705606838, shape=(), dtype=float64)
nll_grad  cost time: 2.5598673820495605
tf.Tensor(-10816.701734645567, shape=(), dtype=float64)
nll_grad  cost time: 2.564565896987915
tf.Tensor(-10816.701761287986, shape=(), dtype=float64)
nll_grad  cost time: 2.574077844619751
tf.Tensor(-10816.70177914101, shape=(), dtype=float64)
nll_grad  cost time: 2.7779829502105713
tf.Tensor(-10816.701806518735, shape=(), dtype=float64)
nll_grad  cost time: 2.617675304412842
tf.Tensor(-10816.701832618644, shape=(), dtype=float64)
nll_grad  cost time: 2.5827507972717285
tf.Tensor(-10816.70185862427, shape=(), dtype=float64)
nll_grad  cost time: 2.5670852661132812
tf.Tensor(-10816.70188969882, shape=(), dtype=float64)
nll_grad  cost time: 2.586860418319702
tf.Tensor(-10816.701893206136, shape=(), dtype=float64)
nll_grad  cost time: 2.7026171684265137
tf.Tensor(-10816.701899560012, shape=(), dtype=float64)
nll_grad  cost time: 2.5766618251800537
tf.Tensor(-10816.70191051285, shape=(), dtype=float64)
nll_grad  cost time: 2.5605387687683105
tf.Tensor(-10816.701927046572, shape=(), dtype=float64)
nll_grad  cost time: 2.5526037216186523
tf.Tensor(-10816.70194236487, shape=(), dtype=float64)
nll_grad  cost time: 2.548578977584839
tf.Tensor(-10816.70195653615, shape=(), dtype=float64)
nll_grad  cost time: 2.5705556869506836
tf.Tensor(-10816.701960826327, shape=(), dtype=float64)
nll_grad  cost time: 2.5635836124420166
tf.Tensor(-10816.701967981482, shape=(), dtype=float64)
nll_grad  cost time: 2.5499045848846436
tf.Tensor(-10816.70197775789, shape=(), dtype=float64)
nll_grad  cost time: 2.57779598236084
tf.Tensor(-10816.701983458765, shape=(), dtype=float64)
nll_grad  cost time: 2.581700086593628
tf.Tensor(-10816.701989316307, shape=(), dtype=float64)
nll_grad  cost time: 2.579457998275757
tf.Tensor(-10816.701995059135, shape=(), dtype=float64)
nll_grad  cost time: 2.602806568145752
tf.Tensor(-10816.701998413286, shape=(), dtype=float64)
nll_grad  cost time: 2.7070882320404053
tf.Tensor(-10816.702003649432, shape=(), dtype=float64)
nll_grad  cost time: 2.583383798599243
tf.Tensor(-10816.702010925486, shape=(), dtype=float64)
nll_grad  cost time: 2.595517873764038
tf.Tensor(-10816.702015662717, shape=(), dtype=float64)
nll_grad  cost time: 2.5655956268310547
tf.Tensor(-10816.702018775422, shape=(), dtype=float64)
nll_grad  cost time: 2.547222375869751
nll_grad  cost time: 2.5362987518310547
tf.Tensor(-10816.702020673427, shape=(), dtype=float64)
nll_grad  cost time: 2.7310776710510254
tf.Tensor(-10816.702023028683, shape=(), dtype=float64)
nll_grad  cost time: 2.576749801635742
tf.Tensor(-10816.702025273455, shape=(), dtype=float64)
nll_grad  cost time: 2.5853071212768555
tf.Tensor(-10816.702026494086, shape=(), dtype=float64)
nll_grad  cost time: 2.552271604537964
tf.Tensor(-10816.702028103477, shape=(), dtype=float64)
nll_grad  cost time: 2.6599531173706055
tf.Tensor(-10816.702028731797, shape=(), dtype=float64)
nll_grad  cost time: 2.6866326332092285
tf.Tensor(-10816.702029543858, shape=(), dtype=float64)
nll_grad  cost time: 2.5748860836029053
tf.Tensor(-10816.70203022046, shape=(), dtype=float64)
nll_grad  cost time: 2.573253631591797
tf.Tensor(-10816.70203109243, shape=(), dtype=float64)
nll_grad  cost time: 2.5732903480529785
tf.Tensor(-10816.702031523317, shape=(), dtype=float64)
nll_grad  cost time: 2.5673468112945557
tf.Tensor(-10816.702031630204, shape=(), dtype=float64)
nll_grad  cost time: 2.556588888168335
tf.Tensor(-10816.702031717521, shape=(), dtype=float64)
nll_grad  cost time: 2.553725242614746
tf.Tensor(-10816.702031729035, shape=(), dtype=float64)
nll_grad  cost time: 2.582888126373291
tf.Tensor(-10816.702031737286, shape=(), dtype=float64)
nll_grad  cost time: 2.5909149646759033
tf.Tensor(-10816.70203174232, shape=(), dtype=float64)
nll_grad  cost time: 2.587743043899536
tf.Tensor(-10816.702031747505, shape=(), dtype=float64)
nll_grad  cost time: 2.574158191680908
tf.Tensor(-10816.702031748966, shape=(), dtype=float64)
nll_grad  cost time: 2.6439855098724365
tf.Tensor(-10816.702031749328, shape=(), dtype=float64)
nll_grad  cost time: 2.6736583709716797
tf.Tensor(-10816.702031749424, shape=(), dtype=float64)
Optimization terminated successfully.
         Current function value: -10816.702032
         Iterations: 987
         Function evaluations: 1007
         Gradient evaluations: 1007
  message: Optimization terminated successfully.
  success: True
   status: 0
      fun: -10816.702031749424
        x: [ 1.091e+00  2.580e+00 ... -8.131e+00  5.395e+00]
      nit: 987
      jac: [ 0.000e+00  0.000e+00 ...  1.705e-06  6.211e-06]
 hess_inv: [[ 1.000e+00  0.000e+00 ...  0.000e+00  0.000e+00]
            [ 0.000e+00  1.000e+00 ...  0.000e+00  0.000e+00]
            ...
            [ 0.000e+00  0.000e+00 ...  1.141e+03  5.423e+01]
            [ 0.000e+00  0.000e+00 ...  5.423e+01  1.393e+01]]
     nfev: 1007
     njev: 1007
fit  cost time: 2737.662535429001

========== Fit loop 5/5 ==========
using RANDOM parameters

########### initial parameters
{
  "rho(1450)p_mass": 1.51,
  "rho(1450)p_width": 0.44,
  "rho(1570)p_mass": 1.57,
  "rho(1570)p_width": 0.14,
  "rho(1690)p_mass": 1.681,
  "rho(1690)p_width": 0.19,
  "rho(1450)m_mass": 1.51,
  "rho(1450)m_width": 0.44,
  "rho(1570)m_mass": 1.57,
  "rho(1570)m_width": 0.14,
  "rho(1690)m_mass": 1.681,
  "rho(1690)m_width": 0.19,
  "f0(500)_E791_mass": 0.478,
  "f2(1270)_flatte_mass": 1.2754,
  "f2(1270)_flatte_g_0": 0.3431399591928689,
  "f2(1270)_flatte_g_1": 0.0007463919765481129,
  "f0(1370)_mass": 1.37,
  "f0(1370)_width": 0.35,
  "f0(1500)_flatte_mass": 1.522,
  "f0(1500)_flatte_g_0": 0.3337036232555373,
  "f0(1500)_flatte_g_1": 3.095842800709583,
  "f2(1430)_mass": 1.43,
  "f2(1430)_width": 0.046,
  "f2(2010)_mass": 2.011,
  "f2(2010)_width": 0.202,
  "Jpsi->rho(1450)p.pimrho(1450)p->phi.pip_total_0r": 1.0,
  "Jpsi->rho(1450)p.pimrho(1450)p->phi.pip_total_0i": 0.0,
  "Jpsi->rho(1450)p.pim_g_ls_0r": 1.0,
  "Jpsi->rho(1450)p.pim_g_ls_0i": 0.0,
  "rho(1450)p->phi.pip_g_ls_0r": 1.0,
  "rho(1450)p->phi.pip_g_ls_0i": 0.0,
  "Jpsi->rho(1570)p.pimrho(1570)p->phi.pip_total_0r": 1.0687917709877026,
  "Jpsi->rho(1570)p.pimrho(1570)p->phi.pip_total_0i": -0.543018544879557,
  "Jpsi->rho(1570)p.pim_g_ls_0r": 1.0,
  "Jpsi->rho(1570)p.pim_g_ls_0i": 0.0,
  "rho(1570)p->phi.pip_g_ls_0r": 1.0,
  "rho(1570)p->phi.pip_g_ls_0i": 0.0,
  "Jpsi->rho(1690)p.pimrho(1690)p->phi.pip_total_0r": 1.7765542569506478,
  "Jpsi->rho(1690)p.pimrho(1690)p->phi.pip_total_0i": 2.3495369436981965,
  "Jpsi->rho(1690)p.pim_g_ls_0r": 1.0,
  "Jpsi->rho(1690)p.pim_g_ls_0i": 0.0,
  "rho(1690)p->phi.pip_g_ls_0r": 1.0,
  "rho(1690)p->phi.pip_g_ls_0i": 0.0,
  "Jpsi->rho(1450)m.piprho(1450)m->phi.pim_total_0r": 1.0,
  "Jpsi->rho(1450)m.piprho(1450)m->phi.pim_total_0i": 0.0,
  "Jpsi->rho(1450)m.pip_g_ls_0r": 1.0,
  "Jpsi->rho(1450)m.pip_g_ls_0i": 0.0,
  "rho(1450)m->phi.pim_g_ls_0r": 1.0,
  "rho(1450)m->phi.pim_g_ls_0i": 0.0,
  "Jpsi->rho(1570)m.piprho(1570)m->phi.pim_total_0r": 1.0687917709877026,
  "Jpsi->rho(1570)m.piprho(1570)m->phi.pim_total_0i": -0.543018544879557,
  "Jpsi->rho(1570)m.pip_g_ls_0r": 1.0,
  "Jpsi->rho(1570)m.pip_g_ls_0i": 0.0,
  "rho(1570)m->phi.pim_g_ls_0r": 1.0,
  "rho(1570)m->phi.pim_g_ls_0i": 0.0,
  "Jpsi->rho(1690)m.piprho(1690)m->phi.pim_total_0r": 1.7765542569506478,
  "Jpsi->rho(1690)m.piprho(1690)m->phi.pim_total_0i": 2.3495369436981965,
  "Jpsi->rho(1690)m.pip_g_ls_0r": 1.0,
  "Jpsi->rho(1690)m.pip_g_ls_0i": 0.0,
  "rho(1690)m->phi.pim_g_ls_0r": 1.0,
  "rho(1690)m->phi.pim_g_ls_0i": 0.0,
  "Jpsi->phi.f0(500)_E791f0(500)_E791->pip.pim_total_0r": 1.0246065096432941,
  "Jpsi->phi.f0(500)_E791f0(500)_E791->pip.pim_total_0i": -2.5103413569928423,
  "Jpsi->phi.f0(500)_E791_g_ls_0r": 1.0,
  "Jpsi->phi.f0(500)_E791_g_ls_0i": 0.0,
  "Jpsi->phi.f0(500)_E791_g_ls_1r": 0.1617925903540307,
  "Jpsi->phi.f0(500)_E791_g_ls_1i": 1.8315123738677688,
  "f0(500)_E791->pip.pim_g_ls_0r": 1.0,
  "f0(500)_E791->pip.pim_g_ls_0i": 0.0,
  "Jpsi->phi.f0(980)_flattef0(980)_flatte->pip.pim_total_0r": 0.6336958075803274,
  "Jpsi->phi.f0(980)_flattef0(980)_flatte->pip.pim_total_0i": 0.48973027962639204,
  "f0(980)_flatte->pip.pim_g_ls_0r": 1.0,
  "f0(980)_flatte->pip.pim_g_ls_0i": 0.0,
  "Jpsi->phi.f2(1270)_flattef2(1270)_flatte->pip.pim_total_0r": 1.4246798786753114,
  "Jpsi->phi.f2(1270)_flattef2(1270)_flatte->pip.pim_total_0i": -0.6700353886575248,
  "Jpsi->phi.f2(1270)_flatte_g_ls_0r": 1.0,
  "Jpsi->phi.f2(1270)_flatte_g_ls_0i": 0.0,
  "Jpsi->phi.f2(1270)_flatte_g_ls_1r": 1.923959717693252,
  "Jpsi->phi.f2(1270)_flatte_g_ls_1i": -3.0879582926810887,
  "Jpsi->phi.f2(1270)_flatte_g_ls_2r": 1.5500657729700507,
  "Jpsi->phi.f2(1270)_flatte_g_ls_2i": 1.9877537072988254,
  "Jpsi->phi.f2(1270)_flatte_g_ls_3r": 1.2769361461555464,
  "Jpsi->phi.f2(1270)_flatte_g_ls_3i": 2.858494422216312,
  "Jpsi->phi.f2(1270)_flatte_g_ls_4r": 1.7911970158826813,
  "Jpsi->phi.f2(1270)_flatte_g_ls_4i": 0.8863390566321367,
  "f2(1270)_flatte->pip.pim_g_ls_0r": 1.0,
  "f2(1270)_flatte->pip.pim_g_ls_0i": 0.0,
  "Jpsi->phi.f0(1370)f0(1370)->pip.pim_total_0r": 0.025113842095745298,
  "Jpsi->phi.f0(1370)f0(1370)->pip.pim_total_0i": -2.0425109049713086,
  "Jpsi->phi.f0(1370)_g_ls_0r": 1.0,
  "Jpsi->phi.f0(1370)_g_ls_0i": 0.0,
  "Jpsi->phi.f0(1370)_g_ls_1r": 0.9572953290858126,
  "Jpsi->phi.f0(1370)_g_ls_1i": -1.0216865103569348,
  "f0(1370)->pip.pim_g_ls_0r": 1.0,
  "f0(1370)->pip.pim_g_ls_0i": 0.0,
  "Jpsi->phi.f0(1500)_flattef0(1500)_flatte->pip.pim_total_0r": 1.752098639909276,
  "Jpsi->phi.f0(1500)_flattef0(1500)_flatte->pip.pim_total_0i": 2.0946478305882126,
  "Jpsi->phi.f0(1500)_flatte_g_ls_0r": 1.0,
  "Jpsi->phi.f0(1500)_flatte_g_ls_0i": 0.0,
  "Jpsi->phi.f0(1500)_flatte_g_ls_1r": 0.7965508196695117,
  "Jpsi->phi.f0(1500)_flatte_g_ls_1i": 2.460909974132651,
  "f0(1500)_flatte->pip.pim_g_ls_0r": 1.0,
  "f0(1500)_flatte->pip.pim_g_ls_0i": 0.0,
  "Jpsi->phi.f0(1710)f0(1710)->pip.pim_total_0r": 1.1745827581355894,
  "Jpsi->phi.f0(1710)f0(1710)->pip.pim_total_0i": -1.5591306659283064,
  "f0(1710)->pip.pim_g_ls_0r": 1.0,
  "f0(1710)->pip.pim_g_ls_0i": 0.0,
  "Jpsi->phi.f2(1430)f2(1430)->pip.pim_total_0r": 1.8919709068255601,
  "Jpsi->phi.f2(1430)f2(1430)->pip.pim_total_0i": 0.4625279708625931,
  "Jpsi->phi.f2(1430)_g_ls_0r": 1.0,
  "Jpsi->phi.f2(1430)_g_ls_0i": 0.0,
  "Jpsi->phi.f2(1430)_g_ls_1r": 1.0443463226807888,
  "Jpsi->phi.f2(1430)_g_ls_1i": 1.4598138295613818,
  "Jpsi->phi.f2(1430)_g_ls_2r": 1.4443520421265794,
  "Jpsi->phi.f2(1430)_g_ls_2i": -2.6988676113509618,
  "Jpsi->phi.f2(1430)_g_ls_3r": 0.20905687645812998,
  "Jpsi->phi.f2(1430)_g_ls_3i": -1.783872602721806,
  "Jpsi->phi.f2(1430)_g_ls_4r": 1.8537594192312348,
  "Jpsi->phi.f2(1430)_g_ls_4i": -2.5596974756611153,
  "f2(1430)->pip.pim_g_ls_0r": 1.0,
  "f2(1430)->pip.pim_g_ls_0i": 0.0,
  "Jpsi->phi.f2(2010)f2(2010)->pip.pim_total_0r": 0.13042639159370717,
  "Jpsi->phi.f2(2010)f2(2010)->pip.pim_total_0i": -1.8894849108965637,
  "Jpsi->phi.f2(2010)_g_ls_0r": 1.0,
  "Jpsi->phi.f2(2010)_g_ls_0i": 0.0,
  "Jpsi->phi.f2(2010)_g_ls_1r": 1.1812609286618359,
  "Jpsi->phi.f2(2010)_g_ls_1i": 1.1542165171028769,
  "Jpsi->phi.f2(2010)_g_ls_2r": 0.7284900008045678,
  "Jpsi->phi.f2(2010)_g_ls_2i": -3.0715154282058084,
  "Jpsi->phi.f2(2010)_g_ls_3r": 0.350425477045599,
  "Jpsi->phi.f2(2010)_g_ls_3i": -2.958383774245308,
  "Jpsi->phi.f2(2010)_g_ls_4r": 1.2942774923317653,
  "Jpsi->phi.f2(2010)_g_ls_4i": -1.3231754140426766,
  "f2(2010)->pip.pim_g_ls_0r": 1.0,
  "f2(2010)->pip.pim_g_ls_0i": 0.0,
  "K1(1400)p_mass": 1.403,
  "K1(1400)p_width": 0.174,
  "K2(1820)p_mass": 1.819,
  "K2(1820)p_width": 0.264,
  "K2(1980)p_mass": 1.99,
  "K2(1980)p_width": 0.348,
  "K2(2250)p_mass": 2.247,
  "K2(2250)p_width": 0.18,
  "K3(2320)p_mass": 2.324,
  "K3(2320)p_width": 0.15,
  "K1(1400)m_mass": 1.403,
  "K1(1400)m_width": 0.174,
  "K2(1820)m_mass": 1.819,
  "K2(1820)m_width": 0.264,
  "K2(1980)m_mass": 1.99,
  "K2(1980)m_width": 0.348,
  "K3(2320)m_mass": 2.324,
  "K3(2320)m_width": 0.15,
  "f0(980)_flatte_mass": 0.965,
  "f0(980)_flatte_g_0": 0.026357053075838948,
  "f0(980)_flatte_g_1": 0.12904035328775554,
  "f2(1270)_mass": 1.2754,
  "f2(1270)_width": 0.1858,
  "f0(1500)_mass": 1.522,
  "f0(1500)_width": 0.108,
  "f2(1525)_mass": 1.5173,
  "f2(1525)_width": 0.072,
  "f2(1565)_mass": 1.571,
  "f2(1565)_width": 0.132,
  "f0(1710)_mass": 1.733,
  "f0(1710)_width": 0.15,
  "f2(1810)_mass": 1.815,
  "f2(1810)_width": 0.197,
  "Jpsi->K1(1400)p.kmK1(1400)p->phi.kp_total_0r": 1.0,
  "Jpsi->K1(1400)p.kmK1(1400)p->phi.kp_total_0i": 0.0,
  "Jpsi->K1(1400)p.km_g_ls_0r": 1.0,
  "Jpsi->K1(1400)p.km_g_ls_0i": 0.0,
  "Jpsi->K1(1400)p.km_g_ls_1r": 0.4603921173134484,
  "Jpsi->K1(1400)p.km_g_ls_1i": -2.770432836949563,
  "K1(1400)p->phi.kp_g_ls_0r": 1.0,
  "K1(1400)p->phi.kp_g_ls_0i": 0.0,
  "K1(1400)p->phi.kp_g_ls_1r": 1.1565455063646137,
  "K1(1400)p->phi.kp_g_ls_1i": -0.593715851125201,
  "Jpsi->K2(1820)p.kmK2(1820)p->phi.kp_total_0r": 1.7173433416688466,
  "Jpsi->K2(1820)p.kmK2(1820)p->phi.kp_total_0i": -0.7547964322236913,
  "Jpsi->K2(1820)p.km_g_ls_0r": 1.0,
  "Jpsi->K2(1820)p.km_g_ls_0i": 0.0,
  "Jpsi->K2(1820)p.km_g_ls_1r": 1.8095272577062924,
  "Jpsi->K2(1820)p.km_g_ls_1i": 2.5417624115193957,
  "K2(1820)p->phi.kp_g_ls_0r": 1.0,
  "K2(1820)p->phi.kp_g_ls_0i": 0.0,
  "K2(1820)p->phi.kp_g_ls_1r": 0.12489967765480214,
  "K2(1820)p->phi.kp_g_ls_1i": -2.5250424027796488,
  "Jpsi->K2(1980)p.kmK2(1980)p->phi.kp_total_0r": 1.8888713528517354,
  "Jpsi->K2(1980)p.kmK2(1980)p->phi.kp_total_0i": -0.5152107269544755,
  "Jpsi->K2(1980)p.km_g_ls_0r": 1.0,
  "Jpsi->K2(1980)p.km_g_ls_0i": 0.0,
  "K2(1980)p->phi.kp_g_ls_0r": 1.0,
  "K2(1980)p->phi.kp_g_ls_0i": 0.0,
  "Jpsi->K2(2250)p.kmK2(2250)p->phi.kp_total_0r": 1.2897848590963843,
  "Jpsi->K2(2250)p.kmK2(2250)p->phi.kp_total_0i": -1.6280306984763333,
  "Jpsi->K2(2250)p.km_g_ls_0r": 1.0,
  "Jpsi->K2(2250)p.km_g_ls_0i": 0.0,
  "Jpsi->K2(2250)p.km_g_ls_1r": 0.6489156155582885,
  "Jpsi->K2(2250)p.km_g_ls_1i": 2.133492508074564,
  "K2(2250)p->phi.kp_g_ls_0r": 1.0,
  "K2(2250)p->phi.kp_g_ls_0i": 0.0,
  "K2(2250)p->phi.kp_g_ls_1r": 0.4176606378136807,
  "K2(2250)p->phi.kp_g_ls_1i": -2.104292218258239,
  "Jpsi->K3(2320)p.kmK3(2320)p->phi.kp_total_0r": 1.9327874318897784,
  "Jpsi->K3(2320)p.kmK3(2320)p->phi.kp_total_0i": -0.836224977748329,
  "Jpsi->K3(2320)p.km_g_ls_0r": 1.0,
  "Jpsi->K3(2320)p.km_g_ls_0i": 0.0,
  "Jpsi->K3(2320)p.km_g_ls_1r": 1.5405338043736512,
  "Jpsi->K3(2320)p.km_g_ls_1i": 1.3574571504764403,
  "K3(2320)p->phi.kp_g_ls_0r": 1.0,
  "K3(2320)p->phi.kp_g_ls_0i": 0.0,
  "K3(2320)p->phi.kp_g_ls_1r": 1.8805116882334372,
  "K3(2320)p->phi.kp_g_ls_1i": -0.4066518086748254,
  "Jpsi->K1(1400)m.kpK1(1400)m->phi.km_total_0r": 1.0,
  "Jpsi->K1(1400)m.kpK1(1400)m->phi.km_total_0i": 0.0,
  "Jpsi->K1(1400)m.kp_g_ls_0r": 1.0,
  "Jpsi->K1(1400)m.kp_g_ls_0i": 0.0,
  "Jpsi->K1(1400)m.kp_g_ls_1r": 0.4603921173134484,
  "Jpsi->K1(1400)m.kp_g_ls_1i": -2.770432836949563,
  "K1(1400)m->phi.km_g_ls_0r": 1.0,
  "K1(1400)m->phi.km_g_ls_0i": 0.0,
  "K1(1400)m->phi.km_g_ls_1r": 1.1565455063646137,
  "K1(1400)m->phi.km_g_ls_1i": -0.593715851125201,
  "Jpsi->K2(1820)m.kpK2(1820)m->phi.km_total_0r": 1.7173433416688466,
  "Jpsi->K2(1820)m.kpK2(1820)m->phi.km_total_0i": -0.7547964322236913,
  "Jpsi->K2(1820)m.kp_g_ls_0r": 1.0,
  "Jpsi->K2(1820)m.kp_g_ls_0i": 0.0,
  "Jpsi->K2(1820)m.kp_g_ls_1r": 1.8095272577062924,
  "Jpsi->K2(1820)m.kp_g_ls_1i": 2.5417624115193957,
  "K2(1820)m->phi.km_g_ls_0r": 1.0,
  "K2(1820)m->phi.km_g_ls_0i": 0.0,
  "K2(1820)m->phi.km_g_ls_1r": 0.12489967765480214,
  "K2(1820)m->phi.km_g_ls_1i": -2.5250424027796488,
  "Jpsi->K2(1980)m.kpK2(1980)m->phi.km_total_0r": 1.8888713528517354,
  "Jpsi->K2(1980)m.kpK2(1980)m->phi.km_total_0i": -0.5152107269544755,
  "Jpsi->K2(1980)m.kp_g_ls_0r": 1.0,
  "Jpsi->K2(1980)m.kp_g_ls_0i": 0.0,
  "K2(1980)m->phi.km_g_ls_0r": 1.0,
  "K2(1980)m->phi.km_g_ls_0i": 0.0,
  "Jpsi->K2(2250)p.kpK2(2250)p->phi.km_total_0r": 1.6630910265297922,
  "Jpsi->K2(2250)p.kpK2(2250)p->phi.km_total_0i": 2.4589424869614662,
  "Jpsi->K2(2250)p.kp_g_ls_0r": 1.0,
  "Jpsi->K2(2250)p.kp_g_ls_0i": 0.0,
  "Jpsi->K2(2250)p.kp_g_ls_1r": 1.898638870412782,
  "Jpsi->K2(2250)p.kp_g_ls_1i": 1.9766567629821372,
  "K2(2250)p->phi.km_g_ls_0r": 1.0,
  "K2(2250)p->phi.km_g_ls_0i": 0.0,
  "K2(2250)p->phi.km_g_ls_1r": 1.1474252087048447,
  "K2(2250)p->phi.km_g_ls_1i": 0.7150925913086117,
  "Jpsi->K3(2320)m.kpK3(2320)m->phi.km_total_0r": 1.9327874318897784,
  "Jpsi->K3(2320)m.kpK3(2320)m->phi.km_total_0i": -0.836224977748329,
  "Jpsi->K3(2320)m.kp_g_ls_0r": 1.0,
  "Jpsi->K3(2320)m.kp_g_ls_0i": 0.0,
  "Jpsi->K3(2320)m.kp_g_ls_1r": 1.5405338043736512,
  "Jpsi->K3(2320)m.kp_g_ls_1i": 1.3574571504764403,
  "K3(2320)m->phi.km_g_ls_0r": 1.0,
  "K3(2320)m->phi.km_g_ls_0i": 0.0,
  "K3(2320)m->phi.km_g_ls_1r": 1.8805116882334372,
  "K3(2320)m->phi.km_g_ls_1i": -0.4066518086748254,
  "Jpsi->phi.f0(980)_flattef0(980)_flatte->kp.km_total_0r": 0.6227656142214801,
  "Jpsi->phi.f0(980)_flattef0(980)_flatte->kp.km_total_0i": -2.645526596957209,
  "Jpsi->phi.f0(980)_flatte_g_ls_0r": 1.0,
  "Jpsi->phi.f0(980)_flatte_g_ls_0i": 0.0,
  "Jpsi->phi.f0(980)_flatte_g_ls_1r": 1.8196431655287224,
  "Jpsi->phi.f0(980)_flatte_g_ls_1i": 0.8448895927911995,
  "f0(980)_flatte->kp.km_g_ls_0r": 1.0,
  "f0(980)_flatte->kp.km_g_ls_0i": 0.0,
  "Jpsi->phi.f2(1270)f2(1270)->kp.km_total_0r": 0.28968128895055667,
  "Jpsi->phi.f2(1270)f2(1270)->kp.km_total_0i": 0.9448517877389602,
  "Jpsi->phi.f2(1270)_g_ls_0r": 1.0,
  "Jpsi->phi.f2(1270)_g_ls_0i": 0.0,
  "Jpsi->phi.f2(1270)_g_ls_1r": 1.2686972474514921,
  "Jpsi->phi.f2(1270)_g_ls_1i": 1.2741069615564102,
  "Jpsi->phi.f2(1270)_g_ls_2r": 0.8591454688100146,
  "Jpsi->phi.f2(1270)_g_ls_2i": -0.17208902896831457,
  "Jpsi->phi.f2(1270)_g_ls_3r": 1.0038757217232699,
  "Jpsi->phi.f2(1270)_g_ls_3i": 2.1938781943882137,
  "Jpsi->phi.f2(1270)_g_ls_4r": 0.519114700825706,
  "Jpsi->phi.f2(1270)_g_ls_4i": -1.9064226942637716,
  "f2(1270)->kp.km_g_ls_0r": 1.0,
  "f2(1270)->kp.km_g_ls_0i": 0.0,
  "Jpsi->phi.f0(1500)f0(1500)->kp.km_total_0r": 0.5875949731286698,
  "Jpsi->phi.f0(1500)f0(1500)->kp.km_total_0i": -1.7742941533787675,
  "Jpsi->phi.f0(1500)_g_ls_0r": 1.0,
  "Jpsi->phi.f0(1500)_g_ls_0i": 0.0,
  "Jpsi->phi.f0(1500)_g_ls_1r": 1.5581173442464396,
  "Jpsi->phi.f0(1500)_g_ls_1i": 2.4012889644420543,
  "f0(1500)->kp.km_g_ls_0r": 1.0,
  "f0(1500)->kp.km_g_ls_0i": 0.0,
  "Jpsi->phi.f2(1525)f2(1525)->kp.km_total_0r": 1.2192144578632371,
  "Jpsi->phi.f2(1525)f2(1525)->kp.km_total_0i": -2.5245240762448136,
  "Jpsi->phi.f2(1525)_g_ls_0r": 1.0,
  "Jpsi->phi.f2(1525)_g_ls_0i": 0.0,
  "Jpsi->phi.f2(1525)_g_ls_1r": 0.18857562735491618,
  "Jpsi->phi.f2(1525)_g_ls_1i": -2.4260142314616084,
  "Jpsi->phi.f2(1525)_g_ls_2r": 0.07746333365678248,
  "Jpsi->phi.f2(1525)_g_ls_2i": -2.054266774526205,
  "Jpsi->phi.f2(1525)_g_ls_3r": 0.10464534397697056,
  "Jpsi->phi.f2(1525)_g_ls_3i": -2.972747885381932,
  "Jpsi->phi.f2(1525)_g_ls_4r": 1.2729833281132654,
  "Jpsi->phi.f2(1525)_g_ls_4i": -1.7868229089519048,
  "f2(1525)->kp.km_g_ls_0r": 1.0,
  "f2(1525)->kp.km_g_ls_0i": 0.0,
  "Jpsi->phi.f2(1565)f2(1565)->kp.km_total_0r": 1.6902174712358895,
  "Jpsi->phi.f2(1565)f2(1565)->kp.km_total_0i": 2.926938317965627,
  "Jpsi->phi.f2(1565)_g_ls_0r": 1.0,
  "Jpsi->phi.f2(1565)_g_ls_0i": 0.0,
  "Jpsi->phi.f2(1565)_g_ls_1r": 1.9355485610651222,
  "Jpsi->phi.f2(1565)_g_ls_1i": -0.6432978316612061,
  "Jpsi->phi.f2(1565)_g_ls_2r": 1.2803519042814218,
  "Jpsi->phi.f2(1565)_g_ls_2i": 1.5049003708684525,
  "Jpsi->phi.f2(1565)_g_ls_3r": 1.8346008612563742,
  "Jpsi->phi.f2(1565)_g_ls_3i": 1.6632061792770783,
  "Jpsi->phi.f2(1565)_g_ls_4r": 0.3863768101046321,
  "Jpsi->phi.f2(1565)_g_ls_4i": -2.0015135219865723,
  "f2(1565)->kp.km_g_ls_0r": 1.0,
  "f2(1565)->kp.km_g_ls_0i": 0.0,
  "Jpsi->phi.f0(1710)f0(1710)->kp.km_total_0r": 0.780826047349271,
  "Jpsi->phi.f0(1710)f0(1710)->kp.km_total_0i": -2.371808902765305,
  "Jpsi->phi.f0(1710)_g_ls_0r": 1.0,
  "Jpsi->phi.f0(1710)_g_ls_0i": 0.0,
  "Jpsi->phi.f0(1710)_g_ls_1r": 0.8750134144252506,
  "Jpsi->phi.f0(1710)_g_ls_1i": -2.0726495436430366,
  "f0(1710)->kp.km_g_ls_0r": 1.0,
  "f0(1710)->kp.km_g_ls_0i": 0.0,
  "Jpsi->phi.f2(1810)f2(1810)->kp.km_total_0r": 0.8211025058893218,
  "Jpsi->phi.f2(1810)f2(1810)->kp.km_total_0i": 2.3079008575866666,
  "Jpsi->phi.f2(1810)_g_ls_0r": 1.0,
  "Jpsi->phi.f2(1810)_g_ls_0i": 0.0,
  "Jpsi->phi.f2(1810)_g_ls_1r": 1.5700739182578145,
  "Jpsi->phi.f2(1810)_g_ls_1i": 2.589466281291611,
  "Jpsi->phi.f2(1810)_g_ls_2r": 1.3887667505855483,
  "Jpsi->phi.f2(1810)_g_ls_2i": 2.7086876207968436,
  "Jpsi->phi.f2(1810)_g_ls_3r": 0.26504112096622023,
  "Jpsi->phi.f2(1810)_g_ls_3i": -3.110375634145059,
  "Jpsi->phi.f2(1810)_g_ls_4r": 1.6671435786575906,
  "Jpsi->phi.f2(1810)_g_ls_4i": -2.3730599840148234,
  "f2(1810)->kp.km_g_ls_0r": 1.0,
  "f2(1810)->kp.km_g_ls_0i": 0.0
}
nll_grad  cost time: 2.584440231323242
nll_grad  cost time: 2.544893980026245
tf.Tensor(-255.82417699294456, shape=(), dtype=float64)
nll_grad  cost time: 2.580878257751465
nll_grad  cost time: 2.5602149963378906
tf.Tensor(-3074.7653145292716, shape=(), dtype=float64)
nll_grad  cost time: 2.6111295223236084
tf.Tensor(-5540.7014940561785, shape=(), dtype=float64)
nll_grad  cost time: 2.765979051589966
nll_grad  cost time: 2.541537284851074
tf.Tensor(-6397.765643037143, shape=(), dtype=float64)
nll_grad  cost time: 2.5805575847625732
tf.Tensor(-7060.448303295168, shape=(), dtype=float64)
nll_grad  cost time: 2.5803475379943848
tf.Tensor(-7482.329938424242, shape=(), dtype=float64)
nll_grad  cost time: 2.6162660121917725
tf.Tensor(-7668.499387415308, shape=(), dtype=float64)
nll_grad  cost time: 2.6918249130249023
tf.Tensor(-7958.405913748706, shape=(), dtype=float64)
nll_grad  cost time: 2.5604076385498047
tf.Tensor(-8343.850859525308, shape=(), dtype=float64)
nll_grad  cost time: 2.584906816482544
nll_grad  cost time: 2.54886794090271
tf.Tensor(-8483.720535961831, shape=(), dtype=float64)
nll_grad  cost time: 2.6275634765625
tf.Tensor(-8672.834303317955, shape=(), dtype=float64)
nll_grad  cost time: 2.6103076934814453
tf.Tensor(-8957.975786459458, shape=(), dtype=float64)
nll_grad  cost time: 2.682610273361206
tf.Tensor(-9325.693730461033, shape=(), dtype=float64)
nll_grad  cost time: 2.6365065574645996
nll_grad  cost time: 2.609391927719116
tf.Tensor(-9431.13718339274, shape=(), dtype=float64)
nll_grad  cost time: 2.6203525066375732
tf.Tensor(-9556.680143522142, shape=(), dtype=float64)
nll_grad  cost time: 2.6148953437805176
nll_grad  cost time: 2.5528786182403564
tf.Tensor(-9620.37210086867, shape=(), dtype=float64)
nll_grad  cost time: 2.6900885105133057
tf.Tensor(-9688.089271910838, shape=(), dtype=float64)
nll_grad  cost time: 2.5905568599700928
tf.Tensor(-9739.748919634207, shape=(), dtype=float64)
nll_grad  cost time: 2.5838606357574463
tf.Tensor(-9785.572803880088, shape=(), dtype=float64)
nll_grad  cost time: 2.5927138328552246
tf.Tensor(-9839.14701620971, shape=(), dtype=float64)
nll_grad  cost time: 2.5884571075439453
tf.Tensor(-9889.711810724912, shape=(), dtype=float64)
nll_grad  cost time: 2.601966619491577
tf.Tensor(-9953.717594977337, shape=(), dtype=float64)
nll_grad  cost time: 2.712284564971924
tf.Tensor(-9991.689316784483, shape=(), dtype=float64)
nll_grad  cost time: 2.6107280254364014
tf.Tensor(-10039.245880972914, shape=(), dtype=float64)
nll_grad  cost time: 2.6082310676574707
nll_grad  cost time: 2.519991397857666
tf.Tensor(-10065.274891212408, shape=(), dtype=float64)
nll_grad  cost time: 2.8400726318359375
tf.Tensor(-10100.737251141138, shape=(), dtype=float64)
nll_grad  cost time: 2.636626958847046
tf.Tensor(-10153.505075604247, shape=(), dtype=float64)
nll_grad  cost time: 2.5627739429473877
tf.Tensor(-10167.33785862432, shape=(), dtype=float64)
nll_grad  cost time: 2.577404499053955
tf.Tensor(-10188.619240236134, shape=(), dtype=float64)
nll_grad  cost time: 2.5927984714508057
tf.Tensor(-10209.820239460052, shape=(), dtype=float64)
nll_grad  cost time: 2.5878231525421143
tf.Tensor(-10226.305764439414, shape=(), dtype=float64)
nll_grad  cost time: 2.5828304290771484
tf.Tensor(-10249.173704229572, shape=(), dtype=float64)
nll_grad  cost time: 2.5458641052246094
tf.Tensor(-10270.097116580539, shape=(), dtype=float64)
nll_grad  cost time: 2.5528440475463867
tf.Tensor(-10291.786805867509, shape=(), dtype=float64)
nll_grad  cost time: 2.587143659591675
tf.Tensor(-10312.38198046475, shape=(), dtype=float64)
nll_grad  cost time: 2.5540356636047363
tf.Tensor(-10322.667357790444, shape=(), dtype=float64)
nll_grad  cost time: 2.5546460151672363
tf.Tensor(-10333.933443668415, shape=(), dtype=float64)
nll_grad  cost time: 2.585343360900879
tf.Tensor(-10338.671440407532, shape=(), dtype=float64)
nll_grad  cost time: 2.6442034244537354
tf.Tensor(-10346.270222572464, shape=(), dtype=float64)
nll_grad  cost time: 2.5981922149658203
tf.Tensor(-10354.556694666637, shape=(), dtype=float64)
nll_grad  cost time: 2.5677311420440674
tf.Tensor(-10359.483405393956, shape=(), dtype=float64)
nll_grad  cost time: 2.577927589416504
tf.Tensor(-10365.639052113329, shape=(), dtype=float64)
nll_grad  cost time: 2.5821287631988525
tf.Tensor(-10374.010230795277, shape=(), dtype=float64)
nll_grad  cost time: 2.5562143325805664
tf.Tensor(-10383.341515938111, shape=(), dtype=float64)
nll_grad  cost time: 2.720186710357666
tf.Tensor(-10387.445382848266, shape=(), dtype=float64)
nll_grad  cost time: 2.599045753479004
tf.Tensor(-10393.223702934978, shape=(), dtype=float64)
nll_grad  cost time: 2.5777342319488525
tf.Tensor(-10401.316360367025, shape=(), dtype=float64)
nll_grad  cost time: 2.556554079055786
tf.Tensor(-10408.607675745152, shape=(), dtype=float64)
nll_grad  cost time: 2.587186813354492
tf.Tensor(-10417.054043081764, shape=(), dtype=float64)
nll_grad  cost time: 2.6738526821136475
tf.Tensor(-10425.187931377804, shape=(), dtype=float64)
nll_grad  cost time: 2.5636167526245117
tf.Tensor(-10430.394988820146, shape=(), dtype=float64)
nll_grad  cost time: 2.569303035736084
tf.Tensor(-10435.832473813745, shape=(), dtype=float64)
nll_grad  cost time: 2.567810297012329
tf.Tensor(-10441.420938877869, shape=(), dtype=float64)
nll_grad  cost time: 2.579373598098755
tf.Tensor(-10448.109920753806, shape=(), dtype=float64)
nll_grad  cost time: 2.5526797771453857
tf.Tensor(-10455.19382554233, shape=(), dtype=float64)
nll_grad  cost time: 2.594369888305664
tf.Tensor(-10457.435997126173, shape=(), dtype=float64)
nll_grad  cost time: 2.5673632621765137
tf.Tensor(-10460.768753043114, shape=(), dtype=float64)
nll_grad  cost time: 2.578320026397705
tf.Tensor(-10464.731824842456, shape=(), dtype=float64)
nll_grad  cost time: 2.5596120357513428
tf.Tensor(-10470.007039317396, shape=(), dtype=float64)
nll_grad  cost time: 2.5756943225860596
tf.Tensor(-10475.145280137222, shape=(), dtype=float64)
nll_grad  cost time: 2.6624033451080322
tf.Tensor(-10478.248969130727, shape=(), dtype=float64)
nll_grad  cost time: 2.672738790512085
tf.Tensor(-10482.730199347978, shape=(), dtype=float64)
nll_grad  cost time: 2.5955543518066406
tf.Tensor(-10488.532360745987, shape=(), dtype=float64)
nll_grad  cost time: 2.6194992065429688
tf.Tensor(-10495.450345484482, shape=(), dtype=float64)
nll_grad  cost time: 2.615607976913452
tf.Tensor(-10502.746336072887, shape=(), dtype=float64)
nll_grad  cost time: 2.5877652168273926
tf.Tensor(-10508.602426651501, shape=(), dtype=float64)
nll_grad  cost time: 2.579911231994629
tf.Tensor(-10513.714522825525, shape=(), dtype=float64)
nll_grad  cost time: 2.7985880374908447
tf.Tensor(-10515.985741061377, shape=(), dtype=float64)
nll_grad  cost time: 2.5849804878234863
tf.Tensor(-10519.507315872805, shape=(), dtype=float64)
nll_grad  cost time: 2.574295997619629
tf.Tensor(-10523.363585557701, shape=(), dtype=float64)
nll_grad  cost time: 2.570439577102661
tf.Tensor(-10527.623575920035, shape=(), dtype=float64)
nll_grad  cost time: 2.6163904666900635
tf.Tensor(-10531.189878949634, shape=(), dtype=float64)
nll_grad  cost time: 2.6260335445404053
tf.Tensor(-10534.368691944313, shape=(), dtype=float64)
nll_grad  cost time: 2.5522501468658447
tf.Tensor(-10538.285589049003, shape=(), dtype=float64)
nll_grad  cost time: 2.588939666748047
tf.Tensor(-10541.045213279343, shape=(), dtype=float64)
nll_grad  cost time: 2.618474245071411
tf.Tensor(-10543.769945958338, shape=(), dtype=float64)
nll_grad  cost time: 2.5960192680358887
tf.Tensor(-10545.86865637175, shape=(), dtype=float64)
nll_grad  cost time: 2.5529088973999023
tf.Tensor(-10548.66960443095, shape=(), dtype=float64)
nll_grad  cost time: 2.5682380199432373
tf.Tensor(-10551.594752909528, shape=(), dtype=float64)
nll_grad  cost time: 2.569758653640747
tf.Tensor(-10554.191868700844, shape=(), dtype=float64)
nll_grad  cost time: 2.5953118801116943
tf.Tensor(-10557.590935995191, shape=(), dtype=float64)
nll_grad  cost time: 2.595867156982422
tf.Tensor(-10561.879499884875, shape=(), dtype=float64)
nll_grad  cost time: 2.6027846336364746
tf.Tensor(-10564.621749132188, shape=(), dtype=float64)
nll_grad  cost time: 2.5678207874298096
tf.Tensor(-10565.251580331504, shape=(), dtype=float64)
nll_grad  cost time: 2.6698966026306152
tf.Tensor(-10566.377912192722, shape=(), dtype=float64)
nll_grad  cost time: 2.5802576541900635
tf.Tensor(-10568.131954061755, shape=(), dtype=float64)
nll_grad  cost time: 2.5968027114868164
tf.Tensor(-10570.967468143543, shape=(), dtype=float64)
nll_grad  cost time: 2.5761659145355225
tf.Tensor(-10574.157307015703, shape=(), dtype=float64)
nll_grad  cost time: 2.637979745864868
tf.Tensor(-10577.799904579282, shape=(), dtype=float64)
nll_grad  cost time: 2.6377432346343994
tf.Tensor(-10581.982605260666, shape=(), dtype=float64)
nll_grad  cost time: 2.747832775115967
tf.Tensor(-10584.380705565927, shape=(), dtype=float64)
nll_grad  cost time: 2.616534471511841
tf.Tensor(-10587.106212105806, shape=(), dtype=float64)
nll_grad  cost time: 2.634490966796875
tf.Tensor(-10590.293864693784, shape=(), dtype=float64)
nll_grad  cost time: 2.588435173034668
tf.Tensor(-10593.596557907731, shape=(), dtype=float64)
nll_grad  cost time: 2.590461015701294
tf.Tensor(-10596.043443578688, shape=(), dtype=float64)
nll_grad  cost time: 2.6593379974365234
tf.Tensor(-10599.481784987947, shape=(), dtype=float64)
nll_grad  cost time: 2.584054708480835
tf.Tensor(-10602.5120588797, shape=(), dtype=float64)
nll_grad  cost time: 2.5773277282714844
tf.Tensor(-10605.208970015214, shape=(), dtype=float64)
nll_grad  cost time: 2.5576517581939697
tf.Tensor(-10608.283269446532, shape=(), dtype=float64)
nll_grad  cost time: 2.5987770557403564
tf.Tensor(-10611.906288925165, shape=(), dtype=float64)
nll_grad  cost time: 2.5704705715179443
tf.Tensor(-10616.425579946066, shape=(), dtype=float64)
nll_grad  cost time: 2.56665301322937
nll_grad  cost time: 2.540102481842041
tf.Tensor(-10619.048973980738, shape=(), dtype=float64)
nll_grad  cost time: 2.608447313308716
tf.Tensor(-10622.588797206423, shape=(), dtype=float64)
nll_grad  cost time: 2.5911500453948975
tf.Tensor(-10625.65902755817, shape=(), dtype=float64)
nll_grad  cost time: 2.5712664127349854
tf.Tensor(-10629.152488205174, shape=(), dtype=float64)
nll_grad  cost time: 2.633390188217163
tf.Tensor(-10631.647973080646, shape=(), dtype=float64)
nll_grad  cost time: 2.675494909286499
tf.Tensor(-10634.504601597291, shape=(), dtype=float64)
nll_grad  cost time: 2.5937440395355225
tf.Tensor(-10636.430407091888, shape=(), dtype=float64)
nll_grad  cost time: 2.592402935028076
tf.Tensor(-10639.043596093863, shape=(), dtype=float64)
nll_grad  cost time: 2.604153633117676
tf.Tensor(-10641.775305745003, shape=(), dtype=float64)
nll_grad  cost time: 2.6080477237701416
tf.Tensor(-10644.781763058127, shape=(), dtype=float64)
nll_grad  cost time: 2.616245985031128
tf.Tensor(-10646.21833407953, shape=(), dtype=float64)
nll_grad  cost time: 2.7556326389312744
tf.Tensor(-10648.200975739877, shape=(), dtype=float64)
nll_grad  cost time: 2.5861363410949707
tf.Tensor(-10651.1538890691, shape=(), dtype=float64)
nll_grad  cost time: 2.6005053520202637
tf.Tensor(-10654.834643846683, shape=(), dtype=float64)
nll_grad  cost time: 2.5685107707977295
tf.Tensor(-10655.586643515926, shape=(), dtype=float64)
nll_grad  cost time: 2.597306489944458
tf.Tensor(-10656.873734160996, shape=(), dtype=float64)
nll_grad  cost time: 2.634509801864624
tf.Tensor(-10658.698626418336, shape=(), dtype=float64)
nll_grad  cost time: 2.5747907161712646
tf.Tensor(-10660.804810840345, shape=(), dtype=float64)
nll_grad  cost time: 2.585583448410034
tf.Tensor(-10662.09524298957, shape=(), dtype=float64)
nll_grad  cost time: 2.5730369091033936
tf.Tensor(-10664.138896478005, shape=(), dtype=float64)
nll_grad  cost time: 2.5659656524658203
tf.Tensor(-10666.156351101628, shape=(), dtype=float64)
nll_grad  cost time: 2.6206841468811035
tf.Tensor(-10667.83408249967, shape=(), dtype=float64)
nll_grad  cost time: 2.602552890777588
tf.Tensor(-10669.493231253698, shape=(), dtype=float64)
nll_grad  cost time: 2.569441795349121
tf.Tensor(-10671.454568008267, shape=(), dtype=float64)
nll_grad  cost time: 2.5991744995117188
tf.Tensor(-10671.94089423232, shape=(), dtype=float64)
nll_grad  cost time: 2.5880494117736816
tf.Tensor(-10672.775190842149, shape=(), dtype=float64)
nll_grad  cost time: 2.557713031768799
tf.Tensor(-10674.145492670708, shape=(), dtype=float64)
nll_grad  cost time: 2.6202199459075928
tf.Tensor(-10675.582821565695, shape=(), dtype=float64)
nll_grad  cost time: 2.6684367656707764
tf.Tensor(-10677.545211217264, shape=(), dtype=float64)
nll_grad  cost time: 2.5808794498443604
tf.Tensor(-10679.69574813782, shape=(), dtype=float64)
nll_grad  cost time: 2.59466290473938
tf.Tensor(-10680.372491141985, shape=(), dtype=float64)
nll_grad  cost time: 2.688870429992676
tf.Tensor(-10681.417443726401, shape=(), dtype=float64)
nll_grad  cost time: 2.6130969524383545
tf.Tensor(-10682.890483209267, shape=(), dtype=float64)
nll_grad  cost time: 2.630047559738159
tf.Tensor(-10684.528405664343, shape=(), dtype=float64)
nll_grad  cost time: 2.770948886871338
tf.Tensor(-10685.794836242974, shape=(), dtype=float64)
nll_grad  cost time: 2.6122589111328125
tf.Tensor(-10687.208586145294, shape=(), dtype=float64)
nll_grad  cost time: 2.593250036239624
tf.Tensor(-10687.643075687069, shape=(), dtype=float64)
nll_grad  cost time: 2.602069616317749
tf.Tensor(-10688.402463141276, shape=(), dtype=float64)
nll_grad  cost time: 2.636194944381714
tf.Tensor(-10689.651063073223, shape=(), dtype=float64)
nll_grad  cost time: 2.7141315937042236
tf.Tensor(-10691.313920640445, shape=(), dtype=float64)
nll_grad  cost time: 2.607646942138672
tf.Tensor(-10692.814092805522, shape=(), dtype=float64)
nll_grad  cost time: 2.6219563484191895
tf.Tensor(-10693.06706712782, shape=(), dtype=float64)
nll_grad  cost time: 2.5926709175109863
tf.Tensor(-10693.51929731344, shape=(), dtype=float64)
nll_grad  cost time: 2.60613751411438
tf.Tensor(-10694.301848961462, shape=(), dtype=float64)
nll_grad  cost time: 2.612417221069336
tf.Tensor(-10695.598249641393, shape=(), dtype=float64)
nll_grad  cost time: 2.59049391746521
tf.Tensor(-10697.278714726112, shape=(), dtype=float64)
nll_grad  cost time: 2.610299825668335
tf.Tensor(-10698.44819438395, shape=(), dtype=float64)
nll_grad  cost time: 2.595923662185669
tf.Tensor(-10699.087587168688, shape=(), dtype=float64)
nll_grad  cost time: 2.572327136993408
tf.Tensor(-10699.883710105918, shape=(), dtype=float64)
nll_grad  cost time: 2.5823543071746826
tf.Tensor(-10700.579366536855, shape=(), dtype=float64)
nll_grad  cost time: 2.6436874866485596
tf.Tensor(-10701.274656165202, shape=(), dtype=float64)
nll_grad  cost time: 2.604818820953369
tf.Tensor(-10701.998862485954, shape=(), dtype=float64)
nll_grad  cost time: 2.644359827041626
tf.Tensor(-10702.473927849118, shape=(), dtype=float64)
nll_grad  cost time: 2.604588270187378
tf.Tensor(-10703.004893071062, shape=(), dtype=float64)
nll_grad  cost time: 2.6033382415771484
tf.Tensor(-10703.553554557482, shape=(), dtype=float64)
nll_grad  cost time: 2.5725810527801514
tf.Tensor(-10703.968954638942, shape=(), dtype=float64)
nll_grad  cost time: 2.5683434009552
tf.Tensor(-10704.373968260217, shape=(), dtype=float64)
nll_grad  cost time: 2.7346880435943604
tf.Tensor(-10704.766891139938, shape=(), dtype=float64)
nll_grad  cost time: 2.5804920196533203
tf.Tensor(-10705.171652365447, shape=(), dtype=float64)
nll_grad  cost time: 2.5597422122955322
tf.Tensor(-10705.558139974848, shape=(), dtype=float64)
nll_grad  cost time: 2.640338659286499
tf.Tensor(-10705.649029631604, shape=(), dtype=float64)
nll_grad  cost time: 2.5998353958129883
tf.Tensor(-10705.810432041166, shape=(), dtype=float64)
nll_grad  cost time: 2.60184907913208
tf.Tensor(-10706.090032235166, shape=(), dtype=float64)
nll_grad  cost time: 2.566579818725586
tf.Tensor(-10706.511698150323, shape=(), dtype=float64)
nll_grad  cost time: 2.5708799362182617
tf.Tensor(-10706.788496106252, shape=(), dtype=float64)
nll_grad  cost time: 2.570415735244751
tf.Tensor(-10706.962302236556, shape=(), dtype=float64)
nll_grad  cost time: 2.5972039699554443
tf.Tensor(-10707.189997893278, shape=(), dtype=float64)
nll_grad  cost time: 2.641385555267334
tf.Tensor(-10707.47036861004, shape=(), dtype=float64)
nll_grad  cost time: 2.58732008934021
tf.Tensor(-10707.752165102502, shape=(), dtype=float64)
nll_grad  cost time: 2.6331655979156494
tf.Tensor(-10708.090609728286, shape=(), dtype=float64)
nll_grad  cost time: 2.587740421295166
tf.Tensor(-10708.436583746967, shape=(), dtype=float64)
nll_grad  cost time: 2.6125426292419434
tf.Tensor(-10708.606429908803, shape=(), dtype=float64)
nll_grad  cost time: 2.576117992401123
tf.Tensor(-10708.805823789633, shape=(), dtype=float64)
nll_grad  cost time: 2.656061887741089
tf.Tensor(-10709.074813390689, shape=(), dtype=float64)
nll_grad  cost time: 2.657087802886963
tf.Tensor(-10709.241282485062, shape=(), dtype=float64)
nll_grad  cost time: 2.5825295448303223
tf.Tensor(-10709.49013530332, shape=(), dtype=float64)
nll_grad  cost time: 2.629838705062866
tf.Tensor(-10709.799933860719, shape=(), dtype=float64)
nll_grad  cost time: 2.60254168510437
tf.Tensor(-10709.93609184571, shape=(), dtype=float64)
nll_grad  cost time: 2.5913381576538086
tf.Tensor(-10710.149796783502, shape=(), dtype=float64)
nll_grad  cost time: 2.6043286323547363
tf.Tensor(-10710.419941173343, shape=(), dtype=float64)
nll_grad  cost time: 2.7498414516448975
tf.Tensor(-10710.57323475604, shape=(), dtype=float64)
nll_grad  cost time: 2.667285442352295
tf.Tensor(-10710.777921139947, shape=(), dtype=float64)
nll_grad  cost time: 2.61319899559021
tf.Tensor(-10710.885636870044, shape=(), dtype=float64)
nll_grad  cost time: 2.8662774562835693
tf.Tensor(-10711.056350247942, shape=(), dtype=float64)
nll_grad  cost time: 2.5877397060394287
tf.Tensor(-10711.275053585166, shape=(), dtype=float64)
nll_grad  cost time: 2.717008352279663
tf.Tensor(-10711.378606639155, shape=(), dtype=float64)
nll_grad  cost time: 2.6279296875
tf.Tensor(-10711.533871108615, shape=(), dtype=float64)
nll_grad  cost time: 2.5980381965637207
tf.Tensor(-10711.756275849533, shape=(), dtype=float64)
nll_grad  cost time: 2.5706515312194824
tf.Tensor(-10711.950277622142, shape=(), dtype=float64)
nll_grad  cost time: 2.6119461059570312
tf.Tensor(-10712.092022060868, shape=(), dtype=float64)
nll_grad  cost time: 2.6179840564727783
tf.Tensor(-10712.23127959278, shape=(), dtype=float64)
nll_grad  cost time: 2.6059157848358154
tf.Tensor(-10712.380538736805, shape=(), dtype=float64)
nll_grad  cost time: 2.605133295059204
tf.Tensor(-10712.534560485175, shape=(), dtype=float64)
nll_grad  cost time: 2.602799892425537
tf.Tensor(-10712.701630562187, shape=(), dtype=float64)
nll_grad  cost time: 2.580273389816284
tf.Tensor(-10712.896996318996, shape=(), dtype=float64)
nll_grad  cost time: 2.5995116233825684
tf.Tensor(-10713.106988727872, shape=(), dtype=float64)
nll_grad  cost time: 2.739187479019165
tf.Tensor(-10713.315145898523, shape=(), dtype=float64)
nll_grad  cost time: 2.6977996826171875
tf.Tensor(-10713.470923725967, shape=(), dtype=float64)
nll_grad  cost time: 2.683561086654663
tf.Tensor(-10713.660149537158, shape=(), dtype=float64)
nll_grad  cost time: 2.6431500911712646
tf.Tensor(-10713.859930284452, shape=(), dtype=float64)
nll_grad  cost time: 2.64387583732605
tf.Tensor(-10714.021458552765, shape=(), dtype=float64)
nll_grad  cost time: 2.59116792678833
tf.Tensor(-10714.198612048007, shape=(), dtype=float64)
nll_grad  cost time: 2.693577527999878
tf.Tensor(-10714.337478507856, shape=(), dtype=float64)
nll_grad  cost time: 2.674468755722046
tf.Tensor(-10714.46156543318, shape=(), dtype=float64)
nll_grad  cost time: 2.624046564102173
tf.Tensor(-10714.58590839093, shape=(), dtype=float64)
nll_grad  cost time: 2.6119940280914307
tf.Tensor(-10714.667153066446, shape=(), dtype=float64)
nll_grad  cost time: 2.6376349925994873
tf.Tensor(-10714.783661523645, shape=(), dtype=float64)
nll_grad  cost time: 2.74014949798584
tf.Tensor(-10714.891942382405, shape=(), dtype=float64)
nll_grad  cost time: 2.6031205654144287
tf.Tensor(-10714.966409145556, shape=(), dtype=float64)
nll_grad  cost time: 2.5927276611328125
tf.Tensor(-10715.054105134288, shape=(), dtype=float64)
nll_grad  cost time: 2.605099678039551
tf.Tensor(-10715.159425612852, shape=(), dtype=float64)
nll_grad  cost time: 2.6139259338378906
tf.Tensor(-10715.273904253285, shape=(), dtype=float64)
nll_grad  cost time: 2.5803074836730957
tf.Tensor(-10715.383043736925, shape=(), dtype=float64)
nll_grad  cost time: 2.540727376937866
tf.Tensor(-10715.525390413684, shape=(), dtype=float64)
nll_grad  cost time: 2.5406739711761475
tf.Tensor(-10715.66786267679, shape=(), dtype=float64)
nll_grad  cost time: 2.5719332695007324
tf.Tensor(-10715.719618319155, shape=(), dtype=float64)
nll_grad  cost time: 2.557068109512329
tf.Tensor(-10715.803600328312, shape=(), dtype=float64)
nll_grad  cost time: 2.5906777381896973
tf.Tensor(-10715.917257055393, shape=(), dtype=float64)
nll_grad  cost time: 2.5583293437957764
tf.Tensor(-10715.989227843856, shape=(), dtype=float64)
nll_grad  cost time: 2.6011123657226562
tf.Tensor(-10716.06531168321, shape=(), dtype=float64)
nll_grad  cost time: 2.5451879501342773
tf.Tensor(-10716.125864010879, shape=(), dtype=float64)
nll_grad  cost time: 2.540923595428467
tf.Tensor(-10716.203153349044, shape=(), dtype=float64)
nll_grad  cost time: 2.5398969650268555
tf.Tensor(-10716.308045137666, shape=(), dtype=float64)
nll_grad  cost time: 2.5111052989959717
tf.Tensor(-10716.4015755863, shape=(), dtype=float64)
nll_grad  cost time: 2.486260175704956
tf.Tensor(-10716.472971346571, shape=(), dtype=float64)
nll_grad  cost time: 2.505373954772949
tf.Tensor(-10716.579276511802, shape=(), dtype=float64)
nll_grad  cost time: 2.5934689044952393
tf.Tensor(-10716.730147456074, shape=(), dtype=float64)
nll_grad  cost time: 2.6550991535186768
tf.Tensor(-10716.91115993011, shape=(), dtype=float64)
nll_grad  cost time: 2.658191680908203
tf.Tensor(-10717.103426628717, shape=(), dtype=float64)
nll_grad  cost time: 2.621771812438965
tf.Tensor(-10717.253663689648, shape=(), dtype=float64)
nll_grad  cost time: 2.549260139465332
tf.Tensor(-10717.443017183898, shape=(), dtype=float64)
nll_grad  cost time: 2.605891704559326
tf.Tensor(-10717.621240664506, shape=(), dtype=float64)
nll_grad  cost time: 2.626962423324585
tf.Tensor(-10717.816860708801, shape=(), dtype=float64)
nll_grad  cost time: 2.5436208248138428
tf.Tensor(-10718.05508411878, shape=(), dtype=float64)
nll_grad  cost time: 2.5462892055511475
tf.Tensor(-10718.329403895019, shape=(), dtype=float64)
nll_grad  cost time: 2.5691211223602295
nll_grad  cost time: 2.525578737258911
tf.Tensor(-10718.474263740834, shape=(), dtype=float64)
nll_grad  cost time: 2.5593602657318115
tf.Tensor(-10718.681780435109, shape=(), dtype=float64)
nll_grad  cost time: 2.5744709968566895
tf.Tensor(-10718.887244594182, shape=(), dtype=float64)
nll_grad  cost time: 2.572911024093628
tf.Tensor(-10719.068252010191, shape=(), dtype=float64)
nll_grad  cost time: 2.541928291320801
tf.Tensor(-10719.215486702305, shape=(), dtype=float64)
nll_grad  cost time: 2.5363590717315674
tf.Tensor(-10719.384145801421, shape=(), dtype=float64)
nll_grad  cost time: 2.601262092590332
tf.Tensor(-10719.586476980337, shape=(), dtype=float64)
nll_grad  cost time: 2.5359303951263428
tf.Tensor(-10719.754184590602, shape=(), dtype=float64)
nll_grad  cost time: 2.5423219203948975
tf.Tensor(-10719.959179480553, shape=(), dtype=float64)
nll_grad  cost time: 2.5322282314300537
tf.Tensor(-10720.218851979487, shape=(), dtype=float64)
nll_grad  cost time: 2.5457425117492676
tf.Tensor(-10720.402330160818, shape=(), dtype=float64)
nll_grad  cost time: 2.4927003383636475
tf.Tensor(-10720.640356804259, shape=(), dtype=float64)
nll_grad  cost time: 2.5218403339385986
tf.Tensor(-10720.81385237899, shape=(), dtype=float64)
nll_grad  cost time: 2.6216771602630615
tf.Tensor(-10720.993296683955, shape=(), dtype=float64)
nll_grad  cost time: 2.5490148067474365
tf.Tensor(-10721.128033651017, shape=(), dtype=float64)
nll_grad  cost time: 2.555666208267212
tf.Tensor(-10721.270325384634, shape=(), dtype=float64)
nll_grad  cost time: 2.544825553894043
tf.Tensor(-10721.427028921666, shape=(), dtype=float64)
nll_grad  cost time: 2.5446786880493164
tf.Tensor(-10721.607707918796, shape=(), dtype=float64)
nll_grad  cost time: 2.5799336433410645
tf.Tensor(-10721.752306260496, shape=(), dtype=float64)
nll_grad  cost time: 2.5296213626861572
tf.Tensor(-10721.935738094173, shape=(), dtype=float64)
nll_grad  cost time: 2.5295937061309814
tf.Tensor(-10722.10460411058, shape=(), dtype=float64)
nll_grad  cost time: 2.544837236404419
tf.Tensor(-10722.2578774469, shape=(), dtype=float64)
nll_grad  cost time: 2.5633280277252197
tf.Tensor(-10722.438416415222, shape=(), dtype=float64)
nll_grad  cost time: 2.5625193119049072
tf.Tensor(-10722.564054552495, shape=(), dtype=float64)
nll_grad  cost time: 2.6033527851104736
tf.Tensor(-10722.722709816007, shape=(), dtype=float64)
nll_grad  cost time: 2.7217912673950195
tf.Tensor(-10722.928600184467, shape=(), dtype=float64)
nll_grad  cost time: 2.7585301399230957
tf.Tensor(-10723.134472161379, shape=(), dtype=float64)
nll_grad  cost time: 2.650977849960327
tf.Tensor(-10723.380126571312, shape=(), dtype=float64)
nll_grad  cost time: 2.6792969703674316
tf.Tensor(-10723.613204949608, shape=(), dtype=float64)
nll_grad  cost time: 2.721728563308716
tf.Tensor(-10723.867042393365, shape=(), dtype=float64)
nll_grad  cost time: 2.728116989135742
tf.Tensor(-10724.00484431944, shape=(), dtype=float64)
nll_grad  cost time: 2.6886134147644043
tf.Tensor(-10724.19386903978, shape=(), dtype=float64)
nll_grad  cost time: 2.6857869625091553
tf.Tensor(-10724.412843379017, shape=(), dtype=float64)
nll_grad  cost time: 2.595221519470215
tf.Tensor(-10724.604902089093, shape=(), dtype=float64)
nll_grad  cost time: 2.5641708374023438
tf.Tensor(-10724.853793173861, shape=(), dtype=float64)
nll_grad  cost time: 2.5750200748443604
tf.Tensor(-10725.185219314328, shape=(), dtype=float64)
nll_grad  cost time: 2.7016594409942627
tf.Tensor(-10725.388969043415, shape=(), dtype=float64)
nll_grad  cost time: 2.5341200828552246
tf.Tensor(-10725.672295830896, shape=(), dtype=float64)
nll_grad  cost time: 2.4872665405273438
tf.Tensor(-10726.035949027086, shape=(), dtype=float64)
nll_grad  cost time: 2.502934455871582
tf.Tensor(-10726.378121832713, shape=(), dtype=float64)
nll_grad  cost time: 2.561814785003662
tf.Tensor(-10726.842833732793, shape=(), dtype=float64)
nll_grad  cost time: 2.62870192527771
tf.Tensor(-10727.206665637037, shape=(), dtype=float64)
nll_grad  cost time: 2.524078130722046
tf.Tensor(-10727.627432953988, shape=(), dtype=float64)
nll_grad  cost time: 2.546644687652588
tf.Tensor(-10728.213716234444, shape=(), dtype=float64)
nll_grad  cost time: 2.528350353240967
tf.Tensor(-10728.772269458019, shape=(), dtype=float64)
nll_grad  cost time: 2.573228120803833
tf.Tensor(-10729.462258615975, shape=(), dtype=float64)
nll_grad  cost time: 2.569136381149292
tf.Tensor(-10730.208285219393, shape=(), dtype=float64)
nll_grad  cost time: 2.533123731613159
tf.Tensor(-10730.760391128573, shape=(), dtype=float64)
nll_grad  cost time: 2.546139717102051
tf.Tensor(-10731.012698399896, shape=(), dtype=float64)
nll_grad  cost time: 2.5863149166107178
tf.Tensor(-10731.42701735548, shape=(), dtype=float64)
nll_grad  cost time: 2.585475206375122
tf.Tensor(-10732.070253985472, shape=(), dtype=float64)
nll_grad  cost time: 2.5315134525299072
tf.Tensor(-10732.73040437722, shape=(), dtype=float64)
nll_grad  cost time: 2.6194586753845215
tf.Tensor(-10733.515253120233, shape=(), dtype=float64)
nll_grad  cost time: 2.602255344390869
tf.Tensor(-10733.793180322587, shape=(), dtype=float64)
nll_grad  cost time: 2.562594413757324
tf.Tensor(-10734.180887776296, shape=(), dtype=float64)
nll_grad  cost time: 2.543490409851074
tf.Tensor(-10734.615939431475, shape=(), dtype=float64)
nll_grad  cost time: 2.874864101409912
tf.Tensor(-10735.240571008591, shape=(), dtype=float64)
nll_grad  cost time: 2.581956624984741
tf.Tensor(-10735.791591964942, shape=(), dtype=float64)
nll_grad  cost time: 2.56168794631958
tf.Tensor(-10736.348344453498, shape=(), dtype=float64)
nll_grad  cost time: 2.7573184967041016
tf.Tensor(-10736.930244812895, shape=(), dtype=float64)
nll_grad  cost time: 2.5747950077056885
tf.Tensor(-10737.595638471437, shape=(), dtype=float64)
nll_grad  cost time: 2.554442882537842
tf.Tensor(-10738.069365507337, shape=(), dtype=float64)
nll_grad  cost time: 2.5477192401885986
tf.Tensor(-10738.454285979129, shape=(), dtype=float64)
nll_grad  cost time: 2.6229116916656494
tf.Tensor(-10738.934538944392, shape=(), dtype=float64)
nll_grad  cost time: 2.6406068801879883
tf.Tensor(-10739.336089052049, shape=(), dtype=float64)
nll_grad  cost time: 2.523836612701416
tf.Tensor(-10739.557517455734, shape=(), dtype=float64)
nll_grad  cost time: 2.545349597930908
tf.Tensor(-10739.917583892657, shape=(), dtype=float64)
nll_grad  cost time: 2.5590829849243164
tf.Tensor(-10740.43626957469, shape=(), dtype=float64)
nll_grad  cost time: 2.5925891399383545
tf.Tensor(-10741.089407840485, shape=(), dtype=float64)
nll_grad  cost time: 2.588942527770996
tf.Tensor(-10741.77703118615, shape=(), dtype=float64)
nll_grad  cost time: 2.5757198333740234
tf.Tensor(-10742.269605431291, shape=(), dtype=float64)
nll_grad  cost time: 2.555603265762329
tf.Tensor(-10742.96140841856, shape=(), dtype=float64)
nll_grad  cost time: 2.550232410430908
tf.Tensor(-10743.77616902137, shape=(), dtype=float64)
nll_grad  cost time: 2.5093557834625244
tf.Tensor(-10744.281387296884, shape=(), dtype=float64)
nll_grad  cost time: 2.517112970352173
tf.Tensor(-10744.879008014697, shape=(), dtype=float64)
nll_grad  cost time: 2.5389232635498047
tf.Tensor(-10745.571751693351, shape=(), dtype=float64)
nll_grad  cost time: 2.613363027572632
tf.Tensor(-10746.202254162043, shape=(), dtype=float64)
nll_grad  cost time: 2.5595223903656006
tf.Tensor(-10746.846863886618, shape=(), dtype=float64)
nll_grad  cost time: 2.549351930618286
tf.Tensor(-10747.660186355733, shape=(), dtype=float64)
nll_grad  cost time: 2.551609516143799
tf.Tensor(-10748.467073989978, shape=(), dtype=float64)
nll_grad  cost time: 2.6356313228607178
tf.Tensor(-10748.97062057941, shape=(), dtype=float64)
nll_grad  cost time: 2.5678648948669434
tf.Tensor(-10749.65841129404, shape=(), dtype=float64)
nll_grad  cost time: 2.7365670204162598
tf.Tensor(-10750.530601897368, shape=(), dtype=float64)
nll_grad  cost time: 2.5410876274108887
tf.Tensor(-10751.029003388707, shape=(), dtype=float64)
nll_grad  cost time: 2.5450313091278076
tf.Tensor(-10751.754632813656, shape=(), dtype=float64)
nll_grad  cost time: 2.588433027267456
tf.Tensor(-10752.616921745346, shape=(), dtype=float64)
nll_grad  cost time: 2.5541226863861084
tf.Tensor(-10752.960682570158, shape=(), dtype=float64)
nll_grad  cost time: 2.6188881397247314
tf.Tensor(-10753.473015400465, shape=(), dtype=float64)
nll_grad  cost time: 2.5495457649230957
tf.Tensor(-10754.213427071763, shape=(), dtype=float64)
nll_grad  cost time: 2.540362596511841
tf.Tensor(-10755.066919549197, shape=(), dtype=float64)
nll_grad  cost time: 2.516364812850952
tf.Tensor(-10755.591793728161, shape=(), dtype=float64)
nll_grad  cost time: 2.524994373321533
tf.Tensor(-10756.3160977791, shape=(), dtype=float64)
nll_grad  cost time: 2.5472867488861084
tf.Tensor(-10757.399014196639, shape=(), dtype=float64)
nll_grad  cost time: 2.5523903369903564
tf.Tensor(-10759.008949091363, shape=(), dtype=float64)
nll_grad  cost time: 2.5393450260162354
tf.Tensor(-10760.276434674073, shape=(), dtype=float64)
nll_grad  cost time: 2.565450429916382
tf.Tensor(-10761.552539692895, shape=(), dtype=float64)
nll_grad  cost time: 2.5410473346710205
tf.Tensor(-10762.117524262521, shape=(), dtype=float64)
nll_grad  cost time: 2.567230463027954
tf.Tensor(-10762.873127125045, shape=(), dtype=float64)
nll_grad  cost time: 2.5320284366607666
tf.Tensor(-10763.68863684556, shape=(), dtype=float64)
nll_grad  cost time: 2.6617822647094727
tf.Tensor(-10764.59950669353, shape=(), dtype=float64)
nll_grad  cost time: 2.5948805809020996
tf.Tensor(-10765.493183864997, shape=(), dtype=float64)
nll_grad  cost time: 2.5171444416046143
tf.Tensor(-10766.679290613962, shape=(), dtype=float64)
nll_grad  cost time: 2.5460073947906494
tf.Tensor(-10768.061763751906, shape=(), dtype=float64)
nll_grad  cost time: 2.5501112937927246
tf.Tensor(-10768.846000789725, shape=(), dtype=float64)
nll_grad  cost time: 2.51517915725708
tf.Tensor(-10769.836244641077, shape=(), dtype=float64)
nll_grad  cost time: 2.500852108001709
tf.Tensor(-10770.65510970627, shape=(), dtype=float64)
nll_grad  cost time: 2.651003360748291
tf.Tensor(-10771.424085578657, shape=(), dtype=float64)
nll_grad  cost time: 2.6458747386932373
tf.Tensor(-10772.157217817798, shape=(), dtype=float64)
nll_grad  cost time: 2.640197277069092
tf.Tensor(-10772.507472832502, shape=(), dtype=float64)
nll_grad  cost time: 2.5913729667663574
tf.Tensor(-10772.999824756434, shape=(), dtype=float64)
nll_grad  cost time: 2.5585196018218994
tf.Tensor(-10773.61620655511, shape=(), dtype=float64)
nll_grad  cost time: 2.610877752304077
tf.Tensor(-10773.891019575773, shape=(), dtype=float64)
nll_grad  cost time: 2.544581651687622
tf.Tensor(-10774.32445350626, shape=(), dtype=float64)
nll_grad  cost time: 2.5280776023864746
tf.Tensor(-10774.86605739418, shape=(), dtype=float64)
nll_grad  cost time: 2.5456020832061768
tf.Tensor(-10775.266168825194, shape=(), dtype=float64)
nll_grad  cost time: 2.5825977325439453
tf.Tensor(-10775.706399821744, shape=(), dtype=float64)
nll_grad  cost time: 2.5554018020629883
tf.Tensor(-10776.271255554464, shape=(), dtype=float64)
nll_grad  cost time: 2.5296876430511475
tf.Tensor(-10776.870709167717, shape=(), dtype=float64)
nll_grad  cost time: 2.5548806190490723
tf.Tensor(-10777.467092806293, shape=(), dtype=float64)
nll_grad  cost time: 2.574054718017578
tf.Tensor(-10777.831114960261, shape=(), dtype=float64)
nll_grad  cost time: 2.562507152557373
tf.Tensor(-10778.318753462027, shape=(), dtype=float64)
nll_grad  cost time: 2.5495831966400146
tf.Tensor(-10778.960200017322, shape=(), dtype=float64)
nll_grad  cost time: 2.586768388748169
tf.Tensor(-10779.65957664304, shape=(), dtype=float64)
nll_grad  cost time: 2.594026803970337
tf.Tensor(-10780.080472248586, shape=(), dtype=float64)
nll_grad  cost time: 2.5803020000457764
tf.Tensor(-10780.610202825925, shape=(), dtype=float64)
nll_grad  cost time: 2.5659847259521484
tf.Tensor(-10781.171792079595, shape=(), dtype=float64)
nll_grad  cost time: 2.5472378730773926
tf.Tensor(-10781.712351316737, shape=(), dtype=float64)
nll_grad  cost time: 2.549090623855591
tf.Tensor(-10782.357527872278, shape=(), dtype=float64)
nll_grad  cost time: 2.538069009780884
tf.Tensor(-10783.206247788668, shape=(), dtype=float64)
nll_grad  cost time: 2.662482500076294
tf.Tensor(-10784.043656880216, shape=(), dtype=float64)
nll_grad  cost time: 2.5568199157714844
tf.Tensor(-10784.443865686975, shape=(), dtype=float64)
nll_grad  cost time: 2.553241491317749
tf.Tensor(-10784.985076728835, shape=(), dtype=float64)
nll_grad  cost time: 2.555454969406128
tf.Tensor(-10785.502570866076, shape=(), dtype=float64)
nll_grad  cost time: 2.5883970260620117
tf.Tensor(-10785.901345877348, shape=(), dtype=float64)
nll_grad  cost time: 2.7510499954223633
tf.Tensor(-10786.271492159427, shape=(), dtype=float64)
nll_grad  cost time: 2.6991395950317383
tf.Tensor(-10786.658596388701, shape=(), dtype=float64)
nll_grad  cost time: 2.6455612182617188
tf.Tensor(-10787.072511542412, shape=(), dtype=float64)
nll_grad  cost time: 2.6266307830810547
tf.Tensor(-10787.564918575683, shape=(), dtype=float64)
nll_grad  cost time: 2.7332589626312256
tf.Tensor(-10788.118116326586, shape=(), dtype=float64)
nll_grad  cost time: 2.710378408432007
tf.Tensor(-10788.513678189054, shape=(), dtype=float64)
nll_grad  cost time: 2.6849637031555176
tf.Tensor(-10788.996432292202, shape=(), dtype=float64)
nll_grad  cost time: 2.6807796955108643
tf.Tensor(-10789.439702449243, shape=(), dtype=float64)
nll_grad  cost time: 2.6875946521759033
tf.Tensor(-10789.88073558674, shape=(), dtype=float64)
nll_grad  cost time: 2.5773069858551025
tf.Tensor(-10790.244384103837, shape=(), dtype=float64)
nll_grad  cost time: 2.5894429683685303
tf.Tensor(-10790.557754033258, shape=(), dtype=float64)
nll_grad  cost time: 2.605536937713623
tf.Tensor(-10790.773071097801, shape=(), dtype=float64)
nll_grad  cost time: 2.5304038524627686
tf.Tensor(-10791.02068265331, shape=(), dtype=float64)
nll_grad  cost time: 2.509871006011963
tf.Tensor(-10791.230743471675, shape=(), dtype=float64)
nll_grad  cost time: 2.5091915130615234
tf.Tensor(-10791.393693712269, shape=(), dtype=float64)
nll_grad  cost time: 2.5163700580596924
tf.Tensor(-10791.5732053028, shape=(), dtype=float64)
nll_grad  cost time: 2.5182619094848633
tf.Tensor(-10791.699523922533, shape=(), dtype=float64)
nll_grad  cost time: 2.544248342514038
tf.Tensor(-10791.823464615038, shape=(), dtype=float64)
nll_grad  cost time: 2.668278932571411
tf.Tensor(-10791.93102286977, shape=(), dtype=float64)
nll_grad  cost time: 2.557992696762085
tf.Tensor(-10792.011271999449, shape=(), dtype=float64)
nll_grad  cost time: 2.561429500579834
tf.Tensor(-10792.100243149092, shape=(), dtype=float64)
nll_grad  cost time: 2.58323335647583
tf.Tensor(-10792.193764047706, shape=(), dtype=float64)
nll_grad  cost time: 2.5861892700195312
tf.Tensor(-10792.287531682307, shape=(), dtype=float64)
nll_grad  cost time: 2.6296122074127197
tf.Tensor(-10792.367506532486, shape=(), dtype=float64)
nll_grad  cost time: 2.566803455352783
tf.Tensor(-10792.436187190318, shape=(), dtype=float64)
nll_grad  cost time: 2.572568655014038
tf.Tensor(-10792.507304785391, shape=(), dtype=float64)
nll_grad  cost time: 2.553649663925171
tf.Tensor(-10792.584198085453, shape=(), dtype=float64)
nll_grad  cost time: 2.5567615032196045
tf.Tensor(-10792.640595130862, shape=(), dtype=float64)
nll_grad  cost time: 2.556668996810913
tf.Tensor(-10792.68537059462, shape=(), dtype=float64)
nll_grad  cost time: 2.537327766418457
tf.Tensor(-10792.730352637658, shape=(), dtype=float64)
nll_grad  cost time: 2.530263900756836
tf.Tensor(-10792.769492330606, shape=(), dtype=float64)
nll_grad  cost time: 2.5277605056762695
tf.Tensor(-10792.796855658575, shape=(), dtype=float64)
nll_grad  cost time: 2.550365447998047
tf.Tensor(-10792.826108437812, shape=(), dtype=float64)
nll_grad  cost time: 2.558608055114746
tf.Tensor(-10792.858907938886, shape=(), dtype=float64)
nll_grad  cost time: 2.5899171829223633
tf.Tensor(-10792.904016480668, shape=(), dtype=float64)
nll_grad  cost time: 2.60848331451416
tf.Tensor(-10792.954586057629, shape=(), dtype=float64)
nll_grad  cost time: 2.5098605155944824
tf.Tensor(-10793.00449679524, shape=(), dtype=float64)
nll_grad  cost time: 2.5488197803497314
tf.Tensor(-10793.053654433133, shape=(), dtype=float64)
nll_grad  cost time: 2.529858350753784
tf.Tensor(-10793.106306385278, shape=(), dtype=float64)
nll_grad  cost time: 2.5384252071380615
tf.Tensor(-10793.159011177897, shape=(), dtype=float64)
nll_grad  cost time: 2.579866886138916
tf.Tensor(-10793.22242779612, shape=(), dtype=float64)
nll_grad  cost time: 2.7466697692871094
tf.Tensor(-10793.289344389947, shape=(), dtype=float64)
nll_grad  cost time: 2.5472636222839355
tf.Tensor(-10793.351386523502, shape=(), dtype=float64)
nll_grad  cost time: 2.5483508110046387
tf.Tensor(-10793.405068696564, shape=(), dtype=float64)
nll_grad  cost time: 2.5588417053222656
tf.Tensor(-10793.476844898996, shape=(), dtype=float64)
nll_grad  cost time: 2.562891721725464
tf.Tensor(-10793.5561522149, shape=(), dtype=float64)
nll_grad  cost time: 2.601296901702881
tf.Tensor(-10793.635065893934, shape=(), dtype=float64)
nll_grad  cost time: 2.5404882431030273
tf.Tensor(-10793.700012069441, shape=(), dtype=float64)
nll_grad  cost time: 2.5392849445343018
tf.Tensor(-10793.758787711118, shape=(), dtype=float64)
nll_grad  cost time: 2.5652410984039307
tf.Tensor(-10793.81809567829, shape=(), dtype=float64)
nll_grad  cost time: 2.5644564628601074
tf.Tensor(-10793.88346959374, shape=(), dtype=float64)
nll_grad  cost time: 2.5233519077301025
tf.Tensor(-10793.953719950723, shape=(), dtype=float64)
nll_grad  cost time: 2.53544545173645
tf.Tensor(-10794.055912838778, shape=(), dtype=float64)
nll_grad  cost time: 2.812128782272339
tf.Tensor(-10794.17071369918, shape=(), dtype=float64)
nll_grad  cost time: 2.5711193084716797
tf.Tensor(-10794.27661435813, shape=(), dtype=float64)
nll_grad  cost time: 2.5666213035583496
tf.Tensor(-10794.379181989942, shape=(), dtype=float64)
nll_grad  cost time: 2.574147939682007
tf.Tensor(-10794.429891819645, shape=(), dtype=float64)
nll_grad  cost time: 2.6603052616119385
tf.Tensor(-10794.514552935554, shape=(), dtype=float64)
nll_grad  cost time: 2.6650681495666504
tf.Tensor(-10794.633011574428, shape=(), dtype=float64)
nll_grad  cost time: 2.5751867294311523
tf.Tensor(-10794.743993565864, shape=(), dtype=float64)
nll_grad  cost time: 2.54890775680542
tf.Tensor(-10794.85471078779, shape=(), dtype=float64)
nll_grad  cost time: 2.595271348953247
tf.Tensor(-10794.978740105404, shape=(), dtype=float64)
nll_grad  cost time: 2.6000242233276367
tf.Tensor(-10795.120971148865, shape=(), dtype=float64)
nll_grad  cost time: 2.590749502182007
tf.Tensor(-10795.265504149425, shape=(), dtype=float64)
nll_grad  cost time: 2.71708083152771
tf.Tensor(-10795.383535404666, shape=(), dtype=float64)
nll_grad  cost time: 2.597900152206421
tf.Tensor(-10795.527727596394, shape=(), dtype=float64)
nll_grad  cost time: 2.5532491207122803
tf.Tensor(-10795.661709629347, shape=(), dtype=float64)
nll_grad  cost time: 2.5448224544525146
tf.Tensor(-10795.782328255395, shape=(), dtype=float64)
nll_grad  cost time: 2.562837600708008
tf.Tensor(-10795.878085596107, shape=(), dtype=float64)
nll_grad  cost time: 2.6333887577056885
tf.Tensor(-10795.974834356713, shape=(), dtype=float64)
nll_grad  cost time: 2.5399169921875
tf.Tensor(-10796.038817470573, shape=(), dtype=float64)
nll_grad  cost time: 2.5164804458618164
tf.Tensor(-10796.130327326413, shape=(), dtype=float64)
nll_grad  cost time: 2.5503482818603516
tf.Tensor(-10796.219266815344, shape=(), dtype=float64)
nll_grad  cost time: 2.5546932220458984
tf.Tensor(-10796.27565663448, shape=(), dtype=float64)
nll_grad  cost time: 2.550365924835205
tf.Tensor(-10796.349455101523, shape=(), dtype=float64)
nll_grad  cost time: 2.582735538482666
tf.Tensor(-10796.444805663763, shape=(), dtype=float64)
nll_grad  cost time: 2.5415282249450684
tf.Tensor(-10796.51394893928, shape=(), dtype=float64)
nll_grad  cost time: 2.5409820079803467
tf.Tensor(-10796.582330838948, shape=(), dtype=float64)
nll_grad  cost time: 2.5162460803985596
tf.Tensor(-10796.663231989483, shape=(), dtype=float64)
nll_grad  cost time: 2.4795238971710205
tf.Tensor(-10796.726146055187, shape=(), dtype=float64)
nll_grad  cost time: 2.5016674995422363
tf.Tensor(-10796.776881378984, shape=(), dtype=float64)
nll_grad  cost time: 2.578158140182495
tf.Tensor(-10796.812875144318, shape=(), dtype=float64)
nll_grad  cost time: 2.484503746032715
tf.Tensor(-10796.86109370426, shape=(), dtype=float64)
nll_grad  cost time: 2.5232157707214355
tf.Tensor(-10796.906195259357, shape=(), dtype=float64)
nll_grad  cost time: 2.4938178062438965
tf.Tensor(-10796.959622314027, shape=(), dtype=float64)
nll_grad  cost time: 2.5394556522369385
tf.Tensor(-10797.016183648064, shape=(), dtype=float64)
nll_grad  cost time: 2.519392728805542
tf.Tensor(-10797.081424052445, shape=(), dtype=float64)
nll_grad  cost time: 2.5318665504455566
tf.Tensor(-10797.154509732049, shape=(), dtype=float64)
nll_grad  cost time: 2.669404983520508
tf.Tensor(-10797.238566970762, shape=(), dtype=float64)
nll_grad  cost time: 2.5350401401519775
tf.Tensor(-10797.3446208658, shape=(), dtype=float64)
nll_grad  cost time: 2.519592046737671
tf.Tensor(-10797.51090221537, shape=(), dtype=float64)
nll_grad  cost time: 2.5309460163116455
tf.Tensor(-10797.7244622015, shape=(), dtype=float64)
nll_grad  cost time: 2.5292255878448486
tf.Tensor(-10797.895721020077, shape=(), dtype=float64)
nll_grad  cost time: 2.65425443649292
tf.Tensor(-10798.070651476835, shape=(), dtype=float64)
nll_grad  cost time: 2.542142629623413
tf.Tensor(-10798.315300937555, shape=(), dtype=float64)
nll_grad  cost time: 2.5516927242279053
tf.Tensor(-10798.637845847315, shape=(), dtype=float64)
nll_grad  cost time: 2.577082395553589
tf.Tensor(-10798.933044919924, shape=(), dtype=float64)
nll_grad  cost time: 2.5864295959472656
tf.Tensor(-10799.132062656256, shape=(), dtype=float64)
nll_grad  cost time: 2.5360567569732666
tf.Tensor(-10799.484015354676, shape=(), dtype=float64)
nll_grad  cost time: 2.547166585922241
tf.Tensor(-10800.077751973948, shape=(), dtype=float64)
nll_grad  cost time: 2.540341377258301
tf.Tensor(-10801.044421706054, shape=(), dtype=float64)
nll_grad  cost time: 2.569906234741211
tf.Tensor(-10801.741003259012, shape=(), dtype=float64)
nll_grad  cost time: 2.5277822017669678
tf.Tensor(-10802.62572740358, shape=(), dtype=float64)
nll_grad  cost time: 2.508298635482788
tf.Tensor(-10803.169221050357, shape=(), dtype=float64)
nll_grad  cost time: 2.5767710208892822
tf.Tensor(-10803.938538347302, shape=(), dtype=float64)
nll_grad  cost time: 2.569694757461548
tf.Tensor(-10804.817466566423, shape=(), dtype=float64)
nll_grad  cost time: 2.5392606258392334
tf.Tensor(-10805.328138658297, shape=(), dtype=float64)
nll_grad  cost time: 2.5486061573028564
tf.Tensor(-10806.05173661619, shape=(), dtype=float64)
nll_grad  cost time: 2.5180208683013916
tf.Tensor(-10806.913640794191, shape=(), dtype=float64)
nll_grad  cost time: 2.564722776412964
tf.Tensor(-10807.379691257625, shape=(), dtype=float64)
nll_grad  cost time: 2.5439841747283936
tf.Tensor(-10808.008281151757, shape=(), dtype=float64)
nll_grad  cost time: 2.6883673667907715
tf.Tensor(-10808.537222231846, shape=(), dtype=float64)
nll_grad  cost time: 2.5175912380218506
tf.Tensor(-10808.97690174869, shape=(), dtype=float64)
nll_grad  cost time: 2.545868158340454
tf.Tensor(-10809.320387603484, shape=(), dtype=float64)
nll_grad  cost time: 2.519280195236206
tf.Tensor(-10809.627921037252, shape=(), dtype=float64)
nll_grad  cost time: 2.484570264816284
tf.Tensor(-10809.754787385426, shape=(), dtype=float64)
nll_grad  cost time: 2.584364175796509
tf.Tensor(-10809.947352708394, shape=(), dtype=float64)
nll_grad  cost time: 2.5290324687957764
tf.Tensor(-10810.15801477876, shape=(), dtype=float64)
nll_grad  cost time: 2.522860050201416
tf.Tensor(-10810.290341842086, shape=(), dtype=float64)
nll_grad  cost time: 2.4928994178771973
tf.Tensor(-10810.449848901724, shape=(), dtype=float64)
nll_grad  cost time: 2.4675934314727783
tf.Tensor(-10810.66229006256, shape=(), dtype=float64)
nll_grad  cost time: 2.498488187789917
tf.Tensor(-10810.861757841953, shape=(), dtype=float64)
nll_grad  cost time: 2.4846901893615723
tf.Tensor(-10811.056434168966, shape=(), dtype=float64)
nll_grad  cost time: 2.528761148452759
tf.Tensor(-10811.231642313469, shape=(), dtype=float64)
nll_grad  cost time: 2.5009214878082275
tf.Tensor(-10811.48211550684, shape=(), dtype=float64)
nll_grad  cost time: 2.502019166946411
tf.Tensor(-10811.768515338197, shape=(), dtype=float64)
nll_grad  cost time: 2.515514612197876
tf.Tensor(-10811.952252490748, shape=(), dtype=float64)
nll_grad  cost time: 2.5256755352020264
tf.Tensor(-10812.117770900632, shape=(), dtype=float64)
nll_grad  cost time: 2.6002516746520996
tf.Tensor(-10812.313682397345, shape=(), dtype=float64)
nll_grad  cost time: 2.5127761363983154
tf.Tensor(-10812.452918150273, shape=(), dtype=float64)
nll_grad  cost time: 2.5010828971862793
tf.Tensor(-10812.567450641049, shape=(), dtype=float64)
nll_grad  cost time: 2.4943082332611084
tf.Tensor(-10812.69197355425, shape=(), dtype=float64)
nll_grad  cost time: 2.542325496673584
tf.Tensor(-10812.820502163204, shape=(), dtype=float64)
nll_grad  cost time: 2.518017530441284
tf.Tensor(-10812.902856704128, shape=(), dtype=float64)
nll_grad  cost time: 2.535423517227173
tf.Tensor(-10812.973262516987, shape=(), dtype=float64)
nll_grad  cost time: 2.6714837551116943
tf.Tensor(-10813.042573151899, shape=(), dtype=float64)
nll_grad  cost time: 2.5933666229248047
tf.Tensor(-10813.113230952382, shape=(), dtype=float64)
nll_grad  cost time: 2.5192058086395264
tf.Tensor(-10813.180991400966, shape=(), dtype=float64)
nll_grad  cost time: 2.502563238143921
tf.Tensor(-10813.229803590411, shape=(), dtype=float64)
nll_grad  cost time: 2.515059471130371
tf.Tensor(-10813.280698539174, shape=(), dtype=float64)
nll_grad  cost time: 2.6202480792999268
tf.Tensor(-10813.332819411427, shape=(), dtype=float64)
nll_grad  cost time: 2.512885570526123
tf.Tensor(-10813.379413245057, shape=(), dtype=float64)
nll_grad  cost time: 2.49969482421875
tf.Tensor(-10813.428416216819, shape=(), dtype=float64)
nll_grad  cost time: 2.5284926891326904
tf.Tensor(-10813.478457411946, shape=(), dtype=float64)
nll_grad  cost time: 2.5120291709899902
tf.Tensor(-10813.525637989145, shape=(), dtype=float64)
nll_grad  cost time: 2.5182766914367676
tf.Tensor(-10813.562845537726, shape=(), dtype=float64)
nll_grad  cost time: 2.529080390930176
tf.Tensor(-10813.602588059988, shape=(), dtype=float64)
nll_grad  cost time: 2.5116701126098633
tf.Tensor(-10813.636903607174, shape=(), dtype=float64)
nll_grad  cost time: 2.549870729446411
tf.Tensor(-10813.668947012211, shape=(), dtype=float64)
nll_grad  cost time: 2.563631772994995
tf.Tensor(-10813.700142582064, shape=(), dtype=float64)
nll_grad  cost time: 2.535492420196533
tf.Tensor(-10813.729709214862, shape=(), dtype=float64)
nll_grad  cost time: 2.5711731910705566
tf.Tensor(-10813.756053918734, shape=(), dtype=float64)
nll_grad  cost time: 2.6077847480773926
tf.Tensor(-10813.783014735202, shape=(), dtype=float64)
nll_grad  cost time: 2.5332560539245605
tf.Tensor(-10813.816804146523, shape=(), dtype=float64)
nll_grad  cost time: 2.547206401824951
tf.Tensor(-10813.855503598927, shape=(), dtype=float64)
nll_grad  cost time: 2.5472171306610107
tf.Tensor(-10813.894497605532, shape=(), dtype=float64)
nll_grad  cost time: 2.5185492038726807
tf.Tensor(-10813.931846075453, shape=(), dtype=float64)
nll_grad  cost time: 2.5058398246765137
tf.Tensor(-10813.966754954534, shape=(), dtype=float64)
nll_grad  cost time: 2.6807243824005127
tf.Tensor(-10813.998030734034, shape=(), dtype=float64)
nll_grad  cost time: 2.607384204864502
tf.Tensor(-10814.02337082197, shape=(), dtype=float64)
nll_grad  cost time: 2.5360307693481445
tf.Tensor(-10814.044245288067, shape=(), dtype=float64)
nll_grad  cost time: 2.523529052734375
tf.Tensor(-10814.069995637328, shape=(), dtype=float64)
nll_grad  cost time: 2.5098135471343994
tf.Tensor(-10814.095259806789, shape=(), dtype=float64)
nll_grad  cost time: 2.5580029487609863
tf.Tensor(-10814.12026421836, shape=(), dtype=float64)
nll_grad  cost time: 2.523838520050049
tf.Tensor(-10814.144492207264, shape=(), dtype=float64)
nll_grad  cost time: 2.5401389598846436
tf.Tensor(-10814.170912441316, shape=(), dtype=float64)
nll_grad  cost time: 2.5331454277038574
tf.Tensor(-10814.200501073856, shape=(), dtype=float64)
nll_grad  cost time: 2.5464282035827637
tf.Tensor(-10814.233386845606, shape=(), dtype=float64)
nll_grad  cost time: 2.5113420486450195
tf.Tensor(-10814.260835109424, shape=(), dtype=float64)
nll_grad  cost time: 2.499070167541504
tf.Tensor(-10814.28012866444, shape=(), dtype=float64)
nll_grad  cost time: 2.487250328063965
tf.Tensor(-10814.29494528447, shape=(), dtype=float64)
nll_grad  cost time: 2.507176399230957
tf.Tensor(-10814.310703995146, shape=(), dtype=float64)
nll_grad  cost time: 2.485440254211426
tf.Tensor(-10814.328066042162, shape=(), dtype=float64)
nll_grad  cost time: 2.476736545562744
tf.Tensor(-10814.344570203724, shape=(), dtype=float64)
nll_grad  cost time: 2.4917595386505127
tf.Tensor(-10814.358025554926, shape=(), dtype=float64)
nll_grad  cost time: 2.533726692199707
tf.Tensor(-10814.370815253533, shape=(), dtype=float64)
nll_grad  cost time: 2.560722827911377
tf.Tensor(-10814.383314761482, shape=(), dtype=float64)
nll_grad  cost time: 2.510493278503418
tf.Tensor(-10814.395324838946, shape=(), dtype=float64)
nll_grad  cost time: 2.5131211280822754
tf.Tensor(-10814.40573414409, shape=(), dtype=float64)
nll_grad  cost time: 2.5304250717163086
tf.Tensor(-10814.416409428228, shape=(), dtype=float64)
nll_grad  cost time: 2.5169360637664795
tf.Tensor(-10814.427724590183, shape=(), dtype=float64)
nll_grad  cost time: 2.519732713699341
tf.Tensor(-10814.439030546333, shape=(), dtype=float64)
nll_grad  cost time: 2.638953924179077
tf.Tensor(-10814.450177776984, shape=(), dtype=float64)
nll_grad  cost time: 2.538165807723999
tf.Tensor(-10814.462314530794, shape=(), dtype=float64)
nll_grad  cost time: 2.5162808895111084
tf.Tensor(-10814.474471944977, shape=(), dtype=float64)
nll_grad  cost time: 2.7443573474884033
tf.Tensor(-10814.484089633632, shape=(), dtype=float64)
nll_grad  cost time: 2.5150675773620605
tf.Tensor(-10814.491040095649, shape=(), dtype=float64)
nll_grad  cost time: 2.5842032432556152
tf.Tensor(-10814.497196016924, shape=(), dtype=float64)
nll_grad  cost time: 2.512197256088257
tf.Tensor(-10814.504979765643, shape=(), dtype=float64)
nll_grad  cost time: 2.5200114250183105
tf.Tensor(-10814.513641896228, shape=(), dtype=float64)
nll_grad  cost time: 2.512089967727661
tf.Tensor(-10814.522086438414, shape=(), dtype=float64)
nll_grad  cost time: 2.555310010910034
tf.Tensor(-10814.529229850707, shape=(), dtype=float64)
nll_grad  cost time: 2.513165235519409
tf.Tensor(-10814.53560962682, shape=(), dtype=float64)
nll_grad  cost time: 2.510065793991089
tf.Tensor(-10814.542350531981, shape=(), dtype=float64)
nll_grad  cost time: 2.4877333641052246
tf.Tensor(-10814.549791392872, shape=(), dtype=float64)
nll_grad  cost time: 2.524956703186035
tf.Tensor(-10814.557067001688, shape=(), dtype=float64)
nll_grad  cost time: 2.503560781478882
tf.Tensor(-10814.563742162582, shape=(), dtype=float64)
nll_grad  cost time: 2.5426418781280518
tf.Tensor(-10814.570212797904, shape=(), dtype=float64)
nll_grad  cost time: 2.5524556636810303
tf.Tensor(-10814.576624176503, shape=(), dtype=float64)
nll_grad  cost time: 2.586327314376831
tf.Tensor(-10814.583170440897, shape=(), dtype=float64)
nll_grad  cost time: 2.527017116546631
tf.Tensor(-10814.590149678595, shape=(), dtype=float64)
nll_grad  cost time: 2.5075526237487793
tf.Tensor(-10814.597949422187, shape=(), dtype=float64)
nll_grad  cost time: 2.4899094104766846
tf.Tensor(-10814.606425903834, shape=(), dtype=float64)
nll_grad  cost time: 2.5124013423919678
tf.Tensor(-10814.614398666223, shape=(), dtype=float64)
nll_grad  cost time: 2.513383388519287
tf.Tensor(-10814.620991855347, shape=(), dtype=float64)
nll_grad  cost time: 2.519742250442505
tf.Tensor(-10814.626036406149, shape=(), dtype=float64)
nll_grad  cost time: 2.6804380416870117
tf.Tensor(-10814.630266135116, shape=(), dtype=float64)
nll_grad  cost time: 2.540908098220825
tf.Tensor(-10814.634135200065, shape=(), dtype=float64)
nll_grad  cost time: 2.5029375553131104
tf.Tensor(-10814.638390566446, shape=(), dtype=float64)
nll_grad  cost time: 2.4960548877716064
tf.Tensor(-10814.643488441729, shape=(), dtype=float64)
nll_grad  cost time: 2.550872325897217
tf.Tensor(-10814.649000331448, shape=(), dtype=float64)
nll_grad  cost time: 2.5695905685424805
tf.Tensor(-10814.653518503008, shape=(), dtype=float64)
nll_grad  cost time: 2.5119802951812744
tf.Tensor(-10814.656722481455, shape=(), dtype=float64)
nll_grad  cost time: 2.553528070449829
tf.Tensor(-10814.659467503596, shape=(), dtype=float64)
nll_grad  cost time: 2.515011787414551
tf.Tensor(-10814.662568944841, shape=(), dtype=float64)
nll_grad  cost time: 2.5270748138427734
tf.Tensor(-10814.665952317435, shape=(), dtype=float64)
nll_grad  cost time: 2.5308239459991455
tf.Tensor(-10814.669180258303, shape=(), dtype=float64)
nll_grad  cost time: 2.517893075942993
tf.Tensor(-10814.67215729031, shape=(), dtype=float64)
nll_grad  cost time: 2.5046374797821045
tf.Tensor(-10814.675363056922, shape=(), dtype=float64)
nll_grad  cost time: 2.52486252784729
tf.Tensor(-10814.678956197371, shape=(), dtype=float64)
nll_grad  cost time: 2.5184755325317383
tf.Tensor(-10814.682668653262, shape=(), dtype=float64)
nll_grad  cost time: 2.487607479095459
tf.Tensor(-10814.68589878484, shape=(), dtype=float64)
nll_grad  cost time: 2.543069362640381
tf.Tensor(-10814.688754753292, shape=(), dtype=float64)
nll_grad  cost time: 2.5800185203552246
tf.Tensor(-10814.69141429115, shape=(), dtype=float64)
nll_grad  cost time: 2.5413403511047363
tf.Tensor(-10814.694280847827, shape=(), dtype=float64)
nll_grad  cost time: 2.527775764465332
tf.Tensor(-10814.697261753276, shape=(), dtype=float64)
nll_grad  cost time: 2.5319600105285645
tf.Tensor(-10814.700697042746, shape=(), dtype=float64)
nll_grad  cost time: 2.556281805038452
tf.Tensor(-10814.704993038697, shape=(), dtype=float64)
nll_grad  cost time: 2.5552947521209717
tf.Tensor(-10814.70973456927, shape=(), dtype=float64)
nll_grad  cost time: 2.6347641944885254
tf.Tensor(-10814.713851330833, shape=(), dtype=float64)
nll_grad  cost time: 2.538055419921875
tf.Tensor(-10814.717112868277, shape=(), dtype=float64)
nll_grad  cost time: 2.566088914871216
tf.Tensor(-10814.720375234301, shape=(), dtype=float64)
nll_grad  cost time: 2.559149980545044
tf.Tensor(-10814.723928537771, shape=(), dtype=float64)
nll_grad  cost time: 2.527261257171631
tf.Tensor(-10814.727649428873, shape=(), dtype=float64)
nll_grad  cost time: 2.5678653717041016
tf.Tensor(-10814.730529165456, shape=(), dtype=float64)
nll_grad  cost time: 2.5677175521850586
tf.Tensor(-10814.733579190493, shape=(), dtype=float64)
nll_grad  cost time: 2.522641658782959
tf.Tensor(-10814.737804302054, shape=(), dtype=float64)
nll_grad  cost time: 2.4995627403259277
tf.Tensor(-10814.743702650516, shape=(), dtype=float64)
nll_grad  cost time: 2.4798190593719482
tf.Tensor(-10814.749832554127, shape=(), dtype=float64)
nll_grad  cost time: 2.5219833850860596
tf.Tensor(-10814.754745990691, shape=(), dtype=float64)
nll_grad  cost time: 2.5187299251556396
tf.Tensor(-10814.758008275414, shape=(), dtype=float64)
nll_grad  cost time: 2.5278897285461426
tf.Tensor(-10814.760349296459, shape=(), dtype=float64)
nll_grad  cost time: 2.567049741744995
tf.Tensor(-10814.762745367814, shape=(), dtype=float64)
nll_grad  cost time: 2.5483410358428955
tf.Tensor(-10814.7656948982, shape=(), dtype=float64)
nll_grad  cost time: 2.5240187644958496
tf.Tensor(-10814.769716193143, shape=(), dtype=float64)
nll_grad  cost time: 2.515751838684082
tf.Tensor(-10814.773099289296, shape=(), dtype=float64)
nll_grad  cost time: 2.601724863052368
tf.Tensor(-10814.777233329725, shape=(), dtype=float64)
nll_grad  cost time: 2.5167899131774902
tf.Tensor(-10814.782104817568, shape=(), dtype=float64)
nll_grad  cost time: 2.5118191242218018
tf.Tensor(-10814.78892008414, shape=(), dtype=float64)
nll_grad  cost time: 2.5046589374542236
tf.Tensor(-10814.797490905488, shape=(), dtype=float64)
nll_grad  cost time: 2.5013954639434814
tf.Tensor(-10814.805961078973, shape=(), dtype=float64)
nll_grad  cost time: 2.4815890789031982
tf.Tensor(-10814.812898628403, shape=(), dtype=float64)
nll_grad  cost time: 2.5218522548675537
tf.Tensor(-10814.819761665172, shape=(), dtype=float64)
nll_grad  cost time: 2.662689685821533
tf.Tensor(-10814.827190580685, shape=(), dtype=float64)
nll_grad  cost time: 2.552283763885498
tf.Tensor(-10814.83475888372, shape=(), dtype=float64)
nll_grad  cost time: 2.5205259323120117
tf.Tensor(-10814.840176979891, shape=(), dtype=float64)
nll_grad  cost time: 2.5288095474243164
tf.Tensor(-10814.843239257594, shape=(), dtype=float64)
nll_grad  cost time: 2.554518938064575
tf.Tensor(-10814.846495469743, shape=(), dtype=float64)
nll_grad  cost time: 2.5727789402008057
tf.Tensor(-10814.850197859369, shape=(), dtype=float64)
nll_grad  cost time: 2.479828357696533
tf.Tensor(-10814.854096981317, shape=(), dtype=float64)
nll_grad  cost time: 2.52128267288208
tf.Tensor(-10814.858470494837, shape=(), dtype=float64)
nll_grad  cost time: 2.523175001144409
tf.Tensor(-10814.862826672794, shape=(), dtype=float64)
nll_grad  cost time: 2.479499101638794
tf.Tensor(-10814.866622774067, shape=(), dtype=float64)
nll_grad  cost time: 2.505106210708618
tf.Tensor(-10814.871602041898, shape=(), dtype=float64)
nll_grad  cost time: 2.510974168777466
tf.Tensor(-10814.877850841596, shape=(), dtype=float64)
nll_grad  cost time: 2.5181021690368652
tf.Tensor(-10814.885267564074, shape=(), dtype=float64)
nll_grad  cost time: 2.525911569595337
tf.Tensor(-10814.889952678008, shape=(), dtype=float64)
nll_grad  cost time: 2.4817023277282715
tf.Tensor(-10814.89444559669, shape=(), dtype=float64)
nll_grad  cost time: 2.4862892627716064
tf.Tensor(-10814.898581851512, shape=(), dtype=float64)
nll_grad  cost time: 2.501185894012451
tf.Tensor(-10814.902847616182, shape=(), dtype=float64)
nll_grad  cost time: 2.544131278991699
tf.Tensor(-10814.906233158606, shape=(), dtype=float64)
nll_grad  cost time: 2.4767684936523438
tf.Tensor(-10814.908797966093, shape=(), dtype=float64)
nll_grad  cost time: 2.4998393058776855
tf.Tensor(-10814.91131550787, shape=(), dtype=float64)
nll_grad  cost time: 2.49403715133667
tf.Tensor(-10814.913748900552, shape=(), dtype=float64)
nll_grad  cost time: 2.5068702697753906
tf.Tensor(-10814.91581683977, shape=(), dtype=float64)
nll_grad  cost time: 2.5266098976135254
tf.Tensor(-10814.918544608108, shape=(), dtype=float64)
nll_grad  cost time: 2.4955644607543945
tf.Tensor(-10814.921055681185, shape=(), dtype=float64)
nll_grad  cost time: 2.6670713424682617
tf.Tensor(-10814.924417570795, shape=(), dtype=float64)
nll_grad  cost time: 2.5376601219177246
tf.Tensor(-10814.928470922812, shape=(), dtype=float64)
nll_grad  cost time: 2.490554094314575
tf.Tensor(-10814.932716933183, shape=(), dtype=float64)
nll_grad  cost time: 2.481640100479126
tf.Tensor(-10814.936690797354, shape=(), dtype=float64)
nll_grad  cost time: 2.4459128379821777
tf.Tensor(-10814.940954456762, shape=(), dtype=float64)
nll_grad  cost time: 2.5542705059051514
tf.Tensor(-10814.946109239236, shape=(), dtype=float64)
nll_grad  cost time: 2.414823055267334
tf.Tensor(-10814.950481459224, shape=(), dtype=float64)
nll_grad  cost time: 2.443866491317749
tf.Tensor(-10814.955052051764, shape=(), dtype=float64)
nll_grad  cost time: 2.449767589569092
tf.Tensor(-10814.958241504659, shape=(), dtype=float64)
nll_grad  cost time: 2.458472490310669
tf.Tensor(-10814.96038050911, shape=(), dtype=float64)
nll_grad  cost time: 2.389310598373413
tf.Tensor(-10814.961943263239, shape=(), dtype=float64)
nll_grad  cost time: 2.3887252807617188
tf.Tensor(-10814.964219861995, shape=(), dtype=float64)
nll_grad  cost time: 2.3895864486694336
tf.Tensor(-10814.966484096669, shape=(), dtype=float64)
nll_grad  cost time: 2.4251959323883057
tf.Tensor(-10814.969087952015, shape=(), dtype=float64)
nll_grad  cost time: 2.40049147605896
tf.Tensor(-10814.972987752988, shape=(), dtype=float64)
nll_grad  cost time: 2.4174444675445557
tf.Tensor(-10814.978756171648, shape=(), dtype=float64)
nll_grad  cost time: 2.554889678955078
tf.Tensor(-10814.986322551093, shape=(), dtype=float64)
nll_grad  cost time: 2.6210508346557617
tf.Tensor(-10814.993805496477, shape=(), dtype=float64)
nll_grad  cost time: 2.4991955757141113
tf.Tensor(-10815.0010088525, shape=(), dtype=float64)
nll_grad  cost time: 2.444131851196289
tf.Tensor(-10815.008266583445, shape=(), dtype=float64)
nll_grad  cost time: 2.439055919647217
tf.Tensor(-10815.012528891339, shape=(), dtype=float64)
nll_grad  cost time: 2.4531257152557373
tf.Tensor(-10815.015367138214, shape=(), dtype=float64)
nll_grad  cost time: 2.4440317153930664
tf.Tensor(-10815.01934736026, shape=(), dtype=float64)
nll_grad  cost time: 2.455054521560669
tf.Tensor(-10815.023257591381, shape=(), dtype=float64)
nll_grad  cost time: 2.5440590381622314
tf.Tensor(-10815.027340718218, shape=(), dtype=float64)
nll_grad  cost time: 2.4763479232788086
tf.Tensor(-10815.031364399774, shape=(), dtype=float64)
nll_grad  cost time: 2.4597105979919434
tf.Tensor(-10815.035192463392, shape=(), dtype=float64)
nll_grad  cost time: 2.4613842964172363
tf.Tensor(-10815.038942719533, shape=(), dtype=float64)
nll_grad  cost time: 2.4955241680145264
tf.Tensor(-10815.04284501533, shape=(), dtype=float64)
nll_grad  cost time: 2.5047221183776855
tf.Tensor(-10815.046809786667, shape=(), dtype=float64)
nll_grad  cost time: 2.425816059112549
tf.Tensor(-10815.050813324651, shape=(), dtype=float64)
nll_grad  cost time: 2.4359421730041504
tf.Tensor(-10815.054699290702, shape=(), dtype=float64)
nll_grad  cost time: 2.4261255264282227
tf.Tensor(-10815.057973018625, shape=(), dtype=float64)
nll_grad  cost time: 2.4470112323760986
tf.Tensor(-10815.060897872683, shape=(), dtype=float64)
nll_grad  cost time: 2.450784206390381
tf.Tensor(-10815.063187495913, shape=(), dtype=float64)
nll_grad  cost time: 2.4653728008270264
tf.Tensor(-10815.06549382958, shape=(), dtype=float64)
nll_grad  cost time: 2.461667060852051
tf.Tensor(-10815.068276657617, shape=(), dtype=float64)
nll_grad  cost time: 2.4607577323913574
tf.Tensor(-10815.07175621568, shape=(), dtype=float64)
nll_grad  cost time: 2.436375617980957
tf.Tensor(-10815.075610733575, shape=(), dtype=float64)
nll_grad  cost time: 2.457439422607422
tf.Tensor(-10815.079628569085, shape=(), dtype=float64)
nll_grad  cost time: 2.390360116958618
tf.Tensor(-10815.08536961828, shape=(), dtype=float64)
nll_grad  cost time: 2.491239309310913
tf.Tensor(-10815.093146546022, shape=(), dtype=float64)
nll_grad  cost time: 2.440812349319458
tf.Tensor(-10815.098020723362, shape=(), dtype=float64)
nll_grad  cost time: 2.414407730102539
tf.Tensor(-10815.102700515017, shape=(), dtype=float64)
nll_grad  cost time: 2.4055325984954834
tf.Tensor(-10815.106670656774, shape=(), dtype=float64)
nll_grad  cost time: 2.431047201156616
tf.Tensor(-10815.111061705233, shape=(), dtype=float64)
nll_grad  cost time: 2.464284658432007
tf.Tensor(-10815.116495744785, shape=(), dtype=float64)
nll_grad  cost time: 2.5546681880950928
tf.Tensor(-10815.12394516291, shape=(), dtype=float64)
nll_grad  cost time: 2.7198586463928223
tf.Tensor(-10815.1285748085, shape=(), dtype=float64)
nll_grad  cost time: 2.6275391578674316
tf.Tensor(-10815.131581623795, shape=(), dtype=float64)
nll_grad  cost time: 2.564572334289551
tf.Tensor(-10815.133979055767, shape=(), dtype=float64)
nll_grad  cost time: 2.6215150356292725
tf.Tensor(-10815.13627850193, shape=(), dtype=float64)
nll_grad  cost time: 2.604635715484619
tf.Tensor(-10815.138834375712, shape=(), dtype=float64)
nll_grad  cost time: 2.6798174381256104
tf.Tensor(-10815.141534030934, shape=(), dtype=float64)
nll_grad  cost time: 2.5775091648101807
tf.Tensor(-10815.144090299756, shape=(), dtype=float64)
nll_grad  cost time: 2.58030366897583
tf.Tensor(-10815.146212371144, shape=(), dtype=float64)
nll_grad  cost time: 2.593555212020874
tf.Tensor(-10815.148270326497, shape=(), dtype=float64)
nll_grad  cost time: 2.5320191383361816
tf.Tensor(-10815.15055959575, shape=(), dtype=float64)
nll_grad  cost time: 2.4972152709960938
tf.Tensor(-10815.153965140851, shape=(), dtype=float64)
nll_grad  cost time: 2.4865877628326416
tf.Tensor(-10815.157547272625, shape=(), dtype=float64)
nll_grad  cost time: 2.444669008255005
tf.Tensor(-10815.159755554576, shape=(), dtype=float64)
nll_grad  cost time: 2.4731128215789795
tf.Tensor(-10815.161537370926, shape=(), dtype=float64)
nll_grad  cost time: 2.464703321456909
tf.Tensor(-10815.163318548015, shape=(), dtype=float64)
nll_grad  cost time: 2.4853179454803467
tf.Tensor(-10815.165979399168, shape=(), dtype=float64)
nll_grad  cost time: 2.495784282684326
tf.Tensor(-10815.169880921325, shape=(), dtype=float64)
nll_grad  cost time: 2.573333740234375
tf.Tensor(-10815.175088803699, shape=(), dtype=float64)
nll_grad  cost time: 2.449233293533325
tf.Tensor(-10815.180332665654, shape=(), dtype=float64)
nll_grad  cost time: 2.4728970527648926
tf.Tensor(-10815.184129986434, shape=(), dtype=float64)
nll_grad  cost time: 2.463148355484009
tf.Tensor(-10815.185746377228, shape=(), dtype=float64)
nll_grad  cost time: 2.4754514694213867
tf.Tensor(-10815.188229762096, shape=(), dtype=float64)
nll_grad  cost time: 2.6770763397216797
tf.Tensor(-10815.191586107745, shape=(), dtype=float64)
nll_grad  cost time: 2.4428038597106934
tf.Tensor(-10815.194252068144, shape=(), dtype=float64)
nll_grad  cost time: 2.579444408416748
tf.Tensor(-10815.197187765762, shape=(), dtype=float64)
nll_grad  cost time: 2.4385266304016113
tf.Tensor(-10815.200017675603, shape=(), dtype=float64)
nll_grad  cost time: 2.4390971660614014
tf.Tensor(-10815.201806571547, shape=(), dtype=float64)
nll_grad  cost time: 2.4646129608154297
tf.Tensor(-10815.204324943732, shape=(), dtype=float64)
nll_grad  cost time: 2.4855775833129883
tf.Tensor(-10815.206740476875, shape=(), dtype=float64)
nll_grad  cost time: 2.521390676498413
tf.Tensor(-10815.20935826718, shape=(), dtype=float64)
nll_grad  cost time: 2.452009677886963
tf.Tensor(-10815.211788856135, shape=(), dtype=float64)
nll_grad  cost time: 2.4538514614105225
tf.Tensor(-10815.213608496044, shape=(), dtype=float64)
nll_grad  cost time: 2.451005458831787
tf.Tensor(-10815.214950258232, shape=(), dtype=float64)
nll_grad  cost time: 2.449307680130005
tf.Tensor(-10815.216066394885, shape=(), dtype=float64)
nll_grad  cost time: 2.5098040103912354
tf.Tensor(-10815.217073414198, shape=(), dtype=float64)
nll_grad  cost time: 2.5084333419799805
tf.Tensor(-10815.218084964334, shape=(), dtype=float64)
nll_grad  cost time: 2.5048794746398926
tf.Tensor(-10815.21935114546, shape=(), dtype=float64)
nll_grad  cost time: 2.4958577156066895
tf.Tensor(-10815.221251305113, shape=(), dtype=float64)
nll_grad  cost time: 2.4271085262298584
tf.Tensor(-10815.2241118563, shape=(), dtype=float64)
nll_grad  cost time: 2.4613211154937744
tf.Tensor(-10815.228123758614, shape=(), dtype=float64)
nll_grad  cost time: 2.538296937942505
tf.Tensor(-10815.232060051045, shape=(), dtype=float64)
nll_grad  cost time: 2.606476306915283
tf.Tensor(-10815.236176989632, shape=(), dtype=float64)
nll_grad  cost time: 2.469259262084961
tf.Tensor(-10815.239407813871, shape=(), dtype=float64)
nll_grad  cost time: 2.4724278450012207
tf.Tensor(-10815.2421281833, shape=(), dtype=float64)
nll_grad  cost time: 2.4720799922943115
tf.Tensor(-10815.243562256743, shape=(), dtype=float64)
nll_grad  cost time: 2.4628376960754395
tf.Tensor(-10815.245762295437, shape=(), dtype=float64)
nll_grad  cost time: 2.4794681072235107
tf.Tensor(-10815.2489375395, shape=(), dtype=float64)
nll_grad  cost time: 2.502357006072998
tf.Tensor(-10815.252548167757, shape=(), dtype=float64)
nll_grad  cost time: 2.6181633472442627
tf.Tensor(-10815.25668104719, shape=(), dtype=float64)
nll_grad  cost time: 2.4921462535858154
tf.Tensor(-10815.260332521942, shape=(), dtype=float64)
nll_grad  cost time: 2.457725763320923
tf.Tensor(-10815.26342465997, shape=(), dtype=float64)
nll_grad  cost time: 2.485638380050659
tf.Tensor(-10815.266120011665, shape=(), dtype=float64)
nll_grad  cost time: 2.4924957752227783
tf.Tensor(-10815.268260397243, shape=(), dtype=float64)
nll_grad  cost time: 2.5686938762664795
tf.Tensor(-10815.269882614812, shape=(), dtype=float64)
nll_grad  cost time: 2.497011423110962
tf.Tensor(-10815.271080922801, shape=(), dtype=float64)
nll_grad  cost time: 2.4632821083068848
tf.Tensor(-10815.272345229501, shape=(), dtype=float64)
nll_grad  cost time: 2.467176914215088
tf.Tensor(-10815.273976983524, shape=(), dtype=float64)
nll_grad  cost time: 2.4954614639282227
tf.Tensor(-10815.275865074116, shape=(), dtype=float64)
nll_grad  cost time: 2.4432151317596436
tf.Tensor(-10815.277926331491, shape=(), dtype=float64)
nll_grad  cost time: 2.4708261489868164
tf.Tensor(-10815.280372282572, shape=(), dtype=float64)
nll_grad  cost time: 2.4932239055633545
tf.Tensor(-10815.283430386671, shape=(), dtype=float64)
nll_grad  cost time: 2.5108423233032227
tf.Tensor(-10815.28682739964, shape=(), dtype=float64)
nll_grad  cost time: 2.4574344158172607
tf.Tensor(-10815.290104764772, shape=(), dtype=float64)
nll_grad  cost time: 2.4866204261779785
tf.Tensor(-10815.29313350863, shape=(), dtype=float64)
nll_grad  cost time: 2.4688100814819336
tf.Tensor(-10815.296143818327, shape=(), dtype=float64)
nll_grad  cost time: 2.552215814590454
tf.Tensor(-10815.299419612047, shape=(), dtype=float64)
nll_grad  cost time: 2.4645001888275146
tf.Tensor(-10815.302886236528, shape=(), dtype=float64)
nll_grad  cost time: 2.5038161277770996
tf.Tensor(-10815.305850591636, shape=(), dtype=float64)
nll_grad  cost time: 2.4814772605895996
tf.Tensor(-10815.307600875449, shape=(), dtype=float64)
nll_grad  cost time: 2.456425905227661
tf.Tensor(-10815.308838185394, shape=(), dtype=float64)
nll_grad  cost time: 2.4441189765930176
tf.Tensor(-10815.309802675094, shape=(), dtype=float64)
nll_grad  cost time: 2.4590137004852295
tf.Tensor(-10815.311051521907, shape=(), dtype=float64)
nll_grad  cost time: 2.6164519786834717
tf.Tensor(-10815.312980015582, shape=(), dtype=float64)
nll_grad  cost time: 2.48891019821167
tf.Tensor(-10815.315994167566, shape=(), dtype=float64)
nll_grad  cost time: 2.479701042175293
tf.Tensor(-10815.320244211203, shape=(), dtype=float64)
nll_grad  cost time: 2.500769853591919
tf.Tensor(-10815.323055502446, shape=(), dtype=float64)
nll_grad  cost time: 2.5023818016052246
tf.Tensor(-10815.324028363939, shape=(), dtype=float64)
nll_grad  cost time: 2.5445451736450195
tf.Tensor(-10815.325457725115, shape=(), dtype=float64)
nll_grad  cost time: 2.4779951572418213
tf.Tensor(-10815.326586159306, shape=(), dtype=float64)
nll_grad  cost time: 2.4737744331359863
tf.Tensor(-10815.327461061883, shape=(), dtype=float64)
nll_grad  cost time: 2.450099229812622
tf.Tensor(-10815.328807218531, shape=(), dtype=float64)
nll_grad  cost time: 2.474240779876709
tf.Tensor(-10815.330862046112, shape=(), dtype=float64)
nll_grad  cost time: 2.4547908306121826
tf.Tensor(-10815.333679311289, shape=(), dtype=float64)
nll_grad  cost time: 2.439185619354248
tf.Tensor(-10815.33631720334, shape=(), dtype=float64)
nll_grad  cost time: 2.437863349914551
tf.Tensor(-10815.338725349995, shape=(), dtype=float64)
nll_grad  cost time: 2.4784603118896484
tf.Tensor(-10815.340954673793, shape=(), dtype=float64)
nll_grad  cost time: 2.4654719829559326
tf.Tensor(-10815.34221275731, shape=(), dtype=float64)
nll_grad  cost time: 2.454941511154175
tf.Tensor(-10815.343003894677, shape=(), dtype=float64)
nll_grad  cost time: 2.4701921939849854
tf.Tensor(-10815.343874143664, shape=(), dtype=float64)
nll_grad  cost time: 2.721163272857666
tf.Tensor(-10815.344839030586, shape=(), dtype=float64)
nll_grad  cost time: 2.6553702354431152
tf.Tensor(-10815.346008243885, shape=(), dtype=float64)
nll_grad  cost time: 2.582219362258911
tf.Tensor(-10815.347056177852, shape=(), dtype=float64)
nll_grad  cost time: 2.4991350173950195
tf.Tensor(-10815.347988804158, shape=(), dtype=float64)
nll_grad  cost time: 2.501067638397217
tf.Tensor(-10815.348729050324, shape=(), dtype=float64)
nll_grad  cost time: 2.474832773208618
tf.Tensor(-10815.349674644882, shape=(), dtype=float64)
nll_grad  cost time: 2.4729723930358887
tf.Tensor(-10815.351007589747, shape=(), dtype=float64)
nll_grad  cost time: 2.61289644241333
tf.Tensor(-10815.352578443442, shape=(), dtype=float64)
nll_grad  cost time: 2.484447479248047
tf.Tensor(-10815.35410804469, shape=(), dtype=float64)
nll_grad  cost time: 2.4878101348876953
tf.Tensor(-10815.355565991227, shape=(), dtype=float64)
nll_grad  cost time: 2.4933600425720215
tf.Tensor(-10815.356589186407, shape=(), dtype=float64)
nll_grad  cost time: 2.5392723083496094
tf.Tensor(-10815.357666941047, shape=(), dtype=float64)
nll_grad  cost time: 2.591644287109375
tf.Tensor(-10815.359197655229, shape=(), dtype=float64)
nll_grad  cost time: 2.4700684547424316
tf.Tensor(-10815.361602600471, shape=(), dtype=float64)
nll_grad  cost time: 2.474241018295288
tf.Tensor(-10815.365234913514, shape=(), dtype=float64)
nll_grad  cost time: 2.4814908504486084
tf.Tensor(-10815.36908871562, shape=(), dtype=float64)
nll_grad  cost time: 2.46154522895813
tf.Tensor(-10815.371189847694, shape=(), dtype=float64)
nll_grad  cost time: 2.456965923309326
tf.Tensor(-10815.371496648819, shape=(), dtype=float64)
nll_grad  cost time: 2.4897916316986084
tf.Tensor(-10815.371958172103, shape=(), dtype=float64)
nll_grad  cost time: 2.455252170562744
tf.Tensor(-10815.372235462402, shape=(), dtype=float64)
nll_grad  cost time: 2.4865899085998535
tf.Tensor(-10815.372361452753, shape=(), dtype=float64)
nll_grad  cost time: 2.464303493499756
tf.Tensor(-10815.372590317827, shape=(), dtype=float64)
nll_grad  cost time: 2.488642692565918
tf.Tensor(-10815.373015203935, shape=(), dtype=float64)
nll_grad  cost time: 2.5040266513824463
tf.Tensor(-10815.373797952496, shape=(), dtype=float64)
nll_grad  cost time: 2.53080677986145
tf.Tensor(-10815.375198771671, shape=(), dtype=float64)
nll_grad  cost time: 2.6062967777252197
tf.Tensor(-10815.377549642168, shape=(), dtype=float64)
nll_grad  cost time: 2.613955497741699
tf.Tensor(-10815.380941760717, shape=(), dtype=float64)
nll_grad  cost time: 2.646176338195801
tf.Tensor(-10815.383812071892, shape=(), dtype=float64)
nll_grad  cost time: 2.6541664600372314
tf.Tensor(-10815.3865140243, shape=(), dtype=float64)
nll_grad  cost time: 2.6361522674560547
tf.Tensor(-10815.387914588766, shape=(), dtype=float64)
nll_grad  cost time: 2.7325961589813232
tf.Tensor(-10815.388666853256, shape=(), dtype=float64)
nll_grad  cost time: 2.6530258655548096
tf.Tensor(-10815.3891071298, shape=(), dtype=float64)
nll_grad  cost time: 2.6776955127716064
tf.Tensor(-10815.389398793512, shape=(), dtype=float64)
nll_grad  cost time: 2.6788723468780518
tf.Tensor(-10815.389930728841, shape=(), dtype=float64)
nll_grad  cost time: 2.644273042678833
tf.Tensor(-10815.390865702957, shape=(), dtype=float64)
nll_grad  cost time: 2.6802608966827393
tf.Tensor(-10815.392391131581, shape=(), dtype=float64)
nll_grad  cost time: 2.498915910720825
tf.Tensor(-10815.39465859229, shape=(), dtype=float64)
nll_grad  cost time: 2.492276906967163
tf.Tensor(-10815.397656714595, shape=(), dtype=float64)
nll_grad  cost time: 2.4670698642730713
tf.Tensor(-10815.402315350526, shape=(), dtype=float64)
nll_grad  cost time: 2.4729583263397217
tf.Tensor(-10815.408938041017, shape=(), dtype=float64)
nll_grad  cost time: 2.530677080154419
tf.Tensor(-10815.414904278932, shape=(), dtype=float64)
nll_grad  cost time: 2.5096218585968018
nll_grad  cost time: 2.423335552215576
tf.Tensor(-10815.417039350346, shape=(), dtype=float64)
nll_grad  cost time: 2.4840645790100098
tf.Tensor(-10815.418737831955, shape=(), dtype=float64)
nll_grad  cost time: 2.4766149520874023
tf.Tensor(-10815.420184153798, shape=(), dtype=float64)
nll_grad  cost time: 2.4935109615325928
tf.Tensor(-10815.4214603864, shape=(), dtype=float64)
nll_grad  cost time: 2.4863367080688477
tf.Tensor(-10815.423419022896, shape=(), dtype=float64)
nll_grad  cost time: 2.550684690475464
tf.Tensor(-10815.42624192659, shape=(), dtype=float64)
nll_grad  cost time: 2.520434617996216
tf.Tensor(-10815.429277065317, shape=(), dtype=float64)
nll_grad  cost time: 2.507073163986206
tf.Tensor(-10815.433533504798, shape=(), dtype=float64)
nll_grad  cost time: 2.4496867656707764
tf.Tensor(-10815.439649271382, shape=(), dtype=float64)
nll_grad  cost time: 2.4603238105773926
tf.Tensor(-10815.445486199324, shape=(), dtype=float64)
nll_grad  cost time: 2.5105087757110596
nll_grad  cost time: 2.438122272491455
tf.Tensor(-10815.448852849424, shape=(), dtype=float64)
nll_grad  cost time: 2.632627248764038
tf.Tensor(-10815.452615353694, shape=(), dtype=float64)
nll_grad  cost time: 2.499783515930176
tf.Tensor(-10815.458190783713, shape=(), dtype=float64)
nll_grad  cost time: 2.498455286026001
tf.Tensor(-10815.46309938715, shape=(), dtype=float64)
nll_grad  cost time: 2.5052003860473633
tf.Tensor(-10815.465784421956, shape=(), dtype=float64)
nll_grad  cost time: 2.4933063983917236
tf.Tensor(-10815.467367152065, shape=(), dtype=float64)
nll_grad  cost time: 2.587529420852661
tf.Tensor(-10815.469432731716, shape=(), dtype=float64)
nll_grad  cost time: 2.507582664489746
tf.Tensor(-10815.471978796659, shape=(), dtype=float64)
nll_grad  cost time: 2.508711099624634
tf.Tensor(-10815.4740463386, shape=(), dtype=float64)
nll_grad  cost time: 2.467634677886963
tf.Tensor(-10815.477432779693, shape=(), dtype=float64)
nll_grad  cost time: 2.4898409843444824
tf.Tensor(-10815.483061785124, shape=(), dtype=float64)
nll_grad  cost time: 2.4553143978118896
tf.Tensor(-10815.491492457733, shape=(), dtype=float64)
nll_grad  cost time: 2.487776517868042
tf.Tensor(-10815.503554805433, shape=(), dtype=float64)
nll_grad  cost time: 2.441239356994629
nll_grad  cost time: 2.398883581161499
tf.Tensor(-10815.508784765405, shape=(), dtype=float64)
nll_grad  cost time: 2.482187271118164
tf.Tensor(-10815.51776284425, shape=(), dtype=float64)
nll_grad  cost time: 2.45894455909729
tf.Tensor(-10815.532750775494, shape=(), dtype=float64)
nll_grad  cost time: 2.4509427547454834
tf.Tensor(-10815.552194828522, shape=(), dtype=float64)
nll_grad  cost time: 2.5321121215820312
nll_grad  cost time: 2.4373984336853027
tf.Tensor(-10815.564974218982, shape=(), dtype=float64)
nll_grad  cost time: 2.4820396900177
tf.Tensor(-10815.581432255458, shape=(), dtype=float64)
nll_grad  cost time: 2.4765000343322754
nll_grad  cost time: 2.411675453186035
tf.Tensor(-10815.591974831485, shape=(), dtype=float64)
nll_grad  cost time: 2.4572112560272217
tf.Tensor(-10815.607052222429, shape=(), dtype=float64)
nll_grad  cost time: 2.4738311767578125
tf.Tensor(-10815.629276138523, shape=(), dtype=float64)
nll_grad  cost time: 2.605031967163086
tf.Tensor(-10815.654334439221, shape=(), dtype=float64)
nll_grad  cost time: 2.432290554046631
tf.Tensor(-10815.690509415472, shape=(), dtype=float64)
nll_grad  cost time: 2.4840521812438965
tf.Tensor(-10815.7235799527, shape=(), dtype=float64)
nll_grad  cost time: 2.458648920059204
tf.Tensor(-10815.768243032986, shape=(), dtype=float64)
nll_grad  cost time: 2.4945383071899414
tf.Tensor(-10815.837401180486, shape=(), dtype=float64)
nll_grad  cost time: 2.5274336338043213
tf.Tensor(-10815.88278281309, shape=(), dtype=float64)
nll_grad  cost time: 2.4924046993255615
tf.Tensor(-10815.954235209398, shape=(), dtype=float64)
nll_grad  cost time: 2.475961685180664
tf.Tensor(-10815.978338115856, shape=(), dtype=float64)
nll_grad  cost time: 2.4538424015045166
tf.Tensor(-10816.020653097214, shape=(), dtype=float64)
nll_grad  cost time: 2.4602763652801514
tf.Tensor(-10816.083660571163, shape=(), dtype=float64)
nll_grad  cost time: 2.4776723384857178
tf.Tensor(-10816.169316078935, shape=(), dtype=float64)
nll_grad  cost time: 2.4435195922851562
tf.Tensor(-10816.20925929138, shape=(), dtype=float64)
nll_grad  cost time: 2.427464008331299
tf.Tensor(-10816.252385620814, shape=(), dtype=float64)
nll_grad  cost time: 2.4537973403930664
tf.Tensor(-10816.29770452719, shape=(), dtype=float64)
nll_grad  cost time: 2.4474525451660156
nll_grad  cost time: 2.674006223678589
tf.Tensor(-10816.320888010838, shape=(), dtype=float64)
nll_grad  cost time: 2.463712215423584
tf.Tensor(-10816.337288368873, shape=(), dtype=float64)
nll_grad  cost time: 2.488755226135254
tf.Tensor(-10816.357838438582, shape=(), dtype=float64)
nll_grad  cost time: 2.4439139366149902
tf.Tensor(-10816.386802664489, shape=(), dtype=float64)
nll_grad  cost time: 2.458791732788086
tf.Tensor(-10816.408889660055, shape=(), dtype=float64)
nll_grad  cost time: 2.4596476554870605
tf.Tensor(-10816.43361807175, shape=(), dtype=float64)
nll_grad  cost time: 2.4737911224365234
tf.Tensor(-10816.460362831654, shape=(), dtype=float64)
nll_grad  cost time: 2.466036081314087
tf.Tensor(-10816.481018444569, shape=(), dtype=float64)
nll_grad  cost time: 2.4778475761413574
tf.Tensor(-10816.511206962005, shape=(), dtype=float64)
nll_grad  cost time: 2.620145320892334
tf.Tensor(-10816.529864899761, shape=(), dtype=float64)
nll_grad  cost time: 2.4601659774780273
tf.Tensor(-10816.548674804173, shape=(), dtype=float64)
nll_grad  cost time: 2.509478807449341
tf.Tensor(-10816.570479018843, shape=(), dtype=float64)
nll_grad  cost time: 2.453732490539551
tf.Tensor(-10816.600933380432, shape=(), dtype=float64)
nll_grad  cost time: 2.4454104900360107
tf.Tensor(-10816.648456402223, shape=(), dtype=float64)
nll_grad  cost time: 2.4698851108551025
tf.Tensor(-10816.72388811292, shape=(), dtype=float64)
nll_grad  cost time: 2.5286061763763428
tf.Tensor(-10816.77444146037, shape=(), dtype=float64)
nll_grad  cost time: 2.426547050476074
tf.Tensor(-10816.84734679864, shape=(), dtype=float64)
nll_grad  cost time: 2.441970109939575
tf.Tensor(-10816.951723006136, shape=(), dtype=float64)
nll_grad  cost time: 2.440387725830078
tf.Tensor(-10817.098382534406, shape=(), dtype=float64)
nll_grad  cost time: 2.438422679901123
tf.Tensor(-10817.177987658757, shape=(), dtype=float64)
nll_grad  cost time: 2.4349424839019775
tf.Tensor(-10817.27313501016, shape=(), dtype=float64)
nll_grad  cost time: 2.4411771297454834
tf.Tensor(-10817.364272641882, shape=(), dtype=float64)
nll_grad  cost time: 2.4286301136016846
nll_grad  cost time: 2.3712308406829834
tf.Tensor(-10817.403208141248, shape=(), dtype=float64)
nll_grad  cost time: 2.406913995742798
tf.Tensor(-10817.455048740998, shape=(), dtype=float64)
nll_grad  cost time: 2.403791904449463
tf.Tensor(-10817.522253359717, shape=(), dtype=float64)
nll_grad  cost time: 2.463876724243164
tf.Tensor(-10817.553325719338, shape=(), dtype=float64)
nll_grad  cost time: 2.511174201965332
tf.Tensor(-10817.592976605592, shape=(), dtype=float64)
nll_grad  cost time: 2.412829875946045
tf.Tensor(-10817.614420167172, shape=(), dtype=float64)
nll_grad  cost time: 2.4327447414398193
tf.Tensor(-10817.643136771365, shape=(), dtype=float64)
nll_grad  cost time: 2.4156346321105957
tf.Tensor(-10817.668793001036, shape=(), dtype=float64)
nll_grad  cost time: 2.436737060546875
tf.Tensor(-10817.689887443985, shape=(), dtype=float64)
nll_grad  cost time: 2.4222962856292725
tf.Tensor(-10817.713834731316, shape=(), dtype=float64)
nll_grad  cost time: 2.4283745288848877
tf.Tensor(-10817.73723432604, shape=(), dtype=float64)
nll_grad  cost time: 2.5411534309387207
tf.Tensor(-10817.769935707876, shape=(), dtype=float64)
nll_grad  cost time: 2.449983835220337
tf.Tensor(-10817.81636265916, shape=(), dtype=float64)
nll_grad  cost time: 2.4101812839508057
tf.Tensor(-10817.857808623969, shape=(), dtype=float64)
nll_grad  cost time: 2.457946538925171
tf.Tensor(-10817.893183396913, shape=(), dtype=float64)
nll_grad  cost time: 2.482431173324585
tf.Tensor(-10817.927650645372, shape=(), dtype=float64)
nll_grad  cost time: 2.5190000534057617
tf.Tensor(-10817.963148686762, shape=(), dtype=float64)
nll_grad  cost time: 2.4543745517730713
tf.Tensor(-10817.986740437145, shape=(), dtype=float64)
nll_grad  cost time: 2.454289436340332
tf.Tensor(-10818.007920642416, shape=(), dtype=float64)
nll_grad  cost time: 2.4295475482940674
tf.Tensor(-10818.030348634737, shape=(), dtype=float64)
nll_grad  cost time: 2.4468092918395996
tf.Tensor(-10818.051374433973, shape=(), dtype=float64)
nll_grad  cost time: 2.4258856773376465
tf.Tensor(-10818.074131866984, shape=(), dtype=float64)
nll_grad  cost time: 2.5170373916625977
tf.Tensor(-10818.097798482886, shape=(), dtype=float64)
nll_grad  cost time: 2.4735352993011475
tf.Tensor(-10818.117520283951, shape=(), dtype=float64)
nll_grad  cost time: 2.482548475265503
tf.Tensor(-10818.138714236124, shape=(), dtype=float64)
nll_grad  cost time: 2.5140199661254883
tf.Tensor(-10818.158720935216, shape=(), dtype=float64)
nll_grad  cost time: 2.492591619491577
tf.Tensor(-10818.180772526472, shape=(), dtype=float64)
nll_grad  cost time: 2.4964849948883057
tf.Tensor(-10818.19748465025, shape=(), dtype=float64)
nll_grad  cost time: 2.511801242828369
tf.Tensor(-10818.215098125298, shape=(), dtype=float64)
nll_grad  cost time: 2.430623769760132
tf.Tensor(-10818.235014686587, shape=(), dtype=float64)
nll_grad  cost time: 2.4089112281799316
tf.Tensor(-10818.248664027149, shape=(), dtype=float64)
nll_grad  cost time: 2.390024423599243
tf.Tensor(-10818.262964869473, shape=(), dtype=float64)
nll_grad  cost time: 2.4199509620666504
tf.Tensor(-10818.274985523787, shape=(), dtype=float64)
nll_grad  cost time: 2.4172627925872803
tf.Tensor(-10818.28690965712, shape=(), dtype=float64)
nll_grad  cost time: 2.395765542984009
tf.Tensor(-10818.305070220453, shape=(), dtype=float64)
nll_grad  cost time: 2.5728578567504883
tf.Tensor(-10818.33079775306, shape=(), dtype=float64)
nll_grad  cost time: 2.429556369781494
tf.Tensor(-10818.36241659491, shape=(), dtype=float64)
nll_grad  cost time: 2.372394561767578
tf.Tensor(-10818.401025736654, shape=(), dtype=float64)
nll_grad  cost time: 2.3884267807006836
tf.Tensor(-10818.447399080746, shape=(), dtype=float64)
nll_grad  cost time: 2.387542724609375
tf.Tensor(-10818.490479699043, shape=(), dtype=float64)
nll_grad  cost time: 2.474940061569214
tf.Tensor(-10818.53289709278, shape=(), dtype=float64)
nll_grad  cost time: 2.468735933303833
tf.Tensor(-10818.567436532203, shape=(), dtype=float64)
nll_grad  cost time: 2.4240036010742188
tf.Tensor(-10818.580572713705, shape=(), dtype=float64)
nll_grad  cost time: 2.4204165935516357
tf.Tensor(-10818.60133411438, shape=(), dtype=float64)
nll_grad  cost time: 2.4537599086761475
tf.Tensor(-10818.625151371194, shape=(), dtype=float64)
nll_grad  cost time: 2.5545592308044434
tf.Tensor(-10818.644497244011, shape=(), dtype=float64)
nll_grad  cost time: 2.5243053436279297
tf.Tensor(-10818.66726172954, shape=(), dtype=float64)
nll_grad  cost time: 2.491529941558838
tf.Tensor(-10818.697107573027, shape=(), dtype=float64)
nll_grad  cost time: 2.447451114654541
tf.Tensor(-10818.716359002457, shape=(), dtype=float64)
nll_grad  cost time: 2.443774461746216
tf.Tensor(-10818.725321927252, shape=(), dtype=float64)
nll_grad  cost time: 2.433183431625366
tf.Tensor(-10818.737272004091, shape=(), dtype=float64)
nll_grad  cost time: 2.4111740589141846
tf.Tensor(-10818.747963091051, shape=(), dtype=float64)
nll_grad  cost time: 2.4500057697296143
tf.Tensor(-10818.75833179613, shape=(), dtype=float64)
nll_grad  cost time: 2.4738223552703857
tf.Tensor(-10818.772751002494, shape=(), dtype=float64)
nll_grad  cost time: 2.431823253631592
tf.Tensor(-10818.783141116615, shape=(), dtype=float64)
nll_grad  cost time: 2.4251208305358887
tf.Tensor(-10818.790152568754, shape=(), dtype=float64)
nll_grad  cost time: 2.407320976257324
tf.Tensor(-10818.797399996422, shape=(), dtype=float64)
nll_grad  cost time: 2.4160826206207275
tf.Tensor(-10818.803264874723, shape=(), dtype=float64)
nll_grad  cost time: 2.4314186573028564
tf.Tensor(-10818.807192373055, shape=(), dtype=float64)
nll_grad  cost time: 2.529294490814209
tf.Tensor(-10818.81147564585, shape=(), dtype=float64)
nll_grad  cost time: 2.472684860229492
tf.Tensor(-10818.815007001234, shape=(), dtype=float64)
nll_grad  cost time: 2.4348137378692627
tf.Tensor(-10818.81780974771, shape=(), dtype=float64)
nll_grad  cost time: 2.422309160232544
tf.Tensor(-10818.820139033884, shape=(), dtype=float64)
nll_grad  cost time: 2.394026279449463
tf.Tensor(-10818.823176172178, shape=(), dtype=float64)
nll_grad  cost time: 2.433292865753174
tf.Tensor(-10818.82637595865, shape=(), dtype=float64)
nll_grad  cost time: 2.485347270965576
tf.Tensor(-10818.829279523256, shape=(), dtype=float64)
nll_grad  cost time: 2.418750286102295
tf.Tensor(-10818.831858170377, shape=(), dtype=float64)
nll_grad  cost time: 2.4446933269500732
tf.Tensor(-10818.834165739308, shape=(), dtype=float64)
nll_grad  cost time: 2.4264187812805176
tf.Tensor(-10818.83688380919, shape=(), dtype=float64)
nll_grad  cost time: 2.4280893802642822
tf.Tensor(-10818.839477228585, shape=(), dtype=float64)
nll_grad  cost time: 2.3968703746795654
tf.Tensor(-10818.841543286473, shape=(), dtype=float64)
nll_grad  cost time: 2.3893141746520996
tf.Tensor(-10818.84399904117, shape=(), dtype=float64)
nll_grad  cost time: 2.429027795791626
tf.Tensor(-10818.847057538545, shape=(), dtype=float64)
nll_grad  cost time: 2.39349627494812
tf.Tensor(-10818.850649314745, shape=(), dtype=float64)
nll_grad  cost time: 2.369776964187622
tf.Tensor(-10818.854869463878, shape=(), dtype=float64)
nll_grad  cost time: 2.417729616165161
tf.Tensor(-10818.859794370022, shape=(), dtype=float64)
nll_grad  cost time: 2.411365270614624
tf.Tensor(-10818.86570463322, shape=(), dtype=float64)
nll_grad  cost time: 2.5705721378326416
tf.Tensor(-10818.873350110729, shape=(), dtype=float64)
nll_grad  cost time: 2.5318870544433594
tf.Tensor(-10818.883848540909, shape=(), dtype=float64)
nll_grad  cost time: 2.6001579761505127
tf.Tensor(-10818.898859957231, shape=(), dtype=float64)
nll_grad  cost time: 2.567305326461792
tf.Tensor(-10818.91761937913, shape=(), dtype=float64)
nll_grad  cost time: 2.515439033508301
tf.Tensor(-10818.941242338782, shape=(), dtype=float64)
nll_grad  cost time: 2.54927659034729
tf.Tensor(-10818.969853569037, shape=(), dtype=float64)
nll_grad  cost time: 2.5382115840911865
tf.Tensor(-10819.0058502583, shape=(), dtype=float64)
nll_grad  cost time: 2.699939250946045
tf.Tensor(-10819.028088344281, shape=(), dtype=float64)
nll_grad  cost time: 2.5293588638305664
tf.Tensor(-10819.044632871704, shape=(), dtype=float64)
nll_grad  cost time: 2.4892525672912598
tf.Tensor(-10819.055075055741, shape=(), dtype=float64)
nll_grad  cost time: 2.4352526664733887
tf.Tensor(-10819.06325004597, shape=(), dtype=float64)
nll_grad  cost time: 2.4718523025512695
tf.Tensor(-10819.070700117942, shape=(), dtype=float64)
nll_grad  cost time: 2.5073513984680176
tf.Tensor(-10819.081357884592, shape=(), dtype=float64)
nll_grad  cost time: 2.6955342292785645
tf.Tensor(-10819.09349152376, shape=(), dtype=float64)
nll_grad  cost time: 2.4541263580322266
tf.Tensor(-10819.101515439048, shape=(), dtype=float64)
nll_grad  cost time: 2.438781499862671
tf.Tensor(-10819.1099070176, shape=(), dtype=float64)
nll_grad  cost time: 2.396878480911255
tf.Tensor(-10819.120565798486, shape=(), dtype=float64)
nll_grad  cost time: 2.405876398086548
tf.Tensor(-10819.133917817317, shape=(), dtype=float64)
nll_grad  cost time: 2.41764760017395
tf.Tensor(-10819.149278407831, shape=(), dtype=float64)
nll_grad  cost time: 2.43338680267334
tf.Tensor(-10819.1600965631, shape=(), dtype=float64)
nll_grad  cost time: 2.435648202896118
tf.Tensor(-10819.171601791191, shape=(), dtype=float64)
nll_grad  cost time: 2.5114362239837646
tf.Tensor(-10819.182806785033, shape=(), dtype=float64)
nll_grad  cost time: 2.4945738315582275
tf.Tensor(-10819.194255090151, shape=(), dtype=float64)
nll_grad  cost time: 2.4656858444213867
nll_grad  cost time: 2.4236514568328857
tf.Tensor(-10819.200442835108, shape=(), dtype=float64)
nll_grad  cost time: 2.3998239040374756
tf.Tensor(-10819.209994551513, shape=(), dtype=float64)
nll_grad  cost time: 2.422837972640991
tf.Tensor(-10819.22367154446, shape=(), dtype=float64)
nll_grad  cost time: 2.4147558212280273
tf.Tensor(-10819.236826113973, shape=(), dtype=float64)
nll_grad  cost time: 2.461369276046753
tf.Tensor(-10819.245758473093, shape=(), dtype=float64)
nll_grad  cost time: 2.4150123596191406
tf.Tensor(-10819.24936963219, shape=(), dtype=float64)
nll_grad  cost time: 2.477550983428955
tf.Tensor(-10819.255441779495, shape=(), dtype=float64)
nll_grad  cost time: 2.6817009449005127
tf.Tensor(-10819.263529182204, shape=(), dtype=float64)
nll_grad  cost time: 2.496886968612671
nll_grad  cost time: 2.4652841091156006
tf.Tensor(-10819.267672146194, shape=(), dtype=float64)
nll_grad  cost time: 2.4748709201812744
tf.Tensor(-10819.272635221347, shape=(), dtype=float64)
nll_grad  cost time: 2.4355454444885254
tf.Tensor(-10819.276483076324, shape=(), dtype=float64)
nll_grad  cost time: 2.5305731296539307
tf.Tensor(-10819.27998959131, shape=(), dtype=float64)
nll_grad  cost time: 2.4385907649993896
tf.Tensor(-10819.283294881152, shape=(), dtype=float64)
nll_grad  cost time: 2.4569427967071533
tf.Tensor(-10819.287413856593, shape=(), dtype=float64)
nll_grad  cost time: 2.4250502586364746
tf.Tensor(-10819.293052260235, shape=(), dtype=float64)
nll_grad  cost time: 2.445712089538574
tf.Tensor(-10819.298120483809, shape=(), dtype=float64)
nll_grad  cost time: 2.3884761333465576
tf.Tensor(-10819.30258549366, shape=(), dtype=float64)
nll_grad  cost time: 2.481691360473633
tf.Tensor(-10819.306768067918, shape=(), dtype=float64)
nll_grad  cost time: 2.4332427978515625
tf.Tensor(-10819.309297085028, shape=(), dtype=float64)
nll_grad  cost time: 2.414127826690674
tf.Tensor(-10819.31052687588, shape=(), dtype=float64)
nll_grad  cost time: 2.4736833572387695
tf.Tensor(-10819.311479428774, shape=(), dtype=float64)
nll_grad  cost time: 2.4589409828186035
tf.Tensor(-10819.31230348996, shape=(), dtype=float64)
nll_grad  cost time: 2.4497992992401123
tf.Tensor(-10819.313143058414, shape=(), dtype=float64)
nll_grad  cost time: 2.5440902709960938
tf.Tensor(-10819.313802554643, shape=(), dtype=float64)
nll_grad  cost time: 2.5137951374053955
tf.Tensor(-10819.314565755343, shape=(), dtype=float64)
nll_grad  cost time: 2.441890239715576
tf.Tensor(-10819.315540194111, shape=(), dtype=float64)
nll_grad  cost time: 2.4111168384552
tf.Tensor(-10819.31671604554, shape=(), dtype=float64)
nll_grad  cost time: 2.392963171005249
tf.Tensor(-10819.318126554024, shape=(), dtype=float64)
nll_grad  cost time: 2.4296905994415283
tf.Tensor(-10819.31984987864, shape=(), dtype=float64)
nll_grad  cost time: 2.4168407917022705
tf.Tensor(-10819.32155807629, shape=(), dtype=float64)
nll_grad  cost time: 2.4802472591400146
tf.Tensor(-10819.323062495561, shape=(), dtype=float64)
nll_grad  cost time: 2.426392078399658
tf.Tensor(-10819.32442478028, shape=(), dtype=float64)
nll_grad  cost time: 2.4273598194122314
tf.Tensor(-10819.326019277187, shape=(), dtype=float64)
nll_grad  cost time: 2.4132585525512695
tf.Tensor(-10819.327601689747, shape=(), dtype=float64)
nll_grad  cost time: 2.4101078510284424
tf.Tensor(-10819.328594492303, shape=(), dtype=float64)
nll_grad  cost time: 2.43833327293396
tf.Tensor(-10819.329753312335, shape=(), dtype=float64)
nll_grad  cost time: 2.527756929397583
tf.Tensor(-10819.33089868596, shape=(), dtype=float64)
nll_grad  cost time: 2.4469211101531982
tf.Tensor(-10819.332283039203, shape=(), dtype=float64)
nll_grad  cost time: 2.5124282836914062
tf.Tensor(-10819.333568259692, shape=(), dtype=float64)
nll_grad  cost time: 2.526233196258545
tf.Tensor(-10819.335318471572, shape=(), dtype=float64)
nll_grad  cost time: 2.5055272579193115
tf.Tensor(-10819.337119000424, shape=(), dtype=float64)
nll_grad  cost time: 2.423225164413452
tf.Tensor(-10819.33836698207, shape=(), dtype=float64)
nll_grad  cost time: 2.411627769470215
tf.Tensor(-10819.339831138994, shape=(), dtype=float64)
nll_grad  cost time: 2.421877384185791
tf.Tensor(-10819.341898567984, shape=(), dtype=float64)
nll_grad  cost time: 2.4081852436065674
tf.Tensor(-10819.344200190599, shape=(), dtype=float64)
nll_grad  cost time: 2.410788059234619
tf.Tensor(-10819.346321215195, shape=(), dtype=float64)
nll_grad  cost time: 2.3998327255249023
tf.Tensor(-10819.3478844523, shape=(), dtype=float64)
nll_grad  cost time: 2.41325306892395
tf.Tensor(-10819.349047459005, shape=(), dtype=float64)
nll_grad  cost time: 2.4435837268829346
tf.Tensor(-10819.349875545104, shape=(), dtype=float64)
nll_grad  cost time: 2.378204345703125
tf.Tensor(-10819.35031701321, shape=(), dtype=float64)
nll_grad  cost time: 2.3892807960510254
tf.Tensor(-10819.35092805935, shape=(), dtype=float64)
nll_grad  cost time: 2.395225763320923
tf.Tensor(-10819.351512421532, shape=(), dtype=float64)
nll_grad  cost time: 2.3809099197387695
tf.Tensor(-10819.35202821008, shape=(), dtype=float64)
nll_grad  cost time: 2.446749448776245
tf.Tensor(-10819.35285271328, shape=(), dtype=float64)
nll_grad  cost time: 2.445180892944336
tf.Tensor(-10819.354179209813, shape=(), dtype=float64)
nll_grad  cost time: 2.554330348968506
tf.Tensor(-10819.356257263536, shape=(), dtype=float64)
nll_grad  cost time: 2.4191603660583496
tf.Tensor(-10819.359185053076, shape=(), dtype=float64)
nll_grad  cost time: 2.4075286388397217
tf.Tensor(-10819.36180642671, shape=(), dtype=float64)
nll_grad  cost time: 2.3942179679870605
tf.Tensor(-10819.364063511732, shape=(), dtype=float64)
nll_grad  cost time: 2.382181406021118
tf.Tensor(-10819.36560925928, shape=(), dtype=float64)
nll_grad  cost time: 2.6010923385620117
tf.Tensor(-10819.367121945837, shape=(), dtype=float64)
nll_grad  cost time: 2.523594856262207
tf.Tensor(-10819.36924634724, shape=(), dtype=float64)
nll_grad  cost time: 2.512061834335327
tf.Tensor(-10819.371853022745, shape=(), dtype=float64)
nll_grad  cost time: 2.4574522972106934
tf.Tensor(-10819.373950100933, shape=(), dtype=float64)
nll_grad  cost time: 2.44763445854187
tf.Tensor(-10819.37605650704, shape=(), dtype=float64)
nll_grad  cost time: 2.449522018432617
tf.Tensor(-10819.378099792664, shape=(), dtype=float64)
nll_grad  cost time: 2.40450382232666
tf.Tensor(-10819.380013209664, shape=(), dtype=float64)
nll_grad  cost time: 2.430522918701172
tf.Tensor(-10819.381196429642, shape=(), dtype=float64)
nll_grad  cost time: 2.409275770187378
tf.Tensor(-10819.38270980468, shape=(), dtype=float64)
nll_grad  cost time: 2.424145221710205
tf.Tensor(-10819.384340701481, shape=(), dtype=float64)
nll_grad  cost time: 2.42016339302063
tf.Tensor(-10819.385971322106, shape=(), dtype=float64)
nll_grad  cost time: 2.4254839420318604
tf.Tensor(-10819.386846039595, shape=(), dtype=float64)
nll_grad  cost time: 2.4694957733154297
tf.Tensor(-10819.38766447578, shape=(), dtype=float64)
nll_grad  cost time: 2.4457199573516846
tf.Tensor(-10819.388415528405, shape=(), dtype=float64)
nll_grad  cost time: 2.4345107078552246
tf.Tensor(-10819.389055104557, shape=(), dtype=float64)
nll_grad  cost time: 2.383737564086914
tf.Tensor(-10819.389499127394, shape=(), dtype=float64)
nll_grad  cost time: 2.4043164253234863
tf.Tensor(-10819.389761928567, shape=(), dtype=float64)
nll_grad  cost time: 2.426058292388916
tf.Tensor(-10819.389931817906, shape=(), dtype=float64)
nll_grad  cost time: 2.4043352603912354
tf.Tensor(-10819.390116570365, shape=(), dtype=float64)
nll_grad  cost time: 2.5190868377685547
tf.Tensor(-10819.390404659454, shape=(), dtype=float64)
nll_grad  cost time: 2.4731247425079346
tf.Tensor(-10819.390860242664, shape=(), dtype=float64)
nll_grad  cost time: 2.4428822994232178
tf.Tensor(-10819.391570800042, shape=(), dtype=float64)
nll_grad  cost time: 2.4566287994384766
tf.Tensor(-10819.392606713427, shape=(), dtype=float64)
nll_grad  cost time: 2.450773239135742
tf.Tensor(-10819.393888507599, shape=(), dtype=float64)
nll_grad  cost time: 2.438544511795044
tf.Tensor(-10819.395710053117, shape=(), dtype=float64)
nll_grad  cost time: 2.540292263031006
tf.Tensor(-10819.398142547316, shape=(), dtype=float64)
nll_grad  cost time: 2.4385902881622314
tf.Tensor(-10819.401551638386, shape=(), dtype=float64)
nll_grad  cost time: 2.5641849040985107
tf.Tensor(-10819.406037749495, shape=(), dtype=float64)
nll_grad  cost time: 2.559711456298828
tf.Tensor(-10819.411258928005, shape=(), dtype=float64)
nll_grad  cost time: 2.5989248752593994
tf.Tensor(-10819.416648537204, shape=(), dtype=float64)
nll_grad  cost time: 2.566509962081909
tf.Tensor(-10819.421829956249, shape=(), dtype=float64)
nll_grad  cost time: 2.522589921951294
tf.Tensor(-10819.427088650693, shape=(), dtype=float64)
nll_grad  cost time: 2.5222537517547607
tf.Tensor(-10819.432170356882, shape=(), dtype=float64)
nll_grad  cost time: 2.5202059745788574
tf.Tensor(-10819.434253492982, shape=(), dtype=float64)
nll_grad  cost time: 2.559110641479492
tf.Tensor(-10819.4359033714, shape=(), dtype=float64)
nll_grad  cost time: 2.5372486114501953
tf.Tensor(-10819.437370159403, shape=(), dtype=float64)
nll_grad  cost time: 2.540938138961792
tf.Tensor(-10819.438017408613, shape=(), dtype=float64)
nll_grad  cost time: 2.47615647315979
tf.Tensor(-10819.438846813926, shape=(), dtype=float64)
nll_grad  cost time: 2.4582436084747314
tf.Tensor(-10819.440172948278, shape=(), dtype=float64)
nll_grad  cost time: 2.411285638809204
tf.Tensor(-10819.442174932592, shape=(), dtype=float64)
nll_grad  cost time: 2.434091567993164
tf.Tensor(-10819.44498819071, shape=(), dtype=float64)
nll_grad  cost time: 2.4582369327545166
tf.Tensor(-10819.44887587662, shape=(), dtype=float64)
nll_grad  cost time: 2.426790714263916
tf.Tensor(-10819.453160338286, shape=(), dtype=float64)
nll_grad  cost time: 2.5648205280303955
tf.Tensor(-10819.456335713045, shape=(), dtype=float64)
nll_grad  cost time: 2.4311165809631348
tf.Tensor(-10819.457413143891, shape=(), dtype=float64)
nll_grad  cost time: 2.489194631576538
nll_grad  cost time: 2.404360294342041
tf.Tensor(-10819.457940863442, shape=(), dtype=float64)
nll_grad  cost time: 2.474717140197754
tf.Tensor(-10819.458712688189, shape=(), dtype=float64)
nll_grad  cost time: 2.4753258228302
tf.Tensor(-10819.459377327656, shape=(), dtype=float64)
nll_grad  cost time: 2.498849868774414
tf.Tensor(-10819.459742819747, shape=(), dtype=float64)
nll_grad  cost time: 2.4551055431365967
tf.Tensor(-10819.460134511284, shape=(), dtype=float64)
nll_grad  cost time: 2.479794502258301
tf.Tensor(-10819.460439364668, shape=(), dtype=float64)
nll_grad  cost time: 2.4489269256591797
tf.Tensor(-10819.460731451041, shape=(), dtype=float64)
nll_grad  cost time: 2.4740798473358154
tf.Tensor(-10819.46102873218, shape=(), dtype=float64)
nll_grad  cost time: 2.5049917697906494
tf.Tensor(-10819.46133415189, shape=(), dtype=float64)
nll_grad  cost time: 2.4965221881866455
tf.Tensor(-10819.461654931432, shape=(), dtype=float64)
nll_grad  cost time: 2.4761300086975098
tf.Tensor(-10819.462051742807, shape=(), dtype=float64)
nll_grad  cost time: 2.419093132019043
tf.Tensor(-10819.462655822757, shape=(), dtype=float64)
nll_grad  cost time: 2.3872554302215576
tf.Tensor(-10819.463525952695, shape=(), dtype=float64)
nll_grad  cost time: 2.370845317840576
tf.Tensor(-10819.46442737038, shape=(), dtype=float64)
nll_grad  cost time: 2.4295766353607178
tf.Tensor(-10819.465157494278, shape=(), dtype=float64)
nll_grad  cost time: 2.4498722553253174
tf.Tensor(-10819.465806275124, shape=(), dtype=float64)
nll_grad  cost time: 2.4061357975006104
tf.Tensor(-10819.466613889166, shape=(), dtype=float64)
nll_grad  cost time: 2.446460247039795
tf.Tensor(-10819.46782828829, shape=(), dtype=float64)
nll_grad  cost time: 2.4241411685943604
tf.Tensor(-10819.469859090808, shape=(), dtype=float64)
nll_grad  cost time: 2.4165661334991455
tf.Tensor(-10819.473149970252, shape=(), dtype=float64)
nll_grad  cost time: 2.409306287765503
tf.Tensor(-10819.477402790953, shape=(), dtype=float64)
nll_grad  cost time: 2.4202563762664795
nll_grad  cost time: 2.590655565261841
tf.Tensor(-10819.479510276671, shape=(), dtype=float64)
nll_grad  cost time: 2.423557996749878
tf.Tensor(-10819.481790526503, shape=(), dtype=float64)
nll_grad  cost time: 2.4751369953155518
nll_grad  cost time: 2.3820042610168457
tf.Tensor(-10819.482680342446, shape=(), dtype=float64)
nll_grad  cost time: 2.4371747970581055
tf.Tensor(-10819.483800476795, shape=(), dtype=float64)
nll_grad  cost time: 2.4684808254241943
tf.Tensor(-10819.48416685477, shape=(), dtype=float64)
nll_grad  cost time: 2.3992409706115723
tf.Tensor(-10819.484330639232, shape=(), dtype=float64)
nll_grad  cost time: 2.4142777919769287
tf.Tensor(-10819.484493950707, shape=(), dtype=float64)
nll_grad  cost time: 2.4101996421813965
tf.Tensor(-10819.484616664975, shape=(), dtype=float64)
nll_grad  cost time: 2.3924052715301514
tf.Tensor(-10819.484799942124, shape=(), dtype=float64)
nll_grad  cost time: 2.418975591659546
tf.Tensor(-10819.484996647081, shape=(), dtype=float64)
nll_grad  cost time: 2.429858446121216
tf.Tensor(-10819.485130563742, shape=(), dtype=float64)
nll_grad  cost time: 2.4345531463623047
tf.Tensor(-10819.485252556096, shape=(), dtype=float64)
nll_grad  cost time: 2.47021222114563
tf.Tensor(-10819.485364555327, shape=(), dtype=float64)
nll_grad  cost time: 2.4070332050323486
tf.Tensor(-10819.485496485295, shape=(), dtype=float64)
nll_grad  cost time: 2.3890480995178223
tf.Tensor(-10819.485626309795, shape=(), dtype=float64)
nll_grad  cost time: 2.379441976547241
tf.Tensor(-10819.485731814808, shape=(), dtype=float64)
nll_grad  cost time: 2.411562442779541
tf.Tensor(-10819.485811241195, shape=(), dtype=float64)
nll_grad  cost time: 2.4707000255584717
tf.Tensor(-10819.485880057828, shape=(), dtype=float64)
nll_grad  cost time: 2.409224271774292
tf.Tensor(-10819.485965416927, shape=(), dtype=float64)
nll_grad  cost time: 2.4090824127197266
tf.Tensor(-10819.486085170873, shape=(), dtype=float64)
nll_grad  cost time: 2.6877503395080566
tf.Tensor(-10819.48625703716, shape=(), dtype=float64)
nll_grad  cost time: 2.450309991836548
tf.Tensor(-10819.486459352158, shape=(), dtype=float64)
nll_grad  cost time: 2.479962110519409
tf.Tensor(-10819.48663426265, shape=(), dtype=float64)
nll_grad  cost time: 2.5739002227783203
tf.Tensor(-10819.486732611442, shape=(), dtype=float64)
nll_grad  cost time: 2.455359935760498
tf.Tensor(-10819.486869819772, shape=(), dtype=float64)
nll_grad  cost time: 2.428182363510132
tf.Tensor(-10819.487056764516, shape=(), dtype=float64)
nll_grad  cost time: 2.3878097534179688
tf.Tensor(-10819.48737652612, shape=(), dtype=float64)
nll_grad  cost time: 2.39233660697937
tf.Tensor(-10819.487928864366, shape=(), dtype=float64)
nll_grad  cost time: 2.4244449138641357
tf.Tensor(-10819.488876475894, shape=(), dtype=float64)
nll_grad  cost time: 2.47048282623291
tf.Tensor(-10819.49047871656, shape=(), dtype=float64)
nll_grad  cost time: 2.4163424968719482
tf.Tensor(-10819.493154678767, shape=(), dtype=float64)
nll_grad  cost time: 2.4003453254699707
tf.Tensor(-10819.49748753376, shape=(), dtype=float64)
nll_grad  cost time: 2.3922557830810547
tf.Tensor(-10819.504046541997, shape=(), dtype=float64)
nll_grad  cost time: 2.4519567489624023
tf.Tensor(-10819.512549006757, shape=(), dtype=float64)
nll_grad  cost time: 2.415487766265869
nll_grad  cost time: 2.3377013206481934
tf.Tensor(-10819.518650589502, shape=(), dtype=float64)
nll_grad  cost time: 2.3975210189819336
tf.Tensor(-10819.524628020252, shape=(), dtype=float64)
nll_grad  cost time: 2.416165828704834
tf.Tensor(-10819.52552696401, shape=(), dtype=float64)
nll_grad  cost time: 2.3748748302459717
tf.Tensor(-10819.527127514672, shape=(), dtype=float64)
nll_grad  cost time: 2.3601934909820557
tf.Tensor(-10819.529668427325, shape=(), dtype=float64)
nll_grad  cost time: 2.43057918548584
tf.Tensor(-10819.531451687408, shape=(), dtype=float64)
nll_grad  cost time: 2.4616761207580566
tf.Tensor(-10819.532212562423, shape=(), dtype=float64)
nll_grad  cost time: 2.378795862197876
tf.Tensor(-10819.533100325216, shape=(), dtype=float64)
nll_grad  cost time: 2.4016404151916504
tf.Tensor(-10819.534428315565, shape=(), dtype=float64)
nll_grad  cost time: 2.3759138584136963
tf.Tensor(-10819.535245668383, shape=(), dtype=float64)
nll_grad  cost time: 2.4118363857269287
tf.Tensor(-10819.535796348833, shape=(), dtype=float64)
nll_grad  cost time: 2.3840227127075195
tf.Tensor(-10819.536034493744, shape=(), dtype=float64)
nll_grad  cost time: 2.4138898849487305
tf.Tensor(-10819.536192574855, shape=(), dtype=float64)
nll_grad  cost time: 2.546187162399292
tf.Tensor(-10819.53622386164, shape=(), dtype=float64)
nll_grad  cost time: 2.400406837463379
tf.Tensor(-10819.536239728686, shape=(), dtype=float64)
nll_grad  cost time: 2.3891124725341797
tf.Tensor(-10819.536246477868, shape=(), dtype=float64)
nll_grad  cost time: 2.413007974624634
tf.Tensor(-10819.536248125187, shape=(), dtype=float64)
nll_grad  cost time: 2.392298936843872
tf.Tensor(-10819.536249238101, shape=(), dtype=float64)
nll_grad  cost time: 2.4485766887664795
tf.Tensor(-10819.536250073734, shape=(), dtype=float64)
nll_grad  cost time: 2.4349846839904785
tf.Tensor(-10819.536251466645, shape=(), dtype=float64)
nll_grad  cost time: 2.4119813442230225
tf.Tensor(-10819.536253845901, shape=(), dtype=float64)
nll_grad  cost time: 2.447110891342163
tf.Tensor(-10819.53625792111, shape=(), dtype=float64)
nll_grad  cost time: 2.4723916053771973
tf.Tensor(-10819.536264888677, shape=(), dtype=float64)
nll_grad  cost time: 2.482675790786743
tf.Tensor(-10819.536276824421, shape=(), dtype=float64)
nll_grad  cost time: 2.4008750915527344
tf.Tensor(-10819.53629739422, shape=(), dtype=float64)
nll_grad  cost time: 2.3954379558563232
tf.Tensor(-10819.536332993534, shape=(), dtype=float64)
nll_grad  cost time: 2.393645763397217
tf.Tensor(-10819.536394270865, shape=(), dtype=float64)
nll_grad  cost time: 2.388373851776123
tf.Tensor(-10819.5364971539, shape=(), dtype=float64)
nll_grad  cost time: 2.381455183029175
tf.Tensor(-10819.536658774072, shape=(), dtype=float64)
nll_grad  cost time: 2.3963115215301514
tf.Tensor(-10819.536852931824, shape=(), dtype=float64)
nll_grad  cost time: 2.416006565093994
tf.Tensor(-10819.536975152698, shape=(), dtype=float64)
nll_grad  cost time: 2.421086072921753
tf.Tensor(-10819.537037299555, shape=(), dtype=float64)
nll_grad  cost time: 2.394749164581299
tf.Tensor(-10819.537053661277, shape=(), dtype=float64)
nll_grad  cost time: 2.39323353767395
tf.Tensor(-10819.53706704527, shape=(), dtype=float64)
nll_grad  cost time: 2.3925955295562744
tf.Tensor(-10819.537088258043, shape=(), dtype=float64)
nll_grad  cost time: 2.405137062072754
tf.Tensor(-10819.537120083944, shape=(), dtype=float64)
nll_grad  cost time: 2.3869972229003906
tf.Tensor(-10819.537148487856, shape=(), dtype=float64)
nll_grad  cost time: 2.4023067951202393
tf.Tensor(-10819.537158071544, shape=(), dtype=float64)
nll_grad  cost time: 2.5664753913879395
tf.Tensor(-10819.537159354457, shape=(), dtype=float64)
nll_grad  cost time: 2.4249916076660156
tf.Tensor(-10819.537159469546, shape=(), dtype=float64)
nll_grad  cost time: 2.4326155185699463
tf.Tensor(-10819.537159506144, shape=(), dtype=float64)
nll_grad  cost time: 2.3998966217041016
tf.Tensor(-10819.537159525991, shape=(), dtype=float64)
nll_grad  cost time: 2.3894481658935547
tf.Tensor(-10819.53715955538, shape=(), dtype=float64)
nll_grad  cost time: 2.436450242996216
tf.Tensor(-10819.537159606358, shape=(), dtype=float64)
nll_grad  cost time: 2.401219606399536
tf.Tensor(-10819.537159698713, shape=(), dtype=float64)
nll_grad  cost time: 2.4278011322021484
tf.Tensor(-10819.53715986842, shape=(), dtype=float64)
nll_grad  cost time: 2.4052066802978516
tf.Tensor(-10819.53716018007, shape=(), dtype=float64)
nll_grad  cost time: 2.413970947265625
tf.Tensor(-10819.537160746057, shape=(), dtype=float64)
nll_grad  cost time: 2.4448845386505127
tf.Tensor(-10819.537161754291, shape=(), dtype=float64)
nll_grad  cost time: 2.4790585041046143
tf.Tensor(-10819.537163505007, shape=(), dtype=float64)
nll_grad  cost time: 2.433971405029297
tf.Tensor(-10819.537166470758, shape=(), dtype=float64)
nll_grad  cost time: 2.444705009460449
tf.Tensor(-10819.537171438633, shape=(), dtype=float64)
nll_grad  cost time: 2.385439157485962
tf.Tensor(-10819.537179811396, shape=(), dtype=float64)
nll_grad  cost time: 2.3797943592071533
tf.Tensor(-10819.537193993325, shape=(), dtype=float64)
nll_grad  cost time: 2.3806607723236084
tf.Tensor(-10819.537217461093, shape=(), dtype=float64)
nll_grad  cost time: 2.4411990642547607
tf.Tensor(-10819.5372525473, shape=(), dtype=float64)
nll_grad  cost time: 2.463444709777832
tf.Tensor(-10819.537281652825, shape=(), dtype=float64)
nll_grad  cost time: 2.4074814319610596
tf.Tensor(-10819.537294826674, shape=(), dtype=float64)
nll_grad  cost time: 2.4012882709503174
tf.Tensor(-10819.53729827561, shape=(), dtype=float64)
nll_grad  cost time: 2.3922977447509766
tf.Tensor(-10819.537298530864, shape=(), dtype=float64)
nll_grad  cost time: 2.3642303943634033
tf.Tensor(-10819.537298563593, shape=(), dtype=float64)
nll_grad  cost time: 2.388148307800293
tf.Tensor(-10819.537298573912, shape=(), dtype=float64)
Optimization terminated successfully.
         Current function value: -10819.537299
         Iterations: 1215
         Function evaluations: 1237
         Gradient evaluations: 1237
  message: Optimization terminated successfully.
  success: True
   status: 0
      fun: -10819.537298573912
        x: [ 3.431e-01  7.464e-04 ...  5.525e-01 -2.098e+00]
      nit: 1215
      jac: [ 0.000e+00  0.000e+00 ...  7.913e-05  1.416e-05]
 hess_inv: [[ 1.000e+00  0.000e+00 ...  0.000e+00  0.000e+00]
            [ 0.000e+00  1.000e+00 ...  0.000e+00  0.000e+00]
            ...
            [ 0.000e+00  0.000e+00 ...  5.854e-02 -1.584e-02]
            [ 0.000e+00  0.000e+00 ... -1.584e-02  2.232e-01]]
     nfev: 1237
     njev: 1237
fit  cost time: 3131.9618005752563
{
  "rho(1450)p_mass": 1.51,
  "rho(1450)p_width": 0.44,
  "rho(1570)p_mass": 1.57,
  "rho(1570)p_width": 0.14,
  "rho(1690)p_mass": 1.681,
  "rho(1690)p_width": 0.19,
  "rho(1450)m_mass": 1.51,
  "rho(1450)m_width": 0.44,
  "rho(1570)m_mass": 1.57,
  "rho(1570)m_width": 0.14,
  "rho(1690)m_mass": 1.681,
  "rho(1690)m_width": 0.19,
  "f0(500)_E791_mass": 0.478,
  "f2(1270)_flatte_mass": 1.2754,
  "f2(1270)_flatte_g_0": 0.0735158292211535,
  "f2(1270)_flatte_g_1": 1.7015501415162966,
  "f0(1370)_mass": 1.37,
  "f0(1370)_width": 0.35,
  "f0(1500)_flatte_mass": 1.522,
  "f0(1500)_flatte_g_0": 0.1266791405596481,
  "f0(1500)_flatte_g_1": 0.8109724992067094,
  "f2(1430)_mass": 1.43,
  "f2(1430)_width": 0.046,
  "f2(2010)_mass": 2.011,
  "f2(2010)_width": 0.202,
  "Jpsi->rho(1450)p.pimrho(1450)p->phi.pip_total_0r": 1.0,
  "Jpsi->rho(1450)p.pimrho(1450)p->phi.pip_total_0i": 0.0,
  "Jpsi->rho(1450)p.pim_g_ls_0r": 1.0,
  "Jpsi->rho(1450)p.pim_g_ls_0i": 0.0,
  "rho(1450)p->phi.pip_g_ls_0r": 1.0,
  "rho(1450)p->phi.pip_g_ls_0i": 0.0,
  "Jpsi->rho(1570)p.pimrho(1570)p->phi.pip_total_0r": -0.27038263558323006,
  "Jpsi->rho(1570)p.pimrho(1570)p->phi.pip_total_0i": 0.1726212400457463,
  "Jpsi->rho(1570)p.pim_g_ls_0r": 1.0,
  "Jpsi->rho(1570)p.pim_g_ls_0i": 0.0,
  "rho(1570)p->phi.pip_g_ls_0r": 1.0,
  "rho(1570)p->phi.pip_g_ls_0i": 0.0,
  "Jpsi->rho(1690)p.pimrho(1690)p->phi.pip_total_0r": 0.03288383267720427,
  "Jpsi->rho(1690)p.pimrho(1690)p->phi.pip_total_0i": 1.4620279199395367,
  "Jpsi->rho(1690)p.pim_g_ls_0r": 1.0,
  "Jpsi->rho(1690)p.pim_g_ls_0i": 0.0,
  "rho(1690)p->phi.pip_g_ls_0r": 1.0,
  "rho(1690)p->phi.pip_g_ls_0i": 0.0,
  "Jpsi->rho(1450)m.piprho(1450)m->phi.pim_total_0r": 1.0,
  "Jpsi->rho(1450)m.piprho(1450)m->phi.pim_total_0i": 0.0,
  "Jpsi->rho(1450)m.pip_g_ls_0r": 1.0,
  "Jpsi->rho(1450)m.pip_g_ls_0i": 0.0,
  "rho(1450)m->phi.pim_g_ls_0r": 1.0,
  "rho(1450)m->phi.pim_g_ls_0i": 0.0,
  "Jpsi->rho(1570)m.piprho(1570)m->phi.pim_total_0r": -0.27038263558323006,
  "Jpsi->rho(1570)m.piprho(1570)m->phi.pim_total_0i": 0.1726212400457463,
  "Jpsi->rho(1570)m.pip_g_ls_0r": 1.0,
  "Jpsi->rho(1570)m.pip_g_ls_0i": 0.0,
  "rho(1570)m->phi.pim_g_ls_0r": 1.0,
  "rho(1570)m->phi.pim_g_ls_0i": 0.0,
  "Jpsi->rho(1690)m.piprho(1690)m->phi.pim_total_0r": 0.03288383267720427,
  "Jpsi->rho(1690)m.piprho(1690)m->phi.pim_total_0i": 1.4620279199395367,
  "Jpsi->rho(1690)m.pip_g_ls_0r": 1.0,
  "Jpsi->rho(1690)m.pip_g_ls_0i": 0.0,
  "rho(1690)m->phi.pim_g_ls_0r": 1.0,
  "rho(1690)m->phi.pim_g_ls_0i": 0.0,
  "Jpsi->phi.f0(500)_E791f0(500)_E791->pip.pim_total_0r": 0.4704328062779674,
  "Jpsi->phi.f0(500)_E791f0(500)_E791->pip.pim_total_0i": -3.0744965237329707,
  "Jpsi->phi.f0(500)_E791_g_ls_0r": 1.0,
  "Jpsi->phi.f0(500)_E791_g_ls_0i": 0.0,
  "Jpsi->phi.f0(500)_E791_g_ls_1r": 1.129972084805427,
  "Jpsi->phi.f0(500)_E791_g_ls_1i": 0.5843073654155742,
  "f0(500)_E791->pip.pim_g_ls_0r": 1.0,
  "f0(500)_E791->pip.pim_g_ls_0i": 0.0,
  "Jpsi->phi.f0(980)_flattef0(980)_flatte->pip.pim_total_0r": 0.19661589938632879,
  "Jpsi->phi.f0(980)_flattef0(980)_flatte->pip.pim_total_0i": 1.8678682853413955,
  "f0(980)_flatte->pip.pim_g_ls_0r": 1.0,
  "f0(980)_flatte->pip.pim_g_ls_0i": 0.0,
  "Jpsi->phi.f2(1270)_flattef2(1270)_flatte->pip.pim_total_0r": 0.34340653858566655,
  "Jpsi->phi.f2(1270)_flattef2(1270)_flatte->pip.pim_total_0i": -2.204876049144837,
  "Jpsi->phi.f2(1270)_flatte_g_ls_0r": 1.0,
  "Jpsi->phi.f2(1270)_flatte_g_ls_0i": 0.0,
  "Jpsi->phi.f2(1270)_flatte_g_ls_1r": 0.2707099011553877,
  "Jpsi->phi.f2(1270)_flatte_g_ls_1i": 3.0081131262834466,
  "Jpsi->phi.f2(1270)_flatte_g_ls_2r": 2.4315098960493517,
  "Jpsi->phi.f2(1270)_flatte_g_ls_2i": 1.4349531004928693,
  "Jpsi->phi.f2(1270)_flatte_g_ls_3r": 1.8480558695434721,
  "Jpsi->phi.f2(1270)_flatte_g_ls_3i": 1.5762100555136787,
  "Jpsi->phi.f2(1270)_flatte_g_ls_4r": 2.743650785288881,
  "Jpsi->phi.f2(1270)_flatte_g_ls_4i": 0.21903570058745458,
  "f2(1270)_flatte->pip.pim_g_ls_0r": 1.0,
  "f2(1270)_flatte->pip.pim_g_ls_0i": 0.0,
  "Jpsi->phi.f0(1370)f0(1370)->pip.pim_total_0r": 0.525849235210476,
  "Jpsi->phi.f0(1370)f0(1370)->pip.pim_total_0i": -0.3020717587692161,
  "Jpsi->phi.f0(1370)_g_ls_0r": 1.0,
  "Jpsi->phi.f0(1370)_g_ls_0i": 0.0,
  "Jpsi->phi.f0(1370)_g_ls_1r": 0.943600537413574,
  "Jpsi->phi.f0(1370)_g_ls_1i": 0.7661579258811493,
  "f0(1370)->pip.pim_g_ls_0r": 1.0,
  "f0(1370)->pip.pim_g_ls_0i": 0.0,
  "Jpsi->phi.f0(1500)_flattef0(1500)_flatte->pip.pim_total_0r": 0.05318155430486528,
  "Jpsi->phi.f0(1500)_flattef0(1500)_flatte->pip.pim_total_0i": 1.3598749313566882,
  "Jpsi->phi.f0(1500)_flatte_g_ls_0r": 1.0,
  "Jpsi->phi.f0(1500)_flatte_g_ls_0i": 0.0,
  "Jpsi->phi.f0(1500)_flatte_g_ls_1r": 1.3590619287652912,
  "Jpsi->phi.f0(1500)_flatte_g_ls_1i": 0.3853941070107858,
  "f0(1500)_flatte->pip.pim_g_ls_0r": 1.0,
  "f0(1500)_flatte->pip.pim_g_ls_0i": 0.0,
  "Jpsi->phi.f0(1710)f0(1710)->pip.pim_total_0r": 0.3147497845811525,
  "Jpsi->phi.f0(1710)f0(1710)->pip.pim_total_0i": -0.5741008282208675,
  "f0(1710)->pip.pim_g_ls_0r": 1.0,
  "f0(1710)->pip.pim_g_ls_0i": 0.0,
  "Jpsi->phi.f2(1430)f2(1430)->pip.pim_total_0r": 0.019365825574903205,
  "Jpsi->phi.f2(1430)f2(1430)->pip.pim_total_0i": 1.9715520056487268,
  "Jpsi->phi.f2(1430)_g_ls_0r": 1.0,
  "Jpsi->phi.f2(1430)_g_ls_0i": 0.0,
  "Jpsi->phi.f2(1430)_g_ls_1r": 3.3743198050269747,
  "Jpsi->phi.f2(1430)_g_ls_1i": -1.94251336734645,
  "Jpsi->phi.f2(1430)_g_ls_2r": 2.962051119315303,
  "Jpsi->phi.f2(1430)_g_ls_2i": 1.800210947162756,
  "Jpsi->phi.f2(1430)_g_ls_3r": 2.1702652119627195,
  "Jpsi->phi.f2(1430)_g_ls_3i": -1.8436697630610681,
  "Jpsi->phi.f2(1430)_g_ls_4r": 2.6165889764733516,
  "Jpsi->phi.f2(1430)_g_ls_4i": -0.773686261511759,
  "f2(1430)->pip.pim_g_ls_0r": 1.0,
  "f2(1430)->pip.pim_g_ls_0i": 0.0,
  "Jpsi->phi.f2(2010)f2(2010)->pip.pim_total_0r": 1.4233136430164544,
  "Jpsi->phi.f2(2010)f2(2010)->pip.pim_total_0i": 1.5182194732175862,
  "Jpsi->phi.f2(2010)_g_ls_0r": 1.0,
  "Jpsi->phi.f2(2010)_g_ls_0i": 0.0,
  "Jpsi->phi.f2(2010)_g_ls_1r": 0.07447517479216025,
  "Jpsi->phi.f2(2010)_g_ls_1i": -0.586897108886685,
  "Jpsi->phi.f2(2010)_g_ls_2r": 0.05521136249473193,
  "Jpsi->phi.f2(2010)_g_ls_2i": -2.5787682902930813,
  "Jpsi->phi.f2(2010)_g_ls_3r": 0.12891298920400338,
  "Jpsi->phi.f2(2010)_g_ls_3i": -2.018358825645401,
  "Jpsi->phi.f2(2010)_g_ls_4r": 0.033709813081640755,
  "Jpsi->phi.f2(2010)_g_ls_4i": -1.800426475929001,
  "f2(2010)->pip.pim_g_ls_0r": 1.0,
  "f2(2010)->pip.pim_g_ls_0i": 0.0,
  "K1(1400)p_mass": 1.403,
  "K1(1400)p_width": 0.174,
  "K2(1820)p_mass": 1.819,
  "K2(1820)p_width": 0.264,
  "K2(1980)p_mass": 1.99,
  "K2(1980)p_width": 0.348,
  "K2(2250)p_mass": 2.247,
  "K2(2250)p_width": 0.18,
  "K3(2320)p_mass": 2.324,
  "K3(2320)p_width": 0.15,
  "K1(1400)m_mass": 1.403,
  "K1(1400)m_width": 0.174,
  "K2(1820)m_mass": 1.819,
  "K2(1820)m_width": 0.264,
  "K2(1980)m_mass": 1.99,
  "K2(1980)m_width": 0.348,
  "K3(2320)m_mass": 2.324,
  "K3(2320)m_width": 0.15,
  "f0(980)_flatte_mass": 0.965,
  "f0(980)_flatte_g_0": 0.2170737654294778,
  "f0(980)_flatte_g_1": 10.853243745048427,
  "f2(1270)_mass": 1.2754,
  "f2(1270)_width": 0.1858,
  "f0(1500)_mass": 1.522,
  "f0(1500)_width": 0.108,
  "f2(1525)_mass": 1.5173,
  "f2(1525)_width": 0.072,
  "f2(1565)_mass": 1.571,
  "f2(1565)_width": 0.132,
  "f0(1710)_mass": 1.733,
  "f0(1710)_width": 0.15,
  "f2(1810)_mass": 1.815,
  "f2(1810)_width": 0.197,
  "Jpsi->K1(1400)p.kmK1(1400)p->phi.kp_total_0r": 1.0,
  "Jpsi->K1(1400)p.kmK1(1400)p->phi.kp_total_0i": 0.0,
  "Jpsi->K1(1400)p.km_g_ls_0r": 1.0,
  "Jpsi->K1(1400)p.km_g_ls_0i": 0.0,
  "Jpsi->K1(1400)p.km_g_ls_1r": 0.5100091833691083,
  "Jpsi->K1(1400)p.km_g_ls_1i": -8.047711295762088,
  "K1(1400)p->phi.kp_g_ls_0r": 1.0,
  "K1(1400)p->phi.kp_g_ls_0i": 0.0,
  "K1(1400)p->phi.kp_g_ls_1r": 0.4631936020458656,
  "K1(1400)p->phi.kp_g_ls_1i": 1.1360586698451078,
  "Jpsi->K2(1820)p.kmK2(1820)p->phi.kp_total_0r": 1.0216164666739427,
  "Jpsi->K2(1820)p.kmK2(1820)p->phi.kp_total_0i": -0.9924671991781302,
  "Jpsi->K2(1820)p.km_g_ls_0r": 1.0,
  "Jpsi->K2(1820)p.km_g_ls_0i": 0.0,
  "Jpsi->K2(1820)p.km_g_ls_1r": -0.21742936068308924,
  "Jpsi->K2(1820)p.km_g_ls_1i": 2.62154162753767,
  "K2(1820)p->phi.kp_g_ls_0r": 1.0,
  "K2(1820)p->phi.kp_g_ls_0i": 0.0,
  "K2(1820)p->phi.kp_g_ls_1r": 0.16395526586702888,
  "K2(1820)p->phi.kp_g_ls_1i": 3.870078312782218,
  "Jpsi->K2(1980)p.kmK2(1980)p->phi.kp_total_0r": -0.793005564446835,
  "Jpsi->K2(1980)p.kmK2(1980)p->phi.kp_total_0i": -2.612764316463318,
  "Jpsi->K2(1980)p.km_g_ls_0r": 1.0,
  "Jpsi->K2(1980)p.km_g_ls_0i": 0.0,
  "K2(1980)p->phi.kp_g_ls_0r": 1.0,
  "K2(1980)p->phi.kp_g_ls_0i": 0.0,
  "Jpsi->K2(2250)p.kmK2(2250)p->phi.kp_total_0r": 0.21884039263620725,
  "Jpsi->K2(2250)p.kmK2(2250)p->phi.kp_total_0i": -2.4262248098721533,
  "Jpsi->K2(2250)p.km_g_ls_0r": 1.0,
  "Jpsi->K2(2250)p.km_g_ls_0i": 0.0,
  "Jpsi->K2(2250)p.km_g_ls_1r": 0.628296820292851,
  "Jpsi->K2(2250)p.km_g_ls_1i": -0.9055434568462856,
  "K2(2250)p->phi.kp_g_ls_0r": 1.0,
  "K2(2250)p->phi.kp_g_ls_0i": 0.0,
  "K2(2250)p->phi.kp_g_ls_1r": 1.264854251248331,
  "K2(2250)p->phi.kp_g_ls_1i": 2.5978677934802814,
  "Jpsi->K3(2320)p.kmK3(2320)p->phi.kp_total_0r": 0.46245637439648624,
  "Jpsi->K3(2320)p.kmK3(2320)p->phi.kp_total_0i": -5.8685833069084135,
  "Jpsi->K3(2320)p.km_g_ls_0r": 1.0,
  "Jpsi->K3(2320)p.km_g_ls_0i": 0.0,
  "Jpsi->K3(2320)p.km_g_ls_1r": -0.35428803445503515,
  "Jpsi->K3(2320)p.km_g_ls_1i": 3.847935814835756,
  "K3(2320)p->phi.kp_g_ls_0r": 1.0,
  "K3(2320)p->phi.kp_g_ls_0i": 0.0,
  "K3(2320)p->phi.kp_g_ls_1r": -0.5305490415059883,
  "K3(2320)p->phi.kp_g_ls_1i": -0.656509741050966,
  "Jpsi->K1(1400)m.kpK1(1400)m->phi.km_total_0r": 1.0,
  "Jpsi->K1(1400)m.kpK1(1400)m->phi.km_total_0i": 0.0,
  "Jpsi->K1(1400)m.kp_g_ls_0r": 1.0,
  "Jpsi->K1(1400)m.kp_g_ls_0i": 0.0,
  "Jpsi->K1(1400)m.kp_g_ls_1r": 0.5100091833691083,
  "Jpsi->K1(1400)m.kp_g_ls_1i": -8.047711295762088,
  "K1(1400)m->phi.km_g_ls_0r": 1.0,
  "K1(1400)m->phi.km_g_ls_0i": 0.0,
  "K1(1400)m->phi.km_g_ls_1r": 0.4631936020458656,
  "K1(1400)m->phi.km_g_ls_1i": 1.1360586698451078,
  "Jpsi->K2(1820)m.kpK2(1820)m->phi.km_total_0r": 1.0216164666739427,
  "Jpsi->K2(1820)m.kpK2(1820)m->phi.km_total_0i": -0.9924671991781302,
  "Jpsi->K2(1820)m.kp_g_ls_0r": 1.0,
  "Jpsi->K2(1820)m.kp_g_ls_0i": 0.0,
  "Jpsi->K2(1820)m.kp_g_ls_1r": -0.21742936068308924,
  "Jpsi->K2(1820)m.kp_g_ls_1i": 2.62154162753767,
  "K2(1820)m->phi.km_g_ls_0r": 1.0,
  "K2(1820)m->phi.km_g_ls_0i": 0.0,
  "K2(1820)m->phi.km_g_ls_1r": 0.16395526586702888,
  "K2(1820)m->phi.km_g_ls_1i": 3.870078312782218,
  "Jpsi->K2(1980)m.kpK2(1980)m->phi.km_total_0r": -0.793005564446835,
  "Jpsi->K2(1980)m.kpK2(1980)m->phi.km_total_0i": -2.612764316463318,
  "Jpsi->K2(1980)m.kp_g_ls_0r": 1.0,
  "Jpsi->K2(1980)m.kp_g_ls_0i": 0.0,
  "K2(1980)m->phi.km_g_ls_0r": 1.0,
  "K2(1980)m->phi.km_g_ls_0i": 0.0,
  "Jpsi->K2(2250)p.kpK2(2250)p->phi.km_total_0r": 0.24520876763185603,
  "Jpsi->K2(2250)p.kpK2(2250)p->phi.km_total_0i": -2.455490057844605,
  "Jpsi->K2(2250)p.kp_g_ls_0r": 1.0,
  "Jpsi->K2(2250)p.kp_g_ls_0i": 0.0,
  "Jpsi->K2(2250)p.kp_g_ls_1r": 0.8563193646541466,
  "Jpsi->K2(2250)p.kp_g_ls_1i": -0.5456561651636438,
  "K2(2250)p->phi.km_g_ls_0r": 1.0,
  "K2(2250)p->phi.km_g_ls_0i": 0.0,
  "K2(2250)p->phi.km_g_ls_1r": 0.6838354796397831,
  "K2(2250)p->phi.km_g_ls_1i": 2.2623911920926645,
  "Jpsi->K3(2320)m.kpK3(2320)m->phi.km_total_0r": 0.46245637439648624,
  "Jpsi->K3(2320)m.kpK3(2320)m->phi.km_total_0i": -5.8685833069084135,
  "Jpsi->K3(2320)m.kp_g_ls_0r": 1.0,
  "Jpsi->K3(2320)m.kp_g_ls_0i": 0.0,
  "Jpsi->K3(2320)m.kp_g_ls_1r": -0.35428803445503515,
  "Jpsi->K3(2320)m.kp_g_ls_1i": 3.847935814835756,
  "K3(2320)m->phi.km_g_ls_0r": 1.0,
  "K3(2320)m->phi.km_g_ls_0i": 0.0,
  "K3(2320)m->phi.km_g_ls_1r": -0.5305490415059883,
  "K3(2320)m->phi.km_g_ls_1i": -0.656509741050966,
  "Jpsi->phi.f0(980)_flattef0(980)_flatte->kp.km_total_0r": 0.7224565901802039,
  "Jpsi->phi.f0(980)_flattef0(980)_flatte->kp.km_total_0i": -2.6381489829255136,
  "Jpsi->phi.f0(980)_flatte_g_ls_0r": 1.0,
  "Jpsi->phi.f0(980)_flatte_g_ls_0i": 0.0,
  "Jpsi->phi.f0(980)_flatte_g_ls_1r": 0.7172163537039213,
  "Jpsi->phi.f0(980)_flatte_g_ls_1i": 0.38013521860336397,
  "f0(980)_flatte->kp.km_g_ls_0r": 1.0,
  "f0(980)_flatte->kp.km_g_ls_0i": 0.0,
  "Jpsi->phi.f2(1270)f2(1270)->kp.km_total_0r": 0.21614535434613633,
  "Jpsi->phi.f2(1270)f2(1270)->kp.km_total_0i": 0.22286032252931687,
  "Jpsi->phi.f2(1270)_g_ls_0r": 1.0,
  "Jpsi->phi.f2(1270)_g_ls_0i": 0.0,
  "Jpsi->phi.f2(1270)_g_ls_1r": 0.9983909628683545,
  "Jpsi->phi.f2(1270)_g_ls_1i": 0.587180876678004,
  "Jpsi->phi.f2(1270)_g_ls_2r": 0.38401948640637906,
  "Jpsi->phi.f2(1270)_g_ls_2i": -3.140252839937268,
  "Jpsi->phi.f2(1270)_g_ls_3r": 1.02144383533064,
  "Jpsi->phi.f2(1270)_g_ls_3i": -1.7491746148411633,
  "Jpsi->phi.f2(1270)_g_ls_4r": 1.729473599706237,
  "Jpsi->phi.f2(1270)_g_ls_4i": 2.5312065610068917,
  "f2(1270)->kp.km_g_ls_0r": 1.0,
  "f2(1270)->kp.km_g_ls_0i": 0.0,
  "Jpsi->phi.f0(1500)f0(1500)->kp.km_total_0r": 0.21976623995111932,
  "Jpsi->phi.f0(1500)f0(1500)->kp.km_total_0i": -0.6828693810230231,
  "Jpsi->phi.f0(1500)_g_ls_0r": 1.0,
  "Jpsi->phi.f0(1500)_g_ls_0i": 0.0,
  "Jpsi->phi.f0(1500)_g_ls_1r": 0.9976261820779898,
  "Jpsi->phi.f0(1500)_g_ls_1i": 1.7251938950661208,
  "f0(1500)->kp.km_g_ls_0r": 1.0,
  "f0(1500)->kp.km_g_ls_0i": 0.0,
  "Jpsi->phi.f2(1525)f2(1525)->kp.km_total_0r": 0.6999133154767192,
  "Jpsi->phi.f2(1525)f2(1525)->kp.km_total_0i": 1.2406548174729641,
  "Jpsi->phi.f2(1525)_g_ls_0r": 1.0,
  "Jpsi->phi.f2(1525)_g_ls_0i": 0.0,
  "Jpsi->phi.f2(1525)_g_ls_1r": 0.5659138329014151,
  "Jpsi->phi.f2(1525)_g_ls_1i": 1.032070493935418,
  "Jpsi->phi.f2(1525)_g_ls_2r": 0.7643947801020885,
  "Jpsi->phi.f2(1525)_g_ls_2i": -3.060818645836369,
  "Jpsi->phi.f2(1525)_g_ls_3r": 0.06310347986934384,
  "Jpsi->phi.f2(1525)_g_ls_3i": 0.403699647382334,
  "Jpsi->phi.f2(1525)_g_ls_4r": 0.34670650716657736,
  "Jpsi->phi.f2(1525)_g_ls_4i": 0.8932850196478039,
  "f2(1525)->kp.km_g_ls_0r": 1.0,
  "f2(1525)->kp.km_g_ls_0i": 0.0,
  "Jpsi->phi.f2(1565)f2(1565)->kp.km_total_0r": 0.5049416511048642,
  "Jpsi->phi.f2(1565)f2(1565)->kp.km_total_0i": -1.1723883715693866,
  "Jpsi->phi.f2(1565)_g_ls_0r": 1.0,
  "Jpsi->phi.f2(1565)_g_ls_0i": 0.0,
  "Jpsi->phi.f2(1565)_g_ls_1r": 1.2341303340564926,
  "Jpsi->phi.f2(1565)_g_ls_1i": 0.5848549893416006,
  "Jpsi->phi.f2(1565)_g_ls_2r": 0.9323732487898367,
  "Jpsi->phi.f2(1565)_g_ls_2i": 1.956511741837435,
  "Jpsi->phi.f2(1565)_g_ls_3r": 1.161807925158494,
  "Jpsi->phi.f2(1565)_g_ls_3i": -1.0895633202920365,
  "Jpsi->phi.f2(1565)_g_ls_4r": 0.4297990775556121,
  "Jpsi->phi.f2(1565)_g_ls_4i": -2.1303635688287796,
  "f2(1565)->kp.km_g_ls_0r": 1.0,
  "f2(1565)->kp.km_g_ls_0i": 0.0,
  "Jpsi->phi.f0(1710)f0(1710)->kp.km_total_0r": 0.47784155411364676,
  "Jpsi->phi.f0(1710)f0(1710)->kp.km_total_0i": 2.456582637478806,
  "Jpsi->phi.f0(1710)_g_ls_0r": 1.0,
  "Jpsi->phi.f0(1710)_g_ls_0i": 0.0,
  "Jpsi->phi.f0(1710)_g_ls_1r": 0.4707125821275403,
  "Jpsi->phi.f0(1710)_g_ls_1i": 0.683877400673115,
  "f0(1710)->kp.km_g_ls_0r": 1.0,
  "f0(1710)->kp.km_g_ls_0i": 0.0,
  "Jpsi->phi.f2(1810)f2(1810)->kp.km_total_0r": 0.4560250628755704,
  "Jpsi->phi.f2(1810)f2(1810)->kp.km_total_0i": -1.88769096275367,
  "Jpsi->phi.f2(1810)_g_ls_0r": 1.0,
  "Jpsi->phi.f2(1810)_g_ls_0i": 0.0,
  "Jpsi->phi.f2(1810)_g_ls_1r": 1.54511620046058,
  "Jpsi->phi.f2(1810)_g_ls_1i": 0.5033085380385107,
  "Jpsi->phi.f2(1810)_g_ls_2r": 0.6828701485702174,
  "Jpsi->phi.f2(1810)_g_ls_2i": 1.6494697667023397,
  "Jpsi->phi.f2(1810)_g_ls_3r": 1.3085866043444097,
  "Jpsi->phi.f2(1810)_g_ls_3i": -2.7622284094253757,
  "Jpsi->phi.f2(1810)_g_ls_4r": 0.7273304539270805,
  "Jpsi->phi.f2(1810)_g_ls_4i": 2.6612087731156553,
  "f2(1810)->kp.km_g_ls_0r": 1.0,
  "f2(1810)->kp.km_g_ls_0i": 0.0
}
Time for calculating errors: 330.3235914707184

[WARN] Hessian inversion failed: Singular matrix
[WARN] Falling back to pseudo-inverse (pinv). Errors in singular directions will be NaN/inf.
[DIAG] _last_hessian not cached, cannot show eigenvalue details.
Time for calculating errors: 297.0248804092407
[WARN] using pinv for singular Hessian block
eigvalues:  [3.26659620e+01+0.00000000e+00j 4.54914295e+00+0.00000000e+00j
 3.16136239e+00+0.00000000e+00j 3.32062554e+00+0.00000000e+00j
 1.34357648e+00+0.00000000e+00j 1.13212968e+00+0.00000000e+00j
 1.04468953e+00+0.00000000e+00j 9.39288937e-01+0.00000000e+00j
 8.11359014e-01+0.00000000e+00j 7.86083027e-01+0.00000000e+00j
 7.27986921e-01+0.00000000e+00j 6.78323679e-01+0.00000000e+00j
 4.83546746e-01+0.00000000e+00j 4.68015665e-01+0.00000000e+00j
 4.45214650e-01+0.00000000e+00j 3.13894007e-01+0.00000000e+00j
 3.27312242e-01+0.00000000e+00j 2.61893297e-01+0.00000000e+00j
 2.24347531e-01+0.00000000e+00j 2.12616616e-01+0.00000000e+00j
 2.02206576e-01+0.00000000e+00j 2.01912635e-01+0.00000000e+00j
 1.90631469e-01+0.00000000e+00j 1.83356557e-01+0.00000000e+00j
 1.69320255e-01+0.00000000e+00j 1.43520470e-01+0.00000000e+00j
 1.37878887e-01+0.00000000e+00j 1.24267829e-01+0.00000000e+00j
 1.16864156e-01+0.00000000e+00j 1.04752212e-01+0.00000000e+00j
 1.01159951e-01+0.00000000e+00j 9.70127350e-02+0.00000000e+00j
 9.03056120e-02+0.00000000e+00j 8.28195325e-02+0.00000000e+00j
 7.74360376e-02+0.00000000e+00j 7.47102553e-02+0.00000000e+00j
 6.43527922e-02+0.00000000e+00j 5.90542406e-02+0.00000000e+00j
 5.58589556e-02+0.00000000e+00j 5.39974486e-02+0.00000000e+00j
 5.16867665e-02+0.00000000e+00j 4.95053018e-02+0.00000000e+00j
 4.47310974e-02+0.00000000e+00j 4.14870890e-02+0.00000000e+00j
 3.93582748e-02+0.00000000e+00j 3.88739028e-02+0.00000000e+00j
 3.80795189e-02+0.00000000e+00j 3.50996725e-02+0.00000000e+00j
 3.15408440e-02+0.00000000e+00j 3.18855576e-02+0.00000000e+00j
 3.03977517e-02+0.00000000e+00j 2.76444895e-02+0.00000000e+00j
 2.67717808e-02+0.00000000e+00j 2.58947007e-02+0.00000000e+00j
 2.42770398e-02+0.00000000e+00j 2.38322577e-02+0.00000000e+00j
 2.27066752e-02+0.00000000e+00j 2.04812310e-02+0.00000000e+00j
 2.13084670e-02+0.00000000e+00j 1.81480017e-02+0.00000000e+00j
 1.71722722e-02+0.00000000e+00j 1.65857526e-02+0.00000000e+00j
 1.50081653e-02+0.00000000e+00j 1.37367216e-02+0.00000000e+00j
 1.33067793e-02+0.00000000e+00j 1.18689430e-02+0.00000000e+00j
 1.17137588e-02+0.00000000e+00j 1.06787672e-02+0.00000000e+00j
 1.01610596e-02+0.00000000e+00j 9.40214758e-03+0.00000000e+00j
 8.78098756e-03+0.00000000e+00j 8.21117009e-03+0.00000000e+00j
 7.48760960e-03+0.00000000e+00j 7.21134869e-03+0.00000000e+00j
 6.66257899e-03+0.00000000e+00j 6.45674394e-03+0.00000000e+00j
 5.86527929e-03+0.00000000e+00j 5.24797995e-03+0.00000000e+00j
 5.03507189e-03+0.00000000e+00j 4.65667692e-03+0.00000000e+00j
 4.55335797e-03+0.00000000e+00j 4.00137444e-03+0.00000000e+00j
 4.17337034e-03+0.00000000e+00j 3.80251151e-03+0.00000000e+00j
 3.32689626e-03+0.00000000e+00j 3.03814386e-03+0.00000000e+00j
 2.90990131e-03+0.00000000e+00j 2.76840741e-03+0.00000000e+00j
 2.48038144e-03+0.00000000e+00j 2.31891545e-03+0.00000000e+00j
 2.24204325e-03+0.00000000e+00j 1.95221778e-03+0.00000000e+00j
 1.88279688e-03+0.00000000e+00j 1.62158929e-03+0.00000000e+00j
 1.52612001e-03+0.00000000e+00j 1.35997975e-03+0.00000000e+00j
 1.21978367e-03+0.00000000e+00j 1.13851549e-03+0.00000000e+00j
 1.07918384e-03+0.00000000e+00j 9.60801549e-04+0.00000000e+00j
 9.01990611e-04+0.00000000e+00j 7.64302309e-04+0.00000000e+00j
 8.49371977e-04+0.00000000e+00j 8.24985291e-04+0.00000000e+00j
 6.69436800e-04+0.00000000e+00j 7.21309904e-04+0.00000000e+00j
 5.38240631e-04+0.00000000e+00j 4.83408937e-04+0.00000000e+00j
 4.34071631e-04+0.00000000e+00j 4.18588963e-04+0.00000000e+00j
 4.01063651e-04+0.00000000e+00j 3.51770304e-04+0.00000000e+00j
 2.99005036e-04+0.00000000e+00j 2.75047904e-04+0.00000000e+00j
 2.28009353e-04+0.00000000e+00j 2.09262232e-04+0.00000000e+00j
 1.13505696e-04+0.00000000e+00j 9.81671427e-05+0.00000000e+00j
 1.45311977e-04+0.00000000e+00j 1.55302941e-04+0.00000000e+00j
 1.69690355e-04+0.00000000e+00j 1.87050794e-04+0.00000000e+00j
 6.11564291e-05+0.00000000e+00j 2.91844387e-05+0.00000000e+00j
 2.19148354e-05+0.00000000e+00j 4.72913482e-05+0.00000000e+00j
 4.61063884e-05+0.00000000e+00j 1.82023084e-05+0.00000000e+00j
 1.22557555e-05+0.00000000e+00j 5.82924156e-06+0.00000000e+00j
 2.50849424e-06+0.00000000e+00j 1.49078694e-06+0.00000000e+00j
 4.49582271e-19+4.68830521e-19j 4.49582271e-19-4.68830521e-19j
 0.00000000e+00+0.00000000e+00j 0.00000000e+00+0.00000000e+00j
 0.00000000e+00+0.00000000e+00j 0.00000000e+00+0.00000000e+00j]
[WARN] using pinv for singular Hessian block
[ERROR] pinv fallback also failed: ufunc 'fabs' not supported for the input types, and the inputs could not be safely coerced to any supported types according to the casting rule ''safe''
[INFO] Saving fit result WITHOUT parameter errors.

########## fit results:
Fit status:  True
Minimal -lnL =  -10831.561524149045
rho(1450)p_mass 1.51
rho(1450)p_width 0.44
rho(1570)p_mass 1.57
rho(1570)p_width 0.14
rho(1690)p_mass 1.681
rho(1690)p_width 0.19
rho(1450)m_mass 1.51
rho(1450)m_width 0.44
rho(1570)m_mass 1.57
rho(1570)m_width 0.14
rho(1690)m_mass 1.681
rho(1690)m_width 0.19
f0(500)_E791_mass 0.478
f2(1270)_flatte_mass 1.2754
f2(1270)_flatte_g_0 0.0735158292211535
f2(1270)_flatte_g_1 1.7015501415162966
f0(1370)_mass 1.37
f0(1370)_width 0.35
f0(1500)_flatte_mass 1.522
f0(1500)_flatte_g_0 0.1266791405596481
f0(1500)_flatte_g_1 0.8109724992067094
f2(1430)_mass 1.43
f2(1430)_width 0.046
f2(2010)_mass 2.011
f2(2010)_width 0.202
Jpsi->rho(1450)p.pimrho(1450)p->phi.pip_total_0r 1.0
Jpsi->rho(1450)p.pimrho(1450)p->phi.pip_total_0i 0.0
Jpsi->rho(1450)p.pim_g_ls_0r 1.0
Jpsi->rho(1450)p.pim_g_ls_0i 0.0
rho(1450)p->phi.pip_g_ls_0r 1.0
rho(1450)p->phi.pip_g_ls_0i 0.0
Jpsi->rho(1570)p.pimrho(1570)p->phi.pip_total_0r -0.27038263558323006
Jpsi->rho(1570)p.pimrho(1570)p->phi.pip_total_0i 0.1726212400457463
Jpsi->rho(1570)p.pim_g_ls_0r 1.0
Jpsi->rho(1570)p.pim_g_ls_0i 0.0
rho(1570)p->phi.pip_g_ls_0r 1.0
rho(1570)p->phi.pip_g_ls_0i 0.0
Jpsi->rho(1690)p.pimrho(1690)p->phi.pip_total_0r 0.03288383267720427
Jpsi->rho(1690)p.pimrho(1690)p->phi.pip_total_0i 1.4620279199395367
Jpsi->rho(1690)p.pim_g_ls_0r 1.0
Jpsi->rho(1690)p.pim_g_ls_0i 0.0
rho(1690)p->phi.pip_g_ls_0r 1.0
rho(1690)p->phi.pip_g_ls_0i 0.0
Jpsi->rho(1450)m.piprho(1450)m->phi.pim_total_0r 1.0
Jpsi->rho(1450)m.piprho(1450)m->phi.pim_total_0i 0.0
Jpsi->rho(1450)m.pip_g_ls_0r 1.0
Jpsi->rho(1450)m.pip_g_ls_0i 0.0
rho(1450)m->phi.pim_g_ls_0r 1.0
rho(1450)m->phi.pim_g_ls_0i 0.0
Jpsi->rho(1570)m.piprho(1570)m->phi.pim_total_0r -0.27038263558323006
Jpsi->rho(1570)m.piprho(1570)m->phi.pim_total_0i 0.1726212400457463
Jpsi->rho(1570)m.pip_g_ls_0r 1.0
Jpsi->rho(1570)m.pip_g_ls_0i 0.0
rho(1570)m->phi.pim_g_ls_0r 1.0
rho(1570)m->phi.pim_g_ls_0i 0.0
Jpsi->rho(1690)m.piprho(1690)m->phi.pim_total_0r 0.03288383267720427
Jpsi->rho(1690)m.piprho(1690)m->phi.pim_total_0i 1.4620279199395367
Jpsi->rho(1690)m.pip_g_ls_0r 1.0
Jpsi->rho(1690)m.pip_g_ls_0i 0.0
rho(1690)m->phi.pim_g_ls_0r 1.0
rho(1690)m->phi.pim_g_ls_0i 0.0
Jpsi->phi.f0(500)_E791f0(500)_E791->pip.pim_total_0r 0.4704328062779674
Jpsi->phi.f0(500)_E791f0(500)_E791->pip.pim_total_0i -3.0744965237329707
Jpsi->phi.f0(500)_E791_g_ls_0r 1.0
Jpsi->phi.f0(500)_E791_g_ls_0i 0.0
Jpsi->phi.f0(500)_E791_g_ls_1r 1.129972084805427
Jpsi->phi.f0(500)_E791_g_ls_1i 0.5843073654155742
f0(500)_E791->pip.pim_g_ls_0r 1.0
f0(500)_E791->pip.pim_g_ls_0i 0.0
Jpsi->phi.f0(980)_flattef0(980)_flatte->pip.pim_total_0r 0.19661589938632879
Jpsi->phi.f0(980)_flattef0(980)_flatte->pip.pim_total_0i 1.8678682853413955
f0(980)_flatte->pip.pim_g_ls_0r 1.0
f0(980)_flatte->pip.pim_g_ls_0i 0.0
Jpsi->phi.f2(1270)_flattef2(1270)_flatte->pip.pim_total_0r 0.34340653858566655
Jpsi->phi.f2(1270)_flattef2(1270)_flatte->pip.pim_total_0i -2.204876049144837
Jpsi->phi.f2(1270)_flatte_g_ls_0r 1.0
Jpsi->phi.f2(1270)_flatte_g_ls_0i 0.0
Jpsi->phi.f2(1270)_flatte_g_ls_1r 0.2707099011553877
Jpsi->phi.f2(1270)_flatte_g_ls_1i 3.0081131262834466
Jpsi->phi.f2(1270)_flatte_g_ls_2r 2.4315098960493517
Jpsi->phi.f2(1270)_flatte_g_ls_2i 1.4349531004928693
Jpsi->phi.f2(1270)_flatte_g_ls_3r 1.8480558695434721
Jpsi->phi.f2(1270)_flatte_g_ls_3i 1.5762100555136787
Jpsi->phi.f2(1270)_flatte_g_ls_4r 2.743650785288881
Jpsi->phi.f2(1270)_flatte_g_ls_4i 0.21903570058745458
f2(1270)_flatte->pip.pim_g_ls_0r 1.0
f2(1270)_flatte->pip.pim_g_ls_0i 0.0
Jpsi->phi.f0(1370)f0(1370)->pip.pim_total_0r 0.525849235210476
Jpsi->phi.f0(1370)f0(1370)->pip.pim_total_0i -0.3020717587692161
Jpsi->phi.f0(1370)_g_ls_0r 1.0
Jpsi->phi.f0(1370)_g_ls_0i 0.0
Jpsi->phi.f0(1370)_g_ls_1r 0.943600537413574
Jpsi->phi.f0(1370)_g_ls_1i 0.7661579258811493
f0(1370)->pip.pim_g_ls_0r 1.0
f0(1370)->pip.pim_g_ls_0i 0.0
Jpsi->phi.f0(1500)_flattef0(1500)_flatte->pip.pim_total_0r 0.05318155430486528
Jpsi->phi.f0(1500)_flattef0(1500)_flatte->pip.pim_total_0i 1.3598749313566882
Jpsi->phi.f0(1500)_flatte_g_ls_0r 1.0
Jpsi->phi.f0(1500)_flatte_g_ls_0i 0.0
Jpsi->phi.f0(1500)_flatte_g_ls_1r 1.3590619287652912
Jpsi->phi.f0(1500)_flatte_g_ls_1i 0.3853941070107858
f0(1500)_flatte->pip.pim_g_ls_0r 1.0
f0(1500)_flatte->pip.pim_g_ls_0i 0.0
Jpsi->phi.f0(1710)f0(1710)->pip.pim_total_0r 0.3147497845811525
Jpsi->phi.f0(1710)f0(1710)->pip.pim_total_0i -0.5741008282208675
f0(1710)->pip.pim_g_ls_0r 1.0
f0(1710)->pip.pim_g_ls_0i 0.0
Jpsi->phi.f2(1430)f2(1430)->pip.pim_total_0r 0.019365825574903205
Jpsi->phi.f2(1430)f2(1430)->pip.pim_total_0i 1.9715520056487268
Jpsi->phi.f2(1430)_g_ls_0r 1.0
Jpsi->phi.f2(1430)_g_ls_0i 0.0
Jpsi->phi.f2(1430)_g_ls_1r 3.3743198050269747
Jpsi->phi.f2(1430)_g_ls_1i -1.94251336734645
Jpsi->phi.f2(1430)_g_ls_2r 2.962051119315303
Jpsi->phi.f2(1430)_g_ls_2i 1.800210947162756
Jpsi->phi.f2(1430)_g_ls_3r 2.1702652119627195
Jpsi->phi.f2(1430)_g_ls_3i -1.8436697630610681
Jpsi->phi.f2(1430)_g_ls_4r 2.6165889764733516
Jpsi->phi.f2(1430)_g_ls_4i -0.773686261511759
f2(1430)->pip.pim_g_ls_0r 1.0
f2(1430)->pip.pim_g_ls_0i 0.0
Jpsi->phi.f2(2010)f2(2010)->pip.pim_total_0r 1.4233136430164544
Jpsi->phi.f2(2010)f2(2010)->pip.pim_total_0i 1.5182194732175862
Jpsi->phi.f2(2010)_g_ls_0r 1.0
Jpsi->phi.f2(2010)_g_ls_0i 0.0
Jpsi->phi.f2(2010)_g_ls_1r 0.07447517479216025
Jpsi->phi.f2(2010)_g_ls_1i -0.586897108886685
Jpsi->phi.f2(2010)_g_ls_2r 0.05521136249473193
Jpsi->phi.f2(2010)_g_ls_2i -2.5787682902930813
Jpsi->phi.f2(2010)_g_ls_3r 0.12891298920400338
Jpsi->phi.f2(2010)_g_ls_3i -2.018358825645401
Jpsi->phi.f2(2010)_g_ls_4r 0.033709813081640755
Jpsi->phi.f2(2010)_g_ls_4i -1.800426475929001
f2(2010)->pip.pim_g_ls_0r 1.0
f2(2010)->pip.pim_g_ls_0i 0.0
K1(1400)p_mass 1.403
K1(1400)p_width 0.174
K2(1820)p_mass 1.819
K2(1820)p_width 0.264
K2(1980)p_mass 1.99
K2(1980)p_width 0.348
K2(2250)p_mass 2.247
K2(2250)p_width 0.18
K3(2320)p_mass 2.324
K3(2320)p_width 0.15
K1(1400)m_mass 1.403
K1(1400)m_width 0.174
K2(1820)m_mass 1.819
K2(1820)m_width 0.264
K2(1980)m_mass 1.99
K2(1980)m_width 0.348
K3(2320)m_mass 2.324
K3(2320)m_width 0.15
f0(980)_flatte_mass 0.965
f0(980)_flatte_g_0 0.2170737654294778
f0(980)_flatte_g_1 10.853243745048427
f2(1270)_mass 1.2754
f2(1270)_width 0.1858
f0(1500)_mass 1.522
f0(1500)_width 0.108
f2(1525)_mass 1.5173
f2(1525)_width 0.072
f2(1565)_mass 1.571
f2(1565)_width 0.132
f0(1710)_mass 1.733
f0(1710)_width 0.15
f2(1810)_mass 1.815
f2(1810)_width 0.197
Jpsi->K1(1400)p.kmK1(1400)p->phi.kp_total_0r 1.0
Jpsi->K1(1400)p.kmK1(1400)p->phi.kp_total_0i 0.0
Jpsi->K1(1400)p.km_g_ls_0r 1.0
Jpsi->K1(1400)p.km_g_ls_0i 0.0
Jpsi->K1(1400)p.km_g_ls_1r 0.5100091833691083
Jpsi->K1(1400)p.km_g_ls_1i -8.047711295762088
K1(1400)p->phi.kp_g_ls_0r 1.0
K1(1400)p->phi.kp_g_ls_0i 0.0
K1(1400)p->phi.kp_g_ls_1r 0.4631936020458656
K1(1400)p->phi.kp_g_ls_1i 1.1360586698451078
Jpsi->K2(1820)p.kmK2(1820)p->phi.kp_total_0r 1.0216164666739427
Jpsi->K2(1820)p.kmK2(1820)p->phi.kp_total_0i -0.9924671991781302
Jpsi->K2(1820)p.km_g_ls_0r 1.0
Jpsi->K2(1820)p.km_g_ls_0i 0.0
Jpsi->K2(1820)p.km_g_ls_1r -0.21742936068308924
Jpsi->K2(1820)p.km_g_ls_1i 2.62154162753767
K2(1820)p->phi.kp_g_ls_0r 1.0
K2(1820)p->phi.kp_g_ls_0i 0.0
K2(1820)p->phi.kp_g_ls_1r 0.16395526586702888
K2(1820)p->phi.kp_g_ls_1i 3.870078312782218
Jpsi->K2(1980)p.kmK2(1980)p->phi.kp_total_0r -0.793005564446835
Jpsi->K2(1980)p.kmK2(1980)p->phi.kp_total_0i -2.612764316463318
Jpsi->K2(1980)p.km_g_ls_0r 1.0
Jpsi->K2(1980)p.km_g_ls_0i 0.0
K2(1980)p->phi.kp_g_ls_0r 1.0
K2(1980)p->phi.kp_g_ls_0i 0.0
Jpsi->K2(2250)p.kmK2(2250)p->phi.kp_total_0r 0.21884039263620725
Jpsi->K2(2250)p.kmK2(2250)p->phi.kp_total_0i -2.4262248098721533
Jpsi->K2(2250)p.km_g_ls_0r 1.0
Jpsi->K2(2250)p.km_g_ls_0i 0.0
Jpsi->K2(2250)p.km_g_ls_1r 0.628296820292851
Jpsi->K2(2250)p.km_g_ls_1i -0.9055434568462856
K2(2250)p->phi.kp_g_ls_0r 1.0
K2(2250)p->phi.kp_g_ls_0i 0.0
K2(2250)p->phi.kp_g_ls_1r 1.264854251248331
K2(2250)p->phi.kp_g_ls_1i 2.5978677934802814
Jpsi->K3(2320)p.kmK3(2320)p->phi.kp_total_0r 0.46245637439648624
Jpsi->K3(2320)p.kmK3(2320)p->phi.kp_total_0i -5.8685833069084135
Jpsi->K3(2320)p.km_g_ls_0r 1.0
Jpsi->K3(2320)p.km_g_ls_0i 0.0
Jpsi->K3(2320)p.km_g_ls_1r -0.35428803445503515
Jpsi->K3(2320)p.km_g_ls_1i 3.847935814835756
K3(2320)p->phi.kp_g_ls_0r 1.0
K3(2320)p->phi.kp_g_ls_0i 0.0
K3(2320)p->phi.kp_g_ls_1r -0.5305490415059883
K3(2320)p->phi.kp_g_ls_1i -0.656509741050966
Jpsi->K1(1400)m.kpK1(1400)m->phi.km_total_0r 1.0
Jpsi->K1(1400)m.kpK1(1400)m->phi.km_total_0i 0.0
Jpsi->K1(1400)m.kp_g_ls_0r 1.0
Jpsi->K1(1400)m.kp_g_ls_0i 0.0
Jpsi->K1(1400)m.kp_g_ls_1r 0.5100091833691083
Jpsi->K1(1400)m.kp_g_ls_1i -8.047711295762088
K1(1400)m->phi.km_g_ls_0r 1.0
K1(1400)m->phi.km_g_ls_0i 0.0
K1(1400)m->phi.km_g_ls_1r 0.4631936020458656
K1(1400)m->phi.km_g_ls_1i 1.1360586698451078
Jpsi->K2(1820)m.kpK2(1820)m->phi.km_total_0r 1.0216164666739427
Jpsi->K2(1820)m.kpK2(1820)m->phi.km_total_0i -0.9924671991781302
Jpsi->K2(1820)m.kp_g_ls_0r 1.0
Jpsi->K2(1820)m.kp_g_ls_0i 0.0
Jpsi->K2(1820)m.kp_g_ls_1r -0.21742936068308924
Jpsi->K2(1820)m.kp_g_ls_1i 2.62154162753767
K2(1820)m->phi.km_g_ls_0r 1.0
K2(1820)m->phi.km_g_ls_0i 0.0
K2(1820)m->phi.km_g_ls_1r 0.16395526586702888
K2(1820)m->phi.km_g_ls_1i 3.870078312782218
Jpsi->K2(1980)m.kpK2(1980)m->phi.km_total_0r -0.793005564446835
Jpsi->K2(1980)m.kpK2(1980)m->phi.km_total_0i -2.612764316463318
Jpsi->K2(1980)m.kp_g_ls_0r 1.0
Jpsi->K2(1980)m.kp_g_ls_0i 0.0
K2(1980)m->phi.km_g_ls_0r 1.0
K2(1980)m->phi.km_g_ls_0i 0.0
Jpsi->K2(2250)p.kpK2(2250)p->phi.km_total_0r 0.24520876763185603
Jpsi->K2(2250)p.kpK2(2250)p->phi.km_total_0i -2.455490057844605
Jpsi->K2(2250)p.kp_g_ls_0r 1.0
Jpsi->K2(2250)p.kp_g_ls_0i 0.0
Jpsi->K2(2250)p.kp_g_ls_1r 0.8563193646541466
Jpsi->K2(2250)p.kp_g_ls_1i -0.5456561651636438
K2(2250)p->phi.km_g_ls_0r 1.0
K2(2250)p->phi.km_g_ls_0i 0.0
K2(2250)p->phi.km_g_ls_1r 0.6838354796397831
K2(2250)p->phi.km_g_ls_1i 2.2623911920926645
Jpsi->K3(2320)m.kpK3(2320)m->phi.km_total_0r 0.46245637439648624
Jpsi->K3(2320)m.kpK3(2320)m->phi.km_total_0i -5.8685833069084135
Jpsi->K3(2320)m.kp_g_ls_0r 1.0
Jpsi->K3(2320)m.kp_g_ls_0i 0.0
Jpsi->K3(2320)m.kp_g_ls_1r -0.35428803445503515
Jpsi->K3(2320)m.kp_g_ls_1i 3.847935814835756
K3(2320)m->phi.km_g_ls_0r 1.0
K3(2320)m->phi.km_g_ls_0i 0.0
K3(2320)m->phi.km_g_ls_1r -0.5305490415059883
K3(2320)m->phi.km_g_ls_1i -0.656509741050966
Jpsi->phi.f0(980)_flattef0(980)_flatte->kp.km_total_0r 0.7224565901802039
Jpsi->phi.f0(980)_flattef0(980)_flatte->kp.km_total_0i -2.6381489829255136
Jpsi->phi.f0(980)_flatte_g_ls_0r 1.0
Jpsi->phi.f0(980)_flatte_g_ls_0i 0.0
Jpsi->phi.f0(980)_flatte_g_ls_1r 0.7172163537039213
Jpsi->phi.f0(980)_flatte_g_ls_1i 0.38013521860336397
f0(980)_flatte->kp.km_g_ls_0r 1.0
f0(980)_flatte->kp.km_g_ls_0i 0.0
Jpsi->phi.f2(1270)f2(1270)->kp.km_total_0r 0.21614535434613633
Jpsi->phi.f2(1270)f2(1270)->kp.km_total_0i 0.22286032252931687
Jpsi->phi.f2(1270)_g_ls_0r 1.0
Jpsi->phi.f2(1270)_g_ls_0i 0.0
Jpsi->phi.f2(1270)_g_ls_1r 0.9983909628683545
Jpsi->phi.f2(1270)_g_ls_1i 0.587180876678004
Jpsi->phi.f2(1270)_g_ls_2r 0.38401948640637906
Jpsi->phi.f2(1270)_g_ls_2i -3.140252839937268
Jpsi->phi.f2(1270)_g_ls_3r 1.02144383533064
Jpsi->phi.f2(1270)_g_ls_3i -1.7491746148411633
Jpsi->phi.f2(1270)_g_ls_4r 1.729473599706237
Jpsi->phi.f2(1270)_g_ls_4i 2.5312065610068917
f2(1270)->kp.km_g_ls_0r 1.0
f2(1270)->kp.km_g_ls_0i 0.0
Jpsi->phi.f0(1500)f0(1500)->kp.km_total_0r 0.21976623995111932
Jpsi->phi.f0(1500)f0(1500)->kp.km_total_0i -0.6828693810230231
Jpsi->phi.f0(1500)_g_ls_0r 1.0
Jpsi->phi.f0(1500)_g_ls_0i 0.0
Jpsi->phi.f0(1500)_g_ls_1r 0.9976261820779898
Jpsi->phi.f0(1500)_g_ls_1i 1.7251938950661208
f0(1500)->kp.km_g_ls_0r 1.0
f0(1500)->kp.km_g_ls_0i 0.0
Jpsi->phi.f2(1525)f2(1525)->kp.km_total_0r 0.6999133154767192
Jpsi->phi.f2(1525)f2(1525)->kp.km_total_0i 1.2406548174729641
Jpsi->phi.f2(1525)_g_ls_0r 1.0
Jpsi->phi.f2(1525)_g_ls_0i 0.0
Jpsi->phi.f2(1525)_g_ls_1r 0.5659138329014151
Jpsi->phi.f2(1525)_g_ls_1i 1.032070493935418
Jpsi->phi.f2(1525)_g_ls_2r 0.7643947801020885
Jpsi->phi.f2(1525)_g_ls_2i -3.060818645836369
Jpsi->phi.f2(1525)_g_ls_3r 0.06310347986934384
Jpsi->phi.f2(1525)_g_ls_3i 0.403699647382334
Jpsi->phi.f2(1525)_g_ls_4r 0.34670650716657736
Jpsi->phi.f2(1525)_g_ls_4i 0.8932850196478039
f2(1525)->kp.km_g_ls_0r 1.0
f2(1525)->kp.km_g_ls_0i 0.0
Jpsi->phi.f2(1565)f2(1565)->kp.km_total_0r 0.5049416511048642
Jpsi->phi.f2(1565)f2(1565)->kp.km_total_0i -1.1723883715693866
Jpsi->phi.f2(1565)_g_ls_0r 1.0
Jpsi->phi.f2(1565)_g_ls_0i 0.0
Jpsi->phi.f2(1565)_g_ls_1r 1.2341303340564926
Jpsi->phi.f2(1565)_g_ls_1i 0.5848549893416006
Jpsi->phi.f2(1565)_g_ls_2r 0.9323732487898367
Jpsi->phi.f2(1565)_g_ls_2i 1.956511741837435
Jpsi->phi.f2(1565)_g_ls_3r 1.161807925158494
Jpsi->phi.f2(1565)_g_ls_3i -1.0895633202920365
Jpsi->phi.f2(1565)_g_ls_4r 0.4297990775556121
Jpsi->phi.f2(1565)_g_ls_4i -2.1303635688287796
f2(1565)->kp.km_g_ls_0r 1.0
f2(1565)->kp.km_g_ls_0i 0.0
Jpsi->phi.f0(1710)f0(1710)->kp.km_total_0r 0.47784155411364676
Jpsi->phi.f0(1710)f0(1710)->kp.km_total_0i 2.456582637478806
Jpsi->phi.f0(1710)_g_ls_0r 1.0
Jpsi->phi.f0(1710)_g_ls_0i 0.0
Jpsi->phi.f0(1710)_g_ls_1r 0.4707125821275403
Jpsi->phi.f0(1710)_g_ls_1i 0.683877400673115
f0(1710)->kp.km_g_ls_0r 1.0
f0(1710)->kp.km_g_ls_0i 0.0
Jpsi->phi.f2(1810)f2(1810)->kp.km_total_0r 0.4560250628755704
Jpsi->phi.f2(1810)f2(1810)->kp.km_total_0i -1.88769096275367
Jpsi->phi.f2(1810)_g_ls_0r 1.0
Jpsi->phi.f2(1810)_g_ls_0i 0.0
Jpsi->phi.f2(1810)_g_ls_1r 1.54511620046058
Jpsi->phi.f2(1810)_g_ls_1i 0.5033085380385107
Jpsi->phi.f2(1810)_g_ls_2r 0.6828701485702174
Jpsi->phi.f2(1810)_g_ls_2i 1.6494697667023397
Jpsi->phi.f2(1810)_g_ls_3r 1.3085866043444097
Jpsi->phi.f2(1810)_g_ls_3i -2.7622284094253757
Jpsi->phi.f2(1810)_g_ls_4r 0.7273304539270805
Jpsi->phi.f2(1810)_g_ls_4i 2.6612087731156553
f2(1810)->kp.km_g_ls_0r 1.0
f2(1810)->kp.km_g_ls_0i 0.0
Finish plotting figure/s0_m_bp
Finish plotting figure/s0_m_bm
Finish plotting figure/s0_m_pipi
Finish plotting figure/s0_Jpsi_bp_pip_alpha
Finish plotting figure/s0_Jpsi_bp_pip_cos(beta)
Finish plotting figure/s0_Jpsi_pipi_pip_cos(beta)
Finish plotting 2D data_hist figure/s0_dalitz_phiPip_phiPim
Finish plotting 2D fitted figure/s0_dalitz_phiPip_phiPim
Finish plotting 2D pull figure/s0_dalitz_phiPip_phiPim
Finish plotting 2D data_hist figure/s0_dalitz_phiPip_PipPim
Finish plotting 2D fitted figure/s0_dalitz_phiPip_PipPim
Finish plotting 2D pull figure/s0_dalitz_phiPip_PipPim
Finish plotting 2D data_hist figure/s0_dalitz_phiPim_PipPim
Finish plotting 2D fitted figure/s0_dalitz_phiPim_PipPim
Finish plotting 2D pull figure/s0_dalitz_phiPim_PipPim
Finish plotting figure/s1_m_kstp
Finish plotting figure/s1_m_kstm
Finish plotting figure/s1_m_kk
Finish plotting figure/s1_Jpsi_kstp_kp_alpha
Finish plotting figure/s1_Jpsi_kstp_kp_cos(beta)
Finish plotting figure/s1_Jpsi_kk_kp_cos(beta)
Finish plotting 2D data_hist figure/s1_dalitz_phiKp_KpKm
Finish plotting 2D fitted figure/s1_dalitz_phiKp_KpKm
Finish plotting 2D pull figure/s1_dalitz_phiKp_KpKm
Finish plotting 2D data_hist figure/s1_dalitz_phiKm_KpKm
Finish plotting 2D fitted figure/s1_dalitz_phiKm_KpKm
Finish plotting 2D pull figure/s1_dalitz_phiKm_KpKm
Finish plotting 2D data_hist figure/s1_dalitz_phiKp_phiKm
Finish plotting 2D fitted figure/s1_dalitz_phiKp_phiKm
Finish plotting 2D pull figure/s1_dalitz_phiKp_phiKm
########## fit fractions channel 0:
rho(1450)p 0.064 +/- 0.017
rho(1570)p 0.017 +/- 0.006
rho(1570)pxrho(1450)p -0.052 +/- 0.016
rho(1690)p 0.00009 +/- 0.00016
rho(1690)pxrho(1570)p 0.000013 +/- 0.000013
rho(1690)pxrho(1450)p -0.000027 +/- 0.000029
rho(1450)m 0.063 +/- 0.017
rho(1450)mxrho(1690)p -0.00001 +/- 0.00004
rho(1450)mxrho(1570)p -0.0029 +/- 0.0009
rho(1450)mxrho(1450)p 0.0082 +/- 0.0022
rho(1570)m 0.017 +/- 0.006
rho(1570)mxrho(1450)m -0.052 +/- 0.016
rho(1570)mxrho(1690)p 0.000020 +/- 0.000019
rho(1570)mxrho(1570)p 0.0013 +/- 0.0005
rho(1570)mxrho(1450)p -0.0029 +/- 0.0009
rho(1690)m 0.00009 +/- 0.00016
rho(1690)mxrho(1570)m 0.000008 +/- 0.000010
rho(1690)mxrho(1450)m -0.000022 +/- 0.000031
rho(1690)mxrho(1690)p 0.00002 +/- 0.00004
rho(1690)mxrho(1570)p 0.000020 +/- 0.000018
rho(1690)mxrho(1450)p -0.00001 +/- 0.00004
f0(500)_E791 0.21 +/- 0.06
f0(500)_E791xrho(1690)m -0.00003 +/- 0.00004
f0(500)_E791xrho(1570)m -0.023 +/- 0.008
f0(500)_E791xrho(1450)m 0.016 +/- 0.012
f0(500)_E791xrho(1690)p -0.00005 +/- 0.00006
f0(500)_E791xrho(1570)p -0.023 +/- 0.008
f0(500)_E791xrho(1450)p 0.016 +/- 0.012
f0(980)_flatte 0.4 +/- 0.1
f0(980)_flattexf0(500)_E791 -0.32 +/- 0.08
f0(980)_flattexrho(1690)m 0.0007 +/- 0.0013
f0(980)_flattexrho(1570)m 0.015 +/- 0.006
f0(980)_flattexrho(1450)m 0.016 +/- 0.009
f0(980)_flattexrho(1690)p 0.0007 +/- 0.0012
f0(980)_flattexrho(1570)p 0.015 +/- 0.007
f0(980)_flattexrho(1450)p 0.016 +/- 0.009
f2(1270)_flatte 0.21 +/- 0.05
f2(1270)_flattexf0(980)_flatte 0.0080 +/- 0.0025
f2(1270)_flattexf0(500)_E791 -0.0041 +/- 0.0022
f2(1270)_flattexrho(1690)m -0.0000 +/- 0.0005
f2(1270)_flattexrho(1570)m 0.0087 +/- 0.0022
f2(1270)_flattexrho(1450)m -0.020 +/- 0.005
f2(1270)_flattexrho(1690)p -0.0000 +/- 0.0005
f2(1270)_flattexrho(1570)p 0.0087 +/- 0.0021
f2(1270)_flattexrho(1450)p -0.020 +/- 0.005
f0(1370) 0.38 +/- 0.13
f0(1370)xf2(1270)_flatte -0.0023 +/- 0.0021
f0(1370)xf0(980)_flatte 0.201 +/- 0.014
f0(1370)xf0(500)_E791 -0.26 +/- 0.05
f0(1370)xrho(1690)m 0.0009 +/- 0.0011
f0(1370)xrho(1570)m 0.006 +/- 0.008
f0(1370)xrho(1450)m 0.016 +/- 0.014
f0(1370)xrho(1690)p 0.0009 +/- 0.0011
f0(1370)xrho(1570)p 0.006 +/- 0.008
f0(1370)xrho(1450)p 0.016 +/- 0.014
f0(1500)_flatte 0.026 +/- 0.018
f0(1500)_flattexf0(1370) 0.028 +/- 0.007
f0(1500)_flattexf2(1270)_flatte -0.0007 +/- 0.0007
f0(1500)_flattexf0(980)_flatte 0.019 +/- 0.009
f0(1500)_flattexf0(500)_E791 -0.046 +/- 0.020
f0(1500)_flattexrho(1690)m 0.00004 +/- 0.00020
f0(1500)_flattexrho(1570)m -0.0002 +/- 0.0008
f0(1500)_flattexrho(1450)m 0.0056 +/- 0.0023
f0(1500)_flattexrho(1690)p 0.00004 +/- 0.00020
f0(1500)_flattexrho(1570)p -0.0002 +/- 0.0007
f0(1500)_flattexrho(1450)p 0.0056 +/- 0.0024
f0(1710) 0.078 +/- 0.024
f0(1710)xf0(1500)_flatte 0.011 +/- 0.004
f0(1710)xf0(1370) 0.027 +/- 0.020
f0(1710)xf2(1270)_flatte -0.0034 +/- 0.0020
f0(1710)xf0(980)_flatte 0.062 +/- 0.014
f0(1710)xf0(500)_E791 -0.138 +/- 0.031
f0(1710)xrho(1690)m -0.0000 +/- 0.0004
f0(1710)xrho(1570)m 0.0093 +/- 0.0028
f0(1710)xrho(1450)m -0.019 +/- 0.006
f0(1710)xrho(1690)p -0.0000 +/- 0.0004
f0(1710)xrho(1570)p 0.0093 +/- 0.0029
f0(1710)xrho(1450)p -0.019 +/- 0.006
f2(1430) 0.014 +/- 0.023
f2(1430)xf0(1710) 0.0006 +/- 0.0005
f2(1430)xf0(1500)_flatte -0.00015 +/- 0.00013
f2(1430)xf0(1370) -0.0036 +/- 0.0027
f2(1430)xf2(1270)_flatte 0.0034 +/- 0.0028
f2(1430)xf0(980)_flatte -0.00033 +/- 0.00031
f2(1430)xf0(500)_E791 0.0004 +/- 0.0005
f2(1430)xrho(1690)m 0.00014 +/- 0.00015
f2(1430)xrho(1570)m 0.0003 +/- 0.0005
f2(1430)xrho(1450)m -0.0010 +/- 0.0005
f2(1430)xrho(1690)p 0.00014 +/- 0.00015
f2(1430)xrho(1570)p 0.0003 +/- 0.0005
f2(1430)xrho(1450)p -0.0010 +/- 0.0005
f2(2010) 0.113 +/- 0.032
f2(2010)xf2(1430) -0.007 +/- 0.006
f2(2010)xf0(1710) -0.008 +/- 0.005
f2(2010)xf0(1500)_flatte 0.0014 +/- 0.0007
f2(2010)xf0(1370) -0.0073 +/- 0.0019
f2(2010)xf2(1270)_flatte -0.098 +/- 0.033
f2(2010)xf0(980)_flatte -0.0011 +/- 0.0007
f2(2010)xf0(500)_E791 0.011 +/- 0.004
f2(2010)xrho(1690)m 0.00007 +/- 0.00012
f2(2010)xrho(1570)m 0.0041 +/- 0.0026
f2(2010)xrho(1450)m -0.013 +/- 0.005
f2(2010)xrho(1690)p 0.00007 +/- 0.00012
f2(2010)xrho(1570)p 0.0042 +/- 0.0027
f2(2010)xrho(1450)p -0.013 +/- 0.005

########## fit fractions channel 1:
K1(1400)p 0.06 +/- 0.14
K2(1820)p 0.05 +/- 0.18
K2(1820)pxK1(1400)p 0.003 +/- 0.013
K2(1980)p 0.02 +/- 0.26
K2(1980)pxK2(1820)p 0.001 +/- 0.008
K2(1980)pxK1(1400)p -0.001 +/- 0.009
K2(2250)p 0.02 +/- 0.14
K2(2250)pxK2(1980)p -0.000 +/- 0.005
K2(2250)pxK2(1820)p -0.02 +/- 0.04
K2(2250)pxK1(1400)p 0.006 +/- 0.019
K3(2320)p 0.02 +/- 0.04
K3(2320)pxK2(2250)p 0.001 +/- 0.006
K3(2320)pxK2(1980)p 0.001 +/- 0.005
K3(2320)pxK2(1820)p -0.004 +/- 0.011
K3(2320)pxK1(1400)p -0.0001 +/- 0.0006
K1(1400)m 0.06 +/- 0.14
K1(1400)mxK3(2320)p 0.003 +/- 0.004
K1(1400)mxK2(2250)p 0.003 +/- 0.011
K1(1400)mxK2(1980)p 0.003 +/- 0.019
K1(1400)mxK2(1820)p -0.010 +/- 0.027
K1(1400)mxK1(1400)p 0.01 +/- 0.09
K2(1820)m 0.05 +/- 0.18
K2(1820)mxK1(1400)m 0.002 +/- 0.012
K2(1820)mxK3(2320)p 0.0008 +/- 0.0023
K2(1820)mxK2(2250)p -0.02 +/- 0.04
K2(1820)mxK2(1980)p 0.004 +/- 0.025
K2(1820)mxK2(1820)p 0.001 +/- 0.005
K2(1820)mxK1(1400)p -0.010 +/- 0.027
K2(1980)m 0.02 +/- 0.26
K2(1980)mxK2(1820)m 0.001 +/- 0.008
K2(1980)mxK1(1400)m -0.001 +/- 0.009
K2(1980)mxK3(2320)p -0.002 +/- 0.016
K2(1980)mxK2(2250)p 0.000 +/- 0.016
K2(1980)mxK2(1980)p 0.01 +/- 0.14
K2(1980)mxK2(1820)p 0.004 +/- 0.025
K2(1980)mxK1(1400)p 0.003 +/- 0.018
K3(2320)m 0.02 +/- 0.04
K3(2320)mxK2(1980)m 0.001 +/- 0.005
K3(2320)mxK2(1820)m -0.004 +/- 0.011
K3(2320)mxK1(1400)m -0.0002 +/- 0.0006
K3(2320)mxK3(2320)p -0.003 +/- 0.006
K3(2320)mxK2(2250)p 0.002 +/- 0.004
K3(2320)mxK2(1980)p -0.002 +/- 0.016
K3(2320)mxK2(1820)p 0.0008 +/- 0.0024
K3(2320)mxK1(1400)p 0.003 +/- 0.004
f0(980)_flatte 0.2 +/- 1.4
f0(980)_flattexK3(2320)m 0.01 +/- 0.05
f0(980)_flattexK2(1980)m -0.02 +/- 0.11
f0(980)_flattexK2(1820)m -0.03 +/- 0.16
f0(980)_flattexK1(1400)m -0.06 +/- 0.13
f0(980)_flattexK3(2320)p 0.01 +/- 0.05
f0(980)_flattexK2(2250)p 0.01 +/- 0.06
f0(980)_flattexK2(1980)p -0.02 +/- 0.11
f0(980)_flattexK2(1820)p -0.03 +/- 0.16
f0(980)_flattexK1(1400)p -0.06 +/- 0.13
f2(1270) 0.0 +/- 0.4
f2(1270)xf0(980)_flatte 0.001 +/- 0.009
f2(1270)xK3(2320)m 0.001 +/- 0.006
f2(1270)xK2(1980)m 0.007 +/- 0.031
f2(1270)xK2(1820)m 0.01 +/- 0.04
f2(1270)xK1(1400)m 0.004 +/- 0.018
f2(1270)xK3(2320)p 0.001 +/- 0.006
f2(1270)xK2(2250)p -0.007 +/- 0.026
f2(1270)xK2(1980)p 0.007 +/- 0.031
f2(1270)xK2(1820)p 0.01 +/- 0.04
f2(1270)xK1(1400)p 0.004 +/- 0.018
f0(1500) 0.1 +/- 1.9
f0(1500)xf2(1270) 0.002 +/- 0.009
f0(1500)xf0(980)_flatte 0.07 +/- 0.29
f0(1500)xK3(2320)m -0.01 +/- 0.04
f0(1500)xK2(1980)m 0.00 +/- 0.06
f0(1500)xK2(1820)m -0.002 +/- 0.007
f0(1500)xK1(1400)m -0.03 +/- 0.23
f0(1500)xK3(2320)p -0.01 +/- 0.04
f0(1500)xK2(2250)p -0.01 +/- 0.04
f0(1500)xK2(1980)p 0.00 +/- 0.06
f0(1500)xK2(1820)p -0.002 +/- 0.008
f0(1500)xK1(1400)p -0.03 +/- 0.23
f2(1525) 0.4 +/- 1.3
f2(1525)xf0(1500) -0.005 +/- 0.033
f2(1525)xf2(1270) 0.05 +/- 0.26
f2(1525)xf0(980)_flatte 0.005 +/- 0.025
f2(1525)xK3(2320)m 0.000 +/- 0.005
f2(1525)xK2(1980)m 0.01 +/- 0.09
f2(1525)xK2(1820)m 0.005 +/- 0.016
f2(1525)xK1(1400)m 0.01 +/- 0.05
f2(1525)xK3(2320)p 0.000 +/- 0.005
f2(1525)xK2(2250)p 0.005 +/- 0.016
f2(1525)xK2(1980)p 0.01 +/- 0.09
f2(1525)xK2(1820)p 0.005 +/- 0.015
f2(1525)xK1(1400)p 0.01 +/- 0.05
f2(1565) 0.2 +/- 2.4
f2(1565)xf2(1525) -0.3 +/- 2.1
f2(1565)xf0(1500) -0.002 +/- 0.006
f2(1565)xf2(1270) -0.04 +/- 0.33
f2(1565)xf0(980)_flatte -0.003 +/- 0.026
f2(1565)xK3(2320)m 0.01 +/- 0.07
f2(1565)xK2(1980)m -0.004 +/- 0.016
f2(1565)xK2(1820)m -0.01 +/- 0.08
f2(1565)xK1(1400)m -0.01 +/- 0.05
f2(1565)xK3(2320)p 0.01 +/- 0.07
f2(1565)xK2(2250)p 0.01 +/- 0.07
f2(1565)xK2(1980)p -0.004 +/- 0.016
f2(1565)xK2(1820)p -0.01 +/- 0.08
f2(1565)xK1(1400)p -0.01 +/- 0.06
f0(1710) 0.17 +/- 0.35
f0(1710)xf2(1565) 0.02 +/- 0.11
f0(1710)xf2(1525) -0.02 +/- 0.06
f0(1710)xf0(1500) -0.01 +/- 0.06
f0(1710)xf2(1270) -0.002 +/- 0.015
f0(1710)xf0(980)_flatte -0.07 +/- 0.27
f0(1710)xK3(2320)m 0.0006 +/- 0.0023
f0(1710)xK2(1980)m -0.005 +/- 0.035
f0(1710)xK2(1820)m -0.010 +/- 0.028
f0(1710)xK1(1400)m 0.05 +/- 0.06
f0(1710)xK3(2320)p 0.0006 +/- 0.0022
f0(1710)xK2(2250)p 0.006 +/- 0.016
f0(1710)xK2(1980)p -0.005 +/- 0.034
f0(1710)xK2(1820)p -0.010 +/- 0.027
f0(1710)xK1(1400)p 0.05 +/- 0.07
f2(1810) 0.10 +/- 0.33
f2(1810)xf0(1710) -0.001 +/- 0.004
f2(1810)xf2(1565) -0.1 +/- 0.8
f2(1810)xf2(1525) 0.02 +/- 0.09
f2(1810)xf0(1500) 0.001 +/- 0.004
f2(1810)xf2(1270) -0.03 +/- 0.18
f2(1810)xf0(980)_flatte -0.002 +/- 0.009
f2(1810)xK3(2320)m -0.004 +/- 0.009
f2(1810)xK2(1980)m -0.0 +/- 0.1
f2(1810)xK2(1820)m -0.02 +/- 0.07
f2(1810)xK1(1400)m -0.001 +/- 0.006
f2(1810)xK3(2320)p -0.003 +/- 0.008
f2(1810)xK2(2250)p 0.004 +/- 0.012
f2(1810)xK2(1980)p -0.01 +/- 0.09
f2(1810)xK2(1820)p -0.02 +/- 0.07
f2(1810)xK1(1400)p -0.001 +/- 0.006


========== JOINT FIT FINISHED ==========
END TIME   : Wed Jul  8 02:28:21 PM CEST 2026
ELAPSED    : 16383 s
========================================
