1.000000000000000000e+00 0.000000000000000000e+00 0.000000000000000000e+00 0.000000000000000000e+00 0.000000000000000000e+00 0.000000000000000000e+00 0.000000000000000000e+00 0.000000000000000000e+00 0.000000000000000000e+00 0.000000000000000000e+00 0.000000000000000000e+00 0.000000000000000000e+00 0.000000000000000000e+00 0.000000000000000000e+00 0.000000000000000000e+00 0.000000000000000000e+00 0.000000000000000000e+00 0.000000000000000000e+00 0.000000000000000000e+00 0.000000000000000000e+00 0.000000000000000000e+00 0.000000000000000000e+00 0.000000000000000000e+00 0.000000000000000000e+00 0.000000000000000000e+00 0.000000000000000000e+00 0.000000000000000000e+00 0.000000000000000000e+00 0.000000000000000000e+00 0.000000000000000000e+00 0.000000000000000000e+00 0.000000000000000000e+00 0.000000000000000000e+00 0.000000000000000000e+00 0.000000000000000000e+00 0.000000000000000000e+00 0.000000000000000000e+00 0.000000000000000000e+00 0.000000000000000000e+00 0.000000000000000000e+00 0.000000000000000000e+00 0.000000000000000000e+00 0.000000000000000000e+00 0.000000000000000000e+00 0.000000000000000000e+00 0.000000000000000000e+00 0.000000000000000000e+00 0.000000000000000000e+00 0.000000000000000000e+00 0.000000000000000000e+00 0.000000000000000000e+00 0.000000000000000000e+00 0.000000000000000000e+00 0.000000000000000000e+00 0.000000000000000000e+00 0.000000000000000000e+00 0.000000000000000000e+00 0.000000000000000000e+00 0.000000000000000000e+00 0.000000000000000000e+00 0.000000000000000000e+00 0.000000000000000000e+00 0.000000000000000000e+00 0.000000000000000000e+00 0.000000000000000000e+00 0.000000000000000000e+00 0.000000000000000000e+00 0.000000000000000000e+00 0.000000000000000000e+00 0.000000000000000000e+00 0.000000000000000000e+00 0.000000000000000000e+00 0.000000000000000000e+00 0.000000000000000000e+00 0.000000000000000000e+00 0.000000000000000000e+00 0.000000000000000000e+00 0.000000000000000000e+00 0.000000000000000000e+00 0.000000000000000000e+00 0.000000000000000000e+00 0.000000000000000000e+00 0.000000000000000000e+00 0.000000000000000000e+00 0.000000000000000000e+00 0.000000000000000000e+00 0.000000000000000000e+00 0.000000000000000000e+00 0.000000000000000000e+00 0.000000000000000000e+00 0.000000000000000000e+00 0.000000000000000000e+00 0.000000000000000000e+00 0.000000000000000000e+00 0.000000000000000000e+00 0.000000000000000000e+00 0.000000000000000000e+00 0.000000000000000000e+00 0.000000000000000000e+00 0.000000000000000000e+00 0.000000000000000000e+00 0.000000000000000000e+00 0.000000000000000000e+00 0.000000000000000000e+00 0.000000000000000000e+00 0.000000000000000000e+00 0.000000000000000000e+00 0.000000000000000000e+00 0.000000000000000000e+00 0.000000000000000000e+00 0.000000000000000000e+00 0.000000000000000000e+00 0.000000000000000000e+00 0.000000000000000000e+00 0.000000000000000000e+00 0.000000000000000000e+00 0.000000000000000000e+00 0.000000000000000000e+00 0.000000000000000000e+00 0.000000000000000000e+00 0.000000000000000000e+00 0.000000000000000000e+00 0.000000000000000000e+00 0.000000000000000000e+00 0.000000000000000000e+00 0.000000000000000000e+00 0.000000000000000000e+00 0.000000000000000000e+00 0.000000000000000000e+00 0.000000000000000000e+00
0.000000000000000000e+00 1.000000000000000000e+00 0.000000000000000000e+00 0.000000000000000000e+00 0.000000000000000000e+00 0.000000000000000000e+00 0.000000000000000000e+00 0.000000000000000000e+00 0.000000000000000000e+00 0.000000000000000000e+00 0.000000000000000000e+00 0.000000000000000000e+00 0.000000000000000000e+00 0.000000000000000000e+00 0.000000000000000000e+00 0.000000000000000000e+00 0.000000000000000000e+00 0.000000000000000000e+00 0.000000000000000000e+00 0.000000000000000000e+00 0.000000000000000000e+00 0.000000000000000000e+00 0.000000000000000000e+00 0.000000000000000000e+00 0.000000000000000000e+00 0.000000000000000000e+00 0.000000000000000000e+00 0.000000000000000000e+00 0.000000000000000000e+00 0.000000000000000000e+00 0.000000000000000000e+00 0.000000000000000000e+00 0.000000000000000000e+00 0.000000000000000000e+00 0.000000000000000000e+00 0.000000000000000000e+00 0.000000000000000000e+00 0.000000000000000000e+00 0.000000000000000000e+00 0.000000000000000000e+00 0.000000000000000000e+00 0.000000000000000000e+00 0.000000000000000000e+00 0.000000000000000000e+00 0.000000000000000000e+00 0.000000000000000000e+00 0.000000000000000000e+00 0.000000000000000000e+00 0.000000000000000000e+00 0.000000000000000000e+00 0.000000000000000000e+00 0.000000000000000000e+00 0.000000000000000000e+00 0.000000000000000000e+00 0.000000000000000000e+00 0.000000000000000000e+00 0.000000000000000000e+00 0.000000000000000000e+00 0.000000000000000000e+00 0.000000000000000000e+00 0.000000000000000000e+00 0.000000000000000000e+00 0.000000000000000000e+00 0.000000000000000000e+00 0.000000000000000000e+00 0.000000000000000000e+00 0.000000000000000000e+00 0.000000000000000000e+00 0.000000000000000000e+00 0.000000000000000000e+00 0.000000000000000000e+00 0.000000000000000000e+00 0.000000000000000000e+00 0.000000000000000000e+00 0.000000000000000000e+00 0.000000000000000000e+00 0.000000000000000000e+00 0.000000000000000000e+00 0.000000000000000000e+00 0.000000000000000000e+00 0.000000000000000000e+00 0.000000000000000000e+00 0.000000000000000000e+00 0.000000000000000000e+00 0.000000000000000000e+00 0.000000000000000000e+00 0.000000000000000000e+00 0.000000000000000000e+00 0.000000000000000000e+00 0.000000000000000000e+00 0.000000000000000000e+00 0.000000000000000000e+00 0.000000000000000000e+00 0.000000000000000000e+00 0.000000000000000000e+00 0.000000000000000000e+00 0.000000000000000000e+00 0.000000000000000000e+00 0.000000000000000000e+00 0.000000000000000000e+00 0.000000000000000000e+00 0.000000000000000000e+00 0.000000000000000000e+00 0.000000000000000000e+00 0.000000000000000000e+00 0.000000000000000000e+00 0.000000000000000000e+00 0.000000000000000000e+00 0.000000000000000000e+00 0.000000000000000000e+00 0.000000000000000000e+00 0.000000000000000000e+00 0.000000000000000000e+00 0.000000000000000000e+00 0.000000000000000000e+00 0.000000000000000000e+00 0.000000000000000000e+00 0.000000000000000000e+00 0.000000000000000000e+00 0.000000000000000000e+00 0.000000000000000000e+00 0.000000000000000000e+00 0.000000000000000000e+00 0.000000000000000000e+00 0.000000000000000000e+00 0.000000000000000000e+00 0.000000000000000000e+00 0.000000000000000000e+00 0.000000000000000000e+00 0.000000000000000000e+00
0.000000000000000000e+00 0.000000000000000000e+00 1.000000000000000000e+00 0.000000000000000000e+00 0.000000000000000000e+00 0.000000000000000000e+00 0.000000000000000000e+00 0.000000000000000000e+00 0.000000000000000000e+00 0.000000000000000000e+00 0.000000000000000000e+00 0.000000000000000000e+00 0.000000000000000000e+00 0.000000000000000000e+00 0.000000000000000000e+00 0.000000000000000000e+00 0.000000000000000000e+00 0.000000000000000000e+00 0.000000000000000000e+00 0.000000000000000000e+00 0.000000000000000000e+00 0.000000000000000000e+00 0.000000000000000000e+00 0.000000000000000000e+00 0.000000000000000000e+00 0.000000000000000000e+00 0.000000000000000000e+00 0.000000000000000000e+00 0.000000000000000000e+00 0.000000000000000000e+00 0.000000000000000000e+00 0.000000000000000000e+00 0.000000000000000000e+00 0.000000000000000000e+00 0.000000000000000000e+00 0.000000000000000000e+00 0.000000000000000000e+00 0.000000000000000000e+00 0.000000000000000000e+00 0.000000000000000000e+00 0.000000000000000000e+00 0.000000000000000000e+00 0.000000000000000000e+00 0.000000000000000000e+00 0.000000000000000000e+00 0.000000000000000000e+00 0.000000000000000000e+00 0.000000000000000000e+00 0.000000000000000000e+00 0.000000000000000000e+00 0.000000000000000000e+00 0.000000000000000000e+00 0.000000000000000000e+00 0.000000000000000000e+00 0.000000000000000000e+00 0.000000000000000000e+00 0.000000000000000000e+00 0.000000000000000000e+00 0.000000000000000000e+00 0.000000000000000000e+00 0.000000000000000000e+00 0.000000000000000000e+00 0.000000000000000000e+00 0.000000000000000000e+00 0.000000000000000000e+00 0.000000000000000000e+00 0.000000000000000000e+00 0.000000000000000000e+00 0.000000000000000000e+00 0.000000000000000000e+00 0.000000000000000000e+00 0.000000000000000000e+00 0.000000000000000000e+00 0.000000000000000000e+00 0.000000000000000000e+00 0.000000000000000000e+00 0.000000000000000000e+00 0.000000000000000000e+00 0.000000000000000000e+00 0.000000000000000000e+00 0.000000000000000000e+00 0.000000000000000000e+00 0.000000000000000000e+00 0.000000000000000000e+00 0.000000000000000000e+00 0.000000000000000000e+00 0.000000000000000000e+00 0.000000000000000000e+00 0.000000000000000000e+00 0.000000000000000000e+00 0.000000000000000000e+00 0.000000000000000000e+00 0.000000000000000000e+00 0.000000000000000000e+00 0.000000000000000000e+00 0.000000000000000000e+00 0.000000000000000000e+00 0.000000000000000000e+00 0.000000000000000000e+00 0.000000000000000000e+00 0.000000000000000000e+00 0.000000000000000000e+00 0.000000000000000000e+00 0.000000000000000000e+00 0.000000000000000000e+00 0.000000000000000000e+00 0.000000000000000000e+00 0.000000000000000000e+00 0.000000000000000000e+00 0.000000000000000000e+00 0.000000000000000000e+00 0.000000000000000000e+00 0.000000000000000000e+00 0.000000000000000000e+00 0.000000000000000000e+00 0.000000000000000000e+00 0.000000000000000000e+00 0.000000000000000000e+00 0.000000000000000000e+00 0.000000000000000000e+00 0.000000000000000000e+00 0.000000000000000000e+00 0.000000000000000000e+00 0.000000000000000000e+00 0.000000000000000000e+00 0.000000000000000000e+00 0.000000000000000000e+00 0.000000000000000000e+00 0.000000000000000000e+00 0.000000000000000000e+00
0.000000000000000000e+00 0.000000000000000000e+00 0.000000000000000000e+00 1.000000000000000000e+00 0.000000000000000000e+00 0.000000000000000000e+00 0.000000000000000000e+00 0.000000000000000000e+00 0.000000000000000000e+00 0.000000000000000000e+00 0.000000000000000000e+00 0.000000000000000000e+00 0.000000000000000000e+00 0.000000000000000000e+00 0.000000000000000000e+00 0.000000000000000000e+00 0.000000000000000000e+00 0.000000000000000000e+00 0.000000000000000000e+00 0.000000000000000000e+00 0.000000000000000000e+00 0.000000000000000000e+00 0.000000000000000000e+00 0.000000000000000000e+00 0.000000000000000000e+00 0.000000000000000000e+00 0.000000000000000000e+00 0.000000000000000000e+00 0.000000000000000000e+00 0.000000000000000000e+00 0.000000000000000000e+00 0.000000000000000000e+00 0.000000000000000000e+00 0.000000000000000000e+00 0.000000000000000000e+00 0.000000000000000000e+00 0.000000000000000000e+00 0.000000000000000000e+00 0.000000000000000000e+00 0.000000000000000000e+00 0.000000000000000000e+00 0.000000000000000000e+00 0.000000000000000000e+00 0.000000000000000000e+00 0.000000000000000000e+00 0.000000000000000000e+00 0.000000000000000000e+00 0.000000000000000000e+00 0.000000000000000000e+00 0.000000000000000000e+00 0.000000000000000000e+00 0.000000000000000000e+00 0.000000000000000000e+00 0.000000000000000000e+00 0.000000000000000000e+00 0.000000000000000000e+00 0.000000000000000000e+00 0.000000000000000000e+00 0.000000000000000000e+00 0.000000000000000000e+00 0.000000000000000000e+00 0.000000000000000000e+00 0.000000000000000000e+00 0.000000000000000000e+00 0.000000000000000000e+00 0.000000000000000000e+00 0.000000000000000000e+00 0.000000000000000000e+00 0.000000000000000000e+00 0.000000000000000000e+00 0.000000000000000000e+00 0.000000000000000000e+00 0.000000000000000000e+00 0.000000000000000000e+00 0.000000000000000000e+00 0.000000000000000000e+00 0.000000000000000000e+00 0.000000000000000000e+00 0.000000000000000000e+00 0.000000000000000000e+00 0.000000000000000000e+00 0.000000000000000000e+00 0.000000000000000000e+00 0.000000000000000000e+00 0.000000000000000000e+00 0.000000000000000000e+00 0.000000000000000000e+00 0.000000000000000000e+00 0.000000000000000000e+00 0.000000000000000000e+00 0.000000000000000000e+00 0.000000000000000000e+00 0.000000000000000000e+00 0.000000000000000000e+00 0.000000000000000000e+00 0.000000000000000000e+00 0.000000000000000000e+00 0.000000000000000000e+00 0.000000000000000000e+00 0.000000000000000000e+00 0.000000000000000000e+00 0.000000000000000000e+00 0.000000000000000000e+00 0.000000000000000000e+00 0.000000000000000000e+00 0.000000000000000000e+00 0.000000000000000000e+00 0.000000000000000000e+00 0.000000000000000000e+00 0.000000000000000000e+00 0.000000000000000000e+00 0.000000000000000000e+00 0.000000000000000000e+00 0.000000000000000000e+00 0.000000000000000000e+00 0.000000000000000000e+00 0.000000000000000000e+00 0.000000000000000000e+00 0.000000000000000000e+00 0.000000000000000000e+00 0.000000000000000000e+00 0.000000000000000000e+00 0.000000000000000000e+00 0.000000000000000000e+00 0.000000000000000000e+00 0.000000000000000000e+00 0.000000000000000000e+00 0.000000000000000000e+00 0.000000000000000000e+00 0.000000000000000000e+00
0.000000000000000000e+00 0.000000000000000000e+00 0.000000000000000000e+00 0.000000000000000000e+00 1.000000000000000000e+00 0.000000000000000000e+00 0.000000000000000000e+00 0.000000000000000000e+00 0.000000000000000000e+00 0.000000000000000000e+00 0.000000000000000000e+00 0.000000000000000000e+00 0.000000000000000000e+00 0.000000000000000000e+00 0.000000000000000000e+00 0.000000000000000000e+00 0.000000000000000000e+00 0.000000000000000000e+00 0.000000000000000000e+00 0.000000000000000000e+00 0.000000000000000000e+00 0.000000000000000000e+00 0.000000000000000000e+00 0.000000000000000000e+00 0.000000000000000000e+00 0.000000000000000000e+00 0.000000000000000000e+00 0.000000000000000000e+00 0.000000000000000000e+00 0.000000000000000000e+00 0.000000000000000000e+00 0.000000000000000000e+00 0.000000000000000000e+00 0.000000000000000000e+00 0.000000000000000000e+00 0.000000000000000000e+00 0.000000000000000000e+00 0.000000000000000000e+00 0.000000000000000000e+00 0.000000000000000000e+00 0.000000000000000000e+00 0.000000000000000000e+00 0.000000000000000000e+00 0.000000000000000000e+00 0.000000000000000000e+00 0.000000000000000000e+00 0.000000000000000000e+00 0.000000000000000000e+00 0.000000000000000000e+00 0.000000000000000000e+00 0.000000000000000000e+00 0.000000000000000000e+00 0.000000000000000000e+00 0.000000000000000000e+00 0.000000000000000000e+00 0.000000000000000000e+00 0.000000000000000000e+00 0.000000000000000000e+00 0.000000000000000000e+00 0.000000000000000000e+00 0.000000000000000000e+00 0.000000000000000000e+00 0.000000000000000000e+00 0.000000000000000000e+00 0.000000000000000000e+00 0.000000000000000000e+00 0.000000000000000000e+00 0.000000000000000000e+00 0.000000000000000000e+00 0.000000000000000000e+00 0.000000000000000000e+00 0.000000000000000000e+00 0.000000000000000000e+00 0.000000000000000000e+00 0.000000000000000000e+00 0.000000000000000000e+00 0.000000000000000000e+00 0.000000000000000000e+00 0.000000000000000000e+00 0.000000000000000000e+00 0.000000000000000000e+00 0.000000000000000000e+00 0.000000000000000000e+00 0.000000000000000000e+00 0.000000000000000000e+00 0.000000000000000000e+00 0.000000000000000000e+00 0.000000000000000000e+00 0.000000000000000000e+00 0.000000000000000000e+00 0.000000000000000000e+00 0.000000000000000000e+00 0.000000000000000000e+00 0.000000000000000000e+00 0.000000000000000000e+00 0.000000000000000000e+00 0.000000000000000000e+00 0.000000000000000000e+00 0.000000000000000000e+00 0.000000000000000000e+00 0.000000000000000000e+00 0.000000000000000000e+00 0.000000000000000000e+00 0.000000000000000000e+00 0.000000000000000000e+00 0.000000000000000000e+00 0.000000000000000000e+00 0.000000000000000000e+00 0.000000000000000000e+00 0.000000000000000000e+00 0.000000000000000000e+00 0.000000000000000000e+00 0.000000000000000000e+00 0.000000000000000000e+00 0.000000000000000000e+00 0.000000000000000000e+00 0.000000000000000000e+00 0.000000000000000000e+00 0.000000000000000000e+00 0.000000000000000000e+00 0.000000000000000000e+00 0.000000000000000000e+00 0.000000000000000000e+00 0.000000000000000000e+00 0.000000000000000000e+00 0.000000000000000000e+00 0.000000000000000000e+00 0.000000000000000000e+00 0.000000000000000000e+00 0.000000000000000000e+00
0.000000000000000000e+00 0.000000000000000000e+00 0.000000000000000000e+00 0.000000000000000000e+00 0.000000000000000000e+00 1.000000000000000000e+00 0.000000000000000000e+00 0.000000000000000000e+00 0.000000000000000000e+00 0.000000000000000000e+00 0.000000000000000000e+00 0.000000000000000000e+00 0.000000000000000000e+00 0.000000000000000000e+00 0.000000000000000000e+00 0.000000000000000000e+00 0.000000000000000000e+00 0.000000000000000000e+00 0.000000000000000000e+00 0.000000000000000000e+00 0.000000000000000000e+00 0.000000000000000000e+00 0.000000000000000000e+00 0.000000000000000000e+00 0.000000000000000000e+00 0.000000000000000000e+00 0.000000000000000000e+00 0.000000000000000000e+00 0.000000000000000000e+00 0.000000000000000000e+00 0.000000000000000000e+00 0.000000000000000000e+00 0.000000000000000000e+00 0.000000000000000000e+00 0.000000000000000000e+00 0.000000000000000000e+00 0.000000000000000000e+00 0.000000000000000000e+00 0.000000000000000000e+00 0.000000000000000000e+00 0.000000000000000000e+00 0.000000000000000000e+00 0.000000000000000000e+00 0.000000000000000000e+00 0.000000000000000000e+00 0.000000000000000000e+00 0.000000000000000000e+00 0.000000000000000000e+00 0.000000000000000000e+00 0.000000000000000000e+00 0.000000000000000000e+00 0.000000000000000000e+00 0.000000000000000000e+00 0.000000000000000000e+00 0.000000000000000000e+00 0.000000000000000000e+00 0.000000000000000000e+00 0.000000000000000000e+00 0.000000000000000000e+00 0.000000000000000000e+00 0.000000000000000000e+00 0.000000000000000000e+00 0.000000000000000000e+00 0.000000000000000000e+00 0.000000000000000000e+00 0.000000000000000000e+00 0.000000000000000000e+00 0.000000000000000000e+00 0.000000000000000000e+00 0.000000000000000000e+00 0.000000000000000000e+00 0.000000000000000000e+00 0.000000000000000000e+00 0.000000000000000000e+00 0.000000000000000000e+00 0.000000000000000000e+00 0.000000000000000000e+00 0.000000000000000000e+00 0.000000000000000000e+00 0.000000000000000000e+00 0.000000000000000000e+00 0.000000000000000000e+00 0.000000000000000000e+00 0.000000000000000000e+00 0.000000000000000000e+00 0.000000000000000000e+00 0.000000000000000000e+00 0.000000000000000000e+00 0.000000000000000000e+00 0.000000000000000000e+00 0.000000000000000000e+00 0.000000000000000000e+00 0.000000000000000000e+00 0.000000000000000000e+00 0.000000000000000000e+00 0.000000000000000000e+00 0.000000000000000000e+00 0.000000000000000000e+00 0.000000000000000000e+00 0.000000000000000000e+00 0.000000000000000000e+00 0.000000000000000000e+00 0.000000000000000000e+00 0.000000000000000000e+00 0.000000000000000000e+00 0.000000000000000000e+00 0.000000000000000000e+00 0.000000000000000000e+00 0.000000000000000000e+00 0.000000000000000000e+00 0.000000000000000000e+00 0.000000000000000000e+00 0.000000000000000000e+00 0.000000000000000000e+00 0.000000000000000000e+00 0.000000000000000000e+00 0.000000000000000000e+00 0.000000000000000000e+00 0.000000000000000000e+00 0.000000000000000000e+00 0.000000000000000000e+00 0.000000000000000000e+00 0.000000000000000000e+00 0.000000000000000000e+00 0.000000000000000000e+00 0.000000000000000000e+00 0.000000000000000000e+00 0.000000000000000000e+00 0.000000000000000000e+00 0.000000000000000000e+00
0.000000000000000000e+00 0.000000000000000000e+00 0.000000000000000000e+00 0.000000000000000000e+00 0.000000000000000000e+00 0.000000000000000000e+00 2.146788514365265826e-02 2.971132552770856024e-03 2.970964455530695353e-02 -6.933559037540789650e-03 -1.959650624814607278e-01 -8.114636689754190987e-03 -2.483547856044070710e-03 9.680104415561536710e-04 -7.918413917857405893e-02 -7.782485327282344899e-03 -4.363274346807997570e-03 -3.217844211234499596e-02 4.022013302515064365e-02 2.600019136255375327e-02 2.162053987985076628e-02 2.217374376356579316e-02 2.081894603709970315e-02 2.882901634993791790e-02 -4.878479703274151563e-02 3.242655219787075882e-02 8.356252311279108169e-02 -7.458724674024328448e-03 1.245323821689243993e-03 8.584590772255830263e-04 -1.911590919168099645e-01 -8.845335337984230190e-03 -1.044930884818420043e-03 2.915080877506098615e-03 1.017292838488990762e-02 -9.610970798527919065e-03 1.789850509172031048e-02 -1.601337674965401178e-02 -5.716066965547575603e-03 4.701408689787689443e-03 -2.362578306125055153e-03 6.005635441153038198e-03 -5.631756063782365589e-03 9.142020028738073387e-03 1.342938671220883506e-02 2.793317623482667860e-03 0.000000000000000000e+00 0.000000000000000000e+00 2.271506889958013926e-03 2.353900487744884761e-03 -4.106902398626210982e-03 -2.065074038166350582e-04 -4.881120607954497585e-03 7.601348817638913782e-04 -6.236426651651188298e-04 -4.153818165569353894e-04 5.426805941416548490e-06 -8.815984312140508336e-04 -3.821454614600248035e-03 1.945630361715459293e-03 2.988244455875252079e-04 -7.842535287173734316e-04 -3.349433359853275401e-04 6.145562307414257925e-04 -2.554800350417653961e-03 1.411463245584172310e-03 -1.031337776803502391e-03 1.556768872868988067e-03 -5.101603755539542082e-04 1.128368596850898818e-03 1.063561403192721374e-03 -1.191707746963013761e-03 1.592852529541961674e-05 -1.169812030373203193e-03 -3.260777229994720611e-03 7.710215529653005996e-04 1.977392543505865873e-03 1.376978341739549909e-03 -5.950162844004566048e-03 1.535872683158606483e-03 -1.556820981678515596e-03 1.162430083892200365e-03 -5.806714070841210214e-04 1.305451420500389507e-03 -1.488870052073438871e-04 -1.182316601783271124e-04 1.829238096073970352e-03 -8.522511996514110138e-04 -2.717176825138410690e-03 -2.679639152373925696e-04 -2.724165474026634531e-03 -7.201058836224037262e-04 -7.657724975941085626e-04 2.300530096411115052e-03 3.287787494310990492e-04 -1.210392889003105528e-03 -5.087821874577607567e-03 1.350081148549154252e-03 3.223286077958597597e-03 -6.850884542769363102e-04 1.606041487597590451e-03 -3.100020599645072952e-04 9.919394462079434826e-04 1.390684169870177816e-04 8.621560168822941638e-04 -7.871079766808215025e-04 -4.736957132069813392e-03 1.667810521641438634e-03 1.069550809409380160e-02 -1.973752383353591985e-03 -4.909999326939134580e-03 -1.700460069184611374e-03 4.585247855745554907e-03 -1.044389014242012035e-03 1.002883142807895270e-02 -9.215203703793284438e-04 2.933225275404727043e-03 8.579981779208799677e-04 2.993724966564560936e-04 -2.813648959732874960e-03 -4.646330356153979303e-03 6.787123218192359086e-03 1.365794859864502900e-02 -6.415463769575515014e-03 -1.346752112789787424e-02 -5.921417596348788059e-03 -1.116067947600671122e-02 -6.044370872417353067e-03 1.429544592863115672e-02 -6.325514422312140082e-03
0.000000000000000000e+00 0.000000000000000000e+00 0.000000000000000000e+00 0.000000000000000000e+00 0.000000000000000000e+00 0.000000000000000000e+00 2.971132552765554709e-03 1.137047787476264810e-01 2.557733121545999189e-02 5.870214079770393056e-02 -1.604574886518368437e-01 5.548551845585441428e-02 1.766041973086488219e-06 -1.286353731546227520e-03 -6.039073004777941595e-02 5.403359572695633217e-02 -3.491209468933727245e-03 9.027447205971650401e-02 -4.867779597379323121e-03 -2.823975072837570099e-02 5.699854808824716262e-03 -3.917122585607340363e-02 3.476692935644669358e-02 -3.411299571433210748e-02 -8.832694939019064551e-02 -3.132864608063220396e-02 6.553049826946180656e-02 5.417093543465675148e-02 -1.043988343498937878e-03 -1.338329634481708573e-03 -1.552791197198702677e-01 5.640668850821282249e-02 -2.642326929441435128e-04 -3.609402750516214550e-03 6.440489502221881032e-03 5.726432907009748607e-02 2.484023436386996811e-02 7.497403839487684629e-02 -1.854429500268234624e-02 -3.131027650109996507e-02 -4.859334880564190884e-02 -2.807431554693919085e-02 -5.703228791880456117e-02 -1.564030017768111569e-02 8.519062829779353724e-03 -3.279314013006604661e-02 0.000000000000000000e+00 0.000000000000000000e+00 3.154858926032944304e-03 3.389742939197770179e-03 -1.714659530471557844e-03 -5.483616694885568542e-04 -6.874899946077277788e-04 2.297885817932864613e-03 4.047510862162499203e-04 1.142593663362181065e-03 1.364047256116305857e-04 -1.278188548618492846e-03 -1.390943943633969528e-03 1.505156668761135994e-03 7.622315698836338140e-04 3.878199308784075709e-03 1.284506822596315212e-03 -6.216678397821507294e-04 2.684340628494765683e-03 -9.690532276063711353e-04 2.549136338123525404e-04 9.038743717243210695e-04 -3.517176512170409278e-03 1.238781940870291396e-03 1.018330788681183745e-03 -2.890036622363891775e-04 -1.340506355292265541e-04 1.099160150664528230e-03 1.224264569679775006e-03 1.446640798282367631e-03 2.661079716985083506e-03 -2.292561325094726347e-04 -5.415174484487149430e-05 1.711602375900758005e-03 -1.905842721978470320e-03 1.436525337859911183e-03 -4.757900717524807168e-04 4.775052924391649280e-03 -3.612896226270609010e-03 -2.217172186777155267e-03 -1.421113090856481571e-04 -2.971857186316386422e-03 -1.599179655957241267e-03 -1.854965575754344027e-03 -2.016159629049093854e-04 -3.385168562712314710e-03 -3.664282938859444658e-04 5.783473088793903783e-04 1.209939768792350897e-03 1.393499746409827692e-03 -6.904915119157073065e-04 1.799049967667500647e-03 -9.577833331999511656e-04 4.517629078732159249e-04 -3.619167798630310820e-04 -2.183554357286135423e-05 6.969152902613879414e-05 -5.606531505857250287e-04 4.757777148465469960e-05 -9.256504722427664599e-05 -2.726389101348578904e-03 -6.055108063028484576e-04 4.129572700513031887e-03 2.817675039043030481e-03 -2.310429999612063825e-03 2.276889333164502319e-03 5.239626050957515817e-03 2.662507080884001041e-03 8.192304529449748879e-03 2.361500497908346815e-03 4.985503587817762634e-04 1.301393565096828136e-03 -1.208309012708127378e-03 -5.743721169052529163e-04 -3.601612592164237913e-03 1.058900539262083371e-02 1.281034074878860569e-02 -7.348948514742827468e-03 -1.127146292351196080e-02 -9.878817565900465184e-03 -9.661922543965324045e-03 -9.575164813333297137e-03 1.389730711602375074e-02 -8.160684645970188444e-03
0.000000000000000000e+00 0.000000000000000000e+00 0.000000000000000000e+00 0.000000000000000000e+00 0.000000000000000000e+00 0.000000000000000000e+00 2.970964455530452145e-02 2.557733121546517177e-02 5.451544803699670538e-02 8.477425234055072653e-04 -3.262415553973521121e-01 -2.360687864174594499e-03 -5.291346427819885144e-03 1.105200952890002990e-03 -1.325526655706874835e-01 -1.240741249433222624e-03 -6.073622068968526945e-03 -4.825893297789724673e-02 7.716289528563180511e-04 5.377669993481918459e-02 -2.088223406985925679e-02 4.105367874462370614e-02 -5.956768528343707458e-02 5.617388406538965234e-02 -2.387317102840252198e-02 6.212733981654816606e-02 1.389484756243469787e-01 -1.599357347704925218e-03 2.670551935576501428e-03 1.333624612286353614e-03 -3.207718130727355565e-01 -3.643767495010440637e-03 -2.500144786954670417e-03 5.232561567803525708e-03 1.744836999495829460e-02 -3.877968757682199834e-03 3.006295281766493618e-02 -1.339665837714461641e-02 -1.438573794334147568e-03 7.019165230528212791e-03 -3.093319617470268248e-03 6.380869587123387185e-03 -8.292496356740555394e-03 1.448372795813966316e-02 1.987942074660787803e-02 4.147383084472144703e-03 0.000000000000000000e+00 0.000000000000000000e+00 4.195351028905734518e-03 5.563699048949675117e-03 -8.675281245137590747e-03 -3.896195686545309727e-04 -9.922653515697512500e-03 2.708107714167163303e-03 -1.483615317016079163e-03 -1.030100196568096592e-03 -1.724572102485484083e-05 -2.076503618736451340e-03 -7.944882027446155057e-03 4.870687521035253417e-03 9.741426250869751266e-04 -2.181033897706499171e-03 -4.650750281051576479e-05 2.074517171241507633e-03 -4.145890204024815437e-03 3.176491081184997997e-03 -2.648892969417640693e-03 3.758931696249247136e-03 -1.567582059713523279e-03 2.114463637980366038e-03 4.802044148025790514e-03 -1.763381559764120319e-03 -2.049300897427002550e-04 -4.334449645981256101e-03 -5.912652585152795154e-03 3.089684467680813007e-03 2.614273053160836701e-03 3.916570586000405613e-03 -1.236688567734899914e-02 4.037904832412762129e-03 -3.470527207828816817e-03 1.982729424763575356e-03 -1.184314930422484830e-03 3.455184737256577869e-03 -1.554951328839336783e-03 8.379364113404627308e-05 4.596684739213163957e-03 -2.038285859053151020e-03 -7.147908602647335373e-03 -9.990587740581909591e-04 -6.621614140983971518e-03 -1.580922864676886745e-03 -1.733963442174126998e-03 5.110000566360919927e-03 1.192209310792714111e-03 -2.103673998278814995e-03 -1.040066548615277767e-02 3.993568569552783699e-03 6.178940495292216048e-03 -1.723818549066164071e-03 2.781107771027528826e-03 -7.624227201533330302e-04 1.893716570435253869e-03 -5.268838507525223751e-04 1.838117999815200689e-03 -2.288133124072643573e-03 -9.492737728171753153e-03 3.651768116000120214e-03 1.996762909091649024e-02 -3.148463607054897018e-03 -9.452928605171368945e-03 -3.243767447646641808e-03 9.350115164647739008e-03 -9.011032965410047460e-04 1.900455713587244355e-02 -1.586562495042498442e-03 6.257336004884108370e-03 2.669860094583012891e-03 8.757609474542427238e-04 -5.488450401739269208e-03 -1.019058244863822044e-02 1.481261712588887065e-02 3.108661664034663777e-02 -1.286707802288327394e-02 -2.992143064307640002e-02 -1.196737899883860978e-02 -2.437839780337170900e-02 -1.199626762957880545e-02 3.220811225354585500e-02 -1.286204429143001510e-02
0.000000000000000000e+00 0.000000000000000000e+00 0.000000000000000000e+00 0.000000000000000000e+00 0.000000000000000000e+00 0.000000000000000000e+00 -6.933559037547545531e-03 5.870214079769382060e-02 8.477425233929969817e-04 4.794048566669124878e-02 1.439105427798583088e-02 3.961703319952801505e-02 -6.682926738148203642e-04 -2.387227622035529868e-03 9.203771630405501586e-03 3.883533931779122039e-02 1.506205049988426853e-03 8.210351149142924854e-02 -8.028826642564326765e-02 -4.506643234818933502e-02 -7.866829623723869958e-02 -4.139620423845206260e-02 -5.855842100938165457e-02 -4.986174536841735810e-02 2.135519844480343599e-02 -5.178683371513050082e-02 -9.321058595375450451e-03 3.822486144295499100e-02 6.382432792571686398e-04 -3.102227749723709266e-03 1.319173473791590383e-02 4.051305935408327369e-02 -7.505267543982281891e-04 -2.948012250062553418e-03 -1.978457973962752768e-03 4.127610278298451257e-02 1.284097451475679948e-02 5.925832935078865354e-02 -3.176941445002565839e-02 -3.252935068164997112e-02 -6.257406543862360782e-02 -2.844340567265503730e-02 -7.932396010376174811e-02 -2.439652109336308897e-02 1.873155091170669237e-02 -4.045880905016617513e-02 0.000000000000000000e+00 0.000000000000000000e+00 -5.631150174126910721e-05 1.889914791578251431e-03 -8.127378785292002422e-04 4.460146385057117929e-04 -8.410954567865294284e-04 2.090156116520667812e-03 -3.978643376031307244e-04 -8.604260228906232804e-04 -3.068300845543640680e-04 -1.886005315402340806e-03 -3.116937589115215557e-04 1.158906250165328252e-03 6.948392963855814890e-04 8.347063691562346070e-04 -6.087833665443628979e-04 1.011505732573227991e-03 6.343573648966207949e-03 2.764921142783882202e-04 -3.320162105750491788e-04 9.855743778049469613e-04 -1.330171413627475154e-03 1.521714405346160466e-03 1.178743881192728486e-04 4.444880617775093137e-05 -1.804853680027458478e-04 -1.393232095819921332e-03 -2.213070214939256639e-03 2.196051105295065715e-03 -4.167787691095646910e-03 1.419659378126430973e-03 -5.130777721397053849e-04 1.603227520155983427e-03 -1.119487918996792467e-03 -7.780354864280248674e-04 5.142632054041384061e-04 2.242944710722504040e-03 -4.452039976027185805e-03 -7.785315427228827519e-04 2.725851206771426425e-03 -1.870952877974713709e-03 -5.466923696682699646e-03 -9.583292838467670060e-04 -2.573399353837694040e-03 -2.183308758778055702e-03 -1.347643021078908678e-04 1.502932801976221118e-03 -5.091991694854610404e-04 4.070508568137705960e-04 -3.287547049166958738e-04 1.279231435801587557e-03 -1.065298167506657312e-03 6.140635510334569065e-04 -6.743784438019303183e-04 6.991939987303104473e-04 2.404809257961694913e-04 -3.154293431505971216e-04 -4.854420530589198253e-04 4.780869392511074081e-04 -1.444603539859094961e-04 -3.115384350853376422e-04 -3.011528909971883730e-03 2.480132301911827913e-03 1.537118524664860897e-03 2.454762507933319193e-03 1.396215320952320406e-03 2.701060063319151924e-03 -1.633840807651684365e-03 1.779536239220634586e-03 7.000284390833301333e-04 1.557782487509397394e-03 -1.819550981556337693e-04 -6.020703023774320699e-03 -1.788047406014531965e-03 4.635119632698293975e-03 5.798472689621443979e-03 -2.060060363926644739e-03 -5.660122209587001470e-03 -2.921118494444060673e-03 -3.735012456514376876e-03 -3.440785499270646117e-03 6.014136895899388317e-03 -2.907368017074885361e-03
0.000000000000000000e+00 0.000000000000000000e+00 0.000000000000000000e+00 0.000000000000000000e+00 0.000000000000000000e+00 0.000000000000000000e+00 -1.959650624814485431e-01 -1.604574886518612131e-01 -3.262415553973507243e-01 1.439105427792212490e-02 2.246298317184743709e+00 2.018064151020715000e-02 2.367530216960496772e-02 -2.989589891187237683e-04 8.992387918143596170e-01 2.015126390459163336e-02 6.045637482870363372e-02 2.418499538505644308e-01 -1.009598438229040163e+00 -2.695638949117054040e-01 -7.552137109498873180e-01 -1.980510600880326100e-01 -9.817201436206950405e-01 -2.935568491740878083e-01 1.142417761248279318e+00 -3.313419169828337174e-01 -9.553399289661987925e-01 1.124675482092149167e-02 -8.952364689792106228e-03 -1.083436023958348447e-03 2.180617756070436286e+00 2.827104243989052995e-02 9.319627557616722360e-03 -2.273839350368294515e-02 -1.189635135076530514e-01 6.230478197652807026e-02 -2.010861863957169871e-01 1.195184961148355873e-01 2.128767458117548222e-02 -1.032970392646851421e-01 3.014444673736846325e-02 -7.895904593058984677e-02 7.673278088757710946e-02 -1.300397376427713525e-01 -1.231401071057477981e-01 -5.281022493658853872e-02 0.000000000000000000e+00 0.000000000000000000e+00 -1.998087227715261011e-02 -2.657066510362543141e-02 3.484352334247644428e-02 2.276000202779630138e-03 4.483461998265901582e-02 -1.039694256842971058e-02 3.063086754029532843e-03 3.281781418096741797e-03 -1.449061350401681597e-04 8.785168069323247980e-03 3.544363893332667242e-02 -1.975424673649351856e-02 -3.086202285649525864e-03 2.684020163634773335e-03 2.168134006849041246e-03 -8.126786755809625382e-03 1.727853696188370522e-02 -1.075479608093664503e-02 8.621670147157462979e-03 -1.526692858450552637e-02 7.737395467119867302e-03 -8.630868775079299227e-03 -1.026374084097910269e-02 8.870495216156185775e-03 -8.146647015094064369e-04 1.339231968551820098e-02 3.543727672343223445e-02 -1.382589520951321357e-02 -1.823683161259824492e-02 -1.326011761429029753e-02 5.141232404343351603e-02 -1.621608955672077315e-02 1.641185195061316271e-02 -1.045507438324757947e-02 7.097194589796580744e-03 -1.799975764923313418e-02 -2.564390703221697612e-04 2.442628433446591626e-03 -1.345442149154874902e-02 1.037942526234523176e-02 2.088569768699604506e-02 4.599745751494937161e-03 2.372136329355037723e-02 8.183822215728225533e-03 6.261933647660401780e-03 -1.831377975416612416e-02 -1.575323551932433785e-03 4.891111369998668058e-03 4.596833336457214342e-02 -1.491113284541631910e-02 -2.734666144580736799e-02 6.008802386290474154e-03 -1.374551438082622160e-02 3.138846830373517166e-03 -8.456526940175922158e-03 -3.228145412349983125e-03 -8.260558321542032026e-03 5.469557482943988511e-03 4.471585619958116237e-02 -1.174023299562689839e-02 -9.699460208518884130e-02 1.095397688377137274e-02 4.495719627455999068e-02 1.143474940661038872e-02 -4.218365585834544379e-02 1.254399849450298088e-04 -9.759748968808777680e-02 1.607764737314025180e-03 -2.530844844790789555e-02 -1.056219301808073580e-02 1.366845189327276291e-03 2.914068967041368724e-02 4.505777365594510614e-02 -7.160983331444911726e-02 -1.381606352943823557e-01 6.142297037738830845e-02 1.237035633451786520e-01 6.522734065806509718e-02 1.118451169636121151e-01 6.140457275188150599e-02 -1.437548908028354055e-01 6.357543571723717202e-02
0.000000000000000000e+00 0.000000000000000000e+00 0.000000000000000000e+00 0.000000000000000000e+00 0.000000000000000000e+00 0.000000000000000000e+00 -8.114636689757622270e-03 5.548551845584887704e-02 -2.360687864181736356e-03 3.961703319952736974e-02 2.018064151023057570e-02 4.078311613086368220e-02 2.473875837719806663e-03 -4.050973891465920428e-03 1.212574361544256976e-02 3.815213646257759744e-02 -9.021500792180930234e-05 9.489913276734381065e-02 1.785690526464531191e-03 -6.163154129258962416e-02 -3.670487592691742962e-03 -5.618295579450336558e-02 8.779096375299741406e-02 -6.449426656415727099e-02 -6.710412218767294878e-02 -6.477251906943734538e-02 -1.239576728068069247e-02 3.923486176022063926e-02 -2.032615388147259762e-03 -4.458229976047082752e-03 2.304631593609961920e-02 4.142264621169463451e-02 1.389190038755066430e-03 -6.830664053417071294e-03 -3.060629189075114547e-03 4.146518730676766740e-02 7.759102339142419369e-03 5.805453713179409281e-02 -3.065425056189303998e-02 -2.573976048162877200e-02 -5.116093585304905267e-02 -3.000596820708600204e-02 -5.353341416132756381e-02 -2.238797824634474604e-02 1.660621154517845279e-03 -3.446818486277631460e-02 0.000000000000000000e+00 0.000000000000000000e+00 -3.012432508645235523e-03 -5.980709087473016095e-04 4.115248840972232994e-03 5.873394897391460284e-04 3.555570765619122005e-03 6.682241784780985428e-04 5.631382433710926212e-04 -2.110000991076732460e-04 -5.246901681187607401e-04 -1.095989308811694003e-03 3.551288567339256838e-03 -1.799286457716981489e-03 4.937057703433323538e-06 2.286436496989811915e-03 -5.860231812372018647e-04 -1.892614612029266279e-04 5.295902583727530623e-03 -1.236184719169302866e-03 1.570350893718669037e-03 -1.343406775682465639e-03 -1.256069901534994076e-03 6.808178305013879404e-04 -4.742129194518009648e-03 8.606757356839974272e-04 2.259738460972574958e-04 1.904648841112662914e-03 -1.478047640877653592e-03 5.166224093457935911e-04 -2.694383962062190611e-03 -1.702020399811804592e-03 5.298447755577482925e-03 -6.173537513289145120e-04 7.449090785843108043e-04 -2.352995649877447949e-03 3.452272177094882206e-04 7.502479291581373678e-04 -1.829732877432843977e-03 -6.069344802977571325e-04 -1.533378852430892104e-03 -1.002187165992383553e-03 1.660888511813931635e-04 -1.124851738569010700e-03 2.159520394062183768e-03 -1.204458731587688481e-03 8.634602643496628498e-04 -1.280821815734449736e-03 -2.328837009318518447e-03 1.669833394943324697e-03 4.423344341715148426e-03 -1.098528155915271453e-03 -3.988808657259432580e-03 1.488691816423728205e-03 -2.120803513157935513e-03 1.024429480843648630e-03 -5.066133594530893057e-04 5.980292202844069566e-04 -1.303751109784166261e-03 2.087910912250887790e-03 4.148035021825829775e-03 -3.079512168995897966e-03 -1.243863699323795140e-02 4.633089356388643380e-03 6.207477050544316435e-03 4.186317888450429708e-03 -2.895838298654830438e-03 4.412571440738706496e-03 -1.034039412891475315e-02 3.373660879973711200e-03 -2.348625815413221338e-03 -2.681407975703271898e-05 -1.017010706600869228e-03 -5.213086833714310718e-03 2.915421339155340602e-03 -3.026349525901139269e-03 -7.764935008250709730e-03 4.894922039524070116e-03 8.902484946424225887e-03 2.337303885984872483e-03 7.492548583753493377e-03 2.357306688234511900e-03 -8.813275620711756922e-03 3.185986701011503646e-03
0.000000000000000000e+00 0.000000000000000000e+00 0.000000000000000000e+00 0.000000000000000000e+00 0.000000000000000000e+00 0.000000000000000000e+00 -2.483547856042689437e-03 1.766041972890894759e-06 -5.291346427814660157e-03 -6.682926738150795970e-04 2.367530216958683292e-02 2.473875837717220624e-03 1.142328639047327996e-02 8.314500366267981010e-05 1.128998571184464984e-02 1.266407602696343563e-03 -4.460742644616852264e-03 2.202671736352664750e-02 2.111577353179005523e-01 -2.314842948199494557e-02 2.286382748332531079e-01 -2.595118713997602786e-02 3.530747429631677647e-01 -2.172156996314495922e-02 -2.178879877618834504e-01 -1.811034766115921305e-02 -8.787785515654733537e-03 2.232673249669550348e-03 -9.374505531622927962e-03 4.923427233681861346e-05 2.902308796864934426e-02 2.916877288232554155e-03 7.170678263031638779e-03 -1.038201664149380164e-02 -2.534482398642569703e-03 1.075246139233588735e-02 -1.621238579237832544e-02 1.858397104460580724e-03 4.539651622673659612e-03 8.842887219792684717e-03 5.932231073327586673e-02 1.174750470729018278e-03 8.388897378152755657e-02 5.686070793618100590e-03 -4.546572927988397350e-02 2.185635501792803151e-02 0.000000000000000000e+00 0.000000000000000000e+00 -3.195589529558110452e-03 -8.187961544308175466e-03 1.297536106036560263e-02 6.992931426747731743e-04 1.564950840174380436e-02 -4.347421351798663736e-03 2.671700696407465058e-03 3.056168631356137241e-03 3.816495640481453263e-05 5.984641662766930492e-03 1.147874784981856716e-02 -6.691322243821741858e-03 -1.833887500792867218e-03 3.040082924236028796e-03 2.023633173622789807e-04 -4.665231927103737249e-03 2.559771338106977927e-03 -3.699615394752762011e-03 4.742125968853196268e-03 -7.334957716292596873e-03 4.626128345351603321e-05 -1.688281111058952642e-03 -7.274501756412669537e-03 2.292333587866067154e-03 6.563946012817726671e-04 4.629411762963338284e-03 1.047156146364577878e-02 -4.639553108439044456e-03 3.794560667246451875e-03 -5.071491886773880908e-03 1.935699987714898859e-02 -6.257617291790538820e-03 5.621883878151050402e-03 -1.788755339618398020e-03 1.150094397035430951e-03 -4.238778636794305124e-03 3.893923604655068291e-03 1.125675120868076208e-03 -8.220076358645366649e-03 2.543774258972908171e-03 1.183525576869751822e-02 -1.313431128323563251e-04 1.004227424691675474e-02 1.447071770321092798e-03 1.941333740790378423e-03 -6.979443365454426375e-03 2.845071422271332282e-03 1.810617749034998999e-03 1.321809403938175448e-02 -5.985737841295787898e-03 -5.315173389208921462e-03 2.110137675414864005e-03 -2.141338084979822667e-03 2.051059694737206174e-03 -1.378177930058256066e-03 -3.447972299028293115e-03 -1.842090264054725571e-03 4.704096842640590175e-04 9.271035147984036870e-03 -6.036435064781678871e-03 -1.304419977550397292e-02 3.930321587864140688e-03 8.275685736056435926e-03 4.693116130708540994e-03 -1.054990872834706645e-03 6.743183158660077513e-04 -1.176675334829536262e-02 1.123793537366341629e-03 -9.473429439275898867e-03 -4.221792046069580695e-03 -5.678934589050183479e-04 1.165498583818121853e-02 1.355204343243381591e-02 -1.461845666980513339e-02 -3.792352673233646138e-02 1.150117183920959518e-02 4.030650350174984353e-02 1.008540468873145995e-02 2.967756203954782096e-02 8.810595174664410598e-03 -3.956788375466369773e-02 1.011573277945139633e-02
0.000000000000000000e+00 0.000000000000000000e+00 0.000000000000000000e+00 0.000000000000000000e+00 0.000000000000000000e+00 0.000000000000000000e+00 9.680104415533800650e-04 -1.286353731547541790e-03 1.105200952885892563e-03 -2.387227622033949101e-03 -2.989589890797864904e-04 -4.050973891462698179e-03 8.314500366163038371e-05 1.471840210687610367e-02 -7.752860536766552737e-04 -3.144867926536003711e-03 -3.556039687380730665e-04 -8.914716918444632460e-03 2.821179081592405102e-02 9.251615622971174138e-03 9.369614438116437294e-03 1.024465790600983346e-03 5.609310070286435690e-03 8.229823760584486711e-03 3.333639131065386195e-03 1.131064586812131553e-02 2.297872323749267261e-03 -3.480120881648824868e-03 -1.196158678753287416e-03 9.340637959071931840e-03 -5.532723005431906468e-04 -4.112318857319450897e-03 1.726502807146343453e-03 1.351609440517566492e-02 -2.141681302036233957e-04 -3.518390913744811731e-03 -2.464244363788054785e-03 -4.869440026713651309e-03 4.873879301369188517e-03 1.035240693179122380e-03 1.303243438069261531e-02 6.445603007002788376e-03 1.106002974749999146e-02 4.115819560567287629e-03 -6.403109427924579813e-04 1.217324253438972076e-02 0.000000000000000000e+00 0.000000000000000000e+00 9.852796390700205298e-03 -1.794376835734390200e-03 -9.677044662585717943e-04 1.256286286621624343e-03 6.610915638236406627e-03 -9.401248587438016269e-04 1.587812497341027163e-03 6.273961428227143623e-03 1.223090857879332053e-03 5.966717537628754738e-03 2.315259675808986096e-03 1.929305714898393387e-03 -4.015574463140659774e-04 4.304282734071594729e-03 3.588744863158431497e-03 -1.911334120627896120e-03 -3.604947177493172776e-03 -2.898337051190481069e-03 1.237714944126452150e-03 1.985844363966567019e-03 -7.430097582813642272e-04 -1.421938475904788212e-03 5.314973200393566070e-03 -1.720031264164870437e-03 -3.934032276366541156e-04 3.081595184610756277e-03 1.722113587870652621e-02 -1.828732414647516206e-03 9.697249862613258400e-03 -1.726959760128595617e-03 8.627639763335307604e-03 -4.967882459725142356e-04 3.659264000261582819e-04 7.776235371555464612e-03 1.546835822621167459e-03 1.211765900599196845e-03 -1.429234406903325634e-03 -1.497015945212879949e-03 -8.168152295288922358e-04 1.553417869620727504e-03 2.873853750252852897e-03 1.303166704455654534e-03 -1.597539246330112429e-05 2.744196928008729068e-04 2.402113702087878006e-04 -6.847824951262173601e-04 5.891729361236307423e-03 9.453266027529058776e-04 3.731512469280770690e-03 2.488866739730229063e-03 1.952729053982377974e-04 -1.353526783102972520e-03 7.602516439193610651e-04 -1.345037648897170037e-03 -1.010421458279185929e-03 -3.874911176385924944e-03 1.797634659849450139e-04 -2.853730623780661741e-03 -1.717562092675958873e-03 7.176560190887351295e-03 1.311506216159698257e-02 -7.268077189513428779e-03 -5.740162515061763247e-03 -7.003727377892655925e-03 6.723007469663748459e-03 -9.462521824626079006e-03 1.563056800932342144e-02 -6.750481379440415736e-03 -3.318297368138366146e-03 3.134827427128345574e-04 -7.976130941079614088e-04 1.927288566221237176e-02 3.112126716446543366e-03 7.418846876427964698e-03 -9.533134443344061515e-03 -8.089351044842473318e-03 5.931434866607448314e-03 -7.529512804061786260e-03 3.096014784074842610e-03 -7.865557219360951730e-03 -3.165121602620069637e-03 -5.628006746070258158e-03
0.000000000000000000e+00 0.000000000000000000e+00 0.000000000000000000e+00 0.000000000000000000e+00 0.000000000000000000e+00 0.000000000000000000e+00 -7.918413917857167195e-02 -6.039073004778764547e-02 -1.325526655706927570e-01 9.203771630379959517e-03 8.992387918144123526e-01 1.212574361543166356e-02 1.128998571185614239e-02 -7.752860536882820409e-04 3.637292438106342063e-01 1.114456922660744462e-02 2.172017258016094646e-02 1.194600208851573364e-01 -2.794463857874558421e-01 -1.293029752953658573e-01 -1.895162704935537956e-01 -9.825357654728561485e-02 -2.007728404165602387e-01 -1.378493628706089213e-01 3.286198039113879532e-01 -1.519545440495082556e-01 -3.822174377209949236e-01 8.422260366897424758e-03 -5.584106915470891941e-03 -1.058255683945458561e-03 8.769487356130671873e-01 1.593511283276475426e-02 4.699895693564293611e-03 -1.259030039139266699e-02 -4.858506267703111003e-02 2.594046062051150875e-02 -8.154510246238831639e-02 5.139664844713614372e-02 2.007811167054014256e-03 -3.798718355547038572e-02 1.111118427777122060e-02 -3.170502653578835539e-02 3.350480949458205238e-02 -5.144223413882627327e-02 -5.370763666846546658e-02 -1.785881624636588214e-02 0.000000000000000000e+00 0.000000000000000000e+00 -7.857475431775977001e-03 -9.895165770924850904e-03 1.417848493448546979e-02 9.210647313462944812e-04 1.814613305469034085e-02 -3.843595316716906605e-03 1.593846533409031896e-03 1.685878411048783582e-03 3.732659512960571305e-05 3.746870232819642706e-03 1.422776911551022240e-02 -7.629804241233490228e-03 -9.561146882625364690e-04 3.197788482675634723e-03 1.281173216446817318e-03 -3.464173970704677741e-03 9.883470182892947417e-03 -5.515573964970849064e-03 3.815551859815754544e-03 -5.480207950653852474e-03 2.630164069440101612e-03 -3.591213046867703512e-03 -4.944264845243503959e-03 3.807596912059629541e-03 -4.334085174231182757e-04 7.286546258114581440e-03 1.407852766397329342e-02 -5.376472110314627420e-03 -9.690442153435176523e-03 -6.652501377798906643e-03 2.132662914634025908e-02 -6.132631972433166476e-03 6.248976352936963345e-03 -4.001561022379809644e-03 2.752672226171003645e-03 -6.593888472310023563e-03 6.075074885433578639e-05 4.811582441917871557e-04 -6.149528929533835779e-03 4.362090483064801592e-03 9.700978442492045467e-03 2.219789017559820141e-03 1.019280349366101859e-02 3.686798193153396734e-03 2.927029868806406854e-03 -7.326890586667951163e-03 -2.493859247458044687e-03 2.743178140564902362e-03 1.918101918855245544e-02 -5.296872499209053647e-03 -1.193125578713491106e-02 2.574799511210473704e-03 -5.793624927876701511e-03 8.887741827536815983e-04 -3.902791324045962879e-03 -6.015468686330445111e-04 -3.375804231212447236e-03 3.855967085313859351e-03 1.842496360443346068e-02 -4.161694876432003865e-03 -4.046667132917228238e-02 4.988632645435924981e-03 1.839970577004910665e-02 4.661018403111356206e-03 -1.904347558998903053e-02 -2.023690930452017381e-04 -3.928571208916219193e-02 1.518950908631056711e-03 -1.041620022528334452e-02 -3.565813352237503630e-03 -2.412724689422578314e-04 1.307949252747385785e-02 1.819931817913637839e-02 -2.845821999079430759e-02 -5.526669937564200608e-02 2.513826988791421566e-02 4.900603233313488571e-02 2.572783531543900576e-02 4.447983230106276192e-02 2.463448351288944835e-02 -5.748575058297497598e-02 2.640337941380950168e-02
0.000000000000000000e+00 0.000000000000000000e+00 0.000000000000000000e+00 0.000000000000000000e+00 0.000000000000000000e+00 0.000000000000000000e+00 -7.782485327285614853e-03 5.403359572695611013e-02 -1.240741249438906662e-03 3.883533931779121345e-02 2.015126390460633687e-02 3.815213646257779173e-02 1.266407602699274161e-03 -3.144867926537306055e-03 1.114456922661424126e-02 3.702123605160844572e-02 3.760290569506098647e-04 8.650389650772882799e-02 -2.079599973762773918e-02 -5.331822931314506714e-02 -2.379635702081216858e-02 -4.920146510936502376e-02 3.910150028682242429e-02 -5.700816614628526763e-02 -4.089018766410987271e-02 -5.758152222559125011e-02 -1.180717129414529665e-02 3.654992276286070374e-02 -8.656986002190736936e-04 -3.720837745483832060e-03 1.796532852904011296e-02 3.894078115651241484e-02 7.732755183321855753e-04 -5.232451975874201702e-03 -2.552789393666603842e-03 3.922965766045820313e-02 9.070093460671509178e-03 5.463264486086907845e-02 -2.706925854854603380e-02 -2.502887735742639549e-02 -5.206929473705936701e-02 -2.707387438664280582e-02 -5.939489934899281481e-02 -2.108833322745318206e-02 8.487146671266054127e-03 -3.499412681455495860e-02 0.000000000000000000e+00 0.000000000000000000e+00 -2.850326751879956981e-03 4.144124931867310536e-04 2.600746280012683313e-03 1.035623348062353300e-04 1.524784120980800847e-03 9.660139994017212604e-04 1.708135759122876053e-04 -5.443947865561149643e-04 -4.358955219705559162e-04 -1.610109395856632823e-03 1.791632568966541016e-03 -1.184334563182472440e-03 3.281467506012171660e-04 1.367472593848301048e-03 -4.988200866284812690e-04 3.520965336351343294e-04 5.007441645600558752e-03 -6.846210995451553795e-04 8.266187384378877612e-04 -1.077220016797084384e-03 -1.265515822639223277e-03 9.434120954448032377e-04 -3.205824743452326091e-03 9.742398444952550919e-04 -5.778077918832117061e-06 8.135367526686872620e-04 -1.631404974308973922e-03 9.516874771479777017e-04 -3.131643512044610632e-03 -8.760530497030302212e-04 2.316879530448608636e-03 -5.248827896266782867e-05 1.268901260151918521e-04 -2.348258685018919829e-03 6.582482681995790313e-05 1.225625309575576046e-03 -2.370436505634103234e-03 -8.895025631785221775e-04 -4.698381805942849522e-04 -1.505909918437498950e-03 -1.351453319934547894e-03 -1.461232947439967218e-03 1.231472172449538322e-03 -1.609526212309273906e-03 3.979342663985470092e-04 -2.961505715314747232e-04 -1.692212626958540219e-03 9.725896524277767834e-04 2.368220374287771223e-03 -6.665410763824285807e-04 -2.999422527392860138e-03 1.463936378792079617e-03 -1.558603546400476932e-03 1.035849449417800211e-03 -1.089765581439716550e-04 5.854014396395232876e-04 -1.081324203644599274e-03 1.949525466675750907e-03 2.511775863818467222e-03 -2.841428700679007446e-03 -9.378552144807622559e-03 4.614906038852305270e-03 4.557215200359630673e-03 4.246621953545423947e-03 -1.546438359219965645e-03 4.529825793051603898e-03 -7.707331050306614334e-03 3.473773364799701609e-03 -9.503771190434237440e-04 1.615022005683319350e-04 -7.694271014041363264e-04 -4.964668121052829425e-03 1.031487818336126279e-03 -1.715308862276318080e-03 -2.172169557044287269e-03 3.572497427988139719e-03 3.090635830769348277e-03 1.690129558782830404e-03 3.447287302639516146e-03 1.403934892583341785e-03 -3.614800773545047072e-03 2.195871146706810609e-03
0.000000000000000000e+00 0.000000000000000000e+00 0.000000000000000000e+00 0.000000000000000000e+00 0.000000000000000000e+00 0.000000000000000000e+00 -4.363274346816682463e-03 -3.491209468930456424e-03 -6.073622068979695962e-03 1.506205049998851023e-03 6.045637482880796693e-02 -9.021500791118802418e-05 -4.460742644621765868e-03 -3.556039687416295749e-04 2.172017258020263880e-02 3.760290569609093516e-04 3.589397591806529203e-02 -6.002907267678534581e-02 -1.656256818852091417e+00 6.850136395798397948e-02 -1.460751419111706362e+00 6.801446627678717216e-02 -2.253270157199487755e+00 6.226882778583747724e-02 1.770012999987710334e+00 6.754030393158302892e-02 -2.883305232090922071e-02 -2.971893563748481465e-04 5.310079041311734083e-03 -1.462630645892690380e-04 5.795896248214543744e-02 -2.796266315060898754e-04 -3.237451611012729259e-03 4.984386375840942941e-03 -3.041206325750700143e-03 -5.677347641998326151e-04 8.173844017046870414e-03 6.828214828984942308e-02 5.812686523827439826e-03 -7.813191925653868719e-02 -4.577923484751645483e-02 -6.872773102852131055e-02 -8.204396333145794196e-02 -7.140333583193389511e-02 4.840364851560833431e-02 -5.650115810050983234e-02 0.000000000000000000e+00 0.000000000000000000e+00 -5.110826551848837197e-04 2.016943544094038261e-03 -4.881999494708663505e-03 -1.089921373421002659e-03 -6.973492614225315980e-03 7.137379269219427252e-04 -1.323880260382268199e-03 -1.221894289656709487e-03 -2.826318456266203611e-04 -9.509688115617426739e-04 -5.683019088345528901e-03 1.582610972470020229e-03 1.009934491862227689e-03 -1.662112379914240353e-03 -4.475778656341522499e-04 1.378461663224137598e-03 -6.923914990878003760e-04 9.555618568283948643e-04 -1.791628888527354961e-03 1.280471094273641017e-03 -8.049502444398774336e-04 2.119159964548351146e-04 3.062427251627873864e-03 2.972361663702122962e-05 -3.323839066837366678e-04 -2.306981624880375358e-03 -4.884108190287592827e-03 1.260245318077279257e-03 -4.550708165175598556e-04 1.687804107202431608e-03 -1.007332243917657966e-02 1.675348312379852135e-03 -1.311067206246680286e-03 -3.814301457456679609e-04 4.023403130962220717e-05 -3.755807274280834052e-05 -2.997906406634466819e-03 -3.073344593652776232e-04 4.855082064465476507e-03 -3.752299105399710399e-04 -6.540604342023846954e-03 6.835673409601094805e-04 -5.304353053356650194e-03 4.144975157151244670e-04 -8.487678942357888790e-04 2.310915012754853354e-03 -2.554464501325449249e-03 -1.180637389666138338e-03 -4.710747123054222565e-03 1.986897804915285087e-03 6.581961510307259011e-04 -9.173307273782345221e-04 1.963434609495858744e-04 -1.304083233972566300e-03 -1.725202969697122845e-04 1.628562733140161058e-03 5.535654576002301723e-04 1.525193916384378744e-03 -2.046910063241572011e-03 2.899749639201001233e-03 -1.236404545980115260e-03 -1.714322826906529039e-03 4.506665645035400070e-05 -2.592094981543959040e-03 -3.266817414422020990e-03 -2.213601703105884649e-03 -1.730920140711109806e-03 -1.334094126371871162e-03 4.140611454597517387e-03 6.145474275348324165e-04 9.320454464330231968e-04 -8.049834343929556345e-04 -4.439545716806783671e-03 8.519907102557365552e-06 1.205994214549396121e-02 2.358345475322433729e-04 -1.224325941759415136e-02 2.056248904679286449e-03 -7.127934162895144254e-03 2.312760807609260359e-03 1.118523588950376402e-02 8.508273636363217554e-04
0.000000000000000000e+00 0.000000000000000000e+00 0.000000000000000000e+00 0.000000000000000000e+00 0.000000000000000000e+00 0.000000000000000000e+00 -3.217844211251447151e-02 9.027447205940707098e-02 -4.825893297826929634e-02 8.210351149138735150e-02 2.418499538529441106e-01 9.489913276732805936e-02 2.202671736362925639e-02 -8.914716918475309310e-03 1.194600208860862600e-01 8.650389650768701422e-02 -6.002907267683278009e-02 1.840373096068818937e+00 2.955505158316949377e+00 -1.783593448477315047e+00 2.186179969689374225e+00 -1.740509703914746131e+00 5.066846925877973362e+00 -1.788004260002906021e+00 -3.193916640547242558e+00 -1.886754569161395612e+00 -1.059657241255893972e-01 9.136013799469638874e-02 -2.304880310800285978e-02 -4.619745835356119969e-03 2.300755075235470792e-01 1.004087968864002811e-01 1.313818326903644189e-02 -3.728743672088599692e-02 -1.738722926479443001e-02 1.095719175301557713e-01 2.090648575214262284e-01 6.227246863682638078e-02 -5.752977442737807756e-01 5.913387047278838293e-02 -1.183540403127961937e+00 -2.297693477382945978e-02 -1.386038192495975929e+00 2.640714717835480896e-03 1.849173222845530429e-01 5.474683412073966249e-02 0.000000000000000000e+00 0.000000000000000000e+00 -1.356730718024418570e-03 -1.201191256926684159e-02 3.303400554394347877e-02 8.690535418156725492e-03 4.148901009335111134e-02 -3.533251078775592226e-03 8.384067335359358594e-03 1.581599622481820108e-02 -3.367035725720828911e-03 1.400791250597560947e-02 2.722677620276941005e-02 -3.630096596455553108e-03 -6.219242506991943913e-03 2.666405306474308942e-02 -6.556956088975693202e-03 2.191572776120106689e-03 1.339112081887025227e-02 -1.926787791099693684e-02 1.336424169617800133e-02 -6.767066601144891211e-03 1.970093326010678107e-03 1.503979722583478635e-03 -2.682131819994775998e-02 3.378609532332465300e-03 5.307739350971708847e-03 2.694117428085886223e-02 -8.283760373884547709e-03 3.941556757347744987e-03 4.474240247145393548e-03 -2.272785769049161242e-02 5.726076208740886464e-02 -6.769613075904588016e-03 6.991867674956251180e-03 -2.539614684132447675e-03 1.036245732220987537e-02 4.525333502716189296e-03 -6.623031801158422299e-03 -6.672523556620317195e-03 -6.490440269804266700e-03 4.815234242042140504e-03 8.819156375108709589e-03 -2.165811817973950851e-03 5.060325416358062676e-03 -3.054083464809846400e-03 6.088293942607897816e-03 -6.456898794274475162e-03 9.155527696355317269e-03 1.140961982519389517e-02 3.253671586186884096e-02 2.432877518635260129e-03 -1.453316770380084187e-02 1.198237958111411606e-03 -3.229332392547496801e-03 3.498538989818372920e-03 -4.281573549207546084e-03 -8.880211588995325436e-05 -1.996017948613480406e-03 1.872968302600351923e-02 2.262593255174110904e-02 1.216103160131163860e-02 -3.180078841984442656e-02 -2.426086072793136143e-03 2.509229364337585422e-02 -4.214164797799913216e-04 -1.214970107945329350e-02 -9.846204726399011148e-03 -1.960246527009669448e-02 -3.148434089702049909e-03 -2.558308951845297136e-02 3.281908866281136282e-03 -8.848725842998650046e-03 1.203592068065110175e-02 4.716091237744080705e-02 -2.798368361811574140e-02 -1.524752670105025132e-01 2.992560570257624120e-02 1.589402649382374022e-01 3.158827671365022072e-02 1.101830139583419160e-01 2.383774041965533441e-02 -1.671236571958064354e-01 3.444955535915270040e-02
0.000000000000000000e+00 0.000000000000000000e+00 0.000000000000000000e+00 0.000000000000000000e+00 0.000000000000000000e+00 0.000000000000000000e+00 4.022013302540355939e-02 -4.867779597723821856e-03 7.716289531047165751e-04 -8.028826642617295506e-02 -1.009598438231676498e+00 1.785690525995711764e-03 2.111577353181446903e-01 2.821179081602718380e-02 -2.794463857886054781e-01 -2.079599973809245772e-02 -1.656256818852282153e+00 2.955505158313447733e+00 7.914509975073166004e+01 -3.363232012316039743e+00 6.886157783388543407e+01 -3.305582643511136176e+00 1.064715966702981405e+02 -3.092240282727249046e+00 -8.280947492071108229e+01 -3.415693825467982503e+00 5.761806004034645268e-01 6.375518999120081964e-03 -2.424128933412590947e-01 1.742327153657520500e-02 -9.404230574039074142e-01 1.709717750784866402e-02 1.521754311973477214e-01 -2.162718834327091999e-01 4.895474995216250041e-02 -1.250453286724507312e-02 -5.316248061002015746e-01 -3.254702121857199870e+00 -2.434848014793614124e-01 3.983327827014801148e+00 2.098305338923258656e+00 3.300049126978758629e+00 3.638273985928782039e+00 3.355959987874348016e+00 -2.285999328610578196e+00 2.793973975421974565e+00 0.000000000000000000e+00 0.000000000000000000e+00 -2.099837964830153503e-04 -1.099747253447510148e-01 2.440265288455832904e-01 5.348691206386269048e-02 3.313685657254403782e-01 -4.056811970230733699e-02 6.421769172969947481e-02 6.288855265626570878e-02 1.280668897116013852e-02 5.337374095704466859e-02 2.666305367682338390e-01 -8.844499716310187665e-02 -4.635359959917222106e-02 8.882464360229343214e-02 1.395936811084359797e-02 -6.593178260264935531e-02 3.966118113645904913e-02 -6.345955073953493675e-02 8.668291388131402209e-02 -6.395403925744719276e-02 4.651040479860175936e-02 -2.502671155836715122e-02 -1.572272906458920538e-01 1.031477218385357456e-02 1.291697156322851349e-02 1.253055245139554630e-01 2.586329459361811911e-01 -6.291946662167598181e-02 3.665901336055692183e-02 -9.975651161104623355e-02 4.703460189267154590e-01 -8.673620996542914796e-02 6.925227371551044564e-02 1.410795348918188023e-02 -5.756254056136361763e-05 -6.367031377218251853e-03 1.395974829716664367e-01 8.341982840752951156e-03 -2.335982502895518065e-01 2.223265384682694690e-02 3.196963481717779443e-01 -2.588810305493412234e-02 2.530567691143857934e-01 -8.403430418065488405e-03 4.317245711928027752e-02 -1.098849846462012364e-01 1.014293752811196159e-01 5.256323576923990770e-02 2.381146682015836125e-01 -1.016504346713951873e-01 -5.477350544509344832e-02 4.582896869619130370e-02 -2.108693703883521287e-02 6.060138573316792288e-02 2.695353134400897688e-03 -6.235811420238529523e-02 -3.499069005155076156e-02 -6.508366873132044594e-02 1.241178821977088620e-01 -1.307519363500396770e-01 -3.260283585700107789e-02 7.444898889167027300e-02 3.938144668341192478e-02 1.172793764689995383e-01 1.052005166540167513e-01 9.601947892454648636e-02 -1.633415897848244924e-02 5.529044246596685752e-02 -1.972760221545885873e-01 -3.522256914490409091e-02 -5.007025446068356922e-02 5.451989018648448204e-02 2.381720361935849850e-01 -5.959679152397526214e-02 -6.853584885763086554e-01 4.331136448650479975e-02 6.797005525820682958e-01 -4.694476456198076741e-02 4.339845756291342838e-01 -5.242961612936225535e-02 -6.372356901762006309e-01 1.795890746120343273e-02
0.000000000000000000e+00 0.000000000000000000e+00 0.000000000000000000e+00 0.000000000000000000e+00 0.000000000000000000e+00 0.000000000000000000e+00 2.600019136271777831e-02 -2.823975072807121539e-02 5.377669993518435082e-02 -4.506643234813847293e-02 -2.695638949139664842e-01 -6.163154129257530922e-02 -2.314842948209162865e-02 9.251615623008404773e-03 -1.293029752962606693e-01 -5.331822931311189923e-02 6.850136395804462541e-02 -1.783593448477164056e+00 -3.363232012319989028e+00 1.810970031955676518e+00 -2.543208230537247427e+00 1.712568591456236078e+00 -5.673082533501463409e+00 1.788866017080654514e+00 3.674298038914922238e+00 1.874911175287772735e+00 1.150413996492934410e-01 -5.868566609051108218e-02 2.334021899559368327e-02 5.756740316088045269e-03 -2.603483840631324875e-01 -6.634401346460572224e-02 -1.428517508472517544e-02 3.632512009489040350e-02 1.831076723828412717e-02 -7.400900195428140871e-02 -1.918054278761142650e-01 -1.908471238927698932e-03 6.303829650658006045e-01 -9.938023980032217874e-02 1.123247962276502143e+00 -1.141652096411743117e-03 1.291656001563320277e+00 -1.346839542322790517e-02 -1.655999534569457532e-01 -6.139466725691460763e-02 0.000000000000000000e+00 0.000000000000000000e+00 4.307585590635128539e-03 1.522287379429895435e-02 -3.574032536898553991e-02 -8.750633571787250209e-03 -4.283322573162387514e-02 5.811083841332998802e-03 -8.772488804589171491e-03 -1.410999793848403266e-02 3.509590207100832075e-03 -1.186714105079125434e-02 -3.038135146091162225e-02 6.736299363792781769e-03 7.312805364841899226e-03 -2.368989009232679369e-02 6.348229293576932233e-03 -1.639592216166597905e-03 -8.487420397471284045e-03 1.886101915782074576e-02 -1.375661255813919077e-02 9.396343635866357541e-03 -5.350681468533757291e-03 -2.273311515529498946e-03 3.168948311715841931e-02 -3.373864369975269895e-03 -5.832505799582800125e-03 -2.576844608732769062e-02 9.611131316208958511e-03 -3.616850011371732995e-03 -3.568516162648533840e-03 2.420412357828535810e-02 -5.982686176270816253e-02 9.397153909943355143e-03 -8.623447391826504632e-03 4.267366040120814524e-03 -1.059528897685130255e-02 -8.659761556318278097e-06 3.876606196396905138e-03 4.359885219849920363e-03 7.901072326926482717e-03 -6.609859500228341435e-03 -1.018798268251983746e-02 1.060964313719942129e-03 -7.625862490271590431e-03 1.001498273431882143e-03 -6.785378917914366807e-03 8.656195489123124157e-03 -7.663805003982457689e-03 -1.060304556063526235e-02 -3.423362955009466579e-02 1.916252866168036400e-03 1.416259417728178011e-02 -2.592639325592137334e-03 2.734161034685221418e-03 -4.670783286003579726e-03 3.940136772707327276e-03 -6.847816512099745914e-04 2.247888544334833254e-03 -1.954345725042410525e-02 -2.552210330648039746e-02 -7.218488049570358570e-03 3.684734138897502453e-02 -2.415371809012180522e-04 -2.610211862146678483e-02 -3.267630141476253122e-03 1.398906719240692112e-02 7.382055589608456023e-03 2.595033804973299191e-02 6.510017409174116351e-04 2.716375972534067901e-02 -1.074989152241344684e-03 8.738039981238128473e-03 -7.677209741504669241e-03 -5.015039996232187325e-02 3.522102411540570244e-02 1.606629131957880430e-01 -3.468549800931741006e-02 -1.644529445987329697e-01 -3.574113764653456815e-02 -1.180640626474455807e-01 -2.868286911253574087e-02 1.781257331233387087e-01 -3.933634826362687048e-02
0.000000000000000000e+00 0.000000000000000000e+00 0.000000000000000000e+00 0.000000000000000000e+00 0.000000000000000000e+00 0.000000000000000000e+00 2.162053988011656755e-02 5.699854808559652250e-03 -2.088223406953505779e-02 -7.866829623771776081e-02 -7.552137109529730719e-01 -3.670487593176834096e-03 2.286382748335060999e-01 9.369614438259843414e-03 -1.895162704948316068e-01 -2.379635702128794078e-02 -1.460751419111747218e+00 2.186179969685571933e+00 6.886157783387899656e+01 -2.543208230533117398e+00 6.180934841659571077e+01 -2.517406521506360129e+00 9.350751813915745458e+01 -2.298184966512077043e+00 -7.355238175805084211e+01 -2.495025785672703389e+00 4.563543043328925908e-01 1.882143534841791699e-03 -2.497184158180508762e-01 -5.674191610684498066e-03 -6.844307064432881837e-01 1.396078716163692141e-02 1.547475194906571538e-01 -2.494816466894972384e-01 3.290571390241578409e-02 3.064459356497231668e-02 -5.689042935415714597e-01 -2.802061350851644761e+00 -4.020049752537935284e-02 3.209777075844734373e+00 2.355255942363834620e+00 2.941691645834677349e+00 3.926088659731398423e+00 2.965864150210278716e+00 -2.149627843183536502e+00 2.349080889704611597e+00 0.000000000000000000e+00 0.000000000000000000e+00 1.014851634987909423e-02 -1.215972657453235073e-01 2.631440087736934275e-01 4.896161628057782433e-02 3.777933752188255001e-01 -4.610893150320825168e-02 6.334569874760986874e-02 5.334590939715956603e-02 1.264009191777900123e-02 5.339558572576169615e-02 3.028462496800957138e-01 -9.298683742326294133e-02 -5.318721769407440403e-02 7.836531922782769000e-02 2.484422959561534416e-02 -8.027488510126845611e-02 4.040061336063347636e-02 -5.391700395852050409e-02 9.185898132407345484e-02 -8.150418442913176520e-02 4.153840278567861449e-02 -1.507727272996818579e-02 -1.464103190628640583e-01 3.848727142296403531e-03 1.813088180075677486e-02 1.186886532159590890e-01 2.506827976352146159e-01 -8.057496274062481145e-02 1.876328118628582675e-02 -8.866355314385562791e-02 5.296288176775026946e-01 -9.563825579976487079e-02 7.746561504708748824e-02 6.244541358420757637e-03 3.985977768079712602e-03 -1.715046190540105153e-02 1.495341466978993561e-01 1.988063078802246308e-02 -2.480834369196555922e-01 2.444969437637148357e-02 3.376526574245507506e-01 -2.828220206696269168e-02 2.771387061295240151e-01 -1.252181203643029650e-02 4.420649395156247413e-02 -1.262338902505988347e-01 1.319594548275043744e-01 5.233215457751556887e-02 2.572271059476736177e-01 -1.133258623906315821e-01 -3.806262911736263410e-02 4.710074243615258727e-02 -1.398609935687546157e-02 7.081974375885891071e-02 6.187305483160217279e-03 -8.482345814909623971e-02 -2.926609843224366181e-02 -7.592458240548882742e-02 1.265566079463699700e-01 -1.606497550694478416e-01 1.606227379422642265e-02 9.558728844298547411e-02 2.349729897756736019e-02 1.410494285224032640e-01 1.468536271357344103e-01 1.107501739603584112e-01 3.215852898221172040e-02 6.659094433545000025e-02 -2.208757749709460150e-01 -4.195683543608858673e-02 -3.569969768476648903e-02 6.621180064596780823e-02 2.485089675116294583e-01 -5.796570870303213718e-02 -6.798594318426667282e-01 3.132085332657363885e-02 6.870392980854802545e-01 -4.165865049261666120e-02 4.291897384263381188e-01 -6.566368706637426556e-02 -6.526424088447531080e-01 2.699172946486472213e-04
0.000000000000000000e+00 0.000000000000000000e+00 0.000000000000000000e+00 0.000000000000000000e+00 0.000000000000000000e+00 0.000000000000000000e+00 2.217374376372802103e-02 -3.917122585578113741e-02 4.105367874498186409e-02 -4.139620423841595953e-02 -1.980510600903382934e-01 -5.618295579449521931e-02 -2.595118714007014354e-02 1.024465790633177862e-03 -9.825357654818410447e-02 -4.920146510933622735e-02 6.801446627682741775e-02 -1.740509703914715489e+00 -3.305582643514101804e+00 1.712568591456311795e+00 -2.517406521509673922e+00 1.715419218448714922e+00 -5.500398337544281091e+00 1.706052412063740364e+00 3.534533671903629770e+00 1.818113188992319440e+00 7.971099549339695500e-02 -5.310235578418323610e-02 2.811160495231882980e-02 -4.077780223051188230e-03 -1.920806443343288372e-01 -6.089581943413184539e-02 -1.642736235413119056e-02 3.332925177439352571e-02 1.471703444661401003e-02 -7.690834446726965701e-02 -1.835682313934692556e-01 2.579163077736836701e-03 5.217472706219596912e-01 -9.725673927253307427e-02 1.093935953407306316e+00 -1.918188524908560899e-02 1.234046544164160375e+00 -4.303270366181751599e-02 -1.204095445856941810e-01 -1.090635613455909897e-01 0.000000000000000000e+00 0.000000000000000000e+00 -2.024298156501708624e-03 1.649023284618631249e-02 -3.530697479263805033e-02 -8.371849047383739945e-03 -4.877825713598234886e-02 7.024845756360621751e-03 -9.448703973591850505e-03 -1.775137466685559884e-02 2.121108423449705443e-03 -1.743025875435785799e-02 -3.177709236112604557e-02 5.121362121880629684e-03 7.648277804466607245e-03 -2.584617611250270702e-02 4.198275457375992559e-03 1.561741305453176812e-03 -6.258450097543704488e-03 1.981165124843966424e-02 -1.492277433277462532e-02 8.388623555437313764e-03 -2.226951602202261599e-03 7.658106563115454901e-04 2.466601580939305205e-02 -1.850139647051261089e-03 -5.327283411810500129e-03 -2.848646980471507620e-02 -5.764872236127126411e-03 2.033833733168764063e-03 -1.264524011778210381e-02 2.279037890459248775e-02 -6.552962934114509030e-02 1.001667483332888131e-02 -9.463941933059688560e-03 -6.871259845107833544e-04 -1.027163843084276558e-02 -1.923589395818509334e-03 2.269176091112760484e-03 5.354947245732670849e-03 1.191252060727999995e-02 -6.640875944367644057e-03 -1.764304214312193558e-02 2.481063044089469420e-03 -1.125542552139292829e-02 1.864746399450300986e-03 -6.360421814415106317e-03 1.037192669389579852e-02 -1.609851402540068629e-02 -1.142486880221707524e-02 -3.610985493261430895e-02 -8.268175622425556629e-04 1.213837416809983652e-02 -5.476023213585404789e-05 2.041793113806467368e-03 -2.876205274271701438e-03 4.842170290251274212e-03 5.549632776535532580e-03 1.082173783742559209e-03 -1.334117635269078256e-02 -2.196313164911169527e-02 -1.392202746395920787e-02 1.791496841840414453e-02 7.649589147168249850e-03 -1.946578701047097654e-02 6.048485314078564518e-03 6.119370405526191464e-03 1.715897734366654201e-02 6.097446961704977228e-03 9.184072881235958927e-03 2.983801236097713069e-02 -9.601076685672885278e-04 7.797507509351750410e-03 -2.945175134485774823e-02 -5.230763670538253474e-02 3.494277352154125105e-02 1.649615855704817113e-01 -3.205685927957472453e-02 -1.712693130694499799e-01 -3.718713227240209862e-02 -1.179252355818966730e-01 -2.829309700687229756e-02 1.791553566899974081e-01 -3.825738725374755456e-02
0.000000000000000000e+00 0.000000000000000000e+00 0.000000000000000000e+00 0.000000000000000000e+00 0.000000000000000000e+00 0.000000000000000000e+00 2.081894603756138939e-02 3.476692935608333146e-02 -5.956768528302351651e-02 -5.855842101006576705e-02 -9.817201436255365010e-01 8.779096375234859972e-02 3.530747429635791024e-01 5.609310070431547043e-03 -2.007728404185626647e-01 3.910150028618029905e-02 -2.253270157199756429e+00 5.066846925871774765e+00 1.064715966702950993e+02 -5.673082533494676838e+00 9.350751813916554056e+01 -5.500398337538591420e+00 1.467294331279932180e+02 -5.272470978303026357e+00 -1.139062350794632863e+02 -5.680399624679960624e+00 6.266763602702936087e-01 8.811780185435970358e-02 -3.888633897569776510e-01 -5.044277594910252793e-03 -8.756085897550230923e-01 1.111074943329921627e-01 2.438493264361819568e-01 -3.935130698947162942e-01 3.885738457304911686e-02 1.576516394086604489e-01 -7.700270422043828944e-01 -4.134062863133042498e+00 -5.516586718907685594e-01 4.998012092926025218e+00 2.662203561868425883e+00 4.178712519323345198e+00 5.048176280151110085e+00 4.296801418514743176e+00 -3.420679831447577257e+00 3.472425926749334923e+00 0.000000000000000000e+00 0.000000000000000000e+00 -1.624216814440807011e-02 -1.894049578527004785e-01 4.142476634548197811e-01 9.045687208230290821e-02 5.722328845703208433e-01 -6.365991089025983818e-02 1.012960730154099376e-01 8.965831295333860640e-02 1.568826635781672696e-02 8.017610642495437423e-02 4.709940925189867178e-01 -1.488952599101055763e-01 -7.212795507136730844e-02 1.418776631799225918e-01 2.816988748845886126e-02 -1.051035503091144602e-01 1.426026517847409081e-01 -9.739319851430613961e-02 1.525499838617720982e-01 -1.033831192483806449e-01 5.822175561102232999e-02 -3.696850167646178326e-02 -2.749476835867745717e-01 1.897854022876967542e-02 2.193668406410930610e-02 2.029083048510378906e-01 3.791061530135788615e-01 -9.834683715060060782e-02 -4.775562541028652297e-02 -1.590896344645863769e-01 8.140915987846435442e-01 -1.429379422126172416e-01 1.214721706129168188e-01 1.349193125350027500e-03 1.560329886787465564e-02 -2.782758894322132082e-02 2.018835834234713744e-01 2.587266528042998781e-02 -3.602943366011373549e-01 5.114323081558355688e-02 4.896284569187749902e-01 -3.472221611863077206e-02 4.042519971119559186e-01 -3.128553128075084455e-03 8.305826955046917426e-02 -2.021665516656557249e-01 1.099309680055698679e-01 1.151954436259235437e-01 4.461943221493824829e-01 -1.536598485367157152e-01 -1.375614441438738067e-01 7.317367258648638240e-02 -6.057506561202802287e-02 8.432047094225721129e-02 -1.959526392914660853e-02 -9.361993103248476833e-02 -6.100011924623734844e-02 -5.258841458272814351e-02 2.672181921662628579e-01 -2.031560552201851499e-01 -2.280035759598701972e-01 1.391732617438451447e-01 1.408417826209709123e-01 1.847520664396060108e-01 4.726937640148098918e-02 1.489860931690257795e-01 -1.761132039874571120e-01 1.001031159382511221e-01 -3.448208686554152802e-01 -5.101900199886213322e-02 -7.398281298458682376e-02 8.101564619111584209e-02 4.090915489854187737e-01 -1.673969764342147504e-01 -1.146050751114210620e+00 1.486988642559606832e-01 1.128486256315017533e+00 5.923706934470640562e-03 7.436452089877153560e-01 -2.324336351752220864e-03 -1.094651007084743277e+00 1.079734984275385612e-01
0.000000000000000000e+00 0.000000000000000000e+00 0.000000000000000000e+00 0.000000000000000000e+00 0.000000000000000000e+00 0.000000000000000000e+00 2.882901635009743960e-02 -3.411299571404197845e-02 5.617388406574443105e-02 -4.986174536837705007e-02 -2.935568491763111409e-01 -6.449426656414500303e-02 -2.172156996323909225e-02 8.229823760621202133e-03 -1.378493628714861918e-01 -5.700816614625568712e-02 6.226882778588356537e-02 -1.788004260002802548e+00 -3.092240282730375878e+00 1.788866017080669168e+00 -2.298184966515592009e+00 1.706052412063658874e+00 -5.272470978308792411e+00 1.796323436227658776e+00 3.324920101221223945e+00 1.878845352012740388e+00 1.266691499331025761e-01 -6.175839935087943516e-02 2.220318008698631343e-02 3.965911208023555762e-03 -2.785895910037036183e-01 -6.975882546296717501e-02 -1.309819822942464608e-02 3.454580761156666319e-02 1.968357233520725072e-02 -7.807802766709370790e-02 -1.983301470524039545e-01 -1.394241924715242630e-02 5.990258564751664849e-01 -8.838990511844575793e-02 1.146151794067680640e+00 7.793535770476412577e-03 1.315677934475852906e+00 -4.393606431309579619e-03 -1.721166995819760070e-01 -6.713841594153527326e-02 0.000000000000000000e+00 0.000000000000000000e+00 2.915112335987645343e-03 1.408480454565413757e-02 -3.438531477107113765e-02 -8.807118327690132906e-03 -4.248859638938845551e-02 5.003664127017057144e-03 -8.349363893553247290e-03 -1.515665055906885786e-02 3.579653481973327049e-03 -1.494608192453541692e-02 -2.927456801651485974e-02 4.024548727526617263e-03 6.781509880844456203e-03 -2.382782723330267166e-02 7.451291243088397145e-03 -2.799769475769592689e-03 -1.210319109614884335e-02 1.812362282638710353e-02 -1.358502056458480919e-02 7.403848965615290184e-03 -4.211129680707944092e-03 -1.439304047014299762e-03 2.843893494019076804e-02 -4.155197184144531451e-03 -5.583871412703400768e-03 -2.510350872560732430e-02 1.068845584265562358e-02 -4.948658925006790658e-03 -1.687725215737426784e-03 2.320478464886684480e-02 -5.892119566685898729e-02 7.719128878120538537e-03 -8.114567760043215477e-03 3.414565545711698100e-03 -1.111767973631869535e-02 -4.147287077195384135e-04 4.787608709746170310e-03 3.847362870157054054e-03 5.937976396912137897e-03 -7.574088068491403175e-03 -8.249862532849086202e-03 1.467297176437881018e-04 -4.928504154714176584e-03 3.804626595513239604e-04 -6.648160107594972175e-03 6.620997167606284747e-03 -6.757640791285697210e-03 -1.058628239134854973e-02 -3.367860014943802049e-02 -6.129923918975136018e-04 1.407436190250878003e-02 -2.166667155685224420e-03 2.401445627835539949e-03 -4.485538848612728551e-03 4.125751218898938456e-03 -1.329940535770295258e-03 1.898179892289052380e-03 -2.143454398374096403e-02 -2.538273956779001084e-02 -1.041097258875968434e-02 3.654522325247288456e-02 8.780899467690699099e-04 -2.609371542473028563e-02 -1.380432178572375216e-03 1.609920867750517723e-02 8.845117662847609696e-03 2.523812851559891282e-02 1.636222199914736785e-03 2.644424423508411753e-02 -2.614632633493159386e-03 8.572189602850159573e-03 -1.235805561894150195e-02 -4.897639768007247540e-02 3.331089016794326618e-02 1.564352438313109661e-01 -3.367722071956319452e-02 -1.619128460433326699e-01 -3.547130809338573665e-02 -1.155476056978700650e-01 -2.873980454880176519e-02 1.715881128818714796e-01 -3.940444602171437605e-02
0.000000000000000000e+00 0.000000000000000000e+00 0.000000000000000000e+00 0.000000000000000000e+00 0.000000000000000000e+00 0.000000000000000000e+00 -4.878479703315432431e-02 -8.832694938993318479e-02 -2.387317102890512688e-02 2.135519844540850060e-02 1.142417761253248454e+00 -6.710412218707852150e-02 -2.178879877621562322e-01 3.333639130914404537e-03 3.286198039134025084e-01 -4.089018766355406731e-02 1.770012999987992774e+00 -3.193916640542927787e+00 -8.280947492071314286e+01 3.674298038910150943e+00 -7.355238175805980916e+01 3.534533671899761309e+00 -1.139062350794658300e+02 3.324920101217205382e+00 9.044837976957856540e+01 3.623221610194867104e+00 -6.255355564127909052e-01 -6.650405452027917386e-02 2.458314865611613831e-01 1.568750817299182851e-02 1.100179817547418004e+00 -8.037748407793858518e-02 -1.535251310253356594e-01 2.509785054349070732e-01 -5.328510063209138115e-02 -5.844307003802885758e-02 5.714240106917956030e-01 3.232587419774027637e+00 2.876698966529941393e-01 -3.662026468677148205e+00 -2.181140629049076018e+00 -3.315492817306729734e+00 -4.039568952991620776e+00 -3.361551881116763951e+00 2.489213415607954616e+00 -2.233707343121736688e+00 0.000000000000000000e+00 0.000000000000000000e+00 -8.430454573495643755e-03 1.130367777267535095e-01 -2.784559829284124488e-01 -5.736576039257813842e-02 -3.945601851700288876e-01 3.811878449583858131e-02 -7.093160702258824446e-02 -5.802550966884647415e-02 -1.469750826634824009e-02 -3.799808673850765817e-02 -3.247855137334260123e-01 9.281740068365486318e-02 5.560482413620167208e-02 -9.561895591898358915e-02 -2.303402573515600515e-02 7.366720477178351212e-02 -5.604550386643550319e-02 5.946081118222431433e-02 -9.582857694803051385e-02 6.972429374185228068e-02 -5.539527326245076433e-02 1.465382795429361062e-02 1.690806717921786717e-01 -1.174091197507089179e-03 -1.741429087601971404e-02 -1.410376663225303140e-01 -2.738802497275101278e-01 7.413934628222416945e-02 -3.108533131336507771e-03 1.010523490884703141e-01 -5.664472915517780871e-01 9.450760471930708118e-02 -7.346676518431935476e-02 -6.823249588240081626e-03 -1.385222472111563574e-03 -4.519838759198258060e-04 -1.574044311377535144e-01 -8.089476846594750858e-03 2.635729341869595954e-01 -1.566493501242222086e-02 -3.529948179059952396e-01 4.001837127787524762e-02 -2.980125222119083261e-01 2.550838238596611629e-02 -4.974483901614774883e-02 1.349155946769965697e-01 -1.262883276504689345e-01 -7.242431083996164753e-02 -2.791762135785202936e-01 1.143880239984770286e-01 5.685709556251117291e-02 -5.538276633256845188e-02 2.239635365406841827e-02 -7.647614905874515479e-02 -4.129538088897821702e-03 8.271775513441337324e-02 3.804501128087970502e-02 7.223135120444766633e-02 -1.390835707901733609e-01 1.702662332930095224e-01 1.285511690759189030e-02 -1.117913703728131841e-01 -3.458218167717846958e-02 -1.592443982167725813e-01 -1.366650038378495191e-01 -1.361643039151938794e-01 -1.193461350117130948e-02 -8.757561710115305265e-02 2.336127603414291931e-01 3.447688076559523446e-02 5.038888697956926677e-02 -3.457854319705902513e-02 -2.586778250614715224e-01 4.102229260356898832e-02 7.118536025592858696e-01 -2.945008938359860995e-02 -7.112638318715224228e-01 6.488452413636427996e-02 -4.338888444431504010e-01 8.795069564397034467e-02 6.759666880879304784e-01 3.667092994333376321e-03
0.000000000000000000e+00 0.000000000000000000e+00 0.000000000000000000e+00 0.000000000000000000e+00 0.000000000000000000e+00 0.000000000000000000e+00 3.242655219803945721e-02 -3.132864608032756570e-02 6.212733981692597496e-02 -5.178683371508199795e-02 -3.313419169851962165e-01 -6.477251906941665360e-02 -1.811034766124518247e-02 1.131064586815461528e-02 -1.519545440504398437e-01 -5.758152222555383559e-02 6.754030393164091317e-02 -1.886754569161233741e+00 -3.415693825471888712e+00 1.874911175287718113e+00 -2.495025785676901808e+00 1.818113188992156681e+00 -5.680399624686668147e+00 1.878845352012661785e+00 3.623221610199677478e+00 2.038725353053054246e+00 1.446103803345410999e-01 -6.146611000635846672e-02 1.759534373412297362e-02 7.920760947836204269e-03 -3.142930807335858612e-01 -6.957312904803895914e-02 -1.081953395770715066e-02 3.257538264477879975e-02 2.119365052143498684e-02 -7.059083458276704803e-02 -2.182216301447399143e-01 3.147294248824931279e-03 6.104871048092374020e-01 -7.830964322863892546e-02 1.280025793667708189e+00 -5.329691393385054682e-03 1.499414214132740897e+00 -2.069842035572523262e-02 -1.618808652959580208e-01 -6.550713328803621505e-02 0.000000000000000000e+00 0.000000000000000000e+00 6.522283946377277139e-03 1.311142917492890206e-02 -3.405803411642502332e-02 -9.162106509130326162e-03 -3.823659670415950618e-02 3.769772906017930178e-03 -7.765610177794916857e-03 -1.344370404017705863e-02 3.903963793932280473e-03 -1.146716832087183238e-02 -2.664851683178090513e-02 3.766810192460639650e-03 6.589103030667035552e-03 -2.384442466351434711e-02 8.730663494959184368e-03 -4.216651584011462534e-03 -1.153418795635556202e-02 1.705629497292534408e-02 -1.226438301070049107e-02 5.875962159894584751e-03 -5.525178014706482073e-03 -1.090436039884606217e-03 2.803991543618573890e-02 -3.511641127765196668e-03 -5.142687363296895124e-03 -2.541519225100761711e-02 1.460798824124480422e-02 -6.232908251656687354e-03 5.516161483768280104e-03 2.252938267774606124e-02 -5.286264804011286955e-02 6.915725778677194943e-03 -7.367543782388174048e-03 5.755991662258918076e-03 -1.026032950076404167e-02 -1.348032320002047740e-03 5.925363986507158412e-03 5.688376321422264001e-03 6.018145620223625848e-03 -7.522891912778335854e-03 -7.747443281167117057e-03 6.789620523610399513e-04 -5.839047199132038971e-03 4.406923412269788710e-04 -6.134196234452857048e-03 6.789739242543726787e-03 -7.003195548583657920e-03 -1.190677121464775445e-02 -3.126800719777731580e-02 -1.371109121701628072e-03 1.455269644774495087e-02 -2.006644299958107100e-03 3.096904013714149324e-03 -4.242921839745198050e-03 4.657979937414642030e-03 -2.691117953971272018e-03 1.844902984852514038e-03 -2.080030265189850014e-02 -2.435381857861671981e-02 -1.139979942444433944e-02 3.783770289281795929e-02 1.413862178124598076e-03 -2.697781379241386696e-02 -6.175632619020167934e-04 1.988867390947899466e-02 8.423087518929252976e-03 2.707156889107975584e-02 1.631263347774902827e-03 2.460230828085948132e-02 -3.602037219188555968e-03 9.163304423205575339e-03 -5.062620310069868533e-03 -4.941582463502576517e-02 3.719424744262093963e-02 1.625273752347937140e-01 -3.783785741058817709e-02 -1.697851443084795742e-01 -4.122443333503235385e-02 -1.186522596451908967e-01 -3.482269757605282318e-02 1.802693097001502875e-01 -4.384314865643734738e-02
0.000000000000000000e+00 0.000000000000000000e+00 0.000000000000000000e+00 0.000000000000000000e+00 0.000000000000000000e+00 0.000000000000000000e+00 8.356252311278530853e-02 6.553049826947127121e-02 1.389484756243480057e-01 -9.321058595347490178e-03 -9.553399289661967941e-01 -1.239576728066768031e-02 -8.787785515659705254e-03 2.297872323762887442e-03 -3.822174377209788809e-01 -1.180717129413809928e-02 -2.883305232087415154e-02 -1.059657241245646475e-01 5.761806004025954442e-01 1.150413996483137941e-01 4.563543043318696868e-01 7.971099549239880899e-02 6.266763602687845935e-01 1.266691499321340730e-01 -6.255355564110484101e-01 1.446103803335103133e-01 4.123989035987966068e-01 -8.795332543987030224e-03 9.174129312093567403e-04 2.944071199557367520e-03 -9.256643758553155799e-01 -1.559949495263306118e-02 -3.166867526513228275e-03 1.011061513016143706e-02 5.142025582515191012e-02 -2.635711563636186291e-02 7.739130149935649627e-02 -5.822572027837959185e-02 2.699743386642543611e-03 5.285195104272621958e-02 2.001022755829089811e-02 4.028703124981840300e-02 1.109923984696169902e-02 6.282872296117290867e-02 3.447405975646915255e-02 3.708285051185592623e-02 0.000000000000000000e+00 0.000000000000000000e+00 9.870553329564484002e-03 1.088496041321829547e-02 -1.492131514509996079e-02 -4.612010006320106702e-04 -1.830350614955519178e-02 4.294225081597750730e-03 -8.695485351491497560e-04 -8.423257117214282084e-04 3.168714942549905413e-04 -3.574120269523380251e-03 -1.417105221942198227e-02 8.328443281827708350e-03 1.174761374188205889e-03 -7.527684950904020653e-04 -7.515875352033930638e-05 3.172833491084551399e-03 -7.970924648762754347e-03 4.310399503870026780e-03 -3.312846353301930613e-03 7.406287023192507923e-03 -2.979433015835665326e-03 3.014351993631997177e-03 3.369683422650707021e-03 -4.407167558628232243e-03 2.287829369396348104e-04 -5.892623682752428857e-03 -1.127240648816012561e-02 5.138243275471831781e-03 8.849124675394743483e-03 6.336367285944699210e-03 -2.021891106201130495e-02 6.677265679958134872e-03 -6.878066664445096554e-03 5.691904168433615380e-03 -3.111257945977036806e-03 7.839096842814030630e-03 5.140937784412608590e-04 -9.259757609506088366e-04 4.774405813261989664e-03 -3.932531218132884546e-03 -7.401203766966219129e-03 -1.692446827190879390e-03 -9.233866952600809294e-03 -3.107641096572182071e-03 -2.418627989257845362e-03 7.106394274870298650e-03 3.674908297267021062e-04 -1.687903269024744902e-03 -1.850301496197986895e-02 6.322682421657361412e-03 1.122991269212546099e-02 -2.645721979591767695e-03 5.759624542001238676e-03 -1.722688643804001860e-03 3.289297378525096738e-03 1.253501753937527607e-03 3.322289087998820441e-03 -2.807860738049257256e-03 -1.869780220425955666e-02 5.505564431273262879e-03 4.215094318081839819e-02 -5.366157890723276258e-03 -1.972467694790681556e-02 -5.517374566005292351e-03 1.759469100574570510e-02 -8.286693462723020414e-04 4.159290763307438993e-02 -1.362805783597702269e-03 1.004479343444855850e-02 4.486116911146415323e-03 -7.785943499142454396e-04 -1.277084222474296482e-02 -1.867040041178861035e-02 3.173192442702373051e-02 5.698238073235811774e-02 -2.769688680672715425e-02 -5.200734552507105951e-02 -2.960411224483494932e-02 -4.775129908021366609e-02 -2.760112190334341326e-02 6.020371280943598302e-02 -2.834611300435925865e-02
0.000000000000000000e+00 0.000000000000000000e+00 0.000000000000000000e+00 0.000000000000000000e+00 0.000000000000000000e+00 0.000000000000000000e+00 -7.458724674028411987e-03 5.417093543465119343e-02 -1.599357347711743114e-03 3.822486144295351301e-02 1.124675482095176954e-02 3.923486176021739186e-02 2.232673249671825004e-03 -3.480120881649928586e-03 8.422260366912216745e-03 3.654992276285604080e-02 -2.971893563822246244e-04 9.136013799467203322e-02 6.375518999484137972e-03 -5.868566609048784383e-02 1.882143535190873573e-03 -5.310235578415879731e-02 8.811780185482212535e-02 -6.175839935085401800e-02 -6.650405452068440526e-02 -6.146611000633835781e-02 -8.795332544003607242e-03 3.858125069784960892e-02 -1.773203607133785843e-03 -4.717582528826938515e-03 1.409640184267664346e-02 3.981645903525315999e-02 1.328768165102137827e-03 -6.234445411434815822e-03 -2.047583007814265683e-03 4.120568504112600422e-02 9.020209828535382182e-03 5.547639302793330035e-02 -3.102340179512009383e-02 -2.309331189657941666e-02 -5.341675868769037161e-02 -2.829971496608351192e-02 -5.488591614952456621e-02 -2.069037666787956753e-02 3.577950582483226030e-03 -3.249219545766873773e-02 0.000000000000000000e+00 0.000000000000000000e+00 -2.276037839617523362e-03 -4.345375572659515139e-04 3.708935824336196101e-03 7.118765790480279096e-04 3.511148067098890206e-03 8.103869299855356997e-04 5.482456319263615463e-04 -6.153716878842917378e-05 -4.860997506361555915e-04 -8.389355120597270484e-04 3.347340379386092718e-03 -1.359261539296652320e-03 3.100761143253462452e-05 2.345965710988487038e-03 -5.340422706073336134e-04 -1.459605130126579808e-04 5.191611991277367104e-03 -1.093583987983629989e-03 1.425053320171516596e-03 -9.163206234176731520e-04 -1.198316589318112373e-03 5.635254651047995594e-04 -3.888051129252870133e-03 6.213013879842575618e-04 2.244088915255846629e-04 1.928812894035443568e-03 -1.268654382890791691e-03 6.029298738196707964e-04 -2.305021898601812731e-03 -1.619687199763784587e-03 5.296170983797367574e-03 -3.911804884804540895e-04 5.868721766036583479e-04 -1.856229788434705799e-03 5.020781857238550095e-04 9.062138626228630114e-04 -1.980946781943508997e-03 -7.884282750018453863e-04 -1.059698475990044448e-03 -9.100453629009371166e-04 -3.261766480712859962e-04 -8.507746582744716039e-04 1.571003968232853772e-03 -1.112931224715835513e-03 7.912731573318195540e-04 -1.172802577143597152e-03 -1.824509917344924832e-03 1.831687336662438190e-03 4.258916300751093911e-03 -7.044361919242578610e-04 -3.829128200181075494e-03 1.235977780955854755e-03 -2.057143305089352212e-03 9.028992666216564779e-04 -5.937525729478463016e-04 4.644736678258020064e-04 -1.192630682258843250e-03 1.852890198165610706e-03 3.749311340052778434e-03 -2.388993396233117777e-03 -1.124728713628338206e-02 3.860659229023624944e-03 5.683058703158256827e-03 3.480116627216069125e-03 -2.544833823212775542e-03 3.776983282977607308e-03 -9.000428777044395395e-03 2.883975023587530793e-03 -2.263839742326060993e-03 1.766898301393179114e-04 -9.848984480810211821e-04 -4.358922110612744975e-03 2.648821971082313074e-03 -1.832989438622318083e-03 -7.233614833594881680e-03 3.847677373153174461e-03 8.373033127480089197e-03 1.375322491168682985e-03 6.643665897230323879e-03 1.315430326915841648e-03 -7.688053856722196905e-03 2.166828106585784886e-03
0.000000000000000000e+00 0.000000000000000000e+00 0.000000000000000000e+00 0.000000000000000000e+00 0.000000000000000000e+00 0.000000000000000000e+00 1.245323821687306090e-03 -1.043988343498901666e-03 2.670551935570656277e-03 6.382432792566700153e-04 -8.952364689768118472e-03 -2.032615388144587421e-03 -9.374505531622539384e-03 -1.196158678754277727e-03 -5.584106915458526832e-03 -8.656986002157924642e-04 5.310079041305068408e-03 -2.304880310793112896e-02 -2.424128933409131770e-01 2.334021899552479046e-02 -2.497184158177358504e-01 2.811160495225464157e-02 -3.888633897564510722e-01 2.220318008692140702e-02 2.458314865607905131e-01 1.759534373406505120e-02 9.174129312025527212e-04 -1.773203607131189396e-03 9.148287213336787210e-03 -1.340727079912667954e-03 -1.548803120304343556e-02 -2.388485738380125359e-03 -5.752814977624063492e-03 7.379909021907679265e-03 1.368107764147324977e-03 -8.805744271311375174e-03 1.413672120561562488e-02 6.982677921869170044e-04 -4.471469435803697434e-03 -1.146633011375420251e-02 -5.568728625949920935e-02 -3.755867578577045621e-03 -7.821706643047017515e-02 -8.331235197290273731e-03 4.191506594577909528e-02 -2.480386383566136888e-02 0.000000000000000000e+00 0.000000000000000000e+00 1.125320495373653522e-03 6.685877479550872762e-03 -9.582672252458611720e-03 -1.239949900631598118e-03 -1.273465156605959117e-02 3.225982217209444943e-03 -2.107509464681737565e-03 -2.518066002576645722e-03 -1.121632430393218797e-04 -4.597624214772113097e-03 -9.582074665446242701e-03 4.834582878728315401e-03 1.570198363166030965e-03 -2.005435144782429392e-03 -6.017436473482616534e-04 3.532111930767219479e-03 -1.439843080790515666e-03 2.436489429639360129e-03 -3.852106802892374653e-03 4.627821895605374429e-03 4.485323622568419496e-05 1.464196876933539747e-03 5.797767549131302607e-03 -9.100592932884299553e-04 -5.577385779852559074e-04 -2.901794730536756163e-03 -9.261560171534406749e-03 3.901158681273512053e-03 -3.320779663063324130e-03 2.797031941305709330e-03 -1.631237929084761173e-02 4.707036706583369451e-03 -4.361050643839563257e-03 3.437835052868635772e-04 -9.937841517274174658e-04 3.337107249386793949e-03 -3.023238398520136302e-03 -1.499283104403772212e-03 6.641957616487597499e-03 -2.561590152368733390e-03 -9.446692839760066629e-03 -3.113542890393936166e-04 -7.591777687972327618e-03 -1.534832873261055561e-03 -1.651988407118966211e-03 5.425173175910459090e-03 -2.193752421648331036e-03 -1.516994043042462197e-03 -1.072166479686610489e-02 4.364395158657422349e-03 3.960369735640300454e-03 -1.365812736470566058e-03 1.667200516662663799e-03 -1.408948302803140562e-03 1.096069059391716668e-03 2.959088296223801040e-03 1.422135528752240712e-03 2.703925503488038514e-04 -7.171522580059205149e-03 3.937504644741757036e-03 8.799934439686421528e-03 -2.070536134127775284e-03 -5.812608723800901517e-03 -2.755178128894066047e-03 3.541941360311216466e-04 7.477338558916702457e-05 8.244232859500997060e-03 -3.227786746800347865e-05 7.781515904282406901e-03 2.984160333572607061e-03 3.084096505395699612e-04 -7.970400532207754310e-03 -1.051256480705178332e-02 9.434680763209944004e-03 2.929860014200894730e-02 -7.061281743226989482e-03 -3.037665662975784844e-02 -5.974673045777176110e-03 -2.205615055428148188e-02 -5.095414133361730880e-03 2.968130637711837577e-02 -5.996297179319817934e-03
0.000000000000000000e+00 0.000000000000000000e+00 0.000000000000000000e+00 0.000000000000000000e+00 0.000000000000000000e+00 0.000000000000000000e+00 8.584590772241976328e-04 -1.338329634480972183e-03 1.333624612284782605e-03 -3.102227749721176570e-03 -1.083436023927944383e-03 -4.458229976043115439e-03 4.923427233412477086e-05 9.340637959070552734e-03 -1.058255683938401706e-03 -3.720837745481108978e-03 -1.462630645854814861e-04 -4.619745835332206806e-03 1.742327153640436943e-02 5.756740316059404117e-03 -5.674191610842073408e-03 -4.077780223072978959e-03 -5.044277595124230934e-03 3.965911207993236265e-03 1.568750817313446094e-02 7.920760947811699565e-03 2.944071199546536774e-03 -4.717582528827434646e-03 -1.340727079909975880e-03 9.861973054858648446e-03 -1.281733243125560660e-04 -4.303674901472777023e-03 8.282759530408239463e-04 7.437190223501376034e-03 -4.280712885387475569e-04 -2.804385131077930145e-03 -4.730869598323557759e-03 -4.682736335464846716e-03 9.788047850084269710e-03 4.513793709968509649e-03 2.497526995886234502e-02 6.713548735419209643e-03 2.712766644936347171e-02 4.649064759939837248e-03 -1.181614977437912307e-02 1.904138185108383147e-02 0.000000000000000000e+00 0.000000000000000000e+00 6.231523473959182761e-03 -2.100360826854001726e-04 -2.742810893293620104e-03 -4.377826375565250475e-04 1.683425226523068644e-03 -6.487796958568979718e-04 3.697766276431270786e-04 3.289285801277972224e-03 9.574127684380860995e-04 3.630477308309740594e-03 -9.481996067273873452e-04 1.940669794202234044e-03 5.194785198138510910e-05 2.306146023422335489e-03 2.198293724336926411e-03 -1.537384218458653440e-03 -3.860641656403430468e-03 -1.947835252026400158e-03 -7.679045019183947031e-05 1.205981413450200358e-03 -1.213193237558457711e-03 -9.902291210173779987e-04 6.037412486060329819e-03 -7.793172022912558689e-04 -4.717468474237416316e-04 1.952001836649117691e-03 1.139831981503107092e-02 -2.386343926628251098e-03 8.620973357039044688e-03 -4.920316636205499840e-04 1.152570441434603177e-03 2.015243022243246040e-04 -2.480087577342258163e-04 4.793237787201617799e-03 3.729356175426147210e-04 1.402123441575116661e-03 -5.633868544885980729e-04 -1.123764313509656790e-03 -2.614306894457432218e-04 8.598486121312793381e-05 1.940715705038872094e-03 3.548179956193374092e-04 -2.084098956822666665e-04 -5.821258695309579389e-04 -4.679778797541416695e-04 4.252061938623032393e-04 4.519773274680737724e-03 -5.006460604724004065e-04 -2.496476751473085875e-04 2.074551078559583317e-03 1.680208195735531391e-03 -1.397303437625495000e-03 1.176942997219351632e-03 -1.152123207088008540e-03 -4.140578846815398412e-04 -2.899646994052308864e-03 7.793285350612198618e-04 -2.815816132401083652e-03 -3.024967739318615810e-03 5.019279014165657984e-03 1.234938469263289346e-02 -5.384482489620901445e-03 -5.785228465730637114e-03 -5.123264483131032346e-03 5.219847620322102394e-03 -7.308608572398594960e-03 1.335463668398669847e-02 -5.104807963321103710e-03 -2.944703396248755500e-04 6.362182676198387240e-05 3.796164527509401378e-04 1.596580243589050888e-02 -5.784018334317847206e-04 5.005834232538085814e-03 2.487626756677924038e-03 -6.081414926154858798e-03 -4.840997176373960237e-03 -4.043237302941885859e-03 -3.234330631849178551e-03 -4.710445709184922329e-03 5.779352684015083910e-03 -4.117457873406974930e-03
0.000000000000000000e+00 0.000000000000000000e+00 0.000000000000000000e+00 0.000000000000000000e+00 0.000000000000000000e+00 0.000000000000000000e+00 -1.911590919167746316e-01 -1.552791197198829520e-01 -3.207718130726977535e-01 1.319173473784451302e-02 2.180617756070196034e+00 2.304631593606835949e-02 2.902308796867302670e-02 -5.532723005772716748e-04 8.769487356129337385e-01 1.796532852901480681e-02 5.795896248207622198e-02 2.300755075212507772e-01 -9.404230574029819323e-01 -2.603483840609343014e-01 -6.844307064417339825e-01 -1.920806443321281809e-01 -8.756085897526010298e-01 -2.785895910015562249e-01 1.100179817544486793e+00 -3.142930807312905306e-01 -9.256643758552329793e-01 1.409640184263169851e-02 -1.548803120307146175e-02 -1.281733243316801997e-04 2.148301309190178809e+00 3.043121744627512448e-02 1.134356276905631317e-02 -2.493839091197212754e-02 -1.194624571793945073e-01 6.562746564593831267e-02 -2.080068597948421805e-01 1.240621619587514990e-01 1.612402061717366913e-02 -1.035579082838724990e-01 7.093909065480033527e-02 -8.269318656288177083e-02 1.398115817670378958e-01 -1.276640946285149958e-01 -1.616291832795709593e-01 -3.210593722866507405e-02 0.000000000000000000e+00 0.000000000000000000e+00 -1.698856381233219970e-02 -3.122909445276477250e-02 3.914446271853899012e-02 3.688363969735907952e-03 5.295596409938090054e-02 -1.236437358223875516e-02 4.915013161436230030e-03 5.374849920762095161e-03 1.419987554543960390e-04 1.203068179968884779e-02 4.182661871778246832e-02 -2.187337350902155558e-02 -4.537765442401047247e-03 6.655395365088443566e-03 3.794896160931357943e-03 -1.170285630234632092e-02 1.528011006039355947e-02 -1.320782378255858786e-02 1.146055207093849525e-02 -1.634580154844089694e-02 7.332673830490623809e-03 -1.002749159666316281e-02 -1.403800216435245087e-02 7.539064056097321068e-03 7.792894013988304735e-05 1.622283896500864575e-02 4.127295582185443873e-02 -1.775030375840564584e-02 -1.131777394259056956e-02 -1.433318798148181493e-02 6.312227104140860634e-02 -1.869841439646334480e-02 1.898758382270404610e-02 -8.046924013105813747e-03 8.147378893291040355e-03 -2.022802293456162775e-02 2.218278456140734302e-03 4.246231144261388910e-03 -1.796599366368481845e-02 1.347239050417813749e-02 2.858974516065264371e-02 7.104228110682164581e-03 2.775127973697092895e-02 1.107071685513864867e-02 7.745758098702142970e-03 -2.269017988153784401e-02 -1.101897322055207275e-03 6.521309605472097246e-03 5.295451653833264938e-02 -1.629085282017150166e-02 -2.870351799199055351e-02 5.100829986731441647e-03 -1.463818007187741264e-02 2.270322539888582590e-03 -1.009017061137326698e-02 -5.861701590651393658e-03 -7.977396941947288711e-03 2.170103706213192141e-03 4.863819272519394332e-02 -1.126301488131146306e-02 -9.901493627428098465e-02 8.315582624196422162e-03 4.678243027809514398e-02 8.933444082882192883e-03 -4.212588747026839442e-02 -4.267276000798331421e-03 -9.794556694269671016e-02 -1.954427262256758745e-03 -3.094563454321378609e-02 -1.195129352165543932e-02 1.285538034937150310e-03 3.484013170191492537e-02 5.161927991353675721e-02 -7.364572943929321991e-02 -1.567941749024610587e-01 6.192305881450828331e-02 1.425336462452156949e-01 6.482858845282389593e-02 1.247097958282188668e-01 6.186230530030382285e-02 -1.600860153499054639e-01 6.355095301250736350e-02
0.000000000000000000e+00 0.000000000000000000e+00 0.000000000000000000e+00 0.000000000000000000e+00 0.000000000000000000e+00 0.000000000000000000e+00 -8.845335337984663870e-03 5.640668850821099062e-02 -3.643767495011589457e-03 4.051305935408146264e-02 2.827104243988310187e-02 4.142264621169116506e-02 2.916877288234199107e-03 -4.112318857320260146e-03 1.593511283276348098e-02 3.894078115650941724e-02 -2.796266315136710506e-04 1.004087968863866531e-01 1.709717750816794335e-02 -6.634401346458636273e-02 1.396078716198265873e-02 -6.089581943411140341e-02 1.111074943333631160e-01 -6.975882546294498443e-02 -8.037748407834106879e-02 -6.957312904802852305e-02 -1.559949495263297618e-02 3.981645903525385388e-02 -2.388485738381669696e-03 -4.303674901475744267e-03 3.043121744627808739e-02 4.245077779593273842e-02 1.596534557562237196e-03 -8.242871196028938446e-03 -3.677252156122121519e-03 4.296258831058934191e-02 7.074876733443593094e-03 5.928860064682934389e-02 -3.160209478295584323e-02 -2.475053135301274673e-02 -5.093679764083754169e-02 -2.979167226099992821e-02 -5.063544300131024578e-02 -2.246988818800102830e-02 -2.108313952408015415e-04 -3.270098719901554096e-02 0.000000000000000000e+00 0.000000000000000000e+00 -3.072229784316896258e-03 -1.692973437027225892e-04 4.015240853102336818e-03 3.343862069177192258e-04 3.289768843992873625e-03 7.707195232680584453e-04 5.969480805102988716e-04 -9.066142288344311172e-05 -4.607486592679575820e-04 -1.058097598726507639e-03 3.195714670464320888e-03 -1.708056700121821309e-03 1.765787298695979625e-04 2.751987827360783193e-03 -4.425387102674961009e-04 -2.579233783532465909e-04 6.070523084359304676e-03 -1.544263545295673778e-03 1.528085233824913632e-03 -1.309971535818163545e-03 -1.410988700776968311e-03 6.459257034882345642e-04 -4.576552051502397189e-03 1.096877628168057943e-03 1.147058854594643567e-04 2.440828597038085558e-03 -1.282653776216303824e-03 4.921269704966971768e-04 -3.341824952957918923e-03 -2.077181386661857906e-03 4.893386057573512367e-03 -4.868998297688724832e-04 5.722802849984295762e-04 -2.418518668018752871e-03 2.157513538690340933e-04 1.051095657553577064e-03 -1.870712986950485816e-03 -8.802405676784530886e-04 -1.690986955835722212e-03 -1.084831029561127060e-03 4.776560496787068087e-04 -1.169882430317989701e-03 2.458348356706634239e-03 -1.274803602134074506e-03 8.613219679927823546e-04 -1.181240668210450147e-03 -2.614877523762488935e-03 1.753913364074339643e-03 4.317331228457445443e-03 -8.836944181889964250e-04 -4.203179305786754021e-03 1.569252207894055633e-03 -2.129500751018371073e-03 9.134524245646666622e-04 -5.995347735629521753e-04 7.388334756036492833e-04 -1.296878180486304728e-03 2.531505932401502228e-03 4.033851299320438850e-03 -2.987355351479314101e-03 -1.251561041432054482e-02 4.949059840679001683e-03 6.070632033107181344e-03 4.381081728593672585e-03 -3.282345523775057061e-03 4.397105198453757878e-03 -1.004398977860468736e-02 3.706415313089394918e-03 -2.148394381764283899e-03 8.504484102060177401e-05 -1.201267192195148038e-03 -4.110408622787368842e-03 2.646447825014314366e-03 -3.119298058476040365e-03 -6.741895923061041150e-03 5.088832593618332172e-03 7.721831179177176749e-03 2.519282472200463918e-03 6.886241056201348673e-03 2.503997714731137116e-03 -8.086334733602661834e-03 3.643252014933673691e-03
0.000000000000000000e+00 0.000000000000000000e+00 0.000000000000000000e+00 0.000000000000000000e+00 0.000000000000000000e+00 0.000000000000000000e+00 -1.044930884817491966e-03 -2.642326929433273797e-04 -2.500144786951119438e-03 -7.505267543976661387e-04 9.319627557603191517e-03 1.389190038754092166e-03 7.170678263031389846e-03 1.726502807146852812e-03 4.699895693556188983e-03 7.732755183308656676e-04 -3.237451611009459738e-03 1.313818326897740058e-02 1.521754311971864615e-01 -1.428517508466774222e-02 1.547475194904922857e-01 -1.642736235407720249e-02 2.438493264359185564e-01 -1.309819822936974208e-02 -1.535251310251561363e-01 -1.081953395765648633e-02 -3.166867526508853302e-03 1.328768165101624566e-03 -5.752814977624326302e-03 8.282759530425079291e-04 1.134356276903863980e-02 1.596534557561780747e-03 5.343922573744941396e-03 -5.209310061538054148e-03 -1.239282929541821957e-03 5.579622412551782894e-03 -9.805122818424317349e-03 -5.761498690588426601e-04 2.272633537833496954e-03 7.040960558097100405e-03 3.666227876444585337e-02 2.077116155498309486e-03 5.188903598656791072e-02 5.112483465215792236e-03 -2.744992279320771986e-02 1.462659565241082246e-02 0.000000000000000000e+00 0.000000000000000000e+00 -2.500929381568827575e-03 -5.302788946989261433e-03 8.739306438568923002e-03 5.057694660802311473e-04 9.969349380445345979e-03 -2.923858848619735346e-03 1.889415215075851417e-03 2.158299325160985185e-03 -6.424602750652164520e-05 3.888140128647346681e-03 7.388577166871141376e-03 -4.543629333043445670e-03 -1.220467754103117877e-03 2.062601319656361554e-03 -2.635893072721038656e-04 -2.725838472942623825e-03 1.579385170016329781e-03 -2.524049112836961994e-03 3.253415738086727974e-03 -4.858654948766288201e-03 -3.801800657515405060e-06 -1.062600305559639790e-03 -5.541799437995446366e-03 1.445588013717295783e-03 4.408093482791392665e-04 3.014741076182930659e-03 6.532441760370800987e-03 -2.520847779595592180e-03 2.714525383002451553e-03 -3.588179626200529299e-03 1.242986881189301306e-02 -4.253048224185848429e-03 3.689796744468998128e-03 -1.296982196263933617e-03 6.559963144212353032e-04 -2.649638986858289264e-03 2.539341029153051581e-03 3.526656746315839940e-04 -5.609140610231355337e-03 1.474675868613555593e-03 7.750279321127213905e-03 -3.061625195335525859e-04 6.700539478779182247e-03 7.124818971711938337e-04 1.336312403904905488e-03 -4.607962836562387240e-03 1.240403779971645378e-03 1.462172946956454304e-03 8.771679164447350810e-03 -4.046402467281232963e-03 -3.966777577760152544e-03 1.642580748847471267e-03 -1.579095692330501934e-03 1.345247758273791349e-03 -9.682789329125911877e-04 -1.662324548909619977e-03 -1.371356100394795132e-03 1.075072007591961615e-03 6.197290716175774331e-03 -4.068966343830262254e-03 -9.433922246832260328e-03 2.895938466277107881e-03 5.816532765111438741e-03 3.137953454497622880e-03 -1.471506066569294160e-03 8.397331827786761512e-04 -8.342955366020171626e-03 1.155927883296708949e-03 -6.206903444187066195e-03 -2.810997777291500670e-03 -6.899813480808291268e-04 6.580930499980392617e-03 9.112213057056981619e-03 -1.005622423877405684e-02 -2.587813950242964095e-02 8.155429178577035601e-03 2.767275435043134099e-02 6.796943357455550137e-03 2.009097948463545169e-02 6.204265306270154677e-03 -2.700188320776680112e-02 7.201259455969209224e-03
0.000000000000000000e+00 0.000000000000000000e+00 0.000000000000000000e+00 0.000000000000000000e+00 0.000000000000000000e+00 0.000000000000000000e+00 2.915080877495370218e-03 -3.609402750522244449e-03 5.232561567785254733e-03 -2.948012250058338474e-03 -2.273839350355474909e-02 -6.830664053408480076e-03 -1.038201664149601515e-02 1.351609440517308018e-02 -1.259030039134366105e-02 -5.232451975867243726e-03 4.984386375839255055e-03 -3.728743672073343840e-02 -2.162718834324547923e-01 3.632512009473173181e-02 -2.494816466893267637e-01 3.332925177425108410e-02 -3.935130698943041239e-01 3.454580761141400752e-02 2.509785054346870825e-01 3.257538264463774591e-02 1.011061513011779836e-02 -6.234445411429894411e-03 7.379909021910199818e-03 7.437190223499810446e-03 -2.493839091185245244e-02 -8.242871196024816743e-03 -5.209310061539369069e-03 2.823364455349686511e-02 2.335199012200113357e-03 -1.844695380764473092e-02 1.419973275412465819e-02 -8.012193895535318564e-03 -2.010987629668820661e-03 -8.734583229964940077e-03 -4.705995452873694418e-02 4.337585362809077624e-03 -8.407464513513286664e-02 -2.502555511993037867e-03 4.624861713924459383e-02 -1.494938382613410569e-02 0.000000000000000000e+00 0.000000000000000000e+00 1.245366510603551288e-02 1.369419763657314876e-03 -9.241088472001642365e-03 1.949840298640124342e-03 -2.111488291045047344e-03 1.344600502123078408e-03 -7.149735049362196133e-04 3.047877592619074524e-03 8.945511823681872232e-04 1.665475354793838217e-03 -3.626890297229519444e-03 6.101240428709330151e-03 9.265973395666671892e-05 -1.233989329805368893e-04 2.798048044583692235e-03 1.598705046109446300e-03 -6.986004019171640489e-03 7.816096028512248359e-04 -1.801629380160846934e-03 6.891288343276427003e-03 -1.282189650553328857e-04 -2.074102666247392356e-04 9.885915990365767153e-03 -4.283377715235830302e-03 -3.586298602261382717e-04 -3.412445957090645514e-03 9.201159237682712475e-03 1.569340192684965871e-03 7.953396603194358774e-03 4.063305427656383091e-03 -1.940897675965480226e-03 3.067408403791700797e-03 -2.638053233920556549e-03 9.328464787671780084e-03 1.694839361483232738e-03 2.432309434614752727e-03 -4.109145545913989173e-03 -5.084767962425505196e-04 5.868727936195981647e-03 2.954116834579664720e-04 -6.892327589309611702e-03 1.736152867142157696e-03 -8.835873282935531939e-03 9.799600875049136774e-05 -9.670586005807019474e-04 4.076930097524642319e-03 4.948481656117711611e-03 -1.581589399074609728e-03 -4.482884401761291250e-03 5.524258625299997318e-03 5.133926371434834740e-03 -3.215242906524030421e-03 2.484270262337997474e-03 -2.001447592012125035e-03 4.540174790772384108e-04 -1.939744769458134552e-03 1.529968483830333693e-03 -4.948137383192894971e-03 -6.918735219996578756e-03 1.108446114367572267e-02 2.206733479614492871e-02 -1.159071926816506934e-02 -1.024670553640529870e-02 -1.107337404177020056e-02 8.339162446539847423e-03 -1.012958972708508272e-02 2.139160217712496315e-02 -9.485812351610098392e-03 1.949848854475248489e-03 2.679509831417852157e-03 9.785554679334681084e-04 6.544796754212847852e-03 -4.569302595884177851e-03 1.714842542727438440e-02 1.117904896951553428e-02 -1.651858935779848894e-02 -1.535300341579258314e-02 -1.414790912098842085e-02 -1.371327453475641896e-02 -1.373836435588194141e-02 1.956188554793823059e-02 -1.410955057396320010e-02
0.000000000000000000e+00 0.000000000000000000e+00 0.000000000000000000e+00 0.000000000000000000e+00 0.000000000000000000e+00 0.000000000000000000e+00 1.017292838488879393e-02 6.440489502222703291e-03 1.744836999495844726e-02 -1.978457973960043997e-03 -1.189635135076527184e-01 -3.060629189074751556e-03 -2.534482398644536012e-03 -2.141681302016384925e-04 -4.858506267702866754e-02 -2.552789393666717033e-03 -3.041206325747329575e-03 -1.738722926466572394e-02 4.895474995212965863e-02 1.831076723816330368e-02 3.290571390233987953e-02 1.471703444649043527e-02 3.885738457294618531e-02 1.968357233508746806e-02 -5.328510063192756774e-02 2.119365052130731467e-02 5.142025582515244442e-02 -2.047583007812327129e-03 1.368107764148837873e-03 -4.280712885369722300e-04 -1.194624571794046936e-01 -3.677252156123646774e-03 -1.239282929543051442e-03 2.335199012207014521e-03 9.105752429789564992e-03 -6.573941101057724501e-03 1.127783484485386616e-02 -9.311400164016252895e-03 1.335947243545625596e-03 7.922569679326734587e-03 -1.828812156796857154e-03 6.174829173421898104e-03 -9.076589457986667178e-03 8.049877803590151440e-03 1.021535045055493515e-02 2.598866426021773438e-03 0.000000000000000000e+00 0.000000000000000000e+00 4.394846094767505037e-04 2.229178268725263024e-03 -2.047924495581312111e-03 8.799980826369164068e-04 -3.790187945856361967e-03 1.422683364126315578e-03 1.083800608634621676e-05 -4.065663131135136021e-04 -2.314688277393396902e-04 -1.261896152900640698e-03 -2.341192900014179689e-03 1.443760083553963540e-03 2.423489007288597756e-04 -2.954345518217469518e-04 -1.208672285237480598e-03 1.508573038682438795e-03 4.585639142698702542e-04 1.341457021914462758e-03 -5.377617482950295541e-04 2.080366277313104497e-03 6.291064838501964442e-05 3.417290411105958648e-04 -1.059726993565546010e-03 -5.482266237745255953e-04 1.062424873945259739e-05 -4.636812968853325830e-04 -3.967255874049670575e-03 2.007513768778473873e-03 -1.211519222373680545e-03 5.689877228523606157e-04 -3.563299506685778210e-03 1.474021461988490487e-03 -1.402319044942563087e-03 5.172631841569964124e-04 -6.330645554099096012e-04 1.945902582068051098e-03 5.461025457969127892e-05 -6.033726155408730696e-04 7.881086717842072931e-04 -8.666501592616481994e-04 -1.715209941027249704e-03 -6.125480773605931689e-04 -2.001808721978789139e-03 -1.043796185252416318e-03 -1.329285213750132973e-04 1.184857323128620963e-03 -1.933501267666963694e-03 9.799458219512671101e-04 -2.482790830390348841e-03 1.279019441607783490e-03 1.460251392989115563e-04 -2.317450236520029344e-04 4.054766930502462800e-05 -3.438585604236514960e-04 3.968629819011671952e-04 1.736811263364475841e-03 -2.856663443260212668e-05 1.160832837435869444e-03 -1.999547093296206654e-03 7.536227947442253067e-04 1.802194374229310319e-03 -1.021368180051337754e-04 -9.850247742097043013e-04 -2.531676108187429675e-04 -1.295954098413001476e-04 1.859924747043121803e-03 1.802051697025088516e-03 1.113721742678690707e-03 1.781762437095079201e-03 1.447851819852617435e-03 -1.179467814599173938e-03 -7.765608442200856894e-03 -2.596094160546961755e-03 5.324450233422474595e-03 6.254036696011306025e-03 -3.525165414736677969e-03 -5.830555563202287177e-03 -5.248623459190137307e-03 -6.402733193371511373e-03 -4.431519134844895749e-03 7.183361743316122282e-03 -3.956309988314659146e-03
0.000000000000000000e+00 0.000000000000000000e+00 0.000000000000000000e+00 0.000000000000000000e+00 0.000000000000000000e+00 0.000000000000000000e+00 -9.610970798521693143e-03 5.726432907010662460e-02 -3.877968757668204518e-03 4.127610278298497748e-02 6.230478197644247901e-02 4.146518730676542613e-02 1.075246139233679635e-02 -3.518390913743412677e-03 2.594046062047454526e-02 3.922965766045733577e-02 -5.677347642053626967e-04 1.095719175301301113e-01 -1.250453286711174228e-02 -7.400900195426135530e-02 3.064459356507680948e-02 -7.690834446725347551e-02 1.576516394088222639e-01 -7.807802766707407083e-02 -5.844307003821704039e-02 -7.059083458275662581e-02 -2.635711563632908358e-02 4.120568504112678138e-02 -8.805744271314032770e-03 -2.804385131077512510e-03 6.562746564585734965e-02 4.296258831058711453e-02 5.579622412552710971e-03 -1.844695380764528256e-02 -6.573941101050643360e-03 9.012457287112829452e-02 -1.037667331960968192e-02 6.805916823414219496e-02 -2.168527618731265136e-02 -2.278307003484046980e-02 1.110905311320384628e-02 -3.758597819804622431e-02 5.909729469420321735e-02 -2.253815790389906634e-02 -5.005774042665429163e-02 -6.672814913334330911e-03 0.000000000000000000e+00 0.000000000000000000e+00 -2.753868605859610772e-03 -4.093785898033790518e-03 7.866218837933784333e-03 -8.926342948899620641e-04 9.684264790642787071e-03 -1.755710253478272613e-03 8.311935839822041016e-04 1.532443445248888409e-03 -4.634153641518884740e-05 1.924153874399226263e-03 7.143158490076283521e-03 -4.360909985462562734e-03 -1.327009737754433641e-04 3.270836388306964763e-03 1.423417354944700756e-03 -3.706059062059486285e-03 3.818368270254355289e-03 -3.015286188856917352e-03 2.357559158439055669e-03 -5.104624586081620181e-03 -1.439242220005663509e-03 -3.501463637476012313e-04 -2.193239801346374279e-03 1.629354468020128253e-03 -1.197568212745615650e-04 3.117846547331824900e-03 9.700915932811143491e-03 -3.841494820146926052e-03 3.586138706838028645e-03 -2.680662024428281769e-03 1.086770585985807371e-02 -3.389524611957908922e-03 3.315737349406766565e-03 -2.824816228618241918e-03 1.198983761472188075e-03 -1.035580541491970758e-03 -1.776209419247998028e-03 -8.047477613870302176e-04 -2.468512995260200172e-03 -2.567633850314102596e-04 2.207766352820189626e-03 -9.845659473256705620e-04 5.436320648361522151e-03 -4.021868406390377787e-04 4.752483198546992053e-04 -4.211940442810713399e-03 4.176735890949760145e-03 8.731742565449866419e-04 8.987665616039612268e-03 -3.103746076031379652e-03 -5.482009985383119212e-03 1.638488314783287337e-03 -2.828207710476840671e-03 1.154134550210153499e-03 -1.961294269423012257e-03 -4.691844177599151233e-03 -1.421662946711456594e-03 -1.518272761498472116e-03 6.072167047664337597e-03 -3.829798558363547815e-03 -1.209478126370014221e-02 3.335809864690531326e-03 6.669208431205310428e-03 3.763550876100711130e-03 5.616302699554967873e-04 -3.091239987336763420e-04 -9.675469777329533116e-03 5.429899700189182860e-04 -5.053015610417304487e-03 -3.285463000246207320e-03 1.076410334398896895e-03 9.961689474348188467e-03 6.626009329385537487e-03 -8.926764837468199182e-03 -1.753556418620743490e-02 7.895068391729228793e-03 1.887068458055609840e-02 8.137904222999956666e-03 1.605522950094956033e-02 5.134990748758895898e-03 -1.932826865343950304e-02 5.684377883644895976e-03
0.000000000000000000e+00 0.000000000000000000e+00 0.000000000000000000e+00 0.000000000000000000e+00 0.000000000000000000e+00 0.000000000000000000e+00 1.789850509167088127e-02 2.484023436380671315e-02 3.006295281756905108e-02 1.284097451475771368e-02 -2.010861863951202699e-01 7.759102339147079704e-03 -1.621238579235631180e-02 -2.464244363789052684e-03 -8.154510246213063362e-02 9.070093460669861191e-03 8.173844017043492907e-03 2.090648575218652938e-01 -5.316248060992030400e-01 -1.918054278765705667e-01 -5.689042935407394586e-01 -1.835682313939093757e-01 -7.700270422029620310e-01 -1.983301470528346100e-01 5.714240106911141481e-01 -2.182216301451893048e-01 7.739130149911559176e-02 9.020209828550064882e-03 1.413672120560107749e-02 -4.730869598326125150e-03 -2.080068597942599518e-01 7.074876733445973134e-03 -9.805122818411542845e-03 1.419973275410607756e-02 1.127783484482122386e-02 -1.037667331960353406e-02 1.134281299912207747e-01 1.698004408372450966e-02 -1.516280741931849974e-01 -3.734930698046906583e-02 -4.231806414659253779e-01 -1.984800906304448262e-02 -5.697192675413644825e-01 -2.265035609114793638e-02 1.950025307696413579e-01 -4.447120665046930960e-02 0.000000000000000000e+00 0.000000000000000000e+00 5.909273657252925305e-03 1.109645119812046124e-02 -1.577264116123750642e-02 -1.649221298495311995e-03 -1.935232723336856656e-02 5.205305973659863153e-03 -2.710768994856666784e-03 -2.212727749001648734e-03 -3.210967381802970434e-04 -6.224497677636052148e-03 -1.532936384432248209e-02 8.680036161041590134e-03 1.678504705294579184e-03 -1.091469427596015529e-03 -1.599297351119009910e-03 5.924918883913121020e-03 -5.034091644612881389e-03 3.172334205194175631e-03 -5.704587221962006613e-03 6.362875390352547636e-03 -3.953559930963333161e-04 5.023425395579000745e-03 7.900837851401616707e-03 -2.740063367918684715e-03 5.985624404106474510e-05 -4.112100549863562278e-03 -1.729737258690481477e-02 6.923864379792839599e-03 1.521303841833589708e-03 4.413758669011904300e-03 -2.411246415582479416e-02 7.518762123363088856e-03 -7.361148057132173642e-03 1.555693465951041559e-03 -8.701811218774721263e-04 7.428429175026701747e-03 -6.074702479355207838e-03 -3.287645376226022622e-03 1.220418260103862083e-02 -5.367498080280558304e-03 -1.747965287298420059e-02 -2.509949819222138945e-03 -1.404026570695140336e-02 -4.987538239728421703e-03 -2.948625797738102863e-03 9.336865611813275137e-03 2.702778424018860686e-04 -2.680445086951330300e-03 -1.852660824535186379e-02 7.452592064873631711e-03 8.805567728233383573e-03 -2.345063749878402090e-03 4.751197386728260932e-03 -9.789056092362566786e-04 2.816449570269798346e-03 2.092837309113516637e-03 3.007464891904139143e-03 -1.861132801069726762e-04 -1.530280007083084128e-02 7.353981523671403002e-03 2.709666719970815069e-02 -4.507454547123502901e-03 -1.329200711459856826e-02 -3.788350861765476911e-03 1.033001817932422718e-02 -1.526211927923892646e-03 2.779734067360349267e-02 -9.350773705570290502e-04 1.177933911930687319e-02 5.194704552126747608e-03 6.751357472753018521e-04 -1.361540061441885406e-02 -1.677039382405494730e-02 2.361494460246584687e-02 4.576796021188484637e-02 -1.959710523455369946e-02 -4.570925599423826535e-02 -1.589534353116632548e-02 -3.727632336095149101e-02 -1.777920302034354666e-02 4.510754381663685531e-02 -1.781455121934725702e-02
0.000000000000000000e+00 0.000000000000000000e+00 0.000000000000000000e+00 0.000000000000000000e+00 0.000000000000000000e+00 0.000000000000000000e+00 -1.601337674963958235e-02 7.497403839491285915e-02 -1.339665837710786629e-02 5.925832935080317665e-02 1.195184961146269209e-01 5.805453713179862391e-02 1.858397104436811543e-03 -4.869440026720839136e-03 5.139664844705497948e-02 5.463264486087969496e-02 6.828214828984871532e-02 6.227246863679701538e-02 -3.254702121857199870e+00 -1.908471238889881960e-03 -2.802061350851807298e+00 2.579163077806510135e-03 -4.134062863133385335e+00 -1.394241924706218078e-02 3.232587419773754078e+00 3.147294248844415693e-03 -5.822572027830569263e-02 5.547639302793801880e-02 6.982677922121008525e-04 -4.682736335477390502e-03 1.240621619585002416e-01 5.928860064683380560e-02 -5.761498690758076052e-04 -8.012193895510033234e-03 -9.311400163999505875e-03 6.805916823414427663e-02 1.698004408379211530e-02 2.921611471689569695e-01 -2.119729757123237426e-02 -2.690274902469839691e-01 -1.163879854823070270e-01 -2.510457135921770333e-01 -1.704250051008631694e-01 -2.430070446011825536e-01 9.064645014549654878e-02 -2.325165050164023639e-01 0.000000000000000000e+00 0.000000000000000000e+00 -1.351429095854837434e-03 -4.991095618001971509e-04 1.863251084543625369e-03 -1.233996096676333830e-04 2.295495887960945919e-03 1.081523713377108287e-03 1.900648178818514257e-04 -5.207126296568383855e-06 -5.801201624952056005e-04 5.852159131155844872e-04 1.684810451581305463e-03 -2.485060513741438586e-03 1.072231977645452319e-03 5.166551058825179232e-03 -1.123749752381403982e-04 -1.764747255060426876e-03 1.167714585541676509e-02 -3.033998225909707597e-03 2.240620789477221035e-03 -1.466851062390397455e-03 -4.237719603742948898e-03 8.127408751431655642e-04 -7.318844887069168685e-03 1.806255594551613337e-03 -2.634554564713784412e-04 2.984189373242440366e-03 -4.152660750219798469e-03 -1.082415981349418160e-03 -9.582539982400713890e-03 -1.766404356289466744e-03 2.823671073060605996e-03 -3.437194864377860273e-04 9.489331040521030913e-04 -2.464691596773442919e-03 1.220811949099939080e-03 1.613918664189568572e-03 -6.113360337585556706e-03 -3.142113702331110568e-03 7.011546214619121531e-04 -1.561823195796244179e-03 -2.635244235707465826e-03 4.353143527368293422e-04 4.429809967213850508e-04 -2.107778123484808572e-03 1.496266270512963811e-03 -1.770038523351267525e-03 -8.680793647228166043e-03 2.123678804410022904e-03 5.707529298754796324e-03 1.366449796262383986e-03 -7.108079107035912905e-03 6.952711435806002271e-05 -3.976181902573682099e-03 -2.632112468009156422e-03 -2.760314453929436831e-03 3.180565365613636369e-04 -8.592011779066869703e-04 2.442806518260886520e-03 4.487276948540572588e-03 6.620593436133994508e-04 -1.721932280973025031e-02 2.706259709905377894e-03 7.330796942711626310e-03 8.820263401767862096e-04 -5.410800281105219295e-03 -1.377732838118138261e-03 -1.102743455331987171e-02 4.809738643592447599e-04 -1.787258287924621547e-03 7.945756113347038352e-04 -5.178498461055869827e-04 -2.667335784359422309e-03 3.816816793333879278e-03 -2.867036827948282740e-03 -1.096714621524201572e-02 5.412475364914491778e-03 9.263245480797535278e-03 2.439188039476477762e-03 1.303011892414176337e-02 3.927820986472565362e-03 -1.293780928413001269e-02 3.958931072528368462e-03
0.000000000000000000e+00 0.000000000000000000e+00 0.000000000000000000e+00 0.000000000000000000e+00 0.000000000000000000e+00 0.000000000000000000e+00 -5.716066965457669222e-03 -1.854429500257245844e-02 -1.438573794158451088e-03 -3.176941445001289083e-02 2.128767458012552349e-02 -3.065425056190485345e-02 4.539651622614288701e-03 4.873879301381583116e-03 2.007811166604599445e-03 -2.706925854855015204e-02 5.812686523838642670e-03 -5.752977442740341285e-01 -2.434848014807497463e-01 6.303829650661085804e-01 -4.020049752685955768e-02 5.217472706222795464e-01 -5.516586718930025501e-01 5.990258564754757931e-01 2.876698966543382308e-01 6.104871048095352748e-01 2.699743387091071978e-03 -3.102340179514886595e-02 -4.471469435759429893e-03 9.788047850095167243e-03 1.612402061611067916e-02 -3.160209478297813790e-02 2.272633537797969817e-03 -2.010987629589569385e-03 1.335947243600300611e-03 -2.168527618735516596e-02 -1.516280741930445819e-01 -2.119729757123168384e-02 5.003093690344231348e-01 -2.536312260656578554e-03 6.940279530525570451e-01 2.276926122096536304e-02 8.346925834006352352e-01 3.829840835201989147e-02 -2.346999546246475443e-01 3.600160418899282788e-02 0.000000000000000000e+00 0.000000000000000000e+00 -1.034575671260603343e-03 -1.058077384941285160e-03 6.865086315939291283e-04 -1.343240377976724241e-03 1.260372363698824150e-03 -1.934647245952974843e-03 -1.000186365084731674e-03 1.189834823304195943e-03 1.167885236184881131e-03 7.813459336271902714e-03 -2.475219818708002291e-03 1.181072797751815803e-03 2.465471722582504143e-03 -4.007251951381307804e-03 3.609183790413142238e-03 -2.332626946238852000e-03 8.561708202655582758e-03 2.600480202667611058e-03 6.775668298964662153e-04 2.505330861281678846e-03 -4.292257824396022645e-03 -8.153419798859988868e-03 7.861300998474081078e-03 2.492782868698417264e-03 -3.111164139884791714e-03 -2.506905614903927933e-03 1.472230400204868270e-02 -4.560315137005799616e-03 -1.626633542166893570e-02 4.273760943028921157e-03 -2.985811609854472151e-03 3.810220344251925265e-04 1.310014899560247442e-03 2.555855645866796783e-03 -1.183342917342355928e-03 -3.161480283183768468e-03 3.217354359480691268e-03 7.526518904661041879e-04 -2.113868713221481958e-03 4.608953615948241898e-03 7.623776485167364260e-03 4.949935849463064919e-03 2.658445087421676400e-03 6.295795750992596099e-03 -7.359790464363400115e-04 -9.042723878872982544e-04 1.758342949259412806e-03 -2.869195910230950023e-04 1.764283446061003843e-03 1.890472325886728873e-03 -1.876955431994660342e-03 -1.269018995625961896e-03 -1.853698378673763764e-03 -1.855756162954277531e-03 -1.532043949566287439e-03 9.840907930773216614e-04 -9.212107800015164986e-04 1.867234108685338241e-04 2.616625287385607092e-03 3.079616578434813366e-03 -4.887019344320408382e-03 -3.025673931976988629e-03 4.004521359137356608e-03 -6.440695797362623598e-03 -1.035566972960125232e-02 -3.488981614944926084e-03 -1.034394141968009509e-02 -4.127987972646449122e-03 6.840215975963334638e-04 -1.447894082896834496e-03 1.017422974542838169e-03 2.047761858266072821e-02 -8.879833734808902698e-04 -8.910025921305726390e-03 5.291512525548901225e-03 7.242751571547157222e-03 1.852282571436267029e-03 6.656495139242149181e-03 -3.922945066773313172e-03 9.112166820205408468e-03 1.227271832646120719e-02 6.469320515788741337e-03
0.000000000000000000e+00 0.000000000000000000e+00 0.000000000000000000e+00 0.000000000000000000e+00 0.000000000000000000e+00 0.000000000000000000e+00 4.701408689776378179e-03 -3.131027650114238947e-02 7.019165230496280869e-03 -3.252935068166531302e-02 -1.032970392644868285e-01 -2.573976048163820196e-02 8.842887219810233179e-03 1.035240693180480452e-03 -3.798718355539210112e-02 -2.502887735744051961e-02 -7.813191925655756098e-02 5.913387047276343067e-02 3.983327827015570310e+00 -9.938023980028209969e-02 3.209777075845706040e+00 -9.725673927256286988e-02 4.998012092927568872e+00 -8.838990511848678067e-02 -3.662026468677832547e+00 -7.830964322862925264e-02 5.285195104265261179e-02 -2.309331189658981806e-02 -1.146633011377894834e-02 4.513793709975481502e-03 -1.035579082836399906e-01 -2.475053135301422125e-02 7.040960558110201904e-03 -8.734583229997020318e-03 7.922569679311340651e-03 -2.278307003484322454e-02 -3.734930698054765574e-02 -2.690274902469970697e-01 -2.536312260616874203e-03 4.555156725684578189e-01 1.707615475489041301e-01 2.542938123878318302e-01 2.616105390076842174e-01 2.480473956291462390e-01 -1.568254082923264403e-01 2.954440053620787654e-01 0.000000000000000000e+00 0.000000000000000000e+00 -7.012068799894747434e-03 -2.887011310063282432e-03 7.935462018392758568e-03 1.896326037728037536e-03 2.999604026130225920e-03 -2.386541405054412156e-03 2.082125969083656412e-03 2.728717206409743759e-03 -4.579972913649802378e-04 1.701297508470669267e-03 2.656704469716172391e-03 -2.930132921181501961e-03 -1.962004233689491634e-04 -6.580958393103677681e-04 -8.059015227229217315e-04 1.281522125439854901e-03 7.019005037692471142e-04 -1.809978407534952247e-03 2.249500546151767671e-03 -2.064189107812740634e-04 1.758827882944378551e-03 -5.263498592152528535e-03 -6.773332929016068898e-03 2.539427354048855254e-03 1.603034268831610219e-04 1.007375307003645186e-03 8.436073293053875100e-03 3.110704203689517670e-03 1.236412021957065607e-02 -5.130380553534283003e-03 4.972208041935632580e-03 -2.291106600767822427e-03 1.965119453640856197e-03 -9.813564221600678227e-05 -1.364722258488243684e-03 -1.537209868866541533e-03 7.097207280380522093e-03 2.453106954959943190e-03 -6.968972051822513655e-03 2.926673838077433268e-03 9.161052965951255872e-03 -3.376428304834389396e-04 4.756753645413162868e-03 4.892991031307619872e-03 9.381369798391641290e-04 -9.458194473180555131e-04 -4.123417892964737624e-04 5.387471859147326212e-04 4.182208103063520151e-03 -3.255024801918265757e-03 -3.337484438099321514e-03 1.265940105307738345e-03 -1.636857943020839611e-03 1.774704030535191558e-03 3.673406734132551345e-04 3.170839498393384671e-03 -1.547703648587564398e-03 3.253480445396571621e-03 5.149466306151742091e-03 -2.117439792843883901e-03 -1.262193419355023272e-02 8.837424584676300404e-04 7.054229837772027500e-03 1.882782029834712337e-04 -6.919391959971529782e-03 5.342820231254283812e-03 -1.400859414349471532e-02 1.869469470506202914e-03 -2.535242550465635798e-03 -2.147991446084740897e-03 -3.597595859360218709e-03 2.829445074245996380e-03 6.379334704343790283e-03 -1.475898440294034532e-02 -1.995974598592411414e-02 1.413773031411381248e-02 2.492297848361930274e-02 9.735700650884696744e-03 1.675127839556045731e-02 1.088654166937215798e-02 -2.005554978442277564e-02 1.393491775533884161e-02
0.000000000000000000e+00 0.000000000000000000e+00 0.000000000000000000e+00 0.000000000000000000e+00 0.000000000000000000e+00 0.000000000000000000e+00 -2.362578305953828405e-03 -4.859334880538220686e-02 -3.093319617100648115e-03 -6.257406543858837211e-02 3.014444673517914508e-02 -5.116093585305653280e-02 5.932231073317405234e-02 1.303243438071054541e-02 1.111118427681802474e-02 -5.206929473704945827e-02 -4.577923484746738991e-02 -1.183540403128899632e+00 2.098305338918637464e+00 1.123247962277445167e+00 2.355255942359457677e+00 1.093935953408267769e+00 2.662203561861385293e+00 1.146151794068554608e+00 -2.181140629044796775e+00 1.280025793668650103e+00 2.001022755921116891e-02 -5.341675868773905489e-02 -5.568728625942802324e-02 2.497526995888554174e-02 7.093909065257317237e-02 -5.093679764085215500e-02 3.666227876438372252e-02 -4.705995452861977402e-02 -1.828812156676994267e-03 1.110905311314787022e-02 -4.231806414657520166e-01 -1.163879854820764614e-01 6.940279530527645457e-01 1.707615475486369272e-01 2.029178030052923631e+00 1.222793530375119592e-01 2.538867634260242312e+00 1.382539885146192582e-01 -7.429937559579160578e-01 2.217174713987406509e-01 0.000000000000000000e+00 0.000000000000000000e+00 -1.521712864102024200e-02 -3.897572279950808211e-02 5.127787384732710591e-02 7.197353466384844890e-03 6.368745900034725183e-02 -1.812949618817264255e-02 8.246156732583347429e-03 7.422718064811706373e-03 5.920232361734595935e-04 2.380597715952449678e-02 4.941402426212271326e-02 -2.940389596193136029e-02 -6.564951967855407224e-03 -2.344085143608352732e-03 4.086041342588267976e-03 -2.076884006152426507e-02 9.633651286456618862e-03 -6.487434034605169680e-03 1.976857605587674718e-02 -2.148458645457027721e-02 -2.037735313338751367e-03 -1.646853564012674270e-02 -2.788653153144710073e-02 7.000447724903003863e-03 7.146049527446392356e-04 5.775100748183418023e-03 5.492428720951064713e-02 -2.425232025249943191e-02 6.954668743767648820e-03 -8.804873847106327311e-03 7.981140322297294865e-02 -2.526195504536626890e-02 2.483964373905576603e-02 -1.998361530738384378e-03 1.197251230413390061e-03 -2.700423435541788111e-02 2.643623064505986470e-02 1.655063889950381464e-02 -4.518295782660262244e-02 2.046762786239597967e-02 6.478700543476917373e-02 1.146103737280405183e-02 4.570334191770845239e-02 1.974481971439925529e-02 8.815873114058478052e-03 -2.787448181995369478e-02 2.914713360891540810e-03 3.111846906239511094e-03 5.660641913093214517e-02 -2.819231037777429269e-02 -2.179498455673176127e-02 7.730242222219576957e-03 -1.285398612088061408e-02 5.028311317005417294e-03 -6.392549347139551454e-03 -6.996146489004873015e-03 -9.134961709119669704e-03 -5.933708848763001066e-03 4.484928467933413376e-02 -3.071859056540986177e-02 -6.887751928212137997e-02 1.478582386454690284e-02 3.501556597276800353e-02 1.656327719626542877e-02 -1.844026202468664749e-02 9.106291897588573644e-03 -7.818293922340616153e-02 3.738420197341283183e-03 -3.811424607070798554e-02 -1.849975643872460440e-02 -4.895157383586117104e-04 3.445860137301957199e-02 5.105503326603657438e-02 -5.980173151053647801e-02 -1.343981012154757682e-01 4.500861256532260463e-02 1.373737300930370775e-01 3.017865869353056341e-02 1.095519397686403190e-01 3.912828720283279688e-02 -1.272283011320701207e-01 3.531064115727112346e-02
0.000000000000000000e+00 0.000000000000000000e+00 0.000000000000000000e+00 0.000000000000000000e+00 0.000000000000000000e+00 0.000000000000000000e+00 6.005635441116517065e-03 -2.807431554700084639e-02 6.380869587051770861e-03 -2.844340567267019532e-02 -7.895904593011318640e-02 -3.000596820708787901e-02 1.174750470767374315e-03 6.445603007009801863e-03 -3.170502653560529349e-02 -2.707387438665388724e-02 -6.872773102852071381e-02 -2.297693477368945719e-02 3.300049126979030412e+00 -1.141652096560488716e-03 2.941691645835063262e+00 -1.918188524926707494e-02 4.178712519324124131e+00 7.793535770259641532e-03 -3.315492817306656903e+00 -5.329691393509777830e-03 4.028703124964647109e-02 -2.829971496608481990e-02 -3.755867578614199495e-03 6.713548735430039521e-03 -8.269318656237664711e-02 -2.979167226099933841e-02 2.077116155523775660e-03 4.337585362766710473e-03 6.174829173392145862e-03 -3.758597819803552453e-02 -1.984800906315061647e-02 -2.510457135921626004e-01 2.276926122098893099e-02 2.542938123878311085e-01 1.222793530378237375e-01 2.564540464563618283e-01 1.756642256422800696e-01 2.423251413905365692e-01 -9.349914806052082861e-02 2.197249221586923540e-01 0.000000000000000000e+00 0.000000000000000000e+00 4.488182674693610291e-03 4.779798899838292128e-04 -7.016817285395125781e-04 -2.370479007540431809e-04 2.726037661980094604e-03 -7.295434900467526662e-04 2.904612034335901736e-04 9.902204849860317924e-04 9.209737013520161294e-04 1.981602325282492191e-04 7.466455341152925668e-04 2.658591934184168035e-03 -1.495399698400893661e-03 -2.314514079971572921e-03 1.232647728219315487e-03 -2.104923051371040098e-04 -1.105251396257812824e-02 1.157782114418972556e-03 -1.706640351909965514e-03 8.797714958694233256e-04 2.938387711604127824e-03 -4.777107319140299312e-04 9.758283155210656368e-03 -2.326175194622840184e-03 5.407439611840110689e-04 -1.046110824534221551e-03 8.549445928744433057e-03 -7.694943927288870784e-04 1.358893383899490923e-02 9.977337321250348556e-04 3.537046083698763485e-03 3.817669638365886291e-05 -1.048975453444931294e-03 3.940115537559317482e-03 -9.855082984085888117e-04 3.591448080554043160e-04 5.059726676772293222e-03 1.623717991903469732e-03 -3.357974803162318451e-03 1.012753058501009509e-04 5.512693315482420503e-03 -1.022331043042997573e-03 1.972051257374405481e-03 -7.822755272090739509e-05 -1.569555102312563191e-03 5.380502782651929924e-04 1.320430028633757039e-02 -1.446094492671060614e-03 -3.313634609433391970e-03 -1.701250574023883402e-03 7.302388039192347219e-03 1.267332038975717539e-04 3.912405880676476065e-03 3.546128131002863459e-03 2.996290944976113830e-03 -2.761434490657001251e-03 8.227551159652365378e-04 -5.729863038757974231e-03 -4.870709801489686228e-03 -2.678244077307673915e-03 2.181796656862979716e-02 -9.549912517389323036e-04 -9.128664283333193588e-03 1.458791990503170016e-03 1.171527632398517219e-02 2.677955017799339352e-03 1.712549069576761729e-02 1.163986981624299741e-04 -5.413010160364439827e-04 -8.979247859410523962e-04 4.502540985172254944e-04 6.961897527619818372e-03 -3.386047329852818338e-03 8.143771788554987970e-03 1.193489818980008818e-02 -1.020478547863991857e-02 -1.038908988930443110e-02 -7.481267016128402211e-03 -1.470712103434239013e-02 -1.023207223582184994e-02 1.494959098123043589e-02 -9.242072795776247462e-03
0.000000000000000000e+00 0.000000000000000000e+00 0.000000000000000000e+00 0.000000000000000000e+00 0.000000000000000000e+00 0.000000000000000000e+00 -5.631756063488649149e-03 -5.703228791843556467e-02 -8.292496356153870180e-03 -7.932396010375589168e-02 7.673278088392150587e-02 -5.353341416137909203e-02 8.388897378140687533e-02 1.106002974753870008e-02 3.350480949303732969e-02 -5.939489934901150819e-02 -8.204396333137964348e-02 -1.386038192497704102e+00 3.638273985921067766e+00 1.291656001565214984e+00 3.926088659724602081e+00 1.234046544165947168e+00 5.048176280139490046e+00 1.315677934477604838e+00 -4.039568952984369687e+00 1.499414214134536572e+00 1.109923984844193162e-02 -5.488591614960912357e-02 -7.821706643038615903e-02 2.712766644939107463e-02 1.398115817634262847e-01 -5.063544300135960907e-02 5.188903598649498294e-02 -8.407464513496026859e-02 -9.076589457790286072e-03 5.909729469413031733e-02 -5.697192675410841511e-01 -1.704250051005311295e-01 8.346925834010399115e-01 2.616105390071994385e-01 2.538867634260311146e+00 1.756642256417814685e-01 3.527296556988043452e+00 2.197729971375698976e-01 -1.106822261856016842e+00 3.366582747168290202e-01 0.000000000000000000e+00 0.000000000000000000e+00 -2.390183829734290194e-02 -4.724632521917337957e-02 7.136748729357765553e-02 7.249880291681403202e-03 8.729118672052084416e-02 -2.271983201412297940e-02 1.272203301477900506e-02 1.038086089957816240e-02 1.190431326631438518e-03 3.081999799697652392e-02 6.965636964320655322e-02 -3.694503330795506635e-02 -8.366090583985026641e-03 1.336607256082275250e-03 5.807316944141804535e-03 -2.787026126831677192e-02 1.690460146078701098e-02 -9.330820822692483668e-03 2.727642736244470165e-02 -2.824689908789745213e-02 -9.252133891326955011e-04 -2.262323765985274973e-02 -3.641301976390361184e-02 1.180190553560734809e-02 1.023948263983431254e-03 1.448623909803474323e-02 6.929566655135852016e-02 -2.997314518110142170e-02 1.997639736733504770e-03 -1.769548612979938290e-02 1.112420669498204173e-01 -3.305466698105140322e-02 3.289740976169896330e-02 -5.530435794203463623e-03 9.779426478984261893e-04 -3.359067626263485817e-02 3.644285403444561672e-02 1.991805821617394917e-02 -6.342743503607092825e-02 2.584454097609636611e-02 8.734304372395537697e-02 1.187000456626405819e-02 6.788347698271041120e-02 2.395220210371575703e-02 1.326076576304992434e-02 -4.074521965553466046e-02 -1.755911878082248162e-03 1.119635104515625743e-02 7.931921988344725616e-02 -3.357478502197421694e-02 -3.274491148253531880e-02 1.074046606620441928e-02 -1.800718758241283760e-02 3.505318097770594461e-03 -1.071781845054696827e-02 -9.189646422519175128e-03 -1.108321251946807820e-02 2.162719886560533766e-04 6.173178867052412505e-02 -3.724268573298116641e-02 -9.602245665328780488e-02 2.330395999324328532e-02 4.520489028736305454e-02 1.813128312003794637e-02 -3.287831222623087413e-02 1.239971011515597285e-02 -9.860082611084948490e-02 7.965294826960933258e-03 -5.295116092781718825e-02 -2.260215221009456363e-02 -3.822825321683644313e-03 6.016574149536057375e-02 7.064748794607131344e-02 -9.578540811604181748e-02 -1.802280662070022688e-01 7.778363888497598355e-02 1.852463035147435544e-01 5.613063116196442826e-02 1.532545545368667606e-01 7.002740156199142862e-02 -1.765694988507183205e-01 6.853003354318402962e-02
0.000000000000000000e+00 0.000000000000000000e+00 0.000000000000000000e+00 0.000000000000000000e+00 0.000000000000000000e+00 0.000000000000000000e+00 9.142020028713431640e-03 -1.564030017772743628e-02 1.448372795809195826e-02 -2.439652109337192565e-02 -1.300397376424446694e-01 -2.238797824634526298e-02 5.686070793646717456e-03 4.115819560576324670e-03 -5.144223413870745165e-02 -2.108833322746357306e-02 -7.140333583193701761e-02 2.640714718019514240e-03 3.355959987874780559e+00 -1.346839542341934925e-02 2.965864150210696160e+00 -4.303270366203415520e-02 4.296801418515620696e+00 -4.393606431544710977e-03 -3.361551881116815466e+00 -2.069842035589901721e-02 6.282872296105715404e-02 -2.069037666787841914e-02 -8.331235197319366778e-03 4.649064759952657722e-03 -1.276640946281710765e-01 -2.246988818800436244e-02 5.112483465235211598e-03 -2.502555512016991363e-03 8.049877803569690377e-03 -2.253815790389845572e-02 -2.265035609121571203e-02 -2.430070446011965979e-01 3.829840835200839372e-02 2.480473956291654736e-01 1.382539885148255931e-01 2.423251413905637142e-01 2.197729971378449276e-01 2.525897919072179754e-01 -1.224490931010295824e-01 2.456205268624986060e-01 0.000000000000000000e+00 0.000000000000000000e+00 8.962784075348161419e-04 -1.635727406470010876e-03 4.520936905554006485e-03 1.787566881738481689e-04 5.253082190857970984e-03 -2.261454862711510718e-03 1.555408849651559273e-03 2.533294432993945557e-03 6.648582659713283454e-04 2.747492697339735251e-03 2.717757377520347781e-03 -2.473107536807235053e-04 -1.625594869622546887e-03 -9.715526461530153007e-04 4.367158148912862400e-04 -8.527062890571601023e-04 -9.280269332675651628e-03 5.597683667725493820e-05 4.004334957635339101e-04 -2.113794454888934249e-03 2.506615984035957551e-03 -1.438546663309964863e-03 3.946874571817525143e-03 -9.095079023119667259e-04 4.979507404108094197e-04 5.912328197882040295e-04 9.384000205307642395e-03 -1.329921371673474517e-03 1.291963584309862786e-02 -6.537776186701189582e-04 6.357318829796254969e-03 -2.225830263132945810e-03 1.168683147590048477e-03 2.104454182566953702e-03 -1.220732719348487875e-03 -6.261012733725021540e-04 6.548668408265763755e-03 1.395619504687130915e-03 -5.867200304615413121e-03 1.041489585949706767e-03 8.965208566269769475e-03 -1.615773645397783863e-03 5.297131021822963637e-03 5.435231903740140452e-04 -8.934490880722162310e-04 -1.365105976927690357e-03 1.138039142927854339e-02 -5.762836232664362082e-04 3.680753815290304168e-04 -3.351579768472621405e-03 3.753064768795942238e-03 1.262144566208841297e-03 2.602753039994578580e-03 3.504963214785152166e-03 2.271131401449695553e-03 -2.228848744173116646e-03 -1.982580196842756784e-04 -2.544686984605045062e-03 -1.777285601316427183e-03 -3.766625633105620888e-03 1.402966451470954307e-02 5.535335780774541109e-04 -3.927370522743290834e-03 2.168262582940648671e-03 8.246174341217604731e-03 3.071897507071487312e-03 9.931830257411233820e-03 8.898396190013288347e-04 -2.662502672626465561e-03 -2.503410177279650345e-03 -5.794316433753344967e-04 7.791494798863639673e-03 1.677975308381331274e-03 2.401025402676160853e-04 -4.491159456711170395e-03 -2.762454572307924267e-03 9.372544504639156865e-03 -1.635355519517437545e-03 -2.128313452438371656e-03 -4.459186374171574332e-03 -3.173606996324164486e-03 -2.900170094770533960e-03
0.000000000000000000e+00 0.000000000000000000e+00 0.000000000000000000e+00 0.000000000000000000e+00 0.000000000000000000e+00 0.000000000000000000e+00 1.342938671208408763e-02 8.519062829656203970e-03 1.987942074638415421e-02 1.873155091171190695e-02 -1.231401071042692308e-01 1.660621154560046114e-03 -4.546572927984816881e-02 -6.403109428091709578e-04 -5.370763666786061707e-02 8.487146671292369882e-03 4.840364851558174447e-02 1.849173222853401632e-01 -2.285999328607330572e+00 -1.655999534578040111e-01 -2.149627843181011855e+00 -1.204095445865082520e-01 -3.420679831443031560e+00 -1.721166995827602131e-01 2.489213415605099566e+00 -1.618808652967345663e-01 3.447405975590544375e-02 3.577950582520340872e-03 4.191506594575897249e-02 -1.181614977438865018e-02 -1.616291832781588944e-01 -2.108313952102836356e-04 -2.744992279318569581e-02 4.624861713918901329e-02 1.021535045047928907e-02 -5.005774042661812612e-02 1.950025307695674448e-01 9.064645014534941647e-02 -2.346999546248631219e-01 -1.568254082920789438e-01 -7.429937559580821471e-01 -9.349914806027426195e-02 -1.106822261856286627e+00 -1.224490931008782729e-01 5.829522598960918955e-01 -2.004642642694564048e-01 0.000000000000000000e+00 0.000000000000000000e+00 1.911523704760343181e-02 2.858661288427251021e-02 -4.778021335789461865e-02 -5.880394485464757529e-03 -5.065266670280046957e-02 1.348739342473339285e-02 -9.935714781697344011e-03 -8.434927132046972365e-03 -9.664391734792916223e-05 -1.937297832089476465e-02 -3.937332239795046651e-02 2.275815167984689830e-02 5.235231344180993514e-03 -9.607164895472714711e-03 1.049617995059558273e-03 1.538891228408898956e-02 -1.332567028574541297e-02 9.159728648559357922e-03 -1.642447527117431999e-02 1.741663545263831894e-02 -2.862065869430397910e-03 1.376503701387285505e-02 2.504454750238210500e-02 -7.935532736342159471e-03 -6.613931850769858836e-04 -1.784051065272902747e-02 -3.940085217129496442e-02 1.572527295955063187e-02 -6.669921522923023989e-04 1.654003118946698048e-02 -6.378060299850236980e-02 2.077087210429737207e-02 -2.028715612181261271e-02 5.811401148527175695e-03 -9.050270324622953100e-04 1.578014156128334372e-02 -1.886154785993250649e-02 -5.975517599026404503e-03 3.786564154126464271e-02 -1.482219595095466726e-02 -5.326427193562711243e-02 -4.089116278047445589e-03 -4.222041701717542395e-02 -1.222972256460931953e-02 -8.178103201518762549e-03 2.786304342195882605e-02 1.819485241317260471e-03 -1.306821712224025614e-02 -5.149080719624214014e-02 1.926081370021215378e-02 2.825782077745270585e-02 -6.963377588505511445e-03 1.391180709920733158e-02 -4.165746653553074191e-03 8.329364861606829845e-03 3.900221381871647741e-03 8.178348751456756410e-03 -6.305823942164925401e-03 -4.164984238788371068e-02 1.872932744053557724e-02 7.719873683117704777e-02 -1.385380188157294204e-02 -4.241759812508587302e-02 -1.103270763362276460e-02 3.382942800073169415e-02 -7.475690056945133617e-03 7.433604975619459432e-02 -5.033180779778056307e-03 3.275122531284591076e-02 1.360596644069081256e-02 6.103796825106806538e-03 -3.304562172391591057e-02 -4.949556538505201636e-02 6.521687155191639718e-02 1.414652288039558448e-01 -5.647610647097258546e-02 -1.526980611979496805e-01 -4.595833174896506168e-02 -1.099286487483181335e-01 -4.798644848035593657e-02 1.439387496142220391e-01 -5.189086332233194820e-02
0.000000000000000000e+00 0.000000000000000000e+00 0.000000000000000000e+00 0.000000000000000000e+00 0.000000000000000000e+00 0.000000000000000000e+00 2.793317623465388280e-03 -3.279314013008961110e-02 4.147383084440088748e-03 -4.045880905016173423e-02 -5.281022493626176539e-02 -3.446818486276961857e-02 2.185635501795007984e-02 1.217324253439850713e-02 -1.785881624626411285e-02 -3.499412681456236240e-02 -5.650115810047119658e-02 5.474683412057536336e-02 2.793973975420295908e+00 -6.139466725679130349e-02 2.349080889703130559e+00 -1.090635613455090691e-01 3.472425926747313873e+00 -6.713841594145453229e-02 -2.233707343119784916e+00 -6.550713328790437606e-02 3.708285051173239311e-02 -3.249219545767523254e-02 -2.480386383568234168e-02 1.904138185110819045e-02 -3.210593722838114839e-02 -3.270098719901574913e-02 1.462659565242578966e-02 -1.494938382614519404e-02 2.598866425999361678e-03 -6.672814913332536339e-03 -4.447120665061250061e-02 -2.325165050163025271e-01 3.600160418914126470e-02 2.954440053619758477e-01 2.217174713992662860e-01 2.197249221585733103e-01 3.366582747174252654e-01 2.456205268623842253e-01 -2.004642642696496113e-01 4.452259925457043299e-01 0.000000000000000000e+00 0.000000000000000000e+00 1.812450852655559178e-04 -8.099822776723070855e-03 7.690027536332897685e-03 2.240064588810279124e-04 8.498152231739860077e-03 -6.372412903500735207e-03 2.841978543915543026e-03 6.572891874572298239e-03 1.025041583876373221e-03 1.169180385069262286e-02 2.435305225896947003e-03 -4.500976912326763897e-03 -9.532053390793458108e-04 2.538421705854851038e-03 1.427620014574211083e-03 -5.513684643794860771e-03 -7.628685646175203255e-03 -4.361731277983402558e-03 3.586918402161271870e-03 -5.910650191529594200e-03 -2.268054275791965904e-03 -5.494787440057108049e-03 3.181920280141065701e-03 2.034836812343683143e-03 -2.349641347972480931e-04 4.547791564385351634e-03 2.026996658143478958e-02 -5.830342497883630667e-03 1.975910004608747231e-02 -4.982269426955957675e-03 7.039984735510445950e-03 -6.061924359545114820e-03 5.552968579436231775e-03 4.338158111345691292e-03 -1.369868697908396219e-03 -3.591271212465252903e-03 8.929328839107603111e-03 2.499445341294574512e-03 -1.152570660328703159e-02 4.178103618865119592e-03 1.939228029573804302e-02 2.969582924651726838e-04 9.932494818466811731e-03 4.172413650395167227e-03 2.526637616622888797e-04 -4.224276214335150222e-03 6.764918143747933668e-03 -9.826379097200199815e-04 6.487431866959462654e-03 -3.128939790854026650e-03 -1.767749800612452085e-03 -6.948783099626312017e-04 2.645724905185999412e-05 -1.518954024226217697e-03 -1.503780538879763212e-03 -2.759832298982775860e-03 5.791376331671616810e-04 -1.758743142226903110e-04 2.717634536656812760e-03 2.462407271041792099e-03 4.152062447271006457e-03 -6.451478153046954524e-03 5.197231388563774979e-04 -7.774686310053530863e-03 -2.473693945170163389e-03 -8.860084696951861516e-03 4.705801862854703393e-03 -7.022406695354718384e-03 -5.219905694274292081e-03 -5.646463815151769004e-03 -7.612441454354745406e-04 2.872160663878235015e-02 8.734145837439307586e-03 -1.441910994836268292e-02 -2.517664503390703440e-02 8.540764538513575047e-03 2.967693952437968838e-02 9.388087634194072079e-03 1.674519247759179846e-02 9.220482640511472316e-03 -2.363565505120518093e-02 9.621220282452158656e-03
0.000000000000000000e+00 0.000000000000000000e+00 0.000000000000000000e+00 0.000000000000000000e+00 0.000000000000000000e+00 0.000000000000000000e+00 0.000000000000000000e+00 0.000000000000000000e+00 0.000000000000000000e+00 0.000000000000000000e+00 0.000000000000000000e+00 0.000000000000000000e+00 0.000000000000000000e+00 0.000000000000000000e+00 0.000000000000000000e+00 0.000000000000000000e+00 0.000000000000000000e+00 0.000000000000000000e+00 0.000000000000000000e+00 0.000000000000000000e+00 0.000000000000000000e+00 0.000000000000000000e+00 0.000000000000000000e+00 0.000000000000000000e+00 0.000000000000000000e+00 0.000000000000000000e+00 0.000000000000000000e+00 0.000000000000000000e+00 0.000000000000000000e+00 0.000000000000000000e+00 0.000000000000000000e+00 0.000000000000000000e+00 0.000000000000000000e+00 0.000000000000000000e+00 0.000000000000000000e+00 0.000000000000000000e+00 0.000000000000000000e+00 0.000000000000000000e+00 0.000000000000000000e+00 0.000000000000000000e+00 0.000000000000000000e+00 0.000000000000000000e+00 0.000000000000000000e+00 0.000000000000000000e+00 0.000000000000000000e+00 0.000000000000000000e+00 1.000000000000000000e+00 0.000000000000000000e+00 0.000000000000000000e+00 0.000000000000000000e+00 0.000000000000000000e+00 0.000000000000000000e+00 0.000000000000000000e+00 0.000000000000000000e+00 0.000000000000000000e+00 0.000000000000000000e+00 0.000000000000000000e+00 0.000000000000000000e+00 0.000000000000000000e+00 0.000000000000000000e+00 0.000000000000000000e+00 0.000000000000000000e+00 0.000000000000000000e+00 0.000000000000000000e+00 0.000000000000000000e+00 0.000000000000000000e+00 0.000000000000000000e+00 0.000000000000000000e+00 0.000000000000000000e+00 0.000000000000000000e+00 0.000000000000000000e+00 0.000000000000000000e+00 0.000000000000000000e+00 0.000000000000000000e+00 0.000000000000000000e+00 0.000000000000000000e+00 0.000000000000000000e+00 0.000000000000000000e+00 0.000000000000000000e+00 0.000000000000000000e+00 0.000000000000000000e+00 0.000000000000000000e+00 0.000000000000000000e+00 0.000000000000000000e+00 0.000000000000000000e+00 0.000000000000000000e+00 0.000000000000000000e+00 0.000000000000000000e+00 0.000000000000000000e+00 0.000000000000000000e+00 0.000000000000000000e+00 0.000000000000000000e+00 0.000000000000000000e+00 0.000000000000000000e+00 0.000000000000000000e+00 0.000000000000000000e+00 0.000000000000000000e+00 0.000000000000000000e+00 0.000000000000000000e+00 0.000000000000000000e+00 0.000000000000000000e+00 0.000000000000000000e+00 0.000000000000000000e+00 0.000000000000000000e+00 0.000000000000000000e+00 0.000000000000000000e+00 0.000000000000000000e+00 0.000000000000000000e+00 0.000000000000000000e+00 0.000000000000000000e+00 0.000000000000000000e+00 0.000000000000000000e+00 0.000000000000000000e+00 0.000000000000000000e+00 0.000000000000000000e+00 0.000000000000000000e+00 0.000000000000000000e+00 0.000000000000000000e+00 0.000000000000000000e+00 0.000000000000000000e+00 0.000000000000000000e+00 0.000000000000000000e+00 0.000000000000000000e+00 0.000000000000000000e+00 0.000000000000000000e+00 0.000000000000000000e+00 0.000000000000000000e+00 0.000000000000000000e+00 0.000000000000000000e+00 0.000000000000000000e+00
0.000000000000000000e+00 0.000000000000000000e+00 0.000000000000000000e+00 0.000000000000000000e+00 0.000000000000000000e+00 0.000000000000000000e+00 0.000000000000000000e+00 0.000000000000000000e+00 0.000000000000000000e+00 0.000000000000000000e+00 0.000000000000000000e+00 0.000000000000000000e+00 0.000000000000000000e+00 0.000000000000000000e+00 0.000000000000000000e+00 0.000000000000000000e+00 0.000000000000000000e+00 0.000000000000000000e+00 0.000000000000000000e+00 0.000000000000000000e+00 0.000000000000000000e+00 0.000000000000000000e+00 0.000000000000000000e+00 0.000000000000000000e+00 0.000000000000000000e+00 0.000000000000000000e+00 0.000000000000000000e+00 0.000000000000000000e+00 0.000000000000000000e+00 0.000000000000000000e+00 0.000000000000000000e+00 0.000000000000000000e+00 0.000000000000000000e+00 0.000000000000000000e+00 0.000000000000000000e+00 0.000000000000000000e+00 0.000000000000000000e+00 0.000000000000000000e+00 0.000000000000000000e+00 0.000000000000000000e+00 0.000000000000000000e+00 0.000000000000000000e+00 0.000000000000000000e+00 0.000000000000000000e+00 0.000000000000000000e+00 0.000000000000000000e+00 0.000000000000000000e+00 1.000000000000000000e+00 0.000000000000000000e+00 0.000000000000000000e+00 0.000000000000000000e+00 0.000000000000000000e+00 0.000000000000000000e+00 0.000000000000000000e+00 0.000000000000000000e+00 0.000000000000000000e+00 0.000000000000000000e+00 0.000000000000000000e+00 0.000000000000000000e+00 0.000000000000000000e+00 0.000000000000000000e+00 0.000000000000000000e+00 0.000000000000000000e+00 0.000000000000000000e+00 0.000000000000000000e+00 0.000000000000000000e+00 0.000000000000000000e+00 0.000000000000000000e+00 0.000000000000000000e+00 0.000000000000000000e+00 0.000000000000000000e+00 0.000000000000000000e+00 0.000000000000000000e+00 0.000000000000000000e+00 0.000000000000000000e+00 0.000000000000000000e+00 0.000000000000000000e+00 0.000000000000000000e+00 0.000000000000000000e+00 0.000000000000000000e+00 0.000000000000000000e+00 0.000000000000000000e+00 0.000000000000000000e+00 0.000000000000000000e+00 0.000000000000000000e+00 0.000000000000000000e+00 0.000000000000000000e+00 0.000000000000000000e+00 0.000000000000000000e+00 0.000000000000000000e+00 0.000000000000000000e+00 0.000000000000000000e+00 0.000000000000000000e+00 0.000000000000000000e+00 0.000000000000000000e+00 0.000000000000000000e+00 0.000000000000000000e+00 0.000000000000000000e+00 0.000000000000000000e+00 0.000000000000000000e+00 0.000000000000000000e+00 0.000000000000000000e+00 0.000000000000000000e+00 0.000000000000000000e+00 0.000000000000000000e+00 0.000000000000000000e+00 0.000000000000000000e+00 0.000000000000000000e+00 0.000000000000000000e+00 0.000000000000000000e+00 0.000000000000000000e+00 0.000000000000000000e+00 0.000000000000000000e+00 0.000000000000000000e+00 0.000000000000000000e+00 0.000000000000000000e+00 0.000000000000000000e+00 0.000000000000000000e+00 0.000000000000000000e+00 0.000000000000000000e+00 0.000000000000000000e+00 0.000000000000000000e+00 0.000000000000000000e+00 0.000000000000000000e+00 0.000000000000000000e+00 0.000000000000000000e+00 0.000000000000000000e+00 0.000000000000000000e+00 0.000000000000000000e+00 0.000000000000000000e+00
0.000000000000000000e+00 0.000000000000000000e+00 0.000000000000000000e+00 0.000000000000000000e+00 0.000000000000000000e+00 0.000000000000000000e+00 2.271506889964939376e-03 3.154858926029565063e-03 4.195351028915255548e-03 -5.631150174384213581e-05 -1.998087227721401585e-02 -3.012432508648876274e-03 -3.195589529568377413e-03 9.852796390700684082e-03 -7.857475431801782748e-03 -2.850326751881475731e-03 -5.110826551730971411e-04 -1.356730717936819805e-03 -2.099837970224449624e-04 4.307585590548608338e-03 1.014851634929231361e-02 -2.024298156583100548e-03 -1.624216814525250574e-02 2.915112335910758062e-03 -8.430454572773582456e-03 6.522283946294085873e-03 9.870553329580287333e-03 -2.276037839624577182e-03 1.125320495384044732e-03 6.231523473959067402e-03 -1.698856381237731292e-02 -3.072229784325410714e-03 -2.500929381574909082e-03 1.245366510605245072e-02 4.394846094783617365e-04 -2.753868605873430880e-03 5.909273657308236963e-03 -1.351429095876975975e-03 -1.034575671359455693e-03 -7.012068799883679898e-03 -1.521712864124616024e-02 4.488182674716890280e-03 -2.390183829769606388e-02 8.962784075479098347e-04 1.911523704775870691e-02 1.812450852688978625e-04 0.000000000000000000e+00 0.000000000000000000e+00 5.354894012836347583e-02 -1.941333571957405213e-03 -9.838147133989037091e-03 -7.557751834420689367e-03 3.047734254507590557e-02 -3.194741292485163875e-04 3.883646796220741396e-03 1.773600136683728748e-02 1.330551700850276381e-05 1.600968462310418255e-02 1.578172746024628786e-02 6.890877415958837800e-03 -5.824662136573695477e-03 1.085659856804125321e-02 9.012743787734232154e-03 -1.048724672502286291e-03 -1.284717553339255816e-02 -1.229580807065824323e-02 2.301652587971401119e-03 -9.245115908879955602e-03 -2.786172817337128488e-03 1.723303828599288476e-02 1.869860667036998825e-02 -6.937549233190320672e-03 5.408312202211946161e-03 1.084810207510845427e-02 6.469983708703911859e-03 -3.798402185276159200e-03 2.875333229604115637e-02 -8.365024549159841283e-03 4.179250945535923495e-02 -1.125163394039850107e-04 -2.126283184485754443e-03 1.081809120682019655e-02 1.246934909934478176e-02 2.814637981166411614e-03 -1.494348000013432515e-02 -1.124031908448369296e-02 1.573916302682221505e-02 -1.504561173774247125e-03 -4.994317512243873040e-03 -1.756556445881626589e-03 -7.220861543713717572e-03 -1.521498016483046473e-02 1.863011811855760707e-03 -2.844822808015762695e-03 1.331203389481931676e-02 2.347813894141400921e-03 1.192534030461787735e-02 4.070506973665861256e-03 8.151122562795135376e-03 -3.848155976675612586e-03 8.951259834739886193e-03 -2.522712884211468672e-04 5.625579767640979771e-05 -1.762626284968069404e-02 3.505567738256718576e-03 -1.053154333514135649e-02 -1.201505245215242490e-02 7.959210423392818617e-03 6.645335095616092258e-02 -1.205468982327393204e-02 -3.938379676331770635e-02 -5.897748584130861052e-04 5.320118771479129260e-02 -2.532201157238637979e-02 8.553497715681679381e-02 -8.968652196325433909e-03 -1.348412328298726794e-02 1.829121734175088955e-03 4.416814482985522046e-03 2.376574593148901571e-02 5.649019882082058353e-03 5.911427990514094011e-02 -1.371325561959682408e-02 -6.605514833941475428e-02 -3.954278985298155004e-03 -5.571813962896698252e-02 -1.329359482951278718e-02 -6.190524668853267937e-02 1.613842711155838092e-03 -5.612615134303714642e-02
0.000000000000000000e+00 0.000000000000000000e+00 0.000000000000000000e+00 0.000000000000000000e+00 0.000000000000000000e+00 0.000000000000000000e+00 2.353900487745615947e-03 3.389742939198152685e-03 5.563699048947648093e-03 1.889914791577593537e-03 -2.657066510364007594e-02 -5.980709087480369154e-04 -8.187961544306669726e-03 -1.794376835730675506e-03 -9.895165770925942045e-03 4.144124931874999698e-04 2.016943544089335426e-03 -1.201191256932006464e-02 -1.099747253445706036e-01 1.522287379435091799e-02 -1.215972657451052374e-01 1.649023284623276145e-02 -1.894049578524766575e-01 1.408480454570392240e-02 1.130367777265354479e-01 1.311142917499071199e-02 1.088496041322257676e-02 -4.345375572683162131e-04 6.685877479548840534e-03 -2.100360826841852970e-04 -3.122909445276944584e-02 -1.692973437022527502e-04 -5.302788946987649008e-03 1.369419763658866803e-03 2.229178268725830279e-03 -4.093785898031734004e-03 1.109645119811647311e-02 -4.991095618033533719e-04 -1.058077384952905856e-03 -2.887011310061366430e-03 -3.897572279948240820e-02 4.779798900043574967e-04 -4.724632521912970617e-02 -1.635727406459484140e-03 2.858661288425686300e-02 -8.099822776720133968e-03 0.000000000000000000e+00 0.000000000000000000e+00 -1.941333571954782311e-03 3.400117663407128954e-02 -2.133784555584234202e-02 -1.017611702982690585e-03 -3.321104764975803258e-02 2.176166416713032695e-02 1.864368095589680630e-03 -1.839713310657809138e-04 2.865598094129580449e-03 7.011822285570211378e-04 -2.437788975765711741e-02 1.763164297013244952e-02 8.174773740862582849e-03 2.054455077320262862e-02 6.479518480184891065e-03 -1.037250858917490495e-03 -3.455495855156774220e-03 -1.691550131410198042e-03 -1.078048762520412637e-02 2.152871933648325270e-02 4.319502296740987922e-03 -1.151143416073547102e-02 1.682474157887914670e-02 2.764189379726430217e-03 -5.884018734941301801e-03 2.287078627194191402e-02 8.925019909533532872e-03 -1.090159301282236405e-03 1.027682336278260694e-03 -5.381196849450454837e-03 -4.438236788865997096e-02 1.655892537400499576e-02 -6.322178429308010494e-03 1.110081777615139827e-04 -1.401985734490404645e-02 2.939164404147925208e-02 2.331354279447732207e-03 -1.078628228004522259e-02 -9.547623078377760752e-03 -1.113766374648347476e-02 5.353008586241722079e-03 -7.388554496731766265e-03 1.421896502414624931e-02 -1.594510938735777678e-02 -3.793441446779101389e-03 9.699320832363680575e-03 -2.064458628903323087e-02 5.403678637659003157e-03 -2.207428807743812282e-02 2.026364964848146114e-02 -1.474477895457515942e-03 -4.177656494244195128e-03 -4.601010883766531415e-04 -1.033096818613724391e-02 1.229155471869121689e-03 2.425651167430191261e-03 9.700335232599499374e-04 1.341721008943932546e-03 -1.951297430349152942e-02 1.005488622713232583e-02 1.415804042186177489e-02 9.757025431405979415e-03 -1.489780991437388881e-02 2.034795368936494469e-03 6.963108310541777160e-03 1.491701137000592085e-02 1.911794681814632524e-02 1.060407078109965213e-02 2.126618686146110673e-02 1.447889032280305632e-02 -2.078457109111194606e-03 3.008617177139701667e-03 -3.158154233588372772e-02 3.042721805714067654e-02 9.394428964551303218e-02 -6.945750614103676432e-03 -9.905733313995850053e-02 -1.857395828783408448e-02 -7.122048690586840758e-02 -1.775591563497829622e-02 8.691549606921561422e-02 -8.140991793461352377e-03
0.000000000000000000e+00 0.000000000000000000e+00 0.000000000000000000e+00 0.000000000000000000e+00 0.000000000000000000e+00 0.000000000000000000e+00 -4.106902398624589015e-03 -1.714659530464483208e-03 -8.675281245129808777e-03 -8.127378785221428450e-04 3.484352334246299671e-02 4.115248840978392997e-03 1.297536106035537470e-02 -9.677044662581856015e-04 1.417848493447576054e-02 2.600746280016750806e-03 -4.881999494697864851e-03 3.303400554404382211e-02 2.440265288451507475e-01 -3.574032536907767454e-02 2.631440087731968247e-01 -3.530697479271098504e-02 4.142476634542271441e-01 -3.438531477114756957e-02 -2.784559829279378285e-01 -3.405803411652657403e-02 -1.492131514509660237e-02 3.708935824340920187e-03 -9.582672252448616243e-03 -2.742810893292145589e-03 3.914446271851065862e-02 4.015240853107909617e-03 8.739306438563302498e-03 -9.241088471989577363e-03 -2.047924495580751795e-03 7.866218837932465943e-03 -1.577264116121112475e-02 1.863251084560850306e-03 6.865086315724111847e-04 7.935462018376257878e-03 5.127787384721183006e-02 -7.016817285692257891e-04 7.136748729340448849e-02 4.520936905531257322e-03 -4.778021335781550138e-02 7.690027536288836577e-03 0.000000000000000000e+00 0.000000000000000000e+00 -9.838147133984762732e-03 -2.133784555583840073e-02 7.171675641786993960e-02 1.091384193796252934e-02 9.462231706465211445e-02 -9.038759006842918969e-03 8.265650016551797513e-03 6.695394944450245786e-03 -3.968011788548411918e-03 -1.257432023825545003e-04 7.096040733032095427e-02 -9.092169796759154085e-03 -1.152977787472810912e-02 9.766230707895201535e-03 -5.319929323799517731e-03 4.836939293174073728e-03 4.191180018286317505e-02 -9.256591043850485520e-03 2.503203149785863252e-02 -8.430941250685466265e-03 8.632363931718295066e-03 -2.319000788692247243e-03 -4.717731592003153451e-02 2.652219887939546907e-03 7.105293889459067536e-03 1.631935074988805426e-02 -1.327620301735409937e-04 7.227719991749669871e-03 -4.660812032523070636e-02 -1.856409094291688530e-02 1.347211816761351155e-01 -1.502548427802826055e-02 9.049653024754482702e-03 -4.313731752011296453e-03 1.407675954768879828e-02 -5.117434329217948608e-03 1.940828243299914241e-02 4.742827248529669741e-03 -3.455981875884701904e-02 1.181108188236574749e-02 4.021135417951626073e-02 1.027997101262205547e-03 2.688990509646576113e-02 6.639815640711891828e-03 1.191054551584359161e-02 -1.587464620292798612e-02 3.603177195748078626e-02 1.365172658952248236e-02 6.333983721917463283e-02 -9.629947753376933567e-03 -9.444000380359755115e-03 7.292832882301897302e-03 -4.063391386764806344e-03 1.431295346065488729e-02 -4.828269173266222167e-03 -2.828114072290917238e-03 -2.741744354974305978e-03 6.005302181454588890e-03 4.728340112653099669e-02 -6.523034902980014149e-03 -3.892397979106287931e-02 5.873162143516563564e-03 3.263449568602688061e-02 1.059590290137362757e-02 -1.824557793996881006e-02 9.797115069992201608e-03 -3.294924129269392182e-02 3.077425210978176288e-03 -5.225000513913421324e-02 1.566561689229822472e-03 -1.032371532196810215e-02 2.864689570242540811e-03 7.078918798985670002e-02 -6.573413714208137248e-02 -1.824036138431101572e-01 5.972185215974652739e-02 2.179029919190172693e-01 5.862831594759907589e-02 1.426125998419935370e-01 5.464860752493847645e-02 -1.907432648843645495e-01 6.126078438012248079e-02
0.000000000000000000e+00 0.000000000000000000e+00 0.000000000000000000e+00 0.000000000000000000e+00 0.000000000000000000e+00 0.000000000000000000e+00 -2.065074038142899018e-04 -5.483616694759880237e-04 -3.896195686505252252e-04 4.460146385113782671e-04 2.276000202754722111e-03 5.873394897465218558e-04 6.992931426753963738e-04 1.256286286623529069e-03 9.210647313356947787e-04 1.035623348103603127e-04 -1.089921373420062005e-03 8.690535418193243156e-03 5.348691206375637275e-02 -8.750633571821793757e-03 4.896161628051104442e-02 -8.371849047403250380e-03 9.045687208227445875e-02 -8.807118327721895693e-03 -5.736576039256588433e-02 -9.162106509161596288e-03 -4.612010006226818695e-04 7.118765790549540099e-04 -1.239949900631853556e-03 -4.377826375569152518e-04 3.688363969703373213e-03 3.343862069255489544e-04 5.057694660807631653e-04 1.949840298639230959e-03 8.799980826373706875e-04 -8.926342948831570692e-04 -1.649221298486885142e-03 -1.233996096613929321e-04 -1.343240377985157816e-03 1.896326037711788814e-03 7.197353466363592793e-03 -2.370479007679869967e-04 7.249880291656725026e-03 1.787566881672547018e-04 -5.880394485456951273e-03 2.240064588661754268e-04 0.000000000000000000e+00 0.000000000000000000e+00 -7.557751834420773501e-03 -1.017611702980443684e-03 1.091384193796021349e-02 4.770120257855468837e-02 1.230634401263081858e-02 3.499148651303857910e-02 -1.285846698759585561e-03 -1.659869913016898471e-02 -2.750625730337284171e-03 -1.680843996811126270e-02 3.488058006772000452e-02 3.146075735077598357e-02 -2.394943969915733738e-03 5.685353637174370318e-03 -6.439846481852482332e-03 1.164910315827435289e-02 2.073828907802358415e-02 2.847369516215799562e-02 2.097255875690670710e-03 5.052675382960181844e-02 1.214002468282577608e-02 -4.400575384013550445e-03 -1.881905514043123034e-02 -9.200174855391199044e-03 1.173423947557686439e-03 3.678443649589885345e-03 -2.435849180084052878e-02 1.239453171363093069e-02 -5.443434548248381188e-02 2.823030439886596230e-02 4.051170599169890557e-02 2.923935437246276761e-02 1.046644150280316623e-03 1.539206829727798615e-03 8.235313972217137707e-03 1.718897957081134617e-02 -4.402182704849219932e-03 2.425608078514674901e-02 1.498604106983260527e-02 1.332923019119841741e-02 -2.422602596059393598e-02 1.260765883580227883e-02 -2.118838717622508958e-02 1.489203989014574805e-02 7.432315717358192915e-03 2.597659382956563415e-02 -1.366266782400039730e-02 1.283052467529499294e-02 1.470537180569909431e-02 3.407729889238302057e-02 -5.206244931659328307e-03 -2.539710429715537603e-03 -7.625371011601694143e-03 3.465510179201454228e-03 -3.074857281487275613e-03 6.131187607713627433e-03 -3.509796682457625057e-03 4.711107831703040608e-03 1.629351170278727640e-02 4.632051258770159691e-02 -2.908434010390542612e-02 -1.672817365264657810e-02 1.711160079657416538e-02 -2.302076010979735646e-02 -2.624856413681164041e-02 3.226177942151730975e-03 -4.142435690020786210e-02 -1.358478128478064935e-02 -8.950692023833851235e-03 4.065236836219766892e-02 -3.270547502470999655e-03 -4.050964992192232494e-02 2.400478739153039803e-02 1.862039514478307928e-02 -6.924813229166799922e-02 2.106583460591186091e-02 8.397239295738796738e-02 7.277135863154158939e-03 6.446097040927359356e-02 2.234499179246032460e-02 -7.781006616179968194e-02 1.023232711017523985e-02
0.000000000000000000e+00 0.000000000000000000e+00 0.000000000000000000e+00 0.000000000000000000e+00 0.000000000000000000e+00 0.000000000000000000e+00 -4.881120607940617195e-03 -6.874899945800329185e-04 -9.922653515669661514e-03 -8.410954567726135851e-04 4.483461998252779440e-02 3.555570765637738190e-03 1.564950840172765756e-02 6.610915638238620134e-03 1.814613305462743978e-02 1.524784120993961326e-03 -6.973492614201921500e-03 4.148901009358747088e-02 3.313685657243271021e-01 -4.283322573184954185e-02 3.777933752176755311e-01 -4.877825713617069819e-02 5.722328845688479104e-01 -4.248859638957921958e-02 -3.945601851688120276e-01 -3.823659670436475866e-02 -1.830350614951043245e-02 3.511148067108316694e-03 -1.273465156604248159e-02 1.683425226526467835e-03 5.295596409924189368e-02 3.289768844004830640e-03 9.969349380437839830e-03 -2.111488291018995267e-03 -3.790187945852313122e-03 9.684264790641623072e-03 -1.935232723328805110e-02 2.295495887984650915e-03 1.260372363574529479e-03 2.999604026089747882e-03 6.368745900003740246e-02 2.726037661951249622e-03 8.729118672002163237e-02 5.253082190829247433e-03 -5.065266670256769743e-02 8.498152231665716261e-03 0.000000000000000000e+00 0.000000000000000000e+00 3.047734254507664109e-02 -3.321104764975699175e-02 9.462231706465272507e-02 1.230634401263499232e-02 2.102243535974369082e-01 -5.186997199768535530e-03 5.189388878671812033e-03 2.140059795286449948e-02 6.468581447889695975e-04 3.143054987836234847e-03 1.394569998937062183e-01 -5.955012759227590498e-03 -2.055120149710788074e-02 2.940357972541789155e-02 1.272739992793951724e-02 5.666804780792298116e-04 7.311706839859682949e-02 -2.907826091357590750e-02 3.784300793673939928e-02 -1.658775906603004308e-02 1.808836073899366959e-02 1.073985761220638130e-02 -3.878668292846308013e-02 2.951298747638898910e-03 1.299093850066419982e-02 3.139217113521759750e-02 3.409123488607084668e-02 7.454362271568037990e-03 -7.226060299152003985e-02 -3.543301988803717467e-02 2.750572270399199715e-01 -1.802961430673029677e-02 1.104748049355920754e-02 3.241274234488620079e-03 3.770669897103654661e-02 -3.977348290181707997e-03 9.676731893537425522e-03 3.843038503051704686e-04 -2.978994259018125437e-02 4.837140735563577251e-03 3.942158076156490609e-02 -1.415278017315537741e-02 3.325235211736950885e-02 -1.563158822957395194e-02 2.372697673976791044e-02 -2.530316515811175185e-02 5.899603751436307414e-02 2.103554462816066908e-02 1.211423176015738873e-01 -4.390917424426924419e-03 -8.111957298787789150e-03 3.488443423930471382e-03 -4.022300885924979565e-03 1.642138173182355540e-02 -4.166260867097526348e-03 -2.825038326770471647e-02 -6.350656535172199187e-04 -1.932282195120577431e-02 7.580539828796797885e-02 5.500233710289477614e-03 -2.442301712462812552e-02 -6.823637054879871065e-03 1.977897923958071846e-02 2.065172311168228872e-03 1.398447934355141579e-02 -4.999329238803295120e-03 7.657293064031451060e-03 -1.462567778372977564e-02 -9.891330017168120659e-02 1.306619963688638794e-02 -4.916718558480839309e-03 3.069183639068319078e-02 1.183355070585699331e-01 -5.317464751899494274e-02 -2.995943992491963970e-01 4.357169382892880916e-02 2.974739222038344511e-01 4.590380160483913813e-02 2.176790802303394945e-01 4.872185783827942540e-02 -2.865107634642743983e-01 5.997235606437620326e-02
0.000000000000000000e+00 0.000000000000000000e+00 0.000000000000000000e+00 0.000000000000000000e+00 0.000000000000000000e+00 0.000000000000000000e+00 7.601348817652924927e-04 2.297885817939953126e-03 2.708107714167905331e-03 2.090156116522749481e-03 -1.039694256844998256e-02 6.682241784825310865e-04 -4.347421351794955764e-03 -9.401248587403748976e-04 -3.843595316721555230e-03 9.660139994042715207e-04 7.137379269190317508e-04 -3.533251078824452013e-03 -4.056811970222226615e-02 5.811083841375536824e-03 -4.610893150310305805e-02 7.024845756410797760e-03 -6.365991089009893911e-02 5.003664127060802533e-03 3.811878449570310634e-02 3.769772906073584010e-03 4.294225081605609028e-03 8.103869299892031220e-04 3.225982217205876183e-03 -6.487796958572162936e-04 -1.236437358224791450e-02 7.707195232729021185e-04 -2.923858848616360442e-03 1.344600502121830491e-03 1.422683364126656235e-03 -1.755710253469186131e-03 5.205305973653958154e-03 1.081523713382410469e-03 -1.934647245956999401e-03 -2.386541405065734697e-03 -1.812949618813850319e-02 -7.295434900521300921e-04 -2.271983201407831374e-02 -2.261454862714176554e-03 1.348739342471685400e-02 -6.372412903506596837e-03 0.000000000000000000e+00 0.000000000000000000e+00 -3.194741292478801235e-04 2.176166416713056287e-02 -9.038759006845666771e-03 3.499148651303646274e-02 -5.186997199773199334e-03 5.297158351535809218e-02 2.684635011559565785e-06 -1.553718671990440489e-02 6.314554940351314394e-04 -1.725992939697131023e-02 1.744581164370790152e-02 3.721393427910160701e-02 3.883192897186985449e-03 2.167771599582542230e-02 3.550309043355593178e-03 3.854660266506903122e-03 1.061209468918867908e-02 1.979538679414343319e-02 -8.283171159125007205e-03 5.159768390993094839e-02 1.477525399563859448e-02 -7.149759618606306259e-03 8.087311900713978902e-03 -3.479478283606755092e-03 -3.386770559118804959e-03 1.847651347013080578e-02 -2.856008566882588771e-03 5.013237290835075022e-03 -3.358379548561294531e-02 2.113749007196124435e-02 7.234048415662838218e-03 3.793115658073755586e-02 -3.080973864682639597e-03 6.612153628732717319e-04 -2.326124492622633384e-03 3.613944796419894800e-02 -7.342421292779268728e-03 1.080307072676071380e-02 5.334145030359757449e-03 -5.581632088974339398e-04 -1.412712580610963643e-02 5.726409901407044506e-03 -2.114833150980725308e-03 -3.087263537114878862e-03 3.101908787650748019e-03 2.707697474682659380e-02 -2.477726384385118066e-02 1.416130889432042073e-02 1.123259310087170500e-03 4.542691783003265094e-02 -9.940047619661957629e-03 -5.024347521915298494e-03 -8.518833980356571925e-03 -8.267294452474769142e-03 -2.889834024498625763e-03 -3.170611139139166163e-03 -2.728960603064133246e-03 -6.707864672561765843e-03 -2.888321865747600788e-04 4.584098706468366785e-02 -1.797143509199820161e-02 -2.898118749127685540e-03 -7.434914844914057054e-03 -1.483547759458265711e-02 -2.107625436566252456e-03 1.069658359378386145e-02 -1.385861131112186249e-02 -5.815407709559669569e-03 6.453799821141567583e-03 4.568980938218252658e-02 -1.282538812028063014e-03 -2.252071952251565035e-02 -3.327875130627642054e-03 5.344666213647116665e-02 9.467896727285480055e-03 -2.650958031900212206e-03 -2.393135904076328785e-02 -1.905416401392726750e-02 1.049134792258458841e-02 -8.546114250593088435e-03 4.505590419047582514e-03 -1.079640067581384526e-02
0.000000000000000000e+00 0.000000000000000000e+00 0.000000000000000000e+00 0.000000000000000000e+00 0.000000000000000000e+00 0.000000000000000000e+00 -6.236426651658421010e-04 4.047510862146587451e-04 -1.483615317015809848e-03 -3.978643376037657958e-04 3.063086754026936396e-03 5.631382433696943256e-04 2.671700696404243243e-03 1.587812497342401281e-03 1.593846533408185785e-03 1.708135759115397769e-04 -1.323880260379154804e-03 8.384067335322778480e-03 6.421769172960495320e-02 -8.772488804552698929e-03 6.334569874748112450e-02 -9.448703973555003244e-03 1.012960730151976074e-01 -8.349363893513962742e-03 -7.093160702244127869e-02 -7.765610177764687566e-03 -8.695485351493049053e-04 5.482456319240326800e-04 -2.107509464679291171e-03 3.697766276456484450e-04 4.915013161432883748e-03 5.969480805090746989e-04 1.889415215074082000e-03 -7.149735049299117250e-04 1.083800608722777477e-05 8.311935839784686999e-04 -2.710768994857289116e-03 1.900648178877555571e-04 -1.000186365077608032e-03 2.082125969081578213e-03 8.246156732593101779e-03 2.904612034262824341e-04 1.272203301476313581e-02 1.555408849640813312e-03 -9.935714781683063768e-03 2.841978543902894724e-03 0.000000000000000000e+00 0.000000000000000000e+00 3.883646796225141522e-03 1.864368095591293489e-03 8.265650016554000612e-03 -1.285846698760975942e-03 5.189388878677874892e-03 2.684635010882373109e-06 1.122963985260769411e-02 8.597912492240159313e-03 -2.944784512231781066e-04 1.088134327961564132e-02 7.736743295506959966e-03 -2.270085025112513442e-03 -1.222189752838827781e-03 1.866791657010222205e-02 7.540374869107113395e-04 -3.911116715284965878e-03 3.784669505547705315e-03 -1.129479572879743196e-02 3.785278994185314362e-03 -1.852175066553172003e-03 1.910304781115419563e-03 -2.526398140324044930e-03 -5.793370029597391321e-03 7.581671851350341683e-04 8.008019205665566510e-04 2.456367831498185161e-02 1.204569270452342591e-02 -5.218478951198671396e-03 1.479326677980941432e-02 -1.694720071896575753e-02 1.556823004121082529e-02 -2.879776912398421262e-03 1.752841288170211859e-03 5.073457651819084785e-04 -3.213606418596729256e-03 6.350956527606272523e-03 8.641240859325854951e-03 -7.283816359080333425e-03 -1.757372823371251142e-02 1.100115863437175091e-03 2.872183318859802478e-02 -9.878306443033592343e-04 2.143102881743525617e-02 -2.831306925149090162e-03 2.900024235462000770e-03 -8.446267378328081027e-03 -8.494581918223262362e-03 9.202471769072125690e-03 1.250646731794243481e-02 -2.499284594463671051e-03 -1.079834412842576620e-02 3.530008821431512497e-03 -1.667572733440800693e-03 2.033918189749857872e-06 -3.358124880328006330e-03 -1.787304366238975646e-04 -3.376295535858205542e-03 9.198185886312748236e-03 4.432004250105456983e-03 -4.343581571157179716e-03 -8.582580119948347505e-03 7.818275303911966304e-03 4.027386276251582577e-04 8.996458126476362949e-03 -1.103502293467892694e-03 -7.386171201431947697e-04 2.410039957951031105e-04 9.643883160595868864e-03 -7.698176987649078123e-03 -1.135778039541896932e-03 -5.962954159324680529e-03 8.224189004564296662e-03 1.037215167104638819e-02 4.376648343979404332e-03 -3.939325034422392485e-02 -6.716457397074886322e-04 3.467793852228909235e-02 -8.890085873251232437e-03 1.513491116664398596e-02 -1.026433943039368503e-02 -3.738793220766521014e-02 -1.119859918084645592e-03
0.000000000000000000e+00 0.000000000000000000e+00 0.000000000000000000e+00 0.000000000000000000e+00 0.000000000000000000e+00 0.000000000000000000e+00 -4.153818165540556400e-04 1.142593663353672680e-03 -1.030100196567714952e-03 -8.604260228918816054e-04 3.281781418083433433e-03 -2.110000991067886996e-04 3.056168631343721825e-03 6.273961428226979692e-03 1.685878411045757357e-03 -5.443947865563889422e-04 -1.221894289650485733e-03 1.581599622486487208e-02 6.288855265601919764e-02 -1.410999793854081537e-02 5.334590939687605671e-02 -1.775137466689900162e-02 8.965831295294765524e-02 -1.515665055911739542e-02 -5.802550966855302139e-02 -1.344370404023157405e-02 -8.423257117234816873e-04 -6.153716879712087023e-05 -2.518066002565690076e-03 3.289285801283056698e-03 5.374849920757076606e-03 -9.066142288425837754e-05 2.158299325153869783e-03 3.047877592635329751e-03 -4.065663131139921689e-04 1.532443445233380198e-03 -2.212727748978123715e-03 -5.207126298930643549e-06 1.189834823247604059e-03 2.728717206422212518e-03 7.422718064693831913e-03 9.902204850009881446e-04 1.038086089939584816e-02 2.533294432985213826e-03 -8.434927131963624106e-03 6.572891874542109714e-03 0.000000000000000000e+00 0.000000000000000000e+00 1.773600136683978201e-02 -1.839713310572877077e-04 6.695394944445724229e-03 -1.659869913017248191e-02 2.140059795286365987e-02 -1.553718671990070473e-02 8.597912492236674253e-03 5.989158513394560873e-02 -3.473991916731784401e-04 3.607863650396353483e-02 -5.075154286477414831e-03 -8.933063068104728222e-03 6.756492998002162909e-04 3.911091551952616818e-02 1.457385478878410728e-03 -1.235664220992211543e-03 -2.952409597217991229e-03 -4.424714884496155215e-02 9.614074428351375434e-03 -2.365320591399958788e-02 -1.129755158267780474e-02 3.376487843426517060e-03 -9.018604931952872023e-03 6.524302466253340677e-03 -6.291043756708260303e-05 3.666073152189831125e-02 3.227599245533785410e-02 7.235547346055909781e-03 5.146246931581568984e-02 -5.288565083418367285e-02 1.516628011472728223e-02 -1.157098498622544276e-02 1.823224605919845139e-03 4.487145378371752875e-03 1.590471191920548883e-03 2.120429241140784488e-03 1.136900396190778251e-03 -2.056128653989890143e-02 -1.077196133414122514e-02 -4.457361295431372470e-06 2.463018743176996830e-02 -1.137969639034344844e-02 1.234445848890740847e-02 -1.003351491829213363e-02 6.679358107681617352e-04 -5.338813863254840419e-03 -2.256491537265840550e-05 1.726022538999599960e-03 1.598508143845383742e-02 -3.324948765769396557e-03 -1.544279477709996698e-02 2.410394314742665689e-03 -4.641665013328484047e-04 -6.248257047995009125e-03 -3.765262956593975596e-03 -8.573358331357286768e-04 -1.883900000473621560e-03 1.426337559505757961e-02 -1.477681819036772218e-03 5.087192538419694175e-03 7.780591174467492432e-03 -3.960718518410141428e-03 -1.053081678260129987e-02 1.896175350453258588e-04 1.507315556427282245e-02 -2.284453017756931520e-02 3.601329406496760199e-02 -5.384559450496062463e-06 -8.575332904181188001e-03 -1.126472657999104746e-02 -7.493932160843529491e-03 3.612939731723626563e-02 1.862164789522353231e-02 -1.410652894183872866e-03 -7.296134547775444401e-02 -1.185509999116254529e-02 5.382344881447567037e-02 -1.239408581291101194e-02 2.595249733909676254e-02 -9.164363029192705568e-03 -5.661034662230911979e-02 4.116829798963133301e-03
0.000000000000000000e+00 0.000000000000000000e+00 0.000000000000000000e+00 0.000000000000000000e+00 0.000000000000000000e+00 0.000000000000000000e+00 5.426805941569149945e-06 1.364047256122071102e-04 -1.724572102421663877e-05 -3.068300845548301665e-04 -1.449061350428161067e-04 -5.246901681181647542e-04 3.816495640781334097e-05 1.223090857880537903e-03 3.732659512787971741e-05 -4.358955219700093157e-04 -2.826318456257197144e-04 -3.367035725766968652e-03 1.280668897111700288e-02 3.509590207143294203e-03 1.264009191774898358e-02 2.121108423487867625e-03 1.568826635773250960e-02 3.579653482015221055e-03 -1.469750826628355572e-02 3.903963793977511219e-03 3.168714942576777906e-04 -4.860997506358111404e-04 -1.121632430424213426e-04 9.574127684392364380e-04 1.419987554523072151e-04 -4.607486592672475380e-04 -6.424602750432720645e-05 8.945511823668842290e-04 -2.314688277387278207e-04 -4.634153641196645624e-05 -3.210967381905303398e-04 -5.801201624844264625e-04 1.167885236196547364e-03 -4.579972913735126921e-04 5.920232362240946539e-04 9.209737013433637624e-04 1.190431326688679188e-03 6.648582659628966135e-04 -9.664391736895834757e-05 1.025041583873967377e-03 0.000000000000000000e+00 0.000000000000000000e+00 1.330551700912867372e-05 2.865598094127997080e-03 -3.968011788545677994e-03 -2.750625730337455041e-03 6.468581447908788775e-04 6.314554940334997151e-04 -2.944784512223524867e-04 -3.473991916726252259e-04 5.909885667558724583e-03 -5.961155698596331490e-04 -2.147031879809838464e-03 -3.375908372539483584e-03 1.522354653905685527e-03 5.825199306511873697e-03 5.145977265938873717e-03 -9.600977505811240237e-03 1.909731110036329022e-03 -1.280224996481224304e-03 -2.360784157879350538e-03 -2.978958433094339338e-03 2.981822290601585622e-03 -2.915607557105868563e-03 8.297495901914119995e-03 3.369565183680715316e-03 -1.987563213837798513e-03 6.996168241947689839e-03 1.835188826180194840e-02 -9.974288296528776784e-03 9.864163067132523943e-04 -1.255451550219831595e-03 -4.164589866480922394e-03 -4.081185148046875518e-04 -9.214596941084960097e-05 1.091195175425349042e-03 -2.986869121296357142e-03 7.204958643200260653e-04 3.184576076440103973e-03 -6.470397970171095064e-04 -2.268685913703473011e-03 -4.882666481495344379e-03 5.212870930434617897e-03 -2.662113488089520863e-03 8.086873755629686925e-03 -2.969688994375335820e-03 -5.553913755855128002e-04 -4.618951818286560519e-03 2.099190061559881343e-04 2.213181618689382269e-04 -4.059706879064969203e-04 -1.888607688127069261e-03 -2.115688513662386614e-03 5.592096488582046524e-04 -1.816251123798816531e-03 -1.069796646882775456e-03 5.126030841675824476e-04 -5.218561409726767304e-03 -5.822357831774233701e-04 -9.270424553659955755e-03 -2.826650614477350617e-04 -5.291658053455672479e-03 -3.349505899142470565e-03 4.104288033576379731e-03 1.658644468563934531e-03 5.440538481287271510e-04 -6.274042768555259438e-04 3.907383008920983260e-03 -2.410163579652048471e-03 7.124832202407867373e-04 1.813003257471973960e-03 -1.933500395647856163e-03 8.905967380013176727e-05 1.269845983308283931e-02 -6.831701206657658787e-03 3.628501856067752832e-03 1.759212401482096108e-02 -3.145217839841943450e-03 -3.006736755316038665e-02 -6.877178053013536553e-03 -2.136971906786898703e-02 -4.534521768204648889e-03 2.122136774532705494e-02 -1.914194269198132674e-03
0.000000000000000000e+00 0.000000000000000000e+00 0.000000000000000000e+00 0.000000000000000000e+00 0.000000000000000000e+00 0.000000000000000000e+00 -8.815984312131843392e-04 -1.278188548620874405e-03 -2.076503618737267094e-03 -1.886005315401708717e-03 8.785168069319291076e-03 -1.095989308814186367e-03 5.984641662756539499e-03 5.966717537627690485e-03 3.746870232823509405e-03 -1.610109395858528875e-03 -9.509688115646160265e-04 1.400791250595479973e-02 5.337374095728404655e-02 -1.186714105076434184e-02 5.339558572591279750e-02 -1.743025875433611149e-02 8.017610642508250784e-02 -1.494608192451208316e-02 -3.799808673864628339e-02 -1.146716832086661954e-02 -3.574120269524974462e-03 -8.389355120660404661e-04 -4.597624214764281687e-03 3.630477308311533431e-03 1.203068179969691079e-02 -1.058097598726515879e-03 3.888140128640919096e-03 1.665475354801178049e-03 -1.261896152899817138e-03 1.924153874391473784e-03 -6.224497677626901482e-03 5.852159130966246101e-04 7.813459336262811028e-03 1.701297508503472672e-03 2.380597715949100968e-02 1.981602325550565515e-04 3.081999799692384037e-02 2.747492697352927823e-03 -1.937297832087558555e-02 1.169180385069789121e-02 0.000000000000000000e+00 0.000000000000000000e+00 1.600968462310250681e-02 7.011822285619304053e-04 -1.257432023931832053e-04 -1.680843996811418745e-02 3.143054987825101391e-03 -1.725992939696995021e-02 1.088134327961056726e-02 3.607863650395846250e-02 -5.961155698618290921e-04 7.681168628410878219e-02 -2.245225657010078632e-02 -2.781412860361606645e-03 2.047037531809395381e-03 3.069035839790189638e-02 -1.880417862736129264e-02 -8.339307919742073097e-03 2.377271029613595502e-02 -3.469025148207119380e-02 4.098260350909503982e-03 -2.797333335945700883e-02 -1.070579281582382213e-02 -3.080816117551103510e-03 1.556825951842947392e-02 1.729871930277641912e-02 -7.470810781561996365e-04 3.728064872897207671e-02 -5.078077522524445872e-03 -6.496906589903110076e-03 1.303966524710744625e-02 -4.359785865796836357e-02 -9.266403816582771333e-03 -8.154826348183671567e-03 3.965820907325166497e-03 3.953147909979345953e-03 3.295124703558928534e-03 -1.016246972095213299e-03 -6.265360046855406040e-03 -1.510306833289209658e-02 3.501138693546768620e-03 1.621655688263090892e-03 1.654379500723966376e-02 -1.643392549017947237e-03 -5.237903135649897915e-03 -6.546366545316908460e-03 -1.477752790002406303e-03 -5.068669202724846497e-04 -1.151673268536216807e-02 -2.214470632013038759e-03 -1.813046120534891979e-03 -6.064084326113371518e-03 -2.543575664565721098e-05 -2.241881906109351869e-04 6.550946564684674220e-03 2.646484330484906965e-03 3.750077821980004559e-03 -5.267738997119233643e-04 1.399081700080789499e-03 1.765221778648198847e-02 -1.026764816265515919e-02 3.292976395224560086e-03 2.909989385484612265e-02 -5.761569898405092746e-03 -5.437482561959099472e-03 -2.080945158158245024e-03 2.165504482202314576e-02 -2.445978571846889327e-02 4.242570165492200868e-02 -3.556263487841696772e-03 7.132643628898095852e-04 -1.024717474282961158e-02 -3.060958153360107074e-03 5.152761604425346031e-02 1.149688192110122874e-02 1.444939270569230855e-02 -5.456877126470059680e-02 -2.323952043649813240e-02 6.903175331728667041e-02 -3.131286746769246232e-02 1.297047870835571146e-02 -2.714543584211780505e-02 -3.170137057684625781e-02 -1.287011793321840396e-02
0.000000000000000000e+00 0.000000000000000000e+00 0.000000000000000000e+00 0.000000000000000000e+00 0.000000000000000000e+00 0.000000000000000000e+00 -3.821454614593896345e-03 -1.390943943613829172e-03 -7.944882027426878809e-03 -3.116937589018762764e-04 3.544363893324863068e-02 3.551288567353043553e-03 1.147874784980825250e-02 2.315259675814732802e-03 1.422776911546931415e-02 1.791632568974425117e-03 -5.683019088323137957e-03 2.722677620296196435e-02 2.666305367671909510e-01 -3.038135146109927076e-02 3.028462496790148561e-01 -3.177709236128209436e-02 4.709940925176437920e-01 -2.927456801667173425e-02 -3.247855137322901431e-01 -2.664851683195805510e-02 -1.417105221939607591e-02 3.347340379395742551e-03 -9.582074665434960059e-03 -9.481996067222874750e-04 4.182661871769845219e-02 3.195714670470387216e-03 7.388577166866462827e-03 -3.626890297205143977e-03 -2.341192900011767122e-03 7.143158490073769039e-03 -1.532936384426549642e-02 1.684810451603690334e-03 -2.475219818791011845e-03 2.656704469672576188e-03 4.941402426189620001e-02 7.466455340782544858e-04 6.965636964281829435e-02 2.717757377492889710e-03 -3.937332239776838994e-02 2.435305225843897425e-03 0.000000000000000000e+00 0.000000000000000000e+00 1.578172746025385126e-02 -2.437788975765265570e-02 7.096040733032238368e-02 3.488058006771593139e-02 1.394569998937092992e-01 1.744581164370779744e-02 7.736743295508829131e-03 -5.075154286462896930e-03 -2.147031879809638538e-03 -2.245225657008441400e-02 1.547668983729329761e-01 1.380693191797944391e-02 -1.763612311749799058e-02 1.002382173783522221e-02 1.701122922542708249e-02 1.116512876033563459e-02 5.684046407926056366e-02 7.771182881353388451e-03 2.607364521977877797e-02 1.974990746082186041e-02 2.945212817820636042e-02 7.766489456608075687e-03 -4.644998753849279710e-02 -3.076959080692773523e-04 1.062042363887564372e-02 1.021257824881615164e-02 1.564729557437716592e-02 1.756177580255443085e-02 -9.215757676190740322e-02 1.134906044782238660e-03 2.275845135442614020e-01 4.701024278248749390e-03 8.324785783646747664e-03 1.892357069613441207e-04 2.789818422878743293e-02 9.047423951992773425e-03 6.744512913367510347e-03 1.643296177502444680e-02 -1.955208258919228712e-02 1.522654852146796724e-03 2.281944147561508832e-02 -9.561974223012737611e-03 2.737646767687202873e-02 -7.322711790756946879e-03 2.186548495252589597e-02 -1.487562918478317966e-02 3.023251058286723081e-02 3.182204788639735743e-02 1.002462537833987283e-01 1.255317928041276183e-02 -1.150209379725045111e-02 2.891649265111649256e-03 -1.029182519764384150e-02 1.372325761147735225e-02 -8.383035053909550921e-03 -2.419787250828545414e-02 -2.196980567502354424e-03 -1.183504214441755999e-02 7.024618248707689694e-02 1.937915495795087747e-02 -5.345845708977551430e-02 -6.629065643065806292e-03 1.359906333925619409e-02 -4.038482564223575336e-03 -1.086394992631471712e-02 6.419417330328520792e-03 -2.946648888624733148e-02 -7.933950045892654637e-03 -7.655905717190278348e-02 2.900522995854476482e-02 -4.411545846878085243e-03 -9.079433616059121720e-03 8.955558855088774362e-02 -2.885799086832352769e-02 -2.269737310555153820e-01 4.183156695043695195e-02 2.128636049679145381e-01 3.560690608312219035e-02 1.741551625524393465e-01 4.314073550830482134e-02 -2.148544718075317550e-01 5.075651586603838888e-02
0.000000000000000000e+00 0.000000000000000000e+00 0.000000000000000000e+00 0.000000000000000000e+00 0.000000000000000000e+00 0.000000000000000000e+00 1.945630361719499464e-03 1.505156668759840806e-03 4.870687521035092955e-03 1.158906250163632126e-03 -1.975424673651008170e-02 -1.799286457716100249e-03 -6.691322243822257938e-03 1.929305714901789325e-03 -7.629804241237264986e-03 -1.184334563182995459e-03 1.582610972467345719e-03 -3.630096596326348735e-03 -8.844499716299498993e-02 6.736299363658420497e-03 -9.298683742319817369e-02 5.121362121763172424e-03 -1.488952599099002128e-01 4.024548727399970306e-03 9.281740068356923723e-02 3.766810192341780734e-03 8.328443281830815240e-03 -1.359261539296330312e-03 4.834582878730902741e-03 1.940669794198375802e-03 -2.187337350902272826e-02 -1.708056700123547576e-03 -4.543629333042926988e-03 6.101240428713107511e-03 1.443760083552657726e-03 -4.360909985461141995e-03 8.680036161076293277e-03 -2.485060513767313288e-03 1.181072797665831198e-03 -2.930132921162457299e-03 -2.940389596209606882e-02 2.658591934213699100e-03 -3.694503330814762759e-02 -2.473107536535314437e-04 2.275815167992535984e-02 -4.500976912313371832e-03 0.000000000000000000e+00 0.000000000000000000e+00 6.890877415951929263e-03 1.763164297013354587e-02 -9.092169796768804352e-03 3.146075735077492885e-02 -5.955012759239984230e-03 3.721393427910806712e-02 -2.270085025114196124e-03 -8.933063068114871150e-03 -3.375908372535672396e-03 -2.781412860369981456e-03 1.380693191797719571e-02 5.654169035530236254e-02 6.040014344920038511e-04 6.059374892377685819e-03 5.510376412159693083e-04 1.702685169558599068e-02 -4.771400377910809711e-03 2.391833543630653147e-02 -7.530941682356382533e-03 5.318160355830587466e-02 1.157276317954020195e-02 -3.076736497804984354e-03 1.644211780252074345e-02 -7.300417443931802794e-03 -4.903038155613353554e-04 2.137378323829807261e-03 -2.589744684218710929e-02 1.674518480394342201e-02 -3.740606483413383421e-02 2.578209435719540019e-02 8.010710293884925823e-03 3.827387297988112114e-02 -4.685912899448022549e-03 3.865137880964010335e-03 6.617110756608800617e-03 2.890512821445617719e-02 -1.429870679680459583e-02 1.295626476412883865e-02 2.618596044658799693e-02 7.081246076274384620e-03 -3.994545400102163940e-02 3.931272517616898540e-03 -2.711892814960540493e-02 -3.381316768817556589e-03 -6.756446913625916177e-04 4.135816001811837284e-02 6.645878424845687305e-03 3.887153359510527213e-03 -1.234356172083132808e-02 4.849336273318037571e-02 1.774356105655990057e-02 -9.248590366702818394e-03 7.654528181246580965e-03 2.284368530519267134e-03 2.395490029813103494e-03 -9.733658717093604182e-04 6.112929853102184834e-03 3.721190803473950221e-03 -1.199137318441873858e-02 5.852141553679978542e-02 4.489158408794004934e-02 -2.131318776276940746e-02 -2.235284213376790771e-02 -2.425758751625581994e-02 1.339161806293627868e-02 -8.373521143744882406e-03 4.260303808689846344e-02 -1.800404488664918840e-02 6.896715751623642109e-03 4.305950080313733497e-02 2.331129444683155243e-03 -5.888392402216101459e-04 4.615862102942006138e-04 4.370380650076018808e-02 1.579671956145367595e-02 -5.317121909608025360e-03 1.625933590583914304e-02 1.498003725266777112e-03 1.041012681805464184e-02 9.045966110110573123e-04 6.940224302443104461e-03 -6.451949522466096654e-03
0.000000000000000000e+00 0.000000000000000000e+00 0.000000000000000000e+00 0.000000000000000000e+00 0.000000000000000000e+00 0.000000000000000000e+00 2.988244455859108851e-04 7.622315698883705849e-04 9.741426250832391828e-04 6.948392963911563481e-04 -3.086202285637431372e-03 4.937057710286965270e-06 -1.833887500788111040e-03 -4.015574463130996822e-04 -9.561146882546011933e-04 3.281467506058721338e-04 1.009934491858913500e-03 -6.219242506984954712e-03 -4.635359959903341542e-02 7.312805364826913818e-03 -5.318721769391641929e-02 7.648277804451555049e-03 -7.212795507109602544e-02 6.781509880825492206e-03 5.560482413601795099e-02 6.589103030662504454e-03 1.174761374184391449e-03 3.100761143766904009e-05 1.570198363161288881e-03 5.194785198318381406e-05 -4.537765442389084594e-03 1.765787298760004473e-04 -1.220467754099826673e-03 9.265973395187252599e-05 2.423489007279110716e-04 -1.327009737693387367e-04 1.678504705282800845e-03 1.072231977649472758e-03 2.465471722580676612e-03 -1.962004233686903644e-04 -6.564951967805500964e-03 -1.495399698391536346e-03 -8.366090583921299839e-03 -1.625594869618915243e-03 5.235231344145462908e-03 -9.532053390725600062e-04 0.000000000000000000e+00 0.000000000000000000e+00 -5.824662136579995993e-03 8.174773740862641830e-03 -1.152977787472995314e-02 -2.394943969916777608e-03 -2.055120149711686314e-02 3.883192897185488816e-03 -1.222189752838900639e-03 6.756492997966171733e-04 1.522354653906239988e-03 2.047037531805076787e-03 -1.763612311750640399e-02 6.040014344880228776e-04 1.097737129621075350e-02 4.793581149438328783e-03 1.017473660916633042e-02 -3.562906156300613743e-03 3.610068652197648970e-02 -2.657523871889307891e-03 -5.188077681956303200e-03 3.136754548601471820e-03 -1.677070858743068531e-03 -7.210286337630208292e-03 9.557553269904421611e-03 6.882311494541377798e-03 -6.822201444840530690e-03 3.407773897240120101e-03 1.634027546224673874e-02 -1.024645640446658190e-03 -2.704520223517469651e-02 -2.075208695095636258e-03 -3.281354647629558530e-02 3.356267924400598186e-03 -1.551654375381545043e-03 6.882867971731803345e-05 -6.612053553429725339e-03 4.540025846446307627e-03 -1.826521990488758507e-03 -2.509089840904379053e-03 -9.486571734577145488e-05 -1.807640839898464044e-03 -2.776491130043724992e-04 -7.065294687583873693e-04 4.300544940138094005e-03 -3.434995594875988678e-04 -2.263502349277401408e-03 8.077310980310622264e-04 -1.525911462730512695e-02 8.695830324706254168e-04 -1.048694156841556771e-02 4.708100270562051715e-03 -5.683034993845916157e-03 -1.784432017858036089e-03 -3.496312849371808681e-03 -6.314335518397919990e-03 -1.152664833764775829e-03 1.320000797976966398e-03 -3.280870437458116248e-04 3.940833037249485103e-03 -6.693624453527810374e-03 2.107261664508550212e-03 -1.051080992883644295e-02 2.836603645990376250e-03 1.637421433188228359e-03 -2.309943240327342294e-03 -7.766484422664511611e-03 2.352500737476847376e-03 -4.323996545483783233e-03 2.251905476578232399e-03 1.238334942301176460e-02 2.379407544556097368e-04 1.504081249649900302e-04 4.314520683106254362e-03 -1.363424464491261832e-02 7.282912438664078912e-03 2.734894685434903494e-02 -4.560236078938398200e-04 -3.891435011500982144e-02 -7.239336472545265799e-03 -2.556739990656958436e-02 -8.940302774688234366e-03 3.540950689790978156e-02 -1.957085291362432346e-03
0.000000000000000000e+00 0.000000000000000000e+00 0.000000000000000000e+00 0.000000000000000000e+00 0.000000000000000000e+00 0.000000000000000000e+00 -7.842535287171711195e-04 3.878199308790167624e-03 -2.181033897709781701e-03 8.347063691589236452e-04 2.684020163602426814e-03 2.286436496995357393e-03 3.040082924238348555e-03 4.304282734071934735e-03 3.197788482673591219e-03 1.367472593854521549e-03 -1.662112379918694038e-03 2.666405306467140718e-02 8.882464360252963209e-02 -2.368989009226252218e-02 7.836531922804070016e-02 -2.584617611243361646e-02 1.418776631801102750e-01 -2.382782723323383783e-02 -9.561895591916602655e-02 -2.384442466344101341e-02 -7.527684950747630995e-04 2.345965710990560900e-03 -2.005435144785899272e-03 2.306146023423408416e-03 6.655395365090778503e-03 2.751987827368663174e-03 2.062601319659381708e-03 -1.233989329810608842e-04 -2.954345518186784971e-04 3.270836388322994476e-03 -1.091469427602654967e-03 5.166551058844100729e-03 -4.007251951398276002e-03 -6.580958393206937096e-04 -2.344085143546012842e-03 -2.314514079978485794e-03 1.336607256112346681e-03 -9.715526461708465233e-04 -9.607164895485445846e-03 2.538421705839365595e-03 0.000000000000000000e+00 0.000000000000000000e+00 1.085659856802838677e-02 2.054455077320355497e-02 9.766230707890802276e-03 5.685353637175282783e-03 2.940357972538965373e-02 2.167771599582558884e-02 1.866791657009983160e-02 3.911091551951627332e-02 5.825199306509933408e-03 3.069035839790395723e-02 1.002382173781405511e-02 6.059374892367840396e-03 4.793581149445073387e-03 1.994147001980004774e-01 8.512824361454686059e-03 -6.769405684167467685e-02 3.981504595190403506e-02 -1.182937358966884567e-01 7.526021795955246951e-03 2.670287644574371663e-02 -7.039142715308295203e-03 -2.592172365173681103e-02 -1.750688693372564036e-03 -4.135930758603165321e-04 -2.202865317089076382e-03 1.699908279083795493e-01 1.082302651396219867e-01 -4.989639725867113518e-02 1.345057539769670130e-01 -9.788306060263439468e-02 3.799253790911437390e-02 1.253631093337924038e-02 1.191587826011536759e-03 2.684450235530156693e-03 -1.890779159075930971e-02 6.099902217084027245e-02 4.875309688545486492e-02 -3.888677202528168647e-02 -7.809912163366607152e-02 -1.635890104879341236e-02 1.144212464930176032e-01 -2.569876560492924053e-02 8.470702649091024772e-02 -1.453360790163500671e-02 1.200916024598407995e-02 -4.678100940677761520e-03 -6.311713143744175636e-02 2.430819534201264162e-02 3.689544700899451135e-02 2.620519390061601048e-02 -3.729289099261674095e-02 -7.231336066540371837e-03 -1.574146144478819759e-02 -2.239247883264183780e-02 -1.639073366303076332e-02 7.470931991399922326e-03 -6.447076911577470995e-03 2.050907013279240979e-02 1.446438704510022606e-02 3.233425833108539982e-02 -4.010426631442261247e-02 -3.587578108829629457e-03 8.522229045817345666e-03 -9.614228967039043297e-03 -3.193950403214927680e-02 -2.893436106997783128e-02 -2.037909419088871840e-02 4.834218482095705739e-03 -1.430635598322554936e-02 1.912605521377812659e-02 -1.513494154148359479e-02 5.823931960983007999e-02 2.882165088766674987e-02 2.755505353442844196e-02 -1.179800116776640317e-01 3.853041218000593029e-03 5.374750041489560065e-02 -1.371995315915288532e-02 4.616907367905132703e-02 -9.725313428303039923e-03 -1.229697485437876020e-01 6.597874858373740242e-03
0.000000000000000000e+00 0.000000000000000000e+00 0.000000000000000000e+00 0.000000000000000000e+00 0.000000000000000000e+00 0.000000000000000000e+00 -3.349433359822817993e-04 1.284506822604315540e-03 -4.650750279966588260e-05 -6.087833665408418429e-04 2.168134006783015068e-03 -5.860231812395077459e-04 2.023633173623381781e-04 3.588744863166334030e-03 1.281173216415583188e-03 -4.988200866297846968e-04 -4.475778656228756799e-04 -6.556956089025222159e-03 1.395936811030003277e-02 6.348229293617181287e-03 2.484422959504568873e-02 4.198275457418078685e-03 2.816988748764782946e-02 7.451291243132060135e-03 -2.303402573446623747e-02 8.730663495007401007e-03 -7.515875349680843295e-05 -5.340422706067644073e-04 -6.017436473482858312e-04 2.198293724345582248e-03 3.794896160865865193e-03 -4.425387102767429359e-04 -2.635893072706957038e-04 2.798048044599928813e-03 -1.208672285233063342e-03 1.423417354937663850e-03 -1.599297351120904011e-03 -1.123749752223760986e-04 3.609183790426647928e-03 -8.059015227459016134e-04 4.086041342627881254e-03 1.232647728209967930e-03 5.807316944106011986e-03 4.367158148796740011e-04 1.049617995102651406e-03 1.427620014571289375e-03 0.000000000000000000e+00 0.000000000000000000e+00 9.012743787747244315e-03 6.479518480179503014e-03 -5.319929323787073693e-03 -6.439846481858284115e-03 1.272739992796692587e-02 3.550309043344822280e-03 7.540374869131605522e-04 1.457385478899070200e-03 5.145977265936487605e-03 -1.880417862735127635e-02 1.701122922543404914e-02 5.510376412106186622e-04 1.017473660916527051e-02 8.512824361457503250e-03 8.021903977545324915e-02 -7.556760718310878699e-03 -1.460669727996363049e-02 -8.722622292041411207e-03 -3.470345266421182972e-03 6.684480127274755427e-03 8.662788951437449050e-03 -1.294952669198766275e-02 1.764561943865528004e-02 8.301591995612794123e-03 -4.685202497024610127e-03 1.079119607532517608e-02 5.692411558312873016e-02 -6.408508871114033598e-03 -5.992838729696480654e-03 -1.047119061742286111e-02 1.566625915448240092e-02 -2.074309773517383430e-04 -4.459204307962779225e-04 3.833782066870706877e-03 -3.373135438210341907e-03 9.590766772376508806e-03 -1.594571495059809909e-03 -1.238874439117988550e-02 -5.056363971234004162e-03 -1.304809392892678985e-02 4.913962537649678268e-03 -1.935014618600333636e-02 2.929042372168149527e-02 -1.649475523036184055e-02 -3.032020670694784178e-04 -1.163872573598969361e-02 8.888598836039972653e-03 3.923265826334268805e-03 8.786261771206537938e-03 1.926345978352245669e-03 -8.187663001035206615e-04 -1.823549674309248676e-03 -9.274432076358253259e-04 -4.547261046480326890e-03 -2.288051388209789982e-03 -1.712280471440930443e-02 1.270177458614011451e-04 -1.203094773225693755e-02 -2.412067143296763505e-04 -9.171704119725858709e-03 6.582590263057318258e-03 1.083760141451703060e-02 -1.419969670611185078e-02 8.110619263904906076e-03 1.643441766399703768e-02 7.752067942057459457e-03 1.974419644703710036e-02 4.817239665612678759e-03 -4.951259923673108007e-03 -1.982288826335495274e-03 2.835339029755781261e-03 3.082638751881971312e-02 -8.123508869458548332e-03 -1.310478834192791136e-03 2.970577604507277508e-02 4.255667777607654786e-03 -6.313875022336529197e-02 5.096631024014457861e-03 -3.616552809132366625e-02 -7.156250804438861295e-03 3.507837708433748924e-02 6.069140293215778692e-03
0.000000000000000000e+00 0.000000000000000000e+00 0.000000000000000000e+00 0.000000000000000000e+00 0.000000000000000000e+00 0.000000000000000000e+00 6.145562307425191020e-04 -6.216678397729871611e-04 2.074517171243434044e-03 1.011505732576898665e-03 -8.126786755819254832e-03 -1.892614612019702261e-04 -4.665231927115621839e-03 -1.911334120627007074e-03 -3.464173970706965842e-03 3.520965336356593001e-04 1.378461663222497850e-03 2.191572776238400518e-03 -6.593178260261664536e-02 -1.639592216268034343e-03 -8.027488510121807974e-02 1.561741305362958181e-03 -1.051035503089854384e-01 -2.799769475863015354e-03 7.366720477164206970e-02 -4.216651584115035066e-03 3.172833491081676963e-03 -1.459605130146645680e-04 3.532111930779114478e-03 -1.537384218457582899e-03 -1.170285630235791755e-02 -2.579233783517278404e-04 -2.725838472950956135e-03 1.598705046118893171e-03 1.508573038679449215e-03 -3.706059062072145430e-03 5.924918883948499838e-03 -1.764747255095160377e-03 -2.332626946284579311e-03 1.281522125452963339e-03 -2.076884006170308383e-02 -2.104923050999059006e-04 -2.787026126850115221e-02 -8.527062890248049074e-04 1.538891228417246446e-02 -5.513684643788157799e-03 0.000000000000000000e+00 0.000000000000000000e+00 -1.048724672492180876e-03 -1.037250858909305852e-03 4.836939293159869813e-03 1.164910315827214458e-02 5.666804780799835489e-04 3.854660266515284872e-03 -3.911116715288612267e-03 -1.235664220993853025e-03 -9.600977505810627879e-03 -8.339307919743929251e-03 1.116512876033589133e-02 1.702685169560909026e-02 -3.562906156298613174e-03 -6.769405684166886206e-02 -7.556760718321272295e-03 7.825631009290390239e-02 -8.591945068450229997e-03 2.442163312739922126e-02 1.831878115607287957e-03 2.673056174328948889e-03 1.137446686101864328e-02 1.796270894629175066e-02 -2.492026972097230106e-02 4.658963559549707256e-03 4.230477748954661159e-03 -7.106804546167221071e-02 -6.759503075275546946e-02 5.643789124863312495e-02 -5.775394171555200962e-02 3.611291857780957182e-02 1.299600103579321569e-02 6.401617937976610516e-03 -2.752013193190359745e-03 -9.115821797108795066e-04 1.422779286648145729e-02 -7.461979268580289613e-03 -2.753870886014237948e-02 1.204211707400803036e-02 3.630188684807939686e-02 8.688794697038810036e-03 -5.873835995277491839e-02 6.032545850077009920e-03 -4.644402731884177127e-02 -1.649292506761614562e-03 6.698507365203824079e-05 2.032516794678635927e-02 1.674236182986101051e-02 -2.186557398465611632e-03 -5.383229184539536222e-03 8.494201709023473448e-03 1.151432621292411591e-02 3.446657037020529977e-03 8.115324271132715386e-03 9.293097308472345053e-03 5.298050423104949842e-03 1.090102485203777415e-02 1.862147029516934664e-03 1.578269508628105111e-02 1.957396822161398126e-03 1.565725591140033901e-02 4.337585544898781183e-03 -5.759464445675971551e-03 -5.295137539892242132e-03 -5.263675420933558620e-03 2.923462835269008409e-03 6.097167986055194652e-03 6.654696113013918411e-03 -2.069321579048090561e-03 -2.672836904004760854e-03 1.269457001832062851e-02 -9.979002844454907314e-04 -4.382290624111926519e-02 7.345025022003523821e-03 -1.219163109773685472e-02 -7.903830617829590149e-03 1.609958724234249530e-02 4.693219975160189961e-02 1.387280398354831003e-02 2.571123770675008691e-02 2.444332878926821356e-02 -3.799543092921954263e-03 1.997260849555458281e-02
0.000000000000000000e+00 0.000000000000000000e+00 0.000000000000000000e+00 0.000000000000000000e+00 0.000000000000000000e+00 0.000000000000000000e+00 -2.554800350418265451e-03 2.684340628542882141e-03 -4.145890204029704755e-03 6.343573649011811227e-03 1.727853696190329719e-02 5.295902583789264227e-03 2.559771338106529934e-03 -3.604947177487168031e-03 9.883470182912522037e-03 5.007441645639086961e-03 -6.923914990912586557e-04 1.339112081928888788e-02 3.966118113666931844e-02 -8.487420397922818688e-03 4.040061336076512799e-02 -6.258450097955472330e-03 1.426026517856651687e-01 -1.210319109657801567e-02 -5.604550386681485252e-02 -1.153418795672723172e-02 -7.970924648772876459e-03 5.191611991315988987e-03 -1.439843080791073380e-03 -3.860641656391625241e-03 1.528011006040697929e-02 6.070523084410160697e-03 1.579385170019862545e-03 -6.986004019170932722e-03 4.585639142611721338e-04 3.818368270277064554e-03 -5.034091644572660958e-03 1.167714585539410439e-02 8.561708202448470653e-03 7.019005037989416770e-04 9.633651286268207076e-03 -1.105251396249046572e-02 1.690460146045183118e-02 -9.280269332633105800e-03 -1.332567028566040111e-02 -7.628685646171452783e-03 0.000000000000000000e+00 0.000000000000000000e+00 -1.284717553344705450e-02 -3.455495855138545746e-03 4.191180018282244374e-02 2.073828907802422947e-02 7.311706839849599349e-02 1.061209468919323967e-02 3.784669505537368531e-03 -2.952409597244586275e-03 1.909731110041431278e-03 2.377271029612764569e-02 5.684046407917362626e-02 -4.771400377912622497e-03 3.610068652200231626e-02 3.981504595190293871e-02 -1.460669727998587832e-02 -8.591945068463873597e-03 4.615928615287769321e-01 -1.891376127753974928e-02 1.360374749121858774e-02 5.770124412762849681e-03 1.441627062265910669e-02 -1.094332518455096506e-02 -1.530548391807692171e-02 3.342033235544023678e-02 -2.042361819595957251e-02 2.907690941704523663e-02 3.789401544496381891e-02 1.184567802157279227e-02 -3.548852115012491870e-01 -1.186642471126232203e-02 1.055562405518777058e-01 3.926687958007199497e-03 7.940602125356884542e-04 -2.462795871192818235e-03 8.688823262754824875e-03 8.991086533475290982e-04 8.533089546127487629e-03 1.779017180650379476e-02 -2.281856325872932967e-02 1.808113933162914036e-02 5.073357251971239573e-02 1.178175521483283000e-02 2.537107611509471089e-02 2.271340993780365108e-02 2.139799051466630478e-02 -2.785144521618484331e-02 -6.381916227112151285e-02 4.282641826953436509e-02 7.128149010845925837e-02 1.804116451655607758e-02 -4.277569914606874774e-02 -5.187918801216745424e-03 -2.754123839852295683e-02 -1.346588417828426150e-02 -1.337543757017560855e-02 -2.186947141676001075e-03 3.961335803276763321e-04 3.833217112045445019e-02 5.888445855436694881e-02 1.950102608584465547e-02 -1.280504879791106165e-01 3.231612415170627504e-03 6.049064768558509025e-02 -2.300539636005128480e-02 -9.241131314775052896e-02 6.776759475408374381e-03 -6.228189944337125111e-02 4.815861366148168482e-03 -4.031341103071224563e-02 2.231690796902176949e-02 -1.087426772614085227e-02 -2.875460657514748719e-02 6.103859114338797132e-02 -5.429508025121868552e-03 -2.192858673933726077e-01 3.847928015925389245e-02 1.811471133012144408e-01 -1.360179391584464235e-02 1.096987126439631505e-01 1.590575686399264355e-03 -1.560557655074414629e-01 4.074427772631720318e-02
0.000000000000000000e+00 0.000000000000000000e+00 0.000000000000000000e+00 0.000000000000000000e+00 0.000000000000000000e+00 0.000000000000000000e+00 1.411463245585630561e-03 -9.690532276169521895e-04 3.176491081187145585e-03 2.764921142766339811e-04 -1.075479608092294419e-02 -1.236184719171466717e-03 -3.699615394749223608e-03 -2.898337051187797886e-03 -5.515573964971977501e-03 -6.846210995506464298e-04 9.555618568268766560e-04 -1.926787791097570382e-02 -6.345955073944445357e-02 1.886101915778821275e-02 -5.391700395847885685e-02 1.981165124841514566e-02 -9.739319851407673978e-02 1.812362282635343255e-02 5.946081118212150074e-02 1.705629497289708890e-02 4.310399503865579816e-03 -1.093583987982033393e-03 2.436489429636491330e-03 -1.947835252027973986e-03 -1.320782378256595349e-02 -1.544263545301752900e-03 -2.524049112834839993e-03 7.816096028512198486e-04 1.341457021914351302e-03 -3.015286188863508000e-03 3.172334205191220530e-03 -3.033998225930622291e-03 2.600480202669458972e-03 -1.809978407511978219e-03 -6.487434034595510740e-03 1.157782114431005899e-03 -9.330820822673752124e-03 5.597683669278071331e-05 9.159728648545726465e-03 -4.361731277968262759e-03 0.000000000000000000e+00 0.000000000000000000e+00 -1.229580807065360805e-02 -1.691550131409666783e-03 -9.256591043850251332e-03 2.847369516215525823e-02 -2.907826091356946474e-02 1.979538679413993599e-02 -1.129479572879344210e-02 -4.424714884495131034e-02 -1.280224996477724283e-03 -3.469025148207068032e-02 7.771182881360264895e-03 2.391833543630029688e-02 -2.657523871891533974e-03 -1.182937358966905939e-01 -8.722622292031403587e-03 2.442163312740141395e-02 -1.891376127753687311e-02 1.280621967329983735e-01 -8.664310658997998252e-03 3.282151020945964226e-02 1.197118066535477615e-02 9.304003578409996908e-03 7.072568305173746947e-03 -1.603144752270345766e-02 -1.496255308050755631e-03 -7.623940501871975806e-02 -7.769350025289556427e-02 2.227965060387259236e-02 -1.411032304757174616e-01 7.700945876414286295e-02 -2.075922390984895338e-02 1.965501611096804463e-02 -1.983523013808833040e-03 -1.031510435760739147e-03 9.682761801665600021e-03 -1.409151166737423501e-02 -2.796286476480244060e-02 3.685264422799496703e-02 5.391204641303184997e-02 1.542312451908516534e-02 -7.488115130611304460e-02 2.705136737006106490e-02 -5.342317056561357580e-02 1.735845950752701664e-02 -5.092044605454992129e-03 1.700630139427877427e-02 2.350421397799811254e-02 1.126648401196158602e-03 -1.999222726655407525e-02 1.673451304943697482e-02 1.397541706073500596e-02 -4.680527434229119865e-04 -2.747963958046576610e-04 1.146289665573507754e-02 4.217468814551510702e-03 -6.018455682874542315e-03 2.614571131747975806e-03 -1.865616322327889876e-02 -9.374185468122898240e-03 1.545598585593285605e-02 1.860303360825214455e-02 -7.270923470890745983e-03 1.934535143354913257e-03 -1.278613503247983535e-02 6.549174699803815211e-04 2.322221773693306998e-02 2.286531040622979440e-03 -1.131324634436503898e-02 1.189899472318277883e-02 1.923706991573778322e-02 7.785289185623289233e-03 -5.613560571677390226e-02 -1.657019477696251505e-02 1.257470491906131395e-02 6.475508951395284041e-02 3.688080357038951186e-03 -2.057601488706220852e-02 8.429415596710012129e-03 -1.400261043074004473e-02 1.107034598022190765e-02 5.363622305993375611e-02 -8.816514194078684669e-03
0.000000000000000000e+00 0.000000000000000000e+00 0.000000000000000000e+00 0.000000000000000000e+00 0.000000000000000000e+00 0.000000000000000000e+00 -1.031337776796847992e-03 2.549136338205882485e-04 -2.648892969404870960e-03 -3.320162105722983411e-04 8.621670147095635700e-03 1.570350893719585838e-03 4.742125968845227815e-03 1.237714944127264001e-03 3.815551859788079633e-03 8.266187384387217296e-04 -1.791628888521641649e-03 1.336424169629582548e-02 8.668291388104529260e-02 -1.375661255824763181e-02 9.185898132377358360e-02 -1.492277433287490969e-02 1.525499838614029213e-01 -1.358502056468355312e-02 -9.582857694773203039e-02 -1.226438301081040141e-02 -3.312846353278392150e-03 1.425053320172771669e-03 -3.852106802884715849e-03 -7.679045019121983522e-05 1.146055207086595952e-02 1.528085233822699257e-03 3.253415738081795721e-03 -1.801629380149186339e-03 -5.377617482914049578e-04 2.357559158434239209e-03 -5.704587221925144606e-03 2.240620789466771495e-03 6.775668298563614685e-04 2.249500546148334654e-03 1.976857605574742355e-02 -1.706640351902022215e-03 2.727642736223468214e-02 4.004334957729380629e-04 -1.642447527107894836e-02 3.586918402154009016e-03 0.000000000000000000e+00 0.000000000000000000e+00 2.301652587972955865e-03 -1.078048762520138378e-02 2.503203149785397652e-02 2.097255875691530699e-03 3.784300793673606861e-02 -8.283171159123503199e-03 3.785278994183705840e-03 9.614074428354652327e-03 -2.360784157880289457e-03 4.098260350911112938e-03 2.607364521977758795e-02 -7.530941682349147001e-03 -5.188077681953071410e-03 7.526021795954098564e-03 -3.470345266426313850e-03 1.831878115613019050e-03 1.360374749124907898e-02 -8.664310658993564299e-03 1.805790749569349818e-02 -6.914607862730113609e-03 -1.365057085243359669e-02 2.622599292175947262e-03 -4.246912366262985128e-02 2.420587271815545201e-04 4.043050398157889760e-03 8.251881152693612068e-03 4.682097905760837942e-04 4.963865853775934964e-03 1.182681836839332302e-03 -1.259304675263970760e-02 5.368039511765952676e-02 -8.348328444901940287e-03 3.301373028040031476e-03 -1.454118132857284431e-04 7.191763282062477863e-03 -1.699172619638349840e-03 4.708481625609274926e-03 -3.182340628559104587e-03 -1.249014306173506887e-02 4.708137754723343976e-03 1.481404579436789749e-02 -4.963083665990480941e-04 7.807059551643394033e-03 9.802864146730135095e-04 6.980591110019049826e-03 -5.641929801219450549e-03 -1.865278027126641861e-04 4.788003341643856312e-03 2.912030059856471342e-02 -3.887787068522435743e-03 -9.200985884652597771e-03 3.240492724126105197e-03 -3.182684402658550894e-03 1.467772639127714294e-03 -5.681377142544664915e-03 3.023950202560549572e-03 -9.862586820880440888e-04 9.135461554051834895e-03 1.981230180636138483e-02 -5.857854068834505599e-05 -1.983254798151689105e-02 -4.045507900205722301e-04 1.191880175987929807e-02 9.558096073957853163e-04 -1.416553020788985373e-02 -7.199742067256789842e-03 -1.005306410881660895e-02 1.199313861065457571e-05 -2.253264311660298225e-02 -6.433202201094296658e-04 -5.038675996239380325e-03 2.519559284936762544e-04 3.178301073721891135e-02 -2.351298271828442324e-02 -8.486176825576556559e-02 1.750907447213224249e-02 9.247519741361237555e-02 1.632005347686500685e-02 6.600049165983054578e-02 2.007234463481854039e-02 -8.527742530316716196e-02 2.018206636443621582e-02
0.000000000000000000e+00 0.000000000000000000e+00 0.000000000000000000e+00 0.000000000000000000e+00 0.000000000000000000e+00 0.000000000000000000e+00 1.556768872866530614e-03 9.038743717277187423e-04 3.758931696243261473e-03 9.855743778072166301e-04 -1.526692858448483806e-02 -1.343406775674909617e-03 -7.334957716283790549e-03 1.985844363970950231e-03 -5.480207950648381156e-03 -1.077220016794130800e-03 1.280471094268620944e-03 -6.767066601135568807e-03 -6.395403925724887917e-02 9.396343635833210445e-03 -8.150418442896975590e-02 8.388623555430916104e-03 -1.033831192479290478e-01 7.403848965591887030e-03 6.972429374154121007e-02 5.875962159887984995e-03 7.406287023186979360e-03 -9.163206234093128691e-04 4.627821895598710489e-03 1.205981413449669967e-03 -1.634580154842383073e-02 -1.309971535815564929e-03 -4.858654948759838499e-03 6.891288343273236847e-03 2.080366277311985600e-03 -5.104624586069155326e-03 6.362875390342206949e-03 -1.466851062393177349e-03 2.505330861263018859e-03 -2.064189107826054637e-04 -2.148458645452989979e-02 8.797714958662054135e-04 -2.824689908786860715e-02 -2.113794454889464207e-03 1.741663545262530852e-02 -5.910650191536579064e-03 0.000000000000000000e+00 0.000000000000000000e+00 -9.245115908885069567e-03 2.152871933648319719e-02 -8.430941250688125596e-03 5.052675382959698897e-02 -1.658775906604190165e-02 5.159768390992937326e-02 -1.852175066548246039e-03 -2.365320591399520944e-02 -2.978958433090404118e-03 -2.797333335945826130e-02 1.974990746081594500e-02 5.318160355828728536e-02 3.136754548601741136e-03 2.670287644574105557e-02 6.684480127280297002e-03 2.673056174318790782e-03 5.770124412750818506e-03 3.282151020946580400e-02 -6.914607862736996992e-03 1.245356783653032845e-01 1.334404931092579918e-02 -4.707067461370039591e-02 -2.096362927123779710e-03 -3.486391917710723876e-02 -3.187620911233837902e-03 3.249077190318356428e-02 -1.216358377376608761e-03 -1.001859596536702540e-03 -3.569383715765835074e-02 2.764518112408636055e-02 6.480480400580395511e-03 4.570169291546471307e-02 -4.988401670007894598e-03 4.099507717066848238e-03 -4.815440250810010606e-03 3.969385874620694199e-02 5.241234545230534329e-03 1.286126642303162503e-02 7.420357915304635725e-03 9.229490266350682745e-03 -1.342655690088670646e-02 6.302933660547552566e-03 1.653503978040370441e-03 1.270268068499610242e-02 4.319814621808887312e-03 2.978455339407614505e-02 -2.782628486430678907e-02 2.454651380276791015e-02 4.881498090820725680e-03 5.991061088238505694e-02 -1.168252626915049219e-02 -1.394906010501399327e-02 -1.695067755460110542e-02 -1.000713653592551211e-02 -1.234428301240128589e-02 9.366186313709745984e-03 -2.846942491568174929e-03 3.232091500744508662e-03 7.228601949415994037e-03 6.799859129062828245e-02 -3.088092328629244571e-02 -2.335386170651861104e-02 2.184324009688888568e-02 -3.861977476158336142e-02 -4.731498404142470832e-02 2.598277793743972858e-03 -4.542544589181654602e-02 -1.620786441265360464e-02 5.785367648730222780e-03 5.274888411504410901e-02 -1.431745832725808557e-03 -3.546249258968599272e-02 -1.062738833338674679e-05 3.763001477053312671e-02 1.682196561050450234e-02 1.761085067693891545e-02 6.769809623434550408e-03 1.017980252275570846e-02 7.330952452814283420e-03 2.315968851108618498e-02 -1.488248710962999065e-02 7.360829795170827777e-03
0.000000000000000000e+00 0.000000000000000000e+00 0.000000000000000000e+00 0.000000000000000000e+00 0.000000000000000000e+00 0.000000000000000000e+00 -5.101603755663159561e-04 -3.517176512175449084e-03 -1.567582059730503186e-03 -1.330171413628815228e-03 7.737395467211936016e-03 -1.256069901534334881e-03 4.626128345523525259e-05 -7.430097582797354303e-04 2.630164069480961722e-03 -1.265515822640741377e-03 -8.049502444428872873e-04 1.970093325834931103e-03 4.651040479885866497e-02 -5.350681468353981826e-03 4.153840278591934554e-02 -2.226951602032449951e-03 5.822175561128667409e-02 -4.211129680532580029e-03 -5.539527326269156476e-02 -5.525178014546531895e-03 -2.979433015873006116e-03 -1.198316589318288881e-03 4.485323622287266899e-05 -1.213193237555459025e-03 7.332673830594460887e-03 -1.410988700769783303e-03 -3.801800656042618053e-06 -1.282189650614294629e-04 6.291064837863706821e-05 -1.439242220009212102e-03 -3.953559931427875302e-04 -4.237719603716544672e-03 -4.292257824309232694e-03 1.758827882935434100e-03 -2.037735313186633465e-03 2.938387711571757016e-03 -9.252133888860156544e-04 2.506615984005018324e-03 -2.862065869537405629e-03 -2.268054275808766701e-03 0.000000000000000000e+00 0.000000000000000000e+00 -2.786172817327320361e-03 4.319502296741070321e-03 8.632363931724602521e-03 1.214002468281923444e-02 1.808836073900680491e-02 1.477525399563242754e-02 1.910304781116400116e-03 -1.129755158267043216e-02 2.981822290600960688e-03 -1.070579281581165651e-02 2.945212817820776555e-02 1.157276317953578708e-02 -1.677070858746379685e-03 -7.039142715303382467e-03 8.662788951435546059e-03 1.137446686102425684e-02 1.441627062265126227e-02 1.197118066534223930e-02 -1.365057085242767435e-02 1.334404931090682131e-02 6.356146503352656796e-02 -2.926755922872593951e-03 1.697070326876340754e-02 6.399714097522423220e-03 -3.116185205690188373e-05 -7.221862515556818490e-03 -6.138367954506248822e-03 1.261621028709373690e-02 -6.060179113550674679e-02 8.661826885746697416e-03 3.428156237073153728e-02 6.222076782841865113e-03 4.430513187568016313e-04 -4.236230934075632388e-04 1.412244660401031386e-03 6.968764460999045916e-03 1.466309910540632968e-03 2.693504146867299782e-03 -8.868310533795716304e-04 -9.251305352057734993e-03 -8.819658881301706060e-04 -9.411983119369145279e-03 7.871647594210010035e-03 -7.026458366519943918e-03 3.194579517964159210e-04 -2.776164578702322843e-03 2.128249769146884490e-02 9.051713772013476877e-03 7.138228563188934658e-03 2.523446267639904966e-03 7.040621999909229579e-03 9.480585306540288790e-05 9.584278304887878510e-04 1.068965627675622608e-02 9.967418907431056102e-03 -6.263142957087012262e-03 -1.668217958181671644e-03 -1.425001967409948896e-02 8.282964051534499189e-03 -2.497094035818854443e-03 -8.281728161485866699e-03 7.540787999806964834e-03 5.350246615817778190e-03 6.020913988764014374e-03 1.653086465960927967e-02 3.367974509052239912e-02 -9.544283677863765747e-03 5.386095730752643758e-03 -8.419394961179809539e-03 1.012389559201250060e-02 -1.342618981500162461e-03 -2.157788438797868941e-02 6.238849631455390017e-03 6.386202646969729203e-03 -2.403503130675685093e-02 7.018859241886448060e-03 1.362997221137520615e-02 -4.265548761171803187e-04 1.111891339707105249e-02 -4.665810154964957802e-03 -1.722679184168518854e-02 9.804849841149234496e-03
0.000000000000000000e+00 0.000000000000000000e+00 0.000000000000000000e+00 0.000000000000000000e+00 0.000000000000000000e+00 0.000000000000000000e+00 1.128368596850881037e-03 1.238781940867195782e-03 2.114463637979529468e-03 1.521714405345802679e-03 -8.630868775061389941e-03 6.808178304996649263e-04 -1.688281111066702520e-03 -1.421938475906107686e-03 -3.591213046862084743e-03 9.434120954440525361e-04 2.119159964562457700e-04 1.503979722709305068e-03 -2.502671155840211631e-02 -2.273311515641951528e-03 -1.507727273001507884e-02 7.658106562000795321e-04 -3.696850167652697416e-02 -1.439304047127764122e-03 1.465382795438313623e-02 -1.090436040003398780e-03 3.014351993621846876e-03 5.635254651017065474e-04 1.464196876940806287e-03 -9.902291210179161966e-04 -1.002749159664111447e-02 6.459257034859950362e-04 -1.062600305565041285e-03 -2.074102666200417671e-04 3.417290411075168933e-04 -3.501463637596751236e-04 5.023425395613477507e-03 8.127408751170727211e-04 -8.153419798912967323e-03 -5.263498592132334619e-03 -1.646853564029050407e-02 -4.777107318846977087e-04 -2.262323766004812123e-02 -1.438546663289481248e-03 1.376503701395065393e-02 -5.494787440040197098e-03 0.000000000000000000e+00 0.000000000000000000e+00 1.723303828599253781e-02 -1.151143416073386640e-02 -2.319000788697744581e-03 -4.400575384008884039e-03 1.073985761220745509e-02 -7.149759618600960709e-03 -2.526398140328945524e-03 3.376487843424891191e-03 -2.915607557106373367e-03 -3.080816117550917461e-03 7.766489456610644812e-03 -3.076736497789936062e-03 -7.210286337627467429e-03 -2.592172365172724924e-02 -1.294952669199975724e-02 1.796270894629128922e-02 -1.094332518451956310e-02 9.304003578405035599e-03 2.622599292173729852e-03 -4.707067461369272843e-02 -2.926755922878572676e-03 6.213866439109633905e-02 -8.867902222885892458e-03 -1.636363573203399946e-03 7.271990071623241937e-03 -3.381764047520433025e-02 -5.004278096288385103e-02 2.002613100572402452e-02 -4.126987011637516835e-03 1.505432120622764505e-02 1.460662066840962871e-02 -4.398195728844234674e-03 -1.107163744263966413e-03 -8.907628032539756163e-04 1.291947506034533261e-02 -1.688242209146880932e-02 -1.415126890897429324e-02 1.398821887304017332e-02 2.029875962722892113e-02 7.467046320689244877e-03 -2.280186320828464161e-02 1.286856726809436531e-02 -3.191256615185956297e-02 2.192262327998086534e-03 7.746010517725333963e-04 1.129846853703349654e-02 1.536142306946991498e-02 -1.421522155590733763e-02 -4.166189358999630200e-03 -1.309508387722415658e-02 1.398937421532451229e-02 9.649445177077168451e-03 1.477329931639637280e-02 1.261626498365964189e-02 8.792364906159843771e-03 -1.622265311284926343e-03 1.463481411746694449e-03 2.565639491180520936e-03 -5.111208260791462975e-03 -7.665874992307341804e-03 3.168582398826606111e-02 4.442459851694639241e-04 -2.913555921327973947e-02 1.385795879017638621e-02 3.350546823373661692e-02 -1.266088150184976717e-02 3.588724830598342963e-02 2.296906438195099164e-03 -5.064920020030542862e-03 -3.169818481196538373e-03 2.517481426280387090e-03 -1.114823456901174216e-02 1.280784895302322169e-03 1.202553049663174223e-02 7.169884586861369896e-03 -2.192406255683565855e-02 -1.176752897607841533e-02 -1.577644792228138221e-02 5.811208678175740390e-03 -1.175660626117891461e-02 1.088274067708203119e-02 -2.282496143485115980e-02
0.000000000000000000e+00 0.000000000000000000e+00 0.000000000000000000e+00 0.000000000000000000e+00 0.000000000000000000e+00 0.000000000000000000e+00 1.063561403182925391e-03 1.018330788674306001e-03 4.802044148002932063e-03 1.178743881272015107e-04 -1.026374084088860911e-02 -4.742129194501780443e-03 -7.274501756397354531e-03 5.314973200389172883e-03 -4.944264845195681969e-03 -3.205824743437313794e-03 3.062427251625186343e-03 -2.682131820019477420e-02 -1.572272906457561070e-01 3.168948311736052847e-02 -1.464103190626916406e-01 2.466601580959748227e-02 -2.749476835865972690e-01 2.843893494037785796e-02 1.690806717920844693e-01 2.803991543641939227e-02 3.369683422612990663e-03 -3.888051129250683947e-03 5.797767549115724790e-03 6.037412486059883995e-03 -1.403800216422083046e-02 -4.576552051480406967e-03 -5.541799437983404783e-03 9.885915990344201071e-03 -1.059726993571389426e-03 -2.193239801322693569e-03 7.900837851339586465e-03 -7.318844887011515150e-03 7.861300998476093357e-03 -6.773332928999958522e-03 -2.788653153124819040e-02 9.758283155176700890e-03 -3.641301976359460207e-02 3.946874571760301820e-03 2.504454750223474024e-02 3.181920280107981489e-03 0.000000000000000000e+00 0.000000000000000000e+00 1.869860667035194365e-02 1.682474157887968447e-02 -4.717731592001213337e-02 -1.881905514042964134e-02 -3.878668292845423304e-02 8.087311900720381766e-03 -5.793370029595725119e-03 -9.018604931974691374e-03 8.297495901917832303e-03 1.556825951842025213e-02 -4.644998753849795964e-02 1.644211780250647362e-02 9.557553269902268819e-03 -1.750688693330292728e-03 1.764561943865901317e-02 -2.492026972100715859e-02 -1.530548391813185867e-02 7.072568305142981626e-03 -4.246912366263153049e-02 -2.096362927127978608e-03 1.697070326877548122e-02 -8.867902222908070897e-03 2.141641681530891961e-01 -7.906520400061223079e-04 -1.083727855120751420e-02 7.214775477673686724e-03 5.609829481074610213e-02 -3.959254522300072188e-02 -5.738823195144196476e-03 1.437144280961851275e-02 -7.525518307920711636e-02 1.397995799454811693e-02 -5.451042651100085866e-03 7.336769162072652971e-03 -7.580808457075724135e-03 -1.170972609171476789e-02 -7.749520667670978594e-03 1.306455616953836572e-02 2.963821067105686449e-02 8.666289138355666097e-04 -2.563689650158670463e-03 5.608018028617263277e-03 -8.468993938434895077e-03 2.328027713522853957e-03 -1.539291490370751393e-02 -5.733967724886428197e-04 2.948381752681683565e-02 -7.675326645328768398e-03 -4.467266994070585168e-02 8.237395062725456560e-03 2.764209817896835092e-02 -1.126744770809755616e-02 1.284329811475186205e-02 -2.600699917623506847e-03 1.156055849751252279e-02 -2.553992242561223258e-02 5.340783761580024727e-03 -2.857430778985142750e-02 -4.765891579645404469e-02 7.897839197620963245e-03 1.107565832774242004e-01 -1.642380865082280691e-02 -5.030418555217543164e-02 -1.292302217161448233e-02 5.455774008733105945e-02 -1.265615565386688651e-02 9.085206836412600129e-02 -1.599975284212335272e-02 3.302292579664477951e-02 -6.852764799832027770e-03 1.699879442602519192e-02 7.932333251783169059e-02 -5.675963731427093734e-02 3.704571761404062274e-02 1.452570632638684189e-01 -3.545251730742148000e-02 -1.741653662778599732e-01 -1.554056682519522337e-02 -1.410953836156729757e-01 -3.310767734587430344e-02 1.732577432780023630e-01 -3.753552188374128379e-02
0.000000000000000000e+00 0.000000000000000000e+00 0.000000000000000000e+00 0.000000000000000000e+00 0.000000000000000000e+00 0.000000000000000000e+00 -1.191707746962647517e-03 -2.890036622261240055e-04 -1.763381559763841462e-03 4.444880618299585425e-05 8.870495216142105024e-03 8.606757356886224168e-04 2.292333587864784760e-03 -1.720031264163498705e-03 3.807596912061783200e-03 9.742398444981919788e-04 2.972361662978672799e-05 3.378609532355733580e-03 1.031477218421956998e-02 -3.373864369990582732e-03 3.848727142639382648e-03 -1.850139647070551214e-03 1.897854022925315326e-02 -4.155197184164565773e-03 -1.174091197874160136e-03 -3.511641127787590213e-03 -4.407167558622727965e-03 6.213013879876189138e-04 -9.100592932888366396e-04 -7.793172022893695740e-04 7.539064056092904462e-03 1.096877628175436156e-03 1.445588013716527951e-03 -4.283377715235473816e-03 -5.482266237742366554e-04 1.629354468020822577e-03 -2.740063367922076533e-03 1.806255594545056516e-03 2.492782868712663680e-03 2.539427354059050658e-03 7.000447724924719999e-03 -2.326175194602011793e-03 1.180190553565642862e-02 -9.095079022939806792e-04 -7.935532736372813770e-03 2.034836812360518634e-03 0.000000000000000000e+00 0.000000000000000000e+00 -6.937549233192228867e-03 2.764189379728488900e-03 2.652219887932916360e-03 -9.200174855395232276e-03 2.951298747627549481e-03 -3.479478283608640737e-03 7.581671851334831087e-04 6.524302466249375966e-03 3.369565183679559990e-03 1.729871930277374417e-02 -3.076959080773160608e-04 -7.300417443930775838e-03 6.882311494543403955e-03 -4.135930758645260013e-04 8.301591995617836964e-03 4.658963559549579754e-03 3.342033235541238406e-02 -1.603144752270449155e-02 2.420587271810959839e-04 -3.486391917710644772e-02 6.399714097513279493e-03 -1.636363573206573189e-03 -7.906520400050319258e-04 5.087562906065389023e-02 -6.014207849526521758e-03 -6.836726165697544662e-03 2.180085528735661859e-02 1.557018515756668914e-02 -4.131516681197342639e-02 -1.998154863443806634e-02 -4.131690103464641731e-03 -3.410287719813325392e-03 1.217190133782394606e-03 -2.245623358809576645e-03 3.611646914539249058e-04 6.597121814580607022e-03 -6.587091336582118727e-03 -1.081474842443993015e-02 1.474450575232354784e-03 -1.580622115977283609e-02 -4.784354895444290975e-03 -1.353590447479734345e-02 5.092803722586873930e-04 -1.475744563006911592e-02 2.851089587123208026e-04 -3.186438925777479621e-03 -1.196516003124232022e-02 -2.678225760838931577e-03 -7.194256366591457496e-04 -1.905351063997522349e-03 -7.467368454589834361e-04 -2.692297984089214486e-04 6.224202189422219306e-04 -3.665879525490299204e-03 4.356918143034184746e-03 -5.389540867223879470e-03 3.164000874055404589e-03 1.889827078829966599e-03 8.433559696595395710e-04 -6.759534652538604083e-03 -1.057952929637579961e-02 9.219474041174811896e-03 -2.432247545866057445e-03 3.473563406456912223e-03 7.385224523885494143e-03 9.339374028035994646e-03 1.091581421569615823e-02 3.254954081978949244e-03 2.712801489448404477e-03 -1.842148879183544159e-03 -3.046393406130642242e-03 1.986639832380451831e-02 6.765660049803225509e-03 -1.006447005928748709e-02 -4.186864165020403455e-02 8.420549264445551657e-03 1.576412661506330221e-02 -3.229095748423076954e-03 2.707476867724297256e-02 -7.751748137604557234e-03 -1.371891784412444283e-02 1.988106737301601964e-02
0.000000000000000000e+00 0.000000000000000000e+00 0.000000000000000000e+00 0.000000000000000000e+00 0.000000000000000000e+00 0.000000000000000000e+00 1.592852529685385020e-05 -1.340506355324974565e-04 -2.049300897388542375e-04 -1.804853680074137447e-04 -8.146647015269624890e-04 2.259738460902701110e-04 6.563946012768720733e-04 -3.934032276372473910e-04 -4.334085174318523916e-04 -5.778077923616938417e-06 -3.323839066813733781e-04 5.307739350976226934e-03 1.291697156312240219e-02 -5.832505799576059857e-03 1.813088180064391028e-02 -5.327283411804126755e-03 2.193668406388797967e-02 -5.583871412694293469e-03 -1.741429087587732794e-02 -5.142687363301748880e-03 2.287829369440584095e-04 2.244088915211781671e-04 -5.577385779802832141e-04 -4.717468474255689459e-04 7.792894012427218947e-05 1.147058854525761357e-04 4.408093482756288910e-04 -3.586298602207420349e-04 1.062424874059359820e-05 -1.197568212817432388e-04 5.985624405543198243e-05 -2.634554564788425227e-04 -3.111164139884521965e-03 1.603034268839074951e-04 7.146049526849116221e-04 5.407439611812665196e-04 1.023948263907107541e-03 4.979507404131002304e-04 -6.613931850343666551e-04 -2.349641347981791246e-04 0.000000000000000000e+00 0.000000000000000000e+00 5.408312202218147798e-03 -5.884018734941852576e-03 7.105293889462205650e-03 1.173423947558873640e-03 1.299093850067892762e-02 -3.386770559117394195e-03 8.008019205667016088e-04 -6.291043756386566676e-05 -1.987563213837592081e-03 -7.470810781554107710e-04 1.062042363888830894e-02 -4.903038155567180636e-04 -6.822201444840443087e-03 -2.202865317084930826e-03 -4.685202497023963075e-03 4.230477748956610988e-03 -2.042361819592999547e-02 -1.496255308050397845e-03 4.043050398161792021e-03 -3.187620911231037624e-03 -3.116185206099529581e-05 7.271990071625955912e-03 -1.083727855120976934e-02 -6.014207849526801916e-03 7.921680139934862697e-03 -3.029057827277319495e-03 -3.233034367612688115e-02 1.569320106197224325e-03 3.739543348627141078e-02 2.205480303931638218e-03 2.162691396020799753e-02 -2.519229870425915372e-03 6.264281614612605400e-04 -3.944271127584252469e-04 5.563132907880286721e-03 -4.406306890049197129e-03 4.114022573265219639e-04 2.037162354378159543e-03 1.715006363757729272e-03 2.290123195742801553e-03 -2.528055532273179064e-03 1.637735049861265913e-03 -7.312115638483077280e-03 1.296295972947128505e-03 1.693131742012118478e-03 5.672006022987278366e-04 9.693131780740773043e-03 -1.824903329019477143e-03 5.832142111566057836e-03 -3.574053306723079873e-03 5.312838921475755358e-03 1.081115259916802821e-03 3.415716096394380823e-03 3.831668408464044152e-03 1.041442386254161096e-03 5.939820000567559840e-04 1.037958196004783217e-03 -1.580029227768312179e-03 4.353327659918062621e-03 -1.326221409782402496e-03 7.648065225111608939e-03 -2.490134162436211801e-03 -2.239476559231079206e-03 1.344781557950142439e-03 5.377287299703196848e-03 -3.388660084444055851e-03 3.517976781953436813e-03 -1.699479242005839897e-03 -8.240666872010882563e-03 -3.907378961595190932e-04 -1.614209709728680361e-05 -7.078567670181153647e-03 8.949908502689264689e-03 -3.781194860185034187e-03 -1.500110980531992738e-02 -1.559591412549234070e-03 2.693565791265727788e-02 2.332786151936609449e-03 1.609761735888644296e-02 6.537190694800764680e-03 -2.333199182714532083e-02 -5.981961792626144673e-04
0.000000000000000000e+00 0.000000000000000000e+00 0.000000000000000000e+00 0.000000000000000000e+00 0.000000000000000000e+00 0.000000000000000000e+00 -1.169812030368371121e-03 1.099160150655277600e-03 -4.334449645976543725e-03 -1.393232095829408969e-03 1.339231968543636367e-02 1.904648841107513604e-03 4.629411762964679225e-03 3.081595184611767187e-03 7.286546258089775761e-03 8.135367526657954779e-04 -2.306981624880191477e-03 2.694117428071521672e-02 1.253055245139446938e-01 -2.576844608720401525e-02 1.186886532158978325e-01 -2.848646980458959324e-02 2.029083048508353304e-01 -2.510350872547774045e-02 -1.410376663224084948e-01 -2.541519225088385847e-02 -5.892623682721682618e-03 1.928812894027729253e-03 -2.901794730539707361e-03 1.952001836650689350e-03 1.622283896496387601e-02 2.440828597033428693e-03 3.014741076186055763e-03 -3.412445957085130828e-03 -4.636812968778354334e-04 3.117846547332717416e-03 -4.112100549872595850e-03 2.984189373262944797e-03 -2.506905614912572928e-03 1.007375306994911721e-03 5.775100748272914142e-03 -1.046110824555556915e-03 1.448623909806885830e-02 5.912328197547533568e-04 -1.784051065274773473e-02 4.547791564358251784e-03 0.000000000000000000e+00 0.000000000000000000e+00 1.084810207510458063e-02 2.287078627194004052e-02 1.631935074989174228e-02 3.678443649584272647e-03 3.139217113520499647e-02 1.847651347011968967e-02 2.456367831498223672e-02 3.666073152189550100e-02 6.996168241946962123e-03 3.728064872898523979e-02 1.021257824879783643e-02 2.137378323814767642e-03 3.407773897244017157e-03 1.699908279083751084e-01 1.079119607532892308e-02 -7.106804546166727021e-02 2.907690941706127935e-02 -7.623940501872625286e-02 8.251881152698210820e-03 3.249077190316559949e-02 -7.221862515560644423e-03 -3.381764047520049304e-02 7.214775477636962628e-03 -6.836726165686730396e-03 -3.029057827278834342e-03 2.948696523862556762e-01 1.046594948644295336e-01 -1.017141408508092093e-01 9.570573446460807487e-02 -1.762412722776625917e-01 4.539821050417929688e-02 7.638115836263253099e-03 2.056893212149837804e-03 1.322945609501671857e-03 -2.176257833507851125e-02 7.030694665896297657e-02 6.074874763519180071e-02 -4.888501675763635285e-02 -9.337684861428716121e-02 -2.016928276308123380e-02 1.413794696889747737e-01 -2.804519048774933507e-02 1.006608034402835944e-01 -1.555771080106415662e-02 1.290957970250911253e-02 -2.012701163089526679e-02 -6.191227884887794825e-02 3.428787892072577420e-02 4.554559347845570788e-02 2.317800871754915892e-02 -4.510929732749640458e-02 -8.031224216121343046e-03 -1.931443140328155741e-02 -2.181138073189670817e-02 -1.978270875381432647e-02 3.577373382359165608e-03 -6.541278180483449563e-03 1.646974109273850739e-02 1.588837780893417179e-02 2.512803304990368636e-02 -4.153843123044212438e-02 -2.182922456262457187e-04 2.172978857398362440e-02 -2.075150499776956363e-03 -3.780254460929706462e-02 -2.718535551789531129e-02 -1.969608558862512293e-02 9.544061676846011047e-03 -2.057068149770059293e-02 1.508604937666715648e-02 -1.661346581364601602e-02 7.649691397814084581e-02 3.615741571542160221e-02 2.145091083830126186e-02 -1.524459459022144414e-01 1.079663661028153199e-02 8.427861221599310115e-02 -2.254725743648787039e-03 5.041512475220802370e-02 -1.329924851021489079e-02 -1.714508586781582355e-01 8.689060235152078551e-03
0.000000000000000000e+00 0.000000000000000000e+00 0.000000000000000000e+00 0.000000000000000000e+00 0.000000000000000000e+00 0.000000000000000000e+00 -3.260777229999302015e-03 1.224264569705045156e-03 -5.912652585162265877e-03 -2.213070214913797837e-03 3.543727672347508212e-02 -1.478047640839386676e-03 1.047156146365974677e-02 1.722113587870880563e-02 1.407852766398779917e-02 -1.631404974275298386e-03 -4.884108190271944754e-03 -8.283760374040870580e-03 2.586329459354096971e-01 9.611131316291328386e-03 2.506827976345213926e-01 -5.764872236007217120e-03 3.791061530126174639e-01 1.068845584275605887e-02 -2.738802497267714964e-01 1.460798824140707025e-02 -1.127240648816707491e-02 -1.268654382872620029e-03 -9.261560171547526463e-03 1.139831981504010709e-02 4.127295582188948708e-02 -1.282653776178720607e-03 6.532441760383433244e-03 9.201159237677536060e-03 -3.967255874050536202e-03 9.700915932856435386e-03 -1.729737258696435395e-02 -4.152660750112979401e-03 1.472230400202093753e-02 8.436073292974482010e-03 5.492428720977771822e-02 8.549445928671536507e-03 6.929566655160286637e-02 9.384000205213682833e-03 -3.940085217139367713e-02 2.026996658133537604e-02 0.000000000000000000e+00 0.000000000000000000e+00 6.469983708692320437e-03 8.925019909527884612e-03 -1.327620301704579564e-04 -2.435849180084160431e-02 3.409123488602822799e-02 -2.856008566891590685e-03 1.204569270452586841e-02 3.227599245532981886e-02 1.835188826179414562e-02 -5.078077522508897546e-03 1.564729557433391580e-02 -2.589744684220735352e-02 1.634027546224321378e-02 1.082302651396332555e-01 5.692411558311739200e-02 -6.759503075276045159e-02 3.789401544486818013e-02 -7.769350025292456885e-02 4.682097905722545006e-04 -1.216358377398053196e-03 -6.138367954501270166e-03 -5.004278096289051236e-02 5.609829481071569590e-02 2.180085528736109765e-02 -3.233034367612582644e-02 1.046594948644500450e-01 4.428017491708799991e-01 -6.534688387788697983e-02 1.487669122330854410e-01 -7.134603708100858976e-02 2.226693615383884203e-02 -1.473598068397514310e-02 6.559752219374844970e-03 1.170825196411176550e-02 -2.902437592224245064e-02 4.000156328475090034e-02 3.869551609147749149e-02 -4.909569362745576371e-02 -8.030487430536013826e-02 -3.242650384274674280e-02 1.221587979054575834e-01 -4.863784716869903879e-02 1.361791851617279725e-01 -2.927284299903961523e-02 3.076191503784965389e-03 -4.477186373201900299e-02 -2.710548964340510694e-02 2.023213730687643125e-02 4.569953823026527695e-02 -2.635697516662897141e-03 -4.764752864206663746e-02 -6.600602340047908786e-03 -2.333998682473993960e-02 -2.261188133457404936e-02 -2.179053023360506477e-02 -2.461364948089043297e-02 -1.443037905770570492e-02 -9.965916888196249199e-03 1.384445239070062825e-02 -5.865957670057419908e-03 -4.290657259538595281e-02 3.207224694524127284e-03 5.198940181880733549e-03 3.380643573959456367e-04 -2.163089150382010301e-02 -2.533286150012840215e-02 -2.053672474488549282e-02 -5.294222641179975337e-04 -1.227086855598189322e-02 -1.962214796179738430e-02 -2.273573379161189512e-03 1.450355212278550687e-01 2.337843529423322929e-03 -3.073802352801068005e-02 -4.652566294346089509e-02 2.867411359467849502e-02 -7.938828154342189580e-02 2.978349246326268684e-02 -1.928044107317178346e-02 2.827069059444147284e-04 -1.233341684706998863e-02 3.408257658082960301e-02
0.000000000000000000e+00 0.000000000000000000e+00 0.000000000000000000e+00 0.000000000000000000e+00 0.000000000000000000e+00 0.000000000000000000e+00 7.710215529623341141e-04 1.446640798294989046e-03 3.089684467675346460e-03 2.196051105310005153e-03 -1.382589520947938994e-02 5.166224093557656490e-04 -4.639553108450373067e-03 -1.828732414648102760e-03 -5.376472110294109978e-03 9.516874771516281020e-04 1.260245318069717815e-03 3.941556757592419927e-03 -6.291946662124880962e-02 -3.616850011585648686e-03 -8.057496274024308902e-02 2.033833732962304214e-03 -9.834683714989383985e-02 -4.948658925220420987e-03 7.413934628170494590e-02 -6.232908251884996045e-03 5.138243275453465396e-03 6.029298738265315193e-04 3.901158681283719599e-03 -2.386343926627869459e-03 -1.775030375836938318e-02 4.921269705080534356e-04 -2.520847779604837822e-03 1.569340192691222801e-03 2.007513768772279175e-03 -3.841494820155093130e-03 6.923864379835442673e-03 -1.082415981390644731e-03 -4.560315137051532131e-03 3.110704203725103353e-03 -2.425232025271728195e-02 -7.694943926751188906e-04 -2.997314518132877109e-02 -1.329921371628162673e-03 1.572527295962404884e-02 -5.830342497860701093e-03 0.000000000000000000e+00 0.000000000000000000e+00 -3.798402185272306379e-03 -1.090159301271675409e-03 7.227719991730649496e-03 1.239453171362820197e-02 7.454362271554715313e-03 5.013237290842872604e-03 -5.218478951204160929e-03 7.235547346054301693e-03 -9.974288296527845238e-03 -6.496906589913779492e-03 1.756177580254979567e-02 1.674518480396541137e-02 -1.024645640445224441e-03 -4.989639725868469378e-02 -6.408508871128689409e-03 5.643789124863252127e-02 1.184567802156630788e-02 2.227965060389561908e-02 4.963865853768467847e-03 -1.001859596516835402e-03 1.261621028708284110e-02 2.002613100572060365e-02 -3.959254522296799111e-02 1.557018515755245400e-02 1.569320106195757833e-03 -1.017141408508187711e-01 -6.534688387788704922e-02 1.138559555097327786e-01 -9.243537060709325348e-02 1.623587501349718631e-02 2.094067290902194844e-02 6.155530810001944193e-03 -2.811110381690541497e-03 -6.779880572309691239e-04 1.397287592906151267e-02 -3.994893110655324542e-03 -3.000947595900099046e-02 1.012724841807911141e-02 2.980099578134791025e-02 6.672824708158406858e-03 -5.791520464459787992e-02 -4.051898129816105523e-04 -4.243333026443316114e-02 -4.281485328991304490e-03 2.401069812814745665e-03 2.434371660623637149e-02 4.061556041524049844e-03 -2.186686842793223416e-03 1.299142230899162729e-03 1.361151779203388125e-02 5.357675966082060814e-03 2.297596632582901265e-03 5.099387098050594050e-03 3.327309080241528782e-03 4.676558351097356847e-03 1.257638950990250422e-02 2.676344466021426081e-03 2.156079284733789653e-02 6.494613798105644716e-03 2.456144823498780660e-02 -9.451140009158564767e-03 -9.042681762187386452e-03 -7.800388222291930636e-03 -1.344583299892284679e-02 -9.784230456593770702e-04 2.447610767985651439e-03 1.086476036444829901e-02 -4.550509646133938345e-03 -5.327262308365639590e-03 1.637399648180085446e-02 -4.300330513659392576e-03 -5.289496311496843378e-02 1.746585931868063074e-02 -1.636813562830801219e-02 -4.810146901925844987e-02 2.208555533974918342e-02 6.311073275753076306e-02 1.618215464266485951e-02 6.151038659893447863e-02 3.137095899579220998e-02 -2.613119984912075019e-02 3.483939462186060737e-02
0.000000000000000000e+00 0.000000000000000000e+00 0.000000000000000000e+00 0.000000000000000000e+00 0.000000000000000000e+00 0.000000000000000000e+00 1.977392543493570153e-03 2.661079716940252179e-03 2.614273053143446532e-03 -4.167787691139752254e-03 -1.823683161251499207e-02 -2.694383962113476409e-03 3.794560667236762577e-03 9.697249862600558490e-03 -9.690442153405297646e-03 -3.131643512066048345e-03 -4.550708165099745604e-04 4.474240246518444535e-03 3.665901336015607581e-02 -3.568516161995992884e-03 1.876328118605859185e-02 -1.264524011714135074e-02 -4.775562541161899877e-02 -1.687725215098607925e-03 -3.108533130882801254e-03 5.516161484362010897e-03 8.849124675357842446e-03 -2.305021898643249204e-03 -3.320779663052498155e-03 8.620973357023893613e-03 -1.131777394247716201e-02 -3.341824952990446723e-03 2.714525382993008152e-03 7.953396603195498488e-03 -1.211519222369363902e-03 3.586138706829819500e-03 1.521303841754626180e-03 -9.582539982316279695e-03 -1.626633542144509045e-02 1.236412021950649906e-02 6.954668744070930525e-03 1.358893383885492745e-02 1.997639737217980077e-03 1.291963584298819190e-02 -6.669921524037805000e-04 1.975910004598857225e-02 0.000000000000000000e+00 0.000000000000000000e+00 2.875333229609035313e-02 1.027682336266138013e-03 -4.660812032518948239e-02 -5.443434548247681748e-02 -7.226060299141644216e-02 -3.358379548560773420e-02 1.479326677982087217e-02 5.146246931581806988e-02 9.864163067101899569e-04 1.303966524711369125e-02 -9.215757676181914049e-02 -3.740606483412917127e-02 -2.704520223519921857e-02 1.345057539769916322e-01 -5.992838729682693072e-03 -5.775394171554128903e-02 -3.548852115012336439e-01 -1.411032304757436073e-01 1.182681836876909448e-03 -3.569383715767446980e-02 -6.060179113553107455e-02 -4.126987011619952760e-03 -5.738823195232766253e-03 -4.131516681199075974e-02 3.739543348630057495e-02 9.570573446464135381e-02 1.487669122330015636e-01 -9.243537060710256548e-02 9.518312797636442335e-01 -5.575830438154506102e-02 -1.237583851251153749e-01 -2.935098445543118939e-02 3.213413836866828906e-03 5.153970080520474742e-03 -3.119308956009265651e-02 2.250418123485879718e-02 4.283477950932586958e-02 -6.844305425922155017e-02 -6.343440596252765407e-02 -3.035843221690986971e-02 7.969282687763151740e-02 -3.217945810308050353e-02 5.634221451089586885e-02 -2.436405845149593533e-02 -1.564640936197750701e-02 -2.410759897514744114e-03 1.323980586516038636e-03 -3.935097502888187243e-02 -4.762595701994636749e-02 -3.577750779675926973e-02 2.581043772676916361e-04 -1.788399601542177810e-03 1.365911882389796161e-02 -1.630674167930092761e-02 -8.849796950098650847e-03 1.767676337283108703e-02 -9.149507849955948804e-03 -1.824473361117939785e-02 -4.719132050758596125e-02 -2.156436406555539004e-02 6.973646514548363651e-02 -1.796805506265286567e-02 -4.793850073843883980e-02 1.726016291204481370e-02 4.563319392967650490e-02 -7.762886376855875070e-02 6.848693327257070716e-03 -9.171912942000990179e-03 3.743289179876548023e-02 -5.379110444995875706e-02 2.649843421749153646e-03 1.177560891416494226e-01 -5.440046044972975114e-02 -1.201779014941269097e-02 1.749418505524465706e-01 -4.227567980565925115e-02 -1.939974781306362528e-01 1.352620817759685179e-03 -1.061531206459379734e-01 7.497650568228965418e-03 9.429953711962499319e-02 -4.348661055624552380e-02
0.000000000000000000e+00 0.000000000000000000e+00 0.000000000000000000e+00 0.000000000000000000e+00 0.000000000000000000e+00 0.000000000000000000e+00 1.376978341741923227e-03 -2.292561325054200496e-04 3.916570586002874124e-03 1.419659378126408421e-03 -1.326011761428381314e-02 -1.702020399809654836e-03 -5.071491886768608216e-03 -1.726959760125450997e-03 -6.652501377805307772e-03 -8.760530497004528558e-04 1.687804107203805075e-03 -2.272785769047552112e-02 -9.975651161124046706e-02 2.420412357826276159e-02 -8.866355314396279219e-02 2.279037890457484214e-02 -1.590896344646809124e-01 2.320478464884531689e-02 1.010523490885545661e-01 2.252938267774017012e-02 6.336367285944659311e-03 -1.619687199759023855e-03 2.797031941302534786e-03 -4.920316636245474374e-04 -1.433318798149824276e-02 -2.077181386660963656e-03 -3.588179626196926712e-03 4.063305427649661038e-03 5.689877228509743548e-04 -2.680662024419522282e-03 4.413758669014911443e-03 -1.766404356290295075e-03 4.273760943008724639e-03 -5.130380553547192815e-03 -8.804873847137441312e-03 9.977337321163256764e-04 -1.769548612978517205e-02 -6.537776186645348833e-04 1.654003118946288306e-02 -4.982269426951950464e-03 0.000000000000000000e+00 0.000000000000000000e+00 -8.365024549158280032e-03 -5.381196849455432626e-03 -1.856409094291566753e-02 2.823030439887350834e-02 -3.543301988802909780e-02 2.113749007196785365e-02 -1.694720071896408525e-02 -5.288565083418510226e-02 -1.255451550220264625e-03 -4.359785865796909216e-02 1.134906044798955757e-03 2.578209435719595877e-02 -2.075208695097014496e-03 -9.788306060261740826e-02 -1.047119061741151949e-02 3.611291857780209863e-02 -1.186642471126376358e-02 7.700945876412866598e-02 -1.259304675264075364e-02 2.764518112409756687e-02 8.661826885759765088e-03 1.505432120621976073e-02 1.437144280962420785e-02 -1.998154863443360463e-02 2.205480303931492067e-03 -1.762412722776539320e-01 -7.134603708098921637e-02 1.623587501348373180e-02 -5.575830438154133484e-02 1.849387951943259334e-01 -3.508660408053466268e-02 2.400598591914438959e-02 -2.653443240836969412e-03 2.543001770660449331e-04 1.284374123472001653e-02 -2.982480774850891636e-02 -3.711465910103813742e-02 5.072789307119872360e-02 7.522442130101926472e-02 2.210960825270716357e-02 -1.014217668260824073e-01 3.752072849287640260e-02 -7.288786255582599405e-02 2.319372824526553037e-02 -8.395300923618190247e-03 2.802446941233109959e-02 3.617227739141173209e-02 -1.159757944636971572e-02 -3.634948070212361271e-02 1.260349532358319424e-02 3.079410817980065412e-02 1.318133633896246236e-03 7.624770237191798652e-03 1.707461338791932404e-02 8.808866742113941745e-03 -5.404261525923046046e-03 2.473469232872420841e-03 -2.304407327658941629e-02 -1.504013672845526221e-02 1.049641855358837347e-02 3.464587703382293604e-02 -6.006168894071976273e-03 -9.852220666528185150e-03 -1.047317292611308487e-02 1.272161304580022440e-02 2.406653840526185376e-02 -3.547024843873134315e-03 -1.409711654410197336e-02 2.055001354535090224e-02 1.853055810954734942e-02 1.423587447988691225e-02 -5.945720338850490894e-02 -3.568903538256553570e-02 2.584042701807070727e-02 1.465744968375279900e-01 -1.322913504339946408e-02 -7.739567603243230343e-02 -9.179049873164910056e-03 -5.949555586668009433e-02 3.209336096862577987e-03 1.330191795276372269e-01 -3.128291709773384222e-02
0.000000000000000000e+00 0.000000000000000000e+00 0.000000000000000000e+00 0.000000000000000000e+00 0.000000000000000000e+00 0.000000000000000000e+00 -5.950162843985692257e-03 -5.415174480649371895e-05 -1.236688567730726690e-02 -5.130777721233717708e-04 5.141232404322683414e-02 5.298447755595395679e-03 1.935699987711797174e-02 8.627639763343398355e-03 2.132662914624814179e-02 2.316879530461334567e-03 -1.007332243913527069e-02 5.726076208773879517e-02 4.703460189247630208e-01 -5.982686176300888031e-02 5.296288176755282739e-01 -6.552962934139701379e-02 8.140915987820080968e-01 -5.892119566709763667e-02 -5.664472915496776562e-01 -5.286264804039846749e-02 -2.021891106194881327e-02 5.296170983806302267e-03 -1.631237929081599813e-02 1.152570441441917639e-03 6.312227104119631782e-02 4.893386057580008906e-03 1.242986881187680727e-02 -1.940897675910694190e-03 -3.563299506678318032e-03 1.086770585984227558e-02 -2.411246415568904164e-02 2.823671073083029032e-03 -2.985811610041234215e-03 4.972208041856716540e-03 7.981140322243726604e-02 3.537046083660878859e-03 1.112420669489339459e-01 6.357318829763657780e-03 -6.378060299808428757e-02 7.039984735397321162e-03 0.000000000000000000e+00 0.000000000000000000e+00 4.179250945537538869e-02 -4.438236788865451005e-02 1.347211816761340886e-01 4.051170599169800352e-02 2.750572270399349595e-01 7.234048415664397734e-03 1.556823004120534704e-02 1.516628011474068817e-02 -4.164589866481540822e-03 -9.266403816560049925e-03 2.275845135442650102e-01 8.010710293902314691e-03 -3.281354647627753723e-02 3.799253790915672196e-02 1.566625915446014788e-02 1.299600103579036381e-02 1.055562405520673042e-01 -2.075922390985857069e-02 5.368039511766769384e-02 6.480480400591463047e-03 3.428156237070641155e-02 1.460662066841219263e-02 -7.525518307920729677e-02 -4.131690103445583191e-03 2.162691396018187953e-02 4.539821050420567855e-02 2.226693615391778930e-02 2.094067290903869200e-02 -1.237583851253334644e-01 -3.508660408055765123e-02 4.097360099700732561e-01 -1.171856148980663162e-02 1.384987909640810443e-02 4.745138590435470788e-03 5.146321426147532074e-02 7.279194564811131141e-03 1.846785946767283762e-02 1.462546236609436195e-02 -4.963712625932124173e-02 1.229444886519911323e-02 6.488788190536934342e-02 -1.477926977542870848e-02 4.883990047170683885e-02 -1.268218464618312002e-02 3.962500346304859145e-02 -3.242448532168891451e-02 6.056673190038951160e-02 4.598098811686007065e-02 1.789726133197775959e-01 6.280044461642979303e-03 -1.545633980324883500e-02 5.351737360062195845e-03 -9.493122520937744002e-03 2.291941697717104001e-02 -1.172389292658228277e-02 -2.998546019296601667e-02 -2.472766118465038500e-03 -1.047204295220360154e-02 1.164644524716471757e-01 2.112151197985470338e-02 -5.498759453645808704e-02 -1.135207883178561417e-02 2.901274626561718695e-02 -1.467311852120264763e-03 -6.575943080705051041e-03 -2.309597985208484278e-03 -1.506261439767684826e-02 -1.333680659003824535e-02 -1.436169614061227062e-01 3.431672056151613415e-02 -1.156720523444543063e-02 7.835885639384754242e-03 1.692391321755036260e-01 -6.241370385602006132e-02 -4.282569585057321992e-01 6.880476823399826747e-02 4.278142137181724092e-01 6.044748926325010235e-02 3.129066607343164996e-01 6.958568592069187819e-02 -4.119430255161489751e-01 8.382749528567998154e-02
0.000000000000000000e+00 0.000000000000000000e+00 0.000000000000000000e+00 0.000000000000000000e+00 0.000000000000000000e+00 0.000000000000000000e+00 1.535872683162279326e-03 1.711602375908610231e-03 4.037904832415195946e-03 1.603227520157128128e-03 -1.621608955675729602e-02 -6.173537513253072630e-04 -6.257617291787134425e-03 -4.967882459700199201e-04 -6.132631972444334625e-03 -5.248827896037634028e-05 1.675348312374453459e-03 -6.769613075878703340e-03 -8.673620996525295557e-02 9.397153909913314937e-03 -9.563825579956627965e-02 1.001667483330949231e-02 -1.429379422122877275e-01 7.719128878091979784e-03 9.450760471907201921e-02 6.915725778660890277e-03 6.677265679973362275e-03 -3.911804884767096889e-04 4.707036706580782978e-03 2.015243022217959735e-04 -1.869841439649126691e-02 -4.868998297655617634e-04 -4.253048224183005217e-03 3.067408403789037563e-03 1.474021461989820153e-03 -3.389524611951287049e-03 7.518762123372546569e-03 -3.437194864471077808e-04 3.810220343957528596e-04 -2.291106600763313881e-03 -2.526195504539736902e-02 3.817669639609010818e-05 -3.305466698107611956e-02 -2.225830263119846913e-03 2.077087210430405076e-02 -6.061924359535314499e-03 0.000000000000000000e+00 0.000000000000000000e+00 -1.125163394082816091e-04 1.655892537400494025e-02 -1.502548427803296859e-02 2.923935437246163310e-02 -1.802961430673670484e-02 3.793115658073932528e-02 -2.879776912398050899e-03 -1.157098498623212318e-02 -4.081185148017784747e-04 -8.154826348190990365e-03 4.701024278252514607e-03 3.827387297987622228e-02 3.356267924402604394e-03 1.253631093337929416e-02 -2.074309773411331110e-04 6.401617937964764089e-03 3.926687958001624963e-03 1.965501611097297818e-02 -8.348328444905163404e-03 4.570169291547264423e-02 6.222076782847563679e-03 -4.398195728854405358e-03 1.397995799454884377e-02 -3.410287719813380903e-03 -2.519229870427797981e-03 7.638115836271210275e-03 -1.473598068396259411e-02 6.155530809988935502e-03 -2.935098445543187287e-02 2.400598591914253691e-02 -1.171856148981043587e-02 3.607036797402258382e-02 -4.465817020355363626e-03 1.527157950896624802e-03 1.081804337962328491e-03 2.465303419198427298e-02 -9.753764502273042439e-03 1.272316668585208276e-02 2.238811004010319086e-02 4.167192596379609877e-03 -2.849677369964404711e-02 8.339049257258059761e-03 -1.939962240340980040e-02 3.736569374526534700e-03 3.903104486151934369e-04 3.356923580932941187e-02 -1.643055402872826976e-02 3.909627880765695340e-03 -1.277048337067766132e-02 4.022009778969071192e-02 4.126927542984195653e-03 -5.672922798213768034e-03 -9.091792335853848437e-04 -2.798206195237915375e-03 -1.770151146655749258e-04 1.560177531299834688e-03 1.248245398757443772e-03 -2.728222236952328400e-04 -8.258611131873098282e-03 4.665876905038005701e-02 8.683054308243632821e-03 -1.321637524321284118e-02 -1.107935278242599790e-02 -2.084939012994526525e-02 -2.240232522824135101e-03 -2.702241196837081114e-03 4.140627880260411460e-03 -1.221737223840182844e-02 1.268941346465416245e-02 3.786165174932135807e-02 9.386073156123893530e-04 -1.155313016882573464e-02 -8.562954656141735788e-03 4.332166096479924539e-02 2.786955536422481769e-02 -4.994202795483078383e-03 -2.173694649821933736e-02 -1.160163341917184662e-02 -4.002112636929015983e-03 -1.168237087292673011e-03 2.289794568845206213e-02 -1.037095200929188249e-02
0.000000000000000000e+00 0.000000000000000000e+00 0.000000000000000000e+00 0.000000000000000000e+00 0.000000000000000000e+00 0.000000000000000000e+00 -1.556820981679484222e-03 -1.905842721979443067e-03 -3.470527207828556608e-03 -1.119487918996031790e-03 1.641185195062070529e-02 7.449090785845372941e-04 5.621883878150331360e-03 3.659264000257866174e-04 6.248976352938061425e-03 1.268901260150813990e-04 -1.311067206244686005e-03 6.991867674925279427e-03 6.925227371543631050e-02 -8.623447391799383965e-03 7.746561504699327194e-02 -9.463941933031688389e-03 1.214721706127869644e-01 -8.114567760016462572e-03 -7.346676518422792790e-02 -7.367543782366271429e-03 -6.878066664447679557e-03 5.868721766037689365e-04 -4.361050643839255343e-03 -2.480087577333024555e-04 1.898758382270789025e-02 5.722802849985711730e-04 3.689796744468835498e-03 -2.638053233919976717e-03 -1.402319044942346681e-03 3.315737349406289083e-03 -7.361148057141535077e-03 9.489331040610258583e-04 1.310014899582147025e-03 1.965119453636602655e-03 2.483964373909511303e-02 -1.048975453459405176e-03 3.289740976173863990e-02 1.168683147578066309e-03 -2.028715612182739950e-02 5.552968579425845985e-03 0.000000000000000000e+00 0.000000000000000000e+00 -2.126283184484203601e-03 -6.322178429308110241e-03 9.049653024758547160e-03 1.046644150281240363e-03 1.104748049356337955e-02 -3.080973864683711223e-03 1.752841288171029998e-03 1.823224605924488777e-03 -9.214596941230167293e-05 3.965820907329806883e-03 8.324785783648463305e-03 -4.685912899448289697e-03 -1.551654375382620138e-03 1.191587826010416561e-03 -4.459204307991748023e-04 -2.752013193183892696e-03 7.940602125411439427e-04 -1.983523013809964514e-03 3.301373028042715960e-03 -4.988401670010982406e-03 4.430513187573525144e-04 -1.107163744260602134e-03 -5.451042651106512149e-03 1.217190133783549282e-03 6.264281614623350928e-04 2.056893212148115224e-03 6.559752219368820275e-03 -2.811110381682989812e-03 3.213413836865721285e-03 -2.653443240838627374e-03 1.384987909641571639e-02 -4.465817020356005473e-03 4.065114756079850518e-03 -1.060865992490296573e-03 1.075591301809251292e-03 -3.252791264463866707e-03 2.497698402514547753e-03 1.220552754574062921e-03 -5.127444032168540500e-03 1.800363572658628553e-03 7.263857778550677352e-03 -8.950367174953208476e-05 6.065361490288970897e-03 9.527875535267843823e-04 1.369084321488016343e-03 -4.658173233155033302e-03 2.047030521270013295e-03 9.406386013090349421e-04 9.142341698949613474e-03 -4.405249176020819418e-03 -3.335407407466654470e-03 1.372160583724048137e-03 -1.420859485395912277e-03 1.667699523856625314e-03 -6.306538197522924220e-04 -2.126445275244874880e-03 -1.341432893648695666e-03 -1.704246405956742370e-04 6.640292925662997538e-03 -4.064093135494365253e-03 -9.236814651594864312e-03 2.115697344759170147e-03 6.248351801411691428e-03 2.878115087203551338e-03 -4.185451666657232536e-04 7.489026859780788855e-04 -9.173975953600154581e-03 1.375893936179765377e-04 -6.773611899535887312e-03 -2.989794346622432191e-03 -2.133135132749654943e-04 5.292430628361252665e-03 9.935894877656992891e-03 -9.915340108203407957e-03 -2.882518544939937505e-02 7.692201952925722779e-03 3.071410211073812360e-02 6.733784597863160491e-03 2.221799494375236578e-02 5.955636078246847633e-03 -2.942779943112091082e-02 6.417920006133599406e-03
0.000000000000000000e+00 0.000000000000000000e+00 0.000000000000000000e+00 0.000000000000000000e+00 0.000000000000000000e+00 0.000000000000000000e+00 1.162430083892446045e-03 1.436525337858632475e-03 1.982729424762601309e-03 -7.780354864290738330e-04 -1.045507438324211856e-02 -2.352995649877164322e-03 -1.788755339618760577e-03 7.776235371555563491e-03 -4.001561022378675135e-03 -2.348258685019510069e-03 -3.814301457430140509e-04 -2.539614684107144131e-03 1.410795348907403941e-02 4.267366040093381607e-03 6.244541358307063861e-03 -6.871259845363700920e-04 1.349193125198357157e-03 3.414565545685371503e-03 -6.823249588099863927e-03 5.755991662234611998e-03 5.691904168430480734e-03 -1.856229788435391232e-03 3.437835052876440402e-04 4.793237787201531062e-03 -8.046924013099766501e-03 -2.418518668019579466e-03 -1.296982196264191657e-03 9.328464787673622360e-03 5.172631841566163995e-04 -2.824816228619343034e-03 1.555693465959821428e-03 -2.464691596774254770e-03 2.555855645845233736e-03 -9.813564221636305110e-05 -1.998361530780710764e-03 3.940115537559994024e-03 -5.530435794264824262e-03 2.104454182566711275e-03 5.811401148555208826e-03 4.338158111345181284e-03 0.000000000000000000e+00 0.000000000000000000e+00 1.081809120681995022e-02 1.110081777584328428e-04 -4.313731752012037179e-03 1.539206829726889186e-03 3.241274234488558496e-03 6.612153628715007961e-04 5.073457651812190343e-04 4.487145378369385845e-03 1.091195175425501481e-03 3.953147909978729259e-03 1.892357069598086194e-04 3.865137880961698816e-03 6.882867971738526754e-05 2.684450235530252103e-03 3.833782066868861565e-03 -9.115821797142311007e-04 -2.462795871193539446e-03 -1.031510435761447565e-03 -1.454118132861841604e-04 4.099507717065414489e-03 -4.236230934097464968e-04 -8.907628032542721456e-04 7.336769162075785014e-03 -2.245623358811130958e-03 -3.944271127588597410e-04 1.322945609501723681e-03 1.170825196411284450e-02 -6.779880572357296388e-04 5.153970080518359247e-03 2.543001770654233600e-04 4.745138590432097618e-03 1.527157950895213171e-03 -1.060865992489872867e-03 7.927756508158075727e-03 1.640244288609960920e-03 1.767205669266438701e-03 -2.370119804096882353e-03 -4.586846619685111493e-04 2.310798196655769552e-03 1.357487344671321318e-03 -8.475706267841149168e-04 1.864212400457667101e-03 -3.789748431312231925e-03 5.381935498135313614e-04 -1.833613007065094383e-04 1.193129442821197050e-03 5.232481973421197578e-03 2.060413991530071569e-04 4.423026538460236509e-04 4.197904573209988721e-03 2.343767166272337551e-03 -2.407778733692444214e-03 1.372119221926967241e-03 -1.726518562068549492e-03 -4.761613420347017870e-04 -3.610963928348331822e-03 9.098420219146289732e-04 -3.810014432239380161e-03 -3.644001395084945239e-03 8.380124294228937301e-03 1.613482940307515989e-02 -8.303013659568484611e-03 -7.444116486512802021e-03 -7.805000839091740840e-03 7.419573361378897780e-03 -9.136630036446363040e-03 1.767244373392334866e-02 -7.123952589102993185e-03 -1.119372531839559794e-03 1.857386413011887860e-03 -2.028394042481183448e-06 1.370328541203717429e-02 -4.512491193492630323e-04 1.230094857133004829e-02 8.828117888764591128e-04 -1.200553669717793238e-02 -4.904769485094909350e-03 -1.077481633362782111e-02 -5.080880394310621773e-03 -1.090879902837626689e-02 7.804173516979982447e-03 -9.505532644622009114e-03
0.000000000000000000e+00 0.000000000000000000e+00 0.000000000000000000e+00 0.000000000000000000e+00 0.000000000000000000e+00 0.000000000000000000e+00 -5.806714070807006889e-04 -4.757900717486450806e-04 -1.184314930418817625e-03 5.142632054077868548e-04 7.097194589776482238e-03 3.452272177136523701e-04 1.150094397029096825e-03 1.546835822620814876e-03 2.752672226162225077e-03 6.582482682091673088e-05 4.023403130968205513e-05 1.036245732235606919e-02 -5.756254056126647312e-05 -1.059528897699454214e-02 3.985977768050756598e-03 -1.027163843096766220e-02 1.560329886795187859e-02 -1.111767973645487288e-02 -1.385222472131512894e-03 -1.026032950090436519e-02 -3.111257945970713305e-03 5.020781857263360978e-04 -9.937841517210599211e-04 3.729356175417508287e-04 8.147378893271451858e-03 2.157513538701030624e-04 6.559963144174036243e-04 1.694839361489716483e-03 -6.330645554103588946e-04 1.198983761465019764e-03 -8.701811218444056948e-04 1.220811949075829893e-03 -1.183342917399177012e-03 -1.364722258472988959e-03 1.197251230269955752e-03 -9.855082983834489822e-04 9.779426477087202994e-04 -1.220732719327546510e-03 -9.050270323841002641e-04 -1.369868697907086069e-03 0.000000000000000000e+00 0.000000000000000000e+00 1.246934909933890973e-02 -1.401985734489941647e-02 1.407675954768164601e-02 8.235313972216561779e-03 3.770669897102677665e-02 -2.326124492618333438e-03 -3.213606418598440994e-03 1.590471191920628464e-03 -2.986869121295732208e-03 3.295124703556554999e-03 2.789818422878148282e-02 6.617110756614737709e-03 -6.612053553424131723e-03 -1.890779159074938362e-02 -3.373135438217458610e-03 1.422779286647723671e-02 8.688823262785059370e-03 9.682761801664212242e-03 7.191763282058624175e-03 -4.815440250799362873e-03 1.412244660398032266e-03 1.291947506033906852e-02 -7.580808457057947557e-03 3.611646914565739912e-04 5.563132907874636726e-03 -2.176257833507458384e-02 -2.902437592222592913e-02 1.397287592906156471e-02 -3.119308956011146092e-02 1.284374123471740403e-02 5.146321426145854250e-02 1.081804337967513796e-03 1.075591301806649641e-03 1.640244288610220478e-03 2.647179548741158614e-02 -1.532379469266774430e-02 -3.382763068441740212e-02 5.908347608408359708e-03 4.978179683985091419e-02 8.723209814205556273e-03 -5.853579423051291641e-02 1.013062191536004235e-02 -4.917592176264760223e-02 4.176263835829277797e-04 3.513728173561099337e-03 6.288803590788679190e-03 2.157948293602504966e-02 -1.175562122879978333e-03 1.832483698886467130e-02 1.486106157336509548e-03 4.962954846092193159e-03 2.721538293175959980e-03 3.294700268087825609e-03 1.116054662139358625e-02 9.129034848062595473e-04 -6.397460471832096610e-03 4.292891771964524599e-04 -2.380692504660039677e-03 1.563887608620839406e-02 1.255178689225333773e-02 -4.881053530863297546e-03 -1.113951722900523127e-02 7.633707478048778507e-03 -7.132419306447854157e-03 1.998377133565205736e-03 -1.130566525461069137e-02 -2.130076354019164956e-03 -1.442971255114405653e-02 -1.764970410327450223e-02 6.691520301811024370e-03 1.719957980289847817e-03 -4.388694941789312610e-03 2.655632808015001567e-02 -9.046995394073793079e-03 -6.932114137415175403e-02 5.813850435285310148e-03 8.695296255069007163e-02 1.129132697668623966e-02 5.609285555889006319e-02 1.551995473455230340e-02 -6.183282156443715982e-02 1.011921993584421510e-02
0.000000000000000000e+00 0.000000000000000000e+00 0.000000000000000000e+00 0.000000000000000000e+00 0.000000000000000000e+00 0.000000000000000000e+00 1.305451420509918994e-03 4.775052924397001769e-03 3.455184737267321879e-03 2.242944710722052145e-03 -1.799975764933373079e-02 7.502479291606339602e-04 -4.238778636793033572e-03 1.211765900600467964e-03 -6.593888472342007527e-03 1.225625309580278665e-03 -3.755807274278839120e-05 4.525333502771094162e-03 -6.367031377308540741e-03 -8.659761612793501900e-06 -1.715046190548125127e-02 -1.923589395866497423e-03 -2.782758894336109790e-02 -4.147287077724084482e-04 -4.519838757825467290e-04 -1.348032320044221469e-03 7.839096842849758995e-03 9.062138626241447552e-04 3.337107249386876348e-03 1.402123441570949204e-03 -2.022802293464033563e-02 1.051095657555815074e-03 -2.649638986855789094e-03 2.432309434617208228e-03 1.945902582072475727e-03 -1.035580541483739495e-03 7.428429175061642548e-03 1.613918664187451342e-03 -3.161480283257165486e-03 -1.537209868868889481e-03 -2.700423435553012466e-02 3.591448080659523021e-04 -3.359067626280438923e-02 -6.261012733623531543e-04 1.578014156134457252e-02 -3.591271212462421401e-03 0.000000000000000000e+00 0.000000000000000000e+00 2.814637981157056251e-03 2.939164404147664306e-02 -5.117434329225227507e-03 1.718897957081019084e-02 -3.977348290208185082e-03 3.613944796419971822e-02 6.350956527603759776e-03 2.120429241122716475e-03 7.204958643202072355e-04 -1.016246972103714312e-03 9.047423951979523607e-03 2.890512821445474778e-02 4.540025846447015394e-03 6.099902217083840589e-02 9.590766772373190280e-03 -7.461979268597446029e-03 8.991086533267867928e-04 -1.409151166736161316e-02 -1.699172619641331180e-03 3.969385874621561561e-02 6.968764460998075339e-03 -1.688242209147497105e-02 -1.170972609173757950e-02 6.597121814579855886e-03 -4.406306890050730625e-03 7.030694665897693763e-02 4.000156328474741702e-02 -3.994893110669923975e-03 2.250418123486576730e-02 -2.982480774851188968e-02 7.279194564772051290e-03 2.465303419198557403e-02 -3.252791264462322370e-03 1.767205669266866527e-03 -1.532379469267464503e-02 9.346592369823496227e-02 1.517573956315734079e-02 -5.019863430999414733e-02 -4.129762230432201808e-02 -4.974296738443322041e-02 4.767411642804170874e-02 -4.656900092913829337e-02 4.848702623470006745e-02 -5.459821652708449907e-02 2.996018904981776181e-03 9.718812970413782601e-03 -2.921391250120653968e-02 2.292158015906101826e-02 7.665448358952625489e-03 4.824874120036970471e-02 -1.567115595007147894e-02 -1.908475267941537462e-02 -1.111509563891488125e-02 -2.355133849838615331e-02 -1.050513565264418747e-02 -4.105723167804605639e-03 3.311244747096018376e-03 -1.505061816906697048e-03 -1.315072349441263888e-02 5.369917369887786118e-02 2.172876017369429480e-02 -2.132830816822557304e-02 -2.149421894205010355e-02 -3.010348887626372594e-02 5.874419447549496243e-03 -1.608146342412129781e-02 5.005321749805769632e-02 -1.409248178260112672e-02 2.932465001762430030e-03 3.242470643547193387e-02 -5.159998235631453427e-03 8.003927534893807288e-03 1.153133025164923900e-02 4.501076701613086067e-02 -5.600540486836789317e-02 -6.164519436454770143e-03 2.485365990509897510e-02 -1.479827364958856417e-02 4.414066262956983094e-02 -2.120031551712104126e-02 -7.135763097036598723e-02 -6.171100346176498601e-03
0.000000000000000000e+00 0.000000000000000000e+00 0.000000000000000000e+00 0.000000000000000000e+00 0.000000000000000000e+00 0.000000000000000000e+00 -1.488870052025935095e-04 -3.612896226253207999e-03 -1.554951328826281254e-03 -4.452039976028829456e-03 -2.564390703931693910e-04 -1.829732877434496734e-03 3.893923604657844283e-03 -1.429234406901692608e-03 6.075074882430663882e-05 -2.370436505628336146e-03 -2.997906406624056743e-03 -6.623031801281990122e-03 1.395974829710886211e-01 3.876606196529739853e-03 1.495341466974231537e-01 2.269176091229814420e-03 2.018835834225490289e-01 4.787608709879613914e-03 -1.574044311371368410e-01 5.925363986644565858e-03 5.140937784719090860e-04 -1.980946781943111745e-03 -3.023238398521964701e-03 -5.633868544887179856e-04 2.218278456056969709e-03 -1.870712986947675781e-03 2.539341029155364401e-03 -4.109145545915344859e-03 5.461025458564750619e-05 -1.776209419231719600e-03 -6.074702479358279165e-03 -6.113360337535992187e-03 3.217354359508498886e-03 7.097207280325899120e-03 2.643623064511619117e-02 5.059726676716518393e-03 3.644285403450273769e-02 6.548668408226127058e-03 -1.886154785993575389e-02 8.929328839080461627e-03 0.000000000000000000e+00 0.000000000000000000e+00 -1.494348000012680686e-02 2.331354279440556090e-03 1.940828243300855849e-02 -4.402182704843000949e-03 9.676731893553896721e-03 -7.342421292780845592e-03 8.641240859325964238e-03 1.136900396185492549e-03 3.184576076438521038e-03 -6.265360046854114538e-03 6.744512913387891613e-03 -1.429870679680413439e-02 -1.826521990494310490e-03 4.875309688545337305e-02 -1.594571495051369178e-03 -2.753870886013901412e-02 8.533089546115965596e-03 -2.796286476479974484e-02 4.708481625620361544e-03 5.241234545227513308e-03 1.466309910536199882e-03 -1.415126890896917754e-02 -7.749520667723074074e-03 -6.587091336578682239e-03 4.114022573306512563e-04 6.074874763519255705e-02 3.869551609145913812e-02 -3.000947595899483220e-02 4.283477950930292960e-02 -3.711465910103931704e-02 1.846785946770462816e-02 -9.753764502274282766e-03 2.497698402515976732e-03 -2.370119804097197639e-03 -3.382763068441208693e-02 1.517573956315444381e-02 1.121878828393219618e-01 5.559118286771164152e-03 -1.077900758753363858e-01 -9.448321705277584141e-04 1.405962650718271534e-01 -1.310734794423969000e-02 9.307980832040545216e-02 2.332584903069501517e-02 4.997863302381476587e-03 -2.089015236173554294e-02 -1.470885853329803247e-02 7.978248819033062142e-03 1.354250400515298602e-02 -8.485595555006704080e-03 -5.133951571639162534e-03 -7.265137472511300556e-03 -4.388063114449483083e-03 -8.055177217643452042e-03 -4.914511162234290118e-03 7.915425113966817125e-03 1.571593613488421774e-03 3.532840724002909473e-03 3.965890435062962779e-03 -1.627022976135698504e-02 9.919588314285427560e-03 -1.449765360639338699e-03 1.426650499391750402e-03 5.330373489648954424e-03 -1.646788164708539934e-02 3.443882730392701721e-03 9.183869093791138805e-04 1.372885871322359133e-02 -9.474036362672973166e-03 -9.529751931075167853e-03 -5.134840671602702161e-03 1.938052179211427126e-02 4.397229049260162684e-03 -2.172249734544317440e-02 -1.596574524300143141e-03 1.218757378831862234e-02 -1.480563895884707626e-03 1.436492302906800488e-02 -1.005429547151058187e-02 1.110036108114811730e-02 -2.557358023491929783e-02 1.021886793061399512e-02
0.000000000000000000e+00 0.000000000000000000e+00 0.000000000000000000e+00 0.000000000000000000e+00 0.000000000000000000e+00 0.000000000000000000e+00 -1.182316601830606036e-04 -2.217172186772977619e-03 8.379364112932077792e-05 -7.785315427188358589e-04 2.442628433520590593e-03 -6.069344802978955851e-04 1.125675120869984620e-03 -1.497015945205176259e-03 4.811582442125674083e-04 -8.895025631821796251e-04 -3.073344593583667017e-04 -6.672523556646438661e-03 8.341982840500486440e-03 4.359885219880416801e-03 1.988063078779185588e-02 5.354947245761059599e-03 2.587266528013286437e-02 3.847362870187782946e-03 -8.089476846339233029e-03 5.688376321446933503e-03 -9.259757609729619412e-04 -7.884282749983163082e-04 -1.499283104406568586e-03 -1.123764313503694328e-03 4.246231144308013072e-03 -8.802405676802307465e-04 3.526656746319367934e-04 -5.084767962371451212e-04 -6.033726155441301213e-04 -8.047477613867592755e-04 -3.287645376249303478e-03 -3.142113702314003158e-03 7.526518905232105257e-04 2.453106954932850279e-03 1.655063889959054041e-02 1.623717991876367714e-03 1.991805821627955220e-02 1.395619504671131994e-03 -5.975517599047783235e-03 2.499445341295895070e-03 0.000000000000000000e+00 0.000000000000000000e+00 -1.124031908446769361e-02 -1.078628228004704058e-02 4.742827248540420690e-03 2.425608078515146052e-02 3.843038503427660462e-04 1.080307072676054900e-02 -7.283816359075421555e-03 -2.056128653987496918e-02 -6.470397970171814974e-04 -1.510306833288013739e-02 1.643296177505535263e-02 1.295626476412783251e-02 -2.509089840904619312e-03 -3.888677202527607984e-02 -1.238874439116441524e-02 1.204211707401627723e-02 1.779017180653824290e-02 3.685264422798773670e-02 -3.182340628554525784e-03 1.286126642303517427e-02 2.693504146870940533e-03 1.398821887303866411e-02 1.306455616956062743e-02 -1.081474842444170997e-02 2.037162354377966122e-03 -4.888501675763206461e-02 -4.909569362742724485e-02 1.012724841808143594e-02 -6.844305425924068764e-02 5.072789307119451863e-02 1.462546236615547973e-02 1.272316668585027864e-02 1.220552754574218178e-03 -4.586846619641237084e-04 5.908347608418251101e-03 -5.019863431000035764e-02 5.559118286762504413e-03 1.047561971632581246e-01 1.680332942432731513e-02 5.203416264591573942e-02 -2.007150347465891729e-02 4.387867880308044671e-02 -4.309485098703765699e-02 5.872100767367369190e-02 1.576045721127222483e-03 2.365008653515885545e-02 1.408525144092708480e-02 -1.400693788553749285e-02 -7.539035446598763533e-03 -3.344233987865857100e-03 2.159546076289965699e-02 9.699489636922895008e-03 7.737427752082525444e-03 1.767372773777077868e-02 1.027487550217226833e-02 9.403736335723297465e-03 -7.479971346723165125e-04 2.049380031005034863e-03 1.462342325231690866e-02 -2.107195856754628255e-03 -4.950957875437303132e-03 5.740782186005500762e-03 9.230833262010176496e-03 3.923766444605092732e-03 -2.067062411413841949e-02 2.081064804598941817e-02 -5.273715447568352171e-02 2.790613404978187218e-03 -3.265271645708415051e-04 1.394912388847633321e-02 4.718054322959109280e-03 -2.112659844446158550e-02 -1.140043918725608396e-02 -1.226030242408668487e-02 8.835694499797566714e-02 1.939733634318783692e-02 -3.628767687901088279e-02 1.570382582592644641e-02 -3.640536190699043828e-02 3.955954615361990251e-02 7.864388631954946640e-02 1.149362034170771721e-02
0.000000000000000000e+00 0.000000000000000000e+00 0.000000000000000000e+00 0.000000000000000000e+00 0.000000000000000000e+00 0.000000000000000000e+00 1.829238096075524664e-03 -1.421113090885252773e-04 4.596684739204309061e-03 2.725851206776635366e-03 -1.345442149152289817e-02 -1.533378852424040813e-03 -8.220076358645533182e-03 -8.168152295313237761e-04 -6.149528929521654551e-03 -4.698381805927563356e-04 4.855082064447287932e-03 -6.490440269623695864e-03 -2.335982502887600787e-01 7.901072326732004603e-03 -2.480834369188546495e-01 1.191252060711434253e-02 -3.602943365998306779e-01 5.937976396714188601e-03 2.635729341860076902e-01 6.018145620041776521e-03 4.774405813255161793e-03 -1.059698475986504095e-03 6.641957616487204584e-03 -2.614306894487402819e-04 -1.796599366365523101e-02 -1.690986955832199856e-03 -5.609140610232007593e-03 5.868727936187334918e-03 7.881086717799449691e-04 -2.468512995269152212e-03 1.220418260105859271e-02 7.011546213894059160e-04 -2.113868713307767971e-03 -6.968972051754715458e-03 -4.518295782670205679e-02 -3.357974803069641717e-03 -6.342743503614847733e-02 -5.867200304547054608e-03 3.786564154126418474e-02 -1.152570660323431161e-02 0.000000000000000000e+00 0.000000000000000000e+00 1.573916302680304635e-02 -9.547623078365824120e-03 -3.455981875886748184e-02 1.498604106983025819e-02 -2.978994259021361737e-02 5.334145030369114547e-03 -1.757372823371232753e-02 -1.077196133414681442e-02 -2.268685913699362584e-03 3.501138693537439277e-03 -1.955208258921177500e-02 2.618596044659187230e-02 -9.486571733758795109e-05 -7.809912163364515769e-02 -5.056363971239906559e-03 3.630188684806454069e-02 -2.281856325873169930e-02 5.391204641301765993e-02 -1.249014306175217498e-02 7.420357915321721884e-03 -8.868310533683431991e-04 2.029875962720921467e-02 2.963821067111858942e-02 1.474450575237980926e-03 1.715006363751123229e-03 -9.337684861427868188e-02 -8.030487430532093351e-02 2.980099578133135058e-02 -6.343440596247490459e-02 7.522442130102134639e-02 -4.963712625936934908e-02 2.238811004011328695e-02 -5.127444032171366364e-03 2.310798196655767384e-03 4.978179683984093606e-02 -4.129762230431231751e-02 -1.077900758753281563e-01 1.680332942431448512e-02 1.974194408911009169e-01 1.157055467505592287e-02 -2.222814041825661169e-01 2.922740585701150834e-02 -1.687954510135308284e-01 1.032593935537753655e-03 -8.464873575938412775e-03 3.594801198281389470e-02 2.323981354438937538e-02 -1.611848949613236062e-02 -3.606570457401371554e-02 1.239153456828696875e-02 2.047773668653544640e-02 4.579200567817249233e-03 1.118129930256021518e-02 2.352726223364369831e-02 8.609423274567359896e-03 -1.182325116487343598e-02 -5.615140828399247438e-04 -4.256100362151963440e-03 -1.292333349405980041e-02 3.179030103862381940e-02 8.249843748108625155e-03 -2.221477372858053287e-02 1.262994421620302482e-02 -1.947857114263529255e-02 1.047061682715423950e-02 -1.778288399385391516e-02 -7.483682043798839736e-03 -3.194168293475802001e-02 2.385047455442895759e-02 1.388207679394953126e-02 1.136876767093249196e-02 -2.808718766321480903e-02 -1.721242043103728830e-02 2.646806363682707719e-02 4.556458531821901137e-02 -2.189772670173600888e-02 9.552600277367104611e-03 -1.443048556531905183e-02 -2.535842716103548639e-02 -1.344898435172100365e-03 6.022275975276009108e-02 -2.115883905490722333e-02
0.000000000000000000e+00 0.000000000000000000e+00 0.000000000000000000e+00 0.000000000000000000e+00 0.000000000000000000e+00 0.000000000000000000e+00 -8.522511996553900357e-04 -2.971857186315111834e-03 -2.038285859057529462e-03 -1.870952877970600680e-03 1.037942526240192946e-02 -1.002187165990768960e-03 2.543774258970129144e-03 1.553417869623329155e-03 4.362090483082402964e-03 -1.505909918438420956e-03 -3.752299105359265322e-04 4.815234242066422296e-03 2.223265384666681110e-02 -6.609859500251192947e-03 2.444969437622714070e-02 -6.640875944388942992e-03 5.114323081542354599e-02 -7.574088068514719593e-03 -1.566493501232421592e-02 -7.522891912805290855e-03 -3.932531218155259009e-03 -9.100453628990015989e-04 -2.561590152366238857e-03 8.598486121541648131e-05 1.347239050421681836e-02 -1.084831029560028547e-03 1.474675868611257518e-03 2.954116834615635296e-04 -8.666501592644131318e-04 -2.567633850330878456e-04 -5.367498080284867357e-03 -1.561823195787157698e-03 4.608953615963797164e-03 2.926673838063829566e-03 2.046762786238912751e-02 1.012753058334944431e-04 2.584454097610367276e-02 1.041489585934988506e-03 -1.482219595094125611e-02 4.178103618846799178e-03 0.000000000000000000e+00 0.000000000000000000e+00 -1.504561173766052074e-03 -1.113766374648360487e-02 1.181108188236946153e-02 1.332923019120099348e-02 4.837140735583088554e-03 -5.581632088950823052e-04 1.100115863436449759e-03 -4.457361288330661392e-06 -4.882666481495169172e-03 1.621655688264154061e-03 1.522654852160521422e-03 7.081246076280892435e-03 -1.807640839899938992e-03 -1.635890104879811000e-02 -1.304809392892285549e-02 8.688794697050535032e-03 1.808113933164536349e-02 1.542312451908382440e-02 4.708137754724531394e-03 9.229490266351333266e-03 -9.251305352054291567e-03 7.467046320694786452e-03 8.666289138449564510e-04 -1.580622115977508430e-02 2.290123195744299921e-03 -2.016928276309755408e-02 -3.242650384274717301e-02 6.672824708165019623e-03 -3.035843221692059377e-02 2.210960825271775579e-02 1.229444886523069040e-02 4.167192596383111416e-03 1.800363572656320937e-03 1.357487344673352679e-03 8.723209814211294738e-03 -4.974296738443312327e-02 -9.448321705286406294e-04 5.203416264591471940e-02 1.157055467506381413e-02 7.246740227298674453e-02 -9.327051718390459364e-03 5.749284837999253661e-02 -2.819430585946280585e-02 6.420499318910194431e-02 2.221705534905105053e-03 1.574398086938415264e-02 6.287976147335998245e-03 -8.098461561796679864e-03 2.444685072132432666e-03 -5.719645231661203873e-03 5.227506188270612461e-03 1.268743223683328238e-02 7.763104722321390039e-03 1.236378498601512985e-02 1.584789941661385662e-03 1.538306367942280858e-02 -1.831925538465168811e-03 1.847345360297762348e-02 1.328998707115033699e-02 -3.154142343886204639e-03 -1.821514309799622186e-02 8.014737433842540962e-03 9.183539605426283003e-03 1.895282066148473721e-02 -1.948027941845865973e-02 3.989602315326207065e-03 -3.799797379474036813e-02 1.082956568877282109e-02 -5.623903659313679582e-03 6.232800791409638490e-03 -1.964045797831487708e-03 -8.681857259602871607e-03 3.878815357474532915e-03 -1.383263610608558535e-02 1.099911442625976440e-02 1.569572138332230374e-02 1.737216520883104812e-02 2.343630113114406402e-02 4.338635592988894507e-03 2.493999309237228748e-02 1.005331917362765719e-02 1.025063735204483940e-02
0.000000000000000000e+00 0.000000000000000000e+00 0.000000000000000000e+00 0.000000000000000000e+00 0.000000000000000000e+00 0.000000000000000000e+00 -2.717176825138919831e-03 -1.599179655946201704e-03 -7.147908602637057136e-03 -5.466923696686314810e-03 2.088569768695720461e-02 1.660888511786243280e-04 1.183525576869699260e-02 2.873853750252649067e-03 9.700978442475492736e-03 -1.351453319928280121e-03 -6.540604341996516385e-03 8.819156374849373634e-03 3.196963481705256682e-01 -1.018798268225434844e-02 3.376526574233301714e-01 -1.764304214288415357e-02 4.896284569167166922e-01 -8.249862532585104657e-03 -3.529948179044902767e-01 -7.747443280913896002e-03 -7.401203766951771484e-03 -3.261766480742228289e-04 -9.446692839758826302e-03 1.940715705039756369e-03 2.858974516061548593e-02 4.776560496819407670e-04 7.750279321127808048e-03 -6.892327589304270488e-03 -1.715209941020375863e-03 2.207766352845099388e-03 -1.747965287300264764e-02 -2.635244235610017735e-03 7.623776485232277612e-03 9.161052965861910674e-03 6.478700543488433161e-02 5.512693315360082599e-03 8.734304372402874883e-02 8.965208566170841664e-03 -5.326427193561754370e-02 1.939228029566720385e-02 0.000000000000000000e+00 0.000000000000000000e+00 -4.994317512227243114e-03 5.353008586225286441e-03 4.021135417953397573e-02 -2.422602596058685137e-02 3.942158076159288371e-02 -1.412712580611777402e-02 2.872183318859429860e-02 2.463018743176428882e-02 5.212870930427515072e-03 1.654379500725237234e-02 2.281944147562895917e-02 -3.994545400102125082e-02 -2.776491130142080561e-04 1.144212464930046969e-01 4.913962537644295421e-03 -5.873835995275837607e-02 5.073357251970924547e-02 -7.488115130611104620e-02 1.481404579438674700e-02 -1.342655690090611108e-02 -8.819658881470613917e-04 -2.280186320826354390e-02 -2.563689650236944222e-03 -4.784354895444335211e-03 -2.528055532266260119e-03 1.413794696889593416e-01 1.221587979054161166e-01 -5.791520464457944328e-02 7.969282687758143247e-02 -1.014217668260812416e-01 6.488788190540592526e-02 -2.849677369964942128e-02 7.263857778553092087e-03 -8.475706267854608454e-04 -5.853579423050148806e-02 4.767411642803418698e-02 1.405962650718295959e-01 -2.007150347465088205e-02 -2.222814041825688924e-01 -9.327051718381027673e-03 3.268688715424878932e-01 -2.829825072457026885e-02 2.041585355322197703e-01 8.204576296615289505e-03 1.230667688210769495e-02 -4.959272981267295877e-02 -3.884255399740259296e-02 2.260314817711364666e-02 5.175741073363761269e-02 -1.975185439754141917e-02 -3.109839519250234829e-02 -4.065571198907567095e-03 -1.346559158928887709e-02 -2.552951002892920110e-02 -1.447491990464614374e-02 2.147981944124486772e-02 -2.659651364731057711e-03 1.419909699562469166e-02 1.448636367317392669e-02 -3.651028654122256967e-02 1.529290899801173664e-03 2.047439822353498001e-02 -1.424688320461912211e-02 2.157484431922738685e-02 -2.648533245741484937e-02 -3.751998834034195318e-03 2.014430346872239652e-02 3.578148584101144281e-02 -3.324497830315147062e-02 -2.372743210518650503e-02 -1.513231304256929845e-02 6.265402630686853214e-02 2.518266088212289117e-02 -2.144860333350252085e-02 -7.519563345461637016e-02 1.153158223896862122e-02 9.532788951258881066e-03 2.385718842949765758e-04 2.316128505478131511e-02 -7.657496885402027484e-04 -9.070650181139304491e-02 9.915930958128761977e-03
0.000000000000000000e+00 0.000000000000000000e+00 0.000000000000000000e+00 0.000000000000000000e+00 0.000000000000000000e+00 0.000000000000000000e+00 -2.679639152402234757e-04 -1.854965575755706435e-03 -9.990587740635514715e-04 -9.583292838457971871e-04 4.599745751538656530e-03 -1.124851738568832891e-03 -1.313431128307837982e-04 1.303166704454819047e-03 2.219789017574490264e-03 -1.461232947441873896e-03 6.835673409554105483e-04 -2.165811817990092019e-03 -2.588810305472959150e-02 1.060964313736471876e-03 -2.828220206672529824e-02 2.481063044105463137e-03 -3.472221611828163468e-02 1.467297176535602328e-04 4.001837127755045187e-02 6.789620523771360168e-04 -1.692446827205086775e-03 -8.507746582714727007e-04 -3.113542890415658699e-04 3.548179956170308775e-04 7.104228110716044597e-03 -1.169882430316514753e-03 -3.061625195334496410e-04 1.736152867136205209e-03 -6.125480773616889720e-04 -9.845659473204477433e-04 -2.509949819236633427e-03 4.353143527382292641e-04 4.949935849488780459e-03 -3.376428304836800662e-04 1.146103737284998383e-02 -1.022331043052480438e-03 1.187000456637504232e-02 -1.615773645402309756e-03 -4.089116278089495286e-03 2.969582924587273187e-04 0.000000000000000000e+00 0.000000000000000000e+00 -1.756556445878192920e-03 -7.388554496735809038e-03 1.027997101264493647e-03 1.260765883580689320e-02 -1.415278017314405834e-02 5.726409901409160001e-03 -9.878306443040849993e-04 -1.137969639034399315e-02 -2.662113488090425955e-03 -1.643392549021327129e-03 -9.561974222998353284e-03 3.931272517617663553e-03 -7.065294687607163440e-04 -2.569876560493835477e-02 -1.935014618599519010e-02 6.032545850086246456e-03 1.178175521483206672e-02 2.705136737006177960e-02 -4.963083665981649030e-04 6.302933660548111147e-03 -9.411983119367169429e-03 1.286856726809738026e-02 5.608018028620551446e-03 -1.353590447479983104e-02 1.637735049865126323e-03 -2.804519048776631454e-02 -4.863784716871390190e-02 -4.051898129792147907e-04 -3.217945810308226601e-02 3.752072849288776851e-02 -1.477926977540223487e-02 8.339049257260694806e-03 -8.950367175055204795e-05 1.864212400458141114e-03 1.013062191536370088e-02 -4.656900092914843109e-02 -1.310734794424226954e-02 4.387867880308973789e-02 2.922740585701565433e-02 5.749284837999798364e-02 -2.829825072457773857e-02 7.411700506645824138e-02 -4.070703538123271459e-02 5.959954613072061119e-02 -5.335568509868924159e-04 1.746690072498443061e-02 1.244782711248332849e-03 -1.069301455125135948e-02 -9.982736777913845186e-03 -4.348237129575370855e-03 3.763945292093819062e-03 1.226697209029037686e-02 4.317798945730045787e-03 1.225752497246600410e-02 -5.705511414392061380e-04 1.350366847733545927e-02 -3.568214119771023936e-03 3.811113211359793904e-03 5.894946131712727397e-03 -2.491631614275784112e-03 -2.385509580220881998e-02 6.660003065645111152e-03 1.211099502658150376e-02 1.295846218004295322e-02 -2.013645096948525615e-02 -1.562703712035524647e-03 -4.709147132262035684e-02 4.833456140594440467e-03 6.002624346991464882e-03 7.064691567434266788e-03 2.180583915045412478e-04 -8.078979677419610012e-03 -1.055651577237942153e-02 3.193943616855864434e-03 4.698115093814705934e-02 2.467647360120387399e-03 -1.787803361362741428e-02 7.916950759050548399e-04 -1.289454418896947459e-02 1.172696100629581212e-02 4.462795194194629778e-02 -7.852852981634945648e-03
0.000000000000000000e+00 0.000000000000000000e+00 0.000000000000000000e+00 0.000000000000000000e+00 0.000000000000000000e+00 0.000000000000000000e+00 -2.724165474026520473e-03 -2.016159629084307656e-04 -6.621614140974574521e-03 -2.573399353840519037e-03 2.372136329350325173e-02 2.159520394062133895e-03 1.004227424692196065e-02 -1.597539246349992631e-05 1.019280349364280400e-02 1.231472172454181309e-03 -5.304353053338001049e-03 5.060325416124430119e-03 2.530567691135410247e-01 -7.625862490054758670e-03 2.771387061286429421e-01 -1.125542552119260936e-02 4.042519971105743015e-01 -4.928504154494911874e-03 -2.980125222108573890e-01 -5.839047198907636009e-03 -9.233866952588858784e-03 1.571003968229604201e-03 -7.591777687975738084e-03 -2.084098956781575945e-04 2.775127973693378505e-02 2.458348356707626501e-03 6.700539478784562492e-03 -8.835873282931287070e-03 -2.001808721974317022e-03 5.436320648373810065e-03 -1.404026570697913465e-02 4.429809967923456493e-04 2.658445087471136403e-03 4.756753645361707500e-03 4.570334191784770905e-02 1.972051257289187190e-03 6.788347698280565445e-02 5.297131021747397348e-03 -4.222041701719368711e-02 9.932494818411666607e-03 0.000000000000000000e+00 0.000000000000000000e+00 -7.220861543705691006e-03 1.421896502413973543e-02 2.688990509648393062e-02 -2.118838717622485018e-02 3.325235211737809921e-02 -2.114833150988502941e-03 2.143102881743869439e-02 1.234445848890460863e-02 8.086873755626540136e-03 -5.237903135639092322e-03 2.737646767686978053e-02 -2.711892814961646206e-02 4.300544940132039820e-03 8.470702649090028347e-02 2.929042372167670744e-02 -4.644402731883463115e-02 2.537107611509103328e-02 -5.342317056560549199e-02 7.807059551655082599e-03 1.653503978023972316e-03 7.871647594207711526e-03 -3.191256615184660805e-02 -8.468993938489585704e-03 5.092803722539802208e-04 -7.312115638480593156e-03 1.006608034402856483e-01 1.361791851617064342e-01 -4.243333026442927536e-02 5.634221451086492138e-02 -7.288786255582298257e-02 4.883990047171546389e-02 -1.939962240342167285e-02 6.065361490294508134e-03 -3.789748431316253014e-03 -4.917592176264810877e-02 4.848702623470279444e-02 9.307980832041005959e-02 -4.309485098704331912e-02 -1.687954510135424857e-01 -2.819430585945924619e-02 2.041585355322401707e-01 -4.070703538122889126e-02 2.079663503512877709e-01 -2.643806923985341645e-02 7.546775128088543602e-03 -5.162895430983650835e-02 -2.515561180139030614e-02 2.944314211960652461e-02 4.255829207435377765e-02 -1.030590559027826092e-02 -3.015743076362261549e-02 -3.922664837072013452e-03 -1.560107893721944528e-02 -2.199535847641874431e-02 -1.348263338434588579e-02 -9.117934067879251980e-03 1.143014571868277048e-05 -6.699270865795026175e-03 7.326448428273407351e-03 -3.833715632333142137e-02 -2.396068171717769674e-03 3.328608366095527765e-02 -1.597608277026934392e-02 2.715012857317336548e-02 5.213591851681995820e-03 1.957540780779141315e-02 4.143733041425035762e-02 3.714354213789522463e-02 -2.344212555546788465e-02 -1.687380095575034822e-02 -1.075123097709349169e-02 5.237746784009351259e-02 1.510195323916138643e-02 -7.771292189691143826e-03 -5.615277957244482754e-02 7.587407226293388547e-03 -2.051333049857428231e-02 -5.073364531158992136e-03 1.370017663115978210e-02 -2.589530967755465304e-02 -6.881414374831644476e-02 1.285387783297983755e-02
0.000000000000000000e+00 0.000000000000000000e+00 0.000000000000000000e+00 0.000000000000000000e+00 0.000000000000000000e+00 0.000000000000000000e+00 -7.201058836281755849e-04 -3.385168562704040079e-03 -1.580922864682859832e-03 -2.183308758775278410e-03 8.183822215792948065e-03 -1.204458731585140606e-03 1.447071770323098139e-03 2.744196928028471306e-04 3.686798193173140489e-03 -1.609526212308689738e-03 4.144975157146612958e-04 -3.054083464843996166e-03 -8.403430418055551909e-03 1.001498273464635456e-03 -1.252181203636007489e-02 1.864746399481809636e-03 -3.128553127963396019e-03 3.804626595801988663e-04 2.550838238582944784e-02 4.406923412633282668e-04 -3.107641096591264463e-03 -1.112931224710435752e-03 -1.534832873263880992e-03 -5.821258695284705622e-04 1.107071685518264646e-02 -1.274803602131430354e-03 7.124818971717382116e-04 9.799600874643509636e-05 -1.043796185254570628e-03 -4.021868406324526600e-04 -4.987538239755916203e-03 -2.107778123470536134e-03 6.295795751045593636e-03 4.892991031287464120e-03 1.974481971449974435e-02 -7.822755274288200472e-05 2.395220210387437321e-02 5.435231903587493460e-04 -1.222972256465945651e-02 4.172413650387655874e-03 0.000000000000000000e+00 0.000000000000000000e+00 -1.521498016482446605e-02 -1.594510938736118377e-02 6.639815640715994449e-03 1.489203989015055324e-02 -1.563158822955518917e-02 -3.087263537114554469e-03 -2.831306925148882429e-03 -1.003351491828383124e-02 -2.969688994376204916e-03 -6.546366545313838867e-03 -7.322711790736254230e-03 -3.381316768817737000e-03 -3.434995594899889915e-04 -1.453360790164427360e-02 -1.649475523035280611e-02 -1.649292506744593021e-03 2.271340993780488968e-02 1.735845950752312045e-02 9.802864146744318628e-04 1.270268068499295563e-02 -7.026458366511932098e-03 2.192262328001566389e-03 2.328027713527453576e-03 -1.475744563006665087e-02 1.296295972950006412e-03 -1.555771080108465411e-02 -2.927284299904407694e-02 -4.281485328974865383e-03 -2.436405845150079255e-02 2.319372824526808735e-02 -1.268218464614632307e-02 3.736569374526966213e-03 9.527875535259235258e-04 5.381935498149049372e-04 4.176263835890945591e-04 -5.459821652709490047e-02 2.332584903068748994e-02 5.872100767367929852e-02 1.032593935545913577e-03 6.420499318910351250e-02 8.204576296600343127e-03 5.959954613071453966e-02 -2.643806923985674712e-02 1.010085308450442976e-01 1.490206499705526303e-03 1.267876075117847605e-02 -7.404880009270122833e-03 -1.159890210485272494e-02 -4.195937935486410836e-03 -8.992827111683216607e-03 1.589873110561251888e-03 9.968617307281326181e-03 -6.851214932714641635e-05 8.979485308852426864e-03 -3.474618137690581332e-04 2.268827405196300467e-02 -2.227499637085782538e-03 1.951025859948237601e-02 1.515968214047646451e-02 -5.107721451916546682e-03 -4.033621148647995036e-02 2.867096537154791968e-03 2.517727725160422148e-02 5.239651067952769831e-03 -4.606270600758411576e-02 4.551257208685821620e-03 -7.436194260710142501e-02 9.899398647978599822e-03 2.931450885134041957e-03 4.234562047505207433e-04 -1.052643127630163055e-04 -1.196524112874339761e-02 -6.470478223819463824e-03 -2.707388846444986480e-02 3.541281325454003620e-02 2.573371468548322355e-02 -1.018362843015571673e-02 2.733806779611605217e-02 -1.145310497331303821e-02 4.076939926447432916e-02 2.328555540977653854e-02 1.404594601497069321e-02
0.000000000000000000e+00 0.000000000000000000e+00 0.000000000000000000e+00 0.000000000000000000e+00 0.000000000000000000e+00 0.000000000000000000e+00 -7.657724975913140315e-04 -3.664282938766049314e-04 -1.733963442167458721e-03 -1.347643021053564639e-04 6.261933647621957706e-03 8.634602643528074698e-04 1.941333740787843124e-03 2.402113702102806657e-04 2.927029868790538038e-03 3.979342664002601571e-04 -8.487678942338103185e-04 6.088293942647450378e-03 4.317245711916798540e-02 -6.785378917951409225e-03 4.420649395144732319e-02 -6.360421814447327939e-03 8.305826955034291414e-02 -6.648160107626708941e-03 -4.974483901604698222e-02 -6.134196234485869703e-03 -2.418627989242416298e-03 7.912731573343338189e-04 -1.651988407116925309e-03 -4.679778797522769502e-04 7.745758098662318923e-03 8.613219679944558206e-04 1.336312403903629599e-03 -9.670586005758845119e-04 -1.329285213731244003e-04 4.752483198543289503e-04 -2.948625797725656222e-03 1.496266270512176897e-03 -7.359790464482746921e-04 9.381369798306453357e-04 8.815873114023349902e-03 -1.569555102312584442e-03 1.326076576297779107e-02 -8.934490880714488327e-04 -8.178103201483653481e-03 2.526637616552539255e-04 0.000000000000000000e+00 0.000000000000000000e+00 1.863011811856518131e-03 -3.793441446778267855e-03 1.191054551584154464e-02 7.432315717357778316e-03 2.372697673976663021e-02 3.101908787649983439e-03 2.900024235461360657e-03 6.679358107709431475e-04 -5.553913755853941885e-04 -1.477752789999802483e-03 2.186548495252456717e-02 -6.756446913619034746e-04 -2.263502349275420787e-03 1.200916024598514160e-02 -3.032020670714700430e-04 6.698507365399442612e-05 2.139799051467865601e-02 -5.092044605455820459e-03 6.980591110018649105e-03 4.319814621808501336e-03 3.194579517955050286e-04 7.746010517739104415e-04 -1.539291490370678882e-02 2.851089587149566065e-04 1.693131742009186362e-03 1.290957970250751832e-02 3.076191503791234679e-03 2.401069812820171012e-03 -1.564640936199961085e-02 -8.395300923620591105e-03 3.962500346304374116e-02 3.903104486147153038e-04 1.369084321487072653e-03 -1.833613007060656743e-04 3.513728173562009633e-03 2.996018904983194318e-03 4.997863302376183078e-03 1.576045721124124483e-03 -8.464873575933347383e-03 2.221705534903549873e-03 1.230667688210083238e-02 -5.335568509884468366e-04 7.546775128085492224e-03 1.490206499703417096e-03 7.587066864143313279e-03 -2.995759552881192833e-03 -1.815630343854418224e-02 7.840648154416108781e-03 2.194443181529332626e-02 2.723025177749741153e-03 -9.737801667651773199e-03 4.420242421692807851e-04 -5.490574969255348527e-03 -1.802736709901963915e-03 -4.731234948691065770e-03 3.671845174984542017e-03 -2.014016307597730690e-03 5.822898433434176534e-03 1.666896313364954127e-02 5.473796351212693867e-03 -2.677122526693286389e-02 -1.333299204099572558e-03 1.076253035276675957e-02 -3.503100421908689286e-03 -1.925897452877369659e-02 -2.016329815497205219e-03 -2.153953706007264574e-02 1.166198311269958827e-04 -1.443220876997544991e-02 6.646943723863281590e-03 -3.673819573757351568e-03 -8.443337164212335114e-03 1.894784974543231582e-02 -5.422488349856182700e-03 -5.489836236843478184e-02 1.115564463566485857e-02 4.670693172261050630e-02 2.557245736607736703e-03 3.764545054759491083e-02 9.970954031264777848e-03 -5.146482365438895951e-02 1.097144475708589431e-02
0.000000000000000000e+00 0.000000000000000000e+00 0.000000000000000000e+00 0.000000000000000000e+00 0.000000000000000000e+00 0.000000000000000000e+00 2.300530096414956163e-03 5.783473088806436076e-04 5.110000566363498593e-03 1.502932801973679748e-03 -1.831377975417631740e-02 -1.280821815742618549e-03 -6.979443365456613861e-03 -6.847824951236705692e-04 -7.326890586670107425e-03 -2.961505715382146660e-04 2.310915012750008272e-03 -6.456898794198674685e-03 -1.098849846459851176e-01 8.656195489068775270e-03 -1.262338902503780114e-01 1.037192669384403784e-02 -2.021665516653712302e-01 6.620997167540752099e-03 1.349155946767619518e-01 6.789739242474853061e-03 7.106394274873023900e-03 -1.172802577145805238e-03 5.425173175913719503e-03 4.252061938575534038e-04 -2.269017988155178078e-02 -1.181240668216417379e-03 -4.607962836565027490e-03 4.076930097526852356e-03 1.184857323128561332e-03 -4.211940442814259174e-03 9.336865611836123180e-03 -1.770038523382169021e-03 -9.042723878889432059e-04 -9.458194473053816234e-04 -2.787448182004770639e-02 5.380502782911088938e-04 -4.074521965559151776e-02 -1.365105976892219599e-03 2.786304342199173029e-02 -4.224276214307134437e-03 0.000000000000000000e+00 0.000000000000000000e+00 -2.844822808009336845e-03 9.699320832361127062e-03 -1.587464620293324580e-02 2.597659382956844440e-02 -2.530316515810110412e-02 2.707697474683335923e-02 -8.446267378330147083e-03 -5.338813863258890131e-03 -4.618951818285790302e-03 -5.068669202884821612e-04 -1.487562918476026397e-02 4.135816001812866322e-02 8.077310980279014518e-04 -4.678100940691114554e-03 -1.163872573597983344e-02 2.032516794678506863e-02 -2.785144521619669147e-02 1.700630139429850501e-02 -5.641929801219944078e-03 2.978455339409467190e-02 -2.776164578704430098e-03 1.129846853703157621e-02 -5.733967724806303488e-04 -3.186438925788495115e-03 5.672006023020987296e-04 -2.012701163090120302e-02 -4.477186373202164671e-02 2.434371660622725031e-02 -2.410759897514330816e-03 2.802446941234263550e-02 -3.242448532166360142e-02 3.356923580933749568e-02 -4.658173233156476592e-03 1.193129442823931191e-03 6.288803590793957954e-03 9.718812970409714674e-03 -2.089015236174288082e-02 2.365008653517393367e-02 3.594801198282199933e-02 1.574398086938449612e-02 -4.959272981268875863e-02 1.746690072498406979e-02 -5.162895430983834022e-02 1.267876075117896351e-02 -2.995759552880578307e-03 7.774903889953230229e-02 -5.208174703271532466e-03 -4.005714790216020199e-02 -3.801145608661749692e-02 2.949489351135820350e-02 3.008739061314376004e-02 4.608667810395969400e-03 1.761519685912744590e-02 1.343385277550983303e-02 1.249591837779085758e-02 2.250163453065789909e-02 5.690892825809003991e-03 4.361939591822267849e-03 -2.016365767496003034e-02 4.256502778555043554e-02 4.901144196157886102e-02 -1.368241076987466477e-02 -2.630636722481627734e-02 -2.914535668266536508e-03 2.411833013965140188e-02 -4.252859216522666443e-03 2.672849836497486267e-02 -1.247548414602869110e-02 2.119007480023994000e-02 3.705875089572044367e-02 3.744991513615862112e-03 -9.637253131904079811e-03 -1.208851632897886552e-02 3.510310969952674942e-02 5.372267772713001932e-02 -9.381772485786851745e-03 -2.308699030742067740e-02 2.897508770875016626e-03 -8.156576840359811920e-04 8.645243314255137909e-03 5.015587700255328546e-02 -1.085867661988292390e-02
0.000000000000000000e+00 0.000000000000000000e+00 0.000000000000000000e+00 0.000000000000000000e+00 0.000000000000000000e+00 0.000000000000000000e+00 3.287787494267502600e-04 1.209939768758391517e-03 1.192209310780693345e-03 -5.091991694889266926e-04 -1.575323551814143859e-03 -2.328837009327609699e-03 2.845071422265704839e-03 5.891729361230778859e-03 -2.493859247415005330e-03 -1.692212626963051584e-03 -2.554464501309247799e-03 9.155527696503306528e-03 1.014293752805717069e-01 -7.663805004120711681e-03 1.319594548268545886e-01 -1.609851402553378122e-02 1.099309680046809956e-01 -6.757640791418688050e-03 -1.262883276496364893e-01 -7.003195548749499219e-03 3.674908296671143548e-04 -1.824509917353727686e-03 -2.193752421638391938e-03 4.519773274671936604e-03 -1.101897321945641273e-03 -2.614877523770674228e-03 1.240403779967544275e-03 4.948481656122689400e-03 -1.933501267674392213e-03 4.176735890938872153e-03 2.702778424432835096e-04 -8.680793647222457068e-03 1.758342949168471012e-03 -4.123417892753699840e-04 2.914713360625895665e-03 1.320430028631691677e-02 -1.755911878378875468e-03 1.138039142926240178e-02 1.819485241433151275e-03 6.764918143739124742e-03 0.000000000000000000e+00 0.000000000000000000e+00 1.331203389482174884e-02 -2.064458628903449028e-02 3.603177195749421996e-02 -1.366266782399160572e-02 5.899603751438448757e-02 -2.477726384383610592e-02 -8.494581918222462655e-03 -2.256491538144347886e-05 2.099190061547980869e-04 -1.151673268536554211e-02 3.023251058288527540e-02 6.645878424863554956e-03 -1.525911462730784353e-02 -6.311713143741083665e-02 8.888598836032031089e-03 1.674236182984820825e-02 -6.381916227106822215e-02 2.350421397800099219e-02 -1.865278027059337300e-04 -2.782628486428152456e-02 2.128249769146188866e-02 1.536142306946030982e-02 2.948381752681343559e-02 -1.196516003124957657e-02 9.693131780742617054e-03 -6.191227884885232985e-02 -2.710548964339321368e-02 4.061556041501908701e-03 1.323980586516718214e-03 3.617227739141882364e-02 6.056673190043009025e-02 -1.643055402871520729e-02 2.047030521270418787e-03 5.232481973419817606e-03 2.157948293603189141e-02 -2.921391250118333255e-02 -1.470885853328353018e-02 1.408525144091431723e-02 2.323981354439225155e-02 6.287976147322926236e-03 -3.884255399739031805e-02 1.244782711239520454e-03 -2.515561180137962372e-02 -7.404880009278437362e-03 -1.815630343854001197e-02 -5.208174703283930534e-03 1.974985487498373549e-01 -2.078110591669739618e-02 -1.145919815802498229e-02 -1.953969650384140833e-02 6.521182179097582965e-02 3.110150814619943443e-03 3.780986265364897486e-02 3.467388144577578102e-02 2.176238747812347940e-02 -5.031045777734684948e-02 1.302980839057314884e-02 -4.558751788522398540e-02 -1.809569261917455540e-02 -1.746121452786609379e-02 1.497557298677112403e-01 -1.154359690318752275e-02 -4.818952360001633323e-02 1.243269120325357982e-02 1.143909579523552100e-01 -3.288030034034935406e-03 1.289753682336183538e-01 -2.015521380991591727e-02 -2.257182501176814224e-02 -2.049431287631630488e-02 1.321630725448211946e-02 7.523349594455851219e-02 1.161746271912703250e-02 -4.311436860204412996e-02 2.756417089194915238e-02 1.730005692369188195e-03 5.176230050260437199e-02 5.842803382139098028e-02 1.438655721271376231e-03 2.084212752796526374e-02 5.938268150479458773e-03 1.017245857145066858e-02
0.000000000000000000e+00 0.000000000000000000e+00 0.000000000000000000e+00 0.000000000000000000e+00 0.000000000000000000e+00 0.000000000000000000e+00 -1.210392889002740368e-03 1.393499746415534282e-03 -2.103673998280189330e-03 4.070508568193262648e-04 4.891111369982380740e-03 1.669833394960162573e-03 1.810617749036045688e-03 9.453266027514098955e-04 2.743178140561590775e-03 9.725896524396884790e-04 -1.180637389668004467e-03 1.140961982523425872e-02 5.256323576929373964e-02 -1.060304556070103266e-02 5.233215457754614164e-02 -1.142486880226354154e-02 1.151954436261340420e-01 -1.058628239139484777e-02 -7.242431084009900988e-02 -1.190677121468034470e-02 -1.687903269018081829e-03 1.831687336669652472e-03 -1.516994043043753916e-03 -5.006460604703440002e-04 6.521309605470817020e-03 1.753913364088209191e-03 1.462172946959031236e-03 -1.581589399075856777e-03 9.799458219511545699e-04 8.731742565564035077e-04 -2.680445086946205493e-03 2.123678804418500064e-03 -2.869195910924158535e-04 5.387471859210734692e-04 3.111846906210544682e-03 -1.446094492667380832e-03 1.119635104507699791e-02 -5.762836232774092016e-04 -1.306821712222619621e-02 -9.826379097451791098e-04 0.000000000000000000e+00 0.000000000000000000e+00 2.347813894125590217e-03 5.403678637667791267e-03 1.365172658951114594e-02 1.283052467529080705e-02 2.103554462812246700e-02 1.416130889432170616e-02 9.202471769071478638e-03 1.726022538989772101e-03 2.213181618715634870e-04 -2.214470632003969625e-03 3.182204788636232989e-02 3.887153359503570105e-03 8.695830324786649928e-04 2.430819534202909721e-02 3.923265826324203939e-03 -2.186557398479778251e-03 4.282641826953757086e-02 1.126648401183122372e-03 4.788003341633706444e-03 2.454651380276244924e-02 9.051713772022046411e-03 -1.421522155591945467e-02 -7.675326645323439327e-03 -2.678225760826326643e-03 -1.824903329028121053e-03 3.428787892073938831e-02 2.023213730689299439e-02 -2.186686842800373513e-03 -3.935097502888035975e-02 -1.159757944637708135e-02 4.598098811679661446e-02 3.909627880764830581e-03 9.406386013089254377e-04 2.060413991513356695e-04 -1.175562122893853518e-03 2.292158015906979596e-02 7.978248819041383610e-03 -1.400693788555517662e-02 -1.611848949614233528e-02 -8.098461561804444486e-03 2.260314817712751057e-02 -1.069301455125116519e-02 2.944314211961273492e-02 -1.159890210485520559e-02 7.840648154412342696e-03 -4.005714790216256121e-02 -2.078110591672671995e-02 5.777886275907753721e-02 4.190978567405467814e-02 1.913860081339231745e-02 -3.812541186702003704e-02 -9.486410018135563171e-03 -2.337597519566644508e-02 -1.458564732554844083e-02 -1.875683222746702891e-02 -1.294101587430022959e-02 -7.688061793608511746e-03 1.771049025227616064e-02 2.228355393898346498e-02 1.990209774592964151e-02 -5.919524706815704890e-02 -5.626762577304389619e-03 2.620067819675261575e-02 -2.253765071012901050e-02 -4.518240818554229710e-02 -6.309242776196107884e-03 -3.394072448471840975e-02 1.778182382712692163e-03 -1.908560006510071419e-02 1.088447294888999356e-02 -9.787000207799892437e-03 -1.424774637461150711e-02 2.622106608106230391e-02 -1.865070223654576986e-03 -9.958273473887302440e-02 2.165059422287680252e-02 7.581497781285299886e-02 1.376561470895445571e-03 5.006899831827243269e-02 6.011929697690706481e-03 -9.913660394404398557e-02 2.051248728200041199e-02
0.000000000000000000e+00 0.000000000000000000e+00 0.000000000000000000e+00 0.000000000000000000e+00 0.000000000000000000e+00 0.000000000000000000e+00 -5.087821874574983798e-03 -6.904915118953460981e-04 -1.040066548614229473e-02 -3.287547049033605123e-04 4.596833336453540891e-02 4.423344341739064191e-03 1.321809403937662664e-02 3.731512469284488202e-03 1.918101918852616050e-02 2.368220374302211061e-03 -4.710747123039844310e-03 3.253671586201861005e-02 2.381146682008937199e-01 -3.423362955026811733e-02 2.572271059469530829e-01 -3.610985493274550956e-02 4.461943221486277533e-01 -3.367860014957727022e-02 -2.791762135778779741e-01 -3.126800719791125727e-02 -1.850301496196284437e-02 4.258916300764649041e-03 -1.072166479686109848e-02 -2.496476751388517564e-04 5.295451653828694288e-02 4.317331228470762915e-03 8.771679164446799168e-03 -4.482884401744231979e-03 -2.482790830389448519e-03 8.987665616047286685e-03 -1.852660824532496864e-02 5.707529298788170669e-03 1.764283445980114771e-03 4.182208103023049919e-03 5.660641913082360699e-02 -3.313634609466321358e-03 7.931921988318363370e-02 3.680753814903391444e-04 -5.149080719612485202e-02 6.487431866890838728e-03 0.000000000000000000e+00 0.000000000000000000e+00 1.192534030461269400e-02 -2.207428807743249538e-02 6.333983721917485488e-02 1.470537180569736133e-02 1.211423176015617442e-01 1.123259310088434680e-03 1.250646731794297084e-02 1.598508143846259777e-02 -4.059706879052010818e-04 -1.813046120518627645e-03 1.002462537833771622e-01 -1.234356172083621826e-02 -1.048694156840622449e-02 3.689544700902175345e-02 8.786261771184009084e-03 -5.383229184544716106e-03 7.128149010852898038e-02 -1.999222726656902163e-02 2.912030059855919006e-02 4.881498090814366184e-03 7.138228563195831052e-03 -4.166189359002345043e-03 -4.467266994069223063e-02 -7.194256366466365502e-04 5.832142111550997834e-03 4.554559347848050749e-02 4.569953823032855966e-02 1.299142230901485957e-03 -4.762595702000053249e-02 -3.634948070214288895e-02 1.789726133197439006e-01 -1.277048337068255844e-02 9.142341698949158976e-03 4.423026538457210501e-04 1.832483698885987999e-02 7.665448358968744540e-03 1.354250400515097895e-02 -7.539035446634298476e-03 -3.606570457400883750e-02 2.444685072119843344e-03 5.175741073364857614e-02 -9.982736777921118881e-03 4.255829207436433864e-02 -4.195937935498731709e-03 2.194443181529264278e-02 -3.801145608663585723e-02 -1.145919815805209949e-02 4.190978567408350230e-02 1.150056731798053955e-01 7.688455843246895884e-05 -6.192201572347322269e-02 4.793017381158969949e-03 -3.316524096812965838e-02 -1.344977894557597290e-03 -2.316498055727623379e-02 -1.089549774470118838e-02 -1.400014426189083970e-02 6.055788233145701846e-03 8.226004590515911818e-02 7.238127506342696520e-03 -1.408514389444889270e-01 1.397546604209280209e-03 6.284042021767856367e-02 -1.883507910202952265e-03 -7.150635023908812060e-02 -5.197722343246108725e-03 -1.039568645371453659e-01 5.556229327024070352e-04 -6.806333466053304804e-02 7.143704759847542378e-03 -1.111462307181787686e-02 -2.218217247319613332e-03 8.162397232005873249e-02 -4.801161576099466366e-02 -2.311343333313181925e-01 5.399696078109546271e-02 2.019646248095392504e-01 3.598452082120082857e-02 1.540697408446694283e-01 4.589053254438574952e-02 -2.177014315406295974e-01 5.889459880156718008e-02
0.000000000000000000e+00 0.000000000000000000e+00 0.000000000000000000e+00 0.000000000000000000e+00 0.000000000000000000e+00 0.000000000000000000e+00 1.350081148557174312e-03 1.799049967673810486e-03 3.993568569555769159e-03 1.279231435806682006e-03 -1.491113284546943633e-02 -1.098528155904458922e-03 -5.985737841293547502e-03 2.488866739729205576e-03 -5.296872499221517636e-03 -6.665410763754440419e-04 1.986897804906035542e-03 2.432877518826915414e-03 -1.016504346710636331e-01 1.916252865955747446e-03 -1.133258623903371509e-01 -8.268175624227674112e-04 -1.536598485360688715e-01 -6.129923921003250023e-04 1.143880239980553520e-01 -1.371109121881647266e-03 6.322682421674427622e-03 -7.044361919189801816e-04 4.364395158657118773e-03 2.074551078554027865e-03 -1.629085282020115155e-02 -8.836944181807423939e-04 -4.046402467278781799e-03 5.524258625296706547e-03 1.279019441608097258e-03 -3.103746076018980716e-03 7.452592064914460163e-03 1.366449796233137632e-03 1.890472325764727939e-03 -3.255024801888977554e-03 -2.819231037795938768e-02 -1.701250573986773113e-03 -3.357478502219011368e-02 -3.351579768441060279e-03 1.926081370028408929e-02 -3.128939790844170385e-03 0.000000000000000000e+00 0.000000000000000000e+00 4.070506973649187094e-03 2.026364964848469813e-02 -9.629947753392287604e-03 3.407729889238292342e-02 -4.390917424460511267e-03 4.542691783004118578e-02 -2.499284594466168619e-03 -3.324948765790885011e-03 -1.888607688122861039e-03 -6.064084326127248438e-03 1.255317928039975141e-02 4.849336273317954304e-02 4.708100270563920879e-03 2.620519390062231099e-02 1.926345978350194792e-03 8.494201708999327832e-03 1.804116451651791367e-02 1.673451304944417045e-02 -3.887787068534479494e-03 5.991061088240261234e-02 2.523446267648275874e-03 -1.309508387724152810e-02 8.237395062736593485e-03 -1.905351063998906224e-03 -3.574053306726737971e-03 2.317800871756484082e-02 -2.635697516651385949e-03 1.361151779200682303e-02 -3.577750779672215359e-02 1.260349532358664808e-02 6.280044461595575382e-03 4.022009778969663080e-02 -4.405249176020327624e-03 4.197904573209889842e-03 1.486106157323679533e-03 4.824874120037394437e-02 -8.485595555001430521e-03 -3.344233987866443436e-03 1.239153456827645459e-02 -5.719645231668156644e-03 -1.975185439753644398e-02 -4.348237129571854570e-03 -1.030590559026532509e-02 -8.992827111680900751e-03 2.723025177746560537e-03 2.949489351135251014e-02 -1.953969650386231868e-02 1.913860081339474606e-02 7.688455841935923341e-05 7.358967046769943066e-02 -2.708433842516249149e-03 -2.923831507929559176e-02 -8.782622428033678291e-03 -2.892669553486726039e-02 -1.142802344257490277e-02 -4.857344345521765264e-03 9.707984747861513400e-03 -4.514713257599748883e-03 -7.378456384373571417e-03 9.291441910078827859e-02 1.196552176528369558e-02 -4.785528646807683806e-02 -1.266166513467935871e-02 -6.555104869007011281e-02 -1.524368368629040911e-02 -3.608064194609477554e-02 3.553403811394818118e-02 -4.414006128465524509e-02 5.074005763168830570e-03 4.877415051938714663e-02 -3.516078239512444555e-04 -1.700925942575807386e-03 1.290170358324868767e-02 3.877112256524799239e-02 -4.664719963014238302e-02 6.371387797586352056e-03 4.041894009100478746e-02 6.452601907687465638e-03 5.354412981792570914e-02 1.355027403909982685e-02 -5.338813028006861305e-02 7.977464276566845897e-03
0.000000000000000000e+00 0.000000000000000000e+00 0.000000000000000000e+00 0.000000000000000000e+00 0.000000000000000000e+00 0.000000000000000000e+00 3.223286077965813613e-03 -9.577833332092319362e-04 6.178940495304088495e-03 -1.065298167515329195e-03 -2.734666144586979028e-02 -3.988808657283559982e-03 -5.315173389220250073e-03 1.952729053976206967e-04 -1.193125578715521773e-02 -2.999422527406881908e-03 6.581961510341355001e-04 -1.453316770374359600e-02 -5.477350544520141751e-02 1.416259417726228181e-02 -3.806262911753147127e-02 1.213837416805722998e-02 -1.375614441443095692e-01 1.407436190248034270e-02 5.685709556285345467e-02 1.455269644767948761e-02 1.122991269213923990e-02 -3.829128200195132392e-03 3.960369735652471274e-03 1.680208195727310103e-03 -2.870351799204564833e-02 -4.203179305806774464e-03 -3.966777577768886009e-03 5.133926371445643802e-03 1.460251393016874120e-04 -5.482009985406627317e-03 8.805567728284622100e-03 -7.108079107082223951e-03 -1.876955432013871104e-03 -3.337484438069590956e-03 -2.179498455695087419e-02 7.302388039226653110e-03 -3.274491148276263003e-02 3.753064768842289279e-03 2.825782077756227098e-02 -1.767749800571696492e-03 0.000000000000000000e+00 0.000000000000000000e+00 8.151122562809315006e-03 -1.474477895465543375e-03 -9.444000380353758176e-03 -5.206244931654380875e-03 -8.111957298750287898e-03 -9.940047619663265610e-03 -1.079834412842829022e-02 -1.544279477709844042e-02 -2.115688513665030333e-03 -2.543575665421487293e-05 -1.150209379721222822e-02 1.774356105657445143e-02 -5.683034993848869523e-03 -3.729289099262441537e-02 -8.187663000905308353e-04 1.151432621293157696e-02 -4.277569914603523288e-02 1.397541706074616544e-02 -9.200985884637679149e-03 -1.168252626913190810e-02 7.040621999886511641e-03 1.398937421532932615e-02 2.764209817895105226e-02 -7.467368454672517787e-04 5.312838921482316949e-03 -4.510929732751313426e-02 -4.764752864210492628e-02 5.357675966091480363e-03 2.581043772175684817e-04 3.079410817981134696e-02 -1.545633980318907724e-02 4.126927542992134615e-03 -3.335407407469283009e-03 2.343767166274313835e-03 4.962954846112343707e-03 -1.567115595007604820e-02 -5.133951571657348507e-03 2.159546076291478031e-02 2.047773668656300075e-02 5.227506188272185855e-03 -3.109839519254450901e-02 3.763945292088572390e-03 -3.015743076364459790e-02 1.589873110558509724e-03 -9.737801667645736362e-03 3.008739061314679927e-02 6.521182179098920784e-02 -3.812541186701343815e-02 -6.192201572343852128e-02 -2.708433842505445725e-03 9.623578912698542431e-02 -8.176670911973740047e-03 4.642099712504044878e-02 1.473966505358267551e-02 2.637411103930903042e-02 -5.437131586565327121e-03 2.532547758510514738e-02 -1.771655997210555902e-02 -5.237601914338446685e-02 -5.552618607210010188e-03 2.030121820501290530e-01 -1.357443429856134386e-02 -7.900279554001354843e-02 -8.645482081908665954e-05 1.045521712777588708e-01 -1.993129005663371849e-03 1.656322748449554627e-01 -1.379935495994950682e-02 1.001088658876773778e-02 9.099686000453095953e-04 1.366751240281368837e-02 1.992295753612697076e-02 -1.668001449847647880e-02 1.527111912066807936e-02 8.953158631897746578e-02 -3.519039056880052946e-02 -3.844634810364543770e-02 3.074136655589218645e-04 -3.992387812919898776e-02 -1.483866757932540519e-02 7.565429881657725897e-02 -3.003115007691792293e-02
0.000000000000000000e+00 0.000000000000000000e+00 0.000000000000000000e+00 0.000000000000000000e+00 0.000000000000000000e+00 0.000000000000000000e+00 -6.850884542805478960e-04 4.517629078716825378e-04 -1.723818549065454569e-03 6.140635510328621132e-04 6.008802386307120560e-03 1.488691816419301841e-03 2.110137675411628746e-03 -1.353526783097497299e-03 2.574799511212812978e-03 1.463936378788060913e-03 -9.173307273739459604e-04 1.198237958028467104e-03 4.582896869607440415e-02 -2.592639325497074054e-03 4.710074243601709842e-02 -5.476023205408365557e-05 7.317367258623201642e-02 -2.166667155591364170e-03 -5.538276633239471586e-02 -2.006644299880818664e-03 -2.645721979596340860e-03 1.235977780954026573e-03 -1.365812736469340476e-03 -1.397303437618948371e-03 5.100829986733172033e-03 1.569252207889114056e-03 1.642580748845366397e-03 -3.215242906513650703e-03 -2.317450236518608497e-04 1.638488314774011988e-03 -2.345063749894895841e-03 6.952711436629822449e-05 -1.269018995566859433e-03 1.265940105298266971e-03 7.730242222303278232e-03 1.267332038890952987e-04 1.074046606627407190e-02 1.262144566198779901e-03 -6.963377588525001931e-03 -6.948783099667598436e-04 0.000000000000000000e+00 0.000000000000000000e+00 -3.848155976660252477e-03 -4.177656494242460404e-03 7.292832882307810974e-03 -2.539710429717176483e-03 3.488443423951461536e-03 -5.024347521918683807e-03 3.530008821433382096e-03 2.410394314760185529e-03 5.592096488567349080e-04 -2.241881906001082355e-04 2.891649265117799284e-03 -9.248590366700261411e-03 -1.784432017857201687e-03 -7.231336066541844618e-03 -1.823549674306964912e-03 3.446657037032017316e-03 -5.187918801180078573e-03 -4.680527434246599915e-04 3.240492724129253720e-03 -1.394906010502250382e-02 9.480585306540616761e-05 9.649445177089080797e-03 -1.126744770809065196e-02 -2.692297984091007756e-04 1.081115259915772613e-03 -8.031224216125431789e-03 -6.600602340032459339e-03 2.297596632594569015e-03 -1.788399601571840497e-03 1.318133633894118598e-03 5.351737360089376359e-03 -5.672922798216295526e-03 1.372160583723041997e-03 -2.407778733689349467e-03 2.721538293182516801e-03 -1.908475267941479522e-02 -7.265137472517291424e-03 9.699489636921005895e-03 4.579200567826014791e-03 1.268743223683540394e-02 -4.065571198906973820e-03 1.226697209028630373e-02 -3.922664837079667052e-03 9.968617307278110004e-03 4.420242421700412445e-04 4.608667810393476602e-03 3.110150814633787838e-03 -9.486410018130671251e-03 4.793017381170831120e-03 -2.923831507929310763e-02 -8.176670911974439140e-03 3.254781732659066396e-02 4.896466377661559503e-03 2.537595689304818214e-02 6.301370009158219904e-03 7.683178935925721181e-03 -1.233443570715116525e-02 1.759744981551119442e-02 7.865109134156928958e-03 -4.268796868340049566e-02 -1.815323432649006488e-02 4.662933246115616437e-02 3.494905301955208640e-03 5.192595125273499757e-02 5.441471142674981880e-03 3.421189867988335548e-02 -3.143251754088811911e-02 4.020921000691300706e-02 -2.564667583234877569e-03 -6.737450686464987147e-03 -4.040293444007073652e-03 -3.272679260424100813e-03 -4.766539268824699672e-03 -5.156923806630038694e-03 2.606884916415231138e-02 3.836151547892209350e-03 -1.777075450991233083e-02 -5.097115873513037229e-03 -1.870158110710053515e-02 -2.507511489872802073e-03 2.793000011057595808e-02 -1.001085170513803030e-03
0.000000000000000000e+00 0.000000000000000000e+00 0.000000000000000000e+00 0.000000000000000000e+00 0.000000000000000000e+00 0.000000000000000000e+00 1.606041487599961818e-03 -3.619167798728112903e-04 2.781107771031096285e-03 -6.743784438073873247e-04 -1.374551438083656402e-02 -2.120803513173829917e-03 -2.141338084989077416e-03 7.602516439194206962e-04 -5.793624927879459721e-03 -1.558603546410224343e-03 1.963434609516929129e-04 -3.229332392511123119e-03 -2.108693703884766124e-02 2.734161034676296700e-03 -1.398609935694899997e-02 2.041793113778550030e-03 -6.057506561225740882e-02 2.401445627818900915e-03 2.239635365424459679e-02 3.096904013669869206e-03 5.759624541998810063e-03 -2.057143305099530268e-03 1.667200516671535175e-03 1.176942997215764440e-03 -1.463818007188794068e-02 -2.129500751032140440e-03 -1.579095692337550332e-03 2.484270262347942643e-03 4.054766930563382765e-05 -2.828207710496212328e-03 4.751197386758167565e-03 -3.976181902607935949e-03 -1.853698378681800304e-03 -1.636857942996032631e-03 -1.285398612100650297e-02 3.912405880705812841e-03 -1.800718758255540411e-02 2.602753040025869088e-03 1.391180709927761563e-02 2.645724907872348819e-05 0.000000000000000000e+00 0.000000000000000000e+00 8.951259834750471475e-03 -4.601010883813450264e-04 -4.063391386765002368e-03 -7.625371011599224765e-03 -4.022300885906514301e-03 -8.518833980357260610e-03 -1.667572733444248672e-03 -4.641665013317188828e-04 -1.816251123802087135e-03 6.550946564681742537e-03 -1.029182519762639192e-02 7.654528181259973030e-03 -3.496312849373761546e-03 -1.574146144479806123e-02 -9.274432076314158757e-04 8.115324271143767310e-03 -2.754123839850097441e-02 -2.747963957994772888e-04 -3.182684402651305821e-03 -1.695067755459305631e-02 9.584278304768185843e-04 1.477329931640468733e-02 1.284329811474388926e-02 6.224202189398902454e-04 3.415716096398832991e-03 -1.931443140330224920e-02 -2.333998682476580086e-02 5.099387098063127427e-03 1.365911882387507367e-02 7.624770237202505366e-03 -9.493122520909488826e-03 -9.091792335780835010e-04 -1.420859485398598063e-03 1.372119221928954150e-03 3.294700268102144017e-03 -1.111509563891853458e-02 -4.388063114464546555e-03 7.737427752093112461e-03 1.118129930258305801e-02 7.763104722323459564e-03 -1.346559158932035712e-02 4.317798945729179293e-03 -1.560107893724393957e-02 -6.851214932564284477e-05 -5.490574969253197470e-03 1.761519685913746219e-02 3.780986265366280408e-02 -2.337597519566841225e-02 -3.316524096811701572e-02 -8.782622428024688954e-03 4.642099712504919179e-02 4.896466377659424926e-03 3.384024387729774042e-02 1.432984008885082768e-02 1.533299610724985981e-02 -2.830440768097395188e-03 9.315555691871639510e-03 6.508464485252218011e-03 -2.940869771636492325e-02 -9.723805106629141576e-03 1.082628189304720157e-01 3.356630758291281099e-03 -5.372100069891314056e-02 1.945982742066747900e-02 6.439021122010550602e-02 -3.509043670348683999e-03 9.290365027886536564e-02 4.625067665748459032e-03 4.438457141163918047e-03 -2.529101450516433366e-03 4.465863818597712656e-03 1.971746134347926449e-02 -7.986488814800525582e-03 9.982239151734443108e-03 4.141938806639327425e-02 -2.237957168922422371e-02 -2.193110165590118552e-02 -2.002275747155986795e-03 -2.077999870074835956e-02 -1.450899553949770021e-02 3.642361680411575903e-02 -1.801844180446317972e-02
0.000000000000000000e+00 0.000000000000000000e+00 0.000000000000000000e+00 0.000000000000000000e+00 0.000000000000000000e+00 0.000000000000000000e+00 -3.100020599702375205e-04 -2.183554357555783618e-05 -7.624227201582284199e-04 6.991939987283860968e-04 3.138846830421376452e-03 1.024429480839002173e-03 2.051059694734805317e-03 -1.345037648894577926e-03 8.887741827675021402e-04 1.035849449415422773e-03 -1.304083233968795011e-03 3.498538989762755083e-03 6.060138573311094068e-02 -4.670783285925268237e-03 7.081974375879469819e-02 -2.876205274205428930e-03 8.432047094204837834e-02 -4.485538848541180748e-03 -7.647614905860750101e-02 -4.242921839692921290e-03 -1.722688643820130452e-03 9.028992666215122790e-04 -1.408948302801190950e-03 -1.152123207086729181e-03 2.270322539916845139e-03 9.134524245623215329e-04 1.345247758271673902e-03 -2.001447592008797835e-03 -3.438585604249199041e-04 1.154134550205072060e-03 -9.789056092442433455e-04 -2.632112468006295430e-03 -1.855756162910157008e-03 1.774704030532473897e-03 5.028311317049411616e-03 3.546128130998913927e-03 3.505318097828280955e-03 3.504963214781483226e-03 -4.165746653572261100e-03 -1.518954024228741069e-03 0.000000000000000000e+00 0.000000000000000000e+00 -2.522712884118903827e-04 -1.033096818613944527e-02 1.431295346065903501e-02 3.465510179202490725e-03 1.642138173183614949e-02 -8.267294452478026953e-03 2.033918189933616588e-06 -6.248257047984262513e-03 -1.069796646885454302e-03 2.646484330492109103e-03 1.372325761148293632e-02 2.284368530521540923e-03 -6.314335518397673659e-03 -2.239247883264444336e-02 -4.547261046478002361e-03 9.293097308482496655e-03 -1.346588417825966832e-02 1.146289665573447560e-02 1.467772639133005418e-03 -1.000713653593058444e-02 1.068965627675209397e-02 1.261626498366836581e-02 -2.600699917628995078e-03 -3.665879525488254399e-03 3.831668408465317005e-03 -2.181138073190330359e-02 -2.261188133458183827e-02 3.327309080257113104e-03 -1.630674167932635171e-02 1.707461338791460212e-02 2.291941697719121832e-02 -2.798206195238507783e-03 1.667699523855580793e-03 -1.726518562067513862e-03 1.116054662140262936e-02 -2.355133849838945623e-02 -8.055177217653150881e-03 1.767372773777075440e-02 2.352726223365714936e-02 1.236378498601675181e-02 -2.552951002894286378e-02 1.225752497246324242e-02 -2.199535847643275741e-02 8.979485308850140499e-03 -1.802736709900339129e-03 1.343385277551407443e-02 3.467388144578186643e-02 -1.458564732554973147e-02 -1.344977894552125538e-03 -2.892669553486535219e-02 1.473966505358756222e-02 2.537595689304768254e-02 1.432984008885415661e-02 4.718053720612016416e-02 1.479164063407532870e-02 -2.877505283937363458e-03 -9.898874825680324674e-03 8.468021463329582221e-03 5.130608803986367976e-03 -3.594515240382267773e-02 1.706326510187976264e-02 2.906752688380343300e-02 1.071971509084659879e-02 5.067727276289588079e-02 2.809746141049368137e-02 3.005432798582620066e-02 -1.569579212175636895e-02 2.632072171795388216e-02 -7.780018214146989727e-03 -1.785483241090256518e-03 8.438981859365558011e-04 1.267187817256545338e-03 3.653123195804724305e-03 -1.249693037777961473e-02 1.143193736538388253e-02 3.967524835895741564e-03 2.872686684278246208e-02 1.367759383645397384e-02 -7.154623285270644492e-03 4.046742626092547472e-03 7.421273970852353304e-03 2.549421510520427647e-03
0.000000000000000000e+00 0.000000000000000000e+00 0.000000000000000000e+00 0.000000000000000000e+00 0.000000000000000000e+00 0.000000000000000000e+00 9.919394462064644140e-04 6.969152902347278166e-05 1.893716570434651704e-03 2.404809257923223626e-04 -8.456526940168487133e-03 -5.066133594628041909e-04 -1.378177930061775386e-03 -1.010421458277612752e-03 -3.902791324040827230e-03 -1.089765581502077148e-04 -1.725202969685311546e-04 -4.281573549279455576e-03 2.695353134406219819e-03 3.940136772801972054e-03 6.187305483169786013e-03 4.842170290327147547e-03 -1.959526392930917293e-02 4.125751218983432500e-03 -4.129538088824449837e-03 4.657979937479185886e-03 3.289297378519238143e-03 -5.937525729536593600e-04 1.096069059394772600e-03 -4.140578846819486397e-04 -1.009017061136801077e-02 -5.995347735673426520e-04 -9.682789329156258696e-04 4.540174790796540133e-04 3.968629819006814726e-04 -1.961294269433017275e-03 2.816449570266037032e-03 -2.760314453931084384e-03 -1.532043949520505051e-03 3.673406734085436255e-04 -6.392549347118159711e-03 2.996290944973800142e-03 -1.071781845048788359e-02 2.271131401452507539e-03 8.329364861590559874e-03 -1.503780538873739385e-03 0.000000000000000000e+00 0.000000000000000000e+00 5.625579768795503297e-05 1.229155471866534132e-03 -4.828269173260981567e-03 -3.074857281488017208e-03 -4.166260867076961201e-03 -2.889834024502105185e-03 -3.358124880328341565e-03 -3.765262956588571932e-03 5.126030841659457360e-04 3.750077821979854939e-03 -8.383035053893830857e-03 2.395490029819905779e-03 -1.152664833768068118e-03 -1.639073366303722343e-02 -2.288051388199040768e-03 5.298050423111535720e-03 -1.337543757018118222e-02 4.217468814554589836e-03 -5.681377142536660901e-03 -1.234428301240214805e-02 9.967418907421483898e-03 8.792364906166168573e-03 1.156055849750198435e-02 4.356918143030962497e-03 1.041442386259436824e-03 -1.978270875382153599e-02 -2.179053023362416408e-02 4.676558351106529197e-03 -8.849796950106847415e-03 8.808866742114155116e-03 -1.172389292654735932e-02 -1.770151146644650822e-04 -6.306538197537580465e-04 -4.761613420326334545e-04 9.129034848155149475e-04 -1.050513565264546596e-02 -4.914511162239226273e-03 1.027487550217893141e-02 8.609423274573421020e-03 1.584789941663332456e-03 -1.447491990465572982e-02 -5.705511414421017167e-04 -1.348263338435280560e-02 -3.474618137720286845e-04 -4.731234948689393496e-03 1.249591837779909231e-02 2.176238747814205135e-02 -1.875683222747442924e-02 -2.316498055726978061e-02 -1.142802344257292345e-02 2.637411103932612785e-02 6.301370009158945885e-03 1.533299610725725320e-02 1.479164063407519686e-02 2.347184381496332170e-02 3.052896500578937931e-03 1.943376021452711700e-03 -6.275530153864555295e-03 -1.470938319866077135e-02 -1.761027926231386112e-02 4.304367270117499117e-02 1.314702597264901657e-02 -1.392963565178540961e-02 1.956566589422197716e-02 4.928636521573401263e-02 2.881269559152148038e-02 3.087100606228242172e-02 8.879341170535895097e-03 6.435422332599515308e-03 -2.344664865249942651e-03 3.131924032157216899e-03 -4.172667950896095934e-03 -1.185187791523037090e-02 1.021814945561363291e-02 4.519376340884709298e-02 -1.387015969617529099e-02 -2.950910684830640798e-02 -1.045796434203351971e-02 -3.054486482572870212e-02 -1.775737347147197595e-02 4.689718350837755040e-02 -1.399187340559325879e-02
0.000000000000000000e+00 0.000000000000000000e+00 0.000000000000000000e+00 0.000000000000000000e+00 0.000000000000000000e+00 0.000000000000000000e+00 1.390684169888719299e-04 -5.606531505715117887e-04 -5.268838507484745063e-04 -3.154293431540847832e-04 -3.228145412383232569e-03 5.980292202774622080e-04 -3.447972299030426825e-03 -3.874911176383946925e-03 -6.015468686449293185e-04 5.854014396342205632e-04 1.628562733134007344e-03 -8.880211595180655462e-05 -6.235811420224555979e-02 -6.847816511174327318e-04 -8.482345814881470103e-02 5.549632776612131030e-03 -9.361993103225739465e-02 -1.329940535691686698e-03 8.271775513405892066e-02 -2.691117953899612326e-03 1.253501753953340479e-03 4.644736678233390243e-04 2.959088296225033995e-03 -2.899646994053529676e-03 -5.861701590688947819e-03 7.388334756028102192e-04 -1.662324548913227118e-03 -1.939744769460184128e-03 1.736811263366764809e-03 -4.691844177596918644e-03 2.092837309102276930e-03 3.180565365596245767e-04 9.840907931540202914e-04 3.170839498362639300e-03 -6.996146488932540250e-03 -2.761434490664265405e-03 -9.189646422356083366e-03 -2.228848744166414542e-03 3.900221381824272443e-03 -2.759832298987245809e-03 0.000000000000000000e+00 0.000000000000000000e+00 -1.762626284966535561e-02 2.425651167428591846e-03 -2.828114072298769464e-03 6.131187607711909189e-03 -2.825038326769275035e-02 -3.170611139138988354e-03 -1.787304366257652655e-04 -8.573358331327438683e-04 -5.218561409727089095e-03 -5.267738997175924406e-04 -2.419787250826603911e-02 -9.733658716978850056e-04 1.320000797972375236e-03 7.470931991382892545e-03 -1.712280471439779628e-02 1.090102485204664552e-02 -2.186947141705585049e-03 -6.018455682865189553e-03 3.023950202563091376e-03 9.366186313712979508e-03 -6.263142957097773619e-03 -1.622265311279917546e-03 -2.553992242561359607e-02 -5.389540867231911239e-03 5.939820000622108220e-04 3.577373382342440272e-03 -2.461364948090090723e-02 1.257638950990531967e-02 1.767676337283833818e-02 -5.404261525917594677e-03 -2.998546019293688719e-02 1.560177531303935357e-03 -2.126445275248334786e-03 -3.610963928343657609e-03 -6.397460471828224707e-03 -4.105723167813784061e-03 7.915425113963630438e-03 9.403736335742922392e-03 -1.182325116487660012e-02 1.538306367943200088e-02 2.147981944124151971e-02 1.350366847733865290e-02 -9.117934067882603466e-03 2.268827405196793823e-02 3.671845174985279708e-03 2.250163453067001440e-02 -5.031045777732826713e-02 -1.294101587431151917e-02 -1.089549774469726791e-02 -4.857344345520213554e-03 -5.437131586548795206e-03 7.683178935931321736e-03 -2.830440768092446890e-03 -2.877505283936940619e-03 3.052896500580333950e-03 8.181616384379825080e-02 -4.931491817591228746e-03 3.555968749564373393e-02 9.168421270832984027e-03 -4.149163280272137946e-03 -5.219885162275331170e-02 1.117413539930334557e-02 2.827128916464603792e-02 2.469988672707578662e-03 -7.693336180386926848e-02 2.851997040809610764e-02 -7.200782308140052379e-02 1.894010422476661432e-02 1.004519376172171956e-02 1.707941095563211571e-03 -7.939674367461218435e-03 -4.243377010492028339e-02 -8.798934150615221259e-03 -1.491916749329720571e-02 2.892365121795770211e-02 2.368662534848755066e-02 -6.659405060170402700e-03 1.029017948432866224e-02 -1.827940816807011384e-02 2.761550507669020479e-02 2.515737849974485421e-02 1.449998658711438952e-02
0.000000000000000000e+00 0.000000000000000000e+00 0.000000000000000000e+00 0.000000000000000000e+00 0.000000000000000000e+00 0.000000000000000000e+00 8.621560168874072613e-04 4.757777147729749340e-05 1.838117999819343642e-03 -4.854420530612463063e-04 -8.260558321567631340e-03 -1.303751109788732271e-03 -1.842090264057883635e-03 1.797634659839546494e-04 -3.375804231219374420e-03 -1.081324203648538831e-03 5.535654576001251131e-04 -1.996017948498643446e-03 -3.499069005155611839e-02 2.247888544218094604e-03 -2.926609843228962504e-02 1.082173783627283364e-03 -6.100011924623457288e-02 1.898179892173767428e-03 3.804501128095226503e-02 1.844902984737652359e-03 3.322289088002985079e-03 -1.192630682263288696e-03 1.422135528756343333e-03 7.793285350576442715e-04 -7.977396941960370261e-03 -1.296878180492122340e-03 -1.371356100396690968e-03 1.529968483833322838e-03 -2.856663443280637682e-05 -1.421662946719320095e-03 3.007464891934058353e-03 -8.592011779302072185e-04 -9.212107800573659210e-04 -1.547703648565929143e-03 -9.134961709266373533e-03 8.227551159883350314e-04 -1.108321251963571494e-02 -1.982580196615219611e-04 8.178348751523232749e-03 5.791376331866631170e-04 0.000000000000000000e+00 0.000000000000000000e+00 3.505567738252016174e-03 9.700335232581368261e-04 -2.741744354976182515e-03 -3.509796682456577284e-03 -6.350656535170588063e-04 -2.728960603061966143e-03 -3.376295535860442468e-03 -1.883900000481638585e-03 -5.822357831768859310e-04 1.399081700072458056e-03 -2.196980567498841609e-03 6.112929853106712462e-03 -3.280870437452369976e-04 -6.447076911577434566e-03 1.270177458621012416e-04 1.862147029512371040e-03 3.961335803296270829e-04 2.614571131751496427e-03 -9.862586820882271021e-04 -2.846942491557816896e-03 -1.668217958184590533e-03 1.463481411741528009e-03 5.340783761582497575e-03 3.164000874053744458e-03 1.037958196004272124e-03 -6.541278180485845216e-03 -1.443037905770925070e-02 2.676344466014774284e-03 -9.149507849962492181e-03 2.473469232879405705e-03 -2.472766118469533168e-03 1.248245398760994967e-03 -1.341432893649060609e-03 9.098420219147943140e-04 4.292891771973046970e-04 3.311244747098054941e-03 1.571593613486975015e-03 -7.479971346700511805e-04 -5.615140828357575043e-04 -1.831925538467102594e-03 -2.659651364738495338e-03 -3.568214119770957149e-03 1.143014571712965086e-05 -2.227499637084770327e-03 -2.014016307597920642e-03 5.690892825808788885e-03 1.302980839057458172e-02 -7.688061793606213237e-03 -1.400014426188623748e-02 9.707984747867539829e-03 2.532547758510075853e-02 -1.233443570715351406e-02 9.315555691865529814e-03 -9.898874825683976267e-03 1.943376021446646239e-03 -4.931491817594005171e-03 1.927017321088167132e-02 -1.214685047285736161e-02 -1.583023612557735160e-02 8.523756190560978843e-03 5.835764519979261961e-02 -1.263727476116708118e-02 -2.821607791925110492e-02 -1.376039739058025797e-02 2.533324455496010694e-02 -9.338515853717975143e-03 7.920411583058120653e-02 -1.309553856523952738e-02 1.703875036043250293e-03 1.367497987500868040e-03 3.606279483884329735e-03 8.452018712480283483e-03 1.135164922841538134e-03 7.756053882647728943e-03 3.180230242192330246e-04 -1.420035714976268688e-02 1.041480339990690993e-03 -1.127944038609258884e-03 8.959382888181294247e-03 -7.020668278838386282e-03 -4.044328621361317788e-04 -5.197776917749103581e-03
0.000000000000000000e+00 0.000000000000000000e+00 0.000000000000000000e+00 0.000000000000000000e+00 0.000000000000000000e+00 0.000000000000000000e+00 -7.871079766787826603e-04 -9.256504722504348864e-05 -2.288133124071740649e-03 4.780869392503745417e-04 5.469557482932541070e-03 2.087910912250212549e-03 4.704096842551022607e-04 -2.853730623777226121e-03 3.855967085312522746e-03 1.949525466674233024e-03 1.525193916370382778e-03 1.872968302616865796e-02 -6.508366873066456781e-02 -1.954345725057214656e-02 -7.592458240490942978e-02 -1.334117635285316308e-02 -5.258841458176019557e-02 -2.143454398388846410e-02 7.223135120369647555e-02 -2.080030265206147394e-02 -2.807860738044126812e-03 1.852890198164090655e-03 2.703925503545031228e-04 -2.815816132399035377e-03 2.170103706205790510e-03 2.531505932398841162e-03 1.075072007586413102e-03 -4.948137383182700869e-03 1.160832837436513243e-03 -1.518272761507772836e-03 -1.861132800779227801e-04 2.442806518198375760e-03 1.867234108198318962e-04 3.253480445445990424e-03 -5.933708848869930289e-03 -5.729863038685651874e-03 2.162719885073268594e-04 -2.544686984548293583e-03 -6.305823942127142256e-03 -1.758743141789483912e-04 0.000000000000000000e+00 0.000000000000000000e+00 -1.053154333514186997e-02 1.341721008950661322e-03 6.005302181428561099e-03 4.711107831697107853e-03 -1.932282195124192248e-02 -6.707864672564751302e-03 9.198185886307122527e-03 1.426337559505778778e-02 -9.270424553661232511e-03 1.765221778648636344e-02 -1.183504214444519413e-02 3.721190803484198534e-03 3.940833037257019875e-03 2.050907013277469479e-02 -1.203094773225281237e-02 1.578269508629077597e-02 3.833217112045237546e-02 -1.865616322327656035e-02 9.135461554042122179e-03 3.232091500743953117e-03 -1.425001967410334525e-02 2.565639491182071345e-03 -2.857430778983665112e-02 1.889827078837593745e-03 -1.580029227771845811e-03 1.646974109271006487e-02 -9.965916888206357432e-03 2.156079284735304760e-02 -1.824473361117922438e-02 -2.304407327658503785e-02 -1.047204295225939025e-02 -2.728222236877460988e-04 -1.704246406012738973e-04 -3.810014432234688168e-03 -2.380692504661456512e-03 -1.505061816916108790e-03 3.532840723989968870e-03 2.049380031014905873e-03 -4.256100362128268852e-03 1.847345360298374706e-02 1.419909699559253335e-02 3.811113211364322833e-03 -6.699270865828273885e-03 1.951025859949166025e-02 5.822898433429292420e-03 4.361939591838912521e-03 -4.558751788522850262e-02 1.771049025226116916e-02 6.055788233116733699e-03 -4.514713257592182019e-03 -1.771655997209617070e-02 1.759744981550446369e-02 6.508464485257252179e-03 8.468021463322652001e-03 -6.275530153860952275e-03 3.555968749565515535e-02 -1.214685047285058751e-02 1.270442793031072992e-01 6.871259053640589587e-03 -1.171118200608576264e-03 -1.815508949942609696e-02 2.401910074592190220e-02 8.108698432740011480e-03 2.657856689538166603e-02 -5.195491819084757656e-02 -3.115192415252273674e-03 -2.618281062059288344e-02 5.061045276112344921e-02 2.447306196035054079e-04 2.727284440355410948e-03 -1.397245475242256049e-02 -1.942487528569654745e-02 1.497046687745201554e-02 -2.093749609293882319e-02 -5.163626926674225875e-02 2.670560095506557471e-02 5.916839022855736180e-02 2.252553046586522334e-02 3.594864557171725122e-02 2.225230296545084932e-02 -6.587826802358266731e-02 3.116761723366540462e-02
0.000000000000000000e+00 0.000000000000000000e+00 0.000000000000000000e+00 0.000000000000000000e+00 0.000000000000000000e+00 0.000000000000000000e+00 -4.736957132078571144e-03 -2.726389101327712349e-03 -9.492737728177562742e-03 -1.444603539736239676e-04 4.471585619965629671e-02 4.148035021844468512e-03 9.271035147990618411e-03 -1.717562092669428940e-03 1.842496360445026321e-02 2.511775863825572649e-03 -2.046910063237144996e-03 2.262593255180061699e-02 1.241178821975007507e-01 -2.552210330654936660e-02 1.265566079462339955e-01 -2.196313164915245780e-02 2.672181921662651893e-01 -2.538273956783487079e-02 -1.390835707901679208e-01 -2.435381857865442923e-02 -1.869780220427702186e-02 3.749311340069463438e-03 -7.171522580065837864e-03 -3.024967739307920806e-03 4.863819272524366744e-02 4.033851299332311298e-03 6.197290716180207416e-03 -6.918735219995311540e-03 -1.999547093300241187e-03 6.072167047679761023e-03 -1.530280007086368653e-02 4.487276948583780213e-03 2.616625287424437143e-03 5.149466306091466522e-03 4.484928467946908137e-02 -4.870709801533774225e-03 6.173178867063499470e-02 -1.777285601354402882e-03 -4.164984238791248627e-02 2.717634536619441613e-03 0.000000000000000000e+00 0.000000000000000000e+00 -1.201505245215064334e-02 -1.951297430348659240e-02 4.728340112653902499e-02 1.629351170278432043e-02 7.580539828797695778e-02 -2.888321865737217926e-04 4.432004250110054000e-03 -1.477681819017601355e-03 -2.826650614450286762e-04 -1.026764816264364756e-02 7.024618248707552304e-02 -1.199137318442544502e-02 -6.693624453522806564e-03 1.446438704511352966e-02 -2.412067143332831658e-04 1.957396822161300981e-03 5.888445855441096916e-02 -9.374185468131160728e-03 1.981230180635755803e-02 7.228601949409621530e-03 8.282964051543906595e-03 -5.111208260795477992e-03 -4.765891579643639214e-02 8.433559696655182954e-04 4.353327659908202453e-03 1.588837780895167515e-02 1.384445239076812287e-02 6.494613798106991728e-03 -4.719132050761261354e-02 -1.504013672847477438e-02 1.164644524716564877e-01 -8.258611131882118844e-03 6.640292925664072199e-03 -3.644001395083410876e-03 1.563887608620292274e-02 -1.315072349440656561e-02 3.965890435064977661e-03 1.462342325229938275e-02 -1.292333349407237021e-02 1.328998707114631243e-02 1.448636367319669320e-02 5.894946131704617565e-03 7.326448428301744059e-03 1.515968214046453481e-02 1.666896313364965923e-02 -2.016365767497815126e-02 -1.809569261917778199e-02 2.228355393900318185e-02 8.226004590517438375e-02 -7.378456384372991152e-03 -5.237601914341358245e-02 7.865109134158646334e-03 -2.940869771637615732e-02 5.130608803986607368e-03 -1.470938319866104370e-02 9.168421270825323488e-03 -1.583023612558412743e-02 6.871259053651430741e-03 9.081066520196075242e-02 1.202533330225081208e-03 -2.085767342196294671e-01 4.975599587589694603e-03 9.873202928766229569e-02 1.655051655488661011e-04 -1.143134498306720287e-01 9.907424957327012546e-03 -2.066864711365451468e-01 2.633855579221418492e-04 -4.411560470740139711e-02 4.830254918819250690e-03 -8.041557432861508314e-03 -2.456241823822319023e-02 4.422023800855887088e-02 -6.340831356089990378e-02 -1.074742201522848051e-01 6.988121241886519064e-02 1.019647341601847834e-01 4.868070123823989293e-02 7.562863733202515593e-02 6.582374385976637321e-02 -9.559637937648608752e-02 6.833233915305828021e-02
0.000000000000000000e+00 0.000000000000000000e+00 0.000000000000000000e+00 0.000000000000000000e+00 0.000000000000000000e+00 0.000000000000000000e+00 1.667810521649205858e-03 -6.055108062877108269e-04 3.651768115997906707e-03 -3.115384350757519397e-04 -1.174023299565487947e-02 -3.079512168976431333e-03 -6.036435064779810573e-03 7.176560190880998738e-03 -4.161694876433448889e-03 -2.841428700665892936e-03 2.899749639184975858e-03 1.216103160161686320e-02 -1.307519363494445142e-01 -7.218488049901999534e-03 -1.606497550688748832e-01 -1.392202746423179191e-02 -2.031560552190670998e-01 -1.041097258907953092e-02 1.702662332921836830e-01 -1.139979942473423949e-02 5.505564431283605301e-03 -2.388993396222878571e-03 3.937504644742559345e-03 5.019279014155475158e-03 -1.126301488131093223e-02 -2.987355351460826286e-03 -4.068966343828652431e-03 1.108446114366227163e-02 7.536227947429472492e-04 -3.829798558339296381e-03 7.353981523724786515e-03 6.620593435706411192e-04 3.079616578274459865e-03 -2.117439792797764109e-03 -3.071859056566406815e-02 -2.678244077261093987e-03 -3.724268573323499115e-02 -3.766625633062406324e-03 1.872932744061497901e-02 2.462407271050765824e-03 0.000000000000000000e+00 0.000000000000000000e+00 7.959210423365899179e-03 1.005488622713718826e-02 -6.523034903008647495e-03 4.632051258770077812e-02 5.500233710232647205e-03 4.584098706469875301e-02 -4.343581571161745508e-03 5.087192538385249506e-03 -5.291658053450217641e-03 3.292976395201594516e-03 1.937915495793297860e-02 5.852141553680052788e-02 2.107261664507704101e-03 3.233425833109625225e-02 -9.171704119741712347e-03 1.565725591136907582e-02 1.950102608576654434e-02 1.545598585594138569e-02 -5.857854070559875121e-05 6.799859129065451147e-02 -2.497094035810690400e-03 -7.665874992334700128e-03 7.897839197634344902e-03 -6.759534652541272955e-03 -1.326221409783699201e-03 2.512803304992209871e-02 -5.865957670060714148e-03 2.456144823495112414e-02 -2.156436406547089860e-02 1.049641855359319080e-02 2.112151197978396483e-02 4.665876905039291478e-02 -4.064093135496064414e-03 8.380124294226444503e-03 1.255178689223530701e-02 5.369917369888390496e-02 -1.627022976134424176e-02 -2.107195856758288088e-03 3.179030103860628481e-02 -3.154142343898935340e-03 -3.651028654121692835e-02 -2.491631614269234664e-03 -3.833715632331127776e-02 -5.107721451914329705e-03 5.473796351207977154e-03 4.256502778554711180e-02 -1.746121452789922701e-02 1.990209774593208747e-02 7.238127506319642045e-03 9.291441910079133171e-02 -5.552618607225321724e-03 -4.268796868340583167e-02 -9.723805106644067137e-03 -3.594515240383076848e-02 -1.761027926231819099e-02 -4.149163280266457594e-03 8.523756190553805762e-03 -1.171118200623927699e-03 1.202533330228339019e-03 1.600038495950127093e-01 3.456169348660982285e-03 -1.159369865787242548e-01 -5.093001270755903587e-03 -1.294717890185791420e-01 -4.285276655168668986e-02 -1.073191037636735262e-01 1.977191777935183303e-02 -9.895852822620893052e-02 6.193386800012730484e-05 5.787416310035521649e-02 8.050992619048982519e-04 1.017985730022806685e-02 3.531593845326286285e-02 1.103471394468854248e-02 -1.246154055318958453e-01 3.528401994093790378e-02 1.276554500432759143e-01 4.123805208550141571e-02 1.121071250289030347e-01 6.320956775015657003e-02 -1.251224197388512982e-01 3.835043457694349567e-02
0.000000000000000000e+00 0.000000000000000000e+00 0.000000000000000000e+00 0.000000000000000000e+00 0.000000000000000000e+00 0.000000000000000000e+00 1.069550809414299836e-02 4.129572700482222330e-03 1.996762909098374547e-02 -3.011528909998688677e-03 -9.699460208564492092e-02 -1.243863699329285366e-02 -1.304419977555070984e-02 1.311506216158882417e-02 -4.046667132932543764e-02 -9.378552144828029846e-03 -1.236404545949483513e-03 -3.180078841955721880e-02 -3.260283585841849963e-02 3.684734138875624121e-02 1.606227379247049392e-02 1.791496841812682123e-02 -2.280035759627330183e-01 3.654522325223227841e-02 1.285511690998675238e-02 3.783770289250264207e-02 4.215094318094892573e-02 -1.124728713633393364e-02 8.799934439735620020e-03 1.234938469260726812e-02 -9.901493627466938230e-02 -1.251561041436876319e-02 -9.433922246861384600e-03 2.206733479619864269e-02 1.802194374250546804e-03 -1.209478126376213776e-02 2.709666719996139256e-02 -1.721932280987052699e-02 -4.887019344637415219e-03 -1.262193419340919970e-02 -6.887751928312346728e-02 2.181796656875594626e-02 -9.602245665458535029e-02 1.402966451483768362e-02 7.719873683170971890e-02 4.152062447350567814e-03 0.000000000000000000e+00 0.000000000000000000e+00 6.645335095617391219e-02 1.415804042184230782e-02 -3.892397979108129513e-02 -2.908434010389112159e-02 -2.442301712461867821e-02 -1.797143509199904468e-02 -8.582580119966836188e-03 7.780591174429718829e-03 -3.349505899153344679e-03 2.909989385483176261e-02 -5.345845708974788363e-02 4.489158408798260558e-02 -1.051080992883637356e-02 -4.010426631442839257e-02 6.582590263055300775e-03 4.337585544900683307e-03 -1.280504879790418937e-01 1.860303360827507760e-02 -1.983254798149322595e-02 -3.088092328624425509e-02 -8.281728161539627514e-03 3.168582398827891888e-02 1.107565832773683007e-01 -1.057952929638276800e-02 7.648065225120778687e-03 -4.153843123048545083e-02 -4.290657259551422520e-02 -9.451140009142074486e-03 6.973646514536253893e-02 3.464587703386757395e-02 -5.498759453645828132e-02 8.683054308278086164e-03 -9.236814651602613321e-03 1.613482940307547214e-02 -4.881053530816976092e-03 2.172876017369900978e-02 9.919588314228934556e-03 -4.950957875421905727e-03 8.249843748216167602e-03 -1.821514309800523895e-02 1.529290899659278488e-03 -2.385509580220666545e-02 -2.396068171833441035e-03 -4.033621148647170002e-02 -2.677122526692672991e-02 4.901144196160710925e-02 1.497557298677008597e-01 -5.919524706815061654e-02 -1.408514389444727732e-01 1.196552176533171100e-02 2.030121820501489538e-01 -1.815323432651876068e-02 1.082628189304670335e-01 1.706326510185856779e-02 4.304367270113053368e-02 -5.219885162277726476e-02 5.835764519981525428e-02 -1.815508949942361630e-02 -2.085767342196082896e-01 3.456169348748287448e-03 7.323581387010474897e-01 -3.699246576609464127e-02 -3.137727824260727050e-01 -3.822801648770757406e-03 3.611700558993043431e-01 -5.432299583402002557e-02 7.001542154055085954e-01 -1.980091400579676517e-02 2.814290064422685089e-02 -9.341733069682156597e-04 2.591307103923664451e-02 1.141445147027890239e-01 -1.239524866527402965e-02 1.097746545897849146e-01 6.510278436712726990e-02 -1.609006229205829641e-01 1.011586230826084717e-02 -6.125925746591887044e-02 -2.186138419567736427e-02 -1.142551750942654432e-01 2.000843622966368487e-02 -1.333176756316041545e-01
0.000000000000000000e+00 0.000000000000000000e+00 0.000000000000000000e+00 0.000000000000000000e+00 0.000000000000000000e+00 0.000000000000000000e+00 -1.973752383359793187e-03 2.817675039027427077e-03 -3.148463607053314083e-03 2.480132301905192162e-03 1.095397688379273760e-02 4.633089356373240771e-03 3.930321587859491629e-03 -7.268077189501745417e-03 4.988632645437159237e-03 4.614906038838548046e-03 -1.714322826896663016e-03 -2.426086073019439061e-03 7.444898889136147835e-02 -2.415371806611106391e-04 9.558728844262252833e-02 7.649589147366255525e-03 1.391732617432124008e-01 8.780899470036380257e-04 -1.117913703723119878e-01 1.413862178331983400e-03 -5.366157890732146767e-03 3.860659229014763109e-03 -2.070536134127138640e-03 -5.384482489607084373e-03 8.315582624206330903e-03 4.949059840660311772e-03 2.895938466275057438e-03 -1.159071926814220395e-02 -1.021368180051778212e-04 3.335809864665237323e-03 -4.507454547167383599e-03 2.706259709923277638e-03 -3.025673931852461938e-03 8.837424584438448132e-04 1.478582386475173899e-02 -9.549912517560696368e-04 2.330395999341594582e-02 5.535335780530938228e-04 -1.385380188162424822e-02 -6.451478153048984150e-03 0.000000000000000000e+00 0.000000000000000000e+00 -1.205468982324400806e-02 9.757025431404912560e-03 5.873162143534492799e-03 -1.672817365264806302e-02 -6.823637054832827099e-03 -2.898118749140931455e-03 7.818275303915572794e-03 -3.960718518372040829e-03 4.104288033572085423e-03 -5.761569898376775987e-03 -6.629065643057882075e-03 -2.131318776277008054e-02 2.836603645994107640e-03 -3.587578108835877064e-03 1.083760141452969929e-02 -5.759464445646789166e-03 3.231612415251417479e-03 -7.270923470903927280e-03 -4.045507900112473324e-04 -2.335386170654041652e-02 7.540787999805329857e-03 4.442459851960101807e-04 -1.642380865081450106e-02 9.219474041179448812e-03 -2.490134162439198127e-03 -2.182922456404319620e-04 3.207224694552962725e-03 -9.042681762158362793e-03 -1.796805506272586284e-02 -6.006168894075024182e-03 -1.135207883173184121e-02 -1.321637524322258860e-02 2.115697344759657605e-03 -8.303013659561936030e-03 -1.113951722899059367e-02 -2.132830816823209907e-02 -1.449765360655203179e-03 5.740782186006835631e-03 -2.221477372855678797e-02 8.014737433853811460e-03 2.047439822353247160e-02 6.660003065640251324e-03 3.328608366093224746e-02 2.867096537155029191e-03 -1.333299204096518795e-03 -1.368241076987602306e-02 -1.154359690316535125e-02 -5.626762577301640082e-03 1.397546604230014058e-03 -4.785528646807615111e-02 -1.357443429855348035e-02 4.662933246115599090e-02 3.356630758300831185e-03 2.906752688380883839e-02 1.314702597265153018e-02 1.117413539929691495e-02 -1.263727476116264549e-02 2.401910074593756675e-02 4.975599587582375805e-03 -1.159369865787142767e-01 -3.699246576601639830e-02 1.320182649409729347e-01 5.715247781495846890e-03 1.229778011372102131e-01 2.336594831354222093e-02 1.184869492287396464e-01 -3.384554210413229930e-02 1.049626535338348127e-01 2.238530488316352492e-03 -1.572325997847248691e-02 -8.024414281230921042e-03 -1.655111731248261331e-02 -2.603958416470384535e-02 2.088251278470159081e-02 1.045128470207099675e-01 -1.888544823285152191e-02 -1.067621875866954784e-01 -4.062531916134230064e-02 -7.288468984247668814e-02 -5.158870326304033221e-02 9.372071088003772199e-02 -2.362734848368221174e-02
0.000000000000000000e+00 0.000000000000000000e+00 0.000000000000000000e+00 0.000000000000000000e+00 0.000000000000000000e+00 0.000000000000000000e+00 -4.909999326964881346e-03 -2.310429999598290554e-03 -9.452928605206514442e-03 1.537118524675120269e-03 4.495719627478737129e-02 6.207477050566985802e-03 8.275685736076501473e-03 -5.740162515058106450e-03 1.839970577012716227e-02 4.557215200367980765e-03 4.506665643139173838e-05 2.509229364321400452e-02 3.938144668437720819e-02 -2.610211862132253563e-02 2.349729897862579131e-02 -1.946578701030474839e-02 1.408417826226134872e-01 -2.609371542458054083e-02 -3.458218167858662095e-02 -2.697781379223929479e-02 -1.972467694797006704e-02 5.683058703180883693e-03 -5.812608723822273310e-03 -5.785228465717793221e-03 4.678243027828368761e-02 6.070632033129649482e-03 5.816532765123398792e-03 -1.024670553643186252e-02 -9.850247742191834809e-04 6.669208431236146872e-03 -1.329200711472385693e-02 7.330796942758080470e-03 4.004521359309302399e-03 7.054229837728392266e-03 3.501556597329068266e-02 -9.128664283371204849e-03 4.520489028803893056e-02 -3.927370522783513868e-03 -4.241759812536880642e-02 5.197231388273000630e-04 0.000000000000000000e+00 0.000000000000000000e+00 -3.938379676332747631e-02 -1.489780991436317516e-02 3.263449568602984352e-02 1.711160079656633484e-02 1.977897923956402348e-02 -7.434914844918066867e-03 4.027386276308325382e-04 -1.053081678257970603e-02 1.658644468567593497e-03 -5.437482561948810827e-03 1.359906333923183858e-02 -2.235284213378961257e-02 1.637421433189021561e-03 8.522229045817635365e-03 -1.419969670610935798e-02 -5.295137539888484721e-03 6.049064768553676086e-02 1.934535143342697334e-03 1.191880175986907535e-02 2.184324009686509221e-02 5.350246615836893975e-03 -2.913555921328372933e-02 -5.030418555216042975e-02 -2.432247545860315510e-03 -2.239476559233958847e-03 2.172978857399366151e-02 5.198940181917608566e-03 -7.800388222286958918e-03 -4.793850073837390563e-02 -9.852220666551617795e-03 2.901274626559941644e-02 -1.107935278244297564e-02 6.248351801413483397e-03 -7.444116486513706679e-03 7.633707478031212697e-03 -2.149421894206016495e-02 1.426650499407218498e-03 9.230833262001780434e-03 1.262994421617147194e-02 9.183539605433662517e-03 -1.424688320457955480e-02 1.211099502658411278e-02 -1.597608277023607887e-02 2.517727725160259084e-02 1.076253035276269511e-02 -2.630636722481985781e-02 -4.818952360001461932e-02 2.620067819674127760e-02 6.284042021765845476e-02 -1.266166513470114163e-02 -7.900279554001769788e-02 3.494905301968383431e-03 -5.372100069890693025e-02 1.071971509085566966e-02 -1.392963565176304555e-02 2.827128916466620234e-02 -2.821607791925980629e-02 8.108698432742027229e-03 9.873202928764875097e-02 -5.093001270788915374e-03 -3.137727824260805876e-01 5.715247781523655375e-03 2.030256497864681708e-01 -7.554137852457846330e-03 -1.796298909183832171e-01 3.127673569555066563e-02 -3.414464014764342914e-01 -3.259648600307216669e-03 -1.694797596811260451e-02 -6.847818520770434896e-03 -1.042450530785847887e-02 -5.514278433291747855e-02 1.604042046142688249e-02 -8.517067318176910207e-02 -5.075451241988781365e-02 9.450499362264211389e-02 8.525697718702693328e-02 6.992796673044071598e-02 1.629300863067479829e-02 7.438263572459201389e-02 -5.176139459001455334e-02 8.011651374764387767e-02
0.000000000000000000e+00 0.000000000000000000e+00 0.000000000000000000e+00 0.000000000000000000e+00 0.000000000000000000e+00 0.000000000000000000e+00 -1.700460069192532338e-03 2.276889333139844960e-03 -3.243767447644501159e-03 2.454762507921777210e-03 1.143474940665200473e-02 4.186317888426227714e-03 4.693116130700934231e-03 -7.003727377880109538e-03 4.661018403116871760e-03 4.246621953526557094e-03 -2.592094981529500554e-03 -4.214164800214973555e-04 1.172793764685398504e-01 -3.267630141204553359e-03 1.410494285218791555e-01 6.048485314297009571e-03 1.847520664386382572e-01 -1.380432178312000161e-03 -1.592443982160190452e-01 -6.175632616809982774e-04 -5.517374566024376911e-03 3.480116627203979837e-03 -2.755178128890595733e-03 -5.123264483117857988e-03 8.933444082902811806e-03 4.381081728566965650e-03 3.137953454493221453e-03 -1.107337404174296193e-02 -2.531676108191327924e-04 3.763550876068607470e-03 -3.788350861802781272e-03 8.820263401943771731e-04 -6.440695797226465152e-03 1.882782029554441738e-04 1.656327719644861210e-02 1.458791990479001849e-03 1.813128312018500929e-02 2.168262582913205345e-03 -1.103270763365040048e-02 -7.774686310050803878e-03 0.000000000000000000e+00 0.000000000000000000e+00 -5.897748583724850106e-04 2.034795368928429739e-03 1.059590290139870127e-02 -2.302076010979773116e-02 2.065172311232569332e-03 -1.483547759460052823e-02 8.996458126478569517e-03 1.896175350866021402e-04 5.440538481213864517e-04 -2.080945158130589195e-03 -4.038482564204156841e-03 -2.425758751625404011e-02 -2.309943240326629323e-03 -9.614228967052655672e-03 8.110619263918997235e-03 -5.263675420892252252e-03 -2.300539635994490115e-02 -1.278613503249518765e-02 9.558096074131485972e-04 -3.861977476161392031e-02 6.020913988756150872e-03 1.385795879021715568e-02 -1.292302217162156520e-02 3.473563406461401687e-03 1.344781557951563395e-03 -2.075150499805605321e-03 3.380643574024274310e-04 -1.344583299887736408e-02 1.726016291195257499e-02 -1.047317292611536776e-02 -1.467311852039082307e-03 -2.084939012995670055e-02 2.878115087203425137e-03 -7.805000839084572963e-03 -7.132419306421357991e-03 -3.010348887627748923e-02 5.330373489625241622e-03 3.923766444608631568e-03 -1.947857114259621963e-02 1.895282066149872255e-02 2.157484431920801346e-02 1.295846218003786007e-02 2.715012857313135047e-02 5.239651067955584419e-03 -3.503100421902198384e-03 -2.914535668265238501e-03 1.243269120328239358e-02 -2.253765071012546820e-02 -1.883507910172492689e-03 -6.555104869006969648e-02 -8.645482080435723093e-05 5.192595125273502532e-02 1.945982742068181129e-02 5.067727276289947513e-02 1.956566589422212982e-02 2.469988672701182303e-03 -1.376039739057037699e-02 2.657856689540385661e-02 1.655051655462282372e-04 -1.294717890185627940e-01 -3.822801648673914733e-03 1.229778011372042595e-01 -7.554137852495458605e-03 1.678838963921833183e-01 6.856867705122031420e-02 1.068904993409783705e-01 -1.682222887569785261e-02 1.120810502762261268e-01 -1.342079655652998402e-03 -2.232003179721530825e-02 -5.411575541297181623e-03 -1.101622655346032147e-02 -2.296080605290902119e-02 2.004045867740884140e-02 9.351782023920303388e-02 -3.639411585871128035e-02 -1.103732842770294986e-01 -2.884222315670359471e-02 -6.718671420995506183e-02 -6.814113674790496511e-02 8.601929504535708870e-02 -3.711228356631877251e-02
0.000000000000000000e+00 0.000000000000000000e+00 0.000000000000000000e+00 0.000000000000000000e+00 0.000000000000000000e+00 0.000000000000000000e+00 4.585247855759286978e-03 5.239626050909794441e-03 9.350115164670073573e-03 1.396215320931444310e-03 -4.218365585847646398e-02 -2.895838298695817617e-03 -1.054990872865110927e-03 6.723007469658206885e-03 -1.904347559003042450e-02 -1.546438359241824462e-03 -3.266817414400579808e-03 -1.214970107953318446e-02 1.052005166533328540e-01 1.398906719252079531e-02 1.468536271347263833e-01 6.119370405599724658e-03 4.726937639975337113e-02 1.609920867760503832e-02 -1.366650038363884656e-01 1.988867390951224584e-02 1.759469100576292050e-02 -2.544833823246594410e-03 3.541941360607541930e-04 5.219847620312951728e-03 -4.212588747037537829e-02 -3.282345523811442886e-03 -1.471506066587111288e-03 8.339162446574496790e-03 -1.295954098355380467e-04 5.616302698946292436e-04 1.033001817941211521e-02 -5.410800281158260200e-03 -1.035566972965901514e-02 -6.919391959888759186e-03 -1.844026202505311823e-02 1.171527632402560512e-02 -3.287831222673631704e-02 8.246174341248427297e-03 3.382942800095666003e-02 -2.473693945145703788e-03 0.000000000000000000e+00 0.000000000000000000e+00 5.320118771481065906e-02 6.963108310531024477e-03 -1.824557793995414817e-02 -2.624856413680696013e-02 1.398447934359513603e-02 -2.107625436576401022e-03 -1.103502293474951284e-03 1.507315556427063323e-02 -6.274042768641293049e-04 2.165504482202399578e-02 -1.086394992629254042e-02 1.339161806295235090e-02 -7.766484422667991466e-03 -3.193950403215668060e-02 1.643441766399044573e-02 2.923462835287613318e-03 -9.241131314767504767e-02 6.549174699864357060e-04 -1.416553020786398900e-02 -4.731498404142491648e-02 1.653086465957593482e-02 3.350546823376548272e-02 5.455774008728722646e-02 7.385224523881929286e-03 5.377287299713527993e-03 -3.780254460931725680e-02 -2.163089150391264009e-02 -9.784230456320428156e-04 4.563319392958879728e-02 1.272161304581747622e-02 -6.575943080652325856e-03 -2.240232522815537378e-03 -4.185451666699001425e-04 7.419573361377708627e-03 1.998377133598807330e-03 5.874419447551708015e-03 -1.646788164710655950e-02 -2.067062411413806908e-02 1.047061682721292519e-02 -1.948027941846114386e-02 -2.648533245747557163e-02 -2.013645096948787211e-02 5.213591851620064457e-03 -4.606270600758381739e-02 -1.925897452876531440e-02 2.411833013966541844e-02 1.143909579523601228e-01 -4.518240818553865418e-02 -7.150635023906851129e-02 -1.524368368627203839e-02 1.045521712777842671e-01 5.441471142659777896e-03 6.439021122011294451e-02 2.809746141048307874e-02 4.928636521571649193e-02 -7.693336180387319589e-02 2.533324455497874828e-02 -5.195491819083211671e-02 -1.143134498306710156e-01 -4.285276655163964415e-02 3.611700558993820032e-01 2.336594831350249576e-02 -1.796298909184103343e-01 6.856867705117644651e-02 3.328688177887195176e-01 1.855402384218047748e-02 3.834451424351572046e-01 1.559932144435356369e-02 8.970380952472930408e-03 -6.379366275013563167e-03 1.616667727350830711e-02 5.854320175952690275e-02 -8.043957970332285892e-03 1.051357736828293227e-01 2.955048403249689939e-02 -1.286879687895661484e-01 -3.308717575225165325e-02 -8.516726712828931456e-02 7.778763621531658776e-03 -1.386387347422028682e-01 2.723719849113325278e-02 -1.167760747304853047e-01
0.000000000000000000e+00 0.000000000000000000e+00 0.000000000000000000e+00 0.000000000000000000e+00 0.000000000000000000e+00 0.000000000000000000e+00 -1.044389014249215257e-03 2.662507080879653824e-03 -9.011032965390349675e-04 2.701060063311740752e-03 1.254399849611787833e-04 4.412571440724140891e-03 6.743183158649181282e-04 -9.462521824611293958e-03 -2.023690930437200674e-04 4.529825793038512807e-03 -2.213601703096061777e-03 -9.846204726752891268e-03 9.601947892417179997e-02 7.382055589989984165e-03 1.107501739600579710e-01 1.715897734399934524e-02 1.489860931683106293e-01 8.845117663221309032e-03 -1.361643039147477641e-01 8.423087519272884349e-03 -8.286693462790100002e-04 3.776983282970205243e-03 7.477338558723768680e-05 -7.308608572385513411e-03 -4.267276000802126996e-03 4.397105198443660920e-03 8.397331827787657063e-04 -1.012958972706935398e-02 1.859924747042945295e-03 -3.091239987527734248e-04 -1.526211927990151710e-03 -1.377732838069476232e-03 -3.488981614761250526e-03 5.342820231185910554e-03 9.106291897892393114e-03 2.677955017747608163e-03 1.239971011552085112e-02 3.071897507026728411e-03 -7.475690057068121175e-03 -8.860084696979034224e-03 0.000000000000000000e+00 0.000000000000000000e+00 -2.532201157234905547e-02 1.491701137000718720e-02 9.797115070012091947e-03 3.226177942145300355e-03 -4.999329238748289640e-03 1.069658359376943202e-02 -7.386171201372782784e-04 -2.284453017753431542e-02 3.907383008919182617e-03 -2.445978571844482571e-02 6.419417330350295908e-03 -8.373521143746330900e-03 2.352500737478968509e-03 -2.893436106998485344e-02 7.752067942091593611e-03 6.097167986077882233e-03 6.776759475462881994e-03 2.322221773692362268e-02 -7.199742067241993518e-03 2.598277793721374181e-03 3.367974509051705617e-02 -1.266088150183002602e-02 -1.265615565387672933e-02 9.339374028041467699e-03 -3.388660084444142587e-03 -2.718535551789938789e-02 -2.533286150010179844e-02 2.447610768010643600e-03 -7.762886376863442628e-02 2.406653840525009927e-02 -2.309597985129272467e-03 -2.702241196849976181e-03 7.489026859779358792e-04 -9.136630036436898389e-03 -1.130566525459805564e-02 -1.608146342412243232e-02 3.443882730384346426e-03 2.081064804599115636e-02 -1.778288399385160798e-02 3.989602315333186724e-03 -3.751998834017130843e-03 -1.562703712045494537e-03 1.957540780778533468e-02 4.551257208677431630e-03 -2.016329815492401770e-03 -4.252859216521208408e-03 -3.288030034010947650e-03 -6.309242776203695564e-03 -5.197722343224945966e-03 -3.608064194610254016e-02 -1.993129005641482675e-03 3.421189867989149480e-02 -3.509043670331075688e-03 3.005432798583672002e-02 2.881269559153035176e-02 2.851997040809451170e-02 -9.338515853713364248e-03 -3.115192415238785331e-03 9.907424957316036951e-03 -1.073191037636819223e-01 -5.432299583389865044e-02 1.184869492287563969e-01 3.127673569550247501e-02 1.068904993410089849e-01 1.855402384224635187e-02 1.761228443492839357e-01 -6.494556016662882125e-02 9.552084124047169333e-02 4.151922058024693288e-03 -2.450601738157092042e-03 -7.013467662658350726e-03 -7.168299427107238664e-02 -2.998385291066381006e-02 2.277541373817280890e-02 1.106872085894514829e-01 -7.716370274827875041e-03 -9.527835534896740566e-02 -3.400065397629827707e-02 -8.267185748513344867e-02 -5.582558011306077567e-02 1.089951891694728864e-01 -1.744059754345884949e-02
0.000000000000000000e+00 0.000000000000000000e+00 0.000000000000000000e+00 0.000000000000000000e+00 0.000000000000000000e+00 0.000000000000000000e+00 1.002883142813052950e-02 8.192304529396449500e-03 1.900455713592892615e-02 -1.633840807674878702e-03 -9.759748968848498685e-02 -1.034039412894796096e-02 -1.176675334834408407e-02 1.563056800931158716e-02 -3.928571208928258868e-02 -7.707331050315699081e-03 -1.730920140681553587e-03 -1.960246526951782420e-02 -1.633415897973500286e-02 2.595033804916342668e-02 3.215852898046300812e-02 6.097446961123091994e-03 -1.761132039898976043e-01 2.523812851503297316e-02 -1.193461349885316380e-02 2.707156889047750842e-02 4.159290763316639272e-02 -9.000428777092520094e-03 8.244232859555080534e-03 1.335463668395931065e-02 -9.794556694299774713e-02 -1.004398977863931244e-02 -8.342955366045875024e-03 2.139160217718126186e-02 1.802051697038663160e-03 -9.675469777391141821e-03 2.779734067390324942e-02 -1.102743455348405982e-02 -1.034394142019805923e-02 -1.400859414328555624e-02 -7.818293922470834212e-02 1.712549069594462500e-02 -9.860082611254272766e-02 9.931830257556902020e-03 7.433604975686919358e-02 4.705801862930725915e-03 0.000000000000000000e+00 0.000000000000000000e+00 8.553497715679393709e-02 1.911794681813182989e-02 -3.294924129273087837e-02 -4.142435690019811295e-02 7.657293063979634870e-03 -1.385861131111567647e-02 2.410039957692550801e-04 3.601329406488466833e-02 -2.410163579657417440e-03 4.242570165488993711e-02 -2.946648888627795976e-02 4.260303808693909761e-02 -4.323996545477215570e-03 -2.037909419087694657e-02 1.974419644700006055e-02 6.654696112977109314e-03 -6.228189944333321210e-02 2.286531040646603771e-03 -1.005306410881539117e-02 -4.542544589176098629e-02 -9.544283677909475710e-03 3.588724830597445070e-02 9.085206836410589237e-02 1.091581421569007802e-02 3.517976781949138168e-03 -1.969608558864855211e-02 -2.053672474499147402e-02 1.086476036441645990e-02 6.848693327151073040e-03 -3.547024843809429631e-03 -1.506261439780046812e-02 4.140627880300141832e-03 -9.173975953606475914e-03 1.767244373391907777e-02 -2.130076354001402255e-03 5.005321749808074733e-02 9.183869093561981833e-04 -5.273715447569226472e-02 -7.483682043712820003e-03 -3.799797379476552162e-02 2.014430346862274707e-02 -4.709147132260696478e-02 4.143733041416104018e-02 -7.436194260708872683e-02 -2.153953706007669111e-02 2.672849836499456913e-02 1.289753682335863794e-01 -3.394072448470752262e-02 -1.039568645371767852e-01 3.553403811400473317e-02 1.656322748449636229e-01 -3.143251754093445011e-02 9.290365027885359728e-02 -1.569579212178007221e-02 3.087100606223915772e-02 -7.200782308141501220e-02 7.920411583059848437e-02 -2.618281062058522290e-02 -2.066864711365605789e-01 1.977191777944567463e-02 7.001542154055010458e-01 -3.384554210422630743e-02 -3.414464014764128641e-01 -1.682222887581417969e-02 3.834451424350678872e-01 -6.494556016675157029e-02 8.206543867577479334e-01 -2.196317952565293025e-02 1.055117649401954294e-02 1.990449095140062533e-03 1.624645825282323985e-02 1.296856984477040287e-01 2.408435614626127166e-02 1.415496160307162243e-01 -8.363588095973212289e-02 -1.827835611411754435e-01 8.778410343247104730e-02 -1.001000410172336041e-01 7.717160686073694376e-02 -1.532825039403368228e-01 -8.967337514510700935e-02 -1.291534758657903181e-01
0.000000000000000000e+00 0.000000000000000000e+00 0.000000000000000000e+00 0.000000000000000000e+00 0.000000000000000000e+00 0.000000000000000000e+00 -9.215203703816924382e-04 2.361500497899654549e-03 -1.586562495037198428e-03 1.779536239214470680e-03 1.607764737298601754e-03 3.373660879962460217e-03 1.123793537362363908e-03 -6.750481379430575517e-03 1.518950908622300694e-03 3.473773364791913568e-03 -1.334094126363538201e-03 -3.148434089867205125e-03 5.529044246563526860e-02 6.510017411031573682e-04 6.659094433513453037e-02 9.184072881379365047e-03 1.001031159376469803e-01 1.636222200096526481e-03 -8.757561710071086469e-02 1.631263347936253143e-03 -1.362805783594543338e-03 2.883975023580942314e-03 -3.227786746724499792e-05 -5.104807963311478597e-03 -1.954427262280707470e-03 3.706415313077496016e-03 1.155927883294737436e-03 -9.485812351591666955e-03 1.113721742680118818e-03 5.429899700004137738e-04 -9.350773705801481437e-04 4.809738643780118658e-04 -4.127987972566300560e-03 1.869469470478300321e-03 3.738420197463653179e-03 1.163986981482902430e-04 7.965294827055552015e-03 8.898396189826623427e-04 -5.033180779805150086e-03 -7.022406695357509554e-03 0.000000000000000000e+00 0.000000000000000000e+00 -8.968652196299230911e-03 1.060407078109901896e-02 3.077425210989214333e-03 -1.358478128478253326e-02 -1.462567778369680896e-02 -5.815407709569819436e-03 9.643883160598222884e-03 -5.384559426251187692e-06 7.124832202376737761e-04 -3.556263487822206287e-03 -7.933950045886662902e-03 -1.800404488664718999e-02 2.251905476582681965e-03 4.834218482086660891e-03 4.817239665628273923e-03 -2.069321579027559675e-03 4.815861366212863259e-03 -1.131324634437174889e-02 1.199313861944527337e-05 -1.620786441267322783e-02 5.386095730746376202e-03 2.296906438215081878e-03 -1.599975284212730789e-02 3.254954081983986881e-03 -1.699479242008239237e-03 9.544061676833755226e-03 -5.294222641002799355e-04 -4.550509646109169096e-03 -9.171912942068817867e-03 -1.409711654410724865e-02 -1.333680658999935112e-02 -1.221737223840867713e-02 1.375893936176066079e-04 -7.123952589096786345e-03 -1.442971255113397432e-02 -1.409248178260449381e-02 1.372885871321321595e-02 2.790613404981948532e-03 -3.194168293474553000e-02 1.082956568878200125e-02 3.578148584101228241e-02 4.833456140590397694e-03 3.714354213787799536e-02 9.899398647979205240e-03 1.166198311295326041e-04 -1.247548414602487298e-02 -2.015521380990011741e-02 1.778182382708732657e-03 5.556229327139852302e-04 -4.414006128465445405e-02 -1.379935495993829357e-02 4.020921000691377034e-02 4.625067665760572606e-03 2.632072171795742446e-02 8.879341170539607406e-03 1.894010422476335651e-02 -1.309553856523282787e-02 5.061045276113677882e-02 2.633855579136525462e-04 -9.895852822620654354e-02 -1.980091400572095775e-02 1.049626535338385180e-01 -3.259648600337297641e-03 1.120810502762362298e-01 1.559932144438938573e-02 9.552084124045913394e-02 -2.196317952556911188e-02 1.057596733503143732e-01 3.025352062250020926e-03 -1.387190924356270817e-02 -1.035182639036786451e-02 -2.445671341165040272e-02 -2.145438279501377110e-02 2.159994989831638679e-02 7.323157175178951483e-02 -2.185922356952913967e-02 -9.081065044574196388e-02 -3.778148953446562597e-02 -6.263513015669615325e-02 -5.233379770177629120e-02 6.399776075470937908e-02 -2.202684615444995900e-02
0.000000000000000000e+00 0.000000000000000000e+00 0.000000000000000000e+00 0.000000000000000000e+00 0.000000000000000000e+00 0.000000000000000000e+00 2.933225275398908347e-03 4.985503587746176017e-04 6.257336004870664263e-03 7.000284390784308405e-04 -2.530844844785302972e-02 -2.348625815418890414e-03 -9.473429439263660393e-03 -3.318297368138920390e-03 -1.041620022525565833e-02 -9.503771190465419095e-04 4.140611454583038517e-03 -2.558308951857360403e-02 -1.972760221539547332e-01 2.716375972545682221e-02 -2.208757749702482398e-01 2.983801236107658586e-02 -3.448208686545455315e-01 2.644424423518032530e-02 2.336127603407063269e-01 2.460230828097596453e-02 1.004479343443093024e-02 -2.263839742327649566e-03 7.781515904270432105e-03 -2.944703396266110324e-04 -3.094563454315397283e-02 -2.148394381765157332e-03 -6.206903444180449959e-03 1.949848854456649435e-03 1.781762437093049574e-03 -5.053015610409165165e-03 1.177933911926436206e-02 -1.787258287926835054e-03 6.840215976535377052e-04 -2.535242550453520056e-03 -3.811424607053625485e-02 -5.413010160249306230e-04 -5.295116092752617104e-02 -2.662502672615314758e-03 3.275122531270805576e-02 -5.219905694233836595e-03 0.000000000000000000e+00 0.000000000000000000e+00 -1.348412328298797917e-02 2.126618686145903200e-02 -5.225000513913528877e-02 -8.950692023835631062e-03 -9.891330017168459277e-02 6.453799821140887572e-03 -7.698176987646521141e-03 -8.575332904188588332e-03 1.813003257473706949e-03 7.132643628804973728e-04 -7.655905717190068793e-02 6.896715751617456085e-03 1.238334942300548143e-02 -1.430635598323782079e-02 -4.951259923656064349e-03 -2.672836904010496284e-03 -4.031341103078800447e-02 1.189899472318572439e-02 -2.253264311660685415e-02 5.785367648727128900e-03 -8.419394961170546116e-03 -5.064920020032865657e-03 3.302292579665124655e-02 2.712801489440656768e-03 -8.240666872002241905e-03 -2.057068149770483606e-02 -1.227086855600226581e-02 -5.327262308379217270e-03 3.743289179884073253e-02 2.055001354535760869e-02 -1.436169614061181266e-01 1.268941346465176506e-02 -6.773611899532838536e-03 -1.119372531839655854e-03 -1.764970410328184358e-02 2.932465001752414605e-03 -9.474036362661700933e-03 -3.265271645521154904e-04 2.385047455440842540e-02 -5.623903659306898548e-03 -3.324497830313384583e-02 6.002624346996030674e-03 -2.344212555545524893e-02 2.931450885140816053e-03 -1.443220876997789240e-02 2.119007480024682338e-02 -2.257182501174869946e-02 -1.908560006512460827e-02 -6.806333466054396986e-02 5.074005763149676621e-03 1.001088658879266229e-02 -2.564667583224685635e-03 4.438457141175535491e-03 -7.780018214137908450e-03 6.435422332612232565e-03 1.004519376172436501e-02 1.703875036042538840e-03 2.447306195758366769e-04 -4.411560470740100853e-02 6.193386796780561178e-05 2.814290064424625898e-02 2.238530488339231760e-03 -1.694797596812874091e-02 -1.342079655616051394e-03 8.970380952507583244e-03 4.151922058054606859e-03 1.055117649399483354e-02 3.025352062266277887e-03 5.684636438947368586e-02 -5.086233988236199370e-03 5.796047746857407867e-03 -4.396501334665695038e-03 -6.574027559522008235e-02 3.950658079327446642e-02 1.757175669483025948e-01 -3.478141642826057534e-02 -1.702466555763013922e-01 -3.503935262251182264e-02 -1.207671719954771933e-01 -3.496976570269923895e-02 1.705893882796697680e-01 -4.001366409094946064e-02
0.000000000000000000e+00 0.000000000000000000e+00 0.000000000000000000e+00 0.000000000000000000e+00 0.000000000000000000e+00 0.000000000000000000e+00 8.579981779276680490e-04 1.301393565108037702e-03 2.669860094589941810e-03 1.557782487512087517e-03 -1.056219301813927751e-02 -2.681407975165359220e-05 -4.221792046071566086e-03 3.134827427163787059e-04 -3.565813352257093428e-03 1.615022005715628032e-04 6.145474275318222376e-04 3.281908866385302957e-03 -3.522256914484212659e-02 -1.074989152345105867e-03 -4.195683543601861493e-02 -9.601076686516653693e-04 -5.101900199867259733e-02 -2.614632633590675999e-03 3.447688076546983477e-02 -3.602037219276004679e-03 4.486116911167575480e-03 1.766898301432069445e-04 2.984160333575173584e-03 6.362182675987985612e-05 -1.195129352170420933e-02 8.504484102472038701e-05 -2.810997777292027159e-03 2.679509831422613973e-03 1.447851819854226174e-03 -3.285463000240769395e-03 5.194704552159725569e-03 7.945756113144541912e-04 -1.447894082962103033e-03 -2.147991446080222810e-03 -1.849975643885224189e-02 -8.979247859175854907e-04 -2.260215221024977281e-02 -2.503410177257113685e-03 1.360596644075956138e-02 -5.646463815150012597e-03 0.000000000000000000e+00 0.000000000000000000e+00 1.829121734172164211e-03 1.447889032280565320e-02 1.566561689219764329e-03 4.065236836219776606e-02 1.306619963687491448e-02 4.568980938218770299e-02 -1.135778039543943255e-03 -1.126472657999771573e-02 -1.933500395645660870e-03 -1.024717474283642384e-02 2.900522995854646485e-02 4.305950080313828560e-02 2.379407544597368607e-04 1.912605521378104440e-02 -1.982288826329951965e-03 1.269457001831089497e-02 2.231690796902786877e-02 1.923706991574257452e-02 -6.433202201143667972e-04 5.274888411505730679e-02 1.012389559201637944e-02 -3.169818481205783148e-03 -6.852764799827937292e-03 -1.842148879182002206e-03 -3.907378961642566230e-04 1.508604937667390282e-02 -1.962214796178154627e-02 1.637399648179225370e-02 -5.379110444997940721e-02 1.853055810954674573e-02 3.431672056150304739e-02 3.786165174932699939e-02 -2.989794346623865073e-03 1.857386413014261396e-03 6.691520301807528902e-03 3.242470643547519515e-02 -9.529751931078500257e-03 1.394912388847450134e-02 1.388207679394876798e-02 6.232800791404267786e-03 -2.372743210519028326e-02 7.064691567432437522e-03 -1.687380095574537997e-02 4.234562047496138624e-04 6.646943723863186181e-03 3.705875089571502440e-02 -2.049431287633340232e-02 1.088447294889693766e-02 7.143704759850727330e-03 4.877415051938997770e-02 9.099686000323555478e-04 -6.737450686466311608e-03 -2.529101450526095776e-03 -1.785483241093291200e-03 -2.344664865254666303e-03 1.707941095559240138e-03 1.367497987498056053e-03 2.727284440356683801e-03 4.830254918824983083e-03 5.787416310035630590e-02 -9.341733070037694679e-04 -1.572325997847293447e-02 -6.847818520754166659e-03 -2.232003179721823993e-02 -6.379366275033320800e-03 -2.450601738155667834e-03 1.990449095114415513e-03 -1.387190924356240633e-02 -5.086233988229102616e-03 5.375054878840779954e-02 -2.446375247273081983e-03 -2.137252165960051159e-02 1.813476136125988930e-02 3.491184839537769813e-02 -4.905395511354126298e-02 1.012445373877351312e-02 4.389955998970399009e-02 3.576892242796492899e-03 5.159750541944031071e-02 1.414057138283173615e-02 -5.293130844203253887e-02 9.988184691169270032e-03
0.000000000000000000e+00 0.000000000000000000e+00 0.000000000000000000e+00 0.000000000000000000e+00 0.000000000000000000e+00 0.000000000000000000e+00 2.993724966569491345e-04 -1.208309012707958242e-03 8.757609474547854754e-04 -1.819550981549012552e-04 1.366845189329250840e-03 -1.017010706601278406e-03 -5.678934589036136555e-04 -7.976130941094801592e-04 -2.412724689441982551e-04 -7.694271014035476046e-04 9.320454464350144425e-04 -8.848725843002768279e-03 -5.007025446080246023e-02 8.738039981241967416e-03 -3.569969768486485479e-02 7.797507509354911943e-03 -7.398281298475008205e-02 8.572189602850851728e-03 5.038888697970296537e-02 9.163304423212727604e-03 -7.785943499146194893e-04 -9.848984480808635391e-04 3.084096505389829742e-04 3.796164527484148141e-04 1.285538034937953704e-03 -1.201267192196228987e-03 -6.899813480799807386e-04 9.785554679303291262e-04 -1.179467814599102380e-03 1.076410334401398366e-03 6.751357472754933222e-04 -5.178498461051721669e-04 1.017422974539639990e-03 -3.597595859361828532e-03 -4.895157383580706935e-04 4.502540985157414927e-04 -3.822825321680786356e-03 -5.794316433740453803e-04 6.103796825106968735e-03 -7.612441454335856436e-04 0.000000000000000000e+00 0.000000000000000000e+00 4.416814482982662354e-03 -2.078457109114183101e-03 -1.032371532196529364e-02 -3.270547502468348997e-03 -4.916718558478771518e-03 -1.282538812027756185e-03 -5.962954159324525272e-03 -7.493932160845795908e-03 8.905967379969925192e-05 -3.060958153363811576e-03 -4.411545846873739761e-03 2.331129444682656076e-03 1.504081249643076604e-04 -1.513494154148252793e-02 2.835339029755997234e-03 -9.979002844482972971e-04 -1.087426772613838549e-02 7.785289185624614562e-03 -5.038675996238138263e-03 -1.431745832722061988e-03 -1.342618981500741208e-03 2.517481426279291178e-03 1.699879442602308596e-02 -3.046393406132053873e-03 -1.614209709645452598e-05 -1.661346581364387537e-02 -2.273573379163461566e-03 -4.300330513663271417e-03 2.649843421750387035e-03 1.423587447988852034e-02 -1.156720523444126555e-02 9.386073156129849052e-04 -2.133135132739080177e-04 -2.028394043802877565e-06 1.719957980291006178e-03 -5.159998235632487322e-03 -5.134840671601309178e-03 4.718054322961247327e-03 1.136876767093218318e-02 -1.964045797830831983e-03 -1.513231304257067582e-02 2.180583915044785538e-04 -1.075123097709308750e-02 -1.052643127614900876e-04 -3.673819573756257825e-03 3.744991513613314671e-03 1.321630725448084964e-02 -9.787000207797956486e-03 -1.111462307181330066e-02 -3.516078239516261489e-04 1.366751240281176456e-02 -4.040293444007109214e-03 4.465863818595114040e-03 8.438981859368963490e-04 3.131924032155929301e-03 -7.939674367464186547e-03 3.606279483883380842e-03 -1.397245475242407144e-02 -8.041557432857086504e-03 8.050992619046173351e-04 2.591307103922629515e-02 -8.024414281231236762e-03 -1.042450530785443870e-02 -5.411575541297687295e-03 1.616667727350440051e-02 -7.013467662658185060e-03 1.624645825280941064e-02 -1.035182639036840747e-02 5.796047746853978319e-03 -2.446375247272463554e-03 1.111888782679535184e-02 6.975014863514998956e-03 -1.148824780690388403e-02 6.521366466314583096e-03 4.152995662828828927e-02 -1.284554123955533242e-02 -3.935245887247148383e-02 -3.320887552068621301e-04 -2.650613720237002258e-02 -4.268614592506316148e-03 4.016102556589545153e-02 -1.396896283346954655e-02
0.000000000000000000e+00 0.000000000000000000e+00 0.000000000000000000e+00 0.000000000000000000e+00 0.000000000000000000e+00 0.000000000000000000e+00 -2.813648959734627031e-03 -5.743721169279133922e-04 -5.488450401754132318e-03 -6.020703023777261922e-03 2.914068967050070791e-02 -5.213086833706108078e-03 1.165498583819022348e-02 1.927288566220887456e-02 1.307949252751282321e-02 -4.964668121045401339e-03 -8.049834344035977293e-04 1.203592068077379180e-02 5.451989018728006786e-02 -7.677209741667032419e-03 6.621180064637724461e-02 -2.945175134500989042e-02 8.101564619188184047e-02 -1.235805561909688634e-02 -3.457854319749420480e-02 -5.062620310230028613e-03 -1.277084222477611886e-02 -4.358922110614835317e-03 -7.970400532213740841e-03 1.596580243588457959e-02 3.484013170203089510e-02 -4.110408622784042509e-03 6.580930499989373281e-03 6.544796754210684651e-03 -7.765608442199436155e-03 9.961689474373751352e-03 -1.361540061441436633e-02 -2.667335784370121650e-03 2.047761858256469739e-02 2.829445074331387710e-03 3.445860137295621295e-02 6.961897527643857303e-03 6.016574149524474974e-02 7.791494798879557496e-03 -3.304562172387728869e-02 2.872160663880413481e-02 0.000000000000000000e+00 0.000000000000000000e+00 2.376574593146313363e-02 3.008617177131752297e-03 2.864689570238213110e-03 -4.050964992192347680e-02 3.069183639064644933e-02 -2.252071952250940881e-02 8.224189004560813337e-03 3.612939731719770620e-02 1.269845983308615263e-02 5.152761604423802128e-02 -9.079433616088108949e-03 -5.888392402408461693e-04 4.314520683106013235e-03 5.823931960985324202e-02 3.082638751881337097e-02 -4.382290624116344513e-02 -2.875460657520621105e-02 -5.613560571676664418e-02 2.519559284854253132e-04 -3.546249258967352352e-02 -2.157788438799027042e-02 -1.114823456902670762e-02 7.932333251783227346e-02 1.986639832378595330e-02 -7.078567670185615356e-03 7.649691397815709670e-02 1.450355212278939543e-01 -5.289496311502029507e-02 1.177560891417009370e-01 -5.945720338848570902e-02 7.835885639318168616e-03 -1.155313016882433472e-02 5.292430628370490935e-03 1.370328541202985376e-02 -4.388694941811614215e-03 8.003927534898883089e-03 1.938052179214626303e-02 -2.112659844446252572e-02 -2.808718766324269991e-02 -8.681857259611892169e-03 6.265402630691747909e-02 -8.078979677405687121e-03 5.237746784013418144e-02 -1.196524112873033688e-02 -8.443337164216748250e-03 -9.637253131910460124e-03 7.523349594454213640e-02 -1.424774637462010961e-02 -2.218217247347598758e-03 -1.700925942590352825e-03 1.992295753613038817e-02 -3.272679260427096681e-03 1.971746134348023594e-02 1.267187817266882772e-03 -4.172667950900882036e-03 -4.243377010494060741e-02 8.452018712468227155e-03 -1.942487528571158056e-02 -2.456241823825272216e-02 1.017985730021391672e-02 1.141445147028140594e-01 -1.655111731248393517e-02 -5.514278433291596587e-02 -1.101622655344355016e-02 5.854320175956576056e-02 -7.168299427108747179e-02 1.296856984476871810e-01 -2.445671341165554791e-02 -4.396501334650258601e-03 -2.137252165960981665e-02 6.975014863524852185e-03 3.211842445795152767e-01 -5.357993485946937334e-03 -4.253613255388564302e-02 6.272418270787280536e-02 1.484830410849774865e-02 -5.515141571696140221e-02 4.358002788635386565e-02 -2.489268289411867771e-02 2.891929292311377561e-02 5.060933530610380038e-02 3.497323516881777061e-02
0.000000000000000000e+00 0.000000000000000000e+00 0.000000000000000000e+00 0.000000000000000000e+00 0.000000000000000000e+00 0.000000000000000000e+00 -4.646330356143645555e-03 -3.601612592153073233e-03 -1.019058244861915929e-02 -1.788047406007353679e-03 4.505777365584023170e-02 2.915421339165354727e-03 1.355204343241659878e-02 3.112126716443620357e-03 1.819931817909740610e-02 1.031487818342572728e-03 -4.439545716798845576e-03 4.716091237771398437e-02 2.381720361932555263e-01 -5.015039996259313543e-02 2.485089675111480656e-01 -5.230763670561265621e-02 4.090915489850129871e-01 -4.897639768031853552e-02 -2.586778250610978214e-01 -4.941582463530158620e-02 -1.867040041175639306e-02 2.648821971088058044e-03 -1.051256480703450895e-02 -5.784018334353572752e-04 5.161927991343637223e-02 2.646447825021477039e-03 9.112213057047830952e-03 -4.569302595866023969e-03 -2.596094160543519196e-03 6.626009329377778936e-03 -1.677039382397910519e-02 3.816816793309990401e-03 -8.879833735922820683e-04 6.379334704369954250e-03 5.105503326572798789e-02 -3.386047329844713710e-03 7.064748794563052714e-02 1.677975308391546194e-03 -4.949556538487713542e-02 8.734145837402895740e-03 0.000000000000000000e+00 0.000000000000000000e+00 5.649019882072010834e-03 -3.158154233587896070e-02 7.078918798984444594e-02 2.400478739153260807e-02 1.183355070585370011e-01 -3.327875130623291367e-03 1.037215167104191781e-02 1.862164789522161371e-02 -6.831701206661467372e-03 1.149688192110897254e-02 8.955558855087156211e-02 4.615862103053701730e-04 -1.363424464490661965e-02 2.882165088767925029e-02 -8.123508869480959224e-03 7.345025022013209649e-03 6.103859114343034714e-02 -1.657019477696430529e-02 3.178301073721879338e-02 -1.062738832300469784e-05 6.238849631450132070e-03 1.280784895302169730e-03 -5.675963731428021464e-02 6.765660049815767560e-03 8.949908502682075995e-03 3.615741571542075566e-02 2.337843529409069573e-03 1.746585931870381359e-02 -5.440046044977511763e-02 -3.568903538257229419e-02 1.692391321754543321e-01 -8.562954656132331852e-03 9.935894877651778312e-03 -4.512491193513249680e-04 2.655632808015676027e-02 1.153133025165579625e-02 4.397229049236558301e-03 -1.140043918727287955e-02 -1.721242043100216709e-02 3.878815357468219389e-03 2.518266088208010595e-02 -1.055651577237910754e-02 1.510195323913109990e-02 -6.470478223821465695e-03 1.894784974543188907e-02 -1.208851632897313226e-02 1.161746271909689168e-02 2.622106608107940828e-02 8.162397232004448000e-02 1.290170358327233022e-02 -1.668001449849358664e-02 -4.766539268835592001e-03 -7.986488814808066425e-03 3.653123195792543944e-03 -1.185187791524181140e-02 -8.798934150604863225e-03 1.135164922842452333e-03 1.497046687748736400e-02 4.422023800855229281e-02 3.531593845330448928e-02 -1.239524866530812217e-02 -2.603958416473379014e-02 1.604042046145032901e-02 -2.296080605295390542e-02 -8.043957970379619557e-03 -2.998385291069637776e-02 2.408435614625242457e-02 -2.145438279503394940e-02 -6.574027559520330410e-02 1.813476136127019009e-02 -1.148824780690966933e-02 -5.357993485932863523e-03 1.237118753732969617e-01 -4.970656760144065434e-02 -3.940682329432723674e-01 4.796572718887998077e-02 3.799429315832838494e-01 5.353075948145805812e-02 2.896177703997608321e-01 5.240141944187957229e-02 -3.918390762913213643e-01 6.384159690985630187e-02
0.000000000000000000e+00 0.000000000000000000e+00 0.000000000000000000e+00 0.000000000000000000e+00 0.000000000000000000e+00 0.000000000000000000e+00 6.787123218200294579e-03 1.058900539261682303e-02 1.481261712590065116e-02 4.635119632697743200e-03 -7.160983331451795109e-02 -3.026349525905501232e-03 -1.461845666979945738e-02 7.418846876430105347e-03 -2.845821999081710879e-02 -1.715308862276670229e-03 8.519907119057187894e-06 -2.798368361820186695e-02 -5.959679152477639907e-02 3.522102411551700230e-02 -5.796570870369233131e-02 3.494277352161734296e-02 -1.673969764354912848e-01 3.331089016803104319e-02 4.102229260461975890e-02 3.719424744272932515e-02 3.173192442703968302e-02 -1.832989438623128632e-03 9.434680763206523130e-03 5.005834232534984995e-03 -7.364572943935158988e-02 -3.119298058478464641e-03 -1.005622423877092740e-02 1.714842542727352398e-02 5.324450233421477996e-03 -8.926764837475321956e-03 2.361494460249164914e-02 -2.867036827927885861e-03 -8.910025921331827040e-03 -1.475898440298267777e-02 -5.980173151057841668e-02 8.143771788542900417e-03 -9.578540811615403328e-02 2.401025402578617352e-04 6.521687155196705110e-02 -1.441910994833723453e-02 0.000000000000000000e+00 0.000000000000000000e+00 5.911427990513545838e-02 3.042721805713356070e-02 -6.573413714207762548e-02 1.862039514478036964e-02 -5.317464751899451253e-02 5.344666213646327019e-02 4.376648343979589080e-03 -1.410652894184184682e-03 3.628501856066239286e-03 1.444939270568719632e-02 -2.885799086832848553e-02 4.370380650076070850e-02 7.282912438669924063e-03 2.755505353440840591e-02 -1.310478834169512882e-03 -1.219163109775182538e-02 -5.429508025112200070e-03 1.257470491908031091e-02 -2.351298271828097114e-02 3.763001477053809496e-02 6.386202646973798865e-03 1.202553049662454833e-02 3.704571761403188668e-02 -1.006447005928269751e-02 -3.781194860186571586e-03 2.145091083831172224e-02 -3.073802352801431603e-02 -1.636813562831126653e-02 -1.201779014944069808e-02 2.584042701805410597e-02 -6.241370385602952597e-02 4.332166096479518613e-02 -9.915340108199532584e-03 1.230094857132944114e-02 -9.046995394076181793e-03 4.501076701613396236e-02 -2.172249734544572444e-02 -1.226030242408980044e-02 2.646806363681733845e-02 -1.383263610608926990e-02 -2.144860333351293266e-02 3.193943616842048229e-03 -7.771292189683826762e-03 -2.707388846445902761e-02 -5.422488349859365050e-03 3.510310969952631921e-02 -4.311436860202935706e-02 -1.865070223669269660e-03 -4.801161576100417688e-02 3.877112256524494621e-02 1.527111912069214344e-02 -5.156923806631176672e-03 9.982239151745352784e-03 -1.249693037777730061e-02 1.021814945562240715e-02 -1.491916749331284424e-02 7.756053882657424313e-03 -2.093749609294669189e-02 -6.340831356091748694e-02 1.103471394467128025e-02 1.097746545898507092e-01 2.088251278471774455e-02 -8.517067318179272206e-02 2.004045867743520226e-02 1.051357736828923278e-01 2.277541373819066267e-02 1.415496160307659346e-01 2.159994989831870091e-02 3.950658079326621608e-02 3.491184839536983636e-02 6.521366466317094109e-03 -4.253613255388964676e-02 -4.970656760142167646e-02 2.950104684466601790e-01 1.024673887486437091e-01 -2.446090936634213453e-01 -1.387564244712688744e-01 -2.730881194643004495e-01 -1.140415686827482983e-01 -2.807892929244209523e-01 1.394671158865547211e-01 -2.495106903460279912e-01
0.000000000000000000e+00 0.000000000000000000e+00 0.000000000000000000e+00 0.000000000000000000e+00 0.000000000000000000e+00 0.000000000000000000e+00 1.365794859861216119e-02 1.281034074874876430e-02 3.108661664028395874e-02 5.798472689598013936e-03 -1.381606352939577509e-01 -7.764935008282593080e-03 -3.792352673228835402e-02 -9.533134443321544804e-03 -5.526669937551161038e-02 -2.172169557070973388e-03 1.205994214548249469e-02 -1.524752670111730046e-01 -6.853584885757229017e-01 1.606629131964134594e-01 -6.798594318417242599e-01 1.649615855710447609e-01 -1.146050751113671939e+00 1.564352438319100702e-01 7.118536025586756910e-01 1.625273752354934598e-01 5.698238073222307298e-02 -7.233614833618525961e-03 2.929860014196655413e-02 2.487626756697963563e-03 -1.567941749020964060e-01 -6.741895923102838445e-03 -2.587813950240118108e-02 1.117904896949262379e-02 6.254036695996016172e-03 -1.753556418619112850e-02 4.576796021168804546e-02 -1.096714621521122091e-02 5.291512525771597218e-03 -1.995974598598623806e-02 -1.343981012147026366e-01 1.193489818982469350e-02 -1.802280662060230798e-01 -4.491159456707347064e-03 1.414652288036525318e-01 -2.517664503380265956e-02 0.000000000000000000e+00 0.000000000000000000e+00 -1.371325561955172127e-02 9.394428964548665051e-02 -1.824036138430581155e-01 -6.924813229166568163e-02 -2.995943992490276986e-01 9.467896727278045030e-03 -3.939325034421112259e-02 -7.296134547774330015e-02 1.759212401484097285e-02 -5.456877126471664646e-02 -2.269737310554277854e-01 1.579671956141592143e-02 2.734894685433620493e-02 -1.179800116776458241e-01 2.970577604512129877e-02 -7.903830617885153342e-03 -2.192858673933620328e-01 6.475508951393084411e-02 -8.486176825576897953e-02 1.682196561048864697e-02 -2.403503130674127311e-02 7.169884586857463299e-03 1.452570632639634818e-01 -4.186864165024584833e-02 -1.500110980531751959e-02 -1.524459459021759999e-01 -4.652566294325825857e-02 -4.810146901937965846e-02 1.749418505524790723e-01 1.465744968375586044e-01 -4.282569585055195360e-01 2.786955536419643067e-02 -2.882518544937881858e-02 8.828117888860237275e-04 -6.932114137416595101e-02 -5.600540486837631698e-02 -1.596574524221485792e-03 8.835694499800297863e-02 4.556458531812901391e-02 1.099911442625502341e-02 -7.519563345445889890e-02 4.698115093813117621e-02 -5.615277957231384898e-02 3.541281325453236872e-02 -5.489836236842635109e-02 5.372267772705546091e-02 2.756417089202841189e-02 -9.958273473885149996e-02 -2.311343333311856874e-01 -4.664719963019551413e-02 8.953158631894216068e-02 2.606884916416507200e-02 4.141938806635613035e-02 1.143193736541815199e-02 4.519376340884123655e-02 2.892365121786278151e-02 3.180230241974356820e-04 -5.163626926687241853e-02 -1.074742201522216056e-01 -1.246154055319849685e-01 6.510278436711118555e-02 1.045128470207581928e-01 -5.075451241989555745e-02 9.351782023927937559e-02 2.955048403255523121e-02 1.106872085894932134e-01 -8.363588095974541781e-02 7.323157175181625733e-02 1.757175669482279323e-01 -4.905395511357271005e-02 4.152995662831055618e-02 6.272418270789391348e-02 -3.940682329432291242e-01 1.024673887487081020e-01 1.468490453669296647e+00 -9.829324027192634650e-02 -1.241992873503621864e+00 -1.178977360136247293e-01 -9.810217976079288471e-01 -7.458153217496554799e-02 1.374807935532642356e+00 -1.574145441847723537e-01
0.000000000000000000e+00 0.000000000000000000e+00 0.000000000000000000e+00 0.000000000000000000e+00 0.000000000000000000e+00 0.000000000000000000e+00 -6.415463769586128920e-03 -7.348948514726563568e-03 -1.286707802290033842e-02 -2.060060363916638420e-03 6.142297037747185273e-02 4.894922039543215392e-03 1.150117183920822302e-02 -8.089351044842416072e-03 2.513826988794741479e-02 3.572497427998855540e-03 2.358345475115923573e-04 2.992560570265276679e-02 4.331136448749856038e-02 -3.468549800942700295e-02 3.132085332747075457e-02 -3.205685927963791010e-02 1.486988642575557962e-01 -3.367722071964884129e-02 -2.945008938493542949e-02 -3.783785741067519082e-02 -2.769688680674515721e-02 3.847677373164457969e-03 -7.061281743228418895e-03 -6.081414926150822096e-03 6.192305881458378541e-02 5.088832593636494726e-03 8.155429178577582039e-03 -1.651858935780390128e-02 -3.525165414737449054e-03 7.895068391748302078e-03 -1.959710523458609022e-02 5.412475364903917771e-03 7.242751571551374334e-03 1.413773031414626569e-02 4.500861256541135308e-02 -1.020478547862159815e-02 7.778363888514255864e-02 -2.762454572300634958e-03 -5.647610647105404807e-02 8.540764538475806647e-03 0.000000000000000000e+00 0.000000000000000000e+00 -6.605514833941764086e-02 -6.945750614094416478e-03 5.972185215973291328e-02 2.106583460590881474e-02 4.357169382890811737e-02 -2.650958031896055375e-03 -6.716457397105535633e-04 -1.185509999116947724e-02 -3.145217839838367752e-03 -2.323952043649709157e-02 4.183156695042372641e-02 -5.317121909615050122e-03 -4.560236078988803843e-04 3.853041218011103719e-03 4.255667777583035591e-03 1.609958724234964236e-02 3.847928015920751982e-02 3.688080357024415938e-03 1.750907447212404072e-02 1.761085067692727199e-02 7.018859241885569422e-03 -2.192406255683208849e-02 -3.545251730741982160e-02 8.420549264443815199e-03 -1.559591412548861104e-03 1.079663661027013485e-02 2.867411359469250465e-02 2.208555533974893015e-02 -4.227567980559344962e-02 -1.322913504338447781e-02 6.880476823397417563e-02 -4.994202795482088723e-03 7.692201952921407654e-03 -1.200553669717585245e-02 5.813850435277902878e-03 -6.164519436461157395e-03 1.218757378832821536e-02 1.939733634319070962e-02 -2.189772670174068570e-02 1.569572138332593972e-02 1.153158223899132528e-02 2.467647360136507317e-03 7.587407226288927706e-03 2.573371468549478028e-02 1.115564463566468337e-02 -9.381772485782407384e-03 1.730005692349826079e-03 2.165059422287580332e-02 5.399696078108087022e-02 6.371387797581092374e-03 -3.519039056881153454e-02 3.836151547892162512e-03 -2.237957168922736009e-02 3.967524835895359925e-03 -1.387015969617249808e-02 2.368662534851641299e-02 -1.420035714977072386e-02 2.670560095507400894e-02 6.988121241886899315e-02 3.528401994094669536e-02 -1.609006229206302596e-01 -1.888544823286772076e-02 9.450499362265954439e-02 -3.639411585873141008e-02 -1.286879687896173852e-01 -7.716370274835552927e-03 -1.827835611412220174e-01 -2.185922356952978499e-02 -3.478141642823907864e-02 1.012445373877255382e-02 -1.284554123955668377e-02 1.484830410850312976e-02 4.796572718884639652e-02 -2.446090936634143509e-01 -9.829324027183714008e-02 2.642046035224447365e-01 1.401724791005246884e-01 2.478331170617143753e-01 1.211047501382137848e-01 2.775823355795644654e-01 -1.407466763167700974e-01 2.430496358538147272e-01
0.000000000000000000e+00 0.000000000000000000e+00 0.000000000000000000e+00 0.000000000000000000e+00 0.000000000000000000e+00 0.000000000000000000e+00 -1.346752112787327586e-02 -1.127146292348234040e-02 -2.992143064303902367e-02 -5.660122209561650221e-03 1.237035633449687644e-01 8.902484946459118115e-03 4.030650350170041085e-02 5.931434866587837265e-03 4.900603233306758538e-02 3.090635830794691286e-03 -1.224325941758042449e-02 1.589402649390840583e-01 6.797005525816200988e-01 -1.644529445995457639e-01 6.870392980846131703e-01 -1.712693130701492816e-01 1.128486256314620295e+00 -1.619128460441039974e-01 -7.112638318710226004e-01 -1.697851443093172652e-01 -5.200734552501140584e-02 8.373033127499873718e-03 -3.037665662970810351e-02 -4.840997176394666764e-03 1.425336462450017272e-01 7.721831179215420463e-03 2.767275435040354031e-02 -1.535300341576709311e-02 -5.830555563196935555e-03 1.887068458054564843e-02 -4.570925599400212785e-02 9.263245480702828050e-03 1.852282571054999095e-03 2.492297848375488178e-02 1.373737300920859217e-01 -1.038908988924806473e-02 1.852463035134797598e-01 9.372544504695056594e-03 -1.526980611974877722e-01 2.967693952430425913e-02 0.000000000000000000e+00 0.000000000000000000e+00 -3.954278985360458465e-03 -9.905733313993823896e-02 2.179029919189482967e-01 8.397239295739739040e-02 2.974739222036647535e-01 -2.393135904074398385e-02 3.467793852226631196e-02 5.382344881443656970e-02 -3.006736755317286972e-02 6.903175331730006248e-02 2.128636049678239994e-01 1.625933590588113029e-02 -3.891435011499100316e-02 5.374750041491738184e-02 -6.313875022343633236e-02 4.693219975162996743e-02 1.811471133012430845e-01 -2.057601488705103343e-02 9.247519741360102352e-02 6.769809623478334829e-03 1.362997221136127458e-02 -1.176752897609143964e-02 -1.741653662779096556e-01 1.576412661510784297e-02 2.693565791264204354e-02 8.427861221595910057e-02 -7.938828154354342359e-02 6.311073275761085177e-02 -1.939974781307029217e-01 -7.739567603243502347e-02 4.278142137179335447e-01 -2.173694649817748542e-02 3.071410211071797999e-02 -4.904769485104921306e-03 8.695296255070206204e-02 2.485365990510983100e-02 -1.480563895962164547e-03 -3.628767687904634054e-02 9.552600277483969463e-03 1.737216520881710094e-02 9.532788951092080465e-03 -1.787803361360974438e-02 -2.051333049870399799e-02 -1.018362843014613932e-02 4.670693172260378251e-02 -2.308699030736367439e-02 5.176230050248924186e-02 7.581497781286207494e-02 2.019646248094320307e-01 4.041894009107783320e-02 -3.844634810366239636e-02 -1.777075450994667488e-02 -2.193110165590734031e-02 2.872686684274752822e-02 -2.950910684832190253e-02 -6.659405060098494075e-03 1.041480339995444785e-03 5.916839022865852393e-02 1.019647341601489232e-01 1.276554500434120831e-01 1.011586230815048407e-02 -1.067621875867975911e-01 8.525697718710803508e-02 -1.103732842771745909e-01 -3.308717575241446052e-02 -9.527835534905508552e-02 8.778410343234072100e-02 -9.081065044581292101e-02 -1.702466555762122413e-01 4.389955998974293810e-02 -3.935245887248609714e-02 -5.515141571694386763e-02 3.799429315832369425e-01 -1.387564244713346551e-01 -1.241992873503631412e+00 1.401724791006291604e-01 1.408425566953834807e+00 1.293309377733691534e-01 8.960647858885125716e-01 1.456962066801342770e-01 -1.249305724473565915e+00 1.602000867467571754e-01
0.000000000000000000e+00 0.000000000000000000e+00 0.000000000000000000e+00 0.000000000000000000e+00 0.000000000000000000e+00 0.000000000000000000e+00 -5.921417596356920443e-03 -9.878817565911494555e-03 -1.196737899885602467e-02 -2.921118494446867456e-03 6.522734065815113946e-02 2.337303885984393700e-03 1.008540468872563475e-02 -7.529512804063533127e-03 2.572783531547010588e-02 1.690129558779545271e-03 2.056248904656768871e-03 3.158827671382134772e-02 -4.694476456090188043e-02 -3.574113764674399785e-02 -4.165865049171560419e-02 -3.718713227256392750e-02 5.923706936121486688e-03 -3.547130809356566217e-02 6.488452413504025573e-02 -4.122443333522717024e-02 -2.960411224486035608e-02 1.375322491168807452e-03 -5.974673045773031856e-03 -4.043237302946408283e-03 6.482858845291719629e-02 2.519282472196388185e-03 6.796943357453131065e-03 -1.414790912098716144e-02 -5.248623459189934344e-03 8.137904223005733295e-03 -1.589534353117331988e-02 2.439188039423145424e-03 6.656495139216339965e-03 9.735700650954567936e-03 3.017865869347034075e-02 -7.481267016084445186e-03 5.613063116196882751e-02 -1.635355519480010886e-03 -4.595833174898081991e-02 9.388087634184510283e-03 0.000000000000000000e+00 0.000000000000000000e+00 -5.571813962896412370e-02 -1.857395828783262384e-02 5.862831594759095044e-02 7.277135863154544047e-03 4.590380160482886857e-02 -1.905416401392132086e-02 -8.890085873253933402e-03 -1.239408581291225747e-02 -6.877178053013714362e-03 -3.131286746769382928e-02 3.560690608312767902e-02 1.498003725263641383e-03 -7.239336472550890640e-03 -1.371995315914461590e-02 5.096631024002240204e-03 1.387280398355999339e-02 -1.360179391585519641e-02 8.429415596695853316e-03 1.632005347685982696e-02 1.017980252275580907e-02 -4.265548761133566629e-04 -1.577644792227593518e-02 -1.554056682519815678e-02 -3.229095748427445421e-03 2.332786151940425840e-03 -2.254725743665393113e-03 2.978349246324323019e-02 1.618215464266451256e-02 1.352620817792363466e-03 -9.179049873146011979e-03 6.044748926324858967e-02 -1.160163341916707266e-02 6.733784597860034520e-03 -1.077481633362576199e-02 1.129132697668889379e-02 -1.479827364961014587e-02 1.436492302906484421e-02 1.570382582594157320e-02 -1.443048556530710305e-02 2.343630113115341765e-02 2.385718842953833685e-04 7.916950759223421183e-04 -5.073364531174292397e-03 2.733806779613675089e-02 2.557245736610066870e-03 2.897508770872371606e-03 5.842803382137084361e-02 1.376561470904094902e-03 3.598452082120362494e-02 6.452601907679504992e-03 3.074136655462395180e-04 -5.097115873507990919e-03 -2.002275747163345491e-03 1.367759383645364250e-02 -1.045796434204005962e-02 1.029017948434470496e-02 -1.127944038616351084e-03 2.252553046587060445e-02 4.868070123825764262e-02 4.123805208550260920e-02 -6.125925746599281130e-02 -4.062531916134381332e-02 6.992796673046335065e-02 -2.884222315671584186e-02 -8.516726712834069013e-02 -3.400065397630144121e-02 -1.001000410172928901e-01 -3.778148953445851360e-02 -3.503935262250253840e-02 3.576892242798997840e-03 -3.320887552092149572e-04 4.358002788633091873e-02 5.353075948143220381e-02 -2.730881194643042797e-01 -1.178977360135216035e-01 2.478331170617205093e-01 1.293309377732687615e-01 3.344328272076861341e-01 1.505456554451181095e-01 2.877261528657458767e-01 -1.720883072164962613e-01 2.569830580652154306e-01
0.000000000000000000e+00 0.000000000000000000e+00 0.000000000000000000e+00 0.000000000000000000e+00 0.000000000000000000e+00 0.000000000000000000e+00 -1.116067947598914888e-02 -9.661922543963363808e-03 -2.437839780333941192e-02 -3.735012456505799969e-03 1.118451169634402387e-01 7.492548583763908657e-03 2.967756203951124952e-02 3.096014784062933300e-03 4.447983230102322411e-02 3.447287302642507677e-03 -7.127934162900190565e-03 1.101830139589450169e-01 4.339845756296408230e-01 -1.180640626480472244e-01 4.291897384262686188e-01 -1.179252355824144949e-01 7.436452089885027261e-01 -1.155476056984244687e-01 -4.338888444435341496e-01 -1.186522596458273182e-01 -4.775129908017186620e-02 6.643665897245760316e-03 -2.205615055424592352e-02 -3.234330631865272882e-03 1.247097958280846547e-01 6.886241056210383980e-03 2.009097948461662300e-02 -1.371327453473000432e-02 -6.402733193366446848e-03 1.605522950093297291e-02 -3.727632336082076225e-02 1.303011892404537173e-02 -3.922945066945050796e-03 1.675127839568466698e-02 1.095519397680704415e-01 -1.470712103430011145e-02 1.532545545361124473e-01 -2.128313452374977054e-03 -1.099286487480511249e-01 1.674519247757163057e-02 0.000000000000000000e+00 0.000000000000000000e+00 -1.329359482954918167e-02 -7.122048690585325303e-02 1.426125998419430219e-01 6.446097040926362931e-02 2.176790802302156214e-01 1.049134792258739519e-02 1.513491116663354986e-02 2.595249733908454315e-02 -2.136971906787607164e-02 1.297047870835892590e-02 1.741551625523826419e-01 1.041012681806355138e-02 -2.556739990655506126e-02 4.616907367904680981e-02 -3.616552809135407248e-02 2.571123770676950887e-02 1.096987126439991772e-01 -1.400261043072494917e-02 6.600049165982410648e-02 7.330952452836817478e-03 1.111891339705975944e-02 5.811208678171377560e-03 -1.410953836157047003e-01 2.707476867726711645e-02 1.609761735887551073e-02 5.041512475219128708e-02 -1.928044107323279716e-02 6.151038659897842958e-02 -1.061531206459599974e-01 -5.949555586669200841e-02 3.129066607341524642e-01 -4.002112636913086885e-03 2.221799494374113518e-02 -5.080880394317925826e-03 5.609285555889075015e-02 4.414066262955074205e-02 -1.005429547156828918e-02 -3.640536190698835661e-02 -2.535842716096262106e-02 4.338635592989303034e-03 2.316128505467364082e-02 -1.289454418895571997e-02 1.370017663108393652e-02 -1.145310497329477852e-02 3.764545054759002585e-02 -8.156576840154339345e-04 1.438655721187225879e-03 5.006899831827642949e-02 1.540697408446032590e-01 5.354412981794536702e-02 -3.992387812921004836e-02 -1.870158110710191945e-02 -2.077999870075475375e-02 -7.154623285294743271e-03 -3.054486482574078274e-02 -1.827940816802274202e-02 8.959382888180069532e-03 3.594864557178840958e-02 7.562863733201165284e-02 1.121071250289388671e-01 -2.186138419578589898e-02 -7.288468984248454297e-02 1.629300863073743916e-02 -6.718671420999475230e-02 7.778763621431436862e-03 -8.267185748514693788e-02 7.717160686061674824e-02 -6.263513015670107986e-02 -1.207671719954170608e-01 5.159750541944604918e-02 -2.650613720238279708e-02 -2.489268289411818158e-02 2.896177703996954400e-01 -1.140415686828103875e-01 -9.810217976077632018e-01 1.211047501382928604e-01 8.960647858883559191e-01 1.505456554451850282e-01 8.235742923283371208e-01 1.350017639350164500e-01 -9.746013410873649585e-01 1.572236939380445564e-01
0.000000000000000000e+00 0.000000000000000000e+00 0.000000000000000000e+00 0.000000000000000000e+00 0.000000000000000000e+00 0.000000000000000000e+00 -6.044370872422178201e-03 -9.575164813325905480e-03 -1.199626762959146546e-02 -3.440785499269072723e-03 6.140457275194163150e-02 2.357306688241488524e-03 8.810595174652970096e-03 -7.865557219363808819e-03 2.463448351291071953e-02 1.403934892583889090e-03 2.312760807586992581e-03 2.383774041980906908e-02 -5.242961612833552110e-02 -2.868286911272947826e-02 -6.566368706551223289e-02 -2.829309700699821073e-02 -2.324336350123579198e-03 -2.873980454896280651e-02 8.795069564260749040e-02 -3.482269757622056400e-02 -2.760112190335625021e-02 1.315430326917897729e-03 -5.095414133352387659e-03 -4.710445709186900781e-03 6.186230530036623126e-02 2.503997714733718384e-03 6.204265306264093553e-03 -1.373836435587813369e-02 -4.431519134843985019e-03 5.134990748769837667e-03 -1.777920302034365421e-02 3.927820986413388740e-03 9.112166820164586956e-03 1.088654166943726735e-02 3.912828720276181893e-02 -1.023207223577454576e-02 7.002740156197014010e-02 -4.459186374132428562e-03 -4.798644848033820770e-02 9.220482640491117071e-03 0.000000000000000000e+00 0.000000000000000000e+00 -6.190524668852917523e-02 -1.775591563496783931e-02 5.464860752491330215e-02 2.234499179246113298e-02 4.872185783825441069e-02 -8.546114250579597491e-03 -1.026433943039906094e-02 -9.164363029206406414e-03 -4.534521768200407491e-03 -2.714543584212377944e-02 4.314073550829951309e-02 9.045966110134468939e-04 -8.940302774693530477e-03 -9.725313428285772485e-03 -7.156250804470964955e-03 2.444332878927716127e-02 1.590575686376396796e-03 1.107034598020553012e-02 2.007234463480535649e-02 2.315968851108994586e-02 -4.665810154970095186e-03 -1.175660626117483280e-02 -3.310767734584950384e-02 -7.751748137612569922e-03 6.537190694799755071e-03 -1.329924851023185986e-02 2.827069059645782867e-04 3.137095899577406477e-02 7.497650568278186461e-03 3.209336096900320366e-03 6.958568592066914638e-02 -1.168237087282027664e-03 5.955636078239397863e-03 -1.090879902837430492e-02 1.551995473454880967e-02 -2.120031551712602685e-02 1.110036108115367709e-02 3.955954615362783366e-02 -1.344898435156004733e-03 2.493999309237017459e-02 -7.657496885364791644e-04 1.172696100631078105e-02 -2.589530967756700774e-02 4.076939926448670121e-02 9.970954031266125728e-03 8.645243314249382097e-03 2.084212752793417403e-02 6.011929697708910669e-03 4.589053254438747037e-02 1.355027403910443948e-02 -1.483866757935609765e-02 -2.507511489878270355e-03 -1.450899553951865567e-02 4.046742626084294525e-03 -1.775737347148399758e-02 2.761550507670350665e-02 -7.020668278848547425e-03 2.225230296544765396e-02 6.582374385978849440e-02 6.320956775017586016e-02 -1.142551750943707894e-01 -5.158870326306608939e-02 7.438263572462991413e-02 -6.814113674794627928e-02 -1.386387347422967375e-01 -5.582558011308107193e-02 -1.532825039404246692e-01 -5.233379770178596402e-02 -3.496976570267457812e-02 1.414057138283780421e-02 -4.268614592504800000e-03 2.891929292311458052e-02 5.240141944183263067e-02 -2.807892929243976377e-01 -7.458153217480432973e-02 2.775823355795514202e-01 1.456962066799826205e-01 2.877261528657200085e-01 1.350017639348961851e-01 3.656597285443773937e-01 -1.378097098196629788e-01 2.744438969609706569e-01
0.000000000000000000e+00 0.000000000000000000e+00 0.000000000000000000e+00 0.000000000000000000e+00 0.000000000000000000e+00 0.000000000000000000e+00 1.429544592858694382e-02 1.389730711600391071e-02 3.220811225347424561e-02 6.014136895889667794e-03 -1.437548908023466299e-01 -8.813275620728361695e-03 -3.956788375461156582e-02 -3.165121602599280711e-03 -5.748575058280210037e-02 -3.614800773557821575e-03 1.118523588950232420e-02 -1.671236571964944684e-01 -6.372356901759644865e-01 1.781257331240242436e-01 -6.526424088440686555e-01 1.791553566905768058e-01 -1.094651007084664673e+00 1.715881128825066382e-01 6.759666880877719386e-01 1.802693097008853107e-01 6.020371280927827584e-02 -7.688053856734853447e-03 2.968130637706963698e-02 5.779352684039022227e-03 -1.600860153494641225e-01 -8.086334733621344806e-03 -2.700188320773901085e-02 1.956188554790371653e-02 7.183361743297026446e-03 -1.932826865340747310e-02 4.510754381642202021e-02 -1.293780928404110291e-02 1.227271832674701330e-02 -2.005554978452369491e-02 -1.272283011312430878e-01 1.494959098122850341e-02 -1.765694988496281925e-01 -3.173606996340155167e-03 1.439387496138636313e-01 -2.363565505108458295e-02 0.000000000000000000e+00 0.000000000000000000e+00 1.613842711190913116e-03 8.691549606919557469e-02 -1.907432648843161438e-01 -7.781006616180453916e-02 -2.865107634641381185e-01 4.505590419036739624e-03 -3.738793220765310871e-02 -5.661034662230795406e-02 2.122136774534414891e-02 -3.170137057687233417e-02 -2.148544718074694715e-01 6.940224302410410127e-03 3.540950689789754829e-02 -1.229697485438046023e-01 3.507837708439143221e-02 -3.799543092979903568e-03 -1.560557655074938654e-01 5.363622305994075745e-02 -8.527742530316652358e-02 -1.488248710964782014e-02 -1.722679184167995314e-02 1.088274067707040854e-02 1.732577432780520732e-01 -1.371891784417036096e-02 -2.333199182713767417e-02 -1.714508586781357813e-01 -1.233341684694029550e-02 -2.613119984922105191e-02 9.429953711966872210e-02 1.330191795276590705e-01 -4.119430255159725607e-01 2.289794568842094813e-02 -2.942779943110246724e-02 7.804173516989516488e-03 -6.183282156446261169e-02 -7.135763097036411373e-02 -2.557358023483027876e-02 7.864388631957118514e-02 6.022275975263875758e-02 1.005331917362782372e-02 -9.070650181123093847e-02 4.462795194193251019e-02 -6.881414374818027591e-02 2.328555540976048888e-02 -5.146482365438526801e-02 5.015587700250934838e-02 5.938268150571950760e-03 -9.913660394406047238e-02 -2.177014315405430278e-01 -5.338813028012350664e-02 7.565429881658485012e-02 2.793000011059572699e-02 3.642361680410672459e-02 7.421273970886137043e-03 4.689718350839208738e-02 2.515737849967363687e-02 -4.044328621451472451e-04 -6.587826802370233548e-02 -9.559637937646020545e-02 -1.251224197389574910e-01 2.000843622974131375e-02 9.372071088010187900e-02 -5.176139459007000204e-02 8.601929504545861860e-02 2.723719849125974535e-02 1.089951891695379177e-01 -8.967337514503652407e-02 6.399776075474909731e-02 1.705893882796082894e-01 -5.293130844206478391e-02 4.016102556591695516e-02 5.060933530611846226e-02 -3.918390762912853931e-01 1.394671158866333527e-01 1.374807935532652570e+00 -1.407466763168836732e-01 -1.249305724473569468e+00 -1.720883072166027594e-01 -9.746013410875051797e-01 -1.378097098198362569e-01 1.424579657295291346e+00 -1.869345514342464765e-01
0.000000000000000000e+00 0.000000000000000000e+00 0.000000000000000000e+00 0.000000000000000000e+00 0.000000000000000000e+00 0.000000000000000000e+00 -6.325514422319856132e-03 -8.160684645964942641e-03 -1.286204429144453820e-02 -2.907368017070544215e-03 6.357543571730990550e-02 3.185986701023384333e-03 1.011573277944273312e-02 -5.628006746068977065e-03 2.640337941383925219e-02 2.195871146709816885e-03 8.508273636139750476e-04 3.444955535929510732e-02 1.795890746230077717e-02 -3.933634826380238980e-02 2.699172955614170810e-04 -3.825738725387325956e-02 1.079734984292542999e-01 -3.940444602185814299e-02 3.667092992949205765e-03 -4.384314865659661581e-02 -2.834611300437913511e-02 2.166828106590244427e-03 -5.996297179314187022e-03 -4.117457873403341552e-03 6.355095301258864571e-02 3.643252014942216337e-03 7.201259455965593193e-03 -1.410955057395691346e-02 -3.956309988316186570e-03 5.684377883650966641e-03 -1.781455121936648817e-02 3.958931072493943742e-03 6.469320515783046240e-03 1.393491775539287998e-02 3.531064115726846586e-02 -9.242072795737587415e-03 6.853003354323959628e-02 -2.900170094746206198e-03 -5.189086332236938354e-02 9.621220282420111375e-03 0.000000000000000000e+00 0.000000000000000000e+00 -5.612615134303246961e-02 -8.140991793448543179e-03 6.126078438010607724e-02 1.023232711017005130e-02 5.997235606435465105e-02 -1.079640067580604247e-02 -1.119859918087353929e-03 4.116829798957557032e-03 -1.914194269194875080e-03 -1.287011793321772742e-02 5.075651586602489274e-02 -6.451949522467537342e-03 -1.957085291363556013e-03 6.597874858385834734e-03 6.069140293194069495e-03 1.997260849556277418e-02 4.074427772629573424e-02 -8.816514194094807189e-03 2.018206636442636606e-02 7.360829795164391086e-03 9.804849841142720610e-03 -2.282496143484978937e-02 -3.753552188372431125e-02 1.988106737301392063e-02 -5.981961792656458965e-04 8.689060235143923616e-03 3.408257658084914293e-02 3.483939462185423747e-02 -4.348661055621121790e-02 -3.128291709771661294e-02 8.382749528565386354e-02 -1.037095200928788916e-02 6.417920006127664917e-03 -9.505532644618484156e-03 1.011921993583733519e-02 -6.171100346176764014e-03 1.021886793062091320e-02 1.149362034170534758e-02 -2.115883905490757375e-02 1.025063735204494175e-02 9.915930958150149382e-03 -7.852852981621142453e-03 1.285387783298166768e-02 1.404594601497527462e-02 1.097144475708437296e-02 -1.085867661988164541e-02 1.017245857143450095e-02 2.051248728200728150e-02 5.889459880155709093e-02 7.977464276568780113e-03 -3.003115007693620692e-02 -1.001085170516103056e-03 -1.801844180447055230e-02 2.549421510515656290e-03 -1.399187340559780723e-02 1.449998658713284698e-02 -5.197776917755758848e-03 3.116761723367030348e-02 6.833233915305922390e-02 3.835043457695555547e-02 -1.333176756316536704e-01 -2.362734848369823018e-02 8.011651374765739464e-02 -3.711228356633995001e-02 -1.167760747305321700e-01 -1.744059754347261973e-02 -1.291534758658079707e-01 -2.202684615445018451e-02 -4.001366409092685372e-02 9.988184691170593626e-03 -1.396896283346971829e-02 3.497323516884209837e-02 6.384159690981812407e-02 -2.495106903460148073e-01 -1.574145441846496740e-01 2.430496358538107582e-01 1.602000867466447931e-01 2.569830580652004426e-01 1.572236939379505760e-01 2.744438969609805934e-01 -1.869345514341056447e-01 2.641178234349880749e-01
