========== NODE / ENVIRONMENT INFO ==========
DATE          : Tue Jul  7 08:47:05 PM CEST 2026
HOSTNAME      : b9pgpun215.cern.ch
PWD           : /afs/cern.ch/work/h/hwen/public/pwa/auto-init/Jobs/scan_phipipi_20260707_063800/005_rep_f0_1500
FIT SCRIPT    : fit_witherr_fs.py
INIT PARAMS   : init_params.json
INIT STATUS   : not found, will use random initial parameters
PYTHON BIN    : /afs/cern.ch/work/h/hwen/public/conda/envs/tfpwa/bin/python3.12
YAML 1        : config_phipipi.yaml
YAML 2        : config_phikk.yaml
CONFIG ARG    : config_phipipi.yaml,config_phikk.yaml
TOTAL_SAME    : false
LOOP          : 5
MAXITER       : 50000

---------- CPU INFO ----------
CPU(s):                                  16
On-line CPU(s) list:                     0-15
Model name:                              Intel(R) Xeon(R) Platinum 8468
Thread(s) per core:                      1
Core(s) per socket:                      1
Socket(s):                               16
NUMA node0 CPU(s):                       0-15

---------- MEMORY INFO ----------
               total        used        free      shared  buff/cache   available
Mem:            37Gi       4.2Gi        14Gi       346Mi        19Gi        33Gi
Swap:           39Gi       1.1Gi        37Gi

---------- GPU / CUDA INFO ----------
CUDA_VISIBLE_DEVICES: MIG-f888ead1-c637-5348-8081-c5ee55d694e6
CONDOR GPUs        : MIG-f888ead1-c637-5348-8081-c5ee55d694e6
[nvidia-smi -L]
GPU 0: NVIDIA H100L-2-24C (UUID: GPU-d46329e6-13e4-11f1-a810-1a18b37a6dd3)
  MIG 2g.24gb     Device  0: (UUID: MIG-f888ead1-c637-5348-8081-c5ee55d694e6)

[nvidia-smi summary]
Tue Jul  7 20:47:05 2026       
+-----------------------------------------------------------------------------------------+
| NVIDIA-SMI 580.126.09             Driver Version: 580.126.09     CUDA Version: 13.0     |
+-----------------------------------------+------------------------+----------------------+
| GPU  Name                 Persistence-M | Bus-Id          Disp.A | Volatile Uncorr. ECC |
| Fan  Temp   Perf          Pwr:Usage/Cap |           Memory-Usage | GPU-Util  Compute M. |
|                                         |                        |               MIG M. |
|=========================================+========================+======================|
|   0  NVIDIA H100L-2-24C             On  |   00000000:06:00.0 Off |                   On |
| N/A   N/A    P0            N/A  /  N/A  |       1MiB /  24576MiB |     N/A      Default |
|                                         |                        |              Enabled |
+-----------------------------------------+------------------------+----------------------+

+-----------------------------------------------------------------------------------------+
| MIG devices:                                                                            |
+------------------+----------------------------------+-----------+-----------------------+
| GPU  GI  CI  MIG |              Shared Memory-Usage |        Vol|        Shared         |
|      ID  ID  Dev |                Shared BAR1-Usage | SM     Unc| CE ENC  DEC  OFA  JPG |
|                  |                                  |        ECC|                       |
|==================+==================================+===========+=======================|
|  0    0   0   0  |               1MiB / 21547MiB    | 32      0 |  2   0    2    0    2 |
|                  |               0MiB /  4096MiB    |           |                       |
+------------------+----------------------------------+-----------+-----------------------+

+-----------------------------------------------------------------------------------------+
| Processes:                                                                              |
|  GPU   GI   CI              PID   Type   Process name                        GPU Memory |
|        ID   ID                                                               Usage      |
|=========================================================================================|
|  No running processes found                                                             |
+-----------------------------------------------------------------------------------------+

---------- PYTHON / TF INFO ----------
PYTHON_BIN  : /afs/cern.ch/work/h/hwen/public/conda/envs/tfpwa/bin/python3.12
Python 3.12.13
Python exec: /afs/cern.ch/work/h/hwen/public/conda/envs/tfpwa/bin/python3.12
TensorFlow version: 2.21.0
TF visible GPUs: []
==============================================

========== START JOINT FIT (φhh) ==========
[INFO] load config: config_phipipi.yaml
variable range:  f0(980)_flatte_g_0  in  [0.0, None]
variable range:  f0(980)_flatte_g_1  in  [0.0, None]
variable range:  f2(1270)_flatte_g_0  in  [0.0, None]
variable range:  f2(1270)_flatte_g_1  in  [0.0, None]
variable range:  f0(1370)_flatte_g_0  in  [0.0, None]
variable range:  f0(1370)_flatte_g_1  in  [0.0, None]
variable range:  f2(1430)_flatte_g_0  in  [0.0, None]
variable range:  f2(1430)_flatte_g_1  in  [0.0, None]
variable range:  f0(1500)_flatte_g_0  in  [0.0, None]
variable range:  f0(1500)_flatte_g_1  in  [0.0, None]
variable range:  f0(1525)_flatte_g_0  in  [0.0, None]
variable range:  f0(1525)_flatte_g_1  in  [0.0, None]
variable range:  f0(1565)_flatte_g_0  in  [0.0, None]
variable range:  f0(1565)_flatte_g_1  in  [0.0, None]
variable range:  f0(1710)_flatte_g_0  in  [0.0, None]
variable range:  f0(1710)_flatte_g_1  in  [0.0, None]
same value: ['Jpsi->b1(1235)p.pimb1(1235)p->phi.pip_total_0i', 'Jpsi->b1(1235)m.pipb1(1235)m->phi.pim_total_0i']
same value: ['Jpsi->b1(1235)p.pim_g_ls_0i', 'Jpsi->b1(1235)m.pip_g_ls_0i']
same value: ['Jpsi->b1(1235)p.pim_g_ls_1i', 'Jpsi->b1(1235)m.pip_g_ls_1i']
same value: ['Jpsi->NR_0-_bp.pimNR_0-_bp->phi.pip_total_0i', 'Jpsi->NR_0-_bm.pipNR_0-_bm->phi.pim_total_0i']
same value: ['Jpsi->NR_0-_bp.pim_g_ls_0i', 'Jpsi->NR_0-_bm.pip_g_ls_0i']
same value: ['Jpsi->NR_0-_bp.pim_g_ls_1i', 'Jpsi->NR_0-_bm.pip_g_ls_1i']
same value: ['Jpsi->rho(1450)p.pimrho(1450)p->phi.pip_total_0i', 'Jpsi->rho(1450)m.piprho(1450)m->phi.pim_total_0i']
same value: ['Jpsi->rho(1450)p.pim_g_ls_0i', 'Jpsi->rho(1450)m.pip_g_ls_0i']
same value: ['Jpsi->rho(1450)p.pim_g_ls_1i', 'Jpsi->rho(1450)m.pip_g_ls_1i']
same value: ['Jpsi->rho(1570)p.pimrho(1570)p->phi.pip_total_0i', 'Jpsi->rho(1570)m.piprho(1570)m->phi.pim_total_0i']
same value: ['Jpsi->rho(1570)p.pim_g_ls_0i', 'Jpsi->rho(1570)m.pip_g_ls_0i']
same value: ['Jpsi->rho(1570)p.pim_g_ls_1i', 'Jpsi->rho(1570)m.pip_g_ls_1i']
same value: ['Jpsi->rho(1690)p.pimrho(1690)p->phi.pip_total_0i', 'Jpsi->rho(1690)m.piprho(1690)m->phi.pim_total_0i']
same value: ['Jpsi->rho(1690)p.pim_g_ls_0i', 'Jpsi->rho(1690)m.pip_g_ls_0i']
same value: ['Jpsi->rho(1690)p.pim_g_ls_1i', 'Jpsi->rho(1690)m.pip_g_ls_1i']
[INFO] load config: config_phikk.yaml
variable range:  f0(980)_flatte_g_0  in  [0.0, None]
variable range:  f0(980)_flatte_g_1  in  [0.0, None]
variable range:  f2(1270)_flatte_g_0  in  [0.0, None]
variable range:  f2(1270)_flatte_g_1  in  [0.0, None]
variable range:  f2(1430)_flatte_g_0  in  [0.0, None]
variable range:  f2(1430)_flatte_g_1  in  [0.0, None]
variable range:  f0(1370)_flatte_g_0  in  [0.0, None]
variable range:  f0(1370)_flatte_g_1  in  [0.0, None]
variable range:  f0(1500)_flatte_g_0  in  [0.0, None]
variable range:  f0(1500)_flatte_g_1  in  [0.0, None]
variable range:  f0(1525)_flatte_g_0  in  [0.0, None]
variable range:  f0(1525)_flatte_g_1  in  [0.0, None]
variable range:  f0(1565)_flatte_g_0  in  [0.0, None]
variable range:  f0(1565)_flatte_g_1  in  [0.0, None]
variable range:  f0(1710)_flatte_g_0  in  [0.0, None]
variable range:  f0(1710)_flatte_g_1  in  [0.0, None]
same value: ['Jpsi->K1(1400)p.kmK1(1400)p->phi.kp_total_0i', 'Jpsi->K1(1400)m.kpK1(1400)m->phi.km_total_0i']
same value: ['Jpsi->K1(1400)p.km_g_ls_0i', 'Jpsi->K1(1400)m.kp_g_ls_0i']
same value: ['Jpsi->K1(1400)p.km_g_ls_1i', 'Jpsi->K1(1400)m.kp_g_ls_1i']
same value: ['Jpsi->K1(1650)p.kmK1(1650)p->phi.kp_total_0i', 'Jpsi->K1(1650)m.kpK1(1650)m->phi.km_total_0i']
same value: ['Jpsi->K1(1650)p.km_g_ls_0i', 'Jpsi->K1(1650)m.kp_g_ls_0i']
same value: ['Jpsi->K1(1650)p.km_g_ls_1i', 'Jpsi->K1(1650)m.kp_g_ls_1i']
same value: ['Jpsi->K1(1680)p.kmK1(1680)p->phi.kp_total_0i', 'Jpsi->K1(1680)m.kpK1(1680)m->phi.km_total_0i']
same value: ['Jpsi->K1(1680)p.km_g_ls_0i', 'Jpsi->K1(1680)m.kp_g_ls_0i']
same value: ['Jpsi->K1(1680)p.km_g_ls_1i', 'Jpsi->K1(1680)m.kp_g_ls_1i']
same value: ['Jpsi->K0(1830)p.kmK0(1830)p->phi.kp_total_0i', 'Jpsi->K0(1830)m.kpK0(1830)m->phi.km_total_0i']
same value: ['Jpsi->K0(1950)p.kmK0(1950)p->phi.kp_total_0i', 'Jpsi->K0(1950)m.kpK0(1950)m->phi.km_total_0i']
same value: ['Jpsi->K2(1430)p.kmK2(1430)p->phi.kp_total_0i', 'Jpsi->K2(1430)m.kpK2(1430)m->phi.km_total_0i']
same value: ['Jpsi->K2(1430)p.km_g_ls_0i', 'Jpsi->K2(1430)m.kp_g_ls_0i']
same value: ['Jpsi->K2(1430)p.km_g_ls_1i', 'Jpsi->K2(1430)m.kp_g_ls_1i']
same value: ['Jpsi->K2(1580)p.kmK2(1580)p->phi.kp_total_0i', 'Jpsi->K2(1580)m.kpK2(1580)m->phi.km_total_0i']
same value: ['Jpsi->K2(1580)p.km_g_ls_0i', 'Jpsi->K2(1580)m.kp_g_ls_0i']
same value: ['Jpsi->K2(1580)p.km_g_ls_1i', 'Jpsi->K2(1580)m.kp_g_ls_1i']
same value: ['Jpsi->K2(1770)p.kmK2(1770)p->phi.kp_total_0i', 'Jpsi->K2(1770)m.kpK2(1770)m->phi.km_total_0i']
same value: ['Jpsi->K2(1770)p.km_g_ls_0i', 'Jpsi->K2(1770)m.kp_g_ls_0i']
same value: ['Jpsi->K2(1770)p.km_g_ls_1i', 'Jpsi->K2(1770)m.kp_g_ls_1i']
same value: ['Jpsi->K2(1820)p.kmK2(1820)p->phi.kp_total_0i', 'Jpsi->K2(1820)m.kpK2(1820)m->phi.km_total_0i']
same value: ['Jpsi->K2(1820)p.km_g_ls_0i', 'Jpsi->K2(1820)m.kp_g_ls_0i']
same value: ['Jpsi->K2(1820)p.km_g_ls_1i', 'Jpsi->K2(1820)m.kp_g_ls_1i']
same value: ['Jpsi->K2(1980)p.kmK2(1980)p->phi.kp_total_0i', 'Jpsi->K2(1980)m.kpK2(1980)m->phi.km_total_0i']
same value: ['Jpsi->K2(1980)p.km_g_ls_0i', 'Jpsi->K2(1980)m.kp_g_ls_0i']
same value: ['Jpsi->K2(1980)p.km_g_ls_1i', 'Jpsi->K2(1980)m.kp_g_ls_1i']
same value: ['Jpsi->K2(2250)p.kmK2(2250)p->phi.kp_total_0i', 'Jpsi->K2(2250)m.kpK2(2250)m->phi.km_total_0i']
same value: ['Jpsi->K2(2250)p.km_g_ls_0i', 'Jpsi->K2(2250)m.kp_g_ls_0i']
same value: ['Jpsi->K2(2250)p.km_g_ls_1i', 'Jpsi->K2(2250)m.kp_g_ls_1i']
same value: ['Jpsi->K3(1780)p.kmK3(1780)p->phi.kp_total_0i', 'Jpsi->K3(1780)m.kpK3(1780)m->phi.km_total_0i']
same value: ['Jpsi->K3(1780)p.km_g_ls_0i', 'Jpsi->K3(1780)m.kp_g_ls_0i']
same value: ['Jpsi->K3(1780)p.km_g_ls_1i', 'Jpsi->K3(1780)m.kp_g_ls_1i']
same value: ['Jpsi->K3(2320)p.kmK3(2320)p->phi.kp_total_0i', 'Jpsi->K3(2320)m.kpK3(2320)m->phi.km_total_0i']
same value: ['Jpsi->K3(2320)p.km_g_ls_0i', 'Jpsi->K3(2320)m.kp_g_ls_0i']
same value: ['Jpsi->K3(2320)p.km_g_ls_1i', 'Jpsi->K3(2320)m.kp_g_ls_1i']
[INFO] channel 0 number of params: 131
[INFO] channel 1 number of params: 205
[INFO] shared params: total=19 prod=12 flatte=7 other=4
[INFO] Flatte-coupling shared (real coupled-channel point):
    [flatte] Jpsi->phi.f0(980)_flatte_g_ls_0i
    [flatte] Jpsi->phi.f0(980)_flatte_g_ls_0r
    [flatte] Jpsi->phi.f0(980)_flatte_g_ls_1i
    [flatte] Jpsi->phi.f0(980)_flatte_g_ls_1r
    [flatte] f0(980)_flatte_g_0
    [flatte] f0(980)_flatte_g_1
    [flatte] f0(980)_flatte_mass
[INFO] build MultiConfig with total_same=False
variable range:  f0(980)_flatte_g_0  in  [0.0, None]
variable range:  f0(980)_flatte_g_1  in  [0.0, None]
variable range:  f2(1270)_flatte_g_0  in  [0.0, None]
variable range:  f2(1270)_flatte_g_1  in  [0.0, None]
variable range:  f0(1370)_flatte_g_0  in  [0.0, None]
variable range:  f0(1370)_flatte_g_1  in  [0.0, None]
variable range:  f2(1430)_flatte_g_0  in  [0.0, None]
variable range:  f2(1430)_flatte_g_1  in  [0.0, None]
variable range:  f0(1500)_flatte_g_0  in  [0.0, None]
variable range:  f0(1500)_flatte_g_1  in  [0.0, None]
variable range:  f0(1525)_flatte_g_0  in  [0.0, None]
variable range:  f0(1525)_flatte_g_1  in  [0.0, None]
variable range:  f0(1565)_flatte_g_0  in  [0.0, None]
variable range:  f0(1565)_flatte_g_1  in  [0.0, None]
variable range:  f0(1710)_flatte_g_0  in  [0.0, None]
variable range:  f0(1710)_flatte_g_1  in  [0.0, None]
same value: ['Jpsi->b1(1235)p.pimb1(1235)p->phi.pip_total_0i', 'Jpsi->b1(1235)m.pipb1(1235)m->phi.pim_total_0i']
same value: ['Jpsi->b1(1235)p.pim_g_ls_0i', 'Jpsi->b1(1235)m.pip_g_ls_0i']
same value: ['Jpsi->b1(1235)p.pim_g_ls_1i', 'Jpsi->b1(1235)m.pip_g_ls_1i']
same value: ['Jpsi->NR_0-_bp.pimNR_0-_bp->phi.pip_total_0i', 'Jpsi->NR_0-_bm.pipNR_0-_bm->phi.pim_total_0i']
same value: ['Jpsi->NR_0-_bp.pim_g_ls_0i', 'Jpsi->NR_0-_bm.pip_g_ls_0i']
same value: ['Jpsi->NR_0-_bp.pim_g_ls_1i', 'Jpsi->NR_0-_bm.pip_g_ls_1i']
same value: ['Jpsi->rho(1450)p.pimrho(1450)p->phi.pip_total_0i', 'Jpsi->rho(1450)m.piprho(1450)m->phi.pim_total_0i']
same value: ['Jpsi->rho(1450)p.pim_g_ls_0i', 'Jpsi->rho(1450)m.pip_g_ls_0i']
same value: ['Jpsi->rho(1450)p.pim_g_ls_1i', 'Jpsi->rho(1450)m.pip_g_ls_1i']
same value: ['Jpsi->rho(1570)p.pimrho(1570)p->phi.pip_total_0i', 'Jpsi->rho(1570)m.piprho(1570)m->phi.pim_total_0i']
same value: ['Jpsi->rho(1570)p.pim_g_ls_0i', 'Jpsi->rho(1570)m.pip_g_ls_0i']
same value: ['Jpsi->rho(1570)p.pim_g_ls_1i', 'Jpsi->rho(1570)m.pip_g_ls_1i']
same value: ['Jpsi->rho(1690)p.pimrho(1690)p->phi.pip_total_0i', 'Jpsi->rho(1690)m.piprho(1690)m->phi.pim_total_0i']
same value: ['Jpsi->rho(1690)p.pim_g_ls_0i', 'Jpsi->rho(1690)m.pip_g_ls_0i']
same value: ['Jpsi->rho(1690)p.pim_g_ls_1i', 'Jpsi->rho(1690)m.pip_g_ls_1i']
variable range:  f0(980)_flatte_g_0  in  [0.0, None]
variable range:  f0(980)_flatte_g_1  in  [0.0, None]
variable range:  f2(1270)_flatte_g_0  in  [0.0, None]
variable range:  f2(1270)_flatte_g_1  in  [0.0, None]
variable range:  f2(1430)_flatte_g_0  in  [0.0, None]
variable range:  f2(1430)_flatte_g_1  in  [0.0, None]
variable range:  f0(1370)_flatte_g_0  in  [0.0, None]
variable range:  f0(1370)_flatte_g_1  in  [0.0, None]
variable range:  f0(1500)_flatte_g_0  in  [0.0, None]
variable range:  f0(1500)_flatte_g_1  in  [0.0, None]
variable range:  f0(1525)_flatte_g_0  in  [0.0, None]
variable range:  f0(1525)_flatte_g_1  in  [0.0, None]
variable range:  f0(1565)_flatte_g_0  in  [0.0, None]
variable range:  f0(1565)_flatte_g_1  in  [0.0, None]
variable range:  f0(1710)_flatte_g_0  in  [0.0, None]
variable range:  f0(1710)_flatte_g_1  in  [0.0, None]
same value: ['Jpsi->K1(1400)p.kmK1(1400)p->phi.kp_total_0i', 'Jpsi->K1(1400)m.kpK1(1400)m->phi.km_total_0i']
same value: ['Jpsi->K1(1400)p.km_g_ls_0i', 'Jpsi->K1(1400)m.kp_g_ls_0i']
same value: ['Jpsi->K1(1400)p.km_g_ls_1i', 'Jpsi->K1(1400)m.kp_g_ls_1i']
same value: ['Jpsi->K1(1650)p.kmK1(1650)p->phi.kp_total_0i', 'Jpsi->K1(1650)m.kpK1(1650)m->phi.km_total_0i']
same value: ['Jpsi->K1(1650)p.km_g_ls_0i', 'Jpsi->K1(1650)m.kp_g_ls_0i']
same value: ['Jpsi->K1(1650)p.km_g_ls_1i', 'Jpsi->K1(1650)m.kp_g_ls_1i']
same value: ['Jpsi->K1(1680)p.kmK1(1680)p->phi.kp_total_0i', 'Jpsi->K1(1680)m.kpK1(1680)m->phi.km_total_0i']
same value: ['Jpsi->K1(1680)p.km_g_ls_0i', 'Jpsi->K1(1680)m.kp_g_ls_0i']
same value: ['Jpsi->K1(1680)p.km_g_ls_1i', 'Jpsi->K1(1680)m.kp_g_ls_1i']
same value: ['Jpsi->K0(1830)p.kmK0(1830)p->phi.kp_total_0i', 'Jpsi->K0(1830)m.kpK0(1830)m->phi.km_total_0i']
same value: ['Jpsi->K0(1950)p.kmK0(1950)p->phi.kp_total_0i', 'Jpsi->K0(1950)m.kpK0(1950)m->phi.km_total_0i']
same value: ['Jpsi->K2(1430)p.kmK2(1430)p->phi.kp_total_0i', 'Jpsi->K2(1430)m.kpK2(1430)m->phi.km_total_0i']
same value: ['Jpsi->K2(1430)p.km_g_ls_0i', 'Jpsi->K2(1430)m.kp_g_ls_0i']
same value: ['Jpsi->K2(1430)p.km_g_ls_1i', 'Jpsi->K2(1430)m.kp_g_ls_1i']
same value: ['Jpsi->K2(1580)p.kmK2(1580)p->phi.kp_total_0i', 'Jpsi->K2(1580)m.kpK2(1580)m->phi.km_total_0i']
same value: ['Jpsi->K2(1580)p.km_g_ls_0i', 'Jpsi->K2(1580)m.kp_g_ls_0i']
same value: ['Jpsi->K2(1580)p.km_g_ls_1i', 'Jpsi->K2(1580)m.kp_g_ls_1i']
same value: ['Jpsi->K2(1770)p.kmK2(1770)p->phi.kp_total_0i', 'Jpsi->K2(1770)m.kpK2(1770)m->phi.km_total_0i']
same value: ['Jpsi->K2(1770)p.km_g_ls_0i', 'Jpsi->K2(1770)m.kp_g_ls_0i']
same value: ['Jpsi->K2(1770)p.km_g_ls_1i', 'Jpsi->K2(1770)m.kp_g_ls_1i']
same value: ['Jpsi->K2(1820)p.kmK2(1820)p->phi.kp_total_0i', 'Jpsi->K2(1820)m.kpK2(1820)m->phi.km_total_0i']
same value: ['Jpsi->K2(1820)p.km_g_ls_0i', 'Jpsi->K2(1820)m.kp_g_ls_0i']
same value: ['Jpsi->K2(1820)p.km_g_ls_1i', 'Jpsi->K2(1820)m.kp_g_ls_1i']
same value: ['Jpsi->K2(1980)p.kmK2(1980)p->phi.kp_total_0i', 'Jpsi->K2(1980)m.kpK2(1980)m->phi.km_total_0i']
same value: ['Jpsi->K2(1980)p.km_g_ls_0i', 'Jpsi->K2(1980)m.kp_g_ls_0i']
same value: ['Jpsi->K2(1980)p.km_g_ls_1i', 'Jpsi->K2(1980)m.kp_g_ls_1i']
same value: ['Jpsi->K2(2250)p.kmK2(2250)p->phi.kp_total_0i', 'Jpsi->K2(2250)m.kpK2(2250)m->phi.km_total_0i']
same value: ['Jpsi->K2(2250)p.km_g_ls_0i', 'Jpsi->K2(2250)m.kp_g_ls_0i']
same value: ['Jpsi->K2(2250)p.km_g_ls_1i', 'Jpsi->K2(2250)m.kp_g_ls_1i']
same value: ['Jpsi->K3(1780)p.kmK3(1780)p->phi.kp_total_0i', 'Jpsi->K3(1780)m.kpK3(1780)m->phi.km_total_0i']
same value: ['Jpsi->K3(1780)p.km_g_ls_0i', 'Jpsi->K3(1780)m.kp_g_ls_0i']
same value: ['Jpsi->K3(1780)p.km_g_ls_1i', 'Jpsi->K3(1780)m.kp_g_ls_1i']
same value: ['Jpsi->K3(2320)p.kmK3(2320)p->phi.kp_total_0i', 'Jpsi->K3(2320)m.kpK3(2320)m->phi.km_total_0i']
same value: ['Jpsi->K3(2320)p.km_g_ls_0i', 'Jpsi->K3(2320)m.kp_g_ls_0i']
same value: ['Jpsi->K3(2320)p.km_g_ls_1i', 'Jpsi->K3(2320)m.kp_g_ls_1i']
cached shape idx [0, 1, 2, 3, 4, 5, 6, 7, 8, 9, 10, 11, 12]
cached shape idx [0, 1, 2, 3, 4, 5, 6, 7, 8, 9, 10, 11, 12, 13, 14, 15, 16]
[INFO] running JOINT fit with 2 channels

========== Fit loop 1/5 ==========
using RANDOM parameters
Using Model
Using Model

########### initial parameters
{
  "rho(1450)p_mass": 1.51,
  "rho(1450)p_width": 0.44,
  "rho(1570)p_mass": 1.57,
  "rho(1570)p_width": 0.14,
  "rho(1690)p_mass": 1.681,
  "rho(1690)p_width": 0.19,
  "rho(1450)m_mass": 1.51,
  "rho(1450)m_width": 0.44,
  "rho(1570)m_mass": 1.57,
  "rho(1570)m_width": 0.14,
  "rho(1690)m_mass": 1.681,
  "rho(1690)m_width": 0.19,
  "f0(500)_E791_mass": 0.478,
  "f2(1270)_flatte_mass": 1.2754,
  "f2(1270)_flatte_g_0": 0.32960775669821674,
  "f2(1270)_flatte_g_1": 0.5166915853693772,
  "f0(1370)_mass": 1.37,
  "f0(1370)_width": 0.35,
  "f2(1430)_mass": 1.43,
  "f2(1430)_width": 0.046,
  "Jpsi->rho(1450)p.pimrho(1450)p->phi.pip_total_0r": 1.0,
  "Jpsi->rho(1450)p.pimrho(1450)p->phi.pip_total_0i": 0.0,
  "Jpsi->rho(1450)p.pim_g_ls_0r": 1.0,
  "Jpsi->rho(1450)p.pim_g_ls_0i": 0.0,
  "rho(1450)p->phi.pip_g_ls_0r": 1.0,
  "rho(1450)p->phi.pip_g_ls_0i": 0.0,
  "Jpsi->rho(1570)p.pimrho(1570)p->phi.pip_total_0r": 0.07818851957864226,
  "Jpsi->rho(1570)p.pimrho(1570)p->phi.pip_total_0i": -1.1061108550622922,
  "Jpsi->rho(1570)p.pim_g_ls_0r": 1.0,
  "Jpsi->rho(1570)p.pim_g_ls_0i": 0.0,
  "rho(1570)p->phi.pip_g_ls_0r": 1.0,
  "rho(1570)p->phi.pip_g_ls_0i": 0.0,
  "Jpsi->rho(1690)p.pimrho(1690)p->phi.pip_total_0r": 0.5768018585928423,
  "Jpsi->rho(1690)p.pimrho(1690)p->phi.pip_total_0i": 0.08171280729560504,
  "Jpsi->rho(1690)p.pim_g_ls_0r": 1.0,
  "Jpsi->rho(1690)p.pim_g_ls_0i": 0.0,
  "rho(1690)p->phi.pip_g_ls_0r": 1.0,
  "rho(1690)p->phi.pip_g_ls_0i": 0.0,
  "Jpsi->rho(1450)m.piprho(1450)m->phi.pim_total_0r": 1.0,
  "Jpsi->rho(1450)m.piprho(1450)m->phi.pim_total_0i": 0.0,
  "Jpsi->rho(1450)m.pip_g_ls_0r": 1.0,
  "Jpsi->rho(1450)m.pip_g_ls_0i": 0.0,
  "rho(1450)m->phi.pim_g_ls_0r": 1.0,
  "rho(1450)m->phi.pim_g_ls_0i": 0.0,
  "Jpsi->rho(1570)m.piprho(1570)m->phi.pim_total_0r": 0.07818851957864226,
  "Jpsi->rho(1570)m.piprho(1570)m->phi.pim_total_0i": -1.1061108550622922,
  "Jpsi->rho(1570)m.pip_g_ls_0r": 1.0,
  "Jpsi->rho(1570)m.pip_g_ls_0i": 0.0,
  "rho(1570)m->phi.pim_g_ls_0r": 1.0,
  "rho(1570)m->phi.pim_g_ls_0i": 0.0,
  "Jpsi->rho(1690)m.piprho(1690)m->phi.pim_total_0r": 0.5768018585928423,
  "Jpsi->rho(1690)m.piprho(1690)m->phi.pim_total_0i": 0.08171280729560504,
  "Jpsi->rho(1690)m.pip_g_ls_0r": 1.0,
  "Jpsi->rho(1690)m.pip_g_ls_0i": 0.0,
  "rho(1690)m->phi.pim_g_ls_0r": 1.0,
  "rho(1690)m->phi.pim_g_ls_0i": 0.0,
  "Jpsi->phi.f0(500)_E791f0(500)_E791->pip.pim_total_0r": 1.3598568937281836,
  "Jpsi->phi.f0(500)_E791f0(500)_E791->pip.pim_total_0i": -0.5734187560009234,
  "Jpsi->phi.f0(500)_E791_g_ls_0r": 1.0,
  "Jpsi->phi.f0(500)_E791_g_ls_0i": 0.0,
  "Jpsi->phi.f0(500)_E791_g_ls_1r": 1.4766881342089038,
  "Jpsi->phi.f0(500)_E791_g_ls_1i": 2.708975777971224,
  "f0(500)_E791->pip.pim_g_ls_0r": 1.0,
  "f0(500)_E791->pip.pim_g_ls_0i": 0.0,
  "Jpsi->phi.f0(980)_flattef0(980)_flatte->pip.pim_total_0r": 1.5688518943753156,
  "Jpsi->phi.f0(980)_flattef0(980)_flatte->pip.pim_total_0i": 3.0047579524815733,
  "f0(980)_flatte->pip.pim_g_ls_0r": 1.0,
  "f0(980)_flatte->pip.pim_g_ls_0i": 0.0,
  "Jpsi->phi.f2(1270)_flattef2(1270)_flatte->pip.pim_total_0r": 0.6842433183263004,
  "Jpsi->phi.f2(1270)_flattef2(1270)_flatte->pip.pim_total_0i": -0.3089758566077623,
  "Jpsi->phi.f2(1270)_flatte_g_ls_0r": 1.0,
  "Jpsi->phi.f2(1270)_flatte_g_ls_0i": 0.0,
  "Jpsi->phi.f2(1270)_flatte_g_ls_1r": 0.2481045536575759,
  "Jpsi->phi.f2(1270)_flatte_g_ls_1i": -2.7103400748836415,
  "Jpsi->phi.f2(1270)_flatte_g_ls_2r": 0.7980523145477592,
  "Jpsi->phi.f2(1270)_flatte_g_ls_2i": -1.2005345574550004,
  "Jpsi->phi.f2(1270)_flatte_g_ls_3r": 0.5718122400120769,
  "Jpsi->phi.f2(1270)_flatte_g_ls_3i": 0.6756014694944756,
  "Jpsi->phi.f2(1270)_flatte_g_ls_4r": 1.466842133515053,
  "Jpsi->phi.f2(1270)_flatte_g_ls_4i": -1.3573452453100696,
  "f2(1270)_flatte->pip.pim_g_ls_0r": 1.0,
  "f2(1270)_flatte->pip.pim_g_ls_0i": 0.0,
  "Jpsi->phi.f0(1370)f0(1370)->pip.pim_total_0r": 1.3238327102903482,
  "Jpsi->phi.f0(1370)f0(1370)->pip.pim_total_0i": -2.288919282209374,
  "Jpsi->phi.f0(1370)_g_ls_0r": 1.0,
  "Jpsi->phi.f0(1370)_g_ls_0i": 0.0,
  "Jpsi->phi.f0(1370)_g_ls_1r": 1.0377366924562925,
  "Jpsi->phi.f0(1370)_g_ls_1i": 1.9177820728348873,
  "f0(1370)->pip.pim_g_ls_0r": 1.0,
  "f0(1370)->pip.pim_g_ls_0i": 0.0,
  "Jpsi->phi.f0(1710)f0(1710)->pip.pim_total_0r": 1.1509408900337106,
  "Jpsi->phi.f0(1710)f0(1710)->pip.pim_total_0i": -1.45405878485179,
  "f0(1710)->pip.pim_g_ls_0r": 1.0,
  "f0(1710)->pip.pim_g_ls_0i": 0.0,
  "Jpsi->phi.f2(1430)f2(1430)->pip.pim_total_0r": 0.31135075685125146,
  "Jpsi->phi.f2(1430)f2(1430)->pip.pim_total_0i": 0.08009845946727046,
  "Jpsi->phi.f2(1430)_g_ls_0r": 1.0,
  "Jpsi->phi.f2(1430)_g_ls_0i": 0.0,
  "Jpsi->phi.f2(1430)_g_ls_1r": 0.7981160596691965,
  "Jpsi->phi.f2(1430)_g_ls_1i": -3.0939422039939704,
  "Jpsi->phi.f2(1430)_g_ls_2r": 1.4676292322934934,
  "Jpsi->phi.f2(1430)_g_ls_2i": -0.3723116340855168,
  "Jpsi->phi.f2(1430)_g_ls_3r": 1.5421697981638443,
  "Jpsi->phi.f2(1430)_g_ls_3i": -2.403838542616898,
  "Jpsi->phi.f2(1430)_g_ls_4r": 0.8372045334603802,
  "Jpsi->phi.f2(1430)_g_ls_4i": -2.6653580327758375,
  "f2(1430)->pip.pim_g_ls_0r": 1.0,
  "f2(1430)->pip.pim_g_ls_0i": 0.0,
  "Jpsi->phi.f0(1500)f0(1500)->pip.pim_total_0r": 1.0298474696526192,
  "Jpsi->phi.f0(1500)f0(1500)->pip.pim_total_0i": -1.3422079987350772,
  "f0(1500)->pip.pim_g_ls_0r": 1.0,
  "f0(1500)->pip.pim_g_ls_0i": 0.0,
  "K1(1400)p_mass": 1.403,
  "K1(1400)p_width": 0.174,
  "K2(1820)p_mass": 1.819,
  "K2(1820)p_width": 0.264,
  "K2(1980)p_mass": 1.99,
  "K2(1980)p_width": 0.348,
  "K2(2250)p_mass": 2.247,
  "K2(2250)p_width": 0.18,
  "K3(2320)p_mass": 2.324,
  "K3(2320)p_width": 0.15,
  "K1(1400)m_mass": 1.403,
  "K1(1400)m_width": 0.174,
  "K2(1820)m_mass": 1.819,
  "K2(1820)m_width": 0.264,
  "K2(1980)m_mass": 1.99,
  "K2(1980)m_width": 0.348,
  "K3(2320)m_mass": 2.324,
  "K3(2320)m_width": 0.15,
  "f0(980)_flatte_mass": 0.965,
  "f0(980)_flatte_g_0": 0.40178709361263576,
  "f0(980)_flatte_g_1": 0.7867016343652213,
  "f2(1270)_mass": 1.2754,
  "f2(1270)_width": 0.1858,
  "f0(1500)_mass": 1.522,
  "f0(1500)_width": 0.108,
  "f2(1525)_mass": 1.5173,
  "f2(1525)_width": 0.072,
  "f2(1565)_mass": 1.571,
  "f2(1565)_width": 0.132,
  "f0(1710)_mass": 1.733,
  "f0(1710)_width": 0.15,
  "f2(1810)_mass": 1.815,
  "f2(1810)_width": 0.197,
  "Jpsi->K1(1400)p.kmK1(1400)p->phi.kp_total_0r": 1.0,
  "Jpsi->K1(1400)p.kmK1(1400)p->phi.kp_total_0i": 0.0,
  "Jpsi->K1(1400)p.km_g_ls_0r": 1.0,
  "Jpsi->K1(1400)p.km_g_ls_0i": 0.0,
  "Jpsi->K1(1400)p.km_g_ls_1r": 0.6977378067942874,
  "Jpsi->K1(1400)p.km_g_ls_1i": 0.20134223357728498,
  "K1(1400)p->phi.kp_g_ls_0r": 1.0,
  "K1(1400)p->phi.kp_g_ls_0i": 0.0,
  "K1(1400)p->phi.kp_g_ls_1r": 1.6144877017771124,
  "K1(1400)p->phi.kp_g_ls_1i": -2.1236006679587662,
  "Jpsi->K2(1820)p.kmK2(1820)p->phi.kp_total_0r": 0.17086595259559756,
  "Jpsi->K2(1820)p.kmK2(1820)p->phi.kp_total_0i": 0.19136099640391624,
  "Jpsi->K2(1820)p.km_g_ls_0r": 1.0,
  "Jpsi->K2(1820)p.km_g_ls_0i": 0.0,
  "Jpsi->K2(1820)p.km_g_ls_1r": 1.3788434020567624,
  "Jpsi->K2(1820)p.km_g_ls_1i": -0.8778517347906352,
  "K2(1820)p->phi.kp_g_ls_0r": 1.0,
  "K2(1820)p->phi.kp_g_ls_0i": 0.0,
  "K2(1820)p->phi.kp_g_ls_1r": 1.7168573506602178,
  "K2(1820)p->phi.kp_g_ls_1i": -1.3682779574145016,
  "Jpsi->K2(1980)p.kmK2(1980)p->phi.kp_total_0r": 1.3237088765616902,
  "Jpsi->K2(1980)p.kmK2(1980)p->phi.kp_total_0i": 2.6271086052755246,
  "Jpsi->K2(1980)p.km_g_ls_0r": 1.0,
  "Jpsi->K2(1980)p.km_g_ls_0i": 0.0,
  "K2(1980)p->phi.kp_g_ls_0r": 1.0,
  "K2(1980)p->phi.kp_g_ls_0i": 0.0,
  "Jpsi->K2(2250)p.kmK2(2250)p->phi.kp_total_0r": 0.8849143108758275,
  "Jpsi->K2(2250)p.kmK2(2250)p->phi.kp_total_0i": 2.881639525535549,
  "Jpsi->K2(2250)p.km_g_ls_0r": 1.0,
  "Jpsi->K2(2250)p.km_g_ls_0i": 0.0,
  "Jpsi->K2(2250)p.km_g_ls_1r": 1.930752465045027,
  "Jpsi->K2(2250)p.km_g_ls_1i": -2.6246499126970013,
  "K2(2250)p->phi.kp_g_ls_0r": 1.0,
  "K2(2250)p->phi.kp_g_ls_0i": 0.0,
  "K2(2250)p->phi.kp_g_ls_1r": 0.7535126038121152,
  "K2(2250)p->phi.kp_g_ls_1i": 0.18485922410931366,
  "Jpsi->K3(2320)p.kmK3(2320)p->phi.kp_total_0r": 0.9214101951754676,
  "Jpsi->K3(2320)p.kmK3(2320)p->phi.kp_total_0i": 0.3318387503312459,
  "Jpsi->K3(2320)p.km_g_ls_0r": 1.0,
  "Jpsi->K3(2320)p.km_g_ls_0i": 0.0,
  "Jpsi->K3(2320)p.km_g_ls_1r": 1.720811974296621,
  "Jpsi->K3(2320)p.km_g_ls_1i": -2.3813234664965393,
  "K3(2320)p->phi.kp_g_ls_0r": 1.0,
  "K3(2320)p->phi.kp_g_ls_0i": 0.0,
  "K3(2320)p->phi.kp_g_ls_1r": 1.188140817790388,
  "K3(2320)p->phi.kp_g_ls_1i": 2.7839767807626146,
  "Jpsi->K1(1400)m.kpK1(1400)m->phi.km_total_0r": 1.0,
  "Jpsi->K1(1400)m.kpK1(1400)m->phi.km_total_0i": 0.0,
  "Jpsi->K1(1400)m.kp_g_ls_0r": 1.0,
  "Jpsi->K1(1400)m.kp_g_ls_0i": 0.0,
  "Jpsi->K1(1400)m.kp_g_ls_1r": 0.6977378067942874,
  "Jpsi->K1(1400)m.kp_g_ls_1i": 0.20134223357728498,
  "K1(1400)m->phi.km_g_ls_0r": 1.0,
  "K1(1400)m->phi.km_g_ls_0i": 0.0,
  "K1(1400)m->phi.km_g_ls_1r": 1.6144877017771124,
  "K1(1400)m->phi.km_g_ls_1i": -2.1236006679587662,
  "Jpsi->K2(1820)m.kpK2(1820)m->phi.km_total_0r": 0.17086595259559756,
  "Jpsi->K2(1820)m.kpK2(1820)m->phi.km_total_0i": 0.19136099640391624,
  "Jpsi->K2(1820)m.kp_g_ls_0r": 1.0,
  "Jpsi->K2(1820)m.kp_g_ls_0i": 0.0,
  "Jpsi->K2(1820)m.kp_g_ls_1r": 1.3788434020567624,
  "Jpsi->K2(1820)m.kp_g_ls_1i": -0.8778517347906352,
  "K2(1820)m->phi.km_g_ls_0r": 1.0,
  "K2(1820)m->phi.km_g_ls_0i": 0.0,
  "K2(1820)m->phi.km_g_ls_1r": 1.7168573506602178,
  "K2(1820)m->phi.km_g_ls_1i": -1.3682779574145016,
  "Jpsi->K2(1980)m.kpK2(1980)m->phi.km_total_0r": 1.3237088765616902,
  "Jpsi->K2(1980)m.kpK2(1980)m->phi.km_total_0i": 2.6271086052755246,
  "Jpsi->K2(1980)m.kp_g_ls_0r": 1.0,
  "Jpsi->K2(1980)m.kp_g_ls_0i": 0.0,
  "K2(1980)m->phi.km_g_ls_0r": 1.0,
  "K2(1980)m->phi.km_g_ls_0i": 0.0,
  "Jpsi->K2(2250)p.kpK2(2250)p->phi.km_total_0r": 1.9775095496690316,
  "Jpsi->K2(2250)p.kpK2(2250)p->phi.km_total_0i": -1.9688317286658152,
  "Jpsi->K2(2250)p.kp_g_ls_0r": 1.0,
  "Jpsi->K2(2250)p.kp_g_ls_0i": 0.0,
  "Jpsi->K2(2250)p.kp_g_ls_1r": 1.662541640700986,
  "Jpsi->K2(2250)p.kp_g_ls_1i": -1.9782621880587752,
  "K2(2250)p->phi.km_g_ls_0r": 1.0,
  "K2(2250)p->phi.km_g_ls_0i": 0.0,
  "K2(2250)p->phi.km_g_ls_1r": 1.3170915924186288,
  "K2(2250)p->phi.km_g_ls_1i": -1.1621790196998687,
  "Jpsi->K3(2320)m.kpK3(2320)m->phi.km_total_0r": 0.9214101951754676,
  "Jpsi->K3(2320)m.kpK3(2320)m->phi.km_total_0i": 0.3318387503312459,
  "Jpsi->K3(2320)m.kp_g_ls_0r": 1.0,
  "Jpsi->K3(2320)m.kp_g_ls_0i": 0.0,
  "Jpsi->K3(2320)m.kp_g_ls_1r": 1.720811974296621,
  "Jpsi->K3(2320)m.kp_g_ls_1i": -2.3813234664965393,
  "K3(2320)m->phi.km_g_ls_0r": 1.0,
  "K3(2320)m->phi.km_g_ls_0i": 0.0,
  "K3(2320)m->phi.km_g_ls_1r": 1.188140817790388,
  "K3(2320)m->phi.km_g_ls_1i": 2.7839767807626146,
  "Jpsi->phi.f0(980)_flattef0(980)_flatte->kp.km_total_0r": 0.9586720134212827,
  "Jpsi->phi.f0(980)_flattef0(980)_flatte->kp.km_total_0i": -1.9508646570089294,
  "Jpsi->phi.f0(980)_flatte_g_ls_0r": 1.0,
  "Jpsi->phi.f0(980)_flatte_g_ls_0i": 0.0,
  "Jpsi->phi.f0(980)_flatte_g_ls_1r": 0.2562534347162493,
  "Jpsi->phi.f0(980)_flatte_g_ls_1i": 1.9589399799566278,
  "f0(980)_flatte->kp.km_g_ls_0r": 1.0,
  "f0(980)_flatte->kp.km_g_ls_0i": 0.0,
  "Jpsi->phi.f2(1270)f2(1270)->kp.km_total_0r": 0.9238739800313462,
  "Jpsi->phi.f2(1270)f2(1270)->kp.km_total_0i": 0.7166895192887068,
  "Jpsi->phi.f2(1270)_g_ls_0r": 1.0,
  "Jpsi->phi.f2(1270)_g_ls_0i": 0.0,
  "Jpsi->phi.f2(1270)_g_ls_1r": 0.6992196836884395,
  "Jpsi->phi.f2(1270)_g_ls_1i": 0.6962213815801448,
  "Jpsi->phi.f2(1270)_g_ls_2r": 1.9319513205114096,
  "Jpsi->phi.f2(1270)_g_ls_2i": 0.6262701587476913,
  "Jpsi->phi.f2(1270)_g_ls_3r": 0.5510294772255149,
  "Jpsi->phi.f2(1270)_g_ls_3i": -1.4012060475824757,
  "Jpsi->phi.f2(1270)_g_ls_4r": 1.589524249594675,
  "Jpsi->phi.f2(1270)_g_ls_4i": -2.1545778594697746,
  "f2(1270)->kp.km_g_ls_0r": 1.0,
  "f2(1270)->kp.km_g_ls_0i": 0.0,
  "Jpsi->phi.f0(1500)f0(1500)->kp.km_total_0r": 0.3882771561832601,
  "Jpsi->phi.f0(1500)f0(1500)->kp.km_total_0i": -2.6272400673956975,
  "Jpsi->phi.f0(1500)_g_ls_0r": 1.0,
  "Jpsi->phi.f0(1500)_g_ls_0i": 0.0,
  "Jpsi->phi.f0(1500)_g_ls_1r": 0.17222498436296174,
  "Jpsi->phi.f0(1500)_g_ls_1i": -2.7938037141530017,
  "f0(1500)->kp.km_g_ls_0r": 1.0,
  "f0(1500)->kp.km_g_ls_0i": 0.0,
  "Jpsi->phi.f2(1525)f2(1525)->kp.km_total_0r": 0.3380650406168746,
  "Jpsi->phi.f2(1525)f2(1525)->kp.km_total_0i": 1.322784430235287,
  "Jpsi->phi.f2(1525)_g_ls_0r": 1.0,
  "Jpsi->phi.f2(1525)_g_ls_0i": 0.0,
  "Jpsi->phi.f2(1525)_g_ls_1r": 1.528754621414543,
  "Jpsi->phi.f2(1525)_g_ls_1i": 1.734461767577729,
  "Jpsi->phi.f2(1525)_g_ls_2r": 0.8054018872766764,
  "Jpsi->phi.f2(1525)_g_ls_2i": 0.8449359602785735,
  "Jpsi->phi.f2(1525)_g_ls_3r": 1.9135475485781122,
  "Jpsi->phi.f2(1525)_g_ls_3i": -0.3999011798484218,
  "Jpsi->phi.f2(1525)_g_ls_4r": 1.5929015856486766,
  "Jpsi->phi.f2(1525)_g_ls_4i": 1.8240638533034472,
  "f2(1525)->kp.km_g_ls_0r": 1.0,
  "f2(1525)->kp.km_g_ls_0i": 0.0,
  "Jpsi->phi.f2(1565)f2(1565)->kp.km_total_0r": 0.7369206847441401,
  "Jpsi->phi.f2(1565)f2(1565)->kp.km_total_0i": 0.758873013048079,
  "Jpsi->phi.f2(1565)_g_ls_0r": 1.0,
  "Jpsi->phi.f2(1565)_g_ls_0i": 0.0,
  "Jpsi->phi.f2(1565)_g_ls_1r": 1.044037068546749,
  "Jpsi->phi.f2(1565)_g_ls_1i": 1.5971059209532257,
  "Jpsi->phi.f2(1565)_g_ls_2r": 1.270964832940408,
  "Jpsi->phi.f2(1565)_g_ls_2i": -2.429868298962525,
  "Jpsi->phi.f2(1565)_g_ls_3r": 0.18835222495694426,
  "Jpsi->phi.f2(1565)_g_ls_3i": 2.674618808487052,
  "Jpsi->phi.f2(1565)_g_ls_4r": 0.5483905492034133,
  "Jpsi->phi.f2(1565)_g_ls_4i": 2.065381667160916,
  "f2(1565)->kp.km_g_ls_0r": 1.0,
  "f2(1565)->kp.km_g_ls_0i": 0.0,
  "Jpsi->phi.f0(1710)f0(1710)->kp.km_total_0r": 1.516849820582781,
  "Jpsi->phi.f0(1710)f0(1710)->kp.km_total_0i": 3.0053325225227603,
  "Jpsi->phi.f0(1710)_g_ls_0r": 1.0,
  "Jpsi->phi.f0(1710)_g_ls_0i": 0.0,
  "Jpsi->phi.f0(1710)_g_ls_1r": 1.556717615804728,
  "Jpsi->phi.f0(1710)_g_ls_1i": -1.5024042332999439,
  "f0(1710)->kp.km_g_ls_0r": 1.0,
  "f0(1710)->kp.km_g_ls_0i": 0.0,
  "Jpsi->phi.f2(1810)f2(1810)->kp.km_total_0r": 1.276540754618714,
  "Jpsi->phi.f2(1810)f2(1810)->kp.km_total_0i": -0.46195230534540954,
  "Jpsi->phi.f2(1810)_g_ls_0r": 1.0,
  "Jpsi->phi.f2(1810)_g_ls_0i": 0.0,
  "Jpsi->phi.f2(1810)_g_ls_1r": 1.884359247977824,
  "Jpsi->phi.f2(1810)_g_ls_1i": 2.9927610938134377,
  "Jpsi->phi.f2(1810)_g_ls_2r": 1.1408495630478872,
  "Jpsi->phi.f2(1810)_g_ls_2i": -1.0600107759185753,
  "Jpsi->phi.f2(1810)_g_ls_3r": 1.3828480665891347,
  "Jpsi->phi.f2(1810)_g_ls_3i": -2.0421417488250526,
  "Jpsi->phi.f2(1810)_g_ls_4r": 0.1993849093729425,
  "Jpsi->phi.f2(1810)_g_ls_4i": -2.734065194081883,
  "f2(1810)->kp.km_g_ls_0r": 1.0,
  "f2(1810)->kp.km_g_ls_0i": 0.0
}
##boundary: 
   f0(1370)_mass 	 [1.2, 1.5]
   f0(1370)_width 	 [0.2, 0.5]
   f2(1430)_mass 	 [1.41, 1.48]
   f2(1430)_width 	 [0.031, 0.061]
   f2(1270)_flatte_g_0 	 [0.0, None]
   f2(1270)_flatte_g_1 	 [0.0, None]
   f0(1370)_flatte_g_0 	 [0.0, None]
   f0(1370)_flatte_g_1 	 [0.0, None]
   f2(1430)_flatte_g_0 	 [0.0, None]
   f2(1430)_flatte_g_1 	 [0.0, None]
   f0(1500)_flatte_g_0 	 [0.0, None]
   f0(1500)_flatte_g_1 	 [0.0, None]
   f0(1525)_flatte_g_0 	 [0.0, None]
   f0(1525)_flatte_g_1 	 [0.0, None]
   f0(1565)_flatte_g_0 	 [0.0, None]
   f0(1565)_flatte_g_1 	 [0.0, None]
   f0(1710)_flatte_g_0 	 [0.0, None]
   f0(1710)_flatte_g_1 	 [0.0, None]
   K1(1400)p_mass 	 [1.393, 1.413]
   K1(1400)p_width 	 [0.161, 0.187]
   K2(1820)p_mass 	 [1.807, 1.831]
   K2(1820)p_width 	 [0.232, 0.298]
   K2(1980)p_mass 	 [1.94, 2.05]
   K2(1980)p_width 	 [0.318, 0.398]
   K2(2250)p_mass 	 [2.23, 2.264]
   K2(2250)p_width 	 [0.15, 0.21]
   K3(2320)p_mass 	 [2.3, 2.348]
   K3(2320)p_width 	 [0.12, 0.18]
   K1(1400)m_mass 	 [1.393, 1.413]
   K1(1400)m_width 	 [0.161, 0.187]
   K2(1820)m_mass 	 [1.807, 1.831]
   K2(1820)m_width 	 [0.232, 0.298]
   K2(1980)m_mass 	 [1.94, 2.05]
   K2(1980)m_width 	 [0.318, 0.398]
   K3(2320)m_mass 	 [2.3, 2.348]
   K3(2320)m_width 	 [0.12, 0.18]
   f2(1270)_mass 	 [1.2746, 1.2762]
   f2(1270)_width 	 [0.18, 0.19]
   f0(1500)_mass 	 [1.497, 1.547]
   f0(1500)_width 	 [0.075, 0.141]
   f2(1525)_mass 	 [1.5149, 1.5197]
   f2(1525)_width 	 [0.066, 0.079]
   f2(1565)_mass 	 [1.558, 1.584]
   f2(1565)_width 	 [0.109, 0.155]
   f0(1710)_mass 	 [1.726, 1.741]
   f0(1710)_width 	 [0.14, 0.162]
   f2(1810)_mass 	 [1.803, 1.827]
   f2(1810)_width 	 [0.175, 0.219]
   f0(980)_flatte_g_0 	 [0.0, None]
   f0(980)_flatte_g_1 	 [0.0, None]
nll_grad  cost time: 6.4937286376953125
nll_grad  cost time: 10.34537959098816
tf.Tensor(-3206.67429779745, shape=(), dtype=float64)
nll_grad  cost time: 3.0368008613586426
tf.Tensor(-4613.215958580593, shape=(), dtype=float64)
nll_grad  cost time: 3.061371326446533
tf.Tensor(-6400.5005861343525, shape=(), dtype=float64)
nll_grad  cost time: 3.055598497390747
nll_grad  cost time: 2.8982958793640137
tf.Tensor(-7023.1798990432, shape=(), dtype=float64)
nll_grad  cost time: 2.9131810665130615
tf.Tensor(-7886.0636004519765, shape=(), dtype=float64)
nll_grad  cost time: 3.1092474460601807
tf.Tensor(-8410.839032585121, shape=(), dtype=float64)
nll_grad  cost time: 3.014338493347168
nll_grad  cost time: 2.9234888553619385
tf.Tensor(-8715.132345424747, shape=(), dtype=float64)
nll_grad  cost time: 3.055593729019165
tf.Tensor(-9109.047039293153, shape=(), dtype=float64)
nll_grad  cost time: 2.964327573776245
nll_grad  cost time: 2.920152187347412
tf.Tensor(-9241.81919397042, shape=(), dtype=float64)
nll_grad  cost time: 2.9408812522888184
tf.Tensor(-9320.008593341037, shape=(), dtype=float64)
nll_grad  cost time: 2.8197741508483887
tf.Tensor(-9425.173665011636, shape=(), dtype=float64)
nll_grad  cost time: 2.846869468688965
tf.Tensor(-9547.445099869321, shape=(), dtype=float64)
nll_grad  cost time: 2.900625705718994
tf.Tensor(-9673.209352854748, shape=(), dtype=float64)
nll_grad  cost time: 3.0216405391693115
tf.Tensor(-9833.917745698549, shape=(), dtype=float64)
nll_grad  cost time: 2.841010332107544
tf.Tensor(-9878.087043315049, shape=(), dtype=float64)
nll_grad  cost time: 2.89693021774292
tf.Tensor(-9941.44626834648, shape=(), dtype=float64)
nll_grad  cost time: 2.7680978775024414
tf.Tensor(-10025.227529590891, shape=(), dtype=float64)
nll_grad  cost time: 2.864569902420044
tf.Tensor(-10062.607159912004, shape=(), dtype=float64)
nll_grad  cost time: 2.7929444313049316
tf.Tensor(-10111.961945663286, shape=(), dtype=float64)
nll_grad  cost time: 2.90649151802063
tf.Tensor(-10163.649300231315, shape=(), dtype=float64)
nll_grad  cost time: 3.0215227603912354
tf.Tensor(-10206.974756361058, shape=(), dtype=float64)
nll_grad  cost time: 3.176847219467163
nll_grad  cost time: 3.004747152328491
tf.Tensor(-10222.393025967263, shape=(), dtype=float64)
nll_grad  cost time: 2.973308801651001
tf.Tensor(-10246.556039653384, shape=(), dtype=float64)
nll_grad  cost time: 2.8398146629333496
tf.Tensor(-10274.044378646366, shape=(), dtype=float64)
nll_grad  cost time: 2.9722890853881836
tf.Tensor(-10281.57142932622, shape=(), dtype=float64)
nll_grad  cost time: 2.976611614227295
tf.Tensor(-10292.331399374627, shape=(), dtype=float64)
nll_grad  cost time: 2.8612091541290283
tf.Tensor(-10306.309249876082, shape=(), dtype=float64)
nll_grad  cost time: 2.89931321144104
tf.Tensor(-10325.804219562058, shape=(), dtype=float64)
nll_grad  cost time: 2.9077036380767822
tf.Tensor(-10352.286758531045, shape=(), dtype=float64)
nll_grad  cost time: 3.0807244777679443
nll_grad  cost time: 3.0209712982177734
tf.Tensor(-10363.67483750046, shape=(), dtype=float64)
nll_grad  cost time: 3.184817314147949
tf.Tensor(-10377.778730206388, shape=(), dtype=float64)
nll_grad  cost time: 3.013495922088623
tf.Tensor(-10392.530016325494, shape=(), dtype=float64)
nll_grad  cost time: 3.1161959171295166
tf.Tensor(-10408.128041485252, shape=(), dtype=float64)
nll_grad  cost time: 3.0654397010803223
tf.Tensor(-10416.56517292052, shape=(), dtype=float64)
nll_grad  cost time: 2.9812066555023193
tf.Tensor(-10421.846384456112, shape=(), dtype=float64)
nll_grad  cost time: 3.2922956943511963
tf.Tensor(-10430.821676695487, shape=(), dtype=float64)
nll_grad  cost time: 3.330925464630127
tf.Tensor(-10440.775940147614, shape=(), dtype=float64)
nll_grad  cost time: 3.1284117698669434
tf.Tensor(-10442.942771663962, shape=(), dtype=float64)
nll_grad  cost time: 3.0236096382141113
tf.Tensor(-10446.752743066769, shape=(), dtype=float64)
nll_grad  cost time: 3.0493531227111816
tf.Tensor(-10453.06786955372, shape=(), dtype=float64)
nll_grad  cost time: 3.037513256072998
tf.Tensor(-10460.176038221733, shape=(), dtype=float64)
nll_grad  cost time: 3.2279155254364014
tf.Tensor(-10470.709940491302, shape=(), dtype=float64)
nll_grad  cost time: 3.1114325523376465
tf.Tensor(-10485.44992028315, shape=(), dtype=float64)
nll_grad  cost time: 3.626387357711792
tf.Tensor(-10491.471551868322, shape=(), dtype=float64)
nll_grad  cost time: 3.346458911895752
tf.Tensor(-10501.508376537837, shape=(), dtype=float64)
nll_grad  cost time: 3.381265878677368
tf.Tensor(-10513.26369234387, shape=(), dtype=float64)
nll_grad  cost time: 3.173027276992798
tf.Tensor(-10524.522414374922, shape=(), dtype=float64)
nll_grad  cost time: 3.2482516765594482
tf.Tensor(-10540.754690316957, shape=(), dtype=float64)
nll_grad  cost time: 3.2991065979003906
tf.Tensor(-10549.653019315796, shape=(), dtype=float64)
nll_grad  cost time: 3.2881863117218018
tf.Tensor(-10553.49703430439, shape=(), dtype=float64)
nll_grad  cost time: 3.4269120693206787
tf.Tensor(-10558.725825141184, shape=(), dtype=float64)
nll_grad  cost time: 3.1783828735351562
tf.Tensor(-10565.60677607169, shape=(), dtype=float64)
nll_grad  cost time: 3.008272409439087
tf.Tensor(-10574.32958877478, shape=(), dtype=float64)
nll_grad  cost time: 2.979250431060791
tf.Tensor(-10585.067253226545, shape=(), dtype=float64)
nll_grad  cost time: 3.022136688232422
nll_grad  cost time: 2.8609447479248047
tf.Tensor(-10590.531863026597, shape=(), dtype=float64)
nll_grad  cost time: 3.0329437255859375
tf.Tensor(-10596.786252699938, shape=(), dtype=float64)
nll_grad  cost time: 3.140888214111328
tf.Tensor(-10603.327026995838, shape=(), dtype=float64)
nll_grad  cost time: 3.245729923248291
tf.Tensor(-10609.638804529583, shape=(), dtype=float64)
nll_grad  cost time: 3.452354669570923
tf.Tensor(-10617.199064421868, shape=(), dtype=float64)
nll_grad  cost time: 3.4782943725585938
tf.Tensor(-10625.807659726059, shape=(), dtype=float64)
nll_grad  cost time: 3.5752320289611816
tf.Tensor(-10633.790719222205, shape=(), dtype=float64)
nll_grad  cost time: 3.7374465465545654
tf.Tensor(-10641.68937448218, shape=(), dtype=float64)
nll_grad  cost time: 3.484522819519043
tf.Tensor(-10648.133608201439, shape=(), dtype=float64)
nll_grad  cost time: 3.359631061553955
tf.Tensor(-10651.892337551653, shape=(), dtype=float64)
nll_grad  cost time: 3.3074874877929688
tf.Tensor(-10657.84695674885, shape=(), dtype=float64)
nll_grad  cost time: 3.3369882106781006
tf.Tensor(-10663.738311685389, shape=(), dtype=float64)
nll_grad  cost time: 3.509901285171509
tf.Tensor(-10666.88580849034, shape=(), dtype=float64)
nll_grad  cost time: 3.4049975872039795
tf.Tensor(-10671.776791648073, shape=(), dtype=float64)
nll_grad  cost time: 3.323366403579712
tf.Tensor(-10678.724916461353, shape=(), dtype=float64)
nll_grad  cost time: 3.1375293731689453
tf.Tensor(-10685.97351266037, shape=(), dtype=float64)
nll_grad  cost time: 3.3073673248291016
tf.Tensor(-10690.929810358102, shape=(), dtype=float64)
nll_grad  cost time: 3.432884454727173
tf.Tensor(-10697.448508733003, shape=(), dtype=float64)
nll_grad  cost time: 3.3830299377441406
tf.Tensor(-10703.57291808648, shape=(), dtype=float64)
nll_grad  cost time: 3.1671454906463623
tf.Tensor(-10710.966313777571, shape=(), dtype=float64)
nll_grad  cost time: 3.4340109825134277
tf.Tensor(-10717.637795473689, shape=(), dtype=float64)
nll_grad  cost time: 3.3589916229248047
tf.Tensor(-10722.683530315146, shape=(), dtype=float64)
nll_grad  cost time: 3.4897818565368652
tf.Tensor(-10729.74829462578, shape=(), dtype=float64)
nll_grad  cost time: 3.5308077335357666
tf.Tensor(-10736.486041779935, shape=(), dtype=float64)
nll_grad  cost time: 3.363879442214966
tf.Tensor(-10741.329986107172, shape=(), dtype=float64)
nll_grad  cost time: 3.3560118675231934
tf.Tensor(-10746.71545166277, shape=(), dtype=float64)
nll_grad  cost time: 3.3013434410095215
tf.Tensor(-10750.478611389772, shape=(), dtype=float64)
nll_grad  cost time: 3.2867565155029297
tf.Tensor(-10753.846288368564, shape=(), dtype=float64)
nll_grad  cost time: 3.219843626022339
tf.Tensor(-10757.66940730968, shape=(), dtype=float64)
nll_grad  cost time: 3.34587025642395
tf.Tensor(-10760.965073609084, shape=(), dtype=float64)
nll_grad  cost time: 3.477395534515381
tf.Tensor(-10764.836317373789, shape=(), dtype=float64)
nll_grad  cost time: 3.455768585205078
tf.Tensor(-10769.05446967019, shape=(), dtype=float64)
nll_grad  cost time: 3.2925467491149902
tf.Tensor(-10771.98163094766, shape=(), dtype=float64)
nll_grad  cost time: 3.4059300422668457
tf.Tensor(-10776.175270251435, shape=(), dtype=float64)
nll_grad  cost time: 3.3949780464172363
tf.Tensor(-10780.611507216818, shape=(), dtype=float64)
nll_grad  cost time: 3.4395928382873535
tf.Tensor(-10783.858158047355, shape=(), dtype=float64)
nll_grad  cost time: 3.4088683128356934
tf.Tensor(-10787.218479946408, shape=(), dtype=float64)
nll_grad  cost time: 3.334624767303467
tf.Tensor(-10788.918720153117, shape=(), dtype=float64)
nll_grad  cost time: 3.4070324897766113
tf.Tensor(-10791.297955592592, shape=(), dtype=float64)
nll_grad  cost time: 3.415424346923828
tf.Tensor(-10794.774825215929, shape=(), dtype=float64)
nll_grad  cost time: 3.561608076095581
tf.Tensor(-10799.191177056979, shape=(), dtype=float64)
nll_grad  cost time: 3.39920711517334
tf.Tensor(-10803.666776301012, shape=(), dtype=float64)
nll_grad  cost time: 3.6578328609466553
tf.Tensor(-10807.158101921916, shape=(), dtype=float64)
nll_grad  cost time: 3.4055097103118896
tf.Tensor(-10811.18761681395, shape=(), dtype=float64)
nll_grad  cost time: 3.2531521320343018
tf.Tensor(-10815.274610773806, shape=(), dtype=float64)
nll_grad  cost time: 3.409532308578491
tf.Tensor(-10816.738574952775, shape=(), dtype=float64)
nll_grad  cost time: 3.329699993133545
tf.Tensor(-10819.112777898343, shape=(), dtype=float64)
nll_grad  cost time: 3.3266990184783936
tf.Tensor(-10822.312138898844, shape=(), dtype=float64)
nll_grad  cost time: 3.4771792888641357
tf.Tensor(-10826.733986799285, shape=(), dtype=float64)
nll_grad  cost time: 3.415565013885498
tf.Tensor(-10829.819830166758, shape=(), dtype=float64)
nll_grad  cost time: 3.2816154956817627
tf.Tensor(-10833.393897605049, shape=(), dtype=float64)
nll_grad  cost time: 3.297907590866089
tf.Tensor(-10836.078532617554, shape=(), dtype=float64)
nll_grad  cost time: 3.3237929344177246
tf.Tensor(-10837.87510999367, shape=(), dtype=float64)
nll_grad  cost time: 3.3208205699920654
tf.Tensor(-10840.274388131926, shape=(), dtype=float64)
nll_grad  cost time: 3.2397706508636475
tf.Tensor(-10842.27367529439, shape=(), dtype=float64)
nll_grad  cost time: 3.098327159881592
tf.Tensor(-10844.514238806005, shape=(), dtype=float64)
nll_grad  cost time: 3.3144469261169434
tf.Tensor(-10845.749203107436, shape=(), dtype=float64)
nll_grad  cost time: 3.4583895206451416
tf.Tensor(-10847.05462792833, shape=(), dtype=float64)
nll_grad  cost time: 3.353327751159668
tf.Tensor(-10849.100451098158, shape=(), dtype=float64)
nll_grad  cost time: 3.3641767501831055
tf.Tensor(-10850.476742742103, shape=(), dtype=float64)
nll_grad  cost time: 3.4413979053497314
tf.Tensor(-10852.037624727636, shape=(), dtype=float64)
nll_grad  cost time: 3.305656671524048
tf.Tensor(-10853.7844607593, shape=(), dtype=float64)
nll_grad  cost time: 3.485938310623169
tf.Tensor(-10855.56594118302, shape=(), dtype=float64)
nll_grad  cost time: 3.3415141105651855
tf.Tensor(-10857.274534155891, shape=(), dtype=float64)
nll_grad  cost time: 3.2354323863983154
nll_grad  cost time: 3.144834280014038
tf.Tensor(-10858.18665311284, shape=(), dtype=float64)
nll_grad  cost time: 3.4025139808654785
tf.Tensor(-10859.263692845889, shape=(), dtype=float64)
nll_grad  cost time: 3.3057658672332764
tf.Tensor(-10860.613442188587, shape=(), dtype=float64)
nll_grad  cost time: 3.425661325454712
tf.Tensor(-10862.384642830388, shape=(), dtype=float64)
nll_grad  cost time: 3.2692461013793945
tf.Tensor(-10864.933159873006, shape=(), dtype=float64)
nll_grad  cost time: 3.291645050048828
tf.Tensor(-10866.473957456525, shape=(), dtype=float64)
nll_grad  cost time: 3.236828088760376
tf.Tensor(-10868.573082750707, shape=(), dtype=float64)
nll_grad  cost time: 3.32452392578125
tf.Tensor(-10870.714523033967, shape=(), dtype=float64)
nll_grad  cost time: 3.270670175552368
tf.Tensor(-10873.121362990802, shape=(), dtype=float64)
nll_grad  cost time: 3.3601036071777344
tf.Tensor(-10874.34932400052, shape=(), dtype=float64)
nll_grad  cost time: 3.2817254066467285
tf.Tensor(-10876.130522442938, shape=(), dtype=float64)
nll_grad  cost time: 3.282043933868408
tf.Tensor(-10877.180132222566, shape=(), dtype=float64)
nll_grad  cost time: 3.467031955718994
tf.Tensor(-10878.665237469286, shape=(), dtype=float64)
nll_grad  cost time: 3.4464991092681885
tf.Tensor(-10880.06236362968, shape=(), dtype=float64)
nll_grad  cost time: 3.284259796142578
tf.Tensor(-10881.942622765499, shape=(), dtype=float64)
nll_grad  cost time: 3.313990354537964
tf.Tensor(-10884.363917556671, shape=(), dtype=float64)
nll_grad  cost time: 3.3414413928985596
tf.Tensor(-10886.312660116419, shape=(), dtype=float64)
nll_grad  cost time: 3.3678619861602783
tf.Tensor(-10888.623094233211, shape=(), dtype=float64)
nll_grad  cost time: 3.418682336807251
tf.Tensor(-10890.50808994982, shape=(), dtype=float64)
nll_grad  cost time: 3.2692394256591797
tf.Tensor(-10892.878045120182, shape=(), dtype=float64)
nll_grad  cost time: 3.356680393218994
tf.Tensor(-10894.188945074224, shape=(), dtype=float64)
nll_grad  cost time: 3.4734761714935303
tf.Tensor(-10895.884619463199, shape=(), dtype=float64)
nll_grad  cost time: 3.2780587673187256
tf.Tensor(-10897.917336495222, shape=(), dtype=float64)
nll_grad  cost time: 3.408012628555298
tf.Tensor(-10898.95153728799, shape=(), dtype=float64)
nll_grad  cost time: 3.479034423828125
tf.Tensor(-10900.289615111782, shape=(), dtype=float64)
nll_grad  cost time: 3.3876953125
tf.Tensor(-10901.76944070297, shape=(), dtype=float64)
nll_grad  cost time: 3.2638769149780273
tf.Tensor(-10902.929583341269, shape=(), dtype=float64)
nll_grad  cost time: 3.490999460220337
tf.Tensor(-10904.280147042104, shape=(), dtype=float64)
nll_grad  cost time: 3.395317316055298
tf.Tensor(-10905.607846505358, shape=(), dtype=float64)
nll_grad  cost time: 3.2300240993499756
tf.Tensor(-10907.228768346467, shape=(), dtype=float64)
nll_grad  cost time: 3.296731948852539
tf.Tensor(-10908.521850093974, shape=(), dtype=float64)
nll_grad  cost time: 3.509352684020996
tf.Tensor(-10909.865615101386, shape=(), dtype=float64)
nll_grad  cost time: 3.1459243297576904
tf.Tensor(-10910.923149308845, shape=(), dtype=float64)
nll_grad  cost time: 3.287081718444824
tf.Tensor(-10912.150130159622, shape=(), dtype=float64)
nll_grad  cost time: 3.435068130493164
tf.Tensor(-10913.514336465283, shape=(), dtype=float64)
nll_grad  cost time: 3.2623708248138428
tf.Tensor(-10914.918058723299, shape=(), dtype=float64)
nll_grad  cost time: 3.328835964202881
tf.Tensor(-10916.735354303484, shape=(), dtype=float64)
nll_grad  cost time: 3.3253488540649414
tf.Tensor(-10917.73287959044, shape=(), dtype=float64)
nll_grad  cost time: 3.3182618618011475
tf.Tensor(-10918.920297845085, shape=(), dtype=float64)
nll_grad  cost time: 3.15521502494812
tf.Tensor(-10920.280358414508, shape=(), dtype=float64)
nll_grad  cost time: 3.2933359146118164
tf.Tensor(-10921.128169445918, shape=(), dtype=float64)
nll_grad  cost time: 3.2761781215667725
tf.Tensor(-10922.391726215465, shape=(), dtype=float64)
nll_grad  cost time: 3.267289161682129
tf.Tensor(-10924.10990118108, shape=(), dtype=float64)
nll_grad  cost time: 3.3384735584259033
tf.Tensor(-10925.568167030091, shape=(), dtype=float64)
nll_grad  cost time: 3.2924954891204834
tf.Tensor(-10926.957654635888, shape=(), dtype=float64)
nll_grad  cost time: 3.1300101280212402
tf.Tensor(-10928.378012593428, shape=(), dtype=float64)
nll_grad  cost time: 3.2391581535339355
tf.Tensor(-10929.795964662873, shape=(), dtype=float64)
nll_grad  cost time: 3.1944499015808105
tf.Tensor(-10931.4457269403, shape=(), dtype=float64)
nll_grad  cost time: 3.4599874019622803
tf.Tensor(-10933.322312475866, shape=(), dtype=float64)
nll_grad  cost time: 3.505127191543579
tf.Tensor(-10935.627666776047, shape=(), dtype=float64)
nll_grad  cost time: 3.385770320892334
nll_grad  cost time: 3.1586451530456543
tf.Tensor(-10937.009326676489, shape=(), dtype=float64)
nll_grad  cost time: 3.418706178665161
tf.Tensor(-10938.861193412347, shape=(), dtype=float64)
nll_grad  cost time: 3.2480833530426025
tf.Tensor(-10940.050654904779, shape=(), dtype=float64)
nll_grad  cost time: 3.306007146835327
tf.Tensor(-10941.5460311184, shape=(), dtype=float64)
nll_grad  cost time: 3.476675271987915
tf.Tensor(-10942.604465200682, shape=(), dtype=float64)
nll_grad  cost time: 3.2691056728363037
tf.Tensor(-10943.815824681966, shape=(), dtype=float64)
nll_grad  cost time: 3.2393739223480225
tf.Tensor(-10944.883348105082, shape=(), dtype=float64)
nll_grad  cost time: 3.3666038513183594
tf.Tensor(-10945.614875614861, shape=(), dtype=float64)
nll_grad  cost time: 3.220102310180664
tf.Tensor(-10946.516212012495, shape=(), dtype=float64)
nll_grad  cost time: 3.165776491165161
tf.Tensor(-10947.259905671963, shape=(), dtype=float64)
nll_grad  cost time: 3.2120718955993652
tf.Tensor(-10947.815476998672, shape=(), dtype=float64)
nll_grad  cost time: 3.18289852142334
tf.Tensor(-10948.514741120642, shape=(), dtype=float64)
nll_grad  cost time: 3.207247495651245
tf.Tensor(-10949.276502301233, shape=(), dtype=float64)
nll_grad  cost time: 3.2784852981567383
tf.Tensor(-10950.012502331025, shape=(), dtype=float64)
nll_grad  cost time: 3.2999727725982666
tf.Tensor(-10950.961384330352, shape=(), dtype=float64)
nll_grad  cost time: 3.301536798477173
tf.Tensor(-10952.031226966588, shape=(), dtype=float64)
nll_grad  cost time: 3.5578737258911133
tf.Tensor(-10952.975431331637, shape=(), dtype=float64)
nll_grad  cost time: 3.1840548515319824
tf.Tensor(-10953.820011412543, shape=(), dtype=float64)
nll_grad  cost time: 3.408808469772339
tf.Tensor(-10954.817487563821, shape=(), dtype=float64)
nll_grad  cost time: 3.357182264328003
tf.Tensor(-10955.913410868437, shape=(), dtype=float64)
nll_grad  cost time: 3.3449032306671143
tf.Tensor(-10957.107707148745, shape=(), dtype=float64)
nll_grad  cost time: 3.3237709999084473
tf.Tensor(-10958.607927677709, shape=(), dtype=float64)
nll_grad  cost time: 3.2097890377044678
tf.Tensor(-10959.945148371044, shape=(), dtype=float64)
nll_grad  cost time: 3.2320971488952637
tf.Tensor(-10961.450069583145, shape=(), dtype=float64)
nll_grad  cost time: 3.237995147705078
tf.Tensor(-10962.460474539781, shape=(), dtype=float64)
nll_grad  cost time: 3.4262003898620605
tf.Tensor(-10963.789398520617, shape=(), dtype=float64)
nll_grad  cost time: 3.4745278358459473
tf.Tensor(-10965.479213995517, shape=(), dtype=float64)
nll_grad  cost time: 3.4025728702545166
nll_grad  cost time: 3.3327829837799072
tf.Tensor(-10966.491295092972, shape=(), dtype=float64)
nll_grad  cost time: 3.284566640853882
tf.Tensor(-10967.367182504233, shape=(), dtype=float64)
nll_grad  cost time: 3.3304049968719482
tf.Tensor(-10968.12808077391, shape=(), dtype=float64)
nll_grad  cost time: 3.1676642894744873
tf.Tensor(-10968.549403208825, shape=(), dtype=float64)
nll_grad  cost time: 3.3611392974853516
tf.Tensor(-10969.127054265322, shape=(), dtype=float64)
nll_grad  cost time: 3.402684450149536
tf.Tensor(-10969.88780455156, shape=(), dtype=float64)
nll_grad  cost time: 3.6784794330596924
tf.Tensor(-10970.713075032058, shape=(), dtype=float64)
nll_grad  cost time: 3.4324400424957275
tf.Tensor(-10971.324288861913, shape=(), dtype=float64)
nll_grad  cost time: 3.3037936687469482
tf.Tensor(-10971.950409488272, shape=(), dtype=float64)
nll_grad  cost time: 3.1337168216705322
tf.Tensor(-10972.913515284657, shape=(), dtype=float64)
nll_grad  cost time: 3.1392087936401367
tf.Tensor(-10974.184289400422, shape=(), dtype=float64)
nll_grad  cost time: 3.3924200534820557
tf.Tensor(-10975.475340456178, shape=(), dtype=float64)
nll_grad  cost time: 3.366051435470581
tf.Tensor(-10976.600621684534, shape=(), dtype=float64)
nll_grad  cost time: 3.8632771968841553
tf.Tensor(-10977.332839985458, shape=(), dtype=float64)
nll_grad  cost time: 3.503951072692871
tf.Tensor(-10978.204208095573, shape=(), dtype=float64)
nll_grad  cost time: 3.4294815063476562
tf.Tensor(-10979.430433426009, shape=(), dtype=float64)
nll_grad  cost time: 3.478562593460083
tf.Tensor(-10980.527003816671, shape=(), dtype=float64)
nll_grad  cost time: 3.2474074363708496
tf.Tensor(-10981.639433202829, shape=(), dtype=float64)
nll_grad  cost time: 3.4585342407226562
tf.Tensor(-10982.381864601273, shape=(), dtype=float64)
nll_grad  cost time: 3.4522812366485596
tf.Tensor(-10982.900413535135, shape=(), dtype=float64)
nll_grad  cost time: 3.486079454421997
tf.Tensor(-10983.62542593039, shape=(), dtype=float64)
nll_grad  cost time: 3.4002926349639893
tf.Tensor(-10984.482561551747, shape=(), dtype=float64)
nll_grad  cost time: 3.454962730407715
tf.Tensor(-10984.607338000598, shape=(), dtype=float64)
nll_grad  cost time: 3.4014089107513428
tf.Tensor(-10984.835508024931, shape=(), dtype=float64)
nll_grad  cost time: 3.4879274368286133
tf.Tensor(-10985.228198707533, shape=(), dtype=float64)
nll_grad  cost time: 3.2279882431030273
tf.Tensor(-10985.858765277007, shape=(), dtype=float64)
nll_grad  cost time: 3.265089988708496
tf.Tensor(-10986.54436693016, shape=(), dtype=float64)
nll_grad  cost time: 3.245591640472412
tf.Tensor(-10987.0814830366, shape=(), dtype=float64)
nll_grad  cost time: 3.2294957637786865
tf.Tensor(-10987.305947843146, shape=(), dtype=float64)
nll_grad  cost time: 3.2033605575561523
tf.Tensor(-10987.625220412476, shape=(), dtype=float64)
nll_grad  cost time: 3.4531970024108887
tf.Tensor(-10988.074627317983, shape=(), dtype=float64)
nll_grad  cost time: 3.226107120513916
tf.Tensor(-10988.575884803955, shape=(), dtype=float64)
nll_grad  cost time: 3.3583626747131348
tf.Tensor(-10988.835378279211, shape=(), dtype=float64)
nll_grad  cost time: 3.354060411453247
tf.Tensor(-10989.19517614376, shape=(), dtype=float64)
nll_grad  cost time: 3.297787666320801
tf.Tensor(-10989.637603072995, shape=(), dtype=float64)
nll_grad  cost time: 3.2659220695495605
tf.Tensor(-10990.044854646105, shape=(), dtype=float64)
nll_grad  cost time: 3.2687768936157227
tf.Tensor(-10990.506657884536, shape=(), dtype=float64)
nll_grad  cost time: 3.323729991912842
tf.Tensor(-10991.047725429176, shape=(), dtype=float64)
nll_grad  cost time: 3.1798486709594727
tf.Tensor(-10991.535678377899, shape=(), dtype=float64)
nll_grad  cost time: 3.44637393951416
tf.Tensor(-10991.658868435698, shape=(), dtype=float64)
nll_grad  cost time: 3.4967641830444336
tf.Tensor(-10991.866821377793, shape=(), dtype=float64)
nll_grad  cost time: 3.195075511932373
tf.Tensor(-10992.15937515974, shape=(), dtype=float64)
nll_grad  cost time: 3.3748250007629395
tf.Tensor(-10992.471504786772, shape=(), dtype=float64)
nll_grad  cost time: 3.3633615970611572
tf.Tensor(-10992.657962645622, shape=(), dtype=float64)
nll_grad  cost time: 3.2242910861968994
tf.Tensor(-10992.883400750601, shape=(), dtype=float64)
nll_grad  cost time: 3.2088241577148438
tf.Tensor(-10993.102308003887, shape=(), dtype=float64)
nll_grad  cost time: 3.2387242317199707
tf.Tensor(-10993.320971111076, shape=(), dtype=float64)
nll_grad  cost time: 3.3026163578033447
tf.Tensor(-10993.475388490715, shape=(), dtype=float64)
nll_grad  cost time: 3.4827659130096436
tf.Tensor(-10993.656056236821, shape=(), dtype=float64)
nll_grad  cost time: 3.254131555557251
tf.Tensor(-10993.813795462916, shape=(), dtype=float64)
nll_grad  cost time: 3.3796703815460205
tf.Tensor(-10993.929452549586, shape=(), dtype=float64)
nll_grad  cost time: 3.4344675540924072
tf.Tensor(-10994.057923685363, shape=(), dtype=float64)
nll_grad  cost time: 3.375521659851074
tf.Tensor(-10994.180186260666, shape=(), dtype=float64)
nll_grad  cost time: 3.3680005073547363
tf.Tensor(-10994.36467626505, shape=(), dtype=float64)
nll_grad  cost time: 3.3384530544281006
tf.Tensor(-10994.648544770818, shape=(), dtype=float64)
nll_grad  cost time: 3.1795713901519775
tf.Tensor(-10994.96273865398, shape=(), dtype=float64)
nll_grad  cost time: 3.2680513858795166
tf.Tensor(-10995.13439668333, shape=(), dtype=float64)
nll_grad  cost time: 3.447251081466675
tf.Tensor(-10995.37817625912, shape=(), dtype=float64)
nll_grad  cost time: 3.437810182571411
tf.Tensor(-10995.651438359324, shape=(), dtype=float64)
nll_grad  cost time: 3.374689817428589
tf.Tensor(-10995.877799122889, shape=(), dtype=float64)
nll_grad  cost time: 3.5675253868103027
tf.Tensor(-10996.11836087548, shape=(), dtype=float64)
nll_grad  cost time: 3.2139577865600586
tf.Tensor(-10996.411158449388, shape=(), dtype=float64)
nll_grad  cost time: 3.394242286682129
tf.Tensor(-10996.7390217949, shape=(), dtype=float64)
nll_grad  cost time: 3.3629910945892334
tf.Tensor(-10997.032834846985, shape=(), dtype=float64)
nll_grad  cost time: 3.229909896850586
tf.Tensor(-10997.325603724239, shape=(), dtype=float64)
nll_grad  cost time: 3.3401198387145996
tf.Tensor(-10997.67824816329, shape=(), dtype=float64)
nll_grad  cost time: 3.338881254196167
tf.Tensor(-10998.091527062577, shape=(), dtype=float64)
nll_grad  cost time: 3.461411952972412
tf.Tensor(-10998.629178361502, shape=(), dtype=float64)
nll_grad  cost time: 3.3620951175689697
tf.Tensor(-10999.187627251406, shape=(), dtype=float64)
nll_grad  cost time: 3.3626136779785156
nll_grad  cost time: 3.474632978439331
tf.Tensor(-10999.542205382437, shape=(), dtype=float64)
nll_grad  cost time: 3.481940507888794
tf.Tensor(-10999.899397858433, shape=(), dtype=float64)
nll_grad  cost time: 3.497556209564209
tf.Tensor(-11000.146227574565, shape=(), dtype=float64)
nll_grad  cost time: 3.3252623081207275
tf.Tensor(-11000.35493324446, shape=(), dtype=float64)
nll_grad  cost time: 3.253150701522827
tf.Tensor(-11000.466311898068, shape=(), dtype=float64)
nll_grad  cost time: 3.4725353717803955
tf.Tensor(-11000.5973301267, shape=(), dtype=float64)
nll_grad  cost time: 3.432598352432251
tf.Tensor(-11000.70923201611, shape=(), dtype=float64)
nll_grad  cost time: 3.4611878395080566
tf.Tensor(-11000.86376503195, shape=(), dtype=float64)
nll_grad  cost time: 3.2255749702453613
tf.Tensor(-11001.039145374038, shape=(), dtype=float64)
nll_grad  cost time: 3.325863838195801
tf.Tensor(-11001.148987530476, shape=(), dtype=float64)
nll_grad  cost time: 3.2640926837921143
tf.Tensor(-11001.264676714476, shape=(), dtype=float64)
nll_grad  cost time: 3.3589017391204834
tf.Tensor(-11001.431455985869, shape=(), dtype=float64)
nll_grad  cost time: 3.2967464923858643
tf.Tensor(-11001.59104659078, shape=(), dtype=float64)
nll_grad  cost time: 3.389894962310791
tf.Tensor(-11001.70528173844, shape=(), dtype=float64)
nll_grad  cost time: 3.3395485877990723
tf.Tensor(-11001.827486321024, shape=(), dtype=float64)
nll_grad  cost time: 3.3276262283325195
tf.Tensor(-11001.94933710208, shape=(), dtype=float64)
nll_grad  cost time: 3.349668264389038
tf.Tensor(-11002.064540606138, shape=(), dtype=float64)
nll_grad  cost time: 3.245849370956421
tf.Tensor(-11002.159405755468, shape=(), dtype=float64)
nll_grad  cost time: 3.346294403076172
tf.Tensor(-11002.261225819653, shape=(), dtype=float64)
nll_grad  cost time: 3.1951916217803955
tf.Tensor(-11002.376424897753, shape=(), dtype=float64)
nll_grad  cost time: 3.263249397277832
tf.Tensor(-11002.510292623061, shape=(), dtype=float64)
nll_grad  cost time: 3.205410957336426
tf.Tensor(-11002.664575333678, shape=(), dtype=float64)
nll_grad  cost time: 3.0873913764953613
tf.Tensor(-11002.812291901675, shape=(), dtype=float64)
nll_grad  cost time: 3.3875529766082764
tf.Tensor(-11002.922040367317, shape=(), dtype=float64)
nll_grad  cost time: 3.3970985412597656
tf.Tensor(-11002.981927453431, shape=(), dtype=float64)
nll_grad  cost time: 3.321727991104126
tf.Tensor(-11003.065852976091, shape=(), dtype=float64)
nll_grad  cost time: 3.3863394260406494
tf.Tensor(-11003.156647605414, shape=(), dtype=float64)
nll_grad  cost time: 3.3040390014648438
tf.Tensor(-11003.229420960924, shape=(), dtype=float64)
nll_grad  cost time: 3.476994037628174
tf.Tensor(-11003.321744738125, shape=(), dtype=float64)
nll_grad  cost time: 3.376591682434082
tf.Tensor(-11003.393504899344, shape=(), dtype=float64)
nll_grad  cost time: 3.5867011547088623
tf.Tensor(-11003.461663299066, shape=(), dtype=float64)
nll_grad  cost time: 3.326427459716797
tf.Tensor(-11003.529782597216, shape=(), dtype=float64)
nll_grad  cost time: 3.363295555114746
tf.Tensor(-11003.609750108328, shape=(), dtype=float64)
nll_grad  cost time: 3.384795904159546
tf.Tensor(-11003.676777332621, shape=(), dtype=float64)
nll_grad  cost time: 3.2671518325805664
tf.Tensor(-11003.736795898512, shape=(), dtype=float64)
nll_grad  cost time: 3.214555263519287
tf.Tensor(-11003.813833611937, shape=(), dtype=float64)
nll_grad  cost time: 3.1780858039855957
tf.Tensor(-11003.873844157803, shape=(), dtype=float64)
nll_grad  cost time: 3.4200024604797363
tf.Tensor(-11003.939286329456, shape=(), dtype=float64)
nll_grad  cost time: 3.26896595954895
tf.Tensor(-11004.00785726661, shape=(), dtype=float64)
nll_grad  cost time: 3.267554998397827
tf.Tensor(-11004.069129729978, shape=(), dtype=float64)
nll_grad  cost time: 3.40238094329834
tf.Tensor(-11004.120442724889, shape=(), dtype=float64)
nll_grad  cost time: 3.4660561084747314
tf.Tensor(-11004.187251611103, shape=(), dtype=float64)
nll_grad  cost time: 3.5009326934814453
tf.Tensor(-11004.231066456523, shape=(), dtype=float64)
nll_grad  cost time: 3.674961566925049
tf.Tensor(-11004.256407247303, shape=(), dtype=float64)
nll_grad  cost time: 3.2627477645874023
tf.Tensor(-11004.284573340163, shape=(), dtype=float64)
nll_grad  cost time: 3.3713715076446533
tf.Tensor(-11004.313493817717, shape=(), dtype=float64)
nll_grad  cost time: 3.4862325191497803
tf.Tensor(-11004.333992796819, shape=(), dtype=float64)
nll_grad  cost time: 3.3964526653289795
tf.Tensor(-11004.353720466155, shape=(), dtype=float64)
nll_grad  cost time: 3.2051615715026855
tf.Tensor(-11004.371447013458, shape=(), dtype=float64)
nll_grad  cost time: 3.387590169906616
tf.Tensor(-11004.38600712653, shape=(), dtype=float64)
nll_grad  cost time: 3.4969124794006348
tf.Tensor(-11004.396792350031, shape=(), dtype=float64)
nll_grad  cost time: 3.281541109085083
tf.Tensor(-11004.408352714527, shape=(), dtype=float64)
nll_grad  cost time: 3.449280261993408
tf.Tensor(-11004.421778808115, shape=(), dtype=float64)
nll_grad  cost time: 3.2916393280029297
tf.Tensor(-11004.429130677701, shape=(), dtype=float64)
nll_grad  cost time: 3.303096294403076
tf.Tensor(-11004.436923260713, shape=(), dtype=float64)
nll_grad  cost time: 3.325634241104126
tf.Tensor(-11004.444806138388, shape=(), dtype=float64)
nll_grad  cost time: 3.3020408153533936
tf.Tensor(-11004.451713090697, shape=(), dtype=float64)
nll_grad  cost time: 3.229227304458618
tf.Tensor(-11004.461836569091, shape=(), dtype=float64)
nll_grad  cost time: 3.337615489959717
tf.Tensor(-11004.472953461984, shape=(), dtype=float64)
nll_grad  cost time: 3.3764398097991943
tf.Tensor(-11004.481355442214, shape=(), dtype=float64)
nll_grad  cost time: 3.286593437194824
tf.Tensor(-11004.49237929882, shape=(), dtype=float64)
nll_grad  cost time: 3.5772531032562256
tf.Tensor(-11004.507363212797, shape=(), dtype=float64)
nll_grad  cost time: 3.3299405574798584
tf.Tensor(-11004.525429909394, shape=(), dtype=float64)
nll_grad  cost time: 3.3417630195617676
tf.Tensor(-11004.549539061649, shape=(), dtype=float64)
nll_grad  cost time: 3.4103357791900635
tf.Tensor(-11004.577336895505, shape=(), dtype=float64)
nll_grad  cost time: 3.5293474197387695
tf.Tensor(-11004.607103731694, shape=(), dtype=float64)
nll_grad  cost time: 3.3870246410369873
tf.Tensor(-11004.63591817925, shape=(), dtype=float64)
nll_grad  cost time: 3.4501633644104004
tf.Tensor(-11004.670644873455, shape=(), dtype=float64)
nll_grad  cost time: 3.277878761291504
tf.Tensor(-11004.72278017315, shape=(), dtype=float64)
nll_grad  cost time: 3.2552032470703125
tf.Tensor(-11004.800366504867, shape=(), dtype=float64)
nll_grad  cost time: 3.3540570735931396
tf.Tensor(-11004.89915509992, shape=(), dtype=float64)
nll_grad  cost time: 3.3620617389678955
tf.Tensor(-11004.991780974793, shape=(), dtype=float64)
nll_grad  cost time: 3.3451268672943115
tf.Tensor(-11005.052785560394, shape=(), dtype=float64)
nll_grad  cost time: 3.3251774311065674
tf.Tensor(-11005.146317719482, shape=(), dtype=float64)
nll_grad  cost time: 3.180278778076172
tf.Tensor(-11005.28714764327, shape=(), dtype=float64)
nll_grad  cost time: 3.36379337310791
tf.Tensor(-11005.485464773978, shape=(), dtype=float64)
nll_grad  cost time: 3.4718899726867676
tf.Tensor(-11005.701624359164, shape=(), dtype=float64)
nll_grad  cost time: 3.4968953132629395
tf.Tensor(-11005.900565294156, shape=(), dtype=float64)
nll_grad  cost time: 3.5926284790039062
tf.Tensor(-11006.115056061019, shape=(), dtype=float64)
nll_grad  cost time: 3.4537429809570312
tf.Tensor(-11006.354254527083, shape=(), dtype=float64)
nll_grad  cost time: 3.4467153549194336
tf.Tensor(-11006.70146525099, shape=(), dtype=float64)
nll_grad  cost time: 3.2364137172698975
tf.Tensor(-11006.968575520877, shape=(), dtype=float64)
nll_grad  cost time: 3.392136335372925
tf.Tensor(-11007.314824676396, shape=(), dtype=float64)
nll_grad  cost time: 3.2354543209075928
tf.Tensor(-11007.451555211002, shape=(), dtype=float64)
nll_grad  cost time: 3.591977834701538
tf.Tensor(-11007.674241331559, shape=(), dtype=float64)
nll_grad  cost time: 3.3553667068481445
tf.Tensor(-11007.964483950134, shape=(), dtype=float64)
nll_grad  cost time: 3.4063239097595215
tf.Tensor(-11008.301467889243, shape=(), dtype=float64)
nll_grad  cost time: 3.3110716342926025
tf.Tensor(-11008.587178622452, shape=(), dtype=float64)
nll_grad  cost time: 3.238952875137329
tf.Tensor(-11008.944628352729, shape=(), dtype=float64)
nll_grad  cost time: 3.311729669570923
tf.Tensor(-11009.188347715848, shape=(), dtype=float64)
nll_grad  cost time: 3.250765800476074
tf.Tensor(-11009.461032514999, shape=(), dtype=float64)
nll_grad  cost time: 3.422496795654297
tf.Tensor(-11009.756640562991, shape=(), dtype=float64)
nll_grad  cost time: 3.3293254375457764
tf.Tensor(-11010.125859754939, shape=(), dtype=float64)
nll_grad  cost time: 3.511101722717285
tf.Tensor(-11010.392844404865, shape=(), dtype=float64)
nll_grad  cost time: 3.3986804485321045
tf.Tensor(-11010.81072765062, shape=(), dtype=float64)
nll_grad  cost time: 3.3640620708465576
tf.Tensor(-11011.179147763512, shape=(), dtype=float64)
nll_grad  cost time: 3.6888692378997803
tf.Tensor(-11011.432621448519, shape=(), dtype=float64)
nll_grad  cost time: 3.4227592945098877
tf.Tensor(-11011.628776634403, shape=(), dtype=float64)
nll_grad  cost time: 3.228548526763916
tf.Tensor(-11011.776085618301, shape=(), dtype=float64)
nll_grad  cost time: 3.3311357498168945
tf.Tensor(-11011.969775780286, shape=(), dtype=float64)
nll_grad  cost time: 3.567417621612549
tf.Tensor(-11012.205837750284, shape=(), dtype=float64)
nll_grad  cost time: 3.600025177001953
tf.Tensor(-11012.529402715576, shape=(), dtype=float64)
nll_grad  cost time: 3.5378482341766357
tf.Tensor(-11012.887670385593, shape=(), dtype=float64)
nll_grad  cost time: 3.5501489639282227
tf.Tensor(-11013.320047596062, shape=(), dtype=float64)
nll_grad  cost time: 3.491462469100952
tf.Tensor(-11013.720716477794, shape=(), dtype=float64)
nll_grad  cost time: 3.22092866897583
tf.Tensor(-11014.16207885836, shape=(), dtype=float64)
nll_grad  cost time: 3.375681161880493
tf.Tensor(-11014.702481409528, shape=(), dtype=float64)
nll_grad  cost time: 3.494354486465454
tf.Tensor(-11015.162958726061, shape=(), dtype=float64)
nll_grad  cost time: 3.372988700866699
tf.Tensor(-11015.563258294183, shape=(), dtype=float64)
nll_grad  cost time: 3.2951126098632812
tf.Tensor(-11015.934651923511, shape=(), dtype=float64)
nll_grad  cost time: 3.4575090408325195
tf.Tensor(-11016.322778449838, shape=(), dtype=float64)
nll_grad  cost time: 3.3443217277526855
tf.Tensor(-11016.504030584947, shape=(), dtype=float64)
nll_grad  cost time: 3.322740316390991
tf.Tensor(-11016.781823609752, shape=(), dtype=float64)
nll_grad  cost time: 3.4260146617889404
tf.Tensor(-11017.087267332528, shape=(), dtype=float64)
nll_grad  cost time: 3.6061415672302246
tf.Tensor(-11017.22849655652, shape=(), dtype=float64)
nll_grad  cost time: 3.1559410095214844
tf.Tensor(-11017.42095099514, shape=(), dtype=float64)
nll_grad  cost time: 3.3132753372192383
tf.Tensor(-11017.666845029831, shape=(), dtype=float64)
nll_grad  cost time: 3.545118808746338
tf.Tensor(-11017.880614704387, shape=(), dtype=float64)
nll_grad  cost time: 3.464400053024292
tf.Tensor(-11018.015246998017, shape=(), dtype=float64)
nll_grad  cost time: 3.3508832454681396
tf.Tensor(-11018.193097070318, shape=(), dtype=float64)
nll_grad  cost time: 3.544761896133423
tf.Tensor(-11018.3537793668, shape=(), dtype=float64)
nll_grad  cost time: 3.6483230590820312
tf.Tensor(-11018.492490774137, shape=(), dtype=float64)
nll_grad  cost time: 3.3538968563079834
tf.Tensor(-11018.626559467019, shape=(), dtype=float64)
nll_grad  cost time: 3.4395952224731445
tf.Tensor(-11018.73980282656, shape=(), dtype=float64)
nll_grad  cost time: 3.54146671295166
tf.Tensor(-11018.855351060876, shape=(), dtype=float64)
nll_grad  cost time: 3.6263723373413086
tf.Tensor(-11018.958469880396, shape=(), dtype=float64)
nll_grad  cost time: 3.3947105407714844
tf.Tensor(-11019.078087118796, shape=(), dtype=float64)
nll_grad  cost time: 3.458977222442627
tf.Tensor(-11019.21368918314, shape=(), dtype=float64)
nll_grad  cost time: 3.198573112487793
tf.Tensor(-11019.360430506436, shape=(), dtype=float64)
nll_grad  cost time: 3.415912389755249
tf.Tensor(-11019.487244648786, shape=(), dtype=float64)
nll_grad  cost time: 3.3550472259521484
tf.Tensor(-11019.582141203973, shape=(), dtype=float64)
nll_grad  cost time: 3.494823694229126
tf.Tensor(-11019.66799444399, shape=(), dtype=float64)
nll_grad  cost time: 3.3663949966430664
tf.Tensor(-11019.723755773892, shape=(), dtype=float64)
nll_grad  cost time: 3.4673986434936523
tf.Tensor(-11019.754226812547, shape=(), dtype=float64)
nll_grad  cost time: 3.3707542419433594
tf.Tensor(-11019.7963046343, shape=(), dtype=float64)
nll_grad  cost time: 3.259788751602173
tf.Tensor(-11019.840235924567, shape=(), dtype=float64)
nll_grad  cost time: 3.2555809020996094
tf.Tensor(-11019.879379068057, shape=(), dtype=float64)
nll_grad  cost time: 3.3846919536590576
tf.Tensor(-11019.929988924276, shape=(), dtype=float64)
nll_grad  cost time: 3.289687156677246
tf.Tensor(-11019.973399510069, shape=(), dtype=float64)
nll_grad  cost time: 3.461541175842285
tf.Tensor(-11020.00730463861, shape=(), dtype=float64)
nll_grad  cost time: 3.401818037033081
tf.Tensor(-11020.050128726332, shape=(), dtype=float64)
nll_grad  cost time: 3.227844476699829
tf.Tensor(-11020.091587348703, shape=(), dtype=float64)
nll_grad  cost time: 3.3491408824920654
tf.Tensor(-11020.129107279878, shape=(), dtype=float64)
nll_grad  cost time: 3.4699385166168213
tf.Tensor(-11020.167893611659, shape=(), dtype=float64)
nll_grad  cost time: 3.290323257446289
tf.Tensor(-11020.198769785173, shape=(), dtype=float64)
nll_grad  cost time: 3.371795654296875
tf.Tensor(-11020.225875246557, shape=(), dtype=float64)
nll_grad  cost time: 3.446361780166626
tf.Tensor(-11020.255610759472, shape=(), dtype=float64)
nll_grad  cost time: 3.2527778148651123
tf.Tensor(-11020.293035637638, shape=(), dtype=float64)
nll_grad  cost time: 3.2780039310455322
tf.Tensor(-11020.323575953553, shape=(), dtype=float64)
nll_grad  cost time: 3.4140255451202393
tf.Tensor(-11020.34933719589, shape=(), dtype=float64)
nll_grad  cost time: 3.183037042617798
tf.Tensor(-11020.370216248724, shape=(), dtype=float64)
nll_grad  cost time: 3.220137119293213
tf.Tensor(-11020.394806235381, shape=(), dtype=float64)
nll_grad  cost time: 3.3619120121002197
tf.Tensor(-11020.432687569883, shape=(), dtype=float64)
nll_grad  cost time: 3.2938907146453857
tf.Tensor(-11020.481138041687, shape=(), dtype=float64)
nll_grad  cost time: 3.375288724899292
tf.Tensor(-11020.51095723614, shape=(), dtype=float64)
nll_grad  cost time: 3.215982675552368
tf.Tensor(-11020.535245060375, shape=(), dtype=float64)
nll_grad  cost time: 3.270746946334839
tf.Tensor(-11020.5623493608, shape=(), dtype=float64)
nll_grad  cost time: 3.0820560455322266
tf.Tensor(-11020.58684437666, shape=(), dtype=float64)
nll_grad  cost time: 3.227024793624878
tf.Tensor(-11020.612098544749, shape=(), dtype=float64)
nll_grad  cost time: 3.420525550842285
tf.Tensor(-11020.635425116816, shape=(), dtype=float64)
nll_grad  cost time: 3.351609230041504
tf.Tensor(-11020.654523145982, shape=(), dtype=float64)
nll_grad  cost time: 3.4267303943634033
tf.Tensor(-11020.671309727739, shape=(), dtype=float64)
nll_grad  cost time: 3.54793643951416
tf.Tensor(-11020.686134308162, shape=(), dtype=float64)
nll_grad  cost time: 3.358833074569702
tf.Tensor(-11020.700131667967, shape=(), dtype=float64)
nll_grad  cost time: 3.37471342086792
tf.Tensor(-11020.716749309096, shape=(), dtype=float64)
nll_grad  cost time: 3.417332172393799
tf.Tensor(-11020.739247247737, shape=(), dtype=float64)
nll_grad  cost time: 3.287759780883789
tf.Tensor(-11020.767293164434, shape=(), dtype=float64)
nll_grad  cost time: 3.4993934631347656
tf.Tensor(-11020.794791874847, shape=(), dtype=float64)
nll_grad  cost time: 3.191291093826294
tf.Tensor(-11020.815839536772, shape=(), dtype=float64)
nll_grad  cost time: 3.3789801597595215
tf.Tensor(-11020.83350715234, shape=(), dtype=float64)
nll_grad  cost time: 3.429473876953125
tf.Tensor(-11020.850746086042, shape=(), dtype=float64)
nll_grad  cost time: 3.1741371154785156
tf.Tensor(-11020.866698524944, shape=(), dtype=float64)
nll_grad  cost time: 3.2886264324188232
tf.Tensor(-11020.883655750702, shape=(), dtype=float64)
nll_grad  cost time: 3.2083640098571777
tf.Tensor(-11020.90276657512, shape=(), dtype=float64)
nll_grad  cost time: 3.2205235958099365
tf.Tensor(-11020.921818814211, shape=(), dtype=float64)
nll_grad  cost time: 3.235147476196289
tf.Tensor(-11020.938693522286, shape=(), dtype=float64)
nll_grad  cost time: 3.3370728492736816
tf.Tensor(-11020.959894909924, shape=(), dtype=float64)
nll_grad  cost time: 3.2712438106536865
tf.Tensor(-11020.98882733842, shape=(), dtype=float64)
nll_grad  cost time: 3.372811794281006
tf.Tensor(-11021.024695387925, shape=(), dtype=float64)
nll_grad  cost time: 3.2551233768463135
tf.Tensor(-11021.059156632917, shape=(), dtype=float64)
nll_grad  cost time: 3.3923254013061523
tf.Tensor(-11021.087062001068, shape=(), dtype=float64)
nll_grad  cost time: 3.384727716445923
tf.Tensor(-11021.112693985371, shape=(), dtype=float64)
nll_grad  cost time: 3.3275842666625977
tf.Tensor(-11021.144100861427, shape=(), dtype=float64)
nll_grad  cost time: 3.2582459449768066
tf.Tensor(-11021.18251158885, shape=(), dtype=float64)
nll_grad  cost time: 3.2566447257995605
tf.Tensor(-11021.219621219068, shape=(), dtype=float64)
nll_grad  cost time: 3.471468925476074
tf.Tensor(-11021.248556075232, shape=(), dtype=float64)
nll_grad  cost time: 3.0822672843933105
tf.Tensor(-11021.274348293155, shape=(), dtype=float64)
nll_grad  cost time: 3.244357109069824
tf.Tensor(-11021.30350968708, shape=(), dtype=float64)
nll_grad  cost time: 3.492243766784668
tf.Tensor(-11021.342748287308, shape=(), dtype=float64)
nll_grad  cost time: 3.2675414085388184
tf.Tensor(-11021.379210031824, shape=(), dtype=float64)
nll_grad  cost time: 3.2690653800964355
tf.Tensor(-11021.411422932579, shape=(), dtype=float64)
nll_grad  cost time: 3.2854108810424805
tf.Tensor(-11021.438364085428, shape=(), dtype=float64)
nll_grad  cost time: 3.230736494064331
tf.Tensor(-11021.46460965112, shape=(), dtype=float64)
nll_grad  cost time: 3.137784481048584
tf.Tensor(-11021.494389984095, shape=(), dtype=float64)
nll_grad  cost time: 3.2031021118164062
tf.Tensor(-11021.532447119222, shape=(), dtype=float64)
nll_grad  cost time: 3.3242008686065674
tf.Tensor(-11021.573854618284, shape=(), dtype=float64)
nll_grad  cost time: 3.235464096069336
tf.Tensor(-11021.618404726214, shape=(), dtype=float64)
nll_grad  cost time: 3.3269882202148438
tf.Tensor(-11021.660185332927, shape=(), dtype=float64)
nll_grad  cost time: 3.216614246368408
tf.Tensor(-11021.69425231911, shape=(), dtype=float64)
nll_grad  cost time: 3.7819857597351074
tf.Tensor(-11021.725868548943, shape=(), dtype=float64)
nll_grad  cost time: 3.152827262878418
tf.Tensor(-11021.761999121532, shape=(), dtype=float64)
nll_grad  cost time: 3.673919200897217
tf.Tensor(-11021.78700454416, shape=(), dtype=float64)
nll_grad  cost time: 3.4310922622680664
tf.Tensor(-11021.823443728761, shape=(), dtype=float64)
nll_grad  cost time: 3.4901604652404785
tf.Tensor(-11021.873888043214, shape=(), dtype=float64)
nll_grad  cost time: 3.25960636138916
tf.Tensor(-11021.92209930683, shape=(), dtype=float64)
nll_grad  cost time: 3.3847033977508545
tf.Tensor(-11021.955614759558, shape=(), dtype=float64)
nll_grad  cost time: 3.3565614223480225
tf.Tensor(-11021.990386770267, shape=(), dtype=float64)
nll_grad  cost time: 3.237718343734741
tf.Tensor(-11022.019439017247, shape=(), dtype=float64)
nll_grad  cost time: 3.394033193588257
tf.Tensor(-11022.05301455479, shape=(), dtype=float64)
nll_grad  cost time: 3.2812538146972656
tf.Tensor(-11022.083905764506, shape=(), dtype=float64)
nll_grad  cost time: 3.3278493881225586
tf.Tensor(-11022.13307806872, shape=(), dtype=float64)
nll_grad  cost time: 3.3313469886779785
tf.Tensor(-11022.205727425382, shape=(), dtype=float64)
nll_grad  cost time: 3.3714962005615234
tf.Tensor(-11022.298553954031, shape=(), dtype=float64)
nll_grad  cost time: 3.20439076423645
tf.Tensor(-11022.384437186607, shape=(), dtype=float64)
nll_grad  cost time: 3.2514538764953613
tf.Tensor(-11022.522350179635, shape=(), dtype=float64)
nll_grad  cost time: 3.348839521408081
nll_grad  cost time: 3.3847720623016357
tf.Tensor(-11022.605528708853, shape=(), dtype=float64)
nll_grad  cost time: 3.317701578140259
tf.Tensor(-11022.75019583186, shape=(), dtype=float64)
nll_grad  cost time: 3.4121055603027344
tf.Tensor(-11022.995259310432, shape=(), dtype=float64)
nll_grad  cost time: 3.446828842163086
tf.Tensor(-11023.329584306317, shape=(), dtype=float64)
nll_grad  cost time: 3.269251823425293
tf.Tensor(-11023.707823660712, shape=(), dtype=float64)
nll_grad  cost time: 3.380659580230713
nll_grad  cost time: 3.0497593879699707
tf.Tensor(-11023.876729420997, shape=(), dtype=float64)
nll_grad  cost time: 3.3700733184814453
tf.Tensor(-11024.079062848883, shape=(), dtype=float64)
nll_grad  cost time: 3.4605236053466797
tf.Tensor(-11024.365641855271, shape=(), dtype=float64)
nll_grad  cost time: 3.4176993370056152
tf.Tensor(-11024.731537806663, shape=(), dtype=float64)
nll_grad  cost time: 3.3033692836761475
tf.Tensor(-11024.951418784345, shape=(), dtype=float64)
nll_grad  cost time: 3.3668837547302246
tf.Tensor(-11025.261542023327, shape=(), dtype=float64)
nll_grad  cost time: 3.1892707347869873
tf.Tensor(-11025.568915028816, shape=(), dtype=float64)
nll_grad  cost time: 3.1622378826141357
tf.Tensor(-11025.688967619964, shape=(), dtype=float64)
nll_grad  cost time: 3.343083381652832
tf.Tensor(-11025.874745986672, shape=(), dtype=float64)
nll_grad  cost time: 3.567518949508667
tf.Tensor(-11026.102277414939, shape=(), dtype=float64)
nll_grad  cost time: 3.4467103481292725
tf.Tensor(-11026.167820786424, shape=(), dtype=float64)
nll_grad  cost time: 3.2681703567504883
tf.Tensor(-11026.278890471964, shape=(), dtype=float64)
nll_grad  cost time: 3.327791690826416
tf.Tensor(-11026.440178360877, shape=(), dtype=float64)
nll_grad  cost time: 3.5027153491973877
tf.Tensor(-11026.584397896288, shape=(), dtype=float64)
nll_grad  cost time: 3.403395652770996
tf.Tensor(-11026.645140919354, shape=(), dtype=float64)
nll_grad  cost time: 3.4525980949401855
tf.Tensor(-11026.746050839029, shape=(), dtype=float64)
nll_grad  cost time: 3.3629345893859863
tf.Tensor(-11026.902944631343, shape=(), dtype=float64)
nll_grad  cost time: 3.521815061569214
tf.Tensor(-11027.088438251332, shape=(), dtype=float64)
nll_grad  cost time: 3.3112237453460693
tf.Tensor(-11027.222034259808, shape=(), dtype=float64)
nll_grad  cost time: 3.290888786315918
tf.Tensor(-11027.393064821918, shape=(), dtype=float64)
nll_grad  cost time: 3.2034146785736084
tf.Tensor(-11027.604195917593, shape=(), dtype=float64)
nll_grad  cost time: 3.1954877376556396
tf.Tensor(-11027.706974662608, shape=(), dtype=float64)
nll_grad  cost time: 3.398591995239258
tf.Tensor(-11027.824838524604, shape=(), dtype=float64)
nll_grad  cost time: 3.2410757541656494
tf.Tensor(-11027.969126429896, shape=(), dtype=float64)
nll_grad  cost time: 3.353318452835083
tf.Tensor(-11028.09801852655, shape=(), dtype=float64)
nll_grad  cost time: 3.2789392471313477
tf.Tensor(-11028.2465850929, shape=(), dtype=float64)
nll_grad  cost time: 3.3138427734375
tf.Tensor(-11028.33394396853, shape=(), dtype=float64)
nll_grad  cost time: 3.2187511920928955
tf.Tensor(-11028.435238905586, shape=(), dtype=float64)
nll_grad  cost time: 3.3177742958068848
tf.Tensor(-11028.506193303707, shape=(), dtype=float64)
nll_grad  cost time: 3.280975818634033
tf.Tensor(-11028.577005469568, shape=(), dtype=float64)
nll_grad  cost time: 3.2832722663879395
tf.Tensor(-11028.676289183488, shape=(), dtype=float64)
nll_grad  cost time: 3.4282565116882324
tf.Tensor(-11028.79003765827, shape=(), dtype=float64)
nll_grad  cost time: 3.1968486309051514
tf.Tensor(-11028.871669463726, shape=(), dtype=float64)
nll_grad  cost time: 3.454127073287964
tf.Tensor(-11028.935855214535, shape=(), dtype=float64)
nll_grad  cost time: 3.282198190689087
tf.Tensor(-11029.01386079625, shape=(), dtype=float64)
nll_grad  cost time: 3.4819998741149902
tf.Tensor(-11029.092313954767, shape=(), dtype=float64)
nll_grad  cost time: 3.3059189319610596
tf.Tensor(-11029.190819010277, shape=(), dtype=float64)
nll_grad  cost time: 3.3632538318634033
tf.Tensor(-11029.270934490567, shape=(), dtype=float64)
nll_grad  cost time: 3.1781578063964844
tf.Tensor(-11029.336739026738, shape=(), dtype=float64)
nll_grad  cost time: 3.3040671348571777
tf.Tensor(-11029.388886174696, shape=(), dtype=float64)
nll_grad  cost time: 3.4381015300750732
tf.Tensor(-11029.455928351854, shape=(), dtype=float64)
nll_grad  cost time: 3.363375186920166
tf.Tensor(-11029.5336324678, shape=(), dtype=float64)
nll_grad  cost time: 3.542766809463501
tf.Tensor(-11029.601593572675, shape=(), dtype=float64)
nll_grad  cost time: 3.4172821044921875
tf.Tensor(-11029.675225531151, shape=(), dtype=float64)
nll_grad  cost time: 3.2752459049224854
tf.Tensor(-11029.770949992417, shape=(), dtype=float64)
nll_grad  cost time: 3.4267241954803467
tf.Tensor(-11029.902376672224, shape=(), dtype=float64)
nll_grad  cost time: 3.188570022583008
tf.Tensor(-11030.07193413769, shape=(), dtype=float64)
nll_grad  cost time: 3.236520767211914
tf.Tensor(-11030.231008253926, shape=(), dtype=float64)
nll_grad  cost time: 3.308444023132324
tf.Tensor(-11030.406474140538, shape=(), dtype=float64)
nll_grad  cost time: 3.273869037628174
tf.Tensor(-11030.606856621424, shape=(), dtype=float64)
nll_grad  cost time: 3.3678154945373535
tf.Tensor(-11030.78828711834, shape=(), dtype=float64)
nll_grad  cost time: 3.3205742835998535
tf.Tensor(-11030.963473010699, shape=(), dtype=float64)
nll_grad  cost time: 3.334289789199829
tf.Tensor(-11031.102461815535, shape=(), dtype=float64)
nll_grad  cost time: 3.4923765659332275
tf.Tensor(-11031.297581306899, shape=(), dtype=float64)
nll_grad  cost time: 3.179429292678833
tf.Tensor(-11031.569733358338, shape=(), dtype=float64)
nll_grad  cost time: 3.4376375675201416
tf.Tensor(-11031.854805248593, shape=(), dtype=float64)
nll_grad  cost time: 3.4472815990448
tf.Tensor(-11032.12586518719, shape=(), dtype=float64)
nll_grad  cost time: 3.19049334526062
tf.Tensor(-11032.246175697757, shape=(), dtype=float64)
nll_grad  cost time: 3.341848373413086
tf.Tensor(-11032.433346681908, shape=(), dtype=float64)
nll_grad  cost time: 3.167344331741333
tf.Tensor(-11032.671388670664, shape=(), dtype=float64)
nll_grad  cost time: 3.2653958797454834
tf.Tensor(-11032.772568247849, shape=(), dtype=float64)
nll_grad  cost time: 3.1138205528259277
tf.Tensor(-11032.918131373575, shape=(), dtype=float64)
nll_grad  cost time: 3.341841697692871
tf.Tensor(-11033.053548060096, shape=(), dtype=float64)
nll_grad  cost time: 3.3582122325897217
tf.Tensor(-11033.127543377523, shape=(), dtype=float64)
nll_grad  cost time: 3.2783234119415283
tf.Tensor(-11033.237082576677, shape=(), dtype=float64)
nll_grad  cost time: 3.1848292350769043
tf.Tensor(-11033.396056053738, shape=(), dtype=float64)
nll_grad  cost time: 3.326399326324463
tf.Tensor(-11033.532300822197, shape=(), dtype=float64)
nll_grad  cost time: 3.2899153232574463
tf.Tensor(-11033.638203113842, shape=(), dtype=float64)
nll_grad  cost time: 3.2109248638153076
tf.Tensor(-11033.764034022242, shape=(), dtype=float64)
nll_grad  cost time: 3.4121227264404297
tf.Tensor(-11033.85616003551, shape=(), dtype=float64)
nll_grad  cost time: 3.4130356311798096
tf.Tensor(-11033.928895926932, shape=(), dtype=float64)
nll_grad  cost time: 3.455268621444702
tf.Tensor(-11033.969940216637, shape=(), dtype=float64)
nll_grad  cost time: 3.238786458969116
tf.Tensor(-11034.028078552074, shape=(), dtype=float64)
nll_grad  cost time: 3.4308791160583496
tf.Tensor(-11034.095335155216, shape=(), dtype=float64)
nll_grad  cost time: 3.395587921142578
tf.Tensor(-11034.13610732829, shape=(), dtype=float64)
nll_grad  cost time: 3.282506227493286
tf.Tensor(-11034.1968642371, shape=(), dtype=float64)
nll_grad  cost time: 3.2893905639648438
tf.Tensor(-11034.283992749464, shape=(), dtype=float64)
nll_grad  cost time: 3.3358116149902344
tf.Tensor(-11034.370310858489, shape=(), dtype=float64)
nll_grad  cost time: 3.3545379638671875
tf.Tensor(-11034.45149038927, shape=(), dtype=float64)
nll_grad  cost time: 3.2152891159057617
tf.Tensor(-11034.556789834365, shape=(), dtype=float64)
nll_grad  cost time: 3.3273909091949463
tf.Tensor(-11034.681127774129, shape=(), dtype=float64)
nll_grad  cost time: 3.270486354827881
tf.Tensor(-11034.749080336798, shape=(), dtype=float64)
nll_grad  cost time: 3.214552879333496
tf.Tensor(-11034.814873493393, shape=(), dtype=float64)
nll_grad  cost time: 3.2938148975372314
tf.Tensor(-11034.883622863279, shape=(), dtype=float64)
nll_grad  cost time: 3.1660513877868652
tf.Tensor(-11034.952565691783, shape=(), dtype=float64)
nll_grad  cost time: 3.3659870624542236
tf.Tensor(-11035.029430369344, shape=(), dtype=float64)
nll_grad  cost time: 3.3554770946502686
tf.Tensor(-11035.10732231824, shape=(), dtype=float64)
nll_grad  cost time: 3.3986337184906006
tf.Tensor(-11035.152658426363, shape=(), dtype=float64)
nll_grad  cost time: 3.2967946529388428
tf.Tensor(-11035.189987676204, shape=(), dtype=float64)
nll_grad  cost time: 3.456855297088623
tf.Tensor(-11035.22816493435, shape=(), dtype=float64)
nll_grad  cost time: 3.30582594871521
tf.Tensor(-11035.266595357236, shape=(), dtype=float64)
nll_grad  cost time: 3.340176582336426
tf.Tensor(-11035.305575787715, shape=(), dtype=float64)
nll_grad  cost time: 3.3823866844177246
tf.Tensor(-11035.345486866761, shape=(), dtype=float64)
nll_grad  cost time: 3.4205384254455566
tf.Tensor(-11035.373947684995, shape=(), dtype=float64)
nll_grad  cost time: 3.4524614810943604
tf.Tensor(-11035.400509019135, shape=(), dtype=float64)
nll_grad  cost time: 3.4497292041778564
tf.Tensor(-11035.430584023998, shape=(), dtype=float64)
nll_grad  cost time: 3.5217573642730713
tf.Tensor(-11035.461373085935, shape=(), dtype=float64)
nll_grad  cost time: 3.505542755126953
tf.Tensor(-11035.485881260283, shape=(), dtype=float64)
nll_grad  cost time: 3.3905112743377686
tf.Tensor(-11035.509800821208, shape=(), dtype=float64)
nll_grad  cost time: 3.3957605361938477
tf.Tensor(-11035.530027903675, shape=(), dtype=float64)
nll_grad  cost time: 3.3637425899505615
tf.Tensor(-11035.551404848753, shape=(), dtype=float64)
nll_grad  cost time: 3.4372758865356445
tf.Tensor(-11035.57400618324, shape=(), dtype=float64)
nll_grad  cost time: 3.4847006797790527
tf.Tensor(-11035.589802185015, shape=(), dtype=float64)
nll_grad  cost time: 3.485830307006836
tf.Tensor(-11035.606298563755, shape=(), dtype=float64)
nll_grad  cost time: 3.4045114517211914
tf.Tensor(-11035.617890854315, shape=(), dtype=float64)
nll_grad  cost time: 3.306461811065674
tf.Tensor(-11035.634364973099, shape=(), dtype=float64)
nll_grad  cost time: 3.597555637359619
tf.Tensor(-11035.648490288455, shape=(), dtype=float64)
nll_grad  cost time: 3.5141761302948
tf.Tensor(-11035.659337572099, shape=(), dtype=float64)
nll_grad  cost time: 3.4057133197784424
tf.Tensor(-11035.670034944, shape=(), dtype=float64)
nll_grad  cost time: 3.3891685009002686
tf.Tensor(-11035.67974101982, shape=(), dtype=float64)
nll_grad  cost time: 3.2819361686706543
tf.Tensor(-11035.688462552942, shape=(), dtype=float64)
nll_grad  cost time: 3.327545642852783
tf.Tensor(-11035.697464191755, shape=(), dtype=float64)
nll_grad  cost time: 3.403043508529663
tf.Tensor(-11035.708100072508, shape=(), dtype=float64)
nll_grad  cost time: 3.5048694610595703
tf.Tensor(-11035.718977047669, shape=(), dtype=float64)
nll_grad  cost time: 3.308260440826416
tf.Tensor(-11035.731746460202, shape=(), dtype=float64)
nll_grad  cost time: 3.4895408153533936
tf.Tensor(-11035.746726249774, shape=(), dtype=float64)
nll_grad  cost time: 3.360914707183838
tf.Tensor(-11035.762709147813, shape=(), dtype=float64)
nll_grad  cost time: 3.4753334522247314
tf.Tensor(-11035.778921853002, shape=(), dtype=float64)
nll_grad  cost time: 3.355652093887329
tf.Tensor(-11035.791076374218, shape=(), dtype=float64)
nll_grad  cost time: 3.5444676876068115
tf.Tensor(-11035.798444499742, shape=(), dtype=float64)
nll_grad  cost time: 3.516437530517578
tf.Tensor(-11035.804170310017, shape=(), dtype=float64)
nll_grad  cost time: 3.2114269733428955
tf.Tensor(-11035.810723053059, shape=(), dtype=float64)
nll_grad  cost time: 3.4089958667755127
tf.Tensor(-11035.81858930843, shape=(), dtype=float64)
nll_grad  cost time: 3.382070779800415
tf.Tensor(-11035.825377221838, shape=(), dtype=float64)
nll_grad  cost time: 3.489454984664917
tf.Tensor(-11035.831469843622, shape=(), dtype=float64)
nll_grad  cost time: 3.342498779296875
tf.Tensor(-11035.838440993168, shape=(), dtype=float64)
nll_grad  cost time: 3.4949896335601807
tf.Tensor(-11035.847362770226, shape=(), dtype=float64)
nll_grad  cost time: 3.4917938709259033
tf.Tensor(-11035.856232075144, shape=(), dtype=float64)
nll_grad  cost time: 3.2523131370544434
tf.Tensor(-11035.862231063715, shape=(), dtype=float64)
nll_grad  cost time: 3.517179250717163
tf.Tensor(-11035.866556888039, shape=(), dtype=float64)
nll_grad  cost time: 3.415411949157715
tf.Tensor(-11035.870414245488, shape=(), dtype=float64)
nll_grad  cost time: 3.385267734527588
tf.Tensor(-11035.873867679045, shape=(), dtype=float64)
nll_grad  cost time: 3.4690396785736084
tf.Tensor(-11035.87661833167, shape=(), dtype=float64)
nll_grad  cost time: 3.435220241546631
tf.Tensor(-11035.879246797398, shape=(), dtype=float64)
nll_grad  cost time: 3.453658103942871
tf.Tensor(-11035.882009952918, shape=(), dtype=float64)
nll_grad  cost time: 3.3271517753601074
tf.Tensor(-11035.884689812512, shape=(), dtype=float64)
nll_grad  cost time: 3.366973638534546
tf.Tensor(-11035.88706867324, shape=(), dtype=float64)
nll_grad  cost time: 3.331922769546509
tf.Tensor(-11035.889293547974, shape=(), dtype=float64)
nll_grad  cost time: 3.622396230697632
tf.Tensor(-11035.89174976485, shape=(), dtype=float64)
nll_grad  cost time: 3.5973803997039795
tf.Tensor(-11035.894750550106, shape=(), dtype=float64)
nll_grad  cost time: 3.445845127105713
tf.Tensor(-11035.898391454706, shape=(), dtype=float64)
nll_grad  cost time: 3.4455461502075195
tf.Tensor(-11035.902401943436, shape=(), dtype=float64)
nll_grad  cost time: 3.250865936279297
tf.Tensor(-11035.906206322208, shape=(), dtype=float64)
nll_grad  cost time: 3.535224199295044
tf.Tensor(-11035.909652968308, shape=(), dtype=float64)
nll_grad  cost time: 3.4915194511413574
tf.Tensor(-11035.913265124022, shape=(), dtype=float64)
nll_grad  cost time: 3.369054079055786
tf.Tensor(-11035.917894159662, shape=(), dtype=float64)
nll_grad  cost time: 3.455615520477295
tf.Tensor(-11035.923314749969, shape=(), dtype=float64)
nll_grad  cost time: 3.4912328720092773
tf.Tensor(-11035.928061775448, shape=(), dtype=float64)
nll_grad  cost time: 4.0772905349731445
tf.Tensor(-11035.931224091088, shape=(), dtype=float64)
nll_grad  cost time: 3.4056053161621094
tf.Tensor(-11035.933659934875, shape=(), dtype=float64)
nll_grad  cost time: 3.4905481338500977
tf.Tensor(-11035.936633123114, shape=(), dtype=float64)
nll_grad  cost time: 3.3758585453033447
tf.Tensor(-11035.940704609908, shape=(), dtype=float64)
nll_grad  cost time: 3.4015040397644043
tf.Tensor(-11035.945363659273, shape=(), dtype=float64)
nll_grad  cost time: 3.3323071002960205
tf.Tensor(-11035.949246475844, shape=(), dtype=float64)
nll_grad  cost time: 3.5250484943389893
tf.Tensor(-11035.951968779365, shape=(), dtype=float64)
nll_grad  cost time: 3.3535866737365723
tf.Tensor(-11035.954412910869, shape=(), dtype=float64)
nll_grad  cost time: 3.379222869873047
tf.Tensor(-11035.957523414727, shape=(), dtype=float64)
nll_grad  cost time: 3.5000903606414795
tf.Tensor(-11035.961113125188, shape=(), dtype=float64)
nll_grad  cost time: 3.426723003387451
tf.Tensor(-11035.964601990723, shape=(), dtype=float64)
nll_grad  cost time: 3.429494857788086
tf.Tensor(-11035.967712462625, shape=(), dtype=float64)
nll_grad  cost time: 3.2683627605438232
tf.Tensor(-11035.9705354588, shape=(), dtype=float64)
nll_grad  cost time: 3.3832900524139404
tf.Tensor(-11035.973110428844, shape=(), dtype=float64)
nll_grad  cost time: 3.5992326736450195
tf.Tensor(-11035.975500891363, shape=(), dtype=float64)
nll_grad  cost time: 3.425147533416748
tf.Tensor(-11035.977891748313, shape=(), dtype=float64)
nll_grad  cost time: 3.444254159927368
tf.Tensor(-11035.980486725188, shape=(), dtype=float64)
nll_grad  cost time: 3.4681875705718994
tf.Tensor(-11035.983492352469, shape=(), dtype=float64)
nll_grad  cost time: 3.4771792888641357
tf.Tensor(-11035.986824551648, shape=(), dtype=float64)
nll_grad  cost time: 3.35863995552063
tf.Tensor(-11035.9900997179, shape=(), dtype=float64)
nll_grad  cost time: 3.5074234008789062
tf.Tensor(-11035.993154120202, shape=(), dtype=float64)
nll_grad  cost time: 3.4742891788482666
tf.Tensor(-11035.996499565583, shape=(), dtype=float64)
nll_grad  cost time: 3.450029134750366
tf.Tensor(-11036.000371573515, shape=(), dtype=float64)
nll_grad  cost time: 3.3561058044433594
tf.Tensor(-11036.004679419653, shape=(), dtype=float64)
nll_grad  cost time: 3.2981626987457275
tf.Tensor(-11036.008906931886, shape=(), dtype=float64)
nll_grad  cost time: 3.3277077674865723
tf.Tensor(-11036.01282303805, shape=(), dtype=float64)
nll_grad  cost time: 3.466365098953247
tf.Tensor(-11036.01656401252, shape=(), dtype=float64)
nll_grad  cost time: 3.4305477142333984
tf.Tensor(-11036.020174108991, shape=(), dtype=float64)
nll_grad  cost time: 3.6119465827941895
tf.Tensor(-11036.023382797575, shape=(), dtype=float64)
nll_grad  cost time: 3.3889763355255127
tf.Tensor(-11036.02550492921, shape=(), dtype=float64)
nll_grad  cost time: 3.321202516555786
tf.Tensor(-11036.027882031965, shape=(), dtype=float64)
nll_grad  cost time: 3.5085361003875732
tf.Tensor(-11036.030807263764, shape=(), dtype=float64)
nll_grad  cost time: 3.411184787750244
tf.Tensor(-11036.034730408704, shape=(), dtype=float64)
nll_grad  cost time: 3.409618377685547
tf.Tensor(-11036.039619459472, shape=(), dtype=float64)
nll_grad  cost time: 3.3239173889160156
tf.Tensor(-11036.046092433338, shape=(), dtype=float64)
nll_grad  cost time: 3.4652929306030273
tf.Tensor(-11036.054606837417, shape=(), dtype=float64)
nll_grad  cost time: 3.449054002761841
tf.Tensor(-11036.064631859947, shape=(), dtype=float64)
nll_grad  cost time: 3.5288383960723877
tf.Tensor(-11036.07211418049, shape=(), dtype=float64)
nll_grad  cost time: 3.4375414848327637
tf.Tensor(-11036.077377326968, shape=(), dtype=float64)
nll_grad  cost time: 3.3335719108581543
tf.Tensor(-11036.083495951272, shape=(), dtype=float64)
nll_grad  cost time: 3.420881509780884
tf.Tensor(-11036.09125703651, shape=(), dtype=float64)
nll_grad  cost time: 3.355346918106079
tf.Tensor(-11036.09895819785, shape=(), dtype=float64)
nll_grad  cost time: 3.323695182800293
tf.Tensor(-11036.110582401016, shape=(), dtype=float64)
nll_grad  cost time: 3.5240492820739746
tf.Tensor(-11036.123915746502, shape=(), dtype=float64)
nll_grad  cost time: 3.420036792755127
tf.Tensor(-11036.13475625254, shape=(), dtype=float64)
nll_grad  cost time: 3.4347331523895264
tf.Tensor(-11036.1437280506, shape=(), dtype=float64)
nll_grad  cost time: 3.502610445022583
tf.Tensor(-11036.153650820044, shape=(), dtype=float64)
nll_grad  cost time: 3.4668333530426025
tf.Tensor(-11036.165930598203, shape=(), dtype=float64)
nll_grad  cost time: 3.423140525817871
tf.Tensor(-11036.183022758392, shape=(), dtype=float64)
nll_grad  cost time: 3.3607940673828125
tf.Tensor(-11036.193356583819, shape=(), dtype=float64)
nll_grad  cost time: 3.3735201358795166
tf.Tensor(-11036.204477538864, shape=(), dtype=float64)
nll_grad  cost time: 3.446730136871338
tf.Tensor(-11036.222167279222, shape=(), dtype=float64)
nll_grad  cost time: 3.4375178813934326
tf.Tensor(-11036.246337644538, shape=(), dtype=float64)
nll_grad  cost time: 3.420975923538208
nll_grad  cost time: 3.5166516304016113
tf.Tensor(-11036.259840592007, shape=(), dtype=float64)
nll_grad  cost time: 3.1763086318969727
tf.Tensor(-11036.276636248956, shape=(), dtype=float64)
nll_grad  cost time: 3.4001452922821045
tf.Tensor(-11036.286494870154, shape=(), dtype=float64)
nll_grad  cost time: 3.2764499187469482
tf.Tensor(-11036.299177474182, shape=(), dtype=float64)
nll_grad  cost time: 3.379092216491699
tf.Tensor(-11036.310557708617, shape=(), dtype=float64)
nll_grad  cost time: 3.6067593097686768
tf.Tensor(-11036.321578397256, shape=(), dtype=float64)
nll_grad  cost time: 3.5326783657073975
tf.Tensor(-11036.32937140036, shape=(), dtype=float64)
nll_grad  cost time: 3.393996000289917
tf.Tensor(-11036.337799509696, shape=(), dtype=float64)
nll_grad  cost time: 3.378542423248291
tf.Tensor(-11036.347812163898, shape=(), dtype=float64)
nll_grad  cost time: 3.584441900253296
tf.Tensor(-11036.3597165026, shape=(), dtype=float64)
nll_grad  cost time: 3.308806896209717
tf.Tensor(-11036.371534114201, shape=(), dtype=float64)
nll_grad  cost time: 3.382709503173828
tf.Tensor(-11036.38027526741, shape=(), dtype=float64)
nll_grad  cost time: 3.523650884628296
tf.Tensor(-11036.3943443639, shape=(), dtype=float64)
nll_grad  cost time: 3.4310758113861084
tf.Tensor(-11036.415522576834, shape=(), dtype=float64)
nll_grad  cost time: 3.454346179962158
tf.Tensor(-11036.438808858205, shape=(), dtype=float64)
nll_grad  cost time: 3.385572671890259
tf.Tensor(-11036.45753961004, shape=(), dtype=float64)
nll_grad  cost time: 3.5373599529266357
tf.Tensor(-11036.47026749797, shape=(), dtype=float64)
nll_grad  cost time: 3.277355432510376
tf.Tensor(-11036.47781488915, shape=(), dtype=float64)
nll_grad  cost time: 3.3394229412078857
tf.Tensor(-11036.487459410528, shape=(), dtype=float64)
nll_grad  cost time: 3.242643117904663
tf.Tensor(-11036.497542995996, shape=(), dtype=float64)
nll_grad  cost time: 3.293569803237915
tf.Tensor(-11036.512440043218, shape=(), dtype=float64)
nll_grad  cost time: 3.6163408756256104
tf.Tensor(-11036.537844802137, shape=(), dtype=float64)
nll_grad  cost time: 3.2750349044799805
tf.Tensor(-11036.57048964432, shape=(), dtype=float64)
nll_grad  cost time: 3.4497978687286377
tf.Tensor(-11036.588464033433, shape=(), dtype=float64)
nll_grad  cost time: 3.4531853199005127
tf.Tensor(-11036.609990408506, shape=(), dtype=float64)
nll_grad  cost time: 3.559962511062622
tf.Tensor(-11036.627980207428, shape=(), dtype=float64)
nll_grad  cost time: 3.5750272274017334
tf.Tensor(-11036.651563841522, shape=(), dtype=float64)
nll_grad  cost time: 3.557798385620117
tf.Tensor(-11036.668247390458, shape=(), dtype=float64)
nll_grad  cost time: 3.381115198135376
tf.Tensor(-11036.686480984143, shape=(), dtype=float64)
nll_grad  cost time: 3.5006542205810547
tf.Tensor(-11036.702670332132, shape=(), dtype=float64)
nll_grad  cost time: 3.4145240783691406
tf.Tensor(-11036.718071478368, shape=(), dtype=float64)
nll_grad  cost time: 3.4324097633361816
tf.Tensor(-11036.738322128054, shape=(), dtype=float64)
nll_grad  cost time: 3.368199110031128
tf.Tensor(-11036.765423118559, shape=(), dtype=float64)
nll_grad  cost time: 3.4316647052764893
tf.Tensor(-11036.798305746517, shape=(), dtype=float64)
nll_grad  cost time: 3.3754661083221436
tf.Tensor(-11036.805743264536, shape=(), dtype=float64)
nll_grad  cost time: 3.512756586074829
tf.Tensor(-11036.819101061687, shape=(), dtype=float64)
nll_grad  cost time: 3.5089774131774902
tf.Tensor(-11036.83990544067, shape=(), dtype=float64)
nll_grad  cost time: 3.2002272605895996
tf.Tensor(-11036.861246660046, shape=(), dtype=float64)
nll_grad  cost time: 3.46256422996521
tf.Tensor(-11036.875209589794, shape=(), dtype=float64)
nll_grad  cost time: 3.2860920429229736
tf.Tensor(-11036.888840656546, shape=(), dtype=float64)
nll_grad  cost time: 3.4564895629882812
tf.Tensor(-11036.908760038146, shape=(), dtype=float64)
nll_grad  cost time: 3.50034236907959
tf.Tensor(-11036.924080234981, shape=(), dtype=float64)
nll_grad  cost time: 3.607853651046753
tf.Tensor(-11036.933803015338, shape=(), dtype=float64)
nll_grad  cost time: 3.4735965728759766
tf.Tensor(-11036.94550722585, shape=(), dtype=float64)
nll_grad  cost time: 3.589705467224121
tf.Tensor(-11036.957093789468, shape=(), dtype=float64)
nll_grad  cost time: 3.2912776470184326
nll_grad  cost time: 3.233858108520508
tf.Tensor(-11036.962470968741, shape=(), dtype=float64)
nll_grad  cost time: 3.4614667892456055
tf.Tensor(-11036.970276917855, shape=(), dtype=float64)
nll_grad  cost time: 3.417948007583618
tf.Tensor(-11036.9790246189, shape=(), dtype=float64)
nll_grad  cost time: 3.317126989364624
tf.Tensor(-11036.986894137975, shape=(), dtype=float64)
nll_grad  cost time: 3.3454039096832275
tf.Tensor(-11036.99721174987, shape=(), dtype=float64)
nll_grad  cost time: 3.286771774291992
tf.Tensor(-11037.011301591112, shape=(), dtype=float64)
nll_grad  cost time: 3.3590521812438965
tf.Tensor(-11037.029157332981, shape=(), dtype=float64)
nll_grad  cost time: 3.293261766433716
tf.Tensor(-11037.049579710343, shape=(), dtype=float64)
nll_grad  cost time: 3.3401260375976562
tf.Tensor(-11037.068859274987, shape=(), dtype=float64)
nll_grad  cost time: 3.477526903152466
nll_grad  cost time: 3.4882702827453613
tf.Tensor(-11037.07688516142, shape=(), dtype=float64)
nll_grad  cost time: 3.5050909519195557
tf.Tensor(-11037.088533874354, shape=(), dtype=float64)
nll_grad  cost time: 3.500124216079712
tf.Tensor(-11037.100498375934, shape=(), dtype=float64)
nll_grad  cost time: 3.3924756050109863
tf.Tensor(-11037.10791294647, shape=(), dtype=float64)
nll_grad  cost time: 3.361787796020508
tf.Tensor(-11037.115513793724, shape=(), dtype=float64)
nll_grad  cost time: 3.3651998043060303
tf.Tensor(-11037.127238218229, shape=(), dtype=float64)
nll_grad  cost time: 3.4401371479034424
tf.Tensor(-11037.141871436077, shape=(), dtype=float64)
nll_grad  cost time: 3.327688694000244
tf.Tensor(-11037.153155221487, shape=(), dtype=float64)
nll_grad  cost time: 3.444520950317383
tf.Tensor(-11037.166025962091, shape=(), dtype=float64)
nll_grad  cost time: 3.47305965423584
tf.Tensor(-11037.177715097736, shape=(), dtype=float64)
nll_grad  cost time: 3.5357468128204346
tf.Tensor(-11037.188713110605, shape=(), dtype=float64)
nll_grad  cost time: 3.4189157485961914
tf.Tensor(-11037.20157675787, shape=(), dtype=float64)
nll_grad  cost time: 3.530012607574463
tf.Tensor(-11037.217644506614, shape=(), dtype=float64)
nll_grad  cost time: 3.3678107261657715
tf.Tensor(-11037.237080454914, shape=(), dtype=float64)
nll_grad  cost time: 3.3814680576324463
tf.Tensor(-11037.253504707398, shape=(), dtype=float64)
nll_grad  cost time: 3.3490335941314697
tf.Tensor(-11037.27437568309, shape=(), dtype=float64)
nll_grad  cost time: 3.4422836303710938
tf.Tensor(-11037.294365157955, shape=(), dtype=float64)
nll_grad  cost time: 3.4369125366210938
tf.Tensor(-11037.300449206996, shape=(), dtype=float64)
nll_grad  cost time: 3.4662554264068604
tf.Tensor(-11037.311155516247, shape=(), dtype=float64)
nll_grad  cost time: 3.698335647583008
tf.Tensor(-11037.328884686081, shape=(), dtype=float64)
nll_grad  cost time: 3.717097282409668
tf.Tensor(-11037.351768481727, shape=(), dtype=float64)
nll_grad  cost time: 3.8363473415374756
tf.Tensor(-11037.370225447186, shape=(), dtype=float64)
nll_grad  cost time: 3.8381404876708984
tf.Tensor(-11037.39319217082, shape=(), dtype=float64)
nll_grad  cost time: 3.66733980178833
tf.Tensor(-11037.423071701975, shape=(), dtype=float64)
nll_grad  cost time: 3.5768721103668213
tf.Tensor(-11037.443127682527, shape=(), dtype=float64)
nll_grad  cost time: 3.356544256210327
tf.Tensor(-11037.463140405293, shape=(), dtype=float64)
nll_grad  cost time: 3.396320343017578
tf.Tensor(-11037.483880239452, shape=(), dtype=float64)
nll_grad  cost time: 3.5596048831939697
tf.Tensor(-11037.4968056199, shape=(), dtype=float64)
nll_grad  cost time: 3.4669735431671143
tf.Tensor(-11037.507949481093, shape=(), dtype=float64)
nll_grad  cost time: 3.4325931072235107
tf.Tensor(-11037.517616233745, shape=(), dtype=float64)
nll_grad  cost time: 3.4174187183380127
tf.Tensor(-11037.527626045608, shape=(), dtype=float64)
nll_grad  cost time: 3.912562370300293
tf.Tensor(-11037.54106745591, shape=(), dtype=float64)
nll_grad  cost time: 3.4306960105895996
tf.Tensor(-11037.558323940852, shape=(), dtype=float64)
nll_grad  cost time: 3.4674642086029053
tf.Tensor(-11037.575404933974, shape=(), dtype=float64)
nll_grad  cost time: 3.5458309650421143
tf.Tensor(-11037.590250105379, shape=(), dtype=float64)
nll_grad  cost time: 3.3845150470733643
tf.Tensor(-11037.603984314599, shape=(), dtype=float64)
nll_grad  cost time: 3.442084312438965
tf.Tensor(-11037.61595922611, shape=(), dtype=float64)
nll_grad  cost time: 3.4003658294677734
tf.Tensor(-11037.631956699981, shape=(), dtype=float64)
nll_grad  cost time: 3.6311237812042236
tf.Tensor(-11037.646283829374, shape=(), dtype=float64)
nll_grad  cost time: 3.4310083389282227
tf.Tensor(-11037.662734961486, shape=(), dtype=float64)
nll_grad  cost time: 3.6549110412597656
tf.Tensor(-11037.683032915731, shape=(), dtype=float64)
nll_grad  cost time: 3.5034022331237793
tf.Tensor(-11037.70554600253, shape=(), dtype=float64)
nll_grad  cost time: 3.4448893070220947
nll_grad  cost time: 3.4105918407440186
tf.Tensor(-11037.714679355733, shape=(), dtype=float64)
nll_grad  cost time: 3.456737995147705
tf.Tensor(-11037.725501957204, shape=(), dtype=float64)
nll_grad  cost time: 3.507781505584717
tf.Tensor(-11037.73408723178, shape=(), dtype=float64)
nll_grad  cost time: 3.528817653656006
tf.Tensor(-11037.739786339327, shape=(), dtype=float64)
nll_grad  cost time: 3.4134202003479004
tf.Tensor(-11037.745285350356, shape=(), dtype=float64)
nll_grad  cost time: 3.2814862728118896
tf.Tensor(-11037.75229785723, shape=(), dtype=float64)
nll_grad  cost time: 3.427307367324829
tf.Tensor(-11037.760037526721, shape=(), dtype=float64)
nll_grad  cost time: 3.4818103313446045
tf.Tensor(-11037.769733544425, shape=(), dtype=float64)
nll_grad  cost time: 3.454145669937134
tf.Tensor(-11037.779319161993, shape=(), dtype=float64)
nll_grad  cost time: 3.458897352218628
tf.Tensor(-11037.788907124173, shape=(), dtype=float64)
nll_grad  cost time: 3.4799821376800537
tf.Tensor(-11037.79607389919, shape=(), dtype=float64)
nll_grad  cost time: 3.5388920307159424
tf.Tensor(-11037.799780642752, shape=(), dtype=float64)
nll_grad  cost time: 3.5264620780944824
tf.Tensor(-11037.803046532863, shape=(), dtype=float64)
nll_grad  cost time: 3.6099770069122314
tf.Tensor(-11037.807197970433, shape=(), dtype=float64)
nll_grad  cost time: 3.5617854595184326
tf.Tensor(-11037.811400386767, shape=(), dtype=float64)
nll_grad  cost time: 3.4879491329193115
tf.Tensor(-11037.815974532125, shape=(), dtype=float64)
nll_grad  cost time: 3.3735358715057373
tf.Tensor(-11037.821000994954, shape=(), dtype=float64)
nll_grad  cost time: 3.5152242183685303
tf.Tensor(-11037.82705544064, shape=(), dtype=float64)
nll_grad  cost time: 3.5599231719970703
tf.Tensor(-11037.835221182613, shape=(), dtype=float64)
nll_grad  cost time: 3.5841064453125
tf.Tensor(-11037.846184313734, shape=(), dtype=float64)
nll_grad  cost time: 3.374241828918457
tf.Tensor(-11037.859673543833, shape=(), dtype=float64)
nll_grad  cost time: 3.612452745437622
tf.Tensor(-11037.869709332575, shape=(), dtype=float64)
nll_grad  cost time: 3.361832618713379
tf.Tensor(-11037.879727063992, shape=(), dtype=float64)
nll_grad  cost time: 3.343418836593628
tf.Tensor(-11037.884724270392, shape=(), dtype=float64)
nll_grad  cost time: 3.5737035274505615
tf.Tensor(-11037.88874849362, shape=(), dtype=float64)
nll_grad  cost time: 3.4965579509735107
tf.Tensor(-11037.890863061031, shape=(), dtype=float64)
nll_grad  cost time: 3.5500190258026123
tf.Tensor(-11037.89363607637, shape=(), dtype=float64)
nll_grad  cost time: 3.469491481781006
tf.Tensor(-11037.896178152354, shape=(), dtype=float64)
nll_grad  cost time: 3.43617844581604
tf.Tensor(-11037.900129774258, shape=(), dtype=float64)
nll_grad  cost time: 3.575188159942627
tf.Tensor(-11037.90592050409, shape=(), dtype=float64)
nll_grad  cost time: 3.512629985809326
tf.Tensor(-11037.912422751317, shape=(), dtype=float64)
nll_grad  cost time: 3.8124876022338867
tf.Tensor(-11037.918226084315, shape=(), dtype=float64)
nll_grad  cost time: 3.346559762954712
tf.Tensor(-11037.923476948192, shape=(), dtype=float64)
nll_grad  cost time: 3.536433219909668
tf.Tensor(-11037.927522850383, shape=(), dtype=float64)
nll_grad  cost time: 3.5525262355804443
tf.Tensor(-11037.930783323216, shape=(), dtype=float64)
nll_grad  cost time: 3.5404670238494873
tf.Tensor(-11037.935569119087, shape=(), dtype=float64)
nll_grad  cost time: 3.4822702407836914
tf.Tensor(-11037.941579028971, shape=(), dtype=float64)
nll_grad  cost time: 3.474461078643799
tf.Tensor(-11037.947869649339, shape=(), dtype=float64)
nll_grad  cost time: 3.4032275676727295
tf.Tensor(-11037.956337957046, shape=(), dtype=float64)
nll_grad  cost time: 3.35733699798584
tf.Tensor(-11037.96509297596, shape=(), dtype=float64)
nll_grad  cost time: 3.438253402709961
tf.Tensor(-11037.972110977658, shape=(), dtype=float64)
nll_grad  cost time: 3.4051926136016846
tf.Tensor(-11037.980553351023, shape=(), dtype=float64)
nll_grad  cost time: 3.2556097507476807
tf.Tensor(-11037.98928987795, shape=(), dtype=float64)
nll_grad  cost time: 3.499896287918091
tf.Tensor(-11037.995156125515, shape=(), dtype=float64)
nll_grad  cost time: 3.578545570373535
tf.Tensor(-11037.99934064089, shape=(), dtype=float64)
nll_grad  cost time: 3.4330215454101562
tf.Tensor(-11038.002403206869, shape=(), dtype=float64)
nll_grad  cost time: 3.464432716369629
tf.Tensor(-11038.00568675511, shape=(), dtype=float64)
nll_grad  cost time: 3.4559144973754883
tf.Tensor(-11038.009379409625, shape=(), dtype=float64)
nll_grad  cost time: 3.4657979011535645
tf.Tensor(-11038.012334902814, shape=(), dtype=float64)
nll_grad  cost time: 3.3874056339263916
tf.Tensor(-11038.015199345158, shape=(), dtype=float64)
nll_grad  cost time: 3.631986618041992
tf.Tensor(-11038.017790810729, shape=(), dtype=float64)
nll_grad  cost time: 3.5372869968414307
tf.Tensor(-11038.020850413508, shape=(), dtype=float64)
nll_grad  cost time: 3.5602667331695557
tf.Tensor(-11038.024012313275, shape=(), dtype=float64)
nll_grad  cost time: 3.450777530670166
tf.Tensor(-11038.026320914163, shape=(), dtype=float64)
nll_grad  cost time: 3.5028109550476074
tf.Tensor(-11038.028248178802, shape=(), dtype=float64)
nll_grad  cost time: 3.5169925689697266
tf.Tensor(-11038.030247258888, shape=(), dtype=float64)
nll_grad  cost time: 3.461193084716797
tf.Tensor(-11038.032016118588, shape=(), dtype=float64)
nll_grad  cost time: 3.4472107887268066
tf.Tensor(-11038.033472225834, shape=(), dtype=float64)
nll_grad  cost time: 3.4199631214141846
tf.Tensor(-11038.03456343589, shape=(), dtype=float64)
nll_grad  cost time: 3.341946601867676
tf.Tensor(-11038.035980764886, shape=(), dtype=float64)
nll_grad  cost time: 3.488088369369507
tf.Tensor(-11038.038164208388, shape=(), dtype=float64)
nll_grad  cost time: 3.600194215774536
tf.Tensor(-11038.041486514863, shape=(), dtype=float64)
nll_grad  cost time: 3.4581668376922607
tf.Tensor(-11038.04595897223, shape=(), dtype=float64)
nll_grad  cost time: 3.4560933113098145
tf.Tensor(-11038.049826805393, shape=(), dtype=float64)
nll_grad  cost time: 3.506990671157837
tf.Tensor(-11038.052625511264, shape=(), dtype=float64)
nll_grad  cost time: 3.6454625129699707
tf.Tensor(-11038.054051595682, shape=(), dtype=float64)
nll_grad  cost time: 3.547172784805298
tf.Tensor(-11038.054930711987, shape=(), dtype=float64)
nll_grad  cost time: 3.398369073867798
tf.Tensor(-11038.05553355714, shape=(), dtype=float64)
nll_grad  cost time: 3.5280535221099854
tf.Tensor(-11038.05606785624, shape=(), dtype=float64)
nll_grad  cost time: 3.392695665359497
tf.Tensor(-11038.056706267642, shape=(), dtype=float64)
nll_grad  cost time: 3.427325963973999
tf.Tensor(-11038.057671792732, shape=(), dtype=float64)
nll_grad  cost time: 3.3148961067199707
tf.Tensor(-11038.059130886366, shape=(), dtype=float64)
nll_grad  cost time: 3.489199638366699
tf.Tensor(-11038.061330359182, shape=(), dtype=float64)
nll_grad  cost time: 3.4641997814178467
tf.Tensor(-11038.06432331993, shape=(), dtype=float64)
nll_grad  cost time: 3.298145294189453
tf.Tensor(-11038.067256182287, shape=(), dtype=float64)
nll_grad  cost time: 3.504185914993286
tf.Tensor(-11038.068519587345, shape=(), dtype=float64)
nll_grad  cost time: 3.3687050342559814
tf.Tensor(-11038.07013245808, shape=(), dtype=float64)
nll_grad  cost time: 3.402287006378174
tf.Tensor(-11038.071002599609, shape=(), dtype=float64)
nll_grad  cost time: 3.291107654571533
tf.Tensor(-11038.071662700546, shape=(), dtype=float64)
nll_grad  cost time: 3.4326539039611816
tf.Tensor(-11038.072021566819, shape=(), dtype=float64)
nll_grad  cost time: 3.3705358505249023
tf.Tensor(-11038.072418566626, shape=(), dtype=float64)
nll_grad  cost time: 3.375123977661133
tf.Tensor(-11038.072872414006, shape=(), dtype=float64)
nll_grad  cost time: 3.5258827209472656
tf.Tensor(-11038.073546388398, shape=(), dtype=float64)
nll_grad  cost time: 3.5924177169799805
tf.Tensor(-11038.07460364783, shape=(), dtype=float64)
nll_grad  cost time: 3.449638605117798
tf.Tensor(-11038.076313918587, shape=(), dtype=float64)
nll_grad  cost time: 3.279226541519165
tf.Tensor(-11038.079123734497, shape=(), dtype=float64)
nll_grad  cost time: 3.457166910171509
tf.Tensor(-11038.083691532556, shape=(), dtype=float64)
nll_grad  cost time: 3.1923668384552
tf.Tensor(-11038.090779449318, shape=(), dtype=float64)
nll_grad  cost time: 3.2109711170196533
tf.Tensor(-11038.100141326351, shape=(), dtype=float64)
nll_grad  cost time: 3.2618861198425293
tf.Tensor(-11038.108084675943, shape=(), dtype=float64)
nll_grad  cost time: 3.5163307189941406
tf.Tensor(-11038.11336372824, shape=(), dtype=float64)
nll_grad  cost time: 3.478660821914673
tf.Tensor(-11038.115759893713, shape=(), dtype=float64)
nll_grad  cost time: 3.3320534229278564
tf.Tensor(-11038.116452306014, shape=(), dtype=float64)
nll_grad  cost time: 3.4188196659088135
tf.Tensor(-11038.117040808276, shape=(), dtype=float64)
nll_grad  cost time: 3.3203799724578857
tf.Tensor(-11038.117575585326, shape=(), dtype=float64)
nll_grad  cost time: 3.3987207412719727
tf.Tensor(-11038.118116378777, shape=(), dtype=float64)
nll_grad  cost time: 3.559053659439087
tf.Tensor(-11038.11892766694, shape=(), dtype=float64)
nll_grad  cost time: 3.5119571685791016
tf.Tensor(-11038.120034691456, shape=(), dtype=float64)
nll_grad  cost time: 3.6338658332824707
tf.Tensor(-11038.121276965961, shape=(), dtype=float64)
nll_grad  cost time: 3.3440792560577393
tf.Tensor(-11038.123040490558, shape=(), dtype=float64)
nll_grad  cost time: 3.6590845584869385
tf.Tensor(-11038.12568973541, shape=(), dtype=float64)
nll_grad  cost time: 3.5966928005218506
tf.Tensor(-11038.129432597176, shape=(), dtype=float64)
nll_grad  cost time: 3.425356149673462
tf.Tensor(-11038.13124519898, shape=(), dtype=float64)
nll_grad  cost time: 3.905890464782715
tf.Tensor(-11038.134275035096, shape=(), dtype=float64)
nll_grad  cost time: 3.4545371532440186
tf.Tensor(-11038.138672894602, shape=(), dtype=float64)
nll_grad  cost time: 3.5242810249328613
tf.Tensor(-11038.142048610716, shape=(), dtype=float64)
nll_grad  cost time: 3.6753294467926025
tf.Tensor(-11038.144665151958, shape=(), dtype=float64)
nll_grad  cost time: 3.7176122665405273
tf.Tensor(-11038.14759593649, shape=(), dtype=float64)
nll_grad  cost time: 3.5739870071411133
tf.Tensor(-11038.150578329805, shape=(), dtype=float64)
nll_grad  cost time: 3.5670788288116455
tf.Tensor(-11038.1530442289, shape=(), dtype=float64)
nll_grad  cost time: 3.4640204906463623
tf.Tensor(-11038.15597623746, shape=(), dtype=float64)
nll_grad  cost time: 3.4551217555999756
tf.Tensor(-11038.158804992956, shape=(), dtype=float64)
nll_grad  cost time: 3.4619944095611572
tf.Tensor(-11038.160328799226, shape=(), dtype=float64)
nll_grad  cost time: 3.4113175868988037
tf.Tensor(-11038.161367233348, shape=(), dtype=float64)
nll_grad  cost time: 3.3317346572875977
tf.Tensor(-11038.162202301377, shape=(), dtype=float64)
nll_grad  cost time: 3.49406361579895
tf.Tensor(-11038.16278746289, shape=(), dtype=float64)
nll_grad  cost time: 3.4011240005493164
tf.Tensor(-11038.163690570655, shape=(), dtype=float64)
nll_grad  cost time: 3.893711566925049
tf.Tensor(-11038.164966960554, shape=(), dtype=float64)
nll_grad  cost time: 3.5878496170043945
tf.Tensor(-11038.166172242767, shape=(), dtype=float64)
nll_grad  cost time: 3.550344705581665
tf.Tensor(-11038.167517165442, shape=(), dtype=float64)
nll_grad  cost time: 3.5277695655822754
tf.Tensor(-11038.168717962792, shape=(), dtype=float64)
nll_grad  cost time: 3.39162540435791
tf.Tensor(-11038.169564944073, shape=(), dtype=float64)
nll_grad  cost time: 3.4621353149414062
tf.Tensor(-11038.170102887103, shape=(), dtype=float64)
nll_grad  cost time: 3.306924343109131
tf.Tensor(-11038.170453033752, shape=(), dtype=float64)
nll_grad  cost time: 3.1704254150390625
tf.Tensor(-11038.17064668348, shape=(), dtype=float64)
nll_grad  cost time: 3.2024827003479004
tf.Tensor(-11038.170748138917, shape=(), dtype=float64)
nll_grad  cost time: 3.2228715419769287
tf.Tensor(-11038.170817026243, shape=(), dtype=float64)
nll_grad  cost time: 3.30538272857666
tf.Tensor(-11038.170884111445, shape=(), dtype=float64)
nll_grad  cost time: 3.410822868347168
tf.Tensor(-11038.170970697494, shape=(), dtype=float64)
nll_grad  cost time: 3.400622844696045
tf.Tensor(-11038.171113671357, shape=(), dtype=float64)
nll_grad  cost time: 3.4756340980529785
tf.Tensor(-11038.171358255633, shape=(), dtype=float64)
nll_grad  cost time: 3.4914779663085938
tf.Tensor(-11038.171775015267, shape=(), dtype=float64)
nll_grad  cost time: 3.6063504219055176
tf.Tensor(-11038.172446507037, shape=(), dtype=float64)
nll_grad  cost time: 3.7226319313049316
tf.Tensor(-11038.173347647236, shape=(), dtype=float64)
nll_grad  cost time: 3.6834516525268555
tf.Tensor(-11038.173895903506, shape=(), dtype=float64)
nll_grad  cost time: 3.6707606315612793
tf.Tensor(-11038.17429369242, shape=(), dtype=float64)
nll_grad  cost time: 3.582876443862915
tf.Tensor(-11038.174409801963, shape=(), dtype=float64)
nll_grad  cost time: 3.465623378753662
tf.Tensor(-11038.174465154116, shape=(), dtype=float64)
nll_grad  cost time: 3.478140354156494
tf.Tensor(-11038.174497024025, shape=(), dtype=float64)
nll_grad  cost time: 3.421248197555542
tf.Tensor(-11038.174513234895, shape=(), dtype=float64)
nll_grad  cost time: 3.5314581394195557
tf.Tensor(-11038.174522267975, shape=(), dtype=float64)
nll_grad  cost time: 3.683943748474121
tf.Tensor(-11038.174536689236, shape=(), dtype=float64)
nll_grad  cost time: 3.5662333965301514
tf.Tensor(-11038.174561092885, shape=(), dtype=float64)
nll_grad  cost time: 3.4791243076324463
tf.Tensor(-11038.1746040886, shape=(), dtype=float64)
nll_grad  cost time: 3.4928948879241943
tf.Tensor(-11038.174681110519, shape=(), dtype=float64)
nll_grad  cost time: 3.3376975059509277
tf.Tensor(-11038.174819012202, shape=(), dtype=float64)
nll_grad  cost time: 3.2239573001861572
tf.Tensor(-11038.175062115704, shape=(), dtype=float64)
nll_grad  cost time: 3.1791841983795166
tf.Tensor(-11038.175476730452, shape=(), dtype=float64)
nll_grad  cost time: 3.2273945808410645
tf.Tensor(-11038.176144998753, shape=(), dtype=float64)
nll_grad  cost time: 3.367966890335083
tf.Tensor(-11038.17712972618, shape=(), dtype=float64)
nll_grad  cost time: 3.308767318725586
tf.Tensor(-11038.178110073837, shape=(), dtype=float64)
nll_grad  cost time: 3.146238088607788
tf.Tensor(-11038.178784949276, shape=(), dtype=float64)
nll_grad  cost time: 3.45755672454834
tf.Tensor(-11038.178943266299, shape=(), dtype=float64)
nll_grad  cost time: 3.4282639026641846
tf.Tensor(-11038.178969506655, shape=(), dtype=float64)
nll_grad  cost time: 3.444993257522583
tf.Tensor(-11038.17898075076, shape=(), dtype=float64)
nll_grad  cost time: 3.434584379196167
tf.Tensor(-11038.17899322058, shape=(), dtype=float64)
nll_grad  cost time: 3.3527135848999023
tf.Tensor(-11038.179013301844, shape=(), dtype=float64)
nll_grad  cost time: 3.230374813079834
tf.Tensor(-11038.179047611025, shape=(), dtype=float64)
nll_grad  cost time: 3.398235559463501
tf.Tensor(-11038.179108480515, shape=(), dtype=float64)
nll_grad  cost time: 3.4162068367004395
tf.Tensor(-11038.179218427518, shape=(), dtype=float64)
nll_grad  cost time: 3.339505672454834
tf.Tensor(-11038.179417911226, shape=(), dtype=float64)
nll_grad  cost time: 3.322397470474243
tf.Tensor(-11038.179777753394, shape=(), dtype=float64)
nll_grad  cost time: 3.318117141723633
tf.Tensor(-11038.180416518218, shape=(), dtype=float64)
nll_grad  cost time: 3.3135275840759277
tf.Tensor(-11038.181513224888, shape=(), dtype=float64)
nll_grad  cost time: 3.284762382507324
tf.Tensor(-11038.183288669847, shape=(), dtype=float64)
nll_grad  cost time: 3.2066681385040283
tf.Tensor(-11038.185928158884, shape=(), dtype=float64)
nll_grad  cost time: 3.3760859966278076
tf.Tensor(-11038.186738337266, shape=(), dtype=float64)
nll_grad  cost time: 3.3174171447753906
tf.Tensor(-11038.188282661846, shape=(), dtype=float64)
nll_grad  cost time: 3.460317850112915
tf.Tensor(-11038.190714300486, shape=(), dtype=float64)
nll_grad  cost time: 3.32792329788208
tf.Tensor(-11038.193622328356, shape=(), dtype=float64)
nll_grad  cost time: 3.6335668563842773
tf.Tensor(-11038.194558322517, shape=(), dtype=float64)
nll_grad  cost time: 3.276052474975586
tf.Tensor(-11038.19481729465, shape=(), dtype=float64)
nll_grad  cost time: 3.3281404972076416
tf.Tensor(-11038.194935601132, shape=(), dtype=float64)
nll_grad  cost time: 3.537828207015991
tf.Tensor(-11038.195037974947, shape=(), dtype=float64)
nll_grad  cost time: 3.3610541820526123
tf.Tensor(-11038.19517624173, shape=(), dtype=float64)
nll_grad  cost time: 3.2733993530273438
tf.Tensor(-11038.19541425431, shape=(), dtype=float64)
nll_grad  cost time: 3.2587051391601562
tf.Tensor(-11038.195814873769, shape=(), dtype=float64)
nll_grad  cost time: 3.385683059692383
tf.Tensor(-11038.196420517314, shape=(), dtype=float64)
nll_grad  cost time: 3.1197428703308105
tf.Tensor(-11038.197186299061, shape=(), dtype=float64)
nll_grad  cost time: 3.36948299407959
tf.Tensor(-11038.197998818934, shape=(), dtype=float64)
nll_grad  cost time: 3.259420156478882
tf.Tensor(-11038.19913618773, shape=(), dtype=float64)
nll_grad  cost time: 3.2272183895111084
tf.Tensor(-11038.199979293393, shape=(), dtype=float64)
nll_grad  cost time: 3.296612501144409
tf.Tensor(-11038.20119491587, shape=(), dtype=float64)
nll_grad  cost time: 3.4061546325683594
tf.Tensor(-11038.202079742667, shape=(), dtype=float64)
nll_grad  cost time: 3.1594462394714355
tf.Tensor(-11038.202489365205, shape=(), dtype=float64)
nll_grad  cost time: 3.176468849182129
tf.Tensor(-11038.202903439458, shape=(), dtype=float64)
nll_grad  cost time: 3.241030216217041
tf.Tensor(-11038.203147369415, shape=(), dtype=float64)
nll_grad  cost time: 3.2558481693267822
tf.Tensor(-11038.203279371293, shape=(), dtype=float64)
nll_grad  cost time: 3.388075828552246
tf.Tensor(-11038.203374715653, shape=(), dtype=float64)
nll_grad  cost time: 3.2017412185668945
tf.Tensor(-11038.203408124595, shape=(), dtype=float64)
nll_grad  cost time: 3.3796536922454834
tf.Tensor(-11038.20344863095, shape=(), dtype=float64)
nll_grad  cost time: 3.403331756591797
tf.Tensor(-11038.203466692787, shape=(), dtype=float64)
nll_grad  cost time: 3.3529131412506104
tf.Tensor(-11038.203478862226, shape=(), dtype=float64)
nll_grad  cost time: 3.3379058837890625
tf.Tensor(-11038.203491038541, shape=(), dtype=float64)
nll_grad  cost time: 3.4084978103637695
tf.Tensor(-11038.203499934403, shape=(), dtype=float64)
nll_grad  cost time: 3.5633275508880615
tf.Tensor(-11038.20351195374, shape=(), dtype=float64)
nll_grad  cost time: 3.328944206237793
tf.Tensor(-11038.203529221551, shape=(), dtype=float64)
nll_grad  cost time: 3.1555941104888916
tf.Tensor(-11038.203557687135, shape=(), dtype=float64)
nll_grad  cost time: 3.1473965644836426
tf.Tensor(-11038.203606653507, shape=(), dtype=float64)
nll_grad  cost time: 3.446911573410034
tf.Tensor(-11038.203691749295, shape=(), dtype=float64)
nll_grad  cost time: 3.4519593715667725
tf.Tensor(-11038.20383581498, shape=(), dtype=float64)
nll_grad  cost time: 3.3799242973327637
tf.Tensor(-11038.204058359574, shape=(), dtype=float64)
nll_grad  cost time: 3.2773284912109375
tf.Tensor(-11038.204340387354, shape=(), dtype=float64)
nll_grad  cost time: 3.3834288120269775
tf.Tensor(-11038.204577903336, shape=(), dtype=float64)
nll_grad  cost time: 3.360504627227783
tf.Tensor(-11038.204771581579, shape=(), dtype=float64)
nll_grad  cost time: 3.3546226024627686
tf.Tensor(-11038.204888851062, shape=(), dtype=float64)
nll_grad  cost time: 3.604429244995117
tf.Tensor(-11038.205002052026, shape=(), dtype=float64)
nll_grad  cost time: 3.303645133972168
tf.Tensor(-11038.205064919479, shape=(), dtype=float64)
nll_grad  cost time: 3.2238621711730957
tf.Tensor(-11038.20517176111, shape=(), dtype=float64)
nll_grad  cost time: 3.510326385498047
tf.Tensor(-11038.205267773563, shape=(), dtype=float64)
nll_grad  cost time: 3.3990683555603027
tf.Tensor(-11038.205357194565, shape=(), dtype=float64)
nll_grad  cost time: 3.4047601222991943
tf.Tensor(-11038.205430664442, shape=(), dtype=float64)
nll_grad  cost time: 3.4944019317626953
tf.Tensor(-11038.205504086014, shape=(), dtype=float64)
nll_grad  cost time: 3.508833408355713
tf.Tensor(-11038.205583372524, shape=(), dtype=float64)
nll_grad  cost time: 3.3702499866485596
tf.Tensor(-11038.205632067344, shape=(), dtype=float64)
nll_grad  cost time: 3.256133556365967
tf.Tensor(-11038.205679606064, shape=(), dtype=float64)
nll_grad  cost time: 3.239945888519287
tf.Tensor(-11038.205719887395, shape=(), dtype=float64)
nll_grad  cost time: 3.203274965286255
nll_grad  cost time: 3.0984575748443604
tf.Tensor(-11038.205740509897, shape=(), dtype=float64)
nll_grad  cost time: 3.2851595878601074
tf.Tensor(-11038.20576820177, shape=(), dtype=float64)
nll_grad  cost time: 3.4727931022644043
tf.Tensor(-11038.205803073863, shape=(), dtype=float64)
nll_grad  cost time: 3.26937198638916
tf.Tensor(-11038.205826136516, shape=(), dtype=float64)
nll_grad  cost time: 3.413597822189331
tf.Tensor(-11038.205843057964, shape=(), dtype=float64)
nll_grad  cost time: 3.4547739028930664
tf.Tensor(-11038.205867219229, shape=(), dtype=float64)
nll_grad  cost time: 3.339660167694092
tf.Tensor(-11038.205897181448, shape=(), dtype=float64)
nll_grad  cost time: 3.277278184890747
tf.Tensor(-11038.205941369983, shape=(), dtype=float64)
nll_grad  cost time: 3.3970048427581787
tf.Tensor(-11038.2060024546, shape=(), dtype=float64)
nll_grad  cost time: 3.247641086578369
tf.Tensor(-11038.206075103983, shape=(), dtype=float64)
nll_grad  cost time: 3.2166590690612793
nll_grad  cost time: 3.117555618286133
tf.Tensor(-11038.206123660719, shape=(), dtype=float64)
nll_grad  cost time: 3.3235092163085938
tf.Tensor(-11038.206203402427, shape=(), dtype=float64)
nll_grad  cost time: 3.4253592491149902
tf.Tensor(-11038.206333200214, shape=(), dtype=float64)
nll_grad  cost time: 3.3788368701934814
tf.Tensor(-11038.206515844176, shape=(), dtype=float64)
nll_grad  cost time: 3.2871804237365723
tf.Tensor(-11038.206665481026, shape=(), dtype=float64)
nll_grad  cost time: 3.2073779106140137
tf.Tensor(-11038.206829097464, shape=(), dtype=float64)
nll_grad  cost time: 3.2111542224884033
tf.Tensor(-11038.206957623792, shape=(), dtype=float64)
nll_grad  cost time: 3.2154502868652344
tf.Tensor(-11038.20711647065, shape=(), dtype=float64)
nll_grad  cost time: 3.3502283096313477
tf.Tensor(-11038.207324092175, shape=(), dtype=float64)
nll_grad  cost time: 3.212480068206787
tf.Tensor(-11038.20759882711, shape=(), dtype=float64)
nll_grad  cost time: 3.2706034183502197
tf.Tensor(-11038.207903610695, shape=(), dtype=float64)
nll_grad  cost time: 3.203794479370117
tf.Tensor(-11038.208325990825, shape=(), dtype=float64)
nll_grad  cost time: 3.3192312717437744
tf.Tensor(-11038.208963155113, shape=(), dtype=float64)
nll_grad  cost time: 3.5353667736053467
tf.Tensor(-11038.209998140366, shape=(), dtype=float64)
nll_grad  cost time: 3.2862229347229004
tf.Tensor(-11038.21128452348, shape=(), dtype=float64)
nll_grad  cost time: 3.3790688514709473
tf.Tensor(-11038.21220472399, shape=(), dtype=float64)
nll_grad  cost time: 3.4328393936157227
tf.Tensor(-11038.213712552671, shape=(), dtype=float64)
nll_grad  cost time: 3.4312899112701416
tf.Tensor(-11038.215826166714, shape=(), dtype=float64)
nll_grad  cost time: 3.500548839569092
nll_grad  cost time: 3.2886953353881836
tf.Tensor(-11038.216550801408, shape=(), dtype=float64)
nll_grad  cost time: 3.4186177253723145
tf.Tensor(-11038.217296957548, shape=(), dtype=float64)
nll_grad  cost time: 3.417086601257324
tf.Tensor(-11038.21760558289, shape=(), dtype=float64)
nll_grad  cost time: 3.3506758213043213
tf.Tensor(-11038.217892632572, shape=(), dtype=float64)
nll_grad  cost time: 3.223245620727539
tf.Tensor(-11038.218081390958, shape=(), dtype=float64)
nll_grad  cost time: 3.283625364303589
tf.Tensor(-11038.218355253273, shape=(), dtype=float64)
nll_grad  cost time: 3.440995693206787
tf.Tensor(-11038.218717778764, shape=(), dtype=float64)
nll_grad  cost time: 3.480935573577881
tf.Tensor(-11038.219275274969, shape=(), dtype=float64)
nll_grad  cost time: 3.3809409141540527
tf.Tensor(-11038.219861575279, shape=(), dtype=float64)
nll_grad  cost time: 3.374586582183838
tf.Tensor(-11038.22026305992, shape=(), dtype=float64)
nll_grad  cost time: 3.4150028228759766
tf.Tensor(-11038.220622140718, shape=(), dtype=float64)
nll_grad  cost time: 3.4696178436279297
tf.Tensor(-11038.220807429687, shape=(), dtype=float64)
nll_grad  cost time: 3.496896266937256
tf.Tensor(-11038.220884636059, shape=(), dtype=float64)
nll_grad  cost time: 3.287886381149292
tf.Tensor(-11038.220922401153, shape=(), dtype=float64)
nll_grad  cost time: 3.395601987838745
tf.Tensor(-11038.220956045778, shape=(), dtype=float64)
nll_grad  cost time: 3.4113430976867676
tf.Tensor(-11038.220989026617, shape=(), dtype=float64)
nll_grad  cost time: 3.469393491744995
tf.Tensor(-11038.221026759064, shape=(), dtype=float64)
nll_grad  cost time: 3.4647979736328125
tf.Tensor(-11038.221075370915, shape=(), dtype=float64)
nll_grad  cost time: 3.4759068489074707
tf.Tensor(-11038.221117726556, shape=(), dtype=float64)
nll_grad  cost time: 3.710153818130493
tf.Tensor(-11038.22112489878, shape=(), dtype=float64)
nll_grad  cost time: 3.5884854793548584
tf.Tensor(-11038.221132077226, shape=(), dtype=float64)
nll_grad  cost time: 3.2488958835601807
tf.Tensor(-11038.221133498046, shape=(), dtype=float64)
nll_grad  cost time: 3.361598491668701
tf.Tensor(-11038.221133891871, shape=(), dtype=float64)
nll_grad  cost time: 3.441587448120117
tf.Tensor(-11038.221133953695, shape=(), dtype=float64)
nll_grad  cost time: 3.3199803829193115
tf.Tensor(-11038.221133975574, shape=(), dtype=float64)
nll_grad  cost time: 3.5900821685791016
tf.Tensor(-11038.221133984982, shape=(), dtype=float64)
nll_grad  cost time: 3.718998432159424
tf.Tensor(-11038.22113398913, shape=(), dtype=float64)
nll_grad  cost time: 3.441587448120117
tf.Tensor(-11038.221133990657, shape=(), dtype=float64)
nll_grad  cost time: 3.3412344455718994
tf.Tensor(-11038.221133990999, shape=(), dtype=float64)
Optimization terminated successfully.
         Current function value: -11038.221134
         Iterations: 1055
         Function evaluations: 1075
         Gradient evaluations: 1075
  message: Optimization terminated successfully.
  success: True
   status: 0
      fun: -11038.221133990999
        x: [ 8.763e-01  1.140e+00 ... -1.364e+00 -2.186e+00]
      nit: 1055
      jac: [ 0.000e+00  0.000e+00 ...  1.948e-05  2.911e-05]
 hess_inv: [[ 1.000e+00  0.000e+00 ...  0.000e+00  0.000e+00]
            [ 0.000e+00  1.000e+00 ...  0.000e+00  0.000e+00]
            ...
            [ 0.000e+00  0.000e+00 ...  1.594e+00 -1.894e-01]
            [ 0.000e+00  0.000e+00 ... -1.894e-01  5.454e-01]]
     nfev: 1075
     njev: 1075
fit  cost time: 3640.4747862815857

========== Fit loop 2/5 ==========
using RANDOM parameters

########### initial parameters
{
  "rho(1450)p_mass": 1.51,
  "rho(1450)p_width": 0.44,
  "rho(1570)p_mass": 1.57,
  "rho(1570)p_width": 0.14,
  "rho(1690)p_mass": 1.681,
  "rho(1690)p_width": 0.19,
  "rho(1450)m_mass": 1.51,
  "rho(1450)m_width": 0.44,
  "rho(1570)m_mass": 1.57,
  "rho(1570)m_width": 0.14,
  "rho(1690)m_mass": 1.681,
  "rho(1690)m_width": 0.19,
  "f0(500)_E791_mass": 0.478,
  "f2(1270)_flatte_mass": 1.2754,
  "f2(1270)_flatte_g_0": 0.2529034938690137,
  "f2(1270)_flatte_g_1": 0.141115877815405,
  "f0(1370)_mass": 1.37,
  "f0(1370)_width": 0.35,
  "f2(1430)_mass": 1.43,
  "f2(1430)_width": 0.046,
  "Jpsi->rho(1450)p.pimrho(1450)p->phi.pip_total_0r": 1.0,
  "Jpsi->rho(1450)p.pimrho(1450)p->phi.pip_total_0i": 0.0,
  "Jpsi->rho(1450)p.pim_g_ls_0r": 1.0,
  "Jpsi->rho(1450)p.pim_g_ls_0i": 0.0,
  "rho(1450)p->phi.pip_g_ls_0r": 1.0,
  "rho(1450)p->phi.pip_g_ls_0i": 0.0,
  "Jpsi->rho(1570)p.pimrho(1570)p->phi.pip_total_0r": 0.9858727565054037,
  "Jpsi->rho(1570)p.pimrho(1570)p->phi.pip_total_0i": -1.8474189080610977,
  "Jpsi->rho(1570)p.pim_g_ls_0r": 1.0,
  "Jpsi->rho(1570)p.pim_g_ls_0i": 0.0,
  "rho(1570)p->phi.pip_g_ls_0r": 1.0,
  "rho(1570)p->phi.pip_g_ls_0i": 0.0,
  "Jpsi->rho(1690)p.pimrho(1690)p->phi.pip_total_0r": 0.10344133841873226,
  "Jpsi->rho(1690)p.pimrho(1690)p->phi.pip_total_0i": -0.3470936694600799,
  "Jpsi->rho(1690)p.pim_g_ls_0r": 1.0,
  "Jpsi->rho(1690)p.pim_g_ls_0i": 0.0,
  "rho(1690)p->phi.pip_g_ls_0r": 1.0,
  "rho(1690)p->phi.pip_g_ls_0i": 0.0,
  "Jpsi->rho(1450)m.piprho(1450)m->phi.pim_total_0r": 1.0,
  "Jpsi->rho(1450)m.piprho(1450)m->phi.pim_total_0i": 0.0,
  "Jpsi->rho(1450)m.pip_g_ls_0r": 1.0,
  "Jpsi->rho(1450)m.pip_g_ls_0i": 0.0,
  "rho(1450)m->phi.pim_g_ls_0r": 1.0,
  "rho(1450)m->phi.pim_g_ls_0i": 0.0,
  "Jpsi->rho(1570)m.piprho(1570)m->phi.pim_total_0r": 0.9858727565054037,
  "Jpsi->rho(1570)m.piprho(1570)m->phi.pim_total_0i": -1.8474189080610977,
  "Jpsi->rho(1570)m.pip_g_ls_0r": 1.0,
  "Jpsi->rho(1570)m.pip_g_ls_0i": 0.0,
  "rho(1570)m->phi.pim_g_ls_0r": 1.0,
  "rho(1570)m->phi.pim_g_ls_0i": 0.0,
  "Jpsi->rho(1690)m.piprho(1690)m->phi.pim_total_0r": 0.10344133841873226,
  "Jpsi->rho(1690)m.piprho(1690)m->phi.pim_total_0i": -0.3470936694600799,
  "Jpsi->rho(1690)m.pip_g_ls_0r": 1.0,
  "Jpsi->rho(1690)m.pip_g_ls_0i": 0.0,
  "rho(1690)m->phi.pim_g_ls_0r": 1.0,
  "rho(1690)m->phi.pim_g_ls_0i": 0.0,
  "Jpsi->phi.f0(500)_E791f0(500)_E791->pip.pim_total_0r": 1.1136394774446172,
  "Jpsi->phi.f0(500)_E791f0(500)_E791->pip.pim_total_0i": -2.3965684332928596,
  "Jpsi->phi.f0(500)_E791_g_ls_0r": 1.0,
  "Jpsi->phi.f0(500)_E791_g_ls_0i": 0.0,
  "Jpsi->phi.f0(500)_E791_g_ls_1r": 1.490955943762755,
  "Jpsi->phi.f0(500)_E791_g_ls_1i": -0.07753566841172788,
  "f0(500)_E791->pip.pim_g_ls_0r": 1.0,
  "f0(500)_E791->pip.pim_g_ls_0i": 0.0,
  "Jpsi->phi.f0(980)_flattef0(980)_flatte->pip.pim_total_0r": 1.4346953864357528,
  "Jpsi->phi.f0(980)_flattef0(980)_flatte->pip.pim_total_0i": -1.1363571600453168,
  "f0(980)_flatte->pip.pim_g_ls_0r": 1.0,
  "f0(980)_flatte->pip.pim_g_ls_0i": 0.0,
  "Jpsi->phi.f2(1270)_flattef2(1270)_flatte->pip.pim_total_0r": 1.8390937066404125,
  "Jpsi->phi.f2(1270)_flattef2(1270)_flatte->pip.pim_total_0i": 0.8719234906255986,
  "Jpsi->phi.f2(1270)_flatte_g_ls_0r": 1.0,
  "Jpsi->phi.f2(1270)_flatte_g_ls_0i": 0.0,
  "Jpsi->phi.f2(1270)_flatte_g_ls_1r": 0.008869866868431497,
  "Jpsi->phi.f2(1270)_flatte_g_ls_1i": -1.8339204785257133,
  "Jpsi->phi.f2(1270)_flatte_g_ls_2r": 1.9369019364844107,
  "Jpsi->phi.f2(1270)_flatte_g_ls_2i": 2.36553351388386,
  "Jpsi->phi.f2(1270)_flatte_g_ls_3r": 0.3047926186097798,
  "Jpsi->phi.f2(1270)_flatte_g_ls_3i": 1.1278922456119478,
  "Jpsi->phi.f2(1270)_flatte_g_ls_4r": 0.868063643394827,
  "Jpsi->phi.f2(1270)_flatte_g_ls_4i": -0.6999088801271007,
  "f2(1270)_flatte->pip.pim_g_ls_0r": 1.0,
  "f2(1270)_flatte->pip.pim_g_ls_0i": 0.0,
  "Jpsi->phi.f0(1370)f0(1370)->pip.pim_total_0r": 1.8663657043878983,
  "Jpsi->phi.f0(1370)f0(1370)->pip.pim_total_0i": 0.9130881406555602,
  "Jpsi->phi.f0(1370)_g_ls_0r": 1.0,
  "Jpsi->phi.f0(1370)_g_ls_0i": 0.0,
  "Jpsi->phi.f0(1370)_g_ls_1r": 1.806110027798633,
  "Jpsi->phi.f0(1370)_g_ls_1i": -1.8300887001488617,
  "f0(1370)->pip.pim_g_ls_0r": 1.0,
  "f0(1370)->pip.pim_g_ls_0i": 0.0,
  "Jpsi->phi.f0(1710)f0(1710)->pip.pim_total_0r": 0.655778065002051,
  "Jpsi->phi.f0(1710)f0(1710)->pip.pim_total_0i": -1.3096829746183782,
  "f0(1710)->pip.pim_g_ls_0r": 1.0,
  "f0(1710)->pip.pim_g_ls_0i": 0.0,
  "Jpsi->phi.f2(1430)f2(1430)->pip.pim_total_0r": 0.4688854494103576,
  "Jpsi->phi.f2(1430)f2(1430)->pip.pim_total_0i": 0.13807986019685226,
  "Jpsi->phi.f2(1430)_g_ls_0r": 1.0,
  "Jpsi->phi.f2(1430)_g_ls_0i": 0.0,
  "Jpsi->phi.f2(1430)_g_ls_1r": 0.9492211287164869,
  "Jpsi->phi.f2(1430)_g_ls_1i": 0.9322607458462118,
  "Jpsi->phi.f2(1430)_g_ls_2r": 1.520963165710612,
  "Jpsi->phi.f2(1430)_g_ls_2i": 0.5624782190696282,
  "Jpsi->phi.f2(1430)_g_ls_3r": 0.03793205604300587,
  "Jpsi->phi.f2(1430)_g_ls_3i": -0.2811248095435186,
  "Jpsi->phi.f2(1430)_g_ls_4r": 0.43177996562228493,
  "Jpsi->phi.f2(1430)_g_ls_4i": 2.9250549954008136,
  "f2(1430)->pip.pim_g_ls_0r": 1.0,
  "f2(1430)->pip.pim_g_ls_0i": 0.0,
  "Jpsi->phi.f0(1500)f0(1500)->pip.pim_total_0r": 0.12628903100306932,
  "Jpsi->phi.f0(1500)f0(1500)->pip.pim_total_0i": 2.387504250059833,
  "f0(1500)->pip.pim_g_ls_0r": 1.0,
  "f0(1500)->pip.pim_g_ls_0i": 0.0,
  "K1(1400)p_mass": 1.403,
  "K1(1400)p_width": 0.174,
  "K2(1820)p_mass": 1.819,
  "K2(1820)p_width": 0.264,
  "K2(1980)p_mass": 1.99,
  "K2(1980)p_width": 0.348,
  "K2(2250)p_mass": 2.247,
  "K2(2250)p_width": 0.18,
  "K3(2320)p_mass": 2.324,
  "K3(2320)p_width": 0.15,
  "K1(1400)m_mass": 1.403,
  "K1(1400)m_width": 0.174,
  "K2(1820)m_mass": 1.819,
  "K2(1820)m_width": 0.264,
  "K2(1980)m_mass": 1.99,
  "K2(1980)m_width": 0.348,
  "K3(2320)m_mass": 2.324,
  "K3(2320)m_width": 0.15,
  "f0(980)_flatte_mass": 0.965,
  "f0(980)_flatte_g_0": 0.3354364484354724,
  "f0(980)_flatte_g_1": 1.419895023754735,
  "f2(1270)_mass": 1.2754,
  "f2(1270)_width": 0.1858,
  "f0(1500)_mass": 1.522,
  "f0(1500)_width": 0.108,
  "f2(1525)_mass": 1.5173,
  "f2(1525)_width": 0.072,
  "f2(1565)_mass": 1.571,
  "f2(1565)_width": 0.132,
  "f0(1710)_mass": 1.733,
  "f0(1710)_width": 0.15,
  "f2(1810)_mass": 1.815,
  "f2(1810)_width": 0.197,
  "Jpsi->K1(1400)p.kmK1(1400)p->phi.kp_total_0r": 1.0,
  "Jpsi->K1(1400)p.kmK1(1400)p->phi.kp_total_0i": 0.0,
  "Jpsi->K1(1400)p.km_g_ls_0r": 1.0,
  "Jpsi->K1(1400)p.km_g_ls_0i": 0.0,
  "Jpsi->K1(1400)p.km_g_ls_1r": 0.5505078784048729,
  "Jpsi->K1(1400)p.km_g_ls_1i": 0.8293687851254044,
  "K1(1400)p->phi.kp_g_ls_0r": 1.0,
  "K1(1400)p->phi.kp_g_ls_0i": 0.0,
  "K1(1400)p->phi.kp_g_ls_1r": 0.025713994052730893,
  "K1(1400)p->phi.kp_g_ls_1i": -1.743309509092013,
  "Jpsi->K2(1820)p.kmK2(1820)p->phi.kp_total_0r": 1.4691194592469992,
  "Jpsi->K2(1820)p.kmK2(1820)p->phi.kp_total_0i": 2.1421094414591897,
  "Jpsi->K2(1820)p.km_g_ls_0r": 1.0,
  "Jpsi->K2(1820)p.km_g_ls_0i": 0.0,
  "Jpsi->K2(1820)p.km_g_ls_1r": 0.9572309841518858,
  "Jpsi->K2(1820)p.km_g_ls_1i": -2.3323404449888283,
  "K2(1820)p->phi.kp_g_ls_0r": 1.0,
  "K2(1820)p->phi.kp_g_ls_0i": 0.0,
  "K2(1820)p->phi.kp_g_ls_1r": 1.5953736221410266,
  "K2(1820)p->phi.kp_g_ls_1i": -2.76795941443086,
  "Jpsi->K2(1980)p.kmK2(1980)p->phi.kp_total_0r": 0.6377814706473943,
  "Jpsi->K2(1980)p.kmK2(1980)p->phi.kp_total_0i": 2.835756875885994,
  "Jpsi->K2(1980)p.km_g_ls_0r": 1.0,
  "Jpsi->K2(1980)p.km_g_ls_0i": 0.0,
  "K2(1980)p->phi.kp_g_ls_0r": 1.0,
  "K2(1980)p->phi.kp_g_ls_0i": 0.0,
  "Jpsi->K2(2250)p.kmK2(2250)p->phi.kp_total_0r": 1.8547900584194346,
  "Jpsi->K2(2250)p.kmK2(2250)p->phi.kp_total_0i": -0.08951645269033381,
  "Jpsi->K2(2250)p.km_g_ls_0r": 1.0,
  "Jpsi->K2(2250)p.km_g_ls_0i": 0.0,
  "Jpsi->K2(2250)p.km_g_ls_1r": 0.07306949957593734,
  "Jpsi->K2(2250)p.km_g_ls_1i": -2.7332077742652463,
  "K2(2250)p->phi.kp_g_ls_0r": 1.0,
  "K2(2250)p->phi.kp_g_ls_0i": 0.0,
  "K2(2250)p->phi.kp_g_ls_1r": 0.908474032285377,
  "K2(2250)p->phi.kp_g_ls_1i": -0.2721870890235176,
  "Jpsi->K3(2320)p.kmK3(2320)p->phi.kp_total_0r": 1.7508178645208812,
  "Jpsi->K3(2320)p.kmK3(2320)p->phi.kp_total_0i": 0.38858420291968265,
  "Jpsi->K3(2320)p.km_g_ls_0r": 1.0,
  "Jpsi->K3(2320)p.km_g_ls_0i": 0.0,
  "Jpsi->K3(2320)p.km_g_ls_1r": 0.2792868042441925,
  "Jpsi->K3(2320)p.km_g_ls_1i": -1.4122130356732743,
  "K3(2320)p->phi.kp_g_ls_0r": 1.0,
  "K3(2320)p->phi.kp_g_ls_0i": 0.0,
  "K3(2320)p->phi.kp_g_ls_1r": 0.06460548165667834,
  "K3(2320)p->phi.kp_g_ls_1i": 1.8491198190235059,
  "Jpsi->K1(1400)m.kpK1(1400)m->phi.km_total_0r": 1.0,
  "Jpsi->K1(1400)m.kpK1(1400)m->phi.km_total_0i": 0.0,
  "Jpsi->K1(1400)m.kp_g_ls_0r": 1.0,
  "Jpsi->K1(1400)m.kp_g_ls_0i": 0.0,
  "Jpsi->K1(1400)m.kp_g_ls_1r": 0.5505078784048729,
  "Jpsi->K1(1400)m.kp_g_ls_1i": 0.8293687851254044,
  "K1(1400)m->phi.km_g_ls_0r": 1.0,
  "K1(1400)m->phi.km_g_ls_0i": 0.0,
  "K1(1400)m->phi.km_g_ls_1r": 0.025713994052730893,
  "K1(1400)m->phi.km_g_ls_1i": -1.743309509092013,
  "Jpsi->K2(1820)m.kpK2(1820)m->phi.km_total_0r": 1.4691194592469992,
  "Jpsi->K2(1820)m.kpK2(1820)m->phi.km_total_0i": 2.1421094414591897,
  "Jpsi->K2(1820)m.kp_g_ls_0r": 1.0,
  "Jpsi->K2(1820)m.kp_g_ls_0i": 0.0,
  "Jpsi->K2(1820)m.kp_g_ls_1r": 0.9572309841518858,
  "Jpsi->K2(1820)m.kp_g_ls_1i": -2.3323404449888283,
  "K2(1820)m->phi.km_g_ls_0r": 1.0,
  "K2(1820)m->phi.km_g_ls_0i": 0.0,
  "K2(1820)m->phi.km_g_ls_1r": 1.5953736221410266,
  "K2(1820)m->phi.km_g_ls_1i": -2.76795941443086,
  "Jpsi->K2(1980)m.kpK2(1980)m->phi.km_total_0r": 0.6377814706473943,
  "Jpsi->K2(1980)m.kpK2(1980)m->phi.km_total_0i": 2.835756875885994,
  "Jpsi->K2(1980)m.kp_g_ls_0r": 1.0,
  "Jpsi->K2(1980)m.kp_g_ls_0i": 0.0,
  "K2(1980)m->phi.km_g_ls_0r": 1.0,
  "K2(1980)m->phi.km_g_ls_0i": 0.0,
  "Jpsi->K2(2250)p.kpK2(2250)p->phi.km_total_0r": 0.9368889946714631,
  "Jpsi->K2(2250)p.kpK2(2250)p->phi.km_total_0i": -2.6341822091972857,
  "Jpsi->K2(2250)p.kp_g_ls_0r": 1.0,
  "Jpsi->K2(2250)p.kp_g_ls_0i": 0.0,
  "Jpsi->K2(2250)p.kp_g_ls_1r": 1.899735101964823,
  "Jpsi->K2(2250)p.kp_g_ls_1i": -3.015217188896158,
  "K2(2250)p->phi.km_g_ls_0r": 1.0,
  "K2(2250)p->phi.km_g_ls_0i": 0.0,
  "K2(2250)p->phi.km_g_ls_1r": 1.9139495390675085,
  "K2(2250)p->phi.km_g_ls_1i": -2.26761399377361,
  "Jpsi->K3(2320)m.kpK3(2320)m->phi.km_total_0r": 1.7508178645208812,
  "Jpsi->K3(2320)m.kpK3(2320)m->phi.km_total_0i": 0.38858420291968265,
  "Jpsi->K3(2320)m.kp_g_ls_0r": 1.0,
  "Jpsi->K3(2320)m.kp_g_ls_0i": 0.0,
  "Jpsi->K3(2320)m.kp_g_ls_1r": 0.2792868042441925,
  "Jpsi->K3(2320)m.kp_g_ls_1i": -1.4122130356732743,
  "K3(2320)m->phi.km_g_ls_0r": 1.0,
  "K3(2320)m->phi.km_g_ls_0i": 0.0,
  "K3(2320)m->phi.km_g_ls_1r": 0.06460548165667834,
  "K3(2320)m->phi.km_g_ls_1i": 1.8491198190235059,
  "Jpsi->phi.f0(980)_flattef0(980)_flatte->kp.km_total_0r": 0.19975565519227256,
  "Jpsi->phi.f0(980)_flattef0(980)_flatte->kp.km_total_0i": -0.8778844368706609,
  "Jpsi->phi.f0(980)_flatte_g_ls_0r": 1.0,
  "Jpsi->phi.f0(980)_flatte_g_ls_0i": 0.0,
  "Jpsi->phi.f0(980)_flatte_g_ls_1r": 0.2942289282897832,
  "Jpsi->phi.f0(980)_flatte_g_ls_1i": 1.6596805702973576,
  "f0(980)_flatte->kp.km_g_ls_0r": 1.0,
  "f0(980)_flatte->kp.km_g_ls_0i": 0.0,
  "Jpsi->phi.f2(1270)f2(1270)->kp.km_total_0r": 1.130005895603579,
  "Jpsi->phi.f2(1270)f2(1270)->kp.km_total_0i": 3.1164048327624467,
  "Jpsi->phi.f2(1270)_g_ls_0r": 1.0,
  "Jpsi->phi.f2(1270)_g_ls_0i": 0.0,
  "Jpsi->phi.f2(1270)_g_ls_1r": 0.34721642299437283,
  "Jpsi->phi.f2(1270)_g_ls_1i": 1.430791157824883,
  "Jpsi->phi.f2(1270)_g_ls_2r": 1.0243795196202412,
  "Jpsi->phi.f2(1270)_g_ls_2i": 1.4150655500450462,
  "Jpsi->phi.f2(1270)_g_ls_3r": 0.847983682187285,
  "Jpsi->phi.f2(1270)_g_ls_3i": 0.8487610535400059,
  "Jpsi->phi.f2(1270)_g_ls_4r": 1.1776491178573147,
  "Jpsi->phi.f2(1270)_g_ls_4i": 0.6380710109765668,
  "f2(1270)->kp.km_g_ls_0r": 1.0,
  "f2(1270)->kp.km_g_ls_0i": 0.0,
  "Jpsi->phi.f0(1500)f0(1500)->kp.km_total_0r": 0.475357169916486,
  "Jpsi->phi.f0(1500)f0(1500)->kp.km_total_0i": -2.1154137078520616,
  "Jpsi->phi.f0(1500)_g_ls_0r": 1.0,
  "Jpsi->phi.f0(1500)_g_ls_0i": 0.0,
  "Jpsi->phi.f0(1500)_g_ls_1r": 0.7457717400932418,
  "Jpsi->phi.f0(1500)_g_ls_1i": -1.9553313388191529,
  "f0(1500)->kp.km_g_ls_0r": 1.0,
  "f0(1500)->kp.km_g_ls_0i": 0.0,
  "Jpsi->phi.f2(1525)f2(1525)->kp.km_total_0r": 0.13045121618811217,
  "Jpsi->phi.f2(1525)f2(1525)->kp.km_total_0i": 0.8180718352585288,
  "Jpsi->phi.f2(1525)_g_ls_0r": 1.0,
  "Jpsi->phi.f2(1525)_g_ls_0i": 0.0,
  "Jpsi->phi.f2(1525)_g_ls_1r": 0.32281776853342325,
  "Jpsi->phi.f2(1525)_g_ls_1i": -2.034182899037498,
  "Jpsi->phi.f2(1525)_g_ls_2r": 0.3734666712614425,
  "Jpsi->phi.f2(1525)_g_ls_2i": -1.4801554122033358,
  "Jpsi->phi.f2(1525)_g_ls_3r": 1.1967465134782325,
  "Jpsi->phi.f2(1525)_g_ls_3i": 2.170011072026493,
  "Jpsi->phi.f2(1525)_g_ls_4r": 1.9357177951544693,
  "Jpsi->phi.f2(1525)_g_ls_4i": 2.784142283702245,
  "f2(1525)->kp.km_g_ls_0r": 1.0,
  "f2(1525)->kp.km_g_ls_0i": 0.0,
  "Jpsi->phi.f2(1565)f2(1565)->kp.km_total_0r": 1.9985993544981642,
  "Jpsi->phi.f2(1565)f2(1565)->kp.km_total_0i": -1.5198811894801747,
  "Jpsi->phi.f2(1565)_g_ls_0r": 1.0,
  "Jpsi->phi.f2(1565)_g_ls_0i": 0.0,
  "Jpsi->phi.f2(1565)_g_ls_1r": 0.8297065516241466,
  "Jpsi->phi.f2(1565)_g_ls_1i": 1.440468133935668,
  "Jpsi->phi.f2(1565)_g_ls_2r": 1.4157584405971932,
  "Jpsi->phi.f2(1565)_g_ls_2i": 2.2362921702924163,
  "Jpsi->phi.f2(1565)_g_ls_3r": 0.6459084483445974,
  "Jpsi->phi.f2(1565)_g_ls_3i": 0.5395931535680005,
  "Jpsi->phi.f2(1565)_g_ls_4r": 0.9832533500440506,
  "Jpsi->phi.f2(1565)_g_ls_4i": -2.538323941541767,
  "f2(1565)->kp.km_g_ls_0r": 1.0,
  "f2(1565)->kp.km_g_ls_0i": 0.0,
  "Jpsi->phi.f0(1710)f0(1710)->kp.km_total_0r": 1.6632396523810513,
  "Jpsi->phi.f0(1710)f0(1710)->kp.km_total_0i": 2.7540590902615767,
  "Jpsi->phi.f0(1710)_g_ls_0r": 1.0,
  "Jpsi->phi.f0(1710)_g_ls_0i": 0.0,
  "Jpsi->phi.f0(1710)_g_ls_1r": 1.1511608182842812,
  "Jpsi->phi.f0(1710)_g_ls_1i": -2.9615408440091895,
  "f0(1710)->kp.km_g_ls_0r": 1.0,
  "f0(1710)->kp.km_g_ls_0i": 0.0,
  "Jpsi->phi.f2(1810)f2(1810)->kp.km_total_0r": 0.4138793895102295,
  "Jpsi->phi.f2(1810)f2(1810)->kp.km_total_0i": -0.4247273138789649,
  "Jpsi->phi.f2(1810)_g_ls_0r": 1.0,
  "Jpsi->phi.f2(1810)_g_ls_0i": 0.0,
  "Jpsi->phi.f2(1810)_g_ls_1r": 1.2560194389541803,
  "Jpsi->phi.f2(1810)_g_ls_1i": -0.934166965539617,
  "Jpsi->phi.f2(1810)_g_ls_2r": 1.3788560507168555,
  "Jpsi->phi.f2(1810)_g_ls_2i": 1.1203852242855916,
  "Jpsi->phi.f2(1810)_g_ls_3r": 1.9061975844064674,
  "Jpsi->phi.f2(1810)_g_ls_3i": 1.1478906509380558,
  "Jpsi->phi.f2(1810)_g_ls_4r": 0.5998134114821876,
  "Jpsi->phi.f2(1810)_g_ls_4i": -1.4598707773403956,
  "f2(1810)->kp.km_g_ls_0r": 1.0,
  "f2(1810)->kp.km_g_ls_0i": 0.0
}
nll_grad  cost time: 3.474421501159668
nll_grad  cost time: 3.4252395629882812
tf.Tensor(-5778.251721704801, shape=(), dtype=float64)
nll_grad  cost time: 3.457221746444702
nll_grad  cost time: 3.3462419509887695
tf.Tensor(-6278.830465979227, shape=(), dtype=float64)
nll_grad  cost time: 3.2471375465393066
tf.Tensor(-7013.050465153377, shape=(), dtype=float64)
nll_grad  cost time: 3.3566136360168457
nll_grad  cost time: 3.2376039028167725
tf.Tensor(-7429.409446191516, shape=(), dtype=float64)
nll_grad  cost time: 3.337482213973999
tf.Tensor(-7645.159689864908, shape=(), dtype=float64)
nll_grad  cost time: 3.440171718597412
tf.Tensor(-7929.781861891352, shape=(), dtype=float64)
nll_grad  cost time: 3.3536298274993896
tf.Tensor(-8308.180284492817, shape=(), dtype=float64)
nll_grad  cost time: 3.3653643131256104
tf.Tensor(-8716.597168902685, shape=(), dtype=float64)
nll_grad  cost time: 3.4814770221710205
tf.Tensor(-9122.646312051009, shape=(), dtype=float64)
nll_grad  cost time: 3.3453707695007324
nll_grad  cost time: 3.4944441318511963
tf.Tensor(-9272.916061268967, shape=(), dtype=float64)
nll_grad  cost time: 3.488100528717041
tf.Tensor(-9353.560228279457, shape=(), dtype=float64)
nll_grad  cost time: 3.367924213409424
tf.Tensor(-9448.756908287607, shape=(), dtype=float64)
nll_grad  cost time: 3.436357259750366
tf.Tensor(-9542.40560990409, shape=(), dtype=float64)
nll_grad  cost time: 3.597684383392334
tf.Tensor(-9592.661029400282, shape=(), dtype=float64)
nll_grad  cost time: 3.349534273147583
tf.Tensor(-9661.874716236896, shape=(), dtype=float64)
nll_grad  cost time: 3.364492416381836
tf.Tensor(-9694.083802712623, shape=(), dtype=float64)
nll_grad  cost time: 3.4768259525299072
tf.Tensor(-9746.410381753027, shape=(), dtype=float64)
nll_grad  cost time: 3.3854970932006836
tf.Tensor(-9826.853564061457, shape=(), dtype=float64)
nll_grad  cost time: 3.4510114192962646
tf.Tensor(-9884.40814144502, shape=(), dtype=float64)
nll_grad  cost time: 3.416584014892578
tf.Tensor(-9930.041432307931, shape=(), dtype=float64)
nll_grad  cost time: 3.401503562927246
tf.Tensor(-9971.675785145839, shape=(), dtype=float64)
nll_grad  cost time: 3.385652780532837
tf.Tensor(-10016.066500342014, shape=(), dtype=float64)
nll_grad  cost time: 3.2709734439849854
tf.Tensor(-10054.356773816682, shape=(), dtype=float64)
nll_grad  cost time: 3.446711778640747
tf.Tensor(-10097.073205079425, shape=(), dtype=float64)
nll_grad  cost time: 3.298645257949829
tf.Tensor(-10125.310504024732, shape=(), dtype=float64)
nll_grad  cost time: 3.357656240463257
tf.Tensor(-10162.180282544381, shape=(), dtype=float64)
nll_grad  cost time: 3.312283754348755
tf.Tensor(-10207.438415157689, shape=(), dtype=float64)
nll_grad  cost time: 3.4479737281799316
nll_grad  cost time: 3.3176958560943604
tf.Tensor(-10230.498243936949, shape=(), dtype=float64)
nll_grad  cost time: 3.469721555709839
tf.Tensor(-10248.676157360605, shape=(), dtype=float64)
nll_grad  cost time: 3.313976526260376
tf.Tensor(-10267.89167761754, shape=(), dtype=float64)
nll_grad  cost time: 3.4876413345336914
tf.Tensor(-10286.809934113393, shape=(), dtype=float64)
nll_grad  cost time: 3.335198402404785
tf.Tensor(-10289.82284842927, shape=(), dtype=float64)
nll_grad  cost time: 3.362243413925171
tf.Tensor(-10295.436038791624, shape=(), dtype=float64)
nll_grad  cost time: 3.3551089763641357
tf.Tensor(-10303.479730924475, shape=(), dtype=float64)
nll_grad  cost time: 3.422506093978882
tf.Tensor(-10316.33366838468, shape=(), dtype=float64)
nll_grad  cost time: 3.387519121170044
tf.Tensor(-10336.0884585561, shape=(), dtype=float64)
nll_grad  cost time: 3.3556149005889893
tf.Tensor(-10355.309760165641, shape=(), dtype=float64)
nll_grad  cost time: 3.205843925476074
tf.Tensor(-10377.142291940938, shape=(), dtype=float64)
nll_grad  cost time: 3.2151973247528076
nll_grad  cost time: 3.1595394611358643
tf.Tensor(-10384.258059299922, shape=(), dtype=float64)
nll_grad  cost time: 3.2190983295440674
tf.Tensor(-10392.080234569119, shape=(), dtype=float64)
nll_grad  cost time: 3.351064443588257
tf.Tensor(-10398.170134573578, shape=(), dtype=float64)
nll_grad  cost time: 3.472874402999878
tf.Tensor(-10406.129915946556, shape=(), dtype=float64)
nll_grad  cost time: 3.331315279006958
tf.Tensor(-10411.782746346442, shape=(), dtype=float64)
nll_grad  cost time: 3.3307478427886963
tf.Tensor(-10419.535137018516, shape=(), dtype=float64)
nll_grad  cost time: 3.3404436111450195
tf.Tensor(-10426.298786711093, shape=(), dtype=float64)
nll_grad  cost time: 3.4528276920318604
tf.Tensor(-10435.430925697794, shape=(), dtype=float64)
nll_grad  cost time: 3.285593032836914
tf.Tensor(-10448.620961306537, shape=(), dtype=float64)
nll_grad  cost time: 3.557279348373413
tf.Tensor(-10463.438432133407, shape=(), dtype=float64)
nll_grad  cost time: 3.3123817443847656
nll_grad  cost time: 3.1795876026153564
tf.Tensor(-10471.840134787912, shape=(), dtype=float64)
nll_grad  cost time: 3.3847947120666504
tf.Tensor(-10477.324750203581, shape=(), dtype=float64)
nll_grad  cost time: 3.4398398399353027
tf.Tensor(-10484.128281304766, shape=(), dtype=float64)
nll_grad  cost time: 3.298114538192749
tf.Tensor(-10489.433395081374, shape=(), dtype=float64)
nll_grad  cost time: 3.241161346435547
tf.Tensor(-10496.31521995226, shape=(), dtype=float64)
nll_grad  cost time: 3.2183473110198975
tf.Tensor(-10499.316832935197, shape=(), dtype=float64)
nll_grad  cost time: 3.226036548614502
tf.Tensor(-10503.34290905171, shape=(), dtype=float64)
nll_grad  cost time: 3.2094383239746094
tf.Tensor(-10508.471899026445, shape=(), dtype=float64)
nll_grad  cost time: 3.3846752643585205
tf.Tensor(-10515.372760483086, shape=(), dtype=float64)
nll_grad  cost time: 3.3321752548217773
tf.Tensor(-10524.169147052678, shape=(), dtype=float64)
nll_grad  cost time: 3.515643358230591
tf.Tensor(-10532.321051324718, shape=(), dtype=float64)
nll_grad  cost time: 3.4328131675720215
tf.Tensor(-10537.307559462686, shape=(), dtype=float64)
nll_grad  cost time: 3.335439920425415
tf.Tensor(-10542.368737802317, shape=(), dtype=float64)
nll_grad  cost time: 3.340454578399658
tf.Tensor(-10548.440580989947, shape=(), dtype=float64)
nll_grad  cost time: 3.3452141284942627
tf.Tensor(-10555.446489011054, shape=(), dtype=float64)
nll_grad  cost time: 3.470402717590332
tf.Tensor(-10558.73254484812, shape=(), dtype=float64)
nll_grad  cost time: 3.5572152137756348
tf.Tensor(-10562.527202403733, shape=(), dtype=float64)
nll_grad  cost time: 3.311784029006958
tf.Tensor(-10565.838262931582, shape=(), dtype=float64)
nll_grad  cost time: 3.3661301136016846
tf.Tensor(-10567.453403166292, shape=(), dtype=float64)
nll_grad  cost time: 3.435767650604248
tf.Tensor(-10570.118227021281, shape=(), dtype=float64)
nll_grad  cost time: 3.44565486907959
tf.Tensor(-10573.231115399845, shape=(), dtype=float64)
nll_grad  cost time: 3.399611711502075
tf.Tensor(-10576.654812664943, shape=(), dtype=float64)
nll_grad  cost time: 3.4091928005218506
tf.Tensor(-10581.37439751334, shape=(), dtype=float64)
nll_grad  cost time: 3.6551499366760254
tf.Tensor(-10587.212387427164, shape=(), dtype=float64)
nll_grad  cost time: 3.134044647216797
tf.Tensor(-10589.96007501574, shape=(), dtype=float64)
nll_grad  cost time: 3.2673537731170654
tf.Tensor(-10594.36510864969, shape=(), dtype=float64)
nll_grad  cost time: 3.289412498474121
tf.Tensor(-10600.145090632672, shape=(), dtype=float64)
nll_grad  cost time: 3.3640220165252686
tf.Tensor(-10602.597858673544, shape=(), dtype=float64)
nll_grad  cost time: 3.474418878555298
tf.Tensor(-10606.31517452457, shape=(), dtype=float64)
nll_grad  cost time: 3.3035671710968018
tf.Tensor(-10610.622493855866, shape=(), dtype=float64)
nll_grad  cost time: 3.3697762489318848
tf.Tensor(-10616.79728741588, shape=(), dtype=float64)
nll_grad  cost time: 3.284372091293335
tf.Tensor(-10621.153464017843, shape=(), dtype=float64)
nll_grad  cost time: 3.4003806114196777
nll_grad  cost time: 3.1948955059051514
tf.Tensor(-10623.200958082067, shape=(), dtype=float64)
nll_grad  cost time: 3.5330138206481934
tf.Tensor(-10625.70347741028, shape=(), dtype=float64)
nll_grad  cost time: 3.318429946899414
tf.Tensor(-10629.08325243977, shape=(), dtype=float64)
nll_grad  cost time: 3.4097092151641846
tf.Tensor(-10633.77663461239, shape=(), dtype=float64)
nll_grad  cost time: 3.369941234588623
tf.Tensor(-10636.475744119423, shape=(), dtype=float64)
nll_grad  cost time: 3.4316413402557373
tf.Tensor(-10639.494493597005, shape=(), dtype=float64)
nll_grad  cost time: 3.4007296562194824
tf.Tensor(-10641.131747901614, shape=(), dtype=float64)
nll_grad  cost time: 3.392029285430908
tf.Tensor(-10643.277542419193, shape=(), dtype=float64)
nll_grad  cost time: 3.6344501972198486
tf.Tensor(-10645.89175974347, shape=(), dtype=float64)
nll_grad  cost time: 3.392786979675293
tf.Tensor(-10648.280180556707, shape=(), dtype=float64)
nll_grad  cost time: 3.399886131286621
tf.Tensor(-10650.863022891826, shape=(), dtype=float64)
nll_grad  cost time: 3.529719829559326
tf.Tensor(-10654.250156119073, shape=(), dtype=float64)
nll_grad  cost time: 3.284853458404541
tf.Tensor(-10657.526593517548, shape=(), dtype=float64)
nll_grad  cost time: 3.370804786682129
tf.Tensor(-10658.535098444889, shape=(), dtype=float64)
nll_grad  cost time: 3.4305150508880615
tf.Tensor(-10659.84508431553, shape=(), dtype=float64)
nll_grad  cost time: 3.5089194774627686
tf.Tensor(-10661.595517519607, shape=(), dtype=float64)
nll_grad  cost time: 3.5467967987060547
tf.Tensor(-10663.74034652576, shape=(), dtype=float64)
nll_grad  cost time: 3.558485984802246
tf.Tensor(-10666.738526113077, shape=(), dtype=float64)
nll_grad  cost time: 3.4943437576293945
tf.Tensor(-10669.028102437114, shape=(), dtype=float64)
nll_grad  cost time: 3.3343119621276855
tf.Tensor(-10672.077967139681, shape=(), dtype=float64)
nll_grad  cost time: 3.266326665878296
tf.Tensor(-10673.336938312423, shape=(), dtype=float64)
nll_grad  cost time: 3.4162137508392334
tf.Tensor(-10675.246429977778, shape=(), dtype=float64)
nll_grad  cost time: 3.4170069694519043
tf.Tensor(-10678.053065318243, shape=(), dtype=float64)
nll_grad  cost time: 3.3488292694091797
tf.Tensor(-10681.486377053458, shape=(), dtype=float64)
nll_grad  cost time: 3.3066933155059814
tf.Tensor(-10685.976960490225, shape=(), dtype=float64)
nll_grad  cost time: 3.552868366241455
tf.Tensor(-10691.291558096564, shape=(), dtype=float64)
nll_grad  cost time: 3.4170873165130615
tf.Tensor(-10693.44160427869, shape=(), dtype=float64)
nll_grad  cost time: 3.3139560222625732
tf.Tensor(-10696.931338352864, shape=(), dtype=float64)
nll_grad  cost time: 3.450639009475708
tf.Tensor(-10701.552721755557, shape=(), dtype=float64)
nll_grad  cost time: 3.455718517303467
tf.Tensor(-10708.100590884584, shape=(), dtype=float64)
nll_grad  cost time: 3.4409501552581787
tf.Tensor(-10715.52329728337, shape=(), dtype=float64)
nll_grad  cost time: 3.30259108543396
tf.Tensor(-10725.912762504217, shape=(), dtype=float64)
nll_grad  cost time: 3.4742748737335205
nll_grad  cost time: 3.3688056468963623
tf.Tensor(-10730.070253842452, shape=(), dtype=float64)
nll_grad  cost time: 3.427665948867798
tf.Tensor(-10736.243493096496, shape=(), dtype=float64)
nll_grad  cost time: 3.5125625133514404
tf.Tensor(-10741.950066119149, shape=(), dtype=float64)
nll_grad  cost time: 3.454195022583008
tf.Tensor(-10748.479426025318, shape=(), dtype=float64)
nll_grad  cost time: 3.348541498184204
tf.Tensor(-10755.120806162144, shape=(), dtype=float64)
nll_grad  cost time: 3.330766201019287
tf.Tensor(-10763.122861588243, shape=(), dtype=float64)
nll_grad  cost time: 3.2314724922180176
tf.Tensor(-10769.32665788861, shape=(), dtype=float64)
nll_grad  cost time: 3.4359915256500244
tf.Tensor(-10772.73980246429, shape=(), dtype=float64)
nll_grad  cost time: 3.3279547691345215
tf.Tensor(-10778.068401373748, shape=(), dtype=float64)
nll_grad  cost time: 3.2227566242218018
tf.Tensor(-10785.28182925989, shape=(), dtype=float64)
nll_grad  cost time: 3.438692569732666
tf.Tensor(-10791.103653460159, shape=(), dtype=float64)
nll_grad  cost time: 3.4897990226745605
tf.Tensor(-10794.637941609559, shape=(), dtype=float64)
nll_grad  cost time: 3.3035757541656494
tf.Tensor(-10797.47936401103, shape=(), dtype=float64)
nll_grad  cost time: 3.2225208282470703
tf.Tensor(-10800.391344836506, shape=(), dtype=float64)
nll_grad  cost time: 3.2460649013519287
tf.Tensor(-10803.488931562428, shape=(), dtype=float64)
nll_grad  cost time: 3.3341126441955566
tf.Tensor(-10805.379278836896, shape=(), dtype=float64)
nll_grad  cost time: 3.4069883823394775
tf.Tensor(-10808.126408903401, shape=(), dtype=float64)
nll_grad  cost time: 4.019948959350586
tf.Tensor(-10808.787554955252, shape=(), dtype=float64)
nll_grad  cost time: 3.3713364601135254
tf.Tensor(-10810.00507177104, shape=(), dtype=float64)
nll_grad  cost time: 3.383816719055176
tf.Tensor(-10811.996291688178, shape=(), dtype=float64)
nll_grad  cost time: 3.5089354515075684
tf.Tensor(-10815.037723522397, shape=(), dtype=float64)
nll_grad  cost time: 3.5050041675567627
tf.Tensor(-10816.334431568222, shape=(), dtype=float64)
nll_grad  cost time: 3.248715877532959
tf.Tensor(-10818.083025481163, shape=(), dtype=float64)
nll_grad  cost time: 3.504762887954712
tf.Tensor(-10820.400127242003, shape=(), dtype=float64)
nll_grad  cost time: 3.3916118144989014
tf.Tensor(-10821.702017466869, shape=(), dtype=float64)
nll_grad  cost time: 3.295933246612549
tf.Tensor(-10823.385321251899, shape=(), dtype=float64)
nll_grad  cost time: 3.4408061504364014
tf.Tensor(-10824.82590160396, shape=(), dtype=float64)
nll_grad  cost time: 3.348571538925171
tf.Tensor(-10825.845772464949, shape=(), dtype=float64)
nll_grad  cost time: 3.3152403831481934
tf.Tensor(-10827.25037923591, shape=(), dtype=float64)
nll_grad  cost time: 3.235473155975342
tf.Tensor(-10829.04887090324, shape=(), dtype=float64)
nll_grad  cost time: 3.3771746158599854
tf.Tensor(-10830.889408415664, shape=(), dtype=float64)
nll_grad  cost time: 3.290919780731201
tf.Tensor(-10831.780856436097, shape=(), dtype=float64)
nll_grad  cost time: 3.2523272037506104
tf.Tensor(-10833.132875564042, shape=(), dtype=float64)
nll_grad  cost time: 3.286811590194702
tf.Tensor(-10834.963672510396, shape=(), dtype=float64)
nll_grad  cost time: 3.4505224227905273
tf.Tensor(-10836.933919816478, shape=(), dtype=float64)
nll_grad  cost time: 3.531525135040283
tf.Tensor(-10838.483098018212, shape=(), dtype=float64)
nll_grad  cost time: 3.3023452758789062
tf.Tensor(-10840.513783724822, shape=(), dtype=float64)
nll_grad  cost time: 3.3351686000823975
tf.Tensor(-10842.194510652145, shape=(), dtype=float64)
nll_grad  cost time: 3.4187166690826416
tf.Tensor(-10844.10279749419, shape=(), dtype=float64)
nll_grad  cost time: 3.458258628845215
tf.Tensor(-10844.94573014696, shape=(), dtype=float64)
nll_grad  cost time: 3.470911979675293
tf.Tensor(-10846.418587822882, shape=(), dtype=float64)
nll_grad  cost time: 3.290400981903076
tf.Tensor(-10849.06039524998, shape=(), dtype=float64)
nll_grad  cost time: 3.3508238792419434
tf.Tensor(-10853.451884060734, shape=(), dtype=float64)
nll_grad  cost time: 3.460977077484131
tf.Tensor(-10857.53830064812, shape=(), dtype=float64)
nll_grad  cost time: 3.4564590454101562
tf.Tensor(-10860.042608201475, shape=(), dtype=float64)
nll_grad  cost time: 3.451785087585449
tf.Tensor(-10862.336027128022, shape=(), dtype=float64)
nll_grad  cost time: 3.544084072113037
tf.Tensor(-10865.79307395082, shape=(), dtype=float64)
nll_grad  cost time: 3.4122402667999268
tf.Tensor(-10870.081592509741, shape=(), dtype=float64)
nll_grad  cost time: 3.345142126083374
tf.Tensor(-10875.7333340062, shape=(), dtype=float64)
nll_grad  cost time: 3.558445930480957
tf.Tensor(-10883.668784750618, shape=(), dtype=float64)
nll_grad  cost time: 3.411195993423462
nll_grad  cost time: 3.269792079925537
tf.Tensor(-10888.219756426246, shape=(), dtype=float64)
nll_grad  cost time: 3.500753402709961
tf.Tensor(-10892.61896664973, shape=(), dtype=float64)
nll_grad  cost time: 3.358591318130493
tf.Tensor(-10898.501923697338, shape=(), dtype=float64)
nll_grad  cost time: 3.3125154972076416
tf.Tensor(-10905.79242582119, shape=(), dtype=float64)
nll_grad  cost time: 3.228262186050415
tf.Tensor(-10911.658474924126, shape=(), dtype=float64)
nll_grad  cost time: 3.4169538021087646
tf.Tensor(-10915.883048346499, shape=(), dtype=float64)
nll_grad  cost time: 3.249749183654785
tf.Tensor(-10919.546353475533, shape=(), dtype=float64)
nll_grad  cost time: 3.4468719959259033
tf.Tensor(-10924.505224843724, shape=(), dtype=float64)
nll_grad  cost time: 3.395618200302124
tf.Tensor(-10929.054500331957, shape=(), dtype=float64)
nll_grad  cost time: 3.3279154300689697
tf.Tensor(-10933.190371276101, shape=(), dtype=float64)
nll_grad  cost time: 3.3812451362609863
tf.Tensor(-10937.831632633985, shape=(), dtype=float64)
nll_grad  cost time: 3.3202688694000244
tf.Tensor(-10940.169121576691, shape=(), dtype=float64)
nll_grad  cost time: 3.412355661392212
tf.Tensor(-10943.079132683895, shape=(), dtype=float64)
nll_grad  cost time: 3.4982495307922363
tf.Tensor(-10946.272094049873, shape=(), dtype=float64)
nll_grad  cost time: 3.235034942626953
tf.Tensor(-10948.884169322144, shape=(), dtype=float64)
nll_grad  cost time: 3.2641141414642334
nll_grad  cost time: 3.232431650161743
tf.Tensor(-10950.237202752138, shape=(), dtype=float64)
nll_grad  cost time: 3.509676218032837
tf.Tensor(-10952.05557867088, shape=(), dtype=float64)
nll_grad  cost time: 3.251814365386963
tf.Tensor(-10953.95257524967, shape=(), dtype=float64)
nll_grad  cost time: 3.2444067001342773
tf.Tensor(-10956.394383300983, shape=(), dtype=float64)
nll_grad  cost time: 3.507685899734497
tf.Tensor(-10958.433713349492, shape=(), dtype=float64)
nll_grad  cost time: 3.388178825378418
tf.Tensor(-10960.517101193494, shape=(), dtype=float64)
nll_grad  cost time: 3.4516959190368652
tf.Tensor(-10962.908607208039, shape=(), dtype=float64)
nll_grad  cost time: 3.5527384281158447
tf.Tensor(-10964.813856523822, shape=(), dtype=float64)
nll_grad  cost time: 3.259819507598877
tf.Tensor(-10967.057353454842, shape=(), dtype=float64)
nll_grad  cost time: 3.450913429260254
tf.Tensor(-10968.556790053695, shape=(), dtype=float64)
nll_grad  cost time: 3.3459928035736084
tf.Tensor(-10970.013206659809, shape=(), dtype=float64)
nll_grad  cost time: 3.5678744316101074
tf.Tensor(-10971.101088467814, shape=(), dtype=float64)
nll_grad  cost time: 3.4641385078430176
tf.Tensor(-10972.084055337575, shape=(), dtype=float64)
nll_grad  cost time: 3.36350417137146
tf.Tensor(-10972.925953749342, shape=(), dtype=float64)
nll_grad  cost time: 3.393988847732544
tf.Tensor(-10973.86289625879, shape=(), dtype=float64)
nll_grad  cost time: 3.159923791885376
tf.Tensor(-10974.772077939368, shape=(), dtype=float64)
nll_grad  cost time: 3.2265825271606445
tf.Tensor(-10975.926676798295, shape=(), dtype=float64)
nll_grad  cost time: 3.4168715476989746
tf.Tensor(-10977.097481836125, shape=(), dtype=float64)
nll_grad  cost time: 3.481318950653076
tf.Tensor(-10977.99230612408, shape=(), dtype=float64)
nll_grad  cost time: 3.4238758087158203
tf.Tensor(-10979.02960514644, shape=(), dtype=float64)
nll_grad  cost time: 3.416687488555908
tf.Tensor(-10979.980267975305, shape=(), dtype=float64)
nll_grad  cost time: 3.2729668617248535
tf.Tensor(-10981.016234932773, shape=(), dtype=float64)
nll_grad  cost time: 3.5853443145751953
tf.Tensor(-10981.496456706649, shape=(), dtype=float64)
nll_grad  cost time: 3.617048740386963
tf.Tensor(-10982.173206761618, shape=(), dtype=float64)
nll_grad  cost time: 3.6641180515289307
tf.Tensor(-10982.867194372982, shape=(), dtype=float64)
nll_grad  cost time: 3.35036301612854
tf.Tensor(-10982.992845292381, shape=(), dtype=float64)
nll_grad  cost time: 3.2705202102661133
tf.Tensor(-10983.216528856017, shape=(), dtype=float64)
nll_grad  cost time: 3.410167694091797
tf.Tensor(-10983.601698378312, shape=(), dtype=float64)
nll_grad  cost time: 3.3662586212158203
tf.Tensor(-10984.154928596665, shape=(), dtype=float64)
nll_grad  cost time: 3.3915553092956543
tf.Tensor(-10984.723310742425, shape=(), dtype=float64)
nll_grad  cost time: 3.2738609313964844
nll_grad  cost time: 3.445232629776001
tf.Tensor(-10985.01933824068, shape=(), dtype=float64)
nll_grad  cost time: 3.2855873107910156
tf.Tensor(-10985.476776486554, shape=(), dtype=float64)
nll_grad  cost time: 3.394237995147705
tf.Tensor(-10986.16630461771, shape=(), dtype=float64)
nll_grad  cost time: 3.1852307319641113
tf.Tensor(-10986.790048850376, shape=(), dtype=float64)
nll_grad  cost time: 3.32529878616333
nll_grad  cost time: 3.3862147331237793
tf.Tensor(-10987.109858875829, shape=(), dtype=float64)
nll_grad  cost time: 3.5399868488311768
tf.Tensor(-10987.389291448137, shape=(), dtype=float64)
nll_grad  cost time: 3.405200242996216
tf.Tensor(-10987.718262010327, shape=(), dtype=float64)
nll_grad  cost time: 3.5105481147766113
tf.Tensor(-10988.090475456585, shape=(), dtype=float64)
nll_grad  cost time: 3.551849842071533
tf.Tensor(-10988.248603116124, shape=(), dtype=float64)
nll_grad  cost time: 3.4512226581573486
tf.Tensor(-10988.479904287597, shape=(), dtype=float64)
nll_grad  cost time: 3.63266921043396
tf.Tensor(-10988.776950925036, shape=(), dtype=float64)
nll_grad  cost time: 3.204885244369507
tf.Tensor(-10989.052079352605, shape=(), dtype=float64)
nll_grad  cost time: 3.4370744228363037
tf.Tensor(-10989.318061382819, shape=(), dtype=float64)
nll_grad  cost time: 3.216099500656128
tf.Tensor(-10989.680231333296, shape=(), dtype=float64)
nll_grad  cost time: 3.36236834526062
tf.Tensor(-10990.04832404718, shape=(), dtype=float64)
nll_grad  cost time: 3.4520699977874756
tf.Tensor(-10990.249927812325, shape=(), dtype=float64)
nll_grad  cost time: 3.5169920921325684
tf.Tensor(-10990.556574010076, shape=(), dtype=float64)
nll_grad  cost time: 3.48250412940979
tf.Tensor(-10990.978763040446, shape=(), dtype=float64)
nll_grad  cost time: 3.389698028564453
tf.Tensor(-10991.185462235102, shape=(), dtype=float64)
nll_grad  cost time: 3.4191935062408447
tf.Tensor(-10991.487639584866, shape=(), dtype=float64)
nll_grad  cost time: 3.365666389465332
tf.Tensor(-10991.860645442346, shape=(), dtype=float64)
nll_grad  cost time: 3.3778018951416016
tf.Tensor(-10992.234472866188, shape=(), dtype=float64)
nll_grad  cost time: 3.444591760635376
tf.Tensor(-10992.532076475261, shape=(), dtype=float64)
nll_grad  cost time: 3.361477851867676
tf.Tensor(-10992.835030043974, shape=(), dtype=float64)
nll_grad  cost time: 3.412003755569458
tf.Tensor(-10992.960177370034, shape=(), dtype=float64)
nll_grad  cost time: 3.636065721511841
tf.Tensor(-10993.14372430188, shape=(), dtype=float64)
nll_grad  cost time: 3.2549848556518555
tf.Tensor(-10993.300209296012, shape=(), dtype=float64)
nll_grad  cost time: 3.417661666870117
tf.Tensor(-10993.473978129885, shape=(), dtype=float64)
nll_grad  cost time: 3.218132972717285
tf.Tensor(-10993.612098766782, shape=(), dtype=float64)
nll_grad  cost time: 3.3884236812591553
tf.Tensor(-10993.765572515433, shape=(), dtype=float64)
nll_grad  cost time: 3.469538450241089
tf.Tensor(-10993.831038799159, shape=(), dtype=float64)
nll_grad  cost time: 3.3230226039886475
tf.Tensor(-10993.93348454016, shape=(), dtype=float64)
nll_grad  cost time: 3.482323408126831
tf.Tensor(-10994.070706439354, shape=(), dtype=float64)
nll_grad  cost time: 3.648658037185669
tf.Tensor(-10994.208582762818, shape=(), dtype=float64)
nll_grad  cost time: 3.513927459716797
tf.Tensor(-10994.339142259138, shape=(), dtype=float64)
nll_grad  cost time: 3.4149439334869385
tf.Tensor(-10994.52755332616, shape=(), dtype=float64)
nll_grad  cost time: 3.3823225498199463
tf.Tensor(-10994.741578886948, shape=(), dtype=float64)
nll_grad  cost time: 3.3583459854125977
tf.Tensor(-10994.894513726413, shape=(), dtype=float64)
nll_grad  cost time: 3.318666458129883
tf.Tensor(-10995.066678220159, shape=(), dtype=float64)
nll_grad  cost time: 3.2823469638824463
tf.Tensor(-10995.231550067834, shape=(), dtype=float64)
nll_grad  cost time: 3.393740177154541
tf.Tensor(-10995.372955910781, shape=(), dtype=float64)
nll_grad  cost time: 3.3820414543151855
tf.Tensor(-10995.533435329198, shape=(), dtype=float64)
nll_grad  cost time: 3.2436630725860596
tf.Tensor(-10995.722821115232, shape=(), dtype=float64)
nll_grad  cost time: 3.47451114654541
tf.Tensor(-10995.86309906204, shape=(), dtype=float64)
nll_grad  cost time: 3.4720356464385986
tf.Tensor(-10995.983930918352, shape=(), dtype=float64)
nll_grad  cost time: 3.4760851860046387
tf.Tensor(-10996.104031161653, shape=(), dtype=float64)
nll_grad  cost time: 3.4601218700408936
tf.Tensor(-10996.229627978617, shape=(), dtype=float64)
nll_grad  cost time: 3.2388076782226562
tf.Tensor(-10996.359489085018, shape=(), dtype=float64)
nll_grad  cost time: 3.2816696166992188
tf.Tensor(-10996.504021777022, shape=(), dtype=float64)
nll_grad  cost time: 3.427201509475708
tf.Tensor(-10996.62317916767, shape=(), dtype=float64)
nll_grad  cost time: 3.305516242980957
tf.Tensor(-10996.764736831003, shape=(), dtype=float64)
nll_grad  cost time: 3.2930238246917725
tf.Tensor(-10996.914424566636, shape=(), dtype=float64)
nll_grad  cost time: 3.4159111976623535
tf.Tensor(-10997.031509475288, shape=(), dtype=float64)
nll_grad  cost time: 3.3571906089782715
tf.Tensor(-10997.156234284044, shape=(), dtype=float64)
nll_grad  cost time: 3.4510865211486816
tf.Tensor(-10997.303165762165, shape=(), dtype=float64)
nll_grad  cost time: 3.4595072269439697
tf.Tensor(-10997.407051078342, shape=(), dtype=float64)
nll_grad  cost time: 3.2087132930755615
nll_grad  cost time: 3.1322500705718994
tf.Tensor(-10997.468561222413, shape=(), dtype=float64)
nll_grad  cost time: 3.284391164779663
tf.Tensor(-10997.562747802811, shape=(), dtype=float64)
nll_grad  cost time: 3.151468276977539
tf.Tensor(-10997.697893756835, shape=(), dtype=float64)
nll_grad  cost time: 3.4217300415039062
tf.Tensor(-10997.83348775296, shape=(), dtype=float64)
nll_grad  cost time: 3.561292886734009
tf.Tensor(-10997.956722666077, shape=(), dtype=float64)
nll_grad  cost time: 3.309009075164795
tf.Tensor(-10998.112676166602, shape=(), dtype=float64)
nll_grad  cost time: 3.4771981239318848
tf.Tensor(-10998.276016649706, shape=(), dtype=float64)
nll_grad  cost time: 3.522392511367798
tf.Tensor(-10998.399956940837, shape=(), dtype=float64)
nll_grad  cost time: 3.388364791870117
tf.Tensor(-10998.520074305128, shape=(), dtype=float64)
nll_grad  cost time: 3.275333881378174
tf.Tensor(-10998.632878809563, shape=(), dtype=float64)
nll_grad  cost time: 3.113696575164795
tf.Tensor(-10998.724193426893, shape=(), dtype=float64)
nll_grad  cost time: 3.3866193294525146
tf.Tensor(-10998.789544490068, shape=(), dtype=float64)
nll_grad  cost time: 3.418482542037964
tf.Tensor(-10998.881273335992, shape=(), dtype=float64)
nll_grad  cost time: 3.405033826828003
tf.Tensor(-10998.989954407713, shape=(), dtype=float64)
nll_grad  cost time: 3.2730300426483154
tf.Tensor(-10999.063486590036, shape=(), dtype=float64)
nll_grad  cost time: 3.2444047927856445
tf.Tensor(-10999.156420285963, shape=(), dtype=float64)
nll_grad  cost time: 3.254584312438965
tf.Tensor(-10999.28375163663, shape=(), dtype=float64)
nll_grad  cost time: 3.4196221828460693
tf.Tensor(-10999.44503934378, shape=(), dtype=float64)
nll_grad  cost time: 3.3487374782562256
tf.Tensor(-10999.551175430337, shape=(), dtype=float64)
nll_grad  cost time: 3.157674551010132
tf.Tensor(-10999.647655843815, shape=(), dtype=float64)
nll_grad  cost time: 3.2379472255706787
tf.Tensor(-10999.720146809264, shape=(), dtype=float64)
nll_grad  cost time: 3.303135633468628
tf.Tensor(-10999.794948934777, shape=(), dtype=float64)
nll_grad  cost time: 3.2295432090759277
tf.Tensor(-10999.850759961377, shape=(), dtype=float64)
nll_grad  cost time: 3.2430713176727295
tf.Tensor(-10999.914859618377, shape=(), dtype=float64)
nll_grad  cost time: 3.4101531505584717
tf.Tensor(-10999.964636100995, shape=(), dtype=float64)
nll_grad  cost time: 3.2207300662994385
tf.Tensor(-11000.003537989684, shape=(), dtype=float64)
nll_grad  cost time: 3.073651075363159
tf.Tensor(-11000.037365052376, shape=(), dtype=float64)
nll_grad  cost time: 3.3753511905670166
tf.Tensor(-11000.072162750057, shape=(), dtype=float64)
nll_grad  cost time: 3.1609904766082764
tf.Tensor(-11000.098423134441, shape=(), dtype=float64)
nll_grad  cost time: 3.3825557231903076
tf.Tensor(-11000.121337167275, shape=(), dtype=float64)
nll_grad  cost time: 3.3285932540893555
tf.Tensor(-11000.14598690607, shape=(), dtype=float64)
nll_grad  cost time: 3.47391414642334
tf.Tensor(-11000.171818488874, shape=(), dtype=float64)
nll_grad  cost time: 3.306318998336792
tf.Tensor(-11000.202374507739, shape=(), dtype=float64)
nll_grad  cost time: 3.184520721435547
tf.Tensor(-11000.236043094748, shape=(), dtype=float64)
nll_grad  cost time: 3.3152966499328613
tf.Tensor(-11000.277284916341, shape=(), dtype=float64)
nll_grad  cost time: 3.2555549144744873
tf.Tensor(-11000.32489827315, shape=(), dtype=float64)
nll_grad  cost time: 3.1810975074768066
tf.Tensor(-11000.371383451962, shape=(), dtype=float64)
nll_grad  cost time: 3.238619565963745
tf.Tensor(-11000.406974579495, shape=(), dtype=float64)
nll_grad  cost time: 3.1803338527679443
tf.Tensor(-11000.433424606326, shape=(), dtype=float64)
nll_grad  cost time: 3.157092809677124
tf.Tensor(-11000.456636628369, shape=(), dtype=float64)
nll_grad  cost time: 3.3971939086914062
tf.Tensor(-11000.479763168514, shape=(), dtype=float64)
nll_grad  cost time: 3.3938567638397217
tf.Tensor(-11000.510110878102, shape=(), dtype=float64)
nll_grad  cost time: 3.5512564182281494
tf.Tensor(-11000.53961060286, shape=(), dtype=float64)
nll_grad  cost time: 3.2950472831726074
tf.Tensor(-11000.568434505043, shape=(), dtype=float64)
nll_grad  cost time: 3.1710243225097656
tf.Tensor(-11000.590753429904, shape=(), dtype=float64)
nll_grad  cost time: 3.2006990909576416
tf.Tensor(-11000.612903150337, shape=(), dtype=float64)
nll_grad  cost time: 3.404731512069702
tf.Tensor(-11000.639190633578, shape=(), dtype=float64)
nll_grad  cost time: 3.2826666831970215
tf.Tensor(-11000.669587197539, shape=(), dtype=float64)
nll_grad  cost time: 3.1345860958099365
tf.Tensor(-11000.705608908302, shape=(), dtype=float64)
nll_grad  cost time: 3.444941997528076
tf.Tensor(-11000.748173717995, shape=(), dtype=float64)
nll_grad  cost time: 3.124711036682129
tf.Tensor(-11000.788659273217, shape=(), dtype=float64)
nll_grad  cost time: 3.2080001831054688
tf.Tensor(-11000.830435669843, shape=(), dtype=float64)
nll_grad  cost time: 3.2541887760162354
tf.Tensor(-11000.875885462974, shape=(), dtype=float64)
nll_grad  cost time: 3.171001434326172
tf.Tensor(-11000.915509951174, shape=(), dtype=float64)
nll_grad  cost time: 3.3203155994415283
tf.Tensor(-11000.956065806713, shape=(), dtype=float64)
nll_grad  cost time: 3.236177444458008
tf.Tensor(-11001.000842964128, shape=(), dtype=float64)
nll_grad  cost time: 3.348375082015991
tf.Tensor(-11001.048372327357, shape=(), dtype=float64)
nll_grad  cost time: 3.3722898960113525
tf.Tensor(-11001.106766259276, shape=(), dtype=float64)
nll_grad  cost time: 3.511054039001465
tf.Tensor(-11001.16473441591, shape=(), dtype=float64)
nll_grad  cost time: 3.3411786556243896
tf.Tensor(-11001.23401942624, shape=(), dtype=float64)
nll_grad  cost time: 3.5447404384613037
tf.Tensor(-11001.313767348089, shape=(), dtype=float64)
nll_grad  cost time: 3.277270793914795
tf.Tensor(-11001.409774025116, shape=(), dtype=float64)
nll_grad  cost time: 3.3419392108917236
tf.Tensor(-11001.499180880353, shape=(), dtype=float64)
nll_grad  cost time: 3.434713840484619
tf.Tensor(-11001.602946063656, shape=(), dtype=float64)
nll_grad  cost time: 3.3930110931396484
tf.Tensor(-11001.697074391486, shape=(), dtype=float64)
nll_grad  cost time: 3.22579288482666
tf.Tensor(-11001.74417461178, shape=(), dtype=float64)
nll_grad  cost time: 3.171499252319336
tf.Tensor(-11001.809807417882, shape=(), dtype=float64)
nll_grad  cost time: 3.3526179790496826
tf.Tensor(-11001.866721076341, shape=(), dtype=float64)
nll_grad  cost time: 3.184532880783081
tf.Tensor(-11001.928445556845, shape=(), dtype=float64)
nll_grad  cost time: 3.1457862854003906
tf.Tensor(-11001.992494097278, shape=(), dtype=float64)
nll_grad  cost time: 3.205427646636963
tf.Tensor(-11002.068159717972, shape=(), dtype=float64)
nll_grad  cost time: 3.176239252090454
tf.Tensor(-11002.143817797063, shape=(), dtype=float64)
nll_grad  cost time: 3.494934320449829
tf.Tensor(-11002.247811133799, shape=(), dtype=float64)
nll_grad  cost time: 3.3465898036956787
tf.Tensor(-11002.334551144573, shape=(), dtype=float64)
nll_grad  cost time: 3.1759262084960938
tf.Tensor(-11002.401168650817, shape=(), dtype=float64)
nll_grad  cost time: 3.456174612045288
tf.Tensor(-11002.45181658477, shape=(), dtype=float64)
nll_grad  cost time: 3.3956453800201416
tf.Tensor(-11002.49790931027, shape=(), dtype=float64)
nll_grad  cost time: 3.2545511722564697
tf.Tensor(-11002.53962644231, shape=(), dtype=float64)
nll_grad  cost time: 3.4649713039398193
tf.Tensor(-11002.594615765403, shape=(), dtype=float64)
nll_grad  cost time: 3.366675615310669
tf.Tensor(-11002.660016825936, shape=(), dtype=float64)
nll_grad  cost time: 3.4260101318359375
tf.Tensor(-11002.712099094657, shape=(), dtype=float64)
nll_grad  cost time: 3.2466719150543213
tf.Tensor(-11002.771050525444, shape=(), dtype=float64)
nll_grad  cost time: 3.291030168533325
tf.Tensor(-11002.81738674892, shape=(), dtype=float64)
nll_grad  cost time: 3.462062358856201
tf.Tensor(-11002.860626988058, shape=(), dtype=float64)
nll_grad  cost time: 3.352132797241211
tf.Tensor(-11002.89606963622, shape=(), dtype=float64)
nll_grad  cost time: 3.5074708461761475
tf.Tensor(-11002.937659356528, shape=(), dtype=float64)
nll_grad  cost time: 3.580805778503418
tf.Tensor(-11002.958892418908, shape=(), dtype=float64)
nll_grad  cost time: 3.2644662857055664
tf.Tensor(-11002.98830322942, shape=(), dtype=float64)
nll_grad  cost time: 3.372340679168701
tf.Tensor(-11003.019709499385, shape=(), dtype=float64)
nll_grad  cost time: 3.362647294998169
tf.Tensor(-11003.038457098777, shape=(), dtype=float64)
nll_grad  cost time: 3.3631045818328857
tf.Tensor(-11003.064064161423, shape=(), dtype=float64)
nll_grad  cost time: 3.342578172683716
tf.Tensor(-11003.091043485441, shape=(), dtype=float64)
nll_grad  cost time: 3.528843879699707
tf.Tensor(-11003.114186073879, shape=(), dtype=float64)
nll_grad  cost time: 3.392505645751953
tf.Tensor(-11003.135559253271, shape=(), dtype=float64)
nll_grad  cost time: 3.4915452003479004
tf.Tensor(-11003.161287670504, shape=(), dtype=float64)
nll_grad  cost time: 3.394282341003418
tf.Tensor(-11003.182207894872, shape=(), dtype=float64)
nll_grad  cost time: 3.574612617492676
tf.Tensor(-11003.2000348832, shape=(), dtype=float64)
nll_grad  cost time: 3.215630531311035
tf.Tensor(-11003.220375932393, shape=(), dtype=float64)
nll_grad  cost time: 3.2564451694488525
tf.Tensor(-11003.240090291933, shape=(), dtype=float64)
nll_grad  cost time: 3.190081834793091
tf.Tensor(-11003.254678422381, shape=(), dtype=float64)
nll_grad  cost time: 3.2572734355926514
tf.Tensor(-11003.27006444796, shape=(), dtype=float64)
nll_grad  cost time: 3.5479793548583984
tf.Tensor(-11003.289126332922, shape=(), dtype=float64)
nll_grad  cost time: 3.3312737941741943
tf.Tensor(-11003.307989290235, shape=(), dtype=float64)
nll_grad  cost time: 3.474618673324585
tf.Tensor(-11003.327919077925, shape=(), dtype=float64)
nll_grad  cost time: 3.4052391052246094
tf.Tensor(-11003.350655053615, shape=(), dtype=float64)
nll_grad  cost time: 3.326775312423706
tf.Tensor(-11003.375245898387, shape=(), dtype=float64)
nll_grad  cost time: 3.286865711212158
tf.Tensor(-11003.400827505291, shape=(), dtype=float64)
nll_grad  cost time: 3.32560133934021
tf.Tensor(-11003.4253557376, shape=(), dtype=float64)
nll_grad  cost time: 3.334681510925293
tf.Tensor(-11003.447787951893, shape=(), dtype=float64)
nll_grad  cost time: 3.3842201232910156
tf.Tensor(-11003.469549383433, shape=(), dtype=float64)
nll_grad  cost time: 3.3890843391418457
tf.Tensor(-11003.488253373944, shape=(), dtype=float64)
nll_grad  cost time: 3.468034029006958
tf.Tensor(-11003.508281425758, shape=(), dtype=float64)
nll_grad  cost time: 3.4154245853424072
tf.Tensor(-11003.531640719706, shape=(), dtype=float64)
nll_grad  cost time: 3.5067059993743896
tf.Tensor(-11003.557146679137, shape=(), dtype=float64)
nll_grad  cost time: 3.4870924949645996
tf.Tensor(-11003.581309773297, shape=(), dtype=float64)
nll_grad  cost time: 3.4412145614624023
tf.Tensor(-11003.599437033532, shape=(), dtype=float64)
nll_grad  cost time: 3.4127650260925293
tf.Tensor(-11003.613208983967, shape=(), dtype=float64)
nll_grad  cost time: 3.463655710220337
tf.Tensor(-11003.626335184548, shape=(), dtype=float64)
nll_grad  cost time: 3.458281993865967
tf.Tensor(-11003.642933151405, shape=(), dtype=float64)
nll_grad  cost time: 3.3549928665161133
tf.Tensor(-11003.659085576473, shape=(), dtype=float64)
nll_grad  cost time: 3.370239734649658
tf.Tensor(-11003.673932500518, shape=(), dtype=float64)
nll_grad  cost time: 3.22282075881958
tf.Tensor(-11003.689164503976, shape=(), dtype=float64)
nll_grad  cost time: 3.368846893310547
tf.Tensor(-11003.705470361172, shape=(), dtype=float64)
nll_grad  cost time: 3.2886579036712646
tf.Tensor(-11003.71891880839, shape=(), dtype=float64)
nll_grad  cost time: 3.374967336654663
tf.Tensor(-11003.731136279166, shape=(), dtype=float64)
nll_grad  cost time: 3.366821765899658
tf.Tensor(-11003.743776699128, shape=(), dtype=float64)
nll_grad  cost time: 3.3695175647735596
tf.Tensor(-11003.75906973816, shape=(), dtype=float64)
nll_grad  cost time: 3.5283496379852295
tf.Tensor(-11003.773753356276, shape=(), dtype=float64)
nll_grad  cost time: 3.3842885494232178
tf.Tensor(-11003.788875650687, shape=(), dtype=float64)
nll_grad  cost time: 3.3989686965942383
tf.Tensor(-11003.80487766859, shape=(), dtype=float64)
nll_grad  cost time: 3.10899019241333
tf.Tensor(-11003.825307515588, shape=(), dtype=float64)
nll_grad  cost time: 3.4350812435150146
tf.Tensor(-11003.844039803742, shape=(), dtype=float64)
nll_grad  cost time: 3.229780435562134
tf.Tensor(-11003.865450121062, shape=(), dtype=float64)
nll_grad  cost time: 3.2949655055999756
tf.Tensor(-11003.885168018343, shape=(), dtype=float64)
nll_grad  cost time: 3.3553178310394287
tf.Tensor(-11003.897415508887, shape=(), dtype=float64)
nll_grad  cost time: 3.3605151176452637
tf.Tensor(-11003.903769048637, shape=(), dtype=float64)
nll_grad  cost time: 3.4913151264190674
tf.Tensor(-11003.911365739055, shape=(), dtype=float64)
nll_grad  cost time: 3.4037437438964844
tf.Tensor(-11003.919027905918, shape=(), dtype=float64)
nll_grad  cost time: 3.2852108478546143
tf.Tensor(-11003.929509652444, shape=(), dtype=float64)
nll_grad  cost time: 3.341542959213257
tf.Tensor(-11003.942612830571, shape=(), dtype=float64)
nll_grad  cost time: 3.3821768760681152
tf.Tensor(-11003.956897681353, shape=(), dtype=float64)
nll_grad  cost time: 3.331474781036377
tf.Tensor(-11003.968685500433, shape=(), dtype=float64)
nll_grad  cost time: 3.1910784244537354
tf.Tensor(-11003.979620568898, shape=(), dtype=float64)
nll_grad  cost time: 3.4364681243896484
tf.Tensor(-11003.990970340281, shape=(), dtype=float64)
nll_grad  cost time: 3.434154510498047
tf.Tensor(-11004.002886417555, shape=(), dtype=float64)
nll_grad  cost time: 3.429008960723877
tf.Tensor(-11004.01193495602, shape=(), dtype=float64)
nll_grad  cost time: 3.4381072521209717
tf.Tensor(-11004.021128471431, shape=(), dtype=float64)
nll_grad  cost time: 3.7485687732696533
tf.Tensor(-11004.030087168067, shape=(), dtype=float64)
nll_grad  cost time: 3.443197727203369
tf.Tensor(-11004.042094513054, shape=(), dtype=float64)
nll_grad  cost time: 3.519723892211914
tf.Tensor(-11004.057286703013, shape=(), dtype=float64)
nll_grad  cost time: 3.2453982830047607
tf.Tensor(-11004.075682580806, shape=(), dtype=float64)
nll_grad  cost time: 3.331665515899658
tf.Tensor(-11004.095607745086, shape=(), dtype=float64)
nll_grad  cost time: 3.4103710651397705
tf.Tensor(-11004.11617067259, shape=(), dtype=float64)
nll_grad  cost time: 3.559562921524048
tf.Tensor(-11004.138483798335, shape=(), dtype=float64)
nll_grad  cost time: 3.3814666271209717
tf.Tensor(-11004.159338021847, shape=(), dtype=float64)
nll_grad  cost time: 3.391541004180908
tf.Tensor(-11004.190545250796, shape=(), dtype=float64)
nll_grad  cost time: 3.5212056636810303
tf.Tensor(-11004.231385434508, shape=(), dtype=float64)
nll_grad  cost time: 3.509817600250244
tf.Tensor(-11004.26114934192, shape=(), dtype=float64)
nll_grad  cost time: 3.4138400554656982
tf.Tensor(-11004.276126535886, shape=(), dtype=float64)
nll_grad  cost time: 3.169245958328247
tf.Tensor(-11004.290863748673, shape=(), dtype=float64)
nll_grad  cost time: 3.397017002105713
tf.Tensor(-11004.304051836378, shape=(), dtype=float64)
nll_grad  cost time: 3.4169042110443115
tf.Tensor(-11004.316763818799, shape=(), dtype=float64)
nll_grad  cost time: 3.3763420581817627
tf.Tensor(-11004.331126277888, shape=(), dtype=float64)
nll_grad  cost time: 3.4052622318267822
tf.Tensor(-11004.339395212475, shape=(), dtype=float64)
nll_grad  cost time: 3.4307196140289307
tf.Tensor(-11004.345731529207, shape=(), dtype=float64)
nll_grad  cost time: 3.1944901943206787
tf.Tensor(-11004.352748163386, shape=(), dtype=float64)
nll_grad  cost time: 3.3163177967071533
tf.Tensor(-11004.361824473239, shape=(), dtype=float64)
nll_grad  cost time: 3.554285764694214
tf.Tensor(-11004.369913275881, shape=(), dtype=float64)
nll_grad  cost time: 3.3693771362304688
tf.Tensor(-11004.3786188977, shape=(), dtype=float64)
nll_grad  cost time: 3.3130881786346436
tf.Tensor(-11004.38808322452, shape=(), dtype=float64)
nll_grad  cost time: 3.2831082344055176
tf.Tensor(-11004.397304216385, shape=(), dtype=float64)
nll_grad  cost time: 3.174172878265381
tf.Tensor(-11004.405587775589, shape=(), dtype=float64)
nll_grad  cost time: 3.3334906101226807
tf.Tensor(-11004.411870801636, shape=(), dtype=float64)
nll_grad  cost time: 3.459218978881836
tf.Tensor(-11004.420996475339, shape=(), dtype=float64)
nll_grad  cost time: 3.5465595722198486
tf.Tensor(-11004.43544155837, shape=(), dtype=float64)
nll_grad  cost time: 3.4371800422668457
tf.Tensor(-11004.455219314037, shape=(), dtype=float64)
nll_grad  cost time: 3.345175266265869
tf.Tensor(-11004.473954048492, shape=(), dtype=float64)
nll_grad  cost time: 3.2357826232910156
tf.Tensor(-11004.49562722877, shape=(), dtype=float64)
nll_grad  cost time: 3.407752275466919
tf.Tensor(-11004.527991899486, shape=(), dtype=float64)
nll_grad  cost time: 3.351997137069702
tf.Tensor(-11004.561651840846, shape=(), dtype=float64)
nll_grad  cost time: 3.4096386432647705
tf.Tensor(-11004.580152815695, shape=(), dtype=float64)
nll_grad  cost time: 3.4224021434783936
tf.Tensor(-11004.603489889836, shape=(), dtype=float64)
nll_grad  cost time: 3.474365472793579
tf.Tensor(-11004.628807479614, shape=(), dtype=float64)
nll_grad  cost time: 3.4244384765625
tf.Tensor(-11004.646678235138, shape=(), dtype=float64)
nll_grad  cost time: 3.5854175090789795
tf.Tensor(-11004.669280620667, shape=(), dtype=float64)
nll_grad  cost time: 3.317056179046631
tf.Tensor(-11004.695068262969, shape=(), dtype=float64)
nll_grad  cost time: 3.274989604949951
tf.Tensor(-11004.722463097169, shape=(), dtype=float64)
nll_grad  cost time: 3.2993013858795166
tf.Tensor(-11004.74780840653, shape=(), dtype=float64)
nll_grad  cost time: 3.3539443016052246
tf.Tensor(-11004.770670077796, shape=(), dtype=float64)
nll_grad  cost time: 3.403125047683716
tf.Tensor(-11004.792866098906, shape=(), dtype=float64)
nll_grad  cost time: 3.3417866230010986
tf.Tensor(-11004.812978627699, shape=(), dtype=float64)
nll_grad  cost time: 3.38362193107605
tf.Tensor(-11004.838077747161, shape=(), dtype=float64)
nll_grad  cost time: 3.134894371032715
tf.Tensor(-11004.864606496209, shape=(), dtype=float64)
nll_grad  cost time: 3.361741542816162
tf.Tensor(-11004.888629263776, shape=(), dtype=float64)
nll_grad  cost time: 3.440718173980713
tf.Tensor(-11004.912578724503, shape=(), dtype=float64)
nll_grad  cost time: 3.279726505279541
tf.Tensor(-11004.936352059853, shape=(), dtype=float64)
nll_grad  cost time: 3.404545783996582
tf.Tensor(-11004.96531960151, shape=(), dtype=float64)
nll_grad  cost time: 3.3890304565429688
tf.Tensor(-11004.992037340926, shape=(), dtype=float64)
nll_grad  cost time: 3.4716668128967285
tf.Tensor(-11005.012766103086, shape=(), dtype=float64)
nll_grad  cost time: 3.4482243061065674
tf.Tensor(-11005.030306481654, shape=(), dtype=float64)
nll_grad  cost time: 3.4527413845062256
tf.Tensor(-11005.049690016465, shape=(), dtype=float64)
nll_grad  cost time: 3.4383275508880615
tf.Tensor(-11005.067535471688, shape=(), dtype=float64)
nll_grad  cost time: 3.376986503601074
tf.Tensor(-11005.088556744653, shape=(), dtype=float64)
nll_grad  cost time: 3.1176578998565674
tf.Tensor(-11005.104786671378, shape=(), dtype=float64)
nll_grad  cost time: 3.2300305366516113
tf.Tensor(-11005.117491751938, shape=(), dtype=float64)
nll_grad  cost time: 3.355335235595703
tf.Tensor(-11005.13362565809, shape=(), dtype=float64)
nll_grad  cost time: 3.3185274600982666
tf.Tensor(-11005.151933821835, shape=(), dtype=float64)
nll_grad  cost time: 3.3524343967437744
tf.Tensor(-11005.175189501588, shape=(), dtype=float64)
nll_grad  cost time: 3.4190123081207275
tf.Tensor(-11005.197762113436, shape=(), dtype=float64)
nll_grad  cost time: 3.521552562713623
tf.Tensor(-11005.21229549681, shape=(), dtype=float64)
nll_grad  cost time: 3.3210744857788086
tf.Tensor(-11005.224636690578, shape=(), dtype=float64)
nll_grad  cost time: 3.325608491897583
tf.Tensor(-11005.233656438315, shape=(), dtype=float64)
nll_grad  cost time: 3.461225748062134
tf.Tensor(-11005.239866881788, shape=(), dtype=float64)
nll_grad  cost time: 3.310412883758545
tf.Tensor(-11005.249114606151, shape=(), dtype=float64)
nll_grad  cost time: 3.351374387741089
tf.Tensor(-11005.260194882481, shape=(), dtype=float64)
nll_grad  cost time: 3.2639918327331543
tf.Tensor(-11005.266703926398, shape=(), dtype=float64)
nll_grad  cost time: 3.269179344177246
tf.Tensor(-11005.274972565836, shape=(), dtype=float64)
nll_grad  cost time: 3.3400094509124756
tf.Tensor(-11005.284061569451, shape=(), dtype=float64)
nll_grad  cost time: 3.4359707832336426
tf.Tensor(-11005.29532817995, shape=(), dtype=float64)
nll_grad  cost time: 3.293543577194214
tf.Tensor(-11005.31039756598, shape=(), dtype=float64)
nll_grad  cost time: 3.5425267219543457
tf.Tensor(-11005.327102030216, shape=(), dtype=float64)
nll_grad  cost time: 3.479188919067383
tf.Tensor(-11005.338884654797, shape=(), dtype=float64)
nll_grad  cost time: 3.422353982925415
tf.Tensor(-11005.349771166548, shape=(), dtype=float64)
nll_grad  cost time: 3.317629814147949
tf.Tensor(-11005.359460474407, shape=(), dtype=float64)
nll_grad  cost time: 3.4818546772003174
tf.Tensor(-11005.36663576186, shape=(), dtype=float64)
nll_grad  cost time: 3.39581298828125
tf.Tensor(-11005.375008544492, shape=(), dtype=float64)
nll_grad  cost time: 3.520611524581909
tf.Tensor(-11005.38274769457, shape=(), dtype=float64)
nll_grad  cost time: 3.2132728099823
tf.Tensor(-11005.389846338527, shape=(), dtype=float64)
nll_grad  cost time: 3.37955379486084
tf.Tensor(-11005.397481521384, shape=(), dtype=float64)
nll_grad  cost time: 3.307188034057617
tf.Tensor(-11005.40407649232, shape=(), dtype=float64)
nll_grad  cost time: 3.535649061203003
tf.Tensor(-11005.409494989322, shape=(), dtype=float64)
nll_grad  cost time: 3.4676103591918945
tf.Tensor(-11005.414578040436, shape=(), dtype=float64)
nll_grad  cost time: 3.3103556632995605
tf.Tensor(-11005.420048822249, shape=(), dtype=float64)
nll_grad  cost time: 3.35133957862854
tf.Tensor(-11005.424287308462, shape=(), dtype=float64)
nll_grad  cost time: 3.4063963890075684
tf.Tensor(-11005.427160106421, shape=(), dtype=float64)
nll_grad  cost time: 3.335920810699463
tf.Tensor(-11005.429257596232, shape=(), dtype=float64)
nll_grad  cost time: 3.45027232170105
tf.Tensor(-11005.431223328374, shape=(), dtype=float64)
nll_grad  cost time: 3.345353364944458
tf.Tensor(-11005.433442953406, shape=(), dtype=float64)
nll_grad  cost time: 3.5616657733917236
tf.Tensor(-11005.43607721644, shape=(), dtype=float64)
nll_grad  cost time: 3.3962783813476562
tf.Tensor(-11005.4390885133, shape=(), dtype=float64)
nll_grad  cost time: 3.4267289638519287
tf.Tensor(-11005.442542025492, shape=(), dtype=float64)
nll_grad  cost time: 3.522397994995117
tf.Tensor(-11005.44581340643, shape=(), dtype=float64)
nll_grad  cost time: 3.402459144592285
tf.Tensor(-11005.448203410691, shape=(), dtype=float64)
nll_grad  cost time: 3.498018741607666
tf.Tensor(-11005.449784666922, shape=(), dtype=float64)
nll_grad  cost time: 3.5533461570739746
tf.Tensor(-11005.45102038803, shape=(), dtype=float64)
nll_grad  cost time: 3.3780953884124756
tf.Tensor(-11005.452255259002, shape=(), dtype=float64)
nll_grad  cost time: 3.4039018154144287
tf.Tensor(-11005.453592683709, shape=(), dtype=float64)
nll_grad  cost time: 3.212027072906494
tf.Tensor(-11005.455004576841, shape=(), dtype=float64)
nll_grad  cost time: 3.3819069862365723
tf.Tensor(-11005.456447492164, shape=(), dtype=float64)
nll_grad  cost time: 3.342243194580078
tf.Tensor(-11005.457832099393, shape=(), dtype=float64)
nll_grad  cost time: 3.2388553619384766
tf.Tensor(-11005.459374907037, shape=(), dtype=float64)
nll_grad  cost time: 3.3310139179229736
tf.Tensor(-11005.46122580623, shape=(), dtype=float64)
nll_grad  cost time: 3.201120615005493
tf.Tensor(-11005.462897350688, shape=(), dtype=float64)
nll_grad  cost time: 3.380720376968384
tf.Tensor(-11005.464189652816, shape=(), dtype=float64)
nll_grad  cost time: 3.28389310836792
tf.Tensor(-11005.465163230674, shape=(), dtype=float64)
nll_grad  cost time: 3.569749116897583
tf.Tensor(-11005.465900363135, shape=(), dtype=float64)
nll_grad  cost time: 3.3596959114074707
tf.Tensor(-11005.466628972012, shape=(), dtype=float64)
nll_grad  cost time: 3.390861988067627
tf.Tensor(-11005.467563567301, shape=(), dtype=float64)
nll_grad  cost time: 3.3726859092712402
tf.Tensor(-11005.468827943576, shape=(), dtype=float64)
nll_grad  cost time: 3.430788516998291
tf.Tensor(-11005.470267087432, shape=(), dtype=float64)
nll_grad  cost time: 3.3239617347717285
tf.Tensor(-11005.471463236041, shape=(), dtype=float64)
nll_grad  cost time: 3.1653177738189697
tf.Tensor(-11005.472312226539, shape=(), dtype=float64)
nll_grad  cost time: 3.4377458095550537
tf.Tensor(-11005.473050063396, shape=(), dtype=float64)
nll_grad  cost time: 3.425642251968384
tf.Tensor(-11005.473942991994, shape=(), dtype=float64)
nll_grad  cost time: 3.3420863151550293
tf.Tensor(-11005.475058074619, shape=(), dtype=float64)
nll_grad  cost time: 3.32443904876709
tf.Tensor(-11005.47625465117, shape=(), dtype=float64)
nll_grad  cost time: 3.233968734741211
tf.Tensor(-11005.477259068728, shape=(), dtype=float64)
nll_grad  cost time: 3.5165586471557617
tf.Tensor(-11005.47803718063, shape=(), dtype=float64)
nll_grad  cost time: 3.404100179672241
tf.Tensor(-11005.47869870939, shape=(), dtype=float64)
nll_grad  cost time: 3.3111088275909424
tf.Tensor(-11005.47939537173, shape=(), dtype=float64)
nll_grad  cost time: 3.2383909225463867
tf.Tensor(-11005.480307147245, shape=(), dtype=float64)
nll_grad  cost time: 3.2379071712493896
tf.Tensor(-11005.481654815394, shape=(), dtype=float64)
nll_grad  cost time: 3.3691282272338867
tf.Tensor(-11005.483418700675, shape=(), dtype=float64)
nll_grad  cost time: 3.54365611076355
tf.Tensor(-11005.485368621907, shape=(), dtype=float64)
nll_grad  cost time: 3.1297390460968018
tf.Tensor(-11005.487129217541, shape=(), dtype=float64)
nll_grad  cost time: 3.220517873764038
tf.Tensor(-11005.488580872723, shape=(), dtype=float64)
nll_grad  cost time: 3.257678508758545
tf.Tensor(-11005.489894968152, shape=(), dtype=float64)
nll_grad  cost time: 3.2229323387145996
tf.Tensor(-11005.4915652762, shape=(), dtype=float64)
nll_grad  cost time: 3.270909309387207
tf.Tensor(-11005.493714412962, shape=(), dtype=float64)
nll_grad  cost time: 3.298046112060547
tf.Tensor(-11005.495854253517, shape=(), dtype=float64)
nll_grad  cost time: 3.5243802070617676
tf.Tensor(-11005.497437103862, shape=(), dtype=float64)
nll_grad  cost time: 3.3304762840270996
tf.Tensor(-11005.498779084286, shape=(), dtype=float64)
nll_grad  cost time: 3.220156669616699
tf.Tensor(-11005.500220041456, shape=(), dtype=float64)
nll_grad  cost time: 3.3824117183685303
tf.Tensor(-11005.501702334539, shape=(), dtype=float64)
nll_grad  cost time: 3.4466230869293213
tf.Tensor(-11005.50290141756, shape=(), dtype=float64)
nll_grad  cost time: 3.2444653511047363
tf.Tensor(-11005.50376274867, shape=(), dtype=float64)
nll_grad  cost time: 3.2367048263549805
tf.Tensor(-11005.504508265869, shape=(), dtype=float64)
nll_grad  cost time: 3.31687593460083
tf.Tensor(-11005.505133577855, shape=(), dtype=float64)
nll_grad  cost time: 3.797105550765991
tf.Tensor(-11005.50573999244, shape=(), dtype=float64)
nll_grad  cost time: 3.574162006378174
tf.Tensor(-11005.506511141055, shape=(), dtype=float64)
nll_grad  cost time: 3.399729013442993
tf.Tensor(-11005.507345881444, shape=(), dtype=float64)
nll_grad  cost time: 3.4763386249542236
tf.Tensor(-11005.508292976283, shape=(), dtype=float64)
nll_grad  cost time: 3.44759464263916
tf.Tensor(-11005.50962577675, shape=(), dtype=float64)
nll_grad  cost time: 3.235243558883667
tf.Tensor(-11005.511449928254, shape=(), dtype=float64)
nll_grad  cost time: 3.297368049621582
tf.Tensor(-11005.513716779587, shape=(), dtype=float64)
nll_grad  cost time: 3.2183988094329834
tf.Tensor(-11005.516410042866, shape=(), dtype=float64)
nll_grad  cost time: 3.294699192047119
tf.Tensor(-11005.519381043818, shape=(), dtype=float64)
nll_grad  cost time: 3.2720584869384766
tf.Tensor(-11005.523593451937, shape=(), dtype=float64)
nll_grad  cost time: 3.3683269023895264
tf.Tensor(-11005.528903011123, shape=(), dtype=float64)
nll_grad  cost time: 3.5174405574798584
tf.Tensor(-11005.533705197886, shape=(), dtype=float64)
nll_grad  cost time: 3.174243688583374
tf.Tensor(-11005.535243933264, shape=(), dtype=float64)
nll_grad  cost time: 3.153703451156616
tf.Tensor(-11005.53751619193, shape=(), dtype=float64)
nll_grad  cost time: 3.2432563304901123
tf.Tensor(-11005.539701935002, shape=(), dtype=float64)
nll_grad  cost time: 3.255469799041748
tf.Tensor(-11005.541188183914, shape=(), dtype=float64)
nll_grad  cost time: 3.141162157058716
tf.Tensor(-11005.543689636223, shape=(), dtype=float64)
nll_grad  cost time: 3.2766363620758057
tf.Tensor(-11005.547075787941, shape=(), dtype=float64)
nll_grad  cost time: 3.2258684635162354
tf.Tensor(-11005.54990447999, shape=(), dtype=float64)
nll_grad  cost time: 3.3297297954559326
tf.Tensor(-11005.553821786194, shape=(), dtype=float64)
nll_grad  cost time: 3.5094528198242188
nll_grad  cost time: 3.379530906677246
tf.Tensor(-11005.556405287076, shape=(), dtype=float64)
nll_grad  cost time: 3.13669753074646
tf.Tensor(-11005.559707696128, shape=(), dtype=float64)
nll_grad  cost time: 3.2208774089813232
nll_grad  cost time: 3.4653797149658203
tf.Tensor(-11005.561859415688, shape=(), dtype=float64)
nll_grad  cost time: 3.4766361713409424
tf.Tensor(-11005.564744544015, shape=(), dtype=float64)
nll_grad  cost time: 3.3519623279571533
tf.Tensor(-11005.56746070347, shape=(), dtype=float64)
nll_grad  cost time: 3.3830864429473877
tf.Tensor(-11005.56925260321, shape=(), dtype=float64)
nll_grad  cost time: 3.3522753715515137
tf.Tensor(-11005.571773748223, shape=(), dtype=float64)
nll_grad  cost time: 3.4504904747009277
tf.Tensor(-11005.574878869727, shape=(), dtype=float64)
nll_grad  cost time: 3.2092738151550293
tf.Tensor(-11005.579129446385, shape=(), dtype=float64)
nll_grad  cost time: 3.2403111457824707
tf.Tensor(-11005.583987066013, shape=(), dtype=float64)
nll_grad  cost time: 3.5095715522766113
tf.Tensor(-11005.58887578984, shape=(), dtype=float64)
nll_grad  cost time: 3.35416579246521
tf.Tensor(-11005.592795254503, shape=(), dtype=float64)
nll_grad  cost time: 3.1927709579467773
tf.Tensor(-11005.598798193503, shape=(), dtype=float64)
nll_grad  cost time: 3.211016893386841
tf.Tensor(-11005.60764219013, shape=(), dtype=float64)
nll_grad  cost time: 3.3656203746795654
tf.Tensor(-11005.613600672717, shape=(), dtype=float64)
nll_grad  cost time: 3.273021936416626
tf.Tensor(-11005.622528672142, shape=(), dtype=float64)
nll_grad  cost time: 3.3046658039093018
tf.Tensor(-11005.629633375145, shape=(), dtype=float64)
nll_grad  cost time: 3.5298542976379395
tf.Tensor(-11005.64066658619, shape=(), dtype=float64)
nll_grad  cost time: 3.262202262878418
tf.Tensor(-11005.656145571007, shape=(), dtype=float64)
nll_grad  cost time: 3.3719966411590576
nll_grad  cost time: 3.2070624828338623
tf.Tensor(-11005.665180186232, shape=(), dtype=float64)
nll_grad  cost time: 3.277462959289551
tf.Tensor(-11005.671187707248, shape=(), dtype=float64)
nll_grad  cost time: 3.3845560550689697
tf.Tensor(-11005.679728013212, shape=(), dtype=float64)
nll_grad  cost time: 3.4027655124664307
tf.Tensor(-11005.688858648344, shape=(), dtype=float64)
nll_grad  cost time: 3.336956024169922
tf.Tensor(-11005.700763598925, shape=(), dtype=float64)
nll_grad  cost time: 3.122605800628662
tf.Tensor(-11005.712777602788, shape=(), dtype=float64)
nll_grad  cost time: 3.269458770751953
tf.Tensor(-11005.728341134025, shape=(), dtype=float64)
nll_grad  cost time: 3.308410406112671
tf.Tensor(-11005.741369244348, shape=(), dtype=float64)
nll_grad  cost time: 3.460040330886841
tf.Tensor(-11005.75258674076, shape=(), dtype=float64)
nll_grad  cost time: 3.311901330947876
tf.Tensor(-11005.756006106745, shape=(), dtype=float64)
nll_grad  cost time: 3.1368658542633057
tf.Tensor(-11005.761780512137, shape=(), dtype=float64)
nll_grad  cost time: 3.4188637733459473
tf.Tensor(-11005.769351932671, shape=(), dtype=float64)
nll_grad  cost time: 3.372184991836548
tf.Tensor(-11005.772278294713, shape=(), dtype=float64)
nll_grad  cost time: 3.3789491653442383
tf.Tensor(-11005.776110210285, shape=(), dtype=float64)
nll_grad  cost time: 3.3127195835113525
tf.Tensor(-11005.778618143642, shape=(), dtype=float64)
nll_grad  cost time: 3.637748956680298
tf.Tensor(-11005.781913497609, shape=(), dtype=float64)
nll_grad  cost time: 3.108541488647461
tf.Tensor(-11005.785684238803, shape=(), dtype=float64)
nll_grad  cost time: 3.432642936706543
tf.Tensor(-11005.79085645033, shape=(), dtype=float64)
nll_grad  cost time: 3.170802593231201
tf.Tensor(-11005.796131783936, shape=(), dtype=float64)
nll_grad  cost time: 3.1879146099090576
tf.Tensor(-11005.801332074261, shape=(), dtype=float64)
nll_grad  cost time: 3.2934131622314453
tf.Tensor(-11005.808691463455, shape=(), dtype=float64)
nll_grad  cost time: 3.1790525913238525
tf.Tensor(-11005.819971905294, shape=(), dtype=float64)
nll_grad  cost time: 3.395768165588379
tf.Tensor(-11005.832069438162, shape=(), dtype=float64)
nll_grad  cost time: 3.2511367797851562
tf.Tensor(-11005.839542061782, shape=(), dtype=float64)
nll_grad  cost time: 3.3167905807495117
tf.Tensor(-11005.84723447547, shape=(), dtype=float64)
nll_grad  cost time: 3.1208651065826416
tf.Tensor(-11005.853056826549, shape=(), dtype=float64)
nll_grad  cost time: 3.227914810180664
tf.Tensor(-11005.856520532107, shape=(), dtype=float64)
nll_grad  cost time: 3.248950481414795
tf.Tensor(-11005.861647616955, shape=(), dtype=float64)
nll_grad  cost time: 3.2231314182281494
tf.Tensor(-11005.868255189896, shape=(), dtype=float64)
nll_grad  cost time: 3.5613865852355957
tf.Tensor(-11005.87334450875, shape=(), dtype=float64)
nll_grad  cost time: 3.303809642791748
tf.Tensor(-11005.878635993984, shape=(), dtype=float64)
nll_grad  cost time: 3.4078023433685303
tf.Tensor(-11005.884663275647, shape=(), dtype=float64)
nll_grad  cost time: 3.257239580154419
tf.Tensor(-11005.890701481767, shape=(), dtype=float64)
nll_grad  cost time: 3.6351099014282227
tf.Tensor(-11005.898518174872, shape=(), dtype=float64)
nll_grad  cost time: 3.1718125343322754
tf.Tensor(-11005.908934991181, shape=(), dtype=float64)
nll_grad  cost time: 3.345369577407837
tf.Tensor(-11005.918781741602, shape=(), dtype=float64)
nll_grad  cost time: 3.427665948867798
tf.Tensor(-11005.928503061936, shape=(), dtype=float64)
nll_grad  cost time: 3.289860248565674
tf.Tensor(-11005.938968803537, shape=(), dtype=float64)
nll_grad  cost time: 3.277860164642334
tf.Tensor(-11005.949410973073, shape=(), dtype=float64)
nll_grad  cost time: 3.3987746238708496
tf.Tensor(-11005.958080886885, shape=(), dtype=float64)
nll_grad  cost time: 3.614753246307373
tf.Tensor(-11005.970414542608, shape=(), dtype=float64)
nll_grad  cost time: 3.4690587520599365
tf.Tensor(-11005.984254481187, shape=(), dtype=float64)
nll_grad  cost time: 3.3909337520599365
tf.Tensor(-11005.993874446824, shape=(), dtype=float64)
nll_grad  cost time: 3.4181463718414307
tf.Tensor(-11006.004518009631, shape=(), dtype=float64)
nll_grad  cost time: 3.4385733604431152
tf.Tensor(-11006.015510988393, shape=(), dtype=float64)
nll_grad  cost time: 3.308061122894287
tf.Tensor(-11006.024509944247, shape=(), dtype=float64)
nll_grad  cost time: 3.256653308868408
tf.Tensor(-11006.030769560519, shape=(), dtype=float64)
nll_grad  cost time: 3.372002124786377
tf.Tensor(-11006.034809303048, shape=(), dtype=float64)
nll_grad  cost time: 3.1893506050109863
tf.Tensor(-11006.037810232043, shape=(), dtype=float64)
nll_grad  cost time: 3.6650588512420654
tf.Tensor(-11006.040650050883, shape=(), dtype=float64)
nll_grad  cost time: 3.2625269889831543
tf.Tensor(-11006.043243856893, shape=(), dtype=float64)
nll_grad  cost time: 3.5601394176483154
tf.Tensor(-11006.044629373988, shape=(), dtype=float64)
nll_grad  cost time: 3.292880058288574
tf.Tensor(-11006.046114918114, shape=(), dtype=float64)
nll_grad  cost time: 3.2849221229553223
tf.Tensor(-11006.047489453038, shape=(), dtype=float64)
nll_grad  cost time: 3.301715850830078
tf.Tensor(-11006.048707020422, shape=(), dtype=float64)
nll_grad  cost time: 3.4465701580047607
tf.Tensor(-11006.049792396021, shape=(), dtype=float64)
nll_grad  cost time: 3.4566354751586914
tf.Tensor(-11006.050936298216, shape=(), dtype=float64)
nll_grad  cost time: 3.256870746612549
tf.Tensor(-11006.052329793125, shape=(), dtype=float64)
nll_grad  cost time: 3.5009403228759766
tf.Tensor(-11006.053576368737, shape=(), dtype=float64)
nll_grad  cost time: 3.3993711471557617
tf.Tensor(-11006.054846349245, shape=(), dtype=float64)
nll_grad  cost time: 3.430009365081787
tf.Tensor(-11006.056143321846, shape=(), dtype=float64)
nll_grad  cost time: 3.314955472946167
tf.Tensor(-11006.05755223332, shape=(), dtype=float64)
nll_grad  cost time: 3.4368083477020264
tf.Tensor(-11006.058843031016, shape=(), dtype=float64)
nll_grad  cost time: 3.4388766288757324
tf.Tensor(-11006.059841878818, shape=(), dtype=float64)
nll_grad  cost time: 3.3468503952026367
tf.Tensor(-11006.060618085256, shape=(), dtype=float64)
nll_grad  cost time: 3.552615165710449
tf.Tensor(-11006.061384600842, shape=(), dtype=float64)
nll_grad  cost time: 3.4410088062286377
tf.Tensor(-11006.062290517915, shape=(), dtype=float64)
nll_grad  cost time: 3.4115233421325684
tf.Tensor(-11006.063284074662, shape=(), dtype=float64)
nll_grad  cost time: 3.378413200378418
tf.Tensor(-11006.064186951076, shape=(), dtype=float64)
nll_grad  cost time: 3.243434190750122
tf.Tensor(-11006.065030760506, shape=(), dtype=float64)
nll_grad  cost time: 3.2531323432922363
tf.Tensor(-11006.066103409077, shape=(), dtype=float64)
nll_grad  cost time: 3.2951440811157227
tf.Tensor(-11006.06778649407, shape=(), dtype=float64)
nll_grad  cost time: 3.3144402503967285
tf.Tensor(-11006.07040855112, shape=(), dtype=float64)
nll_grad  cost time: 3.6427359580993652
tf.Tensor(-11006.074226753739, shape=(), dtype=float64)
nll_grad  cost time: 3.2032108306884766
tf.Tensor(-11006.078350542077, shape=(), dtype=float64)
nll_grad  cost time: 3.2573938369750977
tf.Tensor(-11006.08297930368, shape=(), dtype=float64)
nll_grad  cost time: 3.2732796669006348
tf.Tensor(-11006.087386333009, shape=(), dtype=float64)
nll_grad  cost time: 3.300100564956665
tf.Tensor(-11006.091407575463, shape=(), dtype=float64)
nll_grad  cost time: 3.438817262649536
tf.Tensor(-11006.09459814765, shape=(), dtype=float64)
nll_grad  cost time: 3.235611915588379
tf.Tensor(-11006.09715539333, shape=(), dtype=float64)
nll_grad  cost time: 3.465503692626953
tf.Tensor(-11006.098912771839, shape=(), dtype=float64)
nll_grad  cost time: 3.248805522918701
tf.Tensor(-11006.099999331607, shape=(), dtype=float64)
nll_grad  cost time: 3.316399097442627
tf.Tensor(-11006.100579599628, shape=(), dtype=float64)
nll_grad  cost time: 3.4164814949035645
tf.Tensor(-11006.10099482047, shape=(), dtype=float64)
nll_grad  cost time: 3.439000129699707
tf.Tensor(-11006.101466967237, shape=(), dtype=float64)
nll_grad  cost time: 3.4263763427734375
tf.Tensor(-11006.101927276115, shape=(), dtype=float64)
nll_grad  cost time: 3.54105544090271
tf.Tensor(-11006.102689236268, shape=(), dtype=float64)
nll_grad  cost time: 3.4067611694335938
tf.Tensor(-11006.103903271807, shape=(), dtype=float64)
nll_grad  cost time: 3.228907346725464
tf.Tensor(-11006.105664596464, shape=(), dtype=float64)
nll_grad  cost time: 3.334702253341675
tf.Tensor(-11006.107611281113, shape=(), dtype=float64)
nll_grad  cost time: 3.353018283843994
tf.Tensor(-11006.109737380848, shape=(), dtype=float64)
nll_grad  cost time: 3.457374334335327
tf.Tensor(-11006.11139435841, shape=(), dtype=float64)
nll_grad  cost time: 3.3012712001800537
tf.Tensor(-11006.11225622892, shape=(), dtype=float64)
nll_grad  cost time: 3.360905170440674
tf.Tensor(-11006.112852887487, shape=(), dtype=float64)
nll_grad  cost time: 3.2683944702148438
tf.Tensor(-11006.11372304248, shape=(), dtype=float64)
nll_grad  cost time: 3.435089588165283
tf.Tensor(-11006.114883228958, shape=(), dtype=float64)
nll_grad  cost time: 3.3729047775268555
tf.Tensor(-11006.116529402643, shape=(), dtype=float64)
nll_grad  cost time: 3.4810383319854736
tf.Tensor(-11006.118642587404, shape=(), dtype=float64)
nll_grad  cost time: 3.328749656677246
tf.Tensor(-11006.120891489369, shape=(), dtype=float64)
nll_grad  cost time: 3.2804181575775146
tf.Tensor(-11006.12251912474, shape=(), dtype=float64)
nll_grad  cost time: 3.519512176513672
tf.Tensor(-11006.123396868537, shape=(), dtype=float64)
nll_grad  cost time: 3.498002290725708
tf.Tensor(-11006.123760951283, shape=(), dtype=float64)
nll_grad  cost time: 3.4427247047424316
tf.Tensor(-11006.123931852653, shape=(), dtype=float64)
nll_grad  cost time: 3.5579118728637695
tf.Tensor(-11006.124125671471, shape=(), dtype=float64)
nll_grad  cost time: 3.5315325260162354
tf.Tensor(-11006.124446841375, shape=(), dtype=float64)
nll_grad  cost time: 3.136690139770508
tf.Tensor(-11006.124981800825, shape=(), dtype=float64)
nll_grad  cost time: 3.329782247543335
tf.Tensor(-11006.12585614753, shape=(), dtype=float64)
nll_grad  cost time: 3.478787660598755
tf.Tensor(-11006.12722843156, shape=(), dtype=float64)
nll_grad  cost time: 3.4318714141845703
tf.Tensor(-11006.129301619585, shape=(), dtype=float64)
nll_grad  cost time: 3.559009075164795
tf.Tensor(-11006.132311019566, shape=(), dtype=float64)
nll_grad  cost time: 3.4075798988342285
tf.Tensor(-11006.136671830398, shape=(), dtype=float64)
nll_grad  cost time: 3.5112481117248535
tf.Tensor(-11006.142002846016, shape=(), dtype=float64)
nll_grad  cost time: 3.436314582824707
tf.Tensor(-11006.143446462618, shape=(), dtype=float64)
nll_grad  cost time: 3.4130516052246094
tf.Tensor(-11006.145543561244, shape=(), dtype=float64)
nll_grad  cost time: 3.366612672805786
tf.Tensor(-11006.14714357203, shape=(), dtype=float64)
nll_grad  cost time: 3.2559452056884766
tf.Tensor(-11006.147542127506, shape=(), dtype=float64)
nll_grad  cost time: 3.5176095962524414
tf.Tensor(-11006.14810017408, shape=(), dtype=float64)
nll_grad  cost time: 3.5312981605529785
tf.Tensor(-11006.148567766406, shape=(), dtype=float64)
nll_grad  cost time: 3.348027229309082
tf.Tensor(-11006.148793538254, shape=(), dtype=float64)
nll_grad  cost time: 3.2169387340545654
tf.Tensor(-11006.149003688057, shape=(), dtype=float64)
nll_grad  cost time: 3.3860483169555664
tf.Tensor(-11006.149107623773, shape=(), dtype=float64)
nll_grad  cost time: 3.5323827266693115
tf.Tensor(-11006.149212485227, shape=(), dtype=float64)
nll_grad  cost time: 3.4190561771392822
tf.Tensor(-11006.149276592736, shape=(), dtype=float64)
nll_grad  cost time: 3.496694803237915
tf.Tensor(-11006.149318660064, shape=(), dtype=float64)
nll_grad  cost time: 3.296297311782837
tf.Tensor(-11006.149337823612, shape=(), dtype=float64)
nll_grad  cost time: 3.466376304626465
tf.Tensor(-11006.14934457159, shape=(), dtype=float64)
nll_grad  cost time: 3.285977602005005
tf.Tensor(-11006.14934786566, shape=(), dtype=float64)
nll_grad  cost time: 3.4256768226623535
tf.Tensor(-11006.149349519499, shape=(), dtype=float64)
nll_grad  cost time: 3.326608419418335
tf.Tensor(-11006.149351457989, shape=(), dtype=float64)
nll_grad  cost time: 3.364086389541626
tf.Tensor(-11006.149353433586, shape=(), dtype=float64)
nll_grad  cost time: 3.438504219055176
tf.Tensor(-11006.149356733302, shape=(), dtype=float64)
nll_grad  cost time: 3.3236894607543945
tf.Tensor(-11006.149362079173, shape=(), dtype=float64)
nll_grad  cost time: 3.470763683319092
tf.Tensor(-11006.149369869243, shape=(), dtype=float64)
nll_grad  cost time: 3.4254322052001953
tf.Tensor(-11006.149376941856, shape=(), dtype=float64)
nll_grad  cost time: 3.3909835815429688
tf.Tensor(-11006.149384128996, shape=(), dtype=float64)
nll_grad  cost time: 3.3794538974761963
tf.Tensor(-11006.149389970065, shape=(), dtype=float64)
nll_grad  cost time: 3.270909547805786
tf.Tensor(-11006.149395549724, shape=(), dtype=float64)
nll_grad  cost time: 3.427189350128174
tf.Tensor(-11006.149403308835, shape=(), dtype=float64)
nll_grad  cost time: 3.3783154487609863
tf.Tensor(-11006.149415392618, shape=(), dtype=float64)
nll_grad  cost time: 3.5003862380981445
tf.Tensor(-11006.149432659258, shape=(), dtype=float64)
nll_grad  cost time: 3.321984052658081
tf.Tensor(-11006.149446173073, shape=(), dtype=float64)
nll_grad  cost time: 3.494318723678589
tf.Tensor(-11006.149452160844, shape=(), dtype=float64)
nll_grad  cost time: 3.4107024669647217
tf.Tensor(-11006.149453282891, shape=(), dtype=float64)
nll_grad  cost time: 3.4306278228759766
tf.Tensor(-11006.149453415343, shape=(), dtype=float64)
nll_grad  cost time: 3.4277303218841553
tf.Tensor(-11006.149453435512, shape=(), dtype=float64)
Optimization terminated successfully.
         Current function value: -11006.149453
         Iterations: 735
         Function evaluations: 752
         Gradient evaluations: 752
  message: Optimization terminated successfully.
  success: True
   status: 0
      fun: -11006.149453435512
        x: [ 2.529e-01  1.411e-01 ... -7.287e-01 -2.021e+00]
      nit: 735
      jac: [ 0.000e+00  0.000e+00 ...  4.229e-04 -1.431e-04]
 hess_inv: [[ 1.000e+00  0.000e+00 ...  0.000e+00  0.000e+00]
            [ 0.000e+00  1.000e+00 ...  0.000e+00  0.000e+00]
            ...
            [ 0.000e+00  0.000e+00 ...  1.213e-01 -1.057e-02]
            [ 0.000e+00  0.000e+00 ... -1.057e-02  1.593e-01]]
     nfev: 752
     njev: 752
fit  cost time: 2539.264308452606

========== Fit loop 3/5 ==========
using RANDOM parameters

########### initial parameters
{
  "rho(1450)p_mass": 1.51,
  "rho(1450)p_width": 0.44,
  "rho(1570)p_mass": 1.57,
  "rho(1570)p_width": 0.14,
  "rho(1690)p_mass": 1.681,
  "rho(1690)p_width": 0.19,
  "rho(1450)m_mass": 1.51,
  "rho(1450)m_width": 0.44,
  "rho(1570)m_mass": 1.57,
  "rho(1570)m_width": 0.14,
  "rho(1690)m_mass": 1.681,
  "rho(1690)m_width": 0.19,
  "f0(500)_E791_mass": 0.478,
  "f2(1270)_flatte_mass": 1.2754,
  "f2(1270)_flatte_g_0": 3.6886544058296833,
  "f2(1270)_flatte_g_1": 0.19381819213949722,
  "f0(1370)_mass": 1.37,
  "f0(1370)_width": 0.35,
  "f2(1430)_mass": 1.43,
  "f2(1430)_width": 0.046,
  "Jpsi->rho(1450)p.pimrho(1450)p->phi.pip_total_0r": 1.0,
  "Jpsi->rho(1450)p.pimrho(1450)p->phi.pip_total_0i": 0.0,
  "Jpsi->rho(1450)p.pim_g_ls_0r": 1.0,
  "Jpsi->rho(1450)p.pim_g_ls_0i": 0.0,
  "rho(1450)p->phi.pip_g_ls_0r": 1.0,
  "rho(1450)p->phi.pip_g_ls_0i": 0.0,
  "Jpsi->rho(1570)p.pimrho(1570)p->phi.pip_total_0r": 0.34868435000406883,
  "Jpsi->rho(1570)p.pimrho(1570)p->phi.pip_total_0i": 3.063167767943283,
  "Jpsi->rho(1570)p.pim_g_ls_0r": 1.0,
  "Jpsi->rho(1570)p.pim_g_ls_0i": 0.0,
  "rho(1570)p->phi.pip_g_ls_0r": 1.0,
  "rho(1570)p->phi.pip_g_ls_0i": 0.0,
  "Jpsi->rho(1690)p.pimrho(1690)p->phi.pip_total_0r": 0.43926601096064877,
  "Jpsi->rho(1690)p.pimrho(1690)p->phi.pip_total_0i": -2.125720424967832,
  "Jpsi->rho(1690)p.pim_g_ls_0r": 1.0,
  "Jpsi->rho(1690)p.pim_g_ls_0i": 0.0,
  "rho(1690)p->phi.pip_g_ls_0r": 1.0,
  "rho(1690)p->phi.pip_g_ls_0i": 0.0,
  "Jpsi->rho(1450)m.piprho(1450)m->phi.pim_total_0r": 1.0,
  "Jpsi->rho(1450)m.piprho(1450)m->phi.pim_total_0i": 0.0,
  "Jpsi->rho(1450)m.pip_g_ls_0r": 1.0,
  "Jpsi->rho(1450)m.pip_g_ls_0i": 0.0,
  "rho(1450)m->phi.pim_g_ls_0r": 1.0,
  "rho(1450)m->phi.pim_g_ls_0i": 0.0,
  "Jpsi->rho(1570)m.piprho(1570)m->phi.pim_total_0r": 0.34868435000406883,
  "Jpsi->rho(1570)m.piprho(1570)m->phi.pim_total_0i": 3.063167767943283,
  "Jpsi->rho(1570)m.pip_g_ls_0r": 1.0,
  "Jpsi->rho(1570)m.pip_g_ls_0i": 0.0,
  "rho(1570)m->phi.pim_g_ls_0r": 1.0,
  "rho(1570)m->phi.pim_g_ls_0i": 0.0,
  "Jpsi->rho(1690)m.piprho(1690)m->phi.pim_total_0r": 0.43926601096064877,
  "Jpsi->rho(1690)m.piprho(1690)m->phi.pim_total_0i": -2.125720424967832,
  "Jpsi->rho(1690)m.pip_g_ls_0r": 1.0,
  "Jpsi->rho(1690)m.pip_g_ls_0i": 0.0,
  "rho(1690)m->phi.pim_g_ls_0r": 1.0,
  "rho(1690)m->phi.pim_g_ls_0i": 0.0,
  "Jpsi->phi.f0(500)_E791f0(500)_E791->pip.pim_total_0r": 0.8953032824052745,
  "Jpsi->phi.f0(500)_E791f0(500)_E791->pip.pim_total_0i": 3.0551514974508773,
  "Jpsi->phi.f0(500)_E791_g_ls_0r": 1.0,
  "Jpsi->phi.f0(500)_E791_g_ls_0i": 0.0,
  "Jpsi->phi.f0(500)_E791_g_ls_1r": 0.5818346310398788,
  "Jpsi->phi.f0(500)_E791_g_ls_1i": 1.0756177517237235,
  "f0(500)_E791->pip.pim_g_ls_0r": 1.0,
  "f0(500)_E791->pip.pim_g_ls_0i": 0.0,
  "Jpsi->phi.f0(980)_flattef0(980)_flatte->pip.pim_total_0r": 0.5735320498899132,
  "Jpsi->phi.f0(980)_flattef0(980)_flatte->pip.pim_total_0i": -1.0663609885815113,
  "f0(980)_flatte->pip.pim_g_ls_0r": 1.0,
  "f0(980)_flatte->pip.pim_g_ls_0i": 0.0,
  "Jpsi->phi.f2(1270)_flattef2(1270)_flatte->pip.pim_total_0r": 0.5371974983042564,
  "Jpsi->phi.f2(1270)_flattef2(1270)_flatte->pip.pim_total_0i": -0.6815687856223231,
  "Jpsi->phi.f2(1270)_flatte_g_ls_0r": 1.0,
  "Jpsi->phi.f2(1270)_flatte_g_ls_0i": 0.0,
  "Jpsi->phi.f2(1270)_flatte_g_ls_1r": 1.5379544588693208,
  "Jpsi->phi.f2(1270)_flatte_g_ls_1i": 2.31397326153838,
  "Jpsi->phi.f2(1270)_flatte_g_ls_2r": 1.1326628918124912,
  "Jpsi->phi.f2(1270)_flatte_g_ls_2i": 3.128168223579465,
  "Jpsi->phi.f2(1270)_flatte_g_ls_3r": 1.7542917336316348,
  "Jpsi->phi.f2(1270)_flatte_g_ls_3i": -2.506279305636034,
  "Jpsi->phi.f2(1270)_flatte_g_ls_4r": 1.6698882484651194,
  "Jpsi->phi.f2(1270)_flatte_g_ls_4i": 2.615007554856126,
  "f2(1270)_flatte->pip.pim_g_ls_0r": 1.0,
  "f2(1270)_flatte->pip.pim_g_ls_0i": 0.0,
  "Jpsi->phi.f0(1370)f0(1370)->pip.pim_total_0r": 0.523750961904228,
  "Jpsi->phi.f0(1370)f0(1370)->pip.pim_total_0i": 0.6266835495887557,
  "Jpsi->phi.f0(1370)_g_ls_0r": 1.0,
  "Jpsi->phi.f0(1370)_g_ls_0i": 0.0,
  "Jpsi->phi.f0(1370)_g_ls_1r": 1.5263100362220086,
  "Jpsi->phi.f0(1370)_g_ls_1i": -2.894433982076571,
  "f0(1370)->pip.pim_g_ls_0r": 1.0,
  "f0(1370)->pip.pim_g_ls_0i": 0.0,
  "Jpsi->phi.f0(1710)f0(1710)->pip.pim_total_0r": 0.41244867013699205,
  "Jpsi->phi.f0(1710)f0(1710)->pip.pim_total_0i": -0.9699205783984897,
  "f0(1710)->pip.pim_g_ls_0r": 1.0,
  "f0(1710)->pip.pim_g_ls_0i": 0.0,
  "Jpsi->phi.f2(1430)f2(1430)->pip.pim_total_0r": 0.7567332574892385,
  "Jpsi->phi.f2(1430)f2(1430)->pip.pim_total_0i": 2.397270313728728,
  "Jpsi->phi.f2(1430)_g_ls_0r": 1.0,
  "Jpsi->phi.f2(1430)_g_ls_0i": 0.0,
  "Jpsi->phi.f2(1430)_g_ls_1r": 0.40668775123962675,
  "Jpsi->phi.f2(1430)_g_ls_1i": 1.517227162882902,
  "Jpsi->phi.f2(1430)_g_ls_2r": 1.4268483615084433,
  "Jpsi->phi.f2(1430)_g_ls_2i": -1.0491624000021758,
  "Jpsi->phi.f2(1430)_g_ls_3r": 0.9283371722831362,
  "Jpsi->phi.f2(1430)_g_ls_3i": -1.1706084067467308,
  "Jpsi->phi.f2(1430)_g_ls_4r": 0.8726717306725171,
  "Jpsi->phi.f2(1430)_g_ls_4i": -0.16071892540388522,
  "f2(1430)->pip.pim_g_ls_0r": 1.0,
  "f2(1430)->pip.pim_g_ls_0i": 0.0,
  "Jpsi->phi.f0(1500)f0(1500)->pip.pim_total_0r": 1.3384227594091804,
  "Jpsi->phi.f0(1500)f0(1500)->pip.pim_total_0i": 2.5407905931889045,
  "f0(1500)->pip.pim_g_ls_0r": 1.0,
  "f0(1500)->pip.pim_g_ls_0i": 0.0,
  "K1(1400)p_mass": 1.403,
  "K1(1400)p_width": 0.174,
  "K2(1820)p_mass": 1.819,
  "K2(1820)p_width": 0.264,
  "K2(1980)p_mass": 1.99,
  "K2(1980)p_width": 0.348,
  "K2(2250)p_mass": 2.247,
  "K2(2250)p_width": 0.18,
  "K3(2320)p_mass": 2.324,
  "K3(2320)p_width": 0.15,
  "K1(1400)m_mass": 1.403,
  "K1(1400)m_width": 0.174,
  "K2(1820)m_mass": 1.819,
  "K2(1820)m_width": 0.264,
  "K2(1980)m_mass": 1.99,
  "K2(1980)m_width": 0.348,
  "K3(2320)m_mass": 2.324,
  "K3(2320)m_width": 0.15,
  "f0(980)_flatte_mass": 0.965,
  "f0(980)_flatte_g_0": 0.4416050465179348,
  "f0(980)_flatte_g_1": 1.9581331276522829,
  "f2(1270)_mass": 1.2754,
  "f2(1270)_width": 0.1858,
  "f0(1500)_mass": 1.522,
  "f0(1500)_width": 0.108,
  "f2(1525)_mass": 1.5173,
  "f2(1525)_width": 0.072,
  "f2(1565)_mass": 1.571,
  "f2(1565)_width": 0.132,
  "f0(1710)_mass": 1.733,
  "f0(1710)_width": 0.15,
  "f2(1810)_mass": 1.815,
  "f2(1810)_width": 0.197,
  "Jpsi->K1(1400)p.kmK1(1400)p->phi.kp_total_0r": 1.0,
  "Jpsi->K1(1400)p.kmK1(1400)p->phi.kp_total_0i": 0.0,
  "Jpsi->K1(1400)p.km_g_ls_0r": 1.0,
  "Jpsi->K1(1400)p.km_g_ls_0i": 0.0,
  "Jpsi->K1(1400)p.km_g_ls_1r": 0.8258533327523767,
  "Jpsi->K1(1400)p.km_g_ls_1i": -2.536435685474159,
  "K1(1400)p->phi.kp_g_ls_0r": 1.0,
  "K1(1400)p->phi.kp_g_ls_0i": 0.0,
  "K1(1400)p->phi.kp_g_ls_1r": 0.7975217224696904,
  "K1(1400)p->phi.kp_g_ls_1i": -1.2160931189742714,
  "Jpsi->K2(1820)p.kmK2(1820)p->phi.kp_total_0r": 0.32790471917568587,
  "Jpsi->K2(1820)p.kmK2(1820)p->phi.kp_total_0i": -2.228915981828877,
  "Jpsi->K2(1820)p.km_g_ls_0r": 1.0,
  "Jpsi->K2(1820)p.km_g_ls_0i": 0.0,
  "Jpsi->K2(1820)p.km_g_ls_1r": 1.0956471380629358,
  "Jpsi->K2(1820)p.km_g_ls_1i": 1.5987011290787798,
  "K2(1820)p->phi.kp_g_ls_0r": 1.0,
  "K2(1820)p->phi.kp_g_ls_0i": 0.0,
  "K2(1820)p->phi.kp_g_ls_1r": 1.3415161031821112,
  "K2(1820)p->phi.kp_g_ls_1i": -2.6549405487542965,
  "Jpsi->K2(1980)p.kmK2(1980)p->phi.kp_total_0r": 0.7000262087521318,
  "Jpsi->K2(1980)p.kmK2(1980)p->phi.kp_total_0i": -1.0373103763826532,
  "Jpsi->K2(1980)p.km_g_ls_0r": 1.0,
  "Jpsi->K2(1980)p.km_g_ls_0i": 0.0,
  "K2(1980)p->phi.kp_g_ls_0r": 1.0,
  "K2(1980)p->phi.kp_g_ls_0i": 0.0,
  "Jpsi->K2(2250)p.kmK2(2250)p->phi.kp_total_0r": 0.6557432341685159,
  "Jpsi->K2(2250)p.kmK2(2250)p->phi.kp_total_0i": -0.9376638032388138,
  "Jpsi->K2(2250)p.km_g_ls_0r": 1.0,
  "Jpsi->K2(2250)p.km_g_ls_0i": 0.0,
  "Jpsi->K2(2250)p.km_g_ls_1r": 1.1842181897238708,
  "Jpsi->K2(2250)p.km_g_ls_1i": -2.8023641553182275,
  "K2(2250)p->phi.kp_g_ls_0r": 1.0,
  "K2(2250)p->phi.kp_g_ls_0i": 0.0,
  "K2(2250)p->phi.kp_g_ls_1r": 0.6136050612241855,
  "K2(2250)p->phi.kp_g_ls_1i": -1.5589738184390176,
  "Jpsi->K3(2320)p.kmK3(2320)p->phi.kp_total_0r": 1.6937073083604717,
  "Jpsi->K3(2320)p.kmK3(2320)p->phi.kp_total_0i": 0.6371051135946599,
  "Jpsi->K3(2320)p.km_g_ls_0r": 1.0,
  "Jpsi->K3(2320)p.km_g_ls_0i": 0.0,
  "Jpsi->K3(2320)p.km_g_ls_1r": 1.9660051774464713,
  "Jpsi->K3(2320)p.km_g_ls_1i": 2.3830470998982527,
  "K3(2320)p->phi.kp_g_ls_0r": 1.0,
  "K3(2320)p->phi.kp_g_ls_0i": 0.0,
  "K3(2320)p->phi.kp_g_ls_1r": 0.7957595749618882,
  "K3(2320)p->phi.kp_g_ls_1i": 1.7946849550912418,
  "Jpsi->K1(1400)m.kpK1(1400)m->phi.km_total_0r": 1.0,
  "Jpsi->K1(1400)m.kpK1(1400)m->phi.km_total_0i": 0.0,
  "Jpsi->K1(1400)m.kp_g_ls_0r": 1.0,
  "Jpsi->K1(1400)m.kp_g_ls_0i": 0.0,
  "Jpsi->K1(1400)m.kp_g_ls_1r": 0.8258533327523767,
  "Jpsi->K1(1400)m.kp_g_ls_1i": -2.536435685474159,
  "K1(1400)m->phi.km_g_ls_0r": 1.0,
  "K1(1400)m->phi.km_g_ls_0i": 0.0,
  "K1(1400)m->phi.km_g_ls_1r": 0.7975217224696904,
  "K1(1400)m->phi.km_g_ls_1i": -1.2160931189742714,
  "Jpsi->K2(1820)m.kpK2(1820)m->phi.km_total_0r": 0.32790471917568587,
  "Jpsi->K2(1820)m.kpK2(1820)m->phi.km_total_0i": -2.228915981828877,
  "Jpsi->K2(1820)m.kp_g_ls_0r": 1.0,
  "Jpsi->K2(1820)m.kp_g_ls_0i": 0.0,
  "Jpsi->K2(1820)m.kp_g_ls_1r": 1.0956471380629358,
  "Jpsi->K2(1820)m.kp_g_ls_1i": 1.5987011290787798,
  "K2(1820)m->phi.km_g_ls_0r": 1.0,
  "K2(1820)m->phi.km_g_ls_0i": 0.0,
  "K2(1820)m->phi.km_g_ls_1r": 1.3415161031821112,
  "K2(1820)m->phi.km_g_ls_1i": -2.6549405487542965,
  "Jpsi->K2(1980)m.kpK2(1980)m->phi.km_total_0r": 0.7000262087521318,
  "Jpsi->K2(1980)m.kpK2(1980)m->phi.km_total_0i": -1.0373103763826532,
  "Jpsi->K2(1980)m.kp_g_ls_0r": 1.0,
  "Jpsi->K2(1980)m.kp_g_ls_0i": 0.0,
  "K2(1980)m->phi.km_g_ls_0r": 1.0,
  "K2(1980)m->phi.km_g_ls_0i": 0.0,
  "Jpsi->K2(2250)p.kpK2(2250)p->phi.km_total_0r": 0.39659691228086436,
  "Jpsi->K2(2250)p.kpK2(2250)p->phi.km_total_0i": 2.1826794916547154,
  "Jpsi->K2(2250)p.kp_g_ls_0r": 1.0,
  "Jpsi->K2(2250)p.kp_g_ls_0i": 0.0,
  "Jpsi->K2(2250)p.kp_g_ls_1r": 0.9830085024393624,
  "Jpsi->K2(2250)p.kp_g_ls_1i": 2.0062339431706633,
  "K2(2250)p->phi.km_g_ls_0r": 1.0,
  "K2(2250)p->phi.km_g_ls_0i": 0.0,
  "K2(2250)p->phi.km_g_ls_1r": 0.8791448034856666,
  "K2(2250)p->phi.km_g_ls_1i": -1.1679461296759701,
  "Jpsi->K3(2320)m.kpK3(2320)m->phi.km_total_0r": 1.6937073083604717,
  "Jpsi->K3(2320)m.kpK3(2320)m->phi.km_total_0i": 0.6371051135946599,
  "Jpsi->K3(2320)m.kp_g_ls_0r": 1.0,
  "Jpsi->K3(2320)m.kp_g_ls_0i": 0.0,
  "Jpsi->K3(2320)m.kp_g_ls_1r": 1.9660051774464713,
  "Jpsi->K3(2320)m.kp_g_ls_1i": 2.3830470998982527,
  "K3(2320)m->phi.km_g_ls_0r": 1.0,
  "K3(2320)m->phi.km_g_ls_0i": 0.0,
  "K3(2320)m->phi.km_g_ls_1r": 0.7957595749618882,
  "K3(2320)m->phi.km_g_ls_1i": 1.7946849550912418,
  "Jpsi->phi.f0(980)_flattef0(980)_flatte->kp.km_total_0r": 0.4904928302927547,
  "Jpsi->phi.f0(980)_flattef0(980)_flatte->kp.km_total_0i": -1.4133901854544237,
  "Jpsi->phi.f0(980)_flatte_g_ls_0r": 1.0,
  "Jpsi->phi.f0(980)_flatte_g_ls_0i": 0.0,
  "Jpsi->phi.f0(980)_flatte_g_ls_1r": 0.3392070111803229,
  "Jpsi->phi.f0(980)_flatte_g_ls_1i": -0.9717611985952983,
  "f0(980)_flatte->kp.km_g_ls_0r": 1.0,
  "f0(980)_flatte->kp.km_g_ls_0i": 0.0,
  "Jpsi->phi.f2(1270)f2(1270)->kp.km_total_0r": 1.4009439577558154,
  "Jpsi->phi.f2(1270)f2(1270)->kp.km_total_0i": -1.613747571854489,
  "Jpsi->phi.f2(1270)_g_ls_0r": 1.0,
  "Jpsi->phi.f2(1270)_g_ls_0i": 0.0,
  "Jpsi->phi.f2(1270)_g_ls_1r": 0.7624698808411354,
  "Jpsi->phi.f2(1270)_g_ls_1i": 0.841703876495357,
  "Jpsi->phi.f2(1270)_g_ls_2r": 0.6230637621728317,
  "Jpsi->phi.f2(1270)_g_ls_2i": -2.1835542605566847,
  "Jpsi->phi.f2(1270)_g_ls_3r": 1.6533631767450516,
  "Jpsi->phi.f2(1270)_g_ls_3i": -2.013344076677086,
  "Jpsi->phi.f2(1270)_g_ls_4r": 0.8280011133610752,
  "Jpsi->phi.f2(1270)_g_ls_4i": 0.29381930302285664,
  "f2(1270)->kp.km_g_ls_0r": 1.0,
  "f2(1270)->kp.km_g_ls_0i": 0.0,
  "Jpsi->phi.f0(1500)f0(1500)->kp.km_total_0r": 1.1426884986512968,
  "Jpsi->phi.f0(1500)f0(1500)->kp.km_total_0i": -2.0438471065115857,
  "Jpsi->phi.f0(1500)_g_ls_0r": 1.0,
  "Jpsi->phi.f0(1500)_g_ls_0i": 0.0,
  "Jpsi->phi.f0(1500)_g_ls_1r": 0.7363153538104275,
  "Jpsi->phi.f0(1500)_g_ls_1i": 0.649050868978537,
  "f0(1500)->kp.km_g_ls_0r": 1.0,
  "f0(1500)->kp.km_g_ls_0i": 0.0,
  "Jpsi->phi.f2(1525)f2(1525)->kp.km_total_0r": 0.15159324826001797,
  "Jpsi->phi.f2(1525)f2(1525)->kp.km_total_0i": 0.4665927738894018,
  "Jpsi->phi.f2(1525)_g_ls_0r": 1.0,
  "Jpsi->phi.f2(1525)_g_ls_0i": 0.0,
  "Jpsi->phi.f2(1525)_g_ls_1r": 1.9710845534743782,
  "Jpsi->phi.f2(1525)_g_ls_1i": 2.563673116788352,
  "Jpsi->phi.f2(1525)_g_ls_2r": 1.2671477546734624,
  "Jpsi->phi.f2(1525)_g_ls_2i": 0.15563600947366574,
  "Jpsi->phi.f2(1525)_g_ls_3r": 0.33608782148267613,
  "Jpsi->phi.f2(1525)_g_ls_3i": -2.2708840919077953,
  "Jpsi->phi.f2(1525)_g_ls_4r": 1.8132223915058359,
  "Jpsi->phi.f2(1525)_g_ls_4i": 1.4377407590908948,
  "f2(1525)->kp.km_g_ls_0r": 1.0,
  "f2(1525)->kp.km_g_ls_0i": 0.0,
  "Jpsi->phi.f2(1565)f2(1565)->kp.km_total_0r": 1.5549291096998843,
  "Jpsi->phi.f2(1565)f2(1565)->kp.km_total_0i": -0.7821030900204597,
  "Jpsi->phi.f2(1565)_g_ls_0r": 1.0,
  "Jpsi->phi.f2(1565)_g_ls_0i": 0.0,
  "Jpsi->phi.f2(1565)_g_ls_1r": 0.3763288148567021,
  "Jpsi->phi.f2(1565)_g_ls_1i": 1.4707911529865898,
  "Jpsi->phi.f2(1565)_g_ls_2r": 0.15081702045689305,
  "Jpsi->phi.f2(1565)_g_ls_2i": -1.649488096843092,
  "Jpsi->phi.f2(1565)_g_ls_3r": 1.543271263251818,
  "Jpsi->phi.f2(1565)_g_ls_3i": 1.2858243333845065,
  "Jpsi->phi.f2(1565)_g_ls_4r": 1.057951264015807,
  "Jpsi->phi.f2(1565)_g_ls_4i": 0.7931103557765908,
  "f2(1565)->kp.km_g_ls_0r": 1.0,
  "f2(1565)->kp.km_g_ls_0i": 0.0,
  "Jpsi->phi.f0(1710)f0(1710)->kp.km_total_0r": 0.8546094623604126,
  "Jpsi->phi.f0(1710)f0(1710)->kp.km_total_0i": 2.1700365957962306,
  "Jpsi->phi.f0(1710)_g_ls_0r": 1.0,
  "Jpsi->phi.f0(1710)_g_ls_0i": 0.0,
  "Jpsi->phi.f0(1710)_g_ls_1r": 1.8782992942958705,
  "Jpsi->phi.f0(1710)_g_ls_1i": -0.23233497662235214,
  "f0(1710)->kp.km_g_ls_0r": 1.0,
  "f0(1710)->kp.km_g_ls_0i": 0.0,
  "Jpsi->phi.f2(1810)f2(1810)->kp.km_total_0r": 1.6621039052701256,
  "Jpsi->phi.f2(1810)f2(1810)->kp.km_total_0i": 2.657010744562224,
  "Jpsi->phi.f2(1810)_g_ls_0r": 1.0,
  "Jpsi->phi.f2(1810)_g_ls_0i": 0.0,
  "Jpsi->phi.f2(1810)_g_ls_1r": 1.1306046519789605,
  "Jpsi->phi.f2(1810)_g_ls_1i": -1.9783357163917974,
  "Jpsi->phi.f2(1810)_g_ls_2r": 0.41843224401883594,
  "Jpsi->phi.f2(1810)_g_ls_2i": -2.785027434072279,
  "Jpsi->phi.f2(1810)_g_ls_3r": 0.3510971281836057,
  "Jpsi->phi.f2(1810)_g_ls_3i": -0.9650723696678112,
  "Jpsi->phi.f2(1810)_g_ls_4r": 0.43212868195886234,
  "Jpsi->phi.f2(1810)_g_ls_4i": 1.334575350392762,
  "f2(1810)->kp.km_g_ls_0r": 1.0,
  "f2(1810)->kp.km_g_ls_0i": 0.0
}
nll_grad  cost time: 3.3443005084991455
nll_grad  cost time: 3.23677396774292
tf.Tensor(-3795.0377833515668, shape=(), dtype=float64)
nll_grad  cost time: 3.326413869857788
nll_grad  cost time: 3.447051525115967
tf.Tensor(-5393.0262914571285, shape=(), dtype=float64)
nll_grad  cost time: 3.1332297325134277
tf.Tensor(-6587.577798303282, shape=(), dtype=float64)
nll_grad  cost time: 3.489680051803589
nll_grad  cost time: 3.3787262439727783
tf.Tensor(-7294.657520280867, shape=(), dtype=float64)
nll_grad  cost time: 3.326874017715454
tf.Tensor(-7815.178133025249, shape=(), dtype=float64)
nll_grad  cost time: 3.3874430656433105
nll_grad  cost time: 3.2776379585266113
tf.Tensor(-8021.546909402947, shape=(), dtype=float64)
nll_grad  cost time: 3.392054319381714
tf.Tensor(-8343.301367631044, shape=(), dtype=float64)
nll_grad  cost time: 3.418830156326294
tf.Tensor(-8742.520860816963, shape=(), dtype=float64)
nll_grad  cost time: 3.920261859893799
nll_grad  cost time: 3.625230550765991
tf.Tensor(-8977.853762249812, shape=(), dtype=float64)
nll_grad  cost time: 3.465566396713257
tf.Tensor(-9147.34087734601, shape=(), dtype=float64)
nll_grad  cost time: 3.1734635829925537
tf.Tensor(-9312.718594275546, shape=(), dtype=float64)
nll_grad  cost time: 3.1797940731048584
nll_grad  cost time: 3.2520015239715576
tf.Tensor(-9382.981122445686, shape=(), dtype=float64)
nll_grad  cost time: 3.244525194168091
tf.Tensor(-9463.493696792255, shape=(), dtype=float64)
nll_grad  cost time: 3.396812677383423
tf.Tensor(-9524.336377787295, shape=(), dtype=float64)
nll_grad  cost time: 3.5174150466918945
tf.Tensor(-9579.182001029083, shape=(), dtype=float64)
nll_grad  cost time: 3.54990553855896
tf.Tensor(-9648.428399381708, shape=(), dtype=float64)
nll_grad  cost time: 3.264612913131714
tf.Tensor(-9712.970102636391, shape=(), dtype=float64)
nll_grad  cost time: 3.407400369644165
tf.Tensor(-9784.174724854543, shape=(), dtype=float64)
nll_grad  cost time: 3.321977376937866
tf.Tensor(-9838.526217934123, shape=(), dtype=float64)
nll_grad  cost time: 3.2911856174468994
tf.Tensor(-9863.236150046345, shape=(), dtype=float64)
nll_grad  cost time: 3.2694597244262695
tf.Tensor(-9893.229649757966, shape=(), dtype=float64)
nll_grad  cost time: 3.5472331047058105
tf.Tensor(-9926.30902395292, shape=(), dtype=float64)
nll_grad  cost time: 3.5565924644470215
tf.Tensor(-9959.593721510239, shape=(), dtype=float64)
nll_grad  cost time: 3.609137535095215
tf.Tensor(-10005.687842824307, shape=(), dtype=float64)
nll_grad  cost time: 3.5617434978485107
nll_grad  cost time: 3.263737201690674
tf.Tensor(-10032.525727098124, shape=(), dtype=float64)
nll_grad  cost time: 3.325688123703003
tf.Tensor(-10070.265693433088, shape=(), dtype=float64)
nll_grad  cost time: 3.3150596618652344
tf.Tensor(-10098.390592858079, shape=(), dtype=float64)
nll_grad  cost time: 3.199146270751953
tf.Tensor(-10106.832468848705, shape=(), dtype=float64)
nll_grad  cost time: 3.3149588108062744
tf.Tensor(-10118.116671794138, shape=(), dtype=float64)
nll_grad  cost time: 3.4734504222869873
tf.Tensor(-10133.862307001807, shape=(), dtype=float64)
nll_grad  cost time: 3.347810745239258
tf.Tensor(-10150.849844834505, shape=(), dtype=float64)
nll_grad  cost time: 3.4303951263427734
tf.Tensor(-10171.083320308942, shape=(), dtype=float64)
nll_grad  cost time: 3.3171274662017822
tf.Tensor(-10185.988930479652, shape=(), dtype=float64)
nll_grad  cost time: 3.1950533390045166
tf.Tensor(-10193.858798084577, shape=(), dtype=float64)
nll_grad  cost time: 3.3418684005737305
tf.Tensor(-10202.792209293126, shape=(), dtype=float64)
nll_grad  cost time: 3.404026508331299
tf.Tensor(-10210.177208411944, shape=(), dtype=float64)
nll_grad  cost time: 3.416989803314209
tf.Tensor(-10218.666869020264, shape=(), dtype=float64)
nll_grad  cost time: 3.2703607082366943
tf.Tensor(-10227.975950011809, shape=(), dtype=float64)
nll_grad  cost time: 3.262669563293457
tf.Tensor(-10239.749879098614, shape=(), dtype=float64)
nll_grad  cost time: 3.0799190998077393
tf.Tensor(-10256.136180054804, shape=(), dtype=float64)
nll_grad  cost time: 3.5460596084594727
tf.Tensor(-10271.94093685312, shape=(), dtype=float64)
nll_grad  cost time: 3.3494608402252197
tf.Tensor(-10288.215133694088, shape=(), dtype=float64)
nll_grad  cost time: 3.4822068214416504
tf.Tensor(-10306.96591186909, shape=(), dtype=float64)
nll_grad  cost time: 3.375284433364868
nll_grad  cost time: 3.3141562938690186
tf.Tensor(-10317.568450445571, shape=(), dtype=float64)
nll_grad  cost time: 3.3944263458251953
tf.Tensor(-10328.479936144024, shape=(), dtype=float64)
nll_grad  cost time: 3.310814380645752
tf.Tensor(-10342.24937725431, shape=(), dtype=float64)
nll_grad  cost time: 3.360711097717285
tf.Tensor(-10355.112644675639, shape=(), dtype=float64)
nll_grad  cost time: 3.4824111461639404
tf.Tensor(-10361.697414626193, shape=(), dtype=float64)
nll_grad  cost time: 3.3339250087738037
tf.Tensor(-10369.665970871982, shape=(), dtype=float64)
nll_grad  cost time: 3.441805839538574
tf.Tensor(-10372.379900206826, shape=(), dtype=float64)
nll_grad  cost time: 3.4046645164489746
tf.Tensor(-10376.760272767351, shape=(), dtype=float64)
nll_grad  cost time: 3.461559295654297
tf.Tensor(-10382.047204520713, shape=(), dtype=float64)
nll_grad  cost time: 3.405956983566284
tf.Tensor(-10389.737355903315, shape=(), dtype=float64)
nll_grad  cost time: 3.4194605350494385
tf.Tensor(-10399.757973511078, shape=(), dtype=float64)
nll_grad  cost time: 3.3355188369750977
tf.Tensor(-10407.094132360508, shape=(), dtype=float64)
nll_grad  cost time: 3.3742880821228027
tf.Tensor(-10411.641900840856, shape=(), dtype=float64)
nll_grad  cost time: 3.3857531547546387
tf.Tensor(-10416.75141943166, shape=(), dtype=float64)
nll_grad  cost time: 3.4858028888702393
tf.Tensor(-10421.475333649563, shape=(), dtype=float64)
nll_grad  cost time: 3.2872111797332764
tf.Tensor(-10427.541322242905, shape=(), dtype=float64)
nll_grad  cost time: 3.40470552444458
tf.Tensor(-10435.240469112192, shape=(), dtype=float64)
nll_grad  cost time: 3.3168246746063232
tf.Tensor(-10444.08230899283, shape=(), dtype=float64)
nll_grad  cost time: 3.3357009887695312
tf.Tensor(-10452.864527922786, shape=(), dtype=float64)
nll_grad  cost time: 3.4115283489227295
tf.Tensor(-10455.66092351987, shape=(), dtype=float64)
nll_grad  cost time: 3.2410995960235596
tf.Tensor(-10460.351382542649, shape=(), dtype=float64)
nll_grad  cost time: 3.59531307220459
tf.Tensor(-10465.587901049272, shape=(), dtype=float64)
nll_grad  cost time: 3.5151002407073975
tf.Tensor(-10471.691770420592, shape=(), dtype=float64)
nll_grad  cost time: 3.3839704990386963
tf.Tensor(-10480.245539011987, shape=(), dtype=float64)
nll_grad  cost time: 3.407954216003418
tf.Tensor(-10489.020867233477, shape=(), dtype=float64)
nll_grad  cost time: 3.3637983798980713
tf.Tensor(-10494.492722724834, shape=(), dtype=float64)
nll_grad  cost time: 3.522853136062622
tf.Tensor(-10499.53423376019, shape=(), dtype=float64)
nll_grad  cost time: 3.4061899185180664
tf.Tensor(-10501.418666133752, shape=(), dtype=float64)
nll_grad  cost time: 3.508892059326172
tf.Tensor(-10504.30012227832, shape=(), dtype=float64)
nll_grad  cost time: 3.3466837406158447
tf.Tensor(-10508.81794012837, shape=(), dtype=float64)
nll_grad  cost time: 3.3741607666015625
tf.Tensor(-10513.655713505534, shape=(), dtype=float64)
nll_grad  cost time: 3.5067615509033203
tf.Tensor(-10516.878683911062, shape=(), dtype=float64)
nll_grad  cost time: 3.273775815963745
tf.Tensor(-10520.37107824348, shape=(), dtype=float64)
nll_grad  cost time: 3.3004913330078125
tf.Tensor(-10523.047905309708, shape=(), dtype=float64)
nll_grad  cost time: 3.218080759048462
tf.Tensor(-10526.327660178264, shape=(), dtype=float64)
nll_grad  cost time: 3.47143816947937
tf.Tensor(-10529.422206228672, shape=(), dtype=float64)
nll_grad  cost time: 3.365260362625122
tf.Tensor(-10532.071700393855, shape=(), dtype=float64)
nll_grad  cost time: 3.398216724395752
tf.Tensor(-10536.115296975382, shape=(), dtype=float64)
nll_grad  cost time: 3.278991460800171
tf.Tensor(-10540.424932887188, shape=(), dtype=float64)
nll_grad  cost time: 3.2836153507232666
tf.Tensor(-10541.659029136179, shape=(), dtype=float64)
nll_grad  cost time: 3.0892152786254883
tf.Tensor(-10543.685763921021, shape=(), dtype=float64)
nll_grad  cost time: 3.168275833129883
tf.Tensor(-10546.334601842857, shape=(), dtype=float64)
nll_grad  cost time: 3.32773756980896
tf.Tensor(-10548.353767800421, shape=(), dtype=float64)
nll_grad  cost time: 3.277574062347412
tf.Tensor(-10551.607970661491, shape=(), dtype=float64)
nll_grad  cost time: 3.3727378845214844
tf.Tensor(-10555.445703889265, shape=(), dtype=float64)
nll_grad  cost time: 3.3809280395507812
tf.Tensor(-10559.56630704827, shape=(), dtype=float64)
nll_grad  cost time: 3.467881917953491
tf.Tensor(-10562.133979567821, shape=(), dtype=float64)
nll_grad  cost time: 3.3585686683654785
tf.Tensor(-10562.73025082241, shape=(), dtype=float64)
nll_grad  cost time: 3.7167651653289795
tf.Tensor(-10563.85911903085, shape=(), dtype=float64)
nll_grad  cost time: 3.605661153793335
tf.Tensor(-10565.810585680316, shape=(), dtype=float64)
nll_grad  cost time: 3.619746446609497
tf.Tensor(-10568.851529601467, shape=(), dtype=float64)
nll_grad  cost time: 3.2788684368133545
tf.Tensor(-10573.120842218152, shape=(), dtype=float64)
nll_grad  cost time: 3.1663131713867188
tf.Tensor(-10577.835959136006, shape=(), dtype=float64)
nll_grad  cost time: 3.3704493045806885
nll_grad  cost time: 3.354865550994873
tf.Tensor(-10580.428552534097, shape=(), dtype=float64)
nll_grad  cost time: 3.2937865257263184
tf.Tensor(-10582.941393143818, shape=(), dtype=float64)
nll_grad  cost time: 3.24114990234375
tf.Tensor(-10585.038827008815, shape=(), dtype=float64)
nll_grad  cost time: 3.3315446376800537
tf.Tensor(-10587.341017492901, shape=(), dtype=float64)
nll_grad  cost time: 3.356039524078369
tf.Tensor(-10589.767806908538, shape=(), dtype=float64)
nll_grad  cost time: 3.4353246688842773
tf.Tensor(-10591.512146970483, shape=(), dtype=float64)
nll_grad  cost time: 3.3982293605804443
tf.Tensor(-10594.118967499853, shape=(), dtype=float64)
nll_grad  cost time: 3.1210646629333496
tf.Tensor(-10596.129596509025, shape=(), dtype=float64)
nll_grad  cost time: 3.3146889209747314
tf.Tensor(-10598.9972651321, shape=(), dtype=float64)
nll_grad  cost time: 3.589278221130371
tf.Tensor(-10602.633738977936, shape=(), dtype=float64)
nll_grad  cost time: 3.4962031841278076
tf.Tensor(-10607.121084621467, shape=(), dtype=float64)
nll_grad  cost time: 3.633145809173584
tf.Tensor(-10608.969087744568, shape=(), dtype=float64)
nll_grad  cost time: 3.543313980102539
tf.Tensor(-10611.803492949868, shape=(), dtype=float64)
nll_grad  cost time: 3.5079030990600586
tf.Tensor(-10615.975407950216, shape=(), dtype=float64)
nll_grad  cost time: 3.3781142234802246
tf.Tensor(-10620.559136584212, shape=(), dtype=float64)
nll_grad  cost time: 3.143059015274048
tf.Tensor(-10626.659097999844, shape=(), dtype=float64)
nll_grad  cost time: 3.190156936645508
tf.Tensor(-10630.65785536071, shape=(), dtype=float64)
nll_grad  cost time: 3.2483716011047363
tf.Tensor(-10633.932655896788, shape=(), dtype=float64)
nll_grad  cost time: 3.4898674488067627
tf.Tensor(-10639.169081713175, shape=(), dtype=float64)
nll_grad  cost time: 3.252983331680298
tf.Tensor(-10647.086402549641, shape=(), dtype=float64)
nll_grad  cost time: 3.4796831607818604
tf.Tensor(-10653.0922716012, shape=(), dtype=float64)
nll_grad  cost time: 3.3786067962646484
tf.Tensor(-10655.119176953565, shape=(), dtype=float64)
nll_grad  cost time: 3.376903772354126
tf.Tensor(-10656.648834038802, shape=(), dtype=float64)
nll_grad  cost time: 3.222564935684204
tf.Tensor(-10659.100663005847, shape=(), dtype=float64)
nll_grad  cost time: 3.365788221359253
tf.Tensor(-10663.175856815571, shape=(), dtype=float64)
nll_grad  cost time: 3.404494047164917
tf.Tensor(-10668.317534112139, shape=(), dtype=float64)
nll_grad  cost time: 3.3323256969451904
tf.Tensor(-10671.072907653826, shape=(), dtype=float64)
nll_grad  cost time: 3.4685518741607666
tf.Tensor(-10675.137714347278, shape=(), dtype=float64)
nll_grad  cost time: 3.318835735321045
tf.Tensor(-10679.912450064134, shape=(), dtype=float64)
nll_grad  cost time: 3.363694906234741
tf.Tensor(-10682.06948546711, shape=(), dtype=float64)
nll_grad  cost time: 3.2780964374542236
tf.Tensor(-10685.08267285215, shape=(), dtype=float64)
nll_grad  cost time: 3.372985363006592
tf.Tensor(-10690.15300803489, shape=(), dtype=float64)
nll_grad  cost time: 3.1576449871063232
tf.Tensor(-10694.956321051359, shape=(), dtype=float64)
nll_grad  cost time: 3.3980541229248047
tf.Tensor(-10700.612450553002, shape=(), dtype=float64)
nll_grad  cost time: 3.150916337966919
nll_grad  cost time: 3.1852407455444336
tf.Tensor(-10704.344693736763, shape=(), dtype=float64)
nll_grad  cost time: 3.3096439838409424
tf.Tensor(-10707.80139427082, shape=(), dtype=float64)
nll_grad  cost time: 3.3820457458496094
tf.Tensor(-10712.771342476139, shape=(), dtype=float64)
nll_grad  cost time: 3.3711063861846924
tf.Tensor(-10716.487646417387, shape=(), dtype=float64)
nll_grad  cost time: 3.2527201175689697
tf.Tensor(-10721.149169662269, shape=(), dtype=float64)
nll_grad  cost time: 3.1387574672698975
nll_grad  cost time: 3.2043023109436035
tf.Tensor(-10723.646446628496, shape=(), dtype=float64)
nll_grad  cost time: 3.3382179737091064
tf.Tensor(-10725.656244828162, shape=(), dtype=float64)
nll_grad  cost time: 3.3702330589294434
tf.Tensor(-10727.885257048787, shape=(), dtype=float64)
nll_grad  cost time: 3.438030958175659
tf.Tensor(-10729.284334837845, shape=(), dtype=float64)
nll_grad  cost time: 3.3479197025299072
tf.Tensor(-10731.149656049674, shape=(), dtype=float64)
nll_grad  cost time: 3.3984203338623047
tf.Tensor(-10732.987993086383, shape=(), dtype=float64)
nll_grad  cost time: 3.3692736625671387
tf.Tensor(-10735.50431804594, shape=(), dtype=float64)
nll_grad  cost time: 3.3500308990478516
tf.Tensor(-10738.48864229225, shape=(), dtype=float64)
nll_grad  cost time: 3.6969616413116455
tf.Tensor(-10740.991729424997, shape=(), dtype=float64)
nll_grad  cost time: 3.1267149448394775
tf.Tensor(-10744.231405006103, shape=(), dtype=float64)
nll_grad  cost time: 3.372460126876831
tf.Tensor(-10746.754744775346, shape=(), dtype=float64)
nll_grad  cost time: 3.257265090942383
tf.Tensor(-10749.923702288783, shape=(), dtype=float64)
nll_grad  cost time: 3.3449337482452393
tf.Tensor(-10753.449295052764, shape=(), dtype=float64)
nll_grad  cost time: 3.317531108856201
tf.Tensor(-10757.234974485757, shape=(), dtype=float64)
nll_grad  cost time: 3.272111177444458
tf.Tensor(-10761.759040011762, shape=(), dtype=float64)
nll_grad  cost time: 3.3193230628967285
tf.Tensor(-10766.884206952884, shape=(), dtype=float64)
nll_grad  cost time: 3.468031406402588
nll_grad  cost time: 3.315924882888794
tf.Tensor(-10769.663740569915, shape=(), dtype=float64)
nll_grad  cost time: 3.3759944438934326
tf.Tensor(-10772.772931222651, shape=(), dtype=float64)
nll_grad  cost time: 3.320868730545044
tf.Tensor(-10774.160934462314, shape=(), dtype=float64)
nll_grad  cost time: 3.3327159881591797
tf.Tensor(-10776.438263474869, shape=(), dtype=float64)
nll_grad  cost time: 3.4632887840270996
tf.Tensor(-10779.518143550835, shape=(), dtype=float64)
nll_grad  cost time: 3.529020071029663
tf.Tensor(-10781.624119912587, shape=(), dtype=float64)
nll_grad  cost time: 3.4778409004211426
tf.Tensor(-10783.555089149704, shape=(), dtype=float64)
nll_grad  cost time: 3.456270933151245
tf.Tensor(-10785.918595662311, shape=(), dtype=float64)
nll_grad  cost time: 3.470463752746582
tf.Tensor(-10788.065531304135, shape=(), dtype=float64)
nll_grad  cost time: 3.4582767486572266
tf.Tensor(-10790.064627485619, shape=(), dtype=float64)
nll_grad  cost time: 3.453489303588867
tf.Tensor(-10791.710622244587, shape=(), dtype=float64)
nll_grad  cost time: 3.096325635910034
tf.Tensor(-10793.556055732304, shape=(), dtype=float64)
nll_grad  cost time: 3.337445020675659
tf.Tensor(-10794.688698907936, shape=(), dtype=float64)
nll_grad  cost time: 3.220773220062256
tf.Tensor(-10796.077652183158, shape=(), dtype=float64)
nll_grad  cost time: 3.4199111461639404
tf.Tensor(-10797.73823173761, shape=(), dtype=float64)
nll_grad  cost time: 3.344458818435669
tf.Tensor(-10799.771805938784, shape=(), dtype=float64)
nll_grad  cost time: 3.4247400760650635
tf.Tensor(-10801.941145478217, shape=(), dtype=float64)
nll_grad  cost time: 3.4288601875305176
tf.Tensor(-10804.074950949675, shape=(), dtype=float64)
nll_grad  cost time: 3.3139450550079346
tf.Tensor(-10806.3231662564, shape=(), dtype=float64)
nll_grad  cost time: 3.385286331176758
tf.Tensor(-10807.90498382249, shape=(), dtype=float64)
nll_grad  cost time: 3.390418291091919
tf.Tensor(-10809.609320387513, shape=(), dtype=float64)
nll_grad  cost time: 3.407073736190796
tf.Tensor(-10810.161639948303, shape=(), dtype=float64)
nll_grad  cost time: 3.4590301513671875
tf.Tensor(-10811.01388028729, shape=(), dtype=float64)
nll_grad  cost time: 3.2932980060577393
tf.Tensor(-10812.210923912186, shape=(), dtype=float64)
nll_grad  cost time: 3.409956932067871
tf.Tensor(-10813.641450642179, shape=(), dtype=float64)
nll_grad  cost time: 3.416341781616211
tf.Tensor(-10814.405266145812, shape=(), dtype=float64)
nll_grad  cost time: 3.5468950271606445
tf.Tensor(-10815.52642475198, shape=(), dtype=float64)
nll_grad  cost time: 3.3614745140075684
tf.Tensor(-10817.110028961608, shape=(), dtype=float64)
nll_grad  cost time: 3.163686990737915
tf.Tensor(-10818.735043792061, shape=(), dtype=float64)
nll_grad  cost time: 3.424328088760376
nll_grad  cost time: 3.3191442489624023
tf.Tensor(-10819.55962366431, shape=(), dtype=float64)
nll_grad  cost time: 3.234362840652466
tf.Tensor(-10820.534966482832, shape=(), dtype=float64)
nll_grad  cost time: 3.2215733528137207
tf.Tensor(-10821.748826526498, shape=(), dtype=float64)
nll_grad  cost time: 3.4427993297576904
tf.Tensor(-10822.625682328195, shape=(), dtype=float64)
nll_grad  cost time: 3.3104801177978516
tf.Tensor(-10823.207708412054, shape=(), dtype=float64)
nll_grad  cost time: 3.448277473449707
tf.Tensor(-10823.891366367185, shape=(), dtype=float64)
nll_grad  cost time: 3.249887228012085
tf.Tensor(-10824.437555539436, shape=(), dtype=float64)
nll_grad  cost time: 3.4007585048675537
tf.Tensor(-10825.043519235558, shape=(), dtype=float64)
nll_grad  cost time: 3.3568506240844727
tf.Tensor(-10825.864772944748, shape=(), dtype=float64)
nll_grad  cost time: 3.3651015758514404
tf.Tensor(-10826.560339261421, shape=(), dtype=float64)
nll_grad  cost time: 3.3104074001312256
tf.Tensor(-10827.143578478011, shape=(), dtype=float64)
nll_grad  cost time: 3.2136666774749756
tf.Tensor(-10827.90508969871, shape=(), dtype=float64)
nll_grad  cost time: 3.3339853286743164
tf.Tensor(-10828.755329825406, shape=(), dtype=float64)
nll_grad  cost time: 3.3984005451202393
tf.Tensor(-10829.656199797573, shape=(), dtype=float64)
nll_grad  cost time: 3.4946718215942383
tf.Tensor(-10830.54884471764, shape=(), dtype=float64)
nll_grad  cost time: 3.2957866191864014
tf.Tensor(-10831.209672782155, shape=(), dtype=float64)
nll_grad  cost time: 3.166280746459961
tf.Tensor(-10831.958495195264, shape=(), dtype=float64)
nll_grad  cost time: 3.365194797515869
tf.Tensor(-10832.801493533, shape=(), dtype=float64)
nll_grad  cost time: 3.3928494453430176
tf.Tensor(-10833.373335583608, shape=(), dtype=float64)
nll_grad  cost time: 3.351086139678955
tf.Tensor(-10833.977588345122, shape=(), dtype=float64)
nll_grad  cost time: 3.295267105102539
tf.Tensor(-10834.352054320087, shape=(), dtype=float64)
nll_grad  cost time: 3.354001760482788
tf.Tensor(-10834.874400376604, shape=(), dtype=float64)
nll_grad  cost time: 3.332108736038208
tf.Tensor(-10835.52334549326, shape=(), dtype=float64)
nll_grad  cost time: 3.303962230682373
tf.Tensor(-10836.052951296311, shape=(), dtype=float64)
nll_grad  cost time: 3.190202236175537
tf.Tensor(-10836.656407803057, shape=(), dtype=float64)
nll_grad  cost time: 3.2856686115264893
tf.Tensor(-10837.290158452619, shape=(), dtype=float64)
nll_grad  cost time: 3.1665539741516113
tf.Tensor(-10838.091071402465, shape=(), dtype=float64)
nll_grad  cost time: 3.3069052696228027
tf.Tensor(-10838.298958900967, shape=(), dtype=float64)
nll_grad  cost time: 3.1172854900360107
tf.Tensor(-10838.6784234253, shape=(), dtype=float64)
nll_grad  cost time: 3.4291927814483643
tf.Tensor(-10839.346185007184, shape=(), dtype=float64)
nll_grad  cost time: 3.4333620071411133
tf.Tensor(-10840.3818780648, shape=(), dtype=float64)
nll_grad  cost time: 3.3326754570007324
tf.Tensor(-10841.454437278022, shape=(), dtype=float64)
nll_grad  cost time: 3.3998186588287354
tf.Tensor(-10841.911279970554, shape=(), dtype=float64)
nll_grad  cost time: 3.298692464828491
tf.Tensor(-10842.634074019334, shape=(), dtype=float64)
nll_grad  cost time: 3.3117690086364746
tf.Tensor(-10843.69784914147, shape=(), dtype=float64)
nll_grad  cost time: 3.4287655353546143
tf.Tensor(-10844.334541075928, shape=(), dtype=float64)
nll_grad  cost time: 3.2911033630371094
tf.Tensor(-10845.11111249675, shape=(), dtype=float64)
nll_grad  cost time: 3.4037322998046875
tf.Tensor(-10845.453032249097, shape=(), dtype=float64)
nll_grad  cost time: 3.3036351203918457
tf.Tensor(-10845.944119653886, shape=(), dtype=float64)
nll_grad  cost time: 3.58147931098938
tf.Tensor(-10846.613924688536, shape=(), dtype=float64)
nll_grad  cost time: 3.4316482543945312
tf.Tensor(-10847.122314830434, shape=(), dtype=float64)
nll_grad  cost time: 3.4213521480560303
tf.Tensor(-10847.61826162753, shape=(), dtype=float64)
nll_grad  cost time: 3.314697742462158
tf.Tensor(-10848.149080832747, shape=(), dtype=float64)
nll_grad  cost time: 3.427104949951172
tf.Tensor(-10848.794425376625, shape=(), dtype=float64)
nll_grad  cost time: 3.3235366344451904
tf.Tensor(-10849.589328836722, shape=(), dtype=float64)
nll_grad  cost time: 3.2430219650268555
tf.Tensor(-10850.35571481907, shape=(), dtype=float64)
nll_grad  cost time: 3.329965353012085
tf.Tensor(-10850.669769228756, shape=(), dtype=float64)
nll_grad  cost time: 3.584545135498047
tf.Tensor(-10851.176102912501, shape=(), dtype=float64)
nll_grad  cost time: 3.4620745182037354
tf.Tensor(-10851.736282623155, shape=(), dtype=float64)
nll_grad  cost time: 3.357696533203125
tf.Tensor(-10852.023370074428, shape=(), dtype=float64)
nll_grad  cost time: 3.5585947036743164
tf.Tensor(-10852.348466078955, shape=(), dtype=float64)
nll_grad  cost time: 3.3973793983459473
tf.Tensor(-10852.666645595982, shape=(), dtype=float64)
nll_grad  cost time: 3.3011364936828613
tf.Tensor(-10852.822173821765, shape=(), dtype=float64)
nll_grad  cost time: 3.337064504623413
tf.Tensor(-10853.074075879213, shape=(), dtype=float64)
nll_grad  cost time: 3.3859453201293945
tf.Tensor(-10853.371427829163, shape=(), dtype=float64)
nll_grad  cost time: 3.421898365020752
tf.Tensor(-10853.462488102286, shape=(), dtype=float64)
nll_grad  cost time: 3.3470230102539062
tf.Tensor(-10853.605498138488, shape=(), dtype=float64)
nll_grad  cost time: 3.509777307510376
tf.Tensor(-10853.773861496127, shape=(), dtype=float64)
nll_grad  cost time: 3.3482820987701416
tf.Tensor(-10853.937788891017, shape=(), dtype=float64)
nll_grad  cost time: 3.4385933876037598
tf.Tensor(-10854.059527601588, shape=(), dtype=float64)
nll_grad  cost time: 3.1933112144470215
tf.Tensor(-10854.229714181754, shape=(), dtype=float64)
nll_grad  cost time: 3.3938801288604736
tf.Tensor(-10854.424995433823, shape=(), dtype=float64)
nll_grad  cost time: 3.1656980514526367
tf.Tensor(-10854.569529086188, shape=(), dtype=float64)
nll_grad  cost time: 3.410027503967285
tf.Tensor(-10854.708132657139, shape=(), dtype=float64)
nll_grad  cost time: 3.3323752880096436
tf.Tensor(-10854.799788030963, shape=(), dtype=float64)
nll_grad  cost time: 3.2728278636932373
tf.Tensor(-10854.88949263194, shape=(), dtype=float64)
nll_grad  cost time: 3.5768489837646484
tf.Tensor(-10854.984422151534, shape=(), dtype=float64)
nll_grad  cost time: 3.277434825897217
tf.Tensor(-10855.10489546768, shape=(), dtype=float64)
nll_grad  cost time: 3.4421443939208984
tf.Tensor(-10855.230450377283, shape=(), dtype=float64)
nll_grad  cost time: 3.3033363819122314
tf.Tensor(-10855.36113664956, shape=(), dtype=float64)
nll_grad  cost time: 3.3465216159820557
tf.Tensor(-10855.545789730983, shape=(), dtype=float64)
nll_grad  cost time: 3.3931219577789307
tf.Tensor(-10855.727447848472, shape=(), dtype=float64)
nll_grad  cost time: 3.443114757537842
tf.Tensor(-10855.888625135667, shape=(), dtype=float64)
nll_grad  cost time: 3.4964163303375244
tf.Tensor(-10856.103907860044, shape=(), dtype=float64)
nll_grad  cost time: 3.3603222370147705
tf.Tensor(-10856.316353398935, shape=(), dtype=float64)
nll_grad  cost time: 3.4670445919036865
tf.Tensor(-10856.502922569674, shape=(), dtype=float64)
nll_grad  cost time: 3.1776421070098877
tf.Tensor(-10856.707330304675, shape=(), dtype=float64)
nll_grad  cost time: 3.3074347972869873
tf.Tensor(-10856.948995268838, shape=(), dtype=float64)
nll_grad  cost time: 3.3442232608795166
tf.Tensor(-10857.104554979971, shape=(), dtype=float64)
nll_grad  cost time: 3.3629751205444336
tf.Tensor(-10857.317094022623, shape=(), dtype=float64)
nll_grad  cost time: 3.4618782997131348
tf.Tensor(-10857.513615386448, shape=(), dtype=float64)
nll_grad  cost time: 3.3223633766174316
tf.Tensor(-10857.682039663894, shape=(), dtype=float64)
nll_grad  cost time: 3.387892723083496
tf.Tensor(-10857.903200419547, shape=(), dtype=float64)
nll_grad  cost time: 3.5439889430999756
tf.Tensor(-10858.105976560033, shape=(), dtype=float64)
nll_grad  cost time: 3.2763359546661377
tf.Tensor(-10858.306609805994, shape=(), dtype=float64)
nll_grad  cost time: 3.2929017543792725
tf.Tensor(-10858.524044373618, shape=(), dtype=float64)
nll_grad  cost time: 3.4565725326538086
tf.Tensor(-10858.7621749856, shape=(), dtype=float64)
nll_grad  cost time: 3.1586854457855225
tf.Tensor(-10858.879556376422, shape=(), dtype=float64)
nll_grad  cost time: 3.2843546867370605
tf.Tensor(-10859.008286442375, shape=(), dtype=float64)
nll_grad  cost time: 3.3277535438537598
tf.Tensor(-10859.103304296521, shape=(), dtype=float64)
nll_grad  cost time: 3.407902479171753
tf.Tensor(-10859.210801541616, shape=(), dtype=float64)
nll_grad  cost time: 3.3670434951782227
tf.Tensor(-10859.344758662293, shape=(), dtype=float64)
nll_grad  cost time: 3.4536259174346924
tf.Tensor(-10859.442510106492, shape=(), dtype=float64)
nll_grad  cost time: 3.352193832397461
tf.Tensor(-10859.583159016558, shape=(), dtype=float64)
nll_grad  cost time: 3.419116497039795
tf.Tensor(-10859.746474598458, shape=(), dtype=float64)
nll_grad  cost time: 3.3295161724090576
tf.Tensor(-10859.869364087848, shape=(), dtype=float64)
nll_grad  cost time: 3.2168068885803223
tf.Tensor(-10859.987049411524, shape=(), dtype=float64)
nll_grad  cost time: 3.2210304737091064
tf.Tensor(-10860.13078528448, shape=(), dtype=float64)
nll_grad  cost time: 3.426255941390991
tf.Tensor(-10860.277616325842, shape=(), dtype=float64)
nll_grad  cost time: 3.2396044731140137
tf.Tensor(-10860.42260398767, shape=(), dtype=float64)
nll_grad  cost time: 3.3560562133789062
tf.Tensor(-10860.562211896082, shape=(), dtype=float64)
nll_grad  cost time: 3.34314227104187
tf.Tensor(-10860.692721888783, shape=(), dtype=float64)
nll_grad  cost time: 3.466665744781494
tf.Tensor(-10860.813800583051, shape=(), dtype=float64)
nll_grad  cost time: 3.3919496536254883
tf.Tensor(-10860.928328856087, shape=(), dtype=float64)
nll_grad  cost time: 3.449916362762451
tf.Tensor(-10861.020997115273, shape=(), dtype=float64)
nll_grad  cost time: 3.2607595920562744
tf.Tensor(-10861.141540088644, shape=(), dtype=float64)
nll_grad  cost time: 3.2375073432922363
tf.Tensor(-10861.255499343817, shape=(), dtype=float64)
nll_grad  cost time: 3.377946615219116
tf.Tensor(-10861.363301965157, shape=(), dtype=float64)
nll_grad  cost time: 3.343503952026367
tf.Tensor(-10861.475253327131, shape=(), dtype=float64)
nll_grad  cost time: 3.2638163566589355
tf.Tensor(-10861.572871142766, shape=(), dtype=float64)
nll_grad  cost time: 3.394754648208618
tf.Tensor(-10861.674335758813, shape=(), dtype=float64)
nll_grad  cost time: 3.583167314529419
tf.Tensor(-10861.784943116516, shape=(), dtype=float64)
nll_grad  cost time: 3.3684120178222656
tf.Tensor(-10861.879729180604, shape=(), dtype=float64)
nll_grad  cost time: 3.2333366870880127
tf.Tensor(-10861.97462318823, shape=(), dtype=float64)
nll_grad  cost time: 3.428602933883667
tf.Tensor(-10862.073825661726, shape=(), dtype=float64)
nll_grad  cost time: 3.31392502784729
tf.Tensor(-10862.150003081071, shape=(), dtype=float64)
nll_grad  cost time: 3.2725765705108643
tf.Tensor(-10862.207185931646, shape=(), dtype=float64)
nll_grad  cost time: 3.467529773712158
tf.Tensor(-10862.274043087287, shape=(), dtype=float64)
nll_grad  cost time: 3.381911516189575
tf.Tensor(-10862.320854483747, shape=(), dtype=float64)
nll_grad  cost time: 3.420283079147339
tf.Tensor(-10862.354515072591, shape=(), dtype=float64)
nll_grad  cost time: 3.4607555866241455
tf.Tensor(-10862.391590538151, shape=(), dtype=float64)
nll_grad  cost time: 3.443665027618408
tf.Tensor(-10862.436241555068, shape=(), dtype=float64)
nll_grad  cost time: 3.336660861968994
tf.Tensor(-10862.494606090015, shape=(), dtype=float64)
nll_grad  cost time: 3.3685877323150635
tf.Tensor(-10862.56517332574, shape=(), dtype=float64)
nll_grad  cost time: 3.3541159629821777
tf.Tensor(-10862.631987312387, shape=(), dtype=float64)
nll_grad  cost time: 3.433189868927002
tf.Tensor(-10862.71508186484, shape=(), dtype=float64)
nll_grad  cost time: 3.348531723022461
tf.Tensor(-10862.808582897444, shape=(), dtype=float64)
nll_grad  cost time: 3.2078053951263428
tf.Tensor(-10862.875641434897, shape=(), dtype=float64)
nll_grad  cost time: 3.397177219390869
tf.Tensor(-10862.9201174359, shape=(), dtype=float64)
nll_grad  cost time: 3.436546802520752
tf.Tensor(-10862.952126045202, shape=(), dtype=float64)
nll_grad  cost time: 3.454942464828491
tf.Tensor(-10862.99463272774, shape=(), dtype=float64)
nll_grad  cost time: 3.419013023376465
tf.Tensor(-10863.037437727358, shape=(), dtype=float64)
nll_grad  cost time: 3.5953755378723145
tf.Tensor(-10863.079989275924, shape=(), dtype=float64)
nll_grad  cost time: 3.439708709716797
tf.Tensor(-10863.117760777102, shape=(), dtype=float64)
nll_grad  cost time: 3.400967836380005
tf.Tensor(-10863.144227527835, shape=(), dtype=float64)
nll_grad  cost time: 3.381899118423462
tf.Tensor(-10863.174564490757, shape=(), dtype=float64)
nll_grad  cost time: 3.346107244491577
tf.Tensor(-10863.21437644928, shape=(), dtype=float64)
nll_grad  cost time: 3.3623995780944824
tf.Tensor(-10863.248547803472, shape=(), dtype=float64)
nll_grad  cost time: 3.5162389278411865
tf.Tensor(-10863.277557472044, shape=(), dtype=float64)
nll_grad  cost time: 3.699312925338745
tf.Tensor(-10863.30314800348, shape=(), dtype=float64)
nll_grad  cost time: 3.3825955390930176
tf.Tensor(-10863.324278183423, shape=(), dtype=float64)
nll_grad  cost time: 3.3064839839935303
tf.Tensor(-10863.34214839157, shape=(), dtype=float64)
nll_grad  cost time: 3.2433481216430664
tf.Tensor(-10863.362129903562, shape=(), dtype=float64)
nll_grad  cost time: 3.318202257156372
tf.Tensor(-10863.377013126745, shape=(), dtype=float64)
nll_grad  cost time: 3.293898820877075
tf.Tensor(-10863.387663712281, shape=(), dtype=float64)
nll_grad  cost time: 3.478584051132202
tf.Tensor(-10863.397453622787, shape=(), dtype=float64)
nll_grad  cost time: 3.3179407119750977
tf.Tensor(-10863.406007039837, shape=(), dtype=float64)
nll_grad  cost time: 3.556035280227661
tf.Tensor(-10863.413859385317, shape=(), dtype=float64)
nll_grad  cost time: 3.3097925186157227
tf.Tensor(-10863.421998274865, shape=(), dtype=float64)
nll_grad  cost time: 3.461012125015259
tf.Tensor(-10863.429908303278, shape=(), dtype=float64)
nll_grad  cost time: 3.303450584411621
tf.Tensor(-10863.439169769561, shape=(), dtype=float64)
nll_grad  cost time: 3.219348430633545
tf.Tensor(-10863.448590091735, shape=(), dtype=float64)
nll_grad  cost time: 3.238032102584839
tf.Tensor(-10863.457486734496, shape=(), dtype=float64)
nll_grad  cost time: 3.3041329383850098
tf.Tensor(-10863.466537928285, shape=(), dtype=float64)
nll_grad  cost time: 3.462862491607666
tf.Tensor(-10863.475445656302, shape=(), dtype=float64)
nll_grad  cost time: 3.4663829803466797
tf.Tensor(-10863.483864957474, shape=(), dtype=float64)
nll_grad  cost time: 3.580014228820801
tf.Tensor(-10863.492350512206, shape=(), dtype=float64)
nll_grad  cost time: 3.520320177078247
tf.Tensor(-10863.501365375956, shape=(), dtype=float64)
nll_grad  cost time: 3.384474039077759
tf.Tensor(-10863.51069091176, shape=(), dtype=float64)
nll_grad  cost time: 3.343590497970581
tf.Tensor(-10863.519332907239, shape=(), dtype=float64)
nll_grad  cost time: 3.4536893367767334
tf.Tensor(-10863.527671524953, shape=(), dtype=float64)
nll_grad  cost time: 3.4549248218536377
tf.Tensor(-10863.534896123358, shape=(), dtype=float64)
nll_grad  cost time: 3.7921388149261475
tf.Tensor(-10863.541239471648, shape=(), dtype=float64)
nll_grad  cost time: 3.5461294651031494
tf.Tensor(-10863.547263670745, shape=(), dtype=float64)
nll_grad  cost time: 3.3726003170013428
tf.Tensor(-10863.554121560272, shape=(), dtype=float64)
nll_grad  cost time: 3.239816427230835
tf.Tensor(-10863.562109966784, shape=(), dtype=float64)
nll_grad  cost time: 3.3731396198272705
tf.Tensor(-10863.57248695098, shape=(), dtype=float64)
nll_grad  cost time: 3.2971644401550293
tf.Tensor(-10863.585158099206, shape=(), dtype=float64)
nll_grad  cost time: 3.339003086090088
tf.Tensor(-10863.601830004864, shape=(), dtype=float64)
nll_grad  cost time: 3.536508321762085
tf.Tensor(-10863.623415017508, shape=(), dtype=float64)
nll_grad  cost time: 3.28959321975708
tf.Tensor(-10863.644177915725, shape=(), dtype=float64)
nll_grad  cost time: 3.2438437938690186
tf.Tensor(-10863.658124263577, shape=(), dtype=float64)
nll_grad  cost time: 3.4449760913848877
tf.Tensor(-10863.66811014781, shape=(), dtype=float64)
nll_grad  cost time: 3.431432008743286
tf.Tensor(-10863.678536359661, shape=(), dtype=float64)
nll_grad  cost time: 3.5837180614471436
tf.Tensor(-10863.692382812565, shape=(), dtype=float64)
nll_grad  cost time: 3.4329333305358887
tf.Tensor(-10863.702696055563, shape=(), dtype=float64)
nll_grad  cost time: 3.323425769805908
tf.Tensor(-10863.712281362761, shape=(), dtype=float64)
nll_grad  cost time: 3.4378650188446045
tf.Tensor(-10863.720390490671, shape=(), dtype=float64)
nll_grad  cost time: 3.383897066116333
tf.Tensor(-10863.726393013741, shape=(), dtype=float64)
nll_grad  cost time: 3.463815689086914
tf.Tensor(-10863.732406349536, shape=(), dtype=float64)
nll_grad  cost time: 3.447883129119873
tf.Tensor(-10863.738913196263, shape=(), dtype=float64)
nll_grad  cost time: 3.4385218620300293
tf.Tensor(-10863.746330218582, shape=(), dtype=float64)
nll_grad  cost time: 3.3116841316223145
tf.Tensor(-10863.755453055583, shape=(), dtype=float64)
nll_grad  cost time: 3.407397985458374
tf.Tensor(-10863.766394407125, shape=(), dtype=float64)
nll_grad  cost time: 3.264828681945801
tf.Tensor(-10863.776069692289, shape=(), dtype=float64)
nll_grad  cost time: 3.4248435497283936
tf.Tensor(-10863.783236358486, shape=(), dtype=float64)
nll_grad  cost time: 3.4526009559631348
tf.Tensor(-10863.791596112744, shape=(), dtype=float64)
nll_grad  cost time: 3.3968887329101562
tf.Tensor(-10863.80179317735, shape=(), dtype=float64)
nll_grad  cost time: 3.4978721141815186
tf.Tensor(-10863.80771802969, shape=(), dtype=float64)
nll_grad  cost time: 3.385890483856201
tf.Tensor(-10863.814286918394, shape=(), dtype=float64)
nll_grad  cost time: 3.5455212593078613
tf.Tensor(-10863.822501861745, shape=(), dtype=float64)
nll_grad  cost time: 3.3280885219573975
tf.Tensor(-10863.829857167268, shape=(), dtype=float64)
nll_grad  cost time: 3.5008957386016846
tf.Tensor(-10863.840490168419, shape=(), dtype=float64)
nll_grad  cost time: 3.374701738357544
tf.Tensor(-10863.850998153648, shape=(), dtype=float64)
nll_grad  cost time: 3.3594346046447754
tf.Tensor(-10863.860274357707, shape=(), dtype=float64)
nll_grad  cost time: 3.370891571044922
tf.Tensor(-10863.868821391581, shape=(), dtype=float64)
nll_grad  cost time: 3.403994560241699
tf.Tensor(-10863.878314492744, shape=(), dtype=float64)
nll_grad  cost time: 3.4228453636169434
tf.Tensor(-10863.89003322327, shape=(), dtype=float64)
nll_grad  cost time: 3.500047206878662
tf.Tensor(-10863.901209418742, shape=(), dtype=float64)
nll_grad  cost time: 3.425881862640381
tf.Tensor(-10863.914669055546, shape=(), dtype=float64)
nll_grad  cost time: 3.4203503131866455
tf.Tensor(-10863.928319354032, shape=(), dtype=float64)
nll_grad  cost time: 3.316660165786743
tf.Tensor(-10863.943125922844, shape=(), dtype=float64)
nll_grad  cost time: 3.422034502029419
tf.Tensor(-10863.958965859223, shape=(), dtype=float64)
nll_grad  cost time: 3.3872995376586914
tf.Tensor(-10863.977062265432, shape=(), dtype=float64)
nll_grad  cost time: 3.3001930713653564
tf.Tensor(-10863.996095324645, shape=(), dtype=float64)
nll_grad  cost time: 3.3202950954437256
tf.Tensor(-10864.015961769983, shape=(), dtype=float64)
nll_grad  cost time: 3.5016074180603027
tf.Tensor(-10864.037869871852, shape=(), dtype=float64)
nll_grad  cost time: 3.5297229290008545
tf.Tensor(-10864.060486557326, shape=(), dtype=float64)
nll_grad  cost time: 3.330008029937744
tf.Tensor(-10864.07676147579, shape=(), dtype=float64)
nll_grad  cost time: 3.5137388706207275
tf.Tensor(-10864.10028270659, shape=(), dtype=float64)
nll_grad  cost time: 3.213005542755127
tf.Tensor(-10864.123924189866, shape=(), dtype=float64)
nll_grad  cost time: 3.3476314544677734
nll_grad  cost time: 3.1443018913269043
tf.Tensor(-10864.134184262777, shape=(), dtype=float64)
nll_grad  cost time: 3.465705156326294
tf.Tensor(-10864.147535965658, shape=(), dtype=float64)
nll_grad  cost time: 3.4498188495635986
tf.Tensor(-10864.161476935846, shape=(), dtype=float64)
nll_grad  cost time: 3.450838804244995
tf.Tensor(-10864.171253722528, shape=(), dtype=float64)
nll_grad  cost time: 3.599438190460205
tf.Tensor(-10864.182980641559, shape=(), dtype=float64)
nll_grad  cost time: 3.460413694381714
tf.Tensor(-10864.192770946338, shape=(), dtype=float64)
nll_grad  cost time: 3.5635828971862793
tf.Tensor(-10864.200976010507, shape=(), dtype=float64)
nll_grad  cost time: 3.451026201248169
tf.Tensor(-10864.211894809636, shape=(), dtype=float64)
nll_grad  cost time: 3.339898109436035
tf.Tensor(-10864.224105583737, shape=(), dtype=float64)
nll_grad  cost time: 3.590532064437866
tf.Tensor(-10864.236169597018, shape=(), dtype=float64)
nll_grad  cost time: 3.4895401000976562
tf.Tensor(-10864.250335286564, shape=(), dtype=float64)
nll_grad  cost time: 3.412485361099243
tf.Tensor(-10864.267391250221, shape=(), dtype=float64)
nll_grad  cost time: 3.5146665573120117
tf.Tensor(-10864.28880205534, shape=(), dtype=float64)
nll_grad  cost time: 3.5880813598632812
tf.Tensor(-10864.3066616682, shape=(), dtype=float64)
nll_grad  cost time: 3.490590810775757
tf.Tensor(-10864.319541005996, shape=(), dtype=float64)
nll_grad  cost time: 3.507565498352051
tf.Tensor(-10864.329069905645, shape=(), dtype=float64)
nll_grad  cost time: 3.299546957015991
tf.Tensor(-10864.336628444049, shape=(), dtype=float64)
nll_grad  cost time: 3.3969357013702393
tf.Tensor(-10864.343187012935, shape=(), dtype=float64)
nll_grad  cost time: 3.367985486984253
tf.Tensor(-10864.349461174937, shape=(), dtype=float64)
nll_grad  cost time: 3.3225717544555664
tf.Tensor(-10864.355346534434, shape=(), dtype=float64)
nll_grad  cost time: 3.4568729400634766
tf.Tensor(-10864.361188096682, shape=(), dtype=float64)
nll_grad  cost time: 3.4607107639312744
tf.Tensor(-10864.367555385936, shape=(), dtype=float64)
nll_grad  cost time: 3.4945907592773438
tf.Tensor(-10864.375107940567, shape=(), dtype=float64)
nll_grad  cost time: 3.5334484577178955
tf.Tensor(-10864.383182492988, shape=(), dtype=float64)
nll_grad  cost time: 3.4234635829925537
tf.Tensor(-10864.392454589215, shape=(), dtype=float64)
nll_grad  cost time: 3.397170066833496
tf.Tensor(-10864.404525445967, shape=(), dtype=float64)
nll_grad  cost time: 3.342566728591919
tf.Tensor(-10864.420046913485, shape=(), dtype=float64)
nll_grad  cost time: 3.235389232635498
tf.Tensor(-10864.43797124799, shape=(), dtype=float64)
nll_grad  cost time: 3.2516157627105713
tf.Tensor(-10864.45766650678, shape=(), dtype=float64)
nll_grad  cost time: 3.394526481628418
tf.Tensor(-10864.478511332778, shape=(), dtype=float64)
nll_grad  cost time: 3.463702917098999
tf.Tensor(-10864.499305852463, shape=(), dtype=float64)
nll_grad  cost time: 3.3934326171875
tf.Tensor(-10864.517330301791, shape=(), dtype=float64)
nll_grad  cost time: 3.6151185035705566
tf.Tensor(-10864.536075505031, shape=(), dtype=float64)
nll_grad  cost time: 3.3900907039642334
tf.Tensor(-10864.5565573596, shape=(), dtype=float64)
nll_grad  cost time: 3.404963731765747
tf.Tensor(-10864.575045268695, shape=(), dtype=float64)
nll_grad  cost time: 3.278614044189453
tf.Tensor(-10864.58849983646, shape=(), dtype=float64)
nll_grad  cost time: 3.2897493839263916
tf.Tensor(-10864.599593781793, shape=(), dtype=float64)
nll_grad  cost time: 3.399235486984253
tf.Tensor(-10864.61054113214, shape=(), dtype=float64)
nll_grad  cost time: 3.4524381160736084
tf.Tensor(-10864.622182943083, shape=(), dtype=float64)
nll_grad  cost time: 3.347930669784546
tf.Tensor(-10864.635173916471, shape=(), dtype=float64)
nll_grad  cost time: 3.3111820220947266
tf.Tensor(-10864.650588844706, shape=(), dtype=float64)
nll_grad  cost time: 3.441380023956299
tf.Tensor(-10864.666241180326, shape=(), dtype=float64)
nll_grad  cost time: 3.351745128631592
tf.Tensor(-10864.682226039047, shape=(), dtype=float64)
nll_grad  cost time: 3.2484841346740723
tf.Tensor(-10864.69806290778, shape=(), dtype=float64)
nll_grad  cost time: 3.346135139465332
tf.Tensor(-10864.718772890286, shape=(), dtype=float64)
nll_grad  cost time: 3.4656083583831787
tf.Tensor(-10864.74116364666, shape=(), dtype=float64)
nll_grad  cost time: 3.3960819244384766
tf.Tensor(-10864.76850340343, shape=(), dtype=float64)
nll_grad  cost time: 3.327415943145752
tf.Tensor(-10864.79871615232, shape=(), dtype=float64)
nll_grad  cost time: 3.6264960765838623
tf.Tensor(-10864.820603011369, shape=(), dtype=float64)
nll_grad  cost time: 3.481119394302368
tf.Tensor(-10864.838093436592, shape=(), dtype=float64)
nll_grad  cost time: 3.5065629482269287
tf.Tensor(-10864.85592125457, shape=(), dtype=float64)
nll_grad  cost time: 3.349632501602173
tf.Tensor(-10864.877253785664, shape=(), dtype=float64)
nll_grad  cost time: 3.354395866394043
tf.Tensor(-10864.897295095514, shape=(), dtype=float64)
nll_grad  cost time: 3.3883426189422607
tf.Tensor(-10864.923194278348, shape=(), dtype=float64)
nll_grad  cost time: 3.213514804840088
tf.Tensor(-10864.956846172368, shape=(), dtype=float64)
nll_grad  cost time: 3.463291883468628
tf.Tensor(-10864.988011808047, shape=(), dtype=float64)
nll_grad  cost time: 3.439303159713745
tf.Tensor(-10865.011114237852, shape=(), dtype=float64)
nll_grad  cost time: 3.467801094055176
tf.Tensor(-10865.038218868278, shape=(), dtype=float64)
nll_grad  cost time: 3.2378878593444824
tf.Tensor(-10865.068754500131, shape=(), dtype=float64)
nll_grad  cost time: 3.369537115097046
tf.Tensor(-10865.09337691334, shape=(), dtype=float64)
nll_grad  cost time: 3.446125030517578
tf.Tensor(-10865.123664521023, shape=(), dtype=float64)
nll_grad  cost time: 3.326460838317871
tf.Tensor(-10865.16154986907, shape=(), dtype=float64)
nll_grad  cost time: 3.3678154945373535
tf.Tensor(-10865.196279201664, shape=(), dtype=float64)
nll_grad  cost time: 3.409053325653076
tf.Tensor(-10865.229422011798, shape=(), dtype=float64)
nll_grad  cost time: 3.383552074432373
tf.Tensor(-10865.272782703847, shape=(), dtype=float64)
nll_grad  cost time: 3.3957035541534424
tf.Tensor(-10865.329411022252, shape=(), dtype=float64)
nll_grad  cost time: 3.35565185546875
tf.Tensor(-10865.36956400227, shape=(), dtype=float64)
nll_grad  cost time: 3.3575382232666016
tf.Tensor(-10865.425540808228, shape=(), dtype=float64)
nll_grad  cost time: 3.4378604888916016
tf.Tensor(-10865.497467561425, shape=(), dtype=float64)
nll_grad  cost time: 3.212054491043091
tf.Tensor(-10865.570807806085, shape=(), dtype=float64)
nll_grad  cost time: 3.315251111984253
tf.Tensor(-10865.599522693228, shape=(), dtype=float64)
nll_grad  cost time: 3.4974091053009033
tf.Tensor(-10865.640481223509, shape=(), dtype=float64)
nll_grad  cost time: 3.564929246902466
tf.Tensor(-10865.689950704418, shape=(), dtype=float64)
nll_grad  cost time: 3.4344801902770996
tf.Tensor(-10865.739268458416, shape=(), dtype=float64)
nll_grad  cost time: 3.4322280883789062
tf.Tensor(-10865.799441363186, shape=(), dtype=float64)
nll_grad  cost time: 3.428496837615967
tf.Tensor(-10865.881372181124, shape=(), dtype=float64)
nll_grad  cost time: 3.4168295860290527
tf.Tensor(-10865.954932438453, shape=(), dtype=float64)
nll_grad  cost time: 3.4715921878814697
tf.Tensor(-10866.055018780335, shape=(), dtype=float64)
nll_grad  cost time: 3.3189713954925537
tf.Tensor(-10866.193998921925, shape=(), dtype=float64)
nll_grad  cost time: 3.326956033706665
tf.Tensor(-10866.35776157786, shape=(), dtype=float64)
nll_grad  cost time: 3.238410234451294
nll_grad  cost time: 3.365844249725342
tf.Tensor(-10866.455841511848, shape=(), dtype=float64)
nll_grad  cost time: 3.4847123622894287
tf.Tensor(-10866.592840127389, shape=(), dtype=float64)
nll_grad  cost time: 3.468101739883423
tf.Tensor(-10866.751050262414, shape=(), dtype=float64)
nll_grad  cost time: 3.2278738021850586
tf.Tensor(-10866.93858607507, shape=(), dtype=float64)
nll_grad  cost time: 3.382204532623291
tf.Tensor(-10867.106816906205, shape=(), dtype=float64)
nll_grad  cost time: 3.2478091716766357
tf.Tensor(-10867.264047607277, shape=(), dtype=float64)
nll_grad  cost time: 3.3485565185546875
tf.Tensor(-10867.418909415155, shape=(), dtype=float64)
nll_grad  cost time: 3.280501127243042
tf.Tensor(-10867.548681162258, shape=(), dtype=float64)
nll_grad  cost time: 3.3735575675964355
tf.Tensor(-10867.710161488005, shape=(), dtype=float64)
nll_grad  cost time: 3.345160961151123
tf.Tensor(-10867.786975209776, shape=(), dtype=float64)
nll_grad  cost time: 3.432474136352539
tf.Tensor(-10867.879344723453, shape=(), dtype=float64)
nll_grad  cost time: 3.2951974868774414
tf.Tensor(-10867.962361994261, shape=(), dtype=float64)
nll_grad  cost time: 3.3652710914611816
tf.Tensor(-10868.028348449876, shape=(), dtype=float64)
nll_grad  cost time: 3.3032584190368652
tf.Tensor(-10868.10602171476, shape=(), dtype=float64)
nll_grad  cost time: 3.325878381729126
tf.Tensor(-10868.199897368999, shape=(), dtype=float64)
nll_grad  cost time: 3.38682222366333
tf.Tensor(-10868.277067413925, shape=(), dtype=float64)
nll_grad  cost time: 3.41031551361084
tf.Tensor(-10868.356147519175, shape=(), dtype=float64)
nll_grad  cost time: 3.3836846351623535
tf.Tensor(-10868.406284258472, shape=(), dtype=float64)
nll_grad  cost time: 3.4981939792633057
tf.Tensor(-10868.47832145798, shape=(), dtype=float64)
nll_grad  cost time: 3.4054300785064697
tf.Tensor(-10868.577217833437, shape=(), dtype=float64)
nll_grad  cost time: 3.4913766384124756
tf.Tensor(-10868.65558533925, shape=(), dtype=float64)
nll_grad  cost time: 3.4072422981262207
tf.Tensor(-10868.761676327973, shape=(), dtype=float64)
nll_grad  cost time: 3.630849838256836
tf.Tensor(-10868.865559664697, shape=(), dtype=float64)
nll_grad  cost time: 3.3841235637664795
tf.Tensor(-10868.963341208215, shape=(), dtype=float64)
nll_grad  cost time: 3.338242292404175
tf.Tensor(-10869.05867615304, shape=(), dtype=float64)
nll_grad  cost time: 3.154226303100586
tf.Tensor(-10869.144770985844, shape=(), dtype=float64)
nll_grad  cost time: 3.3943512439727783
tf.Tensor(-10869.242714381304, shape=(), dtype=float64)
nll_grad  cost time: 3.341341733932495
tf.Tensor(-10869.285919922, shape=(), dtype=float64)
nll_grad  cost time: 3.3050928115844727
tf.Tensor(-10869.32999772947, shape=(), dtype=float64)
nll_grad  cost time: 3.4733707904815674
tf.Tensor(-10869.348951258453, shape=(), dtype=float64)
nll_grad  cost time: 3.4666688442230225
tf.Tensor(-10869.370074538852, shape=(), dtype=float64)
nll_grad  cost time: 3.548612356185913
tf.Tensor(-10869.386952280314, shape=(), dtype=float64)
nll_grad  cost time: 3.345276117324829
tf.Tensor(-10869.402720551996, shape=(), dtype=float64)
nll_grad  cost time: 3.3325138092041016
tf.Tensor(-10869.420506899925, shape=(), dtype=float64)
nll_grad  cost time: 3.5231435298919678
tf.Tensor(-10869.4344684022, shape=(), dtype=float64)
nll_grad  cost time: 3.4565579891204834
tf.Tensor(-10869.451365115463, shape=(), dtype=float64)
nll_grad  cost time: 3.492968797683716
tf.Tensor(-10869.466638096761, shape=(), dtype=float64)
nll_grad  cost time: 3.542997360229492
tf.Tensor(-10869.4855097353, shape=(), dtype=float64)
nll_grad  cost time: 3.3493783473968506
tf.Tensor(-10869.510286816705, shape=(), dtype=float64)
nll_grad  cost time: 3.405984401702881
tf.Tensor(-10869.541638149782, shape=(), dtype=float64)
nll_grad  cost time: 3.8818273544311523
tf.Tensor(-10869.570500286747, shape=(), dtype=float64)
nll_grad  cost time: 3.378190517425537
tf.Tensor(-10869.598165202722, shape=(), dtype=float64)
nll_grad  cost time: 3.265867233276367
tf.Tensor(-10869.620121705266, shape=(), dtype=float64)
nll_grad  cost time: 3.3282852172851562
tf.Tensor(-10869.63452166586, shape=(), dtype=float64)
nll_grad  cost time: 3.4268364906311035
tf.Tensor(-10869.648706215765, shape=(), dtype=float64)
nll_grad  cost time: 3.425750970840454
tf.Tensor(-10869.666638231072, shape=(), dtype=float64)
nll_grad  cost time: 3.591381788253784
tf.Tensor(-10869.687271374249, shape=(), dtype=float64)
nll_grad  cost time: 3.4199016094207764
tf.Tensor(-10869.710272343018, shape=(), dtype=float64)
nll_grad  cost time: 3.4388790130615234
tf.Tensor(-10869.734536984171, shape=(), dtype=float64)
nll_grad  cost time: 3.218635320663452
tf.Tensor(-10869.757400564064, shape=(), dtype=float64)
nll_grad  cost time: 3.4131405353546143
tf.Tensor(-10869.777392639073, shape=(), dtype=float64)
nll_grad  cost time: 3.2482492923736572
tf.Tensor(-10869.79291368603, shape=(), dtype=float64)
nll_grad  cost time: 3.2856507301330566
tf.Tensor(-10869.804961916936, shape=(), dtype=float64)
nll_grad  cost time: 3.3806819915771484
tf.Tensor(-10869.819853751156, shape=(), dtype=float64)
nll_grad  cost time: 3.4084784984588623
tf.Tensor(-10869.838255483613, shape=(), dtype=float64)
nll_grad  cost time: 3.4108800888061523
tf.Tensor(-10869.858160752989, shape=(), dtype=float64)
nll_grad  cost time: 3.3916103839874268
tf.Tensor(-10869.878645907935, shape=(), dtype=float64)
nll_grad  cost time: 3.5235838890075684
tf.Tensor(-10869.901836851146, shape=(), dtype=float64)
nll_grad  cost time: 3.322967290878296
tf.Tensor(-10869.927308580878, shape=(), dtype=float64)
nll_grad  cost time: 3.5607657432556152
tf.Tensor(-10869.963810486694, shape=(), dtype=float64)
nll_grad  cost time: 3.518402099609375
tf.Tensor(-10870.004845505347, shape=(), dtype=float64)
nll_grad  cost time: 3.300732135772705
tf.Tensor(-10870.04654000374, shape=(), dtype=float64)
nll_grad  cost time: 3.4406702518463135
tf.Tensor(-10870.093840380432, shape=(), dtype=float64)
nll_grad  cost time: 3.278702735900879
tf.Tensor(-10870.132825714605, shape=(), dtype=float64)
nll_grad  cost time: 3.4761295318603516
tf.Tensor(-10870.178903999917, shape=(), dtype=float64)
nll_grad  cost time: 3.329458713531494
tf.Tensor(-10870.241370125386, shape=(), dtype=float64)
nll_grad  cost time: 3.2548086643218994
tf.Tensor(-10870.323727011768, shape=(), dtype=float64)
nll_grad  cost time: 3.479398012161255
tf.Tensor(-10870.37282513659, shape=(), dtype=float64)
nll_grad  cost time: 3.375396490097046
tf.Tensor(-10870.428525275558, shape=(), dtype=float64)
nll_grad  cost time: 3.3431811332702637
tf.Tensor(-10870.484817393888, shape=(), dtype=float64)
nll_grad  cost time: 3.3131637573242188
tf.Tensor(-10870.529263088934, shape=(), dtype=float64)
nll_grad  cost time: 3.4125616550445557
tf.Tensor(-10870.578185630915, shape=(), dtype=float64)
nll_grad  cost time: 3.2242510318756104
tf.Tensor(-10870.605498517176, shape=(), dtype=float64)
nll_grad  cost time: 3.3638522624969482
tf.Tensor(-10870.644053998705, shape=(), dtype=float64)
nll_grad  cost time: 3.2873191833496094
tf.Tensor(-10870.687993339656, shape=(), dtype=float64)
nll_grad  cost time: 3.4282848834991455
tf.Tensor(-10870.721387788548, shape=(), dtype=float64)
nll_grad  cost time: 3.3439924716949463
tf.Tensor(-10870.748224039435, shape=(), dtype=float64)
nll_grad  cost time: 3.2157602310180664
tf.Tensor(-10870.772787877944, shape=(), dtype=float64)
nll_grad  cost time: 3.4854421615600586
tf.Tensor(-10870.799778273511, shape=(), dtype=float64)
nll_grad  cost time: 3.319046974182129
tf.Tensor(-10870.829656837435, shape=(), dtype=float64)
nll_grad  cost time: 3.5202419757843018
tf.Tensor(-10870.865509388696, shape=(), dtype=float64)
nll_grad  cost time: 3.2417550086975098
tf.Tensor(-10870.90116614578, shape=(), dtype=float64)
nll_grad  cost time: 3.532266616821289
tf.Tensor(-10870.923873802283, shape=(), dtype=float64)
nll_grad  cost time: 3.362398624420166
tf.Tensor(-10870.9448523233, shape=(), dtype=float64)
nll_grad  cost time: 3.4509732723236084
tf.Tensor(-10870.970749346045, shape=(), dtype=float64)
nll_grad  cost time: 3.430062770843506
tf.Tensor(-10871.000674737585, shape=(), dtype=float64)
nll_grad  cost time: 3.5207176208496094
tf.Tensor(-10871.019193426084, shape=(), dtype=float64)
nll_grad  cost time: 3.5031816959381104
tf.Tensor(-10871.035322139916, shape=(), dtype=float64)
nll_grad  cost time: 3.2211496829986572
tf.Tensor(-10871.05201641981, shape=(), dtype=float64)
nll_grad  cost time: 3.448763847351074
tf.Tensor(-10871.068139384279, shape=(), dtype=float64)
nll_grad  cost time: 3.5565006732940674
tf.Tensor(-10871.091259599834, shape=(), dtype=float64)
nll_grad  cost time: 3.5135953426361084
tf.Tensor(-10871.113635847814, shape=(), dtype=float64)
nll_grad  cost time: 3.506524085998535
tf.Tensor(-10871.127797466674, shape=(), dtype=float64)
nll_grad  cost time: 3.3186798095703125
tf.Tensor(-10871.142681192941, shape=(), dtype=float64)
nll_grad  cost time: 3.37878155708313
tf.Tensor(-10871.161617160236, shape=(), dtype=float64)
nll_grad  cost time: 3.357241153717041
tf.Tensor(-10871.179979821485, shape=(), dtype=float64)
nll_grad  cost time: 3.228278160095215
tf.Tensor(-10871.193688506864, shape=(), dtype=float64)
nll_grad  cost time: 3.2641732692718506
tf.Tensor(-10871.205698818405, shape=(), dtype=float64)
nll_grad  cost time: 3.43428897857666
tf.Tensor(-10871.214342143801, shape=(), dtype=float64)
nll_grad  cost time: 3.450342893600464
tf.Tensor(-10871.22242806933, shape=(), dtype=float64)
nll_grad  cost time: 3.5447747707366943
tf.Tensor(-10871.228520725781, shape=(), dtype=float64)
nll_grad  cost time: 3.3372385501861572
tf.Tensor(-10871.234546291373, shape=(), dtype=float64)
nll_grad  cost time: 3.4251699447631836
tf.Tensor(-10871.239842029001, shape=(), dtype=float64)
nll_grad  cost time: 3.4281275272369385
tf.Tensor(-10871.244752251638, shape=(), dtype=float64)
nll_grad  cost time: 3.477489948272705
tf.Tensor(-10871.25030771508, shape=(), dtype=float64)
nll_grad  cost time: 3.287872076034546
tf.Tensor(-10871.256165563493, shape=(), dtype=float64)
nll_grad  cost time: 3.470208168029785
tf.Tensor(-10871.262625562395, shape=(), dtype=float64)
nll_grad  cost time: 3.405987024307251
tf.Tensor(-10871.26868809429, shape=(), dtype=float64)
nll_grad  cost time: 3.648472785949707
tf.Tensor(-10871.272179999556, shape=(), dtype=float64)
nll_grad  cost time: 3.549020290374756
tf.Tensor(-10871.277074615162, shape=(), dtype=float64)
nll_grad  cost time: 3.5300066471099854
tf.Tensor(-10871.281737370151, shape=(), dtype=float64)
nll_grad  cost time: 3.4123764038085938
tf.Tensor(-10871.284691035948, shape=(), dtype=float64)
nll_grad  cost time: 3.2955691814422607
tf.Tensor(-10871.288368341495, shape=(), dtype=float64)
nll_grad  cost time: 3.2613933086395264
tf.Tensor(-10871.292530376675, shape=(), dtype=float64)
nll_grad  cost time: 3.4061167240142822
tf.Tensor(-10871.295135178516, shape=(), dtype=float64)
nll_grad  cost time: 3.3706400394439697
tf.Tensor(-10871.297724581571, shape=(), dtype=float64)
nll_grad  cost time: 3.4725029468536377
tf.Tensor(-10871.299437936945, shape=(), dtype=float64)
nll_grad  cost time: 3.3929319381713867
tf.Tensor(-10871.300935855, shape=(), dtype=float64)
nll_grad  cost time: 3.3976948261260986
tf.Tensor(-10871.302359225596, shape=(), dtype=float64)
nll_grad  cost time: 3.403733491897583
tf.Tensor(-10871.303487825771, shape=(), dtype=float64)
nll_grad  cost time: 3.5336196422576904
tf.Tensor(-10871.304351494928, shape=(), dtype=float64)
nll_grad  cost time: 3.2326853275299072
tf.Tensor(-10871.305356407887, shape=(), dtype=float64)
nll_grad  cost time: 3.412200689315796
tf.Tensor(-10871.306712519734, shape=(), dtype=float64)
nll_grad  cost time: 3.45967173576355
tf.Tensor(-10871.308564960189, shape=(), dtype=float64)
nll_grad  cost time: 3.4193058013916016
tf.Tensor(-10871.310617958618, shape=(), dtype=float64)
nll_grad  cost time: 3.33980131149292
tf.Tensor(-10871.31240363972, shape=(), dtype=float64)
nll_grad  cost time: 3.302384376525879
tf.Tensor(-10871.313719179008, shape=(), dtype=float64)
nll_grad  cost time: 3.6090707778930664
tf.Tensor(-10871.314781362733, shape=(), dtype=float64)
nll_grad  cost time: 3.4725022315979004
tf.Tensor(-10871.315825483594, shape=(), dtype=float64)
nll_grad  cost time: 3.236158847808838
tf.Tensor(-10871.31687657009, shape=(), dtype=float64)
nll_grad  cost time: 3.340590000152588
tf.Tensor(-10871.317927170592, shape=(), dtype=float64)
nll_grad  cost time: 3.1273975372314453
tf.Tensor(-10871.31910688688, shape=(), dtype=float64)
nll_grad  cost time: 3.408318519592285
tf.Tensor(-10871.320598769984, shape=(), dtype=float64)
nll_grad  cost time: 3.1719532012939453
tf.Tensor(-10871.32239694375, shape=(), dtype=float64)
nll_grad  cost time: 3.1492998600006104
tf.Tensor(-10871.324530150527, shape=(), dtype=float64)
nll_grad  cost time: 3.2954158782958984
tf.Tensor(-10871.327054082565, shape=(), dtype=float64)
nll_grad  cost time: 3.061854362487793
tf.Tensor(-10871.329840725455, shape=(), dtype=float64)
nll_grad  cost time: 3.103748083114624
tf.Tensor(-10871.332768653065, shape=(), dtype=float64)
nll_grad  cost time: 3.1220483779907227
tf.Tensor(-10871.335636687869, shape=(), dtype=float64)
nll_grad  cost time: 3.0213470458984375
tf.Tensor(-10871.337989640706, shape=(), dtype=float64)
nll_grad  cost time: 3.0068836212158203
tf.Tensor(-10871.341631584299, shape=(), dtype=float64)
nll_grad  cost time: 3.012214183807373
tf.Tensor(-10871.347380717027, shape=(), dtype=float64)
nll_grad  cost time: 2.9265284538269043
tf.Tensor(-10871.356524372666, shape=(), dtype=float64)
nll_grad  cost time: 2.852816104888916
tf.Tensor(-10871.368675774673, shape=(), dtype=float64)
nll_grad  cost time: 2.8740174770355225
tf.Tensor(-10871.384444571675, shape=(), dtype=float64)
nll_grad  cost time: 3.0766916275024414
tf.Tensor(-10871.403332618273, shape=(), dtype=float64)
nll_grad  cost time: 2.922340154647827
tf.Tensor(-10871.435748253272, shape=(), dtype=float64)
nll_grad  cost time: 3.225104808807373
tf.Tensor(-10871.491858398877, shape=(), dtype=float64)
nll_grad  cost time: 3.4761345386505127
tf.Tensor(-10871.584867645208, shape=(), dtype=float64)
nll_grad  cost time: 3.6408565044403076
tf.Tensor(-10871.70285557583, shape=(), dtype=float64)
nll_grad  cost time: 3.5396006107330322
nll_grad  cost time: 3.4002630710601807
tf.Tensor(-10871.74735312449, shape=(), dtype=float64)
nll_grad  cost time: 3.260456085205078
tf.Tensor(-10871.808872677339, shape=(), dtype=float64)
nll_grad  cost time: 3.1746795177459717
tf.Tensor(-10871.899130441936, shape=(), dtype=float64)
nll_grad  cost time: 3.194038152694702
tf.Tensor(-10872.047739424012, shape=(), dtype=float64)
nll_grad  cost time: 3.230433225631714
tf.Tensor(-10872.23322325099, shape=(), dtype=float64)
nll_grad  cost time: 3.1103854179382324
tf.Tensor(-10872.368565328474, shape=(), dtype=float64)
nll_grad  cost time: 3.137068748474121
tf.Tensor(-10872.500050383325, shape=(), dtype=float64)
nll_grad  cost time: 3.035228729248047
tf.Tensor(-10872.648848754397, shape=(), dtype=float64)
nll_grad  cost time: 3.201759099960327
tf.Tensor(-10872.799208285345, shape=(), dtype=float64)
nll_grad  cost time: 3.105043888092041
tf.Tensor(-10872.93726076811, shape=(), dtype=float64)
nll_grad  cost time: 3.162860631942749
tf.Tensor(-10873.104830696633, shape=(), dtype=float64)
nll_grad  cost time: 3.0918495655059814
tf.Tensor(-10873.24564997253, shape=(), dtype=float64)
nll_grad  cost time: 3.1240110397338867
tf.Tensor(-10873.391481457595, shape=(), dtype=float64)
nll_grad  cost time: 3.0713019371032715
tf.Tensor(-10873.551484242704, shape=(), dtype=float64)
nll_grad  cost time: 3.2561662197113037
tf.Tensor(-10873.646491278349, shape=(), dtype=float64)
nll_grad  cost time: 3.0423073768615723
tf.Tensor(-10873.769701666493, shape=(), dtype=float64)
nll_grad  cost time: 3.128797769546509
tf.Tensor(-10873.886177825727, shape=(), dtype=float64)
nll_grad  cost time: 3.0466468334198
tf.Tensor(-10873.971883543985, shape=(), dtype=float64)
nll_grad  cost time: 3.124591112136841
tf.Tensor(-10874.07425180195, shape=(), dtype=float64)
nll_grad  cost time: 3.092224359512329
tf.Tensor(-10874.184240767594, shape=(), dtype=float64)
nll_grad  cost time: 3.1874070167541504
tf.Tensor(-10874.253209830837, shape=(), dtype=float64)
nll_grad  cost time: 3.2991409301757812
tf.Tensor(-10874.352554482539, shape=(), dtype=float64)
nll_grad  cost time: 3.0589261054992676
tf.Tensor(-10874.45604559539, shape=(), dtype=float64)
nll_grad  cost time: 2.9979734420776367
tf.Tensor(-10874.498802921804, shape=(), dtype=float64)
nll_grad  cost time: 3.1468310356140137
tf.Tensor(-10874.564541843381, shape=(), dtype=float64)
nll_grad  cost time: 3.1694228649139404
tf.Tensor(-10874.637205127823, shape=(), dtype=float64)
nll_grad  cost time: 3.0178956985473633
tf.Tensor(-10874.675106005194, shape=(), dtype=float64)
nll_grad  cost time: 3.0090863704681396
tf.Tensor(-10874.734701914484, shape=(), dtype=float64)
nll_grad  cost time: 3.27874493598938
tf.Tensor(-10874.832401800992, shape=(), dtype=float64)
nll_grad  cost time: 3.2315709590911865
tf.Tensor(-10874.998201143964, shape=(), dtype=float64)
nll_grad  cost time: 3.4950931072235107
tf.Tensor(-10875.260920631623, shape=(), dtype=float64)
nll_grad  cost time: 3.0465235710144043
tf.Tensor(-10875.406359220931, shape=(), dtype=float64)
nll_grad  cost time: 2.9132578372955322
tf.Tensor(-10875.600610253885, shape=(), dtype=float64)
nll_grad  cost time: 3.1497550010681152
tf.Tensor(-10875.804373328763, shape=(), dtype=float64)
nll_grad  cost time: 2.9744484424591064
tf.Tensor(-10876.015412470799, shape=(), dtype=float64)
nll_grad  cost time: 2.879922866821289
tf.Tensor(-10876.150173578579, shape=(), dtype=float64)
nll_grad  cost time: 3.0371060371398926
tf.Tensor(-10876.357070455728, shape=(), dtype=float64)
nll_grad  cost time: 3.009148359298706
tf.Tensor(-10876.56162346022, shape=(), dtype=float64)
nll_grad  cost time: 3.2932469844818115
tf.Tensor(-10876.667101819756, shape=(), dtype=float64)
nll_grad  cost time: 3.7364680767059326
tf.Tensor(-10876.78768389767, shape=(), dtype=float64)
nll_grad  cost time: 3.8231582641601562
tf.Tensor(-10876.913013938753, shape=(), dtype=float64)
nll_grad  cost time: 3.6015241146087646
tf.Tensor(-10876.95828445394, shape=(), dtype=float64)
nll_grad  cost time: 3.5408663749694824
tf.Tensor(-10877.022254335156, shape=(), dtype=float64)
nll_grad  cost time: 3.3755578994750977
tf.Tensor(-10877.075582785685, shape=(), dtype=float64)
nll_grad  cost time: 3.559084177017212
tf.Tensor(-10877.10033509411, shape=(), dtype=float64)
nll_grad  cost time: 3.680328369140625
tf.Tensor(-10877.138109443265, shape=(), dtype=float64)
nll_grad  cost time: 3.7332024574279785
tf.Tensor(-10877.195019849114, shape=(), dtype=float64)
nll_grad  cost time: 3.6610469818115234
tf.Tensor(-10877.255144011553, shape=(), dtype=float64)
nll_grad  cost time: 3.40421986579895
tf.Tensor(-10877.320772465755, shape=(), dtype=float64)
nll_grad  cost time: 3.0752692222595215
tf.Tensor(-10877.407563980967, shape=(), dtype=float64)
nll_grad  cost time: 2.951957941055298
tf.Tensor(-10877.509643032397, shape=(), dtype=float64)
nll_grad  cost time: 3.090095043182373
tf.Tensor(-10877.626732111898, shape=(), dtype=float64)
nll_grad  cost time: 3.0194132328033447
tf.Tensor(-10877.6952483887, shape=(), dtype=float64)
nll_grad  cost time: 2.878667116165161
tf.Tensor(-10877.800206305514, shape=(), dtype=float64)
nll_grad  cost time: 2.7187650203704834
tf.Tensor(-10877.93810207643, shape=(), dtype=float64)
nll_grad  cost time: 2.79640793800354
tf.Tensor(-10878.05756950576, shape=(), dtype=float64)
nll_grad  cost time: 2.754899740219116
tf.Tensor(-10878.194657163811, shape=(), dtype=float64)
nll_grad  cost time: 2.8258867263793945
tf.Tensor(-10878.372076133495, shape=(), dtype=float64)
nll_grad  cost time: 2.8132736682891846
tf.Tensor(-10878.595188627223, shape=(), dtype=float64)
nll_grad  cost time: 2.9118459224700928
tf.Tensor(-10878.79715045125, shape=(), dtype=float64)
nll_grad  cost time: 2.7704663276672363
tf.Tensor(-10879.020173479672, shape=(), dtype=float64)
nll_grad  cost time: 2.695934534072876
tf.Tensor(-10879.253585752449, shape=(), dtype=float64)
nll_grad  cost time: 2.8404593467712402
tf.Tensor(-10879.498958144712, shape=(), dtype=float64)
nll_grad  cost time: 3.340484619140625
tf.Tensor(-10879.739536771278, shape=(), dtype=float64)
nll_grad  cost time: 3.3997745513916016
tf.Tensor(-10879.982926842837, shape=(), dtype=float64)
nll_grad  cost time: 3.0624356269836426
tf.Tensor(-10880.197142588178, shape=(), dtype=float64)
nll_grad  cost time: 2.8244335651397705
tf.Tensor(-10880.330216464521, shape=(), dtype=float64)
nll_grad  cost time: 2.8186373710632324
tf.Tensor(-10880.492810422042, shape=(), dtype=float64)
nll_grad  cost time: 2.8538715839385986
tf.Tensor(-10880.649969423812, shape=(), dtype=float64)
nll_grad  cost time: 3.003129482269287
tf.Tensor(-10880.789647738067, shape=(), dtype=float64)
nll_grad  cost time: 2.794955015182495
tf.Tensor(-10880.967667041132, shape=(), dtype=float64)
nll_grad  cost time: 2.908456802368164
tf.Tensor(-10881.1578031409, shape=(), dtype=float64)
nll_grad  cost time: 2.942416191101074
tf.Tensor(-10881.376405364346, shape=(), dtype=float64)
nll_grad  cost time: 2.791693925857544
tf.Tensor(-10881.601941841327, shape=(), dtype=float64)
nll_grad  cost time: 2.7541344165802
nll_grad  cost time: 2.8463377952575684
tf.Tensor(-10881.724026020773, shape=(), dtype=float64)
nll_grad  cost time: 2.9613733291625977
tf.Tensor(-10881.884159965983, shape=(), dtype=float64)
nll_grad  cost time: 2.8846728801727295
tf.Tensor(-10881.999275230537, shape=(), dtype=float64)
nll_grad  cost time: 2.99934720993042
tf.Tensor(-10882.09298992241, shape=(), dtype=float64)
nll_grad  cost time: 2.969656467437744
tf.Tensor(-10882.217987826218, shape=(), dtype=float64)
nll_grad  cost time: 2.7986836433410645
tf.Tensor(-10882.331990731876, shape=(), dtype=float64)
nll_grad  cost time: 2.8532040119171143
nll_grad  cost time: 2.769418239593506
tf.Tensor(-10882.395141249865, shape=(), dtype=float64)
nll_grad  cost time: 2.86761736869812
tf.Tensor(-10882.481778300335, shape=(), dtype=float64)
nll_grad  cost time: 2.9426021575927734
tf.Tensor(-10882.589027589078, shape=(), dtype=float64)
nll_grad  cost time: 2.7701609134674072
tf.Tensor(-10882.696778903643, shape=(), dtype=float64)
nll_grad  cost time: 2.8586204051971436
tf.Tensor(-10882.78524917529, shape=(), dtype=float64)
nll_grad  cost time: 2.8723297119140625
tf.Tensor(-10882.905353940507, shape=(), dtype=float64)
nll_grad  cost time: 2.8552913665771484
tf.Tensor(-10883.023931586184, shape=(), dtype=float64)
nll_grad  cost time: 2.78324818611145
tf.Tensor(-10883.13645527326, shape=(), dtype=float64)
nll_grad  cost time: 2.7953922748565674
tf.Tensor(-10883.275039188276, shape=(), dtype=float64)
nll_grad  cost time: 2.66420316696167
tf.Tensor(-10883.43767145124, shape=(), dtype=float64)
nll_grad  cost time: 2.710740089416504
tf.Tensor(-10883.568858210412, shape=(), dtype=float64)
nll_grad  cost time: 2.7811241149902344
tf.Tensor(-10883.707974460882, shape=(), dtype=float64)
nll_grad  cost time: 2.6161646842956543
tf.Tensor(-10883.85129810941, shape=(), dtype=float64)
nll_grad  cost time: 2.799504280090332
tf.Tensor(-10884.025048934298, shape=(), dtype=float64)
nll_grad  cost time: 2.7432284355163574
tf.Tensor(-10884.182188412924, shape=(), dtype=float64)
nll_grad  cost time: 3.034958600997925
tf.Tensor(-10884.305598450032, shape=(), dtype=float64)
nll_grad  cost time: 3.568974494934082
tf.Tensor(-10884.411984815484, shape=(), dtype=float64)
nll_grad  cost time: 3.3586997985839844
tf.Tensor(-10884.499244387742, shape=(), dtype=float64)
nll_grad  cost time: 3.364715337753296
tf.Tensor(-10884.588538024262, shape=(), dtype=float64)
nll_grad  cost time: 3.2562592029571533
tf.Tensor(-10884.640894368873, shape=(), dtype=float64)
nll_grad  cost time: 3.3986027240753174
tf.Tensor(-10884.692143149943, shape=(), dtype=float64)
nll_grad  cost time: 3.3385579586029053
tf.Tensor(-10884.73681626694, shape=(), dtype=float64)
nll_grad  cost time: 3.329329490661621
tf.Tensor(-10884.7970281585, shape=(), dtype=float64)
nll_grad  cost time: 3.304518222808838
tf.Tensor(-10884.873960736812, shape=(), dtype=float64)
nll_grad  cost time: 3.377093553543091
tf.Tensor(-10884.94827063462, shape=(), dtype=float64)
nll_grad  cost time: 3.4346821308135986
tf.Tensor(-10885.028377874154, shape=(), dtype=float64)
nll_grad  cost time: 2.9600088596343994
tf.Tensor(-10885.107401248413, shape=(), dtype=float64)
nll_grad  cost time: 2.961031675338745
tf.Tensor(-10885.17815037223, shape=(), dtype=float64)
nll_grad  cost time: 2.891616106033325
tf.Tensor(-10885.245033218387, shape=(), dtype=float64)
nll_grad  cost time: 2.8647282123565674
tf.Tensor(-10885.28778824976, shape=(), dtype=float64)
nll_grad  cost time: 2.9478750228881836
tf.Tensor(-10885.321802191018, shape=(), dtype=float64)
nll_grad  cost time: 2.8882384300231934
tf.Tensor(-10885.356884339995, shape=(), dtype=float64)
nll_grad  cost time: 2.934316873550415
tf.Tensor(-10885.393987737047, shape=(), dtype=float64)
nll_grad  cost time: 2.949122190475464
tf.Tensor(-10885.427264872855, shape=(), dtype=float64)
nll_grad  cost time: 2.9262137413024902
tf.Tensor(-10885.452532255382, shape=(), dtype=float64)
nll_grad  cost time: 2.942448377609253
tf.Tensor(-10885.470354948735, shape=(), dtype=float64)
nll_grad  cost time: 2.804227113723755
tf.Tensor(-10885.484587520434, shape=(), dtype=float64)
nll_grad  cost time: 2.851550340652466
tf.Tensor(-10885.499943270715, shape=(), dtype=float64)
nll_grad  cost time: 2.926147222518921
tf.Tensor(-10885.520827081054, shape=(), dtype=float64)
nll_grad  cost time: 2.8749353885650635
tf.Tensor(-10885.538040055722, shape=(), dtype=float64)
nll_grad  cost time: 2.9182095527648926
tf.Tensor(-10885.553369790847, shape=(), dtype=float64)
nll_grad  cost time: 2.896820068359375
tf.Tensor(-10885.573794307256, shape=(), dtype=float64)
nll_grad  cost time: 2.8180763721466064
tf.Tensor(-10885.595403724583, shape=(), dtype=float64)
nll_grad  cost time: 2.8453948497772217
tf.Tensor(-10885.61576353207, shape=(), dtype=float64)
nll_grad  cost time: 2.8487584590911865
tf.Tensor(-10885.635687059268, shape=(), dtype=float64)
nll_grad  cost time: 2.9312360286712646
tf.Tensor(-10885.648231836327, shape=(), dtype=float64)
nll_grad  cost time: 2.985774517059326
tf.Tensor(-10885.664268374352, shape=(), dtype=float64)
nll_grad  cost time: 2.8970389366149902
tf.Tensor(-10885.68782647909, shape=(), dtype=float64)
nll_grad  cost time: 3.0725364685058594
tf.Tensor(-10885.721992127128, shape=(), dtype=float64)
nll_grad  cost time: 2.803107500076294
tf.Tensor(-10885.757046817926, shape=(), dtype=float64)
nll_grad  cost time: 2.8617918491363525
tf.Tensor(-10885.782098386604, shape=(), dtype=float64)
nll_grad  cost time: 2.978710651397705
tf.Tensor(-10885.803551117177, shape=(), dtype=float64)
nll_grad  cost time: 3.0084755420684814
tf.Tensor(-10885.823489454513, shape=(), dtype=float64)
nll_grad  cost time: 2.888739824295044
tf.Tensor(-10885.836342637871, shape=(), dtype=float64)
nll_grad  cost time: 2.8411922454833984
tf.Tensor(-10885.855308158723, shape=(), dtype=float64)
nll_grad  cost time: 2.8498518466949463
tf.Tensor(-10885.880785551322, shape=(), dtype=float64)
nll_grad  cost time: 2.9176812171936035
tf.Tensor(-10885.91167839555, shape=(), dtype=float64)
nll_grad  cost time: 2.825105667114258
tf.Tensor(-10885.949389199624, shape=(), dtype=float64)
nll_grad  cost time: 2.8020055294036865
tf.Tensor(-10885.986147349835, shape=(), dtype=float64)
nll_grad  cost time: 2.8924238681793213
tf.Tensor(-10886.017838612956, shape=(), dtype=float64)
nll_grad  cost time: 2.9918882846832275
tf.Tensor(-10886.043063001129, shape=(), dtype=float64)
nll_grad  cost time: 2.912142038345337
tf.Tensor(-10886.062376292357, shape=(), dtype=float64)
nll_grad  cost time: 3.005471706390381
tf.Tensor(-10886.079483920741, shape=(), dtype=float64)
nll_grad  cost time: 3.1627843379974365
tf.Tensor(-10886.09477825381, shape=(), dtype=float64)
nll_grad  cost time: 3.026601552963257
tf.Tensor(-10886.110858675434, shape=(), dtype=float64)
nll_grad  cost time: 2.868551015853882
tf.Tensor(-10886.126658469864, shape=(), dtype=float64)
nll_grad  cost time: 2.7955169677734375
tf.Tensor(-10886.14104378075, shape=(), dtype=float64)
nll_grad  cost time: 2.871142625808716
tf.Tensor(-10886.15397939492, shape=(), dtype=float64)
nll_grad  cost time: 3.312882423400879
tf.Tensor(-10886.16592593805, shape=(), dtype=float64)
nll_grad  cost time: 3.395799160003662
tf.Tensor(-10886.175197404213, shape=(), dtype=float64)
nll_grad  cost time: 3.2935452461242676
tf.Tensor(-10886.180733551286, shape=(), dtype=float64)
nll_grad  cost time: 3.2775120735168457
tf.Tensor(-10886.188191431615, shape=(), dtype=float64)
nll_grad  cost time: 2.7957170009613037
tf.Tensor(-10886.197980278073, shape=(), dtype=float64)
nll_grad  cost time: 2.8353283405303955
tf.Tensor(-10886.209408844821, shape=(), dtype=float64)
nll_grad  cost time: 2.9412195682525635
tf.Tensor(-10886.220427609976, shape=(), dtype=float64)
nll_grad  cost time: 2.7684717178344727
tf.Tensor(-10886.229122291043, shape=(), dtype=float64)
nll_grad  cost time: 2.8684449195861816
tf.Tensor(-10886.234967968954, shape=(), dtype=float64)
nll_grad  cost time: 2.8724846839904785
tf.Tensor(-10886.23915362286, shape=(), dtype=float64)
nll_grad  cost time: 2.98801326751709
tf.Tensor(-10886.242475516385, shape=(), dtype=float64)
nll_grad  cost time: 2.8518776893615723
tf.Tensor(-10886.245240122324, shape=(), dtype=float64)
nll_grad  cost time: 2.8172764778137207
tf.Tensor(-10886.247958387328, shape=(), dtype=float64)
nll_grad  cost time: 2.792966842651367
tf.Tensor(-10886.250707710224, shape=(), dtype=float64)
nll_grad  cost time: 2.8311824798583984
tf.Tensor(-10886.253304469006, shape=(), dtype=float64)
nll_grad  cost time: 2.904510259628296
tf.Tensor(-10886.255922352793, shape=(), dtype=float64)
nll_grad  cost time: 2.825253963470459
tf.Tensor(-10886.258818521412, shape=(), dtype=float64)
nll_grad  cost time: 2.8983333110809326
tf.Tensor(-10886.26255220118, shape=(), dtype=float64)
nll_grad  cost time: 3.0158870220184326
tf.Tensor(-10886.268063284508, shape=(), dtype=float64)
nll_grad  cost time: 2.8804266452789307
tf.Tensor(-10886.275721288654, shape=(), dtype=float64)
nll_grad  cost time: 2.832552194595337
tf.Tensor(-10886.283887714068, shape=(), dtype=float64)
nll_grad  cost time: 2.9047045707702637
tf.Tensor(-10886.290777741593, shape=(), dtype=float64)
nll_grad  cost time: 2.919131278991699
tf.Tensor(-10886.296122215768, shape=(), dtype=float64)
nll_grad  cost time: 2.9996023178100586
tf.Tensor(-10886.300482018152, shape=(), dtype=float64)
nll_grad  cost time: 2.8944058418273926
tf.Tensor(-10886.305399000732, shape=(), dtype=float64)
nll_grad  cost time: 2.851778507232666
tf.Tensor(-10886.3107548999, shape=(), dtype=float64)
nll_grad  cost time: 2.7896506786346436
tf.Tensor(-10886.316359807883, shape=(), dtype=float64)
nll_grad  cost time: 2.789050340652466
tf.Tensor(-10886.321844974795, shape=(), dtype=float64)
nll_grad  cost time: 2.80519437789917
tf.Tensor(-10886.326899694155, shape=(), dtype=float64)
nll_grad  cost time: 2.871196746826172
tf.Tensor(-10886.331317364595, shape=(), dtype=float64)
nll_grad  cost time: 2.77150297164917
tf.Tensor(-10886.335557075348, shape=(), dtype=float64)
nll_grad  cost time: 2.7976927757263184
tf.Tensor(-10886.33989988549, shape=(), dtype=float64)
nll_grad  cost time: 2.901423692703247
tf.Tensor(-10886.344102562321, shape=(), dtype=float64)
nll_grad  cost time: 2.7973220348358154
tf.Tensor(-10886.347755066017, shape=(), dtype=float64)
nll_grad  cost time: 2.8406054973602295
tf.Tensor(-10886.351034434, shape=(), dtype=float64)
nll_grad  cost time: 3.1064836978912354
tf.Tensor(-10886.354386843592, shape=(), dtype=float64)
nll_grad  cost time: 3.5594067573547363
tf.Tensor(-10886.358333868207, shape=(), dtype=float64)
nll_grad  cost time: 3.3737080097198486
tf.Tensor(-10886.362116973458, shape=(), dtype=float64)
nll_grad  cost time: 3.3026304244995117
tf.Tensor(-10886.366233649595, shape=(), dtype=float64)
nll_grad  cost time: 3.2157492637634277
tf.Tensor(-10886.37169339964, shape=(), dtype=float64)
nll_grad  cost time: 3.2878739833831787
tf.Tensor(-10886.378918230119, shape=(), dtype=float64)
nll_grad  cost time: 3.3397185802459717
tf.Tensor(-10886.387293388241, shape=(), dtype=float64)
nll_grad  cost time: 3.4445931911468506
tf.Tensor(-10886.394798828529, shape=(), dtype=float64)
nll_grad  cost time: 3.5895891189575195
tf.Tensor(-10886.399980745959, shape=(), dtype=float64)
nll_grad  cost time: 3.373969793319702
tf.Tensor(-10886.404473110091, shape=(), dtype=float64)
nll_grad  cost time: 3.4655089378356934
tf.Tensor(-10886.409016634592, shape=(), dtype=float64)
nll_grad  cost time: 2.949728488922119
tf.Tensor(-10886.415885274506, shape=(), dtype=float64)
nll_grad  cost time: 2.82362961769104
tf.Tensor(-10886.425156424884, shape=(), dtype=float64)
nll_grad  cost time: 2.7607033252716064
tf.Tensor(-10886.437976209716, shape=(), dtype=float64)
nll_grad  cost time: 2.860924243927002
tf.Tensor(-10886.452576960433, shape=(), dtype=float64)
nll_grad  cost time: 2.7644643783569336
tf.Tensor(-10886.46248777142, shape=(), dtype=float64)
nll_grad  cost time: 2.787904977798462
tf.Tensor(-10886.471057966093, shape=(), dtype=float64)
nll_grad  cost time: 2.838423490524292
tf.Tensor(-10886.47528836998, shape=(), dtype=float64)
nll_grad  cost time: 2.949779748916626
tf.Tensor(-10886.481128832569, shape=(), dtype=float64)
nll_grad  cost time: 2.7851321697235107
tf.Tensor(-10886.488343839512, shape=(), dtype=float64)
nll_grad  cost time: 2.8885691165924072
tf.Tensor(-10886.496707783612, shape=(), dtype=float64)
nll_grad  cost time: 2.759308099746704
tf.Tensor(-10886.505091872135, shape=(), dtype=float64)
nll_grad  cost time: 2.763963460922241
tf.Tensor(-10886.51142600293, shape=(), dtype=float64)
nll_grad  cost time: 2.775446891784668
tf.Tensor(-10886.515742956672, shape=(), dtype=float64)
nll_grad  cost time: 3.276333808898926
tf.Tensor(-10886.518255043506, shape=(), dtype=float64)
nll_grad  cost time: 3.525820255279541
tf.Tensor(-10886.5200359741, shape=(), dtype=float64)
nll_grad  cost time: 3.124964475631714
tf.Tensor(-10886.521674050979, shape=(), dtype=float64)
nll_grad  cost time: 2.831341028213501
tf.Tensor(-10886.523663714153, shape=(), dtype=float64)
nll_grad  cost time: 2.9963948726654053
tf.Tensor(-10886.526168655266, shape=(), dtype=float64)
nll_grad  cost time: 2.7988717555999756
tf.Tensor(-10886.52999751153, shape=(), dtype=float64)
nll_grad  cost time: 2.8262085914611816
tf.Tensor(-10886.535647264773, shape=(), dtype=float64)
nll_grad  cost time: 2.7294278144836426
tf.Tensor(-10886.54264590063, shape=(), dtype=float64)
nll_grad  cost time: 2.8613100051879883
tf.Tensor(-10886.550510029978, shape=(), dtype=float64)
nll_grad  cost time: 2.787666082382202
tf.Tensor(-10886.55700271326, shape=(), dtype=float64)
nll_grad  cost time: 2.803395986557007
tf.Tensor(-10886.561420544604, shape=(), dtype=float64)
nll_grad  cost time: 2.8176934719085693
tf.Tensor(-10886.565023049894, shape=(), dtype=float64)
nll_grad  cost time: 2.8670942783355713
tf.Tensor(-10886.567952934915, shape=(), dtype=float64)
nll_grad  cost time: 2.6794984340667725
tf.Tensor(-10886.570476594461, shape=(), dtype=float64)
nll_grad  cost time: 2.798794984817505
tf.Tensor(-10886.573422312202, shape=(), dtype=float64)
nll_grad  cost time: 2.833374500274658
tf.Tensor(-10886.578244713342, shape=(), dtype=float64)
nll_grad  cost time: 3.091533660888672
tf.Tensor(-10886.58560133943, shape=(), dtype=float64)
nll_grad  cost time: 2.977262496948242
tf.Tensor(-10886.59456603838, shape=(), dtype=float64)
nll_grad  cost time: 2.8097341060638428
tf.Tensor(-10886.605284296798, shape=(), dtype=float64)
nll_grad  cost time: 2.78749418258667
tf.Tensor(-10886.616528100196, shape=(), dtype=float64)
nll_grad  cost time: 2.7504470348358154
tf.Tensor(-10886.623138311112, shape=(), dtype=float64)
nll_grad  cost time: 2.7629780769348145
tf.Tensor(-10886.632514275865, shape=(), dtype=float64)
nll_grad  cost time: 2.892573118209839
tf.Tensor(-10886.643003605237, shape=(), dtype=float64)
nll_grad  cost time: 2.851297616958618
tf.Tensor(-10886.655985980506, shape=(), dtype=float64)
nll_grad  cost time: 2.777970314025879
tf.Tensor(-10886.670921519522, shape=(), dtype=float64)
nll_grad  cost time: 3.0057554244995117
tf.Tensor(-10886.695293505069, shape=(), dtype=float64)
nll_grad  cost time: 2.7537765502929688
tf.Tensor(-10886.732806960674, shape=(), dtype=float64)
nll_grad  cost time: 2.7966220378875732
tf.Tensor(-10886.774715290147, shape=(), dtype=float64)
nll_grad  cost time: 2.8169612884521484
tf.Tensor(-10886.80489440144, shape=(), dtype=float64)
nll_grad  cost time: 3.340437650680542
nll_grad  cost time: 3.3271687030792236
tf.Tensor(-10886.822651784121, shape=(), dtype=float64)
nll_grad  cost time: 3.214829206466675
tf.Tensor(-10886.837194771939, shape=(), dtype=float64)
nll_grad  cost time: 3.3995888233184814
tf.Tensor(-10886.851303647578, shape=(), dtype=float64)
nll_grad  cost time: 3.52364444732666
tf.Tensor(-10886.858544673694, shape=(), dtype=float64)
nll_grad  cost time: 3.3814539909362793
tf.Tensor(-10886.869447460798, shape=(), dtype=float64)
nll_grad  cost time: 3.3893885612487793
tf.Tensor(-10886.884690039722, shape=(), dtype=float64)
nll_grad  cost time: 3.2708568572998047
tf.Tensor(-10886.903301599043, shape=(), dtype=float64)
nll_grad  cost time: 3.145158052444458
tf.Tensor(-10886.930846637246, shape=(), dtype=float64)
nll_grad  cost time: 3.425539970397949
nll_grad  cost time: 3.3000271320343018
tf.Tensor(-10886.95058610557, shape=(), dtype=float64)
nll_grad  cost time: 3.2299516201019287
tf.Tensor(-10886.980754787786, shape=(), dtype=float64)
nll_grad  cost time: 3.631291389465332
tf.Tensor(-10887.009420554372, shape=(), dtype=float64)
nll_grad  cost time: 3.4544177055358887
tf.Tensor(-10887.0300073035, shape=(), dtype=float64)
nll_grad  cost time: 3.5051252841949463
tf.Tensor(-10887.043239713705, shape=(), dtype=float64)
nll_grad  cost time: 3.352128505706787
tf.Tensor(-10887.054077336947, shape=(), dtype=float64)
nll_grad  cost time: 3.443889856338501
tf.Tensor(-10887.061114381628, shape=(), dtype=float64)
nll_grad  cost time: 3.2986762523651123
tf.Tensor(-10887.069909235684, shape=(), dtype=float64)
nll_grad  cost time: 3.371100425720215
tf.Tensor(-10887.079410623159, shape=(), dtype=float64)
nll_grad  cost time: 3.474475622177124
tf.Tensor(-10887.091821312613, shape=(), dtype=float64)
nll_grad  cost time: 3.4478654861450195
tf.Tensor(-10887.107139085656, shape=(), dtype=float64)
nll_grad  cost time: 3.494356632232666
tf.Tensor(-10887.12225383396, shape=(), dtype=float64)
nll_grad  cost time: 2.936955451965332
tf.Tensor(-10887.139966725987, shape=(), dtype=float64)
nll_grad  cost time: 2.944437026977539
tf.Tensor(-10887.15606080474, shape=(), dtype=float64)
nll_grad  cost time: 2.9228265285491943
tf.Tensor(-10887.171386968002, shape=(), dtype=float64)
nll_grad  cost time: 2.9711151123046875
tf.Tensor(-10887.18028586691, shape=(), dtype=float64)
nll_grad  cost time: 2.976094961166382
tf.Tensor(-10887.189939988442, shape=(), dtype=float64)
nll_grad  cost time: 2.9403417110443115
tf.Tensor(-10887.19686135183, shape=(), dtype=float64)
nll_grad  cost time: 2.9632389545440674
tf.Tensor(-10887.202951151248, shape=(), dtype=float64)
nll_grad  cost time: 2.937359571456909
tf.Tensor(-10887.206891064128, shape=(), dtype=float64)
nll_grad  cost time: 2.839435338973999
tf.Tensor(-10887.209697042428, shape=(), dtype=float64)
nll_grad  cost time: 2.8436102867126465
tf.Tensor(-10887.212079949128, shape=(), dtype=float64)
nll_grad  cost time: 2.8948307037353516
tf.Tensor(-10887.214541456422, shape=(), dtype=float64)
nll_grad  cost time: 3.0017993450164795
tf.Tensor(-10887.21799277997, shape=(), dtype=float64)
nll_grad  cost time: 2.935439348220825
tf.Tensor(-10887.223413257325, shape=(), dtype=float64)
nll_grad  cost time: 2.8426201343536377
tf.Tensor(-10887.231160024065, shape=(), dtype=float64)
nll_grad  cost time: 2.8475401401519775
tf.Tensor(-10887.238369718503, shape=(), dtype=float64)
nll_grad  cost time: 2.8016138076782227
tf.Tensor(-10887.248753645821, shape=(), dtype=float64)
nll_grad  cost time: 2.868204355239868
tf.Tensor(-10887.261313034207, shape=(), dtype=float64)
nll_grad  cost time: 2.8488612174987793
tf.Tensor(-10887.27552549012, shape=(), dtype=float64)
nll_grad  cost time: 2.8793046474456787
tf.Tensor(-10887.288558222433, shape=(), dtype=float64)
nll_grad  cost time: 2.766611337661743
tf.Tensor(-10887.298702553318, shape=(), dtype=float64)
nll_grad  cost time: 2.8145246505737305
tf.Tensor(-10887.31041973556, shape=(), dtype=float64)
nll_grad  cost time: 2.7863690853118896
tf.Tensor(-10887.32470194067, shape=(), dtype=float64)
nll_grad  cost time: 2.8699660301208496
tf.Tensor(-10887.34492430877, shape=(), dtype=float64)
nll_grad  cost time: 2.861832618713379
tf.Tensor(-10887.361503367549, shape=(), dtype=float64)
nll_grad  cost time: 2.9026243686676025
tf.Tensor(-10887.382548541813, shape=(), dtype=float64)
nll_grad  cost time: 2.8370096683502197
tf.Tensor(-10887.405258013107, shape=(), dtype=float64)
nll_grad  cost time: 2.8382740020751953
tf.Tensor(-10887.429592576169, shape=(), dtype=float64)
nll_grad  cost time: 2.830587387084961
tf.Tensor(-10887.45133454814, shape=(), dtype=float64)
nll_grad  cost time: 2.8915467262268066
tf.Tensor(-10887.46554620062, shape=(), dtype=float64)
nll_grad  cost time: 2.9402875900268555
tf.Tensor(-10887.483802051174, shape=(), dtype=float64)
nll_grad  cost time: 2.9117884635925293
tf.Tensor(-10887.503137498541, shape=(), dtype=float64)
nll_grad  cost time: 2.9578423500061035
tf.Tensor(-10887.51246798276, shape=(), dtype=float64)
nll_grad  cost time: 2.797396421432495
tf.Tensor(-10887.52121863329, shape=(), dtype=float64)
nll_grad  cost time: 2.8074874877929688
tf.Tensor(-10887.532057152242, shape=(), dtype=float64)
nll_grad  cost time: 2.870467185974121
tf.Tensor(-10887.543201997247, shape=(), dtype=float64)
nll_grad  cost time: 2.8082199096679688
tf.Tensor(-10887.551403852427, shape=(), dtype=float64)
nll_grad  cost time: 2.896702289581299
tf.Tensor(-10887.558488925963, shape=(), dtype=float64)
nll_grad  cost time: 2.805600881576538
tf.Tensor(-10887.565320002039, shape=(), dtype=float64)
nll_grad  cost time: 2.778165578842163
tf.Tensor(-10887.569809241046, shape=(), dtype=float64)
nll_grad  cost time: 2.711883306503296
tf.Tensor(-10887.573194511086, shape=(), dtype=float64)
nll_grad  cost time: 2.772228956222534
tf.Tensor(-10887.577452935333, shape=(), dtype=float64)
nll_grad  cost time: 2.865168333053589
tf.Tensor(-10887.581071892404, shape=(), dtype=float64)
nll_grad  cost time: 2.8075199127197266
tf.Tensor(-10887.584554571935, shape=(), dtype=float64)
nll_grad  cost time: 2.7958977222442627
tf.Tensor(-10887.58909480432, shape=(), dtype=float64)
nll_grad  cost time: 2.8043296337127686
tf.Tensor(-10887.595305656574, shape=(), dtype=float64)
nll_grad  cost time: 2.8678224086761475
tf.Tensor(-10887.60495979746, shape=(), dtype=float64)
nll_grad  cost time: 2.7705044746398926
tf.Tensor(-10887.619282752174, shape=(), dtype=float64)
nll_grad  cost time: 2.8497111797332764
tf.Tensor(-10887.634912899546, shape=(), dtype=float64)
nll_grad  cost time: 2.7172837257385254
tf.Tensor(-10887.651655721354, shape=(), dtype=float64)
nll_grad  cost time: 2.7101869583129883
tf.Tensor(-10887.669433185678, shape=(), dtype=float64)
nll_grad  cost time: 2.725548505783081
tf.Tensor(-10887.678806574044, shape=(), dtype=float64)
nll_grad  cost time: 2.750920295715332
tf.Tensor(-10887.691718457929, shape=(), dtype=float64)
nll_grad  cost time: 2.83257794380188
tf.Tensor(-10887.702517365098, shape=(), dtype=float64)
nll_grad  cost time: 2.708012104034424
tf.Tensor(-10887.709417746213, shape=(), dtype=float64)
nll_grad  cost time: 2.8929336071014404
tf.Tensor(-10887.713443162655, shape=(), dtype=float64)
nll_grad  cost time: 2.757772445678711
tf.Tensor(-10887.717166375187, shape=(), dtype=float64)
nll_grad  cost time: 3.14532732963562
tf.Tensor(-10887.7207897872, shape=(), dtype=float64)
nll_grad  cost time: 2.682892322540283
tf.Tensor(-10887.725819764288, shape=(), dtype=float64)
nll_grad  cost time: 2.7501471042633057
tf.Tensor(-10887.732488125646, shape=(), dtype=float64)
nll_grad  cost time: 2.7127673625946045
tf.Tensor(-10887.740962857966, shape=(), dtype=float64)
nll_grad  cost time: 2.6732442378997803
tf.Tensor(-10887.752621264724, shape=(), dtype=float64)
nll_grad  cost time: 2.6627326011657715
nll_grad  cost time: 2.687549114227295
tf.Tensor(-10887.75935120404, shape=(), dtype=float64)
nll_grad  cost time: 2.8093533515930176
tf.Tensor(-10887.770722580852, shape=(), dtype=float64)
nll_grad  cost time: 2.6923398971557617
tf.Tensor(-10887.78866315974, shape=(), dtype=float64)
nll_grad  cost time: 2.767930030822754
tf.Tensor(-10887.808497018214, shape=(), dtype=float64)
nll_grad  cost time: 2.773062229156494
nll_grad  cost time: 2.6486687660217285
tf.Tensor(-10887.816880242048, shape=(), dtype=float64)
nll_grad  cost time: 2.746799945831299
tf.Tensor(-10887.82618432954, shape=(), dtype=float64)
nll_grad  cost time: 2.7506039142608643
tf.Tensor(-10887.838874871071, shape=(), dtype=float64)
nll_grad  cost time: 2.744194507598877
tf.Tensor(-10887.854464514567, shape=(), dtype=float64)
nll_grad  cost time: 2.8453474044799805
tf.Tensor(-10887.866853738647, shape=(), dtype=float64)
nll_grad  cost time: 2.7516605854034424
tf.Tensor(-10887.882302543716, shape=(), dtype=float64)
nll_grad  cost time: 2.740718364715576
tf.Tensor(-10887.898003647719, shape=(), dtype=float64)
nll_grad  cost time: 2.6821699142456055
tf.Tensor(-10887.909470806895, shape=(), dtype=float64)
nll_grad  cost time: 2.763902187347412
tf.Tensor(-10887.918107346006, shape=(), dtype=float64)
nll_grad  cost time: 2.9108071327209473
tf.Tensor(-10887.923377967192, shape=(), dtype=float64)
nll_grad  cost time: 2.5849719047546387
tf.Tensor(-10887.930067585854, shape=(), dtype=float64)
nll_grad  cost time: 2.625697612762451
tf.Tensor(-10887.937040003817, shape=(), dtype=float64)
nll_grad  cost time: 2.751852035522461
tf.Tensor(-10887.942916753309, shape=(), dtype=float64)
nll_grad  cost time: 2.829448938369751
tf.Tensor(-10887.949230325576, shape=(), dtype=float64)
nll_grad  cost time: 2.752877712249756
tf.Tensor(-10887.952201445467, shape=(), dtype=float64)
nll_grad  cost time: 2.7159736156463623
tf.Tensor(-10887.95633825181, shape=(), dtype=float64)
nll_grad  cost time: 2.7005484104156494
tf.Tensor(-10887.961354884246, shape=(), dtype=float64)
nll_grad  cost time: 2.7326767444610596
tf.Tensor(-10887.967315981808, shape=(), dtype=float64)
nll_grad  cost time: 2.658644437789917
tf.Tensor(-10887.97350827526, shape=(), dtype=float64)
nll_grad  cost time: 2.6284806728363037
tf.Tensor(-10887.980096800267, shape=(), dtype=float64)
nll_grad  cost time: 2.574571132659912
tf.Tensor(-10887.987106855639, shape=(), dtype=float64)
nll_grad  cost time: 2.6522555351257324
tf.Tensor(-10887.993569657523, shape=(), dtype=float64)
nll_grad  cost time: 2.584477663040161
tf.Tensor(-10888.000837171629, shape=(), dtype=float64)
nll_grad  cost time: 2.5975546836853027
tf.Tensor(-10888.005853416918, shape=(), dtype=float64)
nll_grad  cost time: 2.5784683227539062
tf.Tensor(-10888.011295247881, shape=(), dtype=float64)
nll_grad  cost time: 2.656390905380249
tf.Tensor(-10888.015577410937, shape=(), dtype=float64)
nll_grad  cost time: 2.549856424331665
tf.Tensor(-10888.018974447165, shape=(), dtype=float64)
nll_grad  cost time: 2.6138157844543457
tf.Tensor(-10888.021288607644, shape=(), dtype=float64)
nll_grad  cost time: 2.5734059810638428
tf.Tensor(-10888.022455711249, shape=(), dtype=float64)
nll_grad  cost time: 2.630837917327881
tf.Tensor(-10888.02322875287, shape=(), dtype=float64)
nll_grad  cost time: 2.6861345767974854
tf.Tensor(-10888.023942720381, shape=(), dtype=float64)
nll_grad  cost time: 2.839646339416504
tf.Tensor(-10888.024926373357, shape=(), dtype=float64)
nll_grad  cost time: 2.651008129119873
tf.Tensor(-10888.025933766938, shape=(), dtype=float64)
nll_grad  cost time: 2.647503614425659
tf.Tensor(-10888.02693266702, shape=(), dtype=float64)
nll_grad  cost time: 2.7155416011810303
tf.Tensor(-10888.028474262988, shape=(), dtype=float64)
nll_grad  cost time: 2.694756507873535
tf.Tensor(-10888.030623449657, shape=(), dtype=float64)
nll_grad  cost time: 2.6765270233154297
tf.Tensor(-10888.032945312763, shape=(), dtype=float64)
nll_grad  cost time: 2.505408763885498
tf.Tensor(-10888.03608428725, shape=(), dtype=float64)
nll_grad  cost time: 2.598083019256592
tf.Tensor(-10888.040045064994, shape=(), dtype=float64)
nll_grad  cost time: 2.683889865875244
tf.Tensor(-10888.045507080908, shape=(), dtype=float64)
nll_grad  cost time: 2.6735451221466064
tf.Tensor(-10888.052988852804, shape=(), dtype=float64)
nll_grad  cost time: 2.752459764480591
tf.Tensor(-10888.062290254882, shape=(), dtype=float64)
nll_grad  cost time: 2.6030805110931396
tf.Tensor(-10888.07216974605, shape=(), dtype=float64)
nll_grad  cost time: 2.541700839996338
tf.Tensor(-10888.079789958094, shape=(), dtype=float64)
nll_grad  cost time: 2.579056739807129
tf.Tensor(-10888.084323950898, shape=(), dtype=float64)
nll_grad  cost time: 2.694669485092163
tf.Tensor(-10888.086654277722, shape=(), dtype=float64)
nll_grad  cost time: 2.6100971698760986
tf.Tensor(-10888.087723584558, shape=(), dtype=float64)
nll_grad  cost time: 2.650650978088379
tf.Tensor(-10888.088403024707, shape=(), dtype=float64)
nll_grad  cost time: 2.5839266777038574
tf.Tensor(-10888.089104226729, shape=(), dtype=float64)
nll_grad  cost time: 2.593935251235962
tf.Tensor(-10888.090008078867, shape=(), dtype=float64)
nll_grad  cost time: 2.640237808227539
tf.Tensor(-10888.090590026102, shape=(), dtype=float64)
nll_grad  cost time: 2.679819345474243
tf.Tensor(-10888.090972202583, shape=(), dtype=float64)
nll_grad  cost time: 2.7193384170532227
tf.Tensor(-10888.091182081218, shape=(), dtype=float64)
nll_grad  cost time: 2.5448389053344727
tf.Tensor(-10888.091319878447, shape=(), dtype=float64)
nll_grad  cost time: 2.6920058727264404
tf.Tensor(-10888.091419287994, shape=(), dtype=float64)
nll_grad  cost time: 2.627162218093872
tf.Tensor(-10888.091508112557, shape=(), dtype=float64)
nll_grad  cost time: 2.5314724445343018
tf.Tensor(-10888.09160381712, shape=(), dtype=float64)
nll_grad  cost time: 2.526101589202881
tf.Tensor(-10888.091740612464, shape=(), dtype=float64)
nll_grad  cost time: 2.6070847511291504
tf.Tensor(-10888.091959746802, shape=(), dtype=float64)
nll_grad  cost time: 2.597590446472168
tf.Tensor(-10888.09232070982, shape=(), dtype=float64)
nll_grad  cost time: 2.648270606994629
tf.Tensor(-10888.092919548806, shape=(), dtype=float64)
nll_grad  cost time: 2.604461908340454
tf.Tensor(-10888.093895202397, shape=(), dtype=float64)
nll_grad  cost time: 2.624289035797119
tf.Tensor(-10888.095408723231, shape=(), dtype=float64)
nll_grad  cost time: 2.754714250564575
tf.Tensor(-10888.097400477956, shape=(), dtype=float64)
nll_grad  cost time: 2.66721510887146
tf.Tensor(-10888.099418376663, shape=(), dtype=float64)
nll_grad  cost time: 2.6113569736480713
tf.Tensor(-10888.101215973296, shape=(), dtype=float64)
nll_grad  cost time: 2.6612484455108643
tf.Tensor(-10888.102284853692, shape=(), dtype=float64)
nll_grad  cost time: 2.74520206451416
tf.Tensor(-10888.10296593108, shape=(), dtype=float64)
nll_grad  cost time: 2.6187312602996826
tf.Tensor(-10888.103448262482, shape=(), dtype=float64)
nll_grad  cost time: 2.648548126220703
tf.Tensor(-10888.103753171043, shape=(), dtype=float64)
nll_grad  cost time: 2.684063196182251
tf.Tensor(-10888.103929948229, shape=(), dtype=float64)
nll_grad  cost time: 2.6655690670013428
tf.Tensor(-10888.104028050016, shape=(), dtype=float64)
nll_grad  cost time: 2.6512343883514404
tf.Tensor(-10888.104076331438, shape=(), dtype=float64)
nll_grad  cost time: 2.672140598297119
tf.Tensor(-10888.104089885732, shape=(), dtype=float64)
nll_grad  cost time: 2.7144901752471924
tf.Tensor(-10888.104093309521, shape=(), dtype=float64)
nll_grad  cost time: 2.612992763519287
tf.Tensor(-10888.10409457696, shape=(), dtype=float64)
nll_grad  cost time: 2.706361770629883
tf.Tensor(-10888.10409566627, shape=(), dtype=float64)
nll_grad  cost time: 2.6438403129577637
tf.Tensor(-10888.104097039766, shape=(), dtype=float64)
nll_grad  cost time: 2.61377215385437
tf.Tensor(-10888.104099339263, shape=(), dtype=float64)
nll_grad  cost time: 2.711181640625
tf.Tensor(-10888.10410335955, shape=(), dtype=float64)
nll_grad  cost time: 2.5909459590911865
tf.Tensor(-10888.104110517725, shape=(), dtype=float64)
nll_grad  cost time: 2.6516599655151367
tf.Tensor(-10888.104123290123, shape=(), dtype=float64)
nll_grad  cost time: 2.5966451168060303
tf.Tensor(-10888.104145887115, shape=(), dtype=float64)
nll_grad  cost time: 2.5902905464172363
tf.Tensor(-10888.104185236123, shape=(), dtype=float64)
nll_grad  cost time: 2.598245859146118
tf.Tensor(-10888.104252427576, shape=(), dtype=float64)
nll_grad  cost time: 2.7027101516723633
tf.Tensor(-10888.104365100851, shape=(), dtype=float64)
nll_grad  cost time: 2.569334030151367
tf.Tensor(-10888.104551338813, shape=(), dtype=float64)
nll_grad  cost time: 2.536708116531372
tf.Tensor(-10888.104852475688, shape=(), dtype=float64)
nll_grad  cost time: 2.701169490814209
tf.Tensor(-10888.105307810976, shape=(), dtype=float64)
nll_grad  cost time: 2.583346128463745
tf.Tensor(-10888.105774401156, shape=(), dtype=float64)
nll_grad  cost time: 2.596421003341675
tf.Tensor(-10888.106071792405, shape=(), dtype=float64)
nll_grad  cost time: 2.609156847000122
tf.Tensor(-10888.10619041009, shape=(), dtype=float64)
nll_grad  cost time: 2.643749475479126
tf.Tensor(-10888.106223635943, shape=(), dtype=float64)
nll_grad  cost time: 2.589613199234009
tf.Tensor(-10888.106245273531, shape=(), dtype=float64)
nll_grad  cost time: 2.8977723121643066
tf.Tensor(-10888.106262309895, shape=(), dtype=float64)
nll_grad  cost time: 2.704129934310913
tf.Tensor(-10888.106272050682, shape=(), dtype=float64)
nll_grad  cost time: 2.688084363937378
tf.Tensor(-10888.106279590178, shape=(), dtype=float64)
nll_grad  cost time: 2.6265525817871094
tf.Tensor(-10888.106290226027, shape=(), dtype=float64)
nll_grad  cost time: 2.5958824157714844
tf.Tensor(-10888.106307315193, shape=(), dtype=float64)
nll_grad  cost time: 2.7029707431793213
tf.Tensor(-10888.10633543877, shape=(), dtype=float64)
nll_grad  cost time: 2.545910120010376
tf.Tensor(-10888.106382503189, shape=(), dtype=float64)
nll_grad  cost time: 2.5924956798553467
tf.Tensor(-10888.106462564137, shape=(), dtype=float64)
nll_grad  cost time: 2.6048121452331543
tf.Tensor(-10888.106600862033, shape=(), dtype=float64)
nll_grad  cost time: 2.685469627380371
tf.Tensor(-10888.106842505098, shape=(), dtype=float64)
nll_grad  cost time: 2.540778398513794
tf.Tensor(-10888.107267703028, shape=(), dtype=float64)
nll_grad  cost time: 2.5744571685791016
tf.Tensor(-10888.108018907333, shape=(), dtype=float64)
nll_grad  cost time: 2.5425562858581543
tf.Tensor(-10888.109347660571, shape=(), dtype=float64)
nll_grad  cost time: 2.6044397354125977
tf.Tensor(-10888.111648885973, shape=(), dtype=float64)
nll_grad  cost time: 2.6530277729034424
tf.Tensor(-10888.115163054219, shape=(), dtype=float64)
nll_grad  cost time: 2.5662102699279785
tf.Tensor(-10888.12026650682, shape=(), dtype=float64)
nll_grad  cost time: 2.6086924076080322
tf.Tensor(-10888.1288875491, shape=(), dtype=float64)
nll_grad  cost time: 2.652160406112671
tf.Tensor(-10888.139006094538, shape=(), dtype=float64)
nll_grad  cost time: 2.59805965423584
tf.Tensor(-10888.153785746235, shape=(), dtype=float64)
nll_grad  cost time: 2.4931418895721436
tf.Tensor(-10888.166379365299, shape=(), dtype=float64)
nll_grad  cost time: 2.6246724128723145
nll_grad  cost time: 2.7129433155059814
tf.Tensor(-10888.171771947986, shape=(), dtype=float64)
nll_grad  cost time: 2.7598648071289062
tf.Tensor(-10888.174548247891, shape=(), dtype=float64)
nll_grad  cost time: 2.786508798599243
tf.Tensor(-10888.17867636386, shape=(), dtype=float64)
nll_grad  cost time: 2.6933209896087646
tf.Tensor(-10888.183279127952, shape=(), dtype=float64)
nll_grad  cost time: 2.7359447479248047
tf.Tensor(-10888.18621845965, shape=(), dtype=float64)
nll_grad  cost time: 2.544857978820801
tf.Tensor(-10888.188174385785, shape=(), dtype=float64)
nll_grad  cost time: 2.601175308227539
tf.Tensor(-10888.191316159424, shape=(), dtype=float64)
nll_grad  cost time: 2.7197365760803223
tf.Tensor(-10888.195708446063, shape=(), dtype=float64)
nll_grad  cost time: 2.641781806945801
tf.Tensor(-10888.198865821549, shape=(), dtype=float64)
nll_grad  cost time: 2.6643970012664795
tf.Tensor(-10888.20279336132, shape=(), dtype=float64)
nll_grad  cost time: 2.5987703800201416
tf.Tensor(-10888.204507360639, shape=(), dtype=float64)
nll_grad  cost time: 2.714138984680176
tf.Tensor(-10888.207243008084, shape=(), dtype=float64)
nll_grad  cost time: 2.608034372329712
tf.Tensor(-10888.211106351442, shape=(), dtype=float64)
nll_grad  cost time: 2.6500723361968994
tf.Tensor(-10888.214910650782, shape=(), dtype=float64)
nll_grad  cost time: 2.6906983852386475
nll_grad  cost time: 2.9360110759735107
tf.Tensor(-10888.216793888118, shape=(), dtype=float64)
nll_grad  cost time: 2.6801130771636963
tf.Tensor(-10888.220090990024, shape=(), dtype=float64)
nll_grad  cost time: 2.648310899734497
tf.Tensor(-10888.223449031084, shape=(), dtype=float64)
nll_grad  cost time: 2.616964817047119
tf.Tensor(-10888.228255318169, shape=(), dtype=float64)
nll_grad  cost time: 2.6957554817199707
tf.Tensor(-10888.2358857929, shape=(), dtype=float64)
nll_grad  cost time: 2.6147189140319824
tf.Tensor(-10888.246088258598, shape=(), dtype=float64)
nll_grad  cost time: 2.6404895782470703
tf.Tensor(-10888.261146641195, shape=(), dtype=float64)
nll_grad  cost time: 2.6348702907562256
tf.Tensor(-10888.273968900849, shape=(), dtype=float64)
nll_grad  cost time: 2.624871253967285
tf.Tensor(-10888.292866817279, shape=(), dtype=float64)
nll_grad  cost time: 2.642834186553955
nll_grad  cost time: 2.569697141647339
tf.Tensor(-10888.302376449814, shape=(), dtype=float64)
nll_grad  cost time: 2.5974698066711426
tf.Tensor(-10888.314032834951, shape=(), dtype=float64)
nll_grad  cost time: 2.6795156002044678
tf.Tensor(-10888.327458813095, shape=(), dtype=float64)
nll_grad  cost time: 2.6332008838653564
tf.Tensor(-10888.332995866967, shape=(), dtype=float64)
nll_grad  cost time: 2.705471992492676
tf.Tensor(-10888.337883950848, shape=(), dtype=float64)
nll_grad  cost time: 2.790147066116333
tf.Tensor(-10888.342486903635, shape=(), dtype=float64)
nll_grad  cost time: 2.668555736541748
tf.Tensor(-10888.346445103085, shape=(), dtype=float64)
nll_grad  cost time: 2.717522382736206
tf.Tensor(-10888.350791537632, shape=(), dtype=float64)
nll_grad  cost time: 2.6291770935058594
tf.Tensor(-10888.354756839915, shape=(), dtype=float64)
nll_grad  cost time: 2.658090353012085
tf.Tensor(-10888.359323733028, shape=(), dtype=float64)
nll_grad  cost time: 2.6127419471740723
tf.Tensor(-10888.363270974001, shape=(), dtype=float64)
nll_grad  cost time: 2.688246011734009
tf.Tensor(-10888.366398421174, shape=(), dtype=float64)
nll_grad  cost time: 2.6180880069732666
tf.Tensor(-10888.367311442038, shape=(), dtype=float64)
nll_grad  cost time: 2.5934245586395264
tf.Tensor(-10888.368765261643, shape=(), dtype=float64)
nll_grad  cost time: 2.635308027267456
tf.Tensor(-10888.370659651297, shape=(), dtype=float64)
nll_grad  cost time: 2.5700161457061768
tf.Tensor(-10888.37215404187, shape=(), dtype=float64)
nll_grad  cost time: 2.5312719345092773
tf.Tensor(-10888.374430450443, shape=(), dtype=float64)
nll_grad  cost time: 2.639648914337158
tf.Tensor(-10888.377260048172, shape=(), dtype=float64)
nll_grad  cost time: 2.5717227458953857
tf.Tensor(-10888.380213868484, shape=(), dtype=float64)
nll_grad  cost time: 2.520847797393799
tf.Tensor(-10888.384727190085, shape=(), dtype=float64)
nll_grad  cost time: 2.5817482471466064
tf.Tensor(-10888.392128765296, shape=(), dtype=float64)
nll_grad  cost time: 2.680157423019409
tf.Tensor(-10888.403270717521, shape=(), dtype=float64)
nll_grad  cost time: 2.7133519649505615
tf.Tensor(-10888.413333620556, shape=(), dtype=float64)
nll_grad  cost time: 2.5969810485839844
nll_grad  cost time: 2.5078957080841064
tf.Tensor(-10888.416896677518, shape=(), dtype=float64)
nll_grad  cost time: 2.5601537227630615
tf.Tensor(-10888.422888187954, shape=(), dtype=float64)
nll_grad  cost time: 2.506272077560425
tf.Tensor(-10888.430963629366, shape=(), dtype=float64)
nll_grad  cost time: 2.7013163566589355
nll_grad  cost time: 2.495919942855835
tf.Tensor(-10888.434229125276, shape=(), dtype=float64)
nll_grad  cost time: 2.5177626609802246
tf.Tensor(-10888.437797365255, shape=(), dtype=float64)
nll_grad  cost time: 2.5173795223236084
tf.Tensor(-10888.440878423036, shape=(), dtype=float64)
nll_grad  cost time: 2.5426790714263916
tf.Tensor(-10888.443167922633, shape=(), dtype=float64)
nll_grad  cost time: 2.5708303451538086
tf.Tensor(-10888.44618457582, shape=(), dtype=float64)
nll_grad  cost time: 2.566197395324707
tf.Tensor(-10888.45074640404, shape=(), dtype=float64)
nll_grad  cost time: 2.711390495300293
tf.Tensor(-10888.457486715946, shape=(), dtype=float64)
nll_grad  cost time: 2.6328237056732178
tf.Tensor(-10888.463719604126, shape=(), dtype=float64)
nll_grad  cost time: 2.728027105331421
nll_grad  cost time: 2.507486343383789
tf.Tensor(-10888.466176079492, shape=(), dtype=float64)
nll_grad  cost time: 2.598921298980713
tf.Tensor(-10888.46983188266, shape=(), dtype=float64)
nll_grad  cost time: 2.541259765625
tf.Tensor(-10888.474255804227, shape=(), dtype=float64)
nll_grad  cost time: 2.4777309894561768
tf.Tensor(-10888.475814636156, shape=(), dtype=float64)
nll_grad  cost time: 2.4969024658203125
tf.Tensor(-10888.477867896363, shape=(), dtype=float64)
nll_grad  cost time: 2.518556594848633
tf.Tensor(-10888.479960208482, shape=(), dtype=float64)
nll_grad  cost time: 2.524937391281128
tf.Tensor(-10888.482266453138, shape=(), dtype=float64)
nll_grad  cost time: 2.6030988693237305
tf.Tensor(-10888.485085389155, shape=(), dtype=float64)
nll_grad  cost time: 2.622183322906494
tf.Tensor(-10888.487796577509, shape=(), dtype=float64)
nll_grad  cost time: 2.716961622238159
tf.Tensor(-10888.489720856072, shape=(), dtype=float64)
nll_grad  cost time: 2.6310997009277344
tf.Tensor(-10888.490433206833, shape=(), dtype=float64)
nll_grad  cost time: 2.650907278060913
tf.Tensor(-10888.49159134776, shape=(), dtype=float64)
nll_grad  cost time: 2.541593313217163
tf.Tensor(-10888.493037186447, shape=(), dtype=float64)
nll_grad  cost time: 2.706578493118286
tf.Tensor(-10888.493777377054, shape=(), dtype=float64)
nll_grad  cost time: 2.6897881031036377
tf.Tensor(-10888.494162515675, shape=(), dtype=float64)
nll_grad  cost time: 2.597895383834839
tf.Tensor(-10888.494685720882, shape=(), dtype=float64)
nll_grad  cost time: 2.641805410385132
tf.Tensor(-10888.49492806408, shape=(), dtype=float64)
nll_grad  cost time: 2.6108505725860596
tf.Tensor(-10888.495041593924, shape=(), dtype=float64)
nll_grad  cost time: 2.666922092437744
tf.Tensor(-10888.495165852812, shape=(), dtype=float64)
nll_grad  cost time: 2.5530619621276855
tf.Tensor(-10888.49527137767, shape=(), dtype=float64)
nll_grad  cost time: 2.5817902088165283
tf.Tensor(-10888.495366488409, shape=(), dtype=float64)
nll_grad  cost time: 2.548227310180664
tf.Tensor(-10888.495517246363, shape=(), dtype=float64)
nll_grad  cost time: 2.5736353397369385
tf.Tensor(-10888.495728250804, shape=(), dtype=float64)
nll_grad  cost time: 2.52158260345459
tf.Tensor(-10888.495854804478, shape=(), dtype=float64)
nll_grad  cost time: 2.571690082550049
tf.Tensor(-10888.495914962536, shape=(), dtype=float64)
nll_grad  cost time: 2.5139577388763428
tf.Tensor(-10888.495948782853, shape=(), dtype=float64)
nll_grad  cost time: 2.5126986503601074
tf.Tensor(-10888.495963761212, shape=(), dtype=float64)
nll_grad  cost time: 2.5863587856292725
tf.Tensor(-10888.495972504716, shape=(), dtype=float64)
nll_grad  cost time: 2.578502655029297
tf.Tensor(-10888.49597851183, shape=(), dtype=float64)
nll_grad  cost time: 2.4875762462615967
tf.Tensor(-10888.49598457744, shape=(), dtype=float64)
nll_grad  cost time: 2.5802817344665527
tf.Tensor(-10888.49598803182, shape=(), dtype=float64)
nll_grad  cost time: 2.6611924171447754
tf.Tensor(-10888.495991108313, shape=(), dtype=float64)
nll_grad  cost time: 2.5514633655548096
tf.Tensor(-10888.495992634671, shape=(), dtype=float64)
nll_grad  cost time: 2.5630598068237305
tf.Tensor(-10888.495993273027, shape=(), dtype=float64)
nll_grad  cost time: 2.7677228450775146
tf.Tensor(-10888.49599351353, shape=(), dtype=float64)
nll_grad  cost time: 2.585364580154419
tf.Tensor(-10888.495993632288, shape=(), dtype=float64)
nll_grad  cost time: 2.5621914863586426
tf.Tensor(-10888.495993693938, shape=(), dtype=float64)
nll_grad  cost time: 2.5738675594329834
tf.Tensor(-10888.49599372143, shape=(), dtype=float64)
nll_grad  cost time: 2.6214449405670166
tf.Tensor(-10888.495993734872, shape=(), dtype=float64)
nll_grad  cost time: 2.54874324798584
tf.Tensor(-10888.495993742083, shape=(), dtype=float64)
nll_grad  cost time: 2.4506001472473145
tf.Tensor(-10888.49599374583, shape=(), dtype=float64)
nll_grad  cost time: 2.483003616333008
tf.Tensor(-10888.495993747718, shape=(), dtype=float64)
Optimization terminated successfully.
         Current function value: -10888.495994
         Iterations: 1155
         Function evaluations: 1183
         Gradient evaluations: 1183
  message: Optimization terminated successfully.
  success: True
   status: 0
      fun: -10888.495993747718
        x: [ 3.689e+00  1.938e-01 ... -2.700e+00 -2.276e+00]
      nit: 1155
      jac: [ 0.000e+00  0.000e+00 ... -3.912e-05  1.336e-04]
 hess_inv: [[ 1.000e+00  0.000e+00 ...  0.000e+00  0.000e+00]
            [ 0.000e+00  1.000e+00 ...  0.000e+00  0.000e+00]
            ...
            [ 0.000e+00  0.000e+00 ...  3.531e+00  5.010e-02]
            [ 0.000e+00  0.000e+00 ...  5.010e-02  4.807e-01]]
     nfev: 1183
     njev: 1183
fit  cost time: 3714.1373500823975

========== Fit loop 4/5 ==========
using RANDOM parameters

########### initial parameters
{
  "rho(1450)p_mass": 1.51,
  "rho(1450)p_width": 0.44,
  "rho(1570)p_mass": 1.57,
  "rho(1570)p_width": 0.14,
  "rho(1690)p_mass": 1.681,
  "rho(1690)p_width": 0.19,
  "rho(1450)m_mass": 1.51,
  "rho(1450)m_width": 0.44,
  "rho(1570)m_mass": 1.57,
  "rho(1570)m_width": 0.14,
  "rho(1690)m_mass": 1.681,
  "rho(1690)m_width": 0.19,
  "f0(500)_E791_mass": 0.478,
  "f2(1270)_flatte_mass": 1.2754,
  "f2(1270)_flatte_g_0": 0.2182373712620686,
  "f2(1270)_flatte_g_1": 0.25747345029688123,
  "f0(1370)_mass": 1.37,
  "f0(1370)_width": 0.35,
  "f2(1430)_mass": 1.43,
  "f2(1430)_width": 0.046,
  "Jpsi->rho(1450)p.pimrho(1450)p->phi.pip_total_0r": 1.0,
  "Jpsi->rho(1450)p.pimrho(1450)p->phi.pip_total_0i": 0.0,
  "Jpsi->rho(1450)p.pim_g_ls_0r": 1.0,
  "Jpsi->rho(1450)p.pim_g_ls_0i": 0.0,
  "rho(1450)p->phi.pip_g_ls_0r": 1.0,
  "rho(1450)p->phi.pip_g_ls_0i": 0.0,
  "Jpsi->rho(1570)p.pimrho(1570)p->phi.pip_total_0r": 0.15127014665642013,
  "Jpsi->rho(1570)p.pimrho(1570)p->phi.pip_total_0i": 1.3274679829716236,
  "Jpsi->rho(1570)p.pim_g_ls_0r": 1.0,
  "Jpsi->rho(1570)p.pim_g_ls_0i": 0.0,
  "rho(1570)p->phi.pip_g_ls_0r": 1.0,
  "rho(1570)p->phi.pip_g_ls_0i": 0.0,
  "Jpsi->rho(1690)p.pimrho(1690)p->phi.pip_total_0r": 1.0452660354911343,
  "Jpsi->rho(1690)p.pimrho(1690)p->phi.pip_total_0i": 2.575233004345697,
  "Jpsi->rho(1690)p.pim_g_ls_0r": 1.0,
  "Jpsi->rho(1690)p.pim_g_ls_0i": 0.0,
  "rho(1690)p->phi.pip_g_ls_0r": 1.0,
  "rho(1690)p->phi.pip_g_ls_0i": 0.0,
  "Jpsi->rho(1450)m.piprho(1450)m->phi.pim_total_0r": 1.0,
  "Jpsi->rho(1450)m.piprho(1450)m->phi.pim_total_0i": 0.0,
  "Jpsi->rho(1450)m.pip_g_ls_0r": 1.0,
  "Jpsi->rho(1450)m.pip_g_ls_0i": 0.0,
  "rho(1450)m->phi.pim_g_ls_0r": 1.0,
  "rho(1450)m->phi.pim_g_ls_0i": 0.0,
  "Jpsi->rho(1570)m.piprho(1570)m->phi.pim_total_0r": 0.15127014665642013,
  "Jpsi->rho(1570)m.piprho(1570)m->phi.pim_total_0i": 1.3274679829716236,
  "Jpsi->rho(1570)m.pip_g_ls_0r": 1.0,
  "Jpsi->rho(1570)m.pip_g_ls_0i": 0.0,
  "rho(1570)m->phi.pim_g_ls_0r": 1.0,
  "rho(1570)m->phi.pim_g_ls_0i": 0.0,
  "Jpsi->rho(1690)m.piprho(1690)m->phi.pim_total_0r": 1.0452660354911343,
  "Jpsi->rho(1690)m.piprho(1690)m->phi.pim_total_0i": 2.575233004345697,
  "Jpsi->rho(1690)m.pip_g_ls_0r": 1.0,
  "Jpsi->rho(1690)m.pip_g_ls_0i": 0.0,
  "rho(1690)m->phi.pim_g_ls_0r": 1.0,
  "rho(1690)m->phi.pim_g_ls_0i": 0.0,
  "Jpsi->phi.f0(500)_E791f0(500)_E791->pip.pim_total_0r": 0.06370689036823718,
  "Jpsi->phi.f0(500)_E791f0(500)_E791->pip.pim_total_0i": 1.7983338356010021,
  "Jpsi->phi.f0(500)_E791_g_ls_0r": 1.0,
  "Jpsi->phi.f0(500)_E791_g_ls_0i": 0.0,
  "Jpsi->phi.f0(500)_E791_g_ls_1r": 0.5505558813788483,
  "Jpsi->phi.f0(500)_E791_g_ls_1i": 0.4654914688037519,
  "f0(500)_E791->pip.pim_g_ls_0r": 1.0,
  "f0(500)_E791->pip.pim_g_ls_0i": 0.0,
  "Jpsi->phi.f0(980)_flattef0(980)_flatte->pip.pim_total_0r": 0.609438730055957,
  "Jpsi->phi.f0(980)_flattef0(980)_flatte->pip.pim_total_0i": -0.005393131141919749,
  "f0(980)_flatte->pip.pim_g_ls_0r": 1.0,
  "f0(980)_flatte->pip.pim_g_ls_0i": 0.0,
  "Jpsi->phi.f2(1270)_flattef2(1270)_flatte->pip.pim_total_0r": 1.1047134536195444,
  "Jpsi->phi.f2(1270)_flattef2(1270)_flatte->pip.pim_total_0i": 3.0568460171848137,
  "Jpsi->phi.f2(1270)_flatte_g_ls_0r": 1.0,
  "Jpsi->phi.f2(1270)_flatte_g_ls_0i": 0.0,
  "Jpsi->phi.f2(1270)_flatte_g_ls_1r": 1.2857055810003568,
  "Jpsi->phi.f2(1270)_flatte_g_ls_1i": -1.9443441447796068,
  "Jpsi->phi.f2(1270)_flatte_g_ls_2r": 0.42659225864785233,
  "Jpsi->phi.f2(1270)_flatte_g_ls_2i": 1.9993651712396456,
  "Jpsi->phi.f2(1270)_flatte_g_ls_3r": 0.10148542904794189,
  "Jpsi->phi.f2(1270)_flatte_g_ls_3i": 1.4079633290129738,
  "Jpsi->phi.f2(1270)_flatte_g_ls_4r": 0.3797668973783175,
  "Jpsi->phi.f2(1270)_flatte_g_ls_4i": -0.485203081648629,
  "f2(1270)_flatte->pip.pim_g_ls_0r": 1.0,
  "f2(1270)_flatte->pip.pim_g_ls_0i": 0.0,
  "Jpsi->phi.f0(1370)f0(1370)->pip.pim_total_0r": 0.7920868338431393,
  "Jpsi->phi.f0(1370)f0(1370)->pip.pim_total_0i": 1.8701576278942822,
  "Jpsi->phi.f0(1370)_g_ls_0r": 1.0,
  "Jpsi->phi.f0(1370)_g_ls_0i": 0.0,
  "Jpsi->phi.f0(1370)_g_ls_1r": 0.6132800256874797,
  "Jpsi->phi.f0(1370)_g_ls_1i": -3.1383307320638374,
  "f0(1370)->pip.pim_g_ls_0r": 1.0,
  "f0(1370)->pip.pim_g_ls_0i": 0.0,
  "Jpsi->phi.f0(1710)f0(1710)->pip.pim_total_0r": 1.1221312180437417,
  "Jpsi->phi.f0(1710)f0(1710)->pip.pim_total_0i": 2.6557694252462234,
  "f0(1710)->pip.pim_g_ls_0r": 1.0,
  "f0(1710)->pip.pim_g_ls_0i": 0.0,
  "Jpsi->phi.f2(1430)f2(1430)->pip.pim_total_0r": 1.5577238205784325,
  "Jpsi->phi.f2(1430)f2(1430)->pip.pim_total_0i": -1.0306134136171936,
  "Jpsi->phi.f2(1430)_g_ls_0r": 1.0,
  "Jpsi->phi.f2(1430)_g_ls_0i": 0.0,
  "Jpsi->phi.f2(1430)_g_ls_1r": 0.49276356826083223,
  "Jpsi->phi.f2(1430)_g_ls_1i": -1.928979976240339,
  "Jpsi->phi.f2(1430)_g_ls_2r": 1.73229683186198,
  "Jpsi->phi.f2(1430)_g_ls_2i": -2.806845025982296,
  "Jpsi->phi.f2(1430)_g_ls_3r": 1.3864870498667594,
  "Jpsi->phi.f2(1430)_g_ls_3i": -0.5002243388987586,
  "Jpsi->phi.f2(1430)_g_ls_4r": 1.616014935361576,
  "Jpsi->phi.f2(1430)_g_ls_4i": -0.8877396687257457,
  "f2(1430)->pip.pim_g_ls_0r": 1.0,
  "f2(1430)->pip.pim_g_ls_0i": 0.0,
  "Jpsi->phi.f0(1500)f0(1500)->pip.pim_total_0r": 1.1479707011186795,
  "Jpsi->phi.f0(1500)f0(1500)->pip.pim_total_0i": 1.993244293480342,
  "f0(1500)->pip.pim_g_ls_0r": 1.0,
  "f0(1500)->pip.pim_g_ls_0i": 0.0,
  "K1(1400)p_mass": 1.403,
  "K1(1400)p_width": 0.174,
  "K2(1820)p_mass": 1.819,
  "K2(1820)p_width": 0.264,
  "K2(1980)p_mass": 1.99,
  "K2(1980)p_width": 0.348,
  "K2(2250)p_mass": 2.247,
  "K2(2250)p_width": 0.18,
  "K3(2320)p_mass": 2.324,
  "K3(2320)p_width": 0.15,
  "K1(1400)m_mass": 1.403,
  "K1(1400)m_width": 0.174,
  "K2(1820)m_mass": 1.819,
  "K2(1820)m_width": 0.264,
  "K2(1980)m_mass": 1.99,
  "K2(1980)m_width": 0.348,
  "K3(2320)m_mass": 2.324,
  "K3(2320)m_width": 0.15,
  "f0(980)_flatte_mass": 0.965,
  "f0(980)_flatte_g_0": 4.5627394354518644,
  "f0(980)_flatte_g_1": 0.5420993629786606,
  "f2(1270)_mass": 1.2754,
  "f2(1270)_width": 0.1858,
  "f0(1500)_mass": 1.522,
  "f0(1500)_width": 0.108,
  "f2(1525)_mass": 1.5173,
  "f2(1525)_width": 0.072,
  "f2(1565)_mass": 1.571,
  "f2(1565)_width": 0.132,
  "f0(1710)_mass": 1.733,
  "f0(1710)_width": 0.15,
  "f2(1810)_mass": 1.815,
  "f2(1810)_width": 0.197,
  "Jpsi->K1(1400)p.kmK1(1400)p->phi.kp_total_0r": 1.0,
  "Jpsi->K1(1400)p.kmK1(1400)p->phi.kp_total_0i": 0.0,
  "Jpsi->K1(1400)p.km_g_ls_0r": 1.0,
  "Jpsi->K1(1400)p.km_g_ls_0i": 0.0,
  "Jpsi->K1(1400)p.km_g_ls_1r": 1.1477010463331534,
  "Jpsi->K1(1400)p.km_g_ls_1i": 0.10323403030445011,
  "K1(1400)p->phi.kp_g_ls_0r": 1.0,
  "K1(1400)p->phi.kp_g_ls_0i": 0.0,
  "K1(1400)p->phi.kp_g_ls_1r": 1.3845829615905196,
  "K1(1400)p->phi.kp_g_ls_1i": 2.2351940811998965,
  "Jpsi->K2(1820)p.kmK2(1820)p->phi.kp_total_0r": 1.1109827034472284,
  "Jpsi->K2(1820)p.kmK2(1820)p->phi.kp_total_0i": -0.6995492131300773,
  "Jpsi->K2(1820)p.km_g_ls_0r": 1.0,
  "Jpsi->K2(1820)p.km_g_ls_0i": 0.0,
  "Jpsi->K2(1820)p.km_g_ls_1r": 0.8835538415335478,
  "Jpsi->K2(1820)p.km_g_ls_1i": 1.4501109381024673,
  "K2(1820)p->phi.kp_g_ls_0r": 1.0,
  "K2(1820)p->phi.kp_g_ls_0i": 0.0,
  "K2(1820)p->phi.kp_g_ls_1r": 1.266209423969356,
  "K2(1820)p->phi.kp_g_ls_1i": 3.0793962105140293,
  "Jpsi->K2(1980)p.kmK2(1980)p->phi.kp_total_0r": 1.212987914023925,
  "Jpsi->K2(1980)p.kmK2(1980)p->phi.kp_total_0i": 2.569220387559753,
  "Jpsi->K2(1980)p.km_g_ls_0r": 1.0,
  "Jpsi->K2(1980)p.km_g_ls_0i": 0.0,
  "K2(1980)p->phi.kp_g_ls_0r": 1.0,
  "K2(1980)p->phi.kp_g_ls_0i": 0.0,
  "Jpsi->K2(2250)p.kmK2(2250)p->phi.kp_total_0r": 1.6302306356051757,
  "Jpsi->K2(2250)p.kmK2(2250)p->phi.kp_total_0i": 2.158035254940237,
  "Jpsi->K2(2250)p.km_g_ls_0r": 1.0,
  "Jpsi->K2(2250)p.km_g_ls_0i": 0.0,
  "Jpsi->K2(2250)p.km_g_ls_1r": 1.2694062979215905,
  "Jpsi->K2(2250)p.km_g_ls_1i": 2.954740515529955,
  "K2(2250)p->phi.kp_g_ls_0r": 1.0,
  "K2(2250)p->phi.kp_g_ls_0i": 0.0,
  "K2(2250)p->phi.kp_g_ls_1r": 0.3685144422895861,
  "K2(2250)p->phi.kp_g_ls_1i": 0.9342151617949526,
  "Jpsi->K3(2320)p.kmK3(2320)p->phi.kp_total_0r": 1.4262365474300673,
  "Jpsi->K3(2320)p.kmK3(2320)p->phi.kp_total_0i": 1.808296721147654,
  "Jpsi->K3(2320)p.km_g_ls_0r": 1.0,
  "Jpsi->K3(2320)p.km_g_ls_0i": 0.0,
  "Jpsi->K3(2320)p.km_g_ls_1r": 0.8999748280916116,
  "Jpsi->K3(2320)p.km_g_ls_1i": -1.9340129849656238,
  "K3(2320)p->phi.kp_g_ls_0r": 1.0,
  "K3(2320)p->phi.kp_g_ls_0i": 0.0,
  "K3(2320)p->phi.kp_g_ls_1r": 0.7784881142723963,
  "K3(2320)p->phi.kp_g_ls_1i": 1.9581806892083105,
  "Jpsi->K1(1400)m.kpK1(1400)m->phi.km_total_0r": 1.0,
  "Jpsi->K1(1400)m.kpK1(1400)m->phi.km_total_0i": 0.0,
  "Jpsi->K1(1400)m.kp_g_ls_0r": 1.0,
  "Jpsi->K1(1400)m.kp_g_ls_0i": 0.0,
  "Jpsi->K1(1400)m.kp_g_ls_1r": 1.1477010463331534,
  "Jpsi->K1(1400)m.kp_g_ls_1i": 0.10323403030445011,
  "K1(1400)m->phi.km_g_ls_0r": 1.0,
  "K1(1400)m->phi.km_g_ls_0i": 0.0,
  "K1(1400)m->phi.km_g_ls_1r": 1.3845829615905196,
  "K1(1400)m->phi.km_g_ls_1i": 2.2351940811998965,
  "Jpsi->K2(1820)m.kpK2(1820)m->phi.km_total_0r": 1.1109827034472284,
  "Jpsi->K2(1820)m.kpK2(1820)m->phi.km_total_0i": -0.6995492131300773,
  "Jpsi->K2(1820)m.kp_g_ls_0r": 1.0,
  "Jpsi->K2(1820)m.kp_g_ls_0i": 0.0,
  "Jpsi->K2(1820)m.kp_g_ls_1r": 0.8835538415335478,
  "Jpsi->K2(1820)m.kp_g_ls_1i": 1.4501109381024673,
  "K2(1820)m->phi.km_g_ls_0r": 1.0,
  "K2(1820)m->phi.km_g_ls_0i": 0.0,
  "K2(1820)m->phi.km_g_ls_1r": 1.266209423969356,
  "K2(1820)m->phi.km_g_ls_1i": 3.0793962105140293,
  "Jpsi->K2(1980)m.kpK2(1980)m->phi.km_total_0r": 1.212987914023925,
  "Jpsi->K2(1980)m.kpK2(1980)m->phi.km_total_0i": 2.569220387559753,
  "Jpsi->K2(1980)m.kp_g_ls_0r": 1.0,
  "Jpsi->K2(1980)m.kp_g_ls_0i": 0.0,
  "K2(1980)m->phi.km_g_ls_0r": 1.0,
  "K2(1980)m->phi.km_g_ls_0i": 0.0,
  "Jpsi->K2(2250)p.kpK2(2250)p->phi.km_total_0r": 1.7670661804146683,
  "Jpsi->K2(2250)p.kpK2(2250)p->phi.km_total_0i": 1.5807675417501512,
  "Jpsi->K2(2250)p.kp_g_ls_0r": 1.0,
  "Jpsi->K2(2250)p.kp_g_ls_0i": 0.0,
  "Jpsi->K2(2250)p.kp_g_ls_1r": 0.9643929924422405,
  "Jpsi->K2(2250)p.kp_g_ls_1i": 0.2449989040284568,
  "K2(2250)p->phi.km_g_ls_0r": 1.0,
  "K2(2250)p->phi.km_g_ls_0i": 0.0,
  "K2(2250)p->phi.km_g_ls_1r": 1.9497695771762813,
  "K2(2250)p->phi.km_g_ls_1i": 2.5004349645562884,
  "Jpsi->K3(2320)m.kpK3(2320)m->phi.km_total_0r": 1.4262365474300673,
  "Jpsi->K3(2320)m.kpK3(2320)m->phi.km_total_0i": 1.808296721147654,
  "Jpsi->K3(2320)m.kp_g_ls_0r": 1.0,
  "Jpsi->K3(2320)m.kp_g_ls_0i": 0.0,
  "Jpsi->K3(2320)m.kp_g_ls_1r": 0.8999748280916116,
  "Jpsi->K3(2320)m.kp_g_ls_1i": -1.9340129849656238,
  "K3(2320)m->phi.km_g_ls_0r": 1.0,
  "K3(2320)m->phi.km_g_ls_0i": 0.0,
  "K3(2320)m->phi.km_g_ls_1r": 0.7784881142723963,
  "K3(2320)m->phi.km_g_ls_1i": 1.9581806892083105,
  "Jpsi->phi.f0(980)_flattef0(980)_flatte->kp.km_total_0r": 0.3770319051128874,
  "Jpsi->phi.f0(980)_flattef0(980)_flatte->kp.km_total_0i": -0.5107195005336407,
  "Jpsi->phi.f0(980)_flatte_g_ls_0r": 1.0,
  "Jpsi->phi.f0(980)_flatte_g_ls_0i": 0.0,
  "Jpsi->phi.f0(980)_flatte_g_ls_1r": 0.5763177737150267,
  "Jpsi->phi.f0(980)_flatte_g_ls_1i": 0.20709749074270922,
  "f0(980)_flatte->kp.km_g_ls_0r": 1.0,
  "f0(980)_flatte->kp.km_g_ls_0i": 0.0,
  "Jpsi->phi.f2(1270)f2(1270)->kp.km_total_0r": 0.7498347463882231,
  "Jpsi->phi.f2(1270)f2(1270)->kp.km_total_0i": -1.5088748987293592,
  "Jpsi->phi.f2(1270)_g_ls_0r": 1.0,
  "Jpsi->phi.f2(1270)_g_ls_0i": 0.0,
  "Jpsi->phi.f2(1270)_g_ls_1r": 1.1974169445255818,
  "Jpsi->phi.f2(1270)_g_ls_1i": -3.084641136483793,
  "Jpsi->phi.f2(1270)_g_ls_2r": 1.148322530614187,
  "Jpsi->phi.f2(1270)_g_ls_2i": -2.2800195025877366,
  "Jpsi->phi.f2(1270)_g_ls_3r": 1.0297405813109344,
  "Jpsi->phi.f2(1270)_g_ls_3i": 0.3252010726214185,
  "Jpsi->phi.f2(1270)_g_ls_4r": 1.2272840828301872,
  "Jpsi->phi.f2(1270)_g_ls_4i": -2.5346119949294197,
  "f2(1270)->kp.km_g_ls_0r": 1.0,
  "f2(1270)->kp.km_g_ls_0i": 0.0,
  "Jpsi->phi.f0(1500)f0(1500)->kp.km_total_0r": 1.9210606947088786,
  "Jpsi->phi.f0(1500)f0(1500)->kp.km_total_0i": -0.4718450544825563,
  "Jpsi->phi.f0(1500)_g_ls_0r": 1.0,
  "Jpsi->phi.f0(1500)_g_ls_0i": 0.0,
  "Jpsi->phi.f0(1500)_g_ls_1r": 1.1483455487458434,
  "Jpsi->phi.f0(1500)_g_ls_1i": 1.5649567724503974,
  "f0(1500)->kp.km_g_ls_0r": 1.0,
  "f0(1500)->kp.km_g_ls_0i": 0.0,
  "Jpsi->phi.f2(1525)f2(1525)->kp.km_total_0r": 0.6679408998062675,
  "Jpsi->phi.f2(1525)f2(1525)->kp.km_total_0i": 1.1379857164929392,
  "Jpsi->phi.f2(1525)_g_ls_0r": 1.0,
  "Jpsi->phi.f2(1525)_g_ls_0i": 0.0,
  "Jpsi->phi.f2(1525)_g_ls_1r": 1.7386857850588933,
  "Jpsi->phi.f2(1525)_g_ls_1i": 1.135148501950705,
  "Jpsi->phi.f2(1525)_g_ls_2r": 1.4657358723797231,
  "Jpsi->phi.f2(1525)_g_ls_2i": 0.10041276108817376,
  "Jpsi->phi.f2(1525)_g_ls_3r": 1.2220175990330695,
  "Jpsi->phi.f2(1525)_g_ls_3i": -0.40449522606760224,
  "Jpsi->phi.f2(1525)_g_ls_4r": 1.3273947356327445,
  "Jpsi->phi.f2(1525)_g_ls_4i": -2.6913732111647737,
  "f2(1525)->kp.km_g_ls_0r": 1.0,
  "f2(1525)->kp.km_g_ls_0i": 0.0,
  "Jpsi->phi.f2(1565)f2(1565)->kp.km_total_0r": 1.8035729010321875,
  "Jpsi->phi.f2(1565)f2(1565)->kp.km_total_0i": 0.8418263499648875,
  "Jpsi->phi.f2(1565)_g_ls_0r": 1.0,
  "Jpsi->phi.f2(1565)_g_ls_0i": 0.0,
  "Jpsi->phi.f2(1565)_g_ls_1r": 1.1708488207987857,
  "Jpsi->phi.f2(1565)_g_ls_1i": 2.566195761249423,
  "Jpsi->phi.f2(1565)_g_ls_2r": 0.5595606325310372,
  "Jpsi->phi.f2(1565)_g_ls_2i": -1.1492262012974048,
  "Jpsi->phi.f2(1565)_g_ls_3r": 0.649083670776089,
  "Jpsi->phi.f2(1565)_g_ls_3i": -1.5032528126146334,
  "Jpsi->phi.f2(1565)_g_ls_4r": 1.003338881221946,
  "Jpsi->phi.f2(1565)_g_ls_4i": -2.1061637657248324,
  "f2(1565)->kp.km_g_ls_0r": 1.0,
  "f2(1565)->kp.km_g_ls_0i": 0.0,
  "Jpsi->phi.f0(1710)f0(1710)->kp.km_total_0r": 1.705664547900025,
  "Jpsi->phi.f0(1710)f0(1710)->kp.km_total_0i": 2.0692218186548397,
  "Jpsi->phi.f0(1710)_g_ls_0r": 1.0,
  "Jpsi->phi.f0(1710)_g_ls_0i": 0.0,
  "Jpsi->phi.f0(1710)_g_ls_1r": 1.6633644330856474,
  "Jpsi->phi.f0(1710)_g_ls_1i": 0.9412667297956299,
  "f0(1710)->kp.km_g_ls_0r": 1.0,
  "f0(1710)->kp.km_g_ls_0i": 0.0,
  "Jpsi->phi.f2(1810)f2(1810)->kp.km_total_0r": 1.9019452621582702,
  "Jpsi->phi.f2(1810)f2(1810)->kp.km_total_0i": -0.6858689738687898,
  "Jpsi->phi.f2(1810)_g_ls_0r": 1.0,
  "Jpsi->phi.f2(1810)_g_ls_0i": 0.0,
  "Jpsi->phi.f2(1810)_g_ls_1r": 1.8468483950704622,
  "Jpsi->phi.f2(1810)_g_ls_1i": 2.800937094857751,
  "Jpsi->phi.f2(1810)_g_ls_2r": 1.282979830661632,
  "Jpsi->phi.f2(1810)_g_ls_2i": -2.303170515253252,
  "Jpsi->phi.f2(1810)_g_ls_3r": 0.48811336512423864,
  "Jpsi->phi.f2(1810)_g_ls_3i": 0.3832472304404493,
  "Jpsi->phi.f2(1810)_g_ls_4r": 1.2229066350495628,
  "Jpsi->phi.f2(1810)_g_ls_4i": 0.20439099932687022,
  "f2(1810)->kp.km_g_ls_0r": 1.0,
  "f2(1810)->kp.km_g_ls_0i": 0.0
}
nll_grad  cost time: 2.5316853523254395
nll_grad  cost time: 2.5341382026672363
tf.Tensor(2078.026274512202, shape=(), dtype=float64)
nll_grad  cost time: 2.559147596359253
tf.Tensor(-1139.4578973769458, shape=(), dtype=float64)
nll_grad  cost time: 2.638606071472168
tf.Tensor(-2679.8976001820847, shape=(), dtype=float64)
nll_grad  cost time: 2.6771771907806396
tf.Tensor(-4064.269353988093, shape=(), dtype=float64)
nll_grad  cost time: 2.536271810531616
tf.Tensor(-5468.56593118509, shape=(), dtype=float64)
nll_grad  cost time: 2.5166196823120117
tf.Tensor(-6450.4784299752355, shape=(), dtype=float64)
nll_grad  cost time: 2.515106678009033
tf.Tensor(-6901.845881787245, shape=(), dtype=float64)
nll_grad  cost time: 2.635666847229004
tf.Tensor(-7152.982862099074, shape=(), dtype=float64)
nll_grad  cost time: 2.6341779232025146
tf.Tensor(-7495.240624464466, shape=(), dtype=float64)
nll_grad  cost time: 2.617509126663208
tf.Tensor(-7872.757026596111, shape=(), dtype=float64)
nll_grad  cost time: 2.502676486968994
tf.Tensor(-8091.250766873185, shape=(), dtype=float64)
nll_grad  cost time: 2.5642335414886475
tf.Tensor(-8212.02929538938, shape=(), dtype=float64)
nll_grad  cost time: 2.581108570098877
tf.Tensor(-8290.754255492982, shape=(), dtype=float64)
nll_grad  cost time: 2.5483784675598145
tf.Tensor(-8423.212999350013, shape=(), dtype=float64)
nll_grad  cost time: 2.633213520050049
tf.Tensor(-8651.945068399029, shape=(), dtype=float64)
nll_grad  cost time: 2.5576343536376953
nll_grad  cost time: 2.510244846343994
tf.Tensor(-8806.406755898453, shape=(), dtype=float64)
nll_grad  cost time: 2.663038492202759
tf.Tensor(-8932.530447296464, shape=(), dtype=float64)
nll_grad  cost time: 2.582695722579956
nll_grad  cost time: 2.48895001411438
tf.Tensor(-8994.615973105872, shape=(), dtype=float64)
nll_grad  cost time: 2.555833578109741
tf.Tensor(-9056.579924757796, shape=(), dtype=float64)
nll_grad  cost time: 2.5415310859680176
tf.Tensor(-9103.497074982544, shape=(), dtype=float64)
nll_grad  cost time: 2.588350534439087
tf.Tensor(-9137.20871878088, shape=(), dtype=float64)
nll_grad  cost time: 2.5239181518554688
tf.Tensor(-9182.452547770052, shape=(), dtype=float64)
nll_grad  cost time: 2.5190420150756836
tf.Tensor(-9241.299731662803, shape=(), dtype=float64)
nll_grad  cost time: 2.8366236686706543
tf.Tensor(-9304.505238301848, shape=(), dtype=float64)
nll_grad  cost time: 2.728264093399048
tf.Tensor(-9362.575991514197, shape=(), dtype=float64)
nll_grad  cost time: 2.6524112224578857
nll_grad  cost time: 2.596601724624634
tf.Tensor(-9394.101406237562, shape=(), dtype=float64)
nll_grad  cost time: 2.57453989982605
tf.Tensor(-9437.110169632462, shape=(), dtype=float64)
nll_grad  cost time: 2.624199867248535
tf.Tensor(-9492.40880129984, shape=(), dtype=float64)
nll_grad  cost time: 2.6312882900238037
tf.Tensor(-9536.410124655857, shape=(), dtype=float64)
nll_grad  cost time: 2.4991307258605957
tf.Tensor(-9576.026720573194, shape=(), dtype=float64)
nll_grad  cost time: 2.5578484535217285
tf.Tensor(-9613.020555166717, shape=(), dtype=float64)
nll_grad  cost time: 2.622774600982666
tf.Tensor(-9653.459167736699, shape=(), dtype=float64)
nll_grad  cost time: 2.5494964122772217
nll_grad  cost time: 2.581479787826538
tf.Tensor(-9673.617985539197, shape=(), dtype=float64)
nll_grad  cost time: 2.6250791549682617
tf.Tensor(-9702.997610402046, shape=(), dtype=float64)
nll_grad  cost time: 2.54233717918396
tf.Tensor(-9728.199263392817, shape=(), dtype=float64)
nll_grad  cost time: 2.5494871139526367
tf.Tensor(-9754.427327174897, shape=(), dtype=float64)
nll_grad  cost time: 2.710848569869995
tf.Tensor(-9767.964556422914, shape=(), dtype=float64)
nll_grad  cost time: 2.6085755825042725
tf.Tensor(-9784.709556230475, shape=(), dtype=float64)
nll_grad  cost time: 2.433354616165161
tf.Tensor(-9799.968422274047, shape=(), dtype=float64)
nll_grad  cost time: 2.5494675636291504
tf.Tensor(-9817.217417442254, shape=(), dtype=float64)
nll_grad  cost time: 2.4830923080444336
tf.Tensor(-9841.06489856678, shape=(), dtype=float64)
nll_grad  cost time: 2.577791213989258
tf.Tensor(-9871.622674331054, shape=(), dtype=float64)
nll_grad  cost time: 2.501136541366577
tf.Tensor(-9903.772665578668, shape=(), dtype=float64)
nll_grad  cost time: 2.46590518951416
tf.Tensor(-9935.21239636514, shape=(), dtype=float64)
nll_grad  cost time: 2.5806219577789307
tf.Tensor(-9974.318912487259, shape=(), dtype=float64)
nll_grad  cost time: 2.578329086303711
tf.Tensor(-9998.412188596034, shape=(), dtype=float64)
nll_grad  cost time: 2.460920810699463
nll_grad  cost time: 2.4475085735321045
tf.Tensor(-10008.83131578227, shape=(), dtype=float64)
nll_grad  cost time: 2.4892029762268066
tf.Tensor(-10021.488399492024, shape=(), dtype=float64)
nll_grad  cost time: 2.4434661865234375
tf.Tensor(-10040.248057792778, shape=(), dtype=float64)
nll_grad  cost time: 2.432485342025757
tf.Tensor(-10052.860981042148, shape=(), dtype=float64)
nll_grad  cost time: 2.5109503269195557
tf.Tensor(-10070.873843379639, shape=(), dtype=float64)
nll_grad  cost time: 2.498934268951416
tf.Tensor(-10090.440695335114, shape=(), dtype=float64)
nll_grad  cost time: 2.448199987411499
tf.Tensor(-10103.024004785722, shape=(), dtype=float64)
nll_grad  cost time: 2.578606605529785
tf.Tensor(-10119.024729113546, shape=(), dtype=float64)
nll_grad  cost time: 2.5905420780181885
tf.Tensor(-10133.745437575679, shape=(), dtype=float64)
nll_grad  cost time: 2.606088876724243
tf.Tensor(-10144.627047015994, shape=(), dtype=float64)
nll_grad  cost time: 2.593167543411255
tf.Tensor(-10154.723530656993, shape=(), dtype=float64)
nll_grad  cost time: 2.5393009185791016
tf.Tensor(-10165.794224976446, shape=(), dtype=float64)
nll_grad  cost time: 2.6678085327148438
tf.Tensor(-10173.582537593975, shape=(), dtype=float64)
nll_grad  cost time: 2.585702419281006
tf.Tensor(-10185.221986602148, shape=(), dtype=float64)
nll_grad  cost time: 2.5099101066589355
tf.Tensor(-10196.30569285636, shape=(), dtype=float64)
nll_grad  cost time: 2.5127081871032715
tf.Tensor(-10204.522714326682, shape=(), dtype=float64)
nll_grad  cost time: 2.5333645343780518
tf.Tensor(-10212.33376137886, shape=(), dtype=float64)
nll_grad  cost time: 2.5049397945404053
tf.Tensor(-10218.95896289045, shape=(), dtype=float64)
nll_grad  cost time: 2.4971401691436768
tf.Tensor(-10227.258827704194, shape=(), dtype=float64)
nll_grad  cost time: 2.5306057929992676
tf.Tensor(-10233.675055557993, shape=(), dtype=float64)
nll_grad  cost time: 2.5022363662719727
tf.Tensor(-10239.790298838008, shape=(), dtype=float64)
nll_grad  cost time: 2.5280182361602783
tf.Tensor(-10242.349644997084, shape=(), dtype=float64)
nll_grad  cost time: 2.5382983684539795
tf.Tensor(-10246.527054650054, shape=(), dtype=float64)
nll_grad  cost time: 2.5203514099121094
tf.Tensor(-10252.784690397297, shape=(), dtype=float64)
nll_grad  cost time: 2.537973165512085
tf.Tensor(-10261.20403872327, shape=(), dtype=float64)
nll_grad  cost time: 2.55216646194458
tf.Tensor(-10268.312451610065, shape=(), dtype=float64)
nll_grad  cost time: 2.5672497749328613
tf.Tensor(-10278.163297854291, shape=(), dtype=float64)
nll_grad  cost time: 2.6271049976348877
tf.Tensor(-10291.363847951274, shape=(), dtype=float64)
nll_grad  cost time: 2.5681509971618652
nll_grad  cost time: 2.5011467933654785
tf.Tensor(-10299.055075112425, shape=(), dtype=float64)
nll_grad  cost time: 2.5310370922088623
tf.Tensor(-10307.65862993784, shape=(), dtype=float64)
nll_grad  cost time: 2.5873749256134033
tf.Tensor(-10315.113686791039, shape=(), dtype=float64)
nll_grad  cost time: 2.511396884918213
tf.Tensor(-10324.37884327081, shape=(), dtype=float64)
nll_grad  cost time: 2.6075148582458496
nll_grad  cost time: 2.5570180416107178
tf.Tensor(-10330.14418179245, shape=(), dtype=float64)
nll_grad  cost time: 2.6733388900756836
tf.Tensor(-10335.381301028916, shape=(), dtype=float64)
nll_grad  cost time: 2.7091219425201416
tf.Tensor(-10341.06507856831, shape=(), dtype=float64)
nll_grad  cost time: 2.602243185043335
tf.Tensor(-10348.832613076273, shape=(), dtype=float64)
nll_grad  cost time: 2.4962403774261475
tf.Tensor(-10357.759824861147, shape=(), dtype=float64)
nll_grad  cost time: 2.449794292449951
tf.Tensor(-10364.488486499278, shape=(), dtype=float64)
nll_grad  cost time: 2.474609851837158
tf.Tensor(-10371.852106903403, shape=(), dtype=float64)
nll_grad  cost time: 2.488737106323242
tf.Tensor(-10379.341305653026, shape=(), dtype=float64)
nll_grad  cost time: 2.516934394836426
tf.Tensor(-10384.745092425306, shape=(), dtype=float64)
nll_grad  cost time: 2.5267221927642822
tf.Tensor(-10390.039610714855, shape=(), dtype=float64)
nll_grad  cost time: 2.530103921890259
tf.Tensor(-10398.255125985277, shape=(), dtype=float64)
nll_grad  cost time: 2.5791568756103516
tf.Tensor(-10407.543989462894, shape=(), dtype=float64)
nll_grad  cost time: 2.494065523147583
tf.Tensor(-10413.729772493592, shape=(), dtype=float64)
nll_grad  cost time: 2.497089385986328
tf.Tensor(-10418.943000890242, shape=(), dtype=float64)
nll_grad  cost time: 2.5246472358703613
tf.Tensor(-10425.99767014716, shape=(), dtype=float64)
nll_grad  cost time: 2.524736166000366
tf.Tensor(-10435.293246854228, shape=(), dtype=float64)
nll_grad  cost time: 2.485816240310669
tf.Tensor(-10443.730211333313, shape=(), dtype=float64)
nll_grad  cost time: 2.4684298038482666
tf.Tensor(-10449.808515569486, shape=(), dtype=float64)
nll_grad  cost time: 2.5362465381622314
tf.Tensor(-10458.08372133039, shape=(), dtype=float64)
nll_grad  cost time: 2.5137939453125
tf.Tensor(-10463.659076889497, shape=(), dtype=float64)
nll_grad  cost time: 2.5090079307556152
tf.Tensor(-10469.006155941112, shape=(), dtype=float64)
nll_grad  cost time: 2.552062749862671
tf.Tensor(-10476.203328646836, shape=(), dtype=float64)
nll_grad  cost time: 2.6390769481658936
tf.Tensor(-10482.620300982177, shape=(), dtype=float64)
nll_grad  cost time: 2.6165661811828613
nll_grad  cost time: 2.54584002494812
tf.Tensor(-10484.98055996692, shape=(), dtype=float64)
nll_grad  cost time: 2.5272130966186523
tf.Tensor(-10488.52984184683, shape=(), dtype=float64)
nll_grad  cost time: 2.6852571964263916
tf.Tensor(-10493.037936875597, shape=(), dtype=float64)
nll_grad  cost time: 2.5528359413146973
tf.Tensor(-10497.676138007184, shape=(), dtype=float64)
nll_grad  cost time: 2.634519100189209
tf.Tensor(-10503.64190077789, shape=(), dtype=float64)
nll_grad  cost time: 2.502255439758301
nll_grad  cost time: 2.4446334838867188
tf.Tensor(-10506.438219904463, shape=(), dtype=float64)
nll_grad  cost time: 2.6411893367767334
tf.Tensor(-10510.662150351185, shape=(), dtype=float64)
nll_grad  cost time: 2.620774269104004
tf.Tensor(-10513.741074336169, shape=(), dtype=float64)
nll_grad  cost time: 2.444627046585083
tf.Tensor(-10516.826162900441, shape=(), dtype=float64)
nll_grad  cost time: 2.642982244491577
tf.Tensor(-10520.885555452434, shape=(), dtype=float64)
nll_grad  cost time: 2.6090939044952393
tf.Tensor(-10526.198824150997, shape=(), dtype=float64)
nll_grad  cost time: 2.602769374847412
tf.Tensor(-10529.719280379752, shape=(), dtype=float64)
nll_grad  cost time: 2.5626564025878906
tf.Tensor(-10534.424723239048, shape=(), dtype=float64)
nll_grad  cost time: 2.6136295795440674
tf.Tensor(-10538.5751390675, shape=(), dtype=float64)
nll_grad  cost time: 2.5442514419555664
tf.Tensor(-10543.750724913087, shape=(), dtype=float64)
nll_grad  cost time: 2.5268282890319824
tf.Tensor(-10545.952629389707, shape=(), dtype=float64)
nll_grad  cost time: 2.5226330757141113
tf.Tensor(-10549.327802021158, shape=(), dtype=float64)
nll_grad  cost time: 2.4903409481048584
tf.Tensor(-10553.717122628266, shape=(), dtype=float64)
nll_grad  cost time: 2.5071442127227783
tf.Tensor(-10558.495837996292, shape=(), dtype=float64)
nll_grad  cost time: 2.544984817504883
tf.Tensor(-10560.771914773795, shape=(), dtype=float64)
nll_grad  cost time: 2.4965250492095947
tf.Tensor(-10564.068973794914, shape=(), dtype=float64)
nll_grad  cost time: 2.6363320350646973
tf.Tensor(-10568.82786071363, shape=(), dtype=float64)
nll_grad  cost time: 2.655024528503418
tf.Tensor(-10575.002384916937, shape=(), dtype=float64)
nll_grad  cost time: 2.6235077381134033
tf.Tensor(-10581.714475431902, shape=(), dtype=float64)
nll_grad  cost time: 2.665334701538086
tf.Tensor(-10585.20342243799, shape=(), dtype=float64)
nll_grad  cost time: 2.5252106189727783
tf.Tensor(-10589.954114848166, shape=(), dtype=float64)
nll_grad  cost time: 2.5363404750823975
tf.Tensor(-10594.858668754518, shape=(), dtype=float64)
nll_grad  cost time: 2.5710537433624268
tf.Tensor(-10598.894876646606, shape=(), dtype=float64)
nll_grad  cost time: 2.5100855827331543
tf.Tensor(-10600.92962914957, shape=(), dtype=float64)
nll_grad  cost time: 2.625054121017456
tf.Tensor(-10603.790164004618, shape=(), dtype=float64)
nll_grad  cost time: 2.566382646560669
tf.Tensor(-10607.555876727027, shape=(), dtype=float64)
nll_grad  cost time: 2.6930975914001465
tf.Tensor(-10609.528583135514, shape=(), dtype=float64)
nll_grad  cost time: 2.5647006034851074
tf.Tensor(-10612.339149052394, shape=(), dtype=float64)
nll_grad  cost time: 2.6444640159606934
tf.Tensor(-10616.430157907802, shape=(), dtype=float64)
nll_grad  cost time: 2.5141658782958984
tf.Tensor(-10620.225695901987, shape=(), dtype=float64)
nll_grad  cost time: 2.5261244773864746
tf.Tensor(-10622.68823888783, shape=(), dtype=float64)
nll_grad  cost time: 2.547273635864258
tf.Tensor(-10625.73745148025, shape=(), dtype=float64)
nll_grad  cost time: 2.5418312549591064
tf.Tensor(-10628.448281008008, shape=(), dtype=float64)
nll_grad  cost time: 2.516097068786621
nll_grad  cost time: 2.433519124984741
tf.Tensor(-10629.843744471116, shape=(), dtype=float64)
nll_grad  cost time: 2.4953176975250244
tf.Tensor(-10631.396816313441, shape=(), dtype=float64)
nll_grad  cost time: 2.563683271408081
tf.Tensor(-10633.440285447825, shape=(), dtype=float64)
nll_grad  cost time: 2.5510714054107666
tf.Tensor(-10635.68222813042, shape=(), dtype=float64)
nll_grad  cost time: 2.4360082149505615
tf.Tensor(-10637.980309459905, shape=(), dtype=float64)
nll_grad  cost time: 2.604613780975342
tf.Tensor(-10639.060152376027, shape=(), dtype=float64)
nll_grad  cost time: 2.589627265930176
tf.Tensor(-10640.834386298477, shape=(), dtype=float64)
nll_grad  cost time: 2.6023778915405273
tf.Tensor(-10643.176683661033, shape=(), dtype=float64)
nll_grad  cost time: 2.723798990249634
tf.Tensor(-10646.284106374544, shape=(), dtype=float64)
nll_grad  cost time: 2.6023941040039062
tf.Tensor(-10648.46674763305, shape=(), dtype=float64)
nll_grad  cost time: 2.6361358165740967
tf.Tensor(-10649.896551754733, shape=(), dtype=float64)
nll_grad  cost time: 2.658689022064209
tf.Tensor(-10651.862974312899, shape=(), dtype=float64)
nll_grad  cost time: 2.695108652114868
tf.Tensor(-10654.216226276447, shape=(), dtype=float64)
nll_grad  cost time: 2.7181475162506104
tf.Tensor(-10656.267198530797, shape=(), dtype=float64)
nll_grad  cost time: 2.5352962017059326
tf.Tensor(-10658.468206440666, shape=(), dtype=float64)
nll_grad  cost time: 2.6180765628814697
tf.Tensor(-10660.377729247833, shape=(), dtype=float64)
nll_grad  cost time: 2.606796979904175
tf.Tensor(-10662.900437410775, shape=(), dtype=float64)
nll_grad  cost time: 2.6160402297973633
tf.Tensor(-10664.514337566885, shape=(), dtype=float64)
nll_grad  cost time: 2.5286786556243896
tf.Tensor(-10666.112622230314, shape=(), dtype=float64)
nll_grad  cost time: 2.546496868133545
tf.Tensor(-10667.989185053404, shape=(), dtype=float64)
nll_grad  cost time: 2.5079610347747803
tf.Tensor(-10669.808121204798, shape=(), dtype=float64)
nll_grad  cost time: 2.507779836654663
tf.Tensor(-10671.965458045568, shape=(), dtype=float64)
nll_grad  cost time: 2.5301880836486816
tf.Tensor(-10673.662750055199, shape=(), dtype=float64)
nll_grad  cost time: 2.4869909286499023
tf.Tensor(-10675.749462685228, shape=(), dtype=float64)
nll_grad  cost time: 2.4905948638916016
tf.Tensor(-10677.606056373523, shape=(), dtype=float64)
nll_grad  cost time: 2.5882298946380615
tf.Tensor(-10678.14876449504, shape=(), dtype=float64)
nll_grad  cost time: 2.6353306770324707
tf.Tensor(-10679.10033076971, shape=(), dtype=float64)
nll_grad  cost time: 2.616818428039551
tf.Tensor(-10680.599142592968, shape=(), dtype=float64)
nll_grad  cost time: 2.509927749633789
tf.Tensor(-10682.050036477784, shape=(), dtype=float64)
nll_grad  cost time: 2.7313051223754883
tf.Tensor(-10682.708478932764, shape=(), dtype=float64)
nll_grad  cost time: 2.6446316242218018
tf.Tensor(-10683.73171794093, shape=(), dtype=float64)
nll_grad  cost time: 2.653069019317627
tf.Tensor(-10685.218275436986, shape=(), dtype=float64)
nll_grad  cost time: 2.6650991439819336
tf.Tensor(-10686.836781589169, shape=(), dtype=float64)
nll_grad  cost time: 2.6374125480651855
tf.Tensor(-10687.785082840375, shape=(), dtype=float64)
nll_grad  cost time: 2.5946743488311768
tf.Tensor(-10689.22147910214, shape=(), dtype=float64)
nll_grad  cost time: 2.566620349884033
tf.Tensor(-10691.28786626237, shape=(), dtype=float64)
nll_grad  cost time: 2.574711322784424
tf.Tensor(-10693.93810977209, shape=(), dtype=float64)
nll_grad  cost time: 2.5618369579315186
tf.Tensor(-10696.252014955448, shape=(), dtype=float64)
nll_grad  cost time: 2.565615177154541
tf.Tensor(-10697.937208132615, shape=(), dtype=float64)
nll_grad  cost time: 2.5971267223358154
tf.Tensor(-10699.383764574246, shape=(), dtype=float64)
nll_grad  cost time: 2.648017406463623
tf.Tensor(-10700.802335759348, shape=(), dtype=float64)
nll_grad  cost time: 2.6508142948150635
tf.Tensor(-10702.054814981719, shape=(), dtype=float64)
nll_grad  cost time: 2.5635836124420166
tf.Tensor(-10703.573322298878, shape=(), dtype=float64)
nll_grad  cost time: 2.534148693084717
tf.Tensor(-10705.326351711192, shape=(), dtype=float64)
nll_grad  cost time: 2.5745534896850586
tf.Tensor(-10707.322078973113, shape=(), dtype=float64)
nll_grad  cost time: 2.584550380706787
tf.Tensor(-10709.292657829166, shape=(), dtype=float64)
nll_grad  cost time: 2.6380903720855713
tf.Tensor(-10710.670163815783, shape=(), dtype=float64)
nll_grad  cost time: 2.856217622756958
tf.Tensor(-10712.288733132169, shape=(), dtype=float64)
nll_grad  cost time: 2.665774345397949
tf.Tensor(-10714.275333192738, shape=(), dtype=float64)
nll_grad  cost time: 2.593215227127075
tf.Tensor(-10716.004580389155, shape=(), dtype=float64)
nll_grad  cost time: 2.5810508728027344
tf.Tensor(-10717.667444756764, shape=(), dtype=float64)
nll_grad  cost time: 2.4696316719055176
tf.Tensor(-10719.745557505303, shape=(), dtype=float64)
nll_grad  cost time: 2.642665386199951
tf.Tensor(-10722.251349679922, shape=(), dtype=float64)
nll_grad  cost time: 2.5915651321411133
tf.Tensor(-10723.591001301727, shape=(), dtype=float64)
nll_grad  cost time: 2.642017126083374
tf.Tensor(-10725.657507430937, shape=(), dtype=float64)
nll_grad  cost time: 2.545987606048584
tf.Tensor(-10727.657385442348, shape=(), dtype=float64)
nll_grad  cost time: 2.539735794067383
tf.Tensor(-10728.046753670016, shape=(), dtype=float64)
nll_grad  cost time: 2.541363477706909
tf.Tensor(-10728.754215423673, shape=(), dtype=float64)
nll_grad  cost time: 2.4791507720947266
tf.Tensor(-10729.942688847455, shape=(), dtype=float64)
nll_grad  cost time: 2.5859062671661377
tf.Tensor(-10731.596367360951, shape=(), dtype=float64)
nll_grad  cost time: 2.5496468544006348
tf.Tensor(-10732.816175798827, shape=(), dtype=float64)
nll_grad  cost time: 2.5417680740356445
tf.Tensor(-10733.661067748486, shape=(), dtype=float64)
nll_grad  cost time: 2.6086366176605225
tf.Tensor(-10734.739614967184, shape=(), dtype=float64)
nll_grad  cost time: 2.693774700164795
tf.Tensor(-10736.228629469275, shape=(), dtype=float64)
nll_grad  cost time: 2.55985689163208
tf.Tensor(-10737.921346214105, shape=(), dtype=float64)
nll_grad  cost time: 2.4887921810150146
tf.Tensor(-10739.393354546934, shape=(), dtype=float64)
nll_grad  cost time: 2.594108819961548
tf.Tensor(-10741.268370520527, shape=(), dtype=float64)
nll_grad  cost time: 2.5219876766204834
tf.Tensor(-10742.532318675556, shape=(), dtype=float64)
nll_grad  cost time: 2.5307486057281494
tf.Tensor(-10743.625903939217, shape=(), dtype=float64)
nll_grad  cost time: 2.496623992919922
tf.Tensor(-10744.789979049252, shape=(), dtype=float64)
nll_grad  cost time: 2.5718395709991455
tf.Tensor(-10746.150839185648, shape=(), dtype=float64)
nll_grad  cost time: 2.602515459060669
tf.Tensor(-10747.793212189616, shape=(), dtype=float64)
nll_grad  cost time: 2.597432851791382
tf.Tensor(-10749.433938218019, shape=(), dtype=float64)
nll_grad  cost time: 2.5682756900787354
tf.Tensor(-10751.150308605807, shape=(), dtype=float64)
nll_grad  cost time: 2.5900583267211914
tf.Tensor(-10753.367634126975, shape=(), dtype=float64)
nll_grad  cost time: 2.6676294803619385
tf.Tensor(-10754.715605841033, shape=(), dtype=float64)
nll_grad  cost time: 2.5408976078033447
tf.Tensor(-10756.189300360275, shape=(), dtype=float64)
nll_grad  cost time: 2.589775323867798
tf.Tensor(-10757.194072180893, shape=(), dtype=float64)
nll_grad  cost time: 2.7224369049072266
tf.Tensor(-10758.37291222188, shape=(), dtype=float64)
nll_grad  cost time: 2.5214762687683105
tf.Tensor(-10759.059986797045, shape=(), dtype=float64)
nll_grad  cost time: 2.561730146408081
tf.Tensor(-10760.025408573725, shape=(), dtype=float64)
nll_grad  cost time: 2.561415672302246
tf.Tensor(-10761.061687982903, shape=(), dtype=float64)
nll_grad  cost time: 2.571892261505127
tf.Tensor(-10761.762135707468, shape=(), dtype=float64)
nll_grad  cost time: 2.541049003601074
tf.Tensor(-10762.430940282808, shape=(), dtype=float64)
nll_grad  cost time: 2.543597459793091
tf.Tensor(-10762.980960478395, shape=(), dtype=float64)
nll_grad  cost time: 2.5584146976470947
tf.Tensor(-10763.600686815218, shape=(), dtype=float64)
nll_grad  cost time: 2.5352447032928467
tf.Tensor(-10764.130461788824, shape=(), dtype=float64)
nll_grad  cost time: 2.491288423538208
tf.Tensor(-10764.737466555292, shape=(), dtype=float64)
nll_grad  cost time: 2.522104263305664
tf.Tensor(-10765.40800527831, shape=(), dtype=float64)
nll_grad  cost time: 2.433039665222168
tf.Tensor(-10766.184362380984, shape=(), dtype=float64)
nll_grad  cost time: 2.5306127071380615
tf.Tensor(-10767.051102643978, shape=(), dtype=float64)
nll_grad  cost time: 2.591308355331421
tf.Tensor(-10768.019098011122, shape=(), dtype=float64)
nll_grad  cost time: 2.6338608264923096
tf.Tensor(-10768.996578590391, shape=(), dtype=float64)
nll_grad  cost time: 2.519287586212158
tf.Tensor(-10770.178091848386, shape=(), dtype=float64)
nll_grad  cost time: 2.5534298419952393
tf.Tensor(-10771.089225662785, shape=(), dtype=float64)
nll_grad  cost time: 2.5484299659729004
tf.Tensor(-10771.771145764964, shape=(), dtype=float64)
nll_grad  cost time: 2.5899336338043213
tf.Tensor(-10772.393317509843, shape=(), dtype=float64)
nll_grad  cost time: 2.5044243335723877
tf.Tensor(-10772.771217055888, shape=(), dtype=float64)
nll_grad  cost time: 2.58547306060791
tf.Tensor(-10773.305700759258, shape=(), dtype=float64)
nll_grad  cost time: 2.5626015663146973
tf.Tensor(-10773.932887934054, shape=(), dtype=float64)
nll_grad  cost time: 2.502833366394043
tf.Tensor(-10774.511045018808, shape=(), dtype=float64)
nll_grad  cost time: 2.5889053344726562
tf.Tensor(-10775.28569198271, shape=(), dtype=float64)
nll_grad  cost time: 2.471734046936035
tf.Tensor(-10776.073767135022, shape=(), dtype=float64)
nll_grad  cost time: 2.4566149711608887
tf.Tensor(-10776.584176153818, shape=(), dtype=float64)
nll_grad  cost time: 2.5269556045532227
tf.Tensor(-10777.393875767084, shape=(), dtype=float64)
nll_grad  cost time: 2.445193290710449
tf.Tensor(-10778.507583793638, shape=(), dtype=float64)
nll_grad  cost time: 2.4829318523406982
tf.Tensor(-10778.836136037018, shape=(), dtype=float64)
nll_grad  cost time: 2.502570390701294
tf.Tensor(-10779.393831480149, shape=(), dtype=float64)
nll_grad  cost time: 2.6066396236419678
tf.Tensor(-10780.170578525314, shape=(), dtype=float64)
nll_grad  cost time: 2.53169846534729
tf.Tensor(-10781.196644614232, shape=(), dtype=float64)
nll_grad  cost time: 2.5208206176757812
tf.Tensor(-10781.763526348659, shape=(), dtype=float64)
nll_grad  cost time: 2.5180954933166504
tf.Tensor(-10782.65977875096, shape=(), dtype=float64)
nll_grad  cost time: 2.476327419281006
tf.Tensor(-10783.719164944472, shape=(), dtype=float64)
nll_grad  cost time: 2.5259087085723877
tf.Tensor(-10784.204462675414, shape=(), dtype=float64)
nll_grad  cost time: 2.461127758026123
tf.Tensor(-10784.94594567018, shape=(), dtype=float64)
nll_grad  cost time: 2.5126686096191406
tf.Tensor(-10786.115365233964, shape=(), dtype=float64)
nll_grad  cost time: 2.5204172134399414
tf.Tensor(-10786.797182776463, shape=(), dtype=float64)
nll_grad  cost time: 2.483093500137329
tf.Tensor(-10787.78064133539, shape=(), dtype=float64)
nll_grad  cost time: 2.5391335487365723
tf.Tensor(-10788.260011926039, shape=(), dtype=float64)
nll_grad  cost time: 2.5427565574645996
tf.Tensor(-10788.945268977288, shape=(), dtype=float64)
nll_grad  cost time: 2.5404727458953857
tf.Tensor(-10789.738684741751, shape=(), dtype=float64)
nll_grad  cost time: 2.486992359161377
tf.Tensor(-10790.620682252797, shape=(), dtype=float64)
nll_grad  cost time: 2.5359976291656494
tf.Tensor(-10791.585247440627, shape=(), dtype=float64)
nll_grad  cost time: 2.5641090869903564
tf.Tensor(-10792.781813921807, shape=(), dtype=float64)
nll_grad  cost time: 2.6203765869140625
tf.Tensor(-10793.784884493289, shape=(), dtype=float64)
nll_grad  cost time: 2.729060649871826
tf.Tensor(-10794.8561136356, shape=(), dtype=float64)
nll_grad  cost time: 2.6261963844299316
tf.Tensor(-10796.185934633351, shape=(), dtype=float64)
nll_grad  cost time: 2.6007320880889893
tf.Tensor(-10796.790778616516, shape=(), dtype=float64)
nll_grad  cost time: 2.5634825229644775
tf.Tensor(-10797.729290232062, shape=(), dtype=float64)
nll_grad  cost time: 2.616492509841919
tf.Tensor(-10798.93019631438, shape=(), dtype=float64)
nll_grad  cost time: 2.700544834136963
tf.Tensor(-10799.89650142713, shape=(), dtype=float64)
nll_grad  cost time: 2.583997964859009
tf.Tensor(-10800.796266184261, shape=(), dtype=float64)
nll_grad  cost time: 2.5196752548217773
tf.Tensor(-10801.420783885704, shape=(), dtype=float64)
nll_grad  cost time: 2.5448360443115234
tf.Tensor(-10802.230049860533, shape=(), dtype=float64)
nll_grad  cost time: 2.546221971511841
tf.Tensor(-10803.020268775072, shape=(), dtype=float64)
nll_grad  cost time: 2.510739326477051
tf.Tensor(-10803.597452574322, shape=(), dtype=float64)
nll_grad  cost time: 2.466296434402466
tf.Tensor(-10804.280474196814, shape=(), dtype=float64)
nll_grad  cost time: 2.5420002937316895
tf.Tensor(-10805.06751213326, shape=(), dtype=float64)
nll_grad  cost time: 2.5682854652404785
tf.Tensor(-10805.812413083142, shape=(), dtype=float64)
nll_grad  cost time: 2.5578112602233887
tf.Tensor(-10806.407380043063, shape=(), dtype=float64)
nll_grad  cost time: 2.4725892543792725
tf.Tensor(-10806.78407516206, shape=(), dtype=float64)
nll_grad  cost time: 2.561241388320923
tf.Tensor(-10807.15348569533, shape=(), dtype=float64)
nll_grad  cost time: 2.6105315685272217
tf.Tensor(-10807.559328272415, shape=(), dtype=float64)
nll_grad  cost time: 2.5263869762420654
tf.Tensor(-10807.713736200545, shape=(), dtype=float64)
nll_grad  cost time: 2.593860149383545
tf.Tensor(-10807.981555602375, shape=(), dtype=float64)
nll_grad  cost time: 2.6160104274749756
tf.Tensor(-10808.390932373077, shape=(), dtype=float64)
nll_grad  cost time: 2.574559211730957
tf.Tensor(-10808.714091029819, shape=(), dtype=float64)
nll_grad  cost time: 2.58036732673645
tf.Tensor(-10808.917225828947, shape=(), dtype=float64)
nll_grad  cost time: 2.792342185974121
tf.Tensor(-10809.184607580835, shape=(), dtype=float64)
nll_grad  cost time: 2.528900384902954
tf.Tensor(-10809.514963185255, shape=(), dtype=float64)
nll_grad  cost time: 2.4841597080230713
tf.Tensor(-10809.830373996629, shape=(), dtype=float64)
nll_grad  cost time: 2.5704989433288574
tf.Tensor(-10810.198640448056, shape=(), dtype=float64)
nll_grad  cost time: 2.5485196113586426
tf.Tensor(-10810.563672261946, shape=(), dtype=float64)
nll_grad  cost time: 2.5620779991149902
tf.Tensor(-10810.905104390702, shape=(), dtype=float64)
nll_grad  cost time: 2.5141098499298096
tf.Tensor(-10811.268957827844, shape=(), dtype=float64)
nll_grad  cost time: 2.555666446685791
tf.Tensor(-10811.65820454256, shape=(), dtype=float64)
nll_grad  cost time: 2.600820779800415
tf.Tensor(-10811.979225233503, shape=(), dtype=float64)
nll_grad  cost time: 2.6457743644714355
tf.Tensor(-10812.25154402406, shape=(), dtype=float64)
nll_grad  cost time: 2.507784605026245
tf.Tensor(-10812.569247226791, shape=(), dtype=float64)
nll_grad  cost time: 2.5710391998291016
tf.Tensor(-10812.884117820926, shape=(), dtype=float64)
nll_grad  cost time: 2.637605905532837
tf.Tensor(-10813.196283106612, shape=(), dtype=float64)
nll_grad  cost time: 2.494020700454712
tf.Tensor(-10813.44271438208, shape=(), dtype=float64)
nll_grad  cost time: 2.4678971767425537
tf.Tensor(-10813.711468886417, shape=(), dtype=float64)
nll_grad  cost time: 2.5189640522003174
tf.Tensor(-10813.97885118769, shape=(), dtype=float64)
nll_grad  cost time: 2.4509952068328857
tf.Tensor(-10814.256643671317, shape=(), dtype=float64)
nll_grad  cost time: 2.5511131286621094
tf.Tensor(-10814.465586450788, shape=(), dtype=float64)
nll_grad  cost time: 2.5473902225494385
tf.Tensor(-10814.697606077796, shape=(), dtype=float64)
nll_grad  cost time: 2.514124870300293
tf.Tensor(-10815.047089174026, shape=(), dtype=float64)
nll_grad  cost time: 2.539158344268799
tf.Tensor(-10815.541627090643, shape=(), dtype=float64)
nll_grad  cost time: 2.548901081085205
tf.Tensor(-10816.006610452161, shape=(), dtype=float64)
nll_grad  cost time: 2.5121028423309326
tf.Tensor(-10816.272861873294, shape=(), dtype=float64)
nll_grad  cost time: 2.505525588989258
tf.Tensor(-10816.630203587702, shape=(), dtype=float64)
nll_grad  cost time: 2.592012405395508
tf.Tensor(-10817.01364981557, shape=(), dtype=float64)
nll_grad  cost time: 2.518589973449707
tf.Tensor(-10817.34475709685, shape=(), dtype=float64)
nll_grad  cost time: 2.555344820022583
tf.Tensor(-10817.718893852274, shape=(), dtype=float64)
nll_grad  cost time: 2.4788827896118164
tf.Tensor(-10818.0925417935, shape=(), dtype=float64)
nll_grad  cost time: 2.5903396606445312
tf.Tensor(-10818.491772100351, shape=(), dtype=float64)
nll_grad  cost time: 2.624702215194702
tf.Tensor(-10818.995726547386, shape=(), dtype=float64)
nll_grad  cost time: 2.4752588272094727
tf.Tensor(-10819.49399067821, shape=(), dtype=float64)
nll_grad  cost time: 2.513622522354126
tf.Tensor(-10819.86782120257, shape=(), dtype=float64)
nll_grad  cost time: 2.571586847305298
tf.Tensor(-10820.340928650141, shape=(), dtype=float64)
nll_grad  cost time: 2.519866704940796
tf.Tensor(-10820.917283954128, shape=(), dtype=float64)
nll_grad  cost time: 2.51800274848938
tf.Tensor(-10821.318543152483, shape=(), dtype=float64)
nll_grad  cost time: 2.5060622692108154
tf.Tensor(-10821.623499923844, shape=(), dtype=float64)
nll_grad  cost time: 2.5046820640563965
tf.Tensor(-10822.062961345342, shape=(), dtype=float64)
nll_grad  cost time: 2.5144786834716797
tf.Tensor(-10822.606311842297, shape=(), dtype=float64)
nll_grad  cost time: 2.5207266807556152
nll_grad  cost time: 2.484539270401001
tf.Tensor(-10822.92851774818, shape=(), dtype=float64)
nll_grad  cost time: 2.834080457687378
tf.Tensor(-10823.317757972764, shape=(), dtype=float64)
nll_grad  cost time: 2.5371758937835693
tf.Tensor(-10823.654015845299, shape=(), dtype=float64)
nll_grad  cost time: 2.5507307052612305
tf.Tensor(-10823.939034349736, shape=(), dtype=float64)
nll_grad  cost time: 2.4699246883392334
tf.Tensor(-10824.170706971941, shape=(), dtype=float64)
nll_grad  cost time: 2.5599091053009033
tf.Tensor(-10824.413578906038, shape=(), dtype=float64)
nll_grad  cost time: 2.5779457092285156
tf.Tensor(-10824.703307645752, shape=(), dtype=float64)
nll_grad  cost time: 2.570112943649292
tf.Tensor(-10824.88058499877, shape=(), dtype=float64)
nll_grad  cost time: 2.725008726119995
tf.Tensor(-10825.123510823767, shape=(), dtype=float64)
nll_grad  cost time: 2.6046245098114014
tf.Tensor(-10825.376668475954, shape=(), dtype=float64)
nll_grad  cost time: 2.5253007411956787
tf.Tensor(-10825.580048324075, shape=(), dtype=float64)
nll_grad  cost time: 2.4989726543426514
tf.Tensor(-10825.802595915786, shape=(), dtype=float64)
nll_grad  cost time: 2.6043074131011963
tf.Tensor(-10825.888763619427, shape=(), dtype=float64)
nll_grad  cost time: 2.5347495079040527
tf.Tensor(-10826.02034906896, shape=(), dtype=float64)
nll_grad  cost time: 2.496857166290283
tf.Tensor(-10826.169858447072, shape=(), dtype=float64)
nll_grad  cost time: 2.5372066497802734
tf.Tensor(-10826.25123673864, shape=(), dtype=float64)
nll_grad  cost time: 2.489741325378418
tf.Tensor(-10826.3606844545, shape=(), dtype=float64)
nll_grad  cost time: 2.5616695880889893
tf.Tensor(-10826.483776486755, shape=(), dtype=float64)
nll_grad  cost time: 2.52616548538208
tf.Tensor(-10826.60967198879, shape=(), dtype=float64)
nll_grad  cost time: 2.649998426437378
tf.Tensor(-10826.73281884638, shape=(), dtype=float64)
nll_grad  cost time: 2.6206111907958984
tf.Tensor(-10826.881214415625, shape=(), dtype=float64)
nll_grad  cost time: 2.603717803955078
tf.Tensor(-10827.021034262885, shape=(), dtype=float64)
nll_grad  cost time: 2.5575637817382812
tf.Tensor(-10827.18628338489, shape=(), dtype=float64)
nll_grad  cost time: 2.505256414413452
tf.Tensor(-10827.334750705439, shape=(), dtype=float64)
nll_grad  cost time: 2.476288080215454
tf.Tensor(-10827.495140884126, shape=(), dtype=float64)
nll_grad  cost time: 2.6526944637298584
tf.Tensor(-10827.594168901283, shape=(), dtype=float64)
nll_grad  cost time: 2.5576047897338867
tf.Tensor(-10827.72360756294, shape=(), dtype=float64)
nll_grad  cost time: 2.5690107345581055
tf.Tensor(-10827.846896292089, shape=(), dtype=float64)
nll_grad  cost time: 2.5448477268218994
tf.Tensor(-10827.950705538711, shape=(), dtype=float64)
nll_grad  cost time: 2.6506450176239014
tf.Tensor(-10828.07777883016, shape=(), dtype=float64)
nll_grad  cost time: 2.5315017700195312
tf.Tensor(-10828.188279939492, shape=(), dtype=float64)
nll_grad  cost time: 2.669783592224121
tf.Tensor(-10828.285869173735, shape=(), dtype=float64)
nll_grad  cost time: 2.594271183013916
tf.Tensor(-10828.399578553937, shape=(), dtype=float64)
nll_grad  cost time: 2.5712289810180664
tf.Tensor(-10828.513992815166, shape=(), dtype=float64)
nll_grad  cost time: 2.5159459114074707
tf.Tensor(-10828.643383058483, shape=(), dtype=float64)
nll_grad  cost time: 2.5496363639831543
tf.Tensor(-10828.817438928996, shape=(), dtype=float64)
nll_grad  cost time: 2.4828789234161377
tf.Tensor(-10828.961315992292, shape=(), dtype=float64)
nll_grad  cost time: 2.441889524459839
tf.Tensor(-10829.055288559492, shape=(), dtype=float64)
nll_grad  cost time: 2.6080291271209717
tf.Tensor(-10829.160658889898, shape=(), dtype=float64)
nll_grad  cost time: 2.511791706085205
tf.Tensor(-10829.283552602308, shape=(), dtype=float64)
nll_grad  cost time: 2.5697455406188965
tf.Tensor(-10829.409312984368, shape=(), dtype=float64)
nll_grad  cost time: 2.5265166759490967
tf.Tensor(-10829.582035629584, shape=(), dtype=float64)
nll_grad  cost time: 2.4766857624053955
tf.Tensor(-10829.766039266084, shape=(), dtype=float64)
nll_grad  cost time: 2.5208640098571777
tf.Tensor(-10829.936384460354, shape=(), dtype=float64)
nll_grad  cost time: 2.5020322799682617
tf.Tensor(-10830.139182983035, shape=(), dtype=float64)
nll_grad  cost time: 2.4899516105651855
tf.Tensor(-10830.356561422977, shape=(), dtype=float64)
nll_grad  cost time: 2.5306577682495117
tf.Tensor(-10830.513140439074, shape=(), dtype=float64)
nll_grad  cost time: 2.4500341415405273
tf.Tensor(-10830.671522110693, shape=(), dtype=float64)
nll_grad  cost time: 2.5226659774780273
tf.Tensor(-10830.833757838675, shape=(), dtype=float64)
nll_grad  cost time: 2.565246343612671
tf.Tensor(-10831.007080833682, shape=(), dtype=float64)
nll_grad  cost time: 2.5041494369506836
tf.Tensor(-10831.187691229581, shape=(), dtype=float64)
nll_grad  cost time: 2.5012357234954834
tf.Tensor(-10831.347183008023, shape=(), dtype=float64)
nll_grad  cost time: 2.659304618835449
tf.Tensor(-10831.507129459274, shape=(), dtype=float64)
nll_grad  cost time: 2.4777252674102783
tf.Tensor(-10831.630613815898, shape=(), dtype=float64)
nll_grad  cost time: 2.485384225845337
tf.Tensor(-10831.773680047903, shape=(), dtype=float64)
nll_grad  cost time: 2.8005127906799316
tf.Tensor(-10831.8861028455, shape=(), dtype=float64)
nll_grad  cost time: 2.5185773372650146
tf.Tensor(-10831.974156462951, shape=(), dtype=float64)
nll_grad  cost time: 2.673715829849243
tf.Tensor(-10832.099620396784, shape=(), dtype=float64)
nll_grad  cost time: 2.594095468521118
tf.Tensor(-10832.278606259722, shape=(), dtype=float64)
nll_grad  cost time: 2.590907573699951
tf.Tensor(-10832.453810678351, shape=(), dtype=float64)
nll_grad  cost time: 2.5459237098693848
tf.Tensor(-10832.600285512777, shape=(), dtype=float64)
nll_grad  cost time: 2.576301097869873
tf.Tensor(-10832.722612806727, shape=(), dtype=float64)
nll_grad  cost time: 2.5248665809631348
tf.Tensor(-10832.87581095627, shape=(), dtype=float64)
nll_grad  cost time: 2.527317762374878
tf.Tensor(-10833.020965251606, shape=(), dtype=float64)
nll_grad  cost time: 2.618769645690918
tf.Tensor(-10833.155908331704, shape=(), dtype=float64)
nll_grad  cost time: 2.4910736083984375
tf.Tensor(-10833.285052735235, shape=(), dtype=float64)
nll_grad  cost time: 2.5429587364196777
tf.Tensor(-10833.383418703532, shape=(), dtype=float64)
nll_grad  cost time: 2.484595537185669
tf.Tensor(-10833.452176973238, shape=(), dtype=float64)
nll_grad  cost time: 2.488112211227417
tf.Tensor(-10833.515966139526, shape=(), dtype=float64)
nll_grad  cost time: 2.4647512435913086
tf.Tensor(-10833.57742568275, shape=(), dtype=float64)
nll_grad  cost time: 2.4625113010406494
tf.Tensor(-10833.663936528854, shape=(), dtype=float64)
nll_grad  cost time: 2.5228447914123535
tf.Tensor(-10833.787458798994, shape=(), dtype=float64)
nll_grad  cost time: 2.569145679473877
tf.Tensor(-10833.903563078926, shape=(), dtype=float64)
nll_grad  cost time: 2.558197498321533
tf.Tensor(-10834.060151706857, shape=(), dtype=float64)
nll_grad  cost time: 2.5903282165527344
tf.Tensor(-10834.243685942405, shape=(), dtype=float64)
nll_grad  cost time: 2.5445075035095215
tf.Tensor(-10834.44399722376, shape=(), dtype=float64)
nll_grad  cost time: 2.7210419178009033
tf.Tensor(-10834.613447957654, shape=(), dtype=float64)
nll_grad  cost time: 2.5673913955688477
tf.Tensor(-10834.796449110618, shape=(), dtype=float64)
nll_grad  cost time: 2.526977300643921
tf.Tensor(-10834.9944334377, shape=(), dtype=float64)
nll_grad  cost time: 2.670351266860962
tf.Tensor(-10835.260704892728, shape=(), dtype=float64)
nll_grad  cost time: 2.583019495010376
tf.Tensor(-10835.445603266806, shape=(), dtype=float64)
nll_grad  cost time: 2.5776262283325195
tf.Tensor(-10835.736618075847, shape=(), dtype=float64)
nll_grad  cost time: 2.4725182056427
tf.Tensor(-10836.083521027598, shape=(), dtype=float64)
nll_grad  cost time: 2.5791263580322266
tf.Tensor(-10836.623061547587, shape=(), dtype=float64)
nll_grad  cost time: 2.56680965423584
tf.Tensor(-10837.54303500137, shape=(), dtype=float64)
nll_grad  cost time: 2.692347526550293
tf.Tensor(-10838.877592183351, shape=(), dtype=float64)
nll_grad  cost time: 2.6126439571380615
tf.Tensor(-10839.820274818554, shape=(), dtype=float64)
nll_grad  cost time: 2.6376912593841553
tf.Tensor(-10840.582924437844, shape=(), dtype=float64)
nll_grad  cost time: 2.6207141876220703
tf.Tensor(-10841.26694621619, shape=(), dtype=float64)
nll_grad  cost time: 2.6307051181793213
tf.Tensor(-10841.84179936242, shape=(), dtype=float64)
nll_grad  cost time: 2.5626847743988037
tf.Tensor(-10842.412924882301, shape=(), dtype=float64)
nll_grad  cost time: 2.591433525085449
tf.Tensor(-10842.737484240672, shape=(), dtype=float64)
nll_grad  cost time: 2.5374419689178467
tf.Tensor(-10843.241833369524, shape=(), dtype=float64)
nll_grad  cost time: 2.609297275543213
tf.Tensor(-10843.665655643861, shape=(), dtype=float64)
nll_grad  cost time: 2.5304417610168457
tf.Tensor(-10844.176800459023, shape=(), dtype=float64)
nll_grad  cost time: 2.4436256885528564
nll_grad  cost time: 2.540388345718384
tf.Tensor(-10844.447593607536, shape=(), dtype=float64)
nll_grad  cost time: 2.5381112098693848
tf.Tensor(-10844.811518797978, shape=(), dtype=float64)
nll_grad  cost time: 2.561912775039673
tf.Tensor(-10845.118992671953, shape=(), dtype=float64)
nll_grad  cost time: 2.6204965114593506
tf.Tensor(-10845.484405074734, shape=(), dtype=float64)
nll_grad  cost time: 2.5278878211975098
tf.Tensor(-10845.936303980336, shape=(), dtype=float64)
nll_grad  cost time: 2.5505211353302
tf.Tensor(-10846.065309592967, shape=(), dtype=float64)
nll_grad  cost time: 2.777301073074341
tf.Tensor(-10846.293299580022, shape=(), dtype=float64)
nll_grad  cost time: 2.6660780906677246
tf.Tensor(-10846.658931978822, shape=(), dtype=float64)
nll_grad  cost time: 2.59999418258667
tf.Tensor(-10847.169640612265, shape=(), dtype=float64)
nll_grad  cost time: 2.542144298553467
tf.Tensor(-10847.413991958427, shape=(), dtype=float64)
nll_grad  cost time: 2.4713358879089355
tf.Tensor(-10847.743910440193, shape=(), dtype=float64)
nll_grad  cost time: 2.6091082096099854
tf.Tensor(-10848.100260604275, shape=(), dtype=float64)
nll_grad  cost time: 2.613208055496216
tf.Tensor(-10848.56138781811, shape=(), dtype=float64)
nll_grad  cost time: 2.507970094680786
tf.Tensor(-10848.945952368296, shape=(), dtype=float64)
nll_grad  cost time: 2.513838768005371
tf.Tensor(-10849.526969082784, shape=(), dtype=float64)
nll_grad  cost time: 2.539677619934082
tf.Tensor(-10850.21362719372, shape=(), dtype=float64)
nll_grad  cost time: 2.565936326980591
tf.Tensor(-10850.632161510734, shape=(), dtype=float64)
nll_grad  cost time: 2.497732162475586
tf.Tensor(-10851.002737859872, shape=(), dtype=float64)
nll_grad  cost time: 2.6150753498077393
tf.Tensor(-10851.484973290007, shape=(), dtype=float64)
nll_grad  cost time: 2.5316646099090576
tf.Tensor(-10852.017412147077, shape=(), dtype=float64)
nll_grad  cost time: 2.866931915283203
tf.Tensor(-10852.613960731207, shape=(), dtype=float64)
nll_grad  cost time: 2.5866544246673584
tf.Tensor(-10853.307913517816, shape=(), dtype=float64)
nll_grad  cost time: 2.6122496128082275
tf.Tensor(-10854.008769203589, shape=(), dtype=float64)
nll_grad  cost time: 2.576467275619507
tf.Tensor(-10854.526474681403, shape=(), dtype=float64)
nll_grad  cost time: 2.669739246368408
tf.Tensor(-10855.001221591694, shape=(), dtype=float64)
nll_grad  cost time: 2.6442010402679443
tf.Tensor(-10855.590833553579, shape=(), dtype=float64)
nll_grad  cost time: 2.6566967964172363
tf.Tensor(-10855.915790784067, shape=(), dtype=float64)
nll_grad  cost time: 2.5651679039001465
tf.Tensor(-10856.372882667936, shape=(), dtype=float64)
nll_grad  cost time: 2.5195424556732178
tf.Tensor(-10856.96007422499, shape=(), dtype=float64)
nll_grad  cost time: 2.6458609104156494
tf.Tensor(-10857.165502717413, shape=(), dtype=float64)
nll_grad  cost time: 2.433194875717163
tf.Tensor(-10857.499212616844, shape=(), dtype=float64)
nll_grad  cost time: 2.5842864513397217
tf.Tensor(-10857.9566586318, shape=(), dtype=float64)
nll_grad  cost time: 2.5601212978363037
tf.Tensor(-10858.105262029825, shape=(), dtype=float64)
nll_grad  cost time: 2.5082647800445557
tf.Tensor(-10858.330475775158, shape=(), dtype=float64)
nll_grad  cost time: 2.5188844203948975
tf.Tensor(-10858.63028906584, shape=(), dtype=float64)
nll_grad  cost time: 2.556119918823242
tf.Tensor(-10858.836352080332, shape=(), dtype=float64)
nll_grad  cost time: 2.550074338912964
tf.Tensor(-10859.10059757677, shape=(), dtype=float64)
nll_grad  cost time: 2.5231189727783203
tf.Tensor(-10859.424358338481, shape=(), dtype=float64)
nll_grad  cost time: 2.492905616760254
tf.Tensor(-10859.768528168835, shape=(), dtype=float64)
nll_grad  cost time: 2.488771438598633
tf.Tensor(-10860.089476567886, shape=(), dtype=float64)
nll_grad  cost time: 2.4593756198883057
tf.Tensor(-10860.49147445085, shape=(), dtype=float64)
nll_grad  cost time: 2.458160161972046
tf.Tensor(-10860.810896004088, shape=(), dtype=float64)
nll_grad  cost time: 2.5149292945861816
tf.Tensor(-10861.163001110457, shape=(), dtype=float64)
nll_grad  cost time: 2.456531524658203
tf.Tensor(-10861.560996506385, shape=(), dtype=float64)
nll_grad  cost time: 2.5005574226379395
tf.Tensor(-10861.989271364484, shape=(), dtype=float64)
nll_grad  cost time: 2.628202199935913
tf.Tensor(-10862.085266701859, shape=(), dtype=float64)
nll_grad  cost time: 2.5198183059692383
tf.Tensor(-10862.256648641021, shape=(), dtype=float64)
nll_grad  cost time: 2.6215503215789795
tf.Tensor(-10862.542829136986, shape=(), dtype=float64)
nll_grad  cost time: 2.542680263519287
tf.Tensor(-10862.9035177429, shape=(), dtype=float64)
nll_grad  cost time: 2.541236639022827
tf.Tensor(-10863.035263248352, shape=(), dtype=float64)
nll_grad  cost time: 2.594942569732666
tf.Tensor(-10863.236766035, shape=(), dtype=float64)
nll_grad  cost time: 2.515209436416626
tf.Tensor(-10863.50136998334, shape=(), dtype=float64)
nll_grad  cost time: 2.5743677616119385
tf.Tensor(-10863.773404679654, shape=(), dtype=float64)
nll_grad  cost time: 2.6824228763580322
tf.Tensor(-10864.03684327296, shape=(), dtype=float64)
nll_grad  cost time: 2.6940383911132812
tf.Tensor(-10864.436593422713, shape=(), dtype=float64)
nll_grad  cost time: 2.566469430923462
tf.Tensor(-10864.86594650089, shape=(), dtype=float64)
nll_grad  cost time: 2.5905661582946777
tf.Tensor(-10865.066678648389, shape=(), dtype=float64)
nll_grad  cost time: 2.600778341293335
tf.Tensor(-10865.340138384541, shape=(), dtype=float64)
nll_grad  cost time: 2.5151822566986084
tf.Tensor(-10865.584689303258, shape=(), dtype=float64)
nll_grad  cost time: 2.5887091159820557
tf.Tensor(-10865.820226673615, shape=(), dtype=float64)
nll_grad  cost time: 2.5892648696899414
tf.Tensor(-10866.110007131865, shape=(), dtype=float64)
nll_grad  cost time: 2.640239715576172
tf.Tensor(-10866.316628387533, shape=(), dtype=float64)
nll_grad  cost time: 2.495185613632202
tf.Tensor(-10866.552247633179, shape=(), dtype=float64)
nll_grad  cost time: 2.4878172874450684
tf.Tensor(-10866.775084241592, shape=(), dtype=float64)
nll_grad  cost time: 2.5368893146514893
tf.Tensor(-10866.988694686679, shape=(), dtype=float64)
nll_grad  cost time: 2.6288092136383057
tf.Tensor(-10867.196644116, shape=(), dtype=float64)
nll_grad  cost time: 2.464789628982544
tf.Tensor(-10867.378296990704, shape=(), dtype=float64)
nll_grad  cost time: 2.4901466369628906
tf.Tensor(-10867.615754980015, shape=(), dtype=float64)
nll_grad  cost time: 2.5681557655334473
tf.Tensor(-10867.776075267782, shape=(), dtype=float64)
nll_grad  cost time: 2.5940566062927246
tf.Tensor(-10867.947479790557, shape=(), dtype=float64)
nll_grad  cost time: 2.6111996173858643
tf.Tensor(-10868.057597217736, shape=(), dtype=float64)
nll_grad  cost time: 2.5992355346679688
tf.Tensor(-10868.180868228981, shape=(), dtype=float64)
nll_grad  cost time: 2.6428160667419434
tf.Tensor(-10868.318136379443, shape=(), dtype=float64)
nll_grad  cost time: 2.6719839572906494
tf.Tensor(-10868.462232448408, shape=(), dtype=float64)
nll_grad  cost time: 2.5826663970947266
tf.Tensor(-10868.656552999164, shape=(), dtype=float64)
nll_grad  cost time: 2.639460802078247
tf.Tensor(-10868.894164923022, shape=(), dtype=float64)
nll_grad  cost time: 2.6628458499908447
tf.Tensor(-10869.047994176817, shape=(), dtype=float64)
nll_grad  cost time: 2.609251022338867
tf.Tensor(-10869.234489806138, shape=(), dtype=float64)
nll_grad  cost time: 2.6316795349121094
tf.Tensor(-10869.438805861006, shape=(), dtype=float64)
nll_grad  cost time: 2.5827295780181885
tf.Tensor(-10869.63777311115, shape=(), dtype=float64)
nll_grad  cost time: 2.6091387271881104
tf.Tensor(-10869.778323843228, shape=(), dtype=float64)
nll_grad  cost time: 2.612074136734009
tf.Tensor(-10869.931787292939, shape=(), dtype=float64)
nll_grad  cost time: 2.6658945083618164
tf.Tensor(-10870.098615468505, shape=(), dtype=float64)
nll_grad  cost time: 2.5392744541168213
tf.Tensor(-10870.271073822903, shape=(), dtype=float64)
nll_grad  cost time: 2.5789287090301514
tf.Tensor(-10870.416361568237, shape=(), dtype=float64)
nll_grad  cost time: 2.6051900386810303
tf.Tensor(-10870.55764783403, shape=(), dtype=float64)
nll_grad  cost time: 2.548945903778076
tf.Tensor(-10870.749875340058, shape=(), dtype=float64)
nll_grad  cost time: 2.522979259490967
tf.Tensor(-10871.000734011934, shape=(), dtype=float64)
nll_grad  cost time: 2.5562140941619873
tf.Tensor(-10871.330309273737, shape=(), dtype=float64)
nll_grad  cost time: 2.507291793823242
tf.Tensor(-10871.647418662025, shape=(), dtype=float64)
nll_grad  cost time: 2.567591667175293
tf.Tensor(-10871.849369009411, shape=(), dtype=float64)
nll_grad  cost time: 2.5419037342071533
tf.Tensor(-10871.966406646941, shape=(), dtype=float64)
nll_grad  cost time: 2.5590157508850098
tf.Tensor(-10872.064581310908, shape=(), dtype=float64)
nll_grad  cost time: 2.5106520652770996
tf.Tensor(-10872.137894829648, shape=(), dtype=float64)
nll_grad  cost time: 2.659335136413574
tf.Tensor(-10872.212766480337, shape=(), dtype=float64)
nll_grad  cost time: 2.472151756286621
tf.Tensor(-10872.304513852585, shape=(), dtype=float64)
nll_grad  cost time: 2.6779472827911377
tf.Tensor(-10872.377390303678, shape=(), dtype=float64)
nll_grad  cost time: 2.5773003101348877
tf.Tensor(-10872.44200785751, shape=(), dtype=float64)
nll_grad  cost time: 2.5550639629364014
tf.Tensor(-10872.524848850826, shape=(), dtype=float64)
nll_grad  cost time: 2.722503662109375
tf.Tensor(-10872.588660820467, shape=(), dtype=float64)
nll_grad  cost time: 2.55375075340271
tf.Tensor(-10872.663232938969, shape=(), dtype=float64)
nll_grad  cost time: 2.6653244495391846
tf.Tensor(-10872.736092045623, shape=(), dtype=float64)
nll_grad  cost time: 2.69266414642334
tf.Tensor(-10872.828935185731, shape=(), dtype=float64)
nll_grad  cost time: 2.6379826068878174
tf.Tensor(-10872.90241834203, shape=(), dtype=float64)
nll_grad  cost time: 2.6302270889282227
tf.Tensor(-10872.978461268216, shape=(), dtype=float64)
nll_grad  cost time: 2.642927885055542
tf.Tensor(-10873.064871970128, shape=(), dtype=float64)
nll_grad  cost time: 2.5457799434661865
tf.Tensor(-10873.162447658866, shape=(), dtype=float64)
nll_grad  cost time: 2.6607534885406494
tf.Tensor(-10873.229636685559, shape=(), dtype=float64)
nll_grad  cost time: 2.653282880783081
tf.Tensor(-10873.302359317157, shape=(), dtype=float64)
nll_grad  cost time: 2.580839157104492
tf.Tensor(-10873.372676901916, shape=(), dtype=float64)
nll_grad  cost time: 2.562110662460327
tf.Tensor(-10873.452424578623, shape=(), dtype=float64)
nll_grad  cost time: 2.563319683074951
tf.Tensor(-10873.536592002944, shape=(), dtype=float64)
nll_grad  cost time: 2.5203099250793457
tf.Tensor(-10873.62128533806, shape=(), dtype=float64)
nll_grad  cost time: 2.549870729446411
tf.Tensor(-10873.677713503974, shape=(), dtype=float64)
nll_grad  cost time: 2.6172444820404053
tf.Tensor(-10873.730088528806, shape=(), dtype=float64)
nll_grad  cost time: 2.623465061187744
tf.Tensor(-10873.791932600143, shape=(), dtype=float64)
nll_grad  cost time: 2.524552583694458
tf.Tensor(-10873.843828879235, shape=(), dtype=float64)
nll_grad  cost time: 2.4747374057769775
tf.Tensor(-10873.903043200811, shape=(), dtype=float64)
nll_grad  cost time: 2.452953577041626
tf.Tensor(-10873.968781793454, shape=(), dtype=float64)
nll_grad  cost time: 2.527414321899414
tf.Tensor(-10874.04546620786, shape=(), dtype=float64)
nll_grad  cost time: 2.4827139377593994
tf.Tensor(-10874.123253949634, shape=(), dtype=float64)
nll_grad  cost time: 2.5097522735595703
tf.Tensor(-10874.198204183653, shape=(), dtype=float64)
nll_grad  cost time: 2.6772267818450928
tf.Tensor(-10874.286407955973, shape=(), dtype=float64)
nll_grad  cost time: 2.715228319168091
tf.Tensor(-10874.38285703255, shape=(), dtype=float64)
nll_grad  cost time: 2.562364101409912
tf.Tensor(-10874.470003981354, shape=(), dtype=float64)
nll_grad  cost time: 2.6343207359313965
tf.Tensor(-10874.540671714516, shape=(), dtype=float64)
nll_grad  cost time: 2.714855909347534
tf.Tensor(-10874.601643406313, shape=(), dtype=float64)
nll_grad  cost time: 2.603767156600952
tf.Tensor(-10874.660124573405, shape=(), dtype=float64)
nll_grad  cost time: 2.532550811767578
tf.Tensor(-10874.729780248763, shape=(), dtype=float64)
nll_grad  cost time: 2.4968607425689697
tf.Tensor(-10874.814647290983, shape=(), dtype=float64)
nll_grad  cost time: 2.564220428466797
tf.Tensor(-10874.92855566649, shape=(), dtype=float64)
nll_grad  cost time: 2.5219380855560303
tf.Tensor(-10875.007415402695, shape=(), dtype=float64)
nll_grad  cost time: 2.4522037506103516
tf.Tensor(-10875.076858267872, shape=(), dtype=float64)
nll_grad  cost time: 2.4688961505889893
tf.Tensor(-10875.138537036222, shape=(), dtype=float64)
nll_grad  cost time: 2.586106061935425
tf.Tensor(-10875.217320256033, shape=(), dtype=float64)
nll_grad  cost time: 2.546954393386841
tf.Tensor(-10875.324100416274, shape=(), dtype=float64)
nll_grad  cost time: 2.5260157585144043
tf.Tensor(-10875.45743126459, shape=(), dtype=float64)
nll_grad  cost time: 2.4620447158813477
tf.Tensor(-10875.571333728396, shape=(), dtype=float64)
nll_grad  cost time: 2.615377187728882
tf.Tensor(-10875.678667127104, shape=(), dtype=float64)
nll_grad  cost time: 2.597661256790161
tf.Tensor(-10875.801574378853, shape=(), dtype=float64)
nll_grad  cost time: 2.6136841773986816
tf.Tensor(-10875.943872365373, shape=(), dtype=float64)
nll_grad  cost time: 2.5674924850463867
tf.Tensor(-10876.035176283007, shape=(), dtype=float64)
nll_grad  cost time: 2.691251516342163
tf.Tensor(-10876.14830620707, shape=(), dtype=float64)
nll_grad  cost time: 2.6474316120147705
tf.Tensor(-10876.260099002844, shape=(), dtype=float64)
nll_grad  cost time: 2.597574472427368
tf.Tensor(-10876.361652252835, shape=(), dtype=float64)
nll_grad  cost time: 2.7088263034820557
tf.Tensor(-10876.441577039164, shape=(), dtype=float64)
nll_grad  cost time: 2.492593765258789
tf.Tensor(-10876.508520653962, shape=(), dtype=float64)
nll_grad  cost time: 2.500717878341675
tf.Tensor(-10876.583014653886, shape=(), dtype=float64)
nll_grad  cost time: 2.5243008136749268
tf.Tensor(-10876.66470266888, shape=(), dtype=float64)
nll_grad  cost time: 2.559000015258789
tf.Tensor(-10876.733132539255, shape=(), dtype=float64)
nll_grad  cost time: 2.641587495803833
tf.Tensor(-10876.821241465386, shape=(), dtype=float64)
nll_grad  cost time: 2.613298177719116
tf.Tensor(-10876.898345140875, shape=(), dtype=float64)
nll_grad  cost time: 2.5189783573150635
tf.Tensor(-10876.953241290426, shape=(), dtype=float64)
nll_grad  cost time: 2.586566686630249
tf.Tensor(-10876.996347665794, shape=(), dtype=float64)
nll_grad  cost time: 2.597104549407959
tf.Tensor(-10877.028882715014, shape=(), dtype=float64)
nll_grad  cost time: 2.513890027999878
tf.Tensor(-10877.061498302799, shape=(), dtype=float64)
nll_grad  cost time: 2.549276351928711
tf.Tensor(-10877.109901050622, shape=(), dtype=float64)
nll_grad  cost time: 2.5809710025787354
tf.Tensor(-10877.169292921793, shape=(), dtype=float64)
nll_grad  cost time: 2.565098524093628
tf.Tensor(-10877.22223001761, shape=(), dtype=float64)
nll_grad  cost time: 2.525236129760742
tf.Tensor(-10877.279062043508, shape=(), dtype=float64)
nll_grad  cost time: 2.507779121398926
tf.Tensor(-10877.343306407882, shape=(), dtype=float64)
nll_grad  cost time: 2.6268692016601562
tf.Tensor(-10877.430708063006, shape=(), dtype=float64)
nll_grad  cost time: 2.6330080032348633
tf.Tensor(-10877.495728931735, shape=(), dtype=float64)
nll_grad  cost time: 2.585636615753174
tf.Tensor(-10877.576774162648, shape=(), dtype=float64)
nll_grad  cost time: 2.5252504348754883
tf.Tensor(-10877.645180775271, shape=(), dtype=float64)
nll_grad  cost time: 2.6667709350585938
tf.Tensor(-10877.706912142225, shape=(), dtype=float64)
nll_grad  cost time: 2.6156818866729736
tf.Tensor(-10877.758828106715, shape=(), dtype=float64)
nll_grad  cost time: 2.4907314777374268
tf.Tensor(-10877.787901784843, shape=(), dtype=float64)
nll_grad  cost time: 2.625166177749634
tf.Tensor(-10877.831028014152, shape=(), dtype=float64)
nll_grad  cost time: 2.472360372543335
tf.Tensor(-10877.884121826108, shape=(), dtype=float64)
nll_grad  cost time: 2.5512866973876953
tf.Tensor(-10877.927354989504, shape=(), dtype=float64)
nll_grad  cost time: 2.494098424911499
tf.Tensor(-10877.971262668205, shape=(), dtype=float64)
nll_grad  cost time: 2.4811387062072754
tf.Tensor(-10878.016242778333, shape=(), dtype=float64)
nll_grad  cost time: 2.6268904209136963
tf.Tensor(-10878.058280018588, shape=(), dtype=float64)
nll_grad  cost time: 2.6062827110290527
tf.Tensor(-10878.094833637406, shape=(), dtype=float64)
nll_grad  cost time: 2.5799546241760254
tf.Tensor(-10878.122004863188, shape=(), dtype=float64)
nll_grad  cost time: 2.536860942840576
tf.Tensor(-10878.15221132585, shape=(), dtype=float64)
nll_grad  cost time: 2.578301191329956
tf.Tensor(-10878.18850990908, shape=(), dtype=float64)
nll_grad  cost time: 2.4844489097595215
tf.Tensor(-10878.22187428354, shape=(), dtype=float64)
nll_grad  cost time: 2.6465492248535156
tf.Tensor(-10878.258217098548, shape=(), dtype=float64)
nll_grad  cost time: 2.5649807453155518
tf.Tensor(-10878.2987777526, shape=(), dtype=float64)
nll_grad  cost time: 2.53790283203125
tf.Tensor(-10878.337691052973, shape=(), dtype=float64)
nll_grad  cost time: 2.4746623039245605
tf.Tensor(-10878.36932397477, shape=(), dtype=float64)
nll_grad  cost time: 2.498163938522339
tf.Tensor(-10878.404854366177, shape=(), dtype=float64)
nll_grad  cost time: 2.5237364768981934
tf.Tensor(-10878.439868680973, shape=(), dtype=float64)
nll_grad  cost time: 2.498011827468872
tf.Tensor(-10878.475151382161, shape=(), dtype=float64)
nll_grad  cost time: 2.563580274581909
tf.Tensor(-10878.510624428385, shape=(), dtype=float64)
nll_grad  cost time: 2.52184796333313
tf.Tensor(-10878.548459467154, shape=(), dtype=float64)
nll_grad  cost time: 2.467250347137451
tf.Tensor(-10878.585594434979, shape=(), dtype=float64)
nll_grad  cost time: 2.6894774436950684
tf.Tensor(-10878.618855454097, shape=(), dtype=float64)
nll_grad  cost time: 2.473036527633667
tf.Tensor(-10878.644789210484, shape=(), dtype=float64)
nll_grad  cost time: 2.8709702491760254
tf.Tensor(-10878.680835280833, shape=(), dtype=float64)
nll_grad  cost time: 2.7623977661132812
tf.Tensor(-10878.733887724287, shape=(), dtype=float64)
nll_grad  cost time: 2.5132381916046143
tf.Tensor(-10878.785713202113, shape=(), dtype=float64)
nll_grad  cost time: 2.5228097438812256
tf.Tensor(-10878.817992071316, shape=(), dtype=float64)
nll_grad  cost time: 2.487264394760132
tf.Tensor(-10878.849122846445, shape=(), dtype=float64)
nll_grad  cost time: 2.551387071609497
tf.Tensor(-10878.885966918486, shape=(), dtype=float64)
nll_grad  cost time: 2.579030990600586
tf.Tensor(-10878.937245609624, shape=(), dtype=float64)
nll_grad  cost time: 2.6566169261932373
tf.Tensor(-10878.996891381266, shape=(), dtype=float64)
nll_grad  cost time: 2.613481044769287
tf.Tensor(-10879.063040778485, shape=(), dtype=float64)
nll_grad  cost time: 2.725731134414673
tf.Tensor(-10879.130333342651, shape=(), dtype=float64)
nll_grad  cost time: 2.5873377323150635
tf.Tensor(-10879.194508556935, shape=(), dtype=float64)
nll_grad  cost time: 2.610339879989624
tf.Tensor(-10879.24448971772, shape=(), dtype=float64)
nll_grad  cost time: 2.555331230163574
tf.Tensor(-10879.280827209186, shape=(), dtype=float64)
nll_grad  cost time: 2.562368154525757
tf.Tensor(-10879.312813873297, shape=(), dtype=float64)
nll_grad  cost time: 2.5929832458496094
tf.Tensor(-10879.343746011833, shape=(), dtype=float64)
nll_grad  cost time: 2.4153740406036377
tf.Tensor(-10879.370867217465, shape=(), dtype=float64)
nll_grad  cost time: 2.4954841136932373
tf.Tensor(-10879.401354047852, shape=(), dtype=float64)
nll_grad  cost time: 2.408168315887451
tf.Tensor(-10879.430972105594, shape=(), dtype=float64)
nll_grad  cost time: 2.5749311447143555
tf.Tensor(-10879.46612333945, shape=(), dtype=float64)
nll_grad  cost time: 2.6283228397369385
tf.Tensor(-10879.505667965102, shape=(), dtype=float64)
nll_grad  cost time: 2.527106523513794
tf.Tensor(-10879.54594576589, shape=(), dtype=float64)
nll_grad  cost time: 2.664161443710327
tf.Tensor(-10879.578033144157, shape=(), dtype=float64)
nll_grad  cost time: 2.604020833969116
tf.Tensor(-10879.611807581598, shape=(), dtype=float64)
nll_grad  cost time: 2.476632595062256
tf.Tensor(-10879.64405069692, shape=(), dtype=float64)
nll_grad  cost time: 2.737297773361206
tf.Tensor(-10879.671444719017, shape=(), dtype=float64)
nll_grad  cost time: 2.5352659225463867
tf.Tensor(-10879.702522462685, shape=(), dtype=float64)
nll_grad  cost time: 2.526005506515503
tf.Tensor(-10879.740853176772, shape=(), dtype=float64)
nll_grad  cost time: 2.464513063430786
tf.Tensor(-10879.780776766434, shape=(), dtype=float64)
nll_grad  cost time: 2.5279417037963867
tf.Tensor(-10879.822995088514, shape=(), dtype=float64)
nll_grad  cost time: 2.63525128364563
tf.Tensor(-10879.86760021175, shape=(), dtype=float64)
nll_grad  cost time: 2.572402000427246
tf.Tensor(-10879.903758123019, shape=(), dtype=float64)
nll_grad  cost time: 2.568204164505005
tf.Tensor(-10879.942592823849, shape=(), dtype=float64)
nll_grad  cost time: 2.57429838180542
tf.Tensor(-10879.983782018058, shape=(), dtype=float64)
nll_grad  cost time: 2.589925527572632
tf.Tensor(-10880.005234425811, shape=(), dtype=float64)
nll_grad  cost time: 2.5421316623687744
tf.Tensor(-10880.026859904352, shape=(), dtype=float64)
nll_grad  cost time: 2.5435843467712402
tf.Tensor(-10880.042757465071, shape=(), dtype=float64)
nll_grad  cost time: 2.5115604400634766
tf.Tensor(-10880.057051828753, shape=(), dtype=float64)
nll_grad  cost time: 2.5521204471588135
tf.Tensor(-10880.073574043054, shape=(), dtype=float64)
nll_grad  cost time: 2.491023540496826
tf.Tensor(-10880.092156602888, shape=(), dtype=float64)
nll_grad  cost time: 2.5610060691833496
tf.Tensor(-10880.112799587063, shape=(), dtype=float64)
nll_grad  cost time: 2.541910171508789
tf.Tensor(-10880.13743152087, shape=(), dtype=float64)
nll_grad  cost time: 2.522911787033081
tf.Tensor(-10880.165512400294, shape=(), dtype=float64)
nll_grad  cost time: 2.5585029125213623
tf.Tensor(-10880.190766448723, shape=(), dtype=float64)
nll_grad  cost time: 2.5686557292938232
tf.Tensor(-10880.212686828683, shape=(), dtype=float64)
nll_grad  cost time: 2.542494535446167
tf.Tensor(-10880.232204149477, shape=(), dtype=float64)
nll_grad  cost time: 2.6050000190734863
tf.Tensor(-10880.250295788068, shape=(), dtype=float64)
nll_grad  cost time: 2.5497701168060303
tf.Tensor(-10880.275082048254, shape=(), dtype=float64)
nll_grad  cost time: 2.755998373031616
tf.Tensor(-10880.309296728741, shape=(), dtype=float64)
nll_grad  cost time: 2.592636823654175
tf.Tensor(-10880.340489401624, shape=(), dtype=float64)
nll_grad  cost time: 2.4946229457855225
tf.Tensor(-10880.374868800918, shape=(), dtype=float64)
nll_grad  cost time: 2.5730810165405273
tf.Tensor(-10880.407115086437, shape=(), dtype=float64)
nll_grad  cost time: 2.50728178024292
tf.Tensor(-10880.434782390104, shape=(), dtype=float64)
nll_grad  cost time: 2.5665853023529053
tf.Tensor(-10880.457432627529, shape=(), dtype=float64)
nll_grad  cost time: 2.574918746948242
tf.Tensor(-10880.479544567355, shape=(), dtype=float64)
nll_grad  cost time: 2.464170455932617
tf.Tensor(-10880.501449157819, shape=(), dtype=float64)
nll_grad  cost time: 2.500643730163574
tf.Tensor(-10880.52532329515, shape=(), dtype=float64)
nll_grad  cost time: 2.672518730163574
tf.Tensor(-10880.551361576032, shape=(), dtype=float64)
nll_grad  cost time: 2.6306071281433105
tf.Tensor(-10880.569384066173, shape=(), dtype=float64)
nll_grad  cost time: 2.5804085731506348
tf.Tensor(-10880.592451387663, shape=(), dtype=float64)
nll_grad  cost time: 2.5852560997009277
tf.Tensor(-10880.627983431426, shape=(), dtype=float64)
nll_grad  cost time: 2.5569732189178467
tf.Tensor(-10880.671586993907, shape=(), dtype=float64)
nll_grad  cost time: 2.4843854904174805
tf.Tensor(-10880.708359384924, shape=(), dtype=float64)
nll_grad  cost time: 2.5196945667266846
tf.Tensor(-10880.740425509386, shape=(), dtype=float64)
nll_grad  cost time: 2.5399012565612793
tf.Tensor(-10880.761783621063, shape=(), dtype=float64)
nll_grad  cost time: 2.6544013023376465
tf.Tensor(-10880.79199465195, shape=(), dtype=float64)
nll_grad  cost time: 2.600437879562378
tf.Tensor(-10880.820304572811, shape=(), dtype=float64)
nll_grad  cost time: 2.525871992111206
tf.Tensor(-10880.841554937517, shape=(), dtype=float64)
nll_grad  cost time: 2.583003282546997
tf.Tensor(-10880.853586988673, shape=(), dtype=float64)
nll_grad  cost time: 2.6325132846832275
tf.Tensor(-10880.873258290238, shape=(), dtype=float64)
nll_grad  cost time: 2.628056764602661
tf.Tensor(-10880.90126034015, shape=(), dtype=float64)
nll_grad  cost time: 2.5560646057128906
tf.Tensor(-10880.92659398594, shape=(), dtype=float64)
nll_grad  cost time: 2.8084211349487305
tf.Tensor(-10880.958366771825, shape=(), dtype=float64)
nll_grad  cost time: 2.612175464630127
tf.Tensor(-10880.994677324776, shape=(), dtype=float64)
nll_grad  cost time: 2.5394368171691895
tf.Tensor(-10881.023047826668, shape=(), dtype=float64)
nll_grad  cost time: 2.5731139183044434
tf.Tensor(-10881.046532401848, shape=(), dtype=float64)
nll_grad  cost time: 2.5790576934814453
tf.Tensor(-10881.072823471604, shape=(), dtype=float64)
nll_grad  cost time: 2.672436475753784
tf.Tensor(-10881.090366628778, shape=(), dtype=float64)
nll_grad  cost time: 2.591403007507324
tf.Tensor(-10881.108277814605, shape=(), dtype=float64)
nll_grad  cost time: 2.5622682571411133
tf.Tensor(-10881.126398362547, shape=(), dtype=float64)
nll_grad  cost time: 2.6187236309051514
tf.Tensor(-10881.14432835345, shape=(), dtype=float64)
nll_grad  cost time: 2.533059597015381
tf.Tensor(-10881.16368986218, shape=(), dtype=float64)
nll_grad  cost time: 2.474848747253418
tf.Tensor(-10881.184165163417, shape=(), dtype=float64)
nll_grad  cost time: 2.4660751819610596
tf.Tensor(-10881.210460833798, shape=(), dtype=float64)
nll_grad  cost time: 2.456028461456299
tf.Tensor(-10881.23269565251, shape=(), dtype=float64)
nll_grad  cost time: 2.50262451171875
tf.Tensor(-10881.254423940853, shape=(), dtype=float64)
nll_grad  cost time: 2.483461380004883
tf.Tensor(-10881.27408301046, shape=(), dtype=float64)
nll_grad  cost time: 2.5360374450683594
tf.Tensor(-10881.296510563614, shape=(), dtype=float64)
nll_grad  cost time: 2.532688617706299
tf.Tensor(-10881.3152479829, shape=(), dtype=float64)
nll_grad  cost time: 2.603803873062134
tf.Tensor(-10881.340735788996, shape=(), dtype=float64)
nll_grad  cost time: 2.591088056564331
tf.Tensor(-10881.359114788327, shape=(), dtype=float64)
nll_grad  cost time: 2.634141206741333
tf.Tensor(-10881.373142284407, shape=(), dtype=float64)
nll_grad  cost time: 2.741969108581543
tf.Tensor(-10881.388354512612, shape=(), dtype=float64)
nll_grad  cost time: 2.532545328140259
tf.Tensor(-10881.410061187082, shape=(), dtype=float64)
nll_grad  cost time: 2.555464506149292
tf.Tensor(-10881.427334558513, shape=(), dtype=float64)
nll_grad  cost time: 2.651236057281494
tf.Tensor(-10881.440990942363, shape=(), dtype=float64)
nll_grad  cost time: 2.5205447673797607
tf.Tensor(-10881.451401376708, shape=(), dtype=float64)
nll_grad  cost time: 2.5679266452789307
tf.Tensor(-10881.456362733472, shape=(), dtype=float64)
nll_grad  cost time: 2.5526282787323
tf.Tensor(-10881.459634302504, shape=(), dtype=float64)
nll_grad  cost time: 2.5868892669677734
tf.Tensor(-10881.463445967835, shape=(), dtype=float64)
nll_grad  cost time: 2.593071222305298
tf.Tensor(-10881.469010357192, shape=(), dtype=float64)
nll_grad  cost time: 2.602484941482544
tf.Tensor(-10881.474468196939, shape=(), dtype=float64)
nll_grad  cost time: 2.6128580570220947
tf.Tensor(-10881.48089760822, shape=(), dtype=float64)
nll_grad  cost time: 2.5805623531341553
tf.Tensor(-10881.490221799948, shape=(), dtype=float64)
nll_grad  cost time: 2.658376455307007
tf.Tensor(-10881.500216657907, shape=(), dtype=float64)
nll_grad  cost time: 2.608461380004883
tf.Tensor(-10881.510102564978, shape=(), dtype=float64)
nll_grad  cost time: 2.510751485824585
tf.Tensor(-10881.522026109487, shape=(), dtype=float64)
nll_grad  cost time: 2.5582900047302246
tf.Tensor(-10881.53784905293, shape=(), dtype=float64)
nll_grad  cost time: 2.5666282176971436
tf.Tensor(-10881.559120483107, shape=(), dtype=float64)
nll_grad  cost time: 2.4828298091888428
tf.Tensor(-10881.581383689936, shape=(), dtype=float64)
nll_grad  cost time: 2.451324224472046
tf.Tensor(-10881.590592789129, shape=(), dtype=float64)
nll_grad  cost time: 2.6406190395355225
tf.Tensor(-10881.59824337261, shape=(), dtype=float64)
nll_grad  cost time: 2.548309326171875
tf.Tensor(-10881.603591242663, shape=(), dtype=float64)
nll_grad  cost time: 2.5434072017669678
tf.Tensor(-10881.610286836967, shape=(), dtype=float64)
nll_grad  cost time: 2.5324325561523438
tf.Tensor(-10881.614624893482, shape=(), dtype=float64)
nll_grad  cost time: 2.550675392150879
tf.Tensor(-10881.61903186738, shape=(), dtype=float64)
nll_grad  cost time: 2.618823289871216
tf.Tensor(-10881.623508716912, shape=(), dtype=float64)
nll_grad  cost time: 2.5927658081054688
tf.Tensor(-10881.62699177337, shape=(), dtype=float64)
nll_grad  cost time: 2.810850143432617
tf.Tensor(-10881.629552812927, shape=(), dtype=float64)
nll_grad  cost time: 2.638911008834839
tf.Tensor(-10881.632071451491, shape=(), dtype=float64)
nll_grad  cost time: 2.6580443382263184
tf.Tensor(-10881.634971831823, shape=(), dtype=float64)
nll_grad  cost time: 2.5667905807495117
tf.Tensor(-10881.638171060804, shape=(), dtype=float64)
nll_grad  cost time: 2.5975236892700195
tf.Tensor(-10881.641114227128, shape=(), dtype=float64)
nll_grad  cost time: 2.634263515472412
tf.Tensor(-10881.644446033242, shape=(), dtype=float64)
nll_grad  cost time: 2.645805597305298
tf.Tensor(-10881.648730411616, shape=(), dtype=float64)
nll_grad  cost time: 2.6316535472869873
tf.Tensor(-10881.653580202099, shape=(), dtype=float64)
nll_grad  cost time: 2.6303110122680664
tf.Tensor(-10881.658148653867, shape=(), dtype=float64)
nll_grad  cost time: 2.702328681945801
tf.Tensor(-10881.66216033926, shape=(), dtype=float64)
nll_grad  cost time: 2.5787885189056396
tf.Tensor(-10881.666211843465, shape=(), dtype=float64)
nll_grad  cost time: 2.5443992614746094
tf.Tensor(-10881.671190025634, shape=(), dtype=float64)
nll_grad  cost time: 2.5751078128814697
tf.Tensor(-10881.676951341375, shape=(), dtype=float64)
nll_grad  cost time: 2.4977593421936035
tf.Tensor(-10881.683304286395, shape=(), dtype=float64)
nll_grad  cost time: 2.5916364192962646
tf.Tensor(-10881.689333666494, shape=(), dtype=float64)
nll_grad  cost time: 2.542815923690796
tf.Tensor(-10881.693786583128, shape=(), dtype=float64)
nll_grad  cost time: 2.5447471141815186
tf.Tensor(-10881.698579941069, shape=(), dtype=float64)
nll_grad  cost time: 2.5306313037872314
tf.Tensor(-10881.702865242572, shape=(), dtype=float64)
nll_grad  cost time: 2.5197322368621826
tf.Tensor(-10881.70776969539, shape=(), dtype=float64)
nll_grad  cost time: 2.4709746837615967
tf.Tensor(-10881.710922981256, shape=(), dtype=float64)
nll_grad  cost time: 2.5310370922088623
tf.Tensor(-10881.713666716612, shape=(), dtype=float64)
nll_grad  cost time: 2.5459177494049072
tf.Tensor(-10881.716300697979, shape=(), dtype=float64)
nll_grad  cost time: 2.468242645263672
tf.Tensor(-10881.719218263537, shape=(), dtype=float64)
nll_grad  cost time: 2.5215814113616943
tf.Tensor(-10881.722917137333, shape=(), dtype=float64)
nll_grad  cost time: 2.8037548065185547
tf.Tensor(-10881.726863144806, shape=(), dtype=float64)
nll_grad  cost time: 2.5364127159118652
tf.Tensor(-10881.73072444155, shape=(), dtype=float64)
nll_grad  cost time: 2.558053731918335
tf.Tensor(-10881.734694352283, shape=(), dtype=float64)
nll_grad  cost time: 2.508967161178589
tf.Tensor(-10881.738332709545, shape=(), dtype=float64)
nll_grad  cost time: 2.5083224773406982
tf.Tensor(-10881.741588908513, shape=(), dtype=float64)
nll_grad  cost time: 2.5335352420806885
tf.Tensor(-10881.744789406323, shape=(), dtype=float64)
nll_grad  cost time: 2.5290534496307373
tf.Tensor(-10881.7484668387, shape=(), dtype=float64)
nll_grad  cost time: 2.537055253982544
tf.Tensor(-10881.753085742672, shape=(), dtype=float64)
nll_grad  cost time: 2.590772867202759
tf.Tensor(-10881.758717983033, shape=(), dtype=float64)
nll_grad  cost time: 2.5916974544525146
tf.Tensor(-10881.764887095716, shape=(), dtype=float64)
nll_grad  cost time: 2.4920051097869873
tf.Tensor(-10881.771157892123, shape=(), dtype=float64)
nll_grad  cost time: 2.4739394187927246
tf.Tensor(-10881.777839950279, shape=(), dtype=float64)
nll_grad  cost time: 2.474003791809082
tf.Tensor(-10881.784412780089, shape=(), dtype=float64)
nll_grad  cost time: 2.470654249191284
tf.Tensor(-10881.789269592915, shape=(), dtype=float64)
nll_grad  cost time: 2.5031533241271973
tf.Tensor(-10881.793081419415, shape=(), dtype=float64)
nll_grad  cost time: 2.5265724658966064
tf.Tensor(-10881.79744444945, shape=(), dtype=float64)
nll_grad  cost time: 2.659573793411255
tf.Tensor(-10881.802693425703, shape=(), dtype=float64)
nll_grad  cost time: 2.558466911315918
tf.Tensor(-10881.808572429145, shape=(), dtype=float64)
nll_grad  cost time: 2.572481155395508
tf.Tensor(-10881.813828276037, shape=(), dtype=float64)
nll_grad  cost time: 2.5224530696868896
tf.Tensor(-10881.818989860774, shape=(), dtype=float64)
nll_grad  cost time: 2.585479497909546
tf.Tensor(-10881.825570319208, shape=(), dtype=float64)
nll_grad  cost time: 2.483693838119507
tf.Tensor(-10881.834213308335, shape=(), dtype=float64)
nll_grad  cost time: 2.573737859725952
tf.Tensor(-10881.842061086692, shape=(), dtype=float64)
nll_grad  cost time: 2.6424317359924316
tf.Tensor(-10881.849582914037, shape=(), dtype=float64)
nll_grad  cost time: 2.5214250087738037
tf.Tensor(-10881.85337506832, shape=(), dtype=float64)
nll_grad  cost time: 2.492314100265503
tf.Tensor(-10881.855822672696, shape=(), dtype=float64)
nll_grad  cost time: 2.47879695892334
tf.Tensor(-10881.85765294082, shape=(), dtype=float64)
nll_grad  cost time: 2.497629165649414
tf.Tensor(-10881.860047728584, shape=(), dtype=float64)
nll_grad  cost time: 2.5515260696411133
tf.Tensor(-10881.862498516974, shape=(), dtype=float64)
nll_grad  cost time: 2.4990460872650146
tf.Tensor(-10881.86503502641, shape=(), dtype=float64)
nll_grad  cost time: 2.4983670711517334
tf.Tensor(-10881.86712827344, shape=(), dtype=float64)
nll_grad  cost time: 2.5518646240234375
tf.Tensor(-10881.868751693648, shape=(), dtype=float64)
nll_grad  cost time: 2.6175596714019775
tf.Tensor(-10881.870287787842, shape=(), dtype=float64)
nll_grad  cost time: 2.5018343925476074
tf.Tensor(-10881.872040167702, shape=(), dtype=float64)
nll_grad  cost time: 2.56986665725708
tf.Tensor(-10881.874257065218, shape=(), dtype=float64)
nll_grad  cost time: 2.5501632690429688
tf.Tensor(-10881.87597468853, shape=(), dtype=float64)
nll_grad  cost time: 2.56101655960083
tf.Tensor(-10881.877473143752, shape=(), dtype=float64)
nll_grad  cost time: 2.5793533325195312
tf.Tensor(-10881.87874193157, shape=(), dtype=float64)
nll_grad  cost time: 2.5467770099639893
tf.Tensor(-10881.879872663289, shape=(), dtype=float64)
nll_grad  cost time: 2.5761094093322754
tf.Tensor(-10881.881072909579, shape=(), dtype=float64)
nll_grad  cost time: 2.5593135356903076
tf.Tensor(-10881.882537803453, shape=(), dtype=float64)
nll_grad  cost time: 2.586249828338623
tf.Tensor(-10881.88412668186, shape=(), dtype=float64)
nll_grad  cost time: 2.4816548824310303
tf.Tensor(-10881.885569785289, shape=(), dtype=float64)
nll_grad  cost time: 2.5870885848999023
tf.Tensor(-10881.88688198776, shape=(), dtype=float64)
nll_grad  cost time: 2.5769495964050293
tf.Tensor(-10881.888406311005, shape=(), dtype=float64)
nll_grad  cost time: 2.5424041748046875
tf.Tensor(-10881.890423038283, shape=(), dtype=float64)
nll_grad  cost time: 2.7647149562835693
tf.Tensor(-10881.8921257174, shape=(), dtype=float64)
nll_grad  cost time: 2.588756561279297
tf.Tensor(-10881.893099714925, shape=(), dtype=float64)
nll_grad  cost time: 2.5724599361419678
tf.Tensor(-10881.893658368892, shape=(), dtype=float64)
nll_grad  cost time: 2.5914974212646484
tf.Tensor(-10881.894164494279, shape=(), dtype=float64)
nll_grad  cost time: 2.562913417816162
tf.Tensor(-10881.894874043435, shape=(), dtype=float64)
nll_grad  cost time: 2.5279786586761475
tf.Tensor(-10881.895715106599, shape=(), dtype=float64)
nll_grad  cost time: 2.526526689529419
tf.Tensor(-10881.89656378149, shape=(), dtype=float64)
nll_grad  cost time: 2.5302906036376953
tf.Tensor(-10881.897429290115, shape=(), dtype=float64)
nll_grad  cost time: 2.565272569656372
tf.Tensor(-10881.898445668783, shape=(), dtype=float64)
nll_grad  cost time: 2.6663434505462646
tf.Tensor(-10881.899747518008, shape=(), dtype=float64)
nll_grad  cost time: 2.59429669380188
tf.Tensor(-10881.901440880221, shape=(), dtype=float64)
nll_grad  cost time: 2.571911096572876
tf.Tensor(-10881.903710386137, shape=(), dtype=float64)
nll_grad  cost time: 2.5715460777282715
tf.Tensor(-10881.90688479276, shape=(), dtype=float64)
nll_grad  cost time: 2.5170161724090576
tf.Tensor(-10881.911080186674, shape=(), dtype=float64)
nll_grad  cost time: 2.468944787979126
tf.Tensor(-10881.915651598028, shape=(), dtype=float64)
nll_grad  cost time: 2.4905383586883545
tf.Tensor(-10881.919211754011, shape=(), dtype=float64)
nll_grad  cost time: 2.544390916824341
tf.Tensor(-10881.92110558529, shape=(), dtype=float64)
nll_grad  cost time: 2.5586225986480713
tf.Tensor(-10881.922598438894, shape=(), dtype=float64)
nll_grad  cost time: 2.584792375564575
tf.Tensor(-10881.923869850492, shape=(), dtype=float64)
nll_grad  cost time: 2.606416940689087
tf.Tensor(-10881.925771351533, shape=(), dtype=float64)
nll_grad  cost time: 2.5644354820251465
tf.Tensor(-10881.927717400162, shape=(), dtype=float64)
nll_grad  cost time: 2.6239535808563232
tf.Tensor(-10881.929729011747, shape=(), dtype=float64)
nll_grad  cost time: 2.531773805618286
tf.Tensor(-10881.932404419455, shape=(), dtype=float64)
nll_grad  cost time: 2.5305943489074707
tf.Tensor(-10881.934743166563, shape=(), dtype=float64)
nll_grad  cost time: 2.6539788246154785
tf.Tensor(-10881.936848301826, shape=(), dtype=float64)
nll_grad  cost time: 2.5318119525909424
tf.Tensor(-10881.93878758432, shape=(), dtype=float64)
nll_grad  cost time: 2.5822315216064453
tf.Tensor(-10881.94076162589, shape=(), dtype=float64)
nll_grad  cost time: 2.5394442081451416
tf.Tensor(-10881.94223843031, shape=(), dtype=float64)
nll_grad  cost time: 2.5872581005096436
tf.Tensor(-10881.943203879993, shape=(), dtype=float64)
nll_grad  cost time: 2.556910276412964
tf.Tensor(-10881.944151280779, shape=(), dtype=float64)
nll_grad  cost time: 2.7231507301330566
tf.Tensor(-10881.945524698818, shape=(), dtype=float64)
nll_grad  cost time: 2.7074928283691406
tf.Tensor(-10881.947329118313, shape=(), dtype=float64)
nll_grad  cost time: 2.7163257598876953
tf.Tensor(-10881.95012342853, shape=(), dtype=float64)
nll_grad  cost time: 2.5058538913726807
tf.Tensor(-10881.953520542138, shape=(), dtype=float64)
nll_grad  cost time: 2.4976003170013428
tf.Tensor(-10881.955609357097, shape=(), dtype=float64)
nll_grad  cost time: 2.5256834030151367
tf.Tensor(-10881.957544786685, shape=(), dtype=float64)
nll_grad  cost time: 2.5480332374572754
tf.Tensor(-10881.959412897657, shape=(), dtype=float64)
nll_grad  cost time: 2.536902904510498
tf.Tensor(-10881.96202313208, shape=(), dtype=float64)
nll_grad  cost time: 2.5252082347869873
tf.Tensor(-10881.965952946059, shape=(), dtype=float64)
nll_grad  cost time: 2.501267433166504
tf.Tensor(-10881.970881886624, shape=(), dtype=float64)
nll_grad  cost time: 2.5795319080352783
tf.Tensor(-10881.973328742744, shape=(), dtype=float64)
nll_grad  cost time: 2.581867218017578
tf.Tensor(-10881.974922099951, shape=(), dtype=float64)
nll_grad  cost time: 2.548870325088501
tf.Tensor(-10881.976486211795, shape=(), dtype=float64)
nll_grad  cost time: 2.6003096103668213
tf.Tensor(-10881.977949736724, shape=(), dtype=float64)
nll_grad  cost time: 2.6894030570983887
tf.Tensor(-10881.979206467728, shape=(), dtype=float64)
nll_grad  cost time: 2.5621018409729004
tf.Tensor(-10881.980250409608, shape=(), dtype=float64)
nll_grad  cost time: 2.5423424243927
tf.Tensor(-10881.981084902876, shape=(), dtype=float64)
nll_grad  cost time: 2.751037359237671
tf.Tensor(-10881.981953169394, shape=(), dtype=float64)
nll_grad  cost time: 2.568077564239502
tf.Tensor(-10881.982916807174, shape=(), dtype=float64)
nll_grad  cost time: 2.648874044418335
tf.Tensor(-10881.983523019, shape=(), dtype=float64)
nll_grad  cost time: 2.6481099128723145
tf.Tensor(-10881.98411484436, shape=(), dtype=float64)
nll_grad  cost time: 2.6098756790161133
tf.Tensor(-10881.984507018788, shape=(), dtype=float64)
nll_grad  cost time: 2.567518949508667
tf.Tensor(-10881.984859768083, shape=(), dtype=float64)
nll_grad  cost time: 2.5473921298980713
tf.Tensor(-10881.985388060712, shape=(), dtype=float64)
nll_grad  cost time: 2.496971845626831
tf.Tensor(-10881.986179301293, shape=(), dtype=float64)
nll_grad  cost time: 2.5243477821350098
tf.Tensor(-10881.987369198127, shape=(), dtype=float64)
nll_grad  cost time: 2.5743653774261475
tf.Tensor(-10881.989171438796, shape=(), dtype=float64)
nll_grad  cost time: 2.513683795928955
tf.Tensor(-10881.991766265062, shape=(), dtype=float64)
nll_grad  cost time: 2.5346269607543945
tf.Tensor(-10881.99418183681, shape=(), dtype=float64)
nll_grad  cost time: 2.5161044597625732
tf.Tensor(-10881.995329179204, shape=(), dtype=float64)
nll_grad  cost time: 2.5273985862731934
tf.Tensor(-10881.995752098428, shape=(), dtype=float64)
nll_grad  cost time: 2.510770559310913
tf.Tensor(-10881.99591416699, shape=(), dtype=float64)
nll_grad  cost time: 2.503336191177368
tf.Tensor(-10881.99603114482, shape=(), dtype=float64)
nll_grad  cost time: 2.5342981815338135
tf.Tensor(-10881.99618290196, shape=(), dtype=float64)
nll_grad  cost time: 2.502401828765869
tf.Tensor(-10881.996342175938, shape=(), dtype=float64)
nll_grad  cost time: 2.4904861450195312
tf.Tensor(-10881.996602448613, shape=(), dtype=float64)
nll_grad  cost time: 2.4884588718414307
tf.Tensor(-10881.997044863681, shape=(), dtype=float64)
nll_grad  cost time: 2.468691110610962
tf.Tensor(-10881.99780254977, shape=(), dtype=float64)
nll_grad  cost time: 2.639873504638672
tf.Tensor(-10881.999070723461, shape=(), dtype=float64)
nll_grad  cost time: 2.8693811893463135
tf.Tensor(-10882.001050896637, shape=(), dtype=float64)
nll_grad  cost time: 2.6480696201324463
tf.Tensor(-10882.003400320078, shape=(), dtype=float64)
nll_grad  cost time: 2.4736478328704834
tf.Tensor(-10882.004924206562, shape=(), dtype=float64)
nll_grad  cost time: 2.4965224266052246
tf.Tensor(-10882.005675141649, shape=(), dtype=float64)
nll_grad  cost time: 2.4712815284729004
tf.Tensor(-10882.00584821358, shape=(), dtype=float64)
nll_grad  cost time: 2.4671995639801025
tf.Tensor(-10882.005929288614, shape=(), dtype=float64)
nll_grad  cost time: 2.4407365322113037
tf.Tensor(-10882.006013941995, shape=(), dtype=float64)
nll_grad  cost time: 2.456132173538208
tf.Tensor(-10882.00614715513, shape=(), dtype=float64)
nll_grad  cost time: 2.4561948776245117
tf.Tensor(-10882.006358626313, shape=(), dtype=float64)
nll_grad  cost time: 2.5059549808502197
tf.Tensor(-10882.00670911802, shape=(), dtype=float64)
nll_grad  cost time: 2.5755443572998047
tf.Tensor(-10882.00731892405, shape=(), dtype=float64)
nll_grad  cost time: 2.4966328144073486
tf.Tensor(-10882.008411685372, shape=(), dtype=float64)
nll_grad  cost time: 2.5733642578125
tf.Tensor(-10882.010380954562, shape=(), dtype=float64)
nll_grad  cost time: 2.487652540206909
tf.Tensor(-10882.013873178981, shape=(), dtype=float64)
nll_grad  cost time: 2.5017178058624268
tf.Tensor(-10882.019706736002, shape=(), dtype=float64)
nll_grad  cost time: 2.4944841861724854
tf.Tensor(-10882.027905783441, shape=(), dtype=float64)
nll_grad  cost time: 2.4382035732269287
tf.Tensor(-10882.033721580563, shape=(), dtype=float64)
nll_grad  cost time: 2.474452495574951
tf.Tensor(-10882.039620028543, shape=(), dtype=float64)
nll_grad  cost time: 2.4585344791412354
tf.Tensor(-10882.043853275427, shape=(), dtype=float64)
nll_grad  cost time: 2.4472289085388184
tf.Tensor(-10882.044740940553, shape=(), dtype=float64)
nll_grad  cost time: 2.511949300765991
tf.Tensor(-10882.045212566885, shape=(), dtype=float64)
nll_grad  cost time: 2.4472293853759766
tf.Tensor(-10882.045328836699, shape=(), dtype=float64)
nll_grad  cost time: 2.4979794025421143
tf.Tensor(-10882.045469481884, shape=(), dtype=float64)
nll_grad  cost time: 2.5450713634490967
tf.Tensor(-10882.045680566782, shape=(), dtype=float64)
nll_grad  cost time: 2.5237319469451904
tf.Tensor(-10882.04595769235, shape=(), dtype=float64)
nll_grad  cost time: 2.617140769958496
tf.Tensor(-10882.04642453984, shape=(), dtype=float64)
nll_grad  cost time: 2.5046956539154053
tf.Tensor(-10882.047240813281, shape=(), dtype=float64)
nll_grad  cost time: 2.493366241455078
tf.Tensor(-10882.04866494163, shape=(), dtype=float64)
nll_grad  cost time: 2.5016915798187256
tf.Tensor(-10882.05104117711, shape=(), dtype=float64)
nll_grad  cost time: 2.5472567081451416
tf.Tensor(-10882.054505582488, shape=(), dtype=float64)
nll_grad  cost time: 2.4752981662750244
tf.Tensor(-10882.057133637372, shape=(), dtype=float64)
nll_grad  cost time: 2.5231263637542725
tf.Tensor(-10882.05883768282, shape=(), dtype=float64)
nll_grad  cost time: 2.542475938796997
tf.Tensor(-10882.059511432537, shape=(), dtype=float64)
nll_grad  cost time: 2.5311460494995117
tf.Tensor(-10882.059682517003, shape=(), dtype=float64)
nll_grad  cost time: 2.6183793544769287
tf.Tensor(-10882.05975602079, shape=(), dtype=float64)
nll_grad  cost time: 2.5476033687591553
tf.Tensor(-10882.05980226634, shape=(), dtype=float64)
nll_grad  cost time: 2.551534414291382
tf.Tensor(-10882.059849491121, shape=(), dtype=float64)
nll_grad  cost time: 2.486762523651123
tf.Tensor(-10882.059919011761, shape=(), dtype=float64)
nll_grad  cost time: 2.440948009490967
tf.Tensor(-10882.060043091238, shape=(), dtype=float64)
nll_grad  cost time: 2.510284900665283
tf.Tensor(-10882.060271377832, shape=(), dtype=float64)
nll_grad  cost time: 2.5206472873687744
tf.Tensor(-10882.060693924122, shape=(), dtype=float64)
nll_grad  cost time: 2.471168279647827
tf.Tensor(-10882.061469598655, shape=(), dtype=float64)
nll_grad  cost time: 2.5521960258483887
tf.Tensor(-10882.062863476665, shape=(), dtype=float64)
nll_grad  cost time: 2.504305839538574
tf.Tensor(-10882.065270068233, shape=(), dtype=float64)
nll_grad  cost time: 2.4763669967651367
tf.Tensor(-10882.069148498329, shape=(), dtype=float64)
nll_grad  cost time: 2.471231698989868
tf.Tensor(-10882.074758417835, shape=(), dtype=float64)
nll_grad  cost time: 2.5808820724487305
tf.Tensor(-10882.080794321584, shape=(), dtype=float64)
nll_grad  cost time: 2.5254552364349365
tf.Tensor(-10882.087094924726, shape=(), dtype=float64)
nll_grad  cost time: 2.4972739219665527
tf.Tensor(-10882.091511983446, shape=(), dtype=float64)
nll_grad  cost time: 2.607941150665283
tf.Tensor(-10882.094367311442, shape=(), dtype=float64)
nll_grad  cost time: 2.450822591781616
tf.Tensor(-10882.095074939043, shape=(), dtype=float64)
nll_grad  cost time: 2.5021579265594482
tf.Tensor(-10882.095791347878, shape=(), dtype=float64)
nll_grad  cost time: 2.540044069290161
tf.Tensor(-10882.09600033809, shape=(), dtype=float64)
nll_grad  cost time: 2.4838647842407227
tf.Tensor(-10882.096125847933, shape=(), dtype=float64)
nll_grad  cost time: 2.4322149753570557
tf.Tensor(-10882.096221473606, shape=(), dtype=float64)
nll_grad  cost time: 2.4833271503448486
tf.Tensor(-10882.096292136535, shape=(), dtype=float64)
nll_grad  cost time: 2.515038013458252
tf.Tensor(-10882.096405858669, shape=(), dtype=float64)
nll_grad  cost time: 2.5521392822265625
tf.Tensor(-10882.096585503776, shape=(), dtype=float64)
nll_grad  cost time: 2.6220757961273193
tf.Tensor(-10882.096867792698, shape=(), dtype=float64)
nll_grad  cost time: 2.5239784717559814
tf.Tensor(-10882.097328591353, shape=(), dtype=float64)
nll_grad  cost time: 2.5273501873016357
tf.Tensor(-10882.098106843358, shape=(), dtype=float64)
nll_grad  cost time: 2.4705381393432617
tf.Tensor(-10882.099425538981, shape=(), dtype=float64)
nll_grad  cost time: 2.4947829246520996
tf.Tensor(-10882.101567998354, shape=(), dtype=float64)
nll_grad  cost time: 2.4833364486694336
tf.Tensor(-10882.104547082821, shape=(), dtype=float64)
nll_grad  cost time: 2.517500400543213
tf.Tensor(-10882.10664781911, shape=(), dtype=float64)
nll_grad  cost time: 2.4911866188049316
tf.Tensor(-10882.108292240548, shape=(), dtype=float64)
nll_grad  cost time: 2.5203051567077637
tf.Tensor(-10882.109399518766, shape=(), dtype=float64)
nll_grad  cost time: 2.482424259185791
tf.Tensor(-10882.109738219493, shape=(), dtype=float64)
nll_grad  cost time: 2.487823724746704
tf.Tensor(-10882.109881521897, shape=(), dtype=float64)
nll_grad  cost time: 2.491258144378662
tf.Tensor(-10882.109954273092, shape=(), dtype=float64)
nll_grad  cost time: 2.6174521446228027
tf.Tensor(-10882.10998173806, shape=(), dtype=float64)
nll_grad  cost time: 2.479715347290039
tf.Tensor(-10882.110007590723, shape=(), dtype=float64)
nll_grad  cost time: 2.5032544136047363
tf.Tensor(-10882.110039165822, shape=(), dtype=float64)
nll_grad  cost time: 2.578674793243408
tf.Tensor(-10882.110087291014, shape=(), dtype=float64)
nll_grad  cost time: 2.470722198486328
tf.Tensor(-10882.110164884016, shape=(), dtype=float64)
nll_grad  cost time: 2.43820858001709
tf.Tensor(-10882.110296435305, shape=(), dtype=float64)
nll_grad  cost time: 2.4423341751098633
tf.Tensor(-10882.110525371554, shape=(), dtype=float64)
nll_grad  cost time: 2.4475276470184326
tf.Tensor(-10882.110926628393, shape=(), dtype=float64)
nll_grad  cost time: 2.461606740951538
tf.Tensor(-10882.111627310525, shape=(), dtype=float64)
nll_grad  cost time: 2.455312967300415
tf.Tensor(-10882.11283767816, shape=(), dtype=float64)
nll_grad  cost time: 2.5108964443206787
tf.Tensor(-10882.114894910534, shape=(), dtype=float64)
nll_grad  cost time: 2.4769673347473145
tf.Tensor(-10882.118121945696, shape=(), dtype=float64)
nll_grad  cost time: 2.623626232147217
tf.Tensor(-10882.122481717844, shape=(), dtype=float64)
nll_grad  cost time: 2.4910366535186768
tf.Tensor(-10882.125410959045, shape=(), dtype=float64)
nll_grad  cost time: 2.4598090648651123
tf.Tensor(-10882.129327453735, shape=(), dtype=float64)
nll_grad  cost time: 2.5036232471466064
tf.Tensor(-10882.131923660072, shape=(), dtype=float64)
nll_grad  cost time: 2.471153497695923
tf.Tensor(-10882.135049785466, shape=(), dtype=float64)
nll_grad  cost time: 2.5195300579071045
tf.Tensor(-10882.137636174684, shape=(), dtype=float64)
nll_grad  cost time: 2.4666106700897217
nll_grad  cost time: 2.3848447799682617
tf.Tensor(-10882.139053483712, shape=(), dtype=float64)
nll_grad  cost time: 2.4668350219726562
tf.Tensor(-10882.140434673707, shape=(), dtype=float64)
nll_grad  cost time: 2.5383336544036865
tf.Tensor(-10882.14176841348, shape=(), dtype=float64)
nll_grad  cost time: 2.4907233715057373
tf.Tensor(-10882.142678564236, shape=(), dtype=float64)
nll_grad  cost time: 2.4813406467437744
tf.Tensor(-10882.143390039513, shape=(), dtype=float64)
nll_grad  cost time: 2.6500184535980225
tf.Tensor(-10882.144323812514, shape=(), dtype=float64)
nll_grad  cost time: 2.5173745155334473
tf.Tensor(-10882.145044354893, shape=(), dtype=float64)
nll_grad  cost time: 2.527564287185669
nll_grad  cost time: 2.5986247062683105
tf.Tensor(-10882.145403571092, shape=(), dtype=float64)
nll_grad  cost time: 2.5092391967773438
tf.Tensor(-10882.145771823387, shape=(), dtype=float64)
nll_grad  cost time: 2.4666457176208496
tf.Tensor(-10882.146000489032, shape=(), dtype=float64)
nll_grad  cost time: 2.4622092247009277
tf.Tensor(-10882.146182418383, shape=(), dtype=float64)
nll_grad  cost time: 2.4999325275421143
tf.Tensor(-10882.14633493303, shape=(), dtype=float64)
nll_grad  cost time: 2.4888250827789307
tf.Tensor(-10882.146465417944, shape=(), dtype=float64)
nll_grad  cost time: 2.5264484882354736
tf.Tensor(-10882.14664784514, shape=(), dtype=float64)
nll_grad  cost time: 2.5405056476593018
tf.Tensor(-10882.146863850783, shape=(), dtype=float64)
nll_grad  cost time: 2.4808201789855957
tf.Tensor(-10882.147168765554, shape=(), dtype=float64)
nll_grad  cost time: 2.5653209686279297
tf.Tensor(-10882.147464722872, shape=(), dtype=float64)
nll_grad  cost time: 2.5092289447784424
tf.Tensor(-10882.147765258724, shape=(), dtype=float64)
nll_grad  cost time: 2.555799722671509
tf.Tensor(-10882.148142177433, shape=(), dtype=float64)
nll_grad  cost time: 2.5810773372650146
tf.Tensor(-10882.148581950965, shape=(), dtype=float64)
nll_grad  cost time: 2.514636993408203
tf.Tensor(-10882.149259071193, shape=(), dtype=float64)
nll_grad  cost time: 2.4836952686309814
tf.Tensor(-10882.150285310527, shape=(), dtype=float64)
nll_grad  cost time: 2.4903430938720703
tf.Tensor(-10882.151644896621, shape=(), dtype=float64)
nll_grad  cost time: 2.4697608947753906
tf.Tensor(-10882.152777494972, shape=(), dtype=float64)
nll_grad  cost time: 2.492269277572632
nll_grad  cost time: 2.402334690093994
tf.Tensor(-10882.15324474662, shape=(), dtype=float64)
nll_grad  cost time: 2.4434754848480225
tf.Tensor(-10882.153882212711, shape=(), dtype=float64)
nll_grad  cost time: 2.4480178356170654
tf.Tensor(-10882.154440598799, shape=(), dtype=float64)
nll_grad  cost time: 2.540098190307617
tf.Tensor(-10882.15490120829, shape=(), dtype=float64)
nll_grad  cost time: 2.4108333587646484
tf.Tensor(-10882.155387399001, shape=(), dtype=float64)
nll_grad  cost time: 2.453666925430298
tf.Tensor(-10882.155644266259, shape=(), dtype=float64)
nll_grad  cost time: 2.5678560733795166
tf.Tensor(-10882.155806313858, shape=(), dtype=float64)
nll_grad  cost time: 2.4948794841766357
tf.Tensor(-10882.156005767978, shape=(), dtype=float64)
nll_grad  cost time: 2.4541540145874023
tf.Tensor(-10882.15616950276, shape=(), dtype=float64)
nll_grad  cost time: 2.4636056423187256
tf.Tensor(-10882.156401190045, shape=(), dtype=float64)
nll_grad  cost time: 2.435685873031616
tf.Tensor(-10882.156767617602, shape=(), dtype=float64)
nll_grad  cost time: 2.4392025470733643
tf.Tensor(-10882.157346698328, shape=(), dtype=float64)
nll_grad  cost time: 2.483909845352173
tf.Tensor(-10882.158317848236, shape=(), dtype=float64)
nll_grad  cost time: 2.5053322315216064
tf.Tensor(-10882.160027937123, shape=(), dtype=float64)
nll_grad  cost time: 2.483668088912964
tf.Tensor(-10882.163070298833, shape=(), dtype=float64)
nll_grad  cost time: 2.539079427719116
tf.Tensor(-10882.168324580787, shape=(), dtype=float64)
nll_grad  cost time: 2.463974952697754
tf.Tensor(-10882.17680208167, shape=(), dtype=float64)
nll_grad  cost time: 2.4454166889190674
tf.Tensor(-10882.188912639525, shape=(), dtype=float64)
nll_grad  cost time: 2.4604194164276123
tf.Tensor(-10882.20001499906, shape=(), dtype=float64)
nll_grad  cost time: 2.474628210067749
nll_grad  cost time: 2.4012906551361084
tf.Tensor(-10882.204448801105, shape=(), dtype=float64)
nll_grad  cost time: 2.4715540409088135
tf.Tensor(-10882.209885558157, shape=(), dtype=float64)
nll_grad  cost time: 2.4579172134399414
tf.Tensor(-10882.212064144784, shape=(), dtype=float64)
nll_grad  cost time: 2.469696044921875
tf.Tensor(-10882.215039960061, shape=(), dtype=float64)
nll_grad  cost time: 2.4712889194488525
tf.Tensor(-10882.2169681487, shape=(), dtype=float64)
nll_grad  cost time: 2.4294397830963135
tf.Tensor(-10882.218634628905, shape=(), dtype=float64)
nll_grad  cost time: 2.461704730987549
tf.Tensor(-10882.221196363462, shape=(), dtype=float64)
nll_grad  cost time: 2.51015043258667
tf.Tensor(-10882.224626947504, shape=(), dtype=float64)
nll_grad  cost time: 2.4883131980895996
tf.Tensor(-10882.227643637449, shape=(), dtype=float64)
nll_grad  cost time: 2.50950288772583
nll_grad  cost time: 2.5817790031433105
tf.Tensor(-10882.229363114766, shape=(), dtype=float64)
nll_grad  cost time: 2.4362378120422363
tf.Tensor(-10882.231249318262, shape=(), dtype=float64)
nll_grad  cost time: 2.477088689804077
tf.Tensor(-10882.232807031894, shape=(), dtype=float64)
nll_grad  cost time: 2.4559285640716553
tf.Tensor(-10882.234869745836, shape=(), dtype=float64)
nll_grad  cost time: 2.481912136077881
tf.Tensor(-10882.23709583906, shape=(), dtype=float64)
nll_grad  cost time: 2.5032694339752197
nll_grad  cost time: 2.4046664237976074
tf.Tensor(-10882.23823864838, shape=(), dtype=float64)
nll_grad  cost time: 2.4842424392700195
tf.Tensor(-10882.23910752673, shape=(), dtype=float64)
nll_grad  cost time: 2.4739418029785156
tf.Tensor(-10882.239319904413, shape=(), dtype=float64)
nll_grad  cost time: 2.525480270385742
tf.Tensor(-10882.23968250845, shape=(), dtype=float64)
nll_grad  cost time: 2.458005428314209
tf.Tensor(-10882.240162324393, shape=(), dtype=float64)
nll_grad  cost time: 2.4520986080169678
nll_grad  cost time: 2.40985369682312
tf.Tensor(-10882.240392384901, shape=(), dtype=float64)
nll_grad  cost time: 2.4686172008514404
tf.Tensor(-10882.240660401523, shape=(), dtype=float64)
nll_grad  cost time: 2.545799970626831
tf.Tensor(-10882.24105515629, shape=(), dtype=float64)
nll_grad  cost time: 2.4742438793182373
tf.Tensor(-10882.241543052722, shape=(), dtype=float64)
nll_grad  cost time: 2.444462537765503
tf.Tensor(-10882.241892174075, shape=(), dtype=float64)
nll_grad  cost time: 2.4306609630584717
tf.Tensor(-10882.242244444777, shape=(), dtype=float64)
nll_grad  cost time: 2.489156723022461
tf.Tensor(-10882.242451782564, shape=(), dtype=float64)
nll_grad  cost time: 2.471299171447754
tf.Tensor(-10882.24264618575, shape=(), dtype=float64)
nll_grad  cost time: 2.4695658683776855
tf.Tensor(-10882.242743494997, shape=(), dtype=float64)
nll_grad  cost time: 2.521770477294922
tf.Tensor(-10882.242818703722, shape=(), dtype=float64)
nll_grad  cost time: 2.425201892852783
tf.Tensor(-10882.242914574708, shape=(), dtype=float64)
nll_grad  cost time: 2.4129860401153564
tf.Tensor(-10882.242994032626, shape=(), dtype=float64)
nll_grad  cost time: 2.599827289581299
tf.Tensor(-10882.243110780826, shape=(), dtype=float64)
nll_grad  cost time: 2.4224853515625
tf.Tensor(-10882.243254870802, shape=(), dtype=float64)
nll_grad  cost time: 2.7787022590637207
tf.Tensor(-10882.24337378158, shape=(), dtype=float64)
nll_grad  cost time: 2.416196346282959
tf.Tensor(-10882.243486846084, shape=(), dtype=float64)
nll_grad  cost time: 2.4490644931793213
tf.Tensor(-10882.243561495605, shape=(), dtype=float64)
nll_grad  cost time: 2.4793665409088135
tf.Tensor(-10882.243610827667, shape=(), dtype=float64)
nll_grad  cost time: 2.450705051422119
tf.Tensor(-10882.243660476448, shape=(), dtype=float64)
nll_grad  cost time: 2.4638752937316895
tf.Tensor(-10882.243710055984, shape=(), dtype=float64)
nll_grad  cost time: 2.44698166847229
tf.Tensor(-10882.243758859127, shape=(), dtype=float64)
nll_grad  cost time: 2.4795069694519043
tf.Tensor(-10882.243807318253, shape=(), dtype=float64)
nll_grad  cost time: 2.4437801837921143
tf.Tensor(-10882.243866713805, shape=(), dtype=float64)
nll_grad  cost time: 2.4640913009643555
tf.Tensor(-10882.243955536818, shape=(), dtype=float64)
nll_grad  cost time: 2.4542951583862305
tf.Tensor(-10882.244092338875, shape=(), dtype=float64)
nll_grad  cost time: 2.474557876586914
tf.Tensor(-10882.24430161934, shape=(), dtype=float64)
nll_grad  cost time: 2.5539956092834473
tf.Tensor(-10882.244611651404, shape=(), dtype=float64)
nll_grad  cost time: 2.4628005027770996
tf.Tensor(-10882.245066593205, shape=(), dtype=float64)
nll_grad  cost time: 2.4929258823394775
tf.Tensor(-10882.245764304967, shape=(), dtype=float64)
nll_grad  cost time: 2.440370559692383
tf.Tensor(-10882.24683869116, shape=(), dtype=float64)
nll_grad  cost time: 2.456226348876953
tf.Tensor(-10882.248087092208, shape=(), dtype=float64)
nll_grad  cost time: 2.4481289386749268
tf.Tensor(-10882.248314741708, shape=(), dtype=float64)
nll_grad  cost time: 2.4249470233917236
tf.Tensor(-10882.24873762162, shape=(), dtype=float64)
nll_grad  cost time: 2.50742506980896
tf.Tensor(-10882.249471738636, shape=(), dtype=float64)
nll_grad  cost time: 2.4483625888824463
tf.Tensor(-10882.250485346292, shape=(), dtype=float64)
nll_grad  cost time: 2.5132298469543457
tf.Tensor(-10882.251325398163, shape=(), dtype=float64)
nll_grad  cost time: 2.58341383934021
tf.Tensor(-10882.252175060588, shape=(), dtype=float64)
nll_grad  cost time: 2.4552855491638184
tf.Tensor(-10882.253660677568, shape=(), dtype=float64)
nll_grad  cost time: 2.429119825363159
tf.Tensor(-10882.255912864679, shape=(), dtype=float64)
nll_grad  cost time: 2.468820333480835
tf.Tensor(-10882.257678928505, shape=(), dtype=float64)
nll_grad  cost time: 2.477086067199707
tf.Tensor(-10882.258446367134, shape=(), dtype=float64)
nll_grad  cost time: 2.4455838203430176
tf.Tensor(-10882.258915897139, shape=(), dtype=float64)
nll_grad  cost time: 2.485004186630249
tf.Tensor(-10882.259270157985, shape=(), dtype=float64)
nll_grad  cost time: 2.4733996391296387
tf.Tensor(-10882.259568608308, shape=(), dtype=float64)
nll_grad  cost time: 2.468388557434082
tf.Tensor(-10882.259859533653, shape=(), dtype=float64)
nll_grad  cost time: 2.473914384841919
tf.Tensor(-10882.260316647793, shape=(), dtype=float64)
nll_grad  cost time: 2.492727518081665
tf.Tensor(-10882.261008029604, shape=(), dtype=float64)
nll_grad  cost time: 2.4598541259765625
tf.Tensor(-10882.261940325436, shape=(), dtype=float64)
nll_grad  cost time: 2.4783201217651367
tf.Tensor(-10882.262885473025, shape=(), dtype=float64)
nll_grad  cost time: 2.4704642295837402
tf.Tensor(-10882.263733669119, shape=(), dtype=float64)
nll_grad  cost time: 2.491887092590332
nll_grad  cost time: 2.4077224731445312
tf.Tensor(-10882.264350616115, shape=(), dtype=float64)
nll_grad  cost time: 2.4601776599884033
tf.Tensor(-10882.264893377436, shape=(), dtype=float64)
nll_grad  cost time: 2.4847803115844727
tf.Tensor(-10882.265156707035, shape=(), dtype=float64)
nll_grad  cost time: 2.5021564960479736
tf.Tensor(-10882.265333955544, shape=(), dtype=float64)
nll_grad  cost time: 2.5630362033843994
tf.Tensor(-10882.26545372984, shape=(), dtype=float64)
nll_grad  cost time: 2.447275400161743
tf.Tensor(-10882.265527769741, shape=(), dtype=float64)
nll_grad  cost time: 2.517119884490967
tf.Tensor(-10882.265564772799, shape=(), dtype=float64)
nll_grad  cost time: 2.5273635387420654
tf.Tensor(-10882.26558298877, shape=(), dtype=float64)
nll_grad  cost time: 2.4339821338653564
tf.Tensor(-10882.265590889372, shape=(), dtype=float64)
nll_grad  cost time: 2.535508155822754
tf.Tensor(-10882.265595288194, shape=(), dtype=float64)
nll_grad  cost time: 2.5277624130249023
tf.Tensor(-10882.265598132806, shape=(), dtype=float64)
nll_grad  cost time: 2.4962542057037354
tf.Tensor(-10882.265599694252, shape=(), dtype=float64)
nll_grad  cost time: 2.5348169803619385
tf.Tensor(-10882.265600420193, shape=(), dtype=float64)
nll_grad  cost time: 2.5291690826416016
tf.Tensor(-10882.265600860486, shape=(), dtype=float64)
nll_grad  cost time: 2.536215305328369
tf.Tensor(-10882.265601157502, shape=(), dtype=float64)
nll_grad  cost time: 2.442348003387451
tf.Tensor(-10882.265601398187, shape=(), dtype=float64)
nll_grad  cost time: 2.476390838623047
tf.Tensor(-10882.265601710049, shape=(), dtype=float64)
nll_grad  cost time: 2.45341420173645
tf.Tensor(-10882.265602190491, shape=(), dtype=float64)
nll_grad  cost time: 2.492997407913208
tf.Tensor(-10882.265602926294, shape=(), dtype=float64)
nll_grad  cost time: 2.4929325580596924
tf.Tensor(-10882.265604109783, shape=(), dtype=float64)
nll_grad  cost time: 2.4587509632110596
tf.Tensor(-10882.265606114564, shape=(), dtype=float64)
nll_grad  cost time: 2.4364774227142334
tf.Tensor(-10882.26560963763, shape=(), dtype=float64)
nll_grad  cost time: 2.472501516342163
tf.Tensor(-10882.265615945573, shape=(), dtype=float64)
nll_grad  cost time: 2.510071039199829
tf.Tensor(-10882.265627306668, shape=(), dtype=float64)
nll_grad  cost time: 2.4814164638519287
tf.Tensor(-10882.265647712531, shape=(), dtype=float64)
nll_grad  cost time: 2.435115098953247
tf.Tensor(-10882.265684044767, shape=(), dtype=float64)
nll_grad  cost time: 2.4445340633392334
tf.Tensor(-10882.265747957263, shape=(), dtype=float64)
nll_grad  cost time: 2.4901325702667236
tf.Tensor(-10882.265859070587, shape=(), dtype=float64)
nll_grad  cost time: 2.4936459064483643
tf.Tensor(-10882.266050536731, shape=(), dtype=float64)
nll_grad  cost time: 2.431149482727051
tf.Tensor(-10882.266374556952, shape=(), dtype=float64)
nll_grad  cost time: 2.4311957359313965
tf.Tensor(-10882.266864802026, shape=(), dtype=float64)
nll_grad  cost time: 2.53985857963562
tf.Tensor(-10882.26750063775, shape=(), dtype=float64)
nll_grad  cost time: 2.461266279220581
tf.Tensor(-10882.268482447187, shape=(), dtype=float64)
nll_grad  cost time: 2.5616602897644043
tf.Tensor(-10882.269325396628, shape=(), dtype=float64)
nll_grad  cost time: 2.544754981994629
nll_grad  cost time: 2.4042751789093018
tf.Tensor(-10882.269695031871, shape=(), dtype=float64)
nll_grad  cost time: 2.527297258377075
nll_grad  cost time: 2.4218294620513916
tf.Tensor(-10882.26980015466, shape=(), dtype=float64)
nll_grad  cost time: 2.4533729553222656
tf.Tensor(-10882.269887985964, shape=(), dtype=float64)
nll_grad  cost time: 2.44911789894104
tf.Tensor(-10882.269980159199, shape=(), dtype=float64)
nll_grad  cost time: 2.488253116607666
tf.Tensor(-10882.27007622381, shape=(), dtype=float64)
nll_grad  cost time: 2.4440500736236572
tf.Tensor(-10882.270182706554, shape=(), dtype=float64)
nll_grad  cost time: 2.4891464710235596
tf.Tensor(-10882.27030119875, shape=(), dtype=float64)
nll_grad  cost time: 2.5208024978637695
tf.Tensor(-10882.270422103844, shape=(), dtype=float64)
nll_grad  cost time: 2.4685959815979004
tf.Tensor(-10882.270511329101, shape=(), dtype=float64)
nll_grad  cost time: 2.4615299701690674
nll_grad  cost time: 2.406775712966919
tf.Tensor(-10882.270548585573, shape=(), dtype=float64)
nll_grad  cost time: 2.487009286880493
tf.Tensor(-10882.270590382355, shape=(), dtype=float64)
nll_grad  cost time: 2.490248918533325
tf.Tensor(-10882.270616587259, shape=(), dtype=float64)
nll_grad  cost time: 2.531714677810669
tf.Tensor(-10882.270651035404, shape=(), dtype=float64)
nll_grad  cost time: 2.513169527053833
tf.Tensor(-10882.270670990045, shape=(), dtype=float64)
nll_grad  cost time: 2.4493677616119385
tf.Tensor(-10882.270688820248, shape=(), dtype=float64)
nll_grad  cost time: 2.474311590194702
nll_grad  cost time: 2.389566421508789
tf.Tensor(-10882.27069379932, shape=(), dtype=float64)
nll_grad  cost time: 2.4583871364593506
tf.Tensor(-10882.270701056925, shape=(), dtype=float64)
nll_grad  cost time: 2.5022735595703125
tf.Tensor(-10882.27070639759, shape=(), dtype=float64)
nll_grad  cost time: 2.424832582473755
tf.Tensor(-10882.270708033371, shape=(), dtype=float64)
nll_grad  cost time: 2.4510905742645264
tf.Tensor(-10882.27070930077, shape=(), dtype=float64)
nll_grad  cost time: 2.576005697250366
tf.Tensor(-10882.270710889556, shape=(), dtype=float64)
nll_grad  cost time: 2.437852621078491
tf.Tensor(-10882.270712557634, shape=(), dtype=float64)
nll_grad  cost time: 2.4627187252044678
tf.Tensor(-10882.270714875638, shape=(), dtype=float64)
nll_grad  cost time: 2.4312806129455566
tf.Tensor(-10882.270716408486, shape=(), dtype=float64)
nll_grad  cost time: 2.4487578868865967
tf.Tensor(-10882.270717260508, shape=(), dtype=float64)
nll_grad  cost time: 2.4272713661193848
tf.Tensor(-10882.27071774222, shape=(), dtype=float64)
nll_grad  cost time: 2.4945030212402344
tf.Tensor(-10882.270718089094, shape=(), dtype=float64)
nll_grad  cost time: 2.51652193069458
tf.Tensor(-10882.270718383083, shape=(), dtype=float64)
nll_grad  cost time: 2.4834070205688477
tf.Tensor(-10882.270718660096, shape=(), dtype=float64)
nll_grad  cost time: 2.578998565673828
tf.Tensor(-10882.270718949065, shape=(), dtype=float64)
nll_grad  cost time: 2.463009834289551
tf.Tensor(-10882.270719207732, shape=(), dtype=float64)
nll_grad  cost time: 2.5404584407806396
tf.Tensor(-10882.270719425494, shape=(), dtype=float64)
nll_grad  cost time: 2.5868935585021973
tf.Tensor(-10882.270719637512, shape=(), dtype=float64)
nll_grad  cost time: 2.5539636611938477
tf.Tensor(-10882.270719946511, shape=(), dtype=float64)
nll_grad  cost time: 2.545043468475342
tf.Tensor(-10882.270720472327, shape=(), dtype=float64)
nll_grad  cost time: 2.5408034324645996
tf.Tensor(-10882.270721402332, shape=(), dtype=float64)
nll_grad  cost time: 2.5733835697174072
tf.Tensor(-10882.270723070887, shape=(), dtype=float64)
nll_grad  cost time: 2.5070743560791016
tf.Tensor(-10882.270726065402, shape=(), dtype=float64)
nll_grad  cost time: 2.4680776596069336
tf.Tensor(-10882.270731398054, shape=(), dtype=float64)
nll_grad  cost time: 2.44631290435791
tf.Tensor(-10882.270740769152, shape=(), dtype=float64)
nll_grad  cost time: 2.5246009826660156
tf.Tensor(-10882.270757006525, shape=(), dtype=float64)
nll_grad  cost time: 2.602898597717285
tf.Tensor(-10882.270783655295, shape=(), dtype=float64)
nll_grad  cost time: 2.543325424194336
tf.Tensor(-10882.27081977302, shape=(), dtype=float64)
nll_grad  cost time: 2.582169532775879
tf.Tensor(-10882.270852192552, shape=(), dtype=float64)
nll_grad  cost time: 2.617657423019409
tf.Tensor(-10882.270911843501, shape=(), dtype=float64)
nll_grad  cost time: 2.561537027359009
tf.Tensor(-10882.271025161066, shape=(), dtype=float64)
nll_grad  cost time: 2.521226167678833
tf.Tensor(-10882.271232464143, shape=(), dtype=float64)
nll_grad  cost time: 2.515881299972534
tf.Tensor(-10882.271567681233, shape=(), dtype=float64)
nll_grad  cost time: 2.5984742641448975
tf.Tensor(-10882.272031691944, shape=(), dtype=float64)
nll_grad  cost time: 2.5877254009246826
nll_grad  cost time: 2.5012009143829346
tf.Tensor(-10882.272274454, shape=(), dtype=float64)
nll_grad  cost time: 2.51989483833313
tf.Tensor(-10882.272383880234, shape=(), dtype=float64)
nll_grad  cost time: 2.5258114337921143
tf.Tensor(-10882.272590589811, shape=(), dtype=float64)
nll_grad  cost time: 2.6127214431762695
tf.Tensor(-10882.272935713441, shape=(), dtype=float64)
nll_grad  cost time: 2.54121470451355
tf.Tensor(-10882.273335941063, shape=(), dtype=float64)
nll_grad  cost time: 2.5273892879486084
tf.Tensor(-10882.273673648826, shape=(), dtype=float64)
nll_grad  cost time: 2.615302562713623
tf.Tensor(-10882.27416942417, shape=(), dtype=float64)
nll_grad  cost time: 2.5395052433013916
tf.Tensor(-10882.274833085357, shape=(), dtype=float64)
nll_grad  cost time: 2.4891231060028076
tf.Tensor(-10882.275484687383, shape=(), dtype=float64)
nll_grad  cost time: 2.543682336807251
tf.Tensor(-10882.275766007664, shape=(), dtype=float64)
nll_grad  cost time: 2.5991039276123047
tf.Tensor(-10882.276089925967, shape=(), dtype=float64)
nll_grad  cost time: 2.5256760120391846
tf.Tensor(-10882.276206467945, shape=(), dtype=float64)
nll_grad  cost time: 2.627739906311035
tf.Tensor(-10882.27639078433, shape=(), dtype=float64)
nll_grad  cost time: 2.4902498722076416
tf.Tensor(-10882.276542257154, shape=(), dtype=float64)
nll_grad  cost time: 2.5591492652893066
tf.Tensor(-10882.276645176928, shape=(), dtype=float64)
nll_grad  cost time: 2.4476115703582764
tf.Tensor(-10882.276760427834, shape=(), dtype=float64)
nll_grad  cost time: 2.7437050342559814
tf.Tensor(-10882.276898102598, shape=(), dtype=float64)
nll_grad  cost time: 2.6767239570617676
tf.Tensor(-10882.277001036156, shape=(), dtype=float64)
nll_grad  cost time: 2.447573184967041
tf.Tensor(-10882.27711763915, shape=(), dtype=float64)
nll_grad  cost time: 2.4968113899230957
tf.Tensor(-10882.277198215445, shape=(), dtype=float64)
nll_grad  cost time: 2.552211284637451
nll_grad  cost time: 2.405761957168579
tf.Tensor(-10882.277235195623, shape=(), dtype=float64)
nll_grad  cost time: 2.4878921508789062
tf.Tensor(-10882.277296024957, shape=(), dtype=float64)
nll_grad  cost time: 2.4973151683807373
tf.Tensor(-10882.277385355716, shape=(), dtype=float64)
nll_grad  cost time: 2.508472204208374
tf.Tensor(-10882.277433141964, shape=(), dtype=float64)
nll_grad  cost time: 2.519487142562866
tf.Tensor(-10882.277473448157, shape=(), dtype=float64)
nll_grad  cost time: 2.641288995742798
tf.Tensor(-10882.277498485364, shape=(), dtype=float64)
nll_grad  cost time: 2.6215803623199463
tf.Tensor(-10882.277532415555, shape=(), dtype=float64)
nll_grad  cost time: 2.6082942485809326
tf.Tensor(-10882.277582245028, shape=(), dtype=float64)
nll_grad  cost time: 2.5726094245910645
tf.Tensor(-10882.277649214822, shape=(), dtype=float64)
nll_grad  cost time: 2.4938955307006836
tf.Tensor(-10882.277698009631, shape=(), dtype=float64)
nll_grad  cost time: 2.5045244693756104
tf.Tensor(-10882.27773081389, shape=(), dtype=float64)
nll_grad  cost time: 2.5352485179901123
tf.Tensor(-10882.2777363159, shape=(), dtype=float64)
nll_grad  cost time: 2.5574207305908203
tf.Tensor(-10882.277745476109, shape=(), dtype=float64)
nll_grad  cost time: 2.5831847190856934
tf.Tensor(-10882.277757723015, shape=(), dtype=float64)
nll_grad  cost time: 2.5519979000091553
tf.Tensor(-10882.277763365848, shape=(), dtype=float64)
nll_grad  cost time: 2.5765695571899414
tf.Tensor(-10882.277769579738, shape=(), dtype=float64)
nll_grad  cost time: 2.5959150791168213
tf.Tensor(-10882.277773099264, shape=(), dtype=float64)
nll_grad  cost time: 2.6755809783935547
tf.Tensor(-10882.2777744288, shape=(), dtype=float64)
nll_grad  cost time: 2.5294342041015625
tf.Tensor(-10882.277774654216, shape=(), dtype=float64)
nll_grad  cost time: 2.5866663455963135
tf.Tensor(-10882.277774710867, shape=(), dtype=float64)
nll_grad  cost time: 2.7559900283813477
tf.Tensor(-10882.277774807073, shape=(), dtype=float64)
nll_grad  cost time: 2.5417323112487793
tf.Tensor(-10882.277774952207, shape=(), dtype=float64)
nll_grad  cost time: 2.5768356323242188
tf.Tensor(-10882.277775066246, shape=(), dtype=float64)
nll_grad  cost time: 2.5234014987945557
tf.Tensor(-10882.277775127415, shape=(), dtype=float64)
nll_grad  cost time: 2.4835267066955566
tf.Tensor(-10882.277775183706, shape=(), dtype=float64)
nll_grad  cost time: 2.4942374229431152
tf.Tensor(-10882.277775235445, shape=(), dtype=float64)
nll_grad  cost time: 2.5442891120910645
tf.Tensor(-10882.277775324052, shape=(), dtype=float64)
nll_grad  cost time: 2.517103433609009
tf.Tensor(-10882.277775481944, shape=(), dtype=float64)
nll_grad  cost time: 2.5684638023376465
tf.Tensor(-10882.277775768445, shape=(), dtype=float64)
nll_grad  cost time: 2.495903253555298
tf.Tensor(-10882.277776290419, shape=(), dtype=float64)
nll_grad  cost time: 2.516545295715332
tf.Tensor(-10882.277777236755, shape=(), dtype=float64)
nll_grad  cost time: 2.474302291870117
tf.Tensor(-10882.277778932817, shape=(), dtype=float64)
nll_grad  cost time: 2.489135980606079
tf.Tensor(-10882.277781925182, shape=(), dtype=float64)
nll_grad  cost time: 2.6060216426849365
tf.Tensor(-10882.277787121406, shape=(), dtype=float64)
nll_grad  cost time: 2.7197442054748535
tf.Tensor(-10882.277796056133, shape=(), dtype=float64)
nll_grad  cost time: 2.571272611618042
tf.Tensor(-10882.277811416461, shape=(), dtype=float64)
nll_grad  cost time: 2.634218215942383
tf.Tensor(-10882.277837926904, shape=(), dtype=float64)
nll_grad  cost time: 2.573012351989746
tf.Tensor(-10882.27788339955, shape=(), dtype=float64)
nll_grad  cost time: 2.527384042739868
tf.Tensor(-10882.277958514722, shape=(), dtype=float64)
nll_grad  cost time: 2.578188896179199
tf.Tensor(-10882.278070702603, shape=(), dtype=float64)
nll_grad  cost time: 2.599144220352173
tf.Tensor(-10882.278217342697, shape=(), dtype=float64)
nll_grad  cost time: 2.531735420227051
tf.Tensor(-10882.278390770145, shape=(), dtype=float64)
nll_grad  cost time: 2.5275871753692627
nll_grad  cost time: 2.6529183387756348
tf.Tensor(-10882.27844148438, shape=(), dtype=float64)
nll_grad  cost time: 2.5752899646759033
tf.Tensor(-10882.278517589464, shape=(), dtype=float64)
nll_grad  cost time: 2.540756940841675
tf.Tensor(-10882.278578778754, shape=(), dtype=float64)
nll_grad  cost time: 2.4758615493774414
tf.Tensor(-10882.278613902647, shape=(), dtype=float64)
nll_grad  cost time: 2.492499351501465
tf.Tensor(-10882.27867341062, shape=(), dtype=float64)
nll_grad  cost time: 2.5253076553344727
tf.Tensor(-10882.278762720169, shape=(), dtype=float64)
nll_grad  cost time: 2.4978489875793457
tf.Tensor(-10882.278817386858, shape=(), dtype=float64)
nll_grad  cost time: 2.4426169395446777
tf.Tensor(-10882.27889484978, shape=(), dtype=float64)
nll_grad  cost time: 2.5139904022216797
tf.Tensor(-10882.278985298813, shape=(), dtype=float64)
nll_grad  cost time: 2.5161685943603516
tf.Tensor(-10882.279072985744, shape=(), dtype=float64)
nll_grad  cost time: 2.510368585586548
tf.Tensor(-10882.279162819323, shape=(), dtype=float64)
nll_grad  cost time: 2.510770797729492
tf.Tensor(-10882.279199095196, shape=(), dtype=float64)
nll_grad  cost time: 2.5380420684814453
tf.Tensor(-10882.2792589147, shape=(), dtype=float64)
nll_grad  cost time: 2.5427770614624023
tf.Tensor(-10882.279347812731, shape=(), dtype=float64)
nll_grad  cost time: 2.5702106952667236
tf.Tensor(-10882.279410203773, shape=(), dtype=float64)
nll_grad  cost time: 2.6001534461975098
tf.Tensor(-10882.279464907282, shape=(), dtype=float64)
nll_grad  cost time: 2.584352970123291
tf.Tensor(-10882.279512645615, shape=(), dtype=float64)
nll_grad  cost time: 2.6256179809570312
tf.Tensor(-10882.27956076391, shape=(), dtype=float64)
nll_grad  cost time: 2.4551565647125244
tf.Tensor(-10882.27959051578, shape=(), dtype=float64)
nll_grad  cost time: 2.4511239528656006
tf.Tensor(-10882.279630703604, shape=(), dtype=float64)
nll_grad  cost time: 2.5972070693969727
tf.Tensor(-10882.279669412852, shape=(), dtype=float64)
nll_grad  cost time: 2.554792881011963
nll_grad  cost time: 2.431262254714966
tf.Tensor(-10882.279687950562, shape=(), dtype=float64)
nll_grad  cost time: 2.531055450439453
tf.Tensor(-10882.279716871559, shape=(), dtype=float64)
nll_grad  cost time: 2.611506223678589
tf.Tensor(-10882.279755361436, shape=(), dtype=float64)
nll_grad  cost time: 2.534116744995117
nll_grad  cost time: 2.382620334625244
tf.Tensor(-10882.279766203705, shape=(), dtype=float64)
nll_grad  cost time: 2.5252087116241455
tf.Tensor(-10882.279782400721, shape=(), dtype=float64)
nll_grad  cost time: 2.525911569595337
tf.Tensor(-10882.27980081156, shape=(), dtype=float64)
nll_grad  cost time: 2.5629920959472656
tf.Tensor(-10882.279821957549, shape=(), dtype=float64)
nll_grad  cost time: 2.5595245361328125
tf.Tensor(-10882.279838015023, shape=(), dtype=float64)
nll_grad  cost time: 2.539083242416382
tf.Tensor(-10882.279859335122, shape=(), dtype=float64)
nll_grad  cost time: 2.736719846725464
tf.Tensor(-10882.279876628982, shape=(), dtype=float64)
nll_grad  cost time: 2.54923415184021
tf.Tensor(-10882.279886767235, shape=(), dtype=float64)
nll_grad  cost time: 2.521160364151001
tf.Tensor(-10882.279894847572, shape=(), dtype=float64)
nll_grad  cost time: 2.5954108238220215
tf.Tensor(-10882.279902221955, shape=(), dtype=float64)
nll_grad  cost time: 2.532226324081421
tf.Tensor(-10882.279909379602, shape=(), dtype=float64)
nll_grad  cost time: 2.563779354095459
tf.Tensor(-10882.279920553505, shape=(), dtype=float64)
nll_grad  cost time: 2.588533639907837
tf.Tensor(-10882.279933288919, shape=(), dtype=float64)
nll_grad  cost time: 2.5935299396514893
tf.Tensor(-10882.279944281108, shape=(), dtype=float64)
nll_grad  cost time: 2.5647716522216797
nll_grad  cost time: 2.4633216857910156
tf.Tensor(-10882.279951959812, shape=(), dtype=float64)
nll_grad  cost time: 2.5409367084503174
nll_grad  cost time: 2.475212574005127
tf.Tensor(-10882.279957135794, shape=(), dtype=float64)
nll_grad  cost time: 2.605616331100464
tf.Tensor(-10882.279963061635, shape=(), dtype=float64)
nll_grad  cost time: 2.5258774757385254
tf.Tensor(-10882.279969102088, shape=(), dtype=float64)
nll_grad  cost time: 2.513773202896118
tf.Tensor(-10882.27997311125, shape=(), dtype=float64)
nll_grad  cost time: 2.6698567867279053
tf.Tensor(-10882.279977490198, shape=(), dtype=float64)
nll_grad  cost time: 2.5181679725646973
tf.Tensor(-10882.279982730404, shape=(), dtype=float64)
nll_grad  cost time: 2.474914789199829
tf.Tensor(-10882.279987600305, shape=(), dtype=float64)
nll_grad  cost time: 2.498173475265503
tf.Tensor(-10882.279989202405, shape=(), dtype=float64)
nll_grad  cost time: 2.492337226867676
tf.Tensor(-10882.279991764684, shape=(), dtype=float64)
nll_grad  cost time: 2.551845073699951
tf.Tensor(-10882.279993284155, shape=(), dtype=float64)
nll_grad  cost time: 2.536769151687622
tf.Tensor(-10882.279995327273, shape=(), dtype=float64)
nll_grad  cost time: 2.552611827850342
tf.Tensor(-10882.279997680667, shape=(), dtype=float64)
nll_grad  cost time: 2.5090816020965576
tf.Tensor(-10882.280001593383, shape=(), dtype=float64)
nll_grad  cost time: 2.6054999828338623
nll_grad  cost time: 2.414958953857422
tf.Tensor(-10882.280003649495, shape=(), dtype=float64)
nll_grad  cost time: 2.5328452587127686
tf.Tensor(-10882.280005632481, shape=(), dtype=float64)
nll_grad  cost time: 2.488671064376831
tf.Tensor(-10882.280007017402, shape=(), dtype=float64)
nll_grad  cost time: 2.5208003520965576
tf.Tensor(-10882.280008333266, shape=(), dtype=float64)
nll_grad  cost time: 2.588127374649048
tf.Tensor(-10882.280010166563, shape=(), dtype=float64)
nll_grad  cost time: 2.5409295558929443
tf.Tensor(-10882.280011825864, shape=(), dtype=float64)
nll_grad  cost time: 2.5102837085723877
tf.Tensor(-10882.280012509706, shape=(), dtype=float64)
nll_grad  cost time: 2.497769832611084
tf.Tensor(-10882.280013093106, shape=(), dtype=float64)
nll_grad  cost time: 2.576768398284912
tf.Tensor(-10882.280013550837, shape=(), dtype=float64)
nll_grad  cost time: 2.529561758041382
tf.Tensor(-10882.280014012453, shape=(), dtype=float64)
nll_grad  cost time: 2.796023368835449
tf.Tensor(-10882.280014210279, shape=(), dtype=float64)
nll_grad  cost time: 2.5945823192596436
tf.Tensor(-10882.280014478987, shape=(), dtype=float64)
nll_grad  cost time: 2.445906162261963
tf.Tensor(-10882.280014687673, shape=(), dtype=float64)
nll_grad  cost time: 2.468214750289917
tf.Tensor(-10882.280014808799, shape=(), dtype=float64)
nll_grad  cost time: 2.6492257118225098
tf.Tensor(-10882.28001486637, shape=(), dtype=float64)
nll_grad  cost time: 2.5074245929718018
tf.Tensor(-10882.280014900749, shape=(), dtype=float64)
nll_grad  cost time: 2.599696636199951
tf.Tensor(-10882.280014908356, shape=(), dtype=float64)
nll_grad  cost time: 2.5368945598602295
tf.Tensor(-10882.280014909793, shape=(), dtype=float64)
Optimization terminated successfully.
         Current function value: -10882.280015
         Iterations: 1282
         Function evaluations: 1315
         Gradient evaluations: 1315
  message: Optimization terminated successfully.
  success: True
   status: 0
      fun: -10882.280014909793
        x: [ 2.182e-01  2.575e-01 ...  2.550e-01 -1.747e+00]
      nit: 1282
      jac: [ 0.000e+00  0.000e+00 ... -9.797e-06 -5.471e-07]
 hess_inv: [[ 1.000e+00  0.000e+00 ...  0.000e+00  0.000e+00]
            [ 0.000e+00  1.000e+00 ...  0.000e+00  0.000e+00]
            ...
            [ 0.000e+00  0.000e+00 ...  4.515e-02  1.094e-02]
            [ 0.000e+00  0.000e+00 ...  1.094e-02  5.895e-01]]
     nfev: 1315
     njev: 1315
fit  cost time: 3357.484482526779

========== Fit loop 5/5 ==========
using RANDOM parameters

########### initial parameters
{
  "rho(1450)p_mass": 1.51,
  "rho(1450)p_width": 0.44,
  "rho(1570)p_mass": 1.57,
  "rho(1570)p_width": 0.14,
  "rho(1690)p_mass": 1.681,
  "rho(1690)p_width": 0.19,
  "rho(1450)m_mass": 1.51,
  "rho(1450)m_width": 0.44,
  "rho(1570)m_mass": 1.57,
  "rho(1570)m_width": 0.14,
  "rho(1690)m_mass": 1.681,
  "rho(1690)m_width": 0.19,
  "f0(500)_E791_mass": 0.478,
  "f2(1270)_flatte_mass": 1.2754,
  "f2(1270)_flatte_g_0": 1.0909371215856758,
  "f2(1270)_flatte_g_1": 0.30973756873560654,
  "f0(1370)_mass": 1.37,
  "f0(1370)_width": 0.35,
  "f2(1430)_mass": 1.43,
  "f2(1430)_width": 0.046,
  "Jpsi->rho(1450)p.pimrho(1450)p->phi.pip_total_0r": 1.0,
  "Jpsi->rho(1450)p.pimrho(1450)p->phi.pip_total_0i": 0.0,
  "Jpsi->rho(1450)p.pim_g_ls_0r": 1.0,
  "Jpsi->rho(1450)p.pim_g_ls_0i": 0.0,
  "rho(1450)p->phi.pip_g_ls_0r": 1.0,
  "rho(1450)p->phi.pip_g_ls_0i": 0.0,
  "Jpsi->rho(1570)p.pimrho(1570)p->phi.pip_total_0r": 1.5151629484285705,
  "Jpsi->rho(1570)p.pimrho(1570)p->phi.pip_total_0i": -1.4811585614879565,
  "Jpsi->rho(1570)p.pim_g_ls_0r": 1.0,
  "Jpsi->rho(1570)p.pim_g_ls_0i": 0.0,
  "rho(1570)p->phi.pip_g_ls_0r": 1.0,
  "rho(1570)p->phi.pip_g_ls_0i": 0.0,
  "Jpsi->rho(1690)p.pimrho(1690)p->phi.pip_total_0r": 0.6322941014032182,
  "Jpsi->rho(1690)p.pimrho(1690)p->phi.pip_total_0i": 3.084365171466567,
  "Jpsi->rho(1690)p.pim_g_ls_0r": 1.0,
  "Jpsi->rho(1690)p.pim_g_ls_0i": 0.0,
  "rho(1690)p->phi.pip_g_ls_0r": 1.0,
  "rho(1690)p->phi.pip_g_ls_0i": 0.0,
  "Jpsi->rho(1450)m.piprho(1450)m->phi.pim_total_0r": 1.0,
  "Jpsi->rho(1450)m.piprho(1450)m->phi.pim_total_0i": 0.0,
  "Jpsi->rho(1450)m.pip_g_ls_0r": 1.0,
  "Jpsi->rho(1450)m.pip_g_ls_0i": 0.0,
  "rho(1450)m->phi.pim_g_ls_0r": 1.0,
  "rho(1450)m->phi.pim_g_ls_0i": 0.0,
  "Jpsi->rho(1570)m.piprho(1570)m->phi.pim_total_0r": 1.5151629484285705,
  "Jpsi->rho(1570)m.piprho(1570)m->phi.pim_total_0i": -1.4811585614879565,
  "Jpsi->rho(1570)m.pip_g_ls_0r": 1.0,
  "Jpsi->rho(1570)m.pip_g_ls_0i": 0.0,
  "rho(1570)m->phi.pim_g_ls_0r": 1.0,
  "rho(1570)m->phi.pim_g_ls_0i": 0.0,
  "Jpsi->rho(1690)m.piprho(1690)m->phi.pim_total_0r": 0.6322941014032182,
  "Jpsi->rho(1690)m.piprho(1690)m->phi.pim_total_0i": 3.084365171466567,
  "Jpsi->rho(1690)m.pip_g_ls_0r": 1.0,
  "Jpsi->rho(1690)m.pip_g_ls_0i": 0.0,
  "rho(1690)m->phi.pim_g_ls_0r": 1.0,
  "rho(1690)m->phi.pim_g_ls_0i": 0.0,
  "Jpsi->phi.f0(500)_E791f0(500)_E791->pip.pim_total_0r": 0.7418612891629572,
  "Jpsi->phi.f0(500)_E791f0(500)_E791->pip.pim_total_0i": 2.7119570855872777,
  "Jpsi->phi.f0(500)_E791_g_ls_0r": 1.0,
  "Jpsi->phi.f0(500)_E791_g_ls_0i": 0.0,
  "Jpsi->phi.f0(500)_E791_g_ls_1r": 0.6209002587234713,
  "Jpsi->phi.f0(500)_E791_g_ls_1i": 0.5561354194299302,
  "f0(500)_E791->pip.pim_g_ls_0r": 1.0,
  "f0(500)_E791->pip.pim_g_ls_0i": 0.0,
  "Jpsi->phi.f0(980)_flattef0(980)_flatte->pip.pim_total_0r": 0.03159939927733424,
  "Jpsi->phi.f0(980)_flattef0(980)_flatte->pip.pim_total_0i": 2.1284975284545924,
  "f0(980)_flatte->pip.pim_g_ls_0r": 1.0,
  "f0(980)_flatte->pip.pim_g_ls_0i": 0.0,
  "Jpsi->phi.f2(1270)_flattef2(1270)_flatte->pip.pim_total_0r": 1.2743899149487996,
  "Jpsi->phi.f2(1270)_flattef2(1270)_flatte->pip.pim_total_0i": -0.16626328040543248,
  "Jpsi->phi.f2(1270)_flatte_g_ls_0r": 1.0,
  "Jpsi->phi.f2(1270)_flatte_g_ls_0i": 0.0,
  "Jpsi->phi.f2(1270)_flatte_g_ls_1r": 1.2410610308091852,
  "Jpsi->phi.f2(1270)_flatte_g_ls_1i": 1.1096006612531717,
  "Jpsi->phi.f2(1270)_flatte_g_ls_2r": 0.16368032240559138,
  "Jpsi->phi.f2(1270)_flatte_g_ls_2i": 1.1278031839250726,
  "Jpsi->phi.f2(1270)_flatte_g_ls_3r": 0.8926004463252393,
  "Jpsi->phi.f2(1270)_flatte_g_ls_3i": -1.8959003389851177,
  "Jpsi->phi.f2(1270)_flatte_g_ls_4r": 1.7737941056854,
  "Jpsi->phi.f2(1270)_flatte_g_ls_4i": -2.0499664582296218,
  "f2(1270)_flatte->pip.pim_g_ls_0r": 1.0,
  "f2(1270)_flatte->pip.pim_g_ls_0i": 0.0,
  "Jpsi->phi.f0(1370)f0(1370)->pip.pim_total_0r": 1.3740678447351682,
  "Jpsi->phi.f0(1370)f0(1370)->pip.pim_total_0i": 0.16989112982576549,
  "Jpsi->phi.f0(1370)_g_ls_0r": 1.0,
  "Jpsi->phi.f0(1370)_g_ls_0i": 0.0,
  "Jpsi->phi.f0(1370)_g_ls_1r": 0.12885448855984283,
  "Jpsi->phi.f0(1370)_g_ls_1i": -0.6300738596094742,
  "f0(1370)->pip.pim_g_ls_0r": 1.0,
  "f0(1370)->pip.pim_g_ls_0i": 0.0,
  "Jpsi->phi.f0(1710)f0(1710)->pip.pim_total_0r": 0.9041381994899926,
  "Jpsi->phi.f0(1710)f0(1710)->pip.pim_total_0i": -2.8559891995798132,
  "f0(1710)->pip.pim_g_ls_0r": 1.0,
  "f0(1710)->pip.pim_g_ls_0i": 0.0,
  "Jpsi->phi.f2(1430)f2(1430)->pip.pim_total_0r": 1.9336986729374432,
  "Jpsi->phi.f2(1430)f2(1430)->pip.pim_total_0i": 0.4133814869420154,
  "Jpsi->phi.f2(1430)_g_ls_0r": 1.0,
  "Jpsi->phi.f2(1430)_g_ls_0i": 0.0,
  "Jpsi->phi.f2(1430)_g_ls_1r": 1.4675879440251554,
  "Jpsi->phi.f2(1430)_g_ls_1i": -2.3091648283953834,
  "Jpsi->phi.f2(1430)_g_ls_2r": 1.6537828009021056,
  "Jpsi->phi.f2(1430)_g_ls_2i": 3.119480747174734,
  "Jpsi->phi.f2(1430)_g_ls_3r": 0.898049783645233,
  "Jpsi->phi.f2(1430)_g_ls_3i": -0.01023582937090417,
  "Jpsi->phi.f2(1430)_g_ls_4r": 0.9635096450431764,
  "Jpsi->phi.f2(1430)_g_ls_4i": 0.2142212258436258,
  "f2(1430)->pip.pim_g_ls_0r": 1.0,
  "f2(1430)->pip.pim_g_ls_0i": 0.0,
  "Jpsi->phi.f0(1500)f0(1500)->pip.pim_total_0r": 1.6753080187951084,
  "Jpsi->phi.f0(1500)f0(1500)->pip.pim_total_0i": -0.31467653231483794,
  "f0(1500)->pip.pim_g_ls_0r": 1.0,
  "f0(1500)->pip.pim_g_ls_0i": 0.0,
  "K1(1400)p_mass": 1.403,
  "K1(1400)p_width": 0.174,
  "K2(1820)p_mass": 1.819,
  "K2(1820)p_width": 0.264,
  "K2(1980)p_mass": 1.99,
  "K2(1980)p_width": 0.348,
  "K2(2250)p_mass": 2.247,
  "K2(2250)p_width": 0.18,
  "K3(2320)p_mass": 2.324,
  "K3(2320)p_width": 0.15,
  "K1(1400)m_mass": 1.403,
  "K1(1400)m_width": 0.174,
  "K2(1820)m_mass": 1.819,
  "K2(1820)m_width": 0.264,
  "K2(1980)m_mass": 1.99,
  "K2(1980)m_width": 0.348,
  "K3(2320)m_mass": 2.324,
  "K3(2320)m_width": 0.15,
  "f0(980)_flatte_mass": 0.965,
  "f0(980)_flatte_g_0": 0.3279245262887717,
  "f0(980)_flatte_g_1": 0.0016707553135199347,
  "f2(1270)_mass": 1.2754,
  "f2(1270)_width": 0.1858,
  "f0(1500)_mass": 1.522,
  "f0(1500)_width": 0.108,
  "f2(1525)_mass": 1.5173,
  "f2(1525)_width": 0.072,
  "f2(1565)_mass": 1.571,
  "f2(1565)_width": 0.132,
  "f0(1710)_mass": 1.733,
  "f0(1710)_width": 0.15,
  "f2(1810)_mass": 1.815,
  "f2(1810)_width": 0.197,
  "Jpsi->K1(1400)p.kmK1(1400)p->phi.kp_total_0r": 1.0,
  "Jpsi->K1(1400)p.kmK1(1400)p->phi.kp_total_0i": 0.0,
  "Jpsi->K1(1400)p.km_g_ls_0r": 1.0,
  "Jpsi->K1(1400)p.km_g_ls_0i": 0.0,
  "Jpsi->K1(1400)p.km_g_ls_1r": 1.0709810090445835,
  "Jpsi->K1(1400)p.km_g_ls_1i": -1.4074190971174174,
  "K1(1400)p->phi.kp_g_ls_0r": 1.0,
  "K1(1400)p->phi.kp_g_ls_0i": 0.0,
  "K1(1400)p->phi.kp_g_ls_1r": 0.9993655838168181,
  "K1(1400)p->phi.kp_g_ls_1i": -1.4568004859527932,
  "Jpsi->K2(1820)p.kmK2(1820)p->phi.kp_total_0r": 1.6268755409616578,
  "Jpsi->K2(1820)p.kmK2(1820)p->phi.kp_total_0i": 2.5948946696083004,
  "Jpsi->K2(1820)p.km_g_ls_0r": 1.0,
  "Jpsi->K2(1820)p.km_g_ls_0i": 0.0,
  "Jpsi->K2(1820)p.km_g_ls_1r": 0.8964630236671196,
  "Jpsi->K2(1820)p.km_g_ls_1i": 1.7413023291348608,
  "K2(1820)p->phi.kp_g_ls_0r": 1.0,
  "K2(1820)p->phi.kp_g_ls_0i": 0.0,
  "K2(1820)p->phi.kp_g_ls_1r": 0.2541713822116871,
  "K2(1820)p->phi.kp_g_ls_1i": -1.0744572602987401,
  "Jpsi->K2(1980)p.kmK2(1980)p->phi.kp_total_0r": 0.440104678371517,
  "Jpsi->K2(1980)p.kmK2(1980)p->phi.kp_total_0i": 2.99307111189853,
  "Jpsi->K2(1980)p.km_g_ls_0r": 1.0,
  "Jpsi->K2(1980)p.km_g_ls_0i": 0.0,
  "K2(1980)p->phi.kp_g_ls_0r": 1.0,
  "K2(1980)p->phi.kp_g_ls_0i": 0.0,
  "Jpsi->K2(2250)p.kmK2(2250)p->phi.kp_total_0r": 1.2716158152346795,
  "Jpsi->K2(2250)p.kmK2(2250)p->phi.kp_total_0i": -1.177718342082441,
  "Jpsi->K2(2250)p.km_g_ls_0r": 1.0,
  "Jpsi->K2(2250)p.km_g_ls_0i": 0.0,
  "Jpsi->K2(2250)p.km_g_ls_1r": 0.10340764056791496,
  "Jpsi->K2(2250)p.km_g_ls_1i": -1.3144492667203278,
  "K2(2250)p->phi.kp_g_ls_0r": 1.0,
  "K2(2250)p->phi.kp_g_ls_0i": 0.0,
  "K2(2250)p->phi.kp_g_ls_1r": 0.9252313288368277,
  "K2(2250)p->phi.kp_g_ls_1i": -2.0173266423082987,
  "Jpsi->K3(2320)p.kmK3(2320)p->phi.kp_total_0r": 1.1811227065339178,
  "Jpsi->K3(2320)p.kmK3(2320)p->phi.kp_total_0i": 3.106135289130176,
  "Jpsi->K3(2320)p.km_g_ls_0r": 1.0,
  "Jpsi->K3(2320)p.km_g_ls_0i": 0.0,
  "Jpsi->K3(2320)p.km_g_ls_1r": 0.8935290873902817,
  "Jpsi->K3(2320)p.km_g_ls_1i": 1.2502897495597676,
  "K3(2320)p->phi.kp_g_ls_0r": 1.0,
  "K3(2320)p->phi.kp_g_ls_0i": 0.0,
  "K3(2320)p->phi.kp_g_ls_1r": 0.37295653009914886,
  "K3(2320)p->phi.kp_g_ls_1i": 1.0313142313729484,
  "Jpsi->K1(1400)m.kpK1(1400)m->phi.km_total_0r": 1.0,
  "Jpsi->K1(1400)m.kpK1(1400)m->phi.km_total_0i": 0.0,
  "Jpsi->K1(1400)m.kp_g_ls_0r": 1.0,
  "Jpsi->K1(1400)m.kp_g_ls_0i": 0.0,
  "Jpsi->K1(1400)m.kp_g_ls_1r": 1.0709810090445835,
  "Jpsi->K1(1400)m.kp_g_ls_1i": -1.4074190971174174,
  "K1(1400)m->phi.km_g_ls_0r": 1.0,
  "K1(1400)m->phi.km_g_ls_0i": 0.0,
  "K1(1400)m->phi.km_g_ls_1r": 0.9993655838168181,
  "K1(1400)m->phi.km_g_ls_1i": -1.4568004859527932,
  "Jpsi->K2(1820)m.kpK2(1820)m->phi.km_total_0r": 1.6268755409616578,
  "Jpsi->K2(1820)m.kpK2(1820)m->phi.km_total_0i": 2.5948946696083004,
  "Jpsi->K2(1820)m.kp_g_ls_0r": 1.0,
  "Jpsi->K2(1820)m.kp_g_ls_0i": 0.0,
  "Jpsi->K2(1820)m.kp_g_ls_1r": 0.8964630236671196,
  "Jpsi->K2(1820)m.kp_g_ls_1i": 1.7413023291348608,
  "K2(1820)m->phi.km_g_ls_0r": 1.0,
  "K2(1820)m->phi.km_g_ls_0i": 0.0,
  "K2(1820)m->phi.km_g_ls_1r": 0.2541713822116871,
  "K2(1820)m->phi.km_g_ls_1i": -1.0744572602987401,
  "Jpsi->K2(1980)m.kpK2(1980)m->phi.km_total_0r": 0.440104678371517,
  "Jpsi->K2(1980)m.kpK2(1980)m->phi.km_total_0i": 2.99307111189853,
  "Jpsi->K2(1980)m.kp_g_ls_0r": 1.0,
  "Jpsi->K2(1980)m.kp_g_ls_0i": 0.0,
  "K2(1980)m->phi.km_g_ls_0r": 1.0,
  "K2(1980)m->phi.km_g_ls_0i": 0.0,
  "Jpsi->K2(2250)p.kpK2(2250)p->phi.km_total_0r": 1.052115131850666,
  "Jpsi->K2(2250)p.kpK2(2250)p->phi.km_total_0i": 0.7141648894701298,
  "Jpsi->K2(2250)p.kp_g_ls_0r": 1.0,
  "Jpsi->K2(2250)p.kp_g_ls_0i": 0.0,
  "Jpsi->K2(2250)p.kp_g_ls_1r": 1.2939104910096528,
  "Jpsi->K2(2250)p.kp_g_ls_1i": 3.0966690774287704,
  "K2(2250)p->phi.km_g_ls_0r": 1.0,
  "K2(2250)p->phi.km_g_ls_0i": 0.0,
  "K2(2250)p->phi.km_g_ls_1r": 0.4153193280913543,
  "K2(2250)p->phi.km_g_ls_1i": 1.1907194318815302,
  "Jpsi->K3(2320)m.kpK3(2320)m->phi.km_total_0r": 1.1811227065339178,
  "Jpsi->K3(2320)m.kpK3(2320)m->phi.km_total_0i": 3.106135289130176,
  "Jpsi->K3(2320)m.kp_g_ls_0r": 1.0,
  "Jpsi->K3(2320)m.kp_g_ls_0i": 0.0,
  "Jpsi->K3(2320)m.kp_g_ls_1r": 0.8935290873902817,
  "Jpsi->K3(2320)m.kp_g_ls_1i": 1.2502897495597676,
  "K3(2320)m->phi.km_g_ls_0r": 1.0,
  "K3(2320)m->phi.km_g_ls_0i": 0.0,
  "K3(2320)m->phi.km_g_ls_1r": 0.37295653009914886,
  "K3(2320)m->phi.km_g_ls_1i": 1.0313142313729484,
  "Jpsi->phi.f0(980)_flattef0(980)_flatte->kp.km_total_0r": 0.07873571728908857,
  "Jpsi->phi.f0(980)_flattef0(980)_flatte->kp.km_total_0i": 0.7169298195728953,
  "Jpsi->phi.f0(980)_flatte_g_ls_0r": 1.0,
  "Jpsi->phi.f0(980)_flatte_g_ls_0i": 0.0,
  "Jpsi->phi.f0(980)_flatte_g_ls_1r": 0.8400153894705178,
  "Jpsi->phi.f0(980)_flatte_g_ls_1i": 1.1088469101624376,
  "f0(980)_flatte->kp.km_g_ls_0r": 1.0,
  "f0(980)_flatte->kp.km_g_ls_0i": 0.0,
  "Jpsi->phi.f2(1270)f2(1270)->kp.km_total_0r": 1.682780233372005,
  "Jpsi->phi.f2(1270)f2(1270)->kp.km_total_0i": 0.7055439838497737,
  "Jpsi->phi.f2(1270)_g_ls_0r": 1.0,
  "Jpsi->phi.f2(1270)_g_ls_0i": 0.0,
  "Jpsi->phi.f2(1270)_g_ls_1r": 0.2859952755148303,
  "Jpsi->phi.f2(1270)_g_ls_1i": -2.752811965294865,
  "Jpsi->phi.f2(1270)_g_ls_2r": 0.7256906687077804,
  "Jpsi->phi.f2(1270)_g_ls_2i": -0.8780160781547814,
  "Jpsi->phi.f2(1270)_g_ls_3r": 1.7214312164463785,
  "Jpsi->phi.f2(1270)_g_ls_3i": -2.929618452380102,
  "Jpsi->phi.f2(1270)_g_ls_4r": 1.8567675452036738,
  "Jpsi->phi.f2(1270)_g_ls_4i": 0.2642749128817763,
  "f2(1270)->kp.km_g_ls_0r": 1.0,
  "f2(1270)->kp.km_g_ls_0i": 0.0,
  "Jpsi->phi.f0(1500)f0(1500)->kp.km_total_0r": 0.22869811841932197,
  "Jpsi->phi.f0(1500)f0(1500)->kp.km_total_0i": 2.0331387770067746,
  "Jpsi->phi.f0(1500)_g_ls_0r": 1.0,
  "Jpsi->phi.f0(1500)_g_ls_0i": 0.0,
  "Jpsi->phi.f0(1500)_g_ls_1r": 0.4942458405597825,
  "Jpsi->phi.f0(1500)_g_ls_1i": -2.082273064403698,
  "f0(1500)->kp.km_g_ls_0r": 1.0,
  "f0(1500)->kp.km_g_ls_0i": 0.0,
  "Jpsi->phi.f2(1525)f2(1525)->kp.km_total_0r": 1.0469162665868277,
  "Jpsi->phi.f2(1525)f2(1525)->kp.km_total_0i": -1.7885514406793588,
  "Jpsi->phi.f2(1525)_g_ls_0r": 1.0,
  "Jpsi->phi.f2(1525)_g_ls_0i": 0.0,
  "Jpsi->phi.f2(1525)_g_ls_1r": 1.7897215658318606,
  "Jpsi->phi.f2(1525)_g_ls_1i": -2.6605873913777303,
  "Jpsi->phi.f2(1525)_g_ls_2r": 0.7830158941200467,
  "Jpsi->phi.f2(1525)_g_ls_2i": 2.66199070024767,
  "Jpsi->phi.f2(1525)_g_ls_3r": 1.3665512898346033,
  "Jpsi->phi.f2(1525)_g_ls_3i": 0.03175810471000995,
  "Jpsi->phi.f2(1525)_g_ls_4r": 0.5608586301482528,
  "Jpsi->phi.f2(1525)_g_ls_4i": 2.644879314663325,
  "f2(1525)->kp.km_g_ls_0r": 1.0,
  "f2(1525)->kp.km_g_ls_0i": 0.0,
  "Jpsi->phi.f2(1565)f2(1565)->kp.km_total_0r": 1.2986763951316438,
  "Jpsi->phi.f2(1565)f2(1565)->kp.km_total_0i": 1.5106383101464935,
  "Jpsi->phi.f2(1565)_g_ls_0r": 1.0,
  "Jpsi->phi.f2(1565)_g_ls_0i": 0.0,
  "Jpsi->phi.f2(1565)_g_ls_1r": 1.1129702436828195,
  "Jpsi->phi.f2(1565)_g_ls_1i": -2.9057280688307157,
  "Jpsi->phi.f2(1565)_g_ls_2r": 0.49971344599563183,
  "Jpsi->phi.f2(1565)_g_ls_2i": 1.84379960644696,
  "Jpsi->phi.f2(1565)_g_ls_3r": 0.8696628716039374,
  "Jpsi->phi.f2(1565)_g_ls_3i": -0.5172670275371782,
  "Jpsi->phi.f2(1565)_g_ls_4r": 1.5565310518652313,
  "Jpsi->phi.f2(1565)_g_ls_4i": -2.099633806683787,
  "f2(1565)->kp.km_g_ls_0r": 1.0,
  "f2(1565)->kp.km_g_ls_0i": 0.0,
  "Jpsi->phi.f0(1710)f0(1710)->kp.km_total_0r": 1.7391370424031356,
  "Jpsi->phi.f0(1710)f0(1710)->kp.km_total_0i": -2.7565532441394556,
  "Jpsi->phi.f0(1710)_g_ls_0r": 1.0,
  "Jpsi->phi.f0(1710)_g_ls_0i": 0.0,
  "Jpsi->phi.f0(1710)_g_ls_1r": 0.17927196541125934,
  "Jpsi->phi.f0(1710)_g_ls_1i": 0.9086728737296079,
  "f0(1710)->kp.km_g_ls_0r": 1.0,
  "f0(1710)->kp.km_g_ls_0i": 0.0,
  "Jpsi->phi.f2(1810)f2(1810)->kp.km_total_0r": 0.7527587838629688,
  "Jpsi->phi.f2(1810)f2(1810)->kp.km_total_0i": 1.6027789033903677,
  "Jpsi->phi.f2(1810)_g_ls_0r": 1.0,
  "Jpsi->phi.f2(1810)_g_ls_0i": 0.0,
  "Jpsi->phi.f2(1810)_g_ls_1r": 1.5612000318686037,
  "Jpsi->phi.f2(1810)_g_ls_1i": -0.5165217552805195,
  "Jpsi->phi.f2(1810)_g_ls_2r": 1.3650518542664596,
  "Jpsi->phi.f2(1810)_g_ls_2i": -2.369997196445689,
  "Jpsi->phi.f2(1810)_g_ls_3r": 1.1800330431092196,
  "Jpsi->phi.f2(1810)_g_ls_3i": -0.015730456359050127,
  "Jpsi->phi.f2(1810)_g_ls_4r": 1.8869231577982268,
  "Jpsi->phi.f2(1810)_g_ls_4i": -1.4630227272721694,
  "f2(1810)->kp.km_g_ls_0r": 1.0,
  "f2(1810)->kp.km_g_ls_0i": 0.0
}
nll_grad  cost time: 2.50532603263855
nll_grad  cost time: 2.490499258041382
tf.Tensor(7182.759818970662, shape=(), dtype=float64)
nll_grad  cost time: 2.5721118450164795
tf.Tensor(839.1065469459136, shape=(), dtype=float64)
nll_grad  cost time: 2.514317035675049
tf.Tensor(-2359.5078942437394, shape=(), dtype=float64)
nll_grad  cost time: 2.5815510749816895
tf.Tensor(-3520.798261393473, shape=(), dtype=float64)
nll_grad  cost time: 2.516763210296631
tf.Tensor(-5031.499179849023, shape=(), dtype=float64)
nll_grad  cost time: 2.5364272594451904
nll_grad  cost time: 2.4266974925994873
tf.Tensor(-5786.371113239642, shape=(), dtype=float64)
nll_grad  cost time: 2.514801025390625
tf.Tensor(-6279.632601578633, shape=(), dtype=float64)
nll_grad  cost time: 2.5556254386901855
tf.Tensor(-6423.8460641315905, shape=(), dtype=float64)
nll_grad  cost time: 2.518021821975708
nll_grad  cost time: 2.42999529838562
tf.Tensor(-7567.74701788745, shape=(), dtype=float64)
nll_grad  cost time: 2.5393571853637695
nll_grad  cost time: 2.6063435077667236
tf.Tensor(-7830.463210287518, shape=(), dtype=float64)
nll_grad  cost time: 2.5707309246063232
tf.Tensor(-8047.337175923007, shape=(), dtype=float64)
nll_grad  cost time: 2.5715386867523193
tf.Tensor(-8235.92661417251, shape=(), dtype=float64)
nll_grad  cost time: 2.5923242568969727
tf.Tensor(-8393.979043754574, shape=(), dtype=float64)
nll_grad  cost time: 2.569995164871216
tf.Tensor(-8570.383727219305, shape=(), dtype=float64)
nll_grad  cost time: 2.5100042819976807
nll_grad  cost time: 2.665762424468994
tf.Tensor(-8664.12282256881, shape=(), dtype=float64)
nll_grad  cost time: 2.5276055335998535
tf.Tensor(-8770.18396225285, shape=(), dtype=float64)
nll_grad  cost time: 2.562448501586914
tf.Tensor(-8794.794259683375, shape=(), dtype=float64)
nll_grad  cost time: 2.592975616455078
tf.Tensor(-8841.042293546474, shape=(), dtype=float64)
nll_grad  cost time: 2.505070924758911
tf.Tensor(-8915.858841505964, shape=(), dtype=float64)
nll_grad  cost time: 2.5312936305999756
tf.Tensor(-8970.052690216617, shape=(), dtype=float64)
nll_grad  cost time: 2.652968645095825
tf.Tensor(-9026.838110207624, shape=(), dtype=float64)
nll_grad  cost time: 2.629549980163574
tf.Tensor(-9090.537022071265, shape=(), dtype=float64)
nll_grad  cost time: 2.622032403945923
tf.Tensor(-9151.244599162586, shape=(), dtype=float64)
nll_grad  cost time: 2.717648506164551
nll_grad  cost time: 2.489119291305542
tf.Tensor(-9183.890498686334, shape=(), dtype=float64)
nll_grad  cost time: 2.5231029987335205
tf.Tensor(-9230.703580063375, shape=(), dtype=float64)
nll_grad  cost time: 2.5590198040008545
tf.Tensor(-9279.729219416433, shape=(), dtype=float64)
nll_grad  cost time: 2.485699415206909
tf.Tensor(-9336.15123419628, shape=(), dtype=float64)
nll_grad  cost time: 2.4889109134674072
tf.Tensor(-9386.555902936656, shape=(), dtype=float64)
nll_grad  cost time: 2.492213010787964
tf.Tensor(-9401.876355807326, shape=(), dtype=float64)
nll_grad  cost time: 2.6092536449432373
tf.Tensor(-9428.650781873584, shape=(), dtype=float64)
nll_grad  cost time: 2.567540407180786
tf.Tensor(-9466.504962118852, shape=(), dtype=float64)
nll_grad  cost time: 2.6328296661376953
tf.Tensor(-9513.356138914489, shape=(), dtype=float64)
nll_grad  cost time: 2.579225540161133
tf.Tensor(-9563.964663561463, shape=(), dtype=float64)
nll_grad  cost time: 2.488102912902832
tf.Tensor(-9578.015912158822, shape=(), dtype=float64)
nll_grad  cost time: 2.530776023864746
tf.Tensor(-9601.034576852864, shape=(), dtype=float64)
nll_grad  cost time: 2.524214506149292
tf.Tensor(-9630.44794765189, shape=(), dtype=float64)
nll_grad  cost time: 2.5557878017425537
tf.Tensor(-9662.692761761558, shape=(), dtype=float64)
nll_grad  cost time: 2.5384693145751953
tf.Tensor(-9700.782101307443, shape=(), dtype=float64)
nll_grad  cost time: 2.610067367553711
tf.Tensor(-9718.989548731493, shape=(), dtype=float64)
nll_grad  cost time: 2.5815963745117188
tf.Tensor(-9742.320007972565, shape=(), dtype=float64)
nll_grad  cost time: 2.4793202877044678
tf.Tensor(-9768.293482964, shape=(), dtype=float64)
nll_grad  cost time: 2.6709587574005127
tf.Tensor(-9802.5669818233, shape=(), dtype=float64)
nll_grad  cost time: 2.5712265968322754
tf.Tensor(-9822.3811112502, shape=(), dtype=float64)
nll_grad  cost time: 2.559943437576294
tf.Tensor(-9844.73282529354, shape=(), dtype=float64)
nll_grad  cost time: 2.5042238235473633
tf.Tensor(-9855.74624202626, shape=(), dtype=float64)
nll_grad  cost time: 2.564929723739624
tf.Tensor(-9870.136973433473, shape=(), dtype=float64)
nll_grad  cost time: 2.545557737350464
tf.Tensor(-9884.80772320673, shape=(), dtype=float64)
nll_grad  cost time: 2.4897642135620117
tf.Tensor(-9907.006382846128, shape=(), dtype=float64)
nll_grad  cost time: 2.5658037662506104
tf.Tensor(-9927.92360276042, shape=(), dtype=float64)
nll_grad  cost time: 2.516887903213501
tf.Tensor(-9948.370911044985, shape=(), dtype=float64)
nll_grad  cost time: 2.602067232131958
tf.Tensor(-9967.14139774903, shape=(), dtype=float64)
nll_grad  cost time: 2.5850961208343506
tf.Tensor(-9984.602990361818, shape=(), dtype=float64)
nll_grad  cost time: 2.589625597000122
tf.Tensor(-9997.278571673436, shape=(), dtype=float64)
nll_grad  cost time: 2.59122633934021
tf.Tensor(-10010.700447366951, shape=(), dtype=float64)
nll_grad  cost time: 2.567682981491089
tf.Tensor(-10024.363381550967, shape=(), dtype=float64)
nll_grad  cost time: 2.60990047454834
tf.Tensor(-10043.481321970947, shape=(), dtype=float64)
nll_grad  cost time: 2.4654178619384766
tf.Tensor(-10063.953559535294, shape=(), dtype=float64)
nll_grad  cost time: 2.621072292327881
tf.Tensor(-10078.863681563162, shape=(), dtype=float64)
nll_grad  cost time: 2.5069315433502197
tf.Tensor(-10089.674574397854, shape=(), dtype=float64)
nll_grad  cost time: 2.4413323402404785
tf.Tensor(-10106.057546211348, shape=(), dtype=float64)
nll_grad  cost time: 2.660292863845825
tf.Tensor(-10124.211749628666, shape=(), dtype=float64)
nll_grad  cost time: 2.482473373413086
tf.Tensor(-10133.399901045064, shape=(), dtype=float64)
nll_grad  cost time: 2.5391814708709717
tf.Tensor(-10144.33863672761, shape=(), dtype=float64)
nll_grad  cost time: 2.4895074367523193
tf.Tensor(-10159.257330286608, shape=(), dtype=float64)
nll_grad  cost time: 2.4920871257781982
tf.Tensor(-10170.87806703987, shape=(), dtype=float64)
nll_grad  cost time: 2.4975180625915527
tf.Tensor(-10188.065016306558, shape=(), dtype=float64)
nll_grad  cost time: 2.5707690715789795
tf.Tensor(-10207.264627728262, shape=(), dtype=float64)
nll_grad  cost time: 2.485809803009033
nll_grad  cost time: 2.3989315032958984
tf.Tensor(-10216.63189866714, shape=(), dtype=float64)
nll_grad  cost time: 2.5721449851989746
tf.Tensor(-10230.316768271805, shape=(), dtype=float64)
nll_grad  cost time: 2.48486328125
tf.Tensor(-10249.064608606015, shape=(), dtype=float64)
nll_grad  cost time: 2.4953372478485107
tf.Tensor(-10255.787047667793, shape=(), dtype=float64)
nll_grad  cost time: 2.5278117656707764
tf.Tensor(-10264.62882625431, shape=(), dtype=float64)
nll_grad  cost time: 2.5227293968200684
tf.Tensor(-10272.812250205941, shape=(), dtype=float64)
nll_grad  cost time: 2.43146014213562
tf.Tensor(-10283.642067065288, shape=(), dtype=float64)
nll_grad  cost time: 2.5778865814208984
tf.Tensor(-10297.419535484121, shape=(), dtype=float64)
nll_grad  cost time: 2.5795764923095703
tf.Tensor(-10309.765484328964, shape=(), dtype=float64)
nll_grad  cost time: 2.5166196823120117
tf.Tensor(-10323.47998784823, shape=(), dtype=float64)
nll_grad  cost time: 2.509552240371704
tf.Tensor(-10327.994684791061, shape=(), dtype=float64)
nll_grad  cost time: 2.5649399757385254
tf.Tensor(-10332.80332176984, shape=(), dtype=float64)
nll_grad  cost time: 2.5980803966522217
tf.Tensor(-10337.87341902664, shape=(), dtype=float64)
nll_grad  cost time: 2.604041576385498
tf.Tensor(-10346.042609892276, shape=(), dtype=float64)
nll_grad  cost time: 2.5438876152038574
tf.Tensor(-10358.7339419208, shape=(), dtype=float64)
nll_grad  cost time: 2.5853431224823
tf.Tensor(-10373.040303333371, shape=(), dtype=float64)
nll_grad  cost time: 2.6706504821777344
tf.Tensor(-10379.214716851988, shape=(), dtype=float64)
nll_grad  cost time: 2.5063581466674805
tf.Tensor(-10387.849255467183, shape=(), dtype=float64)
nll_grad  cost time: 2.5012149810791016
tf.Tensor(-10400.761147331636, shape=(), dtype=float64)
nll_grad  cost time: 2.5102109909057617
tf.Tensor(-10409.866160424732, shape=(), dtype=float64)
nll_grad  cost time: 2.5319554805755615
tf.Tensor(-10419.373836995466, shape=(), dtype=float64)
nll_grad  cost time: 2.6746084690093994
tf.Tensor(-10430.746763718358, shape=(), dtype=float64)
nll_grad  cost time: 2.568876266479492
tf.Tensor(-10441.685454344988, shape=(), dtype=float64)
nll_grad  cost time: 2.4773740768432617
tf.Tensor(-10453.607979951208, shape=(), dtype=float64)
nll_grad  cost time: 2.561857223510742
tf.Tensor(-10462.704962557342, shape=(), dtype=float64)
nll_grad  cost time: 2.4970481395721436
nll_grad  cost time: 2.377800464630127
tf.Tensor(-10467.14649668448, shape=(), dtype=float64)
nll_grad  cost time: 2.4668972492218018
tf.Tensor(-10474.582054965882, shape=(), dtype=float64)
nll_grad  cost time: 2.5447707176208496
tf.Tensor(-10485.067914112878, shape=(), dtype=float64)
nll_grad  cost time: 2.5260138511657715
tf.Tensor(-10491.223908398766, shape=(), dtype=float64)
nll_grad  cost time: 2.4448556900024414
tf.Tensor(-10499.872982541929, shape=(), dtype=float64)
nll_grad  cost time: 2.50887393951416
tf.Tensor(-10509.256132321825, shape=(), dtype=float64)
nll_grad  cost time: 2.504323720932007
tf.Tensor(-10518.732125045397, shape=(), dtype=float64)
nll_grad  cost time: 2.541243314743042
tf.Tensor(-10530.530245376387, shape=(), dtype=float64)
nll_grad  cost time: 2.5495245456695557
tf.Tensor(-10539.916224368164, shape=(), dtype=float64)
nll_grad  cost time: 2.5748960971832275
tf.Tensor(-10542.985736899034, shape=(), dtype=float64)
nll_grad  cost time: 2.5059778690338135
tf.Tensor(-10547.899815804922, shape=(), dtype=float64)
nll_grad  cost time: 2.5987813472747803
tf.Tensor(-10555.39115513589, shape=(), dtype=float64)
nll_grad  cost time: 2.516780376434326
tf.Tensor(-10562.95230595056, shape=(), dtype=float64)
nll_grad  cost time: 2.707244396209717
tf.Tensor(-10573.729187184726, shape=(), dtype=float64)
nll_grad  cost time: 2.404951572418213
tf.Tensor(-10586.26772907404, shape=(), dtype=float64)
nll_grad  cost time: 2.485517740249634
tf.Tensor(-10588.679690308738, shape=(), dtype=float64)
nll_grad  cost time: 2.5430986881256104
tf.Tensor(-10593.068823411784, shape=(), dtype=float64)
nll_grad  cost time: 2.5138676166534424
tf.Tensor(-10599.427354901243, shape=(), dtype=float64)
nll_grad  cost time: 2.44744610786438
tf.Tensor(-10609.919264100754, shape=(), dtype=float64)
nll_grad  cost time: 2.525413751602173
tf.Tensor(-10622.175676922401, shape=(), dtype=float64)
nll_grad  cost time: 2.450063705444336
tf.Tensor(-10637.8389991796, shape=(), dtype=float64)
nll_grad  cost time: 2.59554386138916
tf.Tensor(-10657.117055407813, shape=(), dtype=float64)
nll_grad  cost time: 2.553007125854492
nll_grad  cost time: 2.486823081970215
tf.Tensor(-10666.293351074011, shape=(), dtype=float64)
nll_grad  cost time: 2.5814247131347656
tf.Tensor(-10674.60651912789, shape=(), dtype=float64)
nll_grad  cost time: 2.508960723876953
tf.Tensor(-10683.440305948578, shape=(), dtype=float64)
nll_grad  cost time: 2.5043129920959473
tf.Tensor(-10689.861461885754, shape=(), dtype=float64)
nll_grad  cost time: 2.5206151008605957
tf.Tensor(-10697.881802571545, shape=(), dtype=float64)
nll_grad  cost time: 2.5672385692596436
tf.Tensor(-10707.081501910521, shape=(), dtype=float64)
nll_grad  cost time: 2.494417905807495
tf.Tensor(-10718.835458463887, shape=(), dtype=float64)
nll_grad  cost time: 2.4634130001068115
tf.Tensor(-10722.084943040158, shape=(), dtype=float64)
nll_grad  cost time: 2.4904184341430664
tf.Tensor(-10727.77313998976, shape=(), dtype=float64)
nll_grad  cost time: 2.555837869644165
tf.Tensor(-10735.988644054683, shape=(), dtype=float64)
nll_grad  cost time: 2.4641356468200684
tf.Tensor(-10747.42381202271, shape=(), dtype=float64)
nll_grad  cost time: 2.6647205352783203
nll_grad  cost time: 2.477309226989746
tf.Tensor(-10754.318100507473, shape=(), dtype=float64)
nll_grad  cost time: 2.4861340522766113
tf.Tensor(-10760.190632903992, shape=(), dtype=float64)
nll_grad  cost time: 2.6363093852996826
tf.Tensor(-10766.735072754178, shape=(), dtype=float64)
nll_grad  cost time: 2.452624559402466
tf.Tensor(-10772.455071264878, shape=(), dtype=float64)
nll_grad  cost time: 2.434711217880249
tf.Tensor(-10781.758213076275, shape=(), dtype=float64)
nll_grad  cost time: 2.4340405464172363
tf.Tensor(-10792.500319834959, shape=(), dtype=float64)
nll_grad  cost time: 2.4011359214782715
tf.Tensor(-10802.717137849308, shape=(), dtype=float64)
nll_grad  cost time: 2.459484100341797
tf.Tensor(-10811.121961211014, shape=(), dtype=float64)
nll_grad  cost time: 2.512341022491455
tf.Tensor(-10821.364816924412, shape=(), dtype=float64)
nll_grad  cost time: 2.458811044692993
tf.Tensor(-10830.614576983266, shape=(), dtype=float64)
nll_grad  cost time: 2.469590663909912
tf.Tensor(-10837.902303401424, shape=(), dtype=float64)
nll_grad  cost time: 2.663123846054077
tf.Tensor(-10842.267377382792, shape=(), dtype=float64)
nll_grad  cost time: 2.521052122116089
tf.Tensor(-10848.53663655329, shape=(), dtype=float64)
nll_grad  cost time: 2.565511703491211
tf.Tensor(-10852.834037049135, shape=(), dtype=float64)
nll_grad  cost time: 2.506261110305786
tf.Tensor(-10858.5022580593, shape=(), dtype=float64)
nll_grad  cost time: 2.547471284866333
tf.Tensor(-10862.331205501912, shape=(), dtype=float64)
nll_grad  cost time: 2.553821086883545
tf.Tensor(-10866.018551276145, shape=(), dtype=float64)
nll_grad  cost time: 2.5682103633880615
tf.Tensor(-10869.53684583403, shape=(), dtype=float64)
nll_grad  cost time: 2.4899091720581055
tf.Tensor(-10872.307326427253, shape=(), dtype=float64)
nll_grad  cost time: 2.5652427673339844
tf.Tensor(-10876.03771250348, shape=(), dtype=float64)
nll_grad  cost time: 2.582042932510376
tf.Tensor(-10879.369961974357, shape=(), dtype=float64)
nll_grad  cost time: 2.5627448558807373
tf.Tensor(-10883.183725515257, shape=(), dtype=float64)
nll_grad  cost time: 2.569324254989624
tf.Tensor(-10886.750323461558, shape=(), dtype=float64)
nll_grad  cost time: 2.674582004547119
tf.Tensor(-10889.206296467877, shape=(), dtype=float64)
nll_grad  cost time: 2.63490629196167
tf.Tensor(-10892.684640031817, shape=(), dtype=float64)
nll_grad  cost time: 2.6491687297821045
tf.Tensor(-10896.642537217362, shape=(), dtype=float64)
nll_grad  cost time: 2.625945806503296
tf.Tensor(-10900.79313160749, shape=(), dtype=float64)
nll_grad  cost time: 2.5416483879089355
tf.Tensor(-10902.574961616352, shape=(), dtype=float64)
nll_grad  cost time: 2.799386739730835
tf.Tensor(-10905.256025128372, shape=(), dtype=float64)
nll_grad  cost time: 2.5636508464813232
tf.Tensor(-10908.811064204194, shape=(), dtype=float64)
nll_grad  cost time: 2.5431089401245117
tf.Tensor(-10910.875476113084, shape=(), dtype=float64)
nll_grad  cost time: 2.5471038818359375
tf.Tensor(-10913.781488789122, shape=(), dtype=float64)
nll_grad  cost time: 2.5553507804870605
tf.Tensor(-10917.365662889519, shape=(), dtype=float64)
nll_grad  cost time: 2.4919140338897705
tf.Tensor(-10920.980649529345, shape=(), dtype=float64)
nll_grad  cost time: 2.5297677516937256
tf.Tensor(-10923.112466952836, shape=(), dtype=float64)
nll_grad  cost time: 2.5193188190460205
tf.Tensor(-10926.175221019672, shape=(), dtype=float64)
nll_grad  cost time: 2.5386228561401367
tf.Tensor(-10929.989211841625, shape=(), dtype=float64)
nll_grad  cost time: 2.5383460521698
tf.Tensor(-10931.954777945786, shape=(), dtype=float64)
nll_grad  cost time: 2.4940264225006104
tf.Tensor(-10934.2489710269, shape=(), dtype=float64)
nll_grad  cost time: 2.491462469100952
tf.Tensor(-10935.78866569609, shape=(), dtype=float64)
nll_grad  cost time: 2.502133369445801
tf.Tensor(-10936.582030722784, shape=(), dtype=float64)
nll_grad  cost time: 2.479414701461792
tf.Tensor(-10937.80685591908, shape=(), dtype=float64)
nll_grad  cost time: 2.478908061981201
tf.Tensor(-10939.437903887898, shape=(), dtype=float64)
nll_grad  cost time: 2.5521481037139893
tf.Tensor(-10940.594858895252, shape=(), dtype=float64)
nll_grad  cost time: 2.5747902393341064
tf.Tensor(-10942.169437085613, shape=(), dtype=float64)
nll_grad  cost time: 2.5236005783081055
tf.Tensor(-10943.918402798896, shape=(), dtype=float64)
nll_grad  cost time: 2.6270077228546143
tf.Tensor(-10945.833408378981, shape=(), dtype=float64)
nll_grad  cost time: 2.5013978481292725
tf.Tensor(-10948.04703215597, shape=(), dtype=float64)
nll_grad  cost time: 2.5418190956115723
tf.Tensor(-10948.801270168442, shape=(), dtype=float64)
nll_grad  cost time: 2.6732571125030518
tf.Tensor(-10950.081935943344, shape=(), dtype=float64)
nll_grad  cost time: 2.4960663318634033
tf.Tensor(-10951.987852587641, shape=(), dtype=float64)
nll_grad  cost time: 2.513171672821045
tf.Tensor(-10954.013293391916, shape=(), dtype=float64)
nll_grad  cost time: 2.438272476196289
nll_grad  cost time: 2.4549620151519775
tf.Tensor(-10955.034170730825, shape=(), dtype=float64)
nll_grad  cost time: 2.514955759048462
tf.Tensor(-10956.403665127596, shape=(), dtype=float64)
nll_grad  cost time: 2.5435075759887695
tf.Tensor(-10958.040076292913, shape=(), dtype=float64)
nll_grad  cost time: 2.606038808822632
tf.Tensor(-10958.707961529966, shape=(), dtype=float64)
nll_grad  cost time: 2.553230047225952
tf.Tensor(-10959.675881273855, shape=(), dtype=float64)
nll_grad  cost time: 2.596247673034668
tf.Tensor(-10960.879604096983, shape=(), dtype=float64)
nll_grad  cost time: 2.542330026626587
tf.Tensor(-10961.471846901106, shape=(), dtype=float64)
nll_grad  cost time: 2.5331435203552246
tf.Tensor(-10962.451208357998, shape=(), dtype=float64)
nll_grad  cost time: 2.5078558921813965
tf.Tensor(-10963.921086690556, shape=(), dtype=float64)
nll_grad  cost time: 2.463711977005005
tf.Tensor(-10965.417691716677, shape=(), dtype=float64)
nll_grad  cost time: 2.441749095916748
tf.Tensor(-10966.286804736395, shape=(), dtype=float64)
nll_grad  cost time: 2.5324301719665527
tf.Tensor(-10967.626562099133, shape=(), dtype=float64)
nll_grad  cost time: 2.535923480987549
tf.Tensor(-10969.63196294741, shape=(), dtype=float64)
nll_grad  cost time: 2.5817105770111084
tf.Tensor(-10971.88518638067, shape=(), dtype=float64)
nll_grad  cost time: 2.6607425212860107
tf.Tensor(-10972.124906452955, shape=(), dtype=float64)
nll_grad  cost time: 2.5887763500213623
tf.Tensor(-10972.575464955342, shape=(), dtype=float64)
nll_grad  cost time: 2.5632741451263428
tf.Tensor(-10973.385981525178, shape=(), dtype=float64)
nll_grad  cost time: 2.5776243209838867
tf.Tensor(-10974.734904105164, shape=(), dtype=float64)
nll_grad  cost time: 2.6005048751831055
tf.Tensor(-10976.540632026983, shape=(), dtype=float64)
nll_grad  cost time: 2.6116013526916504
tf.Tensor(-10977.675324477765, shape=(), dtype=float64)
nll_grad  cost time: 2.676420211791992
tf.Tensor(-10978.724475940478, shape=(), dtype=float64)
nll_grad  cost time: 2.610347270965576
tf.Tensor(-10979.51713436302, shape=(), dtype=float64)
nll_grad  cost time: 2.5528793334960938
tf.Tensor(-10980.506413097588, shape=(), dtype=float64)
nll_grad  cost time: 2.5682995319366455
tf.Tensor(-10981.361815949364, shape=(), dtype=float64)
nll_grad  cost time: 2.602604627609253
tf.Tensor(-10981.993359010034, shape=(), dtype=float64)
nll_grad  cost time: 2.553011178970337
tf.Tensor(-10982.76493192972, shape=(), dtype=float64)
nll_grad  cost time: 2.5308048725128174
tf.Tensor(-10983.85266774775, shape=(), dtype=float64)
nll_grad  cost time: 2.4912333488464355
tf.Tensor(-10985.403777835229, shape=(), dtype=float64)
nll_grad  cost time: 2.5628459453582764
tf.Tensor(-10986.984706627234, shape=(), dtype=float64)
nll_grad  cost time: 2.686431646347046
tf.Tensor(-10988.031390202908, shape=(), dtype=float64)
nll_grad  cost time: 2.5505661964416504
tf.Tensor(-10989.350163713447, shape=(), dtype=float64)
nll_grad  cost time: 2.5479249954223633
tf.Tensor(-10990.674518269698, shape=(), dtype=float64)
nll_grad  cost time: 2.4962775707244873
tf.Tensor(-10991.430631451585, shape=(), dtype=float64)
nll_grad  cost time: 2.590336322784424
tf.Tensor(-10992.395075289489, shape=(), dtype=float64)
nll_grad  cost time: 2.604081630706787
tf.Tensor(-10993.786271577505, shape=(), dtype=float64)
nll_grad  cost time: 2.5600180625915527
tf.Tensor(-10995.012004937722, shape=(), dtype=float64)
nll_grad  cost time: 2.549830436706543
nll_grad  cost time: 2.56805682182312
tf.Tensor(-10995.697320800966, shape=(), dtype=float64)
nll_grad  cost time: 2.558988571166992
tf.Tensor(-10996.394345310073, shape=(), dtype=float64)
nll_grad  cost time: 2.511312961578369
tf.Tensor(-10997.025014966297, shape=(), dtype=float64)
nll_grad  cost time: 2.5479462146759033
tf.Tensor(-10997.565188919907, shape=(), dtype=float64)
nll_grad  cost time: 2.616499662399292
tf.Tensor(-10998.241726086097, shape=(), dtype=float64)
nll_grad  cost time: 2.5514752864837646
tf.Tensor(-10998.879117164477, shape=(), dtype=float64)
nll_grad  cost time: 2.648948907852173
tf.Tensor(-10999.512108435156, shape=(), dtype=float64)
nll_grad  cost time: 2.5435304641723633
tf.Tensor(-11000.293539578372, shape=(), dtype=float64)
nll_grad  cost time: 2.584920883178711
tf.Tensor(-11000.871161840463, shape=(), dtype=float64)
nll_grad  cost time: 2.598544120788574
tf.Tensor(-11001.442349631077, shape=(), dtype=float64)
nll_grad  cost time: 2.5462584495544434
tf.Tensor(-11002.042392530544, shape=(), dtype=float64)
nll_grad  cost time: 2.550783157348633
tf.Tensor(-11002.33031831617, shape=(), dtype=float64)
nll_grad  cost time: 2.5301125049591064
tf.Tensor(-11002.745262622375, shape=(), dtype=float64)
nll_grad  cost time: 2.618609666824341
tf.Tensor(-11003.31803242951, shape=(), dtype=float64)
nll_grad  cost time: 2.6155431270599365
tf.Tensor(-11003.859353989312, shape=(), dtype=float64)
nll_grad  cost time: 2.8346872329711914
tf.Tensor(-11004.280937882235, shape=(), dtype=float64)
nll_grad  cost time: 2.7354483604431152
tf.Tensor(-11004.642878441584, shape=(), dtype=float64)
nll_grad  cost time: 2.7919843196868896
tf.Tensor(-11005.039989405741, shape=(), dtype=float64)
nll_grad  cost time: 2.7255303859710693
tf.Tensor(-11005.339393251794, shape=(), dtype=float64)
nll_grad  cost time: 2.6134982109069824
tf.Tensor(-11005.58238493678, shape=(), dtype=float64)
nll_grad  cost time: 2.652921199798584
tf.Tensor(-11005.883106848836, shape=(), dtype=float64)
nll_grad  cost time: 2.6647467613220215
tf.Tensor(-11006.170397520007, shape=(), dtype=float64)
nll_grad  cost time: 2.8989455699920654
tf.Tensor(-11006.428881791042, shape=(), dtype=float64)
nll_grad  cost time: 2.7840709686279297
tf.Tensor(-11006.716267731252, shape=(), dtype=float64)
nll_grad  cost time: 2.715418815612793
tf.Tensor(-11007.037746009148, shape=(), dtype=float64)
nll_grad  cost time: 2.739025115966797
tf.Tensor(-11007.329221618493, shape=(), dtype=float64)
nll_grad  cost time: 2.87904953956604
tf.Tensor(-11007.684662346881, shape=(), dtype=float64)
nll_grad  cost time: 2.8452892303466797
tf.Tensor(-11008.078967703848, shape=(), dtype=float64)
nll_grad  cost time: 3.0886106491088867
tf.Tensor(-11008.413270085548, shape=(), dtype=float64)
nll_grad  cost time: 2.6594605445861816
tf.Tensor(-11008.761331087866, shape=(), dtype=float64)
nll_grad  cost time: 2.8309361934661865
tf.Tensor(-11009.116975195939, shape=(), dtype=float64)
nll_grad  cost time: 2.7665278911590576
tf.Tensor(-11009.408239561373, shape=(), dtype=float64)
nll_grad  cost time: 2.8298139572143555
tf.Tensor(-11009.696152698983, shape=(), dtype=float64)
nll_grad  cost time: 2.7457776069641113
tf.Tensor(-11010.067282562115, shape=(), dtype=float64)
nll_grad  cost time: 2.7224924564361572
tf.Tensor(-11010.507638931631, shape=(), dtype=float64)
nll_grad  cost time: 2.743997812271118
tf.Tensor(-11011.090463827466, shape=(), dtype=float64)
nll_grad  cost time: 2.8429744243621826
tf.Tensor(-11011.770178686362, shape=(), dtype=float64)
nll_grad  cost time: 2.762150287628174
tf.Tensor(-11012.361105375894, shape=(), dtype=float64)
nll_grad  cost time: 2.725764036178589
tf.Tensor(-11013.059690943657, shape=(), dtype=float64)
nll_grad  cost time: 2.744283437728882
tf.Tensor(-11013.772022263242, shape=(), dtype=float64)
nll_grad  cost time: 2.6671900749206543
tf.Tensor(-11014.235306669201, shape=(), dtype=float64)
nll_grad  cost time: 2.6192009449005127
tf.Tensor(-11014.76320788644, shape=(), dtype=float64)
nll_grad  cost time: 2.578974485397339
tf.Tensor(-11015.303997545372, shape=(), dtype=float64)
nll_grad  cost time: 2.5616865158081055
tf.Tensor(-11015.855700009255, shape=(), dtype=float64)
nll_grad  cost time: 2.508815050125122
tf.Tensor(-11016.245796264651, shape=(), dtype=float64)
nll_grad  cost time: 2.5556046962738037
tf.Tensor(-11016.552290487554, shape=(), dtype=float64)
nll_grad  cost time: 2.5103683471679688
tf.Tensor(-11016.797984920508, shape=(), dtype=float64)
nll_grad  cost time: 2.454058885574341
tf.Tensor(-11016.992364190955, shape=(), dtype=float64)
nll_grad  cost time: 2.623167037963867
tf.Tensor(-11017.122597980197, shape=(), dtype=float64)
nll_grad  cost time: 2.520325183868408
tf.Tensor(-11017.251791493254, shape=(), dtype=float64)
nll_grad  cost time: 2.630354166030884
tf.Tensor(-11017.43006503849, shape=(), dtype=float64)
nll_grad  cost time: 2.717571973800659
tf.Tensor(-11017.632211028838, shape=(), dtype=float64)
nll_grad  cost time: 2.672553300857544
tf.Tensor(-11017.825031545515, shape=(), dtype=float64)
nll_grad  cost time: 2.6158103942871094
tf.Tensor(-11018.035198410224, shape=(), dtype=float64)
nll_grad  cost time: 2.531445264816284
tf.Tensor(-11018.184721135949, shape=(), dtype=float64)
nll_grad  cost time: 2.637477159500122
tf.Tensor(-11018.289640504692, shape=(), dtype=float64)
nll_grad  cost time: 2.734527111053467
tf.Tensor(-11018.396982616396, shape=(), dtype=float64)
nll_grad  cost time: 2.5276386737823486
tf.Tensor(-11018.56115195011, shape=(), dtype=float64)
nll_grad  cost time: 2.535562753677368
tf.Tensor(-11018.795652675413, shape=(), dtype=float64)
nll_grad  cost time: 2.7125961780548096
tf.Tensor(-11019.04434998535, shape=(), dtype=float64)
nll_grad  cost time: 2.5757217407226562
tf.Tensor(-11019.30809472077, shape=(), dtype=float64)
nll_grad  cost time: 2.6522445678710938
tf.Tensor(-11019.591751604865, shape=(), dtype=float64)
nll_grad  cost time: 2.7991132736206055
tf.Tensor(-11019.847624943053, shape=(), dtype=float64)
nll_grad  cost time: 2.7220911979675293
tf.Tensor(-11020.051696569608, shape=(), dtype=float64)
nll_grad  cost time: 2.6275148391723633
tf.Tensor(-11020.223296249213, shape=(), dtype=float64)
nll_grad  cost time: 2.6473398208618164
tf.Tensor(-11020.376442430621, shape=(), dtype=float64)
nll_grad  cost time: 2.7300660610198975
tf.Tensor(-11020.501652643776, shape=(), dtype=float64)
nll_grad  cost time: 2.6006031036376953
tf.Tensor(-11020.610966664775, shape=(), dtype=float64)
nll_grad  cost time: 2.653503656387329
tf.Tensor(-11020.693019563434, shape=(), dtype=float64)
nll_grad  cost time: 2.7262651920318604
tf.Tensor(-11020.746368733046, shape=(), dtype=float64)
nll_grad  cost time: 2.648574113845825
tf.Tensor(-11020.801808984252, shape=(), dtype=float64)
nll_grad  cost time: 2.502490282058716
tf.Tensor(-11020.862275499618, shape=(), dtype=float64)
nll_grad  cost time: 2.669553518295288
tf.Tensor(-11020.941930275956, shape=(), dtype=float64)
nll_grad  cost time: 2.7915008068084717
tf.Tensor(-11021.007956453941, shape=(), dtype=float64)
nll_grad  cost time: 2.5927345752716064
tf.Tensor(-11021.06341900536, shape=(), dtype=float64)
nll_grad  cost time: 2.5860278606414795
tf.Tensor(-11021.126119312932, shape=(), dtype=float64)
nll_grad  cost time: 2.5409324169158936
tf.Tensor(-11021.186952695825, shape=(), dtype=float64)
nll_grad  cost time: 2.6107916831970215
tf.Tensor(-11021.241566653363, shape=(), dtype=float64)
nll_grad  cost time: 2.5603036880493164
tf.Tensor(-11021.302948471348, shape=(), dtype=float64)
nll_grad  cost time: 2.973459243774414
tf.Tensor(-11021.381057070066, shape=(), dtype=float64)
nll_grad  cost time: 2.6054739952087402
tf.Tensor(-11021.450876672883, shape=(), dtype=float64)
nll_grad  cost time: 2.524958372116089
tf.Tensor(-11021.511683081888, shape=(), dtype=float64)
nll_grad  cost time: 2.5763652324676514
tf.Tensor(-11021.571998453663, shape=(), dtype=float64)
nll_grad  cost time: 2.510956287384033
tf.Tensor(-11021.6362488351, shape=(), dtype=float64)
nll_grad  cost time: 2.5030734539031982
tf.Tensor(-11021.694359938847, shape=(), dtype=float64)
nll_grad  cost time: 2.49539852142334
tf.Tensor(-11021.766356482549, shape=(), dtype=float64)
nll_grad  cost time: 2.5755510330200195
tf.Tensor(-11021.831744669915, shape=(), dtype=float64)
nll_grad  cost time: 2.546813726425171
tf.Tensor(-11021.889458496, shape=(), dtype=float64)
nll_grad  cost time: 2.5026309490203857
tf.Tensor(-11021.936172001624, shape=(), dtype=float64)
nll_grad  cost time: 2.5437064170837402
tf.Tensor(-11021.974727222114, shape=(), dtype=float64)
nll_grad  cost time: 2.494922161102295
tf.Tensor(-11022.015012092786, shape=(), dtype=float64)
nll_grad  cost time: 2.518491744995117
tf.Tensor(-11022.062279722704, shape=(), dtype=float64)
nll_grad  cost time: 2.5019166469573975
tf.Tensor(-11022.104485829514, shape=(), dtype=float64)
nll_grad  cost time: 2.6607906818389893
tf.Tensor(-11022.132956528527, shape=(), dtype=float64)
nll_grad  cost time: 2.6797547340393066
tf.Tensor(-11022.157257896106, shape=(), dtype=float64)
nll_grad  cost time: 2.533945083618164
tf.Tensor(-11022.18520976109, shape=(), dtype=float64)
nll_grad  cost time: 2.5697884559631348
tf.Tensor(-11022.222732871422, shape=(), dtype=float64)
nll_grad  cost time: 2.5285377502441406
tf.Tensor(-11022.25791184698, shape=(), dtype=float64)
nll_grad  cost time: 2.558220386505127
tf.Tensor(-11022.284632063864, shape=(), dtype=float64)
nll_grad  cost time: 2.541994333267212
tf.Tensor(-11022.304682950577, shape=(), dtype=float64)
nll_grad  cost time: 2.6952743530273438
tf.Tensor(-11022.322401374076, shape=(), dtype=float64)
nll_grad  cost time: 2.6417129039764404
tf.Tensor(-11022.340282449513, shape=(), dtype=float64)
nll_grad  cost time: 2.647808313369751
tf.Tensor(-11022.359983408016, shape=(), dtype=float64)
nll_grad  cost time: 2.575896978378296
tf.Tensor(-11022.382014284027, shape=(), dtype=float64)
nll_grad  cost time: 2.612837314605713
tf.Tensor(-11022.404714047574, shape=(), dtype=float64)
nll_grad  cost time: 2.5442404747009277
tf.Tensor(-11022.42466124516, shape=(), dtype=float64)
nll_grad  cost time: 2.5369982719421387
tf.Tensor(-11022.441552842422, shape=(), dtype=float64)
nll_grad  cost time: 2.487095355987549
tf.Tensor(-11022.45494471355, shape=(), dtype=float64)
nll_grad  cost time: 2.560483455657959
tf.Tensor(-11022.465835680203, shape=(), dtype=float64)
nll_grad  cost time: 2.5926809310913086
tf.Tensor(-11022.47581216057, shape=(), dtype=float64)
nll_grad  cost time: 2.5907468795776367
tf.Tensor(-11022.485357841535, shape=(), dtype=float64)
nll_grad  cost time: 2.561443328857422
tf.Tensor(-11022.49562245232, shape=(), dtype=float64)
nll_grad  cost time: 2.6156444549560547
tf.Tensor(-11022.506439657773, shape=(), dtype=float64)
nll_grad  cost time: 2.567540407180786
tf.Tensor(-11022.518005125487, shape=(), dtype=float64)
nll_grad  cost time: 2.5686240196228027
tf.Tensor(-11022.52977042435, shape=(), dtype=float64)
nll_grad  cost time: 2.5198423862457275
tf.Tensor(-11022.541253805255, shape=(), dtype=float64)
nll_grad  cost time: 2.495948076248169
tf.Tensor(-11022.55279943125, shape=(), dtype=float64)
nll_grad  cost time: 2.6672849655151367
tf.Tensor(-11022.565559669543, shape=(), dtype=float64)
nll_grad  cost time: 2.4840848445892334
tf.Tensor(-11022.579165320334, shape=(), dtype=float64)
nll_grad  cost time: 2.5729427337646484
tf.Tensor(-11022.592879572527, shape=(), dtype=float64)
nll_grad  cost time: 2.554691791534424
tf.Tensor(-11022.604441262418, shape=(), dtype=float64)
nll_grad  cost time: 2.5178890228271484
tf.Tensor(-11022.6152005935, shape=(), dtype=float64)
nll_grad  cost time: 2.538846969604492
tf.Tensor(-11022.628261677979, shape=(), dtype=float64)
nll_grad  cost time: 2.5675034523010254
tf.Tensor(-11022.643103092458, shape=(), dtype=float64)
nll_grad  cost time: 2.602588653564453
tf.Tensor(-11022.658380016619, shape=(), dtype=float64)
nll_grad  cost time: 2.6156113147735596
tf.Tensor(-11022.67323075347, shape=(), dtype=float64)
nll_grad  cost time: 2.6780850887298584
tf.Tensor(-11022.687748291355, shape=(), dtype=float64)
nll_grad  cost time: 2.6015634536743164
tf.Tensor(-11022.701625163281, shape=(), dtype=float64)
nll_grad  cost time: 2.6596274375915527
tf.Tensor(-11022.712954962502, shape=(), dtype=float64)
nll_grad  cost time: 2.6041953563690186
tf.Tensor(-11022.722421221435, shape=(), dtype=float64)
nll_grad  cost time: 2.552154541015625
tf.Tensor(-11022.73097979198, shape=(), dtype=float64)
nll_grad  cost time: 2.6220970153808594
tf.Tensor(-11022.740142548952, shape=(), dtype=float64)
nll_grad  cost time: 2.6781837940216064
tf.Tensor(-11022.748570179712, shape=(), dtype=float64)
nll_grad  cost time: 2.6276845932006836
tf.Tensor(-11022.757276554912, shape=(), dtype=float64)
nll_grad  cost time: 2.6248831748962402
tf.Tensor(-11022.766424986992, shape=(), dtype=float64)
nll_grad  cost time: 2.6384999752044678
tf.Tensor(-11022.776606416628, shape=(), dtype=float64)
nll_grad  cost time: 2.495232343673706
tf.Tensor(-11022.787633232052, shape=(), dtype=float64)
nll_grad  cost time: 2.6440069675445557
tf.Tensor(-11022.799812515354, shape=(), dtype=float64)
nll_grad  cost time: 2.5568957328796387
tf.Tensor(-11022.813226949496, shape=(), dtype=float64)
nll_grad  cost time: 2.5481998920440674
tf.Tensor(-11022.826776861715, shape=(), dtype=float64)
nll_grad  cost time: 2.7985944747924805
tf.Tensor(-11022.837986975945, shape=(), dtype=float64)
nll_grad  cost time: 2.522376775741577
tf.Tensor(-11022.84617471198, shape=(), dtype=float64)
nll_grad  cost time: 2.5728440284729004
tf.Tensor(-11022.853658145628, shape=(), dtype=float64)
nll_grad  cost time: 2.800248384475708
tf.Tensor(-11022.862938157581, shape=(), dtype=float64)
nll_grad  cost time: 2.557582139968872
tf.Tensor(-11022.87678766586, shape=(), dtype=float64)
nll_grad  cost time: 2.5933871269226074
tf.Tensor(-11022.891099915614, shape=(), dtype=float64)
nll_grad  cost time: 2.637322187423706
tf.Tensor(-11022.905974911351, shape=(), dtype=float64)
nll_grad  cost time: 2.544503927230835
tf.Tensor(-11022.92484503601, shape=(), dtype=float64)
nll_grad  cost time: 2.5135066509246826
tf.Tensor(-11022.944045779761, shape=(), dtype=float64)
nll_grad  cost time: 2.521775245666504
tf.Tensor(-11022.960634350733, shape=(), dtype=float64)
nll_grad  cost time: 2.567089796066284
tf.Tensor(-11022.97426237689, shape=(), dtype=float64)
nll_grad  cost time: 2.68744158744812
tf.Tensor(-11022.988224620465, shape=(), dtype=float64)
nll_grad  cost time: 2.5439624786376953
tf.Tensor(-11023.006941559419, shape=(), dtype=float64)
nll_grad  cost time: 2.5952370166778564
tf.Tensor(-11023.034309377152, shape=(), dtype=float64)
nll_grad  cost time: 2.5642666816711426
tf.Tensor(-11023.057256990855, shape=(), dtype=float64)
nll_grad  cost time: 2.6408042907714844
tf.Tensor(-11023.072533082319, shape=(), dtype=float64)
nll_grad  cost time: 2.574878692626953
tf.Tensor(-11023.086046554534, shape=(), dtype=float64)
nll_grad  cost time: 2.5011801719665527
tf.Tensor(-11023.09797830887, shape=(), dtype=float64)
nll_grad  cost time: 2.574397325515747
tf.Tensor(-11023.109907431412, shape=(), dtype=float64)
nll_grad  cost time: 2.5884363651275635
tf.Tensor(-11023.122237694217, shape=(), dtype=float64)
nll_grad  cost time: 2.5856873989105225
tf.Tensor(-11023.13646242518, shape=(), dtype=float64)
nll_grad  cost time: 2.5577704906463623
tf.Tensor(-11023.15619731904, shape=(), dtype=float64)
nll_grad  cost time: 2.5657284259796143
tf.Tensor(-11023.182388902242, shape=(), dtype=float64)
nll_grad  cost time: 2.615830183029175
tf.Tensor(-11023.201354359553, shape=(), dtype=float64)
nll_grad  cost time: 2.4865705966949463
tf.Tensor(-11023.216695822448, shape=(), dtype=float64)
nll_grad  cost time: 2.5259597301483154
tf.Tensor(-11023.2327601687, shape=(), dtype=float64)
nll_grad  cost time: 2.7542941570281982
tf.Tensor(-11023.247612091807, shape=(), dtype=float64)
nll_grad  cost time: 2.567741632461548
tf.Tensor(-11023.262351193756, shape=(), dtype=float64)
nll_grad  cost time: 2.6944730281829834
tf.Tensor(-11023.274320794568, shape=(), dtype=float64)
nll_grad  cost time: 2.538012981414795
tf.Tensor(-11023.285903074582, shape=(), dtype=float64)
nll_grad  cost time: 2.5918545722961426
tf.Tensor(-11023.298093082136, shape=(), dtype=float64)
nll_grad  cost time: 2.5196051597595215
tf.Tensor(-11023.315560764066, shape=(), dtype=float64)
nll_grad  cost time: 2.5711379051208496
tf.Tensor(-11023.334775995681, shape=(), dtype=float64)
nll_grad  cost time: 2.5117924213409424
tf.Tensor(-11023.356428776562, shape=(), dtype=float64)
nll_grad  cost time: 2.5644655227661133
tf.Tensor(-11023.378376571367, shape=(), dtype=float64)
nll_grad  cost time: 2.5534980297088623
tf.Tensor(-11023.398287280186, shape=(), dtype=float64)
nll_grad  cost time: 2.512151002883911
tf.Tensor(-11023.417988894354, shape=(), dtype=float64)
nll_grad  cost time: 2.5962159633636475
tf.Tensor(-11023.438697023004, shape=(), dtype=float64)
nll_grad  cost time: 2.591721296310425
tf.Tensor(-11023.458776018728, shape=(), dtype=float64)
nll_grad  cost time: 2.6967952251434326
tf.Tensor(-11023.479860744163, shape=(), dtype=float64)
nll_grad  cost time: 2.562892436981201
tf.Tensor(-11023.500997878626, shape=(), dtype=float64)
nll_grad  cost time: 2.5765864849090576
tf.Tensor(-11023.522825547414, shape=(), dtype=float64)
nll_grad  cost time: 2.5564048290252686
tf.Tensor(-11023.54239619738, shape=(), dtype=float64)
nll_grad  cost time: 2.5912060737609863
tf.Tensor(-11023.562589481582, shape=(), dtype=float64)
nll_grad  cost time: 2.540776252746582
tf.Tensor(-11023.585207829274, shape=(), dtype=float64)
nll_grad  cost time: 2.5600271224975586
tf.Tensor(-11023.616143580803, shape=(), dtype=float64)
nll_grad  cost time: 2.590161085128784
tf.Tensor(-11023.655111208267, shape=(), dtype=float64)
nll_grad  cost time: 2.4869673252105713
tf.Tensor(-11023.702192254044, shape=(), dtype=float64)
nll_grad  cost time: 2.5667922496795654
tf.Tensor(-11023.757209802869, shape=(), dtype=float64)
nll_grad  cost time: 2.8354594707489014
tf.Tensor(-11023.814125662175, shape=(), dtype=float64)
nll_grad  cost time: 2.5954806804656982
tf.Tensor(-11023.86433284694, shape=(), dtype=float64)
nll_grad  cost time: 2.599065065383911
tf.Tensor(-11023.89798241407, shape=(), dtype=float64)
nll_grad  cost time: 2.6301488876342773
tf.Tensor(-11023.914832282506, shape=(), dtype=float64)
nll_grad  cost time: 2.5838844776153564
tf.Tensor(-11023.936898402375, shape=(), dtype=float64)
nll_grad  cost time: 2.8505592346191406
tf.Tensor(-11023.959135172692, shape=(), dtype=float64)
nll_grad  cost time: 2.5687081813812256
tf.Tensor(-11023.98280182854, shape=(), dtype=float64)
nll_grad  cost time: 2.577341079711914
tf.Tensor(-11024.012709899514, shape=(), dtype=float64)
nll_grad  cost time: 2.61757755279541
tf.Tensor(-11024.036777712841, shape=(), dtype=float64)
nll_grad  cost time: 2.5504560470581055
tf.Tensor(-11024.060818736602, shape=(), dtype=float64)
nll_grad  cost time: 2.480168581008911
tf.Tensor(-11024.087134232475, shape=(), dtype=float64)
nll_grad  cost time: 2.459728717803955
tf.Tensor(-11024.109840366553, shape=(), dtype=float64)
nll_grad  cost time: 2.5248756408691406
tf.Tensor(-11024.131362124172, shape=(), dtype=float64)
nll_grad  cost time: 2.489490509033203
tf.Tensor(-11024.153466884869, shape=(), dtype=float64)
nll_grad  cost time: 2.5235848426818848
tf.Tensor(-11024.178799842426, shape=(), dtype=float64)
nll_grad  cost time: 2.5433332920074463
tf.Tensor(-11024.199389228444, shape=(), dtype=float64)
nll_grad  cost time: 2.533190965652466
tf.Tensor(-11024.220670974471, shape=(), dtype=float64)
nll_grad  cost time: 2.5755724906921387
tf.Tensor(-11024.240128135098, shape=(), dtype=float64)
nll_grad  cost time: 2.580688953399658
tf.Tensor(-11024.259996620167, shape=(), dtype=float64)
nll_grad  cost time: 2.5999436378479004
tf.Tensor(-11024.277408279755, shape=(), dtype=float64)
nll_grad  cost time: 2.548490285873413
tf.Tensor(-11024.296825136022, shape=(), dtype=float64)
nll_grad  cost time: 2.5125880241394043
tf.Tensor(-11024.313329870201, shape=(), dtype=float64)
nll_grad  cost time: 2.569237232208252
tf.Tensor(-11024.333393930188, shape=(), dtype=float64)
nll_grad  cost time: 2.658003568649292
tf.Tensor(-11024.350342723526, shape=(), dtype=float64)
nll_grad  cost time: 2.5190212726593018
tf.Tensor(-11024.368805484955, shape=(), dtype=float64)
nll_grad  cost time: 2.485276937484741
tf.Tensor(-11024.393934095147, shape=(), dtype=float64)
nll_grad  cost time: 2.579396963119507
tf.Tensor(-11024.424572236538, shape=(), dtype=float64)
nll_grad  cost time: 2.572948455810547
tf.Tensor(-11024.460184835101, shape=(), dtype=float64)
nll_grad  cost time: 2.5189244747161865
tf.Tensor(-11024.501474828881, shape=(), dtype=float64)
nll_grad  cost time: 2.5365424156188965
tf.Tensor(-11024.548299590715, shape=(), dtype=float64)
nll_grad  cost time: 2.5406458377838135
tf.Tensor(-11024.572785165525, shape=(), dtype=float64)
nll_grad  cost time: 2.5446252822875977
tf.Tensor(-11024.613329520682, shape=(), dtype=float64)
nll_grad  cost time: 2.5822269916534424
tf.Tensor(-11024.675547125007, shape=(), dtype=float64)
nll_grad  cost time: 2.4866976737976074
tf.Tensor(-11024.740841843406, shape=(), dtype=float64)
nll_grad  cost time: 2.4381558895111084
tf.Tensor(-11024.770866659557, shape=(), dtype=float64)
nll_grad  cost time: 2.531724691390991
tf.Tensor(-11024.799253334204, shape=(), dtype=float64)
nll_grad  cost time: 2.591480016708374
tf.Tensor(-11024.836210647358, shape=(), dtype=float64)
nll_grad  cost time: 2.506488561630249
tf.Tensor(-11024.88278064783, shape=(), dtype=float64)
nll_grad  cost time: 2.5011072158813477
tf.Tensor(-11024.943472200881, shape=(), dtype=float64)
nll_grad  cost time: 2.538161277770996
tf.Tensor(-11025.005944761826, shape=(), dtype=float64)
nll_grad  cost time: 2.5108582973480225
tf.Tensor(-11025.080853070278, shape=(), dtype=float64)
nll_grad  cost time: 2.4946787357330322
tf.Tensor(-11025.153094780508, shape=(), dtype=float64)
nll_grad  cost time: 2.522947072982788
tf.Tensor(-11025.171809990112, shape=(), dtype=float64)
nll_grad  cost time: 2.5982284545898438
tf.Tensor(-11025.205821602547, shape=(), dtype=float64)
nll_grad  cost time: 2.689152956008911
tf.Tensor(-11025.264102053668, shape=(), dtype=float64)
nll_grad  cost time: 2.526925563812256
tf.Tensor(-11025.311984807086, shape=(), dtype=float64)
nll_grad  cost time: 2.5837807655334473
tf.Tensor(-11025.36590968474, shape=(), dtype=float64)
nll_grad  cost time: 2.621558666229248
tf.Tensor(-11025.410149741801, shape=(), dtype=float64)
nll_grad  cost time: 2.5462820529937744
tf.Tensor(-11025.474188963592, shape=(), dtype=float64)
nll_grad  cost time: 2.5356972217559814
tf.Tensor(-11025.56311415731, shape=(), dtype=float64)
nll_grad  cost time: 2.548251152038574
tf.Tensor(-11025.650241491378, shape=(), dtype=float64)
nll_grad  cost time: 2.5583059787750244
tf.Tensor(-11025.749730985568, shape=(), dtype=float64)
nll_grad  cost time: 2.6153132915496826
nll_grad  cost time: 2.527411937713623
tf.Tensor(-11025.804983596041, shape=(), dtype=float64)
nll_grad  cost time: 2.5248169898986816
tf.Tensor(-11025.869218287626, shape=(), dtype=float64)
nll_grad  cost time: 2.664140462875366
tf.Tensor(-11025.930409047076, shape=(), dtype=float64)
nll_grad  cost time: 2.575155258178711
tf.Tensor(-11025.949084268359, shape=(), dtype=float64)
nll_grad  cost time: 2.567495584487915
tf.Tensor(-11025.981608160328, shape=(), dtype=float64)
nll_grad  cost time: 2.5665292739868164
tf.Tensor(-11026.034187843332, shape=(), dtype=float64)
nll_grad  cost time: 2.521681308746338
tf.Tensor(-11026.100305789965, shape=(), dtype=float64)
nll_grad  cost time: 2.5716285705566406
tf.Tensor(-11026.165624581117, shape=(), dtype=float64)
nll_grad  cost time: 2.4781010150909424
tf.Tensor(-11026.237227313512, shape=(), dtype=float64)
nll_grad  cost time: 2.5638673305511475
tf.Tensor(-11026.336439272025, shape=(), dtype=float64)
nll_grad  cost time: 2.623035192489624
tf.Tensor(-11026.432006544346, shape=(), dtype=float64)
nll_grad  cost time: 2.5575754642486572
tf.Tensor(-11026.475649609056, shape=(), dtype=float64)
nll_grad  cost time: 2.6938705444335938
tf.Tensor(-11026.532201966642, shape=(), dtype=float64)
nll_grad  cost time: 2.5381834506988525
tf.Tensor(-11026.59709723344, shape=(), dtype=float64)
nll_grad  cost time: 2.661097526550293
tf.Tensor(-11026.657601009843, shape=(), dtype=float64)
nll_grad  cost time: 2.539435625076294
tf.Tensor(-11026.744971288448, shape=(), dtype=float64)
nll_grad  cost time: 2.5532917976379395
tf.Tensor(-11026.83174792592, shape=(), dtype=float64)
nll_grad  cost time: 2.807616949081421
tf.Tensor(-11026.911367824847, shape=(), dtype=float64)
nll_grad  cost time: 2.5022263526916504
tf.Tensor(-11026.99660558311, shape=(), dtype=float64)
nll_grad  cost time: 2.562098503112793
tf.Tensor(-11027.095492619992, shape=(), dtype=float64)
nll_grad  cost time: 2.571092367172241
tf.Tensor(-11027.143866946739, shape=(), dtype=float64)
nll_grad  cost time: 2.472792148590088
tf.Tensor(-11027.20343824687, shape=(), dtype=float64)
nll_grad  cost time: 2.5598530769348145
tf.Tensor(-11027.246681738397, shape=(), dtype=float64)
nll_grad  cost time: 2.6628079414367676
tf.Tensor(-11027.297707740981, shape=(), dtype=float64)
nll_grad  cost time: 2.566781759262085
tf.Tensor(-11027.361794049517, shape=(), dtype=float64)
nll_grad  cost time: 2.5356996059417725
tf.Tensor(-11027.44016912944, shape=(), dtype=float64)
nll_grad  cost time: 2.583277940750122
tf.Tensor(-11027.524458858941, shape=(), dtype=float64)
nll_grad  cost time: 2.492867946624756
tf.Tensor(-11027.614531827123, shape=(), dtype=float64)
nll_grad  cost time: 2.525690793991089
tf.Tensor(-11027.666915818714, shape=(), dtype=float64)
nll_grad  cost time: 2.5913445949554443
tf.Tensor(-11027.741429405192, shape=(), dtype=float64)
nll_grad  cost time: 2.5728964805603027
tf.Tensor(-11027.832271857522, shape=(), dtype=float64)
nll_grad  cost time: 2.5314955711364746
tf.Tensor(-11027.907085360508, shape=(), dtype=float64)
nll_grad  cost time: 2.5301482677459717
tf.Tensor(-11027.986247307323, shape=(), dtype=float64)
nll_grad  cost time: 2.552173137664795
tf.Tensor(-11028.039456594044, shape=(), dtype=float64)
nll_grad  cost time: 2.5428037643432617
tf.Tensor(-11028.114253482534, shape=(), dtype=float64)
nll_grad  cost time: 2.70784592628479
tf.Tensor(-11028.18987560449, shape=(), dtype=float64)
nll_grad  cost time: 2.633103609085083
tf.Tensor(-11028.241089660318, shape=(), dtype=float64)
nll_grad  cost time: 2.6445865631103516
tf.Tensor(-11028.28529923634, shape=(), dtype=float64)
nll_grad  cost time: 2.6868138313293457
tf.Tensor(-11028.323262535268, shape=(), dtype=float64)
nll_grad  cost time: 2.5966217517852783
tf.Tensor(-11028.352826805953, shape=(), dtype=float64)
nll_grad  cost time: 2.6816110610961914
tf.Tensor(-11028.38639222744, shape=(), dtype=float64)
nll_grad  cost time: 2.5020840167999268
tf.Tensor(-11028.431985673677, shape=(), dtype=float64)
nll_grad  cost time: 2.5126068592071533
tf.Tensor(-11028.492169924546, shape=(), dtype=float64)
nll_grad  cost time: 2.5144994258880615
tf.Tensor(-11028.562837817044, shape=(), dtype=float64)
nll_grad  cost time: 2.5409514904022217
tf.Tensor(-11028.624333395492, shape=(), dtype=float64)
nll_grad  cost time: 2.716108798980713
tf.Tensor(-11028.692237515737, shape=(), dtype=float64)
nll_grad  cost time: 2.5754287242889404
tf.Tensor(-11028.75294243078, shape=(), dtype=float64)
nll_grad  cost time: 2.4950382709503174
tf.Tensor(-11028.80969253237, shape=(), dtype=float64)
nll_grad  cost time: 2.486772060394287
tf.Tensor(-11028.866566438963, shape=(), dtype=float64)
nll_grad  cost time: 2.642967462539673
tf.Tensor(-11028.907064353894, shape=(), dtype=float64)
nll_grad  cost time: 2.599307060241699
tf.Tensor(-11028.932633790544, shape=(), dtype=float64)
nll_grad  cost time: 2.5557212829589844
tf.Tensor(-11028.952390311977, shape=(), dtype=float64)
nll_grad  cost time: 2.5639424324035645
tf.Tensor(-11028.980102407579, shape=(), dtype=float64)
nll_grad  cost time: 2.58747935295105
tf.Tensor(-11029.01381825596, shape=(), dtype=float64)
nll_grad  cost time: 2.4602088928222656
tf.Tensor(-11029.03501500388, shape=(), dtype=float64)
nll_grad  cost time: 2.5325355529785156
tf.Tensor(-11029.05815200213, shape=(), dtype=float64)
nll_grad  cost time: 2.502289295196533
tf.Tensor(-11029.086096783183, shape=(), dtype=float64)
nll_grad  cost time: 2.527649402618408
tf.Tensor(-11029.114891324607, shape=(), dtype=float64)
nll_grad  cost time: 2.5009870529174805
tf.Tensor(-11029.14798056738, shape=(), dtype=float64)
nll_grad  cost time: 2.4664390087127686
tf.Tensor(-11029.17754815652, shape=(), dtype=float64)
nll_grad  cost time: 2.4887852668762207
tf.Tensor(-11029.2075373111, shape=(), dtype=float64)
nll_grad  cost time: 2.5123870372772217
tf.Tensor(-11029.23670225119, shape=(), dtype=float64)
nll_grad  cost time: 2.458047866821289
tf.Tensor(-11029.263985054211, shape=(), dtype=float64)
nll_grad  cost time: 2.4952144622802734
tf.Tensor(-11029.290228344304, shape=(), dtype=float64)
nll_grad  cost time: 2.540289878845215
tf.Tensor(-11029.316798405933, shape=(), dtype=float64)
nll_grad  cost time: 2.5217955112457275
tf.Tensor(-11029.336272041743, shape=(), dtype=float64)
nll_grad  cost time: 2.4959652423858643
tf.Tensor(-11029.355383945105, shape=(), dtype=float64)
nll_grad  cost time: 2.4848854541778564
tf.Tensor(-11029.377904577166, shape=(), dtype=float64)
nll_grad  cost time: 2.460352659225464
tf.Tensor(-11029.399339373944, shape=(), dtype=float64)
nll_grad  cost time: 2.510761260986328
tf.Tensor(-11029.427410596458, shape=(), dtype=float64)
nll_grad  cost time: 2.4981276988983154
tf.Tensor(-11029.447799935813, shape=(), dtype=float64)
nll_grad  cost time: 2.4986143112182617
tf.Tensor(-11029.466363422143, shape=(), dtype=float64)
nll_grad  cost time: 2.51020884513855
tf.Tensor(-11029.484143600726, shape=(), dtype=float64)
nll_grad  cost time: 2.5498244762420654
tf.Tensor(-11029.499364564123, shape=(), dtype=float64)
nll_grad  cost time: 2.5588252544403076
tf.Tensor(-11029.511843390086, shape=(), dtype=float64)
nll_grad  cost time: 2.467980146408081
tf.Tensor(-11029.524079732277, shape=(), dtype=float64)
nll_grad  cost time: 2.527965784072876
tf.Tensor(-11029.538583705187, shape=(), dtype=float64)
nll_grad  cost time: 2.5484368801116943
tf.Tensor(-11029.557941620245, shape=(), dtype=float64)
nll_grad  cost time: 2.4736783504486084
tf.Tensor(-11029.574715631352, shape=(), dtype=float64)
nll_grad  cost time: 2.499952793121338
tf.Tensor(-11029.59687246367, shape=(), dtype=float64)
nll_grad  cost time: 2.538278579711914
tf.Tensor(-11029.61596870164, shape=(), dtype=float64)
nll_grad  cost time: 2.5419762134552
tf.Tensor(-11029.62901407823, shape=(), dtype=float64)
nll_grad  cost time: 2.522542953491211
tf.Tensor(-11029.638814441481, shape=(), dtype=float64)
nll_grad  cost time: 2.527811050415039
tf.Tensor(-11029.648794570698, shape=(), dtype=float64)
nll_grad  cost time: 2.5439674854278564
tf.Tensor(-11029.660900787741, shape=(), dtype=float64)
nll_grad  cost time: 2.539775848388672
tf.Tensor(-11029.673787407388, shape=(), dtype=float64)
nll_grad  cost time: 2.473170280456543
tf.Tensor(-11029.68641157302, shape=(), dtype=float64)
nll_grad  cost time: 2.5776989459991455
tf.Tensor(-11029.696790402915, shape=(), dtype=float64)
nll_grad  cost time: 2.521010637283325
tf.Tensor(-11029.704687688492, shape=(), dtype=float64)
nll_grad  cost time: 2.421726942062378
tf.Tensor(-11029.71008870226, shape=(), dtype=float64)
nll_grad  cost time: 2.444648027420044
tf.Tensor(-11029.717853290465, shape=(), dtype=float64)
nll_grad  cost time: 2.469757556915283
tf.Tensor(-11029.72817920032, shape=(), dtype=float64)
nll_grad  cost time: 2.5211167335510254
tf.Tensor(-11029.738726326432, shape=(), dtype=float64)
nll_grad  cost time: 2.6870782375335693
tf.Tensor(-11029.753387422745, shape=(), dtype=float64)
nll_grad  cost time: 2.6327154636383057
tf.Tensor(-11029.771418825374, shape=(), dtype=float64)
nll_grad  cost time: 2.4566051959991455
tf.Tensor(-11029.792753461275, shape=(), dtype=float64)
nll_grad  cost time: 2.517078161239624
tf.Tensor(-11029.813912299061, shape=(), dtype=float64)
nll_grad  cost time: 2.696786403656006
tf.Tensor(-11029.840054820284, shape=(), dtype=float64)
nll_grad  cost time: 2.537832736968994
tf.Tensor(-11029.868264785175, shape=(), dtype=float64)
nll_grad  cost time: 2.5701470375061035
tf.Tensor(-11029.895351899184, shape=(), dtype=float64)
nll_grad  cost time: 2.4781653881073
tf.Tensor(-11029.917650502037, shape=(), dtype=float64)
nll_grad  cost time: 2.437765121459961
tf.Tensor(-11029.930016715145, shape=(), dtype=float64)
nll_grad  cost time: 2.580899715423584
tf.Tensor(-11029.947159407893, shape=(), dtype=float64)
nll_grad  cost time: 2.614459276199341
tf.Tensor(-11029.9669956, shape=(), dtype=float64)
nll_grad  cost time: 2.5037920475006104
tf.Tensor(-11029.983225907046, shape=(), dtype=float64)
nll_grad  cost time: 2.513378620147705
tf.Tensor(-11030.001437724983, shape=(), dtype=float64)
nll_grad  cost time: 2.5083138942718506
tf.Tensor(-11030.012979776977, shape=(), dtype=float64)
nll_grad  cost time: 2.489464282989502
tf.Tensor(-11030.031058257264, shape=(), dtype=float64)
nll_grad  cost time: 2.601226568222046
tf.Tensor(-11030.059037998522, shape=(), dtype=float64)
nll_grad  cost time: 2.433513641357422
tf.Tensor(-11030.101663423025, shape=(), dtype=float64)
nll_grad  cost time: 2.514749765396118
tf.Tensor(-11030.157969485255, shape=(), dtype=float64)
nll_grad  cost time: 2.587578535079956
tf.Tensor(-11030.232507501212, shape=(), dtype=float64)
nll_grad  cost time: 2.4492030143737793
nll_grad  cost time: 2.5012972354888916
tf.Tensor(-11030.284724891382, shape=(), dtype=float64)
nll_grad  cost time: 2.492971420288086
tf.Tensor(-11030.367099282572, shape=(), dtype=float64)
nll_grad  cost time: 2.5569956302642822
tf.Tensor(-11030.462119177937, shape=(), dtype=float64)
nll_grad  cost time: 2.621837854385376
tf.Tensor(-11030.565670890144, shape=(), dtype=float64)
nll_grad  cost time: 2.5239713191986084
tf.Tensor(-11030.653249346047, shape=(), dtype=float64)
nll_grad  cost time: 2.543999195098877
tf.Tensor(-11030.697534407926, shape=(), dtype=float64)
nll_grad  cost time: 2.479971170425415
tf.Tensor(-11030.763091556495, shape=(), dtype=float64)
nll_grad  cost time: 2.6793935298919678
tf.Tensor(-11030.844937635717, shape=(), dtype=float64)
nll_grad  cost time: 2.556997060775757
tf.Tensor(-11030.893832449561, shape=(), dtype=float64)
nll_grad  cost time: 2.5030033588409424
tf.Tensor(-11030.960740961069, shape=(), dtype=float64)
nll_grad  cost time: 2.8341591358184814
tf.Tensor(-11031.054207926521, shape=(), dtype=float64)
nll_grad  cost time: 2.566509246826172
tf.Tensor(-11031.166057943767, shape=(), dtype=float64)
nll_grad  cost time: 2.629275321960449
tf.Tensor(-11031.32113569045, shape=(), dtype=float64)
nll_grad  cost time: 2.5826878547668457
tf.Tensor(-11031.430753418215, shape=(), dtype=float64)
nll_grad  cost time: 2.526970863342285
tf.Tensor(-11031.587871757212, shape=(), dtype=float64)
nll_grad  cost time: 2.5761051177978516
tf.Tensor(-11031.776092363754, shape=(), dtype=float64)
nll_grad  cost time: 2.6461851596832275
tf.Tensor(-11031.926131332482, shape=(), dtype=float64)
nll_grad  cost time: 2.516234874725342
tf.Tensor(-11032.073339197887, shape=(), dtype=float64)
nll_grad  cost time: 2.501584768295288
tf.Tensor(-11032.225190112775, shape=(), dtype=float64)
nll_grad  cost time: 2.5691940784454346
tf.Tensor(-11032.339221375805, shape=(), dtype=float64)
nll_grad  cost time: 2.516068696975708
tf.Tensor(-11032.472124575339, shape=(), dtype=float64)
nll_grad  cost time: 2.474083423614502
tf.Tensor(-11032.606259849177, shape=(), dtype=float64)
nll_grad  cost time: 2.6439735889434814
tf.Tensor(-11032.712587090304, shape=(), dtype=float64)
nll_grad  cost time: 2.546494483947754
tf.Tensor(-11032.85744615367, shape=(), dtype=float64)
nll_grad  cost time: 2.518789291381836
tf.Tensor(-11033.000155288835, shape=(), dtype=float64)
nll_grad  cost time: 2.480006217956543
tf.Tensor(-11033.037052284926, shape=(), dtype=float64)
nll_grad  cost time: 2.647251844406128
tf.Tensor(-11033.100342594546, shape=(), dtype=float64)
nll_grad  cost time: 2.6054399013519287
tf.Tensor(-11033.199248266123, shape=(), dtype=float64)
nll_grad  cost time: 2.5475730895996094
tf.Tensor(-11033.300239744509, shape=(), dtype=float64)
nll_grad  cost time: 2.543501853942871
tf.Tensor(-11033.39557380337, shape=(), dtype=float64)
nll_grad  cost time: 2.6072895526885986
tf.Tensor(-11033.49366648138, shape=(), dtype=float64)
nll_grad  cost time: 2.584815263748169
tf.Tensor(-11033.633330304452, shape=(), dtype=float64)
nll_grad  cost time: 2.5584027767181396
tf.Tensor(-11033.752184643788, shape=(), dtype=float64)
nll_grad  cost time: 2.4759716987609863
tf.Tensor(-11033.833397925126, shape=(), dtype=float64)
nll_grad  cost time: 2.431771755218506
tf.Tensor(-11033.91358286843, shape=(), dtype=float64)
nll_grad  cost time: 2.483473777770996
tf.Tensor(-11034.0149282352, shape=(), dtype=float64)
nll_grad  cost time: 2.4563395977020264
tf.Tensor(-11034.128586699553, shape=(), dtype=float64)
nll_grad  cost time: 2.5139102935791016
tf.Tensor(-11034.187449676698, shape=(), dtype=float64)
nll_grad  cost time: 2.448580026626587
tf.Tensor(-11034.277455787189, shape=(), dtype=float64)
nll_grad  cost time: 2.504361391067505
tf.Tensor(-11034.376073679465, shape=(), dtype=float64)
nll_grad  cost time: 2.5390396118164062
tf.Tensor(-11034.40761785009, shape=(), dtype=float64)
nll_grad  cost time: 2.4762449264526367
tf.Tensor(-11034.460312309428, shape=(), dtype=float64)
nll_grad  cost time: 2.5843002796173096
tf.Tensor(-11034.537574116635, shape=(), dtype=float64)
nll_grad  cost time: 2.581327199935913
tf.Tensor(-11034.620439219063, shape=(), dtype=float64)
nll_grad  cost time: 2.5314881801605225
tf.Tensor(-11034.669234980967, shape=(), dtype=float64)
nll_grad  cost time: 2.7117230892181396
tf.Tensor(-11034.735344057546, shape=(), dtype=float64)
nll_grad  cost time: 2.467848777770996
tf.Tensor(-11034.827107250981, shape=(), dtype=float64)
nll_grad  cost time: 2.4633419513702393
tf.Tensor(-11034.944683212845, shape=(), dtype=float64)
nll_grad  cost time: 2.529416084289551
tf.Tensor(-11035.072005032198, shape=(), dtype=float64)
nll_grad  cost time: 2.578465461730957
tf.Tensor(-11035.217596455499, shape=(), dtype=float64)
nll_grad  cost time: 2.4648356437683105
tf.Tensor(-11035.378657768415, shape=(), dtype=float64)
nll_grad  cost time: 2.5069267749786377
tf.Tensor(-11035.498427878832, shape=(), dtype=float64)
nll_grad  cost time: 2.574490547180176
tf.Tensor(-11035.594219464998, shape=(), dtype=float64)
nll_grad  cost time: 2.549329996109009
tf.Tensor(-11035.662780945735, shape=(), dtype=float64)
nll_grad  cost time: 2.6270241737365723
tf.Tensor(-11035.758501869153, shape=(), dtype=float64)
nll_grad  cost time: 2.500523328781128
tf.Tensor(-11035.876024538702, shape=(), dtype=float64)
nll_grad  cost time: 2.5559003353118896
tf.Tensor(-11035.97686677448, shape=(), dtype=float64)
nll_grad  cost time: 2.6265509128570557
tf.Tensor(-11036.10416402862, shape=(), dtype=float64)
nll_grad  cost time: 2.671741485595703
tf.Tensor(-11036.228307338482, shape=(), dtype=float64)
nll_grad  cost time: 2.66776967048645
tf.Tensor(-11036.306785053814, shape=(), dtype=float64)
nll_grad  cost time: 2.5437543392181396
tf.Tensor(-11036.41043545548, shape=(), dtype=float64)
nll_grad  cost time: 2.5436854362487793
tf.Tensor(-11036.509130440376, shape=(), dtype=float64)
nll_grad  cost time: 2.5584588050842285
tf.Tensor(-11036.571174434102, shape=(), dtype=float64)
nll_grad  cost time: 2.4970877170562744
tf.Tensor(-11036.66675760378, shape=(), dtype=float64)
nll_grad  cost time: 2.5490331649780273
tf.Tensor(-11036.801140627438, shape=(), dtype=float64)
nll_grad  cost time: 2.536438465118408
tf.Tensor(-11036.910946696815, shape=(), dtype=float64)
nll_grad  cost time: 2.5664384365081787
tf.Tensor(-11037.032408854306, shape=(), dtype=float64)
nll_grad  cost time: 2.543576240539551
tf.Tensor(-11037.14797364844, shape=(), dtype=float64)
nll_grad  cost time: 2.5642476081848145
tf.Tensor(-11037.300792424852, shape=(), dtype=float64)
nll_grad  cost time: 2.6229233741760254
tf.Tensor(-11037.479551224125, shape=(), dtype=float64)
nll_grad  cost time: 2.5512025356292725
tf.Tensor(-11037.643675076339, shape=(), dtype=float64)
nll_grad  cost time: 2.5210907459259033
tf.Tensor(-11037.844485302237, shape=(), dtype=float64)
nll_grad  cost time: 2.4960250854492188
tf.Tensor(-11038.091004988411, shape=(), dtype=float64)
nll_grad  cost time: 2.5622963905334473
tf.Tensor(-11038.303604072447, shape=(), dtype=float64)
nll_grad  cost time: 2.586345672607422
tf.Tensor(-11038.561819413997, shape=(), dtype=float64)
nll_grad  cost time: 2.5581300258636475
tf.Tensor(-11038.877955173193, shape=(), dtype=float64)
nll_grad  cost time: 2.4976413249969482
tf.Tensor(-11039.25115373775, shape=(), dtype=float64)
nll_grad  cost time: 2.582845449447632
tf.Tensor(-11039.549594825185, shape=(), dtype=float64)
nll_grad  cost time: 2.5266525745391846
tf.Tensor(-11039.778038190198, shape=(), dtype=float64)
nll_grad  cost time: 2.554232120513916
tf.Tensor(-11039.959155140765, shape=(), dtype=float64)
nll_grad  cost time: 2.428936719894409
tf.Tensor(-11040.142941644212, shape=(), dtype=float64)
nll_grad  cost time: 2.515430450439453
tf.Tensor(-11040.299374083668, shape=(), dtype=float64)
nll_grad  cost time: 2.513516902923584
tf.Tensor(-11040.455436991651, shape=(), dtype=float64)
nll_grad  cost time: 2.562127113342285
tf.Tensor(-11040.651969915547, shape=(), dtype=float64)
nll_grad  cost time: 2.6472716331481934
tf.Tensor(-11040.860213322878, shape=(), dtype=float64)
nll_grad  cost time: 2.658818244934082
tf.Tensor(-11040.977741314731, shape=(), dtype=float64)
nll_grad  cost time: 2.477623701095581
tf.Tensor(-11041.06968727104, shape=(), dtype=float64)
nll_grad  cost time: 2.489136219024658
tf.Tensor(-11041.128408751887, shape=(), dtype=float64)
nll_grad  cost time: 2.471072196960449
tf.Tensor(-11041.15594928361, shape=(), dtype=float64)
nll_grad  cost time: 2.5057287216186523
tf.Tensor(-11041.20063228019, shape=(), dtype=float64)
nll_grad  cost time: 2.5130679607391357
tf.Tensor(-11041.268716205399, shape=(), dtype=float64)
nll_grad  cost time: 2.525540590286255
tf.Tensor(-11041.354825261733, shape=(), dtype=float64)
nll_grad  cost time: 2.6793816089630127
tf.Tensor(-11041.430447669387, shape=(), dtype=float64)
nll_grad  cost time: 2.4839253425598145
tf.Tensor(-11041.523699374542, shape=(), dtype=float64)
nll_grad  cost time: 2.486476421356201
tf.Tensor(-11041.60836096821, shape=(), dtype=float64)
nll_grad  cost time: 2.521071434020996
tf.Tensor(-11041.699801399001, shape=(), dtype=float64)
nll_grad  cost time: 2.5312535762786865
tf.Tensor(-11041.80223818031, shape=(), dtype=float64)
nll_grad  cost time: 2.6886768341064453
tf.Tensor(-11041.878203598637, shape=(), dtype=float64)
nll_grad  cost time: 2.5070993900299072
tf.Tensor(-11041.939497041763, shape=(), dtype=float64)
nll_grad  cost time: 2.4778988361358643
tf.Tensor(-11042.001217477067, shape=(), dtype=float64)
nll_grad  cost time: 2.466193914413452
tf.Tensor(-11042.07593757366, shape=(), dtype=float64)
nll_grad  cost time: 2.5611867904663086
tf.Tensor(-11042.164765364745, shape=(), dtype=float64)
nll_grad  cost time: 2.5392184257507324
tf.Tensor(-11042.26009390199, shape=(), dtype=float64)
nll_grad  cost time: 2.562305450439453
tf.Tensor(-11042.36605356542, shape=(), dtype=float64)
nll_grad  cost time: 2.4967763423919678
tf.Tensor(-11042.494984243567, shape=(), dtype=float64)
nll_grad  cost time: 2.600093126296997
tf.Tensor(-11042.62597053172, shape=(), dtype=float64)
nll_grad  cost time: 2.478006601333618
tf.Tensor(-11042.757012635753, shape=(), dtype=float64)
nll_grad  cost time: 2.506361484527588
tf.Tensor(-11042.876818353485, shape=(), dtype=float64)
nll_grad  cost time: 2.472208023071289
tf.Tensor(-11042.993765840241, shape=(), dtype=float64)
nll_grad  cost time: 2.4856343269348145
tf.Tensor(-11043.094041720076, shape=(), dtype=float64)
nll_grad  cost time: 2.579876661300659
tf.Tensor(-11043.181263248574, shape=(), dtype=float64)
nll_grad  cost time: 2.60396146774292
tf.Tensor(-11043.250505412034, shape=(), dtype=float64)
nll_grad  cost time: 2.6096389293670654
tf.Tensor(-11043.288919159779, shape=(), dtype=float64)
nll_grad  cost time: 2.6266555786132812
tf.Tensor(-11043.319313742031, shape=(), dtype=float64)
nll_grad  cost time: 2.610957145690918
tf.Tensor(-11043.351705608016, shape=(), dtype=float64)
nll_grad  cost time: 2.553666830062866
tf.Tensor(-11043.379018473512, shape=(), dtype=float64)
nll_grad  cost time: 2.5833680629730225
tf.Tensor(-11043.410671044592, shape=(), dtype=float64)
nll_grad  cost time: 2.481565475463867
tf.Tensor(-11043.455751949317, shape=(), dtype=float64)
nll_grad  cost time: 2.468657970428467
tf.Tensor(-11043.504296662482, shape=(), dtype=float64)
nll_grad  cost time: 2.4874374866485596
tf.Tensor(-11043.572473436347, shape=(), dtype=float64)
nll_grad  cost time: 2.511579990386963
tf.Tensor(-11043.670653168047, shape=(), dtype=float64)
nll_grad  cost time: 2.5264265537261963
tf.Tensor(-11043.791672683816, shape=(), dtype=float64)
nll_grad  cost time: 2.540928602218628
tf.Tensor(-11043.888003418615, shape=(), dtype=float64)
nll_grad  cost time: 2.597121238708496
tf.Tensor(-11043.970405279128, shape=(), dtype=float64)
nll_grad  cost time: 2.5598092079162598
tf.Tensor(-11044.039738475869, shape=(), dtype=float64)
nll_grad  cost time: 2.52152156829834
tf.Tensor(-11044.07602022712, shape=(), dtype=float64)
nll_grad  cost time: 2.5618398189544678
tf.Tensor(-11044.106659487268, shape=(), dtype=float64)
nll_grad  cost time: 2.5512967109680176
tf.Tensor(-11044.132348643798, shape=(), dtype=float64)
nll_grad  cost time: 2.5752148628234863
tf.Tensor(-11044.161717333329, shape=(), dtype=float64)
nll_grad  cost time: 2.5187299251556396
tf.Tensor(-11044.200604005935, shape=(), dtype=float64)
nll_grad  cost time: 2.5179879665374756
tf.Tensor(-11044.239176064242, shape=(), dtype=float64)
nll_grad  cost time: 2.4920783042907715
tf.Tensor(-11044.27654063439, shape=(), dtype=float64)
nll_grad  cost time: 2.534680128097534
tf.Tensor(-11044.316640520701, shape=(), dtype=float64)
nll_grad  cost time: 2.5702695846557617
tf.Tensor(-11044.354989257008, shape=(), dtype=float64)
nll_grad  cost time: 2.5070834159851074
tf.Tensor(-11044.389039064452, shape=(), dtype=float64)
nll_grad  cost time: 2.4669454097747803
tf.Tensor(-11044.416424302508, shape=(), dtype=float64)
nll_grad  cost time: 2.578005075454712
tf.Tensor(-11044.440831412103, shape=(), dtype=float64)
nll_grad  cost time: 2.504767894744873
tf.Tensor(-11044.463715199228, shape=(), dtype=float64)
nll_grad  cost time: 2.472963333129883
tf.Tensor(-11044.48463806694, shape=(), dtype=float64)
nll_grad  cost time: 2.691260814666748
tf.Tensor(-11044.504667752102, shape=(), dtype=float64)
nll_grad  cost time: 2.497103691101074
tf.Tensor(-11044.52619770501, shape=(), dtype=float64)
nll_grad  cost time: 2.6483771800994873
tf.Tensor(-11044.5499085786, shape=(), dtype=float64)
nll_grad  cost time: 2.5664725303649902
tf.Tensor(-11044.57327966558, shape=(), dtype=float64)
nll_grad  cost time: 2.4968159198760986
tf.Tensor(-11044.590181655847, shape=(), dtype=float64)
nll_grad  cost time: 2.592813491821289
tf.Tensor(-11044.603978686973, shape=(), dtype=float64)
nll_grad  cost time: 2.608395576477051
tf.Tensor(-11044.622675307248, shape=(), dtype=float64)
nll_grad  cost time: 2.6616456508636475
tf.Tensor(-11044.648320767592, shape=(), dtype=float64)
nll_grad  cost time: 2.564875841140747
tf.Tensor(-11044.670441533584, shape=(), dtype=float64)
nll_grad  cost time: 2.702601194381714
tf.Tensor(-11044.689514928017, shape=(), dtype=float64)
nll_grad  cost time: 2.538106918334961
tf.Tensor(-11044.710974673304, shape=(), dtype=float64)
nll_grad  cost time: 2.554025411605835
tf.Tensor(-11044.726056884952, shape=(), dtype=float64)
nll_grad  cost time: 2.82780122756958
tf.Tensor(-11044.736959854512, shape=(), dtype=float64)
nll_grad  cost time: 2.5044772624969482
tf.Tensor(-11044.745393641599, shape=(), dtype=float64)
nll_grad  cost time: 2.527186632156372
tf.Tensor(-11044.751649095218, shape=(), dtype=float64)
nll_grad  cost time: 2.543206214904785
tf.Tensor(-11044.756459670076, shape=(), dtype=float64)
nll_grad  cost time: 2.573876142501831
tf.Tensor(-11044.762025945915, shape=(), dtype=float64)
nll_grad  cost time: 2.571026086807251
tf.Tensor(-11044.76839370693, shape=(), dtype=float64)
nll_grad  cost time: 2.5636260509490967
tf.Tensor(-11044.772608500323, shape=(), dtype=float64)
nll_grad  cost time: 2.5273327827453613
tf.Tensor(-11044.776975670778, shape=(), dtype=float64)
nll_grad  cost time: 2.538071393966675
tf.Tensor(-11044.783017546513, shape=(), dtype=float64)
nll_grad  cost time: 2.603087902069092
tf.Tensor(-11044.790479410782, shape=(), dtype=float64)
nll_grad  cost time: 2.4409589767456055
tf.Tensor(-11044.799775888212, shape=(), dtype=float64)
nll_grad  cost time: 2.5536692142486572
tf.Tensor(-11044.809651070951, shape=(), dtype=float64)
nll_grad  cost time: 2.525120258331299
tf.Tensor(-11044.818470878032, shape=(), dtype=float64)
nll_grad  cost time: 2.5216667652130127
tf.Tensor(-11044.826890782366, shape=(), dtype=float64)
nll_grad  cost time: 2.5418779850006104
tf.Tensor(-11044.83370391855, shape=(), dtype=float64)
nll_grad  cost time: 2.504481792449951
tf.Tensor(-11044.840786350476, shape=(), dtype=float64)
nll_grad  cost time: 2.57788348197937
tf.Tensor(-11044.848975041816, shape=(), dtype=float64)
nll_grad  cost time: 2.562241315841675
tf.Tensor(-11044.8581024983, shape=(), dtype=float64)
nll_grad  cost time: 2.6088955402374268
tf.Tensor(-11044.867529303883, shape=(), dtype=float64)
nll_grad  cost time: 2.494401216506958
tf.Tensor(-11044.877254585488, shape=(), dtype=float64)
nll_grad  cost time: 2.5114076137542725
tf.Tensor(-11044.88492892166, shape=(), dtype=float64)
nll_grad  cost time: 2.6484434604644775
tf.Tensor(-11044.889800228142, shape=(), dtype=float64)
nll_grad  cost time: 2.5719594955444336
tf.Tensor(-11044.894006669725, shape=(), dtype=float64)
nll_grad  cost time: 2.5801169872283936
tf.Tensor(-11044.898084395893, shape=(), dtype=float64)
nll_grad  cost time: 2.531848669052124
tf.Tensor(-11044.90105916385, shape=(), dtype=float64)
nll_grad  cost time: 2.7011051177978516
tf.Tensor(-11044.903021276652, shape=(), dtype=float64)
nll_grad  cost time: 2.516406297683716
tf.Tensor(-11044.905148039536, shape=(), dtype=float64)
nll_grad  cost time: 2.4990813732147217
tf.Tensor(-11044.907181664305, shape=(), dtype=float64)
nll_grad  cost time: 2.511953115463257
tf.Tensor(-11044.909130901724, shape=(), dtype=float64)
nll_grad  cost time: 2.524080276489258
tf.Tensor(-11044.910806226508, shape=(), dtype=float64)
nll_grad  cost time: 2.560753583908081
tf.Tensor(-11044.912167536044, shape=(), dtype=float64)
nll_grad  cost time: 2.5777993202209473
tf.Tensor(-11044.913246449782, shape=(), dtype=float64)
nll_grad  cost time: 2.629824638366699
tf.Tensor(-11044.914221361527, shape=(), dtype=float64)
nll_grad  cost time: 2.6144769191741943
tf.Tensor(-11044.915338975967, shape=(), dtype=float64)
nll_grad  cost time: 2.5490379333496094
tf.Tensor(-11044.916778454259, shape=(), dtype=float64)
nll_grad  cost time: 2.6333377361297607
tf.Tensor(-11044.91842842209, shape=(), dtype=float64)
nll_grad  cost time: 2.508517265319824
tf.Tensor(-11044.919916847692, shape=(), dtype=float64)
nll_grad  cost time: 2.5141782760620117
tf.Tensor(-11044.921248040017, shape=(), dtype=float64)
nll_grad  cost time: 2.5133516788482666
tf.Tensor(-11044.92284337039, shape=(), dtype=float64)
nll_grad  cost time: 2.5106542110443115
tf.Tensor(-11044.925216717333, shape=(), dtype=float64)
nll_grad  cost time: 2.648226261138916
tf.Tensor(-11044.928495898588, shape=(), dtype=float64)
nll_grad  cost time: 2.5192437171936035
tf.Tensor(-11044.932002115842, shape=(), dtype=float64)
nll_grad  cost time: 2.5063891410827637
tf.Tensor(-11044.934832793166, shape=(), dtype=float64)
nll_grad  cost time: 2.607774496078491
tf.Tensor(-11044.937010365204, shape=(), dtype=float64)
nll_grad  cost time: 2.687711715698242
tf.Tensor(-11044.938998547143, shape=(), dtype=float64)
nll_grad  cost time: 2.478999376296997
tf.Tensor(-11044.940946026574, shape=(), dtype=float64)
nll_grad  cost time: 2.5825345516204834
tf.Tensor(-11044.9426398859, shape=(), dtype=float64)
nll_grad  cost time: 2.611318826675415
tf.Tensor(-11044.943910101407, shape=(), dtype=float64)
nll_grad  cost time: 2.586244821548462
tf.Tensor(-11044.944923501898, shape=(), dtype=float64)
nll_grad  cost time: 2.5142159461975098
tf.Tensor(-11044.945759009635, shape=(), dtype=float64)
nll_grad  cost time: 2.4647669792175293
tf.Tensor(-11044.94648606475, shape=(), dtype=float64)
nll_grad  cost time: 2.5472512245178223
tf.Tensor(-11044.947300909764, shape=(), dtype=float64)
nll_grad  cost time: 2.574152708053589
tf.Tensor(-11044.948449923155, shape=(), dtype=float64)
nll_grad  cost time: 2.5573740005493164
tf.Tensor(-11044.950070292667, shape=(), dtype=float64)
nll_grad  cost time: 2.493453025817871
tf.Tensor(-11044.952166547868, shape=(), dtype=float64)
nll_grad  cost time: 2.5855002403259277
tf.Tensor(-11044.95484463474, shape=(), dtype=float64)
nll_grad  cost time: 2.594613552093506
tf.Tensor(-11044.958317474666, shape=(), dtype=float64)
nll_grad  cost time: 2.5146286487579346
tf.Tensor(-11044.962386069295, shape=(), dtype=float64)
nll_grad  cost time: 2.8007373809814453
tf.Tensor(-11044.966024765243, shape=(), dtype=float64)
nll_grad  cost time: 2.590801239013672
tf.Tensor(-11044.968338538929, shape=(), dtype=float64)
nll_grad  cost time: 2.553339958190918
tf.Tensor(-11044.969577557109, shape=(), dtype=float64)
nll_grad  cost time: 2.5456326007843018
tf.Tensor(-11044.970452717425, shape=(), dtype=float64)
nll_grad  cost time: 2.5135610103607178
tf.Tensor(-11044.971419042973, shape=(), dtype=float64)
nll_grad  cost time: 2.499744415283203
tf.Tensor(-11044.972784973994, shape=(), dtype=float64)
nll_grad  cost time: 2.4897873401641846
tf.Tensor(-11044.974921003784, shape=(), dtype=float64)
nll_grad  cost time: 2.5225253105163574
tf.Tensor(-11044.978304189593, shape=(), dtype=float64)
nll_grad  cost time: 2.474029302597046
tf.Tensor(-11044.983544757437, shape=(), dtype=float64)
nll_grad  cost time: 2.5228185653686523
tf.Tensor(-11044.990377997106, shape=(), dtype=float64)
nll_grad  cost time: 2.5374815464019775
tf.Tensor(-11044.99643463322, shape=(), dtype=float64)
nll_grad  cost time: 2.4845876693725586
tf.Tensor(-11045.001409973353, shape=(), dtype=float64)
nll_grad  cost time: 2.685946464538574
tf.Tensor(-11045.004749446889, shape=(), dtype=float64)
nll_grad  cost time: 2.5481951236724854
tf.Tensor(-11045.0071768552, shape=(), dtype=float64)
nll_grad  cost time: 2.50227952003479
tf.Tensor(-11045.009107925842, shape=(), dtype=float64)
nll_grad  cost time: 2.5507330894470215
tf.Tensor(-11045.010666131006, shape=(), dtype=float64)
nll_grad  cost time: 2.572964906692505
tf.Tensor(-11045.01225352729, shape=(), dtype=float64)
nll_grad  cost time: 2.5638747215270996
tf.Tensor(-11045.014421871994, shape=(), dtype=float64)
nll_grad  cost time: 2.6182384490966797
tf.Tensor(-11045.017729313338, shape=(), dtype=float64)
nll_grad  cost time: 2.6988112926483154
tf.Tensor(-11045.022684699521, shape=(), dtype=float64)
nll_grad  cost time: 2.623526096343994
tf.Tensor(-11045.028632918074, shape=(), dtype=float64)
nll_grad  cost time: 2.5964720249176025
tf.Tensor(-11045.033264102269, shape=(), dtype=float64)
nll_grad  cost time: 2.549058675765991
tf.Tensor(-11045.036679784622, shape=(), dtype=float64)
nll_grad  cost time: 2.6148223876953125
tf.Tensor(-11045.038717123367, shape=(), dtype=float64)
nll_grad  cost time: 2.6332876682281494
tf.Tensor(-11045.040355309931, shape=(), dtype=float64)
nll_grad  cost time: 2.500839948654175
tf.Tensor(-11045.042267181423, shape=(), dtype=float64)
nll_grad  cost time: 2.5575931072235107
tf.Tensor(-11045.045272189804, shape=(), dtype=float64)
nll_grad  cost time: 2.543741464614868
tf.Tensor(-11045.050057538305, shape=(), dtype=float64)
nll_grad  cost time: 2.5859930515289307
tf.Tensor(-11045.057436564624, shape=(), dtype=float64)
nll_grad  cost time: 2.501710891723633
tf.Tensor(-11045.06682583149, shape=(), dtype=float64)
nll_grad  cost time: 2.5128066539764404
tf.Tensor(-11045.074763146127, shape=(), dtype=float64)
nll_grad  cost time: 2.4875025749206543
nll_grad  cost time: 2.4905569553375244
tf.Tensor(-11045.07962900302, shape=(), dtype=float64)
nll_grad  cost time: 2.5860848426818848
tf.Tensor(-11045.084722272026, shape=(), dtype=float64)
nll_grad  cost time: 2.612399101257324
tf.Tensor(-11045.088619149377, shape=(), dtype=float64)
nll_grad  cost time: 2.539602518081665
tf.Tensor(-11045.090673186205, shape=(), dtype=float64)
nll_grad  cost time: 2.5927486419677734
tf.Tensor(-11045.09300961841, shape=(), dtype=float64)
nll_grad  cost time: 2.4989449977874756
tf.Tensor(-11045.095150466375, shape=(), dtype=float64)
nll_grad  cost time: 2.508681297302246
tf.Tensor(-11045.09762808893, shape=(), dtype=float64)
nll_grad  cost time: 2.6412203311920166
tf.Tensor(-11045.10115523285, shape=(), dtype=float64)
nll_grad  cost time: 2.566718339920044
tf.Tensor(-11045.104751642219, shape=(), dtype=float64)
nll_grad  cost time: 2.5991945266723633
tf.Tensor(-11045.108266485011, shape=(), dtype=float64)
nll_grad  cost time: 2.706416368484497
tf.Tensor(-11045.111839085155, shape=(), dtype=float64)
nll_grad  cost time: 2.5530614852905273
tf.Tensor(-11045.114053792728, shape=(), dtype=float64)
nll_grad  cost time: 2.5794365406036377
tf.Tensor(-11045.115856566183, shape=(), dtype=float64)
nll_grad  cost time: 2.5338656902313232
tf.Tensor(-11045.11759478799, shape=(), dtype=float64)
nll_grad  cost time: 2.581772804260254
tf.Tensor(-11045.119033760559, shape=(), dtype=float64)
nll_grad  cost time: 2.682161808013916
tf.Tensor(-11045.120083855189, shape=(), dtype=float64)
nll_grad  cost time: 2.496857166290283
tf.Tensor(-11045.12109306467, shape=(), dtype=float64)
nll_grad  cost time: 2.51755690574646
tf.Tensor(-11045.122477505458, shape=(), dtype=float64)
nll_grad  cost time: 2.4626364707946777
tf.Tensor(-11045.12481990023, shape=(), dtype=float64)
nll_grad  cost time: 2.5023984909057617
tf.Tensor(-11045.12863360039, shape=(), dtype=float64)
nll_grad  cost time: 2.6147735118865967
tf.Tensor(-11045.134355801434, shape=(), dtype=float64)
nll_grad  cost time: 2.5538978576660156
tf.Tensor(-11045.141876593145, shape=(), dtype=float64)
nll_grad  cost time: 2.5217795372009277
nll_grad  cost time: 2.549363136291504
tf.Tensor(-11045.147259125217, shape=(), dtype=float64)
nll_grad  cost time: 2.7166130542755127
tf.Tensor(-11045.155909036104, shape=(), dtype=float64)
nll_grad  cost time: 2.9441559314727783
tf.Tensor(-11045.168190583237, shape=(), dtype=float64)
nll_grad  cost time: 2.5888872146606445
tf.Tensor(-11045.174272085162, shape=(), dtype=float64)
nll_grad  cost time: 2.5440523624420166
tf.Tensor(-11045.176201907874, shape=(), dtype=float64)
nll_grad  cost time: 2.52400803565979
tf.Tensor(-11045.177783863277, shape=(), dtype=float64)
nll_grad  cost time: 2.492124557495117
tf.Tensor(-11045.178642582592, shape=(), dtype=float64)
nll_grad  cost time: 2.503241539001465
tf.Tensor(-11045.17944197161, shape=(), dtype=float64)
nll_grad  cost time: 2.5164971351623535
tf.Tensor(-11045.180630972056, shape=(), dtype=float64)
nll_grad  cost time: 2.4646897315979004
tf.Tensor(-11045.1822232813, shape=(), dtype=float64)
nll_grad  cost time: 2.548309087753296
tf.Tensor(-11045.184430629743, shape=(), dtype=float64)
nll_grad  cost time: 2.4636037349700928
tf.Tensor(-11045.187923237281, shape=(), dtype=float64)
nll_grad  cost time: 2.5184388160705566
tf.Tensor(-11045.193717704962, shape=(), dtype=float64)
nll_grad  cost time: 2.6087372303009033
tf.Tensor(-11045.203511590924, shape=(), dtype=float64)
nll_grad  cost time: 2.548424482345581
tf.Tensor(-11045.219553058705, shape=(), dtype=float64)
nll_grad  cost time: 2.537869691848755
tf.Tensor(-11045.241971921503, shape=(), dtype=float64)
nll_grad  cost time: 2.5255653858184814
tf.Tensor(-11045.258302917115, shape=(), dtype=float64)
nll_grad  cost time: 2.5169382095336914
tf.Tensor(-11045.269402969272, shape=(), dtype=float64)
nll_grad  cost time: 2.4605138301849365
nll_grad  cost time: 2.511732339859009
tf.Tensor(-11045.274912942332, shape=(), dtype=float64)
nll_grad  cost time: 2.4703307151794434
nll_grad  cost time: 2.399122476577759
tf.Tensor(-11045.277992509, shape=(), dtype=float64)
nll_grad  cost time: 2.502619743347168
tf.Tensor(-11045.281502500555, shape=(), dtype=float64)
nll_grad  cost time: 2.49277925491333
tf.Tensor(-11045.284564526512, shape=(), dtype=float64)
nll_grad  cost time: 2.5903589725494385
tf.Tensor(-11045.28718503446, shape=(), dtype=float64)
nll_grad  cost time: 2.626265287399292
tf.Tensor(-11045.290236448222, shape=(), dtype=float64)
nll_grad  cost time: 2.6496002674102783
tf.Tensor(-11045.291624461548, shape=(), dtype=float64)
nll_grad  cost time: 2.592271327972412
tf.Tensor(-11045.292677597456, shape=(), dtype=float64)
nll_grad  cost time: 2.5009758472442627
tf.Tensor(-11045.292946289788, shape=(), dtype=float64)
nll_grad  cost time: 2.514077663421631
tf.Tensor(-11045.293421726514, shape=(), dtype=float64)
nll_grad  cost time: 2.4975876808166504
tf.Tensor(-11045.29419814988, shape=(), dtype=float64)
nll_grad  cost time: 2.507939577102661
tf.Tensor(-11045.295231758377, shape=(), dtype=float64)
nll_grad  cost time: 2.5630886554718018
tf.Tensor(-11045.296100762702, shape=(), dtype=float64)
nll_grad  cost time: 2.5798895359039307
tf.Tensor(-11045.297341887228, shape=(), dtype=float64)
nll_grad  cost time: 2.5779025554656982
tf.Tensor(-11045.29913302407, shape=(), dtype=float64)
nll_grad  cost time: 2.5081887245178223
tf.Tensor(-11045.301087484026, shape=(), dtype=float64)
nll_grad  cost time: 2.602111339569092
nll_grad  cost time: 2.544820547103882
tf.Tensor(-11045.30204704911, shape=(), dtype=float64)
nll_grad  cost time: 2.534703016281128
tf.Tensor(-11045.303214932246, shape=(), dtype=float64)
nll_grad  cost time: 2.6520018577575684
tf.Tensor(-11045.305021472363, shape=(), dtype=float64)
nll_grad  cost time: 2.4654130935668945
tf.Tensor(-11045.307869860873, shape=(), dtype=float64)
nll_grad  cost time: 2.4739840030670166
tf.Tensor(-11045.311461283927, shape=(), dtype=float64)
nll_grad  cost time: 2.5123748779296875
nll_grad  cost time: 2.4666404724121094
tf.Tensor(-11045.31321323607, shape=(), dtype=float64)
nll_grad  cost time: 2.609165668487549
tf.Tensor(-11045.315335976651, shape=(), dtype=float64)
nll_grad  cost time: 2.588602066040039
tf.Tensor(-11045.317945185852, shape=(), dtype=float64)
nll_grad  cost time: 2.5270044803619385
tf.Tensor(-11045.319871488442, shape=(), dtype=float64)
nll_grad  cost time: 2.5528414249420166
tf.Tensor(-11045.321712063393, shape=(), dtype=float64)
nll_grad  cost time: 2.577004909515381
tf.Tensor(-11045.323758606282, shape=(), dtype=float64)
nll_grad  cost time: 2.476449728012085
tf.Tensor(-11045.325796253244, shape=(), dtype=float64)
nll_grad  cost time: 2.4872684478759766
tf.Tensor(-11045.328596949767, shape=(), dtype=float64)
nll_grad  cost time: 2.5576510429382324
tf.Tensor(-11045.332011307102, shape=(), dtype=float64)
nll_grad  cost time: 2.5687742233276367
tf.Tensor(-11045.33536915225, shape=(), dtype=float64)
nll_grad  cost time: 2.56140398979187
tf.Tensor(-11045.33961216292, shape=(), dtype=float64)
nll_grad  cost time: 2.532320499420166
tf.Tensor(-11045.345461617362, shape=(), dtype=float64)
nll_grad  cost time: 2.522764205932617
tf.Tensor(-11045.351677999555, shape=(), dtype=float64)
nll_grad  cost time: 2.506622552871704
tf.Tensor(-11045.356491035709, shape=(), dtype=float64)
nll_grad  cost time: 2.615504264831543
tf.Tensor(-11045.360402256461, shape=(), dtype=float64)
nll_grad  cost time: 2.6114695072174072
tf.Tensor(-11045.36156416926, shape=(), dtype=float64)
nll_grad  cost time: 2.6454904079437256
tf.Tensor(-11045.361759794512, shape=(), dtype=float64)
nll_grad  cost time: 2.68172550201416
tf.Tensor(-11045.362131142763, shape=(), dtype=float64)
nll_grad  cost time: 2.684276819229126
tf.Tensor(-11045.362825554133, shape=(), dtype=float64)
nll_grad  cost time: 2.682520627975464
tf.Tensor(-11045.36405908606, shape=(), dtype=float64)
nll_grad  cost time: 2.6617424488067627
tf.Tensor(-11045.365986636287, shape=(), dtype=float64)
nll_grad  cost time: 2.52921462059021
tf.Tensor(-11045.36795505062, shape=(), dtype=float64)
nll_grad  cost time: 2.556090831756592
tf.Tensor(-11045.369826856273, shape=(), dtype=float64)
nll_grad  cost time: 2.5708281993865967
tf.Tensor(-11045.372957291613, shape=(), dtype=float64)
nll_grad  cost time: 2.645430564880371
tf.Tensor(-11045.377659034122, shape=(), dtype=float64)
nll_grad  cost time: 2.594496726989746
tf.Tensor(-11045.383149412337, shape=(), dtype=float64)
nll_grad  cost time: 2.6105918884277344
tf.Tensor(-11045.388901477701, shape=(), dtype=float64)
nll_grad  cost time: 2.6162667274475098
tf.Tensor(-11045.39656888572, shape=(), dtype=float64)
nll_grad  cost time: 2.718536376953125
tf.Tensor(-11045.402484154089, shape=(), dtype=float64)
nll_grad  cost time: 2.6441915035247803
tf.Tensor(-11045.406661118235, shape=(), dtype=float64)
nll_grad  cost time: 2.6267476081848145
tf.Tensor(-11045.411544714843, shape=(), dtype=float64)
nll_grad  cost time: 2.5355703830718994
tf.Tensor(-11045.416758177853, shape=(), dtype=float64)
nll_grad  cost time: 2.53999662399292
tf.Tensor(-11045.42460267296, shape=(), dtype=float64)
nll_grad  cost time: 2.5558571815490723
tf.Tensor(-11045.43545218982, shape=(), dtype=float64)
nll_grad  cost time: 2.588834047317505
tf.Tensor(-11045.44198530812, shape=(), dtype=float64)
nll_grad  cost time: 2.5888829231262207
nll_grad  cost time: 2.5682756900787354
tf.Tensor(-11045.444882978307, shape=(), dtype=float64)
nll_grad  cost time: 2.6153852939605713
tf.Tensor(-11045.446833449634, shape=(), dtype=float64)
nll_grad  cost time: 2.507366180419922
tf.Tensor(-11045.449302420151, shape=(), dtype=float64)
nll_grad  cost time: 2.5439164638519287
tf.Tensor(-11045.450330295236, shape=(), dtype=float64)
nll_grad  cost time: 2.735133647918701
tf.Tensor(-11045.450733584934, shape=(), dtype=float64)
nll_grad  cost time: 2.694441080093384
tf.Tensor(-11045.45116082995, shape=(), dtype=float64)
nll_grad  cost time: 2.742526054382324
tf.Tensor(-11045.451626304595, shape=(), dtype=float64)
nll_grad  cost time: 2.630858898162842
tf.Tensor(-11045.452249189446, shape=(), dtype=float64)
nll_grad  cost time: 2.680196762084961
tf.Tensor(-11045.453248665159, shape=(), dtype=float64)
nll_grad  cost time: 2.5984838008880615
tf.Tensor(-11045.454905127677, shape=(), dtype=float64)
nll_grad  cost time: 2.6919219493865967
tf.Tensor(-11045.457589801772, shape=(), dtype=float64)
nll_grad  cost time: 2.608128547668457
tf.Tensor(-11045.461760153856, shape=(), dtype=float64)
nll_grad  cost time: 2.633584976196289
tf.Tensor(-11045.4672133981, shape=(), dtype=float64)
nll_grad  cost time: 2.6250147819519043
tf.Tensor(-11045.470698996825, shape=(), dtype=float64)
nll_grad  cost time: 2.5762205123901367
tf.Tensor(-11045.474363260633, shape=(), dtype=float64)
nll_grad  cost time: 2.653499126434326
tf.Tensor(-11045.476650981429, shape=(), dtype=float64)
nll_grad  cost time: 2.558584451675415
tf.Tensor(-11045.478118219602, shape=(), dtype=float64)
nll_grad  cost time: 2.564420461654663
tf.Tensor(-11045.479432658685, shape=(), dtype=float64)
nll_grad  cost time: 2.569361925125122
tf.Tensor(-11045.480410121825, shape=(), dtype=float64)
nll_grad  cost time: 2.5606110095977783
tf.Tensor(-11045.481283710491, shape=(), dtype=float64)
nll_grad  cost time: 2.644239664077759
tf.Tensor(-11045.481701472447, shape=(), dtype=float64)
nll_grad  cost time: 2.6380913257598877
tf.Tensor(-11045.481923704436, shape=(), dtype=float64)
nll_grad  cost time: 2.697601318359375
tf.Tensor(-11045.482085636242, shape=(), dtype=float64)
nll_grad  cost time: 2.6993086338043213
tf.Tensor(-11045.48221090511, shape=(), dtype=float64)
nll_grad  cost time: 2.6631269454956055
tf.Tensor(-11045.482292385022, shape=(), dtype=float64)
nll_grad  cost time: 2.626701831817627
tf.Tensor(-11045.482432671182, shape=(), dtype=float64)
nll_grad  cost time: 2.722623348236084
tf.Tensor(-11045.482678377179, shape=(), dtype=float64)
nll_grad  cost time: 2.688951253890991
tf.Tensor(-11045.483099534693, shape=(), dtype=float64)
nll_grad  cost time: 2.6272308826446533
tf.Tensor(-11045.483789594997, shape=(), dtype=float64)
nll_grad  cost time: 2.924509048461914
tf.Tensor(-11045.484836092117, shape=(), dtype=float64)
nll_grad  cost time: 2.674807071685791
tf.Tensor(-11045.4861130504, shape=(), dtype=float64)
nll_grad  cost time: 2.5575363636016846
tf.Tensor(-11045.48739393871, shape=(), dtype=float64)
nll_grad  cost time: 2.559784173965454
tf.Tensor(-11045.488412580104, shape=(), dtype=float64)
nll_grad  cost time: 2.6790945529937744
tf.Tensor(-11045.488872094364, shape=(), dtype=float64)
nll_grad  cost time: 2.6130435466766357
tf.Tensor(-11045.489146848959, shape=(), dtype=float64)
nll_grad  cost time: 2.5944325923919678
tf.Tensor(-11045.489459479802, shape=(), dtype=float64)
nll_grad  cost time: 2.558415412902832
tf.Tensor(-11045.489799615214, shape=(), dtype=float64)
nll_grad  cost time: 2.8114359378814697
tf.Tensor(-11045.490285390297, shape=(), dtype=float64)
nll_grad  cost time: 2.671556234359741
tf.Tensor(-11045.490801974978, shape=(), dtype=float64)
nll_grad  cost time: 2.7157881259918213
tf.Tensor(-11045.491338717038, shape=(), dtype=float64)
nll_grad  cost time: 2.7698590755462646
tf.Tensor(-11045.491795412308, shape=(), dtype=float64)
nll_grad  cost time: 2.8607842922210693
tf.Tensor(-11045.492157784305, shape=(), dtype=float64)
nll_grad  cost time: 2.785454750061035
tf.Tensor(-11045.492497285079, shape=(), dtype=float64)
nll_grad  cost time: 2.816588878631592
tf.Tensor(-11045.492842181717, shape=(), dtype=float64)
nll_grad  cost time: 2.6167051792144775
tf.Tensor(-11045.493080195236, shape=(), dtype=float64)
nll_grad  cost time: 2.7633838653564453
tf.Tensor(-11045.493206585372, shape=(), dtype=float64)
nll_grad  cost time: 2.628142833709717
tf.Tensor(-11045.493248658793, shape=(), dtype=float64)
nll_grad  cost time: 2.6667168140411377
tf.Tensor(-11045.493255414855, shape=(), dtype=float64)
nll_grad  cost time: 2.695706367492676
tf.Tensor(-11045.493258932947, shape=(), dtype=float64)
nll_grad  cost time: 2.7528743743896484
tf.Tensor(-11045.493263159566, shape=(), dtype=float64)
nll_grad  cost time: 2.6364707946777344
tf.Tensor(-11045.493269928971, shape=(), dtype=float64)
nll_grad  cost time: 2.7366366386413574
tf.Tensor(-11045.49328134214, shape=(), dtype=float64)
nll_grad  cost time: 2.6492462158203125
tf.Tensor(-11045.493301159877, shape=(), dtype=float64)
nll_grad  cost time: 2.6119368076324463
tf.Tensor(-11045.493335821098, shape=(), dtype=float64)
nll_grad  cost time: 2.7447736263275146
tf.Tensor(-11045.493395706544, shape=(), dtype=float64)
nll_grad  cost time: 2.681346893310547
tf.Tensor(-11045.493495340037, shape=(), dtype=float64)
nll_grad  cost time: 2.6422877311706543
tf.Tensor(-11045.493646698771, shape=(), dtype=float64)
nll_grad  cost time: 2.7336041927337646
tf.Tensor(-11045.493801103592, shape=(), dtype=float64)
nll_grad  cost time: 2.618842601776123
tf.Tensor(-11045.493910315097, shape=(), dtype=float64)
nll_grad  cost time: 2.6410982608795166
tf.Tensor(-11045.493959355597, shape=(), dtype=float64)
nll_grad  cost time: 2.6671087741851807
tf.Tensor(-11045.493965830086, shape=(), dtype=float64)
nll_grad  cost time: 2.61266827583313
tf.Tensor(-11045.493966455964, shape=(), dtype=float64)
nll_grad  cost time: 2.5051558017730713
tf.Tensor(-11045.493966596798, shape=(), dtype=float64)
nll_grad  cost time: 2.6284215450286865
tf.Tensor(-11045.493966631839, shape=(), dtype=float64)
nll_grad  cost time: 2.6099565029144287
tf.Tensor(-11045.493966637303, shape=(), dtype=float64)
nll_grad  cost time: 2.5177674293518066
tf.Tensor(-11045.493966638132, shape=(), dtype=float64)
Optimization terminated successfully.
         Current function value: -11045.493967
         Iterations: 968
         Function evaluations: 989
         Gradient evaluations: 989
  message: Optimization terminated successfully.
  success: True
   status: 0
      fun: -11045.493966638132
        x: [ 1.091e+00  3.097e-01 ...  9.103e-01 -5.817e+00]
      nit: 968
      jac: [ 0.000e+00  0.000e+00 ... -1.868e-05 -3.901e-05]
 hess_inv: [[ 1.000e+00  0.000e+00 ...  0.000e+00  0.000e+00]
            [ 0.000e+00  1.000e+00 ...  0.000e+00  0.000e+00]
            ...
            [ 0.000e+00  0.000e+00 ...  1.112e-01  1.867e-02]
            [ 0.000e+00  0.000e+00 ...  1.867e-02  1.205e-01]]
     nfev: 989
     njev: 989
fit  cost time: 2547.889519929886
{
  "rho(1450)p_mass": 1.51,
  "rho(1450)p_width": 0.44,
  "rho(1570)p_mass": 1.57,
  "rho(1570)p_width": 0.14,
  "rho(1690)p_mass": 1.681,
  "rho(1690)p_width": 0.19,
  "rho(1450)m_mass": 1.51,
  "rho(1450)m_width": 0.44,
  "rho(1570)m_mass": 1.57,
  "rho(1570)m_width": 0.14,
  "rho(1690)m_mass": 1.681,
  "rho(1690)m_width": 0.19,
  "f0(500)_E791_mass": 0.478,
  "f2(1270)_flatte_mass": 1.2754,
  "f2(1270)_flatte_g_0": 1.0909371215856758,
  "f2(1270)_flatte_g_1": 0.30973756873560654,
  "f0(1370)_mass": 1.37,
  "f0(1370)_width": 0.35,
  "f2(1430)_mass": 1.43,
  "f2(1430)_width": 0.046,
  "Jpsi->rho(1450)p.pimrho(1450)p->phi.pip_total_0r": 1.0,
  "Jpsi->rho(1450)p.pimrho(1450)p->phi.pip_total_0i": 0.0,
  "Jpsi->rho(1450)p.pim_g_ls_0r": 1.0,
  "Jpsi->rho(1450)p.pim_g_ls_0i": 0.0,
  "rho(1450)p->phi.pip_g_ls_0r": 1.0,
  "rho(1450)p->phi.pip_g_ls_0i": 0.0,
  "Jpsi->rho(1570)p.pimrho(1570)p->phi.pip_total_0r": 0.4909887038609753,
  "Jpsi->rho(1570)p.pimrho(1570)p->phi.pip_total_0i": 2.7886850239168597,
  "Jpsi->rho(1570)p.pim_g_ls_0r": 1.0,
  "Jpsi->rho(1570)p.pim_g_ls_0i": 0.0,
  "rho(1570)p->phi.pip_g_ls_0r": 1.0,
  "rho(1570)p->phi.pip_g_ls_0i": 0.0,
  "Jpsi->rho(1690)p.pimrho(1690)p->phi.pip_total_0r": 0.30719961280721164,
  "Jpsi->rho(1690)p.pimrho(1690)p->phi.pip_total_0i": 8.253571413695568,
  "Jpsi->rho(1690)p.pim_g_ls_0r": 1.0,
  "Jpsi->rho(1690)p.pim_g_ls_0i": 0.0,
  "rho(1690)p->phi.pip_g_ls_0r": 1.0,
  "rho(1690)p->phi.pip_g_ls_0i": 0.0,
  "Jpsi->rho(1450)m.piprho(1450)m->phi.pim_total_0r": 1.0,
  "Jpsi->rho(1450)m.piprho(1450)m->phi.pim_total_0i": 0.0,
  "Jpsi->rho(1450)m.pip_g_ls_0r": 1.0,
  "Jpsi->rho(1450)m.pip_g_ls_0i": 0.0,
  "rho(1450)m->phi.pim_g_ls_0r": 1.0,
  "rho(1450)m->phi.pim_g_ls_0i": 0.0,
  "Jpsi->rho(1570)m.piprho(1570)m->phi.pim_total_0r": 0.4909887038609753,
  "Jpsi->rho(1570)m.piprho(1570)m->phi.pim_total_0i": 2.7886850239168597,
  "Jpsi->rho(1570)m.pip_g_ls_0r": 1.0,
  "Jpsi->rho(1570)m.pip_g_ls_0i": 0.0,
  "rho(1570)m->phi.pim_g_ls_0r": 1.0,
  "rho(1570)m->phi.pim_g_ls_0i": 0.0,
  "Jpsi->rho(1690)m.piprho(1690)m->phi.pim_total_0r": 0.30719961280721164,
  "Jpsi->rho(1690)m.piprho(1690)m->phi.pim_total_0i": 8.253571413695568,
  "Jpsi->rho(1690)m.pip_g_ls_0r": 1.0,
  "Jpsi->rho(1690)m.pip_g_ls_0i": 0.0,
  "rho(1690)m->phi.pim_g_ls_0r": 1.0,
  "rho(1690)m->phi.pim_g_ls_0i": 0.0,
  "Jpsi->phi.f0(500)_E791f0(500)_E791->pip.pim_total_0r": 2.470894063658326,
  "Jpsi->phi.f0(500)_E791f0(500)_E791->pip.pim_total_0i": -2.4673294589627766,
  "Jpsi->phi.f0(500)_E791_g_ls_0r": 1.0,
  "Jpsi->phi.f0(500)_E791_g_ls_0i": 0.0,
  "Jpsi->phi.f0(500)_E791_g_ls_1r": 0.6673040618194307,
  "Jpsi->phi.f0(500)_E791_g_ls_1i": -0.5195322938232829,
  "f0(500)_E791->pip.pim_g_ls_0r": 1.0,
  "f0(500)_E791->pip.pim_g_ls_0i": 0.0,
  "Jpsi->phi.f0(980)_flattef0(980)_flatte->pip.pim_total_0r": 0.7633601795462799,
  "Jpsi->phi.f0(980)_flattef0(980)_flatte->pip.pim_total_0i": 2.486932789786623,
  "f0(980)_flatte->pip.pim_g_ls_0r": 1.0,
  "f0(980)_flatte->pip.pim_g_ls_0i": 0.0,
  "Jpsi->phi.f2(1270)_flattef2(1270)_flatte->pip.pim_total_0r": 0.6050960355913593,
  "Jpsi->phi.f2(1270)_flattef2(1270)_flatte->pip.pim_total_0i": 0.46057652556134165,
  "Jpsi->phi.f2(1270)_flatte_g_ls_0r": 1.0,
  "Jpsi->phi.f2(1270)_flatte_g_ls_0i": 0.0,
  "Jpsi->phi.f2(1270)_flatte_g_ls_1r": 1.2477302184531522,
  "Jpsi->phi.f2(1270)_flatte_g_ls_1i": -3.037174804108238,
  "Jpsi->phi.f2(1270)_flatte_g_ls_2r": 2.606680636584762,
  "Jpsi->phi.f2(1270)_flatte_g_ls_2i": -1.0157684626179835,
  "Jpsi->phi.f2(1270)_flatte_g_ls_3r": 1.2333863387678732,
  "Jpsi->phi.f2(1270)_flatte_g_ls_3i": -2.308899658869282,
  "Jpsi->phi.f2(1270)_flatte_g_ls_4r": 0.5671801892113525,
  "Jpsi->phi.f2(1270)_flatte_g_ls_4i": -0.9449895358156253,
  "f2(1270)_flatte->pip.pim_g_ls_0r": 1.0,
  "f2(1270)_flatte->pip.pim_g_ls_0i": 0.0,
  "Jpsi->phi.f0(1370)f0(1370)->pip.pim_total_0r": 2.390984414397531,
  "Jpsi->phi.f0(1370)f0(1370)->pip.pim_total_0i": 0.34564790371120857,
  "Jpsi->phi.f0(1370)_g_ls_0r": 1.0,
  "Jpsi->phi.f0(1370)_g_ls_0i": 0.0,
  "Jpsi->phi.f0(1370)_g_ls_1r": 0.6244196209085099,
  "Jpsi->phi.f0(1370)_g_ls_1i": -0.7472375809484024,
  "f0(1370)->pip.pim_g_ls_0r": 1.0,
  "f0(1370)->pip.pim_g_ls_0i": 0.0,
  "Jpsi->phi.f0(1710)f0(1710)->pip.pim_total_0r": 0.7122862666246653,
  "Jpsi->phi.f0(1710)f0(1710)->pip.pim_total_0i": -0.9341773988663657,
  "f0(1710)->pip.pim_g_ls_0r": 1.0,
  "f0(1710)->pip.pim_g_ls_0i": 0.0,
  "Jpsi->phi.f2(1430)f2(1430)->pip.pim_total_0r": 0.15960709173387547,
  "Jpsi->phi.f2(1430)f2(1430)->pip.pim_total_0i": 0.6342139964205913,
  "Jpsi->phi.f2(1430)_g_ls_0r": 1.0,
  "Jpsi->phi.f2(1430)_g_ls_0i": 0.0,
  "Jpsi->phi.f2(1430)_g_ls_1r": 0.8122932025099038,
  "Jpsi->phi.f2(1430)_g_ls_1i": 1.0526450316323146,
  "Jpsi->phi.f2(1430)_g_ls_2r": 1.8411841828296014,
  "Jpsi->phi.f2(1430)_g_ls_2i": -2.4695986646208468,
  "Jpsi->phi.f2(1430)_g_ls_3r": 0.20866668608767666,
  "Jpsi->phi.f2(1430)_g_ls_3i": 1.6604906277544487,
  "Jpsi->phi.f2(1430)_g_ls_4r": 0.9028269070996109,
  "Jpsi->phi.f2(1430)_g_ls_4i": 0.12718258083485345,
  "f2(1430)->pip.pim_g_ls_0r": 1.0,
  "f2(1430)->pip.pim_g_ls_0i": 0.0,
  "Jpsi->phi.f0(1500)f0(1500)->pip.pim_total_0r": 0.5400055051290369,
  "Jpsi->phi.f0(1500)f0(1500)->pip.pim_total_0i": -1.7983584672677555,
  "f0(1500)->pip.pim_g_ls_0r": 1.0,
  "f0(1500)->pip.pim_g_ls_0i": 0.0,
  "K1(1400)p_mass": 1.403,
  "K1(1400)p_width": 0.174,
  "K2(1820)p_mass": 1.819,
  "K2(1820)p_width": 0.264,
  "K2(1980)p_mass": 1.99,
  "K2(1980)p_width": 0.348,
  "K2(2250)p_mass": 2.247,
  "K2(2250)p_width": 0.18,
  "K3(2320)p_mass": 2.324,
  "K3(2320)p_width": 0.15,
  "K1(1400)m_mass": 1.403,
  "K1(1400)m_width": 0.174,
  "K2(1820)m_mass": 1.819,
  "K2(1820)m_width": 0.264,
  "K2(1980)m_mass": 1.99,
  "K2(1980)m_width": 0.348,
  "K3(2320)m_mass": 2.324,
  "K3(2320)m_width": 0.15,
  "f0(980)_flatte_mass": 0.965,
  "f0(980)_flatte_g_0": 0.3279245262887717,
  "f0(980)_flatte_g_1": 0.0016707553135199347,
  "f2(1270)_mass": 1.2754,
  "f2(1270)_width": 0.1858,
  "f0(1500)_mass": 1.522,
  "f0(1500)_width": 0.108,
  "f2(1525)_mass": 1.5173,
  "f2(1525)_width": 0.072,
  "f2(1565)_mass": 1.571,
  "f2(1565)_width": 0.132,
  "f0(1710)_mass": 1.733,
  "f0(1710)_width": 0.15,
  "f2(1810)_mass": 1.815,
  "f2(1810)_width": 0.197,
  "Jpsi->K1(1400)p.kmK1(1400)p->phi.kp_total_0r": 1.0,
  "Jpsi->K1(1400)p.kmK1(1400)p->phi.kp_total_0i": 0.0,
  "Jpsi->K1(1400)p.km_g_ls_0r": 1.0,
  "Jpsi->K1(1400)p.km_g_ls_0i": 0.0,
  "Jpsi->K1(1400)p.km_g_ls_1r": -1.3930555305464987,
  "Jpsi->K1(1400)p.km_g_ls_1i": -3.810407744947866,
  "K1(1400)p->phi.kp_g_ls_0r": 1.0,
  "K1(1400)p->phi.kp_g_ls_0i": 0.0,
  "K1(1400)p->phi.kp_g_ls_1r": 1.4528456311898386,
  "K1(1400)p->phi.kp_g_ls_1i": 1.5882374055755701,
  "Jpsi->K2(1820)p.kmK2(1820)p->phi.kp_total_0r": 2.9916941808445654,
  "Jpsi->K2(1820)p.kmK2(1820)p->phi.kp_total_0i": -0.44658057333990764,
  "Jpsi->K2(1820)p.km_g_ls_0r": 1.0,
  "Jpsi->K2(1820)p.km_g_ls_0i": 0.0,
  "Jpsi->K2(1820)p.km_g_ls_1r": 0.2813923579607821,
  "Jpsi->K2(1820)p.km_g_ls_1i": 3.8685001317758823,
  "K2(1820)p->phi.kp_g_ls_0r": 1.0,
  "K2(1820)p->phi.kp_g_ls_0i": 0.0,
  "K2(1820)p->phi.kp_g_ls_1r": 0.5104955157289347,
  "K2(1820)p->phi.kp_g_ls_1i": -1.343844773470167,
  "Jpsi->K2(1980)p.kmK2(1980)p->phi.kp_total_0r": 2.5559364019029007,
  "Jpsi->K2(1980)p.kmK2(1980)p->phi.kp_total_0i": 1.0067483354127296,
  "Jpsi->K2(1980)p.km_g_ls_0r": 1.0,
  "Jpsi->K2(1980)p.km_g_ls_0i": 0.0,
  "K2(1980)p->phi.kp_g_ls_0r": 1.0,
  "K2(1980)p->phi.kp_g_ls_0i": 0.0,
  "Jpsi->K2(2250)p.kmK2(2250)p->phi.kp_total_0r": 0.9261978856303537,
  "Jpsi->K2(2250)p.kmK2(2250)p->phi.kp_total_0i": -7.017498861859995,
  "Jpsi->K2(2250)p.km_g_ls_0r": 1.0,
  "Jpsi->K2(2250)p.km_g_ls_0i": 0.0,
  "Jpsi->K2(2250)p.km_g_ls_1r": 0.4766825681827399,
  "Jpsi->K2(2250)p.km_g_ls_1i": 3.065036903628841,
  "K2(2250)p->phi.kp_g_ls_0r": 1.0,
  "K2(2250)p->phi.kp_g_ls_0i": 0.0,
  "K2(2250)p->phi.kp_g_ls_1r": 0.48001377873117346,
  "K2(2250)p->phi.kp_g_ls_1i": -1.3969177627004739,
  "Jpsi->K3(2320)p.kmK3(2320)p->phi.kp_total_0r": 1.3789707408432135,
  "Jpsi->K3(2320)p.kmK3(2320)p->phi.kp_total_0i": 1.1567738557802931,
  "Jpsi->K3(2320)p.km_g_ls_0r": 1.0,
  "Jpsi->K3(2320)p.km_g_ls_0i": 0.0,
  "Jpsi->K3(2320)p.km_g_ls_1r": -0.5389882632208278,
  "Jpsi->K3(2320)p.km_g_ls_1i": 3.6779934193154187,
  "K3(2320)p->phi.kp_g_ls_0r": 1.0,
  "K3(2320)p->phi.kp_g_ls_0i": 0.0,
  "K3(2320)p->phi.kp_g_ls_1r": -0.20921441664480794,
  "K3(2320)p->phi.kp_g_ls_1i": -0.09181294714061357,
  "Jpsi->K1(1400)m.kpK1(1400)m->phi.km_total_0r": 1.0,
  "Jpsi->K1(1400)m.kpK1(1400)m->phi.km_total_0i": 0.0,
  "Jpsi->K1(1400)m.kp_g_ls_0r": 1.0,
  "Jpsi->K1(1400)m.kp_g_ls_0i": 0.0,
  "Jpsi->K1(1400)m.kp_g_ls_1r": -1.3930555305464987,
  "Jpsi->K1(1400)m.kp_g_ls_1i": -3.810407744947866,
  "K1(1400)m->phi.km_g_ls_0r": 1.0,
  "K1(1400)m->phi.km_g_ls_0i": 0.0,
  "K1(1400)m->phi.km_g_ls_1r": 1.4528456311898386,
  "K1(1400)m->phi.km_g_ls_1i": 1.5882374055755701,
  "Jpsi->K2(1820)m.kpK2(1820)m->phi.km_total_0r": 2.9916941808445654,
  "Jpsi->K2(1820)m.kpK2(1820)m->phi.km_total_0i": -0.44658057333990764,
  "Jpsi->K2(1820)m.kp_g_ls_0r": 1.0,
  "Jpsi->K2(1820)m.kp_g_ls_0i": 0.0,
  "Jpsi->K2(1820)m.kp_g_ls_1r": 0.2813923579607821,
  "Jpsi->K2(1820)m.kp_g_ls_1i": 3.8685001317758823,
  "K2(1820)m->phi.km_g_ls_0r": 1.0,
  "K2(1820)m->phi.km_g_ls_0i": 0.0,
  "K2(1820)m->phi.km_g_ls_1r": 0.5104955157289347,
  "K2(1820)m->phi.km_g_ls_1i": -1.343844773470167,
  "Jpsi->K2(1980)m.kpK2(1980)m->phi.km_total_0r": 2.5559364019029007,
  "Jpsi->K2(1980)m.kpK2(1980)m->phi.km_total_0i": 1.0067483354127296,
  "Jpsi->K2(1980)m.kp_g_ls_0r": 1.0,
  "Jpsi->K2(1980)m.kp_g_ls_0i": 0.0,
  "K2(1980)m->phi.km_g_ls_0r": 1.0,
  "K2(1980)m->phi.km_g_ls_0i": 0.0,
  "Jpsi->K2(2250)p.kpK2(2250)p->phi.km_total_0r": 0.8319687351136487,
  "Jpsi->K2(2250)p.kpK2(2250)p->phi.km_total_0i": -0.9859841894266612,
  "Jpsi->K2(2250)p.kp_g_ls_0r": 1.0,
  "Jpsi->K2(2250)p.kp_g_ls_0i": 0.0,
  "Jpsi->K2(2250)p.kp_g_ls_1r": 0.2805488579711298,
  "Jpsi->K2(2250)p.kp_g_ls_1i": -2.917811606901193,
  "K2(2250)p->phi.km_g_ls_0r": 1.0,
  "K2(2250)p->phi.km_g_ls_0i": 0.0,
  "K2(2250)p->phi.km_g_ls_1r": 1.1110345185240993,
  "K2(2250)p->phi.km_g_ls_1i": -1.1662299230343045,
  "Jpsi->K3(2320)m.kpK3(2320)m->phi.km_total_0r": 1.3789707408432135,
  "Jpsi->K3(2320)m.kpK3(2320)m->phi.km_total_0i": 1.1567738557802931,
  "Jpsi->K3(2320)m.kp_g_ls_0r": 1.0,
  "Jpsi->K3(2320)m.kp_g_ls_0i": 0.0,
  "Jpsi->K3(2320)m.kp_g_ls_1r": -0.5389882632208278,
  "Jpsi->K3(2320)m.kp_g_ls_1i": 3.6779934193154187,
  "K3(2320)m->phi.km_g_ls_0r": 1.0,
  "K3(2320)m->phi.km_g_ls_0i": 0.0,
  "K3(2320)m->phi.km_g_ls_1r": -0.20921441664480794,
  "K3(2320)m->phi.km_g_ls_1i": -0.09181294714061357,
  "Jpsi->phi.f0(980)_flattef0(980)_flatte->kp.km_total_0r": 2.9592940954464444,
  "Jpsi->phi.f0(980)_flattef0(980)_flatte->kp.km_total_0i": -2.25097820990723,
  "Jpsi->phi.f0(980)_flatte_g_ls_0r": 1.0,
  "Jpsi->phi.f0(980)_flatte_g_ls_0i": 0.0,
  "Jpsi->phi.f0(980)_flatte_g_ls_1r": 0.5766574465306494,
  "Jpsi->phi.f0(980)_flatte_g_ls_1i": -0.24745042505586623,
  "f0(980)_flatte->kp.km_g_ls_0r": 1.0,
  "f0(980)_flatte->kp.km_g_ls_0i": 0.0,
  "Jpsi->phi.f2(1270)f2(1270)->kp.km_total_0r": 0.665418323975974,
  "Jpsi->phi.f2(1270)f2(1270)->kp.km_total_0i": -3.083578016261548,
  "Jpsi->phi.f2(1270)_g_ls_0r": 1.0,
  "Jpsi->phi.f2(1270)_g_ls_0i": 0.0,
  "Jpsi->phi.f2(1270)_g_ls_1r": 1.3329917478102584,
  "Jpsi->phi.f2(1270)_g_ls_1i": -2.5426153997696144,
  "Jpsi->phi.f2(1270)_g_ls_2r": 1.8629326814809055,
  "Jpsi->phi.f2(1270)_g_ls_2i": -0.2273742441144364,
  "Jpsi->phi.f2(1270)_g_ls_3r": 1.8968189203795558,
  "Jpsi->phi.f2(1270)_g_ls_3i": 2.5686111718781515,
  "Jpsi->phi.f2(1270)_g_ls_4r": 0.5330489128959254,
  "Jpsi->phi.f2(1270)_g_ls_4i": 2.4056124238439685,
  "f2(1270)->kp.km_g_ls_0r": 1.0,
  "f2(1270)->kp.km_g_ls_0i": 0.0,
  "Jpsi->phi.f0(1500)f0(1500)->kp.km_total_0r": 0.4228365850098472,
  "Jpsi->phi.f0(1500)f0(1500)->kp.km_total_0i": 0.5652483165147903,
  "Jpsi->phi.f0(1500)_g_ls_0r": 1.0,
  "Jpsi->phi.f0(1500)_g_ls_0i": 0.0,
  "Jpsi->phi.f0(1500)_g_ls_1r": 0.603138719112291,
  "Jpsi->phi.f0(1500)_g_ls_1i": -0.8559906955478387,
  "f0(1500)->kp.km_g_ls_0r": 1.0,
  "f0(1500)->kp.km_g_ls_0i": 0.0,
  "Jpsi->phi.f2(1525)f2(1525)->kp.km_total_0r": 0.6799901342082127,
  "Jpsi->phi.f2(1525)f2(1525)->kp.km_total_0i": 2.2317005585417924,
  "Jpsi->phi.f2(1525)_g_ls_0r": 1.0,
  "Jpsi->phi.f2(1525)_g_ls_0i": 0.0,
  "Jpsi->phi.f2(1525)_g_ls_1r": 2.4401401893317467,
  "Jpsi->phi.f2(1525)_g_ls_1i": -0.7925630043832772,
  "Jpsi->phi.f2(1525)_g_ls_2r": 2.9003702752050877,
  "Jpsi->phi.f2(1525)_g_ls_2i": 2.3096125895886637,
  "Jpsi->phi.f2(1525)_g_ls_3r": 0.8109819547777759,
  "Jpsi->phi.f2(1525)_g_ls_3i": -1.8306849516569734,
  "Jpsi->phi.f2(1525)_g_ls_4r": 0.9494685741075927,
  "Jpsi->phi.f2(1525)_g_ls_4i": -0.3882287107058069,
  "f2(1525)->kp.km_g_ls_0r": 1.0,
  "f2(1525)->kp.km_g_ls_0i": 0.0,
  "Jpsi->phi.f2(1565)f2(1565)->kp.km_total_0r": 0.7821410472384855,
  "Jpsi->phi.f2(1565)f2(1565)->kp.km_total_0i": 2.5423726866412864,
  "Jpsi->phi.f2(1565)_g_ls_0r": 1.0,
  "Jpsi->phi.f2(1565)_g_ls_0i": 0.0,
  "Jpsi->phi.f2(1565)_g_ls_1r": 1.6222684633556554,
  "Jpsi->phi.f2(1565)_g_ls_1i": -2.641291360945635,
  "Jpsi->phi.f2(1565)_g_ls_2r": 2.449159794871248,
  "Jpsi->phi.f2(1565)_g_ls_2i": -0.8053850556686086,
  "Jpsi->phi.f2(1565)_g_ls_3r": 2.3848984250561407,
  "Jpsi->phi.f2(1565)_g_ls_3i": 2.5778895988511863,
  "Jpsi->phi.f2(1565)_g_ls_4r": 1.4412101142061002,
  "Jpsi->phi.f2(1565)_g_ls_4i": 1.1620521483666915,
  "f2(1565)->kp.km_g_ls_0r": 1.0,
  "f2(1565)->kp.km_g_ls_0i": 0.0,
  "Jpsi->phi.f0(1710)f0(1710)->kp.km_total_0r": 1.1508474980247896,
  "Jpsi->phi.f0(1710)f0(1710)->kp.km_total_0i": 2.241466204314399,
  "Jpsi->phi.f0(1710)_g_ls_0r": 1.0,
  "Jpsi->phi.f0(1710)_g_ls_0i": 0.0,
  "Jpsi->phi.f0(1710)_g_ls_1r": 0.9105419809094185,
  "Jpsi->phi.f0(1710)_g_ls_1i": 0.26223814358612696,
  "f0(1710)->kp.km_g_ls_0r": 1.0,
  "f0(1710)->kp.km_g_ls_0i": 0.0,
  "Jpsi->phi.f2(1810)f2(1810)->kp.km_total_0r": 1.1847723460440405,
  "Jpsi->phi.f2(1810)f2(1810)->kp.km_total_0i": -0.18962385546464589,
  "Jpsi->phi.f2(1810)_g_ls_0r": 1.0,
  "Jpsi->phi.f2(1810)_g_ls_0i": 0.0,
  "Jpsi->phi.f2(1810)_g_ls_1r": 2.552630099677471,
  "Jpsi->phi.f2(1810)_g_ls_1i": -0.8761187277696778,
  "Jpsi->phi.f2(1810)_g_ls_2r": 1.0991697333755324,
  "Jpsi->phi.f2(1810)_g_ls_2i": 1.177399964595753,
  "Jpsi->phi.f2(1810)_g_ls_3r": 0.6993408832617926,
  "Jpsi->phi.f2(1810)_g_ls_3i": 2.6157274516303035,
  "Jpsi->phi.f2(1810)_g_ls_4r": 0.9102798583399268,
  "Jpsi->phi.f2(1810)_g_ls_4i": 0.4661819447854123,
  "f2(1810)->kp.km_g_ls_0r": 1.0,
  "f2(1810)->kp.km_g_ls_0i": 0.0
}
Time for calculating errors: 369.1921977996826

[WARN] Hessian inversion failed: Singular matrix
[WARN] Falling back to pseudo-inverse (pinv). Errors in singular directions will be NaN/inf.
[DIAG] _last_hessian not cached, cannot show eigenvalue details.
Time for calculating errors: 322.97272181510925
[WARN] using pinv for singular Hessian block
eigvalues:  [ 7.34208272e+00+0.00000000e+00j  4.13970758e+00+0.00000000e+00j
  2.20186091e+00+0.00000000e+00j  1.95511201e+00+0.00000000e+00j
  1.55751037e+00+0.00000000e+00j  1.24931523e+00+0.00000000e+00j
  1.05651143e+00+0.00000000e+00j  8.00625264e-01+0.00000000e+00j
  6.10720408e-01+0.00000000e+00j  5.16775978e-01+0.00000000e+00j
  4.74502758e-01+0.00000000e+00j  4.47658745e-01+0.00000000e+00j
  4.29248017e-01+0.00000000e+00j  4.08420354e-01+0.00000000e+00j
  3.56303178e-01+0.00000000e+00j  2.79829344e-01+0.00000000e+00j
  2.74627986e-01+0.00000000e+00j  2.49865212e-01+0.00000000e+00j
  2.33227363e-01+0.00000000e+00j  1.94227862e-01+0.00000000e+00j
  1.98337760e-01+0.00000000e+00j  1.65397027e-01+0.00000000e+00j
  1.52529365e-01+0.00000000e+00j  1.47831066e-01+0.00000000e+00j
  1.36301180e-01+0.00000000e+00j  1.20677117e-01+0.00000000e+00j
  1.08295646e-01+0.00000000e+00j  9.81404260e-02+0.00000000e+00j
  9.46412736e-02+0.00000000e+00j  8.78793363e-02+0.00000000e+00j
  7.93946062e-02+0.00000000e+00j  7.79280490e-02+0.00000000e+00j
  7.21376286e-02+0.00000000e+00j  6.93907583e-02+0.00000000e+00j
  5.89827888e-02+0.00000000e+00j  5.71061164e-02+0.00000000e+00j
  5.58305580e-02+0.00000000e+00j  5.12902297e-02+0.00000000e+00j
  5.02739628e-02+0.00000000e+00j  4.83126128e-02+0.00000000e+00j
  4.43356827e-02+0.00000000e+00j  4.09137102e-02+0.00000000e+00j
  4.05274949e-02+0.00000000e+00j  3.79038117e-02+0.00000000e+00j
  3.67830414e-02+0.00000000e+00j  3.53547657e-02+0.00000000e+00j
  3.31264194e-02+0.00000000e+00j  2.99109398e-02+0.00000000e+00j
  2.77662395e-02+0.00000000e+00j  2.72628875e-02+0.00000000e+00j
  2.34396061e-02+0.00000000e+00j  2.30543005e-02+0.00000000e+00j
  2.19850842e-02+0.00000000e+00j  2.01065707e-02+0.00000000e+00j
  1.84194875e-02+0.00000000e+00j  1.74247299e-02+0.00000000e+00j
  1.62007536e-02+0.00000000e+00j  1.44896133e-02+0.00000000e+00j
  1.35965527e-02+0.00000000e+00j  1.29426405e-02+0.00000000e+00j
  1.18583729e-02+0.00000000e+00j  1.14016641e-02+0.00000000e+00j
  1.10906761e-02+0.00000000e+00j  1.05358411e-02+0.00000000e+00j
  1.01251426e-02+0.00000000e+00j  9.74877133e-03+0.00000000e+00j
  9.21025284e-03+0.00000000e+00j  8.43455776e-03+0.00000000e+00j
  7.71849598e-03+0.00000000e+00j  6.73801445e-03+0.00000000e+00j
  6.23272677e-03+0.00000000e+00j  5.60009160e-03+0.00000000e+00j
  5.45285115e-03+0.00000000e+00j  4.93819495e-03+0.00000000e+00j
  4.69385641e-03+0.00000000e+00j  4.22538102e-03+0.00000000e+00j
  4.18405866e-03+0.00000000e+00j  4.03200304e-03+0.00000000e+00j
  3.80509179e-03+0.00000000e+00j  3.51310796e-03+0.00000000e+00j
  3.34101934e-03+0.00000000e+00j  3.15836189e-03+0.00000000e+00j
  2.98025231e-03+0.00000000e+00j  2.72042934e-03+0.00000000e+00j
  2.58546853e-03+0.00000000e+00j  2.51330313e-03+0.00000000e+00j
  2.37052102e-03+0.00000000e+00j  2.23110305e-03+0.00000000e+00j
  1.96602301e-03+0.00000000e+00j  1.71844065e-03+0.00000000e+00j
  1.59400714e-03+0.00000000e+00j  1.49211602e-03+0.00000000e+00j
  1.34417139e-03+0.00000000e+00j  1.29318311e-03+0.00000000e+00j
  1.27794619e-03+0.00000000e+00j  1.23605588e-03+0.00000000e+00j
  1.14022468e-03+0.00000000e+00j  1.03965672e-03+0.00000000e+00j
  9.14407857e-04+0.00000000e+00j  7.90125576e-04+0.00000000e+00j
  6.36400630e-04+0.00000000e+00j  6.02528536e-04+0.00000000e+00j
  5.48183103e-04+0.00000000e+00j  4.26746287e-04+0.00000000e+00j
  3.83549593e-04+0.00000000e+00j  3.48887138e-04+0.00000000e+00j
  3.31771903e-04+0.00000000e+00j  2.74917397e-04+0.00000000e+00j
  2.51619249e-04+0.00000000e+00j  2.13875081e-04+0.00000000e+00j
  1.98425788e-04+0.00000000e+00j  1.80988028e-04+0.00000000e+00j
  1.67991857e-05+0.00000000e+00j  1.30012892e-04+0.00000000e+00j
  4.46078459e-05+0.00000000e+00j  4.54771763e-05+0.00000000e+00j
  6.92805987e-05+0.00000000e+00j  8.30887196e-05+0.00000000e+00j
  8.62739517e-05+0.00000000e+00j  9.92443063e-05+0.00000000e+00j
 -1.80167784e-19+3.23214479e-18j -1.80167784e-19-3.23214479e-18j
  0.00000000e+00+0.00000000e+00j  0.00000000e+00+0.00000000e+00j]
[WARN] using pinv for singular Hessian block
[ERROR] pinv fallback also failed: ufunc 'fabs' not supported for the input types, and the inputs could not be safely coerced to any supported types according to the casting rule ''safe''
[INFO] Saving fit result WITHOUT parameter errors.

########## fit results:
Fit status:  True
Minimal -lnL =  -11045.493966638132
rho(1450)p_mass 1.51
rho(1450)p_width 0.44
rho(1570)p_mass 1.57
rho(1570)p_width 0.14
rho(1690)p_mass 1.681
rho(1690)p_width 0.19
rho(1450)m_mass 1.51
rho(1450)m_width 0.44
rho(1570)m_mass 1.57
rho(1570)m_width 0.14
rho(1690)m_mass 1.681
rho(1690)m_width 0.19
f0(500)_E791_mass 0.478
f2(1270)_flatte_mass 1.2754
f2(1270)_flatte_g_0 1.0909371215856758
f2(1270)_flatte_g_1 0.30973756873560654
f0(1370)_mass 1.37
f0(1370)_width 0.35
f2(1430)_mass 1.43
f2(1430)_width 0.046
Jpsi->rho(1450)p.pimrho(1450)p->phi.pip_total_0r 1.0
Jpsi->rho(1450)p.pimrho(1450)p->phi.pip_total_0i 0.0
Jpsi->rho(1450)p.pim_g_ls_0r 1.0
Jpsi->rho(1450)p.pim_g_ls_0i 0.0
rho(1450)p->phi.pip_g_ls_0r 1.0
rho(1450)p->phi.pip_g_ls_0i 0.0
Jpsi->rho(1570)p.pimrho(1570)p->phi.pip_total_0r 0.4909887038609753
Jpsi->rho(1570)p.pimrho(1570)p->phi.pip_total_0i 2.7886850239168597
Jpsi->rho(1570)p.pim_g_ls_0r 1.0
Jpsi->rho(1570)p.pim_g_ls_0i 0.0
rho(1570)p->phi.pip_g_ls_0r 1.0
rho(1570)p->phi.pip_g_ls_0i 0.0
Jpsi->rho(1690)p.pimrho(1690)p->phi.pip_total_0r 0.30719961280721164
Jpsi->rho(1690)p.pimrho(1690)p->phi.pip_total_0i 8.253571413695568
Jpsi->rho(1690)p.pim_g_ls_0r 1.0
Jpsi->rho(1690)p.pim_g_ls_0i 0.0
rho(1690)p->phi.pip_g_ls_0r 1.0
rho(1690)p->phi.pip_g_ls_0i 0.0
Jpsi->rho(1450)m.piprho(1450)m->phi.pim_total_0r 1.0
Jpsi->rho(1450)m.piprho(1450)m->phi.pim_total_0i 0.0
Jpsi->rho(1450)m.pip_g_ls_0r 1.0
Jpsi->rho(1450)m.pip_g_ls_0i 0.0
rho(1450)m->phi.pim_g_ls_0r 1.0
rho(1450)m->phi.pim_g_ls_0i 0.0
Jpsi->rho(1570)m.piprho(1570)m->phi.pim_total_0r 0.4909887038609753
Jpsi->rho(1570)m.piprho(1570)m->phi.pim_total_0i 2.7886850239168597
Jpsi->rho(1570)m.pip_g_ls_0r 1.0
Jpsi->rho(1570)m.pip_g_ls_0i 0.0
rho(1570)m->phi.pim_g_ls_0r 1.0
rho(1570)m->phi.pim_g_ls_0i 0.0
Jpsi->rho(1690)m.piprho(1690)m->phi.pim_total_0r 0.30719961280721164
Jpsi->rho(1690)m.piprho(1690)m->phi.pim_total_0i 8.253571413695568
Jpsi->rho(1690)m.pip_g_ls_0r 1.0
Jpsi->rho(1690)m.pip_g_ls_0i 0.0
rho(1690)m->phi.pim_g_ls_0r 1.0
rho(1690)m->phi.pim_g_ls_0i 0.0
Jpsi->phi.f0(500)_E791f0(500)_E791->pip.pim_total_0r 2.470894063658326
Jpsi->phi.f0(500)_E791f0(500)_E791->pip.pim_total_0i -2.4673294589627766
Jpsi->phi.f0(500)_E791_g_ls_0r 1.0
Jpsi->phi.f0(500)_E791_g_ls_0i 0.0
Jpsi->phi.f0(500)_E791_g_ls_1r 0.6673040618194307
Jpsi->phi.f0(500)_E791_g_ls_1i -0.5195322938232829
f0(500)_E791->pip.pim_g_ls_0r 1.0
f0(500)_E791->pip.pim_g_ls_0i 0.0
Jpsi->phi.f0(980)_flattef0(980)_flatte->pip.pim_total_0r 0.7633601795462799
Jpsi->phi.f0(980)_flattef0(980)_flatte->pip.pim_total_0i 2.486932789786623
f0(980)_flatte->pip.pim_g_ls_0r 1.0
f0(980)_flatte->pip.pim_g_ls_0i 0.0
Jpsi->phi.f2(1270)_flattef2(1270)_flatte->pip.pim_total_0r 0.6050960355913593
Jpsi->phi.f2(1270)_flattef2(1270)_flatte->pip.pim_total_0i 0.46057652556134165
Jpsi->phi.f2(1270)_flatte_g_ls_0r 1.0
Jpsi->phi.f2(1270)_flatte_g_ls_0i 0.0
Jpsi->phi.f2(1270)_flatte_g_ls_1r 1.2477302184531522
Jpsi->phi.f2(1270)_flatte_g_ls_1i -3.037174804108238
Jpsi->phi.f2(1270)_flatte_g_ls_2r 2.606680636584762
Jpsi->phi.f2(1270)_flatte_g_ls_2i -1.0157684626179835
Jpsi->phi.f2(1270)_flatte_g_ls_3r 1.2333863387678732
Jpsi->phi.f2(1270)_flatte_g_ls_3i -2.308899658869282
Jpsi->phi.f2(1270)_flatte_g_ls_4r 0.5671801892113525
Jpsi->phi.f2(1270)_flatte_g_ls_4i -0.9449895358156253
f2(1270)_flatte->pip.pim_g_ls_0r 1.0
f2(1270)_flatte->pip.pim_g_ls_0i 0.0
Jpsi->phi.f0(1370)f0(1370)->pip.pim_total_0r 2.390984414397531
Jpsi->phi.f0(1370)f0(1370)->pip.pim_total_0i 0.34564790371120857
Jpsi->phi.f0(1370)_g_ls_0r 1.0
Jpsi->phi.f0(1370)_g_ls_0i 0.0
Jpsi->phi.f0(1370)_g_ls_1r 0.6244196209085099
Jpsi->phi.f0(1370)_g_ls_1i -0.7472375809484024
f0(1370)->pip.pim_g_ls_0r 1.0
f0(1370)->pip.pim_g_ls_0i 0.0
Jpsi->phi.f0(1710)f0(1710)->pip.pim_total_0r 0.7122862666246653
Jpsi->phi.f0(1710)f0(1710)->pip.pim_total_0i -0.9341773988663657
f0(1710)->pip.pim_g_ls_0r 1.0
f0(1710)->pip.pim_g_ls_0i 0.0
Jpsi->phi.f2(1430)f2(1430)->pip.pim_total_0r 0.15960709173387547
Jpsi->phi.f2(1430)f2(1430)->pip.pim_total_0i 0.6342139964205913
Jpsi->phi.f2(1430)_g_ls_0r 1.0
Jpsi->phi.f2(1430)_g_ls_0i 0.0
Jpsi->phi.f2(1430)_g_ls_1r 0.8122932025099038
Jpsi->phi.f2(1430)_g_ls_1i 1.0526450316323146
Jpsi->phi.f2(1430)_g_ls_2r 1.8411841828296014
Jpsi->phi.f2(1430)_g_ls_2i -2.4695986646208468
Jpsi->phi.f2(1430)_g_ls_3r 0.20866668608767666
Jpsi->phi.f2(1430)_g_ls_3i 1.6604906277544487
Jpsi->phi.f2(1430)_g_ls_4r 0.9028269070996109
Jpsi->phi.f2(1430)_g_ls_4i 0.12718258083485345
f2(1430)->pip.pim_g_ls_0r 1.0
f2(1430)->pip.pim_g_ls_0i 0.0
Jpsi->phi.f0(1500)f0(1500)->pip.pim_total_0r 0.5400055051290369
Jpsi->phi.f0(1500)f0(1500)->pip.pim_total_0i -1.7983584672677555
f0(1500)->pip.pim_g_ls_0r 1.0
f0(1500)->pip.pim_g_ls_0i 0.0
K1(1400)p_mass 1.403
K1(1400)p_width 0.174
K2(1820)p_mass 1.819
K2(1820)p_width 0.264
K2(1980)p_mass 1.99
K2(1980)p_width 0.348
K2(2250)p_mass 2.247
K2(2250)p_width 0.18
K3(2320)p_mass 2.324
K3(2320)p_width 0.15
K1(1400)m_mass 1.403
K1(1400)m_width 0.174
K2(1820)m_mass 1.819
K2(1820)m_width 0.264
K2(1980)m_mass 1.99
K2(1980)m_width 0.348
K3(2320)m_mass 2.324
K3(2320)m_width 0.15
f0(980)_flatte_mass 0.965
f0(980)_flatte_g_0 0.3279245262887717
f0(980)_flatte_g_1 0.0016707553135199347
f2(1270)_mass 1.2754
f2(1270)_width 0.1858
f0(1500)_mass 1.522
f0(1500)_width 0.108
f2(1525)_mass 1.5173
f2(1525)_width 0.072
f2(1565)_mass 1.571
f2(1565)_width 0.132
f0(1710)_mass 1.733
f0(1710)_width 0.15
f2(1810)_mass 1.815
f2(1810)_width 0.197
Jpsi->K1(1400)p.kmK1(1400)p->phi.kp_total_0r 1.0
Jpsi->K1(1400)p.kmK1(1400)p->phi.kp_total_0i 0.0
Jpsi->K1(1400)p.km_g_ls_0r 1.0
Jpsi->K1(1400)p.km_g_ls_0i 0.0
Jpsi->K1(1400)p.km_g_ls_1r -1.3930555305464987
Jpsi->K1(1400)p.km_g_ls_1i -3.810407744947866
K1(1400)p->phi.kp_g_ls_0r 1.0
K1(1400)p->phi.kp_g_ls_0i 0.0
K1(1400)p->phi.kp_g_ls_1r 1.4528456311898386
K1(1400)p->phi.kp_g_ls_1i 1.5882374055755701
Jpsi->K2(1820)p.kmK2(1820)p->phi.kp_total_0r 2.9916941808445654
Jpsi->K2(1820)p.kmK2(1820)p->phi.kp_total_0i -0.44658057333990764
Jpsi->K2(1820)p.km_g_ls_0r 1.0
Jpsi->K2(1820)p.km_g_ls_0i 0.0
Jpsi->K2(1820)p.km_g_ls_1r 0.2813923579607821
Jpsi->K2(1820)p.km_g_ls_1i 3.8685001317758823
K2(1820)p->phi.kp_g_ls_0r 1.0
K2(1820)p->phi.kp_g_ls_0i 0.0
K2(1820)p->phi.kp_g_ls_1r 0.5104955157289347
K2(1820)p->phi.kp_g_ls_1i -1.343844773470167
Jpsi->K2(1980)p.kmK2(1980)p->phi.kp_total_0r 2.5559364019029007
Jpsi->K2(1980)p.kmK2(1980)p->phi.kp_total_0i 1.0067483354127296
Jpsi->K2(1980)p.km_g_ls_0r 1.0
Jpsi->K2(1980)p.km_g_ls_0i 0.0
K2(1980)p->phi.kp_g_ls_0r 1.0
K2(1980)p->phi.kp_g_ls_0i 0.0
Jpsi->K2(2250)p.kmK2(2250)p->phi.kp_total_0r 0.9261978856303537
Jpsi->K2(2250)p.kmK2(2250)p->phi.kp_total_0i -7.017498861859995
Jpsi->K2(2250)p.km_g_ls_0r 1.0
Jpsi->K2(2250)p.km_g_ls_0i 0.0
Jpsi->K2(2250)p.km_g_ls_1r 0.4766825681827399
Jpsi->K2(2250)p.km_g_ls_1i 3.065036903628841
K2(2250)p->phi.kp_g_ls_0r 1.0
K2(2250)p->phi.kp_g_ls_0i 0.0
K2(2250)p->phi.kp_g_ls_1r 0.48001377873117346
K2(2250)p->phi.kp_g_ls_1i -1.3969177627004739
Jpsi->K3(2320)p.kmK3(2320)p->phi.kp_total_0r 1.3789707408432135
Jpsi->K3(2320)p.kmK3(2320)p->phi.kp_total_0i 1.1567738557802931
Jpsi->K3(2320)p.km_g_ls_0r 1.0
Jpsi->K3(2320)p.km_g_ls_0i 0.0
Jpsi->K3(2320)p.km_g_ls_1r -0.5389882632208278
Jpsi->K3(2320)p.km_g_ls_1i 3.6779934193154187
K3(2320)p->phi.kp_g_ls_0r 1.0
K3(2320)p->phi.kp_g_ls_0i 0.0
K3(2320)p->phi.kp_g_ls_1r -0.20921441664480794
K3(2320)p->phi.kp_g_ls_1i -0.09181294714061357
Jpsi->K1(1400)m.kpK1(1400)m->phi.km_total_0r 1.0
Jpsi->K1(1400)m.kpK1(1400)m->phi.km_total_0i 0.0
Jpsi->K1(1400)m.kp_g_ls_0r 1.0
Jpsi->K1(1400)m.kp_g_ls_0i 0.0
Jpsi->K1(1400)m.kp_g_ls_1r -1.3930555305464987
Jpsi->K1(1400)m.kp_g_ls_1i -3.810407744947866
K1(1400)m->phi.km_g_ls_0r 1.0
K1(1400)m->phi.km_g_ls_0i 0.0
K1(1400)m->phi.km_g_ls_1r 1.4528456311898386
K1(1400)m->phi.km_g_ls_1i 1.5882374055755701
Jpsi->K2(1820)m.kpK2(1820)m->phi.km_total_0r 2.9916941808445654
Jpsi->K2(1820)m.kpK2(1820)m->phi.km_total_0i -0.44658057333990764
Jpsi->K2(1820)m.kp_g_ls_0r 1.0
Jpsi->K2(1820)m.kp_g_ls_0i 0.0
Jpsi->K2(1820)m.kp_g_ls_1r 0.2813923579607821
Jpsi->K2(1820)m.kp_g_ls_1i 3.8685001317758823
K2(1820)m->phi.km_g_ls_0r 1.0
K2(1820)m->phi.km_g_ls_0i 0.0
K2(1820)m->phi.km_g_ls_1r 0.5104955157289347
K2(1820)m->phi.km_g_ls_1i -1.343844773470167
Jpsi->K2(1980)m.kpK2(1980)m->phi.km_total_0r 2.5559364019029007
Jpsi->K2(1980)m.kpK2(1980)m->phi.km_total_0i 1.0067483354127296
Jpsi->K2(1980)m.kp_g_ls_0r 1.0
Jpsi->K2(1980)m.kp_g_ls_0i 0.0
K2(1980)m->phi.km_g_ls_0r 1.0
K2(1980)m->phi.km_g_ls_0i 0.0
Jpsi->K2(2250)p.kpK2(2250)p->phi.km_total_0r 0.8319687351136487
Jpsi->K2(2250)p.kpK2(2250)p->phi.km_total_0i -0.9859841894266612
Jpsi->K2(2250)p.kp_g_ls_0r 1.0
Jpsi->K2(2250)p.kp_g_ls_0i 0.0
Jpsi->K2(2250)p.kp_g_ls_1r 0.2805488579711298
Jpsi->K2(2250)p.kp_g_ls_1i -2.917811606901193
K2(2250)p->phi.km_g_ls_0r 1.0
K2(2250)p->phi.km_g_ls_0i 0.0
K2(2250)p->phi.km_g_ls_1r 1.1110345185240993
K2(2250)p->phi.km_g_ls_1i -1.1662299230343045
Jpsi->K3(2320)m.kpK3(2320)m->phi.km_total_0r 1.3789707408432135
Jpsi->K3(2320)m.kpK3(2320)m->phi.km_total_0i 1.1567738557802931
Jpsi->K3(2320)m.kp_g_ls_0r 1.0
Jpsi->K3(2320)m.kp_g_ls_0i 0.0
Jpsi->K3(2320)m.kp_g_ls_1r -0.5389882632208278
Jpsi->K3(2320)m.kp_g_ls_1i 3.6779934193154187
K3(2320)m->phi.km_g_ls_0r 1.0
K3(2320)m->phi.km_g_ls_0i 0.0
K3(2320)m->phi.km_g_ls_1r -0.20921441664480794
K3(2320)m->phi.km_g_ls_1i -0.09181294714061357
Jpsi->phi.f0(980)_flattef0(980)_flatte->kp.km_total_0r 2.9592940954464444
Jpsi->phi.f0(980)_flattef0(980)_flatte->kp.km_total_0i -2.25097820990723
Jpsi->phi.f0(980)_flatte_g_ls_0r 1.0
Jpsi->phi.f0(980)_flatte_g_ls_0i 0.0
Jpsi->phi.f0(980)_flatte_g_ls_1r 0.5766574465306494
Jpsi->phi.f0(980)_flatte_g_ls_1i -0.24745042505586623
f0(980)_flatte->kp.km_g_ls_0r 1.0
f0(980)_flatte->kp.km_g_ls_0i 0.0
Jpsi->phi.f2(1270)f2(1270)->kp.km_total_0r 0.665418323975974
Jpsi->phi.f2(1270)f2(1270)->kp.km_total_0i -3.083578016261548
Jpsi->phi.f2(1270)_g_ls_0r 1.0
Jpsi->phi.f2(1270)_g_ls_0i 0.0
Jpsi->phi.f2(1270)_g_ls_1r 1.3329917478102584
Jpsi->phi.f2(1270)_g_ls_1i -2.5426153997696144
Jpsi->phi.f2(1270)_g_ls_2r 1.8629326814809055
Jpsi->phi.f2(1270)_g_ls_2i -0.2273742441144364
Jpsi->phi.f2(1270)_g_ls_3r 1.8968189203795558
Jpsi->phi.f2(1270)_g_ls_3i 2.5686111718781515
Jpsi->phi.f2(1270)_g_ls_4r 0.5330489128959254
Jpsi->phi.f2(1270)_g_ls_4i 2.4056124238439685
f2(1270)->kp.km_g_ls_0r 1.0
f2(1270)->kp.km_g_ls_0i 0.0
Jpsi->phi.f0(1500)f0(1500)->kp.km_total_0r 0.4228365850098472
Jpsi->phi.f0(1500)f0(1500)->kp.km_total_0i 0.5652483165147903
Jpsi->phi.f0(1500)_g_ls_0r 1.0
Jpsi->phi.f0(1500)_g_ls_0i 0.0
Jpsi->phi.f0(1500)_g_ls_1r 0.603138719112291
Jpsi->phi.f0(1500)_g_ls_1i -0.8559906955478387
f0(1500)->kp.km_g_ls_0r 1.0
f0(1500)->kp.km_g_ls_0i 0.0
Jpsi->phi.f2(1525)f2(1525)->kp.km_total_0r 0.6799901342082127
Jpsi->phi.f2(1525)f2(1525)->kp.km_total_0i 2.2317005585417924
Jpsi->phi.f2(1525)_g_ls_0r 1.0
Jpsi->phi.f2(1525)_g_ls_0i 0.0
Jpsi->phi.f2(1525)_g_ls_1r 2.4401401893317467
Jpsi->phi.f2(1525)_g_ls_1i -0.7925630043832772
Jpsi->phi.f2(1525)_g_ls_2r 2.9003702752050877
Jpsi->phi.f2(1525)_g_ls_2i 2.3096125895886637
Jpsi->phi.f2(1525)_g_ls_3r 0.8109819547777759
Jpsi->phi.f2(1525)_g_ls_3i -1.8306849516569734
Jpsi->phi.f2(1525)_g_ls_4r 0.9494685741075927
Jpsi->phi.f2(1525)_g_ls_4i -0.3882287107058069
f2(1525)->kp.km_g_ls_0r 1.0
f2(1525)->kp.km_g_ls_0i 0.0
Jpsi->phi.f2(1565)f2(1565)->kp.km_total_0r 0.7821410472384855
Jpsi->phi.f2(1565)f2(1565)->kp.km_total_0i 2.5423726866412864
Jpsi->phi.f2(1565)_g_ls_0r 1.0
Jpsi->phi.f2(1565)_g_ls_0i 0.0
Jpsi->phi.f2(1565)_g_ls_1r 1.6222684633556554
Jpsi->phi.f2(1565)_g_ls_1i -2.641291360945635
Jpsi->phi.f2(1565)_g_ls_2r 2.449159794871248
Jpsi->phi.f2(1565)_g_ls_2i -0.8053850556686086
Jpsi->phi.f2(1565)_g_ls_3r 2.3848984250561407
Jpsi->phi.f2(1565)_g_ls_3i 2.5778895988511863
Jpsi->phi.f2(1565)_g_ls_4r 1.4412101142061002
Jpsi->phi.f2(1565)_g_ls_4i 1.1620521483666915
f2(1565)->kp.km_g_ls_0r 1.0
f2(1565)->kp.km_g_ls_0i 0.0
Jpsi->phi.f0(1710)f0(1710)->kp.km_total_0r 1.1508474980247896
Jpsi->phi.f0(1710)f0(1710)->kp.km_total_0i 2.241466204314399
Jpsi->phi.f0(1710)_g_ls_0r 1.0
Jpsi->phi.f0(1710)_g_ls_0i 0.0
Jpsi->phi.f0(1710)_g_ls_1r 0.9105419809094185
Jpsi->phi.f0(1710)_g_ls_1i 0.26223814358612696
f0(1710)->kp.km_g_ls_0r 1.0
f0(1710)->kp.km_g_ls_0i 0.0
Jpsi->phi.f2(1810)f2(1810)->kp.km_total_0r 1.1847723460440405
Jpsi->phi.f2(1810)f2(1810)->kp.km_total_0i -0.18962385546464589
Jpsi->phi.f2(1810)_g_ls_0r 1.0
Jpsi->phi.f2(1810)_g_ls_0i 0.0
Jpsi->phi.f2(1810)_g_ls_1r 2.552630099677471
Jpsi->phi.f2(1810)_g_ls_1i -0.8761187277696778
Jpsi->phi.f2(1810)_g_ls_2r 1.0991697333755324
Jpsi->phi.f2(1810)_g_ls_2i 1.177399964595753
Jpsi->phi.f2(1810)_g_ls_3r 0.6993408832617926
Jpsi->phi.f2(1810)_g_ls_3i 2.6157274516303035
Jpsi->phi.f2(1810)_g_ls_4r 0.9102798583399268
Jpsi->phi.f2(1810)_g_ls_4i 0.4661819447854123
f2(1810)->kp.km_g_ls_0r 1.0
f2(1810)->kp.km_g_ls_0i 0.0
Finish plotting figure/s0_m_bp
Finish plotting figure/s0_m_bm
Finish plotting figure/s0_m_pipi
Finish plotting figure/s0_Jpsi_bp_pip_alpha
Finish plotting figure/s0_Jpsi_bp_pip_cos(beta)
Finish plotting figure/s0_Jpsi_pipi_pip_cos(beta)
Finish plotting 2D data_hist figure/s0_dalitz_phiPip_phiPim
Finish plotting 2D fitted figure/s0_dalitz_phiPip_phiPim
Finish plotting 2D pull figure/s0_dalitz_phiPip_phiPim
Finish plotting 2D data_hist figure/s0_dalitz_phiPip_PipPim
Finish plotting 2D fitted figure/s0_dalitz_phiPip_PipPim
Finish plotting 2D pull figure/s0_dalitz_phiPip_PipPim
Finish plotting 2D data_hist figure/s0_dalitz_phiPim_PipPim
Finish plotting 2D fitted figure/s0_dalitz_phiPim_PipPim
Finish plotting 2D pull figure/s0_dalitz_phiPim_PipPim
Finish plotting figure/s1_m_kstp
Finish plotting figure/s1_m_kstm
Finish plotting figure/s1_m_kk
Finish plotting figure/s1_Jpsi_kstp_kp_alpha
Finish plotting figure/s1_Jpsi_kstp_kp_cos(beta)
Finish plotting figure/s1_Jpsi_kk_kp_cos(beta)
Finish plotting 2D data_hist figure/s1_dalitz_phiKp_KpKm
Finish plotting 2D fitted figure/s1_dalitz_phiKp_KpKm
Finish plotting 2D pull figure/s1_dalitz_phiKp_KpKm
Finish plotting 2D data_hist figure/s1_dalitz_phiKm_KpKm
Finish plotting 2D fitted figure/s1_dalitz_phiKm_KpKm
Finish plotting 2D pull figure/s1_dalitz_phiKm_KpKm
Finish plotting 2D data_hist figure/s1_dalitz_phiKp_phiKm
Finish plotting 2D fitted figure/s1_dalitz_phiKp_phiKm
Finish plotting 2D pull figure/s1_dalitz_phiKp_phiKm
########## fit fractions channel 0:
rho(1450)p 0.012 +/- 0.005
rho(1570)p 0.0102 +/- 0.0035
rho(1570)pxrho(1450)p -0.018 +/- 0.007
rho(1690)p 0.0015 +/- 0.0006
rho(1690)pxrho(1570)p 0.000044 +/- 0.000016
rho(1690)pxrho(1450)p -0.000062 +/- 0.000021
rho(1450)m 0.012 +/- 0.005
rho(1450)mxrho(1690)p 0.000028 +/- 0.000026
rho(1450)mxrho(1570)p -0.0011 +/- 0.0004
rho(1450)mxrho(1450)p 0.0015 +/- 0.0007
rho(1570)m 0.0102 +/- 0.0035
rho(1570)mxrho(1450)m -0.018 +/- 0.007
rho(1570)mxrho(1690)p -0.000009 +/- 0.000019
rho(1570)mxrho(1570)p 0.00076 +/- 0.00026
rho(1570)mxrho(1450)p -0.0011 +/- 0.0004
rho(1690)m 0.0015 +/- 0.0006
rho(1690)mxrho(1570)m 0.000042 +/- 0.000013
rho(1690)mxrho(1450)m -0.000062 +/- 0.000022
rho(1690)mxrho(1690)p 0.00040 +/- 0.00015
rho(1690)mxrho(1570)p -0.000009 +/- 0.000019
rho(1690)mxrho(1450)p 0.000027 +/- 0.000025
f0(500)_E791 0.7 +/- 0.5
f0(500)_E791xrho(1690)m -0.00037 +/- 0.00018
f0(500)_E791xrho(1570)m -0.010 +/- 0.009
f0(500)_E791xrho(1450)m 0.016 +/- 0.012
f0(500)_E791xrho(1690)p -0.00047 +/- 0.00023
f0(500)_E791xrho(1570)p -0.010 +/- 0.009
f0(500)_E791xrho(1450)p 0.016 +/- 0.012
f0(980)_flatte 0.83 +/- 0.16
f0(980)_flattexf0(500)_E791 -1.1 +/- 0.5
f0(980)_flattexrho(1690)m -0.0020 +/- 0.0008
f0(980)_flattexrho(1570)m -0.006 +/- 0.006
f0(980)_flattexrho(1450)m 0.01 +/- 0.01
f0(980)_flattexrho(1690)p -0.0019 +/- 0.0008
f0(980)_flattexrho(1570)p -0.006 +/- 0.006
f0(980)_flattexrho(1450)p 0.01 +/- 0.01
f2(1270)_flatte 0.15 +/- 0.13
f2(1270)_flattexf0(980)_flatte 0.0041 +/- 0.0021
f2(1270)_flattexf0(500)_E791 0.006 +/- 0.006
f2(1270)_flattexrho(1690)m 0.0019 +/- 0.0014
f2(1270)_flattexrho(1570)m -0.0037 +/- 0.0022
f2(1270)_flattexrho(1450)m 0.006 +/- 0.005
f2(1270)_flattexrho(1690)p 0.0018 +/- 0.0014
f2(1270)_flattexrho(1570)p -0.0037 +/- 0.0022
f2(1270)_flattexrho(1450)p 0.006 +/- 0.005
f0(1370) 1.05 +/- 0.12
f0(1370)xf2(1270)_flatte -0.005 +/- 0.004
f0(1370)xf0(980)_flatte 0.67 +/- 0.08
f0(1370)xf0(500)_E791 -0.9 +/- 0.4
f0(1370)xrho(1690)m 0.0098 +/- 0.0019
f0(1370)xrho(1570)m -0.007 +/- 0.006
f0(1370)xrho(1450)m 0.01 +/- 0.01
f0(1370)xrho(1690)p 0.0098 +/- 0.0019
f0(1370)xrho(1570)p -0.007 +/- 0.006
f0(1370)xrho(1450)p 0.01 +/- 0.01
f0(1710) 0.11 +/- 0.04
f0(1710)xf0(1370) -0.14 +/- 0.06
f0(1710)xf2(1270)_flatte -0.0027 +/- 0.0017
f0(1710)xf0(980)_flatte 0.067 +/- 0.023
f0(1710)xf0(500)_E791 -0.22 +/- 0.11
f0(1710)xrho(1690)m -0.0021 +/- 0.0008
f0(1710)xrho(1570)m 0.0113 +/- 0.0033
f0(1710)xrho(1450)m -0.015 +/- 0.005
f0(1710)xrho(1690)p -0.0020 +/- 0.0008
f0(1710)xrho(1570)p 0.0113 +/- 0.0033
f0(1710)xrho(1450)p -0.015 +/- 0.005
f2(1430) 0.030 +/- 0.021
f2(1430)xf0(1710) 0.002 +/- 0.001
f2(1430)xf0(1370) -0.012 +/- 0.005
f2(1430)xf2(1270)_flatte -0.0009 +/- 0.0030
f2(1430)xf0(980)_flatte 0.0003 +/- 0.0004
f2(1430)xf0(500)_E791 -0.0018 +/- 0.0015
f2(1430)xrho(1690)m 0.0012 +/- 0.0006
f2(1430)xrho(1570)m 0.0010 +/- 0.0006
f2(1430)xrho(1450)m -0.0013 +/- 0.0009
f2(1430)xrho(1690)p 0.0012 +/- 0.0006
f2(1430)xrho(1570)p 0.0010 +/- 0.0006
f2(1430)xrho(1450)p -0.0013 +/- 0.0009
f0(1500) 0.129 +/- 0.024
f0(1500)xf2(1430) 0.0028 +/- 0.0013
f0(1500)xf0(1710) 0.095 +/- 0.024
f0(1500)xf0(1370) -0.53 +/- 0.07
f0(1500)xf2(1270)_flatte -0.0003 +/- 0.0010
f0(1500)xf0(980)_flatte -0.087 +/- 0.012
f0(1500)xf0(500)_E791 0.054 +/- 0.029
f0(1500)xrho(1690)m -0.0028 +/- 0.0006
f0(1500)xrho(1570)m 0.0077 +/- 0.0020
f0(1500)xrho(1450)m -0.0093 +/- 0.0033
f0(1500)xrho(1690)p -0.0028 +/- 0.0006
f0(1500)xrho(1570)p 0.0077 +/- 0.0020
f0(1500)xrho(1450)p -0.0093 +/- 0.0033

########## fit fractions channel 1:
K1(1400)p 0.062 +/- 0.025
K2(1820)p 0.078 +/- 0.033
K2(1820)pxK1(1400)p -0.0020 +/- 0.0022
K2(1980)p 0.020 +/- 0.008
K2(1980)pxK2(1820)p 0.0002 +/- 0.0004
K2(1980)pxK1(1400)p -0.0014 +/- 0.0006
K2(2250)p 0.022 +/- 0.014
K2(2250)pxK2(1980)p -0.0018 +/- 0.0011
K2(2250)pxK2(1820)p -0.008 +/- 0.006
K2(2250)pxK1(1400)p 0.007 +/- 0.004
K3(2320)p 0.022 +/- 0.011
K3(2320)pxK2(2250)p -0.0040 +/- 0.0025
K3(2320)pxK2(1980)p 0.0011 +/- 0.0005
K3(2320)pxK2(1820)p -0.0027 +/- 0.0012
K3(2320)pxK1(1400)p -0.0014 +/- 0.0006
K1(1400)m 0.062 +/- 0.025
K1(1400)mxK3(2320)p -0.007 +/- 0.005
K1(1400)mxK2(2250)p 0.006 +/- 0.004
K1(1400)mxK2(1980)p 0.0030 +/- 0.0026
K1(1400)mxK2(1820)p -0.017 +/- 0.009
K1(1400)mxK1(1400)p 0.003 +/- 0.006
K2(1820)m 0.077 +/- 0.033
K2(1820)mxK1(1400)m -0.0020 +/- 0.0022
K2(1820)mxK3(2320)p -0.0025 +/- 0.0019
K2(1820)mxK2(2250)p -0.014 +/- 0.009
K2(1820)mxK2(1980)p 0.0038 +/- 0.0017
K2(1820)mxK2(1820)p -0.006 +/- 0.004
K2(1820)mxK1(1400)p -0.017 +/- 0.009
K2(1980)m 0.020 +/- 0.008
K2(1980)mxK2(1820)m 0.00012 +/- 0.00035
K2(1980)mxK1(1400)m -0.0015 +/- 0.0006
K2(1980)mxK3(2320)p -0.0028 +/- 0.0012
K2(1980)mxK2(2250)p -0.0008 +/- 0.0009
K2(1980)mxK2(1980)p 0.011 +/- 0.004
K2(1980)mxK2(1820)p 0.0038 +/- 0.0017
K2(1980)mxK1(1400)p 0.0029 +/- 0.0025
K3(2320)m 0.022 +/- 0.011
K3(2320)mxK2(1980)m 0.0011 +/- 0.0005
K3(2320)mxK2(1820)m -0.0026 +/- 0.0012
K3(2320)mxK1(1400)m -0.0015 +/- 0.0007
K3(2320)mxK3(2320)p -0.0017 +/- 0.0015
K3(2320)mxK2(2250)p -0.0022 +/- 0.0020
K3(2320)mxK2(1980)p -0.0028 +/- 0.0012
K3(2320)mxK2(1820)p -0.0024 +/- 0.0019
K3(2320)mxK1(1400)p -0.007 +/- 0.005
f0(980)_flatte 0.31 +/- 0.34
f0(980)_flattexK3(2320)m 0.015 +/- 0.007
f0(980)_flattexK2(1980)m -0.02 +/- 0.01
f0(980)_flattexK2(1820)m -0.059 +/- 0.025
f0(980)_flattexK1(1400)m -0.029 +/- 0.020
f0(980)_flattexK3(2320)p 0.015 +/- 0.007
f0(980)_flattexK2(2250)p 0.004 +/- 0.007
f0(980)_flattexK2(1980)p -0.02 +/- 0.01
f0(980)_flattexK2(1820)p -0.060 +/- 0.025
f0(980)_flattexK1(1400)p -0.029 +/- 0.020
f2(1270) 0.08 +/- 0.09
f2(1270)xf0(980)_flatte -0.004 +/- 0.005
f2(1270)xK3(2320)m -0.0029 +/- 0.0033
f2(1270)xK2(1980)m 0.008 +/- 0.004
f2(1270)xK2(1820)m 0.008 +/- 0.005
f2(1270)xK1(1400)m -0.033 +/- 0.020
f2(1270)xK3(2320)p -0.0030 +/- 0.0034
f2(1270)xK2(2250)p 0.006 +/- 0.004
f2(1270)xK2(1980)p 0.008 +/- 0.004
f2(1270)xK2(1820)p 0.008 +/- 0.005
f2(1270)xK1(1400)p -0.034 +/- 0.020
f0(1500) 0.037 +/- 0.025
f0(1500)xf2(1270) -0.0031 +/- 0.0019
f0(1500)xf0(980)_flatte 0.052 +/- 0.026
f0(1500)xK3(2320)m -0.0024 +/- 0.0013
f0(1500)xK2(1980)m 0.0058 +/- 0.0028
f0(1500)xK2(1820)m -0.0061 +/- 0.0029
f0(1500)xK1(1400)m -0.004 +/- 0.004
f0(1500)xK3(2320)p -0.0024 +/- 0.0014
f0(1500)xK2(2250)p -0.0064 +/- 0.0035
f0(1500)xK2(1980)p 0.0057 +/- 0.0028
f0(1500)xK2(1820)p -0.0061 +/- 0.0029
f0(1500)xK1(1400)p -0.004 +/- 0.004
f2(1525) 0.36 +/- 0.19
f2(1525)xf0(1500) -0.005 +/- 0.005
f2(1525)xf2(1270) 0.094 +/- 0.033
f2(1525)xf0(980)_flatte 0.002 +/- 0.004
f2(1525)xK3(2320)m 0.005 +/- 0.004
f2(1525)xK2(1980)m 0.026 +/- 0.010
f2(1525)xK2(1820)m 0.023 +/- 0.014
f2(1525)xK1(1400)m 0.015 +/- 0.011
f2(1525)xK3(2320)p 0.005 +/- 0.004
f2(1525)xK2(2250)p 0.004 +/- 0.004
f2(1525)xK2(1980)p 0.026 +/- 0.010
f2(1525)xK2(1820)p 0.023 +/- 0.014
f2(1525)xK1(1400)p 0.015 +/- 0.011
f2(1565) 0.2 +/- 0.4
f2(1565)xf2(1525) -0.25 +/- 0.25
f2(1565)xf0(1500) 0.006 +/- 0.004
f2(1565)xf2(1270) -0.05 +/- 0.05
f2(1565)xf0(980)_flatte 0.000 +/- 0.004
f2(1565)xK3(2320)m 0.016 +/- 0.015
f2(1565)xK2(1980)m -0.004 +/- 0.005
f2(1565)xK2(1820)m -0.006 +/- 0.008
f2(1565)xK1(1400)m -0.04 +/- 0.04
f2(1565)xK3(2320)p 0.016 +/- 0.015
f2(1565)xK2(2250)p 0.002 +/- 0.008
f2(1565)xK2(1980)p -0.004 +/- 0.005
f2(1565)xK2(1820)p -0.005 +/- 0.008
f2(1565)xK1(1400)p -0.04 +/- 0.04
f0(1710) 0.17 +/- 0.09
f0(1710)xf2(1565) 0.008 +/- 0.009
f0(1710)xf2(1525) -0.014 +/- 0.007
f0(1710)xf0(1500) 0.042 +/- 0.021
f0(1710)xf2(1270) 0.0000 +/- 0.0012
f0(1710)xf0(980)_flatte -0.006 +/- 0.020
f0(1710)xK3(2320)m -0.0051 +/- 0.0026
f0(1710)xK2(1980)m 0.0008 +/- 0.0017
f0(1710)xK2(1820)m -0.038 +/- 0.018
f0(1710)xK1(1400)m 0.012 +/- 0.007
f0(1710)xK3(2320)p -0.0051 +/- 0.0026
f0(1710)xK2(2250)p -0.003 +/- 0.004
f0(1710)xK2(1980)p 0.0009 +/- 0.0016
f0(1710)xK2(1820)p -0.038 +/- 0.018
f0(1710)xK1(1400)p 0.012 +/- 0.007
f2(1810) 0.14 +/- 0.25
f2(1810)xf0(1710) 0.009 +/- 0.008
f2(1810)xf2(1565) -0.10 +/- 0.11
f2(1810)xf2(1525) -0.06 +/- 0.06
f2(1810)xf0(1500) 0.0011 +/- 0.0012
f2(1810)xf2(1270) -0.03 +/- 0.05
f2(1810)xf0(980)_flatte -0.003 +/- 0.004
f2(1810)xK3(2320)m -0.011 +/- 0.009
f2(1810)xK2(1980)m -0.024 +/- 0.018
f2(1810)xK2(1820)m -0.031 +/- 0.025
f2(1810)xK1(1400)m 0.004 +/- 0.005
f2(1810)xK3(2320)p -0.011 +/- 0.009
f2(1810)xK2(2250)p 0.003 +/- 0.004
f2(1810)xK2(1980)p -0.024 +/- 0.018
f2(1810)xK2(1820)p -0.031 +/- 0.025
f2(1810)xK1(1400)p 0.005 +/- 0.006


========== JOINT FIT FINISHED ==========
END TIME   : Wed Jul  8 01:30:19 AM CEST 2026
ELAPSED    : 16982 s
========================================
