1.000000000000000000e+00 0.000000000000000000e+00 0.000000000000000000e+00 0.000000000000000000e+00 0.000000000000000000e+00 0.000000000000000000e+00 0.000000000000000000e+00 0.000000000000000000e+00 0.000000000000000000e+00 0.000000000000000000e+00 0.000000000000000000e+00 0.000000000000000000e+00 0.000000000000000000e+00 0.000000000000000000e+00 0.000000000000000000e+00 0.000000000000000000e+00 0.000000000000000000e+00 0.000000000000000000e+00 0.000000000000000000e+00 0.000000000000000000e+00 0.000000000000000000e+00 0.000000000000000000e+00 0.000000000000000000e+00 0.000000000000000000e+00 0.000000000000000000e+00 0.000000000000000000e+00 0.000000000000000000e+00 0.000000000000000000e+00 0.000000000000000000e+00 0.000000000000000000e+00 0.000000000000000000e+00 0.000000000000000000e+00 0.000000000000000000e+00 0.000000000000000000e+00 0.000000000000000000e+00 0.000000000000000000e+00 0.000000000000000000e+00 0.000000000000000000e+00 0.000000000000000000e+00 0.000000000000000000e+00 0.000000000000000000e+00 0.000000000000000000e+00 0.000000000000000000e+00 0.000000000000000000e+00 0.000000000000000000e+00 0.000000000000000000e+00 0.000000000000000000e+00 0.000000000000000000e+00 0.000000000000000000e+00 0.000000000000000000e+00 0.000000000000000000e+00 0.000000000000000000e+00 0.000000000000000000e+00 0.000000000000000000e+00 0.000000000000000000e+00 0.000000000000000000e+00 0.000000000000000000e+00 0.000000000000000000e+00 0.000000000000000000e+00 0.000000000000000000e+00 0.000000000000000000e+00 0.000000000000000000e+00 0.000000000000000000e+00 0.000000000000000000e+00 0.000000000000000000e+00 0.000000000000000000e+00 0.000000000000000000e+00 0.000000000000000000e+00 0.000000000000000000e+00 0.000000000000000000e+00 0.000000000000000000e+00 0.000000000000000000e+00 0.000000000000000000e+00 0.000000000000000000e+00 0.000000000000000000e+00 0.000000000000000000e+00 0.000000000000000000e+00 0.000000000000000000e+00 0.000000000000000000e+00 0.000000000000000000e+00 0.000000000000000000e+00 0.000000000000000000e+00 0.000000000000000000e+00 0.000000000000000000e+00 0.000000000000000000e+00 0.000000000000000000e+00 0.000000000000000000e+00 0.000000000000000000e+00 0.000000000000000000e+00 0.000000000000000000e+00 0.000000000000000000e+00 0.000000000000000000e+00 0.000000000000000000e+00 0.000000000000000000e+00 0.000000000000000000e+00 0.000000000000000000e+00 0.000000000000000000e+00 0.000000000000000000e+00 0.000000000000000000e+00 0.000000000000000000e+00 0.000000000000000000e+00 0.000000000000000000e+00 0.000000000000000000e+00 0.000000000000000000e+00 0.000000000000000000e+00 0.000000000000000000e+00 0.000000000000000000e+00 0.000000000000000000e+00 0.000000000000000000e+00 0.000000000000000000e+00 0.000000000000000000e+00 0.000000000000000000e+00 0.000000000000000000e+00 0.000000000000000000e+00 0.000000000000000000e+00 0.000000000000000000e+00 0.000000000000000000e+00 0.000000000000000000e+00 0.000000000000000000e+00 0.000000000000000000e+00 0.000000000000000000e+00 0.000000000000000000e+00 0.000000000000000000e+00 0.000000000000000000e+00 0.000000000000000000e+00 0.000000000000000000e+00 0.000000000000000000e+00 0.000000000000000000e+00 0.000000000000000000e+00 0.000000000000000000e+00
0.000000000000000000e+00 1.000000000000000000e+00 0.000000000000000000e+00 0.000000000000000000e+00 0.000000000000000000e+00 0.000000000000000000e+00 0.000000000000000000e+00 0.000000000000000000e+00 0.000000000000000000e+00 0.000000000000000000e+00 0.000000000000000000e+00 0.000000000000000000e+00 0.000000000000000000e+00 0.000000000000000000e+00 0.000000000000000000e+00 0.000000000000000000e+00 0.000000000000000000e+00 0.000000000000000000e+00 0.000000000000000000e+00 0.000000000000000000e+00 0.000000000000000000e+00 0.000000000000000000e+00 0.000000000000000000e+00 0.000000000000000000e+00 0.000000000000000000e+00 0.000000000000000000e+00 0.000000000000000000e+00 0.000000000000000000e+00 0.000000000000000000e+00 0.000000000000000000e+00 0.000000000000000000e+00 0.000000000000000000e+00 0.000000000000000000e+00 0.000000000000000000e+00 0.000000000000000000e+00 0.000000000000000000e+00 0.000000000000000000e+00 0.000000000000000000e+00 0.000000000000000000e+00 0.000000000000000000e+00 0.000000000000000000e+00 0.000000000000000000e+00 0.000000000000000000e+00 0.000000000000000000e+00 0.000000000000000000e+00 0.000000000000000000e+00 0.000000000000000000e+00 0.000000000000000000e+00 0.000000000000000000e+00 0.000000000000000000e+00 0.000000000000000000e+00 0.000000000000000000e+00 0.000000000000000000e+00 0.000000000000000000e+00 0.000000000000000000e+00 0.000000000000000000e+00 0.000000000000000000e+00 0.000000000000000000e+00 0.000000000000000000e+00 0.000000000000000000e+00 0.000000000000000000e+00 0.000000000000000000e+00 0.000000000000000000e+00 0.000000000000000000e+00 0.000000000000000000e+00 0.000000000000000000e+00 0.000000000000000000e+00 0.000000000000000000e+00 0.000000000000000000e+00 0.000000000000000000e+00 0.000000000000000000e+00 0.000000000000000000e+00 0.000000000000000000e+00 0.000000000000000000e+00 0.000000000000000000e+00 0.000000000000000000e+00 0.000000000000000000e+00 0.000000000000000000e+00 0.000000000000000000e+00 0.000000000000000000e+00 0.000000000000000000e+00 0.000000000000000000e+00 0.000000000000000000e+00 0.000000000000000000e+00 0.000000000000000000e+00 0.000000000000000000e+00 0.000000000000000000e+00 0.000000000000000000e+00 0.000000000000000000e+00 0.000000000000000000e+00 0.000000000000000000e+00 0.000000000000000000e+00 0.000000000000000000e+00 0.000000000000000000e+00 0.000000000000000000e+00 0.000000000000000000e+00 0.000000000000000000e+00 0.000000000000000000e+00 0.000000000000000000e+00 0.000000000000000000e+00 0.000000000000000000e+00 0.000000000000000000e+00 0.000000000000000000e+00 0.000000000000000000e+00 0.000000000000000000e+00 0.000000000000000000e+00 0.000000000000000000e+00 0.000000000000000000e+00 0.000000000000000000e+00 0.000000000000000000e+00 0.000000000000000000e+00 0.000000000000000000e+00 0.000000000000000000e+00 0.000000000000000000e+00 0.000000000000000000e+00 0.000000000000000000e+00 0.000000000000000000e+00 0.000000000000000000e+00 0.000000000000000000e+00 0.000000000000000000e+00 0.000000000000000000e+00 0.000000000000000000e+00 0.000000000000000000e+00 0.000000000000000000e+00 0.000000000000000000e+00 0.000000000000000000e+00 0.000000000000000000e+00 0.000000000000000000e+00 0.000000000000000000e+00 0.000000000000000000e+00
0.000000000000000000e+00 0.000000000000000000e+00 1.000000000000000000e+00 0.000000000000000000e+00 0.000000000000000000e+00 0.000000000000000000e+00 0.000000000000000000e+00 0.000000000000000000e+00 0.000000000000000000e+00 0.000000000000000000e+00 0.000000000000000000e+00 0.000000000000000000e+00 0.000000000000000000e+00 0.000000000000000000e+00 0.000000000000000000e+00 0.000000000000000000e+00 0.000000000000000000e+00 0.000000000000000000e+00 0.000000000000000000e+00 0.000000000000000000e+00 0.000000000000000000e+00 0.000000000000000000e+00 0.000000000000000000e+00 0.000000000000000000e+00 0.000000000000000000e+00 0.000000000000000000e+00 0.000000000000000000e+00 0.000000000000000000e+00 0.000000000000000000e+00 0.000000000000000000e+00 0.000000000000000000e+00 0.000000000000000000e+00 0.000000000000000000e+00 0.000000000000000000e+00 0.000000000000000000e+00 0.000000000000000000e+00 0.000000000000000000e+00 0.000000000000000000e+00 0.000000000000000000e+00 0.000000000000000000e+00 0.000000000000000000e+00 0.000000000000000000e+00 0.000000000000000000e+00 0.000000000000000000e+00 0.000000000000000000e+00 0.000000000000000000e+00 0.000000000000000000e+00 0.000000000000000000e+00 0.000000000000000000e+00 0.000000000000000000e+00 0.000000000000000000e+00 0.000000000000000000e+00 0.000000000000000000e+00 0.000000000000000000e+00 0.000000000000000000e+00 0.000000000000000000e+00 0.000000000000000000e+00 0.000000000000000000e+00 0.000000000000000000e+00 0.000000000000000000e+00 0.000000000000000000e+00 0.000000000000000000e+00 0.000000000000000000e+00 0.000000000000000000e+00 0.000000000000000000e+00 0.000000000000000000e+00 0.000000000000000000e+00 0.000000000000000000e+00 0.000000000000000000e+00 0.000000000000000000e+00 0.000000000000000000e+00 0.000000000000000000e+00 0.000000000000000000e+00 0.000000000000000000e+00 0.000000000000000000e+00 0.000000000000000000e+00 0.000000000000000000e+00 0.000000000000000000e+00 0.000000000000000000e+00 0.000000000000000000e+00 0.000000000000000000e+00 0.000000000000000000e+00 0.000000000000000000e+00 0.000000000000000000e+00 0.000000000000000000e+00 0.000000000000000000e+00 0.000000000000000000e+00 0.000000000000000000e+00 0.000000000000000000e+00 0.000000000000000000e+00 0.000000000000000000e+00 0.000000000000000000e+00 0.000000000000000000e+00 0.000000000000000000e+00 0.000000000000000000e+00 0.000000000000000000e+00 0.000000000000000000e+00 0.000000000000000000e+00 0.000000000000000000e+00 0.000000000000000000e+00 0.000000000000000000e+00 0.000000000000000000e+00 0.000000000000000000e+00 0.000000000000000000e+00 0.000000000000000000e+00 0.000000000000000000e+00 0.000000000000000000e+00 0.000000000000000000e+00 0.000000000000000000e+00 0.000000000000000000e+00 0.000000000000000000e+00 0.000000000000000000e+00 0.000000000000000000e+00 0.000000000000000000e+00 0.000000000000000000e+00 0.000000000000000000e+00 0.000000000000000000e+00 0.000000000000000000e+00 0.000000000000000000e+00 0.000000000000000000e+00 0.000000000000000000e+00 0.000000000000000000e+00 0.000000000000000000e+00 0.000000000000000000e+00 0.000000000000000000e+00 0.000000000000000000e+00 0.000000000000000000e+00 0.000000000000000000e+00 0.000000000000000000e+00 0.000000000000000000e+00
0.000000000000000000e+00 0.000000000000000000e+00 0.000000000000000000e+00 1.000000000000000000e+00 0.000000000000000000e+00 0.000000000000000000e+00 0.000000000000000000e+00 0.000000000000000000e+00 0.000000000000000000e+00 0.000000000000000000e+00 0.000000000000000000e+00 0.000000000000000000e+00 0.000000000000000000e+00 0.000000000000000000e+00 0.000000000000000000e+00 0.000000000000000000e+00 0.000000000000000000e+00 0.000000000000000000e+00 0.000000000000000000e+00 0.000000000000000000e+00 0.000000000000000000e+00 0.000000000000000000e+00 0.000000000000000000e+00 0.000000000000000000e+00 0.000000000000000000e+00 0.000000000000000000e+00 0.000000000000000000e+00 0.000000000000000000e+00 0.000000000000000000e+00 0.000000000000000000e+00 0.000000000000000000e+00 0.000000000000000000e+00 0.000000000000000000e+00 0.000000000000000000e+00 0.000000000000000000e+00 0.000000000000000000e+00 0.000000000000000000e+00 0.000000000000000000e+00 0.000000000000000000e+00 0.000000000000000000e+00 0.000000000000000000e+00 0.000000000000000000e+00 0.000000000000000000e+00 0.000000000000000000e+00 0.000000000000000000e+00 0.000000000000000000e+00 0.000000000000000000e+00 0.000000000000000000e+00 0.000000000000000000e+00 0.000000000000000000e+00 0.000000000000000000e+00 0.000000000000000000e+00 0.000000000000000000e+00 0.000000000000000000e+00 0.000000000000000000e+00 0.000000000000000000e+00 0.000000000000000000e+00 0.000000000000000000e+00 0.000000000000000000e+00 0.000000000000000000e+00 0.000000000000000000e+00 0.000000000000000000e+00 0.000000000000000000e+00 0.000000000000000000e+00 0.000000000000000000e+00 0.000000000000000000e+00 0.000000000000000000e+00 0.000000000000000000e+00 0.000000000000000000e+00 0.000000000000000000e+00 0.000000000000000000e+00 0.000000000000000000e+00 0.000000000000000000e+00 0.000000000000000000e+00 0.000000000000000000e+00 0.000000000000000000e+00 0.000000000000000000e+00 0.000000000000000000e+00 0.000000000000000000e+00 0.000000000000000000e+00 0.000000000000000000e+00 0.000000000000000000e+00 0.000000000000000000e+00 0.000000000000000000e+00 0.000000000000000000e+00 0.000000000000000000e+00 0.000000000000000000e+00 0.000000000000000000e+00 0.000000000000000000e+00 0.000000000000000000e+00 0.000000000000000000e+00 0.000000000000000000e+00 0.000000000000000000e+00 0.000000000000000000e+00 0.000000000000000000e+00 0.000000000000000000e+00 0.000000000000000000e+00 0.000000000000000000e+00 0.000000000000000000e+00 0.000000000000000000e+00 0.000000000000000000e+00 0.000000000000000000e+00 0.000000000000000000e+00 0.000000000000000000e+00 0.000000000000000000e+00 0.000000000000000000e+00 0.000000000000000000e+00 0.000000000000000000e+00 0.000000000000000000e+00 0.000000000000000000e+00 0.000000000000000000e+00 0.000000000000000000e+00 0.000000000000000000e+00 0.000000000000000000e+00 0.000000000000000000e+00 0.000000000000000000e+00 0.000000000000000000e+00 0.000000000000000000e+00 0.000000000000000000e+00 0.000000000000000000e+00 0.000000000000000000e+00 0.000000000000000000e+00 0.000000000000000000e+00 0.000000000000000000e+00 0.000000000000000000e+00 0.000000000000000000e+00 0.000000000000000000e+00 0.000000000000000000e+00 0.000000000000000000e+00 0.000000000000000000e+00
0.000000000000000000e+00 0.000000000000000000e+00 0.000000000000000000e+00 0.000000000000000000e+00 1.000000000000000000e+00 0.000000000000000000e+00 0.000000000000000000e+00 0.000000000000000000e+00 0.000000000000000000e+00 0.000000000000000000e+00 0.000000000000000000e+00 0.000000000000000000e+00 0.000000000000000000e+00 0.000000000000000000e+00 0.000000000000000000e+00 0.000000000000000000e+00 0.000000000000000000e+00 0.000000000000000000e+00 0.000000000000000000e+00 0.000000000000000000e+00 0.000000000000000000e+00 0.000000000000000000e+00 0.000000000000000000e+00 0.000000000000000000e+00 0.000000000000000000e+00 0.000000000000000000e+00 0.000000000000000000e+00 0.000000000000000000e+00 0.000000000000000000e+00 0.000000000000000000e+00 0.000000000000000000e+00 0.000000000000000000e+00 0.000000000000000000e+00 0.000000000000000000e+00 0.000000000000000000e+00 0.000000000000000000e+00 0.000000000000000000e+00 0.000000000000000000e+00 0.000000000000000000e+00 0.000000000000000000e+00 0.000000000000000000e+00 0.000000000000000000e+00 0.000000000000000000e+00 0.000000000000000000e+00 0.000000000000000000e+00 0.000000000000000000e+00 0.000000000000000000e+00 0.000000000000000000e+00 0.000000000000000000e+00 0.000000000000000000e+00 0.000000000000000000e+00 0.000000000000000000e+00 0.000000000000000000e+00 0.000000000000000000e+00 0.000000000000000000e+00 0.000000000000000000e+00 0.000000000000000000e+00 0.000000000000000000e+00 0.000000000000000000e+00 0.000000000000000000e+00 0.000000000000000000e+00 0.000000000000000000e+00 0.000000000000000000e+00 0.000000000000000000e+00 0.000000000000000000e+00 0.000000000000000000e+00 0.000000000000000000e+00 0.000000000000000000e+00 0.000000000000000000e+00 0.000000000000000000e+00 0.000000000000000000e+00 0.000000000000000000e+00 0.000000000000000000e+00 0.000000000000000000e+00 0.000000000000000000e+00 0.000000000000000000e+00 0.000000000000000000e+00 0.000000000000000000e+00 0.000000000000000000e+00 0.000000000000000000e+00 0.000000000000000000e+00 0.000000000000000000e+00 0.000000000000000000e+00 0.000000000000000000e+00 0.000000000000000000e+00 0.000000000000000000e+00 0.000000000000000000e+00 0.000000000000000000e+00 0.000000000000000000e+00 0.000000000000000000e+00 0.000000000000000000e+00 0.000000000000000000e+00 0.000000000000000000e+00 0.000000000000000000e+00 0.000000000000000000e+00 0.000000000000000000e+00 0.000000000000000000e+00 0.000000000000000000e+00 0.000000000000000000e+00 0.000000000000000000e+00 0.000000000000000000e+00 0.000000000000000000e+00 0.000000000000000000e+00 0.000000000000000000e+00 0.000000000000000000e+00 0.000000000000000000e+00 0.000000000000000000e+00 0.000000000000000000e+00 0.000000000000000000e+00 0.000000000000000000e+00 0.000000000000000000e+00 0.000000000000000000e+00 0.000000000000000000e+00 0.000000000000000000e+00 0.000000000000000000e+00 0.000000000000000000e+00 0.000000000000000000e+00 0.000000000000000000e+00 0.000000000000000000e+00 0.000000000000000000e+00 0.000000000000000000e+00 0.000000000000000000e+00 0.000000000000000000e+00 0.000000000000000000e+00 0.000000000000000000e+00 0.000000000000000000e+00 0.000000000000000000e+00 0.000000000000000000e+00 0.000000000000000000e+00 0.000000000000000000e+00
0.000000000000000000e+00 0.000000000000000000e+00 0.000000000000000000e+00 0.000000000000000000e+00 0.000000000000000000e+00 1.000000000000000000e+00 0.000000000000000000e+00 0.000000000000000000e+00 0.000000000000000000e+00 0.000000000000000000e+00 0.000000000000000000e+00 0.000000000000000000e+00 0.000000000000000000e+00 0.000000000000000000e+00 0.000000000000000000e+00 0.000000000000000000e+00 0.000000000000000000e+00 0.000000000000000000e+00 0.000000000000000000e+00 0.000000000000000000e+00 0.000000000000000000e+00 0.000000000000000000e+00 0.000000000000000000e+00 0.000000000000000000e+00 0.000000000000000000e+00 0.000000000000000000e+00 0.000000000000000000e+00 0.000000000000000000e+00 0.000000000000000000e+00 0.000000000000000000e+00 0.000000000000000000e+00 0.000000000000000000e+00 0.000000000000000000e+00 0.000000000000000000e+00 0.000000000000000000e+00 0.000000000000000000e+00 0.000000000000000000e+00 0.000000000000000000e+00 0.000000000000000000e+00 0.000000000000000000e+00 0.000000000000000000e+00 0.000000000000000000e+00 0.000000000000000000e+00 0.000000000000000000e+00 0.000000000000000000e+00 0.000000000000000000e+00 0.000000000000000000e+00 0.000000000000000000e+00 0.000000000000000000e+00 0.000000000000000000e+00 0.000000000000000000e+00 0.000000000000000000e+00 0.000000000000000000e+00 0.000000000000000000e+00 0.000000000000000000e+00 0.000000000000000000e+00 0.000000000000000000e+00 0.000000000000000000e+00 0.000000000000000000e+00 0.000000000000000000e+00 0.000000000000000000e+00 0.000000000000000000e+00 0.000000000000000000e+00 0.000000000000000000e+00 0.000000000000000000e+00 0.000000000000000000e+00 0.000000000000000000e+00 0.000000000000000000e+00 0.000000000000000000e+00 0.000000000000000000e+00 0.000000000000000000e+00 0.000000000000000000e+00 0.000000000000000000e+00 0.000000000000000000e+00 0.000000000000000000e+00 0.000000000000000000e+00 0.000000000000000000e+00 0.000000000000000000e+00 0.000000000000000000e+00 0.000000000000000000e+00 0.000000000000000000e+00 0.000000000000000000e+00 0.000000000000000000e+00 0.000000000000000000e+00 0.000000000000000000e+00 0.000000000000000000e+00 0.000000000000000000e+00 0.000000000000000000e+00 0.000000000000000000e+00 0.000000000000000000e+00 0.000000000000000000e+00 0.000000000000000000e+00 0.000000000000000000e+00 0.000000000000000000e+00 0.000000000000000000e+00 0.000000000000000000e+00 0.000000000000000000e+00 0.000000000000000000e+00 0.000000000000000000e+00 0.000000000000000000e+00 0.000000000000000000e+00 0.000000000000000000e+00 0.000000000000000000e+00 0.000000000000000000e+00 0.000000000000000000e+00 0.000000000000000000e+00 0.000000000000000000e+00 0.000000000000000000e+00 0.000000000000000000e+00 0.000000000000000000e+00 0.000000000000000000e+00 0.000000000000000000e+00 0.000000000000000000e+00 0.000000000000000000e+00 0.000000000000000000e+00 0.000000000000000000e+00 0.000000000000000000e+00 0.000000000000000000e+00 0.000000000000000000e+00 0.000000000000000000e+00 0.000000000000000000e+00 0.000000000000000000e+00 0.000000000000000000e+00 0.000000000000000000e+00 0.000000000000000000e+00 0.000000000000000000e+00 0.000000000000000000e+00 0.000000000000000000e+00 0.000000000000000000e+00 0.000000000000000000e+00
0.000000000000000000e+00 0.000000000000000000e+00 0.000000000000000000e+00 0.000000000000000000e+00 0.000000000000000000e+00 0.000000000000000000e+00 1.794770987123106782e-03 -1.384951588683974765e-04 -1.273107877247567007e-03 -7.700274729578671573e-04 -6.738892981165736130e-03 -1.688452853124280755e-04 6.646221935682554123e-04 -4.661586095122890474e-04 -2.968921828303385316e-03 -2.956061749090562753e-04 -2.381518508570202447e-03 -3.257041265866134354e-04 -2.145597358930221004e-04 1.019500164862925185e-03 -1.439047417965676494e-04 -1.005401826973883420e-03 9.578106526851385945e-04 -2.229295835953143574e-03 -1.624665569853766026e-04 1.689314680675072650e-03 -1.599102489297274041e-02 -1.184309000687457206e-04 3.345374534781789570e-05 -8.003739195342815657e-04 2.272331732528524214e-03 -1.210486885433532901e-03 -2.753100136921383164e-04 -4.524046313921317210e-04 -5.018964830685028900e-04 8.445890360572313386e-05 3.975874221339639335e-04 -3.202976730989239799e-03 -3.804856576928713260e-03 -1.171352611726783448e-03 -5.940233569892021436e-04 -1.689811441475047539e-03 -1.181453989515600204e-02 -1.973725414665241447e-04 -1.281417290386132159e-04 -5.709910796674373288e-04 0.000000000000000000e+00 0.000000000000000000e+00 1.254288748057996240e-04 -1.887471511747671360e-04 -8.584133574040911407e-05 -5.279672784733602112e-04 -3.019448721948434427e-05 -4.873702056913313627e-04 1.701839419181744458e-04 1.880845979179443603e-03 3.795158590117680769e-05 4.508085599510777718e-04 -1.278348784581706697e-05 -5.405246617134375339e-04 -1.197024957484155448e-04 -3.731869578831448339e-04 2.371114740333223612e-04 -6.291660838678091411e-05 -4.143652928639666739e-04 7.333253790084328771e-04 -8.464408971278160798e-06 -2.756940691884994326e-04 3.750470297632205229e-04 -6.916089325965490541e-05 2.155047002635571173e-04 1.040167975848510333e-03 -6.038498974748863438e-05 -4.215498138178706356e-04 1.143272964839464075e-04 3.578016569356773369e-04 7.030601109390139237e-05 7.256447738882773613e-04 -2.493471323576186563e-05 -4.272511119304622600e-04 1.001489285071143929e-04 -5.423843449356902839e-04 2.480854664506977630e-05 -3.085782943322373361e-03 1.702736694588119059e-03 3.277307123619665856e-03 2.704598783634932016e-03 2.720141212377195396e-03 5.734386795057279732e-03 2.648566489946263449e-03 5.691244241513323913e-04 2.643011410118018337e-03 5.995277979946458209e-05 -1.014501950994037272e-04 2.882973646827184525e-04 2.643497650180478111e-04 -2.756793313465426797e-04 -7.505678003924842225e-04 -2.008985106769267930e-03 5.495069928434516112e-04 -3.832352119267346674e-03 1.080038245217734236e-04 1.725029585543511133e-03 1.235803491203805440e-03 -1.637853000080679916e-03 6.577701373525668329e-05 3.825063789548067842e-04 4.768982611423933001e-05 -1.972193152823320094e-03 3.911889690504224753e-05 -1.519017260666619910e-03 -5.150775237888866823e-04 3.794077210981516846e-04 -4.070588907402174434e-04 -2.263990501307231416e-03 1.381237761174316397e-04 -2.807001442278932927e-04 -9.540686106703591971e-04 1.302185532730223841e-03 7.551487624043610796e-04 3.228293959214267829e-04 -9.229135965988053292e-04 2.172298541810762512e-03 7.357113348346869990e-04 8.312874893854232429e-04 4.346272074667402235e-04 -1.607912504066481884e-04 1.665645223902787690e-03 1.054536955877457633e-04 5.223022761431592165e-04
0.000000000000000000e+00 0.000000000000000000e+00 0.000000000000000000e+00 0.000000000000000000e+00 0.000000000000000000e+00 0.000000000000000000e+00 -1.384951588683806171e-04 5.391813284611591747e-03 2.134166220301740233e-04 5.510690704440919171e-03 1.855216672411597457e-04 5.074929909822183463e-03 -4.775091570478280688e-04 -6.482387136897596169e-04 -4.257436996093928987e-04 4.754859594938147527e-03 2.569292320936153559e-04 4.575926174872514164e-03 1.046582059706895138e-03 4.100963600991199519e-03 -9.910259906462754939e-04 1.758679705019513227e-03 -1.476224026752779184e-03 9.977591820371440115e-04 4.457721511712975804e-04 1.929896522011410832e-03 -3.045288643631355731e-04 4.946028014815835941e-03 7.446079075941445277e-05 1.054773421105404188e-03 1.676394495864528904e-04 5.414833452714630513e-03 -1.138291401520827669e-04 4.283216127735048513e-03 -1.619556683785929431e-03 9.893415821839092895e-04 6.896099508712675652e-04 -3.358804821473508964e-03 -8.493184707463846380e-04 2.470087385685205278e-03 -5.880774448318893148e-04 -3.461855810528200340e-03 -6.315349546890465689e-06 5.241840568383245198e-03 -1.059444577868179078e-04 2.171143848187875891e-04 0.000000000000000000e+00 0.000000000000000000e+00 -4.523057692656709257e-04 -3.206614065843876025e-04 1.595208097249611716e-04 7.453134780738850020e-04 -2.887274142489448954e-04 3.928600525270300103e-04 -1.655004336237083761e-04 -1.704044651940090933e-03 -1.816965178350271810e-04 -1.594833960437739249e-05 4.735205982713054955e-04 5.404345052718831539e-04 1.313473903384581448e-04 1.761344459804540553e-04 -6.541252671851700417e-05 -2.351296457688462657e-04 3.045551879718824987e-04 -7.296370730293858095e-04 -1.553773846244397466e-04 5.116187356728300883e-04 3.082949048499347526e-04 -3.863806382168214295e-04 -1.970399797312826287e-04 -4.186509148935326895e-04 1.058075712337548766e-04 3.007282175665116253e-04 7.733283307973030625e-05 -3.594813536173260501e-04 -1.564360442089257771e-04 -6.964329874068473421e-04 -6.162096099650628831e-04 3.457462457130058972e-04 1.690185877433759141e-04 1.005816423282758759e-03 -1.378698129777914142e-04 3.682435030891564876e-03 -1.669998938884549589e-02 -3.515149103799535338e-03 -1.479539657561245239e-02 -3.066701338898376178e-03 -2.392548963537141984e-02 -2.956132173397023506e-03 6.041912332128845237e-03 -3.945606192159330054e-03 -1.362891247516301915e-04 2.102165588907302395e-04 -2.283303293559598812e-04 4.610387958034899863e-04 1.327549335847498274e-04 6.325396500345538495e-04 1.919006621386249974e-03 -2.600068829557717199e-04 2.661804199291171926e-03 -6.913539801754449519e-05 -6.528953447804781637e-04 -4.688499337437978544e-04 1.145190043050007276e-03 -1.258997900675030198e-04 -4.591932554138861058e-04 -2.213066401891816129e-04 2.055904620618723838e-03 3.602253138808635623e-04 1.704036926155961303e-03 6.832031322387343512e-04 6.188726651649116691e-04 9.041273301117374369e-04 2.672921217767195746e-03 1.467039310471492976e-04 -6.514113587674990680e-05 7.505556703002207912e-04 -3.162617866768273854e-04 -4.646947778083540537e-04 -5.615744538657976067e-05 1.210224792245744464e-03 -2.094461449315439608e-03 -9.404999794065657453e-04 -6.143493621053405405e-04 -8.986703288886921728e-04 2.365364810164968974e-04 -4.016028310679352516e-03 2.416555996773926121e-04 -4.890725620301913847e-04
0.000000000000000000e+00 0.000000000000000000e+00 0.000000000000000000e+00 0.000000000000000000e+00 0.000000000000000000e+00 0.000000000000000000e+00 -1.273107877247536650e-03 2.134166220302350096e-04 3.617577665887982633e-03 1.852880748456517358e-04 1.026350447622107441e-02 1.076292307863602844e-03 -4.004366069475531970e-04 5.036537401205644013e-04 4.476200344185466209e-03 7.714960922546307883e-04 3.892297851112072604e-03 3.057637725697223002e-04 -6.830762491655601094e-05 3.106109053433103663e-04 7.983268202946308862e-05 9.750439453699852928e-04 -1.199788512356593159e-03 3.015866563020655998e-03 3.801683316469429638e-05 -9.221490146618751584e-04 2.542625265839898105e-02 8.069782153599309223e-04 -1.476637776965960853e-04 8.042701882507016439e-04 -3.250619598462746538e-03 2.222558524955087992e-03 4.703351783755643756e-04 1.416363768126421754e-03 1.216517767418086185e-03 -1.524879652911913859e-04 1.222881877453785618e-04 3.800888915881870007e-03 4.651612994137719476e-03 1.008250800632674556e-03 1.160084381363961706e-03 -6.320997921338333608e-05 1.829536872773919465e-02 6.290407686893479408e-04 1.778654667329236910e-04 8.911528374466632122e-04 0.000000000000000000e+00 0.000000000000000000e+00 -5.036231218347862233e-05 9.761834469620536193e-07 -2.492734547373394146e-04 4.017232857665047952e-04 -2.209238550122198642e-04 2.671503345339974701e-04 -1.785176457760423668e-04 -2.479937940649918401e-03 -4.297847357134120709e-05 -5.571282465763365476e-04 2.170511409007633936e-04 2.052246211253631642e-04 7.758060863629189104e-05 1.359838292488810448e-04 -3.959673033118585924e-04 6.767248340550221716e-05 3.536440044424321171e-04 -8.453861166380580985e-04 -5.358088321709867865e-05 -4.075829177565979062e-05 -3.734768210799382796e-04 1.949221806574630712e-04 -9.510150078558919499e-05 -9.031686706701849525e-04 -1.372478117211735761e-04 3.364599075306142959e-04 -2.149933494680383221e-04 -5.076342986552013440e-04 1.542582747868013310e-04 -8.523328471135378694e-04 -1.871666662778292175e-04 2.419474686634349981e-04 -2.009153016946734990e-04 4.287715794203029616e-04 5.017643101013451309e-05 1.549412095959796544e-03 5.265372234283023471e-03 -1.875696045022343973e-03 3.042730928505843393e-03 -1.423226301830180732e-03 3.865458633626902250e-03 -1.395497564917820739e-03 -4.114326393821889777e-03 -1.770988523609344067e-03 -1.157875669133294803e-04 -2.248471091848688527e-04 -1.983906625720159730e-04 -4.050861603698436295e-05 2.995340933421605616e-04 1.165046016717108748e-04 2.759842185871928290e-03 -3.580097997466724852e-04 4.946169424323094282e-03 2.243585736453280934e-04 -2.436270286886586464e-03 -8.762075210922708364e-04 2.148155734777873645e-03 2.761718876931750118e-04 -3.626334779885577063e-04 -4.628693640196539683e-04 4.862975079840798319e-04 2.282408849460432806e-04 1.108387968713748931e-03 6.391939355659415891e-04 -1.609447475435503427e-03 5.498438718358828392e-04 1.602541464055465357e-03 5.327444288300204646e-05 1.605476920810116465e-04 6.704426423749215280e-04 -1.062898418612674310e-03 -7.043803430098490416e-04 -1.057846319246416719e-04 4.342364064100996462e-04 -1.680995612526197313e-03 -4.013775607419115248e-04 -3.975012686598834309e-04 -5.397447062257974479e-04 -2.627876319232622560e-05 -2.474752521952503989e-03 2.782605546960395439e-05 -8.787694940580955435e-05
0.000000000000000000e+00 0.000000000000000000e+00 0.000000000000000000e+00 0.000000000000000000e+00 0.000000000000000000e+00 0.000000000000000000e+00 -7.700274729578801677e-04 5.510690704440562686e-03 1.852880748452266472e-04 5.106431781721544605e-02 -2.317232992580240888e-03 1.675448641086711710e-02 -1.755797395066829750e-04 -3.148124216672589784e-04 -8.907768234806361356e-04 1.497701043761002007e-02 2.836324855750685468e-03 2.036734455602278240e-02 -2.634124198062959971e-03 -7.220697763824927666e-03 -4.485417275230764618e-03 7.772699673898852621e-03 -3.018307795716503560e-03 3.417448413543827017e-04 -1.469432434952852281e-03 3.761027406734130003e-03 -1.045261867621815124e-02 1.580267205493040075e-02 -6.169327701251034945e-05 5.127746222241592617e-04 8.357948311442732524e-04 1.936592881247761397e-02 3.398341796337998183e-04 1.522248935733153466e-02 4.811588532716131079e-03 2.080142078437991014e-04 2.083910472726669891e-03 -8.545451240789555744e-03 -2.955883224371985696e-03 3.167110829387572834e-03 -1.758033611260320563e-03 -3.876262508254826791e-03 -6.542364066961786975e-03 1.798833973281176515e-02 -3.178146583732212056e-04 1.046164596668360371e-04 0.000000000000000000e+00 0.000000000000000000e+00 -1.549975840299847810e-03 4.934072732444911213e-04 2.191685236353922077e-04 -3.153693863920117250e-04 -1.257489615588659347e-03 -8.830719057459385940e-05 -5.810670361939187237e-05 -3.327922542865569856e-03 3.485433690326245949e-04 1.433464865584307588e-04 -1.396989049439222638e-04 4.182750126477785655e-04 3.529162074128181967e-04 -3.138726748664063355e-04 -1.149429260263669763e-03 -8.389936359499632719e-04 5.582695151715908431e-04 -1.412958817706739742e-03 -4.507449219602150878e-04 1.201112284979740600e-03 1.123836918861495157e-03 -1.512743492409036709e-03 -9.758440902092236800e-04 -4.110747809332781881e-03 7.336666618397047913e-04 -1.562684739687137932e-04 -9.212492927702558079e-04 -2.684628450186068212e-03 -4.858882487648072770e-04 -5.079299331224034647e-05 -6.447038148294360720e-04 4.879359234565671787e-04 1.477182097443951081e-04 -3.856731292423890402e-04 -9.458502966892579382e-04 4.107469728981703871e-03 -1.056725921489391345e-01 -4.322750285758294835e-03 -9.335720949974034288e-02 -3.530210720830401650e-03 -1.497176188180825429e-01 -2.890649062001310245e-03 3.434318496409844573e-02 -6.240450041573721712e-03 -1.532725095085142966e-04 -7.593280256826521633e-04 -6.446537916948390495e-04 -1.473719918356871847e-04 -3.662571865095384316e-04 -3.295374563746842722e-04 -3.936733501604601157e-03 4.785069116687291858e-05 -2.453776292765551779e-03 6.663846220642778099e-04 -1.508754365844999648e-04 -1.931732644368314427e-04 2.753115536143745275e-03 6.762951870807837416e-04 -4.155289035105743777e-04 -4.530680623775911495e-04 2.477639597374073181e-03 -7.244307073350012005e-04 1.062709539434305173e-03 3.891719400168108692e-04 3.056786263779958952e-04 9.403387349974680343e-04 2.106557494723292935e-03 -1.491911618110837315e-03 -1.309339922410141942e-04 5.350531946897953877e-04 4.906048713167172979e-04 -1.210589181354136765e-03 -8.905549776461149951e-04 -2.599473927255284856e-04 -6.830218301194209210e-03 9.074010603888791812e-05 -2.373269739305945356e-03 1.275747628601276427e-04 1.411544172279205044e-03 2.940388805299542704e-03 -6.183458736496769787e-04 -2.911495963888766384e-04
0.000000000000000000e+00 0.000000000000000000e+00 0.000000000000000000e+00 0.000000000000000000e+00 0.000000000000000000e+00 0.000000000000000000e+00 -6.738892981165443830e-03 1.855216672416380415e-04 1.026350447622105359e-02 -2.317232992577666559e-03 7.616365707536648655e-02 3.660587787693738012e-04 -6.465859790811193455e-03 2.391348283358195152e-03 3.241085215505490336e-02 3.918278087108086234e-03 2.322339785654556690e-02 3.842820159173743026e-03 3.658077119085211774e-03 -3.480736394853630594e-03 2.422532241343369145e-03 1.806743155261468590e-03 -4.449316638323001262e-03 1.675397733254013061e-02 1.324950766594256259e-03 -4.087564856208656186e-03 1.771208793922461056e-01 1.570529050613985638e-03 -2.148522184144133467e-03 3.883216981205927804e-03 -2.209464035305991336e-02 2.114049317569828730e-03 2.939759220523700117e-03 6.961691137407610350e-03 -4.674159989227500908e-03 -2.588447106657785698e-03 -4.427606252417268240e-03 1.546519363726609093e-02 3.309768718672739113e-02 2.882188510545695068e-03 8.389233504575963757e-03 -1.160670205097122203e-02 1.278936416934071674e-01 1.327501378764491587e-03 2.832735525804598066e-03 3.242263154306236628e-03 0.000000000000000000e+00 0.000000000000000000e+00 3.691444838077524368e-03 1.755964737513767825e-04 -8.821226240832703543e-04 4.638757919922415233e-04 4.421686799920482476e-03 -3.763755552513295887e-04 1.212683458353716571e-04 -6.456391698227753953e-03 -4.834370083866641927e-05 -2.918426686289801904e-03 -2.726149360815795838e-03 -1.406650477842394083e-03 1.779766746194639832e-03 -1.157409270215845770e-04 -2.010821215229757070e-03 9.591497018148860063e-04 6.117383205636853141e-04 -2.934933062438377632e-03 1.296930363390672112e-03 -2.892806701545240240e-03 -4.928322191769861013e-03 3.256065430389637385e-03 1.148431219068074115e-03 -3.352520520002916053e-03 1.509404859637147704e-03 3.227360371820393024e-04 -1.491496830740666720e-03 5.618693017664755200e-04 1.040235293566103099e-03 -2.994266168018862480e-03 4.897860801910835019e-03 -7.457001858572943637e-04 -1.952361587191120493e-03 6.487487337446581209e-04 1.594326353313751379e-03 -6.213248452238927938e-03 1.910150884812207295e-01 4.649447892200075233e-03 1.654832223923269896e-01 4.972437091769765088e-03 2.584704340699252034e-01 4.932569326173114055e-03 -8.262812828617714656e-02 5.151330137454591951e-03 6.016720832306958087e-04 -2.682007515538467092e-03 5.865947088817108877e-04 1.578907364555381596e-03 2.163114844689145722e-03 -2.825975848280555709e-03 1.321207257426673318e-02 -4.407625622550688169e-04 1.985262707205481814e-02 1.315857452740379178e-03 -1.137610538131260743e-02 -9.703066763300511981e-04 7.771491909444519855e-03 -6.615540598339450518e-05 2.161725180606043333e-04 -1.776683616230437159e-03 -4.882126484259949502e-03 -2.998186540635039681e-04 1.569170909101694905e-03 2.903690246023045256e-04 -1.176705744066773585e-02 -2.836615651277346953e-04 2.209860732716993972e-03 -1.343754610382392155e-04 2.471316058182316915e-03 -1.489023514209375943e-03 -7.428068768522855941e-03 4.695007426045101932e-04 -1.319276034161483840e-03 -2.852532975265993035e-03 -1.426124137200656186e-03 1.316338150185214322e-03 -4.842450837018764942e-04 9.947597459887989532e-04 -2.278899985371275489e-03 -1.096837124066714006e-02 5.948415885685914666e-04 3.401258547068266441e-03
0.000000000000000000e+00 0.000000000000000000e+00 0.000000000000000000e+00 0.000000000000000000e+00 0.000000000000000000e+00 0.000000000000000000e+00 -1.688452853125405073e-04 5.074929909821969225e-03 1.076292307863602627e-03 1.675448641086677709e-02 3.660587787690968960e-04 1.549376762143950086e-02 -7.673651992306897759e-04 -3.047384562913978221e-03 -3.837476870604208013e-04 1.288938951510519050e-02 2.061737410341867808e-03 1.115055448772016115e-02 -1.429747641118700755e-03 2.749371342205286263e-03 -3.380706552281897113e-03 6.020756840207187183e-03 -3.279427694307163101e-03 3.584872322678725118e-03 -5.481924102754332818e-04 9.878418262015355080e-04 1.528242777124587956e-03 1.350928510722367373e-02 3.408958234756819254e-04 1.846581163611258790e-03 -1.162530670864762665e-04 1.709782463533124700e-02 5.468136552983680291e-04 1.345133284263090589e-02 4.920948863308700211e-03 2.553444486203887897e-04 1.799853437983478608e-03 -4.280042043570576361e-03 -6.168532369104555088e-03 1.315816577761662548e-03 -4.205078288082693232e-03 -9.332260929471708141e-03 8.498499434934827373e-06 1.425584909944920334e-02 -9.763932859330272428e-04 -1.766614708924001272e-04 0.000000000000000000e+00 0.000000000000000000e+00 -2.645713599116780550e-03 -1.602600084080427222e-05 -2.171910094591701429e-04 1.981606439969442728e-03 -3.195335927983728591e-03 1.648281651698479608e-03 -8.927168576441492712e-04 -9.480687429329774651e-03 -1.983591073847255177e-04 -9.117847758519198294e-04 2.426989906641718354e-03 2.280138180210665964e-03 -6.589574684937745362e-04 8.439092252067798743e-04 -4.149265189490829024e-04 -1.174758564938067386e-03 1.478988816354496246e-03 -3.894154847883778744e-03 -1.196039523182276234e-03 2.316659112340853192e-03 2.129195995404304081e-03 -1.942152486384827754e-03 -1.539763684207917302e-03 -4.183292477863814404e-03 -8.602145977082309870e-04 9.859448287452103610e-04 -4.096058353585046519e-04 -3.278669261012023307e-03 -3.407241830140169585e-04 -2.764886108371416695e-03 -3.470378057127432216e-03 2.006220918752135967e-03 3.589838574538466967e-04 1.808682515536807296e-03 -1.131009546672778103e-03 1.482472137479442370e-02 -1.334139950324385593e-01 -1.518737144233388812e-02 -1.235282622885853776e-01 -1.303591358281546222e-02 -1.976888630965221716e-01 -1.262112960879746039e-02 4.582179400930944113e-02 -1.377668855919458174e-02 -8.623365516218826172e-04 4.022618825515433512e-04 -1.551248534499026499e-03 -1.188778756711016474e-03 6.070908487965684212e-05 2.806388098015454198e-03 3.577812252554018156e-03 -1.791207513966685139e-03 1.006614114337875052e-02 8.524656489343642026e-05 -3.799439517002469423e-03 -3.730505830058682658e-03 5.007922644453970812e-03 1.426498440152072344e-03 -2.251782838453480172e-03 -1.453502473871170564e-03 9.612289608610271111e-03 1.173852865015435985e-03 6.477440576256330955e-03 3.387232524984318607e-03 1.716602543924816444e-03 3.639791544608170053e-03 9.899735871049593350e-03 6.010699817982766580e-04 -5.605629279895032926e-04 4.465617797379219794e-03 -1.046484442031398116e-03 -4.150963923164131646e-03 -3.169375337969072750e-04 4.855286226920247673e-03 -1.040155432008118414e-02 -3.743700688225341713e-03 -3.235043679676311273e-03 -3.835453663115002097e-03 1.781764534179452325e-03 -7.352196797365704792e-03 -4.619029746410305715e-04 -3.544931450260622487e-03
0.000000000000000000e+00 0.000000000000000000e+00 0.000000000000000000e+00 0.000000000000000000e+00 0.000000000000000000e+00 0.000000000000000000e+00 6.646221935681094787e-04 -4.775091570481941497e-04 -4.004366069472501083e-04 -1.755797395076161478e-04 -6.465859790810350380e-03 -7.673651992307617669e-04 5.613079057097538488e-03 5.343954791550893126e-04 -1.912426858755500794e-03 -1.698950323950582358e-03 -7.572832040377415431e-04 -2.528645061085567965e-03 -1.059903556035760464e-03 -5.521263075397242698e-04 4.565795821648445775e-05 2.189771091127468063e-03 1.295160617636679926e-03 -1.439184921452000459e-03 -6.688556839424107279e-04 -1.818281310705427032e-03 -1.107274097484704442e-02 -1.441132060718461859e-03 1.746822021944185489e-03 -2.973790514978116167e-03 1.845533614369300988e-03 -5.362521451193510806e-04 2.872449153282966949e-04 -3.195744418249513077e-03 3.009803176413182371e-03 1.085194003905505739e-03 6.850513481360792070e-04 -4.829103374915747274e-03 -6.335890546816506409e-03 6.557490927274632533e-04 -1.342631874713679906e-03 8.696216538017807057e-03 -9.277991489982236398e-03 -1.651855723046039091e-03 -1.968314398630965131e-03 -8.366613703937581361e-04 0.000000000000000000e+00 0.000000000000000000e+00 -2.028318593504022278e-03 -3.748137775138880076e-04 8.166314995732648716e-04 -1.022399450078601349e-03 -2.482689801227682888e-03 -4.902311018905144068e-04 -1.640330688396973496e-04 3.559893933260139046e-03 -3.108602667143316525e-04 1.898689973366319032e-03 1.606754146309962578e-03 -2.419936970440737724e-04 -8.567302576491988425e-04 -8.124747341606089208e-04 1.077299318971530924e-03 -6.750214590393096431e-04 -7.836658720837565671e-04 2.575973749346170249e-03 -7.537823809631517998e-04 -6.338192508401241550e-04 3.041514012445739254e-03 -5.322143291980128543e-04 -2.638117517351875252e-04 4.454922436872287526e-03 -7.547817489031040774e-04 -4.307468217464340541e-04 1.154942820903824248e-03 -8.119405054521007829e-04 -3.199134602100828359e-04 1.431991557476029828e-03 -3.319876003389425276e-03 -4.403862272829366336e-04 1.770474435178071926e-03 -1.044618579489411269e-04 -6.679031637089144447e-04 -5.341102018813085120e-03 -8.151450532141293892e-02 6.300633738831403104e-03 -7.363611226104156693e-02 5.558300220538798554e-03 -1.121323139758427789e-01 4.773390812402366484e-03 2.889370773743703963e-02 5.966413721859495194e-03 -5.091565977189130765e-04 1.255292149455275062e-03 5.474730660187614563e-04 3.935538739885900954e-04 -8.628053242790766986e-04 1.509600546875978578e-03 -4.464676031634418063e-03 -1.132868620821610682e-03 -6.527391308680267554e-03 -1.506613297812678560e-03 2.505737677024756638e-03 -6.879659819219473066e-04 -2.902746951901830682e-03 -2.371733279852170952e-03 -1.964905697509812684e-04 3.457802282065373066e-03 7.486529561661443496e-05 -2.501268952628295326e-03 -1.118162959841391933e-03 -3.648148624820366816e-03 3.500597020268036638e-03 -4.698102873963340941e-03 -1.356013204265703624e-03 -3.113146331030512692e-03 -1.724361894297050035e-03 -5.598436538968343300e-04 4.748504240648800112e-03 9.990983989712760686e-04 3.183259525499713537e-04 -1.244235216750576040e-03 -1.358530905402133629e-03 1.757181666813572261e-03 -7.377670856270961922e-04 1.300159179470177168e-03 -1.907903328676843790e-04 5.774969770075955716e-03 -7.566674701885269319e-04 8.858770166135121905e-04
0.000000000000000000e+00 0.000000000000000000e+00 0.000000000000000000e+00 0.000000000000000000e+00 0.000000000000000000e+00 0.000000000000000000e+00 -4.661586095123378907e-04 -6.482387136899787341e-04 5.036537401206501617e-04 -3.148124216649915864e-04 2.391348283357975710e-03 -3.047384562914222817e-03 5.343954791558989947e-04 7.766316140437314226e-03 1.350247656998593282e-03 -1.784557439721047752e-03 -1.558586436004933589e-04 3.016113292717326894e-03 2.207554622063987153e-03 1.038836265952945877e-03 2.784357621287161366e-03 -6.088363401844787762e-03 3.731836354827360622e-04 9.448734300656684527e-04 1.432849137208034793e-04 6.069112155861448518e-03 6.462879660110278437e-03 -2.081393188757802316e-03 1.858366736243851551e-04 2.643792133743135767e-03 -3.558927978035392290e-04 -1.150151632302342727e-03 -5.783619191978070636e-04 -3.054750637532405080e-03 -4.731702400508309633e-03 4.691729528907744376e-03 -9.444600988888510401e-04 1.007139836918879809e-02 8.333435580074889312e-03 5.958928744523824157e-03 6.906610872969154956e-03 1.453516006969039244e-02 6.268661927897645897e-03 -2.279843456763377268e-03 9.430060286565479771e-04 4.347486999072600923e-03 0.000000000000000000e+00 0.000000000000000000e+00 1.759473809799035450e-03 -2.198895438361973646e-03 -2.765374462915347461e-04 1.311227570355454530e-04 1.328726858925426786e-03 -2.040829409008949186e-03 9.272658037943191153e-04 9.636662598757039441e-03 -9.040850257602510301e-04 1.392983573345067151e-03 -5.217329638955636381e-04 -2.481185763928526241e-03 4.230643984999987468e-04 -8.908837161634815737e-04 1.316118191137380031e-03 9.605095947766938407e-04 -1.471055485079016643e-03 3.038599177415415159e-03 7.572220145827177323e-04 -1.056418296533498651e-03 -3.496147642693109140e-04 6.830011662032870563e-04 2.192633316808854579e-03 5.227805626564555747e-03 7.562203436456918114e-04 -1.159414559766109003e-03 1.605432660949367239e-03 3.492104540822512856e-03 -3.078238004140056746e-04 3.424322512211902710e-03 1.001428013458850524e-03 -2.508031299270761794e-03 -2.188339699813822805e-04 2.316837454265730477e-03 1.976021473878453519e-03 -1.380246183511638774e-02 2.143246214122583038e-01 1.577423168111717969e-02 1.970504161634432372e-01 1.276255416498246406e-02 3.179466995506867733e-01 1.294020899541709069e-02 -7.100329149287600006e-02 8.167278074450582889e-03 4.548359398778384311e-04 4.357096858507994376e-05 2.223070385294219440e-03 3.106191470514339630e-03 4.842341779475630966e-04 -1.855656258537550975e-03 5.869093776415885283e-03 1.230003684404263643e-03 -1.558431520164559742e-04 -1.401352285172713374e-03 2.203126986257572268e-03 2.573929582736962825e-03 -3.073448423836253312e-03 -2.332866709741516706e-03 1.632977861570237763e-03 3.196375207665826806e-03 -9.197569695171183696e-03 -2.882682610856530415e-03 -5.981490510026670100e-03 -5.661698250995167957e-03 -1.398625262853434026e-03 -5.713790887586819855e-03 -8.478678359691427593e-03 -2.761203195293677332e-03 -3.881179955265273143e-04 -4.862917577434676918e-03 1.807030505100116081e-03 5.220555145718000153e-03 1.968241539134597123e-03 -3.158733836242432445e-03 1.413007102498627099e-02 2.055342593843474328e-03 4.904591551880836849e-03 1.197445940331275625e-03 -2.772532705687191269e-03 7.544545741646766293e-04 2.952439837633793335e-03 3.485223737544711035e-03
0.000000000000000000e+00 0.000000000000000000e+00 0.000000000000000000e+00 0.000000000000000000e+00 0.000000000000000000e+00 0.000000000000000000e+00 -2.968921828303343682e-03 -4.257436996092366652e-04 4.476200344185579834e-03 -8.907768234794461153e-04 3.241085215505559031e-02 -3.837476870603678922e-04 -1.912426858756052219e-03 1.350247656998624724e-03 1.442434277673085817e-02 9.747368339431224842e-04 1.043927481668612857e-02 1.091285831766776546e-03 1.387904519184787310e-03 -2.025464322912631353e-03 1.140934301298926696e-03 9.880674999890248170e-04 -1.690677554533563404e-03 7.302378894529736736e-03 4.301081355668501813e-04 -1.851122906819096560e-03 7.812672750201289651e-02 1.460240566580052967e-04 -1.120132418543181478e-03 9.759320947720711518e-04 -9.368053714693257150e-03 7.909898517990586681e-04 1.398564956586235497e-03 1.796184385494558949e-03 -1.294572519496764310e-03 -6.073479971042094723e-04 -2.042000690834823353e-03 6.970159231777154837e-03 1.374932273298652002e-02 1.816142768912381873e-03 4.128980144008942768e-03 -1.833490264584420899e-03 5.631860082702024733e-02 -1.560721261466570774e-04 1.436526834391057368e-03 1.477851133754928001e-03 0.000000000000000000e+00 0.000000000000000000e+00 1.336772237788064590e-03 -1.631939964701260392e-04 -1.395724730049295852e-03 -2.193451834242121472e-04 4.626832958263836005e-04 -7.707177113227270393e-04 1.083316948387740458e-04 -3.307823699621967230e-03 8.191201929772187903e-05 -1.504650671534893619e-03 -3.629304401698866742e-04 -1.274807863556440095e-03 2.045120206721886343e-04 -5.661740222651532803e-04 -9.099161077590548060e-04 2.357369963718361191e-04 -1.608902402571708607e-04 -1.256321807117596846e-03 2.045359914943627058e-04 -1.757339517056094027e-03 -1.206699454851045596e-03 1.422561740546788526e-03 5.994811405347301361e-04 -1.565215830002407091e-03 -1.795203866355513903e-05 -1.987083993896200586e-04 -6.410888207245105412e-04 -3.245056295289512095e-04 9.608616078752783536e-04 -1.251287303963511278e-03 1.134163275489399620e-03 -6.767526285283949946e-04 -1.171361048523945599e-03 -9.732193775486468537e-05 7.551209139998334673e-04 -6.138144078059576056e-03 8.422680148309769077e-02 4.966282974740877237e-03 7.209757133969613152e-02 4.951753253243158792e-03 1.137617506997528199e-01 4.971973048518558286e-03 -3.711661138446577246e-02 4.919979669529171359e-03 1.737271826999226671e-05 -1.873340407146124572e-03 3.647462379631664182e-04 8.468142085039168099e-04 6.948055197457095235e-04 -2.271439445112105257e-03 5.237474962011341023e-03 1.160507359897656890e-04 8.400519117351885542e-03 8.692942057234665301e-04 -5.087656147192288168e-03 -3.086618338465473704e-04 3.661509015134095657e-03 3.732514868644101237e-04 5.356600144251874758e-05 -1.121805741735453681e-03 -3.867841740477954027e-03 -1.942980096625601151e-04 -4.128937902474734759e-04 -2.910972663510080164e-04 -5.901543537124166738e-03 -9.216412234405130070e-04 -6.997549875039027825e-04 -3.432079371013935492e-04 4.423183108766987623e-04 -1.286165099751568255e-03 -1.767048272538317231e-03 1.621576764602698653e-04 1.931724921584725314e-04 -2.553064074395988356e-03 1.507097594913145433e-03 1.593947287432317603e-03 8.316910830019677830e-04 7.109416616355793139e-04 -1.160111740097240132e-03 -1.470370383903579423e-03 4.888357859379826274e-04 2.129603329159095691e-03
0.000000000000000000e+00 0.000000000000000000e+00 0.000000000000000000e+00 0.000000000000000000e+00 0.000000000000000000e+00 0.000000000000000000e+00 -2.956061749091667555e-04 4.754859594937935023e-03 7.714960922545709403e-04 1.497701043761065151e-02 3.918278087108252768e-03 1.288938951510502223e-02 -1.698950323950260350e-03 -1.784557439720301604e-03 9.747368339431279052e-04 1.336993059191106566e-02 1.112885003576788261e-03 1.348847924345061323e-02 1.746070489271033151e-03 6.597204297483399635e-03 -2.269683971682252659e-03 1.806087774039908615e-03 -2.498485233613481366e-03 6.789871805094612779e-03 -9.452128915268143844e-05 8.314337408133381027e-03 8.533444837147453194e-03 1.322187484439054511e-02 -1.009883526067367667e-03 -6.612372105845575618e-04 -6.194158060524520030e-04 1.344110281794836173e-02 -4.939548210830904153e-04 1.285289623490068825e-02 -3.621047498966334897e-03 2.003409953852809070e-03 7.311009280677968104e-04 -2.866601991958784516e-03 6.468515524092189987e-03 3.117279371182093452e-03 2.319463975024171985e-03 -1.399744351781736368e-02 7.221362807900526259e-03 1.333777345007995663e-02 1.248698141121377296e-03 -3.191493493819072113e-04 0.000000000000000000e+00 0.000000000000000000e+00 3.417006254168541133e-04 9.707860122297800806e-04 -5.081039901443190577e-04 -6.392525004062521183e-04 6.878362603615352207e-04 1.820753424351626308e-04 -4.877030661533169849e-05 -3.053537329936915293e-03 4.613923851610519000e-04 -9.990605996686519399e-04 -6.448912488687301783e-04 -3.088632061423926935e-04 3.940695650236393510e-04 -3.068732795787118941e-04 -1.076708881125419811e-03 -2.447220611056787369e-04 2.392837878229246739e-04 -2.112187925452815255e-03 1.125934996595451547e-04 -4.089864086260059338e-04 -8.235133749404534688e-04 1.293572971729297933e-04 1.109657890193169833e-04 -2.889484569815904853e-03 2.785187387169156059e-04 -1.075752844445881489e-04 -8.500879059355844923e-04 -1.114979551464498515e-03 4.006679154148274410e-04 -9.338833367594165120e-04 1.293886597479628441e-03 3.868934239616704279e-04 -7.025838062301009148e-04 -1.778710204140988805e-03 -2.093149413924357883e-04 -2.264125946656236552e-04 -1.965948050963422372e-02 -5.354056892100246372e-04 -1.723786732551142384e-02 -3.171779351777053238e-04 -2.985471226311096210e-02 1.922845823146583297e-04 3.501786978512032040e-03 3.163616507883839322e-04 1.015092535899946182e-04 -1.215164430150783396e-03 -4.120476359349507702e-04 -3.703506465151936789e-04 -1.265725722140936880e-04 -2.064929115806889755e-03 -2.674247063541643123e-03 1.089821308036421823e-03 -1.601400623710347478e-03 1.990331370300178673e-03 -1.274285491912028473e-03 1.311757338550319056e-03 1.123238516268610905e-03 1.577914119674210785e-03 -3.185626786111916443e-05 -3.159868080456386917e-03 -7.987847634600355080e-04 2.493343800390580064e-03 6.398274037166344890e-04 3.174684582546557100e-03 -2.704351754632648708e-03 3.493463339348018473e-03 1.205934129710179966e-03 2.753263691706065407e-03 4.753910765092035163e-04 1.089555622929611376e-04 -8.882788171780716790e-04 -1.107063086585252567e-03 -7.735583458646039202e-04 -2.361519534851520353e-04 -4.473827742442068427e-03 1.716020333753469481e-05 -1.140376078795031283e-03 -7.418825027255351607e-04 3.601334861681208463e-04 -2.284940368648671113e-03 -7.610287543068126144e-04 1.184906752555559104e-04
0.000000000000000000e+00 0.000000000000000000e+00 0.000000000000000000e+00 0.000000000000000000e+00 0.000000000000000000e+00 0.000000000000000000e+00 -2.381518508569989510e-03 2.569292320939348703e-04 3.892297851111712649e-03 2.836324855752287051e-03 2.322339785654136540e-02 2.061737410342629785e-03 -7.572832040385236866e-04 -1.558586436016246967e-04 1.043927481668438517e-02 1.112885003577174237e-03 1.385193585399081481e-02 -3.312138100032311488e-03 -5.014534405412083423e-03 -7.517886840610797650e-03 -5.474837821984307636e-03 9.333115241708067958e-03 -5.220498791934396164e-03 1.385091606468174912e-03 -2.234678867229713314e-03 -1.078041112541049118e-02 5.433705257109445325e-02 1.148242777372563079e-03 6.825582644951070158e-04 2.585658974528753495e-03 -7.785782957789718836e-03 4.528857666126824555e-03 2.706292314377611516e-03 -1.160384208747542887e-03 1.153396469354535728e-02 2.316553667514599209e-04 6.838887231576908565e-04 -3.866367449081345789e-03 -8.272231093365528531e-03 1.411750637146963472e-03 -5.393449378305770203e-03 -3.070752866705354998e-03 3.837296419141544151e-02 1.746941893301581696e-03 -8.628073392787067404e-04 4.493432758699462959e-04 0.000000000000000000e+00 0.000000000000000000e+00 -1.953534086355279958e-03 -2.929346501125441047e-04 6.710452797510068615e-04 2.515006993884928536e-03 -1.489066733789091816e-03 1.531638978668970613e-03 -8.768501009759223754e-04 -1.043478603218228606e-02 -2.499335665323670604e-04 -1.096639288083895445e-03 1.285467316093887816e-03 2.745241857979684522e-03 1.643582512461177429e-04 1.245739352331030067e-03 -5.961283188863919242e-04 -6.777872168559979016e-04 1.913422730847725347e-03 -3.480442025431520429e-03 -6.134615269421354747e-04 1.833591135002279621e-03 3.762876260475940256e-04 -1.215570969705584729e-03 -2.173171143806626113e-03 -4.671113953985161008e-03 -1.349390791575416496e-04 1.422967022624898291e-03 -5.493178837284192319e-04 -2.888292135161832450e-03 -3.707106777928539129e-04 -3.648679412621144875e-03 -2.014279069123207054e-03 1.862546384812604604e-03 3.973688132858545631e-04 3.311884276550914729e-03 -9.367915189898634240e-04 1.619706216464228757e-02 -1.024926435579589790e-01 -1.701818009837357051e-02 -1.021610051148172243e-01 -1.411949987429223993e-02 -1.640756645269404457e-01 -1.448688515380686798e-02 3.191417772690412907e-02 -1.468460325237528653e-02 -5.822238193196162606e-04 4.465211917367183699e-04 -1.553264729552499956e-03 -8.101206412747738450e-04 9.323872267824197908e-04 4.384743544575428996e-03 8.100820289773555741e-03 -4.030557463257818974e-03 1.681052635540996459e-02 -1.159716837732623594e-03 -8.103316067768437728e-03 -5.868064077941847513e-03 7.620710130276388793e-03 -4.453546092308239028e-04 -2.427415627810048347e-03 -5.734118022808370498e-04 1.144651418827025494e-02 -3.685127118563372617e-04 8.415297472623683647e-03 2.737317651971530111e-03 -3.237269401175206529e-04 2.424251954654300153e-03 1.252128224930769765e-02 -8.301299827766259014e-04 4.247900021846912066e-04 4.392992317922021252e-03 -3.779925446138433873e-03 -3.689092902128759000e-03 -1.237733074679064340e-03 5.248537824328909987e-03 -1.154076861793200924e-02 -4.627428348809462487e-03 -4.107040591431640811e-03 -3.020353434416820151e-03 1.934727721874219923e-03 -1.100784651991786392e-02 -7.736644767207809855e-04 -3.973246304516270429e-03
0.000000000000000000e+00 0.000000000000000000e+00 0.000000000000000000e+00 0.000000000000000000e+00 0.000000000000000000e+00 0.000000000000000000e+00 -3.257041265867265719e-04 4.575926174872287783e-03 3.057637725703273393e-04 2.036734455602582511e-02 3.842820159175199327e-03 1.115055448771965982e-02 -2.528645061084643791e-03 3.016113292719476650e-03 1.091285831767240585e-03 1.348847924345001302e-02 -3.312138100031473183e-03 3.360909330806743922e-02 1.000545199903128506e-02 5.595240742442387540e-03 5.575771630956280478e-03 -2.139084059937837803e-02 -1.063548757004565684e-03 5.988514015539374812e-03 5.711265815731603234e-04 1.786114799998576169e-02 1.180124084303870412e-02 1.307540114010107869e-02 -4.072217217761236498e-03 -3.351547603943793273e-03 1.265538694545789884e-03 1.023018221026267965e-02 -3.234826906092933864e-03 2.191597811785219937e-02 -2.483314834455364190e-02 1.625428394705835178e-04 -6.602834396408914074e-04 1.392894217253495999e-02 3.589999730813472900e-02 4.421676541481933329e-03 2.104243339718691458e-02 -1.262603881335371339e-02 1.273183744139304990e-02 1.241685658503848162e-02 5.757455734823804967e-03 3.278773136116192987e-03 0.000000000000000000e+00 0.000000000000000000e+00 6.158945109533741323e-03 2.105526881197238801e-04 -2.639763401212791120e-03 -5.580555378372309243e-03 5.482494855293094244e-03 -4.658959796207756687e-03 2.306856383192052665e-03 1.452020739290758866e-02 7.518745329690918518e-04 1.044549560652490773e-06 -4.887345547734255925e-03 -7.757509583849852251e-03 1.554098216041547350e-03 -3.301823214217097357e-03 -9.591016777565264297e-04 4.968988937565468108e-04 -3.555059218315514274e-03 3.946199101142055729e-03 2.164911211324763076e-03 -6.026000377251167911e-03 -3.810030470673943237e-03 3.460087761977943994e-03 5.086088210977940741e-03 3.990417217024432722e-03 1.790764763678209890e-03 -3.532297561683557952e-03 -2.602734382862078298e-04 4.013929340686223438e-03 2.060552875991417641e-03 5.516404530633187489e-03 8.017413373461849263e-03 -4.769133535637712189e-03 -2.736549197613008869e-03 -6.956211739909509868e-03 2.788759146948391852e-03 -4.180797916404231651e-02 3.164428958024647076e-01 4.190029401975520901e-02 2.976770760960764650e-01 3.598110879632832743e-02 4.759118327055631426e-01 3.694630688125633000e-02 -1.140918376904231368e-01 3.294170608352840757e-02 1.677593913567627590e-03 -4.700414403526897641e-03 3.575814760638991539e-03 4.349871836490488801e-03 -6.433457321457538821e-04 -1.292046605682425561e-02 -9.728005507564533444e-03 7.836900911323123678e-03 -2.383772951207524526e-02 3.980556920621066905e-03 7.503212121857680619e-03 1.255918100364629073e-02 -8.560067114082085121e-03 -1.991474848495775832e-04 5.004273993147709959e-03 -2.800936936360108771e-03 -2.812950286387421589e-02 1.829631006918846104e-03 -1.532330627681433369e-02 -3.579450280642539235e-03 -9.928741917588926325e-03 -2.805755726906063174e-03 -2.302757733038944543e-02 2.542251710343416179e-03 4.965739913104379698e-04 -1.182032940293371685e-02 4.579969292245436759e-03 8.223771250534065227e-03 1.536420375541827817e-03 -1.420826671598852953e-02 2.080303529925930234e-02 1.092786969910118124e-02 9.072743546764011971e-03 6.776767557669832569e-03 -4.061529350271406852e-03 1.352388699995201587e-02 2.140836803425692856e-03 1.092191968072631601e-02
0.000000000000000000e+00 0.000000000000000000e+00 0.000000000000000000e+00 0.000000000000000000e+00 0.000000000000000000e+00 0.000000000000000000e+00 -2.145597358931095955e-04 1.046582059707068177e-03 -6.830762491619322334e-05 -2.634124198061723546e-03 3.658077119087985163e-03 -1.429747641118824788e-03 -1.059903556035194511e-03 2.207554622066037163e-03 1.387904519186023301e-03 1.746070489271014936e-03 -5.014534405410588959e-03 1.000545199903263814e-02 1.631896191257481768e-02 1.617758571536342255e-02 6.068196620220128387e-03 -1.319985852234364931e-02 4.750242230139976201e-04 3.427485481447648755e-03 8.112377847169304585e-04 2.323274301111918905e-02 1.234326527743780273e-02 7.774743716605862082e-04 -3.110397589072841709e-03 -4.460337307758200850e-03 9.948815269114133497e-04 -3.536835607861554820e-03 -2.383499310635589594e-03 5.678357590948968775e-03 -2.389168241642928084e-02 1.126127007877389266e-03 -3.861609276187695332e-04 1.440589609163295086e-02 2.423971099098727600e-02 4.544199328721775129e-03 1.797142446548412320e-02 -1.885669552766295167e-03 1.125708098169585572e-02 -6.626555629553408221e-04 4.551583355668107483e-03 1.424861490437856915e-03 0.000000000000000000e+00 0.000000000000000000e+00 5.481828606237362615e-03 3.631093077520231071e-04 -2.413873679573916211e-03 -5.823740560909544499e-03 4.415224803434729048e-03 -4.323418999944206309e-03 1.851673133479680945e-03 1.341761071361187441e-02 8.764111586607543566e-04 3.772005811622848207e-05 -3.689495546800484332e-03 -6.999875475735019975e-03 8.564055545333900971e-04 -3.499680184485569421e-03 -7.487438456684218559e-04 8.194810525125494809e-04 -3.474018956302097130e-03 4.638720136116240497e-03 1.810539513385121856e-03 -7.168158056869105774e-03 -3.511859530068646082e-03 4.413753982581855584e-03 4.139133881813956625e-03 5.623951047206440443e-03 8.855143780902277519e-04 -2.928472274816593633e-03 -2.102272487128655203e-04 3.199484224498648673e-03 2.445536586065070062e-03 4.181770907445135112e-03 6.330511854115437702e-03 -4.471900786952087703e-03 -2.138302456294270942e-03 -6.923427469819079701e-03 2.194735526085137434e-03 -3.872214048509271117e-02 2.501584805438339387e-01 3.765700383628086539e-02 2.347727092970876284e-01 3.282491533671852424e-02 3.752215985969933887e-01 3.317422054413220883e-02 -9.316933424206287617e-02 3.438630616842705545e-02 1.275624244235266718e-03 -4.111430367704059161e-03 3.147717482681416934e-03 2.883374062724369281e-03 -8.860786774789687539e-04 -1.173208336084863995e-02 -1.157785905818960008e-02 6.725170084240760134e-03 -2.350094505405996709e-02 3.708648382373233923e-03 6.717559667698339010e-03 1.033119257293067111e-02 -8.034789193443117941e-03 -1.054378928485688854e-03 4.478309682671148539e-03 -2.497334202940473813e-03 -2.619137980438343213e-02 1.656117261927065243e-03 -1.402680075016293250e-02 -3.194562120590293142e-03 -8.659831633714396709e-03 -3.778871315901330755e-03 -2.082021554540292724e-02 2.422963458544742741e-03 1.584691647773506760e-04 -1.071809561954759245e-02 4.725776458698111721e-03 7.231686187714102265e-03 1.295348669866452657e-03 -1.372712418325189310e-02 1.819221046749847776e-02 1.071015981421116932e-02 7.226261302550248192e-03 7.228234561796637037e-03 -3.810692640002480772e-03 1.537976299582839886e-02 6.824063783850262046e-04 1.041923009392484861e-02
0.000000000000000000e+00 0.000000000000000000e+00 0.000000000000000000e+00 0.000000000000000000e+00 0.000000000000000000e+00 0.000000000000000000e+00 1.019500164862471338e-03 4.100963600989883731e-03 3.106109053441558272e-04 -7.220697763831449359e-03 -3.480736394846818335e-03 2.749371342204016445e-03 -5.521263075397780462e-04 1.038836265955412437e-03 -2.025464322909900031e-03 6.597204297482183594e-03 -7.517886840610133251e-03 5.595240742444538597e-03 1.617758571536642709e-02 1.006186498045357897e-01 -1.962764053497852070e-03 -4.072615945790878690e-03 7.006470007239143198e-03 4.117131893788083044e-03 1.392856950807790616e-03 7.554436967541715287e-02 1.760735008881298292e-03 5.512930035118580006e-03 -4.468905664744452638e-03 -6.487586173442016005e-03 3.566224523342720071e-03 6.359204329611324374e-04 -3.747061173905844467e-03 1.674543146786488688e-03 -4.210544061034874469e-02 1.477272528802507472e-02 7.570332044660790620e-03 -2.478336036382191784e-02 1.445516736702707160e-02 1.279816616354054887e-02 2.033135726845785446e-02 -2.613972549688172928e-02 3.053770627524746931e-03 2.650058961813272964e-03 5.807269165683284252e-03 1.711341252649064117e-03 0.000000000000000000e+00 0.000000000000000000e+00 6.306573620665835780e-03 1.395781618021720840e-03 -5.506444752555308096e-03 -7.244781885872820029e-03 1.705437605836427869e-03 -4.209107760750172185e-03 1.332889279272727852e-03 1.258717489656571188e-02 1.582059743268802001e-03 -9.002066413820480244e-04 -1.122462592864166900e-03 -7.071944217830395361e-03 2.366513868719923627e-04 -3.510345836897868933e-03 -1.629869965204355613e-03 2.492567536152580452e-03 -3.606769076056519710e-03 3.942332240409459482e-03 1.673642582668479796e-03 -9.285900501021843514e-03 -6.883938211419434079e-03 6.071725552471429754e-03 4.260614054018490443e-03 6.310083214653961457e-03 -2.995487477097089936e-04 -2.627584105443640447e-03 -8.104526149230000236e-04 3.836183137308140506e-03 3.039542615872176719e-03 3.223896508122899626e-03 3.417353543264470446e-03 -4.115838440413118436e-03 -3.235682830203737061e-03 -9.678338279768945729e-03 1.827460638171409749e-03 -3.715195243938147068e-02 1.964776165071002723e-01 3.633406889673031215e-02 1.857003239157744290e-01 3.168332588259487048e-02 2.960742342755754430e-01 3.161947498220425701e-02 -8.317946983214347112e-02 3.356764528346981025e-02 5.977942195842247345e-04 -4.832219213463579723e-03 2.322452629187982988e-03 2.907088195617195999e-03 -1.633988862234731377e-03 -1.232645036632928903e-02 -1.336709530217349701e-02 7.170392142032308049e-03 -2.603722280530917227e-02 4.229688352578708961e-03 7.783006607610172545e-03 1.103248192066072150e-02 -5.461253670901257407e-03 -4.275034367281909352e-03 4.033077766105579512e-03 -4.574071613440233372e-03 -2.937701559568736687e-02 3.125857481777442708e-03 -1.241403652807598207e-02 3.055957630126246308e-04 -9.918782297487540797e-03 1.379147575072724088e-03 -1.627072060080033203e-02 5.059516581981907124e-03 -1.009697024629351448e-03 -1.123754079788249517e-02 6.279664711510757336e-03 6.907677520626174204e-03 1.322304224333116594e-03 -1.645643238226252372e-02 1.101624300602381014e-02 1.322838611929743995e-02 5.983978599465484237e-03 9.811221079837756376e-03 -3.452612829872588485e-03 1.280627804937403344e-02 -1.821816404352857161e-03 1.453766331316505740e-02
0.000000000000000000e+00 0.000000000000000000e+00 0.000000000000000000e+00 0.000000000000000000e+00 0.000000000000000000e+00 0.000000000000000000e+00 -1.439047417965590571e-04 -9.910259906465641085e-04 7.983268202990149933e-05 -4.485417275231312791e-03 2.422532241346490346e-03 -3.380706552282831696e-03 4.565795821730851239e-05 2.784357621288347483e-03 1.140934301300328786e-03 -2.269683971683109178e-03 -5.474837821983002256e-03 5.575771630955722764e-03 6.068196620219687767e-03 -1.962764053501033987e-03 1.180095944213880796e-02 -1.238310041134789083e-02 3.536200076635400476e-03 4.909522818379900670e-03 2.981486350476537754e-03 3.069769536562778119e-03 7.471163329194872166e-03 -3.046870532794949786e-03 -6.379185630677780723e-04 -2.185135331584567417e-04 4.687873908222021523e-04 -4.022284668440396019e-03 -1.629571212897306352e-03 4.371025014317890360e-03 -1.169534552778995519e-02 -4.204297581797853886e-03 -2.250317106855396002e-04 2.288677354181381518e-02 2.381193065052347735e-02 -8.145148781264491744e-04 1.074271067093182305e-02 1.794435956129877482e-02 4.695954955635834802e-03 -3.661818216299148141e-03 6.892038544133833548e-04 2.170684163870269766e-03 0.000000000000000000e+00 0.000000000000000000e+00 2.055569820704035260e-03 -5.386458846750681508e-04 -1.036597486883332475e-03 -2.373380717446487657e-03 8.995341895878748153e-04 -2.120747033058744194e-03 9.016156700881156711e-04 9.125419367344338173e-03 -2.176731595264961400e-04 6.888032416174279813e-04 -8.309678421457473985e-04 -3.626671309651544571e-03 -6.009031985388429346e-05 -1.519204835893614436e-03 5.431353230757412186e-04 3.034387121555701962e-04 -1.975759267719164654e-03 3.405309294785000690e-03 4.761509913204851722e-04 -2.828031034107195314e-03 2.583962439507992695e-04 1.490850249325878247e-03 2.641346121205249975e-03 6.107756930633848405e-03 7.912128630696889993e-05 -1.527308865870282166e-03 7.940856407230468140e-04 2.579833612070841185e-03 7.194740551828508052e-04 3.481311212857160237e-03 1.333381636360916021e-03 -2.596079984979789406e-03 -3.636786886994486899e-04 -2.061072044125132965e-03 1.455524441136684397e-03 -2.119735553170152761e-02 1.567578144925453609e-01 2.180964695514785168e-02 1.481760111255606416e-01 1.848327042572751877e-02 2.391883584603458623e-01 1.876467609677930082e-02 -5.444318833879543268e-02 1.819551285654757641e-02 3.983189539136142133e-04 -9.703611734790242114e-04 2.136088216609617792e-03 1.648607333348547400e-03 -4.315324049688858328e-04 -4.878330461411908847e-03 -2.654437926721267375e-03 3.427086840707533298e-03 -9.419625074848225754e-03 6.885102937234379664e-04 4.798645206464482484e-03 4.407969836318265805e-03 -5.329665036875331705e-03 -4.109716667247242505e-04 2.300185499514837209e-03 1.665678537002611512e-03 -1.360528598744980069e-02 -1.241859803129121472e-03 -8.801312984083554600e-03 -5.017044160187254971e-03 -2.507231493310771962e-03 -5.713568940842995991e-03 -1.295214809313633558e-02 -1.474341455726486819e-03 -7.464854391770576417e-04 -5.377013150303014757e-03 3.851734754915119019e-03 4.407845109781969618e-03 1.738403208569428132e-03 -6.818109730417789768e-03 1.314078731842356976e-02 5.742353945044913373e-03 4.720087336577837196e-03 3.406691120274192835e-03 -2.868165781821132351e-03 9.518645466923618750e-03 1.663479997755388119e-03 5.497080328206228363e-03
0.000000000000000000e+00 0.000000000000000000e+00 0.000000000000000000e+00 0.000000000000000000e+00 0.000000000000000000e+00 0.000000000000000000e+00 -1.005401826973680024e-03 1.758679705020455616e-03 9.750439453686910807e-04 7.772699673898256743e-03 1.806743155255987297e-03 6.020756840208967876e-03 2.189771091126117581e-03 -6.088363401848556448e-03 9.880674999869093218e-04 1.806087774041430618e-03 9.333115241705696591e-03 -2.139084059937829477e-02 -1.319985852234329890e-02 -4.072615945784651900e-03 -1.238310041134843380e-02 4.391584472770455189e-02 -4.719917666288543125e-03 -7.490672331991134539e-03 -2.573480380676432602e-03 -1.293422633976721269e-02 -1.929566223599848236e-03 2.683033877056800916e-03 6.014619770564648242e-03 5.731868187850848798e-03 -3.955401451862764102e-03 1.003173098208570181e-02 4.723021631760255211e-03 -6.675562864580986133e-03 3.317807047035273293e-02 -2.242338887637087934e-03 2.438036185507697073e-03 -5.888199096158300977e-02 -4.890002773851030021e-02 -6.060209187278224607e-03 -2.857150112828225202e-02 -7.810439919460909070e-03 -5.903381963010836952e-03 5.084547850468979988e-03 -8.596700876436902741e-03 -5.389297198950984517e-03 0.000000000000000000e+00 0.000000000000000000e+00 -1.046444824781397887e-02 9.626782848995065617e-04 4.365653109079972206e-03 8.142080559805297060e-03 -8.266122936716236574e-03 7.698834317403095012e-03 -3.861823737390780286e-03 -2.856510649506933952e-02 -6.301977828928472143e-04 -9.384702610443908070e-04 7.025924358706454528e-03 1.245424696803447071e-02 -1.592864923009025590e-03 4.696085380217628232e-03 6.078304564072645882e-05 -1.564081350493895560e-03 6.787501186459549661e-03 -9.538761062288009587e-03 -3.539182214192690152e-03 9.489230051787473155e-03 5.871299997424782487e-03 -6.547781104707932343e-03 -8.705351436581503649e-03 -1.148091208808598926e-02 -1.824807478874312288e-03 5.349409473607315973e-03 -7.318320964484465287e-04 -9.102503201503738678e-03 -3.546308328842376692e-03 -1.082789724800802336e-02 -1.171862909710863314e-02 8.337622417131819799e-03 4.107078748798344628e-03 9.565412865824372834e-03 -5.446309489172939007e-03 6.910508802002854334e-02 -6.081392859912901905e-01 -7.079003427935692816e-02 -5.696208542551692844e-01 -6.031098504639537117e-02 -9.137002384525420018e-01 -6.122183685753299076e-02 2.120602080529379596e-01 -5.457692007971039205e-02 -2.630342430548012530e-03 5.914985212265902112e-03 -6.636580673039120526e-03 -7.083833722219247397e-03 6.794756959639406887e-04 1.998310477087142725e-02 9.482671342947088938e-03 -1.328803678314397461e-02 3.413952470689543550e-02 -5.449786653490257433e-03 -1.421759788575556113e-02 -2.109726479965340004e-02 1.742433676755451508e-02 -3.215770219499305624e-04 -8.621283102064572490e-03 1.705234483701305054e-03 4.777329216035412079e-02 -1.828963050763910293e-03 2.794426455172005150e-02 8.421761006951983958e-03 1.375813221002673836e-02 7.449347725232462886e-03 4.228053114712931881e-02 -3.569873376852868672e-03 -2.356850561828705210e-04 1.937639403854208783e-02 -8.297036600805541423e-03 -1.506881644455339113e-02 -4.403287206582236213e-03 2.277992825117138020e-02 -4.548077615194290324e-02 -1.791373325573737685e-02 -1.830747842572842676e-02 -1.187270559798792903e-02 7.699147053113307090e-03 -2.426113984976585244e-02 -4.929481796285786754e-03 -1.826380630343864622e-02
0.000000000000000000e+00 0.000000000000000000e+00 0.000000000000000000e+00 0.000000000000000000e+00 0.000000000000000000e+00 0.000000000000000000e+00 9.578106526851629891e-04 -1.476224026752701122e-03 -1.199788512356348346e-03 -3.018307795717604675e-03 -4.449316638321693280e-03 -3.279427694307433718e-03 1.295160617636776637e-03 3.731836354829018367e-04 -1.690677554533091560e-03 -2.498485233613790147e-03 -5.220498791933799419e-03 -1.063548757004321955e-03 4.750242230146786075e-04 7.006470007237991342e-03 3.536200076635328919e-03 -4.719917666289348904e-03 9.665779904188886301e-03 -5.989305675705957873e-04 1.194924480382791041e-03 8.439760503645145698e-03 -1.044268464895845537e-02 -2.832820755636723548e-03 6.100296953473835780e-05 -2.462855576870245054e-03 1.981624738568076027e-03 -4.446144401240149577e-03 -2.846053120940258106e-04 -3.557476093449463399e-03 -2.240407602905980164e-03 2.156887856339403595e-03 -1.804843914763069532e-04 3.584795094575818526e-03 5.716666991061035994e-04 3.614131367031945988e-04 1.401585863849301450e-03 8.261676136005381352e-03 -8.070812167957583730e-03 -3.035252167554423029e-03 -4.660797093296243016e-05 -9.326033984980055917e-04 0.000000000000000000e+00 0.000000000000000000e+00 5.958262722310798390e-04 6.025490625248334760e-04 -2.850897930637817266e-04 -2.149160685478677946e-03 6.375389563017479883e-05 -8.936425266877636537e-04 3.161843363558405938e-04 6.676063071393167729e-03 1.364422411804867884e-04 8.271398281492275354e-04 -3.006230772614244969e-04 -1.516576120302245978e-03 -3.977058742633204176e-04 -9.413380484396339284e-04 2.762013621333719079e-04 4.377911794766409974e-04 -1.374941268586124445e-03 2.846892077783224045e-03 9.956795768076431180e-05 -1.370272917524689542e-03 5.203924500220345577e-04 6.687879114299795629e-04 9.763726456312362811e-04 3.952292807917865899e-03 -2.234263654057354938e-04 -7.161419699125924068e-04 4.997737961174601642e-04 1.166546268128450508e-03 -1.675079445219070649e-04 2.271278575278318744e-03 1.006502249357739122e-04 -1.000199843195181872e-03 2.081074838172513090e-04 -2.519331155195652858e-03 3.013443116650991582e-04 -1.220132040944109895e-02 3.098292888162677144e-02 1.307939684247631275e-02 3.131493843795205012e-02 1.113691923193510167e-02 5.266158335003158497e-02 1.078761054240956647e-02 -1.121707975335349897e-02 1.161625434478640723e-02 1.337521466878461717e-04 1.641635449706819105e-04 1.027162174679119343e-03 1.789983230425875628e-04 -7.158201470779045842e-04 -1.726414003557045183e-03 -5.697785639881435514e-03 1.524575101086329864e-03 -9.883807057747835689e-03 7.401429405927911027e-05 4.158172390736579287e-03 2.682058568573064683e-03 -4.689367847537677034e-03 -2.193371999323408695e-04 1.243501383296225643e-03 2.052407465658561640e-03 -6.580535257264947396e-03 -1.515152057218989825e-03 -5.341096342332383833e-03 -3.363609122536055998e-03 2.415244995443064334e-05 -3.717133995751171257e-03 -7.759155930399067036e-03 -1.191275906124723317e-03 -7.293467440637056882e-04 -2.411785472903224883e-03 3.244469153577306079e-03 2.052014537924207356e-03 6.634302782584839721e-04 -3.965148182669711759e-03 5.606108768257699049e-03 3.688349501902039949e-03 1.642738046538736981e-03 3.184692260740345799e-03 -1.226467494303862564e-03 9.180330937676678058e-03 -3.499241933651859975e-04 2.838087339751700286e-03
0.000000000000000000e+00 0.000000000000000000e+00 0.000000000000000000e+00 0.000000000000000000e+00 0.000000000000000000e+00 0.000000000000000000e+00 -2.229295835953256331e-03 9.977591820363469061e-04 3.015866563021292208e-03 3.417448413541074770e-04 1.675397733254567131e-02 3.584872322677874236e-03 -1.439184921451652213e-03 9.448734300674956586e-04 7.302378894531966723e-03 6.789871805094191241e-03 1.385091606470411621e-03 5.988514015539779869e-03 3.427485481447764548e-03 4.117131893787097721e-03 4.909522818380347361e-03 -7.490672331991524852e-03 -5.989305675708120856e-04 3.461617591225442381e-02 1.474205863165503833e-03 3.422895441566627117e-02 4.599618779107698258e-02 5.558639530638007260e-03 -3.769236689723284156e-03 -4.505364973093410955e-03 -3.685903092409895197e-03 3.716745221270135058e-03 -1.914199607545331644e-03 3.151858198874067825e-03 -8.427313777057528210e-03 9.447822558340394569e-03 -2.343023640662463252e-03 3.715037856853121989e-02 4.552120047899544525e-02 1.151302580494833853e-02 1.351587589671029467e-02 -9.398804414172574895e-03 3.531131244095918331e-02 3.732457800993045985e-03 5.161969818364756796e-03 2.021714699853163245e-03 0.000000000000000000e+00 0.000000000000000000e+00 4.582544355047173980e-03 1.542378018291386916e-03 -2.468649245920092727e-03 -5.076789595656727022e-03 4.429579387931636796e-03 -2.875734137459065847e-03 1.352363729242679353e-03 6.154448470651142922e-03 1.269750809910962777e-03 -1.871882177291154473e-03 -4.246977738284531470e-03 -5.503899616153288578e-03 1.078527819645341747e-03 -2.515170063038650854e-03 -1.946388461891961595e-03 5.526696872141546044e-04 -2.415601272307826754e-03 1.660573320122166012e-03 1.526719343439659256e-03 -5.330736382401858424e-03 -3.304056650961924649e-03 3.595900652481707517e-03 3.520226454630375444e-03 3.032301196479320060e-04 6.002155606404642550e-04 -2.497660596906755431e-03 -1.050881364681065331e-03 1.679231415459054091e-03 2.116161606532922929e-03 2.920361325302659600e-03 6.933938713457073535e-03 -2.811915809112705555e-03 -2.761231853092688780e-03 -7.645800694470951571e-03 1.767728382492205538e-03 -3.025769911861306977e-02 2.069383370317412485e-01 2.830156277868034476e-02 1.917047319631108859e-01 2.519200461719910134e-02 3.029102098160179612e-01 2.541887283110278242e-02 -7.946719562366189038e-02 2.716398033196502915e-02 1.338245757926787580e-03 -4.447159858014916936e-03 1.782426569172313596e-03 1.533322357907913316e-03 -4.609031255061921649e-04 -1.223120810171469085e-02 -8.913454931903087158e-03 7.887942391490973537e-03 -1.556563969000454226e-02 6.244760018655702224e-03 2.864130197770128287e-03 9.498103655028327513e-03 -5.985841717712814952e-03 2.958320783516455235e-03 3.611395500494283053e-03 -5.564862393033843599e-03 -2.077746481340591797e-02 4.456704587668868997e-03 -1.139928342973786472e-02 1.242362436907622821e-03 -1.034405544298076102e-02 -3.232565833013901092e-04 -1.671494593065421530e-02 5.756519202062084818e-03 9.957218409097374351e-04 -7.180568801468224273e-03 1.669163810902304489e-03 3.527977048463030313e-03 3.680690559427768349e-04 -1.062857884447296689e-02 1.233037496298318783e-02 8.078864038887049667e-03 5.593964501441063032e-03 4.922195648433529830e-03 -2.963727804337281876e-03 1.282224380361104803e-02 -1.294898687290171012e-04 7.613022620064109972e-03
0.000000000000000000e+00 0.000000000000000000e+00 0.000000000000000000e+00 0.000000000000000000e+00 0.000000000000000000e+00 0.000000000000000000e+00 -1.624665569853606106e-04 4.457721511712311189e-04 3.801683316482206961e-05 -1.469432434953525353e-03 1.324950766595928749e-03 -5.481924102759008982e-04 -6.688556839424126795e-04 1.432849137212365909e-04 4.301081355675045515e-04 -9.452128915310389781e-05 -2.234678867229488233e-03 5.711265815733413851e-04 8.112377847174755954e-04 1.392856950806675622e-03 2.981486350476999191e-03 -2.573480380677266137e-03 1.194924480383152514e-03 1.474205863165462416e-03 5.120920032842868341e-03 -5.438526711184482783e-03 4.168633165683066806e-03 -1.294959226703180032e-04 -6.085319222843744600e-04 -4.782484863352421984e-05 -4.565296867551280860e-04 -8.443453100596213503e-04 -5.824672773274723256e-04 1.362976049409367991e-03 -4.667206215180125586e-03 -1.295086041150307317e-03 -7.969420178485621745e-04 1.674555042132868862e-02 6.480845202289611980e-03 -6.882081328894064506e-04 4.247043492063216387e-03 1.053909244418952014e-02 4.362528472486299283e-03 -5.323957965844672941e-04 1.014562791559746454e-03 4.750331080232009836e-04 0.000000000000000000e+00 0.000000000000000000e+00 9.061435683298609163e-04 6.735600557531247956e-05 -6.403793454178967077e-04 3.179568209516437044e-06 3.546296980318655134e-04 -1.538025330212115078e-04 1.361161155212512114e-04 6.466852128691856364e-04 4.150410233190577437e-05 -3.623296671366187278e-04 -4.000882642316095153e-04 -6.866965787114604662e-04 -4.429549834595543952e-05 9.252538418684881020e-05 -1.965073563334702794e-04 5.477897179461995846e-04 -4.930979729511358487e-04 -4.490307763287536172e-04 2.138152773801580797e-04 -3.998536200597266896e-04 -9.526960967702050769e-04 8.272672414918744773e-04 5.786768859503675123e-04 4.791288370947514912e-05 4.228379451619657597e-05 -1.106921889593366252e-04 -1.231809788229237790e-04 1.061948689181704602e-03 1.436058221554088212e-04 4.126779179946709676e-04 7.586606432729930093e-04 -3.386621549727495220e-04 -5.595173935672734331e-04 -3.526332413688437317e-04 5.301722577624038476e-04 -2.540422674882441677e-03 5.702936491582984851e-02 2.700803769916806409e-03 5.380284069279613751e-02 2.079855590733827985e-03 8.583681558763266162e-02 2.534354495795190440e-03 -2.048798639000072239e-02 2.018685700745398437e-03 1.114900712382043866e-04 -3.860840129529575257e-04 3.375745609583741431e-04 -1.177056672762215133e-04 1.232518369281935535e-04 -1.623559001265714209e-03 1.280950217637709387e-03 1.336851906175581415e-03 8.827050565678572908e-04 1.016738284219391181e-03 -1.524610904618494669e-04 1.427024726225366129e-03 -3.973498064163979391e-05 1.659914171657851526e-03 5.309675215633888595e-04 -5.997958291315674123e-04 -3.956485483814144166e-03 6.545956049650854085e-04 -2.367560612445951049e-03 1.656329661935089102e-04 -2.076705270143234475e-03 4.116643029940638202e-04 -3.150537515035608908e-03 7.610135976997892387e-04 2.240618650113878848e-04 -6.139621832976056241e-04 -6.416681100593194832e-04 4.736055564652081034e-04 3.310734583950726930e-04 -1.156851127520826771e-03 2.504381121668322521e-03 9.830432079432121963e-04 1.134103016605638760e-03 3.693777797629992847e-04 -8.287126595039882079e-04 2.981264978913406895e-04 5.078954025990568095e-04 1.458765805551194214e-03
0.000000000000000000e+00 0.000000000000000000e+00 0.000000000000000000e+00 0.000000000000000000e+00 0.000000000000000000e+00 0.000000000000000000e+00 1.689314680675094117e-03 1.929896522011119832e-03 -9.221490146616758820e-04 3.761027406734609654e-03 -4.087564856203428597e-03 9.878418262011302332e-04 -1.818281310703923894e-03 6.069112155863406154e-03 -1.851122906817659775e-03 8.314337408132395704e-03 -1.078041112540819441e-02 1.786114799998507474e-02 2.323274301111808576e-02 7.554436967541332260e-02 3.069769536564382739e-03 -1.293422633976868720e-02 8.439760503644786610e-03 3.422895441566563279e-02 -5.438526711184757736e-03 2.769111839015296339e-01 7.991120788046228093e-04 6.856618460936846939e-03 -9.695493719220321660e-03 -1.360829595917999353e-02 8.218608896609401818e-03 -5.542296979410404716e-03 -5.452624573107986081e-03 -8.001806238842584795e-03 -3.069332977560982473e-02 4.389955987970609735e-02 4.757747080871915606e-03 1.196001783453180291e-02 5.497936422260040618e-02 3.646789960711799283e-02 3.308096376355661866e-02 -8.358063981327215619e-02 6.499386029625092535e-03 3.819979170632835375e-03 1.301602990956796102e-02 4.179710111192875763e-03 0.000000000000000000e+00 0.000000000000000000e+00 1.653105706599689029e-02 -2.026447714741591230e-03 -7.948416465542966838e-03 -1.940215572567760213e-02 1.385976928220363294e-02 -1.711287916293782740e-02 6.018648875452423802e-03 4.131384390298097065e-02 2.660883240264570564e-03 6.723536624937923468e-04 -1.201807461159595108e-02 -2.460401915687316504e-02 2.937775479240079153e-03 -1.318026342135479589e-02 -2.258931398411471829e-03 2.186521950252879286e-03 -1.032089187449574536e-02 1.636163213893709889e-02 5.457736662080019639e-03 -2.074113221021702674e-02 -7.829394425056857704e-03 9.821936864025850727e-03 1.312130087632261410e-02 1.352009123197354598e-02 3.568425374654428210e-03 -1.333163566334915999e-02 -5.663723188831983751e-04 1.051652135137614782e-02 5.048955109251084677e-03 1.518012183227842454e-02 1.998823602715561060e-02 -1.590702550030453910e-02 -6.937748502172521106e-03 -2.171541803464875978e-02 6.687171661683577288e-03 -1.297271977431210255e-01 7.616812844173298513e-01 1.245979806459311390e-01 7.135258009509409804e-01 1.092484958188373878e-01 1.146915013581895959e+00 1.097355716711693185e-01 -2.786617204187291641e-01 1.067241923095500478e-01 4.757243761930243266e-03 -1.561116898521546989e-02 1.027144858926183103e-02 1.261499011062710597e-02 -3.418910550663630844e-03 -4.176902599293325080e-02 -3.999295727412863904e-02 2.402268025568249019e-02 -8.132403254553124961e-02 1.366850857729083428e-02 2.356565352889813600e-02 3.951777904425526206e-02 -2.819666823750570372e-02 5.983918652640047436e-04 1.463010483103084278e-02 -1.052275089682951775e-02 -8.690423656008262887e-02 4.952757211152258345e-03 -4.766228154035896669e-02 -1.085271410459913086e-02 -2.933505953378356262e-02 -1.173744588627074689e-02 -7.052845460831091984e-02 8.175219742289029784e-03 2.005573109600941248e-05 -3.659496045547346726e-02 1.824055157600751320e-02 2.296854009434216859e-02 5.317392694385960836e-03 -4.683100100703621593e-02 6.173624727292695291e-02 3.414319591245649349e-02 2.798702141380414454e-02 2.307167732315875894e-02 -1.161416725773393305e-02 4.658636607190717177e-02 3.544803250477033228e-03 3.235785211423379548e-02
0.000000000000000000e+00 0.000000000000000000e+00 0.000000000000000000e+00 0.000000000000000000e+00 0.000000000000000000e+00 0.000000000000000000e+00 -1.599102489297211591e-02 -3.045288643627622823e-04 2.542625265839918228e-02 -1.045261867621033978e-02 1.771208793922460500e-01 1.528242777124333169e-03 -1.107274097484969855e-02 6.462879660111410345e-03 7.812672750201225813e-02 8.533444837146722875e-03 5.433705257110475056e-02 1.180124084303399087e-02 1.234326527742997566e-02 1.760735008862127429e-03 7.471163329186380694e-03 -1.929566223584630591e-03 -1.044268464896127083e-02 4.599618779106202926e-02 4.168633165679298119e-03 7.991120787952145366e-04 4.456925896507841212e-01 3.711304817727213105e-03 -1.011350022634777829e-02 3.275402792734603830e-03 -4.927576538379743049e-02 7.280801345787843611e-03 5.920097530212774760e-03 1.133952410376016899e-02 -1.854522021519642433e-02 1.819427608587657246e-03 -1.138981829992266777e-02 4.915494824187408712e-02 8.893323833150366953e-02 1.712148166829373375e-02 3.269111231407855617e-02 -1.233170359903943900e-02 3.198738677241630413e-01 -7.298499032279472673e-04 1.282350714573147685e-02 1.228878092619564537e-02 0.000000000000000000e+00 0.000000000000000000e+00 9.134635942451601459e-03 -1.326324402494516701e-03 -1.055718496427169965e-02 -3.784060543561303287e-03 1.943614358791090129e-03 -6.838663689864609915e-03 1.379443604987058442e-03 -1.579206420140685102e-02 8.737768258910892866e-04 -9.248543632350175389e-03 -1.885718707151967828e-03 -1.135615373204722570e-02 8.143556138266012066e-05 -5.186853768792234684e-03 -4.407972429883559758e-03 3.127990369444742791e-04 -2.955871069818581144e-03 -5.718978408133639293e-03 1.223056780910140948e-03 -1.270989326151095687e-02 -6.395280031578560662e-03 9.453665387187188546e-03 6.015698934928901537e-03 -7.278125284099311657e-03 -1.369361749414282079e-03 -3.035411670799265972e-03 -3.451343133378900752e-03 -1.188678519299331271e-03 7.353920861352620207e-03 -5.437586045255092537e-03 7.160925483969929513e-03 -6.036715406173786234e-03 -8.082468313821280365e-03 -4.304333952643786369e-03 5.457487097601008454e-03 -5.524043239664613858e-02 5.984429934776411830e-01 4.789582943611994659e-02 5.208817431942659448e-01 4.573385053360004560e-02 8.278123737760493261e-01 4.599408579369139438e-02 -2.530937186645055292e-01 4.371785925778527704e-02 2.351166371357677051e-04 -1.322053485710526256e-02 3.551827085573165763e-03 6.698746654780117493e-03 3.268360848320881959e-03 -2.055455248113777916e-02 2.741659753995550480e-02 5.587794447796573354e-03 4.005911820034753490e-02 8.576307809695978696e-03 -2.656425442149770375e-02 4.599949338822371080e-03 1.712611180483446238e-02 3.980788456377070544e-03 1.977799263861401615e-03 -9.253788862108274296e-03 -3.662126279256820716e-02 1.578303938328457987e-03 -1.009303585918839771e-02 -1.733592748565892377e-03 -3.912634729669539624e-02 -5.546384764203197808e-03 -1.507484032968733900e-02 1.125732936029143032e-03 1.412924903065478598e-03 -1.215251829506861989e-02 -5.418932559834228023e-03 3.498480592817787907e-03 3.132795960062305114e-03 -2.144841960849769996e-02 1.904674532990098187e-02 1.488100046682702335e-02 1.008254535859139100e-02 6.065064535291173585e-03 -8.536255952554991019e-03 -2.308886902309084665e-03 3.904103438512974110e-03 1.763837906479755538e-02
0.000000000000000000e+00 0.000000000000000000e+00 0.000000000000000000e+00 0.000000000000000000e+00 0.000000000000000000e+00 0.000000000000000000e+00 -1.184309000688714338e-04 4.946028014815406597e-03 8.069782153598845185e-04 1.580267205492980401e-02 1.570529050613815201e-03 1.350928510722355057e-02 -1.441132060718199916e-03 -2.081393188757611496e-03 1.460240566578366219e-04 1.322187484439051042e-02 1.148242777371754264e-03 1.307540114010130421e-02 7.774743716603167839e-04 5.512930035120243606e-03 -3.046870532794206023e-03 2.683033877055368902e-03 -2.832820755635849681e-03 5.558639530638767937e-03 -1.294959226697962038e-04 6.856618460938294565e-03 3.711304817726801108e-03 1.380578928758515421e-02 -7.450906714798396233e-04 -6.992451419056676951e-04 -2.736530322822928367e-04 1.447525435440765069e-02 -3.708375650790195471e-04 1.303408767649876128e-02 -1.848792765451606106e-03 1.603851203330311677e-03 1.079220465030971722e-03 -4.223069654143644935e-03 3.414080260358166776e-03 2.535691525358573124e-03 6.535331441611847043e-04 -1.540406789565285615e-02 4.436996430962148255e-03 1.406546353869617995e-02 1.058720264256949196e-03 -8.231565585664907128e-04 0.000000000000000000e+00 0.000000000000000000e+00 -3.223310338347763716e-04 7.767449689072854603e-04 -4.748105517593838309e-04 7.326573207731570351e-05 -6.754017643335489878e-05 5.979643592749330286e-04 -2.478298838864109776e-04 -5.011528929366682039e-03 3.479251490565586679e-04 -1.140079193243861456e-03 -4.297993446611472068e-05 3.431963924741227934e-04 2.067560282320050284e-04 -3.893419567253756378e-05 -1.081421356903970081e-03 -3.318269468011289438e-04 5.970503247684211517e-04 -2.780559826994110067e-03 -1.253544174349525910e-04 2.178144277162437012e-04 -4.732032371787497330e-04 -3.122605959083673785e-04 -3.850474715373388129e-04 -3.621824806664902460e-03 5.730289411446348573e-05 1.408612267782229826e-04 -8.942655380676018577e-04 -1.671888325722268882e-03 2.608637388512121584e-04 -1.537153212329556151e-03 4.126876690758099616e-04 8.445525267914821138e-04 -5.624279719409450455e-04 -8.836121891727398469e-04 -4.177240850030882412e-04 4.079271301264115850e-03 -4.452875457620240895e-02 -5.003572075265231081e-03 -4.073160177730445614e-02 -4.214341991001783159e-03 -6.779527306179811141e-02 -3.567617106571238737e-03 1.298947861657022765e-02 -3.308683326829963897e-03 -7.719426518289581761e-05 -9.895264850809006984e-04 -7.800511215022504566e-04 -8.819084528179342315e-04 -6.103998622095259657e-05 -8.642872368403630096e-04 -1.399242474320605556e-03 2.415823267832857123e-04 1.284956807230351432e-03 1.515758782959614973e-03 -2.148937972779059631e-03 -6.471029929454774534e-05 2.420498137196627417e-03 1.797789785907357579e-03 -5.965190040098139641e-04 -3.177199948976057800e-03 1.914976027514142098e-03 2.465644275906488103e-03 2.290641614105435285e-03 3.659234620986630965e-03 -1.853042494033171200e-03 4.123640286816596112e-03 3.568134570133240247e-03 2.528707612109998802e-03 3.880846388926977183e-04 1.273287537338624667e-03 -1.358913099630290350e-03 -2.052216348019635182e-03 -7.307323793653603024e-04 1.331026391983063106e-03 -6.191338599865945334e-03 -1.280604928641698986e-03 -1.623014042383716209e-03 -1.871791175517580324e-03 8.231357442943308244e-04 -4.009821388887577741e-03 -6.669399925399486324e-04 -1.164702400528266468e-03
0.000000000000000000e+00 0.000000000000000000e+00 0.000000000000000000e+00 0.000000000000000000e+00 0.000000000000000000e+00 0.000000000000000000e+00 3.345374534776195086e-05 7.446079075924604907e-05 -1.476637776965260729e-04 -6.169327701382846824e-05 -2.148522184143980811e-03 3.408958234755099710e-04 1.746822021944381079e-03 1.858366736235919528e-04 -1.120132418542771433e-03 -1.009883526067630261e-03 6.825582644951113526e-04 -4.072217217761696199e-03 -3.110397589072558516e-03 -4.468905664743325935e-03 -6.379185630678552675e-04 6.014619770564833857e-03 6.100296953489103380e-05 -3.769236689722595037e-03 -6.085319222842393684e-04 -9.695493719220509010e-03 -1.011350022634660041e-02 -7.450906714801651008e-04 3.780524480685829632e-03 2.662454407179096726e-03 -4.436367411679268020e-04 1.803598219853260170e-03 9.852164476205160868e-04 -4.906918551126134443e-04 7.341767968743387503e-03 -2.340495480709444635e-03 1.057202789057992481e-03 -8.818634739147464263e-03 -1.115540387423057805e-02 -2.772911303758983544e-03 -7.506938131468940227e-03 4.022152518753032910e-03 -8.166775571631727446e-03 3.532632448515203344e-04 -4.418049157260541676e-03 -1.413868285761896550e-03 0.000000000000000000e+00 0.000000000000000000e+00 -3.810367550871973305e-03 3.869231541373885710e-05 3.414946524133268338e-03 3.120790610705922053e-03 -1.740014036963447291e-03 3.162265793594968861e-03 -1.335518921692112121e-03 -3.924851503445915199e-03 -8.816395395081583425e-04 1.445651902618952942e-03 1.952570377710037119e-03 4.849233430995154165e-03 -1.478203101662024321e-04 2.120980673607729666e-03 1.101354536163882090e-03 -3.317969777989421081e-04 2.085750937103847576e-03 -1.079683889262977392e-03 -9.308336594033078323e-04 3.720888576762544295e-03 2.289197369414569874e-03 -2.389665827160287765e-03 -2.621307298528583601e-03 4.298383958133103911e-04 1.045964150468731445e-04 2.051856207074292514e-03 8.833459571402788252e-04 -1.515443443118104925e-03 -2.251095430192602727e-03 -1.734964507029849393e-03 -4.208827043094771729e-03 2.729839282988009291e-03 2.852815787478918744e-03 4.453341833322221541e-03 -1.670351331517005728e-03 2.365838397092822482e-02 -1.843166972226918665e-01 -2.197757292993635786e-02 -1.699084403592399650e-01 -1.961277275885874374e-02 -2.714812070549430523e-01 -2.024289941798823600e-02 6.813030277767047338e-02 -1.874651819509627615e-02 -7.393984157733431064e-04 4.264442996509385658e-03 -1.638699710228332714e-03 -2.088257287671451377e-03 3.346160416111747206e-04 9.618391966521491754e-03 3.934594277316278907e-03 -5.626462852994168831e-03 9.778699318319579101e-03 -4.065183947515790645e-03 -2.333743708102916248e-03 -7.922028189539959478e-03 2.654912372519638124e-03 -2.876040643177629058e-03 -2.635053607360043817e-03 4.345376023217515336e-03 1.776958178330321006e-02 -2.726379712403125335e-03 9.370427722683614957e-03 -2.926779634282101247e-04 8.436417985791321711e-03 -4.470091253402449128e-04 1.412341013802798778e-02 -3.312894718439365113e-03 -2.346888585382322467e-04 6.585642353228044095e-03 -2.008332121456241591e-03 -3.376279632952530925e-03 -1.823097967028067951e-03 8.893170946360873935e-03 -1.482259199594002444e-02 -6.466566115309453806e-03 -6.789363688169576527e-03 -3.564605632353063346e-03 2.088624946560352965e-03 -9.249909210313989050e-03 -1.510187569171868565e-03 -6.154722616378466987e-03
0.000000000000000000e+00 0.000000000000000000e+00 0.000000000000000000e+00 0.000000000000000000e+00 0.000000000000000000e+00 0.000000000000000000e+00 -8.003739195342624837e-04 1.054773421105148316e-03 8.042701882503356173e-04 5.127746222243092069e-04 3.883216981203783686e-03 1.846581163610201692e-03 -2.973790514977669910e-03 2.643792133743318347e-03 9.759320947715040056e-04 -6.612372105855385479e-04 2.585658974527504927e-03 -3.351547603944643721e-03 -4.460337307757946713e-03 -6.487586173442895510e-03 -2.185135331575839047e-04 5.731868187851011862e-03 -2.462855576869766704e-03 -4.505364973093186308e-03 -4.782484863323633705e-05 -1.360829595918033354e-02 3.275402792730522025e-03 -6.992451419065761481e-04 2.662454407179795819e-03 1.612972034869147517e-02 -2.597884253855017259e-03 4.201446942210645616e-03 1.386361672312885285e-03 1.675015091372408088e-03 1.008073337102416249e-02 -3.560701301904993944e-03 -5.217730329551320111e-04 -7.862951603065045786e-03 -1.344463718805603836e-02 -2.931746731586888123e-03 -9.995400289826473356e-03 7.073843842299247509e-03 6.731932119331579707e-05 8.636190950021482241e-04 -4.512374608913357656e-03 6.279731313441140432e-03 0.000000000000000000e+00 0.000000000000000000e+00 -4.052658583120484839e-03 -4.039036819238621574e-03 1.931232603079968083e-03 9.703522806481797158e-03 -3.582228134501510425e-03 4.060260094193490245e-03 -1.407727832815106701e-03 -1.105744116331229022e-02 -2.580130934460669358e-03 6.955943268847335909e-04 4.929611299781162977e-03 6.941657097085263822e-03 -3.191495948914897102e-04 4.053643731819124400e-03 1.728358799190754958e-03 -1.184165241550274184e-04 3.431668417475794517e-03 -4.542852523526211966e-03 -1.392913664665348765e-03 8.480583562605411782e-03 2.468404082275640291e-03 -4.598962828104929089e-03 -2.717875309227877484e-03 -3.011737767501131667e-03 7.689243087574990998e-05 3.556872581151083405e-03 1.532253137784263947e-03 -3.655962469053049453e-04 -3.031138831441403635e-03 -3.698155369544316000e-03 -6.828279251709984919e-03 3.298205082889006223e-03 1.749237446721909305e-03 1.390744762514858381e-02 -1.916639960829619735e-04 4.386383330326535518e-02 -3.839138352365410733e-02 -4.054290237607044434e-02 -3.948724961392299088e-02 -3.684520947937008906e-02 -6.269950265001199285e-02 -3.659918114178264265e-02 2.661968044200623690e-02 -4.515316108505782605e-02 -1.196803459644347296e-03 4.986887879244651656e-03 -1.814410373277237920e-03 1.590820505958787838e-03 2.578233777443402278e-03 1.327535222203025077e-02 3.017445544867559254e-02 -7.068086858159242786e-03 4.107363378648155872e-02 -6.395439042594342274e-03 -7.698490860829269519e-03 -1.148574915083340475e-02 1.079771688453510028e-02 -2.484979164386277167e-03 -4.647586782154066766e-03 6.043232108820744027e-03 2.625851808198649551e-02 -4.550544190844792343e-03 1.543704271070888909e-02 -1.164263843594831810e-03 1.046261583336116976e-02 5.946367211767385023e-04 2.322916294127918765e-02 -5.806998968088370600e-03 -2.109861626145169877e-04 9.334613541311796020e-03 -6.259114872070744261e-03 -4.034759554876929735e-03 1.066993600464014470e-03 1.555155029744601479e-02 -6.457657069706261056e-03 -1.257080976398254786e-02 -3.552574043372437335e-03 -9.203829215950668982e-03 2.184478064071646540e-03 -2.620488453889625521e-02 3.787469635621427792e-03 -9.381049535933839653e-03
0.000000000000000000e+00 0.000000000000000000e+00 0.000000000000000000e+00 0.000000000000000000e+00 0.000000000000000000e+00 0.000000000000000000e+00 2.272331732528388472e-03 1.676394495862205730e-04 -3.250619598462515820e-03 8.357948311439047321e-04 -2.209464035305827578e-02 -1.162530670865961522e-04 1.845533614369810563e-03 -3.558927978030915077e-04 -9.368053714692502545e-03 -6.194158060522856864e-04 -7.785782957790200222e-03 1.265538694546401374e-03 9.948815269120825193e-04 3.566224523343670266e-03 4.687873908231337530e-04 -3.955401451864251627e-03 1.981624738568330598e-03 -3.685903092407982664e-03 -4.565296867548710759e-04 8.218608896609547534e-03 -4.927576538379419696e-02 -2.736530322822097868e-04 -4.436367411677803805e-04 -2.597884253855769696e-03 8.396237620244271713e-03 -1.446440968464903333e-03 -1.330128749397310132e-03 -2.099265410548294478e-03 -2.291900821860305432e-03 2.677555540509458237e-03 1.282725724581402441e-03 -1.297755116371579302e-03 -5.461848816037631615e-03 1.374919945894290466e-03 1.358118148550436230e-03 4.463229781239664955e-03 -3.631462187991068430e-02 -4.616301102972336233e-04 4.378320250225210884e-04 -6.230425077712000619e-04 0.000000000000000000e+00 0.000000000000000000e+00 -3.716871242886212183e-04 -9.941444315638644797e-04 -1.903818072523312272e-03 -2.381352817885391999e-03 -2.964740869052169200e-03 -2.438210015054529788e-03 5.917397763575229543e-04 5.413673850047855812e-03 1.920232973270006270e-04 9.900388630255994946e-04 1.508363853641915379e-03 -2.844862295427550564e-03 -1.315390884596523468e-03 -1.980667095860321608e-03 8.464882922278662040e-04 -8.573811493009372234e-04 -1.849725462778913912e-03 2.521134773385348346e-03 -7.318038660009051552e-04 -1.482956578564106030e-03 3.454965205988717782e-03 -3.801265563397777936e-04 1.235624663755038617e-03 3.592752932248052464e-03 -1.390292199972806980e-03 -1.924300514474011235e-03 6.550823411999611616e-04 -5.423642038913619508e-05 1.108773968230818184e-03 2.717517839150931924e-03 -2.075372491120226759e-03 -1.877127165129937637e-03 -1.691907728110429406e-04 -2.327686927500566619e-03 2.769916517559005832e-04 -1.578023345557092241e-02 1.540053143871252840e-02 1.570844289816103814e-02 1.779423296824263201e-02 1.358942864736877899e-02 3.458947921991442631e-02 1.356540439002261803e-02 -2.241788129431642688e-03 1.263849928581242156e-02 -2.991218422857039230e-04 -1.298428736031371827e-03 1.236702459083830309e-03 1.568998165963355089e-03 -1.277168558462868147e-03 -4.252353628166330099e-03 -6.325262654225822720e-03 2.861172794114549660e-03 -1.226895449723724649e-02 1.007689792924571252e-03 5.869692900164112659e-03 4.253859578691262903e-03 -5.186461686218369303e-03 2.483664645341905467e-04 1.077188475334924173e-03 -1.915497293453290368e-04 -8.540087457379445107e-03 2.563451792061021599e-04 -6.096152837072101385e-03 -2.437197369512878950e-03 7.152369058955699915e-04 -2.992547837352787718e-03 -9.403452898846680758e-03 -1.589415536675116945e-05 -2.206983007253512496e-03 -3.939736900518834954e-03 7.275696156621684271e-03 2.302371678858439619e-03 2.490218646263082751e-03 -5.299038090008401612e-03 1.065376855464469918e-02 4.416569809509991555e-03 4.735848316815120980e-03 1.993318415526466100e-03 -8.375039424612302271e-04 1.073884082971811489e-02 9.757520042804074950e-04 3.205573435470373492e-03
0.000000000000000000e+00 0.000000000000000000e+00 0.000000000000000000e+00 0.000000000000000000e+00 0.000000000000000000e+00 0.000000000000000000e+00 -1.210486885433675365e-03 5.414833452714183822e-03 2.222558524955206821e-03 1.936592881247573006e-02 2.114049317569860822e-03 1.709782463533088964e-02 -5.362521451191758735e-04 -1.150151632303269503e-03 7.909898517993769898e-04 1.344110281794820561e-02 4.528857666126424701e-03 1.023018221026212281e-02 -3.536835607861549616e-03 6.359204329640750705e-04 -4.022284668439774988e-03 1.003173098208482751e-02 -4.446144401239509464e-03 3.716745221271371049e-03 -8.443453100590702504e-04 -5.542296979409354341e-03 7.280801345789179348e-03 1.447525435440719620e-02 1.803598219853644411e-03 4.201446942211113991e-03 -1.446440968465206259e-03 2.406508326926290117e-02 1.235187091905527897e-03 1.206887959624059967e-02 9.767806577517502975e-03 1.269906087225871824e-03 1.771724089495653421e-03 -7.245153166746050831e-03 -1.017440033439728601e-02 3.438006985003128936e-03 -5.527138325347219668e-03 4.998517728345042328e-04 4.544636045281692793e-03 1.527779677069863833e-02 -2.161820892009127214e-03 1.091198507690478020e-03 0.000000000000000000e+00 0.000000000000000000e+00 -6.804037318639463532e-03 4.441863698171904943e-04 -5.510047091289308266e-05 4.857985164056627218e-03 -8.121488466218958896e-03 4.370047954782534452e-03 -2.433901493457324514e-03 -1.966104647529729604e-02 -4.627584930132251509e-04 -2.113433986318868224e-03 6.157042927854385929e-03 6.605650055807377186e-03 -2.046104940349107587e-03 2.462310484053895163e-03 -1.644480320194393274e-04 -1.706927518931008851e-03 3.686489832420287473e-03 -7.821280341722655280e-03 -2.854549051304215278e-03 5.533232476001822935e-03 5.177893552455536431e-03 -4.277333666493134470e-03 -3.971805472842795427e-03 -8.340350486329183369e-03 -2.538016453274853559e-03 2.933589260015568440e-03 -4.191812897088636938e-04 -6.513460683017962063e-03 -1.059997113032718841e-03 -6.446596207127378367e-03 -9.176414384513838229e-03 5.058183342550263278e-03 1.227365292610883016e-03 5.112370731137836667e-03 -2.647980558661528361e-03 3.685520907082719816e-02 -3.104656736616701052e-01 -3.815453735001650415e-02 -2.925491865908667055e-01 -3.247427371642280791e-02 -4.697316713428545953e-01 -3.215274521283086051e-02 1.086190358122259697e-01 -3.218328188201033391e-02 -2.211024404014561625e-03 2.355599178329250559e-03 -3.879690512740441126e-03 -4.095467509378999255e-03 1.559654273166804009e-04 9.614133948925490669e-03 8.005449475071792220e-03 -6.530520220450750264e-03 2.502519241608643086e-02 -1.577716708607246939e-03 -1.032445965365139454e-02 -1.251227532397633686e-02 1.146630225658091216e-02 1.867100240622199692e-03 -5.604309695294712457e-03 -1.201693568388359588e-03 2.559939449552507684e-02 8.023427661784331404e-04 1.521269936488210336e-02 6.480672707879660092e-03 5.523429903277531604e-03 5.659533317909535947e-03 2.339078041948382258e-02 -3.441886851683580769e-04 -1.444067058856932182e-03 1.160777907967979611e-02 -2.656362471836468987e-03 -1.018372070619640718e-02 -8.342902687092624246e-04 1.264320048259279933e-02 -2.385812800309389942e-02 -9.601556774628778462e-03 -8.853825260707316042e-03 -8.123761426168073230e-03 4.091481532421111650e-03 -1.042361884102593894e-02 -1.945332419900604008e-03 -9.794418303375422921e-03
0.000000000000000000e+00 0.000000000000000000e+00 0.000000000000000000e+00 0.000000000000000000e+00 0.000000000000000000e+00 0.000000000000000000e+00 -2.753100136920673012e-04 -1.138291401519495592e-04 4.703351783753425479e-04 3.398341796341389025e-04 2.939759220522086824e-03 5.468136552987181180e-04 2.872449153279801079e-04 -5.783619191984672343e-04 1.398564956585509299e-03 -4.939548210828614318e-04 2.706292314377432839e-03 -3.234826906093031442e-03 -2.383499310635829854e-03 -3.747061173905890438e-03 -1.629571212897783401e-03 4.723021631760843282e-03 -2.846053120941820984e-04 -1.914199607545747327e-03 -5.824672773274703740e-04 -5.452624573108649612e-03 5.920097530208402389e-03 -3.708375650787950630e-04 9.852164476205464445e-04 1.386361672313233965e-03 -1.330128749396980968e-03 1.235187091905795044e-03 1.766119891261027676e-03 -2.497940753813802754e-03 1.170532628562568483e-02 1.280962773663307536e-03 -2.051696015753123783e-04 -6.405259083561975000e-03 -1.602307229232312683e-02 5.319527520466872184e-04 -5.850048399691706869e-03 1.773547285763743065e-03 3.057960882293380041e-03 1.332789780834933409e-04 -1.412120636500668793e-03 -4.248991788373269042e-04 0.000000000000000000e+00 0.000000000000000000e+00 -1.805418224707977960e-03 -1.970398368108736956e-04 5.199814928190750257e-04 1.521255825270983065e-03 -1.904158281121734377e-03 1.063118420909451656e-03 -6.055581383587307952e-04 -4.135418791866960105e-03 -3.368993283752577455e-04 -3.672160819636647531e-05 1.542854002490604481e-03 1.881520156795318723e-03 -4.616995778800887643e-04 7.992207199561556820e-04 2.547122075744734349e-04 -4.774728985201678812e-04 9.510440252071669306e-04 -1.371336306858592265e-03 -7.252822222829441662e-04 1.762330607726962390e-03 1.617928200369731255e-03 -1.383696038323679964e-03 -1.381092979812468570e-03 -1.272236498620229247e-03 -4.853937038349016896e-04 9.413129526340125027e-04 1.230974146077852419e-04 -1.623577146541902274e-03 -5.935839293355324236e-04 -1.672484291588396347e-03 -2.495308769750240012e-03 1.179566246031317663e-03 7.156536915468403141e-04 2.112196580068658250e-03 -7.252487298792067213e-04 9.718891116952385612e-03 -8.424870826227472131e-02 -9.594117948721204991e-03 -8.014382739561483338e-02 -8.141470834063784662e-03 -1.265744248662789562e-01 -8.405111596245875422e-03 2.941126257581537506e-02 -8.709690089635506449e-03 -5.502855577138550999e-04 1.095995639589734255e-03 -8.126683304027073696e-04 -7.653858405929261487e-04 1.838466749980033614e-04 3.274628027141315584e-03 3.291431184614560228e-03 -2.023675591771809459e-03 7.163825107204999619e-03 -1.053984297683536672e-03 -2.210059588276110445e-03 -3.318886308572160937e-03 2.434952446915217283e-03 3.345887679327800039e-04 -1.487661015936097425e-03 9.949616363178735452e-04 7.921103235430536696e-03 -9.422625109346668883e-04 4.190235856019669698e-03 4.797785501648639561e-04 2.460135447590488123e-03 1.820293367236232426e-05 6.264749930122678542e-03 -1.229411465805240215e-03 -3.049096513266121283e-04 2.940033594128007525e-03 -1.004661555390245955e-03 -2.096742052913970478e-03 -2.146609893108664450e-04 3.573421482611188662e-03 -5.183506691558386996e-03 -2.826162653225963457e-03 -2.247657319134184917e-03 -1.710989902952089834e-03 9.131805209908750972e-04 -3.113762151703577605e-03 -4.542508701163828718e-04 -2.749567596465423997e-03
0.000000000000000000e+00 0.000000000000000000e+00 0.000000000000000000e+00 0.000000000000000000e+00 0.000000000000000000e+00 0.000000000000000000e+00 -4.524046313922674631e-04 4.283216127734594016e-03 1.416363768126763494e-03 1.522248935733057709e-02 6.961691137410955764e-03 1.345133284263024670e-02 -3.195744418248947991e-03 -3.054750637530994316e-03 1.796184385495802312e-03 1.285289623490028579e-02 -1.160384208748494817e-03 2.191597811785392716e-02 5.678357590950794571e-03 1.674543146787520849e-03 4.371025014320531477e-03 -6.675562864585098295e-03 -3.557476093448015339e-03 3.151858198875771757e-03 1.362976049409786493e-03 -8.001806238839264535e-03 1.133952410376977069e-02 1.303408767649835362e-02 -4.906918551124684865e-04 1.675015091372289260e-03 -2.099265410548537773e-03 1.206887959624002547e-02 -2.497940753814133653e-03 7.173846817999995906e-02 -3.023207819928210721e-02 -5.701666931739156341e-02 1.285879205579065895e-03 -7.969273279819064429e-03 3.516344681752645029e-02 -5.257182899224800698e-02 2.149050164211299685e-02 -4.590955715534880688e-02 9.253340913828032865e-03 1.429785873912066581e-02 2.810571717933994145e-04 -1.343054059121788621e-03 0.000000000000000000e+00 0.000000000000000000e+00 2.350251480343410696e-03 1.207601134318226233e-03 1.274832370600369235e-03 7.583828760883370122e-04 5.170731190666683422e-03 1.895663013552319979e-03 1.967497149499578208e-04 -1.055596805982802859e-03 1.604012919381227491e-04 -1.269501151108313173e-04 -2.664511279446346755e-03 6.165093339676548569e-04 2.160776345677923021e-03 1.808668294235410163e-03 -2.035067852656651660e-03 5.158871703957501652e-04 9.230453837479786483e-04 -1.730528968325024172e-03 1.347292038266371776e-03 -3.915284234989231953e-04 -5.073128581217146993e-03 1.416082834552879642e-03 1.223463236583373923e-04 -2.305168700310221506e-03 2.640278768656145053e-03 9.331284013532840232e-04 -1.601717670094417786e-03 1.513397525827751009e-03 -2.563022418485094538e-04 -6.387953319808852178e-04 4.845771035343175888e-03 7.872187315216937079e-04 -3.325150656302350489e-04 -6.930623728635746912e-04 1.019748069160063806e-04 6.167393843990456696e-03 2.951504373788357144e-02 -6.299984177142711750e-03 3.373404807093555169e-02 -5.903248829933654615e-03 4.735146596867695346e-02 -4.848602609829505070e-03 -1.118166851967643607e-02 -3.313811892079798760e-03 8.429510248021856826e-04 1.440295170715617822e-04 -2.762728090824579188e-04 -2.049250609016209715e-03 6.285122188896409123e-04 9.879920543620476694e-04 -1.008825237171877276e-03 -2.692522413399059487e-04 -1.029936292501846054e-03 -5.445056396619192768e-04 1.117975521348863605e-03 -1.688616401873628547e-03 2.806171392365718574e-05 -9.334987595450627493e-04 6.107087151464462476e-04 -5.936338223899661169e-04 1.533587762195577370e-03 7.000494217298876710e-04 2.035547702800486608e-03 1.322823476173138994e-03 1.274799223911163770e-03 2.264460078315983730e-03 4.236269383687240805e-03 1.407524729036394896e-03 2.048785022997325414e-03 6.111409416006546858e-04 -4.359602206033924045e-03 2.223007429813049344e-04 -2.366776597614471053e-03 2.146928461896943641e-03 -7.346467524176138880e-03 -1.727376255339090885e-03 -1.994478212369067693e-03 -1.870762964551952838e-03 1.356853493880575204e-04 -4.767792320943797443e-03 -5.860889400233323032e-04 -4.956660730602417426e-04
0.000000000000000000e+00 0.000000000000000000e+00 0.000000000000000000e+00 0.000000000000000000e+00 0.000000000000000000e+00 0.000000000000000000e+00 -5.018964830683475238e-04 -1.619556683786053681e-03 1.216517767416248896e-03 4.811588532716177917e-03 -4.674159989239696014e-03 4.920948863310974433e-03 3.009803176411636298e-03 -4.731702400513904984e-03 -1.294572519502641770e-03 -3.621047498964589332e-03 1.153396469354074638e-02 -2.483314834455633766e-02 -2.389168241643057841e-02 -4.210544061034623281e-02 -1.169534552779132736e-02 3.317807047035680607e-02 -2.240407602905452374e-03 -8.427313777057353003e-03 -4.667206215178769033e-03 -3.069332977561470277e-02 -1.854522021523176412e-02 -1.848792765449954216e-03 7.341767968744913192e-03 1.008073337102591456e-02 -2.291900821857994347e-03 9.767806577521529268e-03 1.170532628562488166e-02 -3.023207819927692386e-02 1.396941961022751533e-01 1.983553072212728557e-02 -7.420216362868737106e-03 4.866985565426177121e-03 -9.249356481870202318e-02 1.597539901570200344e-02 -5.329604743266656147e-02 1.313824474542242202e-02 -2.195977981837934565e-02 1.982230097840884022e-03 -1.093425764503171659e-02 -3.377199752166097635e-03 0.000000000000000000e+00 0.000000000000000000e+00 -1.404089744426569898e-02 -1.419285277412466210e-03 3.893118388644495158e-03 1.150030150703993531e-02 -1.409094024999205629e-02 8.371082274287755878e-03 -4.298094512186570633e-03 -2.736399643721358979e-02 -2.549436825194768830e-03 3.610043696983510899e-04 1.166093624367752456e-02 1.365072329826585128e-02 -3.272828773179630325e-03 6.286394154359905770e-03 1.990784820409365226e-03 -3.704190087616075419e-03 7.909050750944777650e-03 -9.377729576694795663e-03 -5.603174725953724046e-03 1.544597506396188334e-02 1.257928778514252194e-02 -1.206167770115857026e-02 -9.818986361865043172e-03 -1.112817307645484755e-02 -3.988072832751008399e-03 6.128389648625828107e-03 9.173809986640820693e-04 -1.143586605450448365e-02 -4.255265782987877922e-03 -1.151568587061266476e-02 -1.798692520962230992e-02 9.087117440508355945e-03 5.129523077198301986e-03 1.534940399954087646e-02 -5.315181913022448863e-03 7.489409151011135191e-02 -6.231256443868500305e-01 -7.308613338435882012e-02 -5.856007569624996911e-01 -6.329082058709500913e-02 -9.227171559536494483e-01 -6.460073859350667913e-02 2.265799833637320293e-01 -6.624749901842431898e-02 -3.862441665028013872e-03 8.504484561447341398e-03 -5.691021056495153274e-03 -5.523012017899024163e-03 1.055831103220151957e-03 2.415699930703224182e-02 2.171784054626467453e-02 -1.314975305615075606e-02 4.815928946974955965e-02 -7.853918739945266181e-03 -1.186491026188262778e-02 -2.340387868725466586e-02 1.553764165508141233e-02 2.304088807981844334e-03 -1.059243147512217362e-02 6.987422310894013736e-03 5.958811518448080269e-02 -5.503570666823554003e-03 3.051894848162147941e-02 3.880702984943072177e-03 2.141932931900228376e-02 1.749547752129380213e-03 4.392102240517308659e-02 -8.022737551806862627e-03 -2.254169880364243622e-03 2.254130566334777361e-02 -6.632760465289692757e-03 -1.606472503799082768e-02 -8.521792991395616464e-04 2.790752381712184246e-02 -3.488731667301220307e-02 -2.159871528768357238e-02 -1.449176008489959366e-02 -1.568640530360615459e-02 6.955265212601612936e-03 -1.734774265147667749e-02 -1.893413066765405311e-03 -2.224411196836148519e-02
0.000000000000000000e+00 0.000000000000000000e+00 0.000000000000000000e+00 0.000000000000000000e+00 0.000000000000000000e+00 0.000000000000000000e+00 8.445890360566304196e-05 9.893415821837221562e-04 -1.524879652914900836e-04 2.080142078473005323e-04 -2.588447106660086809e-03 2.553444486214199744e-04 1.085194003905513979e-03 4.691729528908114739e-03 -6.073479971054981550e-04 2.003409953853780082e-03 2.316553667523049481e-04 1.625428394686370768e-04 1.126127007874927043e-03 1.477272528802419695e-02 -4.204297581799061254e-03 -2.242338887632774544e-03 2.156887856338272555e-03 9.447822558339655577e-03 -1.295086041150279562e-03 4.389955987970723533e-02 1.819427608581372776e-03 1.603851203331434043e-03 -2.340495480709020061e-03 -3.560701301902972991e-03 2.677555540509446962e-03 1.269906087227659890e-03 1.280962773663777213e-03 -5.701666931739194505e-02 1.983553072213429386e-02 8.415697134408439695e-02 2.149977545140316099e-03 1.992621105564468947e-02 -2.133422750061999065e-02 5.722799793058300222e-02 -1.403914713911374144e-02 2.692496314259422777e-02 3.533938671179528979e-03 -1.244705678502232835e-04 3.842701289882129168e-03 3.635509844798356146e-03 0.000000000000000000e+00 0.000000000000000000e+00 1.921821135387013872e-03 -1.714969322217244421e-03 -3.352849204115869799e-03 -4.655080642008140902e-03 -1.335878521377506034e-03 -5.786224533120542905e-03 1.457139715862934776e-03 9.737274698508480847e-03 3.715394382457616693e-04 -1.746410040458249921e-04 -7.403894459173683941e-04 -6.531858123336489221e-03 -7.929396890255717249e-04 -4.666292304391909083e-03 1.347756877848021138e-03 -1.120352117683844247e-04 -3.476832349712306869e-03 3.290710257837154047e-03 1.492443138861162188e-04 -4.518435723862643770e-03 2.337141465570089904e-03 1.223319021407325837e-03 3.437138687095957559e-03 4.577193625532650217e-03 -1.179330327280360283e-03 -4.198448564504187776e-03 1.580774691982120110e-03 8.487795388161308453e-04 1.456553871538025314e-03 4.097952035852323906e-03 6.073353195493651300e-04 -4.435457811985183373e-03 -1.659208513100306724e-03 -3.851476890299512443e-03 1.826250001965298983e-03 -3.609181039145036712e-02 1.879362515496507957e-01 3.603295734275038797e-02 1.697813818097951566e-01 3.135804062877137199e-02 2.794302379137323933e-01 3.089393731061976581e-02 -6.987678093519500422e-02 2.674105288442339690e-02 4.259729963368105742e-04 -4.233334942845220356e-03 2.864160256964345778e-03 5.623924577351398224e-03 -9.966935428945130834e-04 -1.219523919008473449e-02 -4.575411091485523732e-03 7.077527148005805652e-03 -1.380235950701148850e-02 5.109295132221020400e-03 2.857019088910604711e-03 1.206105029384674232e-02 -5.267426790279535788e-03 2.579811727486321614e-03 2.814834294843087878e-03 -3.377082604306247838e-03 -2.297055573403485734e-02 1.993060125430933492e-03 -1.258492185923382189e-02 -1.846827298677698129e-03 -9.994842979958114965e-03 -2.792158580488064180e-03 -1.994522496907942533e-02 2.656765851170429012e-03 -1.815473296353065525e-03 -9.478395838748661373e-03 7.606721227577306274e-03 5.524105029106157229e-03 3.599826081655489642e-03 -1.244619332741073864e-02 2.132568846332723311e-02 8.928630940789180834e-03 8.845154567583760410e-03 5.874437561903771490e-03 -2.958665489908536127e-03 8.813428419624751500e-03 2.071506686874332887e-03 8.756034349386468754e-03
0.000000000000000000e+00 0.000000000000000000e+00 0.000000000000000000e+00 0.000000000000000000e+00 0.000000000000000000e+00 0.000000000000000000e+00 3.975874221340725705e-04 6.896099508710867203e-04 1.222881877454418521e-04 2.083910472724570442e-03 -4.427606252416803334e-03 1.799853437982522342e-03 6.850513481362098533e-04 -9.444600988881857737e-04 -2.042000690834664192e-03 7.311009280669779125e-04 6.838887231563339775e-04 -6.602834396404361509e-04 -3.861609276178332162e-04 7.570332044663473370e-03 -2.250317106839155195e-04 2.438036185503757516e-03 -1.804843914753414711e-04 -2.343023640661871711e-03 -7.969420178478310969e-04 4.757747080874857697e-03 -1.138981829992011426e-02 1.079220465029998108e-03 1.057202789057481171e-03 -5.217730329547555761e-04 1.282725724581985525e-03 1.771724089493264273e-03 -2.051696015757468994e-04 1.285879205579006914e-03 -7.420216362872692276e-03 2.149977545140151301e-03 2.327591948960985521e-02 3.414594434304432224e-03 -1.101726697162326747e-02 -3.311239859621664325e-03 3.500960337088266597e-03 -1.228224533920083648e-02 -8.709497013508508620e-03 1.653430344972312872e-03 -1.150849548960188734e-03 -1.856334038984893721e-03 0.000000000000000000e+00 0.000000000000000000e+00 -6.880990861854131488e-04 -4.087810875211226073e-04 8.269457522631254269e-04 -2.237056011635370147e-04 -5.258178232083222936e-04 3.999891511626146065e-06 -1.637179673295843178e-04 -2.779375299799466230e-03 3.220431747978404202e-04 3.324838579479016411e-04 3.809346206851366243e-05 2.413666873162381233e-04 4.543291442406691659e-04 -2.003080816195346517e-04 -2.680997221830882290e-04 -9.530133352999637427e-05 3.699687386593891671e-04 -1.283537567908513578e-03 -2.119599586776442219e-04 -1.761040675808693470e-03 1.153858250367336140e-04 1.108002710755659481e-03 -8.937522390698613914e-04 6.225367792680935528e-04 5.654156677144476367e-04 -3.095871680677493901e-04 -2.286984259168389050e-04 -5.740370461719716344e-04 -5.148742402050980171e-05 -2.574874056279555777e-04 -8.682470944164839052e-04 1.850284144125737603e-04 7.906525349854271389e-04 -2.364684410286567234e-05 -7.838750366119199425e-04 4.114703988454050318e-03 -8.411848580611219761e-02 -4.977022631772873816e-03 -7.674637806302163356e-02 -4.203514153497987967e-03 -1.235840703714005534e-01 -3.858164105766871688e-03 2.785205912351440549e-02 -1.825177419008194336e-03 -5.561119185599720110e-05 -5.249516044887510020e-04 -7.106287060868149257e-04 -8.855450798106849226e-04 -2.024540239038575412e-04 9.119644163893558548e-05 -2.065086259268197888e-03 -9.324651701179012629e-04 -4.167073175908100890e-04 1.981602499242780639e-05 -6.205435351070308272e-04 -7.093542526268577317e-04 2.144625175927039260e-03 -7.516699731053225067e-04 -3.618916999184181266e-04 -1.817553809185127722e-03 2.832302016959817315e-04 1.140081010184170601e-03 2.329104558459732695e-03 2.186699916874474629e-03 -3.654926274600624539e-05 3.121172286810011687e-03 2.985069811377011068e-03 1.033422894171319873e-03 -2.335262917286495788e-04 3.281992068192591400e-04 3.123210333205281471e-04 -6.917215876028914336e-04 -9.026530965197534584e-04 3.296648452536028078e-04 -7.293294377080572141e-03 -8.215144266690905432e-04 -2.267329276610959184e-03 -5.669991134679348063e-04 1.102937276780234380e-03 -9.693278389538500031e-03 -7.019480357322390894e-04 -5.749641933626007447e-04
0.000000000000000000e+00 0.000000000000000000e+00 0.000000000000000000e+00 0.000000000000000000e+00 0.000000000000000000e+00 0.000000000000000000e+00 -3.202976730988111361e-03 -3.358804821476510469e-03 3.800888915882071669e-03 -8.545451240798572837e-03 1.546519363727313391e-02 -4.280042043574806485e-03 -4.829103374911813788e-03 1.007139836919160834e-02 6.970159231778652771e-03 -2.866601991964375096e-03 -3.866367449078902431e-03 1.392894217252931520e-02 1.440589609163143818e-02 -2.478336036384235982e-02 2.288677354181434948e-02 -5.888199096157980400e-02 3.584795094576492900e-03 3.715037856852902720e-02 1.674555042132752983e-02 1.196001783452492820e-02 4.915494824188754858e-02 -4.223069654149103243e-03 -8.818634739146369653e-03 -7.862951603069401676e-03 -1.297755116373876293e-03 -7.245153166748922666e-03 -6.405259083561058199e-03 -7.969273279829297563e-03 4.866985565424042544e-03 1.992621105564232331e-02 3.414594434297387512e-03 6.624307778500428956e-01 1.544312689686696549e-01 3.989505210233469656e-02 5.797699088447612337e-02 3.354019932201190990e-01 3.754141920652695474e-02 -6.829786469150566502e-03 1.357243098909700733e-02 8.657988860892871022e-03 0.000000000000000000e+00 0.000000000000000000e+00 1.598545658470370071e-02 -1.998807886410035664e-03 -7.269328847260731440e-03 -1.261301586375132046e-02 1.389247891548765247e-02 -1.286318258461904666e-02 5.831335919291394734e-03 3.697522162796280931e-02 6.744319710593583246e-05 -8.561170973235451538e-04 -1.236804715729222445e-02 -2.394163407591227283e-02 2.983016204514575640e-03 -1.031221274372449634e-02 -4.691368184036781054e-03 4.583231541356983657e-03 -1.019781825264515218e-02 1.163221320666993699e-02 6.580269043380880187e-03 -1.690904591430822737e-02 -1.582974046340265492e-02 1.136641219806474451e-02 1.259375216938988032e-02 1.579222239578591258e-02 3.009291371566460201e-03 -1.056450670723508602e-02 -1.568002522923524558e-03 1.347660992121725403e-02 5.588475453387699646e-03 1.479497037788903707e-02 1.976303123876277379e-02 -1.443544546294282804e-02 -7.073233489899915724e-03 -1.207264240113009764e-02 1.029534974365559248e-02 -1.032287285043416297e-01 1.140722235568008003e+00 1.063456582985340959e-01 1.075709602868171189e+00 8.697701062793627980e-02 1.736631935327327403e+00 9.118662053556572666e-02 -3.925328091936953201e-01 8.681671632895862634e-02 4.432261466558859095e-03 -1.188855052461515460e-02 1.215204501937631847e-02 -1.081003513213564179e-04 8.560964745834174702e-04 -3.870372200859333728e-02 -5.122509809085941390e-03 2.432693434104107530e-02 -2.433465421339351190e-02 1.296598558133889995e-02 9.772323050873846229e-03 2.887310724515497820e-02 -1.662123997882068022e-02 9.645178789295796168e-03 1.611371777785225098e-02 -1.901800319739433212e-03 -9.900094626131980546e-02 -1.121888669599529608e-03 -5.846994444472526642e-02 -1.864913060665920885e-02 -3.471779526903893964e-02 -1.948991322455287042e-02 -8.243898804920314627e-02 8.399646460437552864e-04 1.469895937797049143e-03 -3.111003748752072182e-02 7.322177825069546564e-03 2.163287688149413690e-02 7.268018027263772191e-03 -3.719936966113805699e-02 6.931269862088448863e-02 2.756376341484435832e-02 3.376779452688613570e-02 9.545608703361756556e-03 -1.291605025009751918e-02 6.378009716789842520e-02 1.243993993284809273e-02 2.965487525909796598e-02
0.000000000000000000e+00 0.000000000000000000e+00 0.000000000000000000e+00 0.000000000000000000e+00 0.000000000000000000e+00 0.000000000000000000e+00 -3.804856576929545060e-03 -8.493184707476939205e-04 4.651612994140636413e-03 -2.955883224372615400e-03 3.309768718675156624e-02 -6.168532369107499781e-03 -6.335890546814625102e-03 8.333435580081966984e-03 1.374932273299590835e-02 6.468515524090966140e-03 -8.272231093359337303e-03 3.589999730813592249e-02 2.423971099098849377e-02 1.445516736701903636e-02 2.381193065052623209e-02 -4.890002773851354068e-02 5.716666991068858512e-04 4.552120047899890082e-02 6.480845202289132329e-03 5.497936422260418093e-02 8.893323833156555058e-02 3.414080260357181453e-03 -1.115540387423286442e-02 -1.344463718806017047e-02 -5.461848816043615544e-03 -1.017440033439975106e-02 -1.602307229232168354e-02 3.516344681752014978e-02 -9.249356481869991375e-02 -2.133422750061362075e-02 -1.101726697162986809e-02 1.544312689686825057e-01 2.454705316866328535e-01 -5.989742140551079612e-03 6.537524238226637141e-02 -2.067441809526636073e-02 7.628621902950862010e-02 -1.928907095622149409e-03 1.631669956912059488e-02 6.238563735961078459e-03 0.000000000000000000e+00 0.000000000000000000e+00 2.081768383399906427e-02 3.805556652898621321e-03 -5.018005830395103235e-03 -1.650338271558376632e-02 2.411807965933893474e-02 -1.048697245994802477e-02 6.217765979332040907e-03 3.907371199811420642e-02 3.505053909061110837e-03 -1.636076620103279469e-03 -1.872663100754037163e-02 -2.113283412531736724e-02 6.367848777357546994e-03 -8.473001174465866203e-03 -5.159896079665918581e-03 5.353217787003101968e-03 -8.968181385588131285e-03 1.299486103281309590e-02 8.478099011845759841e-03 -2.011088082173333180e-02 -2.025730392053262663e-02 1.627475417695051566e-02 1.495590122885983968e-02 9.554807776239807038e-03 5.931149487998927869e-03 -9.752711942444937041e-03 -2.950153706406017512e-03 1.579330711598077308e-02 7.560100349609763168e-03 1.534586530437164788e-02 3.101629410442877793e-02 -1.244908962693679413e-02 -8.450308677234466548e-03 -2.293568450416791013e-02 8.634756423216934096e-03 -1.087250522763618665e-01 1.013181171166932959e+00 1.056246943092098434e-01 9.556019458429242386e-01 9.073070010108638672e-02 1.506449581317969244e+00 9.370368633635436928e-02 -3.622234639597986527e-01 1.014090526821698757e-01 6.434259986726000718e-03 -1.303812439404666498e-02 9.381827275161701285e-03 5.967953787474637381e-03 -3.896004972950323393e-04 -3.508786856202406740e-02 -2.838126221676125910e-02 2.000247052450232488e-02 -6.212603232608387982e-02 1.084333220584729821e-02 1.479582536724875427e-02 3.100232212668119214e-02 -2.035702155171135661e-02 -5.093292306618640332e-03 1.601422185551464039e-02 -9.166547005181121741e-03 -8.599112887461804466e-02 7.588339685068581225e-03 -4.324566734846294058e-02 -7.793364463370268044e-03 -3.417872380145615951e-02 -3.594244206929659083e-03 -6.543107943383316694e-02 1.000840750269561125e-02 5.268336063871965208e-03 -3.063742992228536688e-02 5.209109539310890179e-03 2.099991259328195040e-02 6.105923753627639540e-04 -3.928559183779786051e-02 5.098228492436129855e-02 3.103783277929929307e-02 2.307930834774802806e-02 1.736471974179157676e-02 -1.074425610769081871e-02 3.293716999155964914e-02 4.965546451276219887e-03 2.969901890702781461e-02
0.000000000000000000e+00 0.000000000000000000e+00 0.000000000000000000e+00 0.000000000000000000e+00 0.000000000000000000e+00 0.000000000000000000e+00 -1.171352611726959305e-03 2.470087385684617640e-03 1.008250800632547921e-03 3.167110829391677623e-03 2.882188510543486331e-03 1.315816577762584988e-03 6.557490927278234252e-04 5.958928744523858852e-03 1.816142768911509090e-03 3.117279371182328507e-03 1.411750637149173510e-03 4.421676541478829041e-03 4.544199328717113927e-03 1.279816616353648788e-02 -8.145148781289068439e-04 -6.060209187272219862e-03 3.614131367014663805e-04 1.151302580494559594e-02 -6.882081328898136769e-04 3.646789960711126211e-02 1.712148166828793977e-02 2.535691525359816921e-03 -2.772911303758069344e-03 -2.931746731585254881e-03 1.374919945893400552e-03 3.438006985005798242e-03 5.319527520474787944e-04 -5.257182899225034539e-02 1.597539901571343873e-02 5.722799793058214179e-02 -3.311239859622125761e-03 3.989505210233104671e-02 -5.989742140563372730e-03 7.555167478930116531e-02 -4.433965999371679810e-03 5.692961055910156914e-02 1.380449993402423949e-02 6.845360829960999219e-04 4.354064738740650621e-03 5.130487370384614887e-03 0.000000000000000000e+00 0.000000000000000000e+00 1.889506323157283049e-03 -1.297060608369613203e-03 -3.797381863926362587e-03 -4.980964151333686953e-03 -2.004398902456543639e-03 -5.874253118890792463e-03 1.407789518716891274e-03 1.150135767125017548e-02 3.124706479523254969e-04 -3.375948983524624408e-04 -2.346271677873583363e-04 -7.184536493220495743e-03 -1.336615568863252059e-03 -4.810022389139704570e-03 1.255886475848753524e-03 -3.686915948103973179e-04 -3.655085731142428910e-03 3.765318907575599880e-03 1.474011559982281363e-04 -4.785079425472117849e-03 2.515791827811501933e-03 9.432388758229628706e-04 3.622349071243818105e-03 5.287152242820294945e-03 -1.838197854497393381e-03 -3.695663794059775038e-03 1.761912887631887940e-03 1.577919102982517155e-04 2.066832243968147118e-03 4.210582635653528118e-03 3.765502498894631443e-04 -4.777969981546974741e-03 -1.981342761293530472e-03 -4.217995026625365532e-03 2.326204781663503141e-03 -3.956175794125912915e-02 2.405844783670049170e-01 3.985815341746105911e-02 2.179879961588020443e-01 3.467632246214781555e-02 3.568512775259586323e-01 3.459305963154429148e-02 -8.833068740920736739e-02 2.909786970040794535e-02 1.592822913423441679e-04 -4.259835599685291886e-03 3.089059167470511319e-03 4.864857703529294058e-03 -1.008772028060957648e-03 -1.195581441434374198e-02 -4.098742407827631745e-03 6.395798832046975871e-03 -1.242068416105685490e-02 4.207967159485853301e-03 1.603957338235896795e-03 1.079233121694589750e-02 -4.913188161075080981e-03 1.194329247733113154e-03 3.066972623007925038e-03 -2.361419562431984250e-03 -2.530306590426851382e-02 9.474702675516512513e-04 -1.540752412670303925e-02 -3.849809019403677059e-03 -1.234494195566600283e-02 -4.350662624066349744e-03 -2.229109586223407269e-02 1.062066345012561237e-03 -2.014274953822723421e-03 -1.030020956371497862e-02 8.015606123667317479e-03 6.008147849877828843e-03 3.808015494036138919e-03 -1.291679352764742855e-02 2.242141141942993743e-02 9.665212743993586639e-03 8.734045346681134497e-03 5.827113060805274962e-03 -3.485990825788392103e-03 1.320905979114926111e-02 1.632859932386887493e-03 9.502088895990287720e-03
0.000000000000000000e+00 0.000000000000000000e+00 0.000000000000000000e+00 0.000000000000000000e+00 0.000000000000000000e+00 0.000000000000000000e+00 -5.940233569893431983e-04 -5.880774448322198880e-04 1.160084381365154762e-03 -1.758033611259059853e-03 8.389233504583567050e-03 -4.205078288083515491e-03 -1.342631874713098774e-03 6.906610872972540269e-03 4.128980144011954248e-03 2.319463975023098624e-03 -5.393449378302378819e-03 2.104243339718767092e-02 1.797142446548290889e-02 2.033135726845186966e-02 1.074271067093202255e-02 -2.857150112828240815e-02 1.401585863848951903e-03 1.351587589670769085e-02 4.247043492062303055e-03 3.308096376355625090e-02 3.269111231409754792e-02 6.535331441602813471e-04 -7.506938131469318397e-03 -9.995400289826325904e-03 1.358118148548346105e-03 -5.527138325348320350e-03 -5.850048399690702464e-03 2.149050164210881617e-02 -5.329604743266196792e-02 -1.403914713911032404e-02 3.500960337086652437e-03 5.797699088447842014e-02 6.537524238225939088e-02 -4.433965999365264803e-03 5.828529951714027380e-02 1.881042890268361939e-02 2.906737574892422418e-02 -3.254721301891665662e-03 1.111305858629106115e-02 5.635055130963633092e-03 0.000000000000000000e+00 0.000000000000000000e+00 1.093869112195254914e-02 8.043316311780745759e-04 -6.217638128482694260e-03 -1.181052471950202326e-02 7.590249223502865822e-03 -9.190653845379610082e-03 3.974971739981073698e-03 2.432514135470492320e-02 2.273662658289648565e-03 -1.007027618842628799e-03 -7.443349891108497901e-03 -1.502710799616458273e-02 1.623633390897716083e-03 -6.900912484605795094e-03 -2.214641816874249065e-03 1.638170409133995337e-03 -6.699666837947739796e-03 7.568992638612582168e-03 3.416289945028588675e-03 -1.346883093919422000e-02 -6.975814264421424313e-03 8.340960814118256877e-03 8.823342933549428377e-03 7.130320140257114837e-03 1.550093344155922728e-03 -6.994995830328581445e-03 -1.040205592327034419e-03 6.808692841448675363e-03 4.871550254792056042e-03 9.211028715505702874e-03 1.277765902559062881e-02 -9.169383691005835585e-03 -5.382381399029179808e-03 -1.468964416250363031e-02 4.801977620346693093e-03 -8.175839114541219588e-02 5.419250000715633009e-01 7.856869561330970253e-02 5.061023327984696119e-01 6.932082043397988502e-02 8.082604388818979135e-01 7.036471913088257479e-02 -1.989256675326398771e-01 7.166098064412787516e-02 2.548165344020916594e-03 -9.662723228408633819e-03 6.339608516410847293e-03 4.411406445435230896e-03 -1.830375752632375230e-03 -2.651561786652825367e-02 -2.261013322651357280e-02 1.500173303508868516e-02 -4.463213032983766315e-02 9.786411850344883118e-03 1.088101214519853095e-02 2.252626702603312964e-02 -1.472363854080008597e-02 2.106046574192824237e-03 9.423282440873859828e-03 -7.698343579978777530e-03 -5.868515869416848774e-02 4.974284385865296136e-03 -3.255920104840011320e-02 -4.427826792856168030e-03 -2.260306670510698820e-02 -4.547596146992733193e-03 -4.735747078726066511e-02 6.556438757215322932e-03 1.096606779932134145e-04 -2.192669089986037587e-02 9.819171666358249631e-03 1.400623919877884947e-02 3.269343012290626058e-03 -2.892674488004224123e-02 3.830241121891788530e-02 2.244668188065341435e-02 1.669992436819374426e-02 1.424199712419549173e-02 -7.052715017618268155e-03 3.583773234130995661e-02 2.598714813407454038e-03 2.084751029278172560e-02
0.000000000000000000e+00 0.000000000000000000e+00 0.000000000000000000e+00 0.000000000000000000e+00 0.000000000000000000e+00 0.000000000000000000e+00 -1.689811441474019281e-03 -3.461855810529983202e-03 -6.320997921441984691e-05 -3.876262508261164603e-03 -1.160670205097450065e-02 -9.332260929473737768e-03 8.696216538020136791e-03 1.453516006968722310e-02 -1.833490264585664695e-03 -1.399744351782184967e-02 -3.070752866701683889e-03 -1.262603881336320580e-02 -1.885669552773505762e-03 -2.613972549689618646e-02 1.794435956129357412e-02 -7.810439919449160655e-03 8.261676136004054288e-03 -9.398804414178183256e-03 1.053909244418740725e-02 -8.358063981329182102e-02 -1.233170359905142767e-02 -1.540406789565606713e-02 4.022152518754955851e-03 7.073843842297073900e-03 4.463229781238723867e-03 4.998517728322400934e-04 1.773547285765318844e-03 -4.590955715535749437e-02 1.313824474542985010e-02 2.692496314258998463e-02 -1.228224533920145058e-02 3.354019932200971721e-01 -2.067441809528326735e-02 5.692961055909500495e-02 1.881042890267042508e-02 5.727714507007555245e-01 -2.257458755948274498e-02 -1.616913149168278455e-02 -6.028096400865728781e-03 1.227561725044213140e-02 0.000000000000000000e+00 0.000000000000000000e+00 -8.525490803400993453e-03 -3.903068833473590047e-03 -4.093962505509471557e-03 1.561450240659363132e-03 -1.579124414143684083e-02 -1.065784115548077142e-03 -8.370983446646632249e-04 7.046098963379167010e-03 -3.221293174350027110e-03 3.738201247907718141e-04 1.026751483525236222e-02 1.117056273412453653e-03 -4.428712147393458129e-03 -1.646973615554273495e-03 4.242810351221584439e-03 -1.459109662116072140e-05 -5.628041527217452714e-05 3.132661469953744882e-03 -4.022059426362567351e-03 4.902488201331049039e-03 1.313521178393751987e-02 -7.354613288207807742e-03 -1.911251591041895643e-04 1.697755614495463986e-02 -4.740839539939218500e-03 -4.129406092086548635e-04 4.747524550046066348e-03 6.223967661379611188e-04 -1.922086977910591847e-03 4.789052128314486012e-03 -1.929018250963963205e-02 -9.474306296274099702e-04 3.118355079106706600e-03 8.633988161325134233e-03 3.583044960996181359e-04 -7.389000864718449357e-03 -3.503877207384097081e-02 1.576809332749464290e-02 -4.555738194339891550e-02 9.893069457915747850e-03 -3.767870596217753887e-02 6.604747312911926627e-03 1.883264899584303695e-02 -5.851364979053697013e-04 -3.422175558397779795e-03 6.445958835568869200e-03 3.553214414789389319e-03 2.045724714012329797e-03 -1.592310232665656265e-03 8.384667707569287178e-04 7.323828402490399625e-03 -1.230419833136249183e-05 1.354598056707490700e-02 1.713286344133364879e-03 -8.884384838948612348e-03 -1.846369707610693613e-03 6.315248788586632495e-03 3.545814402012698735e-03 -7.853877187869299538e-04 1.107432437859120870e-02 -2.001540044566245749e-02 -7.825431876949319465e-03 -1.942932943411716101e-02 -1.090719529603489599e-02 -5.281765115788395262e-03 -2.106941038913480446e-02 -1.567687824418714793e-02 -1.289609481538245457e-02 -8.451057781376817082e-03 2.044100182089277767e-05 1.608213624868963521e-02 2.356636938589487442e-03 6.925576381871073953e-03 -3.596441745836831665e-03 1.101299569072373800e-02 6.382573417298748400e-03 4.544405342284049687e-03 3.657116227119140521e-03 -2.733995034486909771e-03 2.542753791763363580e-02 5.208793728124275907e-03 8.099010383712801353e-03
0.000000000000000000e+00 0.000000000000000000e+00 0.000000000000000000e+00 0.000000000000000000e+00 0.000000000000000000e+00 0.000000000000000000e+00 -1.181453989515554928e-02 -6.315349546029338113e-06 1.829536872773956241e-02 -6.542364066953392648e-03 1.278936416934076115e-01 8.498499435870385428e-06 -9.277991489984906137e-03 6.268661927897520129e-03 5.631860082701839465e-02 7.221362807900922644e-03 3.837296419142301879e-02 1.273183744138972791e-02 1.125708098168958469e-02 3.053770627512570474e-03 4.695954955628888969e-03 -5.903381962997665197e-03 -8.070812167960171937e-03 3.531131244094725535e-02 4.362528472483339845e-03 6.499386029619006258e-03 3.198738677241582673e-01 4.436996430963402460e-03 -8.166775571632525418e-03 6.731932119627978897e-05 -3.631462187991450069e-02 4.544636045281859327e-03 3.057960882296581039e-03 9.253340913823288397e-03 -2.195977981835336643e-02 3.533938671183180572e-03 -8.709497013508154736e-03 3.754141920651093284e-02 7.628621902946104705e-02 1.380449993402678432e-02 2.906737574890887535e-02 -2.257458755948202334e-02 2.365769705012081836e-01 8.367981773442586700e-04 1.197025037761471206e-02 8.272230007972104088e-03 0.000000000000000000e+00 0.000000000000000000e+00 8.945979802094404520e-03 2.814236848439497169e-04 -6.856237084891581013e-03 -3.742417015370808845e-03 5.986304236538504513e-03 -4.941180112495876207e-03 1.502384363683239177e-03 -8.093530766962722320e-03 1.161203943641141980e-03 -7.146354939975297846e-03 -4.963510566213614160e-03 -8.973925453180757461e-03 1.621316978486558738e-03 -3.891136393488585799e-03 -4.226297965953963905e-03 1.480097180664648269e-03 -2.330416644538280905e-03 -4.125313621998022776e-03 2.369548914614342562e-03 -1.066978174733853972e-02 -8.706808637401796183e-03 8.572185672685559560e-03 5.006222886449992679e-03 -6.125077968361949260e-03 6.726156813654005128e-04 -2.525308782071021205e-03 -3.209112603251131415e-03 7.137371387417289215e-04 5.313251800908368877e-03 -3.234764786129325914e-03 1.030943120589273600e-02 -4.703989587407932625e-03 -6.608705370978238021e-03 -5.079363302762381072e-03 4.538876600638361812e-03 -4.358330951192859737e-02 5.155586294573624162e-01 3.776417719700945336e-02 4.539236076094984584e-01 3.539815181846005243e-02 7.165819709456162645e-01 3.614136431973544172e-02 -2.124698094460930331e-01 3.672321213900722053e-02 1.227193794521829742e-03 -1.033352185991551209e-02 2.869523789019604552e-03 4.319234201725513818e-03 2.601478067249846267e-03 -1.677732737598266327e-02 1.549414147070979353e-02 5.061747970546626695e-03 2.238148825631408601e-02 7.165806221040845608e-03 -1.878367829619312368e-02 5.549770800215015655e-03 1.090295768948507452e-02 3.065978529473043987e-03 2.792687052659041484e-03 -8.683570713350021245e-03 -3.065114314289033026e-02 2.977183710227949802e-03 -9.069676293364054009e-03 4.086180703934275474e-04 -3.126880113805274863e-02 -1.504181685745364407e-03 -1.386784861136090147e-02 3.428882298992659908e-03 2.923983301253956033e-03 -1.034297594038397286e-02 -6.777311007552739956e-03 3.686435831895425869e-03 8.462321963673578515e-04 -1.657469199554980482e-02 1.426604423626455509e-02 1.119331551574644090e-02 7.468129933772342868e-03 5.423708315161847315e-03 -6.345499170887091908e-03 -2.286952291375522750e-03 2.265694618434200940e-03 1.349934374703907689e-02
0.000000000000000000e+00 0.000000000000000000e+00 0.000000000000000000e+00 0.000000000000000000e+00 0.000000000000000000e+00 0.000000000000000000e+00 -1.973725414666220482e-04 5.241840568382782027e-03 6.290407686892215229e-04 1.798833973281049534e-02 1.327501378763908937e-03 1.425584909944893619e-02 -1.651855723045893808e-03 -2.279843456763478316e-03 -1.560721261470279558e-04 1.333777345007963570e-02 1.746941893300256151e-03 1.241685658503872275e-02 -6.626555629553995859e-04 2.650058961815075775e-03 -3.661818216298141134e-03 5.084547850466782960e-03 -3.035252167553428165e-03 3.732457800994280241e-03 -5.323957965838445284e-04 3.819979170634156367e-03 -7.298499032296727751e-04 1.406546353869593362e-02 3.532632448518234231e-04 8.636190950030632908e-04 -4.616301102971120300e-04 1.527779677069888292e-02 1.332789780831385900e-04 1.429785873912159042e-02 1.982230097838327040e-03 -1.244705678515987024e-04 1.653430344973264368e-03 -6.829786469144328437e-03 -1.928907095619540601e-03 6.845360829943478512e-04 -3.254721301890513806e-03 -1.616913149167993266e-02 8.367981773417120959e-04 1.522081339946694187e-02 -4.175212141827819865e-04 -1.616919159907955232e-03 0.000000000000000000e+00 0.000000000000000000e+00 -1.243756956099307306e-03 4.811633185566826067e-04 4.970519235628319873e-04 1.343449920888341309e-03 -3.660392454016691698e-04 1.483949942333535020e-03 -5.611844637548798207e-04 -6.302226911964472870e-03 -2.080664697872172959e-05 -7.203140063693730215e-04 4.279778513748322454e-04 1.775623455890252243e-03 3.424292564120572742e-04 7.006348245077385602e-04 -8.969121311504671488e-04 -3.882012119392105583e-04 1.290910745875208966e-03 -3.152526277798900749e-03 -3.475713984654189414e-04 1.499033650653389550e-03 1.033933012835629487e-04 -1.095170182404098897e-03 -1.196128227535118212e-03 -3.605104683991447283e-03 3.164379662319317379e-04 7.655088494818722451e-04 -7.150496451882086763e-04 -1.894076332843620033e-03 -5.157544462973756788e-04 -2.052716060888380711e-03 -6.001385217573260980e-04 1.583602866891004220e-03 1.636104151174481340e-04 9.971921271787181212e-04 -7.944506535984355040e-04 1.180943352149965361e-02 -8.625824545488713913e-02 -1.209716036467938655e-02 -7.891349150605539431e-02 -1.066994678772533421e-02 -1.286987678436634919e-01 -1.006471054735104051e-02 2.895664287330767042e-02 -1.006630252209769240e-02 -2.350721451635128445e-04 1.683811330399099799e-04 -1.213205733743705954e-03 -1.258578827077513245e-03 2.034633064791328437e-04 1.994786344401969745e-03 1.095057345851757798e-03 -1.318473284011758033e-03 5.433359798320342576e-03 1.231172992546047734e-04 -2.658505862033421017e-03 -2.386429338124558975e-03 3.616117302615059169e-03 1.009709681232229608e-03 -1.334071842121513189e-03 -1.780922852129152283e-03 7.359350772484188341e-03 1.396799706767838482e-03 5.217945869246496705e-03 3.343810779684469343e-03 8.214728858668563904e-04 3.822670935660215340e-03 7.932944456068229122e-03 1.240951100593348008e-03 4.605675818077647229e-04 3.129994431003361131e-03 -2.478049315047050911e-03 -2.883126217513603227e-03 -1.126626739089294903e-03 4.191373733580816725e-03 -9.629515813871589863e-03 -3.576154739126336749e-03 -3.224546760530315817e-03 -3.228830139701135884e-03 1.289217078965367068e-03 -8.047012265964100658e-03 -6.354865499540458384e-04 -3.086913381564700132e-03
0.000000000000000000e+00 0.000000000000000000e+00 0.000000000000000000e+00 0.000000000000000000e+00 0.000000000000000000e+00 0.000000000000000000e+00 -1.281417290385214924e-04 -1.059444577865446347e-04 1.778654667328731943e-04 -3.178146583710249914e-04 2.832735525804280612e-03 -9.763932859326990548e-04 -1.968314398631041892e-03 9.430060286574864625e-04 1.436526834390617399e-03 1.248698141121665044e-03 -8.628073392783502547e-04 5.757455734824204821e-03 4.551583355667569719e-03 5.807269165681909484e-03 6.892038544130593952e-04 -8.596700876436590491e-03 -4.660797093332761656e-05 5.161969818363542489e-03 1.014562791559497305e-03 1.301602990956883012e-02 1.282350714573001968e-02 1.058720264257399790e-03 -4.418049157260595453e-03 -4.512374608912709736e-03 4.378320250226629021e-04 -2.161820892008569934e-03 -1.412120636500529798e-03 2.810571717931247861e-04 -1.093425764502956726e-02 3.842701289883055510e-03 -1.150849548960323826e-03 1.357243098909735601e-02 1.631669956911665359e-02 4.354064738742245699e-03 1.111305858629023195e-02 -6.028096400863526549e-03 1.197025037761389153e-02 -4.175212141822872650e-04 6.074620587409097251e-03 1.306076650085173175e-03 0.000000000000000000e+00 0.000000000000000000e+00 4.875990618707166414e-03 2.958341831142908477e-04 -3.803822009577071013e-03 -4.172738626473011109e-03 2.875045003730860790e-03 -3.844274094382740727e-03 1.652612055052243498e-03 6.139069903530237210e-03 1.128782624018401020e-03 -1.674979457078839455e-03 -2.993969505748002476e-03 -5.998572377246900143e-03 4.034554731004550711e-04 -2.628320436345572483e-03 -1.355886982589883747e-03 6.407511131994993126e-04 -2.630479792440996740e-03 1.551736521411487078e-03 1.387803066149640189e-03 -5.000492679418257376e-03 -3.361765327890668675e-03 3.315463052196997856e-03 3.278817799515552998e-03 -5.360816517278226348e-05 1.444715221706021062e-04 -2.585276379338801757e-03 -1.100054879612495304e-03 2.188712089934771645e-03 2.635436543335100117e-03 2.502319157006673532e-03 5.843093796213327633e-03 -3.381144141127099580e-03 -3.384965301132916975e-03 -5.856429442496716153e-03 2.109936040208059728e-03 -3.036473278970263506e-02 2.364262203116621608e-01 2.823581965766118473e-02 2.175626593540695708e-01 2.515885182625633709e-02 3.468952504429509975e-01 2.588833418802923350e-02 -8.728111143468522681e-02 2.513486941583282022e-02 1.064041106696574047e-03 -5.081193234974100414e-03 2.097322667574290107e-03 2.118548337593926384e-03 -4.412087664629698149e-04 -1.167757760983432168e-02 -6.320562106880697924e-03 6.659458354545484161e-03 -1.381928049814951966e-02 4.856446685550058935e-03 2.861873114519925248e-03 9.526498211300825358e-03 -3.935738337004247682e-03 3.130752936121283456e-03 3.455412963402458223e-03 -5.288234330069350488e-03 -2.242856313640340452e-02 3.357598672941736022e-03 -1.190377195378463683e-02 3.284637903152847621e-04 -1.066579184488493717e-02 3.155637170974102479e-04 -1.791228095879223575e-02 4.298209354076980293e-03 5.215709728920452006e-04 -8.272489914630431346e-03 2.212445611965732813e-03 4.368143550012819690e-03 1.874159533657977859e-03 -1.095389683513275925e-02 1.767506524988327749e-02 7.899493147615590377e-03 8.031918509267167369e-03 4.630965001230581517e-03 -2.737774457686437471e-03 1.169846194044312643e-02 1.489745933195514137e-03 7.535427883079079403e-03
0.000000000000000000e+00 0.000000000000000000e+00 0.000000000000000000e+00 0.000000000000000000e+00 0.000000000000000000e+00 0.000000000000000000e+00 -5.709910796674870937e-04 2.171143848185157525e-04 8.911528374466519365e-04 1.046164596681202204e-04 3.242263154305781696e-03 -1.766614708929107865e-04 -8.366613703933321530e-04 4.347486999073153432e-03 1.477851133754802017e-03 -3.191493493826224595e-04 4.493432758702919937e-04 3.278773136115179909e-03 1.424861490437069134e-03 1.711341252646869475e-03 2.170684163870047288e-03 -5.389297198949366888e-03 -9.326033984981957608e-04 2.021714699851831411e-03 4.750331080229545986e-04 4.179710111191814979e-03 1.228878092619529669e-02 -8.231565585669768691e-04 -1.413868285761412996e-03 6.279731313441350334e-03 -6.230425077711282877e-04 1.091198507690599884e-03 -4.248991788371228573e-04 -1.343054059122332673e-03 -3.377199752163655578e-03 3.635509844797642307e-03 -1.856334038985631412e-03 8.657988860893734914e-03 6.238563735958583059e-03 5.130487370384623561e-03 5.635055130962031943e-03 1.227561725044537706e-02 8.272230007972570728e-03 -1.616919159908378071e-03 1.306076650084675743e-03 7.467056471187698795e-03 0.000000000000000000e+00 0.000000000000000000e+00 9.443476793302862547e-04 -2.702483218113175406e-03 -1.267300831773551795e-03 1.834861629286605378e-03 -3.951687088124072552e-04 -1.292260602104102407e-03 6.147357365855267734e-04 2.688610309245294434e-03 -9.707263777226635745e-04 3.390500151380174956e-04 9.391992499832626509e-04 -1.327403279215159460e-03 -6.810429184558050922e-05 -2.556499923078836946e-04 9.707124083244297007e-04 2.437091261979831011e-04 -6.309619562562590513e-04 5.414456414746717655e-04 1.800347029544860746e-04 8.959502109926238298e-04 1.745234769346745837e-04 -5.608095351553876728e-04 1.635556933425890867e-03 1.356628548791730072e-03 4.519571581969203763e-05 -3.847940281254654872e-04 1.153877297950040058e-03 1.793734493359824735e-03 -3.298033273454336776e-05 1.278449035435979533e-03 -5.301296400779466518e-04 -1.510647035451934735e-03 -7.744803083139739858e-04 3.765274073011219778e-03 1.697405493152561026e-03 -4.343839816855354571e-03 1.766004509317940507e-01 5.798218101148854865e-03 1.611398710303008908e-01 4.457163969816488498e-03 2.606169658396335631e-01 4.709113482564649712e-03 -5.615499536541482956e-02 -2.501127492544449361e-03 5.332860580269841946e-05 -2.397993128611586506e-04 1.450038571442518803e-03 3.765737282415226091e-03 8.538383444958022117e-04 -1.239393512430728801e-03 1.179590416932678638e-02 1.125722570146003550e-03 9.252620140946566513e-03 -6.837804391257494780e-04 -4.603481343071620354e-04 1.747521079011020960e-03 4.955633613672268036e-04 -7.267448671662057923e-04 3.941811891643894061e-04 1.843972978438545391e-03 -4.810241676205443025e-03 -1.648663687389217243e-03 -2.605049077379866743e-03 -3.358085371419079757e-03 -1.281577085152349037e-03 -2.403491972229228769e-03 -3.563374652819943731e-03 -1.885479175363898334e-03 -5.719788753509269475e-04 -2.550284778229887968e-03 9.939700890239974284e-04 2.991525514720595660e-03 2.550999789169112845e-03 -1.055979253137237809e-03 1.268806955020139460e-02 6.089214373703709382e-04 4.946020878256457767e-03 -3.824411667526885004e-04 -1.316292113365060551e-03 -2.510684329577373645e-03 3.583847356620270888e-03 1.961009185842114370e-03
0.000000000000000000e+00 0.000000000000000000e+00 0.000000000000000000e+00 0.000000000000000000e+00 0.000000000000000000e+00 0.000000000000000000e+00 0.000000000000000000e+00 0.000000000000000000e+00 0.000000000000000000e+00 0.000000000000000000e+00 0.000000000000000000e+00 0.000000000000000000e+00 0.000000000000000000e+00 0.000000000000000000e+00 0.000000000000000000e+00 0.000000000000000000e+00 0.000000000000000000e+00 0.000000000000000000e+00 0.000000000000000000e+00 0.000000000000000000e+00 0.000000000000000000e+00 0.000000000000000000e+00 0.000000000000000000e+00 0.000000000000000000e+00 0.000000000000000000e+00 0.000000000000000000e+00 0.000000000000000000e+00 0.000000000000000000e+00 0.000000000000000000e+00 0.000000000000000000e+00 0.000000000000000000e+00 0.000000000000000000e+00 0.000000000000000000e+00 0.000000000000000000e+00 0.000000000000000000e+00 0.000000000000000000e+00 0.000000000000000000e+00 0.000000000000000000e+00 0.000000000000000000e+00 0.000000000000000000e+00 0.000000000000000000e+00 0.000000000000000000e+00 0.000000000000000000e+00 0.000000000000000000e+00 0.000000000000000000e+00 0.000000000000000000e+00 1.000000000000000000e+00 0.000000000000000000e+00 0.000000000000000000e+00 0.000000000000000000e+00 0.000000000000000000e+00 0.000000000000000000e+00 0.000000000000000000e+00 0.000000000000000000e+00 0.000000000000000000e+00 0.000000000000000000e+00 0.000000000000000000e+00 0.000000000000000000e+00 0.000000000000000000e+00 0.000000000000000000e+00 0.000000000000000000e+00 0.000000000000000000e+00 0.000000000000000000e+00 0.000000000000000000e+00 0.000000000000000000e+00 0.000000000000000000e+00 0.000000000000000000e+00 0.000000000000000000e+00 0.000000000000000000e+00 0.000000000000000000e+00 0.000000000000000000e+00 0.000000000000000000e+00 0.000000000000000000e+00 0.000000000000000000e+00 0.000000000000000000e+00 0.000000000000000000e+00 0.000000000000000000e+00 0.000000000000000000e+00 0.000000000000000000e+00 0.000000000000000000e+00 0.000000000000000000e+00 0.000000000000000000e+00 0.000000000000000000e+00 0.000000000000000000e+00 0.000000000000000000e+00 0.000000000000000000e+00 0.000000000000000000e+00 0.000000000000000000e+00 0.000000000000000000e+00 0.000000000000000000e+00 0.000000000000000000e+00 0.000000000000000000e+00 0.000000000000000000e+00 0.000000000000000000e+00 0.000000000000000000e+00 0.000000000000000000e+00 0.000000000000000000e+00 0.000000000000000000e+00 0.000000000000000000e+00 0.000000000000000000e+00 0.000000000000000000e+00 0.000000000000000000e+00 0.000000000000000000e+00 0.000000000000000000e+00 0.000000000000000000e+00 0.000000000000000000e+00 0.000000000000000000e+00 0.000000000000000000e+00 0.000000000000000000e+00 0.000000000000000000e+00 0.000000000000000000e+00 0.000000000000000000e+00 0.000000000000000000e+00 0.000000000000000000e+00 0.000000000000000000e+00 0.000000000000000000e+00 0.000000000000000000e+00 0.000000000000000000e+00 0.000000000000000000e+00 0.000000000000000000e+00 0.000000000000000000e+00 0.000000000000000000e+00 0.000000000000000000e+00 0.000000000000000000e+00 0.000000000000000000e+00 0.000000000000000000e+00 0.000000000000000000e+00 0.000000000000000000e+00 0.000000000000000000e+00 0.000000000000000000e+00
0.000000000000000000e+00 0.000000000000000000e+00 0.000000000000000000e+00 0.000000000000000000e+00 0.000000000000000000e+00 0.000000000000000000e+00 0.000000000000000000e+00 0.000000000000000000e+00 0.000000000000000000e+00 0.000000000000000000e+00 0.000000000000000000e+00 0.000000000000000000e+00 0.000000000000000000e+00 0.000000000000000000e+00 0.000000000000000000e+00 0.000000000000000000e+00 0.000000000000000000e+00 0.000000000000000000e+00 0.000000000000000000e+00 0.000000000000000000e+00 0.000000000000000000e+00 0.000000000000000000e+00 0.000000000000000000e+00 0.000000000000000000e+00 0.000000000000000000e+00 0.000000000000000000e+00 0.000000000000000000e+00 0.000000000000000000e+00 0.000000000000000000e+00 0.000000000000000000e+00 0.000000000000000000e+00 0.000000000000000000e+00 0.000000000000000000e+00 0.000000000000000000e+00 0.000000000000000000e+00 0.000000000000000000e+00 0.000000000000000000e+00 0.000000000000000000e+00 0.000000000000000000e+00 0.000000000000000000e+00 0.000000000000000000e+00 0.000000000000000000e+00 0.000000000000000000e+00 0.000000000000000000e+00 0.000000000000000000e+00 0.000000000000000000e+00 0.000000000000000000e+00 1.000000000000000000e+00 0.000000000000000000e+00 0.000000000000000000e+00 0.000000000000000000e+00 0.000000000000000000e+00 0.000000000000000000e+00 0.000000000000000000e+00 0.000000000000000000e+00 0.000000000000000000e+00 0.000000000000000000e+00 0.000000000000000000e+00 0.000000000000000000e+00 0.000000000000000000e+00 0.000000000000000000e+00 0.000000000000000000e+00 0.000000000000000000e+00 0.000000000000000000e+00 0.000000000000000000e+00 0.000000000000000000e+00 0.000000000000000000e+00 0.000000000000000000e+00 0.000000000000000000e+00 0.000000000000000000e+00 0.000000000000000000e+00 0.000000000000000000e+00 0.000000000000000000e+00 0.000000000000000000e+00 0.000000000000000000e+00 0.000000000000000000e+00 0.000000000000000000e+00 0.000000000000000000e+00 0.000000000000000000e+00 0.000000000000000000e+00 0.000000000000000000e+00 0.000000000000000000e+00 0.000000000000000000e+00 0.000000000000000000e+00 0.000000000000000000e+00 0.000000000000000000e+00 0.000000000000000000e+00 0.000000000000000000e+00 0.000000000000000000e+00 0.000000000000000000e+00 0.000000000000000000e+00 0.000000000000000000e+00 0.000000000000000000e+00 0.000000000000000000e+00 0.000000000000000000e+00 0.000000000000000000e+00 0.000000000000000000e+00 0.000000000000000000e+00 0.000000000000000000e+00 0.000000000000000000e+00 0.000000000000000000e+00 0.000000000000000000e+00 0.000000000000000000e+00 0.000000000000000000e+00 0.000000000000000000e+00 0.000000000000000000e+00 0.000000000000000000e+00 0.000000000000000000e+00 0.000000000000000000e+00 0.000000000000000000e+00 0.000000000000000000e+00 0.000000000000000000e+00 0.000000000000000000e+00 0.000000000000000000e+00 0.000000000000000000e+00 0.000000000000000000e+00 0.000000000000000000e+00 0.000000000000000000e+00 0.000000000000000000e+00 0.000000000000000000e+00 0.000000000000000000e+00 0.000000000000000000e+00 0.000000000000000000e+00 0.000000000000000000e+00 0.000000000000000000e+00 0.000000000000000000e+00 0.000000000000000000e+00 0.000000000000000000e+00 0.000000000000000000e+00 0.000000000000000000e+00
0.000000000000000000e+00 0.000000000000000000e+00 0.000000000000000000e+00 0.000000000000000000e+00 0.000000000000000000e+00 0.000000000000000000e+00 1.254288748057644145e-04 -4.523057692655535608e-04 -5.036231218365376842e-05 -1.549975840296561810e-03 3.691444838075273998e-03 -2.645713599116609679e-03 -2.028318593504102076e-03 1.759473809799827568e-03 1.336772237786955017e-03 3.417006254167422236e-04 -1.953534086355944790e-03 6.158945109533513207e-03 5.481828606236941077e-03 6.306573620662249240e-03 2.055569820703709132e-03 -1.046444824781255292e-02 5.958262722311563836e-04 4.582544355046254576e-03 9.061435683297124890e-04 1.653105706599890951e-02 9.134635942447396489e-03 -3.223310338344664524e-04 -3.810367550872158487e-03 -4.052658583120486574e-03 -3.716871242881276895e-04 -6.804037318638403616e-03 -1.805418224707621474e-03 2.350251480342983954e-03 -1.404089744426205259e-02 1.921821135388118024e-03 -6.880990861868218527e-04 1.598545658470350295e-02 2.081768383399377684e-02 1.889506323158839747e-03 1.093869112195135912e-02 -8.525490803400887635e-03 8.945979802090896910e-03 -1.243756956098975323e-03 4.875990618707458715e-03 9.443476793304784837e-04 0.000000000000000000e+00 0.000000000000000000e+00 2.277892059015612647e-02 2.351718530851465688e-03 3.733702686721414310e-03 3.858716362484931059e-04 3.141767345922036325e-02 7.188936261247141045e-05 3.294283026596856075e-03 1.405648938292951115e-02 2.258883306175768924e-03 1.060235949035364268e-03 -2.105413139599807831e-02 -7.781271083107837213e-04 7.196571522904230030e-03 3.056708488179376692e-04 -1.430505114493698477e-03 7.877434476587730217e-03 -6.101797599201427141e-03 3.697422938250586721e-03 9.657185837907703713e-03 -7.448162228452136907e-03 -2.496721472375473816e-02 1.438021652338851257e-02 9.712616051140965032e-03 2.877967708854043544e-03 7.812803629780058073e-03 -1.580223860700438938e-04 -8.905663068150373226e-04 1.043283735484021313e-02 5.590543143364736650e-03 7.165541063937777913e-03 2.999846984069472894e-02 -1.503109302950909453e-03 -3.224511826663843065e-03 -6.666377867586395327e-03 5.616644203772016251e-03 7.200193984471865705e-03 7.356310780988348785e-01 -6.446530230203147138e-03 6.617785438115082464e-01 -6.258715226528616810e-03 1.060282584388690941e+00 -9.584712214112854622e-03 -2.478231839657067115e-01 1.716344670524777224e-02 6.894447968801988881e-03 1.665889264412884424e-03 5.743974969648610318e-03 2.667519638526409317e-02 5.490989226428970131e-03 -9.188586407720437596e-03 1.775701006825526618e-02 6.200166058415639524e-03 -3.161421503142675289e-03 5.840676811982086110e-03 -1.488632312899719305e-03 1.990294519780674842e-02 -1.336166905301829078e-02 -2.641450579045045467e-03 6.818995955940624840e-03 1.426034820739689388e-03 -1.330728843531934352e-02 4.974463423214796690e-03 2.629057291373676671e-03 5.678661549041218518e-05 3.708556187783336629e-03 3.743892853336579750e-03 -6.031120069312426515e-03 1.036196772750099665e-02 7.717303552668788348e-03 -6.407257978577875386e-03 1.080316851637447062e-04 9.495951568956799080e-03 -6.712340841658754644e-03 -4.647187163435876484e-03 2.220800501211008665e-02 4.473957424972462363e-03 3.557698046314620305e-03 8.883202109430818338e-03 -3.691337924021085171e-03 -2.708934677255625534e-02 -5.137626265250040854e-03 5.213383498917181259e-03
0.000000000000000000e+00 0.000000000000000000e+00 0.000000000000000000e+00 0.000000000000000000e+00 0.000000000000000000e+00 0.000000000000000000e+00 -1.887471511742278268e-04 -3.206614065843059079e-04 9.761834460222265186e-07 4.934072732433079315e-04 1.755964737436733634e-04 -1.602600083947588062e-05 -3.748137775135335819e-04 -2.198895438364613895e-03 -1.631939964735249588e-04 9.707860122301931616e-04 -2.929346501138460146e-04 2.105526881169888175e-04 3.631093077496552637e-04 1.395781618018691796e-03 -5.386458846769342796e-04 9.626782849049744101e-04 6.025490625244145403e-04 1.542378018289530545e-03 6.735600557456017877e-05 -2.026447714748422571e-03 -1.326324402516023586e-03 7.767449689077521010e-04 3.869231541498259963e-05 -4.039036819238069932e-03 -9.941444315631471716e-04 4.441863698194835819e-04 -1.970398368107240757e-04 1.207601134318662516e-03 -1.419285277408449675e-03 -1.714969322219709897e-03 -4.087810875201628716e-04 -1.998807886417884420e-03 3.805556652889290677e-03 -1.297060608373880840e-03 8.043316311738156130e-04 -3.903068833471770322e-03 2.814236848265208417e-04 4.811633185574239841e-04 2.958341831125613827e-04 -2.702483218114642115e-03 0.000000000000000000e+00 0.000000000000000000e+00 2.351718530848204407e-03 3.293528229988611916e-02 9.480446946779885406e-03 9.318983141015577121e-03 1.547621624936488562e-02 2.320811107386252722e-02 -3.124480527093585801e-06 3.795249451353586295e-02 2.356562321566867731e-03 3.395285923050470316e-03 -1.332594604150798973e-02 2.530466851019504484e-02 -2.659891140695359174e-03 2.223260571913240544e-02 3.698048187905376375e-03 4.071689211718888812e-03 -5.507176706336084152e-03 1.905301225466223686e-02 6.523090296485738356e-03 4.331230777251752345e-02 -1.582364070035445838e-02 -1.847900902105232071e-02 1.048280873208955015e-02 2.123360766076067344e-02 -2.180852632158702606e-03 2.150199113653381011e-02 1.518925254470552665e-03 1.008288089667435175e-02 1.847561933346147933e-03 1.623747717213336675e-02 1.360316199408577280e-02 1.692733361367643533e-02 2.348875119024773053e-04 -4.798757175144002449e-03 2.961956172377436941e-03 5.930670416694124730e-02 3.803379210059009141e-01 -3.386659799884527561e-02 3.918390112989335594e-01 -2.472691265934274032e-02 5.423224738531529088e-01 -3.119180415137258813e-02 -1.273392665241329380e-01 -7.884997911343944246e-03 -4.677326121229998033e-04 3.181918417533029231e-02 1.051385987810093871e-03 -1.412224955764642548e-02 -8.402442342884811673e-04 3.675340066395264838e-02 -3.258559712050373980e-02 -9.377714912485703852e-03 -3.907784844708821897e-02 -7.324667169161478211e-03 7.719974973741220575e-03 -7.313140234450473884e-03 -2.487522093424213154e-02 -1.339344743630284038e-02 4.857354301431468470e-04 4.253810891214317852e-02 3.613157652066536357e-02 -1.843106103918706190e-02 5.902898270566149519e-03 -1.522200139391735770e-02 1.658022440158297972e-02 -2.124897797116732934e-02 9.126163445052475412e-03 -9.465236239468188470e-03 3.700209400034145876e-03 2.565791300535284064e-02 -3.267163825328554209e-03 -2.676182486449360867e-03 -7.989403976043110006e-03 2.427260047265401149e-02 5.776591603597992959e-03 9.746059598815311632e-04 -2.200202725512187193e-02 9.814815828357277908e-03 -6.763129115976415640e-03 2.026556238900246304e-02 -1.513671450365570992e-02 -5.475510886712323631e-03
0.000000000000000000e+00 0.000000000000000000e+00 0.000000000000000000e+00 0.000000000000000000e+00 0.000000000000000000e+00 0.000000000000000000e+00 -8.584133574025410026e-05 1.595208097249512511e-04 -2.492734547379695529e-04 2.191685236354402107e-04 -8.821226240870393663e-04 -2.171910094586650673e-04 8.166314995731162275e-04 -2.765374462950422486e-04 -1.395724730050596028e-03 -5.081039901442125891e-04 6.710452797491514663e-04 -2.639763401213312839e-03 -2.413873679574365938e-03 -5.506444752551097922e-03 -1.036597486884211763e-03 4.365653109081793666e-03 -2.850897930640004644e-04 -2.468649245920829984e-03 -6.403793454175487872e-04 -7.948416465546477919e-03 -1.055718496427828987e-02 -4.748105517589899403e-04 3.414946524133085325e-03 1.931232603078555151e-03 -1.903818072522823514e-03 -5.510047091355390388e-05 5.199814928184636441e-04 1.274832370602379996e-03 3.893118388641049563e-03 -3.352849204119135416e-03 8.269457522648592830e-04 -7.269328847265482847e-03 -5.018005830390853163e-03 -3.797381863930444391e-03 -6.217638128483566826e-03 -4.093962505518295228e-03 -6.856237084900372591e-03 4.970519235634645108e-04 -3.803822009577263567e-03 -1.267300831775435488e-03 0.000000000000000000e+00 0.000000000000000000e+00 3.733702686721447270e-03 9.480446946776417694e-03 3.701429977820305806e-02 3.472492841669009862e-03 5.908431355812249208e-02 2.455598495354180226e-03 -1.182997175406940793e-03 -4.440367297445515019e-03 3.733077104343433209e-03 1.146166272402831740e-03 -4.293261456389003278e-02 6.026936820426325066e-03 1.659020964566857576e-02 -3.241227958398763733e-03 5.802662927176239745e-04 -2.188969647574446134e-04 -8.383952898070734386e-04 -3.249786993281314137e-03 1.569773014640810094e-02 8.585954381132344243e-03 -2.007270507083475791e-02 -8.004538954077211610e-03 5.580148456733340437e-03 -1.277544919614936360e-02 1.852498517419429169e-02 -4.714222118276718831e-03 4.160376377005704784e-04 -3.848628368026883045e-03 2.816838848154889531e-03 3.827947270236720535e-04 5.643866421015741874e-02 3.181825709465217582e-03 3.618957783057935237e-03 2.709202294201764911e-03 -4.526680553907940288e-03 6.696976098594357996e-02 -2.592090925752593700e-01 -6.979449520988338651e-02 -1.530184002451445979e-01 -6.626967688678980783e-02 -3.545410850258431390e-01 -6.148708383714163173e-02 1.275296764807684891e-01 -3.073243309685670666e-02 1.335423277608672500e-02 3.103077878887125062e-03 2.008723985491001757e-03 -2.825481806614063215e-03 1.129493875830453811e-02 -3.682756812533897074e-03 1.497421034275241841e-02 -1.994092350501696503e-04 2.210567194985573261e-02 8.199576175328062919e-03 -2.646623389395395126e-02 1.132425767597810412e-02 -4.349044715633479385e-03 -2.867420411213640261e-03 7.030808251249941361e-03 2.089594645674466497e-02 2.467580134142510068e-02 -1.780347529925025568e-02 1.064143090437947962e-02 -1.749298871351973386e-02 3.681834062081671549e-04 -1.521591551314509412e-02 2.191644670073335938e-02 -1.111674561870739167e-02 1.725024972447490937e-02 -6.153976318267178475e-06 -6.482578035147894269e-03 -1.639506060093241140e-03 -2.752198030775591248e-02 2.932410039896376358e-02 -5.254607149371873231e-02 -2.915590771620336571e-02 -2.798641044496386412e-02 -2.225702739996870266e-02 8.701778816763466179e-03 -1.944182338865197562e-02 -1.576940092937625937e-02 -3.123954441331516785e-02
0.000000000000000000e+00 0.000000000000000000e+00 0.000000000000000000e+00 0.000000000000000000e+00 0.000000000000000000e+00 0.000000000000000000e+00 -5.279672784724697560e-04 7.453134780738173478e-04 4.017232857646685362e-04 -3.153693863927853032e-04 4.638757919786384723e-04 1.981606439970248941e-03 -1.022399450077359721e-03 1.311227570326037415e-04 -2.193451834298925805e-04 -6.392525004073053123e-04 2.515006993880944744e-03 -5.580555378377843878e-03 -5.823740560913629773e-03 -7.244781885877487303e-03 -2.373380717447865461e-03 8.142080559812848312e-03 -2.149160685477718644e-03 -5.076789595659295280e-03 3.179568209423919023e-06 -1.940215572568658106e-02 -3.784060543597016473e-03 7.326573207698003451e-05 3.120790610709003789e-03 9.703522806484265670e-03 -2.381352817882608202e-03 4.857985164059692475e-03 1.521255825271212048e-03 7.583828760894643656e-04 1.150030150704686033e-02 -4.655080642013847275e-03 -2.237056011642632675e-04 -1.261301586375649514e-02 -1.650338271559570122e-02 -4.980964151341402135e-03 -1.181052471950919808e-02 1.561450240666380739e-03 -3.742417015399002872e-03 1.343449920888922441e-03 -4.172738626476690457e-03 1.834861629284995988e-03 0.000000000000000000e+00 0.000000000000000000e+00 3.858716362448822790e-04 9.318983141017081126e-03 3.472492841676761040e-03 3.908382705812698393e-02 -1.152264531216547162e-03 3.705446391100877812e-02 -4.740053273548790972e-04 1.495122362619099449e-02 -1.783677078891541526e-03 6.037109322212953072e-03 1.926677435626403994e-03 4.308072912118461606e-02 -1.591029135930294245e-03 3.537355081098300658e-02 4.020869435376803885e-03 1.044207427006819955e-02 6.627627626639936639e-03 9.872620856078942464e-03 -6.077345722527475406e-04 4.967662960477375184e-02 4.294738983580941721e-04 -3.231157220247384693e-03 7.423066917217223046e-03 1.225761121845273319e-02 -9.541972279474363701e-04 3.382086895927204767e-02 3.976523295125888174e-03 1.655523502427291849e-02 -9.206199140116697738e-03 8.234341516860975083e-03 -6.719665233473530105e-03 2.706208278531071001e-02 2.141826250899758755e-03 1.192859363998850265e-02 1.013121706428018846e-02 1.544017449003506903e-01 1.107204612247027598e+00 -1.144061317088224256e-01 1.023050042053456066e+00 -1.031628335912979644e-01 1.555787608307245273e+00 -1.075448940985097440e-01 -3.737846712505828450e-01 -1.191379659958087395e-01 -2.765283448610304177e-03 4.463770280013542452e-02 -3.193641683130320208e-03 1.677843531946412309e-02 7.791130722882113387e-04 6.780435610900853449e-02 1.404203121756535458e-02 -2.227726403748690395e-02 6.196376605149756661e-03 -2.511921097038412320e-02 1.603166578135962334e-02 -2.143819524804473423e-02 -5.544370318991237792e-03 -1.436970412475264795e-02 -1.540314887589716054e-02 3.501410683227617476e-02 1.231363229332679693e-01 1.920658159137445843e-03 8.949041359389478534e-02 8.881945842331437704e-03 8.587341146846144690e-02 1.706437039748943257e-02 9.192951029235307825e-02 2.782413681920631147e-03 1.221921163781183222e-03 5.022104502445860763e-02 -7.227647731691967670e-03 -7.093977220075179876e-03 7.655659910027859047e-03 5.700822627369641488e-02 4.660238221082513288e-02 -1.825695277853362636e-02 4.706715458099996509e-03 -4.738934298804333908e-03 3.696547920942714130e-03 -4.594772853864751566e-02 1.600213166861795544e-02 -1.424272009975037848e-02
0.000000000000000000e+00 0.000000000000000000e+00 0.000000000000000000e+00 0.000000000000000000e+00 0.000000000000000000e+00 0.000000000000000000e+00 -3.019448721835196286e-05 -2.887274142473016244e-04 -2.209238550147866857e-04 -1.257489615577986677e-03 4.421686799901094339e-03 -3.195335927979752605e-03 -2.482689801229588916e-03 1.328726858918184315e-03 4.626832958180386590e-04 6.878362603638466313e-04 -1.489066733793329746e-03 5.482494855291486155e-03 4.415224803430539691e-03 1.705437605838705344e-03 8.995341895822622259e-04 -8.266122936705968746e-03 6.375389562783403345e-05 4.429579387924799383e-03 3.546296980309355390e-04 1.385976928220095973e-02 1.943614358749107219e-03 -6.754017642963200602e-05 -1.740014036963499332e-03 -3.582228134502404241e-03 -2.964740869049096138e-03 -8.121488466216733246e-03 -1.904158281122348036e-03 5.170731190672641329e-03 -1.409094024998859204e-02 -1.335878521382493798e-03 -5.258178232045932887e-04 1.389247891545866177e-02 2.411807965932499451e-02 -2.004398902464642196e-03 7.590249223493493978e-03 -1.579124414146458252e-02 5.986304236501488983e-03 -3.660392453970402770e-04 2.875045003729596611e-03 -3.951687088169147715e-04 0.000000000000000000e+00 0.000000000000000000e+00 3.141767345921468724e-02 1.547621624936300344e-02 5.908431355812298474e-02 -1.152264531222995346e-03 1.631095718033984121e-01 -1.024322251514369047e-03 1.343082121269462137e-03 1.414588082617654688e-02 7.301641144540856922e-03 3.001728299541903735e-05 -1.027113068914827093e-01 -2.269416136776774163e-03 4.291197309948816679e-02 -2.084311280193811358e-02 -3.589659628938332656e-03 1.394634924515719167e-02 -7.633028769541388980e-03 4.579124825483506592e-03 3.778352947888514307e-02 1.667024714278430436e-02 -5.603607409421066526e-02 -1.460945541669360880e-02 2.381903679949958982e-02 -2.961976317296453540e-02 4.910529382953354727e-02 -2.790723824011960910e-02 -3.590535642260711362e-03 1.655609776552885090e-02 7.638607548276641485e-03 2.109475921744230140e-02 1.480019400232970017e-01 -2.975249987403627734e-03 -7.261431058536414480e-04 -6.518270004816642364e-03 -8.006016380574401334e-03 4.698439056954219900e-02 -2.782552375090911467e-01 -6.535132695425910354e-02 -1.556037119849165984e-01 -6.606645541364777885e-02 -4.650858905462145754e-01 -6.189051446767606518e-02 1.759243827244764968e-01 1.809204124927622434e-02 3.642186356880023484e-02 -5.670610521987623671e-03 1.531680658462559325e-02 1.988470933987928485e-02 2.395697634367780632e-02 -4.374659972359366128e-02 8.143990407847297858e-03 1.544700451216261816e-02 -1.021782803718540578e-02 3.639404668256927128e-02 -6.659053894491269443e-02 6.305787554657341087e-02 -2.037090249470054071e-02 1.907066988950218561e-02 2.838191450182217176e-02 9.765699027171254043e-03 -4.351136010985442309e-02 -8.577879391596637121e-03 -2.205294928260194756e-02 -1.172114473061842271e-02 -6.415723754242248777e-02 -1.037971958715328208e-03 -1.124784972828307868e-02 1.267669281997739483e-02 4.238568997273062244e-02 -1.823422665077243515e-02 -8.247111248051757632e-03 9.359486134474766586e-03 -5.218860089519819501e-02 2.930909356396279100e-02 -3.958974698659070701e-02 -3.713930169126709868e-02 -2.204414060799511632e-02 -3.693580582013498287e-02 2.609838518915387831e-03 -3.016087814953662474e-02 -1.557746585720511459e-02 -3.942000963468728081e-02
0.000000000000000000e+00 0.000000000000000000e+00 0.000000000000000000e+00 0.000000000000000000e+00 0.000000000000000000e+00 0.000000000000000000e+00 -4.873702056897015900e-04 3.928600525269437078e-04 2.671503345314392951e-04 -8.830719057612461734e-05 -3.763755552697114776e-04 1.648281651699439127e-03 -4.902311018890371814e-04 -2.040829409011628900e-03 -7.707177113304160927e-04 1.820753424345165005e-04 1.531638978663398898e-03 -4.658959796211990280e-03 -4.323418999947376516e-03 -4.209107760755911518e-03 -2.120747033059674005e-03 7.698834317408758884e-03 -8.936425266868784027e-04 -2.875734137461633672e-03 -1.538025330216104671e-04 -1.711287916294420425e-02 -6.838663689909947781e-03 5.979643592745924807e-04 3.162265793596960323e-03 4.060260094194433934e-03 -2.438210015049787922e-03 4.370047954785119190e-03 1.063118420909019059e-03 1.895663013552539421e-03 8.371082274292255751e-03 -5.786224533123896993e-03 3.999891511254264720e-06 -1.286318258461972841e-02 -1.048697245995922761e-02 -5.874253118896967212e-03 -9.190653845383853215e-03 -1.065784115536129667e-03 -4.941180112533341898e-03 1.483949942333691362e-03 -3.844274094384985893e-03 -1.292260602105373742e-03 0.000000000000000000e+00 0.000000000000000000e+00 7.188936261069795385e-05 2.320811107386408847e-02 2.455598495357334387e-03 3.705446391101090836e-02 -1.024322251513489108e-03 5.383477754320366987e-02 -1.312012446615298767e-03 4.735238350826034837e-02 -8.927256107092662813e-04 3.750628718286041965e-03 1.863659197359867964e-03 5.741222447570668019e-02 1.543454406806345647e-03 4.924101189879556695e-02 3.033211229970207441e-03 1.833195167131561679e-02 9.884972919715056400e-03 2.406713388629371647e-02 -2.568090525326608038e-03 6.758109132779614725e-02 9.101290857580417865e-03 -1.065060354783603155e-02 9.183306820181353844e-03 2.706480547123679692e-02 2.592114455749262945e-03 4.649437443135325670e-02 3.944649876316098404e-03 2.935785467074254751e-02 -1.831010410031042382e-02 1.926654121971548700e-02 -1.067771069765929837e-02 3.722578695157480189e-02 2.669078677051514321e-03 5.419835711323124118e-03 1.242863919891450120e-02 1.679436447011190547e-01 1.342313706555698483e+00 -1.085250387330406185e-01 1.263258345884341827e+00 -1.008169474612903155e-01 1.897171985201001609e+00 -1.069173284903351118e-01 -4.816916255185381690e-01 -1.259899634980830019e-01 -4.638091437132185919e-03 6.534379546812474349e-02 -2.024641834859710211e-03 -1.352444423672011058e-02 -8.030304249440171904e-03 9.627499840946589227e-02 -7.150608820562193157e-02 -3.290083493078212878e-02 -9.492630881517676034e-02 -3.756513511650257792e-02 4.034975023344240797e-02 -3.759598342102402069e-02 -2.306558107340250102e-02 -2.829271617084943777e-02 -1.694421736887550059e-02 4.329547943943344579e-02 1.431662491858885777e-01 6.531584749028618644e-03 1.129106745567687031e-01 1.942221573897331965e-02 9.848768507963177876e-02 2.856694980856243696e-02 1.059285302703397436e-01 7.163077626984781267e-03 1.685436241356131080e-05 6.536130934901625278e-02 -7.963551341974201697e-03 -8.258434865455107146e-03 6.045376887046362453e-03 6.036947900100429754e-02 4.006840593539126583e-02 -7.124743213042149248e-03 3.074270289978216393e-03 1.328575544832352219e-02 7.303898210553202118e-03 -4.114140522352809776e-02 1.208216568619658801e-02 -7.591532304806061261e-03
0.000000000000000000e+00 0.000000000000000000e+00 0.000000000000000000e+00 0.000000000000000000e+00 0.000000000000000000e+00 0.000000000000000000e+00 1.701839419182678227e-04 -1.655004336236426735e-04 -1.785176457762744132e-04 -5.810670361787475505e-05 1.212683458336567474e-04 -8.927168576438521998e-04 -1.640330688395169384e-04 9.272658037941170200e-04 1.083316948377504641e-04 -4.877030661548898912e-05 -8.768501009759002577e-04 2.306856383190482307e-03 1.851673133477990240e-03 1.332889279269090788e-03 9.016156700876082645e-04 -3.861823737387774878e-03 3.161843363558943703e-04 1.352363729241111813e-03 1.361161155212191191e-04 6.018648875449186808e-03 1.379443604981567609e-03 -2.478298838862686218e-04 -1.335518921691380718e-03 -1.407727832814637241e-03 5.917397763574928134e-04 -2.433901493456207786e-03 -6.055581383582328212e-04 1.967497149496590146e-04 -4.298094512181221613e-03 1.457139715862646161e-03 -1.637179673298166352e-04 5.831335919289901137e-03 6.217765979324427206e-03 1.407789518716169195e-03 3.974971739977937318e-03 -8.370983446616264831e-04 1.502384363679047218e-03 -5.611844637545314665e-04 1.652612055051430780e-03 6.147357365849775166e-04 0.000000000000000000e+00 0.000000000000000000e+00 3.294283026595304798e-03 -3.124480525570525694e-06 -1.182997175405867650e-03 -4.740053273523242832e-04 1.343082121271161299e-03 -1.312012446613450636e-03 4.474713364531130930e-03 1.052055979490781543e-02 1.690296022432915903e-05 1.666102449742631409e-03 -2.526539116135634918e-03 -3.578373384364339979e-03 -1.054607146793779546e-03 -1.486621548705272444e-04 2.096759156695197739e-03 -3.385863711432586694e-03 -3.998366861334272729e-03 6.048169630517904322e-03 1.929469800149550412e-03 3.606773299045905410e-03 -4.145054108202304334e-03 -2.680319250762219167e-03 4.405786902092334069e-03 6.012441843099403972e-03 -4.956222705855778485e-04 -1.160173392528923665e-03 2.155289057646966530e-03 2.216552691800835473e-03 1.625028676088416304e-03 6.986623382118676076e-03 3.733698590737478604e-03 -1.948347770133951632e-03 -1.100870514783086271e-03 -2.215418879430028614e-03 3.024870915806009402e-03 -1.723899102861548710e-02 3.337977872794837264e-01 1.808481363442138168e-02 3.114592010710843795e-01 1.692086887565860676e-02 4.874444430933975170e-01 1.786490947473126298e-02 -1.135565381075267638e-01 2.534448431563494225e-02 1.309959237497840918e-03 -8.858701827938469811e-04 3.033172141067887184e-03 8.159328620200065330e-03 -2.308732911719122479e-04 -4.353202536252945287e-03 4.467318740011723410e-04 5.474128592796509776e-03 -1.446529498183362836e-02 -4.715218130783149905e-05 1.072251514689929151e-02 1.146940022672974548e-02 -7.842815307101839994e-03 1.085791327765290833e-03 6.055982881912086880e-04 -9.712834228209631148e-04 4.781943182684117270e-03 3.701419662531161940e-03 5.704607618495532127e-03 -1.117235026557734804e-03 8.782803584965876570e-03 2.639583595861545035e-03 -1.330424119657588715e-03 3.298825224374469112e-03 4.594050056638915259e-04 -3.492027358916991592e-03 1.715003345104765611e-03 3.992372277180880787e-03 1.027916824197990051e-03 -5.308054054868458285e-03 1.709750622224223693e-02 5.673634913890708217e-03 6.499750317533482466e-03 3.469421502326916918e-03 5.368857104747059433e-04 1.103784903631482676e-02 -2.746987668351525379e-04 3.677729551746866752e-03
0.000000000000000000e+00 0.000000000000000000e+00 0.000000000000000000e+00 0.000000000000000000e+00 0.000000000000000000e+00 0.000000000000000000e+00 1.880845979182361625e-03 -1.704044651938348186e-03 -2.479937940654153294e-03 -3.327922542841948127e-03 -6.456391698261702491e-03 -9.480687429321683901e-03 3.559893933259377502e-03 9.636662598750784028e-03 -3.307823699640523567e-03 -3.053537329937011571e-03 -1.043478603218212127e-02 1.452020739289335005e-02 1.341761071359263459e-02 1.258717489653021424e-02 9.125419367328798520e-03 -2.856510649503778143e-02 6.676063071388583722e-03 6.154448470626574033e-03 6.466852128638179683e-04 4.131384390295857190e-02 -1.579206420151493470e-02 -5.011528929363235144e-03 -3.924851503441505532e-03 -1.105744116330212995e-02 5.413673850052000934e-03 -1.966104647528773772e-02 -4.135418791862523549e-03 -1.055596805984203648e-03 -2.736399643715609065e-02 9.737274698507169396e-03 -2.779375299801487183e-03 3.697522162791171130e-02 3.907371199802221751e-02 1.150135767124071604e-02 2.432514135466664479e-02 7.046098963354714348e-03 -8.093530767041607135e-03 -6.302226911956443703e-03 6.139069903523411073e-03 2.688610309242922200e-03 0.000000000000000000e+00 0.000000000000000000e+00 1.405648938293384102e-02 3.795249451355353631e-02 -4.440367297431164519e-03 1.495122362623313439e-02 1.414588082620345591e-02 4.735238350829183707e-02 1.052055979491344287e-02 3.828162437830283649e-01 -6.664211347958054477e-03 2.745264222730077822e-02 -1.164654754801574925e-02 2.377806608467941674e-02 -7.349982488036422602e-03 5.828330916426695263e-02 4.255666467642237744e-02 7.575121211681967726e-02 4.384202731345229406e-03 1.319416872082556647e-01 -1.019834218799439782e-03 1.323790166830451920e-01 6.496026171242216818e-02 -7.209454323125294439e-02 6.097268803146935201e-02 1.789074563396516604e-01 4.670161104681678187e-04 3.810224198432606707e-02 4.811605869044735528e-02 1.570737903944375013e-01 -6.944735010988650759e-02 1.071553860507028638e-01 1.129072649928761912e-02 1.445161842662076243e-02 -1.637143022445732097e-03 -1.418344235720813210e-02 3.829179385808616221e-02 -2.577496512525916383e-01 4.212684036080676542e+00 3.603940936088005365e-01 3.877485787258371452e+00 3.191823764444813305e-01 6.009985082031163550e+00 3.138593433653239506e-01 -1.484703256416643580e+00 2.275532183466198177e-01 1.130200600188447854e-02 9.358656746180255004e-02 3.102469681070912574e-02 -7.976250386683537974e-02 -4.871833543710591546e-02 9.032683108842126662e-02 -4.490092314416948005e-01 4.773252199472874380e-03 -6.385412733305007027e-01 -7.243411564067905872e-02 2.329085758389207172e-01 -2.923032671994018478e-03 -1.290167366865398735e-01 -3.863205543673819270e-02 2.003412020905231961e-02 5.011336249197387988e-02 1.833067977912415658e-02 -1.039875398262507175e-02 -5.373311149050916113e-03 -1.423703974923751225e-02 6.578775726641189481e-02 2.044046016853634171e-02 -1.100118117549477720e-01 -6.654972041786017672e-03 -2.757791590481240181e-03 3.464823516327673880e-02 1.225172955008703782e-02 2.987472207725967721e-02 3.191453195492856970e-02 1.288909607209745567e-03 2.692512794705087531e-01 4.615176637975090812e-02 7.291763106905918557e-02 3.934837056596732913e-02 -4.615151641302256413e-02 2.179378943842436578e-01 5.042937785490109182e-02 2.381427248482621481e-02
0.000000000000000000e+00 0.000000000000000000e+00 0.000000000000000000e+00 0.000000000000000000e+00 0.000000000000000000e+00 0.000000000000000000e+00 3.795158590119965725e-05 -1.816965178350951875e-04 -4.297847357122586154e-05 3.485433690314987593e-04 -4.834370083785948825e-05 -1.983591073850069224e-04 -3.108602667145525045e-04 -9.040850257601663539e-04 8.191201929824023609e-05 4.613923851611448704e-04 -2.499335665325752814e-04 7.518745329703045320e-04 8.764111586616738685e-04 1.582059743271583847e-03 -2.176731595256401353e-04 -6.301977828949941515e-04 1.364422411805450643e-04 1.269750809911867869e-03 4.150410233232228419e-05 2.660883240265075368e-03 8.737768258943499162e-04 3.479251490565169261e-04 -8.816395395086065517e-04 -2.580130934461078319e-03 1.920232973268353946e-04 -4.627584930140656245e-04 -3.368993283756851922e-04 1.604012919390631589e-04 -2.549436825198918288e-03 3.715394382453288558e-04 3.220431747990327716e-04 6.744319710968234727e-05 3.505053909065675762e-03 3.124706479518605910e-04 2.273662658292371214e-03 -3.221293174348189171e-03 1.161203943642263045e-03 -2.080664697894835495e-05 1.128782624019054577e-03 -9.707263777224448909e-04 0.000000000000000000e+00 0.000000000000000000e+00 2.258883306176757283e-03 2.356562321565850316e-03 3.733077104342554572e-03 -1.783677078893031653e-03 7.301641144538468207e-03 -8.927256107109770439e-04 1.690296022413160384e-05 -6.664211347955991890e-03 5.161832414028068652e-03 -2.071642737388239286e-03 -7.062080431025873073e-03 1.955904383366293634e-03 5.474244812083015922e-03 -1.755838662490717900e-03 -2.024661237495396261e-03 3.470290699646896414e-03 1.355320492147427548e-03 -1.047340316867411032e-02 1.615300699038922953e-03 -5.586605161485534710e-03 -2.874044760983637294e-03 3.618467829308317976e-03 -1.906001708694757659e-03 -7.203394162969702086e-03 5.114997777703384797e-03 -1.009162503586035799e-03 -1.419325792369490477e-03 -3.563199172047720655e-03 1.316579016509315629e-03 -7.431242212900538574e-03 8.441266242628982230e-03 2.100528130338130857e-04 -7.440303929716906867e-04 -3.403621298296086086e-03 -7.533782042017989934e-04 3.238034901065361959e-02 -4.294222044496776719e-02 -3.647870258772654278e-02 -2.774911098152126054e-02 -3.289197865638867485e-02 -8.227257930262127372e-02 -3.283892717306908376e-02 -3.037383025111776644e-03 -1.956951510180831091e-02 9.957402036707902523e-04 -2.239843530272963169e-03 -1.705175234487729761e-03 -1.129503723328547510e-02 -8.274076666649071449e-04 -4.076743199187751222e-03 -2.744038813102170349e-02 -3.162585220662262643e-03 -1.932073023997997810e-02 5.488677169888837339e-03 -1.190781101174438229e-02 -1.885762634421113328e-03 -4.497336741327745717e-04 1.295352987358434644e-03 -3.581737713743251336e-04 -9.246987024129882035e-03 8.248891724065083447e-03 7.102637429913947510e-03 1.192663729100732276e-02 1.158309290444040247e-02 -6.061731996863291456e-03 9.770189785764981164e-03 1.316672984470750214e-02 1.034601206108879019e-02 2.373210733811836545e-03 -3.806755160097173140e-03 2.327504421920032211e-04 -9.837445828687485657e-06 -6.016368337367017372e-03 1.802828115248369684e-03 -1.864241511482056871e-02 -3.167147735516457566e-03 -8.897183309719119623e-03 -2.003272023270955861e-03 2.666983637346576064e-03 -1.753157118341748880e-02 -6.166015317920792507e-03 -4.210496210410818313e-03
0.000000000000000000e+00 0.000000000000000000e+00 0.000000000000000000e+00 0.000000000000000000e+00 0.000000000000000000e+00 0.000000000000000000e+00 4.508085599513774453e-04 -1.594833960434226773e-05 -5.571282465771885137e-04 1.433464865588869369e-04 -2.918426686296750772e-03 -9.117847758510681886e-04 1.898689973366460195e-03 1.392983573343550135e-03 -1.504650671538224072e-03 -9.990605996685610838e-04 -1.096639288086347259e-03 1.044549558737298457e-06 3.772005811458775215e-05 -9.002066413862678477e-04 6.888032416165766657e-04 -9.384702610416630628e-04 8.271398281498210277e-04 -1.871882177292583235e-03 -3.623296671366353161e-04 6.723536624899759551e-04 -9.248543632370504614e-03 -1.140079193243615993e-03 1.445651902620003751e-03 6.955943268852172534e-04 9.900388630270473382e-04 -2.113433986317195951e-03 -3.672160819606397613e-05 -1.269501151099364439e-04 3.610043697033179285e-04 -1.746410040482475876e-04 3.324838579465391243e-04 -8.561170973278876004e-04 -1.636076620108674676e-03 -3.375948983547966196e-04 -1.007027618847503806e-03 3.738201247871848396e-04 -7.146354939988676033e-03 -7.203140063687679282e-04 -1.674979457080416102e-03 3.390500151367978766e-04 0.000000000000000000e+00 0.000000000000000000e+00 1.060235949033780031e-03 3.395285923051090914e-03 1.146166272406472708e-03 6.037109322212070965e-03 3.001728300105785087e-05 3.750628718285544966e-03 1.666102449741503405e-03 2.745264222728423936e-02 -2.071642737388252730e-03 2.058386542934388316e-02 6.943555151152251866e-03 4.422248528059124356e-03 -5.538436812127258552e-03 7.450263272708357136e-03 1.560365067764647598e-03 -1.394266479680785831e-04 -7.217006933072467149e-03 1.591338337059734764e-02 1.343654771135225886e-03 1.941099742353676744e-02 -9.802867172815178665e-03 -7.190087369090170273e-03 5.311125450029156175e-03 1.284389417616394954e-02 -3.997453818291362392e-03 5.353347544863157684e-03 -2.145444829200530111e-04 1.189801023202204273e-02 2.790205913766211597e-03 1.558095396226833428e-02 -8.843773613569378550e-04 2.078830271845217605e-03 1.667664377959054370e-03 1.483300088580603686e-03 -2.860760994871477036e-04 -1.315694136559843533e-02 -1.944581734017285929e-02 2.278834676497219769e-02 -2.798968859927673108e-02 2.487126423586106735e-02 -2.753880035057795772e-02 2.069913517031944650e-02 5.151373606298569746e-02 4.849645882239791289e-03 3.381785544078804578e-04 8.746315187612964392e-03 -2.162851486787235444e-03 2.419950858925474374e-02 3.684339796132551394e-03 1.017520001963534773e-02 5.019229806154310025e-02 2.214605379012630441e-03 3.410595384354222354e-02 -4.668011746949049176e-03 9.889052774588862407e-03 9.505177635387091969e-03 -9.133793299176344582e-03 7.745513124458590012e-03 2.301120351500792697e-03 2.191654409797700806e-02 3.616083649028369214e-04 -1.407175453922847493e-02 -2.277750447927441232e-02 -1.817884620049326633e-02 1.340671984912803448e-02 -1.437564263668435378e-02 -2.301317429598814801e-02 -9.711383139640421269e-03 -4.476590098464412531e-04 8.249774256525692698e-03 1.578419471705626775e-03 3.259264476170665396e-03 1.022926535979505743e-03 4.179098714869666949e-03 1.856324379888329296e-02 2.071760881910486227e-03 -7.321343972499334656e-03 1.415882672497481131e-03 -9.083513554290309489e-03 1.363654776417028668e-02 1.634938359948302561e-03 5.065970884151463132e-04
0.000000000000000000e+00 0.000000000000000000e+00 0.000000000000000000e+00 0.000000000000000000e+00 0.000000000000000000e+00 0.000000000000000000e+00 -1.278348784581935057e-05 4.735205982708296391e-04 2.170511409013738807e-04 -1.396989049476365236e-04 -2.726149360814179076e-03 2.426989906640910841e-03 1.606754146311283353e-03 -5.217329638920733745e-04 -3.629304401689492730e-04 -6.448912488685092179e-04 1.285467316093970649e-03 -4.887345547733328716e-03 -3.689495546799300384e-03 -1.122462592864134807e-03 -8.309678421431754541e-04 7.025924358701582557e-03 -3.006230772599393568e-04 -4.246977738281637084e-03 -4.000882642311137096e-04 -1.201807461159104876e-02 -1.885718707149642865e-03 -4.297993446655759016e-05 1.952570377710653813e-03 4.929611299781486503e-03 1.508363853642426256e-03 6.157042927854647005e-03 1.542854002490514709e-03 -2.664511279448721157e-03 1.166093624367690873e-02 -7.403894459144119916e-04 3.809346206709543113e-05 -1.236804715727994435e-02 -1.872663100753559073e-02 -2.346271677836156704e-04 -7.443349891104457730e-03 1.026751483526976670e-02 -4.963510566207312777e-03 4.279778513738190585e-04 -2.993969505747982093e-03 9.391992499851366943e-04 0.000000000000000000e+00 0.000000000000000000e+00 -2.105413139599698197e-02 -1.332594604150851361e-02 -4.293261456389025482e-02 1.926677435628349920e-03 -1.027113068914872335e-01 1.863659197357969742e-03 -2.526539116136948971e-03 -1.164654754800901505e-02 -7.062080431026919111e-03 6.943555151153898986e-03 9.317733365414264390e-02 1.278459123201356254e-03 -2.942280547248625477e-02 1.039383758555818479e-02 2.257954490299202664e-03 -5.450023484211067963e-03 5.396151795240835929e-03 -1.950846210981164834e-03 -2.717808671405582896e-02 -1.000130685386361063e-03 3.629074636201458370e-02 -2.352161209081674899e-04 -1.524428699442167967e-02 1.667746308992383228e-02 -3.221139967194545928e-02 1.383230088774429524e-02 2.254133286667749179e-03 -3.704952541814343029e-03 -7.474642608772575844e-03 -1.068018601898081295e-02 -1.071000736286363830e-01 8.099342638449267022e-04 1.099198532117469894e-03 7.574846830329032624e-03 -7.924345765331328216e-04 -7.904711319162931182e-02 -4.502230341488801524e-01 8.239258500600162016e-02 -5.383888734985116109e-01 8.938677686153224944e-02 -7.143120915468188503e-01 7.937658465433530819e-02 1.315513448241451278e-01 1.764034126856230816e-02 -2.501361017653531624e-02 3.016814041798673938e-03 -1.392751733604764841e-02 -1.092851803202535277e-02 -1.697037513844086576e-02 2.440572335791993397e-02 1.019324512495825563e-03 -7.423473483394913384e-03 5.119896204721446908e-03 -1.601410729584284293e-02 3.435911251102763408e-02 -3.092360577009800257e-02 1.593310962428071131e-02 9.799035068379476771e-03 -1.864106158660759974e-02 -2.707599479123366792e-02 1.936992930974248961e-02 2.274820243759711341e-02 -1.805835936974186859e-02 3.143891610310943496e-02 1.630606050171360191e-02 2.370717990223626670e-02 -9.028231326525262834e-03 9.562905336268499173e-03 -2.974584134691311485e-02 1.331504493248109738e-02 4.105174244414256692e-03 -7.260512399786818449e-03 3.797290567590183574e-02 -2.213133226077144272e-02 3.280183303774550363e-02 2.793468476689513549e-02 1.201077690270508508e-02 2.537529395136215934e-02 -8.859901775361785081e-03 2.801670937316643600e-02 1.761486733050608017e-02 2.497907298355789979e-02
0.000000000000000000e+00 0.000000000000000000e+00 0.000000000000000000e+00 0.000000000000000000e+00 0.000000000000000000e+00 0.000000000000000000e+00 -5.405246617128282123e-04 5.404345052715855404e-04 2.052246211239496898e-04 4.182750126455811587e-04 -1.406650477855187886e-03 2.280138180210971276e-03 -2.419936970433078920e-04 -2.481185763930800030e-03 -1.274807863560699708e-03 -3.088632061427388793e-04 2.745241857975833435e-03 -7.757509583852957406e-03 -6.999875475736993223e-03 -7.071944217830538476e-03 -3.626671309652117463e-03 1.245424696803795230e-02 -1.516576120301699106e-03 -5.503899616151687428e-03 -6.866965787109396155e-04 -2.460401915687859473e-02 -1.135615373207752091e-02 3.431963924737131818e-04 4.849233430996623476e-03 6.941657097085980263e-03 -2.844862295425311903e-03 6.605650055809919423e-03 1.881520156794427509e-03 6.165093339696471868e-04 1.365072329826460054e-02 -6.531858123340970011e-03 2.413666873175530708e-04 -2.394163407589635501e-02 -2.113283412531355779e-02 -7.184536493227087692e-03 -1.502710799616421150e-02 1.117056273426597288e-03 -8.973925453205897074e-03 1.775623455890123874e-03 -5.998572377248364250e-03 -1.327403279216187067e-03 0.000000000000000000e+00 0.000000000000000000e+00 -7.781271083119688627e-04 2.530466851019458341e-02 6.026936820430381717e-03 4.308072912117798942e-02 -2.269416136773359360e-03 5.741222447570035192e-02 -3.578373384366969820e-03 2.377806608464514554e-02 1.955904383367991928e-03 4.422248528057325448e-03 1.278459123200195073e-03 7.846568981552154431e-02 4.435456350757260857e-03 5.490442734950155834e-02 1.897183962687885124e-03 1.764965266359702981e-02 1.109393186050073102e-02 1.003609488509489729e-02 -3.750070633732636126e-03 6.468977914233824122e-02 1.348045718632552049e-02 -1.692653118640231446e-03 -3.492925125841346047e-04 1.277820062137860826e-02 5.275524566621252708e-03 5.399950818222595816e-02 9.003615560956826532e-04 1.865323478155108197e-02 -1.330254013084884723e-02 8.303024712920633113e-03 -1.507276276082107971e-02 4.578783420720676511e-02 4.002930906260888412e-03 9.311015828979281664e-03 9.919982987505253716e-03 2.800170767404810412e-01 1.082328608804159042e+00 -2.162355011243994041e-01 1.022503170600428168e+00 -1.992376320835290981e-01 1.501066084807453072e+00 -2.111570062228121381e-01 -4.058193727696045583e-01 -2.336138467418607256e-01 -7.696429858634061712e-03 7.441456221315204123e-02 -9.060616143013179927e-03 -1.001059913593930692e-02 -4.339588519207408096e-03 1.229792618520755970e-01 -5.002029111602424027e-02 -5.396784801646672264e-02 -4.711390473807855472e-02 -4.542393876818967557e-02 1.710743171433977416e-02 -6.730020936932454290e-02 -1.795337597533215590e-02 -5.484691002710539304e-02 -2.498649900816791655e-02 5.550458425671222357e-02 2.072238029688917849e-01 -3.647634577963769151e-04 1.461139167252202553e-01 1.910717685874130725e-02 1.302151058678089335e-01 1.387031532897934662e-02 1.669382385943889158e-01 3.691079524142549563e-03 2.882174179628192029e-04 7.540480406755757647e-02 -9.889102758903407439e-03 -1.224702248530931334e-02 -4.960189120584383021e-04 7.774234795709696055e-02 1.256264846667407009e-02 -1.912677375014545586e-02 -2.007604554770515276e-02 2.066691684536156939e-02 1.098021974735686329e-02 -7.556053639805357380e-02 4.736974096752229191e-04 -1.388831484599897803e-02
0.000000000000000000e+00 0.000000000000000000e+00 0.000000000000000000e+00 0.000000000000000000e+00 0.000000000000000000e+00 0.000000000000000000e+00 -1.197024957486984132e-04 1.313473903385483775e-04 7.758060863676349188e-05 3.529162074139342202e-04 1.779766746198710361e-03 -6.589574684944144323e-04 -8.567302576506041854e-04 4.230643984997603307e-04 2.045120206744774122e-04 3.940695650240882649e-04 1.643582512456074360e-04 1.554098216044722544e-03 8.564055545360561503e-04 2.366513868767514139e-04 -6.009031985211732852e-05 -1.592864923013575336e-03 -3.977058742632850184e-04 1.078527819648553154e-03 -4.429549834482471830e-05 2.937775479246584366e-03 8.143556139930565978e-05 2.067560282321102231e-04 -1.478203101686676368e-04 -3.191495948932230784e-04 -1.315390884597102432e-03 -2.046104940351929115e-03 -4.616995778813180870e-04 2.160776345680060634e-03 -3.272828773188430143e-03 -7.929396890253952168e-04 4.543291442418573431e-04 2.983016204528416565e-03 6.367848777373635687e-03 -1.336615568862464928e-03 1.623633390903753788e-03 -4.428712147396499099e-03 1.621316978494233806e-03 3.424292564116711898e-04 4.034554731032789299e-04 -6.810429184503678183e-05 0.000000000000000000e+00 0.000000000000000000e+00 7.196571522907946675e-03 -2.659891140695592494e-03 1.659020964566422507e-02 -1.591029135932181624e-03 4.291197309948396182e-02 1.543454406806734009e-03 -1.054607146793288402e-03 -7.349982488028218228e-03 5.474244812083049749e-03 -5.538436812128213517e-03 -2.942280547248473863e-02 4.435456350754205142e-03 3.144519987657005966e-02 -5.487758849387465443e-03 -1.265586276536043164e-02 1.191056390792692710e-02 1.465156019103504986e-02 -1.527222104890405691e-02 6.519889012013104120e-03 -6.369870453634428331e-03 -2.599008551135104442e-03 2.064630257817476593e-03 -2.122533143693019521e-03 -1.951582221735427905e-02 2.781529483087418278e-02 -6.483211139112660636e-03 -5.710949244315182555e-03 -2.530457176916326486e-03 -9.105324063544178309e-03 -7.367305146076153118e-03 3.911843126031746415e-02 1.114116903901064305e-03 1.673320057026551617e-04 -1.158769341046997532e-03 -1.475463208898629506e-03 6.411491844668419648e-02 -1.243982561678569354e-02 -6.680462746736033630e-02 4.929410744136948630e-02 -7.050178014139449334e-02 -4.444818261438108348e-02 -6.589108893823560076e-02 -2.438134937858926071e-02 -5.929874936799623547e-02 9.901254971583348455e-03 -2.477433414037043605e-03 3.114392675650446730e-03 -1.956043388391869031e-02 1.178366891513183291e-03 -8.946476479520182323e-03 -5.918463200970723592e-02 -5.434784859482837995e-03 -5.971959084142382246e-02 8.705648533226523558e-03 -2.518312433945413611e-02 4.210395220184395479e-03 2.157554751002758141e-03 6.050091506774844807e-03 2.464043082153379548e-03 -2.440521657119761392e-02 1.045758191349844407e-02 2.235811548156838371e-02 4.019686286884368437e-02 3.162802554877416905e-02 -1.820788370447677662e-02 3.902944058951121620e-02 3.851317900334129407e-02 2.532626259570747856e-02 1.174061615346166411e-02 -7.192899781405809843e-03 -3.480004856410714130e-03 2.575792005032792684e-03 -1.682430954782815694e-02 1.089277408386243352e-02 -4.258820213464040855e-02 -1.521990501156967289e-02 -4.510291151859368436e-03 -8.660777714802002022e-03 1.193147735074484399e-02 -6.229420642011360143e-02 6.024369249366637487e-04 -1.147832554486286766e-02
0.000000000000000000e+00 0.000000000000000000e+00 0.000000000000000000e+00 0.000000000000000000e+00 0.000000000000000000e+00 0.000000000000000000e+00 -3.731869578828232053e-04 1.761344459802024933e-04 1.359838292481640348e-04 -3.138726748682835231e-04 -1.157409270265396519e-04 8.439092252067022454e-04 -8.124747341598581108e-04 -8.908837161634673707e-04 -5.661740222674239249e-04 -3.068732795792913459e-04 1.245739352328587794e-03 -3.301823214219984370e-03 -3.499680184487059115e-03 -3.510345836907964156e-03 -1.519204835893197885e-03 4.696085380221956367e-03 -9.413380484385257653e-04 -2.515170063037492926e-03 9.252538418697583804e-05 -1.318026342135866780e-02 -5.186853768806693604e-03 -3.893419567298381462e-05 2.120980673608835552e-03 4.053643731820459270e-03 -1.980667095859576544e-03 2.462310484056552760e-03 7.992207199562606328e-04 1.808668294234557329e-03 6.286394154364317172e-03 -4.666292304393122523e-03 -2.003080816224682317e-04 -1.031221274371381565e-02 -8.473001174470438934e-03 -4.810022389141960578e-03 -6.900912484607406652e-03 -1.646973615542064295e-03 -3.891136393500466053e-03 7.006348245076046612e-04 -2.628320436346076421e-03 -2.556499923076996513e-04 0.000000000000000000e+00 0.000000000000000000e+00 3.056708488189637039e-04 2.223260571913800512e-02 -3.241227958396535914e-03 3.537355081099033405e-02 -2.084311280193346799e-02 4.924101189880090296e-02 -1.486621548702601512e-04 5.828330916425371322e-02 -1.755838662491604344e-03 7.450263272711019069e-03 1.039383758555701039e-02 5.490442734950844866e-02 -5.487758849392534305e-03 6.841908954032013823e-02 6.291941797420687321e-03 6.090860972118809953e-03 4.545285130020035140e-03 1.809498141825633538e-02 -5.015289189387743367e-03 6.155322176436266862e-02 1.490765497072982400e-02 -5.061181542262798566e-03 6.525724219058357499e-03 4.070972243637477339e-02 -3.701173845229892897e-03 5.279229018361221437e-02 4.679400207525516962e-03 3.356476491043920707e-02 -1.589135907974552689e-02 2.243362232442019238e-02 -2.315130657343017484e-02 3.535878907468844451e-02 1.669985375307720147e-03 5.057483525716264562e-03 1.460296799061864929e-02 1.304140412003161054e-01 1.489092626539080477e+00 -6.364159928879244144e-02 1.406298076920194262e+00 -5.801852829978859649e-02 2.200325820272246879e+00 -6.658159733798486857e-02 -5.504791944734698239e-01 -1.085300578416575901e-01 -7.360903609266382375e-03 6.703867633365818979e-02 -2.684570417521099997e-03 -1.576900202237935950e-02 -1.070872408270543037e-02 1.004942178758218424e-01 -7.251935782903520811e-02 -3.265235988325021488e-02 -9.927508418194506967e-02 -4.454921970492499439e-02 5.536367181197687781e-02 -4.751465067724030406e-02 -2.301456444079495733e-02 -3.640226587772577710e-02 -1.499672360633686787e-02 5.431616323112058164e-02 1.197759185691495559e-01 -8.689386854021593359e-03 8.808705025121188470e-02 4.607448500618203241e-03 9.937743045505893769e-02 6.778429877963611412e-03 7.824596048992704667e-02 -7.268255958564283012e-03 -4.725385988400986406e-03 6.242269543403218546e-02 -6.602165128858395425e-03 -5.090796672568415754e-03 1.252230784308189238e-02 4.817619368242628819e-02 5.893388345033624687e-02 1.779926533180808566e-03 3.870019735335582505e-03 2.523296854296518121e-02 2.443191179799873280e-04 -2.734523017490652491e-02 1.179034456755438318e-02 2.300454400327280394e-03
0.000000000000000000e+00 0.000000000000000000e+00 0.000000000000000000e+00 0.000000000000000000e+00 0.000000000000000000e+00 0.000000000000000000e+00 2.371114740334648253e-04 -6.541252671856736536e-05 -3.959673033122911891e-04 -1.149429260260478522e-03 -2.010821215234572662e-03 -4.149265189478211621e-04 1.077299318972245413e-03 1.316118191135599337e-03 -9.099161077609746028e-04 -1.076708881125658119e-03 -5.961283188847632357e-04 -9.591016777600761076e-04 -7.487438456720788699e-04 -1.629869965206902620e-03 5.431353230723221870e-04 6.078304564864633885e-05 2.762013621326300425e-04 -1.946388461895518646e-03 -1.965073563345111948e-04 -2.258931398416103541e-03 -4.407972429897193817e-03 -1.081421356903431450e-03 1.101354536165438137e-03 1.728358799191090627e-03 8.464882922276206322e-04 -1.644480320167847126e-04 2.547122075756767909e-04 -2.035067852657431852e-03 1.990784820419115239e-03 1.347756877847139899e-03 -2.680997221823318896e-04 -4.691368184049681325e-03 -5.159896079685165338e-03 1.255886475846504455e-03 -2.214641816880680986e-03 4.242810351220068291e-03 -4.226297965963041713e-03 -8.969121311490984520e-04 -1.355886982591658369e-03 9.707124083229462953e-04 0.000000000000000000e+00 0.000000000000000000e+00 -1.430505114495491748e-03 3.698048187906922447e-03 5.802662927244320052e-04 4.020869435376418777e-03 -3.589659628926491434e-03 3.033211229968711242e-03 2.096759156695217688e-03 4.255666467641770062e-02 -2.024661237494596554e-03 1.560365067765531874e-03 2.257954490294359316e-03 1.897183962686838218e-03 -1.265586276535680260e-02 6.291941797415578561e-03 2.969567086472280765e-02 1.235018593574267048e-03 -7.253567532143010907e-03 1.602855280430269883e-02 -2.468259944123384390e-04 1.427357444590673929e-02 1.458958252924371680e-02 -1.141546233596898302e-02 9.628055001635504179e-03 2.968277798612716650e-02 -9.410199081331111284e-03 3.146925879235761090e-03 1.555257753782238357e-02 1.841284248377111216e-02 9.191249507165448820e-04 9.225045518302185318e-03 -4.503367870260288619e-03 9.607276189737092888e-05 1.035037071672978252e-03 2.469027396780150777e-03 3.459663720651190606e-03 -2.522637184728224874e-02 3.934789654736230990e-01 3.248862564246049467e-02 3.214334702576671643e-01 3.025693385293958329e-02 4.986664849644376063e-01 3.044476272141001527e-02 -1.259968605674598729e-01 2.305622705504290978e-02 -5.255821650496211297e-04 1.042458998315481250e-02 1.106548622421866818e-04 -4.437981774449551928e-03 -4.586021856088568112e-03 1.700238887479223887e-02 -3.568443193339185943e-02 -3.227034168774173609e-03 -4.758985826480213732e-02 -1.392687291371259503e-02 2.603462639884563529e-02 -1.110078228883357339e-02 -1.122484086304997505e-02 -1.796145912901865593e-02 -1.808126765952889833e-03 9.172237894946909734e-03 4.420940021627586813e-02 -8.948030190602862533e-03 8.168858651192123857e-03 -1.075924708715155637e-02 2.113868895918089713e-02 -1.034710699710720411e-02 9.659268330565285582e-03 -1.057865146142238089e-02 -1.999273717869998017e-03 4.237261870629526785e-03 1.558822477449973293e-03 7.606957634562153819e-04 3.290479415634152329e-03 1.115643463185130371e-03 3.066800003605256453e-02 2.609678024212165950e-03 3.222434917738601409e-03 1.231524292810906715e-03 -5.222866073353512988e-03 5.402628191065512314e-02 9.341057010160882385e-04 -2.392914319093433426e-04
0.000000000000000000e+00 0.000000000000000000e+00 0.000000000000000000e+00 0.000000000000000000e+00 0.000000000000000000e+00 0.000000000000000000e+00 -6.291660838522193980e-05 -2.351296457685132259e-04 6.767248340410596805e-05 -8.389936359447194196e-04 9.591497018035849333e-04 -1.174758564937153187e-03 -6.750214590390343642e-04 9.605095947750128937e-04 2.357369963665336115e-04 -2.447220611064988274e-04 -6.777872168579617169e-04 4.968988937552739574e-04 8.194810525106207937e-04 2.492567536151005323e-03 3.034387121531580090e-04 -1.564081350492869471e-03 4.377911794765654285e-04 5.526696872098772100e-04 5.477897179453632311e-04 2.186521950262034289e-03 3.127990369143724900e-04 -3.318269468007583635e-04 -3.317969777999052049e-04 -1.184165241561144395e-04 -8.573811492972588507e-04 -1.706927518931609499e-03 -4.774728985201647912e-04 5.158871703947492298e-04 -3.704190087609785312e-03 -1.120352117661331873e-04 -9.530133352872493038e-05 4.583231541357453767e-03 5.353217786991154928e-03 -3.686915948105775123e-04 1.638170409131667988e-03 -1.459109662590215434e-05 1.480097180642938638e-03 -3.882012119381363850e-04 6.407511132002123924e-04 2.437091261975687191e-04 0.000000000000000000e+00 0.000000000000000000e+00 7.877434476591562221e-03 4.071689211724591716e-03 -2.188969647525754614e-04 1.044207427007665633e-02 1.394634924516657479e-02 1.833195167132109157e-02 -3.385863711430710590e-03 7.575121211683150113e-02 3.470290699647004401e-03 -1.394266479637473852e-04 -5.450023484215262524e-03 1.764965266360018353e-02 1.191056390792473788e-02 6.090860972119612263e-03 1.235018593576898624e-03 8.307534990614193204e-02 1.982550632644539818e-02 1.321518345238211281e-02 -4.830832513224544641e-03 2.255418184604898735e-02 2.719498623882029426e-02 1.374339185228893451e-03 9.660058510624628531e-03 4.399300038453710787e-02 7.307402414254353211e-03 1.475494431043028985e-02 1.315968816654640092e-02 4.708130789432679597e-02 -3.067831579102537828e-02 6.150111200105270667e-03 5.161323952825622868e-03 7.767274476456214986e-03 -3.717809751957125344e-04 -4.100699242071618577e-04 1.051704585344626075e-02 1.474254936146283945e-02 1.228250561369782723e+00 8.349774190163500309e-03 1.089001199208769366e+00 1.079586578078731152e-03 1.640142621401728285e+00 -1.175683780105837850e-03 -4.505704286937342595e-01 -2.888015035529275382e-02 5.368955885155565072e-03 3.045490272838993762e-02 4.875914958111826278e-03 -3.364343642865508938e-02 -1.568328757136723539e-02 2.680895547250976632e-02 -1.654488510492207742e-01 -7.270871548089828662e-03 -2.003038761236240750e-01 -1.082763746355449794e-02 3.511608119436974984e-02 -9.140899167095319425e-03 -2.600737854410381522e-02 5.783850036633560003e-03 6.966076948252884933e-03 -6.736365113166544946e-03 -2.065753105118896260e-02 1.307367019250266563e-02 -8.835742884269328495e-03 2.870583292871086920e-02 -4.507854024089614359e-03 3.687501289061640569e-02 -3.717838158414257105e-02 1.989666469194642517e-02 2.304045798530331059e-03 1.822934091851638114e-02 -2.369912357611222813e-03 1.584876074565927905e-03 6.297732841957468485e-03 9.844131702664418726e-03 5.700039648541219139e-02 5.509128386205962465e-03 1.866874431177479449e-02 1.358402846671987949e-02 -1.172748387092187664e-02 2.044948958149285512e-02 2.281877767356845638e-02 4.352646871883243500e-04
0.000000000000000000e+00 0.000000000000000000e+00 0.000000000000000000e+00 0.000000000000000000e+00 0.000000000000000000e+00 0.000000000000000000e+00 -4.143652928638286550e-04 3.045551879720556458e-04 3.536440044428007458e-04 5.582695151728031980e-04 6.117383205670540386e-04 1.478988816354005319e-03 -7.836658720844673701e-04 -1.471055485078859868e-03 -1.608902402556934997e-04 2.392837878228459066e-04 1.913422730847774570e-03 -3.555059218312919128e-03 -3.474018956300686800e-03 -3.606769076051957387e-03 -1.975759267717781646e-03 6.787501186453764358e-03 -1.374941268585692499e-03 -2.415601272305837460e-03 -4.930979729501850034e-04 -1.032089187448539599e-02 -2.955871069810214573e-03 5.970503247683183693e-04 2.085750937101611517e-03 3.431668417474779704e-03 -1.849725462778881602e-03 3.686489832416911701e-03 9.510440252064063628e-04 9.230453837475532074e-04 7.909050750938459787e-03 -3.476832349709183933e-03 3.699687386614682332e-04 -1.019781825263539957e-02 -8.968181385579830633e-03 -3.655085731140934879e-03 -6.699666837943046502e-03 -5.628041527305088776e-05 -2.330416644532560221e-03 1.290910745875056744e-03 -2.630479792438732058e-03 -6.309619562549110628e-04 0.000000000000000000e+00 0.000000000000000000e+00 -6.101797599196617621e-03 -5.507176706335764962e-03 -8.383952898129883036e-04 6.627627626642034787e-03 -7.633028769549954178e-03 9.884972919719748827e-03 -3.998366861333320366e-03 4.384202731369146039e-03 1.355320492146694410e-03 -7.217006933071286670e-03 5.396151795244593340e-03 1.109393186049993825e-02 1.465156019103455373e-02 4.545285130028294159e-03 -7.253567532144707466e-03 1.982550632645396424e-02 4.291322823786337254e-02 -8.649158919872869389e-03 -6.474336166006325680e-03 1.842134414383743424e-02 1.289580048044510624e-02 -1.253481997163431033e-02 -4.452613120715993855e-03 -1.251819779422118015e-02 1.107741964431261175e-02 2.811507024136157464e-03 -3.049003738560534995e-03 1.115502740713458785e-02 -3.046227612781974778e-02 -1.287995905521332161e-02 -1.073256805847760433e-02 6.553747585714583997e-03 1.785150560603509899e-03 4.270105168933690555e-03 -1.150086011776933845e-03 1.103208439682897522e-02 -1.742723355870140212e-01 -3.608240190112996931e-03 -1.265230590679006506e-01 -7.023975769656376836e-03 -2.713269616223290548e-01 -5.796870488584317943e-03 2.943589052703815545e-02 -2.787672142069722719e-02 -3.121883629026442146e-04 1.019555013729180407e-02 1.768051747421498475e-03 -2.759179002027812438e-02 -1.037782354180294409e-02 9.989660502033387984e-03 -9.176560469023925526e-02 -6.244400089595631906e-03 -9.794074184290246787e-02 3.627710873142623877e-05 2.996408989726494655e-03 -5.468088128845758136e-03 6.077593256063515068e-03 1.608824213184655363e-02 -2.354788569391314500e-03 -2.815422752901772588e-02 -1.231056986820321456e-02 2.772563211738279104e-02 1.271567764587505124e-02 4.281000844709303976e-02 -2.245479293485002498e-02 5.485410965778449860e-02 1.407209789970371647e-03 2.305619456261757960e-02 -9.051263465545541717e-04 1.391117276115913515e-02 -5.572187839859515414e-03 -6.332547201296674644e-03 5.612510529030039635e-03 1.018095001339178185e-02 -2.618934850452447893e-03 -4.938746372666567679e-03 6.336569182491959273e-03 9.770433089164123376e-04 3.978986105912678262e-03 -1.194139997045578876e-02 2.178093130023827859e-02 -7.768446286179878438e-03
0.000000000000000000e+00 0.000000000000000000e+00 0.000000000000000000e+00 0.000000000000000000e+00 0.000000000000000000e+00 0.000000000000000000e+00 7.333253790102291832e-04 -7.296370730292154813e-04 -8.453861166407521241e-04 -1.412958817698124455e-03 -2.934933062459320948e-03 -3.894154847879561631e-03 2.575973749347478664e-03 3.038599177413121855e-03 -1.256321807128205547e-03 -2.112187925453116663e-03 -3.480442025433360103e-03 3.946199101133983193e-03 4.638720136106513035e-03 3.942332240387987942e-03 3.405309294777053488e-03 -9.538761062271200117e-03 2.846892077781738688e-03 1.660573320107842183e-03 -4.490307763314946429e-04 1.636163213891671242e-02 -5.718978408194550639e-03 -2.780559826992367103e-03 -1.079683889259844265e-03 -4.542852523521919393e-03 2.521134773389180784e-03 -7.821280341716019963e-03 -1.371336306855996902e-03 -1.730528968327575733e-03 -9.377729576663582783e-03 3.290710257837657117e-03 -1.283537567913410702e-03 1.163221320663865299e-02 1.299486103276190421e-02 3.765318907573251064e-03 7.568992638592491468e-03 3.132661469952307230e-03 -4.125313622040375182e-03 -3.152526277795509799e-03 1.551736521407468591e-03 5.414456414728559437e-04 0.000000000000000000e+00 0.000000000000000000e+00 3.697422938246948138e-03 1.905301225466835002e-02 -3.249786993274740403e-03 9.872620856094190683e-03 4.579124825499920545e-03 2.406713388630302847e-02 6.048169630520071859e-03 1.319416872082436187e-01 -1.047340316867577566e-02 1.591338337060313121e-02 -1.950846210984213177e-03 1.003609488510835875e-02 -1.527222104890945363e-02 1.809498141825169326e-02 1.602855280430743462e-02 1.321518345237010505e-02 -8.649158919884616936e-03 1.276524150858225626e-01 2.968201250251332850e-03 8.197994280603726480e-02 1.086012248597505864e-02 -3.687340610297894228e-02 3.601664639470372048e-02 8.203781587529192232e-02 -9.258654675871808015e-03 2.138349234408549321e-02 1.102292738583737775e-02 7.012788046513600271e-02 -2.424454950932180414e-02 7.536534086500817908e-02 -3.937301094180669053e-04 8.884580192125646550e-03 -1.158723246810170349e-04 -5.011334855337291547e-03 1.649414980800347971e-02 -1.288218221616777015e-01 1.779105115553983207e+00 1.823865495175386320e-01 1.637520668177656624e+00 1.622151460292032832e-01 2.581165678128772623e+00 1.570503942588717394e-01 -5.804447719729012301e-01 1.270789591036703969e-01 4.284511585101562214e-03 4.727794092280854926e-02 1.501916894149340521e-02 2.977588867827117222e-03 -9.479991042871744461e-03 5.208013633719651286e-02 -5.677702346410589546e-02 4.042219548519149913e-03 -1.470947256984313500e-01 -4.090835284672984795e-02 9.966650513064441441e-02 2.337527546046455282e-03 -5.601986685003639693e-02 -2.232279947921054358e-02 1.038979950328199932e-02 6.887561580036799525e-02 -8.903029268654119588e-03 -3.748729929637609898e-02 -2.660207836157136435e-02 -5.527300960092648013e-02 4.634440208229138880e-02 -4.648009106975701382e-02 -6.186917683404150048e-02 -3.641124885885461265e-02 -1.391781587546853539e-03 3.013739072098430699e-02 6.640564020242279049e-03 1.104167472033120573e-02 2.070500820813945056e-02 -3.435397571779125539e-03 1.611798655069731911e-01 3.298426765758772500e-02 4.364090196126872712e-02 3.055165191892185439e-02 -2.522107173968572008e-02 1.176526244764653784e-01 2.133636783838700757e-02 2.356409024109934469e-02
0.000000000000000000e+00 0.000000000000000000e+00 0.000000000000000000e+00 0.000000000000000000e+00 0.000000000000000000e+00 0.000000000000000000e+00 -8.464408971122284713e-06 -1.553773846241222922e-04 -5.358088321765015809e-05 -4.507449219586797491e-04 1.296930363386897787e-03 -1.196039523180855929e-03 -7.537823809631957099e-04 7.572220145796230940e-04 2.045359914928396728e-04 1.125934996602280394e-04 -6.134615269425168970e-04 2.164911211322458062e-03 1.810539513383339861e-03 1.673642582668972674e-03 4.761509913179013016e-04 -3.539182214186194914e-03 9.956795768001472152e-05 1.526719343437414091e-03 2.138152773798575660e-04 5.457736662075069606e-03 1.223056780901051865e-03 -1.253544174340376328e-04 -9.308336594026535163e-04 -1.392913664666388515e-03 -7.318038660008035655e-04 -2.854549051301842610e-03 -7.252822222824586605e-04 1.347292038266979146e-03 -5.603174725949497392e-03 1.492443138841664438e-04 -2.119599586773055985e-04 6.580269043363526880e-03 8.478099011835122517e-03 1.474011559953490916e-04 3.416289945024100945e-03 -4.022059426370116000e-03 2.369548914605915709e-03 -3.475713984642288127e-04 1.387803066148596970e-03 1.800347029521835816e-04 0.000000000000000000e+00 0.000000000000000000e+00 9.657185837904182224e-03 6.523090296485126865e-03 1.569773014640802808e-02 -6.077345722569451377e-04 3.778352947888381080e-02 -2.568090525329124255e-03 1.929469800148009544e-03 -1.019834218816593162e-03 1.615300699039695555e-03 1.343654771133800810e-03 -2.717808671405345239e-02 -3.750070633733887729e-03 6.519889012013880408e-03 -5.015289189393027335e-03 -2.468259944165964804e-04 -4.830832513229714985e-03 -6.474336166003400068e-03 2.968201250241872969e-03 1.850006776363167030e-02 6.833165414610637583e-05 -5.346814127653251592e-02 -7.370290269000341144e-04 7.322070306059561343e-03 -8.045926752656241271e-03 7.749160123496244210e-03 -6.711289394611078679e-03 -8.981028168367164452e-04 -2.344716453320113379e-03 7.881561672546512007e-03 7.622420318617575442e-03 3.703427662543073984e-02 -1.925949490734208628e-03 -5.956175800769352704e-04 -2.316080266217041776e-03 -2.276797164733450893e-04 1.853965736520383004e-02 1.131419933834486580e-01 -2.170668590087780972e-02 1.620679195719358923e-01 -2.079664545015939142e-02 1.926494150064708144e-01 -2.123212934870922358e-02 -1.276974788266831834e-02 1.058276477246025346e-02 8.797010298465459885e-03 -1.844432484944034381e-03 5.808752600144965333e-03 8.328125274703480907e-03 8.810620832293466695e-03 -9.481387318173370438e-03 3.028968800874165188e-02 9.114464537405192251e-04 2.719142761645593209e-02 5.892843583253169759e-03 -2.207355080463195562e-02 1.594604066125389005e-02 -3.209170352109600062e-03 2.760787919935330827e-03 4.584129825757526748e-03 1.408899815796123625e-02 9.836025530496526025e-04 -9.996657963992490806e-03 1.339948168779167559e-02 -1.520027064388503046e-02 -1.625669079470645935e-06 -1.619413441985674204e-02 9.703590608957174402e-03 -6.091153735567186346e-03 1.073727701710635966e-02 -6.250644349388128317e-03 -1.948031844764072954e-03 3.648455976135446446e-03 -1.508635007507208928e-02 6.852175282022352799e-03 -1.808973962537842317e-02 -9.527337181399812144e-03 -9.768381697890293758e-03 -9.079208007552132600e-03 1.435075538516336190e-03 1.334656910348317772e-02 -1.094592801234645606e-02 -1.114919551433900258e-02
0.000000000000000000e+00 0.000000000000000000e+00 0.000000000000000000e+00 0.000000000000000000e+00 0.000000000000000000e+00 0.000000000000000000e+00 -2.756940691856163764e-04 5.116187356744795935e-04 -4.075829178038707472e-05 1.201112284988005039e-03 -2.892806701578875660e-03 2.316659112347403942e-03 -6.338192508401699083e-04 -1.056418296540051569e-03 -1.757339517072385249e-03 -4.089864086233659557e-04 1.833591134995060136e-03 -6.026000377257732972e-03 -7.168158056879907897e-03 -9.285900501040739857e-03 -2.828031034115014147e-03 9.489230051805344276e-03 -1.370272917525992319e-03 -5.330736382412949378e-03 -3.998536200619388415e-04 -2.074113221023178577e-02 -1.270989326160797822e-02 2.178144277205335639e-04 3.720888576765497661e-03 8.480583562609151846e-03 -1.482956578557049392e-03 5.533232476008767033e-03 1.762330607727791588e-03 -3.915284234941167644e-04 1.544597506398557273e-02 -4.518435723869445621e-03 -1.761040675808288412e-03 -1.690904591434120446e-02 -2.011088082177559314e-02 -4.785079425485303482e-03 -1.346883093921271909e-02 4.902488201318607602e-03 -1.066978174740796509e-02 1.499033650659213450e-03 -5.000492679422847454e-03 8.959502109886938138e-04 0.000000000000000000e+00 0.000000000000000000e+00 -7.448162228459734996e-03 4.331230777252342845e-02 8.585954381144945274e-03 4.967662960477959438e-02 1.667024714279915013e-02 6.758109132779843709e-02 3.606773299043926091e-03 1.323790166830001447e-01 -5.586605161482866705e-03 1.941099742353883176e-02 -1.000130685386912705e-03 6.468977914234583237e-02 -6.369870453633032746e-03 6.155322176435087250e-02 1.427357444590322995e-02 2.255418184603272258e-02 1.842134414383254232e-02 8.197994280601773875e-02 6.833165415376241526e-05 2.104434810950837342e-01 1.965246696315362668e-02 -1.216885337520697413e-01 4.107206915455591245e-02 5.728468569986508441e-02 8.314851022692661608e-04 4.757984729254481626e-02 1.349871832706623156e-02 7.526881163913540229e-02 -4.789669741393988434e-02 6.724782912710385030e-02 1.861705729332584734e-03 4.408878202964963688e-02 2.945661863226910118e-03 1.024294637586574408e-02 1.476507878890067141e-02 6.592602699799733623e-02 1.609523591294418354e+00 1.402363012673986387e-02 1.562636341875517587e+00 2.258716899091621488e-02 2.237859842003264710e+00 1.228850854967141609e-02 -5.134902569962027652e-01 1.435002079325041480e-02 1.813211959961275304e-03 9.375944532102033213e-02 1.264396823069850219e-02 -1.339750773651690943e-02 -1.136939824386834150e-02 1.068290474922698463e-01 -9.723476419959528605e-02 -1.286511522241381641e-02 -1.777524896476829763e-01 -3.610912150449836072e-02 7.629235034859951914e-02 2.801849075462140362e-03 -5.200615767898966735e-02 -2.906725238954984900e-03 -2.209515488597643684e-03 7.849900503921708461e-02 8.690745027100615916e-02 -1.371931004440249402e-02 2.470605932309050123e-02 -7.053458199387559711e-03 5.495661223349175561e-02 1.778513440620737435e-02 1.289826017171091105e-02 -7.950629245082205254e-03 4.441997583271132394e-03 9.103794040556018041e-02 -7.033517267517568408e-03 -8.847015637512353411e-03 1.712401646807212852e-02 6.666191123148625108e-02 1.653727043284284326e-01 8.702649954554541115e-03 2.808822481038216259e-02 1.505480178565195976e-02 -1.906843960564858637e-02 9.820773483075764809e-02 3.750745093545087422e-02 -1.197871349629336946e-02
0.000000000000000000e+00 0.000000000000000000e+00 0.000000000000000000e+00 0.000000000000000000e+00 0.000000000000000000e+00 0.000000000000000000e+00 3.750470297628219160e-04 3.082949048491017601e-04 -3.734768210786646673e-04 1.123836918863003066e-03 -4.928322191762209148e-03 2.129195995400536695e-03 3.041514012445428305e-03 -3.496147642598782467e-04 -1.206699454848418574e-03 -8.235133749433939335e-04 3.762876260496209415e-04 -3.810030470669033970e-03 -3.511859530067650351e-03 -6.883938211425598419e-03 2.583962439561568545e-04 5.871299997409747638e-03 5.203924500223179681e-04 -3.304056650960817895e-03 -9.526960967702808626e-04 -7.829394425053169682e-03 -6.395280031559848199e-03 -4.732032371810344722e-04 2.289197369413346894e-03 2.468404082282429132e-03 3.454965205987766286e-03 5.177893552448901114e-03 1.617928200368471629e-03 -5.073128581218435025e-03 1.257928778513887035e-02 2.337141465575010013e-03 1.153858250359380807e-04 -1.582974046334815338e-02 -2.025730392050926337e-02 2.515791827819282168e-03 -6.975814264413992757e-03 1.313521178395818736e-02 -8.706808637386412655e-03 1.033933012813015198e-04 -3.361765327888457770e-03 1.745234769419783387e-04 0.000000000000000000e+00 0.000000000000000000e+00 -2.496721472374167916e-02 -1.582364070034932707e-02 -2.007270507083053906e-02 4.294738983843326236e-04 -5.603607409420207491e-02 9.101290857596198644e-03 -4.145054108195273500e-03 6.496026171247851200e-02 -2.874044760986984443e-03 -9.802867172808486101e-03 3.629074636200482762e-02 1.348045718634028473e-02 -2.599008551140263943e-03 1.490765497075185672e-02 1.458958252925869614e-02 2.719498623883078586e-02 1.289580048043187550e-02 1.086012248601067251e-02 -5.346814127652700643e-02 1.965246696318802624e-02 2.457064888909791522e-01 -1.823532238102430064e-02 -5.870293342959355745e-03 6.492495782977869556e-02 -2.983814278750457176e-03 1.675356385076288632e-02 1.579367197595155092e-02 3.096373555087584759e-02 -2.778465118786708696e-02 -4.497679124275885676e-03 -5.520040950554209319e-02 4.822468432075615631e-03 1.776186605867438595e-03 4.530180220264573912e-03 9.952060376413805060e-03 -7.595597327891712158e-02 9.160703940311338833e-01 9.482372418257789537e-02 6.640893123161851763e-01 7.844106918835612452e-02 1.158763618769613091e+00 9.178774154926189199e-02 -3.953256278010873204e-01 -1.551991941153953863e-02 -1.065797501414132015e-02 1.492571081244514243e-02 -9.938820229914052326e-03 -5.427368951024183485e-02 -3.144101460010924332e-02 3.779860061610813837e-02 -2.310652652593367384e-01 -4.800269617696003091e-03 -2.562116443234880858e-01 -3.268017186602495405e-02 1.068940043698577008e-01 -4.820184255621848962e-02 -2.611446885484587990e-02 -5.341609216449919040e-02 -4.285421767935318829e-03 -3.210726126491433852e-02 4.990621030020361837e-02 1.519462998478191343e-02 -1.449584179839099631e-02 2.838322281297460739e-02 1.762104542507097332e-02 4.113822605291612283e-02 8.699266435442734591e-04 8.923831753684212387e-03 -1.754621395630080391e-02 1.024758585500753355e-02 8.856980479467719408e-03 -5.083007907777409295e-03 3.497643128123244932e-02 -6.248712249506088549e-03 1.032886007213616592e-01 1.320611158668545150e-02 5.268660130235348904e-02 1.421184502877207573e-02 -1.920830889356692781e-03 -5.601416556599803087e-02 3.993262840707786226e-02 1.893314197604314617e-02
0.000000000000000000e+00 0.000000000000000000e+00 0.000000000000000000e+00 0.000000000000000000e+00 0.000000000000000000e+00 0.000000000000000000e+00 -6.916089326114809575e-05 -3.863806382178956570e-04 1.949221806597320624e-04 -1.512743492413536582e-03 3.256065430404200389e-03 -1.942152486388831496e-03 -5.322143291965259794e-04 6.830011662073538986e-04 1.422561740553910867e-03 1.293572971706680121e-04 -1.215570969703962329e-03 3.460087761980145359e-03 4.413753982587359861e-03 6.071725552479504025e-03 1.490850249331428278e-03 -6.547781104716652797e-03 6.687879114316169250e-04 3.595900652489076622e-03 8.272672414937653259e-04 9.821936864030690606e-03 9.453665387230924394e-03 -3.122605959110657950e-04 -2.389665827160538866e-03 -4.598962828106658608e-03 -3.801265563424250358e-04 -4.277333666494512708e-03 -1.383696038324534749e-03 1.416082834550069173e-03 -1.206167770117377164e-02 1.223319021408825072e-03 1.108002710754653992e-03 1.136641219809777711e-02 1.627475417697842736e-02 9.432388758294904182e-04 8.340960814130375656e-03 -7.354613288185673538e-03 8.572185672715436702e-03 -1.095170182407561405e-03 3.315463052198411656e-03 -5.608095351531195219e-04 0.000000000000000000e+00 0.000000000000000000e+00 1.438021652339252325e-02 -1.847900902105029802e-02 -8.004538954080802488e-03 -3.231157220248618948e-03 -1.460945541669688048e-02 -1.065060354783673585e-02 -2.680319250761513568e-03 -7.209454323124860065e-02 3.618467829307131425e-03 -7.190087369090097415e-03 -2.352161209114580435e-04 -1.692653118635964460e-03 2.064630257814859329e-03 -5.061181542256766065e-03 -1.141546233596195739e-02 1.374339185234115836e-03 -1.253481997163652731e-02 -3.687340610296911680e-02 -7.370290268998421022e-04 -1.216885337520653976e-01 -1.823532238102727049e-02 1.214368300767235676e-01 -2.140845807722869393e-02 -2.917679707348317525e-02 -2.414547368880086593e-03 4.022732497558610849e-03 -1.218977416330921208e-02 -2.661785863971024083e-02 3.016799228858500423e-02 -2.753339564275311679e-02 -8.199874640226817099e-03 -4.131878554124572903e-03 -2.032329932336545894e-03 -5.784132693242285614e-03 3.346200830983986178e-03 8.477963196292165327e-02 3.455819010700668104e-01 -8.856324325140066400e-02 2.615095693891665296e-01 -8.975047826040193077e-02 6.072214747523312361e-01 -9.139280305260061299e-02 -1.473321453554492233e-01 -1.136521651932187460e-01 -4.072667191206595996e-03 -1.632475377220367341e-02 -9.693072611645038930e-03 3.786483771461709308e-02 9.160158148224607777e-03 -2.179790908163349236e-03 8.900091676005755792e-02 -1.414539615866020061e-02 1.239564254776106267e-01 -4.519787797915208669e-03 -2.372785302642014052e-02 -2.344889859730649867e-02 1.351024954881559388e-02 -2.772128829446998677e-02 -1.041176687714299651e-02 -3.764128585856224909e-03 3.980777387042945537e-02 3.098439882372323352e-03 6.775001983071310407e-02 1.468418762100008081e-03 7.153257647835821464e-02 -1.425644106910620330e-02 6.802910531982014897e-02 6.419394629481822712e-03 -2.696854569787849980e-03 -1.472937775293137533e-02 9.187695977617095413e-04 5.476978862510611945e-03 -2.022826523088639382e-03 -9.416525612380802560e-03 -5.053855844805336256e-02 -2.337933306249708257e-03 -7.665126024404864818e-03 1.738079028189399092e-02 1.573056769077568404e-02 -1.189515713574200578e-01 -1.511052959604629493e-02 1.825394338918062687e-02
0.000000000000000000e+00 0.000000000000000000e+00 0.000000000000000000e+00 0.000000000000000000e+00 0.000000000000000000e+00 0.000000000000000000e+00 2.155047002644078365e-04 -1.970399797308172078e-04 -9.510150078704153801e-05 -9.758440902018217233e-04 1.148431219056693679e-03 -1.539763684205238455e-03 -2.638117517341243565e-04 2.192633316806836662e-03 5.994811405291360865e-04 1.109657890190945593e-04 -2.173171143806707645e-03 5.086088210972949941e-03 4.139133881806572775e-03 4.260614054007183515e-03 2.641346121200250936e-03 -8.705351436569669366e-03 9.763726456299809918e-04 3.520226454621047836e-03 5.786768859486177185e-04 1.312130087630986215e-02 6.015698934894847180e-03 -3.850474715358378434e-04 -2.621307298525940750e-03 -2.717875309225405937e-03 1.235624663756288918e-03 -3.971805472838220961e-03 -1.381092979810587046e-03 1.223463236568915545e-04 -9.818986361845366204e-03 3.437138687095140938e-03 -8.937522390696203732e-04 1.259375216936276833e-02 1.495590122882518684e-02 3.622349071241169616e-03 8.823342933535783042e-03 -1.911251591103307022e-04 5.006222886425978902e-03 -1.196128227532371278e-03 3.278817799512125618e-03 1.635556933424030376e-03 0.000000000000000000e+00 0.000000000000000000e+00 9.712616051138696013e-03 1.048280873209340644e-02 5.580148456741602925e-03 7.423066917222692629e-03 2.381903679951308597e-02 9.183306820183938582e-03 4.405786902092715708e-03 6.097268803145718813e-02 -1.906001708694719712e-03 5.311125450032701950e-03 -1.524428699442571117e-02 -3.492925125780305465e-04 -2.122533143692845615e-03 6.525724219052440357e-03 9.628055001636699403e-03 9.660058510617531777e-03 -4.452613120719214369e-03 3.601664639469877305e-02 7.322070306065853185e-03 4.107206915455928475e-02 -5.870293342983749427e-03 -2.140845807723121969e-02 3.290362865352770838e-02 3.790937364820349403e-02 7.621672466223456018e-05 6.926256537591784015e-04 9.254579059412761793e-03 3.324815615565764049e-02 -7.922826517088662687e-03 3.351755184748368699e-02 2.300157596079998798e-02 3.691107872252491484e-04 -2.102185051546037308e-03 -4.089505099139640297e-03 9.666385298569835083e-03 -5.593652804380623567e-02 1.143391812927075701e+00 7.037964728647395918e-02 1.068939383380975272e+00 6.618278359638343766e-02 1.620774745618454915e+00 6.640985920451031310e-02 -3.600991675981546902e-01 7.845723778347572785e-02 6.138118174052652198e-03 1.593639020413215035e-02 1.064690437466508412e-02 1.479739140351806967e-02 3.046949052793348871e-04 6.009582446975108259e-03 -7.162251757129950436e-03 1.004308912349130035e-02 -5.373951457791618924e-02 -6.556091023056236609e-03 3.104505363402207396e-02 2.373825762246233040e-02 -2.795535884850657016e-02 1.190576327648975273e-03 5.926396866274110178e-03 2.182867628019348125e-02 6.109940886566231355e-03 -5.484860875953602444e-03 5.092398809630929724e-03 -1.848507275899788013e-02 1.471210416458713227e-02 -3.982142883647173809e-03 -1.762392319729542273e-02 -3.932120954145867237e-03 5.136542655998081394e-03 6.714494712014983969e-03 4.352944848375164474e-03 7.440643701698862467e-03 2.597342071817700104e-03 1.150413228358423620e-03 7.214573753006577050e-02 1.126208072009742510e-02 1.873754359882881873e-02 7.143048826975229547e-04 -1.137676949886351312e-02 4.687251771226649821e-02 8.475323481240974038e-03 6.529174347573385440e-03
0.000000000000000000e+00 0.000000000000000000e+00 0.000000000000000000e+00 0.000000000000000000e+00 0.000000000000000000e+00 0.000000000000000000e+00 1.040167975850522179e-03 -4.186509148950095355e-04 -9.031686706720977020e-04 -4.110747809323953873e-03 -3.352520520020797583e-03 -4.183292477863481337e-03 4.454922436876521119e-03 5.227805626561287528e-03 -1.565215830010403732e-03 -2.889484569820326663e-03 -4.671113953982113966e-03 3.990417217009713594e-03 5.623951047196730328e-03 6.310083214625067903e-03 6.107756930624097524e-03 -1.148091208806131629e-02 3.952292807916834606e-03 3.032301196330584869e-04 4.791288370450637931e-05 1.352009123196530258e-02 -7.278125284149408736e-03 -3.621824806666275928e-03 4.298383958166933187e-04 -3.011737767502775318e-03 3.592752932249616317e-03 -8.340350486324539514e-03 -1.272236498616038805e-03 -2.305168700322114336e-03 -1.112817307641790834e-02 4.577193625539113797e-03 6.225367792639380227e-04 1.579222239575416020e-02 9.554807776173044470e-03 5.287152242823061829e-03 7.130320140235535745e-03 1.697755614497028012e-02 -6.125077968389671876e-03 -3.605104683991763002e-03 -5.360816517554611166e-05 1.356628548787790732e-03 0.000000000000000000e+00 0.000000000000000000e+00 2.877967708852065092e-03 2.123360766077516879e-02 -1.277544919612627096e-02 1.225761121847098942e-02 -2.961976317291759378e-02 2.706480547124332295e-02 6.012441843103551696e-03 1.789074563396623185e-01 -7.203394162967718430e-03 1.284389417617350267e-02 1.667746308990751547e-02 1.277820062138831578e-02 -1.951582221735406741e-02 4.070972243635673921e-02 2.968277798614134960e-02 4.399300038453447109e-02 -1.251819779423503365e-02 8.203781587530115105e-02 -8.045926752633106999e-03 5.728468569991033987e-02 6.492495782971295648e-02 -2.917679707351829299e-02 3.790937364822035555e-02 2.521415578475896258e-01 -1.954036405486925601e-02 3.592211654297761125e-02 3.021205653620068904e-02 8.842749392407758813e-02 -2.027033237538825028e-02 6.332339815278380246e-02 -2.975135763456150662e-02 6.465172442597959951e-03 1.426988083500495058e-03 -1.808262757202281495e-03 3.547219278296977196e-02 -5.702330677601027964e-02 3.858147661708441589e+00 1.217350674274449013e-01 3.380764703696196971e+00 1.041455024821767578e-01 5.269224869921883325e+00 9.846151232292402189e-02 -1.387445008398239032e+00 4.932252281897386847e-02 -5.343204930564378861e-03 5.643469282526829972e-02 9.014070936640656423e-03 -5.195315814525722914e-02 -2.722405190670890499e-02 6.587220836236351573e-02 -1.902160179260358186e-01 -8.461503631327846331e-03 -2.796579145938084543e-01 -5.187047937526544084e-02 1.273477703725361121e-01 -1.553180141977333548e-02 -6.163631636361621008e-02 -3.792424819118836443e-02 2.789922283710853657e-03 4.790344306117287621e-02 3.068557641677907566e-02 -2.209085301244358146e-02 6.102458683316949739e-03 -2.919256545936858502e-02 4.801588468068700155e-02 -2.006226558018371631e-02 -3.741854361756940389e-02 -2.480504787801050826e-02 -1.282562855946762191e-02 2.225177274469664068e-02 1.067146339377064018e-02 1.356474769989749959e-02 2.584977324281868827e-02 -4.335093496331855756e-03 1.435560083329638081e-01 3.614013109979420657e-02 4.032764992276414301e-02 2.705480591814498487e-02 -4.611219091483417798e-02 -1.068639203046864439e-02 1.560564699164016141e-02 3.616093019211516491e-02
0.000000000000000000e+00 0.000000000000000000e+00 0.000000000000000000e+00 0.000000000000000000e+00 0.000000000000000000e+00 0.000000000000000000e+00 -6.038498974738419861e-05 1.058075712341658976e-04 -1.372478117212433987e-04 7.336666618419529929e-04 1.509404859636307664e-03 -8.602145977081778611e-04 -7.547817489045628714e-04 7.562203436449398087e-04 -1.795203866356140029e-05 2.785187387173781808e-04 -1.349390791584636551e-04 1.790764763680291992e-03 8.855143780917341424e-04 -2.995487477067349728e-04 7.912128630720578456e-05 -1.824807478876381162e-03 -2.234263654062929906e-04 6.002155606409257998e-04 4.228379451676385088e-05 3.568425374658427615e-03 -1.369361749411868862e-03 5.730289411482807581e-05 1.045964150450173834e-04 7.689243087512080167e-05 -1.390292199972571708e-03 -2.538016453276927854e-03 -4.853937038358363803e-04 2.640278768657357625e-03 -3.988072832756943756e-03 -1.179330327279668996e-03 5.654156677164539528e-04 3.009291371571188190e-03 5.931149488005911866e-03 -1.838197854497323775e-03 1.550093344158212129e-03 -4.740839539942517077e-03 6.726156813634156639e-04 3.164379662321468436e-04 1.444715221726021882e-04 4.519571581993853777e-05 0.000000000000000000e+00 0.000000000000000000e+00 7.812803629783631604e-03 -2.180852632160003215e-03 1.852498517419079796e-02 -9.541972279478466322e-04 4.910529382952991823e-02 2.592114455749100748e-03 -4.956222705851795127e-04 4.670161104657639256e-04 5.114997777703509697e-03 -3.997453818291732755e-03 -3.221139967194401599e-02 5.275524566619813754e-03 2.781529483087433544e-02 -3.701173845226071301e-03 -9.410199081336344945e-03 7.307402414252655784e-03 1.107741964431214858e-02 -9.258654675869990025e-03 7.749160123496486204e-03 8.314851022641679169e-04 -2.983814278751113769e-03 -2.414547368873812966e-03 7.621672466112477083e-05 -1.954036405488010844e-02 3.548469540511569459e-02 -8.817727472884697576e-03 -6.037551667226585123e-03 1.011165026096210243e-02 -1.632465041065093644e-02 -3.810410823457441960e-04 4.323739252893905177e-02 1.526355915586783980e-03 4.628116782339316204e-04 -5.897619166332311851e-04 -1.815481417429398855e-03 5.439032364764181948e-02 -3.081549354922512307e-02 -5.520380176271538070e-02 3.477055459380068436e-02 -5.965013750241474760e-02 -7.117307068071314358e-02 -5.514620237498252253e-02 -1.156479406455428530e-02 -5.053409926435747240e-02 1.154916503371372985e-02 -9.649411870858552471e-05 4.294880370453383299e-03 -1.806153768869118992e-02 1.267276534829235926e-03 -7.314562175257569888e-03 -6.425220398694445056e-02 -5.157274130943284747e-03 -7.008793061457242735e-02 7.703300510539926038e-03 -2.255388381268309816e-02 6.074309807152081242e-03 -9.092415865043529822e-04 6.399279606954741580e-03 3.881613487896145263e-03 -2.251908637024996676e-02 9.324269050831977129e-03 2.086515621218812053e-02 3.718270280026410302e-02 3.034088800463074012e-02 -1.811312264874069544e-02 3.822462761184682034e-02 3.491218938534847854e-02 2.471594164484404790e-02 1.316965767935612298e-02 -5.827087868883373996e-03 -4.006892586403775110e-03 3.243179771895949616e-03 -1.752666436646879711e-02 1.249920987232437317e-02 -3.578978749778535806e-02 -1.620541040025377799e-02 -3.811986786660699102e-03 -9.267143254917030448e-03 1.140023921908010253e-02 -5.260970190543649838e-02 2.178731063652040827e-03 -1.371579850794728446e-02
0.000000000000000000e+00 0.000000000000000000e+00 0.000000000000000000e+00 0.000000000000000000e+00 0.000000000000000000e+00 0.000000000000000000e+00 -4.215498138172003818e-04 3.007282175660968095e-04 3.364599075296459407e-04 -1.562684739735734313e-04 3.227360371750921143e-04 9.859448287451288290e-04 -4.307468217453448646e-04 -1.159414559767073727e-03 -1.987083993930829462e-04 -1.075752844454326611e-04 1.422967022621923240e-03 -3.532297561687000945e-03 -2.928472274818184375e-03 -2.627584105450365103e-03 -1.527308865869567026e-03 5.349409473610698684e-03 -7.161419699112345520e-04 -2.497660596906856045e-03 -1.106921889590700199e-04 -1.333163566335688124e-02 -3.035411670820989047e-03 1.408612267773387073e-04 2.051856207076066703e-03 3.556872581152422177e-03 -1.924300514472082222e-03 2.933589260018159683e-03 9.413129526335609325e-04 9.331284013527071193e-04 6.128389648627366806e-03 -4.198448564507662427e-03 -3.095871680694577675e-04 -1.056450670722433767e-02 -9.752711942443847634e-03 -3.695663794064480909e-03 -6.994995830329763659e-03 -4.129406091925528349e-04 -2.525308782087938228e-03 7.655088494814008340e-04 -2.585276379340380355e-03 -3.847940281257332851e-04 0.000000000000000000e+00 0.000000000000000000e+00 -1.580223860708124576e-04 2.150199113653749813e-02 -4.714222118273997918e-03 3.382086895927722409e-02 -2.790723824011789866e-02 4.649437443135628206e-02 -1.160173392529478776e-03 3.810224198430563203e-02 -1.009162503586261963e-03 5.353347544865897679e-03 1.383230088774366900e-02 5.399950818223404891e-02 -6.483211139117124079e-03 5.279229018361084047e-02 3.146925879241025542e-03 1.475494431042618203e-02 2.811507024127600941e-03 2.138349234408506300e-02 -6.711289394608431491e-03 4.757984729255280293e-02 1.675356385074926180e-02 4.022732497553640867e-03 6.926256537621139873e-04 3.592211654298719387e-02 -8.817727472888182635e-03 6.737235538496749720e-02 3.069465654974534198e-03 8.542756022747956604e-03 -5.937733218915623203e-03 -1.069863485564860562e-03 -2.860496143018348078e-02 3.495663006645175624e-02 1.614986192904249111e-03 4.499332239158726661e-03 1.316442393418676762e-02 1.390428715729206122e-01 1.313719333937283684e+00 -7.662941239919221492e-02 1.231567503983747702e+00 -6.849899443595934556e-02 1.959491805752267668e+00 -7.895470285765229801e-02 -4.971866053134504915e-01 -1.121023678084540204e-01 -9.862529771617051591e-03 6.267084252347794593e-02 -5.771559470430668269e-03 -1.180969810854494428e-02 -9.165354763204670158e-03 9.606317981482741242e-02 -5.414767388841455753e-02 -3.160497638021060596e-02 -6.697798347562040899e-02 -4.045466735130798241e-02 4.837633664845551046e-02 -5.150316564117300017e-02 -1.926960496313795748e-02 -3.957043995001390674e-02 -1.500687261345157175e-02 5.769618968042407314e-02 1.113219039482470640e-01 -1.421719660186089411e-02 7.535522071667836996e-02 -1.510001214228770105e-03 9.979079893744007002e-02 -9.469439718780130535e-03 7.278335978252770122e-02 -1.271056118221579150e-02 -6.454697869634877690e-03 5.934180289906640371e-02 -5.635006191816532839e-03 -5.698662231522696152e-03 1.297299114955764027e-02 4.488578771775922349e-02 5.147350483915298647e-02 3.368314717871623114e-03 3.633394267088563582e-04 2.815847972558914794e-02 -2.004376162843468732e-03 -2.056360057428642876e-02 7.465376073725073051e-03 5.146097886225377456e-03
0.000000000000000000e+00 0.000000000000000000e+00 0.000000000000000000e+00 0.000000000000000000e+00 0.000000000000000000e+00 0.000000000000000000e+00 1.143272964842763031e-04 7.733283307968330609e-05 -2.149933494685275141e-04 -9.212492927675379299e-04 -1.491496830745212996e-03 -4.096058353574433264e-04 1.154942820904317343e-03 1.605432660947308772e-03 -6.410888207265055816e-04 -8.500879059358643249e-04 -5.493178837268201421e-04 -2.602734382899502246e-04 -2.102272487168586369e-04 -8.104526149279255541e-04 7.940856407196036047e-04 -7.318320964413529191e-04 4.997737961165482417e-04 -1.050881364684928994e-03 -1.231809788239035454e-04 -5.663723188899009130e-04 -3.451343133392437233e-03 -8.942655380669536132e-04 8.833459571415597017e-04 1.532253137784182415e-03 6.550823411998524162e-04 -4.191812897069643342e-04 1.230974146089398630e-04 -1.601717670095922658e-03 9.173809986765931119e-04 1.580774691981820437e-03 -2.286984259174341320e-04 -1.568002522935574381e-03 -2.950153706424434204e-03 1.761912887629856579e-03 -1.040205592333813501e-03 4.747524550043328954e-03 -3.209112603260617751e-03 -7.150496451867414255e-04 -1.100054879613933390e-03 1.153877297948206022e-03 0.000000000000000000e+00 0.000000000000000000e+00 -8.905663068162201872e-04 1.518925254473620957e-03 4.160376377061287493e-04 3.976523295128604751e-03 -3.590535642249330275e-03 3.944649876318187011e-03 2.155289057647484779e-03 4.811605869045205985e-02 -1.419325792369020367e-03 -2.145444829172921174e-04 2.254133286664812726e-03 9.003615560975049802e-04 -5.710949244312609960e-03 4.679400207523107431e-03 1.555257753782271317e-02 1.315968816654442680e-02 -3.049003738559851514e-03 1.102292738583689202e-02 -8.981028168322412924e-04 1.349871832707575520e-02 1.579367197593618474e-02 -1.218977416331762376e-02 9.254579059413849465e-03 3.021205653618968048e-02 -6.037551667221772132e-03 3.069465654971619863e-03 2.603493506771152946e-02 1.732217834875833182e-02 -1.260600471271519293e-02 9.475525506236546006e-03 -4.169511904989712386e-03 -2.652248865643758342e-04 8.235506563510135115e-04 2.042705813840057973e-03 5.577541184443144014e-03 -2.866211926078857802e-02 6.214932268054825792e-01 3.609032564408432009e-02 5.523556986496049870e-01 3.233297737617267520e-02 8.292704234600017932e-01 3.436311957172594883e-02 -2.237358925711489532e-01 2.652229639283537610e-02 2.913244627288406278e-04 1.036306150083570257e-02 2.028851412827499968e-03 -1.139616844346121038e-02 -7.566802568353039188e-03 1.324561579249821514e-02 -6.526704098553012812e-02 -1.385175799492056100e-03 -8.166496390104613368e-02 -1.215304665332576917e-02 2.831375361054533704e-02 -8.890600831880738145e-03 -1.031703259633437453e-02 -8.802350491527225623e-03 -1.314200804798815441e-03 -1.063680819414197960e-03 3.501852838266832080e-02 4.749338914430620284e-04 1.311172736898182437e-02 8.882172902970036227e-04 1.503836475930989125e-02 5.543158143951584446e-03 3.161747426068742262e-03 -3.290649456452895538e-03 -1.996007388312000339e-03 3.348230915687931512e-03 1.638131818160800529e-03 1.712423766342626753e-03 4.750713452386316066e-03 8.858076770487232493e-05 3.307313362743111856e-02 3.259626582044440266e-03 8.886804497540649189e-03 1.332763767400458764e-03 -1.450201990418881811e-03 6.032475686356848776e-02 7.252278242499233391e-03 -1.809610700812064104e-03
0.000000000000000000e+00 0.000000000000000000e+00 0.000000000000000000e+00 0.000000000000000000e+00 0.000000000000000000e+00 0.000000000000000000e+00 3.578016569378524633e-04 -3.594813536162986059e-04 -5.076342986578689150e-04 -2.684628450171790137e-03 5.618693017436925292e-04 -3.278669261008265029e-03 -8.119405054515697407e-04 3.492104540819149228e-03 -3.245056295403975655e-04 -1.114979551464695840e-03 -2.888292135164441041e-03 4.013929340680286346e-03 3.199484224490314194e-03 3.836183137290819292e-03 2.579833612063436518e-03 -9.102503201489722112e-03 1.166546268127555824e-03 1.679231415446397115e-03 1.061948689179426693e-03 1.051652135137579915e-02 -1.188678519364501363e-03 -1.671888325720046267e-03 -1.515443443117200049e-03 -3.655962469040164795e-04 -5.423642038459731821e-05 -6.513460683014003424e-03 -1.623577146540046770e-03 1.513397525824501655e-03 -1.143586605447988874e-02 8.487795388198713428e-04 -5.740370461711996825e-04 1.347660992119442333e-02 1.579330711593443168e-02 1.577919102975274684e-04 6.808692841432477383e-03 6.223967661321203049e-04 7.137371386960059474e-04 -1.894076332839629302e-03 2.188712089933157919e-03 1.793734493357966196e-03 0.000000000000000000e+00 0.000000000000000000e+00 1.043283735484154713e-02 1.008288089668392049e-02 -3.848628368019012605e-03 1.655523502428790303e-02 1.655609776554767959e-02 2.935785467075259156e-02 2.216552691803423247e-03 1.570737903944394720e-01 -3.563199172048497811e-03 1.189801023202865897e-02 -3.704952541820487853e-03 1.865323478156100806e-02 -2.530457176918866121e-03 3.356476491043628579e-02 1.841284248377362751e-02 4.708130789432227875e-02 1.115502740712204580e-02 7.012788046514679963e-02 -2.344716453309274393e-03 7.526881163916041007e-02 3.096373555084375520e-02 -2.661785863972035079e-02 3.324815615566474591e-02 8.842749392407012188e-02 1.011165026096477564e-02 8.542756022751108597e-03 1.732217834875682261e-02 1.388833911695496748e-01 -5.039848399536095425e-02 6.195794061520511903e-02 5.127823974567255125e-03 9.475837328298321663e-03 -1.043792762292345550e-03 -1.319870310995726465e-03 1.977922212292495749e-02 -9.157506532174372604e-02 2.226258362110213440e+00 1.410060956573883084e-01 2.004366654709705653e+00 1.219465897098829937e-01 3.082918448083132645e+00 1.215355745666777121e-01 -7.479228852857595644e-01 5.567987464405724229e-02 8.653642689625358139e-03 5.311350236594298418e-02 1.596981597034419567e-02 -2.477184456798564582e-02 -2.072924802047666770e-02 5.158782454214050350e-02 -1.861261638343323921e-01 -3.485800587948841359e-03 -2.838203921237981708e-01 -3.464305064415525159e-02 9.293504147943075500e-02 4.422467465113481822e-03 -5.484460414071364032e-02 3.872448305194398088e-03 1.024747640487537990e-02 1.670061059751424756e-02 -1.114681612247810788e-02 4.597470497173165686e-03 -6.923247701824987443e-03 9.779527867527629259e-03 2.200176818992558014e-02 3.542039279131113660e-02 -5.995960075030145470e-02 9.491471992617227585e-03 1.764436170389900409e-03 3.234654836467482780e-02 -9.122022417122244327e-04 8.721648664005429014e-03 1.804797709907414796e-02 6.959168356412786388e-03 1.443421565406762253e-01 2.092132910873804874e-02 4.487525909653488493e-02 2.325502385105072956e-02 -2.164570683789306810e-02 6.094390516459362306e-02 3.940131936849084610e-02 1.080065065371286007e-02
0.000000000000000000e+00 0.000000000000000000e+00 0.000000000000000000e+00 0.000000000000000000e+00 0.000000000000000000e+00 0.000000000000000000e+00 7.030601109307498637e-05 -1.564360442091580674e-04 1.542582747874370801e-04 -4.858882487688215355e-04 1.040235293571152445e-03 -3.407241830155475267e-04 -3.199134602088416954e-04 -3.078238004124915321e-04 9.608616078781008572e-04 4.006679154146026317e-04 -3.707106777926617381e-04 2.060552875992623274e-03 2.445536586067454006e-03 3.039542615878631625e-03 7.194740551852888506e-04 -3.546308328844946685e-03 -1.675079445215746756e-04 2.116161606537286625e-03 1.436058221553073127e-04 5.048955109250524362e-03 7.353920861367932611e-03 2.608637388501972910e-04 -2.251095430191549750e-03 -3.031138831442253649e-03 1.108773968229676953e-03 -1.059997113032367126e-03 -5.935839293358544317e-04 -2.563022418477375018e-04 -4.255265782995500297e-03 1.456553871536271508e-03 -5.148742402076751656e-05 5.588475453388195777e-03 7.560100349622003377e-03 2.066832243969959904e-03 4.871550254796398055e-03 -1.922086977906888429e-03 5.313251800919781623e-03 -5.157544462991329537e-04 2.635436543333880607e-03 -3.298033273453762827e-05 0.000000000000000000e+00 0.000000000000000000e+00 5.590543143361472768e-03 1.847561933342990736e-03 2.816838848157419625e-03 -9.206199140127201488e-03 7.638607548278266920e-03 -1.831010410032027358e-02 1.625028676086702831e-03 -6.944735010990449320e-02 1.316579016510200989e-03 2.790205913761877390e-03 -7.474642608775049560e-03 -1.330254013085510612e-02 -9.105324063542970942e-03 -1.589135907975391948e-02 9.191249507189379331e-04 -3.067831579102903855e-02 -3.046227612781592098e-02 -2.424454950933251779e-02 7.881561672545325456e-03 -4.789669741395501806e-02 -2.778465118786473467e-02 3.016799228858621854e-02 -7.922826517093951859e-03 -2.027033237538973520e-02 -1.632465041065259484e-02 -5.937733218924607335e-03 -1.260600471271203227e-02 -5.039848399536839274e-02 6.741148185662332315e-02 -1.493463239663563036e-02 1.398112394244015698e-02 -7.886323665489121046e-03 -2.166477714588055381e-03 -4.032596785647649638e-03 -6.146200436167494584e-03 3.503422030417227551e-02 -6.109086474182543469e-01 -6.067667903684501735e-02 -6.033601927944096666e-01 -4.897909817360544815e-02 -8.435329878866563158e-01 -5.093789798121321766e-02 2.498373040793115674e-01 -7.455002856163746305e-03 -1.612651842618860638e-03 -2.792807843718978986e-02 -7.444883132626342430e-03 4.442007391583275427e-02 2.027357038292088715e-02 -2.665980131913685269e-02 1.729963529801020472e-01 4.971387056904282356e-03 2.145756212358465864e-01 1.440060549483184599e-02 -4.493244007495292985e-02 8.334380176244136212e-03 1.551346658262598224e-02 -1.641482019475420245e-02 -9.356296799676267970e-04 2.148094805842022323e-02 1.376038124075937633e-02 -2.568418845414714019e-02 -9.268644760067092092e-03 -4.077962140591082085e-02 1.508276348365232902e-02 -6.102375785602918296e-02 2.514787111997291574e-02 -2.099924781282474021e-02 2.524328217712513110e-03 -2.225666340021091594e-02 4.028791773280536274e-03 1.913219835223979029e-03 -1.334190229489893090e-02 -7.009423569853713565e-03 -5.012207113259822822e-02 -5.423983957605029403e-03 -2.305656156359973952e-02 -8.827679300907172177e-03 7.748890061139591251e-05 -4.777452941247314899e-02 -3.278975158011515623e-02 4.296586409706391885e-03
0.000000000000000000e+00 0.000000000000000000e+00 0.000000000000000000e+00 0.000000000000000000e+00 0.000000000000000000e+00 0.000000000000000000e+00 7.256447738896698021e-04 -6.964329874059292397e-04 -8.523328471164071021e-04 -5.079299329980067152e-05 -2.994266168040811069e-03 -2.764886108367689208e-03 1.431991557477251074e-03 3.424322512209184832e-03 -1.251287303974160095e-03 -9.338833367592770836e-04 -3.648679412623616856e-03 5.516404530624989186e-03 4.181770907436330523e-03 3.223896508103872311e-03 3.481311212849761642e-03 -1.082789724798910100e-02 2.271278575276571877e-03 2.920361325290207755e-03 4.126779179920063239e-04 1.518012183226407491e-02 -5.437586045313674149e-03 -1.537153212327428296e-03 -1.734964507026866536e-03 -3.698155369541178752e-03 2.717517839154763495e-03 -6.446596207120341461e-03 -1.672484291586389706e-03 -6.387953319826895470e-04 -1.151568587058691279e-02 4.097952035851692466e-03 -2.574874056304779740e-04 1.479497037786084435e-02 1.534586530432656935e-02 4.210582635651507165e-03 9.211028715486364177e-03 4.789052128313266501e-03 -3.234764786171612835e-03 -2.052716060885010144e-03 2.502319157002986811e-03 1.278449035433509937e-03 0.000000000000000000e+00 0.000000000000000000e+00 7.165541063933162681e-03 1.623747717213911909e-02 3.827947270297036870e-04 8.234341516872866612e-03 2.109475921745549917e-02 1.926654121972193323e-02 6.986623382119510478e-03 1.071553860506786748e-01 -7.431242212900643525e-03 1.558095396227209342e-02 -1.068018601897974956e-02 8.303024712933220267e-03 -7.367305146079095209e-03 2.243362232441518944e-02 9.225045518304639952e-03 6.150111200095067024e-03 -1.287995905522000550e-02 7.536534086499936669e-02 7.622420318626738252e-03 6.724782912711349536e-02 -4.497679124314330618e-03 -2.753339564275881363e-02 3.351755184748297228e-02 6.332339815276778749e-02 -3.810410823468998471e-04 -1.069863485565526696e-03 9.475525506235387210e-03 6.195794061519151880e-02 -1.493463239662561233e-02 1.003775062596621998e-01 1.437111537872069744e-02 6.690668529193420297e-03 -1.005891015866559662e-03 -4.456528629604887722e-03 1.421405467931170265e-02 -7.186667165235399723e-02 1.600142972585666623e+00 1.128821798214142552e-01 1.482279246718559929e+00 9.891959261621743882e-02 2.294630053647138013e+00 9.660608077861855547e-02 -5.145469313146352475e-01 7.784673066041701561e-02 7.003126428376725728e-03 3.597481399437837263e-02 1.429442542828997763e-02 9.444559906694072193e-03 -3.155162186542318902e-03 3.990710529205912516e-02 -2.297425881822849278e-02 4.164306543524738669e-04 -1.005610856179492141e-01 -3.175235663466816072e-02 6.670909661414292646e-02 1.030602675626823145e-02 -4.719368028084716671e-02 -1.597041380686518505e-02 5.649434911344604002e-03 4.929493779275156973e-02 2.283105761323268521e-02 -1.888524538947489867e-02 1.676438091654516155e-02 -3.460019760081844281e-02 4.680018025846428842e-02 -1.854224484427269976e-02 -1.331471403307224813e-02 -1.346967059769387659e-02 3.127694397022462956e-03 2.221460359084009156e-02 6.353207512974398674e-03 1.078457355422752367e-02 1.022937500462969135e-02 2.895190611991298527e-03 1.204174162095828365e-01 2.147002581384684430e-02 3.349401117647092530e-02 1.786636170459952877e-02 -1.288845579161439214e-02 4.849696398159074329e-02 1.200792853596369461e-02 1.728177928621216566e-02
0.000000000000000000e+00 0.000000000000000000e+00 0.000000000000000000e+00 0.000000000000000000e+00 0.000000000000000000e+00 0.000000000000000000e+00 -2.493471323548473678e-05 -6.162096099640316984e-04 -1.871666662790584588e-04 -6.447038148217079873e-04 4.897860801906663876e-03 -3.470378057125931680e-03 -3.319876003391469214e-03 1.001428013454454952e-03 1.134163275486972308e-03 1.293886597480831038e-03 -2.014279069125283952e-03 8.017413373463445209e-03 6.330511854114854835e-03 3.417353543264553279e-03 1.333381636358712272e-03 -1.171862909710607095e-02 1.006502249342001114e-04 6.933938713454085474e-03 7.586606432726842285e-04 1.998823602715547529e-02 7.160925483960308736e-03 4.126876690777132786e-04 -4.208827043096911510e-03 -6.828279251712154191e-03 -2.075372491119419245e-03 -9.176414384515434175e-03 -2.495308769750786450e-03 4.845771035346697377e-03 -1.798692520962262911e-02 6.073353195474469595e-04 -8.682470944151450239e-04 1.976303123874931233e-02 3.101629410442656443e-02 3.765502498872103890e-04 1.277765902558724090e-02 -1.929018250966366838e-02 1.030943120588011588e-02 -6.001385217551248423e-04 5.843093796214423978e-03 -5.301296400803082610e-04 0.000000000000000000e+00 0.000000000000000000e+00 2.999846984069492323e-02 1.360316199408417165e-02 5.643866421015597545e-02 -6.719665233481456924e-03 1.480019400233038573e-01 -1.067771069766200107e-02 3.733698590738533749e-03 1.129072649927453931e-02 8.441266242628782737e-03 -8.843773613580004815e-04 -1.071000736286361471e-01 -1.507276276083145856e-02 3.911843126031801926e-02 -2.315130657343505635e-02 -4.503367870271556515e-03 5.161323952815779180e-03 -1.073256805847539429e-02 -3.937301094202920676e-04 3.703427662543325172e-02 1.861705729321951096e-03 -5.520040950555425707e-02 -8.199874640223458674e-03 2.300157596079302827e-02 -2.975135763458950158e-02 4.323739252894020363e-02 -2.860496143018690512e-02 -4.169511904999486686e-03 5.127823974556753109e-03 1.398112394244108506e-02 1.437111537872180766e-02 1.494644125543454216e-01 -9.298004740998754014e-03 -3.111715840383028498e-03 -1.108076318512843557e-02 -5.267826567480923122e-03 2.208594898583473784e-02 -3.301299574945929655e-02 -4.452557787966129194e-02 1.087311255784603886e-01 -4.983278776907451579e-02 -2.723299951047124245e-02 -3.836180146664576462e-02 8.829142532426244305e-02 4.188562608344047200e-02 3.592352053783826049e-02 -1.839683180741112645e-02 1.748517164740679558e-02 2.530939694072308760e-02 2.478004681287741817e-02 -6.077315125638408505e-02 2.265067766861198970e-02 2.451336014626210105e-02 7.627846758701537118e-03 3.874404080270420214e-02 -5.941441938577646242e-02 6.977089092858182462e-02 -1.793053354727570936e-02 2.080049884549011255e-02 2.989214046522143536e-02 1.152695737676740807e-02 -5.984231126142315615e-02 -1.601856126107560271e-02 -2.478091663637110517e-02 -2.721942341129383880e-02 -6.220896389327217058e-02 -1.368675573547367859e-02 -2.832460137517570087e-02 3.082040108326738938e-03 4.108732895438636790e-02 -2.941947401362020320e-02 -5.494999947166655414e-03 1.130387965608860637e-02 -4.994914763839265748e-02 1.804869461071851450e-02 -3.709454943891053735e-02 -3.374234340467961030e-02 -1.583182781826572225e-02 -4.147585447998491937e-02 4.880416850342829405e-03 -1.654636105452373177e-02 -1.635084506249467537e-02 -3.655594722092998100e-02
0.000000000000000000e+00 0.000000000000000000e+00 0.000000000000000000e+00 0.000000000000000000e+00 0.000000000000000000e+00 0.000000000000000000e+00 -4.272511119300436496e-04 3.457462457128596925e-04 2.419474686625559812e-04 4.879359234549687395e-04 -7.457001858651651294e-04 2.006220918753076187e-03 -4.403862272826345207e-04 -2.508031299273169156e-03 -6.767526285313318814e-04 3.868934239618720353e-04 1.862546384810636127e-03 -4.769133535640826017e-03 -4.471900786954188453e-03 -4.115838440415295514e-03 -2.596079984980957309e-03 8.337622417136744679e-03 -1.000199843195239552e-03 -2.811915809112635733e-03 -3.386621549727973353e-04 -1.590702550031101309e-02 -6.036715406191703326e-03 8.445525267917105552e-04 2.729839282989227501e-03 3.298205082889713990e-03 -1.877127165128642883e-03 5.058183342553180216e-03 1.179566246031148527e-03 7.872187315230626216e-04 9.087117440509962299e-03 -4.435457811988821955e-03 1.850284144127645799e-04 -1.443544546294231110e-02 -1.244908962694060879e-02 -4.777969981552264780e-03 -9.169383691007984907e-03 -9.474306296201962310e-04 -4.703989587424567756e-03 1.583602866891511193e-03 -3.381144141128535931e-03 -1.510647035453125406e-03 0.000000000000000000e+00 0.000000000000000000e+00 -1.503109302952854946e-03 1.692733361367555756e-02 3.181825709466900264e-03 2.706208278530903427e-02 -2.975249987404298638e-03 3.722578695157195000e-02 -1.948347770136022025e-03 1.445161842659022783e-02 2.100528130351197119e-04 2.078830271844134270e-03 8.099342638472815893e-04 4.578783420720842351e-02 1.114116903901598600e-03 3.535878907468378157e-02 9.607276189610870071e-05 7.767274476452851358e-03 6.553747585715002932e-03 8.884580192114608505e-03 -1.925949490733620990e-03 4.408878202964477272e-02 4.822468432063520272e-03 -4.131878554125862670e-03 3.691107872198548089e-04 6.465172442584231349e-03 1.526355915586603135e-03 3.495663006644665616e-02 -2.652248865670635714e-04 9.475837328287989650e-03 -7.886323665483653197e-03 6.690668529183360635e-03 -9.298004740997380113e-03 3.007586042657815761e-02 2.189031535384641704e-03 4.618559216644637505e-03 5.969587516947720898e-03 1.520263688994066831e-01 6.365470136616058205e-01 -1.114380217230725029e-01 6.005299474364325096e-01 -1.013224965158141255e-01 9.040505738800488356e-01 -1.078801722788439582e-01 -2.443836728454187313e-01 -1.138990973177161636e-01 -4.445590035003035324e-03 4.475468702272527438e-02 -4.849678080075021762e-03 -3.595624934468497329e-03 -2.451661979095611388e-03 7.219874213358790094e-02 -2.557978433111509492e-02 -2.755296948250954281e-02 -2.464862545163977806e-02 -2.558744776774798946e-02 1.545536288513736124e-02 -3.603322619354449446e-02 -7.505846758764153984e-03 -2.776644630721123233e-02 -1.399908384328933490e-02 3.439419298307692940e-02 1.132788240650606099e-01 4.463497063703994201e-04 8.114825513387424749e-02 1.192200643024747889e-02 7.507901836971035692e-02 1.244463880270328324e-02 9.003336350588429793e-02 2.027513238176848788e-03 5.674171671798948653e-05 4.891104517892511799e-02 -6.485826648640342050e-03 -9.031170176144819040e-03 1.555505753624705605e-03 4.828595344040485099e-02 1.199925320761053606e-02 -1.064040651412616161e-02 -7.469888332423099513e-03 1.000973091410595900e-02 8.342100163022690695e-03 -4.040253867234662455e-02 3.071236803769657360e-03 -8.714218576830839308e-03
0.000000000000000000e+00 0.000000000000000000e+00 0.000000000000000000e+00 0.000000000000000000e+00 0.000000000000000000e+00 0.000000000000000000e+00 1.001489285070218156e-04 1.690185877431522161e-04 -2.009153016945623140e-04 1.477182097431717215e-04 -1.952361587190791763e-03 3.589838574536192853e-04 1.770474435178176010e-03 -2.188339699819780225e-04 -1.171361048523503461e-03 -7.025838062303818316e-04 3.973688132859023764e-04 -2.736549197613434743e-03 -2.138302456294005963e-03 -3.235682830202662400e-03 -3.636786886995133083e-04 4.107078748798248351e-03 2.081074838173717909e-04 -2.761231853092059076e-03 -5.595173935671003945e-04 -6.937748502172778713e-03 -8.082468313819540437e-03 -5.624279719412961101e-04 2.852815787478851957e-03 1.749237446721551735e-03 -1.691907728112343836e-04 1.227365292610492270e-03 7.156536915468177627e-04 -3.325150656305529370e-04 5.129523077197397328e-03 -1.659208513100507518e-03 7.906525349856124291e-04 -7.073233489899619954e-03 -8.450308677232466412e-03 -1.981342761293954612e-03 -5.382381399028953427e-03 3.118355079105438951e-03 -6.608705370977252698e-03 1.636104151170917026e-04 -3.384965301132904399e-03 -7.744803083141779242e-04 0.000000000000000000e+00 0.000000000000000000e+00 -3.224511826663588494e-03 2.348875119012705883e-04 3.618957783057810337e-03 2.141826250897359632e-03 -7.261431058539393867e-04 2.669078677049655998e-03 -1.100870514783542069e-03 -1.637143022449780074e-03 -7.440303929713600051e-04 1.667664377958120656e-03 1.099198532117013228e-03 4.002930906259494562e-03 1.673320057044884934e-04 1.669985375306752605e-03 1.035037071671691305e-03 -3.717809751957686960e-04 1.785150560604975740e-03 -1.158723246834817517e-04 -5.956175800773830459e-04 2.945661863223549524e-03 1.776186605867999778e-03 -2.032329932335952619e-03 -2.102185051548458548e-03 1.426988083497328754e-03 4.628116782353813071e-04 1.614986192902853959e-03 8.235506563498794360e-04 -1.043792762293900729e-03 -2.166477714588737995e-03 -1.005891015869205115e-03 -3.111715840381553983e-03 2.189031535383668958e-03 2.870019523054136157e-03 3.230743350024522717e-03 -1.534519426825281096e-03 1.819641442617456195e-02 -1.661789698243013591e-01 -1.644030049162053392e-02 -1.523661615428340554e-01 -1.482721536622073379e-02 -2.425854857912987106e-01 -1.558397532558378207e-02 6.157511135207714703e-02 -1.377294293529666112e-02 -4.458029330966055415e-04 4.007388950743531394e-03 -1.090589616983343203e-03 -1.686915892932232697e-03 1.575047691057790519e-04 8.222791852559805867e-03 1.356107029036354543e-03 -4.745017524656528103e-03 4.951298151348624416e-03 -3.520714490101465362e-03 -1.129698001980137352e-03 -6.183080946477580858e-03 8.045718074743792633e-04 -3.034522829829811204e-03 -1.976022280038249122e-03 4.394934470391929915e-03 1.455126982300498570e-02 -2.674678657766275253e-03 7.487305440288702721e-03 -8.718043997733690344e-04 7.699906610386268724e-03 -1.075055287242894508e-03 1.147595813992924318e-02 -3.076561179504419801e-03 -1.518244164114234112e-04 5.143662658240163998e-03 -1.059200139924164645e-03 -2.226452464992246822e-03 -2.015158992548733707e-03 7.063823236033104844e-03 -1.353696012820253085e-02 -4.876190495504260751e-03 -6.244501099981513911e-03 -2.271357534000810908e-03 1.735026184511575913e-03 -6.496245841912450664e-03 -1.702865503828154348e-03 -4.826786849876317335e-03
0.000000000000000000e+00 0.000000000000000000e+00 0.000000000000000000e+00 0.000000000000000000e+00 0.000000000000000000e+00 0.000000000000000000e+00 -5.423843449356360738e-04 1.005816423282423740e-03 4.287715794198409831e-04 -3.856731292431042342e-04 6.487487337422417595e-04 1.808682515535844958e-03 -1.044618579485508006e-04 2.316837454265082558e-03 -9.732193775556123106e-05 -1.778710204142243878e-03 3.311884276549475342e-03 -6.956211739911194285e-03 -6.923427469819182049e-03 -9.678338279770168709e-03 -2.061072044125040158e-03 9.565412865825191624e-03 -2.519331155194747332e-03 -7.645800694470893458e-03 -3.526332413685041595e-04 -2.171541803464942591e-02 -4.304333952649489273e-03 -8.836121891739282409e-04 4.453341833322969207e-03 1.390744762514856299e-02 -2.327686927499808978e-03 5.112370731137375231e-03 2.112196580068557202e-03 -6.930623728634605248e-04 1.534940399953975930e-02 -3.851476890302159631e-03 -2.364684410339367880e-05 -1.207264240112884864e-02 -2.293568450416580418e-02 -4.217995026628140222e-03 -1.468964416250466767e-02 8.633988161324596469e-03 -5.079363302765895621e-03 9.971921271777126321e-04 -5.856429442497387491e-03 3.765274073010655125e-03 0.000000000000000000e+00 0.000000000000000000e+00 -6.666377867586640790e-03 -4.798757175144615673e-03 2.709202294204156661e-03 1.192859363998511647e-02 -6.518270004813995176e-03 5.419835711321507356e-03 -2.215418879431302768e-03 -1.418344235722130732e-02 -3.403621298295269465e-03 1.483300088579443156e-03 7.574846830326890240e-03 9.311015828979148090e-03 -1.158769341043403619e-03 5.057483525713804724e-03 2.469027396778901342e-03 -4.100699242059104715e-04 4.270105168935732325e-03 -5.011334855344477639e-03 -2.316080266215913338e-03 1.024294637586060930e-02 4.530180220257216950e-03 -5.784132693240726097e-03 -4.089505099144362214e-03 -1.808262757207166910e-03 -5.897619166311163404e-04 4.499332239156274629e-03 2.042705813838617719e-03 -1.319870310999602270e-03 -4.032596785646291350e-03 -4.456528629611002622e-03 -1.108076318512403111e-02 4.618559216643992188e-03 3.230743350025011475e-03 1.751788318116217352e-02 -9.179753054883758260e-04 5.486948465307262685e-02 -1.272387633259046413e-01 -5.111649756504552111e-02 -1.233404080230095234e-01 -4.589922207435721130e-02 -1.954308879185706893e-01 -4.603312221873905735e-02 5.997974838336478376e-02 -5.275710885051226873e-02 -1.959955643547851931e-03 7.088742112090347727e-03 -2.491577881975575934e-03 6.953229974195284345e-04 2.645823042321521559e-03 1.867249547924049180e-02 3.431531369328963410e-02 -1.060791448511306731e-02 4.896073426185997002e-02 -9.078357936526008226e-03 -9.540819991940032579e-03 -1.653301024923920642e-02 1.325901017488067581e-02 -3.649414599049766519e-03 -6.520967877428019907e-03 9.020428626181027643e-03 3.523012366064596362e-02 -6.811483942886140813e-03 2.040810419689700200e-02 -2.248792570511323839e-03 1.526599994294790610e-02 -1.079804285414730008e-03 3.062247718327254509e-02 -8.763901995865231581e-03 -1.170278918665012624e-03 1.302974676095265162e-02 -6.210842057111775651e-03 -6.112955034708491935e-03 1.343802395939171484e-03 2.011613525504388211e-02 -1.185421231616547513e-02 -1.588771622218166160e-02 -5.719584622392407357e-03 -1.146909239250746768e-02 2.731459727115459306e-03 -3.055322945880635868e-02 3.987588010342771154e-03 -1.276052686229887066e-02
0.000000000000000000e+00 0.000000000000000000e+00 0.000000000000000000e+00 0.000000000000000000e+00 0.000000000000000000e+00 0.000000000000000000e+00 2.480854664589451534e-05 -1.378698129778408539e-04 5.017643100899897395e-05 -9.458502966871823415e-04 1.594326353304180476e-03 -1.131009546672230581e-03 -6.679031637074349425e-04 1.976021473877388399e-03 7.551209139957176190e-04 -2.093149413936723751e-04 -9.367915189906556505e-04 2.788759146942985153e-03 2.194735526081148438e-03 1.827460638163320300e-03 1.455524441134141075e-03 -5.446309489164268859e-03 3.013443116648078330e-04 1.767728382487417918e-03 5.301722577610747241e-04 6.687171661675678225e-03 5.457487097575179288e-03 -4.177240850034837582e-04 -1.670351331514599667e-03 -1.916639960812907572e-04 2.769916517574891020e-04 -2.647980558657959602e-03 -7.252487298783393595e-04 1.019748069139581059e-04 -5.315181913010637131e-03 1.826250001963758982e-03 -7.838750366133643167e-04 1.029534974364301400e-02 8.634756423197222433e-03 2.326204781660891514e-03 4.801977620338598006e-03 3.583044961074854863e-04 4.538876600618925970e-03 -7.944506535982694042e-04 2.109936040205485832e-03 1.697405493151382281e-03 0.000000000000000000e+00 0.000000000000000000e+00 5.616644203770522654e-03 2.961956172382891345e-03 -4.526680553900252861e-03 1.013121706428799992e-02 -8.006016380562233983e-03 1.242863919891544142e-02 3.024870915806087031e-03 3.829179385806578961e-02 -7.533782042013319191e-04 -2.860760994826336821e-04 -7.924345765359461094e-04 9.919982987513172729e-03 -1.475463208901419809e-03 1.460296799061192030e-02 3.459663720657277751e-03 1.051704585343798612e-02 -1.150086011784704973e-03 1.649414980799931638e-02 -2.276797164658682685e-04 1.476507878891053158e-02 9.952060376384784871e-03 3.346200830977695204e-03 9.666385298573618515e-03 3.547219278296025874e-02 -1.815481417431452117e-03 1.316442393418390533e-02 5.577541184445826764e-03 1.977922212291759185e-02 -6.146200436157647426e-03 1.421405467931182234e-02 -5.267826567471546942e-03 5.969587516951691680e-03 -1.534519426823470478e-03 -9.179753054848736361e-04 2.371438662333029759e-02 7.248714754586983722e-02 2.600765806348797060e+00 -4.867636760415573055e-02 2.350266433949515843e+00 -4.857233621942248780e-02 3.670126841529841588e+00 -4.972285450395379225e-02 -9.248998064805151742e-01 -5.238280264811368686e-02 -8.976985857611158781e-04 2.122389461709942374e-02 6.406420082773511479e-03 -5.586518133846498507e-03 -5.669393206353464700e-03 4.028247438359334326e-02 -4.485637089610820805e-02 -2.148881954323743002e-02 -6.729477139118084095e-02 -3.369098285434044687e-02 3.362721232113030645e-02 -2.112045608178630962e-02 -1.780284671929460369e-02 -3.343337053454354529e-02 -1.353286621998660288e-02 1.891696328254825754e-02 1.104878414398468567e-01 -3.883534400813368724e-03 1.118933874162277159e-01 -7.289546235030328579e-03 8.584022050220403710e-02 4.162333212706014092e-03 9.113089205916907742e-02 -3.693687367565663422e-03 -1.842211754816794420e-03 1.156638377655794941e-02 1.688559787094941807e-03 4.842465131912933492e-03 7.974775611129631195e-03 1.644940562542172163e-02 4.382471811632762670e-02 -2.675470834621017369e-03 2.278333190095420055e-02 4.444356854052845807e-04 4.292894934592073226e-03 -2.605109640948891775e-02 7.467365569879661803e-03 -5.158007295029778429e-05
0.000000000000000000e+00 0.000000000000000000e+00 0.000000000000000000e+00 0.000000000000000000e+00 0.000000000000000000e+00 0.000000000000000000e+00 -3.085782943321122625e-03 3.682435030879136449e-03 1.549412095949826654e-03 4.107469728944860947e-03 -6.213248452327888027e-03 1.482472137476977328e-02 -5.341102018793363049e-03 -1.380246183511725164e-02 -6.138144078074420085e-03 -2.264125946827887439e-04 1.619706216459224773e-02 -4.180797916403693193e-02 -3.872214048506635031e-02 -3.715195243935903724e-02 -2.119735553167104158e-02 6.910508801999437622e-02 -1.220132040942360080e-02 -3.025769911855524796e-02 -2.540422674876374916e-03 -1.297271977431379841e-01 -5.524043239679087003e-02 4.079271301245889977e-03 2.365838397093524004e-02 4.386383330323552487e-02 -1.578023345554774998e-02 3.685520907083555259e-02 9.718891116936119109e-03 6.167393843998650663e-03 7.489409151000629705e-02 -3.609181039149298581e-02 4.114703988441567248e-03 -1.032287285041972313e-01 -1.087250522761775279e-01 -3.956175794129004886e-02 -8.175839114534015628e-02 -7.389000864555045345e-03 -4.358330951204551079e-02 1.180943352147263530e-02 -3.036473278970228118e-02 -4.343839816863392413e-03 0.000000000000000000e+00 0.000000000000000000e+00 7.200193984461478180e-03 5.930670416693902686e-02 6.696976098596990612e-02 1.544017449002181575e-01 4.698439056957125909e-02 1.679436447010005939e-01 -1.723899102863807667e-02 -2.577496512529677819e-01 3.238034901066474264e-02 -1.315694136562765675e-02 -7.904711319164756111e-02 2.800170767404293604e-01 6.411491844667710494e-02 1.304140412002106064e-01 -2.522637184724136478e-02 1.474254936140916017e-02 1.103208439681520846e-02 -1.288218221617818127e-01 1.853965736523553384e-02 6.592602699791656751e-02 -7.595597327915470931e-02 8.477963196285399905e-02 -5.593652804385578631e-02 -5.702330677602024389e-02 5.439032364759253946e-02 1.390428715727976272e-01 -2.866211926077026281e-02 -9.157506532185438752e-02 3.503422030424742373e-02 -7.186667165245380628e-02 2.208594898589249719e-02 1.520263688993480911e-01 1.819641442617899590e-02 5.486948465304445494e-02 7.248714754576035535e-02 3.466376691477177197e+00 8.331231687746726067e+00 -3.333838571996543987e+00 7.872366834492974697e+00 -3.201714837977327033e+00 1.143571609589743687e+01 -3.190059096717827281e+00 -3.099649159453974345e+00 -2.930365774518906452e+00 -3.022305357880467058e-02 1.915929571622217442e-01 -6.886296313399239977e-02 -2.530080579037684296e-02 9.632895596381418901e-02 4.246442318828114737e-01 6.504682051414691912e-01 -2.995201282179914548e-01 1.098546368303309650e+00 -1.472903858160238832e-01 -3.784995153292586290e-01 -3.940273554557177649e-01 1.641482548372822647e-01 -3.038664679187860762e-01 -1.630496025133964244e-01 3.665829860722680800e-01 1.223615809247458719e+00 -1.776601676371778460e-01 1.000899322266763258e+00 -1.468194110628180948e-01 6.748516863459935733e-01 -1.464268747925916991e-01 1.252375150104079404e+00 -1.656360016210029484e-01 2.981985438848347436e-02 2.207374219384943825e-01 -5.609575386891624271e-02 -6.504310282293729317e-02 -1.590106257146731705e-01 3.967681030597441372e-01 -7.486099813588795726e-01 -2.330847252951874227e-01 -3.081468404458665988e-01 -8.672520299701828861e-02 1.889532853503706755e-01 -9.600151309556044232e-01 -2.322285201724473835e-01 -1.592136237761514750e-01
0.000000000000000000e+00 0.000000000000000000e+00 0.000000000000000000e+00 0.000000000000000000e+00 0.000000000000000000e+00 0.000000000000000000e+00 1.702736694694592483e-03 -1.669998938883520551e-02 5.265372234127011983e-03 -1.056725921486662140e-01 1.910150884799089455e-01 -1.334139950323383061e-01 -8.151450532126278126e-02 2.143246214120624049e-01 8.422680148253670895e-02 -1.965948050975642458e-02 -1.024926435580915118e-01 3.164428958018213334e-01 2.501584805433354486e-01 1.964776165062510072e-01 1.567578144922182060e-01 -6.081392859902368109e-01 3.098292888157453892e-02 2.069383370311338455e-01 5.702936491567959371e-02 7.616812844163383112e-01 5.984429934742033774e-01 -4.452875457622049171e-02 -1.843166972224053457e-01 -3.839138352343338112e-02 1.540053143893717162e-02 -3.104656736612422252e-01 -8.424870826218627817e-02 2.951504373771082074e-02 -6.231256443855103244e-01 1.879362515493906149e-01 -8.411848580621351934e-02 1.140722235566358211e+00 1.013181171164647898e+00 2.405844783665861408e-01 5.419250000705526649e-01 -3.503877207315339581e-02 5.155586294547020998e-01 -8.625824545483046224e-02 2.364262203113358107e-01 1.766004509316280169e-01 0.000000000000000000e+00 0.000000000000000000e+00 7.356310780986243802e-01 3.803379210064790072e-01 -2.592090925743627539e-01 1.107204612247907560e+00 -2.782552375077846363e-01 1.342313706555837705e+00 3.337977872794528622e-01 4.212684036077861016e+00 -4.294222044487181617e-02 -1.944581733972432225e-02 -4.502230341491699761e-01 1.082328608805186665e+00 -1.243982561697466391e-02 1.489092626538334407e+00 3.934789654741603360e-01 1.228250561368740890e+00 -1.742723355878043057e-01 1.779105115553252681e+00 1.131419933842700287e-01 1.609523591295318079e+00 9.160703940278523971e-01 3.455819010695411198e-01 1.143391812927307294e+00 3.858147661706872178e+00 -3.081549354936605895e-02 1.313719333936991474e+00 6.214932268056403419e-01 2.226258362109104105e+00 -6.109086474171050440e-01 1.600142972585468337e+00 -3.301299574848323010e-02 6.365470136621085295e-01 -1.661789698240832558e-01 -1.272387633254862538e-01 2.600765806348773967e+00 8.331231687761196270e+00 2.885552327595601128e+02 -5.895957098645218331e+00 2.598567895440792199e+02 -5.788690931689275843e+00 4.050100506011730204e+02 -5.929013373372421292e+00 -1.021254122847041259e+02 -5.924643447826742459e+00 2.911429183044185465e-02 2.272860414956412889e+00 7.223964480391177334e-01 -5.267230612314505178e-01 -5.259105393992332678e-01 4.303706387059051508e+00 -4.867281182168623488e+00 -2.396999514839114997e+00 -7.312426582119112339e+00 -3.605722089651682616e+00 3.357118563114461551e+00 -2.147828526351601042e+00 -2.011280610438692218e+00 -3.635873557792979938e+00 -1.429111458242544153e+00 2.041399467464685369e+00 1.240711494232748890e+01 -4.518145517569082115e-01 1.243143417719424093e+01 -7.954820253023953125e-01 9.307748149870835874e+00 5.064963278775970190e-01 1.027159488274480381e+01 -3.357942577240644044e-01 -4.057845159387005879e-02 1.186592842057283548e+00 1.427145216453482579e-01 5.452921597096745954e-01 6.538347809573374914e-01 1.982718313625802642e+00 4.571331565156885546e+00 -5.340227066337586148e-01 2.333068585342864321e+00 -1.559405268313539539e-01 4.822522818377052989e-01 -2.988509822511464797e+00 7.294525637286691788e-01 -2.494811599570747607e-01
0.000000000000000000e+00 0.000000000000000000e+00 0.000000000000000000e+00 0.000000000000000000e+00 0.000000000000000000e+00 0.000000000000000000e+00 3.277307123619430801e-03 -3.515149103787175433e-03 -1.875696045014470063e-03 -4.322750285718538442e-03 4.649447892269190086e-03 -1.518737144230582550e-02 6.300633738815110581e-03 1.577423168111446311e-02 4.966282974746459578e-03 -5.354056891947690452e-04 -1.701818009832502254e-02 4.190029401973617562e-02 3.765700383624331904e-02 3.633406889668595180e-02 2.180964695510959755e-02 -7.079003427929791981e-02 1.307939684245808948e-02 2.830156277860963049e-02 2.700803769907385993e-03 1.245979806459207029e-01 4.789582943620868810e-02 -5.003572075246960106e-03 -2.197757292993599010e-02 -4.054290237603407759e-02 1.570844289814013819e-02 -3.815453735001185509e-02 -9.594117948702065787e-03 -6.299984177153352544e-03 -7.308613338422412231e-02 3.603295734278447182e-02 -4.977022631764670309e-03 1.063456582983497156e-01 1.056246943089798329e-01 3.985815341748186885e-02 7.856869561321389028e-02 1.576809332734644895e-02 3.776417719708081988e-02 -1.209716036465049299e-02 2.823581965765346175e-02 5.798218101154408582e-03 0.000000000000000000e+00 0.000000000000000000e+00 -6.446530230194561992e-03 -3.386659799883340316e-02 -6.979449520989616795e-02 -1.144061317086689372e-01 -6.535132695427044169e-02 -1.085250387329107918e-01 1.808481363444140386e-02 3.603940936091071245e-01 -3.647870258773549396e-02 2.278834676500735013e-02 8.239258500601701063e-02 -2.162355011243122516e-01 -6.680462746735581214e-02 -6.364159928869504712e-02 3.248862564243289869e-02 8.349774190213210545e-03 -3.608240190113895518e-03 1.823865495176236196e-01 -2.170668590089618044e-02 1.402363012683368465e-02 9.482372418276253934e-02 -8.856324325133826947e-02 7.037964728652548740e-02 1.217350674274545186e-01 -5.520380176266924399e-02 -7.662941239907264390e-02 3.609032564407277377e-02 1.410060956574835656e-01 -6.067667903689757947e-02 1.128821798215091377e-01 -4.452557787971669900e-02 -1.114380217229981873e-01 -1.644030049161913226e-02 -5.111649756500538655e-02 -4.867636760403874080e-02 -3.333838571996011524e+00 -5.895957098629701854e+00 3.326990500984900123e+00 -5.510451595966117111e+00 3.166649858753144642e+00 -7.726348451685717933e+00 3.146791620408030177e+00 2.178985642890771235e+00 2.804977227118580885e+00 2.442101140499113726e-02 -1.002555582479051771e-01 7.367722877173177309e-02 1.018513128698494974e-03 -1.137672005534551140e-01 -2.959961785584748206e-01 -7.921370781496506197e-01 2.645879470733970562e-01 -1.299527870897796422e+00 8.137517433707042169e-02 4.859153848891777372e-01 3.382754294837966857e-01 -2.151933269065078869e-01 2.385650799005236133e-01 1.475722509606129940e-01 -2.869165413245251539e-01 -1.056125579800769820e+00 1.646550269912692155e-01 -8.705878792842520753e-01 1.368983614785719838e-01 -5.147307570807303501e-01 1.377992868990628450e-01 -1.150486647032061605e+00 1.487275631642066276e-01 -3.503675755217300347e-02 -1.485630512943726389e-01 5.524696010681096059e-02 6.787915252266750465e-02 1.796692587219120285e-01 -3.474745236251663982e-01 8.648483518537952719e-01 2.507569421494862949e-01 3.420064593944788234e-01 1.301389407881196059e-01 -1.889286793239138285e-01 9.410697673387573570e-01 2.580570048608398781e-01 1.797543905582516255e-01
0.000000000000000000e+00 0.000000000000000000e+00 0.000000000000000000e+00 0.000000000000000000e+00 0.000000000000000000e+00 0.000000000000000000e+00 2.704598783747158650e-03 -1.479539657559525434e-02 3.042730928336115446e-03 -9.335720949943447644e-02 1.654832223909129263e-01 -1.235282622884666531e-01 -7.363611226089866735e-02 1.970504161632237738e-01 7.209757133908428761e-02 -1.723786732562427801e-02 -1.021610051149791781e-01 2.976770760954189909e-01 2.347727092965621321e-01 1.857003239149431217e-01 1.481760111252158063e-01 -5.696208542540907027e-01 3.131493843789849574e-02 1.917047319624692048e-01 5.380284069264800600e-02 7.135258009498781639e-01 5.208817431904677608e-01 -4.073160177731587062e-02 -1.699084403589402603e-01 -3.948724961368226677e-02 1.779423296848032382e-02 -2.925491865904253364e-01 -8.014382739552827761e-02 3.373404807078186213e-02 -5.856007569611327845e-01 1.697813818094937310e-01 -7.674637806309561605e-02 1.075709602866433467e+00 9.556019458405390354e-01 2.179879961583335857e-01 5.061023327974224495e-01 -4.555738194272517666e-02 4.539236076066612835e-01 -7.891349150598353512e-02 2.175626593537236253e-01 1.611398710301228387e-01 0.000000000000000000e+00 0.000000000000000000e+00 6.617785438112671059e-01 3.918390112994586394e-01 -1.530184002442639690e-01 1.023050042054294506e+00 -1.556037119836885252e-01 1.263258345884451517e+00 3.114592010710290348e-01 3.877485787255315230e+00 -2.774911098142673199e-02 -2.798968859883076837e-02 -5.383888734987573033e-01 1.022503170601452904e+00 4.929410744121842658e-02 1.406298076919467510e+00 3.214334702581215786e-01 1.089001199207653370e+00 -1.265230590686266809e-01 1.637520668176776661e+00 1.620679195727613431e-01 1.562636341876196155e+00 6.640893123128445152e-01 2.615095693887334316e-01 1.068939383381109609e+00 3.380764703694227435e+00 3.477055459369020329e-02 1.231567503983430178e+00 5.523556986496794829e-01 2.004366654708463091e+00 -6.033601927932399356e-01 1.482279246718230414e+00 1.087311255793887849e-01 6.005299474369353296e-01 -1.523661615426089022e-01 -1.233404080225783128e-01 2.350266433949384393e+00 7.872366834507714906e+00 2.598567895440672828e+02 -5.510451595981699313e+00 2.370811939313278458e+02 -5.501873435867317141e+00 3.678195713893559855e+02 -5.504029833415627238e+00 -9.218027065381868113e+01 -5.530017456201669290e+00 6.427930846682891608e-02 2.144697911090518883e+00 7.308787531711050667e-01 -6.317631803967895809e-01 -4.764785470858226568e-01 3.898271958361212874e+00 -4.648022034195124164e+00 -2.111165491603390176e+00 -6.895817402444397004e+00 -3.263148613334617920e+00 3.101797199627568613e+00 -1.949756148298687153e+00 -1.862651810304704059e+00 -3.302212366231868756e+00 -1.260342721845822744e+00 2.054449851344873235e+00 1.108950894686209132e+01 -5.076822610267568425e-01 1.143027126659210069e+01 -8.785574711879775567e-01 8.530829239576698697e+00 3.079234884555023810e-01 9.254201548109408648e+00 -4.146925355013159065e-01 -2.788920889060970965e-03 1.111750188279670759e+00 1.341317045281108233e-01 5.124805692579337268e-01 5.323321759420081012e-01 1.816005124414599159e+00 3.972685644181941367e+00 -4.368126190748472526e-01 2.144649852824603187e+00 -1.239520328310965563e-01 5.378240983280661025e-01 -2.701428763391257704e+00 6.308548212118503251e-01 -2.057197293252701620e-01
0.000000000000000000e+00 0.000000000000000000e+00 0.000000000000000000e+00 0.000000000000000000e+00 0.000000000000000000e+00 0.000000000000000000e+00 2.720141212375921675e-03 -3.066701338887747527e-03 -1.423226301821151063e-03 -3.530210720801111712e-03 4.972437091852226904e-03 -1.303591358279286572e-02 5.558300220520979475e-03 1.276255416498381368e-02 4.951753253256870047e-03 -3.171779351632863023e-04 -1.411949987424437718e-02 3.598110879631436637e-02 3.282491533669035233e-02 3.168332588255486082e-02 1.848327042569596068e-02 -6.031098504635223900e-02 1.113691923192059070e-02 2.519200461714219547e-02 2.079855590727061262e-03 1.092484958188466027e-01 4.573385053372786696e-02 -4.214341990986484633e-03 -1.961277275886258442e-02 -3.684520947933880158e-02 1.358942864734575748e-02 -3.247427371642754024e-02 -8.141470834045616903e-03 -5.903248829944069895e-03 -6.329082058697560464e-02 3.135804062880960530e-02 -4.203514153494000705e-03 8.697701062780155423e-02 9.073070010088901682e-02 3.467632246217279557e-02 6.932082043390240533e-02 9.893069457787711379e-03 3.539815181856016679e-02 -1.066994678770107237e-02 2.515885182625376623e-02 4.457163969823152438e-03 0.000000000000000000e+00 0.000000000000000000e+00 -6.258715226521240765e-03 -2.472691265933107604e-02 -6.626967688681449642e-02 -1.031628335911602135e-01 -6.606645541367575647e-02 -1.008169474611709387e-01 1.692086887568104714e-02 3.191823764448738499e-01 -3.289197865640020035e-02 2.487126423589858595e-02 8.938677686155739599e-02 -1.992376320834715886e-01 -7.050178014139825422e-02 -5.801852829968988379e-02 3.025693385291874232e-02 1.079586578143207354e-03 -7.023975769648601805e-03 1.622151460293207448e-01 -2.079664545018480859e-02 2.258716899103386383e-02 7.844106918856902366e-02 -8.975047826036849918e-02 6.618278359644574893e-02 1.041455024822298681e-01 -5.965013750237779799e-02 -6.849899443584361869e-02 3.233297737616930290e-02 1.219465897100161095e-01 -4.897909817368036045e-02 9.891959261632640721e-02 -4.983278776913619562e-02 -1.013224965157577401e-01 -1.482721536622302709e-02 -4.589922207432556300e-02 -4.857233621931004303e-02 -3.201714837977320816e+00 -5.788690931674476126e+00 3.166649858753654456e+00 -5.501873435852493444e+00 3.057801910018590696e+00 -7.755490795342071308e+00 3.022799885563408839e+00 2.164028911904020358e+00 2.735338941124776380e+00 2.010656667131764663e-02 -9.911623650847906086e-02 6.421561815409704277e-02 1.950642259527618494e-02 -1.038598237758744935e-01 -2.815548023742374673e-01 -7.009158402506910912e-01 2.494387727599405302e-01 -1.173144123064080446e+00 8.419717563062942278e-02 4.409859411408093566e-01 3.256941453815377363e-01 -1.963213998197047006e-01 2.360121352902119773e-01 1.362472581046168529e-01 -2.792936787273138100e-01 -9.951173847367131842e-01 1.615203148617543327e-01 -8.286810725946904821e-01 1.457447200933397746e-01 -4.952771125596059365e-01 1.446316332579279385e-01 -1.085972784656652479e+00 1.555628857758478423e-01 -3.400668879501937691e-02 -1.335109060688196014e-01 4.867221391589409557e-02 5.751404159949796702e-02 1.701272644265399703e-01 -3.187537072241913849e-01 8.154237941019959468e-01 2.288807113502084878e-01 3.085109158285782582e-01 1.209574340837406281e-01 -1.805935520109184234e-01 8.919717379612175367e-01 2.376510044113825937e-01 1.589501933060122885e-01
0.000000000000000000e+00 0.000000000000000000e+00 0.000000000000000000e+00 0.000000000000000000e+00 0.000000000000000000e+00 0.000000000000000000e+00 5.734386795184868643e-03 -2.392548963535944678e-02 3.865458633450041988e-03 -1.497176188176518874e-01 2.584704340683954271e-01 -1.976888630963805626e-01 -1.121323139756368881e-01 3.179466995504229287e-01 1.137617506990982741e-01 -2.985471226327312752e-02 -1.640756645270075587e-01 4.759118327046308883e-01 3.752215985962681355e-01 2.960742342742599398e-01 2.391883584598391010e-01 -9.137002384509413933e-01 5.266158334994211487e-02 3.029102098151700284e-01 8.583681558740312301e-02 1.146915013580481757e+00 8.278123737718849906e-01 -6.779527306182081547e-02 -2.714812070545369327e-01 -6.269950264971815845e-02 3.458947922011673670e-02 -4.697316713422401424e-01 -1.265744248661100357e-01 4.735146596836603550e-02 -9.227171559515543464e-01 2.794302379134635528e-01 -1.235840703715749000e-01 1.736631935324790543e+00 1.506449581314419861e+00 3.568512775254553127e-01 8.082604388804073281e-01 -3.767870596120422022e-02 7.165819709424152695e-01 -1.286987678435755067e-01 3.468952504425054650e-01 2.606169658393960864e-01 0.000000000000000000e+00 0.000000000000000000e+00 1.060282584388355875e+00 5.423224738539421663e-01 -3.545410850245139800e-01 1.555787608308424774e+00 -4.650858905441819791e-01 1.897171985201079103e+00 4.874444430933905226e-01 6.009985082027569980e+00 -8.227257930252458717e-02 -2.753880034986899011e-02 -7.143120915472492838e-01 1.501066084808634349e+00 -4.444818261470657311e-02 2.200325820271102462e+00 4.986664849652316933e-01 1.640142621400183520e+00 -2.713269616234258996e-01 2.581165678127846252e+00 1.926494150076901724e-01 2.237859842004607636e+00 1.158763618764852676e+00 6.072214747513561273e-01 1.620774745618896784e+00 5.269224869919371557e+00 -7.117307068091700828e-02 1.959491805751732763e+00 8.292704234602654711e-01 3.082918448081652496e+00 -8.435329878851193230e-01 2.294630053646932399e+00 -2.723299950892083335e-02 9.040505738806544622e-01 -2.425854857910006435e-01 -1.954308879180010339e-01 3.670126841529615103e+00 1.143571609591301730e+01 4.050100506011544326e+02 -7.726348451702897080e+00 3.678195713893570087e+02 -7.755490795358253919e+00 5.740017997721867005e+02 -7.838169821498855327e+00 -1.435909668608379661e+02 -7.933324245865297719e+00 5.956796564044528758e-02 3.273425850780775193e+00 1.113313622485199605e+00 -6.116250851251752163e-01 -7.152897685846537623e-01 6.014774548948464528e+00 -6.588334688733652023e+00 -3.194278051713772548e+00 -1.012006903852438988e+01 -5.081659504521115700e+00 4.998611000227837664e+00 -3.018420636825071224e+00 -2.898999026206075413e+00 -5.207575512033970178e+00 -1.923409708173952737e+00 3.243569791779240319e+00 1.682950810617552762e+01 -8.658965101508990792e-01 1.723050451359236490e+01 -1.502192202044800418e+00 1.335460804718198524e+01 2.793180217339218951e-01 1.391994418051283766e+01 -7.349732197048782778e-01 -6.394976699557386457e-02 1.689291706112471925e+00 2.324857032057546513e-01 8.271504519712066239e-01 9.653076125234604232e-01 2.669213909826542608e+00 6.623042154894904776e+00 -5.701686045870473230e-01 3.451602902884410184e+00 -5.521098925501193022e-02 7.677341988621527724e-01 -4.093354436575763700e+00 1.042294224812157610e+00 -1.894250128350869478e-01
0.000000000000000000e+00 0.000000000000000000e+00 0.000000000000000000e+00 0.000000000000000000e+00 0.000000000000000000e+00 0.000000000000000000e+00 2.648566489945153660e-03 -2.956132173385922143e-03 -1.395497564908392083e-03 -2.890649061967967993e-03 4.932569326257189163e-03 -1.262112960877420469e-02 4.773390812383733819e-03 1.294020899541847153e-02 4.971973048532043159e-03 1.922845823285257091e-04 -1.448688515375943023e-02 3.694630688124313223e-02 3.317422054410236465e-02 3.161947498216687025e-02 1.876467609674808620e-02 -6.122183685748948390e-02 1.078761054239359488e-02 2.541887283104298650e-02 2.534354495788867807e-03 1.097355716711702067e-01 4.599408579381794593e-02 -3.567617106556152280e-03 -2.024289941799253811e-02 -3.659918114174722653e-02 1.356540439000071194e-02 -3.215274521283635611e-02 -8.405111596228418899e-03 -4.848602609839852695e-03 -6.460073859338887059e-02 3.089393731065593479e-02 -3.858164105760782808e-03 9.118662053542733736e-02 9.370368633615416831e-02 3.459305963156880659e-02 7.036471913080347140e-02 6.604747312781451135e-03 3.614136431983527853e-02 -1.006471054732653581e-02 2.588833418802602079e-02 4.709113482573280829e-03 0.000000000000000000e+00 0.000000000000000000e+00 -9.584712214102206890e-03 -3.119180415136200632e-02 -6.148708383716251780e-02 -1.075448940983630558e-01 -6.189051446770324483e-02 -1.069173284902146387e-01 1.786490947475390112e-02 3.138593433656599041e-01 -3.283892717308259379e-02 2.069913517036040679e-02 7.937658465435507016e-02 -2.111570062227481892e-01 -6.589108893824255353e-02 -6.658159733788385215e-02 3.044476272138218337e-02 -1.175683780063774275e-03 -5.796870488587761369e-03 1.570503942589842328e-01 -2.123212934872727858e-02 1.228850854977751872e-02 9.178774154943528107e-02 -9.139280305254425529e-02 6.640985920457534442e-02 9.846151232294626798e-02 -5.514620237494914645e-02 -7.895470285753249107e-02 3.436311957171253595e-02 1.215355745667853343e-01 -5.093789798126487772e-02 9.660608077873164556e-02 -3.836180146669871532e-02 -1.078801722787805645e-01 -1.558397532558686294e-02 -4.603312221870406451e-02 -4.972285450383608085e-02 -3.190059096717525744e+00 -5.929013373357229000e+00 3.146791620408277979e+00 -5.504029833400238658e+00 3.022799885563147271e+00 -7.838169821482225075e+00 3.017480665657378491e+00 2.230732367198053900e+00 2.707724529567251626e+00 2.364052188042229524e-02 -1.114168328390624102e-01 6.832436302101294046e-02 9.428282815753863400e-03 -1.021916946544284277e-01 -3.035787318649944000e-01 -6.995249332926075647e-01 2.608365832870335743e-01 -1.164108547662290993e+00 9.181418364041983582e-02 4.402745307063684610e-01 3.350109493009952866e-01 -1.869228144312217177e-01 2.483198655398659027e-01 1.397749226379904064e-01 -2.903669685311291437e-01 -1.016202687067877086e+00 1.633731158802885775e-01 -8.334880379103887238e-01 1.421194097594309369e-01 -5.098444541010020981e-01 1.603491578444884991e-01 -1.098757506780932980e+00 1.526771701501675182e-01 -3.164319598314761089e-02 -1.444949412719253312e-01 4.810777365182189458e-02 5.797970233035108778e-02 1.652705225140707890e-01 -3.217573457650901858e-01 7.855591020202843389e-01 2.230060098348886632e-01 3.119185853968030608e-01 1.032571105406713818e-01 -1.635632200666081726e-01 8.514411080109856034e-01 2.401363141834927106e-01 1.528373904250966975e-01
0.000000000000000000e+00 0.000000000000000000e+00 0.000000000000000000e+00 0.000000000000000000e+00 0.000000000000000000e+00 0.000000000000000000e+00 5.691244241274483933e-04 6.041912332134113592e-03 -4.114326393790091428e-03 3.434318496399992732e-02 -8.262812828584642499e-02 4.582179400927767488e-02 2.889370773738696857e-02 -7.100329149279850649e-02 -3.711661138432663376e-02 3.501786978561579645e-03 3.191417772688366628e-02 -1.140918376901524228e-01 -9.316933424187134882e-02 -8.317946983181513654e-02 -5.444318833865967322e-02 2.120602080524887356e-01 -1.121707975332627248e-02 -7.946719562345488930e-02 -2.048798638994275834e-02 -2.786617204183052254e-01 -2.530937186636375014e-01 1.298947861658299001e-02 6.813030277756283726e-02 2.661968044193165073e-02 -2.241788129455435288e-03 1.086190358120447258e-01 2.941126257576541850e-02 -1.118166851958950735e-02 2.265799833631716165e-01 -6.987678093509988586e-02 2.785205912356719660e-02 -3.925328091930700980e-01 -3.622234639588660099e-01 -8.833068740906618865e-02 -1.989256675322447487e-01 1.883264899550740265e-02 -2.124698094453805752e-01 2.895664287329399733e-02 -8.728111143456615539e-02 -5.615499536534427488e-02 0.000000000000000000e+00 0.000000000000000000e+00 -2.478231839655948843e-01 -1.273392665243299193e-01 1.275296764804682292e-01 -3.737846712508790525e-01 1.759243827240553892e-01 -4.816916255185297313e-01 -1.135565381075022973e-01 -1.484703256415541794e+00 -3.037383025136221500e-03 5.151373606279587708e-02 1.315513448241537320e-01 -4.058193727699058173e-01 -2.438134937847024827e-02 -5.504791944731670661e-01 -1.259968605676527464e-01 -4.505704286933299718e-01 2.943589052729491534e-02 -5.804447719725861488e-01 -1.276974788297329313e-02 -5.134902569965533736e-01 -3.953256277997657664e-01 -1.473321453551451055e-01 -3.600991675981861651e-01 -1.387445008397450108e+00 -1.156479406446910864e-02 -4.971866053132990571e-01 -2.237358925712006619e-01 -7.479228852853170295e-01 2.498373040788998134e-01 -5.145469313144924728e-01 8.829142532395287124e-02 -2.443836728455807128e-01 6.157511135199929264e-02 5.997974838320994928e-02 -9.248998064804041519e-01 -3.099649159458419234e+00 -1.021254122846926151e+02 2.178985642895798325e+00 -9.218027065381134832e+01 2.164028911908621566e+00 -1.435909668608296670e+02 2.230732367202904687e+00 3.762755217605283065e+01 2.244201956968386646e+00 1.333342580330755360e-02 -8.108123459343328232e-01 -2.346076460753825643e-01 4.061655325815621276e-01 2.282078989479029707e-01 -1.612494538121581611e+00 2.116560226392443234e+00 9.392910441021412593e-01 2.880806829039676664e+00 1.359308954665581437e+00 -1.209473951083071652e+00 1.017526524152890577e+00 5.536443810811811916e-01 1.377970566662576779e+00 5.278066703136577997e-01 -6.711783428485720293e-01 -4.486821404264841995e+00 1.420239389732415314e-01 -4.551701410480016641e+00 2.229666420372154734e-01 -3.285319787986408002e+00 -1.837495056859554665e-01 -3.834582156142011478e+00 1.823417587634146853e-01 3.842446559833613551e-02 -4.095280718564991429e-01 -5.352373469221827218e-02 -1.913575284479982208e-01 -2.356166474948823419e-01 -6.708239183291149210e-01 -1.482885344205479683e+00 1.642527042053323616e-01 -8.146309619006847358e-01 1.946423358019976763e-02 -1.969048901950429531e-01 1.177237914173386635e+00 -2.719395161022311047e-01 1.076820647914955575e-02
0.000000000000000000e+00 0.000000000000000000e+00 0.000000000000000000e+00 0.000000000000000000e+00 0.000000000000000000e+00 0.000000000000000000e+00 2.643011410118468497e-03 -3.945606192148232161e-03 -1.770988523604484239e-03 -6.240450041543218335e-03 5.151330137503743606e-03 -1.377668855917236687e-02 5.966413721845077039e-03 8.167278074450145739e-03 4.919979669529885198e-03 3.163616507998651996e-04 -1.468460325233382664e-02 3.294170608350505125e-02 3.438630616839285364e-02 3.356764528341701914e-02 1.819551285650985312e-02 -5.457692007965017633e-02 1.161625434476791854e-02 2.716398033189753453e-02 2.018685700735016117e-03 1.067241923095216538e-01 4.371785925783397420e-02 -3.308683326816422646e-03 -1.874651819509424305e-02 -4.515316108502091114e-02 1.263849928579485055e-02 -3.218328188200976492e-02 -8.709690089616712455e-03 -3.313811892089458568e-03 -6.624749901829646292e-02 2.674105288445344578e-02 -1.825177419001181717e-03 8.681671632876626632e-02 1.014090526819388938e-01 2.909786970042196885e-02 7.166098064403295109e-02 -5.851364980504411561e-04 3.672321213905132414e-02 -1.006630252207525895e-02 2.513486941582299128e-02 -2.501127492539834130e-03 0.000000000000000000e+00 0.000000000000000000e+00 1.716344670524941329e-02 -7.884997911340183366e-03 -3.073243309686373922e-02 -1.191379659956761233e-01 1.809204124928229240e-02 -1.259899634979780303e-01 2.534448431565280990e-02 2.275532183469038683e-01 -1.956951510181699494e-02 4.849645882277023659e-03 1.764034126857706025e-02 -2.336138467417899212e-01 -5.929874936798997659e-02 -1.085300578415785977e-01 2.305622705501150088e-02 -2.888015035525565849e-02 -2.787672142067950526e-02 1.270789591037374544e-01 1.058276477244518218e-02 1.435002079334596337e-02 -1.551991941139294062e-02 -1.136521651931847177e-01 7.845723778351160194e-02 4.932252281892615664e-02 -5.053409926431225163e-02 -1.121023678083583469e-01 2.652229639281624210e-02 5.567987464413669263e-02 -7.455002856227514740e-03 7.784673066050112888e-02 4.188562608339927579e-02 -1.138990973176527421e-01 -1.377294293529464538e-02 -5.275710885047433379e-02 -5.238280264803401448e-02 -2.930365774518724375e+00 -5.924643447815646446e+00 2.804977227118879313e+00 -5.530017456189908920e+00 2.735338941124613399e+00 -7.933324245853750512e+00 2.707724529567336003e+00 2.244201956964952061e+00 3.039233980111690325e+00 3.793071293460502369e-02 -1.550151376115052881e-01 6.939668279235354509e-02 6.745907204826273595e-02 -6.390089716417922394e-02 -3.784729655514915692e-01 -5.000899465158983315e-01 2.782400735466101227e-01 -8.462568642420134069e-01 1.527132855157521119e-01 2.998373283917172838e-01 3.435864366654796664e-01 -1.417488015165674908e-01 1.939386171663409486e-01 1.466863225225333855e-01 -2.744566231430880521e-01 -1.021782477985678339e+00 1.416526780298745791e-01 -8.253468410733224569e-01 1.089611856794493877e-01 -5.402245716549058940e-01 9.918122231535356215e-02 -1.002629818643880011e+00 1.704559110779058084e-01 -6.283861116319615359e-03 -1.693545360426116086e-01 4.552304869084469741e-02 5.126944796111555097e-02 1.176079120215122731e-01 -3.004727070735854766e-01 6.848815852158052220e-01 1.894211421808951745e-01 2.700196715880289755e-01 5.176287852545569806e-02 -1.604719437622983969e-01 8.807504760236692931e-01 1.452372308914827159e-01 1.097163498085719641e-01
0.000000000000000000e+00 0.000000000000000000e+00 0.000000000000000000e+00 0.000000000000000000e+00 0.000000000000000000e+00 0.000000000000000000e+00 5.995277979950996950e-05 -1.362891247511144636e-04 -1.157875669134239685e-04 -1.532725095050625221e-04 6.016720832303406241e-04 -8.623365516208069802e-04 -5.091565977199791725e-04 4.548359398764100490e-04 1.737271826940720411e-05 1.015092535907218197e-04 -5.822238193191913618e-04 1.677593913567697196e-03 1.275624244234513848e-03 5.977942195841783306e-04 3.983189539119545166e-04 -2.630342430545777772e-03 1.337521466869814391e-04 1.338245757924933161e-03 1.114900712380739029e-04 4.757243761931542574e-03 2.351166371344588562e-04 -7.719426518184126836e-05 -7.393984157742206596e-04 -1.196803459644569124e-03 -2.991218422858503445e-04 -2.211024404014680020e-03 -5.502855577136654729e-04 8.429510248031259027e-04 -3.862441665025988582e-03 4.259729963373038320e-04 -5.561119185510879229e-05 4.432261466552644448e-03 6.434259986721251913e-03 1.592822913418740578e-04 2.548165344019057837e-03 -3.422175558407056228e-03 1.227193794520266539e-03 -2.350721451621895215e-04 1.064041106697172744e-03 5.332860580213978429e-05 0.000000000000000000e+00 0.000000000000000000e+00 6.894447968803348904e-03 -4.677326121222373924e-04 1.335423277608631040e-02 -2.765283448609234286e-03 3.642186356880344061e-02 -4.638091437130014913e-03 1.309959237498702642e-03 1.130200600188291035e-02 9.957402036707191286e-04 3.381785544082412261e-04 -2.501361017653546195e-02 -7.696429858634612486e-03 9.901254971583667644e-03 -7.360903609265966041e-03 -5.255821650533353895e-04 5.368955885154019433e-03 -3.121883629029130968e-04 4.284511585102367993e-03 8.797010298466814704e-03 1.813211959962722280e-03 -1.065797501414631268e-02 -4.072667191205183931e-03 6.138118174052186425e-03 -5.343204930573226819e-03 1.154916503371428149e-02 -9.862529771615812998e-03 2.913244627255442737e-04 8.653642689624038015e-03 -1.612651842618643798e-03 7.003126428379141330e-03 3.592352053783837151e-02 -4.445590035001978010e-03 -4.458029330972514007e-04 -1.959955643548620414e-03 -8.976985857604577674e-04 -3.022305357879429000e-02 2.911429183056830905e-02 2.442101140498446205e-02 6.427930846695691092e-02 2.010656667130741176e-02 5.956796564052163623e-02 2.364052188041374306e-02 1.333342580326127118e-02 3.793071293459596843e-02 1.165425061382723698e-02 -5.353427053002459204e-03 6.981704273053098396e-03 5.344441785694258908e-03 4.158903831574961053e-03 -2.181053497751423570e-02 -8.176726173622639315e-03 1.277415116945414611e-02 -2.188737282811610216e-02 1.150302004840541778e-02 -6.639204711012635166e-03 2.413947751647763096e-02 -4.232126244567389027e-03 1.377599056901682162e-02 1.031906664386328908e-02 -2.624676041486247863e-03 -3.710990513184139056e-02 -2.530278012716162279e-03 -1.969998662935283640e-02 -3.229837876513622693e-03 -2.266239744339255263e-02 3.367038922348617336e-03 -2.840494517294452764e-02 3.229680857767094730e-03 1.008023927696881893e-02 -8.294678853448358632e-03 -1.004402845681528654e-03 2.817780856785883324e-03 -9.583758710422222299e-03 4.693893877263262664e-04 3.290825995766554542e-03 -6.858483397526489445e-03 4.009673779047938195e-03 -9.292947086327807069e-03 9.345154377878362763e-04 1.221998717987587274e-02 1.553497867855328654e-03 -9.070579380325616975e-03
0.000000000000000000e+00 0.000000000000000000e+00 0.000000000000000000e+00 0.000000000000000000e+00 0.000000000000000000e+00 0.000000000000000000e+00 -1.014501950978770350e-04 2.102165588906853536e-04 -2.248471091874538889e-04 -7.593280256796686558e-04 -2.682007515560207514e-03 4.022618825538068401e-04 1.255292149456370106e-03 4.357096858058719969e-05 -1.873340407155698511e-03 -1.215164430151224450e-03 4.465211917321755086e-04 -4.700414403534285829e-03 -4.111430367711184537e-03 -4.832219213475417476e-03 -9.703611734832539009e-04 5.914985212278715647e-03 1.641635449707423819e-04 -4.447159858019150529e-03 -3.860840129539122741e-04 -1.561116898522767540e-02 -1.322053485716445480e-02 -9.895264850802360825e-04 4.264442996512070143e-03 4.986887879246544239e-03 -1.298428736027459809e-03 2.355599178334763510e-03 1.095995639589885176e-03 1.440295170717665880e-04 8.504484561461429087e-03 -4.233334942850415852e-03 -5.249516044892610107e-04 -1.188855052461236343e-02 -1.303812439406433488e-02 -4.259835599694552707e-03 -9.662723228418369087e-03 6.445958835580730371e-03 -1.033352185996087337e-02 1.683811330417010819e-04 -5.081193234977044240e-03 -2.397993128637219214e-04 0.000000000000000000e+00 0.000000000000000000e+00 1.665889264410212517e-03 3.181918417533743937e-02 3.103077878895768756e-03 4.463770280014357772e-02 -5.670610521978406218e-03 6.534379546812792150e-02 -8.858701827952499388e-04 9.358656746176036156e-02 -2.239843530271147347e-03 8.746315187616433839e-03 3.016814041797126998e-03 7.441456221316442021e-02 -2.477433414038638683e-03 6.703867633365326317e-02 1.042458998315693233e-02 3.045490272837959173e-02 1.019555013728431526e-02 4.727794092279947319e-02 -1.844432484936230510e-03 9.375944532103017148e-02 1.492571081240699239e-02 -1.632475377221184396e-02 1.593639020412998888e-02 5.643469282525263864e-02 -9.649411870822405170e-05 6.267084252347636386e-02 1.036306150083296171e-02 5.311350236592932844e-02 -2.792807843717697025e-02 3.597481399437315458e-02 -1.839683180740172425e-02 4.475468702273299043e-02 4.007388950746139551e-03 7.088742112093661049e-03 2.122389461709693267e-02 1.915929571623985750e-01 2.272860414956169084e+00 -1.002555582480928742e-01 2.144697911090385656e+00 -9.911623650865525326e-02 3.273425850780611768e+00 -1.114168328392366319e-01 -8.108123459343158368e-01 -1.550151376116596647e-01 -5.353427053003671776e-03 9.819576612496025425e-02 4.103960129848355405e-03 -3.097116808806451085e-02 -1.618001019620623690e-02 1.415053748987985527e-01 -1.417118045267854731e-01 -5.179674862709533062e-02 -1.923112158630178592e-01 -6.531731843988664021e-02 7.478094748230024180e-02 -6.289690524199009758e-02 -5.431564311650827204e-02 -5.723227179997297798e-02 -1.973107130745700363e-02 8.073888515464948401e-02 1.884815799336629627e-01 -1.543047181466473440e-02 1.399784412563132852e-01 -2.352698047688026126e-03 1.497980098937497506e-01 -3.298197425421391365e-03 1.241479273414724527e-01 -1.148228410541519279e-02 -2.157870421434226159e-03 8.287058995301010977e-02 -5.366343058630299381e-03 -4.899479396391319061e-03 1.172280437964221510e-02 6.593367880531258995e-02 9.019367757948533459e-02 2.561655655115828260e-03 1.002504967174549719e-02 3.613966914879051390e-02 -2.917661578854296306e-03 2.153108445221473335e-03 1.430021086954689005e-02 -2.778283642770944207e-04
0.000000000000000000e+00 0.000000000000000000e+00 0.000000000000000000e+00 0.000000000000000000e+00 0.000000000000000000e+00 0.000000000000000000e+00 2.882973646829226620e-04 -2.283303293553925453e-04 -1.983906625721803380e-04 -6.446537916886914063e-04 5.865947088807782570e-04 -1.551248534497240601e-03 5.474730660180031653e-04 2.223070385292270478e-03 3.647462379622246802e-04 -4.120476359340738675e-04 -1.553264729550070476e-03 3.575814760636493971e-03 3.147717482678120092e-03 2.322452629182487818e-03 2.136088216606013036e-03 -6.636580673031496416e-03 1.027162174677708796e-03 1.782426569167928215e-03 3.375745609574271468e-04 1.027144858925999396e-02 3.551827085567015735e-03 -7.800511215009338015e-04 -1.638699710228636508e-03 -1.814410373277456062e-03 1.236702459083431757e-03 -3.879690512738910232e-03 -8.126683304014952315e-04 -2.762728090841864081e-04 -5.691021056483143783e-03 2.864160256965985960e-03 -7.106287060868155762e-04 1.215204501936249966e-02 9.381827275143446790e-03 3.089059167471074237e-03 6.339608516404240598e-03 3.553214414782073123e-03 2.869523789016185412e-03 -1.213205733741799276e-03 2.097322667574030765e-03 1.450038571441206918e-03 0.000000000000000000e+00 0.000000000000000000e+00 5.743974969647245958e-03 1.051385987814523488e-03 2.008723985491445846e-03 -3.193641683125291245e-03 1.531680658463114957e-02 -2.024641834854098814e-03 3.033172141069464482e-03 3.102469681071404195e-02 -1.705175234487329907e-03 -2.162851486784933899e-03 -1.392751733604792597e-02 -9.060616143008792811e-03 3.114392675651052149e-03 -2.684570417520334117e-03 1.106548622402897617e-04 4.875914958109366440e-03 1.768051747420004228e-03 1.501916894149417196e-02 5.808752600148823358e-03 1.264396823070649753e-02 -9.938820229927111324e-03 -9.693072611648216944e-03 1.064690437466650659e-02 9.014070936630112774e-03 4.294880370455490121e-03 -5.771559470428104348e-03 2.028851412825665931e-03 1.596981597034344280e-02 -7.444883132626368451e-03 1.429442542829361708e-02 1.748517164740789887e-02 -4.849678080070171475e-03 -1.090589616983588883e-03 -2.491577881975514785e-03 6.406420082775912336e-03 -6.886296313397723134e-02 7.223964480394904353e-01 7.367722877172930285e-02 7.308787531715459362e-01 6.421561815408551033e-02 1.113313622485655463e+00 6.832436302100489134e-02 -2.346076460755470716e-01 6.939668279234717518e-02 6.981704273052955281e-03 4.103960129855156388e-03 2.002451062351293110e-02 2.547338201285690926e-03 -2.828720185291703267e-03 -6.363126973895889479e-03 -4.539868244354818699e-02 3.748189799806412800e-03 -7.814070736704512021e-02 -4.567475279555560652e-03 1.355657993887912464e-02 1.894573064587950009e-02 -1.845792015835999791e-02 2.477595587964832608e-03 4.415450760846273588e-03 7.432263691477329973e-03 -2.149521160348675380e-02 -4.411368212497057857e-03 1.320831022108360196e-02 -1.092337374976199045e-02 1.165337844697935527e-03 -3.306272715429440373e-03 -1.674116492015617630e-02 -3.598667012721001174e-03 3.539585989519855418e-03 -4.612186756345213780e-03 4.530279509853517815e-03 6.999207801736817038e-03 1.575724384095236654e-03 -1.089364180727519713e-02 3.691676622138473363e-02 1.092975358545104567e-02 2.112601597988965005e-02 3.659528887915454269e-03 -3.427311010905684067e-03 3.129375475190789707e-02 9.799168459168783318e-03 5.132497558857022912e-03
0.000000000000000000e+00 0.000000000000000000e+00 0.000000000000000000e+00 0.000000000000000000e+00 0.000000000000000000e+00 0.000000000000000000e+00 2.643497650159947116e-04 4.610387958028076979e-04 -4.050861603633598295e-05 -1.473719918403834607e-04 1.578907364559732282e-03 -1.188778756711610183e-03 3.935538739911575946e-04 3.106191470518176838e-03 8.468142085069180983e-04 -3.703506465162621601e-04 -8.101206412749230312e-04 4.349871836489323934e-03 2.883374062722997982e-03 2.907088195606065146e-03 1.648607333350964954e-03 -7.083833722219625567e-03 1.789983230439688364e-04 1.533322357912564110e-03 -1.177056672759291039e-04 1.261499011061522658e-02 6.698746654795353569e-03 -8.819084528186744163e-04 -2.088257287667484065e-03 1.590820505962282005e-03 1.568998165962840093e-03 -4.095467509372750781e-03 -7.653858405902928385e-04 -2.049250609016216654e-03 -5.523012017889839670e-03 5.623924577349406762e-03 -8.855450798183810233e-04 -1.081003513331083021e-04 5.967953787468953560e-03 4.864857703531125926e-03 4.411406445432715547e-03 2.045724714016508745e-03 4.319234201743550605e-03 -1.258578827078603518e-03 2.118548337589737894e-03 3.765737282416156771e-03 0.000000000000000000e+00 0.000000000000000000e+00 2.667519638524964293e-02 -1.412224955764919930e-02 -2.825481806598939896e-03 1.677843531944439581e-02 1.988470933991546077e-02 -1.352444423674033572e-02 8.159328620196798845e-03 -7.976250386691703664e-02 -1.129503723328402834e-02 2.419950858924753423e-02 -1.092851803204082303e-02 -1.001059913594708542e-02 -1.956043388390994731e-02 -1.576900202240964430e-02 -4.437981774448401806e-03 -3.364343642867546197e-02 -2.759179002027333308e-02 2.977588867789673216e-03 8.328125274709620093e-03 -1.339750773653905144e-02 -5.427368951028054000e-02 3.786483771460970316e-02 1.479739140350415372e-02 -5.195315814529714860e-02 -1.806153768869023235e-02 -1.180969810857660819e-02 -1.139616844346245592e-02 -2.477184456802030907e-02 4.442007391584096992e-02 9.444559906669675042e-03 2.530939694073545965e-02 -3.595624934479281238e-03 -1.686915892929514386e-03 6.953229974250353142e-04 -5.586518133879456519e-03 -2.530080579051434408e-02 -5.267230612349386165e-01 1.018513128767065123e-03 -6.317631804001219153e-01 1.950642259538891421e-02 -6.116250851300925051e-01 9.428282815811817041e-03 4.061655325829054974e-01 6.745907204834634963e-02 5.344441785694500902e-03 -3.097116808810034677e-02 2.547338201291181325e-03 3.499138483347606354e-01 5.915688587389098668e-02 -8.021009808017491582e-02 5.987491348036365624e-01 8.047444216613242052e-02 5.802108937895258389e-01 7.026352730213586417e-02 -6.740291123900109260e-02 1.594010732048362911e-01 9.054287380884172565e-03 3.939411397743607102e-02 8.369647094971021523e-03 2.685210097648961167e-02 -6.076999908111586218e-02 7.121147719278348234e-03 -9.308841713378099292e-02 -3.892729145119519507e-02 6.021861164671492989e-02 -2.946405081521540764e-02 -6.451130342971125864e-02 1.759529547285768394e-02 9.452872821615996776e-03 1.595162716921566613e-03 6.343977717536056389e-03 8.589270100291607896e-03 -1.033899502460721917e-03 -1.291428801793717204e-03 4.970595633080733544e-02 4.898279080068996746e-03 -1.054728641885504387e-03 8.578699161151533484e-03 -7.248074125363461115e-03 -1.111067144460763101e-02 -1.258596896912801862e-02 1.364295686977203340e-02
0.000000000000000000e+00 0.000000000000000000e+00 0.000000000000000000e+00 0.000000000000000000e+00 0.000000000000000000e+00 0.000000000000000000e+00 -2.756793313470802271e-04 1.327549335843706277e-04 2.995340933418688028e-04 -3.662571865090971613e-04 2.163114844685765613e-03 6.070908487901304287e-05 -8.628053242771080043e-04 4.842341779474677952e-04 6.948055197455197882e-04 -1.265725722150282703e-04 9.323872267807648646e-04 -6.433457321471402514e-04 -8.860786774792569348e-04 -1.633988862235136435e-03 -4.315324049682121637e-04 6.794756959658308868e-04 -7.158201470776941406e-04 -4.609031255051159858e-04 1.232518369281126449e-04 -3.418910550669873247e-03 3.268360848319639030e-03 -6.103998622126809940e-05 3.346160416128828811e-04 2.578233777442390934e-03 -1.277168558462126770e-03 1.559654273195654629e-04 1.838466749982061886e-04 6.285122188889221946e-04 1.055831103218960853e-03 -9.966935428972446224e-04 -2.024540239045024247e-04 8.560964745719813057e-04 -3.896004972936597394e-04 -1.008772028061197907e-03 -1.830375752633699475e-03 -1.592310232662210020e-03 2.601478067248691808e-03 2.034633064783694569e-04 -4.412087664651342077e-04 8.538383444943285642e-04 0.000000000000000000e+00 0.000000000000000000e+00 5.490989226422163944e-03 -8.402442342933448983e-04 1.129493875830842042e-02 7.791130722751399805e-04 2.395697634368546339e-02 -8.030304249451390361e-03 -2.308732911742518478e-04 -4.871833543714452347e-02 -8.274076666645603087e-04 3.684339796128896331e-03 -1.697037513844160475e-02 -4.339588519215836250e-03 1.178366891514755817e-03 -1.070872408272063522e-02 -4.586021856089350472e-03 -1.568328757137469470e-02 -1.037782354179701827e-02 -9.479991042891426634e-03 8.810620832295107743e-03 -1.136939824388241704e-02 -3.144101460012909549e-02 9.160158148220199845e-03 3.046949052708074202e-04 -2.722405190673039127e-02 1.267276534827129538e-03 -9.165354763220688594e-03 -7.566802568354135533e-03 -2.072924802049179449e-02 2.027357038292346494e-02 -3.155162186556947392e-03 2.478004681287527058e-02 -2.451661979102133949e-03 1.575047691067850289e-04 2.645823042321765288e-03 -5.669393206368448374e-03 9.632895596371429670e-02 -5.259105394009415679e-01 -1.137672005533984648e-01 -4.764785470875219642e-01 -1.038598237757847875e-01 -7.152897685869669120e-01 -1.021916946543799387e-01 2.282078989485337717e-01 -6.390089716411674614e-02 4.158903831574183030e-03 -1.618001019622792788e-02 -2.828720185290772588e-03 5.915688587388923114e-02 3.471103330531494918e-02 -2.457567651482660265e-02 2.933066265946245865e-01 1.128921350823267056e-02 3.573465153560451135e-01 1.986946349158981440e-02 -8.416552772324201181e-02 1.023620970417940361e-02 5.180452156527844826e-02 1.058049123715251554e-02 9.216607864179474432e-03 5.252163217445021681e-02 -6.028729118147943544e-02 -5.018228491457891322e-02 -6.233801773468145707e-02 -6.434153867677705474e-02 -2.482911520110428136e-02 -6.693660781430758877e-02 -3.452623625240890809e-02 -5.099324372805523475e-02 7.756401290240091950e-03 -6.000040287187567017e-03 -2.688870456992759062e-03 -3.309434800098062009e-04 -1.883738073666399795e-02 5.309450651221590822e-04 -6.385375579780602773e-02 -6.281834868969649738e-03 -2.988263622445354317e-02 -5.285113497523774920e-03 7.292821104542095145e-03 -3.432729702344237965e-02 -2.276299559147790946e-02 -1.987107772032405562e-03
0.000000000000000000e+00 0.000000000000000000e+00 0.000000000000000000e+00 0.000000000000000000e+00 0.000000000000000000e+00 0.000000000000000000e+00 -7.505678003920772130e-04 6.325396500336485407e-04 1.165046016708049697e-04 -3.295374563778868428e-04 -2.825975848295250985e-03 2.806388098017368032e-03 1.509600546879618244e-03 -1.855656258546037243e-03 -2.271439445115438095e-03 -2.064929115807627447e-03 4.384743544576007526e-03 -1.292046605683825310e-02 -1.173208336085601773e-02 -1.232645036633768336e-02 -4.878330461417093936e-03 1.998310477089455459e-02 -1.726414003558005570e-03 -1.223120810171243744e-02 -1.623559001267314925e-03 -4.176902599295920920e-02 -2.055455248116540290e-02 -8.642872368410934366e-04 9.618391966527318690e-03 1.327535222202706928e-02 -4.252353628167551344e-03 9.614133948938067414e-03 3.274628027142035928e-03 9.879920543598502084e-04 2.415699930704118606e-02 -1.219523919009519140e-02 9.119644163792608484e-05 -3.870372200861290496e-02 -3.508786856204722249e-02 -1.195581441435755211e-02 -2.651561786653904712e-02 8.384667707832566159e-04 -1.677732737601485974e-02 1.994786344402032195e-03 -1.167757760983908349e-02 -1.239393512437527182e-03 0.000000000000000000e+00 0.000000000000000000e+00 -9.188586407730302968e-03 3.675340066395252347e-02 -3.682756812527038844e-03 6.780435610899440690e-02 -4.374659972358799914e-02 9.627499840944996057e-02 -4.353202536261321400e-03 9.032683108833347574e-02 -4.076743199181119374e-03 1.017520001962673309e-02 2.440572335792608877e-02 1.229792618520825498e-01 -8.946476479512199126e-03 1.004942178757977783e-01 1.700238887479741182e-02 2.680895547250509645e-02 9.989660502042280177e-03 5.208013633715282559e-02 -9.481387318169056180e-03 1.068290474922628103e-01 3.779860061606592214e-02 -2.179790908189199218e-03 6.009582446955086081e-03 6.587220836231166832e-02 -7.314562175254742289e-03 9.606317981480418100e-02 1.324561579249699909e-02 5.158782454211426061e-02 -2.665980131913253670e-02 3.990710529201646484e-02 -6.077315125636826437e-02 7.219874213358633275e-02 8.222791852564323087e-03 1.867249547923944750e-02 4.028247438356583054e-02 4.246442318829026230e-01 4.303706387055649785e+00 -2.959961785586427974e-01 3.898271958357832911e+00 -2.815548023743435491e-01 6.014774548944251009e+00 -3.035787318651265720e-01 -1.612494538120570198e+00 -3.784729655516260172e-01 -2.181053497751490877e-02 1.415053748987748217e-01 -6.363126973909028275e-03 -8.021009808017318110e-02 -2.457567651482478466e-02 3.813542719171458817e-01 -2.083292820919527277e-01 -2.474680333693070333e-01 -2.316137234521906674e-01 -2.703368190171857588e-01 1.222436041051935124e-01 -3.131083744424055237e-01 -4.682792908892846606e-02 -2.862327694737298311e-01 -9.695177089646077329e-02 1.825581998882866153e-01 7.614280362137564317e-01 -9.398674743228853379e-02 6.106986226697942444e-01 -8.280251515396305773e-02 4.878073531986250599e-01 -8.100682605202422226e-02 6.440735463244339210e-01 -1.083934517003503767e-01 -9.625488599741206103e-03 1.304819716843853838e-01 -1.406564531284707799e-02 -1.754407137301411401e-02 5.248486217507794885e-03 1.299407476965960540e-01 1.063266608656415063e-02 -3.309238727507538697e-02 -2.195209076440496343e-02 2.996298621212149099e-02 2.656789512110788523e-02 -7.741329023965437539e-02 -1.470419307928084660e-03 -1.901355178892113335e-02
0.000000000000000000e+00 0.000000000000000000e+00 0.000000000000000000e+00 0.000000000000000000e+00 0.000000000000000000e+00 0.000000000000000000e+00 -2.008985106773794691e-03 1.919006621381702830e-03 2.759842185870417346e-03 -3.936733501611259026e-03 1.321207257424651324e-02 3.577812252543745991e-03 -4.464676031613730618e-03 5.869093776429500260e-03 5.237474962013859842e-03 -2.674247063552192410e-03 8.100820289755198897e-03 -9.728005507568401877e-03 -1.157785905818605431e-02 -1.336709530218728632e-02 -2.654437926704428848e-03 9.482671342940521275e-03 -5.697785639873485276e-03 -8.913454931884938481e-03 1.280950217639648375e-03 -3.999295727415633911e-02 2.741659753996056326e-02 -1.399242474326002281e-03 3.934594277330133276e-03 3.017445544866696402e-02 -6.325262654214826308e-03 8.005449475091776235e-03 3.291431184615516928e-03 -1.008825237184212895e-03 2.171784054624648075e-02 -4.575411091497377097e-03 -2.065086259281661077e-03 -5.122509809135054881e-03 -2.838126221672337621e-02 -4.098742407815112246e-03 -2.261013322650630084e-02 7.323828402559452028e-03 1.549414147073260167e-02 1.095057345841169913e-03 -6.320562106896016399e-03 1.179590416932085536e-02 0.000000000000000000e+00 0.000000000000000000e+00 1.775701006819881134e-02 -3.258559712054061308e-02 1.497421034277433144e-02 1.404203121746696453e-02 8.143990407891729330e-03 -7.150608820571226210e-02 4.467318739869979155e-04 -4.490092314419592556e-01 -2.744038813102442007e-02 5.019229806151634388e-02 1.019324512500969018e-03 -5.002029111609740397e-02 -5.918463200971306459e-02 -7.251935782915588935e-02 -3.568443193337401259e-02 -1.654488510492704845e-01 -9.176560469020603183e-02 -5.677702346423243313e-02 3.028968800874943038e-02 -9.723476419968130058e-02 -2.310652652594692713e-01 8.900091676000988772e-02 -7.162251757171746863e-03 -1.902160179261032646e-01 -6.425220398698584801e-02 -5.414767388854400260e-02 -6.526704098551536215e-02 -1.861261638344246516e-01 1.729963529801238076e-01 -2.297425881832268826e-02 2.265067766857102247e-02 -2.557978433117770456e-02 1.356107029043784364e-03 3.431531369329535869e-02 -4.485637089620650442e-02 6.504682051404749865e-01 -4.867281182179966414e+00 -7.921370781489842638e-01 -4.648022034206514164e+00 -7.009158402498039120e-01 -6.588334688748775925e+00 -6.995249332920733254e-01 2.116560226396791755e+00 -5.000899465151728007e-01 -8.176726173635226469e-03 -1.417118045269553650e-01 -4.539868244352763399e-02 5.987491348036527716e-01 2.933066265946177587e-01 -2.083292820919467880e-01 2.864397082994878829e+00 1.366552120199355791e-01 3.355236272324843672e+00 1.701265046280136806e-01 -6.575933123585524509e-01 1.388042309742800740e-01 4.635357139000429449e-01 1.756763208665055864e-01 6.010387081039452600e-02 4.545116695256597450e-01 -6.289563116648497765e-01 -4.108637278309377194e-01 -6.619879749173342987e-01 -5.549043794855761380e-01 -2.000131314863500265e-01 -5.569475998190167587e-01 -4.458080685495739992e-01 -4.467127134134566413e-01 1.147535699874525569e-02 -2.987285742366059885e-02 -9.998413760519367366e-03 -7.013869742801185844e-03 -8.986580150952036550e-02 -5.056758916985927554e-02 -4.670520187447064764e-01 1.270120360377606505e-02 -2.294007472418673199e-01 1.236743869558465381e-02 4.476992436253693364e-02 -2.835203337030996473e-01 -1.799967413085423740e-01 5.502464464578681047e-02
0.000000000000000000e+00 0.000000000000000000e+00 0.000000000000000000e+00 0.000000000000000000e+00 0.000000000000000000e+00 0.000000000000000000e+00 5.495069928430180387e-04 -2.600068829555135714e-04 -3.580097997457119905e-04 4.785069116734329969e-05 -4.407625622415327696e-04 -1.791207513968358714e-03 -1.132868620824835967e-03 1.230003684413357497e-03 1.160507359915933286e-04 1.089821308036130823e-03 -4.030557463259210223e-03 7.836900911333054970e-03 6.725170084245388376e-03 7.170392142030261942e-03 3.427086840712891425e-03 -1.328803678316379730e-02 1.524575101088136578e-03 7.887942391489781782e-03 1.336851906177225283e-03 2.402268025570083662e-02 5.587794447817195746e-03 2.415823267828242759e-04 -5.626462852998611458e-03 -7.068086858151942202e-03 2.861172794115655112e-03 -6.530520220460087413e-03 -2.023675591772146863e-03 -2.692522413389784137e-04 -1.314975305615365478e-02 7.077527148014681364e-03 -9.324651701205924695e-04 2.432693434108351010e-02 2.000247052452246502e-02 6.395798832058673111e-03 1.500173303509730674e-02 -1.230419833822722631e-05 5.061747970571412424e-03 -1.318473284012453006e-03 6.659458354549562496e-03 1.125722570154581974e-03 0.000000000000000000e+00 0.000000000000000000e+00 6.200166058429528587e-03 -9.377714912476031034e-03 -1.994092350561904418e-04 -2.227726403745713610e-02 1.544700451216129804e-02 -3.290083493074760085e-02 5.474128592806719491e-03 4.773252199542556487e-03 -3.162585220670621408e-03 2.214605379025487777e-03 -7.423473483400788893e-03 -5.396784801645279628e-02 -5.434784859499408941e-03 -3.265235988321758126e-02 -3.227034168770048436e-03 -7.270871548085731245e-03 -6.244400089619267513e-03 4.042219548578160002e-03 9.114464537396319141e-04 -1.286511522237633598e-02 -4.800269617674463897e-03 -1.414539615864032415e-02 1.004308912352137352e-02 -8.461503631247396795e-03 -5.157274130953488391e-03 -3.160497638017847194e-02 -1.385175799485986303e-03 -3.485800587913727086e-03 4.971387056911479724e-03 4.164306544108178215e-04 2.451336014624847306e-02 -2.755296948249462766e-02 -4.745017524660013163e-03 -1.060791448510716231e-02 -2.148881954319780546e-02 -2.995201282178249769e-01 -2.396999514834393885e+00 2.645879470733353833e-01 -2.111165491598788524e+00 2.494387727598114668e-01 -3.194278051707633903e+00 2.608365832869227185e-01 9.392910441005789535e-01 2.782400735465487274e-01 1.277415116945209740e-02 -5.179674862705142824e-02 3.748189799816887928e-03 8.047444216618650226e-02 1.128921350825326866e-02 -2.474680333692546863e-01 1.366552120201358078e-01 2.254189453425269885e-01 9.467333166587219018e-02 2.044895745979227186e-01 9.614111725537673181e-03 2.621267718916366896e-01 -1.163711769733743323e-03 2.086243414348078473e-01 7.968333069599702057e-02 -9.835357181797160786e-02 -5.671158772288247274e-01 7.805826152297361264e-02 -5.041019829718187406e-01 6.723180938974743226e-02 -3.088069335086939815e-01 7.145919698023388278e-02 -5.392467559908806773e-01 8.650909657883996962e-02 2.536325532539391355e-03 -4.595884864881089743e-02 7.491063453985568818e-03 1.142182456530305493e-02 1.623513586024943889e-02 -6.937108415398920980e-02 1.055929269062818032e-01 4.149141981375614047e-02 4.291032035233080522e-02 9.892816547852817388e-03 -2.660716539735277428e-02 9.898518955505221373e-02 1.819097235031218174e-02 2.836194217777927504e-02
0.000000000000000000e+00 0.000000000000000000e+00 0.000000000000000000e+00 0.000000000000000000e+00 0.000000000000000000e+00 0.000000000000000000e+00 -3.832352119270731119e-03 2.661804199286882389e-03 4.946169424317642914e-03 -2.453776292774016363e-03 1.985262707199344362e-02 1.006614114337114375e-02 -6.527391308654852120e-03 -1.558431520130177522e-04 8.400519117338396333e-03 -1.601400623722111505e-03 1.681052635538745829e-02 -2.383772951209540622e-02 -2.350094505406551473e-02 -2.603722280531065719e-02 -9.419625074838615386e-03 3.413952470691383745e-02 -9.883807057742499680e-03 -1.556563968999795551e-02 8.827050565660633698e-04 -8.132403254560530148e-02 4.005911820026525350e-02 1.284956807225814263e-03 9.778699318345556585e-03 4.107363378648112157e-02 -1.226895449722298012e-02 2.502519241612149309e-02 7.163825107206037851e-03 -1.029936292511440810e-03 4.815928946972963809e-02 -1.380235950704489234e-02 -4.167073175924303208e-04 -2.433465421352339064e-02 -6.212603232606567216e-02 -1.242068416106833009e-02 -4.463213032985434425e-02 1.354598056714593352e-02 2.238148825626564559e-02 5.433359798311513701e-03 -1.381928049818021732e-02 9.252620140933792009e-03 0.000000000000000000e+00 0.000000000000000000e+00 -3.161421503218587656e-03 -3.907784844714107253e-02 2.210567194992193660e-02 6.196376605033665497e-03 -1.021782803709041232e-02 -9.492630881528485443e-02 -1.446529498186236405e-02 -6.385412733309248079e-01 -1.932073023997653641e-02 3.410595384350943032e-02 5.119896204695667183e-03 -4.711390473814455748e-02 -5.971959084140153473e-02 -9.927508418210023722e-02 -4.758985826479372738e-02 -2.003038761236937693e-01 -9.794074184284286277e-02 -1.470947256986496476e-01 2.719142761647454221e-02 -1.777524896478157035e-01 -2.562116443236898689e-01 1.239564254775606944e-01 -5.373951457799334974e-02 -2.796579145940246702e-01 -7.008793061458813700e-02 -6.697798347578570732e-02 -8.166496390104407976e-02 -2.838203921239462746e-01 2.145756212358783943e-01 -1.005610856181092805e-01 7.627846758686497933e-03 -2.464862545170530550e-02 4.951298151364641117e-03 4.896073426187871891e-02 -6.729477139132297725e-02 1.098546368302489418e+00 -7.312426582135061359e+00 -1.299527870897414727e+00 -6.895817402460430401e+00 -1.173144123063362798e+00 -1.012006903854599216e+01 -1.164108547662006776e+00 2.880806829045861051e+00 -8.462568642415447817e-01 -2.188737282812115020e-02 -1.923112158632384605e-01 -7.814070736703387920e-02 5.802108937895426033e-01 3.573465153560637653e-01 -2.316137234521468413e-01 3.355236272325035962e+00 9.467333166560090718e-02 4.253974833349333906e+00 1.992787461046188202e-01 -9.655333910807377684e-01 -3.369551014589466931e-02 6.945613567016494239e-01 1.508978748193691988e-01 5.916250635577710582e-02 5.571229728505993073e-01 -7.165485910461216745e-01 -5.657220887420800759e-01 -7.935983954183142286e-01 -7.080905007338351709e-01 -3.203456987246180443e-01 -7.729387182474259932e-01 -4.457251084325229984e-01 -6.090673837511263455e-01 9.872594622628065586e-03 -4.265718149388556674e-02 -2.295934765500218938e-02 -3.401286765813270330e-02 -1.324655525454641603e-01 -4.773371423220633403e-02 -7.559189985680174750e-01 -1.931829033880826108e-02 -3.558625537831393570e-01 -2.323439131965243654e-02 6.625026327894477374e-02 -3.741478453363009105e-01 -2.441400933588919187e-01 3.214399579482096758e-02
0.000000000000000000e+00 0.000000000000000000e+00 0.000000000000000000e+00 0.000000000000000000e+00 0.000000000000000000e+00 0.000000000000000000e+00 1.080038245207345004e-04 -6.913539801742784859e-05 2.243585736473377706e-04 6.663846220601854888e-04 1.315857452761767668e-03 8.524656489002004501e-05 -1.506613297815604605e-03 -1.401352285163692162e-03 8.692942057309464409e-04 1.990331370301296268e-03 -1.159716837734137140e-03 3.980556920636476453e-03 3.708648382384133191e-03 4.229688352589444297e-03 6.885102937322841888e-04 -5.449786653517766678e-03 7.401429406209600304e-05 6.244760018663959508e-03 1.016738284222279062e-03 1.366850857732344188e-02 8.576307809742991436e-03 1.515758782959876483e-03 -4.065183947522778979e-03 -6.395439042594527890e-03 1.007689792924788960e-03 -1.577716708619886134e-03 -1.053984297685418847e-03 -5.445056396589730658e-04 -7.853918739966561646e-03 5.109295132232296102e-03 1.981602499162739414e-05 1.296598558138923989e-02 1.084333220589614281e-02 4.207967159499742364e-03 9.786411850366700735e-03 1.713286344120780111e-03 7.165806221086203423e-03 1.231172992530193988e-04 4.856446685557446255e-03 -6.837804391185269568e-04 0.000000000000000000e+00 0.000000000000000000e+00 5.840676811993546561e-03 -7.324667169158445915e-03 8.199576175321229843e-03 -2.511921097037961986e-02 3.639404668256328301e-02 -3.756513511649303694e-02 -4.715218130021470774e-05 -7.243411564060481256e-02 5.488677169882787490e-03 -4.668011746942784222e-03 -1.601410729584932038e-02 -4.542393876820496890e-02 8.705648533214401311e-03 -4.454921970490557936e-02 -1.392687291371202778e-02 -1.082763746354932673e-02 3.627710871597386415e-05 -4.090835284667945076e-02 5.892843583247191902e-03 -3.610912150448941649e-02 -3.268017186597883816e-02 -4.519787797900356834e-03 -6.556091023032639166e-03 -5.187047937519050772e-02 7.703300510532499687e-03 -4.045466735129151642e-02 -1.215304665332153644e-02 -3.464305064412596252e-02 1.440060549483352867e-02 -3.175235663462548652e-02 3.874404080269580608e-02 -2.558744776775234708e-02 -3.520714490106323022e-03 -9.078357936529246955e-03 -3.369098285431737505e-02 -1.472903858161926927e-01 -3.605722089648914164e+00 8.137517433728849725e-02 -3.263148613331902315e+00 8.419717563080270084e-02 -5.081659504517460846e+00 9.181418364062089721e-02 1.359308954664758096e+00 1.527132855159463731e-01 1.150302004840541605e-02 -6.531731843987459429e-02 -4.567475279543135695e-03 7.026352730214928399e-02 1.986946349159276690e-02 -2.703368190172121266e-01 1.701265046280771021e-01 2.044895745979751767e-01 1.992787461047039466e-01 2.475218384161280427e-01 -1.239979268041401933e-01 2.723271413330961011e-01 2.051444135211956052e-02 2.628432888379104160e-01 7.580723562488315970e-02 -1.341152544884701425e-01 -6.009975303314081252e-01 1.032456353917285963e-01 -5.223772452135008182e-01 1.165484142474105672e-01 -3.991027149826309461e-01 1.062180633823154308e-01 -5.271761170231884508e-01 1.257234712554711198e-01 8.371038305131363669e-03 -5.124610037513050581e-02 3.094578046873023430e-03 3.069467383376097563e-03 -4.060793535315460404e-03 -5.648550096487930938e-02 4.100078349352907769e-03 2.039539764931247098e-02 -2.250338299900641811e-03 -2.302291154660324191e-03 -2.136088414417683032e-02 2.037226402826448901e-02 -7.939697544580041552e-04 7.387589512237068695e-03
0.000000000000000000e+00 0.000000000000000000e+00 0.000000000000000000e+00 0.000000000000000000e+00 0.000000000000000000e+00 0.000000000000000000e+00 1.725029585545546831e-03 -6.528953447797413399e-04 -2.436270286887947355e-03 -1.508754365851194780e-04 -1.137610538131665280e-02 -3.799439517000108464e-03 2.505737677020854377e-03 2.203126986261190034e-03 -5.087656147200213252e-03 -1.274285491912863309e-03 -8.103316067769107331e-03 7.503212121856181818e-03 6.717559667692328193e-03 7.783006607589456477e-03 4.798645206462276783e-03 -1.421759788575666789e-02 4.158172390736017236e-03 2.864130197758070658e-03 -1.524610904628363620e-04 2.356565352889263346e-02 -2.656425442153504193e-02 -2.148937972780756191e-03 -2.333743708102128684e-03 -7.698490860814894733e-03 5.869692900166219481e-03 -1.032445965365360457e-02 -2.210059588275214027e-03 1.117975521349400501e-03 -1.186491026186262815e-02 2.857019088911305106e-03 -6.205435351125439952e-04 9.772323050898175725e-03 1.479582536722295893e-02 1.603957338234774863e-03 1.088101214518583798e-02 -8.884384838957823730e-03 -1.878367829622250296e-02 -2.658505862031815097e-03 2.861873114519944764e-03 -4.603481342998578738e-04 0.000000000000000000e+00 0.000000000000000000e+00 -1.488632312875424937e-03 7.719974973762973140e-03 -2.646623389396331530e-02 1.603166578142823165e-02 -6.659053894492367176e-02 4.034975023350547557e-02 1.072251514690891749e-02 2.329085758389685124e-01 -1.190781101175257539e-02 9.889052774609269694e-03 3.435911251102928554e-02 1.710743171440496507e-02 -2.518312433947408890e-02 5.536367181203270815e-02 2.603462639885949920e-02 3.511608119437460707e-02 2.996408989685351350e-03 9.966650513071056983e-02 -2.207355080463009947e-02 7.629235034867234977e-02 1.068940043698643760e-01 -2.372785302639524030e-02 3.104505363405400675e-02 1.273477703726172416e-01 -2.255388381269620574e-02 4.837633664851558740e-02 2.831375361055405923e-02 9.293504147946587968e-02 -4.493244007493081560e-02 6.670909661420772185e-02 -5.941441938578090332e-02 1.545536288518115087e-02 -1.129698001979384265e-03 -9.540819991925381105e-03 3.362721232118727477e-02 -3.784995153284412828e-01 3.357118563120929267e+00 4.859153848885423566e-01 3.101797199633863134e+00 4.409859411400787188e-01 4.998611000236273583e+00 4.402745307057015500e-01 -1.209473951085560772e+00 2.998373283911233700e-01 -6.639204711017081262e-03 7.478094748239184908e-02 1.355657993887060368e-02 -6.740291123887379166e-02 -8.416552772319302322e-02 1.222436041053183292e-01 -6.575933123581478856e-01 9.614111725492559962e-03 -9.655333910801848774e-01 -1.239979268042116639e-01 4.866840714645531696e-01 -1.377050312272961458e-02 -1.937763768721953439e-01 -1.640262052523092096e-01 -2.070080627530725137e-02 -3.040998001115875066e-02 3.083055806889904438e-01 7.179241088356054512e-02 2.383010089115593089e-01 5.942100655625953687e-02 3.406193420897483670e-01 9.638834306003918329e-02 1.512096692853571178e-01 5.836042670953216216e-02 -1.953516127789346746e-02 4.034488436623715618e-02 9.548650734427505463e-03 1.498070638522795532e-02 6.654782907458552110e-02 9.066038996384119530e-03 3.161595435281285837e-01 3.463229061987151136e-02 1.326873250611067534e-01 3.873812840063731167e-02 -1.225359611887114064e-02 1.604493199138844195e-01 6.749103671236600377e-02 3.305522856578728408e-02
0.000000000000000000e+00 0.000000000000000000e+00 0.000000000000000000e+00 0.000000000000000000e+00 0.000000000000000000e+00 0.000000000000000000e+00 1.235803491203707862e-03 -4.688499337427825533e-04 -8.762075210908843587e-04 -1.931732644373963391e-04 -9.703066763120690545e-04 -3.730505830060122478e-03 -6.879659819266575145e-04 2.573929582746032826e-03 -3.086618338425466644e-04 1.311757338552701482e-03 -5.868064077946247639e-03 1.255918100366554442e-02 1.033119257294176120e-02 1.103248192067173006e-02 4.407969836326712174e-03 -2.109726479968170726e-02 2.682058568576753572e-03 9.498103655031493384e-03 1.427024726229083641e-03 3.951777904430501392e-02 4.599949338859088237e-03 -6.471029929324670273e-05 -7.922028189549238514e-03 -1.148574915083263627e-02 4.253859578693423502e-03 -1.251227532399284102e-02 -3.318886308574253881e-03 -1.688616401867373785e-03 -2.340387868727507314e-02 1.206105029386030612e-02 -7.093542526262746478e-04 2.887310724520372393e-02 3.100232212672237100e-02 1.079233121696004938e-02 2.252626702605404693e-02 -1.846369707648250376e-03 5.549770800256984687e-03 -2.386429338124425835e-03 9.526498211310442665e-03 1.747521079018894002e-03 0.000000000000000000e+00 0.000000000000000000e+00 1.990294519782340871e-02 -7.313140234435050457e-03 1.132425767597028746e-02 -2.143819524802767496e-02 6.305787554657706073e-02 -3.759598342099906149e-02 1.146940022674322775e-02 -2.923032671872879268e-03 -1.885762634428160859e-03 9.505177635397776131e-03 -3.092360577011200526e-02 -6.730020936933917008e-02 4.210395220170784839e-03 -4.751465067720760799e-02 -1.110078228882909954e-02 -9.140899167089268709e-03 -5.468088128867508099e-03 2.337527546121728403e-03 1.594604066125656500e-02 2.801849075496174769e-03 -4.820184255618820135e-02 -2.344889859730082265e-02 2.373825762250198965e-02 -1.553180141967318295e-02 6.074309807145231686e-03 -5.150316564114651441e-02 -8.890600831868563855e-03 4.422467465157732883e-03 8.334380176239261639e-03 1.030602675633467136e-02 6.977089092858301811e-02 -3.603322619354333567e-02 -6.183080946483274221e-03 -1.653301024924226648e-02 -2.112045608175108086e-02 -3.940273554558643143e-01 -2.147828526347420830e+00 3.382754294840406017e-01 -1.949756148294400360e+00 3.256941453816902809e-01 -3.018420636819505010e+00 3.350109493012006778e-01 1.017526524151476819e+00 3.435864366656786739e-01 2.413947751647782872e-02 -6.289690524195915011e-02 1.894573064590165251e-02 1.594010732048482537e-01 1.023620970417992229e-02 -3.131083744424087434e-01 1.388042309742930080e-01 2.621267718916784895e-01 -3.369551014585242532e-02 2.723271413330610180e-01 -1.377050312261804410e-02 4.948900647741687475e-01 -9.975406477178583309e-02 3.230657243237322063e-01 8.029536679320761761e-02 -1.660653480562403195e-01 -5.952304657906735130e-01 1.665333352941337774e-01 -4.926509981091891643e-01 1.590996359049755560e-01 -3.673482780675667025e-01 2.261135946509980066e-01 -5.640892748054213701e-01 2.020056938403829716e-01 1.476796801283116259e-02 -5.843420033220654564e-02 1.106312330240532063e-02 2.056271249054991354e-02 7.294282633638139376e-03 -6.403971851175888075e-02 1.193018170235677633e-01 3.503452947368123488e-02 4.883184555710593650e-02 -1.866249056293589961e-03 -2.882200578694314730e-02 -6.733687901850998747e-03 1.764436235083133298e-02 1.420127533092909594e-02
0.000000000000000000e+00 0.000000000000000000e+00 0.000000000000000000e+00 0.000000000000000000e+00 0.000000000000000000e+00 0.000000000000000000e+00 -1.637853000081143304e-03 1.145190043048425425e-03 2.148155734777524965e-03 2.753115536142860999e-03 7.771491909438547202e-03 5.007922644452668035e-03 -2.902746951898423685e-03 -3.073448423839521965e-03 3.661509015133442534e-03 1.123238516265744058e-03 7.620710130277121713e-03 -8.560067114091013743e-03 -8.034789193443626215e-03 -5.461253670899112421e-03 -5.329665036877087245e-03 1.742433676756470137e-02 -4.689367847537792393e-03 -5.985841717716265317e-03 -3.973498064220359937e-05 -2.819666823751585880e-02 1.712611180483400442e-02 2.420498137194863203e-03 2.654912372522567204e-03 1.079771688453182686e-02 -5.186461686217280764e-03 1.146630225658763422e-02 2.434952446916113268e-03 2.806171391710730358e-05 1.553764165507838003e-02 -5.267426790283044266e-03 2.144625175928945287e-03 -1.662123997886457566e-02 -2.035702155172816954e-02 -4.913188161076430596e-03 -1.472363854080500738e-02 6.315248788598799845e-03 1.090295768948320969e-02 3.616117302612392032e-03 -3.935738337008066676e-03 4.955633613632484322e-04 0.000000000000000000e+00 0.000000000000000000e+00 -1.336166905303104099e-02 -2.487522093425424338e-02 -4.349044715632155791e-03 -5.544370319003925560e-03 -2.037090249469440326e-02 -2.306558107341223629e-02 -7.842815307107188147e-03 -1.290167366866094012e-01 -4.497336741317754251e-04 -9.133793299181722225e-03 1.593310962428857308e-02 -1.795337597534323038e-02 2.157554751005366298e-03 -2.301456444081726935e-02 -1.122484086305747600e-02 -2.600737854410706609e-02 6.077593256081348025e-03 -5.601986685007476902e-02 -3.209170352109313833e-03 -5.200615767899407355e-02 -2.611446885488346442e-02 1.351024954880166232e-02 -2.795535884851966038e-02 -6.163631636367581518e-02 -9.092415865022244765e-04 -1.926960496316337465e-02 -1.031703259633955268e-02 -5.484460414073166756e-02 1.551346658262075899e-02 -4.719368028087621292e-02 -1.793053354728849080e-02 -7.505846758772869234e-03 8.045718074750837778e-04 1.325901017488117194e-02 -1.780284671930754473e-02 1.641482548371230032e-01 -2.011280610440106642e+00 -2.151933269064209842e-01 -1.862651810306226619e+00 -1.963213998195553200e-01 -2.898999026208022300e+00 -1.869228144311460282e-01 5.536443810818230116e-01 -1.417488015164583559e-01 -4.232126244566380285e-03 -5.431564311653404309e-02 -1.845792015835581029e-02 9.054287380881743952e-03 5.180452156527125263e-02 -4.682792908891710709e-02 4.635357139000034210e-01 -1.163711769767709209e-03 6.945613567015630485e-01 2.051444135211225039e-02 -1.937763768722519653e-01 -9.975406477179550591e-02 2.722697809084806964e-01 5.752986922669987152e-03 1.460162836814380208e-02 5.066638071633966511e-02 -2.150766581894117402e-01 -9.500115884090791496e-02 -1.616054684741574377e-01 -9.724548444885543208e-02 -1.550767500031763335e-01 -1.054530962501202956e-01 -9.252682790185300099e-02 -1.500457591721239270e-01 -3.005682174074149164e-03 -1.735832855641107966e-02 -1.039580010624276477e-02 -1.650317982370706413e-02 -1.663707232163149849e-02 -1.825690075003222335e-02 -1.816055491779872133e-01 -1.275186380625345159e-02 -5.628485969729023208e-02 -2.742445133398195220e-02 2.620805366874334047e-02 -7.637143442468345700e-02 -1.961341543479766525e-03 5.137328724394213050e-04
0.000000000000000000e+00 0.000000000000000000e+00 0.000000000000000000e+00 0.000000000000000000e+00 0.000000000000000000e+00 0.000000000000000000e+00 6.577701373617020494e-05 -1.258997900643088518e-04 2.761718876924714188e-04 6.762951870934444040e-04 -6.615540598771743608e-05 1.426498440156142872e-03 -2.371733279854464690e-03 -2.332866709744506502e-03 3.732514868602725914e-04 1.577914119680029047e-03 -4.453546092366755587e-04 -1.991474848421963349e-04 -1.054378928483213837e-03 -4.275034367264008740e-03 -4.109716667240186517e-04 -3.215770219550011591e-04 -2.193371999296833815e-04 2.958320783515789535e-03 1.659914171660269947e-03 5.983918653007739424e-04 3.980788456349290683e-03 1.797789785914972582e-03 -2.876040643182305005e-03 -2.484979164391675627e-03 2.483664645370279038e-04 1.867100240615764736e-03 3.345887679313230530e-04 -9.334987595375206053e-04 2.304088807981527747e-03 2.579811727493732786e-03 -7.516699730992184485e-04 9.645178789310725198e-03 -5.093292306602453627e-03 1.194329247734359552e-03 2.106046574200071478e-03 3.545814401997281380e-03 3.065978529466965516e-03 1.009709681240120432e-03 3.130752936123494361e-03 -7.267448671683590178e-04 0.000000000000000000e+00 0.000000000000000000e+00 -2.641450579053128411e-03 -1.339344743629678619e-02 -2.867420411204478319e-03 -1.436970412475348756e-02 1.907066988948982744e-02 -2.829271617084552076e-02 1.085791327766899572e-03 -3.863205543670548969e-02 1.295352987358957229e-03 7.745513124462302321e-03 9.799035068379823715e-03 -5.484691002713112246e-02 6.050091506773365088e-03 -3.640226587772006639e-02 -1.796145912903134717e-02 5.783850036625998343e-03 1.608824213184391685e-02 -2.232279947918813096e-02 2.760787919931841430e-03 -2.906725238960728569e-03 -5.341609216446475267e-02 -2.772128829445516529e-02 1.190576327658986362e-03 -3.792424819120127077e-02 6.399279606959890239e-03 -3.957043995000326941e-02 -8.802350491536371085e-03 3.872448305190047402e-03 -1.641482019475652698e-02 -1.597041380685919679e-02 2.080049884547265082e-02 -2.776644630721973248e-02 -3.034522829832514770e-03 -3.649414599055227429e-03 -3.343337053454233099e-02 -3.038664679191830365e-01 -3.635873557792467015e+00 2.385650799009227108e-01 -3.302212366231085383e+00 2.360121352905360514e-01 -5.207575512033773890e+00 2.483198655402490407e-01 1.377970566662724661e+00 1.939386171666560854e-01 1.377599056901359503e-02 -5.723227179998315040e-02 2.477595587962567927e-03 3.939411397738745713e-02 1.058049123713612413e-02 -2.862327694737930028e-01 1.756763208664016418e-01 2.086243414348830649e-01 1.508978748192715824e-01 2.628432888379292898e-01 -1.640262052521804792e-01 3.230657243237733955e-01 5.752986922643990586e-03 6.266875215852983905e-01 7.929080451802335283e-02 -1.613230786155018803e-01 -7.327680570786836434e-01 1.339244929463394573e-01 -5.883925947260718603e-01 1.565385443511792263e-01 -4.843484530709530889e-01 1.780744426148794524e-01 -7.828481489776091262e-01 1.572885020867860195e-01 4.369484136092344727e-03 -3.756084216610496018e-02 -5.988372043467600665e-04 -2.649886655814356548e-03 1.727686309924597249e-02 -5.535982309867262113e-02 6.749728758372319781e-02 2.405953224908521232e-02 1.992741859290978954e-02 -1.579851382950542282e-02 -2.289743153737877623e-02 1.256236726642841750e-01 4.531046505572740996e-02 -2.178327266759833708e-02
0.000000000000000000e+00 0.000000000000000000e+00 0.000000000000000000e+00 0.000000000000000000e+00 0.000000000000000000e+00 0.000000000000000000e+00 3.825063789548380634e-04 -4.591932554135482142e-04 -3.626334779884611038e-04 -4.155289035060724450e-04 2.161725180637610964e-04 -2.251782838453625889e-03 -1.964905697519820954e-04 1.632977861573105260e-03 5.356600144168738135e-05 -3.185626786113759587e-05 -2.427415627810864101e-03 5.004273993150433475e-03 4.478309682671994217e-03 4.033077766097598917e-03 2.300185499515683320e-03 -8.621283102068628273e-03 1.243501383296439448e-03 3.611395500491633263e-03 5.309675215634261560e-04 1.463010483103714329e-02 1.977799263862936845e-03 -5.965190040088880555e-04 -2.635053607361735172e-03 -4.647586782153300886e-03 1.077188475335496198e-03 -5.604309695296774176e-03 -1.487661015935888825e-03 6.107087151459574892e-04 -1.059243147511920724e-02 2.814834294846996210e-03 -3.618916999208075997e-04 1.611371777786446344e-02 1.601422185551641675e-02 3.066972623013180382e-03 9.423282440874399327e-03 -7.853877187902632249e-04 2.792687052665648612e-03 -1.334071842120692665e-03 3.455412963403908019e-03 3.941811891662261530e-04 0.000000000000000000e+00 0.000000000000000000e+00 6.818995955943058657e-03 4.857354301484668102e-04 7.030808251250144324e-03 -1.540314887588425247e-02 2.838191450182967618e-02 -1.694421736885940583e-02 6.055982881963552873e-04 2.003412020908847818e-02 -3.581737713771600512e-04 2.301120351505478619e-03 -1.864106158661154450e-02 -2.498649900816481140e-02 2.464043082145396784e-03 -1.499672360632685331e-02 -1.808126765950803828e-03 6.966076948255600643e-03 -2.354788569400099573e-03 1.038979950330694811e-02 4.584129825759999596e-03 -2.209515488572386978e-03 -4.285421767932165969e-03 -1.041176687714564890e-02 5.926396866288523128e-03 2.789922283743319006e-03 3.881613487894054922e-03 -1.500687261344010003e-02 -1.314200804794699810e-03 1.024747640489163773e-02 -9.356296799703182204e-04 5.649434911370834755e-03 2.989214046521239398e-02 -1.399908384328356695e-02 -1.976022280039503327e-03 -6.520967877426911419e-03 -1.353286621996942912e-02 -1.630496025134526850e-01 -1.429111458240356791e+00 1.475722509607173272e-01 -1.260342721843587643e+00 1.362472581046781928e-01 -1.923409708171114563e+00 1.397749226380627652e-01 5.278066703129711268e-01 1.466863225226218981e-01 1.031906664386344347e-02 -1.973107130743883761e-02 4.415450760853799686e-03 8.369647094977415713e-03 9.216607864183306437e-03 -9.695177089643881863e-02 6.010387081042566082e-02 7.968333069599170537e-02 5.916250635585873496e-02 7.580723562484924238e-02 -2.070080627527633166e-02 8.029536679318310943e-02 1.460162836815911275e-02 7.929080451799629115e-02 5.552712198396719812e-02 -1.427740053005556800e-03 -3.822685420884322505e-01 -1.634612160037229173e-02 -3.331934743070753546e-01 -2.028409464576100621e-02 -2.092235688487826262e-01 -2.891164864716176675e-02 -3.472872630267634375e-01 -1.464386508945507773e-02 6.115954245800800555e-03 -2.465181412835878300e-02 2.963258778676107832e-03 8.408247204187899865e-03 4.976211545380093866e-03 -4.416113501596530960e-02 7.110234245901603245e-02 2.794746819854051698e-02 1.887906819425751517e-02 1.643197317968033214e-02 -2.581495258691854019e-02 8.477759420970133741e-02 1.585667918032442059e-02 1.710099317878012101e-02
0.000000000000000000e+00 0.000000000000000000e+00 0.000000000000000000e+00 0.000000000000000000e+00 0.000000000000000000e+00 0.000000000000000000e+00 4.768982611342972237e-05 -2.213066401911916153e-04 -4.628693640208353692e-04 -4.530680623700366456e-04 -1.776683616246524768e-03 -1.453502473869425866e-03 3.457802282071707409e-03 3.196375207659883644e-03 -1.121805741740844768e-03 -3.159868080458148529e-03 -5.734118022814983047e-04 -2.800936936374003906e-03 -2.497334202951013993e-03 -4.574071613469541525e-03 1.665678536994761021e-03 1.705234483731149671e-03 2.052407465657333889e-03 -5.564862393037084062e-03 -5.997958291359226524e-04 -1.052275089686479162e-02 -9.253788862148778355e-03 -3.177199948975288450e-03 4.345376023225466441e-03 6.043232108817010902e-03 -1.915497293458556609e-04 -1.201693568370476323e-03 9.949616363208407897e-04 -5.936338223982028008e-04 6.987422310916454118e-03 -3.377082604314852934e-03 -1.817553809191238502e-03 -1.901800319798587716e-03 -9.166547005217767774e-03 -2.361419562439247104e-03 -7.698343579997728517e-03 1.107432437861008423e-02 -8.683570713369696478e-03 -1.780922852127653049e-03 -5.288234330077723130e-03 1.843972978430411490e-03 0.000000000000000000e+00 0.000000000000000000e+00 1.426034820718334074e-03 4.253810891214349771e-02 2.089594645676782006e-02 3.501410683225281845e-02 9.765699027213166697e-03 4.329547943941048499e-02 -9.712834228252596996e-04 5.011336249185800035e-02 -9.246987024126960761e-03 2.191654409797158184e-02 -2.707599479124609548e-02 5.550458425670400098e-02 -2.440521657119715596e-02 5.431616323107225919e-02 9.172237894956827148e-03 -6.736365113196205248e-03 -2.815422752901577258e-02 6.887561580031620334e-02 1.408899815798017770e-02 7.849900503920879957e-02 -3.210726126501694394e-02 -3.764128585894498114e-03 2.182867628017989142e-02 4.790344306110750489e-02 -2.251908637025318641e-02 5.769618968037854012e-02 -1.063680819411589804e-03 1.670061059747096621e-02 2.148094805843557553e-02 4.929493779271899162e-02 1.152695737677591516e-02 3.439419298307188483e-02 4.394934470397301486e-03 9.020428626183078086e-03 1.891696328251326470e-02 3.665829860720524747e-01 2.041399467460947026e+00 -2.869165413244025298e-01 2.054449851341394240e+00 -2.792936787271448340e-01 3.243569791774382427e+00 -2.903669685310426019e-01 -6.711783428473259150e-01 -2.744566231429416137e-01 -2.624676041483064211e-03 8.073888515459962112e-02 7.432263691479161841e-03 2.685210097650149452e-02 5.252163217446581545e-02 1.825581998883198109e-01 4.545116695257480077e-01 -9.835357181808598859e-02 5.571229728507153256e-01 -1.341152544885251263e-01 -3.040998001134521608e-02 -1.660653480563097362e-01 5.066638071639008312e-02 -1.613230786154614405e-01 -1.427740053044695631e-03 3.988675953894971760e-01 8.557180695271222881e-02 -3.297363625350118177e-01 1.673748678068247286e-02 -3.814703494735754430e-01 2.085143425470151746e-01 -4.284447605518861835e-01 5.114512478586828725e-02 -3.412635560152320613e-01 3.445541506999336492e-03 6.853216878506455945e-02 5.078640115502431988e-04 1.581342753287926731e-03 -2.470666438331825532e-02 1.568518784840449223e-02 -3.271013164430335712e-02 4.411668555177514217e-02 -6.729268870904389632e-02 6.980540594262080178e-02 -1.970411076435684555e-02 9.906672790298892695e-02 -5.421092153420993542e-02 3.947688908715178691e-02
0.000000000000000000e+00 0.000000000000000000e+00 0.000000000000000000e+00 0.000000000000000000e+00 0.000000000000000000e+00 0.000000000000000000e+00 -1.972193152826128178e-03 2.055904620615668990e-03 4.862975079863007116e-04 2.477639597350359511e-03 -4.882126484261359832e-03 9.612289608610484481e-03 7.486529562034842725e-05 -9.197569695191688127e-03 -3.867841740463525031e-03 -7.987847634611591752e-04 1.144651418828221238e-02 -2.812950286389267335e-02 -2.619137980438986102e-02 -2.937701559563226164e-02 -1.360528598745714378e-02 4.777329216038036369e-02 -6.580535257268916444e-03 -2.077746481338465720e-02 -3.956485483814099063e-03 -8.690423656013396281e-02 -3.662126279251918387e-02 1.914976027505552181e-03 1.776958178331142224e-02 2.625851808198282830e-02 -8.540087457390372130e-03 2.559939449553500987e-02 7.921103235430248732e-03 1.533587762199974894e-03 5.958811518446954086e-02 -2.297055573406264761e-02 2.832302017103088126e-04 -9.900094626137248555e-02 -8.599112887462984078e-02 -2.530306590430164010e-02 -5.868515869417374048e-02 -2.001540044563742196e-02 -3.065114314291394679e-02 7.359350772476803623e-03 -2.242856313640946217e-02 -4.810241676215925091e-03 0.000000000000000000e+00 0.000000000000000000e+00 -1.330728843532869889e-02 3.613157652062821967e-02 2.467580134141818954e-02 1.231363229331689790e-01 -4.351136010989747199e-02 1.431662491857701724e-01 4.781943182651709166e-03 1.833067977888624966e-02 8.248891724080206767e-03 3.616083648745555077e-04 1.936992930977523425e-02 2.072238029688541483e-01 1.045758191354770675e-02 1.197759185690757677e-01 4.420940021625642535e-02 -2.065753105121406058e-02 -1.231056986814319659e-02 -8.903029268804360519e-03 9.836025530343488719e-04 8.690745027085119978e-02 4.990621030016439974e-02 3.980777387043197418e-02 6.109940886465860255e-03 3.068557641654141854e-02 9.324269050842886805e-03 1.113219039481620626e-01 3.501852838263434797e-02 -1.114681612258159454e-02 1.376038124077474251e-02 2.283105761306722728e-02 -5.984231126134373357e-02 1.132788240650186018e-01 1.455126982301057498e-02 3.523012366063596468e-02 1.104878414397061359e-01 1.223615809247813768e+00 1.240711494230964718e+01 -1.056125579801486136e+00 1.108950894684388366e+01 -9.951173847371310721e-01 1.682950810615210102e+01 -1.016202687068358257e+00 -4.486821404259245583e+00 -1.021782477986323157e+00 -3.710990513183664435e-02 1.884815799335278763e-01 -2.149521160353540586e-02 -6.076999908112760279e-02 -6.028729118149264016e-02 7.614280362135390501e-01 -6.289563116649246055e-01 -5.671158772287354655e-01 -7.165485910466236064e-01 -6.009975303311153594e-01 3.083055806887439743e-01 -5.952304657904480267e-01 -2.150766581894892338e-01 -7.327680570783974279e-01 -3.822685420883865093e-01 8.557180695245361624e-02 3.089264559688837064e+00 6.308338985027020507e-02 2.515965226445545433e+00 7.183111219255872149e-02 1.711498743729763294e+00 1.331267475663762412e-01 2.676583258863032277e+00 6.526494077876071609e-02 -9.936712025782551763e-04 1.868848759565123197e-01 -2.908398077130076864e-02 -4.430829691032931589e-02 -8.549183879691470145e-02 3.798025658779758396e-01 -4.221094696071176489e-01 -2.441912587671440371e-01 -1.442957568471857632e-01 -1.318791803414251507e-01 1.883826194301290169e-01 -4.929858094069980434e-01 -1.361659397552252293e-01 -1.664724513838951314e-01
0.000000000000000000e+00 0.000000000000000000e+00 0.000000000000000000e+00 0.000000000000000000e+00 0.000000000000000000e+00 0.000000000000000000e+00 3.911889690579335569e-05 3.602253138817449103e-04 2.282408849468778723e-04 -7.244307073446077739e-04 -2.998186540492744651e-04 1.173852865012489123e-03 -2.501268952632175902e-03 -2.882682610848485635e-03 -1.942980096574595944e-04 2.493343800391355919e-03 -3.685127118594171006e-04 1.829631006932476694e-03 1.656117261937394870e-03 3.125857481797333481e-03 -1.241859803118802903e-03 -1.828963050793761848e-03 -1.515152057215929339e-03 4.456704587676968421e-03 6.545956049698664148e-04 4.952757211183076574e-03 1.578303938367562123e-03 2.465644275904479727e-03 -2.726379712410241171e-03 -4.550544190842324699e-03 2.563451792079717039e-04 8.023427661627772611e-04 -9.422625109378691879e-04 7.000494217367198794e-04 -5.503570666843725367e-03 1.993060125439822649e-03 1.140081010185616060e-03 -1.121888669521388122e-03 7.588339685109820806e-03 9.474702675613683048e-04 4.974284385888502399e-03 -7.825431876947024426e-03 2.977183710247247733e-03 1.396799706764435389e-03 3.357598672950491605e-03 -1.648663687380329604e-03 0.000000000000000000e+00 0.000000000000000000e+00 4.974463423235368775e-03 -1.843106103918534799e-02 -1.780347529927270647e-02 1.920658159154890222e-03 -8.577879391634979714e-03 6.531584749045850520e-03 3.701419662535915516e-03 -1.039875398253159791e-02 7.102637429910790313e-03 -1.407175453922436884e-02 2.274820243760719909e-02 -3.647634577925253953e-04 2.235811548156280484e-02 -8.689386853982615858e-03 -8.948030190604153167e-03 1.307367019252713911e-02 2.772563211737381211e-02 -3.748729929632413360e-02 -9.996657964007414632e-03 -1.371931004439892049e-02 1.519462998486291634e-02 3.098439882404895387e-03 -5.484860875938090546e-03 -2.209085301236073801e-02 2.086515621218341596e-02 -1.421719660182427236e-02 4.749338914455860511e-04 4.597470497211398992e-03 -2.568418845415174068e-02 -1.888524538944280975e-02 -1.601856126108023790e-02 4.463497063735004551e-04 -2.674678657770724818e-03 -6.811483942889109792e-03 -3.883534400782514932e-03 -1.776601676369691796e-01 -4.518145517537507372e-01 1.646550269911400688e-01 -5.076822610237679001e-01 1.615203148615855788e-01 -8.658965101466646885e-01 1.633731158801894900e-01 1.420239389720394652e-01 1.416526780297325261e-01 -2.530278012720609242e-03 -1.543047181462569965e-02 -4.411368212498909674e-03 7.121147719287469410e-03 -5.018228491458336799e-02 -9.398674743232013351e-02 -4.108637278309433816e-01 7.805826152305858634e-02 -5.657220887420881805e-01 1.032456353917761416e-01 7.179241088366811185e-02 1.665333352941841816e-01 -9.500115884093529584e-02 1.339244929463110911e-01 -1.634612160033355882e-02 -3.297363625349759020e-01 6.308338985001367416e-02 3.392008574912842578e-01 1.111550038190948358e-01 3.776462780460253521e-01 -7.125999767801984019e-02 4.343626943922440642e-01 5.847403243306902032e-02 3.465796897397466769e-01 -2.374836942048980885e-03 -7.357529674346072711e-03 -1.470894853844366022e-03 -1.554004505290982122e-03 2.869838313459958240e-02 3.618190741312642122e-02 8.337236575538553573e-02 -3.569087439635989373e-02 7.574115122983682280e-02 -4.145979853773733292e-02 2.754795841592233563e-02 -1.567218240978138777e-01 5.240066855606503871e-02 -3.027017956963188802e-02
0.000000000000000000e+00 0.000000000000000000e+00 0.000000000000000000e+00 0.000000000000000000e+00 0.000000000000000000e+00 0.000000000000000000e+00 -1.519017260664028883e-03 1.704036926156556530e-03 1.108387968707674797e-03 1.062709539431705257e-03 1.569170909038870160e-03 6.477440576266570160e-03 -1.118162959839294436e-03 -5.981490510061353294e-03 -4.128937902629151169e-04 6.398274037168190202e-04 8.415297472629137618e-03 -1.532330627685236923e-02 -1.402680075018958999e-02 -1.241403652804170567e-02 -8.801312984109771476e-03 2.794426455178913513e-02 -5.341096342341374904e-03 -1.139928342975332631e-02 -2.367560612450566714e-03 -4.766228154044034604e-02 -1.009303585931462660e-02 2.290641614102561282e-03 9.370427722699638598e-03 1.543704271071415571e-02 -6.096152837073209006e-03 1.521269936490740951e-02 4.190235856022657759e-03 2.035547702805484780e-03 3.051894848165359608e-02 -1.258492185927250276e-02 2.329104558483199167e-03 -5.846994444488307074e-02 -4.324566734857658579e-02 -1.540752412675742283e-02 -3.255920104845033691e-02 -1.942932943413051144e-02 -9.069676293507066347e-03 5.217945869249408439e-03 -1.190377195380281500e-02 -2.605049077400200305e-03 0.000000000000000000e+00 0.000000000000000000e+00 2.629057291357260982e-03 5.902898270538940381e-03 1.064143090437831216e-02 8.949041359385107031e-02 -2.205294928264585688e-02 1.129106745567033249e-01 5.704607618462221100e-03 -5.373311149343792947e-03 1.192663729103149786e-02 -2.277750447929642250e-02 -1.805835936970010339e-02 1.461139167252600568e-01 4.019686286890779281e-02 8.808705025116239651e-02 8.168858651158412976e-03 -8.835742884302683758e-03 1.271567764593970092e-02 -2.660207836176756158e-02 1.339948168778990790e-02 2.470605932293892110e-02 -1.449584179848469739e-02 6.775001983075437662e-02 5.092398809513766500e-03 6.102458683007939977e-03 3.718270280029239983e-02 7.535522071662593968e-02 1.311172736893414376e-02 -6.923247701959504841e-03 -9.268644760045473968e-03 1.676438091636607564e-02 -2.478091663632774402e-02 8.114825513387653733e-02 7.487305440300370471e-03 2.040810419690096064e-02 1.118933874161337771e-01 1.000899322267820413e+00 1.243143417718216348e+01 -8.705878792855601400e-01 1.143027126657995396e+01 -8.286810725957037826e-01 1.723050451357650203e+01 -8.334880379114739668e-01 -4.551701410476762355e+00 -8.253468410744815298e-01 -1.969998662936215880e-02 1.399784412562443403e-01 1.320831022101047990e-02 -9.308841713381652005e-02 -6.233801773469196256e-02 6.106986226698120079e-01 -6.619879749174418793e-01 -5.041019829718978995e-01 -7.935983954187072476e-01 -5.223772452133781385e-01 2.383010089113500318e-01 -4.926509981091919399e-01 -1.616054684742379566e-01 -5.883925947259879274e-01 -3.331934743071600091e-01 1.673748678043598601e-02 2.515965226446489122e+00 1.111550038193648421e-01 2.374089878639040752e+00 1.207618447319423194e-01 1.441043787749657135e+00 2.147536776387672375e-01 2.340371100779480074e+00 1.128357962918400126e-01 5.377616594941473684e-03 1.301668670612965983e-01 -1.752172349467857188e-02 -2.543781621925715955e-02 -7.191297688630207685e-02 2.999222244378486613e-01 -4.135572278509269672e-01 -1.996386741235289530e-01 -5.315035720348049164e-02 -1.455045329461947812e-01 1.916560527994212448e-01 -5.780530364852030090e-01 -8.919811290185841735e-02 -1.243949041087653445e-01
0.000000000000000000e+00 0.000000000000000000e+00 0.000000000000000000e+00 0.000000000000000000e+00 0.000000000000000000e+00 0.000000000000000000e+00 -5.150775237884685056e-04 6.832031322401190942e-04 6.391939355680303046e-04 3.891719400033710448e-04 2.903690246258854891e-04 3.387232524981098093e-03 -3.648148624826551972e-03 -5.661698250987171749e-03 -2.910972663419855028e-04 3.174684582549154414e-03 2.737317651970139730e-03 -3.579450280624180657e-03 -3.194562120574631191e-03 3.055957630441571331e-04 -5.017044160175752020e-03 8.421761006915540887e-03 -3.363609122532490274e-03 1.242362436920781566e-03 1.656329661989824507e-04 -1.085271410454877877e-02 -1.733592748502401498e-03 3.659234620985383699e-03 -2.926779634387195132e-04 -1.164263843595261588e-03 -2.437197369512126947e-03 6.480672707859931082e-03 4.797785501606816462e-04 1.322823476182804440e-03 3.880702984910093349e-03 -1.846827298665248886e-03 2.186699916878542121e-03 -1.864913060657216390e-02 -7.793364463312269300e-03 -3.849809019392873635e-03 -4.427826792824348864e-03 -1.090719529604789254e-02 4.086180704274550157e-04 3.343810779681483884e-03 3.284637903282271003e-04 -3.358085371409655871e-03 0.000000000000000000e+00 0.000000000000000000e+00 5.678661551811550225e-05 -1.522200139391574093e-02 -1.749298871354752066e-02 8.881945842345388351e-03 -1.172114473066129987e-02 1.942221573898968850e-02 -1.117235026552101723e-03 -1.423703974911215420e-02 1.158309290443788886e-02 -1.817884620048999811e-02 3.143891610311813634e-02 1.910717685873703636e-02 3.162802554877092165e-02 4.607448500664709443e-03 -1.075924708715498938e-02 2.870583292874687859e-02 4.281000844708535147e-02 -5.527300960086397458e-02 -1.520027064390538744e-02 -7.053458199381005059e-03 2.838322281308724992e-02 1.468418762132268733e-03 -1.848507275897833327e-02 -2.919256545926943516e-02 3.034088800463068461e-02 -1.510001214188005404e-03 8.882172902994001432e-04 9.779527867580593836e-03 -4.077962140592328311e-02 -3.460019760078051482e-02 -2.721942341129172591e-02 1.192200643024581702e-02 -8.718043997799330112e-04 -2.248792570519398543e-03 -7.289546234995387779e-03 -1.468194110626969695e-01 -7.954820252988730189e-01 1.368983614785335978e-01 -8.785574711846808604e-01 1.457447200932578957e-01 -1.502192202039873692e+00 1.421194097594378203e-01 2.229666420359015799e-01 1.089611856793760436e-01 -3.229837876515389509e-03 -2.352698047644766893e-03 -1.092337374976035114e-02 -3.892729145119335626e-02 -6.434153867679352767e-02 -8.280251515403680429e-02 -5.549043794856685086e-01 6.723180938988096433e-02 -7.080905007339814983e-01 1.165484142475003287e-01 5.942100655641570361e-02 1.590996359050922127e-01 -9.724548444891090160e-02 1.565385443511838892e-01 -2.028409464570210888e-02 -3.814703494735777745e-01 7.183111219217125365e-02 3.776462780460631552e-01 1.207618447315416260e-01 4.668360678804944763e-01 -1.096460433578225896e-01 5.199552299887055806e-01 7.547663646038035856e-02 4.043055550822618471e-01 -3.370789831111444326e-03 9.027358979002454709e-03 -9.836550558334060737e-03 -1.167125313492283108e-02 2.953848847917901060e-02 5.878763662614210767e-02 6.524107345621675547e-02 -5.424317504864930445e-02 7.056889248234766987e-02 -3.892423682805197516e-02 3.536560972422677501e-02 -1.861931823989120272e-01 6.044939844116270500e-02 -4.683114476284002542e-02
0.000000000000000000e+00 0.000000000000000000e+00 0.000000000000000000e+00 0.000000000000000000e+00 0.000000000000000000e+00 0.000000000000000000e+00 3.794077210982738741e-04 6.188726651641560886e-04 -1.609447475438128064e-03 3.056786263716594924e-04 -1.176705744069745166e-02 1.716602543929447071e-03 3.500597020270419281e-03 -1.398625262866667147e-03 -5.901543537131440434e-03 -2.704351754633390302e-03 -3.237269401168569585e-04 -9.928741917608521761e-03 -8.659831633730916481e-03 -9.918782297485859850e-03 -2.507231493322507800e-03 1.375813221005810216e-02 2.415244995072982764e-05 -1.034405544298079918e-02 -2.076705270146307104e-03 -2.933505953383946582e-02 -3.912634729676069123e-02 -1.853042494035993812e-03 8.436417985803867231e-03 1.046261583337024584e-02 7.152369058949740056e-04 5.523429903296115696e-03 2.460135447592492162e-03 1.274799223912063224e-03 2.141932931902447781e-02 -9.994842979980385345e-03 -3.654926274192227265e-05 -3.471779526910272196e-02 -3.417872380150384359e-02 -1.234494195569367167e-02 -2.260306670513403948e-02 -5.281765115782180615e-03 -3.126880113812050693e-02 8.214728858675177537e-04 -1.066579184489691891e-02 -1.281577085159331516e-03 0.000000000000000000e+00 0.000000000000000000e+00 3.708556187773237502e-03 1.658022440156796395e-02 3.681834062176413472e-04 8.587341146843181783e-02 -6.415723754242509680e-02 9.848768507958244323e-02 8.782803584946031333e-03 6.578775726617169806e-02 -6.061731996858350097e-03 1.340671984912295521e-02 1.630606050172851360e-02 1.302151058678293338e-01 -1.820788370445629994e-02 9.937743045501289119e-02 2.113868895917523846e-02 -4.507854024134913193e-03 -2.245479293483729905e-02 4.634440208219145485e-02 -1.625669075682118284e-06 5.495661223342020174e-02 1.762104542498210344e-02 7.153257647837232835e-02 1.471210416452961231e-02 4.801588468051504188e-02 -1.811312264874612860e-02 9.979079893739647988e-02 1.503836475928495460e-02 2.200176818983708843e-02 1.508276348369695131e-02 4.680018025837399953e-02 -6.220896389323846837e-02 7.507901836970680420e-02 7.699906610394359474e-03 1.526599994295818608e-02 8.584022050213276078e-02 6.748516863466664795e-01 9.307748149861961195e+00 -5.147307570815503608e-01 8.530829239567676581e+00 -4.952771125602797309e-01 1.335460804717004457e+01 -5.098444541017462805e-01 -3.285319787983671969e+00 -5.402245716556546284e-01 -2.266239744339553636e-02 1.497980098936878557e-01 1.165337844655374086e-03 6.021861164680455958e-02 -2.482911520106214492e-02 4.878073531986166222e-01 -2.000131314859533438e-01 -3.088069335087512135e-01 -3.203456987243557541e-01 -3.991027149825379094e-01 3.406193420894635948e-01 -3.673482780675410009e-01 -1.550767500031586810e-01 -4.843484530708530578e-01 -2.092235688488135459e-01 2.085143425469888345e-01 1.711498743730158534e+00 -7.125999767796685480e-02 1.441043787749455740e+00 -1.096460433577031712e-01 1.234965904180434393e+00 -1.018849337356657198e-01 1.454520443789126372e+00 -7.484592513057471141e-02 -8.526393074377500853e-03 1.361455617908662874e-01 -5.100605983549687250e-03 -1.087852076556333064e-02 -2.050983955141074885e-02 1.987467717870365913e-01 -1.002528644945633041e-01 -8.765826653887115461e-02 -1.867967892585954345e-02 -1.381706529991836782e-02 1.007340168425998050e-01 -7.787550575063326153e-02 -6.426401980771834221e-02 -4.400950854240302107e-02
0.000000000000000000e+00 0.000000000000000000e+00 0.000000000000000000e+00 0.000000000000000000e+00 0.000000000000000000e+00 0.000000000000000000e+00 -4.070588907397763357e-04 9.041273301134606678e-04 5.498438718385700343e-04 9.403387349817716057e-04 -2.836615650973562178e-04 3.639791544605627815e-03 -4.698102873969693498e-03 -5.713790887577384695e-03 -9.216412234291551219e-04 3.493463339350312644e-03 2.424251954652930155e-03 -2.805755726888491727e-03 -3.778871315884944557e-03 1.379147575106522573e-03 -5.713568940829508516e-03 7.449347725197297439e-03 -3.717133995747267262e-03 -3.232565832904763133e-04 4.116643030012663920e-04 -1.173744588621835477e-02 -5.546384764122604290e-03 4.123640286815342774e-03 -4.470091253504870454e-04 5.946367211789147129e-04 -2.992547837353771740e-03 5.659533317890057605e-03 1.820293366857359332e-05 2.264460078328919997e-03 1.749547752097498163e-03 -2.792158580478214421e-03 3.121172286812056926e-03 -1.948991322445942781e-02 -3.594244206872174684e-03 -4.350662624057657045e-03 -4.547596146961033724e-03 -2.106941038915325151e-02 -1.504181685702580921e-03 3.822670935657162226e-03 3.155637171103317694e-04 -2.403491972218406263e-03 0.000000000000000000e+00 0.000000000000000000e+00 3.743892853373760946e-03 -2.124897797115798265e-02 -1.521591551317297113e-02 1.706437039752065066e-02 -1.037971958752037342e-03 2.856694980859357177e-02 2.639583595870342685e-03 2.044046016865679397e-02 9.770189785761032933e-03 -1.437564263667674182e-02 2.370717990224161659e-02 1.387031532898768023e-02 3.902944058950148787e-02 6.778429878022453232e-03 -1.034710699710542428e-02 3.687501289065467369e-02 5.485410965776282843e-02 -4.648009106968137294e-02 -1.619413441987059554e-02 1.778513440623102557e-02 4.113822605300770929e-02 -1.425644106906637058e-02 -3.982142883617329626e-03 -2.006226558005285571e-02 3.822462761183859081e-02 -9.469439718729941516e-03 5.543158143959281414e-03 3.542039279137053354e-02 -6.102375785603216668e-02 -1.854224484422057131e-02 -1.368675573546901392e-02 1.244463880271161685e-02 -1.075055287248799290e-03 -1.079804285418333679e-03 4.162333212756977666e-03 -1.464268747922095326e-01 5.064963278829280879e-01 1.377992868987836794e-01 3.079234884604715727e-01 1.446316332576063068e-01 2.793180217413248068e-01 1.603491578442576004e-01 -1.837495056880421029e-01 9.918122231509512998e-02 3.367038922343155126e-03 -3.298197425357013608e-03 -3.306272715429730072e-03 -2.946405081516490637e-02 -6.693660781430073314e-02 -8.100682605205777875e-02 -5.569475998189113986e-01 7.145919698033362244e-02 -7.729387182473206330e-01 1.062180633823800735e-01 9.638834306013727149e-02 2.261135946510694494e-01 -1.054530962501423752e-01 1.780744426148588855e-01 -2.891164864711474880e-02 -4.284447605518182378e-01 1.331267475660732891e-01 4.343626943922335171e-01 2.147536776384270096e-01 5.199552299886410767e-01 -1.018849337357192186e-01 6.852956969750690908e-01 1.375500621226006248e-01 4.579887977412745448e-01 7.902143262029884697e-04 1.440763005220033373e-02 -1.292204121544520551e-02 -1.046008612986443903e-02 2.903730377535227239e-02 8.259347702431577010e-02 5.466376464907289623e-02 -7.329217017784839250e-02 8.878839492685811075e-02 -7.173533170135967807e-02 7.931644087170350299e-02 -3.296010067851116720e-01 7.739835747563994506e-02 -6.646166424959897012e-02
0.000000000000000000e+00 0.000000000000000000e+00 0.000000000000000000e+00 0.000000000000000000e+00 0.000000000000000000e+00 0.000000000000000000e+00 -2.263990501307822957e-03 2.672921217765221197e-03 1.602541464054356869e-03 2.106557494703905232e-03 2.209860732690097085e-03 9.899735871052216252e-03 -1.356013204262802516e-03 -8.478678359716183832e-03 -6.997549875007915560e-04 1.205934129709024423e-03 1.252128224931705475e-02 -2.302757733041257276e-02 -2.082021554541466785e-02 -1.627072060075390736e-02 -1.295214809315099573e-02 4.228053114716923827e-02 -7.759155930406677268e-03 -1.671494593064444534e-02 -3.150537515038406150e-03 -7.052845460837352254e-02 -1.507484032970338866e-02 3.568134570126876848e-03 1.412341013803835449e-02 2.322916294127888581e-02 -9.403452898851432165e-03 2.339078041950027470e-02 6.264749930122385374e-03 4.236269383692582886e-03 4.392102240516451012e-02 -1.994522496911362366e-02 2.985069811395436000e-03 -8.243898804930951951e-02 -6.543107943386285152e-02 -2.229109586227635831e-02 -4.735747078727912257e-02 -1.567687824419497500e-02 -1.386784861142174516e-02 7.932944456063129035e-03 -1.791228095880144366e-02 -3.563374652833519677e-03 0.000000000000000000e+00 0.000000000000000000e+00 -6.031120069322218162e-03 9.126163445012800551e-03 2.191644670072017548e-02 9.192951029227258708e-02 -1.124784972832393488e-02 1.059285302702364373e-01 -1.330424119690611778e-03 -1.100118117552223440e-01 1.316672984472560051e-02 -2.301317429601787076e-02 -9.028231326491279601e-03 1.669382385943823099e-01 3.851317900339391864e-02 7.824596048985875407e-02 9.659268330540968228e-03 -3.717838158416983396e-02 1.407209790034728153e-03 -6.186917683421515324e-02 9.703590608945229096e-03 1.289826017155815130e-02 8.699266434811642190e-04 6.802910531983541453e-02 -1.762392319740372845e-02 -3.741854361781923183e-02 3.491218938535989996e-02 7.278335978245022153e-02 3.161747426030439567e-03 -5.995960075042101184e-02 2.514787111999440550e-02 -1.331471403323951710e-02 -2.832460137512101545e-02 9.003336350585852688e-02 1.147595813993600514e-02 3.062247718326761153e-02 9.113089205905577916e-02 1.252375150104768631e+00 1.027159488273012222e+01 -1.150486647033072574e+00 9.254201548094492580e+00 -1.085972784657329271e+00 1.391994418049383775e+01 -1.098757506781700588e+00 -3.834582156137589237e+00 -1.002629818644730442e+00 -2.840494517294648788e-02 1.241479273413645112e-01 -1.674116492020971680e-02 -6.451130342971397869e-02 -3.452623625240774929e-02 6.440735463243277836e-01 -4.458080685495302009e-01 -5.392467559908779018e-01 -4.457251084328054391e-01 -5.271761170229710691e-01 1.512096692850522506e-01 -5.640892748052835914e-01 -9.252682790189437068e-02 -7.828481489773844171e-01 -3.472872630267749838e-01 5.114512478564513243e-02 2.676583258863443060e+00 5.847403243330109857e-02 2.340371100778930735e+00 7.547663646074592725e-02 1.454520443788969164e+00 1.375500621228758213e-01 2.577452851025834768e+00 5.685674502227961585e-02 7.209407394817141795e-03 1.334165799326432478e-01 -2.699984902559532038e-02 -3.805247045191285926e-02 -1.025584553059909476e-01 3.221140387802013949e-01 -5.599382030831825396e-01 -2.295671130561365292e-01 -1.451549281061692009e-01 -1.436584176321610562e-01 1.929489442803473398e-01 -6.849455625286091642e-01 -1.342769701182600639e-01 -1.220393655056183635e-01
0.000000000000000000e+00 0.000000000000000000e+00 0.000000000000000000e+00 0.000000000000000000e+00 0.000000000000000000e+00 0.000000000000000000e+00 1.381237761182394787e-04 1.467039310491172329e-04 5.327444288348912428e-05 -1.491911618121053319e-03 -1.343754610263953909e-04 6.010699817968901803e-04 -3.113146331036190009e-03 -2.761203195286459147e-03 -3.432079370976172730e-04 2.753263691708575552e-03 -8.301299827802150443e-04 2.542251710358585035e-03 2.422963458555092535e-03 5.059516582007030257e-03 -1.474341455717261993e-03 -3.569873376883461388e-03 -1.191275906122714508e-03 5.756519202069898880e-03 7.610135977041132538e-04 8.175219742319467242e-03 1.125732936057174428e-03 2.528707612109553846e-03 -3.312894718446036859e-03 -5.806998968082215801e-03 -1.589415536505265833e-05 -3.441886851840631791e-04 -1.229411465808860583e-03 1.407524729048856716e-03 -8.022737551830203331e-03 2.656765851176139288e-03 1.033422894174249821e-03 8.399646461170456185e-04 1.000840750274071059e-02 1.062066345017338232e-03 6.556438757236732889e-03 -1.289609481539632889e-02 3.428882299004068317e-03 1.240951100592007934e-03 4.298209354084798692e-03 -1.885479175354496566e-03 0.000000000000000000e+00 0.000000000000000000e+00 1.036196772752543890e-02 -9.465236239466974164e-03 -1.111674561872299030e-02 2.782413681938710436e-03 1.267669281994892976e-02 7.163077627000187346e-03 3.298825224378059556e-03 -6.654972041707896135e-03 1.034601206108596086e-02 -9.711383139635810374e-03 9.562905336268297946e-03 3.691079524150646385e-03 2.532626259570734326e-02 -7.268255958522889040e-03 -1.057865146142706464e-02 1.989666469196240545e-02 2.305619456260480163e-02 -3.641124885880888534e-02 -6.091153735579463852e-03 -7.950629245095116801e-03 8.923831753762500457e-03 6.419394629530356805e-03 -3.932120954134104077e-03 -2.480504787794303445e-02 2.471594164484363504e-02 -1.271056118217740206e-02 -3.290649456456124292e-03 9.491471992644679584e-03 -2.099924781282141648e-02 -1.346967059766344954e-02 3.082040108334993620e-03 2.027513238181695172e-03 -3.076561179508019786e-03 -8.763901995866142311e-03 -3.693687367538853270e-03 -1.656360016206980812e-01 -3.357942577213732793e-01 1.487275631639865814e-01 -4.146925354987350820e-01 1.555628857755868566e-01 -7.349732197011460411e-01 1.526771701499895495e-01 1.823417587623751557e-01 1.704559110776803776e-01 3.229680857763248848e-03 -1.148228410537800379e-02 -3.598667012726960383e-03 1.759529547288057882e-02 -5.099324372805037059e-02 -1.083934517003801584e-01 -4.467127134133871413e-01 8.650909657892789928e-02 -6.090673837510438560e-01 1.257234712555219958e-01 5.836042670963189488e-02 2.020056938404440894e-01 -1.500457591721415795e-01 1.572885020867448858e-01 -1.464386508941826689e-02 -3.412635560151862646e-01 6.526494077852643128e-02 3.465796897397467324e-01 1.128357962915756407e-01 4.043055550822168831e-01 -7.484592513061136265e-02 4.579887977412874234e-01 5.685674502207806874e-02 4.030436685597332258e-01 3.155640781706054842e-03 -6.445212436351165780e-03 -2.847132062543635683e-03 -4.581918657781346681e-04 2.106382746389966545e-02 4.651781932103242478e-02 8.484498257153491596e-02 -4.583815354697756694e-02 6.878621415384807147e-02 -4.497339347348235788e-02 2.068767533867478178e-02 -1.719163608999536297e-01 3.198974993309923465e-02 -3.736153004614548717e-02
0.000000000000000000e+00 0.000000000000000000e+00 0.000000000000000000e+00 0.000000000000000000e+00 0.000000000000000000e+00 0.000000000000000000e+00 -2.807001442278746445e-04 -6.514113587626244950e-05 1.605476920807563440e-04 -1.309339922392067479e-04 2.471316058180979876e-03 -5.605629279885230654e-04 -1.724361894297646129e-03 -3.881179955287792022e-04 4.423183108761099321e-04 4.753910765098318114e-04 4.247900021844614100e-04 4.965739913102827120e-04 1.584691647768968832e-04 -1.009697024626870793e-03 -7.464854391782780197e-04 -2.356850561805262591e-04 -7.293467440643128415e-04 9.957218409087933118e-04 2.240618650113611592e-04 2.005573109523209373e-05 1.412924903062999678e-03 3.880846388935171583e-04 -2.346888585384042554e-04 -2.109861626150930786e-04 -2.206983007253694208e-03 -1.444067058856674792e-03 -3.049096513266224824e-04 2.048785022999296927e-03 -2.254169880364871592e-03 -1.815473296354801333e-03 -2.335262917271589092e-04 1.469895937789048599e-03 5.268336063869671036e-03 -2.014274953825381017e-03 1.096606779915971401e-04 -8.451057781386607862e-03 2.923983301249516876e-03 4.605675818087531900e-04 5.215709728919043628e-04 -5.719788753521410371e-04 0.000000000000000000e+00 0.000000000000000000e+00 7.717303552667866343e-03 3.700209400034099906e-03 1.725024972447546448e-02 1.221921163778187571e-03 4.238568997273095551e-02 1.685436241356199521e-05 4.594050056631026604e-04 -2.757791590489173071e-03 2.373210733812866104e-03 -4.476590098483597489e-04 -2.974584134691308362e-02 2.882174179622019124e-04 1.174061615346422977e-02 -4.725385988401907544e-03 -1.999273717874302733e-03 2.304045798529191346e-03 -9.051263465509771719e-04 -1.391781587551575890e-03 1.073727701710624517e-02 4.441997583266928291e-03 -1.754621395630218475e-02 -2.696854569786336434e-03 5.136542655993630094e-03 -1.282562855948089602e-02 1.316965767935785944e-02 -6.454697869635405913e-03 -1.996007388315615937e-03 1.764436170384884022e-03 2.524328217711488322e-03 3.127694397018581512e-03 4.108732895438690913e-02 5.674171671803572776e-05 -1.518244164113983119e-04 -1.170278918666409077e-03 -1.842211754821315977e-03 2.981985438847226111e-02 -4.057845159437540455e-02 -3.503675755216900667e-02 -2.788920889562201966e-03 -3.400668879500880898e-02 -6.394976699633793393e-02 -3.164319598313969362e-02 3.842446559851615817e-02 -6.283861116319942354e-03 1.008023927696837310e-02 -2.157870421437046386e-03 3.539585989518233451e-03 9.452872821605073222e-03 7.756401290237665072e-03 -9.625488599745121374e-03 1.147535699872925113e-02 2.536325532543357800e-03 9.872594622592783045e-03 8.371038305137601734e-03 -1.953516127788955739e-02 1.476796801283643094e-02 -3.005682174079989978e-03 4.369484136097708492e-03 6.115954245801632355e-03 3.445541506985763149e-03 -9.936712025835452156e-04 -2.374836942034822072e-03 5.377616594933453190e-03 -3.370789831094807461e-03 -8.526393074388122564e-03 7.902143262181967904e-04 7.209407394810492600e-03 3.155640781717756853e-03 1.330844379157760868e-02 -2.447046621197021803e-03 -6.127435494473602341e-03 4.929431472105712340e-04 -1.468773405006829243e-02 1.255665061385182954e-02 -1.288394035014791585e-02 -1.409285711148268103e-02 -5.748212476729848246e-03 -1.266868239999210770e-02 3.370005724114184982e-03 -8.035291678068771232e-03 -4.362386538880210635e-03 -1.460943390500579753e-02
0.000000000000000000e+00 0.000000000000000000e+00 0.000000000000000000e+00 0.000000000000000000e+00 0.000000000000000000e+00 0.000000000000000000e+00 -9.540686106691980166e-04 7.505556703001889157e-04 6.704426423730724212e-04 5.350531946869223603e-04 -1.489023514224268544e-03 4.465617797380746351e-03 -5.598436538957199870e-04 -4.862917577438111670e-03 -1.286165099757273327e-03 1.089555622928026679e-04 4.392992317917896947e-03 -1.182032940293864347e-02 -1.071809561955056403e-02 -1.123754079788570094e-02 -5.377013150304876983e-03 1.937639403854943265e-02 -2.411785472902217876e-03 -7.180568801469768177e-03 -6.139621832974499326e-04 -3.659496045547885879e-02 -1.215251829510535092e-02 1.273287537338747832e-03 6.585642353229848207e-03 9.334613541312611340e-03 -3.939736900515407141e-03 1.160777907968346852e-02 2.940033594127931631e-03 6.111409416007678765e-04 2.254130566335088917e-02 -9.478395838752094391e-03 3.281992068202258146e-04 -3.111003748752367778e-02 -3.063742992229523399e-02 -1.030020956372167638e-02 -2.192669089986395287e-02 2.044100183017094619e-05 -1.034297594041330010e-02 3.129994431004038107e-03 -8.272489914632179947e-03 -2.550284778231453556e-03 0.000000000000000000e+00 0.000000000000000000e+00 -6.407257978580890335e-03 2.565791300534993324e-02 -6.153976317123453603e-06 5.022104502445392388e-02 -1.823422665077333027e-02 6.536130934900877265e-02 -3.492027358919992663e-03 3.464823516322342034e-02 -3.806755160096354784e-03 8.249774256524388186e-03 1.331504493248519307e-02 7.540480406755646625e-02 -7.192899781405354478e-03 6.242269543401965382e-02 4.237261870627414759e-03 1.822934091850880733e-02 1.391117276115745940e-02 3.013739072096734140e-02 -6.250644349387976528e-03 9.103794040555077127e-02 1.024758585499102072e-02 -1.472937775293159737e-02 6.714494712006357190e-03 2.225177274467475888e-02 -5.827087868883822422e-03 5.934180289905657824e-02 3.348230915683059541e-03 3.234654836465620381e-02 -2.225666340019962983e-02 2.221460359082421190e-02 -2.941947401361680314e-02 4.891104517892232162e-02 5.143662658241761679e-03 1.302974676095429787e-02 1.156638377654942151e-02 2.207374219385554448e-01 1.186592842056233055e+00 -1.485630512944687565e-01 1.111750188278618712e+00 -1.335109060688980942e-01 1.689291706111164304e+00 -1.444949412720105131e-01 -4.095280718561459254e-01 -1.693545360426959856e-01 -8.294678853449935496e-03 8.287058995299449726e-02 -4.612186756350950510e-03 1.595162716949578277e-03 -6.000040287174615572e-03 1.304819716843751143e-01 -2.987285742353889065e-02 -4.595884864882864018e-02 -4.265718149375884172e-02 -5.124610037511647537e-02 4.034488436615336210e-02 -5.843420033220515092e-02 -1.735832855639617492e-02 -3.756084216608380350e-02 -2.465181412836581903e-02 6.853216878507424614e-02 1.868848759565563400e-01 -7.357529674353918865e-03 1.301668670612730616e-01 9.027358978999259348e-03 1.361455617908519655e-01 1.440763005217478125e-02 1.334165799326644253e-01 -6.445212436359586128e-03 -2.447046621197311502e-03 9.540989164772419040e-02 -1.308954937257211272e-02 -2.024162443586722746e-02 1.071437583658484995e-02 7.720760626133985061e-02 4.888995138127801010e-02 -1.071828270856743127e-02 -2.337145668302933500e-03 2.120232424152402456e-02 7.475549754581569707e-03 -3.008560134579975689e-02 1.425859609122189474e-02 -1.133614977078231667e-02
0.000000000000000000e+00 0.000000000000000000e+00 0.000000000000000000e+00 0.000000000000000000e+00 0.000000000000000000e+00 0.000000000000000000e+00 1.302185532729964717e-03 -3.162617866772291365e-04 -1.062898418611953099e-03 4.906048713175625419e-04 -7.428068768518560766e-03 -1.046484442031446471e-03 4.748504240649040371e-03 1.807030505101118100e-03 -1.767048272536395157e-03 -8.882788171776852693e-04 -3.779925446136230775e-03 4.579969292245590282e-03 4.725776458697322421e-03 6.279664711507300899e-03 3.851734754914774243e-03 -8.297036600804521406e-03 3.244469153576593108e-03 1.669163810902354363e-03 -6.416681100596833415e-04 1.824055157600368293e-02 -5.418932559823870856e-03 -1.358913099629724614e-03 -2.008332121456529989e-03 -6.259114872071672338e-03 7.275696156620449148e-03 -2.656362471836078241e-03 -1.004661555389681302e-03 -4.359602206035905966e-03 -6.632760465284330727e-03 7.606721227579402687e-03 3.123210333181489738e-04 7.322177825070485917e-03 5.209109539308886573e-03 8.015606123671130401e-03 9.819171666358197589e-03 1.608213624869421488e-02 -6.777311007542224063e-03 -2.478049315046723482e-03 2.212445611966018608e-03 9.939700890239709739e-04 0.000000000000000000e+00 0.000000000000000000e+00 1.080316851643437956e-04 -3.267163825325780820e-03 -6.482578035147234206e-03 -7.227647731689726407e-03 -8.247111248045583751e-03 -7.963551341973766282e-03 1.715003345106395818e-03 1.225172955010383861e-02 2.327504421913967727e-04 1.578419471707443898e-03 4.105174244411064800e-03 -9.889102758902019660e-03 -3.480004856412081959e-03 -6.602165128857469083e-03 1.558822477453239343e-03 -2.369912357612691690e-03 -5.572187839862274492e-03 6.640564020249258709e-03 -1.948031844761672748e-03 -7.033517267509855828e-03 8.856980479464605580e-03 9.187695977572855627e-04 4.352944848381299324e-03 1.067146339377803357e-02 -4.006892586403733476e-03 -5.635006191816837283e-03 1.638131818163980494e-03 -9.122022417059421316e-04 4.028791773278719152e-03 6.353207512981802474e-03 -5.494999947164623186e-03 -6.485826648638426048e-03 -1.059200139924463234e-03 -6.210842057112067952e-03 1.688559787098175549e-03 -5.609575386894946614e-02 1.427145216457764154e-01 5.524696010685412051e-02 1.341317045285750076e-01 4.867221391593085089e-02 2.324857032064002460e-01 4.810777365185892052e-02 -5.352373469240698928e-02 4.552304869088739242e-02 -1.004402845679927938e-03 -5.366343058624969443e-03 4.530279509856789504e-03 6.343977717533925281e-03 -2.688870456993561371e-03 -1.406564531283988409e-02 -9.998413760542251838e-03 7.491063453979567542e-03 -2.295934765500837887e-02 3.094578046861173534e-03 9.548650734431986253e-03 1.106312330239268490e-02 -1.039580010624289487e-02 -5.988372043482957305e-04 2.963258778675354962e-03 5.078640115584970131e-04 -2.908398077129349321e-02 -1.470894853856772764e-03 -1.752172349464541784e-02 -9.836550558349905701e-03 -5.100605983534261222e-03 -1.292204121545959157e-02 -2.699984902558102973e-02 -2.847132062552025673e-03 -6.127435494472045427e-03 -1.308954937257134424e-02 1.922799159619609927e-02 7.584386700844641255e-03 7.078030814977176802e-03 -1.938511422082606420e-02 3.043627414507592624e-02 1.590954652575918976e-02 1.369473476974594241e-02 7.804552409277733423e-03 -4.457886359685951476e-03 2.907299593491695019e-02 3.191890720278601264e-03 1.333684704667045633e-02
0.000000000000000000e+00 0.000000000000000000e+00 0.000000000000000000e+00 0.000000000000000000e+00 0.000000000000000000e+00 0.000000000000000000e+00 7.551487624042161218e-04 -4.646947778082948020e-04 -7.043803430096198413e-04 -1.210589181349742711e-03 4.695007426060029770e-04 -4.150963923164022358e-03 9.990983989715850663e-04 5.220555145719683703e-03 1.621576764603372756e-04 -1.107063086585359903e-03 -3.689092902127852607e-03 8.223771250534032268e-03 7.231686187712854132e-03 6.907677520621153915e-03 4.407845109781571499e-03 -1.506881644455201376e-02 2.052014537923739848e-03 3.527977048461243981e-03 4.736055564647897640e-04 2.296854009434155450e-02 3.498480592820373079e-03 -2.052216348019188057e-03 -3.376279632952608988e-03 -4.034759554876662588e-03 2.302371678858141681e-03 -1.018372070619575145e-02 -2.096742052913444856e-03 2.223007429802278338e-04 -1.606472503798426349e-02 5.524105029107474751e-03 -6.917215876056775079e-04 2.163287688149689858e-02 2.099991259327728052e-02 6.008147849881110940e-03 1.400623919877658045e-02 2.356636938592749590e-03 3.686435831898555310e-03 -2.883126217513173883e-03 4.368143550012885609e-03 2.991525514721136460e-03 0.000000000000000000e+00 0.000000000000000000e+00 9.495951568957593583e-03 -2.676182486444448998e-03 -1.639506060092227411e-03 -7.093977220067873221e-03 9.359486134480354130e-03 -8.258434865449327048e-03 3.992372277183175826e-03 2.987472207727720486e-02 -9.837445829933660858e-06 3.259264476173969610e-03 -7.260512399788692818e-03 -1.224702248530376743e-02 2.575792005028894327e-03 -5.090796672563964453e-03 7.606957634605028594e-04 1.584876074566298268e-03 -6.332547201302106063e-03 1.104167472034127406e-02 3.648455976139253730e-03 -8.847015637501502716e-03 -5.083007907785759387e-03 5.476978862508369815e-03 7.440643701705679930e-03 1.356474769991171739e-02 3.243179771893016632e-03 -5.698662231517125955e-03 1.712423766346725471e-03 8.721648664011932492e-03 1.913219835224791313e-03 1.078457355423849406e-02 1.130387965608780146e-02 -9.031170176139229760e-03 -2.226452464992255929e-03 -6.112955034707551714e-03 4.842465131919966061e-03 -6.504310282290662326e-02 5.452921597105301332e-01 6.787915252265977473e-02 5.124805692588234596e-01 5.751404159947724054e-02 8.271504519724114379e-01 5.797970233033099274e-02 -1.913575284483657879e-01 5.126944796110646796e-02 2.817780856785735873e-03 -4.899479396380017338e-03 6.999207801739046157e-03 8.589270100298314337e-03 -3.309434800057391417e-04 -1.754407137299012626e-02 -7.013869742780714372e-03 1.142182456528458359e-02 -3.401286765808356205e-02 3.069467383351021702e-03 1.498070638522664907e-02 2.056271249051884464e-02 -1.650317982369632272e-02 -2.649886655826424152e-03 8.408247204182633244e-03 1.581342753316141575e-03 -4.430829691029344181e-02 -1.554004505317472216e-03 -2.543781621919738445e-02 -1.167125313495690278e-02 -1.087852076552408079e-02 -1.046008612989987076e-02 -3.805247045187036548e-02 -4.581918658054426850e-04 4.929431472116149954e-04 -2.024162443586034754e-02 7.584386700844174614e-03 1.708460525092083196e-02 3.334356578166768927e-03 -2.132980675051548633e-02 4.050340541563933472e-02 1.601759788044337593e-02 1.633538876636591447e-02 1.078504287723196058e-02 -7.492956680517276480e-03 1.365597931746589076e-02 5.203797775624059360e-03 1.751679351922316719e-02
0.000000000000000000e+00 0.000000000000000000e+00 0.000000000000000000e+00 0.000000000000000000e+00 0.000000000000000000e+00 0.000000000000000000e+00 3.228293959223491136e-04 -5.615744538672585691e-05 -1.057846319254015892e-04 -8.905549776439575412e-04 -1.319276034164563408e-03 -3.169375337970343435e-04 3.183259525503858984e-04 1.968241539137537480e-03 1.931724921549795573e-04 -7.735583458659341279e-04 -1.237733074679342547e-03 1.536420375539318539e-03 1.295348669863165573e-03 1.322304224320843208e-03 1.738403208568633845e-03 -4.403287206580871853e-03 6.634302782589351086e-04 3.680690559368148072e-04 3.310734583945420845e-04 5.317392694383350077e-03 3.132795960043112133e-03 -7.307323793659302675e-04 -1.823097967026710963e-03 1.066993600467640475e-03 2.490218646264679130e-03 -8.342902687095491961e-04 -2.146609893096572885e-04 -2.366776597617182860e-03 -8.521792991244009222e-04 3.599826081657425594e-03 -9.026530965241111922e-04 7.268018027271013794e-03 6.105923753432981882e-04 3.808015494038693299e-03 3.269343012284584883e-03 6.925576381880238497e-03 8.462321963584248929e-04 -1.126626739089267148e-03 1.874159533656381913e-03 2.550999789170895708e-03 0.000000000000000000e+00 0.000000000000000000e+00 -6.712340841655872400e-03 -7.989403976033770255e-03 -2.752198030775149587e-02 7.655659910047615813e-03 -5.218860089518679440e-02 6.045376887063975968e-03 1.027916824201210132e-03 3.191453195497005735e-02 -6.016368337369198786e-03 1.022926535989074261e-03 3.797290567589801935e-02 -4.960189120449443219e-04 -1.682430954783429092e-02 1.252230784309333808e-02 3.290479415644363779e-03 6.297732841965868883e-03 5.612510529019083989e-03 2.070500820816021867e-02 -1.508635007506842207e-02 1.712401646810280190e-02 3.497643128122701617e-02 -2.022826523092002143e-03 2.597342071835030426e-03 2.584977324286135553e-02 -1.752666436647012244e-02 1.297299114957038875e-02 4.750713452395275913e-03 1.804797709909564812e-02 -1.334190229489694984e-02 1.022937500465284991e-02 -4.994914763838713412e-02 1.555505753634095229e-03 -2.015158992547873718e-03 1.343802395944054730e-03 7.974775611146969756e-03 -1.590106257145719459e-01 6.538347809594768911e-01 1.796692587218594594e-01 5.323321759441660417e-01 1.701272644264468503e-01 9.653076125263266860e-01 1.652705225139904366e-01 -2.356166474956173651e-01 1.176079120214569562e-01 -9.583758710420662782e-03 1.172280437967060385e-02 1.575724384098199345e-03 -1.033899502441962617e-03 -1.883738073665644844e-02 5.248486217547834905e-03 -8.986580150948991763e-02 1.623513586022367478e-02 -1.324655525453625748e-01 -4.060793535350618044e-03 6.654782907458800523e-02 7.294282633602388460e-03 -1.663707232162695351e-02 1.727686309922035757e-02 4.976211545372566034e-03 -2.470666438326435399e-02 -8.549183879686832188e-02 2.869838313455484735e-02 -7.191297688621169082e-02 2.953848847911851733e-02 -2.050983955134197748e-02 2.903730377530234011e-02 -1.025584553059234044e-01 2.106382746386441240e-02 -1.468773405006519595e-02 1.071437583659874855e-02 7.078030814975561774e-03 3.334356578167518327e-03 5.131415987986181343e-02 -1.437451868439685622e-02 1.926380593245154149e-01 2.460212210479401085e-02 7.452478957415178962e-02 1.861991565016987704e-02 -2.097651532957555548e-02 6.476875472444952597e-02 6.131995244272711587e-02 1.917529148406788356e-02
0.000000000000000000e+00 0.000000000000000000e+00 0.000000000000000000e+00 0.000000000000000000e+00 0.000000000000000000e+00 0.000000000000000000e+00 -9.229135965973743992e-04 1.210224792245570558e-03 4.342364064073482121e-04 -2.599473927336337642e-04 -2.852532975285810516e-03 4.855286226920955441e-03 -1.244235216749949805e-03 -3.158733836249012251e-03 -2.553064074403150162e-03 -2.361519534866910060e-04 5.248537824321910378e-03 -1.420826671599468780e-02 -1.372712418325391405e-02 -1.645643238225531074e-02 -6.818109730418671008e-03 2.277992825117709438e-02 -3.965148182668611944e-03 -1.062857884447368680e-02 -1.156851127520378561e-03 -4.683100100704851165e-02 -2.144841960854380891e-02 1.331026391981264198e-03 8.893170946364816962e-03 1.555155029744948424e-02 -5.299038090004614711e-03 1.264320048259487579e-02 3.573421482610001677e-03 2.146928461902793996e-03 2.790752381711672850e-02 -1.244619332742316793e-02 3.296648452556378553e-04 -3.719936966114602978e-02 -3.928559183780069852e-02 -1.291679352766351638e-02 -2.892674488004695621e-02 -3.596441745834827626e-03 -1.657469199559413742e-02 4.191373733579896455e-03 -1.095389683513720187e-02 -1.055979253139763350e-03 0.000000000000000000e+00 0.000000000000000000e+00 -4.647187163437233037e-03 2.427260047264969550e-02 2.932410039896898163e-02 5.700822627368474366e-02 2.930909356396325591e-02 6.036947900099529779e-02 -5.308054054874545430e-03 1.288909607138170876e-03 1.802828115251383116e-03 4.179098714864490534e-03 -2.213133226076955881e-02 7.774234795710056878e-02 1.089277408387135174e-02 4.817619368241739947e-02 1.115643463181202957e-03 9.844131702654645294e-03 1.018095001339814482e-02 -3.435397571807034638e-03 6.852175282022352799e-03 6.666191123146072983e-02 -6.248712249524124469e-03 -9.416525612373018855e-03 1.150413228340818779e-03 -4.335093496369388233e-03 1.249920987232850181e-02 4.488578771774890536e-02 8.858076769624814717e-05 6.959168356388144641e-03 -7.009423569842457812e-03 2.895190611966069576e-03 1.804869461073574724e-02 4.828595344040111093e-02 7.063823236036077292e-03 2.011613525504549541e-02 1.644940562540042270e-02 3.967681030599357617e-01 1.982718313623087925e+00 -3.474745236254110359e-01 1.816005124411835148e+00 -3.187537072243869507e-01 2.669213909823018316e+00 -3.217573457653041813e-01 -6.708239183282108664e-01 -3.004727070737931993e-01 4.693893877248534862e-04 6.593367880529132918e-02 -1.089364180728612935e-02 -1.291428801776271090e-03 5.309450651320556797e-04 1.299407476965957209e-01 -5.056758916976057672e-02 -6.937108415401534167e-02 -4.773371423217846743e-02 -5.648550096485391303e-02 9.066038996301133829e-03 -6.403971851174372620e-02 -1.825690075003853080e-02 -5.535982309866542550e-02 -4.416113501597739022e-02 1.568518784839747354e-02 3.798025658781076785e-01 3.618190741314905590e-02 2.999222244378003110e-01 5.878763662618245039e-02 1.987467717870290973e-01 8.259347702433929295e-02 3.221140387802685079e-01 4.651781932104611522e-02 1.255665061385302997e-02 7.720760626134351434e-02 -1.938511422082841648e-02 -2.132980675052396566e-02 -1.437451868442322575e-02 1.724231962347902158e-01 -3.612636825120495859e-02 -1.176400969972221933e-01 -3.077028024659389516e-02 -8.900399025152980204e-02 3.278880750074272821e-02 -1.624434814984714315e-01 -5.723074345935689686e-03 -1.037285211910001365e-01
0.000000000000000000e+00 0.000000000000000000e+00 0.000000000000000000e+00 0.000000000000000000e+00 0.000000000000000000e+00 0.000000000000000000e+00 2.172298541815941963e-03 -2.094461449313320209e-03 -1.680995612533448457e-03 -6.830218301161381303e-03 -1.426124137243153442e-03 -1.040155432007312461e-02 -1.358530905403097268e-03 1.413007102498606629e-02 1.507097594883062726e-03 -4.473827742445437260e-03 -1.154076861793354794e-02 2.080303529923397191e-02 1.819221046746693354e-02 1.101624300594770955e-02 1.314078731840485556e-02 -4.548077615190165152e-02 5.606108768254680630e-03 1.233037496293807808e-02 2.504381121662684669e-03 6.173624727288389014e-02 1.904674532972893547e-02 -6.191338599862136749e-03 -1.482259199593021978e-02 -6.457657069686562404e-03 1.065376855465348382e-02 -2.385812800308403231e-02 -5.183506691549413271e-03 -7.346467524182876546e-03 -3.488731667290179139e-02 2.132568846332523471e-02 -7.293294377098974955e-03 6.931269862086314459e-02 5.098228492420635999e-02 2.242141141942410876e-02 3.830241121885653854e-02 1.101299569073926725e-02 1.426604423615905094e-02 -9.629515813862007251e-03 1.767506524986936500e-02 1.268806955020040927e-02 0.000000000000000000e+00 0.000000000000000000e+00 2.220800501210497963e-02 5.776591603646473276e-03 -5.254607149368916569e-02 4.660238221091667771e-02 -3.958974698652807656e-02 4.006840593547363050e-02 1.709750622225436265e-02 2.692512794706158896e-01 -1.864241511482446836e-02 1.856324379892453774e-02 3.280183303774401177e-02 1.256264846674660929e-02 -4.258820213466380650e-02 5.893388345037154502e-02 3.066800003608015704e-02 5.700039648542257198e-02 -2.618934850494362282e-03 1.611798655070280362e-01 -1.808973962535452215e-02 1.653727043285578291e-01 1.032886007212895640e-01 -5.053855844806926650e-02 7.214573753011727097e-02 1.435560083330601200e-01 -3.578978749778466417e-02 5.147350483920579145e-02 3.307313362745095686e-02 1.443421565407275731e-01 -5.012207113258147773e-02 1.204174162096598721e-01 -3.709454943889909512e-02 1.199925320766335665e-02 -1.353696012819513572e-02 -1.185421231613982378e-02 4.382471811638377623e-02 -7.486099813583664275e-01 4.571331565164500788e+00 8.648483518534926251e-01 3.972685644189951848e+00 8.154237941014936819e-01 6.623042154904565493e+00 7.855591020198486873e-01 -1.482885344208071610e+00 6.848815852154750417e-01 3.290825995765672436e-03 9.019367757959802223e-02 3.691676622138034825e-02 4.970595633086312415e-02 -6.385375579776730870e-02 1.063266608677315705e-02 -4.670520187445333926e-01 1.055929269061118558e-01 -7.559189985674872325e-01 4.100078349164742314e-03 3.161595435280913913e-01 1.193018170233472314e-01 -1.816055491779509923e-01 6.749728758363783554e-02 7.110234245895016847e-02 -3.271013164408095864e-02 -4.221094696067262397e-01 8.337236575519421655e-02 -4.135572278503297783e-01 6.524107345595467344e-02 -1.002528644941678565e-01 5.466376464882610753e-02 -5.599382030827040335e-01 8.484498257139151678e-02 -1.288394035013043677e-02 4.888995138135517060e-02 3.043627414504827475e-02 4.050340541562048174e-02 1.926380593244767236e-01 -3.612636825105051269e-02 1.071919453104573483e+00 1.013116140452039460e-01 3.544047195046300391e-01 9.429111104786577768e-02 -1.287155039846729632e-01 4.883504289431445100e-01 2.716469704039954913e-01 5.964008882665577244e-02
0.000000000000000000e+00 0.000000000000000000e+00 0.000000000000000000e+00 0.000000000000000000e+00 0.000000000000000000e+00 0.000000000000000000e+00 7.357113348342677380e-04 -9.404999794062666139e-04 -4.013775607410993490e-04 9.074010604857455980e-05 1.316338150188759012e-03 -3.743700688222931748e-03 1.757181666814163802e-03 2.055342593845612808e-03 1.593947287432406941e-03 1.716020333943839120e-05 -4.627428348804605261e-03 1.092786969909950549e-02 1.071015981420546555e-02 1.322838611928019853e-02 5.742353945041682450e-03 -1.791373325572878997e-02 3.688349501900468289e-03 8.078864038882502957e-03 9.830432079416090950e-04 3.414319591245239954e-02 1.488100046682808153e-02 -1.280604928638709190e-03 -6.466566115309184924e-03 -1.257080976398300583e-02 4.416569809508096370e-03 -9.601556774623827561e-03 -2.826162653223507088e-03 -1.727376255344490429e-03 -2.159871528766046239e-02 8.928630940795975746e-03 -8.215144266718472357e-04 2.756376341484069806e-02 3.103783277927606860e-02 9.665212744001250647e-03 2.244668188064606953e-02 6.382573417306193833e-03 1.119331551575518391e-02 -3.576154739123348254e-03 7.899493147615187921e-03 6.089214373702833347e-04 0.000000000000000000e+00 0.000000000000000000e+00 4.473957424968043155e-03 9.746059598913956682e-04 -2.915590771619811644e-02 -1.825695277851755935e-02 -3.713930169125755076e-02 -7.124743213028764989e-03 5.673634913893924395e-03 4.615176637977919105e-02 -3.167147735515974446e-03 2.071760881915519527e-03 2.793468476689192626e-02 -1.912677375013161624e-02 -1.521990501157453879e-02 1.779926533185104175e-03 2.609678024217034018e-03 5.509128386206494157e-03 -4.938746372673520450e-03 3.298426765759581575e-02 -9.527337181393664284e-03 8.702649954577883554e-03 1.320611158667383059e-02 -2.337933306259183316e-03 1.126208072010913622e-02 3.614013109980523941e-02 -1.620541040025381962e-02 3.368314717878497823e-03 3.259626582050169190e-03 2.092132910874475865e-02 -5.423983957606128350e-03 2.147002581385970901e-02 -3.374234340469006721e-02 -1.064040651411391272e-02 -4.876190495503629312e-03 -1.588771622217869522e-02 -2.675470834604113356e-03 -2.330847252952162885e-01 -5.340227066314848781e-01 2.507569421495535744e-01 -4.368126190724485602e-01 2.288807113502436819e-01 -5.701686045840317352e-01 2.230060098349320452e-01 1.642527042045264785e-01 1.894211421809584572e-01 -6.858483397527089659e-03 2.561655655136252461e-03 1.092975358545377092e-02 4.898279080059018617e-03 -6.281834868970510161e-03 -3.309238727503274746e-02 1.270120360372418988e-02 4.149141981372111987e-02 -1.931829033876351909e-02 2.039539764925952028e-02 3.463229061988423035e-02 3.503452947361768849e-02 -1.275186380624471379e-02 2.405953224905734572e-02 2.794746819852114358e-02 4.411668555179422413e-02 -2.441912587670339585e-01 -3.569087439638864850e-02 -1.996386741233092954e-01 -5.424317504868868961e-02 -8.765826653876532260e-02 -7.329217017788769439e-02 -2.295671130559930606e-01 -4.583815354699197209e-02 -1.409285711148047793e-02 -1.071828270855750519e-02 1.590954652575486683e-02 1.601759788043964280e-02 2.460212210479242878e-02 -1.176400969971894278e-01 1.013116140452329506e-01 1.241637963678519363e-01 3.924648838224989444e-02 1.135688852301891261e-01 -3.075948832436475183e-02 1.421054072480953945e-01 1.738278509921719825e-02 1.054562752085909660e-01
0.000000000000000000e+00 0.000000000000000000e+00 0.000000000000000000e+00 0.000000000000000000e+00 0.000000000000000000e+00 0.000000000000000000e+00 8.312874893873158262e-04 -6.143493621039139473e-04 -3.975012686617437592e-04 -2.373269739293846527e-03 -4.842450837078040443e-04 -3.235043679674119883e-03 -7.377670856295872551e-04 4.904591551884366143e-03 8.316910829950076387e-04 -1.140376078795053184e-03 -4.107040591431302540e-03 9.072743546760323949e-03 7.226261302543624150e-03 5.983978599442092358e-03 4.720087336572851601e-03 -1.830747842572116521e-02 1.642738046536731857e-03 5.593964501425947519e-03 1.134103016604258570e-03 2.798702141380019631e-02 1.008254535855658551e-02 -1.623014042382362691e-03 -6.789363688169181878e-03 -3.552574043364995805e-03 4.735848316817805465e-03 -8.853825260707146039e-03 -2.247657319131859954e-03 -1.994478212370931654e-03 -1.449176008486768863e-02 8.845154567586645256e-03 -2.267329276619248993e-03 3.376779452689317174e-02 2.307930834770775819e-02 8.734045346686775818e-03 1.669992436817957504e-02 4.544405342280499575e-03 7.468129933753231420e-03 -3.224546760527896745e-03 8.031918509266424908e-03 4.946020878259464043e-03 0.000000000000000000e+00 0.000000000000000000e+00 3.557698046323204150e-03 -2.200202725510210996e-02 -2.798641044496085611e-02 4.706715458142686319e-03 -2.204414060797496230e-02 3.074270290014586605e-03 6.499750317542212462e-03 7.291763106912133030e-02 -8.897183309722564784e-03 -7.321343972480598775e-03 1.201077690270317341e-02 -2.007604554767289384e-02 -4.510291151873961797e-03 3.870019735357441322e-03 3.222434917753230332e-03 1.866874431178318361e-02 6.336569182466476186e-03 4.364090196130589877e-02 -9.768381697881189929e-03 2.808822481044169483e-02 5.268660130233396299e-02 -7.665126024403735513e-03 1.873754359885951293e-02 4.032764992281909905e-02 -3.811986786666585886e-03 3.633394267357260322e-04 8.886804497552261428e-03 4.487525909656354256e-02 -2.305656156358797809e-02 3.349401117651693016e-02 -1.583182781826475427e-02 -7.469888332399955699e-03 -6.244501099981442788e-03 -5.719584622384194308e-03 2.278333190099063321e-02 -3.081468404455446342e-01 2.333068585347321200e+00 3.420064593942553355e-01 2.144649852829074721e+00 3.085109158282923758e-01 3.451602902890293034e+00 3.119185853965402710e-01 -8.146309619023386350e-01 2.700196715878144249e-01 4.009673779047004047e-03 1.002504967180471197e-02 2.112601597988997271e-02 -1.054728641836491509e-03 -2.988263622443094319e-02 -2.195209076431243328e-02 -2.294007472417213256e-01 4.291032035227124869e-02 -3.558625537828538077e-01 -2.250338299978225584e-03 1.326873250611029231e-01 4.883184555701798601e-02 -5.628485969728248828e-02 1.992741859285731415e-02 1.887906819423225066e-02 -6.729268870893001520e-02 -1.442957568470118468e-01 7.574115122974647840e-02 -5.315035720325701069e-02 7.056889248221959177e-02 -1.867967892567157923e-02 8.878839492675148770e-02 -1.451549281059631991e-01 6.878621415377311754e-02 -5.748212476725311944e-03 -2.337145668267859994e-03 1.369473476973902433e-02 1.633538876636691020e-02 7.452478957414666871e-02 -3.077028024653370372e-02 3.544047195046932663e-01 3.924648838224541192e-02 2.024385834464849654e-01 2.233663661256877694e-02 -1.591901136528039648e-02 1.367520884447930019e-01 1.120409985158949129e-01 3.456082486338372256e-02
0.000000000000000000e+00 0.000000000000000000e+00 0.000000000000000000e+00 0.000000000000000000e+00 0.000000000000000000e+00 0.000000000000000000e+00 4.346272074655580095e-04 -8.986703288885079669e-04 -5.397447062239696999e-04 1.275747628621006196e-04 9.947597459996986545e-04 -3.835453663114494691e-03 1.300159179470922232e-03 1.197445940334742904e-03 7.109416616394506746e-04 -7.418825027240526226e-04 -3.020353434412894039e-03 6.776767557671294941e-03 7.228234561796562443e-03 9.811221079823967059e-03 3.406691120275109202e-03 -1.187270559798727504e-02 3.184692260739972400e-03 4.922195648438050519e-03 3.693777797627836911e-04 2.307167732316186409e-02 6.065064535316400801e-03 -1.871791175516246755e-03 -3.564605632354751665e-03 -9.203829215953349130e-03 1.993318415524106008e-03 -8.123761426165740027e-03 -1.710989902951214883e-03 -1.870762964556371612e-03 -1.568640530359795976e-02 5.874437561911098095e-03 -5.669991134735966184e-04 9.545608703384066834e-03 1.736471974179915403e-02 5.827113060814580019e-03 1.424199712419868362e-02 3.657116227139167904e-03 5.423708315186077933e-03 -3.228830139700761617e-03 4.630965001233015334e-03 -3.824411667513806273e-04 0.000000000000000000e+00 0.000000000000000000e+00 8.883202109428698506e-03 9.814815828368227482e-03 -2.225702739996838000e-02 -4.738934298793236015e-03 -3.693580582013347019e-02 1.328575544833193560e-02 3.469421502330820480e-03 3.934837056598489147e-02 -2.003272023270814047e-03 1.415882672500276204e-03 2.537529395135885296e-02 2.066691684537013893e-02 -8.660777714812252503e-03 2.523296854296955966e-02 1.231524292818928293e-03 1.358402846671963662e-02 9.770433089030482448e-04 3.055165191893839324e-02 -9.079208007548833156e-03 1.505480178567883756e-02 1.421184502876893067e-02 1.738079028187917985e-02 7.143048827113879489e-04 2.705480591817550906e-02 -9.267143254924160162e-03 2.815847972559496273e-02 1.332763767408842682e-03 2.325502385105593720e-02 -8.827679300903444257e-03 1.786636170461252879e-02 -4.147585447999781877e-02 1.000973091411288401e-02 -2.271357534001232446e-03 -1.146909239250841137e-02 4.444356854219003584e-04 -8.672520299704911118e-02 -1.559405268293004854e-01 1.301389407881785587e-01 -1.239520328289831774e-01 1.209574340837800688e-01 -5.521098925210587982e-02 1.032571105407148193e-01 1.946423357946953925e-02 5.176287852551963997e-02 -9.292947086330509768e-03 3.613966914880352432e-02 3.659528887918465749e-03 8.578699161161551512e-03 -5.285113497516774443e-03 2.996298621214139868e-02 1.236743869563049908e-02 9.892816547830560886e-03 -2.323439131952396985e-02 -2.302291154692476423e-03 3.873812840061557905e-02 -1.866249056325130704e-03 -2.742445133396590948e-02 -1.579851382951299316e-02 1.643197317967440285e-02 6.980540594266598786e-02 -1.318791803414156583e-01 -4.145979853778458679e-02 -1.455045329461051584e-01 -3.892423682811507746e-02 -1.381706529988430479e-02 -7.173533170142971926e-02 -1.436584176321293316e-01 -4.497339347352297817e-02 -1.266868239999326129e-02 2.120232424152835443e-02 7.804552409279281663e-03 1.078504287723110536e-02 1.861991565017211137e-02 -8.900399025151990717e-02 9.429111104790188769e-02 1.135688852302053770e-01 2.233663661256890184e-02 1.671838400756262832e-01 -1.451447399372637892e-02 1.034340449510104121e-01 -6.931812326574880723e-06 1.011132566746059946e-01
0.000000000000000000e+00 0.000000000000000000e+00 0.000000000000000000e+00 0.000000000000000000e+00 0.000000000000000000e+00 0.000000000000000000e+00 -1.607912504073877227e-04 2.365364810170615770e-04 -2.627876319102645693e-05 1.411544172274311823e-03 -2.278899985361809970e-03 1.781764534179143544e-03 -1.907903328666956137e-04 -2.772532705686341688e-03 -1.160111740091685547e-03 3.601334861692879357e-04 1.934727721876378786e-03 -4.061529350270360814e-03 -3.810692639998905507e-03 -3.452612829860055542e-03 -2.868165781818714580e-03 7.699147053112816164e-03 -1.226467494305115685e-03 -2.963727804331888621e-03 -8.287126595031242072e-04 -1.161416725773553593e-02 -8.536255952519007650e-03 8.231357442941968170e-04 2.088624946560850397e-03 2.184478064069835922e-03 -8.375039424638433712e-04 4.091481532423012039e-03 9.131805209900817864e-04 1.356853493900004107e-04 6.955265212589574822e-03 -2.958665489910273019e-03 1.102937276782175319e-03 -1.291605025009345820e-02 -1.074425610767211665e-02 -3.485990825788085924e-03 -7.052715017611413395e-03 -2.733995034481752004e-03 -6.345499170868240668e-03 1.289217078964600537e-03 -2.737774457685668121e-03 -1.316292113364961672e-03 0.000000000000000000e+00 0.000000000000000000e+00 -3.691337924017570188e-03 -6.763129115979184258e-03 8.701778816760078264e-03 3.696547920942511601e-03 2.609838518909273798e-03 7.303898210555951655e-03 5.368857104743720091e-04 -4.615151641303708724e-02 2.666983637347809452e-03 -9.083513554295371412e-03 -8.859901775360281076e-03 1.098021974736311870e-02 1.193147735074700198e-02 2.443191179832031800e-04 -5.222866073350540539e-03 -1.172748387091454569e-02 3.978986105918382900e-03 -2.522107173969121569e-02 1.435075538514461605e-03 -1.906843960564830534e-02 -1.920830889354488381e-03 1.573056769077670752e-02 -1.137676949886594520e-02 -4.611219091483231836e-02 1.140023921907780922e-02 -2.004376162844971002e-03 -1.450201990413070487e-03 -2.164570683789066724e-02 7.748890060582398071e-05 -1.288845579162157043e-02 4.880416850339335672e-03 8.342100163024508686e-03 1.735026184512484040e-03 2.731459727113725883e-03 4.292894934592205933e-03 1.889532853504357623e-01 4.822522818374991305e-01 -1.889286793239931816e-01 5.378240983277193799e-01 -1.805935520109597237e-01 7.677341988620011159e-01 -1.635632200666715663e-01 -1.969048901950891939e-01 -1.604719437623601253e-01 9.345154377867473036e-04 -2.917661578852570256e-03 -3.427311010906833755e-03 -7.248074125358149392e-03 7.292821104537877165e-03 2.656789512111312757e-02 4.476992436251790025e-02 -2.660716539735689945e-02 6.625026327887119371e-02 -2.136088414416427092e-02 -1.225359611888452924e-02 -2.882200578692915155e-02 2.620805366873419154e-02 -2.289743153737663905e-02 -2.581495258692383804e-02 -1.970411076438465664e-02 1.883826194301987389e-01 2.754795841595680805e-02 1.916560527994138896e-01 3.536560972427549299e-02 1.007340168426025251e-01 7.931644087175448998e-02 1.929489442803809796e-01 2.068767533869745462e-02 3.370005724112278521e-03 7.475549754591545235e-03 -4.457886359682859331e-03 -7.492956680518306906e-03 -2.097651532957237053e-02 3.278880750074510825e-02 -1.287155039846690774e-01 -3.075948832437403260e-02 -1.591901136527947014e-02 -1.451447399372647606e-02 8.396884044944633030e-02 -1.195151642356537536e-01 -2.125661648383752114e-02 -2.269698075220497047e-02
0.000000000000000000e+00 0.000000000000000000e+00 0.000000000000000000e+00 0.000000000000000000e+00 0.000000000000000000e+00 0.000000000000000000e+00 1.665645223907690885e-03 -4.016028310668702181e-03 -2.474752521962775287e-03 2.940388805344753501e-03 -1.096837124075022291e-02 -7.352196797337872888e-03 5.774969770072656272e-03 7.544545741271068556e-04 -1.470370383942936829e-03 -2.284940368632773673e-03 -1.100784651990825702e-02 1.352388699991754518e-02 1.537976299578251368e-02 1.280627804936960122e-02 9.518645466875075983e-03 -2.426113984967563642e-02 9.180330937661292795e-03 1.282224380356344548e-02 2.981264978784914301e-04 4.658636607184813566e-02 -2.308886902595091994e-03 -4.009821388864839853e-03 -9.249909210296183848e-03 -2.620488453889651195e-02 1.073884082972045677e-02 -1.042361884098958608e-02 -3.113762151693275949e-03 -4.767792320934482846e-03 -1.734774265137400268e-02 8.813428419604651259e-03 -9.693278389511698553e-03 6.378009716766629145e-02 3.293716999136044737e-02 1.320905979109739288e-02 3.583773234122964585e-02 2.542753791750856918e-02 -2.286952291547829363e-03 -8.047012265931376834e-03 1.169846194041886459e-02 -2.510684329606116712e-03 0.000000000000000000e+00 0.000000000000000000e+00 -2.708934677260770724e-02 2.026556238899044488e-02 -1.944182338860107537e-02 -4.594772853865954076e-02 -3.016087814947764068e-02 -4.114140522353473828e-02 1.103784903629472305e-02 2.179378943841574212e-01 -1.753157118340629289e-02 1.363654776417597136e-02 2.801670937317353449e-02 -7.556053639803728128e-02 -6.229420642006543163e-02 -2.734523017496622022e-02 5.402628191060418472e-02 2.044948958146918308e-02 -1.194139997038395733e-02 1.176526244763464596e-01 1.334656910347014822e-02 9.820773483074748955e-02 -5.601416556599524144e-02 -1.189515713574258171e-01 4.687251771220665025e-02 -1.068639203079546629e-02 -5.260970190538150071e-02 -2.056360057432312857e-02 6.032475686350698141e-02 6.094390516453856987e-02 -4.777452941251007779e-02 4.849696398149092730e-02 -1.654636105451267811e-02 -4.040253867234562535e-02 -6.496245841897878986e-03 -3.055322945879721669e-02 -2.605109640960013434e-02 -9.600151309565272406e-01 -2.988509822521987935e+00 9.410697673395065355e-01 -2.701428763401352739e+00 8.919717379618570252e-01 -4.093354436593205747e+00 8.514411080116806030e-01 1.177237914178386413e+00 8.807504760241712249e-01 1.221998717989649513e-02 2.153108445166373314e-03 3.129375475186851191e-02 -1.111067144472196316e-02 -3.432729702352398798e-02 -7.741329023981920188e-02 -2.835203337037716653e-01 9.898518955523342988e-02 -3.741478453371353541e-01 2.037226402845603371e-02 1.604493199141335813e-01 -6.733687901640930673e-03 -7.637143442485379297e-02 1.256236726645085233e-01 8.477759420971374416e-02 9.906672790254282546e-02 -4.929858094071967178e-01 -1.567218240974613541e-01 -5.780530364852335401e-01 -1.861931823984777079e-01 -7.787550575071432168e-02 -3.296010067846205649e-01 -6.849455625287453886e-01 -1.719163608995020465e-01 -8.035291678040661772e-03 -3.008560134578540032e-02 2.907299593486110598e-02 1.365597931741110473e-02 6.476875472441756543e-02 -1.624434814983869158e-01 4.883504289429529965e-01 1.421054072479863983e-01 1.367520884447493701e-01 1.034340449509173754e-01 -1.195151642356337834e-01 2.219578197593592872e+00 9.350257534896598555e-02 4.098631823598570395e-02
0.000000000000000000e+00 0.000000000000000000e+00 0.000000000000000000e+00 0.000000000000000000e+00 0.000000000000000000e+00 0.000000000000000000e+00 1.054536955895141241e-04 2.416555996781169675e-04 2.782605546797212170e-05 -6.183458736375490932e-04 5.948415885590890850e-04 -4.619029746388268222e-04 -7.566674701889838147e-04 2.952439837632844441e-03 4.888357859304615170e-04 -7.610287543079752044e-04 -7.736644767199792180e-04 2.140836803419006798e-03 6.824063783757463014e-04 -1.821816404369621962e-03 1.663479997749733787e-03 -4.929481796275511987e-03 -3.499241933663825230e-04 -1.294898687424278147e-04 5.078954025980344069e-04 3.544803250472991323e-03 3.904103438472607962e-03 -6.669399925386099680e-04 -1.510187569170637128e-03 3.787469635625572480e-03 9.757520042827576116e-04 -1.945332419899945681e-03 -4.542508701139218955e-04 -5.860889400277501018e-04 -1.893413066732864500e-03 2.071506686876859946e-03 -7.019480357354290290e-04 1.243993993284711955e-02 4.965546451231625351e-03 1.632859932387964756e-03 2.598714813390193105e-03 5.208793728124405144e-03 2.265694618407749009e-03 -6.354865499509416591e-04 1.489745933192727087e-03 3.583847356619956903e-03 0.000000000000000000e+00 0.000000000000000000e+00 -5.137626265246903606e-03 -1.513671450364321644e-02 -1.576940092937203358e-02 1.600213166864599204e-02 -1.557746585719094017e-02 1.208216568622300958e-02 -2.746987668317004382e-04 5.042937785495199554e-02 -6.166015317922677284e-03 1.634938359963157865e-03 1.761486733050883491e-02 4.736974096945269219e-04 6.024369249300457786e-04 1.179034456757059937e-02 9.341057010212342956e-04 2.281877767358157783e-02 2.178093130022849128e-02 2.133636783840948958e-02 -1.094592801234103331e-02 3.750745093549264636e-02 3.993262840706144484e-02 -1.511052959604787527e-02 8.475323481257400135e-03 1.560564699167373004e-02 2.178731063653458963e-03 7.465376073744911349e-03 7.252278242504014288e-03 3.940131936851742900e-02 -3.278975158011505908e-02 1.200792853598950383e-02 -1.635084506249242370e-02 3.071236803785342730e-03 -1.702865503827215212e-03 3.987588010348741205e-03 7.467365569902541071e-03 -2.322285201722433245e-01 7.294525637315688593e-01 2.580570048607011557e-01 6.308548212147264689e-01 2.376510044111929676e-01 1.042294224815839554e+00 2.401363141833220971e-01 -2.719395161032204244e-01 1.452372308913282839e-01 1.553497867856635552e-03 1.430021086958871424e-02 9.799168459168118919e-03 -1.258596896911830763e-02 -2.276299559147185528e-02 -1.470419307865769923e-03 -1.799967413085208079e-01 1.819097235027714032e-02 -2.441400933587936639e-01 -7.939697545029447689e-04 6.749103671238244895e-02 1.764436235077712634e-02 -1.961341543484106803e-03 4.531046505570535121e-02 1.585667918031050463e-02 -5.421092153414707598e-02 -1.361659397551421569e-01 5.240066855601495377e-02 -8.919811290173115803e-02 6.044939844109230298e-02 -6.426401980760423904e-02 7.739835747558411472e-02 -1.342769701181585895e-01 3.198974993306250014e-02 -4.362386538876820118e-03 1.425859609124619475e-02 3.191890720271818929e-03 5.203797775621877078e-03 6.131995244272312601e-02 -5.723074345891792508e-03 2.716469704040345712e-01 1.738278509920922546e-02 1.120409985158976329e-01 -6.931812325938237207e-06 -2.125661648384731886e-02 9.350257534896934397e-02 1.310439410706386865e-01 6.265577002295744796e-03
0.000000000000000000e+00 0.000000000000000000e+00 0.000000000000000000e+00 0.000000000000000000e+00 0.000000000000000000e+00 0.000000000000000000e+00 5.223022761418259731e-04 -4.890725620308119821e-04 -8.787694940371106750e-05 -2.911495963847170968e-04 3.401258547081791213e-03 -3.544931450261560105e-03 8.858770166147218348e-04 3.485223737549798979e-03 2.129603329164051796e-03 1.184906752553579893e-04 -3.973246304510661200e-03 1.092191968072632295e-02 1.041923009392340879e-02 1.453766331314991500e-02 5.497080328206318568e-03 -1.826380630343699477e-02 2.838087339751035887e-03 7.613022620064913148e-03 1.458765805550131262e-03 3.235785211423144320e-02 1.763837906482993573e-02 -1.164702400528133978e-03 -6.154722616378945771e-03 -9.381049535934452011e-03 3.205573435467163820e-03 -9.794418303373467888e-03 -2.749567596463623788e-03 -4.956660730659322861e-04 -2.224411196834967172e-02 8.756034349392552429e-03 -5.749641933686595917e-04 2.965487525910884270e-02 2.969901890702309963e-02 9.502088896000869533e-03 2.084751029278115314e-02 8.099010383730675944e-03 1.349934374706888290e-02 -3.086913381565257845e-03 7.535427883080183555e-03 1.961009185843965753e-03 0.000000000000000000e+00 0.000000000000000000e+00 5.213383498916611403e-03 -5.475510886703538124e-03 -3.123954441331504295e-02 -1.424272009973620925e-02 -3.942000963468399177e-02 -7.591532304794788161e-03 3.677729551750716537e-03 2.381427248486760531e-02 -4.210496210411668327e-03 5.065970884191035428e-04 2.497907298355550240e-02 -1.388831484598607516e-02 -1.147832554487096535e-02 2.300454400334647764e-03 -2.392914318974711119e-04 4.352646871946426466e-04 -7.768446286189072472e-03 2.356409024111748296e-02 -1.114919551433341677e-02 -1.197871349626744575e-02 1.893314197603429561e-02 1.825394338916903544e-02 6.529174347589806332e-03 3.616093019215351617e-02 -1.371579850795279568e-02 5.146097886231623328e-03 -1.809610700800034664e-03 1.080065065373030271e-02 4.296586409704914768e-03 1.728177928623271867e-02 -3.655594722094260285e-02 -8.714218576820052797e-03 -4.826786849876648668e-03 -1.276052686229687920e-02 -5.158007292932031539e-05 -1.592136237761304640e-01 -2.494811599545380398e-01 1.797543905582732471e-01 -2.057197293227047974e-01 1.589501933060149530e-01 -1.894250128315366211e-01 1.528373904250914517e-01 1.076820647816477405e-02 1.097163498086006217e-01 -9.070579380326805261e-03 -2.778283642531549115e-04 5.132497558862808215e-03 1.364295686976941049e-02 -1.987107772032206503e-03 -1.901355178886739161e-02 5.502464464575124170e-02 2.836194217773586532e-02 3.214399579486715286e-02 7.387589512177872991e-03 3.305522856578928248e-02 1.420127533086549404e-02 5.137328724515027867e-04 -2.178327266762890638e-02 1.710099317876385278e-02 3.947688908719250434e-02 -1.664724513837935738e-01 -3.027017956967321607e-02 -1.243949041085840174e-01 -4.683114476289385736e-02 -4.400950854231275300e-02 -6.646166424965437025e-02 -1.220393655055027060e-01 -3.736153004618360252e-02 -1.460943390500492843e-02 -1.133614977077350428e-02 1.333684704667018918e-02 1.751679351922284800e-02 1.917529148407140158e-02 -1.037285211909785981e-01 5.964008882670886191e-02 1.054562752085997368e-01 3.456082486339590032e-02 1.011132566745998745e-01 -2.269698075219711564e-02 4.098631823611850744e-02 6.265577002308914817e-03 1.195671608109612066e-01
