========== NODE / ENVIRONMENT INFO ==========
DATE          : Tue Jul  7 06:41:08 AM CEST 2026
HOSTNAME      : b9pgpun208.cern.ch
PWD           : /afs/cern.ch/work/h/hwen/public/pwa/auto-init/Jobs/scan_phipipi_20260707_063738/001_add_NR_pipi_0
FIT SCRIPT    : fit_witherr_fs.py
INIT PARAMS   : init_params.json
INIT STATUS   : not found, will use random initial parameters
PYTHON BIN    : /afs/cern.ch/work/h/hwen/public/conda/envs/tfpwa/bin/python3.12
YAML 1        : config_phipipi.yaml
YAML 2        : config_phikk.yaml
CONFIG ARG    : config_phipipi.yaml,config_phikk.yaml
TOTAL_SAME    : false
LOOP          : 5
MAXITER       : 50000

---------- CPU INFO ----------
CPU(s):                                  16
On-line CPU(s) list:                     0-15
Model name:                              Intel(R) Xeon(R) Platinum 8468
Thread(s) per core:                      1
Core(s) per socket:                      1
Socket(s):                               16
NUMA node0 CPU(s):                       0-15

---------- MEMORY INFO ----------
               total        used        free      shared  buff/cache   available
Mem:            37Gi       3.2Gi        11Gi       4.0Mi        23Gi        34Gi
Swap:           39Gi       1.2Gi        37Gi

---------- GPU / CUDA INFO ----------
CUDA_VISIBLE_DEVICES: <unset>
CONDOR GPUs        : MIG-5496d0dd-abc7-56f1-9151-bf217b25cd57
[nvidia-smi -L]
GPU 0: NVIDIA H100L-2-24C (UUID: GPU-4eaca2b7-0e5c-11f1-9ae2-3cfbf1802eef)
  MIG 2g.24gb     Device  0: (UUID: MIG-5496d0dd-abc7-56f1-9151-bf217b25cd57)

[nvidia-smi summary]
Tue Jul  7 06:41:09 2026       
+-----------------------------------------------------------------------------------------+
| NVIDIA-SMI 580.126.09             Driver Version: 580.126.09     CUDA Version: 13.0     |
+-----------------------------------------+------------------------+----------------------+
| GPU  Name                 Persistence-M | Bus-Id          Disp.A | Volatile Uncorr. ECC |
| Fan  Temp   Perf          Pwr:Usage/Cap |           Memory-Usage | GPU-Util  Compute M. |
|                                         |                        |               MIG M. |
|=========================================+========================+======================|
|   0  NVIDIA H100L-2-24C             On  |   00000000:06:00.0 Off |                   On |
| N/A   N/A    P0            N/A  /  N/A  |       1MiB /  24576MiB |     N/A      Default |
|                                         |                        |              Enabled |
+-----------------------------------------+------------------------+----------------------+

+-----------------------------------------------------------------------------------------+
| MIG devices:                                                                            |
+------------------+----------------------------------+-----------+-----------------------+
| GPU  GI  CI  MIG |              Shared Memory-Usage |        Vol|        Shared         |
|      ID  ID  Dev |                Shared BAR1-Usage | SM     Unc| CE ENC  DEC  OFA  JPG |
|                  |                                  |        ECC|                       |
|==================+==================================+===========+=======================|
|  0    0   0   0  |               1MiB / 21547MiB    | 32      0 |  2   0    2    0    2 |
|                  |               0MiB /  4096MiB    |           |                       |
+------------------+----------------------------------+-----------+-----------------------+

+-----------------------------------------------------------------------------------------+
| Processes:                                                                              |
|  GPU   GI   CI              PID   Type   Process name                        GPU Memory |
|        ID   ID                                                               Usage      |
|=========================================================================================|
|  No running processes found                                                             |
+-----------------------------------------------------------------------------------------+

---------- PYTHON / TF INFO ----------
PYTHON_BIN  : /afs/cern.ch/work/h/hwen/public/conda/envs/tfpwa/bin/python3.12
Python 3.12.13
Python exec: /afs/cern.ch/work/h/hwen/public/conda/envs/tfpwa/bin/python3.12
TensorFlow version: 2.21.0
TF visible GPUs: []
==============================================

========== START JOINT FIT (φhh) ==========
[INFO] load config: config_phipipi.yaml
variable range:  f0(980)_flatte_g_0  in  [0.0, None]
variable range:  f0(980)_flatte_g_1  in  [0.0, None]
variable range:  f2(1270)_flatte_g_0  in  [0.0, None]
variable range:  f2(1270)_flatte_g_1  in  [0.0, None]
variable range:  f0(1370)_flatte_g_0  in  [0.0, None]
variable range:  f0(1370)_flatte_g_1  in  [0.0, None]
variable range:  f2(1430)_flatte_g_0  in  [0.0, None]
variable range:  f2(1430)_flatte_g_1  in  [0.0, None]
variable range:  f0(1500)_flatte_g_0  in  [0.0, None]
variable range:  f0(1500)_flatte_g_1  in  [0.0, None]
variable range:  f0(1525)_flatte_g_0  in  [0.0, None]
variable range:  f0(1525)_flatte_g_1  in  [0.0, None]
variable range:  f0(1565)_flatte_g_0  in  [0.0, None]
variable range:  f0(1565)_flatte_g_1  in  [0.0, None]
variable range:  f0(1710)_flatte_g_0  in  [0.0, None]
variable range:  f0(1710)_flatte_g_1  in  [0.0, None]
same value: ['Jpsi->b1(1235)p.pimb1(1235)p->phi.pip_total_0i', 'Jpsi->b1(1235)m.pipb1(1235)m->phi.pim_total_0i']
same value: ['Jpsi->b1(1235)p.pim_g_ls_0i', 'Jpsi->b1(1235)m.pip_g_ls_0i']
same value: ['Jpsi->b1(1235)p.pim_g_ls_1i', 'Jpsi->b1(1235)m.pip_g_ls_1i']
same value: ['Jpsi->NR_0-_bp.pimNR_0-_bp->phi.pip_total_0i', 'Jpsi->NR_0-_bm.pipNR_0-_bm->phi.pim_total_0i']
same value: ['Jpsi->NR_0-_bp.pim_g_ls_0i', 'Jpsi->NR_0-_bm.pip_g_ls_0i']
same value: ['Jpsi->NR_0-_bp.pim_g_ls_1i', 'Jpsi->NR_0-_bm.pip_g_ls_1i']
same value: ['Jpsi->rho(1450)p.pimrho(1450)p->phi.pip_total_0i', 'Jpsi->rho(1450)m.piprho(1450)m->phi.pim_total_0i']
same value: ['Jpsi->rho(1450)p.pim_g_ls_0i', 'Jpsi->rho(1450)m.pip_g_ls_0i']
same value: ['Jpsi->rho(1450)p.pim_g_ls_1i', 'Jpsi->rho(1450)m.pip_g_ls_1i']
same value: ['Jpsi->rho(1570)p.pimrho(1570)p->phi.pip_total_0i', 'Jpsi->rho(1570)m.piprho(1570)m->phi.pim_total_0i']
same value: ['Jpsi->rho(1570)p.pim_g_ls_0i', 'Jpsi->rho(1570)m.pip_g_ls_0i']
same value: ['Jpsi->rho(1570)p.pim_g_ls_1i', 'Jpsi->rho(1570)m.pip_g_ls_1i']
same value: ['Jpsi->rho(1690)p.pimrho(1690)p->phi.pip_total_0i', 'Jpsi->rho(1690)m.piprho(1690)m->phi.pim_total_0i']
same value: ['Jpsi->rho(1690)p.pim_g_ls_0i', 'Jpsi->rho(1690)m.pip_g_ls_0i']
same value: ['Jpsi->rho(1690)p.pim_g_ls_1i', 'Jpsi->rho(1690)m.pip_g_ls_1i']
[INFO] load config: config_phikk.yaml
variable range:  f0(980)_flatte_g_0  in  [0.0, None]
variable range:  f0(980)_flatte_g_1  in  [0.0, None]
variable range:  f2(1270)_flatte_g_0  in  [0.0, None]
variable range:  f2(1270)_flatte_g_1  in  [0.0, None]
variable range:  f2(1430)_flatte_g_0  in  [0.0, None]
variable range:  f2(1430)_flatte_g_1  in  [0.0, None]
variable range:  f0(1370)_flatte_g_0  in  [0.0, None]
variable range:  f0(1370)_flatte_g_1  in  [0.0, None]
variable range:  f0(1500)_flatte_g_0  in  [0.0, None]
variable range:  f0(1500)_flatte_g_1  in  [0.0, None]
variable range:  f0(1525)_flatte_g_0  in  [0.0, None]
variable range:  f0(1525)_flatte_g_1  in  [0.0, None]
variable range:  f0(1565)_flatte_g_0  in  [0.0, None]
variable range:  f0(1565)_flatte_g_1  in  [0.0, None]
variable range:  f0(1710)_flatte_g_0  in  [0.0, None]
variable range:  f0(1710)_flatte_g_1  in  [0.0, None]
same value: ['Jpsi->K1(1400)p.kmK1(1400)p->phi.kp_total_0i', 'Jpsi->K1(1400)m.kpK1(1400)m->phi.km_total_0i']
same value: ['Jpsi->K1(1400)p.km_g_ls_0i', 'Jpsi->K1(1400)m.kp_g_ls_0i']
same value: ['Jpsi->K1(1400)p.km_g_ls_1i', 'Jpsi->K1(1400)m.kp_g_ls_1i']
same value: ['Jpsi->K1(1650)p.kmK1(1650)p->phi.kp_total_0i', 'Jpsi->K1(1650)m.kpK1(1650)m->phi.km_total_0i']
same value: ['Jpsi->K1(1650)p.km_g_ls_0i', 'Jpsi->K1(1650)m.kp_g_ls_0i']
same value: ['Jpsi->K1(1650)p.km_g_ls_1i', 'Jpsi->K1(1650)m.kp_g_ls_1i']
same value: ['Jpsi->K1(1680)p.kmK1(1680)p->phi.kp_total_0i', 'Jpsi->K1(1680)m.kpK1(1680)m->phi.km_total_0i']
same value: ['Jpsi->K1(1680)p.km_g_ls_0i', 'Jpsi->K1(1680)m.kp_g_ls_0i']
same value: ['Jpsi->K1(1680)p.km_g_ls_1i', 'Jpsi->K1(1680)m.kp_g_ls_1i']
same value: ['Jpsi->K0(1830)p.kmK0(1830)p->phi.kp_total_0i', 'Jpsi->K0(1830)m.kpK0(1830)m->phi.km_total_0i']
same value: ['Jpsi->K0(1950)p.kmK0(1950)p->phi.kp_total_0i', 'Jpsi->K0(1950)m.kpK0(1950)m->phi.km_total_0i']
same value: ['Jpsi->K2(1430)p.kmK2(1430)p->phi.kp_total_0i', 'Jpsi->K2(1430)m.kpK2(1430)m->phi.km_total_0i']
same value: ['Jpsi->K2(1430)p.km_g_ls_0i', 'Jpsi->K2(1430)m.kp_g_ls_0i']
same value: ['Jpsi->K2(1430)p.km_g_ls_1i', 'Jpsi->K2(1430)m.kp_g_ls_1i']
same value: ['Jpsi->K2(1580)p.kmK2(1580)p->phi.kp_total_0i', 'Jpsi->K2(1580)m.kpK2(1580)m->phi.km_total_0i']
same value: ['Jpsi->K2(1580)p.km_g_ls_0i', 'Jpsi->K2(1580)m.kp_g_ls_0i']
same value: ['Jpsi->K2(1580)p.km_g_ls_1i', 'Jpsi->K2(1580)m.kp_g_ls_1i']
same value: ['Jpsi->K2(1770)p.kmK2(1770)p->phi.kp_total_0i', 'Jpsi->K2(1770)m.kpK2(1770)m->phi.km_total_0i']
same value: ['Jpsi->K2(1770)p.km_g_ls_0i', 'Jpsi->K2(1770)m.kp_g_ls_0i']
same value: ['Jpsi->K2(1770)p.km_g_ls_1i', 'Jpsi->K2(1770)m.kp_g_ls_1i']
same value: ['Jpsi->K2(1820)p.kmK2(1820)p->phi.kp_total_0i', 'Jpsi->K2(1820)m.kpK2(1820)m->phi.km_total_0i']
same value: ['Jpsi->K2(1820)p.km_g_ls_0i', 'Jpsi->K2(1820)m.kp_g_ls_0i']
same value: ['Jpsi->K2(1820)p.km_g_ls_1i', 'Jpsi->K2(1820)m.kp_g_ls_1i']
same value: ['Jpsi->K2(1980)p.kmK2(1980)p->phi.kp_total_0i', 'Jpsi->K2(1980)m.kpK2(1980)m->phi.km_total_0i']
same value: ['Jpsi->K2(1980)p.km_g_ls_0i', 'Jpsi->K2(1980)m.kp_g_ls_0i']
same value: ['Jpsi->K2(1980)p.km_g_ls_1i', 'Jpsi->K2(1980)m.kp_g_ls_1i']
same value: ['Jpsi->K2(2250)p.kmK2(2250)p->phi.kp_total_0i', 'Jpsi->K2(2250)m.kpK2(2250)m->phi.km_total_0i']
same value: ['Jpsi->K2(2250)p.km_g_ls_0i', 'Jpsi->K2(2250)m.kp_g_ls_0i']
same value: ['Jpsi->K2(2250)p.km_g_ls_1i', 'Jpsi->K2(2250)m.kp_g_ls_1i']
same value: ['Jpsi->K3(1780)p.kmK3(1780)p->phi.kp_total_0i', 'Jpsi->K3(1780)m.kpK3(1780)m->phi.km_total_0i']
same value: ['Jpsi->K3(1780)p.km_g_ls_0i', 'Jpsi->K3(1780)m.kp_g_ls_0i']
same value: ['Jpsi->K3(1780)p.km_g_ls_1i', 'Jpsi->K3(1780)m.kp_g_ls_1i']
same value: ['Jpsi->K3(2320)p.kmK3(2320)p->phi.kp_total_0i', 'Jpsi->K3(2320)m.kpK3(2320)m->phi.km_total_0i']
same value: ['Jpsi->K3(2320)p.km_g_ls_0i', 'Jpsi->K3(2320)m.kp_g_ls_0i']
same value: ['Jpsi->K3(2320)p.km_g_ls_1i', 'Jpsi->K3(2320)m.kp_g_ls_1i']
[INFO] channel 0 number of params: 140
[INFO] channel 1 number of params: 205
[INFO] shared params: total=13 prod=8 flatte=7 other=2
[INFO] Flatte-coupling shared (real coupled-channel point):
    [flatte] Jpsi->phi.f0(980)_flatte_g_ls_0i
    [flatte] Jpsi->phi.f0(980)_flatte_g_ls_0r
    [flatte] Jpsi->phi.f0(980)_flatte_g_ls_1i
    [flatte] Jpsi->phi.f0(980)_flatte_g_ls_1r
    [flatte] f0(980)_flatte_g_0
    [flatte] f0(980)_flatte_g_1
    [flatte] f0(980)_flatte_mass
[INFO] build MultiConfig with total_same=False
variable range:  f0(980)_flatte_g_0  in  [0.0, None]
variable range:  f0(980)_flatte_g_1  in  [0.0, None]
variable range:  f2(1270)_flatte_g_0  in  [0.0, None]
variable range:  f2(1270)_flatte_g_1  in  [0.0, None]
variable range:  f0(1370)_flatte_g_0  in  [0.0, None]
variable range:  f0(1370)_flatte_g_1  in  [0.0, None]
variable range:  f2(1430)_flatte_g_0  in  [0.0, None]
variable range:  f2(1430)_flatte_g_1  in  [0.0, None]
variable range:  f0(1500)_flatte_g_0  in  [0.0, None]
variable range:  f0(1500)_flatte_g_1  in  [0.0, None]
variable range:  f0(1525)_flatte_g_0  in  [0.0, None]
variable range:  f0(1525)_flatte_g_1  in  [0.0, None]
variable range:  f0(1565)_flatte_g_0  in  [0.0, None]
variable range:  f0(1565)_flatte_g_1  in  [0.0, None]
variable range:  f0(1710)_flatte_g_0  in  [0.0, None]
variable range:  f0(1710)_flatte_g_1  in  [0.0, None]
same value: ['Jpsi->b1(1235)p.pimb1(1235)p->phi.pip_total_0i', 'Jpsi->b1(1235)m.pipb1(1235)m->phi.pim_total_0i']
same value: ['Jpsi->b1(1235)p.pim_g_ls_0i', 'Jpsi->b1(1235)m.pip_g_ls_0i']
same value: ['Jpsi->b1(1235)p.pim_g_ls_1i', 'Jpsi->b1(1235)m.pip_g_ls_1i']
same value: ['Jpsi->NR_0-_bp.pimNR_0-_bp->phi.pip_total_0i', 'Jpsi->NR_0-_bm.pipNR_0-_bm->phi.pim_total_0i']
same value: ['Jpsi->NR_0-_bp.pim_g_ls_0i', 'Jpsi->NR_0-_bm.pip_g_ls_0i']
same value: ['Jpsi->NR_0-_bp.pim_g_ls_1i', 'Jpsi->NR_0-_bm.pip_g_ls_1i']
same value: ['Jpsi->rho(1450)p.pimrho(1450)p->phi.pip_total_0i', 'Jpsi->rho(1450)m.piprho(1450)m->phi.pim_total_0i']
same value: ['Jpsi->rho(1450)p.pim_g_ls_0i', 'Jpsi->rho(1450)m.pip_g_ls_0i']
same value: ['Jpsi->rho(1450)p.pim_g_ls_1i', 'Jpsi->rho(1450)m.pip_g_ls_1i']
same value: ['Jpsi->rho(1570)p.pimrho(1570)p->phi.pip_total_0i', 'Jpsi->rho(1570)m.piprho(1570)m->phi.pim_total_0i']
same value: ['Jpsi->rho(1570)p.pim_g_ls_0i', 'Jpsi->rho(1570)m.pip_g_ls_0i']
same value: ['Jpsi->rho(1570)p.pim_g_ls_1i', 'Jpsi->rho(1570)m.pip_g_ls_1i']
same value: ['Jpsi->rho(1690)p.pimrho(1690)p->phi.pip_total_0i', 'Jpsi->rho(1690)m.piprho(1690)m->phi.pim_total_0i']
same value: ['Jpsi->rho(1690)p.pim_g_ls_0i', 'Jpsi->rho(1690)m.pip_g_ls_0i']
same value: ['Jpsi->rho(1690)p.pim_g_ls_1i', 'Jpsi->rho(1690)m.pip_g_ls_1i']
variable range:  f0(980)_flatte_g_0  in  [0.0, None]
variable range:  f0(980)_flatte_g_1  in  [0.0, None]
variable range:  f2(1270)_flatte_g_0  in  [0.0, None]
variable range:  f2(1270)_flatte_g_1  in  [0.0, None]
variable range:  f2(1430)_flatte_g_0  in  [0.0, None]
variable range:  f2(1430)_flatte_g_1  in  [0.0, None]
variable range:  f0(1370)_flatte_g_0  in  [0.0, None]
variable range:  f0(1370)_flatte_g_1  in  [0.0, None]
variable range:  f0(1500)_flatte_g_0  in  [0.0, None]
variable range:  f0(1500)_flatte_g_1  in  [0.0, None]
variable range:  f0(1525)_flatte_g_0  in  [0.0, None]
variable range:  f0(1525)_flatte_g_1  in  [0.0, None]
variable range:  f0(1565)_flatte_g_0  in  [0.0, None]
variable range:  f0(1565)_flatte_g_1  in  [0.0, None]
variable range:  f0(1710)_flatte_g_0  in  [0.0, None]
variable range:  f0(1710)_flatte_g_1  in  [0.0, None]
same value: ['Jpsi->K1(1400)p.kmK1(1400)p->phi.kp_total_0i', 'Jpsi->K1(1400)m.kpK1(1400)m->phi.km_total_0i']
same value: ['Jpsi->K1(1400)p.km_g_ls_0i', 'Jpsi->K1(1400)m.kp_g_ls_0i']
same value: ['Jpsi->K1(1400)p.km_g_ls_1i', 'Jpsi->K1(1400)m.kp_g_ls_1i']
same value: ['Jpsi->K1(1650)p.kmK1(1650)p->phi.kp_total_0i', 'Jpsi->K1(1650)m.kpK1(1650)m->phi.km_total_0i']
same value: ['Jpsi->K1(1650)p.km_g_ls_0i', 'Jpsi->K1(1650)m.kp_g_ls_0i']
same value: ['Jpsi->K1(1650)p.km_g_ls_1i', 'Jpsi->K1(1650)m.kp_g_ls_1i']
same value: ['Jpsi->K1(1680)p.kmK1(1680)p->phi.kp_total_0i', 'Jpsi->K1(1680)m.kpK1(1680)m->phi.km_total_0i']
same value: ['Jpsi->K1(1680)p.km_g_ls_0i', 'Jpsi->K1(1680)m.kp_g_ls_0i']
same value: ['Jpsi->K1(1680)p.km_g_ls_1i', 'Jpsi->K1(1680)m.kp_g_ls_1i']
same value: ['Jpsi->K0(1830)p.kmK0(1830)p->phi.kp_total_0i', 'Jpsi->K0(1830)m.kpK0(1830)m->phi.km_total_0i']
same value: ['Jpsi->K0(1950)p.kmK0(1950)p->phi.kp_total_0i', 'Jpsi->K0(1950)m.kpK0(1950)m->phi.km_total_0i']
same value: ['Jpsi->K2(1430)p.kmK2(1430)p->phi.kp_total_0i', 'Jpsi->K2(1430)m.kpK2(1430)m->phi.km_total_0i']
same value: ['Jpsi->K2(1430)p.km_g_ls_0i', 'Jpsi->K2(1430)m.kp_g_ls_0i']
same value: ['Jpsi->K2(1430)p.km_g_ls_1i', 'Jpsi->K2(1430)m.kp_g_ls_1i']
same value: ['Jpsi->K2(1580)p.kmK2(1580)p->phi.kp_total_0i', 'Jpsi->K2(1580)m.kpK2(1580)m->phi.km_total_0i']
same value: ['Jpsi->K2(1580)p.km_g_ls_0i', 'Jpsi->K2(1580)m.kp_g_ls_0i']
same value: ['Jpsi->K2(1580)p.km_g_ls_1i', 'Jpsi->K2(1580)m.kp_g_ls_1i']
same value: ['Jpsi->K2(1770)p.kmK2(1770)p->phi.kp_total_0i', 'Jpsi->K2(1770)m.kpK2(1770)m->phi.km_total_0i']
same value: ['Jpsi->K2(1770)p.km_g_ls_0i', 'Jpsi->K2(1770)m.kp_g_ls_0i']
same value: ['Jpsi->K2(1770)p.km_g_ls_1i', 'Jpsi->K2(1770)m.kp_g_ls_1i']
same value: ['Jpsi->K2(1820)p.kmK2(1820)p->phi.kp_total_0i', 'Jpsi->K2(1820)m.kpK2(1820)m->phi.km_total_0i']
same value: ['Jpsi->K2(1820)p.km_g_ls_0i', 'Jpsi->K2(1820)m.kp_g_ls_0i']
same value: ['Jpsi->K2(1820)p.km_g_ls_1i', 'Jpsi->K2(1820)m.kp_g_ls_1i']
same value: ['Jpsi->K2(1980)p.kmK2(1980)p->phi.kp_total_0i', 'Jpsi->K2(1980)m.kpK2(1980)m->phi.km_total_0i']
same value: ['Jpsi->K2(1980)p.km_g_ls_0i', 'Jpsi->K2(1980)m.kp_g_ls_0i']
same value: ['Jpsi->K2(1980)p.km_g_ls_1i', 'Jpsi->K2(1980)m.kp_g_ls_1i']
same value: ['Jpsi->K2(2250)p.kmK2(2250)p->phi.kp_total_0i', 'Jpsi->K2(2250)m.kpK2(2250)m->phi.km_total_0i']
same value: ['Jpsi->K2(2250)p.km_g_ls_0i', 'Jpsi->K2(2250)m.kp_g_ls_0i']
same value: ['Jpsi->K2(2250)p.km_g_ls_1i', 'Jpsi->K2(2250)m.kp_g_ls_1i']
same value: ['Jpsi->K3(1780)p.kmK3(1780)p->phi.kp_total_0i', 'Jpsi->K3(1780)m.kpK3(1780)m->phi.km_total_0i']
same value: ['Jpsi->K3(1780)p.km_g_ls_0i', 'Jpsi->K3(1780)m.kp_g_ls_0i']
same value: ['Jpsi->K3(1780)p.km_g_ls_1i', 'Jpsi->K3(1780)m.kp_g_ls_1i']
same value: ['Jpsi->K3(2320)p.kmK3(2320)p->phi.kp_total_0i', 'Jpsi->K3(2320)m.kpK3(2320)m->phi.km_total_0i']
same value: ['Jpsi->K3(2320)p.km_g_ls_0i', 'Jpsi->K3(2320)m.kp_g_ls_0i']
same value: ['Jpsi->K3(2320)p.km_g_ls_1i', 'Jpsi->K3(2320)m.kp_g_ls_1i']
cached shape idx [0, 1, 2, 3, 4, 5, 6, 7, 8, 9, 10, 11, 12, 13]
cached shape idx [0, 1, 2, 3, 4, 5, 6, 7, 8, 9, 10, 11, 12, 13, 14, 15, 16]
[INFO] running JOINT fit with 2 channels

========== Fit loop 1/5 ==========
using RANDOM parameters
Using Model
Using Model

########### initial parameters
{
  "rho(1450)p_mass": 1.51,
  "rho(1450)p_width": 0.44,
  "rho(1570)p_mass": 1.57,
  "rho(1570)p_width": 0.14,
  "rho(1690)p_mass": 1.681,
  "rho(1690)p_width": 0.19,
  "rho(1450)m_mass": 1.51,
  "rho(1450)m_width": 0.44,
  "rho(1570)m_mass": 1.57,
  "rho(1570)m_width": 0.14,
  "rho(1690)m_mass": 1.681,
  "rho(1690)m_width": 0.19,
  "f0(500)_E791_mass": 0.478,
  "f2(1270)_flatte_mass": 1.2754,
  "f2(1270)_flatte_g_0": 0.7828804721267846,
  "f2(1270)_flatte_g_1": 0.4718727043625328,
  "f0(1370)_mass": 1.37,
  "f0(1370)_width": 0.35,
  "f0(1500)_flatte_mass": 1.522,
  "f0(1500)_flatte_g_0": 0.48785094329314616,
  "f0(1500)_flatte_g_1": 0.9459019367799073,
  "f2(1430)_mass": 1.43,
  "f2(1430)_width": 0.046,
  "Jpsi->rho(1450)p.pimrho(1450)p->phi.pip_total_0r": 1.0,
  "Jpsi->rho(1450)p.pimrho(1450)p->phi.pip_total_0i": 0.0,
  "Jpsi->rho(1450)p.pim_g_ls_0r": 1.0,
  "Jpsi->rho(1450)p.pim_g_ls_0i": 0.0,
  "rho(1450)p->phi.pip_g_ls_0r": 1.0,
  "rho(1450)p->phi.pip_g_ls_0i": 0.0,
  "Jpsi->rho(1570)p.pimrho(1570)p->phi.pip_total_0r": 1.773240087466378,
  "Jpsi->rho(1570)p.pimrho(1570)p->phi.pip_total_0i": 2.9003198505663006,
  "Jpsi->rho(1570)p.pim_g_ls_0r": 1.0,
  "Jpsi->rho(1570)p.pim_g_ls_0i": 0.0,
  "rho(1570)p->phi.pip_g_ls_0r": 1.0,
  "rho(1570)p->phi.pip_g_ls_0i": 0.0,
  "Jpsi->rho(1690)p.pimrho(1690)p->phi.pip_total_0r": 1.9415053977398924,
  "Jpsi->rho(1690)p.pimrho(1690)p->phi.pip_total_0i": -1.2874821498936733,
  "Jpsi->rho(1690)p.pim_g_ls_0r": 1.0,
  "Jpsi->rho(1690)p.pim_g_ls_0i": 0.0,
  "rho(1690)p->phi.pip_g_ls_0r": 1.0,
  "rho(1690)p->phi.pip_g_ls_0i": 0.0,
  "Jpsi->rho(1450)m.piprho(1450)m->phi.pim_total_0r": 1.0,
  "Jpsi->rho(1450)m.piprho(1450)m->phi.pim_total_0i": 0.0,
  "Jpsi->rho(1450)m.pip_g_ls_0r": 1.0,
  "Jpsi->rho(1450)m.pip_g_ls_0i": 0.0,
  "rho(1450)m->phi.pim_g_ls_0r": 1.0,
  "rho(1450)m->phi.pim_g_ls_0i": 0.0,
  "Jpsi->rho(1570)m.piprho(1570)m->phi.pim_total_0r": 1.773240087466378,
  "Jpsi->rho(1570)m.piprho(1570)m->phi.pim_total_0i": 2.9003198505663006,
  "Jpsi->rho(1570)m.pip_g_ls_0r": 1.0,
  "Jpsi->rho(1570)m.pip_g_ls_0i": 0.0,
  "rho(1570)m->phi.pim_g_ls_0r": 1.0,
  "rho(1570)m->phi.pim_g_ls_0i": 0.0,
  "Jpsi->rho(1690)m.piprho(1690)m->phi.pim_total_0r": 1.9415053977398924,
  "Jpsi->rho(1690)m.piprho(1690)m->phi.pim_total_0i": -1.2874821498936733,
  "Jpsi->rho(1690)m.pip_g_ls_0r": 1.0,
  "Jpsi->rho(1690)m.pip_g_ls_0i": 0.0,
  "rho(1690)m->phi.pim_g_ls_0r": 1.0,
  "rho(1690)m->phi.pim_g_ls_0i": 0.0,
  "Jpsi->phi.f0(500)_E791f0(500)_E791->pip.pim_total_0r": 0.8861682325211078,
  "Jpsi->phi.f0(500)_E791f0(500)_E791->pip.pim_total_0i": -1.541689876586114,
  "Jpsi->phi.f0(500)_E791_g_ls_0r": 1.0,
  "Jpsi->phi.f0(500)_E791_g_ls_0i": 0.0,
  "Jpsi->phi.f0(500)_E791_g_ls_1r": 1.2919962595371381,
  "Jpsi->phi.f0(500)_E791_g_ls_1i": -0.18965949208691368,
  "f0(500)_E791->pip.pim_g_ls_0r": 1.0,
  "f0(500)_E791->pip.pim_g_ls_0i": 0.0,
  "Jpsi->phi.f0(980)_flattef0(980)_flatte->pip.pim_total_0r": 0.6224834252238138,
  "Jpsi->phi.f0(980)_flattef0(980)_flatte->pip.pim_total_0i": 0.6327801213429014,
  "f0(980)_flatte->pip.pim_g_ls_0r": 1.0,
  "f0(980)_flatte->pip.pim_g_ls_0i": 0.0,
  "Jpsi->phi.f2(1270)_flattef2(1270)_flatte->pip.pim_total_0r": 1.7556505442931445,
  "Jpsi->phi.f2(1270)_flattef2(1270)_flatte->pip.pim_total_0i": -0.9264549412905412,
  "Jpsi->phi.f2(1270)_flatte_g_ls_0r": 1.0,
  "Jpsi->phi.f2(1270)_flatte_g_ls_0i": 0.0,
  "Jpsi->phi.f2(1270)_flatte_g_ls_1r": 1.8645241129994337,
  "Jpsi->phi.f2(1270)_flatte_g_ls_1i": 0.45720240517395316,
  "Jpsi->phi.f2(1270)_flatte_g_ls_2r": 1.9538589424950539,
  "Jpsi->phi.f2(1270)_flatte_g_ls_2i": -2.8454069891983655,
  "Jpsi->phi.f2(1270)_flatte_g_ls_3r": 1.4259585653272988,
  "Jpsi->phi.f2(1270)_flatte_g_ls_3i": -0.8340648859206481,
  "Jpsi->phi.f2(1270)_flatte_g_ls_4r": 0.09590784460928692,
  "Jpsi->phi.f2(1270)_flatte_g_ls_4i": 0.8555910402898146,
  "f2(1270)_flatte->pip.pim_g_ls_0r": 1.0,
  "f2(1270)_flatte->pip.pim_g_ls_0i": 0.0,
  "Jpsi->phi.f0(1370)f0(1370)->pip.pim_total_0r": 1.8347011807545468,
  "Jpsi->phi.f0(1370)f0(1370)->pip.pim_total_0i": -2.9855943085926118,
  "Jpsi->phi.f0(1370)_g_ls_0r": 1.0,
  "Jpsi->phi.f0(1370)_g_ls_0i": 0.0,
  "Jpsi->phi.f0(1370)_g_ls_1r": 1.3220402195486085,
  "Jpsi->phi.f0(1370)_g_ls_1i": 2.9154356694046113,
  "f0(1370)->pip.pim_g_ls_0r": 1.0,
  "f0(1370)->pip.pim_g_ls_0i": 0.0,
  "Jpsi->phi.f0(1500)_flattef0(1500)_flatte->pip.pim_total_0r": 1.7088660222228564,
  "Jpsi->phi.f0(1500)_flattef0(1500)_flatte->pip.pim_total_0i": -1.9750580658692682,
  "Jpsi->phi.f0(1500)_flatte_g_ls_0r": 1.0,
  "Jpsi->phi.f0(1500)_flatte_g_ls_0i": 0.0,
  "Jpsi->phi.f0(1500)_flatte_g_ls_1r": 1.2109618249307048,
  "Jpsi->phi.f0(1500)_flatte_g_ls_1i": -1.850591366366399,
  "f0(1500)_flatte->pip.pim_g_ls_0r": 1.0,
  "f0(1500)_flatte->pip.pim_g_ls_0i": 0.0,
  "Jpsi->phi.f0(1710)f0(1710)->pip.pim_total_0r": 1.420530007181224,
  "Jpsi->phi.f0(1710)f0(1710)->pip.pim_total_0i": -2.476863025795061,
  "f0(1710)->pip.pim_g_ls_0r": 1.0,
  "f0(1710)->pip.pim_g_ls_0i": 0.0,
  "Jpsi->phi.f2(1430)f2(1430)->pip.pim_total_0r": 1.1291967729333088,
  "Jpsi->phi.f2(1430)f2(1430)->pip.pim_total_0i": 0.9742656977199999,
  "Jpsi->phi.f2(1430)_g_ls_0r": 1.0,
  "Jpsi->phi.f2(1430)_g_ls_0i": 0.0,
  "Jpsi->phi.f2(1430)_g_ls_1r": 0.32310484287865515,
  "Jpsi->phi.f2(1430)_g_ls_1i": 1.3814394846431588,
  "Jpsi->phi.f2(1430)_g_ls_2r": 1.5226596977847295,
  "Jpsi->phi.f2(1430)_g_ls_2i": -1.4375061983175312,
  "Jpsi->phi.f2(1430)_g_ls_3r": 0.5725908848343302,
  "Jpsi->phi.f2(1430)_g_ls_3i": 1.3371120324827395,
  "Jpsi->phi.f2(1430)_g_ls_4r": 0.07181279846538668,
  "Jpsi->phi.f2(1430)_g_ls_4i": -0.9297081782112953,
  "f2(1430)->pip.pim_g_ls_0r": 1.0,
  "f2(1430)->pip.pim_g_ls_0i": 0.0,
  "Jpsi->phi.NR_pipi_0.NR_pipi_0.->pip.pim_total_0r": 1.5527422285790347,
  "Jpsi->phi.NR_pipi_0.NR_pipi_0.->pip.pim_total_0i": -1.3983724456235893,
  "Jpsi->phi.NR_pipi_0._g_ls_0r": 1.0,
  "Jpsi->phi.NR_pipi_0._g_ls_0i": 0.0,
  "Jpsi->phi.NR_pipi_0._g_ls_1r": 1.837629963481846,
  "Jpsi->phi.NR_pipi_0._g_ls_1i": 0.490122072801753,
  "NR_pipi_0.->pip.pim_g_ls_0r": 1.0,
  "NR_pipi_0.->pip.pim_g_ls_0i": 0.0,
  "K1(1400)p_mass": 1.403,
  "K1(1400)p_width": 0.174,
  "K2(1820)p_mass": 1.819,
  "K2(1820)p_width": 0.264,
  "K2(1980)p_mass": 1.99,
  "K2(1980)p_width": 0.348,
  "K2(2250)p_mass": 2.247,
  "K2(2250)p_width": 0.18,
  "K3(2320)p_mass": 2.324,
  "K3(2320)p_width": 0.15,
  "K1(1400)m_mass": 1.403,
  "K1(1400)m_width": 0.174,
  "K2(1820)m_mass": 1.819,
  "K2(1820)m_width": 0.264,
  "K2(1980)m_mass": 1.99,
  "K2(1980)m_width": 0.348,
  "K3(2320)m_mass": 2.324,
  "K3(2320)m_width": 0.15,
  "f0(980)_flatte_mass": 0.965,
  "f0(980)_flatte_g_0": 0.8881641772035216,
  "f0(980)_flatte_g_1": 0.8981714758312329,
  "f2(1270)_mass": 1.2754,
  "f2(1270)_width": 0.1858,
  "f0(1500)_mass": 1.522,
  "f0(1500)_width": 0.108,
  "f2(1525)_mass": 1.5173,
  "f2(1525)_width": 0.072,
  "f2(1565)_mass": 1.571,
  "f2(1565)_width": 0.132,
  "f0(1710)_mass": 1.733,
  "f0(1710)_width": 0.15,
  "f2(1810)_mass": 1.815,
  "f2(1810)_width": 0.197,
  "Jpsi->K1(1400)p.kmK1(1400)p->phi.kp_total_0r": 1.0,
  "Jpsi->K1(1400)p.kmK1(1400)p->phi.kp_total_0i": 0.0,
  "Jpsi->K1(1400)p.km_g_ls_0r": 1.0,
  "Jpsi->K1(1400)p.km_g_ls_0i": 0.0,
  "Jpsi->K1(1400)p.km_g_ls_1r": 1.2573929205740444,
  "Jpsi->K1(1400)p.km_g_ls_1i": -1.510044098765931,
  "K1(1400)p->phi.kp_g_ls_0r": 1.0,
  "K1(1400)p->phi.kp_g_ls_0i": 0.0,
  "K1(1400)p->phi.kp_g_ls_1r": 0.5648079102902708,
  "K1(1400)p->phi.kp_g_ls_1i": 1.1024366247928015,
  "Jpsi->K2(1820)p.kmK2(1820)p->phi.kp_total_0r": 1.438054966785093,
  "Jpsi->K2(1820)p.kmK2(1820)p->phi.kp_total_0i": 0.6049814704983913,
  "Jpsi->K2(1820)p.km_g_ls_0r": 1.0,
  "Jpsi->K2(1820)p.km_g_ls_0i": 0.0,
  "Jpsi->K2(1820)p.km_g_ls_1r": 1.2274357079546143,
  "Jpsi->K2(1820)p.km_g_ls_1i": 2.6314030160397444,
  "K2(1820)p->phi.kp_g_ls_0r": 1.0,
  "K2(1820)p->phi.kp_g_ls_0i": 0.0,
  "K2(1820)p->phi.kp_g_ls_1r": 1.2509950364137832,
  "K2(1820)p->phi.kp_g_ls_1i": 2.613325922790409,
  "Jpsi->K2(1980)p.kmK2(1980)p->phi.kp_total_0r": 1.2099999564716017,
  "Jpsi->K2(1980)p.kmK2(1980)p->phi.kp_total_0i": 2.562247370711269,
  "Jpsi->K2(1980)p.km_g_ls_0r": 1.0,
  "Jpsi->K2(1980)p.km_g_ls_0i": 0.0,
  "K2(1980)p->phi.kp_g_ls_0r": 1.0,
  "K2(1980)p->phi.kp_g_ls_0i": 0.0,
  "Jpsi->K2(2250)p.kmK2(2250)p->phi.kp_total_0r": 0.10799205213411023,
  "Jpsi->K2(2250)p.kmK2(2250)p->phi.kp_total_0i": 2.3492734502081163,
  "Jpsi->K2(2250)p.km_g_ls_0r": 1.0,
  "Jpsi->K2(2250)p.km_g_ls_0i": 0.0,
  "Jpsi->K2(2250)p.km_g_ls_1r": 0.4345870151840261,
  "Jpsi->K2(2250)p.km_g_ls_1i": 1.841878998771099,
  "K2(2250)p->phi.kp_g_ls_0r": 1.0,
  "K2(2250)p->phi.kp_g_ls_0i": 0.0,
  "K2(2250)p->phi.kp_g_ls_1r": 1.3575637375483516,
  "K2(2250)p->phi.kp_g_ls_1i": 1.6946882890940342,
  "Jpsi->K3(2320)p.kmK3(2320)p->phi.kp_total_0r": 1.2762294849529994,
  "Jpsi->K3(2320)p.kmK3(2320)p->phi.kp_total_0i": 0.9301283900407977,
  "Jpsi->K3(2320)p.km_g_ls_0r": 1.0,
  "Jpsi->K3(2320)p.km_g_ls_0i": 0.0,
  "Jpsi->K3(2320)p.km_g_ls_1r": 1.216151490231737,
  "Jpsi->K3(2320)p.km_g_ls_1i": 0.20018709158120052,
  "K3(2320)p->phi.kp_g_ls_0r": 1.0,
  "K3(2320)p->phi.kp_g_ls_0i": 0.0,
  "K3(2320)p->phi.kp_g_ls_1r": 1.0302175825548017,
  "K3(2320)p->phi.kp_g_ls_1i": 1.9354853273868446,
  "Jpsi->K1(1400)m.kpK1(1400)m->phi.km_total_0r": 1.0,
  "Jpsi->K1(1400)m.kpK1(1400)m->phi.km_total_0i": 0.0,
  "Jpsi->K1(1400)m.kp_g_ls_0r": 1.0,
  "Jpsi->K1(1400)m.kp_g_ls_0i": 0.0,
  "Jpsi->K1(1400)m.kp_g_ls_1r": 1.2573929205740444,
  "Jpsi->K1(1400)m.kp_g_ls_1i": -1.510044098765931,
  "K1(1400)m->phi.km_g_ls_0r": 1.0,
  "K1(1400)m->phi.km_g_ls_0i": 0.0,
  "K1(1400)m->phi.km_g_ls_1r": 0.5648079102902708,
  "K1(1400)m->phi.km_g_ls_1i": 1.1024366247928015,
  "Jpsi->K2(1820)m.kpK2(1820)m->phi.km_total_0r": 1.438054966785093,
  "Jpsi->K2(1820)m.kpK2(1820)m->phi.km_total_0i": 0.6049814704983913,
  "Jpsi->K2(1820)m.kp_g_ls_0r": 1.0,
  "Jpsi->K2(1820)m.kp_g_ls_0i": 0.0,
  "Jpsi->K2(1820)m.kp_g_ls_1r": 1.2274357079546143,
  "Jpsi->K2(1820)m.kp_g_ls_1i": 2.6314030160397444,
  "K2(1820)m->phi.km_g_ls_0r": 1.0,
  "K2(1820)m->phi.km_g_ls_0i": 0.0,
  "K2(1820)m->phi.km_g_ls_1r": 1.2509950364137832,
  "K2(1820)m->phi.km_g_ls_1i": 2.613325922790409,
  "Jpsi->K2(1980)m.kpK2(1980)m->phi.km_total_0r": 1.2099999564716017,
  "Jpsi->K2(1980)m.kpK2(1980)m->phi.km_total_0i": 2.562247370711269,
  "Jpsi->K2(1980)m.kp_g_ls_0r": 1.0,
  "Jpsi->K2(1980)m.kp_g_ls_0i": 0.0,
  "K2(1980)m->phi.km_g_ls_0r": 1.0,
  "K2(1980)m->phi.km_g_ls_0i": 0.0,
  "Jpsi->K2(2250)p.kpK2(2250)p->phi.km_total_0r": 0.42740717581187493,
  "Jpsi->K2(2250)p.kpK2(2250)p->phi.km_total_0i": 0.11623699920815733,
  "Jpsi->K2(2250)p.kp_g_ls_0r": 1.0,
  "Jpsi->K2(2250)p.kp_g_ls_0i": 0.0,
  "Jpsi->K2(2250)p.kp_g_ls_1r": 0.4615396743133382,
  "Jpsi->K2(2250)p.kp_g_ls_1i": -2.8339057664437592,
  "K2(2250)p->phi.km_g_ls_0r": 1.0,
  "K2(2250)p->phi.km_g_ls_0i": 0.0,
  "K2(2250)p->phi.km_g_ls_1r": 1.3778350755380995,
  "K2(2250)p->phi.km_g_ls_1i": 1.3909065226890611,
  "Jpsi->K3(2320)m.kpK3(2320)m->phi.km_total_0r": 1.2762294849529994,
  "Jpsi->K3(2320)m.kpK3(2320)m->phi.km_total_0i": 0.9301283900407977,
  "Jpsi->K3(2320)m.kp_g_ls_0r": 1.0,
  "Jpsi->K3(2320)m.kp_g_ls_0i": 0.0,
  "Jpsi->K3(2320)m.kp_g_ls_1r": 1.216151490231737,
  "Jpsi->K3(2320)m.kp_g_ls_1i": 0.20018709158120052,
  "K3(2320)m->phi.km_g_ls_0r": 1.0,
  "K3(2320)m->phi.km_g_ls_0i": 0.0,
  "K3(2320)m->phi.km_g_ls_1r": 1.0302175825548017,
  "K3(2320)m->phi.km_g_ls_1i": 1.9354853273868446,
  "Jpsi->phi.f0(980)_flattef0(980)_flatte->kp.km_total_0r": 0.14508919985684265,
  "Jpsi->phi.f0(980)_flattef0(980)_flatte->kp.km_total_0i": 1.941486854829698,
  "Jpsi->phi.f0(980)_flatte_g_ls_0r": 1.0,
  "Jpsi->phi.f0(980)_flatte_g_ls_0i": 0.0,
  "Jpsi->phi.f0(980)_flatte_g_ls_1r": 0.02929957974555597,
  "Jpsi->phi.f0(980)_flatte_g_ls_1i": 1.898532825545293,
  "f0(980)_flatte->kp.km_g_ls_0r": 1.0,
  "f0(980)_flatte->kp.km_g_ls_0i": 0.0,
  "Jpsi->phi.f2(1270)f2(1270)->kp.km_total_0r": 1.9168382402132433,
  "Jpsi->phi.f2(1270)f2(1270)->kp.km_total_0i": 1.2735497378639593,
  "Jpsi->phi.f2(1270)_g_ls_0r": 1.0,
  "Jpsi->phi.f2(1270)_g_ls_0i": 0.0,
  "Jpsi->phi.f2(1270)_g_ls_1r": 0.38349886671488376,
  "Jpsi->phi.f2(1270)_g_ls_1i": 0.8240248081105088,
  "Jpsi->phi.f2(1270)_g_ls_2r": 0.8977751463330117,
  "Jpsi->phi.f2(1270)_g_ls_2i": -0.49649157435027513,
  "Jpsi->phi.f2(1270)_g_ls_3r": 1.643445757358926,
  "Jpsi->phi.f2(1270)_g_ls_3i": 0.83755945043232,
  "Jpsi->phi.f2(1270)_g_ls_4r": 1.35831670495689,
  "Jpsi->phi.f2(1270)_g_ls_4i": 1.4051370011589244,
  "f2(1270)->kp.km_g_ls_0r": 1.0,
  "f2(1270)->kp.km_g_ls_0i": 0.0,
  "Jpsi->phi.f0(1500)f0(1500)->kp.km_total_0r": 1.537048637804594,
  "Jpsi->phi.f0(1500)f0(1500)->kp.km_total_0i": -2.269410029599876,
  "Jpsi->phi.f0(1500)_g_ls_0r": 1.0,
  "Jpsi->phi.f0(1500)_g_ls_0i": 0.0,
  "Jpsi->phi.f0(1500)_g_ls_1r": 0.6970137977719566,
  "Jpsi->phi.f0(1500)_g_ls_1i": -1.469295369399199,
  "f0(1500)->kp.km_g_ls_0r": 1.0,
  "f0(1500)->kp.km_g_ls_0i": 0.0,
  "Jpsi->phi.f2(1525)f2(1525)->kp.km_total_0r": 1.3387500197400404,
  "Jpsi->phi.f2(1525)f2(1525)->kp.km_total_0i": 0.7488685939607116,
  "Jpsi->phi.f2(1525)_g_ls_0r": 1.0,
  "Jpsi->phi.f2(1525)_g_ls_0i": 0.0,
  "Jpsi->phi.f2(1525)_g_ls_1r": 0.03404017606569365,
  "Jpsi->phi.f2(1525)_g_ls_1i": 2.5414720578834045,
  "Jpsi->phi.f2(1525)_g_ls_2r": 1.0435321279690024,
  "Jpsi->phi.f2(1525)_g_ls_2i": 2.8584241386250993,
  "Jpsi->phi.f2(1525)_g_ls_3r": 0.2531923130058207,
  "Jpsi->phi.f2(1525)_g_ls_3i": 2.4435775458678712,
  "Jpsi->phi.f2(1525)_g_ls_4r": 0.834005489207192,
  "Jpsi->phi.f2(1525)_g_ls_4i": -1.1868869395530701,
  "f2(1525)->kp.km_g_ls_0r": 1.0,
  "f2(1525)->kp.km_g_ls_0i": 0.0,
  "Jpsi->phi.f2(1565)f2(1565)->kp.km_total_0r": 0.314805723473051,
  "Jpsi->phi.f2(1565)f2(1565)->kp.km_total_0i": 2.481188990436345,
  "Jpsi->phi.f2(1565)_g_ls_0r": 1.0,
  "Jpsi->phi.f2(1565)_g_ls_0i": 0.0,
  "Jpsi->phi.f2(1565)_g_ls_1r": 0.4462048941738308,
  "Jpsi->phi.f2(1565)_g_ls_1i": 2.261735896248376,
  "Jpsi->phi.f2(1565)_g_ls_2r": 1.8959815342548199,
  "Jpsi->phi.f2(1565)_g_ls_2i": 2.46031730167146,
  "Jpsi->phi.f2(1565)_g_ls_3r": 0.16040773794861085,
  "Jpsi->phi.f2(1565)_g_ls_3i": -1.3449117744123862,
  "Jpsi->phi.f2(1565)_g_ls_4r": 1.2121916525697705,
  "Jpsi->phi.f2(1565)_g_ls_4i": 2.5354470795458743,
  "f2(1565)->kp.km_g_ls_0r": 1.0,
  "f2(1565)->kp.km_g_ls_0i": 0.0,
  "Jpsi->phi.f0(1710)f0(1710)->kp.km_total_0r": 1.2628505412062578,
  "Jpsi->phi.f0(1710)f0(1710)->kp.km_total_0i": -2.971123274363357,
  "Jpsi->phi.f0(1710)_g_ls_0r": 1.0,
  "Jpsi->phi.f0(1710)_g_ls_0i": 0.0,
  "Jpsi->phi.f0(1710)_g_ls_1r": 0.12871928100471575,
  "Jpsi->phi.f0(1710)_g_ls_1i": -2.8103990523467135,
  "f0(1710)->kp.km_g_ls_0r": 1.0,
  "f0(1710)->kp.km_g_ls_0i": 0.0,
  "Jpsi->phi.f2(1810)f2(1810)->kp.km_total_0r": 0.24643181916108725,
  "Jpsi->phi.f2(1810)f2(1810)->kp.km_total_0i": -2.1176609171163125,
  "Jpsi->phi.f2(1810)_g_ls_0r": 1.0,
  "Jpsi->phi.f2(1810)_g_ls_0i": 0.0,
  "Jpsi->phi.f2(1810)_g_ls_1r": 0.8777614827152052,
  "Jpsi->phi.f2(1810)_g_ls_1i": -2.298813916782094,
  "Jpsi->phi.f2(1810)_g_ls_2r": 1.0110962540404098,
  "Jpsi->phi.f2(1810)_g_ls_2i": -2.6646816962626048,
  "Jpsi->phi.f2(1810)_g_ls_3r": 0.9734123024877239,
  "Jpsi->phi.f2(1810)_g_ls_3i": -1.9083787467822653,
  "Jpsi->phi.f2(1810)_g_ls_4r": 1.1340373155480772,
  "Jpsi->phi.f2(1810)_g_ls_4i": 1.386789091195479,
  "f2(1810)->kp.km_g_ls_0r": 1.0,
  "f2(1810)->kp.km_g_ls_0i": 0.0
}
##boundary: 
   f0(1370)_mass 	 [1.2, 1.5]
   f0(1370)_width 	 [0.2, 0.5]
   f2(1430)_mass 	 [1.41, 1.48]
   f2(1430)_width 	 [0.031, 0.061]
   f2(1270)_flatte_g_0 	 [0.0, None]
   f2(1270)_flatte_g_1 	 [0.0, None]
   f0(1370)_flatte_g_0 	 [0.0, None]
   f0(1370)_flatte_g_1 	 [0.0, None]
   f2(1430)_flatte_g_0 	 [0.0, None]
   f2(1430)_flatte_g_1 	 [0.0, None]
   f0(1500)_flatte_g_0 	 [0.0, None]
   f0(1500)_flatte_g_1 	 [0.0, None]
   f0(1525)_flatte_g_0 	 [0.0, None]
   f0(1525)_flatte_g_1 	 [0.0, None]
   f0(1565)_flatte_g_0 	 [0.0, None]
   f0(1565)_flatte_g_1 	 [0.0, None]
   f0(1710)_flatte_g_0 	 [0.0, None]
   f0(1710)_flatte_g_1 	 [0.0, None]
   K1(1400)p_mass 	 [1.393, 1.413]
   K1(1400)p_width 	 [0.161, 0.187]
   K2(1820)p_mass 	 [1.807, 1.831]
   K2(1820)p_width 	 [0.232, 0.298]
   K2(1980)p_mass 	 [1.94, 2.05]
   K2(1980)p_width 	 [0.318, 0.398]
   K2(2250)p_mass 	 [2.23, 2.264]
   K2(2250)p_width 	 [0.15, 0.21]
   K3(2320)p_mass 	 [2.3, 2.348]
   K3(2320)p_width 	 [0.12, 0.18]
   K1(1400)m_mass 	 [1.393, 1.413]
   K1(1400)m_width 	 [0.161, 0.187]
   K2(1820)m_mass 	 [1.807, 1.831]
   K2(1820)m_width 	 [0.232, 0.298]
   K2(1980)m_mass 	 [1.94, 2.05]
   K2(1980)m_width 	 [0.318, 0.398]
   K3(2320)m_mass 	 [2.3, 2.348]
   K3(2320)m_width 	 [0.12, 0.18]
   f2(1270)_mass 	 [1.2746, 1.2762]
   f2(1270)_width 	 [0.18, 0.19]
   f0(1500)_mass 	 [1.497, 1.547]
   f0(1500)_width 	 [0.075, 0.141]
   f2(1525)_mass 	 [1.5149, 1.5197]
   f2(1525)_width 	 [0.066, 0.079]
   f2(1565)_mass 	 [1.558, 1.584]
   f2(1565)_width 	 [0.109, 0.155]
   f0(1710)_mass 	 [1.726, 1.741]
   f0(1710)_width 	 [0.14, 0.162]
   f2(1810)_mass 	 [1.803, 1.827]
   f2(1810)_width 	 [0.175, 0.219]
   f0(980)_flatte_g_0 	 [0.0, None]
   f0(980)_flatte_g_1 	 [0.0, None]
nll_grad  cost time: 4.959370851516724
nll_grad  cost time: 8.911984205245972
tf.Tensor(-2231.664965740056, shape=(), dtype=float64)
nll_grad  cost time: 2.4336588382720947
nll_grad  cost time: 2.26214599609375
tf.Tensor(-4302.826782172255, shape=(), dtype=float64)
nll_grad  cost time: 2.3826141357421875
tf.Tensor(-6630.000320637599, shape=(), dtype=float64)
nll_grad  cost time: 2.3464975357055664
nll_grad  cost time: 2.2978997230529785
tf.Tensor(-7252.908109045253, shape=(), dtype=float64)
nll_grad  cost time: 2.3925485610961914
tf.Tensor(-7706.402832995009, shape=(), dtype=float64)
nll_grad  cost time: 2.3549256324768066
tf.Tensor(-8262.45608078962, shape=(), dtype=float64)
nll_grad  cost time: 2.394831657409668
tf.Tensor(-8393.800655612344, shape=(), dtype=float64)
nll_grad  cost time: 2.406749963760376
tf.Tensor(-8613.052254988157, shape=(), dtype=float64)
nll_grad  cost time: 2.4323537349700928
tf.Tensor(-8845.243366153853, shape=(), dtype=float64)
nll_grad  cost time: 2.4055731296539307
nll_grad  cost time: 2.3369340896606445
tf.Tensor(-8974.209822118282, shape=(), dtype=float64)
nll_grad  cost time: 2.405841588973999
tf.Tensor(-9105.112703393315, shape=(), dtype=float64)
nll_grad  cost time: 2.509761095046997
tf.Tensor(-9263.647318043513, shape=(), dtype=float64)
nll_grad  cost time: 2.390410900115967
tf.Tensor(-9366.693003542081, shape=(), dtype=float64)
nll_grad  cost time: 2.4374401569366455
tf.Tensor(-9457.453144031839, shape=(), dtype=float64)
nll_grad  cost time: 2.4020307064056396
tf.Tensor(-9545.642005947753, shape=(), dtype=float64)
nll_grad  cost time: 2.4252796173095703
tf.Tensor(-9648.701891001707, shape=(), dtype=float64)
nll_grad  cost time: 2.3847758769989014
tf.Tensor(-9744.269122215628, shape=(), dtype=float64)
nll_grad  cost time: 2.364718437194824
nll_grad  cost time: 2.299844741821289
tf.Tensor(-9779.352908705085, shape=(), dtype=float64)
nll_grad  cost time: 2.5858864784240723
tf.Tensor(-9827.36687331488, shape=(), dtype=float64)
nll_grad  cost time: 2.364319086074829
nll_grad  cost time: 2.4186651706695557
tf.Tensor(-9849.627764087345, shape=(), dtype=float64)
nll_grad  cost time: 2.521162271499634
tf.Tensor(-9869.605328545673, shape=(), dtype=float64)
nll_grad  cost time: 2.5730841159820557
tf.Tensor(-9898.996409374799, shape=(), dtype=float64)
nll_grad  cost time: 2.5054078102111816
tf.Tensor(-9950.871865291527, shape=(), dtype=float64)
nll_grad  cost time: 2.484530210494995
tf.Tensor(-10013.597980313352, shape=(), dtype=float64)
nll_grad  cost time: 2.6722681522369385
nll_grad  cost time: 2.6407971382141113
tf.Tensor(-10030.628853062226, shape=(), dtype=float64)
nll_grad  cost time: 2.5672507286071777
tf.Tensor(-10053.803934270647, shape=(), dtype=float64)
nll_grad  cost time: 2.514587163925171
tf.Tensor(-10058.79974536413, shape=(), dtype=float64)
nll_grad  cost time: 2.4808483123779297
tf.Tensor(-10067.11730403181, shape=(), dtype=float64)
nll_grad  cost time: 2.5206525325775146
tf.Tensor(-10081.156499225035, shape=(), dtype=float64)
nll_grad  cost time: 2.4996235370635986
tf.Tensor(-10103.787635453642, shape=(), dtype=float64)
nll_grad  cost time: 2.6401331424713135
tf.Tensor(-10132.935265719745, shape=(), dtype=float64)
nll_grad  cost time: 2.5051746368408203
tf.Tensor(-10160.698040436037, shape=(), dtype=float64)
nll_grad  cost time: 2.707787036895752
tf.Tensor(-10178.269736379807, shape=(), dtype=float64)
nll_grad  cost time: 2.7615294456481934
tf.Tensor(-10201.384760351793, shape=(), dtype=float64)
nll_grad  cost time: 2.658775568008423
tf.Tensor(-10211.291620689095, shape=(), dtype=float64)
nll_grad  cost time: 2.610731601715088
tf.Tensor(-10221.818611148366, shape=(), dtype=float64)
nll_grad  cost time: 2.6602976322174072
tf.Tensor(-10228.7699418845, shape=(), dtype=float64)
nll_grad  cost time: 2.659912109375
tf.Tensor(-10240.248556727442, shape=(), dtype=float64)
nll_grad  cost time: 2.7523865699768066
tf.Tensor(-10249.801292979115, shape=(), dtype=float64)
nll_grad  cost time: 2.801284074783325
tf.Tensor(-10259.881672348682, shape=(), dtype=float64)
nll_grad  cost time: 2.5654149055480957
tf.Tensor(-10271.31073809044, shape=(), dtype=float64)
nll_grad  cost time: 2.4973392486572266
tf.Tensor(-10276.858798500834, shape=(), dtype=float64)
nll_grad  cost time: 2.4797093868255615
tf.Tensor(-10285.393651152292, shape=(), dtype=float64)
nll_grad  cost time: 2.47977876663208
tf.Tensor(-10295.994946780032, shape=(), dtype=float64)
nll_grad  cost time: 2.433741807937622
tf.Tensor(-10304.078005440155, shape=(), dtype=float64)
nll_grad  cost time: 2.4470763206481934
tf.Tensor(-10312.40588183119, shape=(), dtype=float64)
nll_grad  cost time: 2.705782890319824
tf.Tensor(-10323.757565811364, shape=(), dtype=float64)
nll_grad  cost time: 2.83337664604187
tf.Tensor(-10333.965770351875, shape=(), dtype=float64)
nll_grad  cost time: 2.7523672580718994
tf.Tensor(-10343.08614898489, shape=(), dtype=float64)
nll_grad  cost time: 2.786247730255127
tf.Tensor(-10352.004150323308, shape=(), dtype=float64)
nll_grad  cost time: 2.8011274337768555
tf.Tensor(-10363.830811771128, shape=(), dtype=float64)
nll_grad  cost time: 3.1046013832092285
tf.Tensor(-10369.313797497554, shape=(), dtype=float64)
nll_grad  cost time: 2.730283498764038
tf.Tensor(-10371.847294997817, shape=(), dtype=float64)
nll_grad  cost time: 2.7438271045684814
tf.Tensor(-10375.847185307983, shape=(), dtype=float64)
nll_grad  cost time: 2.9397878646850586
tf.Tensor(-10380.113435594001, shape=(), dtype=float64)
nll_grad  cost time: 2.8066489696502686
tf.Tensor(-10383.145255447802, shape=(), dtype=float64)
nll_grad  cost time: 2.708932638168335
tf.Tensor(-10385.798028923018, shape=(), dtype=float64)
nll_grad  cost time: 2.745018720626831
tf.Tensor(-10389.092699755347, shape=(), dtype=float64)
nll_grad  cost time: 2.7268333435058594
tf.Tensor(-10392.683820216611, shape=(), dtype=float64)
nll_grad  cost time: 2.7013280391693115
tf.Tensor(-10396.737440788027, shape=(), dtype=float64)
nll_grad  cost time: 2.653061866760254
tf.Tensor(-10401.660680543588, shape=(), dtype=float64)
nll_grad  cost time: 2.8618247509002686
tf.Tensor(-10404.380026257539, shape=(), dtype=float64)
nll_grad  cost time: 2.8171186447143555
tf.Tensor(-10407.269974374285, shape=(), dtype=float64)
nll_grad  cost time: 2.744048595428467
tf.Tensor(-10410.476179180681, shape=(), dtype=float64)
nll_grad  cost time: 2.709827423095703
tf.Tensor(-10412.982927978228, shape=(), dtype=float64)
nll_grad  cost time: 2.7324256896972656
tf.Tensor(-10416.835390455133, shape=(), dtype=float64)
nll_grad  cost time: 2.7046031951904297
tf.Tensor(-10421.602287727728, shape=(), dtype=float64)
nll_grad  cost time: 2.757692813873291
tf.Tensor(-10426.397872959904, shape=(), dtype=float64)
nll_grad  cost time: 2.7023959159851074
tf.Tensor(-10431.827423467708, shape=(), dtype=float64)
nll_grad  cost time: 2.7380971908569336
tf.Tensor(-10435.325192744684, shape=(), dtype=float64)
nll_grad  cost time: 2.7239034175872803
tf.Tensor(-10437.761338444063, shape=(), dtype=float64)
nll_grad  cost time: 2.7058568000793457
tf.Tensor(-10440.519254634666, shape=(), dtype=float64)
nll_grad  cost time: 2.7847323417663574
tf.Tensor(-10444.052016987378, shape=(), dtype=float64)
nll_grad  cost time: 2.819765329360962
tf.Tensor(-10446.379820142523, shape=(), dtype=float64)
nll_grad  cost time: 2.684954881668091
tf.Tensor(-10449.23873265463, shape=(), dtype=float64)
nll_grad  cost time: 2.7752883434295654
tf.Tensor(-10452.506096597892, shape=(), dtype=float64)
nll_grad  cost time: 2.804428815841675
tf.Tensor(-10456.128291685513, shape=(), dtype=float64)
nll_grad  cost time: 2.6200785636901855
tf.Tensor(-10458.305295909566, shape=(), dtype=float64)
nll_grad  cost time: 2.650916814804077
tf.Tensor(-10461.604031659386, shape=(), dtype=float64)
nll_grad  cost time: 2.63539457321167
tf.Tensor(-10465.894661024504, shape=(), dtype=float64)
nll_grad  cost time: 2.6373109817504883
tf.Tensor(-10468.040418061893, shape=(), dtype=float64)
nll_grad  cost time: 2.6054491996765137
tf.Tensor(-10471.062573562798, shape=(), dtype=float64)
nll_grad  cost time: 2.664754629135132
tf.Tensor(-10475.307154304013, shape=(), dtype=float64)
nll_grad  cost time: 2.7249906063079834
tf.Tensor(-10480.111568295368, shape=(), dtype=float64)
nll_grad  cost time: 2.7168819904327393
tf.Tensor(-10485.243148313559, shape=(), dtype=float64)
nll_grad  cost time: 2.6350743770599365
tf.Tensor(-10487.563545114666, shape=(), dtype=float64)
nll_grad  cost time: 2.6956310272216797
tf.Tensor(-10489.39457744715, shape=(), dtype=float64)
nll_grad  cost time: 2.755544900894165
tf.Tensor(-10491.934047336763, shape=(), dtype=float64)
nll_grad  cost time: 2.6149051189422607
tf.Tensor(-10494.297767534765, shape=(), dtype=float64)
nll_grad  cost time: 2.6645469665527344
tf.Tensor(-10497.393310592088, shape=(), dtype=float64)
nll_grad  cost time: 2.623702049255371
tf.Tensor(-10500.512287763966, shape=(), dtype=float64)
nll_grad  cost time: 2.684624433517456
tf.Tensor(-10503.43385548814, shape=(), dtype=float64)
nll_grad  cost time: 2.6175482273101807
tf.Tensor(-10506.635586861972, shape=(), dtype=float64)
nll_grad  cost time: 2.6129069328308105
tf.Tensor(-10508.0540884683, shape=(), dtype=float64)
nll_grad  cost time: 2.623119354248047
tf.Tensor(-10509.420404077187, shape=(), dtype=float64)
nll_grad  cost time: 2.6552135944366455
tf.Tensor(-10511.07379080716, shape=(), dtype=float64)
nll_grad  cost time: 2.644261121749878
tf.Tensor(-10512.999878407616, shape=(), dtype=float64)
nll_grad  cost time: 2.6590874195098877
tf.Tensor(-10515.315937716543, shape=(), dtype=float64)
nll_grad  cost time: 2.75447416305542
tf.Tensor(-10518.320875503021, shape=(), dtype=float64)
nll_grad  cost time: 2.7078511714935303
tf.Tensor(-10521.480926988355, shape=(), dtype=float64)
nll_grad  cost time: 2.603935480117798
tf.Tensor(-10523.313570821905, shape=(), dtype=float64)
nll_grad  cost time: 2.704345703125
tf.Tensor(-10525.28625535431, shape=(), dtype=float64)
nll_grad  cost time: 2.618699789047241
tf.Tensor(-10526.909288621784, shape=(), dtype=float64)
nll_grad  cost time: 2.6221776008605957
tf.Tensor(-10528.831000564358, shape=(), dtype=float64)
nll_grad  cost time: 2.6217293739318848
tf.Tensor(-10530.58227752398, shape=(), dtype=float64)
nll_grad  cost time: 2.6099190711975098
tf.Tensor(-10531.326857696185, shape=(), dtype=float64)
nll_grad  cost time: 2.8528788089752197
tf.Tensor(-10532.393888041814, shape=(), dtype=float64)
nll_grad  cost time: 2.590048313140869
tf.Tensor(-10533.840592826018, shape=(), dtype=float64)
nll_grad  cost time: 2.58640718460083
tf.Tensor(-10535.644958400459, shape=(), dtype=float64)
nll_grad  cost time: 2.523574113845825
tf.Tensor(-10537.488471810677, shape=(), dtype=float64)
nll_grad  cost time: 2.7178711891174316
tf.Tensor(-10538.912361109382, shape=(), dtype=float64)
nll_grad  cost time: 2.6381995677948
tf.Tensor(-10540.018769270944, shape=(), dtype=float64)
nll_grad  cost time: 2.570657253265381
tf.Tensor(-10541.768732109747, shape=(), dtype=float64)
nll_grad  cost time: 2.5990748405456543
tf.Tensor(-10543.16316733911, shape=(), dtype=float64)
nll_grad  cost time: 2.6902518272399902
tf.Tensor(-10545.016130596297, shape=(), dtype=float64)
nll_grad  cost time: 2.6694889068603516
tf.Tensor(-10546.27084722613, shape=(), dtype=float64)
nll_grad  cost time: 2.6853466033935547
tf.Tensor(-10547.394799286281, shape=(), dtype=float64)
nll_grad  cost time: 2.6650612354278564
tf.Tensor(-10548.663091833369, shape=(), dtype=float64)
nll_grad  cost time: 2.729078769683838
tf.Tensor(-10550.494315318967, shape=(), dtype=float64)
nll_grad  cost time: 2.623307704925537
tf.Tensor(-10552.015682692945, shape=(), dtype=float64)
nll_grad  cost time: 2.8878841400146484
tf.Tensor(-10553.194166493107, shape=(), dtype=float64)
nll_grad  cost time: 2.7733447551727295
tf.Tensor(-10554.946684143462, shape=(), dtype=float64)
nll_grad  cost time: 2.862161874771118
tf.Tensor(-10557.138272429089, shape=(), dtype=float64)
nll_grad  cost time: 2.7515971660614014
tf.Tensor(-10558.941785328425, shape=(), dtype=float64)
nll_grad  cost time: 2.76239013671875
tf.Tensor(-10560.365668360522, shape=(), dtype=float64)
nll_grad  cost time: 2.6662847995758057
tf.Tensor(-10562.142977361553, shape=(), dtype=float64)
nll_grad  cost time: 2.698127269744873
tf.Tensor(-10562.794060517845, shape=(), dtype=float64)
nll_grad  cost time: 2.7529830932617188
tf.Tensor(-10563.767307013157, shape=(), dtype=float64)
nll_grad  cost time: 2.9570674896240234
tf.Tensor(-10565.242452472768, shape=(), dtype=float64)
nll_grad  cost time: 2.6634912490844727
tf.Tensor(-10566.81022733498, shape=(), dtype=float64)
nll_grad  cost time: 2.7712433338165283
tf.Tensor(-10568.72427401549, shape=(), dtype=float64)
nll_grad  cost time: 2.6902291774749756
tf.Tensor(-10569.408768716981, shape=(), dtype=float64)
nll_grad  cost time: 2.8059542179107666
tf.Tensor(-10570.525313405786, shape=(), dtype=float64)
nll_grad  cost time: 2.80800724029541
tf.Tensor(-10572.026589349669, shape=(), dtype=float64)
nll_grad  cost time: 2.7963266372680664
tf.Tensor(-10573.942018855189, shape=(), dtype=float64)
nll_grad  cost time: 2.7809832096099854
tf.Tensor(-10575.521482242795, shape=(), dtype=float64)
nll_grad  cost time: 2.76238751411438
tf.Tensor(-10576.246439529466, shape=(), dtype=float64)
nll_grad  cost time: 2.620387554168701
tf.Tensor(-10577.292970943206, shape=(), dtype=float64)
nll_grad  cost time: 2.7277047634124756
tf.Tensor(-10578.390941287813, shape=(), dtype=float64)
nll_grad  cost time: 2.818117141723633
tf.Tensor(-10579.91631668598, shape=(), dtype=float64)
nll_grad  cost time: 2.6634488105773926
tf.Tensor(-10580.381224577184, shape=(), dtype=float64)
nll_grad  cost time: 2.606860637664795
tf.Tensor(-10581.104072643167, shape=(), dtype=float64)
nll_grad  cost time: 2.688048839569092
tf.Tensor(-10582.220305685914, shape=(), dtype=float64)
nll_grad  cost time: 2.756455898284912
tf.Tensor(-10583.770579624324, shape=(), dtype=float64)
nll_grad  cost time: 2.732250452041626
tf.Tensor(-10584.315775045805, shape=(), dtype=float64)
nll_grad  cost time: 2.761446475982666
tf.Tensor(-10585.117154761188, shape=(), dtype=float64)
nll_grad  cost time: 2.8380026817321777
tf.Tensor(-10586.16415591519, shape=(), dtype=float64)
nll_grad  cost time: 2.7284433841705322
tf.Tensor(-10586.91697712084, shape=(), dtype=float64)
nll_grad  cost time: 2.765080451965332
tf.Tensor(-10587.298222289057, shape=(), dtype=float64)
nll_grad  cost time: 2.7175686359405518
tf.Tensor(-10587.86872777839, shape=(), dtype=float64)
nll_grad  cost time: 2.9803695678710938
tf.Tensor(-10588.747362713475, shape=(), dtype=float64)
nll_grad  cost time: 2.5882012844085693
tf.Tensor(-10589.920592237657, shape=(), dtype=float64)
nll_grad  cost time: 2.644104242324829
tf.Tensor(-10590.35970042368, shape=(), dtype=float64)
nll_grad  cost time: 2.6373801231384277
tf.Tensor(-10590.992328053035, shape=(), dtype=float64)
nll_grad  cost time: 2.6441824436187744
tf.Tensor(-10591.940574688488, shape=(), dtype=float64)
nll_grad  cost time: 2.6512434482574463
tf.Tensor(-10592.861339947325, shape=(), dtype=float64)
nll_grad  cost time: 2.6619560718536377
tf.Tensor(-10593.49002539656, shape=(), dtype=float64)
nll_grad  cost time: 2.638821840286255
tf.Tensor(-10594.323244070896, shape=(), dtype=float64)
nll_grad  cost time: 2.5432446002960205
tf.Tensor(-10595.240480446533, shape=(), dtype=float64)
nll_grad  cost time: 2.666378974914551
tf.Tensor(-10595.84627011574, shape=(), dtype=float64)
nll_grad  cost time: 2.719376564025879
tf.Tensor(-10596.531809472508, shape=(), dtype=float64)
nll_grad  cost time: 2.765587329864502
tf.Tensor(-10597.358469513012, shape=(), dtype=float64)
nll_grad  cost time: 2.576185703277588
tf.Tensor(-10597.719676489505, shape=(), dtype=float64)
nll_grad  cost time: 2.6449942588806152
tf.Tensor(-10598.303687889624, shape=(), dtype=float64)
nll_grad  cost time: 2.6480305194854736
tf.Tensor(-10599.190534761525, shape=(), dtype=float64)
nll_grad  cost time: 2.8923799991607666
tf.Tensor(-10600.159086913482, shape=(), dtype=float64)
nll_grad  cost time: 2.8113667964935303
tf.Tensor(-10600.756021229507, shape=(), dtype=float64)
nll_grad  cost time: 2.8109867572784424
tf.Tensor(-10601.458549146715, shape=(), dtype=float64)
nll_grad  cost time: 2.736755609512329
tf.Tensor(-10601.756001511472, shape=(), dtype=float64)
nll_grad  cost time: 2.674701452255249
tf.Tensor(-10602.161982938225, shape=(), dtype=float64)
nll_grad  cost time: 2.891658067703247
tf.Tensor(-10602.7095548652, shape=(), dtype=float64)
nll_grad  cost time: 2.668039560317993
tf.Tensor(-10603.24728397798, shape=(), dtype=float64)
nll_grad  cost time: 2.999016284942627
tf.Tensor(-10603.404367532989, shape=(), dtype=float64)
nll_grad  cost time: 2.6713593006134033
tf.Tensor(-10603.674652520465, shape=(), dtype=float64)
nll_grad  cost time: 2.7344021797180176
tf.Tensor(-10604.126973191946, shape=(), dtype=float64)
nll_grad  cost time: 2.756632089614868
tf.Tensor(-10604.744642675563, shape=(), dtype=float64)
nll_grad  cost time: 2.757579803466797
tf.Tensor(-10605.196861946839, shape=(), dtype=float64)
nll_grad  cost time: 2.7351107597351074
tf.Tensor(-10605.542167560212, shape=(), dtype=float64)
nll_grad  cost time: 2.6461336612701416
tf.Tensor(-10605.860654584409, shape=(), dtype=float64)
nll_grad  cost time: 2.6804709434509277
tf.Tensor(-10606.176482395924, shape=(), dtype=float64)
nll_grad  cost time: 2.736433744430542
tf.Tensor(-10606.494373759211, shape=(), dtype=float64)
nll_grad  cost time: 2.67319655418396
tf.Tensor(-10606.886620489837, shape=(), dtype=float64)
nll_grad  cost time: 2.708524227142334
tf.Tensor(-10607.361781003186, shape=(), dtype=float64)
nll_grad  cost time: 2.716010570526123
tf.Tensor(-10607.697100893754, shape=(), dtype=float64)
nll_grad  cost time: 2.6428003311157227
tf.Tensor(-10608.12003586888, shape=(), dtype=float64)
nll_grad  cost time: 2.7147111892700195
tf.Tensor(-10608.512169419642, shape=(), dtype=float64)
nll_grad  cost time: 2.7049367427825928
tf.Tensor(-10608.74588203356, shape=(), dtype=float64)
nll_grad  cost time: 2.7820091247558594
tf.Tensor(-10609.07897976233, shape=(), dtype=float64)
nll_grad  cost time: 2.751720428466797
tf.Tensor(-10609.401515271195, shape=(), dtype=float64)
nll_grad  cost time: 2.7267847061157227
tf.Tensor(-10609.734629620638, shape=(), dtype=float64)
nll_grad  cost time: 2.8324849605560303
tf.Tensor(-10610.08505673219, shape=(), dtype=float64)
nll_grad  cost time: 2.826160430908203
tf.Tensor(-10610.521693747796, shape=(), dtype=float64)
nll_grad  cost time: 2.957881450653076
tf.Tensor(-10610.958974985566, shape=(), dtype=float64)
nll_grad  cost time: 2.824429512023926
tf.Tensor(-10611.37456851112, shape=(), dtype=float64)
nll_grad  cost time: 2.8545260429382324
tf.Tensor(-10611.722968727336, shape=(), dtype=float64)
nll_grad  cost time: 2.8113763332366943
tf.Tensor(-10612.223791813856, shape=(), dtype=float64)
nll_grad  cost time: 2.7419183254241943
tf.Tensor(-10612.959266749953, shape=(), dtype=float64)
nll_grad  cost time: 2.8642008304595947
tf.Tensor(-10613.414322416938, shape=(), dtype=float64)
nll_grad  cost time: 2.7746975421905518
tf.Tensor(-10614.03093773665, shape=(), dtype=float64)
nll_grad  cost time: 2.7239456176757812
tf.Tensor(-10614.767938723933, shape=(), dtype=float64)
nll_grad  cost time: 2.671651840209961
tf.Tensor(-10615.628788480055, shape=(), dtype=float64)
nll_grad  cost time: 2.6563525199890137
tf.Tensor(-10616.280076650393, shape=(), dtype=float64)
nll_grad  cost time: 2.703469753265381
tf.Tensor(-10617.02497629475, shape=(), dtype=float64)
nll_grad  cost time: 2.7145986557006836
tf.Tensor(-10617.748111304594, shape=(), dtype=float64)
nll_grad  cost time: 2.6434388160705566
nll_grad  cost time: 2.6783928871154785
tf.Tensor(-10618.1151359145, shape=(), dtype=float64)
nll_grad  cost time: 2.6600708961486816
tf.Tensor(-10618.258929623262, shape=(), dtype=float64)
nll_grad  cost time: 2.6585044860839844
tf.Tensor(-10618.486063364486, shape=(), dtype=float64)
nll_grad  cost time: 2.7919509410858154
tf.Tensor(-10618.836500622914, shape=(), dtype=float64)
nll_grad  cost time: 2.7245333194732666
tf.Tensor(-10619.217760033498, shape=(), dtype=float64)
nll_grad  cost time: 2.738924503326416
tf.Tensor(-10619.543377862778, shape=(), dtype=float64)
nll_grad  cost time: 2.7811062335968018
tf.Tensor(-10619.884287195528, shape=(), dtype=float64)
nll_grad  cost time: 2.7290420532226562
tf.Tensor(-10620.161796309738, shape=(), dtype=float64)
nll_grad  cost time: 2.5723912715911865
tf.Tensor(-10620.502130215871, shape=(), dtype=float64)
nll_grad  cost time: 2.58808970451355
tf.Tensor(-10620.87983013234, shape=(), dtype=float64)
nll_grad  cost time: 2.5808897018432617
tf.Tensor(-10620.99052680262, shape=(), dtype=float64)
nll_grad  cost time: 3.0077269077301025
tf.Tensor(-10621.182153218338, shape=(), dtype=float64)
nll_grad  cost time: 2.723214864730835
tf.Tensor(-10621.496841509404, shape=(), dtype=float64)
nll_grad  cost time: 2.6749191284179688
tf.Tensor(-10621.905392816276, shape=(), dtype=float64)
nll_grad  cost time: 2.662971019744873
tf.Tensor(-10621.970568192643, shape=(), dtype=float64)
nll_grad  cost time: 2.6320416927337646
tf.Tensor(-10622.092552492002, shape=(), dtype=float64)
nll_grad  cost time: 2.639822244644165
tf.Tensor(-10622.305150709275, shape=(), dtype=float64)
nll_grad  cost time: 2.6933231353759766
tf.Tensor(-10622.589322955231, shape=(), dtype=float64)
nll_grad  cost time: 2.6552319526672363
tf.Tensor(-10622.786059905004, shape=(), dtype=float64)
nll_grad  cost time: 2.64681077003479
tf.Tensor(-10622.941085185768, shape=(), dtype=float64)
nll_grad  cost time: 2.5769057273864746
tf.Tensor(-10623.1126390711, shape=(), dtype=float64)
nll_grad  cost time: 2.693242073059082
tf.Tensor(-10623.325694571715, shape=(), dtype=float64)
nll_grad  cost time: 2.6952528953552246
tf.Tensor(-10623.559336245715, shape=(), dtype=float64)
nll_grad  cost time: 2.66454815864563
tf.Tensor(-10623.799988848594, shape=(), dtype=float64)
nll_grad  cost time: 2.6873586177825928
tf.Tensor(-10624.005103673815, shape=(), dtype=float64)
nll_grad  cost time: 2.647897481918335
tf.Tensor(-10624.205428007466, shape=(), dtype=float64)
nll_grad  cost time: 2.834320545196533
tf.Tensor(-10624.378054338973, shape=(), dtype=float64)
nll_grad  cost time: 2.8164854049682617
tf.Tensor(-10624.5286444284, shape=(), dtype=float64)
nll_grad  cost time: 2.7984068393707275
tf.Tensor(-10624.67047686495, shape=(), dtype=float64)
nll_grad  cost time: 2.7213125228881836
tf.Tensor(-10624.799186422519, shape=(), dtype=float64)
nll_grad  cost time: 2.6101796627044678
tf.Tensor(-10624.91348949472, shape=(), dtype=float64)
nll_grad  cost time: 2.7704224586486816
tf.Tensor(-10625.015478484798, shape=(), dtype=float64)
nll_grad  cost time: 2.696746826171875
tf.Tensor(-10625.091207541976, shape=(), dtype=float64)
nll_grad  cost time: 2.766627073287964
tf.Tensor(-10625.16689996382, shape=(), dtype=float64)
nll_grad  cost time: 2.7261414527893066
tf.Tensor(-10625.25397765539, shape=(), dtype=float64)
nll_grad  cost time: 2.7708475589752197
tf.Tensor(-10625.312687998681, shape=(), dtype=float64)
nll_grad  cost time: 2.744673013687134
tf.Tensor(-10625.372888964426, shape=(), dtype=float64)
nll_grad  cost time: 2.6695475578308105
tf.Tensor(-10625.435069425817, shape=(), dtype=float64)
nll_grad  cost time: 2.6486542224884033
tf.Tensor(-10625.499710386895, shape=(), dtype=float64)
nll_grad  cost time: 2.6259732246398926
tf.Tensor(-10625.57001003735, shape=(), dtype=float64)
nll_grad  cost time: 2.732799768447876
tf.Tensor(-10625.619258859071, shape=(), dtype=float64)
nll_grad  cost time: 2.661754608154297
tf.Tensor(-10625.686835539258, shape=(), dtype=float64)
nll_grad  cost time: 2.8232154846191406
tf.Tensor(-10625.773690149937, shape=(), dtype=float64)
nll_grad  cost time: 2.76360821723938
tf.Tensor(-10625.871630135509, shape=(), dtype=float64)
nll_grad  cost time: 2.819434881210327
tf.Tensor(-10625.97790370007, shape=(), dtype=float64)
nll_grad  cost time: 2.845670223236084
tf.Tensor(-10626.10716850304, shape=(), dtype=float64)
nll_grad  cost time: 2.8032100200653076
tf.Tensor(-10626.211138575898, shape=(), dtype=float64)
nll_grad  cost time: 2.8523008823394775
tf.Tensor(-10626.310884451952, shape=(), dtype=float64)
nll_grad  cost time: 2.800920009613037
tf.Tensor(-10626.434300790992, shape=(), dtype=float64)
nll_grad  cost time: 2.7640459537506104
tf.Tensor(-10626.566761325877, shape=(), dtype=float64)
nll_grad  cost time: 2.9459421634674072
tf.Tensor(-10626.649893389236, shape=(), dtype=float64)
nll_grad  cost time: 2.874873399734497
tf.Tensor(-10626.702528096801, shape=(), dtype=float64)
nll_grad  cost time: 2.9911246299743652
tf.Tensor(-10626.706857644684, shape=(), dtype=float64)
nll_grad  cost time: 2.938173770904541
nll_grad  cost time: 2.8729937076568604
tf.Tensor(-10626.742401047377, shape=(), dtype=float64)
nll_grad  cost time: 2.654106616973877
tf.Tensor(-10626.789620725605, shape=(), dtype=float64)
nll_grad  cost time: 2.6356513500213623
tf.Tensor(-10626.820181429743, shape=(), dtype=float64)
nll_grad  cost time: 2.5564255714416504
tf.Tensor(-10626.862070053656, shape=(), dtype=float64)
nll_grad  cost time: 2.951533555984497
tf.Tensor(-10626.92189313336, shape=(), dtype=float64)
nll_grad  cost time: 3.0519421100616455
tf.Tensor(-10626.989511053645, shape=(), dtype=float64)
nll_grad  cost time: 2.6689810752868652
tf.Tensor(-10627.06518407887, shape=(), dtype=float64)
nll_grad  cost time: 2.5924417972564697
tf.Tensor(-10627.16377688352, shape=(), dtype=float64)
nll_grad  cost time: 2.605184316635132
tf.Tensor(-10627.281224996463, shape=(), dtype=float64)
nll_grad  cost time: 2.550004243850708
tf.Tensor(-10627.390171532985, shape=(), dtype=float64)
nll_grad  cost time: 2.5963847637176514
tf.Tensor(-10627.500447693397, shape=(), dtype=float64)
nll_grad  cost time: 2.727921724319458
tf.Tensor(-10627.634624480743, shape=(), dtype=float64)
nll_grad  cost time: 2.584484338760376
tf.Tensor(-10627.790358154489, shape=(), dtype=float64)
nll_grad  cost time: 2.592658042907715
tf.Tensor(-10627.917174569578, shape=(), dtype=float64)
nll_grad  cost time: 2.6843719482421875
tf.Tensor(-10627.984466129681, shape=(), dtype=float64)
nll_grad  cost time: 2.8677220344543457
tf.Tensor(-10628.095371360083, shape=(), dtype=float64)
nll_grad  cost time: 2.6746699810028076
tf.Tensor(-10628.24126966847, shape=(), dtype=float64)
nll_grad  cost time: 2.664020538330078
nll_grad  cost time: 2.4959487915039062
tf.Tensor(-10628.3191487238, shape=(), dtype=float64)
nll_grad  cost time: 2.5882620811462402
tf.Tensor(-10628.389156855861, shape=(), dtype=float64)
nll_grad  cost time: 2.575465440750122
tf.Tensor(-10628.439907640204, shape=(), dtype=float64)
nll_grad  cost time: 2.574395179748535
tf.Tensor(-10628.496042770523, shape=(), dtype=float64)
nll_grad  cost time: 2.565199136734009
tf.Tensor(-10628.547943574638, shape=(), dtype=float64)
nll_grad  cost time: 2.710299491882324
tf.Tensor(-10628.601510462628, shape=(), dtype=float64)
nll_grad  cost time: 2.5139212608337402
tf.Tensor(-10628.633874393032, shape=(), dtype=float64)
nll_grad  cost time: 2.509742021560669
tf.Tensor(-10628.672638899276, shape=(), dtype=float64)
nll_grad  cost time: 2.576766014099121
tf.Tensor(-10628.704763576214, shape=(), dtype=float64)
nll_grad  cost time: 2.767491579055786
tf.Tensor(-10628.741067591385, shape=(), dtype=float64)
nll_grad  cost time: 2.6352763175964355
tf.Tensor(-10628.785051916151, shape=(), dtype=float64)
nll_grad  cost time: 2.5014030933380127
tf.Tensor(-10628.819716132464, shape=(), dtype=float64)
nll_grad  cost time: 2.5935962200164795
tf.Tensor(-10628.86290143834, shape=(), dtype=float64)
nll_grad  cost time: 2.7726149559020996
tf.Tensor(-10628.91780804719, shape=(), dtype=float64)
nll_grad  cost time: 2.6311771869659424
tf.Tensor(-10628.986254803087, shape=(), dtype=float64)
nll_grad  cost time: 2.634986400604248
tf.Tensor(-10629.071037311362, shape=(), dtype=float64)
nll_grad  cost time: 2.5986006259918213
tf.Tensor(-10629.164745309296, shape=(), dtype=float64)
nll_grad  cost time: 2.786353826522827
tf.Tensor(-10629.284419717012, shape=(), dtype=float64)
nll_grad  cost time: 2.729771137237549
tf.Tensor(-10629.439553761345, shape=(), dtype=float64)
nll_grad  cost time: 2.7209067344665527
tf.Tensor(-10629.604566187241, shape=(), dtype=float64)
nll_grad  cost time: 2.8255627155303955
tf.Tensor(-10629.673091782832, shape=(), dtype=float64)
nll_grad  cost time: 2.7543256282806396
tf.Tensor(-10629.78276569167, shape=(), dtype=float64)
nll_grad  cost time: 2.7341551780700684
tf.Tensor(-10629.928180886898, shape=(), dtype=float64)
nll_grad  cost time: 2.6675362586975098
tf.Tensor(-10630.105143298118, shape=(), dtype=float64)
nll_grad  cost time: 2.764920473098755
tf.Tensor(-10630.189767352538, shape=(), dtype=float64)
nll_grad  cost time: 2.659062385559082
tf.Tensor(-10630.327386416895, shape=(), dtype=float64)
nll_grad  cost time: 2.528249502182007
tf.Tensor(-10630.517691840709, shape=(), dtype=float64)
nll_grad  cost time: 2.7008283138275146
tf.Tensor(-10630.742685646532, shape=(), dtype=float64)
nll_grad  cost time: 2.543153762817383
tf.Tensor(-10630.82940827596, shape=(), dtype=float64)
nll_grad  cost time: 2.5944018363952637
tf.Tensor(-10630.975259796214, shape=(), dtype=float64)
nll_grad  cost time: 2.6313674449920654
tf.Tensor(-10631.173511856265, shape=(), dtype=float64)
nll_grad  cost time: 2.7202091217041016
tf.Tensor(-10631.369799947563, shape=(), dtype=float64)
nll_grad  cost time: 2.751823902130127
tf.Tensor(-10631.46050046417, shape=(), dtype=float64)
nll_grad  cost time: 2.7869927883148193
tf.Tensor(-10631.60039149331, shape=(), dtype=float64)
nll_grad  cost time: 2.89806866645813
tf.Tensor(-10631.78169815417, shape=(), dtype=float64)
nll_grad  cost time: 2.78157377243042
tf.Tensor(-10631.896492235079, shape=(), dtype=float64)
nll_grad  cost time: 2.810544013977051
tf.Tensor(-10632.03323272278, shape=(), dtype=float64)
nll_grad  cost time: 2.5627710819244385
tf.Tensor(-10632.129510907092, shape=(), dtype=float64)
nll_grad  cost time: 2.585482358932495
tf.Tensor(-10632.24323521011, shape=(), dtype=float64)
nll_grad  cost time: 2.572165012359619
tf.Tensor(-10632.376237621254, shape=(), dtype=float64)
nll_grad  cost time: 2.6184983253479004
tf.Tensor(-10632.51060094357, shape=(), dtype=float64)
nll_grad  cost time: 2.6935126781463623
tf.Tensor(-10632.67811495818, shape=(), dtype=float64)
nll_grad  cost time: 2.8731849193573
tf.Tensor(-10632.874366598007, shape=(), dtype=float64)
nll_grad  cost time: 2.8111701011657715
tf.Tensor(-10632.998805756004, shape=(), dtype=float64)
nll_grad  cost time: 2.9250900745391846
tf.Tensor(-10633.177806866508, shape=(), dtype=float64)
nll_grad  cost time: 2.8380565643310547
tf.Tensor(-10633.417191851804, shape=(), dtype=float64)
nll_grad  cost time: 2.865938901901245
tf.Tensor(-10633.626034718807, shape=(), dtype=float64)
nll_grad  cost time: 2.785642147064209
tf.Tensor(-10633.859654350017, shape=(), dtype=float64)
nll_grad  cost time: 2.7579562664031982
tf.Tensor(-10634.106739261559, shape=(), dtype=float64)
nll_grad  cost time: 3.0001494884490967
nll_grad  cost time: 2.804165840148926
tf.Tensor(-10634.263791814476, shape=(), dtype=float64)
nll_grad  cost time: 2.840658664703369
tf.Tensor(-10634.492940172386, shape=(), dtype=float64)
nll_grad  cost time: 3.05877947807312
tf.Tensor(-10634.782498063607, shape=(), dtype=float64)
nll_grad  cost time: 2.9405601024627686
tf.Tensor(-10634.97423204872, shape=(), dtype=float64)
nll_grad  cost time: 2.812877893447876
tf.Tensor(-10635.064627702624, shape=(), dtype=float64)
nll_grad  cost time: 2.9079699516296387
tf.Tensor(-10635.189388579478, shape=(), dtype=float64)
nll_grad  cost time: 3.2354257106781006
tf.Tensor(-10635.362800567891, shape=(), dtype=float64)
nll_grad  cost time: 2.9430413246154785
tf.Tensor(-10635.513470491482, shape=(), dtype=float64)
nll_grad  cost time: 2.7320048809051514
tf.Tensor(-10635.676711252141, shape=(), dtype=float64)
nll_grad  cost time: 2.7426981925964355
tf.Tensor(-10635.854406556435, shape=(), dtype=float64)
nll_grad  cost time: 2.684077262878418
tf.Tensor(-10636.081597102879, shape=(), dtype=float64)
nll_grad  cost time: 2.656179189682007
tf.Tensor(-10636.335926429143, shape=(), dtype=float64)
nll_grad  cost time: 2.588378667831421
tf.Tensor(-10636.57142918971, shape=(), dtype=float64)
nll_grad  cost time: 2.858825206756592
tf.Tensor(-10636.684934354183, shape=(), dtype=float64)
nll_grad  cost time: 2.8467042446136475
tf.Tensor(-10636.848942323006, shape=(), dtype=float64)
nll_grad  cost time: 2.7937984466552734
tf.Tensor(-10637.034684107348, shape=(), dtype=float64)
nll_grad  cost time: 2.7442240715026855
tf.Tensor(-10637.215486343077, shape=(), dtype=float64)
nll_grad  cost time: 2.761873960494995
tf.Tensor(-10637.408936491687, shape=(), dtype=float64)
nll_grad  cost time: 2.7612621784210205
tf.Tensor(-10637.644342467596, shape=(), dtype=float64)
nll_grad  cost time: 2.839076280593872
tf.Tensor(-10637.923400585969, shape=(), dtype=float64)
nll_grad  cost time: 2.8764867782592773
tf.Tensor(-10638.243137047815, shape=(), dtype=float64)
nll_grad  cost time: 2.711038589477539
nll_grad  cost time: 2.7119357585906982
tf.Tensor(-10638.395991086698, shape=(), dtype=float64)
nll_grad  cost time: 2.7585527896881104
tf.Tensor(-10638.593209913226, shape=(), dtype=float64)
nll_grad  cost time: 2.9125614166259766
tf.Tensor(-10638.77422026061, shape=(), dtype=float64)
nll_grad  cost time: 2.720980405807495
tf.Tensor(-10638.90819133642, shape=(), dtype=float64)
nll_grad  cost time: 2.621626615524292
tf.Tensor(-10639.014520599034, shape=(), dtype=float64)
nll_grad  cost time: 2.580638885498047
tf.Tensor(-10639.129788672893, shape=(), dtype=float64)
nll_grad  cost time: 2.645798444747925
tf.Tensor(-10639.2661445989, shape=(), dtype=float64)
nll_grad  cost time: 2.6119043827056885
tf.Tensor(-10639.391876317364, shape=(), dtype=float64)
nll_grad  cost time: 2.644460439682007
tf.Tensor(-10639.491877956534, shape=(), dtype=float64)
nll_grad  cost time: 2.708728075027466
tf.Tensor(-10639.597997246172, shape=(), dtype=float64)
nll_grad  cost time: 2.7358968257904053
tf.Tensor(-10639.699257390545, shape=(), dtype=float64)
nll_grad  cost time: 2.6426281929016113
tf.Tensor(-10639.790803264492, shape=(), dtype=float64)
nll_grad  cost time: 2.736637830734253
tf.Tensor(-10639.90430708688, shape=(), dtype=float64)
nll_grad  cost time: 2.712782382965088
tf.Tensor(-10640.016984135567, shape=(), dtype=float64)
nll_grad  cost time: 2.7510061264038086
tf.Tensor(-10640.111989078636, shape=(), dtype=float64)
nll_grad  cost time: 2.8399457931518555
tf.Tensor(-10640.205404567758, shape=(), dtype=float64)
nll_grad  cost time: 2.8249621391296387
tf.Tensor(-10640.269868130476, shape=(), dtype=float64)
nll_grad  cost time: 2.8616747856140137
tf.Tensor(-10640.343756516588, shape=(), dtype=float64)
nll_grad  cost time: 2.869060754776001
tf.Tensor(-10640.417916779108, shape=(), dtype=float64)
nll_grad  cost time: 2.783973217010498
tf.Tensor(-10640.473809818897, shape=(), dtype=float64)
nll_grad  cost time: 3.133776903152466
tf.Tensor(-10640.540395809861, shape=(), dtype=float64)
nll_grad  cost time: 2.6361899375915527
tf.Tensor(-10640.56879235014, shape=(), dtype=float64)
nll_grad  cost time: 2.8239665031433105
tf.Tensor(-10640.613135008287, shape=(), dtype=float64)
nll_grad  cost time: 2.8892440795898438
tf.Tensor(-10640.66911293508, shape=(), dtype=float64)
nll_grad  cost time: 2.8590662479400635
tf.Tensor(-10640.71754092766, shape=(), dtype=float64)
nll_grad  cost time: 2.6660609245300293
tf.Tensor(-10640.768417403728, shape=(), dtype=float64)
nll_grad  cost time: 2.7278079986572266
tf.Tensor(-10640.81826689859, shape=(), dtype=float64)
nll_grad  cost time: 2.7486562728881836
tf.Tensor(-10640.834972023287, shape=(), dtype=float64)
nll_grad  cost time: 2.775698184967041
tf.Tensor(-10640.864120524988, shape=(), dtype=float64)
nll_grad  cost time: 2.6462759971618652
tf.Tensor(-10640.91264389488, shape=(), dtype=float64)
nll_grad  cost time: 2.6929595470428467
tf.Tensor(-10640.98153908964, shape=(), dtype=float64)
nll_grad  cost time: 2.7347323894500732
tf.Tensor(-10641.04379008754, shape=(), dtype=float64)
nll_grad  cost time: 2.7304437160491943
tf.Tensor(-10641.115672222812, shape=(), dtype=float64)
nll_grad  cost time: 2.6796951293945312
tf.Tensor(-10641.222217671544, shape=(), dtype=float64)
nll_grad  cost time: 2.879751443862915
tf.Tensor(-10641.346500234766, shape=(), dtype=float64)
nll_grad  cost time: 2.897282600402832
tf.Tensor(-10641.447388205717, shape=(), dtype=float64)
nll_grad  cost time: 2.923450231552124
tf.Tensor(-10641.570619271697, shape=(), dtype=float64)
nll_grad  cost time: 2.798144817352295
tf.Tensor(-10641.727179903064, shape=(), dtype=float64)
nll_grad  cost time: 2.7382805347442627
tf.Tensor(-10641.83790809624, shape=(), dtype=float64)
nll_grad  cost time: 2.7004013061523438
tf.Tensor(-10641.970742338926, shape=(), dtype=float64)
nll_grad  cost time: 2.6658260822296143
tf.Tensor(-10642.128274474653, shape=(), dtype=float64)
nll_grad  cost time: 2.7110841274261475
tf.Tensor(-10642.328849756454, shape=(), dtype=float64)
nll_grad  cost time: 2.719005584716797
tf.Tensor(-10642.486083114101, shape=(), dtype=float64)
nll_grad  cost time: 2.6837422847747803
tf.Tensor(-10642.608594657955, shape=(), dtype=float64)
nll_grad  cost time: 2.684295654296875
tf.Tensor(-10642.751252140231, shape=(), dtype=float64)
nll_grad  cost time: 2.8750033378601074
tf.Tensor(-10642.923663357418, shape=(), dtype=float64)
nll_grad  cost time: 2.740499973297119
tf.Tensor(-10643.107878446943, shape=(), dtype=float64)
nll_grad  cost time: 2.821443796157837
tf.Tensor(-10643.231234347972, shape=(), dtype=float64)
nll_grad  cost time: 2.800117254257202
tf.Tensor(-10643.387467227007, shape=(), dtype=float64)
nll_grad  cost time: 2.703120231628418
tf.Tensor(-10643.572352795414, shape=(), dtype=float64)
nll_grad  cost time: 2.692213773727417
tf.Tensor(-10643.71606051704, shape=(), dtype=float64)
nll_grad  cost time: 2.7118358612060547
tf.Tensor(-10643.867139496182, shape=(), dtype=float64)
nll_grad  cost time: 2.6861302852630615
tf.Tensor(-10643.98004170275, shape=(), dtype=float64)
nll_grad  cost time: 2.6872944831848145
tf.Tensor(-10644.081584612057, shape=(), dtype=float64)
nll_grad  cost time: 2.6302871704101562
tf.Tensor(-10644.21513909557, shape=(), dtype=float64)
nll_grad  cost time: 2.6510493755340576
tf.Tensor(-10644.330015999447, shape=(), dtype=float64)
nll_grad  cost time: 2.837979793548584
tf.Tensor(-10644.394607841637, shape=(), dtype=float64)
nll_grad  cost time: 2.8703975677490234
tf.Tensor(-10644.474397389495, shape=(), dtype=float64)
nll_grad  cost time: 2.7915923595428467
tf.Tensor(-10644.556712021531, shape=(), dtype=float64)
nll_grad  cost time: 2.799640655517578
tf.Tensor(-10644.632924608144, shape=(), dtype=float64)
nll_grad  cost time: 2.7426605224609375
tf.Tensor(-10644.72861462877, shape=(), dtype=float64)
nll_grad  cost time: 2.709219217300415
tf.Tensor(-10644.79117462194, shape=(), dtype=float64)
nll_grad  cost time: 2.738461494445801
tf.Tensor(-10644.867056040654, shape=(), dtype=float64)
nll_grad  cost time: 3.0020647048950195
tf.Tensor(-10644.958546511072, shape=(), dtype=float64)
nll_grad  cost time: 2.8425045013427734
tf.Tensor(-10645.048421703785, shape=(), dtype=float64)
nll_grad  cost time: 2.8235650062561035
tf.Tensor(-10645.15957247813, shape=(), dtype=float64)
nll_grad  cost time: 2.7614593505859375
tf.Tensor(-10645.22970617194, shape=(), dtype=float64)
nll_grad  cost time: 2.879863739013672
tf.Tensor(-10645.305180546558, shape=(), dtype=float64)
nll_grad  cost time: 2.7910637855529785
tf.Tensor(-10645.394526648197, shape=(), dtype=float64)
nll_grad  cost time: 2.8215749263763428
tf.Tensor(-10645.494291005401, shape=(), dtype=float64)
nll_grad  cost time: 2.7801766395568848
tf.Tensor(-10645.586095907649, shape=(), dtype=float64)
nll_grad  cost time: 2.7421844005584717
tf.Tensor(-10645.669553573636, shape=(), dtype=float64)
nll_grad  cost time: 2.7099833488464355
tf.Tensor(-10645.737659470105, shape=(), dtype=float64)
nll_grad  cost time: 2.6888039112091064
tf.Tensor(-10645.796281915806, shape=(), dtype=float64)
nll_grad  cost time: 2.6771512031555176
tf.Tensor(-10645.857296447932, shape=(), dtype=float64)
nll_grad  cost time: 2.644476890563965
tf.Tensor(-10645.896220791186, shape=(), dtype=float64)
nll_grad  cost time: 2.5991263389587402
tf.Tensor(-10645.943941222791, shape=(), dtype=float64)
nll_grad  cost time: 2.636910915374756
tf.Tensor(-10645.991190386067, shape=(), dtype=float64)
nll_grad  cost time: 2.798491954803467
tf.Tensor(-10646.009155136777, shape=(), dtype=float64)
nll_grad  cost time: 2.8804821968078613
tf.Tensor(-10646.03658500476, shape=(), dtype=float64)
nll_grad  cost time: 2.8523380756378174
tf.Tensor(-10646.069812105456, shape=(), dtype=float64)
nll_grad  cost time: 2.804025411605835
tf.Tensor(-10646.089572470995, shape=(), dtype=float64)
nll_grad  cost time: 2.740138530731201
tf.Tensor(-10646.118102542914, shape=(), dtype=float64)
nll_grad  cost time: 2.7129108905792236
tf.Tensor(-10646.15138514245, shape=(), dtype=float64)
nll_grad  cost time: 2.653780698776245
tf.Tensor(-10646.170819268387, shape=(), dtype=float64)
nll_grad  cost time: 2.7754838466644287
tf.Tensor(-10646.191937711446, shape=(), dtype=float64)
nll_grad  cost time: 2.5815412998199463
tf.Tensor(-10646.211860827429, shape=(), dtype=float64)
nll_grad  cost time: 2.6913158893585205
tf.Tensor(-10646.226930908975, shape=(), dtype=float64)
nll_grad  cost time: 2.6943304538726807
tf.Tensor(-10646.243731437618, shape=(), dtype=float64)
nll_grad  cost time: 2.751816511154175
tf.Tensor(-10646.267047552865, shape=(), dtype=float64)
nll_grad  cost time: 2.778865337371826
tf.Tensor(-10646.285731283584, shape=(), dtype=float64)
nll_grad  cost time: 2.704176902770996
tf.Tensor(-10646.299631402086, shape=(), dtype=float64)
nll_grad  cost time: 2.7818076610565186
tf.Tensor(-10646.317521175231, shape=(), dtype=float64)
nll_grad  cost time: 2.7197577953338623
tf.Tensor(-10646.340868153977, shape=(), dtype=float64)
nll_grad  cost time: 2.6479618549346924
tf.Tensor(-10646.359038787301, shape=(), dtype=float64)
nll_grad  cost time: 2.6241114139556885
tf.Tensor(-10646.37403369898, shape=(), dtype=float64)
nll_grad  cost time: 2.770458221435547
tf.Tensor(-10646.387323519793, shape=(), dtype=float64)
nll_grad  cost time: 2.7536263465881348
tf.Tensor(-10646.399583121285, shape=(), dtype=float64)
nll_grad  cost time: 2.684440851211548
tf.Tensor(-10646.409629107875, shape=(), dtype=float64)
nll_grad  cost time: 2.76035737991333
tf.Tensor(-10646.41962956583, shape=(), dtype=float64)
nll_grad  cost time: 2.909726619720459
tf.Tensor(-10646.429157021983, shape=(), dtype=float64)
nll_grad  cost time: 2.766901969909668
tf.Tensor(-10646.438285973425, shape=(), dtype=float64)
nll_grad  cost time: 2.7023539543151855
tf.Tensor(-10646.446671917689, shape=(), dtype=float64)
nll_grad  cost time: 2.7475714683532715
tf.Tensor(-10646.454337220755, shape=(), dtype=float64)
nll_grad  cost time: 2.732553005218506
tf.Tensor(-10646.460410157379, shape=(), dtype=float64)
nll_grad  cost time: 2.623969793319702
tf.Tensor(-10646.46618815936, shape=(), dtype=float64)
nll_grad  cost time: 2.6706719398498535
tf.Tensor(-10646.474346980223, shape=(), dtype=float64)
nll_grad  cost time: 2.9476892948150635
tf.Tensor(-10646.482388015815, shape=(), dtype=float64)
nll_grad  cost time: 2.7266430854797363
tf.Tensor(-10646.489826983216, shape=(), dtype=float64)
nll_grad  cost time: 2.688422918319702
tf.Tensor(-10646.497451359104, shape=(), dtype=float64)
nll_grad  cost time: 2.726198196411133
tf.Tensor(-10646.506201307831, shape=(), dtype=float64)
nll_grad  cost time: 2.7197959423065186
tf.Tensor(-10646.515301526288, shape=(), dtype=float64)
nll_grad  cost time: 2.6565561294555664
tf.Tensor(-10646.523768128376, shape=(), dtype=float64)
nll_grad  cost time: 2.6570584774017334
tf.Tensor(-10646.529651235513, shape=(), dtype=float64)
nll_grad  cost time: 2.7146224975585938
tf.Tensor(-10646.53423830423, shape=(), dtype=float64)
nll_grad  cost time: 2.591356039047241
tf.Tensor(-10646.539417073483, shape=(), dtype=float64)
nll_grad  cost time: 2.5737462043762207
tf.Tensor(-10646.546129660717, shape=(), dtype=float64)
nll_grad  cost time: 2.568096399307251
tf.Tensor(-10646.552742803968, shape=(), dtype=float64)
nll_grad  cost time: 2.6865766048431396
tf.Tensor(-10646.557449842603, shape=(), dtype=float64)
nll_grad  cost time: 2.687701463699341
tf.Tensor(-10646.562117846945, shape=(), dtype=float64)
nll_grad  cost time: 2.7861838340759277
tf.Tensor(-10646.566645651907, shape=(), dtype=float64)
nll_grad  cost time: 2.7238855361938477
tf.Tensor(-10646.571169529168, shape=(), dtype=float64)
nll_grad  cost time: 2.8541464805603027
tf.Tensor(-10646.576233613196, shape=(), dtype=float64)
nll_grad  cost time: 2.6794939041137695
tf.Tensor(-10646.581075217058, shape=(), dtype=float64)
nll_grad  cost time: 2.674372434616089
tf.Tensor(-10646.584273062374, shape=(), dtype=float64)
nll_grad  cost time: 2.7569336891174316
tf.Tensor(-10646.58706060403, shape=(), dtype=float64)
nll_grad  cost time: 2.69504714012146
tf.Tensor(-10646.590164867317, shape=(), dtype=float64)
nll_grad  cost time: 2.6934452056884766
tf.Tensor(-10646.594094120832, shape=(), dtype=float64)
nll_grad  cost time: 2.7126173973083496
tf.Tensor(-10646.598587055825, shape=(), dtype=float64)
nll_grad  cost time: 2.9459707736968994
tf.Tensor(-10646.602858705031, shape=(), dtype=float64)
nll_grad  cost time: 2.6212832927703857
tf.Tensor(-10646.606132801284, shape=(), dtype=float64)
nll_grad  cost time: 2.653593063354492
tf.Tensor(-10646.60868404265, shape=(), dtype=float64)
nll_grad  cost time: 2.7599527835845947
tf.Tensor(-10646.61114853765, shape=(), dtype=float64)
nll_grad  cost time: 2.7780673503875732
tf.Tensor(-10646.613937857077, shape=(), dtype=float64)
nll_grad  cost time: 2.7636959552764893
tf.Tensor(-10646.616905261079, shape=(), dtype=float64)
nll_grad  cost time: 2.8050177097320557
tf.Tensor(-10646.61970254641, shape=(), dtype=float64)
nll_grad  cost time: 2.7550525665283203
tf.Tensor(-10646.622177628065, shape=(), dtype=float64)
nll_grad  cost time: 2.6534106731414795
tf.Tensor(-10646.624398459026, shape=(), dtype=float64)
nll_grad  cost time: 2.651197671890259
tf.Tensor(-10646.626381737136, shape=(), dtype=float64)
nll_grad  cost time: 2.639439344406128
tf.Tensor(-10646.62801095306, shape=(), dtype=float64)
nll_grad  cost time: 2.723597526550293
tf.Tensor(-10646.629317696767, shape=(), dtype=float64)
nll_grad  cost time: 2.7600629329681396
tf.Tensor(-10646.630527511941, shape=(), dtype=float64)
nll_grad  cost time: 2.7150020599365234
tf.Tensor(-10646.631874820145, shape=(), dtype=float64)
nll_grad  cost time: 2.6493890285491943
tf.Tensor(-10646.633197199968, shape=(), dtype=float64)
nll_grad  cost time: 2.7781505584716797
tf.Tensor(-10646.634393056978, shape=(), dtype=float64)
nll_grad  cost time: 2.686768054962158
tf.Tensor(-10646.63542634065, shape=(), dtype=float64)
nll_grad  cost time: 2.6555404663085938
tf.Tensor(-10646.636406896883, shape=(), dtype=float64)
nll_grad  cost time: 2.7296621799468994
tf.Tensor(-10646.637421312855, shape=(), dtype=float64)
nll_grad  cost time: 3.000256299972534
tf.Tensor(-10646.63848304694, shape=(), dtype=float64)
nll_grad  cost time: 2.764392852783203
tf.Tensor(-10646.639575060795, shape=(), dtype=float64)
nll_grad  cost time: 2.6954314708709717
tf.Tensor(-10646.640744345234, shape=(), dtype=float64)
nll_grad  cost time: 2.873436450958252
tf.Tensor(-10646.642093373466, shape=(), dtype=float64)
nll_grad  cost time: 2.606349229812622
tf.Tensor(-10646.643656336379, shape=(), dtype=float64)
nll_grad  cost time: 2.67708683013916
tf.Tensor(-10646.645210258826, shape=(), dtype=float64)
nll_grad  cost time: 2.729708433151245
tf.Tensor(-10646.646600417069, shape=(), dtype=float64)
nll_grad  cost time: 2.7183480262756348
tf.Tensor(-10646.64783159292, shape=(), dtype=float64)
nll_grad  cost time: 2.701150894165039
tf.Tensor(-10646.64901060651, shape=(), dtype=float64)
nll_grad  cost time: 2.653409719467163
tf.Tensor(-10646.650188100546, shape=(), dtype=float64)
nll_grad  cost time: 2.621901273727417
tf.Tensor(-10646.651340286302, shape=(), dtype=float64)
nll_grad  cost time: 2.600872278213501
tf.Tensor(-10646.652433292395, shape=(), dtype=float64)
nll_grad  cost time: 2.5679550170898438
tf.Tensor(-10646.653696792033, shape=(), dtype=float64)
nll_grad  cost time: 2.619475841522217
tf.Tensor(-10646.655266970465, shape=(), dtype=float64)
nll_grad  cost time: 2.6054205894470215
tf.Tensor(-10646.657048588848, shape=(), dtype=float64)
nll_grad  cost time: 2.7818589210510254
tf.Tensor(-10646.658808553559, shape=(), dtype=float64)
nll_grad  cost time: 2.804774761199951
tf.Tensor(-10646.66056029759, shape=(), dtype=float64)
nll_grad  cost time: 2.6995487213134766
tf.Tensor(-10646.662603327033, shape=(), dtype=float64)
nll_grad  cost time: 2.78279972076416
tf.Tensor(-10646.6654387419, shape=(), dtype=float64)
nll_grad  cost time: 2.655935764312744
tf.Tensor(-10646.669205969745, shape=(), dtype=float64)
nll_grad  cost time: 2.6936352252960205
tf.Tensor(-10646.673466847205, shape=(), dtype=float64)
nll_grad  cost time: 2.637517213821411
tf.Tensor(-10646.677287393566, shape=(), dtype=float64)
nll_grad  cost time: 2.6492927074432373
tf.Tensor(-10646.680296078837, shape=(), dtype=float64)
nll_grad  cost time: 2.7082388401031494
tf.Tensor(-10646.682709395522, shape=(), dtype=float64)
nll_grad  cost time: 2.6555838584899902
tf.Tensor(-10646.685415337306, shape=(), dtype=float64)
nll_grad  cost time: 2.85629940032959
tf.Tensor(-10646.688961904634, shape=(), dtype=float64)
nll_grad  cost time: 2.6087660789489746
tf.Tensor(-10646.693035845408, shape=(), dtype=float64)
nll_grad  cost time: 2.67387056350708
tf.Tensor(-10646.697357084708, shape=(), dtype=float64)
nll_grad  cost time: 2.670797348022461
tf.Tensor(-10646.700983683164, shape=(), dtype=float64)
nll_grad  cost time: 2.7492282390594482
tf.Tensor(-10646.70369325361, shape=(), dtype=float64)
nll_grad  cost time: 2.6103036403656006
tf.Tensor(-10646.706241970907, shape=(), dtype=float64)
nll_grad  cost time: 2.6168293952941895
tf.Tensor(-10646.709149330647, shape=(), dtype=float64)
nll_grad  cost time: 2.6588189601898193
tf.Tensor(-10646.712782380804, shape=(), dtype=float64)
nll_grad  cost time: 2.6190860271453857
tf.Tensor(-10646.716897311555, shape=(), dtype=float64)
nll_grad  cost time: 2.5308337211608887
tf.Tensor(-10646.720860338959, shape=(), dtype=float64)
nll_grad  cost time: 2.53031587600708
tf.Tensor(-10646.724908979231, shape=(), dtype=float64)
nll_grad  cost time: 2.566824436187744
tf.Tensor(-10646.728809688739, shape=(), dtype=float64)
nll_grad  cost time: 2.6736814975738525
tf.Tensor(-10646.732332852145, shape=(), dtype=float64)
nll_grad  cost time: 2.6821401119232178
tf.Tensor(-10646.736649403276, shape=(), dtype=float64)
nll_grad  cost time: 2.686161994934082
tf.Tensor(-10646.742284502638, shape=(), dtype=float64)
nll_grad  cost time: 2.8249380588531494
tf.Tensor(-10646.746892463649, shape=(), dtype=float64)
nll_grad  cost time: 2.736964464187622
tf.Tensor(-10646.751682645689, shape=(), dtype=float64)
nll_grad  cost time: 2.665372848510742
tf.Tensor(-10646.757659317696, shape=(), dtype=float64)
nll_grad  cost time: 2.701258420944214
tf.Tensor(-10646.764366557098, shape=(), dtype=float64)
nll_grad  cost time: 2.7342026233673096
tf.Tensor(-10646.771697148964, shape=(), dtype=float64)
nll_grad  cost time: 2.7882936000823975
tf.Tensor(-10646.781178141988, shape=(), dtype=float64)
nll_grad  cost time: 2.7674689292907715
nll_grad  cost time: 2.848749876022339
tf.Tensor(-10646.786208166908, shape=(), dtype=float64)
nll_grad  cost time: 2.7717931270599365
tf.Tensor(-10646.793569352274, shape=(), dtype=float64)
nll_grad  cost time: 2.697746515274048
tf.Tensor(-10646.8004940612, shape=(), dtype=float64)
nll_grad  cost time: 2.840148448944092
tf.Tensor(-10646.806593600551, shape=(), dtype=float64)
nll_grad  cost time: 2.871432304382324
tf.Tensor(-10646.815190643181, shape=(), dtype=float64)
nll_grad  cost time: 2.877645969390869
tf.Tensor(-10646.827359209667, shape=(), dtype=float64)
nll_grad  cost time: 2.838017702102661
tf.Tensor(-10646.83737394826, shape=(), dtype=float64)
nll_grad  cost time: 2.7125613689422607
tf.Tensor(-10646.844541863651, shape=(), dtype=float64)
nll_grad  cost time: 2.6785054206848145
tf.Tensor(-10646.850877939662, shape=(), dtype=float64)
nll_grad  cost time: 2.636256217956543
tf.Tensor(-10646.856401393536, shape=(), dtype=float64)
nll_grad  cost time: 2.6448588371276855
tf.Tensor(-10646.859744572925, shape=(), dtype=float64)
nll_grad  cost time: 2.67191743850708
tf.Tensor(-10646.864483657755, shape=(), dtype=float64)
nll_grad  cost time: 2.6454923152923584
tf.Tensor(-10646.868382391614, shape=(), dtype=float64)
nll_grad  cost time: 2.6210362911224365
tf.Tensor(-10646.871707261562, shape=(), dtype=float64)
nll_grad  cost time: 2.6353759765625
tf.Tensor(-10646.875690925386, shape=(), dtype=float64)
nll_grad  cost time: 2.6258857250213623
tf.Tensor(-10646.881111799878, shape=(), dtype=float64)
nll_grad  cost time: 2.6216888427734375
tf.Tensor(-10646.885102442662, shape=(), dtype=float64)
nll_grad  cost time: 2.5364115238189697
tf.Tensor(-10646.889224447637, shape=(), dtype=float64)
nll_grad  cost time: 2.6772713661193848
tf.Tensor(-10646.893325566707, shape=(), dtype=float64)
nll_grad  cost time: 2.7371280193328857
tf.Tensor(-10646.896425170318, shape=(), dtype=float64)
nll_grad  cost time: 2.6904335021972656
tf.Tensor(-10646.89901172513, shape=(), dtype=float64)
nll_grad  cost time: 2.6625730991363525
tf.Tensor(-10646.902943302412, shape=(), dtype=float64)
nll_grad  cost time: 2.732046604156494
tf.Tensor(-10646.907849000363, shape=(), dtype=float64)
nll_grad  cost time: 2.733614444732666
tf.Tensor(-10646.911333146632, shape=(), dtype=float64)
nll_grad  cost time: 2.583916425704956
tf.Tensor(-10646.915895027294, shape=(), dtype=float64)
nll_grad  cost time: 2.713892698287964
tf.Tensor(-10646.920693613454, shape=(), dtype=float64)
nll_grad  cost time: 2.768190383911133
tf.Tensor(-10646.925034967284, shape=(), dtype=float64)
nll_grad  cost time: 2.6136975288391113
tf.Tensor(-10646.928396110467, shape=(), dtype=float64)
nll_grad  cost time: 2.589390754699707
tf.Tensor(-10646.931309510761, shape=(), dtype=float64)
nll_grad  cost time: 2.6320738792419434
tf.Tensor(-10646.933712857382, shape=(), dtype=float64)
nll_grad  cost time: 2.724677562713623
tf.Tensor(-10646.935617757368, shape=(), dtype=float64)
nll_grad  cost time: 2.699160099029541
tf.Tensor(-10646.937106545374, shape=(), dtype=float64)
nll_grad  cost time: 2.6928539276123047
tf.Tensor(-10646.938474998526, shape=(), dtype=float64)
nll_grad  cost time: 2.5300233364105225
tf.Tensor(-10646.940023339757, shape=(), dtype=float64)
nll_grad  cost time: 2.686192512512207
tf.Tensor(-10646.94200358283, shape=(), dtype=float64)
nll_grad  cost time: 2.593658685684204
tf.Tensor(-10646.94444131945, shape=(), dtype=float64)
nll_grad  cost time: 2.570688486099243
tf.Tensor(-10646.947364995583, shape=(), dtype=float64)
nll_grad  cost time: 2.762637138366699
tf.Tensor(-10646.950511545216, shape=(), dtype=float64)
nll_grad  cost time: 2.80828595161438
tf.Tensor(-10646.953088966598, shape=(), dtype=float64)
nll_grad  cost time: 2.8398914337158203
tf.Tensor(-10646.954807185735, shape=(), dtype=float64)
nll_grad  cost time: 2.662569046020508
tf.Tensor(-10646.956132926382, shape=(), dtype=float64)
nll_grad  cost time: 2.734689235687256
tf.Tensor(-10646.957188924862, shape=(), dtype=float64)
nll_grad  cost time: 2.7814719676971436
tf.Tensor(-10646.957970584597, shape=(), dtype=float64)
nll_grad  cost time: 2.74629282951355
tf.Tensor(-10646.958592339364, shape=(), dtype=float64)
nll_grad  cost time: 2.7709662914276123
tf.Tensor(-10646.959324712836, shape=(), dtype=float64)
nll_grad  cost time: 2.843179225921631
tf.Tensor(-10646.960137173755, shape=(), dtype=float64)
nll_grad  cost time: 2.7098324298858643
tf.Tensor(-10646.961095602685, shape=(), dtype=float64)
nll_grad  cost time: 2.6113953590393066
tf.Tensor(-10646.962051558217, shape=(), dtype=float64)
nll_grad  cost time: 2.6889560222625732
tf.Tensor(-10646.96284542065, shape=(), dtype=float64)
nll_grad  cost time: 2.661069631576538
tf.Tensor(-10646.963438568997, shape=(), dtype=float64)
nll_grad  cost time: 2.549255609512329
tf.Tensor(-10646.963861203894, shape=(), dtype=float64)
nll_grad  cost time: 2.6950483322143555
tf.Tensor(-10646.96416716928, shape=(), dtype=float64)
nll_grad  cost time: 2.7110512256622314
tf.Tensor(-10646.964434005266, shape=(), dtype=float64)
nll_grad  cost time: 2.6628048419952393
tf.Tensor(-10646.96473343997, shape=(), dtype=float64)
nll_grad  cost time: 2.6561224460601807
tf.Tensor(-10646.965149551252, shape=(), dtype=float64)
nll_grad  cost time: 2.669067144393921
tf.Tensor(-10646.965675523279, shape=(), dtype=float64)
nll_grad  cost time: 2.6701176166534424
tf.Tensor(-10646.966306532016, shape=(), dtype=float64)
nll_grad  cost time: 2.723480224609375
tf.Tensor(-10646.966942340474, shape=(), dtype=float64)
nll_grad  cost time: 2.60251784324646
tf.Tensor(-10646.967477992526, shape=(), dtype=float64)
nll_grad  cost time: 2.5953545570373535
tf.Tensor(-10646.96788602526, shape=(), dtype=float64)
nll_grad  cost time: 2.899521589279175
tf.Tensor(-10646.96821258176, shape=(), dtype=float64)
nll_grad  cost time: 2.8320889472961426
tf.Tensor(-10646.968511814215, shape=(), dtype=float64)
nll_grad  cost time: 2.707448959350586
tf.Tensor(-10646.9688107236, shape=(), dtype=float64)
nll_grad  cost time: 2.752458095550537
tf.Tensor(-10646.969125596399, shape=(), dtype=float64)
nll_grad  cost time: 2.7782363891601562
tf.Tensor(-10646.969468638108, shape=(), dtype=float64)
nll_grad  cost time: 2.6954379081726074
tf.Tensor(-10646.969788771981, shape=(), dtype=float64)
nll_grad  cost time: 3.025418519973755
tf.Tensor(-10646.970152713064, shape=(), dtype=float64)
nll_grad  cost time: 2.847012996673584
tf.Tensor(-10646.970520139104, shape=(), dtype=float64)
nll_grad  cost time: 2.608320474624634
tf.Tensor(-10646.970851304413, shape=(), dtype=float64)
nll_grad  cost time: 2.6318397521972656
tf.Tensor(-10646.97112424453, shape=(), dtype=float64)
nll_grad  cost time: 2.78519344329834
tf.Tensor(-10646.971365201305, shape=(), dtype=float64)
nll_grad  cost time: 2.696079969406128
tf.Tensor(-10646.971591483336, shape=(), dtype=float64)
nll_grad  cost time: 2.717385768890381
tf.Tensor(-10646.971791039432, shape=(), dtype=float64)
nll_grad  cost time: 2.656754732131958
tf.Tensor(-10646.971929093299, shape=(), dtype=float64)
nll_grad  cost time: 2.620546817779541
tf.Tensor(-10646.972012827555, shape=(), dtype=float64)
nll_grad  cost time: 2.6618876457214355
tf.Tensor(-10646.9720764462, shape=(), dtype=float64)
nll_grad  cost time: 2.597963809967041
tf.Tensor(-10646.972144169395, shape=(), dtype=float64)
nll_grad  cost time: 2.7659571170806885
tf.Tensor(-10646.972219056908, shape=(), dtype=float64)
nll_grad  cost time: 2.7875819206237793
tf.Tensor(-10646.972284521205, shape=(), dtype=float64)
nll_grad  cost time: 2.6538145542144775
tf.Tensor(-10646.97232927489, shape=(), dtype=float64)
nll_grad  cost time: 2.6476778984069824
tf.Tensor(-10646.97236194534, shape=(), dtype=float64)
nll_grad  cost time: 2.7001774311065674
tf.Tensor(-10646.972396357723, shape=(), dtype=float64)
nll_grad  cost time: 2.7855138778686523
tf.Tensor(-10646.972438778026, shape=(), dtype=float64)
nll_grad  cost time: 2.690310001373291
tf.Tensor(-10646.972481344383, shape=(), dtype=float64)
nll_grad  cost time: 2.7388718128204346
tf.Tensor(-10646.97251174306, shape=(), dtype=float64)
nll_grad  cost time: 2.760653018951416
tf.Tensor(-10646.972528966919, shape=(), dtype=float64)
nll_grad  cost time: 2.7607648372650146
tf.Tensor(-10646.972540204588, shape=(), dtype=float64)
nll_grad  cost time: 2.7027082443237305
tf.Tensor(-10646.972550765353, shape=(), dtype=float64)
nll_grad  cost time: 2.7394371032714844
tf.Tensor(-10646.972563531472, shape=(), dtype=float64)
nll_grad  cost time: 2.8252642154693604
tf.Tensor(-10646.972581927901, shape=(), dtype=float64)
nll_grad  cost time: 2.6471481323242188
tf.Tensor(-10646.972610581503, shape=(), dtype=float64)
nll_grad  cost time: 2.6072237491607666
tf.Tensor(-10646.972654262165, shape=(), dtype=float64)
nll_grad  cost time: 2.7283706665039062
tf.Tensor(-10646.972708134308, shape=(), dtype=float64)
nll_grad  cost time: 2.6592555046081543
tf.Tensor(-10646.972754533668, shape=(), dtype=float64)
nll_grad  cost time: 2.71708083152771
tf.Tensor(-10646.972783502766, shape=(), dtype=float64)
nll_grad  cost time: 2.722379207611084
tf.Tensor(-10646.972802029297, shape=(), dtype=float64)
nll_grad  cost time: 2.676678419113159
tf.Tensor(-10646.972824333046, shape=(), dtype=float64)
nll_grad  cost time: 2.6040377616882324
tf.Tensor(-10646.972861363476, shape=(), dtype=float64)
nll_grad  cost time: 2.5068953037261963
tf.Tensor(-10646.97292563918, shape=(), dtype=float64)
nll_grad  cost time: 2.649435043334961
tf.Tensor(-10646.97303911877, shape=(), dtype=float64)
nll_grad  cost time: 2.6688387393951416
tf.Tensor(-10646.973237714312, shape=(), dtype=float64)
nll_grad  cost time: 2.5940918922424316
tf.Tensor(-10646.973571111983, shape=(), dtype=float64)
nll_grad  cost time: 2.6468992233276367
tf.Tensor(-10646.974071204, shape=(), dtype=float64)
nll_grad  cost time: 2.660038471221924
tf.Tensor(-10646.974522923698, shape=(), dtype=float64)
nll_grad  cost time: 2.8053884506225586
tf.Tensor(-10646.974852035833, shape=(), dtype=float64)
nll_grad  cost time: 2.717121124267578
tf.Tensor(-10646.975071125034, shape=(), dtype=float64)
nll_grad  cost time: 2.710416316986084
tf.Tensor(-10646.975199138797, shape=(), dtype=float64)
nll_grad  cost time: 2.7937543392181396
tf.Tensor(-10646.975382305904, shape=(), dtype=float64)
nll_grad  cost time: 2.6589739322662354
tf.Tensor(-10646.975653326353, shape=(), dtype=float64)
nll_grad  cost time: 2.6823532581329346
tf.Tensor(-10646.975951423767, shape=(), dtype=float64)
nll_grad  cost time: 2.6369402408599854
tf.Tensor(-10646.97612663338, shape=(), dtype=float64)
nll_grad  cost time: 2.7693214416503906
tf.Tensor(-10646.976201756941, shape=(), dtype=float64)
nll_grad  cost time: 2.6726787090301514
tf.Tensor(-10646.976248877065, shape=(), dtype=float64)
nll_grad  cost time: 2.734941005706787
tf.Tensor(-10646.976317573775, shape=(), dtype=float64)
nll_grad  cost time: 2.6789486408233643
tf.Tensor(-10646.976423369673, shape=(), dtype=float64)
nll_grad  cost time: 2.7966668605804443
tf.Tensor(-10646.97656886559, shape=(), dtype=float64)
nll_grad  cost time: 2.72627854347229
tf.Tensor(-10646.97670157499, shape=(), dtype=float64)
nll_grad  cost time: 2.6571106910705566
tf.Tensor(-10646.976794523158, shape=(), dtype=float64)
nll_grad  cost time: 2.6814796924591064
tf.Tensor(-10646.976843754514, shape=(), dtype=float64)
nll_grad  cost time: 2.693734645843506
tf.Tensor(-10646.976868118902, shape=(), dtype=float64)
nll_grad  cost time: 2.6730945110321045
tf.Tensor(-10646.976881074523, shape=(), dtype=float64)
nll_grad  cost time: 2.68226957321167
tf.Tensor(-10646.976892178918, shape=(), dtype=float64)
nll_grad  cost time: 2.724586009979248
tf.Tensor(-10646.976910076788, shape=(), dtype=float64)
nll_grad  cost time: 2.720874786376953
tf.Tensor(-10646.976939089684, shape=(), dtype=float64)
nll_grad  cost time: 2.697186231613159
tf.Tensor(-10646.97698163785, shape=(), dtype=float64)
nll_grad  cost time: 2.6527199745178223
tf.Tensor(-10646.977013929361, shape=(), dtype=float64)
nll_grad  cost time: 2.7772622108459473
tf.Tensor(-10646.977029095968, shape=(), dtype=float64)
nll_grad  cost time: 2.723154306411743
tf.Tensor(-10646.977035990538, shape=(), dtype=float64)
nll_grad  cost time: 2.6248488426208496
tf.Tensor(-10646.977041711187, shape=(), dtype=float64)
nll_grad  cost time: 2.7573773860931396
tf.Tensor(-10646.977051179361, shape=(), dtype=float64)
nll_grad  cost time: 2.67275071144104
tf.Tensor(-10646.977067011634, shape=(), dtype=float64)
nll_grad  cost time: 2.8548941612243652
tf.Tensor(-10646.977092451587, shape=(), dtype=float64)
nll_grad  cost time: 2.7366750240325928
tf.Tensor(-10646.9771278747, shape=(), dtype=float64)
nll_grad  cost time: 2.941230058670044
tf.Tensor(-10646.977151732346, shape=(), dtype=float64)
nll_grad  cost time: 2.7115519046783447
tf.Tensor(-10646.97716726785, shape=(), dtype=float64)
nll_grad  cost time: 2.7257633209228516
tf.Tensor(-10646.977171126258, shape=(), dtype=float64)
nll_grad  cost time: 2.6220288276672363
tf.Tensor(-10646.977172805236, shape=(), dtype=float64)
nll_grad  cost time: 2.7579591274261475
tf.Tensor(-10646.977174848202, shape=(), dtype=float64)
nll_grad  cost time: 2.726928949356079
tf.Tensor(-10646.977178006255, shape=(), dtype=float64)
nll_grad  cost time: 2.762982130050659
tf.Tensor(-10646.977182710467, shape=(), dtype=float64)
nll_grad  cost time: 2.8480710983276367
tf.Tensor(-10646.977188440822, shape=(), dtype=float64)
nll_grad  cost time: 2.6143531799316406
tf.Tensor(-10646.97719338119, shape=(), dtype=float64)
nll_grad  cost time: 2.6236252784729004
tf.Tensor(-10646.977195881114, shape=(), dtype=float64)
nll_grad  cost time: 2.589871883392334
tf.Tensor(-10646.97719669095, shape=(), dtype=float64)
nll_grad  cost time: 2.740384340286255
tf.Tensor(-10646.977196989363, shape=(), dtype=float64)
nll_grad  cost time: 2.6557321548461914
tf.Tensor(-10646.977197254564, shape=(), dtype=float64)
nll_grad  cost time: 2.7216622829437256
tf.Tensor(-10646.97719764687, shape=(), dtype=float64)
nll_grad  cost time: 2.884178638458252
tf.Tensor(-10646.977198206423, shape=(), dtype=float64)
nll_grad  cost time: 2.9787871837615967
tf.Tensor(-10646.977198771543, shape=(), dtype=float64)
nll_grad  cost time: 2.8504815101623535
tf.Tensor(-10646.97719908936, shape=(), dtype=float64)
nll_grad  cost time: 2.745854616165161
tf.Tensor(-10646.977199203982, shape=(), dtype=float64)
nll_grad  cost time: 2.760279655456543
tf.Tensor(-10646.977199274068, shape=(), dtype=float64)
nll_grad  cost time: 2.6804003715515137
tf.Tensor(-10646.977199389177, shape=(), dtype=float64)
nll_grad  cost time: 2.675807476043701
tf.Tensor(-10646.977199588033, shape=(), dtype=float64)
nll_grad  cost time: 2.7412376403808594
tf.Tensor(-10646.977199937537, shape=(), dtype=float64)
nll_grad  cost time: 2.8996667861938477
tf.Tensor(-10646.977200542027, shape=(), dtype=float64)
nll_grad  cost time: 2.5986521244049072
tf.Tensor(-10646.9772015212, shape=(), dtype=float64)
nll_grad  cost time: 2.685481071472168
tf.Tensor(-10646.977202797487, shape=(), dtype=float64)
nll_grad  cost time: 2.6347827911376953
tf.Tensor(-10646.977203493203, shape=(), dtype=float64)
nll_grad  cost time: 2.7831568717956543
tf.Tensor(-10646.977203977374, shape=(), dtype=float64)
nll_grad  cost time: 2.704108238220215
tf.Tensor(-10646.977204097479, shape=(), dtype=float64)
nll_grad  cost time: 2.6925857067108154
tf.Tensor(-10646.97720420449, shape=(), dtype=float64)
nll_grad  cost time: 2.6118459701538086
tf.Tensor(-10646.977204386123, shape=(), dtype=float64)
nll_grad  cost time: 2.6465208530426025
tf.Tensor(-10646.977204702129, shape=(), dtype=float64)
nll_grad  cost time: 2.6578614711761475
tf.Tensor(-10646.977205237588, shape=(), dtype=float64)
nll_grad  cost time: 2.647005081176758
tf.Tensor(-10646.977206040807, shape=(), dtype=float64)
nll_grad  cost time: 2.591935396194458
tf.Tensor(-10646.977206652024, shape=(), dtype=float64)
nll_grad  cost time: 2.6674718856811523
tf.Tensor(-10646.977206933974, shape=(), dtype=float64)
nll_grad  cost time: 2.6384291648864746
tf.Tensor(-10646.977207089258, shape=(), dtype=float64)
nll_grad  cost time: 2.6216495037078857
tf.Tensor(-10646.977207191758, shape=(), dtype=float64)
nll_grad  cost time: 2.7701644897460938
tf.Tensor(-10646.977207370885, shape=(), dtype=float64)
nll_grad  cost time: 2.74517822265625
tf.Tensor(-10646.97720769572, shape=(), dtype=float64)
nll_grad  cost time: 2.6789870262145996
tf.Tensor(-10646.977208292443, shape=(), dtype=float64)
nll_grad  cost time: 2.66223406791687
tf.Tensor(-10646.977209386743, shape=(), dtype=float64)
nll_grad  cost time: 2.633978843688965
tf.Tensor(-10646.97721136688, shape=(), dtype=float64)
nll_grad  cost time: 2.645538091659546
tf.Tensor(-10646.977214857183, shape=(), dtype=float64)
nll_grad  cost time: 2.736607551574707
tf.Tensor(-10646.977220749981, shape=(), dtype=float64)
nll_grad  cost time: 2.757206916809082
tf.Tensor(-10646.977230079116, shape=(), dtype=float64)
nll_grad  cost time: 2.81762957572937
tf.Tensor(-10646.977243414538, shape=(), dtype=float64)
nll_grad  cost time: 2.9948298931121826
tf.Tensor(-10646.977257565544, shape=(), dtype=float64)
nll_grad  cost time: 2.764488935470581
tf.Tensor(-10646.977270138646, shape=(), dtype=float64)
nll_grad  cost time: 2.7886476516723633
tf.Tensor(-10646.977273522953, shape=(), dtype=float64)
nll_grad  cost time: 2.7574079036712646
tf.Tensor(-10646.97727393969, shape=(), dtype=float64)
nll_grad  cost time: 2.6256794929504395
tf.Tensor(-10646.977273969933, shape=(), dtype=float64)
nll_grad  cost time: 2.5968685150146484
tf.Tensor(-10646.977273973225, shape=(), dtype=float64)
nll_grad  cost time: 2.687666177749634
tf.Tensor(-10646.977273973898, shape=(), dtype=float64)
Optimization terminated successfully.
         Current function value: -10646.977274
         Iterations: 724
         Function evaluations: 737
         Gradient evaluations: 737
  message: Optimization terminated successfully.
  success: True
   status: 0
      fun: -10646.977273973898
        x: [ 1.476e+00  1.080e+00 ... -1.015e-01  2.162e+00]
      nit: 724
      jac: [ 0.000e+00  0.000e+00 ... -5.624e-05 -9.008e-07]
 hess_inv: [[ 1.000e+00  0.000e+00 ...  0.000e+00  0.000e+00]
            [ 0.000e+00  1.000e+00 ...  0.000e+00  0.000e+00]
            ...
            [ 0.000e+00  0.000e+00 ...  4.388e-03 -1.002e-02]
            [ 0.000e+00  0.000e+00 ... -1.002e-02  5.283e-01]]
     nfev: 737
     njev: 737
fit  cost time: 2008.9201531410217

========== Fit loop 2/5 ==========
using RANDOM parameters

########### initial parameters
{
  "rho(1450)p_mass": 1.51,
  "rho(1450)p_width": 0.44,
  "rho(1570)p_mass": 1.57,
  "rho(1570)p_width": 0.14,
  "rho(1690)p_mass": 1.681,
  "rho(1690)p_width": 0.19,
  "rho(1450)m_mass": 1.51,
  "rho(1450)m_width": 0.44,
  "rho(1570)m_mass": 1.57,
  "rho(1570)m_width": 0.14,
  "rho(1690)m_mass": 1.681,
  "rho(1690)m_width": 0.19,
  "f0(500)_E791_mass": 0.478,
  "f2(1270)_flatte_mass": 1.2754,
  "f2(1270)_flatte_g_0": 0.32842913242385574,
  "f2(1270)_flatte_g_1": 0.7878415241642601,
  "f0(1370)_mass": 1.37,
  "f0(1370)_width": 0.35,
  "f0(1500)_flatte_mass": 1.522,
  "f0(1500)_flatte_g_0": 0.04780587415813415,
  "f0(1500)_flatte_g_1": 2.0441730831658216,
  "f2(1430)_mass": 1.43,
  "f2(1430)_width": 0.046,
  "Jpsi->rho(1450)p.pimrho(1450)p->phi.pip_total_0r": 1.0,
  "Jpsi->rho(1450)p.pimrho(1450)p->phi.pip_total_0i": 0.0,
  "Jpsi->rho(1450)p.pim_g_ls_0r": 1.0,
  "Jpsi->rho(1450)p.pim_g_ls_0i": 0.0,
  "rho(1450)p->phi.pip_g_ls_0r": 1.0,
  "rho(1450)p->phi.pip_g_ls_0i": 0.0,
  "Jpsi->rho(1570)p.pimrho(1570)p->phi.pip_total_0r": 0.9982443827586884,
  "Jpsi->rho(1570)p.pimrho(1570)p->phi.pip_total_0i": -1.1958732984488833,
  "Jpsi->rho(1570)p.pim_g_ls_0r": 1.0,
  "Jpsi->rho(1570)p.pim_g_ls_0i": 0.0,
  "rho(1570)p->phi.pip_g_ls_0r": 1.0,
  "rho(1570)p->phi.pip_g_ls_0i": 0.0,
  "Jpsi->rho(1690)p.pimrho(1690)p->phi.pip_total_0r": 1.3564579064049784,
  "Jpsi->rho(1690)p.pimrho(1690)p->phi.pip_total_0i": 0.047008308653200714,
  "Jpsi->rho(1690)p.pim_g_ls_0r": 1.0,
  "Jpsi->rho(1690)p.pim_g_ls_0i": 0.0,
  "rho(1690)p->phi.pip_g_ls_0r": 1.0,
  "rho(1690)p->phi.pip_g_ls_0i": 0.0,
  "Jpsi->rho(1450)m.piprho(1450)m->phi.pim_total_0r": 1.0,
  "Jpsi->rho(1450)m.piprho(1450)m->phi.pim_total_0i": 0.0,
  "Jpsi->rho(1450)m.pip_g_ls_0r": 1.0,
  "Jpsi->rho(1450)m.pip_g_ls_0i": 0.0,
  "rho(1450)m->phi.pim_g_ls_0r": 1.0,
  "rho(1450)m->phi.pim_g_ls_0i": 0.0,
  "Jpsi->rho(1570)m.piprho(1570)m->phi.pim_total_0r": 0.9982443827586884,
  "Jpsi->rho(1570)m.piprho(1570)m->phi.pim_total_0i": -1.1958732984488833,
  "Jpsi->rho(1570)m.pip_g_ls_0r": 1.0,
  "Jpsi->rho(1570)m.pip_g_ls_0i": 0.0,
  "rho(1570)m->phi.pim_g_ls_0r": 1.0,
  "rho(1570)m->phi.pim_g_ls_0i": 0.0,
  "Jpsi->rho(1690)m.piprho(1690)m->phi.pim_total_0r": 1.3564579064049784,
  "Jpsi->rho(1690)m.piprho(1690)m->phi.pim_total_0i": 0.047008308653200714,
  "Jpsi->rho(1690)m.pip_g_ls_0r": 1.0,
  "Jpsi->rho(1690)m.pip_g_ls_0i": 0.0,
  "rho(1690)m->phi.pim_g_ls_0r": 1.0,
  "rho(1690)m->phi.pim_g_ls_0i": 0.0,
  "Jpsi->phi.f0(500)_E791f0(500)_E791->pip.pim_total_0r": 1.6850259720863243,
  "Jpsi->phi.f0(500)_E791f0(500)_E791->pip.pim_total_0i": 2.845719799749756,
  "Jpsi->phi.f0(500)_E791_g_ls_0r": 1.0,
  "Jpsi->phi.f0(500)_E791_g_ls_0i": 0.0,
  "Jpsi->phi.f0(500)_E791_g_ls_1r": 0.9168182459288321,
  "Jpsi->phi.f0(500)_E791_g_ls_1i": -1.755864454847031,
  "f0(500)_E791->pip.pim_g_ls_0r": 1.0,
  "f0(500)_E791->pip.pim_g_ls_0i": 0.0,
  "Jpsi->phi.f0(980)_flattef0(980)_flatte->pip.pim_total_0r": 0.4405082510670937,
  "Jpsi->phi.f0(980)_flattef0(980)_flatte->pip.pim_total_0i": -1.820128399716917,
  "f0(980)_flatte->pip.pim_g_ls_0r": 1.0,
  "f0(980)_flatte->pip.pim_g_ls_0i": 0.0,
  "Jpsi->phi.f2(1270)_flattef2(1270)_flatte->pip.pim_total_0r": 0.313294337713411,
  "Jpsi->phi.f2(1270)_flattef2(1270)_flatte->pip.pim_total_0i": 1.123775826738445,
  "Jpsi->phi.f2(1270)_flatte_g_ls_0r": 1.0,
  "Jpsi->phi.f2(1270)_flatte_g_ls_0i": 0.0,
  "Jpsi->phi.f2(1270)_flatte_g_ls_1r": 0.5835402437191624,
  "Jpsi->phi.f2(1270)_flatte_g_ls_1i": -1.9172381555135405,
  "Jpsi->phi.f2(1270)_flatte_g_ls_2r": 0.08060413318662185,
  "Jpsi->phi.f2(1270)_flatte_g_ls_2i": -1.9485108160823805,
  "Jpsi->phi.f2(1270)_flatte_g_ls_3r": 1.9584844332840619,
  "Jpsi->phi.f2(1270)_flatte_g_ls_3i": -1.0502241793178344,
  "Jpsi->phi.f2(1270)_flatte_g_ls_4r": 1.611674600788,
  "Jpsi->phi.f2(1270)_flatte_g_ls_4i": 0.3972904809675728,
  "f2(1270)_flatte->pip.pim_g_ls_0r": 1.0,
  "f2(1270)_flatte->pip.pim_g_ls_0i": 0.0,
  "Jpsi->phi.f0(1370)f0(1370)->pip.pim_total_0r": 0.7198456993639364,
  "Jpsi->phi.f0(1370)f0(1370)->pip.pim_total_0i": 2.990250240131612,
  "Jpsi->phi.f0(1370)_g_ls_0r": 1.0,
  "Jpsi->phi.f0(1370)_g_ls_0i": 0.0,
  "Jpsi->phi.f0(1370)_g_ls_1r": 1.306762939738702,
  "Jpsi->phi.f0(1370)_g_ls_1i": -1.0011366509476756,
  "f0(1370)->pip.pim_g_ls_0r": 1.0,
  "f0(1370)->pip.pim_g_ls_0i": 0.0,
  "Jpsi->phi.f0(1500)_flattef0(1500)_flatte->pip.pim_total_0r": 1.497815876994454,
  "Jpsi->phi.f0(1500)_flattef0(1500)_flatte->pip.pim_total_0i": 1.8030772333484437,
  "Jpsi->phi.f0(1500)_flatte_g_ls_0r": 1.0,
  "Jpsi->phi.f0(1500)_flatte_g_ls_0i": 0.0,
  "Jpsi->phi.f0(1500)_flatte_g_ls_1r": 1.6161868000771404,
  "Jpsi->phi.f0(1500)_flatte_g_ls_1i": -1.699272770389127,
  "f0(1500)_flatte->pip.pim_g_ls_0r": 1.0,
  "f0(1500)_flatte->pip.pim_g_ls_0i": 0.0,
  "Jpsi->phi.f0(1710)f0(1710)->pip.pim_total_0r": 1.1320797180359454,
  "Jpsi->phi.f0(1710)f0(1710)->pip.pim_total_0i": -1.8910438981186404,
  "f0(1710)->pip.pim_g_ls_0r": 1.0,
  "f0(1710)->pip.pim_g_ls_0i": 0.0,
  "Jpsi->phi.f2(1430)f2(1430)->pip.pim_total_0r": 0.5462597649297063,
  "Jpsi->phi.f2(1430)f2(1430)->pip.pim_total_0i": -2.905036369535925,
  "Jpsi->phi.f2(1430)_g_ls_0r": 1.0,
  "Jpsi->phi.f2(1430)_g_ls_0i": 0.0,
  "Jpsi->phi.f2(1430)_g_ls_1r": 0.2354568538649784,
  "Jpsi->phi.f2(1430)_g_ls_1i": -1.8258529781331074,
  "Jpsi->phi.f2(1430)_g_ls_2r": 0.9007800314620971,
  "Jpsi->phi.f2(1430)_g_ls_2i": -1.7903516734111358,
  "Jpsi->phi.f2(1430)_g_ls_3r": 1.4191445345623466,
  "Jpsi->phi.f2(1430)_g_ls_3i": 3.1048249966933197,
  "Jpsi->phi.f2(1430)_g_ls_4r": 1.386272522067327,
  "Jpsi->phi.f2(1430)_g_ls_4i": -1.1270124868292628,
  "f2(1430)->pip.pim_g_ls_0r": 1.0,
  "f2(1430)->pip.pim_g_ls_0i": 0.0,
  "Jpsi->phi.NR_pipi_0.NR_pipi_0.->pip.pim_total_0r": 0.8069773594777727,
  "Jpsi->phi.NR_pipi_0.NR_pipi_0.->pip.pim_total_0i": -2.4143293374813597,
  "Jpsi->phi.NR_pipi_0._g_ls_0r": 1.0,
  "Jpsi->phi.NR_pipi_0._g_ls_0i": 0.0,
  "Jpsi->phi.NR_pipi_0._g_ls_1r": 1.014700699529505,
  "Jpsi->phi.NR_pipi_0._g_ls_1i": -0.2938689592922845,
  "NR_pipi_0.->pip.pim_g_ls_0r": 1.0,
  "NR_pipi_0.->pip.pim_g_ls_0i": 0.0,
  "K1(1400)p_mass": 1.403,
  "K1(1400)p_width": 0.174,
  "K2(1820)p_mass": 1.819,
  "K2(1820)p_width": 0.264,
  "K2(1980)p_mass": 1.99,
  "K2(1980)p_width": 0.348,
  "K2(2250)p_mass": 2.247,
  "K2(2250)p_width": 0.18,
  "K3(2320)p_mass": 2.324,
  "K3(2320)p_width": 0.15,
  "K1(1400)m_mass": 1.403,
  "K1(1400)m_width": 0.174,
  "K2(1820)m_mass": 1.819,
  "K2(1820)m_width": 0.264,
  "K2(1980)m_mass": 1.99,
  "K2(1980)m_width": 0.348,
  "K3(2320)m_mass": 2.324,
  "K3(2320)m_width": 0.15,
  "f0(980)_flatte_mass": 0.965,
  "f0(980)_flatte_g_0": 0.35833233092988903,
  "f0(980)_flatte_g_1": 3.413209781356411,
  "f2(1270)_mass": 1.2754,
  "f2(1270)_width": 0.1858,
  "f0(1500)_mass": 1.522,
  "f0(1500)_width": 0.108,
  "f2(1525)_mass": 1.5173,
  "f2(1525)_width": 0.072,
  "f2(1565)_mass": 1.571,
  "f2(1565)_width": 0.132,
  "f0(1710)_mass": 1.733,
  "f0(1710)_width": 0.15,
  "f2(1810)_mass": 1.815,
  "f2(1810)_width": 0.197,
  "Jpsi->K1(1400)p.kmK1(1400)p->phi.kp_total_0r": 1.0,
  "Jpsi->K1(1400)p.kmK1(1400)p->phi.kp_total_0i": 0.0,
  "Jpsi->K1(1400)p.km_g_ls_0r": 1.0,
  "Jpsi->K1(1400)p.km_g_ls_0i": 0.0,
  "Jpsi->K1(1400)p.km_g_ls_1r": 0.1376685140734999,
  "Jpsi->K1(1400)p.km_g_ls_1i": -2.7241235730787876,
  "K1(1400)p->phi.kp_g_ls_0r": 1.0,
  "K1(1400)p->phi.kp_g_ls_0i": 0.0,
  "K1(1400)p->phi.kp_g_ls_1r": 0.847578842662573,
  "K1(1400)p->phi.kp_g_ls_1i": 2.796395089175614,
  "Jpsi->K2(1820)p.kmK2(1820)p->phi.kp_total_0r": 0.15256217081386403,
  "Jpsi->K2(1820)p.kmK2(1820)p->phi.kp_total_0i": -0.7044521113593079,
  "Jpsi->K2(1820)p.km_g_ls_0r": 1.0,
  "Jpsi->K2(1820)p.km_g_ls_0i": 0.0,
  "Jpsi->K2(1820)p.km_g_ls_1r": 1.2022653060963964,
  "Jpsi->K2(1820)p.km_g_ls_1i": 1.8208734528778043,
  "K2(1820)p->phi.kp_g_ls_0r": 1.0,
  "K2(1820)p->phi.kp_g_ls_0i": 0.0,
  "K2(1820)p->phi.kp_g_ls_1r": 1.11951579110971,
  "K2(1820)p->phi.kp_g_ls_1i": 1.0874430906885975,
  "Jpsi->K2(1980)p.kmK2(1980)p->phi.kp_total_0r": 1.195304230046192,
  "Jpsi->K2(1980)p.kmK2(1980)p->phi.kp_total_0i": 0.8202977636213276,
  "Jpsi->K2(1980)p.km_g_ls_0r": 1.0,
  "Jpsi->K2(1980)p.km_g_ls_0i": 0.0,
  "K2(1980)p->phi.kp_g_ls_0r": 1.0,
  "K2(1980)p->phi.kp_g_ls_0i": 0.0,
  "Jpsi->K2(2250)p.kmK2(2250)p->phi.kp_total_0r": 1.3777479085742077,
  "Jpsi->K2(2250)p.kmK2(2250)p->phi.kp_total_0i": 0.4548700831289576,
  "Jpsi->K2(2250)p.km_g_ls_0r": 1.0,
  "Jpsi->K2(2250)p.km_g_ls_0i": 0.0,
  "Jpsi->K2(2250)p.km_g_ls_1r": 1.9858244157107796,
  "Jpsi->K2(2250)p.km_g_ls_1i": 0.2637968150916521,
  "K2(2250)p->phi.kp_g_ls_0r": 1.0,
  "K2(2250)p->phi.kp_g_ls_0i": 0.0,
  "K2(2250)p->phi.kp_g_ls_1r": 1.5734852854190935,
  "K2(2250)p->phi.kp_g_ls_1i": 1.0443470104971295,
  "Jpsi->K3(2320)p.kmK3(2320)p->phi.kp_total_0r": 0.6029075980451335,
  "Jpsi->K3(2320)p.kmK3(2320)p->phi.kp_total_0i": -3.138363131853514,
  "Jpsi->K3(2320)p.km_g_ls_0r": 1.0,
  "Jpsi->K3(2320)p.km_g_ls_0i": 0.0,
  "Jpsi->K3(2320)p.km_g_ls_1r": 1.1936054015696969,
  "Jpsi->K3(2320)p.km_g_ls_1i": -0.20565107831771412,
  "K3(2320)p->phi.kp_g_ls_0r": 1.0,
  "K3(2320)p->phi.kp_g_ls_0i": 0.0,
  "K3(2320)p->phi.kp_g_ls_1r": 1.5521606740952443,
  "K3(2320)p->phi.kp_g_ls_1i": -3.0439630647543283,
  "Jpsi->K1(1400)m.kpK1(1400)m->phi.km_total_0r": 1.0,
  "Jpsi->K1(1400)m.kpK1(1400)m->phi.km_total_0i": 0.0,
  "Jpsi->K1(1400)m.kp_g_ls_0r": 1.0,
  "Jpsi->K1(1400)m.kp_g_ls_0i": 0.0,
  "Jpsi->K1(1400)m.kp_g_ls_1r": 0.1376685140734999,
  "Jpsi->K1(1400)m.kp_g_ls_1i": -2.7241235730787876,
  "K1(1400)m->phi.km_g_ls_0r": 1.0,
  "K1(1400)m->phi.km_g_ls_0i": 0.0,
  "K1(1400)m->phi.km_g_ls_1r": 0.847578842662573,
  "K1(1400)m->phi.km_g_ls_1i": 2.796395089175614,
  "Jpsi->K2(1820)m.kpK2(1820)m->phi.km_total_0r": 0.15256217081386403,
  "Jpsi->K2(1820)m.kpK2(1820)m->phi.km_total_0i": -0.7044521113593079,
  "Jpsi->K2(1820)m.kp_g_ls_0r": 1.0,
  "Jpsi->K2(1820)m.kp_g_ls_0i": 0.0,
  "Jpsi->K2(1820)m.kp_g_ls_1r": 1.2022653060963964,
  "Jpsi->K2(1820)m.kp_g_ls_1i": 1.8208734528778043,
  "K2(1820)m->phi.km_g_ls_0r": 1.0,
  "K2(1820)m->phi.km_g_ls_0i": 0.0,
  "K2(1820)m->phi.km_g_ls_1r": 1.11951579110971,
  "K2(1820)m->phi.km_g_ls_1i": 1.0874430906885975,
  "Jpsi->K2(1980)m.kpK2(1980)m->phi.km_total_0r": 1.195304230046192,
  "Jpsi->K2(1980)m.kpK2(1980)m->phi.km_total_0i": 0.8202977636213276,
  "Jpsi->K2(1980)m.kp_g_ls_0r": 1.0,
  "Jpsi->K2(1980)m.kp_g_ls_0i": 0.0,
  "K2(1980)m->phi.km_g_ls_0r": 1.0,
  "K2(1980)m->phi.km_g_ls_0i": 0.0,
  "Jpsi->K2(2250)p.kpK2(2250)p->phi.km_total_0r": 1.5731818271098694,
  "Jpsi->K2(2250)p.kpK2(2250)p->phi.km_total_0i": 2.9233824206301593,
  "Jpsi->K2(2250)p.kp_g_ls_0r": 1.0,
  "Jpsi->K2(2250)p.kp_g_ls_0i": 0.0,
  "Jpsi->K2(2250)p.kp_g_ls_1r": 1.8677581404346641,
  "Jpsi->K2(2250)p.kp_g_ls_1i": -1.058982575177747,
  "K2(2250)p->phi.km_g_ls_0r": 1.0,
  "K2(2250)p->phi.km_g_ls_0i": 0.0,
  "K2(2250)p->phi.km_g_ls_1r": 0.5315114434288235,
  "K2(2250)p->phi.km_g_ls_1i": -1.331422698223286,
  "Jpsi->K3(2320)m.kpK3(2320)m->phi.km_total_0r": 0.6029075980451335,
  "Jpsi->K3(2320)m.kpK3(2320)m->phi.km_total_0i": -3.138363131853514,
  "Jpsi->K3(2320)m.kp_g_ls_0r": 1.0,
  "Jpsi->K3(2320)m.kp_g_ls_0i": 0.0,
  "Jpsi->K3(2320)m.kp_g_ls_1r": 1.1936054015696969,
  "Jpsi->K3(2320)m.kp_g_ls_1i": -0.20565107831771412,
  "K3(2320)m->phi.km_g_ls_0r": 1.0,
  "K3(2320)m->phi.km_g_ls_0i": 0.0,
  "K3(2320)m->phi.km_g_ls_1r": 1.5521606740952443,
  "K3(2320)m->phi.km_g_ls_1i": -3.0439630647543283,
  "Jpsi->phi.f0(980)_flattef0(980)_flatte->kp.km_total_0r": 1.5534680866930963,
  "Jpsi->phi.f0(980)_flattef0(980)_flatte->kp.km_total_0i": 1.1171474862541064,
  "Jpsi->phi.f0(980)_flatte_g_ls_0r": 1.0,
  "Jpsi->phi.f0(980)_flatte_g_ls_0i": 0.0,
  "Jpsi->phi.f0(980)_flatte_g_ls_1r": 0.398953708095553,
  "Jpsi->phi.f0(980)_flatte_g_ls_1i": -1.423715400120028,
  "f0(980)_flatte->kp.km_g_ls_0r": 1.0,
  "f0(980)_flatte->kp.km_g_ls_0i": 0.0,
  "Jpsi->phi.f2(1270)f2(1270)->kp.km_total_0r": 1.8791861780947303,
  "Jpsi->phi.f2(1270)f2(1270)->kp.km_total_0i": 0.017480237414015054,
  "Jpsi->phi.f2(1270)_g_ls_0r": 1.0,
  "Jpsi->phi.f2(1270)_g_ls_0i": 0.0,
  "Jpsi->phi.f2(1270)_g_ls_1r": 1.4187174312644513,
  "Jpsi->phi.f2(1270)_g_ls_1i": -2.21431171636583,
  "Jpsi->phi.f2(1270)_g_ls_2r": 0.7466598989368176,
  "Jpsi->phi.f2(1270)_g_ls_2i": -0.512112851357001,
  "Jpsi->phi.f2(1270)_g_ls_3r": 1.1658864085127116,
  "Jpsi->phi.f2(1270)_g_ls_3i": 1.6165150915500197,
  "Jpsi->phi.f2(1270)_g_ls_4r": 0.3918089553705921,
  "Jpsi->phi.f2(1270)_g_ls_4i": 2.113011418705037,
  "f2(1270)->kp.km_g_ls_0r": 1.0,
  "f2(1270)->kp.km_g_ls_0i": 0.0,
  "Jpsi->phi.f0(1500)f0(1500)->kp.km_total_0r": 1.0676235253723658,
  "Jpsi->phi.f0(1500)f0(1500)->kp.km_total_0i": 1.517023890731271,
  "Jpsi->phi.f0(1500)_g_ls_0r": 1.0,
  "Jpsi->phi.f0(1500)_g_ls_0i": 0.0,
  "Jpsi->phi.f0(1500)_g_ls_1r": 1.407081659913664,
  "Jpsi->phi.f0(1500)_g_ls_1i": -0.3852427809951724,
  "f0(1500)->kp.km_g_ls_0r": 1.0,
  "f0(1500)->kp.km_g_ls_0i": 0.0,
  "Jpsi->phi.f2(1525)f2(1525)->kp.km_total_0r": 1.4034272846115883,
  "Jpsi->phi.f2(1525)f2(1525)->kp.km_total_0i": 2.8779069794124945,
  "Jpsi->phi.f2(1525)_g_ls_0r": 1.0,
  "Jpsi->phi.f2(1525)_g_ls_0i": 0.0,
  "Jpsi->phi.f2(1525)_g_ls_1r": 0.2650423406673039,
  "Jpsi->phi.f2(1525)_g_ls_1i": -2.649030727356063,
  "Jpsi->phi.f2(1525)_g_ls_2r": 1.4582189442363274,
  "Jpsi->phi.f2(1525)_g_ls_2i": 1.9273556420506681,
  "Jpsi->phi.f2(1525)_g_ls_3r": 0.9916805163601334,
  "Jpsi->phi.f2(1525)_g_ls_3i": -1.346755541473515,
  "Jpsi->phi.f2(1525)_g_ls_4r": 1.3470817218255702,
  "Jpsi->phi.f2(1525)_g_ls_4i": 1.9594000312189124,
  "f2(1525)->kp.km_g_ls_0r": 1.0,
  "f2(1525)->kp.km_g_ls_0i": 0.0,
  "Jpsi->phi.f2(1565)f2(1565)->kp.km_total_0r": 1.691697235368793,
  "Jpsi->phi.f2(1565)f2(1565)->kp.km_total_0i": 1.9733568033426456,
  "Jpsi->phi.f2(1565)_g_ls_0r": 1.0,
  "Jpsi->phi.f2(1565)_g_ls_0i": 0.0,
  "Jpsi->phi.f2(1565)_g_ls_1r": 0.24440904929959872,
  "Jpsi->phi.f2(1565)_g_ls_1i": 0.06439954393624792,
  "Jpsi->phi.f2(1565)_g_ls_2r": 1.8126018402540973,
  "Jpsi->phi.f2(1565)_g_ls_2i": 1.1941757993157367,
  "Jpsi->phi.f2(1565)_g_ls_3r": 0.5865957865549807,
  "Jpsi->phi.f2(1565)_g_ls_3i": 1.4254272528424234,
  "Jpsi->phi.f2(1565)_g_ls_4r": 1.5516602405666617,
  "Jpsi->phi.f2(1565)_g_ls_4i": -2.259639303960181,
  "f2(1565)->kp.km_g_ls_0r": 1.0,
  "f2(1565)->kp.km_g_ls_0i": 0.0,
  "Jpsi->phi.f0(1710)f0(1710)->kp.km_total_0r": 1.5418277737711774,
  "Jpsi->phi.f0(1710)f0(1710)->kp.km_total_0i": 0.6226950505413762,
  "Jpsi->phi.f0(1710)_g_ls_0r": 1.0,
  "Jpsi->phi.f0(1710)_g_ls_0i": 0.0,
  "Jpsi->phi.f0(1710)_g_ls_1r": 1.4202057436115267,
  "Jpsi->phi.f0(1710)_g_ls_1i": -0.7663517432614495,
  "f0(1710)->kp.km_g_ls_0r": 1.0,
  "f0(1710)->kp.km_g_ls_0i": 0.0,
  "Jpsi->phi.f2(1810)f2(1810)->kp.km_total_0r": 0.446955716405637,
  "Jpsi->phi.f2(1810)f2(1810)->kp.km_total_0i": -1.1215830787407506,
  "Jpsi->phi.f2(1810)_g_ls_0r": 1.0,
  "Jpsi->phi.f2(1810)_g_ls_0i": 0.0,
  "Jpsi->phi.f2(1810)_g_ls_1r": 0.31404277702200734,
  "Jpsi->phi.f2(1810)_g_ls_1i": -0.7354399713704636,
  "Jpsi->phi.f2(1810)_g_ls_2r": 0.5457159284448063,
  "Jpsi->phi.f2(1810)_g_ls_2i": -1.0260344695456651,
  "Jpsi->phi.f2(1810)_g_ls_3r": 1.7193635445262556,
  "Jpsi->phi.f2(1810)_g_ls_3i": 2.183042493395245,
  "Jpsi->phi.f2(1810)_g_ls_4r": 1.6964800743835124,
  "Jpsi->phi.f2(1810)_g_ls_4i": -1.3417183608582757,
  "f2(1810)->kp.km_g_ls_0r": 1.0,
  "f2(1810)->kp.km_g_ls_0i": 0.0
}
nll_grad  cost time: 2.6193926334381104
nll_grad  cost time: 2.820075750350952
tf.Tensor(-2322.238840651109, shape=(), dtype=float64)
nll_grad  cost time: 2.7621068954467773
tf.Tensor(-5484.410213676834, shape=(), dtype=float64)
nll_grad  cost time: 2.6286237239837646
nll_grad  cost time: 2.752626419067383
tf.Tensor(-7317.590771274525, shape=(), dtype=float64)
nll_grad  cost time: 2.788470506668091
nll_grad  cost time: 2.8683836460113525
tf.Tensor(-7755.970480349104, shape=(), dtype=float64)
nll_grad  cost time: 2.7876474857330322
tf.Tensor(-8209.270396739346, shape=(), dtype=float64)
nll_grad  cost time: 2.7390623092651367
tf.Tensor(-8527.641830048247, shape=(), dtype=float64)
nll_grad  cost time: 2.6442437171936035
nll_grad  cost time: 2.6526248455047607
tf.Tensor(-8677.905830809788, shape=(), dtype=float64)
nll_grad  cost time: 2.7702479362487793
tf.Tensor(-8838.71840442717, shape=(), dtype=float64)
nll_grad  cost time: 2.8089511394500732
tf.Tensor(-8936.064725807155, shape=(), dtype=float64)
nll_grad  cost time: 2.912297010421753
tf.Tensor(-8997.828925440466, shape=(), dtype=float64)
nll_grad  cost time: 2.7183194160461426
tf.Tensor(-9103.047808363837, shape=(), dtype=float64)
nll_grad  cost time: 2.7189440727233887
tf.Tensor(-9221.813151846349, shape=(), dtype=float64)
nll_grad  cost time: 2.706812858581543
tf.Tensor(-9310.852800219582, shape=(), dtype=float64)
nll_grad  cost time: 2.7521579265594482
tf.Tensor(-9413.18961777071, shape=(), dtype=float64)
nll_grad  cost time: 2.6686322689056396
tf.Tensor(-9530.586795230076, shape=(), dtype=float64)
nll_grad  cost time: 2.6969058513641357
tf.Tensor(-9631.579238405466, shape=(), dtype=float64)
nll_grad  cost time: 2.757460594177246
nll_grad  cost time: 2.6012256145477295
tf.Tensor(-9676.348886242311, shape=(), dtype=float64)
nll_grad  cost time: 2.670260190963745
tf.Tensor(-9712.404025623124, shape=(), dtype=float64)
nll_grad  cost time: 2.6892991065979004
tf.Tensor(-9738.799011751413, shape=(), dtype=float64)
nll_grad  cost time: 2.6472952365875244
tf.Tensor(-9770.765426869417, shape=(), dtype=float64)
nll_grad  cost time: 2.6237995624542236
tf.Tensor(-9816.808517809506, shape=(), dtype=float64)
nll_grad  cost time: 2.7150328159332275
tf.Tensor(-9859.550908331003, shape=(), dtype=float64)
nll_grad  cost time: 2.6131644248962402
tf.Tensor(-9898.154382766894, shape=(), dtype=float64)
nll_grad  cost time: 2.7783005237579346
nll_grad  cost time: 2.592212200164795
tf.Tensor(-9915.558353576169, shape=(), dtype=float64)
nll_grad  cost time: 2.6161746978759766
tf.Tensor(-9939.134886504922, shape=(), dtype=float64)
nll_grad  cost time: 2.6877377033233643
tf.Tensor(-9971.498287030467, shape=(), dtype=float64)
nll_grad  cost time: 2.680758237838745
tf.Tensor(-9993.69282077685, shape=(), dtype=float64)
nll_grad  cost time: 2.717611074447632
nll_grad  cost time: 2.691237211227417
tf.Tensor(-10004.81822173894, shape=(), dtype=float64)
nll_grad  cost time: 2.9400360584259033
tf.Tensor(-10016.267272018638, shape=(), dtype=float64)
nll_grad  cost time: 2.6653895378112793
tf.Tensor(-10023.964032689008, shape=(), dtype=float64)
nll_grad  cost time: 2.633856773376465
tf.Tensor(-10034.36613583866, shape=(), dtype=float64)
nll_grad  cost time: 2.7401130199432373
tf.Tensor(-10048.787874623587, shape=(), dtype=float64)
nll_grad  cost time: 2.7889623641967773
tf.Tensor(-10068.687584904175, shape=(), dtype=float64)
nll_grad  cost time: 2.7034752368927
tf.Tensor(-10089.884962824879, shape=(), dtype=float64)
nll_grad  cost time: 2.7309446334838867
tf.Tensor(-10113.90066304231, shape=(), dtype=float64)
nll_grad  cost time: 2.737272024154663
tf.Tensor(-10120.63675215251, shape=(), dtype=float64)
nll_grad  cost time: 2.7237660884857178
tf.Tensor(-10130.157483683724, shape=(), dtype=float64)
nll_grad  cost time: 2.696000337600708
tf.Tensor(-10143.187687597485, shape=(), dtype=float64)
nll_grad  cost time: 2.7217447757720947
tf.Tensor(-10159.095692252435, shape=(), dtype=float64)
nll_grad  cost time: 2.8013811111450195
nll_grad  cost time: 2.564915657043457
tf.Tensor(-10165.642632046547, shape=(), dtype=float64)
nll_grad  cost time: 2.621734380722046
tf.Tensor(-10174.107785614702, shape=(), dtype=float64)
nll_grad  cost time: 2.702517509460449
tf.Tensor(-10184.168697612673, shape=(), dtype=float64)
nll_grad  cost time: 2.757899522781372
tf.Tensor(-10197.589993410722, shape=(), dtype=float64)
nll_grad  cost time: 2.641859769821167
tf.Tensor(-10207.183032548586, shape=(), dtype=float64)
nll_grad  cost time: 2.67535400390625
tf.Tensor(-10210.610338143197, shape=(), dtype=float64)
nll_grad  cost time: 2.6812949180603027
tf.Tensor(-10215.868845272831, shape=(), dtype=float64)
nll_grad  cost time: 2.69620943069458
tf.Tensor(-10221.708315875127, shape=(), dtype=float64)
nll_grad  cost time: 2.7644970417022705
tf.Tensor(-10227.330143436142, shape=(), dtype=float64)
nll_grad  cost time: 2.8624653816223145
tf.Tensor(-10232.843141880832, shape=(), dtype=float64)
nll_grad  cost time: 2.8116650581359863
tf.Tensor(-10238.591349920847, shape=(), dtype=float64)
nll_grad  cost time: 2.6651763916015625
tf.Tensor(-10244.783740283354, shape=(), dtype=float64)
nll_grad  cost time: 2.7499396800994873
tf.Tensor(-10250.251656931607, shape=(), dtype=float64)
nll_grad  cost time: 2.6906039714813232
tf.Tensor(-10256.756504328885, shape=(), dtype=float64)
nll_grad  cost time: 2.7060186862945557
tf.Tensor(-10264.90867319006, shape=(), dtype=float64)
nll_grad  cost time: 2.6852517127990723
tf.Tensor(-10274.782043559535, shape=(), dtype=float64)
nll_grad  cost time: 2.627664566040039
tf.Tensor(-10280.51709051289, shape=(), dtype=float64)
nll_grad  cost time: 2.6961331367492676
tf.Tensor(-10287.408086506366, shape=(), dtype=float64)
nll_grad  cost time: 2.5878798961639404
tf.Tensor(-10295.850234533835, shape=(), dtype=float64)
nll_grad  cost time: 2.6275899410247803
nll_grad  cost time: 2.579113245010376
tf.Tensor(-10300.662014810005, shape=(), dtype=float64)
nll_grad  cost time: 2.81748104095459
tf.Tensor(-10303.778691718107, shape=(), dtype=float64)
nll_grad  cost time: 2.7927680015563965
tf.Tensor(-10307.496004659653, shape=(), dtype=float64)
nll_grad  cost time: 2.6748690605163574
tf.Tensor(-10309.602638184486, shape=(), dtype=float64)
nll_grad  cost time: 2.7432191371917725
tf.Tensor(-10312.917605498602, shape=(), dtype=float64)
nll_grad  cost time: 2.84904408454895
tf.Tensor(-10315.550338809357, shape=(), dtype=float64)
nll_grad  cost time: 2.739215850830078
tf.Tensor(-10317.976618807166, shape=(), dtype=float64)
nll_grad  cost time: 2.6773688793182373
tf.Tensor(-10320.9874665178, shape=(), dtype=float64)
nll_grad  cost time: 2.697721242904663
tf.Tensor(-10324.216715744798, shape=(), dtype=float64)
nll_grad  cost time: 2.6787781715393066
tf.Tensor(-10326.886051420239, shape=(), dtype=float64)
nll_grad  cost time: 2.6449203491210938
tf.Tensor(-10330.74499005387, shape=(), dtype=float64)
nll_grad  cost time: 2.6887853145599365
tf.Tensor(-10336.922422904994, shape=(), dtype=float64)
nll_grad  cost time: 2.8802058696746826
tf.Tensor(-10344.376188577771, shape=(), dtype=float64)
nll_grad  cost time: 2.7971668243408203
tf.Tensor(-10352.063376113249, shape=(), dtype=float64)
nll_grad  cost time: 2.731433391571045
tf.Tensor(-10356.381365614645, shape=(), dtype=float64)
nll_grad  cost time: 2.7024941444396973
tf.Tensor(-10361.350613432609, shape=(), dtype=float64)
nll_grad  cost time: 2.835740327835083
tf.Tensor(-10366.341868641146, shape=(), dtype=float64)
nll_grad  cost time: 2.802236557006836
tf.Tensor(-10372.012643693059, shape=(), dtype=float64)
nll_grad  cost time: 2.7190332412719727
tf.Tensor(-10377.821024273086, shape=(), dtype=float64)
nll_grad  cost time: 2.6499521732330322
tf.Tensor(-10383.896033167723, shape=(), dtype=float64)
nll_grad  cost time: 2.8038554191589355
tf.Tensor(-10388.393676475927, shape=(), dtype=float64)
nll_grad  cost time: 2.7812700271606445
tf.Tensor(-10390.742678728595, shape=(), dtype=float64)
nll_grad  cost time: 2.670956611633301
tf.Tensor(-10394.333831013624, shape=(), dtype=float64)
nll_grad  cost time: 2.6817290782928467
tf.Tensor(-10396.545560066515, shape=(), dtype=float64)
nll_grad  cost time: 2.622180700302124
tf.Tensor(-10399.717314818998, shape=(), dtype=float64)
nll_grad  cost time: 2.6840078830718994
tf.Tensor(-10404.36345597318, shape=(), dtype=float64)
nll_grad  cost time: 2.811343193054199
tf.Tensor(-10407.484213843767, shape=(), dtype=float64)
nll_grad  cost time: 2.903700351715088
tf.Tensor(-10411.54194973434, shape=(), dtype=float64)
nll_grad  cost time: 2.6935434341430664
tf.Tensor(-10417.144127890548, shape=(), dtype=float64)
nll_grad  cost time: 2.6595563888549805
tf.Tensor(-10423.144827775606, shape=(), dtype=float64)
nll_grad  cost time: 2.612088918685913
tf.Tensor(-10428.755242481988, shape=(), dtype=float64)
nll_grad  cost time: 2.676964521408081
tf.Tensor(-10436.064130093473, shape=(), dtype=float64)
nll_grad  cost time: 2.737346649169922
tf.Tensor(-10442.086290241117, shape=(), dtype=float64)
nll_grad  cost time: 2.807384967803955
tf.Tensor(-10448.508496277012, shape=(), dtype=float64)
nll_grad  cost time: 2.7517919540405273
nll_grad  cost time: 2.679814338684082
tf.Tensor(-10451.804608436345, shape=(), dtype=float64)
nll_grad  cost time: 2.763173818588257
tf.Tensor(-10455.857605615849, shape=(), dtype=float64)
nll_grad  cost time: 2.725142240524292
tf.Tensor(-10461.78970039286, shape=(), dtype=float64)
nll_grad  cost time: 2.8044557571411133
tf.Tensor(-10466.7105451787, shape=(), dtype=float64)
nll_grad  cost time: 2.661935329437256
tf.Tensor(-10472.64593036846, shape=(), dtype=float64)
nll_grad  cost time: 2.6953980922698975
tf.Tensor(-10480.411355151067, shape=(), dtype=float64)
nll_grad  cost time: 2.7346439361572266
nll_grad  cost time: 2.6250264644622803
tf.Tensor(-10483.076977121309, shape=(), dtype=float64)
nll_grad  cost time: 2.5704987049102783
tf.Tensor(-10486.393478243917, shape=(), dtype=float64)
nll_grad  cost time: 2.5143167972564697
tf.Tensor(-10490.016341767587, shape=(), dtype=float64)
nll_grad  cost time: 2.5736680030822754
tf.Tensor(-10492.676573546843, shape=(), dtype=float64)
nll_grad  cost time: 2.589560031890869
tf.Tensor(-10495.929021420598, shape=(), dtype=float64)
nll_grad  cost time: 2.5657296180725098
nll_grad  cost time: 2.6077141761779785
tf.Tensor(-10497.77382056752, shape=(), dtype=float64)
nll_grad  cost time: 2.798001766204834
tf.Tensor(-10499.77224263172, shape=(), dtype=float64)
nll_grad  cost time: 2.697688579559326
tf.Tensor(-10501.906125191294, shape=(), dtype=float64)
nll_grad  cost time: 2.743374824523926
tf.Tensor(-10504.830950616153, shape=(), dtype=float64)
nll_grad  cost time: 2.6290385723114014
tf.Tensor(-10505.626876629387, shape=(), dtype=float64)
nll_grad  cost time: 2.6483888626098633
tf.Tensor(-10506.640256600374, shape=(), dtype=float64)
nll_grad  cost time: 2.6367335319519043
tf.Tensor(-10508.246612781826, shape=(), dtype=float64)
nll_grad  cost time: 2.6755459308624268
tf.Tensor(-10510.509452776561, shape=(), dtype=float64)
nll_grad  cost time: 2.686737060546875
tf.Tensor(-10513.285979663618, shape=(), dtype=float64)
nll_grad  cost time: 2.972482919692993
tf.Tensor(-10514.061222943863, shape=(), dtype=float64)
nll_grad  cost time: 2.7712483406066895
tf.Tensor(-10515.363514077835, shape=(), dtype=float64)
nll_grad  cost time: 2.8207743167877197
tf.Tensor(-10517.435524330773, shape=(), dtype=float64)
nll_grad  cost time: 2.908623218536377
tf.Tensor(-10519.581461376903, shape=(), dtype=float64)
nll_grad  cost time: 2.775336503982544
tf.Tensor(-10521.476422286243, shape=(), dtype=float64)
nll_grad  cost time: 2.9014041423797607
tf.Tensor(-10523.558779383806, shape=(), dtype=float64)
nll_grad  cost time: 2.6688637733459473
tf.Tensor(-10525.235865191426, shape=(), dtype=float64)
nll_grad  cost time: 2.768181562423706
tf.Tensor(-10526.44256116289, shape=(), dtype=float64)
nll_grad  cost time: 2.7110559940338135
tf.Tensor(-10527.32101052718, shape=(), dtype=float64)
nll_grad  cost time: 2.7718048095703125
tf.Tensor(-10528.450430251083, shape=(), dtype=float64)
nll_grad  cost time: 2.931586742401123
tf.Tensor(-10529.64309113627, shape=(), dtype=float64)
nll_grad  cost time: 2.885822057723999
tf.Tensor(-10530.855974950646, shape=(), dtype=float64)
nll_grad  cost time: 2.9303386211395264
tf.Tensor(-10532.264094360988, shape=(), dtype=float64)
nll_grad  cost time: 3.0054914951324463
tf.Tensor(-10534.353652621467, shape=(), dtype=float64)
nll_grad  cost time: 3.003382921218872
tf.Tensor(-10535.147969959224, shape=(), dtype=float64)
nll_grad  cost time: 2.7766494750976562
tf.Tensor(-10536.519871245524, shape=(), dtype=float64)
nll_grad  cost time: 2.8004493713378906
tf.Tensor(-10538.843366410103, shape=(), dtype=float64)
nll_grad  cost time: 2.81539249420166
tf.Tensor(-10542.214629866678, shape=(), dtype=float64)
nll_grad  cost time: 2.8300387859344482
tf.Tensor(-10543.390511858772, shape=(), dtype=float64)
nll_grad  cost time: 2.8925321102142334
tf.Tensor(-10545.143240278478, shape=(), dtype=float64)
nll_grad  cost time: 2.9305779933929443
tf.Tensor(-10546.673253064393, shape=(), dtype=float64)
nll_grad  cost time: 2.910116672515869
tf.Tensor(-10549.082325301395, shape=(), dtype=float64)
nll_grad  cost time: 2.8314685821533203
tf.Tensor(-10551.70044166327, shape=(), dtype=float64)
nll_grad  cost time: 2.844543933868408
nll_grad  cost time: 2.836465835571289
tf.Tensor(-10553.202301270721, shape=(), dtype=float64)
nll_grad  cost time: 2.86350679397583
tf.Tensor(-10555.190328261735, shape=(), dtype=float64)
nll_grad  cost time: 2.7036526203155518
tf.Tensor(-10556.704367827333, shape=(), dtype=float64)
nll_grad  cost time: 2.667461395263672
tf.Tensor(-10558.26842834305, shape=(), dtype=float64)
nll_grad  cost time: 2.7452263832092285
tf.Tensor(-10559.401804772708, shape=(), dtype=float64)
nll_grad  cost time: 2.8528409004211426
tf.Tensor(-10560.860498502589, shape=(), dtype=float64)
nll_grad  cost time: 2.740513324737549
tf.Tensor(-10562.834797096046, shape=(), dtype=float64)
nll_grad  cost time: 2.919377565383911
tf.Tensor(-10564.92880336292, shape=(), dtype=float64)
nll_grad  cost time: 2.7861568927764893
tf.Tensor(-10567.73439070092, shape=(), dtype=float64)
nll_grad  cost time: 3.0899603366851807
tf.Tensor(-10570.694738271217, shape=(), dtype=float64)
nll_grad  cost time: 2.7561798095703125
tf.Tensor(-10573.905379752097, shape=(), dtype=float64)
nll_grad  cost time: 2.938018560409546
tf.Tensor(-10577.112694021605, shape=(), dtype=float64)
nll_grad  cost time: 2.734426259994507
tf.Tensor(-10580.774128316494, shape=(), dtype=float64)
nll_grad  cost time: 2.7276723384857178
nll_grad  cost time: 2.6959800720214844
tf.Tensor(-10582.700143008391, shape=(), dtype=float64)
nll_grad  cost time: 2.7690269947052
tf.Tensor(-10584.867242354827, shape=(), dtype=float64)
nll_grad  cost time: 2.7225265502929688
tf.Tensor(-10586.886360105083, shape=(), dtype=float64)
nll_grad  cost time: 2.7200379371643066
tf.Tensor(-10588.264280586809, shape=(), dtype=float64)
nll_grad  cost time: 2.9629151821136475
tf.Tensor(-10589.616208114028, shape=(), dtype=float64)
nll_grad  cost time: 2.745290756225586
tf.Tensor(-10591.478398821542, shape=(), dtype=float64)
nll_grad  cost time: 2.6872267723083496
tf.Tensor(-10592.903681236392, shape=(), dtype=float64)
nll_grad  cost time: 2.843336582183838
tf.Tensor(-10594.495128745366, shape=(), dtype=float64)
nll_grad  cost time: 2.8779537677764893
tf.Tensor(-10595.590773894568, shape=(), dtype=float64)
nll_grad  cost time: 2.948749303817749
tf.Tensor(-10596.659428145715, shape=(), dtype=float64)
nll_grad  cost time: 2.785447835922241
tf.Tensor(-10597.791600531018, shape=(), dtype=float64)
nll_grad  cost time: 2.904477834701538
tf.Tensor(-10599.018030174127, shape=(), dtype=float64)
nll_grad  cost time: 2.8423421382904053
tf.Tensor(-10600.234999957851, shape=(), dtype=float64)
nll_grad  cost time: 2.903254747390747
tf.Tensor(-10601.544819615126, shape=(), dtype=float64)
nll_grad  cost time: 2.846841335296631
tf.Tensor(-10602.210151924315, shape=(), dtype=float64)
nll_grad  cost time: 2.8224596977233887
tf.Tensor(-10603.16532519857, shape=(), dtype=float64)
nll_grad  cost time: 2.6883773803710938
tf.Tensor(-10604.188082516426, shape=(), dtype=float64)
nll_grad  cost time: 2.7836971282958984
tf.Tensor(-10605.046663010187, shape=(), dtype=float64)
nll_grad  cost time: 2.9943785667419434
tf.Tensor(-10605.804971522652, shape=(), dtype=float64)
nll_grad  cost time: 2.8068995475769043
tf.Tensor(-10606.809987918052, shape=(), dtype=float64)
nll_grad  cost time: 2.790648937225342
tf.Tensor(-10607.696044979544, shape=(), dtype=float64)
nll_grad  cost time: 2.915039539337158
tf.Tensor(-10608.499844729275, shape=(), dtype=float64)
nll_grad  cost time: 2.9863905906677246
tf.Tensor(-10609.563574488937, shape=(), dtype=float64)
nll_grad  cost time: 2.9097774028778076
tf.Tensor(-10610.679342357747, shape=(), dtype=float64)
nll_grad  cost time: 2.859267473220825
tf.Tensor(-10611.684431866364, shape=(), dtype=float64)
nll_grad  cost time: 2.949880361557007
tf.Tensor(-10612.569675781771, shape=(), dtype=float64)
nll_grad  cost time: 2.78132700920105
tf.Tensor(-10613.673014581145, shape=(), dtype=float64)
nll_grad  cost time: 2.7997727394104004
tf.Tensor(-10615.025660595544, shape=(), dtype=float64)
nll_grad  cost time: 3.1366801261901855
nll_grad  cost time: 2.93819522857666
tf.Tensor(-10615.784261757733, shape=(), dtype=float64)
nll_grad  cost time: 2.7860007286071777
tf.Tensor(-10616.621574493525, shape=(), dtype=float64)
nll_grad  cost time: 2.8712117671966553
tf.Tensor(-10617.665070733783, shape=(), dtype=float64)
nll_grad  cost time: 2.858781576156616
tf.Tensor(-10618.7704934703, shape=(), dtype=float64)
nll_grad  cost time: 3.026033639907837
tf.Tensor(-10620.278746906231, shape=(), dtype=float64)
nll_grad  cost time: 2.982761859893799
tf.Tensor(-10621.534704398808, shape=(), dtype=float64)
nll_grad  cost time: 2.8131372928619385
tf.Tensor(-10622.366847684229, shape=(), dtype=float64)
nll_grad  cost time: 2.8489701747894287
tf.Tensor(-10623.50993075269, shape=(), dtype=float64)
nll_grad  cost time: 2.93776273727417
tf.Tensor(-10624.969930735067, shape=(), dtype=float64)
nll_grad  cost time: 2.8213284015655518
tf.Tensor(-10626.223455396466, shape=(), dtype=float64)
nll_grad  cost time: 3.0585365295410156
tf.Tensor(-10627.437711296734, shape=(), dtype=float64)
nll_grad  cost time: 2.8389973640441895
tf.Tensor(-10628.241369384174, shape=(), dtype=float64)
nll_grad  cost time: 2.746555805206299
tf.Tensor(-10629.283616436856, shape=(), dtype=float64)
nll_grad  cost time: 2.7756857872009277
tf.Tensor(-10630.611266006345, shape=(), dtype=float64)
nll_grad  cost time: 2.790148973464966
tf.Tensor(-10631.351138476588, shape=(), dtype=float64)
nll_grad  cost time: 2.795198917388916
tf.Tensor(-10632.38916573408, shape=(), dtype=float64)
nll_grad  cost time: 2.8160669803619385
tf.Tensor(-10633.407300280756, shape=(), dtype=float64)
nll_grad  cost time: 2.9994382858276367
tf.Tensor(-10634.09122483687, shape=(), dtype=float64)
nll_grad  cost time: 2.7375996112823486
tf.Tensor(-10634.817135122568, shape=(), dtype=float64)
nll_grad  cost time: 2.8313443660736084
tf.Tensor(-10635.70729287852, shape=(), dtype=float64)
nll_grad  cost time: 2.8880178928375244
tf.Tensor(-10636.69497137377, shape=(), dtype=float64)
nll_grad  cost time: 2.853614330291748
tf.Tensor(-10637.398822512201, shape=(), dtype=float64)
nll_grad  cost time: 2.890935182571411
tf.Tensor(-10638.156954990496, shape=(), dtype=float64)
nll_grad  cost time: 2.751323699951172
tf.Tensor(-10639.026659490934, shape=(), dtype=float64)
nll_grad  cost time: 2.8373312950134277
tf.Tensor(-10639.4130875337, shape=(), dtype=float64)
nll_grad  cost time: 2.989440441131592
tf.Tensor(-10640.05224368305, shape=(), dtype=float64)
nll_grad  cost time: 2.7198922634124756
tf.Tensor(-10640.815901780217, shape=(), dtype=float64)
nll_grad  cost time: 2.7724807262420654
tf.Tensor(-10641.50072747773, shape=(), dtype=float64)
nll_grad  cost time: 2.7584595680236816
tf.Tensor(-10642.028306705863, shape=(), dtype=float64)
nll_grad  cost time: 2.8096516132354736
tf.Tensor(-10642.7394546516, shape=(), dtype=float64)
nll_grad  cost time: 2.736762046813965
tf.Tensor(-10643.570819234366, shape=(), dtype=float64)
nll_grad  cost time: 3.0386595726013184
tf.Tensor(-10644.030021797771, shape=(), dtype=float64)
nll_grad  cost time: 2.851513624191284
tf.Tensor(-10644.639624233387, shape=(), dtype=float64)
nll_grad  cost time: 2.667398691177368
tf.Tensor(-10645.080486512947, shape=(), dtype=float64)
nll_grad  cost time: 2.8457796573638916
tf.Tensor(-10645.666385919845, shape=(), dtype=float64)
nll_grad  cost time: 2.847806930541992
tf.Tensor(-10646.363612289795, shape=(), dtype=float64)
nll_grad  cost time: 2.8470654487609863
tf.Tensor(-10647.091651697265, shape=(), dtype=float64)
nll_grad  cost time: 2.845207929611206
tf.Tensor(-10647.353726358968, shape=(), dtype=float64)
nll_grad  cost time: 3.1170811653137207
tf.Tensor(-10647.767516790533, shape=(), dtype=float64)
nll_grad  cost time: 2.768434524536133
tf.Tensor(-10648.405109157466, shape=(), dtype=float64)
nll_grad  cost time: 2.8093698024749756
tf.Tensor(-10648.954987997997, shape=(), dtype=float64)
nll_grad  cost time: 3.007680654525757
tf.Tensor(-10649.416353144938, shape=(), dtype=float64)
nll_grad  cost time: 2.807710647583008
tf.Tensor(-10649.805092121045, shape=(), dtype=float64)
nll_grad  cost time: 2.969609260559082
tf.Tensor(-10650.326481169308, shape=(), dtype=float64)
nll_grad  cost time: 2.8879826068878174
tf.Tensor(-10650.929194335324, shape=(), dtype=float64)
nll_grad  cost time: 2.9055678844451904
tf.Tensor(-10651.304875399328, shape=(), dtype=float64)
nll_grad  cost time: 2.854032039642334
tf.Tensor(-10651.754180834694, shape=(), dtype=float64)
nll_grad  cost time: 2.7497010231018066
tf.Tensor(-10652.036705948973, shape=(), dtype=float64)
nll_grad  cost time: 2.933830976486206
tf.Tensor(-10652.358037854647, shape=(), dtype=float64)
nll_grad  cost time: 2.879955291748047
tf.Tensor(-10652.711541108525, shape=(), dtype=float64)
nll_grad  cost time: 2.6917338371276855
tf.Tensor(-10652.994897829085, shape=(), dtype=float64)
nll_grad  cost time: 2.800961494445801
tf.Tensor(-10653.243301000562, shape=(), dtype=float64)
nll_grad  cost time: 3.0200247764587402
tf.Tensor(-10653.445521943133, shape=(), dtype=float64)
nll_grad  cost time: 3.070814609527588
tf.Tensor(-10653.532919460755, shape=(), dtype=float64)
nll_grad  cost time: 2.870830535888672
tf.Tensor(-10653.661071401577, shape=(), dtype=float64)
nll_grad  cost time: 2.8738389015197754
tf.Tensor(-10653.843764711266, shape=(), dtype=float64)
nll_grad  cost time: 2.905466079711914
tf.Tensor(-10654.050832603214, shape=(), dtype=float64)
nll_grad  cost time: 2.7574057579040527
tf.Tensor(-10654.288952374678, shape=(), dtype=float64)
nll_grad  cost time: 2.777311325073242
tf.Tensor(-10654.551742482661, shape=(), dtype=float64)
nll_grad  cost time: 3.1064646244049072
tf.Tensor(-10654.765387869476, shape=(), dtype=float64)
nll_grad  cost time: 2.732203722000122
tf.Tensor(-10655.010313875551, shape=(), dtype=float64)
nll_grad  cost time: 2.7880265712738037
tf.Tensor(-10655.225593695235, shape=(), dtype=float64)
nll_grad  cost time: 2.8930935859680176
tf.Tensor(-10655.529714920616, shape=(), dtype=float64)
nll_grad  cost time: 2.8757362365722656
tf.Tensor(-10655.7977323405, shape=(), dtype=float64)
nll_grad  cost time: 2.9512999057769775
tf.Tensor(-10656.086914143503, shape=(), dtype=float64)
nll_grad  cost time: 2.7913312911987305
tf.Tensor(-10656.388394288777, shape=(), dtype=float64)
nll_grad  cost time: 2.808171510696411
tf.Tensor(-10656.765828070558, shape=(), dtype=float64)
nll_grad  cost time: 2.899458408355713
tf.Tensor(-10656.942898244546, shape=(), dtype=float64)
nll_grad  cost time: 2.893401622772217
tf.Tensor(-10657.206025292238, shape=(), dtype=float64)
nll_grad  cost time: 2.8080570697784424
tf.Tensor(-10657.510877293542, shape=(), dtype=float64)
nll_grad  cost time: 2.8740241527557373
tf.Tensor(-10657.84479811314, shape=(), dtype=float64)
nll_grad  cost time: 2.731581687927246
tf.Tensor(-10658.142657193479, shape=(), dtype=float64)
nll_grad  cost time: 2.8114705085754395
tf.Tensor(-10658.529829192674, shape=(), dtype=float64)
nll_grad  cost time: 2.8919897079467773
tf.Tensor(-10658.893438349805, shape=(), dtype=float64)
nll_grad  cost time: 2.8674309253692627
tf.Tensor(-10659.195894516975, shape=(), dtype=float64)
nll_grad  cost time: 2.9024243354797363
tf.Tensor(-10659.484241860155, shape=(), dtype=float64)
nll_grad  cost time: 2.7619481086730957
tf.Tensor(-10659.786924082415, shape=(), dtype=float64)
nll_grad  cost time: 2.8701725006103516
tf.Tensor(-10660.01002384747, shape=(), dtype=float64)
nll_grad  cost time: 2.9498212337493896
tf.Tensor(-10660.287004005993, shape=(), dtype=float64)
nll_grad  cost time: 2.705840587615967
tf.Tensor(-10660.47567530859, shape=(), dtype=float64)
nll_grad  cost time: 3.0528523921966553
tf.Tensor(-10660.672123374869, shape=(), dtype=float64)
nll_grad  cost time: 2.7877790927886963
tf.Tensor(-10660.799886459106, shape=(), dtype=float64)
nll_grad  cost time: 2.6744384765625
tf.Tensor(-10660.98907430211, shape=(), dtype=float64)
nll_grad  cost time: 2.7913684844970703
tf.Tensor(-10661.228213600516, shape=(), dtype=float64)
nll_grad  cost time: 2.9122676849365234
tf.Tensor(-10661.41717260443, shape=(), dtype=float64)
nll_grad  cost time: 2.772468090057373
tf.Tensor(-10661.626532936723, shape=(), dtype=float64)
nll_grad  cost time: 2.987915277481079
tf.Tensor(-10661.814955457368, shape=(), dtype=float64)
nll_grad  cost time: 2.8791816234588623
tf.Tensor(-10662.012509588909, shape=(), dtype=float64)
nll_grad  cost time: 2.845093250274658
tf.Tensor(-10662.153420622715, shape=(), dtype=float64)
nll_grad  cost time: 2.8310797214508057
tf.Tensor(-10662.278685803816, shape=(), dtype=float64)
nll_grad  cost time: 2.701136350631714
tf.Tensor(-10662.400906794595, shape=(), dtype=float64)
nll_grad  cost time: 2.6781764030456543
tf.Tensor(-10662.514100503206, shape=(), dtype=float64)
nll_grad  cost time: 2.6886746883392334
tf.Tensor(-10662.672755896463, shape=(), dtype=float64)
nll_grad  cost time: 2.6799232959747314
tf.Tensor(-10662.880532155337, shape=(), dtype=float64)
nll_grad  cost time: 2.8879175186157227
tf.Tensor(-10663.09977915384, shape=(), dtype=float64)
nll_grad  cost time: 2.9016194343566895
tf.Tensor(-10663.313694747587, shape=(), dtype=float64)
nll_grad  cost time: 2.845679998397827
tf.Tensor(-10663.491912526508, shape=(), dtype=float64)
nll_grad  cost time: 2.844675302505493
tf.Tensor(-10663.704630599444, shape=(), dtype=float64)
nll_grad  cost time: 2.673929452896118
tf.Tensor(-10663.827959684168, shape=(), dtype=float64)
nll_grad  cost time: 2.8067378997802734
tf.Tensor(-10664.001985906332, shape=(), dtype=float64)
nll_grad  cost time: 2.7669246196746826
tf.Tensor(-10664.150055804785, shape=(), dtype=float64)
nll_grad  cost time: 3.038860321044922
tf.Tensor(-10664.336250496992, shape=(), dtype=float64)
nll_grad  cost time: 2.8422491550445557
tf.Tensor(-10664.573778231264, shape=(), dtype=float64)
nll_grad  cost time: 2.940683126449585
tf.Tensor(-10664.773281489608, shape=(), dtype=float64)
nll_grad  cost time: 2.8908591270446777
tf.Tensor(-10664.930902251981, shape=(), dtype=float64)
nll_grad  cost time: 2.8611676692962646
tf.Tensor(-10665.142395194118, shape=(), dtype=float64)
nll_grad  cost time: 2.893531560897827
tf.Tensor(-10665.381114363066, shape=(), dtype=float64)
nll_grad  cost time: 2.893603801727295
tf.Tensor(-10665.535264626582, shape=(), dtype=float64)
nll_grad  cost time: 2.8831629753112793
tf.Tensor(-10665.682523847841, shape=(), dtype=float64)
nll_grad  cost time: 2.714216470718384
tf.Tensor(-10665.788101075414, shape=(), dtype=float64)
nll_grad  cost time: 2.8472840785980225
tf.Tensor(-10665.925660276887, shape=(), dtype=float64)
nll_grad  cost time: 2.7144691944122314
tf.Tensor(-10666.086429255265, shape=(), dtype=float64)
nll_grad  cost time: 2.889714002609253
tf.Tensor(-10666.241510427993, shape=(), dtype=float64)
nll_grad  cost time: 2.66576886177063
tf.Tensor(-10666.458395893249, shape=(), dtype=float64)
nll_grad  cost time: 2.673017740249634
tf.Tensor(-10666.74001479456, shape=(), dtype=float64)
nll_grad  cost time: 2.904876708984375
tf.Tensor(-10667.009739109955, shape=(), dtype=float64)
nll_grad  cost time: 2.836487054824829
tf.Tensor(-10667.1330756459, shape=(), dtype=float64)
nll_grad  cost time: 2.8048267364501953
tf.Tensor(-10667.301439098424, shape=(), dtype=float64)
nll_grad  cost time: 2.688807487487793
tf.Tensor(-10667.525315888357, shape=(), dtype=float64)
nll_grad  cost time: 2.878861427307129
tf.Tensor(-10667.806044336547, shape=(), dtype=float64)
nll_grad  cost time: 2.805159091949463
tf.Tensor(-10668.114494136658, shape=(), dtype=float64)
nll_grad  cost time: 2.8145532608032227
tf.Tensor(-10668.292651633412, shape=(), dtype=float64)
nll_grad  cost time: 3.0900354385375977
tf.Tensor(-10668.557568767028, shape=(), dtype=float64)
nll_grad  cost time: 2.797670841217041
tf.Tensor(-10668.897855919306, shape=(), dtype=float64)
nll_grad  cost time: 2.8921282291412354
tf.Tensor(-10669.091658627112, shape=(), dtype=float64)
nll_grad  cost time: 2.985856294631958
tf.Tensor(-10669.315573290602, shape=(), dtype=float64)
nll_grad  cost time: 2.9960622787475586
tf.Tensor(-10669.433103344469, shape=(), dtype=float64)
nll_grad  cost time: 2.857701539993286
tf.Tensor(-10669.593083201267, shape=(), dtype=float64)
nll_grad  cost time: 2.7325973510742188
tf.Tensor(-10669.757346377985, shape=(), dtype=float64)
nll_grad  cost time: 2.852299690246582
tf.Tensor(-10669.84803132499, shape=(), dtype=float64)
nll_grad  cost time: 2.8948779106140137
tf.Tensor(-10669.974749303561, shape=(), dtype=float64)
nll_grad  cost time: 2.6765217781066895
tf.Tensor(-10670.110741867094, shape=(), dtype=float64)
nll_grad  cost time: 2.6944892406463623
tf.Tensor(-10670.221466291056, shape=(), dtype=float64)
nll_grad  cost time: 2.75262188911438
tf.Tensor(-10670.367521056498, shape=(), dtype=float64)
nll_grad  cost time: 2.734379768371582
tf.Tensor(-10670.531413063654, shape=(), dtype=float64)
nll_grad  cost time: 2.7235214710235596
tf.Tensor(-10670.647684431264, shape=(), dtype=float64)
nll_grad  cost time: 2.8491299152374268
tf.Tensor(-10670.781336852466, shape=(), dtype=float64)
nll_grad  cost time: 2.7346835136413574
tf.Tensor(-10670.92316361612, shape=(), dtype=float64)
nll_grad  cost time: 2.8562889099121094
tf.Tensor(-10671.008801678698, shape=(), dtype=float64)
nll_grad  cost time: 2.638585329055786
tf.Tensor(-10671.111364717908, shape=(), dtype=float64)
nll_grad  cost time: 2.7925469875335693
tf.Tensor(-10671.23837710281, shape=(), dtype=float64)
nll_grad  cost time: 2.810770273208618
tf.Tensor(-10671.352049744979, shape=(), dtype=float64)
nll_grad  cost time: 2.682199478149414
tf.Tensor(-10671.500701238074, shape=(), dtype=float64)
nll_grad  cost time: 2.9004580974578857
tf.Tensor(-10671.593536007844, shape=(), dtype=float64)
nll_grad  cost time: 2.9289255142211914
tf.Tensor(-10671.706090159794, shape=(), dtype=float64)
nll_grad  cost time: 2.76422119140625
tf.Tensor(-10671.789916013302, shape=(), dtype=float64)
nll_grad  cost time: 2.6851840019226074
tf.Tensor(-10671.899737882406, shape=(), dtype=float64)
nll_grad  cost time: 2.8672919273376465
tf.Tensor(-10672.008660321233, shape=(), dtype=float64)
nll_grad  cost time: 2.8918702602386475
tf.Tensor(-10672.095634729056, shape=(), dtype=float64)
nll_grad  cost time: 2.846942186355591
tf.Tensor(-10672.187899310527, shape=(), dtype=float64)
nll_grad  cost time: 2.8307559490203857
tf.Tensor(-10672.278524543668, shape=(), dtype=float64)
nll_grad  cost time: 2.864482879638672
tf.Tensor(-10672.368250384287, shape=(), dtype=float64)
nll_grad  cost time: 2.7693567276000977
tf.Tensor(-10672.46414977168, shape=(), dtype=float64)
nll_grad  cost time: 2.9048349857330322
tf.Tensor(-10672.565116573467, shape=(), dtype=float64)
nll_grad  cost time: 2.979365825653076
tf.Tensor(-10672.656634714258, shape=(), dtype=float64)
nll_grad  cost time: 2.8223354816436768
tf.Tensor(-10672.75336155299, shape=(), dtype=float64)
nll_grad  cost time: 2.821586847305298
tf.Tensor(-10672.830724615786, shape=(), dtype=float64)
nll_grad  cost time: 2.9875545501708984
tf.Tensor(-10672.926211449092, shape=(), dtype=float64)
nll_grad  cost time: 2.790971517562866
tf.Tensor(-10673.028652721805, shape=(), dtype=float64)
nll_grad  cost time: 2.8362810611724854
tf.Tensor(-10673.149005355168, shape=(), dtype=float64)
nll_grad  cost time: 2.7872745990753174
tf.Tensor(-10673.311412012597, shape=(), dtype=float64)
nll_grad  cost time: 2.886465072631836
tf.Tensor(-10673.463624209013, shape=(), dtype=float64)
nll_grad  cost time: 2.8078067302703857
tf.Tensor(-10673.622942154296, shape=(), dtype=float64)
nll_grad  cost time: 2.665637731552124
tf.Tensor(-10673.78180366195, shape=(), dtype=float64)
nll_grad  cost time: 2.8498003482818604
tf.Tensor(-10674.022928163373, shape=(), dtype=float64)
nll_grad  cost time: 2.9604387283325195
tf.Tensor(-10674.301700677861, shape=(), dtype=float64)
nll_grad  cost time: 2.787605047225952
nll_grad  cost time: 2.9286794662475586
tf.Tensor(-10674.448199754981, shape=(), dtype=float64)
nll_grad  cost time: 2.87833833694458
tf.Tensor(-10674.643825448366, shape=(), dtype=float64)
nll_grad  cost time: 2.845716953277588
tf.Tensor(-10674.941753962798, shape=(), dtype=float64)
nll_grad  cost time: 3.005695104598999
tf.Tensor(-10675.38336664579, shape=(), dtype=float64)
nll_grad  cost time: 2.8814992904663086
tf.Tensor(-10675.793938527237, shape=(), dtype=float64)
nll_grad  cost time: 2.8204095363616943
nll_grad  cost time: 2.9023611545562744
tf.Tensor(-10676.026405962799, shape=(), dtype=float64)
nll_grad  cost time: 2.825777530670166
tf.Tensor(-10676.11646977716, shape=(), dtype=float64)
nll_grad  cost time: 2.7987608909606934
tf.Tensor(-10676.277031557835, shape=(), dtype=float64)
nll_grad  cost time: 2.6937525272369385
tf.Tensor(-10676.550306753328, shape=(), dtype=float64)
nll_grad  cost time: 2.794849157333374
tf.Tensor(-10676.918653183457, shape=(), dtype=float64)
nll_grad  cost time: 2.8507981300354004
tf.Tensor(-10677.194739158866, shape=(), dtype=float64)
nll_grad  cost time: 2.7885165214538574
tf.Tensor(-10677.37983192024, shape=(), dtype=float64)
nll_grad  cost time: 2.7729175090789795
tf.Tensor(-10677.619689139541, shape=(), dtype=float64)
nll_grad  cost time: 2.6447536945343018
tf.Tensor(-10677.852726825906, shape=(), dtype=float64)
nll_grad  cost time: 2.677635431289673
tf.Tensor(-10678.080242659125, shape=(), dtype=float64)
nll_grad  cost time: 2.800429105758667
tf.Tensor(-10678.286874976642, shape=(), dtype=float64)
nll_grad  cost time: 2.6630923748016357
tf.Tensor(-10678.482975080486, shape=(), dtype=float64)
nll_grad  cost time: 2.6516737937927246
tf.Tensor(-10678.63914800594, shape=(), dtype=float64)
nll_grad  cost time: 2.86441969871521
tf.Tensor(-10678.805687240729, shape=(), dtype=float64)
nll_grad  cost time: 2.675217628479004
tf.Tensor(-10679.000147747498, shape=(), dtype=float64)
nll_grad  cost time: 2.738659620285034
tf.Tensor(-10679.168189526401, shape=(), dtype=float64)
nll_grad  cost time: 2.7474184036254883
tf.Tensor(-10679.344297002546, shape=(), dtype=float64)
nll_grad  cost time: 2.800168514251709
tf.Tensor(-10679.561063726895, shape=(), dtype=float64)
nll_grad  cost time: 2.716937303543091
tf.Tensor(-10679.830398983016, shape=(), dtype=float64)
nll_grad  cost time: 2.6360251903533936
tf.Tensor(-10680.081753491177, shape=(), dtype=float64)
nll_grad  cost time: 3.0773167610168457
tf.Tensor(-10680.227272420314, shape=(), dtype=float64)
nll_grad  cost time: 2.8918590545654297
tf.Tensor(-10680.398859844037, shape=(), dtype=float64)
nll_grad  cost time: 2.850658416748047
tf.Tensor(-10680.57457531846, shape=(), dtype=float64)
nll_grad  cost time: 2.7548110485076904
tf.Tensor(-10680.665466136998, shape=(), dtype=float64)
nll_grad  cost time: 2.851738452911377
tf.Tensor(-10680.802399767974, shape=(), dtype=float64)
nll_grad  cost time: 2.8672285079956055
tf.Tensor(-10680.95613074251, shape=(), dtype=float64)
nll_grad  cost time: 2.7330849170684814
tf.Tensor(-10681.08355741738, shape=(), dtype=float64)
nll_grad  cost time: 2.8897650241851807
tf.Tensor(-10681.229049159054, shape=(), dtype=float64)
nll_grad  cost time: 2.7162156105041504
tf.Tensor(-10681.380136836466, shape=(), dtype=float64)
nll_grad  cost time: 2.705817461013794
tf.Tensor(-10681.423001715812, shape=(), dtype=float64)
nll_grad  cost time: 2.6174700260162354
tf.Tensor(-10681.494390929889, shape=(), dtype=float64)
nll_grad  cost time: 2.7014968395233154
tf.Tensor(-10681.59471537351, shape=(), dtype=float64)
nll_grad  cost time: 2.773838758468628
tf.Tensor(-10681.679817968194, shape=(), dtype=float64)
nll_grad  cost time: 2.6319355964660645
tf.Tensor(-10681.779244388803, shape=(), dtype=float64)
nll_grad  cost time: 2.8265857696533203
tf.Tensor(-10681.921378218554, shape=(), dtype=float64)
nll_grad  cost time: 2.837939739227295
tf.Tensor(-10682.10678857358, shape=(), dtype=float64)
nll_grad  cost time: 2.6768195629119873
tf.Tensor(-10682.206439046106, shape=(), dtype=float64)
nll_grad  cost time: 2.6871371269226074
tf.Tensor(-10682.343556604352, shape=(), dtype=float64)
nll_grad  cost time: 2.7589378356933594
tf.Tensor(-10682.493646642852, shape=(), dtype=float64)
nll_grad  cost time: 2.680666923522949
tf.Tensor(-10682.648385358538, shape=(), dtype=float64)
nll_grad  cost time: 2.625108480453491
tf.Tensor(-10682.858951042388, shape=(), dtype=float64)
nll_grad  cost time: 2.700286626815796
tf.Tensor(-10683.074807850564, shape=(), dtype=float64)
nll_grad  cost time: 2.8798303604125977
tf.Tensor(-10683.222021573296, shape=(), dtype=float64)
nll_grad  cost time: 2.7684543132781982
tf.Tensor(-10683.414115643154, shape=(), dtype=float64)
nll_grad  cost time: 2.839620351791382
tf.Tensor(-10683.654748293011, shape=(), dtype=float64)
nll_grad  cost time: 2.846163034439087
tf.Tensor(-10683.870829090814, shape=(), dtype=float64)
nll_grad  cost time: 2.733048439025879
tf.Tensor(-10684.044862408977, shape=(), dtype=float64)
nll_grad  cost time: 2.915570020675659
tf.Tensor(-10684.22664025351, shape=(), dtype=float64)
nll_grad  cost time: 2.672943353652954
tf.Tensor(-10684.401903747414, shape=(), dtype=float64)
nll_grad  cost time: 2.9044127464294434
tf.Tensor(-10684.58161077034, shape=(), dtype=float64)
nll_grad  cost time: 2.681382894515991
tf.Tensor(-10684.83435920054, shape=(), dtype=float64)
nll_grad  cost time: 2.8165268898010254
tf.Tensor(-10685.151264187074, shape=(), dtype=float64)
nll_grad  cost time: 2.858166456222534
tf.Tensor(-10685.379358989772, shape=(), dtype=float64)
nll_grad  cost time: 2.872317314147949
tf.Tensor(-10685.643742932773, shape=(), dtype=float64)
nll_grad  cost time: 2.781764268875122
tf.Tensor(-10685.741885927358, shape=(), dtype=float64)
nll_grad  cost time: 2.658573627471924
tf.Tensor(-10685.908647694267, shape=(), dtype=float64)
nll_grad  cost time: 2.9735875129699707
tf.Tensor(-10686.142651717222, shape=(), dtype=float64)
nll_grad  cost time: 2.7710814476013184
tf.Tensor(-10686.283394602688, shape=(), dtype=float64)
nll_grad  cost time: 2.766921281814575
tf.Tensor(-10686.420248003118, shape=(), dtype=float64)
nll_grad  cost time: 2.6945090293884277
tf.Tensor(-10686.51756691892, shape=(), dtype=float64)
nll_grad  cost time: 2.8798763751983643
tf.Tensor(-10686.652097722923, shape=(), dtype=float64)
nll_grad  cost time: 2.837796926498413
tf.Tensor(-10686.824979662832, shape=(), dtype=float64)
nll_grad  cost time: 2.724996328353882
tf.Tensor(-10686.996404810996, shape=(), dtype=float64)
nll_grad  cost time: 2.819956064224243
tf.Tensor(-10687.225629026276, shape=(), dtype=float64)
nll_grad  cost time: 2.828188896179199
tf.Tensor(-10687.483930267195, shape=(), dtype=float64)
nll_grad  cost time: 2.7029337882995605
tf.Tensor(-10687.549010585099, shape=(), dtype=float64)
nll_grad  cost time: 2.6893563270568848
tf.Tensor(-10687.664228589294, shape=(), dtype=float64)
nll_grad  cost time: 2.734726667404175
tf.Tensor(-10687.84477192148, shape=(), dtype=float64)
nll_grad  cost time: 2.757154941558838
tf.Tensor(-10687.963266350722, shape=(), dtype=float64)
nll_grad  cost time: 2.602792978286743
tf.Tensor(-10688.092964907779, shape=(), dtype=float64)
nll_grad  cost time: 2.9370803833007812
tf.Tensor(-10688.215515388609, shape=(), dtype=float64)
nll_grad  cost time: 2.7891523838043213
tf.Tensor(-10688.384760028739, shape=(), dtype=float64)
nll_grad  cost time: 2.9038543701171875
tf.Tensor(-10688.622731457372, shape=(), dtype=float64)
nll_grad  cost time: 2.6911513805389404
tf.Tensor(-10688.73135207965, shape=(), dtype=float64)
nll_grad  cost time: 2.861941337585449
tf.Tensor(-10688.876637673562, shape=(), dtype=float64)
nll_grad  cost time: 2.8272557258605957
tf.Tensor(-10689.015091901327, shape=(), dtype=float64)
nll_grad  cost time: 2.8592801094055176
tf.Tensor(-10689.207292821273, shape=(), dtype=float64)
nll_grad  cost time: 2.9361045360565186
tf.Tensor(-10689.460503628929, shape=(), dtype=float64)
nll_grad  cost time: 2.8436951637268066
tf.Tensor(-10689.72469209206, shape=(), dtype=float64)
nll_grad  cost time: 2.727593183517456
tf.Tensor(-10689.947522151697, shape=(), dtype=float64)
nll_grad  cost time: 2.809508800506592
tf.Tensor(-10690.255410881204, shape=(), dtype=float64)
nll_grad  cost time: 3.005580186843872
tf.Tensor(-10690.5776758621, shape=(), dtype=float64)
nll_grad  cost time: 3.0525949001312256
tf.Tensor(-10690.824931597566, shape=(), dtype=float64)
nll_grad  cost time: 2.8169233798980713
tf.Tensor(-10691.152001544742, shape=(), dtype=float64)
nll_grad  cost time: 2.7988154888153076
tf.Tensor(-10691.467668003159, shape=(), dtype=float64)
nll_grad  cost time: 2.713352680206299
tf.Tensor(-10691.749311717267, shape=(), dtype=float64)
nll_grad  cost time: 2.705721139907837
tf.Tensor(-10692.013891083861, shape=(), dtype=float64)
nll_grad  cost time: 2.870112180709839
tf.Tensor(-10692.331275635457, shape=(), dtype=float64)
nll_grad  cost time: 2.8396236896514893
tf.Tensor(-10692.6677692693, shape=(), dtype=float64)
nll_grad  cost time: 2.876206874847412
tf.Tensor(-10693.026161125614, shape=(), dtype=float64)
nll_grad  cost time: 2.8262319564819336
tf.Tensor(-10693.28730747619, shape=(), dtype=float64)
nll_grad  cost time: 2.866281747817993
tf.Tensor(-10693.526165639316, shape=(), dtype=float64)
nll_grad  cost time: 2.84751033782959
tf.Tensor(-10693.668803155146, shape=(), dtype=float64)
nll_grad  cost time: 2.802799701690674
tf.Tensor(-10693.893883070114, shape=(), dtype=float64)
nll_grad  cost time: 2.7014925479888916
tf.Tensor(-10694.229987197985, shape=(), dtype=float64)
nll_grad  cost time: 2.917308807373047
tf.Tensor(-10694.562920986607, shape=(), dtype=float64)
nll_grad  cost time: 2.8028621673583984
tf.Tensor(-10694.971992795825, shape=(), dtype=float64)
nll_grad  cost time: 2.885124921798706
tf.Tensor(-10695.393363569114, shape=(), dtype=float64)
nll_grad  cost time: 2.8386478424072266
tf.Tensor(-10695.760173415756, shape=(), dtype=float64)
nll_grad  cost time: 3.0447168350219727
tf.Tensor(-10695.930822072287, shape=(), dtype=float64)
nll_grad  cost time: 2.744797468185425
tf.Tensor(-10696.19436076383, shape=(), dtype=float64)
nll_grad  cost time: 2.6603457927703857
tf.Tensor(-10696.523980138918, shape=(), dtype=float64)
nll_grad  cost time: 2.930485963821411
tf.Tensor(-10696.848825341916, shape=(), dtype=float64)
nll_grad  cost time: 2.910167694091797
tf.Tensor(-10697.131948282116, shape=(), dtype=float64)
nll_grad  cost time: 2.753370523452759
tf.Tensor(-10697.440915731333, shape=(), dtype=float64)
nll_grad  cost time: 2.8926939964294434
tf.Tensor(-10697.567802454136, shape=(), dtype=float64)
nll_grad  cost time: 2.8919906616210938
tf.Tensor(-10697.75484959611, shape=(), dtype=float64)
nll_grad  cost time: 2.6715214252471924
tf.Tensor(-10698.010444592397, shape=(), dtype=float64)
nll_grad  cost time: 2.6354751586914062
tf.Tensor(-10698.314809644846, shape=(), dtype=float64)
nll_grad  cost time: 2.8275399208068848
tf.Tensor(-10698.604004216366, shape=(), dtype=float64)
nll_grad  cost time: 2.9145634174346924
tf.Tensor(-10698.790821924205, shape=(), dtype=float64)
nll_grad  cost time: 2.8035926818847656
tf.Tensor(-10699.04196405785, shape=(), dtype=float64)
nll_grad  cost time: 2.8222548961639404
tf.Tensor(-10699.289536466096, shape=(), dtype=float64)
nll_grad  cost time: 2.9137816429138184
tf.Tensor(-10699.52782674708, shape=(), dtype=float64)
nll_grad  cost time: 2.7437057495117188
tf.Tensor(-10699.812735202775, shape=(), dtype=float64)
nll_grad  cost time: 2.670078992843628
tf.Tensor(-10699.928734092064, shape=(), dtype=float64)
nll_grad  cost time: 2.774547815322876
tf.Tensor(-10700.102193419569, shape=(), dtype=float64)
nll_grad  cost time: 2.772948980331421
tf.Tensor(-10700.259460422827, shape=(), dtype=float64)
nll_grad  cost time: 2.6780169010162354
tf.Tensor(-10700.382925715649, shape=(), dtype=float64)
nll_grad  cost time: 2.761366844177246
tf.Tensor(-10700.503532696057, shape=(), dtype=float64)
nll_grad  cost time: 2.9242746829986572
tf.Tensor(-10700.67959437265, shape=(), dtype=float64)
nll_grad  cost time: 2.806405544281006
tf.Tensor(-10700.763520945213, shape=(), dtype=float64)
nll_grad  cost time: 2.802884578704834
tf.Tensor(-10700.834757594479, shape=(), dtype=float64)
nll_grad  cost time: 2.9689443111419678
tf.Tensor(-10700.911048979076, shape=(), dtype=float64)
nll_grad  cost time: 2.7453489303588867
tf.Tensor(-10701.020604963729, shape=(), dtype=float64)
nll_grad  cost time: 2.8302016258239746
tf.Tensor(-10701.142335179185, shape=(), dtype=float64)
nll_grad  cost time: 2.83658766746521
tf.Tensor(-10701.247265456615, shape=(), dtype=float64)
nll_grad  cost time: 2.8175172805786133
tf.Tensor(-10701.341706492818, shape=(), dtype=float64)
nll_grad  cost time: 2.933396100997925
tf.Tensor(-10701.424682575725, shape=(), dtype=float64)
nll_grad  cost time: 2.9666662216186523
tf.Tensor(-10701.483018174271, shape=(), dtype=float64)
nll_grad  cost time: 2.922658681869507
tf.Tensor(-10701.545761213685, shape=(), dtype=float64)
nll_grad  cost time: 2.947042226791382
tf.Tensor(-10701.602085923158, shape=(), dtype=float64)
nll_grad  cost time: 2.897843360900879
tf.Tensor(-10701.641974500471, shape=(), dtype=float64)
nll_grad  cost time: 2.840787887573242
tf.Tensor(-10701.68314223295, shape=(), dtype=float64)
nll_grad  cost time: 2.841254949569702
tf.Tensor(-10701.727040697746, shape=(), dtype=float64)
nll_grad  cost time: 3.2074084281921387
tf.Tensor(-10701.755741022913, shape=(), dtype=float64)
nll_grad  cost time: 2.765009641647339
tf.Tensor(-10701.792907233286, shape=(), dtype=float64)
nll_grad  cost time: 2.8490045070648193
tf.Tensor(-10701.843323163892, shape=(), dtype=float64)
nll_grad  cost time: 2.7198410034179688
tf.Tensor(-10701.885917968108, shape=(), dtype=float64)
nll_grad  cost time: 2.7641541957855225
tf.Tensor(-10701.906762964838, shape=(), dtype=float64)
nll_grad  cost time: 2.923813581466675
tf.Tensor(-10701.92766987744, shape=(), dtype=float64)
nll_grad  cost time: 2.948068618774414
tf.Tensor(-10701.948062434698, shape=(), dtype=float64)
nll_grad  cost time: 2.9798548221588135
tf.Tensor(-10701.966169167601, shape=(), dtype=float64)
nll_grad  cost time: 2.9060590267181396
tf.Tensor(-10701.98678175227, shape=(), dtype=float64)
nll_grad  cost time: 2.9776012897491455
tf.Tensor(-10702.013734242628, shape=(), dtype=float64)
nll_grad  cost time: 2.8296804428100586
tf.Tensor(-10702.033540627888, shape=(), dtype=float64)
nll_grad  cost time: 2.8300094604492188
tf.Tensor(-10702.049710941594, shape=(), dtype=float64)
nll_grad  cost time: 2.8754074573516846
tf.Tensor(-10702.06810374891, shape=(), dtype=float64)
nll_grad  cost time: 2.860585927963257
tf.Tensor(-10702.08553592807, shape=(), dtype=float64)
nll_grad  cost time: 2.8708605766296387
tf.Tensor(-10702.104749997494, shape=(), dtype=float64)
nll_grad  cost time: 2.868462324142456
tf.Tensor(-10702.125974386152, shape=(), dtype=float64)
nll_grad  cost time: 2.8385138511657715
tf.Tensor(-10702.153997375834, shape=(), dtype=float64)
nll_grad  cost time: 2.8267102241516113
tf.Tensor(-10702.185008600094, shape=(), dtype=float64)
nll_grad  cost time: 2.8217508792877197
tf.Tensor(-10702.219533346457, shape=(), dtype=float64)
nll_grad  cost time: 3.1721737384796143
tf.Tensor(-10702.257979722246, shape=(), dtype=float64)
nll_grad  cost time: 3.0925228595733643
tf.Tensor(-10702.286871544442, shape=(), dtype=float64)
nll_grad  cost time: 2.9048681259155273
tf.Tensor(-10702.304396433878, shape=(), dtype=float64)
nll_grad  cost time: 2.9530696868896484
tf.Tensor(-10702.322026720154, shape=(), dtype=float64)
nll_grad  cost time: 3.0057241916656494
tf.Tensor(-10702.34137891496, shape=(), dtype=float64)
nll_grad  cost time: 2.991253137588501
tf.Tensor(-10702.362762575454, shape=(), dtype=float64)
nll_grad  cost time: 2.8258156776428223
tf.Tensor(-10702.396262649992, shape=(), dtype=float64)
nll_grad  cost time: 3.0137786865234375
tf.Tensor(-10702.441765950613, shape=(), dtype=float64)
nll_grad  cost time: 2.840707778930664
tf.Tensor(-10702.477792559232, shape=(), dtype=float64)
nll_grad  cost time: 2.8189306259155273
tf.Tensor(-10702.50703511012, shape=(), dtype=float64)
nll_grad  cost time: 2.9255435466766357
tf.Tensor(-10702.53107987323, shape=(), dtype=float64)
nll_grad  cost time: 2.864633798599243
tf.Tensor(-10702.55684484809, shape=(), dtype=float64)
nll_grad  cost time: 2.783616542816162
tf.Tensor(-10702.583523087675, shape=(), dtype=float64)
nll_grad  cost time: 2.757629871368408
tf.Tensor(-10702.61412723575, shape=(), dtype=float64)
nll_grad  cost time: 2.8645899295806885
tf.Tensor(-10702.63744652044, shape=(), dtype=float64)
nll_grad  cost time: 2.8778183460235596
tf.Tensor(-10702.664504053057, shape=(), dtype=float64)
nll_grad  cost time: 2.7790229320526123
tf.Tensor(-10702.692451550674, shape=(), dtype=float64)
nll_grad  cost time: 2.7005419731140137
tf.Tensor(-10702.723892506183, shape=(), dtype=float64)
nll_grad  cost time: 2.9570000171661377
tf.Tensor(-10702.755445862995, shape=(), dtype=float64)
nll_grad  cost time: 2.831223487854004
tf.Tensor(-10702.783333554267, shape=(), dtype=float64)
nll_grad  cost time: 2.8014204502105713
tf.Tensor(-10702.804010748398, shape=(), dtype=float64)
nll_grad  cost time: 2.8883731365203857
tf.Tensor(-10702.824142456186, shape=(), dtype=float64)
nll_grad  cost time: 2.8147776126861572
tf.Tensor(-10702.840213234002, shape=(), dtype=float64)
nll_grad  cost time: 2.848871946334839
tf.Tensor(-10702.859436285918, shape=(), dtype=float64)
nll_grad  cost time: 2.6731760501861572
tf.Tensor(-10702.878070549825, shape=(), dtype=float64)
nll_grad  cost time: 2.8766722679138184
tf.Tensor(-10702.901400070405, shape=(), dtype=float64)
nll_grad  cost time: 3.0151350498199463
tf.Tensor(-10702.919570293843, shape=(), dtype=float64)
nll_grad  cost time: 2.9667727947235107
tf.Tensor(-10702.941573186921, shape=(), dtype=float64)
nll_grad  cost time: 3.0637831687927246
tf.Tensor(-10702.964743331104, shape=(), dtype=float64)
nll_grad  cost time: 2.6620373725891113
tf.Tensor(-10702.985286960422, shape=(), dtype=float64)
nll_grad  cost time: 2.950026750564575
tf.Tensor(-10703.004688542589, shape=(), dtype=float64)
nll_grad  cost time: 2.7748165130615234
tf.Tensor(-10703.019030120724, shape=(), dtype=float64)
nll_grad  cost time: 2.9938814640045166
tf.Tensor(-10703.029139335446, shape=(), dtype=float64)
nll_grad  cost time: 2.85868763923645
tf.Tensor(-10703.039802782469, shape=(), dtype=float64)
nll_grad  cost time: 2.837022542953491
tf.Tensor(-10703.053629381342, shape=(), dtype=float64)
nll_grad  cost time: 2.7990148067474365
tf.Tensor(-10703.070870304631, shape=(), dtype=float64)
nll_grad  cost time: 2.825509548187256
tf.Tensor(-10703.086965166478, shape=(), dtype=float64)
nll_grad  cost time: 2.840958833694458
tf.Tensor(-10703.100882656303, shape=(), dtype=float64)
nll_grad  cost time: 2.7918782234191895
tf.Tensor(-10703.114014284365, shape=(), dtype=float64)
nll_grad  cost time: 2.7101755142211914
tf.Tensor(-10703.128530670692, shape=(), dtype=float64)
nll_grad  cost time: 2.7596445083618164
tf.Tensor(-10703.142593195376, shape=(), dtype=float64)
nll_grad  cost time: 2.7796406745910645
tf.Tensor(-10703.161519296264, shape=(), dtype=float64)
nll_grad  cost time: 3.0281286239624023
tf.Tensor(-10703.18266569856, shape=(), dtype=float64)
nll_grad  cost time: 2.715465784072876
tf.Tensor(-10703.203621300025, shape=(), dtype=float64)
nll_grad  cost time: 2.715578317642212
tf.Tensor(-10703.223092170276, shape=(), dtype=float64)
nll_grad  cost time: 2.7343974113464355
tf.Tensor(-10703.241534206087, shape=(), dtype=float64)
nll_grad  cost time: 2.7978341579437256
tf.Tensor(-10703.26153636084, shape=(), dtype=float64)
nll_grad  cost time: 2.662482976913452
tf.Tensor(-10703.280296853489, shape=(), dtype=float64)
nll_grad  cost time: 2.7455880641937256
tf.Tensor(-10703.304867142511, shape=(), dtype=float64)
nll_grad  cost time: 3.046811580657959
tf.Tensor(-10703.32800182681, shape=(), dtype=float64)
nll_grad  cost time: 2.8643381595611572
tf.Tensor(-10703.349960867332, shape=(), dtype=float64)
nll_grad  cost time: 2.8041868209838867
tf.Tensor(-10703.370492491467, shape=(), dtype=float64)
nll_grad  cost time: 2.675157070159912
tf.Tensor(-10703.38669533205, shape=(), dtype=float64)
nll_grad  cost time: 2.9242796897888184
tf.Tensor(-10703.39842559263, shape=(), dtype=float64)
nll_grad  cost time: 2.7452619075775146
tf.Tensor(-10703.40575699232, shape=(), dtype=float64)
nll_grad  cost time: 2.8293404579162598
tf.Tensor(-10703.4142410164, shape=(), dtype=float64)
nll_grad  cost time: 2.912355422973633
tf.Tensor(-10703.422993064049, shape=(), dtype=float64)
nll_grad  cost time: 2.8392436504364014
tf.Tensor(-10703.43450634424, shape=(), dtype=float64)
nll_grad  cost time: 2.8042609691619873
tf.Tensor(-10703.443587118858, shape=(), dtype=float64)
nll_grad  cost time: 2.855780601501465
tf.Tensor(-10703.454151117832, shape=(), dtype=float64)
nll_grad  cost time: 2.832744836807251
tf.Tensor(-10703.46342623702, shape=(), dtype=float64)
nll_grad  cost time: 2.8679161071777344
tf.Tensor(-10703.471148250657, shape=(), dtype=float64)
nll_grad  cost time: 2.768983840942383
tf.Tensor(-10703.477936350146, shape=(), dtype=float64)
nll_grad  cost time: 2.904170036315918
tf.Tensor(-10703.484635271961, shape=(), dtype=float64)
nll_grad  cost time: 2.816267251968384
tf.Tensor(-10703.491891805106, shape=(), dtype=float64)
nll_grad  cost time: 2.8557095527648926
tf.Tensor(-10703.500331283438, shape=(), dtype=float64)
nll_grad  cost time: 2.817194938659668
tf.Tensor(-10703.509895004085, shape=(), dtype=float64)
nll_grad  cost time: 2.7998077869415283
tf.Tensor(-10703.519489870565, shape=(), dtype=float64)
nll_grad  cost time: 2.7762396335601807
tf.Tensor(-10703.528551455875, shape=(), dtype=float64)
nll_grad  cost time: 2.8222367763519287
tf.Tensor(-10703.537106783726, shape=(), dtype=float64)
nll_grad  cost time: 2.730501413345337
tf.Tensor(-10703.546492018966, shape=(), dtype=float64)
nll_grad  cost time: 2.971332311630249
tf.Tensor(-10703.555955720229, shape=(), dtype=float64)
nll_grad  cost time: 2.820067882537842
tf.Tensor(-10703.567340351776, shape=(), dtype=float64)
nll_grad  cost time: 2.821284294128418
tf.Tensor(-10703.58010602934, shape=(), dtype=float64)
nll_grad  cost time: 2.977039098739624
tf.Tensor(-10703.593729462016, shape=(), dtype=float64)
nll_grad  cost time: 2.9117050170898438
tf.Tensor(-10703.609275081148, shape=(), dtype=float64)
nll_grad  cost time: 2.7428677082061768
tf.Tensor(-10703.628674809232, shape=(), dtype=float64)
nll_grad  cost time: 2.8255887031555176
tf.Tensor(-10703.655222478686, shape=(), dtype=float64)
nll_grad  cost time: 2.757657289505005
tf.Tensor(-10703.681479529645, shape=(), dtype=float64)
nll_grad  cost time: 2.832364320755005
tf.Tensor(-10703.712418075675, shape=(), dtype=float64)
nll_grad  cost time: 2.775968551635742
tf.Tensor(-10703.745011764715, shape=(), dtype=float64)
nll_grad  cost time: 2.997753381729126
tf.Tensor(-10703.77317627349, shape=(), dtype=float64)
nll_grad  cost time: 2.8414628505706787
tf.Tensor(-10703.79421045651, shape=(), dtype=float64)
nll_grad  cost time: 2.8363282680511475
tf.Tensor(-10703.80746270512, shape=(), dtype=float64)
nll_grad  cost time: 2.9222590923309326
tf.Tensor(-10703.825353559077, shape=(), dtype=float64)
nll_grad  cost time: 2.9756197929382324
tf.Tensor(-10703.85177404255, shape=(), dtype=float64)
nll_grad  cost time: 2.9171528816223145
tf.Tensor(-10703.889218189965, shape=(), dtype=float64)
nll_grad  cost time: 2.9019293785095215
tf.Tensor(-10703.922650845185, shape=(), dtype=float64)
nll_grad  cost time: 2.793821334838867
tf.Tensor(-10703.950785430095, shape=(), dtype=float64)
nll_grad  cost time: 2.8098859786987305
tf.Tensor(-10703.978058087854, shape=(), dtype=float64)
nll_grad  cost time: 2.746142864227295
tf.Tensor(-10704.007029403154, shape=(), dtype=float64)
nll_grad  cost time: 2.982595920562744
tf.Tensor(-10704.039120140149, shape=(), dtype=float64)
nll_grad  cost time: 2.9581053256988525
tf.Tensor(-10704.085202229046, shape=(), dtype=float64)
nll_grad  cost time: 2.7869017124176025
tf.Tensor(-10704.118942752968, shape=(), dtype=float64)
nll_grad  cost time: 2.6652088165283203
nll_grad  cost time: 2.699760675430298
tf.Tensor(-10704.134836783036, shape=(), dtype=float64)
nll_grad  cost time: 2.9921696186065674
tf.Tensor(-10704.150840581038, shape=(), dtype=float64)
nll_grad  cost time: 2.741140604019165
tf.Tensor(-10704.172135633187, shape=(), dtype=float64)
nll_grad  cost time: 2.7891831398010254
tf.Tensor(-10704.188425905551, shape=(), dtype=float64)
nll_grad  cost time: 2.7634329795837402
tf.Tensor(-10704.206328412707, shape=(), dtype=float64)
nll_grad  cost time: 2.647174596786499
tf.Tensor(-10704.228602440076, shape=(), dtype=float64)
nll_grad  cost time: 2.740797758102417
tf.Tensor(-10704.259243690452, shape=(), dtype=float64)
nll_grad  cost time: 2.7794127464294434
tf.Tensor(-10704.28976592979, shape=(), dtype=float64)
nll_grad  cost time: 2.783596992492676
tf.Tensor(-10704.318945187606, shape=(), dtype=float64)
nll_grad  cost time: 2.7662479877471924
tf.Tensor(-10704.339600815569, shape=(), dtype=float64)
nll_grad  cost time: 2.774538278579712
tf.Tensor(-10704.364031219418, shape=(), dtype=float64)
nll_grad  cost time: 3.0209975242614746
tf.Tensor(-10704.382566742976, shape=(), dtype=float64)
nll_grad  cost time: 2.8596458435058594
tf.Tensor(-10704.40503527562, shape=(), dtype=float64)
nll_grad  cost time: 2.7225818634033203
tf.Tensor(-10704.428060682158, shape=(), dtype=float64)
nll_grad  cost time: 2.781341552734375
tf.Tensor(-10704.456864769942, shape=(), dtype=float64)
nll_grad  cost time: 2.9324960708618164
tf.Tensor(-10704.494327245935, shape=(), dtype=float64)
nll_grad  cost time: 2.6914846897125244
tf.Tensor(-10704.522547724915, shape=(), dtype=float64)
nll_grad  cost time: 2.674105644226074
tf.Tensor(-10704.553563784606, shape=(), dtype=float64)
nll_grad  cost time: 2.7995574474334717
tf.Tensor(-10704.584580023966, shape=(), dtype=float64)
nll_grad  cost time: 2.668079376220703
tf.Tensor(-10704.60797069553, shape=(), dtype=float64)
nll_grad  cost time: 2.740206718444824
tf.Tensor(-10704.635739471963, shape=(), dtype=float64)
nll_grad  cost time: 2.7948148250579834
tf.Tensor(-10704.676290396319, shape=(), dtype=float64)
nll_grad  cost time: 2.791210889816284
tf.Tensor(-10704.71818638235, shape=(), dtype=float64)
nll_grad  cost time: 2.827954053878784
tf.Tensor(-10704.74798483378, shape=(), dtype=float64)
nll_grad  cost time: 2.88576078414917
tf.Tensor(-10704.777108381708, shape=(), dtype=float64)
nll_grad  cost time: 2.745412826538086
tf.Tensor(-10704.80617571812, shape=(), dtype=float64)
nll_grad  cost time: 2.758742332458496
tf.Tensor(-10704.838237229693, shape=(), dtype=float64)
nll_grad  cost time: 2.725609302520752
tf.Tensor(-10704.866503335512, shape=(), dtype=float64)
nll_grad  cost time: 2.59073805809021
tf.Tensor(-10704.895579152431, shape=(), dtype=float64)
nll_grad  cost time: 2.6580049991607666
tf.Tensor(-10704.917650628926, shape=(), dtype=float64)
nll_grad  cost time: 2.8429811000823975
tf.Tensor(-10704.939590254633, shape=(), dtype=float64)
nll_grad  cost time: 2.9399306774139404
tf.Tensor(-10704.955573843417, shape=(), dtype=float64)
nll_grad  cost time: 3.0879361629486084
tf.Tensor(-10704.97731251812, shape=(), dtype=float64)
nll_grad  cost time: 2.8413569927215576
tf.Tensor(-10704.998972455978, shape=(), dtype=float64)
nll_grad  cost time: 2.7881274223327637
tf.Tensor(-10705.024600341889, shape=(), dtype=float64)
nll_grad  cost time: 2.6369564533233643
tf.Tensor(-10705.051094020379, shape=(), dtype=float64)
nll_grad  cost time: 2.7753713130950928
tf.Tensor(-10705.066749330308, shape=(), dtype=float64)
nll_grad  cost time: 2.8242690563201904
tf.Tensor(-10705.079674070823, shape=(), dtype=float64)
nll_grad  cost time: 2.9570882320404053
tf.Tensor(-10705.094730194922, shape=(), dtype=float64)
nll_grad  cost time: 2.982985258102417
tf.Tensor(-10705.116447102067, shape=(), dtype=float64)
nll_grad  cost time: 2.8350932598114014
tf.Tensor(-10705.139228480837, shape=(), dtype=float64)
nll_grad  cost time: 2.7824835777282715
tf.Tensor(-10705.156932118303, shape=(), dtype=float64)
nll_grad  cost time: 2.936004877090454
tf.Tensor(-10705.174710731098, shape=(), dtype=float64)
nll_grad  cost time: 3.0116021633148193
tf.Tensor(-10705.191068548593, shape=(), dtype=float64)
nll_grad  cost time: 2.8992083072662354
tf.Tensor(-10705.204510789652, shape=(), dtype=float64)
nll_grad  cost time: 2.86236834526062
tf.Tensor(-10705.222635261995, shape=(), dtype=float64)
nll_grad  cost time: 2.8005871772766113
tf.Tensor(-10705.238194565172, shape=(), dtype=float64)
nll_grad  cost time: 2.7008056640625
tf.Tensor(-10705.253122456259, shape=(), dtype=float64)
nll_grad  cost time: 2.749016284942627
tf.Tensor(-10705.268070500606, shape=(), dtype=float64)
nll_grad  cost time: 2.769092082977295
tf.Tensor(-10705.282950686089, shape=(), dtype=float64)
nll_grad  cost time: 2.971245050430298
tf.Tensor(-10705.297463579307, shape=(), dtype=float64)
nll_grad  cost time: 2.7962257862091064
tf.Tensor(-10705.312415297743, shape=(), dtype=float64)
nll_grad  cost time: 2.8100602626800537
tf.Tensor(-10705.327476703018, shape=(), dtype=float64)
nll_grad  cost time: 2.8949873447418213
tf.Tensor(-10705.342018988727, shape=(), dtype=float64)
nll_grad  cost time: 2.7519984245300293
tf.Tensor(-10705.355023430455, shape=(), dtype=float64)
nll_grad  cost time: 2.7285001277923584
tf.Tensor(-10705.366713019685, shape=(), dtype=float64)
nll_grad  cost time: 2.7371060848236084
tf.Tensor(-10705.376795069795, shape=(), dtype=float64)
nll_grad  cost time: 2.774602174758911
tf.Tensor(-10705.391062783105, shape=(), dtype=float64)
nll_grad  cost time: 2.9273681640625
tf.Tensor(-10705.404938562368, shape=(), dtype=float64)
nll_grad  cost time: 2.896939992904663
tf.Tensor(-10705.416908743255, shape=(), dtype=float64)
nll_grad  cost time: 2.8743274211883545
tf.Tensor(-10705.427276782631, shape=(), dtype=float64)
nll_grad  cost time: 2.853440761566162
tf.Tensor(-10705.43810204679, shape=(), dtype=float64)
nll_grad  cost time: 2.752458333969116
tf.Tensor(-10705.450578643788, shape=(), dtype=float64)
nll_grad  cost time: 2.7621517181396484
tf.Tensor(-10705.464408798973, shape=(), dtype=float64)
nll_grad  cost time: 2.799835205078125
tf.Tensor(-10705.474514709103, shape=(), dtype=float64)
nll_grad  cost time: 2.714900493621826
tf.Tensor(-10705.482869464766, shape=(), dtype=float64)
nll_grad  cost time: 2.741145372390747
tf.Tensor(-10705.490228750608, shape=(), dtype=float64)
nll_grad  cost time: 2.7436513900756836
tf.Tensor(-10705.499215534168, shape=(), dtype=float64)
nll_grad  cost time: 2.7906954288482666
tf.Tensor(-10705.509639883565, shape=(), dtype=float64)
nll_grad  cost time: 2.8206465244293213
tf.Tensor(-10705.525636011624, shape=(), dtype=float64)
nll_grad  cost time: 2.8774893283843994
tf.Tensor(-10705.542029530317, shape=(), dtype=float64)
nll_grad  cost time: 2.912008285522461
tf.Tensor(-10705.547440767756, shape=(), dtype=float64)
nll_grad  cost time: 2.8342645168304443
tf.Tensor(-10705.555030154903, shape=(), dtype=float64)
nll_grad  cost time: 2.7702770233154297
tf.Tensor(-10705.561520436948, shape=(), dtype=float64)
nll_grad  cost time: 2.8895411491394043
tf.Tensor(-10705.566174641492, shape=(), dtype=float64)
nll_grad  cost time: 2.903000593185425
tf.Tensor(-10705.571990682914, shape=(), dtype=float64)
nll_grad  cost time: 2.7950267791748047
tf.Tensor(-10705.579174876675, shape=(), dtype=float64)
nll_grad  cost time: 2.8526103496551514
tf.Tensor(-10705.58903357635, shape=(), dtype=float64)
nll_grad  cost time: 2.9493014812469482
tf.Tensor(-10705.604639877665, shape=(), dtype=float64)
nll_grad  cost time: 2.7744081020355225
tf.Tensor(-10705.626515858818, shape=(), dtype=float64)
nll_grad  cost time: 2.8977389335632324
tf.Tensor(-10705.642048578506, shape=(), dtype=float64)
nll_grad  cost time: 2.7737877368927
tf.Tensor(-10705.654624093153, shape=(), dtype=float64)
nll_grad  cost time: 2.9625301361083984
tf.Tensor(-10705.669515493251, shape=(), dtype=float64)
nll_grad  cost time: 2.828765869140625
tf.Tensor(-10705.683458891464, shape=(), dtype=float64)
nll_grad  cost time: 2.7160356044769287
tf.Tensor(-10705.694662582124, shape=(), dtype=float64)
nll_grad  cost time: 2.8155388832092285
tf.Tensor(-10705.707256481131, shape=(), dtype=float64)
nll_grad  cost time: 2.750670909881592
tf.Tensor(-10705.720408225005, shape=(), dtype=float64)
nll_grad  cost time: 2.7131783962249756
tf.Tensor(-10705.728286918807, shape=(), dtype=float64)
nll_grad  cost time: 2.7484188079833984
tf.Tensor(-10705.73627231387, shape=(), dtype=float64)
nll_grad  cost time: 2.8039798736572266
tf.Tensor(-10705.743791187735, shape=(), dtype=float64)
nll_grad  cost time: 2.781534194946289
tf.Tensor(-10705.752950378594, shape=(), dtype=float64)
nll_grad  cost time: 2.7439448833465576
tf.Tensor(-10705.765274379559, shape=(), dtype=float64)
nll_grad  cost time: 2.798600912094116
tf.Tensor(-10705.781292008674, shape=(), dtype=float64)
nll_grad  cost time: 3.0186057090759277
tf.Tensor(-10705.800851201417, shape=(), dtype=float64)
nll_grad  cost time: 2.9273133277893066
tf.Tensor(-10705.82098770851, shape=(), dtype=float64)
nll_grad  cost time: 2.8452839851379395
tf.Tensor(-10705.836384556036, shape=(), dtype=float64)
nll_grad  cost time: 3.0705277919769287
tf.Tensor(-10705.84805668181, shape=(), dtype=float64)
nll_grad  cost time: 3.0505025386810303
tf.Tensor(-10705.857690415263, shape=(), dtype=float64)
nll_grad  cost time: 2.8514649868011475
tf.Tensor(-10705.86589626735, shape=(), dtype=float64)
nll_grad  cost time: 2.7928662300109863
tf.Tensor(-10705.876204081284, shape=(), dtype=float64)
nll_grad  cost time: 2.7518088817596436
tf.Tensor(-10705.885389493693, shape=(), dtype=float64)
nll_grad  cost time: 2.6694695949554443
tf.Tensor(-10705.893829909777, shape=(), dtype=float64)
nll_grad  cost time: 2.71419095993042
tf.Tensor(-10705.904538102628, shape=(), dtype=float64)
nll_grad  cost time: 2.9574427604675293
tf.Tensor(-10705.91837290597, shape=(), dtype=float64)
nll_grad  cost time: 2.67647385597229
tf.Tensor(-10705.938628704838, shape=(), dtype=float64)
nll_grad  cost time: 2.7984671592712402
tf.Tensor(-10705.966741166936, shape=(), dtype=float64)
nll_grad  cost time: 2.832057476043701
tf.Tensor(-10705.996906157765, shape=(), dtype=float64)
nll_grad  cost time: 2.733846426010132
tf.Tensor(-10706.0221104799, shape=(), dtype=float64)
nll_grad  cost time: 2.768075704574585
tf.Tensor(-10706.038211796016, shape=(), dtype=float64)
nll_grad  cost time: 2.706761598587036
tf.Tensor(-10706.047761409805, shape=(), dtype=float64)
nll_grad  cost time: 2.7679972648620605
tf.Tensor(-10706.056859620121, shape=(), dtype=float64)
nll_grad  cost time: 2.8187766075134277
tf.Tensor(-10706.067949410333, shape=(), dtype=float64)
nll_grad  cost time: 2.8460099697113037
tf.Tensor(-10706.079629535461, shape=(), dtype=float64)
nll_grad  cost time: 2.7946436405181885
tf.Tensor(-10706.090438998493, shape=(), dtype=float64)
nll_grad  cost time: 2.7259883880615234
tf.Tensor(-10706.104117862762, shape=(), dtype=float64)
nll_grad  cost time: 2.873652935028076
tf.Tensor(-10706.123167915875, shape=(), dtype=float64)
nll_grad  cost time: 3.1970083713531494
tf.Tensor(-10706.144496042589, shape=(), dtype=float64)
nll_grad  cost time: 3.0005080699920654
tf.Tensor(-10706.176745745664, shape=(), dtype=float64)
nll_grad  cost time: 2.835202693939209
tf.Tensor(-10706.220948271082, shape=(), dtype=float64)
nll_grad  cost time: 2.820274591445923
tf.Tensor(-10706.254394108082, shape=(), dtype=float64)
nll_grad  cost time: 2.7713139057159424
tf.Tensor(-10706.276698575455, shape=(), dtype=float64)
nll_grad  cost time: 2.764895439147949
tf.Tensor(-10706.290747496872, shape=(), dtype=float64)
nll_grad  cost time: 2.9248428344726562
tf.Tensor(-10706.300157572878, shape=(), dtype=float64)
nll_grad  cost time: 2.809600353240967
tf.Tensor(-10706.309668631866, shape=(), dtype=float64)
nll_grad  cost time: 2.9297213554382324
tf.Tensor(-10706.31890393343, shape=(), dtype=float64)
nll_grad  cost time: 2.7654643058776855
tf.Tensor(-10706.329187338397, shape=(), dtype=float64)
nll_grad  cost time: 2.819516658782959
tf.Tensor(-10706.336250057515, shape=(), dtype=float64)
nll_grad  cost time: 2.769364595413208
tf.Tensor(-10706.342921232834, shape=(), dtype=float64)
nll_grad  cost time: 2.730468988418579
tf.Tensor(-10706.35225561808, shape=(), dtype=float64)
nll_grad  cost time: 2.753265142440796
tf.Tensor(-10706.361093153522, shape=(), dtype=float64)
nll_grad  cost time: 2.6150975227355957
tf.Tensor(-10706.372503870341, shape=(), dtype=float64)
nll_grad  cost time: 2.7099146842956543
tf.Tensor(-10706.38464702065, shape=(), dtype=float64)
nll_grad  cost time: 2.8434717655181885
tf.Tensor(-10706.392515931868, shape=(), dtype=float64)
nll_grad  cost time: 2.7520813941955566
tf.Tensor(-10706.397994692696, shape=(), dtype=float64)
nll_grad  cost time: 2.706885576248169
tf.Tensor(-10706.40182863938, shape=(), dtype=float64)
nll_grad  cost time: 2.7093796730041504
tf.Tensor(-10706.40618302483, shape=(), dtype=float64)
nll_grad  cost time: 2.813326835632324
tf.Tensor(-10706.410163332974, shape=(), dtype=float64)
nll_grad  cost time: 2.9061334133148193
tf.Tensor(-10706.416213532611, shape=(), dtype=float64)
nll_grad  cost time: 2.7744944095611572
tf.Tensor(-10706.424322610066, shape=(), dtype=float64)
nll_grad  cost time: 2.789884090423584
tf.Tensor(-10706.431411767582, shape=(), dtype=float64)
nll_grad  cost time: 2.658301591873169
tf.Tensor(-10706.438324414197, shape=(), dtype=float64)
nll_grad  cost time: 2.857602119445801
tf.Tensor(-10706.443254717993, shape=(), dtype=float64)
nll_grad  cost time: 2.873967170715332
tf.Tensor(-10706.446305351375, shape=(), dtype=float64)
nll_grad  cost time: 2.7883970737457275
tf.Tensor(-10706.447999895754, shape=(), dtype=float64)
nll_grad  cost time: 2.678903341293335
tf.Tensor(-10706.449208572889, shape=(), dtype=float64)
nll_grad  cost time: 2.8445687294006348
tf.Tensor(-10706.450605527845, shape=(), dtype=float64)
nll_grad  cost time: 2.896644353866577
tf.Tensor(-10706.452817168889, shape=(), dtype=float64)
nll_grad  cost time: 2.7897450923919678
tf.Tensor(-10706.45636978054, shape=(), dtype=float64)
nll_grad  cost time: 2.9155778884887695
tf.Tensor(-10706.461807415228, shape=(), dtype=float64)
nll_grad  cost time: 2.8759360313415527
tf.Tensor(-10706.468190332303, shape=(), dtype=float64)
nll_grad  cost time: 2.9387359619140625
tf.Tensor(-10706.473022714674, shape=(), dtype=float64)
nll_grad  cost time: 2.755190849304199
tf.Tensor(-10706.476716744855, shape=(), dtype=float64)
nll_grad  cost time: 2.8728187084198
tf.Tensor(-10706.478587837817, shape=(), dtype=float64)
nll_grad  cost time: 2.832974433898926
tf.Tensor(-10706.479832806028, shape=(), dtype=float64)
nll_grad  cost time: 2.814838409423828
tf.Tensor(-10706.48173219206, shape=(), dtype=float64)
nll_grad  cost time: 2.8922793865203857
tf.Tensor(-10706.484651465393, shape=(), dtype=float64)
nll_grad  cost time: 2.825878858566284
tf.Tensor(-10706.488918503119, shape=(), dtype=float64)
nll_grad  cost time: 2.7313268184661865
tf.Tensor(-10706.493511674096, shape=(), dtype=float64)
nll_grad  cost time: 2.8435635566711426
tf.Tensor(-10706.496732720354, shape=(), dtype=float64)
nll_grad  cost time: 2.987330198287964
tf.Tensor(-10706.498358297784, shape=(), dtype=float64)
nll_grad  cost time: 3.0260069370269775
tf.Tensor(-10706.499215923104, shape=(), dtype=float64)
nll_grad  cost time: 2.8665661811828613
tf.Tensor(-10706.500239152934, shape=(), dtype=float64)
nll_grad  cost time: 2.849108934402466
tf.Tensor(-10706.501797180716, shape=(), dtype=float64)
nll_grad  cost time: 2.878732204437256
tf.Tensor(-10706.503773954537, shape=(), dtype=float64)
nll_grad  cost time: 2.782334804534912
tf.Tensor(-10706.506111450151, shape=(), dtype=float64)
nll_grad  cost time: 2.7921643257141113
tf.Tensor(-10706.509416298555, shape=(), dtype=float64)
nll_grad  cost time: 2.794496774673462
tf.Tensor(-10706.512668056837, shape=(), dtype=float64)
nll_grad  cost time: 2.8012568950653076
tf.Tensor(-10706.515319310729, shape=(), dtype=float64)
nll_grad  cost time: 2.7323415279388428
tf.Tensor(-10706.517155991356, shape=(), dtype=float64)
nll_grad  cost time: 2.9685189723968506
tf.Tensor(-10706.518592760085, shape=(), dtype=float64)
nll_grad  cost time: 2.9579339027404785
tf.Tensor(-10706.519733870597, shape=(), dtype=float64)
nll_grad  cost time: 2.803504467010498
tf.Tensor(-10706.520787646083, shape=(), dtype=float64)
nll_grad  cost time: 2.802823305130005
tf.Tensor(-10706.521705934338, shape=(), dtype=float64)
nll_grad  cost time: 2.859999895095825
tf.Tensor(-10706.52279900579, shape=(), dtype=float64)
nll_grad  cost time: 2.7722115516662598
tf.Tensor(-10706.524188409316, shape=(), dtype=float64)
nll_grad  cost time: 2.9407575130462646
tf.Tensor(-10706.525546627534, shape=(), dtype=float64)
nll_grad  cost time: 2.7468864917755127
tf.Tensor(-10706.526390806102, shape=(), dtype=float64)
nll_grad  cost time: 2.8464109897613525
tf.Tensor(-10706.526778396925, shape=(), dtype=float64)
nll_grad  cost time: 2.888948440551758
tf.Tensor(-10706.527003667907, shape=(), dtype=float64)
nll_grad  cost time: 2.8794467449188232
tf.Tensor(-10706.52725467558, shape=(), dtype=float64)
nll_grad  cost time: 3.1030776500701904
tf.Tensor(-10706.527654092275, shape=(), dtype=float64)
nll_grad  cost time: 3.0320968627929688
tf.Tensor(-10706.528316430213, shape=(), dtype=float64)
nll_grad  cost time: 2.9537289142608643
tf.Tensor(-10706.529432070232, shape=(), dtype=float64)
nll_grad  cost time: 3.0410361289978027
tf.Tensor(-10706.531251937955, shape=(), dtype=float64)
nll_grad  cost time: 2.9352657794952393
tf.Tensor(-10706.533852979332, shape=(), dtype=float64)
nll_grad  cost time: 2.8667006492614746
tf.Tensor(-10706.535699285969, shape=(), dtype=float64)
nll_grad  cost time: 2.7816059589385986
tf.Tensor(-10706.536779477634, shape=(), dtype=float64)
nll_grad  cost time: 3.1176347732543945
tf.Tensor(-10706.537123748463, shape=(), dtype=float64)
nll_grad  cost time: 3.006096124649048
tf.Tensor(-10706.537282488005, shape=(), dtype=float64)
nll_grad  cost time: 3.1432173252105713
tf.Tensor(-10706.53744221939, shape=(), dtype=float64)
nll_grad  cost time: 3.3714656829833984
tf.Tensor(-10706.537663666626, shape=(), dtype=float64)
nll_grad  cost time: 3.214855909347534
tf.Tensor(-10706.537927790929, shape=(), dtype=float64)
nll_grad  cost time: 3.0050153732299805
tf.Tensor(-10706.538346559493, shape=(), dtype=float64)
nll_grad  cost time: 2.830476760864258
tf.Tensor(-10706.539030671976, shape=(), dtype=float64)
nll_grad  cost time: 3.1090633869171143
tf.Tensor(-10706.540120482561, shape=(), dtype=float64)
nll_grad  cost time: 3.075183391571045
tf.Tensor(-10706.541599853648, shape=(), dtype=float64)
nll_grad  cost time: 2.9842419624328613
tf.Tensor(-10706.542488857858, shape=(), dtype=float64)
nll_grad  cost time: 3.0866611003875732
tf.Tensor(-10706.542944944485, shape=(), dtype=float64)
nll_grad  cost time: 3.1268506050109863
tf.Tensor(-10706.543061315386, shape=(), dtype=float64)
nll_grad  cost time: 3.090884208679199
tf.Tensor(-10706.54315312956, shape=(), dtype=float64)
nll_grad  cost time: 3.3088369369506836
tf.Tensor(-10706.543273169726, shape=(), dtype=float64)
nll_grad  cost time: 3.1908230781555176
tf.Tensor(-10706.543468226278, shape=(), dtype=float64)
nll_grad  cost time: 3.1628448963165283
tf.Tensor(-10706.54379308522, shape=(), dtype=float64)
nll_grad  cost time: 3.1381988525390625
tf.Tensor(-10706.544329921653, shape=(), dtype=float64)
nll_grad  cost time: 3.013154983520508
tf.Tensor(-10706.545154175374, shape=(), dtype=float64)
nll_grad  cost time: 2.9653942584991455
tf.Tensor(-10706.54598199569, shape=(), dtype=float64)
nll_grad  cost time: 3.0659539699554443
tf.Tensor(-10706.546392548491, shape=(), dtype=float64)
nll_grad  cost time: 3.1456706523895264
tf.Tensor(-10706.546535516087, shape=(), dtype=float64)
nll_grad  cost time: 2.7140297889709473
tf.Tensor(-10706.546568544301, shape=(), dtype=float64)
nll_grad  cost time: 2.9748055934906006
tf.Tensor(-10706.54660405057, shape=(), dtype=float64)
nll_grad  cost time: 2.864665985107422
tf.Tensor(-10706.546665048374, shape=(), dtype=float64)
nll_grad  cost time: 3.221702814102173
tf.Tensor(-10706.546774335087, shape=(), dtype=float64)
nll_grad  cost time: 3.243868589401245
tf.Tensor(-10706.546971337231, shape=(), dtype=float64)
nll_grad  cost time: 3.2917542457580566
tf.Tensor(-10706.547319430794, shape=(), dtype=float64)
nll_grad  cost time: 3.0949790477752686
tf.Tensor(-10706.547900226895, shape=(), dtype=float64)
nll_grad  cost time: 3.0764615535736084
tf.Tensor(-10706.548735608985, shape=(), dtype=float64)
nll_grad  cost time: 3.144374132156372
tf.Tensor(-10706.549358834685, shape=(), dtype=float64)
nll_grad  cost time: 3.097378730773926
tf.Tensor(-10706.549829893524, shape=(), dtype=float64)
nll_grad  cost time: 3.221813201904297
tf.Tensor(-10706.549993517026, shape=(), dtype=float64)
nll_grad  cost time: 3.365142345428467
tf.Tensor(-10706.55002332834, shape=(), dtype=float64)
nll_grad  cost time: 3.3129208087921143
tf.Tensor(-10706.550041902989, shape=(), dtype=float64)
nll_grad  cost time: 3.2195117473602295
tf.Tensor(-10706.550074775707, shape=(), dtype=float64)
nll_grad  cost time: 3.100364923477173
tf.Tensor(-10706.55013461692, shape=(), dtype=float64)
nll_grad  cost time: 3.0926706790924072
tf.Tensor(-10706.550244000086, shape=(), dtype=float64)
nll_grad  cost time: 3.1743686199188232
tf.Tensor(-10706.55044141114, shape=(), dtype=float64)
nll_grad  cost time: 3.2353382110595703
tf.Tensor(-10706.550786371577, shape=(), dtype=float64)
nll_grad  cost time: 3.3728926181793213
tf.Tensor(-10706.551350693768, shape=(), dtype=float64)
nll_grad  cost time: 3.1240944862365723
tf.Tensor(-10706.552154980902, shape=(), dtype=float64)
nll_grad  cost time: 3.4917492866516113
tf.Tensor(-10706.552831847615, shape=(), dtype=float64)
nll_grad  cost time: 3.2459208965301514
tf.Tensor(-10706.55350426827, shape=(), dtype=float64)
nll_grad  cost time: 3.354323148727417
tf.Tensor(-10706.553734286337, shape=(), dtype=float64)
nll_grad  cost time: 3.472923755645752
tf.Tensor(-10706.553772119605, shape=(), dtype=float64)
nll_grad  cost time: 3.236501455307007
tf.Tensor(-10706.553786588209, shape=(), dtype=float64)
nll_grad  cost time: 3.2745590209960938
tf.Tensor(-10706.553811790747, shape=(), dtype=float64)
nll_grad  cost time: 2.967958450317383
tf.Tensor(-10706.553857890027, shape=(), dtype=float64)
nll_grad  cost time: 3.0544536113739014
tf.Tensor(-10706.55394298082, shape=(), dtype=float64)
nll_grad  cost time: 3.1763768196105957
tf.Tensor(-10706.554098589308, shape=(), dtype=float64)
nll_grad  cost time: 3.211388349533081
tf.Tensor(-10706.554375982521, shape=(), dtype=float64)
nll_grad  cost time: 3.314199447631836
tf.Tensor(-10706.554847358588, shape=(), dtype=float64)
nll_grad  cost time: 3.3059005737304688
tf.Tensor(-10706.555583766436, shape=(), dtype=float64)
nll_grad  cost time: 3.2044992446899414
tf.Tensor(-10706.556503434482, shape=(), dtype=float64)
nll_grad  cost time: 3.2629706859588623
tf.Tensor(-10706.55738894523, shape=(), dtype=float64)
nll_grad  cost time: 3.1752243041992188
tf.Tensor(-10706.55814719118, shape=(), dtype=float64)
nll_grad  cost time: 3.205446720123291
tf.Tensor(-10706.558384289408, shape=(), dtype=float64)
nll_grad  cost time: 3.4575343132019043
tf.Tensor(-10706.558441489093, shape=(), dtype=float64)
nll_grad  cost time: 3.239605188369751
tf.Tensor(-10706.558490559493, shape=(), dtype=float64)
nll_grad  cost time: 3.254948139190674
tf.Tensor(-10706.558579298911, shape=(), dtype=float64)
nll_grad  cost time: 3.427253007888794
tf.Tensor(-10706.558744169015, shape=(), dtype=float64)
nll_grad  cost time: 3.2476718425750732
tf.Tensor(-10706.559047187851, shape=(), dtype=float64)
nll_grad  cost time: 3.181326389312744
tf.Tensor(-10706.559583411245, shape=(), dtype=float64)
nll_grad  cost time: 3.182766914367676
tf.Tensor(-10706.560447764236, shape=(), dtype=float64)
nll_grad  cost time: 3.24074125289917
tf.Tensor(-10706.561427110477, shape=(), dtype=float64)
nll_grad  cost time: 3.252509593963623
tf.Tensor(-10706.562003833182, shape=(), dtype=float64)
nll_grad  cost time: 3.2512643337249756
tf.Tensor(-10706.562827481202, shape=(), dtype=float64)
nll_grad  cost time: 3.2343215942382812
tf.Tensor(-10706.563372196442, shape=(), dtype=float64)
nll_grad  cost time: 3.286449909210205
tf.Tensor(-10706.56354328601, shape=(), dtype=float64)
nll_grad  cost time: 3.386110305786133
tf.Tensor(-10706.563625091963, shape=(), dtype=float64)
nll_grad  cost time: 3.261918067932129
tf.Tensor(-10706.56365151052, shape=(), dtype=float64)
nll_grad  cost time: 3.3153953552246094
tf.Tensor(-10706.563669209996, shape=(), dtype=float64)
nll_grad  cost time: 3.252732515335083
tf.Tensor(-10706.563683757417, shape=(), dtype=float64)
nll_grad  cost time: 3.1515040397644043
tf.Tensor(-10706.56370067759, shape=(), dtype=float64)
nll_grad  cost time: 3.3089218139648438
tf.Tensor(-10706.563731455528, shape=(), dtype=float64)
nll_grad  cost time: 3.3697636127471924
tf.Tensor(-10706.563788689466, shape=(), dtype=float64)
nll_grad  cost time: 3.202587366104126
tf.Tensor(-10706.563894902538, shape=(), dtype=float64)
nll_grad  cost time: 3.1716012954711914
tf.Tensor(-10706.564087984829, shape=(), dtype=float64)
nll_grad  cost time: 3.396528959274292
tf.Tensor(-10706.56442208788, shape=(), dtype=float64)
nll_grad  cost time: 3.356471538543701
tf.Tensor(-10706.564935071792, shape=(), dtype=float64)
nll_grad  cost time: 3.114408016204834
tf.Tensor(-10706.56541366936, shape=(), dtype=float64)
nll_grad  cost time: 3.082289218902588
tf.Tensor(-10706.565731812567, shape=(), dtype=float64)
nll_grad  cost time: 3.1028003692626953
tf.Tensor(-10706.56597336637, shape=(), dtype=float64)
nll_grad  cost time: 3.3357434272766113
tf.Tensor(-10706.566035161562, shape=(), dtype=float64)
nll_grad  cost time: 3.1793055534362793
tf.Tensor(-10706.5660530263, shape=(), dtype=float64)
nll_grad  cost time: 3.292142868041992
tf.Tensor(-10706.566064473285, shape=(), dtype=float64)
nll_grad  cost time: 3.260716676712036
tf.Tensor(-10706.566083663245, shape=(), dtype=float64)
nll_grad  cost time: 3.1452550888061523
tf.Tensor(-10706.566115747892, shape=(), dtype=float64)
nll_grad  cost time: 3.2906289100646973
tf.Tensor(-10706.566169184005, shape=(), dtype=float64)
nll_grad  cost time: 3.301607370376587
tf.Tensor(-10706.566258189661, shape=(), dtype=float64)
nll_grad  cost time: 3.2759616374969482
tf.Tensor(-10706.566405033922, shape=(), dtype=float64)
nll_grad  cost time: 3.3140885829925537
tf.Tensor(-10706.566634864348, shape=(), dtype=float64)
nll_grad  cost time: 3.260941505432129
tf.Tensor(-10706.566910062342, shape=(), dtype=float64)
nll_grad  cost time: 3.3076424598693848
tf.Tensor(-10706.567079226437, shape=(), dtype=float64)
nll_grad  cost time: 3.476915121078491
tf.Tensor(-10706.567172612265, shape=(), dtype=float64)
nll_grad  cost time: 3.2007265090942383
tf.Tensor(-10706.56719846456, shape=(), dtype=float64)
nll_grad  cost time: 3.2974581718444824
tf.Tensor(-10706.567212538033, shape=(), dtype=float64)
nll_grad  cost time: 3.3260626792907715
tf.Tensor(-10706.567230399827, shape=(), dtype=float64)
nll_grad  cost time: 3.291194438934326
tf.Tensor(-10706.567257696955, shape=(), dtype=float64)
nll_grad  cost time: 3.1722710132598877
tf.Tensor(-10706.567298910006, shape=(), dtype=float64)
nll_grad  cost time: 3.235579013824463
tf.Tensor(-10706.567367817703, shape=(), dtype=float64)
nll_grad  cost time: 3.2684478759765625
tf.Tensor(-10706.567487113522, shape=(), dtype=float64)
nll_grad  cost time: 3.2877089977264404
tf.Tensor(-10706.567693077586, shape=(), dtype=float64)
nll_grad  cost time: 3.205361843109131
tf.Tensor(-10706.568029379243, shape=(), dtype=float64)
nll_grad  cost time: 3.290764808654785
tf.Tensor(-10706.568480824804, shape=(), dtype=float64)
nll_grad  cost time: 3.224785089492798
tf.Tensor(-10706.568734178203, shape=(), dtype=float64)
nll_grad  cost time: 3.2761993408203125
tf.Tensor(-10706.5688670728, shape=(), dtype=float64)
nll_grad  cost time: 3.135910987854004
tf.Tensor(-10706.568911816868, shape=(), dtype=float64)
nll_grad  cost time: 3.0974624156951904
tf.Tensor(-10706.568916273378, shape=(), dtype=float64)
nll_grad  cost time: 3.2000017166137695
tf.Tensor(-10706.568917549646, shape=(), dtype=float64)
nll_grad  cost time: 3.1692280769348145
tf.Tensor(-10706.568918097402, shape=(), dtype=float64)
nll_grad  cost time: 3.130889415740967
tf.Tensor(-10706.56891820159, shape=(), dtype=float64)
nll_grad  cost time: 3.5644357204437256
tf.Tensor(-10706.568918219278, shape=(), dtype=float64)
nll_grad  cost time: 3.208820343017578
tf.Tensor(-10706.568918224497, shape=(), dtype=float64)
nll_grad  cost time: 3.228151321411133
tf.Tensor(-10706.568918228368, shape=(), dtype=float64)
nll_grad  cost time: 3.216176986694336
tf.Tensor(-10706.568918234858, shape=(), dtype=float64)
nll_grad  cost time: 3.173703193664551
tf.Tensor(-10706.568918246398, shape=(), dtype=float64)
nll_grad  cost time: 3.194120407104492
tf.Tensor(-10706.568918267481, shape=(), dtype=float64)
nll_grad  cost time: 3.169459104537964
tf.Tensor(-10706.568918306255, shape=(), dtype=float64)
nll_grad  cost time: 3.292496919631958
tf.Tensor(-10706.568918377108, shape=(), dtype=float64)
nll_grad  cost time: 3.263733148574829
tf.Tensor(-10706.568918504438, shape=(), dtype=float64)
nll_grad  cost time: 3.067775011062622
tf.Tensor(-10706.568918726602, shape=(), dtype=float64)
nll_grad  cost time: 3.134566307067871
tf.Tensor(-10706.56891909744, shape=(), dtype=float64)
nll_grad  cost time: 3.0784788131713867
tf.Tensor(-10706.568919681391, shape=(), dtype=float64)
nll_grad  cost time: 3.2656004428863525
tf.Tensor(-10706.568920529691, shape=(), dtype=float64)
nll_grad  cost time: 3.2847695350646973
tf.Tensor(-10706.568921484219, shape=(), dtype=float64)
nll_grad  cost time: 3.2442030906677246
tf.Tensor(-10706.56892228611, shape=(), dtype=float64)
nll_grad  cost time: 3.3488457202911377
tf.Tensor(-10706.568922506134, shape=(), dtype=float64)
nll_grad  cost time: 3.11722469329834
tf.Tensor(-10706.568922528062, shape=(), dtype=float64)
Optimization terminated successfully.
         Current function value: -10706.568923
         Iterations: 911
         Function evaluations: 929
         Gradient evaluations: 929
  message: Optimization terminated successfully.
  success: True
   status: 0
      fun: -10706.568922528062
        x: [ 3.284e-01  7.878e-01 ...  7.964e-01  1.321e+00]
      nit: 911
      jac: [ 0.000e+00  0.000e+00 ... -1.505e-05 -1.938e-05]
 hess_inv: [[ 1.000e+00  0.000e+00 ...  0.000e+00  0.000e+00]
            [ 0.000e+00  1.000e+00 ...  0.000e+00  0.000e+00]
            ...
            [ 0.000e+00  0.000e+00 ...  1.071e-01 -1.996e-02]
            [ 0.000e+00  0.000e+00 ... -1.996e-02  1.569e-01]]
     nfev: 929
     njev: 929
fit  cost time: 2670.1100957393646

========== Fit loop 3/5 ==========
using RANDOM parameters

########### initial parameters
{
  "rho(1450)p_mass": 1.51,
  "rho(1450)p_width": 0.44,
  "rho(1570)p_mass": 1.57,
  "rho(1570)p_width": 0.14,
  "rho(1690)p_mass": 1.681,
  "rho(1690)p_width": 0.19,
  "rho(1450)m_mass": 1.51,
  "rho(1450)m_width": 0.44,
  "rho(1570)m_mass": 1.57,
  "rho(1570)m_width": 0.14,
  "rho(1690)m_mass": 1.681,
  "rho(1690)m_width": 0.19,
  "f0(500)_E791_mass": 0.478,
  "f2(1270)_flatte_mass": 1.2754,
  "f2(1270)_flatte_g_0": 2.5885132917885167,
  "f2(1270)_flatte_g_1": 0.08993636610598568,
  "f0(1370)_mass": 1.37,
  "f0(1370)_width": 0.35,
  "f0(1500)_flatte_mass": 1.522,
  "f0(1500)_flatte_g_0": 0.0132791047372107,
  "f0(1500)_flatte_g_1": 0.8544770717147551,
  "f2(1430)_mass": 1.43,
  "f2(1430)_width": 0.046,
  "Jpsi->rho(1450)p.pimrho(1450)p->phi.pip_total_0r": 1.0,
  "Jpsi->rho(1450)p.pimrho(1450)p->phi.pip_total_0i": 0.0,
  "Jpsi->rho(1450)p.pim_g_ls_0r": 1.0,
  "Jpsi->rho(1450)p.pim_g_ls_0i": 0.0,
  "rho(1450)p->phi.pip_g_ls_0r": 1.0,
  "rho(1450)p->phi.pip_g_ls_0i": 0.0,
  "Jpsi->rho(1570)p.pimrho(1570)p->phi.pip_total_0r": 0.7246562908382641,
  "Jpsi->rho(1570)p.pimrho(1570)p->phi.pip_total_0i": -1.9255334869796108,
  "Jpsi->rho(1570)p.pim_g_ls_0r": 1.0,
  "Jpsi->rho(1570)p.pim_g_ls_0i": 0.0,
  "rho(1570)p->phi.pip_g_ls_0r": 1.0,
  "rho(1570)p->phi.pip_g_ls_0i": 0.0,
  "Jpsi->rho(1690)p.pimrho(1690)p->phi.pip_total_0r": 1.006844847512761,
  "Jpsi->rho(1690)p.pimrho(1690)p->phi.pip_total_0i": -0.00022661239533450228,
  "Jpsi->rho(1690)p.pim_g_ls_0r": 1.0,
  "Jpsi->rho(1690)p.pim_g_ls_0i": 0.0,
  "rho(1690)p->phi.pip_g_ls_0r": 1.0,
  "rho(1690)p->phi.pip_g_ls_0i": 0.0,
  "Jpsi->rho(1450)m.piprho(1450)m->phi.pim_total_0r": 1.0,
  "Jpsi->rho(1450)m.piprho(1450)m->phi.pim_total_0i": 0.0,
  "Jpsi->rho(1450)m.pip_g_ls_0r": 1.0,
  "Jpsi->rho(1450)m.pip_g_ls_0i": 0.0,
  "rho(1450)m->phi.pim_g_ls_0r": 1.0,
  "rho(1450)m->phi.pim_g_ls_0i": 0.0,
  "Jpsi->rho(1570)m.piprho(1570)m->phi.pim_total_0r": 0.7246562908382641,
  "Jpsi->rho(1570)m.piprho(1570)m->phi.pim_total_0i": -1.9255334869796108,
  "Jpsi->rho(1570)m.pip_g_ls_0r": 1.0,
  "Jpsi->rho(1570)m.pip_g_ls_0i": 0.0,
  "rho(1570)m->phi.pim_g_ls_0r": 1.0,
  "rho(1570)m->phi.pim_g_ls_0i": 0.0,
  "Jpsi->rho(1690)m.piprho(1690)m->phi.pim_total_0r": 1.006844847512761,
  "Jpsi->rho(1690)m.piprho(1690)m->phi.pim_total_0i": -0.00022661239533450228,
  "Jpsi->rho(1690)m.pip_g_ls_0r": 1.0,
  "Jpsi->rho(1690)m.pip_g_ls_0i": 0.0,
  "rho(1690)m->phi.pim_g_ls_0r": 1.0,
  "rho(1690)m->phi.pim_g_ls_0i": 0.0,
  "Jpsi->phi.f0(500)_E791f0(500)_E791->pip.pim_total_0r": 0.7798363648376219,
  "Jpsi->phi.f0(500)_E791f0(500)_E791->pip.pim_total_0i": 0.3331246752796111,
  "Jpsi->phi.f0(500)_E791_g_ls_0r": 1.0,
  "Jpsi->phi.f0(500)_E791_g_ls_0i": 0.0,
  "Jpsi->phi.f0(500)_E791_g_ls_1r": 1.2346888684841986,
  "Jpsi->phi.f0(500)_E791_g_ls_1i": -0.6215246232010996,
  "f0(500)_E791->pip.pim_g_ls_0r": 1.0,
  "f0(500)_E791->pip.pim_g_ls_0i": 0.0,
  "Jpsi->phi.f0(980)_flattef0(980)_flatte->pip.pim_total_0r": 1.3053379483343788,
  "Jpsi->phi.f0(980)_flattef0(980)_flatte->pip.pim_total_0i": 2.2307830938693582,
  "f0(980)_flatte->pip.pim_g_ls_0r": 1.0,
  "f0(980)_flatte->pip.pim_g_ls_0i": 0.0,
  "Jpsi->phi.f2(1270)_flattef2(1270)_flatte->pip.pim_total_0r": 0.03811310345425456,
  "Jpsi->phi.f2(1270)_flattef2(1270)_flatte->pip.pim_total_0i": 1.7954276181699305,
  "Jpsi->phi.f2(1270)_flatte_g_ls_0r": 1.0,
  "Jpsi->phi.f2(1270)_flatte_g_ls_0i": 0.0,
  "Jpsi->phi.f2(1270)_flatte_g_ls_1r": 1.4871966523876243,
  "Jpsi->phi.f2(1270)_flatte_g_ls_1i": -2.807809998090374,
  "Jpsi->phi.f2(1270)_flatte_g_ls_2r": 1.6257416119888304,
  "Jpsi->phi.f2(1270)_flatte_g_ls_2i": 0.31790373370174807,
  "Jpsi->phi.f2(1270)_flatte_g_ls_3r": 1.6878738241918145,
  "Jpsi->phi.f2(1270)_flatte_g_ls_3i": 1.588151963074127,
  "Jpsi->phi.f2(1270)_flatte_g_ls_4r": 0.5391892406389256,
  "Jpsi->phi.f2(1270)_flatte_g_ls_4i": -0.9138288638783338,
  "f2(1270)_flatte->pip.pim_g_ls_0r": 1.0,
  "f2(1270)_flatte->pip.pim_g_ls_0i": 0.0,
  "Jpsi->phi.f0(1370)f0(1370)->pip.pim_total_0r": 1.6358274067215217,
  "Jpsi->phi.f0(1370)f0(1370)->pip.pim_total_0i": -0.4593905047514655,
  "Jpsi->phi.f0(1370)_g_ls_0r": 1.0,
  "Jpsi->phi.f0(1370)_g_ls_0i": 0.0,
  "Jpsi->phi.f0(1370)_g_ls_1r": 1.1017425686984108,
  "Jpsi->phi.f0(1370)_g_ls_1i": -0.20952095302090346,
  "f0(1370)->pip.pim_g_ls_0r": 1.0,
  "f0(1370)->pip.pim_g_ls_0i": 0.0,
  "Jpsi->phi.f0(1500)_flattef0(1500)_flatte->pip.pim_total_0r": 0.9143038373976622,
  "Jpsi->phi.f0(1500)_flattef0(1500)_flatte->pip.pim_total_0i": -0.9142733683499196,
  "Jpsi->phi.f0(1500)_flatte_g_ls_0r": 1.0,
  "Jpsi->phi.f0(1500)_flatte_g_ls_0i": 0.0,
  "Jpsi->phi.f0(1500)_flatte_g_ls_1r": 1.9339065998066696,
  "Jpsi->phi.f0(1500)_flatte_g_ls_1i": -2.03878753289583,
  "f0(1500)_flatte->pip.pim_g_ls_0r": 1.0,
  "f0(1500)_flatte->pip.pim_g_ls_0i": 0.0,
  "Jpsi->phi.f0(1710)f0(1710)->pip.pim_total_0r": 1.5545020233765912,
  "Jpsi->phi.f0(1710)f0(1710)->pip.pim_total_0i": -1.0868914042249669,
  "f0(1710)->pip.pim_g_ls_0r": 1.0,
  "f0(1710)->pip.pim_g_ls_0i": 0.0,
  "Jpsi->phi.f2(1430)f2(1430)->pip.pim_total_0r": 1.8575733256985423,
  "Jpsi->phi.f2(1430)f2(1430)->pip.pim_total_0i": 0.24296025706604807,
  "Jpsi->phi.f2(1430)_g_ls_0r": 1.0,
  "Jpsi->phi.f2(1430)_g_ls_0i": 0.0,
  "Jpsi->phi.f2(1430)_g_ls_1r": 1.6742716717668844,
  "Jpsi->phi.f2(1430)_g_ls_1i": 0.6172056848663465,
  "Jpsi->phi.f2(1430)_g_ls_2r": 1.4978567771959703,
  "Jpsi->phi.f2(1430)_g_ls_2i": -0.16156039020816282,
  "Jpsi->phi.f2(1430)_g_ls_3r": 0.5120998728187618,
  "Jpsi->phi.f2(1430)_g_ls_3i": 1.563054109835364,
  "Jpsi->phi.f2(1430)_g_ls_4r": 0.09263937338269601,
  "Jpsi->phi.f2(1430)_g_ls_4i": 2.2631573171289103,
  "f2(1430)->pip.pim_g_ls_0r": 1.0,
  "f2(1430)->pip.pim_g_ls_0i": 0.0,
  "Jpsi->phi.NR_pipi_0.NR_pipi_0.->pip.pim_total_0r": 0.5580603498437626,
  "Jpsi->phi.NR_pipi_0.NR_pipi_0.->pip.pim_total_0i": -1.774600762856766,
  "Jpsi->phi.NR_pipi_0._g_ls_0r": 1.0,
  "Jpsi->phi.NR_pipi_0._g_ls_0i": 0.0,
  "Jpsi->phi.NR_pipi_0._g_ls_1r": 1.2690714215848389,
  "Jpsi->phi.NR_pipi_0._g_ls_1i": -2.1153689460099647,
  "NR_pipi_0.->pip.pim_g_ls_0r": 1.0,
  "NR_pipi_0.->pip.pim_g_ls_0i": 0.0,
  "K1(1400)p_mass": 1.403,
  "K1(1400)p_width": 0.174,
  "K2(1820)p_mass": 1.819,
  "K2(1820)p_width": 0.264,
  "K2(1980)p_mass": 1.99,
  "K2(1980)p_width": 0.348,
  "K2(2250)p_mass": 2.247,
  "K2(2250)p_width": 0.18,
  "K3(2320)p_mass": 2.324,
  "K3(2320)p_width": 0.15,
  "K1(1400)m_mass": 1.403,
  "K1(1400)m_width": 0.174,
  "K2(1820)m_mass": 1.819,
  "K2(1820)m_width": 0.264,
  "K2(1980)m_mass": 1.99,
  "K2(1980)m_width": 0.348,
  "K3(2320)m_mass": 2.324,
  "K3(2320)m_width": 0.15,
  "f0(980)_flatte_mass": 0.965,
  "f0(980)_flatte_g_0": 1.1465186220114973,
  "f0(980)_flatte_g_1": 0.41438747676745147,
  "f2(1270)_mass": 1.2754,
  "f2(1270)_width": 0.1858,
  "f0(1500)_mass": 1.522,
  "f0(1500)_width": 0.108,
  "f2(1525)_mass": 1.5173,
  "f2(1525)_width": 0.072,
  "f2(1565)_mass": 1.571,
  "f2(1565)_width": 0.132,
  "f0(1710)_mass": 1.733,
  "f0(1710)_width": 0.15,
  "f2(1810)_mass": 1.815,
  "f2(1810)_width": 0.197,
  "Jpsi->K1(1400)p.kmK1(1400)p->phi.kp_total_0r": 1.0,
  "Jpsi->K1(1400)p.kmK1(1400)p->phi.kp_total_0i": 0.0,
  "Jpsi->K1(1400)p.km_g_ls_0r": 1.0,
  "Jpsi->K1(1400)p.km_g_ls_0i": 0.0,
  "Jpsi->K1(1400)p.km_g_ls_1r": 0.6875761602918171,
  "Jpsi->K1(1400)p.km_g_ls_1i": 1.8191238001717318,
  "K1(1400)p->phi.kp_g_ls_0r": 1.0,
  "K1(1400)p->phi.kp_g_ls_0i": 0.0,
  "K1(1400)p->phi.kp_g_ls_1r": 1.2090737816444408,
  "K1(1400)p->phi.kp_g_ls_1i": -1.0008676497734754,
  "Jpsi->K2(1820)p.kmK2(1820)p->phi.kp_total_0r": 0.9487033653979728,
  "Jpsi->K2(1820)p.kmK2(1820)p->phi.kp_total_0i": 2.2570675066277976,
  "Jpsi->K2(1820)p.km_g_ls_0r": 1.0,
  "Jpsi->K2(1820)p.km_g_ls_0i": 0.0,
  "Jpsi->K2(1820)p.km_g_ls_1r": 0.7142737140489612,
  "Jpsi->K2(1820)p.km_g_ls_1i": -1.104820271235091,
  "K2(1820)p->phi.kp_g_ls_0r": 1.0,
  "K2(1820)p->phi.kp_g_ls_0i": 0.0,
  "K2(1820)p->phi.kp_g_ls_1r": 0.4253686283072122,
  "K2(1820)p->phi.kp_g_ls_1i": 0.4366940062357836,
  "Jpsi->K2(1980)p.kmK2(1980)p->phi.kp_total_0r": 1.2650604666760836,
  "Jpsi->K2(1980)p.kmK2(1980)p->phi.kp_total_0i": -2.351358371676945,
  "Jpsi->K2(1980)p.km_g_ls_0r": 1.0,
  "Jpsi->K2(1980)p.km_g_ls_0i": 0.0,
  "K2(1980)p->phi.kp_g_ls_0r": 1.0,
  "K2(1980)p->phi.kp_g_ls_0i": 0.0,
  "Jpsi->K2(2250)p.kmK2(2250)p->phi.kp_total_0r": 0.8480144386515289,
  "Jpsi->K2(2250)p.kmK2(2250)p->phi.kp_total_0i": -3.127189494753561,
  "Jpsi->K2(2250)p.km_g_ls_0r": 1.0,
  "Jpsi->K2(2250)p.km_g_ls_0i": 0.0,
  "Jpsi->K2(2250)p.km_g_ls_1r": 1.5266022617000083,
  "Jpsi->K2(2250)p.km_g_ls_1i": 3.084989763108328,
  "K2(2250)p->phi.kp_g_ls_0r": 1.0,
  "K2(2250)p->phi.kp_g_ls_0i": 0.0,
  "K2(2250)p->phi.kp_g_ls_1r": 0.8475651094671832,
  "K2(2250)p->phi.kp_g_ls_1i": 2.5900063293001967,
  "Jpsi->K3(2320)p.kmK3(2320)p->phi.kp_total_0r": 0.2806016747267601,
  "Jpsi->K3(2320)p.kmK3(2320)p->phi.kp_total_0i": -1.6528563386851527,
  "Jpsi->K3(2320)p.km_g_ls_0r": 1.0,
  "Jpsi->K3(2320)p.km_g_ls_0i": 0.0,
  "Jpsi->K3(2320)p.km_g_ls_1r": 1.9035532901403416,
  "Jpsi->K3(2320)p.km_g_ls_1i": -2.688177896574679,
  "K3(2320)p->phi.kp_g_ls_0r": 1.0,
  "K3(2320)p->phi.kp_g_ls_0i": 0.0,
  "K3(2320)p->phi.kp_g_ls_1r": 1.409252915876019,
  "K3(2320)p->phi.kp_g_ls_1i": 0.8449164307057035,
  "Jpsi->K1(1400)m.kpK1(1400)m->phi.km_total_0r": 1.0,
  "Jpsi->K1(1400)m.kpK1(1400)m->phi.km_total_0i": 0.0,
  "Jpsi->K1(1400)m.kp_g_ls_0r": 1.0,
  "Jpsi->K1(1400)m.kp_g_ls_0i": 0.0,
  "Jpsi->K1(1400)m.kp_g_ls_1r": 0.6875761602918171,
  "Jpsi->K1(1400)m.kp_g_ls_1i": 1.8191238001717318,
  "K1(1400)m->phi.km_g_ls_0r": 1.0,
  "K1(1400)m->phi.km_g_ls_0i": 0.0,
  "K1(1400)m->phi.km_g_ls_1r": 1.2090737816444408,
  "K1(1400)m->phi.km_g_ls_1i": -1.0008676497734754,
  "Jpsi->K2(1820)m.kpK2(1820)m->phi.km_total_0r": 0.9487033653979728,
  "Jpsi->K2(1820)m.kpK2(1820)m->phi.km_total_0i": 2.2570675066277976,
  "Jpsi->K2(1820)m.kp_g_ls_0r": 1.0,
  "Jpsi->K2(1820)m.kp_g_ls_0i": 0.0,
  "Jpsi->K2(1820)m.kp_g_ls_1r": 0.7142737140489612,
  "Jpsi->K2(1820)m.kp_g_ls_1i": -1.104820271235091,
  "K2(1820)m->phi.km_g_ls_0r": 1.0,
  "K2(1820)m->phi.km_g_ls_0i": 0.0,
  "K2(1820)m->phi.km_g_ls_1r": 0.4253686283072122,
  "K2(1820)m->phi.km_g_ls_1i": 0.4366940062357836,
  "Jpsi->K2(1980)m.kpK2(1980)m->phi.km_total_0r": 1.2650604666760836,
  "Jpsi->K2(1980)m.kpK2(1980)m->phi.km_total_0i": -2.351358371676945,
  "Jpsi->K2(1980)m.kp_g_ls_0r": 1.0,
  "Jpsi->K2(1980)m.kp_g_ls_0i": 0.0,
  "K2(1980)m->phi.km_g_ls_0r": 1.0,
  "K2(1980)m->phi.km_g_ls_0i": 0.0,
  "Jpsi->K2(2250)p.kpK2(2250)p->phi.km_total_0r": 0.06420871541684958,
  "Jpsi->K2(2250)p.kpK2(2250)p->phi.km_total_0i": -2.5913542960618257,
  "Jpsi->K2(2250)p.kp_g_ls_0r": 1.0,
  "Jpsi->K2(2250)p.kp_g_ls_0i": 0.0,
  "Jpsi->K2(2250)p.kp_g_ls_1r": 1.2738299012978653,
  "Jpsi->K2(2250)p.kp_g_ls_1i": -1.141318172912091,
  "K2(2250)p->phi.km_g_ls_0r": 1.0,
  "K2(2250)p->phi.km_g_ls_0i": 0.0,
  "K2(2250)p->phi.km_g_ls_1r": 0.502233450192946,
  "K2(2250)p->phi.km_g_ls_1i": -0.6233046022113875,
  "Jpsi->K3(2320)m.kpK3(2320)m->phi.km_total_0r": 0.2806016747267601,
  "Jpsi->K3(2320)m.kpK3(2320)m->phi.km_total_0i": -1.6528563386851527,
  "Jpsi->K3(2320)m.kp_g_ls_0r": 1.0,
  "Jpsi->K3(2320)m.kp_g_ls_0i": 0.0,
  "Jpsi->K3(2320)m.kp_g_ls_1r": 1.9035532901403416,
  "Jpsi->K3(2320)m.kp_g_ls_1i": -2.688177896574679,
  "K3(2320)m->phi.km_g_ls_0r": 1.0,
  "K3(2320)m->phi.km_g_ls_0i": 0.0,
  "K3(2320)m->phi.km_g_ls_1r": 1.409252915876019,
  "K3(2320)m->phi.km_g_ls_1i": 0.8449164307057035,
  "Jpsi->phi.f0(980)_flattef0(980)_flatte->kp.km_total_0r": 1.8857999820117404,
  "Jpsi->phi.f0(980)_flattef0(980)_flatte->kp.km_total_0i": -0.8557919973464134,
  "Jpsi->phi.f0(980)_flatte_g_ls_0r": 1.0,
  "Jpsi->phi.f0(980)_flatte_g_ls_0i": 0.0,
  "Jpsi->phi.f0(980)_flatte_g_ls_1r": 0.9753697085476056,
  "Jpsi->phi.f0(980)_flatte_g_ls_1i": 1.2229052888601952,
  "f0(980)_flatte->kp.km_g_ls_0r": 1.0,
  "f0(980)_flatte->kp.km_g_ls_0i": 0.0,
  "Jpsi->phi.f2(1270)f2(1270)->kp.km_total_0r": 0.2843724199604658,
  "Jpsi->phi.f2(1270)f2(1270)->kp.km_total_0i": -2.2856923207507887,
  "Jpsi->phi.f2(1270)_g_ls_0r": 1.0,
  "Jpsi->phi.f2(1270)_g_ls_0i": 0.0,
  "Jpsi->phi.f2(1270)_g_ls_1r": 1.5084815584998679,
  "Jpsi->phi.f2(1270)_g_ls_1i": 1.5564006195593239,
  "Jpsi->phi.f2(1270)_g_ls_2r": 1.6280375375440035,
  "Jpsi->phi.f2(1270)_g_ls_2i": -0.9460691653393645,
  "Jpsi->phi.f2(1270)_g_ls_3r": 1.3166203682422677,
  "Jpsi->phi.f2(1270)_g_ls_3i": -2.184572167329768,
  "Jpsi->phi.f2(1270)_g_ls_4r": 0.3535632342075843,
  "Jpsi->phi.f2(1270)_g_ls_4i": 1.0219857092088453,
  "f2(1270)->kp.km_g_ls_0r": 1.0,
  "f2(1270)->kp.km_g_ls_0i": 0.0,
  "Jpsi->phi.f0(1500)f0(1500)->kp.km_total_0r": 1.0604378154977243,
  "Jpsi->phi.f0(1500)f0(1500)->kp.km_total_0i": 1.5386564975676658,
  "Jpsi->phi.f0(1500)_g_ls_0r": 1.0,
  "Jpsi->phi.f0(1500)_g_ls_0i": 0.0,
  "Jpsi->phi.f0(1500)_g_ls_1r": 0.5125589990020409,
  "Jpsi->phi.f0(1500)_g_ls_1i": -0.01658735476797668,
  "f0(1500)->kp.km_g_ls_0r": 1.0,
  "f0(1500)->kp.km_g_ls_0i": 0.0,
  "Jpsi->phi.f2(1525)f2(1525)->kp.km_total_0r": 1.3697124897427546,
  "Jpsi->phi.f2(1525)f2(1525)->kp.km_total_0i": -2.7080243172395706,
  "Jpsi->phi.f2(1525)_g_ls_0r": 1.0,
  "Jpsi->phi.f2(1525)_g_ls_0i": 0.0,
  "Jpsi->phi.f2(1525)_g_ls_1r": 0.19160528829678825,
  "Jpsi->phi.f2(1525)_g_ls_1i": -2.7075451453938886,
  "Jpsi->phi.f2(1525)_g_ls_2r": 0.2600238393289982,
  "Jpsi->phi.f2(1525)_g_ls_2i": 1.464749089593659,
  "Jpsi->phi.f2(1525)_g_ls_3r": 0.6877273776277413,
  "Jpsi->phi.f2(1525)_g_ls_3i": -2.434575033440855,
  "Jpsi->phi.f2(1525)_g_ls_4r": 1.9195245638799783,
  "Jpsi->phi.f2(1525)_g_ls_4i": 2.0546806950739738,
  "f2(1525)->kp.km_g_ls_0r": 1.0,
  "f2(1525)->kp.km_g_ls_0i": 0.0,
  "Jpsi->phi.f2(1565)f2(1565)->kp.km_total_0r": 0.11960335604902195,
  "Jpsi->phi.f2(1565)f2(1565)->kp.km_total_0i": -1.4950971907408142,
  "Jpsi->phi.f2(1565)_g_ls_0r": 1.0,
  "Jpsi->phi.f2(1565)_g_ls_0i": 0.0,
  "Jpsi->phi.f2(1565)_g_ls_1r": 1.6017380932788159,
  "Jpsi->phi.f2(1565)_g_ls_1i": -1.9281001763428753,
  "Jpsi->phi.f2(1565)_g_ls_2r": 0.7008104594881104,
  "Jpsi->phi.f2(1565)_g_ls_2i": -2.9600304159096154,
  "Jpsi->phi.f2(1565)_g_ls_3r": 1.4552567860980257,
  "Jpsi->phi.f2(1565)_g_ls_3i": -0.48839335100330317,
  "Jpsi->phi.f2(1565)_g_ls_4r": 0.930712812987335,
  "Jpsi->phi.f2(1565)_g_ls_4i": -2.490664899031625,
  "f2(1565)->kp.km_g_ls_0r": 1.0,
  "f2(1565)->kp.km_g_ls_0i": 0.0,
  "Jpsi->phi.f0(1710)f0(1710)->kp.km_total_0r": 1.9851492094301881,
  "Jpsi->phi.f0(1710)f0(1710)->kp.km_total_0i": -1.5198910463383095,
  "Jpsi->phi.f0(1710)_g_ls_0r": 1.0,
  "Jpsi->phi.f0(1710)_g_ls_0i": 0.0,
  "Jpsi->phi.f0(1710)_g_ls_1r": 1.1903051643387226,
  "Jpsi->phi.f0(1710)_g_ls_1i": -1.1070957073186483,
  "f0(1710)->kp.km_g_ls_0r": 1.0,
  "f0(1710)->kp.km_g_ls_0i": 0.0,
  "Jpsi->phi.f2(1810)f2(1810)->kp.km_total_0r": 1.8093929389627692,
  "Jpsi->phi.f2(1810)f2(1810)->kp.km_total_0i": 2.1389619054790066,
  "Jpsi->phi.f2(1810)_g_ls_0r": 1.0,
  "Jpsi->phi.f2(1810)_g_ls_0i": 0.0,
  "Jpsi->phi.f2(1810)_g_ls_1r": 0.5196938228872012,
  "Jpsi->phi.f2(1810)_g_ls_1i": -0.20779425222974313,
  "Jpsi->phi.f2(1810)_g_ls_2r": 0.3456473741952202,
  "Jpsi->phi.f2(1810)_g_ls_2i": 0.33475029004602685,
  "Jpsi->phi.f2(1810)_g_ls_3r": 1.7097645132454211,
  "Jpsi->phi.f2(1810)_g_ls_3i": -2.388771536336361,
  "Jpsi->phi.f2(1810)_g_ls_4r": 1.4386736482111755,
  "Jpsi->phi.f2(1810)_g_ls_4i": 2.3045203398471994,
  "f2(1810)->kp.km_g_ls_0r": 1.0,
  "f2(1810)->kp.km_g_ls_0i": 0.0
}
nll_grad  cost time: 3.250626564025879
nll_grad  cost time: 3.2471084594726562
tf.Tensor(-3800.099024028139, shape=(), dtype=float64)
nll_grad  cost time: 3.4296939373016357
nll_grad  cost time: 3.153951644897461
tf.Tensor(-6161.834402463617, shape=(), dtype=float64)
nll_grad  cost time: 3.0885026454925537
tf.Tensor(-6320.45747140827, shape=(), dtype=float64)
nll_grad  cost time: 3.2941417694091797
tf.Tensor(-6591.711985915594, shape=(), dtype=float64)
nll_grad  cost time: 3.254943370819092
tf.Tensor(-7044.592994513849, shape=(), dtype=float64)
nll_grad  cost time: 3.3104705810546875
tf.Tensor(-7584.6373770303035, shape=(), dtype=float64)
nll_grad  cost time: 3.3431034088134766
tf.Tensor(-8018.831636123359, shape=(), dtype=float64)
nll_grad  cost time: 3.316122531890869
nll_grad  cost time: 3.3117775917053223
tf.Tensor(-8274.16079923202, shape=(), dtype=float64)
nll_grad  cost time: 3.3238043785095215
tf.Tensor(-8543.16094743192, shape=(), dtype=float64)
nll_grad  cost time: 3.192920684814453
tf.Tensor(-8687.277689024326, shape=(), dtype=float64)
nll_grad  cost time: 3.097993850708008
tf.Tensor(-8811.139801469646, shape=(), dtype=float64)
nll_grad  cost time: 3.3116838932037354
tf.Tensor(-8964.831337035532, shape=(), dtype=float64)
nll_grad  cost time: 3.2862937450408936
nll_grad  cost time: 3.2522025108337402
tf.Tensor(-9068.05205356126, shape=(), dtype=float64)
nll_grad  cost time: 3.3588767051696777
tf.Tensor(-9142.078086588612, shape=(), dtype=float64)
nll_grad  cost time: 3.342552423477173
tf.Tensor(-9201.809319663946, shape=(), dtype=float64)
nll_grad  cost time: 3.2683746814727783
tf.Tensor(-9258.62275095305, shape=(), dtype=float64)
nll_grad  cost time: 3.228717088699341
tf.Tensor(-9346.293595137999, shape=(), dtype=float64)
nll_grad  cost time: 3.187791585922241
tf.Tensor(-9410.19519843482, shape=(), dtype=float64)
nll_grad  cost time: 2.973834991455078
tf.Tensor(-9471.039487205788, shape=(), dtype=float64)
nll_grad  cost time: 3.2373571395874023
tf.Tensor(-9525.352852106764, shape=(), dtype=float64)
nll_grad  cost time: 3.0267693996429443
nll_grad  cost time: 3.232687473297119
tf.Tensor(-9550.790950918155, shape=(), dtype=float64)
nll_grad  cost time: 3.154071569442749
tf.Tensor(-9583.705969638082, shape=(), dtype=float64)
nll_grad  cost time: 3.1019535064697266
tf.Tensor(-9626.307158916803, shape=(), dtype=float64)
nll_grad  cost time: 3.242659091949463
tf.Tensor(-9658.050745143526, shape=(), dtype=float64)
nll_grad  cost time: 3.107412815093994
tf.Tensor(-9696.779071796132, shape=(), dtype=float64)
nll_grad  cost time: 3.3872978687286377
tf.Tensor(-9711.302318398477, shape=(), dtype=float64)
nll_grad  cost time: 3.2641024589538574
tf.Tensor(-9735.667360949876, shape=(), dtype=float64)
nll_grad  cost time: 3.177412748336792
tf.Tensor(-9768.68595376303, shape=(), dtype=float64)
nll_grad  cost time: 3.287020444869995
tf.Tensor(-9808.089071346294, shape=(), dtype=float64)
nll_grad  cost time: 3.151092052459717
nll_grad  cost time: 3.149355888366699
tf.Tensor(-9834.125429672706, shape=(), dtype=float64)
nll_grad  cost time: 3.205162763595581
tf.Tensor(-9844.167175987808, shape=(), dtype=float64)
nll_grad  cost time: 3.1855671405792236
tf.Tensor(-9857.547307960267, shape=(), dtype=float64)
nll_grad  cost time: 3.0329678058624268
tf.Tensor(-9870.661382465943, shape=(), dtype=float64)
nll_grad  cost time: 3.265965223312378
tf.Tensor(-9885.630920060103, shape=(), dtype=float64)
nll_grad  cost time: 3.191722869873047
tf.Tensor(-9904.904410501695, shape=(), dtype=float64)
nll_grad  cost time: 3.0591819286346436
tf.Tensor(-9930.227627461405, shape=(), dtype=float64)
nll_grad  cost time: 3.1654107570648193
nll_grad  cost time: 3.1485190391540527
tf.Tensor(-9940.229873105804, shape=(), dtype=float64)
nll_grad  cost time: 3.160198211669922
tf.Tensor(-9953.191169348764, shape=(), dtype=float64)
nll_grad  cost time: 3.290982961654663
tf.Tensor(-9971.439615377203, shape=(), dtype=float64)
nll_grad  cost time: 3.147749662399292
tf.Tensor(-9996.649752622892, shape=(), dtype=float64)
nll_grad  cost time: 3.111213207244873
tf.Tensor(-10028.592024574762, shape=(), dtype=float64)
nll_grad  cost time: 3.1739234924316406
tf.Tensor(-10044.052351162623, shape=(), dtype=float64)
nll_grad  cost time: 3.2318923473358154
tf.Tensor(-10053.127384468993, shape=(), dtype=float64)
nll_grad  cost time: 3.1448752880096436
tf.Tensor(-10063.448500406594, shape=(), dtype=float64)
nll_grad  cost time: 2.9901604652404785
tf.Tensor(-10073.99538931789, shape=(), dtype=float64)
nll_grad  cost time: 3.2135822772979736
tf.Tensor(-10087.70456036061, shape=(), dtype=float64)
nll_grad  cost time: 3.237046003341675
tf.Tensor(-10104.509502243687, shape=(), dtype=float64)
nll_grad  cost time: 3.155931234359741
nll_grad  cost time: 3.1762807369232178
tf.Tensor(-10113.54741353805, shape=(), dtype=float64)
nll_grad  cost time: 3.203895330429077
tf.Tensor(-10121.978303638207, shape=(), dtype=float64)
nll_grad  cost time: 3.3180367946624756
tf.Tensor(-10133.670201621397, shape=(), dtype=float64)
nll_grad  cost time: 3.277008533477783
tf.Tensor(-10146.63453667755, shape=(), dtype=float64)
nll_grad  cost time: 3.10345721244812
tf.Tensor(-10158.78637014277, shape=(), dtype=float64)
nll_grad  cost time: 3.226515054702759
tf.Tensor(-10172.609086353601, shape=(), dtype=float64)
nll_grad  cost time: 3.3841874599456787
tf.Tensor(-10184.00143037174, shape=(), dtype=float64)
nll_grad  cost time: 3.236468553543091
tf.Tensor(-10194.49153908201, shape=(), dtype=float64)
nll_grad  cost time: 3.257629632949829
tf.Tensor(-10201.951689815796, shape=(), dtype=float64)
nll_grad  cost time: 3.326896905899048
tf.Tensor(-10207.071415047845, shape=(), dtype=float64)
nll_grad  cost time: 3.176253318786621
tf.Tensor(-10210.372561040174, shape=(), dtype=float64)
nll_grad  cost time: 3.0050668716430664
tf.Tensor(-10215.14291617972, shape=(), dtype=float64)
nll_grad  cost time: 3.2482807636260986
tf.Tensor(-10222.213813051989, shape=(), dtype=float64)
nll_grad  cost time: 3.117386817932129
tf.Tensor(-10229.32269693129, shape=(), dtype=float64)
nll_grad  cost time: 3.3130698204040527
tf.Tensor(-10237.220077833845, shape=(), dtype=float64)
nll_grad  cost time: 3.2726612091064453
tf.Tensor(-10246.086525132763, shape=(), dtype=float64)
nll_grad  cost time: 3.2034943103790283
tf.Tensor(-10255.806670462705, shape=(), dtype=float64)
nll_grad  cost time: 3.249361038208008
tf.Tensor(-10266.043547037487, shape=(), dtype=float64)
nll_grad  cost time: 3.2865653038024902
tf.Tensor(-10272.820574260717, shape=(), dtype=float64)
nll_grad  cost time: 3.19450044631958
tf.Tensor(-10279.935139020286, shape=(), dtype=float64)
nll_grad  cost time: 3.2410199642181396
tf.Tensor(-10284.451059303712, shape=(), dtype=float64)
nll_grad  cost time: 3.4628121852874756
tf.Tensor(-10291.826168936459, shape=(), dtype=float64)
nll_grad  cost time: 3.3031165599823
tf.Tensor(-10299.408914483356, shape=(), dtype=float64)
nll_grad  cost time: 3.1587743759155273
tf.Tensor(-10305.96279256638, shape=(), dtype=float64)
nll_grad  cost time: 3.2198498249053955
tf.Tensor(-10313.55717464986, shape=(), dtype=float64)
nll_grad  cost time: 3.0713515281677246
tf.Tensor(-10324.012140718442, shape=(), dtype=float64)
nll_grad  cost time: 3.2681024074554443
tf.Tensor(-10331.485627426599, shape=(), dtype=float64)
nll_grad  cost time: 3.232797861099243
tf.Tensor(-10338.930144674632, shape=(), dtype=float64)
nll_grad  cost time: 3.1209826469421387
tf.Tensor(-10346.849914404535, shape=(), dtype=float64)
nll_grad  cost time: 3.3329572677612305
tf.Tensor(-10352.402391869982, shape=(), dtype=float64)
nll_grad  cost time: 3.196593761444092
tf.Tensor(-10358.947588232513, shape=(), dtype=float64)
nll_grad  cost time: 3.1929216384887695
tf.Tensor(-10365.607749899282, shape=(), dtype=float64)
nll_grad  cost time: 3.0654640197753906
tf.Tensor(-10368.720456113508, shape=(), dtype=float64)
nll_grad  cost time: 3.2637455463409424
tf.Tensor(-10372.323503384825, shape=(), dtype=float64)
nll_grad  cost time: 3.397584915161133
tf.Tensor(-10377.085554463127, shape=(), dtype=float64)
nll_grad  cost time: 3.4230473041534424
tf.Tensor(-10381.814156225912, shape=(), dtype=float64)
nll_grad  cost time: 3.368137836456299
tf.Tensor(-10385.44432736074, shape=(), dtype=float64)
nll_grad  cost time: 3.2026522159576416
tf.Tensor(-10390.25601322153, shape=(), dtype=float64)
nll_grad  cost time: 3.2886409759521484
tf.Tensor(-10395.637140263607, shape=(), dtype=float64)
nll_grad  cost time: 3.297295093536377
tf.Tensor(-10402.032404022153, shape=(), dtype=float64)
nll_grad  cost time: 3.257261276245117
tf.Tensor(-10405.851418585575, shape=(), dtype=float64)
nll_grad  cost time: 3.1439363956451416
tf.Tensor(-10410.506986186228, shape=(), dtype=float64)
nll_grad  cost time: 3.154686450958252
tf.Tensor(-10415.057486802863, shape=(), dtype=float64)
nll_grad  cost time: 3.222966194152832
tf.Tensor(-10418.20686664513, shape=(), dtype=float64)
nll_grad  cost time: 3.159072160720825
tf.Tensor(-10421.608335376652, shape=(), dtype=float64)
nll_grad  cost time: 3.266695261001587
tf.Tensor(-10423.90269547735, shape=(), dtype=float64)
nll_grad  cost time: 3.2015793323516846
tf.Tensor(-10426.893835534516, shape=(), dtype=float64)
nll_grad  cost time: 3.1148767471313477
tf.Tensor(-10431.249028758204, shape=(), dtype=float64)
nll_grad  cost time: 3.2451422214508057
tf.Tensor(-10435.229520220455, shape=(), dtype=float64)
nll_grad  cost time: 3.157102346420288
tf.Tensor(-10439.309130727466, shape=(), dtype=float64)
nll_grad  cost time: 3.07348370552063
tf.Tensor(-10440.506858864414, shape=(), dtype=float64)
nll_grad  cost time: 3.2167510986328125
tf.Tensor(-10442.522195301433, shape=(), dtype=float64)
nll_grad  cost time: 3.420459747314453
tf.Tensor(-10445.702311802881, shape=(), dtype=float64)
nll_grad  cost time: 3.261967420578003
tf.Tensor(-10449.06140952796, shape=(), dtype=float64)
nll_grad  cost time: 3.0943715572357178
tf.Tensor(-10452.801498180394, shape=(), dtype=float64)
nll_grad  cost time: 3.1483023166656494
tf.Tensor(-10456.104694860165, shape=(), dtype=float64)
nll_grad  cost time: 3.0751214027404785
tf.Tensor(-10458.664085280536, shape=(), dtype=float64)
nll_grad  cost time: 3.1168527603149414
tf.Tensor(-10460.376633565567, shape=(), dtype=float64)
nll_grad  cost time: 3.2991533279418945
tf.Tensor(-10462.706254936835, shape=(), dtype=float64)
nll_grad  cost time: 3.3151445388793945
tf.Tensor(-10465.314218192609, shape=(), dtype=float64)
nll_grad  cost time: 3.233847141265869
tf.Tensor(-10466.970151155088, shape=(), dtype=float64)
nll_grad  cost time: 3.2533154487609863
tf.Tensor(-10467.647045101337, shape=(), dtype=float64)
nll_grad  cost time: 3.1924548149108887
tf.Tensor(-10468.846725162948, shape=(), dtype=float64)
nll_grad  cost time: 3.202103614807129
tf.Tensor(-10470.353893743108, shape=(), dtype=float64)
nll_grad  cost time: 3.1819517612457275
tf.Tensor(-10472.446523653634, shape=(), dtype=float64)
nll_grad  cost time: 3.2692995071411133
tf.Tensor(-10474.910703361413, shape=(), dtype=float64)
nll_grad  cost time: 3.1425061225891113
tf.Tensor(-10477.874541068588, shape=(), dtype=float64)
nll_grad  cost time: 3.170705795288086
tf.Tensor(-10480.985789065082, shape=(), dtype=float64)
nll_grad  cost time: 3.2561402320861816
tf.Tensor(-10482.907183887866, shape=(), dtype=float64)
nll_grad  cost time: 3.2767350673675537
tf.Tensor(-10485.418915865892, shape=(), dtype=float64)
nll_grad  cost time: 3.2929983139038086
tf.Tensor(-10487.9001072381, shape=(), dtype=float64)
nll_grad  cost time: 3.2927348613739014
tf.Tensor(-10489.181998561107, shape=(), dtype=float64)
nll_grad  cost time: 3.188065528869629
tf.Tensor(-10491.313013340761, shape=(), dtype=float64)
nll_grad  cost time: 3.2296242713928223
tf.Tensor(-10493.943967736413, shape=(), dtype=float64)
nll_grad  cost time: 3.2285053730010986
tf.Tensor(-10497.221889436667, shape=(), dtype=float64)
nll_grad  cost time: 3.3256442546844482
tf.Tensor(-10500.053211554354, shape=(), dtype=float64)
nll_grad  cost time: 3.162896156311035
tf.Tensor(-10500.503647165991, shape=(), dtype=float64)
nll_grad  cost time: 3.3748884201049805
tf.Tensor(-10501.312821859734, shape=(), dtype=float64)
nll_grad  cost time: 3.030968189239502
tf.Tensor(-10502.728579023664, shape=(), dtype=float64)
nll_grad  cost time: 3.1530544757843018
tf.Tensor(-10505.084161633953, shape=(), dtype=float64)
nll_grad  cost time: 3.1875321865081787
tf.Tensor(-10506.967866152292, shape=(), dtype=float64)
nll_grad  cost time: 3.193967580795288
tf.Tensor(-10509.101244508696, shape=(), dtype=float64)
nll_grad  cost time: 3.171722412109375
tf.Tensor(-10510.244309472451, shape=(), dtype=float64)
nll_grad  cost time: 3.24470591545105
tf.Tensor(-10511.750377351025, shape=(), dtype=float64)
nll_grad  cost time: 3.211658000946045
tf.Tensor(-10513.465228617235, shape=(), dtype=float64)
nll_grad  cost time: 3.2304530143737793
tf.Tensor(-10514.99982947133, shape=(), dtype=float64)
nll_grad  cost time: 3.0955846309661865
tf.Tensor(-10516.246055657575, shape=(), dtype=float64)
nll_grad  cost time: 3.1674017906188965
tf.Tensor(-10517.499386226184, shape=(), dtype=float64)
nll_grad  cost time: 3.0952799320220947
tf.Tensor(-10518.80219257722, shape=(), dtype=float64)
nll_grad  cost time: 3.2228548526763916
tf.Tensor(-10519.507849705209, shape=(), dtype=float64)
nll_grad  cost time: 3.5306928157806396
tf.Tensor(-10520.374566397084, shape=(), dtype=float64)
nll_grad  cost time: 3.1942806243896484
tf.Tensor(-10521.434159997902, shape=(), dtype=float64)
nll_grad  cost time: 3.2124745845794678
tf.Tensor(-10522.495091862867, shape=(), dtype=float64)
nll_grad  cost time: 3.2824413776397705
tf.Tensor(-10522.959061863934, shape=(), dtype=float64)
nll_grad  cost time: 3.202510356903076
tf.Tensor(-10523.76059457069, shape=(), dtype=float64)
nll_grad  cost time: 3.2542006969451904
tf.Tensor(-10525.038237774592, shape=(), dtype=float64)
nll_grad  cost time: 3.2493159770965576
tf.Tensor(-10526.679122117188, shape=(), dtype=float64)
nll_grad  cost time: 3.1839394569396973
tf.Tensor(-10527.520014578593, shape=(), dtype=float64)
nll_grad  cost time: 3.3682591915130615
tf.Tensor(-10528.528257278354, shape=(), dtype=float64)
nll_grad  cost time: 3.2553348541259766
tf.Tensor(-10529.314126307872, shape=(), dtype=float64)
nll_grad  cost time: 3.101606607437134
tf.Tensor(-10529.699691640606, shape=(), dtype=float64)
nll_grad  cost time: 3.1529247760772705
tf.Tensor(-10530.251269588975, shape=(), dtype=float64)
nll_grad  cost time: 3.236588954925537
tf.Tensor(-10530.783341521965, shape=(), dtype=float64)
nll_grad  cost time: 3.060767650604248
tf.Tensor(-10531.280705638623, shape=(), dtype=float64)
nll_grad  cost time: 3.1095831394195557
tf.Tensor(-10531.779657950661, shape=(), dtype=float64)
nll_grad  cost time: 3.2717063426971436
tf.Tensor(-10532.454151110658, shape=(), dtype=float64)
nll_grad  cost time: 3.1937379837036133
tf.Tensor(-10533.447885165762, shape=(), dtype=float64)
nll_grad  cost time: 3.2791237831115723
tf.Tensor(-10534.132984983, shape=(), dtype=float64)
nll_grad  cost time: 3.2035369873046875
tf.Tensor(-10534.826099549682, shape=(), dtype=float64)
nll_grad  cost time: 3.218724250793457
tf.Tensor(-10535.40040230198, shape=(), dtype=float64)
nll_grad  cost time: 3.1625938415527344
tf.Tensor(-10536.153238960513, shape=(), dtype=float64)
nll_grad  cost time: 3.1196889877319336
tf.Tensor(-10537.048363688918, shape=(), dtype=float64)
nll_grad  cost time: 3.23610520362854
tf.Tensor(-10537.969799422535, shape=(), dtype=float64)
nll_grad  cost time: 3.2543931007385254
tf.Tensor(-10538.701277476102, shape=(), dtype=float64)
nll_grad  cost time: 3.4646596908569336
tf.Tensor(-10539.82033718242, shape=(), dtype=float64)
nll_grad  cost time: 3.072857618331909
tf.Tensor(-10541.216756566333, shape=(), dtype=float64)
nll_grad  cost time: 3.158291816711426
tf.Tensor(-10542.501538280296, shape=(), dtype=float64)
nll_grad  cost time: 3.390042543411255
tf.Tensor(-10542.694101154084, shape=(), dtype=float64)
nll_grad  cost time: 3.06394362449646
tf.Tensor(-10543.057505894307, shape=(), dtype=float64)
nll_grad  cost time: 3.035688877105713
tf.Tensor(-10543.740813745819, shape=(), dtype=float64)
nll_grad  cost time: 3.2561490535736084
tf.Tensor(-10544.972397800004, shape=(), dtype=float64)
nll_grad  cost time: 3.257382392883301
tf.Tensor(-10546.739993403753, shape=(), dtype=float64)
nll_grad  cost time: 3.1370553970336914
tf.Tensor(-10548.85573058355, shape=(), dtype=float64)
nll_grad  cost time: 3.148414134979248
tf.Tensor(-10549.414294439244, shape=(), dtype=float64)
nll_grad  cost time: 3.1104607582092285
tf.Tensor(-10550.36201414014, shape=(), dtype=float64)
nll_grad  cost time: 3.2330360412597656
tf.Tensor(-10551.816470140635, shape=(), dtype=float64)
nll_grad  cost time: 3.2441556453704834
tf.Tensor(-10553.604527166222, shape=(), dtype=float64)
nll_grad  cost time: 3.3206067085266113
tf.Tensor(-10554.745125288406, shape=(), dtype=float64)
nll_grad  cost time: 3.292576551437378
tf.Tensor(-10555.748674530849, shape=(), dtype=float64)
nll_grad  cost time: 3.070131540298462
tf.Tensor(-10557.043714578329, shape=(), dtype=float64)
nll_grad  cost time: 3.103182554244995
tf.Tensor(-10558.132386099147, shape=(), dtype=float64)
nll_grad  cost time: 3.3413147926330566
tf.Tensor(-10559.599031571517, shape=(), dtype=float64)
nll_grad  cost time: 3.3427047729492188
tf.Tensor(-10560.35888850817, shape=(), dtype=float64)
nll_grad  cost time: 3.4191994667053223
tf.Tensor(-10561.414786154543, shape=(), dtype=float64)
nll_grad  cost time: 3.3447036743164062
tf.Tensor(-10562.71566236399, shape=(), dtype=float64)
nll_grad  cost time: 3.2623047828674316
tf.Tensor(-10563.599188279855, shape=(), dtype=float64)
nll_grad  cost time: 3.341578722000122
tf.Tensor(-10564.819682166235, shape=(), dtype=float64)
nll_grad  cost time: 3.070751428604126
tf.Tensor(-10566.43406718794, shape=(), dtype=float64)
nll_grad  cost time: 3.140045404434204
tf.Tensor(-10567.89763814761, shape=(), dtype=float64)
nll_grad  cost time: 3.302597761154175
tf.Tensor(-10569.279364943373, shape=(), dtype=float64)
nll_grad  cost time: 3.2296347618103027
tf.Tensor(-10570.16265652542, shape=(), dtype=float64)
nll_grad  cost time: 3.0963284969329834
tf.Tensor(-10571.379011255653, shape=(), dtype=float64)
nll_grad  cost time: 3.221529006958008
tf.Tensor(-10572.681136919047, shape=(), dtype=float64)
nll_grad  cost time: 3.165006637573242
tf.Tensor(-10573.478082453723, shape=(), dtype=float64)
nll_grad  cost time: 3.246626138687134
tf.Tensor(-10574.489320927503, shape=(), dtype=float64)
nll_grad  cost time: 3.3021602630615234
nll_grad  cost time: 3.310272455215454
tf.Tensor(-10574.933258127669, shape=(), dtype=float64)
nll_grad  cost time: 3.3989202976226807
tf.Tensor(-10575.625339761638, shape=(), dtype=float64)
nll_grad  cost time: 3.089871883392334
tf.Tensor(-10576.65574132243, shape=(), dtype=float64)
nll_grad  cost time: 3.0774662494659424
tf.Tensor(-10577.714747091639, shape=(), dtype=float64)
nll_grad  cost time: 3.161445140838623
tf.Tensor(-10578.19085450039, shape=(), dtype=float64)
nll_grad  cost time: 3.3963088989257812
tf.Tensor(-10578.942255895694, shape=(), dtype=float64)
nll_grad  cost time: 3.1623244285583496
tf.Tensor(-10579.973221710527, shape=(), dtype=float64)
nll_grad  cost time: 3.246936798095703
tf.Tensor(-10580.828086762056, shape=(), dtype=float64)
nll_grad  cost time: 3.248356819152832
tf.Tensor(-10581.653359009244, shape=(), dtype=float64)
nll_grad  cost time: 3.316688299179077
tf.Tensor(-10582.329279636702, shape=(), dtype=float64)
nll_grad  cost time: 3.155909299850464
tf.Tensor(-10583.228411087672, shape=(), dtype=float64)
nll_grad  cost time: 3.326829671859741
tf.Tensor(-10584.333705483637, shape=(), dtype=float64)
nll_grad  cost time: 3.245454788208008
tf.Tensor(-10585.128008611187, shape=(), dtype=float64)
nll_grad  cost time: 3.1084728240966797
tf.Tensor(-10586.088861062104, shape=(), dtype=float64)
nll_grad  cost time: 3.144909381866455
tf.Tensor(-10587.106975151415, shape=(), dtype=float64)
nll_grad  cost time: 3.2870912551879883
tf.Tensor(-10587.657354868883, shape=(), dtype=float64)
nll_grad  cost time: 3.136730194091797
tf.Tensor(-10588.330880960406, shape=(), dtype=float64)
nll_grad  cost time: 3.164808988571167
tf.Tensor(-10589.05544374096, shape=(), dtype=float64)
nll_grad  cost time: 3.219825267791748
tf.Tensor(-10589.744269935385, shape=(), dtype=float64)
nll_grad  cost time: 3.300365924835205
tf.Tensor(-10590.613596571944, shape=(), dtype=float64)
nll_grad  cost time: 3.2414498329162598
tf.Tensor(-10591.148427979337, shape=(), dtype=float64)
nll_grad  cost time: 3.0966224670410156
tf.Tensor(-10591.502166536942, shape=(), dtype=float64)
nll_grad  cost time: 3.1870317459106445
tf.Tensor(-10591.944456476696, shape=(), dtype=float64)
nll_grad  cost time: 3.17388653755188
tf.Tensor(-10592.396566921467, shape=(), dtype=float64)
nll_grad  cost time: 3.3214194774627686
tf.Tensor(-10592.673364070768, shape=(), dtype=float64)
nll_grad  cost time: 3.1422195434570312
tf.Tensor(-10593.10925607154, shape=(), dtype=float64)
nll_grad  cost time: 3.1224188804626465
tf.Tensor(-10593.714236674103, shape=(), dtype=float64)
nll_grad  cost time: 3.1582627296447754
tf.Tensor(-10594.078214999892, shape=(), dtype=float64)
nll_grad  cost time: 3.086996078491211
tf.Tensor(-10594.515714889996, shape=(), dtype=float64)
nll_grad  cost time: 3.1804840564727783
tf.Tensor(-10594.83801860069, shape=(), dtype=float64)
nll_grad  cost time: 3.258852005004883
tf.Tensor(-10595.331032043629, shape=(), dtype=float64)
nll_grad  cost time: 3.1974732875823975
tf.Tensor(-10596.010277916372, shape=(), dtype=float64)
nll_grad  cost time: 3.28653883934021
tf.Tensor(-10596.635987065696, shape=(), dtype=float64)
nll_grad  cost time: 3.3273959159851074
nll_grad  cost time: 3.1534745693206787
tf.Tensor(-10596.941110859327, shape=(), dtype=float64)
nll_grad  cost time: 2.99259614944458
tf.Tensor(-10597.380389336766, shape=(), dtype=float64)
nll_grad  cost time: 3.02714467048645
tf.Tensor(-10597.89638988625, shape=(), dtype=float64)
nll_grad  cost time: 3.301096200942993
tf.Tensor(-10598.192456271267, shape=(), dtype=float64)
nll_grad  cost time: 3.260835886001587
tf.Tensor(-10598.529745393687, shape=(), dtype=float64)
nll_grad  cost time: 3.3567280769348145
tf.Tensor(-10598.828915437363, shape=(), dtype=float64)
nll_grad  cost time: 3.2386722564697266
tf.Tensor(-10599.135609922654, shape=(), dtype=float64)
nll_grad  cost time: 3.16152024269104
tf.Tensor(-10599.546234467227, shape=(), dtype=float64)
nll_grad  cost time: 3.0536229610443115
tf.Tensor(-10599.994838329156, shape=(), dtype=float64)
nll_grad  cost time: 3.190788507461548
tf.Tensor(-10600.320037802383, shape=(), dtype=float64)
nll_grad  cost time: 3.168731212615967
tf.Tensor(-10600.817636768457, shape=(), dtype=float64)
nll_grad  cost time: 3.0744056701660156
tf.Tensor(-10601.391647525517, shape=(), dtype=float64)
nll_grad  cost time: 3.2959494590759277
tf.Tensor(-10601.839545618146, shape=(), dtype=float64)
nll_grad  cost time: 3.1925148963928223
tf.Tensor(-10602.479579691593, shape=(), dtype=float64)
nll_grad  cost time: 3.190277099609375
tf.Tensor(-10603.244753436338, shape=(), dtype=float64)
nll_grad  cost time: 3.2978134155273438
tf.Tensor(-10603.617038435288, shape=(), dtype=float64)
nll_grad  cost time: 3.1482183933258057
tf.Tensor(-10604.195042672378, shape=(), dtype=float64)
nll_grad  cost time: 3.142185688018799
tf.Tensor(-10604.875277426028, shape=(), dtype=float64)
nll_grad  cost time: 3.3621304035186768
tf.Tensor(-10605.36410833984, shape=(), dtype=float64)
nll_grad  cost time: 3.2669217586517334
tf.Tensor(-10606.004292863669, shape=(), dtype=float64)
nll_grad  cost time: 3.1191747188568115
tf.Tensor(-10606.642959614168, shape=(), dtype=float64)
nll_grad  cost time: 3.270000457763672
tf.Tensor(-10607.179695597712, shape=(), dtype=float64)
nll_grad  cost time: 3.3373968601226807
tf.Tensor(-10607.594802619496, shape=(), dtype=float64)
nll_grad  cost time: 3.360424280166626
tf.Tensor(-10608.107999209438, shape=(), dtype=float64)
nll_grad  cost time: 3.1883976459503174
tf.Tensor(-10608.70695173894, shape=(), dtype=float64)
nll_grad  cost time: 3.2654190063476562
tf.Tensor(-10609.318863330103, shape=(), dtype=float64)
nll_grad  cost time: 3.1911165714263916
tf.Tensor(-10610.099916602907, shape=(), dtype=float64)
nll_grad  cost time: 3.4908416271209717
tf.Tensor(-10610.653246837253, shape=(), dtype=float64)
nll_grad  cost time: 3.243222713470459
tf.Tensor(-10611.146526230194, shape=(), dtype=float64)
nll_grad  cost time: 3.1973977088928223
tf.Tensor(-10611.623311600226, shape=(), dtype=float64)
nll_grad  cost time: 3.2546229362487793
tf.Tensor(-10611.986375637389, shape=(), dtype=float64)
nll_grad  cost time: 3.2224910259246826
tf.Tensor(-10612.434671562478, shape=(), dtype=float64)
nll_grad  cost time: 3.148512840270996
tf.Tensor(-10612.799685409198, shape=(), dtype=float64)
nll_grad  cost time: 3.2171807289123535
tf.Tensor(-10613.186969079972, shape=(), dtype=float64)
nll_grad  cost time: 3.2847399711608887
tf.Tensor(-10613.569825168903, shape=(), dtype=float64)
nll_grad  cost time: 3.23586368560791
tf.Tensor(-10614.05133332692, shape=(), dtype=float64)
nll_grad  cost time: 3.325571060180664
tf.Tensor(-10614.549040695492, shape=(), dtype=float64)
nll_grad  cost time: 3.259260416030884
tf.Tensor(-10614.936794812653, shape=(), dtype=float64)
nll_grad  cost time: 3.27360463142395
tf.Tensor(-10615.302382640104, shape=(), dtype=float64)
nll_grad  cost time: 3.4367599487304688
tf.Tensor(-10615.757521820458, shape=(), dtype=float64)
nll_grad  cost time: 3.2886178493499756
tf.Tensor(-10616.167013335398, shape=(), dtype=float64)
nll_grad  cost time: 3.070148229598999
tf.Tensor(-10616.49608966089, shape=(), dtype=float64)
nll_grad  cost time: 3.0496397018432617
tf.Tensor(-10616.804985970062, shape=(), dtype=float64)
nll_grad  cost time: 3.1056487560272217
tf.Tensor(-10617.116784668295, shape=(), dtype=float64)
nll_grad  cost time: 3.1651763916015625
tf.Tensor(-10617.34693788024, shape=(), dtype=float64)
nll_grad  cost time: 3.125140905380249
tf.Tensor(-10617.516213349852, shape=(), dtype=float64)
nll_grad  cost time: 3.4574825763702393
tf.Tensor(-10617.705152842456, shape=(), dtype=float64)
nll_grad  cost time: 3.2797579765319824
tf.Tensor(-10617.801993240464, shape=(), dtype=float64)
nll_grad  cost time: 3.1425089836120605
tf.Tensor(-10617.94402783834, shape=(), dtype=float64)
nll_grad  cost time: 3.320317029953003
tf.Tensor(-10618.12894039187, shape=(), dtype=float64)
nll_grad  cost time: 3.3803951740264893
tf.Tensor(-10618.321034524663, shape=(), dtype=float64)
nll_grad  cost time: 3.2661070823669434
tf.Tensor(-10618.52047875015, shape=(), dtype=float64)
nll_grad  cost time: 3.2829296588897705
tf.Tensor(-10618.714360405866, shape=(), dtype=float64)
nll_grad  cost time: 3.1974453926086426
tf.Tensor(-10618.848347820094, shape=(), dtype=float64)
nll_grad  cost time: 3.075411796569824
tf.Tensor(-10618.954755452673, shape=(), dtype=float64)
nll_grad  cost time: 3.135206699371338
tf.Tensor(-10619.078804413723, shape=(), dtype=float64)
nll_grad  cost time: 3.257424831390381
tf.Tensor(-10619.161518978704, shape=(), dtype=float64)
nll_grad  cost time: 3.3253822326660156
tf.Tensor(-10619.247854574867, shape=(), dtype=float64)
nll_grad  cost time: 3.313107490539551
tf.Tensor(-10619.334356008207, shape=(), dtype=float64)
nll_grad  cost time: 3.176086187362671
tf.Tensor(-10619.401482826099, shape=(), dtype=float64)
nll_grad  cost time: 3.146540880203247
tf.Tensor(-10619.48885786035, shape=(), dtype=float64)
nll_grad  cost time: 3.2621233463287354
tf.Tensor(-10619.575537795099, shape=(), dtype=float64)
nll_grad  cost time: 3.026712417602539
tf.Tensor(-10619.67561288875, shape=(), dtype=float64)
nll_grad  cost time: 3.2831084728240967
tf.Tensor(-10619.793567550689, shape=(), dtype=float64)
nll_grad  cost time: 3.4517557621002197
tf.Tensor(-10619.903573991112, shape=(), dtype=float64)
nll_grad  cost time: 3.2132396697998047
tf.Tensor(-10619.985762523298, shape=(), dtype=float64)
nll_grad  cost time: 3.1431772708892822
tf.Tensor(-10620.114713867544, shape=(), dtype=float64)
nll_grad  cost time: 3.338505744934082
tf.Tensor(-10620.292692269628, shape=(), dtype=float64)
nll_grad  cost time: 3.2232723236083984
tf.Tensor(-10620.378111520979, shape=(), dtype=float64)
nll_grad  cost time: 3.3017728328704834
tf.Tensor(-10620.497469632624, shape=(), dtype=float64)
nll_grad  cost time: 3.3387269973754883
tf.Tensor(-10620.606173847358, shape=(), dtype=float64)
nll_grad  cost time: 3.2990739345550537
tf.Tensor(-10620.69316883252, shape=(), dtype=float64)
nll_grad  cost time: 3.159174919128418
tf.Tensor(-10620.789480485953, shape=(), dtype=float64)
nll_grad  cost time: 3.2042150497436523
tf.Tensor(-10620.885117296755, shape=(), dtype=float64)
nll_grad  cost time: 3.330707311630249
tf.Tensor(-10620.966303671601, shape=(), dtype=float64)
nll_grad  cost time: 3.1652398109436035
tf.Tensor(-10621.087429985528, shape=(), dtype=float64)
nll_grad  cost time: 3.203418254852295
tf.Tensor(-10621.25293154396, shape=(), dtype=float64)
nll_grad  cost time: 3.1863489151000977
tf.Tensor(-10621.373221315349, shape=(), dtype=float64)
nll_grad  cost time: 3.1478796005249023
tf.Tensor(-10621.485509702004, shape=(), dtype=float64)
nll_grad  cost time: 3.212745189666748
tf.Tensor(-10621.590583041128, shape=(), dtype=float64)
nll_grad  cost time: 3.0290050506591797
tf.Tensor(-10621.745550632375, shape=(), dtype=float64)
nll_grad  cost time: 3.1338984966278076
tf.Tensor(-10621.956380816642, shape=(), dtype=float64)
nll_grad  cost time: 3.285862922668457
tf.Tensor(-10622.063756622825, shape=(), dtype=float64)
nll_grad  cost time: 3.3553426265716553
tf.Tensor(-10622.231683220874, shape=(), dtype=float64)
nll_grad  cost time: 3.203944683074951
tf.Tensor(-10622.429550694353, shape=(), dtype=float64)
nll_grad  cost time: 3.246507406234741
tf.Tensor(-10622.611148500837, shape=(), dtype=float64)
nll_grad  cost time: 3.2680206298828125
tf.Tensor(-10622.80513459447, shape=(), dtype=float64)
nll_grad  cost time: 3.1391873359680176
tf.Tensor(-10623.037099023408, shape=(), dtype=float64)
nll_grad  cost time: 3.0786185264587402
tf.Tensor(-10623.233796012893, shape=(), dtype=float64)
nll_grad  cost time: 3.3217201232910156
tf.Tensor(-10623.377897471211, shape=(), dtype=float64)
nll_grad  cost time: 3.308405876159668
tf.Tensor(-10623.523915617683, shape=(), dtype=float64)
nll_grad  cost time: 3.236374616622925
tf.Tensor(-10623.655944973918, shape=(), dtype=float64)
nll_grad  cost time: 3.3118278980255127
tf.Tensor(-10623.779483076694, shape=(), dtype=float64)
nll_grad  cost time: 3.3118932247161865
tf.Tensor(-10623.9417701376, shape=(), dtype=float64)
nll_grad  cost time: 3.3443713188171387
tf.Tensor(-10624.119831561387, shape=(), dtype=float64)
nll_grad  cost time: 3.192275285720825
tf.Tensor(-10624.25695796897, shape=(), dtype=float64)
nll_grad  cost time: 3.2392754554748535
tf.Tensor(-10624.405234063597, shape=(), dtype=float64)
nll_grad  cost time: 3.3404343128204346
tf.Tensor(-10624.532924746814, shape=(), dtype=float64)
nll_grad  cost time: 3.2562577724456787
tf.Tensor(-10624.671776476396, shape=(), dtype=float64)
nll_grad  cost time: 3.173370361328125
tf.Tensor(-10624.804932953517, shape=(), dtype=float64)
nll_grad  cost time: 3.133413314819336
tf.Tensor(-10624.90940234502, shape=(), dtype=float64)
nll_grad  cost time: 3.4415993690490723
tf.Tensor(-10625.047216384464, shape=(), dtype=float64)
nll_grad  cost time: 3.2386574745178223
tf.Tensor(-10625.196435938116, shape=(), dtype=float64)
nll_grad  cost time: 3.3219151496887207
tf.Tensor(-10625.31396315869, shape=(), dtype=float64)
nll_grad  cost time: 3.185072660446167
tf.Tensor(-10625.43140981092, shape=(), dtype=float64)
nll_grad  cost time: 3.195899248123169
tf.Tensor(-10625.561520956544, shape=(), dtype=float64)
nll_grad  cost time: 3.2878968715667725
tf.Tensor(-10625.724277668793, shape=(), dtype=float64)
nll_grad  cost time: 3.0379538536071777
tf.Tensor(-10625.955829020804, shape=(), dtype=float64)
nll_grad  cost time: 3.166471004486084
tf.Tensor(-10626.082241646138, shape=(), dtype=float64)
nll_grad  cost time: 3.1418309211730957
tf.Tensor(-10626.252852103342, shape=(), dtype=float64)
nll_grad  cost time: 3.28653621673584
tf.Tensor(-10626.35913927425, shape=(), dtype=float64)
nll_grad  cost time: 3.1992807388305664
tf.Tensor(-10626.494031223065, shape=(), dtype=float64)
nll_grad  cost time: 3.212170362472534
tf.Tensor(-10626.652001884719, shape=(), dtype=float64)
nll_grad  cost time: 3.1168370246887207
tf.Tensor(-10626.748427761751, shape=(), dtype=float64)
nll_grad  cost time: 3.3613574504852295
tf.Tensor(-10626.876782996722, shape=(), dtype=float64)
nll_grad  cost time: 2.9451889991760254
tf.Tensor(-10626.995327243396, shape=(), dtype=float64)
nll_grad  cost time: 3.066559076309204
tf.Tensor(-10627.098066060447, shape=(), dtype=float64)
nll_grad  cost time: 3.1567740440368652
tf.Tensor(-10627.210495967174, shape=(), dtype=float64)
nll_grad  cost time: 3.3182733058929443
tf.Tensor(-10627.353364056657, shape=(), dtype=float64)
nll_grad  cost time: 3.085827112197876
tf.Tensor(-10627.517485097193, shape=(), dtype=float64)
nll_grad  cost time: 3.4586527347564697
tf.Tensor(-10627.644131966703, shape=(), dtype=float64)
nll_grad  cost time: 3.2655932903289795
tf.Tensor(-10627.832150543036, shape=(), dtype=float64)
nll_grad  cost time: 3.121354818344116
tf.Tensor(-10628.100075152004, shape=(), dtype=float64)
nll_grad  cost time: 3.2076027393341064
tf.Tensor(-10628.372681818062, shape=(), dtype=float64)
nll_grad  cost time: 3.082839250564575
tf.Tensor(-10628.601976991933, shape=(), dtype=float64)
nll_grad  cost time: 3.06999135017395
tf.Tensor(-10628.834990259122, shape=(), dtype=float64)
nll_grad  cost time: 3.328718900680542
tf.Tensor(-10629.002181114854, shape=(), dtype=float64)
nll_grad  cost time: 3.1877119541168213
tf.Tensor(-10629.131366007543, shape=(), dtype=float64)
nll_grad  cost time: 3.0947694778442383
tf.Tensor(-10629.292794464378, shape=(), dtype=float64)
nll_grad  cost time: 3.2243480682373047
tf.Tensor(-10629.47547397554, shape=(), dtype=float64)
nll_grad  cost time: 3.120009183883667
tf.Tensor(-10629.65230991218, shape=(), dtype=float64)
nll_grad  cost time: 3.1290669441223145
tf.Tensor(-10629.845054700654, shape=(), dtype=float64)
nll_grad  cost time: 3.0616326332092285
tf.Tensor(-10630.106841189245, shape=(), dtype=float64)
nll_grad  cost time: 3.405129909515381
tf.Tensor(-10630.394560859837, shape=(), dtype=float64)
nll_grad  cost time: 3.1868155002593994
tf.Tensor(-10630.566874267759, shape=(), dtype=float64)
nll_grad  cost time: 3.0590813159942627
tf.Tensor(-10630.771374520311, shape=(), dtype=float64)
nll_grad  cost time: 3.0617408752441406
tf.Tensor(-10630.934025863098, shape=(), dtype=float64)
nll_grad  cost time: 3.1436150074005127
tf.Tensor(-10631.064412116339, shape=(), dtype=float64)
nll_grad  cost time: 3.2978227138519287
tf.Tensor(-10631.243861841485, shape=(), dtype=float64)
nll_grad  cost time: 3.332759141921997
tf.Tensor(-10631.46645686766, shape=(), dtype=float64)
nll_grad  cost time: 3.4143810272216797
tf.Tensor(-10631.576670338709, shape=(), dtype=float64)
nll_grad  cost time: 3.234588146209717
tf.Tensor(-10631.74278676439, shape=(), dtype=float64)
nll_grad  cost time: 3.1943280696868896
tf.Tensor(-10631.942511919173, shape=(), dtype=float64)
nll_grad  cost time: 3.1329872608184814
tf.Tensor(-10632.09985231471, shape=(), dtype=float64)
nll_grad  cost time: 3.0759475231170654
tf.Tensor(-10632.235142609174, shape=(), dtype=float64)
nll_grad  cost time: 3.35604190826416
tf.Tensor(-10632.41601147543, shape=(), dtype=float64)
nll_grad  cost time: 3.172988176345825
tf.Tensor(-10632.60148049322, shape=(), dtype=float64)
nll_grad  cost time: 3.1847145557403564
tf.Tensor(-10632.827747375486, shape=(), dtype=float64)
nll_grad  cost time: 3.2365150451660156
tf.Tensor(-10633.048379563883, shape=(), dtype=float64)
nll_grad  cost time: 3.2966201305389404
tf.Tensor(-10633.19254682977, shape=(), dtype=float64)
nll_grad  cost time: 3.07023024559021
tf.Tensor(-10633.36138607263, shape=(), dtype=float64)
nll_grad  cost time: 3.278350591659546
tf.Tensor(-10633.569871874475, shape=(), dtype=float64)
nll_grad  cost time: 3.13735032081604
tf.Tensor(-10633.76536536813, shape=(), dtype=float64)
nll_grad  cost time: 3.3097174167633057
tf.Tensor(-10633.956159550002, shape=(), dtype=float64)
nll_grad  cost time: 3.287593126296997
tf.Tensor(-10634.12208154906, shape=(), dtype=float64)
nll_grad  cost time: 3.097507953643799
tf.Tensor(-10634.303393642225, shape=(), dtype=float64)
nll_grad  cost time: 3.1904304027557373
tf.Tensor(-10634.479281436117, shape=(), dtype=float64)
nll_grad  cost time: 3.4189860820770264
tf.Tensor(-10634.656939865512, shape=(), dtype=float64)
nll_grad  cost time: 3.276109218597412
tf.Tensor(-10634.873941447073, shape=(), dtype=float64)
nll_grad  cost time: 3.2391772270202637
tf.Tensor(-10635.058437780408, shape=(), dtype=float64)
nll_grad  cost time: 3.306770086288452
tf.Tensor(-10635.208289260445, shape=(), dtype=float64)
nll_grad  cost time: 3.2611284255981445
tf.Tensor(-10635.34031240797, shape=(), dtype=float64)
nll_grad  cost time: 3.1820826530456543
tf.Tensor(-10635.48897277777, shape=(), dtype=float64)
nll_grad  cost time: 3.1013481616973877
tf.Tensor(-10635.626214118798, shape=(), dtype=float64)
nll_grad  cost time: 3.247537136077881
tf.Tensor(-10635.805509295922, shape=(), dtype=float64)
nll_grad  cost time: 3.320005416870117
tf.Tensor(-10636.029854535449, shape=(), dtype=float64)
nll_grad  cost time: 3.127243757247925
tf.Tensor(-10636.241901839061, shape=(), dtype=float64)
nll_grad  cost time: 3.199986219406128
tf.Tensor(-10636.432129861852, shape=(), dtype=float64)
nll_grad  cost time: 3.082402467727661
tf.Tensor(-10636.62141160209, shape=(), dtype=float64)
nll_grad  cost time: 3.0896642208099365
tf.Tensor(-10636.80125208799, shape=(), dtype=float64)
nll_grad  cost time: 3.211480140686035
tf.Tensor(-10636.976438872829, shape=(), dtype=float64)
nll_grad  cost time: 3.131500005722046
tf.Tensor(-10637.130462717978, shape=(), dtype=float64)
nll_grad  cost time: 3.135998487472534
tf.Tensor(-10637.232610686002, shape=(), dtype=float64)
nll_grad  cost time: 3.036464214324951
tf.Tensor(-10637.29311830405, shape=(), dtype=float64)
nll_grad  cost time: 3.1749985218048096
tf.Tensor(-10637.331797482493, shape=(), dtype=float64)
nll_grad  cost time: 3.190979242324829
tf.Tensor(-10637.38324158655, shape=(), dtype=float64)
nll_grad  cost time: 3.2583606243133545
tf.Tensor(-10637.44277828579, shape=(), dtype=float64)
nll_grad  cost time: 3.2679708003997803
tf.Tensor(-10637.506665606648, shape=(), dtype=float64)
nll_grad  cost time: 3.273686170578003
tf.Tensor(-10637.575148381024, shape=(), dtype=float64)
nll_grad  cost time: 3.0942766666412354
tf.Tensor(-10637.637986768023, shape=(), dtype=float64)
nll_grad  cost time: 3.130314350128174
tf.Tensor(-10637.683757391005, shape=(), dtype=float64)
nll_grad  cost time: 3.0089073181152344
tf.Tensor(-10637.736135153584, shape=(), dtype=float64)
nll_grad  cost time: 3.2417218685150146
tf.Tensor(-10637.79003340756, shape=(), dtype=float64)
nll_grad  cost time: 3.148775815963745
tf.Tensor(-10637.817119831521, shape=(), dtype=float64)
nll_grad  cost time: 3.141617774963379
tf.Tensor(-10637.854822674853, shape=(), dtype=float64)
nll_grad  cost time: 3.191080093383789
tf.Tensor(-10637.902255348847, shape=(), dtype=float64)
nll_grad  cost time: 3.052952527999878
tf.Tensor(-10637.945715457216, shape=(), dtype=float64)
nll_grad  cost time: 3.0836830139160156
tf.Tensor(-10638.005521896015, shape=(), dtype=float64)
nll_grad  cost time: 3.3535962104797363
tf.Tensor(-10638.08685777973, shape=(), dtype=float64)
nll_grad  cost time: 3.295802116394043
tf.Tensor(-10638.155284368258, shape=(), dtype=float64)
nll_grad  cost time: 3.1226518154144287
tf.Tensor(-10638.214728669118, shape=(), dtype=float64)
nll_grad  cost time: 3.229506254196167
tf.Tensor(-10638.295492018278, shape=(), dtype=float64)
nll_grad  cost time: 3.2033512592315674
tf.Tensor(-10638.397910355663, shape=(), dtype=float64)
nll_grad  cost time: 3.2878451347351074
tf.Tensor(-10638.443048294459, shape=(), dtype=float64)
nll_grad  cost time: 3.2908363342285156
tf.Tensor(-10638.513901085353, shape=(), dtype=float64)
nll_grad  cost time: 3.274602174758911
tf.Tensor(-10638.607803804043, shape=(), dtype=float64)
nll_grad  cost time: 3.151249885559082
tf.Tensor(-10638.70064014948, shape=(), dtype=float64)
nll_grad  cost time: 3.2299318313598633
tf.Tensor(-10638.790856471715, shape=(), dtype=float64)
nll_grad  cost time: 3.234257459640503
tf.Tensor(-10638.88968627579, shape=(), dtype=float64)
nll_grad  cost time: 3.2944085597991943
tf.Tensor(-10638.999891023319, shape=(), dtype=float64)
nll_grad  cost time: 3.1125335693359375
tf.Tensor(-10639.026970530242, shape=(), dtype=float64)
nll_grad  cost time: 3.303255319595337
tf.Tensor(-10639.076132521324, shape=(), dtype=float64)
nll_grad  cost time: 3.211740255355835
tf.Tensor(-10639.156045241158, shape=(), dtype=float64)
nll_grad  cost time: 3.1987109184265137
tf.Tensor(-10639.209543783196, shape=(), dtype=float64)
nll_grad  cost time: 3.1183388233184814
tf.Tensor(-10639.259833129552, shape=(), dtype=float64)
nll_grad  cost time: 3.165205955505371
tf.Tensor(-10639.304777993617, shape=(), dtype=float64)
nll_grad  cost time: 3.327996253967285
tf.Tensor(-10639.367355830931, shape=(), dtype=float64)
nll_grad  cost time: 3.4084300994873047
tf.Tensor(-10639.44609380576, shape=(), dtype=float64)
nll_grad  cost time: 3.3875176906585693
tf.Tensor(-10639.494260922591, shape=(), dtype=float64)
nll_grad  cost time: 3.2903170585632324
tf.Tensor(-10639.537645624187, shape=(), dtype=float64)
nll_grad  cost time: 3.233140230178833
tf.Tensor(-10639.600914495313, shape=(), dtype=float64)
nll_grad  cost time: 3.225200891494751
tf.Tensor(-10639.695085475156, shape=(), dtype=float64)
nll_grad  cost time: 3.2664058208465576
tf.Tensor(-10639.80144110263, shape=(), dtype=float64)
nll_grad  cost time: 3.4576826095581055
tf.Tensor(-10639.874562570905, shape=(), dtype=float64)
nll_grad  cost time: 2.990048408508301
tf.Tensor(-10639.934941857973, shape=(), dtype=float64)
nll_grad  cost time: 3.140770196914673
tf.Tensor(-10640.02342453751, shape=(), dtype=float64)
nll_grad  cost time: 3.417490005493164
tf.Tensor(-10640.117757199143, shape=(), dtype=float64)
nll_grad  cost time: 3.229726552963257
tf.Tensor(-10640.176730949679, shape=(), dtype=float64)
nll_grad  cost time: 3.2596988677978516
tf.Tensor(-10640.248321752275, shape=(), dtype=float64)
nll_grad  cost time: 3.093583822250366
tf.Tensor(-10640.309315323022, shape=(), dtype=float64)
nll_grad  cost time: 3.2015578746795654
tf.Tensor(-10640.35407460785, shape=(), dtype=float64)
nll_grad  cost time: 3.2530813217163086
tf.Tensor(-10640.407300650557, shape=(), dtype=float64)
nll_grad  cost time: 3.354053258895874
tf.Tensor(-10640.457297136098, shape=(), dtype=float64)
nll_grad  cost time: 3.3187038898468018
tf.Tensor(-10640.494058130455, shape=(), dtype=float64)
nll_grad  cost time: 3.251943588256836
tf.Tensor(-10640.536031131858, shape=(), dtype=float64)
nll_grad  cost time: 3.348003625869751
tf.Tensor(-10640.576849885656, shape=(), dtype=float64)
nll_grad  cost time: 3.335487127304077
tf.Tensor(-10640.608134996422, shape=(), dtype=float64)
nll_grad  cost time: 3.306286096572876
tf.Tensor(-10640.646053596545, shape=(), dtype=float64)
nll_grad  cost time: 3.2558133602142334
tf.Tensor(-10640.67613414109, shape=(), dtype=float64)
nll_grad  cost time: 3.120483636856079
tf.Tensor(-10640.699003647838, shape=(), dtype=float64)
nll_grad  cost time: 3.196739435195923
tf.Tensor(-10640.722809674357, shape=(), dtype=float64)
nll_grad  cost time: 3.2446627616882324
tf.Tensor(-10640.74774428628, shape=(), dtype=float64)
nll_grad  cost time: 3.282597064971924
tf.Tensor(-10640.776148311787, shape=(), dtype=float64)
nll_grad  cost time: 3.2794852256774902
tf.Tensor(-10640.809446657062, shape=(), dtype=float64)
nll_grad  cost time: 3.380361795425415
tf.Tensor(-10640.84261854487, shape=(), dtype=float64)
nll_grad  cost time: 3.3440351486206055
tf.Tensor(-10640.881192755405, shape=(), dtype=float64)
nll_grad  cost time: 3.197248697280884
tf.Tensor(-10640.92799917714, shape=(), dtype=float64)
nll_grad  cost time: 3.148379325866699
tf.Tensor(-10640.968688890942, shape=(), dtype=float64)
nll_grad  cost time: 3.1843700408935547
tf.Tensor(-10641.00020625416, shape=(), dtype=float64)
nll_grad  cost time: 3.327371120452881
tf.Tensor(-10641.027203477315, shape=(), dtype=float64)
nll_grad  cost time: 3.3460311889648438
tf.Tensor(-10641.050064710507, shape=(), dtype=float64)
nll_grad  cost time: 3.1774404048919678
tf.Tensor(-10641.07666710289, shape=(), dtype=float64)
nll_grad  cost time: 3.084474802017212
tf.Tensor(-10641.096744213464, shape=(), dtype=float64)
nll_grad  cost time: 3.054164171218872
tf.Tensor(-10641.117385636651, shape=(), dtype=float64)
nll_grad  cost time: 3.3184659481048584
tf.Tensor(-10641.133297520792, shape=(), dtype=float64)
nll_grad  cost time: 3.2630040645599365
tf.Tensor(-10641.152231164378, shape=(), dtype=float64)
nll_grad  cost time: 3.143584728240967
tf.Tensor(-10641.17480193243, shape=(), dtype=float64)
nll_grad  cost time: 3.2654683589935303
tf.Tensor(-10641.198949649232, shape=(), dtype=float64)
nll_grad  cost time: 3.25549054145813
tf.Tensor(-10641.217089886362, shape=(), dtype=float64)
nll_grad  cost time: 3.1380813121795654
tf.Tensor(-10641.237720002231, shape=(), dtype=float64)
nll_grad  cost time: 3.315556764602661
tf.Tensor(-10641.261313186238, shape=(), dtype=float64)
nll_grad  cost time: 3.1460275650024414
tf.Tensor(-10641.282284185247, shape=(), dtype=float64)
nll_grad  cost time: 3.3280935287475586
tf.Tensor(-10641.301756929955, shape=(), dtype=float64)
nll_grad  cost time: 3.29207444190979
tf.Tensor(-10641.322987736014, shape=(), dtype=float64)
nll_grad  cost time: 3.361895799636841
tf.Tensor(-10641.352114329791, shape=(), dtype=float64)
nll_grad  cost time: 3.604661703109741
tf.Tensor(-10641.380164434384, shape=(), dtype=float64)
nll_grad  cost time: 3.223264694213867
tf.Tensor(-10641.409936877957, shape=(), dtype=float64)
nll_grad  cost time: 3.2207190990448
tf.Tensor(-10641.440016498163, shape=(), dtype=float64)
nll_grad  cost time: 3.2910115718841553
tf.Tensor(-10641.472300721318, shape=(), dtype=float64)
nll_grad  cost time: 3.290041208267212
tf.Tensor(-10641.508094722914, shape=(), dtype=float64)
nll_grad  cost time: 3.1352293491363525
tf.Tensor(-10641.537960459624, shape=(), dtype=float64)
nll_grad  cost time: 3.14800763130188
tf.Tensor(-10641.560090304927, shape=(), dtype=float64)
nll_grad  cost time: 3.081956148147583
tf.Tensor(-10641.576314337843, shape=(), dtype=float64)
nll_grad  cost time: 3.1862354278564453
tf.Tensor(-10641.591064344939, shape=(), dtype=float64)
nll_grad  cost time: 3.237577438354492
tf.Tensor(-10641.60592393396, shape=(), dtype=float64)
nll_grad  cost time: 3.2066810131073
tf.Tensor(-10641.623213729617, shape=(), dtype=float64)
nll_grad  cost time: 3.116938352584839
tf.Tensor(-10641.64805581177, shape=(), dtype=float64)
nll_grad  cost time: 3.0741074085235596
tf.Tensor(-10641.67654645542, shape=(), dtype=float64)
nll_grad  cost time: 3.1137778759002686
tf.Tensor(-10641.708075910545, shape=(), dtype=float64)
nll_grad  cost time: 3.3264782428741455
tf.Tensor(-10641.739128908666, shape=(), dtype=float64)
nll_grad  cost time: 3.2787270545959473
tf.Tensor(-10641.772085116441, shape=(), dtype=float64)
nll_grad  cost time: 3.3388421535491943
tf.Tensor(-10641.808034827474, shape=(), dtype=float64)
nll_grad  cost time: 3.228923797607422
tf.Tensor(-10641.848005327796, shape=(), dtype=float64)
nll_grad  cost time: 3.3617825508117676
tf.Tensor(-10641.878878365038, shape=(), dtype=float64)
nll_grad  cost time: 3.2418322563171387
tf.Tensor(-10641.90989610285, shape=(), dtype=float64)
nll_grad  cost time: 3.1780998706817627
tf.Tensor(-10641.944849147614, shape=(), dtype=float64)
nll_grad  cost time: 3.116346836090088
tf.Tensor(-10641.977308201152, shape=(), dtype=float64)
nll_grad  cost time: 2.9789156913757324
tf.Tensor(-10642.005536783363, shape=(), dtype=float64)
nll_grad  cost time: 3.133267402648926
tf.Tensor(-10642.03012409382, shape=(), dtype=float64)
nll_grad  cost time: 3.1189911365509033
tf.Tensor(-10642.057318807441, shape=(), dtype=float64)
nll_grad  cost time: 3.114532232284546
tf.Tensor(-10642.094603002013, shape=(), dtype=float64)
nll_grad  cost time: 3.329042434692383
tf.Tensor(-10642.139906519253, shape=(), dtype=float64)
nll_grad  cost time: 3.2339537143707275
tf.Tensor(-10642.166845947868, shape=(), dtype=float64)
nll_grad  cost time: 3.355947494506836
tf.Tensor(-10642.199250814643, shape=(), dtype=float64)
nll_grad  cost time: 3.375211000442505
tf.Tensor(-10642.227913883718, shape=(), dtype=float64)
nll_grad  cost time: 3.3988468647003174
tf.Tensor(-10642.258662473076, shape=(), dtype=float64)
nll_grad  cost time: 3.227358341217041
tf.Tensor(-10642.295831129275, shape=(), dtype=float64)
nll_grad  cost time: 3.306858539581299
tf.Tensor(-10642.339034522105, shape=(), dtype=float64)
nll_grad  cost time: 3.2458081245422363
nll_grad  cost time: 3.1602180004119873
tf.Tensor(-10642.363325593396, shape=(), dtype=float64)
nll_grad  cost time: 3.3537259101867676
tf.Tensor(-10642.394898351988, shape=(), dtype=float64)
nll_grad  cost time: 3.2649829387664795
tf.Tensor(-10642.430988264758, shape=(), dtype=float64)
nll_grad  cost time: 3.2140603065490723
tf.Tensor(-10642.478676304105, shape=(), dtype=float64)
nll_grad  cost time: 3.0702552795410156
tf.Tensor(-10642.53143585426, shape=(), dtype=float64)
nll_grad  cost time: 3.131596088409424
tf.Tensor(-10642.579454424602, shape=(), dtype=float64)
nll_grad  cost time: 3.137604236602783
tf.Tensor(-10642.615728050798, shape=(), dtype=float64)
nll_grad  cost time: 3.094244956970215
tf.Tensor(-10642.632495426442, shape=(), dtype=float64)
nll_grad  cost time: 3.1404318809509277
tf.Tensor(-10642.65626136971, shape=(), dtype=float64)
nll_grad  cost time: 3.269538402557373
tf.Tensor(-10642.683596645169, shape=(), dtype=float64)
nll_grad  cost time: 3.1679835319519043
tf.Tensor(-10642.705912456913, shape=(), dtype=float64)
nll_grad  cost time: 3.0361745357513428
tf.Tensor(-10642.735706296655, shape=(), dtype=float64)
nll_grad  cost time: 3.1576340198516846
tf.Tensor(-10642.779007210476, shape=(), dtype=float64)
nll_grad  cost time: 3.0866503715515137
tf.Tensor(-10642.823448217365, shape=(), dtype=float64)
nll_grad  cost time: 3.095308542251587
tf.Tensor(-10642.875979315635, shape=(), dtype=float64)
nll_grad  cost time: 3.268819808959961
tf.Tensor(-10642.91727943594, shape=(), dtype=float64)
nll_grad  cost time: 3.2646543979644775
tf.Tensor(-10642.970189019412, shape=(), dtype=float64)
nll_grad  cost time: 3.6047439575195312
tf.Tensor(-10643.025168305248, shape=(), dtype=float64)
nll_grad  cost time: 3.08359956741333
tf.Tensor(-10643.075458880798, shape=(), dtype=float64)
nll_grad  cost time: 3.106609582901001
tf.Tensor(-10643.118116931262, shape=(), dtype=float64)
nll_grad  cost time: 3.228236675262451
tf.Tensor(-10643.16406933128, shape=(), dtype=float64)
nll_grad  cost time: 3.1936047077178955
tf.Tensor(-10643.207458364785, shape=(), dtype=float64)
nll_grad  cost time: 3.1772665977478027
tf.Tensor(-10643.252524235868, shape=(), dtype=float64)
nll_grad  cost time: 3.228943347930908
nll_grad  cost time: 3.265084743499756
tf.Tensor(-10643.277715176431, shape=(), dtype=float64)
nll_grad  cost time: 3.202254295349121
tf.Tensor(-10643.315116968784, shape=(), dtype=float64)
nll_grad  cost time: 3.138453722000122
tf.Tensor(-10643.36692033722, shape=(), dtype=float64)
nll_grad  cost time: 3.1876883506774902
tf.Tensor(-10643.424890574628, shape=(), dtype=float64)
nll_grad  cost time: 3.2090470790863037
tf.Tensor(-10643.47581181395, shape=(), dtype=float64)
nll_grad  cost time: 3.352551221847534
tf.Tensor(-10643.531572038111, shape=(), dtype=float64)
nll_grad  cost time: 3.2963180541992188
tf.Tensor(-10643.592247445638, shape=(), dtype=float64)
nll_grad  cost time: 3.0948901176452637
tf.Tensor(-10643.65012351027, shape=(), dtype=float64)
nll_grad  cost time: 3.2336878776550293
tf.Tensor(-10643.69862302945, shape=(), dtype=float64)
nll_grad  cost time: 3.29906964302063
tf.Tensor(-10643.75888226879, shape=(), dtype=float64)
nll_grad  cost time: 3.3336424827575684
tf.Tensor(-10643.814740539747, shape=(), dtype=float64)
nll_grad  cost time: 3.3310415744781494
tf.Tensor(-10643.854149729217, shape=(), dtype=float64)
nll_grad  cost time: 3.381218910217285
tf.Tensor(-10643.892882470835, shape=(), dtype=float64)
nll_grad  cost time: 3.3315677642822266
tf.Tensor(-10643.925994720157, shape=(), dtype=float64)
nll_grad  cost time: 3.271463632583618
tf.Tensor(-10643.953944547698, shape=(), dtype=float64)
nll_grad  cost time: 3.2450783252716064
tf.Tensor(-10643.979497761684, shape=(), dtype=float64)
nll_grad  cost time: 3.140122413635254
tf.Tensor(-10644.005273026807, shape=(), dtype=float64)
nll_grad  cost time: 3.052014112472534
tf.Tensor(-10644.03317389542, shape=(), dtype=float64)
nll_grad  cost time: 3.159888744354248
tf.Tensor(-10644.053746078229, shape=(), dtype=float64)
nll_grad  cost time: 3.292271375656128
tf.Tensor(-10644.075636474714, shape=(), dtype=float64)
nll_grad  cost time: 3.1124565601348877
tf.Tensor(-10644.105291184205, shape=(), dtype=float64)
nll_grad  cost time: 3.2561185359954834
tf.Tensor(-10644.144888958712, shape=(), dtype=float64)
nll_grad  cost time: 3.2243854999542236
tf.Tensor(-10644.184494844529, shape=(), dtype=float64)
nll_grad  cost time: 3.2501485347747803
tf.Tensor(-10644.211010903608, shape=(), dtype=float64)
nll_grad  cost time: 3.3760550022125244
tf.Tensor(-10644.23786989347, shape=(), dtype=float64)
nll_grad  cost time: 3.2862820625305176
tf.Tensor(-10644.255446068993, shape=(), dtype=float64)
nll_grad  cost time: 3.223538637161255
tf.Tensor(-10644.278780532972, shape=(), dtype=float64)
nll_grad  cost time: 3.1378180980682373
tf.Tensor(-10644.30608749132, shape=(), dtype=float64)
nll_grad  cost time: 3.0877621173858643
tf.Tensor(-10644.335933825198, shape=(), dtype=float64)
nll_grad  cost time: 3.21589994430542
tf.Tensor(-10644.36564355449, shape=(), dtype=float64)
nll_grad  cost time: 3.4306600093841553
tf.Tensor(-10644.395156287137, shape=(), dtype=float64)
nll_grad  cost time: 3.1594583988189697
tf.Tensor(-10644.423282133932, shape=(), dtype=float64)
nll_grad  cost time: 3.2159790992736816
tf.Tensor(-10644.457101933855, shape=(), dtype=float64)
nll_grad  cost time: 3.266540050506592
tf.Tensor(-10644.484524148938, shape=(), dtype=float64)
nll_grad  cost time: 3.3035526275634766
tf.Tensor(-10644.50710359218, shape=(), dtype=float64)
nll_grad  cost time: 3.1842403411865234
tf.Tensor(-10644.523947916896, shape=(), dtype=float64)
nll_grad  cost time: 3.2233943939208984
tf.Tensor(-10644.542882269932, shape=(), dtype=float64)
nll_grad  cost time: 3.252044677734375
tf.Tensor(-10644.557395038588, shape=(), dtype=float64)
nll_grad  cost time: 3.269988536834717
tf.Tensor(-10644.571404673516, shape=(), dtype=float64)
nll_grad  cost time: 3.069734573364258
tf.Tensor(-10644.589253510057, shape=(), dtype=float64)
nll_grad  cost time: 3.1575281620025635
tf.Tensor(-10644.606322888969, shape=(), dtype=float64)
nll_grad  cost time: 3.309441089630127
tf.Tensor(-10644.619346408035, shape=(), dtype=float64)
nll_grad  cost time: 3.3899214267730713
tf.Tensor(-10644.630339260773, shape=(), dtype=float64)
nll_grad  cost time: 3.299792766571045
tf.Tensor(-10644.64126689428, shape=(), dtype=float64)
nll_grad  cost time: 3.3227248191833496
tf.Tensor(-10644.652218089323, shape=(), dtype=float64)
nll_grad  cost time: 3.1993813514709473
tf.Tensor(-10644.669026925534, shape=(), dtype=float64)
nll_grad  cost time: 3.192091226577759
tf.Tensor(-10644.692991910299, shape=(), dtype=float64)
nll_grad  cost time: 3.2214202880859375
tf.Tensor(-10644.7168312153, shape=(), dtype=float64)
nll_grad  cost time: 3.308434247970581
tf.Tensor(-10644.737077154954, shape=(), dtype=float64)
nll_grad  cost time: 3.323786497116089
tf.Tensor(-10644.756512077482, shape=(), dtype=float64)
nll_grad  cost time: 3.2751872539520264
tf.Tensor(-10644.775263404234, shape=(), dtype=float64)
nll_grad  cost time: 3.3907053470611572
tf.Tensor(-10644.793515163663, shape=(), dtype=float64)
nll_grad  cost time: 3.2071170806884766
tf.Tensor(-10644.820863315123, shape=(), dtype=float64)
nll_grad  cost time: 3.1214325428009033
tf.Tensor(-10644.86385640721, shape=(), dtype=float64)
nll_grad  cost time: 3.1663410663604736
tf.Tensor(-10644.927123756694, shape=(), dtype=float64)
nll_grad  cost time: 3.1371071338653564
tf.Tensor(-10645.011162312818, shape=(), dtype=float64)
nll_grad  cost time: 3.238457202911377
tf.Tensor(-10645.125137844567, shape=(), dtype=float64)
nll_grad  cost time: 3.4753026962280273
tf.Tensor(-10645.272427215277, shape=(), dtype=float64)
nll_grad  cost time: 3.2979185581207275
nll_grad  cost time: 3.2696120738983154
tf.Tensor(-10645.37837184914, shape=(), dtype=float64)
nll_grad  cost time: 3.3326950073242188
tf.Tensor(-10645.55514455722, shape=(), dtype=float64)
nll_grad  cost time: 3.2861440181732178
tf.Tensor(-10645.835854265948, shape=(), dtype=float64)
nll_grad  cost time: 3.2016565799713135
tf.Tensor(-10646.272634626439, shape=(), dtype=float64)
nll_grad  cost time: 3.1737711429595947
tf.Tensor(-10646.823164584159, shape=(), dtype=float64)
nll_grad  cost time: 3.055913209915161
tf.Tensor(-10647.163602414344, shape=(), dtype=float64)
nll_grad  cost time: 3.0045013427734375
tf.Tensor(-10647.661440585114, shape=(), dtype=float64)
nll_grad  cost time: 2.9516351222991943
tf.Tensor(-10648.378671517243, shape=(), dtype=float64)
nll_grad  cost time: 3.486480474472046
tf.Tensor(-10649.142615726876, shape=(), dtype=float64)
nll_grad  cost time: 3.1274914741516113
tf.Tensor(-10650.052692672718, shape=(), dtype=float64)
nll_grad  cost time: 3.158210277557373
tf.Tensor(-10650.419379236759, shape=(), dtype=float64)
nll_grad  cost time: 3.3597683906555176
tf.Tensor(-10650.992772284262, shape=(), dtype=float64)
nll_grad  cost time: 3.257084369659424
tf.Tensor(-10651.452896942963, shape=(), dtype=float64)
nll_grad  cost time: 3.2729334831237793
tf.Tensor(-10651.658635734202, shape=(), dtype=float64)
nll_grad  cost time: 3.22733736038208
tf.Tensor(-10651.940664795398, shape=(), dtype=float64)
nll_grad  cost time: 3.269759178161621
tf.Tensor(-10652.26941202367, shape=(), dtype=float64)
nll_grad  cost time: 3.200169086456299
tf.Tensor(-10652.551032685267, shape=(), dtype=float64)
nll_grad  cost time: 3.068573474884033
tf.Tensor(-10652.874803211576, shape=(), dtype=float64)
nll_grad  cost time: 3.185110330581665
tf.Tensor(-10653.031357923694, shape=(), dtype=float64)
nll_grad  cost time: 3.216219663619995
tf.Tensor(-10653.199403323644, shape=(), dtype=float64)
nll_grad  cost time: 3.2754673957824707
tf.Tensor(-10653.363578810018, shape=(), dtype=float64)
nll_grad  cost time: 3.237644910812378
tf.Tensor(-10653.517921981798, shape=(), dtype=float64)
nll_grad  cost time: 2.9927785396575928
tf.Tensor(-10653.703385997997, shape=(), dtype=float64)
nll_grad  cost time: 3.0377442836761475
tf.Tensor(-10653.845268082096, shape=(), dtype=float64)
nll_grad  cost time: 3.1939361095428467
tf.Tensor(-10653.999096478401, shape=(), dtype=float64)
nll_grad  cost time: 3.175971508026123
tf.Tensor(-10654.127581761139, shape=(), dtype=float64)
nll_grad  cost time: 3.202078342437744
tf.Tensor(-10654.235533912157, shape=(), dtype=float64)
nll_grad  cost time: 3.3402886390686035
tf.Tensor(-10654.335839456355, shape=(), dtype=float64)
nll_grad  cost time: 3.0487945079803467
tf.Tensor(-10654.467384615731, shape=(), dtype=float64)
nll_grad  cost time: 2.987274169921875
tf.Tensor(-10654.557059002727, shape=(), dtype=float64)
nll_grad  cost time: 3.2242801189422607
tf.Tensor(-10654.646083088788, shape=(), dtype=float64)
nll_grad  cost time: 3.0306930541992188
tf.Tensor(-10654.72431925832, shape=(), dtype=float64)
nll_grad  cost time: 3.122523546218872
tf.Tensor(-10654.82766405736, shape=(), dtype=float64)
nll_grad  cost time: 3.0669918060302734
tf.Tensor(-10654.94772233384, shape=(), dtype=float64)
nll_grad  cost time: 3.082951784133911
tf.Tensor(-10655.082569938473, shape=(), dtype=float64)
nll_grad  cost time: 3.1606059074401855
tf.Tensor(-10655.224245488767, shape=(), dtype=float64)
nll_grad  cost time: 3.044762372970581
tf.Tensor(-10655.323248974048, shape=(), dtype=float64)
nll_grad  cost time: 3.1342291831970215
tf.Tensor(-10655.424643820152, shape=(), dtype=float64)
nll_grad  cost time: 3.2909185886383057
tf.Tensor(-10655.54438605078, shape=(), dtype=float64)
nll_grad  cost time: 3.29555082321167
tf.Tensor(-10655.633262707488, shape=(), dtype=float64)
nll_grad  cost time: 3.444396734237671
tf.Tensor(-10655.714962496975, shape=(), dtype=float64)
nll_grad  cost time: 3.15811824798584
tf.Tensor(-10655.803855227176, shape=(), dtype=float64)
nll_grad  cost time: 3.102311134338379
tf.Tensor(-10655.871000287509, shape=(), dtype=float64)
nll_grad  cost time: 3.121734142303467
tf.Tensor(-10655.929260931509, shape=(), dtype=float64)
nll_grad  cost time: 3.1851110458374023
tf.Tensor(-10655.989345044058, shape=(), dtype=float64)
nll_grad  cost time: 3.4625582695007324
tf.Tensor(-10656.072105102561, shape=(), dtype=float64)
nll_grad  cost time: 3.4227135181427
tf.Tensor(-10656.190323703857, shape=(), dtype=float64)
nll_grad  cost time: 3.2054970264434814
tf.Tensor(-10656.31689603161, shape=(), dtype=float64)
nll_grad  cost time: 3.09285044670105
tf.Tensor(-10656.411185488221, shape=(), dtype=float64)
nll_grad  cost time: 3.302224636077881
tf.Tensor(-10656.510544354962, shape=(), dtype=float64)
nll_grad  cost time: 3.2631702423095703
tf.Tensor(-10656.583919557117, shape=(), dtype=float64)
nll_grad  cost time: 3.173213481903076
tf.Tensor(-10656.659250513607, shape=(), dtype=float64)
nll_grad  cost time: 3.279688835144043
tf.Tensor(-10656.74852308334, shape=(), dtype=float64)
nll_grad  cost time: 3.2146222591400146
tf.Tensor(-10656.842514118944, shape=(), dtype=float64)
nll_grad  cost time: 3.136042594909668
tf.Tensor(-10656.933389215832, shape=(), dtype=float64)
nll_grad  cost time: 3.2815072536468506
tf.Tensor(-10657.01151396375, shape=(), dtype=float64)
nll_grad  cost time: 3.3454296588897705
tf.Tensor(-10657.109583255165, shape=(), dtype=float64)
nll_grad  cost time: 3.0288877487182617
tf.Tensor(-10657.242668908388, shape=(), dtype=float64)
nll_grad  cost time: 3.4670403003692627
tf.Tensor(-10657.356573729085, shape=(), dtype=float64)
nll_grad  cost time: 3.245065212249756
tf.Tensor(-10657.45579020906, shape=(), dtype=float64)
nll_grad  cost time: 3.2208850383758545
tf.Tensor(-10657.56931853851, shape=(), dtype=float64)
nll_grad  cost time: 3.192331552505493
tf.Tensor(-10657.662218132384, shape=(), dtype=float64)
nll_grad  cost time: 3.261631965637207
tf.Tensor(-10657.730677821113, shape=(), dtype=float64)
nll_grad  cost time: 3.2240025997161865
tf.Tensor(-10657.820614584089, shape=(), dtype=float64)
nll_grad  cost time: 3.458958864212036
tf.Tensor(-10657.931058170281, shape=(), dtype=float64)
nll_grad  cost time: 3.0943427085876465
tf.Tensor(-10658.037291051944, shape=(), dtype=float64)
nll_grad  cost time: 3.0789685249328613
tf.Tensor(-10658.106053383744, shape=(), dtype=float64)
nll_grad  cost time: 3.2582039833068848
tf.Tensor(-10658.186992629286, shape=(), dtype=float64)
nll_grad  cost time: 3.1324141025543213
tf.Tensor(-10658.257717033943, shape=(), dtype=float64)
nll_grad  cost time: 3.102989912033081
tf.Tensor(-10658.320194339576, shape=(), dtype=float64)
nll_grad  cost time: 3.1913058757781982
tf.Tensor(-10658.364248763399, shape=(), dtype=float64)
nll_grad  cost time: 3.2019691467285156
tf.Tensor(-10658.401159380264, shape=(), dtype=float64)
nll_grad  cost time: 3.113940954208374
tf.Tensor(-10658.44305431065, shape=(), dtype=float64)
nll_grad  cost time: 3.314646005630493
tf.Tensor(-10658.498337854959, shape=(), dtype=float64)
nll_grad  cost time: 3.127758026123047
tf.Tensor(-10658.525387286347, shape=(), dtype=float64)
nll_grad  cost time: 3.2096288204193115
tf.Tensor(-10658.567532111636, shape=(), dtype=float64)
nll_grad  cost time: 3.298131227493286
tf.Tensor(-10658.622165622015, shape=(), dtype=float64)
nll_grad  cost time: 3.180574655532837
tf.Tensor(-10658.659482658783, shape=(), dtype=float64)
nll_grad  cost time: 3.028311252593994
tf.Tensor(-10658.695068935689, shape=(), dtype=float64)
nll_grad  cost time: 3.2293055057525635
tf.Tensor(-10658.73758611842, shape=(), dtype=float64)
nll_grad  cost time: 3.2565689086914062
tf.Tensor(-10658.771674789175, shape=(), dtype=float64)
nll_grad  cost time: 3.2391185760498047
tf.Tensor(-10658.809406083696, shape=(), dtype=float64)
nll_grad  cost time: 3.1502692699432373
tf.Tensor(-10658.847021674766, shape=(), dtype=float64)
nll_grad  cost time: 3.3655409812927246
tf.Tensor(-10658.889103558082, shape=(), dtype=float64)
nll_grad  cost time: 3.178123950958252
tf.Tensor(-10658.94486720056, shape=(), dtype=float64)
nll_grad  cost time: 3.3354709148406982
tf.Tensor(-10658.988351145803, shape=(), dtype=float64)
nll_grad  cost time: 3.2132320404052734
tf.Tensor(-10659.028731670449, shape=(), dtype=float64)
nll_grad  cost time: 3.1447858810424805
tf.Tensor(-10659.079521714346, shape=(), dtype=float64)
nll_grad  cost time: 3.16581130027771
tf.Tensor(-10659.122339522051, shape=(), dtype=float64)
nll_grad  cost time: 3.1262733936309814
tf.Tensor(-10659.158448595794, shape=(), dtype=float64)
nll_grad  cost time: 3.203392505645752
tf.Tensor(-10659.191464168238, shape=(), dtype=float64)
nll_grad  cost time: 3.1086859703063965
tf.Tensor(-10659.225250867581, shape=(), dtype=float64)
nll_grad  cost time: 3.191284656524658
tf.Tensor(-10659.265928061104, shape=(), dtype=float64)
nll_grad  cost time: 3.151228666305542
tf.Tensor(-10659.304117232605, shape=(), dtype=float64)
nll_grad  cost time: 3.317747116088867
tf.Tensor(-10659.334710727955, shape=(), dtype=float64)
nll_grad  cost time: 3.2956740856170654
tf.Tensor(-10659.358048640475, shape=(), dtype=float64)
nll_grad  cost time: 3.242621660232544
tf.Tensor(-10659.38205547227, shape=(), dtype=float64)
nll_grad  cost time: 3.3108057975769043
tf.Tensor(-10659.41510695724, shape=(), dtype=float64)
nll_grad  cost time: 3.2545764446258545
tf.Tensor(-10659.45397551055, shape=(), dtype=float64)
nll_grad  cost time: 3.33902645111084
tf.Tensor(-10659.487641298125, shape=(), dtype=float64)
nll_grad  cost time: 3.332334280014038
tf.Tensor(-10659.524849488887, shape=(), dtype=float64)
nll_grad  cost time: 3.467820644378662
tf.Tensor(-10659.56014781179, shape=(), dtype=float64)
nll_grad  cost time: 3.1488382816314697
tf.Tensor(-10659.584914463238, shape=(), dtype=float64)
nll_grad  cost time: 3.2685344219207764
tf.Tensor(-10659.61091246661, shape=(), dtype=float64)
nll_grad  cost time: 3.360015392303467
tf.Tensor(-10659.639256932067, shape=(), dtype=float64)
nll_grad  cost time: 3.2934792041778564
tf.Tensor(-10659.665438396652, shape=(), dtype=float64)
nll_grad  cost time: 3.080916166305542
tf.Tensor(-10659.694020834278, shape=(), dtype=float64)
nll_grad  cost time: 3.3381924629211426
tf.Tensor(-10659.724122366868, shape=(), dtype=float64)
nll_grad  cost time: 3.0987613201141357
tf.Tensor(-10659.751478874496, shape=(), dtype=float64)
nll_grad  cost time: 3.0448734760284424
tf.Tensor(-10659.774626387829, shape=(), dtype=float64)
nll_grad  cost time: 3.4456326961517334
tf.Tensor(-10659.7971716315, shape=(), dtype=float64)
nll_grad  cost time: 3.1703076362609863
tf.Tensor(-10659.82435407261, shape=(), dtype=float64)
nll_grad  cost time: 3.226997137069702
tf.Tensor(-10659.863018251126, shape=(), dtype=float64)
nll_grad  cost time: 3.6379337310791016
tf.Tensor(-10659.907848755953, shape=(), dtype=float64)
nll_grad  cost time: 3.3810081481933594
tf.Tensor(-10659.955169761743, shape=(), dtype=float64)
nll_grad  cost time: 3.0360565185546875
tf.Tensor(-10659.998237267806, shape=(), dtype=float64)
nll_grad  cost time: 3.200000047683716
tf.Tensor(-10660.03447514239, shape=(), dtype=float64)
nll_grad  cost time: 3.2359619140625
tf.Tensor(-10660.064057175092, shape=(), dtype=float64)
nll_grad  cost time: 3.358187198638916
tf.Tensor(-10660.094757887011, shape=(), dtype=float64)
nll_grad  cost time: 3.4309568405151367
tf.Tensor(-10660.136257596845, shape=(), dtype=float64)
nll_grad  cost time: 3.4755451679229736
tf.Tensor(-10660.18725580992, shape=(), dtype=float64)
nll_grad  cost time: 3.243415594100952
tf.Tensor(-10660.214726526094, shape=(), dtype=float64)
nll_grad  cost time: 3.3515591621398926
tf.Tensor(-10660.231952119553, shape=(), dtype=float64)
nll_grad  cost time: 3.3533504009246826
tf.Tensor(-10660.254512584354, shape=(), dtype=float64)
nll_grad  cost time: 3.3232486248016357
tf.Tensor(-10660.279393708195, shape=(), dtype=float64)
nll_grad  cost time: 3.200913667678833
tf.Tensor(-10660.303138871255, shape=(), dtype=float64)
nll_grad  cost time: 3.279083013534546
tf.Tensor(-10660.331865702763, shape=(), dtype=float64)
nll_grad  cost time: 3.255842447280884
tf.Tensor(-10660.364290238402, shape=(), dtype=float64)
nll_grad  cost time: 3.26977276802063
tf.Tensor(-10660.387483733015, shape=(), dtype=float64)
nll_grad  cost time: 3.2564146518707275
tf.Tensor(-10660.41370842079, shape=(), dtype=float64)
nll_grad  cost time: 3.14489483833313
tf.Tensor(-10660.438659847816, shape=(), dtype=float64)
nll_grad  cost time: 3.253462314605713
tf.Tensor(-10660.454888204906, shape=(), dtype=float64)
nll_grad  cost time: 3.3775413036346436
tf.Tensor(-10660.473188424417, shape=(), dtype=float64)
nll_grad  cost time: 3.294552803039551
tf.Tensor(-10660.490629889573, shape=(), dtype=float64)
nll_grad  cost time: 3.2456166744232178
tf.Tensor(-10660.501380614449, shape=(), dtype=float64)
nll_grad  cost time: 3.1934497356414795
tf.Tensor(-10660.515359786878, shape=(), dtype=float64)
nll_grad  cost time: 3.2470548152923584
tf.Tensor(-10660.531668861586, shape=(), dtype=float64)
nll_grad  cost time: 2.994842290878296
tf.Tensor(-10660.546433771982, shape=(), dtype=float64)
nll_grad  cost time: 3.1886379718780518
tf.Tensor(-10660.560509609597, shape=(), dtype=float64)
nll_grad  cost time: 3.247436046600342
tf.Tensor(-10660.569780415317, shape=(), dtype=float64)
nll_grad  cost time: 3.2586705684661865
tf.Tensor(-10660.576018641448, shape=(), dtype=float64)
nll_grad  cost time: 3.234283208847046
tf.Tensor(-10660.581310379901, shape=(), dtype=float64)
nll_grad  cost time: 3.0930683612823486
tf.Tensor(-10660.588117555977, shape=(), dtype=float64)
nll_grad  cost time: 3.197279214859009
tf.Tensor(-10660.592849093679, shape=(), dtype=float64)
nll_grad  cost time: 3.204457998275757
tf.Tensor(-10660.596928893603, shape=(), dtype=float64)
nll_grad  cost time: 3.247553825378418
tf.Tensor(-10660.601008963706, shape=(), dtype=float64)
nll_grad  cost time: 3.2773306369781494
tf.Tensor(-10660.607041024079, shape=(), dtype=float64)
nll_grad  cost time: 3.304269313812256
tf.Tensor(-10660.614348052273, shape=(), dtype=float64)
nll_grad  cost time: 3.348998785018921
tf.Tensor(-10660.621845079244, shape=(), dtype=float64)
nll_grad  cost time: 3.149858236312866
tf.Tensor(-10660.630043087513, shape=(), dtype=float64)
nll_grad  cost time: 3.358139753341675
tf.Tensor(-10660.63746415636, shape=(), dtype=float64)
nll_grad  cost time: 3.3566038608551025
tf.Tensor(-10660.643526542917, shape=(), dtype=float64)
nll_grad  cost time: 3.0860097408294678
tf.Tensor(-10660.649572644572, shape=(), dtype=float64)
nll_grad  cost time: 3.1352365016937256
tf.Tensor(-10660.656126868562, shape=(), dtype=float64)
nll_grad  cost time: 3.056381940841675
tf.Tensor(-10660.661701015655, shape=(), dtype=float64)
nll_grad  cost time: 3.123206615447998
tf.Tensor(-10660.66638693511, shape=(), dtype=float64)
nll_grad  cost time: 3.48465895652771
tf.Tensor(-10660.671367252151, shape=(), dtype=float64)
nll_grad  cost time: 3.328047275543213
tf.Tensor(-10660.677567634477, shape=(), dtype=float64)
nll_grad  cost time: 3.2225208282470703
tf.Tensor(-10660.684140133773, shape=(), dtype=float64)
nll_grad  cost time: 3.112781047821045
tf.Tensor(-10660.691460845774, shape=(), dtype=float64)
nll_grad  cost time: 3.1632816791534424
tf.Tensor(-10660.698355673354, shape=(), dtype=float64)
nll_grad  cost time: 3.27443265914917
tf.Tensor(-10660.70464888162, shape=(), dtype=float64)
nll_grad  cost time: 3.0402023792266846
tf.Tensor(-10660.71087875175, shape=(), dtype=float64)
nll_grad  cost time: 3.221839666366577
tf.Tensor(-10660.717119044166, shape=(), dtype=float64)
nll_grad  cost time: 3.111867666244507
tf.Tensor(-10660.722312049344, shape=(), dtype=float64)
nll_grad  cost time: 3.328699827194214
tf.Tensor(-10660.725920998637, shape=(), dtype=float64)
nll_grad  cost time: 3.0881175994873047
tf.Tensor(-10660.728674227816, shape=(), dtype=float64)
nll_grad  cost time: 3.133845806121826
tf.Tensor(-10660.730890937775, shape=(), dtype=float64)
nll_grad  cost time: 3.155787706375122
tf.Tensor(-10660.732995037943, shape=(), dtype=float64)
nll_grad  cost time: 3.338243246078491
tf.Tensor(-10660.735571352554, shape=(), dtype=float64)
nll_grad  cost time: 3.226824998855591
tf.Tensor(-10660.738387771722, shape=(), dtype=float64)
nll_grad  cost time: 3.0623550415039062
tf.Tensor(-10660.741263399614, shape=(), dtype=float64)
nll_grad  cost time: 3.1719183921813965
tf.Tensor(-10660.74449133459, shape=(), dtype=float64)
nll_grad  cost time: 3.1641764640808105
tf.Tensor(-10660.74890655023, shape=(), dtype=float64)
nll_grad  cost time: 3.289820432662964
tf.Tensor(-10660.755008243927, shape=(), dtype=float64)
nll_grad  cost time: 3.343111515045166
tf.Tensor(-10660.762799535158, shape=(), dtype=float64)
nll_grad  cost time: 3.057149887084961
tf.Tensor(-10660.77209248572, shape=(), dtype=float64)
nll_grad  cost time: 2.9354681968688965
tf.Tensor(-10660.783718437458, shape=(), dtype=float64)
nll_grad  cost time: 3.093945026397705
tf.Tensor(-10660.799635283125, shape=(), dtype=float64)
nll_grad  cost time: 3.192599296569824
tf.Tensor(-10660.820740060357, shape=(), dtype=float64)
nll_grad  cost time: 3.235058307647705
nll_grad  cost time: 3.2231829166412354
tf.Tensor(-10660.834014974367, shape=(), dtype=float64)
nll_grad  cost time: 3.175652265548706
tf.Tensor(-10660.855024293247, shape=(), dtype=float64)
nll_grad  cost time: 3.262061357498169
tf.Tensor(-10660.883748545566, shape=(), dtype=float64)
nll_grad  cost time: 3.2991621494293213
tf.Tensor(-10660.908555330112, shape=(), dtype=float64)
nll_grad  cost time: 3.1787686347961426
tf.Tensor(-10660.930648768146, shape=(), dtype=float64)
nll_grad  cost time: 3.0922036170959473
tf.Tensor(-10660.954691021172, shape=(), dtype=float64)
nll_grad  cost time: 3.167391300201416
tf.Tensor(-10660.987575242812, shape=(), dtype=float64)
nll_grad  cost time: 3.3235344886779785
tf.Tensor(-10661.016283446013, shape=(), dtype=float64)
nll_grad  cost time: 3.3579463958740234
tf.Tensor(-10661.028723754047, shape=(), dtype=float64)
nll_grad  cost time: 3.265017509460449
tf.Tensor(-10661.049625195505, shape=(), dtype=float64)
nll_grad  cost time: 3.228835105895996
tf.Tensor(-10661.082495264105, shape=(), dtype=float64)
nll_grad  cost time: 3.106574058532715
tf.Tensor(-10661.124440171188, shape=(), dtype=float64)
nll_grad  cost time: 3.158414125442505
tf.Tensor(-10661.150224006044, shape=(), dtype=float64)
nll_grad  cost time: 3.297847032546997
tf.Tensor(-10661.191637445845, shape=(), dtype=float64)
nll_grad  cost time: 3.2322473526000977
tf.Tensor(-10661.244913716924, shape=(), dtype=float64)
nll_grad  cost time: 3.3335790634155273
tf.Tensor(-10661.305822541184, shape=(), dtype=float64)
nll_grad  cost time: 3.2754507064819336
tf.Tensor(-10661.381248000642, shape=(), dtype=float64)
nll_grad  cost time: 3.233891725540161
nll_grad  cost time: 3.3219738006591797
tf.Tensor(-10661.4207453302, shape=(), dtype=float64)
nll_grad  cost time: 3.222210168838501
tf.Tensor(-10661.453649085684, shape=(), dtype=float64)
nll_grad  cost time: 3.0562057495117188
tf.Tensor(-10661.47473408459, shape=(), dtype=float64)
nll_grad  cost time: 3.064527750015259
tf.Tensor(-10661.49909036947, shape=(), dtype=float64)
nll_grad  cost time: 3.21557879447937
tf.Tensor(-10661.51757378057, shape=(), dtype=float64)
nll_grad  cost time: 3.2618207931518555
tf.Tensor(-10661.536195166238, shape=(), dtype=float64)
nll_grad  cost time: 3.14491605758667
tf.Tensor(-10661.553254012095, shape=(), dtype=float64)
nll_grad  cost time: 3.483259916305542
tf.Tensor(-10661.567140641848, shape=(), dtype=float64)
nll_grad  cost time: 3.1929917335510254
tf.Tensor(-10661.58145843423, shape=(), dtype=float64)
nll_grad  cost time: 3.1244382858276367
tf.Tensor(-10661.60105968569, shape=(), dtype=float64)
nll_grad  cost time: 3.115324020385742
tf.Tensor(-10661.624358359953, shape=(), dtype=float64)
nll_grad  cost time: 3.1097986698150635
tf.Tensor(-10661.642135673155, shape=(), dtype=float64)
nll_grad  cost time: 3.2481019496917725
tf.Tensor(-10661.654680183889, shape=(), dtype=float64)
nll_grad  cost time: 3.3646328449249268
tf.Tensor(-10661.662016949238, shape=(), dtype=float64)
nll_grad  cost time: 3.2940750122070312
tf.Tensor(-10661.66726788431, shape=(), dtype=float64)
nll_grad  cost time: 3.31550669670105
tf.Tensor(-10661.671613622413, shape=(), dtype=float64)
nll_grad  cost time: 3.2952020168304443
tf.Tensor(-10661.676167319714, shape=(), dtype=float64)
nll_grad  cost time: 3.137500286102295
tf.Tensor(-10661.682872164489, shape=(), dtype=float64)
nll_grad  cost time: 3.0382442474365234
tf.Tensor(-10661.692222111069, shape=(), dtype=float64)
nll_grad  cost time: 3.0516984462738037
tf.Tensor(-10661.703082303848, shape=(), dtype=float64)
nll_grad  cost time: 3.224764347076416
tf.Tensor(-10661.71534757459, shape=(), dtype=float64)
nll_grad  cost time: 3.3284037113189697
tf.Tensor(-10661.729845947568, shape=(), dtype=float64)
nll_grad  cost time: 3.220799446105957
tf.Tensor(-10661.742058017728, shape=(), dtype=float64)
nll_grad  cost time: 3.254363536834717
tf.Tensor(-10661.754921533135, shape=(), dtype=float64)
nll_grad  cost time: 3.2836291790008545
tf.Tensor(-10661.77266892985, shape=(), dtype=float64)
nll_grad  cost time: 3.128607749938965
tf.Tensor(-10661.795490948367, shape=(), dtype=float64)
nll_grad  cost time: 3.3371756076812744
tf.Tensor(-10661.816948012853, shape=(), dtype=float64)
nll_grad  cost time: 3.193824529647827
tf.Tensor(-10661.83355957611, shape=(), dtype=float64)
nll_grad  cost time: 3.1251096725463867
tf.Tensor(-10661.845385375862, shape=(), dtype=float64)
nll_grad  cost time: 3.471963405609131
tf.Tensor(-10661.85601116416, shape=(), dtype=float64)
nll_grad  cost time: 3.1575863361358643
tf.Tensor(-10661.867680657444, shape=(), dtype=float64)
nll_grad  cost time: 3.2861080169677734
tf.Tensor(-10661.880437227162, shape=(), dtype=float64)
nll_grad  cost time: 3.4582979679107666
tf.Tensor(-10661.89302383807, shape=(), dtype=float64)
nll_grad  cost time: 3.0723419189453125
tf.Tensor(-10661.905143060376, shape=(), dtype=float64)
nll_grad  cost time: 3.228207588195801
tf.Tensor(-10661.916848140576, shape=(), dtype=float64)
nll_grad  cost time: 3.312635898590088
tf.Tensor(-10661.926418837542, shape=(), dtype=float64)
nll_grad  cost time: 3.1770806312561035
tf.Tensor(-10661.933852659218, shape=(), dtype=float64)
nll_grad  cost time: 3.392144203186035
tf.Tensor(-10661.942190623122, shape=(), dtype=float64)
nll_grad  cost time: 3.2374942302703857
tf.Tensor(-10661.95111098378, shape=(), dtype=float64)
nll_grad  cost time: 3.126635789871216
tf.Tensor(-10661.957189459448, shape=(), dtype=float64)
nll_grad  cost time: 3.343079090118408
tf.Tensor(-10661.964350611208, shape=(), dtype=float64)
nll_grad  cost time: 3.31938099861145
tf.Tensor(-10661.973282516974, shape=(), dtype=float64)
nll_grad  cost time: 3.1905674934387207
tf.Tensor(-10661.978789512323, shape=(), dtype=float64)
nll_grad  cost time: 3.1984899044036865
tf.Tensor(-10661.98304869438, shape=(), dtype=float64)
nll_grad  cost time: 3.3333563804626465
tf.Tensor(-10661.986740160042, shape=(), dtype=float64)
nll_grad  cost time: 3.2464659214019775
tf.Tensor(-10661.990881092075, shape=(), dtype=float64)
nll_grad  cost time: 3.254826068878174
tf.Tensor(-10661.99627379014, shape=(), dtype=float64)
nll_grad  cost time: 3.221928596496582
tf.Tensor(-10662.000197432131, shape=(), dtype=float64)
nll_grad  cost time: 3.2712459564208984
tf.Tensor(-10662.00329246647, shape=(), dtype=float64)
nll_grad  cost time: 3.192456007003784
tf.Tensor(-10662.006605248218, shape=(), dtype=float64)
nll_grad  cost time: 3.4476895332336426
tf.Tensor(-10662.011121876872, shape=(), dtype=float64)
nll_grad  cost time: 3.2797183990478516
tf.Tensor(-10662.016634411833, shape=(), dtype=float64)
nll_grad  cost time: 3.062244415283203
tf.Tensor(-10662.023285058578, shape=(), dtype=float64)
nll_grad  cost time: 3.2575809955596924
tf.Tensor(-10662.031358203425, shape=(), dtype=float64)
nll_grad  cost time: 3.137378454208374
tf.Tensor(-10662.039258174638, shape=(), dtype=float64)
nll_grad  cost time: 3.202448844909668
tf.Tensor(-10662.049455889839, shape=(), dtype=float64)
nll_grad  cost time: 3.2001492977142334
tf.Tensor(-10662.063455098858, shape=(), dtype=float64)
nll_grad  cost time: 3.2381107807159424
tf.Tensor(-10662.077570483725, shape=(), dtype=float64)
nll_grad  cost time: 3.1402039527893066
tf.Tensor(-10662.087042716648, shape=(), dtype=float64)
nll_grad  cost time: 3.1423585414886475
tf.Tensor(-10662.100225599177, shape=(), dtype=float64)
nll_grad  cost time: 3.2056849002838135
tf.Tensor(-10662.118791499703, shape=(), dtype=float64)
nll_grad  cost time: 3.027987480163574
tf.Tensor(-10662.142136359646, shape=(), dtype=float64)
nll_grad  cost time: 3.1125693321228027
tf.Tensor(-10662.163256818752, shape=(), dtype=float64)
nll_grad  cost time: 3.274636745452881
tf.Tensor(-10662.177908132551, shape=(), dtype=float64)
nll_grad  cost time: 3.1756701469421387
tf.Tensor(-10662.20007353864, shape=(), dtype=float64)
nll_grad  cost time: 3.295841932296753
tf.Tensor(-10662.23439043837, shape=(), dtype=float64)
nll_grad  cost time: 3.1165573596954346
tf.Tensor(-10662.281031858442, shape=(), dtype=float64)
nll_grad  cost time: 3.113600969314575
tf.Tensor(-10662.315687254391, shape=(), dtype=float64)
nll_grad  cost time: 3.2098491191864014
tf.Tensor(-10662.353226147512, shape=(), dtype=float64)
nll_grad  cost time: 3.263141393661499
tf.Tensor(-10662.393733887722, shape=(), dtype=float64)
nll_grad  cost time: 3.0746893882751465
tf.Tensor(-10662.432535111093, shape=(), dtype=float64)
nll_grad  cost time: 3.22662091255188
tf.Tensor(-10662.458296889337, shape=(), dtype=float64)
nll_grad  cost time: 3.232065200805664
tf.Tensor(-10662.485343501932, shape=(), dtype=float64)
nll_grad  cost time: 3.327526807785034
tf.Tensor(-10662.510577170215, shape=(), dtype=float64)
nll_grad  cost time: 3.2965493202209473
tf.Tensor(-10662.53800181768, shape=(), dtype=float64)
nll_grad  cost time: 3.319791078567505
tf.Tensor(-10662.554830401565, shape=(), dtype=float64)
nll_grad  cost time: 3.1195414066314697
tf.Tensor(-10662.5676359325, shape=(), dtype=float64)
nll_grad  cost time: 3.213613748550415
tf.Tensor(-10662.583167359291, shape=(), dtype=float64)
nll_grad  cost time: 3.2564125061035156
tf.Tensor(-10662.59153696784, shape=(), dtype=float64)
nll_grad  cost time: 3.3046555519104004
tf.Tensor(-10662.59818964513, shape=(), dtype=float64)
nll_grad  cost time: 3.272378921508789
tf.Tensor(-10662.604496524811, shape=(), dtype=float64)
nll_grad  cost time: 3.2985305786132812
tf.Tensor(-10662.61183460908, shape=(), dtype=float64)
nll_grad  cost time: 3.153856039047241
tf.Tensor(-10662.619310187067, shape=(), dtype=float64)
nll_grad  cost time: 3.240095376968384
tf.Tensor(-10662.628572322785, shape=(), dtype=float64)
nll_grad  cost time: 3.095285654067993
tf.Tensor(-10662.636624334427, shape=(), dtype=float64)
nll_grad  cost time: 3.14890456199646
tf.Tensor(-10662.641860440119, shape=(), dtype=float64)
nll_grad  cost time: 3.20402455329895
tf.Tensor(-10662.647695131676, shape=(), dtype=float64)
nll_grad  cost time: 3.1818745136260986
tf.Tensor(-10662.652590278365, shape=(), dtype=float64)
nll_grad  cost time: 3.341233491897583
tf.Tensor(-10662.657063401544, shape=(), dtype=float64)
nll_grad  cost time: 3.2709128856658936
tf.Tensor(-10662.662275016526, shape=(), dtype=float64)
nll_grad  cost time: 3.183817148208618
tf.Tensor(-10662.669042168676, shape=(), dtype=float64)
nll_grad  cost time: 3.1963417530059814
tf.Tensor(-10662.675547557526, shape=(), dtype=float64)
nll_grad  cost time: 3.207432985305786
tf.Tensor(-10662.682521943021, shape=(), dtype=float64)
nll_grad  cost time: 3.189209461212158
tf.Tensor(-10662.68940719173, shape=(), dtype=float64)
nll_grad  cost time: 3.228431463241577
tf.Tensor(-10662.695585151345, shape=(), dtype=float64)
nll_grad  cost time: 3.0122342109680176
tf.Tensor(-10662.703149573194, shape=(), dtype=float64)
nll_grad  cost time: 3.1388797760009766
tf.Tensor(-10662.71373733295, shape=(), dtype=float64)
nll_grad  cost time: 3.236438512802124
tf.Tensor(-10662.723462459238, shape=(), dtype=float64)
nll_grad  cost time: 3.1639206409454346
tf.Tensor(-10662.730525251794, shape=(), dtype=float64)
nll_grad  cost time: 3.1285178661346436
tf.Tensor(-10662.7365258022, shape=(), dtype=float64)
nll_grad  cost time: 3.3229687213897705
tf.Tensor(-10662.742026952536, shape=(), dtype=float64)
nll_grad  cost time: 3.3153696060180664
tf.Tensor(-10662.747389873606, shape=(), dtype=float64)
nll_grad  cost time: 3.100764274597168
tf.Tensor(-10662.752462834691, shape=(), dtype=float64)
nll_grad  cost time: 3.160083293914795
tf.Tensor(-10662.75702315626, shape=(), dtype=float64)
nll_grad  cost time: 3.0922205448150635
tf.Tensor(-10662.76111958861, shape=(), dtype=float64)
nll_grad  cost time: 3.07326340675354
tf.Tensor(-10662.765792120998, shape=(), dtype=float64)
nll_grad  cost time: 3.298288106918335
tf.Tensor(-10662.770564671264, shape=(), dtype=float64)
nll_grad  cost time: 3.151094675064087
tf.Tensor(-10662.775799266721, shape=(), dtype=float64)
nll_grad  cost time: 3.2206737995147705
tf.Tensor(-10662.780832389504, shape=(), dtype=float64)
nll_grad  cost time: 3.292431592941284
tf.Tensor(-10662.784797903958, shape=(), dtype=float64)
nll_grad  cost time: 3.147529363632202
tf.Tensor(-10662.787926904373, shape=(), dtype=float64)
nll_grad  cost time: 3.297247886657715
tf.Tensor(-10662.790673627755, shape=(), dtype=float64)
nll_grad  cost time: 3.2962188720703125
tf.Tensor(-10662.793643837424, shape=(), dtype=float64)
nll_grad  cost time: 3.2392890453338623
tf.Tensor(-10662.797067068226, shape=(), dtype=float64)
nll_grad  cost time: 3.4774675369262695
tf.Tensor(-10662.800987346829, shape=(), dtype=float64)
nll_grad  cost time: 3.169110059738159
tf.Tensor(-10662.80456968493, shape=(), dtype=float64)
nll_grad  cost time: 3.2570455074310303
tf.Tensor(-10662.807640614257, shape=(), dtype=float64)
nll_grad  cost time: 3.1831436157226562
tf.Tensor(-10662.810996383636, shape=(), dtype=float64)
nll_grad  cost time: 3.13433837890625
tf.Tensor(-10662.814870954811, shape=(), dtype=float64)
nll_grad  cost time: 3.3116443157196045
tf.Tensor(-10662.819665424402, shape=(), dtype=float64)
nll_grad  cost time: 3.350660562515259
tf.Tensor(-10662.823923250606, shape=(), dtype=float64)
nll_grad  cost time: 3.385483503341675
tf.Tensor(-10662.829691440322, shape=(), dtype=float64)
nll_grad  cost time: 3.149670124053955
tf.Tensor(-10662.835750764803, shape=(), dtype=float64)
nll_grad  cost time: 3.1712582111358643
tf.Tensor(-10662.840437697425, shape=(), dtype=float64)
nll_grad  cost time: 3.25607967376709
tf.Tensor(-10662.843665718021, shape=(), dtype=float64)
nll_grad  cost time: 3.327800989151001
tf.Tensor(-10662.845850683585, shape=(), dtype=float64)
nll_grad  cost time: 3.1747665405273438
tf.Tensor(-10662.847808755268, shape=(), dtype=float64)
nll_grad  cost time: 3.206998586654663
tf.Tensor(-10662.849771029469, shape=(), dtype=float64)
nll_grad  cost time: 3.314756155014038
tf.Tensor(-10662.852070109046, shape=(), dtype=float64)
nll_grad  cost time: 3.2909655570983887
tf.Tensor(-10662.854584884612, shape=(), dtype=float64)
nll_grad  cost time: 3.083916664123535
tf.Tensor(-10662.857129641641, shape=(), dtype=float64)
nll_grad  cost time: 3.1604530811309814
tf.Tensor(-10662.859819504887, shape=(), dtype=float64)
nll_grad  cost time: 3.2356581687927246
tf.Tensor(-10662.86213525087, shape=(), dtype=float64)
nll_grad  cost time: 3.346975803375244
tf.Tensor(-10662.86382938131, shape=(), dtype=float64)
nll_grad  cost time: 3.2630715370178223
tf.Tensor(-10662.865032566522, shape=(), dtype=float64)
nll_grad  cost time: 3.161850690841675
tf.Tensor(-10662.866020932626, shape=(), dtype=float64)
nll_grad  cost time: 3.2116739749908447
tf.Tensor(-10662.866942004752, shape=(), dtype=float64)
nll_grad  cost time: 3.3714678287506104
tf.Tensor(-10662.868103993413, shape=(), dtype=float64)
nll_grad  cost time: 3.204627513885498
tf.Tensor(-10662.869756127719, shape=(), dtype=float64)
nll_grad  cost time: 3.1068649291992188
tf.Tensor(-10662.872177342775, shape=(), dtype=float64)
nll_grad  cost time: 3.1885528564453125
tf.Tensor(-10662.87514796565, shape=(), dtype=float64)
nll_grad  cost time: 3.0469398498535156
tf.Tensor(-10662.877695646344, shape=(), dtype=float64)
nll_grad  cost time: 3.117823362350464
tf.Tensor(-10662.880059788276, shape=(), dtype=float64)
nll_grad  cost time: 3.311854124069214
tf.Tensor(-10662.88267815522, shape=(), dtype=float64)
nll_grad  cost time: 3.5100650787353516
tf.Tensor(-10662.885447783116, shape=(), dtype=float64)
nll_grad  cost time: 3.259561061859131
tf.Tensor(-10662.887801316643, shape=(), dtype=float64)
nll_grad  cost time: 3.236737012863159
tf.Tensor(-10662.88947553738, shape=(), dtype=float64)
nll_grad  cost time: 3.235339641571045
tf.Tensor(-10662.890878327475, shape=(), dtype=float64)
nll_grad  cost time: 3.2143962383270264
tf.Tensor(-10662.892008522886, shape=(), dtype=float64)
nll_grad  cost time: 3.1693291664123535
tf.Tensor(-10662.893002413039, shape=(), dtype=float64)
nll_grad  cost time: 3.2031989097595215
tf.Tensor(-10662.893708344669, shape=(), dtype=float64)
nll_grad  cost time: 3.033118486404419
tf.Tensor(-10662.894293688474, shape=(), dtype=float64)
nll_grad  cost time: 3.2506182193756104
tf.Tensor(-10662.894829839744, shape=(), dtype=float64)
nll_grad  cost time: 3.2594118118286133
tf.Tensor(-10662.895292473993, shape=(), dtype=float64)
nll_grad  cost time: 3.1423721313476562
tf.Tensor(-10662.895640620056, shape=(), dtype=float64)
nll_grad  cost time: 3.263970136642456
tf.Tensor(-10662.895927960286, shape=(), dtype=float64)
nll_grad  cost time: 3.320611000061035
tf.Tensor(-10662.896175634934, shape=(), dtype=float64)
nll_grad  cost time: 3.2867584228515625
tf.Tensor(-10662.896419799894, shape=(), dtype=float64)
nll_grad  cost time: 3.2845489978790283
tf.Tensor(-10662.896675015596, shape=(), dtype=float64)
nll_grad  cost time: 3.084800958633423
tf.Tensor(-10662.896926184843, shape=(), dtype=float64)
nll_grad  cost time: 3.0896143913269043
tf.Tensor(-10662.89711582389, shape=(), dtype=float64)
nll_grad  cost time: 3.469831943511963
tf.Tensor(-10662.897313533642, shape=(), dtype=float64)
nll_grad  cost time: 3.565185785293579
tf.Tensor(-10662.897511896845, shape=(), dtype=float64)
nll_grad  cost time: 3.2947375774383545
tf.Tensor(-10662.897712020826, shape=(), dtype=float64)
nll_grad  cost time: 3.2777791023254395
tf.Tensor(-10662.897894765727, shape=(), dtype=float64)
nll_grad  cost time: 3.399869441986084
tf.Tensor(-10662.898048840838, shape=(), dtype=float64)
nll_grad  cost time: 3.2690374851226807
tf.Tensor(-10662.898181267265, shape=(), dtype=float64)
nll_grad  cost time: 3.17756986618042
tf.Tensor(-10662.898315556675, shape=(), dtype=float64)
nll_grad  cost time: 3.136247158050537
tf.Tensor(-10662.89848015959, shape=(), dtype=float64)
nll_grad  cost time: 3.410874605178833
tf.Tensor(-10662.898706547381, shape=(), dtype=float64)
nll_grad  cost time: 3.305168390274048
tf.Tensor(-10662.899038062504, shape=(), dtype=float64)
nll_grad  cost time: 3.2733969688415527
tf.Tensor(-10662.899494582642, shape=(), dtype=float64)
nll_grad  cost time: 3.256070375442505
tf.Tensor(-10662.900007078333, shape=(), dtype=float64)
nll_grad  cost time: 3.277869701385498
tf.Tensor(-10662.90044835741, shape=(), dtype=float64)
nll_grad  cost time: 3.3312764167785645
tf.Tensor(-10662.900740110752, shape=(), dtype=float64)
nll_grad  cost time: 3.2925562858581543
tf.Tensor(-10662.900926225906, shape=(), dtype=float64)
nll_grad  cost time: 3.240412712097168
tf.Tensor(-10662.901079680592, shape=(), dtype=float64)
nll_grad  cost time: 3.3325650691986084
tf.Tensor(-10662.901260126207, shape=(), dtype=float64)
nll_grad  cost time: 3.103919267654419
tf.Tensor(-10662.901480683595, shape=(), dtype=float64)
nll_grad  cost time: 3.0558998584747314
tf.Tensor(-10662.901712201205, shape=(), dtype=float64)
nll_grad  cost time: 3.331561326980591
tf.Tensor(-10662.901908620144, shape=(), dtype=float64)
nll_grad  cost time: 3.2810399532318115
tf.Tensor(-10662.902064198799, shape=(), dtype=float64)
nll_grad  cost time: 3.333540201187134
tf.Tensor(-10662.90220062685, shape=(), dtype=float64)
nll_grad  cost time: 3.341639757156372
tf.Tensor(-10662.902370027037, shape=(), dtype=float64)
nll_grad  cost time: 3.366645336151123
tf.Tensor(-10662.902586525135, shape=(), dtype=float64)
nll_grad  cost time: 3.1347811222076416
tf.Tensor(-10662.902870641454, shape=(), dtype=float64)
nll_grad  cost time: 3.2480719089508057
tf.Tensor(-10662.903113467757, shape=(), dtype=float64)
nll_grad  cost time: 3.095146656036377
tf.Tensor(-10662.903306306747, shape=(), dtype=float64)
nll_grad  cost time: 3.1370716094970703
tf.Tensor(-10662.90341884437, shape=(), dtype=float64)
nll_grad  cost time: 3.188401460647583
tf.Tensor(-10662.903488662265, shape=(), dtype=float64)
nll_grad  cost time: 3.191779613494873
tf.Tensor(-10662.903536350994, shape=(), dtype=float64)
nll_grad  cost time: 3.2324492931365967
tf.Tensor(-10662.903578832658, shape=(), dtype=float64)
nll_grad  cost time: 3.3214902877807617
tf.Tensor(-10662.903619780798, shape=(), dtype=float64)
nll_grad  cost time: 3.3349549770355225
tf.Tensor(-10662.903666657796, shape=(), dtype=float64)
nll_grad  cost time: 3.0908191204071045
tf.Tensor(-10662.903725637661, shape=(), dtype=float64)
nll_grad  cost time: 3.270226001739502
tf.Tensor(-10662.90381840913, shape=(), dtype=float64)
nll_grad  cost time: 3.16384220123291
tf.Tensor(-10662.903963301065, shape=(), dtype=float64)
nll_grad  cost time: 3.1113977432250977
tf.Tensor(-10662.904178774843, shape=(), dtype=float64)
nll_grad  cost time: 3.1424617767333984
tf.Tensor(-10662.904414488188, shape=(), dtype=float64)
nll_grad  cost time: 3.3997316360473633
tf.Tensor(-10662.90461959508, shape=(), dtype=float64)
nll_grad  cost time: 3.365983247756958
tf.Tensor(-10662.904719723912, shape=(), dtype=float64)
nll_grad  cost time: 3.295252799987793
tf.Tensor(-10662.904755429536, shape=(), dtype=float64)
nll_grad  cost time: 3.365948438644409
tf.Tensor(-10662.90477000672, shape=(), dtype=float64)
nll_grad  cost time: 3.2504258155822754
tf.Tensor(-10662.904779712466, shape=(), dtype=float64)
nll_grad  cost time: 3.1582295894622803
tf.Tensor(-10662.904788361262, shape=(), dtype=float64)
nll_grad  cost time: 3.3850409984588623
tf.Tensor(-10662.904798375348, shape=(), dtype=float64)
nll_grad  cost time: 3.1060657501220703
tf.Tensor(-10662.904810771051, shape=(), dtype=float64)
nll_grad  cost time: 3.0682215690612793
tf.Tensor(-10662.904828325914, shape=(), dtype=float64)
nll_grad  cost time: 3.248429298400879
tf.Tensor(-10662.90485336852, shape=(), dtype=float64)
nll_grad  cost time: 3.155385732650757
tf.Tensor(-10662.904885879136, shape=(), dtype=float64)
nll_grad  cost time: 3.297152042388916
tf.Tensor(-10662.904924116126, shape=(), dtype=float64)
nll_grad  cost time: 3.4742672443389893
tf.Tensor(-10662.904965867703, shape=(), dtype=float64)
nll_grad  cost time: 3.311753988265991
tf.Tensor(-10662.905008495392, shape=(), dtype=float64)
nll_grad  cost time: 3.1756911277770996
tf.Tensor(-10662.905045953776, shape=(), dtype=float64)
nll_grad  cost time: 3.2471649646759033
tf.Tensor(-10662.90507122903, shape=(), dtype=float64)
nll_grad  cost time: 3.2426135540008545
tf.Tensor(-10662.905084437243, shape=(), dtype=float64)
nll_grad  cost time: 3.112257480621338
tf.Tensor(-10662.905091258996, shape=(), dtype=float64)
nll_grad  cost time: 3.4025728702545166
tf.Tensor(-10662.905095473383, shape=(), dtype=float64)
nll_grad  cost time: 3.275571823120117
tf.Tensor(-10662.905098965453, shape=(), dtype=float64)
nll_grad  cost time: 3.164109468460083
tf.Tensor(-10662.905102865203, shape=(), dtype=float64)
nll_grad  cost time: 3.296325922012329
tf.Tensor(-10662.90510835702, shape=(), dtype=float64)
nll_grad  cost time: 3.2017972469329834
tf.Tensor(-10662.905116828319, shape=(), dtype=float64)
nll_grad  cost time: 3.136019706726074
tf.Tensor(-10662.905129906798, shape=(), dtype=float64)
nll_grad  cost time: 3.260838747024536
tf.Tensor(-10662.905149534588, shape=(), dtype=float64)
nll_grad  cost time: 3.2337746620178223
tf.Tensor(-10662.905175653174, shape=(), dtype=float64)
nll_grad  cost time: 3.1440341472625732
tf.Tensor(-10662.905203700986, shape=(), dtype=float64)
nll_grad  cost time: 3.3424131870269775
tf.Tensor(-10662.905226466111, shape=(), dtype=float64)
nll_grad  cost time: 3.2721095085144043
tf.Tensor(-10662.905241380791, shape=(), dtype=float64)
nll_grad  cost time: 3.209639549255371
tf.Tensor(-10662.905250785541, shape=(), dtype=float64)
nll_grad  cost time: 3.1708784103393555
tf.Tensor(-10662.905256684095, shape=(), dtype=float64)
nll_grad  cost time: 3.056953191757202
tf.Tensor(-10662.905259650372, shape=(), dtype=float64)
nll_grad  cost time: 3.134364128112793
tf.Tensor(-10662.905260782878, shape=(), dtype=float64)
nll_grad  cost time: 3.282764434814453
tf.Tensor(-10662.905261313685, shape=(), dtype=float64)
nll_grad  cost time: 3.2344295978546143
tf.Tensor(-10662.905261838128, shape=(), dtype=float64)
nll_grad  cost time: 3.3126959800720215
tf.Tensor(-10662.905262612367, shape=(), dtype=float64)
nll_grad  cost time: 3.325740337371826
tf.Tensor(-10662.9052637067, shape=(), dtype=float64)
nll_grad  cost time: 3.3174197673797607
tf.Tensor(-10662.90526521204, shape=(), dtype=float64)
nll_grad  cost time: 3.301199197769165
tf.Tensor(-10662.905267246977, shape=(), dtype=float64)
nll_grad  cost time: 3.2799575328826904
tf.Tensor(-10662.905270219751, shape=(), dtype=float64)
nll_grad  cost time: 3.2449820041656494
tf.Tensor(-10662.905274887962, shape=(), dtype=float64)
nll_grad  cost time: 3.3190324306488037
tf.Tensor(-10662.905282241732, shape=(), dtype=float64)
nll_grad  cost time: 3.1233527660369873
tf.Tensor(-10662.905293285603, shape=(), dtype=float64)
nll_grad  cost time: 3.285799264907837
tf.Tensor(-10662.905304895201, shape=(), dtype=float64)
nll_grad  cost time: 3.2585289478302
tf.Tensor(-10662.905312989536, shape=(), dtype=float64)
nll_grad  cost time: 3.2965030670166016
tf.Tensor(-10662.905316391876, shape=(), dtype=float64)
nll_grad  cost time: 3.31359601020813
tf.Tensor(-10662.905317503795, shape=(), dtype=float64)
nll_grad  cost time: 3.319884777069092
tf.Tensor(-10662.905318153338, shape=(), dtype=float64)
nll_grad  cost time: 3.2969117164611816
tf.Tensor(-10662.905318957848, shape=(), dtype=float64)
nll_grad  cost time: 3.3360588550567627
tf.Tensor(-10662.905320238177, shape=(), dtype=float64)
nll_grad  cost time: 3.272388458251953
tf.Tensor(-10662.905322351184, shape=(), dtype=float64)
nll_grad  cost time: 3.204796552658081
tf.Tensor(-10662.905325892825, shape=(), dtype=float64)
nll_grad  cost time: 3.1510512828826904
tf.Tensor(-10662.90533176795, shape=(), dtype=float64)
nll_grad  cost time: 3.198789358139038
tf.Tensor(-10662.905341167952, shape=(), dtype=float64)
nll_grad  cost time: 3.2365756034851074
tf.Tensor(-10662.905355215706, shape=(), dtype=float64)
nll_grad  cost time: 3.273848533630371
tf.Tensor(-10662.905370826611, shape=(), dtype=float64)
nll_grad  cost time: 3.2825915813446045
tf.Tensor(-10662.905385685142, shape=(), dtype=float64)
nll_grad  cost time: 3.4008305072784424
tf.Tensor(-10662.905392602068, shape=(), dtype=float64)
nll_grad  cost time: 3.1807758808135986
tf.Tensor(-10662.905394307025, shape=(), dtype=float64)
nll_grad  cost time: 3.0920865535736084
tf.Tensor(-10662.905394684705, shape=(), dtype=float64)
nll_grad  cost time: 3.503575325012207
tf.Tensor(-10662.905394921589, shape=(), dtype=float64)
nll_grad  cost time: 3.189039468765259
tf.Tensor(-10662.905395298993, shape=(), dtype=float64)
nll_grad  cost time: 3.2677273750305176
tf.Tensor(-10662.905395945952, shape=(), dtype=float64)
nll_grad  cost time: 3.3056933879852295
tf.Tensor(-10662.905397105587, shape=(), dtype=float64)
nll_grad  cost time: 3.021669864654541
tf.Tensor(-10662.90539921695, shape=(), dtype=float64)
nll_grad  cost time: 3.04732608795166
tf.Tensor(-10662.905403052817, shape=(), dtype=float64)
nll_grad  cost time: 3.1833038330078125
tf.Tensor(-10662.905409909235, shape=(), dtype=float64)
nll_grad  cost time: 3.359464406967163
tf.Tensor(-10662.905421781285, shape=(), dtype=float64)
nll_grad  cost time: 3.2912237644195557
tf.Tensor(-10662.905441309667, shape=(), dtype=float64)
nll_grad  cost time: 3.076489210128784
tf.Tensor(-10662.905471202033, shape=(), dtype=float64)
nll_grad  cost time: 3.220397710800171
tf.Tensor(-10662.905508745396, shape=(), dtype=float64)
nll_grad  cost time: 3.3695459365844727
tf.Tensor(-10662.905550100793, shape=(), dtype=float64)
nll_grad  cost time: 3.2356908321380615
tf.Tensor(-10662.905576952475, shape=(), dtype=float64)
nll_grad  cost time: 3.1772820949554443
tf.Tensor(-10662.905585130491, shape=(), dtype=float64)
nll_grad  cost time: 3.260925054550171
tf.Tensor(-10662.905586634453, shape=(), dtype=float64)
nll_grad  cost time: 3.2345101833343506
tf.Tensor(-10662.90558691947, shape=(), dtype=float64)
nll_grad  cost time: 3.246466875076294
tf.Tensor(-10662.905587012378, shape=(), dtype=float64)
nll_grad  cost time: 3.278623342514038
tf.Tensor(-10662.905587032954, shape=(), dtype=float64)
nll_grad  cost time: 3.2768208980560303
tf.Tensor(-10662.905587037938, shape=(), dtype=float64)
nll_grad  cost time: 3.3068172931671143
tf.Tensor(-10662.90558703887, shape=(), dtype=float64)
Optimization terminated successfully.
         Current function value: -10662.905587
         Iterations: 1070
         Function evaluations: 1085
         Gradient evaluations: 1085
  message: Optimization terminated successfully.
  success: True
   status: 0
      fun: -10662.90558703887
        x: [ 2.589e+00  8.994e-02 ...  5.314e-01  1.491e+00]
      nit: 1070
      jac: [ 0.000e+00  0.000e+00 ... -4.267e-05 -2.163e-05]
 hess_inv: [[ 1.000e+00  0.000e+00 ...  0.000e+00  0.000e+00]
            [ 0.000e+00  1.000e+00 ...  0.000e+00  0.000e+00]
            ...
            [ 0.000e+00  0.000e+00 ...  1.332e-02  7.100e-03]
            [ 0.000e+00  0.000e+00 ...  7.100e-03  8.687e-02]]
     nfev: 1085
     njev: 1085
fit  cost time: 3507.334978580475

========== Fit loop 4/5 ==========
using RANDOM parameters

########### initial parameters
{
  "rho(1450)p_mass": 1.51,
  "rho(1450)p_width": 0.44,
  "rho(1570)p_mass": 1.57,
  "rho(1570)p_width": 0.14,
  "rho(1690)p_mass": 1.681,
  "rho(1690)p_width": 0.19,
  "rho(1450)m_mass": 1.51,
  "rho(1450)m_width": 0.44,
  "rho(1570)m_mass": 1.57,
  "rho(1570)m_width": 0.14,
  "rho(1690)m_mass": 1.681,
  "rho(1690)m_width": 0.19,
  "f0(500)_E791_mass": 0.478,
  "f2(1270)_flatte_mass": 1.2754,
  "f2(1270)_flatte_g_0": 0.3341811365013699,
  "f2(1270)_flatte_g_1": 0.06689461683393773,
  "f0(1370)_mass": 1.37,
  "f0(1370)_width": 0.35,
  "f0(1500)_flatte_mass": 1.522,
  "f0(1500)_flatte_g_0": 0.5181963500885566,
  "f0(1500)_flatte_g_1": 0.13552484368587933,
  "f2(1430)_mass": 1.43,
  "f2(1430)_width": 0.046,
  "Jpsi->rho(1450)p.pimrho(1450)p->phi.pip_total_0r": 1.0,
  "Jpsi->rho(1450)p.pimrho(1450)p->phi.pip_total_0i": 0.0,
  "Jpsi->rho(1450)p.pim_g_ls_0r": 1.0,
  "Jpsi->rho(1450)p.pim_g_ls_0i": 0.0,
  "rho(1450)p->phi.pip_g_ls_0r": 1.0,
  "rho(1450)p->phi.pip_g_ls_0i": 0.0,
  "Jpsi->rho(1570)p.pimrho(1570)p->phi.pip_total_0r": 1.1108421678024345,
  "Jpsi->rho(1570)p.pimrho(1570)p->phi.pip_total_0i": -2.1677369471559134,
  "Jpsi->rho(1570)p.pim_g_ls_0r": 1.0,
  "Jpsi->rho(1570)p.pim_g_ls_0i": 0.0,
  "rho(1570)p->phi.pip_g_ls_0r": 1.0,
  "rho(1570)p->phi.pip_g_ls_0i": 0.0,
  "Jpsi->rho(1690)p.pimrho(1690)p->phi.pip_total_0r": 0.8865330245434415,
  "Jpsi->rho(1690)p.pimrho(1690)p->phi.pip_total_0i": -2.3043983176152976,
  "Jpsi->rho(1690)p.pim_g_ls_0r": 1.0,
  "Jpsi->rho(1690)p.pim_g_ls_0i": 0.0,
  "rho(1690)p->phi.pip_g_ls_0r": 1.0,
  "rho(1690)p->phi.pip_g_ls_0i": 0.0,
  "Jpsi->rho(1450)m.piprho(1450)m->phi.pim_total_0r": 1.0,
  "Jpsi->rho(1450)m.piprho(1450)m->phi.pim_total_0i": 0.0,
  "Jpsi->rho(1450)m.pip_g_ls_0r": 1.0,
  "Jpsi->rho(1450)m.pip_g_ls_0i": 0.0,
  "rho(1450)m->phi.pim_g_ls_0r": 1.0,
  "rho(1450)m->phi.pim_g_ls_0i": 0.0,
  "Jpsi->rho(1570)m.piprho(1570)m->phi.pim_total_0r": 1.1108421678024345,
  "Jpsi->rho(1570)m.piprho(1570)m->phi.pim_total_0i": -2.1677369471559134,
  "Jpsi->rho(1570)m.pip_g_ls_0r": 1.0,
  "Jpsi->rho(1570)m.pip_g_ls_0i": 0.0,
  "rho(1570)m->phi.pim_g_ls_0r": 1.0,
  "rho(1570)m->phi.pim_g_ls_0i": 0.0,
  "Jpsi->rho(1690)m.piprho(1690)m->phi.pim_total_0r": 0.8865330245434415,
  "Jpsi->rho(1690)m.piprho(1690)m->phi.pim_total_0i": -2.3043983176152976,
  "Jpsi->rho(1690)m.pip_g_ls_0r": 1.0,
  "Jpsi->rho(1690)m.pip_g_ls_0i": 0.0,
  "rho(1690)m->phi.pim_g_ls_0r": 1.0,
  "rho(1690)m->phi.pim_g_ls_0i": 0.0,
  "Jpsi->phi.f0(500)_E791f0(500)_E791->pip.pim_total_0r": 1.353460971294846,
  "Jpsi->phi.f0(500)_E791f0(500)_E791->pip.pim_total_0i": 3.02962008119966,
  "Jpsi->phi.f0(500)_E791_g_ls_0r": 1.0,
  "Jpsi->phi.f0(500)_E791_g_ls_0i": 0.0,
  "Jpsi->phi.f0(500)_E791_g_ls_1r": 0.040983302419567824,
  "Jpsi->phi.f0(500)_E791_g_ls_1i": -1.8714247232584356,
  "f0(500)_E791->pip.pim_g_ls_0r": 1.0,
  "f0(500)_E791->pip.pim_g_ls_0i": 0.0,
  "Jpsi->phi.f0(980)_flattef0(980)_flatte->pip.pim_total_0r": 1.4720552607853752,
  "Jpsi->phi.f0(980)_flattef0(980)_flatte->pip.pim_total_0i": -1.9965356100098095,
  "f0(980)_flatte->pip.pim_g_ls_0r": 1.0,
  "f0(980)_flatte->pip.pim_g_ls_0i": 0.0,
  "Jpsi->phi.f2(1270)_flattef2(1270)_flatte->pip.pim_total_0r": 0.5848301879756668,
  "Jpsi->phi.f2(1270)_flattef2(1270)_flatte->pip.pim_total_0i": 2.0714116113725334,
  "Jpsi->phi.f2(1270)_flatte_g_ls_0r": 1.0,
  "Jpsi->phi.f2(1270)_flatte_g_ls_0i": 0.0,
  "Jpsi->phi.f2(1270)_flatte_g_ls_1r": 1.5837888829491487,
  "Jpsi->phi.f2(1270)_flatte_g_ls_1i": -0.46623593865692037,
  "Jpsi->phi.f2(1270)_flatte_g_ls_2r": 1.0473869163206655,
  "Jpsi->phi.f2(1270)_flatte_g_ls_2i": 2.595691515988367,
  "Jpsi->phi.f2(1270)_flatte_g_ls_3r": 0.13360429195155277,
  "Jpsi->phi.f2(1270)_flatte_g_ls_3i": -0.6540180808413827,
  "Jpsi->phi.f2(1270)_flatte_g_ls_4r": 1.9419292450652583,
  "Jpsi->phi.f2(1270)_flatte_g_ls_4i": -0.3688989902693107,
  "f2(1270)_flatte->pip.pim_g_ls_0r": 1.0,
  "f2(1270)_flatte->pip.pim_g_ls_0i": 0.0,
  "Jpsi->phi.f0(1370)f0(1370)->pip.pim_total_0r": 0.8571560301530772,
  "Jpsi->phi.f0(1370)f0(1370)->pip.pim_total_0i": -1.8481433238937972,
  "Jpsi->phi.f0(1370)_g_ls_0r": 1.0,
  "Jpsi->phi.f0(1370)_g_ls_0i": 0.0,
  "Jpsi->phi.f0(1370)_g_ls_1r": 1.3886426583630551,
  "Jpsi->phi.f0(1370)_g_ls_1i": -1.8144226447399645,
  "f0(1370)->pip.pim_g_ls_0r": 1.0,
  "f0(1370)->pip.pim_g_ls_0i": 0.0,
  "Jpsi->phi.f0(1500)_flattef0(1500)_flatte->pip.pim_total_0r": 0.38810121029786204,
  "Jpsi->phi.f0(1500)_flattef0(1500)_flatte->pip.pim_total_0i": 1.5636744563799159,
  "Jpsi->phi.f0(1500)_flatte_g_ls_0r": 1.0,
  "Jpsi->phi.f0(1500)_flatte_g_ls_0i": 0.0,
  "Jpsi->phi.f0(1500)_flatte_g_ls_1r": 1.3904806983474884,
  "Jpsi->phi.f0(1500)_flatte_g_ls_1i": 0.04641435327377641,
  "f0(1500)_flatte->pip.pim_g_ls_0r": 1.0,
  "f0(1500)_flatte->pip.pim_g_ls_0i": 0.0,
  "Jpsi->phi.f0(1710)f0(1710)->pip.pim_total_0r": 0.8244731276057027,
  "Jpsi->phi.f0(1710)f0(1710)->pip.pim_total_0i": 0.2590243404547432,
  "f0(1710)->pip.pim_g_ls_0r": 1.0,
  "f0(1710)->pip.pim_g_ls_0i": 0.0,
  "Jpsi->phi.f2(1430)f2(1430)->pip.pim_total_0r": 1.4529000485563994,
  "Jpsi->phi.f2(1430)f2(1430)->pip.pim_total_0i": -0.5319922864287463,
  "Jpsi->phi.f2(1430)_g_ls_0r": 1.0,
  "Jpsi->phi.f2(1430)_g_ls_0i": 0.0,
  "Jpsi->phi.f2(1430)_g_ls_1r": 0.013414493993647358,
  "Jpsi->phi.f2(1430)_g_ls_1i": 2.0980719747665724,
  "Jpsi->phi.f2(1430)_g_ls_2r": 1.129766090608185,
  "Jpsi->phi.f2(1430)_g_ls_2i": 2.0703567890437142,
  "Jpsi->phi.f2(1430)_g_ls_3r": 1.4205751862203582,
  "Jpsi->phi.f2(1430)_g_ls_3i": -1.943268724924593,
  "Jpsi->phi.f2(1430)_g_ls_4r": 0.04343170357615689,
  "Jpsi->phi.f2(1430)_g_ls_4i": -1.0441934231241694,
  "f2(1430)->pip.pim_g_ls_0r": 1.0,
  "f2(1430)->pip.pim_g_ls_0i": 0.0,
  "Jpsi->phi.NR_pipi_0.NR_pipi_0.->pip.pim_total_0r": 1.0696913881493648,
  "Jpsi->phi.NR_pipi_0.NR_pipi_0.->pip.pim_total_0i": -1.6259301351484459,
  "Jpsi->phi.NR_pipi_0._g_ls_0r": 1.0,
  "Jpsi->phi.NR_pipi_0._g_ls_0i": 0.0,
  "Jpsi->phi.NR_pipi_0._g_ls_1r": 0.765025189867425,
  "Jpsi->phi.NR_pipi_0._g_ls_1i": -1.5585825793666703,
  "NR_pipi_0.->pip.pim_g_ls_0r": 1.0,
  "NR_pipi_0.->pip.pim_g_ls_0i": 0.0,
  "K1(1400)p_mass": 1.403,
  "K1(1400)p_width": 0.174,
  "K2(1820)p_mass": 1.819,
  "K2(1820)p_width": 0.264,
  "K2(1980)p_mass": 1.99,
  "K2(1980)p_width": 0.348,
  "K2(2250)p_mass": 2.247,
  "K2(2250)p_width": 0.18,
  "K3(2320)p_mass": 2.324,
  "K3(2320)p_width": 0.15,
  "K1(1400)m_mass": 1.403,
  "K1(1400)m_width": 0.174,
  "K2(1820)m_mass": 1.819,
  "K2(1820)m_width": 0.264,
  "K2(1980)m_mass": 1.99,
  "K2(1980)m_width": 0.348,
  "K3(2320)m_mass": 2.324,
  "K3(2320)m_width": 0.15,
  "f0(980)_flatte_mass": 0.965,
  "f0(980)_flatte_g_0": 0.17047777227738245,
  "f0(980)_flatte_g_1": 0.08066224778668504,
  "f2(1270)_mass": 1.2754,
  "f2(1270)_width": 0.1858,
  "f0(1500)_mass": 1.522,
  "f0(1500)_width": 0.108,
  "f2(1525)_mass": 1.5173,
  "f2(1525)_width": 0.072,
  "f2(1565)_mass": 1.571,
  "f2(1565)_width": 0.132,
  "f0(1710)_mass": 1.733,
  "f0(1710)_width": 0.15,
  "f2(1810)_mass": 1.815,
  "f2(1810)_width": 0.197,
  "Jpsi->K1(1400)p.kmK1(1400)p->phi.kp_total_0r": 1.0,
  "Jpsi->K1(1400)p.kmK1(1400)p->phi.kp_total_0i": 0.0,
  "Jpsi->K1(1400)p.km_g_ls_0r": 1.0,
  "Jpsi->K1(1400)p.km_g_ls_0i": 0.0,
  "Jpsi->K1(1400)p.km_g_ls_1r": 0.2262169960504714,
  "Jpsi->K1(1400)p.km_g_ls_1i": 2.489766158553535,
  "K1(1400)p->phi.kp_g_ls_0r": 1.0,
  "K1(1400)p->phi.kp_g_ls_0i": 0.0,
  "K1(1400)p->phi.kp_g_ls_1r": 1.3670983930744418,
  "K1(1400)p->phi.kp_g_ls_1i": -2.227420569227536,
  "Jpsi->K2(1820)p.kmK2(1820)p->phi.kp_total_0r": 1.6991342874908626,
  "Jpsi->K2(1820)p.kmK2(1820)p->phi.kp_total_0i": -2.7935945936345403,
  "Jpsi->K2(1820)p.km_g_ls_0r": 1.0,
  "Jpsi->K2(1820)p.km_g_ls_0i": 0.0,
  "Jpsi->K2(1820)p.km_g_ls_1r": 0.12689162052238867,
  "Jpsi->K2(1820)p.km_g_ls_1i": -0.6520558661974034,
  "K2(1820)p->phi.kp_g_ls_0r": 1.0,
  "K2(1820)p->phi.kp_g_ls_0i": 0.0,
  "K2(1820)p->phi.kp_g_ls_1r": 0.026302140209544245,
  "K2(1820)p->phi.kp_g_ls_1i": 2.2710509404511807,
  "Jpsi->K2(1980)p.kmK2(1980)p->phi.kp_total_0r": 1.3846561781682505,
  "Jpsi->K2(1980)p.kmK2(1980)p->phi.kp_total_0i": -0.8426306079785939,
  "Jpsi->K2(1980)p.km_g_ls_0r": 1.0,
  "Jpsi->K2(1980)p.km_g_ls_0i": 0.0,
  "K2(1980)p->phi.kp_g_ls_0r": 1.0,
  "K2(1980)p->phi.kp_g_ls_0i": 0.0,
  "Jpsi->K2(2250)p.kmK2(2250)p->phi.kp_total_0r": 1.9873564132076171,
  "Jpsi->K2(2250)p.kmK2(2250)p->phi.kp_total_0i": 2.807133731306574,
  "Jpsi->K2(2250)p.km_g_ls_0r": 1.0,
  "Jpsi->K2(2250)p.km_g_ls_0i": 0.0,
  "Jpsi->K2(2250)p.km_g_ls_1r": 0.4145999137902594,
  "Jpsi->K2(2250)p.km_g_ls_1i": 0.5662544371792406,
  "K2(2250)p->phi.kp_g_ls_0r": 1.0,
  "K2(2250)p->phi.kp_g_ls_0i": 0.0,
  "K2(2250)p->phi.kp_g_ls_1r": 0.9166370603594007,
  "K2(2250)p->phi.kp_g_ls_1i": -2.1411606909057523,
  "Jpsi->K3(2320)p.kmK3(2320)p->phi.kp_total_0r": 1.7716386484711006,
  "Jpsi->K3(2320)p.kmK3(2320)p->phi.kp_total_0i": -0.04464947125005336,
  "Jpsi->K3(2320)p.km_g_ls_0r": 1.0,
  "Jpsi->K3(2320)p.km_g_ls_0i": 0.0,
  "Jpsi->K3(2320)p.km_g_ls_1r": 0.7473195329477509,
  "Jpsi->K3(2320)p.km_g_ls_1i": 0.6828473629552625,
  "K3(2320)p->phi.kp_g_ls_0r": 1.0,
  "K3(2320)p->phi.kp_g_ls_0i": 0.0,
  "K3(2320)p->phi.kp_g_ls_1r": 0.10115467279288604,
  "K3(2320)p->phi.kp_g_ls_1i": 1.354513582279707,
  "Jpsi->K1(1400)m.kpK1(1400)m->phi.km_total_0r": 1.0,
  "Jpsi->K1(1400)m.kpK1(1400)m->phi.km_total_0i": 0.0,
  "Jpsi->K1(1400)m.kp_g_ls_0r": 1.0,
  "Jpsi->K1(1400)m.kp_g_ls_0i": 0.0,
  "Jpsi->K1(1400)m.kp_g_ls_1r": 0.2262169960504714,
  "Jpsi->K1(1400)m.kp_g_ls_1i": 2.489766158553535,
  "K1(1400)m->phi.km_g_ls_0r": 1.0,
  "K1(1400)m->phi.km_g_ls_0i": 0.0,
  "K1(1400)m->phi.km_g_ls_1r": 1.3670983930744418,
  "K1(1400)m->phi.km_g_ls_1i": -2.227420569227536,
  "Jpsi->K2(1820)m.kpK2(1820)m->phi.km_total_0r": 1.6991342874908626,
  "Jpsi->K2(1820)m.kpK2(1820)m->phi.km_total_0i": -2.7935945936345403,
  "Jpsi->K2(1820)m.kp_g_ls_0r": 1.0,
  "Jpsi->K2(1820)m.kp_g_ls_0i": 0.0,
  "Jpsi->K2(1820)m.kp_g_ls_1r": 0.12689162052238867,
  "Jpsi->K2(1820)m.kp_g_ls_1i": -0.6520558661974034,
  "K2(1820)m->phi.km_g_ls_0r": 1.0,
  "K2(1820)m->phi.km_g_ls_0i": 0.0,
  "K2(1820)m->phi.km_g_ls_1r": 0.026302140209544245,
  "K2(1820)m->phi.km_g_ls_1i": 2.2710509404511807,
  "Jpsi->K2(1980)m.kpK2(1980)m->phi.km_total_0r": 1.3846561781682505,
  "Jpsi->K2(1980)m.kpK2(1980)m->phi.km_total_0i": -0.8426306079785939,
  "Jpsi->K2(1980)m.kp_g_ls_0r": 1.0,
  "Jpsi->K2(1980)m.kp_g_ls_0i": 0.0,
  "K2(1980)m->phi.km_g_ls_0r": 1.0,
  "K2(1980)m->phi.km_g_ls_0i": 0.0,
  "Jpsi->K2(2250)p.kpK2(2250)p->phi.km_total_0r": 0.9957161505179397,
  "Jpsi->K2(2250)p.kpK2(2250)p->phi.km_total_0i": -0.995801257359409,
  "Jpsi->K2(2250)p.kp_g_ls_0r": 1.0,
  "Jpsi->K2(2250)p.kp_g_ls_0i": 0.0,
  "Jpsi->K2(2250)p.kp_g_ls_1r": 1.7581103135503748,
  "Jpsi->K2(2250)p.kp_g_ls_1i": -0.45797376426149095,
  "K2(2250)p->phi.km_g_ls_0r": 1.0,
  "K2(2250)p->phi.km_g_ls_0i": 0.0,
  "K2(2250)p->phi.km_g_ls_1r": 1.7087436291433162,
  "K2(2250)p->phi.km_g_ls_1i": -1.2281152926138676,
  "Jpsi->K3(2320)m.kpK3(2320)m->phi.km_total_0r": 1.7716386484711006,
  "Jpsi->K3(2320)m.kpK3(2320)m->phi.km_total_0i": -0.04464947125005336,
  "Jpsi->K3(2320)m.kp_g_ls_0r": 1.0,
  "Jpsi->K3(2320)m.kp_g_ls_0i": 0.0,
  "Jpsi->K3(2320)m.kp_g_ls_1r": 0.7473195329477509,
  "Jpsi->K3(2320)m.kp_g_ls_1i": 0.6828473629552625,
  "K3(2320)m->phi.km_g_ls_0r": 1.0,
  "K3(2320)m->phi.km_g_ls_0i": 0.0,
  "K3(2320)m->phi.km_g_ls_1r": 0.10115467279288604,
  "K3(2320)m->phi.km_g_ls_1i": 1.354513582279707,
  "Jpsi->phi.f0(980)_flattef0(980)_flatte->kp.km_total_0r": 1.960247246979315,
  "Jpsi->phi.f0(980)_flattef0(980)_flatte->kp.km_total_0i": 0.7358177273153306,
  "Jpsi->phi.f0(980)_flatte_g_ls_0r": 1.0,
  "Jpsi->phi.f0(980)_flatte_g_ls_0i": 0.0,
  "Jpsi->phi.f0(980)_flatte_g_ls_1r": 1.9757875296478944,
  "Jpsi->phi.f0(980)_flatte_g_ls_1i": 2.169574130722781,
  "f0(980)_flatte->kp.km_g_ls_0r": 1.0,
  "f0(980)_flatte->kp.km_g_ls_0i": 0.0,
  "Jpsi->phi.f2(1270)f2(1270)->kp.km_total_0r": 0.4122139988633111,
  "Jpsi->phi.f2(1270)f2(1270)->kp.km_total_0i": 1.1294086435112778,
  "Jpsi->phi.f2(1270)_g_ls_0r": 1.0,
  "Jpsi->phi.f2(1270)_g_ls_0i": 0.0,
  "Jpsi->phi.f2(1270)_g_ls_1r": 0.6220656218123266,
  "Jpsi->phi.f2(1270)_g_ls_1i": 1.4673920478393825,
  "Jpsi->phi.f2(1270)_g_ls_2r": 0.08702500212322883,
  "Jpsi->phi.f2(1270)_g_ls_2i": -1.4588338596542998,
  "Jpsi->phi.f2(1270)_g_ls_3r": 0.13482442588381716,
  "Jpsi->phi.f2(1270)_g_ls_3i": -2.3636123346790727,
  "Jpsi->phi.f2(1270)_g_ls_4r": 1.1292313564016112,
  "Jpsi->phi.f2(1270)_g_ls_4i": 0.8423694785100735,
  "f2(1270)->kp.km_g_ls_0r": 1.0,
  "f2(1270)->kp.km_g_ls_0i": 0.0,
  "Jpsi->phi.f0(1500)f0(1500)->kp.km_total_0r": 1.8248671197627675,
  "Jpsi->phi.f0(1500)f0(1500)->kp.km_total_0i": -0.4505734584779697,
  "Jpsi->phi.f0(1500)_g_ls_0r": 1.0,
  "Jpsi->phi.f0(1500)_g_ls_0i": 0.0,
  "Jpsi->phi.f0(1500)_g_ls_1r": 0.5920597498782243,
  "Jpsi->phi.f0(1500)_g_ls_1i": -2.120939860693243,
  "f0(1500)->kp.km_g_ls_0r": 1.0,
  "f0(1500)->kp.km_g_ls_0i": 0.0,
  "Jpsi->phi.f2(1525)f2(1525)->kp.km_total_0r": 0.9556456189996849,
  "Jpsi->phi.f2(1525)f2(1525)->kp.km_total_0i": 1.8784479384491704,
  "Jpsi->phi.f2(1525)_g_ls_0r": 1.0,
  "Jpsi->phi.f2(1525)_g_ls_0i": 0.0,
  "Jpsi->phi.f2(1525)_g_ls_1r": 0.7926967455154652,
  "Jpsi->phi.f2(1525)_g_ls_1i": 2.683613651074343,
  "Jpsi->phi.f2(1525)_g_ls_2r": 1.621866704454896,
  "Jpsi->phi.f2(1525)_g_ls_2i": -1.7927609573273002,
  "Jpsi->phi.f2(1525)_g_ls_3r": 1.7810295934616573,
  "Jpsi->phi.f2(1525)_g_ls_3i": 1.81052721289932,
  "Jpsi->phi.f2(1525)_g_ls_4r": 1.028212055428395,
  "Jpsi->phi.f2(1525)_g_ls_4i": -1.0617468069364877,
  "f2(1525)->kp.km_g_ls_0r": 1.0,
  "f2(1525)->kp.km_g_ls_0i": 0.0,
  "Jpsi->phi.f2(1565)f2(1565)->kp.km_total_0r": 0.7747915280834263,
  "Jpsi->phi.f2(1565)f2(1565)->kp.km_total_0i": -0.3189601754460685,
  "Jpsi->phi.f2(1565)_g_ls_0r": 1.0,
  "Jpsi->phi.f2(1565)_g_ls_0i": 0.0,
  "Jpsi->phi.f2(1565)_g_ls_1r": 0.7296847930740578,
  "Jpsi->phi.f2(1565)_g_ls_1i": -1.4356210691339866,
  "Jpsi->phi.f2(1565)_g_ls_2r": 1.4426681667817842,
  "Jpsi->phi.f2(1565)_g_ls_2i": 2.934877646424183,
  "Jpsi->phi.f2(1565)_g_ls_3r": 0.8704197462235932,
  "Jpsi->phi.f2(1565)_g_ls_3i": -0.8538973672906893,
  "Jpsi->phi.f2(1565)_g_ls_4r": 1.1135486723469352,
  "Jpsi->phi.f2(1565)_g_ls_4i": 2.9055697511128216,
  "f2(1565)->kp.km_g_ls_0r": 1.0,
  "f2(1565)->kp.km_g_ls_0i": 0.0,
  "Jpsi->phi.f0(1710)f0(1710)->kp.km_total_0r": 1.6953461504757246,
  "Jpsi->phi.f0(1710)f0(1710)->kp.km_total_0i": -1.9550233394615526,
  "Jpsi->phi.f0(1710)_g_ls_0r": 1.0,
  "Jpsi->phi.f0(1710)_g_ls_0i": 0.0,
  "Jpsi->phi.f0(1710)_g_ls_1r": 1.1963532693667855,
  "Jpsi->phi.f0(1710)_g_ls_1i": -2.041809652304038,
  "f0(1710)->kp.km_g_ls_0r": 1.0,
  "f0(1710)->kp.km_g_ls_0i": 0.0,
  "Jpsi->phi.f2(1810)f2(1810)->kp.km_total_0r": 1.9816890030774577,
  "Jpsi->phi.f2(1810)f2(1810)->kp.km_total_0i": -0.3008068262304575,
  "Jpsi->phi.f2(1810)_g_ls_0r": 1.0,
  "Jpsi->phi.f2(1810)_g_ls_0i": 0.0,
  "Jpsi->phi.f2(1810)_g_ls_1r": 0.010514699501401381,
  "Jpsi->phi.f2(1810)_g_ls_1i": -0.15435431318990123,
  "Jpsi->phi.f2(1810)_g_ls_2r": 0.7183027300007914,
  "Jpsi->phi.f2(1810)_g_ls_2i": 1.425452786021057,
  "Jpsi->phi.f2(1810)_g_ls_3r": 1.8890371694451273,
  "Jpsi->phi.f2(1810)_g_ls_3i": 1.0403199797211302,
  "Jpsi->phi.f2(1810)_g_ls_4r": 0.14065367569496923,
  "Jpsi->phi.f2(1810)_g_ls_4i": 1.1513831955633282,
  "f2(1810)->kp.km_g_ls_0r": 1.0,
  "f2(1810)->kp.km_g_ls_0i": 0.0
}
nll_grad  cost time: 3.1893117427825928
nll_grad  cost time: 3.3214306831359863
tf.Tensor(-2693.906091945595, shape=(), dtype=float64)
nll_grad  cost time: 3.2559351921081543
tf.Tensor(-4788.204326080726, shape=(), dtype=float64)
nll_grad  cost time: 3.251457929611206
tf.Tensor(-5367.09335576513, shape=(), dtype=float64)
nll_grad  cost time: 3.2008776664733887
tf.Tensor(-6258.818188630932, shape=(), dtype=float64)
nll_grad  cost time: 2.9406094551086426
tf.Tensor(-7471.048240104865, shape=(), dtype=float64)
nll_grad  cost time: 3.337350368499756
tf.Tensor(-7753.282820883629, shape=(), dtype=float64)
nll_grad  cost time: 3.28364634513855
tf.Tensor(-8106.755395319866, shape=(), dtype=float64)
nll_grad  cost time: 3.3064329624176025
tf.Tensor(-8452.953569880352, shape=(), dtype=float64)
nll_grad  cost time: 3.1904428005218506
tf.Tensor(-8763.803598213213, shape=(), dtype=float64)
nll_grad  cost time: 3.2089388370513916
nll_grad  cost time: 3.06459379196167
tf.Tensor(-8864.286944649386, shape=(), dtype=float64)
nll_grad  cost time: 3.5635311603546143
tf.Tensor(-8980.169974315198, shape=(), dtype=float64)
nll_grad  cost time: 3.268913745880127
tf.Tensor(-9145.161908214926, shape=(), dtype=float64)
nll_grad  cost time: 3.0552573204040527
tf.Tensor(-9273.849345732538, shape=(), dtype=float64)
nll_grad  cost time: 3.2159488201141357
nll_grad  cost time: 3.0458881855010986
tf.Tensor(-9339.052987095056, shape=(), dtype=float64)
nll_grad  cost time: 3.09220027923584
tf.Tensor(-9428.366250290754, shape=(), dtype=float64)
nll_grad  cost time: 3.1167209148406982
tf.Tensor(-9499.376790557377, shape=(), dtype=float64)
nll_grad  cost time: 2.9624454975128174
nll_grad  cost time: 3.050788402557373
tf.Tensor(-9535.834827468585, shape=(), dtype=float64)
nll_grad  cost time: 3.1690104007720947
tf.Tensor(-9581.973558838596, shape=(), dtype=float64)
nll_grad  cost time: 3.237635374069214
nll_grad  cost time: 3.078124761581421
tf.Tensor(-9604.531371169054, shape=(), dtype=float64)
nll_grad  cost time: 3.0068602561950684
tf.Tensor(-9634.536356507975, shape=(), dtype=float64)
nll_grad  cost time: 3.354513168334961
tf.Tensor(-9680.680975770461, shape=(), dtype=float64)
nll_grad  cost time: 3.202404022216797
tf.Tensor(-9711.101717364014, shape=(), dtype=float64)
nll_grad  cost time: 3.0952658653259277
tf.Tensor(-9734.35768868799, shape=(), dtype=float64)
nll_grad  cost time: 3.145444631576538
tf.Tensor(-9755.203103303109, shape=(), dtype=float64)
nll_grad  cost time: 3.200197696685791
tf.Tensor(-9785.940435053679, shape=(), dtype=float64)
nll_grad  cost time: 3.165860891342163
tf.Tensor(-9810.36362288936, shape=(), dtype=float64)
nll_grad  cost time: 3.3260304927825928
tf.Tensor(-9843.893552993846, shape=(), dtype=float64)
nll_grad  cost time: 3.0717217922210693
tf.Tensor(-9877.078161039259, shape=(), dtype=float64)
nll_grad  cost time: 3.324488878250122
tf.Tensor(-9916.842028788233, shape=(), dtype=float64)
nll_grad  cost time: 3.323796033859253
tf.Tensor(-9926.707536549831, shape=(), dtype=float64)
nll_grad  cost time: 3.252192735671997
tf.Tensor(-9942.505972673505, shape=(), dtype=float64)
nll_grad  cost time: 3.2165842056274414
tf.Tensor(-9951.950796578225, shape=(), dtype=float64)
nll_grad  cost time: 3.234379529953003
tf.Tensor(-9964.647053646375, shape=(), dtype=float64)
nll_grad  cost time: 3.0988945960998535
tf.Tensor(-9983.881835207503, shape=(), dtype=float64)
nll_grad  cost time: 3.171377182006836
tf.Tensor(-10013.236314544702, shape=(), dtype=float64)
nll_grad  cost time: 3.23468279838562
tf.Tensor(-10044.212142389806, shape=(), dtype=float64)
nll_grad  cost time: 3.1754910945892334
tf.Tensor(-10070.670486053757, shape=(), dtype=float64)
nll_grad  cost time: 3.116183042526245
nll_grad  cost time: 3.2129290103912354
tf.Tensor(-10085.369349363798, shape=(), dtype=float64)
nll_grad  cost time: 3.2924838066101074
tf.Tensor(-10099.911820900554, shape=(), dtype=float64)
nll_grad  cost time: 3.2110509872436523
nll_grad  cost time: 3.128809928894043
tf.Tensor(-10108.004044420886, shape=(), dtype=float64)
nll_grad  cost time: 3.2333593368530273
tf.Tensor(-10116.353397108833, shape=(), dtype=float64)
nll_grad  cost time: 3.221054792404175
tf.Tensor(-10126.684951166972, shape=(), dtype=float64)
nll_grad  cost time: 3.3081376552581787
tf.Tensor(-10137.513488477882, shape=(), dtype=float64)
nll_grad  cost time: 3.354926109313965
tf.Tensor(-10145.794759023353, shape=(), dtype=float64)
nll_grad  cost time: 3.279146432876587
tf.Tensor(-10155.537966968652, shape=(), dtype=float64)
nll_grad  cost time: 3.1705048084259033
tf.Tensor(-10167.433189879535, shape=(), dtype=float64)
nll_grad  cost time: 3.383976697921753
tf.Tensor(-10180.635669608848, shape=(), dtype=float64)
nll_grad  cost time: 3.1614933013916016
tf.Tensor(-10188.525870970625, shape=(), dtype=float64)
nll_grad  cost time: 3.2448129653930664
tf.Tensor(-10189.579705849246, shape=(), dtype=float64)
nll_grad  cost time: 3.29569935798645
tf.Tensor(-10191.549743655589, shape=(), dtype=float64)
nll_grad  cost time: 3.185405969619751
tf.Tensor(-10194.884345683779, shape=(), dtype=float64)
nll_grad  cost time: 3.168088436126709
tf.Tensor(-10199.616630534074, shape=(), dtype=float64)
nll_grad  cost time: 3.251035451889038
tf.Tensor(-10206.246206940821, shape=(), dtype=float64)
nll_grad  cost time: 3.080878734588623
tf.Tensor(-10212.880564689476, shape=(), dtype=float64)
nll_grad  cost time: 3.146496057510376
tf.Tensor(-10218.881720679972, shape=(), dtype=float64)
nll_grad  cost time: 3.4234185218811035
tf.Tensor(-10224.891882772194, shape=(), dtype=float64)
nll_grad  cost time: 3.247880697250366
tf.Tensor(-10230.731469645412, shape=(), dtype=float64)
nll_grad  cost time: 3.271320104598999
tf.Tensor(-10235.459898611982, shape=(), dtype=float64)
nll_grad  cost time: 3.199108123779297
tf.Tensor(-10240.856055576325, shape=(), dtype=float64)
nll_grad  cost time: 3.255638360977173
tf.Tensor(-10246.66142892868, shape=(), dtype=float64)
nll_grad  cost time: 3.291762590408325
tf.Tensor(-10250.878209917195, shape=(), dtype=float64)
nll_grad  cost time: 3.356282949447632
tf.Tensor(-10254.918020600453, shape=(), dtype=float64)
nll_grad  cost time: 3.1822853088378906
tf.Tensor(-10260.20366484826, shape=(), dtype=float64)
nll_grad  cost time: 3.118924140930176
tf.Tensor(-10262.057665796921, shape=(), dtype=float64)
nll_grad  cost time: 3.3859856128692627
tf.Tensor(-10265.301079149198, shape=(), dtype=float64)
nll_grad  cost time: 3.291686773300171
tf.Tensor(-10268.39753220258, shape=(), dtype=float64)
nll_grad  cost time: 3.328272581100464
tf.Tensor(-10271.719964446165, shape=(), dtype=float64)
nll_grad  cost time: 3.2103233337402344
tf.Tensor(-10275.052938132168, shape=(), dtype=float64)
nll_grad  cost time: 3.1916518211364746
tf.Tensor(-10277.087899551349, shape=(), dtype=float64)
nll_grad  cost time: 3.316138982772827
tf.Tensor(-10279.848781770823, shape=(), dtype=float64)
nll_grad  cost time: 3.318060874938965
tf.Tensor(-10282.29748457545, shape=(), dtype=float64)
nll_grad  cost time: 3.1966373920440674
tf.Tensor(-10285.823275083472, shape=(), dtype=float64)
nll_grad  cost time: 3.225125551223755
tf.Tensor(-10288.4247950742, shape=(), dtype=float64)
nll_grad  cost time: 3.376432418823242
tf.Tensor(-10291.409581060754, shape=(), dtype=float64)
nll_grad  cost time: 3.233532667160034
tf.Tensor(-10294.12984868657, shape=(), dtype=float64)
nll_grad  cost time: 3.2264575958251953
tf.Tensor(-10296.947478689588, shape=(), dtype=float64)
nll_grad  cost time: 3.22947359085083
tf.Tensor(-10298.09746117609, shape=(), dtype=float64)
nll_grad  cost time: 3.256899118423462
tf.Tensor(-10299.777754568015, shape=(), dtype=float64)
nll_grad  cost time: 3.243122100830078
tf.Tensor(-10301.736310358421, shape=(), dtype=float64)
nll_grad  cost time: 3.464589834213257
tf.Tensor(-10303.8186008974, shape=(), dtype=float64)
nll_grad  cost time: 3.1678357124328613
tf.Tensor(-10306.626429664786, shape=(), dtype=float64)
nll_grad  cost time: 3.1671741008758545
tf.Tensor(-10310.007618729942, shape=(), dtype=float64)
nll_grad  cost time: 3.235152244567871
tf.Tensor(-10313.958263200417, shape=(), dtype=float64)
nll_grad  cost time: 3.2488465309143066
tf.Tensor(-10318.391420013155, shape=(), dtype=float64)
nll_grad  cost time: 3.16945219039917
tf.Tensor(-10320.392939631609, shape=(), dtype=float64)
nll_grad  cost time: 3.2223005294799805
tf.Tensor(-10323.055862222405, shape=(), dtype=float64)
nll_grad  cost time: 3.203822612762451
tf.Tensor(-10325.735402822902, shape=(), dtype=float64)
nll_grad  cost time: 3.2856550216674805
tf.Tensor(-10328.178555903447, shape=(), dtype=float64)
nll_grad  cost time: 3.575979232788086
tf.Tensor(-10331.819908912832, shape=(), dtype=float64)
nll_grad  cost time: 3.253206253051758
tf.Tensor(-10335.902258551156, shape=(), dtype=float64)
nll_grad  cost time: 3.2544972896575928
tf.Tensor(-10339.039216382967, shape=(), dtype=float64)
nll_grad  cost time: 3.196643590927124
tf.Tensor(-10341.82862159035, shape=(), dtype=float64)
nll_grad  cost time: 3.3058485984802246
tf.Tensor(-10345.161893576325, shape=(), dtype=float64)
nll_grad  cost time: 3.1355361938476562
tf.Tensor(-10349.025961013569, shape=(), dtype=float64)
nll_grad  cost time: 3.045677900314331
tf.Tensor(-10352.479380961042, shape=(), dtype=float64)
nll_grad  cost time: 3.1763226985931396
tf.Tensor(-10355.911927926863, shape=(), dtype=float64)
nll_grad  cost time: 3.129525899887085
tf.Tensor(-10359.993119286723, shape=(), dtype=float64)
nll_grad  cost time: 3.066255569458008
tf.Tensor(-10365.35265159022, shape=(), dtype=float64)
nll_grad  cost time: 3.483947992324829
tf.Tensor(-10370.386197192594, shape=(), dtype=float64)
nll_grad  cost time: 3.108433246612549
tf.Tensor(-10374.70029213425, shape=(), dtype=float64)
nll_grad  cost time: 3.037137031555176
tf.Tensor(-10376.964821090776, shape=(), dtype=float64)
nll_grad  cost time: 3.2892961502075195
tf.Tensor(-10380.237864111346, shape=(), dtype=float64)
nll_grad  cost time: 3.2150442600250244
tf.Tensor(-10382.073532029855, shape=(), dtype=float64)
nll_grad  cost time: 3.23006534576416
tf.Tensor(-10384.416300907586, shape=(), dtype=float64)
nll_grad  cost time: 3.1193666458129883
tf.Tensor(-10388.041308467262, shape=(), dtype=float64)
nll_grad  cost time: 3.251837730407715
tf.Tensor(-10391.612650904688, shape=(), dtype=float64)
nll_grad  cost time: 3.165350914001465
tf.Tensor(-10395.729732985797, shape=(), dtype=float64)
nll_grad  cost time: 3.1646971702575684
tf.Tensor(-10399.448415362946, shape=(), dtype=float64)
nll_grad  cost time: 3.0250601768493652
tf.Tensor(-10403.288437476163, shape=(), dtype=float64)
nll_grad  cost time: 3.151447296142578
tf.Tensor(-10404.134374107758, shape=(), dtype=float64)
nll_grad  cost time: 3.176708459854126
tf.Tensor(-10405.599655157945, shape=(), dtype=float64)
nll_grad  cost time: 3.3279311656951904
tf.Tensor(-10407.930781608695, shape=(), dtype=float64)
nll_grad  cost time: 3.0826780796051025
tf.Tensor(-10409.24379126518, shape=(), dtype=float64)
nll_grad  cost time: 3.2003934383392334
tf.Tensor(-10411.363565570267, shape=(), dtype=float64)
nll_grad  cost time: 3.2503716945648193
tf.Tensor(-10414.214944367646, shape=(), dtype=float64)
nll_grad  cost time: 3.172858715057373
tf.Tensor(-10417.156207303036, shape=(), dtype=float64)
nll_grad  cost time: 3.174978494644165
tf.Tensor(-10419.694622540264, shape=(), dtype=float64)
nll_grad  cost time: 3.4193170070648193
tf.Tensor(-10421.488271642957, shape=(), dtype=float64)
nll_grad  cost time: 3.0485849380493164
tf.Tensor(-10423.352059550074, shape=(), dtype=float64)
nll_grad  cost time: 3.1739397048950195
tf.Tensor(-10425.594192777105, shape=(), dtype=float64)
nll_grad  cost time: 3.110647439956665
tf.Tensor(-10426.314394310553, shape=(), dtype=float64)
nll_grad  cost time: 3.203564167022705
tf.Tensor(-10427.46191262186, shape=(), dtype=float64)
nll_grad  cost time: 3.1999363899230957
tf.Tensor(-10429.347821768039, shape=(), dtype=float64)
nll_grad  cost time: 3.183753490447998
tf.Tensor(-10431.954461247296, shape=(), dtype=float64)
nll_grad  cost time: 3.321765184402466
tf.Tensor(-10435.755869146815, shape=(), dtype=float64)
nll_grad  cost time: 3.244415044784546
tf.Tensor(-10436.931791190233, shape=(), dtype=float64)
nll_grad  cost time: 3.277325391769409
tf.Tensor(-10438.828458481643, shape=(), dtype=float64)
nll_grad  cost time: 3.1190223693847656
tf.Tensor(-10441.145719321488, shape=(), dtype=float64)
nll_grad  cost time: 3.2809174060821533
tf.Tensor(-10444.055623711189, shape=(), dtype=float64)
nll_grad  cost time: 3.126197099685669
tf.Tensor(-10446.686410358961, shape=(), dtype=float64)
nll_grad  cost time: 3.1742899417877197
tf.Tensor(-10449.091474232293, shape=(), dtype=float64)
nll_grad  cost time: 3.2476184368133545
tf.Tensor(-10451.471965156234, shape=(), dtype=float64)
nll_grad  cost time: 3.0766191482543945
tf.Tensor(-10454.423668122705, shape=(), dtype=float64)
nll_grad  cost time: 3.0934371948242188
tf.Tensor(-10457.536206785488, shape=(), dtype=float64)
nll_grad  cost time: 3.20426082611084
tf.Tensor(-10460.30070010967, shape=(), dtype=float64)
nll_grad  cost time: 3.396646738052368
tf.Tensor(-10463.725268726499, shape=(), dtype=float64)
nll_grad  cost time: 3.237375497817993
tf.Tensor(-10465.816857923463, shape=(), dtype=float64)
nll_grad  cost time: 3.271864652633667
tf.Tensor(-10468.525776347742, shape=(), dtype=float64)
nll_grad  cost time: 3.208303213119507
tf.Tensor(-10471.121280722742, shape=(), dtype=float64)
nll_grad  cost time: 3.199084997177124
tf.Tensor(-10473.117217920182, shape=(), dtype=float64)
nll_grad  cost time: 3.122574806213379
tf.Tensor(-10475.697791527578, shape=(), dtype=float64)
nll_grad  cost time: 3.0309667587280273
tf.Tensor(-10478.638548449395, shape=(), dtype=float64)
nll_grad  cost time: 3.2122750282287598
tf.Tensor(-10482.321479557097, shape=(), dtype=float64)
nll_grad  cost time: 3.155197858810425
tf.Tensor(-10484.320095624164, shape=(), dtype=float64)
nll_grad  cost time: 3.295132875442505
tf.Tensor(-10487.400885933675, shape=(), dtype=float64)
nll_grad  cost time: 3.164381980895996
tf.Tensor(-10491.438409201626, shape=(), dtype=float64)
nll_grad  cost time: 3.1387171745300293
nll_grad  cost time: 2.9739179611206055
tf.Tensor(-10493.883273181855, shape=(), dtype=float64)
nll_grad  cost time: 3.3494420051574707
tf.Tensor(-10496.37463759123, shape=(), dtype=float64)
nll_grad  cost time: 3.21441388130188
tf.Tensor(-10499.449181691016, shape=(), dtype=float64)
nll_grad  cost time: 3.2428224086761475
tf.Tensor(-10501.29226147983, shape=(), dtype=float64)
nll_grad  cost time: 3.1359996795654297
tf.Tensor(-10503.745495229188, shape=(), dtype=float64)
nll_grad  cost time: 3.2227067947387695
tf.Tensor(-10506.537642964453, shape=(), dtype=float64)
nll_grad  cost time: 3.242725372314453
tf.Tensor(-10509.158317927358, shape=(), dtype=float64)
nll_grad  cost time: 3.409714460372925
tf.Tensor(-10510.752655379474, shape=(), dtype=float64)
nll_grad  cost time: 3.167924165725708
tf.Tensor(-10511.962521999594, shape=(), dtype=float64)
nll_grad  cost time: 3.1039493083953857
tf.Tensor(-10513.752091070317, shape=(), dtype=float64)
nll_grad  cost time: 3.31107234954834
tf.Tensor(-10516.234429545744, shape=(), dtype=float64)
nll_grad  cost time: 3.152458667755127
tf.Tensor(-10518.0602020972, shape=(), dtype=float64)
nll_grad  cost time: 3.1550707817077637
tf.Tensor(-10520.096737181171, shape=(), dtype=float64)
nll_grad  cost time: 3.2272043228149414
tf.Tensor(-10521.938004519485, shape=(), dtype=float64)
nll_grad  cost time: 3.1522607803344727
tf.Tensor(-10523.213062012932, shape=(), dtype=float64)
nll_grad  cost time: 3.1230499744415283
tf.Tensor(-10524.535632752886, shape=(), dtype=float64)
nll_grad  cost time: 3.038520097732544
tf.Tensor(-10525.733440555952, shape=(), dtype=float64)
nll_grad  cost time: 3.2854654788970947
tf.Tensor(-10526.774433259023, shape=(), dtype=float64)
nll_grad  cost time: 3.1146438121795654
tf.Tensor(-10528.201458343465, shape=(), dtype=float64)
nll_grad  cost time: 3.133819103240967
tf.Tensor(-10529.83880572085, shape=(), dtype=float64)
nll_grad  cost time: 3.4896371364593506
tf.Tensor(-10531.472261455448, shape=(), dtype=float64)
nll_grad  cost time: 3.2432727813720703
tf.Tensor(-10532.830043546972, shape=(), dtype=float64)
nll_grad  cost time: 3.1957643032073975
tf.Tensor(-10534.648836310473, shape=(), dtype=float64)
nll_grad  cost time: 3.2251477241516113
tf.Tensor(-10536.388064413695, shape=(), dtype=float64)
nll_grad  cost time: 3.280143976211548
tf.Tensor(-10538.356026991925, shape=(), dtype=float64)
nll_grad  cost time: 3.221407175064087
nll_grad  cost time: 3.210886001586914
tf.Tensor(-10539.596047945917, shape=(), dtype=float64)
nll_grad  cost time: 3.2160024642944336
tf.Tensor(-10540.94922189934, shape=(), dtype=float64)
nll_grad  cost time: 3.0712804794311523
tf.Tensor(-10542.475412211119, shape=(), dtype=float64)
nll_grad  cost time: 3.242482900619507
tf.Tensor(-10544.278159287613, shape=(), dtype=float64)
nll_grad  cost time: 3.236509323120117
tf.Tensor(-10546.148319093583, shape=(), dtype=float64)
nll_grad  cost time: 3.067638635635376
tf.Tensor(-10548.674790879435, shape=(), dtype=float64)
nll_grad  cost time: 3.2416141033172607
tf.Tensor(-10551.274848246205, shape=(), dtype=float64)
nll_grad  cost time: 3.2173612117767334
tf.Tensor(-10552.868013070649, shape=(), dtype=float64)
nll_grad  cost time: 3.3377437591552734
tf.Tensor(-10553.737830082333, shape=(), dtype=float64)
nll_grad  cost time: 3.2109174728393555
tf.Tensor(-10555.107265178027, shape=(), dtype=float64)
nll_grad  cost time: 3.2459604740142822
tf.Tensor(-10556.630449208868, shape=(), dtype=float64)
nll_grad  cost time: 3.287963390350342
tf.Tensor(-10558.29845126663, shape=(), dtype=float64)
nll_grad  cost time: 3.2585508823394775
tf.Tensor(-10559.610074342694, shape=(), dtype=float64)
nll_grad  cost time: 3.2480950355529785
tf.Tensor(-10560.278322583617, shape=(), dtype=float64)
nll_grad  cost time: 3.184124231338501
tf.Tensor(-10561.23387337591, shape=(), dtype=float64)
nll_grad  cost time: 3.2863972187042236
tf.Tensor(-10562.712469037768, shape=(), dtype=float64)
nll_grad  cost time: 3.1973536014556885
tf.Tensor(-10564.39354263898, shape=(), dtype=float64)
nll_grad  cost time: 3.1347029209136963
tf.Tensor(-10565.89826617932, shape=(), dtype=float64)
nll_grad  cost time: 3.4155821800231934
tf.Tensor(-10567.454070695858, shape=(), dtype=float64)
nll_grad  cost time: 3.1744401454925537
tf.Tensor(-10569.207111305419, shape=(), dtype=float64)
nll_grad  cost time: 3.1139814853668213
nll_grad  cost time: 3.174226999282837
tf.Tensor(-10570.228156631114, shape=(), dtype=float64)
nll_grad  cost time: 3.166666030883789
tf.Tensor(-10571.66056052508, shape=(), dtype=float64)
nll_grad  cost time: 3.0008819103240967
tf.Tensor(-10573.099872568113, shape=(), dtype=float64)
nll_grad  cost time: 3.067322254180908
tf.Tensor(-10573.931571040266, shape=(), dtype=float64)
nll_grad  cost time: 3.1795029640197754
tf.Tensor(-10575.193100292381, shape=(), dtype=float64)
nll_grad  cost time: 3.1301772594451904
tf.Tensor(-10576.072723689125, shape=(), dtype=float64)
nll_grad  cost time: 3.166592597961426
tf.Tensor(-10577.197537943226, shape=(), dtype=float64)
nll_grad  cost time: 3.193499803543091
tf.Tensor(-10578.491729714799, shape=(), dtype=float64)
nll_grad  cost time: 3.2394397258758545
tf.Tensor(-10579.382013696486, shape=(), dtype=float64)
nll_grad  cost time: 3.501826763153076
tf.Tensor(-10580.53292248874, shape=(), dtype=float64)
nll_grad  cost time: 3.412639617919922
tf.Tensor(-10582.222843739706, shape=(), dtype=float64)
nll_grad  cost time: 3.381089210510254
tf.Tensor(-10583.781779823432, shape=(), dtype=float64)
nll_grad  cost time: 3.137281894683838
nll_grad  cost time: 3.1368725299835205
tf.Tensor(-10584.666914874833, shape=(), dtype=float64)
nll_grad  cost time: 3.3566856384277344
tf.Tensor(-10585.559264341246, shape=(), dtype=float64)
nll_grad  cost time: 3.2856457233428955
tf.Tensor(-10586.509661359836, shape=(), dtype=float64)
nll_grad  cost time: 3.394827127456665
nll_grad  cost time: 3.201206684112549
tf.Tensor(-10587.007249021925, shape=(), dtype=float64)
nll_grad  cost time: 3.236452341079712
tf.Tensor(-10587.780893363299, shape=(), dtype=float64)
nll_grad  cost time: 3.387960910797119
tf.Tensor(-10588.679478418773, shape=(), dtype=float64)
nll_grad  cost time: 3.282945156097412
tf.Tensor(-10589.707598384128, shape=(), dtype=float64)
nll_grad  cost time: 3.167872190475464
tf.Tensor(-10590.008346396979, shape=(), dtype=float64)
nll_grad  cost time: 3.2099978923797607
tf.Tensor(-10590.502307232848, shape=(), dtype=float64)
nll_grad  cost time: 3.336012601852417
tf.Tensor(-10591.274208324154, shape=(), dtype=float64)
nll_grad  cost time: 3.161186695098877
tf.Tensor(-10592.1007882398, shape=(), dtype=float64)
nll_grad  cost time: 3.116497755050659
tf.Tensor(-10592.86978001782, shape=(), dtype=float64)
nll_grad  cost time: 3.138350009918213
tf.Tensor(-10593.254088708247, shape=(), dtype=float64)
nll_grad  cost time: 3.247495174407959
tf.Tensor(-10593.82963460884, shape=(), dtype=float64)
nll_grad  cost time: 3.237159252166748
tf.Tensor(-10594.661939551588, shape=(), dtype=float64)
nll_grad  cost time: 3.1891472339630127
tf.Tensor(-10595.797646457067, shape=(), dtype=float64)
nll_grad  cost time: 3.0959951877593994
tf.Tensor(-10596.437467094533, shape=(), dtype=float64)
nll_grad  cost time: 3.2487385272979736
tf.Tensor(-10597.037783434207, shape=(), dtype=float64)
nll_grad  cost time: 3.339277744293213
tf.Tensor(-10597.703773239049, shape=(), dtype=float64)
nll_grad  cost time: 3.2107105255126953
tf.Tensor(-10598.157178175457, shape=(), dtype=float64)
nll_grad  cost time: 3.336469888687134
tf.Tensor(-10598.514476303593, shape=(), dtype=float64)
nll_grad  cost time: 3.2771081924438477
tf.Tensor(-10598.974287950186, shape=(), dtype=float64)
nll_grad  cost time: 3.2950947284698486
tf.Tensor(-10599.249788593439, shape=(), dtype=float64)
nll_grad  cost time: 3.3979270458221436
tf.Tensor(-10599.60434541649, shape=(), dtype=float64)
nll_grad  cost time: 3.2264626026153564
tf.Tensor(-10599.989656527989, shape=(), dtype=float64)
nll_grad  cost time: 3.1900522708892822
tf.Tensor(-10600.219302227342, shape=(), dtype=float64)
nll_grad  cost time: 3.1377134323120117
tf.Tensor(-10600.514069603054, shape=(), dtype=float64)
nll_grad  cost time: 3.1505236625671387
tf.Tensor(-10600.855487223183, shape=(), dtype=float64)
nll_grad  cost time: 3.1911685466766357
tf.Tensor(-10601.160404697825, shape=(), dtype=float64)
nll_grad  cost time: 3.1056697368621826
tf.Tensor(-10601.401497814222, shape=(), dtype=float64)
nll_grad  cost time: 3.0321624279022217
tf.Tensor(-10601.688938641288, shape=(), dtype=float64)
nll_grad  cost time: 3.1062216758728027
tf.Tensor(-10601.89609777066, shape=(), dtype=float64)
nll_grad  cost time: 3.067108392715454
tf.Tensor(-10602.138853962057, shape=(), dtype=float64)
nll_grad  cost time: 3.2136752605438232
tf.Tensor(-10602.2853597153, shape=(), dtype=float64)
nll_grad  cost time: 3.342348575592041
tf.Tensor(-10602.474466575532, shape=(), dtype=float64)
nll_grad  cost time: 3.244046211242676
tf.Tensor(-10602.634468193002, shape=(), dtype=float64)
nll_grad  cost time: 3.2263917922973633
tf.Tensor(-10602.782734785778, shape=(), dtype=float64)
nll_grad  cost time: 3.11501407623291
tf.Tensor(-10602.893305017413, shape=(), dtype=float64)
nll_grad  cost time: 3.112438678741455
tf.Tensor(-10603.009991365303, shape=(), dtype=float64)
nll_grad  cost time: 3.3056764602661133
tf.Tensor(-10603.138751868657, shape=(), dtype=float64)
nll_grad  cost time: 3.1967601776123047
tf.Tensor(-10603.179315024121, shape=(), dtype=float64)
nll_grad  cost time: 3.1297647953033447
tf.Tensor(-10603.250462182546, shape=(), dtype=float64)
nll_grad  cost time: 3.3191304206848145
tf.Tensor(-10603.362487803442, shape=(), dtype=float64)
nll_grad  cost time: 3.2025904655456543
tf.Tensor(-10603.48887611186, shape=(), dtype=float64)
nll_grad  cost time: 3.1286208629608154
tf.Tensor(-10603.538141583194, shape=(), dtype=float64)
nll_grad  cost time: 3.1120340824127197
tf.Tensor(-10603.612816826128, shape=(), dtype=float64)
nll_grad  cost time: 3.228172779083252
tf.Tensor(-10603.706308215085, shape=(), dtype=float64)
nll_grad  cost time: 3.260716676712036
tf.Tensor(-10603.760496366907, shape=(), dtype=float64)
nll_grad  cost time: 3.30806040763855
tf.Tensor(-10603.837176610872, shape=(), dtype=float64)
nll_grad  cost time: 3.3615639209747314
tf.Tensor(-10603.916682673189, shape=(), dtype=float64)
nll_grad  cost time: 3.261939525604248
tf.Tensor(-10604.000201113766, shape=(), dtype=float64)
nll_grad  cost time: 3.281582832336426
tf.Tensor(-10604.091111730602, shape=(), dtype=float64)
nll_grad  cost time: 3.3519389629364014
tf.Tensor(-10604.19265213541, shape=(), dtype=float64)
nll_grad  cost time: 3.142789602279663
tf.Tensor(-10604.230458443239, shape=(), dtype=float64)
nll_grad  cost time: 2.958777666091919
tf.Tensor(-10604.286047078222, shape=(), dtype=float64)
nll_grad  cost time: 3.1251425743103027
tf.Tensor(-10604.347621967256, shape=(), dtype=float64)
nll_grad  cost time: 3.2213313579559326
tf.Tensor(-10604.392457433198, shape=(), dtype=float64)
nll_grad  cost time: 3.209163188934326
tf.Tensor(-10604.458246421527, shape=(), dtype=float64)
nll_grad  cost time: 3.320756673812866
tf.Tensor(-10604.539027474326, shape=(), dtype=float64)
nll_grad  cost time: 3.1663990020751953
tf.Tensor(-10604.599503645662, shape=(), dtype=float64)
nll_grad  cost time: 3.189180612564087
tf.Tensor(-10604.67270932643, shape=(), dtype=float64)
nll_grad  cost time: 3.2536346912384033
tf.Tensor(-10604.766361063881, shape=(), dtype=float64)
nll_grad  cost time: 3.1297028064727783
tf.Tensor(-10604.872974244769, shape=(), dtype=float64)
nll_grad  cost time: 3.164003849029541
tf.Tensor(-10604.976398064391, shape=(), dtype=float64)
nll_grad  cost time: 3.4623756408691406
tf.Tensor(-10605.046498063246, shape=(), dtype=float64)
nll_grad  cost time: 3.2085378170013428
tf.Tensor(-10605.139785828342, shape=(), dtype=float64)
nll_grad  cost time: 3.16626238822937
tf.Tensor(-10605.227540078013, shape=(), dtype=float64)
nll_grad  cost time: 3.0179409980773926
tf.Tensor(-10605.300316598448, shape=(), dtype=float64)
nll_grad  cost time: 3.25892972946167
tf.Tensor(-10605.374241446705, shape=(), dtype=float64)
nll_grad  cost time: 3.1586086750030518
tf.Tensor(-10605.442644298779, shape=(), dtype=float64)
nll_grad  cost time: 3.3428382873535156
tf.Tensor(-10605.494947726093, shape=(), dtype=float64)
nll_grad  cost time: 3.2622122764587402
tf.Tensor(-10605.567996560621, shape=(), dtype=float64)
nll_grad  cost time: 3.1431171894073486
tf.Tensor(-10605.665956523335, shape=(), dtype=float64)
nll_grad  cost time: 3.200028657913208
tf.Tensor(-10605.75529020853, shape=(), dtype=float64)
nll_grad  cost time: 3.3658647537231445
tf.Tensor(-10605.83661578302, shape=(), dtype=float64)
nll_grad  cost time: 3.320463180541992
tf.Tensor(-10605.909308851315, shape=(), dtype=float64)
nll_grad  cost time: 3.5509302616119385
tf.Tensor(-10605.994005901419, shape=(), dtype=float64)
nll_grad  cost time: 3.0667057037353516
tf.Tensor(-10606.064235647986, shape=(), dtype=float64)
nll_grad  cost time: 3.131340503692627
tf.Tensor(-10606.14857493424, shape=(), dtype=float64)
nll_grad  cost time: 3.24995756149292
tf.Tensor(-10606.254618039058, shape=(), dtype=float64)
nll_grad  cost time: 3.207357406616211
tf.Tensor(-10606.332500482273, shape=(), dtype=float64)
nll_grad  cost time: 3.28031325340271
tf.Tensor(-10606.449059473896, shape=(), dtype=float64)
nll_grad  cost time: 3.0746712684631348
tf.Tensor(-10606.62379702492, shape=(), dtype=float64)
nll_grad  cost time: 3.1851634979248047
tf.Tensor(-10606.873450828709, shape=(), dtype=float64)
nll_grad  cost time: 3.227170467376709
tf.Tensor(-10607.123989355448, shape=(), dtype=float64)
nll_grad  cost time: 3.15047550201416
tf.Tensor(-10607.358979859884, shape=(), dtype=float64)
nll_grad  cost time: 3.1089351177215576
tf.Tensor(-10607.664952326133, shape=(), dtype=float64)
nll_grad  cost time: 3.172776460647583
tf.Tensor(-10608.12007841702, shape=(), dtype=float64)
nll_grad  cost time: 3.1946444511413574
tf.Tensor(-10608.673275672872, shape=(), dtype=float64)
nll_grad  cost time: 3.287585973739624
tf.Tensor(-10608.849357989227, shape=(), dtype=float64)
nll_grad  cost time: 3.2430570125579834
tf.Tensor(-10609.122126628796, shape=(), dtype=float64)
nll_grad  cost time: 3.152423858642578
tf.Tensor(-10609.495138436234, shape=(), dtype=float64)
nll_grad  cost time: 3.209484100341797
tf.Tensor(-10609.884054563876, shape=(), dtype=float64)
nll_grad  cost time: 3.2162201404571533
tf.Tensor(-10610.234010573236, shape=(), dtype=float64)
nll_grad  cost time: 3.2955849170684814
nll_grad  cost time: 3.423475980758667
tf.Tensor(-10610.381731498606, shape=(), dtype=float64)
nll_grad  cost time: 2.9982237815856934
tf.Tensor(-10610.593692995064, shape=(), dtype=float64)
nll_grad  cost time: 3.092158794403076
tf.Tensor(-10610.829571286768, shape=(), dtype=float64)
nll_grad  cost time: 3.244187116622925
tf.Tensor(-10610.970581538275, shape=(), dtype=float64)
nll_grad  cost time: 3.1693334579467773
tf.Tensor(-10611.085980656051, shape=(), dtype=float64)
nll_grad  cost time: 3.0998342037200928
tf.Tensor(-10611.2388570109, shape=(), dtype=float64)
nll_grad  cost time: 3.157954454421997
tf.Tensor(-10611.43866758259, shape=(), dtype=float64)
nll_grad  cost time: 3.1099307537078857
tf.Tensor(-10611.628027257288, shape=(), dtype=float64)
nll_grad  cost time: 3.3313069343566895
tf.Tensor(-10611.835308964739, shape=(), dtype=float64)
nll_grad  cost time: 3.2975881099700928
tf.Tensor(-10612.019226153097, shape=(), dtype=float64)
nll_grad  cost time: 3.1137452125549316
tf.Tensor(-10612.195837733403, shape=(), dtype=float64)
nll_grad  cost time: 3.2839813232421875
tf.Tensor(-10612.335231694164, shape=(), dtype=float64)
nll_grad  cost time: 3.4424891471862793
tf.Tensor(-10612.489329621701, shape=(), dtype=float64)
nll_grad  cost time: 3.3428614139556885
tf.Tensor(-10612.621234762659, shape=(), dtype=float64)
nll_grad  cost time: 3.2095861434936523
tf.Tensor(-10612.749806028534, shape=(), dtype=float64)
nll_grad  cost time: 3.4896514415740967
tf.Tensor(-10612.869280828283, shape=(), dtype=float64)
nll_grad  cost time: 3.315717935562134
tf.Tensor(-10612.932475922058, shape=(), dtype=float64)
nll_grad  cost time: 3.2545275688171387
tf.Tensor(-10613.0237809487, shape=(), dtype=float64)
nll_grad  cost time: 3.3354828357696533
tf.Tensor(-10613.110156458406, shape=(), dtype=float64)
nll_grad  cost time: 3.218844175338745
tf.Tensor(-10613.176207601668, shape=(), dtype=float64)
nll_grad  cost time: 3.172286033630371
tf.Tensor(-10613.250657282671, shape=(), dtype=float64)
nll_grad  cost time: 3.3495304584503174
tf.Tensor(-10613.340393717992, shape=(), dtype=float64)
nll_grad  cost time: 3.3120627403259277
tf.Tensor(-10613.44652903678, shape=(), dtype=float64)
nll_grad  cost time: 3.327899694442749
tf.Tensor(-10613.591772586587, shape=(), dtype=float64)
nll_grad  cost time: 3.2710461616516113
tf.Tensor(-10613.79113754199, shape=(), dtype=float64)
nll_grad  cost time: 3.435784339904785
tf.Tensor(-10613.949725001974, shape=(), dtype=float64)
nll_grad  cost time: 3.2385406494140625
tf.Tensor(-10614.083412599673, shape=(), dtype=float64)
nll_grad  cost time: 3.2200498580932617
tf.Tensor(-10614.20852149243, shape=(), dtype=float64)
nll_grad  cost time: 3.3342373371124268
tf.Tensor(-10614.308380391107, shape=(), dtype=float64)
nll_grad  cost time: 2.9690189361572266
tf.Tensor(-10614.419848916405, shape=(), dtype=float64)
nll_grad  cost time: 3.1579995155334473
tf.Tensor(-10614.549841913871, shape=(), dtype=float64)
nll_grad  cost time: 3.132549524307251
tf.Tensor(-10614.717272407212, shape=(), dtype=float64)
nll_grad  cost time: 3.198378324508667
tf.Tensor(-10614.91223201832, shape=(), dtype=float64)
nll_grad  cost time: 3.2305121421813965
tf.Tensor(-10615.098496771443, shape=(), dtype=float64)
nll_grad  cost time: 3.0892109870910645
tf.Tensor(-10615.346400836643, shape=(), dtype=float64)
nll_grad  cost time: 3.2606942653656006
tf.Tensor(-10615.675505228504, shape=(), dtype=float64)
nll_grad  cost time: 3.249234676361084
tf.Tensor(-10615.900683326858, shape=(), dtype=float64)
nll_grad  cost time: 3.3940863609313965
tf.Tensor(-10616.101333584296, shape=(), dtype=float64)
nll_grad  cost time: 3.2528016567230225
tf.Tensor(-10616.305792868072, shape=(), dtype=float64)
nll_grad  cost time: 3.307839870452881
tf.Tensor(-10616.515215836473, shape=(), dtype=float64)
nll_grad  cost time: 3.2748379707336426
tf.Tensor(-10616.73308557655, shape=(), dtype=float64)
nll_grad  cost time: 3.0682928562164307
tf.Tensor(-10616.853221952744, shape=(), dtype=float64)
nll_grad  cost time: 3.069561243057251
tf.Tensor(-10617.04235689239, shape=(), dtype=float64)
nll_grad  cost time: 3.3161869049072266
tf.Tensor(-10617.2941956287, shape=(), dtype=float64)
nll_grad  cost time: 3.3240272998809814
tf.Tensor(-10617.495656207204, shape=(), dtype=float64)
nll_grad  cost time: 3.216446876525879
tf.Tensor(-10617.770897522532, shape=(), dtype=float64)
nll_grad  cost time: 3.2771215438842773
tf.Tensor(-10618.15643975592, shape=(), dtype=float64)
nll_grad  cost time: 3.2429964542388916
tf.Tensor(-10618.60628848111, shape=(), dtype=float64)
nll_grad  cost time: 3.375312089920044
tf.Tensor(-10618.770850488469, shape=(), dtype=float64)
nll_grad  cost time: 3.3576924800872803
tf.Tensor(-10619.054023093595, shape=(), dtype=float64)
nll_grad  cost time: 3.267350435256958
tf.Tensor(-10619.526497784329, shape=(), dtype=float64)
nll_grad  cost time: 3.1025121212005615
tf.Tensor(-10620.171720513306, shape=(), dtype=float64)
nll_grad  cost time: 3.286433458328247
tf.Tensor(-10620.600969740293, shape=(), dtype=float64)
nll_grad  cost time: 3.139134168624878
tf.Tensor(-10621.226459732348, shape=(), dtype=float64)
nll_grad  cost time: 3.2597670555114746
tf.Tensor(-10621.821097644814, shape=(), dtype=float64)
nll_grad  cost time: 3.431966543197632
nll_grad  cost time: 3.0380444526672363
tf.Tensor(-10622.137570937874, shape=(), dtype=float64)
nll_grad  cost time: 3.438021183013916
tf.Tensor(-10622.388781742586, shape=(), dtype=float64)
nll_grad  cost time: 3.4147956371307373
tf.Tensor(-10622.696055922563, shape=(), dtype=float64)
nll_grad  cost time: 3.131525993347168
tf.Tensor(-10622.79557027422, shape=(), dtype=float64)
nll_grad  cost time: 3.0621695518493652
tf.Tensor(-10622.966834030038, shape=(), dtype=float64)
nll_grad  cost time: 3.078270196914673
tf.Tensor(-10623.242401025853, shape=(), dtype=float64)
nll_grad  cost time: 3.2111029624938965
tf.Tensor(-10623.583830753043, shape=(), dtype=float64)
nll_grad  cost time: 3.2117934226989746
tf.Tensor(-10623.825400351143, shape=(), dtype=float64)
nll_grad  cost time: 3.3114678859710693
tf.Tensor(-10624.052582744334, shape=(), dtype=float64)
nll_grad  cost time: 3.36435866355896
tf.Tensor(-10624.244237452196, shape=(), dtype=float64)
nll_grad  cost time: 3.1674883365631104
tf.Tensor(-10624.373931161592, shape=(), dtype=float64)
nll_grad  cost time: 3.28467059135437
tf.Tensor(-10624.4867141691, shape=(), dtype=float64)
nll_grad  cost time: 3.224618911743164
tf.Tensor(-10624.6020375773, shape=(), dtype=float64)
nll_grad  cost time: 3.0780563354492188
tf.Tensor(-10624.67377929573, shape=(), dtype=float64)
nll_grad  cost time: 3.0025522708892822
tf.Tensor(-10624.756470532335, shape=(), dtype=float64)
nll_grad  cost time: 3.158996820449829
tf.Tensor(-10624.837607208601, shape=(), dtype=float64)
nll_grad  cost time: 3.2435338497161865
tf.Tensor(-10624.93491282807, shape=(), dtype=float64)
nll_grad  cost time: 3.233630895614624
tf.Tensor(-10625.062756668905, shape=(), dtype=float64)
nll_grad  cost time: 3.3201491832733154
tf.Tensor(-10625.162533063238, shape=(), dtype=float64)
nll_grad  cost time: 3.3068394660949707
tf.Tensor(-10625.27812416209, shape=(), dtype=float64)
nll_grad  cost time: 3.252275228500366
tf.Tensor(-10625.387063484044, shape=(), dtype=float64)
nll_grad  cost time: 3.212409734725952
tf.Tensor(-10625.482256321193, shape=(), dtype=float64)
nll_grad  cost time: 3.2243528366088867
tf.Tensor(-10625.611068256017, shape=(), dtype=float64)
nll_grad  cost time: 3.137643337249756
tf.Tensor(-10625.77184887869, shape=(), dtype=float64)
nll_grad  cost time: 3.163440227508545
tf.Tensor(-10625.90267793121, shape=(), dtype=float64)
nll_grad  cost time: 3.2336955070495605
tf.Tensor(-10626.016678992728, shape=(), dtype=float64)
nll_grad  cost time: 3.119821071624756
tf.Tensor(-10626.11062812675, shape=(), dtype=float64)
nll_grad  cost time: 3.0823452472686768
tf.Tensor(-10626.18761165469, shape=(), dtype=float64)
nll_grad  cost time: 3.2232372760772705
tf.Tensor(-10626.246392123698, shape=(), dtype=float64)
nll_grad  cost time: 3.197605848312378
tf.Tensor(-10626.29905394241, shape=(), dtype=float64)
nll_grad  cost time: 3.268404006958008
tf.Tensor(-10626.352955338934, shape=(), dtype=float64)
nll_grad  cost time: 3.1396710872650146
tf.Tensor(-10626.423146340238, shape=(), dtype=float64)
nll_grad  cost time: 3.122072696685791
tf.Tensor(-10626.475549296118, shape=(), dtype=float64)
nll_grad  cost time: 3.1825382709503174
tf.Tensor(-10626.518202002617, shape=(), dtype=float64)
nll_grad  cost time: 3.3497142791748047
tf.Tensor(-10626.571221825865, shape=(), dtype=float64)
nll_grad  cost time: 3.277142286300659
tf.Tensor(-10626.643540524572, shape=(), dtype=float64)
nll_grad  cost time: 3.3321361541748047
tf.Tensor(-10626.731166193336, shape=(), dtype=float64)
nll_grad  cost time: 3.300787925720215
tf.Tensor(-10626.831946218497, shape=(), dtype=float64)
nll_grad  cost time: 3.2339677810668945
tf.Tensor(-10626.92339379651, shape=(), dtype=float64)
nll_grad  cost time: 3.233046531677246
tf.Tensor(-10626.983295506614, shape=(), dtype=float64)
nll_grad  cost time: 3.1347172260284424
tf.Tensor(-10627.030492452, shape=(), dtype=float64)
nll_grad  cost time: 3.064964532852173
tf.Tensor(-10627.084479376686, shape=(), dtype=float64)
nll_grad  cost time: 3.2049882411956787
tf.Tensor(-10627.13557708658, shape=(), dtype=float64)
nll_grad  cost time: 3.0667102336883545
tf.Tensor(-10627.186547072895, shape=(), dtype=float64)
nll_grad  cost time: 3.221146821975708
tf.Tensor(-10627.235819441017, shape=(), dtype=float64)
nll_grad  cost time: 3.285041570663452
tf.Tensor(-10627.289683744802, shape=(), dtype=float64)
nll_grad  cost time: 3.1836678981781006
tf.Tensor(-10627.340966378064, shape=(), dtype=float64)
nll_grad  cost time: 3.1308767795562744
tf.Tensor(-10627.387639070108, shape=(), dtype=float64)
nll_grad  cost time: 3.2011802196502686
tf.Tensor(-10627.42941397706, shape=(), dtype=float64)
nll_grad  cost time: 3.297422170639038
tf.Tensor(-10627.489603308151, shape=(), dtype=float64)
nll_grad  cost time: 3.0455145835876465
tf.Tensor(-10627.5414998905, shape=(), dtype=float64)
nll_grad  cost time: 2.923255681991577
tf.Tensor(-10627.581124687506, shape=(), dtype=float64)
nll_grad  cost time: 3.1783690452575684
tf.Tensor(-10627.617102584098, shape=(), dtype=float64)
nll_grad  cost time: 3.2914648056030273
tf.Tensor(-10627.646057610878, shape=(), dtype=float64)
nll_grad  cost time: 3.039552688598633
tf.Tensor(-10627.66582975205, shape=(), dtype=float64)
nll_grad  cost time: 3.4383842945098877
tf.Tensor(-10627.68701683624, shape=(), dtype=float64)
nll_grad  cost time: 3.2544422149658203
tf.Tensor(-10627.708918004988, shape=(), dtype=float64)
nll_grad  cost time: 3.1141140460968018
tf.Tensor(-10627.734215215307, shape=(), dtype=float64)
nll_grad  cost time: 3.135024309158325
tf.Tensor(-10627.748207096904, shape=(), dtype=float64)
nll_grad  cost time: 3.3955087661743164
tf.Tensor(-10627.762584507305, shape=(), dtype=float64)
nll_grad  cost time: 3.196333646774292
tf.Tensor(-10627.77455893047, shape=(), dtype=float64)
nll_grad  cost time: 3.0922234058380127
tf.Tensor(-10627.788728577378, shape=(), dtype=float64)
nll_grad  cost time: 3.2157974243164062
tf.Tensor(-10627.804869458514, shape=(), dtype=float64)
nll_grad  cost time: 3.3371081352233887
tf.Tensor(-10627.821828436901, shape=(), dtype=float64)
nll_grad  cost time: 3.2401320934295654
tf.Tensor(-10627.838029060063, shape=(), dtype=float64)
nll_grad  cost time: 3.031568765640259
tf.Tensor(-10627.856082923614, shape=(), dtype=float64)
nll_grad  cost time: 3.1592822074890137
tf.Tensor(-10627.876346937299, shape=(), dtype=float64)
nll_grad  cost time: 3.1973986625671387
tf.Tensor(-10627.89791976933, shape=(), dtype=float64)
nll_grad  cost time: 3.308922290802002
tf.Tensor(-10627.91915005185, shape=(), dtype=float64)
nll_grad  cost time: 3.3564696311950684
tf.Tensor(-10627.931714734186, shape=(), dtype=float64)
nll_grad  cost time: 3.1693801879882812
tf.Tensor(-10627.942818967209, shape=(), dtype=float64)
nll_grad  cost time: 3.204960823059082
tf.Tensor(-10627.953661330324, shape=(), dtype=float64)
nll_grad  cost time: 3.395719051361084
tf.Tensor(-10627.967702133901, shape=(), dtype=float64)
nll_grad  cost time: 3.062443971633911
tf.Tensor(-10627.987925196996, shape=(), dtype=float64)
nll_grad  cost time: 3.6783244609832764
tf.Tensor(-10628.016170284945, shape=(), dtype=float64)
nll_grad  cost time: 3.3596436977386475
tf.Tensor(-10628.049116010106, shape=(), dtype=float64)
nll_grad  cost time: 3.225493907928467
tf.Tensor(-10628.083197604838, shape=(), dtype=float64)
nll_grad  cost time: 3.3538320064544678
tf.Tensor(-10628.116988920858, shape=(), dtype=float64)
nll_grad  cost time: 3.3153820037841797
tf.Tensor(-10628.149371006706, shape=(), dtype=float64)
nll_grad  cost time: 3.2098844051361084
tf.Tensor(-10628.181360131246, shape=(), dtype=float64)
nll_grad  cost time: 3.202389717102051
tf.Tensor(-10628.213812280586, shape=(), dtype=float64)
nll_grad  cost time: 3.3258447647094727
tf.Tensor(-10628.25256450772, shape=(), dtype=float64)
nll_grad  cost time: 3.225680112838745
tf.Tensor(-10628.302914976155, shape=(), dtype=float64)
nll_grad  cost time: 3.240797519683838
tf.Tensor(-10628.354196412134, shape=(), dtype=float64)
nll_grad  cost time: 3.128614664077759
tf.Tensor(-10628.405360634379, shape=(), dtype=float64)
nll_grad  cost time: 3.122058868408203
tf.Tensor(-10628.467663087353, shape=(), dtype=float64)
nll_grad  cost time: 3.0709574222564697
tf.Tensor(-10628.530525378357, shape=(), dtype=float64)
nll_grad  cost time: 3.1417038440704346
tf.Tensor(-10628.592209089362, shape=(), dtype=float64)
nll_grad  cost time: 3.1251513957977295
tf.Tensor(-10628.650266217677, shape=(), dtype=float64)
nll_grad  cost time: 3.160482883453369
tf.Tensor(-10628.70034449878, shape=(), dtype=float64)
nll_grad  cost time: 3.069946050643921
tf.Tensor(-10628.738631606277, shape=(), dtype=float64)
nll_grad  cost time: 3.064345121383667
tf.Tensor(-10628.768212162237, shape=(), dtype=float64)
nll_grad  cost time: 3.0968780517578125
tf.Tensor(-10628.800153291113, shape=(), dtype=float64)
nll_grad  cost time: 3.147861957550049
tf.Tensor(-10628.835624383939, shape=(), dtype=float64)
nll_grad  cost time: 3.197639226913452
tf.Tensor(-10628.880877421749, shape=(), dtype=float64)
nll_grad  cost time: 3.205343723297119
tf.Tensor(-10628.908870277724, shape=(), dtype=float64)
nll_grad  cost time: 3.3364810943603516
tf.Tensor(-10628.932849698796, shape=(), dtype=float64)
nll_grad  cost time: 3.1108944416046143
tf.Tensor(-10628.956435757102, shape=(), dtype=float64)
nll_grad  cost time: 3.216733455657959
tf.Tensor(-10628.97719072597, shape=(), dtype=float64)
nll_grad  cost time: 3.1498217582702637
tf.Tensor(-10629.000215810085, shape=(), dtype=float64)
nll_grad  cost time: 3.0980148315429688
tf.Tensor(-10629.028151968801, shape=(), dtype=float64)
nll_grad  cost time: 3.034489870071411
tf.Tensor(-10629.054739844794, shape=(), dtype=float64)
nll_grad  cost time: 3.2532973289489746
tf.Tensor(-10629.081119455985, shape=(), dtype=float64)
nll_grad  cost time: 3.0940353870391846
tf.Tensor(-10629.10936088643, shape=(), dtype=float64)
nll_grad  cost time: 3.2055766582489014
tf.Tensor(-10629.135320589121, shape=(), dtype=float64)
nll_grad  cost time: 3.2860610485076904
tf.Tensor(-10629.15885660919, shape=(), dtype=float64)
nll_grad  cost time: 3.1987123489379883
tf.Tensor(-10629.180272786776, shape=(), dtype=float64)
nll_grad  cost time: 3.1058216094970703
tf.Tensor(-10629.204812700918, shape=(), dtype=float64)
nll_grad  cost time: 3.2719473838806152
tf.Tensor(-10629.227169478923, shape=(), dtype=float64)
nll_grad  cost time: 3.1311302185058594
tf.Tensor(-10629.242594542382, shape=(), dtype=float64)
nll_grad  cost time: 3.1250622272491455
tf.Tensor(-10629.262971501823, shape=(), dtype=float64)
nll_grad  cost time: 3.250314474105835
tf.Tensor(-10629.281760057582, shape=(), dtype=float64)
nll_grad  cost time: 3.1506121158599854
tf.Tensor(-10629.301011864085, shape=(), dtype=float64)
nll_grad  cost time: 3.1898248195648193
tf.Tensor(-10629.322606454582, shape=(), dtype=float64)
nll_grad  cost time: 3.2874743938446045
tf.Tensor(-10629.345298950959, shape=(), dtype=float64)
nll_grad  cost time: 3.2745635509490967
tf.Tensor(-10629.361979954198, shape=(), dtype=float64)
nll_grad  cost time: 3.2122726440429688
tf.Tensor(-10629.379869979999, shape=(), dtype=float64)
nll_grad  cost time: 3.330385208129883
tf.Tensor(-10629.393684346343, shape=(), dtype=float64)
nll_grad  cost time: 3.241384267807007
tf.Tensor(-10629.405844139155, shape=(), dtype=float64)
nll_grad  cost time: 3.3708221912384033
tf.Tensor(-10629.420238633425, shape=(), dtype=float64)
nll_grad  cost time: 3.0388331413269043
tf.Tensor(-10629.433689103702, shape=(), dtype=float64)
nll_grad  cost time: 3.313931941986084
tf.Tensor(-10629.448083058658, shape=(), dtype=float64)
nll_grad  cost time: 3.2099850177764893
tf.Tensor(-10629.467252693466, shape=(), dtype=float64)
nll_grad  cost time: 3.20076584815979
tf.Tensor(-10629.495052398175, shape=(), dtype=float64)
nll_grad  cost time: 3.2385456562042236
tf.Tensor(-10629.528431824736, shape=(), dtype=float64)
nll_grad  cost time: 3.2550318241119385
tf.Tensor(-10629.551599696406, shape=(), dtype=float64)
nll_grad  cost time: 3.0899229049682617
tf.Tensor(-10629.565632640039, shape=(), dtype=float64)
nll_grad  cost time: 3.2456111907958984
tf.Tensor(-10629.577481976023, shape=(), dtype=float64)
nll_grad  cost time: 2.957392454147339
tf.Tensor(-10629.590079305031, shape=(), dtype=float64)
nll_grad  cost time: 2.9781723022460938
tf.Tensor(-10629.602854992077, shape=(), dtype=float64)
nll_grad  cost time: 3.3992037773132324
tf.Tensor(-10629.618103271789, shape=(), dtype=float64)
nll_grad  cost time: 3.302736520767212
tf.Tensor(-10629.634166255579, shape=(), dtype=float64)
nll_grad  cost time: 3.185689926147461
tf.Tensor(-10629.65431049688, shape=(), dtype=float64)
nll_grad  cost time: 3.339907169342041
tf.Tensor(-10629.671418362592, shape=(), dtype=float64)
nll_grad  cost time: 3.278795003890991
tf.Tensor(-10629.68647826576, shape=(), dtype=float64)
nll_grad  cost time: 3.1582984924316406
tf.Tensor(-10629.699996932428, shape=(), dtype=float64)
nll_grad  cost time: 3.1720035076141357
tf.Tensor(-10629.714764898878, shape=(), dtype=float64)
nll_grad  cost time: 3.110597610473633
tf.Tensor(-10629.729720593532, shape=(), dtype=float64)
nll_grad  cost time: 3.0245282649993896
tf.Tensor(-10629.745217760541, shape=(), dtype=float64)
nll_grad  cost time: 3.1172399520874023
tf.Tensor(-10629.758044594648, shape=(), dtype=float64)
nll_grad  cost time: 3.245910167694092
tf.Tensor(-10629.776348176289, shape=(), dtype=float64)
nll_grad  cost time: 3.2404873371124268
tf.Tensor(-10629.799872895997, shape=(), dtype=float64)
nll_grad  cost time: 3.2897074222564697
tf.Tensor(-10629.8263289642, shape=(), dtype=float64)
nll_grad  cost time: 3.1376242637634277
tf.Tensor(-10629.849792407767, shape=(), dtype=float64)
nll_grad  cost time: 3.1279871463775635
tf.Tensor(-10629.871155796496, shape=(), dtype=float64)
nll_grad  cost time: 2.9476850032806396
tf.Tensor(-10629.887487904314, shape=(), dtype=float64)
nll_grad  cost time: 3.1741905212402344
tf.Tensor(-10629.906099624248, shape=(), dtype=float64)
nll_grad  cost time: 3.243762969970703
tf.Tensor(-10629.924640756024, shape=(), dtype=float64)
nll_grad  cost time: 3.158353328704834
tf.Tensor(-10629.939212301146, shape=(), dtype=float64)
nll_grad  cost time: 3.155426263809204
tf.Tensor(-10629.95719472333, shape=(), dtype=float64)
nll_grad  cost time: 3.1571474075317383
tf.Tensor(-10629.977796999681, shape=(), dtype=float64)
nll_grad  cost time: 3.1960771083831787
nll_grad  cost time: 3.0317325592041016
tf.Tensor(-10629.989071561256, shape=(), dtype=float64)
nll_grad  cost time: 3.179649829864502
tf.Tensor(-10630.006946761976, shape=(), dtype=float64)
nll_grad  cost time: 3.0524680614471436
tf.Tensor(-10630.036018996703, shape=(), dtype=float64)
nll_grad  cost time: 3.1591527462005615
tf.Tensor(-10630.080357834784, shape=(), dtype=float64)
nll_grad  cost time: 3.1893322467803955
tf.Tensor(-10630.12987047565, shape=(), dtype=float64)
nll_grad  cost time: 3.2038755416870117
tf.Tensor(-10630.159493023522, shape=(), dtype=float64)
nll_grad  cost time: 3.278000831604004
tf.Tensor(-10630.196062823916, shape=(), dtype=float64)
nll_grad  cost time: 3.309399366378784
tf.Tensor(-10630.234977650429, shape=(), dtype=float64)
nll_grad  cost time: 3.322093963623047
tf.Tensor(-10630.26265773757, shape=(), dtype=float64)
nll_grad  cost time: 3.341679811477661
tf.Tensor(-10630.305735328018, shape=(), dtype=float64)
nll_grad  cost time: 3.1983988285064697
tf.Tensor(-10630.375076904242, shape=(), dtype=float64)
nll_grad  cost time: 3.2025504112243652
tf.Tensor(-10630.478506646463, shape=(), dtype=float64)
nll_grad  cost time: 3.227222442626953
tf.Tensor(-10630.54314966134, shape=(), dtype=float64)
nll_grad  cost time: 3.095243215560913
tf.Tensor(-10630.621094766551, shape=(), dtype=float64)
nll_grad  cost time: 3.2494969367980957
tf.Tensor(-10630.667994037736, shape=(), dtype=float64)
nll_grad  cost time: 3.271772861480713
tf.Tensor(-10630.742906639613, shape=(), dtype=float64)
nll_grad  cost time: 3.2448041439056396
tf.Tensor(-10630.862479192452, shape=(), dtype=float64)
nll_grad  cost time: 3.22067928314209
tf.Tensor(-10631.009760645731, shape=(), dtype=float64)
nll_grad  cost time: 3.3417763710021973
tf.Tensor(-10631.117765881168, shape=(), dtype=float64)
nll_grad  cost time: 3.045388698577881
tf.Tensor(-10631.252096965805, shape=(), dtype=float64)
nll_grad  cost time: 3.295712947845459
tf.Tensor(-10631.366401010127, shape=(), dtype=float64)
nll_grad  cost time: 3.2417092323303223
tf.Tensor(-10631.533913942118, shape=(), dtype=float64)
nll_grad  cost time: 3.2754154205322266
tf.Tensor(-10631.773429817005, shape=(), dtype=float64)
nll_grad  cost time: 3.2255733013153076
tf.Tensor(-10632.04015260133, shape=(), dtype=float64)
nll_grad  cost time: 3.105333089828491
tf.Tensor(-10632.182869962495, shape=(), dtype=float64)
nll_grad  cost time: 3.244384527206421
tf.Tensor(-10632.339148949352, shape=(), dtype=float64)
nll_grad  cost time: 3.2527382373809814
tf.Tensor(-10632.561390670877, shape=(), dtype=float64)
nll_grad  cost time: 3.2978355884552
tf.Tensor(-10632.794959229188, shape=(), dtype=float64)
nll_grad  cost time: 3.279062271118164
tf.Tensor(-10633.064089987995, shape=(), dtype=float64)
nll_grad  cost time: 3.1002016067504883
tf.Tensor(-10633.201366842593, shape=(), dtype=float64)
nll_grad  cost time: 3.1292102336883545
tf.Tensor(-10633.407708691226, shape=(), dtype=float64)
nll_grad  cost time: 3.2062935829162598
tf.Tensor(-10633.59733533252, shape=(), dtype=float64)
nll_grad  cost time: 3.1267807483673096
tf.Tensor(-10633.717324999794, shape=(), dtype=float64)
nll_grad  cost time: 3.234009027481079
tf.Tensor(-10633.85626571842, shape=(), dtype=float64)
nll_grad  cost time: 3.4498045444488525
tf.Tensor(-10634.039210211247, shape=(), dtype=float64)
nll_grad  cost time: 3.2651944160461426
tf.Tensor(-10634.243129330025, shape=(), dtype=float64)
nll_grad  cost time: 3.2306673526763916
tf.Tensor(-10634.40816868603, shape=(), dtype=float64)
nll_grad  cost time: 3.7502639293670654
tf.Tensor(-10634.543493506202, shape=(), dtype=float64)
nll_grad  cost time: 3.10725736618042
tf.Tensor(-10634.66105522023, shape=(), dtype=float64)
nll_grad  cost time: 3.1380536556243896
tf.Tensor(-10634.734771351175, shape=(), dtype=float64)
nll_grad  cost time: 3.090057611465454
tf.Tensor(-10634.823964470459, shape=(), dtype=float64)
nll_grad  cost time: 3.273106575012207
tf.Tensor(-10634.920778628171, shape=(), dtype=float64)
nll_grad  cost time: 3.2387936115264893
tf.Tensor(-10635.006981191818, shape=(), dtype=float64)
nll_grad  cost time: 3.2007975578308105
tf.Tensor(-10635.084491322035, shape=(), dtype=float64)
nll_grad  cost time: 3.293689727783203
tf.Tensor(-10635.174085489807, shape=(), dtype=float64)
nll_grad  cost time: 3.0356204509735107
tf.Tensor(-10635.223752755317, shape=(), dtype=float64)
nll_grad  cost time: 3.353132963180542
tf.Tensor(-10635.293908384492, shape=(), dtype=float64)
nll_grad  cost time: 3.248617172241211
tf.Tensor(-10635.345530789407, shape=(), dtype=float64)
nll_grad  cost time: 3.049102544784546
tf.Tensor(-10635.40345055701, shape=(), dtype=float64)
nll_grad  cost time: 3.011230945587158
tf.Tensor(-10635.463586071486, shape=(), dtype=float64)
nll_grad  cost time: 3.0859453678131104
tf.Tensor(-10635.532129853847, shape=(), dtype=float64)
nll_grad  cost time: 3.1222259998321533
tf.Tensor(-10635.620769806384, shape=(), dtype=float64)
nll_grad  cost time: 3.263029098510742
tf.Tensor(-10635.697377146647, shape=(), dtype=float64)
nll_grad  cost time: 3.444432497024536
tf.Tensor(-10635.76243371122, shape=(), dtype=float64)
nll_grad  cost time: 3.2078773975372314
tf.Tensor(-10635.828803843659, shape=(), dtype=float64)
nll_grad  cost time: 3.181345224380493
tf.Tensor(-10635.888767340846, shape=(), dtype=float64)
nll_grad  cost time: 3.301677942276001
tf.Tensor(-10635.940884850443, shape=(), dtype=float64)
nll_grad  cost time: 3.2612926959991455
tf.Tensor(-10635.97802575521, shape=(), dtype=float64)
nll_grad  cost time: 3.1742374897003174
tf.Tensor(-10636.02650984747, shape=(), dtype=float64)
nll_grad  cost time: 3.2061336040496826
tf.Tensor(-10636.077747142108, shape=(), dtype=float64)
nll_grad  cost time: 3.156785488128662
tf.Tensor(-10636.113998608042, shape=(), dtype=float64)
nll_grad  cost time: 3.141345739364624
tf.Tensor(-10636.142059114985, shape=(), dtype=float64)
nll_grad  cost time: 3.3143150806427
tf.Tensor(-10636.160669021281, shape=(), dtype=float64)
nll_grad  cost time: 3.3154478073120117
tf.Tensor(-10636.184631260465, shape=(), dtype=float64)
nll_grad  cost time: 3.2456905841827393
tf.Tensor(-10636.213009958137, shape=(), dtype=float64)
nll_grad  cost time: 3.505330801010132
tf.Tensor(-10636.24163177359, shape=(), dtype=float64)
nll_grad  cost time: 3.283257246017456
tf.Tensor(-10636.268470209627, shape=(), dtype=float64)
nll_grad  cost time: 3.2329957485198975
tf.Tensor(-10636.291064827083, shape=(), dtype=float64)
nll_grad  cost time: 3.1221957206726074
tf.Tensor(-10636.308719295608, shape=(), dtype=float64)
nll_grad  cost time: 3.178579807281494
tf.Tensor(-10636.321925294988, shape=(), dtype=float64)
nll_grad  cost time: 3.182910203933716
tf.Tensor(-10636.334898312312, shape=(), dtype=float64)
nll_grad  cost time: 3.3970322608947754
tf.Tensor(-10636.346852409291, shape=(), dtype=float64)
nll_grad  cost time: 3.264019727706909
tf.Tensor(-10636.358134113101, shape=(), dtype=float64)
nll_grad  cost time: 3.091696262359619
tf.Tensor(-10636.369903786013, shape=(), dtype=float64)
nll_grad  cost time: 3.2475996017456055
tf.Tensor(-10636.38513381691, shape=(), dtype=float64)
nll_grad  cost time: 3.0976028442382812
tf.Tensor(-10636.405859793027, shape=(), dtype=float64)
nll_grad  cost time: 3.161669969558716
tf.Tensor(-10636.42299812178, shape=(), dtype=float64)
nll_grad  cost time: 3.133085250854492
tf.Tensor(-10636.433325459822, shape=(), dtype=float64)
nll_grad  cost time: 3.167966365814209
tf.Tensor(-10636.44312607705, shape=(), dtype=float64)
nll_grad  cost time: 3.2269909381866455
tf.Tensor(-10636.453847380639, shape=(), dtype=float64)
nll_grad  cost time: 3.234142780303955
tf.Tensor(-10636.464864680422, shape=(), dtype=float64)
nll_grad  cost time: 3.319322347640991
tf.Tensor(-10636.478693048595, shape=(), dtype=float64)
nll_grad  cost time: 3.3077595233917236
tf.Tensor(-10636.492685399333, shape=(), dtype=float64)
nll_grad  cost time: 3.3439738750457764
tf.Tensor(-10636.505374016777, shape=(), dtype=float64)
nll_grad  cost time: 3.4595887660980225
tf.Tensor(-10636.516185257606, shape=(), dtype=float64)
nll_grad  cost time: 3.1695003509521484
tf.Tensor(-10636.524204884576, shape=(), dtype=float64)
nll_grad  cost time: 3.255673408508301
tf.Tensor(-10636.5307068145, shape=(), dtype=float64)
nll_grad  cost time: 3.316376209259033
tf.Tensor(-10636.537373136409, shape=(), dtype=float64)
nll_grad  cost time: 3.3022851943969727
tf.Tensor(-10636.544145355625, shape=(), dtype=float64)
nll_grad  cost time: 3.192401647567749
tf.Tensor(-10636.550256764915, shape=(), dtype=float64)
nll_grad  cost time: 3.2597594261169434
tf.Tensor(-10636.556672208695, shape=(), dtype=float64)
nll_grad  cost time: 3.2633585929870605
tf.Tensor(-10636.565008243011, shape=(), dtype=float64)
nll_grad  cost time: 3.354810953140259
tf.Tensor(-10636.57430487193, shape=(), dtype=float64)
nll_grad  cost time: 3.267611265182495
tf.Tensor(-10636.58284050125, shape=(), dtype=float64)
nll_grad  cost time: 3.212578535079956
tf.Tensor(-10636.58837263663, shape=(), dtype=float64)
nll_grad  cost time: 3.3823087215423584
tf.Tensor(-10636.593574442628, shape=(), dtype=float64)
nll_grad  cost time: 3.367788791656494
tf.Tensor(-10636.600490705014, shape=(), dtype=float64)
nll_grad  cost time: 3.2051913738250732
tf.Tensor(-10636.608163519846, shape=(), dtype=float64)
nll_grad  cost time: 3.2094011306762695
tf.Tensor(-10636.615190672605, shape=(), dtype=float64)
nll_grad  cost time: 3.152202844619751
tf.Tensor(-10636.623037514866, shape=(), dtype=float64)
nll_grad  cost time: 3.18141508102417
tf.Tensor(-10636.631836970791, shape=(), dtype=float64)
nll_grad  cost time: 3.1809468269348145
tf.Tensor(-10636.639499880275, shape=(), dtype=float64)
nll_grad  cost time: 3.218214750289917
tf.Tensor(-10636.645360682835, shape=(), dtype=float64)
nll_grad  cost time: 3.1602683067321777
tf.Tensor(-10636.651768347734, shape=(), dtype=float64)
nll_grad  cost time: 3.170665979385376
tf.Tensor(-10636.65805607934, shape=(), dtype=float64)
nll_grad  cost time: 3.253798484802246
tf.Tensor(-10636.664933691047, shape=(), dtype=float64)
nll_grad  cost time: 3.2060647010803223
tf.Tensor(-10636.672335547399, shape=(), dtype=float64)
nll_grad  cost time: 3.236097574234009
tf.Tensor(-10636.67840098937, shape=(), dtype=float64)
nll_grad  cost time: 3.5058813095092773
tf.Tensor(-10636.683737368352, shape=(), dtype=float64)
nll_grad  cost time: 3.305331230163574
tf.Tensor(-10636.68888896207, shape=(), dtype=float64)
nll_grad  cost time: 3.1657371520996094
tf.Tensor(-10636.69446714033, shape=(), dtype=float64)
nll_grad  cost time: 3.3817107677459717
tf.Tensor(-10636.701008312044, shape=(), dtype=float64)
nll_grad  cost time: 3.3232550621032715
tf.Tensor(-10636.70805042193, shape=(), dtype=float64)
nll_grad  cost time: 3.293973445892334
tf.Tensor(-10636.713235840607, shape=(), dtype=float64)
nll_grad  cost time: 3.34210467338562
tf.Tensor(-10636.71813847485, shape=(), dtype=float64)
nll_grad  cost time: 3.307020664215088
tf.Tensor(-10636.723075693928, shape=(), dtype=float64)
nll_grad  cost time: 3.1487643718719482
tf.Tensor(-10636.728930217154, shape=(), dtype=float64)
nll_grad  cost time: 3.1108474731445312
tf.Tensor(-10636.734556026831, shape=(), dtype=float64)
nll_grad  cost time: 3.093639850616455
tf.Tensor(-10636.739958385939, shape=(), dtype=float64)
nll_grad  cost time: 3.1886911392211914
tf.Tensor(-10636.745479126841, shape=(), dtype=float64)
nll_grad  cost time: 3.339104652404785
tf.Tensor(-10636.751007212068, shape=(), dtype=float64)
nll_grad  cost time: 3.4796574115753174
tf.Tensor(-10636.75608586632, shape=(), dtype=float64)
nll_grad  cost time: 3.111295223236084
tf.Tensor(-10636.763133293534, shape=(), dtype=float64)
nll_grad  cost time: 3.2535793781280518
tf.Tensor(-10636.770069071987, shape=(), dtype=float64)
nll_grad  cost time: 3.3533575534820557
tf.Tensor(-10636.775742402424, shape=(), dtype=float64)
nll_grad  cost time: 3.1262383460998535
tf.Tensor(-10636.781720652363, shape=(), dtype=float64)
nll_grad  cost time: 3.3724777698516846
tf.Tensor(-10636.788668511286, shape=(), dtype=float64)
nll_grad  cost time: 3.0805916786193848
tf.Tensor(-10636.794555069524, shape=(), dtype=float64)
nll_grad  cost time: 3.2503511905670166
tf.Tensor(-10636.79796349776, shape=(), dtype=float64)
nll_grad  cost time: 3.3384711742401123
tf.Tensor(-10636.799518079904, shape=(), dtype=float64)
nll_grad  cost time: 3.231031656265259
tf.Tensor(-10636.800523698108, shape=(), dtype=float64)
nll_grad  cost time: 3.123727798461914
tf.Tensor(-10636.80175996959, shape=(), dtype=float64)
nll_grad  cost time: 3.3847405910491943
tf.Tensor(-10636.803757353691, shape=(), dtype=float64)
nll_grad  cost time: 3.2054286003112793
tf.Tensor(-10636.806696924974, shape=(), dtype=float64)
nll_grad  cost time: 3.140303373336792
tf.Tensor(-10636.809325096925, shape=(), dtype=float64)
nll_grad  cost time: 3.0867724418640137
tf.Tensor(-10636.811395031727, shape=(), dtype=float64)
nll_grad  cost time: 3.1921639442443848
tf.Tensor(-10636.813321718186, shape=(), dtype=float64)
nll_grad  cost time: 3.200934886932373
tf.Tensor(-10636.814833154205, shape=(), dtype=float64)
nll_grad  cost time: 3.180637836456299
tf.Tensor(-10636.816078346274, shape=(), dtype=float64)
nll_grad  cost time: 3.286005973815918
tf.Tensor(-10636.817190409618, shape=(), dtype=float64)
nll_grad  cost time: 3.223499059677124
tf.Tensor(-10636.818523332864, shape=(), dtype=float64)
nll_grad  cost time: 3.3416504859924316
tf.Tensor(-10636.820212425462, shape=(), dtype=float64)
nll_grad  cost time: 3.342698097229004
tf.Tensor(-10636.822031255075, shape=(), dtype=float64)
nll_grad  cost time: 3.3249716758728027
tf.Tensor(-10636.82329354341, shape=(), dtype=float64)
nll_grad  cost time: 3.237177848815918
tf.Tensor(-10636.824297556597, shape=(), dtype=float64)
nll_grad  cost time: 3.557391881942749
tf.Tensor(-10636.825418732646, shape=(), dtype=float64)
nll_grad  cost time: 3.2319998741149902
tf.Tensor(-10636.82671533449, shape=(), dtype=float64)
nll_grad  cost time: 3.1415772438049316
tf.Tensor(-10636.827875248278, shape=(), dtype=float64)
nll_grad  cost time: 3.2393338680267334
tf.Tensor(-10636.829198310172, shape=(), dtype=float64)
nll_grad  cost time: 3.2584190368652344
tf.Tensor(-10636.83088681937, shape=(), dtype=float64)
nll_grad  cost time: 3.222029685974121
tf.Tensor(-10636.833114713063, shape=(), dtype=float64)
nll_grad  cost time: 3.2412798404693604
tf.Tensor(-10636.835398174748, shape=(), dtype=float64)
nll_grad  cost time: 3.585404634475708
tf.Tensor(-10636.837175641887, shape=(), dtype=float64)
nll_grad  cost time: 3.3146843910217285
tf.Tensor(-10636.838512159737, shape=(), dtype=float64)
nll_grad  cost time: 3.2150754928588867
tf.Tensor(-10636.839849016713, shape=(), dtype=float64)
nll_grad  cost time: 3.304011106491089
tf.Tensor(-10636.841534730074, shape=(), dtype=float64)
nll_grad  cost time: 3.140254020690918
tf.Tensor(-10636.843668669113, shape=(), dtype=float64)
nll_grad  cost time: 3.421011209487915
tf.Tensor(-10636.8462093217, shape=(), dtype=float64)
nll_grad  cost time: 3.1189441680908203
tf.Tensor(-10636.848986160117, shape=(), dtype=float64)
nll_grad  cost time: 2.9340310096740723
tf.Tensor(-10636.85158676545, shape=(), dtype=float64)
nll_grad  cost time: 3.2667155265808105
tf.Tensor(-10636.853574647503, shape=(), dtype=float64)
nll_grad  cost time: 3.3237271308898926
tf.Tensor(-10636.855037432355, shape=(), dtype=float64)
nll_grad  cost time: 3.3374481201171875
tf.Tensor(-10636.85639939906, shape=(), dtype=float64)
nll_grad  cost time: 3.1515374183654785
tf.Tensor(-10636.857901501211, shape=(), dtype=float64)
nll_grad  cost time: 3.0147693157196045
tf.Tensor(-10636.859379180485, shape=(), dtype=float64)
nll_grad  cost time: 3.1819183826446533
tf.Tensor(-10636.860723956543, shape=(), dtype=float64)
nll_grad  cost time: 3.2615208625793457
tf.Tensor(-10636.862025291237, shape=(), dtype=float64)
nll_grad  cost time: 3.1704235076904297
tf.Tensor(-10636.863666240733, shape=(), dtype=float64)
nll_grad  cost time: 3.1705589294433594
tf.Tensor(-10636.866009530682, shape=(), dtype=float64)
nll_grad  cost time: 3.15946888923645
tf.Tensor(-10636.869070056267, shape=(), dtype=float64)
nll_grad  cost time: 3.1877923011779785
tf.Tensor(-10636.872466440253, shape=(), dtype=float64)
nll_grad  cost time: 3.3538978099823
tf.Tensor(-10636.875340704019, shape=(), dtype=float64)
nll_grad  cost time: 3.185594081878662
tf.Tensor(-10636.8773584072, shape=(), dtype=float64)
nll_grad  cost time: 3.284743309020996
tf.Tensor(-10636.878858852775, shape=(), dtype=float64)
nll_grad  cost time: 3.16664719581604
tf.Tensor(-10636.880418518265, shape=(), dtype=float64)
nll_grad  cost time: 3.390810966491699
tf.Tensor(-10636.882028938602, shape=(), dtype=float64)
nll_grad  cost time: 3.2900447845458984
tf.Tensor(-10636.884128039128, shape=(), dtype=float64)
nll_grad  cost time: 3.214874267578125
tf.Tensor(-10636.885977440324, shape=(), dtype=float64)
nll_grad  cost time: 3.2730178833007812
tf.Tensor(-10636.88707374618, shape=(), dtype=float64)
nll_grad  cost time: 3.1696081161499023
tf.Tensor(-10636.887918880022, shape=(), dtype=float64)
nll_grad  cost time: 3.2053587436676025
tf.Tensor(-10636.888726892415, shape=(), dtype=float64)
nll_grad  cost time: 3.3067445755004883
tf.Tensor(-10636.889906553453, shape=(), dtype=float64)
nll_grad  cost time: 3.397456407546997
tf.Tensor(-10636.891089879386, shape=(), dtype=float64)
nll_grad  cost time: 3.169292449951172
tf.Tensor(-10636.892460398096, shape=(), dtype=float64)
nll_grad  cost time: 3.2192671298980713
tf.Tensor(-10636.893974675588, shape=(), dtype=float64)
nll_grad  cost time: 3.3961684703826904
tf.Tensor(-10636.89529888081, shape=(), dtype=float64)
nll_grad  cost time: 3.1145401000976562
tf.Tensor(-10636.896242797742, shape=(), dtype=float64)
nll_grad  cost time: 3.2966246604919434
tf.Tensor(-10636.896815857745, shape=(), dtype=float64)
nll_grad  cost time: 3.31119704246521
tf.Tensor(-10636.897256701985, shape=(), dtype=float64)
nll_grad  cost time: 3.2439911365509033
tf.Tensor(-10636.897695095036, shape=(), dtype=float64)
nll_grad  cost time: 3.3114609718322754
tf.Tensor(-10636.89817740097, shape=(), dtype=float64)
nll_grad  cost time: 3.3317723274230957
tf.Tensor(-10636.898770186212, shape=(), dtype=float64)
nll_grad  cost time: 3.275322675704956
tf.Tensor(-10636.899516731759, shape=(), dtype=float64)
nll_grad  cost time: 3.3364195823669434
tf.Tensor(-10636.900338010986, shape=(), dtype=float64)
nll_grad  cost time: 3.4273040294647217
tf.Tensor(-10636.901096580983, shape=(), dtype=float64)
nll_grad  cost time: 3.246211051940918
tf.Tensor(-10636.901697493982, shape=(), dtype=float64)
nll_grad  cost time: 3.163874387741089
tf.Tensor(-10636.902098850256, shape=(), dtype=float64)
nll_grad  cost time: 3.1223440170288086
tf.Tensor(-10636.902370587892, shape=(), dtype=float64)
nll_grad  cost time: 3.119900703430176
tf.Tensor(-10636.902652452234, shape=(), dtype=float64)
nll_grad  cost time: 3.0633885860443115
tf.Tensor(-10636.902993699314, shape=(), dtype=float64)
nll_grad  cost time: 3.4217281341552734
tf.Tensor(-10636.903394643747, shape=(), dtype=float64)
nll_grad  cost time: 3.331489324569702
tf.Tensor(-10636.903856232679, shape=(), dtype=float64)
nll_grad  cost time: 3.333946704864502
tf.Tensor(-10636.90437055561, shape=(), dtype=float64)
nll_grad  cost time: 3.206054925918579
tf.Tensor(-10636.904917656704, shape=(), dtype=float64)
nll_grad  cost time: 3.070826530456543
tf.Tensor(-10636.905436309722, shape=(), dtype=float64)
nll_grad  cost time: 3.2587344646453857
tf.Tensor(-10636.90587157016, shape=(), dtype=float64)
nll_grad  cost time: 3.12190580368042
tf.Tensor(-10636.906222022893, shape=(), dtype=float64)
nll_grad  cost time: 3.162656307220459
tf.Tensor(-10636.906548572173, shape=(), dtype=float64)
nll_grad  cost time: 3.1244497299194336
tf.Tensor(-10636.90692229192, shape=(), dtype=float64)
nll_grad  cost time: 3.2941513061523438
tf.Tensor(-10636.907411338998, shape=(), dtype=float64)
nll_grad  cost time: 3.3192996978759766
tf.Tensor(-10636.908011598236, shape=(), dtype=float64)
nll_grad  cost time: 3.09745717048645
tf.Tensor(-10636.908730321175, shape=(), dtype=float64)
nll_grad  cost time: 3.246760368347168
tf.Tensor(-10636.909529799672, shape=(), dtype=float64)
nll_grad  cost time: 3.0830559730529785
tf.Tensor(-10636.910224632884, shape=(), dtype=float64)
nll_grad  cost time: 3.158454179763794
tf.Tensor(-10636.910662526949, shape=(), dtype=float64)
nll_grad  cost time: 3.2558836936950684
tf.Tensor(-10636.91090909364, shape=(), dtype=float64)
nll_grad  cost time: 3.2195961475372314
tf.Tensor(-10636.911081733057, shape=(), dtype=float64)
nll_grad  cost time: 3.156834602355957
tf.Tensor(-10636.911247885004, shape=(), dtype=float64)
nll_grad  cost time: 3.2368783950805664
tf.Tensor(-10636.91141918493, shape=(), dtype=float64)
nll_grad  cost time: 3.2905962467193604
tf.Tensor(-10636.91157974736, shape=(), dtype=float64)
nll_grad  cost time: 3.033749580383301
tf.Tensor(-10636.911736261378, shape=(), dtype=float64)
nll_grad  cost time: 3.269852876663208
tf.Tensor(-10636.911924283348, shape=(), dtype=float64)
nll_grad  cost time: 3.2499494552612305
tf.Tensor(-10636.912211671324, shape=(), dtype=float64)
nll_grad  cost time: 3.2354767322540283
tf.Tensor(-10636.912669037029, shape=(), dtype=float64)
nll_grad  cost time: 3.332703113555908
tf.Tensor(-10636.91339931337, shape=(), dtype=float64)
nll_grad  cost time: 3.2933402061462402
tf.Tensor(-10636.91450138938, shape=(), dtype=float64)
nll_grad  cost time: 3.221555709838867
tf.Tensor(-10636.915679842155, shape=(), dtype=float64)
nll_grad  cost time: 3.2258644104003906
tf.Tensor(-10636.916590049243, shape=(), dtype=float64)
nll_grad  cost time: 3.2663474082946777
tf.Tensor(-10636.917145527392, shape=(), dtype=float64)
nll_grad  cost time: 3.204151153564453
tf.Tensor(-10636.917426995602, shape=(), dtype=float64)
nll_grad  cost time: 3.0324878692626953
tf.Tensor(-10636.917667356549, shape=(), dtype=float64)
nll_grad  cost time: 3.44998836517334
tf.Tensor(-10636.917945600388, shape=(), dtype=float64)
nll_grad  cost time: 3.1636126041412354
tf.Tensor(-10636.918304342964, shape=(), dtype=float64)
nll_grad  cost time: 3.266367197036743
tf.Tensor(-10636.918780608896, shape=(), dtype=float64)
nll_grad  cost time: 3.22111177444458
tf.Tensor(-10636.919353468435, shape=(), dtype=float64)
nll_grad  cost time: 3.18561053276062
tf.Tensor(-10636.919853649262, shape=(), dtype=float64)
nll_grad  cost time: 3.2547383308410645
tf.Tensor(-10636.920173061175, shape=(), dtype=float64)
nll_grad  cost time: 3.5028035640716553
tf.Tensor(-10636.920344311715, shape=(), dtype=float64)
nll_grad  cost time: 3.186063289642334
tf.Tensor(-10636.92045327981, shape=(), dtype=float64)
nll_grad  cost time: 3.152885675430298
tf.Tensor(-10636.92054706588, shape=(), dtype=float64)
nll_grad  cost time: 3.265134811401367
tf.Tensor(-10636.920651539269, shape=(), dtype=float64)
nll_grad  cost time: 3.167477607727051
tf.Tensor(-10636.920801212544, shape=(), dtype=float64)
nll_grad  cost time: 3.4200990200042725
tf.Tensor(-10636.921040494348, shape=(), dtype=float64)
nll_grad  cost time: 3.2852983474731445
tf.Tensor(-10636.921420266195, shape=(), dtype=float64)
nll_grad  cost time: 3.191699504852295
tf.Tensor(-10636.921961219796, shape=(), dtype=float64)
nll_grad  cost time: 3.3545444011688232
tf.Tensor(-10636.922341401272, shape=(), dtype=float64)
nll_grad  cost time: 3.185499429702759
tf.Tensor(-10636.922525325537, shape=(), dtype=float64)
nll_grad  cost time: 3.274116277694702
tf.Tensor(-10636.922577309831, shape=(), dtype=float64)
nll_grad  cost time: 3.1236813068389893
tf.Tensor(-10636.922610229574, shape=(), dtype=float64)
nll_grad  cost time: 3.353915214538574
tf.Tensor(-10636.922659294747, shape=(), dtype=float64)
nll_grad  cost time: 3.2642133235931396
tf.Tensor(-10636.922744238807, shape=(), dtype=float64)
nll_grad  cost time: 3.255695104598999
tf.Tensor(-10636.92289138434, shape=(), dtype=float64)
nll_grad  cost time: 3.1992263793945312
tf.Tensor(-10636.923139953604, shape=(), dtype=float64)
nll_grad  cost time: 3.1430466175079346
tf.Tensor(-10636.92353427316, shape=(), dtype=float64)
nll_grad  cost time: 3.291900396347046
tf.Tensor(-10636.924050345973, shape=(), dtype=float64)
nll_grad  cost time: 3.3314263820648193
tf.Tensor(-10636.924426180025, shape=(), dtype=float64)
nll_grad  cost time: 3.347869634628296
tf.Tensor(-10636.924672868716, shape=(), dtype=float64)
nll_grad  cost time: 3.3698532581329346
tf.Tensor(-10636.92473105231, shape=(), dtype=float64)
nll_grad  cost time: 3.3922998905181885
tf.Tensor(-10636.924761842887, shape=(), dtype=float64)
nll_grad  cost time: 3.2995591163635254
tf.Tensor(-10636.924813744212, shape=(), dtype=float64)
nll_grad  cost time: 3.1539347171783447
tf.Tensor(-10636.924904574686, shape=(), dtype=float64)
nll_grad  cost time: 3.336190700531006
tf.Tensor(-10636.925062860937, shape=(), dtype=float64)
nll_grad  cost time: 3.3528945446014404
tf.Tensor(-10636.925322876255, shape=(), dtype=float64)
nll_grad  cost time: 3.256349802017212
tf.Tensor(-10636.925665721968, shape=(), dtype=float64)
nll_grad  cost time: 3.3336141109466553
tf.Tensor(-10636.925816392413, shape=(), dtype=float64)
nll_grad  cost time: 3.120758295059204
tf.Tensor(-10636.925895851, shape=(), dtype=float64)
nll_grad  cost time: 3.1772913932800293
tf.Tensor(-10636.925905353944, shape=(), dtype=float64)
nll_grad  cost time: 3.6588761806488037
tf.Tensor(-10636.925906649802, shape=(), dtype=float64)
nll_grad  cost time: 3.433837890625
tf.Tensor(-10636.925907204046, shape=(), dtype=float64)
nll_grad  cost time: 3.3657009601593018
tf.Tensor(-10636.92590815749, shape=(), dtype=float64)
nll_grad  cost time: 3.354764223098755
tf.Tensor(-10636.925909748348, shape=(), dtype=float64)
nll_grad  cost time: 3.2790048122406006
tf.Tensor(-10636.925912339057, shape=(), dtype=float64)
nll_grad  cost time: 3.239710569381714
tf.Tensor(-10636.925916547234, shape=(), dtype=float64)
nll_grad  cost time: 3.2227706909179688
tf.Tensor(-10636.925923313844, shape=(), dtype=float64)
nll_grad  cost time: 3.3331873416900635
tf.Tensor(-10636.925933248185, shape=(), dtype=float64)
nll_grad  cost time: 3.221846103668213
tf.Tensor(-10636.925940911191, shape=(), dtype=float64)
nll_grad  cost time: 3.3317110538482666
tf.Tensor(-10636.925943807624, shape=(), dtype=float64)
nll_grad  cost time: 3.18715238571167
tf.Tensor(-10636.925944245639, shape=(), dtype=float64)
nll_grad  cost time: 3.3500590324401855
tf.Tensor(-10636.925944282511, shape=(), dtype=float64)
nll_grad  cost time: 3.1154634952545166
tf.Tensor(-10636.925944309902, shape=(), dtype=float64)
nll_grad  cost time: 3.3182835578918457
tf.Tensor(-10636.925944358629, shape=(), dtype=float64)
nll_grad  cost time: 3.326768159866333
tf.Tensor(-10636.925944446708, shape=(), dtype=float64)
nll_grad  cost time: 3.2105867862701416
tf.Tensor(-10636.92594460345, shape=(), dtype=float64)
nll_grad  cost time: 3.1834330558776855
tf.Tensor(-10636.925944867287, shape=(), dtype=float64)
nll_grad  cost time: 3.1518795490264893
tf.Tensor(-10636.925945246914, shape=(), dtype=float64)
nll_grad  cost time: 3.1234853267669678
tf.Tensor(-10636.925945507355, shape=(), dtype=float64)
nll_grad  cost time: 3.3073410987854004
tf.Tensor(-10636.925945678047, shape=(), dtype=float64)
nll_grad  cost time: 3.2535839080810547
tf.Tensor(-10636.92594573561, shape=(), dtype=float64)
nll_grad  cost time: 3.1590685844421387
tf.Tensor(-10636.925945744486, shape=(), dtype=float64)
nll_grad  cost time: 3.307129144668579
tf.Tensor(-10636.925945749537, shape=(), dtype=float64)
nll_grad  cost time: 3.3029825687408447
tf.Tensor(-10636.925945758554, shape=(), dtype=float64)
nll_grad  cost time: 3.2369189262390137
tf.Tensor(-10636.925945775058, shape=(), dtype=float64)
nll_grad  cost time: 3.4296340942382812
tf.Tensor(-10636.925945805317, shape=(), dtype=float64)
nll_grad  cost time: 3.0905206203460693
tf.Tensor(-10636.925945859788, shape=(), dtype=float64)
nll_grad  cost time: 3.193493127822876
tf.Tensor(-10636.925945953348, shape=(), dtype=float64)
nll_grad  cost time: 3.3106043338775635
tf.Tensor(-10636.925946097032, shape=(), dtype=float64)
nll_grad  cost time: 3.1932952404022217
tf.Tensor(-10636.92594623687, shape=(), dtype=float64)
nll_grad  cost time: 3.284823417663574
tf.Tensor(-10636.925946333728, shape=(), dtype=float64)
nll_grad  cost time: 3.163013219833374
tf.Tensor(-10636.92594639186, shape=(), dtype=float64)
nll_grad  cost time: 3.179527759552002
tf.Tensor(-10636.925946399782, shape=(), dtype=float64)
Optimization terminated successfully.
         Current function value: -10636.925946
         Iterations: 803
         Function evaluations: 818
         Gradient evaluations: 818
  message: Optimization terminated successfully.
  success: True
   status: 0
      fun: -10636.925946399782
        x: [ 3.342e-01  6.689e-02 ...  7.950e-01  2.127e+00]
      nit: 803
      jac: [ 0.000e+00  0.000e+00 ... -1.823e-05 -2.080e-05]
 hess_inv: [[ 1.000e+00  0.000e+00 ...  0.000e+00  0.000e+00]
            [ 0.000e+00  1.000e+00 ...  0.000e+00  0.000e+00]
            ...
            [ 0.000e+00  0.000e+00 ...  4.682e-02  2.361e-02]
            [ 0.000e+00  0.000e+00 ...  2.361e-02  1.246e-01]]
     nfev: 818
     njev: 818
fit  cost time: 2644.2742829322815

========== Fit loop 5/5 ==========
using RANDOM parameters

########### initial parameters
{
  "rho(1450)p_mass": 1.51,
  "rho(1450)p_width": 0.44,
  "rho(1570)p_mass": 1.57,
  "rho(1570)p_width": 0.14,
  "rho(1690)p_mass": 1.681,
  "rho(1690)p_width": 0.19,
  "rho(1450)m_mass": 1.51,
  "rho(1450)m_width": 0.44,
  "rho(1570)m_mass": 1.57,
  "rho(1570)m_width": 0.14,
  "rho(1690)m_mass": 1.681,
  "rho(1690)m_width": 0.19,
  "f0(500)_E791_mass": 0.478,
  "f2(1270)_flatte_mass": 1.2754,
  "f2(1270)_flatte_g_0": 0.43230947713182794,
  "f2(1270)_flatte_g_1": 2.4555271736272526,
  "f0(1370)_mass": 1.37,
  "f0(1370)_width": 0.35,
  "f0(1500)_flatte_mass": 1.522,
  "f0(1500)_flatte_g_0": 2.871998113233736e-05,
  "f0(1500)_flatte_g_1": 0.6132487298264975,
  "f2(1430)_mass": 1.43,
  "f2(1430)_width": 0.046,
  "Jpsi->rho(1450)p.pimrho(1450)p->phi.pip_total_0r": 1.0,
  "Jpsi->rho(1450)p.pimrho(1450)p->phi.pip_total_0i": 0.0,
  "Jpsi->rho(1450)p.pim_g_ls_0r": 1.0,
  "Jpsi->rho(1450)p.pim_g_ls_0i": 0.0,
  "rho(1450)p->phi.pip_g_ls_0r": 1.0,
  "rho(1450)p->phi.pip_g_ls_0i": 0.0,
  "Jpsi->rho(1570)p.pimrho(1570)p->phi.pip_total_0r": 0.5760912834503205,
  "Jpsi->rho(1570)p.pimrho(1570)p->phi.pip_total_0i": -2.08041650506929,
  "Jpsi->rho(1570)p.pim_g_ls_0r": 1.0,
  "Jpsi->rho(1570)p.pim_g_ls_0i": 0.0,
  "rho(1570)p->phi.pip_g_ls_0r": 1.0,
  "rho(1570)p->phi.pip_g_ls_0i": 0.0,
  "Jpsi->rho(1690)p.pimrho(1690)p->phi.pip_total_0r": 1.9969309083095608,
  "Jpsi->rho(1690)p.pimrho(1690)p->phi.pip_total_0i": 2.2091922162741717,
  "Jpsi->rho(1690)p.pim_g_ls_0r": 1.0,
  "Jpsi->rho(1690)p.pim_g_ls_0i": 0.0,
  "rho(1690)p->phi.pip_g_ls_0r": 1.0,
  "rho(1690)p->phi.pip_g_ls_0i": 0.0,
  "Jpsi->rho(1450)m.piprho(1450)m->phi.pim_total_0r": 1.0,
  "Jpsi->rho(1450)m.piprho(1450)m->phi.pim_total_0i": 0.0,
  "Jpsi->rho(1450)m.pip_g_ls_0r": 1.0,
  "Jpsi->rho(1450)m.pip_g_ls_0i": 0.0,
  "rho(1450)m->phi.pim_g_ls_0r": 1.0,
  "rho(1450)m->phi.pim_g_ls_0i": 0.0,
  "Jpsi->rho(1570)m.piprho(1570)m->phi.pim_total_0r": 0.5760912834503205,
  "Jpsi->rho(1570)m.piprho(1570)m->phi.pim_total_0i": -2.08041650506929,
  "Jpsi->rho(1570)m.pip_g_ls_0r": 1.0,
  "Jpsi->rho(1570)m.pip_g_ls_0i": 0.0,
  "rho(1570)m->phi.pim_g_ls_0r": 1.0,
  "rho(1570)m->phi.pim_g_ls_0i": 0.0,
  "Jpsi->rho(1690)m.piprho(1690)m->phi.pim_total_0r": 1.9969309083095608,
  "Jpsi->rho(1690)m.piprho(1690)m->phi.pim_total_0i": 2.2091922162741717,
  "Jpsi->rho(1690)m.pip_g_ls_0r": 1.0,
  "Jpsi->rho(1690)m.pip_g_ls_0i": 0.0,
  "rho(1690)m->phi.pim_g_ls_0r": 1.0,
  "rho(1690)m->phi.pim_g_ls_0i": 0.0,
  "Jpsi->phi.f0(500)_E791f0(500)_E791->pip.pim_total_0r": 0.1594437335364809,
  "Jpsi->phi.f0(500)_E791f0(500)_E791->pip.pim_total_0i": -0.4433291544931075,
  "Jpsi->phi.f0(500)_E791_g_ls_0r": 1.0,
  "Jpsi->phi.f0(500)_E791_g_ls_0i": 0.0,
  "Jpsi->phi.f0(500)_E791_g_ls_1r": 1.6390832204413992,
  "Jpsi->phi.f0(500)_E791_g_ls_1i": 1.2428741474794567,
  "f0(500)_E791->pip.pim_g_ls_0r": 1.0,
  "f0(500)_E791->pip.pim_g_ls_0i": 0.0,
  "Jpsi->phi.f0(980)_flattef0(980)_flatte->pip.pim_total_0r": 0.09664389126569395,
  "Jpsi->phi.f0(980)_flattef0(980)_flatte->pip.pim_total_0i": 0.8246907059342687,
  "f0(980)_flatte->pip.pim_g_ls_0r": 1.0,
  "f0(980)_flatte->pip.pim_g_ls_0i": 0.0,
  "Jpsi->phi.f2(1270)_flattef2(1270)_flatte->pip.pim_total_0r": 1.5096461560803758,
  "Jpsi->phi.f2(1270)_flattef2(1270)_flatte->pip.pim_total_0i": -1.9623065430897977,
  "Jpsi->phi.f2(1270)_flatte_g_ls_0r": 1.0,
  "Jpsi->phi.f2(1270)_flatte_g_ls_0i": 0.0,
  "Jpsi->phi.f2(1270)_flatte_g_ls_1r": 1.7049287891774183,
  "Jpsi->phi.f2(1270)_flatte_g_ls_1i": -1.3563946095419392,
  "Jpsi->phi.f2(1270)_flatte_g_ls_2r": 0.016684568663907218,
  "Jpsi->phi.f2(1270)_flatte_g_ls_2i": -0.554096345416474,
  "Jpsi->phi.f2(1270)_flatte_g_ls_3r": 1.815817086109413,
  "Jpsi->phi.f2(1270)_flatte_g_ls_3i": 3.084347836647817,
  "Jpsi->phi.f2(1270)_flatte_g_ls_4r": 1.5654247732130928,
  "Jpsi->phi.f2(1270)_flatte_g_ls_4i": -1.4178187292684503,
  "f2(1270)_flatte->pip.pim_g_ls_0r": 1.0,
  "f2(1270)_flatte->pip.pim_g_ls_0i": 0.0,
  "Jpsi->phi.f0(1370)f0(1370)->pip.pim_total_0r": 0.8237970235040626,
  "Jpsi->phi.f0(1370)f0(1370)->pip.pim_total_0i": -3.0337480168067352,
  "Jpsi->phi.f0(1370)_g_ls_0r": 1.0,
  "Jpsi->phi.f0(1370)_g_ls_0i": 0.0,
  "Jpsi->phi.f0(1370)_g_ls_1r": 0.0645517619246756,
  "Jpsi->phi.f0(1370)_g_ls_1i": -0.9009282502694078,
  "f0(1370)->pip.pim_g_ls_0r": 1.0,
  "f0(1370)->pip.pim_g_ls_0i": 0.0,
  "Jpsi->phi.f0(1500)_flattef0(1500)_flatte->pip.pim_total_0r": 1.9097635352535858,
  "Jpsi->phi.f0(1500)_flattef0(1500)_flatte->pip.pim_total_0i": -2.1748071032082783,
  "Jpsi->phi.f0(1500)_flatte_g_ls_0r": 1.0,
  "Jpsi->phi.f0(1500)_flatte_g_ls_0i": 0.0,
  "Jpsi->phi.f0(1500)_flatte_g_ls_1r": 1.2835023399953696,
  "Jpsi->phi.f0(1500)_flatte_g_ls_1i": -2.589167681084133,
  "f0(1500)_flatte->pip.pim_g_ls_0r": 1.0,
  "f0(1500)_flatte->pip.pim_g_ls_0i": 0.0,
  "Jpsi->phi.f0(1710)f0(1710)->pip.pim_total_0r": 1.71172755146869,
  "Jpsi->phi.f0(1710)f0(1710)->pip.pim_total_0i": -0.12637113074053463,
  "f0(1710)->pip.pim_g_ls_0r": 1.0,
  "f0(1710)->pip.pim_g_ls_0i": 0.0,
  "Jpsi->phi.f2(1430)f2(1430)->pip.pim_total_0r": 0.2922288324291955,
  "Jpsi->phi.f2(1430)f2(1430)->pip.pim_total_0i": -0.5153963330101892,
  "Jpsi->phi.f2(1430)_g_ls_0r": 1.0,
  "Jpsi->phi.f2(1430)_g_ls_0i": 0.0,
  "Jpsi->phi.f2(1430)_g_ls_1r": 1.7606456185530202,
  "Jpsi->phi.f2(1430)_g_ls_1i": -0.41759439575666857,
  "Jpsi->phi.f2(1430)_g_ls_2r": 1.660139639437784,
  "Jpsi->phi.f2(1430)_g_ls_2i": -2.79699489742335,
  "Jpsi->phi.f2(1430)_g_ls_3r": 1.430110229280126,
  "Jpsi->phi.f2(1430)_g_ls_3i": 0.056205659614249726,
  "Jpsi->phi.f2(1430)_g_ls_4r": 1.1294861853097231,
  "Jpsi->phi.f2(1430)_g_ls_4i": -1.3413083606281742,
  "f2(1430)->pip.pim_g_ls_0r": 1.0,
  "f2(1430)->pip.pim_g_ls_0i": 0.0,
  "Jpsi->phi.NR_pipi_0.NR_pipi_0.->pip.pim_total_0r": 1.9795120528031713,
  "Jpsi->phi.NR_pipi_0.NR_pipi_0.->pip.pim_total_0i": -0.12576586207104512,
  "Jpsi->phi.NR_pipi_0._g_ls_0r": 1.0,
  "Jpsi->phi.NR_pipi_0._g_ls_0i": 0.0,
  "Jpsi->phi.NR_pipi_0._g_ls_1r": 1.785385918733501,
  "Jpsi->phi.NR_pipi_0._g_ls_1i": 1.917027004104784,
  "NR_pipi_0.->pip.pim_g_ls_0r": 1.0,
  "NR_pipi_0.->pip.pim_g_ls_0i": 0.0,
  "K1(1400)p_mass": 1.403,
  "K1(1400)p_width": 0.174,
  "K2(1820)p_mass": 1.819,
  "K2(1820)p_width": 0.264,
  "K2(1980)p_mass": 1.99,
  "K2(1980)p_width": 0.348,
  "K2(2250)p_mass": 2.247,
  "K2(2250)p_width": 0.18,
  "K3(2320)p_mass": 2.324,
  "K3(2320)p_width": 0.15,
  "K1(1400)m_mass": 1.403,
  "K1(1400)m_width": 0.174,
  "K2(1820)m_mass": 1.819,
  "K2(1820)m_width": 0.264,
  "K2(1980)m_mass": 1.99,
  "K2(1980)m_width": 0.348,
  "K3(2320)m_mass": 2.324,
  "K3(2320)m_width": 0.15,
  "f0(980)_flatte_mass": 0.965,
  "f0(980)_flatte_g_0": 0.16805996321103164,
  "f0(980)_flatte_g_1": 0.0033124060459198846,
  "f2(1270)_mass": 1.2754,
  "f2(1270)_width": 0.1858,
  "f0(1500)_mass": 1.522,
  "f0(1500)_width": 0.108,
  "f2(1525)_mass": 1.5173,
  "f2(1525)_width": 0.072,
  "f2(1565)_mass": 1.571,
  "f2(1565)_width": 0.132,
  "f0(1710)_mass": 1.733,
  "f0(1710)_width": 0.15,
  "f2(1810)_mass": 1.815,
  "f2(1810)_width": 0.197,
  "Jpsi->K1(1400)p.kmK1(1400)p->phi.kp_total_0r": 1.0,
  "Jpsi->K1(1400)p.kmK1(1400)p->phi.kp_total_0i": 0.0,
  "Jpsi->K1(1400)p.km_g_ls_0r": 1.0,
  "Jpsi->K1(1400)p.km_g_ls_0i": 0.0,
  "Jpsi->K1(1400)p.km_g_ls_1r": 1.1843641924055923,
  "Jpsi->K1(1400)p.km_g_ls_1i": 0.012331593216981851,
  "K1(1400)p->phi.kp_g_ls_0r": 1.0,
  "K1(1400)p->phi.kp_g_ls_0i": 0.0,
  "K1(1400)p->phi.kp_g_ls_1r": 0.9308970917262007,
  "K1(1400)p->phi.kp_g_ls_1i": -2.9644471969621313,
  "Jpsi->K2(1820)p.kmK2(1820)p->phi.kp_total_0r": 1.959330127570412,
  "Jpsi->K2(1820)p.kmK2(1820)p->phi.kp_total_0i": -1.287442524330357,
  "Jpsi->K2(1820)p.km_g_ls_0r": 1.0,
  "Jpsi->K2(1820)p.km_g_ls_0i": 0.0,
  "Jpsi->K2(1820)p.km_g_ls_1r": 1.5367873352250294,
  "Jpsi->K2(1820)p.km_g_ls_1i": -0.9228825354647712,
  "K2(1820)p->phi.kp_g_ls_0r": 1.0,
  "K2(1820)p->phi.kp_g_ls_0i": 0.0,
  "K2(1820)p->phi.kp_g_ls_1r": 1.5732161556174353,
  "K2(1820)p->phi.kp_g_ls_1i": -1.2864274663207935,
  "Jpsi->K2(1980)p.kmK2(1980)p->phi.kp_total_0r": 0.15146582625493688,
  "Jpsi->K2(1980)p.kmK2(1980)p->phi.kp_total_0i": 2.074162746367244,
  "Jpsi->K2(1980)p.km_g_ls_0r": 1.0,
  "Jpsi->K2(1980)p.km_g_ls_0i": 0.0,
  "K2(1980)p->phi.kp_g_ls_0r": 1.0,
  "K2(1980)p->phi.kp_g_ls_0i": 0.0,
  "Jpsi->K2(2250)p.kmK2(2250)p->phi.kp_total_0r": 1.5060870828238655,
  "Jpsi->K2(2250)p.kmK2(2250)p->phi.kp_total_0i": -3.0497813693925706,
  "Jpsi->K2(2250)p.km_g_ls_0r": 1.0,
  "Jpsi->K2(2250)p.km_g_ls_0i": 0.0,
  "Jpsi->K2(2250)p.km_g_ls_1r": 0.10755925175800707,
  "Jpsi->K2(2250)p.km_g_ls_1i": -0.48477759079921734,
  "K2(2250)p->phi.kp_g_ls_0r": 1.0,
  "K2(2250)p->phi.kp_g_ls_0i": 0.0,
  "K2(2250)p->phi.kp_g_ls_1r": 0.2315679280202363,
  "K2(2250)p->phi.kp_g_ls_1i": 2.7457990824610077,
  "Jpsi->K3(2320)p.kmK3(2320)p->phi.kp_total_0r": 0.6120355671298459,
  "Jpsi->K3(2320)p.kmK3(2320)p->phi.kp_total_0i": 0.7215960477025978,
  "Jpsi->K3(2320)p.km_g_ls_0r": 1.0,
  "Jpsi->K3(2320)p.km_g_ls_0i": 0.0,
  "Jpsi->K3(2320)p.km_g_ls_1r": 0.8821824368798556,
  "Jpsi->K3(2320)p.km_g_ls_1i": -1.6822137431547055,
  "K3(2320)p->phi.kp_g_ls_0r": 1.0,
  "K3(2320)p->phi.kp_g_ls_0i": 0.0,
  "K3(2320)p->phi.kp_g_ls_1r": 1.2417286558350225,
  "K3(2320)p->phi.kp_g_ls_1i": -1.392184909597974,
  "Jpsi->K1(1400)m.kpK1(1400)m->phi.km_total_0r": 1.0,
  "Jpsi->K1(1400)m.kpK1(1400)m->phi.km_total_0i": 0.0,
  "Jpsi->K1(1400)m.kp_g_ls_0r": 1.0,
  "Jpsi->K1(1400)m.kp_g_ls_0i": 0.0,
  "Jpsi->K1(1400)m.kp_g_ls_1r": 1.1843641924055923,
  "Jpsi->K1(1400)m.kp_g_ls_1i": 0.012331593216981851,
  "K1(1400)m->phi.km_g_ls_0r": 1.0,
  "K1(1400)m->phi.km_g_ls_0i": 0.0,
  "K1(1400)m->phi.km_g_ls_1r": 0.9308970917262007,
  "K1(1400)m->phi.km_g_ls_1i": -2.9644471969621313,
  "Jpsi->K2(1820)m.kpK2(1820)m->phi.km_total_0r": 1.959330127570412,
  "Jpsi->K2(1820)m.kpK2(1820)m->phi.km_total_0i": -1.287442524330357,
  "Jpsi->K2(1820)m.kp_g_ls_0r": 1.0,
  "Jpsi->K2(1820)m.kp_g_ls_0i": 0.0,
  "Jpsi->K2(1820)m.kp_g_ls_1r": 1.5367873352250294,
  "Jpsi->K2(1820)m.kp_g_ls_1i": -0.9228825354647712,
  "K2(1820)m->phi.km_g_ls_0r": 1.0,
  "K2(1820)m->phi.km_g_ls_0i": 0.0,
  "K2(1820)m->phi.km_g_ls_1r": 1.5732161556174353,
  "K2(1820)m->phi.km_g_ls_1i": -1.2864274663207935,
  "Jpsi->K2(1980)m.kpK2(1980)m->phi.km_total_0r": 0.15146582625493688,
  "Jpsi->K2(1980)m.kpK2(1980)m->phi.km_total_0i": 2.074162746367244,
  "Jpsi->K2(1980)m.kp_g_ls_0r": 1.0,
  "Jpsi->K2(1980)m.kp_g_ls_0i": 0.0,
  "K2(1980)m->phi.km_g_ls_0r": 1.0,
  "K2(1980)m->phi.km_g_ls_0i": 0.0,
  "Jpsi->K2(2250)p.kpK2(2250)p->phi.km_total_0r": 1.5748658106691815,
  "Jpsi->K2(2250)p.kpK2(2250)p->phi.km_total_0i": 0.1435424907420466,
  "Jpsi->K2(2250)p.kp_g_ls_0r": 1.0,
  "Jpsi->K2(2250)p.kp_g_ls_0i": 0.0,
  "Jpsi->K2(2250)p.kp_g_ls_1r": 1.0634492702874652,
  "Jpsi->K2(2250)p.kp_g_ls_1i": 2.1534980054568447,
  "K2(2250)p->phi.km_g_ls_0r": 1.0,
  "K2(2250)p->phi.km_g_ls_0i": 0.0,
  "K2(2250)p->phi.km_g_ls_1r": 0.6578501717045913,
  "K2(2250)p->phi.km_g_ls_1i": 2.671026880628083,
  "Jpsi->K3(2320)m.kpK3(2320)m->phi.km_total_0r": 0.6120355671298459,
  "Jpsi->K3(2320)m.kpK3(2320)m->phi.km_total_0i": 0.7215960477025978,
  "Jpsi->K3(2320)m.kp_g_ls_0r": 1.0,
  "Jpsi->K3(2320)m.kp_g_ls_0i": 0.0,
  "Jpsi->K3(2320)m.kp_g_ls_1r": 0.8821824368798556,
  "Jpsi->K3(2320)m.kp_g_ls_1i": -1.6822137431547055,
  "K3(2320)m->phi.km_g_ls_0r": 1.0,
  "K3(2320)m->phi.km_g_ls_0i": 0.0,
  "K3(2320)m->phi.km_g_ls_1r": 1.2417286558350225,
  "K3(2320)m->phi.km_g_ls_1i": -1.392184909597974,
  "Jpsi->phi.f0(980)_flattef0(980)_flatte->kp.km_total_0r": 1.3078440732758025,
  "Jpsi->phi.f0(980)_flattef0(980)_flatte->kp.km_total_0i": -2.8734872638270126,
  "Jpsi->phi.f0(980)_flatte_g_ls_0r": 1.0,
  "Jpsi->phi.f0(980)_flatte_g_ls_0i": 0.0,
  "Jpsi->phi.f0(980)_flatte_g_ls_1r": 1.3067550959129348,
  "Jpsi->phi.f0(980)_flatte_g_ls_1i": 0.6746726112185208,
  "f0(980)_flatte->kp.km_g_ls_0r": 1.0,
  "f0(980)_flatte->kp.km_g_ls_0i": 0.0,
  "Jpsi->phi.f2(1270)f2(1270)->kp.km_total_0r": 1.7246015630529308,
  "Jpsi->phi.f2(1270)f2(1270)->kp.km_total_0i": 1.4447454797314965,
  "Jpsi->phi.f2(1270)_g_ls_0r": 1.0,
  "Jpsi->phi.f2(1270)_g_ls_0i": 0.0,
  "Jpsi->phi.f2(1270)_g_ls_1r": 0.11240266064482052,
  "Jpsi->phi.f2(1270)_g_ls_1i": -1.4311484979715312,
  "Jpsi->phi.f2(1270)_g_ls_2r": 0.15132086075747342,
  "Jpsi->phi.f2(1270)_g_ls_2i": -2.9165979485581612,
  "Jpsi->phi.f2(1270)_g_ls_3r": 1.9231080218020673,
  "Jpsi->phi.f2(1270)_g_ls_3i": -0.7795995487283007,
  "Jpsi->phi.f2(1270)_g_ls_4r": 1.0061754918687722,
  "Jpsi->phi.f2(1270)_g_ls_4i": -2.7318981304451757,
  "f2(1270)->kp.km_g_ls_0r": 1.0,
  "f2(1270)->kp.km_g_ls_0i": 0.0,
  "Jpsi->phi.f0(1500)f0(1500)->kp.km_total_0r": 0.18094147480975797,
  "Jpsi->phi.f0(1500)f0(1500)->kp.km_total_0i": 0.3883393612535624,
  "Jpsi->phi.f0(1500)_g_ls_0r": 1.0,
  "Jpsi->phi.f0(1500)_g_ls_0i": 0.0,
  "Jpsi->phi.f0(1500)_g_ls_1r": 0.7843767959896297,
  "Jpsi->phi.f0(1500)_g_ls_1i": -2.022815459886198,
  "f0(1500)->kp.km_g_ls_0r": 1.0,
  "f0(1500)->kp.km_g_ls_0i": 0.0,
  "Jpsi->phi.f2(1525)f2(1525)->kp.km_total_0r": 1.422446332241115,
  "Jpsi->phi.f2(1525)f2(1525)->kp.km_total_0i": 1.1583216226870574,
  "Jpsi->phi.f2(1525)_g_ls_0r": 1.0,
  "Jpsi->phi.f2(1525)_g_ls_0i": 0.0,
  "Jpsi->phi.f2(1525)_g_ls_1r": 0.4323787387330871,
  "Jpsi->phi.f2(1525)_g_ls_1i": 0.544995617568254,
  "Jpsi->phi.f2(1525)_g_ls_2r": 0.08771621850596834,
  "Jpsi->phi.f2(1525)_g_ls_2i": -3.1262430599256215,
  "Jpsi->phi.f2(1525)_g_ls_3r": 0.5571763448205846,
  "Jpsi->phi.f2(1525)_g_ls_3i": -0.4387474761464203,
  "Jpsi->phi.f2(1525)_g_ls_4r": 0.8032813282426408,
  "Jpsi->phi.f2(1525)_g_ls_4i": -1.3133786084774561,
  "f2(1525)->kp.km_g_ls_0r": 1.0,
  "f2(1525)->kp.km_g_ls_0i": 0.0,
  "Jpsi->phi.f2(1565)f2(1565)->kp.km_total_0r": 1.0630580284564597,
  "Jpsi->phi.f2(1565)f2(1565)->kp.km_total_0i": 2.49210049238439,
  "Jpsi->phi.f2(1565)_g_ls_0r": 1.0,
  "Jpsi->phi.f2(1565)_g_ls_0i": 0.0,
  "Jpsi->phi.f2(1565)_g_ls_1r": 0.7123789728502525,
  "Jpsi->phi.f2(1565)_g_ls_1i": -2.080888259041637,
  "Jpsi->phi.f2(1565)_g_ls_2r": 0.08901984899586468,
  "Jpsi->phi.f2(1565)_g_ls_2i": 0.27502020059961296,
  "Jpsi->phi.f2(1565)_g_ls_3r": 0.3528740402783854,
  "Jpsi->phi.f2(1565)_g_ls_3i": 0.9221825933796532,
  "Jpsi->phi.f2(1565)_g_ls_4r": 1.3700748755377452,
  "Jpsi->phi.f2(1565)_g_ls_4i": -1.023534775555694,
  "f2(1565)->kp.km_g_ls_0r": 1.0,
  "f2(1565)->kp.km_g_ls_0i": 0.0,
  "Jpsi->phi.f0(1710)f0(1710)->kp.km_total_0r": 0.662498125783789,
  "Jpsi->phi.f0(1710)f0(1710)->kp.km_total_0i": 0.6112911339870868,
  "Jpsi->phi.f0(1710)_g_ls_0r": 1.0,
  "Jpsi->phi.f0(1710)_g_ls_0i": 0.0,
  "Jpsi->phi.f0(1710)_g_ls_1r": 1.0290185549730744,
  "Jpsi->phi.f0(1710)_g_ls_1i": 0.3626014753078768,
  "f0(1710)->kp.km_g_ls_0r": 1.0,
  "f0(1710)->kp.km_g_ls_0i": 0.0,
  "Jpsi->phi.f2(1810)f2(1810)->kp.km_total_0r": 1.5354989357793736,
  "Jpsi->phi.f2(1810)f2(1810)->kp.km_total_0i": -1.9506908539490595,
  "Jpsi->phi.f2(1810)_g_ls_0r": 1.0,
  "Jpsi->phi.f2(1810)_g_ls_0i": 0.0,
  "Jpsi->phi.f2(1810)_g_ls_1r": 0.36043849831466,
  "Jpsi->phi.f2(1810)_g_ls_1i": 1.9733575764665998,
  "Jpsi->phi.f2(1810)_g_ls_2r": 0.2220541174174575,
  "Jpsi->phi.f2(1810)_g_ls_2i": 2.444086018515395,
  "Jpsi->phi.f2(1810)_g_ls_3r": 0.8199177371096553,
  "Jpsi->phi.f2(1810)_g_ls_3i": 2.2528866606163787,
  "Jpsi->phi.f2(1810)_g_ls_4r": 0.5997726189916457,
  "Jpsi->phi.f2(1810)_g_ls_4i": 3.0009784212705704,
  "f2(1810)->kp.km_g_ls_0r": 1.0,
  "f2(1810)->kp.km_g_ls_0i": 0.0
}
nll_grad  cost time: 3.05621337890625
nll_grad  cost time: 3.113110303878784
tf.Tensor(-1599.5113123838892, shape=(), dtype=float64)
nll_grad  cost time: 3.1625351905822754
tf.Tensor(-4298.184042178938, shape=(), dtype=float64)
nll_grad  cost time: 3.265021800994873
tf.Tensor(-6429.837218477667, shape=(), dtype=float64)
nll_grad  cost time: 3.2844130992889404
nll_grad  cost time: 3.1237473487854004
tf.Tensor(-7179.796973642748, shape=(), dtype=float64)
nll_grad  cost time: 3.151700019836426
tf.Tensor(-7267.387309465965, shape=(), dtype=float64)
nll_grad  cost time: 3.2887275218963623
tf.Tensor(-7429.816344877821, shape=(), dtype=float64)
nll_grad  cost time: 3.2533669471740723
tf.Tensor(-7720.050114069396, shape=(), dtype=float64)
nll_grad  cost time: 3.187147378921509
tf.Tensor(-8170.255285570165, shape=(), dtype=float64)
nll_grad  cost time: 3.226778984069824
nll_grad  cost time: 3.457982063293457
tf.Tensor(-8337.110406754538, shape=(), dtype=float64)
nll_grad  cost time: 3.1883504390716553
tf.Tensor(-8544.33527324081, shape=(), dtype=float64)
nll_grad  cost time: 3.2084951400756836
tf.Tensor(-8640.396745376653, shape=(), dtype=float64)
nll_grad  cost time: 3.38034725189209
tf.Tensor(-8777.690354857448, shape=(), dtype=float64)
nll_grad  cost time: 3.25913143157959
tf.Tensor(-8897.585114121524, shape=(), dtype=float64)
nll_grad  cost time: 3.0761396884918213
tf.Tensor(-9009.67075374366, shape=(), dtype=float64)
nll_grad  cost time: 3.2379515171051025
tf.Tensor(-9132.45488996015, shape=(), dtype=float64)
nll_grad  cost time: 3.255349636077881
tf.Tensor(-9284.380438809036, shape=(), dtype=float64)
nll_grad  cost time: 3.1421968936920166
tf.Tensor(-9448.703171221263, shape=(), dtype=float64)
nll_grad  cost time: 3.145249128341675
nll_grad  cost time: 3.1200244426727295
tf.Tensor(-9542.24865889235, shape=(), dtype=float64)
nll_grad  cost time: 3.1605143547058105
tf.Tensor(-9593.840150101561, shape=(), dtype=float64)
nll_grad  cost time: 3.2892208099365234
tf.Tensor(-9620.682231816681, shape=(), dtype=float64)
nll_grad  cost time: 3.3505799770355225
tf.Tensor(-9665.376596157017, shape=(), dtype=float64)
nll_grad  cost time: 3.1801505088806152
tf.Tensor(-9714.03952698248, shape=(), dtype=float64)
nll_grad  cost time: 3.3028173446655273
tf.Tensor(-9757.682493134096, shape=(), dtype=float64)
nll_grad  cost time: 3.2366373538970947
tf.Tensor(-9784.060885609462, shape=(), dtype=float64)
nll_grad  cost time: 3.121133804321289
tf.Tensor(-9815.549613476702, shape=(), dtype=float64)
nll_grad  cost time: 3.3360462188720703
tf.Tensor(-9843.53360699951, shape=(), dtype=float64)
nll_grad  cost time: 3.253817558288574
tf.Tensor(-9865.776007294611, shape=(), dtype=float64)
nll_grad  cost time: 3.1817917823791504
tf.Tensor(-9883.137074029204, shape=(), dtype=float64)
nll_grad  cost time: 3.2431373596191406
tf.Tensor(-9900.319830986686, shape=(), dtype=float64)
nll_grad  cost time: 3.14846134185791
tf.Tensor(-9921.496473464445, shape=(), dtype=float64)
nll_grad  cost time: 3.1264233589172363
tf.Tensor(-9935.857062456475, shape=(), dtype=float64)
nll_grad  cost time: 3.1670422554016113
tf.Tensor(-9955.6540020916, shape=(), dtype=float64)
nll_grad  cost time: 3.267139196395874
tf.Tensor(-9963.26790701918, shape=(), dtype=float64)
nll_grad  cost time: 3.2149765491485596
tf.Tensor(-9975.197222830655, shape=(), dtype=float64)
nll_grad  cost time: 3.1561551094055176
tf.Tensor(-9993.250097287135, shape=(), dtype=float64)
nll_grad  cost time: 3.142388105392456
tf.Tensor(-10011.118522537538, shape=(), dtype=float64)
nll_grad  cost time: 3.291247606277466
tf.Tensor(-10022.995231315857, shape=(), dtype=float64)
nll_grad  cost time: 3.318105936050415
tf.Tensor(-10033.533937498098, shape=(), dtype=float64)
nll_grad  cost time: 3.2767794132232666
tf.Tensor(-10045.62847540468, shape=(), dtype=float64)
nll_grad  cost time: 3.321707248687744
tf.Tensor(-10060.323176973106, shape=(), dtype=float64)
nll_grad  cost time: 3.1235320568084717
tf.Tensor(-10071.908991657168, shape=(), dtype=float64)
nll_grad  cost time: 3.1839795112609863
tf.Tensor(-10086.083893851814, shape=(), dtype=float64)
nll_grad  cost time: 3.3024230003356934
tf.Tensor(-10099.161187950478, shape=(), dtype=float64)
nll_grad  cost time: 3.0050666332244873
tf.Tensor(-10106.034708812003, shape=(), dtype=float64)
nll_grad  cost time: 3.423853874206543
tf.Tensor(-10116.43580129245, shape=(), dtype=float64)
nll_grad  cost time: 3.059919595718384
tf.Tensor(-10128.235750617547, shape=(), dtype=float64)
nll_grad  cost time: 3.2037651538848877
tf.Tensor(-10137.435778891682, shape=(), dtype=float64)
nll_grad  cost time: 3.3769137859344482
tf.Tensor(-10147.084888474797, shape=(), dtype=float64)
nll_grad  cost time: 3.320791721343994
tf.Tensor(-10160.464476303372, shape=(), dtype=float64)
nll_grad  cost time: 3.1214089393615723
tf.Tensor(-10175.00582111819, shape=(), dtype=float64)
nll_grad  cost time: 3.1180641651153564
tf.Tensor(-10184.947735856127, shape=(), dtype=float64)
nll_grad  cost time: 3.2387454509735107
tf.Tensor(-10195.490233518954, shape=(), dtype=float64)
nll_grad  cost time: 3.2110586166381836
tf.Tensor(-10205.20477291786, shape=(), dtype=float64)
nll_grad  cost time: 3.1150429248809814
tf.Tensor(-10214.649184983777, shape=(), dtype=float64)
nll_grad  cost time: 3.227473258972168
tf.Tensor(-10216.48794723062, shape=(), dtype=float64)
nll_grad  cost time: 3.213029146194458
tf.Tensor(-10219.74577675588, shape=(), dtype=float64)
nll_grad  cost time: 3.373347282409668
tf.Tensor(-10225.005083652955, shape=(), dtype=float64)
nll_grad  cost time: 3.3783082962036133
tf.Tensor(-10232.44636448077, shape=(), dtype=float64)
nll_grad  cost time: 3.264353036880493
tf.Tensor(-10238.027891926278, shape=(), dtype=float64)
nll_grad  cost time: 3.3205761909484863
tf.Tensor(-10245.568416950307, shape=(), dtype=float64)
nll_grad  cost time: 3.218801259994507
tf.Tensor(-10253.584270213978, shape=(), dtype=float64)
nll_grad  cost time: 3.3746914863586426
tf.Tensor(-10258.141420218468, shape=(), dtype=float64)
nll_grad  cost time: 3.500605821609497
tf.Tensor(-10264.919174360402, shape=(), dtype=float64)
nll_grad  cost time: 3.158621072769165
tf.Tensor(-10273.613017850294, shape=(), dtype=float64)
nll_grad  cost time: 3.2212564945220947
tf.Tensor(-10279.422216024483, shape=(), dtype=float64)
nll_grad  cost time: 3.3815817832946777
tf.Tensor(-10285.316180152498, shape=(), dtype=float64)
nll_grad  cost time: 3.4246184825897217
tf.Tensor(-10291.256507460479, shape=(), dtype=float64)
nll_grad  cost time: 3.1571247577667236
tf.Tensor(-10298.334343390277, shape=(), dtype=float64)
nll_grad  cost time: 3.2971134185791016
tf.Tensor(-10307.07198639409, shape=(), dtype=float64)
nll_grad  cost time: 3.161783218383789
nll_grad  cost time: 3.3014588356018066
tf.Tensor(-10311.802697853462, shape=(), dtype=float64)
nll_grad  cost time: 3.2828969955444336
tf.Tensor(-10318.078556908236, shape=(), dtype=float64)
nll_grad  cost time: 3.337881088256836
tf.Tensor(-10325.18280280134, shape=(), dtype=float64)
nll_grad  cost time: 3.2329154014587402
tf.Tensor(-10331.454010338493, shape=(), dtype=float64)
nll_grad  cost time: 3.4256789684295654
tf.Tensor(-10338.672478459048, shape=(), dtype=float64)
nll_grad  cost time: 3.3664052486419678
tf.Tensor(-10346.346670819112, shape=(), dtype=float64)
nll_grad  cost time: 3.1704866886138916
tf.Tensor(-10347.522574914561, shape=(), dtype=float64)
nll_grad  cost time: 3.1608693599700928
tf.Tensor(-10349.687949143598, shape=(), dtype=float64)
nll_grad  cost time: 3.6065824031829834
tf.Tensor(-10353.378354308996, shape=(), dtype=float64)
nll_grad  cost time: 3.1419692039489746
tf.Tensor(-10359.250984921775, shape=(), dtype=float64)
nll_grad  cost time: 3.2200677394866943
tf.Tensor(-10366.519150313645, shape=(), dtype=float64)
nll_grad  cost time: 3.2908737659454346
tf.Tensor(-10372.088515221476, shape=(), dtype=float64)
nll_grad  cost time: 3.3894124031066895
tf.Tensor(-10379.489774223868, shape=(), dtype=float64)
nll_grad  cost time: 3.369462728500366
tf.Tensor(-10386.627577465464, shape=(), dtype=float64)
nll_grad  cost time: 3.302734136581421
tf.Tensor(-10394.60126391286, shape=(), dtype=float64)
nll_grad  cost time: 3.2858848571777344
nll_grad  cost time: 3.148955821990967
tf.Tensor(-10398.299640328667, shape=(), dtype=float64)
nll_grad  cost time: 3.247300624847412
tf.Tensor(-10403.158824851998, shape=(), dtype=float64)
nll_grad  cost time: 3.361069917678833
tf.Tensor(-10409.912140618471, shape=(), dtype=float64)
nll_grad  cost time: 3.292769193649292
tf.Tensor(-10417.956987764555, shape=(), dtype=float64)
nll_grad  cost time: 3.180856466293335
tf.Tensor(-10427.550344369316, shape=(), dtype=float64)
nll_grad  cost time: 3.161306619644165
tf.Tensor(-10437.276364159377, shape=(), dtype=float64)
nll_grad  cost time: 3.202023983001709
tf.Tensor(-10447.218488949176, shape=(), dtype=float64)
nll_grad  cost time: 3.1382691860198975
nll_grad  cost time: 3.179743528366089
tf.Tensor(-10452.139720822583, shape=(), dtype=float64)
nll_grad  cost time: 3.250093460083008
tf.Tensor(-10456.587156156718, shape=(), dtype=float64)
nll_grad  cost time: 3.185239315032959
tf.Tensor(-10461.590829251989, shape=(), dtype=float64)
nll_grad  cost time: 3.1530280113220215
tf.Tensor(-10465.40976296422, shape=(), dtype=float64)
nll_grad  cost time: 3.1648898124694824
tf.Tensor(-10469.572371002243, shape=(), dtype=float64)
nll_grad  cost time: 3.0868728160858154
tf.Tensor(-10473.28610196196, shape=(), dtype=float64)
nll_grad  cost time: 3.079939126968384
tf.Tensor(-10475.83344950885, shape=(), dtype=float64)
nll_grad  cost time: 3.1603586673736572
tf.Tensor(-10479.124800123944, shape=(), dtype=float64)
nll_grad  cost time: 3.221219778060913
tf.Tensor(-10483.369594079923, shape=(), dtype=float64)
nll_grad  cost time: 3.429020404815674
tf.Tensor(-10486.213599018578, shape=(), dtype=float64)
nll_grad  cost time: 3.209839105606079
tf.Tensor(-10489.93233002282, shape=(), dtype=float64)
nll_grad  cost time: 3.126779079437256
tf.Tensor(-10492.417853060339, shape=(), dtype=float64)
nll_grad  cost time: 3.137254476547241
tf.Tensor(-10494.96551102554, shape=(), dtype=float64)
nll_grad  cost time: 3.391362428665161
tf.Tensor(-10497.329714382548, shape=(), dtype=float64)
nll_grad  cost time: 3.356005907058716
tf.Tensor(-10498.813076679064, shape=(), dtype=float64)
nll_grad  cost time: 3.171435832977295
tf.Tensor(-10501.012804891783, shape=(), dtype=float64)
nll_grad  cost time: 3.239145517349243
tf.Tensor(-10503.725085217535, shape=(), dtype=float64)
nll_grad  cost time: 3.2323994636535645
tf.Tensor(-10506.816996557209, shape=(), dtype=float64)
nll_grad  cost time: 3.2163643836975098
tf.Tensor(-10509.273259688554, shape=(), dtype=float64)
nll_grad  cost time: 3.101404905319214
tf.Tensor(-10512.613297933218, shape=(), dtype=float64)
nll_grad  cost time: 3.1798582077026367
tf.Tensor(-10515.493978531107, shape=(), dtype=float64)
nll_grad  cost time: 3.1553797721862793
tf.Tensor(-10519.137532978384, shape=(), dtype=float64)
nll_grad  cost time: 3.2326138019561768
tf.Tensor(-10523.234542681435, shape=(), dtype=float64)
nll_grad  cost time: 3.4200708866119385
tf.Tensor(-10526.174377598763, shape=(), dtype=float64)
nll_grad  cost time: 3.4204256534576416
tf.Tensor(-10527.434427174172, shape=(), dtype=float64)
nll_grad  cost time: 3.251645565032959
tf.Tensor(-10529.361811290852, shape=(), dtype=float64)
nll_grad  cost time: 3.235562562942505
tf.Tensor(-10532.006595230843, shape=(), dtype=float64)
nll_grad  cost time: 3.3378982543945312
tf.Tensor(-10535.63977775233, shape=(), dtype=float64)
nll_grad  cost time: 3.0483109951019287
tf.Tensor(-10538.20257302728, shape=(), dtype=float64)
nll_grad  cost time: 3.278695583343506
tf.Tensor(-10541.847965071676, shape=(), dtype=float64)
nll_grad  cost time: 3.1521341800689697
nll_grad  cost time: 3.230536937713623
tf.Tensor(-10543.648655165707, shape=(), dtype=float64)
nll_grad  cost time: 3.141660213470459
tf.Tensor(-10546.145650243008, shape=(), dtype=float64)
nll_grad  cost time: 3.0648646354675293
tf.Tensor(-10549.905352488458, shape=(), dtype=float64)
nll_grad  cost time: 3.072427272796631
tf.Tensor(-10552.701033435995, shape=(), dtype=float64)
nll_grad  cost time: 3.221062183380127
tf.Tensor(-10554.176706474529, shape=(), dtype=float64)
nll_grad  cost time: 3.336158275604248
tf.Tensor(-10556.304823821265, shape=(), dtype=float64)
nll_grad  cost time: 3.202115535736084
tf.Tensor(-10559.412903584009, shape=(), dtype=float64)
nll_grad  cost time: 3.1824593544006348
tf.Tensor(-10563.627772072032, shape=(), dtype=float64)
nll_grad  cost time: 3.069857597351074
tf.Tensor(-10567.29670574236, shape=(), dtype=float64)
nll_grad  cost time: 3.183824300765991
nll_grad  cost time: 3.1809847354888916
tf.Tensor(-10569.104653226335, shape=(), dtype=float64)
nll_grad  cost time: 3.426072835922241
tf.Tensor(-10571.09658794984, shape=(), dtype=float64)
nll_grad  cost time: 3.2494044303894043
tf.Tensor(-10573.585093116046, shape=(), dtype=float64)
nll_grad  cost time: 3.1914255619049072
tf.Tensor(-10574.981967347427, shape=(), dtype=float64)
nll_grad  cost time: 3.4237260818481445
tf.Tensor(-10576.730816619849, shape=(), dtype=float64)
nll_grad  cost time: 3.352583408355713
tf.Tensor(-10578.632588700697, shape=(), dtype=float64)
nll_grad  cost time: 3.0456016063690186
tf.Tensor(-10580.851556329544, shape=(), dtype=float64)
nll_grad  cost time: 3.110511302947998
tf.Tensor(-10582.599050305282, shape=(), dtype=float64)
nll_grad  cost time: 3.317962646484375
tf.Tensor(-10584.187498888496, shape=(), dtype=float64)
nll_grad  cost time: 3.3823015689849854
tf.Tensor(-10586.010239069394, shape=(), dtype=float64)
nll_grad  cost time: 3.179591417312622
tf.Tensor(-10587.750066918103, shape=(), dtype=float64)
nll_grad  cost time: 3.2811291217803955
tf.Tensor(-10589.459114118137, shape=(), dtype=float64)
nll_grad  cost time: 3.2005982398986816
tf.Tensor(-10591.029799247539, shape=(), dtype=float64)
nll_grad  cost time: 3.458017110824585
tf.Tensor(-10592.086263707133, shape=(), dtype=float64)
nll_grad  cost time: 3.331885576248169
tf.Tensor(-10593.529084744318, shape=(), dtype=float64)
nll_grad  cost time: 3.362480640411377
tf.Tensor(-10594.361780691746, shape=(), dtype=float64)
nll_grad  cost time: 3.3010926246643066
tf.Tensor(-10595.445788011377, shape=(), dtype=float64)
nll_grad  cost time: 3.2661800384521484
tf.Tensor(-10596.271467000013, shape=(), dtype=float64)
nll_grad  cost time: 3.2197089195251465
tf.Tensor(-10597.410677302956, shape=(), dtype=float64)
nll_grad  cost time: 3.400810480117798
tf.Tensor(-10598.537117012034, shape=(), dtype=float64)
nll_grad  cost time: 3.2024319171905518
tf.Tensor(-10599.828871933343, shape=(), dtype=float64)
nll_grad  cost time: 2.992739677429199
tf.Tensor(-10600.413683044091, shape=(), dtype=float64)
nll_grad  cost time: 3.193939685821533
tf.Tensor(-10601.114174515256, shape=(), dtype=float64)
nll_grad  cost time: 3.3081486225128174
tf.Tensor(-10601.882713533945, shape=(), dtype=float64)
nll_grad  cost time: 3.231994152069092
nll_grad  cost time: 3.2758429050445557
tf.Tensor(-10602.231769068567, shape=(), dtype=float64)
nll_grad  cost time: 3.3341519832611084
tf.Tensor(-10602.65853770294, shape=(), dtype=float64)
nll_grad  cost time: 3.2310662269592285
tf.Tensor(-10603.150767420091, shape=(), dtype=float64)
nll_grad  cost time: 3.3965137004852295
tf.Tensor(-10603.608349605129, shape=(), dtype=float64)
nll_grad  cost time: 3.1326608657836914
tf.Tensor(-10604.043554991302, shape=(), dtype=float64)
nll_grad  cost time: 3.2083141803741455
tf.Tensor(-10604.503166343318, shape=(), dtype=float64)
nll_grad  cost time: 3.3736202716827393
tf.Tensor(-10604.925607766185, shape=(), dtype=float64)
nll_grad  cost time: 3.1921424865722656
tf.Tensor(-10605.382080249226, shape=(), dtype=float64)
nll_grad  cost time: 3.208096981048584
tf.Tensor(-10605.544720475751, shape=(), dtype=float64)
nll_grad  cost time: 3.243077516555786
tf.Tensor(-10605.802981132998, shape=(), dtype=float64)
nll_grad  cost time: 3.2252302169799805
tf.Tensor(-10606.19193845601, shape=(), dtype=float64)
nll_grad  cost time: 3.120142698287964
tf.Tensor(-10606.623874139455, shape=(), dtype=float64)
nll_grad  cost time: 3.244234085083008
tf.Tensor(-10606.943268916395, shape=(), dtype=float64)
nll_grad  cost time: 3.3414597511291504
tf.Tensor(-10607.346685338925, shape=(), dtype=float64)
nll_grad  cost time: 3.071824789047241
tf.Tensor(-10607.857494776588, shape=(), dtype=float64)
nll_grad  cost time: 3.2446041107177734
tf.Tensor(-10608.359684989431, shape=(), dtype=float64)
nll_grad  cost time: 3.234647512435913
tf.Tensor(-10608.80971765655, shape=(), dtype=float64)
nll_grad  cost time: 3.176910161972046
tf.Tensor(-10609.27261723677, shape=(), dtype=float64)
nll_grad  cost time: 3.143860101699829
tf.Tensor(-10609.567853777931, shape=(), dtype=float64)
nll_grad  cost time: 3.293242931365967
tf.Tensor(-10609.898038626634, shape=(), dtype=float64)
nll_grad  cost time: 3.296265125274658
tf.Tensor(-10610.080436360724, shape=(), dtype=float64)
nll_grad  cost time: 3.1810696125030518
tf.Tensor(-10610.322021348315, shape=(), dtype=float64)
nll_grad  cost time: 3.271066904067993
tf.Tensor(-10610.629298831125, shape=(), dtype=float64)
nll_grad  cost time: 3.331221580505371
tf.Tensor(-10611.021224633507, shape=(), dtype=float64)
nll_grad  cost time: 3.248051881790161
tf.Tensor(-10611.374582711753, shape=(), dtype=float64)
nll_grad  cost time: 3.2448513507843018
tf.Tensor(-10611.756897911073, shape=(), dtype=float64)
nll_grad  cost time: 3.4280598163604736
tf.Tensor(-10611.978949565426, shape=(), dtype=float64)
nll_grad  cost time: 3.170947551727295
tf.Tensor(-10612.308004726015, shape=(), dtype=float64)
nll_grad  cost time: 3.164281129837036
tf.Tensor(-10612.755905484715, shape=(), dtype=float64)
nll_grad  cost time: 3.13906192779541
tf.Tensor(-10613.256356561695, shape=(), dtype=float64)
nll_grad  cost time: 3.0949106216430664
tf.Tensor(-10613.68879119405, shape=(), dtype=float64)
nll_grad  cost time: 3.2214162349700928
tf.Tensor(-10613.80645100568, shape=(), dtype=float64)
nll_grad  cost time: 3.32899808883667
tf.Tensor(-10613.995970523487, shape=(), dtype=float64)
nll_grad  cost time: 3.4665944576263428
tf.Tensor(-10614.279822026518, shape=(), dtype=float64)
nll_grad  cost time: 3.264610767364502
tf.Tensor(-10614.586302356358, shape=(), dtype=float64)
nll_grad  cost time: 3.335909605026245
tf.Tensor(-10614.7892095942, shape=(), dtype=float64)
nll_grad  cost time: 3.081019401550293
tf.Tensor(-10615.04373094911, shape=(), dtype=float64)
nll_grad  cost time: 3.299863576889038
tf.Tensor(-10615.269814939107, shape=(), dtype=float64)
nll_grad  cost time: 3.2557265758514404
tf.Tensor(-10615.403502003996, shape=(), dtype=float64)
nll_grad  cost time: 3.3826704025268555
tf.Tensor(-10615.575611685512, shape=(), dtype=float64)
nll_grad  cost time: 3.230201482772827
tf.Tensor(-10615.696911496241, shape=(), dtype=float64)
nll_grad  cost time: 3.2583577632904053
tf.Tensor(-10615.852022236199, shape=(), dtype=float64)
nll_grad  cost time: 3.297271728515625
tf.Tensor(-10616.030615440723, shape=(), dtype=float64)
nll_grad  cost time: 3.2708334922790527
tf.Tensor(-10616.173624624855, shape=(), dtype=float64)
nll_grad  cost time: 3.368025541305542
tf.Tensor(-10616.290739850345, shape=(), dtype=float64)
nll_grad  cost time: 3.199012279510498
tf.Tensor(-10616.362147338368, shape=(), dtype=float64)
nll_grad  cost time: 3.234645128250122
tf.Tensor(-10616.434206691214, shape=(), dtype=float64)
nll_grad  cost time: 3.1871085166931152
tf.Tensor(-10616.515444076314, shape=(), dtype=float64)
nll_grad  cost time: 3.186699151992798
tf.Tensor(-10616.604888267815, shape=(), dtype=float64)
nll_grad  cost time: 3.2894015312194824
tf.Tensor(-10616.700845805259, shape=(), dtype=float64)
nll_grad  cost time: 3.372452974319458
nll_grad  cost time: 3.0948290824890137
tf.Tensor(-10616.754519506801, shape=(), dtype=float64)
nll_grad  cost time: 3.079789638519287
tf.Tensor(-10616.807081003579, shape=(), dtype=float64)
nll_grad  cost time: 3.3529624938964844
tf.Tensor(-10616.865131914616, shape=(), dtype=float64)
nll_grad  cost time: 3.2566633224487305
tf.Tensor(-10616.927155478726, shape=(), dtype=float64)
nll_grad  cost time: 3.0769922733306885
tf.Tensor(-10616.979157840717, shape=(), dtype=float64)
nll_grad  cost time: 3.1137516498565674
tf.Tensor(-10617.031434967656, shape=(), dtype=float64)
nll_grad  cost time: 3.1832950115203857
tf.Tensor(-10617.077094170476, shape=(), dtype=float64)
nll_grad  cost time: 3.1175622940063477
tf.Tensor(-10617.118880186106, shape=(), dtype=float64)
nll_grad  cost time: 3.138046979904175
tf.Tensor(-10617.169884576535, shape=(), dtype=float64)
nll_grad  cost time: 3.273026704788208
tf.Tensor(-10617.225497439074, shape=(), dtype=float64)
nll_grad  cost time: 3.0404233932495117
tf.Tensor(-10617.263417248032, shape=(), dtype=float64)
nll_grad  cost time: 3.1627004146575928
tf.Tensor(-10617.296094059253, shape=(), dtype=float64)
nll_grad  cost time: 3.2809901237487793
tf.Tensor(-10617.326521268886, shape=(), dtype=float64)
nll_grad  cost time: 3.0945260524749756
tf.Tensor(-10617.356672155896, shape=(), dtype=float64)
nll_grad  cost time: 3.1635565757751465
tf.Tensor(-10617.39070094232, shape=(), dtype=float64)
nll_grad  cost time: 3.073241710662842
tf.Tensor(-10617.424192865583, shape=(), dtype=float64)
nll_grad  cost time: 3.202516794204712
tf.Tensor(-10617.453729641464, shape=(), dtype=float64)
nll_grad  cost time: 3.251979112625122
tf.Tensor(-10617.485541747526, shape=(), dtype=float64)
nll_grad  cost time: 3.1469078063964844
tf.Tensor(-10617.526457315762, shape=(), dtype=float64)
nll_grad  cost time: 3.154170513153076
tf.Tensor(-10617.567298811067, shape=(), dtype=float64)
nll_grad  cost time: 3.252570629119873
tf.Tensor(-10617.620931829886, shape=(), dtype=float64)
nll_grad  cost time: 3.2227044105529785
tf.Tensor(-10617.696124379727, shape=(), dtype=float64)
nll_grad  cost time: 3.26033878326416
tf.Tensor(-10617.779199278666, shape=(), dtype=float64)
nll_grad  cost time: 3.1788806915283203
tf.Tensor(-10617.857110011559, shape=(), dtype=float64)
nll_grad  cost time: 3.1279537677764893
tf.Tensor(-10617.963603010729, shape=(), dtype=float64)
nll_grad  cost time: 3.2598307132720947
tf.Tensor(-10618.054131644989, shape=(), dtype=float64)
nll_grad  cost time: 3.2329647541046143
nll_grad  cost time: 3.026923656463623
tf.Tensor(-10618.095866727439, shape=(), dtype=float64)
nll_grad  cost time: 3.2532572746276855
tf.Tensor(-10618.139652373298, shape=(), dtype=float64)
nll_grad  cost time: 3.2410666942596436
tf.Tensor(-10618.185299479133, shape=(), dtype=float64)
nll_grad  cost time: 3.195122241973877
tf.Tensor(-10618.235490669213, shape=(), dtype=float64)
nll_grad  cost time: 3.2775015830993652
tf.Tensor(-10618.277392932774, shape=(), dtype=float64)
nll_grad  cost time: 3.236290454864502
tf.Tensor(-10618.321722591878, shape=(), dtype=float64)
nll_grad  cost time: 3.2431697845458984
tf.Tensor(-10618.383411664341, shape=(), dtype=float64)
nll_grad  cost time: 3.358718156814575
tf.Tensor(-10618.464496482826, shape=(), dtype=float64)
nll_grad  cost time: 3.1724655628204346
tf.Tensor(-10618.561668700699, shape=(), dtype=float64)
nll_grad  cost time: 3.3782424926757812
tf.Tensor(-10618.687313851173, shape=(), dtype=float64)
nll_grad  cost time: 3.141042709350586
tf.Tensor(-10618.857312757042, shape=(), dtype=float64)
nll_grad  cost time: 3.3361868858337402
tf.Tensor(-10619.016239041135, shape=(), dtype=float64)
nll_grad  cost time: 3.3154170513153076
tf.Tensor(-10619.114707887667, shape=(), dtype=float64)
nll_grad  cost time: 3.335315704345703
tf.Tensor(-10619.260348608812, shape=(), dtype=float64)
nll_grad  cost time: 3.3230018615722656
tf.Tensor(-10619.484747467839, shape=(), dtype=float64)
nll_grad  cost time: 3.2665603160858154
tf.Tensor(-10619.782192657512, shape=(), dtype=float64)
nll_grad  cost time: 3.2715837955474854
tf.Tensor(-10619.966724762133, shape=(), dtype=float64)
nll_grad  cost time: 3.308553695678711
tf.Tensor(-10620.069873282788, shape=(), dtype=float64)
nll_grad  cost time: 3.1325714588165283
tf.Tensor(-10620.202193863523, shape=(), dtype=float64)
nll_grad  cost time: 3.221701145172119
tf.Tensor(-10620.331863999381, shape=(), dtype=float64)
nll_grad  cost time: 3.122097969055176
tf.Tensor(-10620.441864051718, shape=(), dtype=float64)
nll_grad  cost time: 3.3788809776306152
tf.Tensor(-10620.598586697248, shape=(), dtype=float64)
nll_grad  cost time: 3.1243948936462402
tf.Tensor(-10620.782329161346, shape=(), dtype=float64)
nll_grad  cost time: 3.103241205215454
tf.Tensor(-10620.885647418749, shape=(), dtype=float64)
nll_grad  cost time: 3.3544106483459473
tf.Tensor(-10621.01862406639, shape=(), dtype=float64)
nll_grad  cost time: 3.2720444202423096
tf.Tensor(-10621.123156000904, shape=(), dtype=float64)
nll_grad  cost time: 3.339038848876953
tf.Tensor(-10621.238317689327, shape=(), dtype=float64)
nll_grad  cost time: 3.514252185821533
tf.Tensor(-10621.314693746011, shape=(), dtype=float64)
nll_grad  cost time: 3.417008876800537
tf.Tensor(-10621.40441995603, shape=(), dtype=float64)
nll_grad  cost time: 3.3314032554626465
tf.Tensor(-10621.46910980007, shape=(), dtype=float64)
nll_grad  cost time: 3.465031862258911
tf.Tensor(-10621.529892337217, shape=(), dtype=float64)
nll_grad  cost time: 3.415351152420044
tf.Tensor(-10621.591609565527, shape=(), dtype=float64)
nll_grad  cost time: 3.255397319793701
tf.Tensor(-10621.643136720617, shape=(), dtype=float64)
nll_grad  cost time: 3.4130215644836426
tf.Tensor(-10621.687061189383, shape=(), dtype=float64)
nll_grad  cost time: 3.5551302433013916
tf.Tensor(-10621.723595836462, shape=(), dtype=float64)
nll_grad  cost time: 3.430671215057373
tf.Tensor(-10621.751225400476, shape=(), dtype=float64)
nll_grad  cost time: 3.5080409049987793
tf.Tensor(-10621.791477162376, shape=(), dtype=float64)
nll_grad  cost time: 3.4195148944854736
tf.Tensor(-10621.833259773332, shape=(), dtype=float64)
nll_grad  cost time: 3.3747613430023193
tf.Tensor(-10621.862135872943, shape=(), dtype=float64)
nll_grad  cost time: 3.5087106227874756
tf.Tensor(-10621.8937619551, shape=(), dtype=float64)
nll_grad  cost time: 3.3184611797332764
tf.Tensor(-10621.93314432622, shape=(), dtype=float64)
nll_grad  cost time: 3.3992960453033447
tf.Tensor(-10621.968656583616, shape=(), dtype=float64)
nll_grad  cost time: 3.2121529579162598
tf.Tensor(-10622.01893773018, shape=(), dtype=float64)
nll_grad  cost time: 3.0985958576202393
tf.Tensor(-10622.08046147725, shape=(), dtype=float64)
nll_grad  cost time: 3.286107063293457
tf.Tensor(-10622.148832715131, shape=(), dtype=float64)
nll_grad  cost time: 3.3106157779693604
tf.Tensor(-10622.222544107004, shape=(), dtype=float64)
nll_grad  cost time: 3.309278726577759
tf.Tensor(-10622.28460521937, shape=(), dtype=float64)
nll_grad  cost time: 3.0794825553894043
tf.Tensor(-10622.328493946516, shape=(), dtype=float64)
nll_grad  cost time: 3.2784547805786133
tf.Tensor(-10622.391756816061, shape=(), dtype=float64)
nll_grad  cost time: 3.2280280590057373
tf.Tensor(-10622.483849757395, shape=(), dtype=float64)
nll_grad  cost time: 3.2967488765716553
tf.Tensor(-10622.605281601856, shape=(), dtype=float64)
nll_grad  cost time: 3.1406028270721436
tf.Tensor(-10622.729781917347, shape=(), dtype=float64)
nll_grad  cost time: 3.353672742843628
tf.Tensor(-10622.903429648977, shape=(), dtype=float64)
nll_grad  cost time: 3.219836950302124
tf.Tensor(-10623.100519008985, shape=(), dtype=float64)
nll_grad  cost time: 3.2995505332946777
tf.Tensor(-10623.196380966263, shape=(), dtype=float64)
nll_grad  cost time: 3.3262534141540527
tf.Tensor(-10623.334392011464, shape=(), dtype=float64)
nll_grad  cost time: 3.140012741088867
tf.Tensor(-10623.487704932544, shape=(), dtype=float64)
nll_grad  cost time: 3.2823450565338135
tf.Tensor(-10623.566942136626, shape=(), dtype=float64)
nll_grad  cost time: 3.3720834255218506
tf.Tensor(-10623.66074676226, shape=(), dtype=float64)
nll_grad  cost time: 3.0955135822296143
tf.Tensor(-10623.787306054619, shape=(), dtype=float64)
nll_grad  cost time: 3.187303304672241
nll_grad  cost time: 3.131010055541992
tf.Tensor(-10623.851347915923, shape=(), dtype=float64)
nll_grad  cost time: 3.145409107208252
tf.Tensor(-10623.923987336813, shape=(), dtype=float64)
nll_grad  cost time: 3.0781638622283936
tf.Tensor(-10623.995343853981, shape=(), dtype=float64)
nll_grad  cost time: 3.4664769172668457
tf.Tensor(-10624.072137395677, shape=(), dtype=float64)
nll_grad  cost time: 3.273374557495117
tf.Tensor(-10624.150842514566, shape=(), dtype=float64)
nll_grad  cost time: 3.3176193237304688
tf.Tensor(-10624.221613854585, shape=(), dtype=float64)
nll_grad  cost time: 3.319380521774292
tf.Tensor(-10624.307213841254, shape=(), dtype=float64)
nll_grad  cost time: 3.33848237991333
tf.Tensor(-10624.374096194071, shape=(), dtype=float64)
nll_grad  cost time: 3.2553508281707764
tf.Tensor(-10624.409334450545, shape=(), dtype=float64)
nll_grad  cost time: 3.4960312843322754
tf.Tensor(-10624.457951631455, shape=(), dtype=float64)
nll_grad  cost time: 3.2614803314208984
tf.Tensor(-10624.501476685102, shape=(), dtype=float64)
nll_grad  cost time: 3.0783655643463135
tf.Tensor(-10624.532120689328, shape=(), dtype=float64)
nll_grad  cost time: 3.108855962753296
tf.Tensor(-10624.570587218332, shape=(), dtype=float64)
nll_grad  cost time: 3.3433098793029785
tf.Tensor(-10624.61178267165, shape=(), dtype=float64)
nll_grad  cost time: 3.1561436653137207
tf.Tensor(-10624.647269700014, shape=(), dtype=float64)
nll_grad  cost time: 3.4200403690338135
tf.Tensor(-10624.67634172333, shape=(), dtype=float64)
nll_grad  cost time: 3.237112283706665
tf.Tensor(-10624.698302451165, shape=(), dtype=float64)
nll_grad  cost time: 3.1953251361846924
tf.Tensor(-10624.722189684791, shape=(), dtype=float64)
nll_grad  cost time: 3.266130208969116
tf.Tensor(-10624.755406812386, shape=(), dtype=float64)
nll_grad  cost time: 3.257490634918213
tf.Tensor(-10624.781881080758, shape=(), dtype=float64)
nll_grad  cost time: 3.1205127239227295
tf.Tensor(-10624.807087133282, shape=(), dtype=float64)
nll_grad  cost time: 3.4028074741363525
tf.Tensor(-10624.826999938785, shape=(), dtype=float64)
nll_grad  cost time: 3.2263693809509277
tf.Tensor(-10624.846626633458, shape=(), dtype=float64)
nll_grad  cost time: 3.2896125316619873
tf.Tensor(-10624.86379275853, shape=(), dtype=float64)
nll_grad  cost time: 3.2989213466644287
tf.Tensor(-10624.878402102455, shape=(), dtype=float64)
nll_grad  cost time: 3.2000365257263184
tf.Tensor(-10624.89465599828, shape=(), dtype=float64)
nll_grad  cost time: 3.2658190727233887
tf.Tensor(-10624.907352681868, shape=(), dtype=float64)
nll_grad  cost time: 3.2979605197906494
tf.Tensor(-10624.921874763226, shape=(), dtype=float64)
nll_grad  cost time: 3.1810872554779053
tf.Tensor(-10624.938754324568, shape=(), dtype=float64)
nll_grad  cost time: 3.0656261444091797
tf.Tensor(-10624.95350207854, shape=(), dtype=float64)
nll_grad  cost time: 3.072967529296875
tf.Tensor(-10624.967415641528, shape=(), dtype=float64)
nll_grad  cost time: 3.155763626098633
tf.Tensor(-10624.980848709238, shape=(), dtype=float64)
nll_grad  cost time: 3.070305347442627
tf.Tensor(-10624.995899104877, shape=(), dtype=float64)
nll_grad  cost time: 3.1897594928741455
tf.Tensor(-10625.015102557969, shape=(), dtype=float64)
nll_grad  cost time: 3.3119912147521973
tf.Tensor(-10625.03428163431, shape=(), dtype=float64)
nll_grad  cost time: 3.313472270965576
tf.Tensor(-10625.056157231928, shape=(), dtype=float64)
nll_grad  cost time: 3.3095123767852783
tf.Tensor(-10625.074325718364, shape=(), dtype=float64)
nll_grad  cost time: 3.2400100231170654
tf.Tensor(-10625.089577279148, shape=(), dtype=float64)
nll_grad  cost time: 3.2837507724761963
tf.Tensor(-10625.100270398958, shape=(), dtype=float64)
nll_grad  cost time: 3.2030575275421143
tf.Tensor(-10625.109613473833, shape=(), dtype=float64)
nll_grad  cost time: 3.167275905609131
tf.Tensor(-10625.118728706679, shape=(), dtype=float64)
nll_grad  cost time: 3.253164529800415
tf.Tensor(-10625.129835548258, shape=(), dtype=float64)
nll_grad  cost time: 3.1702380180358887
tf.Tensor(-10625.142204717602, shape=(), dtype=float64)
nll_grad  cost time: 3.4282186031341553
tf.Tensor(-10625.154702046333, shape=(), dtype=float64)
nll_grad  cost time: 3.224444627761841
tf.Tensor(-10625.164180216525, shape=(), dtype=float64)
nll_grad  cost time: 3.3507440090179443
tf.Tensor(-10625.17549863441, shape=(), dtype=float64)
nll_grad  cost time: 3.2173264026641846
tf.Tensor(-10625.190498374075, shape=(), dtype=float64)
nll_grad  cost time: 3.093470573425293
tf.Tensor(-10625.208913327231, shape=(), dtype=float64)
nll_grad  cost time: 3.0990798473358154
tf.Tensor(-10625.229630896989, shape=(), dtype=float64)
nll_grad  cost time: 3.060741901397705
tf.Tensor(-10625.248547436495, shape=(), dtype=float64)
nll_grad  cost time: 3.282818555831909
tf.Tensor(-10625.265851053555, shape=(), dtype=float64)
nll_grad  cost time: 3.273308515548706
tf.Tensor(-10625.280217036154, shape=(), dtype=float64)
nll_grad  cost time: 3.2841761112213135
tf.Tensor(-10625.290740689532, shape=(), dtype=float64)
nll_grad  cost time: 3.260854482650757
tf.Tensor(-10625.29977985598, shape=(), dtype=float64)
nll_grad  cost time: 3.249333381652832
tf.Tensor(-10625.307861186047, shape=(), dtype=float64)
nll_grad  cost time: 3.3080403804779053
tf.Tensor(-10625.317410187112, shape=(), dtype=float64)
nll_grad  cost time: 3.208871603012085
tf.Tensor(-10625.327745023482, shape=(), dtype=float64)
nll_grad  cost time: 3.198890209197998
tf.Tensor(-10625.338081319162, shape=(), dtype=float64)
nll_grad  cost time: 3.3407232761383057
tf.Tensor(-10625.3491717, shape=(), dtype=float64)
nll_grad  cost time: 3.275157928466797
tf.Tensor(-10625.36163812477, shape=(), dtype=float64)
nll_grad  cost time: 3.292450428009033
tf.Tensor(-10625.376153766985, shape=(), dtype=float64)
nll_grad  cost time: 3.36272931098938
tf.Tensor(-10625.390173596265, shape=(), dtype=float64)
nll_grad  cost time: 3.1491222381591797
tf.Tensor(-10625.40193360205, shape=(), dtype=float64)
nll_grad  cost time: 3.3092596530914307
tf.Tensor(-10625.41227812536, shape=(), dtype=float64)
nll_grad  cost time: 3.2971863746643066
tf.Tensor(-10625.42261017381, shape=(), dtype=float64)
nll_grad  cost time: 3.2684578895568848
tf.Tensor(-10625.43220794836, shape=(), dtype=float64)
nll_grad  cost time: 3.2278389930725098
tf.Tensor(-10625.44313671397, shape=(), dtype=float64)
nll_grad  cost time: 3.3874785900115967
tf.Tensor(-10625.456219702668, shape=(), dtype=float64)
nll_grad  cost time: 3.2936623096466064
tf.Tensor(-10625.467138777029, shape=(), dtype=float64)
nll_grad  cost time: 3.370800495147705
tf.Tensor(-10625.48132346684, shape=(), dtype=float64)
nll_grad  cost time: 3.5013880729675293
tf.Tensor(-10625.494404600948, shape=(), dtype=float64)
nll_grad  cost time: 3.3287439346313477
tf.Tensor(-10625.502456072267, shape=(), dtype=float64)
nll_grad  cost time: 3.213284730911255
tf.Tensor(-10625.512040206806, shape=(), dtype=float64)
nll_grad  cost time: 3.3082761764526367
tf.Tensor(-10625.521934371915, shape=(), dtype=float64)
nll_grad  cost time: 3.394791841506958
tf.Tensor(-10625.530283144122, shape=(), dtype=float64)
nll_grad  cost time: 3.298990249633789
tf.Tensor(-10625.538469969862, shape=(), dtype=float64)
nll_grad  cost time: 3.3031651973724365
tf.Tensor(-10625.54513126985, shape=(), dtype=float64)
nll_grad  cost time: 3.1990292072296143
tf.Tensor(-10625.553920717153, shape=(), dtype=float64)
nll_grad  cost time: 3.1077582836151123
tf.Tensor(-10625.562039641467, shape=(), dtype=float64)
nll_grad  cost time: 3.1560041904449463
tf.Tensor(-10625.571900730472, shape=(), dtype=float64)
nll_grad  cost time: 3.2622132301330566
tf.Tensor(-10625.583738875284, shape=(), dtype=float64)
nll_grad  cost time: 3.2409961223602295
tf.Tensor(-10625.59445760632, shape=(), dtype=float64)
nll_grad  cost time: 3.2110283374786377
tf.Tensor(-10625.605203197927, shape=(), dtype=float64)
nll_grad  cost time: 3.3696510791778564
tf.Tensor(-10625.615993241561, shape=(), dtype=float64)
nll_grad  cost time: 3.211688280105591
tf.Tensor(-10625.62663263503, shape=(), dtype=float64)
nll_grad  cost time: 3.133316993713379
tf.Tensor(-10625.633690640083, shape=(), dtype=float64)
nll_grad  cost time: 3.1349916458129883
tf.Tensor(-10625.640670405555, shape=(), dtype=float64)
nll_grad  cost time: 3.106100082397461
tf.Tensor(-10625.646208794606, shape=(), dtype=float64)
nll_grad  cost time: 3.2669479846954346
tf.Tensor(-10625.651906008781, shape=(), dtype=float64)
nll_grad  cost time: 3.3016128540039062
tf.Tensor(-10625.6587122528, shape=(), dtype=float64)
nll_grad  cost time: 3.408487558364868
tf.Tensor(-10625.662477427199, shape=(), dtype=float64)
nll_grad  cost time: 3.281684398651123
tf.Tensor(-10625.667843914365, shape=(), dtype=float64)
nll_grad  cost time: 3.202242612838745
tf.Tensor(-10625.674206771968, shape=(), dtype=float64)
nll_grad  cost time: 3.2774298191070557
tf.Tensor(-10625.678355893593, shape=(), dtype=float64)
nll_grad  cost time: 3.3302550315856934
tf.Tensor(-10625.682985013467, shape=(), dtype=float64)
nll_grad  cost time: 3.462909460067749
tf.Tensor(-10625.68795652828, shape=(), dtype=float64)
nll_grad  cost time: 3.300966739654541
tf.Tensor(-10625.69172564731, shape=(), dtype=float64)
nll_grad  cost time: 3.2532877922058105
tf.Tensor(-10625.6954028006, shape=(), dtype=float64)
nll_grad  cost time: 3.3592634201049805
tf.Tensor(-10625.699014506099, shape=(), dtype=float64)
nll_grad  cost time: 3.291754961013794
tf.Tensor(-10625.701995228708, shape=(), dtype=float64)
nll_grad  cost time: 3.247903823852539
tf.Tensor(-10625.704776316896, shape=(), dtype=float64)
nll_grad  cost time: 3.164395332336426
tf.Tensor(-10625.70735962774, shape=(), dtype=float64)
nll_grad  cost time: 3.1313605308532715
tf.Tensor(-10625.709241462348, shape=(), dtype=float64)
nll_grad  cost time: 3.180406332015991
tf.Tensor(-10625.711570416272, shape=(), dtype=float64)
nll_grad  cost time: 3.221766948699951
tf.Tensor(-10625.71458290286, shape=(), dtype=float64)
nll_grad  cost time: 3.228778123855591
tf.Tensor(-10625.716753800785, shape=(), dtype=float64)
nll_grad  cost time: 3.192744493484497
tf.Tensor(-10625.719939320617, shape=(), dtype=float64)
nll_grad  cost time: 3.4538629055023193
tf.Tensor(-10625.72293252821, shape=(), dtype=float64)
nll_grad  cost time: 3.412642478942871
tf.Tensor(-10625.724974593875, shape=(), dtype=float64)
nll_grad  cost time: 3.254021406173706
tf.Tensor(-10625.727160457704, shape=(), dtype=float64)
nll_grad  cost time: 3.258288621902466
tf.Tensor(-10625.729241888657, shape=(), dtype=float64)
nll_grad  cost time: 3.054293632507324
tf.Tensor(-10625.731227511897, shape=(), dtype=float64)
nll_grad  cost time: 2.964418888092041
tf.Tensor(-10625.73329820735, shape=(), dtype=float64)
nll_grad  cost time: 3.347317695617676
tf.Tensor(-10625.736060037802, shape=(), dtype=float64)
nll_grad  cost time: 3.2840723991394043
tf.Tensor(-10625.74010797443, shape=(), dtype=float64)
nll_grad  cost time: 3.168952226638794
tf.Tensor(-10625.7455244245, shape=(), dtype=float64)
nll_grad  cost time: 3.3417036533355713
tf.Tensor(-10625.750924930879, shape=(), dtype=float64)
nll_grad  cost time: 3.099330186843872
tf.Tensor(-10625.75519822698, shape=(), dtype=float64)
nll_grad  cost time: 3.378056049346924
tf.Tensor(-10625.758965529523, shape=(), dtype=float64)
nll_grad  cost time: 3.2022063732147217
tf.Tensor(-10625.763229893142, shape=(), dtype=float64)
nll_grad  cost time: 3.2352283000946045
tf.Tensor(-10625.767039885519, shape=(), dtype=float64)
nll_grad  cost time: 3.224339723587036
tf.Tensor(-10625.770841272868, shape=(), dtype=float64)
nll_grad  cost time: 3.2740731239318848
tf.Tensor(-10625.774176681014, shape=(), dtype=float64)
nll_grad  cost time: 3.251030445098877
tf.Tensor(-10625.776856880599, shape=(), dtype=float64)
nll_grad  cost time: 3.607045888900757
tf.Tensor(-10625.778996329464, shape=(), dtype=float64)
nll_grad  cost time: 3.528398275375366
tf.Tensor(-10625.780729255443, shape=(), dtype=float64)
nll_grad  cost time: 3.352637767791748
tf.Tensor(-10625.782455969973, shape=(), dtype=float64)
nll_grad  cost time: 3.213446617126465
tf.Tensor(-10625.784306903843, shape=(), dtype=float64)
nll_grad  cost time: 3.2263262271881104
tf.Tensor(-10625.786262258116, shape=(), dtype=float64)
nll_grad  cost time: 3.2049789428710938
tf.Tensor(-10625.787984260809, shape=(), dtype=float64)
nll_grad  cost time: 3.1997246742248535
tf.Tensor(-10625.789245488682, shape=(), dtype=float64)
nll_grad  cost time: 3.376311779022217
tf.Tensor(-10625.7901547816, shape=(), dtype=float64)
nll_grad  cost time: 3.2049953937530518
tf.Tensor(-10625.790956130091, shape=(), dtype=float64)
nll_grad  cost time: 3.097379446029663
tf.Tensor(-10625.79183745473, shape=(), dtype=float64)
nll_grad  cost time: 3.3008010387420654
tf.Tensor(-10625.79305148992, shape=(), dtype=float64)
nll_grad  cost time: 3.2641165256500244
tf.Tensor(-10625.79452490859, shape=(), dtype=float64)
nll_grad  cost time: 3.211764097213745
tf.Tensor(-10625.796506317907, shape=(), dtype=float64)
nll_grad  cost time: 3.2366647720336914
tf.Tensor(-10625.7983618508, shape=(), dtype=float64)
nll_grad  cost time: 3.1591196060180664
tf.Tensor(-10625.799866889814, shape=(), dtype=float64)
nll_grad  cost time: 3.205512285232544
tf.Tensor(-10625.80109853881, shape=(), dtype=float64)
nll_grad  cost time: 3.225782632827759
tf.Tensor(-10625.802322363139, shape=(), dtype=float64)
nll_grad  cost time: 3.4369685649871826
tf.Tensor(-10625.80369349289, shape=(), dtype=float64)
nll_grad  cost time: 3.2956416606903076
tf.Tensor(-10625.805217948044, shape=(), dtype=float64)
nll_grad  cost time: 3.264376640319824
tf.Tensor(-10625.806793424708, shape=(), dtype=float64)
nll_grad  cost time: 3.3595526218414307
tf.Tensor(-10625.808405092313, shape=(), dtype=float64)
nll_grad  cost time: 3.069149971008301
tf.Tensor(-10625.809857302178, shape=(), dtype=float64)
nll_grad  cost time: 3.18668532371521
tf.Tensor(-10625.811001710885, shape=(), dtype=float64)
nll_grad  cost time: 3.1629841327667236
tf.Tensor(-10625.811906591545, shape=(), dtype=float64)
nll_grad  cost time: 3.294826030731201
tf.Tensor(-10625.812762462665, shape=(), dtype=float64)
nll_grad  cost time: 3.0744948387145996
tf.Tensor(-10625.813703537046, shape=(), dtype=float64)
nll_grad  cost time: 3.4634320735931396
tf.Tensor(-10625.814631183559, shape=(), dtype=float64)
nll_grad  cost time: 3.286883592605591
tf.Tensor(-10625.815414943805, shape=(), dtype=float64)
nll_grad  cost time: 3.357006549835205
tf.Tensor(-10625.815973127617, shape=(), dtype=float64)
nll_grad  cost time: 3.291470527648926
tf.Tensor(-10625.816390944616, shape=(), dtype=float64)
nll_grad  cost time: 3.4594297409057617
tf.Tensor(-10625.816830771917, shape=(), dtype=float64)
nll_grad  cost time: 3.306884765625
tf.Tensor(-10625.817441987296, shape=(), dtype=float64)
nll_grad  cost time: 3.2952051162719727
tf.Tensor(-10625.818292199321, shape=(), dtype=float64)
nll_grad  cost time: 3.2344765663146973
tf.Tensor(-10625.819297438728, shape=(), dtype=float64)
nll_grad  cost time: 3.1889846324920654
tf.Tensor(-10625.82036021036, shape=(), dtype=float64)
nll_grad  cost time: 3.236492872238159
tf.Tensor(-10625.821517826014, shape=(), dtype=float64)
nll_grad  cost time: 3.2138054370880127
tf.Tensor(-10625.822930115006, shape=(), dtype=float64)
nll_grad  cost time: 3.1461102962493896
tf.Tensor(-10625.824638512298, shape=(), dtype=float64)
nll_grad  cost time: 3.37390398979187
tf.Tensor(-10625.826481657401, shape=(), dtype=float64)
nll_grad  cost time: 3.2832491397857666
tf.Tensor(-10625.828133632975, shape=(), dtype=float64)
nll_grad  cost time: 3.3292675018310547
tf.Tensor(-10625.829464965536, shape=(), dtype=float64)
nll_grad  cost time: 3.1005327701568604
tf.Tensor(-10625.83055983296, shape=(), dtype=float64)
nll_grad  cost time: 3.2371199131011963
tf.Tensor(-10625.83158469497, shape=(), dtype=float64)
nll_grad  cost time: 3.204606294631958
tf.Tensor(-10625.83261758474, shape=(), dtype=float64)
nll_grad  cost time: 3.5786519050598145
tf.Tensor(-10625.833728989688, shape=(), dtype=float64)
nll_grad  cost time: 3.419036626815796
tf.Tensor(-10625.835066613326, shape=(), dtype=float64)
nll_grad  cost time: 3.2796361446380615
tf.Tensor(-10625.836409479394, shape=(), dtype=float64)
nll_grad  cost time: 3.3517889976501465
tf.Tensor(-10625.837502142116, shape=(), dtype=float64)
nll_grad  cost time: 3.306623697280884
tf.Tensor(-10625.83828647578, shape=(), dtype=float64)
nll_grad  cost time: 3.321798086166382
tf.Tensor(-10625.838991213946, shape=(), dtype=float64)
nll_grad  cost time: 3.318589687347412
tf.Tensor(-10625.839701259472, shape=(), dtype=float64)
nll_grad  cost time: 3.163728952407837
tf.Tensor(-10625.84025188267, shape=(), dtype=float64)
nll_grad  cost time: 3.3099255561828613
tf.Tensor(-10625.840604150595, shape=(), dtype=float64)
nll_grad  cost time: 3.3615622520446777
tf.Tensor(-10625.840849717519, shape=(), dtype=float64)
nll_grad  cost time: 3.2063145637512207
tf.Tensor(-10625.84108124808, shape=(), dtype=float64)
nll_grad  cost time: 3.294797420501709
tf.Tensor(-10625.841314910722, shape=(), dtype=float64)
nll_grad  cost time: 3.2493884563446045
tf.Tensor(-10625.841526745018, shape=(), dtype=float64)
nll_grad  cost time: 3.1080594062805176
tf.Tensor(-10625.84171318412, shape=(), dtype=float64)
nll_grad  cost time: 3.3545796871185303
tf.Tensor(-10625.841914273304, shape=(), dtype=float64)
nll_grad  cost time: 3.1568682193756104
tf.Tensor(-10625.842171448407, shape=(), dtype=float64)
nll_grad  cost time: 3.2228314876556396
tf.Tensor(-10625.842474338344, shape=(), dtype=float64)
nll_grad  cost time: 3.3057305812835693
tf.Tensor(-10625.842763610446, shape=(), dtype=float64)
nll_grad  cost time: 3.4072208404541016
tf.Tensor(-10625.843012971854, shape=(), dtype=float64)
nll_grad  cost time: 3.1198270320892334
tf.Tensor(-10625.843247257922, shape=(), dtype=float64)
nll_grad  cost time: 3.1405739784240723
tf.Tensor(-10625.8435086725, shape=(), dtype=float64)
nll_grad  cost time: 3.3412134647369385
tf.Tensor(-10625.843795710796, shape=(), dtype=float64)
nll_grad  cost time: 3.330091953277588
tf.Tensor(-10625.844075683788, shape=(), dtype=float64)
nll_grad  cost time: 3.2585196495056152
tf.Tensor(-10625.84433239499, shape=(), dtype=float64)
nll_grad  cost time: 3.267853260040283
tf.Tensor(-10625.844603934107, shape=(), dtype=float64)
nll_grad  cost time: 3.1305992603302
tf.Tensor(-10625.844934704568, shape=(), dtype=float64)
nll_grad  cost time: 3.1680586338043213
tf.Tensor(-10625.845319498636, shape=(), dtype=float64)
nll_grad  cost time: 3.2206320762634277
tf.Tensor(-10625.845683640924, shape=(), dtype=float64)
nll_grad  cost time: 3.286964178085327
tf.Tensor(-10625.845947706031, shape=(), dtype=float64)
nll_grad  cost time: 3.255293846130371
tf.Tensor(-10625.846118872207, shape=(), dtype=float64)
nll_grad  cost time: 3.2619314193725586
tf.Tensor(-10625.846266468856, shape=(), dtype=float64)
nll_grad  cost time: 3.272409677505493
tf.Tensor(-10625.846457423671, shape=(), dtype=float64)
nll_grad  cost time: 3.1473336219787598
tf.Tensor(-10625.846733570288, shape=(), dtype=float64)
nll_grad  cost time: 3.2329440116882324
tf.Tensor(-10625.847082861146, shape=(), dtype=float64)
nll_grad  cost time: 3.3327414989471436
tf.Tensor(-10625.847430979455, shape=(), dtype=float64)
nll_grad  cost time: 3.195594310760498
tf.Tensor(-10625.847738341465, shape=(), dtype=float64)
nll_grad  cost time: 3.258065938949585
tf.Tensor(-10625.84805755951, shape=(), dtype=float64)
nll_grad  cost time: 3.3310887813568115
tf.Tensor(-10625.84848375999, shape=(), dtype=float64)
nll_grad  cost time: 3.2192888259887695
tf.Tensor(-10625.849032163656, shape=(), dtype=float64)
nll_grad  cost time: 3.2868072986602783
tf.Tensor(-10625.849545108947, shape=(), dtype=float64)
nll_grad  cost time: 3.224921941757202
tf.Tensor(-10625.849915795414, shape=(), dtype=float64)
nll_grad  cost time: 3.0573816299438477
tf.Tensor(-10625.850217983381, shape=(), dtype=float64)
nll_grad  cost time: 3.2414162158966064
tf.Tensor(-10625.850583992731, shape=(), dtype=float64)
nll_grad  cost time: 3.174534797668457
tf.Tensor(-10625.851012624706, shape=(), dtype=float64)
nll_grad  cost time: 3.1098949909210205
tf.Tensor(-10625.851412105512, shape=(), dtype=float64)
nll_grad  cost time: 3.225548505783081
tf.Tensor(-10625.851681652275, shape=(), dtype=float64)
nll_grad  cost time: 3.3002634048461914
tf.Tensor(-10625.851848898783, shape=(), dtype=float64)
nll_grad  cost time: 3.289344549179077
tf.Tensor(-10625.851961733453, shape=(), dtype=float64)
nll_grad  cost time: 3.1833226680755615
tf.Tensor(-10625.852065902487, shape=(), dtype=float64)
nll_grad  cost time: 3.366820812225342
tf.Tensor(-10625.85218595856, shape=(), dtype=float64)
nll_grad  cost time: 3.1994664669036865
tf.Tensor(-10625.852368538202, shape=(), dtype=float64)
nll_grad  cost time: 3.2971932888031006
tf.Tensor(-10625.852635293217, shape=(), dtype=float64)
nll_grad  cost time: 3.288003921508789
tf.Tensor(-10625.852928345572, shape=(), dtype=float64)
nll_grad  cost time: 3.2242226600646973
tf.Tensor(-10625.85312555026, shape=(), dtype=float64)
nll_grad  cost time: 3.350933790206909
tf.Tensor(-10625.853213369264, shape=(), dtype=float64)
nll_grad  cost time: 3.4458022117614746
tf.Tensor(-10625.853266827115, shape=(), dtype=float64)
nll_grad  cost time: 3.26120662689209
tf.Tensor(-10625.85334349017, shape=(), dtype=float64)
nll_grad  cost time: 3.371687650680542
tf.Tensor(-10625.853468090354, shape=(), dtype=float64)
nll_grad  cost time: 3.4142632484436035
tf.Tensor(-10625.853673041638, shape=(), dtype=float64)
nll_grad  cost time: 3.3765432834625244
tf.Tensor(-10625.853994445832, shape=(), dtype=float64)
nll_grad  cost time: 3.245084762573242
tf.Tensor(-10625.854388671723, shape=(), dtype=float64)
nll_grad  cost time: 3.275104284286499
tf.Tensor(-10625.854633502742, shape=(), dtype=float64)
nll_grad  cost time: 3.373203992843628
tf.Tensor(-10625.854799521105, shape=(), dtype=float64)
nll_grad  cost time: 3.251804828643799
tf.Tensor(-10625.854878036342, shape=(), dtype=float64)
nll_grad  cost time: 3.2344884872436523
tf.Tensor(-10625.854943675244, shape=(), dtype=float64)
nll_grad  cost time: 3.219820737838745
tf.Tensor(-10625.855014195891, shape=(), dtype=float64)
nll_grad  cost time: 3.2746572494506836
tf.Tensor(-10625.855065226235, shape=(), dtype=float64)
nll_grad  cost time: 3.2791695594787598
tf.Tensor(-10625.855102420486, shape=(), dtype=float64)
nll_grad  cost time: 3.2755677700042725
tf.Tensor(-10625.85514032183, shape=(), dtype=float64)
nll_grad  cost time: 3.2362515926361084
tf.Tensor(-10625.855197928715, shape=(), dtype=float64)
nll_grad  cost time: 3.2976620197296143
tf.Tensor(-10625.855288357983, shape=(), dtype=float64)
nll_grad  cost time: 3.640970230102539
tf.Tensor(-10625.85543078775, shape=(), dtype=float64)
nll_grad  cost time: 3.112565040588379
tf.Tensor(-10625.855646611606, shape=(), dtype=float64)
nll_grad  cost time: 3.403637409210205
tf.Tensor(-10625.855894148059, shape=(), dtype=float64)
nll_grad  cost time: 3.3667960166931152
tf.Tensor(-10625.856100119665, shape=(), dtype=float64)
nll_grad  cost time: 3.2607409954071045
tf.Tensor(-10625.85622311238, shape=(), dtype=float64)
nll_grad  cost time: 3.287874460220337
tf.Tensor(-10625.856282257817, shape=(), dtype=float64)
nll_grad  cost time: 3.2449285984039307
tf.Tensor(-10625.85632381971, shape=(), dtype=float64)
nll_grad  cost time: 3.0594444274902344
tf.Tensor(-10625.856383252569, shape=(), dtype=float64)
nll_grad  cost time: 3.293156385421753
tf.Tensor(-10625.856481750685, shape=(), dtype=float64)
nll_grad  cost time: 3.4261722564697266
tf.Tensor(-10625.85665166709, shape=(), dtype=float64)
nll_grad  cost time: 3.133859157562256
tf.Tensor(-10625.856947786393, shape=(), dtype=float64)
nll_grad  cost time: 3.22764253616333
tf.Tensor(-10625.857452650664, shape=(), dtype=float64)
nll_grad  cost time: 3.2782888412475586
tf.Tensor(-10625.858250357021, shape=(), dtype=float64)
nll_grad  cost time: 3.3149211406707764
tf.Tensor(-10625.85921951502, shape=(), dtype=float64)
nll_grad  cost time: 3.4342610836029053
tf.Tensor(-10625.859905306235, shape=(), dtype=float64)
nll_grad  cost time: 3.3393876552581787
tf.Tensor(-10625.860420500117, shape=(), dtype=float64)
nll_grad  cost time: 3.15508770942688
tf.Tensor(-10625.860512210384, shape=(), dtype=float64)
nll_grad  cost time: 3.1801271438598633
nll_grad  cost time: 3.281707525253296
tf.Tensor(-10625.860544909992, shape=(), dtype=float64)
nll_grad  cost time: 3.279719114303589
tf.Tensor(-10625.860567447344, shape=(), dtype=float64)
nll_grad  cost time: 3.3017377853393555
tf.Tensor(-10625.860592099925, shape=(), dtype=float64)
nll_grad  cost time: 3.2924602031707764
tf.Tensor(-10625.860604565372, shape=(), dtype=float64)
nll_grad  cost time: 3.184235095977783
tf.Tensor(-10625.860620970896, shape=(), dtype=float64)
nll_grad  cost time: 3.4432191848754883
tf.Tensor(-10625.860641749961, shape=(), dtype=float64)
nll_grad  cost time: 3.246133327484131
tf.Tensor(-10625.860673387637, shape=(), dtype=float64)
nll_grad  cost time: 3.190009593963623
tf.Tensor(-10625.860717097887, shape=(), dtype=float64)
nll_grad  cost time: 3.1839749813079834
tf.Tensor(-10625.860760400887, shape=(), dtype=float64)
nll_grad  cost time: 3.248262882232666
tf.Tensor(-10625.860796000925, shape=(), dtype=float64)
nll_grad  cost time: 3.2344863414764404
tf.Tensor(-10625.860810871789, shape=(), dtype=float64)
nll_grad  cost time: 3.1073250770568848
tf.Tensor(-10625.860814926738, shape=(), dtype=float64)
nll_grad  cost time: 3.36963152885437
tf.Tensor(-10625.86081617546, shape=(), dtype=float64)
nll_grad  cost time: 3.0893702507019043
tf.Tensor(-10625.86081682772, shape=(), dtype=float64)
nll_grad  cost time: 3.2282907962799072
tf.Tensor(-10625.860817814784, shape=(), dtype=float64)
nll_grad  cost time: 3.2601613998413086
tf.Tensor(-10625.860819400768, shape=(), dtype=float64)
nll_grad  cost time: 3.268540620803833
tf.Tensor(-10625.860822113616, shape=(), dtype=float64)
nll_grad  cost time: 3.235384941101074
tf.Tensor(-10625.86082691831, shape=(), dtype=float64)
nll_grad  cost time: 3.239823818206787
tf.Tensor(-10625.860835499887, shape=(), dtype=float64)
nll_grad  cost time: 3.3196921348571777
tf.Tensor(-10625.860850610276, shape=(), dtype=float64)
nll_grad  cost time: 3.1911492347717285
tf.Tensor(-10625.86087601923, shape=(), dtype=float64)
nll_grad  cost time: 3.5161550045013428
tf.Tensor(-10625.860913922428, shape=(), dtype=float64)
nll_grad  cost time: 3.4542455673217773
tf.Tensor(-10625.860946464105, shape=(), dtype=float64)
nll_grad  cost time: 3.361737012863159
tf.Tensor(-10625.86096741572, shape=(), dtype=float64)
nll_grad  cost time: 3.2510151863098145
tf.Tensor(-10625.860975689175, shape=(), dtype=float64)
nll_grad  cost time: 3.182777166366577
tf.Tensor(-10625.860976608863, shape=(), dtype=float64)
nll_grad  cost time: 3.258375644683838
tf.Tensor(-10625.860976727548, shape=(), dtype=float64)
nll_grad  cost time: 3.1853504180908203
tf.Tensor(-10625.860976876305, shape=(), dtype=float64)
nll_grad  cost time: 3.1599972248077393
tf.Tensor(-10625.86097712323, shape=(), dtype=float64)
nll_grad  cost time: 3.153080940246582
tf.Tensor(-10625.860977546843, shape=(), dtype=float64)
nll_grad  cost time: 3.1398329734802246
tf.Tensor(-10625.860978288241, shape=(), dtype=float64)
nll_grad  cost time: 3.1300547122955322
tf.Tensor(-10625.86097960009, shape=(), dtype=float64)
nll_grad  cost time: 3.349886655807495
tf.Tensor(-10625.860981930222, shape=(), dtype=float64)
nll_grad  cost time: 3.3879919052124023
tf.Tensor(-10625.860986058411, shape=(), dtype=float64)
nll_grad  cost time: 3.2199134826660156
tf.Tensor(-10625.860993305178, shape=(), dtype=float64)
nll_grad  cost time: 3.29907488822937
tf.Tensor(-10625.861005804552, shape=(), dtype=float64)
nll_grad  cost time: 3.2588958740234375
tf.Tensor(-10625.861026692037, shape=(), dtype=float64)
nll_grad  cost time: 3.3096516132354736
tf.Tensor(-10625.861059457086, shape=(), dtype=float64)
nll_grad  cost time: 3.2773892879486084
tf.Tensor(-10625.861101265684, shape=(), dtype=float64)
nll_grad  cost time: 3.2007462978363037
tf.Tensor(-10625.861134550374, shape=(), dtype=float64)
nll_grad  cost time: 3.0583248138427734
tf.Tensor(-10625.861155292463, shape=(), dtype=float64)
nll_grad  cost time: 3.1007556915283203
tf.Tensor(-10625.86115915452, shape=(), dtype=float64)
nll_grad  cost time: 3.3091230392456055
tf.Tensor(-10625.861159588909, shape=(), dtype=float64)
nll_grad  cost time: 3.204071044921875
tf.Tensor(-10625.861159793392, shape=(), dtype=float64)
nll_grad  cost time: 3.1476097106933594
tf.Tensor(-10625.861159817083, shape=(), dtype=float64)
nll_grad  cost time: 3.116623878479004
tf.Tensor(-10625.861159824773, shape=(), dtype=float64)
nll_grad  cost time: 3.386854410171509
tf.Tensor(-10625.861159825618, shape=(), dtype=float64)
Optimization terminated successfully.
         Current function value: -10625.861160
         Iterations: 593
         Function evaluations: 607
         Gradient evaluations: 607
  message: Optimization terminated successfully.
  success: True
   status: 0
      fun: -10625.861159825618
        x: [ 4.323e-01  2.456e+00 ... -1.156e+00  7.881e+00]
      nit: 593
      jac: [ 0.000e+00  0.000e+00 ...  5.660e-05  6.102e-05]
 hess_inv: [[ 1.000e+00  0.000e+00 ...  0.000e+00  0.000e+00]
            [ 0.000e+00  1.000e+00 ...  0.000e+00  0.000e+00]
            ...
            [ 0.000e+00  0.000e+00 ...  3.158e-01 -1.266e-01]
            [ 0.000e+00  0.000e+00 ... -1.266e-01  3.156e-01]]
     nfev: 607
     njev: 607
fit  cost time: 1978.8301088809967
{
  "rho(1450)p_mass": 1.51,
  "rho(1450)p_width": 0.44,
  "rho(1570)p_mass": 1.57,
  "rho(1570)p_width": 0.14,
  "rho(1690)p_mass": 1.681,
  "rho(1690)p_width": 0.19,
  "rho(1450)m_mass": 1.51,
  "rho(1450)m_width": 0.44,
  "rho(1570)m_mass": 1.57,
  "rho(1570)m_width": 0.14,
  "rho(1690)m_mass": 1.681,
  "rho(1690)m_width": 0.19,
  "f0(500)_E791_mass": 0.478,
  "f2(1270)_flatte_mass": 1.2754,
  "f2(1270)_flatte_g_0": 0.32842913242385574,
  "f2(1270)_flatte_g_1": 0.7878415241642601,
  "f0(1370)_mass": 1.37,
  "f0(1370)_width": 0.35,
  "f0(1500)_flatte_mass": 1.522,
  "f0(1500)_flatte_g_0": 0.04780587415813415,
  "f0(1500)_flatte_g_1": 2.0441730831658216,
  "f2(1430)_mass": 1.43,
  "f2(1430)_width": 0.046,
  "Jpsi->rho(1450)p.pimrho(1450)p->phi.pip_total_0r": 1.0,
  "Jpsi->rho(1450)p.pimrho(1450)p->phi.pip_total_0i": 0.0,
  "Jpsi->rho(1450)p.pim_g_ls_0r": 1.0,
  "Jpsi->rho(1450)p.pim_g_ls_0i": 0.0,
  "rho(1450)p->phi.pip_g_ls_0r": 1.0,
  "rho(1450)p->phi.pip_g_ls_0i": 0.0,
  "Jpsi->rho(1570)p.pimrho(1570)p->phi.pip_total_0r": 0.31409568188872566,
  "Jpsi->rho(1570)p.pimrho(1570)p->phi.pip_total_0i": 0.5776978770898986,
  "Jpsi->rho(1570)p.pim_g_ls_0r": 1.0,
  "Jpsi->rho(1570)p.pim_g_ls_0i": 0.0,
  "rho(1570)p->phi.pip_g_ls_0r": 1.0,
  "rho(1570)p->phi.pip_g_ls_0i": 0.0,
  "Jpsi->rho(1690)p.pimrho(1690)p->phi.pip_total_0r": 1.1540919335516022,
  "Jpsi->rho(1690)p.pimrho(1690)p->phi.pip_total_0i": -0.5164365100847329,
  "Jpsi->rho(1690)p.pim_g_ls_0r": 1.0,
  "Jpsi->rho(1690)p.pim_g_ls_0i": 0.0,
  "rho(1690)p->phi.pip_g_ls_0r": 1.0,
  "rho(1690)p->phi.pip_g_ls_0i": 0.0,
  "Jpsi->rho(1450)m.piprho(1450)m->phi.pim_total_0r": 1.0,
  "Jpsi->rho(1450)m.piprho(1450)m->phi.pim_total_0i": 0.0,
  "Jpsi->rho(1450)m.pip_g_ls_0r": 1.0,
  "Jpsi->rho(1450)m.pip_g_ls_0i": 0.0,
  "rho(1450)m->phi.pim_g_ls_0r": 1.0,
  "rho(1450)m->phi.pim_g_ls_0i": 0.0,
  "Jpsi->rho(1570)m.piprho(1570)m->phi.pim_total_0r": 0.31409568188872566,
  "Jpsi->rho(1570)m.piprho(1570)m->phi.pim_total_0i": 0.5776978770898986,
  "Jpsi->rho(1570)m.pip_g_ls_0r": 1.0,
  "Jpsi->rho(1570)m.pip_g_ls_0i": 0.0,
  "rho(1570)m->phi.pim_g_ls_0r": 1.0,
  "rho(1570)m->phi.pim_g_ls_0i": 0.0,
  "Jpsi->rho(1690)m.piprho(1690)m->phi.pim_total_0r": 1.1540919335516022,
  "Jpsi->rho(1690)m.piprho(1690)m->phi.pim_total_0i": -0.5164365100847329,
  "Jpsi->rho(1690)m.pip_g_ls_0r": 1.0,
  "Jpsi->rho(1690)m.pip_g_ls_0i": 0.0,
  "rho(1690)m->phi.pim_g_ls_0r": 1.0,
  "rho(1690)m->phi.pim_g_ls_0i": 0.0,
  "Jpsi->phi.f0(500)_E791f0(500)_E791->pip.pim_total_0r": 2.1859366638691826,
  "Jpsi->phi.f0(500)_E791f0(500)_E791->pip.pim_total_0i": 3.105038414868874,
  "Jpsi->phi.f0(500)_E791_g_ls_0r": 1.0,
  "Jpsi->phi.f0(500)_E791_g_ls_0i": 0.0,
  "Jpsi->phi.f0(500)_E791_g_ls_1r": 0.4511721333091509,
  "Jpsi->phi.f0(500)_E791_g_ls_1i": -2.364842595976638,
  "f0(500)_E791->pip.pim_g_ls_0r": 1.0,
  "f0(500)_E791->pip.pim_g_ls_0i": 0.0,
  "Jpsi->phi.f0(980)_flattef0(980)_flatte->pip.pim_total_0r": 2.968821459920556,
  "Jpsi->phi.f0(980)_flattef0(980)_flatte->pip.pim_total_0i": 0.4594187344625218,
  "f0(980)_flatte->pip.pim_g_ls_0r": 1.0,
  "f0(980)_flatte->pip.pim_g_ls_0i": 0.0,
  "Jpsi->phi.f2(1270)_flattef2(1270)_flatte->pip.pim_total_0r": 0.5924197406697627,
  "Jpsi->phi.f2(1270)_flattef2(1270)_flatte->pip.pim_total_0i": -1.5036792365105631,
  "Jpsi->phi.f2(1270)_flatte_g_ls_0r": 1.0,
  "Jpsi->phi.f2(1270)_flatte_g_ls_0i": 0.0,
  "Jpsi->phi.f2(1270)_flatte_g_ls_1r": 4.34250534960918,
  "Jpsi->phi.f2(1270)_flatte_g_ls_1i": -1.2101597021533985,
  "Jpsi->phi.f2(1270)_flatte_g_ls_2r": 5.790273557540724,
  "Jpsi->phi.f2(1270)_flatte_g_ls_2i": 1.6129572024362169,
  "Jpsi->phi.f2(1270)_flatte_g_ls_3r": 1.8963444854088327,
  "Jpsi->phi.f2(1270)_flatte_g_ls_3i": -2.811060664810885,
  "Jpsi->phi.f2(1270)_flatte_g_ls_4r": 2.7664965565794253,
  "Jpsi->phi.f2(1270)_flatte_g_ls_4i": 1.857490414027879,
  "f2(1270)_flatte->pip.pim_g_ls_0r": 1.0,
  "f2(1270)_flatte->pip.pim_g_ls_0i": 0.0,
  "Jpsi->phi.f0(1370)f0(1370)->pip.pim_total_0r": 1.3782428192328993,
  "Jpsi->phi.f0(1370)f0(1370)->pip.pim_total_0i": 0.8024577803141257,
  "Jpsi->phi.f0(1370)_g_ls_0r": 1.0,
  "Jpsi->phi.f0(1370)_g_ls_0i": 0.0,
  "Jpsi->phi.f0(1370)_g_ls_1r": 0.1776912764732955,
  "Jpsi->phi.f0(1370)_g_ls_1i": 1.071343913968466,
  "f0(1370)->pip.pim_g_ls_0r": 1.0,
  "f0(1370)->pip.pim_g_ls_0i": 0.0,
  "Jpsi->phi.f0(1500)_flattef0(1500)_flatte->pip.pim_total_0r": 1.7083066489307568,
  "Jpsi->phi.f0(1500)_flattef0(1500)_flatte->pip.pim_total_0i": 2.0196931236205033,
  "Jpsi->phi.f0(1500)_flatte_g_ls_0r": 1.0,
  "Jpsi->phi.f0(1500)_flatte_g_ls_0i": 0.0,
  "Jpsi->phi.f0(1500)_flatte_g_ls_1r": 0.3692080200917723,
  "Jpsi->phi.f0(1500)_flatte_g_ls_1i": -0.4300447980527178,
  "f0(1500)_flatte->pip.pim_g_ls_0r": 1.0,
  "f0(1500)_flatte->pip.pim_g_ls_0i": 0.0,
  "Jpsi->phi.f0(1710)f0(1710)->pip.pim_total_0r": 0.8663137549654453,
  "Jpsi->phi.f0(1710)f0(1710)->pip.pim_total_0i": 0.16794046125297157,
  "f0(1710)->pip.pim_g_ls_0r": 1.0,
  "f0(1710)->pip.pim_g_ls_0i": 0.0,
  "Jpsi->phi.f2(1430)f2(1430)->pip.pim_total_0r": 0.13880130009036376,
  "Jpsi->phi.f2(1430)f2(1430)->pip.pim_total_0i": 1.3473309655968055,
  "Jpsi->phi.f2(1430)_g_ls_0r": 1.0,
  "Jpsi->phi.f2(1430)_g_ls_0i": 0.0,
  "Jpsi->phi.f2(1430)_g_ls_1r": 1.8574117308568394,
  "Jpsi->phi.f2(1430)_g_ls_1i": 0.2581867438884209,
  "Jpsi->phi.f2(1430)_g_ls_2r": 1.4859518246993824,
  "Jpsi->phi.f2(1430)_g_ls_2i": 2.967077403480519,
  "Jpsi->phi.f2(1430)_g_ls_3r": 1.5829560231984392,
  "Jpsi->phi.f2(1430)_g_ls_3i": 1.031578311670419,
  "Jpsi->phi.f2(1430)_g_ls_4r": 1.4522936818265435,
  "Jpsi->phi.f2(1430)_g_ls_4i": -0.03802307339364219,
  "f2(1430)->pip.pim_g_ls_0r": 1.0,
  "f2(1430)->pip.pim_g_ls_0i": 0.0,
  "Jpsi->phi.NR_pipi_0.NR_pipi_0.->pip.pim_total_0r": 0.19673984204865025,
  "Jpsi->phi.NR_pipi_0.NR_pipi_0.->pip.pim_total_0i": 0.49345923154162996,
  "Jpsi->phi.NR_pipi_0._g_ls_0r": 1.0,
  "Jpsi->phi.NR_pipi_0._g_ls_0i": 0.0,
  "Jpsi->phi.NR_pipi_0._g_ls_1r": 2.3632239000702624,
  "Jpsi->phi.NR_pipi_0._g_ls_1i": 2.459416111414031,
  "NR_pipi_0.->pip.pim_g_ls_0r": 1.0,
  "NR_pipi_0.->pip.pim_g_ls_0i": 0.0,
  "K1(1400)p_mass": 1.403,
  "K1(1400)p_width": 0.174,
  "K2(1820)p_mass": 1.819,
  "K2(1820)p_width": 0.264,
  "K2(1980)p_mass": 1.99,
  "K2(1980)p_width": 0.348,
  "K2(2250)p_mass": 2.247,
  "K2(2250)p_width": 0.18,
  "K3(2320)p_mass": 2.324,
  "K3(2320)p_width": 0.15,
  "K1(1400)m_mass": 1.403,
  "K1(1400)m_width": 0.174,
  "K2(1820)m_mass": 1.819,
  "K2(1820)m_width": 0.264,
  "K2(1980)m_mass": 1.99,
  "K2(1980)m_width": 0.348,
  "K3(2320)m_mass": 2.324,
  "K3(2320)m_width": 0.15,
  "f0(980)_flatte_mass": 0.965,
  "f0(980)_flatte_g_0": 0.35833233092988903,
  "f0(980)_flatte_g_1": 3.413209781356411,
  "f2(1270)_mass": 1.2754,
  "f2(1270)_width": 0.1858,
  "f0(1500)_mass": 1.522,
  "f0(1500)_width": 0.108,
  "f2(1525)_mass": 1.5173,
  "f2(1525)_width": 0.072,
  "f2(1565)_mass": 1.571,
  "f2(1565)_width": 0.132,
  "f0(1710)_mass": 1.733,
  "f0(1710)_width": 0.15,
  "f2(1810)_mass": 1.815,
  "f2(1810)_width": 0.197,
  "Jpsi->K1(1400)p.kmK1(1400)p->phi.kp_total_0r": 1.0,
  "Jpsi->K1(1400)p.kmK1(1400)p->phi.kp_total_0i": 0.0,
  "Jpsi->K1(1400)p.km_g_ls_0r": 1.0,
  "Jpsi->K1(1400)p.km_g_ls_0i": 0.0,
  "Jpsi->K1(1400)p.km_g_ls_1r": -0.4310578854371188,
  "Jpsi->K1(1400)p.km_g_ls_1i": 0.8538534452826393,
  "K1(1400)p->phi.kp_g_ls_0r": 1.0,
  "K1(1400)p->phi.kp_g_ls_0i": 0.0,
  "K1(1400)p->phi.kp_g_ls_1r": 0.4341483514685268,
  "K1(1400)p->phi.kp_g_ls_1i": 6.403685309989553,
  "Jpsi->K2(1820)p.kmK2(1820)p->phi.kp_total_0r": -0.32086925880507217,
  "Jpsi->K2(1820)p.kmK2(1820)p->phi.kp_total_0i": -4.960752965982271,
  "Jpsi->K2(1820)p.km_g_ls_0r": 1.0,
  "Jpsi->K2(1820)p.km_g_ls_0i": 0.0,
  "Jpsi->K2(1820)p.km_g_ls_1r": 0.891091222489724,
  "Jpsi->K2(1820)p.km_g_ls_1i": 0.8838020826033923,
  "K2(1820)p->phi.kp_g_ls_0r": 1.0,
  "K2(1820)p->phi.kp_g_ls_0i": 0.0,
  "K2(1820)p->phi.kp_g_ls_1r": 0.5566425802661602,
  "K2(1820)p->phi.kp_g_ls_1i": 4.520779521628097,
  "Jpsi->K2(1980)p.kmK2(1980)p->phi.kp_total_0r": 0.4822245820512229,
  "Jpsi->K2(1980)p.kmK2(1980)p->phi.kp_total_0i": 0.2016878325457085,
  "Jpsi->K2(1980)p.km_g_ls_0r": 1.0,
  "Jpsi->K2(1980)p.km_g_ls_0i": 0.0,
  "K2(1980)p->phi.kp_g_ls_0r": 1.0,
  "K2(1980)p->phi.kp_g_ls_0i": 0.0,
  "Jpsi->K2(2250)p.kmK2(2250)p->phi.kp_total_0r": 0.19554856151702704,
  "Jpsi->K2(2250)p.kmK2(2250)p->phi.kp_total_0i": 4.407751559532084,
  "Jpsi->K2(2250)p.km_g_ls_0r": 1.0,
  "Jpsi->K2(2250)p.km_g_ls_0i": 0.0,
  "Jpsi->K2(2250)p.km_g_ls_1r": 0.22151719226048142,
  "Jpsi->K2(2250)p.km_g_ls_1i": -0.8043249259857314,
  "K2(2250)p->phi.kp_g_ls_0r": 1.0,
  "K2(2250)p->phi.kp_g_ls_0i": 0.0,
  "K2(2250)p->phi.kp_g_ls_1r": 0.37404615012606585,
  "K2(2250)p->phi.kp_g_ls_1i": 1.4227911191701121,
  "Jpsi->K3(2320)p.kmK3(2320)p->phi.kp_total_0r": 0.15888713107077337,
  "Jpsi->K3(2320)p.kmK3(2320)p->phi.kp_total_0i": 0.2740257814450919,
  "Jpsi->K3(2320)p.km_g_ls_0r": 1.0,
  "Jpsi->K3(2320)p.km_g_ls_0i": 0.0,
  "Jpsi->K3(2320)p.km_g_ls_1r": 0.24726370368706035,
  "Jpsi->K3(2320)p.km_g_ls_1i": 0.849577078634782,
  "K3(2320)p->phi.kp_g_ls_0r": 1.0,
  "K3(2320)p->phi.kp_g_ls_0i": 0.0,
  "K3(2320)p->phi.kp_g_ls_1r": 1.669297829611357,
  "K3(2320)p->phi.kp_g_ls_1i": -6.354975230943171,
  "Jpsi->K1(1400)m.kpK1(1400)m->phi.km_total_0r": 1.0,
  "Jpsi->K1(1400)m.kpK1(1400)m->phi.km_total_0i": 0.0,
  "Jpsi->K1(1400)m.kp_g_ls_0r": 1.0,
  "Jpsi->K1(1400)m.kp_g_ls_0i": 0.0,
  "Jpsi->K1(1400)m.kp_g_ls_1r": -0.4310578854371188,
  "Jpsi->K1(1400)m.kp_g_ls_1i": 0.8538534452826393,
  "K1(1400)m->phi.km_g_ls_0r": 1.0,
  "K1(1400)m->phi.km_g_ls_0i": 0.0,
  "K1(1400)m->phi.km_g_ls_1r": 0.4341483514685268,
  "K1(1400)m->phi.km_g_ls_1i": 6.403685309989553,
  "Jpsi->K2(1820)m.kpK2(1820)m->phi.km_total_0r": -0.32086925880507217,
  "Jpsi->K2(1820)m.kpK2(1820)m->phi.km_total_0i": -4.960752965982271,
  "Jpsi->K2(1820)m.kp_g_ls_0r": 1.0,
  "Jpsi->K2(1820)m.kp_g_ls_0i": 0.0,
  "Jpsi->K2(1820)m.kp_g_ls_1r": 0.891091222489724,
  "Jpsi->K2(1820)m.kp_g_ls_1i": 0.8838020826033923,
  "K2(1820)m->phi.km_g_ls_0r": 1.0,
  "K2(1820)m->phi.km_g_ls_0i": 0.0,
  "K2(1820)m->phi.km_g_ls_1r": 0.5566425802661602,
  "K2(1820)m->phi.km_g_ls_1i": 4.520779521628097,
  "Jpsi->K2(1980)m.kpK2(1980)m->phi.km_total_0r": 0.4822245820512229,
  "Jpsi->K2(1980)m.kpK2(1980)m->phi.km_total_0i": 0.2016878325457085,
  "Jpsi->K2(1980)m.kp_g_ls_0r": 1.0,
  "Jpsi->K2(1980)m.kp_g_ls_0i": 0.0,
  "K2(1980)m->phi.km_g_ls_0r": 1.0,
  "K2(1980)m->phi.km_g_ls_0i": 0.0,
  "Jpsi->K2(2250)p.kpK2(2250)p->phi.km_total_0r": 0.20946122882782472,
  "Jpsi->K2(2250)p.kpK2(2250)p->phi.km_total_0i": -2.0518656349292543,
  "Jpsi->K2(2250)p.kp_g_ls_0r": 1.0,
  "Jpsi->K2(2250)p.kp_g_ls_0i": 0.0,
  "Jpsi->K2(2250)p.kp_g_ls_1r": 0.2785479122692055,
  "Jpsi->K2(2250)p.kp_g_ls_1i": -0.7831771037195661,
  "K2(2250)p->phi.km_g_ls_0r": 1.0,
  "K2(2250)p->phi.km_g_ls_0i": 0.0,
  "K2(2250)p->phi.km_g_ls_1r": 0.21536317706738797,
  "K2(2250)p->phi.km_g_ls_1i": 0.4033000613359903,
  "Jpsi->K3(2320)m.kpK3(2320)m->phi.km_total_0r": 0.15888713107077337,
  "Jpsi->K3(2320)m.kpK3(2320)m->phi.km_total_0i": 0.2740257814450919,
  "Jpsi->K3(2320)m.kp_g_ls_0r": 1.0,
  "Jpsi->K3(2320)m.kp_g_ls_0i": 0.0,
  "Jpsi->K3(2320)m.kp_g_ls_1r": 0.24726370368706035,
  "Jpsi->K3(2320)m.kp_g_ls_1i": 0.849577078634782,
  "K3(2320)m->phi.km_g_ls_0r": 1.0,
  "K3(2320)m->phi.km_g_ls_0i": 0.0,
  "K3(2320)m->phi.km_g_ls_1r": 1.669297829611357,
  "K3(2320)m->phi.km_g_ls_1i": -6.354975230943171,
  "Jpsi->phi.f0(980)_flattef0(980)_flatte->kp.km_total_0r": 0.8730163676315367,
  "Jpsi->phi.f0(980)_flattef0(980)_flatte->kp.km_total_0i": 2.8590501660770844,
  "Jpsi->phi.f0(980)_flatte_g_ls_0r": 1.0,
  "Jpsi->phi.f0(980)_flatte_g_ls_0i": 0.0,
  "Jpsi->phi.f0(980)_flatte_g_ls_1r": 0.5226847112056849,
  "Jpsi->phi.f0(980)_flatte_g_ls_1i": -0.46975795832130496,
  "f0(980)_flatte->kp.km_g_ls_0r": 1.0,
  "f0(980)_flatte->kp.km_g_ls_0i": 0.0,
  "Jpsi->phi.f2(1270)f2(1270)->kp.km_total_0r": 0.2064348814511764,
  "Jpsi->phi.f2(1270)f2(1270)->kp.km_total_0i": -0.7704795974109495,
  "Jpsi->phi.f2(1270)_g_ls_0r": 1.0,
  "Jpsi->phi.f2(1270)_g_ls_0i": 0.0,
  "Jpsi->phi.f2(1270)_g_ls_1r": 0.2510127666417228,
  "Jpsi->phi.f2(1270)_g_ls_1i": -1.7653666389636191,
  "Jpsi->phi.f2(1270)_g_ls_2r": 0.602195463169844,
  "Jpsi->phi.f2(1270)_g_ls_2i": 2.1451938824871153,
  "Jpsi->phi.f2(1270)_g_ls_3r": 0.9851368401328202,
  "Jpsi->phi.f2(1270)_g_ls_3i": -1.4575420932138243,
  "Jpsi->phi.f2(1270)_g_ls_4r": 0.7585829817107742,
  "Jpsi->phi.f2(1270)_g_ls_4i": 2.990433444112938,
  "f2(1270)->kp.km_g_ls_0r": 1.0,
  "f2(1270)->kp.km_g_ls_0i": 0.0,
  "Jpsi->phi.f0(1500)f0(1500)->kp.km_total_0r": 0.18390566346876278,
  "Jpsi->phi.f0(1500)f0(1500)->kp.km_total_0i": -0.982529386086687,
  "Jpsi->phi.f0(1500)_g_ls_0r": 1.0,
  "Jpsi->phi.f0(1500)_g_ls_0i": 0.0,
  "Jpsi->phi.f0(1500)_g_ls_1r": 0.8039491458102564,
  "Jpsi->phi.f0(1500)_g_ls_1i": 1.7272640478016097,
  "f0(1500)->kp.km_g_ls_0r": 1.0,
  "f0(1500)->kp.km_g_ls_0i": 0.0,
  "Jpsi->phi.f2(1525)f2(1525)->kp.km_total_0r": 0.30231490924597093,
  "Jpsi->phi.f2(1525)f2(1525)->kp.km_total_0i": 0.6713656448812007,
  "Jpsi->phi.f2(1525)_g_ls_0r": 1.0,
  "Jpsi->phi.f2(1525)_g_ls_0i": 0.0,
  "Jpsi->phi.f2(1525)_g_ls_1r": 0.5083569658903095,
  "Jpsi->phi.f2(1525)_g_ls_1i": 0.5742639346827985,
  "Jpsi->phi.f2(1525)_g_ls_2r": 1.0656744539375729,
  "Jpsi->phi.f2(1525)_g_ls_2i": -3.066008060903785,
  "Jpsi->phi.f2(1525)_g_ls_3r": 0.20435934111650775,
  "Jpsi->phi.f2(1525)_g_ls_3i": 0.8544928275258776,
  "Jpsi->phi.f2(1525)_g_ls_4r": 0.4009404740067301,
  "Jpsi->phi.f2(1525)_g_ls_4i": 0.48860063591848935,
  "f2(1525)->kp.km_g_ls_0r": 1.0,
  "f2(1525)->kp.km_g_ls_0i": 0.0,
  "Jpsi->phi.f2(1565)f2(1565)->kp.km_total_0r": 0.23793108584775474,
  "Jpsi->phi.f2(1565)f2(1565)->kp.km_total_0i": -1.9679053589462114,
  "Jpsi->phi.f2(1565)_g_ls_0r": 1.0,
  "Jpsi->phi.f2(1565)_g_ls_0i": 0.0,
  "Jpsi->phi.f2(1565)_g_ls_1r": 1.3148640152553746,
  "Jpsi->phi.f2(1565)_g_ls_1i": 0.27719861672076007,
  "Jpsi->phi.f2(1565)_g_ls_2r": 1.5363347908124778,
  "Jpsi->phi.f2(1565)_g_ls_2i": 2.6598613017455897,
  "Jpsi->phi.f2(1565)_g_ls_3r": 1.0774334494720856,
  "Jpsi->phi.f2(1565)_g_ls_3i": -0.5256190518518356,
  "Jpsi->phi.f2(1565)_g_ls_4r": 0.3849092940821607,
  "Jpsi->phi.f2(1565)_g_ls_4i": -1.8374973702362023,
  "f2(1565)->kp.km_g_ls_0r": 1.0,
  "f2(1565)->kp.km_g_ls_0i": 0.0,
  "Jpsi->phi.f0(1710)f0(1710)->kp.km_total_0r": 0.2537374782064912,
  "Jpsi->phi.f0(1710)f0(1710)->kp.km_total_0i": 2.6426733491383523,
  "Jpsi->phi.f0(1710)_g_ls_0r": 1.0,
  "Jpsi->phi.f0(1710)_g_ls_0i": 0.0,
  "Jpsi->phi.f0(1710)_g_ls_1r": 0.23717045047481702,
  "Jpsi->phi.f0(1710)_g_ls_1i": -1.1438470281413176,
  "f0(1710)->kp.km_g_ls_0r": 1.0,
  "f0(1710)->kp.km_g_ls_0i": 0.0,
  "Jpsi->phi.f2(1810)f2(1810)->kp.km_total_0r": 0.2174020871157649,
  "Jpsi->phi.f2(1810)f2(1810)->kp.km_total_0i": -3.098380254392362,
  "Jpsi->phi.f2(1810)_g_ls_0r": 1.0,
  "Jpsi->phi.f2(1810)_g_ls_0i": 0.0,
  "Jpsi->phi.f2(1810)_g_ls_1r": 0.9606712910144681,
  "Jpsi->phi.f2(1810)_g_ls_1i": -0.01846037674240364,
  "Jpsi->phi.f2(1810)_g_ls_2r": 1.0506079628806504,
  "Jpsi->phi.f2(1810)_g_ls_2i": 2.7478101371387664,
  "Jpsi->phi.f2(1810)_g_ls_3r": 0.6492947703576969,
  "Jpsi->phi.f2(1810)_g_ls_3i": -1.9896666681565716,
  "Jpsi->phi.f2(1810)_g_ls_4r": 0.7964156272033471,
  "Jpsi->phi.f2(1810)_g_ls_4i": 1.3213042039645426,
  "f2(1810)->kp.km_g_ls_0r": 1.0,
  "f2(1810)->kp.km_g_ls_0i": 0.0
}
Time for calculating errors: 451.65668177604675

[WARN] Hessian inversion failed: Singular matrix
[WARN] Falling back to pseudo-inverse (pinv). Errors in singular directions will be NaN/inf.
[DIAG] _last_hessian not cached, cannot show eigenvalue details.
Time for calculating errors: 451.3825318813324
[WARN] using pinv for singular Hessian block
eigvalues:  [-3.65025550e+04+0.j  2.49071607e+01+0.j  2.50400235e+00+0.j
  2.13286580e+00+0.j  1.86494361e+00+0.j  1.85655735e+00+0.j
  1.36997133e+00+0.j  1.36847765e+00+0.j  9.78616397e-01+0.j
  8.37280582e-01+0.j  6.81539751e-01+0.j  5.24602402e-01+0.j
  4.87501410e-01+0.j  4.36448098e-01+0.j  3.88582709e-01+0.j
  4.08151089e-01+0.j  3.21110828e-01+0.j  3.02468848e-01+0.j
  2.91827129e-01+0.j  2.36218223e-01+0.j  2.00628729e-01+0.j
  1.90683262e-01+0.j  1.69247711e-01+0.j  1.48127406e-01+0.j
  1.24152813e-01+0.j  1.39604916e-01+0.j  1.35594634e-01+0.j
  1.36512541e-01+0.j  1.08359677e-01+0.j  1.03630569e-01+0.j
  9.29787421e-02+0.j  7.52490817e-02+0.j  7.29957805e-02+0.j
  6.69753647e-02+0.j  6.08387362e-02+0.j  5.67915087e-02+0.j
  5.62831760e-02+0.j  5.24689630e-02+0.j  4.82086846e-02+0.j
  3.97066091e-02+0.j  3.86565875e-02+0.j  3.45275318e-02+0.j
  3.33258073e-02+0.j  3.17305007e-02+0.j  3.09644921e-02+0.j
  2.70878972e-02+0.j  2.49793537e-02+0.j  2.30683166e-02+0.j
  2.04764107e-02+0.j  2.00004441e-02+0.j  1.77219029e-02+0.j
  1.61294965e-02+0.j  1.56424466e-02+0.j  1.51781157e-02+0.j
  1.45200340e-02+0.j  1.36230670e-02+0.j  1.29834180e-02+0.j
  1.19061438e-02+0.j  1.12402074e-02+0.j  1.07651969e-02+0.j
  1.04660373e-02+0.j  9.92981335e-03+0.j  9.31884155e-03+0.j
  9.07676815e-03+0.j  6.96391659e-03+0.j  7.34748571e-03+0.j
  7.80660531e-03+0.j  8.17815793e-03+0.j  8.29069588e-03+0.j
  6.00793879e-03+0.j  5.92452154e-03+0.j  5.51868998e-03+0.j
  5.13974563e-03+0.j  4.55431240e-03+0.j  4.17884385e-03+0.j
  3.56896189e-03+0.j  3.79536147e-03+0.j  3.88812097e-03+0.j
  3.47269629e-03+0.j  3.04179225e-03+0.j  3.03375720e-03+0.j
  2.61379480e-03+0.j  2.54910270e-03+0.j  2.38413134e-03+0.j
  2.28141399e-03+0.j  2.14812162e-03+0.j  1.90678957e-03+0.j
  2.00980922e-03+0.j  1.63281268e-03+0.j  1.84503722e-03+0.j
  1.46384683e-03+0.j  1.31104862e-03+0.j  1.21454271e-03+0.j
  9.73956523e-04+0.j  9.49010466e-04+0.j  8.72834610e-04+0.j
  7.86788488e-04+0.j  7.30539247e-04+0.j  6.88547901e-04+0.j
  6.21945022e-04+0.j  4.56901969e-04+0.j  4.23988444e-04+0.j
  4.01837510e-04+0.j  3.45491011e-04+0.j  3.58389239e-04+0.j
  2.44329612e-04+0.j  2.13740233e-04+0.j  1.72955532e-04+0.j
  1.55197763e-04+0.j  2.75633920e-04+0.j  2.77560566e-04+0.j
  1.15049955e-04+0.j  8.73238439e-05+0.j  9.02632141e-05+0.j
  6.03740912e-05+0.j  3.61639114e-05+0.j  5.31239904e-05+0.j
  2.09281501e-05+0.j  1.28050783e-05+0.j  4.91741735e-05+0.j
  4.85484340e-05+0.j  6.50115749e-06+0.j  4.35700857e-06+0.j
 -7.93038564e-12+0.j  2.68765348e-12+0.j -3.79212943e-13+0.j
  5.16019543e-19+0.j -2.28916503e-21+0.j  0.00000000e+00+0.j
  0.00000000e+00+0.j  0.00000000e+00+0.j  0.00000000e+00+0.j]
[WARN] using pinv for singular Hessian block
[ERROR] pinv fallback also failed: ufunc 'fabs' not supported for the input types, and the inputs could not be safely coerced to any supported types according to the casting rule ''safe''
[INFO] Saving fit result WITHOUT parameter errors.

########## fit results:
Fit status:  True
Minimal -lnL =  -10706.568922528062
rho(1450)p_mass 1.51
rho(1450)p_width 0.44
rho(1570)p_mass 1.57
rho(1570)p_width 0.14
rho(1690)p_mass 1.681
rho(1690)p_width 0.19
rho(1450)m_mass 1.51
rho(1450)m_width 0.44
rho(1570)m_mass 1.57
rho(1570)m_width 0.14
rho(1690)m_mass 1.681
rho(1690)m_width 0.19
f0(500)_E791_mass 0.478
f2(1270)_flatte_mass 1.2754
f2(1270)_flatte_g_0 0.32842913242385574
f2(1270)_flatte_g_1 0.7878415241642601
f0(1370)_mass 1.37
f0(1370)_width 0.35
f0(1500)_flatte_mass 1.522
f0(1500)_flatte_g_0 0.04780587415813415
f0(1500)_flatte_g_1 2.0441730831658216
f2(1430)_mass 1.43
f2(1430)_width 0.046
Jpsi->rho(1450)p.pimrho(1450)p->phi.pip_total_0r 1.0
Jpsi->rho(1450)p.pimrho(1450)p->phi.pip_total_0i 0.0
Jpsi->rho(1450)p.pim_g_ls_0r 1.0
Jpsi->rho(1450)p.pim_g_ls_0i 0.0
rho(1450)p->phi.pip_g_ls_0r 1.0
rho(1450)p->phi.pip_g_ls_0i 0.0
Jpsi->rho(1570)p.pimrho(1570)p->phi.pip_total_0r 0.31409568188872566
Jpsi->rho(1570)p.pimrho(1570)p->phi.pip_total_0i 0.5776978770898986
Jpsi->rho(1570)p.pim_g_ls_0r 1.0
Jpsi->rho(1570)p.pim_g_ls_0i 0.0
rho(1570)p->phi.pip_g_ls_0r 1.0
rho(1570)p->phi.pip_g_ls_0i 0.0
Jpsi->rho(1690)p.pimrho(1690)p->phi.pip_total_0r 1.1540919335516022
Jpsi->rho(1690)p.pimrho(1690)p->phi.pip_total_0i -0.5164365100847329
Jpsi->rho(1690)p.pim_g_ls_0r 1.0
Jpsi->rho(1690)p.pim_g_ls_0i 0.0
rho(1690)p->phi.pip_g_ls_0r 1.0
rho(1690)p->phi.pip_g_ls_0i 0.0
Jpsi->rho(1450)m.piprho(1450)m->phi.pim_total_0r 1.0
Jpsi->rho(1450)m.piprho(1450)m->phi.pim_total_0i 0.0
Jpsi->rho(1450)m.pip_g_ls_0r 1.0
Jpsi->rho(1450)m.pip_g_ls_0i 0.0
rho(1450)m->phi.pim_g_ls_0r 1.0
rho(1450)m->phi.pim_g_ls_0i 0.0
Jpsi->rho(1570)m.piprho(1570)m->phi.pim_total_0r 0.31409568188872566
Jpsi->rho(1570)m.piprho(1570)m->phi.pim_total_0i 0.5776978770898986
Jpsi->rho(1570)m.pip_g_ls_0r 1.0
Jpsi->rho(1570)m.pip_g_ls_0i 0.0
rho(1570)m->phi.pim_g_ls_0r 1.0
rho(1570)m->phi.pim_g_ls_0i 0.0
Jpsi->rho(1690)m.piprho(1690)m->phi.pim_total_0r 1.1540919335516022
Jpsi->rho(1690)m.piprho(1690)m->phi.pim_total_0i -0.5164365100847329
Jpsi->rho(1690)m.pip_g_ls_0r 1.0
Jpsi->rho(1690)m.pip_g_ls_0i 0.0
rho(1690)m->phi.pim_g_ls_0r 1.0
rho(1690)m->phi.pim_g_ls_0i 0.0
Jpsi->phi.f0(500)_E791f0(500)_E791->pip.pim_total_0r 2.1859366638691826
Jpsi->phi.f0(500)_E791f0(500)_E791->pip.pim_total_0i 3.105038414868874
Jpsi->phi.f0(500)_E791_g_ls_0r 1.0
Jpsi->phi.f0(500)_E791_g_ls_0i 0.0
Jpsi->phi.f0(500)_E791_g_ls_1r 0.4511721333091509
Jpsi->phi.f0(500)_E791_g_ls_1i -2.364842595976638
f0(500)_E791->pip.pim_g_ls_0r 1.0
f0(500)_E791->pip.pim_g_ls_0i 0.0
Jpsi->phi.f0(980)_flattef0(980)_flatte->pip.pim_total_0r 2.968821459920556
Jpsi->phi.f0(980)_flattef0(980)_flatte->pip.pim_total_0i 0.4594187344625218
f0(980)_flatte->pip.pim_g_ls_0r 1.0
f0(980)_flatte->pip.pim_g_ls_0i 0.0
Jpsi->phi.f2(1270)_flattef2(1270)_flatte->pip.pim_total_0r 0.5924197406697627
Jpsi->phi.f2(1270)_flattef2(1270)_flatte->pip.pim_total_0i -1.5036792365105631
Jpsi->phi.f2(1270)_flatte_g_ls_0r 1.0
Jpsi->phi.f2(1270)_flatte_g_ls_0i 0.0
Jpsi->phi.f2(1270)_flatte_g_ls_1r 4.34250534960918
Jpsi->phi.f2(1270)_flatte_g_ls_1i -1.2101597021533985
Jpsi->phi.f2(1270)_flatte_g_ls_2r 5.790273557540724
Jpsi->phi.f2(1270)_flatte_g_ls_2i 1.6129572024362169
Jpsi->phi.f2(1270)_flatte_g_ls_3r 1.8963444854088327
Jpsi->phi.f2(1270)_flatte_g_ls_3i -2.811060664810885
Jpsi->phi.f2(1270)_flatte_g_ls_4r 2.7664965565794253
Jpsi->phi.f2(1270)_flatte_g_ls_4i 1.857490414027879
f2(1270)_flatte->pip.pim_g_ls_0r 1.0
f2(1270)_flatte->pip.pim_g_ls_0i 0.0
Jpsi->phi.f0(1370)f0(1370)->pip.pim_total_0r 1.3782428192328993
Jpsi->phi.f0(1370)f0(1370)->pip.pim_total_0i 0.8024577803141257
Jpsi->phi.f0(1370)_g_ls_0r 1.0
Jpsi->phi.f0(1370)_g_ls_0i 0.0
Jpsi->phi.f0(1370)_g_ls_1r 0.1776912764732955
Jpsi->phi.f0(1370)_g_ls_1i 1.071343913968466
f0(1370)->pip.pim_g_ls_0r 1.0
f0(1370)->pip.pim_g_ls_0i 0.0
Jpsi->phi.f0(1500)_flattef0(1500)_flatte->pip.pim_total_0r 1.7083066489307568
Jpsi->phi.f0(1500)_flattef0(1500)_flatte->pip.pim_total_0i 2.0196931236205033
Jpsi->phi.f0(1500)_flatte_g_ls_0r 1.0
Jpsi->phi.f0(1500)_flatte_g_ls_0i 0.0
Jpsi->phi.f0(1500)_flatte_g_ls_1r 0.3692080200917723
Jpsi->phi.f0(1500)_flatte_g_ls_1i -0.4300447980527178
f0(1500)_flatte->pip.pim_g_ls_0r 1.0
f0(1500)_flatte->pip.pim_g_ls_0i 0.0
Jpsi->phi.f0(1710)f0(1710)->pip.pim_total_0r 0.8663137549654453
Jpsi->phi.f0(1710)f0(1710)->pip.pim_total_0i 0.16794046125297157
f0(1710)->pip.pim_g_ls_0r 1.0
f0(1710)->pip.pim_g_ls_0i 0.0
Jpsi->phi.f2(1430)f2(1430)->pip.pim_total_0r 0.13880130009036376
Jpsi->phi.f2(1430)f2(1430)->pip.pim_total_0i 1.3473309655968055
Jpsi->phi.f2(1430)_g_ls_0r 1.0
Jpsi->phi.f2(1430)_g_ls_0i 0.0
Jpsi->phi.f2(1430)_g_ls_1r 1.8574117308568394
Jpsi->phi.f2(1430)_g_ls_1i 0.2581867438884209
Jpsi->phi.f2(1430)_g_ls_2r 1.4859518246993824
Jpsi->phi.f2(1430)_g_ls_2i 2.967077403480519
Jpsi->phi.f2(1430)_g_ls_3r 1.5829560231984392
Jpsi->phi.f2(1430)_g_ls_3i 1.031578311670419
Jpsi->phi.f2(1430)_g_ls_4r 1.4522936818265435
Jpsi->phi.f2(1430)_g_ls_4i -0.03802307339364219
f2(1430)->pip.pim_g_ls_0r 1.0
f2(1430)->pip.pim_g_ls_0i 0.0
Jpsi->phi.NR_pipi_0.NR_pipi_0.->pip.pim_total_0r 0.19673984204865025
Jpsi->phi.NR_pipi_0.NR_pipi_0.->pip.pim_total_0i 0.49345923154162996
Jpsi->phi.NR_pipi_0._g_ls_0r 1.0
Jpsi->phi.NR_pipi_0._g_ls_0i 0.0
Jpsi->phi.NR_pipi_0._g_ls_1r 2.3632239000702624
Jpsi->phi.NR_pipi_0._g_ls_1i 2.459416111414031
NR_pipi_0.->pip.pim_g_ls_0r 1.0
NR_pipi_0.->pip.pim_g_ls_0i 0.0
K1(1400)p_mass 1.403
K1(1400)p_width 0.174
K2(1820)p_mass 1.819
K2(1820)p_width 0.264
K2(1980)p_mass 1.99
K2(1980)p_width 0.348
K2(2250)p_mass 2.247
K2(2250)p_width 0.18
K3(2320)p_mass 2.324
K3(2320)p_width 0.15
K1(1400)m_mass 1.403
K1(1400)m_width 0.174
K2(1820)m_mass 1.819
K2(1820)m_width 0.264
K2(1980)m_mass 1.99
K2(1980)m_width 0.348
K3(2320)m_mass 2.324
K3(2320)m_width 0.15
f0(980)_flatte_mass 0.965
f0(980)_flatte_g_0 0.35833233092988903
f0(980)_flatte_g_1 3.413209781356411
f2(1270)_mass 1.2754
f2(1270)_width 0.1858
f0(1500)_mass 1.522
f0(1500)_width 0.108
f2(1525)_mass 1.5173
f2(1525)_width 0.072
f2(1565)_mass 1.571
f2(1565)_width 0.132
f0(1710)_mass 1.733
f0(1710)_width 0.15
f2(1810)_mass 1.815
f2(1810)_width 0.197
Jpsi->K1(1400)p.kmK1(1400)p->phi.kp_total_0r 1.0
Jpsi->K1(1400)p.kmK1(1400)p->phi.kp_total_0i 0.0
Jpsi->K1(1400)p.km_g_ls_0r 1.0
Jpsi->K1(1400)p.km_g_ls_0i 0.0
Jpsi->K1(1400)p.km_g_ls_1r -0.4310578854371188
Jpsi->K1(1400)p.km_g_ls_1i 0.8538534452826393
K1(1400)p->phi.kp_g_ls_0r 1.0
K1(1400)p->phi.kp_g_ls_0i 0.0
K1(1400)p->phi.kp_g_ls_1r 0.4341483514685268
K1(1400)p->phi.kp_g_ls_1i 6.403685309989553
Jpsi->K2(1820)p.kmK2(1820)p->phi.kp_total_0r -0.32086925880507217
Jpsi->K2(1820)p.kmK2(1820)p->phi.kp_total_0i -4.960752965982271
Jpsi->K2(1820)p.km_g_ls_0r 1.0
Jpsi->K2(1820)p.km_g_ls_0i 0.0
Jpsi->K2(1820)p.km_g_ls_1r 0.891091222489724
Jpsi->K2(1820)p.km_g_ls_1i 0.8838020826033923
K2(1820)p->phi.kp_g_ls_0r 1.0
K2(1820)p->phi.kp_g_ls_0i 0.0
K2(1820)p->phi.kp_g_ls_1r 0.5566425802661602
K2(1820)p->phi.kp_g_ls_1i 4.520779521628097
Jpsi->K2(1980)p.kmK2(1980)p->phi.kp_total_0r 0.4822245820512229
Jpsi->K2(1980)p.kmK2(1980)p->phi.kp_total_0i 0.2016878325457085
Jpsi->K2(1980)p.km_g_ls_0r 1.0
Jpsi->K2(1980)p.km_g_ls_0i 0.0
K2(1980)p->phi.kp_g_ls_0r 1.0
K2(1980)p->phi.kp_g_ls_0i 0.0
Jpsi->K2(2250)p.kmK2(2250)p->phi.kp_total_0r 0.19554856151702704
Jpsi->K2(2250)p.kmK2(2250)p->phi.kp_total_0i 4.407751559532084
Jpsi->K2(2250)p.km_g_ls_0r 1.0
Jpsi->K2(2250)p.km_g_ls_0i 0.0
Jpsi->K2(2250)p.km_g_ls_1r 0.22151719226048142
Jpsi->K2(2250)p.km_g_ls_1i -0.8043249259857314
K2(2250)p->phi.kp_g_ls_0r 1.0
K2(2250)p->phi.kp_g_ls_0i 0.0
K2(2250)p->phi.kp_g_ls_1r 0.37404615012606585
K2(2250)p->phi.kp_g_ls_1i 1.4227911191701121
Jpsi->K3(2320)p.kmK3(2320)p->phi.kp_total_0r 0.15888713107077337
Jpsi->K3(2320)p.kmK3(2320)p->phi.kp_total_0i 0.2740257814450919
Jpsi->K3(2320)p.km_g_ls_0r 1.0
Jpsi->K3(2320)p.km_g_ls_0i 0.0
Jpsi->K3(2320)p.km_g_ls_1r 0.24726370368706035
Jpsi->K3(2320)p.km_g_ls_1i 0.849577078634782
K3(2320)p->phi.kp_g_ls_0r 1.0
K3(2320)p->phi.kp_g_ls_0i 0.0
K3(2320)p->phi.kp_g_ls_1r 1.669297829611357
K3(2320)p->phi.kp_g_ls_1i -6.354975230943171
Jpsi->K1(1400)m.kpK1(1400)m->phi.km_total_0r 1.0
Jpsi->K1(1400)m.kpK1(1400)m->phi.km_total_0i 0.0
Jpsi->K1(1400)m.kp_g_ls_0r 1.0
Jpsi->K1(1400)m.kp_g_ls_0i 0.0
Jpsi->K1(1400)m.kp_g_ls_1r -0.4310578854371188
Jpsi->K1(1400)m.kp_g_ls_1i 0.8538534452826393
K1(1400)m->phi.km_g_ls_0r 1.0
K1(1400)m->phi.km_g_ls_0i 0.0
K1(1400)m->phi.km_g_ls_1r 0.4341483514685268
K1(1400)m->phi.km_g_ls_1i 6.403685309989553
Jpsi->K2(1820)m.kpK2(1820)m->phi.km_total_0r -0.32086925880507217
Jpsi->K2(1820)m.kpK2(1820)m->phi.km_total_0i -4.960752965982271
Jpsi->K2(1820)m.kp_g_ls_0r 1.0
Jpsi->K2(1820)m.kp_g_ls_0i 0.0
Jpsi->K2(1820)m.kp_g_ls_1r 0.891091222489724
Jpsi->K2(1820)m.kp_g_ls_1i 0.8838020826033923
K2(1820)m->phi.km_g_ls_0r 1.0
K2(1820)m->phi.km_g_ls_0i 0.0
K2(1820)m->phi.km_g_ls_1r 0.5566425802661602
K2(1820)m->phi.km_g_ls_1i 4.520779521628097
Jpsi->K2(1980)m.kpK2(1980)m->phi.km_total_0r 0.4822245820512229
Jpsi->K2(1980)m.kpK2(1980)m->phi.km_total_0i 0.2016878325457085
Jpsi->K2(1980)m.kp_g_ls_0r 1.0
Jpsi->K2(1980)m.kp_g_ls_0i 0.0
K2(1980)m->phi.km_g_ls_0r 1.0
K2(1980)m->phi.km_g_ls_0i 0.0
Jpsi->K2(2250)p.kpK2(2250)p->phi.km_total_0r 0.20946122882782472
Jpsi->K2(2250)p.kpK2(2250)p->phi.km_total_0i -2.0518656349292543
Jpsi->K2(2250)p.kp_g_ls_0r 1.0
Jpsi->K2(2250)p.kp_g_ls_0i 0.0
Jpsi->K2(2250)p.kp_g_ls_1r 0.2785479122692055
Jpsi->K2(2250)p.kp_g_ls_1i -0.7831771037195661
K2(2250)p->phi.km_g_ls_0r 1.0
K2(2250)p->phi.km_g_ls_0i 0.0
K2(2250)p->phi.km_g_ls_1r 0.21536317706738797
K2(2250)p->phi.km_g_ls_1i 0.4033000613359903
Jpsi->K3(2320)m.kpK3(2320)m->phi.km_total_0r 0.15888713107077337
Jpsi->K3(2320)m.kpK3(2320)m->phi.km_total_0i 0.2740257814450919
Jpsi->K3(2320)m.kp_g_ls_0r 1.0
Jpsi->K3(2320)m.kp_g_ls_0i 0.0
Jpsi->K3(2320)m.kp_g_ls_1r 0.24726370368706035
Jpsi->K3(2320)m.kp_g_ls_1i 0.849577078634782
K3(2320)m->phi.km_g_ls_0r 1.0
K3(2320)m->phi.km_g_ls_0i 0.0
K3(2320)m->phi.km_g_ls_1r 1.669297829611357
K3(2320)m->phi.km_g_ls_1i -6.354975230943171
Jpsi->phi.f0(980)_flattef0(980)_flatte->kp.km_total_0r 0.8730163676315367
Jpsi->phi.f0(980)_flattef0(980)_flatte->kp.km_total_0i 2.8590501660770844
Jpsi->phi.f0(980)_flatte_g_ls_0r 1.0
Jpsi->phi.f0(980)_flatte_g_ls_0i 0.0
Jpsi->phi.f0(980)_flatte_g_ls_1r 0.5226847112056849
Jpsi->phi.f0(980)_flatte_g_ls_1i -0.46975795832130496
f0(980)_flatte->kp.km_g_ls_0r 1.0
f0(980)_flatte->kp.km_g_ls_0i 0.0
Jpsi->phi.f2(1270)f2(1270)->kp.km_total_0r 0.2064348814511764
Jpsi->phi.f2(1270)f2(1270)->kp.km_total_0i -0.7704795974109495
Jpsi->phi.f2(1270)_g_ls_0r 1.0
Jpsi->phi.f2(1270)_g_ls_0i 0.0
Jpsi->phi.f2(1270)_g_ls_1r 0.2510127666417228
Jpsi->phi.f2(1270)_g_ls_1i -1.7653666389636191
Jpsi->phi.f2(1270)_g_ls_2r 0.602195463169844
Jpsi->phi.f2(1270)_g_ls_2i 2.1451938824871153
Jpsi->phi.f2(1270)_g_ls_3r 0.9851368401328202
Jpsi->phi.f2(1270)_g_ls_3i -1.4575420932138243
Jpsi->phi.f2(1270)_g_ls_4r 0.7585829817107742
Jpsi->phi.f2(1270)_g_ls_4i 2.990433444112938
f2(1270)->kp.km_g_ls_0r 1.0
f2(1270)->kp.km_g_ls_0i 0.0
Jpsi->phi.f0(1500)f0(1500)->kp.km_total_0r 0.18390566346876278
Jpsi->phi.f0(1500)f0(1500)->kp.km_total_0i -0.982529386086687
Jpsi->phi.f0(1500)_g_ls_0r 1.0
Jpsi->phi.f0(1500)_g_ls_0i 0.0
Jpsi->phi.f0(1500)_g_ls_1r 0.8039491458102564
Jpsi->phi.f0(1500)_g_ls_1i 1.7272640478016097
f0(1500)->kp.km_g_ls_0r 1.0
f0(1500)->kp.km_g_ls_0i 0.0
Jpsi->phi.f2(1525)f2(1525)->kp.km_total_0r 0.30231490924597093
Jpsi->phi.f2(1525)f2(1525)->kp.km_total_0i 0.6713656448812007
Jpsi->phi.f2(1525)_g_ls_0r 1.0
Jpsi->phi.f2(1525)_g_ls_0i 0.0
Jpsi->phi.f2(1525)_g_ls_1r 0.5083569658903095
Jpsi->phi.f2(1525)_g_ls_1i 0.5742639346827985
Jpsi->phi.f2(1525)_g_ls_2r 1.0656744539375729
Jpsi->phi.f2(1525)_g_ls_2i -3.066008060903785
Jpsi->phi.f2(1525)_g_ls_3r 0.20435934111650775
Jpsi->phi.f2(1525)_g_ls_3i 0.8544928275258776
Jpsi->phi.f2(1525)_g_ls_4r 0.4009404740067301
Jpsi->phi.f2(1525)_g_ls_4i 0.48860063591848935
f2(1525)->kp.km_g_ls_0r 1.0
f2(1525)->kp.km_g_ls_0i 0.0
Jpsi->phi.f2(1565)f2(1565)->kp.km_total_0r 0.23793108584775474
Jpsi->phi.f2(1565)f2(1565)->kp.km_total_0i -1.9679053589462114
Jpsi->phi.f2(1565)_g_ls_0r 1.0
Jpsi->phi.f2(1565)_g_ls_0i 0.0
Jpsi->phi.f2(1565)_g_ls_1r 1.3148640152553746
Jpsi->phi.f2(1565)_g_ls_1i 0.27719861672076007
Jpsi->phi.f2(1565)_g_ls_2r 1.5363347908124778
Jpsi->phi.f2(1565)_g_ls_2i 2.6598613017455897
Jpsi->phi.f2(1565)_g_ls_3r 1.0774334494720856
Jpsi->phi.f2(1565)_g_ls_3i -0.5256190518518356
Jpsi->phi.f2(1565)_g_ls_4r 0.3849092940821607
Jpsi->phi.f2(1565)_g_ls_4i -1.8374973702362023
f2(1565)->kp.km_g_ls_0r 1.0
f2(1565)->kp.km_g_ls_0i 0.0
Jpsi->phi.f0(1710)f0(1710)->kp.km_total_0r 0.2537374782064912
Jpsi->phi.f0(1710)f0(1710)->kp.km_total_0i 2.6426733491383523
Jpsi->phi.f0(1710)_g_ls_0r 1.0
Jpsi->phi.f0(1710)_g_ls_0i 0.0
Jpsi->phi.f0(1710)_g_ls_1r 0.23717045047481702
Jpsi->phi.f0(1710)_g_ls_1i -1.1438470281413176
f0(1710)->kp.km_g_ls_0r 1.0
f0(1710)->kp.km_g_ls_0i 0.0
Jpsi->phi.f2(1810)f2(1810)->kp.km_total_0r 0.2174020871157649
Jpsi->phi.f2(1810)f2(1810)->kp.km_total_0i -3.098380254392362
Jpsi->phi.f2(1810)_g_ls_0r 1.0
Jpsi->phi.f2(1810)_g_ls_0i 0.0
Jpsi->phi.f2(1810)_g_ls_1r 0.9606712910144681
Jpsi->phi.f2(1810)_g_ls_1i -0.01846037674240364
Jpsi->phi.f2(1810)_g_ls_2r 1.0506079628806504
Jpsi->phi.f2(1810)_g_ls_2i 2.7478101371387664
Jpsi->phi.f2(1810)_g_ls_3r 0.6492947703576969
Jpsi->phi.f2(1810)_g_ls_3i -1.9896666681565716
Jpsi->phi.f2(1810)_g_ls_4r 0.7964156272033471
Jpsi->phi.f2(1810)_g_ls_4i 1.3213042039645426
f2(1810)->kp.km_g_ls_0r 1.0
f2(1810)->kp.km_g_ls_0i 0.0
Finish plotting figure/s0_m_bp
Finish plotting figure/s0_m_bm
Finish plotting figure/s0_m_pipi
Finish plotting figure/s0_Jpsi_bp_pip_alpha
Finish plotting figure/s0_Jpsi_bp_pip_cos(beta)
Finish plotting figure/s0_Jpsi_pipi_pip_cos(beta)
Finish plotting 2D data_hist figure/s0_dalitz_phiPip_phiPim
Finish plotting 2D fitted figure/s0_dalitz_phiPip_phiPim
Finish plotting 2D pull figure/s0_dalitz_phiPip_phiPim
Finish plotting 2D data_hist figure/s0_dalitz_phiPip_PipPim
Finish plotting 2D fitted figure/s0_dalitz_phiPip_PipPim
Finish plotting 2D pull figure/s0_dalitz_phiPip_PipPim
Finish plotting 2D data_hist figure/s0_dalitz_phiPim_PipPim
Finish plotting 2D fitted figure/s0_dalitz_phiPim_PipPim
Finish plotting 2D pull figure/s0_dalitz_phiPim_PipPim
Finish plotting figure/s1_m_kstp
Finish plotting figure/s1_m_kstm
Finish plotting figure/s1_m_kk
Finish plotting figure/s1_Jpsi_kstp_kp_alpha
Finish plotting figure/s1_Jpsi_kstp_kp_cos(beta)
Finish plotting figure/s1_Jpsi_kk_kp_cos(beta)
Finish plotting 2D data_hist figure/s1_dalitz_phiKp_KpKm
Finish plotting 2D fitted figure/s1_dalitz_phiKp_KpKm
Finish plotting 2D pull figure/s1_dalitz_phiKp_KpKm
Finish plotting 2D data_hist figure/s1_dalitz_phiKm_KpKm
Finish plotting 2D fitted figure/s1_dalitz_phiKm_KpKm
Finish plotting 2D pull figure/s1_dalitz_phiKm_KpKm
Finish plotting 2D data_hist figure/s1_dalitz_phiKp_phiKm
Finish plotting 2D fitted figure/s1_dalitz_phiKp_phiKm
Finish plotting 2D pull figure/s1_dalitz_phiKp_phiKm
########## fit fractions channel 0:
rho(1450)p 0.007 +/- 0.005
rho(1570)p 0.002 +/- 0.005
rho(1570)pxrho(1450)p 0.005 +/- 0.007
rho(1690)p 0.013 +/- 0.004
rho(1690)pxrho(1570)p 0.00007 +/- 0.00007
rho(1690)pxrho(1450)p 0.00013 +/- 0.00007
rho(1450)m 0.007 +/- 0.005
rho(1450)mxrho(1690)p -0.0002 +/- 0.0001
rho(1450)mxrho(1570)p 0.0003 +/- 0.0004
rho(1450)mxrho(1450)p 0.0009 +/- 0.0006
rho(1570)m 0.002 +/- 0.005
rho(1570)mxrho(1450)m 0.005 +/- 0.007
rho(1570)mxrho(1690)p 0.000018 +/- 0.000034
rho(1570)mxrho(1570)p 0.00019 +/- 0.00034
rho(1570)mxrho(1450)p 0.0003 +/- 0.0004
rho(1690)m 0.013 +/- 0.004
rho(1690)mxrho(1570)m 0.00006 +/- 0.00006
rho(1690)mxrho(1450)m 0.00015 +/- 0.00008
rho(1690)mxrho(1690)p 0.0033 +/- 0.0011
rho(1690)mxrho(1570)p 0.000017 +/- 0.000033
rho(1690)mxrho(1450)p -0.00017 +/- 0.00009
f0(500)_E791 0.32 +/- 0.28
f0(500)_E791xrho(1690)m 0.0001 +/- 0.0001
f0(500)_E791xrho(1570)m 0.003 +/- 0.004
f0(500)_E791xrho(1450)m 0.010 +/- 0.005
f0(500)_E791xrho(1690)p 0.00010 +/- 0.00011
f0(500)_E791xrho(1570)p 0.003 +/- 0.004
f0(500)_E791xrho(1450)p 0.010 +/- 0.005
f0(980)_flatte 1.8 +/- 0.5
f0(980)_flattexf0(500)_E791 -0.36 +/- 0.24
f0(980)_flattexrho(1690)m -0.0027 +/- 0.0010
f0(980)_flattexrho(1570)m -0.003 +/- 0.011
f0(980)_flattexrho(1450)m -0.066 +/- 0.035
f0(980)_flattexrho(1690)p -0.0021 +/- 0.0008
f0(980)_flattexrho(1570)p -0.003 +/- 0.011
f0(980)_flattexrho(1450)p -0.066 +/- 0.035
f2(1270)_flatte 0.24 +/- 0.15
f2(1270)_flattexf0(980)_flatte 0.020 +/- 0.006
f2(1270)_flattexf0(500)_E791 -0.007 +/- 0.004
f2(1270)_flattexrho(1690)m -0.005 +/- 0.004
f2(1270)_flattexrho(1570)m -0.0022 +/- 0.0021
f2(1270)_flattexrho(1450)m 0.0041 +/- 0.0032
f2(1270)_flattexrho(1690)p -0.005 +/- 0.004
f2(1270)_flattexrho(1570)p -0.0022 +/- 0.0021
f2(1270)_flattexrho(1450)p 0.0040 +/- 0.0032
f0(1370) 0.16 +/- 0.30
f0(1370)xf2(1270)_flatte -0.005 +/- 0.005
f0(1370)xf0(980)_flatte -0.4 +/- 0.4
f0(1370)xf0(500)_E791 0.08 +/- 0.17
f0(1370)xrho(1690)m -0.008 +/- 0.009
f0(1370)xrho(1570)m -0.0003 +/- 0.0019
f0(1370)xrho(1450)m 0.009 +/- 0.012
f0(1370)xrho(1690)p -0.008 +/- 0.009
f0(1370)xrho(1570)p -0.0002 +/- 0.0019
f0(1370)xrho(1450)p 0.009 +/- 0.012
f0(1500)_flatte 0.19 +/- 0.13
f0(1500)_flattexf0(1370) 0.08 +/- 0.10
f0(1500)_flattexf2(1270)_flatte -0.009 +/- 0.004
f0(1500)_flattexf0(980)_flatte -0.9 +/- 0.5
f0(1500)_flattexf0(500)_E791 -0.05 +/- 0.17
f0(1500)_flattexrho(1690)m 0.0013 +/- 0.0014
f0(1500)_flattexrho(1570)m -0.002 +/- 0.007
f0(1500)_flattexrho(1450)m 0.013 +/- 0.009
f0(1500)_flattexrho(1690)p 0.0010 +/- 0.0014
f0(1500)_flattexrho(1570)p -0.002 +/- 0.007
f0(1500)_flattexrho(1450)p 0.013 +/- 0.009
f0(1710) 0.058 +/- 0.034
f0(1710)xf0(1500)_flatte 0.047 +/- 0.017
f0(1710)xf0(1370) -0.022 +/- 0.020
f0(1710)xf2(1270)_flatte -0.0003 +/- 0.0013
f0(1710)xf0(980)_flatte -0.060 +/- 0.026
f0(1710)xf0(500)_E791 -0.09 +/- 0.10
f0(1710)xrho(1690)m 0.0041 +/- 0.0014
f0(1710)xrho(1570)m -0.0037 +/- 0.0027
f0(1710)xrho(1450)m -0.0068 +/- 0.0023
f0(1710)xrho(1690)p 0.0041 +/- 0.0014
f0(1710)xrho(1570)p -0.0037 +/- 0.0028
f0(1710)xrho(1450)p -0.0068 +/- 0.0023
f2(1430) 0.03 +/- 0.09
f2(1430)xf0(1710) 0.0015 +/- 0.0018
f2(1430)xf0(1500)_flatte -0.0007 +/- 0.0026
f2(1430)xf0(1370) -0.004 +/- 0.005
f2(1430)xf2(1270)_flatte 0.003 +/- 0.007
f2(1430)xf0(980)_flatte 0.003 +/- 0.005
f2(1430)xf0(500)_E791 -0.0008 +/- 0.0017
f2(1430)xrho(1690)m -0.0024 +/- 0.0019
f2(1430)xrho(1570)m -0.0005 +/- 0.0008
f2(1430)xrho(1450)m -0.0013 +/- 0.0021
f2(1430)xrho(1690)p -0.0024 +/- 0.0019
f2(1430)xrho(1570)p -0.0005 +/- 0.0008
f2(1430)xrho(1450)p -0.0013 +/- 0.0022
NR_pipi_0+ 0.02 +/- 0.16
NR_pipi_0+xf2(1430) -0.0002 +/- 0.0016
NR_pipi_0+xf0(1710) 0.005 +/- 0.013
NR_pipi_0+xf0(1500)_flatte 0.005 +/- 0.033
NR_pipi_0+xf0(1370) 0.01 +/- 0.04
NR_pipi_0+xf2(1270)_flatte 0.001 +/- 0.004
NR_pipi_0+xf0(980)_flatte -0.00 +/- 0.04
NR_pipi_0+xf0(500)_E791 -0.1 +/- 0.4
NR_pipi_0+xrho(1690)m 0.00005 +/- 0.00023
NR_pipi_0+xrho(1570)m 0.003 +/- 0.013
NR_pipi_0+xrho(1450)m 0.004 +/- 0.022
NR_pipi_0+xrho(1690)p 0.00005 +/- 0.00020
NR_pipi_0+xrho(1570)p 0.003 +/- 0.013
NR_pipi_0+xrho(1450)p 0.004 +/- 0.022

########## fit fractions channel 1:
K1(1400)p 0.20 +/- 0.33
K2(1820)p 0.04 +/- 0.14
K2(1820)pxK1(1400)p 0.006 +/- 0.009
K2(1980)p 0.022 +/- 0.034
K2(1980)pxK2(1820)p 0.0008 +/- 0.0014
K2(1980)pxK1(1400)p -0.0019 +/- 0.0012
K2(2250)p 0.023 +/- 0.034
K2(2250)pxK2(1980)p -0.0011 +/- 0.0018
K2(2250)pxK2(1820)p -0.002 +/- 0.006
K2(2250)pxK1(1400)p -0.013 +/- 0.014
K3(2320)p 0.02 +/- 0.07
K3(2320)pxK2(2250)p 0.0008 +/- 0.0022
K3(2320)pxK2(1980)p 0.0008 +/- 0.0019
K3(2320)pxK2(1820)p -0.0013 +/- 0.0026
K3(2320)pxK1(1400)p 0.0007 +/- 0.0011
K1(1400)m 0.20 +/- 0.33
K1(1400)mxK3(2320)p 0.008 +/- 0.009
K1(1400)mxK2(2250)p -0.015 +/- 0.016
K1(1400)mxK2(1980)p 0.004 +/- 0.005
K1(1400)mxK2(1820)p -0.02 +/- 0.04
K1(1400)mxK1(1400)p 0.04 +/- 0.04
K2(1820)m 0.04 +/- 0.14
K2(1820)mxK1(1400)m 0.006 +/- 0.009
K2(1820)mxK3(2320)p -0.003 +/- 0.007
K2(1820)mxK2(2250)p -0.002 +/- 0.007
K2(1820)mxK2(1980)p 0.0007 +/- 0.0008
K2(1820)mxK2(1820)p -0.005 +/- 0.015
K2(1820)mxK1(1400)p -0.02 +/- 0.04
K2(1980)m 0.022 +/- 0.034
K2(1980)mxK2(1820)m 0.0007 +/- 0.0013
K2(1980)mxK1(1400)m -0.0021 +/- 0.0013
K2(1980)mxK3(2320)p -0.002 +/- 0.005
K2(1980)mxK2(2250)p 0.0002 +/- 0.0019
K2(1980)mxK2(1980)p 0.012 +/- 0.018
K2(1980)mxK2(1820)p 0.0007 +/- 0.0008
K2(1980)mxK1(1400)p 0.004 +/- 0.005
K3(2320)m 0.02 +/- 0.07
K3(2320)mxK2(1980)m 0.0009 +/- 0.0020
K3(2320)mxK2(1820)m -0.0014 +/- 0.0027
K3(2320)mxK1(1400)m 0.0007 +/- 0.0011
K3(2320)mxK3(2320)p 0.004 +/- 0.015
K3(2320)mxK2(2250)p 0.001 +/- 0.004
K3(2320)mxK2(1980)p -0.002 +/- 0.005
K3(2320)mxK2(1820)p -0.003 +/- 0.007
K3(2320)mxK1(1400)p 0.008 +/- 0.009
f0(980)_flatte 0.46 +/- 0.28
f0(980)_flattexK3(2320)m 0.012 +/- 0.023
f0(980)_flattexK2(1980)m -0.021 +/- 0.021
f0(980)_flattexK2(1820)m -0.03 +/- 0.04
f0(980)_flattexK1(1400)m -0.27 +/- 0.20
f0(980)_flattexK3(2320)p 0.012 +/- 0.023
f0(980)_flattexK2(2250)p 0.014 +/- 0.020
f0(980)_flattexK2(1980)p -0.022 +/- 0.022
f0(980)_flattexK2(1820)p -0.03 +/- 0.04
f0(980)_flattexK1(1400)p -0.27 +/- 0.20
f2(1270) 0.07 +/- 0.21
f2(1270)xf0(980)_flatte -0.000 +/- 0.009
f2(1270)xK3(2320)m -0.008 +/- 0.019
f2(1270)xK2(1980)m 0.003 +/- 0.004
f2(1270)xK2(1820)m -0.02 +/- 0.05
f2(1270)xK1(1400)m 0.009 +/- 0.018
f2(1270)xK3(2320)p -0.008 +/- 0.019
f2(1270)xK2(2250)p -0.000 +/- 0.012
f2(1270)xK2(1980)p 0.003 +/- 0.004
f2(1270)xK2(1820)p -0.02 +/- 0.05
f2(1270)xK1(1400)p 0.009 +/- 0.018
f0(1500) 0.29 +/- 0.21
f0(1500)xf2(1270) -0.010 +/- 0.009
f0(1500)xf0(980)_flatte 0.12 +/- 0.06
f0(1500)xK3(2320)m -0.012 +/- 0.024
f0(1500)xK2(1980)m 0.008 +/- 0.008
f0(1500)xK2(1820)m -0.007 +/- 0.007
f0(1500)xK1(1400)m -0.07 +/- 0.05
f0(1500)xK3(2320)p -0.012 +/- 0.024
f0(1500)xK2(2250)p -0.021 +/- 0.020
f0(1500)xK2(1980)p 0.007 +/- 0.008
f0(1500)xK2(1820)p -0.007 +/- 0.007
f0(1500)xK1(1400)p -0.07 +/- 0.05
f2(1525) 0.34 +/- 0.20
f2(1525)xf0(1500) -0.013 +/- 0.024
f2(1525)xf2(1270) 0.021 +/- 0.033
f2(1525)xf0(980)_flatte 0.014 +/- 0.006
f2(1525)xK3(2320)m 0.006 +/- 0.012
f2(1525)xK2(1980)m 0.025 +/- 0.021
f2(1525)xK2(1820)m 0.004 +/- 0.014
f2(1525)xK1(1400)m -0.00 +/- 0.04
f2(1525)xK3(2320)p 0.006 +/- 0.012
f2(1525)xK2(2250)p 0.010 +/- 0.017
f2(1525)xK2(1980)p 0.025 +/- 0.021
f2(1525)xK2(1820)p 0.004 +/- 0.014
f2(1525)xK1(1400)p -0.00 +/- 0.04
f2(1565) 0.2 +/- 0.6
f2(1565)xf2(1525) -0.3 +/- 0.5
f2(1565)xf0(1500) 0.006 +/- 0.012
f2(1565)xf2(1270) -0.009 +/- 0.023
f2(1565)xf0(980)_flatte -0.008 +/- 0.014
f2(1565)xK3(2320)m -0.001 +/- 0.005
f2(1565)xK2(1980)m -0.02 +/- 0.04
f2(1565)xK2(1820)m -0.010 +/- 0.014
f2(1565)xK1(1400)m -0.020 +/- 0.030
f2(1565)xK3(2320)p -0.001 +/- 0.005
f2(1565)xK2(2250)p 0.006 +/- 0.012
f2(1565)xK2(1980)p -0.02 +/- 0.04
f2(1565)xK2(1820)p -0.010 +/- 0.014
f2(1565)xK1(1400)p -0.021 +/- 0.030
f0(1710) 0.15 +/- 0.14
f0(1710)xf2(1565) 0.020 +/- 0.030
f0(1710)xf2(1525) -0.018 +/- 0.007
f0(1710)xf0(1500) -0.10 +/- 0.09
f0(1710)xf2(1270) 0.006 +/- 0.008
f0(1710)xf0(980)_flatte -0.17 +/- 0.11
f0(1710)xK3(2320)m 0.0012 +/- 0.0033
f0(1710)xK2(1980)m -0.005 +/- 0.006
f0(1710)xK2(1820)m -0.003 +/- 0.008
f0(1710)xK1(1400)m 0.09 +/- 0.04
f0(1710)xK3(2320)p 0.0012 +/- 0.0033
f0(1710)xK2(2250)p 0.012 +/- 0.012
f0(1710)xK2(1980)p -0.005 +/- 0.006
f0(1710)xK2(1820)p -0.003 +/- 0.008
f0(1710)xK1(1400)p 0.09 +/- 0.04
f2(1810) 0.06 +/- 0.11
f2(1810)xf0(1710) -0.011 +/- 0.009
f2(1810)xf2(1565) -0.08 +/- 0.12
f2(1810)xf2(1525) 0.05 +/- 0.06
f2(1810)xf0(1500) 0.006 +/- 0.008
f2(1810)xf2(1270) -0.007 +/- 0.026
f2(1810)xf0(980)_flatte 0.006 +/- 0.004
f2(1810)xK3(2320)m -0.009 +/- 0.020
f2(1810)xK2(1980)m -0.007 +/- 0.009
f2(1810)xK2(1820)m -0.004 +/- 0.006
f2(1810)xK1(1400)m -0.001 +/- 0.008
f2(1810)xK3(2320)p -0.009 +/- 0.020
f2(1810)xK2(2250)p -0.01 +/- 0.01
f2(1810)xK2(1980)p -0.007 +/- 0.008
f2(1810)xK2(1820)p -0.004 +/- 0.006
f2(1810)xK1(1400)p -0.001 +/- 0.008


========== JOINT FIT FINISHED ==========
END TIME   : Tue Jul  7 10:39:50 AM CEST 2026
ELAPSED    : 14315 s
========================================
