1.000000000000000000e+00 0.000000000000000000e+00 0.000000000000000000e+00 0.000000000000000000e+00 0.000000000000000000e+00 0.000000000000000000e+00 0.000000000000000000e+00 0.000000000000000000e+00 0.000000000000000000e+00 0.000000000000000000e+00 0.000000000000000000e+00 0.000000000000000000e+00 0.000000000000000000e+00 0.000000000000000000e+00 0.000000000000000000e+00 0.000000000000000000e+00 0.000000000000000000e+00 0.000000000000000000e+00 0.000000000000000000e+00 0.000000000000000000e+00 0.000000000000000000e+00 0.000000000000000000e+00 0.000000000000000000e+00 0.000000000000000000e+00 0.000000000000000000e+00 0.000000000000000000e+00 0.000000000000000000e+00 0.000000000000000000e+00 0.000000000000000000e+00 0.000000000000000000e+00 0.000000000000000000e+00 0.000000000000000000e+00 0.000000000000000000e+00 0.000000000000000000e+00 0.000000000000000000e+00 0.000000000000000000e+00 0.000000000000000000e+00 0.000000000000000000e+00 0.000000000000000000e+00 0.000000000000000000e+00 0.000000000000000000e+00 0.000000000000000000e+00 0.000000000000000000e+00 0.000000000000000000e+00 0.000000000000000000e+00 0.000000000000000000e+00 0.000000000000000000e+00 0.000000000000000000e+00 0.000000000000000000e+00 0.000000000000000000e+00 0.000000000000000000e+00 0.000000000000000000e+00 0.000000000000000000e+00 0.000000000000000000e+00 0.000000000000000000e+00 0.000000000000000000e+00 0.000000000000000000e+00 0.000000000000000000e+00 0.000000000000000000e+00 0.000000000000000000e+00 0.000000000000000000e+00 0.000000000000000000e+00 0.000000000000000000e+00 0.000000000000000000e+00 0.000000000000000000e+00 0.000000000000000000e+00 0.000000000000000000e+00 0.000000000000000000e+00 0.000000000000000000e+00 0.000000000000000000e+00 0.000000000000000000e+00 0.000000000000000000e+00 0.000000000000000000e+00 0.000000000000000000e+00 0.000000000000000000e+00 0.000000000000000000e+00 0.000000000000000000e+00 0.000000000000000000e+00 0.000000000000000000e+00 0.000000000000000000e+00 0.000000000000000000e+00 0.000000000000000000e+00 0.000000000000000000e+00 0.000000000000000000e+00 0.000000000000000000e+00 0.000000000000000000e+00 0.000000000000000000e+00 0.000000000000000000e+00 0.000000000000000000e+00 0.000000000000000000e+00 0.000000000000000000e+00 0.000000000000000000e+00 0.000000000000000000e+00 0.000000000000000000e+00 0.000000000000000000e+00 0.000000000000000000e+00 0.000000000000000000e+00 0.000000000000000000e+00 0.000000000000000000e+00 0.000000000000000000e+00 0.000000000000000000e+00 0.000000000000000000e+00 0.000000000000000000e+00 0.000000000000000000e+00 0.000000000000000000e+00 0.000000000000000000e+00 0.000000000000000000e+00 0.000000000000000000e+00 0.000000000000000000e+00 0.000000000000000000e+00 0.000000000000000000e+00 0.000000000000000000e+00 0.000000000000000000e+00 0.000000000000000000e+00 0.000000000000000000e+00 0.000000000000000000e+00 0.000000000000000000e+00 0.000000000000000000e+00 0.000000000000000000e+00 0.000000000000000000e+00 0.000000000000000000e+00 0.000000000000000000e+00 0.000000000000000000e+00 0.000000000000000000e+00 0.000000000000000000e+00 0.000000000000000000e+00 0.000000000000000000e+00 0.000000000000000000e+00
0.000000000000000000e+00 1.000000000000000000e+00 0.000000000000000000e+00 0.000000000000000000e+00 0.000000000000000000e+00 0.000000000000000000e+00 0.000000000000000000e+00 0.000000000000000000e+00 0.000000000000000000e+00 0.000000000000000000e+00 0.000000000000000000e+00 0.000000000000000000e+00 0.000000000000000000e+00 0.000000000000000000e+00 0.000000000000000000e+00 0.000000000000000000e+00 0.000000000000000000e+00 0.000000000000000000e+00 0.000000000000000000e+00 0.000000000000000000e+00 0.000000000000000000e+00 0.000000000000000000e+00 0.000000000000000000e+00 0.000000000000000000e+00 0.000000000000000000e+00 0.000000000000000000e+00 0.000000000000000000e+00 0.000000000000000000e+00 0.000000000000000000e+00 0.000000000000000000e+00 0.000000000000000000e+00 0.000000000000000000e+00 0.000000000000000000e+00 0.000000000000000000e+00 0.000000000000000000e+00 0.000000000000000000e+00 0.000000000000000000e+00 0.000000000000000000e+00 0.000000000000000000e+00 0.000000000000000000e+00 0.000000000000000000e+00 0.000000000000000000e+00 0.000000000000000000e+00 0.000000000000000000e+00 0.000000000000000000e+00 0.000000000000000000e+00 0.000000000000000000e+00 0.000000000000000000e+00 0.000000000000000000e+00 0.000000000000000000e+00 0.000000000000000000e+00 0.000000000000000000e+00 0.000000000000000000e+00 0.000000000000000000e+00 0.000000000000000000e+00 0.000000000000000000e+00 0.000000000000000000e+00 0.000000000000000000e+00 0.000000000000000000e+00 0.000000000000000000e+00 0.000000000000000000e+00 0.000000000000000000e+00 0.000000000000000000e+00 0.000000000000000000e+00 0.000000000000000000e+00 0.000000000000000000e+00 0.000000000000000000e+00 0.000000000000000000e+00 0.000000000000000000e+00 0.000000000000000000e+00 0.000000000000000000e+00 0.000000000000000000e+00 0.000000000000000000e+00 0.000000000000000000e+00 0.000000000000000000e+00 0.000000000000000000e+00 0.000000000000000000e+00 0.000000000000000000e+00 0.000000000000000000e+00 0.000000000000000000e+00 0.000000000000000000e+00 0.000000000000000000e+00 0.000000000000000000e+00 0.000000000000000000e+00 0.000000000000000000e+00 0.000000000000000000e+00 0.000000000000000000e+00 0.000000000000000000e+00 0.000000000000000000e+00 0.000000000000000000e+00 0.000000000000000000e+00 0.000000000000000000e+00 0.000000000000000000e+00 0.000000000000000000e+00 0.000000000000000000e+00 0.000000000000000000e+00 0.000000000000000000e+00 0.000000000000000000e+00 0.000000000000000000e+00 0.000000000000000000e+00 0.000000000000000000e+00 0.000000000000000000e+00 0.000000000000000000e+00 0.000000000000000000e+00 0.000000000000000000e+00 0.000000000000000000e+00 0.000000000000000000e+00 0.000000000000000000e+00 0.000000000000000000e+00 0.000000000000000000e+00 0.000000000000000000e+00 0.000000000000000000e+00 0.000000000000000000e+00 0.000000000000000000e+00 0.000000000000000000e+00 0.000000000000000000e+00 0.000000000000000000e+00 0.000000000000000000e+00 0.000000000000000000e+00 0.000000000000000000e+00 0.000000000000000000e+00 0.000000000000000000e+00 0.000000000000000000e+00 0.000000000000000000e+00 0.000000000000000000e+00 0.000000000000000000e+00 0.000000000000000000e+00 0.000000000000000000e+00
0.000000000000000000e+00 0.000000000000000000e+00 1.000000000000000000e+00 0.000000000000000000e+00 0.000000000000000000e+00 0.000000000000000000e+00 0.000000000000000000e+00 0.000000000000000000e+00 0.000000000000000000e+00 0.000000000000000000e+00 0.000000000000000000e+00 0.000000000000000000e+00 0.000000000000000000e+00 0.000000000000000000e+00 0.000000000000000000e+00 0.000000000000000000e+00 0.000000000000000000e+00 0.000000000000000000e+00 0.000000000000000000e+00 0.000000000000000000e+00 0.000000000000000000e+00 0.000000000000000000e+00 0.000000000000000000e+00 0.000000000000000000e+00 0.000000000000000000e+00 0.000000000000000000e+00 0.000000000000000000e+00 0.000000000000000000e+00 0.000000000000000000e+00 0.000000000000000000e+00 0.000000000000000000e+00 0.000000000000000000e+00 0.000000000000000000e+00 0.000000000000000000e+00 0.000000000000000000e+00 0.000000000000000000e+00 0.000000000000000000e+00 0.000000000000000000e+00 0.000000000000000000e+00 0.000000000000000000e+00 0.000000000000000000e+00 0.000000000000000000e+00 0.000000000000000000e+00 0.000000000000000000e+00 0.000000000000000000e+00 0.000000000000000000e+00 0.000000000000000000e+00 0.000000000000000000e+00 0.000000000000000000e+00 0.000000000000000000e+00 0.000000000000000000e+00 0.000000000000000000e+00 0.000000000000000000e+00 0.000000000000000000e+00 0.000000000000000000e+00 0.000000000000000000e+00 0.000000000000000000e+00 0.000000000000000000e+00 0.000000000000000000e+00 0.000000000000000000e+00 0.000000000000000000e+00 0.000000000000000000e+00 0.000000000000000000e+00 0.000000000000000000e+00 0.000000000000000000e+00 0.000000000000000000e+00 0.000000000000000000e+00 0.000000000000000000e+00 0.000000000000000000e+00 0.000000000000000000e+00 0.000000000000000000e+00 0.000000000000000000e+00 0.000000000000000000e+00 0.000000000000000000e+00 0.000000000000000000e+00 0.000000000000000000e+00 0.000000000000000000e+00 0.000000000000000000e+00 0.000000000000000000e+00 0.000000000000000000e+00 0.000000000000000000e+00 0.000000000000000000e+00 0.000000000000000000e+00 0.000000000000000000e+00 0.000000000000000000e+00 0.000000000000000000e+00 0.000000000000000000e+00 0.000000000000000000e+00 0.000000000000000000e+00 0.000000000000000000e+00 0.000000000000000000e+00 0.000000000000000000e+00 0.000000000000000000e+00 0.000000000000000000e+00 0.000000000000000000e+00 0.000000000000000000e+00 0.000000000000000000e+00 0.000000000000000000e+00 0.000000000000000000e+00 0.000000000000000000e+00 0.000000000000000000e+00 0.000000000000000000e+00 0.000000000000000000e+00 0.000000000000000000e+00 0.000000000000000000e+00 0.000000000000000000e+00 0.000000000000000000e+00 0.000000000000000000e+00 0.000000000000000000e+00 0.000000000000000000e+00 0.000000000000000000e+00 0.000000000000000000e+00 0.000000000000000000e+00 0.000000000000000000e+00 0.000000000000000000e+00 0.000000000000000000e+00 0.000000000000000000e+00 0.000000000000000000e+00 0.000000000000000000e+00 0.000000000000000000e+00 0.000000000000000000e+00 0.000000000000000000e+00 0.000000000000000000e+00 0.000000000000000000e+00 0.000000000000000000e+00 0.000000000000000000e+00 0.000000000000000000e+00 0.000000000000000000e+00
0.000000000000000000e+00 0.000000000000000000e+00 0.000000000000000000e+00 1.000000000000000000e+00 0.000000000000000000e+00 0.000000000000000000e+00 0.000000000000000000e+00 0.000000000000000000e+00 0.000000000000000000e+00 0.000000000000000000e+00 0.000000000000000000e+00 0.000000000000000000e+00 0.000000000000000000e+00 0.000000000000000000e+00 0.000000000000000000e+00 0.000000000000000000e+00 0.000000000000000000e+00 0.000000000000000000e+00 0.000000000000000000e+00 0.000000000000000000e+00 0.000000000000000000e+00 0.000000000000000000e+00 0.000000000000000000e+00 0.000000000000000000e+00 0.000000000000000000e+00 0.000000000000000000e+00 0.000000000000000000e+00 0.000000000000000000e+00 0.000000000000000000e+00 0.000000000000000000e+00 0.000000000000000000e+00 0.000000000000000000e+00 0.000000000000000000e+00 0.000000000000000000e+00 0.000000000000000000e+00 0.000000000000000000e+00 0.000000000000000000e+00 0.000000000000000000e+00 0.000000000000000000e+00 0.000000000000000000e+00 0.000000000000000000e+00 0.000000000000000000e+00 0.000000000000000000e+00 0.000000000000000000e+00 0.000000000000000000e+00 0.000000000000000000e+00 0.000000000000000000e+00 0.000000000000000000e+00 0.000000000000000000e+00 0.000000000000000000e+00 0.000000000000000000e+00 0.000000000000000000e+00 0.000000000000000000e+00 0.000000000000000000e+00 0.000000000000000000e+00 0.000000000000000000e+00 0.000000000000000000e+00 0.000000000000000000e+00 0.000000000000000000e+00 0.000000000000000000e+00 0.000000000000000000e+00 0.000000000000000000e+00 0.000000000000000000e+00 0.000000000000000000e+00 0.000000000000000000e+00 0.000000000000000000e+00 0.000000000000000000e+00 0.000000000000000000e+00 0.000000000000000000e+00 0.000000000000000000e+00 0.000000000000000000e+00 0.000000000000000000e+00 0.000000000000000000e+00 0.000000000000000000e+00 0.000000000000000000e+00 0.000000000000000000e+00 0.000000000000000000e+00 0.000000000000000000e+00 0.000000000000000000e+00 0.000000000000000000e+00 0.000000000000000000e+00 0.000000000000000000e+00 0.000000000000000000e+00 0.000000000000000000e+00 0.000000000000000000e+00 0.000000000000000000e+00 0.000000000000000000e+00 0.000000000000000000e+00 0.000000000000000000e+00 0.000000000000000000e+00 0.000000000000000000e+00 0.000000000000000000e+00 0.000000000000000000e+00 0.000000000000000000e+00 0.000000000000000000e+00 0.000000000000000000e+00 0.000000000000000000e+00 0.000000000000000000e+00 0.000000000000000000e+00 0.000000000000000000e+00 0.000000000000000000e+00 0.000000000000000000e+00 0.000000000000000000e+00 0.000000000000000000e+00 0.000000000000000000e+00 0.000000000000000000e+00 0.000000000000000000e+00 0.000000000000000000e+00 0.000000000000000000e+00 0.000000000000000000e+00 0.000000000000000000e+00 0.000000000000000000e+00 0.000000000000000000e+00 0.000000000000000000e+00 0.000000000000000000e+00 0.000000000000000000e+00 0.000000000000000000e+00 0.000000000000000000e+00 0.000000000000000000e+00 0.000000000000000000e+00 0.000000000000000000e+00 0.000000000000000000e+00 0.000000000000000000e+00 0.000000000000000000e+00 0.000000000000000000e+00 0.000000000000000000e+00 0.000000000000000000e+00 0.000000000000000000e+00
0.000000000000000000e+00 0.000000000000000000e+00 0.000000000000000000e+00 0.000000000000000000e+00 5.692308291883468874e-04 -5.325305996231180841e-05 -7.433240743807421121e-05 1.179057000234672833e-04 3.012538916347269456e-05 4.374968995124609364e-04 4.815544600707434694e-04 4.441292904686560479e-04 1.360954337767807478e-04 2.568308803927188974e-04 2.165178759710451040e-04 6.754999839858398351e-04 -6.684121459939694736e-04 -1.123517570104515121e-03 6.253509229542446009e-04 2.528614585253139129e-04 -5.498082929693395892e-04 4.739245540857647300e-03 -3.228114215993818127e-04 1.062667237615257164e-04 -1.410787895175556284e-04 8.039393041250718483e-04 2.846065680715713017e-04 -1.611381416727298232e-04 6.184292770884395251e-04 6.243301377255138082e-04 -1.697793174190244977e-04 3.372834840551049347e-04 -8.226130267180683836e-05 1.074404719527550546e-03 -3.197018751592072634e-05 5.779188532628837076e-04 2.865373537049746089e-04 -7.208731268250888639e-04 -3.625166979695267490e-04 3.377201326913725505e-04 2.708261047520520290e-04 -6.980079091119316230e-04 -4.719597774388573086e-04 -2.967734655296781331e-04 0.000000000000000000e+00 0.000000000000000000e+00 3.244594682500222981e-05 -5.300768996241390571e-04 -3.097367259121589053e-04 2.848113906450317249e-05 -1.354469307920144858e-04 4.669794908955293743e-05 -8.563965301807500638e-03 -1.251226102870366444e-04 1.360444642639582649e-04 -8.764924634062190611e-05 -1.649358156944407089e-04 -1.222397832006519628e-04 3.095611062353636588e-05 9.031773332761578810e-04 -2.280383366949658569e-03 -1.145613972291887163e-03 1.118042947752823785e-04 -5.287671071262510947e-04 1.115287181010006635e-05 -3.924823497431551055e-04 -5.448918905422834007e-04 2.217336526633952249e-04 2.589120093895312300e-04 2.364247838398407975e-05 7.020520562060670558e-05 5.750558415422737891e-04 4.454151780607992902e-04 -6.728752876418642908e-04 2.407984410271155648e-04 -5.659018611922125418e-04 -1.289738216529251347e-05 -5.846794483154550215e-04 -4.661996421827524365e-04 6.517514107946003775e-04 2.913781572348258549e-05 3.708918460339618380e-04 6.405506943053774441e-04 -6.091646191864182134e-04 2.938541980914028415e-04 -3.834832654793483581e-04 -3.834989361384058548e-04 -1.073375502345212847e-03 -1.874532460845361806e-04 -2.896640497998902012e-04 -7.635851617489554041e-05 -1.041291124741910447e-04 1.622592318672831245e-04 4.738787487786013568e-04 -8.881629162995023500e-05 7.898263052675275476e-06 -8.292328597123355604e-05 -4.051715784853063160e-05 -1.633940652832954808e-04 -7.805460206158069307e-05 1.164184668400873216e-04 6.817013798294854071e-04 -4.463058359297467727e-05 1.529811973985676840e-04 3.915911312055818388e-05 3.403108618363911655e-05 -4.111411198990241802e-05 1.632689495339113470e-04 -2.486887929454317564e-04 9.702463426256943842e-05 3.639388667739292807e-04 3.904142793346719359e-04 1.654261292542962358e-05 6.200232759731466071e-04 -9.680239407920184652e-05 2.074339320208553170e-06 1.290799173575853370e-04 2.195567590981177075e-04 -2.756164136463262965e-04 -2.022479720069810514e-04 -2.252102452831706398e-04 -2.844541564721099654e-03 7.500647217150282825e-04 3.527081324398107171e-04 -5.707668769876213070e-04 2.519914475392268354e-04 4.061002776241958811e-04 -2.412281149198651975e-04
0.000000000000000000e+00 0.000000000000000000e+00 0.000000000000000000e+00 0.000000000000000000e+00 -5.325305996223351547e-05 9.174763802624713929e-03 1.734827899676041115e-03 6.422860329913321342e-03 6.589639162137611930e-03 9.174138156145156568e-04 8.318681648764666633e-03 1.986482380812810023e-03 -1.678490437333876074e-03 2.429965553697859774e-03 1.860194879902326475e-03 -3.712111932554084011e-04 -7.209357859693302228e-03 -3.601254162814110631e-03 1.901927285227734618e-02 5.031909304330024930e-03 6.889565233616635857e-04 8.253983841077658368e-03 -3.689555250163354620e-03 -1.285805203800307250e-04 -5.217580835309576157e-03 2.116025827114680676e-03 4.168003945823659830e-03 3.935784097531377403e-03 -7.327849931759513290e-03 3.356793360306187073e-03 3.126625890067736158e-03 -1.748810098407828709e-03 4.298998480178366417e-04 -2.379313968694890449e-03 5.993360145486065780e-04 -2.780002509676078853e-03 1.558598196041614641e-02 -2.239742700415338870e-03 -3.203272622876545545e-03 2.990967380781335214e-02 2.851124842221804904e-03 3.750567830658726922e-03 7.002873194436921161e-03 -2.275327685128844882e-03 0.000000000000000000e+00 0.000000000000000000e+00 4.020961295351680809e-04 -1.070076263988299636e-03 -2.194077169642851639e-04 2.143674010224771369e-04 -3.762129433735564733e-04 3.783536881379800845e-03 -2.661720524164667284e-02 -3.122571947788913092e-03 1.281983366465866869e-04 -9.707823742096580557e-04 -4.923208559560476611e-04 4.756163549458543869e-04 2.618822464514621680e-04 4.968101404563911826e-04 -7.575021136591009695e-03 9.902102244226116193e-04 -4.856281498566559400e-04 -4.749511568085872278e-03 -3.993676417613829409e-05 -4.710711583155182368e-05 -2.857982223747313442e-03 -7.735200730590131380e-04 -4.202990421362005164e-04 1.014933568559043577e-03 -7.599854995553743573e-05 1.184432693731020565e-03 9.063959530889525388e-04 -9.075054548998175413e-05 3.320933831233007102e-04 -1.626555939219790498e-03 -4.445487972013002125e-04 -1.153951783618997664e-03 1.250530165868363663e-03 1.628736116621861026e-03 1.766677794129331005e-06 1.721924549484834480e-03 -6.880649517078364034e-04 -2.244544939319390725e-03 -1.312408777485951639e-03 -9.881013400276006040e-04 -1.527816393773111106e-03 -8.932976089072170237e-03 6.583805068809643612e-04 -1.319133860350043489e-03 -8.089894113831296312e-05 1.808328006540733338e-04 5.332001493494344622e-04 1.111194537144848810e-03 -2.270964326657553916e-04 4.624283420930160493e-04 1.199932291255983107e-04 1.581143697090933069e-04 -2.697211530997696799e-04 5.421915790490203484e-05 2.435971201126469257e-04 1.834092569113719099e-03 -4.468706125079222394e-04 4.796132387627181914e-04 2.032914757610933113e-04 4.393698458703020797e-04 -5.672884828092773606e-04 6.657577192895493658e-04 -5.419486989335511136e-04 3.487829892212506583e-04 1.119930619835348296e-03 1.073206866060953365e-03 -2.970221970504050490e-04 1.603840748171860009e-03 -2.943235956349654842e-04 3.064767993680250313e-04 5.111698115682571618e-04 -8.761236644051990713e-04 -9.467859766117301887e-04 -3.571010249139542226e-04 -9.406688911587548357e-04 -1.902472501336830227e-03 3.972693801032486233e-03 1.278411849459953680e-03 -2.140652098646085924e-03 -1.123064311161876491e-04 1.873624757061985099e-03 -1.493000157977554618e-04
0.000000000000000000e+00 0.000000000000000000e+00 0.000000000000000000e+00 0.000000000000000000e+00 -7.433240743799665010e-05 1.734827899676072991e-03 2.084421210038505615e-03 -2.267588845418249310e-05 3.379121793286666078e-03 -3.827249892789262239e-04 2.306874542128227283e-03 7.900360674384746549e-04 -7.598802787695127861e-04 3.421716411420936538e-05 -6.399405106665295457e-04 -2.437435944866100728e-04 -1.530938931102741483e-03 -4.633653405157950106e-05 3.217964759462827937e-03 7.182615699328237947e-04 6.174661863842350316e-05 -2.653953122741001518e-03 -1.619707300248250106e-04 4.439034899417389755e-04 -2.481277548901083489e-03 3.765172805507446775e-04 8.060835509430440892e-04 1.090421878587579860e-04 -3.668991520731784868e-03 5.338698920277385341e-04 4.601810231807725591e-04 -5.094982328724934713e-04 4.409649238367492217e-05 -1.636616430876556031e-03 1.986258085019381315e-04 -4.864225405279969539e-04 3.176503747577354847e-03 -7.197138381853172406e-04 4.394615183792076546e-05 2.681534705583690174e-03 -3.923506563623224263e-04 1.641838613960732796e-03 2.056738338550363754e-03 4.647236718965106535e-07 0.000000000000000000e+00 0.000000000000000000e+00 2.950897662740652573e-04 -1.042113087659986368e-03 -3.053272504024766255e-04 5.789492763983800300e-06 -3.713921050074049093e-04 6.618146767472751248e-06 -2.666261473073645513e-02 1.130240211294821504e-04 1.293035838211715745e-04 -4.111865975831079600e-04 -2.800075000406160417e-04 -7.855380031854382274e-05 2.323367531135859046e-04 3.584750622043706412e-04 -8.201222570011115764e-03 7.048213517066208647e-04 1.176914053074425647e-05 -3.651907907130915332e-03 -4.386236696360613007e-05 -3.387048398309220384e-04 -1.515991761282135157e-03 -2.667397097780833080e-04 -2.845925564854851278e-03 5.685233198953496079e-04 -3.399614733847127564e-05 1.101759011702748044e-03 1.230479009859348832e-03 -1.926345060850992419e-04 7.448198981936050758e-04 -1.800961606664958081e-03 -9.311574006828609164e-05 -1.141386573026521509e-03 -3.176128639009237736e-04 1.313771607882684763e-03 5.033930202270114006e-05 9.571104973805758019e-04 1.169585625983846685e-04 -1.560585596981371422e-03 4.251882910782695153e-05 -7.294425559570093384e-04 -9.854858670237593484e-04 -4.527409727348766753e-03 -5.617621451502316163e-06 -8.488483294507282286e-04 -1.133992893159311600e-04 -3.265180163286542423e-05 3.024679801145254039e-04 4.905883621148475742e-04 -1.944298866007775268e-04 1.714041150885426193e-04 -7.435602436940413624e-05 -4.777106873343846309e-05 -2.667840085664529930e-04 -1.489276033471074426e-04 2.175007983178792789e-04 1.102073086701123783e-03 -2.327114679957898282e-04 4.157639565435102902e-04 -4.975999470156435749e-05 2.236004213039973724e-04 -3.790447359198275031e-05 2.047911942425595486e-04 -3.481968289962984178e-04 1.109978051808228894e-04 5.664032888889615177e-04 8.044346946200332891e-04 -1.373652679562847076e-04 1.316202086916198671e-03 -2.356021198068675637e-04 4.995181913233372292e-05 7.477241002370346138e-05 -1.878307063174519502e-04 -6.405393356207086074e-04 -2.389961766689439329e-04 -8.647995190571621318e-04 -2.971439264897849947e-03 2.102680076623930291e-03 4.670846615420611915e-04 -1.571613954141118027e-03 -8.070976481334576035e-04 1.185100624046902390e-03 -8.966600420538329338e-05
0.000000000000000000e+00 0.000000000000000000e+00 0.000000000000000000e+00 0.000000000000000000e+00 1.179057000234703733e-04 6.422860329913546856e-03 -2.267588845347543066e-05 6.827982478864536020e-02 8.379785043035813466e-03 9.813181663652671693e-03 1.651257881400944316e-02 4.648346062097805445e-03 -1.196027242661746497e-03 1.195460840245602882e-02 1.277618352953919026e-02 5.266421891127031837e-03 -3.448042563189081255e-02 4.068868627898116971e-03 7.589990607365632025e-02 1.688452228846584399e-02 -6.902273486411066158e-05 7.252569450988051447e-02 -2.330311800849294707e-02 3.561375793580687579e-03 -1.127471652940396224e-02 1.596041076017281485e-02 8.273937499564034542e-03 9.577790059633823141e-03 -7.842907704332760174e-03 1.935267169117603492e-02 5.828022920677925801e-03 -4.999830044200294712e-03 6.462425586846691624e-04 -2.271440143776302500e-04 1.902685934440267014e-03 -1.869403306640009992e-03 3.884522678111743121e-02 -4.564425584751521828e-04 -1.257198515596007031e-02 6.171245446583269179e-02 2.732199882756841322e-02 1.059244038575611786e-02 2.336018172025458584e-02 -1.283790320934680238e-03 0.000000000000000000e+00 0.000000000000000000e+00 1.372712392549830206e-03 -4.498956460859070659e-03 -1.614098931229241514e-03 9.373128382310985055e-04 -1.490841211320831838e-03 1.478662780962464781e-03 -1.035316344526808763e-01 1.025205423787313788e-04 4.663778719674859788e-04 -2.168306258834385401e-03 -1.274033540188129841e-03 -1.624418758254512108e-04 9.434825885993153825e-04 2.906519211672257833e-04 -3.588282831931656480e-02 4.218554198977494431e-03 -6.290897696689005470e-04 -1.598404760270126512e-02 -2.142946080021479688e-04 1.397131785489123638e-03 -6.197813246268136025e-03 -3.568860277288705106e-03 -1.543884623483001046e-02 2.739362385424660030e-03 -3.484771582438915462e-04 5.807579351039402621e-03 7.027074814468949222e-03 -1.593211674968335757e-03 3.267084854546981748e-03 -1.051356062123213163e-02 -6.708988779517488033e-04 -4.637313199970450467e-03 -5.649931363237849051e-04 6.534635369767896433e-03 4.662289872764500010e-04 5.053229477472942488e-03 2.244152327653214582e-03 -6.972719238762089579e-03 2.160109855217643565e-03 -5.715745021054399050e-03 -5.843900437347747390e-03 -1.959796392881228699e-02 -4.342661348186855480e-03 -6.354525361985123924e-03 -5.978790435825854024e-04 -1.206771767493943328e-05 8.675682482126121243e-04 1.789280029441279790e-03 -6.423689995306174939e-04 1.250139067694557146e-03 -3.046682996303012197e-04 5.754765327161736948e-04 -2.291226646907441617e-03 -1.574956711984767336e-03 1.205861225905640894e-03 4.758765610383627193e-03 -1.239854397430286900e-03 1.527942271301006849e-03 -2.928151225469024024e-04 2.039413138175519107e-03 -5.461158353815391293e-04 6.339482731380057662e-04 -1.985079790491293353e-03 3.023116129419756984e-04 3.033066488428600143e-03 2.928066758869235682e-03 1.911343065899387969e-04 5.143899335486529570e-03 -9.863527131920848349e-04 5.911745178011943661e-04 1.951663153636248979e-04 1.778414096859483404e-04 -2.855659281816838504e-03 -1.457805715908888546e-04 -3.109043705285266523e-03 -1.511014968266058585e-02 8.172800359293753633e-03 2.013647262173995974e-03 -5.622522488266467645e-03 -2.392505870474258712e-03 6.096757454124083347e-03 -1.145288794079948012e-03
0.000000000000000000e+00 0.000000000000000000e+00 0.000000000000000000e+00 0.000000000000000000e+00 3.012538916364157260e-05 6.589639162137751575e-03 3.379121793287047718e-03 8.379785043033943434e-03 2.027719550827288691e-02 3.517668124408499398e-03 1.413761564440442486e-02 7.699509380712084251e-04 -4.993402660395694810e-03 2.265283336454206823e-03 -1.551071040507684884e-03 -1.440402678673954840e-04 -1.194514614327327889e-02 5.245077442239575371e-04 2.679165091544456062e-02 5.406316913478450420e-03 1.538790505223686187e-03 -8.162399661486878163e-03 -3.622463812878404157e-03 1.931012104130748041e-03 -1.409771472383776827e-02 4.049571237044919357e-03 5.121200350377884923e-03 3.629841215716859276e-03 -1.947206940876488809e-02 5.961381244726976503e-03 4.675900574558288295e-03 -3.733117276642981298e-03 -3.170990940140052880e-05 3.910563319921716435e-03 1.079677434624201453e-03 -2.557634248847316487e-03 1.663257852388804262e-02 -1.542420580013664343e-03 -1.422571180939666974e-04 1.528073072357200371e-02 -1.453987543939998846e-03 7.134069436097544188e-03 1.064485676907610777e-02 1.089904949842583105e-03 0.000000000000000000e+00 0.000000000000000000e+00 1.457482605315242770e-03 -2.845347960559615162e-03 -8.769713462961277765e-04 3.850894530006516644e-04 -1.323292705036878923e-03 5.526892932944770312e-03 -9.907772004982320913e-02 -3.865730579915854000e-03 1.850796083116765787e-04 -2.234922892697088423e-03 -1.048080235039381899e-03 1.342250922381811032e-03 8.690491836106275635e-04 -1.118446459369215129e-03 -2.529591219258566642e-02 5.826276918565202224e-03 -2.666135048739213327e-04 -1.365863471113270070e-02 -8.136725110253886296e-05 2.169164606919628171e-04 -7.014682360072187726e-03 -2.135022996564882140e-03 -1.231999196808731753e-05 2.488088526335283795e-03 -4.054424210713879336e-04 3.472221801789738931e-03 3.640483298523319693e-03 2.671114272850441500e-04 1.737612618815552543e-03 -6.800393560376263684e-03 -1.043662459072129374e-03 -3.271617340577625231e-03 2.500082064147963676e-03 4.693106740224680003e-03 -1.851458710911145543e-05 3.399498625852440982e-03 -1.930135490829833298e-03 -4.460283367249811941e-03 -4.184271771332901887e-03 -2.557324509457379637e-03 -3.637353162276178893e-03 -2.641654082044583504e-02 2.117500238738714152e-03 -4.613757022920282440e-03 -4.899640902724915897e-04 3.125868962522382289e-04 1.925423180021246499e-03 2.875372789088836110e-03 -6.351725210222106555e-04 1.459204651410273348e-03 -1.349851031099154179e-04 4.001970762783035288e-04 -6.358838940571447888e-04 -7.832112312233719580e-04 5.310652100601097672e-04 4.136425276132308856e-03 -8.958663582273366198e-04 1.213628993899212513e-03 -1.938314138681979538e-04 1.510220377214792874e-03 -2.405759547277257302e-04 1.338368215485214461e-03 -1.217360293096843467e-03 2.709711950575957855e-04 1.790025387126316240e-03 2.955927450966769690e-03 -4.400107317643905751e-04 4.262212715551867356e-03 -8.072066796822922018e-04 7.813743163647547500e-04 9.294709763296180125e-04 -1.206644389815829128e-03 -2.430424036609841066e-03 -1.663678763563791220e-04 -3.472648264481778546e-03 -1.828233270173190705e-02 9.717621354611634399e-03 1.768813396437151058e-03 -5.649809118453445397e-03 -1.422635764122706951e-03 5.276005517087005436e-03 -5.673852518685953191e-04
0.000000000000000000e+00 0.000000000000000000e+00 0.000000000000000000e+00 0.000000000000000000e+00 4.374968995123358737e-04 9.174138156147081027e-04 -3.827249892787196292e-04 9.813181663653405482e-03 3.517668124409178108e-03 1.749548842086843733e-02 6.932329893274986193e-03 -6.374634771157381558e-03 -4.646568909274265916e-04 1.182171928163027602e-02 3.285450241226221379e-03 4.680523950452730210e-03 -6.855713513799310647e-03 2.673952769379878656e-03 1.339173787986048907e-02 8.084940906561529500e-03 5.376390023726344445e-05 4.151240302548427769e-02 -4.975003151965169158e-03 3.925966562854588809e-03 -1.655300275087418079e-04 1.444443398539424321e-02 2.203886265756565144e-03 1.789803480912674450e-03 -6.801643685886132190e-04 1.613299574828705105e-02 3.845323212007253650e-03 -4.433123360860607640e-03 5.732037733193682790e-04 2.250893513201703000e-02 2.360240902239694788e-04 9.674005212217558908e-03 7.370364446655210122e-03 -4.665970457531426994e-03 9.072992077011625585e-04 -2.903576856489565108e-02 9.734197437199863107e-03 -9.586822351979772041e-06 4.382368533910042246e-03 -4.241166667971264445e-03 0.000000000000000000e+00 0.000000000000000000e+00 2.587844908732806295e-04 2.173979291073058814e-03 5.973410246423211008e-04 3.233959183906084381e-04 3.843893571626481528e-04 6.804147146124490085e-03 2.418009068620349464e-02 -6.009651743427746849e-03 -4.712046951638972818e-04 1.491623920607332906e-04 3.623267001210963515e-04 1.368004001290596241e-03 -2.860893790603927255e-04 -4.385391888135934356e-03 1.466510433069846686e-02 5.661666168345576289e-03 7.555019715977488726e-04 1.555136659939587284e-03 1.260351255734543129e-04 1.957711167393759010e-03 1.236216422170491542e-03 -1.398364656933524320e-03 1.040061236753955787e-02 1.050147151604227788e-04 -2.608684671612679861e-04 -1.387842590042585563e-03 -1.656673854478510517e-03 2.137169942282386628e-03 -1.132089438362384771e-03 4.219759949349631903e-04 -7.072972581005458875e-04 1.916075875177778711e-03 4.389657244093863112e-03 -1.241399934702677905e-03 -3.333546244061692462e-04 -2.126325235004376726e-03 -3.728548912313110406e-03 1.079882468547573460e-03 -5.121121900139629680e-03 1.473601744955190581e-03 -5.048290056769500541e-04 8.430288294663478271e-04 9.510723582761643419e-04 -4.095282143403976846e-04 6.056536026611799087e-05 3.979662275201979716e-04 5.083368362296452822e-04 1.686272802809584380e-03 4.197242472301439720e-04 6.429856843832524324e-04 3.631379981848249197e-04 6.572786679544913779e-04 -1.007606304899324431e-04 -3.977521031325057053e-04 -1.362208798436988135e-04 -4.910480702791125045e-04 -4.852317189382616557e-04 -3.757518994763969170e-04 3.485000298651153862e-04 8.597232662470983243e-04 -9.000050936075019038e-04 -2.178879620602599035e-04 -3.034915345211841760e-04 -4.408589027150220090e-04 4.547645084995329386e-05 -6.916237313477687377e-04 -8.765275402519584502e-06 -1.428560670469862081e-03 2.225454908390501682e-04 6.839238794945531582e-04 5.546631141049146972e-04 -2.443165155604632007e-04 5.720871982847553546e-04 4.790540875470583864e-04 1.075505178443545351e-03 -5.798365621205619266e-04 -4.671041265964317210e-04 -2.130831972639454460e-04 2.061416288826342126e-03 3.255975615225921785e-03 -1.139666695530702268e-04 5.362971641493487684e-04
0.000000000000000000e+00 0.000000000000000000e+00 0.000000000000000000e+00 0.000000000000000000e+00 4.815544600708730315e-04 8.318681648764387343e-03 2.306874542128190420e-03 1.651257881400766334e-02 1.413761564440373618e-02 6.932329893274163934e-03 3.495434169666812585e-02 1.703134563135148133e-03 -1.322505895631611054e-03 7.472766335402654045e-03 1.024260114433428806e-02 8.870389573019553039e-03 -3.295216638684318744e-02 -2.033126302869875390e-02 5.284305429259208986e-02 1.004981779012667498e-02 5.712971621816201676e-03 9.071173119391109929e-02 -1.783353643983871112e-02 -1.433322454927936362e-02 -1.205189063770212461e-02 1.366789771176773506e-02 1.589560409220573678e-02 6.713762352370471198e-03 -8.851607202933717625e-03 1.426817743706337328e-02 1.377957107024559841e-02 -6.738721685411947285e-03 4.103618839336518540e-03 3.818243004931159892e-03 9.546199458049168911e-04 -2.779932356168175397e-03 4.785286823946372642e-02 -1.925702266191633635e-02 -1.203275728205805035e-02 5.204381416362408724e-02 1.088936037308291943e-02 -8.276929064968309305e-05 1.306229637197311479e-02 -3.352617039975108737e-02 0.000000000000000000e+00 0.000000000000000000e+00 1.308033476446569376e-03 -4.585776792035157687e-03 -2.053852660518327641e-03 1.087612593147544273e-03 -1.286766212763461315e-03 2.093261874767298261e-02 -8.686525811158199439e-02 -1.938265707219269038e-02 1.234746768668045988e-03 -2.633718271020583750e-03 -1.982979733487869132e-03 2.683081744569275513e-03 3.230904995985251459e-04 8.776422943909421848e-03 -1.323565615479625063e-02 -9.621283310744133122e-03 -1.344879524616016857e-03 -9.621554949681932964e-03 8.808312963086463985e-05 -1.501677142353642202e-03 -1.272153141655968031e-02 -1.007762409478815810e-03 1.807099726749721372e-02 2.470917435525270787e-03 2.359810181698597574e-04 5.053742489931542341e-03 2.477080276355471053e-03 -4.886623867318121497e-03 3.586266163886860960e-04 -6.326825208755011004e-03 -1.946714855407177813e-03 -4.987820759343406310e-03 4.784798904733076480e-03 7.908945022251529303e-03 -1.114324319949635774e-04 5.995712006125267224e-03 -2.745422428170052331e-05 -9.486391933602180207e-03 -7.133382260749656853e-03 -4.152058743708437853e-03 -6.021924479396887318e-03 -3.184343781133966433e-02 3.269207680468841099e-03 -6.109374152561208339e-03 -5.205397172490153733e-04 2.700792299804842555e-04 3.097131354019080473e-03 9.342512980253190116e-03 -6.889720405664173479e-04 2.339895985500644454e-03 1.076368101199971653e-04 5.143950313156517426e-04 -1.506427060992401087e-03 -1.910884847853659956e-04 1.388799935898632921e-03 1.128968103251450084e-02 -1.915759647329381889e-03 2.451124229160780033e-03 1.876583939645003543e-03 2.483831101292888720e-03 -2.482270629462473427e-03 2.816742342426554677e-03 -3.623757189258244513e-03 1.382341969641865103e-03 5.981533006622975421e-03 6.880822856127222047e-03 -1.054986775722361941e-03 8.596573615454424985e-03 -1.034570969775802044e-03 1.387168977437331849e-03 3.573134416458812260e-03 -2.079004684874045245e-03 -3.801030903994213200e-03 -1.945860078208999817e-03 -2.248153337736008128e-03 -3.209448030540033858e-02 1.580208153046953543e-02 6.330384385000330759e-03 -8.773905684877616670e-03 6.969981577455477625e-03 8.071289990816417348e-03 -2.385491543576118579e-03
0.000000000000000000e+00 0.000000000000000000e+00 0.000000000000000000e+00 0.000000000000000000e+00 4.441292904688141788e-04 1.986482380811644723e-03 7.900360674376246404e-04 4.648346062094963101e-03 7.699509380678769971e-04 -6.374634771156804762e-03 1.703134563133205243e-03 1.914503060221837971e-02 1.368579444030457561e-03 -3.859372796041443936e-03 1.101120928386005796e-03 7.830169815743066516e-03 -5.583031986461081675e-03 -5.944303456006340067e-03 6.611323958001268271e-03 -3.701775034158715817e-03 -1.807524199583934472e-03 -8.262147725924691086e-03 -1.924316674212758673e-03 -1.775092808632973982e-03 -4.553891263402528103e-03 1.069413148845202400e-03 1.796798693034665304e-03 4.605925347554490693e-03 3.503154374882842294e-03 -4.597920192877481479e-04 -5.929086349416653676e-03 9.179419406589983330e-03 -9.058573689312619890e-04 -4.926273529025694889e-03 -3.216036243333109113e-04 -7.994434315925633876e-04 -2.023904589929265141e-03 -1.450952314891263166e-03 -5.654706154093634349e-03 1.422704134487294894e-02 -1.014974164321947279e-02 -3.263310760264586914e-04 -3.915809648304171761e-03 4.035546800117091604e-03 0.000000000000000000e+00 0.000000000000000000e+00 6.834671398832807337e-04 -1.076434616302402933e-02 -5.513708057671272249e-03 1.593847865985572763e-04 -3.043992059932441093e-03 -6.711407792572606466e-03 -1.992175328866929163e-01 5.512732797521000851e-03 2.530045350863121840e-03 -2.314397737551465804e-03 -3.028546502770638072e-03 -2.839595610423188438e-03 1.142923295773697751e-03 1.652574475578379165e-02 -6.079877859767071624e-02 -1.900342823314455851e-02 3.087585722190386598e-04 -1.452653547420158960e-02 -6.347496029095425394e-05 -6.524431529841199368e-03 -1.061725885347966115e-02 2.162579203318133140e-03 -1.356984647840417911e-02 1.577580073328063975e-03 1.012752300830139238e-03 1.080503653041667809e-02 1.011063058654538410e-02 -1.148647484186783065e-02 5.283683888836775838e-03 -1.089857354305319437e-02 2.552785342444250163e-04 -1.189119631691661245e-02 -1.106117609658982710e-02 1.304772245070308020e-02 9.214695478250716117e-04 8.564433951575188206e-03 1.270378599619220034e-02 -1.137020285426850429e-02 9.033338381811743811e-03 -8.143182396703644438e-03 -6.533682494413934130e-03 -2.643731975831063036e-02 -3.790167685421905533e-03 -7.188177959570267450e-03 -1.346859790192702451e-03 -1.540302492439138199e-03 1.807483400946582278e-03 6.308025042740155255e-03 -2.173091729897469546e-03 3.110534220306511942e-04 -1.509909238416249017e-03 -1.278419590466632443e-03 -2.593474819977141434e-03 -1.451391961641649350e-03 2.526352909575222370e-03 1.292816210348823880e-02 1.026326284690123349e-04 3.021605958180078808e-03 -3.718688875964704143e-04 4.685860026242658245e-04 6.144946380261572319e-04 2.527879381602789535e-03 -3.434357435215766498e-03 1.856718722015533772e-03 5.384350886012744496e-03 8.168007975405388102e-03 3.887020694583802295e-04 1.213306839148331831e-02 -1.982713752772656806e-03 -6.386960393152123390e-04 1.514270788257275494e-03 -2.775470218889734397e-04 -5.421877382200313358e-03 -3.655011391341505753e-03 -5.352947688365676353e-03 -4.750462467987465187e-02 1.380106336444926474e-02 6.028144526746809402e-03 -1.263540326275819359e-02 -8.281631322860920526e-04 7.831531721544956678e-03 -4.069997698320883435e-03
0.000000000000000000e+00 0.000000000000000000e+00 0.000000000000000000e+00 0.000000000000000000e+00 1.360954337768186136e-04 -1.678490437334309322e-03 -7.598802787699242408e-04 -1.196027242662154374e-03 -4.993402660397036619e-03 -4.646568909272990352e-04 -1.322505895632261792e-03 1.368579444029820484e-03 2.397748062016448294e-03 -2.057584364317069456e-03 6.759271604113980267e-04 2.111067686217717523e-03 2.038667414152128474e-03 -1.196157965355004044e-03 -9.199582678764261362e-03 -1.636359993777822177e-03 -4.138281970184088938e-04 -1.985192534437969780e-03 1.231354761187742437e-03 -1.879900695361779329e-03 3.387369951305290935e-03 1.356996797785106710e-03 -1.033158356856554022e-03 -2.945917302489108134e-03 7.353679193260016615e-03 1.396546822887848656e-04 -2.396019161558358371e-03 1.444724408246735124e-03 4.456045832734286858e-05 3.017557610225863902e-03 -3.955611075498704880e-04 1.853799347105663381e-03 -4.597239130134317744e-03 -2.394578929928661707e-04 -2.661504353752155256e-04 -1.367097108364398288e-02 -1.481343336033629724e-03 -1.529244539233553775e-03 -2.759812763487767308e-03 -4.763002387976388117e-04 0.000000000000000000e+00 0.000000000000000000e+00 8.820852915911773465e-05 -2.917117112724048299e-03 -1.631592257334452210e-03 1.056488138284767113e-04 -7.640295009940523954e-04 -4.925015397622469274e-03 -4.924243841908500924e-02 4.343703336721443237e-03 6.698024545435714511e-04 -1.818531630362727098e-04 -6.366770436339984221e-04 -1.457160233517444193e-03 2.780343437442700559e-04 3.770519892487968899e-03 -1.791701359416571909e-02 -4.722760109291055698e-03 3.988487943842768785e-04 -3.086766840546653450e-03 -1.985072305495696378e-05 -1.609070677779486603e-03 -1.168218694426118986e-03 1.071011334104089848e-03 -6.702295430469457430e-03 -2.612706271061877492e-04 2.759718504109403615e-04 3.057104316781539960e-03 3.553765039045852885e-03 -3.330013740145784662e-03 1.840756702261297541e-03 -3.021989832773648750e-03 3.665273619689250577e-04 -3.092525600832013964e-03 -4.306177469357742350e-03 3.223085788574549075e-03 3.500779140282264407e-04 1.730598948352032179e-03 4.736424637930199480e-03 -2.256850835925129813e-03 4.341261052737110590e-03 -2.343509186943440459e-03 -1.588999416190183672e-03 -2.343056439866168707e-03 -3.062971479284026365e-03 -1.374502950862659112e-03 -3.585043237087757627e-04 -6.306844690548388688e-04 1.847254047669314564e-04 7.522589116580554770e-04 -4.937285925137949996e-04 -2.252938771314957444e-04 -4.484345046994666229e-04 -5.552293900097019083e-04 -9.727481861502591115e-04 -7.125622149858712538e-04 7.173029561567791437e-04 2.786319040161300276e-03 -3.436973854726264876e-05 7.034546362233314552e-04 -3.493439414913339022e-04 -1.462126381981269701e-05 5.120543997847773997e-04 1.889869719919144014e-04 -7.935047157048777389e-04 4.506923947431531368e-04 1.169243522162268433e-03 1.788030747820750334e-03 3.689378704127312114e-04 2.934582532133182819e-03 -4.977525917195546080e-04 -4.046283256533522417e-04 -1.205722489301245301e-04 1.536484907126866748e-03 -1.199307997147861828e-03 -7.069132010103517955e-04 -1.191867225318096095e-03 -1.320762449629850691e-02 1.743167045099715306e-03 7.493277748571909331e-04 -2.609949312127798297e-03 -6.319673792333909898e-04 1.570597246388592437e-03 -1.376776897965068316e-03
0.000000000000000000e+00 0.000000000000000000e+00 0.000000000000000000e+00 0.000000000000000000e+00 2.568308803924502321e-04 2.429965553698829918e-03 3.421716411494667707e-05 1.195460840245741313e-02 2.265283336457792063e-03 1.182171928163013030e-02 7.472766335403972435e-03 -3.859372796042070172e-03 -2.057584364318196159e-03 1.673620152760869895e-02 6.006694492400678313e-03 3.101840564538120484e-03 -1.261921205194614821e-02 -3.113066747672852286e-03 3.211240076191593240e-02 8.049630038585157965e-03 1.160161388336458741e-03 7.593362110308851665e-02 -9.838034372967568997e-03 8.976623389959629455e-04 -1.503288086677079770e-03 8.485850305463085025e-03 5.617863753084253661e-03 9.747300710886207947e-03 -5.427182837189910292e-03 1.172114913915626479e-02 7.969041567137803359e-03 -4.898478866418890139e-03 1.471306513223627575e-03 5.493000863724912392e-03 5.375711061080649684e-04 3.673860888693086281e-03 1.808291025399913141e-02 -8.300324575835701588e-03 -2.536653337794422466e-03 1.474102635254195479e-02 1.350905884205747670e-02 -3.587249008790242225e-03 5.791430147431690309e-03 -1.193246133753617273e-02 0.000000000000000000e+00 0.000000000000000000e+00 -1.466224274119887509e-03 9.088214779488476211e-03 4.032189059417157218e-03 -6.639316205937790399e-04 2.934627640479502315e-03 1.298809843235707549e-02 2.047428631347967543e-01 -1.298498809526934389e-02 -1.382739315459005722e-03 2.214743795581587509e-03 2.260099365897094963e-03 3.014030143873224973e-03 -1.660217100880653079e-03 -4.332259428838552973e-03 7.020765883931424922e-02 3.231771881165762571e-04 -3.402875660722995931e-05 2.067520419277696364e-02 2.775121225790357841e-04 2.918968829483014043e-03 7.798684939638856478e-03 -4.423423322488279248e-04 2.691457510064868344e-02 -1.349386937546171068e-03 -1.081161368790185156e-04 -9.703829041835230346e-03 -1.210649664316828036e-02 5.689477749665161621e-03 -6.663899614198828120e-03 1.290882225005517137e-02 -3.191455637765685150e-04 9.619650376201049902e-03 8.963391363712370358e-03 -1.090150982402620858e-02 -1.000860425471618992e-03 -7.040950096426019759e-03 -1.058332641713459130e-02 7.177540284920995266e-03 -1.083710363164212299e-02 7.875166606316210197e-03 5.850166150557209455e-03 2.617239808068643273e-02 6.277496216534414995e-03 6.772619598600293153e-03 1.124614432878890194e-03 1.333565217604329401e-03 -1.011445719043025781e-03 -1.324416766524921796e-03 1.700035107997042213e-03 -5.385656344952499241e-04 1.160590761013549676e-03 1.596164155717158311e-03 2.733055835585989149e-03 2.598770457143278340e-03 -2.029841809363816529e-03 -6.301731464426179458e-03 7.411553705814527462e-04 -2.374428600004093327e-03 1.858532296693296212e-03 -1.113901359524517402e-03 -2.245611002786333885e-03 -6.174940145944193218e-04 1.769459539971964413e-03 -8.995417388391403800e-04 -2.992397080645990692e-03 -4.908925071456046556e-03 -5.189514550424474335e-04 -9.040061834716147174e-03 1.841739284466364750e-03 6.333360241525106890e-04 8.211539851058812303e-04 -3.554367292038923543e-03 4.262090814944177741e-03 7.752345701606553133e-04 6.048679744333811115e-03 4.044698117165713980e-02 -9.127883528220982409e-03 -1.391010978387962477e-03 9.720290452024204012e-03 6.421648094862029976e-03 -6.865150831609535126e-03 2.761032004193377486e-03
0.000000000000000000e+00 0.000000000000000000e+00 0.000000000000000000e+00 0.000000000000000000e+00 2.165178759709109611e-04 1.860194879902515776e-03 -6.399405106666222450e-04 1.277618352953890923e-02 -1.551071040506533244e-03 3.285450241225854051e-03 1.024260114433397234e-02 1.101120928384711909e-03 6.759271604102576629e-04 6.006694492401614197e-03 2.319753031681980396e-02 2.972714491291866129e-03 -4.174551104896398468e-02 -1.306796078021570454e-02 9.384665700728646309e-02 2.725528502748155238e-03 1.272409421463641067e-03 1.436629678002128430e-01 -4.261592067600241535e-02 1.294503786732868755e-03 -2.129082252987760104e-03 4.777781388490095170e-03 7.714963256034611944e-03 7.120439546587875763e-03 3.915395788879432598e-03 6.125551995750466369e-03 5.204817080082980649e-03 -2.757291532812959807e-03 2.253079777201634059e-03 1.446623090209123120e-03 9.770791877309911808e-04 -1.746413999249382676e-02 4.130377785857935330e-02 -1.388812506072040296e-03 -7.714609089409534340e-03 1.310295521518907436e-02 2.745839512236037880e-02 5.735544069566745132e-03 5.730868485626997889e-03 -1.636629899079750441e-03 0.000000000000000000e+00 0.000000000000000000e+00 -5.116933326893626259e-04 2.319524240306933532e-03 8.469628534625963170e-04 1.018973331145978534e-04 1.063023739713474681e-03 1.097370602847866188e-02 8.025640554544244409e-02 -1.094985092504434029e-02 -6.669936208919617074e-05 4.926145994368068834e-04 4.653286645042235522e-04 1.234018431392951880e-03 -6.522829915905232470e-04 1.656942806825775251e-03 2.361873355424952067e-02 -4.468587517090237375e-03 -1.433329532143604252e-03 5.880041142174359005e-03 1.650048889459065308e-04 1.075006066107934109e-03 1.735382176925917216e-03 -2.412474984479588951e-04 1.206930849543530818e-02 -6.061737104066203556e-04 9.417971755826017304e-05 -2.739073543084917170e-03 -3.714391085818167723e-03 3.098942445423908515e-04 -2.480632946583414059e-03 3.746341404098384783e-03 -4.364179397969171329e-04 2.644852076610618077e-03 3.595619288476630156e-03 -2.699863652330068264e-03 -2.608456150865386147e-04 -1.313988058995346677e-03 -1.600767477710674305e-03 6.893924222909166878e-05 -3.174023383504346110e-03 1.491582310988844029e-03 -3.943299217229102481e-04 1.011566794913971654e-02 5.641675659983106869e-04 2.197304921859652600e-03 3.642932491731848150e-04 5.581115023053748354e-04 -9.406282322993767767e-05 1.404261566083761211e-03 5.187476116589429627e-04 -1.501538360864770535e-04 6.141974628222893109e-04 1.178481770055907814e-03 3.189246111845695864e-04 1.068844660969907713e-03 -4.878985030290467579e-04 8.356083522908471558e-04 -1.202995646500464949e-04 -3.017494219831255535e-04 1.528834854720114095e-03 -6.012086126659437965e-05 -2.054799975927376621e-03 2.154760142784917817e-04 -8.506774471666706493e-04 1.641999074733150167e-04 8.401077028839576194e-04 1.404720013404576584e-04 -1.292864876338074061e-05 -1.297413993892864575e-03 4.934665330264816985e-04 7.148447848951317062e-04 1.046952610145081243e-03 -9.103698961871000729e-04 6.244223996204936169e-04 -4.379522832784457555e-04 2.694403020880346659e-03 9.401989331645724257e-03 5.753168126748574546e-05 9.942193982546742095e-04 1.931019545340827148e-03 3.917467889903120809e-03 -6.930516221229527382e-04 -3.102362322212480657e-04
0.000000000000000000e+00 0.000000000000000000e+00 0.000000000000000000e+00 0.000000000000000000e+00 6.754999839858040565e-04 -3.712111932551506862e-04 -2.437435944866259835e-04 5.266421891126946836e-03 -1.440402678669287350e-04 4.680523950454039059e-03 8.870389573019814983e-03 7.830169815741166994e-03 2.111067686216675822e-03 3.101840564541460694e-03 2.972714491294131244e-03 6.010838445880497399e-02 -4.057973628370436722e-04 -7.200169688564446446e-02 1.468934310638906823e-03 -4.862301662985760858e-02 1.465545832640335541e-02 -6.702218599050979719e-02 -1.217226010771414041e-02 -7.570876046063088061e-02 -3.758272304202586733e-03 5.918997795815482584e-03 6.038006686625423461e-03 4.247963836368393378e-03 1.163835085118948565e-02 6.421906551834513643e-03 -5.633411550968362574e-03 1.818202878970605384e-03 1.666040991093324089e-03 1.475149014034833790e-02 -4.153202448083248392e-03 8.870168699661635375e-03 -5.472857734881446390e-02 -1.970053020191606108e-02 8.720662785176139936e-03 -1.511281714591806644e-02 -9.024012458735369835e-02 -2.581639310793216666e-02 -6.324883516263336836e-02 -4.604701680767159938e-02 0.000000000000000000e+00 0.000000000000000000e+00 9.167801489058135297e-04 -7.709453692276319395e-03 -4.743918047964833240e-03 2.667331406122734616e-04 -2.404231324737778064e-03 -5.879102527762889580e-03 -1.604121279356648111e-01 5.415084743772193704e-03 1.995611559825628562e-03 -2.997160518701522179e-04 -1.659969680162491287e-03 -2.469921783543168638e-03 5.098116760489008765e-04 1.039544061511506884e-02 -3.277211003021130581e-02 -1.315904539937601085e-02 2.117908319880516116e-03 -7.939847489605307562e-03 3.480484649202200513e-04 -6.069421011031488414e-03 -2.318297484296773237e-03 4.329436184807211943e-03 6.745642390652326070e-03 6.751354369294347915e-05 7.072021957510120620e-04 9.541002415694981725e-03 7.976253692753374619e-03 -1.006441134355017843e-02 5.039787400578139669e-03 -1.197639722604544425e-02 4.153996526114307958e-05 -7.881009919896622001e-03 -7.698433712823431543e-03 8.730845921215889260e-03 2.187960977245338116e-05 2.839560802365178726e-03 3.463588679490656533e-03 -5.401318289104155984e-03 -4.487709384181182842e-03 -4.042727876456924697e-03 -5.270380411005260064e-03 -7.834285335814658927e-03 -1.290279867733673189e-03 -1.184755918133564628e-03 -1.398848524695166066e-03 -1.760321719550302826e-03 3.561030588485289763e-03 3.497087486520873353e-03 -8.394309674466550724e-04 -1.089694626848382872e-03 -1.897996190267734612e-03 -1.069829756029922049e-03 -3.123040820584977242e-03 -1.648088204573665110e-03 2.201730677527356968e-03 1.207216909105330964e-02 -1.445084023388761539e-03 2.736553951796718773e-03 1.358444933578333014e-04 4.124673388653015077e-04 7.445875412973057030e-04 3.181157503469763271e-03 -3.781993570512495739e-03 1.134892162533206704e-03 5.577631672398118516e-03 7.015609471267772977e-03 5.917906227156152082e-04 9.154209860691988124e-03 -1.581441159421570399e-03 -2.197258321501022313e-04 1.623104216692809092e-04 6.587882452133969786e-03 -3.795956642107105837e-03 -3.695445804468943177e-03 -3.918699396356262361e-03 -7.115707398254242366e-02 8.692094251144276418e-03 4.169414849263230680e-03 -7.666096492111507642e-03 3.969077663344141443e-03 5.526153813564454315e-03 -3.838254019337863487e-03
0.000000000000000000e+00 0.000000000000000000e+00 0.000000000000000000e+00 0.000000000000000000e+00 -6.684121459938135654e-04 -7.209357859692825179e-03 -1.530938931102437473e-03 -3.448042563188958437e-02 -1.194514614327358247e-02 -6.855713513797717304e-03 -3.295216638684182048e-02 -5.583031986462257817e-03 2.038667414152549144e-03 -1.261921205194467890e-02 -4.174551104896327691e-02 -4.057973628341579597e-04 1.174300196211295749e-01 1.814385240335197186e-02 -1.926347706375448610e-01 -1.494480168845851650e-02 4.975255743217208738e-03 -2.947667331326813689e-01 7.448151805383305957e-02 -9.265315626056300213e-03 1.643344860031530769e-02 -1.239021877867289671e-02 -1.955394761044032190e-02 -1.896760998844157498e-02 6.458034932632090996e-03 -1.681117948463786704e-02 -1.432348290731595697e-02 9.184091853311768597e-03 -5.152447887228176447e-03 2.193547985101460158e-03 -2.840957166225528858e-03 3.493545472088692427e-02 -1.011101253761200747e-01 2.265306769396342040e-02 2.069480419724875619e-02 -1.250689762829759744e-02 -5.809210923784255409e-02 -1.772652702349688039e-02 -2.451201914331013407e-02 1.308254433179506168e-02 0.000000000000000000e+00 0.000000000000000000e+00 4.441017610056392242e-04 -8.961677781081584318e-04 -5.690371377484021963e-04 -2.742214031887927391e-04 -9.948804720838315147e-04 -2.758460651001384129e-02 -8.005598629889679185e-02 2.668818719644450166e-02 -5.980223380745545991e-04 4.243493589349298187e-04 4.363311349320819809e-04 -3.492873647546477882e-03 7.159236373250295934e-04 -8.792274578319679568e-03 -2.708535305147092426e-02 1.474208250403535696e-02 2.088647476473422249e-03 -3.834460743869471267e-03 -1.637321844375093025e-04 -4.060427974323429362e-05 4.356563413180776848e-03 1.187010476828662554e-03 -1.995175109389100282e-02 -1.990033833761867266e-03 -3.082733556021437270e-04 1.398322425919130280e-04 5.447677756598151913e-03 4.300642544626188252e-03 2.929193648102929471e-03 -4.020411186912830476e-03 1.488416266166110421e-03 -1.698317416479401499e-03 -7.040657340542802803e-03 7.670958156521081109e-04 2.168029197268219257e-04 -1.695907309882344581e-03 1.028645840266458750e-03 3.954055624497743171e-03 5.122036014484169023e-03 1.296324673240954045e-04 3.403474777214277394e-03 1.185486825396207681e-03 -2.240940038687357430e-03 5.511960070674693304e-04 -3.234809506874250637e-04 -1.255071131692567189e-03 -3.379472824280435259e-04 -7.181741497662819107e-03 -2.878648983135191457e-04 -1.200974199461494248e-03 -9.244033309417794796e-04 -2.383543307945515128e-03 -2.855186368415348151e-04 -1.646259313809341970e-03 -1.901114774069032586e-05 -5.350390812192135602e-03 3.692381327968784514e-04 -9.204650338131936498e-04 -3.392481523403889383e-03 -1.009938134456339013e-03 4.596391367211624841e-03 -1.604450016871451388e-03 2.837840837698013281e-03 -6.257925170096107024e-04 -3.864622512286431440e-03 -2.723391278144565893e-03 9.114134147104316006e-04 -2.154747763275214993e-03 -3.289341442890133735e-04 -1.937524087008520328e-03 -3.210377595513161722e-03 6.005967075303202118e-03 1.149255922280827515e-03 1.895255696545950028e-03 -2.312515193733535954e-03 -1.248929154303025924e-02 -8.955781510971948245e-03 -5.525495435497602449e-03 2.444532378880281444e-03 -6.914857610540307495e-03 -2.651569619243143629e-03 2.710200875727444836e-04
0.000000000000000000e+00 0.000000000000000000e+00 0.000000000000000000e+00 0.000000000000000000e+00 -1.123517570104294811e-03 -3.601254162813839147e-03 -4.633653405202583998e-05 4.068868627898453508e-03 5.245077442205699474e-04 2.673952769378334753e-03 -2.033126302869895860e-02 -5.944303456002692811e-03 -1.196157965352462023e-03 -3.113066747676336479e-03 -1.306796078021604281e-02 -7.200169688564089787e-02 1.814385240335354699e-02 1.396429183327840273e-01 -3.896740486813520671e-02 6.252676682362204308e-02 -2.492506123103562302e-02 4.097662016262635515e-02 3.276370279764985460e-02 1.162162558166249110e-01 7.195075477284288042e-03 3.664164666262300241e-03 -1.665625755091985558e-02 -1.553461892245882117e-02 -1.289248158892664954e-02 1.500963197319164603e-03 -2.025023411340455982e-03 1.802912469741198460e-03 -5.892014551140827526e-03 -6.444233740122325138e-04 5.064526037237987617e-03 8.972567868965490578e-03 1.956047390954135032e-02 4.103371092610090531e-02 -4.459730177001695710e-03 -8.431951681755857353e-02 1.195214537442164104e-01 3.845355737675908159e-02 8.627644794958388985e-02 8.921712739275235171e-02 0.000000000000000000e+00 0.000000000000000000e+00 5.014932054585744068e-04 2.790119592479204779e-04 1.042483748642944810e-03 4.624697757971955479e-04 -4.522368699428415710e-04 -8.270541056651179584e-03 -4.114985901963835735e-02 8.756151264857656852e-03 -1.082800121087812385e-03 -1.715010711308473596e-03 -2.453624747618045766e-04 -2.914466254395223308e-04 1.090353659835811059e-03 -8.792280118585835136e-03 -3.318198800234031798e-02 1.800136554894693833e-02 -1.266798195046543772e-03 -1.358723391754202911e-02 -7.049295744220294459e-04 5.564258441682403203e-03 -4.962409509404089314e-03 -6.430737436757167497e-03 -3.695213863464129334e-02 1.441080083765635669e-03 -6.404901594026329815e-04 -4.445194258088916092e-04 3.227080709938761650e-03 5.942124819973618535e-03 9.749861645271063002e-04 -1.719964462917859468e-03 3.673389092883485403e-04 -1.178426813567133146e-03 -8.252210540313673851e-04 2.136767447425867543e-03 1.078895086565706714e-03 3.376717106595138965e-03 6.065491865857585395e-03 -8.255833972457108944e-04 1.755707920877908751e-02 -3.894564081375503656e-03 -1.086653370303926336e-03 -1.884018384087196227e-02 -6.652224689646629718e-03 -9.812523543315892355e-03 2.062552130573901132e-04 6.204980497155515888e-04 -2.777031721710238564e-03 -1.061675887362523510e-03 -7.237191909702293769e-04 2.357685868836437680e-03 8.931042738822717129e-04 -1.561466761831639035e-05 3.140886192823868920e-04 -1.725991166622191158e-03 -9.208932357790248786e-05 -7.550519543743685821e-03 1.094000358210471188e-03 -8.926852668829645624e-04 -2.350625392190049817e-03 1.796611115341086766e-03 1.432053680726276534e-03 -3.553488447001321854e-03 2.171102095194698319e-03 -1.141960749350137737e-03 -3.555585767424051819e-03 -3.360678300985089906e-03 2.654987559498308072e-04 -1.934523518246064177e-03 9.262875714242176529e-06 -5.219588191323290159e-04 -8.357919062503576428e-04 -4.394504941512994770e-03 1.557022221147204635e-04 3.741956658747084500e-03 -1.934141400553248888e-03 3.612747179297351452e-02 -2.175039411121517611e-03 -3.207193123198240781e-03 -8.612896161105960263e-04 -9.704047952266731114e-03 7.152166642543492971e-04 1.892939692236888854e-03
0.000000000000000000e+00 0.000000000000000000e+00 0.000000000000000000e+00 0.000000000000000000e+00 6.253509229538680575e-04 1.901927285227927172e-02 3.217964759463876143e-03 7.589990607365497410e-02 2.679165091545134339e-02 1.339173787985777943e-02 5.284305429259451847e-02 6.611323958002405382e-03 -9.199582678766813140e-03 3.211240076191400339e-02 9.384665700728309079e-02 1.468934310628106435e-03 -1.926347706375496904e-01 -3.896740486812601961e-02 4.731233106628029983e-01 2.304809164474219685e-02 8.337653403976973826e-03 5.844258130977004750e-01 -1.826671713096603977e-01 2.835288290008502327e-02 -3.306416361290837741e-02 1.774184865355077356e-02 3.595079081732674431e-02 3.669707794798731521e-02 -2.651379341134797035e-02 2.828064889303213980e-02 2.839617594256499400e-02 -1.712610487636034157e-02 7.041619593869901869e-03 -1.389738760124576214e-02 6.764752315103410123e-03 -8.120400922049422765e-02 1.985019741504862323e-01 3.768948020090207539e-03 -2.761143854343426837e-02 6.420359665836902763e-02 1.201893132190153257e-01 3.394592042486054007e-02 4.710129236367506522e-02 2.175585691898117985e-02 0.000000000000000000e+00 0.000000000000000000e+00 -1.179732486528735661e-03 1.247502990161302588e-02 5.858174273868376608e-03 1.857345547381858419e-04 4.602191916706341313e-03 5.282158989488998369e-02 3.339759668667529602e-01 -5.057882803019347201e-02 -1.342993940849948522e-03 6.338111236660860185e-04 2.455033413848333769e-03 8.236887679334250340e-03 -2.168487392613617590e-03 -1.200527337089577666e-03 9.804440180227091961e-02 -3.939382027100956848e-03 -7.181111949161000235e-03 1.517393368199815989e-02 5.536881453658533490e-04 7.322065154881108803e-03 5.218149280616857927e-03 -5.031311206806821784e-03 5.011472161166720396e-02 6.622138625200098792e-04 -4.550176553583042431e-04 -1.409431708014038942e-02 -1.791240336739410161e-02 8.180522966978222288e-03 -1.127157760710108605e-02 1.435445345752569754e-02 -2.778030097970752947e-03 1.377801755932115020e-02 2.235495834474009527e-02 -1.372852051546361724e-02 -1.605963130204108094e-03 -5.854837381534193017e-03 -1.828879190305567407e-02 7.381375512647350701e-04 -2.223397400424127063e-02 8.272413169303194022e-03 -2.026020100102182524e-03 2.727290919826745597e-02 8.479550253006871291e-03 7.700339461286944895e-03 1.698100332687271525e-03 3.893697497777569815e-03 5.841927869478609134e-04 4.242295683583784290e-03 2.359578668467994696e-03 2.012895598807921222e-04 2.985827021198811729e-03 6.515361347195072067e-03 2.854881109788177766e-03 5.710424803493566355e-03 -3.378169777402749256e-03 1.450716898838051412e-03 -4.333162049700023388e-04 -1.571825781272935887e-03 6.251985685147261676e-03 1.633212977041565914e-04 -9.072583913157895169e-03 2.001689626585819760e-03 -2.514702457218036171e-03 2.039367306243055700e-04 1.470745138450367789e-03 -4.206143409539062029e-04 -8.020162916074378631e-04 -7.857009821551037138e-03 2.291033328765825806e-03 4.176397756253689975e-03 4.653458225192690957e-03 -8.263814665466506088e-03 2.822983796506832975e-03 -3.459193256737016359e-05 9.770175578088881319e-03 5.439066115226818404e-02 4.201348861072158603e-03 2.707513183120006071e-03 7.683693492658306631e-03 1.231733377165561416e-02 -2.175349981232693221e-03 4.348891540646368514e-04
0.000000000000000000e+00 0.000000000000000000e+00 0.000000000000000000e+00 0.000000000000000000e+00 2.528614585254411982e-04 5.031909304329428186e-03 7.182615699327910518e-04 1.688452228846565317e-02 5.406316913477340197e-03 8.084940906559867635e-03 1.004981779012695600e-02 -3.701775034155245503e-03 -1.636359993776211486e-03 8.049630038581331165e-03 2.725528502747291346e-03 -4.862301662985750450e-02 -1.494480168845777751e-02 6.252676682362386107e-02 2.304809164473295424e-02 6.123079736879173673e-02 -1.557220696304326482e-02 1.040063543623741260e-01 5.485708283800082123e-03 6.736297128665981460e-02 -1.462851074461747137e-03 1.255324872207751186e-02 2.967513093201113242e-03 1.255377926940734251e-03 -1.261606256380852671e-02 1.223797098550833892e-02 1.056581975600938243e-02 -4.400279138067621568e-03 3.259306764195817963e-04 -3.623131917718368667e-03 4.618405827432006498e-03 -9.589246320639162845e-04 8.143558194102137882e-02 9.632605182051371187e-03 -1.883713127391982781e-02 7.116724041169815440e-02 9.638113153988828175e-02 2.881574628583090728e-02 7.481639366506682987e-02 2.903633009420805364e-02 0.000000000000000000e+00 0.000000000000000000e+00 5.224028327068990299e-04 1.858965936328759718e-03 2.075427447470245667e-03 5.894095912557131660e-04 5.567310166135918835e-04 1.114600079632290658e-02 3.445536185099544457e-02 -9.646632467185507764e-03 -8.304096134841223867e-04 -2.030209078909477310e-03 -2.571386834642706018e-04 2.569370140443879257e-03 2.343796963049841033e-04 -6.380415219274042024e-03 -2.408462370689923304e-05 1.181859675262507230e-02 -1.716702477480532832e-03 -6.204713658186015827e-03 -4.225204416132279876e-04 4.273115826758384916e-03 -6.623221386556931746e-03 -5.604248606756711756e-03 -1.035268225219547131e-02 2.738055621340802250e-03 -6.659104392270293396e-04 -2.590978091271304608e-03 -1.029260389000109625e-03 5.871325866776530913e-03 -1.849126088978939649e-03 2.315509934039835377e-03 -1.098630610824305812e-03 1.488515093248220494e-03 7.241953804318731168e-03 -2.500975622747566088e-04 2.932111848632965815e-04 2.626561877109336897e-03 -2.117778832644353487e-04 -2.693693814521586506e-03 4.443261072353434440e-03 -1.509848706539265294e-03 -1.352348822725741228e-03 -1.578228140450027225e-02 -4.397337447088842804e-04 -5.024438329296305496e-03 5.860962871576394983e-04 1.397782028547724922e-03 -1.562126195532663898e-03 1.413953500830624713e-03 -1.499564721040979199e-05 2.691376879124731010e-03 1.270869999895794626e-03 7.541832485844984302e-04 5.684822421628177216e-04 6.767368153935606617e-05 -2.852897120873367810e-04 -4.267223262008556020e-03 -1.843912094062835497e-04 -7.132049146681277482e-04 1.202801215228650744e-04 1.737698026345026615e-03 -1.543415012132777226e-03 -1.801951764571094140e-03 8.637269709771191193e-04 -5.016808656874363484e-04 -7.356082707696349121e-04 -2.339773042452965909e-03 -9.302121243758548069e-04 -1.661700284621401864e-03 2.836101407801640056e-04 8.975946636611138426e-04 1.282434719580903808e-03 -6.495403852197234942e-03 2.645066509336178439e-04 2.305317231047728128e-03 6.171289793692523538e-04 4.249628394164623596e-02 2.451900829352548355e-03 -4.093371670084696226e-04 5.100429092206430499e-04 -1.995289186841428097e-03 1.292726499265787251e-03 2.111742441830013334e-03
0.000000000000000000e+00 0.000000000000000000e+00 0.000000000000000000e+00 0.000000000000000000e+00 -5.498082929693455523e-04 6.889565233628673754e-04 6.174661863865300165e-05 -6.902273486568516708e-05 1.538790505226022860e-03 5.376390023813665411e-05 5.712971621816643163e-03 -1.807524199585932006e-03 -4.138281970198709405e-04 1.160161388339081209e-03 1.272409421462753973e-03 1.465545832640062843e-02 4.975255743216361326e-03 -2.492506123103271215e-02 8.337653403977966088e-03 -1.557220696304006946e-02 2.699337700028697773e-02 -1.000487555114858151e-02 -5.123657197769303749e-03 -3.022122669982828247e-02 -2.447961152129815923e-03 -2.589381295335207219e-03 3.117458933224843791e-03 7.205241922012963623e-03 4.896064209432592681e-04 -5.056872822630829141e-04 3.904419758450009079e-03 -2.241452573887981088e-03 1.932117662155425665e-03 1.128308242486703852e-03 -1.285466306796988504e-03 2.121541198374748277e-03 -1.283055108133921568e-02 -1.032634664388111176e-02 5.705301828037000374e-03 -3.478183292259132142e-02 -3.200460645650694130e-02 -2.542596915243957451e-02 -2.346512632960418010e-02 -3.520853904205504398e-02 0.000000000000000000e+00 0.000000000000000000e+00 -3.564658536052784580e-04 4.176274980841418287e-03 1.473206867377067214e-03 2.315859112282203473e-06 1.043216242562946313e-03 3.971108700554877233e-03 6.808932761788052956e-02 -3.653603412608503846e-03 -9.449112261466034984e-04 1.637274070700038683e-03 1.149171030344619225e-03 1.476682688636776503e-03 -5.543745507456737318e-04 -3.944397883644462817e-03 2.756480917009164477e-02 3.118584279680443935e-03 1.743954854705023804e-04 6.689715105351500685e-03 2.804462561478761350e-04 1.780280168421289255e-03 4.892567519126212947e-03 2.608931858208629259e-04 1.972482198010668680e-02 -1.564568104367607126e-03 -2.819005679271128031e-04 -4.111219110369037852e-03 -4.602901510399656088e-03 3.121440774172064628e-03 -2.117128229920632251e-03 3.298496502961919229e-03 -1.792137621848233729e-04 4.470183291959338619e-03 3.897741641760777906e-03 -4.609282687939398292e-03 -6.160840633829125579e-04 -4.683407041218013052e-03 -8.583493203931142138e-03 4.430379878163559146e-03 -8.383875330551994465e-03 5.331621803301548473e-03 1.836232985061430787e-03 1.067001330993906302e-02 2.652189340667232380e-03 4.900134367003490532e-03 3.351872002977861979e-04 4.271161953997152424e-04 3.051458236638019241e-04 -8.171115188461888085e-04 6.792994473511544543e-04 -4.596971018864387526e-04 3.957872167525037870e-04 7.522797282211241476e-04 1.317450807322312909e-03 1.170210620151853568e-03 -1.208615804153537069e-03 3.497562556636631495e-04 5.986311568917245148e-04 -8.168233168609389042e-04 3.890682726746539158e-04 -4.436193556673284568e-04 -3.568409521692801406e-04 3.036593281561768883e-05 9.633521804073823941e-04 -6.729594437086369361e-05 -1.831218260528746271e-03 -3.443088690622047796e-04 5.093832942147384808e-04 -3.093794659278250887e-03 6.758235853270514598e-04 3.919639553043939139e-04 -1.114819028909914359e-05 -3.220962728068522095e-04 1.636420327082388926e-03 7.102849807939974960e-04 2.506084448581807119e-03 2.600508505765534994e-03 -3.716747318478689447e-03 -1.382532084946943261e-03 3.599594434032054018e-03 2.854075105019913527e-03 -2.155021526679250145e-03 -3.107589957330883848e-05
0.000000000000000000e+00 0.000000000000000000e+00 0.000000000000000000e+00 0.000000000000000000e+00 4.739245540855605530e-03 8.253983841080458211e-03 -2.653953122739730833e-03 7.252569450988016753e-02 -8.162399661471827703e-03 4.151240302547987843e-02 9.071173119391126582e-02 -8.262147725935951176e-03 -1.985192534446606101e-03 7.593362110309068158e-02 1.436629678002019905e-01 -6.702218599053096082e-02 -2.947667331326718210e-01 4.097662016264289053e-02 5.844258130976769383e-01 1.040063543623883230e-01 -1.000487555115456284e-02 2.053410221942931102e+00 -2.281487179747031524e-01 9.440190325077305045e-02 -1.240270813995949725e-02 4.630841574379059716e-02 6.722349545234231061e-02 6.218458197147975347e-02 7.942721950243980533e-03 5.437083469628812421e-02 8.036467164414413944e-02 -2.421329173405094293e-02 2.117999429542585799e-02 -4.431326021675723037e-03 1.271985219357528105e-02 -5.829475076496386243e-02 3.306917243354625668e-01 -1.021240164493028985e-01 -9.127231369867730426e-02 -1.071983350773153543e-01 4.525006648175889934e-01 -5.173484492094972131e-02 1.315650164019978308e-01 -1.093625978718569536e-01 0.000000000000000000e+00 0.000000000000000000e+00 -1.171240357692347051e-02 5.473066753310999732e-02 2.455243261961926812e-02 -2.034355633465110072e-03 2.053906916267986965e-02 1.653514085499708797e-01 1.489263879471821816e+00 -1.638593873418184299e-01 -7.706947672789695933e-03 9.051759029701289538e-03 9.575319266076937064e-03 2.564680842544875272e-02 -1.207822090104367432e-02 1.147091686102683430e-02 4.995430563227326592e-01 -5.459168750096966838e-02 -1.245408150431241180e-02 1.404399269645452697e-01 2.237247932004342993e-03 2.353099563935495686e-02 3.595507926968415785e-02 -6.192993177168790858e-03 1.994463068872044387e-01 -1.162833343395859066e-02 2.037525199806128774e-03 -5.628794046059835965e-02 -9.768461403583589275e-02 1.768440961051889054e-02 -5.169605877764116980e-02 9.638223626910034925e-02 -5.978378901279779445e-03 5.954159001619678537e-02 6.647076979161931076e-02 -6.289319374161594922e-02 -5.590031707992946033e-03 -4.035852914942876513e-02 -4.122839320520628459e-02 2.417163709804094271e-02 -5.447484789599988525e-02 4.462395151380688096e-02 2.060477948648646584e-02 1.771718207495012465e-01 3.448613062103977889e-02 4.089313972052703583e-02 8.279670591648328679e-03 9.266872309416017764e-03 -9.964724086915965201e-03 2.701819091509293294e-02 1.064105172350754761e-02 1.841378025469397710e-03 1.329097294334040044e-02 1.445525008763257589e-02 1.201153500414042438e-02 1.779752204878404589e-02 -8.972771155224960535e-03 -2.668647886246713202e-02 -2.521009103789384476e-03 -1.098986470186752440e-02 2.267122591447490523e-02 1.730127523756653640e-03 -3.101304610282958063e-02 -3.362660397295519354e-03 -2.001259193829351898e-03 -4.730642070275915476e-03 -7.346522628547944890e-04 -1.969386656195279070e-02 -9.005486749486256090e-03 -5.128885888579101660e-02 1.120070128018222158e-02 1.050820327186319583e-02 1.301012301310865496e-02 -3.872124289134085129e-02 2.149820653462533246e-02 -6.090699601373268657e-03 4.825403186733513011e-02 3.343170577048478753e-01 -2.404638808517638865e-02 1.708928348063921271e-02 4.471645951646302519e-02 5.046624321798171692e-02 -3.714351560915228612e-02 2.219403576195744937e-02
0.000000000000000000e+00 0.000000000000000000e+00 0.000000000000000000e+00 0.000000000000000000e+00 -3.228114215990649546e-04 -3.689555250164029861e-03 -1.619707300254378288e-04 -2.330311800849367565e-02 -3.622463812882707572e-03 -4.975003151964052864e-03 -1.783353643983887071e-02 -1.924316674210702158e-03 1.231354761189820202e-03 -9.838034372967881247e-03 -4.261592067600023653e-02 -1.217226010770931094e-02 7.448151805383310120e-02 3.276370279764677373e-02 -1.826671713096577054e-01 5.485708283797243248e-03 -5.123657197769111195e-03 -2.281487179747024308e-01 1.001578130931255889e-01 4.268722557616981203e-03 1.004921277535428606e-02 -5.516625317336396571e-03 -1.363940311869104444e-02 -1.621885156036851836e-02 1.843896944929289579e-04 -1.006250780120031101e-02 -8.372529209209162229e-03 5.106201682985522620e-03 -3.218014364155408029e-03 -6.458838089318580042e-04 -1.873549712668361351e-03 3.909677509214726232e-02 -7.532351715596374842e-02 -2.907527464149645396e-03 1.314344947735714836e-02 -1.761207181392934751e-02 -3.844636232885623867e-02 -1.532007054844499762e-02 -2.721245793911019565e-03 1.463845468721473170e-03 0.000000000000000000e+00 0.000000000000000000e+00 4.427457257247875873e-05 -3.665482458135051018e-03 -1.649495454081686052e-03 -4.831422297764607606e-04 -1.310481853066510285e-03 -1.834796607160415691e-02 -9.358958823334408150e-02 1.713702026800535683e-02 4.377023725735654149e-04 -3.853151732240794013e-04 -9.161799085269967287e-04 -3.000956580754411077e-03 6.860267757691078687e-04 1.019121146042268992e-03 -3.107583334132163477e-02 3.858846234431057010e-04 2.568460654488876997e-03 -2.331644775922575227e-03 -2.399210941983666995e-04 -3.209247244180310661e-03 -1.657485086046218969e-03 1.947166235878262626e-03 -2.056404392762330863e-02 -4.840151709219501705e-07 2.972421986472741106e-04 3.966993226914718174e-03 4.820868063568079474e-03 -2.446828884772531999e-03 3.069412882432168664e-03 -2.222994684964631294e-03 1.143158347244115211e-03 -4.616542383850514263e-03 -8.045666108659874430e-03 4.014890047443525796e-03 5.433053481318091908e-04 1.613189725397980298e-03 4.702569171698033589e-03 2.957045127774473887e-04 8.515291438872984314e-03 -1.435577514443425306e-03 2.200793722601119499e-03 -7.273375241776126356e-03 -1.827420946109541578e-03 -3.124708697935786768e-03 -4.417447617309024121e-04 -1.335823521285229697e-03 -7.644727296779638658e-04 -1.433785752944686772e-03 -9.151876103198482940e-04 -2.481844300080073723e-04 -1.064935180491547633e-03 -2.122065082694943143e-03 -4.211265363938157232e-04 -9.945305865683600529e-04 1.130302993915222824e-03 -1.937801704167664129e-03 5.729806517819750235e-04 2.742572448294640754e-04 -2.200544786912921567e-03 -8.444840663282531662e-04 2.894131833568515735e-03 -7.559279350862892037e-04 1.765626110386448420e-03 3.389655103687494778e-04 -1.073008605639778857e-03 -8.643099664140223293e-04 -2.924452508601459253e-04 1.514966699606620434e-03 -6.773196976549232095e-04 -1.590456444982670144e-03 -1.450055846581776477e-03 9.659251757430133145e-04 -5.503828461993992647e-04 1.416651574241245375e-05 -3.167099784108096637e-03 -1.772986150001969879e-03 -2.450298454274285349e-03 -4.476924334925126876e-04 -2.251644540749800968e-03 -4.803076398389200842e-03 -7.858718292116540372e-04 7.911380668602229112e-04
0.000000000000000000e+00 0.000000000000000000e+00 0.000000000000000000e+00 0.000000000000000000e+00 1.062667237614982996e-04 -1.285805203816662440e-04 4.439034899413113119e-04 3.561375793581505068e-03 1.931012104127110543e-03 3.925966562853035365e-03 -1.433322454928084161e-02 -1.775092808629696439e-03 -1.879900695359046706e-03 8.976623389906776768e-04 1.294503786731470351e-03 -7.570876046063008957e-02 -9.265315626051675441e-03 1.162162558166272008e-01 2.835288290007140916e-02 6.736297128665726108e-02 -3.022122669983106844e-02 9.440190325074998556e-02 4.268722557622478542e-03 1.456025730484959979e-01 5.480260126993592544e-03 4.771121170341202644e-03 -1.235154614911727552e-02 -1.221653847454615659e-02 -1.292810936982395978e-02 3.167552501944329545e-03 -1.585477720713970341e-04 4.645416143047692049e-03 -5.632841750939207928e-03 1.225192197373273922e-03 5.741961774319549738e-03 -6.149367265496267533e-03 6.183249968291930354e-02 4.180253018743165794e-02 -4.985662415592244726e-03 -6.300676194177645684e-02 1.296784554942188028e-01 4.740334944406419254e-02 8.014262481489486944e-02 1.124448897714576401e-01 0.000000000000000000e+00 0.000000000000000000e+00 9.801412703883071419e-04 -1.115979666779990612e-03 1.750953483577210364e-04 7.916594084605789493e-04 -7.953878019855546190e-04 -1.411662994231954738e-03 -6.053531119984637693e-02 1.954086029775352167e-03 -5.368733960067483294e-04 -2.491258812473360826e-03 -8.543176914478111707e-04 2.015513564106068199e-04 1.183009129793652879e-03 -8.430946840825912295e-03 -4.075310470013500386e-02 1.751182762270890592e-02 -1.912502323687023534e-03 -1.631548430452741880e-02 -5.702755477328549190e-04 4.540864207930456198e-03 -7.365071901500620626e-03 -6.045610371019282878e-03 -2.986348920681233809e-02 1.652676802246931705e-03 -6.230934902541245338e-04 -4.434154654596217555e-04 5.432166003942798770e-03 6.484661404085743236e-03 8.562213702031844058e-04 -3.064222094837245388e-03 -4.449580358885600996e-04 -2.805709598618072627e-03 1.321120715450822131e-03 4.345737528750802381e-03 9.370347393032778856e-04 4.474293066874839714e-03 7.005117402517050014e-03 -6.166818259334199206e-03 1.442290176939201377e-02 -4.989381996825017693e-03 -3.379138212999288626e-03 -2.465668325534063968e-02 -6.166063137684945315e-03 -9.819358048163038047e-03 5.389271735278518358e-05 9.383169650915345944e-04 -1.220076804894777841e-03 1.465075438210624833e-03 -1.148255508433193486e-03 2.417330403133336695e-03 1.161414259788321217e-03 6.839795777940449548e-04 8.560861601357710061e-06 -1.433818637651991437e-03 -2.575020168094025049e-04 -3.237806338743249787e-03 8.471927443047523555e-04 -1.534899783963744775e-04 -1.891532772339411849e-03 1.597469521871807069e-03 1.261958398779566316e-04 -2.425220352949296158e-03 6.675579822959637998e-04 -2.851644997273113124e-04 -2.055001579268801205e-03 -5.706576904323940047e-04 5.730424319155722705e-04 1.246381801396543275e-03 -4.189868350641898242e-04 -5.550778771288641001e-05 6.671587102589303896e-04 -3.214584640265116030e-03 -1.140639807977694448e-03 2.741251888781052332e-03 -2.278382618558788195e-03 2.583539464548922568e-02 2.944534387783580374e-03 -1.721213713152239169e-03 -2.901134160418949049e-03 -7.335979195629224042e-03 3.680126082924182855e-03 7.670911508125045387e-04
0.000000000000000000e+00 0.000000000000000000e+00 0.000000000000000000e+00 0.000000000000000000e+00 -1.410787895176545347e-04 -5.217580835309711465e-03 -2.481277548901266936e-03 -1.127471652940322325e-02 -1.409771472383786542e-02 -1.655300275084141892e-04 -1.205189063770243513e-02 -4.553891263404592424e-03 3.387369951304569290e-03 -1.503288086675181982e-03 -2.129082252987084430e-03 -3.758272304202511273e-03 1.643344860031548810e-02 7.195075477282535971e-03 -3.306416361290379774e-02 -1.462851074462376191e-03 -2.447961152128603352e-03 -1.240270813995038995e-02 1.004921277535199796e-02 5.480260126991347812e-03 1.298679945158930440e-02 -2.294937878393679340e-03 -6.065373053270906555e-03 -5.724656082279502498e-03 1.237519663756871634e-02 -4.209900433776429633e-03 -2.568860546841526989e-03 1.916916076118220080e-03 -3.736544830476222576e-04 1.229446629723582665e-03 -7.357682198284357621e-04 5.341504160309391153e-03 -1.740687716226163931e-02 4.243051797391442226e-03 4.542677009533191250e-03 -2.661683732732012669e-02 3.389577667154774956e-03 -3.396701678993824507e-03 -4.658899265695525677e-03 6.337814585371571302e-03 0.000000000000000000e+00 0.000000000000000000e+00 -1.091118975611192173e-03 3.471532667984840882e-03 1.176986434931457911e-03 -2.561909716805625074e-04 1.272396816523052154e-03 -2.966841929730985351e-03 9.169415631950000867e-02 1.922987960356092743e-03 -4.662010763437589691e-04 1.606397896534384568e-03 1.023973243177134099e-03 -5.185645941363371380e-04 -7.049774384196779179e-04 -1.688073915417555998e-03 2.385787271544590610e-02 -1.170352208721910136e-03 1.299060291300820264e-04 1.219272455782080891e-02 6.633131230088115888e-05 6.459331210628414029e-04 5.864973854960071377e-03 1.183591901485512004e-03 2.497232121016172614e-03 -2.009299057707818106e-03 1.664797213539828159e-04 -3.902869656667896925e-03 -3.711192381739088567e-03 1.325825756191168804e-03 -2.062491341554776279e-03 6.523687752975975210e-03 6.355359928751014775e-04 3.516764591897487101e-03 -2.141175711454536279e-04 -4.489245883721432184e-03 -8.573081107233522383e-05 -3.556004465957034004e-03 1.732488145235128521e-04 4.965360766151531366e-03 2.275068668579231790e-03 2.955821313575303713e-03 3.659141820688816688e-03 1.929181574884590231e-02 -6.381560921673396988e-04 3.172145295393594047e-03 4.931961206244731910e-04 3.059351052919846215e-06 -1.520979743482306096e-03 -2.228062223501674471e-03 5.603306014278378131e-04 -8.907155246697305529e-04 3.854585749939929383e-04 -1.244524531634419863e-04 9.649440221451192033e-04 6.797311042582939887e-04 -7.840506869031460199e-04 -4.679188644581771563e-03 8.071082568609302694e-04 -1.385633105781805020e-03 -7.861063870562745755e-05 -1.169881582278667776e-03 2.945514566916611517e-04 -1.260771576758850255e-03 1.526117343534989096e-03 -3.388139258623136659e-04 -2.341348040387229625e-03 -3.130171084561437014e-03 3.336623869600998456e-04 -4.673400876469749506e-03 7.774206025630874461e-04 -5.171886377877411541e-04 -6.133251465392343740e-04 4.546825590245127512e-04 2.413949497309257012e-03 8.409083969184193760e-04 3.050506489294936303e-03 1.834228734922488044e-02 -8.617424332610560886e-03 -2.194066876429538043e-03 5.576580405774958157e-03 1.131211940770658663e-03 -4.817036535155347354e-03 7.100254316492217704e-04
0.000000000000000000e+00 0.000000000000000000e+00 0.000000000000000000e+00 0.000000000000000000e+00 8.039393041250937491e-04 2.116025827114285159e-03 3.765172805505397091e-04 1.596041076017171156e-02 4.049571237043683367e-03 1.444443398539368983e-02 1.366789771176798139e-02 1.069413148845582738e-03 1.356996797785491168e-03 8.485850305463546461e-03 4.777781388491785658e-03 5.918997795816686482e-03 -1.239021877867480144e-02 3.664164666258966970e-03 1.774184865355420138e-02 1.255324872207596795e-02 -2.589381295333987275e-03 4.630841574380245573e-02 -5.516625317339030748e-03 4.771121170338479128e-03 -2.294937878392947286e-03 1.986237090484409967e-02 4.484696562125215988e-03 -2.692432063585656950e-03 1.328011418932276925e-03 1.861049152727710029e-02 2.589593532617430038e-03 -2.696731411851145156e-03 1.098494477414061615e-03 1.731545833210184140e-02 5.688361029782863527e-04 1.016458180158175476e-02 1.686081525699350062e-02 -4.232750016796944445e-03 -3.060164707991361484e-03 -1.590879606047634551e-02 1.572178506967625636e-02 5.934718095367073898e-03 1.362327604971185803e-02 -1.965789568544330009e-03 0.000000000000000000e+00 0.000000000000000000e+00 1.536065231671187529e-03 -6.505764479144034163e-03 -3.222693227991517157e-03 8.169751747576053632e-04 -2.167430618226677888e-03 8.684588373462448713e-04 -1.483758146632790098e-01 -1.640473847028822447e-04 1.289730740258465203e-03 -2.201969139998437124e-03 -1.957098974372936499e-03 -7.278707264975501972e-04 9.652132845224992326e-04 3.374432224227442295e-03 -4.277753044128621701e-02 1.141869740207335151e-04 1.072478641403964202e-03 -1.712411193433277870e-02 -1.062790256835873269e-04 -1.582951291995204901e-03 -8.135892125885732865e-03 -1.336301077920532899e-03 -9.632049096935458091e-03 2.282491299222371480e-03 5.809229013342427623e-05 7.824751312578976173e-03 8.518135159234524467e-03 -4.386278082978942693e-03 4.195252951255934275e-03 -1.148617302653935114e-02 -7.163066814135232588e-04 -7.455764197661619852e-03 -2.775777518337977680e-03 9.482102313915784925e-03 5.176027465212082760e-04 5.466496843632592979e-03 5.499071666832806328e-03 -8.562027634875670964e-03 3.020681325395522480e-03 -6.530441659484506611e-03 -7.238655673935972222e-03 -2.389131113656080968e-02 -3.919774692028637521e-03 -7.193732215913402166e-03 -9.646321413133353718e-04 -6.717375715955534914e-04 1.849354853866605128e-03 5.256529540243807391e-03 -1.101144482086973504e-03 1.540979955889613170e-03 -6.898615458089480063e-04 -5.668941769327856669e-04 -2.885859027576380582e-03 -2.222330457593565262e-03 2.005718601773968414e-03 7.981741248238147582e-03 -1.393238679514230026e-03 2.098106275200533558e-03 -3.650265295942652088e-04 2.191413617386356143e-03 -1.880460387334841749e-04 9.289730421709103568e-04 -2.933401284299765564e-03 6.359513046306854199e-04 4.285361197125289734e-03 5.050268978529874435e-03 5.918860842711233820e-05 8.077538673869590763e-03 -1.447273848805415934e-03 4.164455705082762424e-04 1.072816179448244115e-03 8.757967695106629556e-04 -3.777101954006739648e-03 -1.109250009633339258e-03 -3.897366958953756878e-03 -3.211070659179662834e-02 1.056114044402611286e-02 2.981598519872617845e-03 -7.777723016927678285e-03 3.983740538586263849e-04 7.135184996765518359e-03 -2.104328811239916750e-03
0.000000000000000000e+00 0.000000000000000000e+00 0.000000000000000000e+00 0.000000000000000000e+00 2.846065680715361736e-04 4.168003945823702330e-03 8.060835509431837345e-04 8.273937499563141160e-03 5.121200350378784377e-03 2.203886265756199985e-03 1.589560409220557025e-02 1.796798693034912069e-03 -1.033158356856801220e-03 5.617863753083599671e-03 7.714963256034171324e-03 6.038006686623591593e-03 -1.955394761044031149e-02 -1.665625755091769758e-02 3.595079081732566878e-02 2.967513093202311936e-03 3.117458933224183295e-03 6.722349545234075630e-02 -1.363940311869056218e-02 -1.235154614911392404e-02 -6.065373053271329827e-03 4.484696562124571538e-03 9.858915372549981529e-03 8.130135656796788970e-03 -3.757179080104902560e-03 5.682725062885147192e-03 7.036878766401005042e-03 -3.458270551564569025e-03 2.586767818694332179e-03 -1.507029001691180840e-03 4.194158425258001253e-04 -5.612116699249928252e-03 2.814613699669570382e-02 -1.044387915860967714e-02 -8.918026807159175340e-03 4.963689722961252965e-02 5.175359146787215231e-03 -1.136890115557684291e-03 4.510496048025423171e-03 -2.185330718770770939e-02 0.000000000000000000e+00 0.000000000000000000e+00 1.085651838218405091e-04 7.094875300804242895e-04 5.608125395295334055e-04 1.650183049727007504e-04 3.764416902659405259e-04 1.079688854759119042e-02 2.653625734754303661e-02 -1.012725346909684916e-02 -1.945233723499263309e-07 -2.259328282251399237e-04 6.746070265696872334e-06 1.657567428645955300e-03 -3.234831453930769787e-04 1.583684018452612401e-03 1.423778587242715415e-02 -2.651981488297542027e-03 -7.708452776981868570e-04 1.269645343866260571e-03 1.012825749265036321e-04 1.268547720874287424e-04 -2.217882452720480041e-03 -1.648001109318256770e-04 1.335633707343271935e-02 5.206947750615297530e-04 -1.326854631567544660e-05 -9.679544414351562605e-04 -2.379041736803819487e-03 2.331716973824259033e-04 -1.638861918667481200e-03 1.264933462594814003e-03 -7.584778321104039328e-04 1.172794007607074482e-03 4.303372226971646092e-03 -6.938655781082154854e-04 -3.412075583130733461e-04 2.839271699235481131e-04 -3.277580054006685832e-03 -1.206210979613173877e-03 -6.128810298577662755e-03 5.664607588704508208e-04 -7.339298349765134132e-04 -2.614155460511020761e-03 2.978994648147149666e-03 6.211330067512409008e-04 1.380835809603735576e-04 4.685243122926620015e-04 9.102399961854186310e-04 1.857933511938495265e-03 4.048828488625824023e-04 5.181965136441793376e-04 2.683540579462629673e-04 6.203257948591391416e-04 1.156475323532037548e-05 6.092356191987038840e-04 5.551082614332143901e-05 1.948257536015787425e-03 -8.260449691647848373e-04 2.836022676424300145e-04 1.392357899329910338e-03 6.441797675917810845e-04 -1.662492440865619842e-03 7.454747701550960403e-04 -1.008409545072811581e-03 1.140489089647120548e-04 1.732299822655125523e-03 9.607495132682207853e-04 -6.578255289539594207e-04 5.070138520559589433e-04 1.579223998497521686e-04 7.351764741391583107e-04 1.137905932752273676e-03 -5.341553400111231226e-04 -2.294649111159715389e-04 -7.704281322472017728e-04 7.654544087352358091e-04 -3.773766950190965419e-04 3.427084671335725672e-03 1.897517897126347643e-03 -4.636792776192930499e-04 3.846338557722032113e-03 1.141738994886428663e-03 1.265988742168242670e-04
0.000000000000000000e+00 0.000000000000000000e+00 0.000000000000000000e+00 0.000000000000000000e+00 -1.611381416727682310e-04 3.935784097532054812e-03 1.090421878592437628e-04 9.577790059632693836e-03 3.629841215719983947e-03 1.789803480912915577e-03 6.713762352370349767e-03 4.605925347554840239e-03 -2.945917302489935597e-03 9.747300710884412508e-03 7.120439546585310975e-03 4.247963836364309839e-03 -1.896760998843922616e-02 -1.553461892245190656e-02 3.669707794798095224e-02 1.255377926944921223e-03 7.205241922009168049e-03 6.218458197146697897e-02 -1.621885156036516340e-02 -1.221653847453680643e-02 -5.724656082281067218e-03 -2.692432063586120122e-03 8.130135656796277227e-03 2.779419470275005036e-02 -6.789104051557822914e-03 3.050576190510165524e-03 5.919702930238216962e-03 -1.631255890405440643e-03 1.952861672552001901e-03 -4.978898892575286950e-03 1.034174736212732388e-04 -7.311446823350074842e-03 2.424923567630621335e-02 -1.593464510192403247e-02 -1.152627420983408195e-02 6.458023178857856539e-02 -9.775206820971209243e-03 -7.323798121611282963e-03 -4.530713138511813579e-04 -2.384148315430533252e-02 0.000000000000000000e+00 0.000000000000000000e+00 -1.867272051150665850e-03 7.997933471717488460e-03 3.353712431911673106e-03 -4.859169412211641328e-04 2.791226496254330114e-03 1.903931267693563523e-02 1.961621302625264074e-01 -1.919306036996337034e-02 -1.153979069534456390e-03 2.292356755393950250e-03 1.819579872903734959e-03 3.594837419479090385e-03 -1.910962116910410596e-03 2.665844448257609529e-03 7.823475043742705859e-02 -1.059882971060344299e-02 -1.285120980724922769e-03 2.340638967415317392e-02 4.048839096247977185e-04 9.575527382131025951e-04 4.326022411559053878e-03 1.431527740116035445e-03 3.978404617989612230e-02 -1.719700601931721702e-03 2.590851244637603604e-04 -9.537798579604812171e-03 -1.360857256732377236e-02 2.670904976680322975e-03 -7.585059586439612915e-03 1.602372608737582735e-02 -5.663553021275625999e-04 9.166889978964285618e-03 8.964995928825476509e-03 -9.952631187429195406e-03 -1.190918755392564050e-03 -5.994767530576127976e-03 -9.971042684270129547e-03 7.218553112195387478e-03 -1.390299331084768504e-02 8.383328251539864245e-03 6.681634012607128546e-03 2.197477849277855791e-02 1.051323509394246937e-02 7.117619393029788778e-03 1.030019521395948842e-03 1.413734708291599458e-03 -6.772692494357635852e-04 1.485249614493000438e-03 1.568704768867052466e-03 -2.832640054456016286e-04 1.130865223606621929e-03 2.003185758839821484e-03 2.938762946228210948e-03 2.765597946057257554e-03 -1.574813930500244992e-03 -2.669368520670888870e-03 1.050964469130459891e-03 -1.563048690792413764e-03 2.965446324958675474e-03 -8.746844656606331302e-04 -3.000037927347115434e-03 3.284478802889428083e-04 7.345704869255429998e-04 -5.475849646584959266e-04 -1.317173847140059315e-03 -2.619018276890723324e-03 -8.526548544248740589e-04 -6.533015166844280235e-03 1.790576333028032555e-03 8.018044390651496173e-04 1.822168304800307484e-03 -3.981382839198494873e-03 3.406156655326357443e-03 -1.023722241027900893e-03 6.229735271702085443e-03 2.249218006407230006e-02 -5.294584604499030442e-03 1.633564245092200334e-03 7.073628477636408930e-03 9.123153500826337164e-03 -5.472600827138251328e-03 2.340098249424800783e-03
0.000000000000000000e+00 0.000000000000000000e+00 0.000000000000000000e+00 0.000000000000000000e+00 6.184292770884222863e-04 -7.327849931760423152e-03 -3.668991520732878611e-03 -7.842907704334399488e-03 -1.947206940876785447e-02 -6.801643685879043676e-04 -8.851607202935828783e-03 3.503154374879721093e-03 7.353679193259141447e-03 -5.427182837185694914e-03 3.915395788882281014e-03 1.163835085119086996e-02 6.458034932630855006e-03 -1.289248158893291363e-02 -2.651379341133958817e-02 -1.261606256381212626e-02 4.896064209473314230e-04 7.942721950274515136e-03 1.843896944861060736e-04 -1.292810936983093684e-02 1.237519663757014748e-02 1.328011418930274187e-03 -3.757179080103804046e-03 -6.789104051553547688e-03 2.884122606612824630e-02 -1.764915660402709878e-03 -8.874688800490502377e-03 6.307087745741614578e-03 -2.857898017580450976e-04 1.440411280160450343e-02 -2.041954409507485552e-03 4.606977491271030747e-03 -2.535762100117406465e-02 -3.175317122663352983e-03 -1.401543442383091200e-03 -3.897281747095830695e-02 -1.343164138861253562e-02 -1.188949796958776832e-02 -2.374708500590144364e-02 -9.086300681851715993e-03 0.000000000000000000e+00 0.000000000000000000e+00 -3.445019829026061894e-04 -5.004040554520209662e-03 -3.422118566105116812e-03 3.352010828637777746e-04 -1.116114234384543540e-03 -9.421848547666367146e-03 -6.660184296366220003e-02 7.734132023346710315e-03 1.352093760788243343e-03 7.029919406964051359e-04 -1.009014216307392055e-03 -3.403256736006405898e-03 7.099069842178719726e-05 9.287112308692790225e-03 -2.109407558507738270e-02 -1.408731500901862915e-02 9.674344682901440560e-04 5.812156974163815333e-04 1.240698504225561951e-04 -3.337052446742307284e-03 5.749548243165216420e-04 3.637888180013788310e-03 -6.422005007766172849e-03 -2.210906675019089131e-03 8.404932854054220515e-04 5.355165834032627956e-03 5.403550576079473207e-03 -8.040543621020542972e-03 3.073485399654256236e-03 -3.882721909577178769e-03 9.195259379490087473e-04 -5.105978473011494288e-03 -9.254407830089288189e-03 5.151318140929904248e-03 5.688415934240315368e-04 1.874839196286780989e-03 1.032147396841158818e-02 -2.847127352510278424e-03 7.864213654016996916e-03 -3.608929506284763115e-03 -2.297382096795100304e-03 5.811508719958863312e-03 -6.699765953817970673e-03 -6.579677852475530409e-04 -6.610404682271883584e-04 -1.675533758755312370e-03 1.923224973377512560e-04 1.744615043598309132e-03 -6.526722603344521038e-04 -1.154816617504685755e-03 -9.823843113233310387e-04 -1.080589676445885489e-03 -2.139003312500031059e-03 -1.391840285806394050e-03 1.576311953332292827e-03 5.267673971299212561e-03 -7.963223469096864394e-05 1.215262421150408540e-03 -2.542110348411881580e-04 -3.917471468212843666e-04 8.155314419798587264e-04 2.599968262974369088e-04 -1.835361388165349019e-03 9.430904819752494771e-04 2.827943123028910273e-03 3.096584146221939820e-03 1.002168074779831962e-03 4.967157670893310346e-03 -7.941124968210337785e-04 -9.359339296712264073e-04 -4.325600063105586486e-04 5.376650104879655487e-03 -1.722901660273686193e-03 -1.901674761326252374e-03 -9.789756548245461334e-04 -3.271576422590007083e-02 2.951745845067943550e-04 1.657736937319321049e-03 -3.128818756988250953e-03 1.754235067482415094e-03 1.592030544559673534e-03 -2.903118760920375425e-03
0.000000000000000000e+00 0.000000000000000000e+00 0.000000000000000000e+00 0.000000000000000000e+00 6.243301377254963525e-04 3.356793360305969798e-03 5.338698920276250181e-04 1.935267169117587879e-02 5.961381244726381493e-03 1.613299574828658614e-02 1.426817743706393013e-02 -4.597920192877264639e-04 1.396546822891483444e-04 1.172114913915636887e-02 6.125551995751852413e-03 6.421906551834430377e-03 -1.681117948464051076e-02 1.500963197318153693e-03 2.828064889303498822e-02 1.223797098550824004e-02 -5.056872822629856611e-04 5.437083469629600679e-02 -1.006250780120247421e-02 3.167552501943990840e-03 -4.209900433775978605e-03 1.861049152727760683e-02 5.682725062885562659e-03 3.050576190509962562e-03 -1.764915660401566912e-03 2.009417695785293764e-02 3.824734702236439344e-03 -4.831596596618414029e-03 1.150300659284120286e-03 1.887158162221346316e-02 7.173638028802858512e-04 8.088427619994894430e-03 2.230609699438954388e-02 -6.766646818941829573e-03 -4.226960873065867957e-03 -2.046469253156645712e-02 1.326089751874321397e-02 3.365911906411856239e-03 1.330389282285331966e-02 -5.072534679818816762e-03 0.000000000000000000e+00 0.000000000000000000e+00 1.018634135298917718e-03 -3.282717866935665717e-03 -1.797813322391836853e-03 5.854421670949934778e-04 -1.215356694074921787e-03 3.471235675603380130e-03 -8.353464939918069099e-02 -2.735657541815581396e-03 6.254706068355717422e-04 -1.277887171097676945e-03 -1.089062268964976826e-03 1.295266272068743073e-04 4.818895692860297687e-04 9.640432693953627195e-04 -2.094896984013529598e-02 1.530654687423733821e-03 8.684255952602661349e-04 -1.032845698490266091e-02 -1.488149520362650307e-05 -1.849698608273125868e-04 -4.724481868206426016e-03 -1.546081615911491878e-03 -2.032662245649585493e-03 1.605340014569257281e-03 -6.399345221330915261e-05 4.533695220484169897e-03 4.646875964540123950e-03 -2.247593580129262324e-03 2.105119069513150358e-03 -7.113965383876696795e-03 -7.218545109237377430e-04 -3.915506901473510444e-03 -1.047356238335212506e-04 5.412543204469175660e-03 1.824176314104701178e-04 2.683386455963516787e-03 1.788521681827603222e-03 -5.171683989055292363e-03 -4.706002593927696340e-04 -3.472247351858223467e-03 -4.849241605637604965e-03 -1.461261492153309409e-02 -1.882889027361927398e-03 -4.433606988284547606e-03 -5.913880106082924394e-04 -2.012757612722019065e-04 1.348403187215376203e-03 4.059995550068170971e-03 -5.277925578825946309e-04 1.190975883845236515e-03 -3.488451673330104832e-04 2.725810389351742151e-05 -1.789244711686702356e-03 -1.448035854271260796e-03 1.206243246181507977e-03 5.354033715505616790e-03 -1.008765573208135480e-03 1.271436269662959201e-03 6.698678057428176429e-05 1.709590547531318660e-03 -6.573060814890591781e-04 5.537199966351092273e-04 -2.082262313526301797e-03 1.712799193865198618e-04 2.884257388520799180e-03 3.073477308941233947e-03 9.533606718163222925e-06 4.734773659319266130e-03 -8.205717337077867747e-04 5.847785383667864715e-04 9.623331655177201930e-04 -3.668694062957497844e-04 -2.279373533968393709e-03 -7.901132540507182361e-04 -1.976323274409839351e-03 -1.987047065255666614e-02 7.054520173117152446e-03 2.159038258833432394e-03 -4.470525719441070453e-03 1.556403686345122052e-03 4.649505025620322661e-03 -1.119464445056536032e-03
0.000000000000000000e+00 0.000000000000000000e+00 0.000000000000000000e+00 0.000000000000000000e+00 -1.697793174191427571e-04 3.126625890068555815e-03 4.601810231814687253e-04 5.828022920678404585e-03 4.675900574560950228e-03 3.845323212006503816e-03 1.377957107024675026e-02 -5.929086349416029175e-03 -2.396019161558918253e-03 7.969041567136828444e-03 5.204817080081114086e-03 -5.633411550970824147e-03 -1.432348290731605758e-02 -2.025023411336767526e-03 2.839617594256139271e-02 1.056581975601209207e-02 3.904419758447808583e-03 8.036467164413352293e-02 -8.372529209206345038e-03 -1.585477720667492763e-04 -2.568860546843145052e-03 2.589593532617166360e-03 7.036878766401157698e-03 5.919702930238984577e-03 -8.874688800493132218e-03 3.824734702235981811e-03 1.476438754720752269e-02 -5.115057956055309683e-03 2.827721531563158128e-03 -7.481410164631958210e-03 1.083017763340739931e-03 -4.177741948422578760e-06 2.947630377619354924e-02 -1.162216099348107982e-02 -3.404412374089651507e-03 2.352331735069539825e-02 2.589761820922046112e-02 -4.265899048854542019e-03 1.030675822623068269e-02 -2.261827870251256062e-02 0.000000000000000000e+00 0.000000000000000000e+00 -1.051294422176476430e-03 8.884651405548687000e-03 4.348072051289137568e-03 -1.741171263996283943e-04 2.867622213566740907e-03 2.311090976401267844e-02 1.983136385589464590e-01 -2.223139260983614945e-02 -1.343527451003244475e-03 9.876119742626566621e-04 1.598682258923083202e-03 4.944328311718663473e-03 -1.552108093018851045e-03 -3.942025975363024765e-03 7.119768601452500234e-02 5.404603644313669053e-04 -1.650857543621468953e-03 1.937690269455150799e-02 2.146817176199654993e-04 3.424160985203585257e-03 2.429865342304094594e-03 -1.808377826797930368e-03 3.323187697318054357e-02 -6.068354586277963439e-05 -2.158979909625024824e-04 -9.365143649086041244e-03 -1.318404456981358067e-02 5.670764998567529025e-03 -7.495789143303413504e-03 1.308960854976547877e-02 -1.297593201082867902e-03 9.192744207713834936e-03 1.328050003966888340e-02 -9.221843203457173385e-03 -9.843294979355139349e-04 -4.851593553613441079e-03 -1.091173282094461301e-02 5.174264365678894750e-03 -1.162015606332017850e-02 7.234883342537444702e-03 4.911369279180683410e-03 1.240903090521129799e-02 8.438048573580920683e-03 4.666799511050095592e-03 1.266945171659672161e-03 1.810451716681582600e-03 -6.546677413354550987e-04 1.831014970216180131e-03 1.449094565239103299e-03 8.843841716916326940e-04 1.669952675391162640e-03 1.634026201282858665e-03 2.998279770645947626e-03 2.978790718870379280e-03 -1.965715130169568524e-03 -4.839380094179407225e-03 2.564259609721709909e-04 -2.008759563252509456e-03 2.277952663199152034e-03 -1.172447435892955158e-04 -2.825700418055071030e-03 -1.176695448134154522e-04 1.535993464629567280e-03 -4.512250166760268556e-04 -2.043921918539214934e-03 -3.817638124004993274e-03 -1.203593907388200365e-03 -7.685333749153261049e-03 1.672795877203044719e-03 1.259465189551997990e-03 2.204887276080175207e-03 -6.612927744627119728e-03 3.685958637426060315e-03 1.315917608251147581e-03 6.021476210842690961e-03 4.111014504461433378e-02 -4.966074376244915441e-03 2.946475400438354833e-05 7.955946067770064065e-03 7.902269325334432964e-03 -5.229570155175236601e-03 2.539671130581092669e-03
0.000000000000000000e+00 0.000000000000000000e+00 0.000000000000000000e+00 0.000000000000000000e+00 3.372834840551767631e-04 -1.748810098408479664e-03 -5.094982328729302963e-04 -4.999830044200903600e-03 -3.733117276644817503e-03 -4.433123360859748084e-03 -6.738721685412732247e-03 9.179419406589499342e-03 1.444724408246971046e-03 -4.898478866418014971e-03 -2.757291532812141018e-03 1.818202878972219111e-03 9.184091853312903106e-03 1.802912469739241259e-03 -1.712610487636011605e-02 -4.400279138069528029e-03 -2.241452573886449761e-03 -2.421329173404435098e-02 5.106201682984093208e-03 4.645416143045050066e-03 1.916916076119110643e-03 -2.696731411850988597e-03 -3.458270551564544305e-03 -1.631255890405829004e-03 6.307087745743136797e-03 -4.831596596617847642e-03 -5.115057956055405960e-03 9.612797727015256338e-03 -1.668473328049124719e-03 8.243158040975775286e-04 -5.943090356199952394e-04 3.462630516225726190e-03 -1.698987379281487881e-02 3.760961474282506663e-03 3.118666414829679261e-05 -1.174976599583050412e-03 -4.153625933752874699e-03 -2.656595927722409187e-03 -1.130070035142828264e-02 7.572254688116426304e-03 0.000000000000000000e+00 0.000000000000000000e+00 5.707667884462861276e-04 -5.423691956996407049e-03 -2.792969969179652078e-03 2.992274015007426462e-04 -1.699534064692500212e-03 -5.189875550195726696e-03 -1.147381271595215163e-01 4.813004708179264429e-03 9.731645514686149091e-04 -1.224525693530460237e-03 -1.536191255089528612e-03 -1.773203763492609735e-03 7.133069451499217915e-04 5.482045010151304770e-03 -3.435643229324557291e-02 -5.367877097258571054e-03 3.999354342076541242e-06 -6.961401821541877803e-03 -2.506291491731328869e-05 -2.638653069756502142e-03 -4.434755943747127616e-03 1.131834346017251492e-03 -8.556218818118129649e-03 1.905176010830232722e-04 3.749456971778145119e-04 5.297538388338458686e-03 5.914957042066936073e-03 -4.466410693827013723e-03 3.039911749304476281e-03 -5.919018265556677191e-03 8.365702882901175760e-05 -6.030986610329739338e-03 -5.438052936409732384e-03 6.802833158802878283e-03 4.889990859212469494e-04 3.758588724817499629e-03 6.684249161398413477e-03 -5.311643796481024804e-03 5.205814248788966439e-03 -3.818398605029311131e-03 -3.160129925492181392e-03 -1.270305485252625627e-02 -3.005230505845649450e-03 -3.352268145132503933e-03 -7.198494067855944114e-04 -9.738190425506381516e-04 1.077320376533733547e-03 2.560978661846919063e-03 -1.086701115252051422e-03 8.274133581502591931e-05 -5.488072604965521777e-04 -7.146687911150993288e-04 -1.620228723553770751e-03 -1.279447260093846597e-03 1.348898869642900728e-03 5.494340335538775918e-03 -2.070674241933371281e-04 1.419582102173550832e-03 -5.977571528891872888e-04 4.001332179465462262e-04 6.096198499846994245e-04 1.169644243153763899e-03 -1.671448926687321571e-03 9.589780302450730265e-04 2.522891807550462027e-03 3.818661551318943727e-03 3.660665524635846606e-04 5.834562016392157331e-03 -1.086458675571878385e-03 -4.534469224341820251e-04 2.540614899534146239e-04 2.515931547825675345e-03 -2.639681481697696112e-03 -1.405727557075285919e-03 -3.062154521666907679e-03 -2.864669799251150575e-02 5.861055465408913229e-03 2.307148546092520347e-03 -5.888596250742988286e-03 -1.441856074848104101e-03 3.953892787511604189e-03 -1.817552046677134653e-03
0.000000000000000000e+00 0.000000000000000000e+00 0.000000000000000000e+00 0.000000000000000000e+00 -8.226130267181225937e-05 4.298998480179789974e-04 4.409649238372892222e-05 6.462425586842224711e-04 -3.170990940097207921e-05 5.732037733191969750e-04 4.103618839336595735e-03 -9.058573689313056823e-04 4.456045832714265709e-05 1.471306513223694795e-03 2.253079777201610207e-03 1.666040991092682241e-03 -5.152447887228664772e-03 -5.892014551140177872e-03 7.041619593870434429e-03 3.259306764201877569e-04 1.932117662155168492e-03 2.117999429542561166e-02 -3.218014364155351650e-03 -5.632841750938186176e-03 -3.736544830477986573e-04 1.098494477413733969e-03 2.586767818694411976e-03 1.952861672552515596e-03 -2.857898017586790306e-04 1.150300659283825383e-03 2.827721531563387545e-03 -1.668473328049163750e-03 1.753099759191195086e-03 -2.214937267916061454e-03 1.294963664452673677e-05 -1.516378618044626628e-03 8.187909920763965232e-03 -4.663778657348737443e-03 -1.636485413934649384e-03 1.156644026058508898e-02 5.727204168547478554e-04 -1.559829842096936659e-03 1.341555327891594870e-03 -9.233343059279400591e-03 0.000000000000000000e+00 0.000000000000000000e+00 -5.467655038683718314e-05 1.172994180022690017e-03 6.739855676926480906e-04 -1.209263319840900807e-05 3.936782434833134342e-04 3.201609810655230235e-03 2.658623556681780076e-02 -2.957856615097287801e-03 -2.270219819152819330e-04 2.180941089192825315e-04 2.537695494155486897e-04 6.632534421355769979e-04 -1.829795452519904469e-04 -1.245324574937949806e-03 9.059243924922310426e-03 1.202432177296601686e-03 -2.258880391409095242e-04 1.823828916317422758e-03 2.083735012151067233e-05 5.696845750238837495e-04 5.367483669249615294e-04 -3.174982032946351289e-04 3.866190765753157749e-03 1.247155133795196285e-04 -1.183868546570149467e-04 -1.094372153956340221e-03 -1.520675794688311228e-03 1.014432424101759361e-03 -8.344361560182209439e-04 1.364807973429987440e-03 -2.087598387789615549e-04 1.399808003160149224e-03 2.033481667071032270e-03 -1.415058319918214604e-03 -1.485571274934807597e-04 -8.782949276333326194e-04 -1.891994383792075084e-03 9.188149306465857305e-04 -2.021469595136279798e-03 9.524350136679646120e-04 2.873181476129850974e-04 2.737054793349931372e-03 9.508253978404846004e-04 1.104786219740574223e-03 1.752386403015805606e-04 2.771568002026094431e-04 -9.241520029686976323e-05 -1.803210713300117726e-04 2.992492738412268422e-04 1.348217735239923385e-04 2.270385932977212991e-04 1.694305178659811183e-04 1.958336158716973024e-04 2.604709960684478882e-04 -1.890483759388239722e-04 -8.390957577363701656e-04 -2.362736106211191852e-04 -2.184216537419122225e-04 3.743831359584131983e-04 1.617440417538693390e-04 -4.655313815801952150e-04 -1.306818754730328862e-04 6.539539733128040563e-05 -1.838975225728210121e-04 -6.998153696902198776e-05 -5.414660943050050987e-04 -2.543052947887303986e-04 -1.031445516740909368e-03 2.232876504607882780e-04 2.549635128173295944e-04 9.100759031979653558e-05 -4.214081626128251840e-04 4.731750215037743967e-04 7.184164082494812458e-05 7.896597930015286562e-04 5.959460381885745006e-03 -5.298423211825381259e-04 -1.947734587059166481e-05 1.097799550531460694e-03 8.794612778308508834e-04 -5.018548165999992461e-04 6.169095935510248568e-04
0.000000000000000000e+00 0.000000000000000000e+00 0.000000000000000000e+00 0.000000000000000000e+00 1.074404719527612562e-03 -2.379313968695773857e-03 -1.636616430877257077e-03 -2.271440143799380827e-04 3.910563319919845536e-03 2.250893513201807430e-02 3.818243004929807675e-03 -4.926273529026962972e-03 3.017557610226016124e-03 5.493000863725486585e-03 1.446623090210856326e-03 1.475149014034879587e-02 2.193547985100806168e-03 -6.444233740116969179e-04 -1.389738760124087716e-02 -3.623131917719475421e-03 1.128308242488090547e-03 -4.431326021661088910e-03 -6.458838089360161364e-04 1.225192197371927777e-03 1.229446629724372181e-03 1.731545833210126201e-02 -1.507029001691184743e-03 -4.978898892575982574e-03 1.440411280160580274e-02 1.887158162221379970e-02 -7.481410164631588713e-03 8.243158040970204655e-04 -2.214937267915957370e-03 8.247199816960584795e-02 -1.343440390205222733e-03 1.714077127900450609e-02 -2.078643425520067950e-02 -3.345186955308725348e-03 6.034387695591307207e-03 -1.323522306426660466e-01 -1.354428098966326335e-02 -1.035905155912440062e-02 -1.569175335883428446e-02 3.831284497444502595e-03 0.000000000000000000e+00 0.000000000000000000e+00 1.644833854831893481e-03 -6.072195323894179556e-03 -5.182917624780410126e-03 1.702866446418669754e-03 -2.525930670536658765e-03 -3.196965821649639349e-03 -1.792573153295944355e-01 3.572535573753221096e-03 9.431730889535378448e-04 -3.871840057876730192e-04 -9.631195559522045396e-04 -2.612186898464228212e-03 4.616219750745303996e-04 2.713100080807183618e-04 -3.476439073224796283e-02 4.939789133911846875e-04 4.801146477333962347e-04 -1.059914167901731229e-02 3.906902301158924479e-04 -2.512155989779852119e-04 -2.517133877651598923e-03 3.105393334866212579e-03 1.197336118582082234e-02 -4.102523562009094925e-03 2.172914956487544515e-04 6.556903618625423667e-03 1.129159011069251484e-02 -4.730501974206077591e-03 3.048268355360457017e-03 -1.172352827137362885e-02 -3.425536797630261395e-04 -6.849219983991071924e-03 -4.764619092879476998e-03 9.047602576717744816e-03 -4.376017770919859474e-05 2.549253507794987505e-03 4.309608058884508743e-03 -5.549462265189769247e-03 -6.030240486305129058e-03 -5.185136645247613932e-03 -5.748405654772401931e-03 -1.980035503778576969e-02 -5.069659082153309994e-03 -5.362104690319483349e-03 -1.521424516480529088e-03 -1.658402816731561515e-03 5.112816659182610468e-03 4.661689000849856754e-03 -5.586997240409518261e-04 -1.017538186947854130e-04 -7.441499360765128999e-04 5.962395142755480722e-04 -3.852412733953470420e-03 -4.140717561599971744e-03 2.189373871220901512e-03 1.116551175901269073e-02 -1.914367193436495489e-03 2.307766930390214247e-03 -4.132467124222452548e-04 2.078238177725522280e-03 -3.820207860342822101e-05 1.596657906424154075e-03 -4.393076132990315040e-03 1.354785635752587137e-03 5.046144850215973816e-03 7.053992968737024874e-03 1.782988662993006523e-03 9.566275061828104220e-03 -1.408760356644261219e-03 -9.599816323553318851e-05 4.368169455596952397e-04 1.793994448616066661e-02 -3.708222528614712500e-03 -1.960030833345530361e-03 -4.675869191014865416e-03 -8.932818840033626695e-02 7.200279392271535100e-03 2.103637027106812669e-03 -6.087855074176413799e-03 7.646257616548000208e-03 8.166646427323754134e-03 -4.997285719816486546e-03
0.000000000000000000e+00 0.000000000000000000e+00 0.000000000000000000e+00 0.000000000000000000e+00 -3.197018751590400252e-05 5.993360145485344785e-04 1.986258085019871375e-04 1.902685934440235789e-03 1.079677434624059205e-03 2.360240902236685314e-04 9.546199458049433456e-04 -3.216036243327699486e-04 -3.955611075496013890e-04 5.375711061074146639e-04 9.770791877307318397e-04 -4.153202448083363751e-03 -2.840957166225237425e-03 5.064526037238589566e-03 6.764752315101784687e-03 4.618405827432167828e-03 -1.285466306797421751e-03 1.271985219357197119e-02 -1.873549712667459729e-03 5.741961774320127401e-03 -7.357682198282979600e-04 5.688361029785349602e-04 4.194158425255568303e-04 1.034174736205039974e-04 -2.041954409506969038e-03 7.173638028802721903e-04 1.083017763340296275e-03 -5.943090356197096606e-04 1.294963664446303312e-05 -1.343440390205236177e-03 8.256063569914637301e-04 -1.639322448771622642e-03 1.462757541830815924e-02 1.556486807937520426e-03 -2.557623932497995675e-03 4.349755290047597339e-03 1.678716728281617193e-02 3.566712785369743725e-03 1.272760965308509726e-02 5.574482101612151380e-03 0.000000000000000000e+00 0.000000000000000000e+00 6.947223169341060689e-05 3.581215191848183830e-04 2.700385632770004605e-04 5.449813036999861583e-05 7.539524541208216836e-05 6.788217940854462951e-04 4.628662563684241178e-03 -4.737941653358196175e-04 -1.683918658886153334e-04 -2.013619994158441083e-04 1.891499576102616774e-05 2.781925463072977079e-04 7.602595983215778295e-05 -1.172234599049779696e-03 -1.376924952825502382e-03 2.000922980535205578e-03 -3.745741499836895529e-04 -8.419835310043823160e-04 -4.809462006265886246e-05 7.093693255015308440e-04 -4.838893461676691161e-04 -7.565305239581705202e-04 -1.675058780028255197e-03 2.102367623883504596e-04 -1.217302610471156205e-04 -3.631386684382815512e-04 -1.879276700955927887e-05 9.166244172274268676e-04 -2.212274947574506133e-04 4.627537185960173185e-05 -8.814297907624322667e-05 2.892002649183405020e-04 7.210646103398405098e-04 -1.959811400732170154e-04 5.920314109493408515e-05 9.140359719884147763e-05 -1.017647448941995554e-04 -2.828264460321452110e-04 9.304096061193423139e-04 -1.152541352459464591e-04 -1.638900137806913009e-04 -1.736613457453774212e-03 -5.437402891323231402e-04 -3.662792747887202690e-04 7.153702603714237520e-05 1.982516051777512105e-04 -1.871514764348005040e-04 -3.301090130873121382e-04 -1.171935306215328518e-05 1.755005356930958496e-04 1.312375540678675182e-04 1.346955015994303912e-04 1.531266998857723678e-04 1.088464132430094810e-04 -1.897365244698843794e-04 -5.687371173613985260e-04 6.506385538304531647e-05 -1.789926404729390037e-04 -1.049128932751902817e-04 5.670903795247107646e-05 -7.914858047221946715e-05 -2.771721205614407222e-04 2.425641002350426684e-04 -3.155510557102943572e-05 -3.811977549255900883e-04 -3.182106716077320787e-04 3.772609374965687958e-05 -4.423821683606559904e-04 3.477646014783106659e-05 9.450915397339498705e-05 4.411178081447484256e-05 -8.091038796561600150e-04 5.311669941592110525e-05 4.115878911081289520e-04 9.155992837029788205e-05 5.147524388623828107e-03 1.821756715304267754e-04 -3.750590955913154232e-04 1.295875454602943549e-04 -7.460681509614657805e-04 9.136460715481066865e-05 -6.457111421257822649e-06
0.000000000000000000e+00 0.000000000000000000e+00 0.000000000000000000e+00 0.000000000000000000e+00 5.779188532628992117e-04 -2.780002509677709493e-03 -4.864225405280206437e-04 -1.869403306637577259e-03 -2.557634248849990563e-03 9.674005212219333530e-03 -2.779932356168479841e-03 -7.994434315939401075e-04 1.853799347106118746e-03 3.673860888694956313e-03 -1.746413999249175550e-02 8.870168699663845413e-03 3.493545472088741000e-02 8.972567868959113735e-03 -8.120400922049021697e-02 -9.589246320658142888e-04 2.121541198378632757e-03 -5.829475076495257979e-02 3.909677509214403573e-02 -6.149367265501524613e-03 5.341504160310307954e-03 1.016458180158190047e-02 -5.612116699248884816e-03 -7.311446823349337584e-03 4.606977491273900847e-03 8.088427619995734036e-03 -4.177741947636098505e-06 3.462630516224774260e-03 -1.516378618044107946e-03 1.714077127900497793e-02 -1.639322448771998210e-03 1.657313919409884873e-01 -6.528980496654489263e-02 -1.267545335913811688e-01 1.544871359494388863e-02 -2.590891398310798954e-01 -2.468661095813193609e-02 -1.505440247546009080e-01 2.176362423019172904e-03 -1.279996138477672296e-01 0.000000000000000000e+00 0.000000000000000000e+00 -1.404128037851151234e-04 -1.579120750601523473e-03 -1.964531834154235532e-03 -1.640254647186420835e-04 -7.687904000591469326e-04 1.013686323068678768e-03 -4.543293871396770350e-02 -1.487578670243789106e-03 1.043222365033158114e-03 -1.002894969456808149e-04 -1.190800572855258560e-03 -4.058319373758322805e-04 -2.085652702892805063e-04 5.177320317717724538e-03 3.816447791826823449e-03 -7.132424979215808321e-03 6.300114865670958415e-04 9.218240109750964334e-03 2.102179204862132222e-04 -3.263606462110256803e-03 -2.426830457105091563e-04 1.535064508648361758e-03 6.002842550034484526e-03 -2.609409514020639888e-04 6.527206817485999273e-04 4.485956622636795565e-03 -5.343235952981733455e-05 -6.669344565318647590e-03 4.845189038949036667e-04 -2.372190776052028778e-03 -1.974168398553606942e-04 -3.767613921901762346e-03 -2.386852205354919772e-03 4.216431247716367903e-03 4.700981371689799074e-05 -2.736822473749659160e-04 -1.142110428719264950e-03 3.940417903532495662e-04 -5.816481038549096289e-04 1.792276876307941991e-03 -3.052237959747132641e-03 -1.830936559252554119e-04 1.220258868344013120e-03 -2.313295596976088289e-03 -7.689122518295363499e-04 -9.088678658372645672e-04 1.956380118386221150e-03 6.067278653403382349e-03 -5.576008813531021548e-04 1.411807896278968418e-04 -2.852230670744569131e-06 5.532142458991452360e-04 -1.494234315706373904e-03 4.496910605848941991e-05 2.489736880525381547e-03 7.101612240006639765e-03 -5.684361523912963765e-04 1.344443606365131570e-03 5.003942220459226984e-04 8.564445286886892238e-04 -1.466636210759340430e-03 2.045574780319001345e-03 -2.181272780568570876e-03 1.410152141142220761e-03 3.239087975170657635e-03 4.317375949379471771e-03 -9.355698275961541778e-04 3.219410181484941031e-03 -5.985086577341831816e-04 5.408291486061090757e-07 1.343721189540367537e-03 1.150501790290322721e-04 -1.037944534561995643e-03 -2.468283678829419261e-03 -4.773976222745195748e-04 -1.341586312731780917e-02 1.255553454442701966e-03 5.249823999625919183e-03 -2.928218113754359458e-03 7.124352109862043536e-03 -3.196754912727331650e-05 5.995926559774476285e-04
0.000000000000000000e+00 0.000000000000000000e+00 0.000000000000000000e+00 0.000000000000000000e+00 2.865373537051263972e-04 1.558598196041637018e-02 3.176503747578262541e-03 3.884522678111575200e-02 1.663257852389069674e-02 7.370364446651262759e-03 4.785286823946507256e-02 -2.023904589922401274e-03 -4.597239130131961990e-03 1.808291025398839347e-02 4.130377785857495404e-02 -5.472857734882177749e-02 -1.011101253761195751e-01 1.956047390956057452e-02 1.985019741504687185e-01 8.143558194103005243e-02 -1.283055108134789971e-02 3.306917243354225988e-01 -7.532351715595253516e-02 6.183249968293830223e-02 -1.740687716226155604e-02 1.686081525699703945e-02 2.814613699669278948e-02 2.424923567629577725e-02 -2.535762100117252074e-02 2.230609699438956817e-02 2.947630377618857059e-02 -1.698987379281238774e-02 8.187909920762695415e-03 -2.078643425519993357e-02 1.462757541830894681e-02 -6.528980496654933352e-02 4.754243251557762617e-01 6.472991808662106016e-03 -6.924094769699665197e-02 2.079186709375550057e-01 2.370138093802607593e-01 8.499579351624185486e-02 2.332685291619469581e-01 5.552275097433514994e-02 0.000000000000000000e+00 0.000000000000000000e+00 9.863176912465021050e-04 7.300269038837556290e-03 5.165362323155850768e-03 1.701578438182456930e-03 2.312752132534273003e-03 3.103609585132906939e-02 1.530981170683241577e-01 -2.707849405916274224e-02 -2.986543500999203418e-03 -4.119176922577704771e-03 -1.574720818315060618e-04 7.866033463136247808e-03 7.697497945303635042e-04 -1.992914188176794082e-02 -7.540982820507871609e-03 2.853597170465670477e-02 -7.758173032882711463e-03 -8.454412674468876274e-03 -5.918108659207200160e-04 1.290907174504542926e-02 -1.216707080706086463e-02 -1.247163290817635342e-02 2.051544101952212928e-03 3.246723291258814779e-03 -2.641156942445026939e-03 -8.501422772251243654e-03 -4.726433569775603805e-05 1.538949842003167756e-02 -7.389448680302231932e-03 3.350386994537204663e-03 -2.972101220868759042e-03 7.296064119040853238e-03 1.971614735767023702e-02 -4.606101995107716313e-03 5.201309729634738359e-04 -7.131708721833437264e-04 -7.016645418632984355e-04 -4.345283544674158338e-03 9.646596159052368835e-03 -9.745887236056252623e-04 -4.060824204118840958e-03 -3.247640467871778375e-02 -7.395623681581867809e-03 -4.536986056987530810e-03 1.758338803213936900e-03 4.282749273138381461e-03 -2.447388429204455824e-03 -4.448550327456496714e-03 -2.481622233394659670e-05 4.253419034613356922e-03 3.370243139848046101e-03 2.894708173926234702e-03 4.526226074294889198e-03 2.355005726800579648e-03 -5.551699845255036320e-03 -9.052023970691252391e-03 7.487585821388442666e-04 -4.895594427489031661e-03 -5.168435769815123842e-04 3.196986272072259222e-04 -3.250670990569386708e-03 -4.612210249483675306e-03 4.959462973026395119e-03 -4.647363791701263850e-04 -6.346107817816427563e-03 -6.332844968134997317e-03 1.239356650819514218e-03 -8.553006575011325163e-03 9.827505422139930051e-04 3.077170862757884397e-03 2.675538040142811692e-03 -1.485778209389597773e-02 5.298261803729550218e-04 7.702595939819520399e-03 4.547153208868980230e-03 9.309695661446573678e-02 1.120839317512050889e-02 -5.587932147680428965e-03 4.144702459399646904e-03 -9.092270818803285110e-03 4.032438743879142480e-03 -3.240911901036185733e-03
0.000000000000000000e+00 0.000000000000000000e+00 0.000000000000000000e+00 0.000000000000000000e+00 -7.208731268248111997e-04 -2.239742700412942784e-03 -7.197138381853380572e-04 -4.564425584757276231e-04 -1.542420580012645193e-03 -4.665970457531916186e-03 -1.925702266191403611e-02 -1.450952314888246482e-03 -2.394578929918552606e-04 -8.300324575836437110e-03 -1.388812506071757102e-03 -1.970053020191284837e-02 2.265306769395968034e-02 4.103371092610384741e-02 3.768948020091511183e-03 9.632605182051062406e-03 -1.032634664388276842e-02 -1.021240164493019409e-01 -2.907527464148094119e-03 4.180253018742809829e-02 4.243051797390556650e-03 -4.232750016794259093e-03 -1.044387915861002755e-02 -1.593464510192621475e-02 -3.175317122660945620e-03 -6.766646818939704537e-03 -1.162216099348250750e-02 3.760961474283262568e-03 -4.663778657349011529e-03 -3.345186955306281990e-03 1.556486807937290141e-03 -1.267545335913816684e-01 6.472991808651305627e-03 2.169034352292835977e-01 1.022046510834060881e-02 1.674282490691170466e-01 1.110449442405085987e-02 1.244478894079359688e-01 -6.776937811756541565e-04 1.648954797613937928e-01 0.000000000000000000e+00 0.000000000000000000e+00 1.987534543137943043e-03 -5.498337150995783427e-03 -1.801992190150344779e-03 2.901918542185588710e-04 -2.132212068572993720e-03 -2.523091904112853556e-02 -1.560770879782721610e-01 2.512246541214964435e-02 1.619755822296179999e-05 -2.614689827838856395e-03 -7.218443615065823962e-04 -4.623539460198764807e-03 2.032213196297551726e-03 -1.034980571742398492e-02 -7.882790126996876146e-02 2.121906487349044246e-02 7.911917067819905806e-04 -2.994854461646993468e-02 -5.713449447320105004e-04 1.698508065757092528e-03 -3.641281254212340099e-03 -2.523918569288739842e-03 -4.543229061029457894e-02 7.080443670755874955e-04 -7.832551049345440808e-04 2.691906960719532994e-03 1.385468975613536602e-02 7.229136502027316141e-03 5.513529922363376301e-03 -1.232531325411450468e-02 8.772085397765257576e-04 -6.322713083161888604e-03 -7.504322920091517635e-03 5.987670245321891765e-03 9.693276181804736866e-04 5.501836563567388469e-03 1.143254387437674102e-02 -8.535508961261494693e-03 1.363813666904096535e-02 -8.987497479937371636e-03 -2.055573020393591105e-03 -1.950559621296224511e-02 -1.019843303100290838e-02 -3.175646762281856411e-03 -5.280533021172451828e-04 -1.041625003307434637e-03 -6.541279414320367181e-04 -8.038461122523729227e-03 -1.233554686762556099e-03 -3.259456635838683123e-04 -1.614960515844445204e-03 -2.234039709240897079e-03 -1.664075303201396168e-03 -2.608538238589992904e-03 -7.966554844022207633e-04 -4.584687592833746120e-03 5.154119298298000858e-04 -2.436790783791127797e-04 -3.975689696215724961e-03 -6.810947051812468733e-04 4.679857728821195176e-03 -2.804266459690334980e-03 1.628830453865895552e-03 -2.425290165593847313e-04 -2.416306989226870133e-03 -2.274840642196330597e-03 2.379399395621577089e-03 3.157554938813393695e-03 -1.263773742651888490e-03 -1.221212466433534106e-03 -2.991314583042123821e-03 5.895140827879811682e-03 -1.925998517318914431e-03 2.973587016131506913e-03 -5.297478809843604065e-03 -1.899585969957609533e-02 1.199787688198629713e-03 -6.600616250256527429e-03 -2.898474367290597084e-03 -1.316701873702385422e-02 4.840941198224930908e-03 -2.965562666982481110e-03
0.000000000000000000e+00 0.000000000000000000e+00 0.000000000000000000e+00 0.000000000000000000e+00 -3.625166979696274713e-04 -3.203272622875803083e-03 4.394615183793551061e-05 -1.257198515595710046e-02 -1.422571180935581700e-04 9.072992077027359527e-04 -1.203275728205672676e-02 -5.654706154097040478e-03 -2.661504353761988970e-04 -2.536653337790731842e-03 -7.714609089409207345e-03 8.720662785177087095e-03 2.069480419724718800e-02 -4.459730177006063744e-03 -2.761143854342975809e-02 -1.883713127392027883e-02 5.705301828039134951e-03 -9.127231369866856125e-02 1.314344947735539802e-02 -4.985662415597020419e-03 4.542677009532525984e-03 -3.060164707991449521e-03 -8.918026807158340938e-03 -1.152627420983164987e-02 -1.401543442385516343e-03 -4.226960873065370092e-03 -3.404412374086337317e-03 3.118666414676329705e-05 -1.636485413934305909e-03 6.034387695589476207e-03 -2.557623932498177387e-03 1.544871359494503008e-02 -6.924094769699860874e-02 1.022046510833777080e-02 7.710673227581053835e-02 -4.068937413717017143e-02 -8.272717806950959096e-02 -2.936050793545832635e-02 -3.310595017636399490e-02 2.193649806472156363e-02 0.000000000000000000e+00 0.000000000000000000e+00 -5.143103242761139096e-04 2.972060447291553515e-03 7.663536704435192776e-04 -1.521353928515668894e-03 6.424904534926951204e-04 -4.777519484120453831e-03 4.720350316417259301e-02 3.011747060437261047e-03 -4.687448601422097329e-05 2.137209925211425426e-03 1.234056109935187341e-03 -1.457913545020724216e-03 -4.677263987010441991e-04 -4.798779619660881396e-04 1.589299205105148410e-02 -1.211233621704733412e-03 1.580122041142011449e-03 9.824631965371730807e-03 2.076180138034463586e-04 -2.916079504099129867e-03 8.796423029697164261e-03 2.392162625506483176e-03 3.129404662736823012e-03 -1.035719377805107127e-03 1.158702002152309235e-04 -3.489398983763302917e-03 -2.089267014912645458e-03 2.347665910322743917e-03 -7.421027577141844911e-04 3.346374495529511571e-03 8.201363581107389347e-04 1.229009950034359649e-03 -1.701197000203811573e-03 -3.223579515213384830e-03 -3.294789622428777364e-04 -3.978723306415984581e-03 -5.780090908811656887e-03 1.951828471418197517e-03 -3.238109683896251562e-03 4.830922884498579928e-03 2.391376934442662316e-03 2.069910778734303236e-02 -8.557382568153406796e-04 5.279535467946482041e-03 -8.486536716049465634e-06 -6.628009085952310184e-04 7.593503981429887374e-04 -2.056200867869665671e-03 2.280439454055430072e-04 -1.778930021868067651e-03 -1.375378928173952861e-04 7.955556199649748198e-05 9.913200619511178084e-04 1.666089631438835402e-03 -6.841288145252408682e-04 2.374291396814096067e-04 1.512638128050585937e-03 -7.807778819171537488e-04 -4.159802783581794273e-04 -1.954252679727411148e-03 3.288095326063639624e-04 -2.365430371840242805e-04 1.492748437733075820e-03 2.375393816269931262e-04 -2.154487528203192191e-03 -6.591156775293881102e-04 1.144445785928385534e-03 -1.688509558679612485e-03 3.361943575047181038e-04 -7.307405816644529451e-04 -6.977295116725718395e-04 3.071721473090188032e-05 2.263578389961066507e-03 -1.504568715369840586e-03 2.128653726750501674e-03 4.264572712847317093e-03 -8.894513225105465243e-03 -7.178589610709823834e-05 4.919110255777020199e-03 3.923190642535111065e-03 -3.587754508193711795e-03 8.463838196791327595e-04
0.000000000000000000e+00 0.000000000000000000e+00 0.000000000000000000e+00 0.000000000000000000e+00 3.377201326926643774e-04 2.990967380781454910e-02 2.681534705584857643e-03 6.171245446583732003e-02 1.528073072358515638e-02 -2.903576856488827851e-02 5.204381416361922308e-02 1.422704134489198580e-02 -1.367097108364517463e-02 1.474102635252636656e-02 1.310295521517566321e-02 -1.511281714592145956e-02 -1.250689762827561155e-02 -8.431951681751315153e-02 6.420359665833012819e-02 7.116724041171744453e-02 -3.478183292261208953e-02 -1.071983350774149690e-01 -1.761207181391126475e-02 -6.300676194172466493e-02 -2.661683732732891827e-02 -1.590879606046614186e-02 4.963689722960724915e-02 6.458023178856898971e-02 -3.897281747096681404e-02 -2.046469253155547979e-02 2.352331735068173210e-02 -1.174976599570059501e-03 1.156644026057953786e-02 -1.323522306426472561e-01 4.349755290049502933e-03 -2.590891398310904425e-01 2.079186709375823727e-01 1.674282490691546554e-01 -4.068937413716375989e-02 4.204683191432081912e+00 -2.733336031284317458e-01 3.909813451863146661e-01 8.562444191266437021e-02 -1.981116673035430292e-02 0.000000000000000000e+00 0.000000000000000000e+00 7.586157938829852891e-03 4.656703464735516447e-03 1.264335623480722891e-02 -2.831687233821797260e-03 2.621556442480754007e-03 5.395458572712755196e-02 1.312470605035086502e-01 -4.473486458335078353e-02 -1.676427719164266198e-03 -1.012936417971457663e-02 3.457943819673092202e-03 9.619555941434026342e-03 1.498368005371697800e-03 2.087560328317762670e-02 1.112479813930103423e-02 -6.454027427687554844e-03 -1.401674012071781744e-02 -3.278462167703396352e-02 -2.367791437856600536e-03 4.642569688339016898e-04 -3.803010354444663621e-02 -1.345874752883343371e-02 -2.400908788545428121e-02 2.535338751744669814e-02 -3.418296255512882041e-03 -6.879032932465373347e-03 -4.909643759732185142e-03 2.244483952991856851e-02 -4.339991094842506753e-04 -1.153280974995126579e-02 -4.363310720488264988e-03 1.062590481168373437e-02 3.947469582362411050e-02 -1.273390173563049808e-02 -1.747443034482751290e-03 2.874588800524405935e-02 -2.474051149903128133e-02 -2.211390174193759994e-02 -3.984571384183920734e-02 -1.542236411140132483e-02 1.525659279027958767e-02 -8.938253853595110043e-02 3.779876714560476136e-02 -6.073741374600654871e-03 2.458207350681155569e-03 7.628768532482382153e-03 -9.690989445882130376e-04 -4.100415659576649163e-02 4.288660629163740766e-03 2.612398316775905571e-03 6.479554696277199308e-04 3.664073627803766768e-03 3.168599494301449840e-03 7.697191200719467885e-03 1.656132625850152782e-03 -2.952375215581466705e-02 -6.943783475603709440e-03 -8.978273253198937667e-04 2.544750371572322527e-03 -3.709805758311786675e-04 -1.440196306958027930e-03 -3.113246418179752180e-03 6.852481670579387701e-03 -4.341256225525865278e-03 5.235898314219849907e-03 -1.520825567074474138e-02 -9.407639278186670506e-03 -8.636276739939123884e-03 2.015419194321328190e-03 1.066323944441971774e-03 -8.656271125526138199e-05 -7.223709895384055127e-03 5.958414008401006004e-03 9.122694592309374059e-03 -7.848659027764711554e-03 8.534785147987462850e-02 2.424905407933404707e-03 -1.274889979109178340e-02 2.048145087547862189e-02 -1.098631594135298858e-02 2.000185566561937800e-03 1.143483808036474189e-02
0.000000000000000000e+00 0.000000000000000000e+00 0.000000000000000000e+00 0.000000000000000000e+00 2.708261047522285371e-04 2.851124842219271340e-03 -3.923506563615359460e-04 2.732199882756745565e-02 -1.453987543944526908e-03 9.734197437192492267e-03 1.088936037308186992e-02 -1.014974164320813117e-02 -1.481343336028324723e-03 1.350905884204438648e-02 2.745839512235671159e-02 -9.024012458735716780e-02 -5.809210923783408864e-02 1.195214537442249730e-01 1.201893132189857660e-01 9.638113153989062709e-02 -3.200460645651335284e-02 4.525006648175327606e-01 -3.844636232884358906e-02 1.296784554942305434e-01 3.389577667158243535e-03 1.572178506968012479e-02 5.175359146783202816e-03 -9.775206820984420897e-03 -1.343164138860088001e-02 1.326089751874133180e-02 2.589761820921087851e-02 -4.153625933746935006e-03 5.727204168537694713e-04 -1.354428098966425909e-02 1.678716728281637663e-02 -2.468661095812564946e-02 2.370138093802562906e-01 1.110449442405795142e-02 -8.272717806950999342e-02 -2.733336031284350209e-01 5.282533722711885149e-01 5.727579301651089527e-02 2.589266205649956021e-01 1.138456790019758830e-01 0.000000000000000000e+00 0.000000000000000000e+00 -1.000256782289511096e-03 1.292723036687743431e-02 7.908220784273153892e-03 1.595140340785614237e-03 3.875013548867481047e-03 2.671461680517781684e-02 2.669719194350841374e-01 -2.281509666879058193e-02 -4.265091105364154402e-03 -1.524364993732683004e-03 1.087328934489439208e-03 7.916696057459263886e-03 -2.395708113855591487e-04 -2.238881347243749237e-02 3.655088360765805511e-02 3.189313214516750761e-02 -8.971150406900513935e-03 1.199260978330218830e-02 -6.421349459407182676e-04 1.760782027369248853e-02 -2.263904433427050937e-03 -1.384860888570587506e-02 -1.441492413910919548e-02 2.969524502651485834e-04 -1.686042272785444199e-03 -1.260740809772286850e-02 -1.270158568593283965e-02 1.661472897741833946e-02 -1.011314904583989621e-02 1.464912403929280460e-02 -1.884910679251215445e-03 1.314080928174642809e-02 1.886129137117206062e-02 -1.124022841143631005e-02 1.013327905597138142e-03 -2.920909987851279255e-03 -4.047320190344455559e-04 1.502558606677941583e-04 2.102683045546267782e-02 4.288283259128907073e-03 -1.208861901116722350e-04 -3.986131306111103008e-03 -1.160041369755603069e-02 -2.127340920584620820e-03 2.671096164420510601e-03 4.244224667760366533e-03 -6.422253200891993308e-03 -1.023080779334687926e-03 5.039086148836866789e-04 3.104616952349048727e-03 3.860257700100937044e-03 3.133437793324824871e-03 5.346248678042199269e-03 4.391465959712834155e-03 -5.636423778939718063e-03 -1.480974468909608197e-02 2.493859476471866482e-03 -5.679885436526639457e-03 -4.439446736168384602e-04 6.866665684539432612e-04 -2.756785549587397605e-03 -6.237913348378550278e-03 5.761560221228371331e-03 -5.881831221440142390e-04 -9.747676069464075374e-03 -9.178655171953490483e-03 7.658953814704992299e-04 -1.711004278141209020e-02 2.053901631620666263e-03 2.366640054831043501e-03 1.840127661372154737e-03 -1.941652399167024395e-02 3.714114830862400712e-03 7.927668637217126849e-03 7.860175577786064280e-03 1.397624144220899201e-01 -2.680374969074918960e-03 -5.445031073812918801e-03 8.037971028341726193e-03 -9.815422394108649223e-03 -5.004284399153588123e-03 3.050334248201024001e-03
0.000000000000000000e+00 0.000000000000000000e+00 0.000000000000000000e+00 0.000000000000000000e+00 -6.980079091119320567e-04 3.750567830658933788e-03 1.641838613960693114e-03 1.059244038575741023e-02 7.134069436097478269e-03 -9.586822354310650857e-06 -8.276929064950517547e-05 -3.263310760207707500e-04 -1.529244539231464951e-03 -3.587249008796517154e-03 5.735544069564885508e-03 -2.581639310792986988e-02 -1.772652702349594711e-02 3.845355737676534741e-02 3.394592042485186645e-02 2.881574628582971379e-02 -2.542596915244439010e-02 -5.173484492097839282e-02 -1.532007054843880119e-02 4.740334944406639217e-02 -3.396701678992956712e-03 5.934718095370639622e-03 -1.136890115560520781e-03 -7.323798121619508154e-03 -1.188949796958329273e-02 3.365911906412226602e-03 -4.265899048859283886e-03 -2.656595927718971833e-03 -1.559829842097819200e-03 -1.035905155912298335e-02 3.566712785369472675e-03 -1.505440247545968835e-01 8.499579351622126022e-02 1.244478894079398823e-01 -2.936050793545450302e-02 3.909813451862736988e-01 5.727579301650388699e-02 2.375301279145123901e-01 2.499387780442663756e-02 1.799379630376607697e-01 0.000000000000000000e+00 0.000000000000000000e+00 3.300615483062184670e-03 -1.010605049129572643e-02 -2.236176927190997900e-03 1.329695457234011165e-03 -3.202881221341970664e-03 -1.688053255445873604e-02 -2.409828823914273721e-01 1.865893941528481287e-02 8.487954424963265344e-04 -4.269420581781591985e-03 -1.058677246496290882e-03 -1.787014946616000827e-03 2.584103793980769941e-03 -6.383349353811016910e-03 -1.008888811855059159e-01 2.036925718295422294e-02 1.172241888149690159e-03 -4.735177780878714604e-02 -9.586954139785741538e-04 1.583271391446856077e-03 -1.645184294739020572e-02 -5.326197882612323901e-03 -4.743487945535417721e-02 5.939626719321297772e-03 -1.240592733774434440e-03 7.340882795468505265e-03 1.853934351237606845e-02 4.158686094942206854e-03 8.693082505797858003e-03 -1.919069931919724359e-02 4.817815673180110645e-05 -8.108322875973558719e-03 -4.339831739673244253e-03 1.048191397879404650e-02 1.212643868867307973e-03 1.314589325840109964e-02 1.238643196699190652e-02 -1.120519527334337163e-02 1.199194241622455678e-02 -1.622455109121307554e-02 -4.658586383446141309e-03 -5.378872240536216459e-02 -5.883321044781474919e-03 -1.607398470575864546e-02 -6.505224161213145470e-04 2.967437086548945055e-04 -5.562338333189503553e-04 -4.989763937779995509e-03 -1.503701260341865987e-03 2.721818685335559117e-03 -9.307609522404413239e-04 -2.424985388249974866e-03 -2.003710518372641379e-03 -4.972056876949316855e-03 -8.284776905324705762e-05 -2.572869409071051969e-03 -6.493990062681978146e-04 7.944988531515387092e-04 -3.731799178684808323e-03 1.989563061546956949e-03 4.924246091567340694e-03 -1.694460292476216703e-03 6.725257587064080184e-04 -1.222893822439344996e-03 -1.156344577726137234e-03 2.718571235320796082e-04 1.412964363099366173e-03 7.270974593954150980e-03 -1.423909953555864156e-03 -5.730644823183412727e-04 -1.459600204459686511e-03 3.014361582879299204e-03 -4.208365881393741348e-03 5.351028002404933752e-03 -9.341732354780262620e-03 -2.737725705733826814e-02 1.209480977733784664e-02 -7.639936067763392069e-03 -8.201195352078364392e-03 -1.859191659004432937e-02 1.068992409229402481e-02 -4.839515927366516874e-03
0.000000000000000000e+00 0.000000000000000000e+00 0.000000000000000000e+00 0.000000000000000000e+00 -4.719597774380629679e-04 7.002873194436762434e-03 2.056738338551096241e-03 2.336018172024946493e-02 1.064485676907493857e-02 4.382368533905646457e-03 1.306229637197532829e-02 -3.915809648295704576e-03 -2.759812763484196380e-03 5.791430147423002814e-03 5.730868485625417556e-03 -6.324883516263392347e-02 -2.451201914330779566e-02 8.627644794959063446e-02 4.710129236366111805e-02 7.481639366506818989e-02 -2.346512632960844058e-02 1.315650164019627200e-01 -2.721245793902082270e-03 8.014262481490097567e-02 -4.658899265694158714e-03 1.362327604971555126e-02 4.510496048023452526e-03 -4.530713138608281551e-04 -2.374708500589500088e-02 1.330389282285366487e-02 1.030675822622603016e-02 -1.130070035142465706e-02 1.341555327891226675e-03 -1.569175335883431222e-02 1.272760965308489603e-02 2.176362423022768118e-03 2.332685291619359114e-01 -6.776937811714565593e-04 -3.310595017635827031e-02 8.562444191263722526e-02 2.589266205649806141e-01 2.499387780442854576e-02 3.150914745502426118e-01 6.395249569681274449e-02 0.000000000000000000e+00 0.000000000000000000e+00 8.689069381881946857e-04 3.782286920774539235e-04 2.098990240133656680e-03 9.882768415067307889e-04 -9.575311250733858567e-05 3.510217697749413307e-03 -1.406026006142456486e-02 -1.253626720927127763e-03 -1.808971285511525810e-03 -3.761643181420960564e-03 -9.904862608121100306e-04 2.230003250175390320e-03 1.829191504795255052e-03 -9.746664793842622215e-03 -5.667699670270993223e-02 2.095219575533960321e-02 -5.175209918784922335e-03 -1.431566761963984705e-02 -9.258202871454596951e-04 8.335281393217860990e-03 -1.056726988538843684e-02 -1.200710714264387365e-02 -4.131556450692804722e-02 4.431650283321578523e-03 -1.517480281358416687e-03 -2.682760265112632547e-04 5.782922461057686189e-03 9.224218423573382272e-03 7.991586847186935363e-05 -4.112066121970939583e-03 -5.107427206855945454e-04 -8.317023159299784946e-04 3.762778294477316706e-03 2.794287938061213242e-03 1.702398398455203226e-03 3.740833531852874941e-03 4.198900985203080777e-03 -4.805663619698073187e-03 2.642356982345442362e-02 -5.329962120092886745e-03 -7.289368450174289402e-03 -2.958016680903763698e-02 -1.492963619267127437e-02 -1.139506524934404130e-02 6.599377117628933958e-04 2.706927105538129048e-03 -2.516448828608770696e-03 -6.190450371176428254e-03 -1.429870626152549918e-03 2.633492697770262441e-03 1.797506795909198287e-03 1.602190478191427292e-03 2.422753554650773807e-03 9.814486592369178752e-06 -1.571600283256267003e-03 -6.537632583307141990e-03 1.551512181478900600e-03 -2.657555043700610218e-03 -3.367734352322058512e-03 2.367291360782519411e-04 3.426598557989130045e-04 -4.052586445906746805e-03 4.265981854410580768e-03 -2.499447529343247964e-04 -5.148274195029090526e-03 -2.201595471534977498e-03 1.206447439780305303e-03 -3.153514991573696906e-03 -2.198724639643559464e-04 7.316078638351776551e-04 3.639066993566669739e-06 -1.106156261407126480e-02 -9.559881527335788859e-04 6.395425530454653881e-03 -5.101134300625031603e-04 6.902475873650945615e-02 5.284903396707666366e-03 -5.763472067882670358e-03 -2.247786343974334140e-03 -1.460979562944716634e-02 3.978022445211931019e-03 -2.374423646997815204e-03
0.000000000000000000e+00 0.000000000000000000e+00 0.000000000000000000e+00 0.000000000000000000e+00 -2.967734655295523115e-04 -2.275327685130045310e-03 4.647236715178801499e-07 -1.283790320935533722e-03 1.089904949836780022e-03 -4.241166667974445061e-03 -3.352617039975188534e-02 4.035546800122137047e-03 -4.763002387936430930e-04 -1.193246133754204651e-02 -1.636629899078634797e-03 -4.604701680766681154e-02 1.308254433179490556e-02 8.921712739274961779e-02 2.175585691897687080e-02 2.903633009420255109e-02 -3.520853904205827056e-02 -1.093625978718681946e-01 1.463845468724050101e-03 1.124448897714535600e-01 6.337814585375549023e-03 -1.965789568540532700e-03 -2.185330718771068617e-02 -2.384148315431644169e-02 -9.086300681841370103e-03 -5.072534679818677117e-03 -2.261827870251778561e-02 7.572254688119746564e-03 -9.233343059279888049e-03 3.831284497444551601e-03 5.574482101611135700e-03 -1.279996138477568768e-01 5.552275097430454942e-02 1.648954797613899903e-01 2.193649806473044889e-02 -1.981116673043070708e-02 1.138456790019564818e-01 1.799379630376464478e-01 6.395249569679763157e-02 3.557411102669881808e-01 0.000000000000000000e+00 0.000000000000000000e+00 3.257745183152846447e-03 -1.387031277378301258e-02 -6.029792237797623571e-03 6.923697870681969372e-04 -4.999908863006348632e-03 -4.257365785864076352e-02 -3.536176847704853854e-01 4.174934655565477187e-02 8.896633566549199627e-04 -4.035877905350184792e-03 -2.397351078582945962e-03 -7.738737358880025397e-03 4.028008940396449536e-03 -9.545278704498649444e-03 -1.663830052255898251e-01 2.775486530413678182e-02 2.963399106658069337e-04 -5.284561865028888916e-02 -9.550528499277648490e-04 -8.210828936537658933e-04 -1.194222745000827514e-02 -3.088857313029411827e-03 -7.929377293967039553e-02 2.169155694720610768e-03 -8.894516079123555245e-04 1.172702817297767604e-02 2.853080865868413973e-02 2.877501168108171671e-03 1.211503081083855141e-02 -2.381784788354722113e-02 1.660088666144422277e-03 -1.594190530838704434e-02 -1.825082400043428685e-02 1.746285215854492812e-02 2.370413540965255698e-03 1.062710871923405395e-02 2.393069736188828053e-02 -1.677556607065250338e-02 3.164034037029674756e-02 -1.666240158226076420e-02 -7.235411839382113047e-03 -5.118351650384676821e-02 -2.003480306927316046e-02 -1.362688550475328088e-02 -1.585861526711925202e-03 -1.237088583163608018e-03 5.009525008697955466e-05 -7.036071786925015246e-03 -3.542310389872495736e-03 1.661367117965442826e-04 -1.311779853582938603e-03 -2.623826693717997652e-03 -2.950143247443951303e-03 -5.589776710411130389e-03 -9.453807913642172170e-05 1.793300221927581189e-03 1.200574883001257875e-03 1.506794751514867799e-03 -7.087222796870499067e-03 -3.122537593523558633e-04 6.609455883378067068e-03 -3.284933926211793323e-03 1.072065442435511922e-03 2.068085934807011093e-04 -3.136724139514555747e-03 3.163104950407402000e-03 4.362532266186307933e-03 1.122710429818079073e-02 -2.931962852208402567e-03 -2.519701694371354744e-03 -3.065613700118939838e-03 6.540213993086112926e-03 -6.244171923248539868e-03 2.988326254869945811e-03 -1.134862429913502044e-02 -3.953801542331893126e-02 1.018558295338961757e-02 -7.311067335147163580e-03 -1.257333534852636374e-02 -2.450903098045884021e-02 1.209811898806825714e-02 -6.855357923650042158e-03
0.000000000000000000e+00 0.000000000000000000e+00 0.000000000000000000e+00 0.000000000000000000e+00 0.000000000000000000e+00 0.000000000000000000e+00 0.000000000000000000e+00 0.000000000000000000e+00 0.000000000000000000e+00 0.000000000000000000e+00 0.000000000000000000e+00 0.000000000000000000e+00 0.000000000000000000e+00 0.000000000000000000e+00 0.000000000000000000e+00 0.000000000000000000e+00 0.000000000000000000e+00 0.000000000000000000e+00 0.000000000000000000e+00 0.000000000000000000e+00 0.000000000000000000e+00 0.000000000000000000e+00 0.000000000000000000e+00 0.000000000000000000e+00 0.000000000000000000e+00 0.000000000000000000e+00 0.000000000000000000e+00 0.000000000000000000e+00 0.000000000000000000e+00 0.000000000000000000e+00 0.000000000000000000e+00 0.000000000000000000e+00 0.000000000000000000e+00 0.000000000000000000e+00 0.000000000000000000e+00 0.000000000000000000e+00 0.000000000000000000e+00 0.000000000000000000e+00 0.000000000000000000e+00 0.000000000000000000e+00 0.000000000000000000e+00 0.000000000000000000e+00 0.000000000000000000e+00 0.000000000000000000e+00 1.000000000000000000e+00 0.000000000000000000e+00 0.000000000000000000e+00 0.000000000000000000e+00 0.000000000000000000e+00 0.000000000000000000e+00 0.000000000000000000e+00 0.000000000000000000e+00 0.000000000000000000e+00 0.000000000000000000e+00 0.000000000000000000e+00 0.000000000000000000e+00 0.000000000000000000e+00 0.000000000000000000e+00 0.000000000000000000e+00 0.000000000000000000e+00 0.000000000000000000e+00 0.000000000000000000e+00 0.000000000000000000e+00 0.000000000000000000e+00 0.000000000000000000e+00 0.000000000000000000e+00 0.000000000000000000e+00 0.000000000000000000e+00 0.000000000000000000e+00 0.000000000000000000e+00 0.000000000000000000e+00 0.000000000000000000e+00 0.000000000000000000e+00 0.000000000000000000e+00 0.000000000000000000e+00 0.000000000000000000e+00 0.000000000000000000e+00 0.000000000000000000e+00 0.000000000000000000e+00 0.000000000000000000e+00 0.000000000000000000e+00 0.000000000000000000e+00 0.000000000000000000e+00 0.000000000000000000e+00 0.000000000000000000e+00 0.000000000000000000e+00 0.000000000000000000e+00 0.000000000000000000e+00 0.000000000000000000e+00 0.000000000000000000e+00 0.000000000000000000e+00 0.000000000000000000e+00 0.000000000000000000e+00 0.000000000000000000e+00 0.000000000000000000e+00 0.000000000000000000e+00 0.000000000000000000e+00 0.000000000000000000e+00 0.000000000000000000e+00 0.000000000000000000e+00 0.000000000000000000e+00 0.000000000000000000e+00 0.000000000000000000e+00 0.000000000000000000e+00 0.000000000000000000e+00 0.000000000000000000e+00 0.000000000000000000e+00 0.000000000000000000e+00 0.000000000000000000e+00 0.000000000000000000e+00 0.000000000000000000e+00 0.000000000000000000e+00 0.000000000000000000e+00 0.000000000000000000e+00 0.000000000000000000e+00 0.000000000000000000e+00 0.000000000000000000e+00 0.000000000000000000e+00 0.000000000000000000e+00 0.000000000000000000e+00 0.000000000000000000e+00 0.000000000000000000e+00 0.000000000000000000e+00 0.000000000000000000e+00 0.000000000000000000e+00 0.000000000000000000e+00 0.000000000000000000e+00 0.000000000000000000e+00
0.000000000000000000e+00 0.000000000000000000e+00 0.000000000000000000e+00 0.000000000000000000e+00 0.000000000000000000e+00 0.000000000000000000e+00 0.000000000000000000e+00 0.000000000000000000e+00 0.000000000000000000e+00 0.000000000000000000e+00 0.000000000000000000e+00 0.000000000000000000e+00 0.000000000000000000e+00 0.000000000000000000e+00 0.000000000000000000e+00 0.000000000000000000e+00 0.000000000000000000e+00 0.000000000000000000e+00 0.000000000000000000e+00 0.000000000000000000e+00 0.000000000000000000e+00 0.000000000000000000e+00 0.000000000000000000e+00 0.000000000000000000e+00 0.000000000000000000e+00 0.000000000000000000e+00 0.000000000000000000e+00 0.000000000000000000e+00 0.000000000000000000e+00 0.000000000000000000e+00 0.000000000000000000e+00 0.000000000000000000e+00 0.000000000000000000e+00 0.000000000000000000e+00 0.000000000000000000e+00 0.000000000000000000e+00 0.000000000000000000e+00 0.000000000000000000e+00 0.000000000000000000e+00 0.000000000000000000e+00 0.000000000000000000e+00 0.000000000000000000e+00 0.000000000000000000e+00 0.000000000000000000e+00 0.000000000000000000e+00 1.000000000000000000e+00 0.000000000000000000e+00 0.000000000000000000e+00 0.000000000000000000e+00 0.000000000000000000e+00 0.000000000000000000e+00 0.000000000000000000e+00 0.000000000000000000e+00 0.000000000000000000e+00 0.000000000000000000e+00 0.000000000000000000e+00 0.000000000000000000e+00 0.000000000000000000e+00 0.000000000000000000e+00 0.000000000000000000e+00 0.000000000000000000e+00 0.000000000000000000e+00 0.000000000000000000e+00 0.000000000000000000e+00 0.000000000000000000e+00 0.000000000000000000e+00 0.000000000000000000e+00 0.000000000000000000e+00 0.000000000000000000e+00 0.000000000000000000e+00 0.000000000000000000e+00 0.000000000000000000e+00 0.000000000000000000e+00 0.000000000000000000e+00 0.000000000000000000e+00 0.000000000000000000e+00 0.000000000000000000e+00 0.000000000000000000e+00 0.000000000000000000e+00 0.000000000000000000e+00 0.000000000000000000e+00 0.000000000000000000e+00 0.000000000000000000e+00 0.000000000000000000e+00 0.000000000000000000e+00 0.000000000000000000e+00 0.000000000000000000e+00 0.000000000000000000e+00 0.000000000000000000e+00 0.000000000000000000e+00 0.000000000000000000e+00 0.000000000000000000e+00 0.000000000000000000e+00 0.000000000000000000e+00 0.000000000000000000e+00 0.000000000000000000e+00 0.000000000000000000e+00 0.000000000000000000e+00 0.000000000000000000e+00 0.000000000000000000e+00 0.000000000000000000e+00 0.000000000000000000e+00 0.000000000000000000e+00 0.000000000000000000e+00 0.000000000000000000e+00 0.000000000000000000e+00 0.000000000000000000e+00 0.000000000000000000e+00 0.000000000000000000e+00 0.000000000000000000e+00 0.000000000000000000e+00 0.000000000000000000e+00 0.000000000000000000e+00 0.000000000000000000e+00 0.000000000000000000e+00 0.000000000000000000e+00 0.000000000000000000e+00 0.000000000000000000e+00 0.000000000000000000e+00 0.000000000000000000e+00 0.000000000000000000e+00 0.000000000000000000e+00 0.000000000000000000e+00 0.000000000000000000e+00 0.000000000000000000e+00 0.000000000000000000e+00 0.000000000000000000e+00 0.000000000000000000e+00
0.000000000000000000e+00 0.000000000000000000e+00 0.000000000000000000e+00 0.000000000000000000e+00 3.244594682510957938e-05 4.020961295348921515e-04 2.950897662740205882e-04 1.372712392550411772e-03 1.457482605314317945e-03 2.587844908731317685e-04 1.308033476446892468e-03 6.834671398848831845e-04 8.820852915996442879e-05 -1.466224274121130221e-03 -5.116933326895254730e-04 9.167801489078034743e-04 4.441017610060152255e-04 5.014932054579726746e-04 -1.179732486532033804e-03 5.224028327058876861e-04 -3.564658536053388481e-04 -1.171240357693087430e-02 4.427457257365023918e-05 9.801412703870381916e-04 -1.091118975610862575e-03 1.536065231672386873e-03 1.085651838215460669e-04 -1.867272051152572745e-03 -3.445019829002160658e-04 1.018634135299424474e-03 -1.051294422177544586e-03 5.707667884471121812e-04 -5.467655038689468651e-05 1.644833854832408043e-03 6.947223169313238706e-05 -1.404128037832548764e-04 9.863176912411656620e-04 1.987534543137431733e-03 -5.143103242754626294e-04 7.586157938816570981e-03 -1.000256782294742372e-03 3.300615483061128657e-03 8.689069381830726978e-04 3.257745183152062785e-03 0.000000000000000000e+00 0.000000000000000000e+00 4.740251078960593285e-03 -7.392647424092902743e-03 -4.422584156462986901e-04 -1.321018428302097106e-03 -2.300256952809143739e-03 -1.521552048344607284e-02 -1.749542194706967535e-01 1.876136891877525081e-02 -5.914492003485129212e-04 -4.118489138112237276e-03 -6.708362280520109361e-04 -1.812423211289081355e-03 2.592118404067213309e-03 -1.456881294034228017e-02 -7.595547732758681225e-02 3.250189865397751926e-02 3.009469221303248156e-03 -3.751241463940741677e-02 -4.187291664754950191e-04 -3.661669679721233500e-03 -6.124170476484367548e-03 4.068097233337956932e-04 -3.123015509141643595e-02 5.790321092027198545e-03 -1.780521064176721416e-03 1.129995104738656247e-02 1.239048804475437540e-02 2.571553663868661292e-03 9.307174879818124261e-03 -2.261440072293920134e-02 -5.008059917418899998e-04 -4.993494056014873526e-03 -1.347719930959631260e-03 4.156342388979983142e-03 7.860485734195058003e-04 8.251550396006609306e-03 8.161302897847453122e-03 -8.745007441056145553e-03 5.888367568773654297e-03 -6.665110054867884673e-03 -9.055487099564241485e-03 -2.708151278058543859e-02 -6.647416831335638092e-03 -3.889720459848491040e-03 -1.064025917638158729e-03 5.877833087311866997e-04 1.876352709070514945e-03 -4.434969393616348260e-03 -4.848960542391871575e-04 2.432503939845622690e-03 -7.997594818747441386e-04 -1.528726848015501353e-03 -3.651684185594780523e-03 -5.072150908360304605e-03 2.027860781048961870e-03 8.706535521609604956e-04 -2.538824446933945871e-03 5.399041582582020209e-04 -2.753405029909585661e-03 4.054750250281997578e-03 2.423018634757129544e-03 -7.541099678992368733e-04 -1.557784975234254021e-03 -2.102524415757818510e-03 1.685781736330007729e-03 -7.825415878752365424e-04 2.120220861910909098e-04 4.072633280523606063e-03 -1.235504916967728860e-03 4.493642581078680347e-04 -2.307779186847552875e-03 4.759883289971306858e-03 -2.849691253807039304e-03 2.209865842740212343e-03 -9.347572150743633027e-03 -2.766599517249922202e-02 1.024575159490630043e-02 -4.222791498776830646e-03 -4.126086975513558984e-03 -1.520832687732185523e-02 7.303189513026334817e-03 -1.884043270039827047e-03
0.000000000000000000e+00 0.000000000000000000e+00 0.000000000000000000e+00 0.000000000000000000e+00 -5.300768996245248162e-04 -1.070076263987486268e-03 -1.042113087659148930e-03 -4.498956460856385307e-03 -2.845347960556225513e-03 2.173979291072004102e-03 -4.585776792034310274e-03 -1.076434616302619253e-02 -2.917117112725198420e-03 9.088214779488500497e-03 2.319524240305279907e-03 -7.709453692279825271e-03 -8.961677781079879952e-04 2.790119592511858780e-04 1.247502990161408060e-02 1.858965936330940049e-03 4.176274980840073876e-03 5.473066753310073390e-02 -3.665482458133972020e-03 -1.115979666776359836e-03 3.471532667982878909e-03 -6.505764479145309184e-03 7.094875300799180756e-04 7.997933471717882242e-03 -5.004040554525589907e-03 -3.282717866936827548e-03 8.884651405549701814e-03 -5.423691956997893707e-03 1.172994180022369961e-03 -6.072195323895241206e-03 3.581215191854126342e-04 -1.579120750604553168e-03 7.300269038844868150e-03 -5.498337150992157855e-03 2.972060447289983157e-03 4.656703464747115676e-03 1.292723036689015677e-02 -1.010605049128830354e-02 3.782286920853824772e-04 -1.387031277377712493e-02 0.000000000000000000e+00 0.000000000000000000e+00 -7.392647424092246150e-03 5.006262077035357472e-02 4.296268111246456280e-03 1.157006421690580378e-03 7.646271579945971945e-03 4.977064433340326610e-02 5.369515842836684039e-01 -6.054209131857236220e-02 -4.573818751202853722e-03 1.659426730748106080e-02 4.031306234063157870e-03 5.923031210793437869e-03 -5.610347275028409672e-03 -2.685038790796288530e-02 2.135389918934143261e-01 -3.564871734045746768e-03 -1.771555207461432760e-02 7.212445386823314319e-02 1.730122318924240486e-03 2.497726011428148124e-02 4.212260251981316678e-02 -8.241191891838240552e-03 9.392567910711785428e-02 -2.149776257921124506e-02 2.669428418610263589e-04 -4.554419730761400525e-02 -3.250190046043300446e-02 1.999915266018856275e-02 -3.165335571824390987e-02 2.283830740807388585e-02 2.598438967874880319e-05 2.176535050254495979e-02 1.602422298450141211e-02 -2.307831082463809858e-02 -5.697539735197583964e-03 -4.081936393812292396e-02 -7.054159975063685473e-02 1.815240707757071609e-02 -5.934682153519652004e-02 3.330656144957963583e-02 4.444927333448107226e-02 1.077194834817753050e-01 3.269037716795780701e-02 2.363718469792626398e-02 3.996662834408947970e-03 1.040594842067550391e-03 -7.201304091584648237e-03 -4.900083417338218193e-03 2.272619004939464664e-03 -9.791065788391881131e-03 6.458239653576948805e-03 1.031744525619105596e-02 1.081137800160807821e-02 1.509141857026019898e-02 -7.852637540686335099e-03 -1.318735406170514976e-02 3.937989114636663256e-03 -6.287124806670257339e-03 4.746714290631802446e-03 -1.070600803376938089e-02 -1.037260474555888080e-02 -8.750495328378253904e-03 6.815369018930325130e-03 4.544322073577030698e-03 -7.737270948869808332e-03 -7.523966736822894352e-03 -1.235753296341406300e-04 -2.898894269581316768e-02 3.221745476539260994e-03 -1.946053493144507106e-03 1.306332251676279969e-03 -7.240697505194145130e-03 1.521973092166023153e-02 -7.219749700616240502e-03 3.105078376204851998e-02 1.054499680483654139e-01 -5.992678440792605088e-02 6.145132167164381494e-03 4.087452788555495653e-02 5.427518611334899989e-02 -2.572429117189072023e-02 1.904649954995011121e-02
0.000000000000000000e+00 0.000000000000000000e+00 0.000000000000000000e+00 0.000000000000000000e+00 -3.097367259122262343e-04 -2.194077169635721926e-04 -3.053272504020317774e-04 -1.614098931229217444e-03 -8.769713462941405423e-04 5.973410246420342209e-04 -2.053852660517632017e-03 -5.513708057671219340e-03 -1.631592257334960050e-03 4.032189059416841498e-03 8.469628534614610489e-04 -4.743918047966159436e-03 -5.690371377488098563e-04 1.042483748644908517e-03 5.858174273866356523e-03 2.075427447472437056e-03 1.473206867375602674e-03 2.455243261961607623e-02 -1.649495454079945474e-03 1.750953483596838760e-04 1.176986434930437243e-03 -3.222693227991841117e-03 5.608125395297286703e-04 3.353712431912784196e-03 -3.422118566107047559e-03 -1.797813322392041550e-03 4.348072051289651914e-03 -2.792969969179652512e-03 6.739855676926177330e-04 -5.182917624781561983e-03 2.700385632771890032e-04 -1.964531834154201271e-03 5.165362323158037387e-03 -1.801992190149665635e-03 7.663536704420436784e-04 1.264335623481970504e-02 7.908220784276269455e-03 -2.236176927188778755e-03 2.098990240134772541e-03 -6.029792237796528960e-03 0.000000000000000000e+00 0.000000000000000000e+00 -4.422584156451332812e-04 4.296268111245482232e-03 9.434201076897158478e-03 -5.338010964084498886e-04 2.920578561840937552e-03 -3.205495993877908838e-03 1.824212998696426724e-01 4.511163880724762543e-03 -2.197908051129455857e-03 1.466887303692243714e-04 3.344436909515209350e-03 2.022593460995541267e-03 -1.301427939245900856e-03 -1.149613445565444807e-02 6.736573727264623390e-02 2.031236319446704658e-02 4.307201148113381020e-03 6.578678689684870975e-03 -5.088823531912069643e-04 1.098568214060033701e-02 5.469750812725022483e-03 -5.818128490251350468e-03 -1.180201386040261903e-02 -3.268779378557424425e-03 -2.201787464045686777e-04 -9.999445365652203863e-03 -1.398650172793843363e-02 1.515848207509504567e-02 -7.553940599434545494e-04 9.966792183706871255e-03 1.345398473882789816e-03 9.537821079857251166e-03 8.123019332639491025e-03 -1.068465646533483387e-02 -1.269288445099147353e-03 -4.268046331271119209e-03 -1.501747333868234772e-02 1.252643626465735696e-02 -1.157389693420199546e-02 3.900691939514597598e-03 2.015421170645563097e-03 3.337887311936654777e-02 1.205304955949674725e-02 7.544014319146616181e-03 1.724945944818476358e-03 -7.277507100918065254e-06 -3.475065431777995574e-03 -2.674309426165259913e-04 2.735499314897665846e-03 1.573668186039873899e-03 1.390967494145274076e-03 -9.336531212246567237e-04 1.748129441072044732e-03 1.621351897821899334e-03 -2.257682540831778672e-03 -8.967624454120337249e-03 4.234173755951251396e-04 -1.977727519910498204e-03 1.866755231209591944e-03 1.050501204628600648e-03 -9.194605224145538727e-04 -1.404526035947784805e-03 3.828666617388910062e-03 -2.002483961288940590e-03 -5.574185265661937491e-03 -6.448559762206752116e-03 -1.796304957246719694e-03 -8.319533235716500622e-03 2.403514469514496116e-03 -4.376859066741748067e-04 -1.655517859341726697e-03 -5.849015851561402066e-03 5.331626429058778857e-03 2.508208133677816698e-03 2.994090005384318024e-03 8.724524615614637213e-02 -8.425928392318387042e-03 -3.372637778814825942e-03 7.041025618603080453e-03 -8.409577367309947760e-03 -6.334269336849872659e-03 6.744735077918815463e-03
0.000000000000000000e+00 0.000000000000000000e+00 0.000000000000000000e+00 0.000000000000000000e+00 2.848113906460957338e-05 2.143674010223498515e-04 5.789492763989024799e-06 9.373128382298419152e-04 3.850894530003584962e-04 3.233959183904759485e-04 1.087612593147388364e-03 1.593847865988809378e-04 1.056488138286902585e-04 -6.639316205937564885e-04 1.018973331147192841e-04 2.667331406119740050e-04 -2.742214031889334686e-04 4.624697757978961593e-04 1.857345547385926346e-04 5.894095912558068411e-04 2.315859112397372849e-06 -2.034355633465727634e-03 -4.831422297763117912e-04 7.916594084611815489e-04 -2.561909716804279037e-04 8.169751747576527428e-04 1.650183049723645393e-04 -4.859169412214879298e-04 3.352010828644968717e-04 5.854421670949635538e-04 -1.741171263999926862e-04 2.992274015009675639e-04 -1.209263319851539540e-05 1.702866446419493748e-03 5.449813036995798535e-05 -1.640254647173290605e-04 1.701578438180520545e-03 2.901918542179316059e-04 -1.521353928515055669e-03 -2.831687233827484985e-03 1.595140340784926419e-03 1.329695457231886129e-03 9.882768415059909294e-04 6.923697870682248012e-04 0.000000000000000000e+00 0.000000000000000000e+00 -1.321018428302416078e-03 1.157006421690756019e-03 -5.338010964084602969e-04 7.503475074818338926e-03 4.516142993792995387e-05 7.677345656158892327e-03 6.333072550593284861e-03 -5.540876673405038463e-03 8.376920430106184114e-04 3.225199046743711540e-03 3.791496348213481697e-05 1.393768512967227379e-03 -1.417145073402398823e-03 -9.541648682799643011e-03 3.061302245979312733e-02 8.866216368387304717e-03 3.503474395684593942e-03 4.309272905090422157e-03 2.338466359458449316e-04 1.131360293596814920e-02 5.075345123809465488e-03 -1.014670924634995591e-03 4.670379714680932166e-03 -8.036315065612130784e-03 3.169280733962159835e-04 -7.324646783921023342e-03 3.359896412058537701e-03 7.197532385203382621e-03 1.552505759712245617e-03 1.297770871601469991e-03 1.337331139306173022e-04 3.577052203936606153e-03 -3.864770591006341967e-05 1.993451049770095414e-03 -8.795573021649405248e-04 -2.227810081064692058e-03 -1.227015184212065790e-02 1.053382680880572686e-02 -1.266842686547302831e-02 -4.133580432916043705e-03 4.059755169229782058e-03 2.065334146906776247e-02 4.535539477498911828e-03 2.154098429560133247e-03 4.994059890074236665e-06 5.227584071301775645e-04 -2.688883704864314470e-03 2.901824882801981587e-03 4.508858260325358737e-04 1.664399512511917671e-03 1.014843206775865609e-03 1.354211836497414001e-03 -6.538280461420246242e-04 -5.899760159706839537e-04 -1.125230902625530159e-03 4.360412405568524219e-03 8.781859381248391730e-04 2.753411751599358910e-04 4.853179178671288485e-04 2.262189496440128976e-03 -1.104719014458783663e-03 -2.150550871736358163e-04 -1.965979949768750757e-04 1.061000522900954482e-04 -1.181281610308401644e-03 3.884303661744970427e-03 2.262790551914181658e-03 1.427437673384416954e-03 2.828262986327899570e-04 2.228451675974085517e-03 3.440548610600090433e-05 5.976049204376577065e-03 -1.629534922654786748e-04 3.639302676890086158e-03 4.480360870252880247e-03 -2.106765872543974599e-02 -3.416180764771220308e-03 -1.055604988200671383e-03 -2.433079472563222379e-03 7.421893435271022070e-03 2.656622948505352796e-03 3.906113720229123856e-04
0.000000000000000000e+00 0.000000000000000000e+00 0.000000000000000000e+00 0.000000000000000000e+00 -1.354469307922252276e-04 -3.762129433727736251e-04 -3.713921050069223309e-04 -1.490841211320694795e-03 -1.323292705034120496e-03 3.843893571624708858e-04 -1.286766212763246642e-03 -3.043992059933912139e-03 -7.640295009952372115e-04 2.934627640479962451e-03 1.063023739712159544e-03 -2.404231324740948705e-03 -9.948804720833048093e-04 -4.522368699395522100e-04 4.602191916706192994e-03 5.567310166161754288e-04 1.043216242561682784e-03 2.053906916267588673e-02 -1.310481853065486799e-03 -7.953878019820689090e-04 1.272396816521659821e-03 -2.167430618227893929e-03 3.764416902659567347e-04 2.791226496256047490e-03 -1.116114234388778000e-03 -1.215356694075526555e-03 2.867622213567633423e-03 -1.699534064693474910e-03 3.936782434831784510e-04 -2.525930670537627175e-03 7.539524541259387113e-05 -7.687904000611589950e-04 2.312752132541905786e-03 -2.132212068570753325e-03 6.424904534911169557e-04 2.621556442497227808e-03 3.875013548876157701e-03 -3.202881221337302957e-03 -9.575311249990312717e-05 -4.999908863001598092e-03 0.000000000000000000e+00 0.000000000000000000e+00 -2.300256952808327985e-03 7.646271579945964139e-03 2.920578561841633176e-03 4.516142993798833816e-05 3.822966058826069574e-03 1.419895222027310090e-02 2.813032171632687262e-01 -1.581947081790879839e-02 -5.289658419649304489e-04 1.985030109094610556e-03 1.699295811427689118e-03 2.058863326846733892e-03 -1.631214725893187110e-03 7.183629725674703891e-03 6.139220979917515975e-02 -1.726464215427066240e-02 -1.534893931741688426e-03 2.637565729955240745e-02 2.473800989891156306e-04 2.903723515709799932e-03 5.797468680534939231e-03 4.330559592404781798e-04 2.609562248015432490e-02 -3.687960467857064831e-03 5.928671780193108410e-04 -7.737711487983029400e-03 -1.072812816633426751e-02 -5.240578780939854093e-04 -6.473007089492599335e-03 1.344914533117325811e-02 3.965440710718536195e-04 6.949915170774981048e-03 4.767499889559653065e-03 -7.521665559830549401e-03 -1.008653450064003407e-03 -4.308606277761676054e-03 -9.443304095020310651e-03 7.198551314902591931e-03 -1.098761620931561905e-02 3.476803990540530340e-03 6.569269345790202871e-03 1.911418467939289545e-02 1.025583463913119428e-02 1.701658356708266647e-03 1.200492620532028158e-03 7.902207309220031864e-05 -2.441983748463842988e-03 1.550727981411719261e-03 1.188995776884352405e-03 -1.156899996802923701e-03 1.439628898467531799e-03 1.405087855477089734e-03 2.804595924482961109e-03 3.734624504071547280e-03 -1.923938150430728024e-03 -3.997580441233832167e-03 1.421339120734204080e-03 -2.072349685517247807e-03 2.093721690361131319e-03 -2.379272678346441936e-03 -2.495305163259531507e-03 -1.473558312447228492e-04 2.163939928451874984e-03 6.650490494214796261e-04 -2.357674346593319724e-03 -2.599279536283744755e-03 -4.500498608325222897e-04 -8.113673111460920420e-03 1.637903133970965630e-03 -6.678125548593798460e-05 1.384733586189955488e-03 -2.931190061618156074e-03 3.916009242153398705e-03 1.130111761890190743e-03 6.898219300308107947e-03 4.594427910979849428e-02 -9.919019955050132134e-03 -1.108865849721379308e-03 8.055192253529862983e-03 9.664480724986549559e-03 -7.742209047708051815e-03 7.754986443032993058e-04
0.000000000000000000e+00 0.000000000000000000e+00 0.000000000000000000e+00 0.000000000000000000e+00 4.669794908841341384e-05 3.783536881381113597e-03 6.618146768661904190e-06 1.478662780960113797e-03 5.526892932953860263e-03 6.804147146124462329e-03 2.093261874766898581e-02 -6.711407792582009535e-03 -4.925015397628131411e-03 1.298809843235971401e-02 1.097370602847207860e-02 -5.879102527779781449e-03 -2.758460651000249966e-02 -8.270541056632782842e-03 5.282158989488380113e-02 1.114600079633049079e-02 3.971108700551369622e-03 1.653514085499524500e-01 -1.834796607159817905e-02 -1.411662994211306324e-03 -2.966841929734522886e-03 8.684588373387047873e-04 1.079688854758900987e-02 1.903931267694018020e-02 -9.421848547685802988e-03 3.471235675599954919e-03 2.311090976401612360e-02 -5.189875550199858807e-03 3.201609810653665948e-03 -3.196965821651246570e-03 6.788217940878633070e-04 1.013686323060087550e-03 3.103609585135897603e-02 -2.523091904111442879e-02 -4.777519484122400191e-03 5.395458572714786905e-02 2.671461680522548010e-02 -1.688053255444340109e-02 3.510217697788343971e-03 -4.257365785861552676e-02 0.000000000000000000e+00 0.000000000000000000e+00 -1.521552048344717092e-02 4.977064433341199523e-02 -3.205495993875451602e-03 7.677345656159830813e-03 1.419895222027623555e-02 2.600900130626409013e-01 1.134823298789054968e+00 -2.772863428085149406e-01 6.269089420223827348e-03 1.811099110647336474e-02 1.404356418278149147e-03 1.955827970670068888e-02 -1.446671621311094134e-02 8.834672814441268951e-02 4.747220004202979959e-01 -1.992505247164125526e-01 -2.067791454421195885e-02 1.811413514033092809e-01 3.381071592130052705e-03 4.212428301936382846e-03 2.642971210368504423e-02 9.099596435660391169e-03 2.044038831635618392e-01 -2.103826302481409324e-02 9.942876423320645696e-03 -4.941088483819754129e-02 -7.757341883795093596e-02 -3.711976747294965656e-02 -5.133507995128838014e-02 7.113067450958528160e-02 -5.366702448840971439e-03 2.180398595843885054e-02 2.973256760690619338e-02 -1.772932400665071934e-02 -7.225266843219584588e-03 -2.425128698505830960e-02 -6.488777760735220390e-02 -9.851990569294897387e-03 -8.676075243204027510e-02 3.005005723463150674e-02 3.925710291460155626e-02 1.466263655483231454e-01 5.415438311602822907e-02 1.195227960953956260e-03 5.833832072833019730e-03 7.391069773133785402e-03 -7.922495106455089420e-03 2.738697744090586028e-02 2.896817494888612394e-04 -9.446601009439142826e-03 1.360076252938398692e-02 1.484693109527366120e-02 1.454735347569179743e-02 3.017429324168583241e-02 -2.856168580353680986e-03 1.796327038416482488e-02 4.848744503445735939e-03 -1.306797288586741042e-03 2.123995631249283450e-02 -1.449453392591008687e-02 -2.702410330540019889e-02 1.037711577622807933e-02 -4.640927872560241495e-03 1.339256908108997848e-02 1.929821534410266007e-02 1.150979757655552771e-02 -3.779345418058592011e-03 -1.270493133667487638e-02 4.725309899508436072e-03 7.601638347418696214e-03 2.291274878716132238e-02 -1.847687111363103402e-02 1.260299048370980973e-02 -8.335904096946671060e-03 5.198340894264921741e-02 -9.038274892245949654e-02 -3.952223013532207146e-02 3.077182612526122713e-02 3.976039109016225870e-02 1.245472712878097216e-01 -2.904102836835415619e-02 -8.140054347755987935e-04
0.000000000000000000e+00 0.000000000000000000e+00 0.000000000000000000e+00 0.000000000000000000e+00 -8.563965301824195617e-03 -2.661720524158851103e-02 -2.666261473070158372e-02 -1.035316344526700516e-01 -9.907772004961480639e-02 2.418009068619423815e-02 -8.686525811156896315e-02 -1.992175328868207029e-01 -4.924243841918077985e-02 2.047428631348436057e-01 8.025640554534888005e-02 -1.604121279359089214e-01 -8.005598629885568585e-02 -4.114985901939381685e-02 3.339759668667774406e-01 3.445536185118670131e-02 6.808932761779311338e-02 1.489263879471561580e+00 -9.358958823328761278e-02 -6.053531119958688311e-02 9.169415631939377420e-02 -1.483758146633760711e-01 2.653625734754651994e-02 1.961621302626630758e-01 -6.660184296399675186e-02 -8.353464939922676524e-02 1.983136385590212047e-01 -1.147381271596035479e-01 2.658623556680835345e-02 -1.792573153296712074e-01 4.628662563723970683e-03 -4.543293871413156548e-02 1.530981170689327264e-01 -1.560770879780971621e-01 4.720350316405700491e-02 1.312470605047620642e-01 2.669719194357524916e-01 -2.409828823910788453e-01 -1.406026006083188618e-02 -3.536176847701263948e-01 0.000000000000000000e+00 0.000000000000000000e+00 -1.749542194706402154e-01 5.369515842836785069e-01 1.824212998696998489e-01 6.333072550595678779e-03 2.813032171632811607e-01 1.134823298788853574e+00 2.121681119884839362e+01 -1.256207228473714910e+00 -2.051753765716186548e-03 1.415962776337481854e-01 1.090384997693216312e-01 1.397482427958394169e-01 -1.184938886722239348e-01 5.990095590737967157e-01 4.342277118207999109e+00 -1.382010444321086995e+00 -9.070971304713057459e-02 1.957645535720763830e+00 2.060015396774305535e-02 1.111908917410147357e-01 4.407215702013994041e-01 5.496403911870791775e-02 1.844414654941960441e+00 -2.013945037884990741e-01 5.099557261999666108e-02 -5.290654420973454064e-01 -7.802478320131988054e-01 -1.103331333133984737e-01 -4.768696555644089119e-01 9.803204434358993025e-01 2.094727072303895557e-02 4.728880663160952569e-01 3.200771443041386943e-01 -5.200053110302409465e-01 -6.404976961213518227e-02 -2.630179324462754709e-01 -6.049463986413083916e-01 4.263577561641050395e-01 -7.047876473059546676e-01 2.176398234048040892e-01 4.733117882734154680e-01 1.451213317854194829e+00 6.690320638438009837e-01 1.271706545939745026e-01 8.368164925739454696e-02 1.248014307287854952e-02 -1.830703805407185303e-01 1.253651010947643418e-01 6.800991233022650462e-02 -9.658089280539557120e-02 1.080076306494275190e-01 1.009616818663776061e-01 2.044690024612330903e-01 2.871732945978189844e-01 -1.225016843880711997e-01 -2.649857650568697709e-01 1.149803681961912294e-01 -1.522776237804031874e-01 1.475008234770223137e-01 -1.935669249499566424e-01 -1.927409544162381194e-01 1.813181476921787647e-02 1.431162963946017996e-01 5.710853902122874082e-02 -1.366418370661685311e-01 -1.780600891244037143e-01 -2.047292177333752405e-02 -5.691546445813209232e-01 1.110728437081114212e-01 8.234351746533873778e-03 1.197456334394306626e-01 -2.472649707068732272e-01 2.759210920897272046e-01 8.112361291258819718e-02 5.306625559912381274e-01 3.172749491643876318e+00 -7.281378070324131535e-01 -5.916134583147927839e-02 5.944669929265395947e-01 7.653386962583286213e-01 -5.789978884035029694e-01 1.962108645374842364e-02
0.000000000000000000e+00 0.000000000000000000e+00 0.000000000000000000e+00 0.000000000000000000e+00 -1.251226102859364774e-04 -3.122571947789103044e-03 1.130240211288510363e-04 1.025205423816205608e-04 -3.865730579921482744e-03 -6.009651743427346128e-03 -1.938265707218736478e-02 5.512732797530261672e-03 4.343703336725875455e-03 -1.298498809527199455e-02 -1.094985092503892102e-02 5.415084743787251104e-03 2.668818719643289636e-02 8.756151264843272525e-03 -5.057882803018538820e-02 -9.646632467189575691e-03 -3.653603412606076968e-03 -1.638593873418004998e-01 1.713702026800061756e-02 1.954086029758375295e-03 1.922987960357395954e-03 -1.640473846954841912e-04 -1.012725346909375962e-02 -1.919306036996648937e-02 7.734132023361867461e-03 -2.735657541811758933e-03 -2.223139260983831439e-02 4.813004708182948115e-03 -2.957856615095696192e-03 3.572535573753405844e-03 -4.737941653377524247e-04 -1.487578670235438147e-03 -2.707849405918451649e-02 2.512246541213680046e-02 3.011747060438827069e-03 -4.473486458335072802e-02 -2.281509666883407145e-02 1.865893941527353370e-02 -1.253626720961228957e-03 4.174934655563267150e-02 0.000000000000000000e+00 0.000000000000000000e+00 1.876136891877790147e-02 -6.054209131858105664e-02 4.511163880722380767e-03 -5.540876673405375867e-03 -1.581947081791302417e-02 -2.772863428085183823e-01 -1.256207228474018001e+00 3.102690305468126519e-01 -7.354549598151234428e-03 -2.889086038214796343e-02 -2.032244192649579773e-03 -1.709638584663859123e-02 1.752725261804235352e-02 -9.887045585267632830e-02 -5.481440199829811233e-01 2.315499761712839499e-01 2.251165418825050099e-02 -2.146439254826459087e-01 -4.026076852374673408e-03 -7.641532325450081306e-03 -3.756678032802197170e-02 -1.116415455939112795e-02 -2.282041578930505688e-01 3.541025640253137735e-02 -1.251458959587696540e-02 6.631896539554095471e-02 8.731194351011928312e-02 3.448018900346336291e-02 6.035751670703643629e-02 -8.340114410938842537e-02 4.308239921563263367e-03 -1.928271841062896563e-02 -2.776276862576641108e-02 1.855377406098592669e-02 1.001366413803155692e-02 3.625408169092622646e-02 9.094750113466176789e-02 1.747998178651721801e-02 1.133190945231940250e-01 -4.354560600671723153e-02 -5.363376660270799401e-02 -2.146671313494858402e-01 -7.496239359550685433e-02 -6.500306297743046330e-03 -7.271672319652841381e-03 -3.263662696377973155e-03 1.055208404593859298e-02 -3.782044573554157324e-02 3.480054797264824692e-04 1.533326551766288175e-02 -1.629038949369186751e-02 -1.456894953709745970e-02 -1.673926210535996856e-02 -3.737365614093053623e-02 3.247857955997999341e-03 -2.747940189835995292e-02 -6.624932263405911709e-03 -6.180124846033082514e-04 -2.579997380661241957e-02 2.107876681649175840e-02 3.236889900239093426e-02 -1.157902148309956740e-02 4.869567511860800266e-03 -1.949372487346261174e-02 -2.344957786779611891e-02 -1.797649838317464527e-02 5.981813760521361920e-03 8.976353757176541368e-03 -4.551200969742916214e-03 -2.818350088773119346e-03 -2.559474664864578447e-02 2.207891754713853238e-02 -1.622547445319822215e-02 1.848140017435674631e-02 -6.104216346599238702e-02 9.826884532793907223e-02 6.065951389012246703e-02 -4.247015030188279472e-02 -4.664595612176897221e-02 -1.513508472935684301e-01 3.627074639317195981e-02 -5.512013119881957295e-03
0.000000000000000000e+00 0.000000000000000000e+00 0.000000000000000000e+00 0.000000000000000000e+00 1.360444642639239228e-04 1.281983366464646058e-04 1.293035838209856609e-04 4.663778719668223386e-04 1.850796083112952648e-04 -4.712046951636171240e-04 1.234746768667749350e-03 2.530045350861801715e-03 6.698024545431712721e-04 -1.382739315457996547e-03 -6.669936208908569053e-05 1.995611559825479810e-03 -5.980223380740005718e-04 -1.082800121088615562e-03 -1.342993940849424202e-03 -8.304096134847906889e-04 -9.449112261458158255e-04 -7.706947672785709538e-03 4.377023725727779047e-04 -5.368733960076845380e-04 -4.662010763435817562e-04 1.289730740257750714e-03 -1.945233721311343325e-07 -1.153979069533907784e-03 1.352093760787431709e-03 6.254706068352292427e-04 -1.343527451002534106e-03 9.731645514679438964e-04 -2.270219819152082615e-04 9.431730889530269687e-04 -1.683918658886209170e-04 1.043222365032707736e-03 -2.986543500999761132e-03 1.619755822296245051e-05 -4.687448601363322729e-05 -1.676427719162838521e-03 -4.265091105364090217e-03 8.487954424944881612e-04 -1.808971285510778144e-03 8.896633566535922487e-04 0.000000000000000000e+00 0.000000000000000000e+00 -5.914492003490489508e-04 -4.573818751201271654e-03 -2.197908051128836127e-03 8.376920430106565753e-04 -5.289658419639785194e-04 6.269089420226521374e-03 -2.051753765644016847e-03 -7.354549598152378478e-03 7.025010128919598022e-03 1.293374178820197061e-03 -3.224615406256513034e-04 -1.091186283353524737e-03 -7.468108280238125885e-04 9.879399096902255831e-03 8.015300039064797780e-03 -1.755045156877315868e-02 6.469200169735616658e-03 -7.424539181591851764e-03 2.168748131590856232e-04 -8.493568473118624090e-03 -2.620182837402275323e-05 2.538670299696813189e-03 3.935433816897640144e-03 4.790233718651800039e-03 1.404671813639176781e-03 1.945272159090881588e-03 -4.110977747916488324e-04 -7.975396857374500437e-03 2.201344527531759205e-03 -7.888938591985653059e-03 1.472807548110575558e-04 -3.890580445097727592e-03 -3.134236328030956444e-03 3.886151099230522252e-03 1.635361344363218982e-04 7.936294705916013131e-03 2.058996412742985192e-03 -8.233005183932389989e-03 -1.837658727042718390e-03 -5.129419014605989674e-03 -4.259865260886052177e-03 2.720700258011873179e-02 7.776907707910301129e-04 1.961937050857002172e-05 -5.915059548378324809e-04 -6.887582684324231345e-04 1.240990415508896796e-03 3.886111736394323377e-03 -7.665471410026099969e-04 -5.845140784585472300e-04 -4.682290617565471069e-04 -3.610739738869302509e-04 -1.344197378135378795e-03 1.046445608985956512e-03 1.971342542263249120e-03 9.576730025838317908e-03 1.029588932664442539e-03 1.992747767592368147e-03 1.173556128194811615e-03 -1.188076874376010113e-03 -9.141429837297033317e-04 3.682286205279561471e-03 -2.201902308715448543e-03 2.463882712966339317e-03 4.532163070801849269e-03 4.738914170649173065e-03 9.896778347502752007e-04 8.435575175902428752e-03 -4.028284876721306912e-04 6.436547925541458073e-04 2.132133245151937410e-03 -2.242140346696556551e-03 -1.089300242936886830e-03 -9.207519325171893698e-04 1.499459525117698751e-03 -3.325790453785537615e-02 -5.345578462396263992e-04 3.404770943787879117e-03 -1.878120274261827708e-03 1.183675631860398904e-02 1.526876783819056897e-03 -3.157149308328099317e-03
0.000000000000000000e+00 0.000000000000000000e+00 0.000000000000000000e+00 0.000000000000000000e+00 -8.764924634069376161e-05 -9.707823742097559591e-04 -4.111865975832001713e-04 -2.168306258834263103e-03 -2.234922892697055463e-03 1.491623920610580904e-04 -2.633718271020913781e-03 -2.314397737553265579e-03 -1.818531630366019278e-04 2.214743795582508213e-03 4.926145994369210499e-04 -2.997160518702759254e-04 4.243493589351582601e-04 -1.715010711309636728e-03 6.338111236678216093e-04 -2.030209078910268777e-03 1.637274070700842511e-03 9.051759029701150761e-03 -3.853151732251150854e-04 -2.491258812474580770e-03 1.606397896534355512e-03 -2.201969139998685623e-03 -2.259328282253574417e-04 2.292356755393564708e-03 7.029919406955889485e-04 -1.277887171097934335e-03 9.876119742633635620e-04 -1.224525693531125937e-03 2.180941089192075589e-04 -3.871840057875936014e-04 -2.013619994158648708e-04 -1.002894969457894384e-04 -4.119176922580589616e-03 -2.614689827838903666e-03 2.137209925212150540e-03 -1.012936417972376893e-02 -1.524364993730369967e-03 -4.269420581783252115e-03 -3.761643181420839567e-03 -4.035877905351597725e-03 0.000000000000000000e+00 0.000000000000000000e+00 -4.118489138112700447e-03 1.659426730748224388e-02 1.466887303699352014e-04 3.225199046743605722e-03 1.985030109095431948e-03 1.811099110647228227e-02 1.415962776338142437e-01 -2.889086038214622176e-02 1.293374178819965475e-03 2.128410763130962266e-02 1.238187360601491994e-03 -1.372179591285966433e-03 -4.071175078493693977e-03 -1.391584553133581349e-02 1.186766329753025095e-01 -6.348062739622695573e-04 7.767801133018139431e-03 3.619379121797531434e-02 1.184087842116925138e-03 8.851615387119938713e-03 2.480631657252900524e-02 2.015949859125330725e-03 4.223523819969982745e-02 -1.465401521337899270e-02 1.809151446414528552e-03 -2.285763393844918862e-02 -1.374667819984990401e-02 1.153405919598147686e-02 -3.332651829290873228e-03 8.126836002118444438e-03 8.435724211813433893e-04 6.718225866428798911e-03 2.337993337382936274e-03 -6.497240791971727394e-03 -3.601238578354072628e-03 -2.174567219626510547e-02 -4.664369866581016821e-02 6.865585791967733151e-03 -4.159161816107431742e-02 1.905663429513814594e-02 1.358875634219756240e-02 1.096522707601706170e-01 1.709902295002420705e-02 2.245960092614939299e-02 1.616130032779214149e-03 -1.743499397638269017e-03 -4.204459755964019482e-03 9.850726876499186352e-03 2.329371906962801738e-04 -5.257218341101224657e-03 4.368404795728223974e-03 1.765338368194383379e-03 2.930972205437017229e-03 5.586974462912095568e-03 -1.893363204393486198e-03 9.572845351760833968e-03 2.718674584983219334e-03 1.355920393724104360e-03 3.790204189029783722e-03 -3.606114440973015589e-03 -6.019645866316696015e-03 1.295116316710394095e-04 7.167574923509704814e-04 4.568828826343385684e-03 1.436182104700373845e-03 7.666701082652799260e-03 1.606583533893370672e-03 1.499409727194560369e-03 6.895298420388333311e-04 -2.024377564385307967e-03 6.554863240197626728e-04 3.297949941542865915e-03 4.639876047031906391e-03 -8.323332029696067780e-03 1.312703467995409573e-02 -2.743391333698876403e-02 -3.145806014968556552e-02 1.071255501761977577e-02 1.113027462193099532e-02 3.652294258766752844e-02 -4.729985795336356588e-03 1.025154285298793613e-02
0.000000000000000000e+00 0.000000000000000000e+00 0.000000000000000000e+00 0.000000000000000000e+00 -1.649358156944976024e-04 -4.923208559554806234e-04 -2.800075000403666752e-04 -1.274033540187898689e-03 -1.048080235037955957e-03 3.623267001212033081e-04 -1.982979733487086772e-03 -3.028546502771266909e-03 -6.366770436345026846e-04 2.260099365897353003e-03 4.653286645038934126e-04 -1.659969680162933208e-03 4.363311349313501444e-04 -2.453624747615463196e-04 2.455033413849374169e-03 -2.571386834633046861e-04 1.149171030344316950e-03 9.575319266075221422e-03 -9.161799085270601545e-04 -8.543176914478296021e-04 1.023973243176222719e-03 -1.957098974373171988e-03 6.746070266093256648e-06 1.819579872904639834e-03 -1.009014216309053920e-03 -1.089062268964945818e-03 1.598682258923843878e-03 -1.536191255090044909e-03 2.537695494156004604e-04 -9.631195559525382571e-04 1.891499576115462537e-05 -1.190800572855753607e-03 -1.574720818294441261e-04 -7.218443615066077665e-04 1.234056109934293091e-03 3.457943819681506912e-03 1.087328934491265872e-03 -1.058677246494734618e-03 -9.904862608105366364e-04 -2.397351078583160634e-03 0.000000000000000000e+00 0.000000000000000000e+00 -6.708362280513892545e-04 4.031306234063080675e-03 3.344436909515538080e-03 3.791496348209199099e-05 1.699295811427506972e-03 1.404356418275624257e-03 1.090384997693037566e-01 -2.032244192646573931e-03 -3.224615406261763825e-04 1.238187360600958567e-03 5.198662054836436335e-03 4.285885002635190697e-05 -1.247209234403915757e-03 -1.764947274848733616e-05 3.815911221627301536e-02 -1.498744737581160199e-03 1.124296742899879957e-03 8.346072210188855423e-03 -1.107524216083347101e-04 7.218459467737489352e-03 7.639732188492997893e-03 -3.017052614527824129e-03 -1.383356440343041192e-03 -3.738989239179109098e-03 4.100082522792494201e-04 -7.772800925029707195e-03 -4.623650888843623685e-03 6.319397109008189663e-03 -1.241930272509457955e-03 5.018814285929858697e-03 1.226407681335141839e-03 6.194118012578493995e-03 3.473326134383350906e-03 -6.285273968001959047e-03 -9.762599681419429623e-04 -2.464085957005763237e-03 -1.353922924998784624e-02 4.737257122682108322e-03 -1.450308345566115112e-02 2.740137547374308768e-03 6.595480261763145800e-03 2.197001253024579923e-02 5.084061578503187157e-03 2.390448643267605727e-03 6.564578810952818519e-04 -4.776543307972918391e-04 -1.410802394443748343e-04 -1.955604298997536909e-03 2.643394048809154066e-03 -1.233345129045981207e-03 5.417781578420010008e-04 1.687235667754030059e-03 -1.685854893598073877e-03 3.930017955833043416e-04 -6.703766046197983264e-04 -2.977605270884172220e-03 -8.526526187561684483e-04 1.192779432065372235e-04 2.719339234390683382e-03 -1.232621492201471300e-04 -2.362360957088787110e-03 -7.477922689250507925e-07 -1.318894418734208908e-03 1.587979176362833568e-05 -1.535598348602576707e-03 -1.664752214942478341e-03 -6.078475785888039391e-05 -2.677672693798222731e-03 1.556499903234442352e-03 -5.652873624746741201e-04 -4.824895080101408522e-04 3.371678442354911296e-03 3.374928796510377749e-03 1.864076288268525471e-04 1.922628341143254281e-03 2.511192705338747416e-02 -9.066299942052996261e-03 -4.104159069470203480e-03 4.182635746921910258e-03 1.788082306695939127e-03 -3.809121818912418293e-03 1.389736291102221894e-03
0.000000000000000000e+00 0.000000000000000000e+00 0.000000000000000000e+00 0.000000000000000000e+00 -1.222397832007868646e-04 4.756163549462173777e-04 -7.855380031836032152e-05 -1.624418758242071430e-04 1.342250922383169971e-03 1.368004001290990456e-03 2.683081744569104209e-03 -2.839595610423939574e-03 -1.457160233518222867e-03 3.014030143873747992e-03 1.234018431391709168e-03 -2.469921783545239464e-03 -3.492873647545625699e-03 -2.914466254367082841e-04 8.236887679332408063e-03 2.569370140445888066e-03 1.476682688635169716e-03 2.564680842544761474e-02 -3.000956580753466954e-03 2.015513564139752192e-04 -5.185645941371543012e-04 -7.278707264982958031e-04 1.657567428645921473e-03 3.594837419480703244e-03 -3.403256736009518425e-03 1.295266272068260061e-04 4.944328311718933222e-03 -1.773203763492926539e-03 6.632534421354086213e-04 -2.612186898464631535e-03 2.781925463077297082e-04 -4.058319373771075191e-04 7.866033463141868312e-03 -4.623539460196081190e-03 -1.457913545022078601e-03 9.619555941444250802e-03 7.916696057467829950e-03 -1.787014946612301095e-03 2.230003250181866910e-03 -7.738737358875538534e-03 0.000000000000000000e+00 0.000000000000000000e+00 -1.812423211288459891e-03 5.923031210793654709e-03 2.022593460995807547e-03 1.393768512967079711e-03 2.058863326846613762e-03 1.955827970669713964e-02 1.397482427958211815e-01 -1.709638584663536812e-02 -1.091186283354330083e-03 -1.372179591286344603e-03 4.285885002634841042e-05 1.276122529265624576e-02 -7.634567234905535217e-04 1.263780221312212852e-03 3.492592039557872868e-02 -1.098853280283861727e-02 -3.790571209247160789e-03 1.507916557080555935e-02 3.139412080201952346e-04 2.578801940755510308e-04 -9.485248434964964597e-04 2.011534688927162431e-03 4.461445012592556159e-02 3.829168846027066961e-04 -7.243901050606001884e-04 -5.155894978563651393e-03 -3.612010459276365770e-03 -3.698128382777855598e-03 -6.780859641634177405e-03 9.235158302685052625e-03 -1.190169310755499494e-03 8.306015911906309071e-03 6.978604570639854177e-03 -5.439750849223132928e-03 1.232976445060253402e-04 -3.829719345791237749e-03 1.307256902217638836e-03 9.314739293130612496e-03 4.490939112931562754e-03 1.250491476390217047e-03 2.977389853862266907e-03 -2.441513505156008360e-02 8.754038247977987113e-04 -5.912982467632861908e-03 8.818360975379449431e-04 4.090681926106982426e-03 1.371683284115197791e-03 -3.510166232054090681e-03 5.908474148630681912e-04 4.518927806088542977e-03 -2.359604132170381799e-04 3.587578236149472060e-04 5.493139903912432065e-03 1.127959037416605180e-03 -3.283562288467768188e-03 -6.970579171188949485e-03 2.079149684403678450e-03 -4.675292369009504539e-03 -3.295777065302404061e-04 6.940700636440372794e-04 1.130818652258090001e-03 -2.698173948899523951e-03 3.493307315662396578e-03 -2.980403384256217515e-03 -6.950226562363033198e-03 -4.165508155606700326e-03 5.199322947146501131e-04 -1.139639288005313972e-02 1.773427632841772638e-03 2.196963564887514497e-03 2.501068291411624820e-03 -8.990891842644930382e-03 2.077214264849477389e-03 6.904863147863237946e-03 5.828214177242848834e-03 5.005298501745167328e-02 5.236079888283476542e-03 -3.831905712636274677e-03 5.284273995461400732e-03 2.541178339929647204e-03 -6.337011147177962558e-03 -1.929247154377978536e-03
0.000000000000000000e+00 0.000000000000000000e+00 0.000000000000000000e+00 0.000000000000000000e+00 3.095611062361215162e-05 2.618822464512029352e-04 2.323367531134636608e-04 9.434825885992345011e-04 8.690491836098399991e-04 -2.860893790604567477e-04 3.230904995984252908e-04 1.142923295774465366e-03 2.780343437446891543e-04 -1.660217100881286687e-03 -6.522829915905970811e-04 5.098116760495518315e-04 7.159236373256494318e-04 1.090353659835873509e-03 -2.168487392615416065e-03 2.343796963046591679e-04 -5.543745507457726110e-04 -1.207822090104702581e-02 6.860267757699647136e-04 1.183009129793317427e-03 -7.049774384193092892e-04 9.652132845228961590e-04 -3.234831453933100279e-04 -1.910962116911381825e-03 7.099069842296718870e-05 4.818895692861650771e-04 -1.552108093019455163e-03 7.133069451502871677e-04 -1.829795452520299390e-04 4.616219750746089500e-04 7.602595983204749248e-05 -2.085652702887199738e-04 7.697497945284984596e-04 2.032213196297808465e-03 -4.677263987002942564e-04 1.498368005369125205e-03 -2.395708113886174662e-04 2.584103793980739149e-03 1.829191504793402584e-03 4.028008940396830308e-03 0.000000000000000000e+00 0.000000000000000000e+00 2.592118404067060219e-03 -5.610347275028687228e-03 -1.301427939246468327e-03 -1.417145073402137313e-03 -1.631214725893562244e-03 -1.446671621310943040e-02 -1.184938886722515239e-01 1.752725261803994225e-02 -7.468108280235502116e-04 -4.071175078493414687e-03 -1.247209234404214780e-03 -7.634567234907637485e-04 3.428468862510082073e-03 -4.915970102026957604e-03 -1.068788076246517393e-01 1.739481595258804761e-02 -2.425634306965768639e-03 -2.573577818289022809e-02 -3.611115675682514633e-04 -4.451262807764314738e-03 -4.278934828644427243e-03 -6.213721990063971086e-04 -2.697500599101071428e-02 7.261529805889724819e-03 -1.697875268015448542e-03 1.253035890010232439e-02 1.192042565502169152e-02 -2.965729365521245064e-03 5.053926317635969861e-03 -1.450109875764489346e-02 -4.672867211755913296e-04 -4.112559966959149042e-03 -2.375251990546820013e-03 3.834976406937638024e-03 1.657846542670497227e-03 4.017575544669649452e-03 1.494560320824734646e-02 -5.810366360025225746e-03 1.903921045207472226e-02 -3.413980009130374027e-03 -7.929644289023788858e-03 -2.900758113373258507e-02 -1.392423568044278206e-02 -4.764352202080605198e-03 -9.416659411357252915e-04 6.033618032478222726e-04 2.097842554541551937e-03 -6.156312552263090015e-03 -9.570049193829184434e-04 1.327476001026486581e-03 -1.139374844712657099e-03 -4.680635449706361715e-04 -1.210954878385934498e-03 -3.542762622108686262e-03 1.080825196857257593e-03 -3.655092340009434646e-03 -9.776387046564298522e-04 -7.115349418475138202e-04 -3.398653940118217393e-03 1.398786304639753264e-03 2.759444909153392980e-03 -1.561309767830984865e-03 1.050450621994149518e-04 -1.832611676853058676e-03 -5.663974157042766166e-04 -1.936142923700319863e-03 9.830087502646755321e-04 3.445632448504685552e-04 -1.061715768854152621e-03 4.308964426725476549e-04 -1.926992277842837914e-03 1.066019051297675173e-03 -3.167145935946072497e-03 2.632339066365007706e-03 -6.584379519610519121e-03 -2.923992994768281894e-03 1.152938141972912472e-02 -4.733419799736095050e-03 -4.294548714936150674e-03 -1.670486257613522721e-02 4.685794657736204981e-03 -3.071231459498534495e-03
0.000000000000000000e+00 0.000000000000000000e+00 0.000000000000000000e+00 0.000000000000000000e+00 9.031773332757461010e-04 4.968101404591064585e-04 3.584750622042597815e-04 2.906519211626902403e-04 -1.118446459360283255e-03 -4.385391888131133509e-03 8.776422943911035141e-03 1.652574475577223839e-02 3.770519892480769797e-03 -4.332259428827858402e-03 1.656942806825690249e-03 1.039544061511606457e-02 -8.792274578315269901e-03 -8.792280118601161418e-03 -1.200527337075450512e-03 -6.380415219279414463e-03 -3.944397883635248833e-03 1.147091686105058267e-02 1.019121146033307411e-03 -8.430946840836962483e-03 -1.688073915422279650e-03 3.374432224218400049e-03 1.583684018458644902e-03 2.665844448275710935e-03 9.287112308675024921e-03 9.640432693926248922e-04 -3.942025975351836665e-03 5.482045010145812636e-03 -1.245324574936718153e-03 2.713100080816762544e-04 -1.172234599049664554e-03 5.177320317707852226e-03 -1.992914188175234913e-02 -1.034980571742650721e-02 -4.798779619615050002e-04 2.087560328329826631e-02 -2.238881347244721029e-02 -6.383349353809974341e-03 -9.746664793837331309e-03 -9.545278704516100762e-03 0.000000000000000000e+00 0.000000000000000000e+00 -1.456881294034236690e-02 -2.685038790795939156e-02 -1.149613445564614742e-02 -9.541648682799379333e-03 7.183629725681576865e-03 8.834672814442433297e-02 5.990095590742764431e-01 -9.887045585267204006e-02 9.879399096901270508e-03 -1.391584553133671902e-02 -1.764947274446269638e-05 1.263780221320018240e-03 -4.915970102027641085e-03 6.018730986253238990e-01 6.760800150248395812e-02 -7.505605633539857990e-01 -5.265858807939767516e-02 1.927903880922734736e-01 -1.820169412684311048e-04 -4.155066252325054221e-02 -6.724659234342400538e-02 3.630514344124011888e-02 1.840681591704911579e-01 -4.562640006892893993e-04 1.510537626403053724e-02 4.459604965190659687e-02 -5.665271941113732279e-02 -1.457609723509479538e-01 -3.733634593733746454e-02 1.100712711732563381e-01 3.057344597345924061e-03 -1.078434722903657585e-02 -1.511478604717280023e-02 1.370102778572985722e-02 5.135450490378931643e-03 3.916105880183105847e-02 1.248808719196745493e-01 -3.453757862063608006e-03 6.381782808551086927e-02 -2.819925089738471724e-02 -1.574601268697438036e-02 -2.100862781319929318e-01 -4.871174854802618262e-03 -7.861895609807981189e-02 -1.727956972774803961e-03 -1.305632397043474634e-02 9.038193507650005287e-03 5.414844632093301913e-02 7.573532563543519149e-03 -7.133355446414219037e-03 -1.437587755114903311e-02 -6.597183496074045510e-04 -5.366421786930452784e-03 1.014418908921514186e-02 5.141782932406180166e-03 2.245431139869005777e-02 -4.631040897705022627e-03 8.796007263551515465e-03 2.519381085115968144e-02 -9.666965954540715153e-03 -6.426242250567434401e-03 1.978351029139368417e-02 -1.647286680311683613e-02 7.014683805248278503e-03 2.387593661450268176e-02 1.052783158868655228e-02 -1.038680553496722225e-02 8.394661009105533478e-03 3.898963117113055446e-03 -5.343981129950244394e-03 2.382841628182028743e-02 -1.620467519361156947e-02 -1.197759144752872946e-03 -1.240965083617560048e-02 -4.677265393753119523e-04 -1.319150907140551610e-01 2.709943604335536202e-02 1.847230266290496303e-02 -2.174883625138792492e-02 6.092444413286426247e-02 -2.554522845222391078e-02 -4.929589518827887096e-02
0.000000000000000000e+00 0.000000000000000000e+00 0.000000000000000000e+00 0.000000000000000000e+00 -2.280383366952623645e-03 -7.575021136578536166e-03 -8.201222570004567183e-03 -3.588282831930843242e-02 -2.529591219254849477e-02 1.466510433070019465e-02 -1.323565615478784763e-02 -6.079877859769403092e-02 -1.791701359418319817e-02 7.020765883933677287e-02 2.361873355424627674e-02 -3.277211003024470271e-02 -2.708535305149135930e-02 -3.318198800232374790e-02 9.804440180232706914e-02 -2.408462368037878054e-05 2.756480917008955617e-02 4.995430563228624443e-01 -3.107583334133869404e-02 -4.075310470010649888e-02 2.385787271542622739e-02 -4.277753044130055970e-02 1.423778587243648003e-02 7.823475043746337676e-02 -2.109407558513146444e-02 -2.094896984014012892e-02 7.119768601454957990e-02 -3.435643229326099113e-02 9.059243924923111868e-03 -3.476439073225649767e-02 -1.376924952819907032e-03 3.816447791802382930e-03 -7.540982820416652910e-03 -7.882790126996679081e-02 1.589299205102251075e-02 1.112479813944572404e-02 3.655088360779150392e-02 -1.008888811854842388e-01 -5.667699670263123823e-02 -1.663830052255850234e-01 0.000000000000000000e+00 0.000000000000000000e+00 -7.595547732758196890e-02 2.135389918934354481e-01 6.736573727266423339e-02 3.061302245979111505e-02 6.139220979918501298e-02 4.747220004202510890e-01 4.342277118208649256e+00 -5.481440199829173965e-01 8.015300039050257327e-03 1.186766329752989707e-01 3.815911221628166816e-02 3.492592039558967826e-02 -1.068788076246525026e-01 6.760800150239164308e-02 3.833159369206144973e+00 -4.232403402312532315e-01 3.942584469823195992e-02 7.352498745226309085e-01 1.251227848051661429e-02 1.880458946978025847e-01 1.056367180186709998e-01 -2.182156365235071033e-02 1.086672078171151634e+00 -2.289336967356028762e-01 4.684824833728640225e-02 -3.848154910328012712e-01 -4.750778259652034263e-01 1.011182866310388895e-01 -1.748884995378192642e-01 3.977764589919057237e-01 1.167925192138350582e-02 1.618243002108787354e-01 1.169643274974776354e-01 -1.651706597948471300e-01 -5.602383989354588895e-02 -1.564623865480353482e-01 -5.111517093486769303e-01 2.327110354366891676e-01 -6.443709200090353972e-01 1.530578656810528682e-01 2.287986530626061332e-01 8.995776772035732893e-01 4.846919265845136549e-01 1.704368738994879728e-01 3.405300954905914057e-02 -1.167442496255482326e-02 -7.310023247934765989e-02 1.999044133265869272e-01 3.710038296585172618e-02 -4.014240294247053281e-02 4.778727750060812740e-02 1.350048300353564983e-02 4.327610383121525961e-02 1.139523651378809149e-01 -3.743046468038908198e-02 7.991679623071328009e-02 1.526262184554288276e-02 2.240153618838904015e-02 1.124297037940037297e-01 -2.793110703564987904e-02 -8.969282282018981034e-02 5.412945560182794158e-02 1.924048027327741883e-03 4.853684539405696968e-02 2.038214570613358992e-02 3.054866274607733259e-02 -4.694066860586963708e-02 -5.654100171412890924e-02 3.996846191755482752e-02 -1.111713238693452094e-02 5.455435787230655809e-02 -6.702631650422258280e-02 1.129253207840341527e-01 -8.224784570799906214e-02 2.071323039411372691e-01 3.930257597723290641e-01 -3.856664090686309776e-01 1.574838429343254353e-01 1.793066589080993534e-01 5.140503731095231732e-01 -1.636049496159058259e-01 1.285993964651073740e-01
0.000000000000000000e+00 0.000000000000000000e+00 0.000000000000000000e+00 0.000000000000000000e+00 -1.145613972290930463e-03 9.902102244197671065e-04 7.048213517072438473e-04 4.218554198982767123e-03 5.826276918554335049e-03 5.661666168339614044e-03 -9.621283310741095621e-03 -1.900342823312633697e-02 -4.722760109280725420e-03 3.231771881003661878e-04 -4.468587517091615613e-03 -1.315904539936964962e-02 1.474208250402997585e-02 1.800136554896255778e-02 -3.939382027124989707e-03 1.181859675262761020e-02 3.118584279670777622e-03 -5.459168750102823264e-02 3.858846234576090734e-04 1.751182762271479704e-02 -1.170352208716927359e-03 1.141869740359370924e-04 -2.651981488304530794e-03 -1.059882971063173980e-02 -1.408731500899351730e-02 1.530654687429025161e-03 5.404603644180619015e-04 -5.367877097250068306e-03 1.202432177295406461e-03 4.939789133894430251e-04 2.000922980534121376e-03 -7.132424979191422446e-03 2.853597170461647306e-02 2.121906487348603626e-02 -1.211233621706529935e-03 -6.454027427893751015e-03 3.189313214515235306e-02 2.036925718294032434e-02 2.095219575531170192e-02 2.775486530414613198e-02 0.000000000000000000e+00 0.000000000000000000e+00 3.250189865397844213e-02 -3.564871734050443532e-03 2.031236319445349145e-02 8.866216368388560656e-03 -1.726464215428252444e-02 -1.992505247164245430e-01 -1.382010444321940978e+00 2.315499761712731530e-01 -1.755045156877141355e-02 -6.348062739600269936e-04 -1.498744737588096707e-03 -1.098853280284955124e-02 1.739481595258990376e-02 -7.505605633539934596e-01 -4.232403402313779095e-01 1.069900144059686475e+00 8.956384688041849063e-02 -4.099687129918511697e-01 -1.972865053700981891e-03 5.235384814443760221e-02 7.051826645996572829e-02 -5.973384601677318717e-02 -3.826902674916879965e-01 2.513170787746026383e-02 -2.573310940749954853e-02 -1.316531251825667735e-02 1.056964718590771291e-01 2.151616582316629167e-01 9.125643320123918989e-02 -1.814159845125482839e-01 -3.407347520861298776e-03 -7.477917447617054691e-04 1.435638612530633004e-02 -4.245732601903602806e-03 -1.560118796859293706e-03 -2.277883786521819887e-02 -1.193431979042515606e-01 -1.464898956048999064e-02 -2.178976018212820664e-02 1.433492554159875726e-02 -1.958700397172375568e-02 1.900331180812622200e-01 -2.894239118988334303e-02 9.230450708751181121e-02 -5.879860757304652789e-04 1.667477407834719316e-02 -7.780397147734554285e-03 -7.592046723908583983e-02 -1.174829619746672708e-02 2.147184924840473200e-02 1.314633495697468610e-02 -1.035853582566703505e-02 -4.407780731696026716e-03 -3.545388057880950045e-02 3.929685887461906841e-04 -4.525973288223612834e-02 -7.246734339098111904e-05 -9.056884793260784605e-03 -4.632465503955745384e-02 2.761958416943199879e-02 2.296793931218021889e-02 -2.934175697302402255e-02 2.041626830910371615e-02 -1.993200696661485971e-02 -3.444742971455065639e-02 -2.133688473388701060e-02 1.274564717891513502e-02 1.930463816198269662e-03 -8.125075918327244809e-03 9.022033943025423858e-03 -4.157491889813173108e-02 2.599512129253931519e-02 -1.191788651480721155e-02 2.660245054434091927e-02 -3.206424861266233411e-02 1.997414545229707905e-01 2.180510011842071161e-02 -4.375178361065044930e-02 -6.075220769177228954e-03 -1.778894838838306069e-01 6.107642687843295448e-02 6.704946336327614886e-02
0.000000000000000000e+00 0.000000000000000000e+00 0.000000000000000000e+00 0.000000000000000000e+00 1.118042947753908529e-04 -4.856281498573088466e-04 1.176914053062911420e-05 -6.290897696670371287e-04 -2.666135048754207301e-04 7.555019715991429397e-04 -1.344879524616567415e-03 3.087585722194813396e-04 3.988487943846251243e-04 -3.402875660617394639e-05 -1.433329532144349099e-03 2.117908319882231324e-03 2.088647476475560729e-03 -1.266798195046118115e-03 -7.181111949165671846e-03 -1.716702477480957622e-03 1.743954854703963454e-04 -1.245408150430425687e-02 2.568460654490393145e-03 -1.912502323686956964e-03 1.299060291306787713e-04 1.072478641405370846e-03 -7.708452776983542578e-04 -1.285120980726743578e-03 9.674344682926172296e-04 8.684255952613681179e-04 -1.650857543620979544e-03 3.999354343153153999e-06 -2.258880391410854902e-04 4.801146477308975823e-04 -3.745741499839395699e-04 6.300114865721866044e-04 -7.758173032893997574e-03 7.911917067818007368e-04 1.580122041143120805e-03 -1.401674012074146866e-02 -8.971150406901906918e-03 1.172241888142995427e-03 -5.175209918791034633e-03 2.963399106601789486e-04 0.000000000000000000e+00 0.000000000000000000e+00 3.009469221302605874e-03 -1.771555207461122244e-02 4.307201148113570105e-03 3.503474395685018949e-03 -1.534893931741395257e-03 -2.067791454420776429e-02 -9.070971304709857241e-02 2.251165418824430109e-02 6.469200169735897683e-03 7.767801133018789952e-03 1.124296742900075547e-03 -3.790571209246904917e-03 -2.425634306966322883e-03 -5.265858807940632103e-02 3.942584469825207577e-02 8.956384688042788589e-02 1.029058362344893035e-01 -4.243485585488777911e-02 7.043582380425345577e-04 -1.646541516041163250e-02 3.054566126639744750e-02 5.698875082822804986e-03 -2.751367188948376438e-02 1.151636156862658952e-02 1.398386395840050568e-03 3.397132858528077379e-03 -5.001881415858639747e-03 1.930150854379466055e-02 4.211167581974591817e-02 -4.702551743125056409e-03 5.999176002874831827e-04 -2.506272053901888956e-03 -2.473023209271069632e-03 9.568415487399917554e-04 -2.072058653651088003e-03 1.408340596607967829e-02 -1.677447045670121470e-02 -1.213606405816177077e-02 -3.233103938225715540e-02 -9.594369911673160736e-03 -1.123613739814261978e-02 5.957795772022668468e-02 8.806477408365962628e-03 1.643406409574829641e-02 1.822567588785216526e-04 -1.187342414291042963e-03 -5.213177954045504318e-03 2.390505605792572763e-02 -1.587502747504655363e-03 6.331269262494230825e-03 1.868743443850992385e-03 -7.651622430331953516e-03 -4.867092636019310081e-03 -8.126124745050915255e-03 1.719779125645725867e-03 1.053115242682325925e-02 3.858685755137632699e-03 2.189423894640114832e-03 -1.018680300269080323e-03 5.094382733434628732e-03 -4.916682224386092082e-04 7.300370283997949759e-03 -4.859333047675913966e-03 -8.638308113726993892e-04 -1.205468974524770464e-03 5.701865349322980669e-03 2.322985091431467933e-03 1.828465235114511839e-02 -2.753097539540620003e-04 2.071664045479047582e-03 -1.565187029492379461e-03 -9.254983649638308038e-03 -3.246076728264500437e-03 2.676105709734754277e-03 -8.481501076933618127e-03 -4.083924052401638471e-02 2.343144975938416148e-03 -1.339507888944526260e-03 -1.644608576072698058e-02 -2.322223390288587555e-02 1.217450362620680661e-02 6.653750417017400588e-03
0.000000000000000000e+00 0.000000000000000000e+00 0.000000000000000000e+00 0.000000000000000000e+00 -5.287671071278044312e-04 -4.749511568083457543e-03 -3.651907907130028021e-03 -1.598404760270471375e-02 -1.365863471112341299e-02 1.555136659942169637e-03 -9.621554949684632194e-03 -1.452653547421854305e-02 -3.086766840554308784e-03 2.067520419278631380e-02 5.880041142172468156e-03 -7.939847489621600085e-03 -3.834460743867197478e-03 -1.358723391754155033e-02 1.517393368201258586e-02 -6.204713658180061389e-03 6.689715105353440973e-03 1.404399269645897896e-01 -2.331644775927872639e-03 -1.631548430452164564e-02 1.219272455781727355e-02 -1.712411193434466156e-02 1.269645343869446174e-03 2.340638967417122199e-02 5.812156973948939473e-04 -1.032845698490613556e-02 1.937690269456132652e-02 -6.961401821548725624e-03 1.823828916318422392e-03 -1.059914167901706422e-02 -8.419835310021383428e-04 9.218240109735752544e-03 -8.454412674419693394e-03 -2.994854461647025040e-02 9.824631965366445105e-03 -3.278462167692117180e-02 1.199260978334931727e-02 -4.735177780878043613e-02 -1.431566761958655634e-02 -5.284561865028495481e-02 0.000000000000000000e+00 0.000000000000000000e+00 -3.751241463940460652e-02 7.212445386823886084e-02 6.578678689690645003e-03 4.309272905088824476e-03 2.637565729956143495e-02 1.811413514033009264e-01 1.957645535721429075e+00 -2.146439254826221776e-01 -7.424539181594401807e-03 3.619379121797154653e-02 8.346072210192317931e-03 1.507916557080979901e-02 -2.573577818288819846e-02 1.927903880922836322e-01 7.352498745226089261e-01 -4.099687129918390127e-01 -4.243485585489621681e-02 7.744796279187928789e-01 2.692259314677451429e-03 6.872682958790399255e-03 6.413502665274344039e-02 3.570656721039912329e-02 2.090457735518413684e-01 -5.429317726760023166e-02 1.737738191300020399e-02 -5.953008724429103421e-02 -1.177222696453806977e-01 -8.397848398689841676e-02 -8.615095247125384437e-02 2.343111613202294441e-01 6.525378797662846880e-04 5.551127567597295698e-02 2.845553243886711492e-02 -5.252564786791580342e-02 -7.532894857119047660e-03 -9.482069574792154065e-02 -3.657323495873877894e-02 1.255836154042879460e-01 -7.472990653321255616e-02 8.477450737831389305e-02 1.039055198126015156e-01 2.335380323423151272e-01 6.765949057074878425e-02 4.702444169593605200e-02 9.020869944662241596e-03 -5.255088710505476275e-03 -2.565913005962474833e-02 4.298400999419411256e-02 1.285806866998755529e-02 -2.808988389652301854e-02 8.052031630114203295e-04 1.426604896437847457e-02 2.401895930180321381e-02 5.016254763879784973e-02 -1.397522562810597432e-02 -4.641016380888190324e-02 1.561543941326292220e-02 -7.882658246059531110e-03 3.577024931594828538e-02 -4.274478727816821699e-02 -2.658760280053738823e-02 5.220478385441654039e-03 1.008883410997302860e-02 1.616851149008395605e-02 -7.126442191158904003e-03 -1.598176051630905911e-02 -4.045307173318616126e-03 -5.231999608423383574e-02 1.274975045739314833e-02 -2.904009991148675651e-03 2.273569061282875586e-02 -2.698088584254544620e-02 3.157306250865876684e-02 -8.050516030513552371e-03 7.506124629508785506e-02 4.004576169881132741e-02 -9.733728846729484963e-02 1.724261229281060306e-02 4.809173573571465243e-02 1.364098082875122575e-01 -8.494725861744190087e-02 -1.415962654341407743e-02
0.000000000000000000e+00 0.000000000000000000e+00 0.000000000000000000e+00 0.000000000000000000e+00 1.115287181007073868e-05 -3.993676417619537733e-05 -4.386236696361287246e-05 -2.142946080020148017e-04 -8.136725110254211556e-05 1.260351255734592731e-04 8.808312963059158353e-05 -6.347496029122355621e-05 -1.985072305504277161e-05 2.775121225791121662e-04 1.650048889457672108e-04 3.480484649197379608e-04 -1.637321844371811687e-04 -7.049295744212514224e-04 5.536881453658761172e-04 -4.225204416130193328e-04 2.804462561477300388e-04 2.237247932003682063e-03 -2.399210941983046831e-04 -5.702755477320938090e-04 6.633131230091888911e-05 -1.062790256836722470e-04 1.012825749263071204e-04 4.048839096246447918e-04 1.240698504222031517e-04 -1.488149520369314423e-05 2.146817176199452789e-04 -2.506291491745146009e-05 2.083735012144017886e-05 3.906902301158452309e-04 -4.809462006259219080e-05 2.102179204860480169e-04 -5.918108659201646877e-04 -5.713449447314871560e-04 2.076180138035257764e-04 -2.367791437858522609e-03 -6.421349459393417645e-04 -9.586954139781660601e-04 -9.258202871442189341e-04 -9.550528499266669859e-04 0.000000000000000000e+00 0.000000000000000000e+00 -4.187291664757156000e-04 1.730122318924692164e-03 -5.088823531911946044e-04 2.338466359459370075e-04 2.473800989893052034e-04 3.381071592130616057e-03 2.060015396775791499e-02 -4.026076852375301378e-03 2.168748131590775459e-04 1.184087842117014910e-03 -1.107524216082821534e-04 3.139412080203022454e-04 -3.611115675683598835e-04 -1.820169412684059513e-04 1.251227848051883820e-02 -1.972865053701565192e-03 7.043582380423688916e-04 2.692259314677818757e-03 3.820635399974189905e-04 -1.302288264488302703e-04 3.348447539293178746e-03 1.017542490184822823e-03 1.948061369543203566e-02 -1.715893981534285725e-03 1.470916513604457964e-04 -1.988724995244544203e-03 -2.106113233079354597e-03 3.938009128687142992e-04 -9.435867086410330623e-04 1.037899326941371225e-03 -1.169440564565366812e-04 5.305643913540620833e-04 2.633222980207797909e-04 -4.912398010175414442e-04 -3.652042861003766206e-04 -2.161022951943686495e-03 -3.517188623544808320e-03 2.408167449872291124e-04 -4.376945377602145873e-03 2.553663933356474861e-03 1.340825051338161720e-03 7.545281708821534490e-03 1.950385871502859688e-03 1.590914921023831551e-03 5.002941009723287015e-05 -1.000501203503840293e-04 3.029432618951159078e-04 1.857532954551290288e-03 -1.539374087652177058e-04 -3.691606724512921283e-04 2.806861004881809705e-04 2.237640036460832667e-04 5.095413852964852204e-04 3.863444069454531919e-04 -1.290544254993916630e-04 1.270111110531954232e-03 3.446178919528013565e-04 3.590177349756060600e-06 2.177978533102544216e-04 -3.669091253174347131e-04 -4.610883659666432347e-04 2.316697888020563003e-04 -1.020941710162895784e-04 4.921871936429634761e-04 3.573066028526540247e-04 8.150491435026100588e-04 2.710618686662199140e-04 1.213671918435945774e-04 3.853088862005302475e-06 7.560817512485785096e-05 4.786251562739877747e-04 3.547579107861145828e-04 2.391124282024192525e-04 -9.451876165119766715e-04 1.748490272301721216e-03 -3.916343185713069136e-03 -1.820118195639374619e-03 1.496963115175875157e-03 1.184402317549317768e-03 4.783836264279117331e-03 -3.160031906607179298e-04 2.863946383582349612e-04
0.000000000000000000e+00 0.000000000000000000e+00 0.000000000000000000e+00 0.000000000000000000e+00 -3.924823497428379764e-04 -4.710711583165417236e-05 -3.387048398306150465e-04 1.397131785485552710e-03 2.169164606913391840e-04 1.957711167392636210e-03 -1.501677142353395437e-03 -6.524431529838566057e-03 -1.609070677778270345e-03 2.918968829483749999e-03 1.075006066109581012e-03 -6.069421011031335758e-03 -4.060427974886867547e-05 5.564258441680859299e-03 7.322065154884645904e-03 4.273115826759026764e-03 1.780280168420904797e-03 2.353099563937345942e-02 -3.209247244179663609e-03 4.540864207928864589e-03 6.459331210637584211e-04 -1.582951291994921057e-03 1.268547720878006237e-04 9.575527382144014693e-04 -3.337052446738347344e-03 -1.849698608274251812e-04 3.424160985203364514e-03 -2.638653069755469982e-03 5.696845750242769896e-04 -2.512155989755062921e-04 7.093693255010228953e-04 -3.263606462110886508e-03 1.290907174503662727e-02 1.698508065753453946e-03 -2.916079504098952925e-03 4.642569688252211335e-04 1.760782027368527555e-02 1.583271391444269604e-03 8.335281393206677228e-03 -8.210828936588468983e-04 0.000000000000000000e+00 0.000000000000000000e+00 -3.661669679721975962e-03 2.497726011428088796e-02 1.098568214060088519e-02 1.131360293596723327e-02 2.903723515709637736e-03 4.212428301935669007e-03 1.111908917410132647e-01 -7.641532325451076170e-03 -8.493568473119723905e-03 8.851615387118453790e-03 7.218459467737332359e-03 2.578801940761850722e-04 -4.451262807764221063e-03 -4.155066252325022996e-02 1.880458946977809354e-01 5.235384814443199558e-02 -1.646541516041801628e-02 6.872682958796905335e-03 -1.302288264490415813e-04 1.360627147983795027e-01 3.558699923346946709e-02 -6.188703824366937473e-02 -2.614077432094092865e-02 -7.768748259105222320e-02 7.209461978048065838e-05 -3.701013820044955771e-02 -2.827144536038794786e-02 3.815850189646302626e-02 -1.421834899057128516e-02 -1.899730717719437349e-03 3.830896678026476845e-03 1.660008634460844942e-02 8.092889527833354094e-03 -7.356816096960746253e-03 -7.780622603272373088e-03 -5.308307817818212759e-02 -8.588584429196641223e-02 5.160747368195538892e-02 -8.996382830072924275e-02 2.435877801539852033e-02 1.918212611536933981e-02 1.414147724045184129e-01 5.291338300797684968e-02 3.511087513678928101e-02 3.450864741758093851e-03 -5.579237788817287443e-03 -1.430804640801560529e-02 1.724233897637747481e-02 6.866422236353897021e-03 -4.012546091962820687e-03 1.014766017537750871e-02 5.906044717672890784e-03 -4.261415220902874286e-03 5.409582495446025804e-03 -4.872897928525004446e-03 3.210933698778252292e-03 -5.409048695992412642e-03 7.697240609043306397e-03 1.034548815327543739e-02 4.095201524387310187e-03 -1.170249451930739301e-02 -1.048442726285310662e-03 4.598937928899423516e-04 3.798733218702297042e-03 -8.885509033312074655e-04 1.170029800240552156e-02 -2.438788131937514626e-03 -3.029842210183223295e-03 3.137438004310201707e-03 -1.868414056365367117e-03 -4.942840602889880808e-03 6.236256344679854888e-03 7.718353480808211667e-03 -4.605624213106613955e-03 1.092654950524886773e-02 1.251740482602984872e-01 -2.690420579290511011e-02 6.198887254114185570e-03 -2.185990443720309912e-04 1.637916686900657906e-02 -2.310144235261562921e-03 3.210867389444244102e-02
0.000000000000000000e+00 0.000000000000000000e+00 0.000000000000000000e+00 0.000000000000000000e+00 -5.448918905428586784e-04 -2.857982223747607044e-03 -1.515991761281542749e-03 -6.197813246265492307e-03 -7.014682360069175379e-03 1.236216422170171485e-03 -1.272153141656249750e-02 -1.061725885348495380e-02 -1.168218694428126711e-03 7.798684939639609348e-03 1.735382176923472124e-03 -2.318297484302639204e-03 4.356563413186997566e-03 -4.962409509395580495e-03 5.218149280618502445e-03 -6.623221386554523082e-03 4.892567519125185123e-03 3.595507926967010659e-02 -1.657485086045025046e-03 -7.365071901492940137e-03 5.864973854959138963e-03 -8.135892125887649734e-03 -2.217882452722584694e-03 4.326022411556528988e-03 5.749548243085788853e-04 -4.724481868208054054e-03 2.429865342306423460e-03 -4.434755943748619478e-03 5.367483669240462460e-04 -2.517133877654552290e-03 -4.838893461668267995e-04 -2.426830457107183531e-04 -1.216707080705613751e-02 -3.641281254204102764e-03 8.796423029699558180e-03 -3.803010354447022151e-02 -2.263904433413729128e-03 -1.645184294738462338e-02 -1.056726988538080926e-02 -1.194222745000048450e-02 0.000000000000000000e+00 0.000000000000000000e+00 -6.124170476484010195e-03 4.212260251981825299e-02 5.469750812726330465e-03 5.075345123810063100e-03 5.797468680536416348e-03 2.642971210368186968e-02 4.407215702015134240e-01 -3.756678032801783612e-02 -2.620182837554958094e-05 2.480631657252862707e-02 7.639732188493326623e-03 -9.485248434962108809e-04 -4.278934828644729953e-03 -6.724659234342238168e-02 1.056367180186838090e-01 7.051826645997040510e-02 3.054566126639779097e-02 6.413502665274201098e-02 3.348447539293088106e-03 3.558699923347386634e-02 1.677713683611450901e-01 -1.334984246756197417e-02 -6.401122275124775107e-02 -2.303836179601128145e-02 -1.578237557132252571e-03 -3.714021187004249575e-02 -6.604870868779818584e-03 3.885641232094010078e-02 7.223217563156706690e-03 3.805516554695032028e-02 1.204478248725003196e-03 2.230528336985060020e-02 8.335653413498607042e-03 -2.338088217938411040e-02 -4.519730255502034041e-03 -7.314333752581629600e-02 -8.461320684302965633e-02 3.006011286085727083e-02 -5.235000088054683753e-02 5.526277944146987253e-02 2.225793803933628912e-02 3.054311515768703411e-01 -1.319165802899603841e-02 5.783871784817974648e-02 3.344517742370924258e-03 1.340233913208124924e-04 -9.571222399733958497e-03 -4.794110673727170271e-03 1.259522477077837203e-03 -7.587820554998306322e-03 8.206711875978350834e-03 4.387811777494890660e-03 2.846954340506684979e-03 4.755413893422818367e-03 -3.141585321764635459e-03 -2.878270721217039696e-02 6.764159872429201421e-03 -9.074238970759885767e-03 -2.259924901656758765e-03 -8.667365579726686586e-03 -9.607952384493009812e-03 -1.198522895246345761e-02 5.351352968657350703e-03 1.885433396734888809e-03 -1.227455716007986274e-02 -1.018690810473129975e-02 1.148810500630941499e-02 -2.382824913155939112e-02 2.076352521784669784e-03 2.769909332179099418e-03 -6.993060609269377732e-03 1.571515262372235808e-03 1.420440549733600726e-02 9.469851469690668136e-04 3.266422179655323332e-02 5.616706403521931623e-02 -7.018339025022514444e-02 -9.890852962244853566e-03 3.976145246173017761e-02 1.525962736409112834e-02 -2.885236858770521759e-02 1.811675240646711676e-02
0.000000000000000000e+00 0.000000000000000000e+00 0.000000000000000000e+00 0.000000000000000000e+00 2.217336526631015687e-04 -7.735200730586512313e-04 -2.667397097781821873e-04 -3.568860277287036302e-03 -2.135022996563573291e-03 -1.398364656933347595e-03 -1.007762409479676016e-03 2.162579203314974208e-03 1.071011334102832824e-03 -4.423423322478478061e-04 -2.412474984487121988e-04 4.329436184804453733e-03 1.187010476829224604e-03 -6.430737436754496023e-03 -5.031311206805324718e-03 -5.604248606755408979e-03 2.608931858214245426e-04 -6.192993177173897884e-03 1.947166235877553558e-03 -6.045610371016684262e-03 1.183591901485068565e-03 -1.336301077921930652e-03 -1.648001109319724780e-04 1.431527740117924559e-03 3.637888180009913805e-03 -1.546081615912480670e-03 -1.808377826796386248e-03 1.131834346015690241e-03 -3.174982032946553493e-04 3.105393334864289638e-03 -7.565305239576111803e-04 1.535064508647447775e-03 -1.247163290816856278e-02 -2.523918569288169118e-03 2.392162625505208154e-03 -1.345874752882130800e-02 -1.384860888569422986e-02 -5.326197882611252710e-03 -1.200710714263478196e-02 -3.088857313026285856e-03 0.000000000000000000e+00 0.000000000000000000e+00 4.068097233334628431e-04 -8.241191891836986347e-03 -5.818128490250091059e-03 -1.014670924635128080e-03 4.330559592419095435e-04 9.099596435662313243e-03 5.496403911880562432e-02 -1.116415455939248798e-02 2.538670299696543873e-03 2.015949859125333761e-03 -3.017052614527213940e-03 2.011534688927423941e-03 -6.213721990068179959e-04 3.630514344124168707e-02 -2.182156365233391127e-02 -5.973384601677474842e-02 5.698875082822607227e-03 3.570656721040417481e-02 1.017542490184656506e-03 -6.188703824366958983e-02 -1.334984246756228468e-02 6.429299205440540399e-02 7.914152337664093206e-02 5.472395711241475995e-03 1.415241892311346148e-03 1.263594233933891531e-02 1.231304810146692519e-02 -2.745664077505400105e-02 -6.577999757083142010e-04 2.028244315314374144e-02 -1.473542096079223564e-03 -1.309561102643156446e-03 -3.548797760582125295e-03 -5.137488707366044162e-04 2.360417210046026650e-03 5.486592120571093245e-03 3.454270234264443518e-02 9.865311943961906777e-03 3.220624246901686305e-02 8.265218065857799640e-03 -7.056680994021105732e-04 -1.940280992092830240e-02 -2.078654952414210610e-02 -1.004687322295346255e-02 -1.737853589760150145e-03 1.796192913014928692e-03 5.721290480896845318e-03 -4.210759664269678876e-03 -1.027886630908042380e-03 4.223941345556625135e-03 -4.650491980812168982e-03 -5.570559057692546154e-03 3.119081802794776079e-03 -3.508270182979796210e-03 -5.879770841116531335e-04 4.331633115104625798e-04 3.166122686016416797e-03 -7.873939625110133733e-03 -2.759644974843726041e-03 -1.321879696602848084e-03 5.359955355139956086e-03 1.879649068941685423e-03 2.305407870806745925e-03 -1.665744162115830127e-03 -3.701227461904633975e-03 -6.080155631328232162e-03 1.848556376946359006e-03 -6.135666763914729774e-03 6.411206811861725873e-05 1.451526832781624551e-03 4.124527274210742882e-03 1.447864940663261962e-02 -3.106535054214680167e-03 6.466596894824115649e-03 -2.758367377379802171e-03 -9.836095553782503442e-02 1.626163382070068206e-02 -3.663606720451559329e-03 9.248943855756874789e-04 -9.230882093123744759e-04 -4.103548429824446266e-04 -2.080834919239532566e-02
0.000000000000000000e+00 0.000000000000000000e+00 0.000000000000000000e+00 0.000000000000000000e+00 2.589120093879216777e-04 -4.202990421343274488e-04 -2.845925564854359918e-03 -1.543884623482206543e-02 -1.231999196120198321e-05 1.040061236754115034e-02 1.807099726749153076e-02 -1.356984647841987142e-02 -6.702295430477605426e-03 2.691457510065898076e-02 1.206930849542689477e-02 6.745642390626025060e-03 -1.995175109388454965e-02 -3.695213863460659887e-02 5.011472161167493389e-02 -1.035268225218018145e-02 1.972482198009855442e-02 1.994463068872109057e-01 -2.056404392762175778e-02 -2.986348920677371621e-02 2.497232121012341911e-03 -9.632049096944095279e-03 1.335633707342814662e-02 3.978404617990558695e-02 -6.422005007794813133e-03 -2.032662245654268812e-03 3.323187697318423506e-02 -8.556218818128994222e-03 3.866190765750759928e-03 1.197336118581792189e-02 -1.675058780024315640e-03 6.002842550020237242e-03 2.051544101995341624e-03 -4.543229061027890398e-02 3.129404662731838718e-03 -2.400908788541513891e-02 -1.441492413902274033e-02 -4.743487945532934985e-02 -4.131556450684989445e-02 -7.929377293962179551e-02 0.000000000000000000e+00 0.000000000000000000e+00 -3.123015509142934229e-02 9.392567910714211266e-02 -1.180201386039879397e-02 4.670379714686565681e-03 2.609562248016608632e-02 2.044038831635991149e-01 1.844414654942835963e+00 -2.282041578930917303e-01 3.935433816894816014e-03 4.223523819970530918e-02 -1.383356440338513347e-03 4.461445012593504705e-02 -2.697500599101606764e-02 1.840681591704453890e-01 1.086672078171251332e+00 -3.826902674916811686e-01 -2.751367188949640705e-02 2.090457735518402027e-01 1.948061369543206689e-02 -2.614077432093241116e-02 -6.401122275124772332e-02 7.914152337664584480e-02 1.722224115871525463e+00 -1.027024473436195379e-01 1.459496568253819057e-02 -1.154898742612165963e-01 -2.065862737926400794e-01 -3.624419505249969892e-02 -1.127538137079684144e-01 9.047967633363172835e-02 -2.772614638557802189e-03 5.664976941289122381e-02 4.441060848327132299e-02 -4.999346819559278426e-02 -2.435797479211239056e-02 -5.201982290250641017e-02 -1.604883148456209552e-01 6.987212337100882908e-02 -2.760587954629242224e-01 9.603238307372681526e-02 1.027245041082595761e-01 5.380338988597437033e-02 2.208175469093502929e-01 1.738196226243414856e-04 5.361692438846204535e-03 -9.173532476114810638e-03 3.517683867086433130e-02 1.207828784922689025e-01 8.108347776507528540e-03 -1.052685246860635832e-02 2.728098944909062001e-03 1.668601299822327494e-02 4.752252825537125330e-02 3.067987204100892235e-02 -2.380098892789508577e-02 9.333771799179714501e-02 1.354566372610917398e-02 -3.579798693086383345e-04 3.543268054327103345e-02 -1.561133114046361209e-02 -1.852059699260602543e-02 2.243570933280638127e-02 4.723426697062969165e-03 2.624943584055439150e-02 8.404570661866570327e-03 3.929307209242518389e-02 -7.390260815186125258e-03 -1.389553626403265164e-02 1.405895452850298467e-02 -7.006981288937137037e-03 4.767963315767360932e-02 3.625897743340801560e-03 2.398200945171909473e-02 -5.834311426260497396e-02 9.363703875358145301e-02 -3.360621385323375732e-02 -5.189523339599413226e-02 1.021010033217152335e-01 7.059660523923240449e-02 3.355991557426223904e-01 -1.650807061713093632e-02 -1.345890699876954762e-03
0.000000000000000000e+00 0.000000000000000000e+00 0.000000000000000000e+00 0.000000000000000000e+00 2.364247838397206543e-05 1.014933568559122940e-03 5.685233198954919636e-04 2.739362385427115965e-03 2.488088526335731354e-03 1.050147151610047785e-04 2.470917435526552748e-03 1.577580073329496639e-03 -2.612706271062406041e-04 -1.349386937548793970e-03 -6.061737104092148514e-04 6.751354369449302090e-05 -1.990033833755989155e-03 1.441080083768008771e-03 6.622138625106523471e-04 2.738055621341328304e-03 -1.564568104369369606e-03 -1.162833343398615715e-02 -4.840151675403235945e-07 1.652676802248934226e-03 -2.009299057709206318e-03 2.282491299223663849e-03 5.206947750611671958e-04 -1.719700601935245359e-03 -2.210906675020424435e-03 1.605340014570367721e-03 -6.068354586417543627e-05 1.905176010839773702e-04 1.247155133789838700e-04 -4.102523562010786280e-03 2.102367623885310335e-04 -2.609409513987224778e-04 3.246723291260860018e-03 7.080443670791905161e-04 -1.035719377804370954e-03 2.535338751745395275e-02 2.969524502629827811e-04 5.939626719325169675e-03 4.431650283324428674e-03 2.169155694725781111e-03 0.000000000000000000e+00 0.000000000000000000e+00 5.790321092029564708e-03 -2.149776257921196324e-02 -3.268779378559964061e-03 -8.036315065610817598e-03 -3.687960467859588854e-03 -2.103826302481829474e-02 -2.013945037886960276e-01 3.541025640253425699e-02 4.790233718652336936e-03 -1.465401521337795013e-02 -3.738989239180343788e-03 3.829168846011379098e-04 7.261529805890712744e-03 -4.562640007020579399e-04 -2.289336967356223052e-01 2.513170787748280482e-02 1.151636156863194635e-02 -5.429317726762379615e-02 -1.715893981533907773e-03 -7.768748259105130727e-02 -2.303836179600918244e-02 5.472395711240231331e-03 -1.027024473436094626e-01 8.370776794161563505e-02 -3.272893448071623450e-03 4.214116114096440324e-02 2.726525646742683495e-02 -2.237450876059532065e-02 2.230186281197854906e-02 -2.914033713685373200e-02 -3.121406484298640000e-03 -9.605269655998222370e-03 -1.047922514912822626e-03 5.010573132424444610e-03 7.736223963532505056e-03 4.875084179493906905e-02 6.563562961923234684e-02 -3.955468574741255461e-02 8.106194111283510084e-02 -3.456632544720155548e-02 -2.630161448587689868e-02 -1.258817775336956712e-01 -5.249274887173614734e-02 -2.991027113978556723e-02 -2.395827835538572471e-03 8.149548881973854575e-03 7.735025663514338498e-03 -2.512609691724337901e-02 -4.241226440541012374e-03 5.320400275831037133e-03 -6.022573646271749473e-03 -2.168275814055096659e-03 -1.660636715835404681e-03 -8.357283702938145264e-03 5.255526680242525450e-03 -1.993878581663598507e-02 -7.697064392623419876e-04 -2.947909006591335843e-03 -1.034881229691433924e-02 3.124853105393256975e-03 9.491653481448607613e-03 4.113084928733029208e-04 -2.241547626979866880e-03 -7.318111450488794245e-03 5.811116483236102243e-04 -1.603658381485756693e-02 1.859780640994289228e-03 6.362764903264107310e-04 -2.232496193878232092e-03 5.275995391440234730e-03 -2.057095248488486402e-03 -1.804046091120943551e-02 -6.091897464376556069e-03 9.897302949336043987e-03 -1.764584474134853198e-02 -1.661191450857057994e-02 2.264833034248154089e-02 -1.584050228813283293e-02 -6.636154531417714966e-04 -4.512208631774425327e-02 4.386564425204794032e-03 -1.740648702633712866e-02
0.000000000000000000e+00 0.000000000000000000e+00 0.000000000000000000e+00 0.000000000000000000e+00 7.020520562056928706e-05 -7.599854995560941320e-05 -3.399614733858477805e-05 -3.484771582446115649e-04 -4.054424210714477816e-04 -2.608684671610321179e-04 2.359810181695678089e-04 1.012752300829207475e-03 2.759718504105819785e-04 -1.081161368780840146e-04 9.417971755864528165e-05 7.072021957506605637e-04 -3.082733556023662595e-04 -6.404901594035702743e-04 -4.550176553564612620e-04 -6.659104392272715504e-04 -2.819005679265433259e-04 2.037525199812659574e-03 2.972421986463784512e-04 -6.230934902547836203e-04 1.664797213541650703e-04 5.809229013277912172e-05 -1.326854631535261185e-05 2.590851244648824012e-04 8.404932854047894196e-04 -6.399345221363349169e-05 -2.158979909617601833e-04 3.749456971773989372e-04 -1.183868546569051170e-04 2.172914956485930680e-04 -1.217302610471144821e-04 6.527206817485322731e-04 -2.641156942444595427e-03 -7.832551049354781209e-04 1.158702002155911361e-04 -3.418296255508592070e-03 -1.686042272785097254e-03 -1.240592733776093269e-03 -1.517480281357571226e-03 -8.894516079143309408e-04 0.000000000000000000e+00 0.000000000000000000e+00 -1.780521064177238797e-03 2.669428418622524831e-04 -2.201787464039671081e-04 3.169280733960633278e-04 5.928671780201818890e-04 9.942876423322853999e-03 5.099557262006331609e-02 -1.251458959587821267e-02 1.404671813639129076e-03 1.809151446414658223e-03 4.100082522796560502e-04 -7.243901050598957822e-04 -1.697875268015658443e-03 1.510537626403273860e-02 4.684824833729614446e-02 -2.573310940750316717e-02 1.398386395839768892e-03 1.737738191300607429e-02 1.470916513604327046e-04 7.209461978043479663e-05 -1.578237557131028724e-03 1.415241892311438739e-03 1.459496568253917763e-02 -3.272893448071173290e-03 2.643216500446780685e-03 -2.951701756342000899e-03 -1.219806239479137404e-02 -5.684820571250513190e-03 -1.388624477912401905e-03 7.505497241387984984e-03 5.029194077612565098e-04 -3.528293182398579476e-04 -8.854065477370979056e-04 4.148284237459901264e-04 -7.546255938732051487e-04 1.116672760943796178e-04 -3.848210599381888652e-03 -6.309891526601430845e-04 -8.121353670363280070e-03 1.610247707968310747e-04 3.169282457503465496e-03 1.160802031002525214e-02 7.205149650637647160e-03 1.529963160766598237e-04 3.549420342589023193e-04 -1.385839817721847521e-03 -7.534224615200976489e-04 6.932655447174338598e-03 4.289555107581797980e-04 -1.395322925436065942e-03 4.009490960270751798e-04 -2.342379301721145854e-04 -3.083937401126473428e-04 2.113451831517950980e-03 2.252514036034592630e-04 4.875141820041071009e-03 -9.501585980938102556e-05 1.369458091697992345e-03 2.943142051081954359e-03 -1.211318005348684460e-03 -2.187416584656344358e-03 2.949602993985952527e-03 -1.612833781159066617e-03 1.722498672363927162e-03 2.818357926828049705e-03 2.850033357170382326e-03 -1.035264680301864037e-03 2.313309163826516961e-03 3.649567640936043000e-04 -7.682048772616774509e-04 1.982725318842826559e-03 -1.096413623688877745e-03 9.550099599756898053e-04 -2.968505255378515832e-03 2.163616871230583487e-03 -1.162264910611549192e-02 -4.217724728590663448e-03 4.900731831887526931e-03 -5.088241043133064252e-04 1.100280913136592910e-02 -2.261257628824144689e-03 8.448429206334520138e-06
0.000000000000000000e+00 0.000000000000000000e+00 0.000000000000000000e+00 0.000000000000000000e+00 5.750558415421226513e-04 1.184432693730496028e-03 1.101759011702251045e-03 5.807579351041760977e-03 3.472221801788674678e-03 -1.387842590041042743e-03 5.053742489931694129e-03 1.080503653041517756e-02 3.057104316781274981e-03 -9.703829041834066346e-03 -2.739073543084984824e-03 9.541002415695557654e-03 1.398322425935072388e-04 -4.445194258098431050e-04 -1.409431708014131403e-02 -2.590978091271858852e-03 -4.111219110367454917e-03 -5.628794046059698575e-02 3.966993226916153657e-03 -4.434154654619345756e-04 -3.902869656667530031e-03 7.824751312578474838e-03 -9.679544414343408320e-04 -9.537798579604706353e-03 5.355165834032792754e-03 4.533695220484591434e-03 -9.365143649084398461e-03 5.297538388337961687e-03 -1.094372153955922369e-03 6.556903618622923931e-03 -3.631386684382833401e-04 4.485956622638712435e-03 -8.501422772250879362e-03 2.691906960718362923e-03 -3.489398983762972885e-03 -6.879032932461280267e-03 -1.260740809772501608e-02 7.340882795465575317e-03 -2.682760265135791106e-04 1.172702817297009530e-02 0.000000000000000000e+00 0.000000000000000000e+00 1.129995104738575062e-02 -4.554419730761038315e-02 -9.999445365652134474e-03 -7.324646783919500255e-03 -7.737711487981951269e-03 -4.941088483818301125e-02 -5.290654420972767946e-01 6.631896539552621650e-02 1.945272159091259757e-03 -2.285763393844796390e-02 -7.772800925029389740e-03 -5.155894978563099751e-03 1.253035890010227929e-02 4.459604965190700626e-02 -3.848154910327629130e-01 -1.316531251826038099e-02 3.397132858530409714e-03 -5.953008724429736248e-02 -1.988724995243973479e-03 -3.701013820044461722e-02 -3.714021187003746505e-02 1.263594233933769059e-02 -1.154898742611758095e-01 4.214116114096042032e-02 -2.951701756341619694e-03 1.235322141978846960e-01 4.637694679947083898e-02 -1.009807226637850497e-01 3.765034451470740395e-02 -8.986158170797514666e-02 -2.684249931734961417e-03 -2.489656094330890135e-02 -1.676004285846133951e-02 2.527025902331117568e-02 9.607630769660443701e-03 3.179356497294708733e-02 1.100014468584480515e-01 -2.074224036019735318e-02 1.023825748546984826e-01 -2.580904790016045822e-02 -5.782925428240666410e-02 -1.770075709944158304e-01 -7.021879245391918212e-02 -3.846210166343601994e-02 -5.997668213188599856e-03 9.645224754124744624e-04 9.906261658698452960e-03 -9.565977713536715638e-03 -2.888218120624517875e-03 7.647980182946321689e-03 -6.997036019479940111e-03 -5.753256164363497634e-03 -1.306275263934503564e-02 -2.038679373785187710e-02 8.718669155083475647e-03 -9.499498235193097953e-03 -9.540602083351210072e-03 7.696397669539167385e-04 -9.443829573956955686e-03 9.521691376890698000e-03 9.638861850701946690e-03 6.750117505171718615e-03 -9.662559018265844818e-03 -8.356148467617719594e-03 7.637864269484663168e-03 -5.255224140006554273e-03 2.039429233323493060e-03 9.076961682194673725e-03 -4.584664772876863650e-03 4.402731814671290503e-03 -4.031970999299933772e-03 3.094669282231348080e-03 -2.021269797199958668e-02 1.339099826920533629e-02 -4.535198502755859173e-02 -8.700710969227298808e-02 7.558642054040803915e-02 -1.868311699005711576e-02 -3.727547216459992790e-02 -8.219906529210235790e-02 2.332254064419460315e-02 -2.981200185034403941e-02
0.000000000000000000e+00 0.000000000000000000e+00 0.000000000000000000e+00 0.000000000000000000e+00 4.454151780612062455e-04 9.063959530879674327e-04 1.230479009858788950e-03 7.027074814468430540e-03 3.640483298518667164e-03 -1.656673854479325404e-03 2.477080276356162340e-03 1.011063058654966887e-02 3.553765039048774593e-03 -1.210649664317185389e-02 -3.714391085817025408e-03 7.976253692759692482e-03 5.447677756598755597e-03 3.227080709933752636e-03 -1.791240336739990946e-02 -1.029260389005497676e-03 -4.602901510397050533e-03 -9.768461403585484981e-02 4.820868063567964115e-03 5.432166003935213691e-03 -3.711192381737566347e-03 8.518135159237341658e-03 -2.379041736804539398e-03 -1.360857256732977624e-02 5.403550576088650761e-03 4.646875964541300093e-03 -1.318404456981676215e-02 5.914957042069274480e-03 -1.520675794688096556e-03 1.129159011069469538e-02 -1.879276701040918495e-05 -5.343235952619783402e-05 -4.726433571076646412e-05 1.385468975613166238e-02 -2.089267014910982725e-03 -4.909643759770279670e-03 -1.270158568595077843e-02 1.853934351236949732e-02 5.782922461043655746e-03 2.853080865867931026e-02 0.000000000000000000e+00 0.000000000000000000e+00 1.239048804475519419e-02 -3.250190046043604369e-02 -1.398650172794029325e-02 3.359896412058409332e-03 -1.072812816633641510e-02 -7.757341883795418336e-02 -7.802478320133533485e-01 8.731194351011975496e-02 -4.110977747894123402e-04 -1.374667819984937318e-02 -4.623650888844320177e-03 -3.612010459279079745e-03 1.192042565502228132e-02 -5.665271941112452747e-02 -4.750778259652230773e-01 1.056964718590655411e-01 -5.001881415856735021e-03 -1.177222696453960188e-01 -2.106113233079306025e-03 -2.827144536038793399e-02 -6.604870868779456027e-03 1.231304810146797990e-02 -2.065862737926379422e-01 2.726525646742349387e-02 -1.219806239479002269e-02 4.637694679947720888e-02 1.394795678914997616e-01 1.467114903668819727e-03 2.985510635954459133e-02 -7.252176960838369046e-02 -1.679785316503229053e-03 -2.375664597888072632e-02 -2.054423520669595299e-02 2.948444670445524163e-02 8.056292382774879121e-03 2.654347654027336412e-02 6.147737342566182706e-02 -2.665890763985111905e-02 8.638297330705463350e-02 -3.561198333314724573e-02 -3.213554199113673876e-02 -1.317475184376334096e-01 -7.419457170229454279e-02 -3.041505056826307798e-02 -5.763569956749222019e-03 4.036238251104126359e-03 1.065455310898039479e-02 -4.451305136820769143e-02 -5.732090654830437719e-03 9.716920974280614937e-03 -7.318911576350365863e-03 -3.260488413353296983e-04 -7.446073896135073367e-03 -1.939101412691487947e-02 3.830844916424368599e-03 -2.955680840017050736e-03 -1.803333208299580555e-04 -5.294174850424081431e-03 -1.969921042921125159e-02 7.146672895707209539e-03 1.443064237271800276e-02 -1.445602634342593382e-02 1.555355068811541770e-03 -7.389697886157464007e-03 -8.242644735651161875e-03 5.206847589386666766e-04 1.119930709928793067e-02 1.224637916554197070e-02 -6.624735568985192814e-03 3.002539491912679243e-03 -9.260168690453395024e-03 2.799549157976247149e-02 -1.726650533777490670e-02 1.665215109245929415e-02 -2.910470621418090320e-02 -9.762989038701455624e-02 5.334158355291877818e-02 -2.992752953735112326e-02 -2.567006222346276262e-02 -6.627758099494761301e-02 3.028466429577841845e-02 -2.079603942411788892e-02
0.000000000000000000e+00 0.000000000000000000e+00 0.000000000000000000e+00 0.000000000000000000e+00 -6.728752876412314420e-04 -9.075054549024857628e-05 -1.926345060845293853e-04 -1.593211674968729973e-03 2.671114272828972128e-04 2.137169942280043883e-03 -4.886623867315939215e-03 -1.148647484185987694e-02 -3.330013740142161692e-03 5.689477749659207183e-03 3.098942445439937902e-04 -1.006441134354403924e-02 4.300642544621298934e-03 5.942124819972248104e-03 8.180522966976574301e-03 5.871325866775425895e-03 3.121440774169512850e-03 1.768440961050705973e-02 -2.446828884773130045e-03 6.484661404084470816e-03 1.325825756191579934e-03 -4.386278082972833864e-03 2.331716973809019487e-04 2.670904976672754810e-03 -8.040543621011012401e-03 -2.247593580126863201e-03 5.670764998562168729e-03 -4.466410693823426314e-03 1.014432424101368180e-03 -4.730501974202135432e-03 9.166244172265381471e-04 -6.669344565313366224e-03 1.538949842001696017e-02 7.229136502024856303e-03 2.347665910321896504e-03 2.244483952986457351e-02 1.661472897740381288e-02 4.158686094939619514e-03 9.224218423558062929e-03 2.877501168111686221e-03 0.000000000000000000e+00 0.000000000000000000e+00 2.571553663870391679e-03 1.999915266017962198e-02 1.515848207509026650e-02 7.197532385203038278e-03 -5.240578780988987967e-04 -3.711976747295982898e-02 -1.103331333137338999e-01 3.448018900347016302e-02 -7.975396857372753570e-03 1.153405919598031286e-02 6.319397109005002108e-03 -3.698128382780085585e-03 -2.965729365520038130e-03 -1.457609723509494248e-01 1.011182866309639633e-01 2.151616582316681348e-01 1.930150854379311665e-02 -8.397848398690151150e-02 3.938009128687851518e-04 3.815850189645758617e-02 3.885641232093300923e-02 -2.745664077505168346e-02 -3.624419505251518653e-02 -2.237450876059585841e-02 -5.684820571249509652e-03 -1.009807226637786937e-01 1.467114903677628653e-03 1.727416530743065559e-01 -1.256543757358346766e-03 3.238230926293215323e-02 2.454318404465012735e-03 1.323279409786941828e-02 1.410514328305425245e-02 -1.531212115913187580e-02 -6.426623293264364413e-03 -1.632665451897353029e-02 -9.520172621986770778e-02 5.794108433434274653e-04 -6.281600046292824813e-02 1.153971779729821845e-02 3.309452064794999454e-02 1.477587326251432742e-01 4.198334353694175430e-02 4.746030904464711153e-02 3.692904103433826933e-03 3.435331844091961168e-04 -8.468829842463295940e-03 -8.728555217122020704e-03 -1.252929548449498122e-03 1.596568022993525085e-03 4.801411311885063135e-03 -9.261682800380252123e-04 6.958031564848292209e-03 2.300245040331833600e-03 -5.236390894106777820e-03 -2.956187291225075182e-03 8.955152825384416274e-03 -1.326571300361690728e-03 -7.645440211964851795e-03 9.089129849926461504e-04 4.081229325130560949e-03 -1.558359187943372283e-02 1.401951883767275919e-02 -4.193617663365531195e-04 -1.718357786240757093e-02 9.611238031056461469e-04 2.415870239811161464e-03 2.527445351319813210e-03 4.607125265546200589e-04 -2.759615121689745505e-03 -9.612254853898997281e-03 1.094203577654907084e-02 8.418274443402741503e-03 -2.524150799390249052e-03 2.173189007367412606e-02 9.359694973022084086e-02 -3.300728426647760866e-02 -2.457461599778771547e-03 1.050029503382493394e-02 -5.053674362716006722e-03 7.320372488253418936e-03 3.678141797176107813e-02
0.000000000000000000e+00 0.000000000000000000e+00 0.000000000000000000e+00 0.000000000000000000e+00 2.407984410275162859e-04 3.320933831218950420e-04 7.448198981929077169e-04 3.267084854544867554e-03 1.737612618811067416e-03 -1.132089438361318567e-03 3.586266163871951011e-04 5.283683888839013632e-03 1.840756702262877657e-03 -6.663899614200052834e-03 -2.480632946583770544e-03 5.039787400582723675e-03 2.929193648108553878e-03 9.749861645252020075e-04 -1.127157760711020376e-02 -1.849126088982174041e-03 -2.117128229918994239e-03 -5.169605877764800461e-02 3.069412882435011442e-03 8.562213701986758595e-04 -2.062491341552940075e-03 4.195252951257581395e-03 -1.638861918668473028e-03 -7.585059586444475345e-03 3.073485399660680351e-03 2.105119069513980857e-03 -7.495789143304876744e-03 3.039911749306621700e-03 -8.344361560185239784e-04 3.048268355360914984e-03 -2.212274947583364336e-04 4.845189039033838082e-04 -7.389448680320613930e-03 5.513529922360368291e-03 -7.421027577079050089e-04 -4.339991095209079844e-04 -1.011314904585875786e-02 8.693082505788098449e-03 7.991586845596020464e-05 1.211503081083134536e-02 0.000000000000000000e+00 0.000000000000000000e+00 9.307174879817284655e-03 -3.165335571824136329e-02 -7.553940599446756863e-04 1.552505759713389884e-03 -6.473007089493226437e-03 -5.133507995128020612e-02 -4.768696555644424406e-01 6.035751670702643734e-02 2.201344527533518215e-03 -3.332651829288553035e-03 -1.241930272509527344e-03 -6.780859641634448022e-03 5.053926317635367912e-03 -3.733634593733700657e-02 -1.748884995377895102e-01 9.125643320123733027e-02 4.211167581975066437e-02 -8.615095247125442723e-02 -9.435867086405377987e-04 -1.421834899056590058e-02 7.223217563161301973e-03 -6.577999757083935646e-04 -1.127538137079401731e-01 2.230186281197306733e-02 -1.388624477911180443e-03 3.765034451470633536e-02 2.985510635953980002e-02 -1.256543757363302871e-03 6.285387158195504531e-02 -5.389994245536327416e-02 2.454914811949910508e-04 -1.410773011856242785e-02 -1.110953469087039812e-02 1.538253462880560460e-02 2.307556387143996218e-03 1.914851549330627914e-02 1.457850628332439495e-02 -1.176545858341267008e-02 1.722583173819493274e-02 -1.998929263200443368e-02 -3.474065554736845141e-02 -2.379663018551374937e-02 -2.541822713674315656e-02 -7.848246534447794742e-03 -2.552645677509614471e-03 4.484813730831519688e-04 5.505380948289089870e-04 5.037929071508230779e-04 -2.120935963575884889e-03 8.209278930445530059e-03 -5.137704340359648117e-04 -7.432544656313828067e-03 -1.111978952052976831e-02 -1.713788800509647922e-02 5.127288848014385086e-03 2.157078255825615673e-03 -3.658309643328923767e-03 3.267222741009028625e-03 -6.871081468077334942e-03 1.057497418647215109e-02 4.408579436977694624e-03 4.299023138995557158e-03 -6.813706712738289498e-03 -5.194739495535001354e-03 1.133644705544327664e-03 3.361431464441005414e-03 3.182250720254588792e-03 1.992994421538504812e-02 -2.790765951817120952e-03 2.753739107137317520e-03 -6.797101197329097344e-03 6.189528914279942250e-03 -1.175030107082485932e-02 7.357486736383407264e-03 -2.888412812012992881e-02 -4.992695315763231306e-02 3.275530728883702114e-02 -1.109704925963894001e-02 -2.746260981186595534e-02 -5.834368226561965909e-02 2.504234238780297939e-02 -3.403221283205430572e-03
0.000000000000000000e+00 0.000000000000000000e+00 0.000000000000000000e+00 0.000000000000000000e+00 -5.659018611927120338e-04 -1.626555939217032287e-03 -1.800961606663834848e-03 -1.051356062123271450e-02 -6.800393560367108681e-03 4.219759949354569360e-04 -6.326825208754072519e-03 -1.089857354305842456e-02 -3.021989832778502506e-03 1.290882225006041543e-02 3.746341404098997574e-03 -1.197639722605599658e-02 -4.020411186918815272e-03 -1.719964462911669108e-03 1.435445345754526869e-02 2.315509934048319476e-03 3.298496502959700517e-03 9.638223626914566022e-02 -2.222994684971685113e-03 -3.064222094825950603e-03 6.523687752972559539e-03 -1.148617302654412857e-02 1.264933462597906799e-03 1.602372608738751245e-02 -3.882721909591806825e-03 -7.113965383878155697e-03 1.308960854977260675e-02 -5.919018265559105804e-03 1.364807973430306846e-03 -1.172352827137799515e-02 4.627537186137499871e-05 -2.372190776059863223e-03 3.350386994569579807e-03 -1.232531325411450468e-02 3.346374495524965294e-03 -1.153280974987932680e-02 1.464912403932314665e-02 -1.919069931919070368e-02 -4.112066121942302768e-03 -2.381784788354328330e-02 0.000000000000000000e+00 0.000000000000000000e+00 -2.261440072293679701e-02 2.283830740807563792e-02 9.966792183709856714e-03 1.297770871599284673e-03 1.344914533117612214e-02 7.113067450958107663e-02 9.803204434360939246e-01 -8.340114410937837786e-02 -7.888938591989308122e-03 8.126836002115304589e-03 5.018814285930435493e-03 9.235158302687123885e-03 -1.450109875764483101e-02 1.100712711732504678e-01 3.977764589919060567e-01 -1.814159845125324633e-01 -4.702551743127987224e-03 2.343111613202469856e-01 1.037899326940651097e-03 -1.899730717729497011e-03 3.805516554694914066e-02 2.028244315314451512e-02 9.047967633358725004e-02 -2.914033713683754356e-02 7.505497241384634366e-03 -8.986158170797253764e-02 -7.252176960837344866e-02 3.238230926293966111e-02 -5.389994245536439132e-02 3.063775627280642122e-01 4.808504886932391475e-04 3.353102940982094493e-02 1.989855397559575981e-02 -3.450460741736794540e-02 -3.338229301745152151e-03 -4.461097517022010600e-02 -2.105075431691719873e-02 7.964632167049075229e-02 -3.135073857907177269e-02 4.235666321602230000e-02 5.318108458893396756e-02 1.252959455133948463e-01 2.848843981523167812e-02 3.380667282129091317e-02 5.418014441113636580e-03 -1.882290721871629101e-03 -9.986451700152283728e-03 2.789554637926540751e-02 6.528777449595440235e-03 -6.067071833802465709e-03 -3.117123792158989302e-03 -1.595239121853949109e-04 1.596629804643927980e-02 2.293429971519565097e-02 -7.669915749082049233e-03 -2.172311423038515016e-02 1.378318860402598725e-02 -3.836234868061959985e-03 1.515479703517693191e-02 -1.673459237675627154e-02 -4.410045781162818049e-03 -1.583122845227120457e-03 9.998796708130123015e-03 6.039434968632051079e-03 -1.300732817188795902e-02 -7.401251587837557461e-03 -4.447179772951070226e-03 -2.095759665659290352e-02 7.922068883134392864e-03 -2.597474201368913955e-03 1.180533349566463379e-02 -2.026178774343538602e-02 1.973415800738950038e-02 -7.229011806048668380e-03 4.751923538952593923e-02 3.719090791155481301e-02 -4.659507539635916046e-02 1.302867496809097594e-02 1.764252275271864165e-02 5.019144633850287224e-02 -4.768428048348349185e-02 7.035949550399022041e-03
0.000000000000000000e+00 0.000000000000000000e+00 0.000000000000000000e+00 0.000000000000000000e+00 -1.289738216528582868e-05 -4.445487972012641628e-04 -9.311574006835778450e-05 -6.708988779522894949e-04 -1.043662459072262731e-03 -7.072972581005307086e-04 -1.946714855407140950e-03 2.552785342442060075e-04 3.665273619688924232e-04 -3.191455637762349059e-04 -4.364179397965519736e-04 4.153996526149711225e-05 1.488416266165541648e-03 3.673389092871118451e-04 -2.778030097969683924e-03 -1.098630610824761393e-03 -1.792137621843717485e-04 -5.978378901275960451e-03 1.143158347243473363e-03 -4.449580358899203939e-04 6.355359928752311481e-04 -7.163066814137227520e-04 -7.584778321102162574e-04 -5.663553021270042358e-04 9.195259379491290937e-04 -7.218545109239369109e-04 -1.297593201082540473e-03 8.365702882892460130e-05 -2.087598387788445152e-04 -3.425536797630833854e-04 -8.814297907635092861e-05 -1.974168398552635225e-04 -2.972101220869892684e-03 8.772085397754606374e-04 8.201363581109637983e-04 -4.363310720487233695e-03 -1.884910679253132314e-03 4.817815673065899433e-05 -5.107427206872724567e-04 1.660088666142286399e-03 0.000000000000000000e+00 0.000000000000000000e+00 -5.008059917420175020e-04 2.598438967891643101e-05 1.345398473883062385e-03 1.337331139305062528e-04 3.965440710720858557e-04 -5.366702448839962697e-03 2.094727072305836366e-02 4.308239921563017036e-03 1.472807548111171056e-04 8.435724211813989005e-04 1.226407681335300133e-03 -1.190169310755246875e-03 -4.672867211756214162e-04 3.057344597347633197e-03 1.167925192138591708e-02 -3.407347520863138884e-03 5.999176002877277787e-04 6.525378797684563449e-04 -1.169440564565457478e-04 3.830896678026096073e-03 1.204478248725621625e-03 -1.473542096079131841e-03 -2.772614638557421417e-03 -3.121406484297995117e-03 5.029194077613251398e-04 -2.684249931734679958e-03 -1.679785316504159732e-03 2.454318404464539156e-03 2.454914811947854860e-04 4.808504886950392483e-04 1.317053645940603843e-03 4.347021942820143313e-04 -1.781557735188184872e-03 -5.475792923032775806e-04 -5.208477690255630200e-04 3.732798686052951002e-05 -5.839032110231324145e-03 2.409460191169322547e-03 -5.338213379972129788e-03 -1.010241654497073989e-03 2.310378554039574719e-03 1.179380704485043577e-02 4.443559611242109582e-03 5.262462630593787126e-04 2.753397528249322090e-04 -1.282392983708795882e-03 -4.083414575350749302e-04 6.881247317555242576e-04 7.875775504105135246e-04 -6.515266625419818174e-04 -2.499737935629706866e-05 1.034621607455494326e-04 -2.563722837930699269e-04 6.162038556962191318e-04 -4.530437253328314278e-04 1.635801725017814109e-03 2.374512514610211008e-04 5.511200085922210055e-04 9.294054492686303374e-04 -5.525384011153666036e-04 -2.517653953362079832e-04 -1.890679187131450399e-04 5.004669156137297754e-04 9.724444265107925469e-04 -7.379910425237767250e-04 1.060349339957246742e-03 -2.864180924679498902e-04 9.041398885089547630e-04 4.980251984869987856e-04 -1.134534915851054693e-03 -3.935998375148556548e-04 9.826796031140909785e-04 9.406020245458856328e-04 -6.874218249367799278e-04 4.238177576594225038e-04 1.275385831402622155e-02 -3.117116743507589334e-03 -2.245904517931714400e-04 -3.016630881764814447e-04 3.383134624608991905e-04 -4.880738586916106561e-04 1.140669549948262898e-03
0.000000000000000000e+00 0.000000000000000000e+00 0.000000000000000000e+00 0.000000000000000000e+00 -5.846794483157450456e-04 -1.153951783617187046e-03 -1.141386573025367267e-03 -4.637313199968422575e-03 -3.271617340571728906e-03 1.916075875177495301e-03 -4.987820759341793017e-03 -1.189119631691804187e-02 -3.092525600833946880e-03 9.619650376200987452e-03 2.644852076607980863e-03 -7.881009919901461880e-03 -1.698317416480214868e-03 -1.178426813559651501e-03 1.377801755932208175e-02 1.488515093254198351e-03 4.470183291955518758e-03 5.954159001618367086e-02 -4.616542383848081313e-03 -2.805709598610134966e-03 3.516764591894041940e-03 -7.455764197662491551e-03 1.172794007607098335e-03 9.166889978966327387e-03 -5.105978473019193858e-03 -3.915506901473738560e-03 9.192744207715018018e-03 -6.030986610330939766e-03 1.399808003159751756e-03 -6.849219983992691288e-03 2.892002649193005088e-04 -3.767613921904430351e-03 7.296064119053890552e-03 -6.322713083156981072e-03 1.229009950030511382e-03 1.062590481171454826e-02 1.314080928176271368e-02 -8.108322875963107010e-03 -8.317023159177113975e-04 -1.594190530837691702e-02 0.000000000000000000e+00 0.000000000000000000e+00 -4.993494056012319146e-03 2.176535050254316261e-02 9.537821079857816686e-03 3.577052203936629572e-03 6.949915170773516941e-03 2.180398595842757137e-02 4.728880663159652498e-01 -1.928271841061719033e-02 -3.890580445099961482e-03 6.718225866426686017e-03 6.194118012578037763e-03 8.306015911905755694e-03 -4.112559966958139433e-03 -1.078434722905752610e-02 1.618243002108385453e-01 -7.477917447290829099e-04 -2.506272053902510854e-03 5.551127567595462442e-02 5.305643913536725294e-04 1.660008634460863330e-02 2.230528336984572910e-02 -1.309561102645983612e-03 5.664976941286033879e-02 -9.605269655993611475e-03 -3.528293182417268411e-04 -2.489656094331095873e-02 -2.375664597887278476e-02 1.323279409788220666e-02 -1.410773011856093946e-02 3.353102940981316643e-02 4.347021942813789888e-04 2.740196845819170904e-02 1.714389719481014887e-02 -2.509458431137328790e-02 -2.214938379050490711e-03 -2.067854168288758843e-02 -2.492997972860506312e-02 3.353535947487011615e-02 -2.337982140893231364e-02 1.653678319308032191e-02 1.808965044276882386e-02 6.262611566309926603e-02 1.379148911684064185e-02 1.471521693711975130e-02 2.655173409762241754e-03 3.740166744168187639e-03 -4.447265991359842033e-03 -6.115315079290060268e-03 5.034524331444071264e-03 -2.002396481274576327e-05 2.502171217885585958e-03 4.700442143526409496e-03 6.641784924007612147e-03 4.275992893171027751e-03 -6.438767476592967970e-03 -1.962071170258076341e-02 2.687237383608487296e-03 -6.251069969935495359e-03 3.424361836906497994e-03 -1.270397369887745799e-03 -3.097385530785547701e-03 -3.938308817456032292e-03 6.023198744402265964e-03 -3.177444436405981419e-03 -1.221513848591843261e-02 -1.211589206326397529e-02 1.080000220031397413e-03 -2.437496820652812132e-02 5.166431496074177371e-03 2.482670392958632403e-03 8.844058647144038138e-06 -2.920568087217512415e-03 1.065202696994653302e-02 7.173579198763792124e-03 1.597496849861542584e-02 9.153221309979726883e-02 -2.537279795293027537e-02 -9.281545066116433929e-03 2.129881201123842369e-02 1.103069875380669439e-02 -1.709840202230145101e-02 4.839963273172711959e-03
0.000000000000000000e+00 0.000000000000000000e+00 0.000000000000000000e+00 0.000000000000000000e+00 -4.661996421829906899e-04 1.250530165869940310e-03 -3.176128638996513539e-04 -5.649931363220994044e-04 2.500082064153589384e-03 4.389657244093419022e-03 4.784798904735061004e-03 -1.106117609659002833e-02 -4.306177469359156150e-03 8.963391363710951354e-03 3.595619288473313364e-03 -7.698433712827966111e-03 -7.040657340541725540e-03 -8.252210540235700199e-04 2.235495834473626847e-02 7.241953804323917124e-03 3.897741641757322337e-03 6.647076979160015942e-02 -8.045666108655700685e-03 1.321120715459421805e-03 -2.141175711487707444e-04 -2.775777518338432177e-03 4.303372226971713746e-03 8.964995928826057642e-03 -9.254407830095578297e-03 -1.047356238334258408e-04 1.328050003966948535e-02 -5.438052936410255403e-03 2.033481667070540910e-03 -4.764619092879960119e-03 7.210646103407722732e-04 -2.386852205355833971e-03 1.971614735768093332e-02 -7.504322920087245011e-03 -1.701197000207219437e-03 3.947469582363680868e-02 1.886129137118835661e-02 -4.339831739665156972e-03 3.762778294488781494e-03 -1.825082400042411096e-02 0.000000000000000000e+00 0.000000000000000000e+00 -1.347719930957434666e-03 1.602422298450104782e-02 8.123019332638805809e-03 -3.864770590920397261e-05 4.767499889557919208e-03 2.973256760689743997e-02 3.200771443039877595e-01 -2.776276862575943402e-02 -3.134236328032551522e-03 2.337993337382112281e-03 3.473326134382355174e-03 6.978604570639201053e-03 -2.375251990545882829e-03 -1.511478604719501510e-02 1.169643274974433572e-01 1.435638612533733822e-02 -2.473023209271190629e-03 2.845553243884607272e-02 2.633222980207737193e-04 8.092889527836068936e-03 8.335653413495066472e-03 -3.548797760584853581e-03 4.441060848326350285e-02 -1.047922514911753169e-03 -8.854065477386012604e-04 -1.676004285846427119e-02 -2.054423520668922920e-02 1.410514328306495049e-02 -1.110953469086828349e-02 1.989855397558343286e-02 -1.781557735188739116e-03 1.714389719480883742e-02 2.202628807207781050e-02 -1.752315098791940376e-02 -1.761478966944958046e-03 -1.005802120531426938e-02 -2.018191615347923046e-02 1.267218106659004188e-02 -1.989294678979687536e-02 1.261645943403174805e-02 8.748431359887851380e-03 2.806854044995845884e-02 1.307571598467801785e-02 9.145416950253879018e-03 2.105465956824097758e-03 2.743566008566462010e-03 -1.593823248316438880e-03 -1.589711697002428592e-03 3.006552091927005513e-03 9.108722073801112009e-04 2.646397400282463411e-03 2.562054351914401507e-03 4.406487771576758812e-03 3.675256773624434488e-03 -3.264290839944415656e-03 -1.364402342595400636e-02 -1.442509858440770096e-04 -3.844987521184990795e-03 2.814351852475044640e-03 1.381846199996832839e-04 -3.478808097123997981e-03 -1.627686515107246070e-03 3.423671121200233536e-03 -1.951726741805536250e-03 -4.687393312899351162e-03 -9.279828600359658203e-03 -1.689269249187335667e-03 -1.554827425571859989e-02 2.927283774298235913e-03 1.898523024927652658e-03 1.212719297352374184e-03 -5.614663706074539753e-03 7.223395613865752143e-03 3.301465911589480506e-03 9.428332200544412012e-03 6.573079446121612990e-02 -1.376019641905288672e-02 -3.198064157229049687e-03 1.656046695955876863e-02 9.633523433083742218e-03 -1.004386776907703269e-02 6.138513341422350417e-03
0.000000000000000000e+00 0.000000000000000000e+00 0.000000000000000000e+00 0.000000000000000000e+00 6.517514107950753664e-04 1.628736116619707366e-03 1.313771607881338184e-03 6.534635369765407972e-03 4.693106740217493043e-03 -1.241399934702367824e-03 7.908945022249832743e-03 1.304772245070529718e-02 3.223085788577204937e-03 -1.090150982402635776e-02 -2.699863652326434018e-03 8.730845921221811606e-03 7.670958156517832839e-04 2.136767447417833171e-03 -1.372852051546222599e-02 -2.500975622810623286e-04 -4.609282687935181179e-03 -6.289319374159962894e-02 4.014890047440213341e-03 4.345737528741896311e-03 -4.489245883717454463e-03 9.482102313917465872e-03 -6.938655781083991492e-04 -9.952631187432496584e-03 5.151318140939976920e-03 5.412543204470035216e-03 -9.221843203459265462e-03 6.802833158804354532e-03 -1.415058319917809546e-03 9.047602576720232409e-03 -1.959811400743259916e-04 4.216431247720273633e-03 -4.606101995123354845e-03 5.987670245316543613e-03 -3.223579515208784343e-03 -1.273390173567183654e-02 -1.124022841145508496e-02 1.048191397878123036e-02 2.794287938047518467e-03 1.746285215853414854e-02 0.000000000000000000e+00 0.000000000000000000e+00 4.156342388977061868e-03 -2.307831082463671774e-02 -1.068465646533546531e-02 1.993451049769872935e-03 -7.521665559829106978e-03 -1.772932400664093203e-02 -5.200053110301078307e-01 1.855377406097519916e-02 3.886151099233040637e-03 -6.497240791969872975e-03 -6.285273968001680624e-03 -5.439750849222602970e-03 3.834976406936675686e-03 1.370102778575262893e-02 -1.651706597948121302e-01 -4.245732601940279197e-03 9.568415487405010052e-04 -5.252564786789225282e-02 -4.912398010173360963e-04 -7.356816096960087925e-03 -2.338088217937983604e-02 -5.137488707336419422e-04 -4.999346819557377170e-02 5.010573132418789412e-03 4.148284237482000557e-04 2.527025902331468676e-02 2.948444670444800089e-02 -1.531212115914747617e-02 1.538253462880335640e-02 -3.450460741735784237e-02 -5.475792923023974253e-04 -2.509458431137445711e-02 -1.752315098792299464e-02 2.982273564248739961e-02 2.113544557270742759e-03 1.801559362515039314e-02 2.283067805529919586e-02 -2.313018356650330815e-02 1.901458989520159182e-02 -1.997606894736357261e-02 -1.832096663290311983e-02 -7.294721468895934424e-02 -1.330790228640562484e-02 -1.951901349892372697e-02 -3.063898657115471207e-03 -2.890724219054937715e-03 4.534955618893816640e-03 9.588868857746579016e-03 -4.186461447995944857e-03 2.567564787892844327e-03 -2.660066381291759444e-03 -3.012328241658016829e-03 -7.760311074312510778e-03 -6.461886305401744711e-03 5.638363037459932260e-03 2.191531884264453361e-02 -2.853041620436621521e-03 6.755028779888094803e-03 -2.988640104372465404e-03 4.321377216375606178e-03 2.822366248075513021e-03 3.231014616927459140e-03 -6.923403579202482699e-03 2.445719216593519006e-03 1.076517731115639309e-02 1.525369846706747974e-02 8.140679686379560017e-04 2.538572182039283004e-02 -4.831629793866856412e-03 -4.956816705920474809e-04 5.332661766660248132e-04 6.177149772178324588e-03 -1.197543062266062316e-02 -3.704539701473187445e-03 -1.479716193692655508e-02 -1.090184813900768324e-01 2.991362478384300069e-02 7.621696790832632740e-03 -2.670496604537789254e-02 -8.920475939630656895e-03 2.052405012766096368e-02 -7.012603428088350424e-03
0.000000000000000000e+00 0.000000000000000000e+00 0.000000000000000000e+00 0.000000000000000000e+00 2.913781572347954295e-05 1.766677794469147071e-06 5.033930202285975884e-05 4.662289872771889932e-04 -1.851458710812759617e-05 -3.333546244061535795e-04 -1.114324319945677352e-04 9.214695478254302657e-04 3.500779140280436985e-04 -1.000860425472278620e-03 -2.608456150871095555e-04 2.187960977204311906e-05 2.168029197277862152e-04 1.078895086567343642e-03 -1.605963130205369672e-03 2.932111848642261764e-04 -6.160840633833957868e-04 -5.590031708000223198e-03 5.433053481324601457e-04 9.370347393049853956e-04 -8.573081107298493198e-05 5.176027465216284044e-04 -3.412075583131210510e-04 -1.190918755392927041e-03 5.688415934229722713e-04 1.824176314107632860e-04 -9.843294979357880212e-04 4.889990859213680548e-04 -1.485571274936170710e-04 -4.376017770908323563e-05 5.920314109514742903e-05 4.700981371630471532e-05 5.201309729672811202e-04 9.693276181822112290e-04 -3.294789622435005021e-04 -1.747443034475843837e-03 1.013327905599372900e-03 1.212643868870134489e-03 1.702398398458611958e-03 2.370413540968471008e-03 0.000000000000000000e+00 0.000000000000000000e+00 7.860485734203687168e-04 -5.697539735199036795e-03 -1.269288445099359640e-03 -8.795573021647592462e-04 -1.008653450064956420e-03 -7.225266843224073185e-03 -6.404976961221504894e-02 1.001366413803580872e-02 1.635361344360182945e-04 -3.601238578354322862e-03 -9.762599681421781257e-04 1.232976445053755236e-04 1.657846542670763073e-03 5.135450490375377194e-03 -5.602383989355361193e-02 -1.560118796851461646e-03 -2.072058653650093139e-03 -7.532894857127723012e-03 -3.652042861004931181e-04 -7.780622603271304498e-03 -4.519730255503187633e-03 2.360417210044838364e-03 -2.435797479212115438e-02 7.736223963532850266e-03 -7.546255938735370230e-04 9.607630769661104631e-03 8.056292382777194977e-03 -6.426623293261960086e-03 2.307556387146124724e-03 -3.338229301749153291e-03 -5.208477690256265542e-04 -2.214938379051763131e-03 -1.761478966945205244e-03 2.113544557272321357e-03 3.241852799726406553e-03 4.095965507165988048e-03 2.652864813633470584e-02 -9.012870561557646820e-05 4.156661836047254033e-02 -2.611969827838398536e-03 -1.172997566704953032e-02 -2.479482399424414937e-02 -2.664279753837039966e-02 -8.366321132653186526e-03 -6.249116760192021183e-04 1.506939061650606603e-03 1.532810424060159502e-03 -7.978622009605295176e-03 -6.867365408978740905e-04 2.435585296187759308e-03 -1.896607347554028333e-03 -2.358446267554496507e-03 -6.437354936808502032e-04 -2.958053863088097070e-03 9.794485825083167063e-04 -7.082385498516446075e-03 -7.332976767795132324e-04 -1.958108420847206547e-03 -3.370785974131386073e-03 1.518552370984712621e-03 3.683145550500520685e-03 -1.061216391172333049e-03 1.211015476403473927e-03 -2.514309710359175290e-03 -1.818143551711948842e-03 -4.892514867192797323e-03 5.467603675798868605e-04 -2.299848420211410976e-03 -4.609297367804879699e-04 9.262173333943544539e-04 -5.115736509798483444e-04 -7.768273642679514226e-04 -1.816620771845427976e-03 5.009792475120862683e-03 -4.012078359663349102e-03 -6.086026861108402054e-03 7.805605451678057118e-03 -5.931595999599591912e-03 -1.228536630034285501e-03 -1.433138249999106606e-02 4.570551895480283629e-04 -6.544694811392750070e-03
0.000000000000000000e+00 0.000000000000000000e+00 0.000000000000000000e+00 0.000000000000000000e+00 3.708918460343953562e-04 1.721924549484551720e-03 9.571104973806588518e-04 5.053229477470774084e-03 3.399498625851911024e-03 -2.126325235005575853e-03 5.995712006125840550e-03 8.564433951581596274e-03 1.730598948353885298e-03 -7.040950096431033110e-03 -1.313988058995985272e-03 2.839560802365756389e-03 -1.695907309880535264e-03 3.376717106601704026e-03 -5.854837381543988133e-03 2.626561877111663595e-03 -4.683407041222474761e-03 -4.035852914945818604e-02 1.613189725401271068e-03 4.474293066883046691e-03 -3.556004465956788541e-03 5.466496843635052817e-03 2.839271699228978086e-04 -5.994767530579031903e-03 1.874839196291476018e-03 2.683386455964324735e-03 -4.851593553618674740e-03 3.758588724821178978e-03 -8.782949276341320017e-04 2.549253507798539351e-03 9.140359719890566240e-05 -2.736822473727253038e-04 -7.131708721821675839e-04 5.501836563569287991e-03 -3.978723306418569319e-03 2.874588800527135349e-02 -2.920909987854212672e-03 1.314589325840846701e-02 3.740833531855243706e-03 1.062710871924622130e-02 0.000000000000000000e+00 0.000000000000000000e+00 8.251550396008234742e-03 -4.081936393812967551e-02 -4.268046331274209619e-03 -2.227810081064270954e-03 -4.308606277765959953e-03 -2.425128698506563707e-02 -2.630179324466049295e-01 3.625408169093143063e-02 7.936294705917100803e-03 -2.174567219626524078e-02 -2.464085957007320152e-03 -3.829719345793103878e-03 4.017575544670405792e-03 3.916105880182092769e-02 -1.564623865480571363e-01 -2.277883786519938059e-02 1.408340596608705433e-02 -9.482069574794955991e-02 -2.161022951943300519e-03 -5.308307817818154473e-02 -7.314333752581943238e-02 5.486592120567195321e-03 -5.201982290248610696e-02 4.875084179493753556e-02 1.116672760957232967e-04 3.179356497294972411e-02 2.654347654027302411e-02 -1.632665451897486256e-02 1.914851549331685054e-02 -4.461097517023081271e-02 3.732798686097925063e-05 -2.067854168289720573e-02 -1.005802120532087521e-02 1.801559362516230722e-02 4.095965507164112812e-03 1.437342778526803921e-01 8.298604285566721361e-02 -1.093574904263482500e-01 2.180093002707679528e-02 -1.181366709666345077e-01 -9.241558918273492379e-03 -3.219417116244521204e-01 1.149201687718650645e-02 -7.877441615386732154e-02 -2.714750458426077630e-03 -7.465397843497404871e-04 5.436856974402483507e-03 1.209938397745575003e-02 -5.359181221511678979e-04 7.593247591879021506e-03 -9.525929656684292701e-03 -3.156431283817857144e-03 -1.282757230585414819e-02 -4.546877095596805161e-03 7.439632502655162995e-03 2.701358362176512276e-02 -3.493260264452914196e-03 1.176105385296727715e-02 1.733658281408436384e-03 1.521782150864392155e-02 6.786736567158656655e-03 3.045900023947348267e-03 -1.173496060950223949e-02 -1.155965690911711858e-03 1.472692332446445124e-02 6.477298972759534638e-03 -4.220152039254660738e-03 3.336150650750349667e-02 -2.553733625574014336e-03 2.531328169796336720e-04 2.619834086653209486e-03 -1.192732993741752248e-03 -7.185699371588853690e-03 -9.468522514837303047e-04 -2.574371881754857969e-02 -9.735973715982221277e-02 2.958790170942935879e-02 5.719303994371973017e-03 -2.510388191764975283e-02 -1.323356134761937211e-02 2.046324250363988975e-02 -1.105561475122602069e-02
0.000000000000000000e+00 0.000000000000000000e+00 0.000000000000000000e+00 0.000000000000000000e+00 6.405506943052809501e-04 -6.880649517048433549e-04 1.169585625991656193e-04 2.244152327661945879e-03 -1.930135490821411432e-03 -3.728548912311222159e-03 -2.745422427858495995e-05 1.270378599619329495e-02 4.736424637927668518e-03 -1.058332641713595652e-02 -1.600767477711125767e-03 3.463588679490673880e-03 1.028645840270580453e-03 6.065491865864059383e-03 -1.828879190304931457e-02 -2.117778832602338485e-04 -8.583493203930687640e-03 -4.122839320522758699e-02 4.702569171695359512e-03 7.005117402526474767e-03 1.732488145180744940e-04 5.499071666835294789e-03 -3.277580054005224761e-03 -9.971042684268047879e-03 1.032147396840191363e-02 1.788521681830503030e-03 -1.091173282094441352e-02 6.684249161398167147e-03 -1.891994383792338979e-03 4.309608058886846282e-03 -1.017647448926146687e-04 -1.142110428728764296e-03 -7.016645418234691844e-04 1.143254387438861347e-02 -5.780090908819625339e-03 -2.474051149896254811e-02 -4.047320190131570294e-04 1.238643196701233982e-02 4.198900985226308724e-03 2.393069736190632513e-02 0.000000000000000000e+00 0.000000000000000000e+00 8.161302897852929644e-03 -7.054159975064859534e-02 -1.501747333868079862e-02 -1.227015184211987381e-02 -9.443304095024683889e-03 -6.488777760737542144e-02 -6.049463986417039640e-01 9.094750113468821895e-02 2.058996412741279092e-03 -4.664369866581232621e-02 -1.353922924998801451e-02 1.307256902213867113e-03 1.494560320824867179e-02 1.248808719196566053e-01 -5.111517093486988017e-01 -1.193431979042010177e-01 -1.677447045669173617e-02 -3.657323495880911157e-02 -3.517188623545711677e-03 -8.588584429195883496e-02 -8.461320684303688666e-02 3.454270234263652484e-02 -1.604883148456764941e-01 6.563562961923571915e-02 -3.848210599384100424e-03 1.100014468584529920e-01 6.147737342567471952e-02 -9.520172621985566186e-02 1.457850628334099626e-02 -2.105075431694362204e-02 -5.839032110231241746e-03 -2.492997972861014933e-02 -2.018191615347642714e-02 2.283067805530619720e-02 2.652864813633547952e-02 8.298604285568236816e-02 4.030342919673880475e-01 -5.438832187697130449e-02 3.637967726958916681e-01 -6.737209437096874920e-02 -8.127684133183925297e-02 -4.117711081082049973e-01 -1.681307910910611603e-01 -7.312337773009934538e-02 -6.718078560761379762e-03 8.022545117955016264e-03 1.577132941636659458e-02 -4.036819750693357300e-02 -6.494229147820106650e-03 1.890123351768749002e-02 -2.468433598193876116e-02 -1.038631326878848397e-02 -1.002866210562924128e-03 -2.789819017884703767e-02 5.884706542091730844e-03 -5.667020831316455648e-02 -2.806385301657764089e-03 -1.640544297202840840e-02 -2.618573754666109199e-02 7.548437483566487055e-03 4.039401586189766274e-02 -1.864081765856894640e-02 7.655736185295056867e-03 -2.662903732828407824e-02 -1.570908727389663112e-02 -4.102233242909153477e-02 3.567916925070822431e-03 -1.647002222041978048e-02 -3.868892340980686906e-03 5.348001496942839106e-03 2.034304623650578462e-03 -1.310258034584697515e-02 -2.186250827690772169e-02 4.458442655632782747e-02 -4.015554003148556761e-02 -2.361556644483087941e-01 1.083973714284145184e-01 -5.245364262206166778e-02 -3.650386518033136435e-02 -1.315510515012234261e-01 1.090952092633642838e-02 -7.162945583515564763e-02
0.000000000000000000e+00 0.000000000000000000e+00 0.000000000000000000e+00 0.000000000000000000e+00 -6.091646191868046230e-04 -2.244544939317921414e-03 -1.560585596980720684e-03 -6.972719238763465215e-03 -4.460283367245200178e-03 1.079882468548173024e-03 -9.486391933602839402e-03 -1.137020285427495399e-02 -2.256850835928459614e-03 7.177540284925484730e-03 6.893924222601979877e-05 -5.401318289109157192e-03 3.954055624499465751e-03 -8.255833972433106877e-04 7.381375512676442013e-04 -2.693693814519369529e-03 4.430379878165914033e-03 2.417163709805087921e-02 2.957045127796886514e-04 -6.166818259334981567e-03 4.965360766149417605e-03 -8.562027634880797072e-03 -1.206210979612481289e-03 7.218553112202074837e-03 -2.847127352519168882e-03 -5.171683989057386174e-03 5.174264365685071233e-03 -5.311643796484108275e-03 9.188149306470685257e-04 -5.549462265194892753e-03 -2.828264460316439843e-04 3.940417903531031989e-04 -4.345283544674064663e-03 -8.535508961263312683e-03 1.951828471419657287e-03 -2.211390174192244540e-02 1.502558606724657686e-04 -1.120519527334660342e-02 -4.805663619697578791e-03 -1.677556607065638222e-02 0.000000000000000000e+00 0.000000000000000000e+00 -8.745007441055444725e-03 1.815240707757616659e-02 1.252643626466221245e-02 1.053382680880631667e-02 7.198551314905003197e-03 -9.851990569294196559e-03 4.263577561642754588e-01 1.747998178651776965e-02 -8.233005183935111770e-03 6.865585791966809411e-03 4.737257122683443192e-03 9.314739293131951703e-03 -5.810366360025236154e-03 -3.453757862078803316e-03 2.327110354366877520e-01 -1.464898956046659963e-02 -1.213606405816420632e-02 1.255836154042989650e-01 2.408167449865225378e-04 5.160747368195578444e-02 3.006011286085778084e-02 9.865311943961356869e-03 6.987212337096679327e-02 -3.955468574740514387e-02 -6.309891526622749512e-04 -2.074224036020164835e-02 -2.665890763984806594e-02 5.794108433581992863e-04 -1.176545858341885263e-02 7.964632167049590095e-02 2.409460191168377122e-03 3.353535947488010122e-02 1.267218106659889071e-02 -2.313018356651455609e-02 -9.012870561356505633e-05 -1.093574904263422271e-01 -5.438832187696474030e-02 2.705803735530772913e-01 1.102933506153218508e-02 8.561181031154178889e-02 -3.312225128103396532e-02 1.780138467628709364e-01 3.610705102142942186e-03 3.639254359302419167e-02 5.732201146566395875e-04 4.331117727503080127e-03 -8.981568072642873157e-03 -9.044250032336548575e-03 8.829067121670076262e-03 1.023051710850853523e-02 -5.403917534052002543e-03 -1.452881074931653728e-02 7.001725451531930211e-03 -7.617481143368281388e-03 -1.065732661677778505e-02 -4.611625474677444325e-02 3.564064196826048333e-04 -1.185450030866296370e-02 -1.202017029369986580e-03 4.613838631050131735e-03 1.541425873701855048e-02 8.705672981787372991e-03 1.805660485967752402e-02 -1.101335047274249954e-02 -2.816262969368838257e-02 -2.551267152163365359e-02 1.381279019886100592e-03 -4.179705974142736841e-02 7.458852686588029676e-03 6.959622110691480665e-03 -3.823127041646572424e-03 -2.291786900868706105e-03 9.914789399906035611e-03 2.511900745104366645e-02 4.663496600206286629e-04 8.165119525890815466e-02 -1.071238491884679220e-02 -2.425923147051207984e-02 1.707275232976539561e-02 -1.644287434965668870e-02 -2.233194091133243117e-02 -9.029089548226065798e-03
0.000000000000000000e+00 0.000000000000000000e+00 0.000000000000000000e+00 0.000000000000000000e+00 2.938541980908026814e-04 -1.312408777480952599e-03 4.251882910987999677e-05 2.160109855227414829e-03 -4.184271771317582544e-03 -5.121121900138968751e-03 -7.133382260744733708e-03 9.033338381810638792e-03 4.341261052732446786e-03 -1.083710363164665930e-02 -3.174023383510085009e-03 -4.487709384185870065e-03 5.122036014494114192e-03 1.755707920879110567e-02 -2.223397400424760584e-02 4.443261072361330902e-03 -8.383875330552736926e-03 -5.447484789607168892e-02 8.515291438874030353e-03 1.442290176940627493e-02 2.275068668569850405e-03 3.020681325397927240e-03 -6.128810298576959324e-03 -1.390299331084630594e-02 7.864213653997689443e-03 -4.706002593909700753e-04 -1.162015606331945686e-02 5.205814248787209164e-03 -2.021469595136937691e-03 -6.030240486304820277e-03 9.304096061219084036e-04 -5.816481038663284461e-04 9.646596159106408941e-03 1.363813666905952689e-02 -3.238109683907829106e-03 -3.984571384174982744e-02 2.102683045549479102e-02 1.199194241625745408e-02 2.642356982348994035e-02 3.164034037032710522e-02 0.000000000000000000e+00 0.000000000000000000e+00 5.888367568784513666e-03 -5.934682153521485259e-02 -1.157389693419921817e-02 -1.266842686547185910e-02 -1.098761620932430828e-02 -8.676075243209337151e-02 -7.047876473067309355e-01 1.133190945232518676e-01 -1.837658727047927765e-03 -4.159161816108015303e-02 -1.450308345566195950e-02 4.490939112925381935e-03 1.903921045207788640e-02 6.381782808547938057e-02 -6.443709200091191081e-01 -2.178976018203777898e-02 -3.233103938224576174e-02 -7.472990653331382238e-02 -4.376945377604688110e-03 -8.996382830071730785e-02 -5.235000088056215167e-02 3.220624246900032073e-02 -2.760587954630918661e-01 8.106194111284782677e-02 -8.121353670368522404e-03 1.023825748547068093e-01 8.638297330708109845e-02 -6.281600046289689820e-02 1.722583173822063440e-02 -3.135073857911693795e-02 -5.338213379972853168e-03 -2.337982140894000888e-02 -1.989294678979184466e-02 1.901458989521214588e-02 4.156661836047494812e-02 2.180093002710636538e-02 3.637967726958942216e-01 1.102933506151302333e-02 6.154119475338820644e-01 -7.561285170020279160e-03 -1.344962621950923087e-01 -1.443506349606591410e-01 -3.532425839719761096e-01 -7.469690265118300587e-02 -5.122381043641334973e-03 1.694215887715978461e-02 1.621561865284542464e-02 -1.098526993182088601e-01 -1.002759096031235163e-02 2.927755721115007231e-02 -2.505225228685822175e-02 -3.145481436438583162e-02 6.577819157215806720e-03 -3.490398781748257906e-02 8.002565148298185910e-03 -1.102952652080262524e-01 -4.040550221156697513e-03 -3.604280746680996184e-02 -4.688981609930751443e-02 7.592923955249012390e-03 5.142268551840196295e-02 -2.568209693267338098e-02 3.102678982066867791e-02 -3.870507545982854181e-02 -3.406089300858979735e-02 -7.429346581219554990e-02 4.782299741998063958e-03 -4.895118570830016280e-02 -4.445717547833195546e-03 7.875224460291466513e-03 -5.645309683412626234e-03 -2.314144955865483910e-02 -1.796579060022056307e-02 6.954641571478768769e-02 -3.473253934835391493e-02 4.102818144629205577e-03 9.850641209044455615e-02 -8.261936403876281310e-02 5.016756169903932756e-04 -1.906581954973704252e-01 -5.816820462846762109e-03 -7.829183520291790876e-02
0.000000000000000000e+00 0.000000000000000000e+00 0.000000000000000000e+00 0.000000000000000000e+00 -3.834832654798475248e-04 -9.881013400267796461e-04 -7.294425559567438173e-04 -5.715745021050792560e-03 -2.557324509456173137e-03 1.473601744955575690e-03 -4.152058743708615662e-03 -8.143182396708116555e-03 -2.343509186945107962e-03 7.875166606319490559e-03 1.491582310989907631e-03 -4.042727876459922300e-03 1.296324673190360835e-04 -3.894564081376582654e-03 8.272413169314846160e-03 -1.509848706538546685e-03 5.331621803303643152e-03 4.462395151383229119e-02 -1.435577514447320411e-03 -4.989381996825637856e-03 2.955821313574952432e-03 -6.530441659486313326e-03 5.664607588710654550e-04 8.383328251542062140e-03 -3.608929506289515823e-03 -3.472247351858621586e-03 7.234883342541437168e-03 -3.818398605032501288e-03 9.524350136683567680e-04 -5.185136645251863137e-03 -1.152541352456056944e-04 1.792276876301865038e-03 -9.745887235987280017e-04 -8.987497479935286498e-03 4.830922884498935546e-03 -1.542236411141366739e-02 4.288283259139730012e-03 -1.622455109121475822e-02 -5.329962120085854176e-03 -1.666240158226505938e-02 0.000000000000000000e+00 0.000000000000000000e+00 -6.665110054869786797e-03 3.330656144958527715e-02 3.900691939516227370e-03 -4.133580432916581469e-03 3.476803990544345430e-03 3.005005723464384063e-02 2.176398234050962999e-01 -4.354560600672887499e-02 -5.129419014607117244e-03 1.905663429513716409e-02 2.740137547375321846e-03 1.250491476392935359e-03 -3.413980009131027150e-03 -2.819925089737185253e-02 1.530578656810661076e-01 1.433492554157221252e-02 -9.594369911685276045e-03 8.477450737834674177e-02 2.553663933356002148e-03 2.435877801539577947e-02 5.526277944147020560e-02 8.265218065859589874e-03 9.603238307370240423e-02 -3.456632544719689254e-02 1.610247707956141932e-04 -2.580904790016223457e-02 -3.561198333314542774e-02 1.153971779729623393e-02 -1.998929263201511264e-02 4.235666321603275691e-02 -1.010241654497669650e-03 1.653678319308727468e-02 1.261645943403658446e-02 -1.997606894737198602e-02 -2.611969827835747878e-03 -1.181366709666317877e-01 -6.737209437094725251e-02 8.561181031154413423e-02 -7.561285169980435164e-03 1.488835267205665946e-01 2.068774710014539484e-02 3.250089950352730295e-01 -4.147995541883938569e-03 8.831292815518596018e-02 3.028788374356654323e-03 1.914818196471594191e-03 -7.936282809195634343e-04 -7.865737846895849705e-03 -1.702789719733769237e-03 -5.410065174840936360e-03 9.323691137495475345e-03 -2.442950420491001549e-03 1.405091725844027570e-02 8.330944957954222740e-03 -4.728060505421144248e-03 -2.200503456715735204e-02 6.853649801621929279e-03 -8.033586161307669157e-03 -1.521869110202470760e-03 -1.454662155181457930e-02 -2.745464056425436783e-03 7.164527158057568297e-03 1.262213348378036885e-02 7.419735960143222092e-03 -8.421238589971518848e-03 -7.298887728002559708e-03 2.229237643434750157e-03 -1.590857638691400150e-02 2.405232789070581214e-03 -3.938526930486043820e-04 1.152894673673067862e-03 -6.034773025091922684e-03 4.378782819225189755e-03 -3.208981224480343675e-03 1.980283709554328184e-02 7.075165476695267908e-02 -1.993152842097399915e-02 4.676293665268747846e-03 2.072511600219366368e-02 7.008479346961570336e-03 -1.340060181893784619e-02 7.732593838054876642e-03
0.000000000000000000e+00 0.000000000000000000e+00 0.000000000000000000e+00 0.000000000000000000e+00 -3.834989361385652325e-04 -1.527816393772730551e-03 -9.854858670239273997e-04 -5.843900437346439408e-03 -3.637353162276913549e-03 -5.048290056773332111e-04 -6.021924479393933084e-03 -6.533682494417336790e-03 -1.588999416190595886e-03 5.850166150561722338e-03 -3.943299217157531043e-04 -5.270380411006509933e-03 3.403474777199747350e-03 -1.086653370311395405e-03 -2.026020100074599553e-03 -1.352348822725457601e-03 1.836232985063572737e-03 2.060477948655112246e-02 2.200793722586910379e-03 -3.379138213002734654e-03 3.659141820689293736e-03 -7.238655673936882952e-03 -7.339298349739952453e-04 6.681634012611569438e-03 -2.297382096796168460e-03 -4.849241605637157407e-03 4.911369279185567524e-03 -3.160129925495013328e-03 2.873181476140917426e-04 -5.748405654774664877e-03 -1.638900137806556848e-04 -3.052237959752151196e-03 -4.060824204108892319e-03 -2.055573020400784136e-03 2.391376934441500485e-03 1.525659279027106671e-02 -1.208861901045021892e-04 -4.658586383451394919e-03 -7.289368450172153957e-03 -7.235411839390548140e-03 0.000000000000000000e+00 0.000000000000000000e+00 -9.055487099566484482e-03 4.444927333448539519e-02 2.015421170647653873e-03 4.059755169227069818e-03 6.569269345794999382e-03 3.925710291461485812e-02 4.733117882737982174e-01 -5.363376660271528679e-02 -4.259865260884980985e-03 1.358875634219628217e-02 6.595480261764067806e-03 2.977389853865774517e-03 -7.929644289024899081e-03 -1.574601268694247533e-02 2.287986530626466009e-01 -1.958700397177312244e-02 -1.123613739815184503e-02 1.039055198126401514e-01 1.340825051337664071e-03 1.918212611535793921e-02 2.225793803933387438e-02 -7.056680993970579742e-04 1.027245041082488070e-01 -2.630161448586870385e-02 3.169282457503830655e-03 -5.782925428240121707e-02 -3.213554199114238008e-02 3.309452064793343140e-02 -3.474065554737878342e-02 5.318108458894296037e-02 2.310378554039515739e-03 1.808965044277418069e-02 8.748431359892491765e-03 -1.832096663291254979e-02 -1.172997566704688660e-02 -9.241558918267535339e-03 -8.127684133181342641e-02 -3.312225128103682414e-02 -1.344962621950482051e-01 2.068774710014091925e-02 1.864478034992984035e-01 1.221612618845912129e-01 1.112672266872426208e-01 4.467902817892439177e-02 4.408361764265337178e-03 -6.821454599392265221e-03 -9.077168151476504993e-03 1.578765044078032573e-02 2.594325472121200831e-03 -1.697987255331368309e-02 5.020407308732538834e-03 2.008481507834412871e-02 1.214669780635525831e-02 2.266285958569260947e-02 -7.898963538326298633e-03 -1.530589881942610690e-02 9.216968763524209865e-03 -9.785221012978660444e-04 1.101517232110850973e-02 -2.075091954440917361e-02 -1.270420954774884384e-02 -7.939030750377665951e-03 5.207252621167632843e-03 1.211953308914486341e-02 -4.329701079410566700e-03 -6.377469946715270607e-03 8.460056784536711073e-04 -1.315089092121732653e-02 3.506603342380125183e-03 -6.554625354072551348e-03 4.387925520668944576e-03 -2.556232622664372615e-04 1.288601256995734919e-02 -1.417558754526066639e-02 3.676958003832955096e-02 4.643406230931801382e-02 -5.224632951391558477e-02 1.318469089608529689e-02 2.331855300779372975e-02 3.991065853355173915e-02 -1.789120832527035104e-02 2.409535655750700764e-02
0.000000000000000000e+00 0.000000000000000000e+00 0.000000000000000000e+00 0.000000000000000000e+00 -1.073375502347399899e-03 -8.932976089071884007e-03 -4.527409727350129379e-03 -1.959796392881168331e-02 -2.641654082044338908e-02 8.430288294711288334e-04 -3.184343781134489626e-02 -2.643731975834441236e-02 -2.343056439875757391e-03 2.617239808070817922e-02 1.011566794914538041e-02 -7.834285335817781429e-03 1.185486825383948823e-03 -1.884018384089537410e-02 2.727290919830415925e-02 -1.578228140451133979e-02 1.067001330995270836e-02 1.771718207495864561e-01 -7.273375241798470461e-03 -2.465668325536635175e-02 1.929181574884634293e-02 -2.389131113657273070e-02 -2.614155460509576603e-03 2.197477849279296999e-02 5.811508719936291090e-03 -1.461261492154074595e-02 1.240903090523262642e-02 -1.270305485254299635e-02 2.737054793352811446e-03 -1.980035503779814174e-02 -1.736613457454881399e-03 -1.830936559318167324e-04 -3.247640467873580405e-02 -1.950559621297185547e-02 2.069910778734788265e-02 -8.938253853601836607e-02 -3.986131306103578645e-03 -5.378872240539146060e-02 -2.958016680906441764e-02 -5.118351650389998259e-02 0.000000000000000000e+00 0.000000000000000000e+00 -2.708151278059166278e-02 1.077194834817990637e-01 3.337887311938223661e-02 2.065334146906276300e-02 1.911418467941281008e-02 1.466263655483653339e-01 1.451213317855720497e+00 -2.146671313494986355e-01 2.720700258011132799e-02 1.096522707601615132e-01 2.197001253025315792e-02 -2.441513505154475558e-02 -2.900758113373438571e-02 -2.100862781319373374e-01 8.995776772036966351e-01 1.900331180811900833e-01 5.957795772019486291e-02 2.335380323424122440e-01 7.545281708819484914e-03 1.414147724045193011e-01 3.054311515768646790e-01 -1.940280992092155432e-02 5.380338988590328830e-02 -1.258817775336826816e-01 1.160802031002185208e-02 -1.770075709944221032e-01 -1.317475184376613873e-01 1.477587326251358357e-01 -2.379663018555922341e-02 1.252959455134535494e-01 1.179380704484859176e-02 6.262611566314175982e-02 2.806854044999441619e-02 -7.294721468901180228e-02 -2.479482399423420594e-02 -3.219417116244430721e-01 -4.117711081081339985e-01 1.780138467628908372e-01 -1.443506349605063743e-01 3.250089950352815782e-01 1.221612618845969445e-01 2.788354361819886496e+00 5.113532299845243573e-02 3.693500611535687206e-01 1.279981913839876341e-02 -2.163288641171494386e-02 -3.402450437252660387e-02 6.370436280698113518e-02 8.593557078990794740e-03 -1.638167484510255970e-02 3.762523551556828244e-02 -9.126343822898468419e-03 6.986263349522345463e-03 1.731033398592334016e-02 2.259337231871352131e-02 7.117135285932052469e-03 1.863535658558260200e-02 -2.899156840685590108e-03 2.643268304312174424e-02 -2.639742610756542693e-02 -4.742325933691992484e-02 9.545269670837942810e-03 1.112268729761586861e-02 2.403818338008863187e-02 4.670993283827271775e-02 -6.926865038382760877e-04 1.046204717398073122e-02 1.838591453757384281e-02 1.051661580404206035e-02 -1.128629509767401819e-03 -4.179071783872026664e-03 -7.035807663220837449e-03 4.313381924838697451e-02 -2.553460716184376839e-02 1.296390777105806691e-01 5.216813607143403614e-02 -2.105154821274046462e-01 3.340957697052404640e-02 1.465249382989681215e-01 1.465583021775404005e-01 -5.178772496723263452e-02 9.680846119503350167e-02
0.000000000000000000e+00 0.000000000000000000e+00 0.000000000000000000e+00 0.000000000000000000e+00 -1.874532460842249875e-04 6.583805068775775305e-04 -5.617621453105309075e-06 -4.342661348195773693e-03 2.117500238728813218e-03 9.510723582740845169e-04 3.269207680464873787e-03 -3.790167685420697298e-03 -3.062971479281383948e-03 6.277496216537223513e-03 5.641675660033548291e-04 -1.290279867733199609e-03 -2.240940038696992084e-03 -6.652224689655590432e-03 8.479550253013532629e-03 -4.397337447135472172e-04 2.652189340667001662e-03 3.448613062111537120e-02 -1.827420946112641963e-03 -6.166063137693241630e-03 -6.381560921604168511e-04 -3.919774692032439167e-03 2.978994648147407272e-03 1.051323509394603249e-02 -6.699765953806452110e-03 -1.882889027364650480e-03 8.438048573580768028e-03 -3.005230505844756067e-03 9.508253978411476985e-04 -5.069659082153755818e-03 -5.437402891337959204e-04 1.220258868347483434e-03 -7.395623681606545985e-03 -1.019843303101684515e-02 -8.557382568100263542e-04 3.779876714556010264e-02 -1.160041369757158075e-02 -5.883321044799814416e-03 -1.492963619269245881e-02 -2.003480306928839827e-02 0.000000000000000000e+00 0.000000000000000000e+00 -6.647416831342258664e-03 3.269037716796877047e-02 1.205304955949582438e-02 4.535539477496504032e-03 1.025583463913748959e-02 5.415438311607183308e-02 6.690320638443587598e-01 -7.496239359555098569e-02 7.776907707961397409e-04 1.709902295002735384e-02 5.084061578504506414e-03 8.754038248022994514e-04 -1.392423568044500251e-02 -4.871174854770090462e-03 4.846919265845746616e-01 -2.894239118994959559e-02 8.806477408356511855e-03 6.765949057081684093e-02 1.950385871504178945e-03 5.291338300796030736e-02 -1.319165802898367330e-02 -2.078654952413281493e-02 2.208175469094392773e-01 -5.249274887173253218e-02 7.205149650641279671e-03 -7.021879245392025071e-02 -7.419457170231283372e-02 4.198334353691727389e-02 -2.541822713675828682e-02 2.848843981525530505e-02 4.443559611242852911e-03 1.379148911684656767e-02 1.307571598467801785e-02 -1.330790228641593603e-02 -2.664279753837003190e-02 1.149201687717257836e-02 -1.681307910910479209e-01 3.610705102151041609e-03 -3.532425839719559035e-01 -4.147995541865645910e-03 1.112672266872626603e-01 5.113532299854033764e-02 3.464403075987287361e-01 4.703193063273015950e-02 4.815865904346090104e-03 -1.247778466097299380e-02 -1.495350166325122229e-02 8.689160847838117707e-02 3.865337464647721714e-03 -1.542501396502061681e-02 1.012145805153199553e-02 1.354736989095547788e-02 9.389294661836990880e-03 2.825407855408367669e-02 -8.432871031722379701e-03 6.432413576565104707e-02 9.387620569020784650e-03 2.478600919479470588e-02 2.715967979523907852e-02 -1.059450023967784503e-02 -2.050386399449420638e-02 1.417344804809844878e-02 -5.162300381590718967e-03 2.108453795149264551e-02 1.279796876673445702e-02 4.346071112002716091e-02 -1.584447734209326261e-02 2.621336382428228126e-02 4.010920972439508542e-03 -7.525722784455391584e-03 9.022560959792629703e-03 -1.028725616532925533e-02 1.221136052060185079e-02 -3.789913463616418482e-02 2.261420199900709624e-02 1.176930277676666442e-01 -4.398328296857812597e-02 5.254567135202414807e-02 -8.739746216354336850e-03 1.166789704046797271e-01 -7.252120975816791007e-03 5.682627299535165932e-02
0.000000000000000000e+00 0.000000000000000000e+00 0.000000000000000000e+00 0.000000000000000000e+00 -2.896640498004207013e-04 -1.319133860350305649e-03 -8.488483294513411281e-04 -6.354525361979671688e-03 -4.613757022922483804e-03 -4.095282143398539573e-04 -6.109374152561742634e-03 -7.188177959574906101e-03 -1.374502950863032945e-03 6.772619598604194546e-03 2.197304921863234804e-03 -1.184755918131382129e-03 5.511960070584184107e-04 -9.812523543323105335e-03 7.700339461302098572e-03 -5.024438329299137432e-03 4.900134367007032837e-03 4.089313972056712876e-02 -3.124708697943902238e-03 -9.819358048170327355e-03 3.172145295395248539e-03 -7.193732215913461146e-03 6.211330067518275625e-04 7.117619393030899869e-03 -6.579677852480220667e-04 -4.433606988284715007e-03 4.666799511053365546e-03 -3.352268145135066987e-03 1.104786219741624165e-03 -5.362104690323769851e-03 -3.662792747892063168e-04 -2.313295596976250919e-03 -4.536986056994807975e-03 -3.175646762285972476e-03 5.279535467949132699e-03 -6.073741374632950218e-03 -2.127340920581661382e-03 -1.607398470577188834e-02 -1.139506524935011977e-02 -1.362688550477096638e-02 0.000000000000000000e+00 0.000000000000000000e+00 -3.889720459850407909e-03 2.363718469793074650e-02 7.544014319147440174e-03 2.154098429559289304e-03 1.701658356712343247e-03 1.195227960970159228e-03 1.271706545943034616e-01 -6.500306297756736768e-03 1.961937050808614229e-05 2.245960092614953177e-02 2.390448643268449670e-03 -5.912982467631096826e-03 -4.764352202080957346e-03 -7.861895609806537899e-02 1.704368738995022392e-01 9.230450708748773325e-02 1.643406409574026464e-02 4.702444169596819296e-02 1.590914921023983122e-03 3.511087513678380623e-02 5.783871784818477024e-02 -1.004687322294843012e-02 1.738196226292850139e-04 -2.991027113978217064e-02 1.529963160770615748e-04 -3.846210166343036474e-02 -3.041505056826877135e-02 4.746030904463731381e-02 -7.848246534455358137e-03 3.380667282130386114e-02 5.262462630592590167e-04 1.471521693712550538e-02 9.145416950257919189e-03 -1.951901349893145690e-02 -8.366321132651996506e-03 -7.877441615386342189e-02 -7.312337773008729946e-02 3.639254359302034753e-02 -7.469690265116270267e-02 8.831292815518951289e-02 4.467902817893304457e-02 3.693500611535727174e-01 4.703193063271742663e-02 2.140389998641286096e-01 2.406219176798595535e-03 -5.013959086591382626e-03 -4.807468333741844561e-03 1.236642304440509384e-02 -1.005305653508683974e-03 -9.808065491982712741e-03 8.404956123341696117e-03 5.341879441184684170e-03 9.114915756704398270e-03 7.957507568960705754e-03 -2.101683215529393401e-03 1.831020818821013640e-02 1.356139977340750473e-02 -1.573096456021264760e-03 4.220872843986005728e-03 -1.254586642383156980e-02 -9.337261339178131239e-03 2.086559800022888198e-03 3.442569335642818584e-03 4.964073354683934403e-03 2.368997131141854177e-03 1.239625137099469726e-02 5.144394499922141060e-03 1.393051179654638400e-02 8.103734373631167262e-04 -8.442198876230833267e-04 -2.956336778477525878e-03 4.156387141440065491e-03 4.425833881984510276e-03 -1.561087183880498566e-02 2.369161292805621252e-02 4.093450898135841953e-02 -2.691115934345167729e-02 1.656080323855196185e-02 9.754807819980417655e-03 3.180894591715697356e-02 1.376483350694066845e-03 4.229190807722473661e-02
0.000000000000000000e+00 0.000000000000000000e+00 0.000000000000000000e+00 0.000000000000000000e+00 -7.635851617494413977e-05 -8.089894113809566190e-05 -1.133992893157986028e-04 -5.978790435826927385e-04 -4.899640902718511515e-04 6.056536026598207257e-05 -5.205397172488809322e-04 -1.346859790192781597e-03 -3.585043237089868568e-04 1.124614432878959583e-03 3.642932491729625535e-04 -1.398848524695788832e-03 -3.234809506875713225e-04 2.062552130577139644e-04 1.698100332687121038e-03 5.860962871581193662e-04 3.351872002974287364e-04 8.279670591648979200e-03 -4.417447617307229224e-04 5.389271735346194258e-05 4.931961206241794807e-04 -9.646321413135899425e-04 1.380835809604369292e-04 1.030019521396546454e-03 -6.610404682279702850e-04 -5.913880106084726338e-04 1.266945171659793808e-03 -7.198494067856281301e-04 1.752386403015458933e-04 -1.521424516480547520e-03 7.153702603723445107e-05 -7.689122518297337831e-04 1.758338803215526774e-03 -5.280533021173255221e-04 -8.486536716568798475e-06 2.458207350685509291e-03 2.671096164422624361e-03 -6.505224161206234765e-04 6.599377117641442398e-04 -1.585861526711394593e-03 0.000000000000000000e+00 0.000000000000000000e+00 -1.064025917638004555e-03 3.996662834408786641e-03 1.724945944818556589e-03 4.994059889939036654e-06 1.200492620532003221e-03 5.833832072832383087e-03 8.368164925739143833e-02 -7.271672319651902028e-03 -5.915059548380049775e-04 1.616130032779007717e-03 6.564578810952883571e-04 8.818360975380759147e-04 -9.416659411356535173e-04 -1.727956972775084119e-03 3.405300954905576827e-02 -5.879860757298228892e-04 1.822567588781421818e-04 9.020869944662522621e-03 5.002941009716737079e-05 3.450864741757562158e-03 3.344517742370263329e-03 -1.737853589760479742e-03 5.361692438842703863e-03 -2.395827835537477427e-03 3.549420342587408274e-04 -5.997668213188797615e-03 -5.763569956748701602e-03 3.692904103434725954e-03 -2.552645677509611435e-03 5.418014441113108356e-03 2.753397528248784868e-04 2.655173409762402650e-03 2.105465956824323706e-03 -3.063898657115633403e-03 -6.249116760189362720e-04 -2.714750458424853349e-03 -6.718078560759862747e-03 5.732201146556499278e-04 -5.122381043638890748e-03 3.028788374355345907e-03 4.408361764264071697e-03 1.279981913839275953e-02 4.815865904344561813e-03 2.406219176797410285e-03 1.084135727398288481e-03 2.818780045646051505e-04 -2.075660435881584304e-03 5.355256223611045124e-04 2.799416362236785806e-04 -6.063413874057679885e-04 1.515920647822436131e-03 -2.254608381703209635e-04 1.442055377410191887e-03 2.070271654440505090e-03 -8.498128926920740442e-04 -2.360719320362014532e-03 1.099218465783337415e-04 -5.075900494122410466e-04 9.124529911973667086e-04 -1.072477245043030637e-03 -9.831718296988739732e-04 2.200498407615869448e-04 1.390967104088699580e-03 7.670114564039181909e-04 -7.583645788445078943e-04 -7.594926656320898778e-04 -8.582234393101415134e-04 -2.954066885056589632e-03 6.435469619685757004e-04 -7.000310027521251810e-04 3.650260929457549994e-04 -2.610111728542143742e-03 1.798215500036390259e-03 -6.316341804668532166e-04 3.294988804911400549e-03 2.627890304751885620e-02 -5.204932787169687727e-03 1.018033277498039740e-03 3.401946922668828803e-03 3.438507729444238454e-03 -3.128732921943478979e-03 2.580424682380903952e-03
0.000000000000000000e+00 0.000000000000000000e+00 0.000000000000000000e+00 0.000000000000000000e+00 -1.041291124742160220e-04 1.808328006540993818e-04 -3.265180163274940782e-05 -1.206771767372237568e-05 3.125868962527959967e-04 3.979662275204553612e-04 2.700792299802752755e-04 -1.540302492438511313e-03 -6.306844690549623595e-04 1.333565217603645920e-03 5.581115023042019455e-04 -1.760321719550418836e-03 -1.255071131690673088e-03 6.204980497176017067e-04 3.893697497774210089e-03 1.397782028548340749e-03 4.271161953984761077e-04 9.266872309406757810e-03 -1.335823521283720922e-03 9.383169650941604236e-04 3.059351052443393571e-06 -6.717375715950410974e-04 4.685243122920773997e-04 1.413734708290845070e-03 -1.675533758756246085e-03 -2.012757612719044014e-04 1.810451716680893048e-03 -9.738190425502307084e-04 2.771568002022574027e-04 -1.658402816731290247e-03 1.982516051779134071e-04 -9.088678658367099978e-04 4.282749273139893273e-03 -1.041625003305706202e-03 -6.628009085956616635e-04 7.628768532482474961e-03 4.244224667762622541e-03 2.967437086582358540e-04 2.706927105539282639e-03 -1.237088583158829505e-03 0.000000000000000000e+00 0.000000000000000000e+00 5.877833087319536643e-04 1.040594842067581400e-03 -7.277507101409588309e-06 5.227584071302904299e-04 7.902207309117115328e-05 7.391069773130439988e-03 1.248014307279591076e-02 -3.263662696376008147e-03 -6.887582684327534909e-04 -1.743499397637911447e-03 -4.776543307976928855e-04 4.090681926106423845e-03 6.033618032479424022e-04 -1.305632397044264800e-02 -1.167442496256307881e-02 1.667477407835838213e-02 -1.187342414290617305e-03 -5.255088710511483623e-03 -1.000501203504099688e-04 -5.579237788816760954e-03 1.340233913206060061e-04 1.796192913014140694e-03 -9.173532476121824125e-03 8.149548881973651612e-03 -1.385839817722153700e-03 9.645224754113298701e-04 4.036238251106168129e-03 3.435331844129758082e-04 4.484813730837483884e-04 -1.882290721875718277e-03 -1.282392983708898447e-03 3.740166744167048793e-03 2.743566008565638016e-03 -2.890724219053081127e-03 1.506939061650342925e-03 -7.465397843501442440e-04 8.022545117952771532e-03 4.331117727500737383e-03 1.694215887715429247e-02 1.914818196470795134e-03 -6.821454599391802050e-03 -2.163288641172037702e-02 -1.247778466097099713e-02 -5.013959086589948877e-03 2.818780045643620724e-04 9.308729293104762645e-03 -5.202142559635573871e-04 -1.840338376675780194e-02 -2.039232786810310678e-03 3.590996824224508902e-03 2.167358760288744593e-03 3.037859829905739141e-06 4.622820405655259958e-03 -2.044177497620267361e-03 -1.140337421648128687e-03 -5.963357992909448964e-03 2.298734185342588693e-03 -2.764350769054147242e-03 -5.048506271066103938e-03 1.701990727338348417e-03 3.627974993463116849e-03 -5.524817656842796092e-04 2.879548748177686475e-03 -3.054024518989417215e-03 -6.002797300501008446e-03 -3.217093364267229957e-03 1.909063942636222890e-03 -5.632425706812758427e-03 7.847731558493594621e-04 3.367238458049640580e-03 3.584276417764165989e-04 -3.901859781585178231e-03 4.595850180222062166e-05 6.913272413178505119e-03 2.336293176266232541e-04 1.192259340611558777e-02 4.080880580228341339e-03 -6.208720817499158683e-03 3.398047038046815224e-03 -7.208249619416049608e-03 -1.537334881413711558e-03 -3.914223127777951942e-03
0.000000000000000000e+00 0.000000000000000000e+00 0.000000000000000000e+00 0.000000000000000000e+00 1.622592318672920150e-04 5.332001493493629049e-04 3.024679801143320907e-04 8.675682482136010251e-04 1.925423180021105553e-03 5.083368362303000319e-04 3.097131354018891388e-03 1.807483400946321202e-03 1.847254047668247167e-04 -1.011445719043208361e-03 -9.406282323029709069e-05 3.561030588485772017e-03 -3.379472824265334491e-04 -2.777031721708831703e-03 5.841927869473430984e-04 -1.562126195532612290e-03 3.051458236636560447e-04 -9.964724086920605586e-03 -7.644727296782260258e-04 -1.220076804894109756e-03 -1.520979743482215457e-03 1.849354853867256733e-03 9.102399961852249925e-04 -6.772692494369976241e-04 1.923224973370896759e-04 1.348403187215985958e-03 -6.546677413356745412e-04 1.077320376533583927e-03 -9.241520029693102065e-05 5.112816659182646897e-03 -1.871514764347353705e-04 1.956380118385765785e-03 -2.447388429204278015e-03 -6.541279414297872154e-04 7.593503981433752555e-04 -9.690989445993976673e-04 -6.422253200891569168e-03 -5.562338333173186310e-04 -2.516448828607297048e-03 5.009525008960028815e-05 0.000000000000000000e+00 0.000000000000000000e+00 1.876352709070413247e-03 -7.201304091583872816e-03 -3.475065431778215017e-03 -2.688883704864029108e-03 -2.441983748463654770e-03 -7.922495106455049521e-03 -1.830703805407045970e-01 1.055208404593787480e-02 1.240990415509184760e-03 -4.204459755963530290e-03 -1.410802394443002954e-04 1.371683284114833500e-03 2.097842554541417930e-03 9.038193507646936561e-03 -7.310023247934552271e-02 -7.780397147730308549e-03 -5.213177954043827708e-03 -2.565913005962753776e-02 3.029432618952332184e-04 -1.430804640801502763e-02 -9.571222399731939279e-03 5.721290480897403032e-03 3.517683867086922322e-02 7.735025663513105110e-03 -7.534224615199964928e-04 9.906261658699103481e-03 1.065455310898134889e-02 -8.468829842464629942e-03 5.505380948294168273e-04 -9.986451700151874333e-03 -4.083414575350099323e-04 -4.447265991359968668e-03 -1.593823248316534940e-03 4.534955618894631092e-03 1.532810424059808871e-03 5.436856974400492912e-03 1.577132941636314942e-02 -8.981568072639993516e-03 1.621561865284197948e-02 -7.936282809178393360e-04 -9.077168151474884761e-03 -3.402450437251942211e-02 -1.495350166325084586e-02 -4.807468333740220860e-03 -2.075660435881681448e-03 -5.202142559638700710e-04 1.578784312113354696e-02 -7.878730838771443382e-03 7.930323928880645768e-05 5.365461757200005576e-04 -4.042964980281735579e-03 1.608073720686877374e-03 1.146400352595708708e-04 -4.400578845807124467e-03 1.485320911445433493e-03 4.535243103909387605e-03 -2.408747793059313677e-03 -4.791633328278180467e-04 -1.913132551549083862e-03 -1.220515168168140091e-04 3.033685290466481971e-03 2.411462765283547104e-04 -2.569917191710910723e-03 2.334503421830947485e-05 2.803376869781530438e-03 1.777288829349618409e-03 6.317214184000454228e-04 6.185272020106958105e-03 -6.692346375589183077e-04 4.697716059257501251e-04 6.220611462761200475e-04 1.250894452636405058e-02 -3.209467706278852812e-03 4.572890759749772237e-04 -5.964746080134641915e-03 -6.033547254286840411e-02 1.459697111230983529e-02 -2.695371366069048997e-03 -3.781751995979756864e-03 -1.128669606501735991e-04 6.262265988020246713e-03 -8.818533024391938049e-03
0.000000000000000000e+00 0.000000000000000000e+00 0.000000000000000000e+00 0.000000000000000000e+00 4.738787487787643124e-04 1.111194537143345021e-03 4.905883621142709955e-04 1.789280029435149928e-03 2.875372789083543903e-03 1.686272802808347956e-03 9.342512980252687047e-03 6.308025042739735452e-03 7.522589116597483503e-04 -1.324416766523068677e-03 1.404261566087700117e-03 3.497087486520163851e-03 -7.181741497669266207e-03 -1.061675887368104115e-03 4.242295683588940755e-03 1.413953500827563360e-03 -8.171115188430061330e-04 2.701819091513209606e-02 -1.433785752948203056e-03 1.465075438203686155e-03 -2.228062223498581459e-03 5.256529540241992871e-03 1.857933511939543038e-03 1.485249614494721067e-03 1.744615043606085464e-03 4.059995550067163096e-03 1.831014970217402678e-03 2.560978661846496224e-03 -1.803210713291963441e-04 4.661689000849050107e-03 -3.301090130881004616e-04 6.067278653404778802e-03 -4.448550327472053714e-03 -8.038461122532690808e-03 -2.056200867866568756e-03 -4.100415659579010469e-02 -1.023080779342109073e-03 -4.989763937796464974e-03 -6.190450371184217163e-03 -7.036071786941452619e-03 0.000000000000000000e+00 0.000000000000000000e+00 -4.434969393621780546e-03 -4.900083417332913409e-03 -2.674309426172207481e-04 2.901824882802138145e-03 1.550727981416037855e-03 2.738697744093356728e-02 1.253651010951264966e-01 -3.782044573556948147e-02 3.886111736396513465e-03 9.850726876500478721e-03 -1.955604298997191265e-03 -3.510166232049965074e-03 -6.156312552264678155e-03 5.414844632096312699e-02 1.999044133266391632e-01 -7.592046723914408490e-02 2.390505605791705054e-02 4.298400999423520469e-02 1.857532954551851037e-03 1.724233897637625704e-02 -4.794110673724523083e-03 -4.210759664263892706e-03 1.207828784923143661e-01 -2.512609691724956851e-02 6.932655447176451491e-03 -9.565977713539168537e-03 -4.451305136821678138e-02 -8.728555217141732367e-03 5.037929071394909968e-04 2.789554637928200187e-02 6.881247317558782496e-04 -6.115315079286471125e-03 -1.589711697002940335e-03 9.588868857740930757e-03 -7.978622009604646390e-03 1.209938397744864114e-02 -4.036819750691904296e-02 -9.044250032328447417e-03 -1.098526993181815209e-01 -7.865737846886353829e-03 1.578765044078603644e-02 6.370436280702897192e-02 8.689160847837540391e-02 1.236642304440413107e-02 5.355256223624283232e-04 -1.840338376675845766e-02 -7.878730838773039327e-03 1.463682491266345975e-01 1.516734154220030460e-03 1.238207876029330523e-03 -2.858856823180714463e-04 -7.434955753692489315e-04 -1.064341723313489731e-02 9.230925406759817736e-04 4.273293744866070790e-03 5.255872202240146479e-02 1.568876296113349417e-04 1.961521097015755249e-02 1.917957498632817670e-02 8.598091286806218078e-03 -1.654190589451268525e-02 1.045848808382776086e-02 -1.776282787041752118e-02 1.062409788376584077e-02 2.116241974641363752e-02 3.586665670367977093e-02 -4.244534963367157208e-03 3.691439327613998261e-02 -8.825331273029983449e-04 -2.727085122842585682e-03 1.100388571460176809e-02 -1.718291002575843274e-02 -2.764720342985784764e-03 -2.815742484343111002e-02 4.371119828597239132e-03 -3.526646649203112743e-02 5.881300311824810443e-04 4.610837208175452145e-02 -2.739603093530953645e-02 5.114416084268075952e-02 1.111135824328154768e-02 1.648007776182284362e-02
0.000000000000000000e+00 0.000000000000000000e+00 0.000000000000000000e+00 0.000000000000000000e+00 -8.881629163002260549e-05 -2.270964326652092518e-04 -1.944298866005236338e-04 -6.423689995302723924e-04 -6.351725210205327442e-04 4.197242472301327505e-04 -6.889720405659243612e-04 -2.173091729898223717e-03 -4.937285925143748309e-04 1.700035107997277702e-03 5.187476116580453517e-04 -8.394309674481392368e-04 -2.878648983133745131e-04 -7.237191909682456122e-04 2.359578668467540198e-03 -1.499564720867300853e-05 6.792994473506504087e-04 1.064105172350316743e-02 -9.151876103186816925e-04 -1.148255508431617706e-03 5.603306014270283478e-04 -1.101144482087300282e-03 4.048828488627843891e-04 1.568704768867789506e-03 -6.526722603366705983e-04 -5.277925578827685369e-04 1.449094565239858121e-03 -1.086701115252466021e-03 2.992492738412405573e-04 -5.586997240415194060e-04 -1.171935306191012574e-05 -5.576008813534326196e-04 -2.481622233087006461e-05 -1.233554686761938321e-03 2.280439454046858370e-04 4.288660629175590662e-03 5.039086148875893730e-04 -1.503701260339609111e-03 -1.429870626149157666e-03 -3.542310389871370334e-03 0.000000000000000000e+00 0.000000000000000000e+00 -4.848960542385101816e-04 2.272619004939295528e-03 2.735499314898074373e-03 4.508858260326979619e-04 1.188995776884078969e-03 2.896817494855522543e-04 6.800991233019769433e-02 3.480054797301516262e-04 -7.665471410032346057e-04 2.329371906959188093e-04 2.643394048809239068e-03 5.908474148628801905e-04 -9.570049193826013142e-04 7.573532563537582925e-03 3.710038296584421830e-02 -1.174829619745669691e-02 -1.587502747503499170e-03 1.285806866998017058e-02 -1.539374087652362728e-04 6.866422236355359393e-03 1.259522477076984587e-03 -1.027886630909126799e-03 8.108347776507613541e-03 -4.241226440540593438e-03 4.289555107577433524e-04 -2.888218120625352277e-03 -5.732090654829542602e-03 -1.252929548445704932e-03 -2.120935963574870943e-03 6.528777449593349894e-03 7.875775504103607605e-04 5.034524331444615967e-03 3.006552091927852926e-03 -4.186461447996218943e-03 -6.867365408977860533e-04 -5.359181221491660270e-04 -6.494229147821759841e-03 8.829067121669399720e-03 -1.002759096031338032e-02 -1.702789719734781014e-03 2.594325472119222813e-03 8.593557078982896544e-03 3.865337464647412499e-03 -1.005305653510388340e-03 2.799416362236575471e-04 -2.039232786809742123e-03 7.930323928881361341e-05 1.516734154219005239e-03 4.940872544636746092e-03 3.824038713807260568e-04 -2.662046581443800169e-03 -6.451347205102339480e-04 -6.163932324939247823e-03 -7.122746889906992826e-04 1.476911758426493505e-03 -4.490580848074339146e-03 -5.751734826571038711e-03 1.688090424282374371e-03 5.882713140953081156e-03 3.833412049886161192e-03 -3.487858459114583955e-03 -2.027320611013570893e-03 -3.946475915534372776e-03 -1.607090726029424552e-03 3.808256118695318212e-03 -4.012045023365760389e-03 -3.178070101531367368e-03 -1.823855714900851068e-03 1.298149715441764603e-03 -7.120224965142640371e-04 -5.513239969757958037e-04 3.463918370097491574e-03 2.814604386998689235e-03 -1.716639430249322770e-03 2.715749770071606249e-04 4.825750950927978900e-03 -6.565898467938604231e-03 4.457032716783162758e-04 3.193113454083833062e-03 4.009491373475575562e-03 -3.029765980605982935e-03 2.651008057140220777e-03
0.000000000000000000e+00 0.000000000000000000e+00 0.000000000000000000e+00 0.000000000000000000e+00 7.898263052722768614e-06 4.624283420930646216e-04 1.714041150885738443e-04 1.250139067695390464e-03 1.459204651410135872e-03 6.429856843827081629e-04 2.339895985500472717e-03 3.110534220321884845e-04 -2.252938771312010041e-04 -5.385656344966129831e-04 -1.501538360876172006e-04 -1.089694626848395449e-03 -1.200974199459831949e-03 2.357685868838837236e-03 2.012895598751691245e-04 2.691376879125174666e-03 -4.596971018876263877e-04 1.841378025460048418e-03 -2.481844300059034779e-04 2.417330403135530686e-03 -8.907155246696781860e-04 1.540979955890036225e-03 5.181965136437317789e-04 -2.832640054463797063e-04 -1.154816617504193744e-03 1.190975883845049382e-03 8.843841716909253605e-04 8.274133581604620777e-05 1.348217735236565068e-04 -1.017538186955109611e-04 1.755005356931379709e-04 1.411807896299786726e-04 4.253419034610965606e-03 -3.259456635825757806e-04 -1.778930021868032523e-03 2.612398316772539773e-03 3.104616952349536618e-03 2.721818685335349649e-03 2.633492697769581128e-03 1.661367117987276761e-04 0.000000000000000000e+00 0.000000000000000000e+00 2.432503939846249793e-03 -9.791065788392732880e-03 1.573668186038934547e-03 1.664399512512170290e-03 -1.156899996804041080e-03 -9.446601009439914778e-03 -9.658089280548060040e-02 1.533326551766178367e-02 -5.845140784585806234e-04 -5.257218341100998275e-03 -1.233345129046510948e-03 4.518927806088182154e-03 1.327476001026691062e-03 -7.133355446421376506e-03 -4.014240294248250240e-02 2.147184924841625403e-02 6.331269262495581307e-03 -2.808988389652894435e-02 -3.691606724511725950e-04 -4.012546091962868391e-03 -7.587820554999043579e-03 4.223941345556487224e-03 -1.052685246860269111e-02 5.320400275830621667e-03 -1.395322925436004360e-03 7.647980182946939251e-03 9.716920974281435461e-03 1.596568022994923272e-03 8.209278930447257844e-03 -6.067071833806327204e-03 -6.515266625421177763e-04 -2.002396481471372574e-05 9.108722073786839572e-04 2.567564787895592129e-03 2.435585296187330832e-03 7.593247591879137733e-03 1.890123351768419752e-02 1.023051710850471363e-02 2.927755721114361220e-02 -5.410065174840853960e-03 -1.697987255331313838e-02 -1.638167484510157784e-02 -1.542501396501700858e-02 -9.808065491982584372e-03 -6.063413874059823353e-04 3.590996824224862785e-03 5.365461757203287456e-04 1.238207876031480713e-03 3.824038713801080074e-04 1.529675889652983359e-02 -2.367311629143149451e-03 -8.762181822870708167e-03 -4.007532962734302283e-03 -1.332021544725144752e-02 2.436207836752688535e-03 -5.467217465785678167e-03 -1.996402961870249668e-03 -3.898313498235103387e-03 -4.084922053054715514e-03 1.456108549933504519e-02 5.678764732419296427e-03 -6.369790633691426764e-03 6.174603133226490900e-04 -8.354245819098791992e-03 -3.504089345324585495e-03 -7.150028363765470983e-03 -5.671520636195597279e-04 2.064962996044621938e-04 3.526877017550055253e-04 2.812020128832699861e-03 7.994033903607279982e-05 -3.964333475649825522e-03 -9.874956290054103837e-04 7.617131400882955379e-03 -6.250944781961105708e-03 4.745502225040788488e-03 1.281822231636698707e-02 -4.484272509082369226e-03 -2.240034786313743406e-03 -1.682499782529829624e-02 3.799245086997089793e-03 -2.082867079066032766e-03
0.000000000000000000e+00 0.000000000000000000e+00 0.000000000000000000e+00 0.000000000000000000e+00 -8.292328597123068291e-05 1.199932291255268076e-04 -7.435602436931589574e-05 -3.046682996309008377e-04 -1.349851031096394342e-04 3.631379981843543760e-04 1.076368101198526411e-04 -1.509909238415617578e-03 -4.484345046995412160e-04 1.160590761013689971e-03 6.141974628224619159e-04 -1.897996190268361714e-03 -9.244033309426080269e-04 8.931042738818341289e-04 2.985827021199579778e-03 1.270869999896043993e-03 3.957872167516246617e-04 1.329097294334377968e-02 -1.064935180491523130e-03 1.161414259789476759e-03 3.854585749938610993e-04 -6.898615458095557016e-04 2.683540579463776759e-04 1.130865223607397567e-03 -9.823843113233449165e-04 -3.488451673335138782e-04 1.669952675391108646e-03 -5.488072604963864032e-04 2.270385932975400476e-04 -7.441499360764333194e-04 1.312375540678825344e-04 -2.852230670077351114e-06 3.370243139846789294e-03 -1.614960515845386291e-03 -1.375378928166457772e-04 6.479554696289429108e-04 3.860257700101699455e-03 -9.307609522416634366e-04 1.797506795908962582e-03 -1.311779853582030258e-03 0.000000000000000000e+00 0.000000000000000000e+00 -7.997594818753952020e-04 6.458239653578505719e-03 1.390967494145258464e-03 1.014843206775783210e-03 1.439628898467861613e-03 1.360076252938859434e-02 1.080076306494533733e-01 -1.629038949369697106e-02 -4.682290617569449006e-04 4.368404795728394845e-03 5.417781578418862922e-04 -2.359604132161178549e-04 -1.139374844712855075e-03 -1.437587755114990394e-02 4.778727750061217971e-02 1.314633495697200248e-02 1.868743443849246819e-03 8.052031630198072838e-04 2.806861004881869878e-04 1.014766017537796321e-02 8.206711875979143603e-03 -4.650491980812188064e-03 2.728098944907864608e-03 -6.022573646272746072e-03 4.009490960272661078e-04 -6.997036019482111117e-03 -7.318911576352277529e-03 4.801411311884761293e-03 -5.137704340382139891e-04 -3.117123792154450831e-03 -2.499737935630386526e-05 2.502171217886240383e-03 2.646397400282335909e-03 -2.660066381292407363e-03 -1.896607347553930321e-03 -9.525929656686745600e-03 -2.468433598193876463e-02 -5.403917534051030230e-03 -2.505225228685631703e-02 9.323691137497579565e-03 5.020407308735181685e-03 3.762523551557033635e-02 1.012145805153363484e-02 8.404956123342289392e-03 1.515920647822667933e-03 2.167358760288851712e-03 -4.042964980282127627e-03 -2.858856823177804464e-04 -2.662046581444094204e-03 -2.367311629143479049e-03 1.380874647974332688e-02 1.592859277408395589e-03 4.075027373161425534e-03 3.250496055373048015e-03 -2.928433563810898393e-03 5.744623249640414160e-03 8.087566883822166737e-04 -5.407146885062136038e-04 -3.398743433039737825e-04 -1.739150200369120455e-03 -5.572929741786901772e-03 1.224395483836458742e-02 2.031723481062945591e-03 4.655291257160329259e-03 -5.375719066932180441e-04 5.150824243271056105e-03 4.249402040224731312e-04 -1.955400364653357790e-03 4.489441582945861552e-04 -5.889861101989040266e-05 3.391571800970620250e-04 -1.129606580978559762e-03 1.102404740684547087e-03 -2.050524953230077954e-03 2.534126634437375292e-03 5.145063491790830695e-02 -7.277645542365979506e-03 4.584126867512750003e-03 2.077459996064698854e-03 6.952353120570056201e-03 -1.192812691733012576e-03 5.375883063932251557e-03
0.000000000000000000e+00 0.000000000000000000e+00 0.000000000000000000e+00 0.000000000000000000e+00 -4.051715784855976953e-05 1.581143697091932975e-04 -4.777106873330772186e-05 5.754765327165700791e-04 4.001970762789031468e-04 6.572786679548692224e-04 5.143950313165498956e-04 -1.278419590467716428e-03 -5.552293900099818493e-04 1.596164155717661815e-03 1.178481770056557902e-03 -1.069829756029510486e-03 -2.383543307946585452e-03 -1.561466761971826714e-05 6.515361347199746279e-03 7.541832485841507266e-04 7.522797282218534904e-04 1.445525008763577993e-02 -2.122065082696382096e-03 6.839795777929476338e-04 -1.244524531641924710e-04 -5.668941769328283845e-04 6.203257948594160468e-04 2.003185758839617654e-03 -1.080589676446892062e-03 2.725810389392731092e-05 1.634026201283135136e-03 -7.146687911159840378e-04 1.694305178661429897e-04 5.962395142760164475e-04 1.346955015993680496e-04 5.532142458975317263e-04 2.894708173927302425e-03 -2.234039709240507200e-03 7.955556199646128318e-05 3.664073627806567045e-03 3.133437793322851623e-03 -2.424985388248139095e-03 1.602190478189239372e-03 -2.623826693719049762e-03 0.000000000000000000e+00 0.000000000000000000e+00 -1.528726848015479452e-03 1.031744525619129188e-02 -9.336531212240964080e-04 1.354211836497494882e-03 1.405087855477363387e-03 1.484693109527213464e-02 1.009616818663969656e-01 -1.456894953709577875e-02 -3.610739738870756966e-04 1.765338368194387282e-03 1.687235667754298507e-03 3.587578236145863835e-04 -4.680635449707248050e-04 -6.597183496104371729e-04 1.350048300353628647e-02 -1.035853582566417103e-02 -7.651622430332048058e-03 1.426604896437437542e-02 2.237640036460104625e-04 5.906044717672741598e-03 4.387811777495548120e-03 -5.570559057691896500e-03 1.668601299821542705e-02 -2.168275814055943204e-03 -2.342379301723976706e-04 -5.753256164364606989e-03 -3.260488413344414115e-04 -9.261682800357151028e-04 -7.432544656315265286e-03 -1.595239121844619279e-04 1.034621607456172223e-04 4.700442143527283796e-03 2.562054351914923225e-03 -3.012328241658828679e-03 -2.358446267554448802e-03 -3.156431283818025846e-03 -1.038631326878786468e-02 -1.452881074931616084e-02 -3.145481436438501283e-02 -2.442950420490714019e-03 2.008481507834423280e-02 -9.126343822898478828e-03 1.354736989095330427e-02 5.341879441186941045e-03 -2.254608381703412381e-04 3.037859829046503837e-06 1.608073720686643837e-03 -7.434955753688541735e-04 -6.451347205099659332e-04 -8.762181822870768882e-03 1.592859277408056450e-03 2.205443792950437590e-02 5.955426628219367795e-03 7.578252695695474050e-03 -4.084748758260973132e-03 6.464144754062301108e-03 6.026410903178153200e-03 1.776472908596339465e-04 1.306215080188670918e-03 -1.103560871259325407e-02 -8.673049339785585468e-03 -6.806839561760289620e-03 -1.152034357215834734e-03 5.898259502993301838e-03 -3.515445216857585996e-03 8.190616648916928394e-03 6.110203047278431852e-03 -3.216912228477281956e-03 6.183197767635149325e-04 9.899206354607179362e-04 6.884219804402195043e-04 4.678070023604636793e-03 7.394870098199979400e-04 -1.326218640347956185e-03 9.144695735838571926e-03 2.996624501786782427e-02 -6.368683630549386993e-03 -2.198575911664684638e-03 1.665567506712571384e-03 1.365604621373058339e-02 1.815610794327778791e-04 -8.132847902090343303e-05
0.000000000000000000e+00 0.000000000000000000e+00 0.000000000000000000e+00 0.000000000000000000e+00 -1.633940652834551567e-04 -2.697211530995621094e-04 -2.667840085663664195e-04 -2.291226646907233450e-03 -6.358838940563923525e-04 -1.007606304897403225e-04 -1.506427060992604483e-03 -2.593474819978121119e-03 -9.727481861510416886e-04 2.733055835586896409e-03 3.189246111850797035e-04 -3.123040820586140808e-03 -2.855186368423412446e-04 3.140886192821614863e-04 2.854881109792476411e-03 5.684822421628808221e-04 1.317450807322688476e-03 1.201153500415435768e-02 -4.211265363964854626e-04 8.560861602359024977e-06 9.649440221446204703e-04 -2.885859027577528536e-03 1.156475323554546940e-05 2.938762946230323407e-03 -2.139003312502326965e-03 -1.789244711687008318e-03 2.998279770646605953e-03 -1.620228723554568940e-03 1.958336158717348700e-04 -3.852412733953848156e-03 1.531266998860265048e-04 -1.494234315709358496e-03 4.526226074301854113e-03 -1.664075303200261658e-03 9.913200619498505929e-04 3.168599494305881191e-03 5.346248678047965490e-03 -2.003710518371060179e-03 2.422753554654371623e-03 -2.950143247441834506e-03 0.000000000000000000e+00 0.000000000000000000e+00 -3.651684185594909759e-03 1.081137800160909476e-02 1.748129441072966955e-03 -6.538280461424242612e-04 2.804595924484027530e-03 1.454735347569461289e-02 2.044690024613123325e-01 -1.673926210536156103e-02 -1.344197378135558773e-03 2.930972205436805159e-03 -1.685854893597537848e-03 5.493139903913104270e-03 -1.210954878386204464e-03 -5.366421786927517631e-03 4.327610383122082460e-02 -4.407780731701692323e-03 -4.867092636021856655e-03 2.401895930181053088e-02 5.095413852962702231e-04 -4.261415220905567444e-03 2.846954340507963904e-03 3.119081802794947816e-03 4.752252825535475261e-02 -1.660636715832104152e-03 -3.083937401130925704e-04 -1.306275263934553177e-02 -7.446073896134501775e-03 6.958031564848196800e-03 -1.111978952053161059e-02 1.596629804644076125e-02 -2.563722837931678845e-04 6.641784924009900247e-03 4.406487771578642722e-03 -7.760311074315255978e-03 -6.437354936797829146e-04 -1.282757230585280031e-02 -1.002866210555621593e-03 7.001725451530867693e-03 6.577819157228537855e-03 1.405091725843736657e-02 1.214669780635283317e-02 6.986263349513089846e-03 9.389294661828598287e-03 9.114915756703301924e-03 1.442055377410365142e-03 4.622820405655409144e-03 1.146400352594124689e-04 -1.064341723313950994e-02 -6.163932324938544392e-03 -4.007532962733833908e-03 4.075027373160100205e-03 5.955426628219738158e-03 2.433533544994839759e-02 1.006338253072668748e-02 -9.912634897596292460e-03 -1.451399078784303435e-03 1.587689550254065690e-02 -8.520094901120061140e-03 -7.958215796713479298e-03 -1.472770530494287196e-02 6.755289289341452966e-03 1.326765175655486345e-04 1.677528943085165175e-02 1.325827964278654555e-04 -1.789741328285427563e-02 -6.360604738424126595e-05 6.018980526522344984e-03 -1.517319311809640567e-02 1.422366701503647484e-03 5.035348531533046564e-04 2.748806027447532000e-03 -1.149251403585130164e-02 2.275239509175629258e-03 6.435386575636654199e-03 1.210892556250672304e-02 6.524602343937412063e-02 1.316111671042494592e-03 -5.924005070346602224e-03 8.826866780411187982e-03 4.633180251333304626e-03 -7.346631299803270919e-03 -2.682923688807102320e-03
0.000000000000000000e+00 0.000000000000000000e+00 0.000000000000000000e+00 0.000000000000000000e+00 -7.805460206172088041e-05 5.421915790512917520e-05 -1.489276033469453002e-04 -1.574956711986693313e-03 -7.832112312227826941e-04 -3.977521031325188241e-04 -1.910884847852608280e-04 -1.451391961642728348e-03 -7.125622149863317144e-04 2.598770457144475732e-03 1.068844660970988880e-03 -1.648088204576071822e-03 -1.646259313812447342e-03 -1.725991166623184721e-03 5.710424803498623941e-03 6.767368154045111037e-05 1.170210620151788949e-03 1.779752204880192049e-02 -9.945305865699338808e-04 -1.433818637651514604e-03 6.797311042583432114e-04 -2.222330457595034572e-03 6.092356191992296137e-04 2.765597946060011428e-03 -1.391840285807672759e-03 -1.448035854271684502e-03 2.978790718871178120e-03 -1.279447260094641534e-03 2.604709960687626863e-04 -4.140717561599675973e-03 1.088464132432155607e-04 4.496910605585231497e-05 2.355005726807247058e-03 -2.608538238592375547e-03 1.666089631437398617e-03 7.697191200730512002e-03 4.391465959718787726e-03 -4.972056876948876235e-03 9.814486597340028873e-06 -5.589776710412232806e-03 0.000000000000000000e+00 0.000000000000000000e+00 -5.072150908361108650e-03 1.509141857026199615e-02 1.621351897822598427e-03 -5.899760159713221151e-04 3.734624504072899063e-03 3.017429324168946145e-02 2.871732945979210694e-01 -3.737365614093197952e-02 1.046445608985862620e-03 5.586974462911758164e-03 3.930017955836938412e-04 1.127959037417632787e-03 -3.542762622108844989e-03 1.014418908922583816e-02 1.139523651378880204e-01 -3.545388057882781219e-02 -8.126124745055814114e-03 5.016254763881178302e-02 3.863444069451465253e-04 5.409582495443438464e-03 4.755413893422204274e-03 -3.508270182980128410e-03 3.067987204099572457e-02 -8.357283702934613367e-03 2.113451831517661281e-03 -2.038679373785236282e-02 -1.939101412691454640e-02 2.300245040328934010e-03 -1.713788800509929294e-02 2.293429971519877000e-02 6.162038556962697641e-04 4.275992893173033958e-03 3.675256773625954539e-03 -6.461886305405084054e-03 -2.958053863086789956e-03 -4.546877095596131221e-03 -2.789819017883786098e-02 -7.617481143366170229e-03 -3.490398781746486406e-02 8.330944957952219135e-03 2.266285958568950432e-02 1.731033398591163772e-02 2.825407855407463531e-02 7.957507568958049893e-03 2.070271654440777442e-03 -2.044177497619907840e-03 -4.400578845807428911e-03 9.230925406692835726e-04 -7.122746889900355340e-04 -1.332021544725135384e-02 3.250496055371361430e-03 7.578252695696132378e-03 1.006338253072767454e-02 2.668071353038252436e-02 -7.374111175946000858e-03 1.331890530816206078e-02 8.340956148565436060e-03 2.430747509374427649e-03 6.260927060869117371e-03 -1.671761323972109636e-02 -6.274496839137519953e-03 8.569173372389854437e-03 7.658674237401240890e-03 1.213885056875540353e-02 -1.315038899469586414e-03 8.709481665409597034e-03 6.526964962686187827e-04 -3.655493719200053355e-03 1.076832665893236174e-03 -1.363880804040504572e-03 3.630269310821605637e-03 -1.012559425620256949e-02 3.876870337805448253e-03 -5.871035038547817858e-03 1.338490598282138580e-02 4.789167236822231000e-02 -1.180259906314641213e-02 9.487145234955895665e-03 5.129858745441726736e-03 2.786578401291123219e-02 -1.020587366122597400e-02 1.513791225161596407e-03
0.000000000000000000e+00 0.000000000000000000e+00 0.000000000000000000e+00 0.000000000000000000e+00 1.164184668400838928e-04 2.435971201123042094e-04 2.175007983177015239e-04 1.205861225905393696e-03 5.310652100595957470e-04 -1.362208798438594110e-04 1.388799935897799169e-03 2.526352909575120455e-03 7.173029561569366783e-04 -2.029841809364075871e-03 -4.878985030290929992e-04 2.201730677526798387e-03 -1.901114774064522304e-05 -9.208932357590419483e-05 -3.378169777403798764e-03 -2.852897120870574905e-04 -1.208615804153741115e-03 -8.972771155227205267e-03 1.130302993916120760e-03 -2.575020168080815672e-04 -7.840506869024913787e-04 2.005718601773937623e-03 5.551082614300067780e-05 -1.574813930500911776e-03 1.576311953332716316e-03 1.206243246181324747e-03 -1.965715130169839141e-03 1.348898869642941060e-03 -1.890483759389396837e-04 2.189373871220850337e-03 -1.897365244698914267e-04 2.489736880525108761e-03 -5.551699845255267038e-03 -7.966554844019932977e-04 -6.841288145248715889e-04 1.656132625845437804e-03 -5.636423778939642602e-03 -8.284776905305080348e-05 -1.571600283255197980e-03 -9.453807913571514714e-05 0.000000000000000000e+00 0.000000000000000000e+00 2.027860781048805745e-03 -7.852637540686550205e-03 -2.257682540832093090e-03 -1.125230902625761094e-03 -1.923938150430576236e-03 -2.856168580353040439e-03 -1.225016843880590844e-01 3.247857955997713545e-03 1.971342542263455986e-03 -1.893363204393543010e-03 -6.703766046196998809e-04 -3.283562288467789872e-03 1.080825196857332186e-03 5.141782932408783986e-03 -3.743046468038666724e-02 3.929685887434334495e-04 1.719779125646081919e-03 -1.397522562810704985e-02 -1.290544254992270269e-04 -4.872897928525249042e-03 -3.141585321765398738e-03 -5.879770841106983850e-04 -2.380098892787954612e-02 5.255526680241543597e-03 2.252514036038436669e-04 8.718669155084377703e-03 3.830844916422431346e-03 -5.236390894109573327e-03 5.127288848014898565e-03 -7.669915749082352810e-03 -4.530437253327363975e-04 -6.438767476593203892e-03 -3.264290839944636834e-03 5.638363037460169050e-03 9.794485825081558107e-04 7.439632502655065850e-03 5.884706542091170528e-03 -1.065732661677675462e-02 8.002565148297221403e-03 -4.728060505419714836e-03 -7.898963538326355879e-03 2.259337231871838200e-02 -8.432871031722796035e-03 -2.101683215529438504e-03 -8.498128926920330613e-04 -1.140337421648041517e-03 1.485320911445881919e-03 4.273293744866093341e-03 1.476911758426735933e-03 2.436207836752728000e-03 -2.928433563810258714e-03 -4.084748758261383395e-03 -9.912634897596564812e-03 -7.374111175945926265e-03 1.278212722268135156e-02 -2.724636688876365571e-03 -8.372345162830963777e-03 5.339311646499155656e-03 2.894894839697339725e-03 6.193491989671567541e-03 -2.610779468533011571e-03 -1.284481232366172171e-03 -8.687411283151532521e-03 -1.475949767854981259e-03 1.737098895126836309e-02 2.303368508944013317e-03 -5.180640669117129136e-03 1.259943427556375721e-02 -1.453028577535905690e-03 -2.471629843271065411e-05 -8.459280350746740907e-04 4.248000884392046615e-03 -2.257562913461240092e-03 -3.752893359133262392e-03 -4.398098195739295890e-03 -4.836007909275596289e-02 2.553441423156391048e-03 3.836993599800846491e-03 -2.720473262676771555e-03 3.386686794801413783e-03 3.617031753914867320e-03 1.202417410373488342e-03
0.000000000000000000e+00 0.000000000000000000e+00 0.000000000000000000e+00 0.000000000000000000e+00 6.817013798299626729e-04 1.834092569111099233e-03 1.102073086699458231e-03 4.758765610381555933e-03 4.136425276123937081e-03 -4.910480702776555536e-04 1.128968103251285458e-02 1.292816210349046271e-02 2.786319040163899759e-03 -6.301731464423357930e-03 8.356083522957737705e-04 1.207216909106191734e-02 -5.350390812197714473e-03 -7.550519543757285186e-03 1.450716898845711301e-03 -4.267223262017384895e-03 3.497562556685207547e-04 -2.668647886243176448e-02 -1.937801704172100684e-03 -3.237806338756725986e-03 -4.679188644577642921e-03 7.981741248239417399e-03 1.948257536016272714e-03 -2.669368520670799532e-03 5.267673971311765888e-03 5.354033715506653288e-03 -4.839380094181118530e-03 5.494340335540058746e-03 -8.390957577357244148e-04 1.116551175901733459e-02 -5.687371173631857249e-04 7.101612240012062510e-03 -9.052023970718935109e-03 -4.584687592846119902e-03 2.374291396887950292e-04 -2.952375215585353527e-02 -1.480974468912220690e-02 -2.572869409092098936e-03 -6.537632583330623207e-03 1.793300221905790243e-03 0.000000000000000000e+00 0.000000000000000000e+00 8.706535521546599800e-04 -1.318735406169955701e-02 -8.967624454121589719e-03 4.360412405568890246e-03 -3.997580441230264708e-03 1.796327038419577582e-02 -2.649857650565534128e-01 -2.747940189839195510e-02 9.576730025841468166e-03 9.572845351764957406e-03 -2.977605270883919818e-03 -6.970579171185893770e-03 -3.655092340012146019e-03 2.245431139871305326e-02 7.991679623079357697e-02 -4.525973288229226399e-02 1.053115242682033277e-02 -4.641016380882902886e-02 1.270111110532870817e-03 3.210933698775537450e-03 -2.878270721216124456e-02 4.331633115204845111e-04 9.333771799185468232e-02 -1.993878581664708730e-02 4.875141820044613314e-03 -9.499498235195772897e-03 -2.955680840029274465e-03 -2.956187291245740943e-03 2.157078255815430244e-03 -2.172311423035747091e-02 1.635801725018525563e-03 -1.962071170257900093e-02 -1.364402342595628231e-02 2.191531884264234092e-02 -7.082385498518258861e-03 2.701358362174280034e-02 -5.667020831317065577e-02 -4.611625474675251635e-02 -1.102952652080311791e-01 -2.200503456713558473e-02 -1.530589881940752281e-02 7.117135286013205435e-03 6.432413576566396729e-02 1.831020818822523197e-02 -2.360719320361098598e-03 -5.963357992912107428e-03 4.535243103908242687e-03 5.255872202241112373e-02 -4.490580848074484863e-03 -5.467217465789249962e-03 5.744623249641216470e-03 6.464144754062700095e-03 -1.451399078776885541e-03 1.331890530817033194e-02 -2.724636688877308827e-03 1.646878682470488964e-01 1.527625541799649579e-02 1.905979511963166659e-02 1.124525015074854736e-02 5.331756327292529608e-05 -1.320610649803766537e-02 2.063975626508619127e-02 -1.345630847164854503e-02 2.289767705504103940e-02 1.379259660730303323e-02 8.366083885099186157e-02 6.920038513671384825e-03 6.183454367289402398e-02 -2.847044002328038333e-03 -2.617682808386243877e-03 9.664136751707044087e-03 8.618459535710127489e-03 -8.001151611432385374e-03 -2.406377576579494040e-02 -6.852299758420091549e-03 -1.977083952037941295e-01 1.275163620413407271e-02 4.050082457412594594e-02 -4.150657212715622851e-02 7.552431639907523919e-02 2.852875793361732762e-02 -4.641260591988230488e-03
0.000000000000000000e+00 0.000000000000000000e+00 0.000000000000000000e+00 0.000000000000000000e+00 -4.463058359303714764e-05 -4.468706125084605458e-04 -2.327114679960661642e-04 -1.239854397430496368e-03 -8.958663582287202786e-04 -4.852317189378444547e-04 -1.915759647329891031e-03 1.026326284682933191e-04 -3.436973854725644171e-05 7.411553705821704880e-04 -1.202995646484960452e-04 -1.445084023387994791e-03 3.692381327953930944e-04 1.094000358207895124e-03 -4.333162049650210804e-04 -1.843912094077081914e-04 5.986311568930355320e-04 -2.521009103774395164e-03 5.729806517790180789e-04 8.471927443026433654e-04 8.071082568614462412e-04 -1.393238679514618820e-03 -8.260449691647253146e-04 1.050964469131181103e-03 -7.963223469003243536e-05 -1.008765573208030963e-03 2.564259609725675921e-04 -2.070674241937294738e-04 -2.362736106208822057e-04 -1.914367193436802101e-03 6.506385538287062439e-05 -5.684361523928401719e-04 7.487585821389674320e-04 5.154119298296491649e-04 1.512638128050516548e-03 -6.943783475609076675e-03 2.493859476469737976e-03 -6.493990062702540041e-04 1.551512181476409754e-03 1.200574882998219507e-03 0.000000000000000000e+00 0.000000000000000000e+00 -2.538824446934644964e-03 3.937989114637578322e-03 4.234173755956059833e-04 8.781859381246858668e-04 1.421339120735221062e-03 4.848744503451796195e-03 1.149803681962750790e-01 -6.624932263410951080e-03 1.029588932664866896e-03 2.718674584983405383e-03 -8.526526187559343691e-04 2.079149684404593516e-03 -9.776387046569489682e-04 -4.631040897699648454e-03 1.526262184555797832e-02 -7.246734340071072224e-05 3.858685755135356308e-03 1.561543941327370524e-02 3.446178919526493513e-04 -5.409048695994496912e-03 6.764159872431185945e-03 3.166122686017303241e-03 1.354566372609593977e-02 -7.697064392604758588e-04 -9.501585980938289581e-05 -9.540602083350353119e-03 -1.803333208302243355e-04 8.955152825381231321e-03 -3.658309643331449524e-03 1.378318860403015926e-02 2.374512514609977091e-04 2.687237383609924514e-03 -1.442509858427719555e-04 -2.853041620438789925e-03 -7.332976767789072719e-04 -3.493260264454501468e-03 -2.806385301651670872e-03 3.564064196828730649e-04 -4.040550221147399396e-03 6.853649801622519952e-03 9.216968763525689584e-03 1.863535658558866659e-02 9.387620569015554459e-03 1.356139977340906251e-02 1.099218465785638905e-04 2.298734185342203584e-03 -2.408747793059676668e-03 1.568876296089070877e-04 -5.751734826570544315e-03 -1.996402961870630439e-03 8.087566883810966929e-04 6.026410903178287641e-03 1.587689550254165263e-02 8.340956148566121275e-03 -8.372345162830346216e-03 1.527625541799108692e-02 2.188624877717314232e-02 -5.621823544048038142e-03 -6.581704660043551786e-03 -1.173780300062320092e-02 4.933643638900490382e-03 -1.081535275017291280e-03 1.122584366403290082e-02 4.203042632409819540e-03 -1.733065485280500459e-02 7.913073592410934179e-03 1.168320518703956125e-02 -1.479495973726449240e-04 6.945072724184763640e-04 1.230887540653860827e-03 2.578506656222030215e-03 -9.164277047290395745e-03 5.239396791972789980e-05 5.629386249233131641e-03 8.014804182973050278e-03 1.642453440773448264e-02 3.511021279242116429e-03 -4.600103803562154668e-03 -1.327209059653518004e-03 8.777037020647387782e-04 -1.598627131892221245e-04 -6.130716629719199125e-03
0.000000000000000000e+00 0.000000000000000000e+00 0.000000000000000000e+00 0.000000000000000000e+00 1.529811973988645386e-04 4.796132387618745737e-04 4.157639565429485109e-04 1.527942271298707907e-03 1.213628993896229439e-03 -3.757518994763700288e-04 2.451124229160179819e-03 3.021605958182195170e-03 7.034546362247723599e-04 -2.374428600004689204e-03 -3.017494219816276740e-04 2.736553951798554978e-03 -9.204650338147700797e-04 -8.926852668845944435e-04 -1.571825781272935887e-03 -7.132049146694138288e-04 -8.168233168605559640e-04 -1.098986470185900691e-02 2.742572448293056735e-04 -1.534899783983307035e-04 -1.385633105780096751e-03 2.098106275201390512e-03 2.836022676423959705e-04 -1.563048690793667535e-03 1.215262421155387631e-03 1.271436269663554644e-03 -2.008759563253947975e-03 1.419582102174844936e-03 -2.184216537418333468e-04 2.307766930392150632e-03 -1.789926404734702898e-04 1.344443606366289064e-03 -4.895594427496798018e-03 -2.436790783822463408e-04 -7.807778819152356867e-04 -8.978273253296923523e-04 -5.679885436535568079e-03 7.944988531479540116e-04 -2.657555043706503074e-03 1.506794751511112123e-03 0.000000000000000000e+00 0.000000000000000000e+00 5.399041582570270710e-04 -6.287124806670174940e-03 -1.977727519911955372e-03 2.753411751598235676e-04 -2.072349685517332809e-03 -1.306797288580925816e-03 -1.522776237803925847e-01 -6.180124846094344274e-04 1.992747767593618449e-03 1.355920393724899514e-03 1.192779432061376679e-04 -4.675292369009048307e-03 -7.115349418476944483e-04 8.796007263559765810e-03 2.240153618839509780e-02 -9.056884793275514142e-03 2.189423894639901894e-03 -7.882658246051010148e-03 3.590177350130096796e-06 7.697240609041872648e-03 -9.074238970758465028e-03 -7.873939625108423296e-03 -3.579798692846998011e-04 -2.947909006593174217e-03 1.369458091699107772e-03 7.696397669547806308e-04 -5.294174850426691323e-03 -1.326571300368422322e-03 3.267222741008712038e-03 -3.836234868058808860e-03 5.511200085924255945e-04 -6.251069969937331564e-03 -3.844987521187459307e-03 6.755028779889723708e-03 -1.958108420848088654e-03 1.176105385296223084e-02 -1.640544297203157253e-02 -1.185450030865896169e-02 -3.604280746681707420e-02 -8.033586161302829279e-03 -9.785221012924673681e-04 -2.899156840666183756e-03 2.478600919480090925e-02 -1.573096456018212514e-03 -5.075900494123485995e-04 -2.764350769054804702e-03 -4.791633328269952457e-04 1.961521097016189624e-02 1.688090424281774374e-03 -3.898313498236015851e-03 -5.407146885058059438e-04 1.776472908603388134e-04 -8.520094901118529379e-03 2.430747509375718284e-03 5.339311646498900651e-03 1.905979511963646136e-02 -5.621823544046350256e-03 1.708106102094114967e-02 7.755427009641525926e-03 3.153285018857825920e-03 -5.129857505811873108e-03 8.094534535633092151e-03 -1.089505768418633572e-02 6.213375225708773868e-03 1.480528298210339808e-02 1.572757899169102344e-02 -6.085085818765165536e-03 2.717696237857447628e-02 -1.023065323486691295e-03 -1.088837336890691827e-03 2.583402513945963529e-04 3.830206959673508257e-03 -3.261236459108777727e-03 -1.246144509015128556e-02 -5.943503088164623326e-03 -4.692991124008097370e-02 1.798708577423625398e-03 1.614970860479786330e-02 -1.531697168339407437e-02 1.293585172071724104e-02 9.932870423050969150e-03 1.074565040920953847e-02
0.000000000000000000e+00 0.000000000000000000e+00 0.000000000000000000e+00 0.000000000000000000e+00 3.915911312051077037e-05 2.032914757611695850e-04 -4.975999470162442229e-05 -2.928151225481054332e-04 -1.938314138679594293e-04 3.485000298650728855e-04 1.876583939644952802e-03 -3.718688875976413526e-04 -3.493439414916732575e-04 1.858532296694330541e-03 1.528834854720220781e-03 1.358444933563609548e-04 -3.392481523404854322e-03 -2.350625392190233264e-03 6.251985685148549708e-03 1.202801215236292201e-04 3.890682726749174853e-04 2.267122591448117452e-02 -2.200544786912408957e-03 -1.891532772339787633e-03 -7.861063870540790661e-05 -3.650265295953525552e-04 1.392357899330450705e-03 2.965446324960404993e-03 -2.542110348418746748e-04 6.698678057377033257e-05 2.277952663200129551e-03 -5.977571528898021399e-04 3.743831359586441876e-04 -4.132467124223979105e-04 -1.049128932751426310e-04 5.003942220453520828e-04 -5.168435769803674668e-04 -3.975689696217638361e-03 -4.159802783581915703e-04 2.544750371582707449e-03 -4.439446736145364822e-04 -3.731799178685895994e-03 -3.367734352319361017e-03 -7.087222796873298911e-03 0.000000000000000000e+00 0.000000000000000000e+00 -2.753405029910210595e-03 4.746714290633275227e-03 1.866755231209898773e-03 4.853179178670510028e-04 2.093721690362086718e-03 2.123995631249661620e-02 1.475008234770971427e-01 -2.579997380661506676e-02 1.173556128194715338e-03 3.790204189029801069e-03 2.719339234391078032e-03 -3.295777065293121122e-04 -3.398653940118315404e-03 2.519381085116167290e-02 1.124297037940111127e-01 -4.632465503956235964e-02 -1.018680300270687761e-03 3.577024931595350343e-02 2.177978533103849324e-04 1.034548815327477646e-02 -2.259924901656909253e-03 -2.759644974843205190e-03 3.543268054328476552e-02 -1.034881229691365576e-02 2.943142051081961297e-03 -9.443829573958610613e-03 -1.969921042921322918e-02 -7.645440211965993244e-03 -6.871081468079383650e-03 1.515479703518006135e-02 9.294054492684590335e-04 3.424361836908595275e-03 2.814351852476492701e-03 -2.988640104374875369e-03 -3.370785974130952826e-03 1.733658281408728685e-03 -2.618573754665921155e-02 -1.202017029368100502e-03 -4.688981609930181066e-02 -1.521869110201474161e-03 1.101517232110782972e-02 2.643268304312082137e-02 2.715967979523593867e-02 4.220872843984168656e-03 9.124529911975624071e-04 -5.048506271065443009e-03 -1.913132551548742122e-03 1.917957498632533175e-02 5.882713140953548664e-03 -4.084922053054579338e-03 -3.398743433041429181e-04 1.306215080188957147e-03 -7.958215796713132353e-03 6.260927060869348089e-03 2.894894839696795022e-03 1.124525015074515424e-02 -6.581704660043908271e-03 7.755427009640700198e-03 1.524118726900604986e-02 1.623025594269509632e-03 -1.240973722553362184e-02 5.825059520894168563e-03 -1.084913470534191147e-02 3.670607207221385660e-03 1.515803461681880515e-02 6.117640323833923796e-03 -6.268555985346541647e-03 9.143467069074548773e-03 1.310160947713693213e-03 -1.696639114385387233e-03 2.884258095446199776e-03 -1.733784959138491219e-04 2.293385284658286741e-03 -1.234577156006280360e-02 3.419366017153611936e-03 -7.335278375217489655e-03 -7.999255302227404815e-03 1.516446408966115773e-02 -2.781407909805386908e-03 2.678152064836945151e-02 -1.904224361871815433e-03 7.223115318648731104e-03
0.000000000000000000e+00 0.000000000000000000e+00 0.000000000000000000e+00 0.000000000000000000e+00 3.403108618380740506e-05 4.393698458701694818e-04 2.236004213039752546e-04 2.039413138176251594e-03 1.510220377214394321e-03 8.597232662464241674e-04 2.483831101292701803e-03 4.685860026266094359e-04 -1.462126381902707057e-05 -1.113901359526472219e-03 -6.012086126811082613e-05 4.124673388656821711e-04 -1.009938134454273391e-03 1.796611115344583535e-03 1.633212976966322283e-04 1.737698026345769076e-03 -4.436193556690450740e-04 1.730127523736386431e-03 -8.444840663246747569e-04 1.597469521874542511e-03 -1.169881582278370271e-03 2.191413617387637236e-03 6.441797675910676795e-04 -8.746844656627956799e-04 -3.917471468195795671e-04 1.709590547531343596e-03 -1.172447435906992324e-04 4.001332179479856130e-04 1.617440417534045144e-04 2.078238177725508402e-03 5.670903795240820629e-05 8.564445286924563926e-04 3.196986272009564147e-04 -6.810947051800506731e-04 -1.954252679726336053e-03 -3.709805758354150790e-04 6.866665684506785116e-04 1.989563061547080982e-03 2.367291360760248272e-04 -3.122537593495300530e-04 0.000000000000000000e+00 0.000000000000000000e+00 4.054750250282612538e-03 -1.070600803377065070e-02 1.050501204627125700e-03 2.262189496440781232e-03 -2.379272678348327147e-03 -1.449453392591279997e-02 -1.935669249501012767e-01 2.107876681649134554e-02 -1.188076874376278779e-03 -3.606114440972535938e-03 -1.232621492210352000e-04 6.940700636431595093e-04 1.398786304639936277e-03 -9.666965954550472973e-03 -2.793110703565991962e-02 2.761958416944595637e-02 5.094382733437518782e-03 -4.274478727817881962e-02 -3.669091253170784443e-04 4.095201524390458710e-03 -8.667365579728020589e-03 -1.321879696603335758e-03 -1.561133114044358991e-02 3.124853105388719372e-03 -1.211318005348194834e-03 9.521691376889912170e-03 7.146672895705944925e-03 9.089129849954677865e-04 1.057497418647473410e-02 -1.673459237676018160e-02 -5.525384011153700731e-04 -1.270397369891052616e-03 1.381846199967109708e-04 4.321377216380346310e-03 1.518552370983244394e-03 1.521782150864167509e-02 7.548437483556476833e-03 4.613838631047921697e-03 7.592923955230365847e-03 -1.454662155181154180e-02 -2.075091954440593314e-02 -2.639742610755617044e-02 -1.059450023966560135e-02 -1.254586642382952283e-02 -1.072477245043321637e-03 1.701990727338258211e-03 -1.220515168162514437e-04 8.598091286812679923e-03 3.833412049885041861e-03 1.456108549933454732e-02 -1.739150200367808353e-03 -1.103560871259316213e-02 -1.472770530494320329e-02 -1.671761323971993757e-02 6.193491989671194575e-03 5.331756328288119259e-05 -1.173780300062206988e-02 3.153285018860134403e-03 1.623025594269718016e-03 2.510913974244423016e-02 1.795891787491594267e-03 -4.230901675670611060e-03 -8.969492911324131526e-03 -1.105717453457337462e-02 7.831055542525300686e-03 -6.533671329673303857e-03 -4.418924614576377058e-03 6.368999682907365394e-03 -3.378658712792692370e-04 1.805683977567158933e-03 -1.995346531697660564e-03 3.930939272334493112e-03 4.401343136666584406e-05 -2.757053473950487558e-03 -1.147034889678703352e-02 -2.959862508025724870e-02 1.490462932263438662e-03 6.739083833728917380e-03 -2.333002482375303149e-03 -4.992662055921180154e-03 6.237871387936141411e-03 7.967868056032908694e-03
0.000000000000000000e+00 0.000000000000000000e+00 0.000000000000000000e+00 0.000000000000000000e+00 -4.111411198978575109e-05 -5.672884828092898289e-04 -3.790447359214589563e-05 -5.461158353805655157e-04 -2.405759547287121373e-04 -9.000050936070471894e-04 -2.482270629462533709e-03 6.144946380274138222e-04 5.120543997852711453e-04 -2.245611002786895502e-03 -2.054799975926874418e-03 7.445875412994129583e-04 4.596391367211700302e-03 1.432053680725650950e-03 -9.072583913158396504e-03 -1.543415012133936021e-03 -3.568409521693100645e-04 -3.101304610282862306e-02 2.894131833567395104e-03 1.261958398769470226e-04 2.945514566920064701e-04 -1.880460387321777112e-04 -1.662492440865916696e-03 -3.000037927347877845e-03 8.155314419813612138e-04 -6.573060814882988271e-04 -2.825700418055748005e-03 6.096198499854002528e-04 -4.655313815802598334e-04 -3.820207860285316018e-05 -7.914858047238372378e-05 -1.466636210758889619e-03 -3.250670990571181279e-03 4.679857728821837891e-03 3.288095326059055617e-04 -1.440196306969756396e-03 -2.756785549590910420e-03 4.924246091567322479e-03 3.426598557949907947e-04 6.609455883378735803e-03 0.000000000000000000e+00 0.000000000000000000e+00 2.423018634757403630e-03 -1.037260474555995807e-02 -9.194605224149168636e-04 -1.104719014458721213e-03 -2.495305163260260958e-03 -2.702410330540117728e-02 -1.927409544162906885e-01 3.236889900239128121e-02 -9.141429837292332217e-04 -6.019645866316181669e-03 -2.362360957089103264e-03 1.130818652257593220e-03 2.759444909153189150e-03 -6.426242250566751787e-03 -8.969282282018629926e-02 2.296793931218022930e-02 -4.916682224375907087e-04 -2.658760280053480349e-02 -4.610883659666511493e-04 -1.170249451930751271e-02 -9.607952384491923875e-03 5.359955355139963892e-03 -1.852059699261090348e-02 9.491653481448572918e-03 -2.187416584656093257e-03 9.638861850703572126e-03 1.443064237271934197e-02 4.081229325129560881e-03 4.408579436978985258e-03 -4.410045781164957830e-03 -2.517653953360933288e-04 -3.097385530787239490e-03 -3.478808097124974630e-03 2.822366248077498412e-03 3.683145550499903123e-03 6.786736567157237651e-03 4.039401586189401983e-02 1.541425873701834232e-02 5.142268551839403179e-02 -2.745464056425992328e-03 -1.270420954774740575e-02 -4.742325933691525497e-02 -2.050386399448993202e-02 -9.337261339175954161e-03 -9.831718296990582875e-04 3.627974993462604238e-03 3.033685290466539217e-03 -1.654190589450988541e-02 -3.487858459114913118e-03 5.678764732419056167e-03 -5.572929741786783811e-03 -8.673049339785481385e-03 6.755289289341438221e-03 -6.274496839137484391e-03 -2.610779468532607814e-03 -1.320610649803437980e-02 4.933643638900742784e-03 -5.129857505811174015e-03 -1.240973722553327836e-02 1.795891787491563042e-03 2.055737417255981345e-02 -3.907109375978624725e-03 1.083348332139570484e-02 -6.529034191658167167e-03 -1.317307931836760732e-02 -1.001798596659266363e-02 3.320804316668571690e-03 -6.216515748805041125e-03 -5.031295195234222750e-04 4.344551178869713302e-04 -2.149875936122871371e-03 -2.029946074904497889e-03 -2.404569315537751807e-03 1.233182862230014845e-02 -5.426457900144657578e-03 -6.080223188299599402e-02 1.406446447946835265e-02 -1.439738718944267269e-02 -1.161740017363956491e-03 -2.688812360696109932e-02 2.649997244657485533e-03 -9.061426076540177871e-03
0.000000000000000000e+00 0.000000000000000000e+00 0.000000000000000000e+00 0.000000000000000000e+00 1.632689495339721979e-04 6.657577192892496923e-04 2.047911942422984727e-04 6.339482731353626981e-04 1.338368215484794007e-03 -2.178879620597084241e-04 2.816742342425792266e-03 2.527879381602746601e-03 1.889869719915251729e-04 -6.174940145922568806e-04 2.154760142795448673e-04 3.181157503467429200e-03 -1.604450016873746644e-03 -3.553488447001859618e-03 2.001689626590057690e-03 -1.801951764569457212e-03 3.036593281500522302e-05 -3.362660397274905635e-03 -7.559279350867754684e-04 -2.425220352947840725e-03 -1.260771576758344583e-03 9.289730421692088099e-04 7.454747701561158409e-04 3.284478802922224114e-04 2.599968262976929973e-04 5.537199966349256718e-04 -1.176695448120469722e-04 1.169644243153340844e-03 -1.306818754728863833e-04 1.596657906423930079e-03 -2.771721205613476976e-04 2.045574780319720388e-03 -4.612210249482330895e-03 -2.804266459694511326e-03 -2.365430371831081296e-04 -3.113246418173229620e-03 -6.237913348376158094e-03 -1.694460292480342743e-03 -4.052586445903961707e-03 -3.284933926213153346e-03 0.000000000000000000e+00 0.000000000000000000e+00 -7.541099679013636443e-04 -8.750495328372260434e-03 -1.404526035947171146e-03 -2.150550871735150632e-04 -1.473558312427365367e-04 1.037711577624426951e-02 1.813181476936994579e-02 -1.157902148311527012e-02 3.682286205279635197e-03 1.295116316721306861e-04 -7.477922685567473145e-07 -2.698173948896700688e-03 -1.561309767831824905e-03 1.978351029139601910e-02 5.412945560186468302e-02 -2.934175697303765748e-02 7.300370283994305105e-03 5.220478385462752613e-03 2.316697888021923676e-04 -1.048442726283430656e-03 -1.198522895245962040e-02 1.879649068941122072e-03 2.243570933281904475e-02 4.113084928727624460e-04 2.949602993986508940e-03 6.750117505167697526e-03 -1.445602634343140687e-02 -1.558359187943950640e-02 4.299023138989716344e-03 -1.583122845218364006e-03 -1.890679187131933683e-04 -3.938308817452156052e-03 -1.627686515105109758e-03 3.231014616922627068e-03 -1.061216391172155890e-03 3.045900023940935862e-03 -1.864081765856953621e-02 8.705672981793697793e-03 -2.568209693266872498e-02 7.164527158063558297e-03 -7.939030750372853829e-03 9.545269670849801380e-03 1.417344804810101271e-02 2.086559800024818945e-03 2.200498407623368061e-04 -5.524817656830463292e-04 2.411462765277716264e-04 1.045848808382496622e-02 -2.027320611013613393e-03 -6.369790633692123255e-03 1.224395483836526743e-02 -6.806839561758659847e-03 1.326765175696730209e-04 8.569173372393754096e-03 -1.284481232367880657e-03 2.063975626508100097e-02 -1.081535275015151716e-03 8.094534535630724253e-03 5.825059520894688113e-03 -4.230901675673828105e-03 -3.907109375979286522e-03 4.363266927705564818e-02 -3.566566290193975367e-03 1.151760959110126499e-02 1.020371377343201082e-02 1.367968586993233149e-02 -2.869741994083299490e-03 1.624010520923014136e-02 -3.428401798722795777e-05 8.718258049196789868e-04 3.166678372210807776e-03 -3.410659544249156072e-04 -5.077813559114954453e-03 -4.222526832605533881e-03 -1.346510788276840745e-02 -5.220244536683497916e-02 1.727846251086997964e-02 1.114587229002908693e-02 -1.734063729054172859e-02 4.710866513250000845e-03 6.784123883918050275e-03 -7.661951493346209549e-03
0.000000000000000000e+00 0.000000000000000000e+00 0.000000000000000000e+00 0.000000000000000000e+00 -2.486887929455530244e-04 -5.419486989329901474e-04 -3.481968289959046898e-04 -1.985079790491534046e-03 -1.217360293095521391e-03 -3.034915345216798732e-04 -3.623757189257855067e-03 -3.434357435215552260e-03 -7.935047157052608959e-04 1.769459539971894157e-03 -8.506774471664454605e-04 -3.781993570513589482e-03 2.837840837696715707e-03 2.171102095195006666e-03 -2.514702457215929783e-03 8.637269709777950109e-04 9.633521804069662773e-04 -2.001259193821603756e-03 1.765626110385223489e-03 6.675579822976333627e-04 1.526117343534251622e-03 -2.933401284300283379e-03 -1.008409545072721809e-03 7.345704869266965909e-04 -1.835361388166999175e-03 -2.082262313526593665e-03 1.535993464629731861e-03 -1.671448926687508271e-03 6.539539733127253162e-05 -4.393076132991198014e-03 2.425641002353130142e-04 -2.181272780570195444e-03 4.959462973032362568e-03 1.628830453866939205e-03 1.492748437731124256e-03 6.852481670585615359e-03 5.761560221233372539e-03 6.725257587079874842e-04 4.265981854412802948e-03 1.072065442438222861e-03 0.000000000000000000e+00 0.000000000000000000e+00 -1.557784975233677443e-03 6.815369018929782162e-03 3.828666617389410529e-03 -1.965979949772968304e-04 2.163939928451780008e-03 -4.640927872562689190e-03 1.431162963945884214e-01 4.869567511863884604e-03 -2.201902308716050059e-03 7.167574923501666539e-04 -1.318894418734280682e-03 3.493307315662466401e-03 1.050450621996181991e-04 -1.647286680311519855e-02 1.924048027316404598e-03 2.041626830910300838e-02 -4.859333047677963542e-03 1.008883410997567232e-02 -1.020941710167240859e-04 4.598937928882414553e-04 5.351352968656425228e-03 2.305407870805287890e-03 4.723426697034410413e-03 -2.241547626975665813e-03 -1.612833781159710850e-03 -9.662559018264595817e-03 1.555355068814610713e-03 1.401951883767395268e-02 -6.813706712737544434e-03 9.998796708128428190e-03 5.004669156137355216e-04 6.023198744402376986e-03 3.423671121200529306e-03 -6.923403579203082914e-03 1.211015476404394848e-03 -1.173496060949859830e-02 7.655736185300094504e-03 1.805660485967425927e-02 3.102678982067702540e-02 1.262213348377488366e-02 5.207252621164425339e-03 1.112268729759357394e-02 -5.162300381595206697e-03 3.442569335639884733e-03 1.390967104088763114e-03 2.879548748178041660e-03 -2.569917191711631067e-03 -1.776282787042187880e-02 -3.946475915534302520e-03 6.174603133233580498e-04 2.031723481061912997e-03 -1.152034357215996063e-03 1.677528943085148522e-02 7.658674237400581696e-03 -8.687411283151246291e-03 -1.345630847165297898e-02 1.122584366403214622e-02 -1.089505768418618827e-02 -1.084913470534242148e-02 -8.969492911323335288e-03 1.083348332139633628e-02 -3.566566290197061007e-03 2.379947916019216694e-02 -9.532811546138912932e-04 -2.036897370365812338e-02 -9.715056965897228211e-03 5.286561053984924555e-03 -2.006091136120015384e-02 1.125569188967445733e-03 2.157914848568485804e-04 -8.356711185092752714e-04 -9.594996928808625231e-03 3.705258885662293840e-03 1.282834387918306909e-02 7.578849684560054825e-03 6.671473013531854790e-02 7.201347077330300453e-04 -1.335452637177054341e-02 1.239082957535337683e-02 -1.177727088413670249e-02 -9.093705764997676855e-03 -6.004213289650998063e-03
0.000000000000000000e+00 0.000000000000000000e+00 0.000000000000000000e+00 0.000000000000000000e+00 9.702463426264834124e-05 3.487829892210664523e-04 1.109978051805842836e-04 3.023116129401949505e-04 2.709711950564585659e-04 -4.408589027148663176e-04 1.382341969641980028e-03 1.856718722015580176e-03 4.506923947435132545e-04 -8.995417388383014244e-04 1.641999074750573296e-04 1.134892162533519171e-03 -6.257925170122808755e-04 -1.141960749352803140e-03 2.039367306290549176e-04 -5.016808656880907729e-04 -6.729594437030511265e-05 -4.730642070260417456e-03 3.389655103671182956e-04 -2.851644997289601671e-04 -3.388139258615717464e-04 6.359513046304003832e-04 1.140489089650562618e-04 -5.475849646578939776e-04 9.430904819769389894e-04 1.712799193866439758e-04 -4.512250166758965345e-04 9.589780302449346823e-04 -1.838975225726173447e-04 1.354785635753866062e-03 -3.155510557125965250e-05 1.410152141141715523e-03 -4.647363791721683714e-04 -2.425290165622944589e-04 2.375393816278006400e-04 -4.341256225531642775e-03 -5.881831221461518520e-04 -1.222893822442342165e-03 -2.499447529365113069e-04 2.068085934773468589e-04 0.000000000000000000e+00 0.000000000000000000e+00 -2.102524415759214095e-03 4.544322073578685624e-03 -2.002483961288892451e-03 1.061000522896836005e-04 6.650490494224906447e-04 1.339256908109582103e-02 5.710853902131333287e-02 -1.949372487346760427e-02 2.463882712967093921e-03 4.568828826343968551e-03 1.587979176388760907e-05 -2.980403384255174946e-03 -1.832611676853560662e-03 7.014683805257420496e-03 4.853684539407327608e-02 -1.993200696663214103e-02 -8.638308113750131851e-04 1.616851149009802466e-02 4.921871936429281311e-04 3.798733218700854619e-03 1.885433396735960868e-03 -1.665744162114993557e-03 2.624943584055624418e-02 -7.318111450488364034e-03 1.722498672364410500e-03 -8.356148467617341424e-03 -7.389697886159185720e-03 -4.193617663423683463e-04 -5.194739495537652012e-03 6.039434968636986367e-03 9.724444265109728498e-04 -3.177444436405026454e-03 -1.951726741805563138e-03 2.445719216591909616e-03 -2.514309710358893397e-03 -1.155965690915170246e-03 -2.662903732828086900e-02 -1.101335047273829630e-02 -3.870507545982106862e-02 7.419735960145994180e-03 1.211953308914711508e-02 2.403818338009985900e-02 2.108453795149042853e-02 4.964073354685393305e-03 7.670114564041772068e-04 -3.054024518989745945e-03 2.334503421796984852e-05 1.062409788376478606e-02 -1.607090726029211832e-03 -8.354245819099499759e-03 4.655291257159894711e-03 5.898259502993660926e-03 1.325827964294560343e-04 1.213885056875674794e-02 -1.475949767855421445e-03 2.289767705503733403e-02 4.203042632410691239e-03 6.213375225707448539e-03 3.670607207221924292e-03 -1.105717453457541639e-02 -6.529034191658539266e-03 1.151760959110104295e-02 -9.532811546129031513e-04 1.972712334131414974e-02 4.161060746982671310e-03 1.971594293190328737e-02 6.933292180413430260e-04 1.509593719416015521e-02 -1.166833767011417230e-04 -1.645229131192943017e-03 2.529572942344992734e-03 1.613890867465519324e-03 -1.851357652512006105e-03 -4.485061377187792540e-03 3.095155868039477579e-03 -2.469888257734581191e-02 -1.953282595242427158e-03 9.284061600837880887e-03 -9.239546139117050735e-03 1.743572452712170012e-02 3.485549023592757201e-03 -4.575937111176320293e-03
0.000000000000000000e+00 0.000000000000000000e+00 0.000000000000000000e+00 0.000000000000000000e+00 3.639388667739084098e-04 1.119930619834912447e-03 5.664032888886609768e-04 3.033066488427408388e-03 1.790025387125487475e-03 4.547645084986630019e-05 5.981533006622237296e-03 5.384350886012146883e-03 1.169243522162390731e-03 -2.992397080645335834e-03 8.401077028842490529e-04 5.577631672397424627e-03 -3.864622512286511238e-03 -3.555585767423204407e-03 1.470745138450593303e-03 -7.356082707700795434e-04 -1.831218260528161669e-03 -7.346522628559680294e-04 -1.073008605638976331e-03 -2.055001579268563548e-03 -2.341348040386229123e-03 4.285361197124848247e-03 1.732299822655135931e-03 -1.317173847140241461e-03 2.827943123029564264e-03 2.884257388520449633e-03 -2.043921918539464300e-03 2.522891807550186206e-03 -6.998153696899970741e-05 5.046144850216700666e-03 -3.811977549256515625e-04 3.239087975170220485e-03 -6.346107817817242883e-03 -2.416306989227586140e-03 -2.154487528202129239e-03 5.235898314213330816e-03 -9.747676069464240173e-03 -1.156344577727301233e-03 -5.148274195026419919e-03 -3.136724139515254407e-03 0.000000000000000000e+00 0.000000000000000000e+00 1.685781736328595013e-03 -7.737270948868798723e-03 -5.574185265662558522e-03 -1.181281610308332689e-03 -2.357674346592176107e-03 1.929821534410844017e-02 -1.366418370660767156e-01 -2.344957786780080614e-02 4.532163070802368819e-03 1.436182104700604130e-03 -1.535598348602074505e-03 -6.950226562362016650e-03 -5.663974157045247905e-04 2.387593661451029373e-02 2.038214570614964652e-02 -3.444742971456261904e-02 -1.205468974525130202e-03 -7.126442191155038172e-03 3.573066028530327365e-04 -8.885509033303264428e-04 -1.227455716008100939e-02 -3.701227461903148618e-03 8.404570661902074913e-03 5.811116483204070574e-04 2.818357926829028956e-03 7.637864269484174844e-03 -8.242644735656279309e-03 -1.718357786241430860e-02 1.133644705543071724e-03 -1.300732817188406457e-02 -7.379910425236434765e-04 -1.221513848591728596e-02 -4.687393312899351162e-03 1.076517731115540256e-02 -1.818143551712125567e-03 1.472692332446298713e-02 -1.570908727389708909e-02 -2.816262969368345942e-02 -3.406089300858890223e-02 -8.421238589969059010e-03 -4.329701079410225827e-03 4.670993283827993420e-02 1.279796876673317159e-02 2.368997131139696181e-03 -7.583645788443310609e-04 -6.002797300500764717e-03 2.803376869782238205e-03 2.116241974641232954e-02 3.808256118696059806e-03 -3.504089345325037824e-03 -5.375719066922425874e-04 -3.515445216857378697e-03 -1.789741328285418542e-02 -1.315038899468622558e-03 1.737098895126776635e-02 1.379259660730298986e-02 -1.733065485280589277e-02 1.480528298210275796e-02 1.515803461681962394e-02 7.831055542524700472e-03 -1.317307931836868458e-02 1.020371377343477423e-02 -2.036897370365794643e-02 4.161060746983399027e-03 4.176365595635930100e-02 1.122347348411293841e-02 -1.087011872411668308e-02 2.845713284419564351e-02 -2.684502922088063091e-03 -9.972297078733119175e-04 1.367121683663071038e-03 8.071779027558885142e-03 -4.000332366196303856e-03 -1.878837635323379190e-02 -4.276609954437528803e-03 -1.073214208428909799e-01 1.008868279650165171e-04 2.335440017617055469e-02 -7.926991337152401035e-03 3.973522559525372033e-02 8.379850962285304711e-03 6.646965999518310471e-03
0.000000000000000000e+00 0.000000000000000000e+00 0.000000000000000000e+00 0.000000000000000000e+00 3.904142793349720973e-04 1.073206866059094825e-03 8.044346946187641220e-04 2.928066758864896271e-03 2.955927450961004337e-03 -6.916237313466869208e-04 6.880822856124801240e-03 8.168007975405689944e-03 1.788030747822031211e-03 -4.908925071453461818e-03 1.404720013440310803e-04 7.015609471271630135e-03 -2.723391278148205343e-03 -3.360678300993440865e-03 -4.206143409474247339e-04 -2.339773042458033470e-03 -3.443088690588047215e-04 -1.969386656191883869e-02 -8.643099664170808636e-04 -5.706576904409331810e-04 -3.130171084558164892e-03 5.050268978529110289e-03 9.607495132684354573e-04 -2.619018276889144292e-03 3.096584146229301553e-03 3.073477308941262569e-03 -3.817638124005364939e-03 3.818661551319420776e-03 -5.414660943045033299e-04 7.053992968740341665e-03 -3.182106716088526016e-04 4.317375949382403454e-03 -6.332844968151182287e-03 -2.274840642206052421e-03 -6.591156775243834330e-04 -1.520825567077265655e-02 -9.178655171969023197e-03 2.718571235173643285e-04 -2.201595471549704867e-03 3.163104950392806470e-03 0.000000000000000000e+00 0.000000000000000000e+00 -7.825415878792416936e-04 -7.523966736817572221e-03 -6.448559762206764259e-03 3.884303661744386692e-03 -2.599279536280424061e-03 1.150979757657814156e-02 -1.780600891241252981e-01 -1.797649838319647156e-02 4.738914170651121159e-03 7.666701082654678832e-03 -1.664752214941772959e-03 -4.165508155603987218e-03 -1.936142923701739734e-03 1.052783158870355083e-02 3.054866274612564811e-02 -2.133688473392466103e-02 5.701865349319219789e-03 -1.598176051627338973e-02 8.150491435031171402e-04 1.170029800240143802e-02 -1.018690810472500791e-02 -6.080155631321751235e-03 3.929307209246062083e-02 -1.603658381486120291e-02 2.850033357172266236e-03 -5.255224140007341838e-03 5.206847589302697477e-04 9.611238030900694142e-04 3.361431464433651921e-03 -7.401251587819961293e-03 1.060349339957619708e-03 -1.211589206326057523e-02 -9.279828600359193297e-03 1.525369846706277344e-02 -4.892514867193506825e-03 6.477298972745645575e-03 -4.102233242909155558e-02 -2.551267152161747209e-02 -7.429346581219167800e-02 -7.298887727989256113e-03 -6.377469946703500508e-03 -6.926865037902567735e-04 4.346071112003393327e-02 1.239625137100340037e-02 -7.594926656313101196e-04 -3.217093364268078237e-03 1.777288829348882019e-03 3.586665670368158199e-02 -4.012045023365481966e-03 -7.150028363767607295e-03 5.150824243271137637e-03 8.190616648917490444e-03 -6.360604737890867178e-05 8.709481665414426504e-03 2.303368508943361061e-03 8.366083885098679618e-02 7.913073592414266583e-03 1.572757899168696766e-02 6.117640323836081792e-03 -6.533671329679872387e-03 -1.001798596659464989e-02 1.367968586993456755e-02 -9.715056965893949584e-03 1.971594293190466821e-02 1.122347348411181257e-02 6.266887136315828222e-02 3.460444210078394370e-03 4.297499756951472794e-02 -2.082951485862777948e-03 -1.263522040111627123e-03 4.550808527513980350e-03 1.065454549520535726e-02 -8.926700715782352746e-03 -1.387152158185179888e-02 -3.907955001325401009e-03 -1.028601101421876829e-01 1.757266556049377759e-02 2.251612489156697150e-02 -3.959342441820126041e-02 3.740229379326048820e-02 2.200162574452817904e-02 -1.611275665530050461e-03
0.000000000000000000e+00 0.000000000000000000e+00 0.000000000000000000e+00 0.000000000000000000e+00 1.654261292541064665e-05 -2.970221970504768232e-04 -1.373652679562812652e-04 1.911343065905707784e-04 -4.400107317646877007e-04 -8.765275402014657997e-06 -1.054986775722064002e-03 3.887020694576370631e-04 3.689378704125478728e-04 -5.189514550416497859e-04 -1.292864876282942381e-05 5.917906227168488135e-04 9.114134147103921356e-04 2.654987559481576664e-04 -8.020162916038886189e-04 -9.302121243768830643e-04 5.093832942159313201e-04 -9.005486749485801592e-03 -2.924452508616308486e-04 5.730424319134749898e-04 3.336623869597725792e-04 5.918860842726282546e-05 -6.578255289538995727e-04 -8.526548544251252686e-04 1.002168074779732649e-03 9.533606718630053276e-06 -1.203593907387730472e-03 3.660665524629589133e-04 -2.543052947886040348e-04 1.782988662992692321e-03 3.772609374956840868e-05 -9.355698275962778853e-04 1.239356650818676346e-03 2.379399395622048500e-03 1.144445785928722504e-03 -9.407639278187997570e-03 7.658953814673715235e-04 1.412964363098156203e-03 1.206447439777844598e-03 4.362532266184489943e-03 0.000000000000000000e+00 0.000000000000000000e+00 2.120220861905839640e-04 -1.235753296328885933e-04 -1.796304957246229201e-03 2.262790551914703810e-03 -4.500498608320343988e-04 -3.779345418056735857e-03 -2.047292177330195181e-02 5.981813760519087697e-03 9.896778347500848148e-04 1.606583533893746023e-03 -6.078475785877365421e-05 5.199322947148378969e-04 9.830087502642247208e-04 -1.038680553496935249e-02 -4.694066860585714707e-02 1.274564717891533971e-02 2.322985091431102773e-03 -4.045307173316657623e-03 2.710618686661125237e-04 -2.438788131935867506e-03 1.148810500631069868e-02 1.848556376946740645e-03 -7.390260815195942926e-03 1.859780640992311426e-03 -1.035264680301961832e-03 2.039429233321470806e-03 1.119930709928788209e-02 2.415870239812247834e-03 3.182250720252270335e-03 -4.447179772946232082e-03 -2.864180924679511912e-04 1.080000220032574856e-03 -1.689269249186576725e-03 8.140679686368845931e-04 5.467603675798493471e-04 -4.220152039256446636e-03 3.567916925071623006e-03 1.381279019887366941e-03 4.782299741999417909e-03 2.229237643436298832e-03 8.460056784562751441e-04 1.046204717398785747e-02 -1.584447734209352976e-02 5.144394499924090890e-03 -8.582234393099356234e-04 1.909063942635761887e-03 6.317214183990263812e-04 -4.244534963366591689e-03 -3.178070101531279765e-03 -5.671520636199976371e-04 4.249402040226192816e-04 6.110203047278298279e-03 6.018980526523253979e-03 6.526964962696437875e-04 -5.180640669117110055e-03 6.920038513669985770e-03 1.168320518704023606e-02 -6.085085818766109225e-03 -6.268555985346497411e-03 -4.418924614577172429e-03 3.320804316668550873e-03 -2.869741994083476432e-03 5.286561053986038247e-03 6.933292180414761660e-04 -1.087011872411722084e-02 3.460444210078085590e-03 1.467693936769299753e-02 -2.843844674830100974e-03 -2.141618883076375560e-04 2.182574760572420208e-03 -9.643620467642531353e-05 2.924049211975030590e-03 -1.306057890770919057e-03 7.148578529075097152e-03 2.416411132908099710e-03 -3.358403511171884070e-02 4.914627237322333198e-03 -8.982345772776879900e-03 -6.239392866960798579e-04 -4.362987825646672153e-03 2.856096791873517088e-03 -1.388196550357765485e-02
0.000000000000000000e+00 0.000000000000000000e+00 0.000000000000000000e+00 0.000000000000000000e+00 6.200232759737818412e-04 1.603840748168775020e-03 1.316202086914195065e-03 5.143899335482665473e-03 4.262212715541367943e-03 -1.428560670469249724e-03 8.596573615451363198e-03 1.213306839148843574e-02 2.934582532137232965e-03 -9.040061834717194947e-03 -1.297413993888589349e-03 9.154209860698403131e-03 -2.154747763277272375e-03 -1.934523518251623315e-03 -7.857009821553342585e-03 -1.661700284627158544e-03 -3.093794659276489709e-03 -5.128885888576100588e-02 1.514966699605744833e-03 1.246381801389448690e-03 -4.673400876463575625e-03 8.077538673872459996e-03 5.070138520550568871e-04 -6.533015166848445306e-03 4.967157670908182131e-03 4.734773659320795289e-03 -7.685333749156871008e-03 5.834562016395447234e-03 -1.031445516740734378e-03 9.566275061831861631e-03 -4.423821683622459729e-04 3.219410181490271403e-03 -8.553006575035828132e-03 3.157554938805628205e-03 -1.688509558674222699e-03 -8.636276740002935687e-03 -1.711004278143440568e-02 7.270974593937724884e-03 -3.153514991591784868e-03 1.122710429816783061e-02 0.000000000000000000e+00 0.000000000000000000e+00 4.072633280519220682e-03 -2.898894269581046845e-02 -8.319533235720377728e-03 1.427437673384173225e-03 -8.113673111459749482e-03 -1.270493133665022770e-02 -5.691546445811805910e-01 8.976353757149703461e-03 8.435575175906305859e-03 1.499409727198234730e-03 -2.677672693798734474e-03 -1.139639288005156979e-02 3.445632448488753744e-04 8.394661009130176960e-03 -5.654100171408036474e-02 1.930463816152361073e-03 1.828465235114195425e-02 -5.231999608419563019e-02 1.213671918446906786e-04 -3.029842210186184468e-03 -2.382824913155179997e-02 -6.135666763908957481e-03 -1.389553626396648062e-02 6.362764903189078352e-04 2.313309163830077481e-03 9.076961682196578451e-03 1.224637916553193012e-02 2.527445351297596607e-03 1.992994421538058641e-02 -2.095759665657881063e-02 9.041398885096590607e-04 -2.437496820653137566e-02 -1.554827425572422907e-02 2.538572182039560560e-02 -2.299848420213856069e-03 3.336150650748433144e-02 -1.647002222042986963e-02 -4.179705974141555147e-02 -4.895118570831601124e-02 -1.590857638689646691e-02 -1.315089092119852560e-02 1.838591453765485786e-02 2.621336382429645048e-02 1.393051179655871614e-02 -2.954066885056443915e-03 -5.632425706815353574e-03 6.185272020108092614e-03 3.691439327615281263e-02 -1.823855714901732742e-03 2.064962995999113093e-04 -1.955400364652494331e-03 -3.216912228475580192e-03 -1.517319311809133507e-02 -3.655493719193705568e-03 1.259943427556314312e-02 6.183454367290211473e-02 -1.479495973682290770e-04 2.717696237857273461e-02 9.143467069078078935e-03 6.368999682899036119e-03 -6.216515748807740355e-03 1.624010520923664658e-02 -2.006091136119915116e-02 1.509593719416440008e-02 2.845713284419865499e-02 4.297499756952356115e-02 -2.843844674828242651e-03 7.845317107215182828e-02 -4.112411227378794457e-03 -4.645549688085093254e-04 2.713790064467912991e-03 1.079681432072585219e-02 -1.338861577432712106e-02 -2.024127981265829920e-02 -1.772428871015127236e-02 -2.106918835270384649e-01 2.895128326930272375e-02 2.937866746862450099e-02 -4.456269537171167472e-02 1.640554743629048240e-02 3.938870320290921434e-02 2.274629422158787762e-03
0.000000000000000000e+00 0.000000000000000000e+00 0.000000000000000000e+00 0.000000000000000000e+00 -9.680239407927909592e-05 -2.943235956345513190e-04 -2.356021198066750094e-04 -9.863527131918545503e-04 -8.072066796810223842e-04 2.225454908390721233e-04 -1.034570969775435150e-03 -1.982713752773165514e-03 -4.977525917200867345e-04 1.841739284466639270e-03 4.934665330260633049e-04 -1.581441159422614920e-03 -3.289341442891685770e-04 9.262875715285233229e-06 2.291033328766419949e-03 2.836101407812610014e-04 6.758235853266293799e-04 1.120070128018207066e-02 -6.773196976547504961e-04 -4.189868350629718857e-04 7.774206025624048324e-04 -1.447273848805824244e-03 1.579223998499499270e-04 1.790576333029108517e-03 -7.941124968229003409e-04 -8.205717337079409483e-04 1.672795877203600698e-03 -1.086458675572258940e-03 2.232876504607754031e-04 -1.408760356644615103e-03 3.477646014802310590e-05 -5.985086577348433523e-04 9.827505422169741274e-04 -1.263773742651357664e-03 3.361943575037393945e-04 2.015419194328854288e-03 2.053901631624120098e-03 -1.423909953554181908e-03 -2.198724639619858805e-04 -2.931962852207169179e-03 0.000000000000000000e+00 0.000000000000000000e+00 -1.235504916967289542e-03 3.221745476539387629e-03 2.403514469514929364e-03 2.828262986328032927e-04 1.637903133970917491e-03 4.725309899506917322e-03 1.110728437081029835e-01 -4.551200969740957711e-03 -4.028284876725897966e-04 6.895298420385350671e-04 1.556499903234527570e-03 1.773427632841875637e-03 -1.061715768854009506e-03 3.898963117108788894e-03 3.996846191755075439e-02 -8.125075918320316323e-03 -2.753097539542827439e-04 1.274975045738958347e-02 3.853088861914107520e-06 3.137438004310443701e-03 2.076352521784023599e-03 6.411206811790320318e-05 1.405895452849729999e-02 -2.232496193876970948e-03 3.649567640932185409e-04 -4.584664772877541927e-03 -6.624735568984193614e-03 4.607125265573746914e-04 -2.790765951817074982e-03 7.922068883133140393e-03 4.980251984868745360e-04 5.166431496074894679e-03 2.927283774299147077e-03 -4.831629793867421932e-03 -4.609297367801791891e-04 -2.553733625572488647e-03 -3.868892340980096232e-03 7.458852686586823176e-03 -4.445717547831190206e-03 2.405232789069234201e-03 3.506603342378660643e-03 1.051661580403426624e-02 4.010920972437571723e-03 8.103734373620641827e-04 6.435469619685862171e-04 7.847731558498330416e-04 -6.692346375588990089e-04 -8.825331273047615829e-04 1.298149715441803635e-03 3.526877017554363872e-04 4.489441582944822887e-04 6.183197767635858393e-04 1.422366701503376433e-03 1.076832665892867762e-03 -1.453028577536076126e-03 -2.847044002329205802e-03 6.945072724181938209e-04 -1.023065323486609763e-03 1.310160947713284469e-03 -3.378658712786293951e-04 -5.031295195231539350e-04 -3.428401798817278575e-05 1.125569188967577789e-03 -1.166833767015147834e-04 -2.684502922088697133e-03 -2.082951485864006132e-03 -2.141618883077836251e-04 -4.112411227379035583e-03 1.557208445061770887e-03 2.561269990086509438e-04 6.740272641189673682e-04 -1.349869040908624213e-03 2.197941589722566483e-03 1.749377379867770796e-03 3.080861300172764525e-03 2.249677018231982517e-02 -3.320116510475300611e-03 -1.571360835394608902e-03 3.402774038547699657e-03 1.818583159433288104e-03 -3.348329887648246721e-03 2.006634394168200011e-06
0.000000000000000000e+00 0.000000000000000000e+00 0.000000000000000000e+00 0.000000000000000000e+00 2.074339320211895985e-06 3.064767993681656523e-04 4.995181913251120682e-05 5.911745178009541069e-04 7.813743163651813836e-04 6.839238794944891902e-04 1.387168977437310382e-03 -6.386960393147622867e-04 -4.046283256534330690e-04 6.333360241521545286e-04 7.148447848944300105e-04 -2.197258321510638644e-04 -1.937524087007911440e-03 -5.219588191298910789e-04 4.176397756252326482e-03 8.975946636621934911e-04 3.919639553034792267e-04 1.050820327185878617e-02 -1.590456444981230540e-03 -5.550778771069843581e-05 -5.171886377880117710e-04 4.164455705082373196e-04 7.351764741388270869e-04 8.018044390650700369e-04 -9.359339296718026608e-04 5.847785383669141905e-04 1.259465189551598353e-03 -4.534469224340559323e-04 2.549635128171635489e-04 -9.599816323544530037e-05 9.450915397356546429e-05 5.408291486147657524e-07 3.077170862759627794e-03 -1.221212466432301151e-03 -7.307405816649379087e-04 1.066323944441854247e-03 2.366640054833973016e-03 -5.730644823170566015e-04 7.316078638372990051e-04 -2.519701694367636798e-03 0.000000000000000000e+00 0.000000000000000000e+00 4.493642581080956630e-04 -1.946053493144452029e-03 -4.376859066745705947e-04 2.228451675974368277e-03 -6.678125548643655497e-05 7.601638347418339728e-03 8.234351746493406149e-03 -2.818350088773492312e-03 6.436547925540016084e-04 -2.024377564385251588e-03 -5.652873624748465083e-04 2.196963564887292452e-03 4.308964426725336145e-04 -5.343981129954080735e-03 -1.111713238693659393e-02 9.022033943030426800e-03 2.071664045478011085e-03 -2.904009991151864940e-03 7.560817512481521471e-05 -1.868414056364978973e-03 2.769909332178024323e-03 1.451526832781045370e-03 -7.006981288941469509e-03 5.275995391440172280e-03 -7.682048772617821849e-04 4.402731814669948694e-03 3.002539491913917401e-03 -2.759615121688276627e-03 2.753739107137390379e-03 -2.597474201370982179e-03 -1.134534915851097628e-03 2.482670392958069485e-03 1.898523024927144818e-03 -4.956816705911361006e-04 9.262173333943523939e-04 2.531328169810072477e-04 5.348001496942460936e-03 6.959622110689111900e-03 7.875224460290439557e-03 -3.938526930498680197e-04 -6.554625354072189658e-03 -1.128629509772480439e-03 -7.525722784454657796e-03 -8.442198876237642056e-04 -7.000310027521685491e-04 3.367238458049790200e-03 4.697716059259059249e-04 -2.727085122843127350e-03 -7.120224965145372561e-04 2.812020128832462204e-03 -5.889861101982795939e-05 9.899206354610488347e-04 5.035348531531448450e-04 -1.363880804040284696e-03 -2.471629843261899837e-05 -2.617682808385721725e-03 1.230887540653753708e-03 -1.088837336890211309e-03 -1.696639114385638117e-03 1.805683977567290556e-03 4.344551178871587887e-04 8.718258049191798201e-04 2.157914848568701560e-04 -1.645229131192561161e-03 -9.972297078732058825e-04 -1.263522040111420908e-03 2.182574760572311787e-03 -4.645549688073008737e-04 2.561269990084352418e-04 5.657414530464447908e-03 -1.031275412536362610e-04 -1.642538910386711574e-03 -1.310349512433551687e-03 5.930831277447728110e-03 1.342638000709760215e-04 1.505297031053908201e-03 9.297338740870802684e-03 -4.717374643497408010e-03 -1.162532859877948117e-03 -5.667569367822115553e-03 1.721577276896868458e-03 -5.521517177521718771e-03
0.000000000000000000e+00 0.000000000000000000e+00 0.000000000000000000e+00 0.000000000000000000e+00 1.290799173574806030e-04 5.111698115682221421e-04 7.477241002363854477e-05 1.951663153632631810e-04 9.294709763297210117e-04 5.546631141051660153e-04 3.573134416458229393e-03 1.514270788256072246e-03 -1.205722489306514523e-04 8.211539851067193186e-04 1.046952610145028767e-03 1.623104216678731811e-04 -3.210377595512741919e-03 -8.357919062504690988e-04 4.653458225192762948e-03 1.282434719581066005e-03 -1.114819028906921961e-05 1.301012301311320341e-02 -1.450055846582279980e-03 6.671587102597730315e-04 -6.133251465390794415e-04 1.072816179447313870e-03 1.137905932752368652e-03 1.822168304801676181e-03 -4.325600063118575770e-04 9.623331655173462517e-04 2.204887276080696925e-03 2.540614899527568926e-04 9.100759031981212098e-05 4.368169455598224166e-04 4.411178081463302766e-05 1.343721189539190094e-03 2.675538040145771998e-03 -2.991314583042437806e-03 -6.977295116729350473e-04 -8.656271124897604516e-05 1.840127661376237192e-03 -1.459600204459417846e-03 3.639066998218113899e-06 -3.065613700118691339e-03 0.000000000000000000e+00 0.000000000000000000e+00 -2.307779186848352582e-03 1.306332251678213536e-03 -1.655517859341332915e-03 3.440548610586405091e-05 1.384733586191052050e-03 2.291274878716460101e-02 1.197456334395140681e-01 -2.559474664864844901e-02 2.132133245151969503e-03 6.554863240200206045e-04 -4.824895080097045693e-04 2.501068291412497386e-03 -1.926992277843168812e-03 2.382841628182255991e-02 5.455435787231749378e-02 -4.157491889813707403e-02 -1.565187029494351191e-03 2.273569061283599313e-02 4.786251562739425635e-04 -4.942840602891080369e-03 -6.993060609268072353e-03 4.124527274211156613e-03 4.767963315767215909e-02 -2.057095248487468119e-03 1.982725318842743726e-03 -4.031970999301092567e-03 -9.260168690454154833e-03 -9.612254853900239343e-03 -6.797101197331495599e-03 1.180533349566779792e-02 -3.935998375149272121e-04 8.844058649343721715e-06 1.212719297353882959e-03 5.332661766636751302e-04 -5.115736509790686946e-04 2.619834086652355135e-03 2.034304623656247538e-03 -3.823127041644787394e-03 -5.645309683400683530e-03 1.152894673673326769e-03 4.387925520667835221e-03 -4.179071783870863532e-03 9.022560959785342130e-03 -2.956336778478748858e-03 3.650260929459501558e-04 3.584276417769828235e-04 6.220611462760240956e-04 1.100388571459681719e-02 -5.513239969752803740e-04 7.994033903579990613e-05 3.391571800965154787e-04 6.884219804409747595e-04 2.748806027448249742e-03 3.630269310821802528e-03 -8.459280350751529828e-04 9.664136751701080108e-03 2.578506656222061006e-03 2.583402513928807114e-04 2.884258095445794284e-03 -1.995346531698422108e-03 -2.149875936122912137e-03 3.166678372208861850e-03 -8.356711185081625547e-04 2.529572942344096315e-03 1.367121683661735735e-03 4.550808527510219470e-03 -9.643620467630198553e-05 2.713790064462467261e-03 6.740272641194346593e-04 -1.031275412535347254e-04 6.190007340569959361e-03 -7.172475184947366654e-03 3.224026695128389482e-04 -1.922351594260931574e-03 4.388281909905779148e-03 -1.171879883740850788e-02 2.462093303906956292e-03 5.762314027875720113e-03 -5.509760164519726016e-04 1.698812699555462755e-02 -1.839394864318659450e-03 -4.462996727395683073e-03
0.000000000000000000e+00 0.000000000000000000e+00 0.000000000000000000e+00 0.000000000000000000e+00 2.195567590981310703e-04 -8.761236644047048919e-04 -1.878307063171648806e-04 1.778414096843322287e-04 -1.206644389813300768e-03 -2.443165155609971703e-04 -2.079004684873752944e-03 -2.775470218894186131e-04 1.536484907126428080e-03 -3.554367292039527226e-03 -9.103698961876887947e-04 6.587882452133412073e-03 6.005967075303148342e-03 -4.394504941508765514e-03 -8.263814665461527431e-03 -6.495403852195918287e-03 -3.220962728060091339e-04 -3.872124289136012754e-02 9.659251757433342384e-04 -3.214584640263723481e-03 4.546825590232199486e-04 8.757967695110478474e-04 -5.341553400116994844e-04 -3.981382839200219188e-03 5.376650104877705658e-03 -3.668694062958492057e-04 -6.612927744627333966e-03 2.515931547825338375e-03 -4.214081626131067513e-04 1.793994448616162765e-02 -8.091038796559361273e-04 1.150501790313437911e-04 -1.485778209389652417e-02 5.895140827879083098e-03 3.071721473099642274e-05 -7.223709895403062492e-03 -1.941652399166870005e-02 3.014361582879443186e-03 -1.106156261407335341e-02 6.540213993088749705e-03 0.000000000000000000e+00 0.000000000000000000e+00 4.759883289972012890e-03 -7.240697505195478265e-03 -5.849015851559578871e-03 5.976049204376906662e-03 -2.931190061618860372e-03 -1.847687111364120643e-02 -2.472649707069365932e-01 2.207891754714832316e-02 -2.242140346696935155e-03 3.297949941541643802e-03 3.371678442355306379e-03 -8.990891842646087442e-03 1.066019051297690135e-03 -1.620467519362335865e-02 -6.702631650422814780e-02 2.599512129255882043e-02 -9.254983649634096129e-03 -2.698088584256291486e-02 3.547579107858067236e-04 6.236256344681884514e-03 1.571515262370245213e-03 1.447864940663214778e-02 3.625897743325494360e-03 -1.804046091121068451e-02 -1.096413623688679770e-03 3.094669282228743393e-03 2.799549157976397029e-02 1.094203577655656831e-02 6.189528914282507906e-03 -2.026178774343542766e-02 9.826796031147300072e-04 -2.920568087217675912e-03 -5.614663706075446147e-03 6.177149772180518146e-03 -7.768273642689844504e-04 -1.192732993739181388e-03 -1.310258034585894474e-02 -2.291786900866458771e-03 -2.314144955866753381e-02 -6.034773025091009352e-03 -2.556232622614301991e-04 -7.035807663219185992e-03 -1.028725616531837687e-02 4.156387141441109795e-03 -2.610111728541859681e-03 -3.901859781585055500e-03 1.250894452636299239e-02 -1.718291002575680904e-02 3.463918370096837149e-03 -3.964333475649004131e-03 -1.129606580977046216e-03 4.678070023602946305e-03 -1.149251403585064071e-02 -1.012559425620113834e-02 4.248000884391455942e-03 8.618459535712611613e-03 -9.164277047289190112e-03 3.830206959674268500e-03 -1.733784959145933183e-04 3.930939272334123616e-03 -2.029946074903386799e-03 -3.410659544212540396e-04 -9.594996928805764672e-03 1.613890867467156903e-03 8.071779027555922234e-03 1.065454549520760547e-02 2.924049211974929542e-03 1.079681432072919847e-02 -1.349869040908662594e-03 -1.642538910386979589e-03 -7.172475184947782988e-03 9.294294620533673223e-02 -4.778372970275590256e-03 3.034448144498559739e-03 -1.348560547390538315e-02 -1.902231652785308091e-01 -1.434346072645720791e-03 -1.186376406882322376e-02 -5.711390979147567062e-03 5.981379282567134831e-03 1.568981661265352739e-02 -7.883066761664196329e-03
0.000000000000000000e+00 0.000000000000000000e+00 0.000000000000000000e+00 0.000000000000000000e+00 -2.756164136465592916e-04 -9.467859766106800305e-04 -6.405393356201041647e-04 -2.855659281815461133e-03 -2.430424036606244551e-03 5.720871982843938816e-04 -3.801030903993355380e-03 -5.421877382201829507e-03 -1.199307997149194529e-03 4.262090814944463103e-03 6.244223996187828543e-04 -3.795956642109476770e-03 1.149255922281576482e-03 1.557022221173394623e-04 2.822983796505793876e-03 2.645066509358961863e-04 1.636420327081296484e-03 2.149820653461535086e-02 -5.503828461988468637e-04 -1.140639807974789437e-03 2.413949497307357490e-03 -3.777101954007514202e-03 -2.294649111156639508e-04 3.406156655327921296e-03 -1.722901660278594593e-03 -2.279373533969111451e-03 3.685958637427167502e-03 -2.639681481698505361e-03 4.731750215036289509e-04 -3.708222528615956297e-03 5.311669941642302309e-05 -1.037944534563770916e-03 5.298261803800235863e-04 -1.925998517315772630e-03 2.263578389959383826e-03 5.958414008425517647e-03 3.714114830869857421e-03 -4.208365881388244877e-03 -9.559881527270316058e-04 -6.244171923244249030e-03 0.000000000000000000e+00 0.000000000000000000e+00 -2.849691253805462874e-03 1.521973092165869110e-02 5.331626429059895152e-03 -1.629534922654045153e-04 3.916009242152976300e-03 1.260299048370056539e-02 2.759210920896801866e-01 -1.622547445318775483e-02 -1.089300242938234494e-03 4.639876047030738922e-03 3.374928796510492674e-03 2.077214264849063224e-03 -3.167145935945503941e-03 -1.197759144762637487e-03 1.129253207840151263e-01 -1.191788651478829959e-02 -3.246076728262082232e-03 3.157306250864692215e-02 2.391124282021925458e-04 7.718353480809513577e-03 1.420440549733405049e-02 -3.106535054216669894e-03 2.398200945170519613e-02 -6.091897464374494350e-03 9.550099599746884362e-04 -2.021269797200014179e-02 -1.726650533777274871e-02 8.418274443411500121e-03 -1.175030107082264928e-02 1.973415800738691911e-02 9.406020245456758397e-04 1.065202696994738130e-02 7.223395613867526766e-03 -1.197543062266106205e-02 -1.816620771844766830e-03 -7.185699371583566253e-03 -2.186250827690625759e-02 9.914789399902463815e-03 -1.796579060021687851e-02 4.378782819220670801e-03 1.288601256995108510e-02 4.313381924836809378e-02 1.221136052059752439e-02 4.425833881981140576e-03 1.798215500036278803e-03 4.595850180307883544e-05 -3.209467706279243125e-03 -2.764720342988229856e-03 2.814604386998984138e-03 -9.874956290036615656e-04 1.102404740684660928e-03 7.394870098190286633e-04 2.275239509173506824e-03 3.876870337803425565e-03 -2.257562913461113457e-03 -8.001151611433672539e-03 5.239396791841232888e-05 -3.261236459107847915e-03 2.293385284657114935e-03 4.401343136985277503e-05 -2.404569315537227487e-03 -5.077813559116437642e-03 3.705258885661835873e-03 -1.851357652513016148e-03 -4.000332366197188565e-03 -8.926700715784207166e-03 -1.306057890771468314e-03 -1.338861577432580961e-02 2.197941589722472375e-03 -1.310349512433214066e-03 3.224026695112750408e-04 -4.778372970275076778e-03 1.181082052578362115e-02 -2.183642779313360767e-03 1.135298963514364858e-02 6.252510270640139478e-02 -3.707048027353242181e-02 1.805845456742433087e-03 2.671790511915793365e-02 2.352264660252438577e-02 -1.840837727919200986e-02 8.284465065818770110e-03
0.000000000000000000e+00 0.000000000000000000e+00 0.000000000000000000e+00 0.000000000000000000e+00 -2.022479720070346652e-04 -3.571010249127341699e-04 -2.389961766681754504e-04 -1.457805715892436862e-04 -1.663678763524655858e-04 4.790540875470071036e-04 -1.945860078207909977e-03 -3.655011391340888191e-03 -7.069132010111853302e-04 7.752345701593484160e-04 -4.379522832806222914e-04 -3.695445804471096836e-03 1.895255696547667405e-03 3.741956658753261850e-03 -3.459193257021944690e-05 2.305317231051848097e-03 7.102849807913895561e-04 -6.090699601391618562e-03 1.416651574561128384e-05 2.741251888786949090e-03 8.409083969159179047e-04 -1.109250009632744682e-03 -7.704281322479111663e-04 -1.023722241027710074e-03 -1.901674761330315530e-03 -7.901132540501772192e-04 1.315917608250411191e-03 -1.405727557075168391e-03 7.184164082446305253e-05 -1.960030833345542504e-03 4.115878911088390502e-04 -2.468283678830111415e-03 7.702595939829781288e-03 2.973587016136754451e-03 -1.504568715373796623e-03 9.122694592324322171e-03 7.927668637228534390e-03 5.351028002413424356e-03 6.395425530462180846e-03 2.988326254880017616e-03 0.000000000000000000e+00 0.000000000000000000e+00 2.209865842743121041e-03 -7.219749700619697806e-03 2.508208133677973257e-03 3.639302676890062739e-03 1.130111761887429497e-03 -8.335904096962070201e-03 8.112361291235740957e-02 1.848140017437147065e-02 -9.207519325185233722e-04 -8.323332029697670664e-03 1.864076288262340097e-04 6.904863147861128522e-03 2.632339066365844277e-03 -1.240965083619129453e-02 -8.224784570802806671e-02 2.660245054437129081e-02 2.676105709735413039e-03 -8.050516030538606982e-03 -9.451876165125265789e-04 -4.605624213104814180e-03 9.469851469641049624e-04 6.466596894819989609e-03 -5.834311426264635059e-02 9.897302949339778846e-03 -2.968505255379822946e-03 1.339099826920485750e-02 1.665215109246760694e-02 -2.524150799378838475e-03 7.357486736387541110e-03 -7.229011806060878231e-03 -6.874218249368876975e-04 7.173579198760889931e-03 3.301465911588915853e-03 -3.704539701469686773e-03 5.009792475121175800e-03 -9.468522514756599374e-04 4.458442655632501722e-02 2.511900745103352872e-02 6.954641571478105411e-02 -3.208981224489109232e-03 -1.417558754526574566e-02 -2.553460716188342070e-02 -3.789913463616301215e-02 -1.561087183880848286e-02 -6.316341804673557443e-04 6.913272413179264060e-03 4.572890759750179897e-04 -2.815742484343402435e-02 -1.716639430249998445e-03 7.617131400884161012e-03 -2.050524953230486915e-03 -1.326218640348989864e-03 6.435386575633749405e-03 -5.871035038550316727e-03 -3.752893359132203344e-03 -2.406377576579152300e-02 5.629386249231116759e-03 -1.246144509014776754e-02 -1.234577156006398495e-02 -2.757053473946613487e-03 1.233182862230229951e-02 -4.222526832607124622e-03 1.282834387918113141e-02 -4.485061377188041473e-03 -1.878837635323326108e-02 -1.387152158185163235e-02 7.148578529073518553e-03 -2.024127981265017029e-02 1.749377379866656670e-03 5.930831277447735916e-03 -1.922351594263398567e-03 3.034448144498208891e-03 -2.183642779315151435e-03 3.922217334203545458e-02 -5.697067311730497421e-04 -1.000632581622064310e-02 2.085457426771724146e-02 -4.413944867591743093e-02 1.472044297903662285e-03 -5.362957252571333433e-02 -4.182828341459037674e-03 -3.303316335859449171e-02
0.000000000000000000e+00 0.000000000000000000e+00 0.000000000000000000e+00 0.000000000000000000e+00 -2.252102452835055499e-04 -9.406688911576100267e-04 -8.647995190564965401e-04 -3.109043705282399893e-03 -3.472648264478403642e-03 1.075505178443157640e-03 -2.248153337734512362e-03 -5.352947688368263693e-03 -1.191867225319327749e-03 6.048679744334180611e-03 2.694403020879992776e-03 -3.918699396359126390e-03 -2.312515193734404617e-03 -1.934141400550613409e-03 9.770175578094165286e-03 6.171289793710510452e-04 2.506084448581036468e-03 4.825403186733112637e-02 -3.167099784110033456e-03 -2.278382618555486148e-03 3.050506489293034612e-03 -3.897366958953855758e-03 7.654544087351954768e-04 6.229735271703054286e-03 -9.789756548303687328e-04 -1.976323274410019763e-03 6.021476210843183623e-03 -3.062154521668748221e-03 7.896597930013509554e-04 -4.675869191014855875e-03 9.155992837102836326e-05 -4.773976222791109000e-04 4.547153208881505801e-03 -5.297478809838962813e-03 2.128653726746812785e-03 -7.848659027753302278e-03 7.860175577801185864e-03 -9.341732354773398320e-03 -5.101134300486797994e-04 -1.134862429912860717e-02 0.000000000000000000e+00 0.000000000000000000e+00 -9.347572150742724031e-03 3.105078376204615381e-02 2.994090005384727419e-03 4.480360870252757081e-03 6.898219300307858147e-03 5.198340894263744905e-02 5.306625559912099277e-01 -6.104216346597898107e-02 1.499459525116282133e-03 1.312703467995285367e-02 1.922628341143523163e-03 5.828214177242120250e-03 -6.584379519610390752e-03 -4.677265393766304505e-04 2.071323039411191169e-01 -3.206424861265607523e-02 -8.481501076937363395e-03 7.506124629507840429e-02 1.748490272301147889e-03 1.092654950524875844e-02 3.266422179654799446e-02 -2.758367377380893312e-03 9.363703875354605077e-02 -1.764584474134610337e-02 2.163616871229319741e-03 -4.535198502756079830e-02 -2.910470621417393308e-02 2.173189007368185946e-02 -2.888412812013018902e-02 4.751923538952430859e-02 4.238177576592046334e-04 1.597496849861627932e-02 9.428332200545279373e-03 -1.479716193692666784e-02 -4.012078359661537183e-03 -2.574371881754035363e-02 -4.015554003147262657e-02 4.663496600151171212e-04 -3.473253934833272355e-02 1.980283709553464638e-02 3.676958003832247329e-02 1.296390777105478065e-01 2.261420199899006125e-02 2.369161292804965874e-02 3.294988804911251363e-03 2.336293176268324509e-04 -5.964746080134567321e-03 4.371119828589000930e-03 2.715749770081321785e-04 -6.250944781960533249e-03 2.534126634435342629e-03 9.144695735837605685e-03 1.210892556250395963e-02 1.338490598281882014e-02 -4.398098195738499652e-03 -6.852299758426435433e-03 8.014804182970165433e-03 -5.943503088164086429e-03 3.419366017152019460e-03 -1.147034889678445919e-02 -5.426457900143671388e-03 -1.346510788277345549e-02 7.578849684559735636e-03 3.095155868037565913e-03 -4.276609954437500180e-03 -3.907955001330125529e-03 2.416411132906608715e-03 -1.772428871015458568e-02 3.080861300172523399e-03 1.342638000708331236e-04 4.388281909902870016e-03 -1.348560547390123543e-02 1.135298963514520983e-02 -5.697067311693517454e-04 4.879366256334268653e-02 5.644867428402392667e-02 -4.504906825781938157e-02 3.162653425246163448e-03 3.121516699872152467e-02 5.602725747384482147e-02 -2.024319993795279174e-02 8.035205295423456656e-03
0.000000000000000000e+00 0.000000000000000000e+00 0.000000000000000000e+00 0.000000000000000000e+00 -2.844541564724046082e-03 -1.902472501327540783e-03 -2.971439264891799232e-03 -1.511014968268062017e-02 -1.828233270170608049e-02 -5.798365621337102632e-04 -3.209448030539517605e-02 -4.750462467988819659e-02 -1.320762449631169080e-02 4.044698117166402318e-02 9.401989331630462160e-03 -7.115707398258995509e-02 -1.248929154305146449e-02 3.612747179298830130e-02 5.439066115224359260e-02 4.249628394168365741e-02 2.600508505744909132e-03 3.343170577049122683e-01 -1.772986149989531912e-03 2.583539464551503836e-02 1.834228734921439924e-02 -3.211070659182718723e-02 -3.773766950085806482e-04 2.249218006412366522e-02 -3.271576422594005967e-02 -1.987047065257863121e-02 4.111014504462841279e-02 -2.864669799251852444e-02 5.959460381889299455e-03 -8.932818840036504948e-02 5.147524388629134626e-03 -1.341586312734650670e-02 9.309695661458024241e-02 -1.899585969958080683e-02 4.264572712809597266e-03 8.534785148042230152e-02 1.397624144221963349e-01 -2.737725705728864811e-02 6.902475873659411065e-02 -3.953801542330628166e-02 0.000000000000000000e+00 0.000000000000000000e+00 -2.766599517248208989e-02 1.054499680483456103e-01 8.724524615615600331e-02 -2.106765872544867635e-02 4.594427910980096452e-02 -9.038274892248668313e-02 3.172749491643900299e+00 9.826884532799377847e-02 -3.325790453786817147e-02 -2.743391333701098236e-02 2.511192705339025319e-02 5.005298501745468476e-02 -2.923992994754717224e-03 -1.319150907140977380e-01 3.930257597719808427e-01 1.997414545230773719e-01 -4.083924052402114480e-02 4.004576169874133479e-02 -3.916343185714588754e-03 1.251740482602426985e-01 5.616706403521361246e-02 -9.836095553784227064e-02 -3.360621385335776923e-02 -1.661191450847937512e-02 -1.162264910612787090e-02 -8.700710969224310920e-02 -9.762989038700221889e-02 9.359694973027306297e-02 -4.992695315759509977e-02 3.719090791151763442e-02 1.275385831402138341e-02 9.153221309981501852e-02 6.573079446125111580e-02 -1.090184813901139693e-01 -6.086026861089411169e-03 -9.735973715971833753e-02 -2.361556644481979939e-01 8.165119525882526264e-02 4.102818144788022980e-03 7.075165476686333388e-02 4.643406230919870648e-02 5.216813607102063766e-02 1.176930277675680009e-01 4.093450898128407622e-02 2.627890304751703821e-02 1.192259340613512075e-02 -6.033547254286197176e-02 -3.526646649210619933e-02 4.825750950935268208e-03 4.745502225066727808e-03 5.145063491790302646e-02 2.996624501785948025e-02 6.524602343934748916e-02 4.789167236818751838e-02 -4.836007909275037014e-02 -1.977083952038546089e-01 1.642453440771292350e-02 -4.692991124007399317e-02 -7.335278375229445369e-03 -2.959862508021395000e-02 -6.080223188299158088e-02 -5.220244536685937631e-02 6.671473013529741203e-02 -2.469888257736986559e-02 -1.073214208428923122e-01 -1.028601101422399883e-01 -3.358403511172668165e-02 -2.106918835270393253e-01 2.249677018232061620e-02 1.505297031063347266e-03 -1.171879883742214801e-02 -1.902231652785329463e-01 6.252510270640185275e-02 -1.000632581618357553e-02 5.644867428400688475e-02 3.708873194995955913e+00 -9.139584643711294587e-02 5.914516214612502987e-03 1.141417457934895408e-01 -7.793901686394703876e-02 -1.390000315600202485e-01 2.061725217659330367e-01
0.000000000000000000e+00 0.000000000000000000e+00 0.000000000000000000e+00 0.000000000000000000e+00 7.500647217155514100e-04 3.972693801030317828e-03 2.102680076622295748e-03 8.172800359286894537e-03 9.717621354603338951e-03 -4.671041265949068448e-04 1.580208153046683967e-02 1.380106336445387390e-02 1.743167045102197695e-03 -9.127883528221058737e-03 5.753168127099479289e-05 8.692094251149487527e-03 -8.955781510974210324e-03 -2.175039411130555954e-03 4.201348861072798715e-03 2.451900829346857595e-03 -3.716747318476583493e-03 -2.404638808513635817e-02 -2.450298454274100601e-03 2.944534387775252834e-03 -8.617424332605910092e-03 1.056114044402547796e-02 3.427084671335837128e-03 -5.294584604497582815e-03 2.951745845171564004e-04 7.054520173118541092e-03 -4.966074376247084712e-03 5.861055465411026989e-03 -5.298423211817740886e-04 7.200279392275490270e-03 1.821756715291064340e-04 1.255553454447619474e-03 1.120839317510510282e-02 1.199787688185981411e-03 -8.894513225102242127e-03 2.424905407885986040e-03 -2.680374969096009728e-03 1.209480977732122625e-02 5.284903396689625242e-03 1.018558295337597223e-02 0.000000000000000000e+00 0.000000000000000000e+00 1.024575159490202433e-02 -5.992678440791874422e-02 -8.425928392321618832e-03 -3.416180764771490491e-03 -9.919019955048383533e-03 -3.952223013528426837e-02 -7.281378070322505058e-01 6.065951389008222144e-02 -5.345578462364890433e-04 -3.145806014968254016e-02 -9.066299942053658925e-03 5.236079888286285060e-03 1.152938141972806481e-02 2.709943604337700443e-02 -3.856664090685844593e-01 2.180510011837401632e-02 2.343144975926950493e-03 -9.733728846726263928e-02 -1.820118195638714773e-03 -2.690420579291319045e-02 -7.018339025021973210e-02 1.626163382070499458e-02 -5.189523339595200624e-02 2.264833034248319235e-02 -4.217724728588525401e-03 7.558642054041062042e-02 5.334158355291178377e-02 -3.300728426650411523e-02 3.275530728883089410e-02 -4.659507539635636408e-02 -3.117116743507487419e-03 -2.537279795293019904e-02 -1.376019641905433868e-02 2.991362478384163720e-02 7.805605451677233991e-03 2.958790170941348607e-02 1.083973714284127421e-01 -1.071238491883605773e-02 9.850641209044440350e-02 -1.993152842096042668e-02 -5.224632951390063840e-02 -2.105154821273798882e-01 -4.398328296856997971e-02 -2.691115934344372879e-02 -5.204932787169278333e-03 4.080880580228667467e-03 1.459697111231216329e-02 5.881300311795015483e-04 -6.565898467939926091e-03 1.281822231636163198e-02 -7.277645542366879827e-03 -6.368683630543744804e-03 1.316111671051697950e-03 -1.180259906313958773e-02 2.553441423153418599e-03 1.275163620413190431e-02 3.511021279247206108e-03 1.798708577419604309e-03 -7.999255302225484476e-03 1.490462932252698556e-03 1.406446447946818959e-02 1.727846251087193294e-02 7.201347077367307526e-04 -1.953282595239927855e-03 1.008868279634640209e-04 1.757266556049335779e-02 4.914627237324717575e-03 2.895128326929508056e-02 -3.320116510474764582e-03 9.297338740871054219e-03 2.462093303911701628e-03 -1.434346072650343395e-03 -3.707048027353264386e-02 2.085457426771613818e-02 -4.504906825781095081e-02 -9.139584643712743428e-02 1.777233860039304503e-01 -1.861776169298953384e-02 -9.251779781078721399e-02 -1.129193584386620625e-01 5.467072675220004119e-02 -4.344775714979479120e-02
0.000000000000000000e+00 0.000000000000000000e+00 0.000000000000000000e+00 0.000000000000000000e+00 3.527081324399022780e-04 1.278411849458297887e-03 4.670846615410642676e-04 2.013647262170977555e-03 1.768813396431918915e-03 -2.130831972644576231e-04 6.330384384998319347e-03 6.028144526746793790e-03 7.493277748583577515e-04 -1.391010978386664470e-03 9.942193982570516481e-04 4.169414849264134471e-03 -5.525495435499460338e-03 -3.207193123203494391e-03 2.707513183121686151e-03 -4.093371670125731110e-04 -1.382532084945131559e-03 1.708928348066368272e-02 -4.476924334951386253e-04 -1.721213713156397301e-03 -2.194066876425899461e-03 2.981598519871637726e-03 1.897517897126744027e-03 1.633564245092280131e-03 1.657736937324677876e-03 2.159038258832320870e-03 2.946475400457697000e-05 2.307148546092798770e-03 -1.947734587022943286e-05 2.103637027106420622e-03 -3.750590955920150588e-04 5.249823999627798755e-03 -5.587932147692249371e-03 -6.600616250262035176e-03 -7.178589610264607054e-05 -1.274889979111502869e-02 -5.445031073822303655e-03 -7.639936067774950532e-03 -5.763472067889319553e-03 -7.311067335157208497e-03 0.000000000000000000e+00 0.000000000000000000e+00 -4.222791498780550760e-03 6.145132167168599474e-03 -3.372637778815174622e-03 -1.055604988200891043e-03 -1.108865849718303643e-03 3.077182612527990663e-02 -5.916134583121957641e-02 -4.247015030190090523e-02 3.404770943789383556e-03 1.071255501762147753e-02 -4.104159069469415916e-03 -3.831905712633763231e-03 -4.733419799737320632e-03 1.847230266292453765e-02 1.574838429343624058e-01 -4.375178361068694094e-02 -1.339507888947119672e-03 1.724261229284599489e-02 1.496963115176433738e-03 6.198887254111379655e-03 -9.890852962239326737e-03 -3.663606720446681286e-03 1.021010033217560897e-01 -1.584050228813688871e-02 4.900731831889290277e-03 -1.868311699005635249e-02 -2.992752953736066077e-02 -2.457461599793535779e-03 -1.109704925964449286e-02 1.302867496810580783e-02 -2.245904517929666342e-04 -9.281545066113172648e-03 -3.198064157228993308e-03 7.621696790828828491e-03 -5.931595999599673444e-03 5.719303994359802197e-03 -5.245364262205629707e-02 -2.425923147050045373e-02 -8.261936403875030921e-02 4.676293665280737387e-03 1.318469089609248905e-02 3.340957697057596321e-02 5.254567135202103945e-02 1.656080323855809583e-02 1.018033277498606127e-03 -6.208720817499967931e-03 -2.695371366068871621e-03 4.610837208175584678e-02 4.457032716790710431e-04 -4.484272509084433547e-03 4.584126867512330200e-03 -2.198575911663240047e-03 -5.924005070342787567e-03 9.487145234959564605e-03 3.836993599799751881e-03 4.050082457411961073e-02 -4.600103803559491000e-03 1.614970860479362710e-02 1.516446408966252990e-02 6.739083833723276060e-03 -1.439738718944493304e-02 1.114587229003022144e-02 -1.335452637176811480e-02 9.284061600838293751e-03 2.335440017616951039e-02 2.251612489156601740e-02 -8.982345772775285689e-03 2.937866746861424530e-02 -1.571360835393303089e-03 -4.717374643497538982e-03 5.762314027878865166e-03 -1.186376406882309366e-02 1.805845456744187977e-03 -4.413944867591695215e-02 3.162653425251266137e-03 5.914516214653560422e-03 -1.861776169298919731e-02 6.649942457119213668e-02 -6.532514497208938634e-03 7.330723491233236133e-02 6.180563277904478105e-03 3.748567967319939992e-02
0.000000000000000000e+00 0.000000000000000000e+00 0.000000000000000000e+00 0.000000000000000000e+00 -5.707668769882975239e-04 -2.140652098643366745e-03 -1.571613954139286376e-03 -5.622522488260324122e-03 -5.649809118444102177e-03 2.061416288824645567e-03 -8.773905684874816827e-03 -1.263540326276169426e-02 -2.609949312130765541e-03 9.720290452023435529e-03 1.931019545336001581e-03 -7.666096492117960813e-03 2.444532378883757830e-03 -8.612896161007211129e-04 7.683693492653961149e-03 5.100429092263683963e-04 3.599594434028779728e-03 4.471645951641937261e-02 -2.251644540747476438e-03 -2.901134160408181187e-03 5.576580405769934398e-03 -7.777723016928644525e-03 -4.636792776195311407e-04 7.073628477636848683e-03 -3.128818757001203699e-03 -4.470525719442909260e-03 7.955946067771630520e-03 -5.888596250745145415e-03 1.097799550530652530e-03 -6.087855074179937022e-03 1.295875454618266036e-04 -2.928218113760052820e-03 4.144702459420755020e-03 -2.898474367278984411e-03 4.919110255773540344e-03 2.048145087553640553e-02 8.037971028365453741e-03 -8.201195352059710911e-03 -2.247786343953220387e-03 -1.257333534850869038e-02 0.000000000000000000e+00 0.000000000000000000e+00 -4.126086975510035761e-03 4.087452788554987032e-02 7.041025618604909719e-03 -2.433079472562368895e-03 8.055192253527874990e-03 3.976039109013330963e-02 5.944669929263487473e-01 -4.664595612173913497e-02 -1.878120274265405142e-03 1.113027462192881130e-02 4.182635746922139242e-03 5.284273995459319063e-03 -4.294548714935001420e-03 -2.174883625141075388e-02 1.793066589080488382e-01 -6.075220769134128881e-03 -1.644608576072096109e-02 4.809173573567914611e-02 1.184402317548611302e-03 -2.185990443666114983e-04 3.976145246172283626e-02 9.248943855711422865e-04 7.059660523918875885e-02 -6.636154531406591051e-04 -5.088241043155445438e-04 -3.727547216460443819e-02 -2.567006222345573352e-02 1.050029503384980988e-02 -2.746260981186052219e-02 1.764252275271083192e-02 -3.016630881768212879e-04 2.129881201123921819e-02 1.656046695956035764e-02 -2.670496604537597740e-02 -1.228536630032588074e-03 -2.510388191763325214e-02 -3.650386518032726346e-02 1.707275232975483115e-02 5.016756170006164348e-04 2.072511600217910241e-02 2.331855300777657680e-02 1.465249382989119720e-01 -8.739746216370180079e-03 9.754807819970070029e-03 3.401946922668493568e-03 3.398047038048306653e-03 -3.781751995981299033e-03 -2.739603093531484818e-02 3.193113454084537794e-03 -2.240034786309063990e-03 2.077459996065054472e-03 1.665567506709661385e-03 8.826866780404347967e-03 5.129858745435368107e-03 -2.720473262676126238e-03 -4.150657212715691546e-02 -1.327209059657589833e-03 -1.531697168339118953e-02 -2.781407909808405327e-03 -2.333002482365716633e-03 -1.161740017362234128e-03 -1.734063729054667602e-02 1.239082957535112169e-02 -9.239546139119671903e-03 -7.926991337153806161e-03 -3.959342441820440373e-02 -6.239392866971091994e-04 -4.456269537170751832e-02 3.402774038547151485e-03 -1.162532859877592932e-03 -5.509760164565150834e-04 -5.711390979144224250e-03 2.671790511915818692e-02 1.472044297907350741e-03 3.121516699871743072e-02 1.141417457934858631e-01 -9.251779781079071119e-02 -6.532514497212173893e-03 9.305054263534712211e-02 4.991270383183697007e-02 -4.596438328614499413e-02 1.257379236139714689e-02
0.000000000000000000e+00 0.000000000000000000e+00 0.000000000000000000e+00 0.000000000000000000e+00 2.519914475383895061e-04 -1.123064311166356956e-04 -8.070976481335014052e-04 -2.392505870475572331e-03 -1.422635764122279342e-03 3.255975615225087817e-03 6.969981577452648291e-03 -8.281631322951592353e-04 -6.319673792359683552e-04 6.421648094867564611e-03 3.917467889901428586e-03 3.969077663339321514e-03 -6.914857610539331713e-03 -9.704047952267673069e-03 1.231733377165581886e-02 -1.995289186845514238e-03 2.854075105022552475e-03 5.046624321798451329e-02 -4.803076398390493211e-03 -7.335979195631168667e-03 1.131211940771205317e-03 3.983740538521235029e-04 3.846338557721788384e-03 9.123153500831699195e-03 1.754235067476194376e-03 1.556403686340344407e-03 7.902269325337147807e-03 -1.441856074852374990e-03 8.794612778307229475e-04 7.646257616546850086e-03 -7.460681509612776714e-04 7.124352109855808073e-03 -9.092270818806078014e-03 -1.316701873702375361e-02 3.923190642536205676e-03 -1.098631594133290222e-02 -9.815422394094495614e-03 -1.859191659004618205e-02 -1.460979562943656197e-02 -2.450903098046267742e-02 0.000000000000000000e+00 0.000000000000000000e+00 -1.520832687732694838e-02 5.427518611335603593e-02 -8.409577367305834730e-03 7.421893435270936201e-03 9.664480724993960298e-03 1.245472712878158972e-01 7.653386962588939468e-01 -1.513508472935691795e-01 1.183675631860321882e-02 3.652294258766862478e-02 1.788082306699683528e-03 2.541178339933050732e-03 -1.670486257613707295e-02 6.092444413287703003e-02 5.140503731095712459e-01 -1.778894838838634418e-01 -2.322223390288859560e-02 1.364098082875433715e-01 4.783836264279307283e-03 1.637916686900887930e-02 1.525962736409566811e-02 -9.230882093077905776e-04 3.355991557426549754e-01 -4.512208631775232320e-02 1.100280913136669411e-02 -8.219906529211275237e-02 -6.627758099495970057e-02 -5.053674362716794287e-03 -5.834368226563096949e-02 5.019144633853183518e-02 3.383134624614865570e-04 1.103069875382148811e-02 9.633523433089426907e-03 -8.920475939644035082e-03 -1.433138249998823846e-02 -1.323356134762193083e-02 -1.315510515011991954e-01 -1.644287434964249520e-02 -1.906581954973145532e-01 7.008479346965163816e-03 3.991065853354518189e-02 1.465583021775904438e-01 1.166789704046470449e-01 3.180894591715663355e-02 3.438507729445657458e-03 -7.208249619415972413e-03 -1.128669606528616751e-04 5.114416084266459189e-02 4.009491373479579304e-03 -1.682499782529790766e-02 6.952353120570647742e-03 1.365604621373082625e-02 4.633180251334008924e-03 2.786578401291146465e-02 3.386686794800457083e-03 7.552431639904814975e-02 8.777037020635695746e-04 1.293585172070932029e-02 2.678152064836893803e-02 -4.992662055922885388e-03 -2.688812360696499204e-02 4.710866513244606722e-03 -1.177727088413156771e-02 1.743572452711856721e-02 3.973522559524853004e-02 3.740229379324651326e-02 -4.362987825646686899e-03 1.640554743626444767e-02 1.818583159436464383e-03 -5.667569367822481580e-03 1.698812699555520347e-02 5.981379282575586404e-03 2.352264660253417655e-02 -5.362957252570167699e-02 5.602725747385475102e-02 -7.793901686381675409e-02 -1.129193584386821297e-01 7.330723491232027378e-02 4.991270383185914677e-02 2.723199213841085986e-01 -2.813867095292785225e-02 3.446875959220088020e-02
0.000000000000000000e+00 0.000000000000000000e+00 0.000000000000000000e+00 0.000000000000000000e+00 4.061002776247434574e-04 1.873624757059894758e-03 1.185100624045707816e-03 6.096757454122784040e-03 5.276005517079112445e-03 -1.139666695523967475e-04 8.071289990815518761e-03 7.831531721550023806e-03 1.570597246392182881e-03 -6.865150831611453730e-03 -6.930516221199744349e-04 5.526153813571437444e-03 -2.651569619244598195e-03 7.152166642490111192e-04 -2.175349981235287066e-03 1.292726499260959516e-03 -2.155021526677559224e-03 -3.714351560913971978e-02 -7.858718292115070194e-04 3.680126082917269982e-03 -4.817036535151497136e-03 7.135184996769217657e-03 1.141738994885500586e-03 -5.472600827143256005e-03 1.592030544572084396e-03 4.649505025622537903e-03 -5.229570155178961920e-03 3.953892787514185457e-03 -5.018548165997829477e-04 8.166646427327015414e-03 9.136460715351694441e-05 -3.196754912096239250e-05 4.032438743858965911e-03 4.840941198217714458e-03 -3.587754508190795291e-03 2.000185566500907626e-03 -5.004284399172328340e-03 1.068992409228230328e-02 3.978022445194362607e-03 1.209811898805824779e-02 0.000000000000000000e+00 0.000000000000000000e+00 7.303189513023513289e-03 -2.572429117188988063e-02 -6.334269336852875465e-03 2.656622948505558794e-03 -7.742209047708427383e-03 -2.904102836833895307e-02 -5.789978884034979734e-01 3.627074639315309990e-02 1.526876783821762415e-03 -4.729985795334474413e-03 -3.809121818913153816e-03 -6.337011147178015467e-03 4.685794657735291649e-03 -2.554522845221151098e-02 -1.636049496158830385e-01 6.107642687840562912e-02 1.217450362620215755e-02 -8.494725861742466466e-02 -3.160031906602244552e-04 -2.310144235261841344e-03 -2.885236858770323654e-02 -4.103548429798121837e-04 -1.650807061710387810e-02 4.386564425198377290e-03 -2.261257628821668371e-03 2.332254064419527276e-02 3.028466429577413715e-02 7.320372488239423187e-03 2.504234238779977709e-02 -4.768428048347726766e-02 -4.880738586908215195e-04 -1.709840202230626313e-02 -1.004386776908376341e-02 2.052405012766613662e-02 4.570551895457786434e-04 2.046324250362593911e-02 1.090952092632583442e-02 -2.233194091132523207e-02 -5.816820462864113681e-03 -1.340060181892531455e-02 -1.789120832525372892e-02 -5.178772496718501289e-02 -7.252120975800394401e-03 1.376483350704519855e-03 -3.128732921943437779e-03 -1.537334881416293261e-03 6.262265988020948408e-03 1.111135824329149112e-02 -3.029765980607773170e-03 3.799245086992727397e-03 -1.192812691732467872e-03 1.815610794345666229e-04 -7.346631299798419765e-03 -1.020587366122028931e-02 3.617031753914271008e-03 2.852875793362722942e-02 -1.598627131847319013e-04 9.932870423050497305e-03 -1.904224361869604528e-03 6.237871387928052395e-03 2.649997244656808124e-03 6.784123883922953471e-03 -9.093705764995923049e-03 3.485549023596603083e-03 8.379850962287258009e-03 2.200162574453660286e-02 2.856096791875212780e-03 3.938870320291252419e-02 -3.348329887648660019e-03 1.721577276895839550e-03 -1.839394864315036481e-03 1.568981661265087674e-02 -1.840837727919435868e-02 -4.182828341465007725e-03 -2.024319993795103620e-02 -1.390000315600268821e-01 5.467072675220730621e-02 6.180563277911824659e-03 -4.596438328615106567e-02 -2.813867095290987705e-02 4.687414588963862566e-02 -4.371933456384784721e-03
0.000000000000000000e+00 0.000000000000000000e+00 0.000000000000000000e+00 0.000000000000000000e+00 -2.412281149197648546e-04 -1.493000157990389404e-04 -8.966600420585882445e-05 -1.145288794081163403e-03 -5.673852518723399366e-04 5.362971641478933354e-04 -2.385491543576943440e-03 -4.069997698319777549e-03 -1.376776897963622208e-03 2.761032004192093790e-03 -3.102362322200723568e-04 -3.838254019336374227e-03 2.710200875702482165e-04 1.892939692233261981e-03 4.348891540617051688e-04 2.111742441827393034e-03 -3.107589957331924682e-05 2.219403576196806935e-02 7.911380668584157630e-04 7.670911508096934193e-04 7.100254316516404086e-04 -2.104328811240017798e-03 1.265988742168936559e-04 2.340098249422889118e-03 -2.903118760915575011e-03 -1.119464445058029195e-03 2.539671130580768710e-03 -1.817552046675714782e-03 6.169095935512006060e-04 -4.997285719817608912e-03 -6.457111422044086065e-06 5.995926559795960835e-04 -3.240911901051031496e-03 -2.965562666985260137e-03 8.463838196826984836e-04 1.143483808035438386e-02 3.050334248189612990e-03 -4.839515927373016016e-03 -2.374423647009887145e-03 -6.855357923658767817e-03 0.000000000000000000e+00 0.000000000000000000e+00 -1.884043270040365679e-03 1.904649954995018060e-02 6.744735077917424215e-03 3.906113720225931965e-04 7.754986443037852452e-04 -8.140054347678150892e-04 1.962108645381183125e-02 -5.512013119889627374e-03 -3.157149308327484357e-03 1.025154285298819114e-02 1.389736291101488757e-03 -1.929247154376833402e-03 -3.071231459497917801e-03 -4.929589518827517253e-02 1.285993964650850030e-01 6.704946336326850220e-02 6.653750417018740662e-03 -1.415962654340315909e-02 2.863946383588617385e-04 3.210867389443791686e-02 1.811675240647132520e-02 -2.080834919239202621e-02 -1.345890699845891936e-03 -1.740648702633692743e-02 8.448429206874886500e-06 -2.981200185033842931e-02 -2.079603942412174347e-02 3.678141797175506905e-02 -3.403221283205938412e-03 7.035949550402406487e-03 1.140669549947936554e-03 4.839963273172124755e-03 6.138513341420921005e-03 -7.012603428088145727e-03 -6.544694811393149056e-03 -1.105561475122876502e-02 -7.162945583515356596e-02 -9.029089548227727663e-03 -7.829183520292115617e-02 7.732593838060360970e-03 2.409535655751068178e-02 9.680846119505132075e-02 5.682627299535340099e-02 4.229190807722789380e-02 2.580424682380841502e-03 -3.914223127778470625e-03 -8.818533024391735087e-03 1.648007776183111825e-02 2.651008057139476147e-03 -2.082867079065360994e-03 5.375883063932634064e-03 -8.132847902111214194e-05 -2.682923688806082303e-03 1.513791225161460665e-03 1.202417410373959753e-03 -4.641260591983850312e-03 -6.130716629717098375e-03 1.074565040920895734e-02 7.223115318648953148e-03 7.967868056031949392e-03 -9.061426076541534425e-03 -7.661951493345630151e-03 -6.004213289651115157e-03 -4.575937111176223149e-03 6.646965999519921162e-03 -1.611275665526746247e-03 -1.388196550357601727e-02 2.274629422160468709e-03 2.006634394019447473e-06 -5.521517177521403918e-03 -4.462996727394173864e-03 -7.883066761666387284e-03 8.284465065817168961e-03 -3.303316335859692032e-02 8.035205295424684840e-03 2.061725217659311493e-01 -4.344775714978726944e-02 3.748567967320317468e-02 1.257379236139359417e-02 3.446875959220585539e-02 -4.371933456383087294e-03 7.992475460782241803e-02
