========== NODE / ENVIRONMENT INFO ==========
DATE          : Tue Jul  7 08:39:04 PM CEST 2026
HOSTNAME      : b9pgpun216.cern.ch
PWD           : /afs/cern.ch/work/h/hwen/public/pwa/auto-init/Jobs/scan_phipipi_20260707_063800/001_add_NR_pipi_0
FIT SCRIPT    : fit_witherr_fs.py
INIT PARAMS   : init_params.json
INIT STATUS   : not found, will use random initial parameters
PYTHON BIN    : /afs/cern.ch/work/h/hwen/public/conda/envs/tfpwa/bin/python3.12
YAML 1        : config_phipipi.yaml
YAML 2        : config_phikk.yaml
CONFIG ARG    : config_phipipi.yaml,config_phikk.yaml
TOTAL_SAME    : false
LOOP          : 5
MAXITER       : 50000

---------- CPU INFO ----------
CPU(s):                                  16
On-line CPU(s) list:                     0-15
Model name:                              Intel(R) Xeon(R) Platinum 8468
Thread(s) per core:                      1
Core(s) per socket:                      1
Socket(s):                               16
NUMA node0 CPU(s):                       0-15

---------- MEMORY INFO ----------
               total        used        free      shared  buff/cache   available
Mem:            37Gi       4.7Gi       8.7Gi       4.0Mi        25Gi        33Gi
Swap:           39Gi       443Mi        38Gi

---------- GPU / CUDA INFO ----------
CUDA_VISIBLE_DEVICES: MIG-d45fadbf-c6ce-5c67-9d4a-ad7b653528a5
CONDOR GPUs        : MIG-d45fadbf-c6ce-5c67-9d4a-ad7b653528a5
[nvidia-smi -L]
GPU 0: NVIDIA H100L-2-24C (UUID: GPU-0fc22778-3abd-11f1-a3a7-cbad94c2f9bd)
  MIG 2g.24gb     Device  0: (UUID: MIG-d45fadbf-c6ce-5c67-9d4a-ad7b653528a5)

[nvidia-smi summary]
Tue Jul  7 20:39:04 2026       
+-----------------------------------------------------------------------------------------+
| NVIDIA-SMI 580.126.09             Driver Version: 580.126.09     CUDA Version: 13.0     |
+-----------------------------------------+------------------------+----------------------+
| GPU  Name                 Persistence-M | Bus-Id          Disp.A | Volatile Uncorr. ECC |
| Fan  Temp   Perf          Pwr:Usage/Cap |           Memory-Usage | GPU-Util  Compute M. |
|                                         |                        |               MIG M. |
|=========================================+========================+======================|
|   0  NVIDIA H100L-2-24C             On  |   00000000:06:00.0 Off |                   On |
| N/A   N/A    P0            N/A  /  N/A  |       1MiB /  24576MiB |     N/A      Default |
|                                         |                        |              Enabled |
+-----------------------------------------+------------------------+----------------------+

+-----------------------------------------------------------------------------------------+
| MIG devices:                                                                            |
+------------------+----------------------------------+-----------+-----------------------+
| GPU  GI  CI  MIG |              Shared Memory-Usage |        Vol|        Shared         |
|      ID  ID  Dev |                Shared BAR1-Usage | SM     Unc| CE ENC  DEC  OFA  JPG |
|                  |                                  |        ECC|                       |
|==================+==================================+===========+=======================|
|  0    0   0   0  |               1MiB / 21547MiB    | 32      0 |  2   0    2    0    2 |
|                  |               0MiB /  4096MiB    |           |                       |
+------------------+----------------------------------+-----------+-----------------------+

+-----------------------------------------------------------------------------------------+
| Processes:                                                                              |
|  GPU   GI   CI              PID   Type   Process name                        GPU Memory |
|        ID   ID                                                               Usage      |
|=========================================================================================|
|  No running processes found                                                             |
+-----------------------------------------------------------------------------------------+

---------- PYTHON / TF INFO ----------
PYTHON_BIN  : /afs/cern.ch/work/h/hwen/public/conda/envs/tfpwa/bin/python3.12
Python 3.12.13
Python exec: /afs/cern.ch/work/h/hwen/public/conda/envs/tfpwa/bin/python3.12
TensorFlow version: 2.21.0
TF visible GPUs: []
==============================================

========== START JOINT FIT (φhh) ==========
[INFO] load config: config_phipipi.yaml
variable range:  f0(980)_flatte_g_0  in  [0.0, None]
variable range:  f0(980)_flatte_g_1  in  [0.0, None]
variable range:  f2(1270)_flatte_g_0  in  [0.0, None]
variable range:  f2(1270)_flatte_g_1  in  [0.0, None]
variable range:  f0(1370)_flatte_g_0  in  [0.0, None]
variable range:  f0(1370)_flatte_g_1  in  [0.0, None]
variable range:  f2(1430)_flatte_g_0  in  [0.0, None]
variable range:  f2(1430)_flatte_g_1  in  [0.0, None]
variable range:  f0(1500)_flatte_g_0  in  [0.0, None]
variable range:  f0(1500)_flatte_g_1  in  [0.0, None]
variable range:  f0(1525)_flatte_g_0  in  [0.0, None]
variable range:  f0(1525)_flatte_g_1  in  [0.0, None]
variable range:  f0(1565)_flatte_g_0  in  [0.0, None]
variable range:  f0(1565)_flatte_g_1  in  [0.0, None]
variable range:  f0(1710)_flatte_g_0  in  [0.0, None]
variable range:  f0(1710)_flatte_g_1  in  [0.0, None]
same value: ['Jpsi->b1(1235)p.pimb1(1235)p->phi.pip_total_0i', 'Jpsi->b1(1235)m.pipb1(1235)m->phi.pim_total_0i']
same value: ['Jpsi->b1(1235)p.pim_g_ls_0i', 'Jpsi->b1(1235)m.pip_g_ls_0i']
same value: ['Jpsi->b1(1235)p.pim_g_ls_1i', 'Jpsi->b1(1235)m.pip_g_ls_1i']
same value: ['Jpsi->NR_0-_bp.pimNR_0-_bp->phi.pip_total_0i', 'Jpsi->NR_0-_bm.pipNR_0-_bm->phi.pim_total_0i']
same value: ['Jpsi->NR_0-_bp.pim_g_ls_0i', 'Jpsi->NR_0-_bm.pip_g_ls_0i']
same value: ['Jpsi->NR_0-_bp.pim_g_ls_1i', 'Jpsi->NR_0-_bm.pip_g_ls_1i']
same value: ['Jpsi->rho(1450)p.pimrho(1450)p->phi.pip_total_0i', 'Jpsi->rho(1450)m.piprho(1450)m->phi.pim_total_0i']
same value: ['Jpsi->rho(1450)p.pim_g_ls_0i', 'Jpsi->rho(1450)m.pip_g_ls_0i']
same value: ['Jpsi->rho(1450)p.pim_g_ls_1i', 'Jpsi->rho(1450)m.pip_g_ls_1i']
same value: ['Jpsi->rho(1570)p.pimrho(1570)p->phi.pip_total_0i', 'Jpsi->rho(1570)m.piprho(1570)m->phi.pim_total_0i']
same value: ['Jpsi->rho(1570)p.pim_g_ls_0i', 'Jpsi->rho(1570)m.pip_g_ls_0i']
same value: ['Jpsi->rho(1570)p.pim_g_ls_1i', 'Jpsi->rho(1570)m.pip_g_ls_1i']
same value: ['Jpsi->rho(1690)p.pimrho(1690)p->phi.pip_total_0i', 'Jpsi->rho(1690)m.piprho(1690)m->phi.pim_total_0i']
same value: ['Jpsi->rho(1690)p.pim_g_ls_0i', 'Jpsi->rho(1690)m.pip_g_ls_0i']
same value: ['Jpsi->rho(1690)p.pim_g_ls_1i', 'Jpsi->rho(1690)m.pip_g_ls_1i']
[INFO] load config: config_phikk.yaml
variable range:  f0(980)_flatte_g_0  in  [0.0, None]
variable range:  f0(980)_flatte_g_1  in  [0.0, None]
variable range:  f2(1270)_flatte_g_0  in  [0.0, None]
variable range:  f2(1270)_flatte_g_1  in  [0.0, None]
variable range:  f2(1430)_flatte_g_0  in  [0.0, None]
variable range:  f2(1430)_flatte_g_1  in  [0.0, None]
variable range:  f0(1370)_flatte_g_0  in  [0.0, None]
variable range:  f0(1370)_flatte_g_1  in  [0.0, None]
variable range:  f0(1500)_flatte_g_0  in  [0.0, None]
variable range:  f0(1500)_flatte_g_1  in  [0.0, None]
variable range:  f0(1525)_flatte_g_0  in  [0.0, None]
variable range:  f0(1525)_flatte_g_1  in  [0.0, None]
variable range:  f0(1565)_flatte_g_0  in  [0.0, None]
variable range:  f0(1565)_flatte_g_1  in  [0.0, None]
variable range:  f0(1710)_flatte_g_0  in  [0.0, None]
variable range:  f0(1710)_flatte_g_1  in  [0.0, None]
same value: ['Jpsi->K1(1400)p.kmK1(1400)p->phi.kp_total_0i', 'Jpsi->K1(1400)m.kpK1(1400)m->phi.km_total_0i']
same value: ['Jpsi->K1(1400)p.km_g_ls_0i', 'Jpsi->K1(1400)m.kp_g_ls_0i']
same value: ['Jpsi->K1(1400)p.km_g_ls_1i', 'Jpsi->K1(1400)m.kp_g_ls_1i']
same value: ['Jpsi->K1(1650)p.kmK1(1650)p->phi.kp_total_0i', 'Jpsi->K1(1650)m.kpK1(1650)m->phi.km_total_0i']
same value: ['Jpsi->K1(1650)p.km_g_ls_0i', 'Jpsi->K1(1650)m.kp_g_ls_0i']
same value: ['Jpsi->K1(1650)p.km_g_ls_1i', 'Jpsi->K1(1650)m.kp_g_ls_1i']
same value: ['Jpsi->K1(1680)p.kmK1(1680)p->phi.kp_total_0i', 'Jpsi->K1(1680)m.kpK1(1680)m->phi.km_total_0i']
same value: ['Jpsi->K1(1680)p.km_g_ls_0i', 'Jpsi->K1(1680)m.kp_g_ls_0i']
same value: ['Jpsi->K1(1680)p.km_g_ls_1i', 'Jpsi->K1(1680)m.kp_g_ls_1i']
same value: ['Jpsi->K0(1830)p.kmK0(1830)p->phi.kp_total_0i', 'Jpsi->K0(1830)m.kpK0(1830)m->phi.km_total_0i']
same value: ['Jpsi->K0(1950)p.kmK0(1950)p->phi.kp_total_0i', 'Jpsi->K0(1950)m.kpK0(1950)m->phi.km_total_0i']
same value: ['Jpsi->K2(1430)p.kmK2(1430)p->phi.kp_total_0i', 'Jpsi->K2(1430)m.kpK2(1430)m->phi.km_total_0i']
same value: ['Jpsi->K2(1430)p.km_g_ls_0i', 'Jpsi->K2(1430)m.kp_g_ls_0i']
same value: ['Jpsi->K2(1430)p.km_g_ls_1i', 'Jpsi->K2(1430)m.kp_g_ls_1i']
same value: ['Jpsi->K2(1580)p.kmK2(1580)p->phi.kp_total_0i', 'Jpsi->K2(1580)m.kpK2(1580)m->phi.km_total_0i']
same value: ['Jpsi->K2(1580)p.km_g_ls_0i', 'Jpsi->K2(1580)m.kp_g_ls_0i']
same value: ['Jpsi->K2(1580)p.km_g_ls_1i', 'Jpsi->K2(1580)m.kp_g_ls_1i']
same value: ['Jpsi->K2(1770)p.kmK2(1770)p->phi.kp_total_0i', 'Jpsi->K2(1770)m.kpK2(1770)m->phi.km_total_0i']
same value: ['Jpsi->K2(1770)p.km_g_ls_0i', 'Jpsi->K2(1770)m.kp_g_ls_0i']
same value: ['Jpsi->K2(1770)p.km_g_ls_1i', 'Jpsi->K2(1770)m.kp_g_ls_1i']
same value: ['Jpsi->K2(1820)p.kmK2(1820)p->phi.kp_total_0i', 'Jpsi->K2(1820)m.kpK2(1820)m->phi.km_total_0i']
same value: ['Jpsi->K2(1820)p.km_g_ls_0i', 'Jpsi->K2(1820)m.kp_g_ls_0i']
same value: ['Jpsi->K2(1820)p.km_g_ls_1i', 'Jpsi->K2(1820)m.kp_g_ls_1i']
same value: ['Jpsi->K2(1980)p.kmK2(1980)p->phi.kp_total_0i', 'Jpsi->K2(1980)m.kpK2(1980)m->phi.km_total_0i']
same value: ['Jpsi->K2(1980)p.km_g_ls_0i', 'Jpsi->K2(1980)m.kp_g_ls_0i']
same value: ['Jpsi->K2(1980)p.km_g_ls_1i', 'Jpsi->K2(1980)m.kp_g_ls_1i']
same value: ['Jpsi->K2(2250)p.kmK2(2250)p->phi.kp_total_0i', 'Jpsi->K2(2250)m.kpK2(2250)m->phi.km_total_0i']
same value: ['Jpsi->K2(2250)p.km_g_ls_0i', 'Jpsi->K2(2250)m.kp_g_ls_0i']
same value: ['Jpsi->K2(2250)p.km_g_ls_1i', 'Jpsi->K2(2250)m.kp_g_ls_1i']
same value: ['Jpsi->K3(1780)p.kmK3(1780)p->phi.kp_total_0i', 'Jpsi->K3(1780)m.kpK3(1780)m->phi.km_total_0i']
same value: ['Jpsi->K3(1780)p.km_g_ls_0i', 'Jpsi->K3(1780)m.kp_g_ls_0i']
same value: ['Jpsi->K3(1780)p.km_g_ls_1i', 'Jpsi->K3(1780)m.kp_g_ls_1i']
same value: ['Jpsi->K3(2320)p.kmK3(2320)p->phi.kp_total_0i', 'Jpsi->K3(2320)m.kpK3(2320)m->phi.km_total_0i']
same value: ['Jpsi->K3(2320)p.km_g_ls_0i', 'Jpsi->K3(2320)m.kp_g_ls_0i']
same value: ['Jpsi->K3(2320)p.km_g_ls_1i', 'Jpsi->K3(2320)m.kp_g_ls_1i']
[INFO] channel 0 number of params: 140
[INFO] channel 1 number of params: 205
[INFO] shared params: total=13 prod=8 flatte=7 other=2
[INFO] Flatte-coupling shared (real coupled-channel point):
    [flatte] Jpsi->phi.f0(980)_flatte_g_ls_0i
    [flatte] Jpsi->phi.f0(980)_flatte_g_ls_0r
    [flatte] Jpsi->phi.f0(980)_flatte_g_ls_1i
    [flatte] Jpsi->phi.f0(980)_flatte_g_ls_1r
    [flatte] f0(980)_flatte_g_0
    [flatte] f0(980)_flatte_g_1
    [flatte] f0(980)_flatte_mass
[INFO] build MultiConfig with total_same=False
variable range:  f0(980)_flatte_g_0  in  [0.0, None]
variable range:  f0(980)_flatte_g_1  in  [0.0, None]
variable range:  f2(1270)_flatte_g_0  in  [0.0, None]
variable range:  f2(1270)_flatte_g_1  in  [0.0, None]
variable range:  f0(1370)_flatte_g_0  in  [0.0, None]
variable range:  f0(1370)_flatte_g_1  in  [0.0, None]
variable range:  f2(1430)_flatte_g_0  in  [0.0, None]
variable range:  f2(1430)_flatte_g_1  in  [0.0, None]
variable range:  f0(1500)_flatte_g_0  in  [0.0, None]
variable range:  f0(1500)_flatte_g_1  in  [0.0, None]
variable range:  f0(1525)_flatte_g_0  in  [0.0, None]
variable range:  f0(1525)_flatte_g_1  in  [0.0, None]
variable range:  f0(1565)_flatte_g_0  in  [0.0, None]
variable range:  f0(1565)_flatte_g_1  in  [0.0, None]
variable range:  f0(1710)_flatte_g_0  in  [0.0, None]
variable range:  f0(1710)_flatte_g_1  in  [0.0, None]
same value: ['Jpsi->b1(1235)p.pimb1(1235)p->phi.pip_total_0i', 'Jpsi->b1(1235)m.pipb1(1235)m->phi.pim_total_0i']
same value: ['Jpsi->b1(1235)p.pim_g_ls_0i', 'Jpsi->b1(1235)m.pip_g_ls_0i']
same value: ['Jpsi->b1(1235)p.pim_g_ls_1i', 'Jpsi->b1(1235)m.pip_g_ls_1i']
same value: ['Jpsi->NR_0-_bp.pimNR_0-_bp->phi.pip_total_0i', 'Jpsi->NR_0-_bm.pipNR_0-_bm->phi.pim_total_0i']
same value: ['Jpsi->NR_0-_bp.pim_g_ls_0i', 'Jpsi->NR_0-_bm.pip_g_ls_0i']
same value: ['Jpsi->NR_0-_bp.pim_g_ls_1i', 'Jpsi->NR_0-_bm.pip_g_ls_1i']
same value: ['Jpsi->rho(1450)p.pimrho(1450)p->phi.pip_total_0i', 'Jpsi->rho(1450)m.piprho(1450)m->phi.pim_total_0i']
same value: ['Jpsi->rho(1450)p.pim_g_ls_0i', 'Jpsi->rho(1450)m.pip_g_ls_0i']
same value: ['Jpsi->rho(1450)p.pim_g_ls_1i', 'Jpsi->rho(1450)m.pip_g_ls_1i']
same value: ['Jpsi->rho(1570)p.pimrho(1570)p->phi.pip_total_0i', 'Jpsi->rho(1570)m.piprho(1570)m->phi.pim_total_0i']
same value: ['Jpsi->rho(1570)p.pim_g_ls_0i', 'Jpsi->rho(1570)m.pip_g_ls_0i']
same value: ['Jpsi->rho(1570)p.pim_g_ls_1i', 'Jpsi->rho(1570)m.pip_g_ls_1i']
same value: ['Jpsi->rho(1690)p.pimrho(1690)p->phi.pip_total_0i', 'Jpsi->rho(1690)m.piprho(1690)m->phi.pim_total_0i']
same value: ['Jpsi->rho(1690)p.pim_g_ls_0i', 'Jpsi->rho(1690)m.pip_g_ls_0i']
same value: ['Jpsi->rho(1690)p.pim_g_ls_1i', 'Jpsi->rho(1690)m.pip_g_ls_1i']
variable range:  f0(980)_flatte_g_0  in  [0.0, None]
variable range:  f0(980)_flatte_g_1  in  [0.0, None]
variable range:  f2(1270)_flatte_g_0  in  [0.0, None]
variable range:  f2(1270)_flatte_g_1  in  [0.0, None]
variable range:  f2(1430)_flatte_g_0  in  [0.0, None]
variable range:  f2(1430)_flatte_g_1  in  [0.0, None]
variable range:  f0(1370)_flatte_g_0  in  [0.0, None]
variable range:  f0(1370)_flatte_g_1  in  [0.0, None]
variable range:  f0(1500)_flatte_g_0  in  [0.0, None]
variable range:  f0(1500)_flatte_g_1  in  [0.0, None]
variable range:  f0(1525)_flatte_g_0  in  [0.0, None]
variable range:  f0(1525)_flatte_g_1  in  [0.0, None]
variable range:  f0(1565)_flatte_g_0  in  [0.0, None]
variable range:  f0(1565)_flatte_g_1  in  [0.0, None]
variable range:  f0(1710)_flatte_g_0  in  [0.0, None]
variable range:  f0(1710)_flatte_g_1  in  [0.0, None]
same value: ['Jpsi->K1(1400)p.kmK1(1400)p->phi.kp_total_0i', 'Jpsi->K1(1400)m.kpK1(1400)m->phi.km_total_0i']
same value: ['Jpsi->K1(1400)p.km_g_ls_0i', 'Jpsi->K1(1400)m.kp_g_ls_0i']
same value: ['Jpsi->K1(1400)p.km_g_ls_1i', 'Jpsi->K1(1400)m.kp_g_ls_1i']
same value: ['Jpsi->K1(1650)p.kmK1(1650)p->phi.kp_total_0i', 'Jpsi->K1(1650)m.kpK1(1650)m->phi.km_total_0i']
same value: ['Jpsi->K1(1650)p.km_g_ls_0i', 'Jpsi->K1(1650)m.kp_g_ls_0i']
same value: ['Jpsi->K1(1650)p.km_g_ls_1i', 'Jpsi->K1(1650)m.kp_g_ls_1i']
same value: ['Jpsi->K1(1680)p.kmK1(1680)p->phi.kp_total_0i', 'Jpsi->K1(1680)m.kpK1(1680)m->phi.km_total_0i']
same value: ['Jpsi->K1(1680)p.km_g_ls_0i', 'Jpsi->K1(1680)m.kp_g_ls_0i']
same value: ['Jpsi->K1(1680)p.km_g_ls_1i', 'Jpsi->K1(1680)m.kp_g_ls_1i']
same value: ['Jpsi->K0(1830)p.kmK0(1830)p->phi.kp_total_0i', 'Jpsi->K0(1830)m.kpK0(1830)m->phi.km_total_0i']
same value: ['Jpsi->K0(1950)p.kmK0(1950)p->phi.kp_total_0i', 'Jpsi->K0(1950)m.kpK0(1950)m->phi.km_total_0i']
same value: ['Jpsi->K2(1430)p.kmK2(1430)p->phi.kp_total_0i', 'Jpsi->K2(1430)m.kpK2(1430)m->phi.km_total_0i']
same value: ['Jpsi->K2(1430)p.km_g_ls_0i', 'Jpsi->K2(1430)m.kp_g_ls_0i']
same value: ['Jpsi->K2(1430)p.km_g_ls_1i', 'Jpsi->K2(1430)m.kp_g_ls_1i']
same value: ['Jpsi->K2(1580)p.kmK2(1580)p->phi.kp_total_0i', 'Jpsi->K2(1580)m.kpK2(1580)m->phi.km_total_0i']
same value: ['Jpsi->K2(1580)p.km_g_ls_0i', 'Jpsi->K2(1580)m.kp_g_ls_0i']
same value: ['Jpsi->K2(1580)p.km_g_ls_1i', 'Jpsi->K2(1580)m.kp_g_ls_1i']
same value: ['Jpsi->K2(1770)p.kmK2(1770)p->phi.kp_total_0i', 'Jpsi->K2(1770)m.kpK2(1770)m->phi.km_total_0i']
same value: ['Jpsi->K2(1770)p.km_g_ls_0i', 'Jpsi->K2(1770)m.kp_g_ls_0i']
same value: ['Jpsi->K2(1770)p.km_g_ls_1i', 'Jpsi->K2(1770)m.kp_g_ls_1i']
same value: ['Jpsi->K2(1820)p.kmK2(1820)p->phi.kp_total_0i', 'Jpsi->K2(1820)m.kpK2(1820)m->phi.km_total_0i']
same value: ['Jpsi->K2(1820)p.km_g_ls_0i', 'Jpsi->K2(1820)m.kp_g_ls_0i']
same value: ['Jpsi->K2(1820)p.km_g_ls_1i', 'Jpsi->K2(1820)m.kp_g_ls_1i']
same value: ['Jpsi->K2(1980)p.kmK2(1980)p->phi.kp_total_0i', 'Jpsi->K2(1980)m.kpK2(1980)m->phi.km_total_0i']
same value: ['Jpsi->K2(1980)p.km_g_ls_0i', 'Jpsi->K2(1980)m.kp_g_ls_0i']
same value: ['Jpsi->K2(1980)p.km_g_ls_1i', 'Jpsi->K2(1980)m.kp_g_ls_1i']
same value: ['Jpsi->K2(2250)p.kmK2(2250)p->phi.kp_total_0i', 'Jpsi->K2(2250)m.kpK2(2250)m->phi.km_total_0i']
same value: ['Jpsi->K2(2250)p.km_g_ls_0i', 'Jpsi->K2(2250)m.kp_g_ls_0i']
same value: ['Jpsi->K2(2250)p.km_g_ls_1i', 'Jpsi->K2(2250)m.kp_g_ls_1i']
same value: ['Jpsi->K3(1780)p.kmK3(1780)p->phi.kp_total_0i', 'Jpsi->K3(1780)m.kpK3(1780)m->phi.km_total_0i']
same value: ['Jpsi->K3(1780)p.km_g_ls_0i', 'Jpsi->K3(1780)m.kp_g_ls_0i']
same value: ['Jpsi->K3(1780)p.km_g_ls_1i', 'Jpsi->K3(1780)m.kp_g_ls_1i']
same value: ['Jpsi->K3(2320)p.kmK3(2320)p->phi.kp_total_0i', 'Jpsi->K3(2320)m.kpK3(2320)m->phi.km_total_0i']
same value: ['Jpsi->K3(2320)p.km_g_ls_0i', 'Jpsi->K3(2320)m.kp_g_ls_0i']
same value: ['Jpsi->K3(2320)p.km_g_ls_1i', 'Jpsi->K3(2320)m.kp_g_ls_1i']
cached shape idx [0, 1, 2, 3, 4, 5, 6, 7, 8, 9, 10, 11, 12, 13]
cached shape idx [0, 1, 2, 3, 4, 5, 6, 7, 8, 9, 10, 11, 12, 13, 14, 15, 16]
[INFO] running JOINT fit with 2 channels

========== Fit loop 1/5 ==========
using RANDOM parameters
Using Model
Using Model

########### initial parameters
{
  "rho(1450)p_mass": 1.51,
  "rho(1450)p_width": 0.44,
  "rho(1570)p_mass": 1.57,
  "rho(1570)p_width": 0.14,
  "rho(1690)p_mass": 1.681,
  "rho(1690)p_width": 0.19,
  "rho(1450)m_mass": 1.51,
  "rho(1450)m_width": 0.44,
  "rho(1570)m_mass": 1.57,
  "rho(1570)m_width": 0.14,
  "rho(1690)m_mass": 1.681,
  "rho(1690)m_width": 0.19,
  "f0(500)_E791_mass": 0.478,
  "f2(1270)_flatte_mass": 1.2754,
  "f2(1270)_flatte_g_0": 0.8669118487098473,
  "f2(1270)_flatte_g_1": 0.38051571305527276,
  "f0(1370)_mass": 1.37,
  "f0(1370)_width": 0.35,
  "f0(1500)_flatte_mass": 1.522,
  "f0(1500)_flatte_g_0": 0.6763263046346744,
  "f0(1500)_flatte_g_1": 0.308361969075414,
  "f2(1430)_mass": 1.43,
  "f2(1430)_width": 0.046,
  "Jpsi->rho(1450)p.pimrho(1450)p->phi.pip_total_0r": 1.0,
  "Jpsi->rho(1450)p.pimrho(1450)p->phi.pip_total_0i": 0.0,
  "Jpsi->rho(1450)p.pim_g_ls_0r": 1.0,
  "Jpsi->rho(1450)p.pim_g_ls_0i": 0.0,
  "rho(1450)p->phi.pip_g_ls_0r": 1.0,
  "rho(1450)p->phi.pip_g_ls_0i": 0.0,
  "Jpsi->rho(1570)p.pimrho(1570)p->phi.pip_total_0r": 1.9351807229218134,
  "Jpsi->rho(1570)p.pimrho(1570)p->phi.pip_total_0i": 2.7184835525190625,
  "Jpsi->rho(1570)p.pim_g_ls_0r": 1.0,
  "Jpsi->rho(1570)p.pim_g_ls_0i": 0.0,
  "rho(1570)p->phi.pip_g_ls_0r": 1.0,
  "rho(1570)p->phi.pip_g_ls_0i": 0.0,
  "Jpsi->rho(1690)p.pimrho(1690)p->phi.pip_total_0r": 0.8241140267139944,
  "Jpsi->rho(1690)p.pimrho(1690)p->phi.pip_total_0i": 1.554714088632415,
  "Jpsi->rho(1690)p.pim_g_ls_0r": 1.0,
  "Jpsi->rho(1690)p.pim_g_ls_0i": 0.0,
  "rho(1690)p->phi.pip_g_ls_0r": 1.0,
  "rho(1690)p->phi.pip_g_ls_0i": 0.0,
  "Jpsi->rho(1450)m.piprho(1450)m->phi.pim_total_0r": 1.0,
  "Jpsi->rho(1450)m.piprho(1450)m->phi.pim_total_0i": 0.0,
  "Jpsi->rho(1450)m.pip_g_ls_0r": 1.0,
  "Jpsi->rho(1450)m.pip_g_ls_0i": 0.0,
  "rho(1450)m->phi.pim_g_ls_0r": 1.0,
  "rho(1450)m->phi.pim_g_ls_0i": 0.0,
  "Jpsi->rho(1570)m.piprho(1570)m->phi.pim_total_0r": 1.9351807229218134,
  "Jpsi->rho(1570)m.piprho(1570)m->phi.pim_total_0i": 2.7184835525190625,
  "Jpsi->rho(1570)m.pip_g_ls_0r": 1.0,
  "Jpsi->rho(1570)m.pip_g_ls_0i": 0.0,
  "rho(1570)m->phi.pim_g_ls_0r": 1.0,
  "rho(1570)m->phi.pim_g_ls_0i": 0.0,
  "Jpsi->rho(1690)m.piprho(1690)m->phi.pim_total_0r": 0.8241140267139944,
  "Jpsi->rho(1690)m.piprho(1690)m->phi.pim_total_0i": 1.554714088632415,
  "Jpsi->rho(1690)m.pip_g_ls_0r": 1.0,
  "Jpsi->rho(1690)m.pip_g_ls_0i": 0.0,
  "rho(1690)m->phi.pim_g_ls_0r": 1.0,
  "rho(1690)m->phi.pim_g_ls_0i": 0.0,
  "Jpsi->phi.f0(500)_E791f0(500)_E791->pip.pim_total_0r": 1.3017648422194386,
  "Jpsi->phi.f0(500)_E791f0(500)_E791->pip.pim_total_0i": 0.6204933322861979,
  "Jpsi->phi.f0(500)_E791_g_ls_0r": 1.0,
  "Jpsi->phi.f0(500)_E791_g_ls_0i": 0.0,
  "Jpsi->phi.f0(500)_E791_g_ls_1r": 0.3926135028491662,
  "Jpsi->phi.f0(500)_E791_g_ls_1i": -0.3190808301077195,
  "f0(500)_E791->pip.pim_g_ls_0r": 1.0,
  "f0(500)_E791->pip.pim_g_ls_0i": 0.0,
  "Jpsi->phi.f0(980)_flattef0(980)_flatte->pip.pim_total_0r": 0.005234689256122582,
  "Jpsi->phi.f0(980)_flattef0(980)_flatte->pip.pim_total_0i": 2.8584469588327774,
  "f0(980)_flatte->pip.pim_g_ls_0r": 1.0,
  "f0(980)_flatte->pip.pim_g_ls_0i": 0.0,
  "Jpsi->phi.f2(1270)_flattef2(1270)_flatte->pip.pim_total_0r": 1.3356781567205607,
  "Jpsi->phi.f2(1270)_flattef2(1270)_flatte->pip.pim_total_0i": 0.895149982364063,
  "Jpsi->phi.f2(1270)_flatte_g_ls_0r": 1.0,
  "Jpsi->phi.f2(1270)_flatte_g_ls_0i": 0.0,
  "Jpsi->phi.f2(1270)_flatte_g_ls_1r": 0.5789019076381563,
  "Jpsi->phi.f2(1270)_flatte_g_ls_1i": 1.163792899554264,
  "Jpsi->phi.f2(1270)_flatte_g_ls_2r": 1.2281162728635824,
  "Jpsi->phi.f2(1270)_flatte_g_ls_2i": 1.2690643530197594,
  "Jpsi->phi.f2(1270)_flatte_g_ls_3r": 1.245074274225726,
  "Jpsi->phi.f2(1270)_flatte_g_ls_3i": -1.569400606062438,
  "Jpsi->phi.f2(1270)_flatte_g_ls_4r": 0.039844884558113414,
  "Jpsi->phi.f2(1270)_flatte_g_ls_4i": 1.628131642925723,
  "f2(1270)_flatte->pip.pim_g_ls_0r": 1.0,
  "f2(1270)_flatte->pip.pim_g_ls_0i": 0.0,
  "Jpsi->phi.f0(1370)f0(1370)->pip.pim_total_0r": 1.3034096537818254,
  "Jpsi->phi.f0(1370)f0(1370)->pip.pim_total_0i": 0.8428662144735659,
  "Jpsi->phi.f0(1370)_g_ls_0r": 1.0,
  "Jpsi->phi.f0(1370)_g_ls_0i": 0.0,
  "Jpsi->phi.f0(1370)_g_ls_1r": 1.5649176378962588,
  "Jpsi->phi.f0(1370)_g_ls_1i": -1.4878235473256327,
  "f0(1370)->pip.pim_g_ls_0r": 1.0,
  "f0(1370)->pip.pim_g_ls_0i": 0.0,
  "Jpsi->phi.f0(1500)_flattef0(1500)_flatte->pip.pim_total_0r": 1.0266713799068254,
  "Jpsi->phi.f0(1500)_flattef0(1500)_flatte->pip.pim_total_0i": 2.4462803446677306,
  "Jpsi->phi.f0(1500)_flatte_g_ls_0r": 1.0,
  "Jpsi->phi.f0(1500)_flatte_g_ls_0i": 0.0,
  "Jpsi->phi.f0(1500)_flatte_g_ls_1r": 1.6147530018352816,
  "Jpsi->phi.f0(1500)_flatte_g_ls_1i": 2.2487978222194913,
  "f0(1500)_flatte->pip.pim_g_ls_0r": 1.0,
  "f0(1500)_flatte->pip.pim_g_ls_0i": 0.0,
  "Jpsi->phi.f0(1710)f0(1710)->pip.pim_total_0r": 0.7325670618251494,
  "Jpsi->phi.f0(1710)f0(1710)->pip.pim_total_0i": -2.703352895832409,
  "f0(1710)->pip.pim_g_ls_0r": 1.0,
  "f0(1710)->pip.pim_g_ls_0i": 0.0,
  "Jpsi->phi.f2(1430)f2(1430)->pip.pim_total_0r": 0.15556501790294774,
  "Jpsi->phi.f2(1430)f2(1430)->pip.pim_total_0i": 2.0549149550626398,
  "Jpsi->phi.f2(1430)_g_ls_0r": 1.0,
  "Jpsi->phi.f2(1430)_g_ls_0i": 0.0,
  "Jpsi->phi.f2(1430)_g_ls_1r": 0.4678458693038907,
  "Jpsi->phi.f2(1430)_g_ls_1i": 2.6094376893099014,
  "Jpsi->phi.f2(1430)_g_ls_2r": 0.26091281067844685,
  "Jpsi->phi.f2(1430)_g_ls_2i": 0.6562819798769901,
  "Jpsi->phi.f2(1430)_g_ls_3r": 1.2599480426779497,
  "Jpsi->phi.f2(1430)_g_ls_3i": 0.7802166865179876,
  "Jpsi->phi.f2(1430)_g_ls_4r": 0.18884078484492361,
  "Jpsi->phi.f2(1430)_g_ls_4i": -1.4521524477182004,
  "f2(1430)->pip.pim_g_ls_0r": 1.0,
  "f2(1430)->pip.pim_g_ls_0i": 0.0,
  "Jpsi->phi.NR_pipi_0.NR_pipi_0.->pip.pim_total_0r": 0.32329709819486663,
  "Jpsi->phi.NR_pipi_0.NR_pipi_0.->pip.pim_total_0i": 2.1514114177487134,
  "Jpsi->phi.NR_pipi_0._g_ls_0r": 1.0,
  "Jpsi->phi.NR_pipi_0._g_ls_0i": 0.0,
  "Jpsi->phi.NR_pipi_0._g_ls_1r": 1.0318887874282314,
  "Jpsi->phi.NR_pipi_0._g_ls_1i": 0.52598880746566,
  "NR_pipi_0.->pip.pim_g_ls_0r": 1.0,
  "NR_pipi_0.->pip.pim_g_ls_0i": 0.0,
  "K1(1400)p_mass": 1.403,
  "K1(1400)p_width": 0.174,
  "K2(1820)p_mass": 1.819,
  "K2(1820)p_width": 0.264,
  "K2(1980)p_mass": 1.99,
  "K2(1980)p_width": 0.348,
  "K2(2250)p_mass": 2.247,
  "K2(2250)p_width": 0.18,
  "K3(2320)p_mass": 2.324,
  "K3(2320)p_width": 0.15,
  "K1(1400)m_mass": 1.403,
  "K1(1400)m_width": 0.174,
  "K2(1820)m_mass": 1.819,
  "K2(1820)m_width": 0.264,
  "K2(1980)m_mass": 1.99,
  "K2(1980)m_width": 0.348,
  "K3(2320)m_mass": 2.324,
  "K3(2320)m_width": 0.15,
  "f0(980)_flatte_mass": 0.965,
  "f0(980)_flatte_g_0": 0.9982399948028424,
  "f0(980)_flatte_g_1": 0.9901037032310986,
  "f2(1270)_mass": 1.2754,
  "f2(1270)_width": 0.1858,
  "f0(1500)_mass": 1.522,
  "f0(1500)_width": 0.108,
  "f2(1525)_mass": 1.5173,
  "f2(1525)_width": 0.072,
  "f2(1565)_mass": 1.571,
  "f2(1565)_width": 0.132,
  "f0(1710)_mass": 1.733,
  "f0(1710)_width": 0.15,
  "f2(1810)_mass": 1.815,
  "f2(1810)_width": 0.197,
  "Jpsi->K1(1400)p.kmK1(1400)p->phi.kp_total_0r": 1.0,
  "Jpsi->K1(1400)p.kmK1(1400)p->phi.kp_total_0i": 0.0,
  "Jpsi->K1(1400)p.km_g_ls_0r": 1.0,
  "Jpsi->K1(1400)p.km_g_ls_0i": 0.0,
  "Jpsi->K1(1400)p.km_g_ls_1r": 0.6321911557786182,
  "Jpsi->K1(1400)p.km_g_ls_1i": 1.8398703321120395,
  "K1(1400)p->phi.kp_g_ls_0r": 1.0,
  "K1(1400)p->phi.kp_g_ls_0i": 0.0,
  "K1(1400)p->phi.kp_g_ls_1r": 0.39949106515682464,
  "K1(1400)p->phi.kp_g_ls_1i": -0.2194138478224028,
  "Jpsi->K2(1820)p.kmK2(1820)p->phi.kp_total_0r": 0.4947126603109102,
  "Jpsi->K2(1820)p.kmK2(1820)p->phi.kp_total_0i": -1.543674423408354,
  "Jpsi->K2(1820)p.km_g_ls_0r": 1.0,
  "Jpsi->K2(1820)p.km_g_ls_0i": 0.0,
  "Jpsi->K2(1820)p.km_g_ls_1r": 1.252826264807612,
  "Jpsi->K2(1820)p.km_g_ls_1i": 1.9863869863296832,
  "K2(1820)p->phi.kp_g_ls_0r": 1.0,
  "K2(1820)p->phi.kp_g_ls_0i": 0.0,
  "K2(1820)p->phi.kp_g_ls_1r": 1.7527251350195714,
  "K2(1820)p->phi.kp_g_ls_1i": -2.5128783572812274,
  "Jpsi->K2(1980)p.kmK2(1980)p->phi.kp_total_0r": 0.4088108850896144,
  "Jpsi->K2(1980)p.kmK2(1980)p->phi.kp_total_0i": 0.9056660830286045,
  "Jpsi->K2(1980)p.km_g_ls_0r": 1.0,
  "Jpsi->K2(1980)p.km_g_ls_0i": 0.0,
  "K2(1980)p->phi.kp_g_ls_0r": 1.0,
  "K2(1980)p->phi.kp_g_ls_0i": 0.0,
  "Jpsi->K2(2250)p.kmK2(2250)p->phi.kp_total_0r": 0.7387469307169279,
  "Jpsi->K2(2250)p.kmK2(2250)p->phi.kp_total_0i": 1.137573808548714,
  "Jpsi->K2(2250)p.km_g_ls_0r": 1.0,
  "Jpsi->K2(2250)p.km_g_ls_0i": 0.0,
  "Jpsi->K2(2250)p.km_g_ls_1r": 1.1642976153643994,
  "Jpsi->K2(2250)p.km_g_ls_1i": -0.1445658760898918,
  "K2(2250)p->phi.kp_g_ls_0r": 1.0,
  "K2(2250)p->phi.kp_g_ls_0i": 0.0,
  "K2(2250)p->phi.kp_g_ls_1r": 0.7124093120001262,
  "K2(2250)p->phi.kp_g_ls_1i": 2.4004495287238434,
  "Jpsi->K3(2320)p.kmK3(2320)p->phi.kp_total_0r": 1.0148173460508128,
  "Jpsi->K3(2320)p.kmK3(2320)p->phi.kp_total_0i": 1.6432229617182763,
  "Jpsi->K3(2320)p.km_g_ls_0r": 1.0,
  "Jpsi->K3(2320)p.km_g_ls_0i": 0.0,
  "Jpsi->K3(2320)p.km_g_ls_1r": 1.3228561632126494,
  "Jpsi->K3(2320)p.km_g_ls_1i": 2.895469855509562,
  "K3(2320)p->phi.kp_g_ls_0r": 1.0,
  "K3(2320)p->phi.kp_g_ls_0i": 0.0,
  "K3(2320)p->phi.kp_g_ls_1r": 1.3103708062869242,
  "K3(2320)p->phi.kp_g_ls_1i": 0.366604268731491,
  "Jpsi->K1(1400)m.kpK1(1400)m->phi.km_total_0r": 1.0,
  "Jpsi->K1(1400)m.kpK1(1400)m->phi.km_total_0i": 0.0,
  "Jpsi->K1(1400)m.kp_g_ls_0r": 1.0,
  "Jpsi->K1(1400)m.kp_g_ls_0i": 0.0,
  "Jpsi->K1(1400)m.kp_g_ls_1r": 0.6321911557786182,
  "Jpsi->K1(1400)m.kp_g_ls_1i": 1.8398703321120395,
  "K1(1400)m->phi.km_g_ls_0r": 1.0,
  "K1(1400)m->phi.km_g_ls_0i": 0.0,
  "K1(1400)m->phi.km_g_ls_1r": 0.39949106515682464,
  "K1(1400)m->phi.km_g_ls_1i": -0.2194138478224028,
  "Jpsi->K2(1820)m.kpK2(1820)m->phi.km_total_0r": 0.4947126603109102,
  "Jpsi->K2(1820)m.kpK2(1820)m->phi.km_total_0i": -1.543674423408354,
  "Jpsi->K2(1820)m.kp_g_ls_0r": 1.0,
  "Jpsi->K2(1820)m.kp_g_ls_0i": 0.0,
  "Jpsi->K2(1820)m.kp_g_ls_1r": 1.252826264807612,
  "Jpsi->K2(1820)m.kp_g_ls_1i": 1.9863869863296832,
  "K2(1820)m->phi.km_g_ls_0r": 1.0,
  "K2(1820)m->phi.km_g_ls_0i": 0.0,
  "K2(1820)m->phi.km_g_ls_1r": 1.7527251350195714,
  "K2(1820)m->phi.km_g_ls_1i": -2.5128783572812274,
  "Jpsi->K2(1980)m.kpK2(1980)m->phi.km_total_0r": 0.4088108850896144,
  "Jpsi->K2(1980)m.kpK2(1980)m->phi.km_total_0i": 0.9056660830286045,
  "Jpsi->K2(1980)m.kp_g_ls_0r": 1.0,
  "Jpsi->K2(1980)m.kp_g_ls_0i": 0.0,
  "K2(1980)m->phi.km_g_ls_0r": 1.0,
  "K2(1980)m->phi.km_g_ls_0i": 0.0,
  "Jpsi->K2(2250)p.kpK2(2250)p->phi.km_total_0r": 0.8375022176894524,
  "Jpsi->K2(2250)p.kpK2(2250)p->phi.km_total_0i": -2.218496401496495,
  "Jpsi->K2(2250)p.kp_g_ls_0r": 1.0,
  "Jpsi->K2(2250)p.kp_g_ls_0i": 0.0,
  "Jpsi->K2(2250)p.kp_g_ls_1r": 1.3953149673171756,
  "Jpsi->K2(2250)p.kp_g_ls_1i": -3.1408681558378904,
  "K2(2250)p->phi.km_g_ls_0r": 1.0,
  "K2(2250)p->phi.km_g_ls_0i": 0.0,
  "K2(2250)p->phi.km_g_ls_1r": 1.147155742967925,
  "K2(2250)p->phi.km_g_ls_1i": 0.5601614815068663,
  "Jpsi->K3(2320)m.kpK3(2320)m->phi.km_total_0r": 1.0148173460508128,
  "Jpsi->K3(2320)m.kpK3(2320)m->phi.km_total_0i": 1.6432229617182763,
  "Jpsi->K3(2320)m.kp_g_ls_0r": 1.0,
  "Jpsi->K3(2320)m.kp_g_ls_0i": 0.0,
  "Jpsi->K3(2320)m.kp_g_ls_1r": 1.3228561632126494,
  "Jpsi->K3(2320)m.kp_g_ls_1i": 2.895469855509562,
  "K3(2320)m->phi.km_g_ls_0r": 1.0,
  "K3(2320)m->phi.km_g_ls_0i": 0.0,
  "K3(2320)m->phi.km_g_ls_1r": 1.3103708062869242,
  "K3(2320)m->phi.km_g_ls_1i": 0.366604268731491,
  "Jpsi->phi.f0(980)_flattef0(980)_flatte->kp.km_total_0r": 0.9165929007716405,
  "Jpsi->phi.f0(980)_flattef0(980)_flatte->kp.km_total_0i": -2.9570934754804603,
  "Jpsi->phi.f0(980)_flatte_g_ls_0r": 1.0,
  "Jpsi->phi.f0(980)_flatte_g_ls_0i": 0.0,
  "Jpsi->phi.f0(980)_flatte_g_ls_1r": 0.9294323289634243,
  "Jpsi->phi.f0(980)_flatte_g_ls_1i": -0.3219640667971957,
  "f0(980)_flatte->kp.km_g_ls_0r": 1.0,
  "f0(980)_flatte->kp.km_g_ls_0i": 0.0,
  "Jpsi->phi.f2(1270)f2(1270)->kp.km_total_0r": 0.3469922671849588,
  "Jpsi->phi.f2(1270)f2(1270)->kp.km_total_0i": -2.7843858084278326,
  "Jpsi->phi.f2(1270)_g_ls_0r": 1.0,
  "Jpsi->phi.f2(1270)_g_ls_0i": 0.0,
  "Jpsi->phi.f2(1270)_g_ls_1r": 1.804800116532209,
  "Jpsi->phi.f2(1270)_g_ls_1i": -2.689827280863455,
  "Jpsi->phi.f2(1270)_g_ls_2r": 0.7387197815656665,
  "Jpsi->phi.f2(1270)_g_ls_2i": 0.3868917504130782,
  "Jpsi->phi.f2(1270)_g_ls_3r": 0.41372871955565227,
  "Jpsi->phi.f2(1270)_g_ls_3i": -0.3307859470585601,
  "Jpsi->phi.f2(1270)_g_ls_4r": 0.3926327468534905,
  "Jpsi->phi.f2(1270)_g_ls_4i": -1.8413816604554,
  "f2(1270)->kp.km_g_ls_0r": 1.0,
  "f2(1270)->kp.km_g_ls_0i": 0.0,
  "Jpsi->phi.f0(1500)f0(1500)->kp.km_total_0r": 1.6714861973536288,
  "Jpsi->phi.f0(1500)f0(1500)->kp.km_total_0i": -0.5995074591753795,
  "Jpsi->phi.f0(1500)_g_ls_0r": 1.0,
  "Jpsi->phi.f0(1500)_g_ls_0i": 0.0,
  "Jpsi->phi.f0(1500)_g_ls_1r": 1.9589796435767752,
  "Jpsi->phi.f0(1500)_g_ls_1i": 0.42499204800891865,
  "f0(1500)->kp.km_g_ls_0r": 1.0,
  "f0(1500)->kp.km_g_ls_0i": 0.0,
  "Jpsi->phi.f2(1525)f2(1525)->kp.km_total_0r": 1.6427747858436144,
  "Jpsi->phi.f2(1525)f2(1525)->kp.km_total_0i": -2.7099364154594485,
  "Jpsi->phi.f2(1525)_g_ls_0r": 1.0,
  "Jpsi->phi.f2(1525)_g_ls_0i": 0.0,
  "Jpsi->phi.f2(1525)_g_ls_1r": 1.7465348150371987,
  "Jpsi->phi.f2(1525)_g_ls_1i": 2.2188348426087794,
  "Jpsi->phi.f2(1525)_g_ls_2r": 0.7251347646747401,
  "Jpsi->phi.f2(1525)_g_ls_2i": -2.670429685254435,
  "Jpsi->phi.f2(1525)_g_ls_3r": 0.8859159210243108,
  "Jpsi->phi.f2(1525)_g_ls_3i": 0.3267884613295111,
  "Jpsi->phi.f2(1525)_g_ls_4r": 1.2384082014003925,
  "Jpsi->phi.f2(1525)_g_ls_4i": 0.4649192801704616,
  "f2(1525)->kp.km_g_ls_0r": 1.0,
  "f2(1525)->kp.km_g_ls_0i": 0.0,
  "Jpsi->phi.f2(1565)f2(1565)->kp.km_total_0r": 1.2838421385210759,
  "Jpsi->phi.f2(1565)f2(1565)->kp.km_total_0i": 0.5355907242212492,
  "Jpsi->phi.f2(1565)_g_ls_0r": 1.0,
  "Jpsi->phi.f2(1565)_g_ls_0i": 0.0,
  "Jpsi->phi.f2(1565)_g_ls_1r": 1.0225341262401386,
  "Jpsi->phi.f2(1565)_g_ls_1i": 2.715823405576561,
  "Jpsi->phi.f2(1565)_g_ls_2r": 0.3406460200819965,
  "Jpsi->phi.f2(1565)_g_ls_2i": 1.8611351487583372,
  "Jpsi->phi.f2(1565)_g_ls_3r": 1.2318204516744053,
  "Jpsi->phi.f2(1565)_g_ls_3i": 0.0464043838308319,
  "Jpsi->phi.f2(1565)_g_ls_4r": 1.7473365834564394,
  "Jpsi->phi.f2(1565)_g_ls_4i": 1.429280483304078,
  "f2(1565)->kp.km_g_ls_0r": 1.0,
  "f2(1565)->kp.km_g_ls_0i": 0.0,
  "Jpsi->phi.f0(1710)f0(1710)->kp.km_total_0r": 1.7095205125917432,
  "Jpsi->phi.f0(1710)f0(1710)->kp.km_total_0i": 2.659884146246359,
  "Jpsi->phi.f0(1710)_g_ls_0r": 1.0,
  "Jpsi->phi.f0(1710)_g_ls_0i": 0.0,
  "Jpsi->phi.f0(1710)_g_ls_1r": 0.3773685360187349,
  "Jpsi->phi.f0(1710)_g_ls_1i": 2.554261828262754,
  "f0(1710)->kp.km_g_ls_0r": 1.0,
  "f0(1710)->kp.km_g_ls_0i": 0.0,
  "Jpsi->phi.f2(1810)f2(1810)->kp.km_total_0r": 1.7494507001195494,
  "Jpsi->phi.f2(1810)f2(1810)->kp.km_total_0i": -2.3117248546247,
  "Jpsi->phi.f2(1810)_g_ls_0r": 1.0,
  "Jpsi->phi.f2(1810)_g_ls_0i": 0.0,
  "Jpsi->phi.f2(1810)_g_ls_1r": 1.877533136492902,
  "Jpsi->phi.f2(1810)_g_ls_1i": -0.4950749977434632,
  "Jpsi->phi.f2(1810)_g_ls_2r": 1.056352785286999,
  "Jpsi->phi.f2(1810)_g_ls_2i": -0.703994043687342,
  "Jpsi->phi.f2(1810)_g_ls_3r": 0.17437951418104491,
  "Jpsi->phi.f2(1810)_g_ls_3i": -1.1609143212052464,
  "Jpsi->phi.f2(1810)_g_ls_4r": 0.18912137829036624,
  "Jpsi->phi.f2(1810)_g_ls_4i": 2.3051721941889305,
  "f2(1810)->kp.km_g_ls_0r": 1.0,
  "f2(1810)->kp.km_g_ls_0i": 0.0
}
##boundary: 
   f0(1370)_mass 	 [1.2, 1.5]
   f0(1370)_width 	 [0.2, 0.5]
   f2(1430)_mass 	 [1.41, 1.48]
   f2(1430)_width 	 [0.031, 0.061]
   f2(1270)_flatte_g_0 	 [0.0, None]
   f2(1270)_flatte_g_1 	 [0.0, None]
   f0(1370)_flatte_g_0 	 [0.0, None]
   f0(1370)_flatte_g_1 	 [0.0, None]
   f2(1430)_flatte_g_0 	 [0.0, None]
   f2(1430)_flatte_g_1 	 [0.0, None]
   f0(1500)_flatte_g_0 	 [0.0, None]
   f0(1500)_flatte_g_1 	 [0.0, None]
   f0(1525)_flatte_g_0 	 [0.0, None]
   f0(1525)_flatte_g_1 	 [0.0, None]
   f0(1565)_flatte_g_0 	 [0.0, None]
   f0(1565)_flatte_g_1 	 [0.0, None]
   f0(1710)_flatte_g_0 	 [0.0, None]
   f0(1710)_flatte_g_1 	 [0.0, None]
   K1(1400)p_mass 	 [1.393, 1.413]
   K1(1400)p_width 	 [0.161, 0.187]
   K2(1820)p_mass 	 [1.807, 1.831]
   K2(1820)p_width 	 [0.232, 0.298]
   K2(1980)p_mass 	 [1.94, 2.05]
   K2(1980)p_width 	 [0.318, 0.398]
   K2(2250)p_mass 	 [2.23, 2.264]
   K2(2250)p_width 	 [0.15, 0.21]
   K3(2320)p_mass 	 [2.3, 2.348]
   K3(2320)p_width 	 [0.12, 0.18]
   K1(1400)m_mass 	 [1.393, 1.413]
   K1(1400)m_width 	 [0.161, 0.187]
   K2(1820)m_mass 	 [1.807, 1.831]
   K2(1820)m_width 	 [0.232, 0.298]
   K2(1980)m_mass 	 [1.94, 2.05]
   K2(1980)m_width 	 [0.318, 0.398]
   K3(2320)m_mass 	 [2.3, 2.348]
   K3(2320)m_width 	 [0.12, 0.18]
   f2(1270)_mass 	 [1.2746, 1.2762]
   f2(1270)_width 	 [0.18, 0.19]
   f0(1500)_mass 	 [1.497, 1.547]
   f0(1500)_width 	 [0.075, 0.141]
   f2(1525)_mass 	 [1.5149, 1.5197]
   f2(1525)_width 	 [0.066, 0.079]
   f2(1565)_mass 	 [1.558, 1.584]
   f2(1565)_width 	 [0.109, 0.155]
   f0(1710)_mass 	 [1.726, 1.741]
   f0(1710)_width 	 [0.14, 0.162]
   f2(1810)_mass 	 [1.803, 1.827]
   f2(1810)_width 	 [0.175, 0.219]
   f0(980)_flatte_g_0 	 [0.0, None]
   f0(980)_flatte_g_1 	 [0.0, None]
nll_grad  cost time: 5.693844556808472
nll_grad  cost time: 9.451612949371338
tf.Tensor(-2060.6185032744906, shape=(), dtype=float64)
nll_grad  cost time: 2.54205060005188
nll_grad  cost time: 2.477612257003784
tf.Tensor(-4830.564386920843, shape=(), dtype=float64)
nll_grad  cost time: 2.443460702896118
tf.Tensor(-5990.440444226944, shape=(), dtype=float64)
nll_grad  cost time: 2.524825096130371
tf.Tensor(-6206.117844667606, shape=(), dtype=float64)
nll_grad  cost time: 2.564197540283203
tf.Tensor(-6534.707088114068, shape=(), dtype=float64)
nll_grad  cost time: 2.6377909183502197
tf.Tensor(-7071.079576472104, shape=(), dtype=float64)
nll_grad  cost time: 2.493236541748047
tf.Tensor(-7719.51555063235, shape=(), dtype=float64)
nll_grad  cost time: 2.4850642681121826
nll_grad  cost time: 2.4789016246795654
tf.Tensor(-7990.081822892986, shape=(), dtype=float64)
nll_grad  cost time: 2.531846523284912
tf.Tensor(-8297.103305201555, shape=(), dtype=float64)
nll_grad  cost time: 2.500079393386841
tf.Tensor(-8442.269564995557, shape=(), dtype=float64)
nll_grad  cost time: 2.5360336303710938
tf.Tensor(-8458.532202995557, shape=(), dtype=float64)
nll_grad  cost time: 2.5171942710876465
nll_grad  cost time: 2.506495237350464
tf.Tensor(-8591.270335343273, shape=(), dtype=float64)
nll_grad  cost time: 2.631263494491577
tf.Tensor(-8740.58304250313, shape=(), dtype=float64)
nll_grad  cost time: 2.665165901184082
tf.Tensor(-8840.017705731312, shape=(), dtype=float64)
nll_grad  cost time: 2.7105839252471924
tf.Tensor(-8952.741157159486, shape=(), dtype=float64)
nll_grad  cost time: 2.6489739418029785
tf.Tensor(-8979.501202217594, shape=(), dtype=float64)
nll_grad  cost time: 2.6336746215820312
tf.Tensor(-9028.652193680973, shape=(), dtype=float64)
nll_grad  cost time: 2.6688008308410645
tf.Tensor(-9101.099939670763, shape=(), dtype=float64)
nll_grad  cost time: 2.709641695022583
tf.Tensor(-9213.816070235553, shape=(), dtype=float64)
nll_grad  cost time: 2.6419506072998047
tf.Tensor(-9345.716127084219, shape=(), dtype=float64)
nll_grad  cost time: 2.52146315574646
tf.Tensor(-9443.049154134642, shape=(), dtype=float64)
nll_grad  cost time: 2.4095189571380615
nll_grad  cost time: 2.3237040042877197
tf.Tensor(-9490.30509819994, shape=(), dtype=float64)
nll_grad  cost time: 2.390000104904175
tf.Tensor(-9556.916449191223, shape=(), dtype=float64)
nll_grad  cost time: 2.326190948486328
tf.Tensor(-9635.229186488374, shape=(), dtype=float64)
nll_grad  cost time: 2.3037893772125244
tf.Tensor(-9683.292608389806, shape=(), dtype=float64)
nll_grad  cost time: 2.4521961212158203
tf.Tensor(-9743.625042686414, shape=(), dtype=float64)
nll_grad  cost time: 2.368317127227783
tf.Tensor(-9816.058473534256, shape=(), dtype=float64)
nll_grad  cost time: 2.5037665367126465
tf.Tensor(-9836.232084390896, shape=(), dtype=float64)
nll_grad  cost time: 2.5670576095581055
tf.Tensor(-9863.346891413545, shape=(), dtype=float64)
nll_grad  cost time: 2.674745798110962
tf.Tensor(-9890.691395083762, shape=(), dtype=float64)
nll_grad  cost time: 2.546189308166504
tf.Tensor(-9900.683213037031, shape=(), dtype=float64)
nll_grad  cost time: 2.618112087249756
tf.Tensor(-9917.214158779374, shape=(), dtype=float64)
nll_grad  cost time: 2.5565707683563232
tf.Tensor(-9938.205975388264, shape=(), dtype=float64)
nll_grad  cost time: 2.542501211166382
tf.Tensor(-9960.397085396791, shape=(), dtype=float64)
nll_grad  cost time: 2.535377264022827
tf.Tensor(-9981.196854054666, shape=(), dtype=float64)
nll_grad  cost time: 2.5664093494415283
tf.Tensor(-10008.083436432396, shape=(), dtype=float64)
nll_grad  cost time: 2.6539223194122314
tf.Tensor(-10038.627993646354, shape=(), dtype=float64)
nll_grad  cost time: 2.6037580966949463
nll_grad  cost time: 2.4707624912261963
tf.Tensor(-10053.100807014096, shape=(), dtype=float64)
nll_grad  cost time: 2.5277771949768066
tf.Tensor(-10065.291831600101, shape=(), dtype=float64)
nll_grad  cost time: 2.6752936840057373
tf.Tensor(-10082.931016466784, shape=(), dtype=float64)
nll_grad  cost time: 2.5935003757476807
tf.Tensor(-10100.781278284223, shape=(), dtype=float64)
nll_grad  cost time: 2.5738508701324463
tf.Tensor(-10109.156023745847, shape=(), dtype=float64)
nll_grad  cost time: 2.611501693725586
tf.Tensor(-10119.590747699156, shape=(), dtype=float64)
nll_grad  cost time: 2.5120487213134766
tf.Tensor(-10134.83987944691, shape=(), dtype=float64)
nll_grad  cost time: 2.5293989181518555
tf.Tensor(-10155.194743194748, shape=(), dtype=float64)
nll_grad  cost time: 2.521602153778076
tf.Tensor(-10171.291071604195, shape=(), dtype=float64)
nll_grad  cost time: 2.5780773162841797
tf.Tensor(-10181.230447774244, shape=(), dtype=float64)
nll_grad  cost time: 2.5336122512817383
tf.Tensor(-10190.475580489918, shape=(), dtype=float64)
nll_grad  cost time: 2.6192009449005127
tf.Tensor(-10198.830532534048, shape=(), dtype=float64)
nll_grad  cost time: 2.5680410861968994
tf.Tensor(-10209.995142915112, shape=(), dtype=float64)
nll_grad  cost time: 2.5784668922424316
tf.Tensor(-10225.605280890057, shape=(), dtype=float64)
nll_grad  cost time: 2.6177244186401367
tf.Tensor(-10229.781064449271, shape=(), dtype=float64)
nll_grad  cost time: 2.548314332962036
tf.Tensor(-10237.217946857432, shape=(), dtype=float64)
nll_grad  cost time: 2.543039560317993
tf.Tensor(-10247.805326175541, shape=(), dtype=float64)
nll_grad  cost time: 2.5498509407043457
tf.Tensor(-10262.840807538742, shape=(), dtype=float64)
nll_grad  cost time: 2.52180814743042
tf.Tensor(-10281.269854450831, shape=(), dtype=float64)
nll_grad  cost time: 2.513242721557617
tf.Tensor(-10297.063898123699, shape=(), dtype=float64)
nll_grad  cost time: 2.5385940074920654
tf.Tensor(-10309.856245248258, shape=(), dtype=float64)
nll_grad  cost time: 2.615525007247925
nll_grad  cost time: 2.5304548740386963
tf.Tensor(-10316.733718001196, shape=(), dtype=float64)
nll_grad  cost time: 2.5352323055267334
tf.Tensor(-10326.552896893554, shape=(), dtype=float64)
nll_grad  cost time: 2.8348934650421143
tf.Tensor(-10339.797939992874, shape=(), dtype=float64)
nll_grad  cost time: 2.585714101791382
tf.Tensor(-10348.77930224943, shape=(), dtype=float64)
nll_grad  cost time: 2.53536319732666
tf.Tensor(-10359.138809048614, shape=(), dtype=float64)
nll_grad  cost time: 2.5225138664245605
tf.Tensor(-10369.953846575823, shape=(), dtype=float64)
nll_grad  cost time: 2.6014022827148438
tf.Tensor(-10374.593291124358, shape=(), dtype=float64)
nll_grad  cost time: 2.5828514099121094
tf.Tensor(-10380.895810294838, shape=(), dtype=float64)
nll_grad  cost time: 2.54783296585083
tf.Tensor(-10386.91268279207, shape=(), dtype=float64)
nll_grad  cost time: 2.5329995155334473
tf.Tensor(-10394.756388419482, shape=(), dtype=float64)
nll_grad  cost time: 2.48336124420166
tf.Tensor(-10404.091770036597, shape=(), dtype=float64)
nll_grad  cost time: 2.5060486793518066
tf.Tensor(-10413.75543356553, shape=(), dtype=float64)
nll_grad  cost time: 2.5272254943847656
tf.Tensor(-10422.008206694663, shape=(), dtype=float64)
nll_grad  cost time: 2.5034267902374268
tf.Tensor(-10430.338140104024, shape=(), dtype=float64)
nll_grad  cost time: 2.5473713874816895
tf.Tensor(-10439.306280596124, shape=(), dtype=float64)
nll_grad  cost time: 2.751176595687866
nll_grad  cost time: 2.5203678607940674
tf.Tensor(-10444.771307430623, shape=(), dtype=float64)
nll_grad  cost time: 2.56398868560791
tf.Tensor(-10451.272633849498, shape=(), dtype=float64)
nll_grad  cost time: 2.5651204586029053
tf.Tensor(-10456.748714043919, shape=(), dtype=float64)
nll_grad  cost time: 2.574751138687134
tf.Tensor(-10461.32002599856, shape=(), dtype=float64)
nll_grad  cost time: 2.6040077209472656
tf.Tensor(-10467.479692414374, shape=(), dtype=float64)
nll_grad  cost time: 2.6266684532165527
tf.Tensor(-10472.49727909328, shape=(), dtype=float64)
nll_grad  cost time: 2.6263110637664795
tf.Tensor(-10477.928183165073, shape=(), dtype=float64)
nll_grad  cost time: 2.640313148498535
nll_grad  cost time: 2.6082303524017334
tf.Tensor(-10480.747192215655, shape=(), dtype=float64)
nll_grad  cost time: 2.7110066413879395
tf.Tensor(-10484.39911446767, shape=(), dtype=float64)
nll_grad  cost time: 2.769418954849243
tf.Tensor(-10489.391158875864, shape=(), dtype=float64)
nll_grad  cost time: 2.6784958839416504
tf.Tensor(-10495.037782454572, shape=(), dtype=float64)
nll_grad  cost time: 2.753800868988037
tf.Tensor(-10502.10498872878, shape=(), dtype=float64)
nll_grad  cost time: 2.850313425064087
tf.Tensor(-10508.145149810502, shape=(), dtype=float64)
nll_grad  cost time: 2.826820135116577
tf.Tensor(-10514.521220102863, shape=(), dtype=float64)
nll_grad  cost time: 2.7809627056121826
tf.Tensor(-10520.223527932845, shape=(), dtype=float64)
nll_grad  cost time: 2.7092790603637695
tf.Tensor(-10525.253348354207, shape=(), dtype=float64)
nll_grad  cost time: 2.7132179737091064
tf.Tensor(-10530.294197450741, shape=(), dtype=float64)
nll_grad  cost time: 2.7159006595611572
tf.Tensor(-10535.75534983039, shape=(), dtype=float64)
nll_grad  cost time: 2.6956467628479004
tf.Tensor(-10540.53647469214, shape=(), dtype=float64)
nll_grad  cost time: 2.8261220455169678
tf.Tensor(-10545.999327096783, shape=(), dtype=float64)
nll_grad  cost time: 2.936378002166748
tf.Tensor(-10550.34608050836, shape=(), dtype=float64)
nll_grad  cost time: 2.7085647583007812
tf.Tensor(-10554.025594571722, shape=(), dtype=float64)
nll_grad  cost time: 2.661726713180542
tf.Tensor(-10558.578577010136, shape=(), dtype=float64)
nll_grad  cost time: 2.6904125213623047
tf.Tensor(-10564.483597406972, shape=(), dtype=float64)
nll_grad  cost time: 2.6692895889282227
tf.Tensor(-10568.931758703577, shape=(), dtype=float64)
nll_grad  cost time: 2.7552576065063477
tf.Tensor(-10573.095830617938, shape=(), dtype=float64)
nll_grad  cost time: 2.715557336807251
tf.Tensor(-10577.685363271012, shape=(), dtype=float64)
nll_grad  cost time: 2.6715164184570312
tf.Tensor(-10583.235520934424, shape=(), dtype=float64)
nll_grad  cost time: 2.7267627716064453
tf.Tensor(-10590.950227401365, shape=(), dtype=float64)
nll_grad  cost time: 2.5841474533081055
tf.Tensor(-10595.218068950402, shape=(), dtype=float64)
nll_grad  cost time: 2.6715707778930664
tf.Tensor(-10600.055651724047, shape=(), dtype=float64)
nll_grad  cost time: 2.6883201599121094
tf.Tensor(-10604.747457011748, shape=(), dtype=float64)
nll_grad  cost time: 2.7496278285980225
tf.Tensor(-10607.216756070586, shape=(), dtype=float64)
nll_grad  cost time: 2.591170072555542
tf.Tensor(-10610.118393009747, shape=(), dtype=float64)
nll_grad  cost time: 2.7703921794891357
tf.Tensor(-10613.841823272232, shape=(), dtype=float64)
nll_grad  cost time: 2.6410257816314697
tf.Tensor(-10619.614445405998, shape=(), dtype=float64)
nll_grad  cost time: 2.656635284423828
tf.Tensor(-10623.600959292336, shape=(), dtype=float64)
nll_grad  cost time: 2.6669697761535645
tf.Tensor(-10628.259995769928, shape=(), dtype=float64)
nll_grad  cost time: 2.6470229625701904
nll_grad  cost time: 2.552273750305176
tf.Tensor(-10630.669995857199, shape=(), dtype=float64)
nll_grad  cost time: 2.620453357696533
tf.Tensor(-10634.297245123278, shape=(), dtype=float64)
nll_grad  cost time: 2.6543312072753906
tf.Tensor(-10638.260008915968, shape=(), dtype=float64)
nll_grad  cost time: 2.577453851699829
tf.Tensor(-10639.753870554428, shape=(), dtype=float64)
nll_grad  cost time: 2.693596601486206
tf.Tensor(-10642.245432887605, shape=(), dtype=float64)
nll_grad  cost time: 2.5956997871398926
tf.Tensor(-10644.954330485984, shape=(), dtype=float64)
nll_grad  cost time: 2.631781578063965
tf.Tensor(-10647.805824962357, shape=(), dtype=float64)
nll_grad  cost time: 2.6312389373779297
tf.Tensor(-10649.996415160102, shape=(), dtype=float64)
nll_grad  cost time: 2.6246533393859863
tf.Tensor(-10652.496687626248, shape=(), dtype=float64)
nll_grad  cost time: 2.7972159385681152
tf.Tensor(-10655.340502714957, shape=(), dtype=float64)
nll_grad  cost time: 2.8278725147247314
tf.Tensor(-10657.179572539695, shape=(), dtype=float64)
nll_grad  cost time: 2.846421003341675
tf.Tensor(-10659.28557176124, shape=(), dtype=float64)
nll_grad  cost time: 2.726198434829712
tf.Tensor(-10661.90216026426, shape=(), dtype=float64)
nll_grad  cost time: 2.6621532440185547
tf.Tensor(-10664.14269660013, shape=(), dtype=float64)
nll_grad  cost time: 2.6490941047668457
tf.Tensor(-10666.94379203183, shape=(), dtype=float64)
nll_grad  cost time: 2.8002586364746094
tf.Tensor(-10669.605276399292, shape=(), dtype=float64)
nll_grad  cost time: 2.5909359455108643
tf.Tensor(-10671.891189087648, shape=(), dtype=float64)
nll_grad  cost time: 2.6330342292785645
tf.Tensor(-10673.645380817834, shape=(), dtype=float64)
nll_grad  cost time: 2.63832688331604
tf.Tensor(-10675.966726944505, shape=(), dtype=float64)
nll_grad  cost time: 2.6832873821258545
tf.Tensor(-10677.572828642864, shape=(), dtype=float64)
nll_grad  cost time: 2.581618309020996
tf.Tensor(-10679.518507265195, shape=(), dtype=float64)
nll_grad  cost time: 2.6100473403930664
tf.Tensor(-10681.374890519975, shape=(), dtype=float64)
nll_grad  cost time: 2.6404175758361816
tf.Tensor(-10683.164654979104, shape=(), dtype=float64)
nll_grad  cost time: 2.641087770462036
tf.Tensor(-10684.521258309818, shape=(), dtype=float64)
nll_grad  cost time: 2.667672634124756
tf.Tensor(-10685.98503395624, shape=(), dtype=float64)
nll_grad  cost time: 2.689929962158203
tf.Tensor(-10687.122295311972, shape=(), dtype=float64)
nll_grad  cost time: 2.828855037689209
tf.Tensor(-10688.835243365334, shape=(), dtype=float64)
nll_grad  cost time: 2.7286553382873535
tf.Tensor(-10691.222719466808, shape=(), dtype=float64)
nll_grad  cost time: 2.71860933303833
tf.Tensor(-10694.640737309644, shape=(), dtype=float64)
nll_grad  cost time: 2.6131374835968018
tf.Tensor(-10698.289137919055, shape=(), dtype=float64)
nll_grad  cost time: 2.6255555152893066
nll_grad  cost time: 2.6166160106658936
tf.Tensor(-10700.256184630241, shape=(), dtype=float64)
nll_grad  cost time: 2.7569620609283447
tf.Tensor(-10702.156535763002, shape=(), dtype=float64)
nll_grad  cost time: 2.7286593914031982
tf.Tensor(-10704.80645294908, shape=(), dtype=float64)
nll_grad  cost time: 2.6678359508514404
tf.Tensor(-10706.917544620665, shape=(), dtype=float64)
nll_grad  cost time: 2.6644022464752197
tf.Tensor(-10708.965019266543, shape=(), dtype=float64)
nll_grad  cost time: 2.682560682296753
tf.Tensor(-10711.079680666488, shape=(), dtype=float64)
nll_grad  cost time: 2.91666841506958
tf.Tensor(-10712.3118287127, shape=(), dtype=float64)
nll_grad  cost time: 2.704319953918457
tf.Tensor(-10713.882074542504, shape=(), dtype=float64)
nll_grad  cost time: 2.6428229808807373
tf.Tensor(-10715.304832487891, shape=(), dtype=float64)
nll_grad  cost time: 2.78340220451355
tf.Tensor(-10717.055087135319, shape=(), dtype=float64)
nll_grad  cost time: 2.676546812057495
tf.Tensor(-10718.980885055775, shape=(), dtype=float64)
nll_grad  cost time: 2.666283369064331
tf.Tensor(-10720.927739763923, shape=(), dtype=float64)
nll_grad  cost time: 2.6327931880950928
tf.Tensor(-10722.749860242402, shape=(), dtype=float64)
nll_grad  cost time: 2.6936328411102295
tf.Tensor(-10724.916154152059, shape=(), dtype=float64)
nll_grad  cost time: 2.771639108657837
tf.Tensor(-10726.54737383411, shape=(), dtype=float64)
nll_grad  cost time: 2.739466428756714
tf.Tensor(-10728.352544787747, shape=(), dtype=float64)
nll_grad  cost time: 2.6983749866485596
tf.Tensor(-10730.684155306168, shape=(), dtype=float64)
nll_grad  cost time: 2.7956438064575195
tf.Tensor(-10732.027490038934, shape=(), dtype=float64)
nll_grad  cost time: 2.5304574966430664
tf.Tensor(-10733.828062857705, shape=(), dtype=float64)
nll_grad  cost time: 2.6558306217193604
tf.Tensor(-10735.666139827474, shape=(), dtype=float64)
nll_grad  cost time: 2.7089273929595947
tf.Tensor(-10737.092332004555, shape=(), dtype=float64)
nll_grad  cost time: 2.6515963077545166
tf.Tensor(-10738.85308464845, shape=(), dtype=float64)
nll_grad  cost time: 2.6547200679779053
tf.Tensor(-10740.811740787904, shape=(), dtype=float64)
nll_grad  cost time: 2.6568427085876465
tf.Tensor(-10742.879284380295, shape=(), dtype=float64)
nll_grad  cost time: 2.6787493228912354
tf.Tensor(-10744.494813817626, shape=(), dtype=float64)
nll_grad  cost time: 2.9540977478027344
tf.Tensor(-10745.28286119971, shape=(), dtype=float64)
nll_grad  cost time: 2.8364899158477783
tf.Tensor(-10746.537042949232, shape=(), dtype=float64)
nll_grad  cost time: 2.7154722213745117
tf.Tensor(-10748.281155879638, shape=(), dtype=float64)
nll_grad  cost time: 2.7645771503448486
tf.Tensor(-10750.162808304973, shape=(), dtype=float64)
nll_grad  cost time: 2.613327741622925
tf.Tensor(-10751.569213832656, shape=(), dtype=float64)
nll_grad  cost time: 2.646397352218628
tf.Tensor(-10752.702818856356, shape=(), dtype=float64)
nll_grad  cost time: 2.871525526046753
tf.Tensor(-10754.252307785733, shape=(), dtype=float64)
nll_grad  cost time: 2.8199679851531982
tf.Tensor(-10755.9875288943, shape=(), dtype=float64)
nll_grad  cost time: 2.734269618988037
tf.Tensor(-10757.054977240768, shape=(), dtype=float64)
nll_grad  cost time: 2.6426708698272705
tf.Tensor(-10758.595339202584, shape=(), dtype=float64)
nll_grad  cost time: 2.8005552291870117
tf.Tensor(-10760.372274557012, shape=(), dtype=float64)
nll_grad  cost time: 2.661245822906494
tf.Tensor(-10761.75515379582, shape=(), dtype=float64)
nll_grad  cost time: 2.657663583755493
tf.Tensor(-10763.25146208382, shape=(), dtype=float64)
nll_grad  cost time: 2.640554904937744
tf.Tensor(-10764.76664470612, shape=(), dtype=float64)
nll_grad  cost time: 2.6880598068237305
tf.Tensor(-10766.380114911488, shape=(), dtype=float64)
nll_grad  cost time: 2.5822947025299072
tf.Tensor(-10767.193529605021, shape=(), dtype=float64)
nll_grad  cost time: 2.6292028427124023
tf.Tensor(-10768.24807961742, shape=(), dtype=float64)
nll_grad  cost time: 2.550154685974121
tf.Tensor(-10769.655147826546, shape=(), dtype=float64)
nll_grad  cost time: 2.595510959625244
tf.Tensor(-10770.66205532659, shape=(), dtype=float64)
nll_grad  cost time: 2.5879077911376953
tf.Tensor(-10772.060070612119, shape=(), dtype=float64)
nll_grad  cost time: 2.5961520671844482
tf.Tensor(-10773.411865615504, shape=(), dtype=float64)
nll_grad  cost time: 2.5825891494750977
tf.Tensor(-10774.679490799237, shape=(), dtype=float64)
nll_grad  cost time: 2.6522579193115234
tf.Tensor(-10776.336523336424, shape=(), dtype=float64)
nll_grad  cost time: 2.877045154571533
tf.Tensor(-10777.592432690079, shape=(), dtype=float64)
nll_grad  cost time: 2.7049498558044434
tf.Tensor(-10778.695906411078, shape=(), dtype=float64)
nll_grad  cost time: 2.7999520301818848
tf.Tensor(-10779.594459866013, shape=(), dtype=float64)
nll_grad  cost time: 3.0910491943359375
tf.Tensor(-10780.723337910604, shape=(), dtype=float64)
nll_grad  cost time: 2.580533027648926
tf.Tensor(-10781.633189274522, shape=(), dtype=float64)
nll_grad  cost time: 2.757507085800171
tf.Tensor(-10782.316613971037, shape=(), dtype=float64)
nll_grad  cost time: 2.687039852142334
tf.Tensor(-10783.089266076298, shape=(), dtype=float64)
nll_grad  cost time: 2.61372971534729
tf.Tensor(-10783.54563586889, shape=(), dtype=float64)
nll_grad  cost time: 2.6509506702423096
tf.Tensor(-10784.145570087283, shape=(), dtype=float64)
nll_grad  cost time: 2.8704538345336914
tf.Tensor(-10784.72137152576, shape=(), dtype=float64)
nll_grad  cost time: 2.713693857192993
tf.Tensor(-10785.222282538089, shape=(), dtype=float64)
nll_grad  cost time: 2.647822380065918
tf.Tensor(-10785.766703310423, shape=(), dtype=float64)
nll_grad  cost time: 2.696422815322876
tf.Tensor(-10786.463628052858, shape=(), dtype=float64)
nll_grad  cost time: 2.7462234497070312
tf.Tensor(-10787.042958742139, shape=(), dtype=float64)
nll_grad  cost time: 2.685471773147583
tf.Tensor(-10787.657760017952, shape=(), dtype=float64)
nll_grad  cost time: 2.719799518585205
tf.Tensor(-10788.361488766815, shape=(), dtype=float64)
nll_grad  cost time: 2.695976972579956
tf.Tensor(-10788.947680194324, shape=(), dtype=float64)
nll_grad  cost time: 2.6780688762664795
tf.Tensor(-10789.715922751864, shape=(), dtype=float64)
nll_grad  cost time: 2.584968090057373
tf.Tensor(-10790.407796263338, shape=(), dtype=float64)
nll_grad  cost time: 2.7437589168548584
tf.Tensor(-10791.083836864738, shape=(), dtype=float64)
nll_grad  cost time: 2.661357879638672
tf.Tensor(-10791.596396125475, shape=(), dtype=float64)
nll_grad  cost time: 2.652555465698242
tf.Tensor(-10792.23567986326, shape=(), dtype=float64)
nll_grad  cost time: 2.7092182636260986
tf.Tensor(-10792.935411529157, shape=(), dtype=float64)
nll_grad  cost time: 2.8129115104675293
tf.Tensor(-10793.191621737817, shape=(), dtype=float64)
nll_grad  cost time: 2.836475133895874
tf.Tensor(-10793.625363980173, shape=(), dtype=float64)
nll_grad  cost time: 2.7439656257629395
tf.Tensor(-10794.239695601835, shape=(), dtype=float64)
nll_grad  cost time: 2.6025209426879883
tf.Tensor(-10794.906585639932, shape=(), dtype=float64)
nll_grad  cost time: 2.8223445415496826
tf.Tensor(-10795.401460403387, shape=(), dtype=float64)
nll_grad  cost time: 2.777005195617676
tf.Tensor(-10796.08813842875, shape=(), dtype=float64)
nll_grad  cost time: 2.7344770431518555
tf.Tensor(-10796.899686021927, shape=(), dtype=float64)
nll_grad  cost time: 2.7702796459198
tf.Tensor(-10797.32608975526, shape=(), dtype=float64)
nll_grad  cost time: 2.7198691368103027
tf.Tensor(-10797.946922077273, shape=(), dtype=float64)
nll_grad  cost time: 2.852905750274658
tf.Tensor(-10798.721886785126, shape=(), dtype=float64)
nll_grad  cost time: 2.7191739082336426
tf.Tensor(-10799.33147960531, shape=(), dtype=float64)
nll_grad  cost time: 2.7316322326660156
tf.Tensor(-10799.883765180915, shape=(), dtype=float64)
nll_grad  cost time: 2.8176143169403076
tf.Tensor(-10800.266310865401, shape=(), dtype=float64)
nll_grad  cost time: 2.7942302227020264
tf.Tensor(-10800.670058956828, shape=(), dtype=float64)
nll_grad  cost time: 2.847883939743042
tf.Tensor(-10801.184223454336, shape=(), dtype=float64)
nll_grad  cost time: 2.7198078632354736
tf.Tensor(-10801.52578744931, shape=(), dtype=float64)
nll_grad  cost time: 2.7060112953186035
tf.Tensor(-10801.916923868455, shape=(), dtype=float64)
nll_grad  cost time: 2.6260812282562256
tf.Tensor(-10802.325055937552, shape=(), dtype=float64)
nll_grad  cost time: 2.7688279151916504
tf.Tensor(-10802.751024455552, shape=(), dtype=float64)
nll_grad  cost time: 2.8061087131500244
tf.Tensor(-10803.185833969095, shape=(), dtype=float64)
nll_grad  cost time: 2.7966806888580322
tf.Tensor(-10803.800582308293, shape=(), dtype=float64)
nll_grad  cost time: 2.8616199493408203
tf.Tensor(-10804.433320252516, shape=(), dtype=float64)
nll_grad  cost time: 2.9112093448638916
tf.Tensor(-10804.871556801336, shape=(), dtype=float64)
nll_grad  cost time: 3.141596794128418
tf.Tensor(-10805.3393226091, shape=(), dtype=float64)
nll_grad  cost time: 2.721665143966675
tf.Tensor(-10805.732420058368, shape=(), dtype=float64)
nll_grad  cost time: 2.7653794288635254
tf.Tensor(-10806.277260479212, shape=(), dtype=float64)
nll_grad  cost time: 2.726402997970581
tf.Tensor(-10806.80394596207, shape=(), dtype=float64)
nll_grad  cost time: 2.705962657928467
tf.Tensor(-10807.189161801645, shape=(), dtype=float64)
nll_grad  cost time: 2.706688642501831
tf.Tensor(-10807.595010142599, shape=(), dtype=float64)
nll_grad  cost time: 2.6612346172332764
tf.Tensor(-10808.100359201148, shape=(), dtype=float64)
nll_grad  cost time: 3.0115394592285156
tf.Tensor(-10808.55974005915, shape=(), dtype=float64)
nll_grad  cost time: 2.7851083278656006
tf.Tensor(-10808.850743092378, shape=(), dtype=float64)
nll_grad  cost time: 2.739104986190796
tf.Tensor(-10809.201755727852, shape=(), dtype=float64)
nll_grad  cost time: 2.6797492504119873
tf.Tensor(-10809.53641124889, shape=(), dtype=float64)
nll_grad  cost time: 2.8367536067962646
tf.Tensor(-10809.77971995606, shape=(), dtype=float64)
nll_grad  cost time: 2.8408079147338867
tf.Tensor(-10810.132600840683, shape=(), dtype=float64)
nll_grad  cost time: 3.0174102783203125
tf.Tensor(-10810.559766527003, shape=(), dtype=float64)
nll_grad  cost time: 2.883209466934204
tf.Tensor(-10810.669312965787, shape=(), dtype=float64)
nll_grad  cost time: 2.9326961040496826
tf.Tensor(-10810.83862703896, shape=(), dtype=float64)
nll_grad  cost time: 2.994676113128662
tf.Tensor(-10810.993462118793, shape=(), dtype=float64)
nll_grad  cost time: 2.942018985748291
tf.Tensor(-10811.145961372495, shape=(), dtype=float64)
nll_grad  cost time: 3.0038435459136963
tf.Tensor(-10811.2958386174, shape=(), dtype=float64)
nll_grad  cost time: 2.84857177734375
tf.Tensor(-10811.501221699495, shape=(), dtype=float64)
nll_grad  cost time: 2.853938579559326
tf.Tensor(-10811.786616390971, shape=(), dtype=float64)
nll_grad  cost time: 2.9276156425476074
tf.Tensor(-10811.94470014044, shape=(), dtype=float64)
nll_grad  cost time: 2.7207207679748535
tf.Tensor(-10812.12910693104, shape=(), dtype=float64)
nll_grad  cost time: 2.7415337562561035
tf.Tensor(-10812.329921026583, shape=(), dtype=float64)
nll_grad  cost time: 2.7052533626556396
tf.Tensor(-10812.585760963477, shape=(), dtype=float64)
nll_grad  cost time: 2.612215042114258
tf.Tensor(-10812.918284435713, shape=(), dtype=float64)
nll_grad  cost time: 2.7016217708587646
tf.Tensor(-10813.176548353797, shape=(), dtype=float64)
nll_grad  cost time: 2.780229330062866
tf.Tensor(-10813.354749881568, shape=(), dtype=float64)
nll_grad  cost time: 2.718859910964966
tf.Tensor(-10813.579901692538, shape=(), dtype=float64)
nll_grad  cost time: 2.8177850246429443
tf.Tensor(-10813.858737994684, shape=(), dtype=float64)
nll_grad  cost time: 2.844465732574463
tf.Tensor(-10814.132969354796, shape=(), dtype=float64)
nll_grad  cost time: 2.7033767700195312
tf.Tensor(-10814.2844456159, shape=(), dtype=float64)
nll_grad  cost time: 2.8450794219970703
tf.Tensor(-10814.4862663803, shape=(), dtype=float64)
nll_grad  cost time: 2.7576563358306885
tf.Tensor(-10814.68097679336, shape=(), dtype=float64)
nll_grad  cost time: 2.743652582168579
tf.Tensor(-10814.865667097438, shape=(), dtype=float64)
nll_grad  cost time: 2.8626441955566406
tf.Tensor(-10815.065286728015, shape=(), dtype=float64)
nll_grad  cost time: 2.7730722427368164
tf.Tensor(-10815.23312718868, shape=(), dtype=float64)
nll_grad  cost time: 2.8179259300231934
tf.Tensor(-10815.382285948872, shape=(), dtype=float64)
nll_grad  cost time: 2.9340481758117676
tf.Tensor(-10815.483656524368, shape=(), dtype=float64)
nll_grad  cost time: 2.8645780086517334
tf.Tensor(-10815.626299013406, shape=(), dtype=float64)
nll_grad  cost time: 2.7476189136505127
tf.Tensor(-10815.807326310867, shape=(), dtype=float64)
nll_grad  cost time: 2.6914374828338623
tf.Tensor(-10816.000981325677, shape=(), dtype=float64)
nll_grad  cost time: 2.6392428874969482
tf.Tensor(-10816.236569047884, shape=(), dtype=float64)
nll_grad  cost time: 2.8078880310058594
tf.Tensor(-10816.391536095936, shape=(), dtype=float64)
nll_grad  cost time: 2.7055559158325195
tf.Tensor(-10816.556648012032, shape=(), dtype=float64)
nll_grad  cost time: 2.7891812324523926
tf.Tensor(-10816.699695944735, shape=(), dtype=float64)
nll_grad  cost time: 2.714246988296509
tf.Tensor(-10816.85863133242, shape=(), dtype=float64)
nll_grad  cost time: 2.6698713302612305
tf.Tensor(-10817.020578949036, shape=(), dtype=float64)
nll_grad  cost time: 2.7002975940704346
tf.Tensor(-10817.193099354554, shape=(), dtype=float64)
nll_grad  cost time: 2.870276689529419
tf.Tensor(-10817.365437425295, shape=(), dtype=float64)
nll_grad  cost time: 2.825995683670044
tf.Tensor(-10817.53613563373, shape=(), dtype=float64)
nll_grad  cost time: 2.764096975326538
tf.Tensor(-10817.69997983794, shape=(), dtype=float64)
nll_grad  cost time: 2.7682456970214844
tf.Tensor(-10817.892536437917, shape=(), dtype=float64)
nll_grad  cost time: 2.7650105953216553
tf.Tensor(-10818.04909203558, shape=(), dtype=float64)
nll_grad  cost time: 2.7117528915405273
tf.Tensor(-10818.196654665604, shape=(), dtype=float64)
nll_grad  cost time: 2.63498592376709
tf.Tensor(-10818.371346772481, shape=(), dtype=float64)
nll_grad  cost time: 2.7263286113739014
tf.Tensor(-10818.605699499523, shape=(), dtype=float64)
nll_grad  cost time: 2.6269490718841553
tf.Tensor(-10818.796643397516, shape=(), dtype=float64)
nll_grad  cost time: 2.7517552375793457
tf.Tensor(-10818.873418996824, shape=(), dtype=float64)
nll_grad  cost time: 2.7122292518615723
tf.Tensor(-10819.005583652186, shape=(), dtype=float64)
nll_grad  cost time: 2.7855629920959473
tf.Tensor(-10819.202688918464, shape=(), dtype=float64)
nll_grad  cost time: 2.842205047607422
tf.Tensor(-10819.341193945918, shape=(), dtype=float64)
nll_grad  cost time: 2.8167777061462402
tf.Tensor(-10819.470325748807, shape=(), dtype=float64)
nll_grad  cost time: 2.7421648502349854
tf.Tensor(-10819.60656272494, shape=(), dtype=float64)
nll_grad  cost time: 2.9740943908691406
tf.Tensor(-10819.7831942368, shape=(), dtype=float64)
nll_grad  cost time: 2.8179399967193604
tf.Tensor(-10819.907991692395, shape=(), dtype=float64)
nll_grad  cost time: 2.7238452434539795
tf.Tensor(-10819.98737205092, shape=(), dtype=float64)
nll_grad  cost time: 2.788546562194824
tf.Tensor(-10820.073968806631, shape=(), dtype=float64)
nll_grad  cost time: 2.709937572479248
tf.Tensor(-10820.123921822713, shape=(), dtype=float64)
nll_grad  cost time: 2.7154648303985596
tf.Tensor(-10820.199096130396, shape=(), dtype=float64)
nll_grad  cost time: 2.7588067054748535
tf.Tensor(-10820.301044189255, shape=(), dtype=float64)
nll_grad  cost time: 2.7012178897857666
tf.Tensor(-10820.387599266971, shape=(), dtype=float64)
nll_grad  cost time: 2.706648349761963
tf.Tensor(-10820.484566534433, shape=(), dtype=float64)
nll_grad  cost time: 2.743319272994995
tf.Tensor(-10820.571812830836, shape=(), dtype=float64)
nll_grad  cost time: 2.8258233070373535
tf.Tensor(-10820.668708215766, shape=(), dtype=float64)
nll_grad  cost time: 2.802335500717163
tf.Tensor(-10820.752707185355, shape=(), dtype=float64)
nll_grad  cost time: 2.8458800315856934
tf.Tensor(-10820.828785081183, shape=(), dtype=float64)
nll_grad  cost time: 2.7491626739501953
tf.Tensor(-10820.89501745352, shape=(), dtype=float64)
nll_grad  cost time: 2.8164587020874023
nll_grad  cost time: 2.6511998176574707
tf.Tensor(-10820.9301970745, shape=(), dtype=float64)
nll_grad  cost time: 2.716301441192627
tf.Tensor(-10820.980300758543, shape=(), dtype=float64)
nll_grad  cost time: 2.735351085662842
tf.Tensor(-10821.023783400371, shape=(), dtype=float64)
nll_grad  cost time: 2.635754108428955
tf.Tensor(-10821.066932033726, shape=(), dtype=float64)
nll_grad  cost time: 2.710200548171997
tf.Tensor(-10821.119336639742, shape=(), dtype=float64)
nll_grad  cost time: 2.7255725860595703
tf.Tensor(-10821.19027747721, shape=(), dtype=float64)
nll_grad  cost time: 2.757103443145752
tf.Tensor(-10821.25541266911, shape=(), dtype=float64)
nll_grad  cost time: 2.967463970184326
tf.Tensor(-10821.316895215823, shape=(), dtype=float64)
nll_grad  cost time: 2.7729861736297607
tf.Tensor(-10821.388514941216, shape=(), dtype=float64)
nll_grad  cost time: 2.720015525817871
tf.Tensor(-10821.47973270953, shape=(), dtype=float64)
nll_grad  cost time: 2.9046547412872314
tf.Tensor(-10821.567134590056, shape=(), dtype=float64)
nll_grad  cost time: 2.7656524181365967
tf.Tensor(-10821.681768088485, shape=(), dtype=float64)
nll_grad  cost time: 2.688920736312866
tf.Tensor(-10821.820633636431, shape=(), dtype=float64)
nll_grad  cost time: 2.712414026260376
tf.Tensor(-10821.921298718335, shape=(), dtype=float64)
nll_grad  cost time: 2.678955078125
tf.Tensor(-10822.014606831108, shape=(), dtype=float64)
nll_grad  cost time: 2.6596219539642334
tf.Tensor(-10822.123902958323, shape=(), dtype=float64)
nll_grad  cost time: 2.7771592140197754
tf.Tensor(-10822.228756509656, shape=(), dtype=float64)
nll_grad  cost time: 2.877556324005127
tf.Tensor(-10822.317245111495, shape=(), dtype=float64)
nll_grad  cost time: 3.0053446292877197
tf.Tensor(-10822.407284944253, shape=(), dtype=float64)
nll_grad  cost time: 2.6758787631988525
tf.Tensor(-10822.51042780817, shape=(), dtype=float64)
nll_grad  cost time: 2.720590829849243
tf.Tensor(-10822.625798600486, shape=(), dtype=float64)
nll_grad  cost time: 2.7773683071136475
tf.Tensor(-10822.714665749532, shape=(), dtype=float64)
nll_grad  cost time: 2.8414416313171387
tf.Tensor(-10822.829227102535, shape=(), dtype=float64)
nll_grad  cost time: 2.75600528717041
tf.Tensor(-10822.90664411433, shape=(), dtype=float64)
nll_grad  cost time: 2.8213131427764893
tf.Tensor(-10822.946695907835, shape=(), dtype=float64)
nll_grad  cost time: 2.633164405822754
tf.Tensor(-10823.003476659047, shape=(), dtype=float64)
nll_grad  cost time: 2.7169792652130127
tf.Tensor(-10823.0742114143, shape=(), dtype=float64)
nll_grad  cost time: 2.853367328643799
tf.Tensor(-10823.14677852331, shape=(), dtype=float64)
nll_grad  cost time: 2.7932329177856445
tf.Tensor(-10823.228196116484, shape=(), dtype=float64)
nll_grad  cost time: 2.8185150623321533
tf.Tensor(-10823.339673884882, shape=(), dtype=float64)
nll_grad  cost time: 2.680112361907959
tf.Tensor(-10823.453292135913, shape=(), dtype=float64)
nll_grad  cost time: 2.9444217681884766
tf.Tensor(-10823.58932499912, shape=(), dtype=float64)
nll_grad  cost time: 2.763654947280884
tf.Tensor(-10823.784038694634, shape=(), dtype=float64)
nll_grad  cost time: 2.8531124591827393
tf.Tensor(-10824.032460099428, shape=(), dtype=float64)
nll_grad  cost time: 2.831321954727173
tf.Tensor(-10824.264680067849, shape=(), dtype=float64)
nll_grad  cost time: 2.913638114929199
tf.Tensor(-10824.428107643413, shape=(), dtype=float64)
nll_grad  cost time: 2.68343448638916
tf.Tensor(-10824.672664467202, shape=(), dtype=float64)
nll_grad  cost time: 2.7670931816101074
tf.Tensor(-10824.896139531396, shape=(), dtype=float64)
nll_grad  cost time: 2.861863613128662
tf.Tensor(-10825.058684577132, shape=(), dtype=float64)
nll_grad  cost time: 2.933008909225464
tf.Tensor(-10825.280390097716, shape=(), dtype=float64)
nll_grad  cost time: 2.797041416168213
tf.Tensor(-10825.538727877552, shape=(), dtype=float64)
nll_grad  cost time: 2.8364052772521973
tf.Tensor(-10825.820854412406, shape=(), dtype=float64)
nll_grad  cost time: 2.7955238819122314
nll_grad  cost time: 2.6982433795928955
tf.Tensor(-10825.96232506656, shape=(), dtype=float64)
nll_grad  cost time: 3.090059995651245
tf.Tensor(-10826.155212311409, shape=(), dtype=float64)
nll_grad  cost time: 2.7857792377471924
tf.Tensor(-10826.373098933778, shape=(), dtype=float64)
nll_grad  cost time: 2.6182827949523926
tf.Tensor(-10826.61111739061, shape=(), dtype=float64)
nll_grad  cost time: 2.7931416034698486
tf.Tensor(-10826.84437600273, shape=(), dtype=float64)
nll_grad  cost time: 2.7991936206817627
tf.Tensor(-10827.050712181517, shape=(), dtype=float64)
nll_grad  cost time: 2.851562261581421
tf.Tensor(-10827.194388573662, shape=(), dtype=float64)
nll_grad  cost time: 2.9344446659088135
tf.Tensor(-10827.398922985587, shape=(), dtype=float64)
nll_grad  cost time: 2.872872829437256
tf.Tensor(-10827.61847056551, shape=(), dtype=float64)
nll_grad  cost time: 2.715010404586792
tf.Tensor(-10827.794778352269, shape=(), dtype=float64)
nll_grad  cost time: 2.74215030670166
tf.Tensor(-10827.978132884935, shape=(), dtype=float64)
nll_grad  cost time: 2.714655876159668
tf.Tensor(-10828.143468512812, shape=(), dtype=float64)
nll_grad  cost time: 2.698866128921509
tf.Tensor(-10828.377328808223, shape=(), dtype=float64)
nll_grad  cost time: 2.767244815826416
tf.Tensor(-10828.593499663519, shape=(), dtype=float64)
nll_grad  cost time: 2.702723264694214
tf.Tensor(-10828.86965248223, shape=(), dtype=float64)
nll_grad  cost time: 2.7469584941864014
tf.Tensor(-10829.173117341816, shape=(), dtype=float64)
nll_grad  cost time: 2.7838923931121826
tf.Tensor(-10829.510578393041, shape=(), dtype=float64)
nll_grad  cost time: 2.9484550952911377
nll_grad  cost time: 2.805685520172119
tf.Tensor(-10829.699874362756, shape=(), dtype=float64)
nll_grad  cost time: 2.8061017990112305
tf.Tensor(-10829.846988191195, shape=(), dtype=float64)
nll_grad  cost time: 2.858043670654297
tf.Tensor(-10830.074174695452, shape=(), dtype=float64)
nll_grad  cost time: 2.8523285388946533
tf.Tensor(-10830.313761643869, shape=(), dtype=float64)
nll_grad  cost time: 2.9373812675476074
tf.Tensor(-10830.545124892567, shape=(), dtype=float64)
nll_grad  cost time: 2.9343230724334717
tf.Tensor(-10830.73979713444, shape=(), dtype=float64)
nll_grad  cost time: 2.7866387367248535
tf.Tensor(-10830.877884465794, shape=(), dtype=float64)
nll_grad  cost time: 2.808793306350708
tf.Tensor(-10831.070249272198, shape=(), dtype=float64)
nll_grad  cost time: 2.87510347366333
tf.Tensor(-10831.251716677834, shape=(), dtype=float64)
nll_grad  cost time: 2.749610662460327
tf.Tensor(-10831.382717442073, shape=(), dtype=float64)
nll_grad  cost time: 2.8936691284179688
tf.Tensor(-10831.447828828088, shape=(), dtype=float64)
nll_grad  cost time: 2.863210916519165
tf.Tensor(-10831.534463542856, shape=(), dtype=float64)
nll_grad  cost time: 2.845860481262207
tf.Tensor(-10831.635082414716, shape=(), dtype=float64)
nll_grad  cost time: 2.8720703125
tf.Tensor(-10831.752461054522, shape=(), dtype=float64)
nll_grad  cost time: 2.8849337100982666
tf.Tensor(-10831.893887928825, shape=(), dtype=float64)
nll_grad  cost time: 2.7483410835266113
tf.Tensor(-10832.002558602806, shape=(), dtype=float64)
nll_grad  cost time: 2.9295101165771484
tf.Tensor(-10832.131549322643, shape=(), dtype=float64)
nll_grad  cost time: 2.8236613273620605
tf.Tensor(-10832.262778278848, shape=(), dtype=float64)
nll_grad  cost time: 2.7498505115509033
tf.Tensor(-10832.409350273687, shape=(), dtype=float64)
nll_grad  cost time: 2.6532790660858154
tf.Tensor(-10832.530417466121, shape=(), dtype=float64)
nll_grad  cost time: 2.7986643314361572
tf.Tensor(-10832.661846912531, shape=(), dtype=float64)
nll_grad  cost time: 2.9432320594787598
tf.Tensor(-10832.818606594214, shape=(), dtype=float64)
nll_grad  cost time: 2.814405679702759
tf.Tensor(-10832.90311854316, shape=(), dtype=float64)
nll_grad  cost time: 2.821913719177246
tf.Tensor(-10833.000334782198, shape=(), dtype=float64)
nll_grad  cost time: 2.763521909713745
tf.Tensor(-10833.072008850686, shape=(), dtype=float64)
nll_grad  cost time: 2.708763360977173
tf.Tensor(-10833.164950241851, shape=(), dtype=float64)
nll_grad  cost time: 2.7286503314971924
nll_grad  cost time: 2.687431573867798
tf.Tensor(-10833.224666015449, shape=(), dtype=float64)
nll_grad  cost time: 2.795703411102295
tf.Tensor(-10833.26802954189, shape=(), dtype=float64)
nll_grad  cost time: 2.6257011890411377
tf.Tensor(-10833.3186650215, shape=(), dtype=float64)
nll_grad  cost time: 2.8925654888153076
tf.Tensor(-10833.364867425269, shape=(), dtype=float64)
nll_grad  cost time: 2.7853968143463135
tf.Tensor(-10833.410525727159, shape=(), dtype=float64)
nll_grad  cost time: 3.0347740650177
tf.Tensor(-10833.45693007586, shape=(), dtype=float64)
nll_grad  cost time: 2.63976788520813
tf.Tensor(-10833.52224736593, shape=(), dtype=float64)
nll_grad  cost time: 2.7928402423858643
tf.Tensor(-10833.609906452657, shape=(), dtype=float64)
nll_grad  cost time: 2.8492517471313477
tf.Tensor(-10833.672431776147, shape=(), dtype=float64)
nll_grad  cost time: 2.7515480518341064
tf.Tensor(-10833.724937776351, shape=(), dtype=float64)
nll_grad  cost time: 2.8210878372192383
tf.Tensor(-10833.775016126805, shape=(), dtype=float64)
nll_grad  cost time: 2.7442455291748047
tf.Tensor(-10833.809978067758, shape=(), dtype=float64)
nll_grad  cost time: 2.6772122383117676
tf.Tensor(-10833.827110240614, shape=(), dtype=float64)
nll_grad  cost time: 2.725290298461914
tf.Tensor(-10833.85314233767, shape=(), dtype=float64)
nll_grad  cost time: 2.71346116065979
tf.Tensor(-10833.888711909822, shape=(), dtype=float64)
nll_grad  cost time: 2.820089101791382
tf.Tensor(-10833.927848225103, shape=(), dtype=float64)
nll_grad  cost time: 2.7762081623077393
tf.Tensor(-10833.979006685913, shape=(), dtype=float64)
nll_grad  cost time: 2.673916816711426
tf.Tensor(-10834.03460314418, shape=(), dtype=float64)
nll_grad  cost time: 2.7893810272216797
tf.Tensor(-10834.079401100818, shape=(), dtype=float64)
nll_grad  cost time: 2.8109123706817627
tf.Tensor(-10834.130213186101, shape=(), dtype=float64)
nll_grad  cost time: 2.7648050785064697
tf.Tensor(-10834.196570191503, shape=(), dtype=float64)
nll_grad  cost time: 2.621704578399658
tf.Tensor(-10834.250454326473, shape=(), dtype=float64)
nll_grad  cost time: 2.7352118492126465
tf.Tensor(-10834.30033514776, shape=(), dtype=float64)
nll_grad  cost time: 2.8017032146453857
tf.Tensor(-10834.347211430548, shape=(), dtype=float64)
nll_grad  cost time: 2.71112060546875
tf.Tensor(-10834.389718779123, shape=(), dtype=float64)
nll_grad  cost time: 2.970376968383789
tf.Tensor(-10834.421695359211, shape=(), dtype=float64)
nll_grad  cost time: 2.8805158138275146
tf.Tensor(-10834.451139505065, shape=(), dtype=float64)
nll_grad  cost time: 2.6883609294891357
tf.Tensor(-10834.475342431273, shape=(), dtype=float64)
nll_grad  cost time: 2.680870771408081
tf.Tensor(-10834.500517363049, shape=(), dtype=float64)
nll_grad  cost time: 2.800882577896118
tf.Tensor(-10834.526066598191, shape=(), dtype=float64)
nll_grad  cost time: 2.8146514892578125
tf.Tensor(-10834.544383646818, shape=(), dtype=float64)
nll_grad  cost time: 2.6867499351501465
tf.Tensor(-10834.562300384787, shape=(), dtype=float64)
nll_grad  cost time: 2.7298007011413574
tf.Tensor(-10834.577569147099, shape=(), dtype=float64)
nll_grad  cost time: 2.8057918548583984
tf.Tensor(-10834.594870109802, shape=(), dtype=float64)
nll_grad  cost time: 2.747380018234253
tf.Tensor(-10834.613325030252, shape=(), dtype=float64)
nll_grad  cost time: 2.769409418106079
tf.Tensor(-10834.639746389272, shape=(), dtype=float64)
nll_grad  cost time: 2.764941930770874
tf.Tensor(-10834.667756127179, shape=(), dtype=float64)
nll_grad  cost time: 2.968007802963257
tf.Tensor(-10834.694742762877, shape=(), dtype=float64)
nll_grad  cost time: 2.964693784713745
tf.Tensor(-10834.724661582404, shape=(), dtype=float64)
nll_grad  cost time: 2.672529697418213
tf.Tensor(-10834.765253184742, shape=(), dtype=float64)
nll_grad  cost time: 2.685952663421631
tf.Tensor(-10834.803449403815, shape=(), dtype=float64)
nll_grad  cost time: 2.6852307319641113
tf.Tensor(-10834.835851676253, shape=(), dtype=float64)
nll_grad  cost time: 2.6930015087127686
tf.Tensor(-10834.864893655213, shape=(), dtype=float64)
nll_grad  cost time: 2.756162643432617
tf.Tensor(-10834.895184981804, shape=(), dtype=float64)
nll_grad  cost time: 2.768651247024536
tf.Tensor(-10834.916061145457, shape=(), dtype=float64)
nll_grad  cost time: 2.9706270694732666
tf.Tensor(-10834.945071372706, shape=(), dtype=float64)
nll_grad  cost time: 2.841064214706421
tf.Tensor(-10834.985728310807, shape=(), dtype=float64)
nll_grad  cost time: 2.8526241779327393
tf.Tensor(-10835.013292960713, shape=(), dtype=float64)
nll_grad  cost time: 2.9267349243164062
tf.Tensor(-10835.03411818629, shape=(), dtype=float64)
nll_grad  cost time: 2.8115322589874268
tf.Tensor(-10835.057892976183, shape=(), dtype=float64)
nll_grad  cost time: 2.869962215423584
tf.Tensor(-10835.081726402947, shape=(), dtype=float64)
nll_grad  cost time: 2.7284493446350098
tf.Tensor(-10835.106324214634, shape=(), dtype=float64)
nll_grad  cost time: 2.946145534515381
tf.Tensor(-10835.14392642324, shape=(), dtype=float64)
nll_grad  cost time: 2.858710765838623
tf.Tensor(-10835.17842271462, shape=(), dtype=float64)
nll_grad  cost time: 2.9145700931549072
tf.Tensor(-10835.192336021842, shape=(), dtype=float64)
nll_grad  cost time: 2.8872838020324707
tf.Tensor(-10835.21641388096, shape=(), dtype=float64)
nll_grad  cost time: 2.7954390048980713
tf.Tensor(-10835.253118269226, shape=(), dtype=float64)
nll_grad  cost time: 2.8075780868530273
tf.Tensor(-10835.280357013231, shape=(), dtype=float64)
nll_grad  cost time: 3.0720465183258057
tf.Tensor(-10835.29799902888, shape=(), dtype=float64)
nll_grad  cost time: 2.8338115215301514
tf.Tensor(-10835.316788782926, shape=(), dtype=float64)
nll_grad  cost time: 2.786761999130249
tf.Tensor(-10835.344058147624, shape=(), dtype=float64)
nll_grad  cost time: 2.855529546737671
tf.Tensor(-10835.366451847425, shape=(), dtype=float64)
nll_grad  cost time: 2.7086551189422607
tf.Tensor(-10835.38368392118, shape=(), dtype=float64)
nll_grad  cost time: 2.8113484382629395
tf.Tensor(-10835.40792542402, shape=(), dtype=float64)
nll_grad  cost time: 2.7198500633239746
tf.Tensor(-10835.426581008964, shape=(), dtype=float64)
nll_grad  cost time: 3.1022772789001465
tf.Tensor(-10835.436549106824, shape=(), dtype=float64)
nll_grad  cost time: 2.9905080795288086
tf.Tensor(-10835.44873238977, shape=(), dtype=float64)
nll_grad  cost time: 2.7606394290924072
tf.Tensor(-10835.459315117441, shape=(), dtype=float64)
nll_grad  cost time: 2.9370222091674805
tf.Tensor(-10835.46624348197, shape=(), dtype=float64)
nll_grad  cost time: 2.8408620357513428
tf.Tensor(-10835.47481821676, shape=(), dtype=float64)
nll_grad  cost time: 2.9675161838531494
tf.Tensor(-10835.486759779313, shape=(), dtype=float64)
nll_grad  cost time: 2.939234495162964
tf.Tensor(-10835.501664669508, shape=(), dtype=float64)
nll_grad  cost time: 2.922283172607422
tf.Tensor(-10835.51576828974, shape=(), dtype=float64)
nll_grad  cost time: 2.8322393894195557
tf.Tensor(-10835.526302057624, shape=(), dtype=float64)
nll_grad  cost time: 2.7737598419189453
tf.Tensor(-10835.53362424382, shape=(), dtype=float64)
nll_grad  cost time: 2.749688148498535
tf.Tensor(-10835.539415596002, shape=(), dtype=float64)
nll_grad  cost time: 2.7112550735473633
tf.Tensor(-10835.545606966072, shape=(), dtype=float64)
nll_grad  cost time: 2.8078293800354004
tf.Tensor(-10835.552519362995, shape=(), dtype=float64)
nll_grad  cost time: 2.840017557144165
tf.Tensor(-10835.55970832752, shape=(), dtype=float64)
nll_grad  cost time: 2.933629274368286
tf.Tensor(-10835.56691683297, shape=(), dtype=float64)
nll_grad  cost time: 2.7915194034576416
tf.Tensor(-10835.575152575257, shape=(), dtype=float64)
nll_grad  cost time: 2.755124807357788
tf.Tensor(-10835.585358357072, shape=(), dtype=float64)
nll_grad  cost time: 2.7723312377929688
tf.Tensor(-10835.597876257802, shape=(), dtype=float64)
nll_grad  cost time: 2.7369632720947266
tf.Tensor(-10835.611846388048, shape=(), dtype=float64)
nll_grad  cost time: 2.639235019683838
tf.Tensor(-10835.627278090404, shape=(), dtype=float64)
nll_grad  cost time: 2.6844253540039062
tf.Tensor(-10835.645132173457, shape=(), dtype=float64)
nll_grad  cost time: 2.6076197624206543
tf.Tensor(-10835.66448988056, shape=(), dtype=float64)
nll_grad  cost time: 2.8980166912078857
tf.Tensor(-10835.683941944728, shape=(), dtype=float64)
nll_grad  cost time: 2.6511826515197754
tf.Tensor(-10835.7004095972, shape=(), dtype=float64)
nll_grad  cost time: 2.917210817337036
tf.Tensor(-10835.714249998062, shape=(), dtype=float64)
nll_grad  cost time: 3.0932514667510986
tf.Tensor(-10835.726821792, shape=(), dtype=float64)
nll_grad  cost time: 2.9615588188171387
tf.Tensor(-10835.744429544051, shape=(), dtype=float64)
nll_grad  cost time: 2.9405059814453125
tf.Tensor(-10835.769525512638, shape=(), dtype=float64)
nll_grad  cost time: 2.8525843620300293
tf.Tensor(-10835.78930663113, shape=(), dtype=float64)
nll_grad  cost time: 2.986619472503662
tf.Tensor(-10835.800807606123, shape=(), dtype=float64)
nll_grad  cost time: 3.000791549682617
tf.Tensor(-10835.812584627012, shape=(), dtype=float64)
nll_grad  cost time: 2.7372653484344482
tf.Tensor(-10835.823234328469, shape=(), dtype=float64)
nll_grad  cost time: 2.899339199066162
tf.Tensor(-10835.833201404253, shape=(), dtype=float64)
nll_grad  cost time: 2.756194591522217
tf.Tensor(-10835.842688495766, shape=(), dtype=float64)
nll_grad  cost time: 2.8171746730804443
tf.Tensor(-10835.85197377683, shape=(), dtype=float64)
nll_grad  cost time: 3.0510189533233643
tf.Tensor(-10835.861736101135, shape=(), dtype=float64)
nll_grad  cost time: 2.765150308609009
tf.Tensor(-10835.870973426005, shape=(), dtype=float64)
nll_grad  cost time: 2.8507144451141357
tf.Tensor(-10835.879673293937, shape=(), dtype=float64)
nll_grad  cost time: 2.7963457107543945
tf.Tensor(-10835.887539401607, shape=(), dtype=float64)
nll_grad  cost time: 2.7427690029144287
tf.Tensor(-10835.89652169204, shape=(), dtype=float64)
nll_grad  cost time: 2.7339298725128174
tf.Tensor(-10835.902648497402, shape=(), dtype=float64)
nll_grad  cost time: 2.804821252822876
tf.Tensor(-10835.910764063876, shape=(), dtype=float64)
nll_grad  cost time: 2.7309582233428955
tf.Tensor(-10835.918893747395, shape=(), dtype=float64)
nll_grad  cost time: 2.7398557662963867
tf.Tensor(-10835.928384330597, shape=(), dtype=float64)
nll_grad  cost time: 2.6694839000701904
tf.Tensor(-10835.938049245175, shape=(), dtype=float64)
nll_grad  cost time: 2.8804984092712402
tf.Tensor(-10835.948849361754, shape=(), dtype=float64)
nll_grad  cost time: 2.891252040863037
tf.Tensor(-10835.958400385767, shape=(), dtype=float64)
nll_grad  cost time: 2.7896223068237305
tf.Tensor(-10835.967297202762, shape=(), dtype=float64)
nll_grad  cost time: 2.8536741733551025
tf.Tensor(-10835.97662589082, shape=(), dtype=float64)
nll_grad  cost time: 2.747144937515259
tf.Tensor(-10835.986379101581, shape=(), dtype=float64)
nll_grad  cost time: 2.839102268218994
tf.Tensor(-10835.996173556814, shape=(), dtype=float64)
nll_grad  cost time: 2.8058409690856934
tf.Tensor(-10836.007127533194, shape=(), dtype=float64)
nll_grad  cost time: 2.8662641048431396
tf.Tensor(-10836.01944460706, shape=(), dtype=float64)
nll_grad  cost time: 2.825620174407959
tf.Tensor(-10836.029937218707, shape=(), dtype=float64)
nll_grad  cost time: 3.0003366470336914
tf.Tensor(-10836.038836477746, shape=(), dtype=float64)
nll_grad  cost time: 2.7557220458984375
tf.Tensor(-10836.050321103765, shape=(), dtype=float64)
nll_grad  cost time: 2.795722246170044
tf.Tensor(-10836.062729886777, shape=(), dtype=float64)
nll_grad  cost time: 2.9585208892822266
tf.Tensor(-10836.07459260548, shape=(), dtype=float64)
nll_grad  cost time: 2.9260122776031494
tf.Tensor(-10836.090504108848, shape=(), dtype=float64)
nll_grad  cost time: 2.900512218475342
tf.Tensor(-10836.109377306788, shape=(), dtype=float64)
nll_grad  cost time: 2.8282411098480225
tf.Tensor(-10836.13729453681, shape=(), dtype=float64)
nll_grad  cost time: 2.7026734352111816
tf.Tensor(-10836.16843725809, shape=(), dtype=float64)
nll_grad  cost time: 2.7748899459838867
tf.Tensor(-10836.194235117993, shape=(), dtype=float64)
nll_grad  cost time: 2.915754556655884
tf.Tensor(-10836.215029721941, shape=(), dtype=float64)
nll_grad  cost time: 2.8207919597625732
tf.Tensor(-10836.23154388037, shape=(), dtype=float64)
nll_grad  cost time: 2.9210145473480225
tf.Tensor(-10836.247979162774, shape=(), dtype=float64)
nll_grad  cost time: 2.688070297241211
tf.Tensor(-10836.261623391638, shape=(), dtype=float64)
nll_grad  cost time: 2.809103012084961
tf.Tensor(-10836.278774268081, shape=(), dtype=float64)
nll_grad  cost time: 2.7749850749969482
tf.Tensor(-10836.305143758793, shape=(), dtype=float64)
nll_grad  cost time: 2.851529359817505
tf.Tensor(-10836.340640462997, shape=(), dtype=float64)
nll_grad  cost time: 2.9077460765838623
tf.Tensor(-10836.374954429757, shape=(), dtype=float64)
nll_grad  cost time: 2.802375316619873
tf.Tensor(-10836.410850586373, shape=(), dtype=float64)
nll_grad  cost time: 2.733447551727295
tf.Tensor(-10836.425857257462, shape=(), dtype=float64)
nll_grad  cost time: 2.852926731109619
tf.Tensor(-10836.451589271066, shape=(), dtype=float64)
nll_grad  cost time: 2.781179189682007
tf.Tensor(-10836.487487529754, shape=(), dtype=float64)
nll_grad  cost time: 2.898118019104004
tf.Tensor(-10836.52080527242, shape=(), dtype=float64)
nll_grad  cost time: 2.888472557067871
tf.Tensor(-10836.543013236082, shape=(), dtype=float64)
nll_grad  cost time: 2.9659595489501953
tf.Tensor(-10836.575567271619, shape=(), dtype=float64)
nll_grad  cost time: 2.675507068634033
tf.Tensor(-10836.62314854718, shape=(), dtype=float64)
nll_grad  cost time: 2.832836151123047
tf.Tensor(-10836.675462323128, shape=(), dtype=float64)
nll_grad  cost time: 2.793833017349243
tf.Tensor(-10836.711070299149, shape=(), dtype=float64)
nll_grad  cost time: 2.6713943481445312
tf.Tensor(-10836.749194147415, shape=(), dtype=float64)
nll_grad  cost time: 2.60491943359375
tf.Tensor(-10836.765772111838, shape=(), dtype=float64)
nll_grad  cost time: 2.795539140701294
tf.Tensor(-10836.791214947556, shape=(), dtype=float64)
nll_grad  cost time: 2.784202814102173
tf.Tensor(-10836.825124744759, shape=(), dtype=float64)
nll_grad  cost time: 2.7877655029296875
tf.Tensor(-10836.852997129881, shape=(), dtype=float64)
nll_grad  cost time: 2.8502843379974365
tf.Tensor(-10836.886090692817, shape=(), dtype=float64)
nll_grad  cost time: 2.817112445831299
tf.Tensor(-10836.91402394684, shape=(), dtype=float64)
nll_grad  cost time: 2.753152370452881
tf.Tensor(-10836.947592961882, shape=(), dtype=float64)
nll_grad  cost time: 2.8119192123413086
tf.Tensor(-10836.967779833241, shape=(), dtype=float64)
nll_grad  cost time: 2.8416495323181152
tf.Tensor(-10836.999541636524, shape=(), dtype=float64)
nll_grad  cost time: 2.7946150302886963
tf.Tensor(-10837.046919342465, shape=(), dtype=float64)
nll_grad  cost time: 2.812464475631714
tf.Tensor(-10837.091434618713, shape=(), dtype=float64)
nll_grad  cost time: 2.839482069015503
tf.Tensor(-10837.122898809674, shape=(), dtype=float64)
nll_grad  cost time: 2.8593239784240723
tf.Tensor(-10837.148106238456, shape=(), dtype=float64)
nll_grad  cost time: 2.89369535446167
tf.Tensor(-10837.177301551048, shape=(), dtype=float64)
nll_grad  cost time: 2.871183156967163
tf.Tensor(-10837.203413704643, shape=(), dtype=float64)
nll_grad  cost time: 2.6891367435455322
tf.Tensor(-10837.239442951155, shape=(), dtype=float64)
nll_grad  cost time: 2.8573029041290283
tf.Tensor(-10837.286726771421, shape=(), dtype=float64)
nll_grad  cost time: 2.903319835662842
tf.Tensor(-10837.324777833703, shape=(), dtype=float64)
nll_grad  cost time: 2.778585910797119
tf.Tensor(-10837.372058310157, shape=(), dtype=float64)
nll_grad  cost time: 2.852989912033081
tf.Tensor(-10837.39732940228, shape=(), dtype=float64)
nll_grad  cost time: 2.917522668838501
tf.Tensor(-10837.433169335138, shape=(), dtype=float64)
nll_grad  cost time: 2.778836250305176
tf.Tensor(-10837.479323825144, shape=(), dtype=float64)
nll_grad  cost time: 2.695908308029175
tf.Tensor(-10837.519275791747, shape=(), dtype=float64)
nll_grad  cost time: 2.703409433364868
tf.Tensor(-10837.562582902861, shape=(), dtype=float64)
nll_grad  cost time: 2.713057279586792
tf.Tensor(-10837.619289610499, shape=(), dtype=float64)
nll_grad  cost time: 2.7059524059295654
tf.Tensor(-10837.683172012039, shape=(), dtype=float64)
nll_grad  cost time: 2.8898983001708984
tf.Tensor(-10837.727858315182, shape=(), dtype=float64)
nll_grad  cost time: 2.983484983444214
tf.Tensor(-10837.790808909467, shape=(), dtype=float64)
nll_grad  cost time: 2.888368844985962
tf.Tensor(-10837.879770775962, shape=(), dtype=float64)
nll_grad  cost time: 2.7822959423065186
tf.Tensor(-10837.97482131782, shape=(), dtype=float64)
nll_grad  cost time: 3.088167190551758
tf.Tensor(-10838.00549885941, shape=(), dtype=float64)
nll_grad  cost time: 2.7522218227386475
tf.Tensor(-10838.05932937501, shape=(), dtype=float64)
nll_grad  cost time: 2.846766948699951
tf.Tensor(-10838.146286633335, shape=(), dtype=float64)
nll_grad  cost time: 2.7912259101867676
tf.Tensor(-10838.23517855689, shape=(), dtype=float64)
nll_grad  cost time: 2.923011064529419
tf.Tensor(-10838.277390723386, shape=(), dtype=float64)
nll_grad  cost time: 2.807081460952759
tf.Tensor(-10838.339814259893, shape=(), dtype=float64)
nll_grad  cost time: 2.8298256397247314
tf.Tensor(-10838.434200391275, shape=(), dtype=float64)
nll_grad  cost time: 2.8922951221466064
tf.Tensor(-10838.556815533608, shape=(), dtype=float64)
nll_grad  cost time: 2.9799752235412598
tf.Tensor(-10838.62467619433, shape=(), dtype=float64)
nll_grad  cost time: 2.7642784118652344
tf.Tensor(-10838.733635403743, shape=(), dtype=float64)
nll_grad  cost time: 2.841952085494995
tf.Tensor(-10838.903976533991, shape=(), dtype=float64)
nll_grad  cost time: 2.8779137134552
tf.Tensor(-10839.142645722422, shape=(), dtype=float64)
nll_grad  cost time: 2.9166018962860107
tf.Tensor(-10839.276785030965, shape=(), dtype=float64)
nll_grad  cost time: 2.9367380142211914
tf.Tensor(-10839.487211772102, shape=(), dtype=float64)
nll_grad  cost time: 2.8532750606536865
tf.Tensor(-10839.733634431821, shape=(), dtype=float64)
nll_grad  cost time: 2.927309036254883
tf.Tensor(-10839.891256574287, shape=(), dtype=float64)
nll_grad  cost time: 2.829712152481079
tf.Tensor(-10840.018590990654, shape=(), dtype=float64)
nll_grad  cost time: 2.917501449584961
tf.Tensor(-10840.179896243226, shape=(), dtype=float64)
nll_grad  cost time: 3.0195188522338867
tf.Tensor(-10840.3799297607, shape=(), dtype=float64)
nll_grad  cost time: 2.7270164489746094
tf.Tensor(-10840.634302192531, shape=(), dtype=float64)
nll_grad  cost time: 2.778003454208374
tf.Tensor(-10840.841807901612, shape=(), dtype=float64)
nll_grad  cost time: 2.9106085300445557
tf.Tensor(-10841.032407781993, shape=(), dtype=float64)
nll_grad  cost time: 2.9649267196655273
tf.Tensor(-10841.239077920378, shape=(), dtype=float64)
nll_grad  cost time: 2.8651723861694336
tf.Tensor(-10841.51895704386, shape=(), dtype=float64)
nll_grad  cost time: 2.807845115661621
tf.Tensor(-10841.801607312162, shape=(), dtype=float64)
nll_grad  cost time: 2.722874402999878
tf.Tensor(-10841.94570352236, shape=(), dtype=float64)
nll_grad  cost time: 2.854553461074829
tf.Tensor(-10842.159491464925, shape=(), dtype=float64)
nll_grad  cost time: 2.707792043685913
tf.Tensor(-10842.402473258007, shape=(), dtype=float64)
nll_grad  cost time: 2.913346290588379
tf.Tensor(-10842.558125830277, shape=(), dtype=float64)
nll_grad  cost time: 2.957139253616333
tf.Tensor(-10842.77113881721, shape=(), dtype=float64)
nll_grad  cost time: 2.811946392059326
tf.Tensor(-10842.870489840363, shape=(), dtype=float64)
nll_grad  cost time: 2.83573842048645
tf.Tensor(-10843.013574347606, shape=(), dtype=float64)
nll_grad  cost time: 2.706331491470337
tf.Tensor(-10843.13988651982, shape=(), dtype=float64)
nll_grad  cost time: 2.679436683654785
tf.Tensor(-10843.209896300446, shape=(), dtype=float64)
nll_grad  cost time: 2.7566633224487305
tf.Tensor(-10843.304200968243, shape=(), dtype=float64)
nll_grad  cost time: 3.1288936138153076
tf.Tensor(-10843.428147813043, shape=(), dtype=float64)
nll_grad  cost time: 3.0073771476745605
tf.Tensor(-10843.54235174018, shape=(), dtype=float64)
nll_grad  cost time: 2.9643099308013916
tf.Tensor(-10843.66399496136, shape=(), dtype=float64)
nll_grad  cost time: 2.9886441230773926
tf.Tensor(-10843.754115176034, shape=(), dtype=float64)
nll_grad  cost time: 2.9938347339630127
tf.Tensor(-10843.877279527002, shape=(), dtype=float64)
nll_grad  cost time: 2.8458008766174316
tf.Tensor(-10844.042048832107, shape=(), dtype=float64)
nll_grad  cost time: 2.8204569816589355
tf.Tensor(-10844.192631898677, shape=(), dtype=float64)
nll_grad  cost time: 3.099208354949951
tf.Tensor(-10844.361760593201, shape=(), dtype=float64)
nll_grad  cost time: 2.7912368774414062
tf.Tensor(-10844.46493789768, shape=(), dtype=float64)
nll_grad  cost time: 2.7926747798919678
tf.Tensor(-10844.588499863832, shape=(), dtype=float64)
nll_grad  cost time: 2.832366943359375
tf.Tensor(-10844.649669015682, shape=(), dtype=float64)
nll_grad  cost time: 2.7121212482452393
tf.Tensor(-10844.697903093738, shape=(), dtype=float64)
nll_grad  cost time: 2.657867908477783
tf.Tensor(-10844.764678525773, shape=(), dtype=float64)
nll_grad  cost time: 2.788095712661743
tf.Tensor(-10844.852180802438, shape=(), dtype=float64)
nll_grad  cost time: 2.7854199409484863
tf.Tensor(-10844.938217351364, shape=(), dtype=float64)
nll_grad  cost time: 2.704592227935791
tf.Tensor(-10845.007844894752, shape=(), dtype=float64)
nll_grad  cost time: 2.6817657947540283
tf.Tensor(-10845.067192373757, shape=(), dtype=float64)
nll_grad  cost time: 2.5625789165496826
tf.Tensor(-10845.115602052327, shape=(), dtype=float64)
nll_grad  cost time: 2.672118902206421
tf.Tensor(-10845.171532622448, shape=(), dtype=float64)
nll_grad  cost time: 2.6824851036071777
tf.Tensor(-10845.24761821869, shape=(), dtype=float64)
nll_grad  cost time: 2.6127452850341797
tf.Tensor(-10845.33267746197, shape=(), dtype=float64)
nll_grad  cost time: 2.6242401599884033
tf.Tensor(-10845.410045107781, shape=(), dtype=float64)
nll_grad  cost time: 2.663149118423462
tf.Tensor(-10845.477294031152, shape=(), dtype=float64)
nll_grad  cost time: 2.710902452468872
tf.Tensor(-10845.523008191964, shape=(), dtype=float64)
nll_grad  cost time: 2.6785736083984375
tf.Tensor(-10845.55187534684, shape=(), dtype=float64)
nll_grad  cost time: 2.7957420349121094
tf.Tensor(-10845.58047306126, shape=(), dtype=float64)
nll_grad  cost time: 2.75696063041687
tf.Tensor(-10845.605988911757, shape=(), dtype=float64)
nll_grad  cost time: 2.688161611557007
tf.Tensor(-10845.623435770929, shape=(), dtype=float64)
nll_grad  cost time: 2.7895352840423584
tf.Tensor(-10845.637531722527, shape=(), dtype=float64)
nll_grad  cost time: 2.9274742603302
tf.Tensor(-10845.652377683768, shape=(), dtype=float64)
nll_grad  cost time: 2.7970383167266846
tf.Tensor(-10845.67072697229, shape=(), dtype=float64)
nll_grad  cost time: 3.0013339519500732
tf.Tensor(-10845.69731539554, shape=(), dtype=float64)
nll_grad  cost time: 2.963412284851074
tf.Tensor(-10845.73294864185, shape=(), dtype=float64)
nll_grad  cost time: 2.8699417114257812
tf.Tensor(-10845.759659295665, shape=(), dtype=float64)
nll_grad  cost time: 3.0381970405578613
tf.Tensor(-10845.78439351827, shape=(), dtype=float64)
nll_grad  cost time: 2.883011817932129
tf.Tensor(-10845.808844858702, shape=(), dtype=float64)
nll_grad  cost time: 2.748333692550659
tf.Tensor(-10845.830059928068, shape=(), dtype=float64)
nll_grad  cost time: 2.721836566925049
tf.Tensor(-10845.848587007018, shape=(), dtype=float64)
nll_grad  cost time: 2.7232422828674316
tf.Tensor(-10845.865778267042, shape=(), dtype=float64)
nll_grad  cost time: 2.777789354324341
tf.Tensor(-10845.880980500211, shape=(), dtype=float64)
nll_grad  cost time: 2.759521484375
tf.Tensor(-10845.893677615573, shape=(), dtype=float64)
nll_grad  cost time: 2.7027132511138916
tf.Tensor(-10845.91000046336, shape=(), dtype=float64)
nll_grad  cost time: 2.717271327972412
tf.Tensor(-10845.929499121485, shape=(), dtype=float64)
nll_grad  cost time: 2.936810255050659
tf.Tensor(-10845.953300214613, shape=(), dtype=float64)
nll_grad  cost time: 2.8904905319213867
tf.Tensor(-10845.975166325465, shape=(), dtype=float64)
nll_grad  cost time: 2.819228172302246
tf.Tensor(-10845.996202508579, shape=(), dtype=float64)
nll_grad  cost time: 2.812675952911377
tf.Tensor(-10846.01956453768, shape=(), dtype=float64)
nll_grad  cost time: 2.9795570373535156
tf.Tensor(-10846.042912024144, shape=(), dtype=float64)
nll_grad  cost time: 2.7235066890716553
tf.Tensor(-10846.073456734395, shape=(), dtype=float64)
nll_grad  cost time: 2.961637258529663
tf.Tensor(-10846.109108200442, shape=(), dtype=float64)
nll_grad  cost time: 2.821074962615967
tf.Tensor(-10846.140048225383, shape=(), dtype=float64)
nll_grad  cost time: 2.8891613483428955
tf.Tensor(-10846.163826041009, shape=(), dtype=float64)
nll_grad  cost time: 2.9969964027404785
tf.Tensor(-10846.185057603021, shape=(), dtype=float64)
nll_grad  cost time: 2.8085227012634277
tf.Tensor(-10846.202815025468, shape=(), dtype=float64)
nll_grad  cost time: 2.8487045764923096
tf.Tensor(-10846.213086337622, shape=(), dtype=float64)
nll_grad  cost time: 2.9234347343444824
tf.Tensor(-10846.221982271045, shape=(), dtype=float64)
nll_grad  cost time: 2.826446533203125
tf.Tensor(-10846.230429458177, shape=(), dtype=float64)
nll_grad  cost time: 2.7536733150482178
tf.Tensor(-10846.239412559898, shape=(), dtype=float64)
nll_grad  cost time: 2.8369128704071045
tf.Tensor(-10846.249593441124, shape=(), dtype=float64)
nll_grad  cost time: 2.7205474376678467
tf.Tensor(-10846.259203404645, shape=(), dtype=float64)
nll_grad  cost time: 2.737908124923706
tf.Tensor(-10846.266934378726, shape=(), dtype=float64)
nll_grad  cost time: 2.7430362701416016
tf.Tensor(-10846.27338624143, shape=(), dtype=float64)
nll_grad  cost time: 2.693894624710083
tf.Tensor(-10846.27978659229, shape=(), dtype=float64)
nll_grad  cost time: 2.6583430767059326
tf.Tensor(-10846.286697542759, shape=(), dtype=float64)
nll_grad  cost time: 2.691809892654419
tf.Tensor(-10846.294358110463, shape=(), dtype=float64)
nll_grad  cost time: 2.6724894046783447
tf.Tensor(-10846.302803546863, shape=(), dtype=float64)
nll_grad  cost time: 2.591148853302002
tf.Tensor(-10846.311430363656, shape=(), dtype=float64)
nll_grad  cost time: 2.620091199874878
tf.Tensor(-10846.320249669347, shape=(), dtype=float64)
nll_grad  cost time: 2.8620128631591797
tf.Tensor(-10846.328932257478, shape=(), dtype=float64)
nll_grad  cost time: 2.8780903816223145
tf.Tensor(-10846.336916883944, shape=(), dtype=float64)
nll_grad  cost time: 2.801640033721924
tf.Tensor(-10846.343492845446, shape=(), dtype=float64)
nll_grad  cost time: 3.1750876903533936
tf.Tensor(-10846.348706388773, shape=(), dtype=float64)
nll_grad  cost time: 2.9956042766571045
tf.Tensor(-10846.35321659497, shape=(), dtype=float64)
nll_grad  cost time: 2.8717288970947266
tf.Tensor(-10846.357953991796, shape=(), dtype=float64)
nll_grad  cost time: 2.9418201446533203
tf.Tensor(-10846.36370462293, shape=(), dtype=float64)
nll_grad  cost time: 2.7290120124816895
tf.Tensor(-10846.370873546983, shape=(), dtype=float64)
nll_grad  cost time: 2.800938606262207
tf.Tensor(-10846.378878997277, shape=(), dtype=float64)
nll_grad  cost time: 2.824469566345215
tf.Tensor(-10846.386454048043, shape=(), dtype=float64)
nll_grad  cost time: 2.8900294303894043
tf.Tensor(-10846.392816294328, shape=(), dtype=float64)
nll_grad  cost time: 2.852113962173462
tf.Tensor(-10846.397888767944, shape=(), dtype=float64)
nll_grad  cost time: 2.6909894943237305
tf.Tensor(-10846.401849088847, shape=(), dtype=float64)
nll_grad  cost time: 2.5794148445129395
tf.Tensor(-10846.404687179755, shape=(), dtype=float64)
nll_grad  cost time: 2.793619155883789
tf.Tensor(-10846.4068140187, shape=(), dtype=float64)
nll_grad  cost time: 2.704439878463745
tf.Tensor(-10846.408489122707, shape=(), dtype=float64)
nll_grad  cost time: 2.8526813983917236
tf.Tensor(-10846.40994344249, shape=(), dtype=float64)
nll_grad  cost time: 2.8068413734436035
tf.Tensor(-10846.411327842769, shape=(), dtype=float64)
nll_grad  cost time: 2.6797127723693848
tf.Tensor(-10846.412769788021, shape=(), dtype=float64)
nll_grad  cost time: 2.813361406326294
tf.Tensor(-10846.41437002672, shape=(), dtype=float64)
nll_grad  cost time: 2.698442220687866
tf.Tensor(-10846.416208190047, shape=(), dtype=float64)
nll_grad  cost time: 2.62174129486084
tf.Tensor(-10846.41832005795, shape=(), dtype=float64)
nll_grad  cost time: 2.8515877723693848
tf.Tensor(-10846.420713067973, shape=(), dtype=float64)
nll_grad  cost time: 2.668450117111206
tf.Tensor(-10846.423259591687, shape=(), dtype=float64)
nll_grad  cost time: 2.600186347961426
tf.Tensor(-10846.425566019123, shape=(), dtype=float64)
nll_grad  cost time: 2.7794713973999023
tf.Tensor(-10846.427242180758, shape=(), dtype=float64)
nll_grad  cost time: 2.7143778800964355
tf.Tensor(-10846.428379496016, shape=(), dtype=float64)
nll_grad  cost time: 2.7141354084014893
tf.Tensor(-10846.429346727726, shape=(), dtype=float64)
nll_grad  cost time: 2.8179023265838623
tf.Tensor(-10846.430354022843, shape=(), dtype=float64)
nll_grad  cost time: 2.7783203125
tf.Tensor(-10846.431348351298, shape=(), dtype=float64)
nll_grad  cost time: 2.8278286457061768
tf.Tensor(-10846.432211934274, shape=(), dtype=float64)
nll_grad  cost time: 2.800201416015625
tf.Tensor(-10846.43301823669, shape=(), dtype=float64)
nll_grad  cost time: 2.7532503604888916
tf.Tensor(-10846.433986459268, shape=(), dtype=float64)
nll_grad  cost time: 2.956895112991333
tf.Tensor(-10846.43526633445, shape=(), dtype=float64)
nll_grad  cost time: 2.8172788619995117
tf.Tensor(-10846.436784800198, shape=(), dtype=float64)
nll_grad  cost time: 2.86165189743042
tf.Tensor(-10846.43827923233, shape=(), dtype=float64)
nll_grad  cost time: 2.746398687362671
tf.Tensor(-10846.439609921485, shape=(), dtype=float64)
nll_grad  cost time: 2.790764331817627
tf.Tensor(-10846.440892708557, shape=(), dtype=float64)
nll_grad  cost time: 2.7287182807922363
tf.Tensor(-10846.442208527586, shape=(), dtype=float64)
nll_grad  cost time: 2.646183967590332
tf.Tensor(-10846.44337833068, shape=(), dtype=float64)
nll_grad  cost time: 2.747941255569458
tf.Tensor(-10846.444243793107, shape=(), dtype=float64)
nll_grad  cost time: 2.734713077545166
tf.Tensor(-10846.444878782688, shape=(), dtype=float64)
nll_grad  cost time: 2.7756009101867676
tf.Tensor(-10846.445417435989, shape=(), dtype=float64)
nll_grad  cost time: 2.7492194175720215
tf.Tensor(-10846.445890872417, shape=(), dtype=float64)
nll_grad  cost time: 2.8591151237487793
tf.Tensor(-10846.446268251464, shape=(), dtype=float64)
nll_grad  cost time: 2.7808868885040283
tf.Tensor(-10846.446555170694, shape=(), dtype=float64)
nll_grad  cost time: 3.0202620029449463
tf.Tensor(-10846.446808895784, shape=(), dtype=float64)
nll_grad  cost time: 2.884382486343384
tf.Tensor(-10846.447092592345, shape=(), dtype=float64)
nll_grad  cost time: 2.9174580574035645
tf.Tensor(-10846.447436702572, shape=(), dtype=float64)
nll_grad  cost time: 2.8485255241394043
tf.Tensor(-10846.447830988733, shape=(), dtype=float64)
nll_grad  cost time: 2.849865674972534
tf.Tensor(-10846.44824344231, shape=(), dtype=float64)
nll_grad  cost time: 2.7823097705841064
tf.Tensor(-10846.448656339126, shape=(), dtype=float64)
nll_grad  cost time: 2.7856624126434326
tf.Tensor(-10846.449082785903, shape=(), dtype=float64)
nll_grad  cost time: 2.806502342224121
tf.Tensor(-10846.449546824933, shape=(), dtype=float64)
nll_grad  cost time: 3.082700729370117
tf.Tensor(-10846.450057932987, shape=(), dtype=float64)
nll_grad  cost time: 2.7820675373077393
tf.Tensor(-10846.45063082448, shape=(), dtype=float64)
nll_grad  cost time: 2.743706703186035
tf.Tensor(-10846.451316672077, shape=(), dtype=float64)
nll_grad  cost time: 2.681046724319458
tf.Tensor(-10846.452181624298, shape=(), dtype=float64)
nll_grad  cost time: 2.8810231685638428
tf.Tensor(-10846.453210999589, shape=(), dtype=float64)
nll_grad  cost time: 2.9265425205230713
tf.Tensor(-10846.454241834992, shape=(), dtype=float64)
nll_grad  cost time: 2.727917194366455
tf.Tensor(-10846.455082170001, shape=(), dtype=float64)
nll_grad  cost time: 2.626192808151245
tf.Tensor(-10846.455694051045, shape=(), dtype=float64)
nll_grad  cost time: 2.7508840560913086
tf.Tensor(-10846.45614445886, shape=(), dtype=float64)
nll_grad  cost time: 2.5900943279266357
tf.Tensor(-10846.456481480798, shape=(), dtype=float64)
nll_grad  cost time: 2.7689692974090576
tf.Tensor(-10846.456759070059, shape=(), dtype=float64)
nll_grad  cost time: 2.8527822494506836
tf.Tensor(-10846.457068740861, shape=(), dtype=float64)
nll_grad  cost time: 2.744673013687134
tf.Tensor(-10846.457518685642, shape=(), dtype=float64)
nll_grad  cost time: 2.752753257751465
tf.Tensor(-10846.458176124375, shape=(), dtype=float64)
nll_grad  cost time: 2.7655715942382812
tf.Tensor(-10846.458999080303, shape=(), dtype=float64)
nll_grad  cost time: 2.7330992221832275
tf.Tensor(-10846.459882685824, shape=(), dtype=float64)
nll_grad  cost time: 2.8226609230041504
tf.Tensor(-10846.46088604259, shape=(), dtype=float64)
nll_grad  cost time: 2.866992950439453
tf.Tensor(-10846.4622656191, shape=(), dtype=float64)
nll_grad  cost time: 2.684101104736328
tf.Tensor(-10846.464291399021, shape=(), dtype=float64)
nll_grad  cost time: 2.6778008937835693
tf.Tensor(-10846.466658472582, shape=(), dtype=float64)
nll_grad  cost time: 2.921175956726074
tf.Tensor(-10846.468560312567, shape=(), dtype=float64)
nll_grad  cost time: 2.759197950363159
tf.Tensor(-10846.46967093922, shape=(), dtype=float64)
nll_grad  cost time: 2.7503604888916016
tf.Tensor(-10846.470463442474, shape=(), dtype=float64)
nll_grad  cost time: 2.8455662727355957
tf.Tensor(-10846.471326812414, shape=(), dtype=float64)
nll_grad  cost time: 2.8489062786102295
tf.Tensor(-10846.472711496079, shape=(), dtype=float64)
nll_grad  cost time: 2.9405517578125
tf.Tensor(-10846.474884331092, shape=(), dtype=float64)
nll_grad  cost time: 2.8737006187438965
tf.Tensor(-10846.478124846586, shape=(), dtype=float64)
nll_grad  cost time: 2.7962565422058105
tf.Tensor(-10846.481799575686, shape=(), dtype=float64)
nll_grad  cost time: 2.64900803565979
tf.Tensor(-10846.485309623058, shape=(), dtype=float64)
nll_grad  cost time: 2.7021119594573975
tf.Tensor(-10846.487062577677, shape=(), dtype=float64)
nll_grad  cost time: 2.6592514514923096
tf.Tensor(-10846.487705828065, shape=(), dtype=float64)
nll_grad  cost time: 2.9568583965301514
tf.Tensor(-10846.488407508681, shape=(), dtype=float64)
nll_grad  cost time: 3.133725881576538
tf.Tensor(-10846.489305611398, shape=(), dtype=float64)
nll_grad  cost time: 2.9746923446655273
tf.Tensor(-10846.490814579536, shape=(), dtype=float64)
nll_grad  cost time: 2.9959638118743896
tf.Tensor(-10846.493161260987, shape=(), dtype=float64)
nll_grad  cost time: 2.8155252933502197
tf.Tensor(-10846.496189349184, shape=(), dtype=float64)
nll_grad  cost time: 2.8384995460510254
tf.Tensor(-10846.499472328424, shape=(), dtype=float64)
nll_grad  cost time: 2.814920663833618
tf.Tensor(-10846.504345685185, shape=(), dtype=float64)
nll_grad  cost time: 2.76261043548584
tf.Tensor(-10846.509142324247, shape=(), dtype=float64)
nll_grad  cost time: 2.722172498703003
tf.Tensor(-10846.510453560368, shape=(), dtype=float64)
nll_grad  cost time: 2.77016282081604
nll_grad  cost time: 2.7923879623413086
tf.Tensor(-10846.511229752237, shape=(), dtype=float64)
nll_grad  cost time: 2.86923885345459
tf.Tensor(-10846.511770513971, shape=(), dtype=float64)
nll_grad  cost time: 2.7774858474731445
tf.Tensor(-10846.512602853689, shape=(), dtype=float64)
nll_grad  cost time: 2.8140506744384766
tf.Tensor(-10846.513773554405, shape=(), dtype=float64)
nll_grad  cost time: 2.7983169555664062
tf.Tensor(-10846.515358976214, shape=(), dtype=float64)
nll_grad  cost time: 2.705099582672119
tf.Tensor(-10846.517820069528, shape=(), dtype=float64)
nll_grad  cost time: 2.703603506088257
tf.Tensor(-10846.521547462915, shape=(), dtype=float64)
nll_grad  cost time: 2.73593807220459
tf.Tensor(-10846.525872488613, shape=(), dtype=float64)
nll_grad  cost time: 2.8534724712371826
nll_grad  cost time: 2.811208963394165
tf.Tensor(-10846.527642219198, shape=(), dtype=float64)
nll_grad  cost time: 2.804947853088379
tf.Tensor(-10846.530078678195, shape=(), dtype=float64)
nll_grad  cost time: 2.822709321975708
tf.Tensor(-10846.531626395681, shape=(), dtype=float64)
nll_grad  cost time: 2.922236204147339
tf.Tensor(-10846.532635817906, shape=(), dtype=float64)
nll_grad  cost time: 2.7568116188049316
tf.Tensor(-10846.533123021236, shape=(), dtype=float64)
nll_grad  cost time: 2.6838245391845703
tf.Tensor(-10846.533490753216, shape=(), dtype=float64)
nll_grad  cost time: 2.728243827819824
tf.Tensor(-10846.533790980378, shape=(), dtype=float64)
nll_grad  cost time: 2.753817319869995
tf.Tensor(-10846.534116760295, shape=(), dtype=float64)
nll_grad  cost time: 2.667233467102051
tf.Tensor(-10846.534637931789, shape=(), dtype=float64)
nll_grad  cost time: 2.6304104328155518
tf.Tensor(-10846.535471356361, shape=(), dtype=float64)
nll_grad  cost time: 2.8265817165374756
tf.Tensor(-10846.536665902127, shape=(), dtype=float64)
nll_grad  cost time: 2.79470157623291
tf.Tensor(-10846.537659293424, shape=(), dtype=float64)
nll_grad  cost time: 2.780155658721924
tf.Tensor(-10846.53824179799, shape=(), dtype=float64)
nll_grad  cost time: 2.826453924179077
tf.Tensor(-10846.538474201981, shape=(), dtype=float64)
nll_grad  cost time: 2.7552478313446045
tf.Tensor(-10846.538603873385, shape=(), dtype=float64)
nll_grad  cost time: 2.7344508171081543
tf.Tensor(-10846.538731319002, shape=(), dtype=float64)
nll_grad  cost time: 3.2249701023101807
tf.Tensor(-10846.538929462566, shape=(), dtype=float64)
nll_grad  cost time: 2.775294542312622
tf.Tensor(-10846.539252980194, shape=(), dtype=float64)
nll_grad  cost time: 2.6725549697875977
tf.Tensor(-10846.539801851388, shape=(), dtype=float64)
nll_grad  cost time: 2.6205875873565674
tf.Tensor(-10846.540732770667, shape=(), dtype=float64)
nll_grad  cost time: 2.688077449798584
tf.Tensor(-10846.542215368665, shape=(), dtype=float64)
nll_grad  cost time: 2.6369194984436035
tf.Tensor(-10846.544004908403, shape=(), dtype=float64)
nll_grad  cost time: 2.7035725116729736
tf.Tensor(-10846.544903386311, shape=(), dtype=float64)
nll_grad  cost time: 2.8768630027770996
tf.Tensor(-10846.545146794071, shape=(), dtype=float64)
nll_grad  cost time: 2.754030704498291
tf.Tensor(-10846.545327138563, shape=(), dtype=float64)
nll_grad  cost time: 2.8795979022979736
tf.Tensor(-10846.545378569452, shape=(), dtype=float64)
nll_grad  cost time: 2.797341823577881
tf.Tensor(-10846.545436288454, shape=(), dtype=float64)
nll_grad  cost time: 2.766417980194092
tf.Tensor(-10846.545531991496, shape=(), dtype=float64)
nll_grad  cost time: 2.860670566558838
tf.Tensor(-10846.545697626078, shape=(), dtype=float64)
nll_grad  cost time: 2.7856605052948
tf.Tensor(-10846.545986657073, shape=(), dtype=float64)
nll_grad  cost time: 2.730837106704712
tf.Tensor(-10846.546484875875, shape=(), dtype=float64)
nll_grad  cost time: 2.8569676876068115
tf.Tensor(-10846.54731668997, shape=(), dtype=float64)
nll_grad  cost time: 2.7042288780212402
tf.Tensor(-10846.548623805375, shape=(), dtype=float64)
nll_grad  cost time: 2.925795793533325
tf.Tensor(-10846.550386660836, shape=(), dtype=float64)
nll_grad  cost time: 2.9168219566345215
tf.Tensor(-10846.551966685473, shape=(), dtype=float64)
nll_grad  cost time: 2.9340415000915527
tf.Tensor(-10846.552996933253, shape=(), dtype=float64)
nll_grad  cost time: 2.8268864154815674
tf.Tensor(-10846.553248274035, shape=(), dtype=float64)
nll_grad  cost time: 2.951129913330078
tf.Tensor(-10846.553338830437, shape=(), dtype=float64)
nll_grad  cost time: 2.8197407722473145
tf.Tensor(-10846.553412697844, shape=(), dtype=float64)
nll_grad  cost time: 2.6616358757019043
tf.Tensor(-10846.55351287349, shape=(), dtype=float64)
nll_grad  cost time: 2.7571425437927246
tf.Tensor(-10846.553621846977, shape=(), dtype=float64)
nll_grad  cost time: 2.725283622741699
tf.Tensor(-10846.553776322171, shape=(), dtype=float64)
nll_grad  cost time: 2.809473991394043
tf.Tensor(-10846.554022438551, shape=(), dtype=float64)
nll_grad  cost time: 2.79995059967041
tf.Tensor(-10846.554412348525, shape=(), dtype=float64)
nll_grad  cost time: 2.8146111965179443
tf.Tensor(-10846.55486323787, shape=(), dtype=float64)
nll_grad  cost time: 2.821216344833374
tf.Tensor(-10846.555291605502, shape=(), dtype=float64)
nll_grad  cost time: 3.009756326675415
nll_grad  cost time: 2.891000509262085
tf.Tensor(-10846.555482265974, shape=(), dtype=float64)
nll_grad  cost time: 2.958653450012207
tf.Tensor(-10846.555723577596, shape=(), dtype=float64)
nll_grad  cost time: 2.81378436088562
tf.Tensor(-10846.556111957283, shape=(), dtype=float64)
nll_grad  cost time: 2.8629493713378906
tf.Tensor(-10846.556658926776, shape=(), dtype=float64)
nll_grad  cost time: 2.823808431625366
tf.Tensor(-10846.55717038928, shape=(), dtype=float64)
nll_grad  cost time: 2.7779884338378906
tf.Tensor(-10846.557769149593, shape=(), dtype=float64)
nll_grad  cost time: 2.7787139415740967
tf.Tensor(-10846.557927705462, shape=(), dtype=float64)
nll_grad  cost time: 2.763122081756592
tf.Tensor(-10846.55820806394, shape=(), dtype=float64)
nll_grad  cost time: 2.770784616470337
tf.Tensor(-10846.558636177011, shape=(), dtype=float64)
nll_grad  cost time: 2.935392379760742
tf.Tensor(-10846.559031909454, shape=(), dtype=float64)
nll_grad  cost time: 2.8715872764587402
tf.Tensor(-10846.55934102152, shape=(), dtype=float64)
nll_grad  cost time: 2.724912405014038
tf.Tensor(-10846.559795139925, shape=(), dtype=float64)
nll_grad  cost time: 2.7540550231933594
tf.Tensor(-10846.56036836565, shape=(), dtype=float64)
nll_grad  cost time: 2.778653621673584
tf.Tensor(-10846.5609142697, shape=(), dtype=float64)
nll_grad  cost time: 2.803875207901001
tf.Tensor(-10846.561233889752, shape=(), dtype=float64)
nll_grad  cost time: 2.8353271484375
tf.Tensor(-10846.561318475602, shape=(), dtype=float64)
nll_grad  cost time: 2.7437009811401367
tf.Tensor(-10846.561344194692, shape=(), dtype=float64)
nll_grad  cost time: 2.8349690437316895
tf.Tensor(-10846.561373645927, shape=(), dtype=float64)
nll_grad  cost time: 2.555194616317749
tf.Tensor(-10846.56141109097, shape=(), dtype=float64)
nll_grad  cost time: 2.6701738834381104
tf.Tensor(-10846.561474854874, shape=(), dtype=float64)
nll_grad  cost time: 2.7432732582092285
tf.Tensor(-10846.561575852049, shape=(), dtype=float64)
nll_grad  cost time: 2.644660234451294
tf.Tensor(-10846.561717288987, shape=(), dtype=float64)
nll_grad  cost time: 2.8780229091644287
tf.Tensor(-10846.561903377795, shape=(), dtype=float64)
nll_grad  cost time: 2.734727621078491
tf.Tensor(-10846.562199117418, shape=(), dtype=float64)
nll_grad  cost time: 2.6539642810821533
tf.Tensor(-10846.562568287569, shape=(), dtype=float64)
nll_grad  cost time: 2.748382329940796
nll_grad  cost time: 2.627500295639038
tf.Tensor(-10846.562676548663, shape=(), dtype=float64)
nll_grad  cost time: 2.660123109817505
tf.Tensor(-10846.562844294696, shape=(), dtype=float64)
nll_grad  cost time: 2.7372570037841797
tf.Tensor(-10846.563116519605, shape=(), dtype=float64)
nll_grad  cost time: 2.6920909881591797
tf.Tensor(-10846.563587980763, shape=(), dtype=float64)
nll_grad  cost time: 2.7988433837890625
tf.Tensor(-10846.564274281718, shape=(), dtype=float64)
nll_grad  cost time: 2.8237345218658447
tf.Tensor(-10846.564612847475, shape=(), dtype=float64)
nll_grad  cost time: 2.852976083755493
tf.Tensor(-10846.56509708893, shape=(), dtype=float64)
nll_grad  cost time: 2.7638039588928223
tf.Tensor(-10846.565319575067, shape=(), dtype=float64)
nll_grad  cost time: 2.711601734161377
tf.Tensor(-10846.565341899312, shape=(), dtype=float64)
nll_grad  cost time: 2.6724541187286377
tf.Tensor(-10846.565353435222, shape=(), dtype=float64)
nll_grad  cost time: 2.764137029647827
tf.Tensor(-10846.565369391226, shape=(), dtype=float64)
nll_grad  cost time: 2.7476301193237305
tf.Tensor(-10846.56539697347, shape=(), dtype=float64)
nll_grad  cost time: 2.774181842803955
tf.Tensor(-10846.56544570624, shape=(), dtype=float64)
nll_grad  cost time: 2.8161261081695557
tf.Tensor(-10846.565531716591, shape=(), dtype=float64)
nll_grad  cost time: 2.8220255374908447
tf.Tensor(-10846.565680535166, shape=(), dtype=float64)
nll_grad  cost time: 2.9155285358428955
tf.Tensor(-10846.565928013039, shape=(), dtype=float64)
nll_grad  cost time: 3.0105762481689453
tf.Tensor(-10846.566299548438, shape=(), dtype=float64)
nll_grad  cost time: 2.757401466369629
tf.Tensor(-10846.566561576201, shape=(), dtype=float64)
nll_grad  cost time: 2.9739468097686768
tf.Tensor(-10846.566791217407, shape=(), dtype=float64)
nll_grad  cost time: 2.7732388973236084
tf.Tensor(-10846.56697433942, shape=(), dtype=float64)
nll_grad  cost time: 2.7466654777526855
tf.Tensor(-10846.567090474844, shape=(), dtype=float64)
nll_grad  cost time: 2.8242673873901367
tf.Tensor(-10846.567134532259, shape=(), dtype=float64)
nll_grad  cost time: 3.059035301208496
tf.Tensor(-10846.567201508311, shape=(), dtype=float64)
nll_grad  cost time: 3.1638500690460205
tf.Tensor(-10846.567305258875, shape=(), dtype=float64)
nll_grad  cost time: 3.1341464519500732
tf.Tensor(-10846.567430957632, shape=(), dtype=float64)
nll_grad  cost time: 2.9752259254455566
tf.Tensor(-10846.56750570861, shape=(), dtype=float64)
nll_grad  cost time: 3.0607173442840576
tf.Tensor(-10846.567541027718, shape=(), dtype=float64)
nll_grad  cost time: 2.993685483932495
tf.Tensor(-10846.567548480749, shape=(), dtype=float64)
nll_grad  cost time: 2.770841598510742
tf.Tensor(-10846.567555455511, shape=(), dtype=float64)
nll_grad  cost time: 2.7642574310302734
tf.Tensor(-10846.567560726367, shape=(), dtype=float64)
nll_grad  cost time: 2.927844524383545
tf.Tensor(-10846.56756896714, shape=(), dtype=float64)
nll_grad  cost time: 2.8672564029693604
tf.Tensor(-10846.567582952406, shape=(), dtype=float64)
nll_grad  cost time: 2.6739439964294434
tf.Tensor(-10846.567607715016, shape=(), dtype=float64)
nll_grad  cost time: 2.74033784866333
tf.Tensor(-10846.567651843092, shape=(), dtype=float64)
nll_grad  cost time: 2.651691198348999
tf.Tensor(-10846.567728569378, shape=(), dtype=float64)
nll_grad  cost time: 2.6671817302703857
tf.Tensor(-10846.567852583705, shape=(), dtype=float64)
nll_grad  cost time: 2.916722536087036
tf.Tensor(-10846.568013952214, shape=(), dtype=float64)
nll_grad  cost time: 2.7844226360321045
tf.Tensor(-10846.568106063589, shape=(), dtype=float64)
nll_grad  cost time: 2.8804054260253906
tf.Tensor(-10846.568157625099, shape=(), dtype=float64)
nll_grad  cost time: 2.9138596057891846
tf.Tensor(-10846.568168962582, shape=(), dtype=float64)
nll_grad  cost time: 2.7916259765625
tf.Tensor(-10846.568171534025, shape=(), dtype=float64)
nll_grad  cost time: 2.7087528705596924
tf.Tensor(-10846.568172512822, shape=(), dtype=float64)
nll_grad  cost time: 2.6711299419403076
tf.Tensor(-10846.568173694533, shape=(), dtype=float64)
nll_grad  cost time: 2.84554123878479
tf.Tensor(-10846.56817485362, shape=(), dtype=float64)
nll_grad  cost time: 2.777867555618286
tf.Tensor(-10846.568176899493, shape=(), dtype=float64)
nll_grad  cost time: 2.7677295207977295
tf.Tensor(-10846.568180628048, shape=(), dtype=float64)
nll_grad  cost time: 2.812429428100586
tf.Tensor(-10846.568187477447, shape=(), dtype=float64)
nll_grad  cost time: 2.8038246631622314
tf.Tensor(-10846.568199978487, shape=(), dtype=float64)
nll_grad  cost time: 2.77295184135437
tf.Tensor(-10846.568222359754, shape=(), dtype=float64)
nll_grad  cost time: 2.857628107070923
tf.Tensor(-10846.568261058963, shape=(), dtype=float64)
nll_grad  cost time: 2.7111380100250244
tf.Tensor(-10846.568324339416, shape=(), dtype=float64)
nll_grad  cost time: 2.680558919906616
tf.Tensor(-10846.568420020985, shape=(), dtype=float64)
nll_grad  cost time: 2.6862545013427734
tf.Tensor(-10846.568535444438, shape=(), dtype=float64)
nll_grad  cost time: 2.639660596847534
tf.Tensor(-10846.568663661734, shape=(), dtype=float64)
nll_grad  cost time: 2.7164735794067383
tf.Tensor(-10846.568733548123, shape=(), dtype=float64)
nll_grad  cost time: 2.8131301403045654
tf.Tensor(-10846.56874742198, shape=(), dtype=float64)
nll_grad  cost time: 2.7622549533843994
tf.Tensor(-10846.568749197168, shape=(), dtype=float64)
nll_grad  cost time: 2.6897025108337402
tf.Tensor(-10846.568750547673, shape=(), dtype=float64)
nll_grad  cost time: 2.786539316177368
tf.Tensor(-10846.568752924548, shape=(), dtype=float64)
nll_grad  cost time: 2.8479652404785156
tf.Tensor(-10846.568757231054, shape=(), dtype=float64)
nll_grad  cost time: 2.761115789413452
tf.Tensor(-10846.568765083415, shape=(), dtype=float64)
nll_grad  cost time: 2.7983412742614746
tf.Tensor(-10846.568779316975, shape=(), dtype=float64)
nll_grad  cost time: 2.877284526824951
tf.Tensor(-10846.568804756485, shape=(), dtype=float64)
nll_grad  cost time: 2.691589832305908
tf.Tensor(-10846.568849359111, shape=(), dtype=float64)
nll_grad  cost time: 2.689687728881836
tf.Tensor(-10846.568926111919, shape=(), dtype=float64)
nll_grad  cost time: 2.846940755844116
tf.Tensor(-10846.56905697146, shape=(), dtype=float64)
nll_grad  cost time: 2.7374136447906494
tf.Tensor(-10846.56928106833, shape=(), dtype=float64)
nll_grad  cost time: 2.7023637294769287
tf.Tensor(-10846.569667586129, shape=(), dtype=float64)
nll_grad  cost time: 2.908994436264038
tf.Tensor(-10846.570324680479, shape=(), dtype=float64)
nll_grad  cost time: 2.8891735076904297
tf.Tensor(-10846.571358764855, shape=(), dtype=float64)
nll_grad  cost time: 2.7928667068481445
tf.Tensor(-10846.572740664009, shape=(), dtype=float64)
nll_grad  cost time: 2.885220527648926
tf.Tensor(-10846.57441129409, shape=(), dtype=float64)
nll_grad  cost time: 2.7510125637054443
nll_grad  cost time: 2.7427568435668945
tf.Tensor(-10846.574928277572, shape=(), dtype=float64)
nll_grad  cost time: 2.8144400119781494
tf.Tensor(-10846.575768820532, shape=(), dtype=float64)
nll_grad  cost time: 2.8399505615234375
tf.Tensor(-10846.576440468594, shape=(), dtype=float64)
nll_grad  cost time: 2.890562057495117
tf.Tensor(-10846.57647733415, shape=(), dtype=float64)
nll_grad  cost time: 2.7579054832458496
tf.Tensor(-10846.576545996593, shape=(), dtype=float64)
nll_grad  cost time: 2.8110697269439697
tf.Tensor(-10846.57666928045, shape=(), dtype=float64)
nll_grad  cost time: 2.914015054702759
tf.Tensor(-10846.576862975571, shape=(), dtype=float64)
nll_grad  cost time: 2.912625312805176
tf.Tensor(-10846.577038558826, shape=(), dtype=float64)
nll_grad  cost time: 2.8136954307556152
tf.Tensor(-10846.577175165912, shape=(), dtype=float64)
nll_grad  cost time: 2.751741886138916
tf.Tensor(-10846.577361621998, shape=(), dtype=float64)
nll_grad  cost time: 3.054781198501587
tf.Tensor(-10846.57755174905, shape=(), dtype=float64)
nll_grad  cost time: 2.9252820014953613
tf.Tensor(-10846.577622598037, shape=(), dtype=float64)
nll_grad  cost time: 2.918516159057617
tf.Tensor(-10846.57768689645, shape=(), dtype=float64)
nll_grad  cost time: 2.9316651821136475
tf.Tensor(-10846.577714311923, shape=(), dtype=float64)
nll_grad  cost time: 2.77894926071167
tf.Tensor(-10846.577729890147, shape=(), dtype=float64)
nll_grad  cost time: 2.724761486053467
tf.Tensor(-10846.577736670897, shape=(), dtype=float64)
nll_grad  cost time: 2.854970932006836
tf.Tensor(-10846.57774139331, shape=(), dtype=float64)
nll_grad  cost time: 3.017873525619507
tf.Tensor(-10846.577742824546, shape=(), dtype=float64)
nll_grad  cost time: 2.844444990158081
tf.Tensor(-10846.577744346096, shape=(), dtype=float64)
nll_grad  cost time: 2.859649419784546
tf.Tensor(-10846.577745849834, shape=(), dtype=float64)
nll_grad  cost time: 2.9721357822418213
tf.Tensor(-10846.577747034311, shape=(), dtype=float64)
nll_grad  cost time: 2.7406818866729736
tf.Tensor(-10846.577747695199, shape=(), dtype=float64)
nll_grad  cost time: 2.860029697418213
tf.Tensor(-10846.577748443873, shape=(), dtype=float64)
nll_grad  cost time: 2.7901813983917236
tf.Tensor(-10846.577749525959, shape=(), dtype=float64)
nll_grad  cost time: 2.7025413513183594
tf.Tensor(-10846.577751337263, shape=(), dtype=float64)
nll_grad  cost time: 2.798710823059082
tf.Tensor(-10846.577754496806, shape=(), dtype=float64)
nll_grad  cost time: 2.952125310897827
tf.Tensor(-10846.57776011889, shape=(), dtype=float64)
nll_grad  cost time: 3.011396646499634
tf.Tensor(-10846.577770183874, shape=(), dtype=float64)
nll_grad  cost time: 3.158419609069824
tf.Tensor(-10846.577788161563, shape=(), dtype=float64)
nll_grad  cost time: 3.0046486854553223
tf.Tensor(-10846.57782004, shape=(), dtype=float64)
nll_grad  cost time: 2.9675660133361816
tf.Tensor(-10846.57787604075, shape=(), dtype=float64)
nll_grad  cost time: 2.92339825630188
tf.Tensor(-10846.577973567715, shape=(), dtype=float64)
nll_grad  cost time: 2.8667538166046143
tf.Tensor(-10846.578142289074, shape=(), dtype=float64)
nll_grad  cost time: 2.8431670665740967
tf.Tensor(-10846.57843199714, shape=(), dtype=float64)
nll_grad  cost time: 3.2105984687805176
tf.Tensor(-10846.578921077808, shape=(), dtype=float64)
nll_grad  cost time: 2.8947911262512207
tf.Tensor(-10846.579705658356, shape=(), dtype=float64)
nll_grad  cost time: 2.8386828899383545
tf.Tensor(-10846.580632900446, shape=(), dtype=float64)
nll_grad  cost time: 2.8738608360290527
nll_grad  cost time: 2.792389392852783
tf.Tensor(-10846.581031912927, shape=(), dtype=float64)
nll_grad  cost time: 2.841240406036377
tf.Tensor(-10846.581772241308, shape=(), dtype=float64)
nll_grad  cost time: 2.840658187866211
tf.Tensor(-10846.582982590393, shape=(), dtype=float64)
nll_grad  cost time: 2.8004801273345947
tf.Tensor(-10846.583594415726, shape=(), dtype=float64)
nll_grad  cost time: 2.794595956802368
tf.Tensor(-10846.584439010814, shape=(), dtype=float64)
nll_grad  cost time: 2.790153980255127
nll_grad  cost time: 2.833479642868042
tf.Tensor(-10846.584767932034, shape=(), dtype=float64)
nll_grad  cost time: 2.7181155681610107
tf.Tensor(-10846.584921356714, shape=(), dtype=float64)
nll_grad  cost time: 2.7780072689056396
tf.Tensor(-10846.585072593338, shape=(), dtype=float64)
nll_grad  cost time: 2.765998125076294
tf.Tensor(-10846.585337737737, shape=(), dtype=float64)
nll_grad  cost time: 2.828396797180176
tf.Tensor(-10846.585763513549, shape=(), dtype=float64)
nll_grad  cost time: 3.003913640975952
tf.Tensor(-10846.58632172294, shape=(), dtype=float64)
nll_grad  cost time: 2.7390809059143066
tf.Tensor(-10846.586559291902, shape=(), dtype=float64)
nll_grad  cost time: 2.8930492401123047
tf.Tensor(-10846.586876074298, shape=(), dtype=float64)
nll_grad  cost time: 2.838820219039917
tf.Tensor(-10846.587299314373, shape=(), dtype=float64)
nll_grad  cost time: 2.9778027534484863
tf.Tensor(-10846.587664049508, shape=(), dtype=float64)
nll_grad  cost time: 2.901017665863037
nll_grad  cost time: 2.7399768829345703
tf.Tensor(-10846.587843685335, shape=(), dtype=float64)
nll_grad  cost time: 2.862389326095581
tf.Tensor(-10846.588100421492, shape=(), dtype=float64)
nll_grad  cost time: 2.7258176803588867
tf.Tensor(-10846.588482284908, shape=(), dtype=float64)
nll_grad  cost time: 2.9658029079437256
tf.Tensor(-10846.588955148458, shape=(), dtype=float64)
nll_grad  cost time: 3.014176368713379
nll_grad  cost time: 2.831308603286743
tf.Tensor(-10846.5890795581, shape=(), dtype=float64)
nll_grad  cost time: 2.8954885005950928
tf.Tensor(-10846.589200248418, shape=(), dtype=float64)
nll_grad  cost time: 2.784637451171875
tf.Tensor(-10846.589363403315, shape=(), dtype=float64)
nll_grad  cost time: 2.73109769821167
tf.Tensor(-10846.589481072986, shape=(), dtype=float64)
nll_grad  cost time: 2.8059909343719482
tf.Tensor(-10846.589552112255, shape=(), dtype=float64)
nll_grad  cost time: 2.8607730865478516
tf.Tensor(-10846.589658530702, shape=(), dtype=float64)
nll_grad  cost time: 2.835592031478882
tf.Tensor(-10846.58981332225, shape=(), dtype=float64)
nll_grad  cost time: 2.923579454421997
nll_grad  cost time: 2.93239164352417
tf.Tensor(-10846.589913213043, shape=(), dtype=float64)
nll_grad  cost time: 2.908001184463501
tf.Tensor(-10846.590068127101, shape=(), dtype=float64)
nll_grad  cost time: 2.8493552207946777
tf.Tensor(-10846.5902630354, shape=(), dtype=float64)
nll_grad  cost time: 2.943303346633911
tf.Tensor(-10846.590372770339, shape=(), dtype=float64)
nll_grad  cost time: 2.9683852195739746
nll_grad  cost time: 2.76755952835083
tf.Tensor(-10846.59041842753, shape=(), dtype=float64)
nll_grad  cost time: 2.7806460857391357
tf.Tensor(-10846.590491557447, shape=(), dtype=float64)
nll_grad  cost time: 2.7429044246673584
tf.Tensor(-10846.590560313696, shape=(), dtype=float64)
nll_grad  cost time: 2.895090341567993
tf.Tensor(-10846.590625592375, shape=(), dtype=float64)
nll_grad  cost time: 3.0291969776153564
tf.Tensor(-10846.59068429874, shape=(), dtype=float64)
nll_grad  cost time: 2.795320510864258
tf.Tensor(-10846.590744141491, shape=(), dtype=float64)
nll_grad  cost time: 2.8244712352752686
tf.Tensor(-10846.590784764212, shape=(), dtype=float64)
nll_grad  cost time: 3.0635733604431152
tf.Tensor(-10846.590810794774, shape=(), dtype=float64)
nll_grad  cost time: 2.9220006465911865
tf.Tensor(-10846.590838961056, shape=(), dtype=float64)
nll_grad  cost time: 2.9427030086517334
tf.Tensor(-10846.590856877081, shape=(), dtype=float64)
nll_grad  cost time: 2.9443132877349854
tf.Tensor(-10846.590877407758, shape=(), dtype=float64)
nll_grad  cost time: 2.8936526775360107
tf.Tensor(-10846.590902474692, shape=(), dtype=float64)
nll_grad  cost time: 2.887924909591675
tf.Tensor(-10846.590926266672, shape=(), dtype=float64)
nll_grad  cost time: 2.86266827583313
tf.Tensor(-10846.590939545806, shape=(), dtype=float64)
nll_grad  cost time: 2.824993371963501
nll_grad  cost time: 2.7187821865081787
tf.Tensor(-10846.590946179796, shape=(), dtype=float64)
nll_grad  cost time: 2.718940019607544
tf.Tensor(-10846.590952751796, shape=(), dtype=float64)
nll_grad  cost time: 2.8838136196136475
tf.Tensor(-10846.590956627388, shape=(), dtype=float64)
nll_grad  cost time: 2.6893975734710693
tf.Tensor(-10846.590959651496, shape=(), dtype=float64)
nll_grad  cost time: 2.843240261077881
tf.Tensor(-10846.590961605682, shape=(), dtype=float64)
nll_grad  cost time: 2.953073024749756
tf.Tensor(-10846.590963712286, shape=(), dtype=float64)
nll_grad  cost time: 2.8865108489990234
tf.Tensor(-10846.590966088104, shape=(), dtype=float64)
nll_grad  cost time: 2.815356492996216
tf.Tensor(-10846.590968092094, shape=(), dtype=float64)
nll_grad  cost time: 2.942819833755493
tf.Tensor(-10846.590969184841, shape=(), dtype=float64)
nll_grad  cost time: 2.736905097961426
tf.Tensor(-10846.59096995392, shape=(), dtype=float64)
nll_grad  cost time: 2.8155782222747803
tf.Tensor(-10846.590970705749, shape=(), dtype=float64)
nll_grad  cost time: 2.7174432277679443
tf.Tensor(-10846.590971936006, shape=(), dtype=float64)
nll_grad  cost time: 2.6920478343963623
tf.Tensor(-10846.590973903867, shape=(), dtype=float64)
nll_grad  cost time: 2.845452070236206
tf.Tensor(-10846.590976842755, shape=(), dtype=float64)
nll_grad  cost time: 2.9257872104644775
tf.Tensor(-10846.590980218312, shape=(), dtype=float64)
nll_grad  cost time: 2.9543139934539795
tf.Tensor(-10846.590983856999, shape=(), dtype=float64)
nll_grad  cost time: 3.041180372238159
tf.Tensor(-10846.590986645831, shape=(), dtype=float64)
nll_grad  cost time: 2.8897180557250977
tf.Tensor(-10846.590988907612, shape=(), dtype=float64)
nll_grad  cost time: 2.9012532234191895
tf.Tensor(-10846.59099113475, shape=(), dtype=float64)
nll_grad  cost time: 2.826629638671875
tf.Tensor(-10846.590993139733, shape=(), dtype=float64)
nll_grad  cost time: 2.905257225036621
tf.Tensor(-10846.590994685026, shape=(), dtype=float64)
nll_grad  cost time: 2.947030782699585
tf.Tensor(-10846.590996506975, shape=(), dtype=float64)
nll_grad  cost time: 2.8697285652160645
tf.Tensor(-10846.590999566619, shape=(), dtype=float64)
nll_grad  cost time: 2.991680145263672
tf.Tensor(-10846.591004911692, shape=(), dtype=float64)
nll_grad  cost time: 2.8885529041290283
tf.Tensor(-10846.591014326208, shape=(), dtype=float64)
nll_grad  cost time: 2.899475574493408
tf.Tensor(-10846.591030567184, shape=(), dtype=float64)
nll_grad  cost time: 2.8156330585479736
tf.Tensor(-10846.5910569589, shape=(), dtype=float64)
nll_grad  cost time: 2.8329944610595703
tf.Tensor(-10846.591094466452, shape=(), dtype=float64)
nll_grad  cost time: 2.7841315269470215
tf.Tensor(-10846.59112815407, shape=(), dtype=float64)
nll_grad  cost time: 2.8828299045562744
tf.Tensor(-10846.591168432939, shape=(), dtype=float64)
nll_grad  cost time: 2.9378116130828857
tf.Tensor(-10846.591222876383, shape=(), dtype=float64)
nll_grad  cost time: 2.825054168701172
tf.Tensor(-10846.59131308801, shape=(), dtype=float64)
nll_grad  cost time: 2.8950021266937256
tf.Tensor(-10846.591463218705, shape=(), dtype=float64)
nll_grad  cost time: 2.9172093868255615
tf.Tensor(-10846.591716983598, shape=(), dtype=float64)
nll_grad  cost time: 2.86807918548584
tf.Tensor(-10846.592136365989, shape=(), dtype=float64)
nll_grad  cost time: 2.8976330757141113
tf.Tensor(-10846.592749990949, shape=(), dtype=float64)
nll_grad  cost time: 2.908677816390991
nll_grad  cost time: 2.752797842025757
tf.Tensor(-10846.59298491359, shape=(), dtype=float64)
nll_grad  cost time: 2.7164525985717773
tf.Tensor(-10846.593393877, shape=(), dtype=float64)
nll_grad  cost time: 2.8920798301696777
tf.Tensor(-10846.594013852426, shape=(), dtype=float64)
nll_grad  cost time: 2.737640857696533
tf.Tensor(-10846.594887937403, shape=(), dtype=float64)
nll_grad  cost time: 3.0382721424102783
tf.Tensor(-10846.59531254135, shape=(), dtype=float64)
nll_grad  cost time: 2.9052200317382812
tf.Tensor(-10846.595379956356, shape=(), dtype=float64)
nll_grad  cost time: 2.8728532791137695
tf.Tensor(-10846.595491702237, shape=(), dtype=float64)
nll_grad  cost time: 3.0277295112609863
tf.Tensor(-10846.595656689562, shape=(), dtype=float64)
nll_grad  cost time: 3.0203497409820557
tf.Tensor(-10846.595868012942, shape=(), dtype=float64)
nll_grad  cost time: 3.0138111114501953
tf.Tensor(-10846.595987331944, shape=(), dtype=float64)
nll_grad  cost time: 2.770562171936035
tf.Tensor(-10846.596158910195, shape=(), dtype=float64)
nll_grad  cost time: 2.9280519485473633
tf.Tensor(-10846.596433993323, shape=(), dtype=float64)
nll_grad  cost time: 2.927368640899658
nll_grad  cost time: 2.8146727085113525
tf.Tensor(-10846.596628289439, shape=(), dtype=float64)
nll_grad  cost time: 2.8198435306549072
tf.Tensor(-10846.59683204002, shape=(), dtype=float64)
nll_grad  cost time: 2.69992733001709
nll_grad  cost time: 2.7478532791137695
tf.Tensor(-10846.596929189847, shape=(), dtype=float64)
nll_grad  cost time: 2.9420251846313477
tf.Tensor(-10846.597016241461, shape=(), dtype=float64)
nll_grad  cost time: 2.7882025241851807
tf.Tensor(-10846.59705938136, shape=(), dtype=float64)
nll_grad  cost time: 2.846625804901123
tf.Tensor(-10846.597099334254, shape=(), dtype=float64)
nll_grad  cost time: 2.787928819656372
tf.Tensor(-10846.59711845222, shape=(), dtype=float64)
nll_grad  cost time: 2.8882768154144287
tf.Tensor(-10846.597123490475, shape=(), dtype=float64)
nll_grad  cost time: 3.2763166427612305
tf.Tensor(-10846.597132248004, shape=(), dtype=float64)
nll_grad  cost time: 2.7727317810058594
tf.Tensor(-10846.597146189513, shape=(), dtype=float64)
nll_grad  cost time: 2.794024705886841
tf.Tensor(-10846.597161677651, shape=(), dtype=float64)
nll_grad  cost time: 2.804091215133667
tf.Tensor(-10846.5971731382, shape=(), dtype=float64)
nll_grad  cost time: 2.8061935901641846
tf.Tensor(-10846.597191005723, shape=(), dtype=float64)
nll_grad  cost time: 2.869438648223877
tf.Tensor(-10846.597216419788, shape=(), dtype=float64)
nll_grad  cost time: 3.038383722305298
tf.Tensor(-10846.597253729613, shape=(), dtype=float64)
nll_grad  cost time: 2.868725061416626
tf.Tensor(-10846.597311224583, shape=(), dtype=float64)
nll_grad  cost time: 3.0183138847351074
tf.Tensor(-10846.5973970811, shape=(), dtype=float64)
nll_grad  cost time: 2.877203941345215
tf.Tensor(-10846.597475937999, shape=(), dtype=float64)
nll_grad  cost time: 2.902386426925659
tf.Tensor(-10846.597612647369, shape=(), dtype=float64)
nll_grad  cost time: 2.8358712196350098
tf.Tensor(-10846.597838294518, shape=(), dtype=float64)
nll_grad  cost time: 2.8519062995910645
tf.Tensor(-10846.598031873858, shape=(), dtype=float64)
nll_grad  cost time: 2.9080090522766113
tf.Tensor(-10846.598205210117, shape=(), dtype=float64)
nll_grad  cost time: 2.923285961151123
nll_grad  cost time: 2.9387588500976562
tf.Tensor(-10846.598260334127, shape=(), dtype=float64)
nll_grad  cost time: 2.9547481536865234
tf.Tensor(-10846.59833991972, shape=(), dtype=float64)
nll_grad  cost time: 3.0367047786712646
tf.Tensor(-10846.598402264168, shape=(), dtype=float64)
nll_grad  cost time: 2.9333910942077637
tf.Tensor(-10846.598450431064, shape=(), dtype=float64)
nll_grad  cost time: 2.9044315814971924
tf.Tensor(-10846.59849363342, shape=(), dtype=float64)
nll_grad  cost time: 2.9758918285369873
tf.Tensor(-10846.598530258787, shape=(), dtype=float64)
nll_grad  cost time: 2.9326701164245605
tf.Tensor(-10846.598556885287, shape=(), dtype=float64)
nll_grad  cost time: 2.9622490406036377
tf.Tensor(-10846.59859060613, shape=(), dtype=float64)
nll_grad  cost time: 2.9008874893188477
tf.Tensor(-10846.59860713025, shape=(), dtype=float64)
nll_grad  cost time: 2.777763843536377
tf.Tensor(-10846.598631786967, shape=(), dtype=float64)
nll_grad  cost time: 2.8521697521209717
tf.Tensor(-10846.598662368122, shape=(), dtype=float64)
nll_grad  cost time: 2.9145355224609375
tf.Tensor(-10846.598699561746, shape=(), dtype=float64)
nll_grad  cost time: 2.884399890899658
tf.Tensor(-10846.598754807535, shape=(), dtype=float64)
nll_grad  cost time: 2.856438398361206
nll_grad  cost time: 2.932060718536377
tf.Tensor(-10846.598794437874, shape=(), dtype=float64)
nll_grad  cost time: 2.835688591003418
tf.Tensor(-10846.598861041892, shape=(), dtype=float64)
nll_grad  cost time: 2.722604513168335
tf.Tensor(-10846.59896309707, shape=(), dtype=float64)
nll_grad  cost time: 2.681774616241455
tf.Tensor(-10846.599056825491, shape=(), dtype=float64)
nll_grad  cost time: 2.7668724060058594
nll_grad  cost time: 2.751983880996704
tf.Tensor(-10846.599106460255, shape=(), dtype=float64)
nll_grad  cost time: 2.692918300628662
tf.Tensor(-10846.599138043903, shape=(), dtype=float64)
nll_grad  cost time: 2.7628729343414307
tf.Tensor(-10846.59918502632, shape=(), dtype=float64)
nll_grad  cost time: 2.9028937816619873
tf.Tensor(-10846.599236122269, shape=(), dtype=float64)
nll_grad  cost time: 2.743584156036377
tf.Tensor(-10846.599288648966, shape=(), dtype=float64)
nll_grad  cost time: 2.993612289428711
tf.Tensor(-10846.599361597948, shape=(), dtype=float64)
nll_grad  cost time: 3.054453134536743
tf.Tensor(-10846.59945457002, shape=(), dtype=float64)
nll_grad  cost time: 2.851485252380371
tf.Tensor(-10846.59949325822, shape=(), dtype=float64)
nll_grad  cost time: 2.85973858833313
tf.Tensor(-10846.59954837917, shape=(), dtype=float64)
nll_grad  cost time: 3.015772819519043
tf.Tensor(-10846.599574709002, shape=(), dtype=float64)
nll_grad  cost time: 2.873079538345337
tf.Tensor(-10846.59959565233, shape=(), dtype=float64)
nll_grad  cost time: 2.7803094387054443
tf.Tensor(-10846.59960801289, shape=(), dtype=float64)
nll_grad  cost time: 2.823755979537964
tf.Tensor(-10846.59962502718, shape=(), dtype=float64)
nll_grad  cost time: 2.9534752368927
tf.Tensor(-10846.599643495145, shape=(), dtype=float64)
nll_grad  cost time: 2.8168303966522217
tf.Tensor(-10846.599670629412, shape=(), dtype=float64)
nll_grad  cost time: 2.8505380153656006
tf.Tensor(-10846.599706615474, shape=(), dtype=float64)
nll_grad  cost time: 2.8277337551116943
tf.Tensor(-10846.59975205757, shape=(), dtype=float64)
nll_grad  cost time: 2.799356698989868
nll_grad  cost time: 2.7565677165985107
tf.Tensor(-10846.599779786462, shape=(), dtype=float64)
nll_grad  cost time: 2.832672119140625
tf.Tensor(-10846.599824236355, shape=(), dtype=float64)
nll_grad  cost time: 2.700462818145752
tf.Tensor(-10846.599887684197, shape=(), dtype=float64)
nll_grad  cost time: 2.8624343872070312
tf.Tensor(-10846.599920076758, shape=(), dtype=float64)
nll_grad  cost time: 2.9280846118927
nll_grad  cost time: 2.8744544982910156
tf.Tensor(-10846.599934400927, shape=(), dtype=float64)
nll_grad  cost time: 2.978128671646118
tf.Tensor(-10846.599951424265, shape=(), dtype=float64)
nll_grad  cost time: 2.886199712753296
tf.Tensor(-10846.599975028596, shape=(), dtype=float64)
nll_grad  cost time: 3.0220699310302734
tf.Tensor(-10846.600007315297, shape=(), dtype=float64)
nll_grad  cost time: 3.0249922275543213
tf.Tensor(-10846.600043862854, shape=(), dtype=float64)
nll_grad  cost time: 2.9934945106506348
tf.Tensor(-10846.600092114537, shape=(), dtype=float64)
nll_grad  cost time: 2.713369369506836
nll_grad  cost time: 2.8100788593292236
tf.Tensor(-10846.600104764748, shape=(), dtype=float64)
nll_grad  cost time: 2.9354987144470215
tf.Tensor(-10846.600124883498, shape=(), dtype=float64)
nll_grad  cost time: 2.868807315826416
tf.Tensor(-10846.600154529255, shape=(), dtype=float64)
nll_grad  cost time: 2.876344919204712
tf.Tensor(-10846.600180936013, shape=(), dtype=float64)
nll_grad  cost time: 3.023648262023926
nll_grad  cost time: 2.7104921340942383
tf.Tensor(-10846.600195731116, shape=(), dtype=float64)
nll_grad  cost time: 2.7582437992095947
tf.Tensor(-10846.600215363189, shape=(), dtype=float64)
nll_grad  cost time: 2.8167667388916016
tf.Tensor(-10846.600247558823, shape=(), dtype=float64)
nll_grad  cost time: 3.019923448562622
tf.Tensor(-10846.60028892968, shape=(), dtype=float64)
nll_grad  cost time: 2.915248155593872
nll_grad  cost time: 2.879451274871826
tf.Tensor(-10846.600300827775, shape=(), dtype=float64)
nll_grad  cost time: 2.8418915271759033
tf.Tensor(-10846.60031938859, shape=(), dtype=float64)
nll_grad  cost time: 2.94450306892395
tf.Tensor(-10846.600347545369, shape=(), dtype=float64)
nll_grad  cost time: 2.8229827880859375
tf.Tensor(-10846.60037405567, shape=(), dtype=float64)
nll_grad  cost time: 2.8507111072540283
nll_grad  cost time: 2.9278416633605957
tf.Tensor(-10846.60038225956, shape=(), dtype=float64)
nll_grad  cost time: 2.8694076538085938
tf.Tensor(-10846.600394048113, shape=(), dtype=float64)
nll_grad  cost time: 2.762129783630371
tf.Tensor(-10846.600407200674, shape=(), dtype=float64)
nll_grad  cost time: 2.8148064613342285
tf.Tensor(-10846.60042296441, shape=(), dtype=float64)
nll_grad  cost time: 2.7501933574676514
tf.Tensor(-10846.600440460848, shape=(), dtype=float64)
nll_grad  cost time: 2.727860689163208
tf.Tensor(-10846.600462617012, shape=(), dtype=float64)
nll_grad  cost time: 2.814521312713623
tf.Tensor(-10846.600480091347, shape=(), dtype=float64)
nll_grad  cost time: 2.91320538520813
tf.Tensor(-10846.600486782158, shape=(), dtype=float64)
nll_grad  cost time: 2.897726535797119
tf.Tensor(-10846.600497727966, shape=(), dtype=float64)
nll_grad  cost time: 2.779970407485962
tf.Tensor(-10846.600511613511, shape=(), dtype=float64)
nll_grad  cost time: 3.019620418548584
tf.Tensor(-10846.600523811096, shape=(), dtype=float64)
nll_grad  cost time: 2.8356354236602783
tf.Tensor(-10846.60054193755, shape=(), dtype=float64)
nll_grad  cost time: 2.803342580795288
tf.Tensor(-10846.600550117719, shape=(), dtype=float64)
nll_grad  cost time: 2.7185981273651123
tf.Tensor(-10846.600561510546, shape=(), dtype=float64)
nll_grad  cost time: 2.740946054458618
tf.Tensor(-10846.600570838014, shape=(), dtype=float64)
nll_grad  cost time: 2.813478469848633
tf.Tensor(-10846.600579937658, shape=(), dtype=float64)
nll_grad  cost time: 2.851428985595703
tf.Tensor(-10846.600587145562, shape=(), dtype=float64)
nll_grad  cost time: 2.789773464202881
tf.Tensor(-10846.600596657969, shape=(), dtype=float64)
nll_grad  cost time: 2.7656686305999756
tf.Tensor(-10846.600606500544, shape=(), dtype=float64)
nll_grad  cost time: 2.8262808322906494
tf.Tensor(-10846.600616647676, shape=(), dtype=float64)
nll_grad  cost time: 2.8281142711639404
tf.Tensor(-10846.600625937954, shape=(), dtype=float64)
nll_grad  cost time: 2.9326014518737793
tf.Tensor(-10846.600634864484, shape=(), dtype=float64)
nll_grad  cost time: 2.853426456451416
tf.Tensor(-10846.600646337409, shape=(), dtype=float64)
nll_grad  cost time: 2.804009199142456
tf.Tensor(-10846.600656177066, shape=(), dtype=float64)
nll_grad  cost time: 2.879021644592285
tf.Tensor(-10846.600664832999, shape=(), dtype=float64)
nll_grad  cost time: 2.826369047164917
tf.Tensor(-10846.600677483288, shape=(), dtype=float64)
nll_grad  cost time: 2.8031411170959473
tf.Tensor(-10846.60068723809, shape=(), dtype=float64)
nll_grad  cost time: 2.741328716278076
tf.Tensor(-10846.600691598398, shape=(), dtype=float64)
nll_grad  cost time: 2.698108673095703
tf.Tensor(-10846.600697118578, shape=(), dtype=float64)
nll_grad  cost time: 2.737325429916382
tf.Tensor(-10846.60070368363, shape=(), dtype=float64)
nll_grad  cost time: 2.835340976715088
tf.Tensor(-10846.600713305064, shape=(), dtype=float64)
nll_grad  cost time: 2.9741485118865967
tf.Tensor(-10846.600725817221, shape=(), dtype=float64)
nll_grad  cost time: 2.860243082046509
tf.Tensor(-10846.60073242841, shape=(), dtype=float64)
nll_grad  cost time: 2.7932748794555664
nll_grad  cost time: 3.3643417358398438
tf.Tensor(-10846.600734253565, shape=(), dtype=float64)
nll_grad  cost time: 2.7794885635375977
tf.Tensor(-10846.600737204359, shape=(), dtype=float64)
nll_grad  cost time: 2.873638868331909
tf.Tensor(-10846.600741907105, shape=(), dtype=float64)
nll_grad  cost time: 2.8649067878723145
tf.Tensor(-10846.600748534938, shape=(), dtype=float64)
nll_grad  cost time: 2.82645845413208
tf.Tensor(-10846.600754156145, shape=(), dtype=float64)
nll_grad  cost time: 2.7105159759521484
tf.Tensor(-10846.60076073013, shape=(), dtype=float64)
nll_grad  cost time: 2.766519546508789
nll_grad  cost time: 2.827216386795044
tf.Tensor(-10846.600764552042, shape=(), dtype=float64)
nll_grad  cost time: 2.8644118309020996
tf.Tensor(-10846.600769919298, shape=(), dtype=float64)
nll_grad  cost time: 2.847805976867676
tf.Tensor(-10846.600778497017, shape=(), dtype=float64)
nll_grad  cost time: 2.753969192504883
tf.Tensor(-10846.600788835702, shape=(), dtype=float64)
nll_grad  cost time: 2.8796021938323975
nll_grad  cost time: 2.7657549381256104
tf.Tensor(-10846.600792435791, shape=(), dtype=float64)
nll_grad  cost time: 2.791166305541992
tf.Tensor(-10846.600797779727, shape=(), dtype=float64)
nll_grad  cost time: 2.7613093852996826
tf.Tensor(-10846.600802906323, shape=(), dtype=float64)
nll_grad  cost time: 2.9029269218444824
tf.Tensor(-10846.600804819855, shape=(), dtype=float64)
nll_grad  cost time: 2.815687417984009
tf.Tensor(-10846.600807344123, shape=(), dtype=float64)
nll_grad  cost time: 2.772292137145996
tf.Tensor(-10846.600810810693, shape=(), dtype=float64)
nll_grad  cost time: 3.01607608795166
tf.Tensor(-10846.600815459671, shape=(), dtype=float64)
nll_grad  cost time: 2.896225929260254
tf.Tensor(-10846.600818529138, shape=(), dtype=float64)
nll_grad  cost time: 2.900853157043457
tf.Tensor(-10846.600821624841, shape=(), dtype=float64)
nll_grad  cost time: 2.941349744796753
tf.Tensor(-10846.600826371228, shape=(), dtype=float64)
nll_grad  cost time: 2.708681583404541
tf.Tensor(-10846.600833234645, shape=(), dtype=float64)
nll_grad  cost time: 2.7922544479370117
tf.Tensor(-10846.600840122268, shape=(), dtype=float64)
nll_grad  cost time: 2.7305381298065186
nll_grad  cost time: 2.855459213256836
tf.Tensor(-10846.600842565385, shape=(), dtype=float64)
nll_grad  cost time: 2.726814031600952
tf.Tensor(-10846.600846404994, shape=(), dtype=float64)
nll_grad  cost time: 2.734482765197754
tf.Tensor(-10846.600849712377, shape=(), dtype=float64)
nll_grad  cost time: 2.71205735206604
tf.Tensor(-10846.60085035969, shape=(), dtype=float64)
nll_grad  cost time: 2.8229477405548096
tf.Tensor(-10846.60085130526, shape=(), dtype=float64)
nll_grad  cost time: 2.6933372020721436
tf.Tensor(-10846.600852765778, shape=(), dtype=float64)
nll_grad  cost time: 2.9329288005828857
tf.Tensor(-10846.60085522847, shape=(), dtype=float64)
nll_grad  cost time: 2.8899195194244385
tf.Tensor(-10846.600858424292, shape=(), dtype=float64)
nll_grad  cost time: 2.940131425857544
tf.Tensor(-10846.600862066096, shape=(), dtype=float64)
nll_grad  cost time: 2.979037046432495
tf.Tensor(-10846.600864912409, shape=(), dtype=float64)
nll_grad  cost time: 2.734145164489746
nll_grad  cost time: 2.757655382156372
tf.Tensor(-10846.600866649018, shape=(), dtype=float64)
nll_grad  cost time: 2.7381393909454346
tf.Tensor(-10846.600869450931, shape=(), dtype=float64)
nll_grad  cost time: 2.7622570991516113
tf.Tensor(-10846.600873337695, shape=(), dtype=float64)
nll_grad  cost time: 2.7679529190063477
tf.Tensor(-10846.60087511897, shape=(), dtype=float64)
nll_grad  cost time: 2.7625207901000977
nll_grad  cost time: 2.6378748416900635
tf.Tensor(-10846.600876250353, shape=(), dtype=float64)
nll_grad  cost time: 2.767763614654541
tf.Tensor(-10846.60087736058, shape=(), dtype=float64)
nll_grad  cost time: 2.667876958847046
tf.Tensor(-10846.600878819732, shape=(), dtype=float64)
nll_grad  cost time: 2.671295404434204
tf.Tensor(-10846.600880770671, shape=(), dtype=float64)
nll_grad  cost time: 2.832180976867676
tf.Tensor(-10846.600882582625, shape=(), dtype=float64)
nll_grad  cost time: 2.7746148109436035
tf.Tensor(-10846.600883697076, shape=(), dtype=float64)
nll_grad  cost time: 2.6705124378204346
tf.Tensor(-10846.60088524152, shape=(), dtype=float64)
nll_grad  cost time: 2.638768196105957
tf.Tensor(-10846.600886876482, shape=(), dtype=float64)
nll_grad  cost time: 2.772481918334961
tf.Tensor(-10846.600888039746, shape=(), dtype=float64)
nll_grad  cost time: 2.9942781925201416
tf.Tensor(-10846.600889757688, shape=(), dtype=float64)
nll_grad  cost time: 2.9576480388641357
tf.Tensor(-10846.60089194392, shape=(), dtype=float64)
nll_grad  cost time: 2.9421727657318115
nll_grad  cost time: 2.9342446327209473
tf.Tensor(-10846.600892600643, shape=(), dtype=float64)
nll_grad  cost time: 2.8873956203460693
tf.Tensor(-10846.600893569206, shape=(), dtype=float64)
nll_grad  cost time: 2.778960704803467
tf.Tensor(-10846.6008949812, shape=(), dtype=float64)
nll_grad  cost time: 2.8253066539764404
tf.Tensor(-10846.600896088561, shape=(), dtype=float64)
nll_grad  cost time: 2.7953383922576904
tf.Tensor(-10846.600896927699, shape=(), dtype=float64)
nll_grad  cost time: 2.8476192951202393
nll_grad  cost time: 2.8847622871398926
tf.Tensor(-10846.600897398088, shape=(), dtype=float64)
nll_grad  cost time: 2.7297472953796387
tf.Tensor(-10846.600898061266, shape=(), dtype=float64)
nll_grad  cost time: 2.970792531967163
tf.Tensor(-10846.600899046653, shape=(), dtype=float64)
nll_grad  cost time: 2.914982318878174
tf.Tensor(-10846.600899871964, shape=(), dtype=float64)
nll_grad  cost time: 3.145375967025757
tf.Tensor(-10846.600900482637, shape=(), dtype=float64)
nll_grad  cost time: 2.8157618045806885
nll_grad  cost time: 2.851574182510376
tf.Tensor(-10846.60090097062, shape=(), dtype=float64)
nll_grad  cost time: 2.862032651901245
nll_grad  cost time: 3.0011534690856934
tf.Tensor(-10846.600901311493, shape=(), dtype=float64)
nll_grad  cost time: 2.8566739559173584
tf.Tensor(-10846.600901797992, shape=(), dtype=float64)
nll_grad  cost time: 2.880340099334717
tf.Tensor(-10846.600902148619, shape=(), dtype=float64)
nll_grad  cost time: 2.820441961288452
tf.Tensor(-10846.600902443144, shape=(), dtype=float64)
nll_grad  cost time: 2.919583797454834
tf.Tensor(-10846.600902912105, shape=(), dtype=float64)
nll_grad  cost time: 2.8643910884857178
tf.Tensor(-10846.600903465851, shape=(), dtype=float64)
nll_grad  cost time: 2.7840077877044678
nll_grad  cost time: 2.7079391479492188
tf.Tensor(-10846.600903746372, shape=(), dtype=float64)
nll_grad  cost time: 2.9342293739318848
tf.Tensor(-10846.600903986206, shape=(), dtype=float64)
nll_grad  cost time: 2.8353986740112305
tf.Tensor(-10846.600904274677, shape=(), dtype=float64)
nll_grad  cost time: 2.8944928646087646
tf.Tensor(-10846.600904546633, shape=(), dtype=float64)
nll_grad  cost time: 3.0192298889160156
tf.Tensor(-10846.600904705689, shape=(), dtype=float64)
nll_grad  cost time: 2.8532614707946777
tf.Tensor(-10846.600904828938, shape=(), dtype=float64)
nll_grad  cost time: 2.8384392261505127
tf.Tensor(-10846.600904930667, shape=(), dtype=float64)
nll_grad  cost time: 2.8555092811584473
tf.Tensor(-10846.600905084624, shape=(), dtype=float64)
nll_grad  cost time: 2.9194929599761963
tf.Tensor(-10846.600905266756, shape=(), dtype=float64)
nll_grad  cost time: 2.8052165508270264
tf.Tensor(-10846.600905384763, shape=(), dtype=float64)
nll_grad  cost time: 2.86812162399292
nll_grad  cost time: 2.745699882507324
tf.Tensor(-10846.600905425737, shape=(), dtype=float64)
nll_grad  cost time: 2.77990984916687
tf.Tensor(-10846.600905486073, shape=(), dtype=float64)
nll_grad  cost time: 2.7976152896881104
tf.Tensor(-10846.600905531745, shape=(), dtype=float64)
nll_grad  cost time: 2.814791679382324
tf.Tensor(-10846.600905562673, shape=(), dtype=float64)
nll_grad  cost time: 2.7059736251831055
tf.Tensor(-10846.600905581841, shape=(), dtype=float64)
nll_grad  cost time: 2.819790840148926
tf.Tensor(-10846.600905608433, shape=(), dtype=float64)
nll_grad  cost time: 2.8638756275177
tf.Tensor(-10846.600905632884, shape=(), dtype=float64)
nll_grad  cost time: 3.003434658050537
tf.Tensor(-10846.600905641619, shape=(), dtype=float64)
nll_grad  cost time: 2.81296706199646
tf.Tensor(-10846.600905647727, shape=(), dtype=float64)
nll_grad  cost time: 2.749077081680298
tf.Tensor(-10846.60090565114, shape=(), dtype=float64)
nll_grad  cost time: 2.8039438724517822
tf.Tensor(-10846.600905652891, shape=(), dtype=float64)
nll_grad  cost time: 2.7754862308502197
tf.Tensor(-10846.600905653686, shape=(), dtype=float64)
nll_grad  cost time: 2.6476430892944336
tf.Tensor(-10846.600905654102, shape=(), dtype=float64)
nll_grad  cost time: 2.913329601287842
tf.Tensor(-10846.600905654244, shape=(), dtype=float64)
nll_grad  cost time: 2.8392441272735596
nll_grad  cost time: 2.87324595451355
tf.Tensor(-10846.60090565426, shape=(), dtype=float64)
nll_grad  cost time: 2.718632936477661
nll_grad  cost time: 2.614351987838745
nll_grad  cost time: 2.6254539489746094
nll_grad  cost time: 2.534284830093384
nll_grad  cost time: 2.557103395462036
nll_grad  cost time: 2.79415225982666
nll_grad  cost time: 2.780158042907715
nll_grad  cost time: 2.844470739364624
nll_grad  cost time: 2.6256773471832275
nll_grad  cost time: 2.7886314392089844
nll_grad  cost time: 2.8000292778015137
nll_grad  cost time: 2.7740156650543213
nll_grad  cost time: 2.6945836544036865
nll_grad  cost time: 2.741337537765503
nll_grad  cost time: 2.6113998889923096
nll_grad  cost time: 2.646289348602295
nll_grad  cost time: 2.7475028038024902
nll_grad  cost time: 2.7089529037475586
nll_grad  cost time: 2.773162841796875
tf.Tensor(-10846.60090565427, shape=(), dtype=float64)
Optimization terminated successfully.
         Current function value: -10846.600906
         Iterations: 1253
         Function evaluations: 1323
         Gradient evaluations: 1322
  message: Optimization terminated successfully.
  success: True
   status: 0
      fun: -10846.60090565427
        x: [ 1.577e+00  9.517e-01 ...  3.787e+00  4.251e+00]
      nit: 1253
      jac: [ 0.000e+00  0.000e+00 ...  1.344e-07  2.087e-07]
 hess_inv: [[ 1.000e+00  0.000e+00 ...  0.000e+00  0.000e+00]
            [ 0.000e+00  1.000e+00 ...  0.000e+00  0.000e+00]
            ...
            [ 0.000e+00  0.000e+00 ...  1.799e+03 -6.881e+01]
            [ 0.000e+00  0.000e+00 ... -6.881e+01  6.666e+01]]
     nfev: 1323
     njev: 1322
fit  cost time: 3711.7553703784943

========== Fit loop 2/5 ==========
using RANDOM parameters

########### initial parameters
{
  "rho(1450)p_mass": 1.51,
  "rho(1450)p_width": 0.44,
  "rho(1570)p_mass": 1.57,
  "rho(1570)p_width": 0.14,
  "rho(1690)p_mass": 1.681,
  "rho(1690)p_width": 0.19,
  "rho(1450)m_mass": 1.51,
  "rho(1450)m_width": 0.44,
  "rho(1570)m_mass": 1.57,
  "rho(1570)m_width": 0.14,
  "rho(1690)m_mass": 1.681,
  "rho(1690)m_width": 0.19,
  "f0(500)_E791_mass": 0.478,
  "f2(1270)_flatte_mass": 1.2754,
  "f2(1270)_flatte_g_0": 4.6998183059126015,
  "f2(1270)_flatte_g_1": 0.036831518997126354,
  "f0(1370)_mass": 1.37,
  "f0(1370)_width": 0.35,
  "f0(1500)_flatte_mass": 1.522,
  "f0(1500)_flatte_g_0": 0.0670078257874135,
  "f0(1500)_flatte_g_1": 0.3104685828419842,
  "f2(1430)_mass": 1.43,
  "f2(1430)_width": 0.046,
  "Jpsi->rho(1450)p.pimrho(1450)p->phi.pip_total_0r": 1.0,
  "Jpsi->rho(1450)p.pimrho(1450)p->phi.pip_total_0i": 0.0,
  "Jpsi->rho(1450)p.pim_g_ls_0r": 1.0,
  "Jpsi->rho(1450)p.pim_g_ls_0i": 0.0,
  "rho(1450)p->phi.pip_g_ls_0r": 1.0,
  "rho(1450)p->phi.pip_g_ls_0i": 0.0,
  "Jpsi->rho(1570)p.pimrho(1570)p->phi.pip_total_0r": 1.2096944529680451,
  "Jpsi->rho(1570)p.pimrho(1570)p->phi.pip_total_0i": -2.9147389430803017,
  "Jpsi->rho(1570)p.pim_g_ls_0r": 1.0,
  "Jpsi->rho(1570)p.pim_g_ls_0i": 0.0,
  "rho(1570)p->phi.pip_g_ls_0r": 1.0,
  "rho(1570)p->phi.pip_g_ls_0i": 0.0,
  "Jpsi->rho(1690)p.pimrho(1690)p->phi.pip_total_0r": 1.7470898264480486,
  "Jpsi->rho(1690)p.pimrho(1690)p->phi.pip_total_0i": 2.9143134046880226,
  "Jpsi->rho(1690)p.pim_g_ls_0r": 1.0,
  "Jpsi->rho(1690)p.pim_g_ls_0i": 0.0,
  "rho(1690)p->phi.pip_g_ls_0r": 1.0,
  "rho(1690)p->phi.pip_g_ls_0i": 0.0,
  "Jpsi->rho(1450)m.piprho(1450)m->phi.pim_total_0r": 1.0,
  "Jpsi->rho(1450)m.piprho(1450)m->phi.pim_total_0i": 0.0,
  "Jpsi->rho(1450)m.pip_g_ls_0r": 1.0,
  "Jpsi->rho(1450)m.pip_g_ls_0i": 0.0,
  "rho(1450)m->phi.pim_g_ls_0r": 1.0,
  "rho(1450)m->phi.pim_g_ls_0i": 0.0,
  "Jpsi->rho(1570)m.piprho(1570)m->phi.pim_total_0r": 1.2096944529680451,
  "Jpsi->rho(1570)m.piprho(1570)m->phi.pim_total_0i": -2.9147389430803017,
  "Jpsi->rho(1570)m.pip_g_ls_0r": 1.0,
  "Jpsi->rho(1570)m.pip_g_ls_0i": 0.0,
  "rho(1570)m->phi.pim_g_ls_0r": 1.0,
  "rho(1570)m->phi.pim_g_ls_0i": 0.0,
  "Jpsi->rho(1690)m.piprho(1690)m->phi.pim_total_0r": 1.7470898264480486,
  "Jpsi->rho(1690)m.piprho(1690)m->phi.pim_total_0i": 2.9143134046880226,
  "Jpsi->rho(1690)m.pip_g_ls_0r": 1.0,
  "Jpsi->rho(1690)m.pip_g_ls_0i": 0.0,
  "rho(1690)m->phi.pim_g_ls_0r": 1.0,
  "rho(1690)m->phi.pim_g_ls_0i": 0.0,
  "Jpsi->phi.f0(500)_E791f0(500)_E791->pip.pim_total_0r": 1.5370487961570896,
  "Jpsi->phi.f0(500)_E791f0(500)_E791->pip.pim_total_0i": -0.26597177207900646,
  "Jpsi->phi.f0(500)_E791_g_ls_0r": 1.0,
  "Jpsi->phi.f0(500)_E791_g_ls_0i": 0.0,
  "Jpsi->phi.f0(500)_E791_g_ls_1r": 0.923736170518481,
  "Jpsi->phi.f0(500)_E791_g_ls_1i": 2.521427390269399,
  "f0(500)_E791->pip.pim_g_ls_0r": 1.0,
  "f0(500)_E791->pip.pim_g_ls_0i": 0.0,
  "Jpsi->phi.f0(980)_flattef0(980)_flatte->pip.pim_total_0r": 0.771100924138755,
  "Jpsi->phi.f0(980)_flattef0(980)_flatte->pip.pim_total_0i": -2.286851184267496,
  "f0(980)_flatte->pip.pim_g_ls_0r": 1.0,
  "f0(980)_flatte->pip.pim_g_ls_0i": 0.0,
  "Jpsi->phi.f2(1270)_flattef2(1270)_flatte->pip.pim_total_0r": 0.8910039726111623,
  "Jpsi->phi.f2(1270)_flattef2(1270)_flatte->pip.pim_total_0i": -1.2470058183076085,
  "Jpsi->phi.f2(1270)_flatte_g_ls_0r": 1.0,
  "Jpsi->phi.f2(1270)_flatte_g_ls_0i": 0.0,
  "Jpsi->phi.f2(1270)_flatte_g_ls_1r": 0.6168096920910573,
  "Jpsi->phi.f2(1270)_flatte_g_ls_1i": -0.24698491190758665,
  "Jpsi->phi.f2(1270)_flatte_g_ls_2r": 0.537430040328216,
  "Jpsi->phi.f2(1270)_flatte_g_ls_2i": -1.9091698790684122,
  "Jpsi->phi.f2(1270)_flatte_g_ls_3r": 0.024228202625510953,
  "Jpsi->phi.f2(1270)_flatte_g_ls_3i": 1.0908432603109572,
  "Jpsi->phi.f2(1270)_flatte_g_ls_4r": 0.4672276650373375,
  "Jpsi->phi.f2(1270)_flatte_g_ls_4i": 1.8426806167478675,
  "f2(1270)_flatte->pip.pim_g_ls_0r": 1.0,
  "f2(1270)_flatte->pip.pim_g_ls_0i": 0.0,
  "Jpsi->phi.f0(1370)f0(1370)->pip.pim_total_0r": 1.3314762977908488,
  "Jpsi->phi.f0(1370)f0(1370)->pip.pim_total_0i": 2.1086677302437566,
  "Jpsi->phi.f0(1370)_g_ls_0r": 1.0,
  "Jpsi->phi.f0(1370)_g_ls_0i": 0.0,
  "Jpsi->phi.f0(1370)_g_ls_1r": 0.08504797900329875,
  "Jpsi->phi.f0(1370)_g_ls_1i": -0.29755789826746604,
  "f0(1370)->pip.pim_g_ls_0r": 1.0,
  "f0(1370)->pip.pim_g_ls_0i": 0.0,
  "Jpsi->phi.f0(1500)_flattef0(1500)_flatte->pip.pim_total_0r": 1.9388529356813278,
  "Jpsi->phi.f0(1500)_flattef0(1500)_flatte->pip.pim_total_0i": -0.39193573849149344,
  "Jpsi->phi.f0(1500)_flatte_g_ls_0r": 1.0,
  "Jpsi->phi.f0(1500)_flatte_g_ls_0i": 0.0,
  "Jpsi->phi.f0(1500)_flatte_g_ls_1r": 0.7903959260598312,
  "Jpsi->phi.f0(1500)_flatte_g_ls_1i": -2.797444781602776,
  "f0(1500)_flatte->pip.pim_g_ls_0r": 1.0,
  "f0(1500)_flatte->pip.pim_g_ls_0i": 0.0,
  "Jpsi->phi.f0(1710)f0(1710)->pip.pim_total_0r": 0.26196168237464734,
  "Jpsi->phi.f0(1710)f0(1710)->pip.pim_total_0i": -0.058235613207552994,
  "f0(1710)->pip.pim_g_ls_0r": 1.0,
  "f0(1710)->pip.pim_g_ls_0i": 0.0,
  "Jpsi->phi.f2(1430)f2(1430)->pip.pim_total_0r": 0.6915589043651171,
  "Jpsi->phi.f2(1430)f2(1430)->pip.pim_total_0i": -0.994784250886692,
  "Jpsi->phi.f2(1430)_g_ls_0r": 1.0,
  "Jpsi->phi.f2(1430)_g_ls_0i": 0.0,
  "Jpsi->phi.f2(1430)_g_ls_1r": 0.8624446998746857,
  "Jpsi->phi.f2(1430)_g_ls_1i": 2.8803145433733794,
  "Jpsi->phi.f2(1430)_g_ls_2r": 1.8817970165519111,
  "Jpsi->phi.f2(1430)_g_ls_2i": 0.159730039599979,
  "Jpsi->phi.f2(1430)_g_ls_3r": 0.3255198221040376,
  "Jpsi->phi.f2(1430)_g_ls_3i": 2.9642011825080816,
  "Jpsi->phi.f2(1430)_g_ls_4r": 0.028222695042948942,
  "Jpsi->phi.f2(1430)_g_ls_4i": -2.2286144090497846,
  "f2(1430)->pip.pim_g_ls_0r": 1.0,
  "f2(1430)->pip.pim_g_ls_0i": 0.0,
  "Jpsi->phi.NR_pipi_0.NR_pipi_0.->pip.pim_total_0r": 1.1441377137703017,
  "Jpsi->phi.NR_pipi_0.NR_pipi_0.->pip.pim_total_0i": -2.6120189675070593,
  "Jpsi->phi.NR_pipi_0._g_ls_0r": 1.0,
  "Jpsi->phi.NR_pipi_0._g_ls_0i": 0.0,
  "Jpsi->phi.NR_pipi_0._g_ls_1r": 1.6969394917906877,
  "Jpsi->phi.NR_pipi_0._g_ls_1i": -0.8804719409321828,
  "NR_pipi_0.->pip.pim_g_ls_0r": 1.0,
  "NR_pipi_0.->pip.pim_g_ls_0i": 0.0,
  "K1(1400)p_mass": 1.403,
  "K1(1400)p_width": 0.174,
  "K2(1820)p_mass": 1.819,
  "K2(1820)p_width": 0.264,
  "K2(1980)p_mass": 1.99,
  "K2(1980)p_width": 0.348,
  "K2(2250)p_mass": 2.247,
  "K2(2250)p_width": 0.18,
  "K3(2320)p_mass": 2.324,
  "K3(2320)p_width": 0.15,
  "K1(1400)m_mass": 1.403,
  "K1(1400)m_width": 0.174,
  "K2(1820)m_mass": 1.819,
  "K2(1820)m_width": 0.264,
  "K2(1980)m_mass": 1.99,
  "K2(1980)m_width": 0.348,
  "K3(2320)m_mass": 2.324,
  "K3(2320)m_width": 0.15,
  "f0(980)_flatte_mass": 0.965,
  "f0(980)_flatte_g_0": 2.652263776444544,
  "f0(980)_flatte_g_1": 0.05284807192697488,
  "f2(1270)_mass": 1.2754,
  "f2(1270)_width": 0.1858,
  "f0(1500)_mass": 1.522,
  "f0(1500)_width": 0.108,
  "f2(1525)_mass": 1.5173,
  "f2(1525)_width": 0.072,
  "f2(1565)_mass": 1.571,
  "f2(1565)_width": 0.132,
  "f0(1710)_mass": 1.733,
  "f0(1710)_width": 0.15,
  "f2(1810)_mass": 1.815,
  "f2(1810)_width": 0.197,
  "Jpsi->K1(1400)p.kmK1(1400)p->phi.kp_total_0r": 1.0,
  "Jpsi->K1(1400)p.kmK1(1400)p->phi.kp_total_0i": 0.0,
  "Jpsi->K1(1400)p.km_g_ls_0r": 1.0,
  "Jpsi->K1(1400)p.km_g_ls_0i": 0.0,
  "Jpsi->K1(1400)p.km_g_ls_1r": 0.606193212245334,
  "Jpsi->K1(1400)p.km_g_ls_1i": 2.3323853006010786,
  "K1(1400)p->phi.kp_g_ls_0r": 1.0,
  "K1(1400)p->phi.kp_g_ls_0i": 0.0,
  "K1(1400)p->phi.kp_g_ls_1r": 0.17265374466065175,
  "K1(1400)p->phi.kp_g_ls_1i": 1.5751468242642588,
  "Jpsi->K2(1820)p.kmK2(1820)p->phi.kp_total_0r": 1.169566792781171,
  "Jpsi->K2(1820)p.kmK2(1820)p->phi.kp_total_0i": 2.8898218414567323,
  "Jpsi->K2(1820)p.km_g_ls_0r": 1.0,
  "Jpsi->K2(1820)p.km_g_ls_0i": 0.0,
  "Jpsi->K2(1820)p.km_g_ls_1r": 1.7661410823558645,
  "Jpsi->K2(1820)p.km_g_ls_1i": -0.2778579814760751,
  "K2(1820)p->phi.kp_g_ls_0r": 1.0,
  "K2(1820)p->phi.kp_g_ls_0i": 0.0,
  "K2(1820)p->phi.kp_g_ls_1r": 0.45018590113091017,
  "K2(1820)p->phi.kp_g_ls_1i": 0.2955390045825377,
  "Jpsi->K2(1980)p.kmK2(1980)p->phi.kp_total_0r": 1.9780508433356991,
  "Jpsi->K2(1980)p.kmK2(1980)p->phi.kp_total_0i": 3.1093870746469543,
  "Jpsi->K2(1980)p.km_g_ls_0r": 1.0,
  "Jpsi->K2(1980)p.km_g_ls_0i": 0.0,
  "K2(1980)p->phi.kp_g_ls_0r": 1.0,
  "K2(1980)p->phi.kp_g_ls_0i": 0.0,
  "Jpsi->K2(2250)p.kmK2(2250)p->phi.kp_total_0r": 0.613239142947748,
  "Jpsi->K2(2250)p.kmK2(2250)p->phi.kp_total_0i": 0.1479152200318925,
  "Jpsi->K2(2250)p.km_g_ls_0r": 1.0,
  "Jpsi->K2(2250)p.km_g_ls_0i": 0.0,
  "Jpsi->K2(2250)p.km_g_ls_1r": 0.7332272657622223,
  "Jpsi->K2(2250)p.km_g_ls_1i": -2.2560286869044535,
  "K2(2250)p->phi.kp_g_ls_0r": 1.0,
  "K2(2250)p->phi.kp_g_ls_0i": 0.0,
  "K2(2250)p->phi.kp_g_ls_1r": 0.6723250282812567,
  "K2(2250)p->phi.kp_g_ls_1i": -1.2119949675315036,
  "Jpsi->K3(2320)p.kmK3(2320)p->phi.kp_total_0r": 0.8085563906092315,
  "Jpsi->K3(2320)p.kmK3(2320)p->phi.kp_total_0i": -1.265416448398882,
  "Jpsi->K3(2320)p.km_g_ls_0r": 1.0,
  "Jpsi->K3(2320)p.km_g_ls_0i": 0.0,
  "Jpsi->K3(2320)p.km_g_ls_1r": 0.22626589878929781,
  "Jpsi->K3(2320)p.km_g_ls_1i": 2.2987869096800093,
  "K3(2320)p->phi.kp_g_ls_0r": 1.0,
  "K3(2320)p->phi.kp_g_ls_0i": 0.0,
  "K3(2320)p->phi.kp_g_ls_1r": 1.3267081476814782,
  "K3(2320)p->phi.kp_g_ls_1i": 1.9301769481498958,
  "Jpsi->K1(1400)m.kpK1(1400)m->phi.km_total_0r": 1.0,
  "Jpsi->K1(1400)m.kpK1(1400)m->phi.km_total_0i": 0.0,
  "Jpsi->K1(1400)m.kp_g_ls_0r": 1.0,
  "Jpsi->K1(1400)m.kp_g_ls_0i": 0.0,
  "Jpsi->K1(1400)m.kp_g_ls_1r": 0.606193212245334,
  "Jpsi->K1(1400)m.kp_g_ls_1i": 2.3323853006010786,
  "K1(1400)m->phi.km_g_ls_0r": 1.0,
  "K1(1400)m->phi.km_g_ls_0i": 0.0,
  "K1(1400)m->phi.km_g_ls_1r": 0.17265374466065175,
  "K1(1400)m->phi.km_g_ls_1i": 1.5751468242642588,
  "Jpsi->K2(1820)m.kpK2(1820)m->phi.km_total_0r": 1.169566792781171,
  "Jpsi->K2(1820)m.kpK2(1820)m->phi.km_total_0i": 2.8898218414567323,
  "Jpsi->K2(1820)m.kp_g_ls_0r": 1.0,
  "Jpsi->K2(1820)m.kp_g_ls_0i": 0.0,
  "Jpsi->K2(1820)m.kp_g_ls_1r": 1.7661410823558645,
  "Jpsi->K2(1820)m.kp_g_ls_1i": -0.2778579814760751,
  "K2(1820)m->phi.km_g_ls_0r": 1.0,
  "K2(1820)m->phi.km_g_ls_0i": 0.0,
  "K2(1820)m->phi.km_g_ls_1r": 0.45018590113091017,
  "K2(1820)m->phi.km_g_ls_1i": 0.2955390045825377,
  "Jpsi->K2(1980)m.kpK2(1980)m->phi.km_total_0r": 1.9780508433356991,
  "Jpsi->K2(1980)m.kpK2(1980)m->phi.km_total_0i": 3.1093870746469543,
  "Jpsi->K2(1980)m.kp_g_ls_0r": 1.0,
  "Jpsi->K2(1980)m.kp_g_ls_0i": 0.0,
  "K2(1980)m->phi.km_g_ls_0r": 1.0,
  "K2(1980)m->phi.km_g_ls_0i": 0.0,
  "Jpsi->K2(2250)p.kpK2(2250)p->phi.km_total_0r": 0.477636750137616,
  "Jpsi->K2(2250)p.kpK2(2250)p->phi.km_total_0i": 0.6927035401150703,
  "Jpsi->K2(2250)p.kp_g_ls_0r": 1.0,
  "Jpsi->K2(2250)p.kp_g_ls_0i": 0.0,
  "Jpsi->K2(2250)p.kp_g_ls_1r": 1.454347806794769,
  "Jpsi->K2(2250)p.kp_g_ls_1i": 0.08995649457207966,
  "K2(2250)p->phi.km_g_ls_0r": 1.0,
  "K2(2250)p->phi.km_g_ls_0i": 0.0,
  "K2(2250)p->phi.km_g_ls_1r": 1.224143660651618,
  "K2(2250)p->phi.km_g_ls_1i": -0.7323768986201169,
  "Jpsi->K3(2320)m.kpK3(2320)m->phi.km_total_0r": 0.8085563906092315,
  "Jpsi->K3(2320)m.kpK3(2320)m->phi.km_total_0i": -1.265416448398882,
  "Jpsi->K3(2320)m.kp_g_ls_0r": 1.0,
  "Jpsi->K3(2320)m.kp_g_ls_0i": 0.0,
  "Jpsi->K3(2320)m.kp_g_ls_1r": 0.22626589878929781,
  "Jpsi->K3(2320)m.kp_g_ls_1i": 2.2987869096800093,
  "K3(2320)m->phi.km_g_ls_0r": 1.0,
  "K3(2320)m->phi.km_g_ls_0i": 0.0,
  "K3(2320)m->phi.km_g_ls_1r": 1.3267081476814782,
  "K3(2320)m->phi.km_g_ls_1i": 1.9301769481498958,
  "Jpsi->phi.f0(980)_flattef0(980)_flatte->kp.km_total_0r": 1.909794363817669,
  "Jpsi->phi.f0(980)_flattef0(980)_flatte->kp.km_total_0i": -0.3951881320725805,
  "Jpsi->phi.f0(980)_flatte_g_ls_0r": 1.0,
  "Jpsi->phi.f0(980)_flatte_g_ls_0i": 0.0,
  "Jpsi->phi.f0(980)_flatte_g_ls_1r": 0.5729940382823826,
  "Jpsi->phi.f0(980)_flatte_g_ls_1i": 2.790002670422715,
  "f0(980)_flatte->kp.km_g_ls_0r": 1.0,
  "f0(980)_flatte->kp.km_g_ls_0i": 0.0,
  "Jpsi->phi.f2(1270)f2(1270)->kp.km_total_0r": 1.4447955426397954,
  "Jpsi->phi.f2(1270)f2(1270)->kp.km_total_0i": 2.2515884712792325,
  "Jpsi->phi.f2(1270)_g_ls_0r": 1.0,
  "Jpsi->phi.f2(1270)_g_ls_0i": 0.0,
  "Jpsi->phi.f2(1270)_g_ls_1r": 1.0949624614612463,
  "Jpsi->phi.f2(1270)_g_ls_1i": 1.698344221423369,
  "Jpsi->phi.f2(1270)_g_ls_2r": 1.0310871698014359,
  "Jpsi->phi.f2(1270)_g_ls_2i": -2.582140703199963,
  "Jpsi->phi.f2(1270)_g_ls_3r": 1.9143466305318713,
  "Jpsi->phi.f2(1270)_g_ls_3i": -1.9819552334310464,
  "Jpsi->phi.f2(1270)_g_ls_4r": 0.2838880917354678,
  "Jpsi->phi.f2(1270)_g_ls_4i": -1.3111489136018808,
  "f2(1270)->kp.km_g_ls_0r": 1.0,
  "f2(1270)->kp.km_g_ls_0i": 0.0,
  "Jpsi->phi.f0(1500)f0(1500)->kp.km_total_0r": 0.912934465107694,
  "Jpsi->phi.f0(1500)f0(1500)->kp.km_total_0i": -2.2660143489764337,
  "Jpsi->phi.f0(1500)_g_ls_0r": 1.0,
  "Jpsi->phi.f0(1500)_g_ls_0i": 0.0,
  "Jpsi->phi.f0(1500)_g_ls_1r": 1.0518354475421514,
  "Jpsi->phi.f0(1500)_g_ls_1i": -3.0256221932115714,
  "f0(1500)->kp.km_g_ls_0r": 1.0,
  "f0(1500)->kp.km_g_ls_0i": 0.0,
  "Jpsi->phi.f2(1525)f2(1525)->kp.km_total_0r": 0.3551913051044697,
  "Jpsi->phi.f2(1525)f2(1525)->kp.km_total_0i": -0.6746652582375439,
  "Jpsi->phi.f2(1525)_g_ls_0r": 1.0,
  "Jpsi->phi.f2(1525)_g_ls_0i": 0.0,
  "Jpsi->phi.f2(1525)_g_ls_1r": 1.8615236011412106,
  "Jpsi->phi.f2(1525)_g_ls_1i": 2.969164592193432,
  "Jpsi->phi.f2(1525)_g_ls_2r": 0.16690797463349005,
  "Jpsi->phi.f2(1525)_g_ls_2i": 0.3302742372457539,
  "Jpsi->phi.f2(1525)_g_ls_3r": 1.0058690842659175,
  "Jpsi->phi.f2(1525)_g_ls_3i": -0.17010605615691743,
  "Jpsi->phi.f2(1525)_g_ls_4r": 0.044151521094872415,
  "Jpsi->phi.f2(1525)_g_ls_4i": 2.7314674523965756,
  "f2(1525)->kp.km_g_ls_0r": 1.0,
  "f2(1525)->kp.km_g_ls_0i": 0.0,
  "Jpsi->phi.f2(1565)f2(1565)->kp.km_total_0r": 0.6661903251215926,
  "Jpsi->phi.f2(1565)f2(1565)->kp.km_total_0i": 3.110327036521526,
  "Jpsi->phi.f2(1565)_g_ls_0r": 1.0,
  "Jpsi->phi.f2(1565)_g_ls_0i": 0.0,
  "Jpsi->phi.f2(1565)_g_ls_1r": 0.6490339082885028,
  "Jpsi->phi.f2(1565)_g_ls_1i": -0.3475950008389823,
  "Jpsi->phi.f2(1565)_g_ls_2r": 0.6524059593949403,
  "Jpsi->phi.f2(1565)_g_ls_2i": 0.476616794908161,
  "Jpsi->phi.f2(1565)_g_ls_3r": 0.31142841567353585,
  "Jpsi->phi.f2(1565)_g_ls_3i": 1.3096138104271215,
  "Jpsi->phi.f2(1565)_g_ls_4r": 1.4183771778232255,
  "Jpsi->phi.f2(1565)_g_ls_4i": -1.0089681783301052,
  "f2(1565)->kp.km_g_ls_0r": 1.0,
  "f2(1565)->kp.km_g_ls_0i": 0.0,
  "Jpsi->phi.f0(1710)f0(1710)->kp.km_total_0r": 0.8324676240667226,
  "Jpsi->phi.f0(1710)f0(1710)->kp.km_total_0i": 1.7502849655001524,
  "Jpsi->phi.f0(1710)_g_ls_0r": 1.0,
  "Jpsi->phi.f0(1710)_g_ls_0i": 0.0,
  "Jpsi->phi.f0(1710)_g_ls_1r": 0.8101044657915013,
  "Jpsi->phi.f0(1710)_g_ls_1i": 2.318938187139004,
  "f0(1710)->kp.km_g_ls_0r": 1.0,
  "f0(1710)->kp.km_g_ls_0i": 0.0,
  "Jpsi->phi.f2(1810)f2(1810)->kp.km_total_0r": 1.1306669529421187,
  "Jpsi->phi.f2(1810)f2(1810)->kp.km_total_0i": 1.2675010234550594,
  "Jpsi->phi.f2(1810)_g_ls_0r": 1.0,
  "Jpsi->phi.f2(1810)_g_ls_0i": 0.0,
  "Jpsi->phi.f2(1810)_g_ls_1r": 0.9081857326492755,
  "Jpsi->phi.f2(1810)_g_ls_1i": 1.1120953624273104,
  "Jpsi->phi.f2(1810)_g_ls_2r": 1.8937866329994635,
  "Jpsi->phi.f2(1810)_g_ls_2i": -1.033086157312693,
  "Jpsi->phi.f2(1810)_g_ls_3r": 1.2966208411689797,
  "Jpsi->phi.f2(1810)_g_ls_3i": -0.1499391621970907,
  "Jpsi->phi.f2(1810)_g_ls_4r": 1.4317162864102189,
  "Jpsi->phi.f2(1810)_g_ls_4i": 0.2013973994266096,
  "f2(1810)->kp.km_g_ls_0r": 1.0,
  "f2(1810)->kp.km_g_ls_0i": 0.0
}
nll_grad  cost time: 2.6647632122039795
nll_grad  cost time: 2.6483492851257324
tf.Tensor(-2460.6892054172276, shape=(), dtype=float64)
nll_grad  cost time: 2.6154303550720215
nll_grad  cost time: 2.714655876159668
tf.Tensor(-4757.484803443003, shape=(), dtype=float64)
nll_grad  cost time: 2.6763110160827637
tf.Tensor(-6068.977174180349, shape=(), dtype=float64)
nll_grad  cost time: 2.809828758239746
tf.Tensor(-6253.785992294172, shape=(), dtype=float64)
nll_grad  cost time: 2.7785370349884033
tf.Tensor(-6583.751954660118, shape=(), dtype=float64)
nll_grad  cost time: 2.799250602722168
tf.Tensor(-7177.126356963665, shape=(), dtype=float64)
nll_grad  cost time: 2.805429458618164
tf.Tensor(-7752.540357922422, shape=(), dtype=float64)
nll_grad  cost time: 2.748323917388916
tf.Tensor(-8050.515896615805, shape=(), dtype=float64)
nll_grad  cost time: 2.754556655883789
tf.Tensor(-8345.478932651931, shape=(), dtype=float64)
nll_grad  cost time: 2.8500864505767822
tf.Tensor(-8507.445459705821, shape=(), dtype=float64)
nll_grad  cost time: 2.806985378265381
tf.Tensor(-8712.004611836339, shape=(), dtype=float64)
nll_grad  cost time: 2.6763694286346436
tf.Tensor(-8938.10421606472, shape=(), dtype=float64)
nll_grad  cost time: 2.7415878772735596
tf.Tensor(-8995.596750233453, shape=(), dtype=float64)
nll_grad  cost time: 2.7279512882232666
tf.Tensor(-9082.216160033015, shape=(), dtype=float64)
nll_grad  cost time: 2.738771677017212
tf.Tensor(-9211.670424670374, shape=(), dtype=float64)
nll_grad  cost time: 2.7569196224212646
tf.Tensor(-9406.297945982034, shape=(), dtype=float64)
nll_grad  cost time: 2.7299442291259766
tf.Tensor(-9488.89197541475, shape=(), dtype=float64)
nll_grad  cost time: 2.8728139400482178
tf.Tensor(-9613.46530071729, shape=(), dtype=float64)
nll_grad  cost time: 2.9322750568389893
tf.Tensor(-9718.237819682967, shape=(), dtype=float64)
nll_grad  cost time: 2.7076759338378906
nll_grad  cost time: 2.7791450023651123
tf.Tensor(-9778.949938191785, shape=(), dtype=float64)
nll_grad  cost time: 2.7395851612091064
tf.Tensor(-9827.666357777009, shape=(), dtype=float64)
nll_grad  cost time: 2.633294105529785
tf.Tensor(-9871.799595146425, shape=(), dtype=float64)
nll_grad  cost time: 2.6323349475860596
tf.Tensor(-9921.663599421765, shape=(), dtype=float64)
nll_grad  cost time: 2.852618455886841
nll_grad  cost time: 2.7664215564727783
tf.Tensor(-9947.443725472665, shape=(), dtype=float64)
nll_grad  cost time: 2.629472255706787
tf.Tensor(-9980.057061429237, shape=(), dtype=float64)
nll_grad  cost time: 2.8274340629577637
tf.Tensor(-10021.289524404507, shape=(), dtype=float64)
nll_grad  cost time: 2.75315523147583
nll_grad  cost time: 2.6149466037750244
tf.Tensor(-10042.162271343812, shape=(), dtype=float64)
nll_grad  cost time: 2.7948625087738037
tf.Tensor(-10065.45583409327, shape=(), dtype=float64)
nll_grad  cost time: 2.698941946029663
tf.Tensor(-10098.901797131024, shape=(), dtype=float64)
nll_grad  cost time: 2.622684955596924
tf.Tensor(-10139.49217711264, shape=(), dtype=float64)
nll_grad  cost time: 2.6338164806365967
nll_grad  cost time: 2.6189231872558594
tf.Tensor(-10162.360156653056, shape=(), dtype=float64)
nll_grad  cost time: 2.8383407592773438
tf.Tensor(-10177.105049226535, shape=(), dtype=float64)
nll_grad  cost time: 2.945136785507202
tf.Tensor(-10198.312097078699, shape=(), dtype=float64)
nll_grad  cost time: 2.7260799407958984
tf.Tensor(-10219.04783202216, shape=(), dtype=float64)
nll_grad  cost time: 2.7913928031921387
tf.Tensor(-10246.935943521807, shape=(), dtype=float64)
nll_grad  cost time: 2.876438617706299
tf.Tensor(-10263.792824842036, shape=(), dtype=float64)
nll_grad  cost time: 2.870361089706421
tf.Tensor(-10287.40866214328, shape=(), dtype=float64)
nll_grad  cost time: 2.7784934043884277
tf.Tensor(-10310.553498055422, shape=(), dtype=float64)
nll_grad  cost time: 3.009326934814453
tf.Tensor(-10337.297733473708, shape=(), dtype=float64)
nll_grad  cost time: 2.870016098022461
nll_grad  cost time: 2.705057144165039
tf.Tensor(-10351.133879589062, shape=(), dtype=float64)
nll_grad  cost time: 2.632246255874634
tf.Tensor(-10360.459725175126, shape=(), dtype=float64)
nll_grad  cost time: 2.8020637035369873
tf.Tensor(-10373.43980839636, shape=(), dtype=float64)
nll_grad  cost time: 2.714510917663574
tf.Tensor(-10380.650097521066, shape=(), dtype=float64)
nll_grad  cost time: 2.6228749752044678
tf.Tensor(-10388.733461621174, shape=(), dtype=float64)
nll_grad  cost time: 2.746702194213867
tf.Tensor(-10397.617804121386, shape=(), dtype=float64)
nll_grad  cost time: 2.893838882446289
tf.Tensor(-10408.791705742202, shape=(), dtype=float64)
nll_grad  cost time: 2.712580442428589
tf.Tensor(-10413.756326864124, shape=(), dtype=float64)
nll_grad  cost time: 2.679547071456909
tf.Tensor(-10421.817189673908, shape=(), dtype=float64)
nll_grad  cost time: 2.854314088821411
tf.Tensor(-10429.639646705196, shape=(), dtype=float64)
nll_grad  cost time: 2.7427732944488525
tf.Tensor(-10439.026089997264, shape=(), dtype=float64)
nll_grad  cost time: 2.781107187271118
tf.Tensor(-10449.919743409497, shape=(), dtype=float64)
nll_grad  cost time: 2.8528614044189453
nll_grad  cost time: 2.936793804168701
tf.Tensor(-10455.67830004364, shape=(), dtype=float64)
nll_grad  cost time: 2.733421802520752
tf.Tensor(-10463.429692116217, shape=(), dtype=float64)
nll_grad  cost time: 2.735152006149292
tf.Tensor(-10472.464739803996, shape=(), dtype=float64)
nll_grad  cost time: 2.944850206375122
tf.Tensor(-10485.004797283662, shape=(), dtype=float64)
nll_grad  cost time: 2.720492362976074
tf.Tensor(-10493.745422587031, shape=(), dtype=float64)
nll_grad  cost time: 2.7419517040252686
tf.Tensor(-10502.781815087772, shape=(), dtype=float64)
nll_grad  cost time: 2.773131847381592
tf.Tensor(-10513.225872297335, shape=(), dtype=float64)
nll_grad  cost time: 2.8632004261016846
tf.Tensor(-10522.71855789196, shape=(), dtype=float64)
nll_grad  cost time: 2.814518451690674
tf.Tensor(-10531.224762084108, shape=(), dtype=float64)
nll_grad  cost time: 2.738039493560791
tf.Tensor(-10542.222516208625, shape=(), dtype=float64)
nll_grad  cost time: 2.818453788757324
tf.Tensor(-10552.878260038284, shape=(), dtype=float64)
nll_grad  cost time: 2.9588046073913574
tf.Tensor(-10559.117819808816, shape=(), dtype=float64)
nll_grad  cost time: 2.8484127521514893
tf.Tensor(-10568.47799266802, shape=(), dtype=float64)
nll_grad  cost time: 2.905789852142334
tf.Tensor(-10575.97005156755, shape=(), dtype=float64)
nll_grad  cost time: 2.823556900024414
tf.Tensor(-10581.87463216958, shape=(), dtype=float64)
nll_grad  cost time: 2.717738151550293
tf.Tensor(-10588.366601141868, shape=(), dtype=float64)
nll_grad  cost time: 2.73909854888916
tf.Tensor(-10595.749748079674, shape=(), dtype=float64)
nll_grad  cost time: 2.817751407623291
tf.Tensor(-10601.440629877354, shape=(), dtype=float64)
nll_grad  cost time: 2.6641430854797363
tf.Tensor(-10607.966441980927, shape=(), dtype=float64)
nll_grad  cost time: 2.7806332111358643
nll_grad  cost time: 2.7815654277801514
tf.Tensor(-10610.930590589778, shape=(), dtype=float64)
nll_grad  cost time: 2.826780319213867
tf.Tensor(-10615.408582669872, shape=(), dtype=float64)
nll_grad  cost time: 3.0286715030670166
tf.Tensor(-10618.71798543744, shape=(), dtype=float64)
nll_grad  cost time: 2.825521469116211
tf.Tensor(-10621.943008189206, shape=(), dtype=float64)
nll_grad  cost time: 2.776703119277954
tf.Tensor(-10625.991205211074, shape=(), dtype=float64)
nll_grad  cost time: 2.8879239559173584
tf.Tensor(-10630.537576499148, shape=(), dtype=float64)
nll_grad  cost time: 2.781759023666382
tf.Tensor(-10634.93679063613, shape=(), dtype=float64)
nll_grad  cost time: 2.7472243309020996
tf.Tensor(-10639.341368105379, shape=(), dtype=float64)
nll_grad  cost time: 2.7527379989624023
tf.Tensor(-10642.922755380758, shape=(), dtype=float64)
nll_grad  cost time: 2.7668991088867188
tf.Tensor(-10646.40284819722, shape=(), dtype=float64)
nll_grad  cost time: 2.897939443588257
tf.Tensor(-10648.824693180824, shape=(), dtype=float64)
nll_grad  cost time: 2.7324533462524414
tf.Tensor(-10652.103757386241, shape=(), dtype=float64)
nll_grad  cost time: 2.9128448963165283
tf.Tensor(-10653.868492614638, shape=(), dtype=float64)
nll_grad  cost time: 2.6495721340179443
tf.Tensor(-10656.03809751739, shape=(), dtype=float64)
nll_grad  cost time: 2.7109148502349854
tf.Tensor(-10658.077835830409, shape=(), dtype=float64)
nll_grad  cost time: 2.7772574424743652
tf.Tensor(-10661.224980489656, shape=(), dtype=float64)
nll_grad  cost time: 2.816514492034912
tf.Tensor(-10665.247249715074, shape=(), dtype=float64)
nll_grad  cost time: 2.7067298889160156
tf.Tensor(-10670.527977195816, shape=(), dtype=float64)
nll_grad  cost time: 2.836118698120117
tf.Tensor(-10673.987792626038, shape=(), dtype=float64)
nll_grad  cost time: 2.8148677349090576
tf.Tensor(-10678.416375817571, shape=(), dtype=float64)
nll_grad  cost time: 2.8114988803863525
tf.Tensor(-10680.935156966283, shape=(), dtype=float64)
nll_grad  cost time: 2.909817695617676
tf.Tensor(-10683.248529498684, shape=(), dtype=float64)
nll_grad  cost time: 2.838580369949341
tf.Tensor(-10686.556027771716, shape=(), dtype=float64)
nll_grad  cost time: 2.896230697631836
tf.Tensor(-10690.606593796503, shape=(), dtype=float64)
nll_grad  cost time: 2.749588966369629
tf.Tensor(-10695.250441650292, shape=(), dtype=float64)
nll_grad  cost time: 2.6029670238494873
nll_grad  cost time: 2.6824069023132324
tf.Tensor(-10697.239673370445, shape=(), dtype=float64)
nll_grad  cost time: 2.656139612197876
tf.Tensor(-10699.972941878608, shape=(), dtype=float64)
nll_grad  cost time: 2.722325563430786
tf.Tensor(-10703.889187869776, shape=(), dtype=float64)
nll_grad  cost time: 2.8183462619781494
tf.Tensor(-10705.760796803945, shape=(), dtype=float64)
nll_grad  cost time: 2.6108367443084717
tf.Tensor(-10708.138076003299, shape=(), dtype=float64)
nll_grad  cost time: 2.5965847969055176
tf.Tensor(-10710.781039075737, shape=(), dtype=float64)
nll_grad  cost time: 2.725273370742798
tf.Tensor(-10713.605761547762, shape=(), dtype=float64)
nll_grad  cost time: 2.7926244735717773
tf.Tensor(-10716.869806056427, shape=(), dtype=float64)
nll_grad  cost time: 2.9486255645751953
tf.Tensor(-10719.255659009257, shape=(), dtype=float64)
nll_grad  cost time: 2.7381362915039062
tf.Tensor(-10722.060431141566, shape=(), dtype=float64)
nll_grad  cost time: 2.8009448051452637
tf.Tensor(-10724.851203578546, shape=(), dtype=float64)
nll_grad  cost time: 2.895273447036743
tf.Tensor(-10725.504021211222, shape=(), dtype=float64)
nll_grad  cost time: 2.728451728820801
tf.Tensor(-10726.591917743048, shape=(), dtype=float64)
nll_grad  cost time: 2.8422129154205322
tf.Tensor(-10728.28402577377, shape=(), dtype=float64)
nll_grad  cost time: 2.8391475677490234
tf.Tensor(-10731.001457266779, shape=(), dtype=float64)
nll_grad  cost time: 2.8204665184020996
tf.Tensor(-10734.236635639441, shape=(), dtype=float64)
nll_grad  cost time: 2.9431703090667725
tf.Tensor(-10736.633308012548, shape=(), dtype=float64)
nll_grad  cost time: 2.8038222789764404
tf.Tensor(-10738.726317495704, shape=(), dtype=float64)
nll_grad  cost time: 2.6996946334838867
tf.Tensor(-10741.50435437142, shape=(), dtype=float64)
nll_grad  cost time: 2.7641642093658447
tf.Tensor(-10744.658554796668, shape=(), dtype=float64)
nll_grad  cost time: 2.620565414428711
tf.Tensor(-10745.491464957944, shape=(), dtype=float64)
nll_grad  cost time: 2.8232390880584717
tf.Tensor(-10746.833194807521, shape=(), dtype=float64)
nll_grad  cost time: 2.793549060821533
tf.Tensor(-10748.969592355708, shape=(), dtype=float64)
nll_grad  cost time: 2.828617572784424
tf.Tensor(-10751.930777999347, shape=(), dtype=float64)
nll_grad  cost time: 2.7692415714263916
tf.Tensor(-10755.346711239581, shape=(), dtype=float64)
nll_grad  cost time: 2.691340684890747
nll_grad  cost time: 2.6885225772857666
tf.Tensor(-10756.813301081958, shape=(), dtype=float64)
nll_grad  cost time: 2.7293975353240967
tf.Tensor(-10758.633875666274, shape=(), dtype=float64)
nll_grad  cost time: 2.7641000747680664
tf.Tensor(-10759.884619325145, shape=(), dtype=float64)
nll_grad  cost time: 2.8402700424194336
tf.Tensor(-10761.298777578842, shape=(), dtype=float64)
nll_grad  cost time: 2.5639164447784424
tf.Tensor(-10762.897020615725, shape=(), dtype=float64)
nll_grad  cost time: 2.7039904594421387
tf.Tensor(-10764.80653252056, shape=(), dtype=float64)
nll_grad  cost time: 2.9056284427642822
tf.Tensor(-10766.20528780693, shape=(), dtype=float64)
nll_grad  cost time: 2.7636353969573975
tf.Tensor(-10767.683203813482, shape=(), dtype=float64)
nll_grad  cost time: 2.7754006385803223
tf.Tensor(-10769.028922621925, shape=(), dtype=float64)
nll_grad  cost time: 2.718421459197998
tf.Tensor(-10769.873388581225, shape=(), dtype=float64)
nll_grad  cost time: 2.7915220260620117
tf.Tensor(-10770.925867051752, shape=(), dtype=float64)
nll_grad  cost time: 2.8174569606781006
tf.Tensor(-10772.2344851503, shape=(), dtype=float64)
nll_grad  cost time: 2.8567466735839844
tf.Tensor(-10773.85083298228, shape=(), dtype=float64)
nll_grad  cost time: 2.8946781158447266
tf.Tensor(-10775.308378766065, shape=(), dtype=float64)
nll_grad  cost time: 2.8934335708618164
tf.Tensor(-10776.976563482189, shape=(), dtype=float64)
nll_grad  cost time: 2.914583683013916
tf.Tensor(-10778.465067535522, shape=(), dtype=float64)
nll_grad  cost time: 2.8709311485290527
tf.Tensor(-10780.105007062499, shape=(), dtype=float64)
nll_grad  cost time: 2.8040452003479004
tf.Tensor(-10781.949549361096, shape=(), dtype=float64)
nll_grad  cost time: 2.7434308528900146
tf.Tensor(-10783.715024915204, shape=(), dtype=float64)
nll_grad  cost time: 2.7154242992401123
tf.Tensor(-10786.168906299266, shape=(), dtype=float64)
nll_grad  cost time: 2.973621368408203
tf.Tensor(-10789.31044366154, shape=(), dtype=float64)
nll_grad  cost time: 3.0197930335998535
tf.Tensor(-10790.905877011377, shape=(), dtype=float64)
nll_grad  cost time: 2.8647053241729736
tf.Tensor(-10792.954588277884, shape=(), dtype=float64)
nll_grad  cost time: 2.8433961868286133
tf.Tensor(-10795.198852761583, shape=(), dtype=float64)
nll_grad  cost time: 2.8583734035491943
tf.Tensor(-10797.031398971143, shape=(), dtype=float64)
nll_grad  cost time: 3.284602165222168
tf.Tensor(-10799.322585686401, shape=(), dtype=float64)
nll_grad  cost time: 2.6770756244659424
tf.Tensor(-10801.791757855106, shape=(), dtype=float64)
nll_grad  cost time: 2.8156611919403076
tf.Tensor(-10803.662800468948, shape=(), dtype=float64)
nll_grad  cost time: 2.7467644214630127
tf.Tensor(-10805.640694788679, shape=(), dtype=float64)
nll_grad  cost time: 2.777499198913574
tf.Tensor(-10807.435406293764, shape=(), dtype=float64)
nll_grad  cost time: 2.7102673053741455
tf.Tensor(-10809.709222685022, shape=(), dtype=float64)
nll_grad  cost time: 2.8160781860351562
tf.Tensor(-10812.097041846515, shape=(), dtype=float64)
nll_grad  cost time: 2.786672592163086
tf.Tensor(-10814.992573592579, shape=(), dtype=float64)
nll_grad  cost time: 2.6846258640289307
tf.Tensor(-10816.738688746344, shape=(), dtype=float64)
nll_grad  cost time: 2.8651928901672363
tf.Tensor(-10818.447587226517, shape=(), dtype=float64)
nll_grad  cost time: 2.9077343940734863
tf.Tensor(-10820.274609732645, shape=(), dtype=float64)
nll_grad  cost time: 2.7918756008148193
tf.Tensor(-10820.943969698048, shape=(), dtype=float64)
nll_grad  cost time: 2.668754816055298
tf.Tensor(-10821.955732620598, shape=(), dtype=float64)
nll_grad  cost time: 2.752469778060913
tf.Tensor(-10823.231750624363, shape=(), dtype=float64)
nll_grad  cost time: 2.7155585289001465
tf.Tensor(-10824.42330140825, shape=(), dtype=float64)
nll_grad  cost time: 2.856961250305176
tf.Tensor(-10824.653980367897, shape=(), dtype=float64)
nll_grad  cost time: 2.773977041244507
tf.Tensor(-10825.059654050288, shape=(), dtype=float64)
nll_grad  cost time: 2.7764835357666016
tf.Tensor(-10825.768845288963, shape=(), dtype=float64)
nll_grad  cost time: 2.7741379737854004
tf.Tensor(-10826.799390872315, shape=(), dtype=float64)
nll_grad  cost time: 2.828767776489258
tf.Tensor(-10827.879343086446, shape=(), dtype=float64)
nll_grad  cost time: 2.7710068225860596
tf.Tensor(-10828.161370113463, shape=(), dtype=float64)
nll_grad  cost time: 2.801274061203003
tf.Tensor(-10828.63165018255, shape=(), dtype=float64)
nll_grad  cost time: 2.7557990550994873
tf.Tensor(-10829.313356602339, shape=(), dtype=float64)
nll_grad  cost time: 2.878553628921509
tf.Tensor(-10829.909295443715, shape=(), dtype=float64)
nll_grad  cost time: 2.65472674369812
tf.Tensor(-10830.403223973823, shape=(), dtype=float64)
nll_grad  cost time: 2.7282462120056152
nll_grad  cost time: 2.6843349933624268
tf.Tensor(-10830.672130129366, shape=(), dtype=float64)
nll_grad  cost time: 2.7118144035339355
tf.Tensor(-10831.079239005318, shape=(), dtype=float64)
nll_grad  cost time: 2.8323493003845215
tf.Tensor(-10831.697912402939, shape=(), dtype=float64)
nll_grad  cost time: 2.7032885551452637
tf.Tensor(-10832.590996959618, shape=(), dtype=float64)
nll_grad  cost time: 2.887413501739502
tf.Tensor(-10833.292565417985, shape=(), dtype=float64)
nll_grad  cost time: 2.665069341659546
tf.Tensor(-10834.22977146785, shape=(), dtype=float64)
nll_grad  cost time: 2.831460475921631
tf.Tensor(-10834.993127518399, shape=(), dtype=float64)
nll_grad  cost time: 2.7535195350646973
tf.Tensor(-10835.95362354572, shape=(), dtype=float64)
nll_grad  cost time: 2.6906864643096924
tf.Tensor(-10836.962398403215, shape=(), dtype=float64)
nll_grad  cost time: 2.8099803924560547
tf.Tensor(-10838.12565460529, shape=(), dtype=float64)
nll_grad  cost time: 2.769807815551758
tf.Tensor(-10839.576147080537, shape=(), dtype=float64)
nll_grad  cost time: 2.909486770629883
tf.Tensor(-10840.95077814108, shape=(), dtype=float64)
nll_grad  cost time: 2.746814727783203
tf.Tensor(-10841.994284690612, shape=(), dtype=float64)
nll_grad  cost time: 2.8468821048736572
tf.Tensor(-10842.938922245296, shape=(), dtype=float64)
nll_grad  cost time: 2.965847969055176
tf.Tensor(-10843.930847511081, shape=(), dtype=float64)
nll_grad  cost time: 2.780815839767456
tf.Tensor(-10844.810899061078, shape=(), dtype=float64)
nll_grad  cost time: 2.876629590988159
tf.Tensor(-10845.517127003288, shape=(), dtype=float64)
nll_grad  cost time: 2.8051295280456543
tf.Tensor(-10846.05252939737, shape=(), dtype=float64)
nll_grad  cost time: 2.725126028060913
tf.Tensor(-10846.647989382225, shape=(), dtype=float64)
nll_grad  cost time: 2.933544635772705
tf.Tensor(-10847.145610140462, shape=(), dtype=float64)
nll_grad  cost time: 2.7675106525421143
tf.Tensor(-10847.684972882642, shape=(), dtype=float64)
nll_grad  cost time: 2.839097023010254
tf.Tensor(-10848.337006855814, shape=(), dtype=float64)
nll_grad  cost time: 2.8281149864196777
tf.Tensor(-10849.039167382427, shape=(), dtype=float64)
nll_grad  cost time: 2.7355380058288574
tf.Tensor(-10849.832210154098, shape=(), dtype=float64)
nll_grad  cost time: 2.7782883644104004
tf.Tensor(-10850.65995907344, shape=(), dtype=float64)
nll_grad  cost time: 2.7036309242248535
tf.Tensor(-10851.109070708473, shape=(), dtype=float64)
nll_grad  cost time: 2.668639659881592
tf.Tensor(-10851.814704282835, shape=(), dtype=float64)
nll_grad  cost time: 2.702587842941284
tf.Tensor(-10852.534681939374, shape=(), dtype=float64)
nll_grad  cost time: 2.767634868621826
tf.Tensor(-10853.537698003434, shape=(), dtype=float64)
nll_grad  cost time: 2.6384522914886475
tf.Tensor(-10854.36434776731, shape=(), dtype=float64)
nll_grad  cost time: 2.688305616378784
tf.Tensor(-10854.832073040656, shape=(), dtype=float64)
nll_grad  cost time: 2.781808376312256
tf.Tensor(-10855.411722446697, shape=(), dtype=float64)
nll_grad  cost time: 2.819463014602661
tf.Tensor(-10856.272646743426, shape=(), dtype=float64)
nll_grad  cost time: 2.6781532764434814
tf.Tensor(-10856.76177964572, shape=(), dtype=float64)
nll_grad  cost time: 2.716108798980713
tf.Tensor(-10857.520414978935, shape=(), dtype=float64)
nll_grad  cost time: 2.923513650894165
tf.Tensor(-10858.453154713636, shape=(), dtype=float64)
nll_grad  cost time: 2.8418281078338623
tf.Tensor(-10859.02728631864, shape=(), dtype=float64)
nll_grad  cost time: 2.8941640853881836
tf.Tensor(-10859.845871564066, shape=(), dtype=float64)
nll_grad  cost time: 2.9368817806243896
tf.Tensor(-10860.456835720011, shape=(), dtype=float64)
nll_grad  cost time: 2.860592842102051
tf.Tensor(-10861.320701969693, shape=(), dtype=float64)
nll_grad  cost time: 2.8502771854400635
tf.Tensor(-10862.197450979198, shape=(), dtype=float64)
nll_grad  cost time: 2.8652231693267822
tf.Tensor(-10862.777369174102, shape=(), dtype=float64)
nll_grad  cost time: 2.845144748687744
tf.Tensor(-10863.408894477354, shape=(), dtype=float64)
nll_grad  cost time: 2.818183183670044
tf.Tensor(-10863.903243392808, shape=(), dtype=float64)
nll_grad  cost time: 2.722907304763794
tf.Tensor(-10864.377349285991, shape=(), dtype=float64)
nll_grad  cost time: 2.756434202194214
tf.Tensor(-10864.768267081861, shape=(), dtype=float64)
nll_grad  cost time: 2.690526247024536
tf.Tensor(-10865.225059299883, shape=(), dtype=float64)
nll_grad  cost time: 2.798491954803467
tf.Tensor(-10865.456007378576, shape=(), dtype=float64)
nll_grad  cost time: 2.8229634761810303
tf.Tensor(-10865.816870665665, shape=(), dtype=float64)
nll_grad  cost time: 2.8970184326171875
tf.Tensor(-10866.304151944438, shape=(), dtype=float64)
nll_grad  cost time: 2.9214279651641846
tf.Tensor(-10866.82962337407, shape=(), dtype=float64)
nll_grad  cost time: 2.894841432571411
tf.Tensor(-10867.1933906333, shape=(), dtype=float64)
nll_grad  cost time: 2.669825553894043
tf.Tensor(-10867.741367811512, shape=(), dtype=float64)
nll_grad  cost time: 2.738495349884033
tf.Tensor(-10868.396004242619, shape=(), dtype=float64)
nll_grad  cost time: 2.6610100269317627
tf.Tensor(-10868.964539011933, shape=(), dtype=float64)
nll_grad  cost time: 2.7084999084472656
tf.Tensor(-10869.095897746236, shape=(), dtype=float64)
nll_grad  cost time: 2.7735533714294434
tf.Tensor(-10869.331327734631, shape=(), dtype=float64)
nll_grad  cost time: 2.799123525619507
tf.Tensor(-10869.722725162457, shape=(), dtype=float64)
nll_grad  cost time: 2.7366859912872314
tf.Tensor(-10870.153085545997, shape=(), dtype=float64)
nll_grad  cost time: 2.859255313873291
tf.Tensor(-10870.328106919278, shape=(), dtype=float64)
nll_grad  cost time: 2.802039623260498
tf.Tensor(-10870.527557074525, shape=(), dtype=float64)
nll_grad  cost time: 2.736161947250366
tf.Tensor(-10870.70659716129, shape=(), dtype=float64)
nll_grad  cost time: 2.8442490100860596
tf.Tensor(-10870.862406354216, shape=(), dtype=float64)
nll_grad  cost time: 2.754626989364624
tf.Tensor(-10871.0370154708, shape=(), dtype=float64)
nll_grad  cost time: 2.6852798461914062
tf.Tensor(-10871.260962714354, shape=(), dtype=float64)
nll_grad  cost time: 2.73001766204834
tf.Tensor(-10871.349482803314, shape=(), dtype=float64)
nll_grad  cost time: 2.781501531600952
tf.Tensor(-10871.494973416651, shape=(), dtype=float64)
nll_grad  cost time: 2.8997178077697754
tf.Tensor(-10871.702441074736, shape=(), dtype=float64)
nll_grad  cost time: 2.7997186183929443
tf.Tensor(-10871.858855959686, shape=(), dtype=float64)
nll_grad  cost time: 2.99747371673584
tf.Tensor(-10872.053230084639, shape=(), dtype=float64)
nll_grad  cost time: 2.991671323776245
tf.Tensor(-10872.190557309368, shape=(), dtype=float64)
nll_grad  cost time: 2.82191801071167
tf.Tensor(-10872.33321667034, shape=(), dtype=float64)
nll_grad  cost time: 2.87247371673584
tf.Tensor(-10872.454647952894, shape=(), dtype=float64)
nll_grad  cost time: 2.838646173477173
tf.Tensor(-10872.554212569878, shape=(), dtype=float64)
nll_grad  cost time: 2.7405178546905518
tf.Tensor(-10872.617153859312, shape=(), dtype=float64)
nll_grad  cost time: 2.7292938232421875
tf.Tensor(-10872.693386086528, shape=(), dtype=float64)
nll_grad  cost time: 2.7634429931640625
tf.Tensor(-10872.758215594971, shape=(), dtype=float64)
nll_grad  cost time: 2.780474901199341
tf.Tensor(-10872.824928210564, shape=(), dtype=float64)
nll_grad  cost time: 2.8647615909576416
tf.Tensor(-10872.911518181823, shape=(), dtype=float64)
nll_grad  cost time: 2.6408286094665527
tf.Tensor(-10872.986942195774, shape=(), dtype=float64)
nll_grad  cost time: 2.77152681350708
tf.Tensor(-10873.04040786466, shape=(), dtype=float64)
nll_grad  cost time: 2.9905073642730713
tf.Tensor(-10873.109884561927, shape=(), dtype=float64)
nll_grad  cost time: 3.0062732696533203
tf.Tensor(-10873.18744176934, shape=(), dtype=float64)
nll_grad  cost time: 3.246891498565674
tf.Tensor(-10873.25319948716, shape=(), dtype=float64)
nll_grad  cost time: 3.041949510574341
tf.Tensor(-10873.339055043034, shape=(), dtype=float64)
nll_grad  cost time: 2.938633680343628
tf.Tensor(-10873.454003940224, shape=(), dtype=float64)
nll_grad  cost time: 2.790787696838379
tf.Tensor(-10873.581900384834, shape=(), dtype=float64)
nll_grad  cost time: 2.7840583324432373
tf.Tensor(-10873.726133817963, shape=(), dtype=float64)
nll_grad  cost time: 2.719852924346924
tf.Tensor(-10873.868784332131, shape=(), dtype=float64)
nll_grad  cost time: 2.9502906799316406
tf.Tensor(-10873.963871419459, shape=(), dtype=float64)
nll_grad  cost time: 2.7512030601501465
tf.Tensor(-10874.032322713574, shape=(), dtype=float64)
nll_grad  cost time: 2.9399161338806152
tf.Tensor(-10874.084042056493, shape=(), dtype=float64)
nll_grad  cost time: 2.9389700889587402
tf.Tensor(-10874.125292602803, shape=(), dtype=float64)
nll_grad  cost time: 2.7404494285583496
tf.Tensor(-10874.16424979559, shape=(), dtype=float64)
nll_grad  cost time: 2.815497636795044
tf.Tensor(-10874.20437244112, shape=(), dtype=float64)
nll_grad  cost time: 2.7631266117095947
tf.Tensor(-10874.237168130101, shape=(), dtype=float64)
nll_grad  cost time: 2.793684244155884
tf.Tensor(-10874.273434549876, shape=(), dtype=float64)
nll_grad  cost time: 2.8982560634613037
tf.Tensor(-10874.31069355413, shape=(), dtype=float64)
nll_grad  cost time: 2.9044501781463623
tf.Tensor(-10874.34922405098, shape=(), dtype=float64)
nll_grad  cost time: 2.873351573944092
tf.Tensor(-10874.378538606295, shape=(), dtype=float64)
nll_grad  cost time: 2.825303316116333
tf.Tensor(-10874.39244786081, shape=(), dtype=float64)
nll_grad  cost time: 2.848644495010376
tf.Tensor(-10874.412206309487, shape=(), dtype=float64)
nll_grad  cost time: 2.783635139465332
tf.Tensor(-10874.43397185926, shape=(), dtype=float64)
nll_grad  cost time: 2.7096951007843018
tf.Tensor(-10874.452015880572, shape=(), dtype=float64)
nll_grad  cost time: 2.9296555519104004
tf.Tensor(-10874.474649427542, shape=(), dtype=float64)
nll_grad  cost time: 2.747535228729248
tf.Tensor(-10874.498415990642, shape=(), dtype=float64)
nll_grad  cost time: 2.860629081726074
tf.Tensor(-10874.511270145133, shape=(), dtype=float64)
nll_grad  cost time: 2.693521022796631
tf.Tensor(-10874.528068504344, shape=(), dtype=float64)
nll_grad  cost time: 2.717825174331665
tf.Tensor(-10874.549380642591, shape=(), dtype=float64)
nll_grad  cost time: 2.7259795665740967
tf.Tensor(-10874.572534836938, shape=(), dtype=float64)
nll_grad  cost time: 2.6642284393310547
tf.Tensor(-10874.601771401827, shape=(), dtype=float64)
nll_grad  cost time: 2.9261586666107178
tf.Tensor(-10874.634051200148, shape=(), dtype=float64)
nll_grad  cost time: 2.7964534759521484
tf.Tensor(-10874.66786053338, shape=(), dtype=float64)
nll_grad  cost time: 2.776702642440796
tf.Tensor(-10874.700013903475, shape=(), dtype=float64)
nll_grad  cost time: 2.784940481185913
tf.Tensor(-10874.736610670356, shape=(), dtype=float64)
nll_grad  cost time: 2.811516284942627
tf.Tensor(-10874.781070205241, shape=(), dtype=float64)
nll_grad  cost time: 2.7218825817108154
tf.Tensor(-10874.831493751535, shape=(), dtype=float64)
nll_grad  cost time: 2.729982852935791
tf.Tensor(-10874.87050330405, shape=(), dtype=float64)
nll_grad  cost time: 2.7206764221191406
tf.Tensor(-10874.919612232727, shape=(), dtype=float64)
nll_grad  cost time: 2.7511353492736816
tf.Tensor(-10874.97321523878, shape=(), dtype=float64)
nll_grad  cost time: 2.7413177490234375
tf.Tensor(-10875.03665151284, shape=(), dtype=float64)
nll_grad  cost time: 2.812532663345337
tf.Tensor(-10875.097461050835, shape=(), dtype=float64)
nll_grad  cost time: 2.963408946990967
tf.Tensor(-10875.169863563216, shape=(), dtype=float64)
nll_grad  cost time: 2.8657450675964355
tf.Tensor(-10875.260589910002, shape=(), dtype=float64)
nll_grad  cost time: 2.7532577514648438
tf.Tensor(-10875.37710474832, shape=(), dtype=float64)
nll_grad  cost time: 2.7750909328460693
tf.Tensor(-10875.531472207476, shape=(), dtype=float64)
nll_grad  cost time: 2.7431697845458984
tf.Tensor(-10875.74379667918, shape=(), dtype=float64)
nll_grad  cost time: 2.7132654190063477
tf.Tensor(-10876.036038278155, shape=(), dtype=float64)
nll_grad  cost time: 2.7799267768859863
nll_grad  cost time: 2.7458443641662598
tf.Tensor(-10876.206855667711, shape=(), dtype=float64)
nll_grad  cost time: 2.688784599304199
tf.Tensor(-10876.45750055493, shape=(), dtype=float64)
nll_grad  cost time: 2.778380870819092
tf.Tensor(-10876.754512188501, shape=(), dtype=float64)
nll_grad  cost time: 2.818753480911255
tf.Tensor(-10876.887333222501, shape=(), dtype=float64)
nll_grad  cost time: 2.8198397159576416
tf.Tensor(-10877.098794700389, shape=(), dtype=float64)
nll_grad  cost time: 2.8799052238464355
tf.Tensor(-10877.409108581158, shape=(), dtype=float64)
nll_grad  cost time: 2.8958678245544434
tf.Tensor(-10877.772562629152, shape=(), dtype=float64)
nll_grad  cost time: 2.839287281036377
tf.Tensor(-10878.129278906516, shape=(), dtype=float64)
nll_grad  cost time: 2.72420072555542
tf.Tensor(-10878.4860947484, shape=(), dtype=float64)
nll_grad  cost time: 2.6058106422424316
tf.Tensor(-10878.699088755635, shape=(), dtype=float64)
nll_grad  cost time: 2.698591947555542
tf.Tensor(-10878.97976249478, shape=(), dtype=float64)
nll_grad  cost time: 2.7678239345550537
tf.Tensor(-10879.200260840571, shape=(), dtype=float64)
nll_grad  cost time: 2.9217278957366943
tf.Tensor(-10879.405554886172, shape=(), dtype=float64)
nll_grad  cost time: 2.8467299938201904
tf.Tensor(-10879.63481388116, shape=(), dtype=float64)
nll_grad  cost time: 2.769881010055542
tf.Tensor(-10879.783483083867, shape=(), dtype=float64)
nll_grad  cost time: 2.865475654602051
tf.Tensor(-10879.97840414875, shape=(), dtype=float64)
nll_grad  cost time: 2.892066240310669
tf.Tensor(-10880.146576617251, shape=(), dtype=float64)
nll_grad  cost time: 2.7194042205810547
tf.Tensor(-10880.25949285434, shape=(), dtype=float64)
nll_grad  cost time: 3.0178346633911133
tf.Tensor(-10880.39492990293, shape=(), dtype=float64)
nll_grad  cost time: 2.783431053161621
tf.Tensor(-10880.47842506809, shape=(), dtype=float64)
nll_grad  cost time: 2.713754653930664
tf.Tensor(-10880.592097631425, shape=(), dtype=float64)
nll_grad  cost time: 2.8809852600097656
tf.Tensor(-10880.68721813197, shape=(), dtype=float64)
nll_grad  cost time: 2.8507683277130127
tf.Tensor(-10880.739385630646, shape=(), dtype=float64)
nll_grad  cost time: 2.875265598297119
tf.Tensor(-10880.817364532153, shape=(), dtype=float64)
nll_grad  cost time: 2.7585582733154297
tf.Tensor(-10880.910174244911, shape=(), dtype=float64)
nll_grad  cost time: 2.8283936977386475
tf.Tensor(-10880.984705223287, shape=(), dtype=float64)
nll_grad  cost time: 2.8247318267822266
tf.Tensor(-10881.067970334354, shape=(), dtype=float64)
nll_grad  cost time: 2.6115329265594482
tf.Tensor(-10881.167368313569, shape=(), dtype=float64)
nll_grad  cost time: 2.7233734130859375
tf.Tensor(-10881.26577666923, shape=(), dtype=float64)
nll_grad  cost time: 2.7653329372406006
tf.Tensor(-10881.356695203975, shape=(), dtype=float64)
nll_grad  cost time: 2.704285144805908
tf.Tensor(-10881.44607221924, shape=(), dtype=float64)
nll_grad  cost time: 2.7211952209472656
tf.Tensor(-10881.533666426052, shape=(), dtype=float64)
nll_grad  cost time: 2.7256784439086914
tf.Tensor(-10881.623375592435, shape=(), dtype=float64)
nll_grad  cost time: 2.712399959564209
tf.Tensor(-10881.7032696193, shape=(), dtype=float64)
nll_grad  cost time: 2.811650276184082
tf.Tensor(-10881.788991806028, shape=(), dtype=float64)
nll_grad  cost time: 2.8464853763580322
tf.Tensor(-10881.869765892376, shape=(), dtype=float64)
nll_grad  cost time: 2.73246431350708
tf.Tensor(-10881.955275740436, shape=(), dtype=float64)
nll_grad  cost time: 2.826813220977783
tf.Tensor(-10882.040084053671, shape=(), dtype=float64)
nll_grad  cost time: 2.760521173477173
tf.Tensor(-10882.131602567708, shape=(), dtype=float64)
nll_grad  cost time: 2.824368476867676
tf.Tensor(-10882.208283433774, shape=(), dtype=float64)
nll_grad  cost time: 2.778007984161377
tf.Tensor(-10882.278801141198, shape=(), dtype=float64)
nll_grad  cost time: 2.9109063148498535
tf.Tensor(-10882.354478652347, shape=(), dtype=float64)
nll_grad  cost time: 2.956228017807007
tf.Tensor(-10882.442594081722, shape=(), dtype=float64)
nll_grad  cost time: 3.009162425994873
tf.Tensor(-10882.554974515979, shape=(), dtype=float64)
nll_grad  cost time: 2.9018964767456055
tf.Tensor(-10882.67567200905, shape=(), dtype=float64)
nll_grad  cost time: 2.7675068378448486
tf.Tensor(-10882.77049528405, shape=(), dtype=float64)
nll_grad  cost time: 2.7643773555755615
tf.Tensor(-10882.85508073765, shape=(), dtype=float64)
nll_grad  cost time: 2.8831772804260254
tf.Tensor(-10882.94526883565, shape=(), dtype=float64)
nll_grad  cost time: 2.7922797203063965
tf.Tensor(-10883.002653635473, shape=(), dtype=float64)
nll_grad  cost time: 2.9156298637390137
tf.Tensor(-10883.082343991431, shape=(), dtype=float64)
nll_grad  cost time: 2.7935564517974854
tf.Tensor(-10883.19028709796, shape=(), dtype=float64)
nll_grad  cost time: 2.8267579078674316
tf.Tensor(-10883.311188082203, shape=(), dtype=float64)
nll_grad  cost time: 2.6882503032684326
tf.Tensor(-10883.449873096133, shape=(), dtype=float64)
nll_grad  cost time: 2.7478368282318115
tf.Tensor(-10883.586761679879, shape=(), dtype=float64)
nll_grad  cost time: 2.8605546951293945
tf.Tensor(-10883.705354386278, shape=(), dtype=float64)
nll_grad  cost time: 2.880613327026367
tf.Tensor(-10883.794720603868, shape=(), dtype=float64)
nll_grad  cost time: 2.718566417694092
tf.Tensor(-10883.890533747646, shape=(), dtype=float64)
nll_grad  cost time: 2.8767189979553223
tf.Tensor(-10883.94878923456, shape=(), dtype=float64)
nll_grad  cost time: 2.905371904373169
tf.Tensor(-10884.003769352637, shape=(), dtype=float64)
nll_grad  cost time: 2.7440185546875
tf.Tensor(-10884.058306110443, shape=(), dtype=float64)
nll_grad  cost time: 2.716031551361084
tf.Tensor(-10884.117218190737, shape=(), dtype=float64)
nll_grad  cost time: 2.833632469177246
tf.Tensor(-10884.179015993637, shape=(), dtype=float64)
nll_grad  cost time: 2.7507948875427246
tf.Tensor(-10884.236511156889, shape=(), dtype=float64)
nll_grad  cost time: 2.8001790046691895
tf.Tensor(-10884.285476699546, shape=(), dtype=float64)
nll_grad  cost time: 2.990189552307129
tf.Tensor(-10884.324602357134, shape=(), dtype=float64)
nll_grad  cost time: 2.7396364212036133
tf.Tensor(-10884.36635974513, shape=(), dtype=float64)
nll_grad  cost time: 2.7938497066497803
tf.Tensor(-10884.406191668273, shape=(), dtype=float64)
nll_grad  cost time: 2.765043020248413
tf.Tensor(-10884.455162592812, shape=(), dtype=float64)
nll_grad  cost time: 2.7687888145446777
tf.Tensor(-10884.504727226751, shape=(), dtype=float64)
nll_grad  cost time: 2.8094964027404785
tf.Tensor(-10884.552170594905, shape=(), dtype=float64)
nll_grad  cost time: 2.671452283859253
tf.Tensor(-10884.587270992783, shape=(), dtype=float64)
nll_grad  cost time: 2.5560662746429443
tf.Tensor(-10884.614376917702, shape=(), dtype=float64)
nll_grad  cost time: 2.6926088333129883
tf.Tensor(-10884.641745411009, shape=(), dtype=float64)
nll_grad  cost time: 2.7143073081970215
tf.Tensor(-10884.674152971347, shape=(), dtype=float64)
nll_grad  cost time: 2.6765873432159424
tf.Tensor(-10884.708863883194, shape=(), dtype=float64)
nll_grad  cost time: 2.9497122764587402
tf.Tensor(-10884.742297127432, shape=(), dtype=float64)
nll_grad  cost time: 2.8077468872070312
tf.Tensor(-10884.773277568238, shape=(), dtype=float64)
nll_grad  cost time: 2.748443126678467
tf.Tensor(-10884.801263196525, shape=(), dtype=float64)
nll_grad  cost time: 2.91910982131958
tf.Tensor(-10884.823940164519, shape=(), dtype=float64)
nll_grad  cost time: 2.815082311630249
tf.Tensor(-10884.844120304275, shape=(), dtype=float64)
nll_grad  cost time: 2.916367530822754
tf.Tensor(-10884.865316958083, shape=(), dtype=float64)
nll_grad  cost time: 2.8264520168304443
tf.Tensor(-10884.887040524323, shape=(), dtype=float64)
nll_grad  cost time: 2.8537724018096924
tf.Tensor(-10884.906187037363, shape=(), dtype=float64)
nll_grad  cost time: 2.8263649940490723
tf.Tensor(-10884.9281406875, shape=(), dtype=float64)
nll_grad  cost time: 2.793085813522339
tf.Tensor(-10884.956977578739, shape=(), dtype=float64)
nll_grad  cost time: 2.707754611968994
tf.Tensor(-10884.981717143124, shape=(), dtype=float64)
nll_grad  cost time: 2.700017213821411
tf.Tensor(-10885.012164045957, shape=(), dtype=float64)
nll_grad  cost time: 2.6923208236694336
tf.Tensor(-10885.045391244385, shape=(), dtype=float64)
nll_grad  cost time: 2.838376998901367
tf.Tensor(-10885.068197819375, shape=(), dtype=float64)
nll_grad  cost time: 2.7669169902801514
tf.Tensor(-10885.090428381005, shape=(), dtype=float64)
nll_grad  cost time: 2.863567352294922
tf.Tensor(-10885.118838258988, shape=(), dtype=float64)
nll_grad  cost time: 2.8630106449127197
tf.Tensor(-10885.147018946225, shape=(), dtype=float64)
nll_grad  cost time: 2.7575204372406006
tf.Tensor(-10885.171017929239, shape=(), dtype=float64)
nll_grad  cost time: 2.8458380699157715
tf.Tensor(-10885.189799999074, shape=(), dtype=float64)
nll_grad  cost time: 2.86966609954834
tf.Tensor(-10885.205773129448, shape=(), dtype=float64)
nll_grad  cost time: 2.8272719383239746
tf.Tensor(-10885.22105030309, shape=(), dtype=float64)
nll_grad  cost time: 2.824146270751953
tf.Tensor(-10885.238960862604, shape=(), dtype=float64)
nll_grad  cost time: 2.8623294830322266
tf.Tensor(-10885.254125576994, shape=(), dtype=float64)
nll_grad  cost time: 2.7783806324005127
tf.Tensor(-10885.266513555296, shape=(), dtype=float64)
nll_grad  cost time: 2.6450555324554443
tf.Tensor(-10885.278672034705, shape=(), dtype=float64)
nll_grad  cost time: 2.7445740699768066
tf.Tensor(-10885.293560062977, shape=(), dtype=float64)
nll_grad  cost time: 2.9985029697418213
tf.Tensor(-10885.311428267853, shape=(), dtype=float64)
nll_grad  cost time: 2.6667115688323975
tf.Tensor(-10885.327892743244, shape=(), dtype=float64)
nll_grad  cost time: 2.8204872608184814
tf.Tensor(-10885.345273749936, shape=(), dtype=float64)
nll_grad  cost time: 2.740257740020752
tf.Tensor(-10885.36681031922, shape=(), dtype=float64)
nll_grad  cost time: 2.7757761478424072
tf.Tensor(-10885.380896762044, shape=(), dtype=float64)
nll_grad  cost time: 2.7162535190582275
tf.Tensor(-10885.395088036292, shape=(), dtype=float64)
nll_grad  cost time: 2.8260574340820312
tf.Tensor(-10885.410713938847, shape=(), dtype=float64)
nll_grad  cost time: 2.6803812980651855
tf.Tensor(-10885.421330867917, shape=(), dtype=float64)
nll_grad  cost time: 2.710029125213623
tf.Tensor(-10885.43224109534, shape=(), dtype=float64)
nll_grad  cost time: 2.863866090774536
tf.Tensor(-10885.44201112707, shape=(), dtype=float64)
nll_grad  cost time: 2.731340169906616
tf.Tensor(-10885.450060464544, shape=(), dtype=float64)
nll_grad  cost time: 2.9415104389190674
tf.Tensor(-10885.45629665397, shape=(), dtype=float64)
nll_grad  cost time: 2.7609095573425293
tf.Tensor(-10885.462948324746, shape=(), dtype=float64)
nll_grad  cost time: 2.844047784805298
tf.Tensor(-10885.469701856171, shape=(), dtype=float64)
nll_grad  cost time: 2.8024120330810547
tf.Tensor(-10885.476536060713, shape=(), dtype=float64)
nll_grad  cost time: 2.935502290725708
tf.Tensor(-10885.483533548944, shape=(), dtype=float64)
nll_grad  cost time: 2.7172834873199463
tf.Tensor(-10885.490999347181, shape=(), dtype=float64)
nll_grad  cost time: 2.7285964488983154
tf.Tensor(-10885.498502247858, shape=(), dtype=float64)
nll_grad  cost time: 2.785463333129883
tf.Tensor(-10885.504022379359, shape=(), dtype=float64)
nll_grad  cost time: 2.9441564083099365
tf.Tensor(-10885.511588714193, shape=(), dtype=float64)
nll_grad  cost time: 2.8874495029449463
tf.Tensor(-10885.520365807868, shape=(), dtype=float64)
nll_grad  cost time: 2.960017442703247
tf.Tensor(-10885.530088097852, shape=(), dtype=float64)
nll_grad  cost time: 2.751497268676758
tf.Tensor(-10885.538830654938, shape=(), dtype=float64)
nll_grad  cost time: 2.7041537761688232
tf.Tensor(-10885.546839082259, shape=(), dtype=float64)
nll_grad  cost time: 2.744269609451294
tf.Tensor(-10885.553327267615, shape=(), dtype=float64)
nll_grad  cost time: 2.65016770362854
tf.Tensor(-10885.559581503217, shape=(), dtype=float64)
nll_grad  cost time: 2.701822519302368
tf.Tensor(-10885.564712462261, shape=(), dtype=float64)
nll_grad  cost time: 2.699725389480591
tf.Tensor(-10885.569898478749, shape=(), dtype=float64)
nll_grad  cost time: 2.6716482639312744
tf.Tensor(-10885.574900015801, shape=(), dtype=float64)
nll_grad  cost time: 2.7896499633789062
tf.Tensor(-10885.579419465395, shape=(), dtype=float64)
nll_grad  cost time: 2.666618585586548
tf.Tensor(-10885.582716939241, shape=(), dtype=float64)
nll_grad  cost time: 2.7577064037323
tf.Tensor(-10885.58546576758, shape=(), dtype=float64)
nll_grad  cost time: 2.7034127712249756
tf.Tensor(-10885.588386505873, shape=(), dtype=float64)
nll_grad  cost time: 2.7729804515838623
tf.Tensor(-10885.59150201937, shape=(), dtype=float64)
nll_grad  cost time: 2.793928861618042
tf.Tensor(-10885.594993155542, shape=(), dtype=float64)
nll_grad  cost time: 2.756298065185547
tf.Tensor(-10885.59971280784, shape=(), dtype=float64)
nll_grad  cost time: 2.967771530151367
tf.Tensor(-10885.606256691523, shape=(), dtype=float64)
nll_grad  cost time: 2.8392090797424316
tf.Tensor(-10885.614432057058, shape=(), dtype=float64)
nll_grad  cost time: 2.8782196044921875
tf.Tensor(-10885.621943465598, shape=(), dtype=float64)
nll_grad  cost time: 2.6486971378326416
tf.Tensor(-10885.62762869256, shape=(), dtype=float64)
nll_grad  cost time: 2.585531234741211
tf.Tensor(-10885.632173829044, shape=(), dtype=float64)
nll_grad  cost time: 2.7462825775146484
tf.Tensor(-10885.636499557946, shape=(), dtype=float64)
nll_grad  cost time: 2.821211099624634
tf.Tensor(-10885.641818501541, shape=(), dtype=float64)
nll_grad  cost time: 2.821167230606079
tf.Tensor(-10885.64857356778, shape=(), dtype=float64)
nll_grad  cost time: 2.829831600189209
tf.Tensor(-10885.654777608672, shape=(), dtype=float64)
nll_grad  cost time: 2.9725821018218994
tf.Tensor(-10885.662573474101, shape=(), dtype=float64)
nll_grad  cost time: 2.8688223361968994
tf.Tensor(-10885.670126522045, shape=(), dtype=float64)
nll_grad  cost time: 2.814039707183838
tf.Tensor(-10885.676207486598, shape=(), dtype=float64)
nll_grad  cost time: 2.7000324726104736
tf.Tensor(-10885.680717632125, shape=(), dtype=float64)
nll_grad  cost time: 2.8148303031921387
tf.Tensor(-10885.685592345506, shape=(), dtype=float64)
nll_grad  cost time: 2.697613477706909
tf.Tensor(-10885.689695938343, shape=(), dtype=float64)
nll_grad  cost time: 2.701815605163574
tf.Tensor(-10885.693539908018, shape=(), dtype=float64)
nll_grad  cost time: 2.8770644664764404
tf.Tensor(-10885.696608369655, shape=(), dtype=float64)
nll_grad  cost time: 2.683300018310547
tf.Tensor(-10885.698895270727, shape=(), dtype=float64)
nll_grad  cost time: 2.8762505054473877
tf.Tensor(-10885.70058629814, shape=(), dtype=float64)
nll_grad  cost time: 2.800015687942505
tf.Tensor(-10885.70196530173, shape=(), dtype=float64)
nll_grad  cost time: 2.750811815261841
tf.Tensor(-10885.703997534269, shape=(), dtype=float64)
nll_grad  cost time: 2.7944746017456055
tf.Tensor(-10885.70656280153, shape=(), dtype=float64)
nll_grad  cost time: 2.746988296508789
tf.Tensor(-10885.709574492219, shape=(), dtype=float64)
nll_grad  cost time: 2.683565855026245
tf.Tensor(-10885.713429513653, shape=(), dtype=float64)
nll_grad  cost time: 2.5931289196014404
tf.Tensor(-10885.718045912306, shape=(), dtype=float64)
nll_grad  cost time: 2.6719651222229004
tf.Tensor(-10885.722644959089, shape=(), dtype=float64)
nll_grad  cost time: 2.6545488834381104
tf.Tensor(-10885.726485559546, shape=(), dtype=float64)
nll_grad  cost time: 2.788163185119629
tf.Tensor(-10885.7297508772, shape=(), dtype=float64)
nll_grad  cost time: 2.756049633026123
tf.Tensor(-10885.733230104544, shape=(), dtype=float64)
nll_grad  cost time: 2.860262632369995
tf.Tensor(-10885.737544537351, shape=(), dtype=float64)
nll_grad  cost time: 2.6795146465301514
tf.Tensor(-10885.742802918638, shape=(), dtype=float64)
nll_grad  cost time: 2.7951998710632324
tf.Tensor(-10885.748370933574, shape=(), dtype=float64)
nll_grad  cost time: 2.7468302249908447
tf.Tensor(-10885.753676934644, shape=(), dtype=float64)
nll_grad  cost time: 2.6768040657043457
tf.Tensor(-10885.759029636338, shape=(), dtype=float64)
nll_grad  cost time: 2.688725233078003
tf.Tensor(-10885.764733601309, shape=(), dtype=float64)
nll_grad  cost time: 2.742373466491699
tf.Tensor(-10885.770629740953, shape=(), dtype=float64)
nll_grad  cost time: 2.6487035751342773
tf.Tensor(-10885.774428696333, shape=(), dtype=float64)
nll_grad  cost time: 2.634988784790039
tf.Tensor(-10885.779675380067, shape=(), dtype=float64)
nll_grad  cost time: 2.646868944168091
tf.Tensor(-10885.784169129496, shape=(), dtype=float64)
nll_grad  cost time: 2.766024112701416
tf.Tensor(-10885.787645499213, shape=(), dtype=float64)
nll_grad  cost time: 2.793060064315796
tf.Tensor(-10885.790494723402, shape=(), dtype=float64)
nll_grad  cost time: 2.7349228858947754
tf.Tensor(-10885.793764778253, shape=(), dtype=float64)
nll_grad  cost time: 2.7435715198516846
tf.Tensor(-10885.796747496512, shape=(), dtype=float64)
nll_grad  cost time: 2.7298929691314697
tf.Tensor(-10885.799737813897, shape=(), dtype=float64)
nll_grad  cost time: 2.813314437866211
tf.Tensor(-10885.80250397267, shape=(), dtype=float64)
nll_grad  cost time: 2.882925510406494
tf.Tensor(-10885.804823762679, shape=(), dtype=float64)
nll_grad  cost time: 2.827207565307617
tf.Tensor(-10885.806601700286, shape=(), dtype=float64)
nll_grad  cost time: 2.9011740684509277
tf.Tensor(-10885.80848593162, shape=(), dtype=float64)
nll_grad  cost time: 2.891141653060913
tf.Tensor(-10885.81091958072, shape=(), dtype=float64)
nll_grad  cost time: 2.8448355197906494
tf.Tensor(-10885.813663466377, shape=(), dtype=float64)
nll_grad  cost time: 3.0949528217315674
tf.Tensor(-10885.816095445842, shape=(), dtype=float64)
nll_grad  cost time: 2.859928607940674
tf.Tensor(-10885.818149983994, shape=(), dtype=float64)
nll_grad  cost time: 2.7521541118621826
tf.Tensor(-10885.820369227355, shape=(), dtype=float64)
nll_grad  cost time: 3.1985785961151123
tf.Tensor(-10885.823530137017, shape=(), dtype=float64)
nll_grad  cost time: 2.689305543899536
tf.Tensor(-10885.827578572755, shape=(), dtype=float64)
nll_grad  cost time: 2.729220390319824
tf.Tensor(-10885.83130894129, shape=(), dtype=float64)
nll_grad  cost time: 2.8435301780700684
tf.Tensor(-10885.834028380857, shape=(), dtype=float64)
nll_grad  cost time: 2.9168174266815186
tf.Tensor(-10885.836125856817, shape=(), dtype=float64)
nll_grad  cost time: 2.722182273864746
tf.Tensor(-10885.838369070694, shape=(), dtype=float64)
nll_grad  cost time: 2.754828929901123
tf.Tensor(-10885.841107293536, shape=(), dtype=float64)
nll_grad  cost time: 2.9343345165252686
tf.Tensor(-10885.84399785779, shape=(), dtype=float64)
nll_grad  cost time: 2.9137890338897705
tf.Tensor(-10885.847100354382, shape=(), dtype=float64)
nll_grad  cost time: 2.828340530395508
tf.Tensor(-10885.85079329691, shape=(), dtype=float64)
nll_grad  cost time: 2.6905975341796875
tf.Tensor(-10885.854851697919, shape=(), dtype=float64)
nll_grad  cost time: 2.8307721614837646
tf.Tensor(-10885.857739268298, shape=(), dtype=float64)
nll_grad  cost time: 2.8835628032684326
tf.Tensor(-10885.859565454342, shape=(), dtype=float64)
nll_grad  cost time: 2.7278099060058594
tf.Tensor(-10885.860813380552, shape=(), dtype=float64)
nll_grad  cost time: 2.852778673171997
tf.Tensor(-10885.862196230493, shape=(), dtype=float64)
nll_grad  cost time: 2.759821653366089
tf.Tensor(-10885.86423060382, shape=(), dtype=float64)
nll_grad  cost time: 2.7399790287017822
tf.Tensor(-10885.867037978609, shape=(), dtype=float64)
nll_grad  cost time: 2.7327816486358643
tf.Tensor(-10885.869897845623, shape=(), dtype=float64)
nll_grad  cost time: 2.9284045696258545
tf.Tensor(-10885.872036671812, shape=(), dtype=float64)
nll_grad  cost time: 2.930488109588623
tf.Tensor(-10885.873218561683, shape=(), dtype=float64)
nll_grad  cost time: 2.887098550796509
tf.Tensor(-10885.873926224684, shape=(), dtype=float64)
nll_grad  cost time: 2.7730584144592285
tf.Tensor(-10885.874517890512, shape=(), dtype=float64)
nll_grad  cost time: 2.6932148933410645
tf.Tensor(-10885.875171222611, shape=(), dtype=float64)
nll_grad  cost time: 2.847797393798828
tf.Tensor(-10885.87590485852, shape=(), dtype=float64)
nll_grad  cost time: 2.8214609622955322
tf.Tensor(-10885.876526748838, shape=(), dtype=float64)
nll_grad  cost time: 2.8844759464263916
tf.Tensor(-10885.877006780269, shape=(), dtype=float64)
nll_grad  cost time: 2.7195262908935547
tf.Tensor(-10885.87742063523, shape=(), dtype=float64)
nll_grad  cost time: 2.762322187423706
tf.Tensor(-10885.877962033863, shape=(), dtype=float64)
nll_grad  cost time: 2.827712059020996
tf.Tensor(-10885.878624494653, shape=(), dtype=float64)
nll_grad  cost time: 3.0146231651306152
tf.Tensor(-10885.879267789385, shape=(), dtype=float64)
nll_grad  cost time: 2.863734245300293
tf.Tensor(-10885.879739043228, shape=(), dtype=float64)
nll_grad  cost time: 2.7168331146240234
tf.Tensor(-10885.880067484804, shape=(), dtype=float64)
nll_grad  cost time: 2.918421983718872
tf.Tensor(-10885.880355742487, shape=(), dtype=float64)
nll_grad  cost time: 2.7235569953918457
tf.Tensor(-10885.880685211338, shape=(), dtype=float64)
nll_grad  cost time: 2.798718214035034
tf.Tensor(-10885.881096462108, shape=(), dtype=float64)
nll_grad  cost time: 2.688809871673584
tf.Tensor(-10885.881603400072, shape=(), dtype=float64)
nll_grad  cost time: 2.877297878265381
tf.Tensor(-10885.882173607219, shape=(), dtype=float64)
nll_grad  cost time: 2.974956750869751
tf.Tensor(-10885.88273398508, shape=(), dtype=float64)
nll_grad  cost time: 2.9587621688842773
tf.Tensor(-10885.883209765027, shape=(), dtype=float64)
nll_grad  cost time: 2.85746693611145
tf.Tensor(-10885.883586011863, shape=(), dtype=float64)
nll_grad  cost time: 3.025111675262451
tf.Tensor(-10885.88389573237, shape=(), dtype=float64)
nll_grad  cost time: 2.791893720626831
tf.Tensor(-10885.884183202534, shape=(), dtype=float64)
nll_grad  cost time: 2.8935351371765137
tf.Tensor(-10885.884475199124, shape=(), dtype=float64)
nll_grad  cost time: 2.8644306659698486
tf.Tensor(-10885.884790824952, shape=(), dtype=float64)
nll_grad  cost time: 2.7748732566833496
tf.Tensor(-10885.88512900928, shape=(), dtype=float64)
nll_grad  cost time: 2.7963380813598633
tf.Tensor(-10885.885448058061, shape=(), dtype=float64)
nll_grad  cost time: 2.7990307807922363
tf.Tensor(-10885.885692191496, shape=(), dtype=float64)
nll_grad  cost time: 2.7378170490264893
tf.Tensor(-10885.885873925685, shape=(), dtype=float64)
nll_grad  cost time: 2.7483510971069336
tf.Tensor(-10885.886063197826, shape=(), dtype=float64)
nll_grad  cost time: 2.7437546253204346
tf.Tensor(-10885.886347658681, shape=(), dtype=float64)
nll_grad  cost time: 2.711057424545288
tf.Tensor(-10885.88677896379, shape=(), dtype=float64)
nll_grad  cost time: 2.7005867958068848
tf.Tensor(-10885.887281989502, shape=(), dtype=float64)
nll_grad  cost time: 2.67510724067688
tf.Tensor(-10885.887621599119, shape=(), dtype=float64)
nll_grad  cost time: 2.9530210494995117
tf.Tensor(-10885.887778190285, shape=(), dtype=float64)
nll_grad  cost time: 2.930560350418091
tf.Tensor(-10885.887874825054, shape=(), dtype=float64)
nll_grad  cost time: 2.77976393699646
tf.Tensor(-10885.888011968435, shape=(), dtype=float64)
nll_grad  cost time: 2.7046773433685303
tf.Tensor(-10885.888234175476, shape=(), dtype=float64)
nll_grad  cost time: 2.652146339416504
tf.Tensor(-10885.888591988083, shape=(), dtype=float64)
nll_grad  cost time: 2.6005680561065674
tf.Tensor(-10885.889121371061, shape=(), dtype=float64)
nll_grad  cost time: 2.6968188285827637
tf.Tensor(-10885.889621315933, shape=(), dtype=float64)
nll_grad  cost time: 2.853724718093872
tf.Tensor(-10885.890077057755, shape=(), dtype=float64)
nll_grad  cost time: 2.8978164196014404
tf.Tensor(-10885.890523937125, shape=(), dtype=float64)
nll_grad  cost time: 2.8196067810058594
tf.Tensor(-10885.891010012401, shape=(), dtype=float64)
nll_grad  cost time: 2.8760263919830322
tf.Tensor(-10885.891622962477, shape=(), dtype=float64)
nll_grad  cost time: 2.6243488788604736
tf.Tensor(-10885.892333774438, shape=(), dtype=float64)
nll_grad  cost time: 2.7390859127044678
tf.Tensor(-10885.892946488524, shape=(), dtype=float64)
nll_grad  cost time: 2.7293860912323
tf.Tensor(-10885.893335351997, shape=(), dtype=float64)
nll_grad  cost time: 2.790759801864624
tf.Tensor(-10885.893549546248, shape=(), dtype=float64)
nll_grad  cost time: 2.812028169631958
tf.Tensor(-10885.893722611387, shape=(), dtype=float64)
nll_grad  cost time: 2.932783842086792
tf.Tensor(-10885.893917148667, shape=(), dtype=float64)
nll_grad  cost time: 2.752368927001953
tf.Tensor(-10885.894155916028, shape=(), dtype=float64)
nll_grad  cost time: 2.841787815093994
tf.Tensor(-10885.89444136047, shape=(), dtype=float64)
nll_grad  cost time: 2.7994847297668457
tf.Tensor(-10885.894822271419, shape=(), dtype=float64)
nll_grad  cost time: 2.733083486557007
tf.Tensor(-10885.895344772223, shape=(), dtype=float64)
nll_grad  cost time: 2.6270737648010254
tf.Tensor(-10885.896015098042, shape=(), dtype=float64)
nll_grad  cost time: 2.7911934852600098
tf.Tensor(-10885.896708041939, shape=(), dtype=float64)
nll_grad  cost time: 2.639249324798584
tf.Tensor(-10885.897266062913, shape=(), dtype=float64)
nll_grad  cost time: 2.663353443145752
tf.Tensor(-10885.897619325651, shape=(), dtype=float64)
nll_grad  cost time: 2.661379337310791
tf.Tensor(-10885.897818563833, shape=(), dtype=float64)
nll_grad  cost time: 2.7091739177703857
tf.Tensor(-10885.897963685784, shape=(), dtype=float64)
nll_grad  cost time: 2.6745290756225586
tf.Tensor(-10885.898127561812, shape=(), dtype=float64)
nll_grad  cost time: 2.7167232036590576
tf.Tensor(-10885.898377366902, shape=(), dtype=float64)
nll_grad  cost time: 2.6298224925994873
tf.Tensor(-10885.89877587884, shape=(), dtype=float64)
nll_grad  cost time: 2.9311811923980713
tf.Tensor(-10885.89942271518, shape=(), dtype=float64)
nll_grad  cost time: 2.8943634033203125
tf.Tensor(-10885.90042047443, shape=(), dtype=float64)
nll_grad  cost time: 2.9383082389831543
tf.Tensor(-10885.901500604206, shape=(), dtype=float64)
nll_grad  cost time: 2.81388521194458
tf.Tensor(-10885.902031757383, shape=(), dtype=float64)
nll_grad  cost time: 2.7855751514434814
tf.Tensor(-10885.902244104118, shape=(), dtype=float64)
nll_grad  cost time: 2.664674758911133
tf.Tensor(-10885.902311347643, shape=(), dtype=float64)
nll_grad  cost time: 2.74098539352417
tf.Tensor(-10885.902395864767, shape=(), dtype=float64)
nll_grad  cost time: 2.6639091968536377
tf.Tensor(-10885.902544145321, shape=(), dtype=float64)
nll_grad  cost time: 2.7355940341949463
tf.Tensor(-10885.90281229782, shape=(), dtype=float64)
nll_grad  cost time: 2.84208083152771
tf.Tensor(-10885.903298914525, shape=(), dtype=float64)
nll_grad  cost time: 2.733222246170044
tf.Tensor(-10885.904168462368, shape=(), dtype=float64)
nll_grad  cost time: 2.75443959236145
tf.Tensor(-10885.905662185827, shape=(), dtype=float64)
nll_grad  cost time: 2.749180793762207
tf.Tensor(-10885.908017743897, shape=(), dtype=float64)
nll_grad  cost time: 2.7681233882904053
tf.Tensor(-10885.910864334151, shape=(), dtype=float64)
nll_grad  cost time: 2.7335896492004395
tf.Tensor(-10885.913108356672, shape=(), dtype=float64)
nll_grad  cost time: 2.786407470703125
tf.Tensor(-10885.914543005674, shape=(), dtype=float64)
nll_grad  cost time: 2.7541325092315674
tf.Tensor(-10885.915233511763, shape=(), dtype=float64)
nll_grad  cost time: 2.8046152591705322
tf.Tensor(-10885.91588433205, shape=(), dtype=float64)
nll_grad  cost time: 2.743884801864624
tf.Tensor(-10885.916203147952, shape=(), dtype=float64)
nll_grad  cost time: 2.8606927394866943
tf.Tensor(-10885.916777143902, shape=(), dtype=float64)
nll_grad  cost time: 2.8583366870880127
tf.Tensor(-10885.917801315547, shape=(), dtype=float64)
nll_grad  cost time: 2.829329013824463
tf.Tensor(-10885.919524686513, shape=(), dtype=float64)
nll_grad  cost time: 2.8328964710235596
tf.Tensor(-10885.921929003842, shape=(), dtype=float64)
nll_grad  cost time: 2.9092533588409424
tf.Tensor(-10885.923338455133, shape=(), dtype=float64)
nll_grad  cost time: 2.812530279159546
tf.Tensor(-10885.924244025944, shape=(), dtype=float64)
nll_grad  cost time: 2.77524995803833
tf.Tensor(-10885.924644448316, shape=(), dtype=float64)
nll_grad  cost time: 2.6677589416503906
tf.Tensor(-10885.924887905527, shape=(), dtype=float64)
nll_grad  cost time: 2.6479973793029785
tf.Tensor(-10885.925281035188, shape=(), dtype=float64)
nll_grad  cost time: 2.7721920013427734
tf.Tensor(-10885.925940156983, shape=(), dtype=float64)
nll_grad  cost time: 2.7349791526794434
tf.Tensor(-10885.927028025657, shape=(), dtype=float64)
nll_grad  cost time: 2.821686029434204
tf.Tensor(-10885.928687732454, shape=(), dtype=float64)
nll_grad  cost time: 2.788438320159912
tf.Tensor(-10885.930669398624, shape=(), dtype=float64)
nll_grad  cost time: 3.0413432121276855
tf.Tensor(-10885.93239594685, shape=(), dtype=float64)
nll_grad  cost time: 2.6894311904907227
tf.Tensor(-10885.934805162817, shape=(), dtype=float64)
nll_grad  cost time: 2.7994472980499268
tf.Tensor(-10885.937723362737, shape=(), dtype=float64)
nll_grad  cost time: 2.7789430618286133
tf.Tensor(-10885.939924051596, shape=(), dtype=float64)
nll_grad  cost time: 2.8678948879241943
tf.Tensor(-10885.941212531265, shape=(), dtype=float64)
nll_grad  cost time: 2.725072145462036
tf.Tensor(-10885.94230450541, shape=(), dtype=float64)
nll_grad  cost time: 2.8951241970062256
tf.Tensor(-10885.943625356347, shape=(), dtype=float64)
nll_grad  cost time: 3.00650691986084
tf.Tensor(-10885.945826222167, shape=(), dtype=float64)
nll_grad  cost time: 2.7964344024658203
tf.Tensor(-10885.949312334835, shape=(), dtype=float64)
nll_grad  cost time: 2.8836827278137207
tf.Tensor(-10885.952552296583, shape=(), dtype=float64)
nll_grad  cost time: 2.9616589546203613
tf.Tensor(-10885.952923280458, shape=(), dtype=float64)
nll_grad  cost time: 3.120684862136841
tf.Tensor(-10885.953468225129, shape=(), dtype=float64)
nll_grad  cost time: 2.8190057277679443
tf.Tensor(-10885.953747196489, shape=(), dtype=float64)
nll_grad  cost time: 2.9437973499298096
tf.Tensor(-10885.953848799583, shape=(), dtype=float64)
nll_grad  cost time: 2.8397529125213623
tf.Tensor(-10885.953984126185, shape=(), dtype=float64)
nll_grad  cost time: 2.822087287902832
tf.Tensor(-10885.95408168942, shape=(), dtype=float64)
nll_grad  cost time: 2.9141592979431152
tf.Tensor(-10885.954157958391, shape=(), dtype=float64)
nll_grad  cost time: 2.696408271789551
tf.Tensor(-10885.954205521872, shape=(), dtype=float64)
nll_grad  cost time: 2.6602563858032227
tf.Tensor(-10885.954273535255, shape=(), dtype=float64)
nll_grad  cost time: 2.6336874961853027
tf.Tensor(-10885.954389745037, shape=(), dtype=float64)
nll_grad  cost time: 2.788656234741211
tf.Tensor(-10885.954592268383, shape=(), dtype=float64)
nll_grad  cost time: 2.987741470336914
tf.Tensor(-10885.954936055812, shape=(), dtype=float64)
nll_grad  cost time: 2.7302348613739014
tf.Tensor(-10885.955463796454, shape=(), dtype=float64)
nll_grad  cost time: 2.747532606124878
tf.Tensor(-10885.95595951208, shape=(), dtype=float64)
nll_grad  cost time: 2.8174374103546143
tf.Tensor(-10885.956263849293, shape=(), dtype=float64)
nll_grad  cost time: 2.8088536262512207
tf.Tensor(-10885.956470763307, shape=(), dtype=float64)
nll_grad  cost time: 2.879227638244629
tf.Tensor(-10885.95653048816, shape=(), dtype=float64)
nll_grad  cost time: 2.721000909805298
tf.Tensor(-10885.95655858146, shape=(), dtype=float64)
nll_grad  cost time: 2.760092258453369
tf.Tensor(-10885.956573365012, shape=(), dtype=float64)
nll_grad  cost time: 2.8059470653533936
tf.Tensor(-10885.956579838816, shape=(), dtype=float64)
nll_grad  cost time: 2.7495810985565186
tf.Tensor(-10885.956581793245, shape=(), dtype=float64)
nll_grad  cost time: 2.7772421836853027
tf.Tensor(-10885.9565831816, shape=(), dtype=float64)
nll_grad  cost time: 2.8226101398468018
tf.Tensor(-10885.956585213633, shape=(), dtype=float64)
nll_grad  cost time: 2.8646397590637207
tf.Tensor(-10885.956587612289, shape=(), dtype=float64)
nll_grad  cost time: 2.8407955169677734
tf.Tensor(-10885.956591417458, shape=(), dtype=float64)
nll_grad  cost time: 2.813398599624634
tf.Tensor(-10885.956597818458, shape=(), dtype=float64)
nll_grad  cost time: 2.819049835205078
tf.Tensor(-10885.956608886845, shape=(), dtype=float64)
nll_grad  cost time: 2.8649168014526367
tf.Tensor(-10885.95662761893, shape=(), dtype=float64)
nll_grad  cost time: 2.83742618560791
tf.Tensor(-10885.956655892978, shape=(), dtype=float64)
nll_grad  cost time: 2.7395172119140625
tf.Tensor(-10885.956677688888, shape=(), dtype=float64)
nll_grad  cost time: 2.686068534851074
tf.Tensor(-10885.95668586042, shape=(), dtype=float64)
nll_grad  cost time: 2.5900235176086426
tf.Tensor(-10885.956688195556, shape=(), dtype=float64)
nll_grad  cost time: 2.711916208267212
tf.Tensor(-10885.956688326904, shape=(), dtype=float64)
nll_grad  cost time: 2.976559638977051
tf.Tensor(-10885.95668833456, shape=(), dtype=float64)
nll_grad  cost time: 2.9125540256500244
tf.Tensor(-10885.956688336028, shape=(), dtype=float64)
Optimization terminated successfully.
         Current function value: -10885.956688
         Iterations: 648
         Function evaluations: 661
         Gradient evaluations: 661
  message: Optimization terminated successfully.
  success: True
   status: 0
      fun: -10885.956688336028
        x: [ 4.700e+00  3.683e-02 ... -1.711e-01 -3.386e+00]
      nit: 648
      jac: [ 0.000e+00  0.000e+00 ... -8.762e-05 -4.192e-06]
 hess_inv: [[ 1.000e+00  0.000e+00 ...  0.000e+00  0.000e+00]
            [ 0.000e+00  1.000e+00 ...  0.000e+00  0.000e+00]
            ...
            [ 0.000e+00  0.000e+00 ...  1.805e-02 -1.297e-02]
            [ 0.000e+00  0.000e+00 ... -1.297e-02  4.913e-01]]
     nfev: 661
     njev: 661
fit  cost time: 1850.854320526123

========== Fit loop 3/5 ==========
using RANDOM parameters

########### initial parameters
{
  "rho(1450)p_mass": 1.51,
  "rho(1450)p_width": 0.44,
  "rho(1570)p_mass": 1.57,
  "rho(1570)p_width": 0.14,
  "rho(1690)p_mass": 1.681,
  "rho(1690)p_width": 0.19,
  "rho(1450)m_mass": 1.51,
  "rho(1450)m_width": 0.44,
  "rho(1570)m_mass": 1.57,
  "rho(1570)m_width": 0.14,
  "rho(1690)m_mass": 1.681,
  "rho(1690)m_width": 0.19,
  "f0(500)_E791_mass": 0.478,
  "f2(1270)_flatte_mass": 1.2754,
  "f2(1270)_flatte_g_0": 1.2363347177074213,
  "f2(1270)_flatte_g_1": 4.624004990955816,
  "f0(1370)_mass": 1.37,
  "f0(1370)_width": 0.35,
  "f0(1500)_flatte_mass": 1.522,
  "f0(1500)_flatte_g_0": 0.5291131955855396,
  "f0(1500)_flatte_g_1": 0.1562222219955412,
  "f2(1430)_mass": 1.43,
  "f2(1430)_width": 0.046,
  "Jpsi->rho(1450)p.pimrho(1450)p->phi.pip_total_0r": 1.0,
  "Jpsi->rho(1450)p.pimrho(1450)p->phi.pip_total_0i": 0.0,
  "Jpsi->rho(1450)p.pim_g_ls_0r": 1.0,
  "Jpsi->rho(1450)p.pim_g_ls_0i": 0.0,
  "rho(1450)p->phi.pip_g_ls_0r": 1.0,
  "rho(1450)p->phi.pip_g_ls_0i": 0.0,
  "Jpsi->rho(1570)p.pimrho(1570)p->phi.pip_total_0r": 1.1389680009987044,
  "Jpsi->rho(1570)p.pimrho(1570)p->phi.pip_total_0i": 2.403488722258877,
  "Jpsi->rho(1570)p.pim_g_ls_0r": 1.0,
  "Jpsi->rho(1570)p.pim_g_ls_0i": 0.0,
  "rho(1570)p->phi.pip_g_ls_0r": 1.0,
  "rho(1570)p->phi.pip_g_ls_0i": 0.0,
  "Jpsi->rho(1690)p.pimrho(1690)p->phi.pip_total_0r": 0.10342740465929978,
  "Jpsi->rho(1690)p.pimrho(1690)p->phi.pip_total_0i": -0.5145757565497173,
  "Jpsi->rho(1690)p.pim_g_ls_0r": 1.0,
  "Jpsi->rho(1690)p.pim_g_ls_0i": 0.0,
  "rho(1690)p->phi.pip_g_ls_0r": 1.0,
  "rho(1690)p->phi.pip_g_ls_0i": 0.0,
  "Jpsi->rho(1450)m.piprho(1450)m->phi.pim_total_0r": 1.0,
  "Jpsi->rho(1450)m.piprho(1450)m->phi.pim_total_0i": 0.0,
  "Jpsi->rho(1450)m.pip_g_ls_0r": 1.0,
  "Jpsi->rho(1450)m.pip_g_ls_0i": 0.0,
  "rho(1450)m->phi.pim_g_ls_0r": 1.0,
  "rho(1450)m->phi.pim_g_ls_0i": 0.0,
  "Jpsi->rho(1570)m.piprho(1570)m->phi.pim_total_0r": 1.1389680009987044,
  "Jpsi->rho(1570)m.piprho(1570)m->phi.pim_total_0i": 2.403488722258877,
  "Jpsi->rho(1570)m.pip_g_ls_0r": 1.0,
  "Jpsi->rho(1570)m.pip_g_ls_0i": 0.0,
  "rho(1570)m->phi.pim_g_ls_0r": 1.0,
  "rho(1570)m->phi.pim_g_ls_0i": 0.0,
  "Jpsi->rho(1690)m.piprho(1690)m->phi.pim_total_0r": 0.10342740465929978,
  "Jpsi->rho(1690)m.piprho(1690)m->phi.pim_total_0i": -0.5145757565497173,
  "Jpsi->rho(1690)m.pip_g_ls_0r": 1.0,
  "Jpsi->rho(1690)m.pip_g_ls_0i": 0.0,
  "rho(1690)m->phi.pim_g_ls_0r": 1.0,
  "rho(1690)m->phi.pim_g_ls_0i": 0.0,
  "Jpsi->phi.f0(500)_E791f0(500)_E791->pip.pim_total_0r": 1.700483316125824,
  "Jpsi->phi.f0(500)_E791f0(500)_E791->pip.pim_total_0i": -0.6960747608698501,
  "Jpsi->phi.f0(500)_E791_g_ls_0r": 1.0,
  "Jpsi->phi.f0(500)_E791_g_ls_0i": 0.0,
  "Jpsi->phi.f0(500)_E791_g_ls_1r": 1.1499011650449678,
  "Jpsi->phi.f0(500)_E791_g_ls_1i": 0.6173825307215202,
  "f0(500)_E791->pip.pim_g_ls_0r": 1.0,
  "f0(500)_E791->pip.pim_g_ls_0i": 0.0,
  "Jpsi->phi.f0(980)_flattef0(980)_flatte->pip.pim_total_0r": 1.2844811984119016,
  "Jpsi->phi.f0(980)_flattef0(980)_flatte->pip.pim_total_0i": -2.9476038818473493,
  "f0(980)_flatte->pip.pim_g_ls_0r": 1.0,
  "f0(980)_flatte->pip.pim_g_ls_0i": 0.0,
  "Jpsi->phi.f2(1270)_flattef2(1270)_flatte->pip.pim_total_0r": 1.6042532762320487,
  "Jpsi->phi.f2(1270)_flattef2(1270)_flatte->pip.pim_total_0i": 2.5397515326290137,
  "Jpsi->phi.f2(1270)_flatte_g_ls_0r": 1.0,
  "Jpsi->phi.f2(1270)_flatte_g_ls_0i": 0.0,
  "Jpsi->phi.f2(1270)_flatte_g_ls_1r": 0.8465029572587173,
  "Jpsi->phi.f2(1270)_flatte_g_ls_1i": -2.556557153686639,
  "Jpsi->phi.f2(1270)_flatte_g_ls_2r": 0.3799157140849565,
  "Jpsi->phi.f2(1270)_flatte_g_ls_2i": 0.49164789339137593,
  "Jpsi->phi.f2(1270)_flatte_g_ls_3r": 0.2831811109336946,
  "Jpsi->phi.f2(1270)_flatte_g_ls_3i": 0.8625997411735975,
  "Jpsi->phi.f2(1270)_flatte_g_ls_4r": 1.2008634665432782,
  "Jpsi->phi.f2(1270)_flatte_g_ls_4i": 2.416295037086001,
  "f2(1270)_flatte->pip.pim_g_ls_0r": 1.0,
  "f2(1270)_flatte->pip.pim_g_ls_0i": 0.0,
  "Jpsi->phi.f0(1370)f0(1370)->pip.pim_total_0r": 0.7797618610048773,
  "Jpsi->phi.f0(1370)f0(1370)->pip.pim_total_0i": -0.37926115664016624,
  "Jpsi->phi.f0(1370)_g_ls_0r": 1.0,
  "Jpsi->phi.f0(1370)_g_ls_0i": 0.0,
  "Jpsi->phi.f0(1370)_g_ls_1r": 1.0957963309431782,
  "Jpsi->phi.f0(1370)_g_ls_1i": -1.901689690352495,
  "f0(1370)->pip.pim_g_ls_0r": 1.0,
  "f0(1370)->pip.pim_g_ls_0i": 0.0,
  "Jpsi->phi.f0(1500)_flattef0(1500)_flatte->pip.pim_total_0r": 0.9685820352376391,
  "Jpsi->phi.f0(1500)_flattef0(1500)_flatte->pip.pim_total_0i": -1.9588029932593296,
  "Jpsi->phi.f0(1500)_flatte_g_ls_0r": 1.0,
  "Jpsi->phi.f0(1500)_flatte_g_ls_0i": 0.0,
  "Jpsi->phi.f0(1500)_flatte_g_ls_1r": 0.39291264386298463,
  "Jpsi->phi.f0(1500)_flatte_g_ls_1i": -2.7945538095377476,
  "f0(1500)_flatte->pip.pim_g_ls_0r": 1.0,
  "f0(1500)_flatte->pip.pim_g_ls_0i": 0.0,
  "Jpsi->phi.f0(1710)f0(1710)->pip.pim_total_0r": 0.23725714941962694,
  "Jpsi->phi.f0(1710)f0(1710)->pip.pim_total_0i": -1.297965680699379,
  "f0(1710)->pip.pim_g_ls_0r": 1.0,
  "f0(1710)->pip.pim_g_ls_0i": 0.0,
  "Jpsi->phi.f2(1430)f2(1430)->pip.pim_total_0r": 1.855786249093193,
  "Jpsi->phi.f2(1430)f2(1430)->pip.pim_total_0i": 2.8529906828640055,
  "Jpsi->phi.f2(1430)_g_ls_0r": 1.0,
  "Jpsi->phi.f2(1430)_g_ls_0i": 0.0,
  "Jpsi->phi.f2(1430)_g_ls_1r": 0.4185557690295787,
  "Jpsi->phi.f2(1430)_g_ls_1i": -2.0839071557301656,
  "Jpsi->phi.f2(1430)_g_ls_2r": 1.5320580755634827,
  "Jpsi->phi.f2(1430)_g_ls_2i": -1.6587643284093705,
  "Jpsi->phi.f2(1430)_g_ls_3r": 0.8883610300071876,
  "Jpsi->phi.f2(1430)_g_ls_3i": 2.7548113400684073,
  "Jpsi->phi.f2(1430)_g_ls_4r": 0.0634326745346061,
  "Jpsi->phi.f2(1430)_g_ls_4i": -0.064608564713168,
  "f2(1430)->pip.pim_g_ls_0r": 1.0,
  "f2(1430)->pip.pim_g_ls_0i": 0.0,
  "Jpsi->phi.NR_pipi_0.NR_pipi_0.->pip.pim_total_0r": 1.4465186556475662,
  "Jpsi->phi.NR_pipi_0.NR_pipi_0.->pip.pim_total_0i": -0.056089620101260174,
  "Jpsi->phi.NR_pipi_0._g_ls_0r": 1.0,
  "Jpsi->phi.NR_pipi_0._g_ls_0i": 0.0,
  "Jpsi->phi.NR_pipi_0._g_ls_1r": 1.948414486886803,
  "Jpsi->phi.NR_pipi_0._g_ls_1i": 3.030359655037034,
  "NR_pipi_0.->pip.pim_g_ls_0r": 1.0,
  "NR_pipi_0.->pip.pim_g_ls_0i": 0.0,
  "K1(1400)p_mass": 1.403,
  "K1(1400)p_width": 0.174,
  "K2(1820)p_mass": 1.819,
  "K2(1820)p_width": 0.264,
  "K2(1980)p_mass": 1.99,
  "K2(1980)p_width": 0.348,
  "K2(2250)p_mass": 2.247,
  "K2(2250)p_width": 0.18,
  "K3(2320)p_mass": 2.324,
  "K3(2320)p_width": 0.15,
  "K1(1400)m_mass": 1.403,
  "K1(1400)m_width": 0.174,
  "K2(1820)m_mass": 1.819,
  "K2(1820)m_width": 0.264,
  "K2(1980)m_mass": 1.99,
  "K2(1980)m_width": 0.348,
  "K3(2320)m_mass": 2.324,
  "K3(2320)m_width": 0.15,
  "f0(980)_flatte_mass": 0.965,
  "f0(980)_flatte_g_0": 0.5377968433504439,
  "f0(980)_flatte_g_1": 0.08636381782306057,
  "f2(1270)_mass": 1.2754,
  "f2(1270)_width": 0.1858,
  "f0(1500)_mass": 1.522,
  "f0(1500)_width": 0.108,
  "f2(1525)_mass": 1.5173,
  "f2(1525)_width": 0.072,
  "f2(1565)_mass": 1.571,
  "f2(1565)_width": 0.132,
  "f0(1710)_mass": 1.733,
  "f0(1710)_width": 0.15,
  "f2(1810)_mass": 1.815,
  "f2(1810)_width": 0.197,
  "Jpsi->K1(1400)p.kmK1(1400)p->phi.kp_total_0r": 1.0,
  "Jpsi->K1(1400)p.kmK1(1400)p->phi.kp_total_0i": 0.0,
  "Jpsi->K1(1400)p.km_g_ls_0r": 1.0,
  "Jpsi->K1(1400)p.km_g_ls_0i": 0.0,
  "Jpsi->K1(1400)p.km_g_ls_1r": 1.4309371242206876,
  "Jpsi->K1(1400)p.km_g_ls_1i": -2.289053052931548,
  "K1(1400)p->phi.kp_g_ls_0r": 1.0,
  "K1(1400)p->phi.kp_g_ls_0i": 0.0,
  "K1(1400)p->phi.kp_g_ls_1r": 0.04469402573999304,
  "K1(1400)p->phi.kp_g_ls_1i": -2.2216334565793563,
  "Jpsi->K2(1820)p.kmK2(1820)p->phi.kp_total_0r": 1.7164718186236976,
  "Jpsi->K2(1820)p.kmK2(1820)p->phi.kp_total_0i": 0.7300797026952406,
  "Jpsi->K2(1820)p.km_g_ls_0r": 1.0,
  "Jpsi->K2(1820)p.km_g_ls_0i": 0.0,
  "Jpsi->K2(1820)p.km_g_ls_1r": 0.9955429477859603,
  "Jpsi->K2(1820)p.km_g_ls_1i": 1.374600323214068,
  "K2(1820)p->phi.kp_g_ls_0r": 1.0,
  "K2(1820)p->phi.kp_g_ls_0i": 0.0,
  "K2(1820)p->phi.kp_g_ls_1r": 1.5021194402897904,
  "K2(1820)p->phi.kp_g_ls_1i": -1.4268507024633754,
  "Jpsi->K2(1980)p.kmK2(1980)p->phi.kp_total_0r": 0.5443717348359871,
  "Jpsi->K2(1980)p.kmK2(1980)p->phi.kp_total_0i": -0.9320588876600171,
  "Jpsi->K2(1980)p.km_g_ls_0r": 1.0,
  "Jpsi->K2(1980)p.km_g_ls_0i": 0.0,
  "K2(1980)p->phi.kp_g_ls_0r": 1.0,
  "K2(1980)p->phi.kp_g_ls_0i": 0.0,
  "Jpsi->K2(2250)p.kmK2(2250)p->phi.kp_total_0r": 0.7170956366914725,
  "Jpsi->K2(2250)p.kmK2(2250)p->phi.kp_total_0i": 0.38607690364897884,
  "Jpsi->K2(2250)p.km_g_ls_0r": 1.0,
  "Jpsi->K2(2250)p.km_g_ls_0i": 0.0,
  "Jpsi->K2(2250)p.km_g_ls_1r": 0.09447502691222631,
  "Jpsi->K2(2250)p.km_g_ls_1i": 0.3097773337249863,
  "K2(2250)p->phi.kp_g_ls_0r": 1.0,
  "K2(2250)p->phi.kp_g_ls_0i": 0.0,
  "K2(2250)p->phi.kp_g_ls_1r": 0.9225207678525424,
  "K2(2250)p->phi.kp_g_ls_1i": 1.496378110242902,
  "Jpsi->K3(2320)p.kmK3(2320)p->phi.kp_total_0r": 0.7012412731984137,
  "Jpsi->K3(2320)p.kmK3(2320)p->phi.kp_total_0i": 1.2624069183442534,
  "Jpsi->K3(2320)p.km_g_ls_0r": 1.0,
  "Jpsi->K3(2320)p.km_g_ls_0i": 0.0,
  "Jpsi->K3(2320)p.km_g_ls_1r": 1.6482259056031192,
  "Jpsi->K3(2320)p.km_g_ls_1i": -2.8411079684446925,
  "K3(2320)p->phi.kp_g_ls_0r": 1.0,
  "K3(2320)p->phi.kp_g_ls_0i": 0.0,
  "K3(2320)p->phi.kp_g_ls_1r": 0.5650496421826863,
  "K3(2320)p->phi.kp_g_ls_1i": -0.3132341698641907,
  "Jpsi->K1(1400)m.kpK1(1400)m->phi.km_total_0r": 1.0,
  "Jpsi->K1(1400)m.kpK1(1400)m->phi.km_total_0i": 0.0,
  "Jpsi->K1(1400)m.kp_g_ls_0r": 1.0,
  "Jpsi->K1(1400)m.kp_g_ls_0i": 0.0,
  "Jpsi->K1(1400)m.kp_g_ls_1r": 1.4309371242206876,
  "Jpsi->K1(1400)m.kp_g_ls_1i": -2.289053052931548,
  "K1(1400)m->phi.km_g_ls_0r": 1.0,
  "K1(1400)m->phi.km_g_ls_0i": 0.0,
  "K1(1400)m->phi.km_g_ls_1r": 0.04469402573999304,
  "K1(1400)m->phi.km_g_ls_1i": -2.2216334565793563,
  "Jpsi->K2(1820)m.kpK2(1820)m->phi.km_total_0r": 1.7164718186236976,
  "Jpsi->K2(1820)m.kpK2(1820)m->phi.km_total_0i": 0.7300797026952406,
  "Jpsi->K2(1820)m.kp_g_ls_0r": 1.0,
  "Jpsi->K2(1820)m.kp_g_ls_0i": 0.0,
  "Jpsi->K2(1820)m.kp_g_ls_1r": 0.9955429477859603,
  "Jpsi->K2(1820)m.kp_g_ls_1i": 1.374600323214068,
  "K2(1820)m->phi.km_g_ls_0r": 1.0,
  "K2(1820)m->phi.km_g_ls_0i": 0.0,
  "K2(1820)m->phi.km_g_ls_1r": 1.5021194402897904,
  "K2(1820)m->phi.km_g_ls_1i": -1.4268507024633754,
  "Jpsi->K2(1980)m.kpK2(1980)m->phi.km_total_0r": 0.5443717348359871,
  "Jpsi->K2(1980)m.kpK2(1980)m->phi.km_total_0i": -0.9320588876600171,
  "Jpsi->K2(1980)m.kp_g_ls_0r": 1.0,
  "Jpsi->K2(1980)m.kp_g_ls_0i": 0.0,
  "K2(1980)m->phi.km_g_ls_0r": 1.0,
  "K2(1980)m->phi.km_g_ls_0i": 0.0,
  "Jpsi->K2(2250)p.kpK2(2250)p->phi.km_total_0r": 0.8927003532632352,
  "Jpsi->K2(2250)p.kpK2(2250)p->phi.km_total_0i": -1.4096079248188862,
  "Jpsi->K2(2250)p.kp_g_ls_0r": 1.0,
  "Jpsi->K2(2250)p.kp_g_ls_0i": 0.0,
  "Jpsi->K2(2250)p.kp_g_ls_1r": 1.806399680979534,
  "Jpsi->K2(2250)p.kp_g_ls_1i": 2.2435033839590073,
  "K2(2250)p->phi.km_g_ls_0r": 1.0,
  "K2(2250)p->phi.km_g_ls_0i": 0.0,
  "K2(2250)p->phi.km_g_ls_1r": 0.8003232165646708,
  "K2(2250)p->phi.km_g_ls_1i": 1.6568319646342937,
  "Jpsi->K3(2320)m.kpK3(2320)m->phi.km_total_0r": 0.7012412731984137,
  "Jpsi->K3(2320)m.kpK3(2320)m->phi.km_total_0i": 1.2624069183442534,
  "Jpsi->K3(2320)m.kp_g_ls_0r": 1.0,
  "Jpsi->K3(2320)m.kp_g_ls_0i": 0.0,
  "Jpsi->K3(2320)m.kp_g_ls_1r": 1.6482259056031192,
  "Jpsi->K3(2320)m.kp_g_ls_1i": -2.8411079684446925,
  "K3(2320)m->phi.km_g_ls_0r": 1.0,
  "K3(2320)m->phi.km_g_ls_0i": 0.0,
  "K3(2320)m->phi.km_g_ls_1r": 0.5650496421826863,
  "K3(2320)m->phi.km_g_ls_1i": -0.3132341698641907,
  "Jpsi->phi.f0(980)_flattef0(980)_flatte->kp.km_total_0r": 0.29046776676408514,
  "Jpsi->phi.f0(980)_flattef0(980)_flatte->kp.km_total_0i": -2.7528701012177064,
  "Jpsi->phi.f0(980)_flatte_g_ls_0r": 1.0,
  "Jpsi->phi.f0(980)_flatte_g_ls_0i": 0.0,
  "Jpsi->phi.f0(980)_flatte_g_ls_1r": 0.5988024806822376,
  "Jpsi->phi.f0(980)_flatte_g_ls_1i": -0.4736947364320869,
  "f0(980)_flatte->kp.km_g_ls_0r": 1.0,
  "f0(980)_flatte->kp.km_g_ls_0i": 0.0,
  "Jpsi->phi.f2(1270)f2(1270)->kp.km_total_0r": 1.1350941587006913,
  "Jpsi->phi.f2(1270)f2(1270)->kp.km_total_0i": 1.3329397685227766,
  "Jpsi->phi.f2(1270)_g_ls_0r": 1.0,
  "Jpsi->phi.f2(1270)_g_ls_0i": 0.0,
  "Jpsi->phi.f2(1270)_g_ls_1r": 1.719846133574472,
  "Jpsi->phi.f2(1270)_g_ls_1i": -1.6342440004008336,
  "Jpsi->phi.f2(1270)_g_ls_2r": 0.8098418591507461,
  "Jpsi->phi.f2(1270)_g_ls_2i": 0.7858101746460919,
  "Jpsi->phi.f2(1270)_g_ls_3r": 0.49123529012306033,
  "Jpsi->phi.f2(1270)_g_ls_3i": 1.8666755930076642,
  "Jpsi->phi.f2(1270)_g_ls_4r": 0.49176958871335064,
  "Jpsi->phi.f2(1270)_g_ls_4i": -1.475812615185766,
  "f2(1270)->kp.km_g_ls_0r": 1.0,
  "f2(1270)->kp.km_g_ls_0i": 0.0,
  "Jpsi->phi.f0(1500)f0(1500)->kp.km_total_0r": 0.8849854667160746,
  "Jpsi->phi.f0(1500)f0(1500)->kp.km_total_0i": 1.439800501136614,
  "Jpsi->phi.f0(1500)_g_ls_0r": 1.0,
  "Jpsi->phi.f0(1500)_g_ls_0i": 0.0,
  "Jpsi->phi.f0(1500)_g_ls_1r": 0.8445027900103148,
  "Jpsi->phi.f0(1500)_g_ls_1i": -2.0863524514062735,
  "f0(1500)->kp.km_g_ls_0r": 1.0,
  "f0(1500)->kp.km_g_ls_0i": 0.0,
  "Jpsi->phi.f2(1525)f2(1525)->kp.km_total_0r": 1.7883152779117752,
  "Jpsi->phi.f2(1525)f2(1525)->kp.km_total_0i": -2.181242509132437,
  "Jpsi->phi.f2(1525)_g_ls_0r": 1.0,
  "Jpsi->phi.f2(1525)_g_ls_0i": 0.0,
  "Jpsi->phi.f2(1525)_g_ls_1r": 0.2382003381461315,
  "Jpsi->phi.f2(1525)_g_ls_1i": -0.5953296735730405,
  "Jpsi->phi.f2(1525)_g_ls_2r": 1.352765051768292,
  "Jpsi->phi.f2(1525)_g_ls_2i": 2.1738628593697342,
  "Jpsi->phi.f2(1525)_g_ls_3r": 0.6836506311617891,
  "Jpsi->phi.f2(1525)_g_ls_3i": 2.9343093648559613,
  "Jpsi->phi.f2(1525)_g_ls_4r": 1.6574981559767217,
  "Jpsi->phi.f2(1525)_g_ls_4i": -0.30773742576972385,
  "f2(1525)->kp.km_g_ls_0r": 1.0,
  "f2(1525)->kp.km_g_ls_0i": 0.0,
  "Jpsi->phi.f2(1565)f2(1565)->kp.km_total_0r": 1.0644482181253552,
  "Jpsi->phi.f2(1565)f2(1565)->kp.km_total_0i": -3.0441199760956406,
  "Jpsi->phi.f2(1565)_g_ls_0r": 1.0,
  "Jpsi->phi.f2(1565)_g_ls_0i": 0.0,
  "Jpsi->phi.f2(1565)_g_ls_1r": 1.1108980414340568,
  "Jpsi->phi.f2(1565)_g_ls_1i": 2.6372193295795068,
  "Jpsi->phi.f2(1565)_g_ls_2r": 0.1014747089104251,
  "Jpsi->phi.f2(1565)_g_ls_2i": -1.9077394747344858,
  "Jpsi->phi.f2(1565)_g_ls_3r": 0.13565479467307506,
  "Jpsi->phi.f2(1565)_g_ls_3i": -2.0230228739399063,
  "Jpsi->phi.f2(1565)_g_ls_4r": 0.6924024867715879,
  "Jpsi->phi.f2(1565)_g_ls_4i": -1.2398324419330227,
  "f2(1565)->kp.km_g_ls_0r": 1.0,
  "f2(1565)->kp.km_g_ls_0i": 0.0,
  "Jpsi->phi.f0(1710)f0(1710)->kp.km_total_0r": 0.3546819604243998,
  "Jpsi->phi.f0(1710)f0(1710)->kp.km_total_0i": -2.410511856033244,
  "Jpsi->phi.f0(1710)_g_ls_0r": 1.0,
  "Jpsi->phi.f0(1710)_g_ls_0i": 0.0,
  "Jpsi->phi.f0(1710)_g_ls_1r": 1.6440062505596895,
  "Jpsi->phi.f0(1710)_g_ls_1i": 2.786073057347031,
  "f0(1710)->kp.km_g_ls_0r": 1.0,
  "f0(1710)->kp.km_g_ls_0i": 0.0,
  "Jpsi->phi.f2(1810)f2(1810)->kp.km_total_0r": 1.6029053627779595,
  "Jpsi->phi.f2(1810)f2(1810)->kp.km_total_0i": -1.1725955278230877,
  "Jpsi->phi.f2(1810)_g_ls_0r": 1.0,
  "Jpsi->phi.f2(1810)_g_ls_0i": 0.0,
  "Jpsi->phi.f2(1810)_g_ls_1r": 0.8642308536283161,
  "Jpsi->phi.f2(1810)_g_ls_1i": 2.7030041180354436,
  "Jpsi->phi.f2(1810)_g_ls_2r": 0.28555348707756556,
  "Jpsi->phi.f2(1810)_g_ls_2i": 1.377561763912718,
  "Jpsi->phi.f2(1810)_g_ls_3r": 1.5260522574146558,
  "Jpsi->phi.f2(1810)_g_ls_3i": 2.2538172011717332,
  "Jpsi->phi.f2(1810)_g_ls_4r": 0.5396659680552776,
  "Jpsi->phi.f2(1810)_g_ls_4i": -1.014637746564746,
  "f2(1810)->kp.km_g_ls_0r": 1.0,
  "f2(1810)->kp.km_g_ls_0i": 0.0
}
nll_grad  cost time: 2.7781574726104736
nll_grad  cost time: 2.6901981830596924
tf.Tensor(-1892.7454450514851, shape=(), dtype=float64)
nll_grad  cost time: 2.7483444213867188
nll_grad  cost time: 2.714672088623047
tf.Tensor(-5449.485823713556, shape=(), dtype=float64)
nll_grad  cost time: 2.8568027019500732
nll_grad  cost time: 2.769826650619507
tf.Tensor(-6774.832294567837, shape=(), dtype=float64)
nll_grad  cost time: 2.611140251159668
nll_grad  cost time: 2.801278591156006
tf.Tensor(-7385.73516582603, shape=(), dtype=float64)
nll_grad  cost time: 2.8469409942626953
tf.Tensor(-7725.774943685501, shape=(), dtype=float64)
nll_grad  cost time: 2.8086931705474854
tf.Tensor(-8036.292730327332, shape=(), dtype=float64)
nll_grad  cost time: 2.830050230026245
tf.Tensor(-8398.366037621461, shape=(), dtype=float64)
nll_grad  cost time: 2.846378803253174
nll_grad  cost time: 2.8058922290802
tf.Tensor(-8479.342731961551, shape=(), dtype=float64)
nll_grad  cost time: 2.7259435653686523
tf.Tensor(-8603.971024532679, shape=(), dtype=float64)
nll_grad  cost time: 2.7177839279174805
tf.Tensor(-8751.713760029175, shape=(), dtype=float64)
nll_grad  cost time: 2.72121000289917
tf.Tensor(-8856.08447173753, shape=(), dtype=float64)
nll_grad  cost time: 2.833495616912842
tf.Tensor(-8973.518155604455, shape=(), dtype=float64)
nll_grad  cost time: 2.815288543701172
tf.Tensor(-9010.32993879856, shape=(), dtype=float64)
nll_grad  cost time: 2.844715118408203
tf.Tensor(-9074.749425849528, shape=(), dtype=float64)
nll_grad  cost time: 2.8038065433502197
tf.Tensor(-9182.89221934959, shape=(), dtype=float64)
nll_grad  cost time: 2.8568923473358154
tf.Tensor(-9299.792412544091, shape=(), dtype=float64)
nll_grad  cost time: 2.919923782348633
nll_grad  cost time: 2.791598081588745
tf.Tensor(-9338.760547312719, shape=(), dtype=float64)
nll_grad  cost time: 2.7707271575927734
tf.Tensor(-9350.737969420654, shape=(), dtype=float64)
nll_grad  cost time: 2.7397572994232178
tf.Tensor(-9372.587860992011, shape=(), dtype=float64)
nll_grad  cost time: 2.811598300933838
tf.Tensor(-9412.980381106456, shape=(), dtype=float64)
nll_grad  cost time: 2.8257691860198975
tf.Tensor(-9491.048250041233, shape=(), dtype=float64)
nll_grad  cost time: 2.677769422531128
tf.Tensor(-9558.450075149944, shape=(), dtype=float64)
nll_grad  cost time: 2.5970799922943115
nll_grad  cost time: 2.6805624961853027
tf.Tensor(-9580.558797420985, shape=(), dtype=float64)
nll_grad  cost time: 2.703460931777954
tf.Tensor(-9600.35417431828, shape=(), dtype=float64)
nll_grad  cost time: 2.7307326793670654
tf.Tensor(-9630.91503466852, shape=(), dtype=float64)
nll_grad  cost time: 2.8683555126190186
tf.Tensor(-9679.95497176388, shape=(), dtype=float64)
nll_grad  cost time: 2.801614284515381
tf.Tensor(-9729.574979674173, shape=(), dtype=float64)
nll_grad  cost time: 2.817413806915283
nll_grad  cost time: 2.826472043991089
tf.Tensor(-9748.068028656024, shape=(), dtype=float64)
nll_grad  cost time: 2.8659019470214844
tf.Tensor(-9769.49431461827, shape=(), dtype=float64)
nll_grad  cost time: 2.746925115585327
tf.Tensor(-9790.965592275228, shape=(), dtype=float64)
nll_grad  cost time: 2.837280511856079
tf.Tensor(-9818.915634763405, shape=(), dtype=float64)
nll_grad  cost time: 2.7704837322235107
tf.Tensor(-9834.880940224139, shape=(), dtype=float64)
nll_grad  cost time: 2.7560958862304688
tf.Tensor(-9838.262933347825, shape=(), dtype=float64)
nll_grad  cost time: 2.7706634998321533
tf.Tensor(-9844.70907077282, shape=(), dtype=float64)
nll_grad  cost time: 2.7141811847686768
tf.Tensor(-9856.38329934299, shape=(), dtype=float64)
nll_grad  cost time: 2.958930015563965
tf.Tensor(-9876.606554153172, shape=(), dtype=float64)
nll_grad  cost time: 2.7666189670562744
tf.Tensor(-9910.950180327825, shape=(), dtype=float64)
nll_grad  cost time: 2.7606914043426514
tf.Tensor(-9966.014025816155, shape=(), dtype=float64)
nll_grad  cost time: 2.7650368213653564
tf.Tensor(-9991.369264949622, shape=(), dtype=float64)
nll_grad  cost time: 2.7220864295959473
tf.Tensor(-10020.327960269518, shape=(), dtype=float64)
nll_grad  cost time: 2.735217332839966
nll_grad  cost time: 2.7006876468658447
tf.Tensor(-10036.38775975143, shape=(), dtype=float64)
nll_grad  cost time: 2.8687403202056885
tf.Tensor(-10052.932613099321, shape=(), dtype=float64)
nll_grad  cost time: 2.9238741397857666
tf.Tensor(-10077.49806914755, shape=(), dtype=float64)
nll_grad  cost time: 2.7606749534606934
tf.Tensor(-10110.984350237777, shape=(), dtype=float64)
nll_grad  cost time: 2.8166606426239014
tf.Tensor(-10135.688051696387, shape=(), dtype=float64)
nll_grad  cost time: 2.691744565963745
tf.Tensor(-10149.054340846815, shape=(), dtype=float64)
nll_grad  cost time: 2.8663511276245117
tf.Tensor(-10166.309065047426, shape=(), dtype=float64)
nll_grad  cost time: 2.6755149364471436
tf.Tensor(-10184.821182016174, shape=(), dtype=float64)
nll_grad  cost time: 2.7465784549713135
tf.Tensor(-10209.352892125884, shape=(), dtype=float64)
nll_grad  cost time: 2.7927212715148926
tf.Tensor(-10236.812058008458, shape=(), dtype=float64)
nll_grad  cost time: 2.841731071472168
tf.Tensor(-10243.258309917597, shape=(), dtype=float64)
nll_grad  cost time: 2.8098855018615723
tf.Tensor(-10254.38778864238, shape=(), dtype=float64)
nll_grad  cost time: 2.7660958766937256
tf.Tensor(-10268.635276052424, shape=(), dtype=float64)
nll_grad  cost time: 2.9210801124572754
tf.Tensor(-10287.35573801629, shape=(), dtype=float64)
nll_grad  cost time: 2.7284317016601562
tf.Tensor(-10309.314745598385, shape=(), dtype=float64)
nll_grad  cost time: 2.859541177749634
tf.Tensor(-10328.369715471541, shape=(), dtype=float64)
nll_grad  cost time: 2.7308664321899414
tf.Tensor(-10348.511996238645, shape=(), dtype=float64)
nll_grad  cost time: 2.7141306400299072
nll_grad  cost time: 2.6204311847686768
tf.Tensor(-10358.869051778696, shape=(), dtype=float64)
nll_grad  cost time: 2.740666627883911
tf.Tensor(-10372.683409262878, shape=(), dtype=float64)
nll_grad  cost time: 2.8406484127044678
tf.Tensor(-10376.833894372649, shape=(), dtype=float64)
nll_grad  cost time: 3.0761771202087402
tf.Tensor(-10383.783357691093, shape=(), dtype=float64)
nll_grad  cost time: 2.860220432281494
tf.Tensor(-10391.57938294288, shape=(), dtype=float64)
nll_grad  cost time: 2.7070069313049316
tf.Tensor(-10398.248177318244, shape=(), dtype=float64)
nll_grad  cost time: 2.7841525077819824
tf.Tensor(-10406.82017551252, shape=(), dtype=float64)
nll_grad  cost time: 2.704371929168701
tf.Tensor(-10418.013717209818, shape=(), dtype=float64)
nll_grad  cost time: 2.813032627105713
tf.Tensor(-10434.873818825217, shape=(), dtype=float64)
nll_grad  cost time: 2.682572364807129
nll_grad  cost time: 2.706388473510742
tf.Tensor(-10443.675176679986, shape=(), dtype=float64)
nll_grad  cost time: 2.727975606918335
tf.Tensor(-10451.871626509324, shape=(), dtype=float64)
nll_grad  cost time: 2.977262020111084
tf.Tensor(-10456.808801254796, shape=(), dtype=float64)
nll_grad  cost time: 2.9500863552093506
tf.Tensor(-10463.710535891485, shape=(), dtype=float64)
nll_grad  cost time: 2.672959327697754
tf.Tensor(-10472.478431824878, shape=(), dtype=float64)
nll_grad  cost time: 2.613344430923462
tf.Tensor(-10478.947360618615, shape=(), dtype=float64)
nll_grad  cost time: 2.838898181915283
tf.Tensor(-10482.90085156956, shape=(), dtype=float64)
nll_grad  cost time: 2.817809820175171
tf.Tensor(-10487.783293655404, shape=(), dtype=float64)
nll_grad  cost time: 2.854196548461914
tf.Tensor(-10494.230335982887, shape=(), dtype=float64)
nll_grad  cost time: 2.8899314403533936
tf.Tensor(-10501.848940092328, shape=(), dtype=float64)
nll_grad  cost time: 2.7405242919921875
tf.Tensor(-10508.08967124125, shape=(), dtype=float64)
nll_grad  cost time: 2.800212860107422
tf.Tensor(-10511.027920797613, shape=(), dtype=float64)
nll_grad  cost time: 2.6185505390167236
tf.Tensor(-10515.320612178373, shape=(), dtype=float64)
nll_grad  cost time: 2.733534336090088
tf.Tensor(-10521.734676142412, shape=(), dtype=float64)
nll_grad  cost time: 2.928036689758301
tf.Tensor(-10526.907811802805, shape=(), dtype=float64)
nll_grad  cost time: 2.729106903076172
tf.Tensor(-10533.47840126577, shape=(), dtype=float64)
nll_grad  cost time: 2.7400033473968506
tf.Tensor(-10539.191687610015, shape=(), dtype=float64)
nll_grad  cost time: 2.8351640701293945
tf.Tensor(-10547.416386466597, shape=(), dtype=float64)
nll_grad  cost time: 2.645829677581787
tf.Tensor(-10556.042628382966, shape=(), dtype=float64)
nll_grad  cost time: 2.755019187927246
tf.Tensor(-10561.193062866776, shape=(), dtype=float64)
nll_grad  cost time: 2.933887243270874
tf.Tensor(-10563.45817013253, shape=(), dtype=float64)
nll_grad  cost time: 2.754969358444214
tf.Tensor(-10566.966908824324, shape=(), dtype=float64)
nll_grad  cost time: 2.845473289489746
tf.Tensor(-10570.314118220493, shape=(), dtype=float64)
nll_grad  cost time: 2.7878966331481934
tf.Tensor(-10574.596010562556, shape=(), dtype=float64)
nll_grad  cost time: 2.7146430015563965
tf.Tensor(-10579.097528954917, shape=(), dtype=float64)
nll_grad  cost time: 2.7921228408813477
tf.Tensor(-10584.769836010477, shape=(), dtype=float64)
nll_grad  cost time: 2.7279067039489746
tf.Tensor(-10590.809848094803, shape=(), dtype=float64)
nll_grad  cost time: 2.859747886657715
tf.Tensor(-10597.608823151626, shape=(), dtype=float64)
nll_grad  cost time: 2.803457260131836
tf.Tensor(-10600.57619000024, shape=(), dtype=float64)
nll_grad  cost time: 2.706242322921753
tf.Tensor(-10604.048461621176, shape=(), dtype=float64)
nll_grad  cost time: 2.7698171138763428
tf.Tensor(-10607.824562107002, shape=(), dtype=float64)
nll_grad  cost time: 2.793929100036621
tf.Tensor(-10612.917725270127, shape=(), dtype=float64)
nll_grad  cost time: 2.7604098320007324
tf.Tensor(-10618.3031876132, shape=(), dtype=float64)
nll_grad  cost time: 2.752073287963867
tf.Tensor(-10620.317930935082, shape=(), dtype=float64)
nll_grad  cost time: 2.733264446258545
tf.Tensor(-10623.362734770708, shape=(), dtype=float64)
nll_grad  cost time: 2.8167762756347656
tf.Tensor(-10626.02779787637, shape=(), dtype=float64)
nll_grad  cost time: 2.809227228164673
tf.Tensor(-10629.259503701593, shape=(), dtype=float64)
nll_grad  cost time: 2.834442138671875
tf.Tensor(-10630.82416598843, shape=(), dtype=float64)
nll_grad  cost time: 2.818506956100464
tf.Tensor(-10633.26761220867, shape=(), dtype=float64)
nll_grad  cost time: 2.9065210819244385
tf.Tensor(-10636.964708868101, shape=(), dtype=float64)
nll_grad  cost time: 2.890887975692749
tf.Tensor(-10641.47701505982, shape=(), dtype=float64)
nll_grad  cost time: 2.9295740127563477
tf.Tensor(-10643.35464385226, shape=(), dtype=float64)
nll_grad  cost time: 2.9460151195526123
tf.Tensor(-10646.378455960788, shape=(), dtype=float64)
nll_grad  cost time: 2.952751398086548
tf.Tensor(-10650.105638231093, shape=(), dtype=float64)
nll_grad  cost time: 2.8663275241851807
tf.Tensor(-10654.25021534942, shape=(), dtype=float64)
nll_grad  cost time: 2.7553305625915527
tf.Tensor(-10658.64674856377, shape=(), dtype=float64)
nll_grad  cost time: 2.759805679321289
tf.Tensor(-10662.437541011612, shape=(), dtype=float64)
nll_grad  cost time: 2.7456886768341064
tf.Tensor(-10665.949247512683, shape=(), dtype=float64)
nll_grad  cost time: 2.8172755241394043
tf.Tensor(-10668.906104703005, shape=(), dtype=float64)
nll_grad  cost time: 2.859428882598877
tf.Tensor(-10671.219200973319, shape=(), dtype=float64)
nll_grad  cost time: 2.7489285469055176
tf.Tensor(-10673.817101586108, shape=(), dtype=float64)
nll_grad  cost time: 2.8339450359344482
tf.Tensor(-10677.81571736234, shape=(), dtype=float64)
nll_grad  cost time: 2.7469115257263184
tf.Tensor(-10682.276523006563, shape=(), dtype=float64)
nll_grad  cost time: 2.7798264026641846
tf.Tensor(-10686.337140981981, shape=(), dtype=float64)
nll_grad  cost time: 2.9048750400543213
tf.Tensor(-10691.282502398004, shape=(), dtype=float64)
nll_grad  cost time: 2.9182088375091553
tf.Tensor(-10692.511110925654, shape=(), dtype=float64)
nll_grad  cost time: 2.82883882522583
tf.Tensor(-10694.553206058612, shape=(), dtype=float64)
nll_grad  cost time: 2.978950023651123
tf.Tensor(-10697.479447286023, shape=(), dtype=float64)
nll_grad  cost time: 2.8277716636657715
tf.Tensor(-10699.66861283141, shape=(), dtype=float64)
nll_grad  cost time: 2.7886765003204346
tf.Tensor(-10702.701329017524, shape=(), dtype=float64)
nll_grad  cost time: 2.8238279819488525
tf.Tensor(-10705.248274927559, shape=(), dtype=float64)
nll_grad  cost time: 2.6715757846832275
tf.Tensor(-10706.725156032517, shape=(), dtype=float64)
nll_grad  cost time: 2.792360782623291
tf.Tensor(-10708.882378712791, shape=(), dtype=float64)
nll_grad  cost time: 2.7657673358917236
tf.Tensor(-10711.35980163789, shape=(), dtype=float64)
nll_grad  cost time: 2.7588164806365967
tf.Tensor(-10714.125719449388, shape=(), dtype=float64)
nll_grad  cost time: 2.8826851844787598
tf.Tensor(-10717.109743571775, shape=(), dtype=float64)
nll_grad  cost time: 2.784464120864868
tf.Tensor(-10719.818606670087, shape=(), dtype=float64)
nll_grad  cost time: 3.0800211429595947
tf.Tensor(-10722.341580537286, shape=(), dtype=float64)
nll_grad  cost time: 2.7138867378234863
tf.Tensor(-10726.052444862988, shape=(), dtype=float64)
nll_grad  cost time: 2.8639583587646484
tf.Tensor(-10731.515627445653, shape=(), dtype=float64)
nll_grad  cost time: 2.96012020111084
tf.Tensor(-10736.698946046592, shape=(), dtype=float64)
nll_grad  cost time: 2.835054397583008
nll_grad  cost time: 2.6844944953918457
tf.Tensor(-10739.606390008732, shape=(), dtype=float64)
nll_grad  cost time: 2.786713123321533
tf.Tensor(-10743.130388542508, shape=(), dtype=float64)
nll_grad  cost time: 2.6655452251434326
tf.Tensor(-10745.563098136998, shape=(), dtype=float64)
nll_grad  cost time: 2.7571299076080322
tf.Tensor(-10747.64682636705, shape=(), dtype=float64)
nll_grad  cost time: 2.8261258602142334
tf.Tensor(-10750.44729090967, shape=(), dtype=float64)
nll_grad  cost time: 2.8146347999572754
tf.Tensor(-10754.136555133471, shape=(), dtype=float64)
nll_grad  cost time: 2.7684292793273926
tf.Tensor(-10756.221622331323, shape=(), dtype=float64)
nll_grad  cost time: 2.7157580852508545
tf.Tensor(-10758.663603985417, shape=(), dtype=float64)
nll_grad  cost time: 2.7585713863372803
tf.Tensor(-10760.141696162558, shape=(), dtype=float64)
nll_grad  cost time: 2.8961386680603027
tf.Tensor(-10760.76949192194, shape=(), dtype=float64)
nll_grad  cost time: 2.759120464324951
tf.Tensor(-10761.769098006516, shape=(), dtype=float64)
nll_grad  cost time: 2.706055164337158
tf.Tensor(-10763.224404268214, shape=(), dtype=float64)
nll_grad  cost time: 2.7987864017486572
tf.Tensor(-10764.767496169206, shape=(), dtype=float64)
nll_grad  cost time: 2.858440399169922
tf.Tensor(-10765.246459495633, shape=(), dtype=float64)
nll_grad  cost time: 2.9170472621917725
tf.Tensor(-10766.029167013698, shape=(), dtype=float64)
nll_grad  cost time: 2.845521926879883
tf.Tensor(-10767.174942846566, shape=(), dtype=float64)
nll_grad  cost time: 2.722891092300415
tf.Tensor(-10767.965829251021, shape=(), dtype=float64)
nll_grad  cost time: 2.8561246395111084
tf.Tensor(-10769.001449743464, shape=(), dtype=float64)
nll_grad  cost time: 2.7062196731567383
tf.Tensor(-10770.000701365781, shape=(), dtype=float64)
nll_grad  cost time: 2.780306816101074
tf.Tensor(-10770.81095330205, shape=(), dtype=float64)
nll_grad  cost time: 2.79776930809021
tf.Tensor(-10771.981189249276, shape=(), dtype=float64)
nll_grad  cost time: 2.8092567920684814
tf.Tensor(-10773.423380003238, shape=(), dtype=float64)
nll_grad  cost time: 2.914072275161743
tf.Tensor(-10775.045043229602, shape=(), dtype=float64)
nll_grad  cost time: 2.697324514389038
tf.Tensor(-10776.611715004452, shape=(), dtype=float64)
nll_grad  cost time: 2.837062358856201
nll_grad  cost time: 2.774245023727417
tf.Tensor(-10777.445628676393, shape=(), dtype=float64)
nll_grad  cost time: 2.6714978218078613
tf.Tensor(-10778.328009265086, shape=(), dtype=float64)
nll_grad  cost time: 2.7515153884887695
tf.Tensor(-10779.313821455522, shape=(), dtype=float64)
nll_grad  cost time: 2.838296413421631
tf.Tensor(-10780.342296165683, shape=(), dtype=float64)
nll_grad  cost time: 2.640644073486328
tf.Tensor(-10781.494813284833, shape=(), dtype=float64)
nll_grad  cost time: 2.755635976791382
tf.Tensor(-10782.18033856338, shape=(), dtype=float64)
nll_grad  cost time: 2.9502665996551514
tf.Tensor(-10783.212042940766, shape=(), dtype=float64)
nll_grad  cost time: 2.6665232181549072
tf.Tensor(-10784.371418922867, shape=(), dtype=float64)
nll_grad  cost time: 2.769310235977173
tf.Tensor(-10784.98681433891, shape=(), dtype=float64)
nll_grad  cost time: 2.787529706954956
tf.Tensor(-10785.724507723484, shape=(), dtype=float64)
nll_grad  cost time: 2.8018124103546143
tf.Tensor(-10786.53327177729, shape=(), dtype=float64)
nll_grad  cost time: 2.9459095001220703
tf.Tensor(-10787.031441138137, shape=(), dtype=float64)
nll_grad  cost time: 2.7336337566375732
tf.Tensor(-10787.762642728449, shape=(), dtype=float64)
nll_grad  cost time: 2.7852187156677246
tf.Tensor(-10788.668066749859, shape=(), dtype=float64)
nll_grad  cost time: 2.7964842319488525
tf.Tensor(-10789.768277169675, shape=(), dtype=float64)
nll_grad  cost time: 2.8271803855895996
tf.Tensor(-10790.202627916544, shape=(), dtype=float64)
nll_grad  cost time: 2.8576500415802
tf.Tensor(-10790.921838298698, shape=(), dtype=float64)
nll_grad  cost time: 2.74180006980896
tf.Tensor(-10791.942170145816, shape=(), dtype=float64)
nll_grad  cost time: 2.744438886642456
tf.Tensor(-10792.81970875277, shape=(), dtype=float64)
nll_grad  cost time: 2.742743492126465
tf.Tensor(-10793.234254199488, shape=(), dtype=float64)
nll_grad  cost time: 2.699237823486328
tf.Tensor(-10793.749037370904, shape=(), dtype=float64)
nll_grad  cost time: 2.605670928955078
tf.Tensor(-10794.265266406233, shape=(), dtype=float64)
nll_grad  cost time: 2.771585464477539
tf.Tensor(-10794.898280427347, shape=(), dtype=float64)
nll_grad  cost time: 2.815178394317627
tf.Tensor(-10795.631693610132, shape=(), dtype=float64)
nll_grad  cost time: 2.6421194076538086
tf.Tensor(-10796.05114187815, shape=(), dtype=float64)
nll_grad  cost time: 2.7801320552825928
tf.Tensor(-10796.571614853543, shape=(), dtype=float64)
nll_grad  cost time: 2.746182441711426
tf.Tensor(-10796.937687283276, shape=(), dtype=float64)
nll_grad  cost time: 2.9299492835998535
tf.Tensor(-10797.378648160833, shape=(), dtype=float64)
nll_grad  cost time: 2.57955002784729
tf.Tensor(-10797.938136331355, shape=(), dtype=float64)
nll_grad  cost time: 2.643101930618286
tf.Tensor(-10798.700740538814, shape=(), dtype=float64)
nll_grad  cost time: 2.9530303478240967
tf.Tensor(-10799.457937345087, shape=(), dtype=float64)
nll_grad  cost time: 2.9496936798095703
tf.Tensor(-10800.089434606496, shape=(), dtype=float64)
nll_grad  cost time: 2.821423292160034
tf.Tensor(-10800.883834646476, shape=(), dtype=float64)
nll_grad  cost time: 2.828376531600952
tf.Tensor(-10801.609408169963, shape=(), dtype=float64)
nll_grad  cost time: 2.77823543548584
tf.Tensor(-10802.3613332594, shape=(), dtype=float64)
nll_grad  cost time: 2.7543466091156006
tf.Tensor(-10803.26627850686, shape=(), dtype=float64)
nll_grad  cost time: 3.0637478828430176
tf.Tensor(-10804.124646650089, shape=(), dtype=float64)
nll_grad  cost time: 2.830674648284912
tf.Tensor(-10805.134977372269, shape=(), dtype=float64)
nll_grad  cost time: 2.9319140911102295
tf.Tensor(-10806.121721671887, shape=(), dtype=float64)
nll_grad  cost time: 2.8614501953125
tf.Tensor(-10807.034777928959, shape=(), dtype=float64)
nll_grad  cost time: 3.0158731937408447
tf.Tensor(-10807.930659028243, shape=(), dtype=float64)
nll_grad  cost time: 2.8737001419067383
tf.Tensor(-10808.930213658437, shape=(), dtype=float64)
nll_grad  cost time: 2.744462013244629
tf.Tensor(-10809.920547883943, shape=(), dtype=float64)
nll_grad  cost time: 2.737090826034546
tf.Tensor(-10810.984874963062, shape=(), dtype=float64)
nll_grad  cost time: 2.8366360664367676
tf.Tensor(-10811.800499651697, shape=(), dtype=float64)
nll_grad  cost time: 2.819451093673706
tf.Tensor(-10812.680793650565, shape=(), dtype=float64)
nll_grad  cost time: 2.6657137870788574
tf.Tensor(-10813.783060927031, shape=(), dtype=float64)
nll_grad  cost time: 2.798886299133301
tf.Tensor(-10814.595353462297, shape=(), dtype=float64)
nll_grad  cost time: 2.737725019454956
tf.Tensor(-10815.598513273733, shape=(), dtype=float64)
nll_grad  cost time: 2.8560564517974854
tf.Tensor(-10816.29830911033, shape=(), dtype=float64)
nll_grad  cost time: 2.581875801086426
tf.Tensor(-10816.952150627403, shape=(), dtype=float64)
nll_grad  cost time: 2.6884994506835938
tf.Tensor(-10817.429350005077, shape=(), dtype=float64)
nll_grad  cost time: 2.5868542194366455
tf.Tensor(-10818.016920205031, shape=(), dtype=float64)
nll_grad  cost time: 2.8045544624328613
tf.Tensor(-10818.513420802425, shape=(), dtype=float64)
nll_grad  cost time: 2.811174154281616
tf.Tensor(-10819.079737790373, shape=(), dtype=float64)
nll_grad  cost time: 2.7689096927642822
tf.Tensor(-10819.708022677238, shape=(), dtype=float64)
nll_grad  cost time: 2.662123680114746
tf.Tensor(-10820.394364978085, shape=(), dtype=float64)
nll_grad  cost time: 2.761056423187256
tf.Tensor(-10820.69961347126, shape=(), dtype=float64)
nll_grad  cost time: 2.8199515342712402
tf.Tensor(-10821.186702279534, shape=(), dtype=float64)
nll_grad  cost time: 2.92535400390625
tf.Tensor(-10821.779080206848, shape=(), dtype=float64)
nll_grad  cost time: 2.893439531326294
tf.Tensor(-10822.156587208068, shape=(), dtype=float64)
nll_grad  cost time: 2.7809877395629883
tf.Tensor(-10822.632933034307, shape=(), dtype=float64)
nll_grad  cost time: 2.7965357303619385
tf.Tensor(-10823.167981969877, shape=(), dtype=float64)
nll_grad  cost time: 2.806903600692749
tf.Tensor(-10823.481078589939, shape=(), dtype=float64)
nll_grad  cost time: 2.790283679962158
tf.Tensor(-10823.89422795389, shape=(), dtype=float64)
nll_grad  cost time: 2.8657710552215576
tf.Tensor(-10824.285944690884, shape=(), dtype=float64)
nll_grad  cost time: 2.893714189529419
tf.Tensor(-10824.519527468437, shape=(), dtype=float64)
nll_grad  cost time: 2.7019805908203125
tf.Tensor(-10824.855459108534, shape=(), dtype=float64)
nll_grad  cost time: 2.766970634460449
tf.Tensor(-10825.213080037378, shape=(), dtype=float64)
nll_grad  cost time: 2.958350419998169
tf.Tensor(-10825.477090068802, shape=(), dtype=float64)
nll_grad  cost time: 2.928987979888916
tf.Tensor(-10825.843763066441, shape=(), dtype=float64)
nll_grad  cost time: 2.9170546531677246
tf.Tensor(-10826.217953070292, shape=(), dtype=float64)
nll_grad  cost time: 2.9240171909332275
tf.Tensor(-10826.323555342424, shape=(), dtype=float64)
nll_grad  cost time: 2.8485023975372314
tf.Tensor(-10826.506410980095, shape=(), dtype=float64)
nll_grad  cost time: 2.818671703338623
tf.Tensor(-10826.792318253982, shape=(), dtype=float64)
nll_grad  cost time: 2.850480079650879
tf.Tensor(-10827.102164288335, shape=(), dtype=float64)
nll_grad  cost time: 2.820530652999878
tf.Tensor(-10827.241722745377, shape=(), dtype=float64)
nll_grad  cost time: 2.758481502532959
tf.Tensor(-10827.437768243304, shape=(), dtype=float64)
nll_grad  cost time: 2.6971306800842285
tf.Tensor(-10827.717887122359, shape=(), dtype=float64)
nll_grad  cost time: 2.7778124809265137
tf.Tensor(-10827.944057044413, shape=(), dtype=float64)
nll_grad  cost time: 2.7293596267700195
tf.Tensor(-10828.146567434378, shape=(), dtype=float64)
nll_grad  cost time: 2.780642509460449
tf.Tensor(-10828.34444322814, shape=(), dtype=float64)
nll_grad  cost time: 2.7164011001586914
tf.Tensor(-10828.520570657369, shape=(), dtype=float64)
nll_grad  cost time: 2.607081651687622
tf.Tensor(-10828.639352178681, shape=(), dtype=float64)
nll_grad  cost time: 2.75992488861084
tf.Tensor(-10828.77615476164, shape=(), dtype=float64)
nll_grad  cost time: 2.787377119064331
tf.Tensor(-10828.95218148084, shape=(), dtype=float64)
nll_grad  cost time: 2.718845844268799
tf.Tensor(-10829.090750841482, shape=(), dtype=float64)
nll_grad  cost time: 2.78843355178833
tf.Tensor(-10829.252238424437, shape=(), dtype=float64)
nll_grad  cost time: 2.6810312271118164
tf.Tensor(-10829.4263305009, shape=(), dtype=float64)
nll_grad  cost time: 2.6253373622894287
tf.Tensor(-10829.574687496424, shape=(), dtype=float64)
nll_grad  cost time: 2.5900790691375732
tf.Tensor(-10829.763410769738, shape=(), dtype=float64)
nll_grad  cost time: 2.824836492538452
tf.Tensor(-10829.974053489888, shape=(), dtype=float64)
nll_grad  cost time: 2.7549149990081787
tf.Tensor(-10830.210390966335, shape=(), dtype=float64)
nll_grad  cost time: 2.736309766769409
tf.Tensor(-10830.35725911922, shape=(), dtype=float64)
nll_grad  cost time: 2.9109954833984375
tf.Tensor(-10830.582835456415, shape=(), dtype=float64)
nll_grad  cost time: 2.7868669033050537
tf.Tensor(-10830.887652423939, shape=(), dtype=float64)
nll_grad  cost time: 2.7894716262817383
tf.Tensor(-10831.12285008136, shape=(), dtype=float64)
nll_grad  cost time: 2.770514965057373
tf.Tensor(-10831.347211785185, shape=(), dtype=float64)
nll_grad  cost time: 2.838975429534912
tf.Tensor(-10831.596269529407, shape=(), dtype=float64)
nll_grad  cost time: 2.755445957183838
tf.Tensor(-10831.851572378924, shape=(), dtype=float64)
nll_grad  cost time: 2.8048408031463623
tf.Tensor(-10832.008362108056, shape=(), dtype=float64)
nll_grad  cost time: 2.8499372005462646
tf.Tensor(-10832.171562767086, shape=(), dtype=float64)
nll_grad  cost time: 2.918952465057373
tf.Tensor(-10832.255758833533, shape=(), dtype=float64)
nll_grad  cost time: 2.806790828704834
tf.Tensor(-10832.370366572955, shape=(), dtype=float64)
nll_grad  cost time: 2.7108638286590576
tf.Tensor(-10832.502603421672, shape=(), dtype=float64)
nll_grad  cost time: 2.7900047302246094
tf.Tensor(-10832.603300566916, shape=(), dtype=float64)
nll_grad  cost time: 2.748570203781128
tf.Tensor(-10832.721096043133, shape=(), dtype=float64)
nll_grad  cost time: 2.7627108097076416
tf.Tensor(-10832.84135557821, shape=(), dtype=float64)
nll_grad  cost time: 2.744523286819458
tf.Tensor(-10832.95525481888, shape=(), dtype=float64)
nll_grad  cost time: 2.9475326538085938
tf.Tensor(-10833.08391480083, shape=(), dtype=float64)
nll_grad  cost time: 2.763087034225464
tf.Tensor(-10833.202703776202, shape=(), dtype=float64)
nll_grad  cost time: 2.897214412689209
tf.Tensor(-10833.282253185098, shape=(), dtype=float64)
nll_grad  cost time: 2.922619104385376
tf.Tensor(-10833.33738917001, shape=(), dtype=float64)
nll_grad  cost time: 3.0827298164367676
tf.Tensor(-10833.412756204387, shape=(), dtype=float64)
nll_grad  cost time: 2.8633530139923096
tf.Tensor(-10833.506052679106, shape=(), dtype=float64)
nll_grad  cost time: 2.817683458328247
tf.Tensor(-10833.58992339568, shape=(), dtype=float64)
nll_grad  cost time: 2.6962854862213135
tf.Tensor(-10833.677820353143, shape=(), dtype=float64)
nll_grad  cost time: 2.7169601917266846
tf.Tensor(-10833.754987752785, shape=(), dtype=float64)
nll_grad  cost time: 2.7492380142211914
tf.Tensor(-10833.833998984614, shape=(), dtype=float64)
nll_grad  cost time: 2.799980401992798
tf.Tensor(-10833.899776545462, shape=(), dtype=float64)
nll_grad  cost time: 2.6927542686462402
tf.Tensor(-10833.959722405722, shape=(), dtype=float64)
nll_grad  cost time: 2.8982536792755127
tf.Tensor(-10834.033284214565, shape=(), dtype=float64)
nll_grad  cost time: 2.815769672393799
tf.Tensor(-10834.10949276566, shape=(), dtype=float64)
nll_grad  cost time: 2.8263778686523438
tf.Tensor(-10834.182257510023, shape=(), dtype=float64)
nll_grad  cost time: 2.5426650047302246
tf.Tensor(-10834.263836651247, shape=(), dtype=float64)
nll_grad  cost time: 2.5850942134857178
tf.Tensor(-10834.360297581952, shape=(), dtype=float64)
nll_grad  cost time: 2.9760398864746094
tf.Tensor(-10834.474129370115, shape=(), dtype=float64)
nll_grad  cost time: 2.7682836055755615
tf.Tensor(-10834.576140990335, shape=(), dtype=float64)
nll_grad  cost time: 2.697425127029419
tf.Tensor(-10834.694735989819, shape=(), dtype=float64)
nll_grad  cost time: 2.642512798309326
tf.Tensor(-10834.848870645481, shape=(), dtype=float64)
nll_grad  cost time: 2.674931049346924
tf.Tensor(-10834.969890527958, shape=(), dtype=float64)
nll_grad  cost time: 2.7801570892333984
tf.Tensor(-10835.036695906078, shape=(), dtype=float64)
nll_grad  cost time: 2.6811792850494385
tf.Tensor(-10835.102415380956, shape=(), dtype=float64)
nll_grad  cost time: 2.611582040786743
tf.Tensor(-10835.195989881664, shape=(), dtype=float64)
nll_grad  cost time: 2.676170825958252
tf.Tensor(-10835.301307760827, shape=(), dtype=float64)
nll_grad  cost time: 2.763171911239624
tf.Tensor(-10835.367554452125, shape=(), dtype=float64)
nll_grad  cost time: 2.664747714996338
tf.Tensor(-10835.416067569102, shape=(), dtype=float64)
nll_grad  cost time: 2.8244669437408447
tf.Tensor(-10835.456235119927, shape=(), dtype=float64)
nll_grad  cost time: 2.8016302585601807
tf.Tensor(-10835.499932089755, shape=(), dtype=float64)
nll_grad  cost time: 2.5930001735687256
tf.Tensor(-10835.548172524534, shape=(), dtype=float64)
nll_grad  cost time: 2.703291416168213
tf.Tensor(-10835.602760170928, shape=(), dtype=float64)
nll_grad  cost time: 2.8325114250183105
tf.Tensor(-10835.658077956963, shape=(), dtype=float64)
nll_grad  cost time: 2.7213125228881836
tf.Tensor(-10835.710733307133, shape=(), dtype=float64)
nll_grad  cost time: 2.803255319595337
tf.Tensor(-10835.748177279245, shape=(), dtype=float64)
nll_grad  cost time: 2.7570183277130127
tf.Tensor(-10835.805696393669, shape=(), dtype=float64)
nll_grad  cost time: 2.87327241897583
tf.Tensor(-10835.88221050748, shape=(), dtype=float64)
nll_grad  cost time: 2.677882194519043
tf.Tensor(-10835.941621827267, shape=(), dtype=float64)
nll_grad  cost time: 2.7848093509674072
tf.Tensor(-10835.984904482277, shape=(), dtype=float64)
nll_grad  cost time: 2.764348268508911
tf.Tensor(-10836.031062193302, shape=(), dtype=float64)
nll_grad  cost time: 2.7615864276885986
tf.Tensor(-10836.077377212052, shape=(), dtype=float64)
nll_grad  cost time: 2.7853333950042725
tf.Tensor(-10836.128964080941, shape=(), dtype=float64)
nll_grad  cost time: 2.9088611602783203
tf.Tensor(-10836.173638975211, shape=(), dtype=float64)
nll_grad  cost time: 2.8038270473480225
tf.Tensor(-10836.227536717757, shape=(), dtype=float64)
nll_grad  cost time: 2.864384412765503
tf.Tensor(-10836.288521124618, shape=(), dtype=float64)
nll_grad  cost time: 2.860262870788574
tf.Tensor(-10836.338792170369, shape=(), dtype=float64)
nll_grad  cost time: 2.8870749473571777
tf.Tensor(-10836.379677440535, shape=(), dtype=float64)
nll_grad  cost time: 2.9331648349761963
tf.Tensor(-10836.425530222557, shape=(), dtype=float64)
nll_grad  cost time: 2.8296775817871094
tf.Tensor(-10836.462634135722, shape=(), dtype=float64)
nll_grad  cost time: 3.06499981880188
tf.Tensor(-10836.491405377143, shape=(), dtype=float64)
nll_grad  cost time: 2.821012258529663
tf.Tensor(-10836.51648580822, shape=(), dtype=float64)
nll_grad  cost time: 2.806432008743286
tf.Tensor(-10836.538151877932, shape=(), dtype=float64)
nll_grad  cost time: 2.9841806888580322
tf.Tensor(-10836.564796086685, shape=(), dtype=float64)
nll_grad  cost time: 2.7871639728546143
tf.Tensor(-10836.589318591949, shape=(), dtype=float64)
nll_grad  cost time: 2.7909703254699707
tf.Tensor(-10836.625468792168, shape=(), dtype=float64)
nll_grad  cost time: 2.799341917037964
tf.Tensor(-10836.682024935086, shape=(), dtype=float64)
nll_grad  cost time: 2.8203928470611572
tf.Tensor(-10836.759506991024, shape=(), dtype=float64)
nll_grad  cost time: 2.7992637157440186
tf.Tensor(-10836.828777440554, shape=(), dtype=float64)
nll_grad  cost time: 2.9099478721618652
tf.Tensor(-10836.909568788447, shape=(), dtype=float64)
nll_grad  cost time: 2.843944549560547
tf.Tensor(-10837.014985745656, shape=(), dtype=float64)
nll_grad  cost time: 2.88262939453125
tf.Tensor(-10837.106596577541, shape=(), dtype=float64)
nll_grad  cost time: 2.8253519535064697
tf.Tensor(-10837.215395685234, shape=(), dtype=float64)
nll_grad  cost time: 2.7049167156219482
tf.Tensor(-10837.307850848258, shape=(), dtype=float64)
nll_grad  cost time: 2.7888410091400146
tf.Tensor(-10837.394970570524, shape=(), dtype=float64)
nll_grad  cost time: 2.746128797531128
tf.Tensor(-10837.474867911165, shape=(), dtype=float64)
nll_grad  cost time: 2.787419319152832
tf.Tensor(-10837.568604292806, shape=(), dtype=float64)
nll_grad  cost time: 2.8335137367248535
tf.Tensor(-10837.684650663345, shape=(), dtype=float64)
nll_grad  cost time: 2.6923868656158447
tf.Tensor(-10837.778470692152, shape=(), dtype=float64)
nll_grad  cost time: 2.8972504138946533
tf.Tensor(-10837.838893742723, shape=(), dtype=float64)
nll_grad  cost time: 2.827118158340454
tf.Tensor(-10837.924264497793, shape=(), dtype=float64)
nll_grad  cost time: 3.0384092330932617
tf.Tensor(-10838.019961136444, shape=(), dtype=float64)
nll_grad  cost time: 2.798185348510742
tf.Tensor(-10838.120911429709, shape=(), dtype=float64)
nll_grad  cost time: 2.8245975971221924
tf.Tensor(-10838.205298173976, shape=(), dtype=float64)
nll_grad  cost time: 2.795975685119629
tf.Tensor(-10838.277033988634, shape=(), dtype=float64)
nll_grad  cost time: 2.847291946411133
tf.Tensor(-10838.339402955899, shape=(), dtype=float64)
nll_grad  cost time: 2.7006847858428955
tf.Tensor(-10838.41647603867, shape=(), dtype=float64)
nll_grad  cost time: 2.8759899139404297
tf.Tensor(-10838.494786874246, shape=(), dtype=float64)
nll_grad  cost time: 2.9010279178619385
tf.Tensor(-10838.589763449178, shape=(), dtype=float64)
nll_grad  cost time: 2.875507116317749
tf.Tensor(-10838.67311325889, shape=(), dtype=float64)
nll_grad  cost time: 2.9950032234191895
tf.Tensor(-10838.744364601676, shape=(), dtype=float64)
nll_grad  cost time: 2.7926294803619385
tf.Tensor(-10838.82565655101, shape=(), dtype=float64)
nll_grad  cost time: 2.8418633937835693
tf.Tensor(-10838.92642045916, shape=(), dtype=float64)
nll_grad  cost time: 2.778294801712036
tf.Tensor(-10839.021554942905, shape=(), dtype=float64)
nll_grad  cost time: 2.7627899646759033
tf.Tensor(-10839.111923005774, shape=(), dtype=float64)
nll_grad  cost time: 2.6551880836486816
tf.Tensor(-10839.20994921514, shape=(), dtype=float64)
nll_grad  cost time: 2.6848673820495605
tf.Tensor(-10839.326634928526, shape=(), dtype=float64)
nll_grad  cost time: 2.708097219467163
tf.Tensor(-10839.458229225544, shape=(), dtype=float64)
nll_grad  cost time: 2.799827814102173
tf.Tensor(-10839.600546627145, shape=(), dtype=float64)
nll_grad  cost time: 2.889071464538574
tf.Tensor(-10839.738592698923, shape=(), dtype=float64)
nll_grad  cost time: 3.133310556411743
tf.Tensor(-10839.855675599028, shape=(), dtype=float64)
nll_grad  cost time: 2.8516149520874023
tf.Tensor(-10839.993061107263, shape=(), dtype=float64)
nll_grad  cost time: 2.74537992477417
tf.Tensor(-10840.183999015571, shape=(), dtype=float64)
nll_grad  cost time: 2.833404541015625
tf.Tensor(-10840.408681407447, shape=(), dtype=float64)
nll_grad  cost time: 2.765774965286255
tf.Tensor(-10840.567131363736, shape=(), dtype=float64)
nll_grad  cost time: 2.6531436443328857
tf.Tensor(-10840.77086121901, shape=(), dtype=float64)
nll_grad  cost time: 2.556330680847168
tf.Tensor(-10840.931594144291, shape=(), dtype=float64)
nll_grad  cost time: 2.769325017929077
tf.Tensor(-10841.097640978667, shape=(), dtype=float64)
nll_grad  cost time: 2.6971535682678223
tf.Tensor(-10841.260162105587, shape=(), dtype=float64)
nll_grad  cost time: 2.6403205394744873
tf.Tensor(-10841.444945278694, shape=(), dtype=float64)
nll_grad  cost time: 2.8082408905029297
tf.Tensor(-10841.656624184034, shape=(), dtype=float64)
nll_grad  cost time: 2.890765905380249
tf.Tensor(-10841.920215298305, shape=(), dtype=float64)
nll_grad  cost time: 2.722904920578003
tf.Tensor(-10842.003109126585, shape=(), dtype=float64)
nll_grad  cost time: 2.6410820484161377
tf.Tensor(-10842.143613120606, shape=(), dtype=float64)
nll_grad  cost time: 2.7307417392730713
tf.Tensor(-10842.366155070711, shape=(), dtype=float64)
nll_grad  cost time: 2.6864545345306396
tf.Tensor(-10842.652430576338, shape=(), dtype=float64)
nll_grad  cost time: 2.7608861923217773
tf.Tensor(-10842.839543594055, shape=(), dtype=float64)
nll_grad  cost time: 2.7377548217773438
tf.Tensor(-10843.096782252695, shape=(), dtype=float64)
nll_grad  cost time: 2.702195405960083
tf.Tensor(-10843.384086853126, shape=(), dtype=float64)
nll_grad  cost time: 2.7196881771087646
tf.Tensor(-10843.669939782776, shape=(), dtype=float64)
nll_grad  cost time: 2.759232759475708
tf.Tensor(-10844.006936518927, shape=(), dtype=float64)
nll_grad  cost time: 2.600146770477295
tf.Tensor(-10844.25047453009, shape=(), dtype=float64)
nll_grad  cost time: 2.9128618240356445
tf.Tensor(-10844.427877712136, shape=(), dtype=float64)
nll_grad  cost time: 2.624089002609253
tf.Tensor(-10844.632663470926, shape=(), dtype=float64)
nll_grad  cost time: 2.738661766052246
tf.Tensor(-10844.812606697451, shape=(), dtype=float64)
nll_grad  cost time: 2.7192535400390625
tf.Tensor(-10844.98418102174, shape=(), dtype=float64)
nll_grad  cost time: 2.6867690086364746
tf.Tensor(-10845.152690007992, shape=(), dtype=float64)
nll_grad  cost time: 2.760298728942871
tf.Tensor(-10845.345834807158, shape=(), dtype=float64)
nll_grad  cost time: 2.706937789916992
tf.Tensor(-10845.511705455523, shape=(), dtype=float64)
nll_grad  cost time: 2.748338460922241
tf.Tensor(-10845.67613319667, shape=(), dtype=float64)
nll_grad  cost time: 2.798915386199951
tf.Tensor(-10845.876584678503, shape=(), dtype=float64)
nll_grad  cost time: 2.9010868072509766
tf.Tensor(-10846.051392551897, shape=(), dtype=float64)
nll_grad  cost time: 2.8102991580963135
tf.Tensor(-10846.27792438151, shape=(), dtype=float64)
nll_grad  cost time: 2.8036131858825684
tf.Tensor(-10846.394882512388, shape=(), dtype=float64)
nll_grad  cost time: 2.861084222793579
tf.Tensor(-10846.55609760453, shape=(), dtype=float64)
nll_grad  cost time: 2.8028934001922607
tf.Tensor(-10846.694420606167, shape=(), dtype=float64)
nll_grad  cost time: 2.786144971847534
tf.Tensor(-10846.81347651848, shape=(), dtype=float64)
nll_grad  cost time: 2.783200263977051
tf.Tensor(-10846.936241506417, shape=(), dtype=float64)
nll_grad  cost time: 2.7701539993286133
tf.Tensor(-10847.014812834117, shape=(), dtype=float64)
nll_grad  cost time: 2.6907482147216797
tf.Tensor(-10847.108744073914, shape=(), dtype=float64)
nll_grad  cost time: 2.7468130588531494
tf.Tensor(-10847.17519753382, shape=(), dtype=float64)
nll_grad  cost time: 2.673443555831909
tf.Tensor(-10847.247911813654, shape=(), dtype=float64)
nll_grad  cost time: 2.6626315116882324
tf.Tensor(-10847.313450490736, shape=(), dtype=float64)
nll_grad  cost time: 3.076768159866333
tf.Tensor(-10847.390059763246, shape=(), dtype=float64)
nll_grad  cost time: 3.0817668437957764
tf.Tensor(-10847.45420896542, shape=(), dtype=float64)
nll_grad  cost time: 2.7214584350585938
tf.Tensor(-10847.51812350272, shape=(), dtype=float64)
nll_grad  cost time: 2.9260387420654297
tf.Tensor(-10847.598091253996, shape=(), dtype=float64)
nll_grad  cost time: 2.998845100402832
tf.Tensor(-10847.692146239031, shape=(), dtype=float64)
nll_grad  cost time: 2.9393184185028076
tf.Tensor(-10847.769106298765, shape=(), dtype=float64)
nll_grad  cost time: 3.1230626106262207
tf.Tensor(-10847.839359031641, shape=(), dtype=float64)
nll_grad  cost time: 2.836846351623535
tf.Tensor(-10847.901203046116, shape=(), dtype=float64)
nll_grad  cost time: 2.8049793243408203
tf.Tensor(-10847.93540100514, shape=(), dtype=float64)
nll_grad  cost time: 2.826854705810547
tf.Tensor(-10847.966634349163, shape=(), dtype=float64)
nll_grad  cost time: 2.811126708984375
tf.Tensor(-10847.997920590438, shape=(), dtype=float64)
nll_grad  cost time: 2.8595149517059326
tf.Tensor(-10848.022648614919, shape=(), dtype=float64)
nll_grad  cost time: 2.6723077297210693
tf.Tensor(-10848.046216278439, shape=(), dtype=float64)
nll_grad  cost time: 2.6891157627105713
tf.Tensor(-10848.072884578163, shape=(), dtype=float64)
nll_grad  cost time: 2.788008451461792
tf.Tensor(-10848.108648201342, shape=(), dtype=float64)
nll_grad  cost time: 2.8732588291168213
tf.Tensor(-10848.139406937713, shape=(), dtype=float64)
nll_grad  cost time: 2.674611806869507
tf.Tensor(-10848.182473191475, shape=(), dtype=float64)
nll_grad  cost time: 2.966459274291992
tf.Tensor(-10848.218409086505, shape=(), dtype=float64)
nll_grad  cost time: 2.795408010482788
tf.Tensor(-10848.259076863957, shape=(), dtype=float64)
nll_grad  cost time: 2.691154718399048
tf.Tensor(-10848.298209279004, shape=(), dtype=float64)
nll_grad  cost time: 2.9258506298065186
tf.Tensor(-10848.335114073008, shape=(), dtype=float64)
nll_grad  cost time: 2.753398895263672
tf.Tensor(-10848.356460355935, shape=(), dtype=float64)
nll_grad  cost time: 2.8402762413024902
tf.Tensor(-10848.376519082107, shape=(), dtype=float64)
nll_grad  cost time: 2.861541271209717
tf.Tensor(-10848.390745769015, shape=(), dtype=float64)
nll_grad  cost time: 2.855173349380493
tf.Tensor(-10848.404094993864, shape=(), dtype=float64)
nll_grad  cost time: 2.80828595161438
tf.Tensor(-10848.423792194175, shape=(), dtype=float64)
nll_grad  cost time: 2.776183605194092
tf.Tensor(-10848.444384999559, shape=(), dtype=float64)
nll_grad  cost time: 2.892174005508423
tf.Tensor(-10848.457220614146, shape=(), dtype=float64)
nll_grad  cost time: 2.7400357723236084
tf.Tensor(-10848.47398324425, shape=(), dtype=float64)
nll_grad  cost time: 2.8177249431610107
tf.Tensor(-10848.498368504035, shape=(), dtype=float64)
nll_grad  cost time: 2.716729164123535
tf.Tensor(-10848.53047574687, shape=(), dtype=float64)
nll_grad  cost time: 2.7139198780059814
tf.Tensor(-10848.562805000489, shape=(), dtype=float64)
nll_grad  cost time: 2.7573986053466797
tf.Tensor(-10848.596940609474, shape=(), dtype=float64)
nll_grad  cost time: 2.7665483951568604
tf.Tensor(-10848.62774721616, shape=(), dtype=float64)
nll_grad  cost time: 2.7434279918670654
tf.Tensor(-10848.654975640704, shape=(), dtype=float64)
nll_grad  cost time: 2.9991071224212646
tf.Tensor(-10848.681645330282, shape=(), dtype=float64)
nll_grad  cost time: 2.7915451526641846
tf.Tensor(-10848.710472991515, shape=(), dtype=float64)
nll_grad  cost time: 2.753018617630005
tf.Tensor(-10848.746306573885, shape=(), dtype=float64)
nll_grad  cost time: 2.7414984703063965
tf.Tensor(-10848.785238363525, shape=(), dtype=float64)
nll_grad  cost time: 2.8315041065216064
tf.Tensor(-10848.824229835496, shape=(), dtype=float64)
nll_grad  cost time: 2.910970687866211
tf.Tensor(-10848.859922506192, shape=(), dtype=float64)
nll_grad  cost time: 2.9987268447875977
tf.Tensor(-10848.89512979718, shape=(), dtype=float64)
nll_grad  cost time: 2.944077253341675
tf.Tensor(-10848.924793517821, shape=(), dtype=float64)
nll_grad  cost time: 2.885948657989502
tf.Tensor(-10848.960561505388, shape=(), dtype=float64)
nll_grad  cost time: 2.820323944091797
tf.Tensor(-10849.000165419398, shape=(), dtype=float64)
nll_grad  cost time: 2.947446346282959
tf.Tensor(-10849.033012610598, shape=(), dtype=float64)
nll_grad  cost time: 2.75056791305542
tf.Tensor(-10849.06835091624, shape=(), dtype=float64)
nll_grad  cost time: 2.7230381965637207
tf.Tensor(-10849.107642579409, shape=(), dtype=float64)
nll_grad  cost time: 2.7927303314208984
tf.Tensor(-10849.148828166326, shape=(), dtype=float64)
nll_grad  cost time: 2.9265129566192627
tf.Tensor(-10849.191738384085, shape=(), dtype=float64)
nll_grad  cost time: 2.6891438961029053
tf.Tensor(-10849.226933310369, shape=(), dtype=float64)
nll_grad  cost time: 2.7602853775024414
tf.Tensor(-10849.256044161899, shape=(), dtype=float64)
nll_grad  cost time: 2.7810235023498535
tf.Tensor(-10849.281496756645, shape=(), dtype=float64)
nll_grad  cost time: 2.7664477825164795
tf.Tensor(-10849.310894620081, shape=(), dtype=float64)
nll_grad  cost time: 2.7832529544830322
tf.Tensor(-10849.333809287506, shape=(), dtype=float64)
nll_grad  cost time: 2.7448980808258057
tf.Tensor(-10849.36085363543, shape=(), dtype=float64)
nll_grad  cost time: 2.9367752075195312
tf.Tensor(-10849.39194556541, shape=(), dtype=float64)
nll_grad  cost time: 2.7103092670440674
tf.Tensor(-10849.41363993891, shape=(), dtype=float64)
nll_grad  cost time: 2.6265454292297363
tf.Tensor(-10849.432857270484, shape=(), dtype=float64)
nll_grad  cost time: 2.6945061683654785
tf.Tensor(-10849.452018991899, shape=(), dtype=float64)
nll_grad  cost time: 2.8189172744750977
tf.Tensor(-10849.469302221922, shape=(), dtype=float64)
nll_grad  cost time: 2.850473642349243
tf.Tensor(-10849.48664452428, shape=(), dtype=float64)
nll_grad  cost time: 2.7903974056243896
tf.Tensor(-10849.5019904636, shape=(), dtype=float64)
nll_grad  cost time: 2.83087420463562
tf.Tensor(-10849.515921389066, shape=(), dtype=float64)
nll_grad  cost time: 2.890212059020996
tf.Tensor(-10849.532386926556, shape=(), dtype=float64)
nll_grad  cost time: 2.771881580352783
tf.Tensor(-10849.547004417967, shape=(), dtype=float64)
nll_grad  cost time: 2.8290815353393555
tf.Tensor(-10849.56108174062, shape=(), dtype=float64)
nll_grad  cost time: 2.8386032581329346
tf.Tensor(-10849.573860594406, shape=(), dtype=float64)
nll_grad  cost time: 2.754694700241089
tf.Tensor(-10849.58350375462, shape=(), dtype=float64)
nll_grad  cost time: 2.793625831604004
tf.Tensor(-10849.593196062699, shape=(), dtype=float64)
nll_grad  cost time: 2.8233625888824463
tf.Tensor(-10849.605965159179, shape=(), dtype=float64)
nll_grad  cost time: 2.8455708026885986
tf.Tensor(-10849.62080509415, shape=(), dtype=float64)
nll_grad  cost time: 2.729585886001587
tf.Tensor(-10849.635647974013, shape=(), dtype=float64)
nll_grad  cost time: 2.8926284313201904
tf.Tensor(-10849.649770192016, shape=(), dtype=float64)
nll_grad  cost time: 2.8015289306640625
tf.Tensor(-10849.66121816769, shape=(), dtype=float64)
nll_grad  cost time: 2.901733636856079
tf.Tensor(-10849.669003883762, shape=(), dtype=float64)
nll_grad  cost time: 2.6291770935058594
tf.Tensor(-10849.67569379029, shape=(), dtype=float64)
nll_grad  cost time: 2.7917580604553223
tf.Tensor(-10849.681535095064, shape=(), dtype=float64)
nll_grad  cost time: 2.7507686614990234
tf.Tensor(-10849.686799807474, shape=(), dtype=float64)
nll_grad  cost time: 2.6739938259124756
tf.Tensor(-10849.692793547205, shape=(), dtype=float64)
nll_grad  cost time: 2.6661105155944824
tf.Tensor(-10849.700526641245, shape=(), dtype=float64)
nll_grad  cost time: 2.7210946083068848
tf.Tensor(-10849.70770343997, shape=(), dtype=float64)
nll_grad  cost time: 2.618495225906372
tf.Tensor(-10849.711628060206, shape=(), dtype=float64)
nll_grad  cost time: 2.6434686183929443
tf.Tensor(-10849.716221090828, shape=(), dtype=float64)
nll_grad  cost time: 2.6144864559173584
tf.Tensor(-10849.720802465039, shape=(), dtype=float64)
nll_grad  cost time: 2.7088961601257324
tf.Tensor(-10849.72495453019, shape=(), dtype=float64)
nll_grad  cost time: 2.8782944679260254
tf.Tensor(-10849.728512154652, shape=(), dtype=float64)
nll_grad  cost time: 2.632072925567627
tf.Tensor(-10849.731659330057, shape=(), dtype=float64)
nll_grad  cost time: 2.735595226287842
tf.Tensor(-10849.735113672083, shape=(), dtype=float64)
nll_grad  cost time: 2.7331767082214355
tf.Tensor(-10849.739898493455, shape=(), dtype=float64)
nll_grad  cost time: 2.8200786113739014
tf.Tensor(-10849.746193278828, shape=(), dtype=float64)
nll_grad  cost time: 2.665062665939331
tf.Tensor(-10849.752563679962, shape=(), dtype=float64)
nll_grad  cost time: 2.896211624145508
tf.Tensor(-10849.758263926895, shape=(), dtype=float64)
nll_grad  cost time: 2.7961478233337402
tf.Tensor(-10849.763348436638, shape=(), dtype=float64)
nll_grad  cost time: 2.7793023586273193
tf.Tensor(-10849.767939780824, shape=(), dtype=float64)
nll_grad  cost time: 2.7949841022491455
tf.Tensor(-10849.771791196697, shape=(), dtype=float64)
nll_grad  cost time: 2.8567893505096436
tf.Tensor(-10849.774711447208, shape=(), dtype=float64)
nll_grad  cost time: 2.70918869972229
tf.Tensor(-10849.776961559619, shape=(), dtype=float64)
nll_grad  cost time: 2.715865135192871
tf.Tensor(-10849.778988030812, shape=(), dtype=float64)
nll_grad  cost time: 2.842899799346924
tf.Tensor(-10849.780924440834, shape=(), dtype=float64)
nll_grad  cost time: 2.896334648132324
tf.Tensor(-10849.7828048823, shape=(), dtype=float64)
nll_grad  cost time: 2.704991579055786
tf.Tensor(-10849.785013725595, shape=(), dtype=float64)
nll_grad  cost time: 2.799100637435913
tf.Tensor(-10849.787478810867, shape=(), dtype=float64)
nll_grad  cost time: 2.7335081100463867
tf.Tensor(-10849.78980515879, shape=(), dtype=float64)
nll_grad  cost time: 2.877918004989624
tf.Tensor(-10849.791723319919, shape=(), dtype=float64)
nll_grad  cost time: 2.8128302097320557
tf.Tensor(-10849.793400323266, shape=(), dtype=float64)
nll_grad  cost time: 2.633681535720825
tf.Tensor(-10849.794990190574, shape=(), dtype=float64)
nll_grad  cost time: 2.6554861068725586
tf.Tensor(-10849.796395665748, shape=(), dtype=float64)
nll_grad  cost time: 2.804330587387085
tf.Tensor(-10849.797477317792, shape=(), dtype=float64)
nll_grad  cost time: 2.6812546253204346
tf.Tensor(-10849.79833915062, shape=(), dtype=float64)
nll_grad  cost time: 2.8190605640411377
tf.Tensor(-10849.799165609264, shape=(), dtype=float64)
nll_grad  cost time: 2.747130870819092
tf.Tensor(-10849.800006654339, shape=(), dtype=float64)
nll_grad  cost time: 2.7259626388549805
tf.Tensor(-10849.800797706579, shape=(), dtype=float64)
nll_grad  cost time: 2.720907688140869
tf.Tensor(-10849.80150334481, shape=(), dtype=float64)
nll_grad  cost time: 2.9271655082702637
tf.Tensor(-10849.802135229576, shape=(), dtype=float64)
nll_grad  cost time: 3.2257630825042725
tf.Tensor(-10849.80268984846, shape=(), dtype=float64)
nll_grad  cost time: 3.0306973457336426
tf.Tensor(-10849.803155978254, shape=(), dtype=float64)
nll_grad  cost time: 2.9186339378356934
tf.Tensor(-10849.803568963784, shape=(), dtype=float64)
nll_grad  cost time: 3.0497007369995117
tf.Tensor(-10849.803985488747, shape=(), dtype=float64)
nll_grad  cost time: 2.9038009643554688
tf.Tensor(-10849.804413606587, shape=(), dtype=float64)
nll_grad  cost time: 2.873427152633667
tf.Tensor(-10849.804794815711, shape=(), dtype=float64)
nll_grad  cost time: 2.8656983375549316
tf.Tensor(-10849.805099468955, shape=(), dtype=float64)
nll_grad  cost time: 2.7293057441711426
tf.Tensor(-10849.80536729061, shape=(), dtype=float64)
nll_grad  cost time: 2.67720890045166
tf.Tensor(-10849.80564371276, shape=(), dtype=float64)
nll_grad  cost time: 2.8205106258392334
tf.Tensor(-10849.805926915229, shape=(), dtype=float64)
nll_grad  cost time: 2.787027597427368
tf.Tensor(-10849.806190412382, shape=(), dtype=float64)
nll_grad  cost time: 2.799893379211426
tf.Tensor(-10849.80644193587, shape=(), dtype=float64)
nll_grad  cost time: 2.9264020919799805
tf.Tensor(-10849.806729326163, shape=(), dtype=float64)
nll_grad  cost time: 2.8801157474517822
tf.Tensor(-10849.807096385797, shape=(), dtype=float64)
nll_grad  cost time: 2.822868585586548
tf.Tensor(-10849.807533115214, shape=(), dtype=float64)
nll_grad  cost time: 2.7254176139831543
tf.Tensor(-10849.807967941626, shape=(), dtype=float64)
nll_grad  cost time: 2.808725595474243
tf.Tensor(-10849.808330189146, shape=(), dtype=float64)
nll_grad  cost time: 2.7927963733673096
tf.Tensor(-10849.808615725473, shape=(), dtype=float64)
nll_grad  cost time: 2.7934608459472656
tf.Tensor(-10849.808857886535, shape=(), dtype=float64)
nll_grad  cost time: 2.7322018146514893
tf.Tensor(-10849.809078763668, shape=(), dtype=float64)
nll_grad  cost time: 2.753857135772705
tf.Tensor(-10849.809293621744, shape=(), dtype=float64)
nll_grad  cost time: 2.7847695350646973
tf.Tensor(-10849.809520684852, shape=(), dtype=float64)
nll_grad  cost time: 2.7583365440368652
tf.Tensor(-10849.809764302285, shape=(), dtype=float64)
nll_grad  cost time: 2.8161163330078125
tf.Tensor(-10849.810002881219, shape=(), dtype=float64)
nll_grad  cost time: 2.9572253227233887
tf.Tensor(-10849.81021298236, shape=(), dtype=float64)
nll_grad  cost time: 2.815028429031372
tf.Tensor(-10849.810400148672, shape=(), dtype=float64)
nll_grad  cost time: 2.6910510063171387
tf.Tensor(-10849.810591246198, shape=(), dtype=float64)
nll_grad  cost time: 2.756004571914673
tf.Tensor(-10849.810810844421, shape=(), dtype=float64)
nll_grad  cost time: 2.636935234069824
tf.Tensor(-10849.811071503354, shape=(), dtype=float64)
nll_grad  cost time: 2.690765857696533
tf.Tensor(-10849.811382954424, shape=(), dtype=float64)
nll_grad  cost time: 2.6148219108581543
tf.Tensor(-10849.811764076883, shape=(), dtype=float64)
nll_grad  cost time: 2.707047462463379
tf.Tensor(-10849.812231380864, shape=(), dtype=float64)
nll_grad  cost time: 2.6912789344787598
tf.Tensor(-10849.812766354742, shape=(), dtype=float64)
nll_grad  cost time: 2.647102117538452
tf.Tensor(-10849.813318434266, shape=(), dtype=float64)
nll_grad  cost time: 2.7138426303863525
tf.Tensor(-10849.813856732864, shape=(), dtype=float64)
nll_grad  cost time: 2.8358333110809326
tf.Tensor(-10849.814384874997, shape=(), dtype=float64)
nll_grad  cost time: 2.8411104679107666
tf.Tensor(-10849.814888234236, shape=(), dtype=float64)
nll_grad  cost time: 2.6834630966186523
tf.Tensor(-10849.815299567024, shape=(), dtype=float64)
nll_grad  cost time: 2.8873305320739746
tf.Tensor(-10849.815579139555, shape=(), dtype=float64)
nll_grad  cost time: 2.895911931991577
tf.Tensor(-10849.81577944004, shape=(), dtype=float64)
nll_grad  cost time: 2.85396409034729
tf.Tensor(-10849.815981346954, shape=(), dtype=float64)
nll_grad  cost time: 2.8478238582611084
tf.Tensor(-10849.816244494192, shape=(), dtype=float64)
nll_grad  cost time: 2.769294023513794
tf.Tensor(-10849.816587480738, shape=(), dtype=float64)
nll_grad  cost time: 2.695277214050293
tf.Tensor(-10849.81696345433, shape=(), dtype=float64)
nll_grad  cost time: 2.6439456939697266
tf.Tensor(-10849.817280056886, shape=(), dtype=float64)
nll_grad  cost time: 2.789865732192993
tf.Tensor(-10849.81750518726, shape=(), dtype=float64)
nll_grad  cost time: 3.056997060775757
tf.Tensor(-10849.817690186726, shape=(), dtype=float64)
nll_grad  cost time: 2.7281031608581543
tf.Tensor(-10849.81789938319, shape=(), dtype=float64)
nll_grad  cost time: 2.7002415657043457
tf.Tensor(-10849.818147060389, shape=(), dtype=float64)
nll_grad  cost time: 2.6858770847320557
tf.Tensor(-10849.818392214875, shape=(), dtype=float64)
nll_grad  cost time: 2.6824681758880615
tf.Tensor(-10849.81858524349, shape=(), dtype=float64)
nll_grad  cost time: 2.7008132934570312
tf.Tensor(-10849.818734067034, shape=(), dtype=float64)
nll_grad  cost time: 2.7467055320739746
tf.Tensor(-10849.818890617687, shape=(), dtype=float64)
nll_grad  cost time: 2.891432285308838
tf.Tensor(-10849.819109627126, shape=(), dtype=float64)
nll_grad  cost time: 2.84631609916687
tf.Tensor(-10849.819414960984, shape=(), dtype=float64)
nll_grad  cost time: 2.835686683654785
tf.Tensor(-10849.819756565303, shape=(), dtype=float64)
nll_grad  cost time: 2.7197766304016113
tf.Tensor(-10849.820037837388, shape=(), dtype=float64)
nll_grad  cost time: 2.877652406692505
tf.Tensor(-10849.820248412645, shape=(), dtype=float64)
nll_grad  cost time: 2.7161731719970703
tf.Tensor(-10849.820465638775, shape=(), dtype=float64)
nll_grad  cost time: 2.8765501976013184
tf.Tensor(-10849.820766869612, shape=(), dtype=float64)
nll_grad  cost time: 2.889749050140381
tf.Tensor(-10849.821163455395, shape=(), dtype=float64)
nll_grad  cost time: 2.9296343326568604
tf.Tensor(-10849.82158607449, shape=(), dtype=float64)
nll_grad  cost time: 2.67826771736145
tf.Tensor(-10849.821983536625, shape=(), dtype=float64)
nll_grad  cost time: 2.763664722442627
tf.Tensor(-10849.822398493015, shape=(), dtype=float64)
nll_grad  cost time: 2.8432955741882324
tf.Tensor(-10849.822912226322, shape=(), dtype=float64)
nll_grad  cost time: 2.825108051300049
tf.Tensor(-10849.823515974946, shape=(), dtype=float64)
nll_grad  cost time: 2.862056016921997
tf.Tensor(-10849.824075750272, shape=(), dtype=float64)
nll_grad  cost time: 2.9851059913635254
tf.Tensor(-10849.824510812672, shape=(), dtype=float64)
nll_grad  cost time: 2.760793924331665
tf.Tensor(-10849.824910741132, shape=(), dtype=float64)
nll_grad  cost time: 2.961441993713379
tf.Tensor(-10849.825434647311, shape=(), dtype=float64)
nll_grad  cost time: 2.854240894317627
tf.Tensor(-10849.826169996944, shape=(), dtype=float64)
nll_grad  cost time: 2.765393018722534
tf.Tensor(-10849.827006730775, shape=(), dtype=float64)
nll_grad  cost time: 2.850001335144043
tf.Tensor(-10849.827715140054, shape=(), dtype=float64)
nll_grad  cost time: 2.8215110301971436
tf.Tensor(-10849.828228017308, shape=(), dtype=float64)
nll_grad  cost time: 2.7554171085357666
tf.Tensor(-10849.828678263599, shape=(), dtype=float64)
nll_grad  cost time: 2.7260584831237793
tf.Tensor(-10849.829153465806, shape=(), dtype=float64)
nll_grad  cost time: 2.770146369934082
tf.Tensor(-10849.829609021588, shape=(), dtype=float64)
nll_grad  cost time: 2.7605409622192383
tf.Tensor(-10849.829981245886, shape=(), dtype=float64)
nll_grad  cost time: 2.86057710647583
tf.Tensor(-10849.83029179628, shape=(), dtype=float64)
nll_grad  cost time: 2.9338009357452393
tf.Tensor(-10849.830624369111, shape=(), dtype=float64)
nll_grad  cost time: 2.7133829593658447
tf.Tensor(-10849.831072895184, shape=(), dtype=float64)
nll_grad  cost time: 2.704306125640869
tf.Tensor(-10849.831683452074, shape=(), dtype=float64)
nll_grad  cost time: 2.9252686500549316
tf.Tensor(-10849.832370602468, shape=(), dtype=float64)
nll_grad  cost time: 2.8404150009155273
tf.Tensor(-10849.832928760829, shape=(), dtype=float64)
nll_grad  cost time: 2.73783278465271
tf.Tensor(-10849.83325591011, shape=(), dtype=float64)
nll_grad  cost time: 2.9376065731048584
tf.Tensor(-10849.83345372574, shape=(), dtype=float64)
nll_grad  cost time: 2.7106285095214844
tf.Tensor(-10849.833662310237, shape=(), dtype=float64)
nll_grad  cost time: 2.7420437335968018
tf.Tensor(-10849.833985330602, shape=(), dtype=float64)
nll_grad  cost time: 2.8608734607696533
tf.Tensor(-10849.834472578346, shape=(), dtype=float64)
nll_grad  cost time: 3.1339645385742188
tf.Tensor(-10849.835039652105, shape=(), dtype=float64)
nll_grad  cost time: 2.8023579120635986
tf.Tensor(-10849.835408782783, shape=(), dtype=float64)
nll_grad  cost time: 2.8214502334594727
tf.Tensor(-10849.83563306246, shape=(), dtype=float64)
nll_grad  cost time: 2.7884409427642822
tf.Tensor(-10849.835819077445, shape=(), dtype=float64)
nll_grad  cost time: 2.759171724319458
tf.Tensor(-10849.836104126152, shape=(), dtype=float64)
nll_grad  cost time: 2.801722288131714
tf.Tensor(-10849.836455855213, shape=(), dtype=float64)
nll_grad  cost time: 2.7911362648010254
tf.Tensor(-10849.83670469794, shape=(), dtype=float64)
nll_grad  cost time: 2.9652390480041504
tf.Tensor(-10849.8368304861, shape=(), dtype=float64)
nll_grad  cost time: 2.868051290512085
tf.Tensor(-10849.836903140022, shape=(), dtype=float64)
nll_grad  cost time: 2.825784206390381
tf.Tensor(-10849.836989607618, shape=(), dtype=float64)
nll_grad  cost time: 3.0020225048065186
tf.Tensor(-10849.837113343892, shape=(), dtype=float64)
nll_grad  cost time: 2.8171772956848145
tf.Tensor(-10849.837279044914, shape=(), dtype=float64)
nll_grad  cost time: 2.698195457458496
tf.Tensor(-10849.837472256884, shape=(), dtype=float64)
nll_grad  cost time: 2.7700703144073486
tf.Tensor(-10849.83765484031, shape=(), dtype=float64)
nll_grad  cost time: 2.6585819721221924
tf.Tensor(-10849.837778496752, shape=(), dtype=float64)
nll_grad  cost time: 2.5157310962677
tf.Tensor(-10849.837832818033, shape=(), dtype=float64)
nll_grad  cost time: 2.689117670059204
tf.Tensor(-10849.83785234084, shape=(), dtype=float64)
nll_grad  cost time: 2.6689255237579346
tf.Tensor(-10849.837864228735, shape=(), dtype=float64)
nll_grad  cost time: 2.6334214210510254
tf.Tensor(-10849.8378801582, shape=(), dtype=float64)
nll_grad  cost time: 2.7160115242004395
tf.Tensor(-10849.837905373824, shape=(), dtype=float64)
nll_grad  cost time: 2.7042086124420166
tf.Tensor(-10849.837945280684, shape=(), dtype=float64)
nll_grad  cost time: 2.8032186031341553
tf.Tensor(-10849.838005749603, shape=(), dtype=float64)
nll_grad  cost time: 2.614318370819092
tf.Tensor(-10849.838075568558, shape=(), dtype=float64)
nll_grad  cost time: 2.7308309078216553
tf.Tensor(-10849.838133968631, shape=(), dtype=float64)
nll_grad  cost time: 2.667897939682007
tf.Tensor(-10849.838167749724, shape=(), dtype=float64)
nll_grad  cost time: 2.682743787765503
tf.Tensor(-10849.838185372537, shape=(), dtype=float64)
nll_grad  cost time: 2.9303441047668457
tf.Tensor(-10849.838203229832, shape=(), dtype=float64)
nll_grad  cost time: 2.671168804168701
tf.Tensor(-10849.838230156216, shape=(), dtype=float64)
nll_grad  cost time: 2.720020294189453
tf.Tensor(-10849.83826544381, shape=(), dtype=float64)
nll_grad  cost time: 2.650874614715576
tf.Tensor(-10849.838296138827, shape=(), dtype=float64)
nll_grad  cost time: 2.6520047187805176
tf.Tensor(-10849.838311096391, shape=(), dtype=float64)
nll_grad  cost time: 2.640328884124756
tf.Tensor(-10849.838316267174, shape=(), dtype=float64)
nll_grad  cost time: 2.7084248065948486
tf.Tensor(-10849.83831939788, shape=(), dtype=float64)
nll_grad  cost time: 2.706230401992798
tf.Tensor(-10849.838323836535, shape=(), dtype=float64)
nll_grad  cost time: 2.719130039215088
tf.Tensor(-10849.838330906066, shape=(), dtype=float64)
nll_grad  cost time: 2.821218729019165
tf.Tensor(-10849.838342248891, shape=(), dtype=float64)
nll_grad  cost time: 2.6800408363342285
tf.Tensor(-10849.838359376241, shape=(), dtype=float64)
nll_grad  cost time: 2.7753841876983643
tf.Tensor(-10849.8383761949, shape=(), dtype=float64)
nll_grad  cost time: 2.7769641876220703
tf.Tensor(-10849.838385174531, shape=(), dtype=float64)
nll_grad  cost time: 2.679140329360962
tf.Tensor(-10849.838388131495, shape=(), dtype=float64)
nll_grad  cost time: 2.6241087913513184
tf.Tensor(-10849.83838899211, shape=(), dtype=float64)
nll_grad  cost time: 2.578385353088379
tf.Tensor(-10849.838389936427, shape=(), dtype=float64)
nll_grad  cost time: 2.823873519897461
tf.Tensor(-10849.838391471036, shape=(), dtype=float64)
nll_grad  cost time: 2.855469226837158
tf.Tensor(-10849.83839398357, shape=(), dtype=float64)
nll_grad  cost time: 2.9327337741851807
tf.Tensor(-10849.838397887484, shape=(), dtype=float64)
nll_grad  cost time: 2.8123764991760254
tf.Tensor(-10849.838402386726, shape=(), dtype=float64)
nll_grad  cost time: 2.7867000102996826
tf.Tensor(-10849.838405182789, shape=(), dtype=float64)
nll_grad  cost time: 2.742765188217163
tf.Tensor(-10849.8384066976, shape=(), dtype=float64)
nll_grad  cost time: 2.6328248977661133
tf.Tensor(-10849.838407331677, shape=(), dtype=float64)
nll_grad  cost time: 2.7425458431243896
tf.Tensor(-10849.838408108233, shape=(), dtype=float64)
nll_grad  cost time: 2.8310954570770264
tf.Tensor(-10849.838409384029, shape=(), dtype=float64)
nll_grad  cost time: 2.6829135417938232
tf.Tensor(-10849.83841150067, shape=(), dtype=float64)
nll_grad  cost time: 2.697295665740967
tf.Tensor(-10849.838414789396, shape=(), dtype=float64)
nll_grad  cost time: 2.665600061416626
tf.Tensor(-10849.83841817679, shape=(), dtype=float64)
nll_grad  cost time: 2.8349857330322266
tf.Tensor(-10849.838419699045, shape=(), dtype=float64)
nll_grad  cost time: 2.7093374729156494
tf.Tensor(-10849.838420309788, shape=(), dtype=float64)
nll_grad  cost time: 2.7542059421539307
tf.Tensor(-10849.838420493383, shape=(), dtype=float64)
nll_grad  cost time: 2.902487277984619
tf.Tensor(-10849.83842075619, shape=(), dtype=float64)
nll_grad  cost time: 2.6310007572174072
tf.Tensor(-10849.838421194516, shape=(), dtype=float64)
nll_grad  cost time: 2.7045085430145264
tf.Tensor(-10849.838421948632, shape=(), dtype=float64)
nll_grad  cost time: 2.770548105239868
tf.Tensor(-10849.838423238056, shape=(), dtype=float64)
nll_grad  cost time: 2.695373296737671
tf.Tensor(-10849.838425324473, shape=(), dtype=float64)
nll_grad  cost time: 2.710015058517456
tf.Tensor(-10849.838428149684, shape=(), dtype=float64)
nll_grad  cost time: 2.80196475982666
tf.Tensor(-10849.838429765347, shape=(), dtype=float64)
nll_grad  cost time: 2.848736524581909
tf.Tensor(-10849.83843077415, shape=(), dtype=float64)
nll_grad  cost time: 2.9427907466888428
tf.Tensor(-10849.838430952805, shape=(), dtype=float64)
nll_grad  cost time: 2.7662267684936523
tf.Tensor(-10849.83843103017, shape=(), dtype=float64)
nll_grad  cost time: 2.8115408420562744
tf.Tensor(-10849.838431158845, shape=(), dtype=float64)
nll_grad  cost time: 2.8102834224700928
tf.Tensor(-10849.838431385404, shape=(), dtype=float64)
nll_grad  cost time: 2.827601194381714
tf.Tensor(-10849.83843179333, shape=(), dtype=float64)
nll_grad  cost time: 2.9634478092193604
tf.Tensor(-10849.838432525241, shape=(), dtype=float64)
nll_grad  cost time: 2.921830177307129
tf.Tensor(-10849.838433798242, shape=(), dtype=float64)
nll_grad  cost time: 2.76775860786438
tf.Tensor(-10849.838435834194, shape=(), dtype=float64)
nll_grad  cost time: 2.7520194053649902
tf.Tensor(-10849.838438219333, shape=(), dtype=float64)
nll_grad  cost time: 2.6984822750091553
tf.Tensor(-10849.838439548665, shape=(), dtype=float64)
nll_grad  cost time: 2.673588752746582
tf.Tensor(-10849.838440439256, shape=(), dtype=float64)
nll_grad  cost time: 2.7425568103790283
tf.Tensor(-10849.838440575048, shape=(), dtype=float64)
nll_grad  cost time: 2.786341428756714
tf.Tensor(-10849.838440620086, shape=(), dtype=float64)
nll_grad  cost time: 2.9870445728302
tf.Tensor(-10849.838440696425, shape=(), dtype=float64)
nll_grad  cost time: 2.8973188400268555
tf.Tensor(-10849.838440833606, shape=(), dtype=float64)
nll_grad  cost time: 3.0967092514038086
tf.Tensor(-10849.838441085427, shape=(), dtype=float64)
nll_grad  cost time: 2.8791139125823975
tf.Tensor(-10849.838441547276, shape=(), dtype=float64)
nll_grad  cost time: 2.814615488052368
tf.Tensor(-10849.838442377404, shape=(), dtype=float64)
nll_grad  cost time: 2.704221725463867
tf.Tensor(-10849.838443797169, shape=(), dtype=float64)
nll_grad  cost time: 2.719956636428833
tf.Tensor(-10849.838445956673, shape=(), dtype=float64)
nll_grad  cost time: 2.8730881214141846
tf.Tensor(-10849.838447986622, shape=(), dtype=float64)
nll_grad  cost time: 2.9207873344421387
tf.Tensor(-10849.838449458599, shape=(), dtype=float64)
nll_grad  cost time: 2.747199535369873
tf.Tensor(-10849.838450302392, shape=(), dtype=float64)
nll_grad  cost time: 2.918334722518921
tf.Tensor(-10849.838450424257, shape=(), dtype=float64)
nll_grad  cost time: 2.8149025440216064
tf.Tensor(-10849.838450436066, shape=(), dtype=float64)
nll_grad  cost time: 2.7330574989318848
tf.Tensor(-10849.83845044337, shape=(), dtype=float64)
nll_grad  cost time: 2.796440362930298
tf.Tensor(-10849.838450456802, shape=(), dtype=float64)
nll_grad  cost time: 3.130958080291748
tf.Tensor(-10849.83845048194, shape=(), dtype=float64)
nll_grad  cost time: 2.9195892810821533
tf.Tensor(-10849.838450529089, shape=(), dtype=float64)
nll_grad  cost time: 2.9948654174804688
tf.Tensor(-10849.838450616691, shape=(), dtype=float64)
nll_grad  cost time: 3.0351192951202393
tf.Tensor(-10849.838450776457, shape=(), dtype=float64)
nll_grad  cost time: 2.8835883140563965
tf.Tensor(-10849.838451059484, shape=(), dtype=float64)
nll_grad  cost time: 2.904402017593384
tf.Tensor(-10849.838451542259, shape=(), dtype=float64)
nll_grad  cost time: 2.940351963043213
tf.Tensor(-10849.838452339245, shape=(), dtype=float64)
nll_grad  cost time: 2.9630422592163086
tf.Tensor(-10849.838453654855, shape=(), dtype=float64)
nll_grad  cost time: 3.0259740352630615
tf.Tensor(-10849.838455887402, shape=(), dtype=float64)
nll_grad  cost time: 3.0962679386138916
tf.Tensor(-10849.838459732055, shape=(), dtype=float64)
nll_grad  cost time: 3.0672452449798584
tf.Tensor(-10849.838466197398, shape=(), dtype=float64)
nll_grad  cost time: 3.136200428009033
tf.Tensor(-10849.838475964869, shape=(), dtype=float64)
nll_grad  cost time: 2.8542914390563965
tf.Tensor(-10849.83848409704, shape=(), dtype=float64)
nll_grad  cost time: 2.94911789894104
tf.Tensor(-10849.838487535897, shape=(), dtype=float64)
nll_grad  cost time: 3.023775339126587
tf.Tensor(-10849.838488408393, shape=(), dtype=float64)
nll_grad  cost time: 2.9266133308410645
tf.Tensor(-10849.838488461523, shape=(), dtype=float64)
nll_grad  cost time: 2.961012125015259
tf.Tensor(-10849.838488467445, shape=(), dtype=float64)
nll_grad  cost time: 2.795381546020508
tf.Tensor(-10849.838488475223, shape=(), dtype=float64)
nll_grad  cost time: 2.7940964698791504
tf.Tensor(-10849.838488489127, shape=(), dtype=float64)
nll_grad  cost time: 2.7586662769317627
tf.Tensor(-10849.838488514746, shape=(), dtype=float64)
nll_grad  cost time: 2.741316556930542
tf.Tensor(-10849.8384885622, shape=(), dtype=float64)
nll_grad  cost time: 2.707371950149536
tf.Tensor(-10849.838488649657, shape=(), dtype=float64)
nll_grad  cost time: 2.778458833694458
tf.Tensor(-10849.83848880815, shape=(), dtype=float64)
nll_grad  cost time: 2.9262256622314453
tf.Tensor(-10849.838489087415, shape=(), dtype=float64)
nll_grad  cost time: 2.850614070892334
tf.Tensor(-10849.838489560127, shape=(), dtype=float64)
nll_grad  cost time: 2.920484781265259
tf.Tensor(-10849.83849032403, shape=(), dtype=float64)
nll_grad  cost time: 2.7471821308135986
tf.Tensor(-10849.838491517738, shape=(), dtype=float64)
nll_grad  cost time: 2.8948633670806885
tf.Tensor(-10849.838493328549, shape=(), dtype=float64)
nll_grad  cost time: 2.8053390979766846
tf.Tensor(-10849.838495447599, shape=(), dtype=float64)
nll_grad  cost time: 2.70536470413208
tf.Tensor(-10849.838496792043, shape=(), dtype=float64)
nll_grad  cost time: 2.7876930236816406
tf.Tensor(-10849.838497093515, shape=(), dtype=float64)
nll_grad  cost time: 2.7630176544189453
tf.Tensor(-10849.83849711575, shape=(), dtype=float64)
nll_grad  cost time: 2.716801643371582
tf.Tensor(-10849.838497117526, shape=(), dtype=float64)
nll_grad  cost time: 2.742915630340576
tf.Tensor(-10849.838497120443, shape=(), dtype=float64)
nll_grad  cost time: 2.976912498474121
tf.Tensor(-10849.838497125595, shape=(), dtype=float64)
nll_grad  cost time: 2.9305055141448975
tf.Tensor(-10849.838497135046, shape=(), dtype=float64)
nll_grad  cost time: 2.965582847595215
tf.Tensor(-10849.83849715253, shape=(), dtype=float64)
nll_grad  cost time: 2.7359516620635986
tf.Tensor(-10849.838497184734, shape=(), dtype=float64)
nll_grad  cost time: 2.793050765991211
tf.Tensor(-10849.838497243269, shape=(), dtype=float64)
nll_grad  cost time: 2.7022407054901123
tf.Tensor(-10849.838497347133, shape=(), dtype=float64)
nll_grad  cost time: 2.7173516750335693
tf.Tensor(-10849.838497525532, shape=(), dtype=float64)
nll_grad  cost time: 2.719116449356079
tf.Tensor(-10849.838497820696, shape=(), dtype=float64)
nll_grad  cost time: 2.821992874145508
tf.Tensor(-10849.83849829615, shape=(), dtype=float64)
nll_grad  cost time: 2.7645316123962402
tf.Tensor(-10849.838499051191, shape=(), dtype=float64)
nll_grad  cost time: 2.866502285003662
tf.Tensor(-10849.838500184735, shape=(), dtype=float64)
nll_grad  cost time: 2.8032872676849365
tf.Tensor(-10849.83850126103, shape=(), dtype=float64)
nll_grad  cost time: 2.951629161834717
tf.Tensor(-10849.83850172929, shape=(), dtype=float64)
nll_grad  cost time: 2.9389326572418213
tf.Tensor(-10849.838501810744, shape=(), dtype=float64)
Optimization terminated successfully.
         Current function value: -10849.838502
         Iterations: 746
         Function evaluations: 759
         Gradient evaluations: 759
  message: Optimization terminated successfully.
  success: True
   status: 0
      fun: -10849.838501810744
        x: [ 1.236e+00  4.624e+00 ...  2.362e-01 -4.782e+00]
      nit: 746
      jac: [ 0.000e+00  0.000e+00 ...  1.331e-05 -2.645e-05]
 hess_inv: [[ 1.000e+00  0.000e+00 ...  0.000e+00  0.000e+00]
            [ 0.000e+00  1.000e+00 ...  0.000e+00  0.000e+00]
            ...
            [ 0.000e+00  0.000e+00 ...  2.226e-02 -3.183e-02]
            [ 0.000e+00  0.000e+00 ... -3.183e-02  4.935e-01]]
     nfev: 759
     njev: 759
fit  cost time: 2127.8520431518555

========== Fit loop 4/5 ==========
using RANDOM parameters

########### initial parameters
{
  "rho(1450)p_mass": 1.51,
  "rho(1450)p_width": 0.44,
  "rho(1570)p_mass": 1.57,
  "rho(1570)p_width": 0.14,
  "rho(1690)p_mass": 1.681,
  "rho(1690)p_width": 0.19,
  "rho(1450)m_mass": 1.51,
  "rho(1450)m_width": 0.44,
  "rho(1570)m_mass": 1.57,
  "rho(1570)m_width": 0.14,
  "rho(1690)m_mass": 1.681,
  "rho(1690)m_width": 0.19,
  "f0(500)_E791_mass": 0.478,
  "f2(1270)_flatte_mass": 1.2754,
  "f2(1270)_flatte_g_0": 0.036594083050590163,
  "f2(1270)_flatte_g_1": 0.309170236789983,
  "f0(1370)_mass": 1.37,
  "f0(1370)_width": 0.35,
  "f0(1500)_flatte_mass": 1.522,
  "f0(1500)_flatte_g_0": 0.142516838302526,
  "f0(1500)_flatte_g_1": 1.5621908432680296,
  "f2(1430)_mass": 1.43,
  "f2(1430)_width": 0.046,
  "Jpsi->rho(1450)p.pimrho(1450)p->phi.pip_total_0r": 1.0,
  "Jpsi->rho(1450)p.pimrho(1450)p->phi.pip_total_0i": 0.0,
  "Jpsi->rho(1450)p.pim_g_ls_0r": 1.0,
  "Jpsi->rho(1450)p.pim_g_ls_0i": 0.0,
  "rho(1450)p->phi.pip_g_ls_0r": 1.0,
  "rho(1450)p->phi.pip_g_ls_0i": 0.0,
  "Jpsi->rho(1570)p.pimrho(1570)p->phi.pip_total_0r": 0.599454833342111,
  "Jpsi->rho(1570)p.pimrho(1570)p->phi.pip_total_0i": 2.1709208343505457,
  "Jpsi->rho(1570)p.pim_g_ls_0r": 1.0,
  "Jpsi->rho(1570)p.pim_g_ls_0i": 0.0,
  "rho(1570)p->phi.pip_g_ls_0r": 1.0,
  "rho(1570)p->phi.pip_g_ls_0i": 0.0,
  "Jpsi->rho(1690)p.pimrho(1690)p->phi.pip_total_0r": 0.0059809544988418395,
  "Jpsi->rho(1690)p.pimrho(1690)p->phi.pip_total_0i": 2.5506461382500767,
  "Jpsi->rho(1690)p.pim_g_ls_0r": 1.0,
  "Jpsi->rho(1690)p.pim_g_ls_0i": 0.0,
  "rho(1690)p->phi.pip_g_ls_0r": 1.0,
  "rho(1690)p->phi.pip_g_ls_0i": 0.0,
  "Jpsi->rho(1450)m.piprho(1450)m->phi.pim_total_0r": 1.0,
  "Jpsi->rho(1450)m.piprho(1450)m->phi.pim_total_0i": 0.0,
  "Jpsi->rho(1450)m.pip_g_ls_0r": 1.0,
  "Jpsi->rho(1450)m.pip_g_ls_0i": 0.0,
  "rho(1450)m->phi.pim_g_ls_0r": 1.0,
  "rho(1450)m->phi.pim_g_ls_0i": 0.0,
  "Jpsi->rho(1570)m.piprho(1570)m->phi.pim_total_0r": 0.599454833342111,
  "Jpsi->rho(1570)m.piprho(1570)m->phi.pim_total_0i": 2.1709208343505457,
  "Jpsi->rho(1570)m.pip_g_ls_0r": 1.0,
  "Jpsi->rho(1570)m.pip_g_ls_0i": 0.0,
  "rho(1570)m->phi.pim_g_ls_0r": 1.0,
  "rho(1570)m->phi.pim_g_ls_0i": 0.0,
  "Jpsi->rho(1690)m.piprho(1690)m->phi.pim_total_0r": 0.0059809544988418395,
  "Jpsi->rho(1690)m.piprho(1690)m->phi.pim_total_0i": 2.5506461382500767,
  "Jpsi->rho(1690)m.pip_g_ls_0r": 1.0,
  "Jpsi->rho(1690)m.pip_g_ls_0i": 0.0,
  "rho(1690)m->phi.pim_g_ls_0r": 1.0,
  "rho(1690)m->phi.pim_g_ls_0i": 0.0,
  "Jpsi->phi.f0(500)_E791f0(500)_E791->pip.pim_total_0r": 1.5735773341036112,
  "Jpsi->phi.f0(500)_E791f0(500)_E791->pip.pim_total_0i": 2.154169505851587,
  "Jpsi->phi.f0(500)_E791_g_ls_0r": 1.0,
  "Jpsi->phi.f0(500)_E791_g_ls_0i": 0.0,
  "Jpsi->phi.f0(500)_E791_g_ls_1r": 1.757109673349989,
  "Jpsi->phi.f0(500)_E791_g_ls_1i": -2.347308963034303,
  "f0(500)_E791->pip.pim_g_ls_0r": 1.0,
  "f0(500)_E791->pip.pim_g_ls_0i": 0.0,
  "Jpsi->phi.f0(980)_flattef0(980)_flatte->pip.pim_total_0r": 0.4234820504080634,
  "Jpsi->phi.f0(980)_flattef0(980)_flatte->pip.pim_total_0i": 2.033361451865604,
  "f0(980)_flatte->pip.pim_g_ls_0r": 1.0,
  "f0(980)_flatte->pip.pim_g_ls_0i": 0.0,
  "Jpsi->phi.f2(1270)_flattef2(1270)_flatte->pip.pim_total_0r": 1.0390862717133516,
  "Jpsi->phi.f2(1270)_flattef2(1270)_flatte->pip.pim_total_0i": 0.5327230819924402,
  "Jpsi->phi.f2(1270)_flatte_g_ls_0r": 1.0,
  "Jpsi->phi.f2(1270)_flatte_g_ls_0i": 0.0,
  "Jpsi->phi.f2(1270)_flatte_g_ls_1r": 0.012191197306250956,
  "Jpsi->phi.f2(1270)_flatte_g_ls_1i": -2.726989426969357,
  "Jpsi->phi.f2(1270)_flatte_g_ls_2r": 0.3422999988928992,
  "Jpsi->phi.f2(1270)_flatte_g_ls_2i": 2.9279559575931566,
  "Jpsi->phi.f2(1270)_flatte_g_ls_3r": 1.933514506231468,
  "Jpsi->phi.f2(1270)_flatte_g_ls_3i": -2.1909362766419753,
  "Jpsi->phi.f2(1270)_flatte_g_ls_4r": 0.09971601027010202,
  "Jpsi->phi.f2(1270)_flatte_g_ls_4i": 0.755331457796081,
  "f2(1270)_flatte->pip.pim_g_ls_0r": 1.0,
  "f2(1270)_flatte->pip.pim_g_ls_0i": 0.0,
  "Jpsi->phi.f0(1370)f0(1370)->pip.pim_total_0r": 1.7444465357713081,
  "Jpsi->phi.f0(1370)f0(1370)->pip.pim_total_0i": 0.3879595001181624,
  "Jpsi->phi.f0(1370)_g_ls_0r": 1.0,
  "Jpsi->phi.f0(1370)_g_ls_0i": 0.0,
  "Jpsi->phi.f0(1370)_g_ls_1r": 1.433371016983752,
  "Jpsi->phi.f0(1370)_g_ls_1i": 3.058545013543098,
  "f0(1370)->pip.pim_g_ls_0r": 1.0,
  "f0(1370)->pip.pim_g_ls_0i": 0.0,
  "Jpsi->phi.f0(1500)_flattef0(1500)_flatte->pip.pim_total_0r": 0.5567235898249039,
  "Jpsi->phi.f0(1500)_flattef0(1500)_flatte->pip.pim_total_0i": -1.0914157408434133,
  "Jpsi->phi.f0(1500)_flatte_g_ls_0r": 1.0,
  "Jpsi->phi.f0(1500)_flatte_g_ls_0i": 0.0,
  "Jpsi->phi.f0(1500)_flatte_g_ls_1r": 0.5722672354338454,
  "Jpsi->phi.f0(1500)_flatte_g_ls_1i": -1.0038970096182478,
  "f0(1500)_flatte->pip.pim_g_ls_0r": 1.0,
  "f0(1500)_flatte->pip.pim_g_ls_0i": 0.0,
  "Jpsi->phi.f0(1710)f0(1710)->pip.pim_total_0r": 1.2573710454936138,
  "Jpsi->phi.f0(1710)f0(1710)->pip.pim_total_0i": -2.0219624246846224,
  "f0(1710)->pip.pim_g_ls_0r": 1.0,
  "f0(1710)->pip.pim_g_ls_0i": 0.0,
  "Jpsi->phi.f2(1430)f2(1430)->pip.pim_total_0r": 0.6791682207966003,
  "Jpsi->phi.f2(1430)f2(1430)->pip.pim_total_0i": 0.4704018795310798,
  "Jpsi->phi.f2(1430)_g_ls_0r": 1.0,
  "Jpsi->phi.f2(1430)_g_ls_0i": 0.0,
  "Jpsi->phi.f2(1430)_g_ls_1r": 1.396943668295417,
  "Jpsi->phi.f2(1430)_g_ls_1i": -0.3640834258313559,
  "Jpsi->phi.f2(1430)_g_ls_2r": 1.7084073128253752,
  "Jpsi->phi.f2(1430)_g_ls_2i": 2.797086437512749,
  "Jpsi->phi.f2(1430)_g_ls_3r": 1.2002877264507434,
  "Jpsi->phi.f2(1430)_g_ls_3i": -0.1566881371754949,
  "Jpsi->phi.f2(1430)_g_ls_4r": 0.8679466107547809,
  "Jpsi->phi.f2(1430)_g_ls_4i": -0.8154137013315377,
  "f2(1430)->pip.pim_g_ls_0r": 1.0,
  "f2(1430)->pip.pim_g_ls_0i": 0.0,
  "Jpsi->phi.NR_pipi_0.NR_pipi_0.->pip.pim_total_0r": 1.4398482628537295,
  "Jpsi->phi.NR_pipi_0.NR_pipi_0.->pip.pim_total_0i": -3.0544457760961903,
  "Jpsi->phi.NR_pipi_0._g_ls_0r": 1.0,
  "Jpsi->phi.NR_pipi_0._g_ls_0i": 0.0,
  "Jpsi->phi.NR_pipi_0._g_ls_1r": 1.5106394227837794,
  "Jpsi->phi.NR_pipi_0._g_ls_1i": -1.4194644134244585,
  "NR_pipi_0.->pip.pim_g_ls_0r": 1.0,
  "NR_pipi_0.->pip.pim_g_ls_0i": 0.0,
  "K1(1400)p_mass": 1.403,
  "K1(1400)p_width": 0.174,
  "K2(1820)p_mass": 1.819,
  "K2(1820)p_width": 0.264,
  "K2(1980)p_mass": 1.99,
  "K2(1980)p_width": 0.348,
  "K2(2250)p_mass": 2.247,
  "K2(2250)p_width": 0.18,
  "K3(2320)p_mass": 2.324,
  "K3(2320)p_width": 0.15,
  "K1(1400)m_mass": 1.403,
  "K1(1400)m_width": 0.174,
  "K2(1820)m_mass": 1.819,
  "K2(1820)m_width": 0.264,
  "K2(1980)m_mass": 1.99,
  "K2(1980)m_width": 0.348,
  "K3(2320)m_mass": 2.324,
  "K3(2320)m_width": 0.15,
  "f0(980)_flatte_mass": 0.965,
  "f0(980)_flatte_g_0": 1.0154499166640991,
  "f0(980)_flatte_g_1": 0.31827785530789293,
  "f2(1270)_mass": 1.2754,
  "f2(1270)_width": 0.1858,
  "f0(1500)_mass": 1.522,
  "f0(1500)_width": 0.108,
  "f2(1525)_mass": 1.5173,
  "f2(1525)_width": 0.072,
  "f2(1565)_mass": 1.571,
  "f2(1565)_width": 0.132,
  "f0(1710)_mass": 1.733,
  "f0(1710)_width": 0.15,
  "f2(1810)_mass": 1.815,
  "f2(1810)_width": 0.197,
  "Jpsi->K1(1400)p.kmK1(1400)p->phi.kp_total_0r": 1.0,
  "Jpsi->K1(1400)p.kmK1(1400)p->phi.kp_total_0i": 0.0,
  "Jpsi->K1(1400)p.km_g_ls_0r": 1.0,
  "Jpsi->K1(1400)p.km_g_ls_0i": 0.0,
  "Jpsi->K1(1400)p.km_g_ls_1r": 0.9652827228581242,
  "Jpsi->K1(1400)p.km_g_ls_1i": 0.1587119496683984,
  "K1(1400)p->phi.kp_g_ls_0r": 1.0,
  "K1(1400)p->phi.kp_g_ls_0i": 0.0,
  "K1(1400)p->phi.kp_g_ls_1r": 0.8605959881271703,
  "K1(1400)p->phi.kp_g_ls_1i": -0.8548825362710808,
  "Jpsi->K2(1820)p.kmK2(1820)p->phi.kp_total_0r": 0.43453941815883024,
  "Jpsi->K2(1820)p.kmK2(1820)p->phi.kp_total_0i": 1.9141606755779108,
  "Jpsi->K2(1820)p.km_g_ls_0r": 1.0,
  "Jpsi->K2(1820)p.km_g_ls_0i": 0.0,
  "Jpsi->K2(1820)p.km_g_ls_1r": 1.3345033557647903,
  "Jpsi->K2(1820)p.km_g_ls_1i": -2.1404162714574877,
  "K2(1820)p->phi.kp_g_ls_0r": 1.0,
  "K2(1820)p->phi.kp_g_ls_0i": 0.0,
  "K2(1820)p->phi.kp_g_ls_1r": 0.277637908447669,
  "K2(1820)p->phi.kp_g_ls_1i": -0.010184452148455314,
  "Jpsi->K2(1980)p.kmK2(1980)p->phi.kp_total_0r": 1.601674411977338,
  "Jpsi->K2(1980)p.kmK2(1980)p->phi.kp_total_0i": -2.5791612801777677,
  "Jpsi->K2(1980)p.km_g_ls_0r": 1.0,
  "Jpsi->K2(1980)p.km_g_ls_0i": 0.0,
  "K2(1980)p->phi.kp_g_ls_0r": 1.0,
  "K2(1980)p->phi.kp_g_ls_0i": 0.0,
  "Jpsi->K2(2250)p.kmK2(2250)p->phi.kp_total_0r": 0.5240528619436744,
  "Jpsi->K2(2250)p.kmK2(2250)p->phi.kp_total_0i": 0.1866551924349551,
  "Jpsi->K2(2250)p.km_g_ls_0r": 1.0,
  "Jpsi->K2(2250)p.km_g_ls_0i": 0.0,
  "Jpsi->K2(2250)p.km_g_ls_1r": 0.46513288220008153,
  "Jpsi->K2(2250)p.km_g_ls_1i": -1.3385143849653787,
  "K2(2250)p->phi.kp_g_ls_0r": 1.0,
  "K2(2250)p->phi.kp_g_ls_0i": 0.0,
  "K2(2250)p->phi.kp_g_ls_1r": 0.16268083602949268,
  "K2(2250)p->phi.kp_g_ls_1i": 2.4574388297639986,
  "Jpsi->K3(2320)p.kmK3(2320)p->phi.kp_total_0r": 1.5465070702873756,
  "Jpsi->K3(2320)p.kmK3(2320)p->phi.kp_total_0i": 3.0006295135530543,
  "Jpsi->K3(2320)p.km_g_ls_0r": 1.0,
  "Jpsi->K3(2320)p.km_g_ls_0i": 0.0,
  "Jpsi->K3(2320)p.km_g_ls_1r": 0.9166641832292535,
  "Jpsi->K3(2320)p.km_g_ls_1i": 1.5076920214398895,
  "K3(2320)p->phi.kp_g_ls_0r": 1.0,
  "K3(2320)p->phi.kp_g_ls_0i": 0.0,
  "K3(2320)p->phi.kp_g_ls_1r": 1.1621766748647984,
  "K3(2320)p->phi.kp_g_ls_1i": -0.32157084157436344,
  "Jpsi->K1(1400)m.kpK1(1400)m->phi.km_total_0r": 1.0,
  "Jpsi->K1(1400)m.kpK1(1400)m->phi.km_total_0i": 0.0,
  "Jpsi->K1(1400)m.kp_g_ls_0r": 1.0,
  "Jpsi->K1(1400)m.kp_g_ls_0i": 0.0,
  "Jpsi->K1(1400)m.kp_g_ls_1r": 0.9652827228581242,
  "Jpsi->K1(1400)m.kp_g_ls_1i": 0.1587119496683984,
  "K1(1400)m->phi.km_g_ls_0r": 1.0,
  "K1(1400)m->phi.km_g_ls_0i": 0.0,
  "K1(1400)m->phi.km_g_ls_1r": 0.8605959881271703,
  "K1(1400)m->phi.km_g_ls_1i": -0.8548825362710808,
  "Jpsi->K2(1820)m.kpK2(1820)m->phi.km_total_0r": 0.43453941815883024,
  "Jpsi->K2(1820)m.kpK2(1820)m->phi.km_total_0i": 1.9141606755779108,
  "Jpsi->K2(1820)m.kp_g_ls_0r": 1.0,
  "Jpsi->K2(1820)m.kp_g_ls_0i": 0.0,
  "Jpsi->K2(1820)m.kp_g_ls_1r": 1.3345033557647903,
  "Jpsi->K2(1820)m.kp_g_ls_1i": -2.1404162714574877,
  "K2(1820)m->phi.km_g_ls_0r": 1.0,
  "K2(1820)m->phi.km_g_ls_0i": 0.0,
  "K2(1820)m->phi.km_g_ls_1r": 0.277637908447669,
  "K2(1820)m->phi.km_g_ls_1i": -0.010184452148455314,
  "Jpsi->K2(1980)m.kpK2(1980)m->phi.km_total_0r": 1.601674411977338,
  "Jpsi->K2(1980)m.kpK2(1980)m->phi.km_total_0i": -2.5791612801777677,
  "Jpsi->K2(1980)m.kp_g_ls_0r": 1.0,
  "Jpsi->K2(1980)m.kp_g_ls_0i": 0.0,
  "K2(1980)m->phi.km_g_ls_0r": 1.0,
  "K2(1980)m->phi.km_g_ls_0i": 0.0,
  "Jpsi->K2(2250)p.kpK2(2250)p->phi.km_total_0r": 0.09054197960927546,
  "Jpsi->K2(2250)p.kpK2(2250)p->phi.km_total_0i": 0.42950637391668156,
  "Jpsi->K2(2250)p.kp_g_ls_0r": 1.0,
  "Jpsi->K2(2250)p.kp_g_ls_0i": 0.0,
  "Jpsi->K2(2250)p.kp_g_ls_1r": 0.5718392679280035,
  "Jpsi->K2(2250)p.kp_g_ls_1i": -1.0096947278244301,
  "K2(2250)p->phi.km_g_ls_0r": 1.0,
  "K2(2250)p->phi.km_g_ls_0i": 0.0,
  "K2(2250)p->phi.km_g_ls_1r": 0.2474175189406953,
  "K2(2250)p->phi.km_g_ls_1i": 0.06625881803166367,
  "Jpsi->K3(2320)m.kpK3(2320)m->phi.km_total_0r": 1.5465070702873756,
  "Jpsi->K3(2320)m.kpK3(2320)m->phi.km_total_0i": 3.0006295135530543,
  "Jpsi->K3(2320)m.kp_g_ls_0r": 1.0,
  "Jpsi->K3(2320)m.kp_g_ls_0i": 0.0,
  "Jpsi->K3(2320)m.kp_g_ls_1r": 0.9166641832292535,
  "Jpsi->K3(2320)m.kp_g_ls_1i": 1.5076920214398895,
  "K3(2320)m->phi.km_g_ls_0r": 1.0,
  "K3(2320)m->phi.km_g_ls_0i": 0.0,
  "K3(2320)m->phi.km_g_ls_1r": 1.1621766748647984,
  "K3(2320)m->phi.km_g_ls_1i": -0.32157084157436344,
  "Jpsi->phi.f0(980)_flattef0(980)_flatte->kp.km_total_0r": 1.5642251312316287,
  "Jpsi->phi.f0(980)_flattef0(980)_flatte->kp.km_total_0i": 2.229490419808858,
  "Jpsi->phi.f0(980)_flatte_g_ls_0r": 1.0,
  "Jpsi->phi.f0(980)_flatte_g_ls_0i": 0.0,
  "Jpsi->phi.f0(980)_flatte_g_ls_1r": 1.6170509232364885,
  "Jpsi->phi.f0(980)_flatte_g_ls_1i": 1.8565507972933428,
  "f0(980)_flatte->kp.km_g_ls_0r": 1.0,
  "f0(980)_flatte->kp.km_g_ls_0i": 0.0,
  "Jpsi->phi.f2(1270)f2(1270)->kp.km_total_0r": 0.8136908568945218,
  "Jpsi->phi.f2(1270)f2(1270)->kp.km_total_0i": 2.4046839030368323,
  "Jpsi->phi.f2(1270)_g_ls_0r": 1.0,
  "Jpsi->phi.f2(1270)_g_ls_0i": 0.0,
  "Jpsi->phi.f2(1270)_g_ls_1r": 1.3127651405405172,
  "Jpsi->phi.f2(1270)_g_ls_1i": 0.0969408240487395,
  "Jpsi->phi.f2(1270)_g_ls_2r": 0.5989787111053069,
  "Jpsi->phi.f2(1270)_g_ls_2i": -1.6651837892792403,
  "Jpsi->phi.f2(1270)_g_ls_3r": 1.350193120768175,
  "Jpsi->phi.f2(1270)_g_ls_3i": 2.586721425830639,
  "Jpsi->phi.f2(1270)_g_ls_4r": 0.8092948814499605,
  "Jpsi->phi.f2(1270)_g_ls_4i": 0.217505813556516,
  "f2(1270)->kp.km_g_ls_0r": 1.0,
  "f2(1270)->kp.km_g_ls_0i": 0.0,
  "Jpsi->phi.f0(1500)f0(1500)->kp.km_total_0r": 1.7141845121750952,
  "Jpsi->phi.f0(1500)f0(1500)->kp.km_total_0i": -2.9113607831546724,
  "Jpsi->phi.f0(1500)_g_ls_0r": 1.0,
  "Jpsi->phi.f0(1500)_g_ls_0i": 0.0,
  "Jpsi->phi.f0(1500)_g_ls_1r": 1.3666332395425997,
  "Jpsi->phi.f0(1500)_g_ls_1i": -0.8610516989081733,
  "f0(1500)->kp.km_g_ls_0r": 1.0,
  "f0(1500)->kp.km_g_ls_0i": 0.0,
  "Jpsi->phi.f2(1525)f2(1525)->kp.km_total_0r": 1.4166948081597437,
  "Jpsi->phi.f2(1525)f2(1525)->kp.km_total_0i": 0.5072328764952339,
  "Jpsi->phi.f2(1525)_g_ls_0r": 1.0,
  "Jpsi->phi.f2(1525)_g_ls_0i": 0.0,
  "Jpsi->phi.f2(1525)_g_ls_1r": 0.7667577948923605,
  "Jpsi->phi.f2(1525)_g_ls_1i": 3.0537822495034703,
  "Jpsi->phi.f2(1525)_g_ls_2r": 1.9195915412725495,
  "Jpsi->phi.f2(1525)_g_ls_2i": 1.4937346394737423,
  "Jpsi->phi.f2(1525)_g_ls_3r": 1.2777370180978336,
  "Jpsi->phi.f2(1525)_g_ls_3i": 2.646219887758666,
  "Jpsi->phi.f2(1525)_g_ls_4r": 0.6246270167786614,
  "Jpsi->phi.f2(1525)_g_ls_4i": 2.167480383683327,
  "f2(1525)->kp.km_g_ls_0r": 1.0,
  "f2(1525)->kp.km_g_ls_0i": 0.0,
  "Jpsi->phi.f2(1565)f2(1565)->kp.km_total_0r": 0.4091889032675864,
  "Jpsi->phi.f2(1565)f2(1565)->kp.km_total_0i": -1.266217870393878,
  "Jpsi->phi.f2(1565)_g_ls_0r": 1.0,
  "Jpsi->phi.f2(1565)_g_ls_0i": 0.0,
  "Jpsi->phi.f2(1565)_g_ls_1r": 0.3317910212698032,
  "Jpsi->phi.f2(1565)_g_ls_1i": 3.0632094667854792,
  "Jpsi->phi.f2(1565)_g_ls_2r": 0.0747064363694383,
  "Jpsi->phi.f2(1565)_g_ls_2i": -0.8530941752920298,
  "Jpsi->phi.f2(1565)_g_ls_3r": 1.223621562051508,
  "Jpsi->phi.f2(1565)_g_ls_3i": 2.258667109054735,
  "Jpsi->phi.f2(1565)_g_ls_4r": 1.1160872812584355,
  "Jpsi->phi.f2(1565)_g_ls_4i": 0.6938426415293799,
  "f2(1565)->kp.km_g_ls_0r": 1.0,
  "f2(1565)->kp.km_g_ls_0i": 0.0,
  "Jpsi->phi.f0(1710)f0(1710)->kp.km_total_0r": 1.159154823365867,
  "Jpsi->phi.f0(1710)f0(1710)->kp.km_total_0i": -0.7202132778591519,
  "Jpsi->phi.f0(1710)_g_ls_0r": 1.0,
  "Jpsi->phi.f0(1710)_g_ls_0i": 0.0,
  "Jpsi->phi.f0(1710)_g_ls_1r": 1.602389242535506,
  "Jpsi->phi.f0(1710)_g_ls_1i": 0.846164577730963,
  "f0(1710)->kp.km_g_ls_0r": 1.0,
  "f0(1710)->kp.km_g_ls_0i": 0.0,
  "Jpsi->phi.f2(1810)f2(1810)->kp.km_total_0r": 1.6343455989097517,
  "Jpsi->phi.f2(1810)f2(1810)->kp.km_total_0i": -0.5627942168709299,
  "Jpsi->phi.f2(1810)_g_ls_0r": 1.0,
  "Jpsi->phi.f2(1810)_g_ls_0i": 0.0,
  "Jpsi->phi.f2(1810)_g_ls_1r": 0.6948763869381795,
  "Jpsi->phi.f2(1810)_g_ls_1i": -3.130615574738477,
  "Jpsi->phi.f2(1810)_g_ls_2r": 1.598949275259736,
  "Jpsi->phi.f2(1810)_g_ls_2i": -1.2506232290549268,
  "Jpsi->phi.f2(1810)_g_ls_3r": 0.0019088864423584262,
  "Jpsi->phi.f2(1810)_g_ls_3i": 2.4403583866248946,
  "Jpsi->phi.f2(1810)_g_ls_4r": 0.37906917936378903,
  "Jpsi->phi.f2(1810)_g_ls_4i": -1.62388112704175,
  "f2(1810)->kp.km_g_ls_0r": 1.0,
  "f2(1810)->kp.km_g_ls_0i": 0.0
}
nll_grad  cost time: 2.7844414710998535
nll_grad  cost time: 3.0648951530456543
tf.Tensor(260.8138350284935, shape=(), dtype=float64)
nll_grad  cost time: 2.707563638687134
tf.Tensor(-4696.538862268688, shape=(), dtype=float64)
nll_grad  cost time: 2.7852683067321777
nll_grad  cost time: 2.833035707473755
tf.Tensor(-5832.973284368811, shape=(), dtype=float64)
nll_grad  cost time: 2.851184606552124
tf.Tensor(-6809.290570400553, shape=(), dtype=float64)
nll_grad  cost time: 2.7993664741516113
nll_grad  cost time: 2.8604671955108643
tf.Tensor(-7052.991721695827, shape=(), dtype=float64)
nll_grad  cost time: 2.867408037185669
tf.Tensor(-7226.251061780829, shape=(), dtype=float64)
nll_grad  cost time: 3.0249502658843994
tf.Tensor(-7476.366144740416, shape=(), dtype=float64)
nll_grad  cost time: 2.743502140045166
tf.Tensor(-7632.057118480414, shape=(), dtype=float64)
nll_grad  cost time: 2.838383674621582
tf.Tensor(-7925.38554639522, shape=(), dtype=float64)
nll_grad  cost time: 2.971973419189453
tf.Tensor(-8487.869037989134, shape=(), dtype=float64)
nll_grad  cost time: 2.72309947013855
nll_grad  cost time: 2.711810350418091
tf.Tensor(-8614.827826980269, shape=(), dtype=float64)
nll_grad  cost time: 2.9318411350250244
tf.Tensor(-8697.056497218538, shape=(), dtype=float64)
nll_grad  cost time: 2.868716239929199
tf.Tensor(-8806.955537468166, shape=(), dtype=float64)
nll_grad  cost time: 2.8316595554351807
tf.Tensor(-8925.239006987409, shape=(), dtype=float64)
nll_grad  cost time: 2.8398633003234863
tf.Tensor(-9023.195781605478, shape=(), dtype=float64)
nll_grad  cost time: 2.934790849685669
tf.Tensor(-9135.617435664477, shape=(), dtype=float64)
nll_grad  cost time: 2.8014450073242188
tf.Tensor(-9203.88035191661, shape=(), dtype=float64)
nll_grad  cost time: 2.6925830841064453
tf.Tensor(-9262.422500120665, shape=(), dtype=float64)
nll_grad  cost time: 2.8360421657562256
tf.Tensor(-9316.186253007763, shape=(), dtype=float64)
nll_grad  cost time: 2.718832015991211
tf.Tensor(-9375.577979627065, shape=(), dtype=float64)
nll_grad  cost time: 2.6107242107391357
tf.Tensor(-9417.520692277307, shape=(), dtype=float64)
nll_grad  cost time: 2.7620246410369873
tf.Tensor(-9470.437126550707, shape=(), dtype=float64)
nll_grad  cost time: 2.6843366622924805
tf.Tensor(-9520.043395165587, shape=(), dtype=float64)
nll_grad  cost time: 2.8403172492980957
tf.Tensor(-9592.536209072234, shape=(), dtype=float64)
nll_grad  cost time: 2.6745471954345703
tf.Tensor(-9666.231821158872, shape=(), dtype=float64)
nll_grad  cost time: 2.6886966228485107
nll_grad  cost time: 2.8848342895507812
tf.Tensor(-9705.8501162896, shape=(), dtype=float64)
nll_grad  cost time: 2.860485315322876
tf.Tensor(-9747.506056806931, shape=(), dtype=float64)
nll_grad  cost time: 2.7483291625976562
nll_grad  cost time: 2.898536443710327
tf.Tensor(-9770.710371682973, shape=(), dtype=float64)
nll_grad  cost time: 2.8495943546295166
tf.Tensor(-9793.581127757541, shape=(), dtype=float64)
nll_grad  cost time: 2.817875623703003
tf.Tensor(-9815.149543163163, shape=(), dtype=float64)
nll_grad  cost time: 2.7069151401519775
tf.Tensor(-9837.994385233891, shape=(), dtype=float64)
nll_grad  cost time: 2.7897067070007324
tf.Tensor(-9859.036462599062, shape=(), dtype=float64)
nll_grad  cost time: 2.761744499206543
tf.Tensor(-9869.634777339554, shape=(), dtype=float64)
nll_grad  cost time: 2.83567476272583
tf.Tensor(-9880.475597110722, shape=(), dtype=float64)
nll_grad  cost time: 2.822159767150879
tf.Tensor(-9884.594092079395, shape=(), dtype=float64)
nll_grad  cost time: 2.8466732501983643
tf.Tensor(-9890.734732690355, shape=(), dtype=float64)
nll_grad  cost time: 2.76175856590271
tf.Tensor(-9901.941186941054, shape=(), dtype=float64)
nll_grad  cost time: 2.894179344177246
tf.Tensor(-9918.851629809462, shape=(), dtype=float64)
nll_grad  cost time: 2.8144290447235107
tf.Tensor(-9944.73985064021, shape=(), dtype=float64)
nll_grad  cost time: 2.75907039642334
nll_grad  cost time: 2.730301856994629
tf.Tensor(-9959.858948734473, shape=(), dtype=float64)
nll_grad  cost time: 2.7234201431274414
tf.Tensor(-9970.127926287867, shape=(), dtype=float64)
nll_grad  cost time: 2.815194606781006
tf.Tensor(-9981.93049332405, shape=(), dtype=float64)
nll_grad  cost time: 2.6944851875305176
tf.Tensor(-9993.173969772877, shape=(), dtype=float64)
nll_grad  cost time: 2.8284225463867188
tf.Tensor(-10007.01577032615, shape=(), dtype=float64)
nll_grad  cost time: 2.753506898880005
tf.Tensor(-10014.929495954377, shape=(), dtype=float64)
nll_grad  cost time: 2.8385045528411865
tf.Tensor(-10025.095166323474, shape=(), dtype=float64)
nll_grad  cost time: 2.800708055496216
nll_grad  cost time: 2.8247263431549072
tf.Tensor(-10029.356432117784, shape=(), dtype=float64)
nll_grad  cost time: 2.825226306915283
tf.Tensor(-10035.574786899771, shape=(), dtype=float64)
nll_grad  cost time: 2.8612661361694336
tf.Tensor(-10045.788304593487, shape=(), dtype=float64)
nll_grad  cost time: 2.6476244926452637
tf.Tensor(-10055.363492595236, shape=(), dtype=float64)
nll_grad  cost time: 2.6759533882141113
tf.Tensor(-10065.074459871132, shape=(), dtype=float64)
nll_grad  cost time: 2.9199726581573486
tf.Tensor(-10076.05794095184, shape=(), dtype=float64)
nll_grad  cost time: 2.7241313457489014
tf.Tensor(-10090.77492049169, shape=(), dtype=float64)
nll_grad  cost time: 3.0276503562927246
tf.Tensor(-10111.187108308412, shape=(), dtype=float64)
nll_grad  cost time: 2.750112771987915
nll_grad  cost time: 2.6773996353149414
tf.Tensor(-10122.938816138485, shape=(), dtype=float64)
nll_grad  cost time: 2.709728956222534
tf.Tensor(-10136.954113565167, shape=(), dtype=float64)
nll_grad  cost time: 2.7563273906707764
nll_grad  cost time: 2.805380344390869
tf.Tensor(-10145.135963140594, shape=(), dtype=float64)
nll_grad  cost time: 2.824784517288208
tf.Tensor(-10155.050200861282, shape=(), dtype=float64)
nll_grad  cost time: 2.928525924682617
tf.Tensor(-10158.38764972813, shape=(), dtype=float64)
nll_grad  cost time: 2.739260673522949
tf.Tensor(-10161.346337886469, shape=(), dtype=float64)
nll_grad  cost time: 2.8321080207824707
tf.Tensor(-10166.324256454536, shape=(), dtype=float64)
nll_grad  cost time: 2.787729024887085
tf.Tensor(-10172.684165565981, shape=(), dtype=float64)
nll_grad  cost time: 2.930755376815796
tf.Tensor(-10178.508333218822, shape=(), dtype=float64)
nll_grad  cost time: 2.8243777751922607
tf.Tensor(-10186.058834934112, shape=(), dtype=float64)
nll_grad  cost time: 2.980241537094116
tf.Tensor(-10195.41558392941, shape=(), dtype=float64)
nll_grad  cost time: 2.8240103721618652
tf.Tensor(-10204.332140897182, shape=(), dtype=float64)
nll_grad  cost time: 2.8324496746063232
tf.Tensor(-10215.644750243897, shape=(), dtype=float64)
nll_grad  cost time: 2.765512704849243
tf.Tensor(-10233.040955884993, shape=(), dtype=float64)
nll_grad  cost time: 2.7153470516204834
tf.Tensor(-10253.1703101881, shape=(), dtype=float64)
nll_grad  cost time: 2.752077341079712
nll_grad  cost time: 2.7921059131622314
tf.Tensor(-10264.913661570303, shape=(), dtype=float64)
nll_grad  cost time: 2.8348824977874756
nll_grad  cost time: 2.644524097442627
tf.Tensor(-10270.329109673534, shape=(), dtype=float64)
nll_grad  cost time: 2.7125699520111084
tf.Tensor(-10275.990987051176, shape=(), dtype=float64)
nll_grad  cost time: 2.8126907348632812
tf.Tensor(-10282.442822299374, shape=(), dtype=float64)
nll_grad  cost time: 2.687856435775757
tf.Tensor(-10289.52256149675, shape=(), dtype=float64)
nll_grad  cost time: 2.7471582889556885
tf.Tensor(-10297.063573644919, shape=(), dtype=float64)
nll_grad  cost time: 2.9111862182617188
tf.Tensor(-10300.560795752026, shape=(), dtype=float64)
nll_grad  cost time: 2.7518532276153564
tf.Tensor(-10305.593879901135, shape=(), dtype=float64)
nll_grad  cost time: 2.9552533626556396
tf.Tensor(-10310.101448716538, shape=(), dtype=float64)
nll_grad  cost time: 2.856154680252075
tf.Tensor(-10315.995684342983, shape=(), dtype=float64)
nll_grad  cost time: 2.93392276763916
tf.Tensor(-10319.571835507013, shape=(), dtype=float64)
nll_grad  cost time: 2.785642147064209
tf.Tensor(-10324.689480847941, shape=(), dtype=float64)
nll_grad  cost time: 2.6932785511016846
tf.Tensor(-10330.348512136261, shape=(), dtype=float64)
nll_grad  cost time: 2.8409361839294434
tf.Tensor(-10333.381581682232, shape=(), dtype=float64)
nll_grad  cost time: 2.8032917976379395
tf.Tensor(-10336.908935176849, shape=(), dtype=float64)
nll_grad  cost time: 2.7756190299987793
tf.Tensor(-10342.180124263177, shape=(), dtype=float64)
nll_grad  cost time: 2.8093607425689697
tf.Tensor(-10350.302275767739, shape=(), dtype=float64)
nll_grad  cost time: 2.715740442276001
tf.Tensor(-10355.847767394473, shape=(), dtype=float64)
nll_grad  cost time: 2.8345048427581787
tf.Tensor(-10362.3727242288, shape=(), dtype=float64)
nll_grad  cost time: 2.6482584476470947
tf.Tensor(-10369.735660894206, shape=(), dtype=float64)
nll_grad  cost time: 2.81457257270813
tf.Tensor(-10376.230007585866, shape=(), dtype=float64)
nll_grad  cost time: 2.836507797241211
tf.Tensor(-10384.580269432772, shape=(), dtype=float64)
nll_grad  cost time: 2.7265121936798096
tf.Tensor(-10395.290957052188, shape=(), dtype=float64)
nll_grad  cost time: 2.903618574142456
tf.Tensor(-10398.708991775798, shape=(), dtype=float64)
nll_grad  cost time: 2.863290786743164
tf.Tensor(-10404.015428558545, shape=(), dtype=float64)
nll_grad  cost time: 2.8299522399902344
tf.Tensor(-10411.663838950612, shape=(), dtype=float64)
nll_grad  cost time: 2.8604180812835693
tf.Tensor(-10421.26572230908, shape=(), dtype=float64)
nll_grad  cost time: 2.722414255142212
tf.Tensor(-10429.00097350053, shape=(), dtype=float64)
nll_grad  cost time: 2.806220054626465
tf.Tensor(-10436.956800776476, shape=(), dtype=float64)
nll_grad  cost time: 2.819197177886963
tf.Tensor(-10446.643527975932, shape=(), dtype=float64)
nll_grad  cost time: 2.842991590499878
tf.Tensor(-10457.194483397267, shape=(), dtype=float64)
nll_grad  cost time: 2.804020881652832
tf.Tensor(-10469.965931233062, shape=(), dtype=float64)
nll_grad  cost time: 2.898989677429199
nll_grad  cost time: 2.793347120285034
tf.Tensor(-10475.09318880664, shape=(), dtype=float64)
nll_grad  cost time: 2.867276906967163
tf.Tensor(-10482.274893779831, shape=(), dtype=float64)
nll_grad  cost time: 3.06009840965271
tf.Tensor(-10490.445110328932, shape=(), dtype=float64)
nll_grad  cost time: 2.6913130283355713
tf.Tensor(-10493.657522824462, shape=(), dtype=float64)
nll_grad  cost time: 2.822463274002075
tf.Tensor(-10498.695914048425, shape=(), dtype=float64)
nll_grad  cost time: 2.967040538787842
tf.Tensor(-10505.211107530718, shape=(), dtype=float64)
nll_grad  cost time: 2.732560634613037
tf.Tensor(-10511.529392286728, shape=(), dtype=float64)
nll_grad  cost time: 2.8805558681488037
tf.Tensor(-10518.750601812877, shape=(), dtype=float64)
nll_grad  cost time: 2.915740489959717
tf.Tensor(-10522.981099906683, shape=(), dtype=float64)
nll_grad  cost time: 2.782548427581787
tf.Tensor(-10527.165937100057, shape=(), dtype=float64)
nll_grad  cost time: 2.7494571208953857
tf.Tensor(-10531.328870148485, shape=(), dtype=float64)
nll_grad  cost time: 2.8457181453704834
tf.Tensor(-10535.324272990387, shape=(), dtype=float64)
nll_grad  cost time: 2.911095142364502
tf.Tensor(-10541.00733752668, shape=(), dtype=float64)
nll_grad  cost time: 2.6302478313446045
tf.Tensor(-10545.56664163804, shape=(), dtype=float64)
nll_grad  cost time: 2.6013429164886475
tf.Tensor(-10550.279534329384, shape=(), dtype=float64)
nll_grad  cost time: 2.844170093536377
tf.Tensor(-10555.258017626547, shape=(), dtype=float64)
nll_grad  cost time: 2.877203941345215
tf.Tensor(-10561.86633975152, shape=(), dtype=float64)
nll_grad  cost time: 2.942167043685913
tf.Tensor(-10568.56583349299, shape=(), dtype=float64)
nll_grad  cost time: 2.871335744857788
nll_grad  cost time: 2.7784056663513184
tf.Tensor(-10572.36412455047, shape=(), dtype=float64)
nll_grad  cost time: 2.628873586654663
tf.Tensor(-10578.09891119248, shape=(), dtype=float64)
nll_grad  cost time: 2.6932826042175293
tf.Tensor(-10584.161025566922, shape=(), dtype=float64)
nll_grad  cost time: 2.82802152633667
tf.Tensor(-10590.60464073054, shape=(), dtype=float64)
nll_grad  cost time: 2.999419689178467
tf.Tensor(-10596.800590773928, shape=(), dtype=float64)
nll_grad  cost time: 2.7111170291900635
nll_grad  cost time: 2.724336862564087
tf.Tensor(-10599.65016544349, shape=(), dtype=float64)
nll_grad  cost time: 2.7627696990966797
tf.Tensor(-10603.6485719478, shape=(), dtype=float64)
nll_grad  cost time: 2.785975933074951
tf.Tensor(-10607.267336177065, shape=(), dtype=float64)
nll_grad  cost time: 2.6327288150787354
tf.Tensor(-10612.453393439908, shape=(), dtype=float64)
nll_grad  cost time: 2.7059617042541504
tf.Tensor(-10619.180062101681, shape=(), dtype=float64)
nll_grad  cost time: 2.762939691543579
tf.Tensor(-10625.067300775183, shape=(), dtype=float64)
nll_grad  cost time: 2.78566837310791
tf.Tensor(-10631.45998089842, shape=(), dtype=float64)
nll_grad  cost time: 2.8174405097961426
tf.Tensor(-10638.696624280383, shape=(), dtype=float64)
nll_grad  cost time: 2.7427477836608887
tf.Tensor(-10642.933934832523, shape=(), dtype=float64)
nll_grad  cost time: 2.8266892433166504
tf.Tensor(-10645.766799132922, shape=(), dtype=float64)
nll_grad  cost time: 2.6700024604797363
tf.Tensor(-10650.890709014791, shape=(), dtype=float64)
nll_grad  cost time: 2.848651170730591
tf.Tensor(-10658.849467800566, shape=(), dtype=float64)
nll_grad  cost time: 2.7351877689361572
tf.Tensor(-10664.382570331298, shape=(), dtype=float64)
nll_grad  cost time: 2.6444594860076904
tf.Tensor(-10669.987053681063, shape=(), dtype=float64)
nll_grad  cost time: 2.7472217082977295
tf.Tensor(-10673.364780844779, shape=(), dtype=float64)
nll_grad  cost time: 2.812863349914551
tf.Tensor(-10677.05754451124, shape=(), dtype=float64)
nll_grad  cost time: 2.854475498199463
tf.Tensor(-10680.384130527083, shape=(), dtype=float64)
nll_grad  cost time: 2.8102128505706787
tf.Tensor(-10684.493692518387, shape=(), dtype=float64)
nll_grad  cost time: 2.8045575618743896
tf.Tensor(-10687.993938802872, shape=(), dtype=float64)
nll_grad  cost time: 2.9319167137145996
tf.Tensor(-10691.780040258229, shape=(), dtype=float64)
nll_grad  cost time: 2.7265872955322266
tf.Tensor(-10695.40106278957, shape=(), dtype=float64)
nll_grad  cost time: 2.68280029296875
tf.Tensor(-10699.453582249946, shape=(), dtype=float64)
nll_grad  cost time: 2.6203393936157227
tf.Tensor(-10702.268843293125, shape=(), dtype=float64)
nll_grad  cost time: 2.7164318561553955
tf.Tensor(-10705.116698310565, shape=(), dtype=float64)
nll_grad  cost time: 2.6607847213745117
tf.Tensor(-10708.224865430886, shape=(), dtype=float64)
nll_grad  cost time: 2.6931614875793457
tf.Tensor(-10711.9100451872, shape=(), dtype=float64)
nll_grad  cost time: 2.783935308456421
tf.Tensor(-10715.212418885072, shape=(), dtype=float64)
nll_grad  cost time: 2.904114007949829
tf.Tensor(-10719.678752699947, shape=(), dtype=float64)
nll_grad  cost time: 2.8052544593811035
tf.Tensor(-10724.204637373448, shape=(), dtype=float64)
nll_grad  cost time: 2.6967663764953613
tf.Tensor(-10726.001073000596, shape=(), dtype=float64)
nll_grad  cost time: 2.892364740371704
tf.Tensor(-10728.612609294512, shape=(), dtype=float64)
nll_grad  cost time: 2.726311206817627
tf.Tensor(-10731.236118414941, shape=(), dtype=float64)
nll_grad  cost time: 2.857649803161621
tf.Tensor(-10734.05339938197, shape=(), dtype=float64)
nll_grad  cost time: 3.050504684448242
tf.Tensor(-10734.758986439454, shape=(), dtype=float64)
nll_grad  cost time: 2.6951706409454346
tf.Tensor(-10736.016053288906, shape=(), dtype=float64)
nll_grad  cost time: 2.7705905437469482
tf.Tensor(-10738.230277183698, shape=(), dtype=float64)
nll_grad  cost time: 2.7741518020629883
tf.Tensor(-10741.874247212378, shape=(), dtype=float64)
nll_grad  cost time: 2.974857807159424
tf.Tensor(-10745.950929755963, shape=(), dtype=float64)
nll_grad  cost time: 2.7297732830047607
tf.Tensor(-10747.456565955217, shape=(), dtype=float64)
nll_grad  cost time: 2.8083996772766113
tf.Tensor(-10749.783752039148, shape=(), dtype=float64)
nll_grad  cost time: 2.9202492237091064
tf.Tensor(-10752.959990179792, shape=(), dtype=float64)
nll_grad  cost time: 2.99336576461792
tf.Tensor(-10754.151526178524, shape=(), dtype=float64)
nll_grad  cost time: 3.0506772994995117
tf.Tensor(-10756.212164714016, shape=(), dtype=float64)
nll_grad  cost time: 2.8439009189605713
tf.Tensor(-10759.427489839916, shape=(), dtype=float64)
nll_grad  cost time: 2.775970935821533
tf.Tensor(-10762.06710373862, shape=(), dtype=float64)
nll_grad  cost time: 2.890084981918335
tf.Tensor(-10763.657484335643, shape=(), dtype=float64)
nll_grad  cost time: 2.8587112426757812
tf.Tensor(-10765.343913145407, shape=(), dtype=float64)
nll_grad  cost time: 2.837449312210083
tf.Tensor(-10767.062459458291, shape=(), dtype=float64)
nll_grad  cost time: 2.907231092453003
tf.Tensor(-10769.020376456094, shape=(), dtype=float64)
nll_grad  cost time: 2.907895088195801
tf.Tensor(-10771.220270402911, shape=(), dtype=float64)
nll_grad  cost time: 2.962611675262451
tf.Tensor(-10773.008585336582, shape=(), dtype=float64)
nll_grad  cost time: 3.0396206378936768
tf.Tensor(-10775.024291176705, shape=(), dtype=float64)
nll_grad  cost time: 2.819936990737915
tf.Tensor(-10776.534548342941, shape=(), dtype=float64)
nll_grad  cost time: 2.75832200050354
tf.Tensor(-10778.558093484018, shape=(), dtype=float64)
nll_grad  cost time: 2.952265977859497
tf.Tensor(-10779.539796380952, shape=(), dtype=float64)
nll_grad  cost time: 2.733008623123169
tf.Tensor(-10780.975553891134, shape=(), dtype=float64)
nll_grad  cost time: 2.7480013370513916
tf.Tensor(-10782.864882814276, shape=(), dtype=float64)
nll_grad  cost time: 2.76762056350708
tf.Tensor(-10784.209174257296, shape=(), dtype=float64)
nll_grad  cost time: 2.8125579357147217
tf.Tensor(-10786.007877830089, shape=(), dtype=float64)
nll_grad  cost time: 2.6503915786743164
tf.Tensor(-10787.670279987178, shape=(), dtype=float64)
nll_grad  cost time: 2.834007501602173
tf.Tensor(-10789.554134942264, shape=(), dtype=float64)
nll_grad  cost time: 2.9147109985351562
tf.Tensor(-10790.951322167391, shape=(), dtype=float64)
nll_grad  cost time: 2.871462821960449
tf.Tensor(-10792.395778097067, shape=(), dtype=float64)
nll_grad  cost time: 2.7299177646636963
tf.Tensor(-10793.671661977925, shape=(), dtype=float64)
nll_grad  cost time: 2.9024813175201416
tf.Tensor(-10794.88990153536, shape=(), dtype=float64)
nll_grad  cost time: 2.8180763721466064
tf.Tensor(-10795.771539752575, shape=(), dtype=float64)
nll_grad  cost time: 2.679036855697632
tf.Tensor(-10796.859860245255, shape=(), dtype=float64)
nll_grad  cost time: 2.69386625289917
tf.Tensor(-10797.909978291762, shape=(), dtype=float64)
nll_grad  cost time: 2.6692495346069336
tf.Tensor(-10799.053542343907, shape=(), dtype=float64)
nll_grad  cost time: 2.8462934494018555
tf.Tensor(-10800.125724201309, shape=(), dtype=float64)
nll_grad  cost time: 2.8030505180358887
tf.Tensor(-10801.205235510344, shape=(), dtype=float64)
nll_grad  cost time: 2.8289451599121094
tf.Tensor(-10801.64032436959, shape=(), dtype=float64)
nll_grad  cost time: 2.8495407104492188
tf.Tensor(-10802.365441222668, shape=(), dtype=float64)
nll_grad  cost time: 2.776540756225586
tf.Tensor(-10803.464067789027, shape=(), dtype=float64)
nll_grad  cost time: 2.8079936504364014
tf.Tensor(-10804.807906326554, shape=(), dtype=float64)
nll_grad  cost time: 2.76194167137146
tf.Tensor(-10805.223357327603, shape=(), dtype=float64)
nll_grad  cost time: 2.7297141551971436
tf.Tensor(-10805.930854047918, shape=(), dtype=float64)
nll_grad  cost time: 2.8722622394561768
tf.Tensor(-10807.00833959967, shape=(), dtype=float64)
nll_grad  cost time: 2.8370065689086914
tf.Tensor(-10807.808353664768, shape=(), dtype=float64)
nll_grad  cost time: 2.6911938190460205
tf.Tensor(-10808.540278658322, shape=(), dtype=float64)
nll_grad  cost time: 2.697925329208374
tf.Tensor(-10809.1135596217, shape=(), dtype=float64)
nll_grad  cost time: 2.6825437545776367
tf.Tensor(-10809.700145328265, shape=(), dtype=float64)
nll_grad  cost time: 2.829282522201538
tf.Tensor(-10810.435630768188, shape=(), dtype=float64)
nll_grad  cost time: 2.914612054824829
tf.Tensor(-10810.720715556301, shape=(), dtype=float64)
nll_grad  cost time: 2.7666094303131104
tf.Tensor(-10811.119880943836, shape=(), dtype=float64)
nll_grad  cost time: 2.795046091079712
tf.Tensor(-10811.539055170906, shape=(), dtype=float64)
nll_grad  cost time: 2.8353359699249268
tf.Tensor(-10811.86076612617, shape=(), dtype=float64)
nll_grad  cost time: 2.9074385166168213
tf.Tensor(-10812.29505411745, shape=(), dtype=float64)
nll_grad  cost time: 2.7384283542633057
tf.Tensor(-10812.886735848311, shape=(), dtype=float64)
nll_grad  cost time: 2.9336342811584473
tf.Tensor(-10813.507057373587, shape=(), dtype=float64)
nll_grad  cost time: 2.748192548751831
tf.Tensor(-10814.100576599361, shape=(), dtype=float64)
nll_grad  cost time: 2.854822874069214
tf.Tensor(-10814.695529648801, shape=(), dtype=float64)
nll_grad  cost time: 3.0648605823516846
tf.Tensor(-10815.292739899509, shape=(), dtype=float64)
nll_grad  cost time: 2.7524020671844482
tf.Tensor(-10816.025158873155, shape=(), dtype=float64)
nll_grad  cost time: 3.0039420127868652
tf.Tensor(-10816.80554910293, shape=(), dtype=float64)
nll_grad  cost time: 2.6943905353546143
tf.Tensor(-10817.505412519786, shape=(), dtype=float64)
nll_grad  cost time: 2.8015520572662354
tf.Tensor(-10818.039877199219, shape=(), dtype=float64)
nll_grad  cost time: 2.845730781555176
tf.Tensor(-10818.679912024556, shape=(), dtype=float64)
nll_grad  cost time: 2.793384075164795
tf.Tensor(-10819.2595894451, shape=(), dtype=float64)
nll_grad  cost time: 2.7637295722961426
tf.Tensor(-10819.805262727255, shape=(), dtype=float64)
nll_grad  cost time: 2.7919371128082275
tf.Tensor(-10820.331581944425, shape=(), dtype=float64)
nll_grad  cost time: 2.6113381385803223
tf.Tensor(-10820.578069808711, shape=(), dtype=float64)
nll_grad  cost time: 2.6399662494659424
tf.Tensor(-10820.985502275726, shape=(), dtype=float64)
nll_grad  cost time: 2.7248077392578125
tf.Tensor(-10821.632761856483, shape=(), dtype=float64)
nll_grad  cost time: 2.791524887084961
tf.Tensor(-10822.465180269115, shape=(), dtype=float64)
nll_grad  cost time: 2.9006614685058594
tf.Tensor(-10823.372855458547, shape=(), dtype=float64)
nll_grad  cost time: 2.837921619415283
tf.Tensor(-10824.104921547674, shape=(), dtype=float64)
nll_grad  cost time: 2.8777248859405518
tf.Tensor(-10824.962168267004, shape=(), dtype=float64)
nll_grad  cost time: 2.822031021118164
tf.Tensor(-10825.5974299488, shape=(), dtype=float64)
nll_grad  cost time: 2.692531108856201
tf.Tensor(-10826.210013503623, shape=(), dtype=float64)
nll_grad  cost time: 2.7867090702056885
tf.Tensor(-10826.478289840852, shape=(), dtype=float64)
nll_grad  cost time: 2.830641031265259
tf.Tensor(-10826.923901177965, shape=(), dtype=float64)
nll_grad  cost time: 2.892317771911621
tf.Tensor(-10827.512575150795, shape=(), dtype=float64)
nll_grad  cost time: 2.9482011795043945
tf.Tensor(-10828.062406760764, shape=(), dtype=float64)
nll_grad  cost time: 2.824389934539795
tf.Tensor(-10828.529387049253, shape=(), dtype=float64)
nll_grad  cost time: 2.8467233180999756
tf.Tensor(-10828.841630879142, shape=(), dtype=float64)
nll_grad  cost time: 2.887510299682617
tf.Tensor(-10829.334735156554, shape=(), dtype=float64)
nll_grad  cost time: 2.6622426509857178
tf.Tensor(-10829.986804307446, shape=(), dtype=float64)
nll_grad  cost time: 2.8995604515075684
tf.Tensor(-10830.769378362842, shape=(), dtype=float64)
nll_grad  cost time: 2.716365098953247
tf.Tensor(-10831.028428935038, shape=(), dtype=float64)
nll_grad  cost time: 2.724489450454712
tf.Tensor(-10831.408789073059, shape=(), dtype=float64)
nll_grad  cost time: 2.701418161392212
tf.Tensor(-10831.919654874684, shape=(), dtype=float64)
nll_grad  cost time: 2.667029857635498
tf.Tensor(-10832.212944494313, shape=(), dtype=float64)
nll_grad  cost time: 2.819033622741699
tf.Tensor(-10832.54565721508, shape=(), dtype=float64)
nll_grad  cost time: 2.690488815307617
tf.Tensor(-10832.826005763265, shape=(), dtype=float64)
nll_grad  cost time: 2.765460252761841
tf.Tensor(-10833.174755235843, shape=(), dtype=float64)
nll_grad  cost time: 2.8939921855926514
tf.Tensor(-10833.480628846031, shape=(), dtype=float64)
nll_grad  cost time: 2.956625461578369
tf.Tensor(-10833.790024567868, shape=(), dtype=float64)
nll_grad  cost time: 3.1037893295288086
tf.Tensor(-10834.156417552615, shape=(), dtype=float64)
nll_grad  cost time: 2.7760398387908936
tf.Tensor(-10834.57786141277, shape=(), dtype=float64)
nll_grad  cost time: 2.621760129928589
tf.Tensor(-10834.98116707534, shape=(), dtype=float64)
nll_grad  cost time: 2.7048938274383545
tf.Tensor(-10835.356941484119, shape=(), dtype=float64)
nll_grad  cost time: 2.769331932067871
tf.Tensor(-10835.777470142857, shape=(), dtype=float64)
nll_grad  cost time: 2.7710537910461426
tf.Tensor(-10836.05844660769, shape=(), dtype=float64)
nll_grad  cost time: 2.7610232830047607
tf.Tensor(-10836.438199557182, shape=(), dtype=float64)
nll_grad  cost time: 2.871664524078369
tf.Tensor(-10836.661481383366, shape=(), dtype=float64)
nll_grad  cost time: 2.825514793395996
tf.Tensor(-10836.99441584573, shape=(), dtype=float64)
nll_grad  cost time: 2.847568988800049
tf.Tensor(-10837.449455470509, shape=(), dtype=float64)
nll_grad  cost time: 2.5966835021972656
tf.Tensor(-10837.929914822438, shape=(), dtype=float64)
nll_grad  cost time: 2.7672009468078613
tf.Tensor(-10838.368020268324, shape=(), dtype=float64)
nll_grad  cost time: 2.6533901691436768
tf.Tensor(-10838.497416080485, shape=(), dtype=float64)
nll_grad  cost time: 2.7147867679595947
tf.Tensor(-10838.723301797756, shape=(), dtype=float64)
nll_grad  cost time: 2.7679507732391357
tf.Tensor(-10839.087985685874, shape=(), dtype=float64)
nll_grad  cost time: 2.8810524940490723
tf.Tensor(-10839.622947688033, shape=(), dtype=float64)
nll_grad  cost time: 2.819143056869507
tf.Tensor(-10840.210899890131, shape=(), dtype=float64)
nll_grad  cost time: 2.8089756965637207
tf.Tensor(-10840.624229788671, shape=(), dtype=float64)
nll_grad  cost time: 2.948972463607788
tf.Tensor(-10841.13624203969, shape=(), dtype=float64)
nll_grad  cost time: 2.9241998195648193
tf.Tensor(-10841.72583789906, shape=(), dtype=float64)
nll_grad  cost time: 2.8053808212280273
tf.Tensor(-10841.814530362419, shape=(), dtype=float64)
nll_grad  cost time: 2.841146230697632
tf.Tensor(-10841.978358379158, shape=(), dtype=float64)
nll_grad  cost time: 2.7245264053344727
tf.Tensor(-10842.267839320142, shape=(), dtype=float64)
nll_grad  cost time: 2.6496880054473877
tf.Tensor(-10842.706064620703, shape=(), dtype=float64)
nll_grad  cost time: 2.651353597640991
tf.Tensor(-10843.070172542466, shape=(), dtype=float64)
nll_grad  cost time: 2.7509140968322754
tf.Tensor(-10843.16045889743, shape=(), dtype=float64)
nll_grad  cost time: 2.7859020233154297
tf.Tensor(-10843.318682399971, shape=(), dtype=float64)
nll_grad  cost time: 2.819532871246338
tf.Tensor(-10843.588418135696, shape=(), dtype=float64)
nll_grad  cost time: 2.8314177989959717
tf.Tensor(-10843.985612870136, shape=(), dtype=float64)
nll_grad  cost time: 2.7901220321655273
tf.Tensor(-10844.309924707253, shape=(), dtype=float64)
nll_grad  cost time: 2.99004864692688
tf.Tensor(-10844.528253331038, shape=(), dtype=float64)
nll_grad  cost time: 2.827343225479126
tf.Tensor(-10844.774966795107, shape=(), dtype=float64)
nll_grad  cost time: 2.8861355781555176
tf.Tensor(-10845.038401545804, shape=(), dtype=float64)
nll_grad  cost time: 2.81413197517395
tf.Tensor(-10845.306449180149, shape=(), dtype=float64)
nll_grad  cost time: 2.8877227306365967
tf.Tensor(-10845.55001638706, shape=(), dtype=float64)
nll_grad  cost time: 2.8043911457061768
tf.Tensor(-10845.785468681595, shape=(), dtype=float64)
nll_grad  cost time: 2.7540059089660645
tf.Tensor(-10846.105681682337, shape=(), dtype=float64)
nll_grad  cost time: 3.0711824893951416
tf.Tensor(-10846.388116297723, shape=(), dtype=float64)
nll_grad  cost time: 2.8524043560028076
tf.Tensor(-10846.748960832843, shape=(), dtype=float64)
nll_grad  cost time: 2.737633228302002
tf.Tensor(-10846.976833298653, shape=(), dtype=float64)
nll_grad  cost time: 2.9359443187713623
tf.Tensor(-10847.279638958866, shape=(), dtype=float64)
nll_grad  cost time: 2.9147961139678955
tf.Tensor(-10847.604586570931, shape=(), dtype=float64)
nll_grad  cost time: 2.856189489364624
tf.Tensor(-10847.830171663976, shape=(), dtype=float64)
nll_grad  cost time: 2.785348415374756
tf.Tensor(-10848.157763413248, shape=(), dtype=float64)
nll_grad  cost time: 2.8536288738250732
tf.Tensor(-10848.516889984086, shape=(), dtype=float64)
nll_grad  cost time: 2.6613941192626953
nll_grad  cost time: 2.576861619949341
tf.Tensor(-10848.738727416821, shape=(), dtype=float64)
nll_grad  cost time: 2.686368703842163
tf.Tensor(-10848.962030465686, shape=(), dtype=float64)
nll_grad  cost time: 2.6626696586608887
tf.Tensor(-10849.235542445269, shape=(), dtype=float64)
nll_grad  cost time: 2.7834572792053223
tf.Tensor(-10849.509573891406, shape=(), dtype=float64)
nll_grad  cost time: 2.6850814819335938
tf.Tensor(-10849.848638339761, shape=(), dtype=float64)
nll_grad  cost time: 2.9581027030944824
tf.Tensor(-10850.29300667794, shape=(), dtype=float64)
nll_grad  cost time: 2.859705686569214
tf.Tensor(-10850.788014183574, shape=(), dtype=float64)
nll_grad  cost time: 2.7801194190979004
tf.Tensor(-10850.960250565353, shape=(), dtype=float64)
nll_grad  cost time: 2.7572290897369385
tf.Tensor(-10851.240845558375, shape=(), dtype=float64)
nll_grad  cost time: 2.723740577697754
tf.Tensor(-10851.645973730767, shape=(), dtype=float64)
nll_grad  cost time: 2.8913238048553467
tf.Tensor(-10852.001657138142, shape=(), dtype=float64)
nll_grad  cost time: 2.834845781326294
tf.Tensor(-10852.22387855137, shape=(), dtype=float64)
nll_grad  cost time: 2.744443893432617
tf.Tensor(-10852.530911728583, shape=(), dtype=float64)
nll_grad  cost time: 2.584190845489502
tf.Tensor(-10852.886280772294, shape=(), dtype=float64)
nll_grad  cost time: 2.640422821044922
tf.Tensor(-10853.264331399609, shape=(), dtype=float64)
nll_grad  cost time: 2.760176420211792
tf.Tensor(-10853.688392727076, shape=(), dtype=float64)
nll_grad  cost time: 2.9133801460266113
tf.Tensor(-10854.155707594218, shape=(), dtype=float64)
nll_grad  cost time: 2.8230552673339844
tf.Tensor(-10854.746714658435, shape=(), dtype=float64)
nll_grad  cost time: 2.685062885284424
tf.Tensor(-10855.240446783624, shape=(), dtype=float64)
nll_grad  cost time: 2.889075756072998
tf.Tensor(-10855.880788543847, shape=(), dtype=float64)
nll_grad  cost time: 2.6556122303009033
tf.Tensor(-10856.743177241398, shape=(), dtype=float64)
nll_grad  cost time: 2.6573612689971924
tf.Tensor(-10857.649533075535, shape=(), dtype=float64)
nll_grad  cost time: 2.7261736392974854
tf.Tensor(-10858.399525040462, shape=(), dtype=float64)
nll_grad  cost time: 2.9172399044036865
tf.Tensor(-10859.490916209732, shape=(), dtype=float64)
nll_grad  cost time: 2.885554790496826
tf.Tensor(-10860.971457086147, shape=(), dtype=float64)
nll_grad  cost time: 2.8718833923339844
tf.Tensor(-10863.00706670712, shape=(), dtype=float64)
nll_grad  cost time: 2.7786734104156494
tf.Tensor(-10864.985917607104, shape=(), dtype=float64)
nll_grad  cost time: 2.9245095252990723
tf.Tensor(-10866.236709121651, shape=(), dtype=float64)
nll_grad  cost time: 2.822391986846924
tf.Tensor(-10867.564365715116, shape=(), dtype=float64)
nll_grad  cost time: 2.773491859436035
tf.Tensor(-10868.686800925774, shape=(), dtype=float64)
nll_grad  cost time: 2.8757030963897705
tf.Tensor(-10869.413342546424, shape=(), dtype=float64)
nll_grad  cost time: 2.886824131011963
tf.Tensor(-10870.41046099674, shape=(), dtype=float64)
nll_grad  cost time: 2.9811151027679443
tf.Tensor(-10871.209825466012, shape=(), dtype=float64)
nll_grad  cost time: 3.343841075897217
tf.Tensor(-10872.128787457907, shape=(), dtype=float64)
nll_grad  cost time: 2.7594428062438965
tf.Tensor(-10873.156157177964, shape=(), dtype=float64)
nll_grad  cost time: 2.6856894493103027
tf.Tensor(-10874.160480945517, shape=(), dtype=float64)
nll_grad  cost time: 2.8820927143096924
tf.Tensor(-10875.069455286328, shape=(), dtype=float64)
nll_grad  cost time: 2.8063628673553467
tf.Tensor(-10875.558410771297, shape=(), dtype=float64)
nll_grad  cost time: 2.916304111480713
tf.Tensor(-10876.1900915113, shape=(), dtype=float64)
nll_grad  cost time: 2.7647228240966797
tf.Tensor(-10876.885464904095, shape=(), dtype=float64)
nll_grad  cost time: 2.8056015968322754
tf.Tensor(-10877.210770544749, shape=(), dtype=float64)
nll_grad  cost time: 2.6985068321228027
tf.Tensor(-10877.67255897108, shape=(), dtype=float64)
nll_grad  cost time: 2.6802172660827637
tf.Tensor(-10878.276001212624, shape=(), dtype=float64)
nll_grad  cost time: 2.6781322956085205
tf.Tensor(-10878.83209173174, shape=(), dtype=float64)
nll_grad  cost time: 2.7333247661590576
tf.Tensor(-10879.395423939462, shape=(), dtype=float64)
nll_grad  cost time: 2.730574607849121
tf.Tensor(-10880.04751058271, shape=(), dtype=float64)
nll_grad  cost time: 2.7293100357055664
tf.Tensor(-10880.816548430863, shape=(), dtype=float64)
nll_grad  cost time: 2.634620428085327
tf.Tensor(-10880.941030210764, shape=(), dtype=float64)
nll_grad  cost time: 2.982504367828369
tf.Tensor(-10881.171571798815, shape=(), dtype=float64)
nll_grad  cost time: 2.7296485900878906
tf.Tensor(-10881.563399262326, shape=(), dtype=float64)
nll_grad  cost time: 2.759031295776367
tf.Tensor(-10882.099662579778, shape=(), dtype=float64)
nll_grad  cost time: 2.786839723587036
tf.Tensor(-10882.37963040416, shape=(), dtype=float64)
nll_grad  cost time: 2.816960096359253
tf.Tensor(-10882.586777965196, shape=(), dtype=float64)
nll_grad  cost time: 2.707019567489624
tf.Tensor(-10882.817482001752, shape=(), dtype=float64)
nll_grad  cost time: 2.8076345920562744
tf.Tensor(-10883.134667875136, shape=(), dtype=float64)
nll_grad  cost time: 2.773137092590332
tf.Tensor(-10883.555515364376, shape=(), dtype=float64)
nll_grad  cost time: 2.7652430534362793
tf.Tensor(-10883.904484039453, shape=(), dtype=float64)
nll_grad  cost time: 2.7175915241241455
tf.Tensor(-10884.185667721293, shape=(), dtype=float64)
nll_grad  cost time: 2.7122812271118164
tf.Tensor(-10884.404667489078, shape=(), dtype=float64)
nll_grad  cost time: 2.8937978744506836
tf.Tensor(-10884.547740845854, shape=(), dtype=float64)
nll_grad  cost time: 2.6892991065979004
tf.Tensor(-10884.709917327727, shape=(), dtype=float64)
nll_grad  cost time: 2.757894992828369
tf.Tensor(-10884.82725655616, shape=(), dtype=float64)
nll_grad  cost time: 2.7405035495758057
tf.Tensor(-10884.968912344193, shape=(), dtype=float64)
nll_grad  cost time: 2.700995922088623
tf.Tensor(-10885.119577764788, shape=(), dtype=float64)
nll_grad  cost time: 2.8728816509246826
tf.Tensor(-10885.21534144627, shape=(), dtype=float64)
nll_grad  cost time: 2.817176103591919
tf.Tensor(-10885.335423310138, shape=(), dtype=float64)
nll_grad  cost time: 2.8147103786468506
tf.Tensor(-10885.464610532912, shape=(), dtype=float64)
nll_grad  cost time: 2.8108606338500977
tf.Tensor(-10885.630129073921, shape=(), dtype=float64)
nll_grad  cost time: 2.6270387172698975
tf.Tensor(-10885.828958180842, shape=(), dtype=float64)
nll_grad  cost time: 2.8450474739074707
tf.Tensor(-10886.019871276148, shape=(), dtype=float64)
nll_grad  cost time: 2.9927992820739746
tf.Tensor(-10886.246722950647, shape=(), dtype=float64)
nll_grad  cost time: 2.770458698272705
tf.Tensor(-10886.38708845729, shape=(), dtype=float64)
nll_grad  cost time: 2.87469220161438
tf.Tensor(-10886.493205531697, shape=(), dtype=float64)
nll_grad  cost time: 2.781667470932007
tf.Tensor(-10886.619567196623, shape=(), dtype=float64)
nll_grad  cost time: 2.836362838745117
tf.Tensor(-10886.724821532876, shape=(), dtype=float64)
nll_grad  cost time: 2.683664083480835
tf.Tensor(-10886.810168602922, shape=(), dtype=float64)
nll_grad  cost time: 2.608132839202881
tf.Tensor(-10886.900808899307, shape=(), dtype=float64)
nll_grad  cost time: 2.662980318069458
tf.Tensor(-10886.994880758099, shape=(), dtype=float64)
nll_grad  cost time: 2.8100526332855225
tf.Tensor(-10887.081466691106, shape=(), dtype=float64)
nll_grad  cost time: 2.696474313735962
tf.Tensor(-10887.135039455476, shape=(), dtype=float64)
nll_grad  cost time: 2.820574998855591
tf.Tensor(-10887.204927417752, shape=(), dtype=float64)
nll_grad  cost time: 2.693021774291992
tf.Tensor(-10887.306386544133, shape=(), dtype=float64)
nll_grad  cost time: 2.752654552459717
tf.Tensor(-10887.422272904674, shape=(), dtype=float64)
nll_grad  cost time: 2.571749687194824
tf.Tensor(-10887.507160369078, shape=(), dtype=float64)
nll_grad  cost time: 2.817190647125244
tf.Tensor(-10887.579943042427, shape=(), dtype=float64)
nll_grad  cost time: 2.7473034858703613
tf.Tensor(-10887.619547098471, shape=(), dtype=float64)
nll_grad  cost time: 2.5802547931671143
tf.Tensor(-10887.673353274327, shape=(), dtype=float64)
nll_grad  cost time: 2.790435791015625
tf.Tensor(-10887.735355478373, shape=(), dtype=float64)
nll_grad  cost time: 2.709752082824707
tf.Tensor(-10887.7894841333, shape=(), dtype=float64)
nll_grad  cost time: 2.765286445617676
tf.Tensor(-10887.86378812062, shape=(), dtype=float64)
nll_grad  cost time: 2.6503334045410156
tf.Tensor(-10887.92741331764, shape=(), dtype=float64)
nll_grad  cost time: 2.834836006164551
tf.Tensor(-10887.98533246659, shape=(), dtype=float64)
nll_grad  cost time: 2.9129772186279297
tf.Tensor(-10888.046246446673, shape=(), dtype=float64)
nll_grad  cost time: 2.819154739379883
tf.Tensor(-10888.094067115057, shape=(), dtype=float64)
nll_grad  cost time: 2.816859722137451
tf.Tensor(-10888.138224202172, shape=(), dtype=float64)
nll_grad  cost time: 2.8236756324768066
tf.Tensor(-10888.196952096037, shape=(), dtype=float64)
nll_grad  cost time: 2.907557249069214
tf.Tensor(-10888.271212386924, shape=(), dtype=float64)
nll_grad  cost time: 2.7891786098480225
tf.Tensor(-10888.336792412229, shape=(), dtype=float64)
nll_grad  cost time: 2.7210276126861572
tf.Tensor(-10888.413921709405, shape=(), dtype=float64)
nll_grad  cost time: 2.798797369003296
tf.Tensor(-10888.482026619658, shape=(), dtype=float64)
nll_grad  cost time: 2.7246527671813965
tf.Tensor(-10888.534482886967, shape=(), dtype=float64)
nll_grad  cost time: 2.768869400024414
tf.Tensor(-10888.57970766581, shape=(), dtype=float64)
nll_grad  cost time: 2.865684986114502
tf.Tensor(-10888.616378938961, shape=(), dtype=float64)
nll_grad  cost time: 2.7198610305786133
tf.Tensor(-10888.653953824261, shape=(), dtype=float64)
nll_grad  cost time: 2.824186325073242
tf.Tensor(-10888.693932501206, shape=(), dtype=float64)
nll_grad  cost time: 2.825014114379883
tf.Tensor(-10888.746143547432, shape=(), dtype=float64)
nll_grad  cost time: 2.9899542331695557
tf.Tensor(-10888.808730284745, shape=(), dtype=float64)
nll_grad  cost time: 2.796379804611206
tf.Tensor(-10888.855009952833, shape=(), dtype=float64)
nll_grad  cost time: 2.6978633403778076
tf.Tensor(-10888.906060852365, shape=(), dtype=float64)
nll_grad  cost time: 2.793018102645874
tf.Tensor(-10888.961301675237, shape=(), dtype=float64)
nll_grad  cost time: 2.8209710121154785
tf.Tensor(-10889.004538334513, shape=(), dtype=float64)
nll_grad  cost time: 2.773697853088379
tf.Tensor(-10889.041278927103, shape=(), dtype=float64)
nll_grad  cost time: 2.782317876815796
tf.Tensor(-10889.082417502334, shape=(), dtype=float64)
nll_grad  cost time: 2.9138174057006836
tf.Tensor(-10889.120853061904, shape=(), dtype=float64)
nll_grad  cost time: 2.7263712882995605
tf.Tensor(-10889.165287567157, shape=(), dtype=float64)
nll_grad  cost time: 3.018947124481201
tf.Tensor(-10889.206235364585, shape=(), dtype=float64)
nll_grad  cost time: 2.920398473739624
tf.Tensor(-10889.237013617669, shape=(), dtype=float64)
nll_grad  cost time: 2.8982744216918945
tf.Tensor(-10889.26768444504, shape=(), dtype=float64)
nll_grad  cost time: 2.7836804389953613
tf.Tensor(-10889.308936300127, shape=(), dtype=float64)
nll_grad  cost time: 2.82434344291687
tf.Tensor(-10889.366912569589, shape=(), dtype=float64)
nll_grad  cost time: 2.880213499069214
tf.Tensor(-10889.43557580602, shape=(), dtype=float64)
nll_grad  cost time: 2.6909830570220947
tf.Tensor(-10889.49569672945, shape=(), dtype=float64)
nll_grad  cost time: 2.7356996536254883
tf.Tensor(-10889.577231541338, shape=(), dtype=float64)
nll_grad  cost time: 3.0655746459960938
tf.Tensor(-10889.657493227318, shape=(), dtype=float64)
nll_grad  cost time: 2.743295907974243
tf.Tensor(-10889.71132277575, shape=(), dtype=float64)
nll_grad  cost time: 2.723505735397339
tf.Tensor(-10889.783521989415, shape=(), dtype=float64)
nll_grad  cost time: 2.7855215072631836
tf.Tensor(-10889.845349987518, shape=(), dtype=float64)
nll_grad  cost time: 2.69431209564209
tf.Tensor(-10889.893351976578, shape=(), dtype=float64)
nll_grad  cost time: 2.830547571182251
tf.Tensor(-10889.954016899948, shape=(), dtype=float64)
nll_grad  cost time: 2.75069260597229
tf.Tensor(-10890.007195224993, shape=(), dtype=float64)
nll_grad  cost time: 2.8335752487182617
tf.Tensor(-10890.047764755676, shape=(), dtype=float64)
nll_grad  cost time: 2.7915499210357666
tf.Tensor(-10890.093649973092, shape=(), dtype=float64)
nll_grad  cost time: 2.632524251937866
tf.Tensor(-10890.135782998765, shape=(), dtype=float64)
nll_grad  cost time: 2.7614312171936035
tf.Tensor(-10890.18137078495, shape=(), dtype=float64)
nll_grad  cost time: 2.758709192276001
tf.Tensor(-10890.231482038456, shape=(), dtype=float64)
nll_grad  cost time: 3.024850368499756
tf.Tensor(-10890.277973096854, shape=(), dtype=float64)
nll_grad  cost time: 2.8374853134155273
tf.Tensor(-10890.32184115455, shape=(), dtype=float64)
nll_grad  cost time: 2.8546066284179688
tf.Tensor(-10890.375056019893, shape=(), dtype=float64)
nll_grad  cost time: 2.7796852588653564
tf.Tensor(-10890.438110156043, shape=(), dtype=float64)
nll_grad  cost time: 2.7867259979248047
tf.Tensor(-10890.48765089969, shape=(), dtype=float64)
nll_grad  cost time: 2.7079310417175293
tf.Tensor(-10890.52772910566, shape=(), dtype=float64)
nll_grad  cost time: 2.764329433441162
tf.Tensor(-10890.55161183036, shape=(), dtype=float64)
nll_grad  cost time: 2.762359142303467
tf.Tensor(-10890.577560178375, shape=(), dtype=float64)
nll_grad  cost time: 2.7568163871765137
tf.Tensor(-10890.602336764507, shape=(), dtype=float64)
nll_grad  cost time: 2.803128242492676
tf.Tensor(-10890.62398036239, shape=(), dtype=float64)
nll_grad  cost time: 2.8565242290496826
tf.Tensor(-10890.648715990272, shape=(), dtype=float64)
nll_grad  cost time: 2.7913658618927
tf.Tensor(-10890.675395165268, shape=(), dtype=float64)
nll_grad  cost time: 2.8011577129364014
tf.Tensor(-10890.703411185517, shape=(), dtype=float64)
nll_grad  cost time: 3.0452325344085693
tf.Tensor(-10890.729470817481, shape=(), dtype=float64)
nll_grad  cost time: 2.6902081966400146
tf.Tensor(-10890.748293611396, shape=(), dtype=float64)
nll_grad  cost time: 2.6553564071655273
tf.Tensor(-10890.770018878902, shape=(), dtype=float64)
nll_grad  cost time: 2.4901325702667236
tf.Tensor(-10890.790389716356, shape=(), dtype=float64)
nll_grad  cost time: 2.545175313949585
tf.Tensor(-10890.809696850494, shape=(), dtype=float64)
nll_grad  cost time: 2.583742141723633
tf.Tensor(-10890.827271444556, shape=(), dtype=float64)
nll_grad  cost time: 2.4980106353759766
tf.Tensor(-10890.84530381648, shape=(), dtype=float64)
nll_grad  cost time: 2.507023334503174
tf.Tensor(-10890.866049191802, shape=(), dtype=float64)
nll_grad  cost time: 2.5928027629852295
tf.Tensor(-10890.888152803087, shape=(), dtype=float64)
nll_grad  cost time: 2.423720598220825
tf.Tensor(-10890.906593727752, shape=(), dtype=float64)
nll_grad  cost time: 2.375335693359375
tf.Tensor(-10890.919610678327, shape=(), dtype=float64)
nll_grad  cost time: 2.5242745876312256
tf.Tensor(-10890.93130243431, shape=(), dtype=float64)
nll_grad  cost time: 2.4652090072631836
tf.Tensor(-10890.944925877928, shape=(), dtype=float64)
nll_grad  cost time: 2.5500009059906006
tf.Tensor(-10890.963612422864, shape=(), dtype=float64)
nll_grad  cost time: 2.5036444664001465
tf.Tensor(-10890.985951693692, shape=(), dtype=float64)
nll_grad  cost time: 2.480278491973877
tf.Tensor(-10891.008319664586, shape=(), dtype=float64)
nll_grad  cost time: 2.425058603286743
tf.Tensor(-10891.02654177041, shape=(), dtype=float64)
nll_grad  cost time: 2.4352455139160156
tf.Tensor(-10891.04388260646, shape=(), dtype=float64)
nll_grad  cost time: 2.459333896636963
tf.Tensor(-10891.058874358452, shape=(), dtype=float64)
nll_grad  cost time: 2.44762921333313
tf.Tensor(-10891.069812686583, shape=(), dtype=float64)
nll_grad  cost time: 2.5668623447418213
tf.Tensor(-10891.082394971247, shape=(), dtype=float64)
nll_grad  cost time: 2.4890809059143066
tf.Tensor(-10891.10045117815, shape=(), dtype=float64)
nll_grad  cost time: 2.4343440532684326
tf.Tensor(-10891.121204210573, shape=(), dtype=float64)
nll_grad  cost time: 2.526365041732788
tf.Tensor(-10891.141687791227, shape=(), dtype=float64)
nll_grad  cost time: 2.4948251247406006
tf.Tensor(-10891.156110625601, shape=(), dtype=float64)
nll_grad  cost time: 2.3990821838378906
tf.Tensor(-10891.172085160579, shape=(), dtype=float64)
nll_grad  cost time: 2.4312636852264404
tf.Tensor(-10891.188203287838, shape=(), dtype=float64)
nll_grad  cost time: 2.50738787651062
tf.Tensor(-10891.211658772223, shape=(), dtype=float64)
nll_grad  cost time: 2.502396821975708
tf.Tensor(-10891.232131160887, shape=(), dtype=float64)
nll_grad  cost time: 2.4993884563446045
tf.Tensor(-10891.250651656334, shape=(), dtype=float64)
nll_grad  cost time: 2.549891948699951
tf.Tensor(-10891.271987643227, shape=(), dtype=float64)
nll_grad  cost time: 2.4934628009796143
tf.Tensor(-10891.28921210394, shape=(), dtype=float64)
nll_grad  cost time: 2.594271659851074
tf.Tensor(-10891.305154905018, shape=(), dtype=float64)
nll_grad  cost time: 2.4393608570098877
tf.Tensor(-10891.320612038406, shape=(), dtype=float64)
nll_grad  cost time: 2.598493814468384
tf.Tensor(-10891.337333235377, shape=(), dtype=float64)
nll_grad  cost time: 2.5578792095184326
tf.Tensor(-10891.36243603097, shape=(), dtype=float64)
nll_grad  cost time: 2.5713934898376465
tf.Tensor(-10891.400893204453, shape=(), dtype=float64)
nll_grad  cost time: 2.5140905380249023
tf.Tensor(-10891.446028079092, shape=(), dtype=float64)
nll_grad  cost time: 2.5208897590637207
tf.Tensor(-10891.473487154006, shape=(), dtype=float64)
nll_grad  cost time: 2.4372365474700928
tf.Tensor(-10891.511408773375, shape=(), dtype=float64)
nll_grad  cost time: 2.551727533340454
tf.Tensor(-10891.557018659663, shape=(), dtype=float64)
nll_grad  cost time: 2.50813364982605
nll_grad  cost time: 2.4318392276763916
tf.Tensor(-10891.584057652577, shape=(), dtype=float64)
nll_grad  cost time: 2.511524200439453
tf.Tensor(-10891.615150100206, shape=(), dtype=float64)
nll_grad  cost time: 2.653473138809204
tf.Tensor(-10891.65689173235, shape=(), dtype=float64)
nll_grad  cost time: 2.4248905181884766
tf.Tensor(-10891.70589299301, shape=(), dtype=float64)
nll_grad  cost time: 2.4797346591949463
tf.Tensor(-10891.760211397901, shape=(), dtype=float64)
nll_grad  cost time: 2.42960524559021
tf.Tensor(-10891.815725900182, shape=(), dtype=float64)
nll_grad  cost time: 2.451531410217285
tf.Tensor(-10891.878898548282, shape=(), dtype=float64)
nll_grad  cost time: 2.408613920211792
tf.Tensor(-10891.943099439715, shape=(), dtype=float64)
nll_grad  cost time: 2.3873281478881836
tf.Tensor(-10892.00778427504, shape=(), dtype=float64)
nll_grad  cost time: 2.415107488632202
tf.Tensor(-10892.055286642291, shape=(), dtype=float64)
nll_grad  cost time: 2.4106526374816895
tf.Tensor(-10892.112401748589, shape=(), dtype=float64)
nll_grad  cost time: 2.3740110397338867
tf.Tensor(-10892.128289782304, shape=(), dtype=float64)
nll_grad  cost time: 2.397643566131592
tf.Tensor(-10892.15386331519, shape=(), dtype=float64)
nll_grad  cost time: 2.3835601806640625
tf.Tensor(-10892.194115102342, shape=(), dtype=float64)
nll_grad  cost time: 2.524275779724121
tf.Tensor(-10892.247735979989, shape=(), dtype=float64)
nll_grad  cost time: 2.902343988418579
tf.Tensor(-10892.294082622648, shape=(), dtype=float64)
nll_grad  cost time: 2.8101091384887695
tf.Tensor(-10892.34188374284, shape=(), dtype=float64)
nll_grad  cost time: 2.9385032653808594
tf.Tensor(-10892.396104224197, shape=(), dtype=float64)
nll_grad  cost time: 2.813666820526123
tf.Tensor(-10892.424328161906, shape=(), dtype=float64)
nll_grad  cost time: 2.877485990524292
tf.Tensor(-10892.464058409292, shape=(), dtype=float64)
nll_grad  cost time: 2.878401279449463
tf.Tensor(-10892.496142270771, shape=(), dtype=float64)
nll_grad  cost time: 2.967691421508789
tf.Tensor(-10892.520231179267, shape=(), dtype=float64)
nll_grad  cost time: 2.8603014945983887
tf.Tensor(-10892.547061090943, shape=(), dtype=float64)
nll_grad  cost time: 2.759272575378418
tf.Tensor(-10892.578328510215, shape=(), dtype=float64)
nll_grad  cost time: 2.835247278213501
tf.Tensor(-10892.606396922783, shape=(), dtype=float64)
nll_grad  cost time: 2.7324819564819336
tf.Tensor(-10892.644861134348, shape=(), dtype=float64)
nll_grad  cost time: 2.5335543155670166
tf.Tensor(-10892.688316106505, shape=(), dtype=float64)
nll_grad  cost time: 2.499216079711914
tf.Tensor(-10892.715265996638, shape=(), dtype=float64)
nll_grad  cost time: 2.561100721359253
tf.Tensor(-10892.739589689667, shape=(), dtype=float64)
nll_grad  cost time: 2.490767478942871
tf.Tensor(-10892.759118020604, shape=(), dtype=float64)
nll_grad  cost time: 2.5196425914764404
tf.Tensor(-10892.782452567135, shape=(), dtype=float64)
nll_grad  cost time: 2.5577220916748047
tf.Tensor(-10892.807909892537, shape=(), dtype=float64)
nll_grad  cost time: 2.5688226222991943
tf.Tensor(-10892.840874311201, shape=(), dtype=float64)
nll_grad  cost time: 2.569869041442871
tf.Tensor(-10892.871652315425, shape=(), dtype=float64)
nll_grad  cost time: 2.559765100479126
tf.Tensor(-10892.891993469868, shape=(), dtype=float64)
nll_grad  cost time: 2.589221477508545
tf.Tensor(-10892.914459770225, shape=(), dtype=float64)
nll_grad  cost time: 2.671476125717163
tf.Tensor(-10892.935974239823, shape=(), dtype=float64)
nll_grad  cost time: 2.6683402061462402
tf.Tensor(-10892.95800213622, shape=(), dtype=float64)
nll_grad  cost time: 2.6426901817321777
tf.Tensor(-10892.98253669012, shape=(), dtype=float64)
nll_grad  cost time: 2.738555908203125
tf.Tensor(-10893.004430883397, shape=(), dtype=float64)
nll_grad  cost time: 2.5512537956237793
tf.Tensor(-10893.029687317587, shape=(), dtype=float64)
nll_grad  cost time: 2.590519905090332
tf.Tensor(-10893.054222937575, shape=(), dtype=float64)
nll_grad  cost time: 2.5178840160369873
tf.Tensor(-10893.071004771864, shape=(), dtype=float64)
nll_grad  cost time: 2.55267333984375
tf.Tensor(-10893.083351901932, shape=(), dtype=float64)
nll_grad  cost time: 2.5508642196655273
tf.Tensor(-10893.100825036901, shape=(), dtype=float64)
nll_grad  cost time: 2.51955246925354
tf.Tensor(-10893.123540211931, shape=(), dtype=float64)
nll_grad  cost time: 2.4213027954101562
tf.Tensor(-10893.147999724428, shape=(), dtype=float64)
nll_grad  cost time: 2.511594533920288
tf.Tensor(-10893.178033233653, shape=(), dtype=float64)
nll_grad  cost time: 2.5651845932006836
tf.Tensor(-10893.208477076292, shape=(), dtype=float64)
nll_grad  cost time: 2.490110397338867
tf.Tensor(-10893.233671351434, shape=(), dtype=float64)
nll_grad  cost time: 2.451901912689209
tf.Tensor(-10893.256730897629, shape=(), dtype=float64)
nll_grad  cost time: 2.521604299545288
tf.Tensor(-10893.275615995677, shape=(), dtype=float64)
nll_grad  cost time: 2.5065066814422607
tf.Tensor(-10893.295115823072, shape=(), dtype=float64)
nll_grad  cost time: 2.4995765686035156
tf.Tensor(-10893.32019735047, shape=(), dtype=float64)
nll_grad  cost time: 2.4995691776275635
tf.Tensor(-10893.352076440995, shape=(), dtype=float64)
nll_grad  cost time: 2.507248878479004
tf.Tensor(-10893.370811011144, shape=(), dtype=float64)
nll_grad  cost time: 2.5141475200653076
tf.Tensor(-10893.394291789846, shape=(), dtype=float64)
nll_grad  cost time: 2.481753349304199
tf.Tensor(-10893.417311033605, shape=(), dtype=float64)
nll_grad  cost time: 2.5905234813690186
tf.Tensor(-10893.441075705181, shape=(), dtype=float64)
nll_grad  cost time: 2.597738265991211
tf.Tensor(-10893.465214225485, shape=(), dtype=float64)
nll_grad  cost time: 2.613159656524658
tf.Tensor(-10893.489318790107, shape=(), dtype=float64)
nll_grad  cost time: 2.5176143646240234
tf.Tensor(-10893.51671299011, shape=(), dtype=float64)
nll_grad  cost time: 2.543501853942871
tf.Tensor(-10893.548166744382, shape=(), dtype=float64)
nll_grad  cost time: 2.7015411853790283
tf.Tensor(-10893.583411898795, shape=(), dtype=float64)
nll_grad  cost time: 3.0116019248962402
tf.Tensor(-10893.604679751392, shape=(), dtype=float64)
nll_grad  cost time: 2.875514268875122
tf.Tensor(-10893.618844953697, shape=(), dtype=float64)
nll_grad  cost time: 2.856478452682495
tf.Tensor(-10893.62902385775, shape=(), dtype=float64)
nll_grad  cost time: 2.8641223907470703
tf.Tensor(-10893.639112963574, shape=(), dtype=float64)
nll_grad  cost time: 2.771608829498291
tf.Tensor(-10893.65008104255, shape=(), dtype=float64)
nll_grad  cost time: 2.789858818054199
tf.Tensor(-10893.662579224343, shape=(), dtype=float64)
nll_grad  cost time: 2.918729543685913
tf.Tensor(-10893.670857560708, shape=(), dtype=float64)
nll_grad  cost time: 2.9462485313415527
tf.Tensor(-10893.681509828573, shape=(), dtype=float64)
nll_grad  cost time: 2.872884750366211
tf.Tensor(-10893.69630599102, shape=(), dtype=float64)
nll_grad  cost time: 3.1375911235809326
tf.Tensor(-10893.70941879279, shape=(), dtype=float64)
nll_grad  cost time: 2.557058572769165
tf.Tensor(-10893.719598137825, shape=(), dtype=float64)
nll_grad  cost time: 2.504119873046875
tf.Tensor(-10893.728610811955, shape=(), dtype=float64)
nll_grad  cost time: 2.5456326007843018
tf.Tensor(-10893.73815592812, shape=(), dtype=float64)
nll_grad  cost time: 2.5987355709075928
tf.Tensor(-10893.748719524676, shape=(), dtype=float64)
nll_grad  cost time: 2.5209851264953613
tf.Tensor(-10893.76120876901, shape=(), dtype=float64)
nll_grad  cost time: 2.4998855590820312
tf.Tensor(-10893.774888521544, shape=(), dtype=float64)
nll_grad  cost time: 2.526928186416626
tf.Tensor(-10893.78711517408, shape=(), dtype=float64)
nll_grad  cost time: 2.5921125411987305
tf.Tensor(-10893.798382177189, shape=(), dtype=float64)
nll_grad  cost time: 2.6780760288238525
tf.Tensor(-10893.812538826642, shape=(), dtype=float64)
nll_grad  cost time: 2.609867572784424
tf.Tensor(-10893.831012525428, shape=(), dtype=float64)
nll_grad  cost time: 2.548413038253784
tf.Tensor(-10893.850816095033, shape=(), dtype=float64)
nll_grad  cost time: 2.734894275665283
tf.Tensor(-10893.868338517801, shape=(), dtype=float64)
nll_grad  cost time: 2.5730533599853516
tf.Tensor(-10893.883181900575, shape=(), dtype=float64)
nll_grad  cost time: 2.593636989593506
tf.Tensor(-10893.89466291108, shape=(), dtype=float64)
nll_grad  cost time: 2.5905375480651855
tf.Tensor(-10893.904540641066, shape=(), dtype=float64)
nll_grad  cost time: 2.619091749191284
tf.Tensor(-10893.911292019955, shape=(), dtype=float64)
nll_grad  cost time: 2.5443577766418457
tf.Tensor(-10893.916545083655, shape=(), dtype=float64)
nll_grad  cost time: 2.532050371170044
tf.Tensor(-10893.920739219971, shape=(), dtype=float64)
nll_grad  cost time: 2.5414607524871826
tf.Tensor(-10893.926056646855, shape=(), dtype=float64)
nll_grad  cost time: 2.5051193237304688
tf.Tensor(-10893.933629174375, shape=(), dtype=float64)
nll_grad  cost time: 2.5322937965393066
tf.Tensor(-10893.941566880494, shape=(), dtype=float64)
nll_grad  cost time: 2.46260404586792
tf.Tensor(-10893.948071449176, shape=(), dtype=float64)
nll_grad  cost time: 2.4253971576690674
tf.Tensor(-10893.955228242703, shape=(), dtype=float64)
nll_grad  cost time: 2.5890872478485107
tf.Tensor(-10893.961501930928, shape=(), dtype=float64)
nll_grad  cost time: 2.5189762115478516
tf.Tensor(-10893.96648752487, shape=(), dtype=float64)
nll_grad  cost time: 2.531153440475464
tf.Tensor(-10893.970635616166, shape=(), dtype=float64)
nll_grad  cost time: 2.523360252380371
tf.Tensor(-10893.975582239542, shape=(), dtype=float64)
nll_grad  cost time: 2.5594301223754883
tf.Tensor(-10893.981536819287, shape=(), dtype=float64)
nll_grad  cost time: 2.523165464401245
tf.Tensor(-10893.989110471517, shape=(), dtype=float64)
nll_grad  cost time: 2.6096608638763428
tf.Tensor(-10893.995108697276, shape=(), dtype=float64)
nll_grad  cost time: 2.6328125
tf.Tensor(-10894.001897263799, shape=(), dtype=float64)
nll_grad  cost time: 2.854790210723877
tf.Tensor(-10894.007716354536, shape=(), dtype=float64)
nll_grad  cost time: 2.5626094341278076
tf.Tensor(-10894.0143147811, shape=(), dtype=float64)
nll_grad  cost time: 2.525195837020874
tf.Tensor(-10894.022653708198, shape=(), dtype=float64)
nll_grad  cost time: 2.5728461742401123
tf.Tensor(-10894.032967590705, shape=(), dtype=float64)
nll_grad  cost time: 2.6773197650909424
tf.Tensor(-10894.043313758175, shape=(), dtype=float64)
nll_grad  cost time: 2.619713068008423
tf.Tensor(-10894.050606575463, shape=(), dtype=float64)
nll_grad  cost time: 2.6242165565490723
tf.Tensor(-10894.056706676278, shape=(), dtype=float64)
nll_grad  cost time: 2.568812608718872
tf.Tensor(-10894.062242193017, shape=(), dtype=float64)
nll_grad  cost time: 2.5647969245910645
tf.Tensor(-10894.067052549071, shape=(), dtype=float64)
nll_grad  cost time: 2.602142333984375
tf.Tensor(-10894.071101671449, shape=(), dtype=float64)
nll_grad  cost time: 2.484316825866699
tf.Tensor(-10894.074240818565, shape=(), dtype=float64)
nll_grad  cost time: 2.5053889751434326
tf.Tensor(-10894.07708690962, shape=(), dtype=float64)
nll_grad  cost time: 2.5956764221191406
tf.Tensor(-10894.080601481364, shape=(), dtype=float64)
nll_grad  cost time: 2.6471989154815674
tf.Tensor(-10894.083986675421, shape=(), dtype=float64)
nll_grad  cost time: 2.5549676418304443
tf.Tensor(-10894.08762473884, shape=(), dtype=float64)
nll_grad  cost time: 2.516613006591797
tf.Tensor(-10894.090749385789, shape=(), dtype=float64)
nll_grad  cost time: 2.6058828830718994
tf.Tensor(-10894.093424477938, shape=(), dtype=float64)
nll_grad  cost time: 2.557278633117676
tf.Tensor(-10894.095952989624, shape=(), dtype=float64)
nll_grad  cost time: 2.5703766345977783
tf.Tensor(-10894.098487225772, shape=(), dtype=float64)
nll_grad  cost time: 2.5836269855499268
tf.Tensor(-10894.100921067089, shape=(), dtype=float64)
nll_grad  cost time: 2.5555779933929443
tf.Tensor(-10894.103152446223, shape=(), dtype=float64)
nll_grad  cost time: 2.641065835952759
tf.Tensor(-10894.105184096574, shape=(), dtype=float64)
nll_grad  cost time: 2.677511692047119
tf.Tensor(-10894.10723489985, shape=(), dtype=float64)
nll_grad  cost time: 2.736131191253662
tf.Tensor(-10894.110378913123, shape=(), dtype=float64)
nll_grad  cost time: 2.5572917461395264
tf.Tensor(-10894.113978140005, shape=(), dtype=float64)
nll_grad  cost time: 2.614543914794922
tf.Tensor(-10894.116810541102, shape=(), dtype=float64)
nll_grad  cost time: 2.746840476989746
tf.Tensor(-10894.120136799731, shape=(), dtype=float64)
nll_grad  cost time: 2.665140151977539
tf.Tensor(-10894.123302253105, shape=(), dtype=float64)
nll_grad  cost time: 2.6386001110076904
tf.Tensor(-10894.126254917963, shape=(), dtype=float64)
nll_grad  cost time: 2.6011462211608887
tf.Tensor(-10894.128725439627, shape=(), dtype=float64)
nll_grad  cost time: 2.683119773864746
tf.Tensor(-10894.130632475208, shape=(), dtype=float64)
nll_grad  cost time: 2.581036329269409
tf.Tensor(-10894.132480076507, shape=(), dtype=float64)
nll_grad  cost time: 2.603044271469116
tf.Tensor(-10894.134162776878, shape=(), dtype=float64)
nll_grad  cost time: 2.663092851638794
tf.Tensor(-10894.1359761337, shape=(), dtype=float64)
nll_grad  cost time: 2.674586534500122
tf.Tensor(-10894.138266525366, shape=(), dtype=float64)
nll_grad  cost time: 2.6224682331085205
tf.Tensor(-10894.141174190809, shape=(), dtype=float64)
nll_grad  cost time: 2.567781448364258
tf.Tensor(-10894.144348774564, shape=(), dtype=float64)
nll_grad  cost time: 2.6389379501342773
tf.Tensor(-10894.147586096562, shape=(), dtype=float64)
nll_grad  cost time: 2.471935749053955
tf.Tensor(-10894.151111266452, shape=(), dtype=float64)
nll_grad  cost time: 2.5728540420532227
tf.Tensor(-10894.154819061176, shape=(), dtype=float64)
nll_grad  cost time: 2.5892648696899414
tf.Tensor(-10894.15783838151, shape=(), dtype=float64)
nll_grad  cost time: 2.623499631881714
tf.Tensor(-10894.159917745852, shape=(), dtype=float64)
nll_grad  cost time: 2.603154182434082
tf.Tensor(-10894.161191370473, shape=(), dtype=float64)
nll_grad  cost time: 2.63476300239563
tf.Tensor(-10894.16225924679, shape=(), dtype=float64)
nll_grad  cost time: 2.632810592651367
tf.Tensor(-10894.163325434965, shape=(), dtype=float64)
nll_grad  cost time: 2.503354787826538
tf.Tensor(-10894.164281192312, shape=(), dtype=float64)
nll_grad  cost time: 2.5828869342803955
tf.Tensor(-10894.165206099253, shape=(), dtype=float64)
nll_grad  cost time: 2.6392557621002197
tf.Tensor(-10894.166371644296, shape=(), dtype=float64)
nll_grad  cost time: 2.5322506427764893
tf.Tensor(-10894.168088825565, shape=(), dtype=float64)
nll_grad  cost time: 2.622603416442871
tf.Tensor(-10894.170306548694, shape=(), dtype=float64)
nll_grad  cost time: 2.56630277633667
tf.Tensor(-10894.172411173942, shape=(), dtype=float64)
nll_grad  cost time: 2.726252555847168
tf.Tensor(-10894.173833891517, shape=(), dtype=float64)
nll_grad  cost time: 2.573249578475952
tf.Tensor(-10894.17482387121, shape=(), dtype=float64)
nll_grad  cost time: 2.7958860397338867
tf.Tensor(-10894.175817092855, shape=(), dtype=float64)
nll_grad  cost time: 2.6911773681640625
tf.Tensor(-10894.177165683817, shape=(), dtype=float64)
nll_grad  cost time: 2.58941388130188
tf.Tensor(-10894.178968058688, shape=(), dtype=float64)
nll_grad  cost time: 2.9921700954437256
tf.Tensor(-10894.181313847024, shape=(), dtype=float64)
nll_grad  cost time: 3.0247201919555664
tf.Tensor(-10894.184184715767, shape=(), dtype=float64)
nll_grad  cost time: 2.932368040084839
tf.Tensor(-10894.18719200911, shape=(), dtype=float64)
nll_grad  cost time: 2.8181722164154053
tf.Tensor(-10894.18970004825, shape=(), dtype=float64)
nll_grad  cost time: 2.8093087673187256
tf.Tensor(-10894.191184829244, shape=(), dtype=float64)
nll_grad  cost time: 2.927638530731201
tf.Tensor(-10894.192073228965, shape=(), dtype=float64)
nll_grad  cost time: 2.9021594524383545
tf.Tensor(-10894.192926451833, shape=(), dtype=float64)
nll_grad  cost time: 2.8399300575256348
tf.Tensor(-10894.194176872112, shape=(), dtype=float64)
nll_grad  cost time: 2.8249549865722656
tf.Tensor(-10894.195992316872, shape=(), dtype=float64)
nll_grad  cost time: 2.7933506965637207
tf.Tensor(-10894.19813056249, shape=(), dtype=float64)
nll_grad  cost time: 2.513944149017334
tf.Tensor(-10894.199936419012, shape=(), dtype=float64)
nll_grad  cost time: 2.507744789123535
tf.Tensor(-10894.201181339278, shape=(), dtype=float64)
nll_grad  cost time: 2.6582329273223877
tf.Tensor(-10894.202171417768, shape=(), dtype=float64)
nll_grad  cost time: 2.4453580379486084
tf.Tensor(-10894.203264762044, shape=(), dtype=float64)
nll_grad  cost time: 2.480193853378296
tf.Tensor(-10894.204671337651, shape=(), dtype=float64)
nll_grad  cost time: 2.5158843994140625
tf.Tensor(-10894.206357406241, shape=(), dtype=float64)
nll_grad  cost time: 2.492582321166992
tf.Tensor(-10894.208247264574, shape=(), dtype=float64)
nll_grad  cost time: 2.541382074356079
tf.Tensor(-10894.210148350801, shape=(), dtype=float64)
nll_grad  cost time: 2.70908784866333
tf.Tensor(-10894.211770035665, shape=(), dtype=float64)
nll_grad  cost time: 2.5715904235839844
tf.Tensor(-10894.212732890104, shape=(), dtype=float64)
nll_grad  cost time: 2.647890329360962
tf.Tensor(-10894.213214489519, shape=(), dtype=float64)
nll_grad  cost time: 2.5326859951019287
tf.Tensor(-10894.213539976037, shape=(), dtype=float64)
nll_grad  cost time: 2.5277507305145264
tf.Tensor(-10894.21386306352, shape=(), dtype=float64)
nll_grad  cost time: 2.5877246856689453
tf.Tensor(-10894.214291311619, shape=(), dtype=float64)
nll_grad  cost time: 2.6642706394195557
tf.Tensor(-10894.21496482283, shape=(), dtype=float64)
nll_grad  cost time: 2.591813325881958
tf.Tensor(-10894.216005174025, shape=(), dtype=float64)
nll_grad  cost time: 2.7090725898742676
tf.Tensor(-10894.217396983295, shape=(), dtype=float64)
nll_grad  cost time: 2.887691020965576
tf.Tensor(-10894.218648062379, shape=(), dtype=float64)
nll_grad  cost time: 2.545302152633667
tf.Tensor(-10894.219447955766, shape=(), dtype=float64)
nll_grad  cost time: 2.532804012298584
tf.Tensor(-10894.219781719821, shape=(), dtype=float64)
nll_grad  cost time: 2.6352877616882324
tf.Tensor(-10894.219972028422, shape=(), dtype=float64)
nll_grad  cost time: 2.6620681285858154
tf.Tensor(-10894.220186238399, shape=(), dtype=float64)
nll_grad  cost time: 2.559279441833496
tf.Tensor(-10894.22051609306, shape=(), dtype=float64)
nll_grad  cost time: 2.5104827880859375
tf.Tensor(-10894.221008722787, shape=(), dtype=float64)
nll_grad  cost time: 2.6588757038116455
tf.Tensor(-10894.221641791537, shape=(), dtype=float64)
nll_grad  cost time: 2.7711687088012695
tf.Tensor(-10894.222356273462, shape=(), dtype=float64)
nll_grad  cost time: 2.5680689811706543
tf.Tensor(-10894.223108299546, shape=(), dtype=float64)
nll_grad  cost time: 2.6102919578552246
tf.Tensor(-10894.223938295985, shape=(), dtype=float64)
nll_grad  cost time: 2.7260994911193848
tf.Tensor(-10894.224901718644, shape=(), dtype=float64)
nll_grad  cost time: 2.6306190490722656
tf.Tensor(-10894.225979302639, shape=(), dtype=float64)
nll_grad  cost time: 2.5879807472229004
tf.Tensor(-10894.227115039983, shape=(), dtype=float64)
nll_grad  cost time: 2.5152626037597656
tf.Tensor(-10894.228159528, shape=(), dtype=float64)
nll_grad  cost time: 2.602630615234375
tf.Tensor(-10894.229105948314, shape=(), dtype=float64)
nll_grad  cost time: 2.590512990951538
tf.Tensor(-10894.230065783424, shape=(), dtype=float64)
nll_grad  cost time: 2.4893617630004883
tf.Tensor(-10894.231025950063, shape=(), dtype=float64)
nll_grad  cost time: 2.628816843032837
tf.Tensor(-10894.231892245843, shape=(), dtype=float64)
nll_grad  cost time: 2.664966344833374
tf.Tensor(-10894.232805490996, shape=(), dtype=float64)
nll_grad  cost time: 2.744873523712158
tf.Tensor(-10894.233651578841, shape=(), dtype=float64)
nll_grad  cost time: 2.55790114402771
tf.Tensor(-10894.234344598877, shape=(), dtype=float64)
nll_grad  cost time: 2.603038787841797
tf.Tensor(-10894.23487746076, shape=(), dtype=float64)
nll_grad  cost time: 2.545578718185425
tf.Tensor(-10894.235408512945, shape=(), dtype=float64)
nll_grad  cost time: 2.5367431640625
tf.Tensor(-10894.235984422212, shape=(), dtype=float64)
nll_grad  cost time: 2.5354807376861572
tf.Tensor(-10894.236637397771, shape=(), dtype=float64)
nll_grad  cost time: 2.625606060028076
tf.Tensor(-10894.237489367675, shape=(), dtype=float64)
nll_grad  cost time: 2.587322235107422
tf.Tensor(-10894.238712184742, shape=(), dtype=float64)
nll_grad  cost time: 2.5019309520721436
tf.Tensor(-10894.240580529793, shape=(), dtype=float64)
nll_grad  cost time: 2.4498021602630615
tf.Tensor(-10894.243391612548, shape=(), dtype=float64)
nll_grad  cost time: 2.5615525245666504
tf.Tensor(-10894.247160189989, shape=(), dtype=float64)
nll_grad  cost time: 2.733621597290039
tf.Tensor(-10894.250730107935, shape=(), dtype=float64)
nll_grad  cost time: 2.518817901611328
tf.Tensor(-10894.253349392078, shape=(), dtype=float64)
nll_grad  cost time: 2.5261173248291016
tf.Tensor(-10894.255078929902, shape=(), dtype=float64)
nll_grad  cost time: 2.5907275676727295
tf.Tensor(-10894.256047913012, shape=(), dtype=float64)
nll_grad  cost time: 2.596027374267578
tf.Tensor(-10894.256602982296, shape=(), dtype=float64)
nll_grad  cost time: 2.529845714569092
tf.Tensor(-10894.257199689695, shape=(), dtype=float64)
nll_grad  cost time: 2.5760016441345215
tf.Tensor(-10894.257987857047, shape=(), dtype=float64)
nll_grad  cost time: 2.548518180847168
tf.Tensor(-10894.259003069536, shape=(), dtype=float64)
nll_grad  cost time: 2.595778226852417
tf.Tensor(-10894.260377003717, shape=(), dtype=float64)
nll_grad  cost time: 2.6138405799865723
tf.Tensor(-10894.262320303955, shape=(), dtype=float64)
nll_grad  cost time: 2.6206703186035156
tf.Tensor(-10894.263073927574, shape=(), dtype=float64)
nll_grad  cost time: 2.5295941829681396
tf.Tensor(-10894.264302933501, shape=(), dtype=float64)
nll_grad  cost time: 2.6560380458831787
tf.Tensor(-10894.265754786415, shape=(), dtype=float64)
nll_grad  cost time: 2.5443384647369385
tf.Tensor(-10894.266270094155, shape=(), dtype=float64)
nll_grad  cost time: 2.520956039428711
tf.Tensor(-10894.266788199206, shape=(), dtype=float64)
nll_grad  cost time: 2.530865430831909
tf.Tensor(-10894.26746905034, shape=(), dtype=float64)
nll_grad  cost time: 2.4086287021636963
tf.Tensor(-10894.267942994364, shape=(), dtype=float64)
nll_grad  cost time: 2.5114643573760986
tf.Tensor(-10894.26848458088, shape=(), dtype=float64)
nll_grad  cost time: 2.539701461791992
tf.Tensor(-10894.26916621242, shape=(), dtype=float64)
nll_grad  cost time: 2.4427883625030518
tf.Tensor(-10894.269821677372, shape=(), dtype=float64)
nll_grad  cost time: 2.517127275466919
tf.Tensor(-10894.270787967296, shape=(), dtype=float64)
nll_grad  cost time: 2.5149829387664795
tf.Tensor(-10894.27182425608, shape=(), dtype=float64)
nll_grad  cost time: 2.51825213432312
tf.Tensor(-10894.272452680958, shape=(), dtype=float64)
nll_grad  cost time: 2.4626011848449707
tf.Tensor(-10894.272782840966, shape=(), dtype=float64)
nll_grad  cost time: 2.5065131187438965
tf.Tensor(-10894.273019671622, shape=(), dtype=float64)
nll_grad  cost time: 2.4642770290374756
tf.Tensor(-10894.273242425472, shape=(), dtype=float64)
nll_grad  cost time: 2.4606127738952637
tf.Tensor(-10894.27344744253, shape=(), dtype=float64)
nll_grad  cost time: 2.5217814445495605
tf.Tensor(-10894.273659761006, shape=(), dtype=float64)
nll_grad  cost time: 2.512909173965454
tf.Tensor(-10894.273984089647, shape=(), dtype=float64)
nll_grad  cost time: 2.4554708003997803
tf.Tensor(-10894.27448450254, shape=(), dtype=float64)
nll_grad  cost time: 2.500070333480835
tf.Tensor(-10894.275214776011, shape=(), dtype=float64)
nll_grad  cost time: 2.4936211109161377
tf.Tensor(-10894.275989239344, shape=(), dtype=float64)
nll_grad  cost time: 2.562610626220703
tf.Tensor(-10894.276527458042, shape=(), dtype=float64)
nll_grad  cost time: 2.4743940830230713
tf.Tensor(-10894.27679339909, shape=(), dtype=float64)
nll_grad  cost time: 2.5992677211761475
tf.Tensor(-10894.276901996112, shape=(), dtype=float64)
nll_grad  cost time: 2.5050971508026123
tf.Tensor(-10894.276998982496, shape=(), dtype=float64)
nll_grad  cost time: 2.5628738403320312
tf.Tensor(-10894.277143236013, shape=(), dtype=float64)
nll_grad  cost time: 2.467857599258423
tf.Tensor(-10894.277350398454, shape=(), dtype=float64)
nll_grad  cost time: 2.5719175338745117
tf.Tensor(-10894.2775906784, shape=(), dtype=float64)
nll_grad  cost time: 2.5536916255950928
tf.Tensor(-10894.277776258572, shape=(), dtype=float64)
nll_grad  cost time: 2.4694201946258545
tf.Tensor(-10894.277862168998, shape=(), dtype=float64)
nll_grad  cost time: 2.4309380054473877
tf.Tensor(-10894.277891414022, shape=(), dtype=float64)
nll_grad  cost time: 2.5096888542175293
tf.Tensor(-10894.27790411803, shape=(), dtype=float64)
nll_grad  cost time: 2.473442316055298
tf.Tensor(-10894.277912006935, shape=(), dtype=float64)
nll_grad  cost time: 2.3986117839813232
tf.Tensor(-10894.277920039069, shape=(), dtype=float64)
nll_grad  cost time: 2.490312099456787
tf.Tensor(-10894.277932948415, shape=(), dtype=float64)
nll_grad  cost time: 2.35658860206604
tf.Tensor(-10894.277954738041, shape=(), dtype=float64)
nll_grad  cost time: 2.4302170276641846
tf.Tensor(-10894.277991204319, shape=(), dtype=float64)
nll_grad  cost time: 2.527034282684326
tf.Tensor(-10894.278046058567, shape=(), dtype=float64)
nll_grad  cost time: 2.429753303527832
tf.Tensor(-10894.278091660377, shape=(), dtype=float64)
nll_grad  cost time: 2.4135918617248535
tf.Tensor(-10894.278114574787, shape=(), dtype=float64)
nll_grad  cost time: 2.5025694370269775
tf.Tensor(-10894.278126207566, shape=(), dtype=float64)
nll_grad  cost time: 2.468163013458252
tf.Tensor(-10894.278133019845, shape=(), dtype=float64)
nll_grad  cost time: 2.4372305870056152
tf.Tensor(-10894.278144421933, shape=(), dtype=float64)
nll_grad  cost time: 2.422551155090332
tf.Tensor(-10894.278163498966, shape=(), dtype=float64)
nll_grad  cost time: 2.460420608520508
tf.Tensor(-10894.278193939874, shape=(), dtype=float64)
nll_grad  cost time: 2.5063204765319824
tf.Tensor(-10894.278236476883, shape=(), dtype=float64)
nll_grad  cost time: 2.4587032794952393
tf.Tensor(-10894.278271415737, shape=(), dtype=float64)
nll_grad  cost time: 2.441415309906006
tf.Tensor(-10894.278302718907, shape=(), dtype=float64)
nll_grad  cost time: 2.4945273399353027
tf.Tensor(-10894.278314301133, shape=(), dtype=float64)
nll_grad  cost time: 2.5369749069213867
tf.Tensor(-10894.278318401299, shape=(), dtype=float64)
nll_grad  cost time: 2.474189281463623
tf.Tensor(-10894.278321120797, shape=(), dtype=float64)
nll_grad  cost time: 2.395122766494751
tf.Tensor(-10894.278325533967, shape=(), dtype=float64)
nll_grad  cost time: 2.457000970840454
tf.Tensor(-10894.278333209833, shape=(), dtype=float64)
nll_grad  cost time: 2.471909761428833
tf.Tensor(-10894.278347033705, shape=(), dtype=float64)
nll_grad  cost time: 2.415146589279175
tf.Tensor(-10894.27837215178, shape=(), dtype=float64)
nll_grad  cost time: 2.4255497455596924
tf.Tensor(-10894.278417340593, shape=(), dtype=float64)
nll_grad  cost time: 2.492011785507202
tf.Tensor(-10894.278496096533, shape=(), dtype=float64)
nll_grad  cost time: 2.4094078540802
tf.Tensor(-10894.278623976068, shape=(), dtype=float64)
nll_grad  cost time: 2.3428142070770264
tf.Tensor(-10894.278800794575, shape=(), dtype=float64)
nll_grad  cost time: 2.404353618621826
tf.Tensor(-10894.278928445277, shape=(), dtype=float64)
nll_grad  cost time: 2.466789960861206
tf.Tensor(-10894.279037169843, shape=(), dtype=float64)
nll_grad  cost time: 2.6151177883148193
tf.Tensor(-10894.279058491014, shape=(), dtype=float64)
nll_grad  cost time: 2.3557355403900146
tf.Tensor(-10894.279062374913, shape=(), dtype=float64)
nll_grad  cost time: 2.406208038330078
tf.Tensor(-10894.279065161598, shape=(), dtype=float64)
nll_grad  cost time: 2.5996735095977783
tf.Tensor(-10894.279070166445, shape=(), dtype=float64)
nll_grad  cost time: 2.422445058822632
tf.Tensor(-10894.27907940339, shape=(), dtype=float64)
nll_grad  cost time: 2.4539124965667725
tf.Tensor(-10894.27909651995, shape=(), dtype=float64)
nll_grad  cost time: 2.494412422180176
tf.Tensor(-10894.279127923459, shape=(), dtype=float64)
nll_grad  cost time: 2.5312302112579346
tf.Tensor(-10894.27918418061, shape=(), dtype=float64)
nll_grad  cost time: 2.4964938163757324
tf.Tensor(-10894.279280705348, shape=(), dtype=float64)
nll_grad  cost time: 2.4918901920318604
tf.Tensor(-10894.279434708635, shape=(), dtype=float64)
nll_grad  cost time: 2.4544332027435303
tf.Tensor(-10894.279651020493, shape=(), dtype=float64)
nll_grad  cost time: 2.4917891025543213
tf.Tensor(-10894.27986701531, shape=(), dtype=float64)
nll_grad  cost time: 2.871396064758301
tf.Tensor(-10894.280102710007, shape=(), dtype=float64)
nll_grad  cost time: 2.5310044288635254
tf.Tensor(-10894.280187178774, shape=(), dtype=float64)
nll_grad  cost time: 2.539654493331909
tf.Tensor(-10894.280191656111, shape=(), dtype=float64)
nll_grad  cost time: 2.3718292713165283
tf.Tensor(-10894.280198274766, shape=(), dtype=float64)
nll_grad  cost time: 2.44999623298645
tf.Tensor(-10894.280200786467, shape=(), dtype=float64)
nll_grad  cost time: 2.400191068649292
tf.Tensor(-10894.280200947353, shape=(), dtype=float64)
nll_grad  cost time: 2.3966405391693115
tf.Tensor(-10894.280201214875, shape=(), dtype=float64)
nll_grad  cost time: 2.3752079010009766
tf.Tensor(-10894.28020166617, shape=(), dtype=float64)
nll_grad  cost time: 2.430621862411499
tf.Tensor(-10894.280202445458, shape=(), dtype=float64)
nll_grad  cost time: 2.372910737991333
tf.Tensor(-10894.28020382006, shape=(), dtype=float64)
nll_grad  cost time: 2.413217306137085
tf.Tensor(-10894.280206268937, shape=(), dtype=float64)
nll_grad  cost time: 2.534151792526245
tf.Tensor(-10894.28021061404, shape=(), dtype=float64)
nll_grad  cost time: 2.4798743724823
tf.Tensor(-10894.280218160733, shape=(), dtype=float64)
nll_grad  cost time: 2.3455135822296143
tf.Tensor(-10894.280230629633, shape=(), dtype=float64)
nll_grad  cost time: 2.3817617893218994
tf.Tensor(-10894.280249015843, shape=(), dtype=float64)
nll_grad  cost time: 2.453986883163452
tf.Tensor(-10894.280265509256, shape=(), dtype=float64)
nll_grad  cost time: 2.52520751953125
tf.Tensor(-10894.280278336973, shape=(), dtype=float64)
nll_grad  cost time: 2.445085048675537
tf.Tensor(-10894.280283452812, shape=(), dtype=float64)
nll_grad  cost time: 2.334233522415161
tf.Tensor(-10894.280284377219, shape=(), dtype=float64)
nll_grad  cost time: 2.328585624694824
tf.Tensor(-10894.280284729783, shape=(), dtype=float64)
nll_grad  cost time: 2.3699278831481934
tf.Tensor(-10894.280285188259, shape=(), dtype=float64)
nll_grad  cost time: 2.405087471008301
tf.Tensor(-10894.280285874145, shape=(), dtype=float64)
nll_grad  cost time: 2.416486978530884
tf.Tensor(-10894.280286725741, shape=(), dtype=float64)
nll_grad  cost time: 2.4354817867279053
tf.Tensor(-10894.280288136182, shape=(), dtype=float64)
nll_grad  cost time: 2.4006881713867188
tf.Tensor(-10894.280290614468, shape=(), dtype=float64)
nll_grad  cost time: 2.508466958999634
tf.Tensor(-10894.28029510075, shape=(), dtype=float64)
nll_grad  cost time: 2.4329185485839844
tf.Tensor(-10894.280303280964, shape=(), dtype=float64)
nll_grad  cost time: 2.4660325050354004
tf.Tensor(-10894.280318049881, shape=(), dtype=float64)
nll_grad  cost time: 2.4324305057525635
tf.Tensor(-10894.280343905983, shape=(), dtype=float64)
nll_grad  cost time: 2.426365852355957
tf.Tensor(-10894.280385983704, shape=(), dtype=float64)
nll_grad  cost time: 2.3532276153564453
tf.Tensor(-10894.280440624956, shape=(), dtype=float64)
nll_grad  cost time: 2.339873790740967
tf.Tensor(-10894.280469626076, shape=(), dtype=float64)
nll_grad  cost time: 2.378749132156372
tf.Tensor(-10894.28049360144, shape=(), dtype=float64)
nll_grad  cost time: 2.3528201580047607
tf.Tensor(-10894.280507040996, shape=(), dtype=float64)
nll_grad  cost time: 2.4492061138153076
tf.Tensor(-10894.280512048852, shape=(), dtype=float64)
nll_grad  cost time: 2.398432970046997
tf.Tensor(-10894.280512531648, shape=(), dtype=float64)
nll_grad  cost time: 2.4663283824920654
tf.Tensor(-10894.280512604979, shape=(), dtype=float64)
nll_grad  cost time: 2.4808197021484375
tf.Tensor(-10894.280512642305, shape=(), dtype=float64)
nll_grad  cost time: 2.378671169281006
tf.Tensor(-10894.280512702022, shape=(), dtype=float64)
nll_grad  cost time: 2.4379498958587646
tf.Tensor(-10894.280512796271, shape=(), dtype=float64)
nll_grad  cost time: 2.4440858364105225
tf.Tensor(-10894.280512954636, shape=(), dtype=float64)
nll_grad  cost time: 2.443253993988037
tf.Tensor(-10894.280513235612, shape=(), dtype=float64)
nll_grad  cost time: 2.4238860607147217
tf.Tensor(-10894.280513744812, shape=(), dtype=float64)
nll_grad  cost time: 2.45680570602417
tf.Tensor(-10894.280514665825, shape=(), dtype=float64)
nll_grad  cost time: 2.484604597091675
tf.Tensor(-10894.280516292965, shape=(), dtype=float64)
nll_grad  cost time: 2.380758762359619
tf.Tensor(-10894.280519004613, shape=(), dtype=float64)
nll_grad  cost time: 2.4106218814849854
tf.Tensor(-10894.280522923447, shape=(), dtype=float64)
nll_grad  cost time: 2.4404940605163574
tf.Tensor(-10894.28052598409, shape=(), dtype=float64)
nll_grad  cost time: 2.4724934101104736
tf.Tensor(-10894.280528378655, shape=(), dtype=float64)
nll_grad  cost time: 2.6122944355010986
tf.Tensor(-10894.280529188294, shape=(), dtype=float64)
nll_grad  cost time: 2.440542697906494
tf.Tensor(-10894.28052927483, shape=(), dtype=float64)
nll_grad  cost time: 2.4189743995666504
tf.Tensor(-10894.280529278687, shape=(), dtype=float64)
Optimization terminated successfully.
         Current function value: -10894.280529
         Iterations: 841
         Function evaluations: 858
         Gradient evaluations: 858
  message: Optimization terminated successfully.
  success: True
   status: 0
      fun: -10894.280529278687
        x: [ 3.659e-02  3.092e-01 ...  1.817e-01  1.674e+01]
      nit: 841
      jac: [ 0.000e+00  0.000e+00 ... -3.504e-05 -3.535e-05]
 hess_inv: [[ 1.000e+00  0.000e+00 ...  0.000e+00  0.000e+00]
            [ 0.000e+00  1.000e+00 ...  0.000e+00  0.000e+00]
            ...
            [ 0.000e+00  0.000e+00 ...  2.455e-02  1.936e-02]
            [ 0.000e+00  0.000e+00 ...  1.936e-02  7.060e-01]]
     nfev: 858
     njev: 858
fit  cost time: 2311.770182609558

========== Fit loop 5/5 ==========
using RANDOM parameters

########### initial parameters
{
  "rho(1450)p_mass": 1.51,
  "rho(1450)p_width": 0.44,
  "rho(1570)p_mass": 1.57,
  "rho(1570)p_width": 0.14,
  "rho(1690)p_mass": 1.681,
  "rho(1690)p_width": 0.19,
  "rho(1450)m_mass": 1.51,
  "rho(1450)m_width": 0.44,
  "rho(1570)m_mass": 1.57,
  "rho(1570)m_width": 0.14,
  "rho(1690)m_mass": 1.681,
  "rho(1690)m_width": 0.19,
  "f0(500)_E791_mass": 0.478,
  "f2(1270)_flatte_mass": 1.2754,
  "f2(1270)_flatte_g_0": 0.37646318795562284,
  "f2(1270)_flatte_g_1": 0.027511128527247523,
  "f0(1370)_mass": 1.37,
  "f0(1370)_width": 0.35,
  "f0(1500)_flatte_mass": 1.522,
  "f0(1500)_flatte_g_0": 0.8063233174803733,
  "f0(1500)_flatte_g_1": 9.576654159980376e-05,
  "f2(1430)_mass": 1.43,
  "f2(1430)_width": 0.046,
  "Jpsi->rho(1450)p.pimrho(1450)p->phi.pip_total_0r": 1.0,
  "Jpsi->rho(1450)p.pimrho(1450)p->phi.pip_total_0i": 0.0,
  "Jpsi->rho(1450)p.pim_g_ls_0r": 1.0,
  "Jpsi->rho(1450)p.pim_g_ls_0i": 0.0,
  "rho(1450)p->phi.pip_g_ls_0r": 1.0,
  "rho(1450)p->phi.pip_g_ls_0i": 0.0,
  "Jpsi->rho(1570)p.pimrho(1570)p->phi.pip_total_0r": 1.853552433293295,
  "Jpsi->rho(1570)p.pimrho(1570)p->phi.pip_total_0i": 2.4938180771555345,
  "Jpsi->rho(1570)p.pim_g_ls_0r": 1.0,
  "Jpsi->rho(1570)p.pim_g_ls_0i": 0.0,
  "rho(1570)p->phi.pip_g_ls_0r": 1.0,
  "rho(1570)p->phi.pip_g_ls_0i": 0.0,
  "Jpsi->rho(1690)p.pimrho(1690)p->phi.pip_total_0r": 1.4557548519575407,
  "Jpsi->rho(1690)p.pimrho(1690)p->phi.pip_total_0i": -3.0223726275974068,
  "Jpsi->rho(1690)p.pim_g_ls_0r": 1.0,
  "Jpsi->rho(1690)p.pim_g_ls_0i": 0.0,
  "rho(1690)p->phi.pip_g_ls_0r": 1.0,
  "rho(1690)p->phi.pip_g_ls_0i": 0.0,
  "Jpsi->rho(1450)m.piprho(1450)m->phi.pim_total_0r": 1.0,
  "Jpsi->rho(1450)m.piprho(1450)m->phi.pim_total_0i": 0.0,
  "Jpsi->rho(1450)m.pip_g_ls_0r": 1.0,
  "Jpsi->rho(1450)m.pip_g_ls_0i": 0.0,
  "rho(1450)m->phi.pim_g_ls_0r": 1.0,
  "rho(1450)m->phi.pim_g_ls_0i": 0.0,
  "Jpsi->rho(1570)m.piprho(1570)m->phi.pim_total_0r": 1.853552433293295,
  "Jpsi->rho(1570)m.piprho(1570)m->phi.pim_total_0i": 2.4938180771555345,
  "Jpsi->rho(1570)m.pip_g_ls_0r": 1.0,
  "Jpsi->rho(1570)m.pip_g_ls_0i": 0.0,
  "rho(1570)m->phi.pim_g_ls_0r": 1.0,
  "rho(1570)m->phi.pim_g_ls_0i": 0.0,
  "Jpsi->rho(1690)m.piprho(1690)m->phi.pim_total_0r": 1.4557548519575407,
  "Jpsi->rho(1690)m.piprho(1690)m->phi.pim_total_0i": -3.0223726275974068,
  "Jpsi->rho(1690)m.pip_g_ls_0r": 1.0,
  "Jpsi->rho(1690)m.pip_g_ls_0i": 0.0,
  "rho(1690)m->phi.pim_g_ls_0r": 1.0,
  "rho(1690)m->phi.pim_g_ls_0i": 0.0,
  "Jpsi->phi.f0(500)_E791f0(500)_E791->pip.pim_total_0r": 1.2510103683611273,
  "Jpsi->phi.f0(500)_E791f0(500)_E791->pip.pim_total_0i": -2.290784479779526,
  "Jpsi->phi.f0(500)_E791_g_ls_0r": 1.0,
  "Jpsi->phi.f0(500)_E791_g_ls_0i": 0.0,
  "Jpsi->phi.f0(500)_E791_g_ls_1r": 0.38542768168951724,
  "Jpsi->phi.f0(500)_E791_g_ls_1i": 0.07607630609022342,
  "f0(500)_E791->pip.pim_g_ls_0r": 1.0,
  "f0(500)_E791->pip.pim_g_ls_0i": 0.0,
  "Jpsi->phi.f0(980)_flattef0(980)_flatte->pip.pim_total_0r": 1.337211992978896,
  "Jpsi->phi.f0(980)_flattef0(980)_flatte->pip.pim_total_0i": 2.382529397931047,
  "f0(980)_flatte->pip.pim_g_ls_0r": 1.0,
  "f0(980)_flatte->pip.pim_g_ls_0i": 0.0,
  "Jpsi->phi.f2(1270)_flattef2(1270)_flatte->pip.pim_total_0r": 1.3606202263947988,
  "Jpsi->phi.f2(1270)_flattef2(1270)_flatte->pip.pim_total_0i": 0.24272317893385864,
  "Jpsi->phi.f2(1270)_flatte_g_ls_0r": 1.0,
  "Jpsi->phi.f2(1270)_flatte_g_ls_0i": 0.0,
  "Jpsi->phi.f2(1270)_flatte_g_ls_1r": 1.9795156529697064,
  "Jpsi->phi.f2(1270)_flatte_g_ls_1i": -2.4058679794747277,
  "Jpsi->phi.f2(1270)_flatte_g_ls_2r": 0.9444289084528203,
  "Jpsi->phi.f2(1270)_flatte_g_ls_2i": -0.9787454266397715,
  "Jpsi->phi.f2(1270)_flatte_g_ls_3r": 1.6302949263390332,
  "Jpsi->phi.f2(1270)_flatte_g_ls_3i": 0.5190131287834823,
  "Jpsi->phi.f2(1270)_flatte_g_ls_4r": 0.6025040387700669,
  "Jpsi->phi.f2(1270)_flatte_g_ls_4i": 2.2154792444719558,
  "f2(1270)_flatte->pip.pim_g_ls_0r": 1.0,
  "f2(1270)_flatte->pip.pim_g_ls_0i": 0.0,
  "Jpsi->phi.f0(1370)f0(1370)->pip.pim_total_0r": 0.2707306377794798,
  "Jpsi->phi.f0(1370)f0(1370)->pip.pim_total_0i": 2.9640668186175576,
  "Jpsi->phi.f0(1370)_g_ls_0r": 1.0,
  "Jpsi->phi.f0(1370)_g_ls_0i": 0.0,
  "Jpsi->phi.f0(1370)_g_ls_1r": 1.7283901096953356,
  "Jpsi->phi.f0(1370)_g_ls_1i": -0.39096396718787707,
  "f0(1370)->pip.pim_g_ls_0r": 1.0,
  "f0(1370)->pip.pim_g_ls_0i": 0.0,
  "Jpsi->phi.f0(1500)_flattef0(1500)_flatte->pip.pim_total_0r": 0.29588093464948173,
  "Jpsi->phi.f0(1500)_flattef0(1500)_flatte->pip.pim_total_0i": 1.2939238363575765,
  "Jpsi->phi.f0(1500)_flatte_g_ls_0r": 1.0,
  "Jpsi->phi.f0(1500)_flatte_g_ls_0i": 0.0,
  "Jpsi->phi.f0(1500)_flatte_g_ls_1r": 1.1803805094485145,
  "Jpsi->phi.f0(1500)_flatte_g_ls_1i": -1.8256518548384641,
  "f0(1500)_flatte->pip.pim_g_ls_0r": 1.0,
  "f0(1500)_flatte->pip.pim_g_ls_0i": 0.0,
  "Jpsi->phi.f0(1710)f0(1710)->pip.pim_total_0r": 1.6695439215491885,
  "Jpsi->phi.f0(1710)f0(1710)->pip.pim_total_0i": -0.005141461053896457,
  "f0(1710)->pip.pim_g_ls_0r": 1.0,
  "f0(1710)->pip.pim_g_ls_0i": 0.0,
  "Jpsi->phi.f2(1430)f2(1430)->pip.pim_total_0r": 1.2174411690055615,
  "Jpsi->phi.f2(1430)f2(1430)->pip.pim_total_0i": 2.4172031126780675,
  "Jpsi->phi.f2(1430)_g_ls_0r": 1.0,
  "Jpsi->phi.f2(1430)_g_ls_0i": 0.0,
  "Jpsi->phi.f2(1430)_g_ls_1r": 0.007182783943608051,
  "Jpsi->phi.f2(1430)_g_ls_1i": -2.288175078728412,
  "Jpsi->phi.f2(1430)_g_ls_2r": 0.5847350044853457,
  "Jpsi->phi.f2(1430)_g_ls_2i": 2.5538205941941348,
  "Jpsi->phi.f2(1430)_g_ls_3r": 1.5041298434355403,
  "Jpsi->phi.f2(1430)_g_ls_3i": -2.8710089147374593,
  "Jpsi->phi.f2(1430)_g_ls_4r": 0.009718389967835694,
  "Jpsi->phi.f2(1430)_g_ls_4i": 0.39084061011566895,
  "f2(1430)->pip.pim_g_ls_0r": 1.0,
  "f2(1430)->pip.pim_g_ls_0i": 0.0,
  "Jpsi->phi.NR_pipi_0.NR_pipi_0.->pip.pim_total_0r": 1.4869460449234277,
  "Jpsi->phi.NR_pipi_0.NR_pipi_0.->pip.pim_total_0i": -0.28550969175776064,
  "Jpsi->phi.NR_pipi_0._g_ls_0r": 1.0,
  "Jpsi->phi.NR_pipi_0._g_ls_0i": 0.0,
  "Jpsi->phi.NR_pipi_0._g_ls_1r": 1.742934316334817,
  "Jpsi->phi.NR_pipi_0._g_ls_1i": 1.7355464576307096,
  "NR_pipi_0.->pip.pim_g_ls_0r": 1.0,
  "NR_pipi_0.->pip.pim_g_ls_0i": 0.0,
  "K1(1400)p_mass": 1.403,
  "K1(1400)p_width": 0.174,
  "K2(1820)p_mass": 1.819,
  "K2(1820)p_width": 0.264,
  "K2(1980)p_mass": 1.99,
  "K2(1980)p_width": 0.348,
  "K2(2250)p_mass": 2.247,
  "K2(2250)p_width": 0.18,
  "K3(2320)p_mass": 2.324,
  "K3(2320)p_width": 0.15,
  "K1(1400)m_mass": 1.403,
  "K1(1400)m_width": 0.174,
  "K2(1820)m_mass": 1.819,
  "K2(1820)m_width": 0.264,
  "K2(1980)m_mass": 1.99,
  "K2(1980)m_width": 0.348,
  "K3(2320)m_mass": 2.324,
  "K3(2320)m_width": 0.15,
  "f0(980)_flatte_mass": 0.965,
  "f0(980)_flatte_g_0": 2.1196950971926682,
  "f0(980)_flatte_g_1": 0.18466033064643048,
  "f2(1270)_mass": 1.2754,
  "f2(1270)_width": 0.1858,
  "f0(1500)_mass": 1.522,
  "f0(1500)_width": 0.108,
  "f2(1525)_mass": 1.5173,
  "f2(1525)_width": 0.072,
  "f2(1565)_mass": 1.571,
  "f2(1565)_width": 0.132,
  "f0(1710)_mass": 1.733,
  "f0(1710)_width": 0.15,
  "f2(1810)_mass": 1.815,
  "f2(1810)_width": 0.197,
  "Jpsi->K1(1400)p.kmK1(1400)p->phi.kp_total_0r": 1.0,
  "Jpsi->K1(1400)p.kmK1(1400)p->phi.kp_total_0i": 0.0,
  "Jpsi->K1(1400)p.km_g_ls_0r": 1.0,
  "Jpsi->K1(1400)p.km_g_ls_0i": 0.0,
  "Jpsi->K1(1400)p.km_g_ls_1r": 0.5023842544906616,
  "Jpsi->K1(1400)p.km_g_ls_1i": 0.7227574947822575,
  "K1(1400)p->phi.kp_g_ls_0r": 1.0,
  "K1(1400)p->phi.kp_g_ls_0i": 0.0,
  "K1(1400)p->phi.kp_g_ls_1r": 1.5696027594967101,
  "K1(1400)p->phi.kp_g_ls_1i": 1.4336618645619223,
  "Jpsi->K2(1820)p.kmK2(1820)p->phi.kp_total_0r": 1.9519203159283447,
  "Jpsi->K2(1820)p.kmK2(1820)p->phi.kp_total_0i": 1.2030043877847874,
  "Jpsi->K2(1820)p.km_g_ls_0r": 1.0,
  "Jpsi->K2(1820)p.km_g_ls_0i": 0.0,
  "Jpsi->K2(1820)p.km_g_ls_1r": 0.7822705023275951,
  "Jpsi->K2(1820)p.km_g_ls_1i": -2.529678021065086,
  "K2(1820)p->phi.kp_g_ls_0r": 1.0,
  "K2(1820)p->phi.kp_g_ls_0i": 0.0,
  "K2(1820)p->phi.kp_g_ls_1r": 0.8170161298593293,
  "K2(1820)p->phi.kp_g_ls_1i": -2.380288514513294,
  "Jpsi->K2(1980)p.kmK2(1980)p->phi.kp_total_0r": 1.5678611299578247,
  "Jpsi->K2(1980)p.kmK2(1980)p->phi.kp_total_0i": 2.8752047933284386,
  "Jpsi->K2(1980)p.km_g_ls_0r": 1.0,
  "Jpsi->K2(1980)p.km_g_ls_0i": 0.0,
  "K2(1980)p->phi.kp_g_ls_0r": 1.0,
  "K2(1980)p->phi.kp_g_ls_0i": 0.0,
  "Jpsi->K2(2250)p.kmK2(2250)p->phi.kp_total_0r": 1.6269692787330006,
  "Jpsi->K2(2250)p.kmK2(2250)p->phi.kp_total_0i": 1.937184990978066,
  "Jpsi->K2(2250)p.km_g_ls_0r": 1.0,
  "Jpsi->K2(2250)p.km_g_ls_0i": 0.0,
  "Jpsi->K2(2250)p.km_g_ls_1r": 0.277189239076443,
  "Jpsi->K2(2250)p.km_g_ls_1i": -1.3215721822040027,
  "K2(2250)p->phi.kp_g_ls_0r": 1.0,
  "K2(2250)p->phi.kp_g_ls_0i": 0.0,
  "K2(2250)p->phi.kp_g_ls_1r": 1.4661835559166772,
  "K2(2250)p->phi.kp_g_ls_1i": 1.870702386529726,
  "Jpsi->K3(2320)p.kmK3(2320)p->phi.kp_total_0r": 1.822097684288078,
  "Jpsi->K3(2320)p.kmK3(2320)p->phi.kp_total_0i": 1.1908160916697712,
  "Jpsi->K3(2320)p.km_g_ls_0r": 1.0,
  "Jpsi->K3(2320)p.km_g_ls_0i": 0.0,
  "Jpsi->K3(2320)p.km_g_ls_1r": 1.8887201238879388,
  "Jpsi->K3(2320)p.km_g_ls_1i": -1.5059789344497234,
  "K3(2320)p->phi.kp_g_ls_0r": 1.0,
  "K3(2320)p->phi.kp_g_ls_0i": 0.0,
  "K3(2320)p->phi.kp_g_ls_1r": 0.9386004914025361,
  "K3(2320)p->phi.kp_g_ls_1i": 0.34400700664988326,
  "Jpsi->K1(1400)m.kpK1(1400)m->phi.km_total_0r": 1.0,
  "Jpsi->K1(1400)m.kpK1(1400)m->phi.km_total_0i": 0.0,
  "Jpsi->K1(1400)m.kp_g_ls_0r": 1.0,
  "Jpsi->K1(1400)m.kp_g_ls_0i": 0.0,
  "Jpsi->K1(1400)m.kp_g_ls_1r": 0.5023842544906616,
  "Jpsi->K1(1400)m.kp_g_ls_1i": 0.7227574947822575,
  "K1(1400)m->phi.km_g_ls_0r": 1.0,
  "K1(1400)m->phi.km_g_ls_0i": 0.0,
  "K1(1400)m->phi.km_g_ls_1r": 1.5696027594967101,
  "K1(1400)m->phi.km_g_ls_1i": 1.4336618645619223,
  "Jpsi->K2(1820)m.kpK2(1820)m->phi.km_total_0r": 1.9519203159283447,
  "Jpsi->K2(1820)m.kpK2(1820)m->phi.km_total_0i": 1.2030043877847874,
  "Jpsi->K2(1820)m.kp_g_ls_0r": 1.0,
  "Jpsi->K2(1820)m.kp_g_ls_0i": 0.0,
  "Jpsi->K2(1820)m.kp_g_ls_1r": 0.7822705023275951,
  "Jpsi->K2(1820)m.kp_g_ls_1i": -2.529678021065086,
  "K2(1820)m->phi.km_g_ls_0r": 1.0,
  "K2(1820)m->phi.km_g_ls_0i": 0.0,
  "K2(1820)m->phi.km_g_ls_1r": 0.8170161298593293,
  "K2(1820)m->phi.km_g_ls_1i": -2.380288514513294,
  "Jpsi->K2(1980)m.kpK2(1980)m->phi.km_total_0r": 1.5678611299578247,
  "Jpsi->K2(1980)m.kpK2(1980)m->phi.km_total_0i": 2.8752047933284386,
  "Jpsi->K2(1980)m.kp_g_ls_0r": 1.0,
  "Jpsi->K2(1980)m.kp_g_ls_0i": 0.0,
  "K2(1980)m->phi.km_g_ls_0r": 1.0,
  "K2(1980)m->phi.km_g_ls_0i": 0.0,
  "Jpsi->K2(2250)p.kpK2(2250)p->phi.km_total_0r": 0.8509386089381037,
  "Jpsi->K2(2250)p.kpK2(2250)p->phi.km_total_0i": 0.6116626376322976,
  "Jpsi->K2(2250)p.kp_g_ls_0r": 1.0,
  "Jpsi->K2(2250)p.kp_g_ls_0i": 0.0,
  "Jpsi->K2(2250)p.kp_g_ls_1r": 0.7751000114881359,
  "Jpsi->K2(2250)p.kp_g_ls_1i": -0.4133501151653469,
  "K2(2250)p->phi.km_g_ls_0r": 1.0,
  "K2(2250)p->phi.km_g_ls_0i": 0.0,
  "K2(2250)p->phi.km_g_ls_1r": 0.7739185522292833,
  "K2(2250)p->phi.km_g_ls_1i": -1.7057290146413036,
  "Jpsi->K3(2320)m.kpK3(2320)m->phi.km_total_0r": 1.822097684288078,
  "Jpsi->K3(2320)m.kpK3(2320)m->phi.km_total_0i": 1.1908160916697712,
  "Jpsi->K3(2320)m.kp_g_ls_0r": 1.0,
  "Jpsi->K3(2320)m.kp_g_ls_0i": 0.0,
  "Jpsi->K3(2320)m.kp_g_ls_1r": 1.8887201238879388,
  "Jpsi->K3(2320)m.kp_g_ls_1i": -1.5059789344497234,
  "K3(2320)m->phi.km_g_ls_0r": 1.0,
  "K3(2320)m->phi.km_g_ls_0i": 0.0,
  "K3(2320)m->phi.km_g_ls_1r": 0.9386004914025361,
  "K3(2320)m->phi.km_g_ls_1i": 0.34400700664988326,
  "Jpsi->phi.f0(980)_flattef0(980)_flatte->kp.km_total_0r": 0.8908097788760827,
  "Jpsi->phi.f0(980)_flattef0(980)_flatte->kp.km_total_0i": 3.09412724176189,
  "Jpsi->phi.f0(980)_flatte_g_ls_0r": 1.0,
  "Jpsi->phi.f0(980)_flatte_g_ls_0i": 0.0,
  "Jpsi->phi.f0(980)_flatte_g_ls_1r": 1.3909533503698972,
  "Jpsi->phi.f0(980)_flatte_g_ls_1i": 1.743847557116962,
  "f0(980)_flatte->kp.km_g_ls_0r": 1.0,
  "f0(980)_flatte->kp.km_g_ls_0i": 0.0,
  "Jpsi->phi.f2(1270)f2(1270)->kp.km_total_0r": 0.2815092720888708,
  "Jpsi->phi.f2(1270)f2(1270)->kp.km_total_0i": 2.482866943651586,
  "Jpsi->phi.f2(1270)_g_ls_0r": 1.0,
  "Jpsi->phi.f2(1270)_g_ls_0i": 0.0,
  "Jpsi->phi.f2(1270)_g_ls_1r": 1.450722841446166,
  "Jpsi->phi.f2(1270)_g_ls_1i": 1.9954146600592448,
  "Jpsi->phi.f2(1270)_g_ls_2r": 0.6419488901481665,
  "Jpsi->phi.f2(1270)_g_ls_2i": -1.4755849858821415,
  "Jpsi->phi.f2(1270)_g_ls_3r": 1.3767489001306203,
  "Jpsi->phi.f2(1270)_g_ls_3i": 2.563612140467203,
  "Jpsi->phi.f2(1270)_g_ls_4r": 1.9439481409476311,
  "Jpsi->phi.f2(1270)_g_ls_4i": -2.509676790627883,
  "f2(1270)->kp.km_g_ls_0r": 1.0,
  "f2(1270)->kp.km_g_ls_0i": 0.0,
  "Jpsi->phi.f0(1500)f0(1500)->kp.km_total_0r": 0.20445656881806817,
  "Jpsi->phi.f0(1500)f0(1500)->kp.km_total_0i": -2.3769538952908533,
  "Jpsi->phi.f0(1500)_g_ls_0r": 1.0,
  "Jpsi->phi.f0(1500)_g_ls_0i": 0.0,
  "Jpsi->phi.f0(1500)_g_ls_1r": 0.9418917017890132,
  "Jpsi->phi.f0(1500)_g_ls_1i": 1.5592591554271156,
  "f0(1500)->kp.km_g_ls_0r": 1.0,
  "f0(1500)->kp.km_g_ls_0i": 0.0,
  "Jpsi->phi.f2(1525)f2(1525)->kp.km_total_0r": 1.2275931904406021,
  "Jpsi->phi.f2(1525)f2(1525)->kp.km_total_0i": 2.3200603182338426,
  "Jpsi->phi.f2(1525)_g_ls_0r": 1.0,
  "Jpsi->phi.f2(1525)_g_ls_0i": 0.0,
  "Jpsi->phi.f2(1525)_g_ls_1r": 0.595277131862376,
  "Jpsi->phi.f2(1525)_g_ls_1i": 2.463678651942824,
  "Jpsi->phi.f2(1525)_g_ls_2r": 1.8120648067451675,
  "Jpsi->phi.f2(1525)_g_ls_2i": -2.305128596422332,
  "Jpsi->phi.f2(1525)_g_ls_3r": 0.472523097717636,
  "Jpsi->phi.f2(1525)_g_ls_3i": 1.8491093610986535,
  "Jpsi->phi.f2(1525)_g_ls_4r": 1.2325027431417648,
  "Jpsi->phi.f2(1525)_g_ls_4i": 2.142789051297677,
  "f2(1525)->kp.km_g_ls_0r": 1.0,
  "f2(1525)->kp.km_g_ls_0i": 0.0,
  "Jpsi->phi.f2(1565)f2(1565)->kp.km_total_0r": 0.9796734096280049,
  "Jpsi->phi.f2(1565)f2(1565)->kp.km_total_0i": 3.1113637329010464,
  "Jpsi->phi.f2(1565)_g_ls_0r": 1.0,
  "Jpsi->phi.f2(1565)_g_ls_0i": 0.0,
  "Jpsi->phi.f2(1565)_g_ls_1r": 1.3341740382168208,
  "Jpsi->phi.f2(1565)_g_ls_1i": -1.4562462672346597,
  "Jpsi->phi.f2(1565)_g_ls_2r": 0.668147853569133,
  "Jpsi->phi.f2(1565)_g_ls_2i": -1.8704665232197737,
  "Jpsi->phi.f2(1565)_g_ls_3r": 1.183769739565728,
  "Jpsi->phi.f2(1565)_g_ls_3i": -2.3724060157938207,
  "Jpsi->phi.f2(1565)_g_ls_4r": 1.808902463959852,
  "Jpsi->phi.f2(1565)_g_ls_4i": -2.4672510794484412,
  "f2(1565)->kp.km_g_ls_0r": 1.0,
  "f2(1565)->kp.km_g_ls_0i": 0.0,
  "Jpsi->phi.f0(1710)f0(1710)->kp.km_total_0r": 1.9722717449743739,
  "Jpsi->phi.f0(1710)f0(1710)->kp.km_total_0i": 0.6218723950251301,
  "Jpsi->phi.f0(1710)_g_ls_0r": 1.0,
  "Jpsi->phi.f0(1710)_g_ls_0i": 0.0,
  "Jpsi->phi.f0(1710)_g_ls_1r": 1.629566473748588,
  "Jpsi->phi.f0(1710)_g_ls_1i": 2.8483657585833804,
  "f0(1710)->kp.km_g_ls_0r": 1.0,
  "f0(1710)->kp.km_g_ls_0i": 0.0,
  "Jpsi->phi.f2(1810)f2(1810)->kp.km_total_0r": 1.261727575055703,
  "Jpsi->phi.f2(1810)f2(1810)->kp.km_total_0i": -1.3601527637380249,
  "Jpsi->phi.f2(1810)_g_ls_0r": 1.0,
  "Jpsi->phi.f2(1810)_g_ls_0i": 0.0,
  "Jpsi->phi.f2(1810)_g_ls_1r": 0.028138315686790705,
  "Jpsi->phi.f2(1810)_g_ls_1i": 2.8525221735180546,
  "Jpsi->phi.f2(1810)_g_ls_2r": 0.40228178094738265,
  "Jpsi->phi.f2(1810)_g_ls_2i": 0.852962573026383,
  "Jpsi->phi.f2(1810)_g_ls_3r": 1.0719944863173212,
  "Jpsi->phi.f2(1810)_g_ls_3i": 1.2180049078915527,
  "Jpsi->phi.f2(1810)_g_ls_4r": 1.2160853622240952,
  "Jpsi->phi.f2(1810)_g_ls_4i": 1.212718231579668,
  "f2(1810)->kp.km_g_ls_0r": 1.0,
  "f2(1810)->kp.km_g_ls_0i": 0.0
}
nll_grad  cost time: 2.3506622314453125
nll_grad  cost time: 2.351832151412964
tf.Tensor(-3719.1466705819475, shape=(), dtype=float64)
nll_grad  cost time: 2.390697717666626
nll_grad  cost time: 2.314906597137451
tf.Tensor(-5413.544346525821, shape=(), dtype=float64)
nll_grad  cost time: 2.352391242980957
tf.Tensor(-5529.641129465017, shape=(), dtype=float64)
nll_grad  cost time: 2.3667571544647217
tf.Tensor(-5747.282019082457, shape=(), dtype=float64)
nll_grad  cost time: 2.418091297149658
tf.Tensor(-6159.628799082988, shape=(), dtype=float64)
nll_grad  cost time: 2.3654212951660156
tf.Tensor(-6942.147691119637, shape=(), dtype=float64)
nll_grad  cost time: 2.3791730403900146
tf.Tensor(-7965.635144214946, shape=(), dtype=float64)
nll_grad  cost time: 2.3618829250335693
nll_grad  cost time: 2.4228999614715576
tf.Tensor(-8337.445097650037, shape=(), dtype=float64)
nll_grad  cost time: 2.385098934173584
tf.Tensor(-8501.507303604609, shape=(), dtype=float64)
nll_grad  cost time: 2.343615770339966
tf.Tensor(-8720.660956540363, shape=(), dtype=float64)
nll_grad  cost time: 2.496225118637085
tf.Tensor(-8923.295088468367, shape=(), dtype=float64)
nll_grad  cost time: 2.4684300422668457
tf.Tensor(-9140.087612179806, shape=(), dtype=float64)
nll_grad  cost time: 2.4056553840637207
nll_grad  cost time: 2.3412907123565674
tf.Tensor(-9237.515775616397, shape=(), dtype=float64)
nll_grad  cost time: 2.409592390060425
tf.Tensor(-9344.629000572284, shape=(), dtype=float64)
nll_grad  cost time: 2.5961380004882812
tf.Tensor(-9414.327501920154, shape=(), dtype=float64)
nll_grad  cost time: 2.561434507369995
tf.Tensor(-9481.75882068742, shape=(), dtype=float64)
nll_grad  cost time: 2.489630937576294
tf.Tensor(-9570.54823866181, shape=(), dtype=float64)
nll_grad  cost time: 2.449134111404419
tf.Tensor(-9657.84034495287, shape=(), dtype=float64)
nll_grad  cost time: 2.623257875442505
tf.Tensor(-9730.20408539119, shape=(), dtype=float64)
nll_grad  cost time: 2.4236338138580322
tf.Tensor(-9758.320665805062, shape=(), dtype=float64)
nll_grad  cost time: 2.4634957313537598
tf.Tensor(-9782.204720961206, shape=(), dtype=float64)
nll_grad  cost time: 2.4720540046691895
tf.Tensor(-9819.406342257222, shape=(), dtype=float64)
nll_grad  cost time: 2.4055845737457275
tf.Tensor(-9862.04032380192, shape=(), dtype=float64)
nll_grad  cost time: 2.451713800430298
tf.Tensor(-9915.125265097668, shape=(), dtype=float64)
nll_grad  cost time: 2.4651808738708496
tf.Tensor(-9964.670730440732, shape=(), dtype=float64)
nll_grad  cost time: 2.6176044940948486
tf.Tensor(-10010.148936014288, shape=(), dtype=float64)
nll_grad  cost time: 2.4803411960601807
tf.Tensor(-10025.041183219102, shape=(), dtype=float64)
nll_grad  cost time: 2.4981236457824707
tf.Tensor(-10046.17738853331, shape=(), dtype=float64)
nll_grad  cost time: 2.410722017288208
tf.Tensor(-10071.790922734843, shape=(), dtype=float64)
nll_grad  cost time: 2.436173439025879
tf.Tensor(-10105.682148929554, shape=(), dtype=float64)
nll_grad  cost time: 2.555002450942993
tf.Tensor(-10123.29313889872, shape=(), dtype=float64)
nll_grad  cost time: 2.4042108058929443
tf.Tensor(-10149.831604849693, shape=(), dtype=float64)
nll_grad  cost time: 2.411424398422241
tf.Tensor(-10171.192996493308, shape=(), dtype=float64)
nll_grad  cost time: 2.445833921432495
tf.Tensor(-10196.505490293028, shape=(), dtype=float64)
nll_grad  cost time: 2.4085094928741455
tf.Tensor(-10210.396021783657, shape=(), dtype=float64)
nll_grad  cost time: 2.4325175285339355
tf.Tensor(-10225.937428175457, shape=(), dtype=float64)
nll_grad  cost time: 2.3787569999694824
tf.Tensor(-10233.23088476772, shape=(), dtype=float64)
nll_grad  cost time: 2.4248087406158447
tf.Tensor(-10243.750825742012, shape=(), dtype=float64)
nll_grad  cost time: 2.482792854309082
tf.Tensor(-10258.173132698168, shape=(), dtype=float64)
nll_grad  cost time: 2.5028891563415527
tf.Tensor(-10268.73656376895, shape=(), dtype=float64)
nll_grad  cost time: 2.420992374420166
tf.Tensor(-10281.949535819484, shape=(), dtype=float64)
nll_grad  cost time: 2.3898611068725586
nll_grad  cost time: 2.471611261367798
tf.Tensor(-10288.890201006478, shape=(), dtype=float64)
nll_grad  cost time: 2.5327646732330322
tf.Tensor(-10298.36724222274, shape=(), dtype=float64)
nll_grad  cost time: 2.546543836593628
tf.Tensor(-10307.063210083637, shape=(), dtype=float64)
nll_grad  cost time: 2.485591411590576
tf.Tensor(-10316.973166942495, shape=(), dtype=float64)
nll_grad  cost time: 2.5366227626800537
tf.Tensor(-10326.656110909826, shape=(), dtype=float64)
nll_grad  cost time: 2.4947431087493896
tf.Tensor(-10336.31503327236, shape=(), dtype=float64)
nll_grad  cost time: 2.4003615379333496
tf.Tensor(-10342.531757586781, shape=(), dtype=float64)
nll_grad  cost time: 2.4054267406463623
tf.Tensor(-10348.29032064516, shape=(), dtype=float64)
nll_grad  cost time: 2.4601926803588867
tf.Tensor(-10355.616290400882, shape=(), dtype=float64)
nll_grad  cost time: 2.527338981628418
tf.Tensor(-10366.584865543671, shape=(), dtype=float64)
nll_grad  cost time: 2.4056332111358643
tf.Tensor(-10379.04559244249, shape=(), dtype=float64)
nll_grad  cost time: 2.4209864139556885
tf.Tensor(-10392.72834805987, shape=(), dtype=float64)
nll_grad  cost time: 2.4858500957489014
tf.Tensor(-10404.295044260347, shape=(), dtype=float64)
nll_grad  cost time: 2.5267250537872314
tf.Tensor(-10415.085644117513, shape=(), dtype=float64)
nll_grad  cost time: 2.415698528289795
tf.Tensor(-10422.619403893172, shape=(), dtype=float64)
nll_grad  cost time: 2.4639410972595215
tf.Tensor(-10429.582558365742, shape=(), dtype=float64)
nll_grad  cost time: 2.463846445083618
tf.Tensor(-10433.537492290838, shape=(), dtype=float64)
nll_grad  cost time: 2.6710562705993652
tf.Tensor(-10439.361357248446, shape=(), dtype=float64)
nll_grad  cost time: 2.429091691970825
tf.Tensor(-10443.69226754013, shape=(), dtype=float64)
nll_grad  cost time: 2.4806060791015625
tf.Tensor(-10449.898306818359, shape=(), dtype=float64)
nll_grad  cost time: 2.490654945373535
tf.Tensor(-10457.244314917334, shape=(), dtype=float64)
nll_grad  cost time: 2.414520263671875
tf.Tensor(-10462.556313530833, shape=(), dtype=float64)
nll_grad  cost time: 2.37355637550354
tf.Tensor(-10469.062408728336, shape=(), dtype=float64)
nll_grad  cost time: 2.4276034832000732
tf.Tensor(-10477.214854656835, shape=(), dtype=float64)
nll_grad  cost time: 2.4636030197143555
tf.Tensor(-10484.778405332458, shape=(), dtype=float64)
nll_grad  cost time: 2.552206039428711
tf.Tensor(-10490.115320568962, shape=(), dtype=float64)
nll_grad  cost time: 2.501112699508667
tf.Tensor(-10495.596341432873, shape=(), dtype=float64)
nll_grad  cost time: 2.3722403049468994
tf.Tensor(-10496.736332129454, shape=(), dtype=float64)
nll_grad  cost time: 2.454787015914917
tf.Tensor(-10498.788343482214, shape=(), dtype=float64)
nll_grad  cost time: 2.4063832759857178
tf.Tensor(-10502.58158355605, shape=(), dtype=float64)
nll_grad  cost time: 2.3641040325164795
tf.Tensor(-10509.124608152706, shape=(), dtype=float64)
nll_grad  cost time: 2.409912109375
tf.Tensor(-10517.994329272216, shape=(), dtype=float64)
nll_grad  cost time: 2.447458267211914
tf.Tensor(-10526.701112980038, shape=(), dtype=float64)
nll_grad  cost time: 2.5054352283477783
tf.Tensor(-10531.884964187644, shape=(), dtype=float64)
nll_grad  cost time: 2.390756368637085
tf.Tensor(-10532.946768578608, shape=(), dtype=float64)
nll_grad  cost time: 2.3644089698791504
tf.Tensor(-10534.916507732036, shape=(), dtype=float64)
nll_grad  cost time: 2.4190642833709717
tf.Tensor(-10538.181744010639, shape=(), dtype=float64)
nll_grad  cost time: 2.5379364490509033
tf.Tensor(-10543.545024330568, shape=(), dtype=float64)
nll_grad  cost time: 2.3851866722106934
tf.Tensor(-10551.939161160815, shape=(), dtype=float64)
nll_grad  cost time: 2.485572338104248
tf.Tensor(-10562.776383661097, shape=(), dtype=float64)
nll_grad  cost time: 2.463937520980835
nll_grad  cost time: 2.392603635787964
tf.Tensor(-10568.304108932818, shape=(), dtype=float64)
nll_grad  cost time: 2.4088103771209717
tf.Tensor(-10573.224737326775, shape=(), dtype=float64)
nll_grad  cost time: 2.3644514083862305
tf.Tensor(-10577.783067219003, shape=(), dtype=float64)
nll_grad  cost time: 2.377802610397339
tf.Tensor(-10580.586457032812, shape=(), dtype=float64)
nll_grad  cost time: 2.3071682453155518
tf.Tensor(-10584.922281483421, shape=(), dtype=float64)
nll_grad  cost time: 2.3190841674804688
tf.Tensor(-10590.60303066585, shape=(), dtype=float64)
nll_grad  cost time: 2.3230459690093994
tf.Tensor(-10593.648667440895, shape=(), dtype=float64)
nll_grad  cost time: 2.394597291946411
tf.Tensor(-10597.970757166753, shape=(), dtype=float64)
nll_grad  cost time: 2.531198263168335
tf.Tensor(-10603.24074640713, shape=(), dtype=float64)
nll_grad  cost time: 2.416616916656494
tf.Tensor(-10604.481601306354, shape=(), dtype=float64)
nll_grad  cost time: 2.383073568344116
tf.Tensor(-10606.608962963277, shape=(), dtype=float64)
nll_grad  cost time: 2.3874356746673584
tf.Tensor(-10610.386351520385, shape=(), dtype=float64)
nll_grad  cost time: 2.3387107849121094
tf.Tensor(-10616.26046194788, shape=(), dtype=float64)
nll_grad  cost time: 2.3492109775543213
tf.Tensor(-10623.48178576048, shape=(), dtype=float64)
nll_grad  cost time: 2.2966537475585938
tf.Tensor(-10631.5067341041, shape=(), dtype=float64)
nll_grad  cost time: 2.3156392574310303
tf.Tensor(-10637.710317300312, shape=(), dtype=float64)
nll_grad  cost time: 2.3679606914520264
nll_grad  cost time: 2.3107173442840576
tf.Tensor(-10641.177161148153, shape=(), dtype=float64)
nll_grad  cost time: 2.3409292697906494
tf.Tensor(-10643.056164538531, shape=(), dtype=float64)
nll_grad  cost time: 2.27354097366333
tf.Tensor(-10645.823023613935, shape=(), dtype=float64)
nll_grad  cost time: 2.3393118381500244
tf.Tensor(-10649.468881376975, shape=(), dtype=float64)
nll_grad  cost time: 2.454792022705078
tf.Tensor(-10654.305760799863, shape=(), dtype=float64)
nll_grad  cost time: 2.403442621231079
tf.Tensor(-10659.216626499197, shape=(), dtype=float64)
nll_grad  cost time: 2.3475825786590576
tf.Tensor(-10665.323427521827, shape=(), dtype=float64)
nll_grad  cost time: 2.424844741821289
tf.Tensor(-10666.154250679858, shape=(), dtype=float64)
nll_grad  cost time: 2.33870792388916
tf.Tensor(-10667.661406541796, shape=(), dtype=float64)
nll_grad  cost time: 2.3354392051696777
tf.Tensor(-10670.217631410822, shape=(), dtype=float64)
nll_grad  cost time: 2.396064043045044
tf.Tensor(-10674.525992480048, shape=(), dtype=float64)
nll_grad  cost time: 2.396845817565918
tf.Tensor(-10678.410638317218, shape=(), dtype=float64)
nll_grad  cost time: 2.346782922744751
tf.Tensor(-10684.6374464884, shape=(), dtype=float64)
nll_grad  cost time: 2.363020658493042
tf.Tensor(-10689.998492852668, shape=(), dtype=float64)
nll_grad  cost time: 2.3547446727752686
tf.Tensor(-10695.205628781507, shape=(), dtype=float64)
nll_grad  cost time: 2.3811278343200684
tf.Tensor(-10699.899204705667, shape=(), dtype=float64)
nll_grad  cost time: 2.4496304988861084
tf.Tensor(-10703.879206853831, shape=(), dtype=float64)
nll_grad  cost time: 2.510424852371216
tf.Tensor(-10705.781866245627, shape=(), dtype=float64)
nll_grad  cost time: 2.3239150047302246
tf.Tensor(-10708.773424573359, shape=(), dtype=float64)
nll_grad  cost time: 2.3638362884521484
tf.Tensor(-10713.357234850599, shape=(), dtype=float64)
nll_grad  cost time: 2.4083592891693115
tf.Tensor(-10717.071761023377, shape=(), dtype=float64)
nll_grad  cost time: 2.3878347873687744
tf.Tensor(-10721.346687814526, shape=(), dtype=float64)
nll_grad  cost time: 2.355062961578369
tf.Tensor(-10726.974650367185, shape=(), dtype=float64)
nll_grad  cost time: 2.318159818649292
tf.Tensor(-10729.996486186712, shape=(), dtype=float64)
nll_grad  cost time: 2.36375093460083
tf.Tensor(-10734.232483890031, shape=(), dtype=float64)
nll_grad  cost time: 2.320497512817383
tf.Tensor(-10736.928732827357, shape=(), dtype=float64)
nll_grad  cost time: 2.344163417816162
tf.Tensor(-10739.54817457949, shape=(), dtype=float64)
nll_grad  cost time: 2.3504810333251953
tf.Tensor(-10742.192397837876, shape=(), dtype=float64)
nll_grad  cost time: 2.3790571689605713
tf.Tensor(-10744.885761784892, shape=(), dtype=float64)
nll_grad  cost time: 2.474879741668701
tf.Tensor(-10748.113335974966, shape=(), dtype=float64)
nll_grad  cost time: 2.368483304977417
tf.Tensor(-10748.81076740806, shape=(), dtype=float64)
nll_grad  cost time: 2.398686647415161
tf.Tensor(-10749.965667155106, shape=(), dtype=float64)
nll_grad  cost time: 2.415465831756592
tf.Tensor(-10751.8483988929, shape=(), dtype=float64)
nll_grad  cost time: 2.4252216815948486
tf.Tensor(-10754.406923470495, shape=(), dtype=float64)
nll_grad  cost time: 2.361854314804077
tf.Tensor(-10758.245791093977, shape=(), dtype=float64)
nll_grad  cost time: 2.4050629138946533
nll_grad  cost time: 2.3397345542907715
tf.Tensor(-10759.906133542172, shape=(), dtype=float64)
nll_grad  cost time: 2.4304168224334717
tf.Tensor(-10762.22097771478, shape=(), dtype=float64)
nll_grad  cost time: 2.3787217140197754
tf.Tensor(-10763.528719228416, shape=(), dtype=float64)
nll_grad  cost time: 2.3743083477020264
tf.Tensor(-10765.446192846357, shape=(), dtype=float64)
nll_grad  cost time: 2.3953323364257812
tf.Tensor(-10767.812710233127, shape=(), dtype=float64)
nll_grad  cost time: 2.4428157806396484
tf.Tensor(-10770.694280159965, shape=(), dtype=float64)
nll_grad  cost time: 2.5221822261810303
tf.Tensor(-10773.555836960535, shape=(), dtype=float64)
nll_grad  cost time: 2.488929271697998
tf.Tensor(-10775.963585315352, shape=(), dtype=float64)
nll_grad  cost time: 2.4591777324676514
tf.Tensor(-10779.201260304835, shape=(), dtype=float64)
nll_grad  cost time: 2.414531946182251
tf.Tensor(-10782.776865303691, shape=(), dtype=float64)
nll_grad  cost time: 2.4243547916412354
tf.Tensor(-10787.224770229383, shape=(), dtype=float64)
nll_grad  cost time: 2.3619544506073
nll_grad  cost time: 2.26743221282959
tf.Tensor(-10789.354655904834, shape=(), dtype=float64)
nll_grad  cost time: 2.3574564456939697
tf.Tensor(-10792.54573324944, shape=(), dtype=float64)
nll_grad  cost time: 2.334899663925171
tf.Tensor(-10796.568238797343, shape=(), dtype=float64)
nll_grad  cost time: 2.326976776123047
tf.Tensor(-10799.901667298276, shape=(), dtype=float64)
nll_grad  cost time: 2.301581859588623
tf.Tensor(-10803.324207756908, shape=(), dtype=float64)
nll_grad  cost time: 2.3429579734802246
tf.Tensor(-10805.330439568745, shape=(), dtype=float64)
nll_grad  cost time: 2.409984827041626
tf.Tensor(-10807.910591896427, shape=(), dtype=float64)
nll_grad  cost time: 2.330263137817383
tf.Tensor(-10810.906327841636, shape=(), dtype=float64)
nll_grad  cost time: 2.3005573749542236
tf.Tensor(-10813.553564220383, shape=(), dtype=float64)
nll_grad  cost time: 2.3856241703033447
tf.Tensor(-10814.18070257888, shape=(), dtype=float64)
nll_grad  cost time: 2.3354835510253906
tf.Tensor(-10815.285820972167, shape=(), dtype=float64)
nll_grad  cost time: 2.366715431213379
tf.Tensor(-10817.192299972776, shape=(), dtype=float64)
nll_grad  cost time: 2.316535472869873
tf.Tensor(-10819.270919795228, shape=(), dtype=float64)
nll_grad  cost time: 2.3382909297943115
tf.Tensor(-10821.851642759524, shape=(), dtype=float64)
nll_grad  cost time: 2.3486719131469727
nll_grad  cost time: 2.2676501274108887
tf.Tensor(-10823.292938679413, shape=(), dtype=float64)
nll_grad  cost time: 2.3109586238861084
tf.Tensor(-10824.493748620924, shape=(), dtype=float64)
nll_grad  cost time: 2.311363935470581
tf.Tensor(-10825.811578802466, shape=(), dtype=float64)
nll_grad  cost time: 2.3242859840393066
tf.Tensor(-10826.405299903701, shape=(), dtype=float64)
nll_grad  cost time: 2.5109119415283203
tf.Tensor(-10827.243633823702, shape=(), dtype=float64)
nll_grad  cost time: 2.32806396484375
tf.Tensor(-10828.592218562364, shape=(), dtype=float64)
nll_grad  cost time: 2.3666374683380127
tf.Tensor(-10829.98481500728, shape=(), dtype=float64)
nll_grad  cost time: 2.320071220397949
tf.Tensor(-10831.146390631373, shape=(), dtype=float64)
nll_grad  cost time: 2.3349807262420654
tf.Tensor(-10831.9320759615, shape=(), dtype=float64)
nll_grad  cost time: 2.360426664352417
tf.Tensor(-10832.729622386738, shape=(), dtype=float64)
nll_grad  cost time: 2.321106433868408
tf.Tensor(-10833.65153968981, shape=(), dtype=float64)
nll_grad  cost time: 2.579770565032959
tf.Tensor(-10834.607980829562, shape=(), dtype=float64)
nll_grad  cost time: 2.296170949935913
tf.Tensor(-10835.574390912283, shape=(), dtype=float64)
nll_grad  cost time: 2.3294105529785156
tf.Tensor(-10836.55170948743, shape=(), dtype=float64)
nll_grad  cost time: 2.3304615020751953
tf.Tensor(-10837.795062342331, shape=(), dtype=float64)
nll_grad  cost time: 2.307687997817993
tf.Tensor(-10838.666387332472, shape=(), dtype=float64)
nll_grad  cost time: 2.3645150661468506
tf.Tensor(-10839.73290539105, shape=(), dtype=float64)
nll_grad  cost time: 2.4309873580932617
tf.Tensor(-10840.445751912957, shape=(), dtype=float64)
nll_grad  cost time: 2.302145481109619
tf.Tensor(-10841.368266146943, shape=(), dtype=float64)
nll_grad  cost time: 2.3103091716766357
tf.Tensor(-10842.05375438639, shape=(), dtype=float64)
nll_grad  cost time: 2.3988595008850098
tf.Tensor(-10842.7768409028, shape=(), dtype=float64)
nll_grad  cost time: 2.361337661743164
tf.Tensor(-10843.437645145219, shape=(), dtype=float64)
nll_grad  cost time: 2.3474597930908203
tf.Tensor(-10843.995076072373, shape=(), dtype=float64)
nll_grad  cost time: 2.3186240196228027
tf.Tensor(-10844.53743874027, shape=(), dtype=float64)
nll_grad  cost time: 2.362074613571167
tf.Tensor(-10844.907673722635, shape=(), dtype=float64)
nll_grad  cost time: 2.390007972717285
tf.Tensor(-10845.35186834346, shape=(), dtype=float64)
nll_grad  cost time: 2.311504602432251
tf.Tensor(-10845.77522344573, shape=(), dtype=float64)
nll_grad  cost time: 2.2974040508270264
tf.Tensor(-10846.089877666374, shape=(), dtype=float64)
nll_grad  cost time: 2.3447084426879883
tf.Tensor(-10846.477709830731, shape=(), dtype=float64)
nll_grad  cost time: 2.43963360786438
tf.Tensor(-10846.899278230077, shape=(), dtype=float64)
nll_grad  cost time: 2.4208984375
tf.Tensor(-10847.216115845134, shape=(), dtype=float64)
nll_grad  cost time: 2.3302319049835205
tf.Tensor(-10847.434991199276, shape=(), dtype=float64)
nll_grad  cost time: 2.3798580169677734
tf.Tensor(-10847.719148277989, shape=(), dtype=float64)
nll_grad  cost time: 2.354511260986328
tf.Tensor(-10848.015675390903, shape=(), dtype=float64)
nll_grad  cost time: 2.3451123237609863
tf.Tensor(-10848.338544873288, shape=(), dtype=float64)
nll_grad  cost time: 2.3416101932525635
tf.Tensor(-10848.500852237099, shape=(), dtype=float64)
nll_grad  cost time: 2.3451857566833496
tf.Tensor(-10848.756344318062, shape=(), dtype=float64)
nll_grad  cost time: 2.380282402038574
tf.Tensor(-10849.101181963058, shape=(), dtype=float64)
nll_grad  cost time: 2.3691012859344482
tf.Tensor(-10849.297119427276, shape=(), dtype=float64)
nll_grad  cost time: 2.3473739624023438
tf.Tensor(-10849.544785757695, shape=(), dtype=float64)
nll_grad  cost time: 2.305882215499878
tf.Tensor(-10849.780405664213, shape=(), dtype=float64)
nll_grad  cost time: 2.3520162105560303
tf.Tensor(-10849.94774483639, shape=(), dtype=float64)
nll_grad  cost time: 2.4364030361175537
tf.Tensor(-10850.110064864748, shape=(), dtype=float64)
nll_grad  cost time: 2.361281633377075
tf.Tensor(-10850.28306830678, shape=(), dtype=float64)
nll_grad  cost time: 2.4007644653320312
tf.Tensor(-10850.457869569422, shape=(), dtype=float64)
nll_grad  cost time: 2.4332077503204346
tf.Tensor(-10850.639664174894, shape=(), dtype=float64)
nll_grad  cost time: 2.464146614074707
tf.Tensor(-10850.821210440045, shape=(), dtype=float64)
nll_grad  cost time: 2.3715505599975586
tf.Tensor(-10850.96832225263, shape=(), dtype=float64)
nll_grad  cost time: 2.368509531021118
tf.Tensor(-10851.150420431397, shape=(), dtype=float64)
nll_grad  cost time: 2.4128570556640625
tf.Tensor(-10851.32861340914, shape=(), dtype=float64)
nll_grad  cost time: 2.3308990001678467
tf.Tensor(-10851.533996127619, shape=(), dtype=float64)
nll_grad  cost time: 2.3660378456115723
tf.Tensor(-10851.70807273365, shape=(), dtype=float64)
nll_grad  cost time: 2.341063976287842
tf.Tensor(-10851.88019311829, shape=(), dtype=float64)
nll_grad  cost time: 2.3559911251068115
tf.Tensor(-10852.081445286829, shape=(), dtype=float64)
nll_grad  cost time: 2.432595729827881
tf.Tensor(-10852.32399241798, shape=(), dtype=float64)
nll_grad  cost time: 2.5584304332733154
tf.Tensor(-10852.534824231981, shape=(), dtype=float64)
nll_grad  cost time: 2.326653242111206
tf.Tensor(-10852.738685213117, shape=(), dtype=float64)
nll_grad  cost time: 2.3364953994750977
tf.Tensor(-10852.907255065416, shape=(), dtype=float64)
nll_grad  cost time: 2.4394567012786865
tf.Tensor(-10853.156561233962, shape=(), dtype=float64)
nll_grad  cost time: 2.4079010486602783
tf.Tensor(-10853.501013560533, shape=(), dtype=float64)
nll_grad  cost time: 2.376476287841797
tf.Tensor(-10853.749810528032, shape=(), dtype=float64)
nll_grad  cost time: 2.3858041763305664
tf.Tensor(-10853.968825230935, shape=(), dtype=float64)
nll_grad  cost time: 2.376246690750122
tf.Tensor(-10854.236703118251, shape=(), dtype=float64)
nll_grad  cost time: 2.3737380504608154
tf.Tensor(-10854.555644242973, shape=(), dtype=float64)
nll_grad  cost time: 2.3660311698913574
tf.Tensor(-10854.988946680052, shape=(), dtype=float64)
nll_grad  cost time: 2.383962869644165
tf.Tensor(-10855.47834156108, shape=(), dtype=float64)
nll_grad  cost time: 2.4160003662109375
tf.Tensor(-10855.864453575377, shape=(), dtype=float64)
nll_grad  cost time: 2.467061996459961
tf.Tensor(-10856.25149327638, shape=(), dtype=float64)
nll_grad  cost time: 2.4129037857055664
tf.Tensor(-10856.622051640115, shape=(), dtype=float64)
nll_grad  cost time: 2.309328079223633
tf.Tensor(-10857.143936132801, shape=(), dtype=float64)
nll_grad  cost time: 2.390742540359497
tf.Tensor(-10857.802719337385, shape=(), dtype=float64)
nll_grad  cost time: 2.370310068130493
nll_grad  cost time: 2.275364875793457
tf.Tensor(-10858.11221021619, shape=(), dtype=float64)
nll_grad  cost time: 2.353346586227417
tf.Tensor(-10858.578333082056, shape=(), dtype=float64)
nll_grad  cost time: 2.4045822620391846
tf.Tensor(-10859.217971695798, shape=(), dtype=float64)
nll_grad  cost time: 2.3777825832366943
tf.Tensor(-10859.694073995423, shape=(), dtype=float64)
nll_grad  cost time: 2.4504570960998535
tf.Tensor(-10860.273342262917, shape=(), dtype=float64)
nll_grad  cost time: 2.3656234741210938
nll_grad  cost time: 2.31408953666687
tf.Tensor(-10860.568221243891, shape=(), dtype=float64)
nll_grad  cost time: 2.3557324409484863
tf.Tensor(-10860.926231752746, shape=(), dtype=float64)
nll_grad  cost time: 2.458588123321533
tf.Tensor(-10861.367751269536, shape=(), dtype=float64)
nll_grad  cost time: 2.3484745025634766
tf.Tensor(-10861.713910696686, shape=(), dtype=float64)
nll_grad  cost time: 2.3829290866851807
tf.Tensor(-10861.979411325308, shape=(), dtype=float64)
nll_grad  cost time: 2.450256824493408
tf.Tensor(-10862.309826974197, shape=(), dtype=float64)
nll_grad  cost time: 2.430551290512085
tf.Tensor(-10862.553277949832, shape=(), dtype=float64)
nll_grad  cost time: 2.2913243770599365
tf.Tensor(-10862.824059123079, shape=(), dtype=float64)
nll_grad  cost time: 2.3302786350250244
tf.Tensor(-10863.079278476755, shape=(), dtype=float64)
nll_grad  cost time: 2.3396847248077393
tf.Tensor(-10863.397033707792, shape=(), dtype=float64)
nll_grad  cost time: 2.376520872116089
tf.Tensor(-10863.653089910993, shape=(), dtype=float64)
nll_grad  cost time: 2.357666015625
tf.Tensor(-10863.971314854389, shape=(), dtype=float64)
nll_grad  cost time: 2.3375155925750732
tf.Tensor(-10864.253771206175, shape=(), dtype=float64)
nll_grad  cost time: 2.341240406036377
tf.Tensor(-10864.557429909015, shape=(), dtype=float64)
nll_grad  cost time: 2.413642644882202
tf.Tensor(-10864.889995742662, shape=(), dtype=float64)
nll_grad  cost time: 2.3638157844543457
tf.Tensor(-10865.253954667794, shape=(), dtype=float64)
nll_grad  cost time: 2.321535587310791
tf.Tensor(-10865.553741911921, shape=(), dtype=float64)
nll_grad  cost time: 2.3567569255828857
tf.Tensor(-10865.79953741251, shape=(), dtype=float64)
nll_grad  cost time: 2.3790910243988037
tf.Tensor(-10866.075686171149, shape=(), dtype=float64)
nll_grad  cost time: 2.3475003242492676
tf.Tensor(-10866.340059739807, shape=(), dtype=float64)
nll_grad  cost time: 2.3234519958496094
tf.Tensor(-10866.583520952969, shape=(), dtype=float64)
nll_grad  cost time: 2.3263485431671143
tf.Tensor(-10866.815793605434, shape=(), dtype=float64)
nll_grad  cost time: 2.3288984298706055
tf.Tensor(-10867.025292187987, shape=(), dtype=float64)
nll_grad  cost time: 2.3339998722076416
tf.Tensor(-10867.32859913788, shape=(), dtype=float64)
nll_grad  cost time: 2.3457858562469482
tf.Tensor(-10867.735176394119, shape=(), dtype=float64)
nll_grad  cost time: 2.298250913619995
tf.Tensor(-10868.059060694053, shape=(), dtype=float64)
nll_grad  cost time: 2.404266357421875
tf.Tensor(-10868.394407519125, shape=(), dtype=float64)
nll_grad  cost time: 2.481734037399292
tf.Tensor(-10868.720699657635, shape=(), dtype=float64)
nll_grad  cost time: 2.2963685989379883
tf.Tensor(-10869.089859802247, shape=(), dtype=float64)
nll_grad  cost time: 2.311903953552246
tf.Tensor(-10869.252196903857, shape=(), dtype=float64)
nll_grad  cost time: 2.35469388961792
tf.Tensor(-10869.497099958207, shape=(), dtype=float64)
nll_grad  cost time: 2.3773481845855713
tf.Tensor(-10869.779611053717, shape=(), dtype=float64)
nll_grad  cost time: 2.3276991844177246
tf.Tensor(-10869.97760171914, shape=(), dtype=float64)
nll_grad  cost time: 2.331644058227539
tf.Tensor(-10870.199371964307, shape=(), dtype=float64)
nll_grad  cost time: 2.3818259239196777
tf.Tensor(-10870.434088699512, shape=(), dtype=float64)
nll_grad  cost time: 2.3418853282928467
tf.Tensor(-10870.606739326067, shape=(), dtype=float64)
nll_grad  cost time: 2.3636810779571533
tf.Tensor(-10870.791456271065, shape=(), dtype=float64)
nll_grad  cost time: 2.3171327114105225
tf.Tensor(-10870.869561305575, shape=(), dtype=float64)
nll_grad  cost time: 2.3359551429748535
tf.Tensor(-10870.993239153744, shape=(), dtype=float64)
nll_grad  cost time: 2.3209049701690674
tf.Tensor(-10871.130714428647, shape=(), dtype=float64)
nll_grad  cost time: 2.4272513389587402
tf.Tensor(-10871.176376024661, shape=(), dtype=float64)
nll_grad  cost time: 2.3716042041778564
tf.Tensor(-10871.241028990786, shape=(), dtype=float64)
nll_grad  cost time: 2.312061071395874
tf.Tensor(-10871.307505824567, shape=(), dtype=float64)
nll_grad  cost time: 2.3705952167510986
tf.Tensor(-10871.373029213784, shape=(), dtype=float64)
nll_grad  cost time: 2.3211283683776855
tf.Tensor(-10871.4503635176, shape=(), dtype=float64)
nll_grad  cost time: 2.338618040084839
tf.Tensor(-10871.559031804245, shape=(), dtype=float64)
nll_grad  cost time: 2.308128833770752
tf.Tensor(-10871.649781835476, shape=(), dtype=float64)
nll_grad  cost time: 2.3132097721099854
tf.Tensor(-10871.725344581886, shape=(), dtype=float64)
nll_grad  cost time: 2.5756657123565674
tf.Tensor(-10871.802459240615, shape=(), dtype=float64)
nll_grad  cost time: 2.3368825912475586
tf.Tensor(-10871.884824657274, shape=(), dtype=float64)
nll_grad  cost time: 2.3145644664764404
tf.Tensor(-10871.981428970903, shape=(), dtype=float64)
nll_grad  cost time: 2.3158679008483887
tf.Tensor(-10872.109420535402, shape=(), dtype=float64)
nll_grad  cost time: 2.3456132411956787
tf.Tensor(-10872.283225567895, shape=(), dtype=float64)
nll_grad  cost time: 2.33929181098938
tf.Tensor(-10872.46120348497, shape=(), dtype=float64)
nll_grad  cost time: 2.3327741622924805
tf.Tensor(-10872.65398141362, shape=(), dtype=float64)
nll_grad  cost time: 2.2984509468078613
tf.Tensor(-10872.862367252521, shape=(), dtype=float64)
nll_grad  cost time: 2.360527753829956
tf.Tensor(-10873.073608651568, shape=(), dtype=float64)
nll_grad  cost time: 2.406083822250366
tf.Tensor(-10873.222040984721, shape=(), dtype=float64)
nll_grad  cost time: 2.4143478870391846
tf.Tensor(-10873.348704602788, shape=(), dtype=float64)
nll_grad  cost time: 2.3687777519226074
tf.Tensor(-10873.512165530585, shape=(), dtype=float64)
nll_grad  cost time: 2.419296979904175
tf.Tensor(-10873.64778485291, shape=(), dtype=float64)
nll_grad  cost time: 2.3891055583953857
tf.Tensor(-10873.82044906148, shape=(), dtype=float64)
nll_grad  cost time: 2.330275058746338
tf.Tensor(-10874.032253956095, shape=(), dtype=float64)
nll_grad  cost time: 2.3229470252990723
tf.Tensor(-10874.225911010748, shape=(), dtype=float64)
nll_grad  cost time: 2.337557554244995
tf.Tensor(-10874.403416224777, shape=(), dtype=float64)
nll_grad  cost time: 2.4176602363586426
tf.Tensor(-10874.592962396055, shape=(), dtype=float64)
nll_grad  cost time: 2.3174705505371094
tf.Tensor(-10874.729599590275, shape=(), dtype=float64)
nll_grad  cost time: 2.290304660797119
tf.Tensor(-10874.810916996277, shape=(), dtype=float64)
nll_grad  cost time: 2.3999056816101074
tf.Tensor(-10874.90947740827, shape=(), dtype=float64)
nll_grad  cost time: 2.366197109222412
tf.Tensor(-10875.018974667102, shape=(), dtype=float64)
nll_grad  cost time: 2.3646905422210693
tf.Tensor(-10875.150111690666, shape=(), dtype=float64)
nll_grad  cost time: 2.352660894393921
tf.Tensor(-10875.282307135793, shape=(), dtype=float64)
nll_grad  cost time: 2.35473895072937
tf.Tensor(-10875.36555672357, shape=(), dtype=float64)
nll_grad  cost time: 2.3428733348846436
tf.Tensor(-10875.48775164131, shape=(), dtype=float64)
nll_grad  cost time: 2.3718740940093994
tf.Tensor(-10875.632847328838, shape=(), dtype=float64)
nll_grad  cost time: 2.3328123092651367
tf.Tensor(-10875.748022805528, shape=(), dtype=float64)
nll_grad  cost time: 2.3478269577026367
tf.Tensor(-10875.83428942936, shape=(), dtype=float64)
nll_grad  cost time: 2.3912439346313477
tf.Tensor(-10875.954852302799, shape=(), dtype=float64)
nll_grad  cost time: 2.5570907592773438
tf.Tensor(-10876.050647547818, shape=(), dtype=float64)
nll_grad  cost time: 2.35046648979187
tf.Tensor(-10876.111246792701, shape=(), dtype=float64)
nll_grad  cost time: 2.380298376083374
tf.Tensor(-10876.166923718709, shape=(), dtype=float64)
nll_grad  cost time: 2.375828504562378
tf.Tensor(-10876.218654171003, shape=(), dtype=float64)
nll_grad  cost time: 2.387686252593994
tf.Tensor(-10876.259691451538, shape=(), dtype=float64)
nll_grad  cost time: 2.3999831676483154
tf.Tensor(-10876.320288450064, shape=(), dtype=float64)
nll_grad  cost time: 2.3506875038146973
tf.Tensor(-10876.393643448297, shape=(), dtype=float64)
nll_grad  cost time: 2.4110124111175537
tf.Tensor(-10876.473981533723, shape=(), dtype=float64)
nll_grad  cost time: 2.3471105098724365
tf.Tensor(-10876.582612558945, shape=(), dtype=float64)
nll_grad  cost time: 2.376652479171753
tf.Tensor(-10876.723641481083, shape=(), dtype=float64)
nll_grad  cost time: 2.376600503921509
tf.Tensor(-10876.857673498955, shape=(), dtype=float64)
nll_grad  cost time: 2.352694272994995
tf.Tensor(-10876.99653999749, shape=(), dtype=float64)
nll_grad  cost time: 2.405242919921875
tf.Tensor(-10877.158818657597, shape=(), dtype=float64)
nll_grad  cost time: 2.378896474838257
tf.Tensor(-10877.269920400948, shape=(), dtype=float64)
nll_grad  cost time: 2.3186194896698
tf.Tensor(-10877.377458987168, shape=(), dtype=float64)
nll_grad  cost time: 2.3587396144866943
tf.Tensor(-10877.49166235714, shape=(), dtype=float64)
nll_grad  cost time: 2.3629631996154785
tf.Tensor(-10877.613561268117, shape=(), dtype=float64)
nll_grad  cost time: 2.3644754886627197
tf.Tensor(-10877.709617528628, shape=(), dtype=float64)
nll_grad  cost time: 2.3617758750915527
tf.Tensor(-10877.799800274108, shape=(), dtype=float64)
nll_grad  cost time: 2.364489793777466
tf.Tensor(-10877.883542156305, shape=(), dtype=float64)
nll_grad  cost time: 2.296504497528076
tf.Tensor(-10877.962942152735, shape=(), dtype=float64)
nll_grad  cost time: 2.315713405609131
tf.Tensor(-10878.039827724664, shape=(), dtype=float64)
nll_grad  cost time: 2.3305306434631348
tf.Tensor(-10878.122585854246, shape=(), dtype=float64)
nll_grad  cost time: 2.3545451164245605
tf.Tensor(-10878.215272494599, shape=(), dtype=float64)
nll_grad  cost time: 2.4099271297454834
tf.Tensor(-10878.309873528779, shape=(), dtype=float64)
nll_grad  cost time: 2.5373332500457764
tf.Tensor(-10878.385951580713, shape=(), dtype=float64)
nll_grad  cost time: 2.389171838760376
tf.Tensor(-10878.452995797808, shape=(), dtype=float64)
nll_grad  cost time: 2.418790102005005
tf.Tensor(-10878.50399570672, shape=(), dtype=float64)
nll_grad  cost time: 2.3656599521636963
tf.Tensor(-10878.569965475559, shape=(), dtype=float64)
nll_grad  cost time: 2.3587701320648193
tf.Tensor(-10878.637410175019, shape=(), dtype=float64)
nll_grad  cost time: 2.4681873321533203
tf.Tensor(-10878.679682493545, shape=(), dtype=float64)
nll_grad  cost time: 2.370969533920288
tf.Tensor(-10878.716512969157, shape=(), dtype=float64)
nll_grad  cost time: 2.3588757514953613
tf.Tensor(-10878.759287477711, shape=(), dtype=float64)
nll_grad  cost time: 2.3223540782928467
tf.Tensor(-10878.798160972321, shape=(), dtype=float64)
nll_grad  cost time: 2.347782611846924
tf.Tensor(-10878.83367340469, shape=(), dtype=float64)
nll_grad  cost time: 2.3130834102630615
tf.Tensor(-10878.87571944124, shape=(), dtype=float64)
nll_grad  cost time: 2.362621784210205
tf.Tensor(-10878.927962424612, shape=(), dtype=float64)
nll_grad  cost time: 2.37276291847229
tf.Tensor(-10878.972596500571, shape=(), dtype=float64)
nll_grad  cost time: 2.4303998947143555
tf.Tensor(-10879.036036911559, shape=(), dtype=float64)
nll_grad  cost time: 2.3888328075408936
tf.Tensor(-10879.128331234955, shape=(), dtype=float64)
nll_grad  cost time: 2.3398666381835938
tf.Tensor(-10879.222088816729, shape=(), dtype=float64)
nll_grad  cost time: 2.4050052165985107
tf.Tensor(-10879.291861203623, shape=(), dtype=float64)
nll_grad  cost time: 2.402257204055786
tf.Tensor(-10879.36579125758, shape=(), dtype=float64)
nll_grad  cost time: 2.3570282459259033
tf.Tensor(-10879.431296149705, shape=(), dtype=float64)
nll_grad  cost time: 2.315342903137207
tf.Tensor(-10879.48269204788, shape=(), dtype=float64)
nll_grad  cost time: 2.387666940689087
tf.Tensor(-10879.520810348025, shape=(), dtype=float64)
nll_grad  cost time: 2.358579158782959
tf.Tensor(-10879.549597033852, shape=(), dtype=float64)
nll_grad  cost time: 2.319561719894409
tf.Tensor(-10879.589829809527, shape=(), dtype=float64)
nll_grad  cost time: 2.3552069664001465
tf.Tensor(-10879.630856838798, shape=(), dtype=float64)
nll_grad  cost time: 2.3866631984710693
tf.Tensor(-10879.657586972316, shape=(), dtype=float64)
nll_grad  cost time: 2.4678056240081787
tf.Tensor(-10879.683031098408, shape=(), dtype=float64)
nll_grad  cost time: 2.387454032897949
tf.Tensor(-10879.709599142967, shape=(), dtype=float64)
nll_grad  cost time: 2.318544864654541
tf.Tensor(-10879.731507866563, shape=(), dtype=float64)
nll_grad  cost time: 2.3090693950653076
tf.Tensor(-10879.758973365279, shape=(), dtype=float64)
nll_grad  cost time: 2.339369058609009
tf.Tensor(-10879.790678430792, shape=(), dtype=float64)
nll_grad  cost time: 2.3657443523406982
tf.Tensor(-10879.818781431808, shape=(), dtype=float64)
nll_grad  cost time: 2.3560805320739746
tf.Tensor(-10879.84730597106, shape=(), dtype=float64)
nll_grad  cost time: 2.367064952850342
tf.Tensor(-10879.880267473935, shape=(), dtype=float64)
nll_grad  cost time: 2.384066581726074
tf.Tensor(-10879.90186352119, shape=(), dtype=float64)
nll_grad  cost time: 2.4178109169006348
tf.Tensor(-10879.925193333074, shape=(), dtype=float64)
nll_grad  cost time: 2.3889806270599365
tf.Tensor(-10879.952212716853, shape=(), dtype=float64)
nll_grad  cost time: 2.3301548957824707
tf.Tensor(-10879.974722474777, shape=(), dtype=float64)
nll_grad  cost time: 2.352084159851074
tf.Tensor(-10880.004170570028, shape=(), dtype=float64)
nll_grad  cost time: 2.451812267303467
tf.Tensor(-10880.042282509101, shape=(), dtype=float64)
nll_grad  cost time: 2.3310468196868896
tf.Tensor(-10880.081071837056, shape=(), dtype=float64)
nll_grad  cost time: 2.311357259750366
tf.Tensor(-10880.122537718475, shape=(), dtype=float64)
nll_grad  cost time: 2.3903605937957764
tf.Tensor(-10880.174602732397, shape=(), dtype=float64)
nll_grad  cost time: 2.3726580142974854
tf.Tensor(-10880.22629253142, shape=(), dtype=float64)
nll_grad  cost time: 2.3338730335235596
tf.Tensor(-10880.270001370816, shape=(), dtype=float64)
nll_grad  cost time: 2.3262054920196533
tf.Tensor(-10880.320106770698, shape=(), dtype=float64)
nll_grad  cost time: 2.356950044631958
tf.Tensor(-10880.355600416093, shape=(), dtype=float64)
nll_grad  cost time: 2.3335700035095215
tf.Tensor(-10880.409131231609, shape=(), dtype=float64)
nll_grad  cost time: 2.311450481414795
tf.Tensor(-10880.463309027997, shape=(), dtype=float64)
nll_grad  cost time: 2.313464879989624
tf.Tensor(-10880.517082940765, shape=(), dtype=float64)
nll_grad  cost time: 2.375626802444458
tf.Tensor(-10880.590740122134, shape=(), dtype=float64)
nll_grad  cost time: 2.465144395828247
tf.Tensor(-10880.652720435712, shape=(), dtype=float64)
nll_grad  cost time: 2.4373044967651367
tf.Tensor(-10880.684647074522, shape=(), dtype=float64)
nll_grad  cost time: 2.3218295574188232
tf.Tensor(-10880.723377372291, shape=(), dtype=float64)
nll_grad  cost time: 2.378429651260376
tf.Tensor(-10880.768339970571, shape=(), dtype=float64)
nll_grad  cost time: 2.3635475635528564
tf.Tensor(-10880.834453061158, shape=(), dtype=float64)
nll_grad  cost time: 2.439314365386963
tf.Tensor(-10880.925543210797, shape=(), dtype=float64)
nll_grad  cost time: 2.3454372882843018
tf.Tensor(-10880.98957888667, shape=(), dtype=float64)
nll_grad  cost time: 2.4700191020965576
tf.Tensor(-10881.033258502765, shape=(), dtype=float64)
nll_grad  cost time: 2.4294090270996094
tf.Tensor(-10881.0831454773, shape=(), dtype=float64)
nll_grad  cost time: 2.4247913360595703
tf.Tensor(-10881.138071002315, shape=(), dtype=float64)
nll_grad  cost time: 2.58944034576416
tf.Tensor(-10881.182662194915, shape=(), dtype=float64)
nll_grad  cost time: 2.3483710289001465
tf.Tensor(-10881.236828879373, shape=(), dtype=float64)
nll_grad  cost time: 2.3550729751586914
tf.Tensor(-10881.302417917592, shape=(), dtype=float64)
nll_grad  cost time: 2.52004075050354
tf.Tensor(-10881.373997968614, shape=(), dtype=float64)
nll_grad  cost time: 2.3365514278411865
tf.Tensor(-10881.470785096368, shape=(), dtype=float64)
nll_grad  cost time: 2.350912570953369
tf.Tensor(-10881.581576163931, shape=(), dtype=float64)
nll_grad  cost time: 2.38638973236084
tf.Tensor(-10881.675885900579, shape=(), dtype=float64)
nll_grad  cost time: 2.3492696285247803
tf.Tensor(-10881.779003593576, shape=(), dtype=float64)
nll_grad  cost time: 2.350282669067383
nll_grad  cost time: 2.2949445247650146
tf.Tensor(-10881.841381597573, shape=(), dtype=float64)
nll_grad  cost time: 2.3225884437561035
tf.Tensor(-10881.90199589559, shape=(), dtype=float64)
nll_grad  cost time: 2.375147819519043
tf.Tensor(-10881.970346443617, shape=(), dtype=float64)
nll_grad  cost time: 2.3166260719299316
tf.Tensor(-10882.004788506747, shape=(), dtype=float64)
nll_grad  cost time: 2.3134593963623047
tf.Tensor(-10882.051856368998, shape=(), dtype=float64)
nll_grad  cost time: 2.379678726196289
tf.Tensor(-10882.114995766598, shape=(), dtype=float64)
nll_grad  cost time: 2.3918113708496094
tf.Tensor(-10882.185884535153, shape=(), dtype=float64)
nll_grad  cost time: 2.5500996112823486
tf.Tensor(-10882.249943887044, shape=(), dtype=float64)
nll_grad  cost time: 2.3632304668426514
tf.Tensor(-10882.325735221377, shape=(), dtype=float64)
nll_grad  cost time: 2.3256149291992188
tf.Tensor(-10882.411634314492, shape=(), dtype=float64)
nll_grad  cost time: 2.4250452518463135
tf.Tensor(-10882.472798095463, shape=(), dtype=float64)
nll_grad  cost time: 2.4129419326782227
tf.Tensor(-10882.536990665707, shape=(), dtype=float64)
nll_grad  cost time: 2.360459327697754
tf.Tensor(-10882.613006618463, shape=(), dtype=float64)
nll_grad  cost time: 2.3306884765625
tf.Tensor(-10882.677969477438, shape=(), dtype=float64)
nll_grad  cost time: 2.4049148559570312
tf.Tensor(-10882.740861600112, shape=(), dtype=float64)
nll_grad  cost time: 2.397035837173462
tf.Tensor(-10882.790814296088, shape=(), dtype=float64)
nll_grad  cost time: 2.3892476558685303
tf.Tensor(-10882.826394333293, shape=(), dtype=float64)
nll_grad  cost time: 2.3304176330566406
tf.Tensor(-10882.86210519875, shape=(), dtype=float64)
nll_grad  cost time: 2.3463830947875977
tf.Tensor(-10882.889488125606, shape=(), dtype=float64)
nll_grad  cost time: 2.399688482284546
tf.Tensor(-10882.930533791456, shape=(), dtype=float64)
nll_grad  cost time: 2.3094615936279297
tf.Tensor(-10882.98053835643, shape=(), dtype=float64)
nll_grad  cost time: 2.3131778240203857
tf.Tensor(-10883.020140284054, shape=(), dtype=float64)
nll_grad  cost time: 2.3613619804382324
tf.Tensor(-10883.058033527399, shape=(), dtype=float64)
nll_grad  cost time: 2.3451032638549805
tf.Tensor(-10883.085651247282, shape=(), dtype=float64)
nll_grad  cost time: 2.3281145095825195
tf.Tensor(-10883.107337039823, shape=(), dtype=float64)
nll_grad  cost time: 2.394253969192505
tf.Tensor(-10883.135121982945, shape=(), dtype=float64)
nll_grad  cost time: 2.352705717086792
tf.Tensor(-10883.16757960555, shape=(), dtype=float64)
nll_grad  cost time: 2.3350412845611572
tf.Tensor(-10883.192402547436, shape=(), dtype=float64)
nll_grad  cost time: 2.333880662918091
tf.Tensor(-10883.21352411811, shape=(), dtype=float64)
nll_grad  cost time: 2.3248977661132812
tf.Tensor(-10883.234718322768, shape=(), dtype=float64)
nll_grad  cost time: 2.3027431964874268
tf.Tensor(-10883.248307493246, shape=(), dtype=float64)
nll_grad  cost time: 2.3056883811950684
tf.Tensor(-10883.258604534502, shape=(), dtype=float64)
nll_grad  cost time: 2.486298084259033
tf.Tensor(-10883.269257096537, shape=(), dtype=float64)
nll_grad  cost time: 2.3997907638549805
tf.Tensor(-10883.279310457023, shape=(), dtype=float64)
nll_grad  cost time: 2.350349187850952
tf.Tensor(-10883.290497488531, shape=(), dtype=float64)
nll_grad  cost time: 2.3264548778533936
tf.Tensor(-10883.2992328357, shape=(), dtype=float64)
nll_grad  cost time: 2.3601908683776855
tf.Tensor(-10883.30857390281, shape=(), dtype=float64)
nll_grad  cost time: 2.418543577194214
tf.Tensor(-10883.318844252462, shape=(), dtype=float64)
nll_grad  cost time: 2.367225408554077
tf.Tensor(-10883.329639778734, shape=(), dtype=float64)
nll_grad  cost time: 2.348966121673584
tf.Tensor(-10883.34191282023, shape=(), dtype=float64)
nll_grad  cost time: 2.3902053833007812
tf.Tensor(-10883.355365070369, shape=(), dtype=float64)
nll_grad  cost time: 2.338107109069824
tf.Tensor(-10883.371342094702, shape=(), dtype=float64)
nll_grad  cost time: 2.321248769760132
tf.Tensor(-10883.389176010984, shape=(), dtype=float64)
nll_grad  cost time: 2.2931017875671387
tf.Tensor(-10883.405752805273, shape=(), dtype=float64)
nll_grad  cost time: 2.330906629562378
tf.Tensor(-10883.41670497114, shape=(), dtype=float64)
nll_grad  cost time: 2.3825318813323975
tf.Tensor(-10883.423996083948, shape=(), dtype=float64)
nll_grad  cost time: 2.31412410736084
tf.Tensor(-10883.430663523417, shape=(), dtype=float64)
nll_grad  cost time: 2.3268823623657227
tf.Tensor(-10883.4369780669, shape=(), dtype=float64)
nll_grad  cost time: 2.4466516971588135
tf.Tensor(-10883.443041008817, shape=(), dtype=float64)
nll_grad  cost time: 2.393045425415039
tf.Tensor(-10883.448753664357, shape=(), dtype=float64)
nll_grad  cost time: 2.329603672027588
tf.Tensor(-10883.454507419585, shape=(), dtype=float64)
nll_grad  cost time: 2.3304262161254883
tf.Tensor(-10883.461178825099, shape=(), dtype=float64)
nll_grad  cost time: 2.3475773334503174
tf.Tensor(-10883.469300874502, shape=(), dtype=float64)
nll_grad  cost time: 2.389007329940796
tf.Tensor(-10883.478002777687, shape=(), dtype=float64)
nll_grad  cost time: 2.3331809043884277
tf.Tensor(-10883.48536203352, shape=(), dtype=float64)
nll_grad  cost time: 2.3109750747680664
tf.Tensor(-10883.490767105985, shape=(), dtype=float64)
nll_grad  cost time: 2.355714797973633
tf.Tensor(-10883.495425753012, shape=(), dtype=float64)
nll_grad  cost time: 2.4354045391082764
tf.Tensor(-10883.500778225462, shape=(), dtype=float64)
nll_grad  cost time: 2.3798537254333496
tf.Tensor(-10883.507913832429, shape=(), dtype=float64)
nll_grad  cost time: 2.3325374126434326
tf.Tensor(-10883.515783669085, shape=(), dtype=float64)
nll_grad  cost time: 2.358400344848633
tf.Tensor(-10883.522606409904, shape=(), dtype=float64)
nll_grad  cost time: 2.405045986175537
tf.Tensor(-10883.527925581053, shape=(), dtype=float64)
nll_grad  cost time: 2.318293809890747
tf.Tensor(-10883.533208292414, shape=(), dtype=float64)
nll_grad  cost time: 2.366943120956421
tf.Tensor(-10883.53946764869, shape=(), dtype=float64)
nll_grad  cost time: 2.335244655609131
tf.Tensor(-10883.547933560185, shape=(), dtype=float64)
nll_grad  cost time: 2.458601713180542
tf.Tensor(-10883.556539513891, shape=(), dtype=float64)
nll_grad  cost time: 2.331583023071289
tf.Tensor(-10883.564676066017, shape=(), dtype=float64)
nll_grad  cost time: 2.372664451599121
tf.Tensor(-10883.571456445876, shape=(), dtype=float64)
nll_grad  cost time: 2.3288698196411133
tf.Tensor(-10883.576892560086, shape=(), dtype=float64)
nll_grad  cost time: 2.339980363845825
tf.Tensor(-10883.581341780387, shape=(), dtype=float64)
nll_grad  cost time: 2.466174840927124
tf.Tensor(-10883.585287013855, shape=(), dtype=float64)
nll_grad  cost time: 2.369626045227051
tf.Tensor(-10883.589186775345, shape=(), dtype=float64)
nll_grad  cost time: 2.332817316055298
tf.Tensor(-10883.593351580239, shape=(), dtype=float64)
nll_grad  cost time: 2.399155378341675
tf.Tensor(-10883.59789386241, shape=(), dtype=float64)
nll_grad  cost time: 2.34279727935791
tf.Tensor(-10883.603092576217, shape=(), dtype=float64)
nll_grad  cost time: 2.3506662845611572
tf.Tensor(-10883.608874921738, shape=(), dtype=float64)
nll_grad  cost time: 2.3805959224700928
tf.Tensor(-10883.614752787878, shape=(), dtype=float64)
nll_grad  cost time: 2.377437114715576
tf.Tensor(-10883.62013322398, shape=(), dtype=float64)
nll_grad  cost time: 2.332535982131958
tf.Tensor(-10883.625520587215, shape=(), dtype=float64)
nll_grad  cost time: 2.3144137859344482
tf.Tensor(-10883.631432202506, shape=(), dtype=float64)
nll_grad  cost time: 2.3447773456573486
tf.Tensor(-10883.638164133707, shape=(), dtype=float64)
nll_grad  cost time: 2.349321126937866
tf.Tensor(-10883.64573843866, shape=(), dtype=float64)
nll_grad  cost time: 2.3520195484161377
tf.Tensor(-10883.654875093285, shape=(), dtype=float64)
nll_grad  cost time: 2.418691635131836
tf.Tensor(-10883.667654995843, shape=(), dtype=float64)
nll_grad  cost time: 2.3668212890625
tf.Tensor(-10883.685656978538, shape=(), dtype=float64)
nll_grad  cost time: 2.332627773284912
nll_grad  cost time: 2.2872397899627686
tf.Tensor(-10883.697148385188, shape=(), dtype=float64)
nll_grad  cost time: 2.448761224746704
tf.Tensor(-10883.714113050555, shape=(), dtype=float64)
nll_grad  cost time: 2.347492218017578
tf.Tensor(-10883.734643735275, shape=(), dtype=float64)
nll_grad  cost time: 2.343904733657837
tf.Tensor(-10883.751010045962, shape=(), dtype=float64)
nll_grad  cost time: 2.342162609100342
tf.Tensor(-10883.767913287724, shape=(), dtype=float64)
nll_grad  cost time: 2.345418930053711
tf.Tensor(-10883.777847708647, shape=(), dtype=float64)
nll_grad  cost time: 2.355233669281006
tf.Tensor(-10883.79314718792, shape=(), dtype=float64)
nll_grad  cost time: 2.3324365615844727
tf.Tensor(-10883.813336856838, shape=(), dtype=float64)
nll_grad  cost time: 2.3769166469573975
tf.Tensor(-10883.831906157357, shape=(), dtype=float64)
nll_grad  cost time: 2.5656912326812744
tf.Tensor(-10883.848304078303, shape=(), dtype=float64)
nll_grad  cost time: 2.370527505874634
tf.Tensor(-10883.872682464753, shape=(), dtype=float64)
nll_grad  cost time: 2.340904712677002
tf.Tensor(-10883.904776788739, shape=(), dtype=float64)
nll_grad  cost time: 2.344966411590576
tf.Tensor(-10883.935036837873, shape=(), dtype=float64)
nll_grad  cost time: 2.3806467056274414
nll_grad  cost time: 2.3432655334472656
tf.Tensor(-10883.952242992738, shape=(), dtype=float64)
nll_grad  cost time: 2.3760581016540527
tf.Tensor(-10883.973902657475, shape=(), dtype=float64)
nll_grad  cost time: 2.3216681480407715
tf.Tensor(-10883.990968779304, shape=(), dtype=float64)
nll_grad  cost time: 2.32045578956604
tf.Tensor(-10884.008785998056, shape=(), dtype=float64)
nll_grad  cost time: 2.3703746795654297
tf.Tensor(-10884.026585593558, shape=(), dtype=float64)
nll_grad  cost time: 2.296440362930298
tf.Tensor(-10884.055474982677, shape=(), dtype=float64)
nll_grad  cost time: 2.5807929039001465
tf.Tensor(-10884.098771663324, shape=(), dtype=float64)
nll_grad  cost time: 2.318484306335449
tf.Tensor(-10884.145101352326, shape=(), dtype=float64)
nll_grad  cost time: 2.443993330001831
nll_grad  cost time: 2.258622884750366
tf.Tensor(-10884.170930296692, shape=(), dtype=float64)
nll_grad  cost time: 2.316153049468994
tf.Tensor(-10884.210420891577, shape=(), dtype=float64)
nll_grad  cost time: 2.354707956314087
tf.Tensor(-10884.257972347608, shape=(), dtype=float64)
nll_grad  cost time: 2.331483840942383
nll_grad  cost time: 2.2901225090026855
tf.Tensor(-10884.279043691167, shape=(), dtype=float64)
nll_grad  cost time: 2.302583932876587
tf.Tensor(-10884.29070331966, shape=(), dtype=float64)
nll_grad  cost time: 2.3471333980560303
tf.Tensor(-10884.306012910034, shape=(), dtype=float64)
nll_grad  cost time: 2.4508731365203857
tf.Tensor(-10884.320220323883, shape=(), dtype=float64)
nll_grad  cost time: 2.453115463256836
tf.Tensor(-10884.335393521076, shape=(), dtype=float64)
nll_grad  cost time: 2.3535099029541016
tf.Tensor(-10884.35116122177, shape=(), dtype=float64)
nll_grad  cost time: 2.3196287155151367
tf.Tensor(-10884.367070004344, shape=(), dtype=float64)
nll_grad  cost time: 2.3113913536071777
tf.Tensor(-10884.379364479828, shape=(), dtype=float64)
nll_grad  cost time: 2.442319869995117
tf.Tensor(-10884.391174439355, shape=(), dtype=float64)
nll_grad  cost time: 2.370342969894409
tf.Tensor(-10884.407872970987, shape=(), dtype=float64)
nll_grad  cost time: 2.345567464828491
tf.Tensor(-10884.431725321541, shape=(), dtype=float64)
nll_grad  cost time: 2.3882505893707275
tf.Tensor(-10884.463485585213, shape=(), dtype=float64)
nll_grad  cost time: 2.39841890335083
tf.Tensor(-10884.492820124542, shape=(), dtype=float64)
nll_grad  cost time: 2.3679885864257812
tf.Tensor(-10884.51148289023, shape=(), dtype=float64)
nll_grad  cost time: 2.3524208068847656
tf.Tensor(-10884.525434510528, shape=(), dtype=float64)
nll_grad  cost time: 2.380293130874634
tf.Tensor(-10884.537442427587, shape=(), dtype=float64)
nll_grad  cost time: 2.3098859786987305
tf.Tensor(-10884.547910794616, shape=(), dtype=float64)
nll_grad  cost time: 2.3254687786102295
tf.Tensor(-10884.56293370852, shape=(), dtype=float64)
nll_grad  cost time: 2.3174824714660645
tf.Tensor(-10884.57940781652, shape=(), dtype=float64)
nll_grad  cost time: 2.358997106552124
tf.Tensor(-10884.597737425029, shape=(), dtype=float64)
nll_grad  cost time: 2.4458060264587402
tf.Tensor(-10884.617868219357, shape=(), dtype=float64)
nll_grad  cost time: 2.364882230758667
tf.Tensor(-10884.640390655746, shape=(), dtype=float64)
nll_grad  cost time: 2.349670648574829
tf.Tensor(-10884.662061454845, shape=(), dtype=float64)
nll_grad  cost time: 2.3391826152801514
tf.Tensor(-10884.68015394795, shape=(), dtype=float64)
nll_grad  cost time: 2.368140935897827
tf.Tensor(-10884.695297310238, shape=(), dtype=float64)
nll_grad  cost time: 2.349092483520508
tf.Tensor(-10884.7109161298, shape=(), dtype=float64)
nll_grad  cost time: 2.3235440254211426
tf.Tensor(-10884.734401418857, shape=(), dtype=float64)
nll_grad  cost time: 2.4389665126800537
tf.Tensor(-10884.765431895496, shape=(), dtype=float64)
nll_grad  cost time: 2.4694583415985107
tf.Tensor(-10884.782485167962, shape=(), dtype=float64)
nll_grad  cost time: 2.4650399684906006
tf.Tensor(-10884.805409084962, shape=(), dtype=float64)
nll_grad  cost time: 2.345004081726074
tf.Tensor(-10884.83077058506, shape=(), dtype=float64)
nll_grad  cost time: 2.3906145095825195
tf.Tensor(-10884.848769862649, shape=(), dtype=float64)
nll_grad  cost time: 2.3918726444244385
tf.Tensor(-10884.862494118286, shape=(), dtype=float64)
nll_grad  cost time: 2.5056397914886475
tf.Tensor(-10884.87880826048, shape=(), dtype=float64)
nll_grad  cost time: 2.35305118560791
tf.Tensor(-10884.904608613026, shape=(), dtype=float64)
nll_grad  cost time: 2.3399481773376465
tf.Tensor(-10884.939201856629, shape=(), dtype=float64)
nll_grad  cost time: 2.399470329284668
tf.Tensor(-10884.963140221487, shape=(), dtype=float64)
nll_grad  cost time: 2.3702499866485596
tf.Tensor(-10884.994665799954, shape=(), dtype=float64)
nll_grad  cost time: 2.3565361499786377
tf.Tensor(-10885.027729628498, shape=(), dtype=float64)
nll_grad  cost time: 2.3963401317596436
tf.Tensor(-10885.055266716692, shape=(), dtype=float64)
nll_grad  cost time: 2.379229784011841
tf.Tensor(-10885.077560790785, shape=(), dtype=float64)
nll_grad  cost time: 2.385021209716797
tf.Tensor(-10885.108880449174, shape=(), dtype=float64)
nll_grad  cost time: 2.4330596923828125
tf.Tensor(-10885.130564625026, shape=(), dtype=float64)
nll_grad  cost time: 2.3431646823883057
tf.Tensor(-10885.151606690437, shape=(), dtype=float64)
nll_grad  cost time: 2.3537838459014893
tf.Tensor(-10885.170176681138, shape=(), dtype=float64)
nll_grad  cost time: 2.3603830337524414
tf.Tensor(-10885.192071599464, shape=(), dtype=float64)
nll_grad  cost time: 2.3899714946746826
tf.Tensor(-10885.212331862807, shape=(), dtype=float64)
nll_grad  cost time: 2.3749170303344727
tf.Tensor(-10885.229050797301, shape=(), dtype=float64)
nll_grad  cost time: 2.3555405139923096
tf.Tensor(-10885.251919938746, shape=(), dtype=float64)
nll_grad  cost time: 2.3358447551727295
tf.Tensor(-10885.275923926085, shape=(), dtype=float64)
nll_grad  cost time: 2.3710196018218994
tf.Tensor(-10885.293790887408, shape=(), dtype=float64)
nll_grad  cost time: 2.325678586959839
tf.Tensor(-10885.314848778122, shape=(), dtype=float64)
nll_grad  cost time: 2.2951269149780273
tf.Tensor(-10885.334336927328, shape=(), dtype=float64)
nll_grad  cost time: 2.3238611221313477
tf.Tensor(-10885.350220502725, shape=(), dtype=float64)
nll_grad  cost time: 2.315925359725952
tf.Tensor(-10885.367054878654, shape=(), dtype=float64)
nll_grad  cost time: 2.353437662124634
tf.Tensor(-10885.383304115523, shape=(), dtype=float64)
nll_grad  cost time: 2.3259849548339844
tf.Tensor(-10885.400700740509, shape=(), dtype=float64)
nll_grad  cost time: 2.3342018127441406
tf.Tensor(-10885.418097272166, shape=(), dtype=float64)
nll_grad  cost time: 2.438875913619995
tf.Tensor(-10885.433553489507, shape=(), dtype=float64)
nll_grad  cost time: 2.325138807296753
tf.Tensor(-10885.442727190144, shape=(), dtype=float64)
nll_grad  cost time: 2.3080761432647705
tf.Tensor(-10885.452594166876, shape=(), dtype=float64)
nll_grad  cost time: 2.4108188152313232
tf.Tensor(-10885.463509511326, shape=(), dtype=float64)
nll_grad  cost time: 2.3292641639709473
tf.Tensor(-10885.472349953234, shape=(), dtype=float64)
nll_grad  cost time: 2.3167970180511475
tf.Tensor(-10885.484216766046, shape=(), dtype=float64)
nll_grad  cost time: 2.3557181358337402
tf.Tensor(-10885.502751725471, shape=(), dtype=float64)
nll_grad  cost time: 2.3191263675689697
tf.Tensor(-10885.527172135742, shape=(), dtype=float64)
nll_grad  cost time: 2.3684749603271484
tf.Tensor(-10885.549980324562, shape=(), dtype=float64)
nll_grad  cost time: 2.3478662967681885
tf.Tensor(-10885.582222950921, shape=(), dtype=float64)
nll_grad  cost time: 2.309584617614746
tf.Tensor(-10885.61140233733, shape=(), dtype=float64)
nll_grad  cost time: 2.302600622177124
nll_grad  cost time: 2.277446746826172
tf.Tensor(-10885.62929678602, shape=(), dtype=float64)
nll_grad  cost time: 2.470377206802368
tf.Tensor(-10885.641906671728, shape=(), dtype=float64)
nll_grad  cost time: 2.3534090518951416
tf.Tensor(-10885.65681813009, shape=(), dtype=float64)
nll_grad  cost time: 2.346984386444092
tf.Tensor(-10885.670572004754, shape=(), dtype=float64)
nll_grad  cost time: 2.3359854221343994
tf.Tensor(-10885.688219844647, shape=(), dtype=float64)
nll_grad  cost time: 2.3263580799102783
tf.Tensor(-10885.698697621723, shape=(), dtype=float64)
nll_grad  cost time: 2.3111565113067627
tf.Tensor(-10885.703978907768, shape=(), dtype=float64)
nll_grad  cost time: 2.283158540725708
tf.Tensor(-10885.708495586718, shape=(), dtype=float64)
nll_grad  cost time: 2.353581666946411
tf.Tensor(-10885.71270973605, shape=(), dtype=float64)
nll_grad  cost time: 2.341271162033081
tf.Tensor(-10885.716873270685, shape=(), dtype=float64)
nll_grad  cost time: 2.334711790084839
tf.Tensor(-10885.722827822217, shape=(), dtype=float64)
nll_grad  cost time: 2.3634393215179443
tf.Tensor(-10885.728161935316, shape=(), dtype=float64)
nll_grad  cost time: 2.366497755050659
tf.Tensor(-10885.732717293708, shape=(), dtype=float64)
nll_grad  cost time: 2.3509485721588135
tf.Tensor(-10885.737336713413, shape=(), dtype=float64)
nll_grad  cost time: 2.4405479431152344
tf.Tensor(-10885.742551994204, shape=(), dtype=float64)
nll_grad  cost time: 2.3132572174072266
tf.Tensor(-10885.749203896885, shape=(), dtype=float64)
nll_grad  cost time: 2.3132379055023193
tf.Tensor(-10885.755680754883, shape=(), dtype=float64)
nll_grad  cost time: 2.396148204803467
tf.Tensor(-10885.764561156808, shape=(), dtype=float64)
nll_grad  cost time: 2.3811843395233154
tf.Tensor(-10885.772956839406, shape=(), dtype=float64)
nll_grad  cost time: 2.4335615634918213
nll_grad  cost time: 2.3524765968322754
tf.Tensor(-10885.777009114747, shape=(), dtype=float64)
nll_grad  cost time: 2.31898832321167
tf.Tensor(-10885.78259147922, shape=(), dtype=float64)
nll_grad  cost time: 2.3277432918548584
tf.Tensor(-10885.789384702177, shape=(), dtype=float64)
nll_grad  cost time: 2.3599436283111572
tf.Tensor(-10885.795139242218, shape=(), dtype=float64)
nll_grad  cost time: 2.3201992511749268
tf.Tensor(-10885.801025619767, shape=(), dtype=float64)
nll_grad  cost time: 2.3498244285583496
tf.Tensor(-10885.803821754722, shape=(), dtype=float64)
nll_grad  cost time: 2.468625545501709
tf.Tensor(-10885.806914310662, shape=(), dtype=float64)
nll_grad  cost time: 2.4126577377319336
tf.Tensor(-10885.80940604362, shape=(), dtype=float64)
nll_grad  cost time: 2.328399419784546
tf.Tensor(-10885.812157781897, shape=(), dtype=float64)
nll_grad  cost time: 2.32712984085083
tf.Tensor(-10885.816339863435, shape=(), dtype=float64)
nll_grad  cost time: 2.3189804553985596
tf.Tensor(-10885.820816231215, shape=(), dtype=float64)
nll_grad  cost time: 2.2740111351013184
tf.Tensor(-10885.823986580035, shape=(), dtype=float64)
nll_grad  cost time: 2.3356285095214844
tf.Tensor(-10885.827775246114, shape=(), dtype=float64)
nll_grad  cost time: 2.2999658584594727
tf.Tensor(-10885.83086572979, shape=(), dtype=float64)
nll_grad  cost time: 2.3424057960510254
tf.Tensor(-10885.83359427326, shape=(), dtype=float64)
nll_grad  cost time: 2.329655170440674
tf.Tensor(-10885.837105093036, shape=(), dtype=float64)
nll_grad  cost time: 2.369387149810791
tf.Tensor(-10885.841314260826, shape=(), dtype=float64)
nll_grad  cost time: 2.31158447265625
tf.Tensor(-10885.8431460285, shape=(), dtype=float64)
nll_grad  cost time: 2.5606789588928223
tf.Tensor(-10885.844536120137, shape=(), dtype=float64)
nll_grad  cost time: 2.4164390563964844
tf.Tensor(-10885.845626725924, shape=(), dtype=float64)
nll_grad  cost time: 2.351226806640625
tf.Tensor(-10885.84646622937, shape=(), dtype=float64)
nll_grad  cost time: 2.3094215393066406
tf.Tensor(-10885.847057722807, shape=(), dtype=float64)
nll_grad  cost time: 2.3892712593078613
tf.Tensor(-10885.847724746229, shape=(), dtype=float64)
nll_grad  cost time: 2.3298239707946777
tf.Tensor(-10885.848603592785, shape=(), dtype=float64)
nll_grad  cost time: 2.3136661052703857
tf.Tensor(-10885.849781392259, shape=(), dtype=float64)
nll_grad  cost time: 2.3437256813049316
tf.Tensor(-10885.85138139849, shape=(), dtype=float64)
nll_grad  cost time: 2.3253276348114014
tf.Tensor(-10885.853436534999, shape=(), dtype=float64)
nll_grad  cost time: 2.310821294784546
tf.Tensor(-10885.855582699252, shape=(), dtype=float64)
nll_grad  cost time: 2.326395034790039
tf.Tensor(-10885.857315482295, shape=(), dtype=float64)
nll_grad  cost time: 2.3273558616638184
tf.Tensor(-10885.858518659508, shape=(), dtype=float64)
nll_grad  cost time: 2.3284459114074707
tf.Tensor(-10885.859192100223, shape=(), dtype=float64)
nll_grad  cost time: 2.374964714050293
tf.Tensor(-10885.859815717296, shape=(), dtype=float64)
nll_grad  cost time: 2.4439940452575684
tf.Tensor(-10885.860484507139, shape=(), dtype=float64)
nll_grad  cost time: 2.3231000900268555
tf.Tensor(-10885.861506152454, shape=(), dtype=float64)
nll_grad  cost time: 2.2969553470611572
tf.Tensor(-10885.863103933778, shape=(), dtype=float64)
nll_grad  cost time: 2.338480234146118
tf.Tensor(-10885.865612007692, shape=(), dtype=float64)
nll_grad  cost time: 2.306581497192383
tf.Tensor(-10885.869380732984, shape=(), dtype=float64)
nll_grad  cost time: 2.299504280090332
tf.Tensor(-10885.874122642657, shape=(), dtype=float64)
nll_grad  cost time: 2.309131145477295
tf.Tensor(-10885.877962778723, shape=(), dtype=float64)
nll_grad  cost time: 2.3581221103668213
tf.Tensor(-10885.881266528158, shape=(), dtype=float64)
nll_grad  cost time: 2.351024866104126
tf.Tensor(-10885.883780233686, shape=(), dtype=float64)
nll_grad  cost time: 2.347576141357422
tf.Tensor(-10885.88599689697, shape=(), dtype=float64)
nll_grad  cost time: 2.320848226547241
tf.Tensor(-10885.88831959082, shape=(), dtype=float64)
nll_grad  cost time: 2.357097864151001
tf.Tensor(-10885.891533465634, shape=(), dtype=float64)
nll_grad  cost time: 2.3618226051330566
tf.Tensor(-10885.896144700717, shape=(), dtype=float64)
nll_grad  cost time: 2.435748815536499
tf.Tensor(-10885.90091849606, shape=(), dtype=float64)
nll_grad  cost time: 2.3133621215820312
tf.Tensor(-10885.903808008065, shape=(), dtype=float64)
nll_grad  cost time: 2.2887449264526367
tf.Tensor(-10885.90577245174, shape=(), dtype=float64)
nll_grad  cost time: 2.385334014892578
tf.Tensor(-10885.908123884277, shape=(), dtype=float64)
nll_grad  cost time: 2.332515001296997
tf.Tensor(-10885.91038344802, shape=(), dtype=float64)
nll_grad  cost time: 2.3378829956054688
tf.Tensor(-10885.913736315779, shape=(), dtype=float64)
nll_grad  cost time: 2.3604800701141357
tf.Tensor(-10885.9185055696, shape=(), dtype=float64)
nll_grad  cost time: 2.3609249591827393
tf.Tensor(-10885.9235791069, shape=(), dtype=float64)
nll_grad  cost time: 2.3563573360443115
tf.Tensor(-10885.928141986165, shape=(), dtype=float64)
nll_grad  cost time: 2.2975687980651855
tf.Tensor(-10885.933125831209, shape=(), dtype=float64)
nll_grad  cost time: 2.3468759059906006
tf.Tensor(-10885.937801040483, shape=(), dtype=float64)
nll_grad  cost time: 2.318864583969116
tf.Tensor(-10885.939782621856, shape=(), dtype=float64)
nll_grad  cost time: 2.4473438262939453
tf.Tensor(-10885.941749849153, shape=(), dtype=float64)
nll_grad  cost time: 2.3738880157470703
tf.Tensor(-10885.943568293362, shape=(), dtype=float64)
nll_grad  cost time: 2.3509371280670166
tf.Tensor(-10885.945538189335, shape=(), dtype=float64)
nll_grad  cost time: 2.2892308235168457
tf.Tensor(-10885.948524316642, shape=(), dtype=float64)
nll_grad  cost time: 2.3863844871520996
tf.Tensor(-10885.952277103424, shape=(), dtype=float64)
nll_grad  cost time: 2.3431267738342285
tf.Tensor(-10885.955045861549, shape=(), dtype=float64)
nll_grad  cost time: 2.3394203186035156
tf.Tensor(-10885.958633884067, shape=(), dtype=float64)
nll_grad  cost time: 2.3402771949768066
tf.Tensor(-10885.962442600074, shape=(), dtype=float64)
nll_grad  cost time: 2.4222166538238525
tf.Tensor(-10885.96572512477, shape=(), dtype=float64)
nll_grad  cost time: 2.449596643447876
tf.Tensor(-10885.96901699662, shape=(), dtype=float64)
nll_grad  cost time: 2.3522861003875732
tf.Tensor(-10885.97286748056, shape=(), dtype=float64)
nll_grad  cost time: 2.3134312629699707
tf.Tensor(-10885.977702910212, shape=(), dtype=float64)
nll_grad  cost time: 2.3335611820220947
tf.Tensor(-10885.98437196255, shape=(), dtype=float64)
nll_grad  cost time: 2.4826996326446533
tf.Tensor(-10885.994003629246, shape=(), dtype=float64)
nll_grad  cost time: 2.3057100772857666
tf.Tensor(-10886.004896012419, shape=(), dtype=float64)
nll_grad  cost time: 2.3119657039642334
tf.Tensor(-10886.01830931948, shape=(), dtype=float64)
nll_grad  cost time: 2.3549044132232666
tf.Tensor(-10886.028743249917, shape=(), dtype=float64)
nll_grad  cost time: 2.310495138168335
tf.Tensor(-10886.044151592534, shape=(), dtype=float64)
nll_grad  cost time: 2.395127773284912
tf.Tensor(-10886.065585016106, shape=(), dtype=float64)
nll_grad  cost time: 2.3484156131744385
tf.Tensor(-10886.080314206542, shape=(), dtype=float64)
nll_grad  cost time: 2.323695182800293
tf.Tensor(-10886.093937068552, shape=(), dtype=float64)
nll_grad  cost time: 2.35341477394104
tf.Tensor(-10886.10136826249, shape=(), dtype=float64)
nll_grad  cost time: 2.3082170486450195
tf.Tensor(-10886.109970226418, shape=(), dtype=float64)
nll_grad  cost time: 2.308272361755371
tf.Tensor(-10886.123377349366, shape=(), dtype=float64)
nll_grad  cost time: 2.3308122158050537
tf.Tensor(-10886.14251415251, shape=(), dtype=float64)
nll_grad  cost time: 2.334475517272949
tf.Tensor(-10886.158295300535, shape=(), dtype=float64)
nll_grad  cost time: 2.5367496013641357
tf.Tensor(-10886.171885790347, shape=(), dtype=float64)
nll_grad  cost time: 2.3268699645996094
tf.Tensor(-10886.186320944136, shape=(), dtype=float64)
nll_grad  cost time: 2.3833024501800537
tf.Tensor(-10886.203219827665, shape=(), dtype=float64)
nll_grad  cost time: 2.388425350189209
tf.Tensor(-10886.225124144621, shape=(), dtype=float64)
nll_grad  cost time: 2.335547685623169
tf.Tensor(-10886.24821618753, shape=(), dtype=float64)
nll_grad  cost time: 2.3567943572998047
tf.Tensor(-10886.273527147852, shape=(), dtype=float64)
nll_grad  cost time: 2.327223300933838
tf.Tensor(-10886.29618903315, shape=(), dtype=float64)
nll_grad  cost time: 2.3160252571105957
tf.Tensor(-10886.328274456522, shape=(), dtype=float64)
nll_grad  cost time: 2.4569389820098877
tf.Tensor(-10886.367536200625, shape=(), dtype=float64)
nll_grad  cost time: 2.3673081398010254
tf.Tensor(-10886.378524638581, shape=(), dtype=float64)
nll_grad  cost time: 2.3375601768493652
tf.Tensor(-10886.397321654564, shape=(), dtype=float64)
nll_grad  cost time: 2.356969118118286
tf.Tensor(-10886.42357922905, shape=(), dtype=float64)
nll_grad  cost time: 2.3737611770629883
tf.Tensor(-10886.436996355827, shape=(), dtype=float64)
nll_grad  cost time: 2.4486656188964844
tf.Tensor(-10886.451073715558, shape=(), dtype=float64)
nll_grad  cost time: 2.4185659885406494
tf.Tensor(-10886.464007557071, shape=(), dtype=float64)
nll_grad  cost time: 2.3790316581726074
tf.Tensor(-10886.47216249103, shape=(), dtype=float64)
nll_grad  cost time: 2.4160218238830566
tf.Tensor(-10886.482835463503, shape=(), dtype=float64)
nll_grad  cost time: 2.3738203048706055
tf.Tensor(-10886.497700654181, shape=(), dtype=float64)
nll_grad  cost time: 2.320671796798706
nll_grad  cost time: 2.2605340480804443
tf.Tensor(-10886.50625925255, shape=(), dtype=float64)
nll_grad  cost time: 2.3751766681671143
tf.Tensor(-10886.516746309942, shape=(), dtype=float64)
nll_grad  cost time: 2.3351809978485107
tf.Tensor(-10886.531468516623, shape=(), dtype=float64)
nll_grad  cost time: 2.351863145828247
tf.Tensor(-10886.549769689052, shape=(), dtype=float64)
nll_grad  cost time: 2.3515899181365967
tf.Tensor(-10886.554803880601, shape=(), dtype=float64)
nll_grad  cost time: 2.312875747680664
tf.Tensor(-10886.563391460142, shape=(), dtype=float64)
nll_grad  cost time: 2.4303975105285645
tf.Tensor(-10886.576864194998, shape=(), dtype=float64)
nll_grad  cost time: 2.3305578231811523
tf.Tensor(-10886.593213508211, shape=(), dtype=float64)
nll_grad  cost time: 2.382511615753174
tf.Tensor(-10886.603472963085, shape=(), dtype=float64)
nll_grad  cost time: 2.4291036128997803
tf.Tensor(-10886.616944348003, shape=(), dtype=float64)
nll_grad  cost time: 2.351311683654785
tf.Tensor(-10886.634711279723, shape=(), dtype=float64)
nll_grad  cost time: 2.3104608058929443
tf.Tensor(-10886.65101416083, shape=(), dtype=float64)
nll_grad  cost time: 2.326944351196289
tf.Tensor(-10886.667292577513, shape=(), dtype=float64)
nll_grad  cost time: 2.31748628616333
tf.Tensor(-10886.676401343117, shape=(), dtype=float64)
nll_grad  cost time: 2.316699981689453
tf.Tensor(-10886.687626323772, shape=(), dtype=float64)
nll_grad  cost time: 2.3053479194641113
tf.Tensor(-10886.694781914826, shape=(), dtype=float64)
nll_grad  cost time: 2.359764337539673
tf.Tensor(-10886.70214634177, shape=(), dtype=float64)
nll_grad  cost time: 2.3509764671325684
tf.Tensor(-10886.705284746276, shape=(), dtype=float64)
nll_grad  cost time: 2.4108245372772217
tf.Tensor(-10886.709329829668, shape=(), dtype=float64)
nll_grad  cost time: 2.460007667541504
tf.Tensor(-10886.712308015973, shape=(), dtype=float64)
nll_grad  cost time: 2.3985965251922607
tf.Tensor(-10886.71475579244, shape=(), dtype=float64)
nll_grad  cost time: 2.3108983039855957
tf.Tensor(-10886.718295436862, shape=(), dtype=float64)
nll_grad  cost time: 2.40765118598938
tf.Tensor(-10886.722886282485, shape=(), dtype=float64)
nll_grad  cost time: 2.377652883529663
tf.Tensor(-10886.728809221211, shape=(), dtype=float64)
nll_grad  cost time: 2.383543014526367
tf.Tensor(-10886.737561003843, shape=(), dtype=float64)
nll_grad  cost time: 2.333085298538208
tf.Tensor(-10886.750537810476, shape=(), dtype=float64)
nll_grad  cost time: 2.3531298637390137
tf.Tensor(-10886.765382777237, shape=(), dtype=float64)
nll_grad  cost time: 2.3605380058288574
tf.Tensor(-10886.77292210835, shape=(), dtype=float64)
nll_grad  cost time: 2.3386805057525635
tf.Tensor(-10886.78323901672, shape=(), dtype=float64)
nll_grad  cost time: 2.3144257068634033
tf.Tensor(-10886.792967843234, shape=(), dtype=float64)
nll_grad  cost time: 2.4279282093048096
tf.Tensor(-10886.802783339786, shape=(), dtype=float64)
nll_grad  cost time: 2.738690137863159
tf.Tensor(-10886.815916197174, shape=(), dtype=float64)
nll_grad  cost time: 2.3688881397247314
tf.Tensor(-10886.830404561439, shape=(), dtype=float64)
nll_grad  cost time: 2.361280918121338
tf.Tensor(-10886.840223589832, shape=(), dtype=float64)
nll_grad  cost time: 2.3478758335113525
tf.Tensor(-10886.852717518206, shape=(), dtype=float64)
nll_grad  cost time: 2.351264476776123
tf.Tensor(-10886.867084868722, shape=(), dtype=float64)
nll_grad  cost time: 2.3997128009796143
tf.Tensor(-10886.878725811624, shape=(), dtype=float64)
nll_grad  cost time: 2.3038666248321533
tf.Tensor(-10886.891591731099, shape=(), dtype=float64)
nll_grad  cost time: 2.3833703994750977
tf.Tensor(-10886.906018622187, shape=(), dtype=float64)
nll_grad  cost time: 2.4465041160583496
tf.Tensor(-10886.921274224085, shape=(), dtype=float64)
nll_grad  cost time: 2.4295272827148438
tf.Tensor(-10886.931338102306, shape=(), dtype=float64)
nll_grad  cost time: 2.345240354537964
tf.Tensor(-10886.94054554887, shape=(), dtype=float64)
nll_grad  cost time: 2.374356508255005
tf.Tensor(-10886.947850287073, shape=(), dtype=float64)
nll_grad  cost time: 2.4385228157043457
tf.Tensor(-10886.958377526618, shape=(), dtype=float64)
nll_grad  cost time: 2.493861436843872
tf.Tensor(-10886.974149251713, shape=(), dtype=float64)
nll_grad  cost time: 2.3669159412384033
tf.Tensor(-10886.994214668794, shape=(), dtype=float64)
nll_grad  cost time: 2.3279130458831787
tf.Tensor(-10887.01391607873, shape=(), dtype=float64)
nll_grad  cost time: 2.4189772605895996
tf.Tensor(-10887.031229381391, shape=(), dtype=float64)
nll_grad  cost time: 2.3796918392181396
tf.Tensor(-10887.052790458736, shape=(), dtype=float64)
nll_grad  cost time: 2.3105366230010986
tf.Tensor(-10887.07050635412, shape=(), dtype=float64)
nll_grad  cost time: 2.347008466720581
tf.Tensor(-10887.089518424636, shape=(), dtype=float64)
nll_grad  cost time: 2.4180898666381836
tf.Tensor(-10887.109841154117, shape=(), dtype=float64)
nll_grad  cost time: 2.374539613723755
tf.Tensor(-10887.132354362762, shape=(), dtype=float64)
nll_grad  cost time: 2.311497449874878
tf.Tensor(-10887.152215068116, shape=(), dtype=float64)
nll_grad  cost time: 2.333127021789551
tf.Tensor(-10887.163562469337, shape=(), dtype=float64)
nll_grad  cost time: 2.310241937637329
tf.Tensor(-10887.173274962835, shape=(), dtype=float64)
nll_grad  cost time: 2.417949676513672
tf.Tensor(-10887.181130188528, shape=(), dtype=float64)
nll_grad  cost time: 2.4274542331695557
tf.Tensor(-10887.192242427154, shape=(), dtype=float64)
nll_grad  cost time: 2.3159093856811523
tf.Tensor(-10887.208076597348, shape=(), dtype=float64)
nll_grad  cost time: 2.3172733783721924
tf.Tensor(-10887.22454941073, shape=(), dtype=float64)
nll_grad  cost time: 2.297168254852295
tf.Tensor(-10887.239290371865, shape=(), dtype=float64)
nll_grad  cost time: 2.3452537059783936
tf.Tensor(-10887.257006169031, shape=(), dtype=float64)
nll_grad  cost time: 2.3190207481384277
tf.Tensor(-10887.278147762874, shape=(), dtype=float64)
nll_grad  cost time: 2.2950685024261475
tf.Tensor(-10887.307527264664, shape=(), dtype=float64)
nll_grad  cost time: 2.3333146572113037
tf.Tensor(-10887.343521216833, shape=(), dtype=float64)
nll_grad  cost time: 2.3297760486602783
tf.Tensor(-10887.37692049328, shape=(), dtype=float64)
nll_grad  cost time: 2.3448503017425537
tf.Tensor(-10887.397918902672, shape=(), dtype=float64)
nll_grad  cost time: 2.314974784851074
tf.Tensor(-10887.42199402623, shape=(), dtype=float64)
nll_grad  cost time: 2.4047937393188477
tf.Tensor(-10887.435883510454, shape=(), dtype=float64)
nll_grad  cost time: 2.5085482597351074
tf.Tensor(-10887.449925435249, shape=(), dtype=float64)
nll_grad  cost time: 2.378499746322632
tf.Tensor(-10887.465127081636, shape=(), dtype=float64)
nll_grad  cost time: 2.3844730854034424
tf.Tensor(-10887.477950656983, shape=(), dtype=float64)
nll_grad  cost time: 2.393991470336914
tf.Tensor(-10887.486752702589, shape=(), dtype=float64)
nll_grad  cost time: 2.2973856925964355
tf.Tensor(-10887.494853136588, shape=(), dtype=float64)
nll_grad  cost time: 2.337374210357666
tf.Tensor(-10887.5013495768, shape=(), dtype=float64)
nll_grad  cost time: 2.339909791946411
tf.Tensor(-10887.505849349789, shape=(), dtype=float64)
nll_grad  cost time: 2.321211814880371
tf.Tensor(-10887.508946492257, shape=(), dtype=float64)
nll_grad  cost time: 2.3822553157806396
tf.Tensor(-10887.511364967537, shape=(), dtype=float64)
nll_grad  cost time: 2.3718247413635254
tf.Tensor(-10887.513633820876, shape=(), dtype=float64)
nll_grad  cost time: 2.3238461017608643
tf.Tensor(-10887.51576386983, shape=(), dtype=float64)
nll_grad  cost time: 2.319882869720459
tf.Tensor(-10887.517994147329, shape=(), dtype=float64)
nll_grad  cost time: 2.3740649223327637
tf.Tensor(-10887.519904200955, shape=(), dtype=float64)
nll_grad  cost time: 2.420092821121216
tf.Tensor(-10887.521963410181, shape=(), dtype=float64)
nll_grad  cost time: 2.344822645187378
tf.Tensor(-10887.524181028413, shape=(), dtype=float64)
nll_grad  cost time: 2.4245500564575195
tf.Tensor(-10887.52554570598, shape=(), dtype=float64)
nll_grad  cost time: 2.4116270542144775
tf.Tensor(-10887.526560194092, shape=(), dtype=float64)
nll_grad  cost time: 2.3659770488739014
tf.Tensor(-10887.527346315714, shape=(), dtype=float64)
nll_grad  cost time: 2.3979384899139404
tf.Tensor(-10887.528071347562, shape=(), dtype=float64)
nll_grad  cost time: 2.368187665939331
tf.Tensor(-10887.528879767386, shape=(), dtype=float64)
nll_grad  cost time: 2.4572861194610596
tf.Tensor(-10887.529739506826, shape=(), dtype=float64)
nll_grad  cost time: 2.4072866439819336
tf.Tensor(-10887.530796461891, shape=(), dtype=float64)
nll_grad  cost time: 2.4101760387420654
tf.Tensor(-10887.532098265896, shape=(), dtype=float64)
nll_grad  cost time: 2.3563311100006104
tf.Tensor(-10887.533378073473, shape=(), dtype=float64)
nll_grad  cost time: 2.4362142086029053
tf.Tensor(-10887.534483658968, shape=(), dtype=float64)
nll_grad  cost time: 2.468039035797119
tf.Tensor(-10887.535293204131, shape=(), dtype=float64)
nll_grad  cost time: 2.507749319076538
tf.Tensor(-10887.53594719838, shape=(), dtype=float64)
nll_grad  cost time: 2.3634631633758545
tf.Tensor(-10887.536495993721, shape=(), dtype=float64)
nll_grad  cost time: 2.468111991882324
tf.Tensor(-10887.536898042938, shape=(), dtype=float64)
nll_grad  cost time: 2.3722968101501465
tf.Tensor(-10887.537203656153, shape=(), dtype=float64)
nll_grad  cost time: 2.342031478881836
tf.Tensor(-10887.537579711134, shape=(), dtype=float64)
nll_grad  cost time: 2.327909231185913
tf.Tensor(-10887.538151811583, shape=(), dtype=float64)
nll_grad  cost time: 2.327834129333496
tf.Tensor(-10887.538981215977, shape=(), dtype=float64)
nll_grad  cost time: 2.316340446472168
tf.Tensor(-10887.539862185346, shape=(), dtype=float64)
nll_grad  cost time: 2.3286683559417725
tf.Tensor(-10887.540653419335, shape=(), dtype=float64)
nll_grad  cost time: 2.288722515106201
tf.Tensor(-10887.541234945107, shape=(), dtype=float64)
nll_grad  cost time: 2.345407724380493
tf.Tensor(-10887.541740126428, shape=(), dtype=float64)
nll_grad  cost time: 2.3093223571777344
tf.Tensor(-10887.54232296192, shape=(), dtype=float64)
nll_grad  cost time: 2.432664394378662
tf.Tensor(-10887.54304298825, shape=(), dtype=float64)
nll_grad  cost time: 2.409050703048706
tf.Tensor(-10887.54376179156, shape=(), dtype=float64)
nll_grad  cost time: 2.3403689861297607
tf.Tensor(-10887.544471363188, shape=(), dtype=float64)
nll_grad  cost time: 2.392702102661133
tf.Tensor(-10887.545445904812, shape=(), dtype=float64)
nll_grad  cost time: 2.388798236846924
tf.Tensor(-10887.546885379517, shape=(), dtype=float64)
nll_grad  cost time: 2.35243821144104
tf.Tensor(-10887.54868339649, shape=(), dtype=float64)
nll_grad  cost time: 2.345625400543213
tf.Tensor(-10887.550347858276, shape=(), dtype=float64)
nll_grad  cost time: 2.384626865386963
tf.Tensor(-10887.551585548863, shape=(), dtype=float64)
nll_grad  cost time: 2.347837448120117
tf.Tensor(-10887.552553635895, shape=(), dtype=float64)
nll_grad  cost time: 2.4350738525390625
tf.Tensor(-10887.553504144344, shape=(), dtype=float64)
nll_grad  cost time: 2.37758469581604
tf.Tensor(-10887.554545392217, shape=(), dtype=float64)
nll_grad  cost time: 2.390089750289917
tf.Tensor(-10887.555759718976, shape=(), dtype=float64)
nll_grad  cost time: 2.375889301300049
tf.Tensor(-10887.557241860195, shape=(), dtype=float64)
nll_grad  cost time: 2.3932011127471924
tf.Tensor(-10887.558760960026, shape=(), dtype=float64)
nll_grad  cost time: 2.4135429859161377
tf.Tensor(-10887.559971098704, shape=(), dtype=float64)
nll_grad  cost time: 2.4476163387298584
tf.Tensor(-10887.560854124531, shape=(), dtype=float64)
nll_grad  cost time: 2.446599245071411
tf.Tensor(-10887.561714474414, shape=(), dtype=float64)
nll_grad  cost time: 2.366755723953247
tf.Tensor(-10887.562829861265, shape=(), dtype=float64)
nll_grad  cost time: 2.420225143432617
tf.Tensor(-10887.564341862482, shape=(), dtype=float64)
nll_grad  cost time: 2.3261184692382812
tf.Tensor(-10887.566079991739, shape=(), dtype=float64)
nll_grad  cost time: 2.3249311447143555
tf.Tensor(-10887.56759479905, shape=(), dtype=float64)
nll_grad  cost time: 2.3302199840545654
tf.Tensor(-10887.568525956161, shape=(), dtype=float64)
nll_grad  cost time: 2.298001289367676
tf.Tensor(-10887.568940295998, shape=(), dtype=float64)
nll_grad  cost time: 2.3381481170654297
tf.Tensor(-10887.569116337487, shape=(), dtype=float64)
nll_grad  cost time: 2.3737082481384277
tf.Tensor(-10887.569220016696, shape=(), dtype=float64)
nll_grad  cost time: 2.403747797012329
tf.Tensor(-10887.56932264638, shape=(), dtype=float64)
nll_grad  cost time: 2.408889055252075
tf.Tensor(-10887.56944478555, shape=(), dtype=float64)
nll_grad  cost time: 2.3917698860168457
tf.Tensor(-10887.569585765174, shape=(), dtype=float64)
nll_grad  cost time: 2.3743741512298584
tf.Tensor(-10887.569745512912, shape=(), dtype=float64)
nll_grad  cost time: 2.3597655296325684
tf.Tensor(-10887.56995420481, shape=(), dtype=float64)
nll_grad  cost time: 2.404080867767334
tf.Tensor(-10887.570282531986, shape=(), dtype=float64)
nll_grad  cost time: 2.3218941688537598
tf.Tensor(-10887.570805032516, shape=(), dtype=float64)
nll_grad  cost time: 2.3536224365234375
tf.Tensor(-10887.571594554494, shape=(), dtype=float64)
nll_grad  cost time: 2.334019422531128
tf.Tensor(-10887.57239305267, shape=(), dtype=float64)
nll_grad  cost time: 2.449943780899048
tf.Tensor(-10887.572839189983, shape=(), dtype=float64)
nll_grad  cost time: 2.386711359024048
tf.Tensor(-10887.573008901669, shape=(), dtype=float64)
nll_grad  cost time: 2.359386682510376
tf.Tensor(-10887.573077410863, shape=(), dtype=float64)
nll_grad  cost time: 2.338348865509033
tf.Tensor(-10887.573162865869, shape=(), dtype=float64)
nll_grad  cost time: 2.44500732421875
tf.Tensor(-10887.573304984835, shape=(), dtype=float64)
nll_grad  cost time: 2.58341646194458
tf.Tensor(-10887.573552001631, shape=(), dtype=float64)
nll_grad  cost time: 2.3336384296417236
tf.Tensor(-10887.57398771789, shape=(), dtype=float64)
nll_grad  cost time: 2.389871120452881
tf.Tensor(-10887.574749750394, shape=(), dtype=float64)
nll_grad  cost time: 2.3885908126831055
tf.Tensor(-10887.576037132098, shape=(), dtype=float64)
nll_grad  cost time: 2.3403429985046387
tf.Tensor(-10887.578036704897, shape=(), dtype=float64)
nll_grad  cost time: 2.318065643310547
tf.Tensor(-10887.580271630166, shape=(), dtype=float64)
nll_grad  cost time: 2.402515172958374
tf.Tensor(-10887.581883765102, shape=(), dtype=float64)
nll_grad  cost time: 2.3240394592285156
tf.Tensor(-10887.582929869943, shape=(), dtype=float64)
nll_grad  cost time: 2.3390159606933594
tf.Tensor(-10887.583197238208, shape=(), dtype=float64)
nll_grad  cost time: 2.3061227798461914
tf.Tensor(-10887.583289156231, shape=(), dtype=float64)
nll_grad  cost time: 2.3460001945495605
tf.Tensor(-10887.583353140155, shape=(), dtype=float64)
nll_grad  cost time: 2.3581337928771973
tf.Tensor(-10887.583447508085, shape=(), dtype=float64)
nll_grad  cost time: 2.364135503768921
tf.Tensor(-10887.583602712388, shape=(), dtype=float64)
nll_grad  cost time: 2.3792831897735596
tf.Tensor(-10887.583868506616, shape=(), dtype=float64)
nll_grad  cost time: 2.346390724182129
tf.Tensor(-10887.584333502844, shape=(), dtype=float64)
nll_grad  cost time: 2.3797402381896973
tf.Tensor(-10887.585154087134, shape=(), dtype=float64)
nll_grad  cost time: 2.3945393562316895
tf.Tensor(-10887.586596000092, shape=(), dtype=float64)
nll_grad  cost time: 2.3461129665374756
tf.Tensor(-10887.589103500308, shape=(), dtype=float64)
nll_grad  cost time: 2.4666965007781982
tf.Tensor(-10887.59302959163, shape=(), dtype=float64)
nll_grad  cost time: 2.391476631164551
tf.Tensor(-10887.59891247718, shape=(), dtype=float64)
nll_grad  cost time: 2.4017884731292725
tf.Tensor(-10887.608849607244, shape=(), dtype=float64)
nll_grad  cost time: 2.3341121673583984
tf.Tensor(-10887.625328752107, shape=(), dtype=float64)
nll_grad  cost time: 2.356558084487915
tf.Tensor(-10887.640906005116, shape=(), dtype=float64)
nll_grad  cost time: 2.3950183391571045
nll_grad  cost time: 2.409186840057373
tf.Tensor(-10887.651105388682, shape=(), dtype=float64)
nll_grad  cost time: 2.403320789337158
tf.Tensor(-10887.665293965954, shape=(), dtype=float64)
nll_grad  cost time: 2.312260389328003
tf.Tensor(-10887.672954027625, shape=(), dtype=float64)
nll_grad  cost time: 2.3717920780181885
tf.Tensor(-10887.675778237204, shape=(), dtype=float64)
nll_grad  cost time: 2.3494210243225098
tf.Tensor(-10887.678257895208, shape=(), dtype=float64)
nll_grad  cost time: 2.3233323097229004
tf.Tensor(-10887.681707332533, shape=(), dtype=float64)
nll_grad  cost time: 2.3860514163970947
tf.Tensor(-10887.685814260069, shape=(), dtype=float64)
nll_grad  cost time: 2.3419039249420166
tf.Tensor(-10887.691894239477, shape=(), dtype=float64)
nll_grad  cost time: 2.341350555419922
tf.Tensor(-10887.69687240271, shape=(), dtype=float64)
nll_grad  cost time: 2.396576404571533
tf.Tensor(-10887.705209510783, shape=(), dtype=float64)
nll_grad  cost time: 2.3401834964752197
tf.Tensor(-10887.717125743107, shape=(), dtype=float64)
nll_grad  cost time: 2.335693597793579
nll_grad  cost time: 2.288278102874756
tf.Tensor(-10887.723983936965, shape=(), dtype=float64)
nll_grad  cost time: 2.452512502670288
tf.Tensor(-10887.732282665384, shape=(), dtype=float64)
nll_grad  cost time: 2.3617053031921387
nll_grad  cost time: 2.2873568534851074
tf.Tensor(-10887.735957186338, shape=(), dtype=float64)
nll_grad  cost time: 2.370027780532837
tf.Tensor(-10887.741175875464, shape=(), dtype=float64)
nll_grad  cost time: 2.356105327606201
tf.Tensor(-10887.748614824639, shape=(), dtype=float64)
nll_grad  cost time: 2.3708932399749756
tf.Tensor(-10887.754244561977, shape=(), dtype=float64)
nll_grad  cost time: 2.4847090244293213
tf.Tensor(-10887.755484858975, shape=(), dtype=float64)
nll_grad  cost time: 2.3584742546081543
tf.Tensor(-10887.757770079239, shape=(), dtype=float64)
nll_grad  cost time: 2.473182201385498
tf.Tensor(-10887.761642546473, shape=(), dtype=float64)
nll_grad  cost time: 2.3434925079345703
nll_grad  cost time: 2.385714530944824
tf.Tensor(-10887.763984005622, shape=(), dtype=float64)
nll_grad  cost time: 2.322880744934082
tf.Tensor(-10887.766527791719, shape=(), dtype=float64)
nll_grad  cost time: 2.5266759395599365
tf.Tensor(-10887.769039562867, shape=(), dtype=float64)
nll_grad  cost time: 2.348543643951416
tf.Tensor(-10887.772089564736, shape=(), dtype=float64)
nll_grad  cost time: 2.3575544357299805
tf.Tensor(-10887.775691029241, shape=(), dtype=float64)
nll_grad  cost time: 2.3997206687927246
tf.Tensor(-10887.778127512993, shape=(), dtype=float64)
nll_grad  cost time: 2.358081579208374
nll_grad  cost time: 2.3122239112854004
tf.Tensor(-10887.779233606463, shape=(), dtype=float64)
nll_grad  cost time: 2.3263955116271973
tf.Tensor(-10887.780718738064, shape=(), dtype=float64)
nll_grad  cost time: 2.3612616062164307
tf.Tensor(-10887.782985925613, shape=(), dtype=float64)
nll_grad  cost time: 2.320427179336548
tf.Tensor(-10887.78612587881, shape=(), dtype=float64)
nll_grad  cost time: 2.29717755317688
tf.Tensor(-10887.788073940876, shape=(), dtype=float64)
nll_grad  cost time: 2.307790756225586
nll_grad  cost time: 2.261944532394409
tf.Tensor(-10887.789150219935, shape=(), dtype=float64)
nll_grad  cost time: 2.343752861022949
tf.Tensor(-10887.790317893217, shape=(), dtype=float64)
nll_grad  cost time: 2.479147434234619
tf.Tensor(-10887.791869146738, shape=(), dtype=float64)
nll_grad  cost time: 2.3121774196624756
tf.Tensor(-10887.793199251802, shape=(), dtype=float64)
nll_grad  cost time: 2.3076624870300293
tf.Tensor(-10887.793793870718, shape=(), dtype=float64)
nll_grad  cost time: 2.3306338787078857
tf.Tensor(-10887.794181294914, shape=(), dtype=float64)
nll_grad  cost time: 2.312901020050049
tf.Tensor(-10887.794566594792, shape=(), dtype=float64)
nll_grad  cost time: 2.333380699157715
tf.Tensor(-10887.794811999476, shape=(), dtype=float64)
nll_grad  cost time: 2.3116302490234375
tf.Tensor(-10887.794984475771, shape=(), dtype=float64)
nll_grad  cost time: 2.323620319366455
tf.Tensor(-10887.795127765654, shape=(), dtype=float64)
nll_grad  cost time: 2.3470001220703125
tf.Tensor(-10887.79522547658, shape=(), dtype=float64)
nll_grad  cost time: 2.371643304824829
tf.Tensor(-10887.795306394193, shape=(), dtype=float64)
nll_grad  cost time: 2.3353915214538574
tf.Tensor(-10887.795367227664, shape=(), dtype=float64)
nll_grad  cost time: 2.3487327098846436
tf.Tensor(-10887.795386324364, shape=(), dtype=float64)
nll_grad  cost time: 2.3470828533172607
tf.Tensor(-10887.795406217469, shape=(), dtype=float64)
nll_grad  cost time: 2.4648520946502686
tf.Tensor(-10887.795434626729, shape=(), dtype=float64)
nll_grad  cost time: 2.3629562854766846
tf.Tensor(-10887.795473418326, shape=(), dtype=float64)
nll_grad  cost time: 2.3829174041748047
tf.Tensor(-10887.795537755785, shape=(), dtype=float64)
nll_grad  cost time: 2.421142578125
tf.Tensor(-10887.795645870156, shape=(), dtype=float64)
nll_grad  cost time: 2.357022285461426
tf.Tensor(-10887.795819136434, shape=(), dtype=float64)
nll_grad  cost time: 2.3636019229888916
tf.Tensor(-10887.796077007257, shape=(), dtype=float64)
nll_grad  cost time: 2.36788010597229
tf.Tensor(-10887.796415608766, shape=(), dtype=float64)
nll_grad  cost time: 2.3365018367767334
tf.Tensor(-10887.796816859038, shape=(), dtype=float64)
nll_grad  cost time: 2.3274433612823486
tf.Tensor(-10887.797250016345, shape=(), dtype=float64)
nll_grad  cost time: 2.325867176055908
tf.Tensor(-10887.79770285694, shape=(), dtype=float64)
nll_grad  cost time: 2.3342010974884033
tf.Tensor(-10887.79794890149, shape=(), dtype=float64)
nll_grad  cost time: 2.366152763366699
tf.Tensor(-10887.798077543514, shape=(), dtype=float64)
nll_grad  cost time: 2.2919771671295166
tf.Tensor(-10887.798168120906, shape=(), dtype=float64)
nll_grad  cost time: 2.368640661239624
tf.Tensor(-10887.798183089719, shape=(), dtype=float64)
nll_grad  cost time: 2.3071579933166504
tf.Tensor(-10887.798195645162, shape=(), dtype=float64)
nll_grad  cost time: 2.2720415592193604
tf.Tensor(-10887.798197132011, shape=(), dtype=float64)
nll_grad  cost time: 2.259345531463623
tf.Tensor(-10887.79819769814, shape=(), dtype=float64)
nll_grad  cost time: 2.2264716625213623
tf.Tensor(-10887.798197996017, shape=(), dtype=float64)
nll_grad  cost time: 2.264270782470703
tf.Tensor(-10887.798198206638, shape=(), dtype=float64)
nll_grad  cost time: 2.222254753112793
tf.Tensor(-10887.798198325723, shape=(), dtype=float64)
nll_grad  cost time: 2.2155303955078125
tf.Tensor(-10887.798198360626, shape=(), dtype=float64)
nll_grad  cost time: 2.2152042388916016
tf.Tensor(-10887.798198372617, shape=(), dtype=float64)
nll_grad  cost time: 2.2016005516052246
tf.Tensor(-10887.798198375622, shape=(), dtype=float64)
nll_grad  cost time: 2.2064054012298584
tf.Tensor(-10887.798198376735, shape=(), dtype=float64)
nll_grad  cost time: 2.2016682624816895
tf.Tensor(-10887.798198377084, shape=(), dtype=float64)
Optimization terminated successfully.
         Current function value: -10887.798198
         Iterations: 942
         Function evaluations: 968
         Gradient evaluations: 968
  message: Optimization terminated successfully.
  success: True
   status: 0
      fun: -10887.798198377084
        x: [ 3.765e-01  2.751e-02 ... -5.213e-01 -1.510e+00]
      nit: 942
      jac: [ 0.000e+00  0.000e+00 ... -2.458e-05 -3.070e-05]
 hess_inv: [[ 1.000e+00  0.000e+00 ...  0.000e+00  0.000e+00]
            [ 0.000e+00  1.000e+00 ...  0.000e+00  0.000e+00]
            ...
            [ 0.000e+00  0.000e+00 ...  2.665e-02  1.479e-02]
            [ 0.000e+00  0.000e+00 ...  1.479e-02  1.773e-01]]
     nfev: 968
     njev: 968
fit  cost time: 2301.6148042678833
{
  "rho(1450)p_mass": 1.51,
  "rho(1450)p_width": 0.44,
  "rho(1570)p_mass": 1.57,
  "rho(1570)p_width": 0.14,
  "rho(1690)p_mass": 1.681,
  "rho(1690)p_width": 0.19,
  "rho(1450)m_mass": 1.51,
  "rho(1450)m_width": 0.44,
  "rho(1570)m_mass": 1.57,
  "rho(1570)m_width": 0.14,
  "rho(1690)m_mass": 1.681,
  "rho(1690)m_width": 0.19,
  "f0(500)_E791_mass": 0.478,
  "f2(1270)_flatte_mass": 1.2754,
  "f2(1270)_flatte_g_0": 0.036594083050590163,
  "f2(1270)_flatte_g_1": 0.309170236789983,
  "f0(1370)_mass": 1.37,
  "f0(1370)_width": 0.35,
  "f0(1500)_flatte_mass": 1.522,
  "f0(1500)_flatte_g_0": 0.142516838302526,
  "f0(1500)_flatte_g_1": 1.5621908432680296,
  "f2(1430)_mass": 1.43,
  "f2(1430)_width": 0.046,
  "Jpsi->rho(1450)p.pimrho(1450)p->phi.pip_total_0r": 1.0,
  "Jpsi->rho(1450)p.pimrho(1450)p->phi.pip_total_0i": 0.0,
  "Jpsi->rho(1450)p.pim_g_ls_0r": 1.0,
  "Jpsi->rho(1450)p.pim_g_ls_0i": 0.0,
  "rho(1450)p->phi.pip_g_ls_0r": 1.0,
  "rho(1450)p->phi.pip_g_ls_0i": 0.0,
  "Jpsi->rho(1570)p.pimrho(1570)p->phi.pip_total_0r": 0.1797652739623433,
  "Jpsi->rho(1570)p.pimrho(1570)p->phi.pip_total_0i": 5.89854785432286,
  "Jpsi->rho(1570)p.pim_g_ls_0r": 1.0,
  "Jpsi->rho(1570)p.pim_g_ls_0i": 0.0,
  "rho(1570)p->phi.pip_g_ls_0r": 1.0,
  "rho(1570)p->phi.pip_g_ls_0i": 0.0,
  "Jpsi->rho(1690)p.pimrho(1690)p->phi.pip_total_0r": -0.20524844985053856,
  "Jpsi->rho(1690)p.pimrho(1690)p->phi.pip_total_0i": 2.0464186483290425,
  "Jpsi->rho(1690)p.pim_g_ls_0r": 1.0,
  "Jpsi->rho(1690)p.pim_g_ls_0i": 0.0,
  "rho(1690)p->phi.pip_g_ls_0r": 1.0,
  "rho(1690)p->phi.pip_g_ls_0i": 0.0,
  "Jpsi->rho(1450)m.piprho(1450)m->phi.pim_total_0r": 1.0,
  "Jpsi->rho(1450)m.piprho(1450)m->phi.pim_total_0i": 0.0,
  "Jpsi->rho(1450)m.pip_g_ls_0r": 1.0,
  "Jpsi->rho(1450)m.pip_g_ls_0i": 0.0,
  "rho(1450)m->phi.pim_g_ls_0r": 1.0,
  "rho(1450)m->phi.pim_g_ls_0i": 0.0,
  "Jpsi->rho(1570)m.piprho(1570)m->phi.pim_total_0r": 0.1797652739623433,
  "Jpsi->rho(1570)m.piprho(1570)m->phi.pim_total_0i": 5.89854785432286,
  "Jpsi->rho(1570)m.pip_g_ls_0r": 1.0,
  "Jpsi->rho(1570)m.pip_g_ls_0i": 0.0,
  "rho(1570)m->phi.pim_g_ls_0r": 1.0,
  "rho(1570)m->phi.pim_g_ls_0i": 0.0,
  "Jpsi->rho(1690)m.piprho(1690)m->phi.pim_total_0r": -0.20524844985053856,
  "Jpsi->rho(1690)m.piprho(1690)m->phi.pim_total_0i": 2.0464186483290425,
  "Jpsi->rho(1690)m.pip_g_ls_0r": 1.0,
  "Jpsi->rho(1690)m.pip_g_ls_0i": 0.0,
  "rho(1690)m->phi.pim_g_ls_0r": 1.0,
  "rho(1690)m->phi.pim_g_ls_0i": 0.0,
  "Jpsi->phi.f0(500)_E791f0(500)_E791->pip.pim_total_0r": 3.496478323684135,
  "Jpsi->phi.f0(500)_E791f0(500)_E791->pip.pim_total_0i": 0.9877741387080228,
  "Jpsi->phi.f0(500)_E791_g_ls_0r": 1.0,
  "Jpsi->phi.f0(500)_E791_g_ls_0i": 0.0,
  "Jpsi->phi.f0(500)_E791_g_ls_1r": 1.0314563477748249,
  "Jpsi->phi.f0(500)_E791_g_ls_1i": -0.6617877048535776,
  "f0(500)_E791->pip.pim_g_ls_0r": 1.0,
  "f0(500)_E791->pip.pim_g_ls_0i": 0.0,
  "Jpsi->phi.f0(980)_flattef0(980)_flatte->pip.pim_total_0r": 2.293317475436796,
  "Jpsi->phi.f0(980)_flattef0(980)_flatte->pip.pim_total_0i": -0.24393794389275136,
  "f0(980)_flatte->pip.pim_g_ls_0r": 1.0,
  "f0(980)_flatte->pip.pim_g_ls_0i": 0.0,
  "Jpsi->phi.f2(1270)_flattef2(1270)_flatte->pip.pim_total_0r": 0.45148443010290507,
  "Jpsi->phi.f2(1270)_flattef2(1270)_flatte->pip.pim_total_0i": -1.7081841181437052,
  "Jpsi->phi.f2(1270)_flatte_g_ls_0r": 1.0,
  "Jpsi->phi.f2(1270)_flatte_g_ls_0i": 0.0,
  "Jpsi->phi.f2(1270)_flatte_g_ls_1r": 1.7421310774337992,
  "Jpsi->phi.f2(1270)_flatte_g_ls_1i": 2.1237584993758345,
  "Jpsi->phi.f2(1270)_flatte_g_ls_2r": 1.950340367702624,
  "Jpsi->phi.f2(1270)_flatte_g_ls_2i": -1.214183025344564,
  "Jpsi->phi.f2(1270)_flatte_g_ls_3r": 2.2964218311296642,
  "Jpsi->phi.f2(1270)_flatte_g_ls_3i": 2.1847443188824904,
  "Jpsi->phi.f2(1270)_flatte_g_ls_4r": 1.011960011739158,
  "Jpsi->phi.f2(1270)_flatte_g_ls_4i": -1.246496756157665,
  "f2(1270)_flatte->pip.pim_g_ls_0r": 1.0,
  "f2(1270)_flatte->pip.pim_g_ls_0i": 0.0,
  "Jpsi->phi.f0(1370)f0(1370)->pip.pim_total_0r": 1.2318532973507004,
  "Jpsi->phi.f0(1370)f0(1370)->pip.pim_total_0i": 3.126556097408012,
  "Jpsi->phi.f0(1370)_g_ls_0r": 1.0,
  "Jpsi->phi.f0(1370)_g_ls_0i": 0.0,
  "Jpsi->phi.f0(1370)_g_ls_1r": 0.669889130569662,
  "Jpsi->phi.f0(1370)_g_ls_1i": -0.3965321984475221,
  "f0(1370)->pip.pim_g_ls_0r": 1.0,
  "f0(1370)->pip.pim_g_ls_0i": 0.0,
  "Jpsi->phi.f0(1500)_flattef0(1500)_flatte->pip.pim_total_0r": 1.8607494576660435,
  "Jpsi->phi.f0(1500)_flattef0(1500)_flatte->pip.pim_total_0i": -0.5504742101132383,
  "Jpsi->phi.f0(1500)_flatte_g_ls_0r": 1.0,
  "Jpsi->phi.f0(1500)_flatte_g_ls_0i": 0.0,
  "Jpsi->phi.f0(1500)_flatte_g_ls_1r": 0.4780038738467828,
  "Jpsi->phi.f0(1500)_flatte_g_ls_1i": -0.627888023597408,
  "f0(1500)_flatte->pip.pim_g_ls_0r": 1.0,
  "f0(1500)_flatte->pip.pim_g_ls_0i": 0.0,
  "Jpsi->phi.f0(1710)f0(1710)->pip.pim_total_0r": 0.5011390256648585,
  "Jpsi->phi.f0(1710)f0(1710)->pip.pim_total_0i": 2.6351076603946506,
  "f0(1710)->pip.pim_g_ls_0r": 1.0,
  "f0(1710)->pip.pim_g_ls_0i": 0.0,
  "Jpsi->phi.f2(1430)f2(1430)->pip.pim_total_0r": 0.12258639862228518,
  "Jpsi->phi.f2(1430)f2(1430)->pip.pim_total_0i": -2.5481278833308716,
  "Jpsi->phi.f2(1430)_g_ls_0r": 1.0,
  "Jpsi->phi.f2(1430)_g_ls_0i": 0.0,
  "Jpsi->phi.f2(1430)_g_ls_1r": 0.830315600245594,
  "Jpsi->phi.f2(1430)_g_ls_1i": 2.878744969947893,
  "Jpsi->phi.f2(1430)_g_ls_2r": 0.09040550873348996,
  "Jpsi->phi.f2(1430)_g_ls_2i": -2.461148941351783,
  "Jpsi->phi.f2(1430)_g_ls_3r": 0.24305140318645785,
  "Jpsi->phi.f2(1430)_g_ls_3i": -1.9808248397475001,
  "Jpsi->phi.f2(1430)_g_ls_4r": 1.2443604883987602,
  "Jpsi->phi.f2(1430)_g_ls_4i": -0.5066526660378945,
  "f2(1430)->pip.pim_g_ls_0r": 1.0,
  "f2(1430)->pip.pim_g_ls_0i": 0.0,
  "Jpsi->phi.NR_pipi_0.NR_pipi_0.->pip.pim_total_0r": 0.3067245257474586,
  "Jpsi->phi.NR_pipi_0.NR_pipi_0.->pip.pim_total_0i": -0.34022213877593677,
  "Jpsi->phi.NR_pipi_0._g_ls_0r": 1.0,
  "Jpsi->phi.NR_pipi_0._g_ls_0i": 0.0,
  "Jpsi->phi.NR_pipi_0._g_ls_1r": 2.6279414259879417,
  "Jpsi->phi.NR_pipi_0._g_ls_1i": -2.054923232871511,
  "NR_pipi_0.->pip.pim_g_ls_0r": 1.0,
  "NR_pipi_0.->pip.pim_g_ls_0i": 0.0,
  "K1(1400)p_mass": 1.403,
  "K1(1400)p_width": 0.174,
  "K2(1820)p_mass": 1.819,
  "K2(1820)p_width": 0.264,
  "K2(1980)p_mass": 1.99,
  "K2(1980)p_width": 0.348,
  "K2(2250)p_mass": 2.247,
  "K2(2250)p_width": 0.18,
  "K3(2320)p_mass": 2.324,
  "K3(2320)p_width": 0.15,
  "K1(1400)m_mass": 1.403,
  "K1(1400)m_width": 0.174,
  "K2(1820)m_mass": 1.819,
  "K2(1820)m_width": 0.264,
  "K2(1980)m_mass": 1.99,
  "K2(1980)m_width": 0.348,
  "K3(2320)m_mass": 2.324,
  "K3(2320)m_width": 0.15,
  "f0(980)_flatte_mass": 0.965,
  "f0(980)_flatte_g_0": 1.0154499166640991,
  "f0(980)_flatte_g_1": 0.31827785530789293,
  "f2(1270)_mass": 1.2754,
  "f2(1270)_width": 0.1858,
  "f0(1500)_mass": 1.522,
  "f0(1500)_width": 0.108,
  "f2(1525)_mass": 1.5173,
  "f2(1525)_width": 0.072,
  "f2(1565)_mass": 1.571,
  "f2(1565)_width": 0.132,
  "f0(1710)_mass": 1.733,
  "f0(1710)_width": 0.15,
  "f2(1810)_mass": 1.815,
  "f2(1810)_width": 0.197,
  "Jpsi->K1(1400)p.kmK1(1400)p->phi.kp_total_0r": 1.0,
  "Jpsi->K1(1400)p.kmK1(1400)p->phi.kp_total_0i": 0.0,
  "Jpsi->K1(1400)p.km_g_ls_0r": 1.0,
  "Jpsi->K1(1400)p.km_g_ls_0i": 0.0,
  "Jpsi->K1(1400)p.km_g_ls_1r": -0.06560257782864151,
  "Jpsi->K1(1400)p.km_g_ls_1i": 5.781853219848794,
  "K1(1400)p->phi.kp_g_ls_0r": 1.0,
  "K1(1400)p->phi.kp_g_ls_0i": 0.0,
  "K1(1400)p->phi.kp_g_ls_1r": -0.40000107606718444,
  "K1(1400)p->phi.kp_g_ls_1i": -3.519654298473243,
  "Jpsi->K2(1820)p.kmK2(1820)p->phi.kp_total_0r": -0.659486862888568,
  "Jpsi->K2(1820)p.kmK2(1820)p->phi.kp_total_0i": 8.465318264003391,
  "Jpsi->K2(1820)p.km_g_ls_0r": 1.0,
  "Jpsi->K2(1820)p.km_g_ls_0i": 0.0,
  "Jpsi->K2(1820)p.km_g_ls_1r": -0.6080975353417337,
  "Jpsi->K2(1820)p.km_g_ls_1i": -5.504157985686147,
  "K2(1820)p->phi.kp_g_ls_0r": 1.0,
  "K2(1820)p->phi.kp_g_ls_0i": 0.0,
  "K2(1820)p->phi.kp_g_ls_1r": -0.08864577621483405,
  "K2(1820)p->phi.kp_g_ls_1i": 1.2031686889552298,
  "Jpsi->K2(1980)p.kmK2(1980)p->phi.kp_total_0r": 0.7239607475952261,
  "Jpsi->K2(1980)p.kmK2(1980)p->phi.kp_total_0i": 0.6776279715966232,
  "Jpsi->K2(1980)p.km_g_ls_0r": 1.0,
  "Jpsi->K2(1980)p.km_g_ls_0i": 0.0,
  "K2(1980)p->phi.kp_g_ls_0r": 1.0,
  "K2(1980)p->phi.kp_g_ls_0i": 0.0,
  "Jpsi->K2(2250)p.kmK2(2250)p->phi.kp_total_0r": 0.2539003562031151,
  "Jpsi->K2(2250)p.kmK2(2250)p->phi.kp_total_0i": 3.9196617056198333,
  "Jpsi->K2(2250)p.km_g_ls_0r": 1.0,
  "Jpsi->K2(2250)p.km_g_ls_0i": 0.0,
  "Jpsi->K2(2250)p.km_g_ls_1r": 0.7231574687584296,
  "Jpsi->K2(2250)p.km_g_ls_1i": -0.35708205689331723,
  "K2(2250)p->phi.kp_g_ls_0r": 1.0,
  "K2(2250)p->phi.kp_g_ls_0i": 0.0,
  "K2(2250)p->phi.kp_g_ls_1r": 0.3006270918697416,
  "K2(2250)p->phi.kp_g_ls_1i": 1.7843922165662285,
  "Jpsi->K3(2320)p.kmK3(2320)p->phi.kp_total_0r": 0.09835658830554368,
  "Jpsi->K3(2320)p.kmK3(2320)p->phi.kp_total_0i": 7.5419227453754365,
  "Jpsi->K3(2320)p.km_g_ls_0r": 1.0,
  "Jpsi->K3(2320)p.km_g_ls_0i": 0.0,
  "Jpsi->K3(2320)p.km_g_ls_1r": -0.15488566500572654,
  "Jpsi->K3(2320)p.km_g_ls_1i": 2.5463702195322684,
  "K3(2320)p->phi.kp_g_ls_0r": 1.0,
  "K3(2320)p->phi.kp_g_ls_0i": 0.0,
  "K3(2320)p->phi.kp_g_ls_1r": 6.150877531524399,
  "K3(2320)p->phi.kp_g_ls_1i": -1.206669140422845,
  "Jpsi->K1(1400)m.kpK1(1400)m->phi.km_total_0r": 1.0,
  "Jpsi->K1(1400)m.kpK1(1400)m->phi.km_total_0i": 0.0,
  "Jpsi->K1(1400)m.kp_g_ls_0r": 1.0,
  "Jpsi->K1(1400)m.kp_g_ls_0i": 0.0,
  "Jpsi->K1(1400)m.kp_g_ls_1r": -0.06560257782864151,
  "Jpsi->K1(1400)m.kp_g_ls_1i": 5.781853219848794,
  "K1(1400)m->phi.km_g_ls_0r": 1.0,
  "K1(1400)m->phi.km_g_ls_0i": 0.0,
  "K1(1400)m->phi.km_g_ls_1r": -0.40000107606718444,
  "K1(1400)m->phi.km_g_ls_1i": -3.519654298473243,
  "Jpsi->K2(1820)m.kpK2(1820)m->phi.km_total_0r": -0.659486862888568,
  "Jpsi->K2(1820)m.kpK2(1820)m->phi.km_total_0i": 8.465318264003391,
  "Jpsi->K2(1820)m.kp_g_ls_0r": 1.0,
  "Jpsi->K2(1820)m.kp_g_ls_0i": 0.0,
  "Jpsi->K2(1820)m.kp_g_ls_1r": -0.6080975353417337,
  "Jpsi->K2(1820)m.kp_g_ls_1i": -5.504157985686147,
  "K2(1820)m->phi.km_g_ls_0r": 1.0,
  "K2(1820)m->phi.km_g_ls_0i": 0.0,
  "K2(1820)m->phi.km_g_ls_1r": -0.08864577621483405,
  "K2(1820)m->phi.km_g_ls_1i": 1.2031686889552298,
  "Jpsi->K2(1980)m.kpK2(1980)m->phi.km_total_0r": 0.7239607475952261,
  "Jpsi->K2(1980)m.kpK2(1980)m->phi.km_total_0i": 0.6776279715966232,
  "Jpsi->K2(1980)m.kp_g_ls_0r": 1.0,
  "Jpsi->K2(1980)m.kp_g_ls_0i": 0.0,
  "K2(1980)m->phi.km_g_ls_0r": 1.0,
  "K2(1980)m->phi.km_g_ls_0i": 0.0,
  "Jpsi->K2(2250)p.kpK2(2250)p->phi.km_total_0r": 0.24842152378180102,
  "Jpsi->K2(2250)p.kpK2(2250)p->phi.km_total_0i": -2.4392409308184266,
  "Jpsi->K2(2250)p.kp_g_ls_0r": 1.0,
  "Jpsi->K2(2250)p.kp_g_ls_0i": 0.0,
  "Jpsi->K2(2250)p.kp_g_ls_1r": 0.8265804182961095,
  "Jpsi->K2(2250)p.kp_g_ls_1i": -0.41395898061655867,
  "K2(2250)p->phi.km_g_ls_0r": 1.0,
  "K2(2250)p->phi.km_g_ls_0i": 0.0,
  "K2(2250)p->phi.km_g_ls_1r": 0.25113455897986414,
  "K2(2250)p->phi.km_g_ls_1i": 1.0410809263712508,
  "Jpsi->K3(2320)m.kpK3(2320)m->phi.km_total_0r": 0.09835658830554368,
  "Jpsi->K3(2320)m.kpK3(2320)m->phi.km_total_0i": 7.5419227453754365,
  "Jpsi->K3(2320)m.kp_g_ls_0r": 1.0,
  "Jpsi->K3(2320)m.kp_g_ls_0i": 0.0,
  "Jpsi->K3(2320)m.kp_g_ls_1r": -0.15488566500572654,
  "Jpsi->K3(2320)m.kp_g_ls_1i": 2.5463702195322684,
  "K3(2320)m->phi.km_g_ls_0r": 1.0,
  "K3(2320)m->phi.km_g_ls_0i": 0.0,
  "K3(2320)m->phi.km_g_ls_1r": 6.150877531524399,
  "K3(2320)m->phi.km_g_ls_1i": -1.206669140422845,
  "Jpsi->phi.f0(980)_flattef0(980)_flatte->kp.km_total_0r": 1.2052281326109484,
  "Jpsi->phi.f0(980)_flattef0(980)_flatte->kp.km_total_0i": 2.9447558882040497,
  "Jpsi->phi.f0(980)_flatte_g_ls_0r": 1.0,
  "Jpsi->phi.f0(980)_flatte_g_ls_0i": 0.0,
  "Jpsi->phi.f0(980)_flatte_g_ls_1r": 0.5524591409522058,
  "Jpsi->phi.f0(980)_flatte_g_ls_1i": -0.6024641197625211,
  "f0(980)_flatte->kp.km_g_ls_0r": 1.0,
  "f0(980)_flatte->kp.km_g_ls_0i": 0.0,
  "Jpsi->phi.f2(1270)f2(1270)->kp.km_total_0r": 0.20131437540669533,
  "Jpsi->phi.f2(1270)f2(1270)->kp.km_total_0i": -0.4731683926530863,
  "Jpsi->phi.f2(1270)_g_ls_0r": 1.0,
  "Jpsi->phi.f2(1270)_g_ls_0i": 0.0,
  "Jpsi->phi.f2(1270)_g_ls_1r": 1.2386964637329518,
  "Jpsi->phi.f2(1270)_g_ls_1i": 0.015523895274425215,
  "Jpsi->phi.f2(1270)_g_ls_2r": 1.4522218240428135,
  "Jpsi->phi.f2(1270)_g_ls_2i": 1.716116613979291,
  "Jpsi->phi.f2(1270)_g_ls_3r": 1.3329879673701905,
  "Jpsi->phi.f2(1270)_g_ls_3i": -1.3249472200613894,
  "Jpsi->phi.f2(1270)_g_ls_4r": 1.0601769324679668,
  "Jpsi->phi.f2(1270)_g_ls_4i": 2.924118441139721,
  "f2(1270)->kp.km_g_ls_0r": 1.0,
  "f2(1270)->kp.km_g_ls_0i": 0.0,
  "Jpsi->phi.f0(1500)f0(1500)->kp.km_total_0r": 0.15354810429687868,
  "Jpsi->phi.f0(1500)f0(1500)->kp.km_total_0i": -0.25536263164563433,
  "Jpsi->phi.f0(1500)_g_ls_0r": 1.0,
  "Jpsi->phi.f0(1500)_g_ls_0i": 0.0,
  "Jpsi->phi.f0(1500)_g_ls_1r": 1.446933426889149,
  "Jpsi->phi.f0(1500)_g_ls_1i": 0.28484277310027295,
  "f0(1500)->kp.km_g_ls_0r": 1.0,
  "f0(1500)->kp.km_g_ls_0i": 0.0,
  "Jpsi->phi.f2(1525)f2(1525)->kp.km_total_0r": 0.4037483364094511,
  "Jpsi->phi.f2(1525)f2(1525)->kp.km_total_0i": 0.766204531940164,
  "Jpsi->phi.f2(1525)_g_ls_0r": 1.0,
  "Jpsi->phi.f2(1525)_g_ls_0i": 0.0,
  "Jpsi->phi.f2(1525)_g_ls_1r": 1.315510337347098,
  "Jpsi->phi.f2(1525)_g_ls_1i": 0.8690777282238553,
  "Jpsi->phi.f2(1525)_g_ls_2r": 1.1164878831411964,
  "Jpsi->phi.f2(1525)_g_ls_2i": -2.9548171227489206,
  "Jpsi->phi.f2(1525)_g_ls_3r": 0.30433425637023825,
  "Jpsi->phi.f2(1525)_g_ls_3i": 1.718444620860259,
  "Jpsi->phi.f2(1525)_g_ls_4r": 0.655293681679795,
  "Jpsi->phi.f2(1525)_g_ls_4i": -0.16071948390614565,
  "f2(1525)->kp.km_g_ls_0r": 1.0,
  "f2(1525)->kp.km_g_ls_0i": 0.0,
  "Jpsi->phi.f2(1565)f2(1565)->kp.km_total_0r": 0.6902157688732725,
  "Jpsi->phi.f2(1565)f2(1565)->kp.km_total_0i": -1.703948356134653,
  "Jpsi->phi.f2(1565)_g_ls_0r": 1.0,
  "Jpsi->phi.f2(1565)_g_ls_0i": 0.0,
  "Jpsi->phi.f2(1565)_g_ls_1r": 1.0491420340322228,
  "Jpsi->phi.f2(1565)_g_ls_1i": 0.4465911518819574,
  "Jpsi->phi.f2(1565)_g_ls_2r": 0.4665760103525107,
  "Jpsi->phi.f2(1565)_g_ls_2i": 2.207202622653109,
  "Jpsi->phi.f2(1565)_g_ls_3r": 0.19848800841262274,
  "Jpsi->phi.f2(1565)_g_ls_3i": -0.6395391861534208,
  "Jpsi->phi.f2(1565)_g_ls_4r": 0.2017493655732956,
  "Jpsi->phi.f2(1565)_g_ls_4i": -1.552903822827716,
  "f2(1565)->kp.km_g_ls_0r": 1.0,
  "f2(1565)->kp.km_g_ls_0i": 0.0,
  "Jpsi->phi.f0(1710)f0(1710)->kp.km_total_0r": 0.227679876739294,
  "Jpsi->phi.f0(1710)f0(1710)->kp.km_total_0i": 2.7401556117450347,
  "Jpsi->phi.f0(1710)_g_ls_0r": 1.0,
  "Jpsi->phi.f0(1710)_g_ls_0i": 0.0,
  "Jpsi->phi.f0(1710)_g_ls_1r": 1.6042873616393996,
  "Jpsi->phi.f0(1710)_g_ls_1i": 0.10069095710113762,
  "f0(1710)->kp.km_g_ls_0r": 1.0,
  "f0(1710)->kp.km_g_ls_0i": 0.0,
  "Jpsi->phi.f2(1810)f2(1810)->kp.km_total_0r": 0.36193359587030305,
  "Jpsi->phi.f2(1810)f2(1810)->kp.km_total_0i": -2.753771670357418,
  "Jpsi->phi.f2(1810)_g_ls_0r": 1.0,
  "Jpsi->phi.f2(1810)_g_ls_0i": 0.0,
  "Jpsi->phi.f2(1810)_g_ls_1r": 1.5190936713962915,
  "Jpsi->phi.f2(1810)_g_ls_1i": 1.3818073764237235,
  "Jpsi->phi.f2(1810)_g_ls_2r": 1.2358582313462871,
  "Jpsi->phi.f2(1810)_g_ls_2i": 2.532468423257926,
  "Jpsi->phi.f2(1810)_g_ls_3r": 1.1902874485079706,
  "Jpsi->phi.f2(1810)_g_ls_3i": -1.8961899436178253,
  "Jpsi->phi.f2(1810)_g_ls_4r": 0.18169322864354237,
  "Jpsi->phi.f2(1810)_g_ls_4i": -2.113258161531604,
  "f2(1810)->kp.km_g_ls_0r": 1.0,
  "f2(1810)->kp.km_g_ls_0i": 0.0
}
Time for calculating errors: 319.8528962135315

[WARN] Hessian inversion failed: Singular matrix
[WARN] Falling back to pseudo-inverse (pinv). Errors in singular directions will be NaN/inf.
[DIAG] _last_hessian not cached, cannot show eigenvalue details.
Time for calculating errors: 291.8159475326538
[WARN] using pinv for singular Hessian block
eigvalues:  [ 4.97660853e+04+0.j -9.41073876e+03+0.j  8.46330387e+03+0.j
  2.30235008e+01+0.j  1.56145020e+01+0.j  5.95045041e+00+0.j
  4.16921816e+00+0.j  1.64501089e+00+0.j  1.30059606e+00+0.j
  1.21249272e+00+0.j  9.95277243e-01+0.j  7.51961546e-01+0.j
  7.08253891e-01+0.j  5.88860786e-01+0.j  5.53143149e-01+0.j
  4.82850908e-01+0.j  4.11907179e-01+0.j  3.64093947e-01+0.j
  3.23880375e-01+0.j  2.70516118e-01+0.j  2.45245369e-01+0.j
  2.39133498e-01+0.j  2.28210865e-01+0.j  2.10844889e-01+0.j
  2.02084080e-01+0.j  1.85746352e-01+0.j  1.67860950e-01+0.j
  1.39983952e-01+0.j  1.16892093e-01+0.j  1.12958366e-01+0.j
  1.05561275e-01+0.j  1.01300654e-01+0.j  9.15184643e-02+0.j
  9.22522629e-02+0.j  8.25790949e-02+0.j  7.74806500e-02+0.j
  7.01584091e-02+0.j  6.62176803e-02+0.j  6.47499454e-02+0.j
  5.97922912e-02+0.j  5.53365714e-02+0.j  5.45654844e-02+0.j
  4.81025786e-02+0.j  5.00261619e-02+0.j  4.44115358e-02+0.j
  4.00524162e-02+0.j  3.74912863e-02+0.j  3.49076279e-02+0.j
  3.23325321e-02+0.j  3.10065263e-02+0.j  2.81237001e-02+0.j
  2.57776013e-02+0.j  2.45679397e-02+0.j  2.22904558e-02+0.j
  2.00063691e-02+0.j  1.82264990e-02+0.j  1.70050444e-02+0.j
  1.64137238e-02+0.j  1.50225412e-02+0.j  1.49391774e-02+0.j
  1.38291162e-02+0.j  1.32579867e-02+0.j  1.26217258e-02+0.j
  1.21237043e-02+0.j  1.09665846e-02+0.j  1.14005762e-02+0.j
  9.78871729e-03+0.j  9.40367690e-03+0.j  8.74968903e-03+0.j
  7.75038456e-03+0.j  7.54454597e-03+0.j  6.65219732e-03+0.j
  5.39709735e-03+0.j  5.51220730e-03+0.j  5.53334019e-03+0.j
  5.13829244e-03+0.j  4.31025456e-03+0.j  4.45501808e-03+0.j
  3.63727961e-03+0.j  3.45641857e-03+0.j  3.09368472e-03+0.j
  3.29984996e-03+0.j  2.86555600e-03+0.j  2.64685469e-03+0.j
  2.62361205e-03+0.j  2.17486427e-03+0.j  2.25899338e-03+0.j
  1.88466975e-03+0.j  1.66466955e-03+0.j  1.56617578e-03+0.j
  1.46528149e-03+0.j  1.38991681e-03+0.j  1.19529097e-03+0.j
  1.12663548e-03+0.j  1.06871750e-03+0.j  9.46789053e-04+0.j
  8.05771380e-04+0.j  8.40312149e-04+0.j  6.32272501e-04+0.j
  4.67815720e-04+0.j  5.42339230e-04+0.j  5.33783806e-04+0.j
  5.20223011e-04+0.j  5.13635268e-04+0.j  3.84308464e-04+0.j
  3.45824556e-04+0.j  2.75914740e-04+0.j  2.52280232e-04+0.j
  2.41497113e-04+0.j  2.07578182e-04+0.j  1.83274062e-04+0.j
  1.29710329e-04+0.j  9.30488453e-05+0.j  1.02593717e-04+0.j
  1.09336752e-04+0.j  1.44298271e-04+0.j  5.83596831e-05+0.j
  4.17582516e-05+0.j  3.87017846e-05+0.j  3.09771773e-05+0.j
  1.34001121e-05+0.j  1.93026468e-05+0.j  7.51868589e-06+0.j
  5.11412351e-06+0.j  2.30676917e-05+0.j  1.92867215e-12+0.j
 -3.70018079e-19+0.j  4.38645730e-19+0.j  0.00000000e+00+0.j
  0.00000000e+00+0.j  0.00000000e+00+0.j  0.00000000e+00+0.j]
[WARN] using pinv for singular Hessian block
[ERROR] pinv fallback also failed: ufunc 'fabs' not supported for the input types, and the inputs could not be safely coerced to any supported types according to the casting rule ''safe''
[INFO] Saving fit result WITHOUT parameter errors.

########## fit results:
Fit status:  True
Minimal -lnL =  -10894.280529278687
rho(1450)p_mass 1.51
rho(1450)p_width 0.44
rho(1570)p_mass 1.57
rho(1570)p_width 0.14
rho(1690)p_mass 1.681
rho(1690)p_width 0.19
rho(1450)m_mass 1.51
rho(1450)m_width 0.44
rho(1570)m_mass 1.57
rho(1570)m_width 0.14
rho(1690)m_mass 1.681
rho(1690)m_width 0.19
f0(500)_E791_mass 0.478
f2(1270)_flatte_mass 1.2754
f2(1270)_flatte_g_0 0.036594083050590163
f2(1270)_flatte_g_1 0.309170236789983
f0(1370)_mass 1.37
f0(1370)_width 0.35
f0(1500)_flatte_mass 1.522
f0(1500)_flatte_g_0 0.142516838302526
f0(1500)_flatte_g_1 1.5621908432680296
f2(1430)_mass 1.43
f2(1430)_width 0.046
Jpsi->rho(1450)p.pimrho(1450)p->phi.pip_total_0r 1.0
Jpsi->rho(1450)p.pimrho(1450)p->phi.pip_total_0i 0.0
Jpsi->rho(1450)p.pim_g_ls_0r 1.0
Jpsi->rho(1450)p.pim_g_ls_0i 0.0
rho(1450)p->phi.pip_g_ls_0r 1.0
rho(1450)p->phi.pip_g_ls_0i 0.0
Jpsi->rho(1570)p.pimrho(1570)p->phi.pip_total_0r 0.1797652739623433
Jpsi->rho(1570)p.pimrho(1570)p->phi.pip_total_0i 5.89854785432286
Jpsi->rho(1570)p.pim_g_ls_0r 1.0
Jpsi->rho(1570)p.pim_g_ls_0i 0.0
rho(1570)p->phi.pip_g_ls_0r 1.0
rho(1570)p->phi.pip_g_ls_0i 0.0
Jpsi->rho(1690)p.pimrho(1690)p->phi.pip_total_0r -0.20524844985053856
Jpsi->rho(1690)p.pimrho(1690)p->phi.pip_total_0i 2.0464186483290425
Jpsi->rho(1690)p.pim_g_ls_0r 1.0
Jpsi->rho(1690)p.pim_g_ls_0i 0.0
rho(1690)p->phi.pip_g_ls_0r 1.0
rho(1690)p->phi.pip_g_ls_0i 0.0
Jpsi->rho(1450)m.piprho(1450)m->phi.pim_total_0r 1.0
Jpsi->rho(1450)m.piprho(1450)m->phi.pim_total_0i 0.0
Jpsi->rho(1450)m.pip_g_ls_0r 1.0
Jpsi->rho(1450)m.pip_g_ls_0i 0.0
rho(1450)m->phi.pim_g_ls_0r 1.0
rho(1450)m->phi.pim_g_ls_0i 0.0
Jpsi->rho(1570)m.piprho(1570)m->phi.pim_total_0r 0.1797652739623433
Jpsi->rho(1570)m.piprho(1570)m->phi.pim_total_0i 5.89854785432286
Jpsi->rho(1570)m.pip_g_ls_0r 1.0
Jpsi->rho(1570)m.pip_g_ls_0i 0.0
rho(1570)m->phi.pim_g_ls_0r 1.0
rho(1570)m->phi.pim_g_ls_0i 0.0
Jpsi->rho(1690)m.piprho(1690)m->phi.pim_total_0r -0.20524844985053856
Jpsi->rho(1690)m.piprho(1690)m->phi.pim_total_0i 2.0464186483290425
Jpsi->rho(1690)m.pip_g_ls_0r 1.0
Jpsi->rho(1690)m.pip_g_ls_0i 0.0
rho(1690)m->phi.pim_g_ls_0r 1.0
rho(1690)m->phi.pim_g_ls_0i 0.0
Jpsi->phi.f0(500)_E791f0(500)_E791->pip.pim_total_0r 3.496478323684135
Jpsi->phi.f0(500)_E791f0(500)_E791->pip.pim_total_0i 0.9877741387080228
Jpsi->phi.f0(500)_E791_g_ls_0r 1.0
Jpsi->phi.f0(500)_E791_g_ls_0i 0.0
Jpsi->phi.f0(500)_E791_g_ls_1r 1.0314563477748249
Jpsi->phi.f0(500)_E791_g_ls_1i -0.6617877048535776
f0(500)_E791->pip.pim_g_ls_0r 1.0
f0(500)_E791->pip.pim_g_ls_0i 0.0
Jpsi->phi.f0(980)_flattef0(980)_flatte->pip.pim_total_0r 2.293317475436796
Jpsi->phi.f0(980)_flattef0(980)_flatte->pip.pim_total_0i -0.24393794389275136
f0(980)_flatte->pip.pim_g_ls_0r 1.0
f0(980)_flatte->pip.pim_g_ls_0i 0.0
Jpsi->phi.f2(1270)_flattef2(1270)_flatte->pip.pim_total_0r 0.45148443010290507
Jpsi->phi.f2(1270)_flattef2(1270)_flatte->pip.pim_total_0i -1.7081841181437052
Jpsi->phi.f2(1270)_flatte_g_ls_0r 1.0
Jpsi->phi.f2(1270)_flatte_g_ls_0i 0.0
Jpsi->phi.f2(1270)_flatte_g_ls_1r 1.7421310774337992
Jpsi->phi.f2(1270)_flatte_g_ls_1i 2.1237584993758345
Jpsi->phi.f2(1270)_flatte_g_ls_2r 1.950340367702624
Jpsi->phi.f2(1270)_flatte_g_ls_2i -1.214183025344564
Jpsi->phi.f2(1270)_flatte_g_ls_3r 2.2964218311296642
Jpsi->phi.f2(1270)_flatte_g_ls_3i 2.1847443188824904
Jpsi->phi.f2(1270)_flatte_g_ls_4r 1.011960011739158
Jpsi->phi.f2(1270)_flatte_g_ls_4i -1.246496756157665
f2(1270)_flatte->pip.pim_g_ls_0r 1.0
f2(1270)_flatte->pip.pim_g_ls_0i 0.0
Jpsi->phi.f0(1370)f0(1370)->pip.pim_total_0r 1.2318532973507004
Jpsi->phi.f0(1370)f0(1370)->pip.pim_total_0i 3.126556097408012
Jpsi->phi.f0(1370)_g_ls_0r 1.0
Jpsi->phi.f0(1370)_g_ls_0i 0.0
Jpsi->phi.f0(1370)_g_ls_1r 0.669889130569662
Jpsi->phi.f0(1370)_g_ls_1i -0.3965321984475221
f0(1370)->pip.pim_g_ls_0r 1.0
f0(1370)->pip.pim_g_ls_0i 0.0
Jpsi->phi.f0(1500)_flattef0(1500)_flatte->pip.pim_total_0r 1.8607494576660435
Jpsi->phi.f0(1500)_flattef0(1500)_flatte->pip.pim_total_0i -0.5504742101132383
Jpsi->phi.f0(1500)_flatte_g_ls_0r 1.0
Jpsi->phi.f0(1500)_flatte_g_ls_0i 0.0
Jpsi->phi.f0(1500)_flatte_g_ls_1r 0.4780038738467828
Jpsi->phi.f0(1500)_flatte_g_ls_1i -0.627888023597408
f0(1500)_flatte->pip.pim_g_ls_0r 1.0
f0(1500)_flatte->pip.pim_g_ls_0i 0.0
Jpsi->phi.f0(1710)f0(1710)->pip.pim_total_0r 0.5011390256648585
Jpsi->phi.f0(1710)f0(1710)->pip.pim_total_0i 2.6351076603946506
f0(1710)->pip.pim_g_ls_0r 1.0
f0(1710)->pip.pim_g_ls_0i 0.0
Jpsi->phi.f2(1430)f2(1430)->pip.pim_total_0r 0.12258639862228518
Jpsi->phi.f2(1430)f2(1430)->pip.pim_total_0i -2.5481278833308716
Jpsi->phi.f2(1430)_g_ls_0r 1.0
Jpsi->phi.f2(1430)_g_ls_0i 0.0
Jpsi->phi.f2(1430)_g_ls_1r 0.830315600245594
Jpsi->phi.f2(1430)_g_ls_1i 2.878744969947893
Jpsi->phi.f2(1430)_g_ls_2r 0.09040550873348996
Jpsi->phi.f2(1430)_g_ls_2i -2.461148941351783
Jpsi->phi.f2(1430)_g_ls_3r 0.24305140318645785
Jpsi->phi.f2(1430)_g_ls_3i -1.9808248397475001
Jpsi->phi.f2(1430)_g_ls_4r 1.2443604883987602
Jpsi->phi.f2(1430)_g_ls_4i -0.5066526660378945
f2(1430)->pip.pim_g_ls_0r 1.0
f2(1430)->pip.pim_g_ls_0i 0.0
Jpsi->phi.NR_pipi_0.NR_pipi_0.->pip.pim_total_0r 0.3067245257474586
Jpsi->phi.NR_pipi_0.NR_pipi_0.->pip.pim_total_0i -0.34022213877593677
Jpsi->phi.NR_pipi_0._g_ls_0r 1.0
Jpsi->phi.NR_pipi_0._g_ls_0i 0.0
Jpsi->phi.NR_pipi_0._g_ls_1r 2.6279414259879417
Jpsi->phi.NR_pipi_0._g_ls_1i -2.054923232871511
NR_pipi_0.->pip.pim_g_ls_0r 1.0
NR_pipi_0.->pip.pim_g_ls_0i 0.0
K1(1400)p_mass 1.403
K1(1400)p_width 0.174
K2(1820)p_mass 1.819
K2(1820)p_width 0.264
K2(1980)p_mass 1.99
K2(1980)p_width 0.348
K2(2250)p_mass 2.247
K2(2250)p_width 0.18
K3(2320)p_mass 2.324
K3(2320)p_width 0.15
K1(1400)m_mass 1.403
K1(1400)m_width 0.174
K2(1820)m_mass 1.819
K2(1820)m_width 0.264
K2(1980)m_mass 1.99
K2(1980)m_width 0.348
K3(2320)m_mass 2.324
K3(2320)m_width 0.15
f0(980)_flatte_mass 0.965
f0(980)_flatte_g_0 1.0154499166640991
f0(980)_flatte_g_1 0.31827785530789293
f2(1270)_mass 1.2754
f2(1270)_width 0.1858
f0(1500)_mass 1.522
f0(1500)_width 0.108
f2(1525)_mass 1.5173
f2(1525)_width 0.072
f2(1565)_mass 1.571
f2(1565)_width 0.132
f0(1710)_mass 1.733
f0(1710)_width 0.15
f2(1810)_mass 1.815
f2(1810)_width 0.197
Jpsi->K1(1400)p.kmK1(1400)p->phi.kp_total_0r 1.0
Jpsi->K1(1400)p.kmK1(1400)p->phi.kp_total_0i 0.0
Jpsi->K1(1400)p.km_g_ls_0r 1.0
Jpsi->K1(1400)p.km_g_ls_0i 0.0
Jpsi->K1(1400)p.km_g_ls_1r -0.06560257782864151
Jpsi->K1(1400)p.km_g_ls_1i 5.781853219848794
K1(1400)p->phi.kp_g_ls_0r 1.0
K1(1400)p->phi.kp_g_ls_0i 0.0
K1(1400)p->phi.kp_g_ls_1r -0.40000107606718444
K1(1400)p->phi.kp_g_ls_1i -3.519654298473243
Jpsi->K2(1820)p.kmK2(1820)p->phi.kp_total_0r -0.659486862888568
Jpsi->K2(1820)p.kmK2(1820)p->phi.kp_total_0i 8.465318264003391
Jpsi->K2(1820)p.km_g_ls_0r 1.0
Jpsi->K2(1820)p.km_g_ls_0i 0.0
Jpsi->K2(1820)p.km_g_ls_1r -0.6080975353417337
Jpsi->K2(1820)p.km_g_ls_1i -5.504157985686147
K2(1820)p->phi.kp_g_ls_0r 1.0
K2(1820)p->phi.kp_g_ls_0i 0.0
K2(1820)p->phi.kp_g_ls_1r -0.08864577621483405
K2(1820)p->phi.kp_g_ls_1i 1.2031686889552298
Jpsi->K2(1980)p.kmK2(1980)p->phi.kp_total_0r 0.7239607475952261
Jpsi->K2(1980)p.kmK2(1980)p->phi.kp_total_0i 0.6776279715966232
Jpsi->K2(1980)p.km_g_ls_0r 1.0
Jpsi->K2(1980)p.km_g_ls_0i 0.0
K2(1980)p->phi.kp_g_ls_0r 1.0
K2(1980)p->phi.kp_g_ls_0i 0.0
Jpsi->K2(2250)p.kmK2(2250)p->phi.kp_total_0r 0.2539003562031151
Jpsi->K2(2250)p.kmK2(2250)p->phi.kp_total_0i 3.9196617056198333
Jpsi->K2(2250)p.km_g_ls_0r 1.0
Jpsi->K2(2250)p.km_g_ls_0i 0.0
Jpsi->K2(2250)p.km_g_ls_1r 0.7231574687584296
Jpsi->K2(2250)p.km_g_ls_1i -0.35708205689331723
K2(2250)p->phi.kp_g_ls_0r 1.0
K2(2250)p->phi.kp_g_ls_0i 0.0
K2(2250)p->phi.kp_g_ls_1r 0.3006270918697416
K2(2250)p->phi.kp_g_ls_1i 1.7843922165662285
Jpsi->K3(2320)p.kmK3(2320)p->phi.kp_total_0r 0.09835658830554368
Jpsi->K3(2320)p.kmK3(2320)p->phi.kp_total_0i 7.5419227453754365
Jpsi->K3(2320)p.km_g_ls_0r 1.0
Jpsi->K3(2320)p.km_g_ls_0i 0.0
Jpsi->K3(2320)p.km_g_ls_1r -0.15488566500572654
Jpsi->K3(2320)p.km_g_ls_1i 2.5463702195322684
K3(2320)p->phi.kp_g_ls_0r 1.0
K3(2320)p->phi.kp_g_ls_0i 0.0
K3(2320)p->phi.kp_g_ls_1r 6.150877531524399
K3(2320)p->phi.kp_g_ls_1i -1.206669140422845
Jpsi->K1(1400)m.kpK1(1400)m->phi.km_total_0r 1.0
Jpsi->K1(1400)m.kpK1(1400)m->phi.km_total_0i 0.0
Jpsi->K1(1400)m.kp_g_ls_0r 1.0
Jpsi->K1(1400)m.kp_g_ls_0i 0.0
Jpsi->K1(1400)m.kp_g_ls_1r -0.06560257782864151
Jpsi->K1(1400)m.kp_g_ls_1i 5.781853219848794
K1(1400)m->phi.km_g_ls_0r 1.0
K1(1400)m->phi.km_g_ls_0i 0.0
K1(1400)m->phi.km_g_ls_1r -0.40000107606718444
K1(1400)m->phi.km_g_ls_1i -3.519654298473243
Jpsi->K2(1820)m.kpK2(1820)m->phi.km_total_0r -0.659486862888568
Jpsi->K2(1820)m.kpK2(1820)m->phi.km_total_0i 8.465318264003391
Jpsi->K2(1820)m.kp_g_ls_0r 1.0
Jpsi->K2(1820)m.kp_g_ls_0i 0.0
Jpsi->K2(1820)m.kp_g_ls_1r -0.6080975353417337
Jpsi->K2(1820)m.kp_g_ls_1i -5.504157985686147
K2(1820)m->phi.km_g_ls_0r 1.0
K2(1820)m->phi.km_g_ls_0i 0.0
K2(1820)m->phi.km_g_ls_1r -0.08864577621483405
K2(1820)m->phi.km_g_ls_1i 1.2031686889552298
Jpsi->K2(1980)m.kpK2(1980)m->phi.km_total_0r 0.7239607475952261
Jpsi->K2(1980)m.kpK2(1980)m->phi.km_total_0i 0.6776279715966232
Jpsi->K2(1980)m.kp_g_ls_0r 1.0
Jpsi->K2(1980)m.kp_g_ls_0i 0.0
K2(1980)m->phi.km_g_ls_0r 1.0
K2(1980)m->phi.km_g_ls_0i 0.0
Jpsi->K2(2250)p.kpK2(2250)p->phi.km_total_0r 0.24842152378180102
Jpsi->K2(2250)p.kpK2(2250)p->phi.km_total_0i -2.4392409308184266
Jpsi->K2(2250)p.kp_g_ls_0r 1.0
Jpsi->K2(2250)p.kp_g_ls_0i 0.0
Jpsi->K2(2250)p.kp_g_ls_1r 0.8265804182961095
Jpsi->K2(2250)p.kp_g_ls_1i -0.41395898061655867
K2(2250)p->phi.km_g_ls_0r 1.0
K2(2250)p->phi.km_g_ls_0i 0.0
K2(2250)p->phi.km_g_ls_1r 0.25113455897986414
K2(2250)p->phi.km_g_ls_1i 1.0410809263712508
Jpsi->K3(2320)m.kpK3(2320)m->phi.km_total_0r 0.09835658830554368
Jpsi->K3(2320)m.kpK3(2320)m->phi.km_total_0i 7.5419227453754365
Jpsi->K3(2320)m.kp_g_ls_0r 1.0
Jpsi->K3(2320)m.kp_g_ls_0i 0.0
Jpsi->K3(2320)m.kp_g_ls_1r -0.15488566500572654
Jpsi->K3(2320)m.kp_g_ls_1i 2.5463702195322684
K3(2320)m->phi.km_g_ls_0r 1.0
K3(2320)m->phi.km_g_ls_0i 0.0
K3(2320)m->phi.km_g_ls_1r 6.150877531524399
K3(2320)m->phi.km_g_ls_1i -1.206669140422845
Jpsi->phi.f0(980)_flattef0(980)_flatte->kp.km_total_0r 1.2052281326109484
Jpsi->phi.f0(980)_flattef0(980)_flatte->kp.km_total_0i 2.9447558882040497
Jpsi->phi.f0(980)_flatte_g_ls_0r 1.0
Jpsi->phi.f0(980)_flatte_g_ls_0i 0.0
Jpsi->phi.f0(980)_flatte_g_ls_1r 0.5524591409522058
Jpsi->phi.f0(980)_flatte_g_ls_1i -0.6024641197625211
f0(980)_flatte->kp.km_g_ls_0r 1.0
f0(980)_flatte->kp.km_g_ls_0i 0.0
Jpsi->phi.f2(1270)f2(1270)->kp.km_total_0r 0.20131437540669533
Jpsi->phi.f2(1270)f2(1270)->kp.km_total_0i -0.4731683926530863
Jpsi->phi.f2(1270)_g_ls_0r 1.0
Jpsi->phi.f2(1270)_g_ls_0i 0.0
Jpsi->phi.f2(1270)_g_ls_1r 1.2386964637329518
Jpsi->phi.f2(1270)_g_ls_1i 0.015523895274425215
Jpsi->phi.f2(1270)_g_ls_2r 1.4522218240428135
Jpsi->phi.f2(1270)_g_ls_2i 1.716116613979291
Jpsi->phi.f2(1270)_g_ls_3r 1.3329879673701905
Jpsi->phi.f2(1270)_g_ls_3i -1.3249472200613894
Jpsi->phi.f2(1270)_g_ls_4r 1.0601769324679668
Jpsi->phi.f2(1270)_g_ls_4i 2.924118441139721
f2(1270)->kp.km_g_ls_0r 1.0
f2(1270)->kp.km_g_ls_0i 0.0
Jpsi->phi.f0(1500)f0(1500)->kp.km_total_0r 0.15354810429687868
Jpsi->phi.f0(1500)f0(1500)->kp.km_total_0i -0.25536263164563433
Jpsi->phi.f0(1500)_g_ls_0r 1.0
Jpsi->phi.f0(1500)_g_ls_0i 0.0
Jpsi->phi.f0(1500)_g_ls_1r 1.446933426889149
Jpsi->phi.f0(1500)_g_ls_1i 0.28484277310027295
f0(1500)->kp.km_g_ls_0r 1.0
f0(1500)->kp.km_g_ls_0i 0.0
Jpsi->phi.f2(1525)f2(1525)->kp.km_total_0r 0.4037483364094511
Jpsi->phi.f2(1525)f2(1525)->kp.km_total_0i 0.766204531940164
Jpsi->phi.f2(1525)_g_ls_0r 1.0
Jpsi->phi.f2(1525)_g_ls_0i 0.0
Jpsi->phi.f2(1525)_g_ls_1r 1.315510337347098
Jpsi->phi.f2(1525)_g_ls_1i 0.8690777282238553
Jpsi->phi.f2(1525)_g_ls_2r 1.1164878831411964
Jpsi->phi.f2(1525)_g_ls_2i -2.9548171227489206
Jpsi->phi.f2(1525)_g_ls_3r 0.30433425637023825
Jpsi->phi.f2(1525)_g_ls_3i 1.718444620860259
Jpsi->phi.f2(1525)_g_ls_4r 0.655293681679795
Jpsi->phi.f2(1525)_g_ls_4i -0.16071948390614565
f2(1525)->kp.km_g_ls_0r 1.0
f2(1525)->kp.km_g_ls_0i 0.0
Jpsi->phi.f2(1565)f2(1565)->kp.km_total_0r 0.6902157688732725
Jpsi->phi.f2(1565)f2(1565)->kp.km_total_0i -1.703948356134653
Jpsi->phi.f2(1565)_g_ls_0r 1.0
Jpsi->phi.f2(1565)_g_ls_0i 0.0
Jpsi->phi.f2(1565)_g_ls_1r 1.0491420340322228
Jpsi->phi.f2(1565)_g_ls_1i 0.4465911518819574
Jpsi->phi.f2(1565)_g_ls_2r 0.4665760103525107
Jpsi->phi.f2(1565)_g_ls_2i 2.207202622653109
Jpsi->phi.f2(1565)_g_ls_3r 0.19848800841262274
Jpsi->phi.f2(1565)_g_ls_3i -0.6395391861534208
Jpsi->phi.f2(1565)_g_ls_4r 0.2017493655732956
Jpsi->phi.f2(1565)_g_ls_4i -1.552903822827716
f2(1565)->kp.km_g_ls_0r 1.0
f2(1565)->kp.km_g_ls_0i 0.0
Jpsi->phi.f0(1710)f0(1710)->kp.km_total_0r 0.227679876739294
Jpsi->phi.f0(1710)f0(1710)->kp.km_total_0i 2.7401556117450347
Jpsi->phi.f0(1710)_g_ls_0r 1.0
Jpsi->phi.f0(1710)_g_ls_0i 0.0
Jpsi->phi.f0(1710)_g_ls_1r 1.6042873616393996
Jpsi->phi.f0(1710)_g_ls_1i 0.10069095710113762
f0(1710)->kp.km_g_ls_0r 1.0
f0(1710)->kp.km_g_ls_0i 0.0
Jpsi->phi.f2(1810)f2(1810)->kp.km_total_0r 0.36193359587030305
Jpsi->phi.f2(1810)f2(1810)->kp.km_total_0i -2.753771670357418
Jpsi->phi.f2(1810)_g_ls_0r 1.0
Jpsi->phi.f2(1810)_g_ls_0i 0.0
Jpsi->phi.f2(1810)_g_ls_1r 1.5190936713962915
Jpsi->phi.f2(1810)_g_ls_1i 1.3818073764237235
Jpsi->phi.f2(1810)_g_ls_2r 1.2358582313462871
Jpsi->phi.f2(1810)_g_ls_2i 2.532468423257926
Jpsi->phi.f2(1810)_g_ls_3r 1.1902874485079706
Jpsi->phi.f2(1810)_g_ls_3i -1.8961899436178253
Jpsi->phi.f2(1810)_g_ls_4r 0.18169322864354237
Jpsi->phi.f2(1810)_g_ls_4i -2.113258161531604
f2(1810)->kp.km_g_ls_0r 1.0
f2(1810)->kp.km_g_ls_0i 0.0
Finish plotting figure/s0_m_bp
Finish plotting figure/s0_m_bm
Finish plotting figure/s0_m_pipi
Finish plotting figure/s0_Jpsi_bp_pip_alpha
Finish plotting figure/s0_Jpsi_bp_pip_cos(beta)
Finish plotting figure/s0_Jpsi_pipi_pip_cos(beta)
Finish plotting 2D data_hist figure/s0_dalitz_phiPip_phiPim
Finish plotting 2D fitted figure/s0_dalitz_phiPip_phiPim
Finish plotting 2D pull figure/s0_dalitz_phiPip_phiPim
Finish plotting 2D data_hist figure/s0_dalitz_phiPip_PipPim
Finish plotting 2D fitted figure/s0_dalitz_phiPip_PipPim
Finish plotting 2D pull figure/s0_dalitz_phiPip_PipPim
Finish plotting 2D data_hist figure/s0_dalitz_phiPim_PipPim
Finish plotting 2D fitted figure/s0_dalitz_phiPim_PipPim
Finish plotting 2D pull figure/s0_dalitz_phiPim_PipPim
Finish plotting figure/s1_m_kstp
Finish plotting figure/s1_m_kstm
Finish plotting figure/s1_m_kk
Finish plotting figure/s1_Jpsi_kstp_kp_alpha
Finish plotting figure/s1_Jpsi_kstp_kp_cos(beta)
Finish plotting figure/s1_Jpsi_kk_kp_cos(beta)
Finish plotting 2D data_hist figure/s1_dalitz_phiKp_KpKm
Finish plotting 2D fitted figure/s1_dalitz_phiKp_KpKm
Finish plotting 2D pull figure/s1_dalitz_phiKp_KpKm
Finish plotting 2D data_hist figure/s1_dalitz_phiKm_KpKm
Finish plotting 2D fitted figure/s1_dalitz_phiKm_KpKm
Finish plotting 2D pull figure/s1_dalitz_phiKm_KpKm
Finish plotting 2D data_hist figure/s1_dalitz_phiKp_phiKm
Finish plotting 2D fitted figure/s1_dalitz_phiKp_phiKm
Finish plotting 2D pull figure/s1_dalitz_phiKp_phiKm
########## fit fractions channel 0:
rho(1450)p 0.018 +/- 0.011
rho(1570)p 0.002 +/- 0.005
rho(1570)pxrho(1450)p 0.010 +/- 0.015
rho(1690)p 0.0010 +/- 0.0008
rho(1690)pxrho(1570)p 0.000015 +/- 0.000017
rho(1690)pxrho(1450)p 0.000063 +/- 0.000028
rho(1450)m 0.018 +/- 0.011
rho(1450)mxrho(1690)p -0.000035 +/- 0.000035
rho(1450)mxrho(1570)p 0.0006 +/- 0.0009
rho(1450)mxrho(1450)p 0.0023 +/- 0.0014
rho(1570)m 0.002 +/- 0.005
rho(1570)mxrho(1450)m 0.010 +/- 0.015
rho(1570)mxrho(1690)p -0.000006 +/- 0.000010
rho(1570)mxrho(1570)p 0.0002 +/- 0.0004
rho(1570)mxrho(1450)p 0.0006 +/- 0.0009
rho(1690)m 0.0010 +/- 0.0008
rho(1690)mxrho(1570)m 0.000015 +/- 0.000017
rho(1690)mxrho(1450)m 0.000064 +/- 0.000031
rho(1690)mxrho(1690)p 0.00027 +/- 0.00021
rho(1690)mxrho(1570)p -0.000006 +/- 0.000010
rho(1690)mxrho(1450)p -0.000034 +/- 0.000035
f0(500)_E791 3.0 +/- 3.1
f0(500)_E791xrho(1690)m -0.00061 +/- 0.00035
f0(500)_E791xrho(1570)m -0.001 +/- 0.011
f0(500)_E791xrho(1450)m -0.02 +/- 0.04
f0(500)_E791xrho(1690)p -0.0008 +/- 0.0004
f0(500)_E791xrho(1570)p -0.001 +/- 0.011
f0(500)_E791xrho(1450)p -0.02 +/- 0.04
f0(980)_flatte 2.2 +/- 2.9
f0(980)_flattexf0(500)_E791 -4 +/- 5
f0(980)_flattexrho(1690)m -0.0002 +/- 0.0004
f0(980)_flattexrho(1570)m -0.009 +/- 0.018
f0(980)_flattexrho(1450)m -0.02 +/- 0.04
f0(980)_flattexrho(1690)p -0.0000 +/- 0.0004
f0(980)_flattexrho(1570)p -0.009 +/- 0.018
f0(980)_flattexrho(1450)p -0.02 +/- 0.04
f2(1270)_flatte 0.08 +/- 0.13
f2(1270)_flattexf0(980)_flatte -0.010 +/- 0.014
f2(1270)_flattexf0(500)_E791 0.025 +/- 0.032
f2(1270)_flattexrho(1690)m -0.0001 +/- 0.0005
f2(1270)_flattexrho(1570)m -0.0014 +/- 0.0026
f2(1270)_flattexrho(1450)m -0.005 +/- 0.005
f2(1270)_flattexrho(1690)p -0.0001 +/- 0.0005
f2(1270)_flattexrho(1570)p -0.0014 +/- 0.0026
f2(1270)_flattexrho(1450)p -0.005 +/- 0.005
f0(1370) 0.43 +/- 0.20
f0(1370)xf2(1270)_flatte -0.0054 +/- 0.0032
f0(1370)xf0(980)_flatte 0.9 +/- 0.4
f0(1370)xf0(500)_E791 -1.4 +/- 0.5
f0(1370)xrho(1690)m 0.0055 +/- 0.0028
f0(1370)xrho(1570)m 0.0003 +/- 0.0026
f0(1370)xrho(1450)m 0.006 +/- 0.010
f0(1370)xrho(1690)p 0.0055 +/- 0.0028
f0(1370)xrho(1570)p 0.0003 +/- 0.0026
f0(1370)xrho(1450)p 0.006 +/- 0.010
f0(1500)_flatte 0.47 +/- 0.11
f0(1500)_flattexf0(1370) 0.26 +/- 0.07
f0(1500)_flattexf2(1270)_flatte -0.015 +/- 0.012
f0(1500)_flattexf0(980)_flatte 0.7 +/- 0.4
f0(1500)_flattexf0(500)_E791 -1.3 +/- 0.7
f0(1500)_flattexrho(1690)m 0.0003 +/- 0.0009
f0(1500)_flattexrho(1570)m -0.012 +/- 0.015
f0(1500)_flattexrho(1450)m -0.038 +/- 0.016
f0(1500)_flattexrho(1690)p 0.0003 +/- 0.0009
f0(1500)_flattexrho(1570)p -0.012 +/- 0.015
f0(1500)_flattexrho(1450)p -0.038 +/- 0.016
f0(1710) 0.2 +/- 0.4
f0(1710)xf0(1500)_flatte 0.06 +/- 0.07
f0(1710)xf0(1370) 0.06 +/- 0.06
f0(1710)xf2(1270)_flatte -0.0001 +/- 0.0008
f0(1710)xf0(980)_flatte 0.3 +/- 0.5
f0(1710)xf0(500)_E791 -0.7 +/- 1.0
f0(1710)xrho(1690)m -0.0012 +/- 0.0014
f0(1710)xrho(1570)m 0.005 +/- 0.010
f0(1710)xrho(1450)m 0.019 +/- 0.025
f0(1710)xrho(1690)p -0.0012 +/- 0.0013
f0(1710)xrho(1570)p 0.005 +/- 0.010
f0(1710)xrho(1450)p 0.019 +/- 0.025
f2(1430) 0.02 +/- 0.04
f2(1430)xf0(1710) 0.0004 +/- 0.0007
f2(1430)xf0(1500)_flatte -0.0006 +/- 0.0008
f2(1430)xf0(1370) -0.0018 +/- 0.0014
f2(1430)xf2(1270)_flatte -0.007 +/- 0.011
f2(1430)xf0(980)_flatte -0.0010 +/- 0.0016
f2(1430)xf0(500)_E791 0.0016 +/- 0.0023
f2(1430)xrho(1690)m 0.00010 +/- 0.00012
f2(1430)xrho(1570)m -0.00002 +/- 0.00012
f2(1430)xrho(1450)m -0.0002 +/- 0.0005
f2(1430)xrho(1690)p 0.00010 +/- 0.00012
f2(1430)xrho(1570)p -0.00002 +/- 0.00013
f2(1430)xrho(1450)p -0.0002 +/- 0.0005
NR_pipi_0+ 0.12 +/- 0.35
NR_pipi_0+xf2(1430) -0.00017 +/- 0.00029
NR_pipi_0+xf0(1710) 0.09 +/- 0.07
NR_pipi_0+xf0(1500)_flatte 0.18 +/- 0.26
NR_pipi_0+xf0(1370) 0.14 +/- 0.24
NR_pipi_0+xf2(1270)_flatte -0.004 +/- 0.004
NR_pipi_0+xf0(980)_flatte 0.26 +/- 0.25
NR_pipi_0+xf0(500)_E791 -0.6 +/- 0.7
NR_pipi_0+xrho(1690)m 0.00006 +/- 0.00010
NR_pipi_0+xrho(1570)m -0.0025 +/- 0.0023
NR_pipi_0+xrho(1450)m -0.007 +/- 0.007
NR_pipi_0+xrho(1690)p 0.00007 +/- 0.00012
NR_pipi_0+xrho(1570)p -0.0026 +/- 0.0023
NR_pipi_0+xrho(1450)p -0.007 +/- 0.007

########## fit fractions channel 1:
K1(1400)p 0.07 +/- 0.05
K2(1820)p 0.04 +/- 0.04
K2(1820)pxK1(1400)p 0.006 +/- 0.005
K2(1980)p 0.022 +/- 0.012
K2(1980)pxK2(1820)p -0.00041 +/- 0.00031
K2(1980)pxK1(1400)p -0.0003 +/- 0.0005
K2(2250)p 0.024 +/- 0.018
K2(2250)pxK2(1980)p -0.0027 +/- 0.0015
K2(2250)pxK2(1820)p -0.011 +/- 0.008
K2(2250)pxK1(1400)p -0.008 +/- 0.008
K3(2320)p 0.03 +/- 0.04
K3(2320)pxK2(2250)p 0.005 +/- 0.005
K3(2320)pxK2(1980)p -0.0003 +/- 0.0005
K3(2320)pxK2(1820)p -0.0012 +/- 0.0009
K3(2320)pxK1(1400)p 0.0007 +/- 0.0006
K1(1400)m 0.07 +/- 0.05
K1(1400)mxK3(2320)p 0.0009 +/- 0.0012
K1(1400)mxK2(2250)p -0.008 +/- 0.006
K1(1400)mxK2(1980)p 0.0009 +/- 0.0011
K1(1400)mxK2(1820)p 0.0023 +/- 0.0026
K1(1400)mxK1(1400)p 0.036 +/- 0.020
K2(1820)m 0.04 +/- 0.04
K2(1820)mxK1(1400)m 0.006 +/- 0.005
K2(1820)mxK3(2320)p -0.000 +/- 0.004
K2(1820)mxK2(2250)p -0.01 +/- 0.01
K2(1820)mxK2(1980)p 0.0051 +/- 0.0033
K2(1820)mxK2(1820)p -0.0014 +/- 0.0016
K2(1820)mxK1(1400)p 0.0022 +/- 0.0026
K2(1980)m 0.022 +/- 0.012
K2(1980)mxK2(1820)m -0.00043 +/- 0.00030
K2(1980)mxK1(1400)m -0.0003 +/- 0.0006
K2(1980)mxK3(2320)p 0.0001 +/- 0.0006
K2(1980)mxK2(2250)p -0.0017 +/- 0.0015
K2(1980)mxK2(1980)p 0.012 +/- 0.006
K2(1980)mxK2(1820)p 0.0051 +/- 0.0033
K2(1980)mxK1(1400)p 0.0008 +/- 0.0011
K3(2320)m 0.03 +/- 0.04
K3(2320)mxK2(1980)m -0.0003 +/- 0.0005
K3(2320)mxK2(1820)m -0.001 +/- 0.001
K3(2320)mxK1(1400)m 0.0007 +/- 0.0006
K3(2320)mxK3(2320)p 0.0013 +/- 0.0031
K3(2320)mxK2(2250)p 0.005 +/- 0.005
K3(2320)mxK2(1980)p 0.0001 +/- 0.0006
K3(2320)mxK2(1820)p -0.000 +/- 0.004
K3(2320)mxK1(1400)p 0.0009 +/- 0.0012
f0(980)_flatte 0.34 +/- 0.19
f0(980)_flattexK3(2320)m 0.008 +/- 0.006
f0(980)_flattexK2(1980)m -0.009 +/- 0.007
f0(980)_flattexK2(1820)m -0.045 +/- 0.029
f0(980)_flattexK1(1400)m -0.15 +/- 0.09
f0(980)_flattexK3(2320)p 0.008 +/- 0.006
f0(980)_flattexK2(2250)p 0.035 +/- 0.018
f0(980)_flattexK2(1980)p -0.009 +/- 0.007
f0(980)_flattexK2(1820)p -0.045 +/- 0.029
f0(980)_flattexK1(1400)p -0.15 +/- 0.09
f2(1270) 0.07 +/- 0.08
f2(1270)xf0(980)_flatte -0.007 +/- 0.006
f2(1270)xK3(2320)m -0.002 +/- 0.005
f2(1270)xK2(1980)m 0.002 +/- 0.004
f2(1270)xK2(1820)m 0.009 +/- 0.009
f2(1270)xK1(1400)m -0.0010 +/- 0.0025
f2(1270)xK3(2320)p -0.002 +/- 0.005
f2(1270)xK2(2250)p -0.006 +/- 0.007
f2(1270)xK2(1980)p 0.002 +/- 0.004
f2(1270)xK2(1820)p 0.009 +/- 0.009
f2(1270)xK1(1400)p -0.0010 +/- 0.0026
f0(1500) 0.15 +/- 0.11
f0(1500)xf2(1270) -0.0003 +/- 0.0014
f0(1500)xf0(980)_flatte 0.09 +/- 0.06
f0(1500)xK3(2320)m -0.009 +/- 0.007
f0(1500)xK2(1980)m 0.011 +/- 0.007
f0(1500)xK2(1820)m -0.007 +/- 0.006
f0(1500)xK1(1400)m -0.004 +/- 0.016
f0(1500)xK3(2320)p -0.010 +/- 0.007
f0(1500)xK2(2250)p -0.009 +/- 0.009
f0(1500)xK2(1980)p 0.011 +/- 0.007
f0(1500)xK2(1820)p -0.006 +/- 0.006
f0(1500)xK1(1400)p -0.004 +/- 0.016
f2(1525) 0.5 +/- 0.4
f2(1525)xf0(1500) -0.018 +/- 0.016
f2(1525)xf2(1270) 0.01 +/- 0.04
f2(1525)xf0(980)_flatte 0.013 +/- 0.005
f2(1525)xK3(2320)m 0.017 +/- 0.014
f2(1525)xK2(1980)m 0.028 +/- 0.010
f2(1525)xK2(1820)m 0.020 +/- 0.014
f2(1525)xK1(1400)m 0.000 +/- 0.012
f2(1525)xK3(2320)p 0.017 +/- 0.014
f2(1525)xK2(2250)p 0.012 +/- 0.018
f2(1525)xK2(1980)p 0.028 +/- 0.010
f2(1525)xK2(1820)p 0.020 +/- 0.014
f2(1525)xK1(1400)p 0.000 +/- 0.012
f2(1565) 0.34 +/- 0.18
f2(1565)xf2(1525) -0.54 +/- 0.13
f2(1565)xf0(1500) 0.018 +/- 0.013
f2(1565)xf2(1270) -0.045 +/- 0.031
f2(1565)xf0(980)_flatte -0.016 +/- 0.011
f2(1565)xK3(2320)m -0.015 +/- 0.018
f2(1565)xK2(1980)m -0.023 +/- 0.010
f2(1565)xK2(1820)m -0.030 +/- 0.022
f2(1565)xK1(1400)m 0.002 +/- 0.013
f2(1565)xK3(2320)p -0.015 +/- 0.018
f2(1565)xK2(2250)p 0.005 +/- 0.008
f2(1565)xK2(1980)p -0.022 +/- 0.010
f2(1565)xK2(1820)p -0.030 +/- 0.022
f2(1565)xK1(1400)p 0.002 +/- 0.013
f0(1710) 0.19 +/- 0.13
f0(1710)xf2(1565) 0.023 +/- 0.014
f0(1710)xf2(1525) -0.018 +/- 0.005
f0(1710)xf0(1500) -0.02 +/- 0.05
f0(1710)xf2(1270) 0.0007 +/- 0.0015
f0(1710)xf0(980)_flatte -0.15 +/- 0.09
f0(1710)xK3(2320)m -0.004 +/- 0.004
f0(1710)xK2(1980)m -0.010 +/- 0.006
f0(1710)xK2(1820)m 0.0003 +/- 0.0016
f0(1710)xK1(1400)m 0.05 +/- 0.04
f0(1710)xK3(2320)p -0.004 +/- 0.004
f0(1710)xK2(2250)p 0.010 +/- 0.006
f0(1710)xK2(1980)p -0.010 +/- 0.006
f0(1710)xK2(1820)p 0.0002 +/- 0.0016
f0(1710)xK1(1400)p 0.05 +/- 0.04
f2(1810) 0.10 +/- 0.13
f2(1810)xf0(1710) -0.011 +/- 0.008
f2(1810)xf2(1565) -0.05 +/- 0.05
f2(1810)xf2(1525) 0.037 +/- 0.029
f2(1810)xf0(1500) -0.0014 +/- 0.0017
f2(1810)xf2(1270) -0.05 +/- 0.04
f2(1810)xf0(980)_flatte 0.0021 +/- 0.0022
f2(1810)xK3(2320)m 0.0012 +/- 0.0026
f2(1810)xK2(1980)m -0.011 +/- 0.011
f2(1810)xK2(1820)m -0.020 +/- 0.016
f2(1810)xK1(1400)m -0.008 +/- 0.008
f2(1810)xK3(2320)p 0.0013 +/- 0.0026
f2(1810)xK2(2250)p 0.011 +/- 0.011
f2(1810)xK2(1980)p -0.011 +/- 0.011
f2(1810)xK2(1820)p -0.020 +/- 0.016
f2(1810)xK1(1400)p -0.008 +/- 0.008


========== JOINT FIT FINISHED ==========
END TIME   : Wed Jul  8 12:22:24 AM CEST 2026
ELAPSED    : 13388 s
========================================
