========== NODE / ENVIRONMENT INFO ==========
DATE          : Tue Jul  7 07:20:41 AM CEST 2026
HOSTNAME      : b9g57n6574.cern.ch
PWD           : /afs/cern.ch/work/h/hwen/public/pwa/auto-init/Jobs/scan_phipipi_20260707_063738/014_add_f2_1910
FIT SCRIPT    : fit_witherr_fs.py
INIT PARAMS   : init_params.json
INIT STATUS   : not found, will use random initial parameters
PYTHON BIN    : /afs/cern.ch/work/h/hwen/public/conda/envs/tfpwa/bin/python3.12
YAML 1        : config_phipipi.yaml
YAML 2        : config_phikk.yaml
CONFIG ARG    : config_phipipi.yaml,config_phikk.yaml
TOTAL_SAME    : false
LOOP          : 5
MAXITER       : 50000

---------- CPU INFO ----------
CPU(s):                                  16
On-line CPU(s) list:                     0-15
Model name:                              AMD EPYC 7313 16-Core Processor
Thread(s) per core:                      1
Core(s) per socket:                      1
Socket(s):                               16
NUMA node0 CPU(s):                       0-15

---------- MEMORY INFO ----------
               total        used        free      shared  buff/cache   available
Mem:           114Gi       7.2Gi        65Gi       4.0Mi        43Gi       107Gi
Swap:          117Gi       5.0Mi       117Gi

---------- GPU / CUDA INFO ----------
CUDA_VISIBLE_DEVICES: GPU-02931ae6
CONDOR GPUs        : GPU-02931ae6
[nvidia-smi -L]
GPU 0: NVIDIA A100-PCIE-40GB (UUID: GPU-02931ae6-34d8-3ada-595e-af9723b392cc)

[nvidia-smi summary]
Tue Jul  7 07:20:41 2026       
+-----------------------------------------------------------------------------------------+
| NVIDIA-SMI 580.105.08             Driver Version: 580.105.08     CUDA Version: 13.0     |
+-----------------------------------------+------------------------+----------------------+
| GPU  Name                 Persistence-M | Bus-Id          Disp.A | Volatile Uncorr. ECC |
| Fan  Temp   Perf          Pwr:Usage/Cap |           Memory-Usage | GPU-Util  Compute M. |
|                                         |                        |               MIG M. |
|=========================================+========================+======================|
|   0  NVIDIA A100-PCIE-40GB          Off |   00000000:06:00.0 Off |                    0 |
| N/A   30C    P0             35W /  250W |       4MiB /  40960MiB |      0%      Default |
|                                         |                        |             Disabled |
+-----------------------------------------+------------------------+----------------------+

+-----------------------------------------------------------------------------------------+
| Processes:                                                                              |
|  GPU   GI   CI              PID   Type   Process name                        GPU Memory |
|        ID   ID                                                               Usage      |
|=========================================================================================|
|  No running processes found                                                             |
+-----------------------------------------------------------------------------------------+

---------- PYTHON / TF INFO ----------
PYTHON_BIN  : /afs/cern.ch/work/h/hwen/public/conda/envs/tfpwa/bin/python3.12
Python 3.12.13
Python exec: /afs/cern.ch/work/h/hwen/public/conda/envs/tfpwa/bin/python3.12
TensorFlow version: 2.21.0
TF visible GPUs: []
==============================================

========== START JOINT FIT (φhh) ==========
[INFO] load config: config_phipipi.yaml
variable range:  f0(980)_flatte_g_0  in  [0.0, None]
variable range:  f0(980)_flatte_g_1  in  [0.0, None]
variable range:  f2(1270)_flatte_g_0  in  [0.0, None]
variable range:  f2(1270)_flatte_g_1  in  [0.0, None]
variable range:  f0(1370)_flatte_g_0  in  [0.0, None]
variable range:  f0(1370)_flatte_g_1  in  [0.0, None]
variable range:  f2(1430)_flatte_g_0  in  [0.0, None]
variable range:  f2(1430)_flatte_g_1  in  [0.0, None]
variable range:  f0(1500)_flatte_g_0  in  [0.0, None]
variable range:  f0(1500)_flatte_g_1  in  [0.0, None]
variable range:  f0(1525)_flatte_g_0  in  [0.0, None]
variable range:  f0(1525)_flatte_g_1  in  [0.0, None]
variable range:  f0(1565)_flatte_g_0  in  [0.0, None]
variable range:  f0(1565)_flatte_g_1  in  [0.0, None]
variable range:  f0(1710)_flatte_g_0  in  [0.0, None]
variable range:  f0(1710)_flatte_g_1  in  [0.0, None]
same value: ['Jpsi->b1(1235)p.pimb1(1235)p->phi.pip_total_0i', 'Jpsi->b1(1235)m.pipb1(1235)m->phi.pim_total_0i']
same value: ['Jpsi->b1(1235)p.pim_g_ls_0i', 'Jpsi->b1(1235)m.pip_g_ls_0i']
same value: ['Jpsi->b1(1235)p.pim_g_ls_1i', 'Jpsi->b1(1235)m.pip_g_ls_1i']
same value: ['Jpsi->NR_0-_bp.pimNR_0-_bp->phi.pip_total_0i', 'Jpsi->NR_0-_bm.pipNR_0-_bm->phi.pim_total_0i']
same value: ['Jpsi->NR_0-_bp.pim_g_ls_0i', 'Jpsi->NR_0-_bm.pip_g_ls_0i']
same value: ['Jpsi->NR_0-_bp.pim_g_ls_1i', 'Jpsi->NR_0-_bm.pip_g_ls_1i']
same value: ['Jpsi->rho(1450)p.pimrho(1450)p->phi.pip_total_0i', 'Jpsi->rho(1450)m.piprho(1450)m->phi.pim_total_0i']
same value: ['Jpsi->rho(1450)p.pim_g_ls_0i', 'Jpsi->rho(1450)m.pip_g_ls_0i']
same value: ['Jpsi->rho(1450)p.pim_g_ls_1i', 'Jpsi->rho(1450)m.pip_g_ls_1i']
same value: ['Jpsi->rho(1570)p.pimrho(1570)p->phi.pip_total_0i', 'Jpsi->rho(1570)m.piprho(1570)m->phi.pim_total_0i']
same value: ['Jpsi->rho(1570)p.pim_g_ls_0i', 'Jpsi->rho(1570)m.pip_g_ls_0i']
same value: ['Jpsi->rho(1570)p.pim_g_ls_1i', 'Jpsi->rho(1570)m.pip_g_ls_1i']
same value: ['Jpsi->rho(1690)p.pimrho(1690)p->phi.pip_total_0i', 'Jpsi->rho(1690)m.piprho(1690)m->phi.pim_total_0i']
same value: ['Jpsi->rho(1690)p.pim_g_ls_0i', 'Jpsi->rho(1690)m.pip_g_ls_0i']
same value: ['Jpsi->rho(1690)p.pim_g_ls_1i', 'Jpsi->rho(1690)m.pip_g_ls_1i']
[INFO] load config: config_phikk.yaml
variable range:  f0(980)_flatte_g_0  in  [0.0, None]
variable range:  f0(980)_flatte_g_1  in  [0.0, None]
variable range:  f2(1270)_flatte_g_0  in  [0.0, None]
variable range:  f2(1270)_flatte_g_1  in  [0.0, None]
variable range:  f2(1430)_flatte_g_0  in  [0.0, None]
variable range:  f2(1430)_flatte_g_1  in  [0.0, None]
variable range:  f0(1370)_flatte_g_0  in  [0.0, None]
variable range:  f0(1370)_flatte_g_1  in  [0.0, None]
variable range:  f0(1500)_flatte_g_0  in  [0.0, None]
variable range:  f0(1500)_flatte_g_1  in  [0.0, None]
variable range:  f0(1525)_flatte_g_0  in  [0.0, None]
variable range:  f0(1525)_flatte_g_1  in  [0.0, None]
variable range:  f0(1565)_flatte_g_0  in  [0.0, None]
variable range:  f0(1565)_flatte_g_1  in  [0.0, None]
variable range:  f0(1710)_flatte_g_0  in  [0.0, None]
variable range:  f0(1710)_flatte_g_1  in  [0.0, None]
same value: ['Jpsi->K1(1400)p.kmK1(1400)p->phi.kp_total_0i', 'Jpsi->K1(1400)m.kpK1(1400)m->phi.km_total_0i']
same value: ['Jpsi->K1(1400)p.km_g_ls_0i', 'Jpsi->K1(1400)m.kp_g_ls_0i']
same value: ['Jpsi->K1(1400)p.km_g_ls_1i', 'Jpsi->K1(1400)m.kp_g_ls_1i']
same value: ['Jpsi->K1(1650)p.kmK1(1650)p->phi.kp_total_0i', 'Jpsi->K1(1650)m.kpK1(1650)m->phi.km_total_0i']
same value: ['Jpsi->K1(1650)p.km_g_ls_0i', 'Jpsi->K1(1650)m.kp_g_ls_0i']
same value: ['Jpsi->K1(1650)p.km_g_ls_1i', 'Jpsi->K1(1650)m.kp_g_ls_1i']
same value: ['Jpsi->K1(1680)p.kmK1(1680)p->phi.kp_total_0i', 'Jpsi->K1(1680)m.kpK1(1680)m->phi.km_total_0i']
same value: ['Jpsi->K1(1680)p.km_g_ls_0i', 'Jpsi->K1(1680)m.kp_g_ls_0i']
same value: ['Jpsi->K1(1680)p.km_g_ls_1i', 'Jpsi->K1(1680)m.kp_g_ls_1i']
same value: ['Jpsi->K0(1830)p.kmK0(1830)p->phi.kp_total_0i', 'Jpsi->K0(1830)m.kpK0(1830)m->phi.km_total_0i']
same value: ['Jpsi->K0(1950)p.kmK0(1950)p->phi.kp_total_0i', 'Jpsi->K0(1950)m.kpK0(1950)m->phi.km_total_0i']
same value: ['Jpsi->K2(1430)p.kmK2(1430)p->phi.kp_total_0i', 'Jpsi->K2(1430)m.kpK2(1430)m->phi.km_total_0i']
same value: ['Jpsi->K2(1430)p.km_g_ls_0i', 'Jpsi->K2(1430)m.kp_g_ls_0i']
same value: ['Jpsi->K2(1430)p.km_g_ls_1i', 'Jpsi->K2(1430)m.kp_g_ls_1i']
same value: ['Jpsi->K2(1580)p.kmK2(1580)p->phi.kp_total_0i', 'Jpsi->K2(1580)m.kpK2(1580)m->phi.km_total_0i']
same value: ['Jpsi->K2(1580)p.km_g_ls_0i', 'Jpsi->K2(1580)m.kp_g_ls_0i']
same value: ['Jpsi->K2(1580)p.km_g_ls_1i', 'Jpsi->K2(1580)m.kp_g_ls_1i']
same value: ['Jpsi->K2(1770)p.kmK2(1770)p->phi.kp_total_0i', 'Jpsi->K2(1770)m.kpK2(1770)m->phi.km_total_0i']
same value: ['Jpsi->K2(1770)p.km_g_ls_0i', 'Jpsi->K2(1770)m.kp_g_ls_0i']
same value: ['Jpsi->K2(1770)p.km_g_ls_1i', 'Jpsi->K2(1770)m.kp_g_ls_1i']
same value: ['Jpsi->K2(1820)p.kmK2(1820)p->phi.kp_total_0i', 'Jpsi->K2(1820)m.kpK2(1820)m->phi.km_total_0i']
same value: ['Jpsi->K2(1820)p.km_g_ls_0i', 'Jpsi->K2(1820)m.kp_g_ls_0i']
same value: ['Jpsi->K2(1820)p.km_g_ls_1i', 'Jpsi->K2(1820)m.kp_g_ls_1i']
same value: ['Jpsi->K2(1980)p.kmK2(1980)p->phi.kp_total_0i', 'Jpsi->K2(1980)m.kpK2(1980)m->phi.km_total_0i']
same value: ['Jpsi->K2(1980)p.km_g_ls_0i', 'Jpsi->K2(1980)m.kp_g_ls_0i']
same value: ['Jpsi->K2(1980)p.km_g_ls_1i', 'Jpsi->K2(1980)m.kp_g_ls_1i']
same value: ['Jpsi->K2(2250)p.kmK2(2250)p->phi.kp_total_0i', 'Jpsi->K2(2250)m.kpK2(2250)m->phi.km_total_0i']
same value: ['Jpsi->K2(2250)p.km_g_ls_0i', 'Jpsi->K2(2250)m.kp_g_ls_0i']
same value: ['Jpsi->K2(2250)p.km_g_ls_1i', 'Jpsi->K2(2250)m.kp_g_ls_1i']
same value: ['Jpsi->K3(1780)p.kmK3(1780)p->phi.kp_total_0i', 'Jpsi->K3(1780)m.kpK3(1780)m->phi.km_total_0i']
same value: ['Jpsi->K3(1780)p.km_g_ls_0i', 'Jpsi->K3(1780)m.kp_g_ls_0i']
same value: ['Jpsi->K3(1780)p.km_g_ls_1i', 'Jpsi->K3(1780)m.kp_g_ls_1i']
same value: ['Jpsi->K3(2320)p.kmK3(2320)p->phi.kp_total_0i', 'Jpsi->K3(2320)m.kpK3(2320)m->phi.km_total_0i']
same value: ['Jpsi->K3(2320)p.km_g_ls_0i', 'Jpsi->K3(2320)m.kp_g_ls_0i']
same value: ['Jpsi->K3(2320)p.km_g_ls_1i', 'Jpsi->K3(2320)m.kp_g_ls_1i']
[INFO] channel 0 number of params: 148
[INFO] channel 1 number of params: 205
[INFO] shared params: total=13 prod=8 flatte=7 other=2
[INFO] Flatte-coupling shared (real coupled-channel point):
    [flatte] Jpsi->phi.f0(980)_flatte_g_ls_0i
    [flatte] Jpsi->phi.f0(980)_flatte_g_ls_0r
    [flatte] Jpsi->phi.f0(980)_flatte_g_ls_1i
    [flatte] Jpsi->phi.f0(980)_flatte_g_ls_1r
    [flatte] f0(980)_flatte_g_0
    [flatte] f0(980)_flatte_g_1
    [flatte] f0(980)_flatte_mass
[INFO] build MultiConfig with total_same=False
variable range:  f0(980)_flatte_g_0  in  [0.0, None]
variable range:  f0(980)_flatte_g_1  in  [0.0, None]
variable range:  f2(1270)_flatte_g_0  in  [0.0, None]
variable range:  f2(1270)_flatte_g_1  in  [0.0, None]
variable range:  f0(1370)_flatte_g_0  in  [0.0, None]
variable range:  f0(1370)_flatte_g_1  in  [0.0, None]
variable range:  f2(1430)_flatte_g_0  in  [0.0, None]
variable range:  f2(1430)_flatte_g_1  in  [0.0, None]
variable range:  f0(1500)_flatte_g_0  in  [0.0, None]
variable range:  f0(1500)_flatte_g_1  in  [0.0, None]
variable range:  f0(1525)_flatte_g_0  in  [0.0, None]
variable range:  f0(1525)_flatte_g_1  in  [0.0, None]
variable range:  f0(1565)_flatte_g_0  in  [0.0, None]
variable range:  f0(1565)_flatte_g_1  in  [0.0, None]
variable range:  f0(1710)_flatte_g_0  in  [0.0, None]
variable range:  f0(1710)_flatte_g_1  in  [0.0, None]
same value: ['Jpsi->b1(1235)p.pimb1(1235)p->phi.pip_total_0i', 'Jpsi->b1(1235)m.pipb1(1235)m->phi.pim_total_0i']
same value: ['Jpsi->b1(1235)p.pim_g_ls_0i', 'Jpsi->b1(1235)m.pip_g_ls_0i']
same value: ['Jpsi->b1(1235)p.pim_g_ls_1i', 'Jpsi->b1(1235)m.pip_g_ls_1i']
same value: ['Jpsi->NR_0-_bp.pimNR_0-_bp->phi.pip_total_0i', 'Jpsi->NR_0-_bm.pipNR_0-_bm->phi.pim_total_0i']
same value: ['Jpsi->NR_0-_bp.pim_g_ls_0i', 'Jpsi->NR_0-_bm.pip_g_ls_0i']
same value: ['Jpsi->NR_0-_bp.pim_g_ls_1i', 'Jpsi->NR_0-_bm.pip_g_ls_1i']
same value: ['Jpsi->rho(1450)p.pimrho(1450)p->phi.pip_total_0i', 'Jpsi->rho(1450)m.piprho(1450)m->phi.pim_total_0i']
same value: ['Jpsi->rho(1450)p.pim_g_ls_0i', 'Jpsi->rho(1450)m.pip_g_ls_0i']
same value: ['Jpsi->rho(1450)p.pim_g_ls_1i', 'Jpsi->rho(1450)m.pip_g_ls_1i']
same value: ['Jpsi->rho(1570)p.pimrho(1570)p->phi.pip_total_0i', 'Jpsi->rho(1570)m.piprho(1570)m->phi.pim_total_0i']
same value: ['Jpsi->rho(1570)p.pim_g_ls_0i', 'Jpsi->rho(1570)m.pip_g_ls_0i']
same value: ['Jpsi->rho(1570)p.pim_g_ls_1i', 'Jpsi->rho(1570)m.pip_g_ls_1i']
same value: ['Jpsi->rho(1690)p.pimrho(1690)p->phi.pip_total_0i', 'Jpsi->rho(1690)m.piprho(1690)m->phi.pim_total_0i']
same value: ['Jpsi->rho(1690)p.pim_g_ls_0i', 'Jpsi->rho(1690)m.pip_g_ls_0i']
same value: ['Jpsi->rho(1690)p.pim_g_ls_1i', 'Jpsi->rho(1690)m.pip_g_ls_1i']
variable range:  f0(980)_flatte_g_0  in  [0.0, None]
variable range:  f0(980)_flatte_g_1  in  [0.0, None]
variable range:  f2(1270)_flatte_g_0  in  [0.0, None]
variable range:  f2(1270)_flatte_g_1  in  [0.0, None]
variable range:  f2(1430)_flatte_g_0  in  [0.0, None]
variable range:  f2(1430)_flatte_g_1  in  [0.0, None]
variable range:  f0(1370)_flatte_g_0  in  [0.0, None]
variable range:  f0(1370)_flatte_g_1  in  [0.0, None]
variable range:  f0(1500)_flatte_g_0  in  [0.0, None]
variable range:  f0(1500)_flatte_g_1  in  [0.0, None]
variable range:  f0(1525)_flatte_g_0  in  [0.0, None]
variable range:  f0(1525)_flatte_g_1  in  [0.0, None]
variable range:  f0(1565)_flatte_g_0  in  [0.0, None]
variable range:  f0(1565)_flatte_g_1  in  [0.0, None]
variable range:  f0(1710)_flatte_g_0  in  [0.0, None]
variable range:  f0(1710)_flatte_g_1  in  [0.0, None]
same value: ['Jpsi->K1(1400)p.kmK1(1400)p->phi.kp_total_0i', 'Jpsi->K1(1400)m.kpK1(1400)m->phi.km_total_0i']
same value: ['Jpsi->K1(1400)p.km_g_ls_0i', 'Jpsi->K1(1400)m.kp_g_ls_0i']
same value: ['Jpsi->K1(1400)p.km_g_ls_1i', 'Jpsi->K1(1400)m.kp_g_ls_1i']
same value: ['Jpsi->K1(1650)p.kmK1(1650)p->phi.kp_total_0i', 'Jpsi->K1(1650)m.kpK1(1650)m->phi.km_total_0i']
same value: ['Jpsi->K1(1650)p.km_g_ls_0i', 'Jpsi->K1(1650)m.kp_g_ls_0i']
same value: ['Jpsi->K1(1650)p.km_g_ls_1i', 'Jpsi->K1(1650)m.kp_g_ls_1i']
same value: ['Jpsi->K1(1680)p.kmK1(1680)p->phi.kp_total_0i', 'Jpsi->K1(1680)m.kpK1(1680)m->phi.km_total_0i']
same value: ['Jpsi->K1(1680)p.km_g_ls_0i', 'Jpsi->K1(1680)m.kp_g_ls_0i']
same value: ['Jpsi->K1(1680)p.km_g_ls_1i', 'Jpsi->K1(1680)m.kp_g_ls_1i']
same value: ['Jpsi->K0(1830)p.kmK0(1830)p->phi.kp_total_0i', 'Jpsi->K0(1830)m.kpK0(1830)m->phi.km_total_0i']
same value: ['Jpsi->K0(1950)p.kmK0(1950)p->phi.kp_total_0i', 'Jpsi->K0(1950)m.kpK0(1950)m->phi.km_total_0i']
same value: ['Jpsi->K2(1430)p.kmK2(1430)p->phi.kp_total_0i', 'Jpsi->K2(1430)m.kpK2(1430)m->phi.km_total_0i']
same value: ['Jpsi->K2(1430)p.km_g_ls_0i', 'Jpsi->K2(1430)m.kp_g_ls_0i']
same value: ['Jpsi->K2(1430)p.km_g_ls_1i', 'Jpsi->K2(1430)m.kp_g_ls_1i']
same value: ['Jpsi->K2(1580)p.kmK2(1580)p->phi.kp_total_0i', 'Jpsi->K2(1580)m.kpK2(1580)m->phi.km_total_0i']
same value: ['Jpsi->K2(1580)p.km_g_ls_0i', 'Jpsi->K2(1580)m.kp_g_ls_0i']
same value: ['Jpsi->K2(1580)p.km_g_ls_1i', 'Jpsi->K2(1580)m.kp_g_ls_1i']
same value: ['Jpsi->K2(1770)p.kmK2(1770)p->phi.kp_total_0i', 'Jpsi->K2(1770)m.kpK2(1770)m->phi.km_total_0i']
same value: ['Jpsi->K2(1770)p.km_g_ls_0i', 'Jpsi->K2(1770)m.kp_g_ls_0i']
same value: ['Jpsi->K2(1770)p.km_g_ls_1i', 'Jpsi->K2(1770)m.kp_g_ls_1i']
same value: ['Jpsi->K2(1820)p.kmK2(1820)p->phi.kp_total_0i', 'Jpsi->K2(1820)m.kpK2(1820)m->phi.km_total_0i']
same value: ['Jpsi->K2(1820)p.km_g_ls_0i', 'Jpsi->K2(1820)m.kp_g_ls_0i']
same value: ['Jpsi->K2(1820)p.km_g_ls_1i', 'Jpsi->K2(1820)m.kp_g_ls_1i']
same value: ['Jpsi->K2(1980)p.kmK2(1980)p->phi.kp_total_0i', 'Jpsi->K2(1980)m.kpK2(1980)m->phi.km_total_0i']
same value: ['Jpsi->K2(1980)p.km_g_ls_0i', 'Jpsi->K2(1980)m.kp_g_ls_0i']
same value: ['Jpsi->K2(1980)p.km_g_ls_1i', 'Jpsi->K2(1980)m.kp_g_ls_1i']
same value: ['Jpsi->K2(2250)p.kmK2(2250)p->phi.kp_total_0i', 'Jpsi->K2(2250)m.kpK2(2250)m->phi.km_total_0i']
same value: ['Jpsi->K2(2250)p.km_g_ls_0i', 'Jpsi->K2(2250)m.kp_g_ls_0i']
same value: ['Jpsi->K2(2250)p.km_g_ls_1i', 'Jpsi->K2(2250)m.kp_g_ls_1i']
same value: ['Jpsi->K3(1780)p.kmK3(1780)p->phi.kp_total_0i', 'Jpsi->K3(1780)m.kpK3(1780)m->phi.km_total_0i']
same value: ['Jpsi->K3(1780)p.km_g_ls_0i', 'Jpsi->K3(1780)m.kp_g_ls_0i']
same value: ['Jpsi->K3(1780)p.km_g_ls_1i', 'Jpsi->K3(1780)m.kp_g_ls_1i']
same value: ['Jpsi->K3(2320)p.kmK3(2320)p->phi.kp_total_0i', 'Jpsi->K3(2320)m.kpK3(2320)m->phi.km_total_0i']
same value: ['Jpsi->K3(2320)p.km_g_ls_0i', 'Jpsi->K3(2320)m.kp_g_ls_0i']
same value: ['Jpsi->K3(2320)p.km_g_ls_1i', 'Jpsi->K3(2320)m.kp_g_ls_1i']
cached shape idx [0, 1, 2, 3, 4, 5, 6, 7, 8, 9, 10, 11, 12, 13]
cached shape idx [0, 1, 2, 3, 4, 5, 6, 7, 8, 9, 10, 11, 12, 13, 14, 15, 16]
[INFO] running JOINT fit with 2 channels

========== Fit loop 1/5 ==========
using RANDOM parameters
Using Model
Using Model

########### initial parameters
{
  "rho(1450)p_mass": 1.51,
  "rho(1450)p_width": 0.44,
  "rho(1570)p_mass": 1.57,
  "rho(1570)p_width": 0.14,
  "rho(1690)p_mass": 1.681,
  "rho(1690)p_width": 0.19,
  "rho(1450)m_mass": 1.51,
  "rho(1450)m_width": 0.44,
  "rho(1570)m_mass": 1.57,
  "rho(1570)m_width": 0.14,
  "rho(1690)m_mass": 1.681,
  "rho(1690)m_width": 0.19,
  "f0(500)_E791_mass": 0.478,
  "f2(1270)_flatte_mass": 1.2754,
  "f2(1270)_flatte_g_0": 0.43234427107508155,
  "f2(1270)_flatte_g_1": 0.6033494060719691,
  "f0(1370)_mass": 1.37,
  "f0(1370)_width": 0.35,
  "f0(1500)_flatte_mass": 1.522,
  "f0(1500)_flatte_g_0": 0.9840665857382438,
  "f0(1500)_flatte_g_1": 0.8723091981390625,
  "f2(1430)_mass": 1.43,
  "f2(1430)_width": 0.046,
  "f2(1910)_mass": 1.934,
  "f2(1910)_width": 0.14,
  "Jpsi->rho(1450)p.pimrho(1450)p->phi.pip_total_0r": 1.0,
  "Jpsi->rho(1450)p.pimrho(1450)p->phi.pip_total_0i": 0.0,
  "Jpsi->rho(1450)p.pim_g_ls_0r": 1.0,
  "Jpsi->rho(1450)p.pim_g_ls_0i": 0.0,
  "rho(1450)p->phi.pip_g_ls_0r": 1.0,
  "rho(1450)p->phi.pip_g_ls_0i": 0.0,
  "Jpsi->rho(1570)p.pimrho(1570)p->phi.pip_total_0r": 1.1649847607426085,
  "Jpsi->rho(1570)p.pimrho(1570)p->phi.pip_total_0i": 0.8284248344173588,
  "Jpsi->rho(1570)p.pim_g_ls_0r": 1.0,
  "Jpsi->rho(1570)p.pim_g_ls_0i": 0.0,
  "rho(1570)p->phi.pip_g_ls_0r": 1.0,
  "rho(1570)p->phi.pip_g_ls_0i": 0.0,
  "Jpsi->rho(1690)p.pimrho(1690)p->phi.pip_total_0r": 1.768262421117365,
  "Jpsi->rho(1690)p.pimrho(1690)p->phi.pip_total_0i": -2.6541708590795308,
  "Jpsi->rho(1690)p.pim_g_ls_0r": 1.0,
  "Jpsi->rho(1690)p.pim_g_ls_0i": 0.0,
  "rho(1690)p->phi.pip_g_ls_0r": 1.0,
  "rho(1690)p->phi.pip_g_ls_0i": 0.0,
  "Jpsi->rho(1450)m.piprho(1450)m->phi.pim_total_0r": 1.0,
  "Jpsi->rho(1450)m.piprho(1450)m->phi.pim_total_0i": 0.0,
  "Jpsi->rho(1450)m.pip_g_ls_0r": 1.0,
  "Jpsi->rho(1450)m.pip_g_ls_0i": 0.0,
  "rho(1450)m->phi.pim_g_ls_0r": 1.0,
  "rho(1450)m->phi.pim_g_ls_0i": 0.0,
  "Jpsi->rho(1570)m.piprho(1570)m->phi.pim_total_0r": 1.1649847607426085,
  "Jpsi->rho(1570)m.piprho(1570)m->phi.pim_total_0i": 0.8284248344173588,
  "Jpsi->rho(1570)m.pip_g_ls_0r": 1.0,
  "Jpsi->rho(1570)m.pip_g_ls_0i": 0.0,
  "rho(1570)m->phi.pim_g_ls_0r": 1.0,
  "rho(1570)m->phi.pim_g_ls_0i": 0.0,
  "Jpsi->rho(1690)m.piprho(1690)m->phi.pim_total_0r": 1.768262421117365,
  "Jpsi->rho(1690)m.piprho(1690)m->phi.pim_total_0i": -2.6541708590795308,
  "Jpsi->rho(1690)m.pip_g_ls_0r": 1.0,
  "Jpsi->rho(1690)m.pip_g_ls_0i": 0.0,
  "rho(1690)m->phi.pim_g_ls_0r": 1.0,
  "rho(1690)m->phi.pim_g_ls_0i": 0.0,
  "Jpsi->phi.f0(500)_E791f0(500)_E791->pip.pim_total_0r": 1.9065191830655426,
  "Jpsi->phi.f0(500)_E791f0(500)_E791->pip.pim_total_0i": 2.4470893451444065,
  "Jpsi->phi.f0(500)_E791_g_ls_0r": 1.0,
  "Jpsi->phi.f0(500)_E791_g_ls_0i": 0.0,
  "Jpsi->phi.f0(500)_E791_g_ls_1r": 1.7980566708887267,
  "Jpsi->phi.f0(500)_E791_g_ls_1i": -0.07701846988159344,
  "f0(500)_E791->pip.pim_g_ls_0r": 1.0,
  "f0(500)_E791->pip.pim_g_ls_0i": 0.0,
  "Jpsi->phi.f0(980)_flattef0(980)_flatte->pip.pim_total_0r": 0.540075985284076,
  "Jpsi->phi.f0(980)_flattef0(980)_flatte->pip.pim_total_0i": -0.7805290854776725,
  "f0(980)_flatte->pip.pim_g_ls_0r": 1.0,
  "f0(980)_flatte->pip.pim_g_ls_0i": 0.0,
  "Jpsi->phi.f2(1270)_flattef2(1270)_flatte->pip.pim_total_0r": 1.4337974301423388,
  "Jpsi->phi.f2(1270)_flattef2(1270)_flatte->pip.pim_total_0i": 0.3017351891248201,
  "Jpsi->phi.f2(1270)_flatte_g_ls_0r": 1.0,
  "Jpsi->phi.f2(1270)_flatte_g_ls_0i": 0.0,
  "Jpsi->phi.f2(1270)_flatte_g_ls_1r": 1.0999952694767479,
  "Jpsi->phi.f2(1270)_flatte_g_ls_1i": 0.03154981696638348,
  "Jpsi->phi.f2(1270)_flatte_g_ls_2r": 0.4322704407255942,
  "Jpsi->phi.f2(1270)_flatte_g_ls_2i": 2.424093167329379,
  "Jpsi->phi.f2(1270)_flatte_g_ls_3r": 1.5882720223279225,
  "Jpsi->phi.f2(1270)_flatte_g_ls_3i": -1.0702001065711606,
  "Jpsi->phi.f2(1270)_flatte_g_ls_4r": 1.6592610015659899,
  "Jpsi->phi.f2(1270)_flatte_g_ls_4i": 0.7815353781194001,
  "f2(1270)_flatte->pip.pim_g_ls_0r": 1.0,
  "f2(1270)_flatte->pip.pim_g_ls_0i": 0.0,
  "Jpsi->phi.f0(1370)f0(1370)->pip.pim_total_0r": 1.332250597008676,
  "Jpsi->phi.f0(1370)f0(1370)->pip.pim_total_0i": -2.4675005032504953,
  "Jpsi->phi.f0(1370)_g_ls_0r": 1.0,
  "Jpsi->phi.f0(1370)_g_ls_0i": 0.0,
  "Jpsi->phi.f0(1370)_g_ls_1r": 0.1824644607115542,
  "Jpsi->phi.f0(1370)_g_ls_1i": -0.7854293178159306,
  "f0(1370)->pip.pim_g_ls_0r": 1.0,
  "f0(1370)->pip.pim_g_ls_0i": 0.0,
  "Jpsi->phi.f0(1500)_flattef0(1500)_flatte->pip.pim_total_0r": 0.6651983252961484,
  "Jpsi->phi.f0(1500)_flattef0(1500)_flatte->pip.pim_total_0i": -1.1369596086212277,
  "Jpsi->phi.f0(1500)_flatte_g_ls_0r": 1.0,
  "Jpsi->phi.f0(1500)_flatte_g_ls_0i": 0.0,
  "Jpsi->phi.f0(1500)_flatte_g_ls_1r": 0.612474870271905,
  "Jpsi->phi.f0(1500)_flatte_g_ls_1i": -2.451853070926536,
  "f0(1500)_flatte->pip.pim_g_ls_0r": 1.0,
  "f0(1500)_flatte->pip.pim_g_ls_0i": 0.0,
  "Jpsi->phi.f0(1710)f0(1710)->pip.pim_total_0r": 1.8470904349942079,
  "Jpsi->phi.f0(1710)f0(1710)->pip.pim_total_0i": -1.1614630495134954,
  "f0(1710)->pip.pim_g_ls_0r": 1.0,
  "f0(1710)->pip.pim_g_ls_0i": 0.0,
  "Jpsi->phi.f2(1430)f2(1430)->pip.pim_total_0r": 0.42464438914125946,
  "Jpsi->phi.f2(1430)f2(1430)->pip.pim_total_0i": 1.7472499677313929,
  "Jpsi->phi.f2(1430)_g_ls_0r": 1.0,
  "Jpsi->phi.f2(1430)_g_ls_0i": 0.0,
  "Jpsi->phi.f2(1430)_g_ls_1r": 0.015545819514370063,
  "Jpsi->phi.f2(1430)_g_ls_1i": -2.045563372042252,
  "Jpsi->phi.f2(1430)_g_ls_2r": 0.2766801745863794,
  "Jpsi->phi.f2(1430)_g_ls_2i": 2.7703231136773905,
  "Jpsi->phi.f2(1430)_g_ls_3r": 1.4903635899650922,
  "Jpsi->phi.f2(1430)_g_ls_3i": 0.788669140834624,
  "Jpsi->phi.f2(1430)_g_ls_4r": 1.4893508147481516,
  "Jpsi->phi.f2(1430)_g_ls_4i": 0.8515124474305686,
  "f2(1430)->pip.pim_g_ls_0r": 1.0,
  "f2(1430)->pip.pim_g_ls_0i": 0.0,
  "Jpsi->phi.f2(1910)f2(1910)->pip.pim_total_0r": 1.8477719459419086,
  "Jpsi->phi.f2(1910)f2(1910)->pip.pim_total_0i": 0.25312799015566245,
  "Jpsi->phi.f2(1910)_g_ls_0r": 1.0,
  "Jpsi->phi.f2(1910)_g_ls_0i": 0.0,
  "Jpsi->phi.f2(1910)_g_ls_1r": 1.4030262540633736,
  "Jpsi->phi.f2(1910)_g_ls_1i": 2.220599398434141,
  "Jpsi->phi.f2(1910)_g_ls_2r": 0.035170652057162854,
  "Jpsi->phi.f2(1910)_g_ls_2i": -2.355985287660858,
  "Jpsi->phi.f2(1910)_g_ls_3r": 0.6014999765317701,
  "Jpsi->phi.f2(1910)_g_ls_3i": 1.663245335541756,
  "Jpsi->phi.f2(1910)_g_ls_4r": 0.35756676594101755,
  "Jpsi->phi.f2(1910)_g_ls_4i": -1.5052205408931578,
  "f2(1910)->pip.pim_g_ls_0r": 1.0,
  "f2(1910)->pip.pim_g_ls_0i": 0.0,
  "K1(1400)p_mass": 1.403,
  "K1(1400)p_width": 0.174,
  "K2(1820)p_mass": 1.819,
  "K2(1820)p_width": 0.264,
  "K2(1980)p_mass": 1.99,
  "K2(1980)p_width": 0.348,
  "K2(2250)p_mass": 2.247,
  "K2(2250)p_width": 0.18,
  "K3(2320)p_mass": 2.324,
  "K3(2320)p_width": 0.15,
  "K1(1400)m_mass": 1.403,
  "K1(1400)m_width": 0.174,
  "K2(1820)m_mass": 1.819,
  "K2(1820)m_width": 0.264,
  "K2(1980)m_mass": 1.99,
  "K2(1980)m_width": 0.348,
  "K3(2320)m_mass": 2.324,
  "K3(2320)m_width": 0.15,
  "f0(980)_flatte_mass": 0.965,
  "f0(980)_flatte_g_0": 0.23118283871067025,
  "f0(980)_flatte_g_1": 0.7125447494466304,
  "f2(1270)_mass": 1.2754,
  "f2(1270)_width": 0.1858,
  "f0(1500)_mass": 1.522,
  "f0(1500)_width": 0.108,
  "f2(1525)_mass": 1.5173,
  "f2(1525)_width": 0.072,
  "f2(1565)_mass": 1.571,
  "f2(1565)_width": 0.132,
  "f0(1710)_mass": 1.733,
  "f0(1710)_width": 0.15,
  "f2(1810)_mass": 1.815,
  "f2(1810)_width": 0.197,
  "Jpsi->K1(1400)p.kmK1(1400)p->phi.kp_total_0r": 1.0,
  "Jpsi->K1(1400)p.kmK1(1400)p->phi.kp_total_0i": 0.0,
  "Jpsi->K1(1400)p.km_g_ls_0r": 1.0,
  "Jpsi->K1(1400)p.km_g_ls_0i": 0.0,
  "Jpsi->K1(1400)p.km_g_ls_1r": 1.5038754172358533,
  "Jpsi->K1(1400)p.km_g_ls_1i": 0.33620395961524885,
  "K1(1400)p->phi.kp_g_ls_0r": 1.0,
  "K1(1400)p->phi.kp_g_ls_0i": 0.0,
  "K1(1400)p->phi.kp_g_ls_1r": 1.8417454476328845,
  "K1(1400)p->phi.kp_g_ls_1i": -1.447576710373451,
  "Jpsi->K2(1820)p.kmK2(1820)p->phi.kp_total_0r": 1.7488478483179413,
  "Jpsi->K2(1820)p.kmK2(1820)p->phi.kp_total_0i": -0.7398802488364091,
  "Jpsi->K2(1820)p.km_g_ls_0r": 1.0,
  "Jpsi->K2(1820)p.km_g_ls_0i": 0.0,
  "Jpsi->K2(1820)p.km_g_ls_1r": 1.9771300853784028,
  "Jpsi->K2(1820)p.km_g_ls_1i": 0.45619196992866806,
  "K2(1820)p->phi.kp_g_ls_0r": 1.0,
  "K2(1820)p->phi.kp_g_ls_0i": 0.0,
  "K2(1820)p->phi.kp_g_ls_1r": 0.5545558560156478,
  "K2(1820)p->phi.kp_g_ls_1i": -1.319320983396822,
  "Jpsi->K2(1980)p.kmK2(1980)p->phi.kp_total_0r": 1.7352470540917664,
  "Jpsi->K2(1980)p.kmK2(1980)p->phi.kp_total_0i": -0.7020056497555074,
  "Jpsi->K2(1980)p.km_g_ls_0r": 1.0,
  "Jpsi->K2(1980)p.km_g_ls_0i": 0.0,
  "K2(1980)p->phi.kp_g_ls_0r": 1.0,
  "K2(1980)p->phi.kp_g_ls_0i": 0.0,
  "Jpsi->K2(2250)p.kmK2(2250)p->phi.kp_total_0r": 0.47759885348533304,
  "Jpsi->K2(2250)p.kmK2(2250)p->phi.kp_total_0i": -0.4227754982533427,
  "Jpsi->K2(2250)p.km_g_ls_0r": 1.0,
  "Jpsi->K2(2250)p.km_g_ls_0i": 0.0,
  "Jpsi->K2(2250)p.km_g_ls_1r": 0.022802381459608778,
  "Jpsi->K2(2250)p.km_g_ls_1i": 0.5353820045769746,
  "K2(2250)p->phi.kp_g_ls_0r": 1.0,
  "K2(2250)p->phi.kp_g_ls_0i": 0.0,
  "K2(2250)p->phi.kp_g_ls_1r": 1.4133245664680403,
  "K2(2250)p->phi.kp_g_ls_1i": 0.9436806310096255,
  "Jpsi->K3(2320)p.kmK3(2320)p->phi.kp_total_0r": 0.2511531378855305,
  "Jpsi->K3(2320)p.kmK3(2320)p->phi.kp_total_0i": 2.788507427393623,
  "Jpsi->K3(2320)p.km_g_ls_0r": 1.0,
  "Jpsi->K3(2320)p.km_g_ls_0i": 0.0,
  "Jpsi->K3(2320)p.km_g_ls_1r": 1.3749839315070327,
  "Jpsi->K3(2320)p.km_g_ls_1i": 1.9483387577354288,
  "K3(2320)p->phi.kp_g_ls_0r": 1.0,
  "K3(2320)p->phi.kp_g_ls_0i": 0.0,
  "K3(2320)p->phi.kp_g_ls_1r": 0.9110422757728189,
  "K3(2320)p->phi.kp_g_ls_1i": -1.0268727319073099,
  "Jpsi->K1(1400)m.kpK1(1400)m->phi.km_total_0r": 1.0,
  "Jpsi->K1(1400)m.kpK1(1400)m->phi.km_total_0i": 0.0,
  "Jpsi->K1(1400)m.kp_g_ls_0r": 1.0,
  "Jpsi->K1(1400)m.kp_g_ls_0i": 0.0,
  "Jpsi->K1(1400)m.kp_g_ls_1r": 1.5038754172358533,
  "Jpsi->K1(1400)m.kp_g_ls_1i": 0.33620395961524885,
  "K1(1400)m->phi.km_g_ls_0r": 1.0,
  "K1(1400)m->phi.km_g_ls_0i": 0.0,
  "K1(1400)m->phi.km_g_ls_1r": 1.8417454476328845,
  "K1(1400)m->phi.km_g_ls_1i": -1.447576710373451,
  "Jpsi->K2(1820)m.kpK2(1820)m->phi.km_total_0r": 1.7488478483179413,
  "Jpsi->K2(1820)m.kpK2(1820)m->phi.km_total_0i": -0.7398802488364091,
  "Jpsi->K2(1820)m.kp_g_ls_0r": 1.0,
  "Jpsi->K2(1820)m.kp_g_ls_0i": 0.0,
  "Jpsi->K2(1820)m.kp_g_ls_1r": 1.9771300853784028,
  "Jpsi->K2(1820)m.kp_g_ls_1i": 0.45619196992866806,
  "K2(1820)m->phi.km_g_ls_0r": 1.0,
  "K2(1820)m->phi.km_g_ls_0i": 0.0,
  "K2(1820)m->phi.km_g_ls_1r": 0.5545558560156478,
  "K2(1820)m->phi.km_g_ls_1i": -1.319320983396822,
  "Jpsi->K2(1980)m.kpK2(1980)m->phi.km_total_0r": 1.7352470540917664,
  "Jpsi->K2(1980)m.kpK2(1980)m->phi.km_total_0i": -0.7020056497555074,
  "Jpsi->K2(1980)m.kp_g_ls_0r": 1.0,
  "Jpsi->K2(1980)m.kp_g_ls_0i": 0.0,
  "K2(1980)m->phi.km_g_ls_0r": 1.0,
  "K2(1980)m->phi.km_g_ls_0i": 0.0,
  "Jpsi->K2(2250)p.kpK2(2250)p->phi.km_total_0r": 1.2628694775575338,
  "Jpsi->K2(2250)p.kpK2(2250)p->phi.km_total_0i": -0.7332108539033717,
  "Jpsi->K2(2250)p.kp_g_ls_0r": 1.0,
  "Jpsi->K2(2250)p.kp_g_ls_0i": 0.0,
  "Jpsi->K2(2250)p.kp_g_ls_1r": 1.3527797890530704,
  "Jpsi->K2(2250)p.kp_g_ls_1i": -2.3037978096013263,
  "K2(2250)p->phi.km_g_ls_0r": 1.0,
  "K2(2250)p->phi.km_g_ls_0i": 0.0,
  "K2(2250)p->phi.km_g_ls_1r": 0.5118887481415597,
  "K2(2250)p->phi.km_g_ls_1i": -1.954239121948544,
  "Jpsi->K3(2320)m.kpK3(2320)m->phi.km_total_0r": 0.2511531378855305,
  "Jpsi->K3(2320)m.kpK3(2320)m->phi.km_total_0i": 2.788507427393623,
  "Jpsi->K3(2320)m.kp_g_ls_0r": 1.0,
  "Jpsi->K3(2320)m.kp_g_ls_0i": 0.0,
  "Jpsi->K3(2320)m.kp_g_ls_1r": 1.3749839315070327,
  "Jpsi->K3(2320)m.kp_g_ls_1i": 1.9483387577354288,
  "K3(2320)m->phi.km_g_ls_0r": 1.0,
  "K3(2320)m->phi.km_g_ls_0i": 0.0,
  "K3(2320)m->phi.km_g_ls_1r": 0.9110422757728189,
  "K3(2320)m->phi.km_g_ls_1i": -1.0268727319073099,
  "Jpsi->phi.f0(980)_flattef0(980)_flatte->kp.km_total_0r": 1.4320825191124231,
  "Jpsi->phi.f0(980)_flattef0(980)_flatte->kp.km_total_0i": -2.4127490637511304,
  "Jpsi->phi.f0(980)_flatte_g_ls_0r": 1.0,
  "Jpsi->phi.f0(980)_flatte_g_ls_0i": 0.0,
  "Jpsi->phi.f0(980)_flatte_g_ls_1r": 0.08489845382277528,
  "Jpsi->phi.f0(980)_flatte_g_ls_1i": -2.6280962731148065,
  "f0(980)_flatte->kp.km_g_ls_0r": 1.0,
  "f0(980)_flatte->kp.km_g_ls_0i": 0.0,
  "Jpsi->phi.f2(1270)f2(1270)->kp.km_total_0r": 0.9610786376260827,
  "Jpsi->phi.f2(1270)f2(1270)->kp.km_total_0i": 0.17973883374115696,
  "Jpsi->phi.f2(1270)_g_ls_0r": 1.0,
  "Jpsi->phi.f2(1270)_g_ls_0i": 0.0,
  "Jpsi->phi.f2(1270)_g_ls_1r": 1.979465625091989,
  "Jpsi->phi.f2(1270)_g_ls_1i": -1.9655962060997865,
  "Jpsi->phi.f2(1270)_g_ls_2r": 0.9609551046721947,
  "Jpsi->phi.f2(1270)_g_ls_2i": 1.537758709351353,
  "Jpsi->phi.f2(1270)_g_ls_3r": 1.9916961899806123,
  "Jpsi->phi.f2(1270)_g_ls_3i": -1.0477700515958537,
  "Jpsi->phi.f2(1270)_g_ls_4r": 0.5560083936440421,
  "Jpsi->phi.f2(1270)_g_ls_4i": 1.0755882328848783,
  "f2(1270)->kp.km_g_ls_0r": 1.0,
  "f2(1270)->kp.km_g_ls_0i": 0.0,
  "Jpsi->phi.f0(1500)f0(1500)->kp.km_total_0r": 0.27467502028568314,
  "Jpsi->phi.f0(1500)f0(1500)->kp.km_total_0i": -2.1133764215323403,
  "Jpsi->phi.f0(1500)_g_ls_0r": 1.0,
  "Jpsi->phi.f0(1500)_g_ls_0i": 0.0,
  "Jpsi->phi.f0(1500)_g_ls_1r": 0.40802478175558665,
  "Jpsi->phi.f0(1500)_g_ls_1i": 2.081444982701207,
  "f0(1500)->kp.km_g_ls_0r": 1.0,
  "f0(1500)->kp.km_g_ls_0i": 0.0,
  "Jpsi->phi.f2(1525)f2(1525)->kp.km_total_0r": 1.0086386251756303,
  "Jpsi->phi.f2(1525)f2(1525)->kp.km_total_0i": -1.317312384159569,
  "Jpsi->phi.f2(1525)_g_ls_0r": 1.0,
  "Jpsi->phi.f2(1525)_g_ls_0i": 0.0,
  "Jpsi->phi.f2(1525)_g_ls_1r": 0.2941070692685419,
  "Jpsi->phi.f2(1525)_g_ls_1i": -2.7162716394082023,
  "Jpsi->phi.f2(1525)_g_ls_2r": 0.3740761505827277,
  "Jpsi->phi.f2(1525)_g_ls_2i": -1.531681008536673,
  "Jpsi->phi.f2(1525)_g_ls_3r": 1.7925717021670033,
  "Jpsi->phi.f2(1525)_g_ls_3i": 0.7899202950889808,
  "Jpsi->phi.f2(1525)_g_ls_4r": 1.6573306226967826,
  "Jpsi->phi.f2(1525)_g_ls_4i": 0.028766011822439985,
  "f2(1525)->kp.km_g_ls_0r": 1.0,
  "f2(1525)->kp.km_g_ls_0i": 0.0,
  "Jpsi->phi.f2(1565)f2(1565)->kp.km_total_0r": 0.6313063258437017,
  "Jpsi->phi.f2(1565)f2(1565)->kp.km_total_0i": -2.7949109014298203,
  "Jpsi->phi.f2(1565)_g_ls_0r": 1.0,
  "Jpsi->phi.f2(1565)_g_ls_0i": 0.0,
  "Jpsi->phi.f2(1565)_g_ls_1r": 0.8186571242443184,
  "Jpsi->phi.f2(1565)_g_ls_1i": 1.54528932498744,
  "Jpsi->phi.f2(1565)_g_ls_2r": 1.5542546575650387,
  "Jpsi->phi.f2(1565)_g_ls_2i": -1.603430151245094,
  "Jpsi->phi.f2(1565)_g_ls_3r": 1.3259782217833815,
  "Jpsi->phi.f2(1565)_g_ls_3i": -1.718385049923928,
  "Jpsi->phi.f2(1565)_g_ls_4r": 0.14238949603010997,
  "Jpsi->phi.f2(1565)_g_ls_4i": 2.341768668090146,
  "f2(1565)->kp.km_g_ls_0r": 1.0,
  "f2(1565)->kp.km_g_ls_0i": 0.0,
  "Jpsi->phi.f0(1710)f0(1710)->kp.km_total_0r": 1.6542202486110797,
  "Jpsi->phi.f0(1710)f0(1710)->kp.km_total_0i": 2.0410439620070386,
  "Jpsi->phi.f0(1710)_g_ls_0r": 1.0,
  "Jpsi->phi.f0(1710)_g_ls_0i": 0.0,
  "Jpsi->phi.f0(1710)_g_ls_1r": 1.3366696190020928,
  "Jpsi->phi.f0(1710)_g_ls_1i": 0.5329240336627121,
  "f0(1710)->kp.km_g_ls_0r": 1.0,
  "f0(1710)->kp.km_g_ls_0i": 0.0,
  "Jpsi->phi.f2(1810)f2(1810)->kp.km_total_0r": 1.689187667041974,
  "Jpsi->phi.f2(1810)f2(1810)->kp.km_total_0i": -0.042923723791194135,
  "Jpsi->phi.f2(1810)_g_ls_0r": 1.0,
  "Jpsi->phi.f2(1810)_g_ls_0i": 0.0,
  "Jpsi->phi.f2(1810)_g_ls_1r": 1.027008210714098,
  "Jpsi->phi.f2(1810)_g_ls_1i": 0.5501612225209462,
  "Jpsi->phi.f2(1810)_g_ls_2r": 0.13711297628037356,
  "Jpsi->phi.f2(1810)_g_ls_2i": 1.30259071309069,
  "Jpsi->phi.f2(1810)_g_ls_3r": 0.14359178577453813,
  "Jpsi->phi.f2(1810)_g_ls_3i": 0.26042690154761994,
  "Jpsi->phi.f2(1810)_g_ls_4r": 1.2779651043583136,
  "Jpsi->phi.f2(1810)_g_ls_4i": 0.07632185670113634,
  "f2(1810)->kp.km_g_ls_0r": 1.0,
  "f2(1810)->kp.km_g_ls_0i": 0.0
}
##boundary: 
   f0(1370)_mass 	 [1.2, 1.5]
   f0(1370)_width 	 [0.2, 0.5]
   f2(1430)_mass 	 [1.41, 1.48]
   f2(1430)_width 	 [0.031, 0.061]
   f2(1910)_mass 	 [1.918, 1.95]
   f2(1910)_width 	 [0.1, 0.18]
   f2(1270)_flatte_g_0 	 [0.0, None]
   f2(1270)_flatte_g_1 	 [0.0, None]
   f0(1370)_flatte_g_0 	 [0.0, None]
   f0(1370)_flatte_g_1 	 [0.0, None]
   f2(1430)_flatte_g_0 	 [0.0, None]
   f2(1430)_flatte_g_1 	 [0.0, None]
   f0(1500)_flatte_g_0 	 [0.0, None]
   f0(1500)_flatte_g_1 	 [0.0, None]
   f0(1525)_flatte_g_0 	 [0.0, None]
   f0(1525)_flatte_g_1 	 [0.0, None]
   f0(1565)_flatte_g_0 	 [0.0, None]
   f0(1565)_flatte_g_1 	 [0.0, None]
   f0(1710)_flatte_g_0 	 [0.0, None]
   f0(1710)_flatte_g_1 	 [0.0, None]
   K1(1400)p_mass 	 [1.393, 1.413]
   K1(1400)p_width 	 [0.161, 0.187]
   K2(1820)p_mass 	 [1.807, 1.831]
   K2(1820)p_width 	 [0.232, 0.298]
   K2(1980)p_mass 	 [1.94, 2.05]
   K2(1980)p_width 	 [0.318, 0.398]
   K2(2250)p_mass 	 [2.23, 2.264]
   K2(2250)p_width 	 [0.15, 0.21]
   K3(2320)p_mass 	 [2.3, 2.348]
   K3(2320)p_width 	 [0.12, 0.18]
   K1(1400)m_mass 	 [1.393, 1.413]
   K1(1400)m_width 	 [0.161, 0.187]
   K2(1820)m_mass 	 [1.807, 1.831]
   K2(1820)m_width 	 [0.232, 0.298]
   K2(1980)m_mass 	 [1.94, 2.05]
   K2(1980)m_width 	 [0.318, 0.398]
   K3(2320)m_mass 	 [2.3, 2.348]
   K3(2320)m_width 	 [0.12, 0.18]
   f2(1270)_mass 	 [1.2746, 1.2762]
   f2(1270)_width 	 [0.18, 0.19]
   f0(1500)_mass 	 [1.497, 1.547]
   f0(1500)_width 	 [0.075, 0.141]
   f2(1525)_mass 	 [1.5149, 1.5197]
   f2(1525)_width 	 [0.066, 0.079]
   f2(1565)_mass 	 [1.558, 1.584]
   f2(1565)_width 	 [0.109, 0.155]
   f0(1710)_mass 	 [1.726, 1.741]
   f0(1710)_width 	 [0.14, 0.162]
   f2(1810)_mass 	 [1.803, 1.827]
   f2(1810)_width 	 [0.175, 0.219]
   f0(980)_flatte_g_0 	 [0.0, None]
   f0(980)_flatte_g_1 	 [0.0, None]
nll_grad  cost time: 7.814381122589111
nll_grad  cost time: 9.45778489112854
tf.Tensor(-5263.68101566394, shape=(), dtype=float64)
nll_grad  cost time: 2.7575037479400635
nll_grad  cost time: 2.8605518341064453
tf.Tensor(-7029.606302316402, shape=(), dtype=float64)
nll_grad  cost time: 3.0104141235351562
nll_grad  cost time: 2.8560941219329834
tf.Tensor(-7688.37757451435, shape=(), dtype=float64)
nll_grad  cost time: 2.9062774181365967
tf.Tensor(-7906.95656600951, shape=(), dtype=float64)
nll_grad  cost time: 2.885204792022705
tf.Tensor(-8139.699142470519, shape=(), dtype=float64)
nll_grad  cost time: 2.7920098304748535
tf.Tensor(-8396.148600326516, shape=(), dtype=float64)
nll_grad  cost time: 2.9922256469726562
tf.Tensor(-8611.101236764516, shape=(), dtype=float64)
nll_grad  cost time: 2.889153242111206
tf.Tensor(-8931.712322835898, shape=(), dtype=float64)
nll_grad  cost time: 2.8088583946228027
tf.Tensor(-9204.252596199309, shape=(), dtype=float64)
nll_grad  cost time: 2.829221248626709
tf.Tensor(-9268.420866491651, shape=(), dtype=float64)
nll_grad  cost time: 2.719177007675171
tf.Tensor(-9380.803920698643, shape=(), dtype=float64)
nll_grad  cost time: 2.9399373531341553
tf.Tensor(-9532.997593713124, shape=(), dtype=float64)
nll_grad  cost time: 2.7193763256073
tf.Tensor(-9653.013048735185, shape=(), dtype=float64)
nll_grad  cost time: 2.76369047164917
tf.Tensor(-9686.02720179176, shape=(), dtype=float64)
nll_grad  cost time: 2.8277742862701416
tf.Tensor(-9738.315391057418, shape=(), dtype=float64)
nll_grad  cost time: 2.721872568130493
tf.Tensor(-9812.799906932967, shape=(), dtype=float64)
nll_grad  cost time: 2.7954885959625244
tf.Tensor(-9851.924967053332, shape=(), dtype=float64)
nll_grad  cost time: 2.847134590148926
tf.Tensor(-9895.672973888199, shape=(), dtype=float64)
nll_grad  cost time: 2.9182441234588623
tf.Tensor(-9959.619428593185, shape=(), dtype=float64)
nll_grad  cost time: 2.8986082077026367
tf.Tensor(-10024.242287423462, shape=(), dtype=float64)
nll_grad  cost time: 2.9351742267608643
tf.Tensor(-10071.166489096853, shape=(), dtype=float64)
nll_grad  cost time: 3.172424554824829
nll_grad  cost time: 2.8361644744873047
tf.Tensor(-10092.395818135046, shape=(), dtype=float64)
nll_grad  cost time: 2.9571824073791504
tf.Tensor(-10121.183607193132, shape=(), dtype=float64)
nll_grad  cost time: 2.8792223930358887
tf.Tensor(-10154.444460368031, shape=(), dtype=float64)
nll_grad  cost time: 2.8125874996185303
tf.Tensor(-10187.78477165199, shape=(), dtype=float64)
nll_grad  cost time: 2.9946131706237793
tf.Tensor(-10222.448072771615, shape=(), dtype=float64)
nll_grad  cost time: 2.96567440032959
tf.Tensor(-10234.369466815755, shape=(), dtype=float64)
nll_grad  cost time: 3.0207486152648926
tf.Tensor(-10253.141072236744, shape=(), dtype=float64)
nll_grad  cost time: 2.9440412521362305
tf.Tensor(-10282.945466031568, shape=(), dtype=float64)
nll_grad  cost time: 2.8640975952148438
tf.Tensor(-10320.789076273664, shape=(), dtype=float64)
nll_grad  cost time: 2.9018774032592773
tf.Tensor(-10368.457155101525, shape=(), dtype=float64)
nll_grad  cost time: 3.0098915100097656
tf.Tensor(-10397.261395380934, shape=(), dtype=float64)
nll_grad  cost time: 2.7609293460845947
tf.Tensor(-10415.29130065022, shape=(), dtype=float64)
nll_grad  cost time: 2.8076789379119873
tf.Tensor(-10430.168400106195, shape=(), dtype=float64)
nll_grad  cost time: 2.8099524974823
tf.Tensor(-10440.109724876529, shape=(), dtype=float64)
nll_grad  cost time: 2.7749719619750977
tf.Tensor(-10455.621569000548, shape=(), dtype=float64)
nll_grad  cost time: 2.781917095184326
tf.Tensor(-10478.184831067018, shape=(), dtype=float64)
nll_grad  cost time: 2.846576690673828
tf.Tensor(-10500.857133633428, shape=(), dtype=float64)
nll_grad  cost time: 2.76749324798584
tf.Tensor(-10528.96741782708, shape=(), dtype=float64)
nll_grad  cost time: 2.745389699935913
tf.Tensor(-10565.839998788855, shape=(), dtype=float64)
nll_grad  cost time: 2.8027615547180176
tf.Tensor(-10581.988156932537, shape=(), dtype=float64)
nll_grad  cost time: 2.8982350826263428
tf.Tensor(-10599.881539350987, shape=(), dtype=float64)
nll_grad  cost time: 2.739731550216675
tf.Tensor(-10617.36236099503, shape=(), dtype=float64)
nll_grad  cost time: 2.758586883544922
tf.Tensor(-10631.146209966857, shape=(), dtype=float64)
nll_grad  cost time: 2.770766496658325
tf.Tensor(-10646.92724264122, shape=(), dtype=float64)
nll_grad  cost time: 3.0462450981140137
tf.Tensor(-10661.46244253924, shape=(), dtype=float64)
nll_grad  cost time: 2.7665352821350098
tf.Tensor(-10671.56695765577, shape=(), dtype=float64)
nll_grad  cost time: 2.8014798164367676
tf.Tensor(-10677.836041418923, shape=(), dtype=float64)
nll_grad  cost time: 2.8782424926757812
tf.Tensor(-10686.700471567907, shape=(), dtype=float64)
nll_grad  cost time: 3.056098699569702
tf.Tensor(-10696.35682376624, shape=(), dtype=float64)
nll_grad  cost time: 2.866757869720459
tf.Tensor(-10708.005597717492, shape=(), dtype=float64)
nll_grad  cost time: 3.0073299407958984
tf.Tensor(-10716.423866902463, shape=(), dtype=float64)
nll_grad  cost time: 2.944652557373047
tf.Tensor(-10725.646286138392, shape=(), dtype=float64)
nll_grad  cost time: 2.812671184539795
tf.Tensor(-10737.996425065227, shape=(), dtype=float64)
nll_grad  cost time: 2.8155133724212646
tf.Tensor(-10746.944803804843, shape=(), dtype=float64)
nll_grad  cost time: 2.6733531951904297
tf.Tensor(-10756.889334323816, shape=(), dtype=float64)
nll_grad  cost time: 2.697051525115967
tf.Tensor(-10765.625614505436, shape=(), dtype=float64)
nll_grad  cost time: 2.7116246223449707
tf.Tensor(-10773.535574341804, shape=(), dtype=float64)
nll_grad  cost time: 2.846219301223755
tf.Tensor(-10779.13783472887, shape=(), dtype=float64)
nll_grad  cost time: 2.7253410816192627
tf.Tensor(-10783.90089011332, shape=(), dtype=float64)
nll_grad  cost time: 2.779188632965088
tf.Tensor(-10791.698023247664, shape=(), dtype=float64)
nll_grad  cost time: 2.761336326599121
tf.Tensor(-10799.388879827471, shape=(), dtype=float64)
nll_grad  cost time: 2.9569177627563477
tf.Tensor(-10806.586709099007, shape=(), dtype=float64)
nll_grad  cost time: 2.8408079147338867
tf.Tensor(-10812.472879441455, shape=(), dtype=float64)
nll_grad  cost time: 2.8218510150909424
tf.Tensor(-10818.42922399081, shape=(), dtype=float64)
nll_grad  cost time: 2.7547433376312256
nll_grad  cost time: 2.668365478515625
tf.Tensor(-10822.055549671539, shape=(), dtype=float64)
nll_grad  cost time: 2.7321598529815674
tf.Tensor(-10826.813933780752, shape=(), dtype=float64)
nll_grad  cost time: 2.7759528160095215
tf.Tensor(-10830.505850644724, shape=(), dtype=float64)
nll_grad  cost time: 2.8161685466766357
tf.Tensor(-10835.041000527941, shape=(), dtype=float64)
nll_grad  cost time: 2.660275459289551
tf.Tensor(-10838.159440770585, shape=(), dtype=float64)
nll_grad  cost time: 2.6302521228790283
tf.Tensor(-10841.715577179566, shape=(), dtype=float64)
nll_grad  cost time: 2.6994242668151855
tf.Tensor(-10846.034440895557, shape=(), dtype=float64)
nll_grad  cost time: 2.8126368522644043
tf.Tensor(-10850.107432374542, shape=(), dtype=float64)
nll_grad  cost time: 2.6872613430023193
tf.Tensor(-10852.888681380544, shape=(), dtype=float64)
nll_grad  cost time: 2.634573459625244
tf.Tensor(-10856.39995590564, shape=(), dtype=float64)
nll_grad  cost time: 2.96770977973938
tf.Tensor(-10859.745431082309, shape=(), dtype=float64)
nll_grad  cost time: 2.756556749343872
tf.Tensor(-10863.445962328886, shape=(), dtype=float64)
nll_grad  cost time: 2.715906858444214
tf.Tensor(-10866.77868233039, shape=(), dtype=float64)
nll_grad  cost time: 2.7284154891967773
tf.Tensor(-10870.780771550315, shape=(), dtype=float64)
nll_grad  cost time: 2.6460728645324707
tf.Tensor(-10874.246667666623, shape=(), dtype=float64)
nll_grad  cost time: 2.590245008468628
tf.Tensor(-10877.696526441563, shape=(), dtype=float64)
nll_grad  cost time: 2.705836772918701
tf.Tensor(-10880.528979016672, shape=(), dtype=float64)
nll_grad  cost time: 2.774338722229004
tf.Tensor(-10884.120797458163, shape=(), dtype=float64)
nll_grad  cost time: 3.0153963565826416
tf.Tensor(-10886.86401679281, shape=(), dtype=float64)
nll_grad  cost time: 3.021167278289795
tf.Tensor(-10889.903132121806, shape=(), dtype=float64)
nll_grad  cost time: 2.9692513942718506
tf.Tensor(-10892.117154102903, shape=(), dtype=float64)
nll_grad  cost time: 2.773832321166992
tf.Tensor(-10894.389404687012, shape=(), dtype=float64)
nll_grad  cost time: 2.744016647338867
tf.Tensor(-10896.535121670866, shape=(), dtype=float64)
nll_grad  cost time: 2.7732362747192383
tf.Tensor(-10899.73748379384, shape=(), dtype=float64)
nll_grad  cost time: 2.769458293914795
tf.Tensor(-10902.131639009254, shape=(), dtype=float64)
nll_grad  cost time: 2.724785566329956
tf.Tensor(-10904.58602921183, shape=(), dtype=float64)
nll_grad  cost time: 2.656818151473999
tf.Tensor(-10907.231159552204, shape=(), dtype=float64)
nll_grad  cost time: 2.662205457687378
tf.Tensor(-10909.744355425399, shape=(), dtype=float64)
nll_grad  cost time: 2.7302932739257812
tf.Tensor(-10912.481789442943, shape=(), dtype=float64)
nll_grad  cost time: 2.8925278186798096
tf.Tensor(-10914.919765151484, shape=(), dtype=float64)
nll_grad  cost time: 2.747981548309326
tf.Tensor(-10916.99384764547, shape=(), dtype=float64)
nll_grad  cost time: 2.736227035522461
tf.Tensor(-10919.292717309669, shape=(), dtype=float64)
nll_grad  cost time: 2.699554681777954
tf.Tensor(-10920.76440485756, shape=(), dtype=float64)
nll_grad  cost time: 2.7570765018463135
tf.Tensor(-10922.668857991594, shape=(), dtype=float64)
nll_grad  cost time: 2.753953456878662
tf.Tensor(-10925.548560068884, shape=(), dtype=float64)
nll_grad  cost time: 2.7658348083496094
tf.Tensor(-10928.669244191406, shape=(), dtype=float64)
nll_grad  cost time: 2.7619900703430176
tf.Tensor(-10930.872838411131, shape=(), dtype=float64)
nll_grad  cost time: 2.7149345874786377
tf.Tensor(-10934.017115968236, shape=(), dtype=float64)
nll_grad  cost time: 2.7727582454681396
tf.Tensor(-10936.412210259601, shape=(), dtype=float64)
nll_grad  cost time: 2.914015531539917
tf.Tensor(-10939.030092908331, shape=(), dtype=float64)
nll_grad  cost time: 2.844677448272705
tf.Tensor(-10941.970624815018, shape=(), dtype=float64)
nll_grad  cost time: 2.9266774654388428
tf.Tensor(-10944.27801737799, shape=(), dtype=float64)
nll_grad  cost time: 2.9066622257232666
tf.Tensor(-10946.011980383104, shape=(), dtype=float64)
nll_grad  cost time: 2.86556077003479
tf.Tensor(-10948.577798732542, shape=(), dtype=float64)
nll_grad  cost time: 2.8126399517059326
nll_grad  cost time: 2.743790626525879
tf.Tensor(-10949.781576366659, shape=(), dtype=float64)
nll_grad  cost time: 2.7216179370880127
tf.Tensor(-10951.05802257276, shape=(), dtype=float64)
nll_grad  cost time: 2.7097558975219727
tf.Tensor(-10952.560567288077, shape=(), dtype=float64)
nll_grad  cost time: 2.7332656383514404
tf.Tensor(-10954.14260766354, shape=(), dtype=float64)
nll_grad  cost time: 2.7052054405212402
tf.Tensor(-10956.083260889543, shape=(), dtype=float64)
nll_grad  cost time: 3.0141255855560303
tf.Tensor(-10958.272216704048, shape=(), dtype=float64)
nll_grad  cost time: 2.8011386394500732
tf.Tensor(-10960.32099384327, shape=(), dtype=float64)
nll_grad  cost time: 2.8921396732330322
tf.Tensor(-10962.632202053443, shape=(), dtype=float64)
nll_grad  cost time: 2.826653003692627
tf.Tensor(-10964.719944953293, shape=(), dtype=float64)
nll_grad  cost time: 2.7640440464019775
tf.Tensor(-10965.41174426445, shape=(), dtype=float64)
nll_grad  cost time: 2.768320322036743
tf.Tensor(-10966.55525736879, shape=(), dtype=float64)
nll_grad  cost time: 2.837785005569458
tf.Tensor(-10968.23016222971, shape=(), dtype=float64)
nll_grad  cost time: 2.7954647541046143
tf.Tensor(-10970.372749217771, shape=(), dtype=float64)
nll_grad  cost time: 2.7614452838897705
tf.Tensor(-10973.154561704243, shape=(), dtype=float64)
nll_grad  cost time: 2.683122396469116
tf.Tensor(-10973.803770970379, shape=(), dtype=float64)
nll_grad  cost time: 2.7498929500579834
tf.Tensor(-10974.870865445017, shape=(), dtype=float64)
nll_grad  cost time: 2.861582040786743
tf.Tensor(-10976.475347549393, shape=(), dtype=float64)
nll_grad  cost time: 2.74899959564209
tf.Tensor(-10978.649689438578, shape=(), dtype=float64)
nll_grad  cost time: 2.8843278884887695
tf.Tensor(-10980.629757579387, shape=(), dtype=float64)
nll_grad  cost time: 2.6506288051605225
tf.Tensor(-10981.609353083273, shape=(), dtype=float64)
nll_grad  cost time: 2.813640594482422
tf.Tensor(-10982.588765562701, shape=(), dtype=float64)
nll_grad  cost time: 2.7197906970977783
tf.Tensor(-10983.444881771371, shape=(), dtype=float64)
nll_grad  cost time: 2.7982850074768066
tf.Tensor(-10984.819141492379, shape=(), dtype=float64)
nll_grad  cost time: 2.788149833679199
tf.Tensor(-10986.310131807142, shape=(), dtype=float64)
nll_grad  cost time: 2.7529337406158447
tf.Tensor(-10988.072431640088, shape=(), dtype=float64)
nll_grad  cost time: 2.72418212890625
tf.Tensor(-10988.701766797138, shape=(), dtype=float64)
nll_grad  cost time: 2.8332126140594482
tf.Tensor(-10989.691799095774, shape=(), dtype=float64)
nll_grad  cost time: 2.7378475666046143
tf.Tensor(-10991.146431490197, shape=(), dtype=float64)
nll_grad  cost time: 2.6818015575408936
tf.Tensor(-10993.065001103983, shape=(), dtype=float64)
nll_grad  cost time: 2.7174158096313477
tf.Tensor(-10995.115625929204, shape=(), dtype=float64)
nll_grad  cost time: 2.6409316062927246
nll_grad  cost time: 2.6592483520507812
tf.Tensor(-10996.319731006399, shape=(), dtype=float64)
nll_grad  cost time: 2.676511764526367
tf.Tensor(-10998.20869958082, shape=(), dtype=float64)
nll_grad  cost time: 2.750852346420288
tf.Tensor(-11000.115640979595, shape=(), dtype=float64)
nll_grad  cost time: 2.6981351375579834
tf.Tensor(-11002.102944018654, shape=(), dtype=float64)
nll_grad  cost time: 2.750431776046753
tf.Tensor(-11004.091513658816, shape=(), dtype=float64)
nll_grad  cost time: 2.7475736141204834
nll_grad  cost time: 2.783884286880493
tf.Tensor(-11005.151142628252, shape=(), dtype=float64)
nll_grad  cost time: 2.7705237865448
tf.Tensor(-11006.61126380862, shape=(), dtype=float64)
nll_grad  cost time: 2.7930612564086914
tf.Tensor(-11007.964611933625, shape=(), dtype=float64)
nll_grad  cost time: 2.8341290950775146
tf.Tensor(-11009.571489744456, shape=(), dtype=float64)
nll_grad  cost time: 2.723123788833618
tf.Tensor(-11011.405373096146, shape=(), dtype=float64)
nll_grad  cost time: 2.770930051803589
tf.Tensor(-11012.732046771416, shape=(), dtype=float64)
nll_grad  cost time: 2.694535970687866
tf.Tensor(-11014.285376340471, shape=(), dtype=float64)
nll_grad  cost time: 2.7795066833496094
tf.Tensor(-11016.168528118214, shape=(), dtype=float64)
nll_grad  cost time: 2.7471110820770264
tf.Tensor(-11018.101351790108, shape=(), dtype=float64)
nll_grad  cost time: 2.812746524810791
tf.Tensor(-11019.892832030171, shape=(), dtype=float64)
nll_grad  cost time: 2.6629743576049805
tf.Tensor(-11021.968127406974, shape=(), dtype=float64)
nll_grad  cost time: 2.771470069885254
tf.Tensor(-11023.291731691104, shape=(), dtype=float64)
nll_grad  cost time: 2.7601335048675537
tf.Tensor(-11024.819429015319, shape=(), dtype=float64)
nll_grad  cost time: 2.761810064315796
tf.Tensor(-11026.235198229471, shape=(), dtype=float64)
nll_grad  cost time: 2.786132574081421
tf.Tensor(-11028.123315188495, shape=(), dtype=float64)
nll_grad  cost time: 2.7410976886749268
tf.Tensor(-11029.075253929645, shape=(), dtype=float64)
nll_grad  cost time: 2.8323495388031006
tf.Tensor(-11030.464659390462, shape=(), dtype=float64)
nll_grad  cost time: 2.7221601009368896
tf.Tensor(-11032.542230934676, shape=(), dtype=float64)
nll_grad  cost time: 2.833514928817749
tf.Tensor(-11034.560691012033, shape=(), dtype=float64)
nll_grad  cost time: 2.6313607692718506
tf.Tensor(-11036.789860801618, shape=(), dtype=float64)
nll_grad  cost time: 2.7092878818511963
tf.Tensor(-11037.897849868008, shape=(), dtype=float64)
nll_grad  cost time: 2.6753499507904053
tf.Tensor(-11039.433522352803, shape=(), dtype=float64)
nll_grad  cost time: 2.8757033348083496
tf.Tensor(-11041.179924938115, shape=(), dtype=float64)
nll_grad  cost time: 2.8722715377807617
tf.Tensor(-11042.765330635797, shape=(), dtype=float64)
nll_grad  cost time: 3.0469343662261963
tf.Tensor(-11043.686311621823, shape=(), dtype=float64)
nll_grad  cost time: 2.761080026626587
tf.Tensor(-11044.117073986374, shape=(), dtype=float64)
nll_grad  cost time: 2.8551650047302246
tf.Tensor(-11044.849966928057, shape=(), dtype=float64)
nll_grad  cost time: 2.8224332332611084
tf.Tensor(-11046.016177005382, shape=(), dtype=float64)
nll_grad  cost time: 2.786804676055908
tf.Tensor(-11047.445235361192, shape=(), dtype=float64)
nll_grad  cost time: 2.742269515991211
tf.Tensor(-11047.98526810835, shape=(), dtype=float64)
nll_grad  cost time: 2.802584171295166
tf.Tensor(-11048.82262562088, shape=(), dtype=float64)
nll_grad  cost time: 2.6847894191741943
tf.Tensor(-11049.894722702491, shape=(), dtype=float64)
nll_grad  cost time: 2.928206443786621
tf.Tensor(-11050.828361277541, shape=(), dtype=float64)
nll_grad  cost time: 2.8764877319335938
tf.Tensor(-11051.694992475772, shape=(), dtype=float64)
nll_grad  cost time: 2.7153475284576416
tf.Tensor(-11052.44405091324, shape=(), dtype=float64)
nll_grad  cost time: 2.7376456260681152
tf.Tensor(-11053.32153525899, shape=(), dtype=float64)
nll_grad  cost time: 2.8703246116638184
tf.Tensor(-11054.664487392249, shape=(), dtype=float64)
nll_grad  cost time: 2.8077127933502197
tf.Tensor(-11056.082131945033, shape=(), dtype=float64)
nll_grad  cost time: 2.9025285243988037
tf.Tensor(-11057.962954641662, shape=(), dtype=float64)
nll_grad  cost time: 2.7224018573760986
tf.Tensor(-11059.443965446852, shape=(), dtype=float64)
nll_grad  cost time: 2.904331922531128
tf.Tensor(-11061.493922155685, shape=(), dtype=float64)
nll_grad  cost time: 2.889383316040039
tf.Tensor(-11063.343140185705, shape=(), dtype=float64)
nll_grad  cost time: 2.776012897491455
tf.Tensor(-11064.904244769874, shape=(), dtype=float64)
nll_grad  cost time: 2.865410089492798
tf.Tensor(-11066.672214733633, shape=(), dtype=float64)
nll_grad  cost time: 2.6602959632873535
tf.Tensor(-11068.821319339226, shape=(), dtype=float64)
nll_grad  cost time: 2.7984821796417236
tf.Tensor(-11070.457072506411, shape=(), dtype=float64)
nll_grad  cost time: 2.810920238494873
tf.Tensor(-11072.470729319695, shape=(), dtype=float64)
nll_grad  cost time: 2.7457633018493652
tf.Tensor(-11074.105306579124, shape=(), dtype=float64)
nll_grad  cost time: 2.7536232471466064
tf.Tensor(-11075.18882268636, shape=(), dtype=float64)
nll_grad  cost time: 2.8902125358581543
tf.Tensor(-11076.6868135379, shape=(), dtype=float64)
nll_grad  cost time: 2.71431827545166
tf.Tensor(-11078.236502156591, shape=(), dtype=float64)
nll_grad  cost time: 2.688674211502075
nll_grad  cost time: 2.574509859085083
tf.Tensor(-11078.754234710223, shape=(), dtype=float64)
nll_grad  cost time: 2.7778618335723877
tf.Tensor(-11079.572389617602, shape=(), dtype=float64)
nll_grad  cost time: 3.1122944355010986
tf.Tensor(-11080.57936055166, shape=(), dtype=float64)
nll_grad  cost time: 2.836341619491577
tf.Tensor(-11081.369067756466, shape=(), dtype=float64)
nll_grad  cost time: 2.7779104709625244
tf.Tensor(-11082.385690262161, shape=(), dtype=float64)
nll_grad  cost time: 2.615791082382202
tf.Tensor(-11082.97213873735, shape=(), dtype=float64)
nll_grad  cost time: 2.8703227043151855
tf.Tensor(-11083.697270184975, shape=(), dtype=float64)
nll_grad  cost time: 2.687696933746338
tf.Tensor(-11084.578604026736, shape=(), dtype=float64)
nll_grad  cost time: 2.687105655670166
tf.Tensor(-11085.23868883029, shape=(), dtype=float64)
nll_grad  cost time: 2.753174304962158
tf.Tensor(-11085.908574330386, shape=(), dtype=float64)
nll_grad  cost time: 2.739532470703125
tf.Tensor(-11086.453361049467, shape=(), dtype=float64)
nll_grad  cost time: 2.6815059185028076
tf.Tensor(-11086.996277608463, shape=(), dtype=float64)
nll_grad  cost time: 2.7216084003448486
tf.Tensor(-11087.551420285194, shape=(), dtype=float64)
nll_grad  cost time: 2.8319623470306396
tf.Tensor(-11087.756653593944, shape=(), dtype=float64)
nll_grad  cost time: 2.617079019546509
tf.Tensor(-11088.096831786817, shape=(), dtype=float64)
nll_grad  cost time: 2.859259605407715
tf.Tensor(-11088.587173826356, shape=(), dtype=float64)
nll_grad  cost time: 2.779223918914795
tf.Tensor(-11089.163477245904, shape=(), dtype=float64)
nll_grad  cost time: 2.738232135772705
tf.Tensor(-11089.414618959468, shape=(), dtype=float64)
nll_grad  cost time: 2.6623401641845703
tf.Tensor(-11089.791739575106, shape=(), dtype=float64)
nll_grad  cost time: 2.7105050086975098
tf.Tensor(-11090.229763221065, shape=(), dtype=float64)
nll_grad  cost time: 2.721445083618164
nll_grad  cost time: 2.629155158996582
tf.Tensor(-11090.423978238156, shape=(), dtype=float64)
nll_grad  cost time: 2.6656970977783203
tf.Tensor(-11090.614611176206, shape=(), dtype=float64)
nll_grad  cost time: 2.807852268218994
tf.Tensor(-11090.743716762334, shape=(), dtype=float64)
nll_grad  cost time: 2.94928240776062
tf.Tensor(-11090.883384476814, shape=(), dtype=float64)
nll_grad  cost time: 2.6977005004882812
tf.Tensor(-11091.01702111159, shape=(), dtype=float64)
nll_grad  cost time: 2.686897039413452
tf.Tensor(-11091.20442604082, shape=(), dtype=float64)
nll_grad  cost time: 2.649839401245117
tf.Tensor(-11091.456655176718, shape=(), dtype=float64)
nll_grad  cost time: 2.6083333492279053
tf.Tensor(-11091.715562721827, shape=(), dtype=float64)
nll_grad  cost time: 2.6028575897216797
tf.Tensor(-11091.937776241823, shape=(), dtype=float64)
nll_grad  cost time: 2.653186798095703
tf.Tensor(-11092.20197231333, shape=(), dtype=float64)
nll_grad  cost time: 2.704324245452881
tf.Tensor(-11092.494775838264, shape=(), dtype=float64)
nll_grad  cost time: 2.8060338497161865
tf.Tensor(-11092.715155182666, shape=(), dtype=float64)
nll_grad  cost time: 2.724193811416626
tf.Tensor(-11092.97725529495, shape=(), dtype=float64)
nll_grad  cost time: 2.8048458099365234
tf.Tensor(-11093.347284136864, shape=(), dtype=float64)
nll_grad  cost time: 2.7908732891082764
tf.Tensor(-11093.680437188184, shape=(), dtype=float64)
nll_grad  cost time: 2.7425622940063477
tf.Tensor(-11093.912412176061, shape=(), dtype=float64)
nll_grad  cost time: 3.0415544509887695
tf.Tensor(-11094.239263104691, shape=(), dtype=float64)
nll_grad  cost time: 2.9189276695251465
tf.Tensor(-11094.660056519853, shape=(), dtype=float64)
nll_grad  cost time: 2.726891040802002
tf.Tensor(-11095.019760831436, shape=(), dtype=float64)
nll_grad  cost time: 2.695537805557251
tf.Tensor(-11095.248823481872, shape=(), dtype=float64)
nll_grad  cost time: 2.817420244216919
tf.Tensor(-11095.564320702812, shape=(), dtype=float64)
nll_grad  cost time: 2.716054916381836
tf.Tensor(-11095.873836966093, shape=(), dtype=float64)
nll_grad  cost time: 2.7308123111724854
tf.Tensor(-11096.17957001012, shape=(), dtype=float64)
nll_grad  cost time: 2.695862293243408
tf.Tensor(-11096.54902879771, shape=(), dtype=float64)
nll_grad  cost time: 2.8163747787475586
tf.Tensor(-11097.013342120634, shape=(), dtype=float64)
nll_grad  cost time: 2.8218002319335938
tf.Tensor(-11097.42545800575, shape=(), dtype=float64)
nll_grad  cost time: 2.7231669425964355
tf.Tensor(-11097.7600937581, shape=(), dtype=float64)
nll_grad  cost time: 2.7229907512664795
tf.Tensor(-11098.19092598443, shape=(), dtype=float64)
nll_grad  cost time: 2.7299463748931885
tf.Tensor(-11098.529092730116, shape=(), dtype=float64)
nll_grad  cost time: 2.6565515995025635
tf.Tensor(-11098.803320695048, shape=(), dtype=float64)
nll_grad  cost time: 2.5871963500976562
tf.Tensor(-11099.06730757136, shape=(), dtype=float64)
nll_grad  cost time: 2.5576345920562744
tf.Tensor(-11099.360987192988, shape=(), dtype=float64)
nll_grad  cost time: 2.5618155002593994
tf.Tensor(-11099.70664993048, shape=(), dtype=float64)
nll_grad  cost time: 2.6216745376586914
tf.Tensor(-11100.102247099398, shape=(), dtype=float64)
nll_grad  cost time: 2.7682483196258545
tf.Tensor(-11100.522348428867, shape=(), dtype=float64)
nll_grad  cost time: 2.8245699405670166
tf.Tensor(-11100.918972942878, shape=(), dtype=float64)
nll_grad  cost time: 2.8548872470855713
tf.Tensor(-11101.419688750217, shape=(), dtype=float64)
nll_grad  cost time: 2.733362913131714
tf.Tensor(-11101.759614476912, shape=(), dtype=float64)
nll_grad  cost time: 2.9596354961395264
tf.Tensor(-11102.220152917727, shape=(), dtype=float64)
nll_grad  cost time: 2.7330563068389893
tf.Tensor(-11102.610051154514, shape=(), dtype=float64)
nll_grad  cost time: 2.7930400371551514
tf.Tensor(-11102.948065174825, shape=(), dtype=float64)
nll_grad  cost time: 2.75813627243042
tf.Tensor(-11103.295102853466, shape=(), dtype=float64)
nll_grad  cost time: 2.8019025325775146
tf.Tensor(-11103.656503299278, shape=(), dtype=float64)
nll_grad  cost time: 2.707303762435913
tf.Tensor(-11104.068397096982, shape=(), dtype=float64)
nll_grad  cost time: 2.5850484371185303
tf.Tensor(-11104.409836277022, shape=(), dtype=float64)
nll_grad  cost time: 2.6812775135040283
tf.Tensor(-11104.673826486469, shape=(), dtype=float64)
nll_grad  cost time: 2.8593242168426514
tf.Tensor(-11104.965875646296, shape=(), dtype=float64)
nll_grad  cost time: 2.7106149196624756
tf.Tensor(-11105.336732980475, shape=(), dtype=float64)
nll_grad  cost time: 2.7075724601745605
tf.Tensor(-11105.852271927437, shape=(), dtype=float64)
nll_grad  cost time: 2.8331894874572754
tf.Tensor(-11106.479638218192, shape=(), dtype=float64)
nll_grad  cost time: 2.6393375396728516
tf.Tensor(-11107.03325231844, shape=(), dtype=float64)
nll_grad  cost time: 2.670952081680298
tf.Tensor(-11107.36839933034, shape=(), dtype=float64)
nll_grad  cost time: 2.714352607727051
tf.Tensor(-11107.846356645223, shape=(), dtype=float64)
nll_grad  cost time: 2.7512993812561035
tf.Tensor(-11108.328219087478, shape=(), dtype=float64)
nll_grad  cost time: 2.6112544536590576
tf.Tensor(-11108.625552455176, shape=(), dtype=float64)
nll_grad  cost time: 2.7312800884246826
tf.Tensor(-11108.965964507475, shape=(), dtype=float64)
nll_grad  cost time: 2.726097583770752
tf.Tensor(-11109.34162549835, shape=(), dtype=float64)
nll_grad  cost time: 2.8203048706054688
tf.Tensor(-11109.518437010474, shape=(), dtype=float64)
nll_grad  cost time: 2.6202232837677
tf.Tensor(-11109.799935780924, shape=(), dtype=float64)
nll_grad  cost time: 2.7240145206451416
tf.Tensor(-11110.190929030055, shape=(), dtype=float64)
nll_grad  cost time: 2.755072832107544
tf.Tensor(-11110.453192144734, shape=(), dtype=float64)
nll_grad  cost time: 2.7914788722991943
tf.Tensor(-11110.691328310508, shape=(), dtype=float64)
nll_grad  cost time: 2.7664997577667236
tf.Tensor(-11110.99598098483, shape=(), dtype=float64)
nll_grad  cost time: 2.818763256072998
tf.Tensor(-11111.327752151406, shape=(), dtype=float64)
nll_grad  cost time: 2.674506664276123
tf.Tensor(-11111.702303646547, shape=(), dtype=float64)
nll_grad  cost time: 2.5526514053344727
tf.Tensor(-11112.034432574932, shape=(), dtype=float64)
nll_grad  cost time: 2.581637144088745
tf.Tensor(-11112.422305412336, shape=(), dtype=float64)
nll_grad  cost time: 2.6517419815063477
tf.Tensor(-11112.885839551993, shape=(), dtype=float64)
nll_grad  cost time: 2.932669162750244
tf.Tensor(-11113.46665540105, shape=(), dtype=float64)
nll_grad  cost time: 2.842226266860962
tf.Tensor(-11113.940239231568, shape=(), dtype=float64)
nll_grad  cost time: 2.7369654178619385
tf.Tensor(-11114.230825935938, shape=(), dtype=float64)
nll_grad  cost time: 2.755654811859131
tf.Tensor(-11114.595583982165, shape=(), dtype=float64)
nll_grad  cost time: 2.692617177963257
tf.Tensor(-11114.97858517609, shape=(), dtype=float64)
nll_grad  cost time: 2.6390044689178467
tf.Tensor(-11115.343167173713, shape=(), dtype=float64)
nll_grad  cost time: 2.681114673614502
tf.Tensor(-11115.579328521733, shape=(), dtype=float64)
nll_grad  cost time: 2.834352970123291
tf.Tensor(-11115.802081866826, shape=(), dtype=float64)
nll_grad  cost time: 2.7178807258605957
tf.Tensor(-11116.083365101173, shape=(), dtype=float64)
nll_grad  cost time: 2.6704437732696533
tf.Tensor(-11116.47650046544, shape=(), dtype=float64)
nll_grad  cost time: 2.6315670013427734
tf.Tensor(-11116.967441839151, shape=(), dtype=float64)
nll_grad  cost time: 2.8782541751861572
tf.Tensor(-11117.321681835812, shape=(), dtype=float64)
nll_grad  cost time: 2.739522933959961
tf.Tensor(-11117.61249606997, shape=(), dtype=float64)
nll_grad  cost time: 2.7606687545776367
tf.Tensor(-11117.918992336741, shape=(), dtype=float64)
nll_grad  cost time: 2.6369946002960205
tf.Tensor(-11118.197509629132, shape=(), dtype=float64)
nll_grad  cost time: 2.7344119548797607
tf.Tensor(-11118.481681613244, shape=(), dtype=float64)
nll_grad  cost time: 2.746575117111206
tf.Tensor(-11118.816254339668, shape=(), dtype=float64)
nll_grad  cost time: 2.6142914295196533
tf.Tensor(-11119.132544643675, shape=(), dtype=float64)
nll_grad  cost time: 2.6707043647766113
tf.Tensor(-11119.48072817878, shape=(), dtype=float64)
nll_grad  cost time: 2.755641222000122
tf.Tensor(-11119.81578192217, shape=(), dtype=float64)
nll_grad  cost time: 2.7489922046661377
tf.Tensor(-11120.083562099064, shape=(), dtype=float64)
nll_grad  cost time: 2.811552047729492
tf.Tensor(-11120.348539098024, shape=(), dtype=float64)
nll_grad  cost time: 2.847822427749634
tf.Tensor(-11120.64757049374, shape=(), dtype=float64)
nll_grad  cost time: 2.7946763038635254
tf.Tensor(-11121.037808219284, shape=(), dtype=float64)
nll_grad  cost time: 2.7202258110046387
tf.Tensor(-11121.356764654649, shape=(), dtype=float64)
nll_grad  cost time: 2.7821085453033447
tf.Tensor(-11121.636256037611, shape=(), dtype=float64)
nll_grad  cost time: 2.7720983028411865
tf.Tensor(-11121.927475553635, shape=(), dtype=float64)
nll_grad  cost time: 2.745924234390259
tf.Tensor(-11122.264612949017, shape=(), dtype=float64)
nll_grad  cost time: 2.7593941688537598
tf.Tensor(-11122.51195061348, shape=(), dtype=float64)
nll_grad  cost time: 2.8502676486968994
tf.Tensor(-11122.849176478107, shape=(), dtype=float64)
nll_grad  cost time: 2.78202223777771
tf.Tensor(-11123.28079052073, shape=(), dtype=float64)
nll_grad  cost time: 2.667722702026367
tf.Tensor(-11123.63441869651, shape=(), dtype=float64)
nll_grad  cost time: 2.7244396209716797
tf.Tensor(-11124.129313964197, shape=(), dtype=float64)
nll_grad  cost time: 3.091539144515991
tf.Tensor(-11124.569840283211, shape=(), dtype=float64)
nll_grad  cost time: 2.867161989212036
tf.Tensor(-11124.876099549325, shape=(), dtype=float64)
nll_grad  cost time: 3.0234484672546387
tf.Tensor(-11125.251069247564, shape=(), dtype=float64)
nll_grad  cost time: 2.831423044204712
tf.Tensor(-11125.557190445292, shape=(), dtype=float64)
nll_grad  cost time: 2.8684909343719482
tf.Tensor(-11125.709421285068, shape=(), dtype=float64)
nll_grad  cost time: 2.754218339920044
tf.Tensor(-11125.897107832194, shape=(), dtype=float64)
nll_grad  cost time: 2.6995410919189453
tf.Tensor(-11126.059462259862, shape=(), dtype=float64)
nll_grad  cost time: 2.6669435501098633
tf.Tensor(-11126.206343823516, shape=(), dtype=float64)
nll_grad  cost time: 2.700282335281372
tf.Tensor(-11126.347502265206, shape=(), dtype=float64)
nll_grad  cost time: 2.7146708965301514
tf.Tensor(-11126.522330261902, shape=(), dtype=float64)
nll_grad  cost time: 2.773397445678711
tf.Tensor(-11126.67098053834, shape=(), dtype=float64)
nll_grad  cost time: 2.8719913959503174
tf.Tensor(-11126.875598282793, shape=(), dtype=float64)
nll_grad  cost time: 2.6980526447296143
tf.Tensor(-11127.095234924058, shape=(), dtype=float64)
nll_grad  cost time: 2.7484843730926514
tf.Tensor(-11127.258036607625, shape=(), dtype=float64)
nll_grad  cost time: 2.685746908187866
tf.Tensor(-11127.481346581171, shape=(), dtype=float64)
nll_grad  cost time: 2.661379337310791
tf.Tensor(-11127.771742875542, shape=(), dtype=float64)
nll_grad  cost time: 2.7289717197418213
tf.Tensor(-11128.033392081135, shape=(), dtype=float64)
nll_grad  cost time: 2.7047226428985596
tf.Tensor(-11128.343689634112, shape=(), dtype=float64)
nll_grad  cost time: 2.7486581802368164
tf.Tensor(-11128.71114795806, shape=(), dtype=float64)
nll_grad  cost time: 2.687681198120117
tf.Tensor(-11129.022789253322, shape=(), dtype=float64)
nll_grad  cost time: 2.728316068649292
tf.Tensor(-11129.235697251348, shape=(), dtype=float64)
nll_grad  cost time: 2.8205339908599854
tf.Tensor(-11129.503950744202, shape=(), dtype=float64)
nll_grad  cost time: 2.774007797241211
tf.Tensor(-11129.822596742597, shape=(), dtype=float64)
nll_grad  cost time: 2.680950164794922
tf.Tensor(-11130.129394468524, shape=(), dtype=float64)
nll_grad  cost time: 2.7864558696746826
tf.Tensor(-11130.470556889677, shape=(), dtype=float64)
nll_grad  cost time: 2.797335386276245
tf.Tensor(-11130.595292902357, shape=(), dtype=float64)
nll_grad  cost time: 2.7807576656341553
tf.Tensor(-11130.80233245984, shape=(), dtype=float64)
nll_grad  cost time: 2.69903302192688
tf.Tensor(-11131.11712683212, shape=(), dtype=float64)
nll_grad  cost time: 2.6957900524139404
tf.Tensor(-11131.413264362083, shape=(), dtype=float64)
nll_grad  cost time: 2.661957025527954
tf.Tensor(-11131.558775026908, shape=(), dtype=float64)
nll_grad  cost time: 2.661475658416748
tf.Tensor(-11131.7414781759, shape=(), dtype=float64)
nll_grad  cost time: 2.665567398071289
tf.Tensor(-11131.92312493578, shape=(), dtype=float64)
nll_grad  cost time: 2.7427620887756348
tf.Tensor(-11132.042770306365, shape=(), dtype=float64)
nll_grad  cost time: 2.713017463684082
tf.Tensor(-11132.205574655933, shape=(), dtype=float64)
nll_grad  cost time: 2.7387492656707764
tf.Tensor(-11132.37060979325, shape=(), dtype=float64)
nll_grad  cost time: 2.764784097671509
tf.Tensor(-11132.494717499052, shape=(), dtype=float64)
nll_grad  cost time: 2.6756649017333984
tf.Tensor(-11132.656840428108, shape=(), dtype=float64)
nll_grad  cost time: 2.7046010494232178
tf.Tensor(-11132.868254632362, shape=(), dtype=float64)
nll_grad  cost time: 2.657355308532715
tf.Tensor(-11132.98178334571, shape=(), dtype=float64)
nll_grad  cost time: 2.6592493057250977
tf.Tensor(-11133.127692764, shape=(), dtype=float64)
nll_grad  cost time: 2.6160175800323486
tf.Tensor(-11133.265280313644, shape=(), dtype=float64)
nll_grad  cost time: 2.620820999145508
tf.Tensor(-11133.389831821616, shape=(), dtype=float64)
nll_grad  cost time: 2.6619744300842285
tf.Tensor(-11133.5346992929, shape=(), dtype=float64)
nll_grad  cost time: 2.7159650325775146
tf.Tensor(-11133.71136506338, shape=(), dtype=float64)
nll_grad  cost time: 2.9601733684539795
tf.Tensor(-11133.88055908445, shape=(), dtype=float64)
nll_grad  cost time: 2.668210983276367
tf.Tensor(-11134.022179771444, shape=(), dtype=float64)
nll_grad  cost time: 2.771090507507324
tf.Tensor(-11134.213236112551, shape=(), dtype=float64)
nll_grad  cost time: 2.7811098098754883
tf.Tensor(-11134.437173811522, shape=(), dtype=float64)
nll_grad  cost time: 2.878774642944336
tf.Tensor(-11134.67921669293, shape=(), dtype=float64)
nll_grad  cost time: 2.8184168338775635
tf.Tensor(-11134.917510470037, shape=(), dtype=float64)
nll_grad  cost time: 2.7897322177886963
tf.Tensor(-11135.233535778143, shape=(), dtype=float64)
nll_grad  cost time: 2.6904921531677246
tf.Tensor(-11135.544478184196, shape=(), dtype=float64)
nll_grad  cost time: 2.691542387008667
tf.Tensor(-11135.803774870836, shape=(), dtype=float64)
nll_grad  cost time: 2.723196506500244
tf.Tensor(-11136.026904611601, shape=(), dtype=float64)
nll_grad  cost time: 2.835059881210327
tf.Tensor(-11136.244435013625, shape=(), dtype=float64)
nll_grad  cost time: 2.8045926094055176
tf.Tensor(-11136.4967157721, shape=(), dtype=float64)
nll_grad  cost time: 2.706273317337036
tf.Tensor(-11136.724067904068, shape=(), dtype=float64)
nll_grad  cost time: 2.7818188667297363
tf.Tensor(-11136.935613812484, shape=(), dtype=float64)
nll_grad  cost time: 2.6978759765625
tf.Tensor(-11137.143100861316, shape=(), dtype=float64)
nll_grad  cost time: 2.7912886142730713
tf.Tensor(-11137.36771565881, shape=(), dtype=float64)
nll_grad  cost time: 2.7695298194885254
tf.Tensor(-11137.473552807582, shape=(), dtype=float64)
nll_grad  cost time: 2.788454532623291
tf.Tensor(-11137.642414642014, shape=(), dtype=float64)
nll_grad  cost time: 2.752472400665283
tf.Tensor(-11137.830741424088, shape=(), dtype=float64)
nll_grad  cost time: 2.756105422973633
tf.Tensor(-11137.969687063569, shape=(), dtype=float64)
nll_grad  cost time: 2.767746925354004
tf.Tensor(-11138.078191528595, shape=(), dtype=float64)
nll_grad  cost time: 2.935617208480835
tf.Tensor(-11138.213733872517, shape=(), dtype=float64)
nll_grad  cost time: 2.732771635055542
tf.Tensor(-11138.379849606865, shape=(), dtype=float64)
nll_grad  cost time: 2.772768259048462
tf.Tensor(-11138.544024703853, shape=(), dtype=float64)
nll_grad  cost time: 2.7062604427337646
tf.Tensor(-11138.66475951592, shape=(), dtype=float64)
nll_grad  cost time: 2.764636754989624
tf.Tensor(-11138.781411180315, shape=(), dtype=float64)
nll_grad  cost time: 2.762484312057495
tf.Tensor(-11138.904395777652, shape=(), dtype=float64)
nll_grad  cost time: 2.719169855117798
tf.Tensor(-11139.064756853217, shape=(), dtype=float64)
nll_grad  cost time: 2.7000839710235596
tf.Tensor(-11139.228469559886, shape=(), dtype=float64)
nll_grad  cost time: 2.708130359649658
tf.Tensor(-11139.319724679443, shape=(), dtype=float64)
nll_grad  cost time: 2.759518623352051
tf.Tensor(-11139.428148553183, shape=(), dtype=float64)
nll_grad  cost time: 2.967067241668701
tf.Tensor(-11139.543179200577, shape=(), dtype=float64)
nll_grad  cost time: 2.9393863677978516
tf.Tensor(-11139.647398448076, shape=(), dtype=float64)
nll_grad  cost time: 2.766645908355713
tf.Tensor(-11139.776140567332, shape=(), dtype=float64)
nll_grad  cost time: 2.8382461071014404
tf.Tensor(-11139.872476935721, shape=(), dtype=float64)
nll_grad  cost time: 2.820674180984497
tf.Tensor(-11139.918669676688, shape=(), dtype=float64)
nll_grad  cost time: 2.825039863586426
tf.Tensor(-11139.980558323557, shape=(), dtype=float64)
nll_grad  cost time: 2.6754698753356934
tf.Tensor(-11140.043111896714, shape=(), dtype=float64)
nll_grad  cost time: 2.725600004196167
tf.Tensor(-11140.119841999873, shape=(), dtype=float64)
nll_grad  cost time: 2.8648388385772705
tf.Tensor(-11140.218056588963, shape=(), dtype=float64)
nll_grad  cost time: 2.6889307498931885
tf.Tensor(-11140.342548073782, shape=(), dtype=float64)
nll_grad  cost time: 2.6640915870666504
tf.Tensor(-11140.42720319119, shape=(), dtype=float64)
nll_grad  cost time: 2.8500919342041016
tf.Tensor(-11140.505312545834, shape=(), dtype=float64)
nll_grad  cost time: 2.7307279109954834
tf.Tensor(-11140.57761303019, shape=(), dtype=float64)
nll_grad  cost time: 2.687817335128784
tf.Tensor(-11140.654401241818, shape=(), dtype=float64)
nll_grad  cost time: 2.963581085205078
tf.Tensor(-11140.728459867758, shape=(), dtype=float64)
nll_grad  cost time: 2.6879570484161377
tf.Tensor(-11140.805845327724, shape=(), dtype=float64)
nll_grad  cost time: 2.8029236793518066
tf.Tensor(-11140.875150961161, shape=(), dtype=float64)
nll_grad  cost time: 2.7509493827819824
tf.Tensor(-11140.92178415725, shape=(), dtype=float64)
nll_grad  cost time: 2.5853166580200195
tf.Tensor(-11140.968181346963, shape=(), dtype=float64)
nll_grad  cost time: 2.7748682498931885
tf.Tensor(-11141.020379111707, shape=(), dtype=float64)
nll_grad  cost time: 2.7054996490478516
tf.Tensor(-11141.074760863608, shape=(), dtype=float64)
nll_grad  cost time: 2.6645710468292236
tf.Tensor(-11141.122174290365, shape=(), dtype=float64)
nll_grad  cost time: 2.8315892219543457
tf.Tensor(-11141.154370825181, shape=(), dtype=float64)
nll_grad  cost time: 2.880185604095459
tf.Tensor(-11141.191142417083, shape=(), dtype=float64)
nll_grad  cost time: 2.8291854858398438
tf.Tensor(-11141.238393104803, shape=(), dtype=float64)
nll_grad  cost time: 2.667078733444214
tf.Tensor(-11141.294122038387, shape=(), dtype=float64)
nll_grad  cost time: 2.628046989440918
tf.Tensor(-11141.358708440046, shape=(), dtype=float64)
nll_grad  cost time: 2.6408095359802246
tf.Tensor(-11141.400860051206, shape=(), dtype=float64)
nll_grad  cost time: 2.6857497692108154
tf.Tensor(-11141.448571119578, shape=(), dtype=float64)
nll_grad  cost time: 2.757323980331421
tf.Tensor(-11141.497470970253, shape=(), dtype=float64)
nll_grad  cost time: 2.675619125366211
tf.Tensor(-11141.539714596598, shape=(), dtype=float64)
nll_grad  cost time: 2.6690831184387207
tf.Tensor(-11141.588850419517, shape=(), dtype=float64)
nll_grad  cost time: 2.8033089637756348
tf.Tensor(-11141.641285742968, shape=(), dtype=float64)
nll_grad  cost time: 2.8202500343322754
tf.Tensor(-11141.687126809495, shape=(), dtype=float64)
nll_grad  cost time: 2.8556439876556396
tf.Tensor(-11141.728401434573, shape=(), dtype=float64)
nll_grad  cost time: 2.8942952156066895
tf.Tensor(-11141.76804652812, shape=(), dtype=float64)
nll_grad  cost time: 2.813528537750244
tf.Tensor(-11141.808471632572, shape=(), dtype=float64)
nll_grad  cost time: 2.6281471252441406
tf.Tensor(-11141.851458973764, shape=(), dtype=float64)
nll_grad  cost time: 2.648064613342285
tf.Tensor(-11141.894768927645, shape=(), dtype=float64)
nll_grad  cost time: 2.6747753620147705
tf.Tensor(-11141.933093613874, shape=(), dtype=float64)
nll_grad  cost time: 2.6873040199279785
tf.Tensor(-11141.974128573305, shape=(), dtype=float64)
nll_grad  cost time: 2.638648748397827
tf.Tensor(-11142.008411880954, shape=(), dtype=float64)
nll_grad  cost time: 2.593263864517212
tf.Tensor(-11142.040351158194, shape=(), dtype=float64)
nll_grad  cost time: 2.562056541442871
tf.Tensor(-11142.069564803649, shape=(), dtype=float64)
nll_grad  cost time: 2.725783586502075
tf.Tensor(-11142.100901486849, shape=(), dtype=float64)
nll_grad  cost time: 2.7539026737213135
tf.Tensor(-11142.139327071362, shape=(), dtype=float64)
nll_grad  cost time: 2.719083309173584
tf.Tensor(-11142.178744358935, shape=(), dtype=float64)
nll_grad  cost time: 2.755084276199341
tf.Tensor(-11142.231233854314, shape=(), dtype=float64)
nll_grad  cost time: 2.7093584537506104
tf.Tensor(-11142.284688428419, shape=(), dtype=float64)
nll_grad  cost time: 2.880554676055908
tf.Tensor(-11142.320950487454, shape=(), dtype=float64)
nll_grad  cost time: 2.8308675289154053
tf.Tensor(-11142.356992598061, shape=(), dtype=float64)
nll_grad  cost time: 2.816485643386841
tf.Tensor(-11142.388299030288, shape=(), dtype=float64)
nll_grad  cost time: 2.6766715049743652
tf.Tensor(-11142.408641755092, shape=(), dtype=float64)
nll_grad  cost time: 2.6157426834106445
tf.Tensor(-11142.438519169975, shape=(), dtype=float64)
nll_grad  cost time: 2.659693717956543
tf.Tensor(-11142.478466177512, shape=(), dtype=float64)
nll_grad  cost time: 2.9032516479492188
tf.Tensor(-11142.507097106165, shape=(), dtype=float64)
nll_grad  cost time: 2.6962692737579346
tf.Tensor(-11142.529131481855, shape=(), dtype=float64)
nll_grad  cost time: 2.7458348274230957
tf.Tensor(-11142.54096727951, shape=(), dtype=float64)
nll_grad  cost time: 2.7822790145874023
tf.Tensor(-11142.559971372772, shape=(), dtype=float64)
nll_grad  cost time: 2.6648151874542236
tf.Tensor(-11142.587562802139, shape=(), dtype=float64)
nll_grad  cost time: 2.720507860183716
tf.Tensor(-11142.61492946001, shape=(), dtype=float64)
nll_grad  cost time: 2.6932125091552734
tf.Tensor(-11142.637216850097, shape=(), dtype=float64)
nll_grad  cost time: 2.829474687576294
tf.Tensor(-11142.658369699206, shape=(), dtype=float64)
nll_grad  cost time: 2.6909098625183105
tf.Tensor(-11142.681090441132, shape=(), dtype=float64)
nll_grad  cost time: 2.691819190979004
tf.Tensor(-11142.709885254035, shape=(), dtype=float64)
nll_grad  cost time: 2.681912899017334
tf.Tensor(-11142.74364902495, shape=(), dtype=float64)
nll_grad  cost time: 2.7962210178375244
tf.Tensor(-11142.790987075394, shape=(), dtype=float64)
nll_grad  cost time: 2.655019760131836
tf.Tensor(-11142.853483060393, shape=(), dtype=float64)
nll_grad  cost time: 2.7766530513763428
tf.Tensor(-11142.909587046672, shape=(), dtype=float64)
nll_grad  cost time: 2.7460851669311523
tf.Tensor(-11142.952586981435, shape=(), dtype=float64)
nll_grad  cost time: 2.792020559310913
tf.Tensor(-11143.011249290299, shape=(), dtype=float64)
nll_grad  cost time: 2.7555575370788574
tf.Tensor(-11143.07314040813, shape=(), dtype=float64)
nll_grad  cost time: 2.755218982696533
tf.Tensor(-11143.125873707944, shape=(), dtype=float64)
nll_grad  cost time: 2.7405824661254883
tf.Tensor(-11143.18770209006, shape=(), dtype=float64)
nll_grad  cost time: 2.632412910461426
tf.Tensor(-11143.260560446934, shape=(), dtype=float64)
nll_grad  cost time: 2.7124056816101074
tf.Tensor(-11143.337351849943, shape=(), dtype=float64)
nll_grad  cost time: 2.6858363151550293
tf.Tensor(-11143.40726519882, shape=(), dtype=float64)
nll_grad  cost time: 2.7904701232910156
tf.Tensor(-11143.50877357744, shape=(), dtype=float64)
nll_grad  cost time: 2.6841485500335693
tf.Tensor(-11143.612601332712, shape=(), dtype=float64)
nll_grad  cost time: 2.840578079223633
tf.Tensor(-11143.672254414196, shape=(), dtype=float64)
nll_grad  cost time: 2.72359037399292
tf.Tensor(-11143.733831554606, shape=(), dtype=float64)
nll_grad  cost time: 2.748469352722168
tf.Tensor(-11143.818911451648, shape=(), dtype=float64)
nll_grad  cost time: 2.881441116333008
tf.Tensor(-11143.938083813207, shape=(), dtype=float64)
nll_grad  cost time: 2.7555034160614014
tf.Tensor(-11144.087411280865, shape=(), dtype=float64)
nll_grad  cost time: 2.821317195892334
tf.Tensor(-11144.268853553178, shape=(), dtype=float64)
nll_grad  cost time: 2.6148412227630615
tf.Tensor(-11144.459125304551, shape=(), dtype=float64)
nll_grad  cost time: 2.688544511795044
tf.Tensor(-11144.678129013319, shape=(), dtype=float64)
nll_grad  cost time: 2.6654253005981445
tf.Tensor(-11144.9374889762, shape=(), dtype=float64)
nll_grad  cost time: 2.729585647583008
tf.Tensor(-11145.092077311252, shape=(), dtype=float64)
nll_grad  cost time: 2.6301519870758057
tf.Tensor(-11145.153893479042, shape=(), dtype=float64)
nll_grad  cost time: 2.708338737487793
tf.Tensor(-11145.25030612987, shape=(), dtype=float64)
nll_grad  cost time: 2.8098270893096924
tf.Tensor(-11145.374877114413, shape=(), dtype=float64)
nll_grad  cost time: 2.710415840148926
tf.Tensor(-11145.467798219812, shape=(), dtype=float64)
nll_grad  cost time: 2.731114387512207
tf.Tensor(-11145.58399528825, shape=(), dtype=float64)
nll_grad  cost time: 2.6613965034484863
tf.Tensor(-11145.745000891247, shape=(), dtype=float64)
nll_grad  cost time: 2.637946605682373
tf.Tensor(-11145.989258237489, shape=(), dtype=float64)
nll_grad  cost time: 2.591073513031006
tf.Tensor(-11146.266847904475, shape=(), dtype=float64)
nll_grad  cost time: 2.6663317680358887
tf.Tensor(-11146.562437611341, shape=(), dtype=float64)
nll_grad  cost time: 2.6870315074920654
tf.Tensor(-11146.84004569702, shape=(), dtype=float64)
nll_grad  cost time: 2.8910470008850098
tf.Tensor(-11147.161954204874, shape=(), dtype=float64)
nll_grad  cost time: 2.6544265747070312
tf.Tensor(-11147.477937505428, shape=(), dtype=float64)
nll_grad  cost time: 2.6993625164031982
tf.Tensor(-11147.729847445415, shape=(), dtype=float64)
nll_grad  cost time: 2.698939800262451
tf.Tensor(-11148.014694348796, shape=(), dtype=float64)
nll_grad  cost time: 2.6304688453674316
tf.Tensor(-11148.410752876733, shape=(), dtype=float64)
nll_grad  cost time: 2.772265911102295
tf.Tensor(-11148.987679086013, shape=(), dtype=float64)
nll_grad  cost time: 2.7563929557800293
tf.Tensor(-11149.685616308007, shape=(), dtype=float64)
nll_grad  cost time: 2.7913894653320312
tf.Tensor(-11150.184723165105, shape=(), dtype=float64)
nll_grad  cost time: 2.6170687675476074
tf.Tensor(-11150.438929465337, shape=(), dtype=float64)
nll_grad  cost time: 2.6431307792663574
tf.Tensor(-11150.843348831524, shape=(), dtype=float64)
nll_grad  cost time: 2.643380880355835
tf.Tensor(-11151.445804685909, shape=(), dtype=float64)
nll_grad  cost time: 2.802668571472168
tf.Tensor(-11151.979307179858, shape=(), dtype=float64)
nll_grad  cost time: 2.790867567062378
tf.Tensor(-11152.64063119371, shape=(), dtype=float64)
nll_grad  cost time: 2.7597320079803467
tf.Tensor(-11152.981816722153, shape=(), dtype=float64)
nll_grad  cost time: 2.6376023292541504
tf.Tensor(-11153.543450335812, shape=(), dtype=float64)
nll_grad  cost time: 2.578864336013794
tf.Tensor(-11154.306983601935, shape=(), dtype=float64)
nll_grad  cost time: 2.6290500164031982
nll_grad  cost time: 2.5623579025268555
tf.Tensor(-11154.718628070397, shape=(), dtype=float64)
nll_grad  cost time: 2.6484642028808594
tf.Tensor(-11154.992840288705, shape=(), dtype=float64)
nll_grad  cost time: 2.844571828842163
tf.Tensor(-11155.363150555902, shape=(), dtype=float64)
nll_grad  cost time: 2.6217029094696045
tf.Tensor(-11155.756844668182, shape=(), dtype=float64)
nll_grad  cost time: 2.6372194290161133
tf.Tensor(-11156.1279991232, shape=(), dtype=float64)
nll_grad  cost time: 2.893909454345703
tf.Tensor(-11156.523742875343, shape=(), dtype=float64)
nll_grad  cost time: 2.8234212398529053
tf.Tensor(-11156.977426030113, shape=(), dtype=float64)
nll_grad  cost time: 2.982543706893921
tf.Tensor(-11157.5946084647, shape=(), dtype=float64)
nll_grad  cost time: 2.8768091201782227
tf.Tensor(-11158.175395376493, shape=(), dtype=float64)
nll_grad  cost time: 2.8984498977661133
tf.Tensor(-11158.787772591422, shape=(), dtype=float64)
nll_grad  cost time: 2.830624580383301
tf.Tensor(-11159.329240973952, shape=(), dtype=float64)
nll_grad  cost time: 2.8731298446655273
tf.Tensor(-11160.022527586214, shape=(), dtype=float64)
nll_grad  cost time: 2.8720974922180176
tf.Tensor(-11160.545264585227, shape=(), dtype=float64)
nll_grad  cost time: 2.9354522228240967
tf.Tensor(-11161.152914847913, shape=(), dtype=float64)
nll_grad  cost time: 2.7859442234039307
tf.Tensor(-11161.790399073816, shape=(), dtype=float64)
nll_grad  cost time: 2.699190855026245
tf.Tensor(-11162.29990327698, shape=(), dtype=float64)
nll_grad  cost time: 2.865017890930176
tf.Tensor(-11162.897012424273, shape=(), dtype=float64)
nll_grad  cost time: 2.8410844802856445
tf.Tensor(-11163.671972163424, shape=(), dtype=float64)
nll_grad  cost time: 2.912330150604248
tf.Tensor(-11164.55110993901, shape=(), dtype=float64)
nll_grad  cost time: 2.7874302864074707
tf.Tensor(-11165.49591878755, shape=(), dtype=float64)
nll_grad  cost time: 2.8261144161224365
tf.Tensor(-11166.454511409554, shape=(), dtype=float64)
nll_grad  cost time: 2.781162738800049
tf.Tensor(-11167.708279592274, shape=(), dtype=float64)
nll_grad  cost time: 2.7268857955932617
tf.Tensor(-11168.960401249515, shape=(), dtype=float64)
nll_grad  cost time: 2.7047691345214844
tf.Tensor(-11169.457943225894, shape=(), dtype=float64)
nll_grad  cost time: 2.781522512435913
tf.Tensor(-11170.216397991, shape=(), dtype=float64)
nll_grad  cost time: 2.731718063354492
tf.Tensor(-11171.036180657971, shape=(), dtype=float64)
nll_grad  cost time: 2.8599154949188232
tf.Tensor(-11171.572746265174, shape=(), dtype=float64)
nll_grad  cost time: 2.7831807136535645
tf.Tensor(-11172.227449440503, shape=(), dtype=float64)
nll_grad  cost time: 2.7801175117492676
tf.Tensor(-11172.815602067012, shape=(), dtype=float64)
nll_grad  cost time: 2.6771979331970215
tf.Tensor(-11173.305664371577, shape=(), dtype=float64)
nll_grad  cost time: 2.647268295288086
tf.Tensor(-11173.685062511904, shape=(), dtype=float64)
nll_grad  cost time: 2.6495463848114014
tf.Tensor(-11174.147386351491, shape=(), dtype=float64)
nll_grad  cost time: 2.5938048362731934
tf.Tensor(-11174.625299483949, shape=(), dtype=float64)
nll_grad  cost time: 2.599764108657837
tf.Tensor(-11175.135206112434, shape=(), dtype=float64)
nll_grad  cost time: 2.6766483783721924
tf.Tensor(-11175.827524427676, shape=(), dtype=float64)
nll_grad  cost time: 2.634964942932129
tf.Tensor(-11176.645474894394, shape=(), dtype=float64)
nll_grad  cost time: 2.6416749954223633
tf.Tensor(-11177.267153132663, shape=(), dtype=float64)
nll_grad  cost time: 2.676438808441162
tf.Tensor(-11177.758995343209, shape=(), dtype=float64)
nll_grad  cost time: 2.7979531288146973
tf.Tensor(-11178.49942851267, shape=(), dtype=float64)
nll_grad  cost time: 2.764630079269409
tf.Tensor(-11179.437801138018, shape=(), dtype=float64)
nll_grad  cost time: 2.7042346000671387
tf.Tensor(-11179.83982728007, shape=(), dtype=float64)
nll_grad  cost time: 2.701401948928833
tf.Tensor(-11180.341069261489, shape=(), dtype=float64)
nll_grad  cost time: 2.6085798740386963
tf.Tensor(-11180.8472675896, shape=(), dtype=float64)
nll_grad  cost time: 2.65891170501709
tf.Tensor(-11181.411859483573, shape=(), dtype=float64)
nll_grad  cost time: 2.6348283290863037
tf.Tensor(-11181.912281459721, shape=(), dtype=float64)
nll_grad  cost time: 2.6607892513275146
tf.Tensor(-11182.557786779038, shape=(), dtype=float64)
nll_grad  cost time: 2.58621883392334
tf.Tensor(-11183.018103829094, shape=(), dtype=float64)
nll_grad  cost time: 2.611436367034912
tf.Tensor(-11183.320852878522, shape=(), dtype=float64)
nll_grad  cost time: 2.598917007446289
tf.Tensor(-11183.708616848831, shape=(), dtype=float64)
nll_grad  cost time: 2.7097675800323486
tf.Tensor(-11183.97292426915, shape=(), dtype=float64)
nll_grad  cost time: 2.786895751953125
tf.Tensor(-11184.30992317979, shape=(), dtype=float64)
nll_grad  cost time: 2.704618215560913
tf.Tensor(-11184.50081671306, shape=(), dtype=float64)
nll_grad  cost time: 2.7560486793518066
tf.Tensor(-11184.75762450238, shape=(), dtype=float64)
nll_grad  cost time: 2.8051412105560303
tf.Tensor(-11185.071181623662, shape=(), dtype=float64)
nll_grad  cost time: 2.8820884227752686
tf.Tensor(-11185.393157465282, shape=(), dtype=float64)
nll_grad  cost time: 2.763195276260376
tf.Tensor(-11185.697238313955, shape=(), dtype=float64)
nll_grad  cost time: 2.7583138942718506
tf.Tensor(-11186.034937769835, shape=(), dtype=float64)
nll_grad  cost time: 2.74937105178833
tf.Tensor(-11186.42686557, shape=(), dtype=float64)
nll_grad  cost time: 2.663940668106079
tf.Tensor(-11186.825573390382, shape=(), dtype=float64)
nll_grad  cost time: 2.6257009506225586
tf.Tensor(-11187.246871932477, shape=(), dtype=float64)
nll_grad  cost time: 2.7203025817871094
tf.Tensor(-11187.738314857992, shape=(), dtype=float64)
nll_grad  cost time: 2.6537208557128906
tf.Tensor(-11188.266127044306, shape=(), dtype=float64)
nll_grad  cost time: 2.658860683441162
tf.Tensor(-11188.638416567093, shape=(), dtype=float64)
nll_grad  cost time: 2.6316206455230713
tf.Tensor(-11189.025976519362, shape=(), dtype=float64)
nll_grad  cost time: 2.601339101791382
tf.Tensor(-11189.453651904485, shape=(), dtype=float64)
nll_grad  cost time: 2.7134616374969482
tf.Tensor(-11189.791596382936, shape=(), dtype=float64)
nll_grad  cost time: 2.8403894901275635
tf.Tensor(-11190.142479704951, shape=(), dtype=float64)
nll_grad  cost time: 2.745020627975464
tf.Tensor(-11190.47094203717, shape=(), dtype=float64)
nll_grad  cost time: 2.689640522003174
tf.Tensor(-11190.814246975297, shape=(), dtype=float64)
nll_grad  cost time: 2.7074265480041504
tf.Tensor(-11191.183469753669, shape=(), dtype=float64)
nll_grad  cost time: 2.7054474353790283
tf.Tensor(-11191.61330397884, shape=(), dtype=float64)
nll_grad  cost time: 2.7770395278930664
tf.Tensor(-11192.088956470507, shape=(), dtype=float64)
nll_grad  cost time: 2.7451705932617188
tf.Tensor(-11192.641464178014, shape=(), dtype=float64)
nll_grad  cost time: 2.7490270137786865
tf.Tensor(-11193.261249725378, shape=(), dtype=float64)
nll_grad  cost time: 2.627896547317505
tf.Tensor(-11193.708266083648, shape=(), dtype=float64)
nll_grad  cost time: 2.6509182453155518
tf.Tensor(-11194.009601389158, shape=(), dtype=float64)
nll_grad  cost time: 2.659722328186035
tf.Tensor(-11194.36170059169, shape=(), dtype=float64)
nll_grad  cost time: 2.622643232345581
tf.Tensor(-11194.611575655315, shape=(), dtype=float64)
nll_grad  cost time: 2.6983425617218018
tf.Tensor(-11194.93817011055, shape=(), dtype=float64)
nll_grad  cost time: 2.776806116104126
tf.Tensor(-11195.25688956194, shape=(), dtype=float64)
nll_grad  cost time: 2.643620252609253
tf.Tensor(-11195.578321320092, shape=(), dtype=float64)
nll_grad  cost time: 2.7361886501312256
tf.Tensor(-11195.968916751443, shape=(), dtype=float64)
nll_grad  cost time: 2.9866905212402344
tf.Tensor(-11196.32907930651, shape=(), dtype=float64)
nll_grad  cost time: 2.759957790374756
tf.Tensor(-11196.547072636438, shape=(), dtype=float64)
nll_grad  cost time: 2.7110090255737305
tf.Tensor(-11196.858193269722, shape=(), dtype=float64)
nll_grad  cost time: 2.712111711502075
tf.Tensor(-11197.198619367513, shape=(), dtype=float64)
nll_grad  cost time: 2.750869035720825
tf.Tensor(-11197.430753842262, shape=(), dtype=float64)
nll_grad  cost time: 2.743295192718506
tf.Tensor(-11197.742041731239, shape=(), dtype=float64)
nll_grad  cost time: 2.785618782043457
tf.Tensor(-11198.055113287963, shape=(), dtype=float64)
nll_grad  cost time: 2.739025592803955
tf.Tensor(-11198.271340758865, shape=(), dtype=float64)
nll_grad  cost time: 2.7255706787109375
tf.Tensor(-11198.546396315569, shape=(), dtype=float64)
nll_grad  cost time: 2.707608461380005
tf.Tensor(-11198.878537978293, shape=(), dtype=float64)
nll_grad  cost time: 2.7302634716033936
tf.Tensor(-11199.264950831242, shape=(), dtype=float64)
nll_grad  cost time: 2.878913640975952
tf.Tensor(-11199.576984492272, shape=(), dtype=float64)
nll_grad  cost time: 2.874755382537842
tf.Tensor(-11199.797261194077, shape=(), dtype=float64)
nll_grad  cost time: 2.9234044551849365
tf.Tensor(-11200.088131603956, shape=(), dtype=float64)
nll_grad  cost time: 2.690343141555786
tf.Tensor(-11200.394555346666, shape=(), dtype=float64)
nll_grad  cost time: 2.6915900707244873
tf.Tensor(-11200.655160952349, shape=(), dtype=float64)
nll_grad  cost time: 2.7113518714904785
tf.Tensor(-11200.929015148986, shape=(), dtype=float64)
nll_grad  cost time: 2.7661991119384766
tf.Tensor(-11201.105332572763, shape=(), dtype=float64)
nll_grad  cost time: 2.6638035774230957
tf.Tensor(-11201.248011753665, shape=(), dtype=float64)
nll_grad  cost time: 2.7534029483795166
tf.Tensor(-11201.435067228169, shape=(), dtype=float64)
nll_grad  cost time: 2.7577037811279297
tf.Tensor(-11201.654957322182, shape=(), dtype=float64)
nll_grad  cost time: 2.7732317447662354
tf.Tensor(-11201.86592255337, shape=(), dtype=float64)
nll_grad  cost time: 2.768447160720825
tf.Tensor(-11202.110037786135, shape=(), dtype=float64)
nll_grad  cost time: 2.6287546157836914
tf.Tensor(-11202.363241649353, shape=(), dtype=float64)
nll_grad  cost time: 2.6879687309265137
tf.Tensor(-11202.59401083447, shape=(), dtype=float64)
nll_grad  cost time: 2.7860915660858154
tf.Tensor(-11202.691596408327, shape=(), dtype=float64)
nll_grad  cost time: 2.7612452507019043
tf.Tensor(-11202.8168430031, shape=(), dtype=float64)
nll_grad  cost time: 2.727092981338501
tf.Tensor(-11202.851104732177, shape=(), dtype=float64)
nll_grad  cost time: 2.8079135417938232
tf.Tensor(-11202.909953291222, shape=(), dtype=float64)
nll_grad  cost time: 2.8071343898773193
tf.Tensor(-11203.000314447387, shape=(), dtype=float64)
nll_grad  cost time: 2.9538590908050537
tf.Tensor(-11203.098833483637, shape=(), dtype=float64)
nll_grad  cost time: 2.7882556915283203
tf.Tensor(-11203.172239070058, shape=(), dtype=float64)
nll_grad  cost time: 2.9326701164245605
tf.Tensor(-11203.275501900484, shape=(), dtype=float64)
nll_grad  cost time: 2.7151591777801514
tf.Tensor(-11203.378152963318, shape=(), dtype=float64)
nll_grad  cost time: 2.8942418098449707
tf.Tensor(-11203.47083455939, shape=(), dtype=float64)
nll_grad  cost time: 2.674170970916748
tf.Tensor(-11203.600827189899, shape=(), dtype=float64)
nll_grad  cost time: 2.6882436275482178
tf.Tensor(-11203.757743563847, shape=(), dtype=float64)
nll_grad  cost time: 2.684344530105591
tf.Tensor(-11203.895540824584, shape=(), dtype=float64)
nll_grad  cost time: 2.7905590534210205
tf.Tensor(-11204.062868234618, shape=(), dtype=float64)
nll_grad  cost time: 2.6842668056488037
tf.Tensor(-11204.180850054543, shape=(), dtype=float64)
nll_grad  cost time: 2.6302008628845215
tf.Tensor(-11204.216027563125, shape=(), dtype=float64)
nll_grad  cost time: 2.650947332382202
tf.Tensor(-11204.277584127885, shape=(), dtype=float64)
nll_grad  cost time: 2.702636241912842
tf.Tensor(-11204.376257703, shape=(), dtype=float64)
nll_grad  cost time: 2.90632700920105
tf.Tensor(-11204.48189931938, shape=(), dtype=float64)
nll_grad  cost time: 2.7618141174316406
tf.Tensor(-11204.534128482861, shape=(), dtype=float64)
nll_grad  cost time: 2.939701557159424
tf.Tensor(-11204.616429472075, shape=(), dtype=float64)
nll_grad  cost time: 2.670908212661743
tf.Tensor(-11204.715115095012, shape=(), dtype=float64)
nll_grad  cost time: 2.6346795558929443
tf.Tensor(-11204.777013251492, shape=(), dtype=float64)
nll_grad  cost time: 2.646414041519165
tf.Tensor(-11204.847655662878, shape=(), dtype=float64)
nll_grad  cost time: 2.5839037895202637
tf.Tensor(-11204.939189859215, shape=(), dtype=float64)
nll_grad  cost time: 2.662100076675415
tf.Tensor(-11205.00122433167, shape=(), dtype=float64)
nll_grad  cost time: 2.6545920372009277
tf.Tensor(-11205.077131785743, shape=(), dtype=float64)
nll_grad  cost time: 2.703641653060913
tf.Tensor(-11205.174242216985, shape=(), dtype=float64)
nll_grad  cost time: 2.7354390621185303
tf.Tensor(-11205.269007244768, shape=(), dtype=float64)
nll_grad  cost time: 2.8754096031188965
tf.Tensor(-11205.363224247005, shape=(), dtype=float64)
nll_grad  cost time: 2.7217330932617188
tf.Tensor(-11205.451791994252, shape=(), dtype=float64)
nll_grad  cost time: 2.7769131660461426
tf.Tensor(-11205.564998587972, shape=(), dtype=float64)
nll_grad  cost time: 2.616380453109741
tf.Tensor(-11205.692689833755, shape=(), dtype=float64)
nll_grad  cost time: 2.6717700958251953
tf.Tensor(-11205.812912581594, shape=(), dtype=float64)
nll_grad  cost time: 2.6871771812438965
tf.Tensor(-11205.941073792306, shape=(), dtype=float64)
nll_grad  cost time: 2.694187879562378
tf.Tensor(-11206.066700271676, shape=(), dtype=float64)
nll_grad  cost time: 2.6875874996185303
tf.Tensor(-11206.168318380074, shape=(), dtype=float64)
nll_grad  cost time: 2.6158950328826904
tf.Tensor(-11206.302778177012, shape=(), dtype=float64)
nll_grad  cost time: 2.627394199371338
tf.Tensor(-11206.478662607778, shape=(), dtype=float64)
nll_grad  cost time: 2.6748766899108887
tf.Tensor(-11206.653256524998, shape=(), dtype=float64)
nll_grad  cost time: 2.9513654708862305
tf.Tensor(-11206.829228899684, shape=(), dtype=float64)
nll_grad  cost time: 2.6293511390686035
tf.Tensor(-11206.995259475272, shape=(), dtype=float64)
nll_grad  cost time: 2.5080320835113525
tf.Tensor(-11207.190758723274, shape=(), dtype=float64)
nll_grad  cost time: 2.566683769226074
tf.Tensor(-11207.305072614254, shape=(), dtype=float64)
nll_grad  cost time: 2.6154541969299316
tf.Tensor(-11207.377118246695, shape=(), dtype=float64)
nll_grad  cost time: 2.6180505752563477
tf.Tensor(-11207.483533919047, shape=(), dtype=float64)
nll_grad  cost time: 2.6331663131713867
tf.Tensor(-11207.60245285913, shape=(), dtype=float64)
nll_grad  cost time: 2.716975450515747
tf.Tensor(-11207.691186409538, shape=(), dtype=float64)
nll_grad  cost time: 2.6790032386779785
tf.Tensor(-11207.822940921924, shape=(), dtype=float64)
nll_grad  cost time: 2.762568473815918
tf.Tensor(-11207.975623649232, shape=(), dtype=float64)
nll_grad  cost time: 2.834348201751709
tf.Tensor(-11208.12337273551, shape=(), dtype=float64)
nll_grad  cost time: 2.974153995513916
tf.Tensor(-11208.310267201576, shape=(), dtype=float64)
nll_grad  cost time: 2.8263533115386963
tf.Tensor(-11208.45480727229, shape=(), dtype=float64)
nll_grad  cost time: 2.837726593017578
tf.Tensor(-11208.584842541713, shape=(), dtype=float64)
nll_grad  cost time: 2.7526285648345947
tf.Tensor(-11208.712481059527, shape=(), dtype=float64)
nll_grad  cost time: 2.859553098678589
tf.Tensor(-11208.87409827776, shape=(), dtype=float64)
nll_grad  cost time: 2.796612501144409
tf.Tensor(-11209.077572550152, shape=(), dtype=float64)
nll_grad  cost time: 2.6910321712493896
tf.Tensor(-11209.225581740857, shape=(), dtype=float64)
nll_grad  cost time: 2.691781520843506
tf.Tensor(-11209.32096320008, shape=(), dtype=float64)
nll_grad  cost time: 2.6603028774261475
tf.Tensor(-11209.42812151925, shape=(), dtype=float64)
nll_grad  cost time: 2.675837755203247
tf.Tensor(-11209.557999169561, shape=(), dtype=float64)
nll_grad  cost time: 2.833117723464966
tf.Tensor(-11209.658205763, shape=(), dtype=float64)
nll_grad  cost time: 2.783257007598877
tf.Tensor(-11209.770272719761, shape=(), dtype=float64)
nll_grad  cost time: 2.647836208343506
tf.Tensor(-11209.834237788735, shape=(), dtype=float64)
nll_grad  cost time: 2.6634159088134766
tf.Tensor(-11209.917853637658, shape=(), dtype=float64)
nll_grad  cost time: 2.6282942295074463
tf.Tensor(-11209.995933097543, shape=(), dtype=float64)
nll_grad  cost time: 2.679692268371582
tf.Tensor(-11210.060509883599, shape=(), dtype=float64)
nll_grad  cost time: 2.6519598960876465
tf.Tensor(-11210.137952132804, shape=(), dtype=float64)
nll_grad  cost time: 2.752126932144165
tf.Tensor(-11210.219625252337, shape=(), dtype=float64)
nll_grad  cost time: 2.686084270477295
tf.Tensor(-11210.29736327089, shape=(), dtype=float64)
nll_grad  cost time: 2.7021799087524414
tf.Tensor(-11210.38996246268, shape=(), dtype=float64)
nll_grad  cost time: 2.693197250366211
tf.Tensor(-11210.461764620977, shape=(), dtype=float64)
nll_grad  cost time: 2.7049508094787598
tf.Tensor(-11210.524907861829, shape=(), dtype=float64)
nll_grad  cost time: 2.852141857147217
tf.Tensor(-11210.57550843574, shape=(), dtype=float64)
nll_grad  cost time: 2.6820762157440186
tf.Tensor(-11210.641489383132, shape=(), dtype=float64)
nll_grad  cost time: 2.7682957649230957
tf.Tensor(-11210.70705247093, shape=(), dtype=float64)
nll_grad  cost time: 2.775428533554077
tf.Tensor(-11210.766095443169, shape=(), dtype=float64)
nll_grad  cost time: 2.8110806941986084
tf.Tensor(-11210.835153233544, shape=(), dtype=float64)
nll_grad  cost time: 2.7269957065582275
tf.Tensor(-11210.895387354327, shape=(), dtype=float64)
nll_grad  cost time: 2.7330009937286377
tf.Tensor(-11210.949662923547, shape=(), dtype=float64)
nll_grad  cost time: 2.7695531845092773
tf.Tensor(-11211.031197925333, shape=(), dtype=float64)
nll_grad  cost time: 2.569657564163208
tf.Tensor(-11211.140720370699, shape=(), dtype=float64)
nll_grad  cost time: 2.59250807762146
tf.Tensor(-11211.245289904582, shape=(), dtype=float64)
nll_grad  cost time: 2.719043731689453
tf.Tensor(-11211.360935735249, shape=(), dtype=float64)
nll_grad  cost time: 3.034428596496582
tf.Tensor(-11211.484685791409, shape=(), dtype=float64)
nll_grad  cost time: 2.7963335514068604
tf.Tensor(-11211.596081118843, shape=(), dtype=float64)
nll_grad  cost time: 2.7684566974639893
tf.Tensor(-11211.703060343, shape=(), dtype=float64)
nll_grad  cost time: 2.7630574703216553
tf.Tensor(-11211.843441175097, shape=(), dtype=float64)
nll_grad  cost time: 2.783139705657959
tf.Tensor(-11212.003554153298, shape=(), dtype=float64)
nll_grad  cost time: 2.7635958194732666
tf.Tensor(-11212.132046893603, shape=(), dtype=float64)
nll_grad  cost time: 2.7523558139801025
tf.Tensor(-11212.290993138431, shape=(), dtype=float64)
nll_grad  cost time: 2.7602686882019043
tf.Tensor(-11212.469849473331, shape=(), dtype=float64)
nll_grad  cost time: 2.7540297508239746
tf.Tensor(-11212.592173899036, shape=(), dtype=float64)
nll_grad  cost time: 2.8235175609588623
tf.Tensor(-11212.74601450045, shape=(), dtype=float64)
nll_grad  cost time: 2.802438735961914
tf.Tensor(-11212.904281350624, shape=(), dtype=float64)
nll_grad  cost time: 2.8108067512512207
tf.Tensor(-11213.050935066824, shape=(), dtype=float64)
nll_grad  cost time: 2.746535301208496
tf.Tensor(-11213.202062736318, shape=(), dtype=float64)
nll_grad  cost time: 2.9056546688079834
tf.Tensor(-11213.358622737882, shape=(), dtype=float64)
nll_grad  cost time: 2.731618881225586
tf.Tensor(-11213.558093910717, shape=(), dtype=float64)
nll_grad  cost time: 2.8643691539764404
tf.Tensor(-11213.759095410653, shape=(), dtype=float64)
nll_grad  cost time: 2.6952707767486572
tf.Tensor(-11213.931169038464, shape=(), dtype=float64)
nll_grad  cost time: 2.715667724609375
tf.Tensor(-11214.071565100267, shape=(), dtype=float64)
nll_grad  cost time: 2.601483106613159
tf.Tensor(-11214.211360437093, shape=(), dtype=float64)
nll_grad  cost time: 2.6614608764648438
tf.Tensor(-11214.381254421027, shape=(), dtype=float64)
nll_grad  cost time: 2.6070094108581543
tf.Tensor(-11214.53605557324, shape=(), dtype=float64)
nll_grad  cost time: 2.66620135307312
tf.Tensor(-11214.660376779346, shape=(), dtype=float64)
nll_grad  cost time: 2.7247314453125
nll_grad  cost time: 2.6449601650238037
tf.Tensor(-11214.730456520618, shape=(), dtype=float64)
nll_grad  cost time: 2.645134449005127
tf.Tensor(-11214.80763031007, shape=(), dtype=float64)
nll_grad  cost time: 2.7269091606140137
tf.Tensor(-11214.891577319588, shape=(), dtype=float64)
nll_grad  cost time: 2.76621150970459
tf.Tensor(-11214.990140094698, shape=(), dtype=float64)
nll_grad  cost time: 2.763441562652588
tf.Tensor(-11215.079836325265, shape=(), dtype=float64)
nll_grad  cost time: 2.7855265140533447
tf.Tensor(-11215.187048600328, shape=(), dtype=float64)
nll_grad  cost time: 2.7880265712738037
tf.Tensor(-11215.32523881674, shape=(), dtype=float64)
nll_grad  cost time: 2.729335069656372
tf.Tensor(-11215.478759659607, shape=(), dtype=float64)
nll_grad  cost time: 2.658870220184326
tf.Tensor(-11215.596659232211, shape=(), dtype=float64)
nll_grad  cost time: 2.813153028488159
tf.Tensor(-11215.677305665056, shape=(), dtype=float64)
nll_grad  cost time: 2.832379102706909
tf.Tensor(-11215.74262435078, shape=(), dtype=float64)
nll_grad  cost time: 2.7658472061157227
tf.Tensor(-11215.804262721389, shape=(), dtype=float64)
nll_grad  cost time: 3.025069236755371
tf.Tensor(-11215.877741653923, shape=(), dtype=float64)
nll_grad  cost time: 2.7374863624572754
tf.Tensor(-11215.914093227571, shape=(), dtype=float64)
nll_grad  cost time: 2.6360561847686768
tf.Tensor(-11215.96653559458, shape=(), dtype=float64)
nll_grad  cost time: 2.650094747543335
tf.Tensor(-11216.029739208629, shape=(), dtype=float64)
nll_grad  cost time: 2.598227024078369
tf.Tensor(-11216.08302576214, shape=(), dtype=float64)
nll_grad  cost time: 2.5839626789093018
tf.Tensor(-11216.150618172018, shape=(), dtype=float64)
nll_grad  cost time: 2.660898208618164
tf.Tensor(-11216.242895488016, shape=(), dtype=float64)
nll_grad  cost time: 2.7589266300201416
tf.Tensor(-11216.339776293386, shape=(), dtype=float64)
nll_grad  cost time: 2.874070167541504
tf.Tensor(-11216.40928910887, shape=(), dtype=float64)
nll_grad  cost time: 2.7114479541778564
tf.Tensor(-11216.486354336714, shape=(), dtype=float64)
nll_grad  cost time: 2.762373447418213
tf.Tensor(-11216.550993705903, shape=(), dtype=float64)
nll_grad  cost time: 2.689898729324341
tf.Tensor(-11216.616141597573, shape=(), dtype=float64)
nll_grad  cost time: 2.6152515411376953
tf.Tensor(-11216.672985401627, shape=(), dtype=float64)
nll_grad  cost time: 2.6073155403137207
tf.Tensor(-11216.733730919826, shape=(), dtype=float64)
nll_grad  cost time: 2.6155383586883545
tf.Tensor(-11216.784972605123, shape=(), dtype=float64)
nll_grad  cost time: 2.683905601501465
tf.Tensor(-11216.827291640633, shape=(), dtype=float64)
nll_grad  cost time: 2.6688079833984375
tf.Tensor(-11216.888565966185, shape=(), dtype=float64)
nll_grad  cost time: 2.759127140045166
tf.Tensor(-11216.964016930771, shape=(), dtype=float64)
nll_grad  cost time: 2.734217643737793
tf.Tensor(-11217.029502876449, shape=(), dtype=float64)
nll_grad  cost time: 2.692992925643921
tf.Tensor(-11217.095405597058, shape=(), dtype=float64)
nll_grad  cost time: 2.789108991622925
tf.Tensor(-11217.160264114536, shape=(), dtype=float64)
nll_grad  cost time: 2.6347732543945312
tf.Tensor(-11217.202021006316, shape=(), dtype=float64)
nll_grad  cost time: 2.8480072021484375
tf.Tensor(-11217.233459708346, shape=(), dtype=float64)
nll_grad  cost time: 2.685136556625366
tf.Tensor(-11217.269373736906, shape=(), dtype=float64)
nll_grad  cost time: 2.6284356117248535
tf.Tensor(-11217.30533590134, shape=(), dtype=float64)
nll_grad  cost time: 2.581453800201416
tf.Tensor(-11217.339716530401, shape=(), dtype=float64)
nll_grad  cost time: 2.605515956878662
tf.Tensor(-11217.376416167044, shape=(), dtype=float64)
nll_grad  cost time: 2.5374374389648438
tf.Tensor(-11217.41808438329, shape=(), dtype=float64)
nll_grad  cost time: 2.59419584274292
tf.Tensor(-11217.443887903335, shape=(), dtype=float64)
nll_grad  cost time: 2.653409957885742
tf.Tensor(-11217.475786180305, shape=(), dtype=float64)
nll_grad  cost time: 2.771906614303589
tf.Tensor(-11217.515515094798, shape=(), dtype=float64)
nll_grad  cost time: 2.7077934741973877
tf.Tensor(-11217.54268566125, shape=(), dtype=float64)
nll_grad  cost time: 2.618563413619995
tf.Tensor(-11217.573524325206, shape=(), dtype=float64)
nll_grad  cost time: 2.7074992656707764
tf.Tensor(-11217.60591745364, shape=(), dtype=float64)
nll_grad  cost time: 2.643082618713379
tf.Tensor(-11217.635208362808, shape=(), dtype=float64)
nll_grad  cost time: 2.6781935691833496
tf.Tensor(-11217.667334410073, shape=(), dtype=float64)
nll_grad  cost time: 2.653397560119629
tf.Tensor(-11217.714471789144, shape=(), dtype=float64)
nll_grad  cost time: 2.6534109115600586
tf.Tensor(-11217.771342737246, shape=(), dtype=float64)
nll_grad  cost time: 2.7481555938720703
tf.Tensor(-11217.828973130716, shape=(), dtype=float64)
nll_grad  cost time: 2.6460201740264893
tf.Tensor(-11217.885737971352, shape=(), dtype=float64)
nll_grad  cost time: 2.6703789234161377
tf.Tensor(-11217.94236525538, shape=(), dtype=float64)
nll_grad  cost time: 2.6620545387268066
tf.Tensor(-11218.007328802212, shape=(), dtype=float64)
nll_grad  cost time: 2.778820276260376
tf.Tensor(-11218.057804552176, shape=(), dtype=float64)
nll_grad  cost time: 2.589247703552246
tf.Tensor(-11218.092265045474, shape=(), dtype=float64)
nll_grad  cost time: 2.6737897396087646
tf.Tensor(-11218.123052292052, shape=(), dtype=float64)
nll_grad  cost time: 2.5842537879943848
tf.Tensor(-11218.149986308992, shape=(), dtype=float64)
nll_grad  cost time: 2.7031641006469727
tf.Tensor(-11218.167124728247, shape=(), dtype=float64)
nll_grad  cost time: 2.580864191055298
tf.Tensor(-11218.18291891952, shape=(), dtype=float64)
nll_grad  cost time: 2.5335922241210938
tf.Tensor(-11218.200391417953, shape=(), dtype=float64)
nll_grad  cost time: 2.6234383583068848
tf.Tensor(-11218.221372873919, shape=(), dtype=float64)
nll_grad  cost time: 2.6514534950256348
tf.Tensor(-11218.24127784709, shape=(), dtype=float64)
nll_grad  cost time: 2.645329236984253
tf.Tensor(-11218.259558789872, shape=(), dtype=float64)
nll_grad  cost time: 2.703331708908081
tf.Tensor(-11218.27477305108, shape=(), dtype=float64)
nll_grad  cost time: 2.7032299041748047
tf.Tensor(-11218.28955314733, shape=(), dtype=float64)
nll_grad  cost time: 2.620994806289673
tf.Tensor(-11218.305870337259, shape=(), dtype=float64)
nll_grad  cost time: 2.681203842163086
tf.Tensor(-11218.325031849945, shape=(), dtype=float64)
nll_grad  cost time: 2.708387613296509
tf.Tensor(-11218.348886144051, shape=(), dtype=float64)
nll_grad  cost time: 2.6244466304779053
tf.Tensor(-11218.374939345991, shape=(), dtype=float64)
nll_grad  cost time: 2.7598838806152344
tf.Tensor(-11218.405364128186, shape=(), dtype=float64)
nll_grad  cost time: 2.7235524654388428
tf.Tensor(-11218.437663700164, shape=(), dtype=float64)
nll_grad  cost time: 2.6551480293273926
tf.Tensor(-11218.468614858766, shape=(), dtype=float64)
nll_grad  cost time: 2.8407957553863525
tf.Tensor(-11218.499451668604, shape=(), dtype=float64)
nll_grad  cost time: 2.6160407066345215
tf.Tensor(-11218.535203663534, shape=(), dtype=float64)
nll_grad  cost time: 2.629915714263916
tf.Tensor(-11218.579659485833, shape=(), dtype=float64)
nll_grad  cost time: 2.7747395038604736
tf.Tensor(-11218.625992400217, shape=(), dtype=float64)
nll_grad  cost time: 2.6766276359558105
tf.Tensor(-11218.662878355592, shape=(), dtype=float64)
nll_grad  cost time: 2.6725809574127197
tf.Tensor(-11218.688026798842, shape=(), dtype=float64)
nll_grad  cost time: 2.6869003772735596
tf.Tensor(-11218.707804578638, shape=(), dtype=float64)
nll_grad  cost time: 2.708094358444214
tf.Tensor(-11218.729467864126, shape=(), dtype=float64)
nll_grad  cost time: 2.6669256687164307
tf.Tensor(-11218.754409111254, shape=(), dtype=float64)
nll_grad  cost time: 2.663910150527954
tf.Tensor(-11218.783254336831, shape=(), dtype=float64)
nll_grad  cost time: 2.6486423015594482
tf.Tensor(-11218.811896051668, shape=(), dtype=float64)
nll_grad  cost time: 2.695432186126709
tf.Tensor(-11218.837830216848, shape=(), dtype=float64)
nll_grad  cost time: 2.7159242630004883
tf.Tensor(-11218.862165871426, shape=(), dtype=float64)
nll_grad  cost time: 2.6102542877197266
tf.Tensor(-11218.884297360462, shape=(), dtype=float64)
nll_grad  cost time: 2.673369884490967
tf.Tensor(-11218.902219724367, shape=(), dtype=float64)
nll_grad  cost time: 2.65421462059021
tf.Tensor(-11218.918513653189, shape=(), dtype=float64)
nll_grad  cost time: 2.605823278427124
tf.Tensor(-11218.935551596342, shape=(), dtype=float64)
nll_grad  cost time: 2.7035017013549805
tf.Tensor(-11218.954742295198, shape=(), dtype=float64)
nll_grad  cost time: 2.6436479091644287
tf.Tensor(-11218.975726839031, shape=(), dtype=float64)
nll_grad  cost time: 2.5908989906311035
tf.Tensor(-11219.000853811005, shape=(), dtype=float64)
nll_grad  cost time: 2.6751437187194824
tf.Tensor(-11219.029616669244, shape=(), dtype=float64)
nll_grad  cost time: 2.6924619674682617
tf.Tensor(-11219.062319794417, shape=(), dtype=float64)
nll_grad  cost time: 2.5811054706573486
tf.Tensor(-11219.089451220174, shape=(), dtype=float64)
nll_grad  cost time: 2.630182981491089
tf.Tensor(-11219.112231543852, shape=(), dtype=float64)
nll_grad  cost time: 2.652435541152954
tf.Tensor(-11219.133348875766, shape=(), dtype=float64)
nll_grad  cost time: 2.7920753955841064
tf.Tensor(-11219.163649220616, shape=(), dtype=float64)
nll_grad  cost time: 2.8557307720184326
tf.Tensor(-11219.203338042638, shape=(), dtype=float64)
nll_grad  cost time: 2.603997230529785
tf.Tensor(-11219.245302110194, shape=(), dtype=float64)
nll_grad  cost time: 2.837548017501831
tf.Tensor(-11219.289227669726, shape=(), dtype=float64)
nll_grad  cost time: 2.676103115081787
tf.Tensor(-11219.335670776269, shape=(), dtype=float64)
nll_grad  cost time: 2.6397557258605957
tf.Tensor(-11219.363678775948, shape=(), dtype=float64)
nll_grad  cost time: 2.6830599308013916
tf.Tensor(-11219.387519303671, shape=(), dtype=float64)
nll_grad  cost time: 2.7040328979492188
tf.Tensor(-11219.41051871303, shape=(), dtype=float64)
nll_grad  cost time: 2.556668996810913
tf.Tensor(-11219.427861887054, shape=(), dtype=float64)
nll_grad  cost time: 2.606271743774414
tf.Tensor(-11219.445474887987, shape=(), dtype=float64)
nll_grad  cost time: 2.575916051864624
tf.Tensor(-11219.460024307435, shape=(), dtype=float64)
nll_grad  cost time: 2.6745219230651855
tf.Tensor(-11219.469789428587, shape=(), dtype=float64)
nll_grad  cost time: 2.7394447326660156
tf.Tensor(-11219.477272091393, shape=(), dtype=float64)
nll_grad  cost time: 2.7065060138702393
tf.Tensor(-11219.485973956453, shape=(), dtype=float64)
nll_grad  cost time: 2.6905291080474854
tf.Tensor(-11219.495885771585, shape=(), dtype=float64)
nll_grad  cost time: 2.6906368732452393
tf.Tensor(-11219.506230102766, shape=(), dtype=float64)
nll_grad  cost time: 2.6668925285339355
tf.Tensor(-11219.516387546755, shape=(), dtype=float64)
nll_grad  cost time: 2.7227942943573
tf.Tensor(-11219.527251541436, shape=(), dtype=float64)
nll_grad  cost time: 2.77121901512146
tf.Tensor(-11219.541906107104, shape=(), dtype=float64)
nll_grad  cost time: 2.7093451023101807
tf.Tensor(-11219.555953896583, shape=(), dtype=float64)
nll_grad  cost time: 2.7166643142700195
tf.Tensor(-11219.566572915006, shape=(), dtype=float64)
nll_grad  cost time: 2.771463632583618
tf.Tensor(-11219.575035844247, shape=(), dtype=float64)
nll_grad  cost time: 2.8948514461517334
tf.Tensor(-11219.58342898759, shape=(), dtype=float64)
nll_grad  cost time: 3.0125691890716553
tf.Tensor(-11219.591479882549, shape=(), dtype=float64)
nll_grad  cost time: 2.6491334438323975
tf.Tensor(-11219.59981607969, shape=(), dtype=float64)
nll_grad  cost time: 2.9049346446990967
tf.Tensor(-11219.610017287885, shape=(), dtype=float64)
nll_grad  cost time: 2.5355637073516846
tf.Tensor(-11219.623936435059, shape=(), dtype=float64)
nll_grad  cost time: 2.56555438041687
tf.Tensor(-11219.639618836387, shape=(), dtype=float64)
nll_grad  cost time: 2.6215460300445557
tf.Tensor(-11219.656491805616, shape=(), dtype=float64)
nll_grad  cost time: 2.5810163021087646
tf.Tensor(-11219.674744725036, shape=(), dtype=float64)
nll_grad  cost time: 2.6665446758270264
tf.Tensor(-11219.694542391226, shape=(), dtype=float64)
nll_grad  cost time: 2.668363332748413
tf.Tensor(-11219.714043611959, shape=(), dtype=float64)
nll_grad  cost time: 2.610750198364258
tf.Tensor(-11219.73199606511, shape=(), dtype=float64)
nll_grad  cost time: 2.6437203884124756
tf.Tensor(-11219.750610918742, shape=(), dtype=float64)
nll_grad  cost time: 2.649259328842163
tf.Tensor(-11219.7731144166, shape=(), dtype=float64)
nll_grad  cost time: 2.6916191577911377
tf.Tensor(-11219.794948674029, shape=(), dtype=float64)
nll_grad  cost time: 2.9137916564941406
tf.Tensor(-11219.812959018007, shape=(), dtype=float64)
nll_grad  cost time: 2.8473775386810303
tf.Tensor(-11219.834983532513, shape=(), dtype=float64)
nll_grad  cost time: 2.7761270999908447
tf.Tensor(-11219.866756324176, shape=(), dtype=float64)
nll_grad  cost time: 2.7956321239471436
tf.Tensor(-11219.900817226657, shape=(), dtype=float64)
nll_grad  cost time: 2.7096848487854004
tf.Tensor(-11219.93038342503, shape=(), dtype=float64)
nll_grad  cost time: 2.704463243484497
tf.Tensor(-11219.964049960177, shape=(), dtype=float64)
nll_grad  cost time: 2.526345729827881
tf.Tensor(-11219.992484419221, shape=(), dtype=float64)
nll_grad  cost time: 2.6121485233306885
tf.Tensor(-11220.020521862176, shape=(), dtype=float64)
nll_grad  cost time: 2.5411736965179443
tf.Tensor(-11220.04756450703, shape=(), dtype=float64)
nll_grad  cost time: 2.6642262935638428
tf.Tensor(-11220.076270416415, shape=(), dtype=float64)
nll_grad  cost time: 2.5639493465423584
tf.Tensor(-11220.093503480295, shape=(), dtype=float64)
nll_grad  cost time: 2.786257266998291
tf.Tensor(-11220.106920347156, shape=(), dtype=float64)
nll_grad  cost time: 2.503995180130005
tf.Tensor(-11220.120991116157, shape=(), dtype=float64)
nll_grad  cost time: 2.5028610229492188
tf.Tensor(-11220.135570307342, shape=(), dtype=float64)
nll_grad  cost time: 2.6078624725341797
tf.Tensor(-11220.148058992952, shape=(), dtype=float64)
nll_grad  cost time: 2.6309168338775635
tf.Tensor(-11220.16310303018, shape=(), dtype=float64)
nll_grad  cost time: 2.6549408435821533
tf.Tensor(-11220.177229496434, shape=(), dtype=float64)
nll_grad  cost time: 2.564084768295288
tf.Tensor(-11220.190931752164, shape=(), dtype=float64)
nll_grad  cost time: 2.67164945602417
tf.Tensor(-11220.2060854676, shape=(), dtype=float64)
nll_grad  cost time: 2.620283365249634
tf.Tensor(-11220.229109274213, shape=(), dtype=float64)
nll_grad  cost time: 2.8001351356506348
tf.Tensor(-11220.264622749393, shape=(), dtype=float64)
nll_grad  cost time: 2.577064037322998
tf.Tensor(-11220.303944715331, shape=(), dtype=float64)
nll_grad  cost time: 2.6494643688201904
tf.Tensor(-11220.3192693708, shape=(), dtype=float64)
nll_grad  cost time: 2.6325528621673584
tf.Tensor(-11220.34301493426, shape=(), dtype=float64)
nll_grad  cost time: 2.6573221683502197
tf.Tensor(-11220.37556173903, shape=(), dtype=float64)
nll_grad  cost time: 2.593329668045044
tf.Tensor(-11220.405228085632, shape=(), dtype=float64)
nll_grad  cost time: 2.5736865997314453
tf.Tensor(-11220.449977994476, shape=(), dtype=float64)
nll_grad  cost time: 2.6834309101104736
tf.Tensor(-11220.51947968523, shape=(), dtype=float64)
nll_grad  cost time: 2.5809755325317383
tf.Tensor(-11220.593435645267, shape=(), dtype=float64)
nll_grad  cost time: 2.574571371078491
tf.Tensor(-11220.650382036167, shape=(), dtype=float64)
nll_grad  cost time: 2.5550711154937744
tf.Tensor(-11220.701469429147, shape=(), dtype=float64)
nll_grad  cost time: 2.6860857009887695
tf.Tensor(-11220.743034640018, shape=(), dtype=float64)
nll_grad  cost time: 2.7803432941436768
tf.Tensor(-11220.775152900873, shape=(), dtype=float64)
nll_grad  cost time: 2.626603364944458
tf.Tensor(-11220.800172733601, shape=(), dtype=float64)
nll_grad  cost time: 2.6903340816497803
tf.Tensor(-11220.819472784427, shape=(), dtype=float64)
nll_grad  cost time: 2.5581912994384766
tf.Tensor(-11220.84137385613, shape=(), dtype=float64)
nll_grad  cost time: 2.5863771438598633
tf.Tensor(-11220.863658164395, shape=(), dtype=float64)
nll_grad  cost time: 2.5856757164001465
tf.Tensor(-11220.890053206094, shape=(), dtype=float64)
nll_grad  cost time: 2.730586528778076
tf.Tensor(-11220.91287448893, shape=(), dtype=float64)
nll_grad  cost time: 2.5599822998046875
tf.Tensor(-11220.937792392204, shape=(), dtype=float64)
nll_grad  cost time: 2.555453300476074
tf.Tensor(-11220.966336487694, shape=(), dtype=float64)
nll_grad  cost time: 2.462360143661499
tf.Tensor(-11221.009189405868, shape=(), dtype=float64)
nll_grad  cost time: 2.5506913661956787
tf.Tensor(-11221.053193399957, shape=(), dtype=float64)
nll_grad  cost time: 2.714574098587036
tf.Tensor(-11221.081105526073, shape=(), dtype=float64)
nll_grad  cost time: 2.66051983833313
tf.Tensor(-11221.11168594392, shape=(), dtype=float64)
nll_grad  cost time: 2.5766119956970215
tf.Tensor(-11221.135198720018, shape=(), dtype=float64)
nll_grad  cost time: 2.5682854652404785
tf.Tensor(-11221.153031143507, shape=(), dtype=float64)
nll_grad  cost time: 2.6681463718414307
tf.Tensor(-11221.180093190505, shape=(), dtype=float64)
nll_grad  cost time: 2.798778533935547
tf.Tensor(-11221.21573573929, shape=(), dtype=float64)
nll_grad  cost time: 2.6703975200653076
tf.Tensor(-11221.242463025948, shape=(), dtype=float64)
nll_grad  cost time: 2.6474409103393555
tf.Tensor(-11221.270871078346, shape=(), dtype=float64)
nll_grad  cost time: 2.6823043823242188
tf.Tensor(-11221.294131270153, shape=(), dtype=float64)
nll_grad  cost time: 2.805720567703247
tf.Tensor(-11221.315862630965, shape=(), dtype=float64)
nll_grad  cost time: 2.6852359771728516
tf.Tensor(-11221.336744262504, shape=(), dtype=float64)
nll_grad  cost time: 2.829968214035034
tf.Tensor(-11221.362563706762, shape=(), dtype=float64)
nll_grad  cost time: 2.5307517051696777
tf.Tensor(-11221.398633169543, shape=(), dtype=float64)
nll_grad  cost time: 2.6587419509887695
tf.Tensor(-11221.430147272938, shape=(), dtype=float64)
nll_grad  cost time: 2.585749387741089
tf.Tensor(-11221.454220942607, shape=(), dtype=float64)
nll_grad  cost time: 2.6662638187408447
tf.Tensor(-11221.486927108052, shape=(), dtype=float64)
nll_grad  cost time: 2.5660297870635986
tf.Tensor(-11221.522368656311, shape=(), dtype=float64)
nll_grad  cost time: 2.5349373817443848
tf.Tensor(-11221.554035406652, shape=(), dtype=float64)
nll_grad  cost time: 2.539116859436035
tf.Tensor(-11221.58715365051, shape=(), dtype=float64)
nll_grad  cost time: 2.5562965869903564
tf.Tensor(-11221.621104071415, shape=(), dtype=float64)
nll_grad  cost time: 2.54465651512146
tf.Tensor(-11221.659973201524, shape=(), dtype=float64)
nll_grad  cost time: 2.6368892192840576
tf.Tensor(-11221.70424107607, shape=(), dtype=float64)
nll_grad  cost time: 2.6451621055603027
tf.Tensor(-11221.754198306578, shape=(), dtype=float64)
nll_grad  cost time: 2.820028305053711
tf.Tensor(-11221.796421421215, shape=(), dtype=float64)
nll_grad  cost time: 2.613123893737793
tf.Tensor(-11221.850799438058, shape=(), dtype=float64)
nll_grad  cost time: 2.5879108905792236
tf.Tensor(-11221.923702750853, shape=(), dtype=float64)
nll_grad  cost time: 2.5049731731414795
tf.Tensor(-11222.007730063018, shape=(), dtype=float64)
nll_grad  cost time: 2.5456302165985107
tf.Tensor(-11222.101600664266, shape=(), dtype=float64)
nll_grad  cost time: 2.5909335613250732
tf.Tensor(-11222.19180959093, shape=(), dtype=float64)
nll_grad  cost time: 2.535299062728882
tf.Tensor(-11222.284024754008, shape=(), dtype=float64)
nll_grad  cost time: 2.521772861480713
tf.Tensor(-11222.357599945999, shape=(), dtype=float64)
nll_grad  cost time: 2.5574941635131836
tf.Tensor(-11222.433166102976, shape=(), dtype=float64)
nll_grad  cost time: 2.6435775756835938
tf.Tensor(-11222.491313172879, shape=(), dtype=float64)
nll_grad  cost time: 2.514439344406128
tf.Tensor(-11222.569614981025, shape=(), dtype=float64)
nll_grad  cost time: 2.698638677597046
tf.Tensor(-11222.650355304922, shape=(), dtype=float64)
nll_grad  cost time: 2.580542802810669
tf.Tensor(-11222.700340943451, shape=(), dtype=float64)
nll_grad  cost time: 2.77744460105896
tf.Tensor(-11222.769020369271, shape=(), dtype=float64)
nll_grad  cost time: 2.7163946628570557
tf.Tensor(-11222.780239396827, shape=(), dtype=float64)
nll_grad  cost time: 2.585767984390259
tf.Tensor(-11222.801072967959, shape=(), dtype=float64)
nll_grad  cost time: 2.6577038764953613
tf.Tensor(-11222.837820639177, shape=(), dtype=float64)
nll_grad  cost time: 2.693215847015381
tf.Tensor(-11222.889055050055, shape=(), dtype=float64)
nll_grad  cost time: 2.5874218940734863
tf.Tensor(-11222.928803913852, shape=(), dtype=float64)
nll_grad  cost time: 2.6137311458587646
tf.Tensor(-11222.96892088851, shape=(), dtype=float64)
nll_grad  cost time: 2.6268367767333984
tf.Tensor(-11223.026562956893, shape=(), dtype=float64)
nll_grad  cost time: 2.5873544216156006
tf.Tensor(-11223.114538526092, shape=(), dtype=float64)
nll_grad  cost time: 2.7262020111083984
tf.Tensor(-11223.235925086676, shape=(), dtype=float64)
nll_grad  cost time: 2.7533650398254395
tf.Tensor(-11223.317102298017, shape=(), dtype=float64)
nll_grad  cost time: 2.6507253646850586
tf.Tensor(-11223.357754446766, shape=(), dtype=float64)
nll_grad  cost time: 2.616650104522705
tf.Tensor(-11223.404666100854, shape=(), dtype=float64)
nll_grad  cost time: 2.5803370475769043
tf.Tensor(-11223.45846350187, shape=(), dtype=float64)
nll_grad  cost time: 2.6152617931365967
tf.Tensor(-11223.523237558738, shape=(), dtype=float64)
nll_grad  cost time: 2.568582773208618
tf.Tensor(-11223.620900600024, shape=(), dtype=float64)
nll_grad  cost time: 2.7697253227233887
tf.Tensor(-11223.773880679331, shape=(), dtype=float64)
nll_grad  cost time: 2.624257802963257
tf.Tensor(-11223.934248945667, shape=(), dtype=float64)
nll_grad  cost time: 2.5790085792541504
tf.Tensor(-11223.991032268139, shape=(), dtype=float64)
nll_grad  cost time: 2.6013011932373047
tf.Tensor(-11224.063023075836, shape=(), dtype=float64)
nll_grad  cost time: 2.793846368789673
tf.Tensor(-11224.160086651862, shape=(), dtype=float64)
nll_grad  cost time: 2.776458501815796
tf.Tensor(-11224.233445471807, shape=(), dtype=float64)
nll_grad  cost time: 2.722489833831787
tf.Tensor(-11224.308391666225, shape=(), dtype=float64)
nll_grad  cost time: 2.784048318862915
tf.Tensor(-11224.386952120003, shape=(), dtype=float64)
nll_grad  cost time: 2.7317960262298584
tf.Tensor(-11224.44102521323, shape=(), dtype=float64)
nll_grad  cost time: 2.6334497928619385
tf.Tensor(-11224.49216088144, shape=(), dtype=float64)
nll_grad  cost time: 2.618476629257202
tf.Tensor(-11224.50921298658, shape=(), dtype=float64)
nll_grad  cost time: 2.587247133255005
tf.Tensor(-11224.53577888313, shape=(), dtype=float64)
nll_grad  cost time: 2.528801441192627
tf.Tensor(-11224.572234016785, shape=(), dtype=float64)
nll_grad  cost time: 2.5775434970855713
tf.Tensor(-11224.605350432226, shape=(), dtype=float64)
nll_grad  cost time: 2.5966458320617676
tf.Tensor(-11224.634050088, shape=(), dtype=float64)
nll_grad  cost time: 2.6494531631469727
tf.Tensor(-11224.664952042023, shape=(), dtype=float64)
nll_grad  cost time: 2.78844952583313
tf.Tensor(-11224.700052155098, shape=(), dtype=float64)
nll_grad  cost time: 2.7928593158721924
tf.Tensor(-11224.72571390341, shape=(), dtype=float64)
nll_grad  cost time: 2.7078678607940674
tf.Tensor(-11224.750771693996, shape=(), dtype=float64)
nll_grad  cost time: 2.707818031311035
tf.Tensor(-11224.787556746036, shape=(), dtype=float64)
nll_grad  cost time: 2.6019134521484375
tf.Tensor(-11224.832579750015, shape=(), dtype=float64)
nll_grad  cost time: 2.5508313179016113
tf.Tensor(-11224.867386106816, shape=(), dtype=float64)
nll_grad  cost time: 2.6970150470733643
tf.Tensor(-11224.9039181423, shape=(), dtype=float64)
nll_grad  cost time: 2.696490526199341
tf.Tensor(-11224.935885607636, shape=(), dtype=float64)
nll_grad  cost time: 2.4891369342803955
tf.Tensor(-11224.96564632743, shape=(), dtype=float64)
nll_grad  cost time: 2.5598337650299072
tf.Tensor(-11225.004659291999, shape=(), dtype=float64)
nll_grad  cost time: 2.6874845027923584
tf.Tensor(-11225.059677015151, shape=(), dtype=float64)
nll_grad  cost time: 2.781646728515625
tf.Tensor(-11225.11253250279, shape=(), dtype=float64)
nll_grad  cost time: 2.6883366107940674
tf.Tensor(-11225.159432217766, shape=(), dtype=float64)
nll_grad  cost time: 2.708211660385132
tf.Tensor(-11225.216447470972, shape=(), dtype=float64)
nll_grad  cost time: 2.603931188583374
tf.Tensor(-11225.27255394825, shape=(), dtype=float64)
nll_grad  cost time: 2.732909679412842
tf.Tensor(-11225.320365486841, shape=(), dtype=float64)
nll_grad  cost time: 2.6888885498046875
tf.Tensor(-11225.372408056877, shape=(), dtype=float64)
nll_grad  cost time: 2.705843687057495
tf.Tensor(-11225.418166127065, shape=(), dtype=float64)
nll_grad  cost time: 2.6968469619750977
tf.Tensor(-11225.45568510381, shape=(), dtype=float64)
nll_grad  cost time: 2.6929807662963867
tf.Tensor(-11225.491898241413, shape=(), dtype=float64)
nll_grad  cost time: 2.785841464996338
tf.Tensor(-11225.535887930506, shape=(), dtype=float64)
nll_grad  cost time: 2.7805678844451904
tf.Tensor(-11225.596467430429, shape=(), dtype=float64)
nll_grad  cost time: 2.9492855072021484
tf.Tensor(-11225.674228526314, shape=(), dtype=float64)
nll_grad  cost time: 2.65382981300354
tf.Tensor(-11225.737138571869, shape=(), dtype=float64)
nll_grad  cost time: 2.621349573135376
tf.Tensor(-11225.815114369852, shape=(), dtype=float64)
nll_grad  cost time: 2.6329662799835205
tf.Tensor(-11225.902075993119, shape=(), dtype=float64)
nll_grad  cost time: 2.601168632507324
tf.Tensor(-11225.9844601152, shape=(), dtype=float64)
nll_grad  cost time: 2.6021640300750732
tf.Tensor(-11226.0657040586, shape=(), dtype=float64)
nll_grad  cost time: 2.6293649673461914
tf.Tensor(-11226.146422245489, shape=(), dtype=float64)
nll_grad  cost time: 2.6757309436798096
tf.Tensor(-11226.22024878879, shape=(), dtype=float64)
nll_grad  cost time: 2.7633044719696045
tf.Tensor(-11226.260358414123, shape=(), dtype=float64)
nll_grad  cost time: 2.7475829124450684
tf.Tensor(-11226.297083987141, shape=(), dtype=float64)
nll_grad  cost time: 2.719970226287842
tf.Tensor(-11226.330796071365, shape=(), dtype=float64)
nll_grad  cost time: 2.76932954788208
tf.Tensor(-11226.359617788716, shape=(), dtype=float64)
nll_grad  cost time: 2.6501615047454834
tf.Tensor(-11226.384039376655, shape=(), dtype=float64)
nll_grad  cost time: 2.7455315589904785
tf.Tensor(-11226.414550841855, shape=(), dtype=float64)
nll_grad  cost time: 2.6809046268463135
tf.Tensor(-11226.440426248988, shape=(), dtype=float64)
nll_grad  cost time: 2.6711678504943848
tf.Tensor(-11226.476427969126, shape=(), dtype=float64)
nll_grad  cost time: 2.5693886280059814
tf.Tensor(-11226.514384503524, shape=(), dtype=float64)
nll_grad  cost time: 2.575611114501953
tf.Tensor(-11226.542327586418, shape=(), dtype=float64)
nll_grad  cost time: 2.5933783054351807
tf.Tensor(-11226.570800104486, shape=(), dtype=float64)
nll_grad  cost time: 2.7376439571380615
tf.Tensor(-11226.60278501954, shape=(), dtype=float64)
nll_grad  cost time: 2.6523308753967285
tf.Tensor(-11226.630389688573, shape=(), dtype=float64)
nll_grad  cost time: 2.6386284828186035
tf.Tensor(-11226.656352556369, shape=(), dtype=float64)
nll_grad  cost time: 2.686691999435425
tf.Tensor(-11226.679718861393, shape=(), dtype=float64)
nll_grad  cost time: 2.849587917327881
tf.Tensor(-11226.704299324932, shape=(), dtype=float64)
nll_grad  cost time: 2.5738532543182373
tf.Tensor(-11226.725883569663, shape=(), dtype=float64)
nll_grad  cost time: 2.585670232772827
tf.Tensor(-11226.751980032073, shape=(), dtype=float64)
nll_grad  cost time: 2.6420083045959473
tf.Tensor(-11226.780828063791, shape=(), dtype=float64)
nll_grad  cost time: 2.6408393383026123
tf.Tensor(-11226.803269362053, shape=(), dtype=float64)
nll_grad  cost time: 2.6754589080810547
tf.Tensor(-11226.825647862986, shape=(), dtype=float64)
nll_grad  cost time: 2.757920026779175
tf.Tensor(-11226.84443676171, shape=(), dtype=float64)
nll_grad  cost time: 2.7916102409362793
tf.Tensor(-11226.854208671186, shape=(), dtype=float64)
nll_grad  cost time: 2.80175518989563
tf.Tensor(-11226.864649935182, shape=(), dtype=float64)
nll_grad  cost time: 2.7038488388061523
tf.Tensor(-11226.875480816645, shape=(), dtype=float64)
nll_grad  cost time: 2.796717643737793
tf.Tensor(-11226.887823648078, shape=(), dtype=float64)
nll_grad  cost time: 2.6860029697418213
tf.Tensor(-11226.904028956225, shape=(), dtype=float64)
nll_grad  cost time: 2.6696255207061768
tf.Tensor(-11226.92421461568, shape=(), dtype=float64)
nll_grad  cost time: 2.7604360580444336
tf.Tensor(-11226.943736662575, shape=(), dtype=float64)
nll_grad  cost time: 2.675011396408081
tf.Tensor(-11226.961379447192, shape=(), dtype=float64)
nll_grad  cost time: 2.552907705307007
tf.Tensor(-11226.978366005333, shape=(), dtype=float64)
nll_grad  cost time: 2.564382314682007
tf.Tensor(-11226.991697628291, shape=(), dtype=float64)
nll_grad  cost time: 2.630927801132202
tf.Tensor(-11227.002716237232, shape=(), dtype=float64)
nll_grad  cost time: 2.721907377243042
tf.Tensor(-11227.012184451945, shape=(), dtype=float64)
nll_grad  cost time: 2.778536081314087
tf.Tensor(-11227.018954181523, shape=(), dtype=float64)
nll_grad  cost time: 2.6572306156158447
tf.Tensor(-11227.023783945999, shape=(), dtype=float64)
nll_grad  cost time: 2.768056631088257
tf.Tensor(-11227.03088382328, shape=(), dtype=float64)
nll_grad  cost time: 2.7156434059143066
tf.Tensor(-11227.038990053348, shape=(), dtype=float64)
nll_grad  cost time: 2.6474504470825195
tf.Tensor(-11227.045126954305, shape=(), dtype=float64)
nll_grad  cost time: 2.7099196910858154
tf.Tensor(-11227.049637460466, shape=(), dtype=float64)
nll_grad  cost time: 2.662579298019409
tf.Tensor(-11227.05311498757, shape=(), dtype=float64)
nll_grad  cost time: 2.6685431003570557
tf.Tensor(-11227.056470537556, shape=(), dtype=float64)
nll_grad  cost time: 2.6215028762817383
tf.Tensor(-11227.05979618411, shape=(), dtype=float64)
nll_grad  cost time: 2.6656570434570312
tf.Tensor(-11227.062522771786, shape=(), dtype=float64)
nll_grad  cost time: 2.7404348850250244
tf.Tensor(-11227.06485932064, shape=(), dtype=float64)
nll_grad  cost time: 2.682077407836914
tf.Tensor(-11227.06757432943, shape=(), dtype=float64)
nll_grad  cost time: 2.6827921867370605
tf.Tensor(-11227.071739559851, shape=(), dtype=float64)
nll_grad  cost time: 2.7014598846435547
tf.Tensor(-11227.078202369801, shape=(), dtype=float64)
nll_grad  cost time: 2.7948782444000244
tf.Tensor(-11227.08738742435, shape=(), dtype=float64)
nll_grad  cost time: 2.6897761821746826
tf.Tensor(-11227.095084502758, shape=(), dtype=float64)
nll_grad  cost time: 2.7998130321502686
tf.Tensor(-11227.10123663066, shape=(), dtype=float64)
nll_grad  cost time: 2.6929125785827637
tf.Tensor(-11227.1071716999, shape=(), dtype=float64)
nll_grad  cost time: 2.776928186416626
tf.Tensor(-11227.114793770812, shape=(), dtype=float64)
nll_grad  cost time: 2.673267126083374
tf.Tensor(-11227.12573972051, shape=(), dtype=float64)
nll_grad  cost time: 2.752148151397705
tf.Tensor(-11227.139804686376, shape=(), dtype=float64)
nll_grad  cost time: 2.80202317237854
tf.Tensor(-11227.153244138302, shape=(), dtype=float64)
nll_grad  cost time: 2.8117895126342773
tf.Tensor(-11227.162366432654, shape=(), dtype=float64)
nll_grad  cost time: 2.7641043663024902
tf.Tensor(-11227.168381435567, shape=(), dtype=float64)
nll_grad  cost time: 2.802255868911743
tf.Tensor(-11227.17494422603, shape=(), dtype=float64)
nll_grad  cost time: 2.7987592220306396
tf.Tensor(-11227.184251367271, shape=(), dtype=float64)
nll_grad  cost time: 2.649458646774292
tf.Tensor(-11227.196853590502, shape=(), dtype=float64)
nll_grad  cost time: 2.6502249240875244
tf.Tensor(-11227.206955324495, shape=(), dtype=float64)
nll_grad  cost time: 2.6405627727508545
tf.Tensor(-11227.214980798377, shape=(), dtype=float64)
nll_grad  cost time: 2.5792741775512695
tf.Tensor(-11227.222596942032, shape=(), dtype=float64)
nll_grad  cost time: 2.5417280197143555
tf.Tensor(-11227.231990627402, shape=(), dtype=float64)
nll_grad  cost time: 2.5869596004486084
tf.Tensor(-11227.24259209714, shape=(), dtype=float64)
nll_grad  cost time: 2.7107431888580322
tf.Tensor(-11227.253283186985, shape=(), dtype=float64)
nll_grad  cost time: 2.541257619857788
tf.Tensor(-11227.264647355374, shape=(), dtype=float64)
nll_grad  cost time: 2.595569610595703
tf.Tensor(-11227.276447063256, shape=(), dtype=float64)
nll_grad  cost time: 2.5604119300842285
tf.Tensor(-11227.288261759935, shape=(), dtype=float64)
nll_grad  cost time: 2.8111572265625
tf.Tensor(-11227.299114672884, shape=(), dtype=float64)
nll_grad  cost time: 2.5358331203460693
tf.Tensor(-11227.308360612036, shape=(), dtype=float64)
nll_grad  cost time: 3.2178125381469727
tf.Tensor(-11227.318165172175, shape=(), dtype=float64)
nll_grad  cost time: 2.5361404418945312
tf.Tensor(-11227.329002348726, shape=(), dtype=float64)
nll_grad  cost time: 2.6719720363616943
tf.Tensor(-11227.338972854766, shape=(), dtype=float64)
nll_grad  cost time: 2.5954103469848633
tf.Tensor(-11227.346551229253, shape=(), dtype=float64)
nll_grad  cost time: 2.5443572998046875
tf.Tensor(-11227.353100381586, shape=(), dtype=float64)
nll_grad  cost time: 2.565192699432373
tf.Tensor(-11227.360088943424, shape=(), dtype=float64)
nll_grad  cost time: 2.5510363578796387
tf.Tensor(-11227.367420418945, shape=(), dtype=float64)
nll_grad  cost time: 2.5897457599639893
tf.Tensor(-11227.374132341482, shape=(), dtype=float64)
nll_grad  cost time: 2.6355693340301514
tf.Tensor(-11227.379839492576, shape=(), dtype=float64)
nll_grad  cost time: 2.7622275352478027
tf.Tensor(-11227.384524887571, shape=(), dtype=float64)
nll_grad  cost time: 2.7283360958099365
tf.Tensor(-11227.388413854142, shape=(), dtype=float64)
nll_grad  cost time: 2.7501819133758545
tf.Tensor(-11227.39190357163, shape=(), dtype=float64)
nll_grad  cost time: 2.719017267227173
tf.Tensor(-11227.394972342841, shape=(), dtype=float64)
nll_grad  cost time: 2.7022151947021484
tf.Tensor(-11227.397663634381, shape=(), dtype=float64)
nll_grad  cost time: 2.7081680297851562
tf.Tensor(-11227.400105219389, shape=(), dtype=float64)
nll_grad  cost time: 2.731107473373413
tf.Tensor(-11227.402675236804, shape=(), dtype=float64)
nll_grad  cost time: 2.615565061569214
tf.Tensor(-11227.405368372576, shape=(), dtype=float64)
nll_grad  cost time: 2.752654552459717
tf.Tensor(-11227.407371923991, shape=(), dtype=float64)
nll_grad  cost time: 2.7091593742370605
tf.Tensor(-11227.408816360708, shape=(), dtype=float64)
nll_grad  cost time: 2.749389171600342
tf.Tensor(-11227.410451920066, shape=(), dtype=float64)
nll_grad  cost time: 2.902696371078491
tf.Tensor(-11227.413062359397, shape=(), dtype=float64)
nll_grad  cost time: 2.8006038665771484
tf.Tensor(-11227.417327857156, shape=(), dtype=float64)
nll_grad  cost time: 2.9118316173553467
tf.Tensor(-11227.424090649618, shape=(), dtype=float64)
nll_grad  cost time: 2.7262001037597656
tf.Tensor(-11227.433286199765, shape=(), dtype=float64)
nll_grad  cost time: 2.699373960494995
tf.Tensor(-11227.439610282552, shape=(), dtype=float64)
nll_grad  cost time: 2.5987601280212402
tf.Tensor(-11227.444182075753, shape=(), dtype=float64)
nll_grad  cost time: 2.636598587036133
tf.Tensor(-11227.446197276184, shape=(), dtype=float64)
nll_grad  cost time: 2.6562466621398926
tf.Tensor(-11227.447362328807, shape=(), dtype=float64)
nll_grad  cost time: 2.6902015209198
tf.Tensor(-11227.448328793978, shape=(), dtype=float64)
nll_grad  cost time: 2.6861586570739746
tf.Tensor(-11227.449273264188, shape=(), dtype=float64)
nll_grad  cost time: 2.7379753589630127
tf.Tensor(-11227.450334403973, shape=(), dtype=float64)
nll_grad  cost time: 2.8141329288482666
tf.Tensor(-11227.451215530446, shape=(), dtype=float64)
nll_grad  cost time: 2.700608968734741
tf.Tensor(-11227.451658063983, shape=(), dtype=float64)
nll_grad  cost time: 2.684717893600464
tf.Tensor(-11227.45187842899, shape=(), dtype=float64)
nll_grad  cost time: 2.5744407176971436
tf.Tensor(-11227.452092608983, shape=(), dtype=float64)
nll_grad  cost time: 2.6174705028533936
tf.Tensor(-11227.452436088548, shape=(), dtype=float64)
nll_grad  cost time: 2.6158812046051025
tf.Tensor(-11227.45299764096, shape=(), dtype=float64)
nll_grad  cost time: 2.633512258529663
tf.Tensor(-11227.453896097455, shape=(), dtype=float64)
nll_grad  cost time: 2.7641613483428955
tf.Tensor(-11227.455226597367, shape=(), dtype=float64)
nll_grad  cost time: 2.8362014293670654
tf.Tensor(-11227.456609759503, shape=(), dtype=float64)
nll_grad  cost time: 2.7512776851654053
tf.Tensor(-11227.4580768985, shape=(), dtype=float64)
nll_grad  cost time: 2.7052156925201416
tf.Tensor(-11227.459361825328, shape=(), dtype=float64)
nll_grad  cost time: 2.836413860321045
tf.Tensor(-11227.460462400413, shape=(), dtype=float64)
nll_grad  cost time: 2.6180222034454346
tf.Tensor(-11227.461547083605, shape=(), dtype=float64)
nll_grad  cost time: 2.7314815521240234
tf.Tensor(-11227.462800535726, shape=(), dtype=float64)
nll_grad  cost time: 2.653484344482422
tf.Tensor(-11227.464228880272, shape=(), dtype=float64)
nll_grad  cost time: 2.7237133979797363
tf.Tensor(-11227.465783599417, shape=(), dtype=float64)
nll_grad  cost time: 2.6607611179351807
tf.Tensor(-11227.467281260157, shape=(), dtype=float64)
nll_grad  cost time: 2.650564432144165
tf.Tensor(-11227.46841684666, shape=(), dtype=float64)
nll_grad  cost time: 2.6155920028686523
tf.Tensor(-11227.469077236994, shape=(), dtype=float64)
nll_grad  cost time: 2.5883588790893555
tf.Tensor(-11227.469493932886, shape=(), dtype=float64)
nll_grad  cost time: 2.6255247592926025
tf.Tensor(-11227.469821506409, shape=(), dtype=float64)
nll_grad  cost time: 2.5693166255950928
tf.Tensor(-11227.470124267174, shape=(), dtype=float64)
nll_grad  cost time: 2.872399091720581
tf.Tensor(-11227.470408457997, shape=(), dtype=float64)
nll_grad  cost time: 2.8935792446136475
tf.Tensor(-11227.470605955117, shape=(), dtype=float64)
nll_grad  cost time: 2.8161489963531494
tf.Tensor(-11227.47085300542, shape=(), dtype=float64)
nll_grad  cost time: 2.7559587955474854
tf.Tensor(-11227.471222499675, shape=(), dtype=float64)
nll_grad  cost time: 2.7007534503936768
tf.Tensor(-11227.471830834904, shape=(), dtype=float64)
nll_grad  cost time: 2.658567190170288
tf.Tensor(-11227.472841951774, shape=(), dtype=float64)
nll_grad  cost time: 2.681813955307007
tf.Tensor(-11227.47444208678, shape=(), dtype=float64)
nll_grad  cost time: 2.8558013439178467
tf.Tensor(-11227.47642878453, shape=(), dtype=float64)
nll_grad  cost time: 2.641096353530884
tf.Tensor(-11227.47759514289, shape=(), dtype=float64)
nll_grad  cost time: 2.8377199172973633
tf.Tensor(-11227.478209942004, shape=(), dtype=float64)
nll_grad  cost time: 2.7705674171447754
tf.Tensor(-11227.478324033862, shape=(), dtype=float64)
nll_grad  cost time: 2.8314402103424072
tf.Tensor(-11227.478383440292, shape=(), dtype=float64)
nll_grad  cost time: 2.7655892372131348
tf.Tensor(-11227.4784654054, shape=(), dtype=float64)
nll_grad  cost time: 2.698474884033203
tf.Tensor(-11227.478600841978, shape=(), dtype=float64)
nll_grad  cost time: 2.774432420730591
tf.Tensor(-11227.47882851951, shape=(), dtype=float64)
nll_grad  cost time: 2.718346357345581
tf.Tensor(-11227.479214356403, shape=(), dtype=float64)
nll_grad  cost time: 2.651294469833374
tf.Tensor(-11227.479867613984, shape=(), dtype=float64)
nll_grad  cost time: 2.6104350090026855
tf.Tensor(-11227.48095568057, shape=(), dtype=float64)
nll_grad  cost time: 2.547701597213745
tf.Tensor(-11227.482676958734, shape=(), dtype=float64)
nll_grad  cost time: 2.6427299976348877
tf.Tensor(-11227.484904376375, shape=(), dtype=float64)
nll_grad  cost time: 2.6247527599334717
tf.Tensor(-11227.486354797735, shape=(), dtype=float64)
nll_grad  cost time: 2.611218214035034
tf.Tensor(-11227.487147977661, shape=(), dtype=float64)
nll_grad  cost time: 2.8519086837768555
tf.Tensor(-11227.487331065895, shape=(), dtype=float64)
nll_grad  cost time: 2.65073823928833
tf.Tensor(-11227.48741423322, shape=(), dtype=float64)
nll_grad  cost time: 2.786064386367798
tf.Tensor(-11227.487506637795, shape=(), dtype=float64)
nll_grad  cost time: 2.6861319541931152
tf.Tensor(-11227.48766703621, shape=(), dtype=float64)
nll_grad  cost time: 2.6208062171936035
tf.Tensor(-11227.487948745173, shape=(), dtype=float64)
nll_grad  cost time: 2.626556158065796
tf.Tensor(-11227.488435866537, shape=(), dtype=float64)
nll_grad  cost time: 2.570495367050171
tf.Tensor(-11227.489235416508, shape=(), dtype=float64)
nll_grad  cost time: 2.594230890274048
tf.Tensor(-11227.490385686793, shape=(), dtype=float64)
nll_grad  cost time: 2.5614311695098877
tf.Tensor(-11227.49133118393, shape=(), dtype=float64)
nll_grad  cost time: 2.6537938117980957
tf.Tensor(-11227.492148823174, shape=(), dtype=float64)
nll_grad  cost time: 2.6132495403289795
tf.Tensor(-11227.492462554867, shape=(), dtype=float64)
nll_grad  cost time: 2.7443861961364746
tf.Tensor(-11227.492526823546, shape=(), dtype=float64)
nll_grad  cost time: 2.676359176635742
tf.Tensor(-11227.492549161794, shape=(), dtype=float64)
nll_grad  cost time: 2.684516668319702
tf.Tensor(-11227.492563666487, shape=(), dtype=float64)
nll_grad  cost time: 2.7785556316375732
tf.Tensor(-11227.492577913332, shape=(), dtype=float64)
nll_grad  cost time: 2.6867973804473877
tf.Tensor(-11227.49259374493, shape=(), dtype=float64)
nll_grad  cost time: 2.791987180709839
tf.Tensor(-11227.492621927677, shape=(), dtype=float64)
nll_grad  cost time: 2.6509389877319336
tf.Tensor(-11227.492673364777, shape=(), dtype=float64)
nll_grad  cost time: 2.77634596824646
tf.Tensor(-11227.492767281285, shape=(), dtype=float64)
nll_grad  cost time: 2.645197868347168
tf.Tensor(-11227.492935852144, shape=(), dtype=float64)
nll_grad  cost time: 2.728663682937622
tf.Tensor(-11227.493227114508, shape=(), dtype=float64)
nll_grad  cost time: 2.61989426612854
tf.Tensor(-11227.493695423487, shape=(), dtype=float64)
nll_grad  cost time: 2.6492884159088135
tf.Tensor(-11227.49436087964, shape=(), dtype=float64)
nll_grad  cost time: 2.6549274921417236
tf.Tensor(-11227.494973990111, shape=(), dtype=float64)
nll_grad  cost time: 2.6979598999023438
tf.Tensor(-11227.495642392863, shape=(), dtype=float64)
nll_grad  cost time: 2.710319757461548
tf.Tensor(-11227.495844295518, shape=(), dtype=float64)
nll_grad  cost time: 2.6480729579925537
tf.Tensor(-11227.495887834117, shape=(), dtype=float64)
nll_grad  cost time: 2.5693979263305664
tf.Tensor(-11227.495904526586, shape=(), dtype=float64)
nll_grad  cost time: 2.6302123069763184
tf.Tensor(-11227.4959314394, shape=(), dtype=float64)
nll_grad  cost time: 2.5951154232025146
tf.Tensor(-11227.495976236636, shape=(), dtype=float64)
nll_grad  cost time: 2.5938193798065186
tf.Tensor(-11227.49605304707, shape=(), dtype=float64)
nll_grad  cost time: 2.591766595840454
tf.Tensor(-11227.496187407662, shape=(), dtype=float64)
nll_grad  cost time: 2.6100149154663086
tf.Tensor(-11227.496424403216, shape=(), dtype=float64)
nll_grad  cost time: 2.6567420959472656
tf.Tensor(-11227.496840639355, shape=(), dtype=float64)
nll_grad  cost time: 2.852158308029175
tf.Tensor(-11227.497556525033, shape=(), dtype=float64)
nll_grad  cost time: 2.6398675441741943
tf.Tensor(-11227.498723393112, shape=(), dtype=float64)
nll_grad  cost time: 2.858098268508911
tf.Tensor(-11227.500380889094, shape=(), dtype=float64)
nll_grad  cost time: 2.578436851501465
tf.Tensor(-11227.501684182955, shape=(), dtype=float64)
nll_grad  cost time: 2.600158452987671
tf.Tensor(-11227.502443093013, shape=(), dtype=float64)
nll_grad  cost time: 2.5665831565856934
nll_grad  cost time: 2.4878287315368652
tf.Tensor(-11227.502620267205, shape=(), dtype=float64)
nll_grad  cost time: 2.6917104721069336
tf.Tensor(-11227.502705191693, shape=(), dtype=float64)
nll_grad  cost time: 2.6901259422302246
tf.Tensor(-11227.50280219424, shape=(), dtype=float64)
nll_grad  cost time: 2.607301950454712
tf.Tensor(-11227.502822359624, shape=(), dtype=float64)
nll_grad  cost time: 2.6514811515808105
tf.Tensor(-11227.502831581416, shape=(), dtype=float64)
nll_grad  cost time: 2.716548204421997
tf.Tensor(-11227.502834396108, shape=(), dtype=float64)
nll_grad  cost time: 2.601018190383911
tf.Tensor(-11227.502836070635, shape=(), dtype=float64)
nll_grad  cost time: 2.6111702919006348
tf.Tensor(-11227.502838556862, shape=(), dtype=float64)
nll_grad  cost time: 2.622551441192627
tf.Tensor(-11227.502841920503, shape=(), dtype=float64)
nll_grad  cost time: 2.772604465484619
tf.Tensor(-11227.502846515168, shape=(), dtype=float64)
nll_grad  cost time: 2.837059259414673
tf.Tensor(-11227.502853319747, shape=(), dtype=float64)
nll_grad  cost time: 2.8108887672424316
tf.Tensor(-11227.50286423023, shape=(), dtype=float64)
nll_grad  cost time: 2.707454204559326
tf.Tensor(-11227.502882558203, shape=(), dtype=float64)
nll_grad  cost time: 2.7803280353546143
tf.Tensor(-11227.502914496392, shape=(), dtype=float64)
nll_grad  cost time: 2.879890203475952
tf.Tensor(-11227.502971288068, shape=(), dtype=float64)
nll_grad  cost time: 2.8373165130615234
tf.Tensor(-11227.503072988333, shape=(), dtype=float64)
nll_grad  cost time: 2.8848330974578857
tf.Tensor(-11227.503254537449, shape=(), dtype=float64)
nll_grad  cost time: 2.6782002449035645
tf.Tensor(-11227.503574588063, shape=(), dtype=float64)
nll_grad  cost time: 2.9030141830444336
tf.Tensor(-11227.50412557409, shape=(), dtype=float64)
nll_grad  cost time: 2.739020824432373
tf.Tensor(-11227.505035148495, shape=(), dtype=float64)
nll_grad  cost time: 2.6607887744903564
tf.Tensor(-11227.50641867509, shape=(), dtype=float64)
nll_grad  cost time: 2.6694438457489014
tf.Tensor(-11227.508031081878, shape=(), dtype=float64)
nll_grad  cost time: 2.7379915714263916
tf.Tensor(-11227.509474061004, shape=(), dtype=float64)
nll_grad  cost time: 2.678840398788452
tf.Tensor(-11227.510140310338, shape=(), dtype=float64)
nll_grad  cost time: 2.7650208473205566
tf.Tensor(-11227.510288684705, shape=(), dtype=float64)
nll_grad  cost time: 2.762341260910034
tf.Tensor(-11227.510323303248, shape=(), dtype=float64)
nll_grad  cost time: 2.836780071258545
tf.Tensor(-11227.510356362114, shape=(), dtype=float64)
nll_grad  cost time: 2.887235403060913
tf.Tensor(-11227.51037153532, shape=(), dtype=float64)
nll_grad  cost time: 2.921351432800293
tf.Tensor(-11227.51038188234, shape=(), dtype=float64)
nll_grad  cost time: 2.8389265537261963
tf.Tensor(-11227.510399785466, shape=(), dtype=float64)
nll_grad  cost time: 2.7621679306030273
tf.Tensor(-11227.510431998073, shape=(), dtype=float64)
nll_grad  cost time: 2.7153685092926025
tf.Tensor(-11227.510490583365, shape=(), dtype=float64)
nll_grad  cost time: 2.7754902839660645
tf.Tensor(-11227.51059684769, shape=(), dtype=float64)
nll_grad  cost time: 2.834836959838867
tf.Tensor(-11227.510787243553, shape=(), dtype=float64)
nll_grad  cost time: 2.710024118423462
tf.Tensor(-11227.511121321106, shape=(), dtype=float64)
nll_grad  cost time: 2.6729860305786133
tf.Tensor(-11227.511690936319, shape=(), dtype=float64)
nll_grad  cost time: 2.6800241470336914
tf.Tensor(-11227.512630000896, shape=(), dtype=float64)
nll_grad  cost time: 2.8723957538604736
tf.Tensor(-11227.514123168088, shape=(), dtype=float64)
nll_grad  cost time: 2.880451202392578
tf.Tensor(-11227.516360156233, shape=(), dtype=float64)
nll_grad  cost time: 2.726271867752075
tf.Tensor(-11227.51866222866, shape=(), dtype=float64)
nll_grad  cost time: 2.7871158123016357
tf.Tensor(-11227.520085304239, shape=(), dtype=float64)
nll_grad  cost time: 2.6600162982940674
tf.Tensor(-11227.520488170645, shape=(), dtype=float64)
nll_grad  cost time: 2.6714346408843994
tf.Tensor(-11227.520530451811, shape=(), dtype=float64)
nll_grad  cost time: 2.703835964202881
tf.Tensor(-11227.520536892749, shape=(), dtype=float64)
nll_grad  cost time: 2.820719003677368
tf.Tensor(-11227.52053865005, shape=(), dtype=float64)
nll_grad  cost time: 3.0276737213134766
tf.Tensor(-11227.520539048546, shape=(), dtype=float64)
nll_grad  cost time: 2.7242472171783447
tf.Tensor(-11227.520539196748, shape=(), dtype=float64)
nll_grad  cost time: 2.700392007827759
tf.Tensor(-11227.520539340372, shape=(), dtype=float64)
nll_grad  cost time: 2.8133249282836914
tf.Tensor(-11227.520539595953, shape=(), dtype=float64)
nll_grad  cost time: 2.845226526260376
tf.Tensor(-11227.520540059822, shape=(), dtype=float64)
nll_grad  cost time: 2.761120080947876
tf.Tensor(-11227.52054090542, shape=(), dtype=float64)
nll_grad  cost time: 2.7869179248809814
tf.Tensor(-11227.520542439528, shape=(), dtype=float64)
nll_grad  cost time: 2.7318923473358154
tf.Tensor(-11227.52054519054, shape=(), dtype=float64)
nll_grad  cost time: 2.749218225479126
tf.Tensor(-11227.520550043344, shape=(), dtype=float64)
nll_grad  cost time: 2.7695910930633545
tf.Tensor(-11227.520558455257, shape=(), dtype=float64)
nll_grad  cost time: 2.7493040561676025
tf.Tensor(-11227.520572858188, shape=(), dtype=float64)
nll_grad  cost time: 2.646038770675659
tf.Tensor(-11227.52059746074, shape=(), dtype=float64)
nll_grad  cost time: 2.6561946868896484
tf.Tensor(-11227.52063962901, shape=(), dtype=float64)
nll_grad  cost time: 2.6969456672668457
tf.Tensor(-11227.520711626337, shape=(), dtype=float64)
nll_grad  cost time: 2.9335522651672363
tf.Tensor(-11227.52083084489, shape=(), dtype=float64)
nll_grad  cost time: 2.694807529449463
tf.Tensor(-11227.521007949734, shape=(), dtype=float64)
nll_grad  cost time: 2.7645442485809326
tf.Tensor(-11227.521153176684, shape=(), dtype=float64)
nll_grad  cost time: 2.7467963695526123
tf.Tensor(-11227.521227442357, shape=(), dtype=float64)
nll_grad  cost time: 2.740983486175537
tf.Tensor(-11227.521248943209, shape=(), dtype=float64)
nll_grad  cost time: 2.747159242630005
tf.Tensor(-11227.521250412505, shape=(), dtype=float64)
nll_grad  cost time: 2.673144817352295
tf.Tensor(-11227.521250511552, shape=(), dtype=float64)
nll_grad  cost time: 2.582714796066284
tf.Tensor(-11227.521250535367, shape=(), dtype=float64)
Optimization terminated successfully.
         Current function value: -11227.521251
         Iterations: 1247
         Function evaluations: 1260
         Gradient evaluations: 1260
  message: Optimization terminated successfully.
  success: True
   status: 0
      fun: -11227.521250535367
        x: [ 1.025e+00  1.253e+00 ...  5.299e-01  3.530e+00]
      nit: 1247
      jac: [ 0.000e+00  0.000e+00 ...  3.064e-04  7.499e-05]
 hess_inv: [[ 1.000e+00  0.000e+00 ...  0.000e+00  0.000e+00]
            [ 0.000e+00  1.000e+00 ...  0.000e+00  0.000e+00]
            ...
            [ 0.000e+00  0.000e+00 ...  2.501e-02 -2.581e-04]
            [ 0.000e+00  0.000e+00 ... -2.581e-04  7.619e-02]]
     nfev: 1260
     njev: 1260
fit  cost time: 3463.589518070221

========== Fit loop 2/5 ==========
using RANDOM parameters

########### initial parameters
{
  "rho(1450)p_mass": 1.51,
  "rho(1450)p_width": 0.44,
  "rho(1570)p_mass": 1.57,
  "rho(1570)p_width": 0.14,
  "rho(1690)p_mass": 1.681,
  "rho(1690)p_width": 0.19,
  "rho(1450)m_mass": 1.51,
  "rho(1450)m_width": 0.44,
  "rho(1570)m_mass": 1.57,
  "rho(1570)m_width": 0.14,
  "rho(1690)m_mass": 1.681,
  "rho(1690)m_width": 0.19,
  "f0(500)_E791_mass": 0.478,
  "f2(1270)_flatte_mass": 1.2754,
  "f2(1270)_flatte_g_0": 3.1901595300294585,
  "f2(1270)_flatte_g_1": 1.132751313525252,
  "f0(1370)_mass": 1.37,
  "f0(1370)_width": 0.35,
  "f0(1500)_flatte_mass": 1.522,
  "f0(1500)_flatte_g_0": 1.899662091881637,
  "f0(1500)_flatte_g_1": 1.473503273217789,
  "f2(1430)_mass": 1.43,
  "f2(1430)_width": 0.046,
  "f2(1910)_mass": 1.934,
  "f2(1910)_width": 0.14,
  "Jpsi->rho(1450)p.pimrho(1450)p->phi.pip_total_0r": 1.0,
  "Jpsi->rho(1450)p.pimrho(1450)p->phi.pip_total_0i": 0.0,
  "Jpsi->rho(1450)p.pim_g_ls_0r": 1.0,
  "Jpsi->rho(1450)p.pim_g_ls_0i": 0.0,
  "rho(1450)p->phi.pip_g_ls_0r": 1.0,
  "rho(1450)p->phi.pip_g_ls_0i": 0.0,
  "Jpsi->rho(1570)p.pimrho(1570)p->phi.pip_total_0r": 1.4123699971464387,
  "Jpsi->rho(1570)p.pimrho(1570)p->phi.pip_total_0i": -1.5020801193606785,
  "Jpsi->rho(1570)p.pim_g_ls_0r": 1.0,
  "Jpsi->rho(1570)p.pim_g_ls_0i": 0.0,
  "rho(1570)p->phi.pip_g_ls_0r": 1.0,
  "rho(1570)p->phi.pip_g_ls_0i": 0.0,
  "Jpsi->rho(1690)p.pimrho(1690)p->phi.pip_total_0r": 1.7899129018546995,
  "Jpsi->rho(1690)p.pimrho(1690)p->phi.pip_total_0i": -0.9221028551570178,
  "Jpsi->rho(1690)p.pim_g_ls_0r": 1.0,
  "Jpsi->rho(1690)p.pim_g_ls_0i": 0.0,
  "rho(1690)p->phi.pip_g_ls_0r": 1.0,
  "rho(1690)p->phi.pip_g_ls_0i": 0.0,
  "Jpsi->rho(1450)m.piprho(1450)m->phi.pim_total_0r": 1.0,
  "Jpsi->rho(1450)m.piprho(1450)m->phi.pim_total_0i": 0.0,
  "Jpsi->rho(1450)m.pip_g_ls_0r": 1.0,
  "Jpsi->rho(1450)m.pip_g_ls_0i": 0.0,
  "rho(1450)m->phi.pim_g_ls_0r": 1.0,
  "rho(1450)m->phi.pim_g_ls_0i": 0.0,
  "Jpsi->rho(1570)m.piprho(1570)m->phi.pim_total_0r": 1.4123699971464387,
  "Jpsi->rho(1570)m.piprho(1570)m->phi.pim_total_0i": -1.5020801193606785,
  "Jpsi->rho(1570)m.pip_g_ls_0r": 1.0,
  "Jpsi->rho(1570)m.pip_g_ls_0i": 0.0,
  "rho(1570)m->phi.pim_g_ls_0r": 1.0,
  "rho(1570)m->phi.pim_g_ls_0i": 0.0,
  "Jpsi->rho(1690)m.piprho(1690)m->phi.pim_total_0r": 1.7899129018546995,
  "Jpsi->rho(1690)m.piprho(1690)m->phi.pim_total_0i": -0.9221028551570178,
  "Jpsi->rho(1690)m.pip_g_ls_0r": 1.0,
  "Jpsi->rho(1690)m.pip_g_ls_0i": 0.0,
  "rho(1690)m->phi.pim_g_ls_0r": 1.0,
  "rho(1690)m->phi.pim_g_ls_0i": 0.0,
  "Jpsi->phi.f0(500)_E791f0(500)_E791->pip.pim_total_0r": 1.179806412526597,
  "Jpsi->phi.f0(500)_E791f0(500)_E791->pip.pim_total_0i": -2.7115323437463945,
  "Jpsi->phi.f0(500)_E791_g_ls_0r": 1.0,
  "Jpsi->phi.f0(500)_E791_g_ls_0i": 0.0,
  "Jpsi->phi.f0(500)_E791_g_ls_1r": 0.8011071425990424,
  "Jpsi->phi.f0(500)_E791_g_ls_1i": 2.5498261372214923,
  "f0(500)_E791->pip.pim_g_ls_0r": 1.0,
  "f0(500)_E791->pip.pim_g_ls_0i": 0.0,
  "Jpsi->phi.f0(980)_flattef0(980)_flatte->pip.pim_total_0r": 0.8206446133305829,
  "Jpsi->phi.f0(980)_flattef0(980)_flatte->pip.pim_total_0i": 1.0082118686564732,
  "f0(980)_flatte->pip.pim_g_ls_0r": 1.0,
  "f0(980)_flatte->pip.pim_g_ls_0i": 0.0,
  "Jpsi->phi.f2(1270)_flattef2(1270)_flatte->pip.pim_total_0r": 0.24495822316618465,
  "Jpsi->phi.f2(1270)_flattef2(1270)_flatte->pip.pim_total_0i": 3.003455990193383,
  "Jpsi->phi.f2(1270)_flatte_g_ls_0r": 1.0,
  "Jpsi->phi.f2(1270)_flatte_g_ls_0i": 0.0,
  "Jpsi->phi.f2(1270)_flatte_g_ls_1r": 1.672749345002425,
  "Jpsi->phi.f2(1270)_flatte_g_ls_1i": 1.8191054206392954,
  "Jpsi->phi.f2(1270)_flatte_g_ls_2r": 0.04775588947833942,
  "Jpsi->phi.f2(1270)_flatte_g_ls_2i": -2.2322588608997624,
  "Jpsi->phi.f2(1270)_flatte_g_ls_3r": 0.6777776982036046,
  "Jpsi->phi.f2(1270)_flatte_g_ls_3i": -2.0768311304531784,
  "Jpsi->phi.f2(1270)_flatte_g_ls_4r": 0.08779709912226386,
  "Jpsi->phi.f2(1270)_flatte_g_ls_4i": 0.21803315776917387,
  "f2(1270)_flatte->pip.pim_g_ls_0r": 1.0,
  "f2(1270)_flatte->pip.pim_g_ls_0i": 0.0,
  "Jpsi->phi.f0(1370)f0(1370)->pip.pim_total_0r": 0.8263874313493766,
  "Jpsi->phi.f0(1370)f0(1370)->pip.pim_total_0i": -0.7269292374896041,
  "Jpsi->phi.f0(1370)_g_ls_0r": 1.0,
  "Jpsi->phi.f0(1370)_g_ls_0i": 0.0,
  "Jpsi->phi.f0(1370)_g_ls_1r": 0.5834072255254217,
  "Jpsi->phi.f0(1370)_g_ls_1i": -0.36354535107915265,
  "f0(1370)->pip.pim_g_ls_0r": 1.0,
  "f0(1370)->pip.pim_g_ls_0i": 0.0,
  "Jpsi->phi.f0(1500)_flattef0(1500)_flatte->pip.pim_total_0r": 0.4622496508464007,
  "Jpsi->phi.f0(1500)_flattef0(1500)_flatte->pip.pim_total_0i": -3.074484644201604,
  "Jpsi->phi.f0(1500)_flatte_g_ls_0r": 1.0,
  "Jpsi->phi.f0(1500)_flatte_g_ls_0i": 0.0,
  "Jpsi->phi.f0(1500)_flatte_g_ls_1r": 1.035683204967094,
  "Jpsi->phi.f0(1500)_flatte_g_ls_1i": -1.6734644575214523,
  "f0(1500)_flatte->pip.pim_g_ls_0r": 1.0,
  "f0(1500)_flatte->pip.pim_g_ls_0i": 0.0,
  "Jpsi->phi.f0(1710)f0(1710)->pip.pim_total_0r": 1.1453551967068476,
  "Jpsi->phi.f0(1710)f0(1710)->pip.pim_total_0i": -1.731319826795223,
  "f0(1710)->pip.pim_g_ls_0r": 1.0,
  "f0(1710)->pip.pim_g_ls_0i": 0.0,
  "Jpsi->phi.f2(1430)f2(1430)->pip.pim_total_0r": 1.2730275827889619,
  "Jpsi->phi.f2(1430)f2(1430)->pip.pim_total_0i": -1.7302885157788963,
  "Jpsi->phi.f2(1430)_g_ls_0r": 1.0,
  "Jpsi->phi.f2(1430)_g_ls_0i": 0.0,
  "Jpsi->phi.f2(1430)_g_ls_1r": 0.5001061061790275,
  "Jpsi->phi.f2(1430)_g_ls_1i": 1.8800745552841391,
  "Jpsi->phi.f2(1430)_g_ls_2r": 1.3349262236142696,
  "Jpsi->phi.f2(1430)_g_ls_2i": 1.4861982002208443,
  "Jpsi->phi.f2(1430)_g_ls_3r": 0.09079838895226722,
  "Jpsi->phi.f2(1430)_g_ls_3i": 3.028238681300661,
  "Jpsi->phi.f2(1430)_g_ls_4r": 1.762178220283245,
  "Jpsi->phi.f2(1430)_g_ls_4i": 2.550442667965936,
  "f2(1430)->pip.pim_g_ls_0r": 1.0,
  "f2(1430)->pip.pim_g_ls_0i": 0.0,
  "Jpsi->phi.f2(1910)f2(1910)->pip.pim_total_0r": 1.3216686500673398,
  "Jpsi->phi.f2(1910)f2(1910)->pip.pim_total_0i": -2.4529592698208704,
  "Jpsi->phi.f2(1910)_g_ls_0r": 1.0,
  "Jpsi->phi.f2(1910)_g_ls_0i": 0.0,
  "Jpsi->phi.f2(1910)_g_ls_1r": 1.9824982424351032,
  "Jpsi->phi.f2(1910)_g_ls_1i": 0.07237458147886722,
  "Jpsi->phi.f2(1910)_g_ls_2r": 0.22313902314592937,
  "Jpsi->phi.f2(1910)_g_ls_2i": -3.0710180579322617,
  "Jpsi->phi.f2(1910)_g_ls_3r": 0.4675386315175194,
  "Jpsi->phi.f2(1910)_g_ls_3i": -2.6320053432380544,
  "Jpsi->phi.f2(1910)_g_ls_4r": 1.9409965541984615,
  "Jpsi->phi.f2(1910)_g_ls_4i": 1.8935434633950408,
  "f2(1910)->pip.pim_g_ls_0r": 1.0,
  "f2(1910)->pip.pim_g_ls_0i": 0.0,
  "K1(1400)p_mass": 1.403,
  "K1(1400)p_width": 0.174,
  "K2(1820)p_mass": 1.819,
  "K2(1820)p_width": 0.264,
  "K2(1980)p_mass": 1.99,
  "K2(1980)p_width": 0.348,
  "K2(2250)p_mass": 2.247,
  "K2(2250)p_width": 0.18,
  "K3(2320)p_mass": 2.324,
  "K3(2320)p_width": 0.15,
  "K1(1400)m_mass": 1.403,
  "K1(1400)m_width": 0.174,
  "K2(1820)m_mass": 1.819,
  "K2(1820)m_width": 0.264,
  "K2(1980)m_mass": 1.99,
  "K2(1980)m_width": 0.348,
  "K3(2320)m_mass": 2.324,
  "K3(2320)m_width": 0.15,
  "f0(980)_flatte_mass": 0.965,
  "f0(980)_flatte_g_0": 0.8183893204722614,
  "f0(980)_flatte_g_1": 3.074797328363012,
  "f2(1270)_mass": 1.2754,
  "f2(1270)_width": 0.1858,
  "f0(1500)_mass": 1.522,
  "f0(1500)_width": 0.108,
  "f2(1525)_mass": 1.5173,
  "f2(1525)_width": 0.072,
  "f2(1565)_mass": 1.571,
  "f2(1565)_width": 0.132,
  "f0(1710)_mass": 1.733,
  "f0(1710)_width": 0.15,
  "f2(1810)_mass": 1.815,
  "f2(1810)_width": 0.197,
  "Jpsi->K1(1400)p.kmK1(1400)p->phi.kp_total_0r": 1.0,
  "Jpsi->K1(1400)p.kmK1(1400)p->phi.kp_total_0i": 0.0,
  "Jpsi->K1(1400)p.km_g_ls_0r": 1.0,
  "Jpsi->K1(1400)p.km_g_ls_0i": 0.0,
  "Jpsi->K1(1400)p.km_g_ls_1r": 1.825834789466676,
  "Jpsi->K1(1400)p.km_g_ls_1i": 3.1134620836992406,
  "K1(1400)p->phi.kp_g_ls_0r": 1.0,
  "K1(1400)p->phi.kp_g_ls_0i": 0.0,
  "K1(1400)p->phi.kp_g_ls_1r": 1.8796811802229887,
  "K1(1400)p->phi.kp_g_ls_1i": 2.8049743029173184,
  "Jpsi->K2(1820)p.kmK2(1820)p->phi.kp_total_0r": 1.2077208814407676,
  "Jpsi->K2(1820)p.kmK2(1820)p->phi.kp_total_0i": 2.027203548846983,
  "Jpsi->K2(1820)p.km_g_ls_0r": 1.0,
  "Jpsi->K2(1820)p.km_g_ls_0i": 0.0,
  "Jpsi->K2(1820)p.km_g_ls_1r": 1.1476871182541228,
  "Jpsi->K2(1820)p.km_g_ls_1i": 0.4115769247265457,
  "K2(1820)p->phi.kp_g_ls_0r": 1.0,
  "K2(1820)p->phi.kp_g_ls_0i": 0.0,
  "K2(1820)p->phi.kp_g_ls_1r": 1.3171664766103972,
  "K2(1820)p->phi.kp_g_ls_1i": 1.411689773192105,
  "Jpsi->K2(1980)p.kmK2(1980)p->phi.kp_total_0r": 0.5184495114902266,
  "Jpsi->K2(1980)p.kmK2(1980)p->phi.kp_total_0i": -1.1501614033324978,
  "Jpsi->K2(1980)p.km_g_ls_0r": 1.0,
  "Jpsi->K2(1980)p.km_g_ls_0i": 0.0,
  "K2(1980)p->phi.kp_g_ls_0r": 1.0,
  "K2(1980)p->phi.kp_g_ls_0i": 0.0,
  "Jpsi->K2(2250)p.kmK2(2250)p->phi.kp_total_0r": 1.6901710800511833,
  "Jpsi->K2(2250)p.kmK2(2250)p->phi.kp_total_0i": -2.466814407598628,
  "Jpsi->K2(2250)p.km_g_ls_0r": 1.0,
  "Jpsi->K2(2250)p.km_g_ls_0i": 0.0,
  "Jpsi->K2(2250)p.km_g_ls_1r": 1.4553087484286036,
  "Jpsi->K2(2250)p.km_g_ls_1i": 1.0310115285709056,
  "K2(2250)p->phi.kp_g_ls_0r": 1.0,
  "K2(2250)p->phi.kp_g_ls_0i": 0.0,
  "K2(2250)p->phi.kp_g_ls_1r": 1.9794226301899558,
  "K2(2250)p->phi.kp_g_ls_1i": -2.679026666224747,
  "Jpsi->K3(2320)p.kmK3(2320)p->phi.kp_total_0r": 1.6592416962407808,
  "Jpsi->K3(2320)p.kmK3(2320)p->phi.kp_total_0i": 2.0580833570754606,
  "Jpsi->K3(2320)p.km_g_ls_0r": 1.0,
  "Jpsi->K3(2320)p.km_g_ls_0i": 0.0,
  "Jpsi->K3(2320)p.km_g_ls_1r": 1.1679478383958908,
  "Jpsi->K3(2320)p.km_g_ls_1i": -0.8226059814291449,
  "K3(2320)p->phi.kp_g_ls_0r": 1.0,
  "K3(2320)p->phi.kp_g_ls_0i": 0.0,
  "K3(2320)p->phi.kp_g_ls_1r": 0.9641896275495561,
  "K3(2320)p->phi.kp_g_ls_1i": -2.93898341779517,
  "Jpsi->K1(1400)m.kpK1(1400)m->phi.km_total_0r": 1.0,
  "Jpsi->K1(1400)m.kpK1(1400)m->phi.km_total_0i": 0.0,
  "Jpsi->K1(1400)m.kp_g_ls_0r": 1.0,
  "Jpsi->K1(1400)m.kp_g_ls_0i": 0.0,
  "Jpsi->K1(1400)m.kp_g_ls_1r": 1.825834789466676,
  "Jpsi->K1(1400)m.kp_g_ls_1i": 3.1134620836992406,
  "K1(1400)m->phi.km_g_ls_0r": 1.0,
  "K1(1400)m->phi.km_g_ls_0i": 0.0,
  "K1(1400)m->phi.km_g_ls_1r": 1.8796811802229887,
  "K1(1400)m->phi.km_g_ls_1i": 2.8049743029173184,
  "Jpsi->K2(1820)m.kpK2(1820)m->phi.km_total_0r": 1.2077208814407676,
  "Jpsi->K2(1820)m.kpK2(1820)m->phi.km_total_0i": 2.027203548846983,
  "Jpsi->K2(1820)m.kp_g_ls_0r": 1.0,
  "Jpsi->K2(1820)m.kp_g_ls_0i": 0.0,
  "Jpsi->K2(1820)m.kp_g_ls_1r": 1.1476871182541228,
  "Jpsi->K2(1820)m.kp_g_ls_1i": 0.4115769247265457,
  "K2(1820)m->phi.km_g_ls_0r": 1.0,
  "K2(1820)m->phi.km_g_ls_0i": 0.0,
  "K2(1820)m->phi.km_g_ls_1r": 1.3171664766103972,
  "K2(1820)m->phi.km_g_ls_1i": 1.411689773192105,
  "Jpsi->K2(1980)m.kpK2(1980)m->phi.km_total_0r": 0.5184495114902266,
  "Jpsi->K2(1980)m.kpK2(1980)m->phi.km_total_0i": -1.1501614033324978,
  "Jpsi->K2(1980)m.kp_g_ls_0r": 1.0,
  "Jpsi->K2(1980)m.kp_g_ls_0i": 0.0,
  "K2(1980)m->phi.km_g_ls_0r": 1.0,
  "K2(1980)m->phi.km_g_ls_0i": 0.0,
  "Jpsi->K2(2250)p.kpK2(2250)p->phi.km_total_0r": 0.275843592931881,
  "Jpsi->K2(2250)p.kpK2(2250)p->phi.km_total_0i": 1.8198791572006199,
  "Jpsi->K2(2250)p.kp_g_ls_0r": 1.0,
  "Jpsi->K2(2250)p.kp_g_ls_0i": 0.0,
  "Jpsi->K2(2250)p.kp_g_ls_1r": 1.0440549593741597,
  "Jpsi->K2(2250)p.kp_g_ls_1i": 0.4037651841556289,
  "K2(2250)p->phi.km_g_ls_0r": 1.0,
  "K2(2250)p->phi.km_g_ls_0i": 0.0,
  "K2(2250)p->phi.km_g_ls_1r": 1.4571761000838137,
  "K2(2250)p->phi.km_g_ls_1i": 0.5623942970963993,
  "Jpsi->K3(2320)m.kpK3(2320)m->phi.km_total_0r": 1.6592416962407808,
  "Jpsi->K3(2320)m.kpK3(2320)m->phi.km_total_0i": 2.0580833570754606,
  "Jpsi->K3(2320)m.kp_g_ls_0r": 1.0,
  "Jpsi->K3(2320)m.kp_g_ls_0i": 0.0,
  "Jpsi->K3(2320)m.kp_g_ls_1r": 1.1679478383958908,
  "Jpsi->K3(2320)m.kp_g_ls_1i": -0.8226059814291449,
  "K3(2320)m->phi.km_g_ls_0r": 1.0,
  "K3(2320)m->phi.km_g_ls_0i": 0.0,
  "K3(2320)m->phi.km_g_ls_1r": 0.9641896275495561,
  "K3(2320)m->phi.km_g_ls_1i": -2.93898341779517,
  "Jpsi->phi.f0(980)_flattef0(980)_flatte->kp.km_total_0r": 1.1997866761718092,
  "Jpsi->phi.f0(980)_flattef0(980)_flatte->kp.km_total_0i": 2.488250942804526,
  "Jpsi->phi.f0(980)_flatte_g_ls_0r": 1.0,
  "Jpsi->phi.f0(980)_flatte_g_ls_0i": 0.0,
  "Jpsi->phi.f0(980)_flatte_g_ls_1r": 0.23598052006397685,
  "Jpsi->phi.f0(980)_flatte_g_ls_1i": -0.05571027210492563,
  "f0(980)_flatte->kp.km_g_ls_0r": 1.0,
  "f0(980)_flatte->kp.km_g_ls_0i": 0.0,
  "Jpsi->phi.f2(1270)f2(1270)->kp.km_total_0r": 1.935851385527041,
  "Jpsi->phi.f2(1270)f2(1270)->kp.km_total_0i": 2.097772393581381,
  "Jpsi->phi.f2(1270)_g_ls_0r": 1.0,
  "Jpsi->phi.f2(1270)_g_ls_0i": 0.0,
  "Jpsi->phi.f2(1270)_g_ls_1r": 0.45190331044886634,
  "Jpsi->phi.f2(1270)_g_ls_1i": 1.661404753156896,
  "Jpsi->phi.f2(1270)_g_ls_2r": 1.698430190812855,
  "Jpsi->phi.f2(1270)_g_ls_2i": 0.8517545305677641,
  "Jpsi->phi.f2(1270)_g_ls_3r": 0.9054304118558267,
  "Jpsi->phi.f2(1270)_g_ls_3i": 1.871676951862903,
  "Jpsi->phi.f2(1270)_g_ls_4r": 1.2597772916297303,
  "Jpsi->phi.f2(1270)_g_ls_4i": 2.603889440365463,
  "f2(1270)->kp.km_g_ls_0r": 1.0,
  "f2(1270)->kp.km_g_ls_0i": 0.0,
  "Jpsi->phi.f0(1500)f0(1500)->kp.km_total_0r": 0.6254976270662778,
  "Jpsi->phi.f0(1500)f0(1500)->kp.km_total_0i": 0.4990366716231809,
  "Jpsi->phi.f0(1500)_g_ls_0r": 1.0,
  "Jpsi->phi.f0(1500)_g_ls_0i": 0.0,
  "Jpsi->phi.f0(1500)_g_ls_1r": 1.8175931923187103,
  "Jpsi->phi.f0(1500)_g_ls_1i": -0.04986837458193172,
  "f0(1500)->kp.km_g_ls_0r": 1.0,
  "f0(1500)->kp.km_g_ls_0i": 0.0,
  "Jpsi->phi.f2(1525)f2(1525)->kp.km_total_0r": 0.9932117646825698,
  "Jpsi->phi.f2(1525)f2(1525)->kp.km_total_0i": 1.4819117828121389,
  "Jpsi->phi.f2(1525)_g_ls_0r": 1.0,
  "Jpsi->phi.f2(1525)_g_ls_0i": 0.0,
  "Jpsi->phi.f2(1525)_g_ls_1r": 0.7656926403672983,
  "Jpsi->phi.f2(1525)_g_ls_1i": 2.3784092448979717,
  "Jpsi->phi.f2(1525)_g_ls_2r": 0.08236411514503228,
  "Jpsi->phi.f2(1525)_g_ls_2i": -0.12705127040804065,
  "Jpsi->phi.f2(1525)_g_ls_3r": 0.4015930653981745,
  "Jpsi->phi.f2(1525)_g_ls_3i": 3.1220542677130103,
  "Jpsi->phi.f2(1525)_g_ls_4r": 0.4265201464307724,
  "Jpsi->phi.f2(1525)_g_ls_4i": -1.886928147572537,
  "f2(1525)->kp.km_g_ls_0r": 1.0,
  "f2(1525)->kp.km_g_ls_0i": 0.0,
  "Jpsi->phi.f2(1565)f2(1565)->kp.km_total_0r": 1.2695573025438724,
  "Jpsi->phi.f2(1565)f2(1565)->kp.km_total_0i": 0.19943255383126157,
  "Jpsi->phi.f2(1565)_g_ls_0r": 1.0,
  "Jpsi->phi.f2(1565)_g_ls_0i": 0.0,
  "Jpsi->phi.f2(1565)_g_ls_1r": 1.8841321230881718,
  "Jpsi->phi.f2(1565)_g_ls_1i": -2.2462500890129458,
  "Jpsi->phi.f2(1565)_g_ls_2r": 0.7200553780992922,
  "Jpsi->phi.f2(1565)_g_ls_2i": 1.6390284536026405,
  "Jpsi->phi.f2(1565)_g_ls_3r": 1.5970268160144214,
  "Jpsi->phi.f2(1565)_g_ls_3i": -2.2760071720806594,
  "Jpsi->phi.f2(1565)_g_ls_4r": 0.427027994738697,
  "Jpsi->phi.f2(1565)_g_ls_4i": 0.0033290049521745857,
  "f2(1565)->kp.km_g_ls_0r": 1.0,
  "f2(1565)->kp.km_g_ls_0i": 0.0,
  "Jpsi->phi.f0(1710)f0(1710)->kp.km_total_0r": 0.9079165750722549,
  "Jpsi->phi.f0(1710)f0(1710)->kp.km_total_0i": 0.5671006439363313,
  "Jpsi->phi.f0(1710)_g_ls_0r": 1.0,
  "Jpsi->phi.f0(1710)_g_ls_0i": 0.0,
  "Jpsi->phi.f0(1710)_g_ls_1r": 0.7628587383895056,
  "Jpsi->phi.f0(1710)_g_ls_1i": 1.4482245378367287,
  "f0(1710)->kp.km_g_ls_0r": 1.0,
  "f0(1710)->kp.km_g_ls_0i": 0.0,
  "Jpsi->phi.f2(1810)f2(1810)->kp.km_total_0r": 1.2550554720550413,
  "Jpsi->phi.f2(1810)f2(1810)->kp.km_total_0i": 1.8818653467766682,
  "Jpsi->phi.f2(1810)_g_ls_0r": 1.0,
  "Jpsi->phi.f2(1810)_g_ls_0i": 0.0,
  "Jpsi->phi.f2(1810)_g_ls_1r": 0.8331797021786427,
  "Jpsi->phi.f2(1810)_g_ls_1i": -2.861336272620804,
  "Jpsi->phi.f2(1810)_g_ls_2r": 0.5074341485278335,
  "Jpsi->phi.f2(1810)_g_ls_2i": -0.11830943603012445,
  "Jpsi->phi.f2(1810)_g_ls_3r": 1.9252708446621196,
  "Jpsi->phi.f2(1810)_g_ls_3i": 2.2061138028905454,
  "Jpsi->phi.f2(1810)_g_ls_4r": 1.4144671046943982,
  "Jpsi->phi.f2(1810)_g_ls_4i": -0.3639775365232527,
  "f2(1810)->kp.km_g_ls_0r": 1.0,
  "f2(1810)->kp.km_g_ls_0i": 0.0
}
nll_grad  cost time: 2.6450181007385254
nll_grad  cost time: 2.598385810852051
tf.Tensor(-632.021886358154, shape=(), dtype=float64)
nll_grad  cost time: 2.5989489555358887
tf.Tensor(-5206.065300417482, shape=(), dtype=float64)
nll_grad  cost time: 2.8733572959899902
nll_grad  cost time: 2.630589723587036
tf.Tensor(-6795.079732237951, shape=(), dtype=float64)
nll_grad  cost time: 2.6972289085388184
tf.Tensor(-7197.938820203664, shape=(), dtype=float64)
nll_grad  cost time: 2.8091931343078613
tf.Tensor(-7809.258422151819, shape=(), dtype=float64)
nll_grad  cost time: 2.7050302028656006
tf.Tensor(-8156.774132727922, shape=(), dtype=float64)
nll_grad  cost time: 2.5890274047851562
tf.Tensor(-8577.84089229061, shape=(), dtype=float64)
nll_grad  cost time: 2.6604321002960205
nll_grad  cost time: 2.5821497440338135
tf.Tensor(-8826.761704719276, shape=(), dtype=float64)
nll_grad  cost time: 2.8179211616516113
tf.Tensor(-8903.934613434016, shape=(), dtype=float64)
nll_grad  cost time: 2.8588778972625732
tf.Tensor(-9013.996160675539, shape=(), dtype=float64)
nll_grad  cost time: 2.852707624435425
tf.Tensor(-9169.835576524201, shape=(), dtype=float64)
nll_grad  cost time: 2.916354179382324
tf.Tensor(-9342.860762071403, shape=(), dtype=float64)
nll_grad  cost time: 2.700605869293213
nll_grad  cost time: 2.828629732131958
tf.Tensor(-9429.435365774218, shape=(), dtype=float64)
nll_grad  cost time: 2.676927089691162
tf.Tensor(-9548.283867606879, shape=(), dtype=float64)
nll_grad  cost time: 2.694800615310669
tf.Tensor(-9625.20465207909, shape=(), dtype=float64)
nll_grad  cost time: 2.6420230865478516
tf.Tensor(-9723.766477937024, shape=(), dtype=float64)
nll_grad  cost time: 2.617502212524414
tf.Tensor(-9842.001663739735, shape=(), dtype=float64)
nll_grad  cost time: 2.709716320037842
nll_grad  cost time: 2.5607821941375732
tf.Tensor(-9903.56900191959, shape=(), dtype=float64)
nll_grad  cost time: 2.603424310684204
tf.Tensor(-9967.360481689422, shape=(), dtype=float64)
nll_grad  cost time: 2.706038236618042
tf.Tensor(-10002.590859652948, shape=(), dtype=float64)
nll_grad  cost time: 2.8682470321655273
tf.Tensor(-10050.772667592246, shape=(), dtype=float64)
nll_grad  cost time: 2.723653793334961
tf.Tensor(-10101.335083811267, shape=(), dtype=float64)
nll_grad  cost time: 2.6351609230041504
tf.Tensor(-10146.429813537092, shape=(), dtype=float64)
nll_grad  cost time: 2.6945431232452393
nll_grad  cost time: 2.668941020965576
tf.Tensor(-10168.443113710688, shape=(), dtype=float64)
nll_grad  cost time: 2.61561918258667
tf.Tensor(-10182.727830729535, shape=(), dtype=float64)
nll_grad  cost time: 2.6476540565490723
tf.Tensor(-10199.583162138035, shape=(), dtype=float64)
nll_grad  cost time: 2.697340488433838
tf.Tensor(-10223.128499751416, shape=(), dtype=float64)
nll_grad  cost time: 2.708080530166626
tf.Tensor(-10251.333241402841, shape=(), dtype=float64)
nll_grad  cost time: 2.7409799098968506
tf.Tensor(-10293.238897681775, shape=(), dtype=float64)
nll_grad  cost time: 2.669666290283203
tf.Tensor(-10310.667888794167, shape=(), dtype=float64)
nll_grad  cost time: 2.8363523483276367
tf.Tensor(-10331.630124127143, shape=(), dtype=float64)
nll_grad  cost time: 2.734522819519043
tf.Tensor(-10347.759751991267, shape=(), dtype=float64)
nll_grad  cost time: 2.902482271194458
tf.Tensor(-10364.056277758835, shape=(), dtype=float64)
nll_grad  cost time: 2.6903629302978516
tf.Tensor(-10381.016835201677, shape=(), dtype=float64)
nll_grad  cost time: 2.655855417251587
tf.Tensor(-10397.681792851465, shape=(), dtype=float64)
nll_grad  cost time: 2.640472650527954
nll_grad  cost time: 2.6037790775299072
tf.Tensor(-10407.646388387759, shape=(), dtype=float64)
nll_grad  cost time: 2.650027275085449
tf.Tensor(-10418.996814286496, shape=(), dtype=float64)
nll_grad  cost time: 2.537611722946167
tf.Tensor(-10425.005983502022, shape=(), dtype=float64)
nll_grad  cost time: 2.7561745643615723
tf.Tensor(-10434.463646955133, shape=(), dtype=float64)
nll_grad  cost time: 2.734675407409668
tf.Tensor(-10446.955766989253, shape=(), dtype=float64)
nll_grad  cost time: 2.8337416648864746
tf.Tensor(-10464.334850507294, shape=(), dtype=float64)
nll_grad  cost time: 2.6973063945770264
tf.Tensor(-10482.491849412021, shape=(), dtype=float64)
nll_grad  cost time: 2.722503662109375
tf.Tensor(-10488.052084312789, shape=(), dtype=float64)
nll_grad  cost time: 2.647859811782837
tf.Tensor(-10493.889492117974, shape=(), dtype=float64)
nll_grad  cost time: 2.6520278453826904
tf.Tensor(-10501.927540174307, shape=(), dtype=float64)
nll_grad  cost time: 2.6166489124298096
tf.Tensor(-10513.784645829306, shape=(), dtype=float64)
nll_grad  cost time: 2.579209089279175
tf.Tensor(-10527.392577713705, shape=(), dtype=float64)
nll_grad  cost time: 2.807934284210205
tf.Tensor(-10544.64893852218, shape=(), dtype=float64)
nll_grad  cost time: 2.815336227416992
nll_grad  cost time: 2.6142797470092773
tf.Tensor(-10548.85309758583, shape=(), dtype=float64)
nll_grad  cost time: 2.7445430755615234
tf.Tensor(-10555.363284748048, shape=(), dtype=float64)
nll_grad  cost time: 2.5759291648864746
tf.Tensor(-10565.418689643542, shape=(), dtype=float64)
nll_grad  cost time: 2.903202533721924
tf.Tensor(-10579.781900605507, shape=(), dtype=float64)
nll_grad  cost time: 2.7050392627716064
tf.Tensor(-10598.32311736638, shape=(), dtype=float64)
nll_grad  cost time: 2.712672472000122
nll_grad  cost time: 2.6982336044311523
tf.Tensor(-10605.887482605001, shape=(), dtype=float64)
nll_grad  cost time: 2.6741762161254883
tf.Tensor(-10616.095297563574, shape=(), dtype=float64)
nll_grad  cost time: 2.7467055320739746
tf.Tensor(-10618.00783471002, shape=(), dtype=float64)
nll_grad  cost time: 2.681751251220703
tf.Tensor(-10621.203189138323, shape=(), dtype=float64)
nll_grad  cost time: 2.6052093505859375
tf.Tensor(-10624.051210910038, shape=(), dtype=float64)
nll_grad  cost time: 2.665193796157837
tf.Tensor(-10628.30338326811, shape=(), dtype=float64)
nll_grad  cost time: 2.7200748920440674
tf.Tensor(-10633.776741056092, shape=(), dtype=float64)
nll_grad  cost time: 2.8722662925720215
tf.Tensor(-10640.813105462337, shape=(), dtype=float64)
nll_grad  cost time: 2.817028760910034
tf.Tensor(-10649.427950730329, shape=(), dtype=float64)
nll_grad  cost time: 2.6533806324005127
tf.Tensor(-10655.82644131704, shape=(), dtype=float64)
nll_grad  cost time: 2.6603901386260986
tf.Tensor(-10661.177623103576, shape=(), dtype=float64)
nll_grad  cost time: 2.6335289478302
tf.Tensor(-10665.305554111997, shape=(), dtype=float64)
nll_grad  cost time: 2.662243604660034
tf.Tensor(-10670.415471489658, shape=(), dtype=float64)
nll_grad  cost time: 2.6709606647491455
tf.Tensor(-10677.064972686814, shape=(), dtype=float64)
nll_grad  cost time: 2.753229856491089
tf.Tensor(-10684.092233138857, shape=(), dtype=float64)
nll_grad  cost time: 2.704498052597046
tf.Tensor(-10689.492349501248, shape=(), dtype=float64)
nll_grad  cost time: 2.7117831707000732
tf.Tensor(-10694.869820185326, shape=(), dtype=float64)
nll_grad  cost time: 2.624364137649536
tf.Tensor(-10699.743188948676, shape=(), dtype=float64)
nll_grad  cost time: 2.771453619003296
tf.Tensor(-10704.6253803312, shape=(), dtype=float64)
nll_grad  cost time: 2.823232889175415
tf.Tensor(-10712.280704106204, shape=(), dtype=float64)
nll_grad  cost time: 2.7648167610168457
tf.Tensor(-10721.609857273797, shape=(), dtype=float64)
nll_grad  cost time: 2.879866123199463
tf.Tensor(-10730.906409142699, shape=(), dtype=float64)
nll_grad  cost time: 2.7868492603302
tf.Tensor(-10732.578786360216, shape=(), dtype=float64)
nll_grad  cost time: 2.7915408611297607
tf.Tensor(-10735.534762242605, shape=(), dtype=float64)
nll_grad  cost time: 2.7675552368164062
tf.Tensor(-10739.987628362593, shape=(), dtype=float64)
nll_grad  cost time: 2.6918952465057373
tf.Tensor(-10745.595336123035, shape=(), dtype=float64)
nll_grad  cost time: 2.596478223800659
tf.Tensor(-10750.083639231452, shape=(), dtype=float64)
nll_grad  cost time: 2.5878543853759766
tf.Tensor(-10752.597288635981, shape=(), dtype=float64)
nll_grad  cost time: 2.751389980316162
tf.Tensor(-10756.536377647048, shape=(), dtype=float64)
nll_grad  cost time: 2.920816659927368
tf.Tensor(-10761.251671050763, shape=(), dtype=float64)
nll_grad  cost time: 2.7435717582702637
tf.Tensor(-10764.685110267528, shape=(), dtype=float64)
nll_grad  cost time: 2.5737571716308594
tf.Tensor(-10769.583886812135, shape=(), dtype=float64)
nll_grad  cost time: 2.6837141513824463
tf.Tensor(-10774.464764643111, shape=(), dtype=float64)
nll_grad  cost time: 2.594295024871826
tf.Tensor(-10777.754494703811, shape=(), dtype=float64)
nll_grad  cost time: 2.649400472640991
tf.Tensor(-10781.996652783884, shape=(), dtype=float64)
nll_grad  cost time: 2.574711799621582
tf.Tensor(-10786.528528122784, shape=(), dtype=float64)
nll_grad  cost time: 2.6102564334869385
tf.Tensor(-10788.987635667334, shape=(), dtype=float64)
nll_grad  cost time: 2.641761064529419
tf.Tensor(-10792.751229236514, shape=(), dtype=float64)
nll_grad  cost time: 2.575731039047241
tf.Tensor(-10797.213251116467, shape=(), dtype=float64)
nll_grad  cost time: 2.6885669231414795
tf.Tensor(-10799.895263073879, shape=(), dtype=float64)
nll_grad  cost time: 2.764998197555542
tf.Tensor(-10802.944649540965, shape=(), dtype=float64)
nll_grad  cost time: 2.7950127124786377
tf.Tensor(-10804.179671499325, shape=(), dtype=float64)
nll_grad  cost time: 2.766113758087158
tf.Tensor(-10806.128106654636, shape=(), dtype=float64)
nll_grad  cost time: 2.9001052379608154
tf.Tensor(-10809.464231960897, shape=(), dtype=float64)
nll_grad  cost time: 2.8786606788635254
tf.Tensor(-10812.84532136572, shape=(), dtype=float64)
nll_grad  cost time: 2.907733201980591
tf.Tensor(-10817.64278463264, shape=(), dtype=float64)
nll_grad  cost time: 2.7720484733581543
tf.Tensor(-10825.18190464277, shape=(), dtype=float64)
nll_grad  cost time: 2.7868921756744385
tf.Tensor(-10832.55281583163, shape=(), dtype=float64)
nll_grad  cost time: 2.7581443786621094
nll_grad  cost time: 2.7037391662597656
tf.Tensor(-10835.667103142143, shape=(), dtype=float64)
nll_grad  cost time: 2.5838048458099365
tf.Tensor(-10838.608000299631, shape=(), dtype=float64)
nll_grad  cost time: 2.6643054485321045
tf.Tensor(-10842.07834806852, shape=(), dtype=float64)
nll_grad  cost time: 2.742233991622925
tf.Tensor(-10846.24870495194, shape=(), dtype=float64)
nll_grad  cost time: 2.725371837615967
tf.Tensor(-10849.987682784704, shape=(), dtype=float64)
nll_grad  cost time: 2.709204912185669
tf.Tensor(-10854.04091484561, shape=(), dtype=float64)
nll_grad  cost time: 2.6555614471435547
tf.Tensor(-10858.419249609215, shape=(), dtype=float64)
nll_grad  cost time: 2.6538729667663574
tf.Tensor(-10861.10334712571, shape=(), dtype=float64)
nll_grad  cost time: 2.688870668411255
tf.Tensor(-10865.499360233589, shape=(), dtype=float64)
nll_grad  cost time: 2.8210315704345703
tf.Tensor(-10868.434768992403, shape=(), dtype=float64)
nll_grad  cost time: 2.67797589302063
tf.Tensor(-10871.22585035734, shape=(), dtype=float64)
nll_grad  cost time: 2.60131573677063
tf.Tensor(-10875.169714325326, shape=(), dtype=float64)
nll_grad  cost time: 2.634977340698242
tf.Tensor(-10878.59928507029, shape=(), dtype=float64)
nll_grad  cost time: 2.7185826301574707
tf.Tensor(-10883.135875573498, shape=(), dtype=float64)
nll_grad  cost time: 2.6719186305999756
tf.Tensor(-10885.991506220147, shape=(), dtype=float64)
nll_grad  cost time: 2.7177059650421143
tf.Tensor(-10890.23798252159, shape=(), dtype=float64)
nll_grad  cost time: 2.75832200050354
tf.Tensor(-10894.2866030367, shape=(), dtype=float64)
nll_grad  cost time: 2.6815593242645264
tf.Tensor(-10896.35800213211, shape=(), dtype=float64)
nll_grad  cost time: 2.749587297439575
tf.Tensor(-10899.680799343216, shape=(), dtype=float64)
nll_grad  cost time: 2.7718818187713623
tf.Tensor(-10903.670416797002, shape=(), dtype=float64)
nll_grad  cost time: 2.763113498687744
tf.Tensor(-10907.766787889472, shape=(), dtype=float64)
nll_grad  cost time: 2.79943585395813
tf.Tensor(-10908.70633093387, shape=(), dtype=float64)
nll_grad  cost time: 2.7883219718933105
tf.Tensor(-10910.272811792966, shape=(), dtype=float64)
nll_grad  cost time: 2.7478466033935547
tf.Tensor(-10912.52414415656, shape=(), dtype=float64)
nll_grad  cost time: 3.0367283821105957
tf.Tensor(-10916.070904074368, shape=(), dtype=float64)
nll_grad  cost time: 2.716886043548584
tf.Tensor(-10920.097292006802, shape=(), dtype=float64)
nll_grad  cost time: 2.6777405738830566
tf.Tensor(-10923.345922475055, shape=(), dtype=float64)
nll_grad  cost time: 2.7882888317108154
tf.Tensor(-10923.801069878158, shape=(), dtype=float64)
nll_grad  cost time: 2.6824491024017334
tf.Tensor(-10924.667060297521, shape=(), dtype=float64)
nll_grad  cost time: 2.5843722820281982
tf.Tensor(-10926.240156664266, shape=(), dtype=float64)
nll_grad  cost time: 2.6518056392669678
tf.Tensor(-10928.748551532233, shape=(), dtype=float64)
nll_grad  cost time: 2.6793456077575684
tf.Tensor(-10933.031129902112, shape=(), dtype=float64)
nll_grad  cost time: 2.570582151412964
tf.Tensor(-10937.313965372916, shape=(), dtype=float64)
nll_grad  cost time: 2.5892841815948486
tf.Tensor(-10940.531884781361, shape=(), dtype=float64)
nll_grad  cost time: 2.588599681854248
tf.Tensor(-10944.027295658641, shape=(), dtype=float64)
nll_grad  cost time: 2.6559813022613525
tf.Tensor(-10948.454622230041, shape=(), dtype=float64)
nll_grad  cost time: 2.6145811080932617
nll_grad  cost time: 2.6807425022125244
tf.Tensor(-10950.60306621794, shape=(), dtype=float64)
nll_grad  cost time: 2.927704334259033
tf.Tensor(-10953.516166246438, shape=(), dtype=float64)
nll_grad  cost time: 2.715193271636963
tf.Tensor(-10956.311529511426, shape=(), dtype=float64)
nll_grad  cost time: 2.7568633556365967
tf.Tensor(-10960.424515671592, shape=(), dtype=float64)
nll_grad  cost time: 2.7421538829803467
tf.Tensor(-10964.413449390238, shape=(), dtype=float64)
nll_grad  cost time: 2.6895668506622314
tf.Tensor(-10968.432888908254, shape=(), dtype=float64)
nll_grad  cost time: 2.6507821083068848
tf.Tensor(-10972.012291050123, shape=(), dtype=float64)
nll_grad  cost time: 2.6127381324768066
tf.Tensor(-10973.677291706015, shape=(), dtype=float64)
nll_grad  cost time: 2.6291074752807617
tf.Tensor(-10976.392292263874, shape=(), dtype=float64)
nll_grad  cost time: 2.670635461807251
tf.Tensor(-10979.791067094178, shape=(), dtype=float64)
nll_grad  cost time: 2.6554393768310547
tf.Tensor(-10983.951044319198, shape=(), dtype=float64)
nll_grad  cost time: 2.631962299346924
tf.Tensor(-10985.564556108802, shape=(), dtype=float64)
nll_grad  cost time: 2.7318522930145264
tf.Tensor(-10987.819187730187, shape=(), dtype=float64)
nll_grad  cost time: 2.595580577850342
tf.Tensor(-10989.863230897332, shape=(), dtype=float64)
nll_grad  cost time: 2.666578531265259
tf.Tensor(-10992.096361301272, shape=(), dtype=float64)
nll_grad  cost time: 2.665569543838501
tf.Tensor(-10995.139980281107, shape=(), dtype=float64)
nll_grad  cost time: 2.733149290084839
nll_grad  cost time: 2.6420199871063232
tf.Tensor(-10996.858636837293, shape=(), dtype=float64)
nll_grad  cost time: 2.7644364833831787
tf.Tensor(-10998.828100359533, shape=(), dtype=float64)
nll_grad  cost time: 2.749234676361084
tf.Tensor(-11001.644719485877, shape=(), dtype=float64)
nll_grad  cost time: 2.8974130153656006
tf.Tensor(-11003.682368828813, shape=(), dtype=float64)
nll_grad  cost time: 2.874828338623047
tf.Tensor(-11004.790624675603, shape=(), dtype=float64)
nll_grad  cost time: 2.6592657566070557
tf.Tensor(-11006.567110929755, shape=(), dtype=float64)
nll_grad  cost time: 2.790886402130127
tf.Tensor(-11009.011901514139, shape=(), dtype=float64)
nll_grad  cost time: 2.6806631088256836
tf.Tensor(-11011.144460438096, shape=(), dtype=float64)
nll_grad  cost time: 2.810978651046753
tf.Tensor(-11013.011181400841, shape=(), dtype=float64)
nll_grad  cost time: 2.741480827331543
tf.Tensor(-11014.376201761945, shape=(), dtype=float64)
nll_grad  cost time: 2.82182240486145
tf.Tensor(-11015.6350730618, shape=(), dtype=float64)
nll_grad  cost time: 2.673474073410034
tf.Tensor(-11017.119406801998, shape=(), dtype=float64)
nll_grad  cost time: 2.603452682495117
tf.Tensor(-11018.235681445745, shape=(), dtype=float64)
nll_grad  cost time: 2.520803213119507
tf.Tensor(-11019.421051009282, shape=(), dtype=float64)
nll_grad  cost time: 2.577867269515991
tf.Tensor(-11020.640130465647, shape=(), dtype=float64)
nll_grad  cost time: 2.670670509338379
tf.Tensor(-11022.15842734673, shape=(), dtype=float64)
nll_grad  cost time: 2.6485390663146973
tf.Tensor(-11023.908575119145, shape=(), dtype=float64)
nll_grad  cost time: 2.655986785888672
tf.Tensor(-11026.429129183467, shape=(), dtype=float64)
nll_grad  cost time: 2.53708815574646
tf.Tensor(-11029.334750699578, shape=(), dtype=float64)
nll_grad  cost time: 2.5013272762298584
tf.Tensor(-11030.763502462432, shape=(), dtype=float64)
nll_grad  cost time: 2.4873197078704834
tf.Tensor(-11032.788525776472, shape=(), dtype=float64)
nll_grad  cost time: 2.6431307792663574
tf.Tensor(-11033.753606695464, shape=(), dtype=float64)
nll_grad  cost time: 2.6497433185577393
tf.Tensor(-11035.352603820967, shape=(), dtype=float64)
nll_grad  cost time: 2.598149538040161
tf.Tensor(-11037.356151926375, shape=(), dtype=float64)
nll_grad  cost time: 2.6550989151000977
tf.Tensor(-11039.589330763643, shape=(), dtype=float64)
nll_grad  cost time: 2.591534376144409
tf.Tensor(-11040.504221435098, shape=(), dtype=float64)
nll_grad  cost time: 2.933694362640381
tf.Tensor(-11041.863048297892, shape=(), dtype=float64)
nll_grad  cost time: 2.747539520263672
tf.Tensor(-11043.367744384857, shape=(), dtype=float64)
nll_grad  cost time: 2.759965658187866
tf.Tensor(-11044.400053644582, shape=(), dtype=float64)
nll_grad  cost time: 2.676464796066284
tf.Tensor(-11045.344276918113, shape=(), dtype=float64)
nll_grad  cost time: 2.642195463180542
tf.Tensor(-11046.340165681104, shape=(), dtype=float64)
nll_grad  cost time: 2.601088047027588
tf.Tensor(-11047.475290605842, shape=(), dtype=float64)
nll_grad  cost time: 2.640552520751953
tf.Tensor(-11048.498102029742, shape=(), dtype=float64)
nll_grad  cost time: 2.6807892322540283
tf.Tensor(-11049.512131476178, shape=(), dtype=float64)
nll_grad  cost time: 2.687141180038452
tf.Tensor(-11050.170292862982, shape=(), dtype=float64)
nll_grad  cost time: 2.6343517303466797
tf.Tensor(-11050.88891822708, shape=(), dtype=float64)
nll_grad  cost time: 2.63342547416687
tf.Tensor(-11051.707312881073, shape=(), dtype=float64)
nll_grad  cost time: 2.7692058086395264
tf.Tensor(-11052.458394952191, shape=(), dtype=float64)
nll_grad  cost time: 2.6299567222595215
tf.Tensor(-11053.519385536347, shape=(), dtype=float64)
nll_grad  cost time: 2.6506457328796387
tf.Tensor(-11054.785108619675, shape=(), dtype=float64)
nll_grad  cost time: 2.7008516788482666
tf.Tensor(-11055.404580083254, shape=(), dtype=float64)
nll_grad  cost time: 2.700080156326294
tf.Tensor(-11056.375566649236, shape=(), dtype=float64)
nll_grad  cost time: 2.793962240219116
tf.Tensor(-11057.494681366967, shape=(), dtype=float64)
nll_grad  cost time: 2.675508975982666
tf.Tensor(-11058.441867530331, shape=(), dtype=float64)
nll_grad  cost time: 2.6800127029418945
tf.Tensor(-11059.337354104107, shape=(), dtype=float64)
nll_grad  cost time: 2.5885696411132812
tf.Tensor(-11060.416254381926, shape=(), dtype=float64)
nll_grad  cost time: 2.5678298473358154
tf.Tensor(-11061.545501082772, shape=(), dtype=float64)
nll_grad  cost time: 2.530992031097412
tf.Tensor(-11061.731524043702, shape=(), dtype=float64)
nll_grad  cost time: 2.6864302158355713
tf.Tensor(-11062.072691483583, shape=(), dtype=float64)
nll_grad  cost time: 2.616516590118408
tf.Tensor(-11062.685099542752, shape=(), dtype=float64)
nll_grad  cost time: 2.697707176208496
tf.Tensor(-11063.641299165189, shape=(), dtype=float64)
nll_grad  cost time: 2.793255567550659
tf.Tensor(-11064.77882616692, shape=(), dtype=float64)
nll_grad  cost time: 2.86675763130188
nll_grad  cost time: 2.715020179748535
tf.Tensor(-11065.38748773378, shape=(), dtype=float64)
nll_grad  cost time: 2.7336807250976562
tf.Tensor(-11065.955213484514, shape=(), dtype=float64)
nll_grad  cost time: 2.6170012950897217
tf.Tensor(-11066.753849567613, shape=(), dtype=float64)
nll_grad  cost time: 2.621546983718872
tf.Tensor(-11067.871366494495, shape=(), dtype=float64)
nll_grad  cost time: 2.5823755264282227
tf.Tensor(-11069.195738679613, shape=(), dtype=float64)
nll_grad  cost time: 2.70479154586792
nll_grad  cost time: 2.7570815086364746
tf.Tensor(-11069.925928454453, shape=(), dtype=float64)
nll_grad  cost time: 2.643768072128296
tf.Tensor(-11070.679666853015, shape=(), dtype=float64)
nll_grad  cost time: 2.545790433883667
tf.Tensor(-11071.588764558546, shape=(), dtype=float64)
nll_grad  cost time: 2.7525858879089355
tf.Tensor(-11072.584637952852, shape=(), dtype=float64)
nll_grad  cost time: 2.5851686000823975
tf.Tensor(-11073.53004172344, shape=(), dtype=float64)
nll_grad  cost time: 2.621370553970337
tf.Tensor(-11073.905544918569, shape=(), dtype=float64)
nll_grad  cost time: 2.6347622871398926
tf.Tensor(-11074.496401902783, shape=(), dtype=float64)
nll_grad  cost time: 2.6665236949920654
tf.Tensor(-11075.07993249195, shape=(), dtype=float64)
nll_grad  cost time: 2.623561382293701
tf.Tensor(-11075.512621933682, shape=(), dtype=float64)
nll_grad  cost time: 2.670027732849121
tf.Tensor(-11075.715687312128, shape=(), dtype=float64)
nll_grad  cost time: 2.737189292907715
tf.Tensor(-11076.004079942897, shape=(), dtype=float64)
nll_grad  cost time: 2.744910955429077
tf.Tensor(-11076.341870331627, shape=(), dtype=float64)
nll_grad  cost time: 2.872035503387451
tf.Tensor(-11076.646492846296, shape=(), dtype=float64)
nll_grad  cost time: 2.677475929260254
tf.Tensor(-11077.038597293678, shape=(), dtype=float64)
nll_grad  cost time: 2.947744846343994
tf.Tensor(-11077.486948856196, shape=(), dtype=float64)
nll_grad  cost time: 2.737607717514038
tf.Tensor(-11078.07013524133, shape=(), dtype=float64)
nll_grad  cost time: 2.6613388061523438
tf.Tensor(-11078.476524645652, shape=(), dtype=float64)
nll_grad  cost time: 2.62428617477417
tf.Tensor(-11078.856314573379, shape=(), dtype=float64)
nll_grad  cost time: 2.6933889389038086
tf.Tensor(-11079.336236406656, shape=(), dtype=float64)
nll_grad  cost time: 2.61173152923584
tf.Tensor(-11079.799589350048, shape=(), dtype=float64)
nll_grad  cost time: 2.63863468170166
tf.Tensor(-11079.960686213744, shape=(), dtype=float64)
nll_grad  cost time: 2.67453670501709
tf.Tensor(-11080.241505135811, shape=(), dtype=float64)
nll_grad  cost time: 2.6518499851226807
tf.Tensor(-11080.673407566137, shape=(), dtype=float64)
nll_grad  cost time: 2.5978643894195557
tf.Tensor(-11081.073397606713, shape=(), dtype=float64)
nll_grad  cost time: 2.5853817462921143
tf.Tensor(-11081.327439813787, shape=(), dtype=float64)
nll_grad  cost time: 2.6878182888031006
tf.Tensor(-11081.628392408224, shape=(), dtype=float64)
nll_grad  cost time: 2.673557996749878
tf.Tensor(-11082.038031002492, shape=(), dtype=float64)
nll_grad  cost time: 2.552788257598877
tf.Tensor(-11082.482157375678, shape=(), dtype=float64)
nll_grad  cost time: 2.7523577213287354
tf.Tensor(-11082.975025234351, shape=(), dtype=float64)
nll_grad  cost time: 2.5356016159057617
tf.Tensor(-11083.481009915617, shape=(), dtype=float64)
nll_grad  cost time: 2.737661600112915
tf.Tensor(-11084.15499411081, shape=(), dtype=float64)
nll_grad  cost time: 2.5250208377838135
tf.Tensor(-11084.759790918732, shape=(), dtype=float64)
nll_grad  cost time: 2.489696502685547
tf.Tensor(-11085.07187905992, shape=(), dtype=float64)
nll_grad  cost time: 2.592289686203003
tf.Tensor(-11085.462999627649, shape=(), dtype=float64)
nll_grad  cost time: 3.1127028465270996
tf.Tensor(-11085.949791769599, shape=(), dtype=float64)
nll_grad  cost time: 2.6963813304901123
tf.Tensor(-11086.413478137882, shape=(), dtype=float64)
nll_grad  cost time: 3.044090509414673
tf.Tensor(-11086.839850489894, shape=(), dtype=float64)
nll_grad  cost time: 2.66041898727417
tf.Tensor(-11087.230585434489, shape=(), dtype=float64)
nll_grad  cost time: 2.685990571975708
tf.Tensor(-11087.636899756355, shape=(), dtype=float64)
nll_grad  cost time: 2.687439441680908
tf.Tensor(-11088.189633498623, shape=(), dtype=float64)
nll_grad  cost time: 2.6892154216766357
tf.Tensor(-11088.644807621211, shape=(), dtype=float64)
nll_grad  cost time: 2.710714101791382
tf.Tensor(-11089.055069416194, shape=(), dtype=float64)
nll_grad  cost time: 2.6763830184936523
tf.Tensor(-11089.444385699375, shape=(), dtype=float64)
nll_grad  cost time: 2.6082193851470947
tf.Tensor(-11089.894835522413, shape=(), dtype=float64)
nll_grad  cost time: 2.687936782836914
tf.Tensor(-11090.375652488568, shape=(), dtype=float64)
nll_grad  cost time: 2.8302526473999023
tf.Tensor(-11090.927556854003, shape=(), dtype=float64)
nll_grad  cost time: 2.827892303466797
tf.Tensor(-11091.48990498585, shape=(), dtype=float64)
nll_grad  cost time: 2.805572748184204
tf.Tensor(-11092.087067453525, shape=(), dtype=float64)
nll_grad  cost time: 2.788118600845337
tf.Tensor(-11092.642878153856, shape=(), dtype=float64)
nll_grad  cost time: 2.665623188018799
tf.Tensor(-11093.127049971445, shape=(), dtype=float64)
nll_grad  cost time: 2.598165512084961
tf.Tensor(-11093.712917421508, shape=(), dtype=float64)
nll_grad  cost time: 2.601827621459961
tf.Tensor(-11093.99652973382, shape=(), dtype=float64)
nll_grad  cost time: 2.7490999698638916
tf.Tensor(-11094.41584309659, shape=(), dtype=float64)
nll_grad  cost time: 2.774327039718628
tf.Tensor(-11094.948060829774, shape=(), dtype=float64)
nll_grad  cost time: 2.6710045337677
tf.Tensor(-11095.410591396998, shape=(), dtype=float64)
nll_grad  cost time: 2.6836459636688232
tf.Tensor(-11095.90855468015, shape=(), dtype=float64)
nll_grad  cost time: 2.901909112930298
tf.Tensor(-11096.479367732973, shape=(), dtype=float64)
nll_grad  cost time: 2.8098669052124023
tf.Tensor(-11096.95162552777, shape=(), dtype=float64)
nll_grad  cost time: 3.0027551651000977
tf.Tensor(-11097.24704752391, shape=(), dtype=float64)
nll_grad  cost time: 2.762355327606201
tf.Tensor(-11097.634738748893, shape=(), dtype=float64)
nll_grad  cost time: 2.6923041343688965
tf.Tensor(-11098.073628839702, shape=(), dtype=float64)
nll_grad  cost time: 2.620386838912964
tf.Tensor(-11098.493898327084, shape=(), dtype=float64)
nll_grad  cost time: 2.6312754154205322
tf.Tensor(-11098.793863969448, shape=(), dtype=float64)
nll_grad  cost time: 2.625159978866577
tf.Tensor(-11099.22799518185, shape=(), dtype=float64)
nll_grad  cost time: 2.6536266803741455
tf.Tensor(-11099.666971973857, shape=(), dtype=float64)
nll_grad  cost time: 2.669083833694458
tf.Tensor(-11099.989393014534, shape=(), dtype=float64)
nll_grad  cost time: 2.517468214035034
tf.Tensor(-11100.331715542037, shape=(), dtype=float64)
nll_grad  cost time: 2.6869754791259766
tf.Tensor(-11100.587403345184, shape=(), dtype=float64)
nll_grad  cost time: 2.6924922466278076
tf.Tensor(-11100.832320175221, shape=(), dtype=float64)
nll_grad  cost time: 2.714622974395752
tf.Tensor(-11101.135729691217, shape=(), dtype=float64)
nll_grad  cost time: 2.6003715991973877
tf.Tensor(-11101.46984618013, shape=(), dtype=float64)
nll_grad  cost time: 2.7223429679870605
tf.Tensor(-11101.872229303328, shape=(), dtype=float64)
nll_grad  cost time: 2.696619987487793
tf.Tensor(-11102.413967540364, shape=(), dtype=float64)
nll_grad  cost time: 2.6738595962524414
tf.Tensor(-11102.923670072101, shape=(), dtype=float64)
nll_grad  cost time: 2.5875728130340576
tf.Tensor(-11103.468503098826, shape=(), dtype=float64)
nll_grad  cost time: 2.650754690170288
tf.Tensor(-11104.137084642934, shape=(), dtype=float64)
nll_grad  cost time: 2.511462450027466
tf.Tensor(-11104.594671018742, shape=(), dtype=float64)
nll_grad  cost time: 2.5732860565185547
tf.Tensor(-11105.416147204625, shape=(), dtype=float64)
nll_grad  cost time: 2.6952505111694336
tf.Tensor(-11106.828712754002, shape=(), dtype=float64)
nll_grad  cost time: 2.645456075668335
tf.Tensor(-11108.474006290096, shape=(), dtype=float64)
nll_grad  cost time: 2.691814422607422
tf.Tensor(-11110.37420698932, shape=(), dtype=float64)
nll_grad  cost time: 2.758837938308716
nll_grad  cost time: 2.544440269470215
tf.Tensor(-11111.473210020937, shape=(), dtype=float64)
nll_grad  cost time: 2.722775936126709
tf.Tensor(-11113.107489582304, shape=(), dtype=float64)
nll_grad  cost time: 2.5919313430786133
tf.Tensor(-11115.542077431412, shape=(), dtype=float64)
nll_grad  cost time: 2.5863723754882812
tf.Tensor(-11117.349356266932, shape=(), dtype=float64)
nll_grad  cost time: 2.5978801250457764
tf.Tensor(-11120.022003522005, shape=(), dtype=float64)
nll_grad  cost time: 2.5244226455688477
tf.Tensor(-11122.009367653132, shape=(), dtype=float64)
nll_grad  cost time: 2.5542354583740234
tf.Tensor(-11124.096081631833, shape=(), dtype=float64)
nll_grad  cost time: 2.6176669597625732
tf.Tensor(-11126.47778677044, shape=(), dtype=float64)
nll_grad  cost time: 2.612534999847412
tf.Tensor(-11128.810306960178, shape=(), dtype=float64)
nll_grad  cost time: 2.566603660583496
tf.Tensor(-11131.537136632782, shape=(), dtype=float64)
nll_grad  cost time: 2.548908233642578
nll_grad  cost time: 2.5111732482910156
tf.Tensor(-11133.187165048214, shape=(), dtype=float64)
nll_grad  cost time: 2.570131301879883
tf.Tensor(-11135.34334022944, shape=(), dtype=float64)
nll_grad  cost time: 2.627089023590088
tf.Tensor(-11136.684757306415, shape=(), dtype=float64)
nll_grad  cost time: 2.629315137863159
tf.Tensor(-11138.965671692637, shape=(), dtype=float64)
nll_grad  cost time: 2.6181344985961914
tf.Tensor(-11142.303220889022, shape=(), dtype=float64)
nll_grad  cost time: 2.56606388092041
tf.Tensor(-11144.64449116684, shape=(), dtype=float64)
nll_grad  cost time: 2.640753984451294
tf.Tensor(-11147.851253956927, shape=(), dtype=float64)
nll_grad  cost time: 2.638828992843628
tf.Tensor(-11151.531229283923, shape=(), dtype=float64)
nll_grad  cost time: 2.7179524898529053
tf.Tensor(-11153.478025572334, shape=(), dtype=float64)
nll_grad  cost time: 2.6154489517211914
tf.Tensor(-11155.40808412553, shape=(), dtype=float64)
nll_grad  cost time: 2.754551410675049
tf.Tensor(-11158.522421141892, shape=(), dtype=float64)
nll_grad  cost time: 2.7846174240112305
tf.Tensor(-11163.441568484102, shape=(), dtype=float64)
nll_grad  cost time: 2.761676549911499
tf.Tensor(-11169.379097683408, shape=(), dtype=float64)
nll_grad  cost time: 2.746425151824951
nll_grad  cost time: 2.8372890949249268
tf.Tensor(-11173.207322812568, shape=(), dtype=float64)
nll_grad  cost time: 2.934305191040039
tf.Tensor(-11178.063935592254, shape=(), dtype=float64)
nll_grad  cost time: 2.785616397857666
nll_grad  cost time: 2.686199188232422
tf.Tensor(-11180.791342926099, shape=(), dtype=float64)
nll_grad  cost time: 2.687457799911499
tf.Tensor(-11184.23901297163, shape=(), dtype=float64)
nll_grad  cost time: 2.7123987674713135
tf.Tensor(-11188.153906807163, shape=(), dtype=float64)
nll_grad  cost time: 2.6520421504974365
tf.Tensor(-11189.28819875381, shape=(), dtype=float64)
nll_grad  cost time: 2.680206298828125
tf.Tensor(-11191.270616683894, shape=(), dtype=float64)
nll_grad  cost time: 2.6088767051696777
tf.Tensor(-11194.561806694826, shape=(), dtype=float64)
nll_grad  cost time: 2.6505467891693115
tf.Tensor(-11198.683677419716, shape=(), dtype=float64)
nll_grad  cost time: 2.794421911239624
nll_grad  cost time: 2.6478424072265625
tf.Tensor(-11200.82188225515, shape=(), dtype=float64)
nll_grad  cost time: 2.7478954792022705
nll_grad  cost time: 2.5732123851776123
tf.Tensor(-11201.849100613315, shape=(), dtype=float64)
nll_grad  cost time: 2.6182851791381836
tf.Tensor(-11202.970207169892, shape=(), dtype=float64)
nll_grad  cost time: 2.6697945594787598
tf.Tensor(-11204.283621007526, shape=(), dtype=float64)
nll_grad  cost time: 2.846787214279175
tf.Tensor(-11205.595904063315, shape=(), dtype=float64)
nll_grad  cost time: 2.6984310150146484
tf.Tensor(-11206.668413960342, shape=(), dtype=float64)
nll_grad  cost time: 2.640223741531372
tf.Tensor(-11207.68031562904, shape=(), dtype=float64)
nll_grad  cost time: 2.6579904556274414
tf.Tensor(-11208.596458886714, shape=(), dtype=float64)
nll_grad  cost time: 2.684211254119873
tf.Tensor(-11209.38826830233, shape=(), dtype=float64)
nll_grad  cost time: 2.771493434906006
tf.Tensor(-11210.158373689052, shape=(), dtype=float64)
nll_grad  cost time: 2.662825107574463
tf.Tensor(-11210.94786963371, shape=(), dtype=float64)
nll_grad  cost time: 2.599071502685547
tf.Tensor(-11211.405336515054, shape=(), dtype=float64)
nll_grad  cost time: 2.62031888961792
tf.Tensor(-11211.972096090274, shape=(), dtype=float64)
nll_grad  cost time: 2.585592269897461
tf.Tensor(-11212.241160571273, shape=(), dtype=float64)
nll_grad  cost time: 2.5964255332946777
tf.Tensor(-11212.609571798183, shape=(), dtype=float64)
nll_grad  cost time: 2.6723737716674805
tf.Tensor(-11212.852499823683, shape=(), dtype=float64)
nll_grad  cost time: 2.717310667037964
tf.Tensor(-11213.07745844104, shape=(), dtype=float64)
nll_grad  cost time: 2.6933557987213135
tf.Tensor(-11213.318606728015, shape=(), dtype=float64)
nll_grad  cost time: 2.5560224056243896
tf.Tensor(-11213.531335825557, shape=(), dtype=float64)
nll_grad  cost time: 2.5551397800445557
tf.Tensor(-11213.705777781966, shape=(), dtype=float64)
nll_grad  cost time: 2.562918186187744
tf.Tensor(-11213.78116307007, shape=(), dtype=float64)
nll_grad  cost time: 2.5965468883514404
tf.Tensor(-11213.886109340194, shape=(), dtype=float64)
nll_grad  cost time: 2.6593191623687744
tf.Tensor(-11214.019574217251, shape=(), dtype=float64)
nll_grad  cost time: 2.591770648956299
tf.Tensor(-11214.104283123936, shape=(), dtype=float64)
nll_grad  cost time: 2.6934566497802734
tf.Tensor(-11214.223726812499, shape=(), dtype=float64)
nll_grad  cost time: 2.5159366130828857
tf.Tensor(-11214.364755312348, shape=(), dtype=float64)
nll_grad  cost time: 2.5808229446411133
tf.Tensor(-11214.473767867163, shape=(), dtype=float64)
nll_grad  cost time: 2.8306779861450195
tf.Tensor(-11214.603994666311, shape=(), dtype=float64)
nll_grad  cost time: 2.620039463043213
tf.Tensor(-11214.771401855245, shape=(), dtype=float64)
nll_grad  cost time: 2.9100167751312256
tf.Tensor(-11214.954638138264, shape=(), dtype=float64)
nll_grad  cost time: 2.5613598823547363
tf.Tensor(-11215.143717310924, shape=(), dtype=float64)
nll_grad  cost time: 2.862464427947998
tf.Tensor(-11215.31905321453, shape=(), dtype=float64)
nll_grad  cost time: 2.766432046890259
tf.Tensor(-11215.508228646748, shape=(), dtype=float64)
nll_grad  cost time: 2.7001912593841553
tf.Tensor(-11215.694204463241, shape=(), dtype=float64)
nll_grad  cost time: 2.7234718799591064
tf.Tensor(-11215.895374904438, shape=(), dtype=float64)
nll_grad  cost time: 2.6621053218841553
tf.Tensor(-11216.058870896239, shape=(), dtype=float64)
nll_grad  cost time: 2.5833189487457275
tf.Tensor(-11216.190073495844, shape=(), dtype=float64)
nll_grad  cost time: 2.671379566192627
tf.Tensor(-11216.318550899377, shape=(), dtype=float64)
nll_grad  cost time: 2.810957670211792
tf.Tensor(-11216.425595508696, shape=(), dtype=float64)
nll_grad  cost time: 2.657709836959839
tf.Tensor(-11216.494804757425, shape=(), dtype=float64)
nll_grad  cost time: 2.6294379234313965
tf.Tensor(-11216.565168665544, shape=(), dtype=float64)
nll_grad  cost time: 2.6621339321136475
tf.Tensor(-11216.631707596003, shape=(), dtype=float64)
nll_grad  cost time: 2.7598471641540527
tf.Tensor(-11216.69536326408, shape=(), dtype=float64)
nll_grad  cost time: 2.657256603240967
tf.Tensor(-11216.76530925011, shape=(), dtype=float64)
nll_grad  cost time: 2.7331271171569824
tf.Tensor(-11216.833942492214, shape=(), dtype=float64)
nll_grad  cost time: 2.759587049484253
tf.Tensor(-11216.888877914127, shape=(), dtype=float64)
nll_grad  cost time: 2.813629627227783
tf.Tensor(-11216.943726334157, shape=(), dtype=float64)
nll_grad  cost time: 2.695960521697998
tf.Tensor(-11217.00762182042, shape=(), dtype=float64)
nll_grad  cost time: 2.695030450820923
tf.Tensor(-11217.087023640439, shape=(), dtype=float64)
nll_grad  cost time: 3.0119271278381348
tf.Tensor(-11217.165672150652, shape=(), dtype=float64)
nll_grad  cost time: 2.711790084838867
tf.Tensor(-11217.241376522989, shape=(), dtype=float64)
nll_grad  cost time: 2.8954455852508545
tf.Tensor(-11217.299326991337, shape=(), dtype=float64)
nll_grad  cost time: 2.8044910430908203
tf.Tensor(-11217.346925880309, shape=(), dtype=float64)
nll_grad  cost time: 2.849872350692749
tf.Tensor(-11217.385061540177, shape=(), dtype=float64)
nll_grad  cost time: 2.6983654499053955
tf.Tensor(-11217.424679513706, shape=(), dtype=float64)
nll_grad  cost time: 2.8278048038482666
tf.Tensor(-11217.45866016579, shape=(), dtype=float64)
nll_grad  cost time: 2.8103151321411133
tf.Tensor(-11217.496977227129, shape=(), dtype=float64)
nll_grad  cost time: 2.7854270935058594
tf.Tensor(-11217.547643143855, shape=(), dtype=float64)
nll_grad  cost time: 2.7740540504455566
tf.Tensor(-11217.5890946717, shape=(), dtype=float64)
nll_grad  cost time: 2.9000394344329834
tf.Tensor(-11217.628717634523, shape=(), dtype=float64)
nll_grad  cost time: 2.960371255874634
tf.Tensor(-11217.663634391372, shape=(), dtype=float64)
nll_grad  cost time: 2.766455888748169
tf.Tensor(-11217.690560229445, shape=(), dtype=float64)
nll_grad  cost time: 2.6481902599334717
tf.Tensor(-11217.709699509327, shape=(), dtype=float64)
nll_grad  cost time: 2.602302312850952
tf.Tensor(-11217.725771910407, shape=(), dtype=float64)
nll_grad  cost time: 2.611527681350708
tf.Tensor(-11217.740895388168, shape=(), dtype=float64)
nll_grad  cost time: 2.679495334625244
tf.Tensor(-11217.756231310741, shape=(), dtype=float64)
nll_grad  cost time: 2.6975929737091064
tf.Tensor(-11217.773358396696, shape=(), dtype=float64)
nll_grad  cost time: 2.685187339782715
tf.Tensor(-11217.790969603604, shape=(), dtype=float64)
nll_grad  cost time: 2.5968801975250244
tf.Tensor(-11217.807307955225, shape=(), dtype=float64)
nll_grad  cost time: 2.9688286781311035
tf.Tensor(-11217.821677229882, shape=(), dtype=float64)
nll_grad  cost time: 2.8321022987365723
tf.Tensor(-11217.834399922169, shape=(), dtype=float64)
nll_grad  cost time: 2.834662675857544
tf.Tensor(-11217.846426749744, shape=(), dtype=float64)
nll_grad  cost time: 2.7703487873077393
tf.Tensor(-11217.8581829031, shape=(), dtype=float64)
nll_grad  cost time: 2.761692523956299
tf.Tensor(-11217.869982205357, shape=(), dtype=float64)
nll_grad  cost time: 2.639007806777954
tf.Tensor(-11217.882287566394, shape=(), dtype=float64)
nll_grad  cost time: 2.675384283065796
tf.Tensor(-11217.896177192792, shape=(), dtype=float64)
nll_grad  cost time: 2.6699352264404297
tf.Tensor(-11217.914533914562, shape=(), dtype=float64)
nll_grad  cost time: 2.608910322189331
tf.Tensor(-11217.940600968397, shape=(), dtype=float64)
nll_grad  cost time: 2.754363775253296
tf.Tensor(-11217.97014876614, shape=(), dtype=float64)
nll_grad  cost time: 2.7340855598449707
tf.Tensor(-11217.993978377537, shape=(), dtype=float64)
nll_grad  cost time: 2.704669952392578
tf.Tensor(-11218.008890693172, shape=(), dtype=float64)
nll_grad  cost time: 2.7909979820251465
tf.Tensor(-11218.018104572353, shape=(), dtype=float64)
nll_grad  cost time: 2.7579684257507324
tf.Tensor(-11218.027971535816, shape=(), dtype=float64)
nll_grad  cost time: 2.7004404067993164
tf.Tensor(-11218.038196353322, shape=(), dtype=float64)
nll_grad  cost time: 2.717918634414673
tf.Tensor(-11218.049878435908, shape=(), dtype=float64)
nll_grad  cost time: 2.608516216278076
tf.Tensor(-11218.062597849876, shape=(), dtype=float64)
nll_grad  cost time: 2.7070729732513428
tf.Tensor(-11218.079946034532, shape=(), dtype=float64)
nll_grad  cost time: 2.656585693359375
tf.Tensor(-11218.097935128788, shape=(), dtype=float64)
nll_grad  cost time: 2.674622058868408
tf.Tensor(-11218.12459213619, shape=(), dtype=float64)
nll_grad  cost time: 2.6350200176239014
tf.Tensor(-11218.156489032755, shape=(), dtype=float64)
nll_grad  cost time: 2.6613192558288574
tf.Tensor(-11218.173771417003, shape=(), dtype=float64)
nll_grad  cost time: 2.7220816612243652
tf.Tensor(-11218.198026622098, shape=(), dtype=float64)
nll_grad  cost time: 2.757014274597168
tf.Tensor(-11218.227218065449, shape=(), dtype=float64)
nll_grad  cost time: 2.6850228309631348
tf.Tensor(-11218.255225028302, shape=(), dtype=float64)
nll_grad  cost time: 2.5704119205474854
tf.Tensor(-11218.290494892219, shape=(), dtype=float64)
nll_grad  cost time: 2.8806777000427246
tf.Tensor(-11218.313122503245, shape=(), dtype=float64)
nll_grad  cost time: 2.6695268154144287
tf.Tensor(-11218.33484884067, shape=(), dtype=float64)
nll_grad  cost time: 2.664830207824707
tf.Tensor(-11218.355833201542, shape=(), dtype=float64)
nll_grad  cost time: 2.55653977394104
tf.Tensor(-11218.375067936788, shape=(), dtype=float64)
nll_grad  cost time: 2.6763715744018555
tf.Tensor(-11218.396060407878, shape=(), dtype=float64)
nll_grad  cost time: 2.636295795440674
tf.Tensor(-11218.424320725024, shape=(), dtype=float64)
nll_grad  cost time: 2.7087414264678955
tf.Tensor(-11218.46039580418, shape=(), dtype=float64)
nll_grad  cost time: 2.7060930728912354
tf.Tensor(-11218.480493115156, shape=(), dtype=float64)
nll_grad  cost time: 2.798018455505371
tf.Tensor(-11218.501981344378, shape=(), dtype=float64)
nll_grad  cost time: 2.6765387058258057
tf.Tensor(-11218.521739156942, shape=(), dtype=float64)
nll_grad  cost time: 2.6237685680389404
tf.Tensor(-11218.53293420081, shape=(), dtype=float64)
nll_grad  cost time: 2.7579386234283447
tf.Tensor(-11218.546007869867, shape=(), dtype=float64)
nll_grad  cost time: 2.6020727157592773
tf.Tensor(-11218.558441788366, shape=(), dtype=float64)
nll_grad  cost time: 2.574333429336548
tf.Tensor(-11218.573780067936, shape=(), dtype=float64)
nll_grad  cost time: 2.6145107746124268
tf.Tensor(-11218.591973030903, shape=(), dtype=float64)
nll_grad  cost time: 2.636841058731079
tf.Tensor(-11218.609298459103, shape=(), dtype=float64)
nll_grad  cost time: 2.647775411605835
tf.Tensor(-11218.623410471142, shape=(), dtype=float64)
nll_grad  cost time: 2.664752960205078
tf.Tensor(-11218.633542477699, shape=(), dtype=float64)
nll_grad  cost time: 2.703193426132202
tf.Tensor(-11218.64368321401, shape=(), dtype=float64)
nll_grad  cost time: 2.6938939094543457
tf.Tensor(-11218.656469401598, shape=(), dtype=float64)
nll_grad  cost time: 2.74665904045105
tf.Tensor(-11218.664957756191, shape=(), dtype=float64)
nll_grad  cost time: 2.594097852706909
tf.Tensor(-11218.673244794876, shape=(), dtype=float64)
nll_grad  cost time: 2.7781269550323486
tf.Tensor(-11218.68111832643, shape=(), dtype=float64)
nll_grad  cost time: 2.7400856018066406
tf.Tensor(-11218.6903806329, shape=(), dtype=float64)
nll_grad  cost time: 2.7558372020721436
tf.Tensor(-11218.698988699693, shape=(), dtype=float64)
nll_grad  cost time: 2.6392405033111572
tf.Tensor(-11218.704386921574, shape=(), dtype=float64)
nll_grad  cost time: 2.687534809112549
tf.Tensor(-11218.708986120017, shape=(), dtype=float64)
nll_grad  cost time: 2.751725912094116
tf.Tensor(-11218.713604075376, shape=(), dtype=float64)
nll_grad  cost time: 2.700354814529419
tf.Tensor(-11218.717897073175, shape=(), dtype=float64)
nll_grad  cost time: 2.684597969055176
tf.Tensor(-11218.724125022047, shape=(), dtype=float64)
nll_grad  cost time: 2.7090413570404053
tf.Tensor(-11218.729711409042, shape=(), dtype=float64)
nll_grad  cost time: 2.8577592372894287
tf.Tensor(-11218.73430370819, shape=(), dtype=float64)
nll_grad  cost time: 2.6447255611419678
tf.Tensor(-11218.738018520235, shape=(), dtype=float64)
nll_grad  cost time: 2.7250399589538574
tf.Tensor(-11218.740705512633, shape=(), dtype=float64)
nll_grad  cost time: 2.656529188156128
tf.Tensor(-11218.742852140078, shape=(), dtype=float64)
nll_grad  cost time: 2.6671645641326904
tf.Tensor(-11218.744613912993, shape=(), dtype=float64)
nll_grad  cost time: 2.756899118423462
tf.Tensor(-11218.745968558489, shape=(), dtype=float64)
nll_grad  cost time: 2.68206524848938
tf.Tensor(-11218.747165329049, shape=(), dtype=float64)
nll_grad  cost time: 2.671605110168457
tf.Tensor(-11218.748524804532, shape=(), dtype=float64)
nll_grad  cost time: 2.6240413188934326
tf.Tensor(-11218.750158628074, shape=(), dtype=float64)
nll_grad  cost time: 2.659135580062866
tf.Tensor(-11218.751872210763, shape=(), dtype=float64)
nll_grad  cost time: 2.6085715293884277
tf.Tensor(-11218.75347568436, shape=(), dtype=float64)
nll_grad  cost time: 2.704256534576416
tf.Tensor(-11218.755022570997, shape=(), dtype=float64)
nll_grad  cost time: 2.568850040435791
tf.Tensor(-11218.75669503358, shape=(), dtype=float64)
nll_grad  cost time: 2.9109840393066406
tf.Tensor(-11218.758585276013, shape=(), dtype=float64)
nll_grad  cost time: 2.5192317962646484
tf.Tensor(-11218.760748033488, shape=(), dtype=float64)
nll_grad  cost time: 2.5926458835601807
tf.Tensor(-11218.76314826195, shape=(), dtype=float64)
nll_grad  cost time: 2.698160409927368
tf.Tensor(-11218.765508874661, shape=(), dtype=float64)
nll_grad  cost time: 2.6519105434417725
tf.Tensor(-11218.767410581751, shape=(), dtype=float64)
nll_grad  cost time: 2.807135820388794
tf.Tensor(-11218.768798019893, shape=(), dtype=float64)
nll_grad  cost time: 2.6329734325408936
tf.Tensor(-11218.769897314549, shape=(), dtype=float64)
nll_grad  cost time: 2.704359292984009
tf.Tensor(-11218.771026451444, shape=(), dtype=float64)
nll_grad  cost time: 2.644991397857666
tf.Tensor(-11218.772304433864, shape=(), dtype=float64)
nll_grad  cost time: 2.7475602626800537
tf.Tensor(-11218.773655592808, shape=(), dtype=float64)
nll_grad  cost time: 2.6505637168884277
tf.Tensor(-11218.774893331734, shape=(), dtype=float64)
nll_grad  cost time: 2.5979204177856445
tf.Tensor(-11218.775980561168, shape=(), dtype=float64)
nll_grad  cost time: 2.575468063354492
tf.Tensor(-11218.776962471433, shape=(), dtype=float64)
nll_grad  cost time: 2.565410614013672
tf.Tensor(-11218.777873579242, shape=(), dtype=float64)
nll_grad  cost time: 2.4997005462646484
tf.Tensor(-11218.778746155775, shape=(), dtype=float64)
nll_grad  cost time: 2.5077428817749023
tf.Tensor(-11218.779628261414, shape=(), dtype=float64)
nll_grad  cost time: 2.5469884872436523
tf.Tensor(-11218.780567668215, shape=(), dtype=float64)
nll_grad  cost time: 2.563577651977539
tf.Tensor(-11218.781610194861, shape=(), dtype=float64)
nll_grad  cost time: 2.5515542030334473
tf.Tensor(-11218.782806149004, shape=(), dtype=float64)
nll_grad  cost time: 2.5869545936584473
tf.Tensor(-11218.784180794553, shape=(), dtype=float64)
nll_grad  cost time: 2.610511064529419
tf.Tensor(-11218.78566603096, shape=(), dtype=float64)
nll_grad  cost time: 2.6955692768096924
tf.Tensor(-11218.787094770727, shape=(), dtype=float64)
nll_grad  cost time: 2.690983295440674
tf.Tensor(-11218.788458259696, shape=(), dtype=float64)
nll_grad  cost time: 2.854541301727295
tf.Tensor(-11218.789906507947, shape=(), dtype=float64)
nll_grad  cost time: 2.7380831241607666
tf.Tensor(-11218.79174478409, shape=(), dtype=float64)
nll_grad  cost time: 2.850226640701294
tf.Tensor(-11218.794082898763, shape=(), dtype=float64)
nll_grad  cost time: 2.630396604537964
tf.Tensor(-11218.796672208928, shape=(), dtype=float64)
nll_grad  cost time: 2.686521291732788
tf.Tensor(-11218.798953769525, shape=(), dtype=float64)
nll_grad  cost time: 2.6322999000549316
tf.Tensor(-11218.800727821796, shape=(), dtype=float64)
nll_grad  cost time: 2.674466609954834
tf.Tensor(-11218.802152256976, shape=(), dtype=float64)
nll_grad  cost time: 2.611454725265503
tf.Tensor(-11218.803486877165, shape=(), dtype=float64)
nll_grad  cost time: 2.7987027168273926
tf.Tensor(-11218.804603433435, shape=(), dtype=float64)
nll_grad  cost time: 2.768480062484741
tf.Tensor(-11218.80531235674, shape=(), dtype=float64)
nll_grad  cost time: 2.648188829421997
tf.Tensor(-11218.805843485115, shape=(), dtype=float64)
nll_grad  cost time: 2.7613794803619385
tf.Tensor(-11218.806315952434, shape=(), dtype=float64)
nll_grad  cost time: 2.677946090698242
tf.Tensor(-11218.806756210884, shape=(), dtype=float64)
nll_grad  cost time: 2.648731231689453
tf.Tensor(-11218.80713402732, shape=(), dtype=float64)
nll_grad  cost time: 2.648900032043457
tf.Tensor(-11218.80747355782, shape=(), dtype=float64)
nll_grad  cost time: 2.7511470317840576
tf.Tensor(-11218.807851455247, shape=(), dtype=float64)
nll_grad  cost time: 2.698853015899658
tf.Tensor(-11218.808378279933, shape=(), dtype=float64)
nll_grad  cost time: 2.641721487045288
tf.Tensor(-11218.809016601816, shape=(), dtype=float64)
nll_grad  cost time: 2.606254816055298
tf.Tensor(-11218.809844699896, shape=(), dtype=float64)
nll_grad  cost time: 2.646531581878662
tf.Tensor(-11218.81078482826, shape=(), dtype=float64)
nll_grad  cost time: 3.0825233459472656
tf.Tensor(-11218.811820710407, shape=(), dtype=float64)
nll_grad  cost time: 2.7442259788513184
tf.Tensor(-11218.812862556999, shape=(), dtype=float64)
nll_grad  cost time: 2.771570920944214
tf.Tensor(-11218.813782453057, shape=(), dtype=float64)
nll_grad  cost time: 2.690338134765625
tf.Tensor(-11218.814474319095, shape=(), dtype=float64)
nll_grad  cost time: 2.7845795154571533
tf.Tensor(-11218.814984472712, shape=(), dtype=float64)
nll_grad  cost time: 2.833150625228882
tf.Tensor(-11218.815424156246, shape=(), dtype=float64)
nll_grad  cost time: 2.877584457397461
tf.Tensor(-11218.815862985763, shape=(), dtype=float64)
nll_grad  cost time: 2.750483751296997
tf.Tensor(-11218.816314434593, shape=(), dtype=float64)
nll_grad  cost time: 2.5834834575653076
tf.Tensor(-11218.816818734842, shape=(), dtype=float64)
nll_grad  cost time: 2.636216878890991
tf.Tensor(-11218.81745805684, shape=(), dtype=float64)
nll_grad  cost time: 2.656482696533203
tf.Tensor(-11218.818297443595, shape=(), dtype=float64)
nll_grad  cost time: 2.6228156089782715
tf.Tensor(-11218.819269493571, shape=(), dtype=float64)
nll_grad  cost time: 2.5545670986175537
tf.Tensor(-11218.820207708735, shape=(), dtype=float64)
nll_grad  cost time: 2.760934352874756
tf.Tensor(-11218.821020136591, shape=(), dtype=float64)
nll_grad  cost time: 2.6593499183654785
tf.Tensor(-11218.821770399558, shape=(), dtype=float64)
nll_grad  cost time: 2.7231390476226807
tf.Tensor(-11218.82254089139, shape=(), dtype=float64)
nll_grad  cost time: 2.7158851623535156
tf.Tensor(-11218.823273815233, shape=(), dtype=float64)
nll_grad  cost time: 2.7370262145996094
tf.Tensor(-11218.823994311668, shape=(), dtype=float64)
nll_grad  cost time: 2.7497072219848633
tf.Tensor(-11218.82490153761, shape=(), dtype=float64)
nll_grad  cost time: 2.625817060470581
tf.Tensor(-11218.826260297663, shape=(), dtype=float64)
nll_grad  cost time: 2.5915870666503906
tf.Tensor(-11218.828181984634, shape=(), dtype=float64)
nll_grad  cost time: 2.7706997394561768
tf.Tensor(-11218.830440672991, shape=(), dtype=float64)
nll_grad  cost time: 2.7793385982513428
tf.Tensor(-11218.832578833375, shape=(), dtype=float64)
nll_grad  cost time: 2.589667558670044
tf.Tensor(-11218.834461830516, shape=(), dtype=float64)
nll_grad  cost time: 2.7682766914367676
tf.Tensor(-11218.8361662459, shape=(), dtype=float64)
nll_grad  cost time: 2.6084606647491455
tf.Tensor(-11218.837849487349, shape=(), dtype=float64)
nll_grad  cost time: 2.598172187805176
tf.Tensor(-11218.839376090247, shape=(), dtype=float64)
nll_grad  cost time: 2.721872329711914
tf.Tensor(-11218.840774129276, shape=(), dtype=float64)
nll_grad  cost time: 2.783313512802124
tf.Tensor(-11218.842185384805, shape=(), dtype=float64)
nll_grad  cost time: 2.8606619834899902
tf.Tensor(-11218.843708509838, shape=(), dtype=float64)
nll_grad  cost time: 2.5787482261657715
tf.Tensor(-11218.845161682231, shape=(), dtype=float64)
nll_grad  cost time: 2.5792531967163086
tf.Tensor(-11218.846424128253, shape=(), dtype=float64)
nll_grad  cost time: 2.6628808975219727
tf.Tensor(-11218.84743037333, shape=(), dtype=float64)
nll_grad  cost time: 2.7225050926208496
tf.Tensor(-11218.84831007073, shape=(), dtype=float64)
nll_grad  cost time: 2.555845260620117
tf.Tensor(-11218.849179407705, shape=(), dtype=float64)
nll_grad  cost time: 2.5776147842407227
tf.Tensor(-11218.850084917158, shape=(), dtype=float64)
nll_grad  cost time: 2.626478910446167
tf.Tensor(-11218.851001008008, shape=(), dtype=float64)
nll_grad  cost time: 2.6214749813079834
tf.Tensor(-11218.851931815803, shape=(), dtype=float64)
nll_grad  cost time: 2.7998507022857666
tf.Tensor(-11218.852971516277, shape=(), dtype=float64)
nll_grad  cost time: 2.780169725418091
tf.Tensor(-11218.854226173218, shape=(), dtype=float64)
nll_grad  cost time: 2.6626222133636475
tf.Tensor(-11218.855744153152, shape=(), dtype=float64)
nll_grad  cost time: 2.5819475650787354
tf.Tensor(-11218.857229279984, shape=(), dtype=float64)
nll_grad  cost time: 2.5388858318328857
tf.Tensor(-11218.8584480104, shape=(), dtype=float64)
nll_grad  cost time: 2.526292085647583
tf.Tensor(-11218.859362333995, shape=(), dtype=float64)
nll_grad  cost time: 2.8427939414978027
tf.Tensor(-11218.860170966564, shape=(), dtype=float64)
nll_grad  cost time: 2.603447675704956
tf.Tensor(-11218.86099033216, shape=(), dtype=float64)
nll_grad  cost time: 2.75486421585083
tf.Tensor(-11218.861866906238, shape=(), dtype=float64)
nll_grad  cost time: 2.599837064743042
tf.Tensor(-11218.86269426217, shape=(), dtype=float64)
nll_grad  cost time: 2.579631805419922
tf.Tensor(-11218.863429923313, shape=(), dtype=float64)
nll_grad  cost time: 2.727970600128174
tf.Tensor(-11218.86408380443, shape=(), dtype=float64)
nll_grad  cost time: 2.680842161178589
tf.Tensor(-11218.86471988602, shape=(), dtype=float64)
nll_grad  cost time: 2.7675061225891113
tf.Tensor(-11218.865431908509, shape=(), dtype=float64)
nll_grad  cost time: 2.7589011192321777
tf.Tensor(-11218.866353524918, shape=(), dtype=float64)
nll_grad  cost time: 2.786271810531616
tf.Tensor(-11218.86730405852, shape=(), dtype=float64)
nll_grad  cost time: 2.7882027626037598
tf.Tensor(-11218.868030441583, shape=(), dtype=float64)
nll_grad  cost time: 2.8816208839416504
tf.Tensor(-11218.868499665194, shape=(), dtype=float64)
nll_grad  cost time: 2.6997554302215576
tf.Tensor(-11218.868889295254, shape=(), dtype=float64)
nll_grad  cost time: 2.6276485919952393
tf.Tensor(-11218.869385035465, shape=(), dtype=float64)
nll_grad  cost time: 2.66882586479187
tf.Tensor(-11218.869976307546, shape=(), dtype=float64)
nll_grad  cost time: 2.6069512367248535
tf.Tensor(-11218.870548154755, shape=(), dtype=float64)
nll_grad  cost time: 2.596248149871826
tf.Tensor(-11218.870987448085, shape=(), dtype=float64)
nll_grad  cost time: 2.6581599712371826
tf.Tensor(-11218.87130872854, shape=(), dtype=float64)
nll_grad  cost time: 2.694770336151123
tf.Tensor(-11218.871582602605, shape=(), dtype=float64)
nll_grad  cost time: 2.680510997772217
tf.Tensor(-11218.871868982136, shape=(), dtype=float64)
nll_grad  cost time: 2.6672580242156982
tf.Tensor(-11218.872221318268, shape=(), dtype=float64)
nll_grad  cost time: 2.63340163230896
tf.Tensor(-11218.872591797885, shape=(), dtype=float64)
nll_grad  cost time: 2.7429842948913574
tf.Tensor(-11218.872911593076, shape=(), dtype=float64)
nll_grad  cost time: 2.779315710067749
tf.Tensor(-11218.87316489438, shape=(), dtype=float64)
nll_grad  cost time: 2.823183059692383
tf.Tensor(-11218.873394257771, shape=(), dtype=float64)
nll_grad  cost time: 2.8142552375793457
tf.Tensor(-11218.873665543124, shape=(), dtype=float64)
nll_grad  cost time: 2.7666385173797607
tf.Tensor(-11218.874017127324, shape=(), dtype=float64)
nll_grad  cost time: 2.7998147010803223
tf.Tensor(-11218.874413377664, shape=(), dtype=float64)
nll_grad  cost time: 2.6722428798675537
tf.Tensor(-11218.8747837259, shape=(), dtype=float64)
nll_grad  cost time: 2.659297466278076
tf.Tensor(-11218.875096146969, shape=(), dtype=float64)
nll_grad  cost time: 2.7792727947235107
tf.Tensor(-11218.87538992446, shape=(), dtype=float64)
nll_grad  cost time: 2.6840415000915527
tf.Tensor(-11218.875718844058, shape=(), dtype=float64)
nll_grad  cost time: 2.6128292083740234
tf.Tensor(-11218.876086501961, shape=(), dtype=float64)
nll_grad  cost time: 2.8283915519714355
tf.Tensor(-11218.876430219214, shape=(), dtype=float64)
nll_grad  cost time: 2.663231134414673
tf.Tensor(-11218.87669313998, shape=(), dtype=float64)
nll_grad  cost time: 2.5902233123779297
tf.Tensor(-11218.876887316505, shape=(), dtype=float64)
nll_grad  cost time: 2.6574172973632812
tf.Tensor(-11218.877070060475, shape=(), dtype=float64)
nll_grad  cost time: 2.750890016555786
tf.Tensor(-11218.87729300274, shape=(), dtype=float64)
nll_grad  cost time: 2.8357467651367188
tf.Tensor(-11218.87757131285, shape=(), dtype=float64)
nll_grad  cost time: 2.6039624214172363
tf.Tensor(-11218.877869246604, shape=(), dtype=float64)
nll_grad  cost time: 2.615029811859131
tf.Tensor(-11218.87811990561, shape=(), dtype=float64)
nll_grad  cost time: 2.6957638263702393
tf.Tensor(-11218.878298578758, shape=(), dtype=float64)
nll_grad  cost time: 2.6937155723571777
tf.Tensor(-11218.878439443039, shape=(), dtype=float64)
nll_grad  cost time: 2.6834867000579834
tf.Tensor(-11218.878586189534, shape=(), dtype=float64)
nll_grad  cost time: 2.9008679389953613
tf.Tensor(-11218.87876954503, shape=(), dtype=float64)
nll_grad  cost time: 2.7667548656463623
tf.Tensor(-11218.878990944948, shape=(), dtype=float64)
nll_grad  cost time: 2.6524386405944824
tf.Tensor(-11218.87921907095, shape=(), dtype=float64)
nll_grad  cost time: 2.6847569942474365
tf.Tensor(-11218.879422960486, shape=(), dtype=float64)
nll_grad  cost time: 2.5894434452056885
tf.Tensor(-11218.879605632552, shape=(), dtype=float64)
nll_grad  cost time: 2.57434344291687
tf.Tensor(-11218.87979503212, shape=(), dtype=float64)
nll_grad  cost time: 2.635345220565796
tf.Tensor(-11218.87997918065, shape=(), dtype=float64)
nll_grad  cost time: 2.7211315631866455
tf.Tensor(-11218.88012210687, shape=(), dtype=float64)
nll_grad  cost time: 2.5587313175201416
tf.Tensor(-11218.880203110937, shape=(), dtype=float64)
nll_grad  cost time: 2.598787307739258
tf.Tensor(-11218.88024904177, shape=(), dtype=float64)
nll_grad  cost time: 2.5755205154418945
tf.Tensor(-11218.880287331864, shape=(), dtype=float64)
nll_grad  cost time: 2.685810089111328
tf.Tensor(-11218.880335334521, shape=(), dtype=float64)
nll_grad  cost time: 2.715265989303589
tf.Tensor(-11218.88038918874, shape=(), dtype=float64)
nll_grad  cost time: 2.6069905757904053
tf.Tensor(-11218.8804394111, shape=(), dtype=float64)
nll_grad  cost time: 2.6475656032562256
tf.Tensor(-11218.880473626134, shape=(), dtype=float64)
nll_grad  cost time: 2.7071073055267334
tf.Tensor(-11218.880494890393, shape=(), dtype=float64)
nll_grad  cost time: 2.6677064895629883
tf.Tensor(-11218.88051241084, shape=(), dtype=float64)
nll_grad  cost time: 2.637948989868164
tf.Tensor(-11218.880533504562, shape=(), dtype=float64)
nll_grad  cost time: 2.6011550426483154
tf.Tensor(-11218.880562565722, shape=(), dtype=float64)
nll_grad  cost time: 2.6575114727020264
tf.Tensor(-11218.880602852296, shape=(), dtype=float64)
nll_grad  cost time: 2.579144239425659
tf.Tensor(-11218.880655724883, shape=(), dtype=float64)
nll_grad  cost time: 2.5685160160064697
tf.Tensor(-11218.880718814224, shape=(), dtype=float64)
nll_grad  cost time: 2.658085346221924
tf.Tensor(-11218.880786088685, shape=(), dtype=float64)
nll_grad  cost time: 2.851177453994751
tf.Tensor(-11218.880850051744, shape=(), dtype=float64)
nll_grad  cost time: 2.662959575653076
tf.Tensor(-11218.880904625028, shape=(), dtype=float64)
nll_grad  cost time: 2.7753121852874756
tf.Tensor(-11218.880945852938, shape=(), dtype=float64)
nll_grad  cost time: 2.6183691024780273
tf.Tensor(-11218.880973410513, shape=(), dtype=float64)
nll_grad  cost time: 2.6511754989624023
tf.Tensor(-11218.880991803082, shape=(), dtype=float64)
nll_grad  cost time: 2.758049726486206
tf.Tensor(-11218.881006183132, shape=(), dtype=float64)
nll_grad  cost time: 2.6511669158935547
tf.Tensor(-11218.881018740914, shape=(), dtype=float64)
nll_grad  cost time: 2.7078213691711426
tf.Tensor(-11218.88102976771, shape=(), dtype=float64)
nll_grad  cost time: 2.578991651535034
tf.Tensor(-11218.881040899323, shape=(), dtype=float64)
nll_grad  cost time: 2.7048392295837402
tf.Tensor(-11218.881055728569, shape=(), dtype=float64)
nll_grad  cost time: 2.6783852577209473
tf.Tensor(-11218.88107784557, shape=(), dtype=float64)
nll_grad  cost time: 3.0486743450164795
tf.Tensor(-11218.88110680869, shape=(), dtype=float64)
nll_grad  cost time: 2.731117010116577
tf.Tensor(-11218.881136052994, shape=(), dtype=float64)
nll_grad  cost time: 2.675830125808716
tf.Tensor(-11218.881160309906, shape=(), dtype=float64)
nll_grad  cost time: 2.6979591846466064
tf.Tensor(-11218.881181181525, shape=(), dtype=float64)
nll_grad  cost time: 2.7009024620056152
tf.Tensor(-11218.881200111566, shape=(), dtype=float64)
nll_grad  cost time: 2.6701302528381348
tf.Tensor(-11218.881214235304, shape=(), dtype=float64)
nll_grad  cost time: 2.597910165786743
tf.Tensor(-11218.881222279273, shape=(), dtype=float64)
nll_grad  cost time: 2.607255697250366
tf.Tensor(-11218.881227609192, shape=(), dtype=float64)
nll_grad  cost time: 2.505018472671509
tf.Tensor(-11218.881234206057, shape=(), dtype=float64)
nll_grad  cost time: 2.5820086002349854
tf.Tensor(-11218.88124470576, shape=(), dtype=float64)
nll_grad  cost time: 2.6968958377838135
tf.Tensor(-11218.8812615426, shape=(), dtype=float64)
nll_grad  cost time: 2.7967748641967773
tf.Tensor(-11218.881288081539, shape=(), dtype=float64)
nll_grad  cost time: 2.6234703063964844
tf.Tensor(-11218.881328332718, shape=(), dtype=float64)
nll_grad  cost time: 2.7624318599700928
tf.Tensor(-11218.88138014015, shape=(), dtype=float64)
nll_grad  cost time: 2.7090628147125244
tf.Tensor(-11218.881442596801, shape=(), dtype=float64)
nll_grad  cost time: 2.7740180492401123
tf.Tensor(-11218.88149169199, shape=(), dtype=float64)
nll_grad  cost time: 2.667954683303833
tf.Tensor(-11218.88151563653, shape=(), dtype=float64)
nll_grad  cost time: 2.6776366233825684
tf.Tensor(-11218.881523769509, shape=(), dtype=float64)
nll_grad  cost time: 2.7327334880828857
tf.Tensor(-11218.881527048814, shape=(), dtype=float64)
nll_grad  cost time: 2.614680528640747
tf.Tensor(-11218.88152985751, shape=(), dtype=float64)
nll_grad  cost time: 2.7500393390655518
tf.Tensor(-11218.881534019205, shape=(), dtype=float64)
nll_grad  cost time: 2.788135290145874
tf.Tensor(-11218.881540916896, shape=(), dtype=float64)
nll_grad  cost time: 2.885958433151245
tf.Tensor(-11218.881552700155, shape=(), dtype=float64)
nll_grad  cost time: 2.7136759757995605
tf.Tensor(-11218.881572612456, shape=(), dtype=float64)
nll_grad  cost time: 2.6381642818450928
tf.Tensor(-11218.881603993304, shape=(), dtype=float64)
nll_grad  cost time: 2.6081767082214355
tf.Tensor(-11218.881640351816, shape=(), dtype=float64)
nll_grad  cost time: 2.6407785415649414
tf.Tensor(-11218.881662235006, shape=(), dtype=float64)
nll_grad  cost time: 2.6748428344726562
tf.Tensor(-11218.881676876174, shape=(), dtype=float64)
nll_grad  cost time: 2.595728874206543
tf.Tensor(-11218.881682186107, shape=(), dtype=float64)
nll_grad  cost time: 2.577749490737915
tf.Tensor(-11218.881686366098, shape=(), dtype=float64)
nll_grad  cost time: 2.525059223175049
tf.Tensor(-11218.88168980441, shape=(), dtype=float64)
nll_grad  cost time: 2.5105159282684326
tf.Tensor(-11218.881691726134, shape=(), dtype=float64)
nll_grad  cost time: 2.5108249187469482
tf.Tensor(-11218.881692392406, shape=(), dtype=float64)
nll_grad  cost time: 2.7067461013793945
tf.Tensor(-11218.881692710824, shape=(), dtype=float64)
nll_grad  cost time: 2.7520742416381836
tf.Tensor(-11218.881693065934, shape=(), dtype=float64)
nll_grad  cost time: 2.6333515644073486
tf.Tensor(-11218.88169362919, shape=(), dtype=float64)
nll_grad  cost time: 2.8684468269348145
tf.Tensor(-11218.881694563974, shape=(), dtype=float64)
nll_grad  cost time: 2.649066686630249
tf.Tensor(-11218.881696142998, shape=(), dtype=float64)
nll_grad  cost time: 2.673353672027588
tf.Tensor(-11218.881698721507, shape=(), dtype=float64)
nll_grad  cost time: 3.0196800231933594
tf.Tensor(-11218.881702317016, shape=(), dtype=float64)
nll_grad  cost time: 2.587193727493286
tf.Tensor(-11218.8817043358, shape=(), dtype=float64)
nll_grad  cost time: 2.604031801223755
tf.Tensor(-11218.881705162541, shape=(), dtype=float64)
nll_grad  cost time: 2.6110713481903076
tf.Tensor(-11218.881705270682, shape=(), dtype=float64)
nll_grad  cost time: 2.835977792739868
tf.Tensor(-11218.881705279202, shape=(), dtype=float64)
nll_grad  cost time: 2.879154682159424
tf.Tensor(-11218.881705283666, shape=(), dtype=float64)
nll_grad  cost time: 2.812196969985962
tf.Tensor(-11218.881705291518, shape=(), dtype=float64)
nll_grad  cost time: 2.7108266353607178
tf.Tensor(-11218.881705305603, shape=(), dtype=float64)
nll_grad  cost time: 2.7421135902404785
tf.Tensor(-11218.881705330808, shape=(), dtype=float64)
nll_grad  cost time: 2.6607117652893066
tf.Tensor(-11218.881705375501, shape=(), dtype=float64)
nll_grad  cost time: 2.5538129806518555
tf.Tensor(-11218.88170545287, shape=(), dtype=float64)
nll_grad  cost time: 2.5704917907714844
tf.Tensor(-11218.881705581513, shape=(), dtype=float64)
nll_grad  cost time: 2.6834990978240967
tf.Tensor(-11218.881705781589, shape=(), dtype=float64)
nll_grad  cost time: 2.6454217433929443
tf.Tensor(-11218.881706036791, shape=(), dtype=float64)
nll_grad  cost time: 2.7120962142944336
tf.Tensor(-11218.881706264423, shape=(), dtype=float64)
nll_grad  cost time: 2.708493947982788
tf.Tensor(-11218.881706395647, shape=(), dtype=float64)
nll_grad  cost time: 2.618021249771118
tf.Tensor(-11218.881706418022, shape=(), dtype=float64)
Optimization terminated successfully.
         Current function value: -11218.881706
         Iterations: 683
         Function evaluations: 703
         Gradient evaluations: 703
  message: Optimization terminated successfully.
  success: True
   status: 0
      fun: -11218.881706418022
        x: [ 3.190e+00  1.133e+00 ...  5.072e-01 -2.001e+00]
      nit: 683
      jac: [ 0.000e+00  0.000e+00 ...  5.687e-05  2.222e-05]
 hess_inv: [[ 1.000e+00  0.000e+00 ...  0.000e+00  0.000e+00]
            [ 0.000e+00  1.000e+00 ...  0.000e+00  0.000e+00]
            ...
            [ 0.000e+00  0.000e+00 ...  4.130e-02 -1.049e-03]
            [ 0.000e+00  0.000e+00 ... -1.049e-03  1.688e-01]]
     nfev: 703
     njev: 703
fit  cost time: 1899.4386074543

========== Fit loop 3/5 ==========
using RANDOM parameters

########### initial parameters
{
  "rho(1450)p_mass": 1.51,
  "rho(1450)p_width": 0.44,
  "rho(1570)p_mass": 1.57,
  "rho(1570)p_width": 0.14,
  "rho(1690)p_mass": 1.681,
  "rho(1690)p_width": 0.19,
  "rho(1450)m_mass": 1.51,
  "rho(1450)m_width": 0.44,
  "rho(1570)m_mass": 1.57,
  "rho(1570)m_width": 0.14,
  "rho(1690)m_mass": 1.681,
  "rho(1690)m_width": 0.19,
  "f0(500)_E791_mass": 0.478,
  "f2(1270)_flatte_mass": 1.2754,
  "f2(1270)_flatte_g_0": 0.0009065763287885983,
  "f2(1270)_flatte_g_1": 0.6159046513763565,
  "f0(1370)_mass": 1.37,
  "f0(1370)_width": 0.35,
  "f0(1500)_flatte_mass": 1.522,
  "f0(1500)_flatte_g_0": 1.4487443271231681,
  "f0(1500)_flatte_g_1": 3.0519409555723014,
  "f2(1430)_mass": 1.43,
  "f2(1430)_width": 0.046,
  "f2(1910)_mass": 1.934,
  "f2(1910)_width": 0.14,
  "Jpsi->rho(1450)p.pimrho(1450)p->phi.pip_total_0r": 1.0,
  "Jpsi->rho(1450)p.pimrho(1450)p->phi.pip_total_0i": 0.0,
  "Jpsi->rho(1450)p.pim_g_ls_0r": 1.0,
  "Jpsi->rho(1450)p.pim_g_ls_0i": 0.0,
  "rho(1450)p->phi.pip_g_ls_0r": 1.0,
  "rho(1450)p->phi.pip_g_ls_0i": 0.0,
  "Jpsi->rho(1570)p.pimrho(1570)p->phi.pip_total_0r": 0.8769521958099364,
  "Jpsi->rho(1570)p.pimrho(1570)p->phi.pip_total_0i": 2.8042430360176684,
  "Jpsi->rho(1570)p.pim_g_ls_0r": 1.0,
  "Jpsi->rho(1570)p.pim_g_ls_0i": 0.0,
  "rho(1570)p->phi.pip_g_ls_0r": 1.0,
  "rho(1570)p->phi.pip_g_ls_0i": 0.0,
  "Jpsi->rho(1690)p.pimrho(1690)p->phi.pip_total_0r": 0.4171554217400293,
  "Jpsi->rho(1690)p.pimrho(1690)p->phi.pip_total_0i": -1.7299954705401162,
  "Jpsi->rho(1690)p.pim_g_ls_0r": 1.0,
  "Jpsi->rho(1690)p.pim_g_ls_0i": 0.0,
  "rho(1690)p->phi.pip_g_ls_0r": 1.0,
  "rho(1690)p->phi.pip_g_ls_0i": 0.0,
  "Jpsi->rho(1450)m.piprho(1450)m->phi.pim_total_0r": 1.0,
  "Jpsi->rho(1450)m.piprho(1450)m->phi.pim_total_0i": 0.0,
  "Jpsi->rho(1450)m.pip_g_ls_0r": 1.0,
  "Jpsi->rho(1450)m.pip_g_ls_0i": 0.0,
  "rho(1450)m->phi.pim_g_ls_0r": 1.0,
  "rho(1450)m->phi.pim_g_ls_0i": 0.0,
  "Jpsi->rho(1570)m.piprho(1570)m->phi.pim_total_0r": 0.8769521958099364,
  "Jpsi->rho(1570)m.piprho(1570)m->phi.pim_total_0i": 2.8042430360176684,
  "Jpsi->rho(1570)m.pip_g_ls_0r": 1.0,
  "Jpsi->rho(1570)m.pip_g_ls_0i": 0.0,
  "rho(1570)m->phi.pim_g_ls_0r": 1.0,
  "rho(1570)m->phi.pim_g_ls_0i": 0.0,
  "Jpsi->rho(1690)m.piprho(1690)m->phi.pim_total_0r": 0.4171554217400293,
  "Jpsi->rho(1690)m.piprho(1690)m->phi.pim_total_0i": -1.7299954705401162,
  "Jpsi->rho(1690)m.pip_g_ls_0r": 1.0,
  "Jpsi->rho(1690)m.pip_g_ls_0i": 0.0,
  "rho(1690)m->phi.pim_g_ls_0r": 1.0,
  "rho(1690)m->phi.pim_g_ls_0i": 0.0,
  "Jpsi->phi.f0(500)_E791f0(500)_E791->pip.pim_total_0r": 1.9311782656423637,
  "Jpsi->phi.f0(500)_E791f0(500)_E791->pip.pim_total_0i": -2.567116484768426,
  "Jpsi->phi.f0(500)_E791_g_ls_0r": 1.0,
  "Jpsi->phi.f0(500)_E791_g_ls_0i": 0.0,
  "Jpsi->phi.f0(500)_E791_g_ls_1r": 1.669759418485544,
  "Jpsi->phi.f0(500)_E791_g_ls_1i": 1.057032820212978,
  "f0(500)_E791->pip.pim_g_ls_0r": 1.0,
  "f0(500)_E791->pip.pim_g_ls_0i": 0.0,
  "Jpsi->phi.f0(980)_flattef0(980)_flatte->pip.pim_total_0r": 1.3557046094441163,
  "Jpsi->phi.f0(980)_flattef0(980)_flatte->pip.pim_total_0i": 0.676828948176539,
  "f0(980)_flatte->pip.pim_g_ls_0r": 1.0,
  "f0(980)_flatte->pip.pim_g_ls_0i": 0.0,
  "Jpsi->phi.f2(1270)_flattef2(1270)_flatte->pip.pim_total_0r": 0.10490970669043298,
  "Jpsi->phi.f2(1270)_flattef2(1270)_flatte->pip.pim_total_0i": 2.3844919723766127,
  "Jpsi->phi.f2(1270)_flatte_g_ls_0r": 1.0,
  "Jpsi->phi.f2(1270)_flatte_g_ls_0i": 0.0,
  "Jpsi->phi.f2(1270)_flatte_g_ls_1r": 0.9185834424564723,
  "Jpsi->phi.f2(1270)_flatte_g_ls_1i": 0.7044265165708916,
  "Jpsi->phi.f2(1270)_flatte_g_ls_2r": 0.5502148427514291,
  "Jpsi->phi.f2(1270)_flatte_g_ls_2i": -1.3157218528377688,
  "Jpsi->phi.f2(1270)_flatte_g_ls_3r": 0.008487742096987105,
  "Jpsi->phi.f2(1270)_flatte_g_ls_3i": 1.52833630328234,
  "Jpsi->phi.f2(1270)_flatte_g_ls_4r": 0.6767104586525017,
  "Jpsi->phi.f2(1270)_flatte_g_ls_4i": 1.2650863075368344,
  "f2(1270)_flatte->pip.pim_g_ls_0r": 1.0,
  "f2(1270)_flatte->pip.pim_g_ls_0i": 0.0,
  "Jpsi->phi.f0(1370)f0(1370)->pip.pim_total_0r": 1.1693820180848484,
  "Jpsi->phi.f0(1370)f0(1370)->pip.pim_total_0i": -0.4479246496264162,
  "Jpsi->phi.f0(1370)_g_ls_0r": 1.0,
  "Jpsi->phi.f0(1370)_g_ls_0i": 0.0,
  "Jpsi->phi.f0(1370)_g_ls_1r": 0.9621526077440374,
  "Jpsi->phi.f0(1370)_g_ls_1i": -2.686132066124408,
  "f0(1370)->pip.pim_g_ls_0r": 1.0,
  "f0(1370)->pip.pim_g_ls_0i": 0.0,
  "Jpsi->phi.f0(1500)_flattef0(1500)_flatte->pip.pim_total_0r": 1.3665240188666257,
  "Jpsi->phi.f0(1500)_flattef0(1500)_flatte->pip.pim_total_0i": 2.15515696927464,
  "Jpsi->phi.f0(1500)_flatte_g_ls_0r": 1.0,
  "Jpsi->phi.f0(1500)_flatte_g_ls_0i": 0.0,
  "Jpsi->phi.f0(1500)_flatte_g_ls_1r": 1.8338471393774878,
  "Jpsi->phi.f0(1500)_flatte_g_ls_1i": -2.9624712536761035,
  "f0(1500)_flatte->pip.pim_g_ls_0r": 1.0,
  "f0(1500)_flatte->pip.pim_g_ls_0i": 0.0,
  "Jpsi->phi.f0(1710)f0(1710)->pip.pim_total_0r": 0.8720189704141825,
  "Jpsi->phi.f0(1710)f0(1710)->pip.pim_total_0i": -1.8258530002624627,
  "f0(1710)->pip.pim_g_ls_0r": 1.0,
  "f0(1710)->pip.pim_g_ls_0i": 0.0,
  "Jpsi->phi.f2(1430)f2(1430)->pip.pim_total_0r": 1.8268021821439864,
  "Jpsi->phi.f2(1430)f2(1430)->pip.pim_total_0i": 2.329875956009028,
  "Jpsi->phi.f2(1430)_g_ls_0r": 1.0,
  "Jpsi->phi.f2(1430)_g_ls_0i": 0.0,
  "Jpsi->phi.f2(1430)_g_ls_1r": 1.4314156834252727,
  "Jpsi->phi.f2(1430)_g_ls_1i": 1.8022985308087778,
  "Jpsi->phi.f2(1430)_g_ls_2r": 0.043766168629706836,
  "Jpsi->phi.f2(1430)_g_ls_2i": 1.579231161040993,
  "Jpsi->phi.f2(1430)_g_ls_3r": 1.9210373395187053,
  "Jpsi->phi.f2(1430)_g_ls_3i": 3.120693013322761,
  "Jpsi->phi.f2(1430)_g_ls_4r": 1.1888397563560136,
  "Jpsi->phi.f2(1430)_g_ls_4i": 2.5754170204795983,
  "f2(1430)->pip.pim_g_ls_0r": 1.0,
  "f2(1430)->pip.pim_g_ls_0i": 0.0,
  "Jpsi->phi.f2(1910)f2(1910)->pip.pim_total_0r": 0.35312187341668366,
  "Jpsi->phi.f2(1910)f2(1910)->pip.pim_total_0i": 2.7373556956393292,
  "Jpsi->phi.f2(1910)_g_ls_0r": 1.0,
  "Jpsi->phi.f2(1910)_g_ls_0i": 0.0,
  "Jpsi->phi.f2(1910)_g_ls_1r": 1.6097486242373509,
  "Jpsi->phi.f2(1910)_g_ls_1i": -2.8493006290850413,
  "Jpsi->phi.f2(1910)_g_ls_2r": 0.04345042278065847,
  "Jpsi->phi.f2(1910)_g_ls_2i": 2.320684360487067,
  "Jpsi->phi.f2(1910)_g_ls_3r": 0.0750021814740407,
  "Jpsi->phi.f2(1910)_g_ls_3i": -2.883986738057967,
  "Jpsi->phi.f2(1910)_g_ls_4r": 1.756417578736198,
  "Jpsi->phi.f2(1910)_g_ls_4i": 1.7174514267873358,
  "f2(1910)->pip.pim_g_ls_0r": 1.0,
  "f2(1910)->pip.pim_g_ls_0i": 0.0,
  "K1(1400)p_mass": 1.403,
  "K1(1400)p_width": 0.174,
  "K2(1820)p_mass": 1.819,
  "K2(1820)p_width": 0.264,
  "K2(1980)p_mass": 1.99,
  "K2(1980)p_width": 0.348,
  "K2(2250)p_mass": 2.247,
  "K2(2250)p_width": 0.18,
  "K3(2320)p_mass": 2.324,
  "K3(2320)p_width": 0.15,
  "K1(1400)m_mass": 1.403,
  "K1(1400)m_width": 0.174,
  "K2(1820)m_mass": 1.819,
  "K2(1820)m_width": 0.264,
  "K2(1980)m_mass": 1.99,
  "K2(1980)m_width": 0.348,
  "K3(2320)m_mass": 2.324,
  "K3(2320)m_width": 0.15,
  "f0(980)_flatte_mass": 0.965,
  "f0(980)_flatte_g_0": 5.285365272119734,
  "f0(980)_flatte_g_1": 0.019995658207278815,
  "f2(1270)_mass": 1.2754,
  "f2(1270)_width": 0.1858,
  "f0(1500)_mass": 1.522,
  "f0(1500)_width": 0.108,
  "f2(1525)_mass": 1.5173,
  "f2(1525)_width": 0.072,
  "f2(1565)_mass": 1.571,
  "f2(1565)_width": 0.132,
  "f0(1710)_mass": 1.733,
  "f0(1710)_width": 0.15,
  "f2(1810)_mass": 1.815,
  "f2(1810)_width": 0.197,
  "Jpsi->K1(1400)p.kmK1(1400)p->phi.kp_total_0r": 1.0,
  "Jpsi->K1(1400)p.kmK1(1400)p->phi.kp_total_0i": 0.0,
  "Jpsi->K1(1400)p.km_g_ls_0r": 1.0,
  "Jpsi->K1(1400)p.km_g_ls_0i": 0.0,
  "Jpsi->K1(1400)p.km_g_ls_1r": 0.3589219060473252,
  "Jpsi->K1(1400)p.km_g_ls_1i": 0.6259331663772847,
  "K1(1400)p->phi.kp_g_ls_0r": 1.0,
  "K1(1400)p->phi.kp_g_ls_0i": 0.0,
  "K1(1400)p->phi.kp_g_ls_1r": 0.417622558216316,
  "K1(1400)p->phi.kp_g_ls_1i": -2.2920555509084806,
  "Jpsi->K2(1820)p.kmK2(1820)p->phi.kp_total_0r": 0.7043135863693943,
  "Jpsi->K2(1820)p.kmK2(1820)p->phi.kp_total_0i": 2.6992464326216927,
  "Jpsi->K2(1820)p.km_g_ls_0r": 1.0,
  "Jpsi->K2(1820)p.km_g_ls_0i": 0.0,
  "Jpsi->K2(1820)p.km_g_ls_1r": 1.4858323791435941,
  "Jpsi->K2(1820)p.km_g_ls_1i": 1.832956405134592,
  "K2(1820)p->phi.kp_g_ls_0r": 1.0,
  "K2(1820)p->phi.kp_g_ls_0i": 0.0,
  "K2(1820)p->phi.kp_g_ls_1r": 1.9729322405698886,
  "K2(1820)p->phi.kp_g_ls_1i": 2.2443430168546668,
  "Jpsi->K2(1980)p.kmK2(1980)p->phi.kp_total_0r": 1.9894652884982036,
  "Jpsi->K2(1980)p.kmK2(1980)p->phi.kp_total_0i": 0.3123997219817749,
  "Jpsi->K2(1980)p.km_g_ls_0r": 1.0,
  "Jpsi->K2(1980)p.km_g_ls_0i": 0.0,
  "K2(1980)p->phi.kp_g_ls_0r": 1.0,
  "K2(1980)p->phi.kp_g_ls_0i": 0.0,
  "Jpsi->K2(2250)p.kmK2(2250)p->phi.kp_total_0r": 0.7740746144578519,
  "Jpsi->K2(2250)p.kmK2(2250)p->phi.kp_total_0i": -0.03586145029349552,
  "Jpsi->K2(2250)p.km_g_ls_0r": 1.0,
  "Jpsi->K2(2250)p.km_g_ls_0i": 0.0,
  "Jpsi->K2(2250)p.km_g_ls_1r": 0.21991978691295921,
  "Jpsi->K2(2250)p.km_g_ls_1i": 1.1690096446855502,
  "K2(2250)p->phi.kp_g_ls_0r": 1.0,
  "K2(2250)p->phi.kp_g_ls_0i": 0.0,
  "K2(2250)p->phi.kp_g_ls_1r": 1.6564042779630341,
  "K2(2250)p->phi.kp_g_ls_1i": -1.4339642904466252,
  "Jpsi->K3(2320)p.kmK3(2320)p->phi.kp_total_0r": 1.8644597319272291,
  "Jpsi->K3(2320)p.kmK3(2320)p->phi.kp_total_0i": -0.8364210526992899,
  "Jpsi->K3(2320)p.km_g_ls_0r": 1.0,
  "Jpsi->K3(2320)p.km_g_ls_0i": 0.0,
  "Jpsi->K3(2320)p.km_g_ls_1r": 1.7295873054395479,
  "Jpsi->K3(2320)p.km_g_ls_1i": 1.4030614998048847,
  "K3(2320)p->phi.kp_g_ls_0r": 1.0,
  "K3(2320)p->phi.kp_g_ls_0i": 0.0,
  "K3(2320)p->phi.kp_g_ls_1r": 1.2271182347349878,
  "K3(2320)p->phi.kp_g_ls_1i": 2.7153607724095137,
  "Jpsi->K1(1400)m.kpK1(1400)m->phi.km_total_0r": 1.0,
  "Jpsi->K1(1400)m.kpK1(1400)m->phi.km_total_0i": 0.0,
  "Jpsi->K1(1400)m.kp_g_ls_0r": 1.0,
  "Jpsi->K1(1400)m.kp_g_ls_0i": 0.0,
  "Jpsi->K1(1400)m.kp_g_ls_1r": 0.3589219060473252,
  "Jpsi->K1(1400)m.kp_g_ls_1i": 0.6259331663772847,
  "K1(1400)m->phi.km_g_ls_0r": 1.0,
  "K1(1400)m->phi.km_g_ls_0i": 0.0,
  "K1(1400)m->phi.km_g_ls_1r": 0.417622558216316,
  "K1(1400)m->phi.km_g_ls_1i": -2.2920555509084806,
  "Jpsi->K2(1820)m.kpK2(1820)m->phi.km_total_0r": 0.7043135863693943,
  "Jpsi->K2(1820)m.kpK2(1820)m->phi.km_total_0i": 2.6992464326216927,
  "Jpsi->K2(1820)m.kp_g_ls_0r": 1.0,
  "Jpsi->K2(1820)m.kp_g_ls_0i": 0.0,
  "Jpsi->K2(1820)m.kp_g_ls_1r": 1.4858323791435941,
  "Jpsi->K2(1820)m.kp_g_ls_1i": 1.832956405134592,
  "K2(1820)m->phi.km_g_ls_0r": 1.0,
  "K2(1820)m->phi.km_g_ls_0i": 0.0,
  "K2(1820)m->phi.km_g_ls_1r": 1.9729322405698886,
  "K2(1820)m->phi.km_g_ls_1i": 2.2443430168546668,
  "Jpsi->K2(1980)m.kpK2(1980)m->phi.km_total_0r": 1.9894652884982036,
  "Jpsi->K2(1980)m.kpK2(1980)m->phi.km_total_0i": 0.3123997219817749,
  "Jpsi->K2(1980)m.kp_g_ls_0r": 1.0,
  "Jpsi->K2(1980)m.kp_g_ls_0i": 0.0,
  "K2(1980)m->phi.km_g_ls_0r": 1.0,
  "K2(1980)m->phi.km_g_ls_0i": 0.0,
  "Jpsi->K2(2250)p.kpK2(2250)p->phi.km_total_0r": 0.4086694707890155,
  "Jpsi->K2(2250)p.kpK2(2250)p->phi.km_total_0i": 0.1561342336224687,
  "Jpsi->K2(2250)p.kp_g_ls_0r": 1.0,
  "Jpsi->K2(2250)p.kp_g_ls_0i": 0.0,
  "Jpsi->K2(2250)p.kp_g_ls_1r": 1.173538376180555,
  "Jpsi->K2(2250)p.kp_g_ls_1i": -0.2362481480350147,
  "K2(2250)p->phi.km_g_ls_0r": 1.0,
  "K2(2250)p->phi.km_g_ls_0i": 0.0,
  "K2(2250)p->phi.km_g_ls_1r": 0.2518839724372479,
  "K2(2250)p->phi.km_g_ls_1i": 1.8131414358941864,
  "Jpsi->K3(2320)m.kpK3(2320)m->phi.km_total_0r": 1.8644597319272291,
  "Jpsi->K3(2320)m.kpK3(2320)m->phi.km_total_0i": -0.8364210526992899,
  "Jpsi->K3(2320)m.kp_g_ls_0r": 1.0,
  "Jpsi->K3(2320)m.kp_g_ls_0i": 0.0,
  "Jpsi->K3(2320)m.kp_g_ls_1r": 1.7295873054395479,
  "Jpsi->K3(2320)m.kp_g_ls_1i": 1.4030614998048847,
  "K3(2320)m->phi.km_g_ls_0r": 1.0,
  "K3(2320)m->phi.km_g_ls_0i": 0.0,
  "K3(2320)m->phi.km_g_ls_1r": 1.2271182347349878,
  "K3(2320)m->phi.km_g_ls_1i": 2.7153607724095137,
  "Jpsi->phi.f0(980)_flattef0(980)_flatte->kp.km_total_0r": 0.1261762364819945,
  "Jpsi->phi.f0(980)_flattef0(980)_flatte->kp.km_total_0i": -1.535582555035138,
  "Jpsi->phi.f0(980)_flatte_g_ls_0r": 1.0,
  "Jpsi->phi.f0(980)_flatte_g_ls_0i": 0.0,
  "Jpsi->phi.f0(980)_flatte_g_ls_1r": 0.5781071741814836,
  "Jpsi->phi.f0(980)_flatte_g_ls_1i": -0.4314167289035451,
  "f0(980)_flatte->kp.km_g_ls_0r": 1.0,
  "f0(980)_flatte->kp.km_g_ls_0i": 0.0,
  "Jpsi->phi.f2(1270)f2(1270)->kp.km_total_0r": 1.4847880458171687,
  "Jpsi->phi.f2(1270)f2(1270)->kp.km_total_0i": 3.0304726157805293,
  "Jpsi->phi.f2(1270)_g_ls_0r": 1.0,
  "Jpsi->phi.f2(1270)_g_ls_0i": 0.0,
  "Jpsi->phi.f2(1270)_g_ls_1r": 1.1989839080857028,
  "Jpsi->phi.f2(1270)_g_ls_1i": 1.5714846387697303,
  "Jpsi->phi.f2(1270)_g_ls_2r": 0.8470362571575722,
  "Jpsi->phi.f2(1270)_g_ls_2i": -2.0990080116965597,
  "Jpsi->phi.f2(1270)_g_ls_3r": 1.1792825338049808,
  "Jpsi->phi.f2(1270)_g_ls_3i": 1.4483819284222053,
  "Jpsi->phi.f2(1270)_g_ls_4r": 1.4782294715587248,
  "Jpsi->phi.f2(1270)_g_ls_4i": -2.057312675500166,
  "f2(1270)->kp.km_g_ls_0r": 1.0,
  "f2(1270)->kp.km_g_ls_0i": 0.0,
  "Jpsi->phi.f0(1500)f0(1500)->kp.km_total_0r": 1.4863335177908081,
  "Jpsi->phi.f0(1500)f0(1500)->kp.km_total_0i": 1.8548977035328909,
  "Jpsi->phi.f0(1500)_g_ls_0r": 1.0,
  "Jpsi->phi.f0(1500)_g_ls_0i": 0.0,
  "Jpsi->phi.f0(1500)_g_ls_1r": 1.7786872192129075,
  "Jpsi->phi.f0(1500)_g_ls_1i": -0.5293324113881694,
  "f0(1500)->kp.km_g_ls_0r": 1.0,
  "f0(1500)->kp.km_g_ls_0i": 0.0,
  "Jpsi->phi.f2(1525)f2(1525)->kp.km_total_0r": 1.2396710639030415,
  "Jpsi->phi.f2(1525)f2(1525)->kp.km_total_0i": 1.1978145353367422,
  "Jpsi->phi.f2(1525)_g_ls_0r": 1.0,
  "Jpsi->phi.f2(1525)_g_ls_0i": 0.0,
  "Jpsi->phi.f2(1525)_g_ls_1r": 0.3590823286624705,
  "Jpsi->phi.f2(1525)_g_ls_1i": 2.5619727622309876,
  "Jpsi->phi.f2(1525)_g_ls_2r": 0.21746121942469232,
  "Jpsi->phi.f2(1525)_g_ls_2i": 2.541023712921806,
  "Jpsi->phi.f2(1525)_g_ls_3r": 1.8278359643052564,
  "Jpsi->phi.f2(1525)_g_ls_3i": 0.7060462440924944,
  "Jpsi->phi.f2(1525)_g_ls_4r": 1.0360630352297888,
  "Jpsi->phi.f2(1525)_g_ls_4i": 1.1564366812928055,
  "f2(1525)->kp.km_g_ls_0r": 1.0,
  "f2(1525)->kp.km_g_ls_0i": 0.0,
  "Jpsi->phi.f2(1565)f2(1565)->kp.km_total_0r": 0.18003006792487763,
  "Jpsi->phi.f2(1565)f2(1565)->kp.km_total_0i": -1.9085042582506104,
  "Jpsi->phi.f2(1565)_g_ls_0r": 1.0,
  "Jpsi->phi.f2(1565)_g_ls_0i": 0.0,
  "Jpsi->phi.f2(1565)_g_ls_1r": 0.6529122388038724,
  "Jpsi->phi.f2(1565)_g_ls_1i": -2.9346878584844256,
  "Jpsi->phi.f2(1565)_g_ls_2r": 0.3109199295672034,
  "Jpsi->phi.f2(1565)_g_ls_2i": -0.037880227190052906,
  "Jpsi->phi.f2(1565)_g_ls_3r": 1.9636436292136596,
  "Jpsi->phi.f2(1565)_g_ls_3i": 2.4878263011442323,
  "Jpsi->phi.f2(1565)_g_ls_4r": 1.42130029887179,
  "Jpsi->phi.f2(1565)_g_ls_4i": -2.401461679619691,
  "f2(1565)->kp.km_g_ls_0r": 1.0,
  "f2(1565)->kp.km_g_ls_0i": 0.0,
  "Jpsi->phi.f0(1710)f0(1710)->kp.km_total_0r": 0.2563622826379257,
  "Jpsi->phi.f0(1710)f0(1710)->kp.km_total_0i": -2.5892024468717385,
  "Jpsi->phi.f0(1710)_g_ls_0r": 1.0,
  "Jpsi->phi.f0(1710)_g_ls_0i": 0.0,
  "Jpsi->phi.f0(1710)_g_ls_1r": 1.6066204276219143,
  "Jpsi->phi.f0(1710)_g_ls_1i": 0.14884065874755992,
  "f0(1710)->kp.km_g_ls_0r": 1.0,
  "f0(1710)->kp.km_g_ls_0i": 0.0,
  "Jpsi->phi.f2(1810)f2(1810)->kp.km_total_0r": 0.7260477794929665,
  "Jpsi->phi.f2(1810)f2(1810)->kp.km_total_0i": -0.09797954665251218,
  "Jpsi->phi.f2(1810)_g_ls_0r": 1.0,
  "Jpsi->phi.f2(1810)_g_ls_0i": 0.0,
  "Jpsi->phi.f2(1810)_g_ls_1r": 0.8357550302019745,
  "Jpsi->phi.f2(1810)_g_ls_1i": -2.6133768944577804,
  "Jpsi->phi.f2(1810)_g_ls_2r": 0.7451957376034577,
  "Jpsi->phi.f2(1810)_g_ls_2i": -1.5681836969686649,
  "Jpsi->phi.f2(1810)_g_ls_3r": 1.2018146515944657,
  "Jpsi->phi.f2(1810)_g_ls_3i": 2.6491792997211325,
  "Jpsi->phi.f2(1810)_g_ls_4r": 0.9101712623228226,
  "Jpsi->phi.f2(1810)_g_ls_4i": 2.5002023493172905,
  "f2(1810)->kp.km_g_ls_0r": 1.0,
  "f2(1810)->kp.km_g_ls_0i": 0.0
}
nll_grad  cost time: 2.7121152877807617
nll_grad  cost time: 2.536036491394043
tf.Tensor(-1994.7819357396947, shape=(), dtype=float64)
nll_grad  cost time: 2.772477149963379
tf.Tensor(-3438.168371565611, shape=(), dtype=float64)
nll_grad  cost time: 2.5260555744171143
tf.Tensor(-5135.641913377491, shape=(), dtype=float64)
nll_grad  cost time: 2.6454391479492188
nll_grad  cost time: 2.623880624771118
tf.Tensor(-6141.640363784725, shape=(), dtype=float64)
nll_grad  cost time: 2.615171432495117
tf.Tensor(-7324.187464105562, shape=(), dtype=float64)
nll_grad  cost time: 2.6449649333953857
nll_grad  cost time: 2.6110944747924805
tf.Tensor(-7773.928642022671, shape=(), dtype=float64)
nll_grad  cost time: 2.7966156005859375
tf.Tensor(-8016.372721736261, shape=(), dtype=float64)
nll_grad  cost time: 2.609792947769165
tf.Tensor(-8353.556765611444, shape=(), dtype=float64)
nll_grad  cost time: 2.64937686920166
tf.Tensor(-8540.43694777564, shape=(), dtype=float64)
nll_grad  cost time: 2.5736427307128906
tf.Tensor(-8757.086193670446, shape=(), dtype=float64)
nll_grad  cost time: 2.7066946029663086
tf.Tensor(-8993.31504474215, shape=(), dtype=float64)
nll_grad  cost time: 2.7304141521453857
tf.Tensor(-9185.476293297485, shape=(), dtype=float64)
nll_grad  cost time: 2.6773931980133057
nll_grad  cost time: 2.578547716140747
tf.Tensor(-9267.142218707944, shape=(), dtype=float64)
nll_grad  cost time: 2.6225199699401855
tf.Tensor(-9347.379325469461, shape=(), dtype=float64)
nll_grad  cost time: 2.637803316116333
tf.Tensor(-9453.311231791973, shape=(), dtype=float64)
nll_grad  cost time: 2.6154329776763916
tf.Tensor(-9544.787382533803, shape=(), dtype=float64)
nll_grad  cost time: 2.6558260917663574
tf.Tensor(-9589.42639261701, shape=(), dtype=float64)
nll_grad  cost time: 2.6765918731689453
tf.Tensor(-9643.50167755103, shape=(), dtype=float64)
nll_grad  cost time: 2.791907787322998
tf.Tensor(-9697.422190191122, shape=(), dtype=float64)
nll_grad  cost time: 2.7649447917938232
tf.Tensor(-9749.595154898168, shape=(), dtype=float64)
nll_grad  cost time: 2.917320728302002
nll_grad  cost time: 2.770650863647461
tf.Tensor(-9780.394437708499, shape=(), dtype=float64)
nll_grad  cost time: 2.7850775718688965
tf.Tensor(-9822.220010818652, shape=(), dtype=float64)
nll_grad  cost time: 2.7713842391967773
tf.Tensor(-9848.538926878886, shape=(), dtype=float64)
nll_grad  cost time: 2.8028104305267334
tf.Tensor(-9880.808539319012, shape=(), dtype=float64)
nll_grad  cost time: 2.712609052658081
tf.Tensor(-9917.620422749853, shape=(), dtype=float64)
nll_grad  cost time: 2.6303205490112305
tf.Tensor(-9957.179992985111, shape=(), dtype=float64)
nll_grad  cost time: 2.787395715713501
tf.Tensor(-9995.782280030908, shape=(), dtype=float64)
nll_grad  cost time: 2.662680149078369
tf.Tensor(-10041.28668555792, shape=(), dtype=float64)
nll_grad  cost time: 2.8315811157226562
tf.Tensor(-10053.608937007433, shape=(), dtype=float64)
nll_grad  cost time: 2.665668249130249
tf.Tensor(-10070.58147755568, shape=(), dtype=float64)
nll_grad  cost time: 2.7117409706115723
tf.Tensor(-10096.030991972963, shape=(), dtype=float64)
nll_grad  cost time: 2.7141199111938477
tf.Tensor(-10133.163181854907, shape=(), dtype=float64)
nll_grad  cost time: 2.6220524311065674
tf.Tensor(-10165.857359251619, shape=(), dtype=float64)
nll_grad  cost time: 2.616847038269043
tf.Tensor(-10203.976561413234, shape=(), dtype=float64)
nll_grad  cost time: 2.6036899089813232
nll_grad  cost time: 2.561357259750366
tf.Tensor(-10226.015478887828, shape=(), dtype=float64)
nll_grad  cost time: 2.6978037357330322
tf.Tensor(-10250.199769659856, shape=(), dtype=float64)
nll_grad  cost time: 2.6709372997283936
tf.Tensor(-10273.136917261421, shape=(), dtype=float64)
nll_grad  cost time: 2.7153563499450684
tf.Tensor(-10284.074313596968, shape=(), dtype=float64)
nll_grad  cost time: 2.8403565883636475
tf.Tensor(-10300.206378360002, shape=(), dtype=float64)
nll_grad  cost time: 2.5877468585968018
tf.Tensor(-10314.75688239999, shape=(), dtype=float64)
nll_grad  cost time: 2.6559736728668213
tf.Tensor(-10325.492993908352, shape=(), dtype=float64)
nll_grad  cost time: 2.6491148471832275
tf.Tensor(-10339.668108813057, shape=(), dtype=float64)
nll_grad  cost time: 2.6214332580566406
tf.Tensor(-10357.252226100201, shape=(), dtype=float64)
nll_grad  cost time: 2.6312673091888428
tf.Tensor(-10376.168781055414, shape=(), dtype=float64)
nll_grad  cost time: 2.599339723587036
tf.Tensor(-10396.35931232071, shape=(), dtype=float64)
nll_grad  cost time: 2.6815497875213623
nll_grad  cost time: 2.7162551879882812
tf.Tensor(-10408.580812502609, shape=(), dtype=float64)
nll_grad  cost time: 2.685702085494995
tf.Tensor(-10418.631583940965, shape=(), dtype=float64)
nll_grad  cost time: 2.7756340503692627
tf.Tensor(-10424.420286631183, shape=(), dtype=float64)
nll_grad  cost time: 2.822878122329712
tf.Tensor(-10432.389656309155, shape=(), dtype=float64)
nll_grad  cost time: 2.785701036453247
tf.Tensor(-10438.55542565498, shape=(), dtype=float64)
nll_grad  cost time: 2.839585781097412
tf.Tensor(-10447.94292222055, shape=(), dtype=float64)
nll_grad  cost time: 2.7900383472442627
tf.Tensor(-10459.208540680003, shape=(), dtype=float64)
nll_grad  cost time: 2.718256950378418
tf.Tensor(-10467.691554316028, shape=(), dtype=float64)
nll_grad  cost time: 2.6542582511901855
tf.Tensor(-10478.488076924987, shape=(), dtype=float64)
nll_grad  cost time: 2.7889444828033447
nll_grad  cost time: 2.7891972064971924
tf.Tensor(-10484.005062769473, shape=(), dtype=float64)
nll_grad  cost time: 2.7003448009490967
tf.Tensor(-10491.472213486937, shape=(), dtype=float64)
nll_grad  cost time: 2.686927318572998
tf.Tensor(-10501.22766560594, shape=(), dtype=float64)
nll_grad  cost time: 2.688722848892212
tf.Tensor(-10512.687491782286, shape=(), dtype=float64)
nll_grad  cost time: 2.8448286056518555
tf.Tensor(-10523.155325304499, shape=(), dtype=float64)
nll_grad  cost time: 2.6518421173095703
tf.Tensor(-10535.511264629778, shape=(), dtype=float64)
nll_grad  cost time: 2.669983386993408
tf.Tensor(-10550.790547028882, shape=(), dtype=float64)
nll_grad  cost time: 2.616757869720459
tf.Tensor(-10567.170838868842, shape=(), dtype=float64)
nll_grad  cost time: 2.714419364929199
tf.Tensor(-10581.321883851386, shape=(), dtype=float64)
nll_grad  cost time: 2.6390063762664795
tf.Tensor(-10586.021561806963, shape=(), dtype=float64)
nll_grad  cost time: 2.5642971992492676
tf.Tensor(-10591.733816515363, shape=(), dtype=float64)
nll_grad  cost time: 2.5758731365203857
tf.Tensor(-10598.372474924297, shape=(), dtype=float64)
nll_grad  cost time: 2.7011871337890625
tf.Tensor(-10606.727387158491, shape=(), dtype=float64)
nll_grad  cost time: 2.6044600009918213
tf.Tensor(-10615.579336220297, shape=(), dtype=float64)
nll_grad  cost time: 2.6717240810394287
tf.Tensor(-10624.164901604352, shape=(), dtype=float64)
nll_grad  cost time: 2.6734042167663574
tf.Tensor(-10633.9391295346, shape=(), dtype=float64)
nll_grad  cost time: 2.647425413131714
nll_grad  cost time: 2.4818296432495117
tf.Tensor(-10639.60037339176, shape=(), dtype=float64)
nll_grad  cost time: 2.6208407878875732
tf.Tensor(-10645.99629026241, shape=(), dtype=float64)
nll_grad  cost time: 2.6250813007354736
tf.Tensor(-10652.422833929522, shape=(), dtype=float64)
nll_grad  cost time: 2.593573808670044
tf.Tensor(-10654.293384902106, shape=(), dtype=float64)
nll_grad  cost time: 2.619497060775757
tf.Tensor(-10657.300649024488, shape=(), dtype=float64)
nll_grad  cost time: 2.6358907222747803
tf.Tensor(-10660.546428977745, shape=(), dtype=float64)
nll_grad  cost time: 2.641636371612549
tf.Tensor(-10665.668689433645, shape=(), dtype=float64)
nll_grad  cost time: 2.745384693145752
tf.Tensor(-10670.036852010802, shape=(), dtype=float64)
nll_grad  cost time: 2.681865930557251
tf.Tensor(-10673.711693246674, shape=(), dtype=float64)
nll_grad  cost time: 2.7381460666656494
tf.Tensor(-10677.799662032849, shape=(), dtype=float64)
nll_grad  cost time: 2.7774765491485596
tf.Tensor(-10682.654762166145, shape=(), dtype=float64)
nll_grad  cost time: 2.6141486167907715
tf.Tensor(-10686.837252617566, shape=(), dtype=float64)
nll_grad  cost time: 2.7351746559143066
tf.Tensor(-10689.96890652059, shape=(), dtype=float64)
nll_grad  cost time: 2.6457138061523438
tf.Tensor(-10693.757727911565, shape=(), dtype=float64)
nll_grad  cost time: 2.739980459213257
tf.Tensor(-10699.440923207367, shape=(), dtype=float64)
nll_grad  cost time: 2.5769779682159424
tf.Tensor(-10706.785548975415, shape=(), dtype=float64)
nll_grad  cost time: 2.6158618927001953
tf.Tensor(-10713.564343752922, shape=(), dtype=float64)
nll_grad  cost time: 2.574500799179077
tf.Tensor(-10719.008759349294, shape=(), dtype=float64)
nll_grad  cost time: 2.5770163536071777
tf.Tensor(-10726.57247918444, shape=(), dtype=float64)
nll_grad  cost time: 2.58548641204834
tf.Tensor(-10736.131054897589, shape=(), dtype=float64)
nll_grad  cost time: 2.6869442462921143
tf.Tensor(-10739.447717474686, shape=(), dtype=float64)
nll_grad  cost time: 2.8324496746063232
tf.Tensor(-10744.305183931458, shape=(), dtype=float64)
nll_grad  cost time: 2.7193236351013184
tf.Tensor(-10749.471065767168, shape=(), dtype=float64)
nll_grad  cost time: 2.651515007019043
tf.Tensor(-10752.690458954996, shape=(), dtype=float64)
nll_grad  cost time: 2.623326301574707
tf.Tensor(-10756.636016229051, shape=(), dtype=float64)
nll_grad  cost time: 2.5240354537963867
tf.Tensor(-10760.91693924075, shape=(), dtype=float64)
nll_grad  cost time: 2.5342133045196533
tf.Tensor(-10767.313375409154, shape=(), dtype=float64)
nll_grad  cost time: 2.5912232398986816
tf.Tensor(-10771.68053287681, shape=(), dtype=float64)
nll_grad  cost time: 2.59732985496521
tf.Tensor(-10775.792080884086, shape=(), dtype=float64)
nll_grad  cost time: 2.5907299518585205
tf.Tensor(-10780.876487591784, shape=(), dtype=float64)
nll_grad  cost time: 2.7113139629364014
tf.Tensor(-10785.597408093076, shape=(), dtype=float64)
nll_grad  cost time: 2.5757739543914795
tf.Tensor(-10789.404536501184, shape=(), dtype=float64)
nll_grad  cost time: 2.8221755027770996
tf.Tensor(-10793.28507664481, shape=(), dtype=float64)
nll_grad  cost time: 2.837218761444092
tf.Tensor(-10797.050880032431, shape=(), dtype=float64)
nll_grad  cost time: 2.906522750854492
tf.Tensor(-10801.478964678623, shape=(), dtype=float64)
nll_grad  cost time: 2.6934807300567627
nll_grad  cost time: 2.524984836578369
tf.Tensor(-10803.802183558582, shape=(), dtype=float64)
nll_grad  cost time: 2.530988931655884
tf.Tensor(-10805.931439906926, shape=(), dtype=float64)
nll_grad  cost time: 2.5646629333496094
tf.Tensor(-10808.86326838455, shape=(), dtype=float64)
nll_grad  cost time: 2.6159913539886475
tf.Tensor(-10811.96034115569, shape=(), dtype=float64)
nll_grad  cost time: 2.6535117626190186
tf.Tensor(-10813.116481974605, shape=(), dtype=float64)
nll_grad  cost time: 2.5971527099609375
tf.Tensor(-10815.170347281906, shape=(), dtype=float64)
nll_grad  cost time: 2.666370153427124
tf.Tensor(-10818.721036846051, shape=(), dtype=float64)
nll_grad  cost time: 2.809746026992798
tf.Tensor(-10823.14067381664, shape=(), dtype=float64)
nll_grad  cost time: 2.6984734535217285
tf.Tensor(-10828.713152261582, shape=(), dtype=float64)
nll_grad  cost time: 2.5701744556427
tf.Tensor(-10834.921827520782, shape=(), dtype=float64)
nll_grad  cost time: 2.646498203277588
nll_grad  cost time: 2.635145664215088
tf.Tensor(-10837.807215663604, shape=(), dtype=float64)
nll_grad  cost time: 2.6972508430480957
tf.Tensor(-10842.207686576672, shape=(), dtype=float64)
nll_grad  cost time: 2.698080062866211
tf.Tensor(-10845.403667125094, shape=(), dtype=float64)
nll_grad  cost time: 2.7802462577819824
tf.Tensor(-10849.561948310962, shape=(), dtype=float64)
nll_grad  cost time: 2.878093957901001
tf.Tensor(-10853.715083584335, shape=(), dtype=float64)
nll_grad  cost time: 2.801480770111084
tf.Tensor(-10854.747440366526, shape=(), dtype=float64)
nll_grad  cost time: 2.730454444885254
tf.Tensor(-10856.470688119036, shape=(), dtype=float64)
nll_grad  cost time: 2.8753647804260254
tf.Tensor(-10859.33045940561, shape=(), dtype=float64)
nll_grad  cost time: 2.6951780319213867
tf.Tensor(-10863.465764068358, shape=(), dtype=float64)
nll_grad  cost time: 2.634091854095459
tf.Tensor(-10868.500671766902, shape=(), dtype=float64)
nll_grad  cost time: 2.754716396331787
tf.Tensor(-10873.226549132349, shape=(), dtype=float64)
nll_grad  cost time: 2.7319235801696777
tf.Tensor(-10873.789156371262, shape=(), dtype=float64)
nll_grad  cost time: 2.6468288898468018
tf.Tensor(-10874.822900862942, shape=(), dtype=float64)
nll_grad  cost time: 2.582942008972168
tf.Tensor(-10876.661068690271, shape=(), dtype=float64)
nll_grad  cost time: 2.5716614723205566
tf.Tensor(-10879.658435472898, shape=(), dtype=float64)
nll_grad  cost time: 2.5933473110198975
tf.Tensor(-10884.416692650033, shape=(), dtype=float64)
nll_grad  cost time: 2.595944404602051
tf.Tensor(-10889.219178368585, shape=(), dtype=float64)
nll_grad  cost time: 3.0305018424987793
tf.Tensor(-10891.386150907114, shape=(), dtype=float64)
nll_grad  cost time: 2.736548900604248
tf.Tensor(-10893.86199003835, shape=(), dtype=float64)
nll_grad  cost time: 2.556475877761841
tf.Tensor(-10896.440073470323, shape=(), dtype=float64)
nll_grad  cost time: 2.6263856887817383
tf.Tensor(-10899.295560243263, shape=(), dtype=float64)
nll_grad  cost time: 2.695169448852539
tf.Tensor(-10901.963686083851, shape=(), dtype=float64)
nll_grad  cost time: 2.771690607070923
tf.Tensor(-10904.346846388959, shape=(), dtype=float64)
nll_grad  cost time: 2.67470645904541
tf.Tensor(-10906.543341743469, shape=(), dtype=float64)
nll_grad  cost time: 2.7056357860565186
tf.Tensor(-10909.14565377796, shape=(), dtype=float64)
nll_grad  cost time: 2.604633092880249
tf.Tensor(-10912.305789411956, shape=(), dtype=float64)
nll_grad  cost time: 2.5866458415985107
tf.Tensor(-10914.362505319878, shape=(), dtype=float64)
nll_grad  cost time: 2.5972626209259033
tf.Tensor(-10917.559609274758, shape=(), dtype=float64)
nll_grad  cost time: 2.6062638759613037
tf.Tensor(-10918.92220963983, shape=(), dtype=float64)
nll_grad  cost time: 2.713017225265503
tf.Tensor(-10921.219842211838, shape=(), dtype=float64)
nll_grad  cost time: 2.8730525970458984
tf.Tensor(-10925.200665567114, shape=(), dtype=float64)
nll_grad  cost time: 2.5822880268096924
tf.Tensor(-10929.792223453842, shape=(), dtype=float64)
nll_grad  cost time: 2.8581490516662598
tf.Tensor(-10933.650049450749, shape=(), dtype=float64)
nll_grad  cost time: 2.6633851528167725
nll_grad  cost time: 2.6270251274108887
tf.Tensor(-10935.498252460544, shape=(), dtype=float64)
nll_grad  cost time: 2.643880844116211
tf.Tensor(-10938.310935819318, shape=(), dtype=float64)
nll_grad  cost time: 2.723989963531494
tf.Tensor(-10941.057248074241, shape=(), dtype=float64)
nll_grad  cost time: 2.70133376121521
tf.Tensor(-10943.893142257715, shape=(), dtype=float64)
nll_grad  cost time: 2.661682605743408
tf.Tensor(-10945.362146600528, shape=(), dtype=float64)
nll_grad  cost time: 2.5971176624298096
tf.Tensor(-10947.039939352879, shape=(), dtype=float64)
nll_grad  cost time: 2.636970043182373
tf.Tensor(-10948.907725265424, shape=(), dtype=float64)
nll_grad  cost time: 2.706092357635498
tf.Tensor(-10950.97405175482, shape=(), dtype=float64)
nll_grad  cost time: 2.5982046127319336
tf.Tensor(-10953.292895784718, shape=(), dtype=float64)
nll_grad  cost time: 2.681156635284424
tf.Tensor(-10955.291258589641, shape=(), dtype=float64)
nll_grad  cost time: 2.5798730850219727
tf.Tensor(-10957.25724893497, shape=(), dtype=float64)
nll_grad  cost time: 2.6227495670318604
tf.Tensor(-10959.625759888862, shape=(), dtype=float64)
nll_grad  cost time: 2.5737876892089844
tf.Tensor(-10961.77178441298, shape=(), dtype=float64)
nll_grad  cost time: 2.70129656791687
tf.Tensor(-10964.18401895673, shape=(), dtype=float64)
nll_grad  cost time: 2.634575366973877
tf.Tensor(-10966.42779599961, shape=(), dtype=float64)
nll_grad  cost time: 2.6354899406433105
tf.Tensor(-10968.310223824607, shape=(), dtype=float64)
nll_grad  cost time: 2.5929617881774902
tf.Tensor(-10970.62693711603, shape=(), dtype=float64)
nll_grad  cost time: 2.506373882293701
tf.Tensor(-10972.603470395537, shape=(), dtype=float64)
nll_grad  cost time: 2.6871016025543213
tf.Tensor(-10974.567230119268, shape=(), dtype=float64)
nll_grad  cost time: 2.5372745990753174
tf.Tensor(-10975.920600604542, shape=(), dtype=float64)
nll_grad  cost time: 2.540989875793457
tf.Tensor(-10977.427617352936, shape=(), dtype=float64)
nll_grad  cost time: 2.6734778881073
tf.Tensor(-10979.133220588905, shape=(), dtype=float64)
nll_grad  cost time: 2.5659966468811035
tf.Tensor(-10980.238583971455, shape=(), dtype=float64)
nll_grad  cost time: 2.596780776977539
tf.Tensor(-10981.296244257624, shape=(), dtype=float64)
nll_grad  cost time: 2.668808937072754
tf.Tensor(-10982.40462131986, shape=(), dtype=float64)
nll_grad  cost time: 2.6560866832733154
tf.Tensor(-10983.043974115935, shape=(), dtype=float64)
nll_grad  cost time: 2.649308919906616
tf.Tensor(-10983.910691695608, shape=(), dtype=float64)
nll_grad  cost time: 2.645322561264038
tf.Tensor(-10985.13219518213, shape=(), dtype=float64)
nll_grad  cost time: 2.624025583267212
tf.Tensor(-10986.453997255026, shape=(), dtype=float64)
nll_grad  cost time: 2.684692859649658
tf.Tensor(-10987.853939713503, shape=(), dtype=float64)
nll_grad  cost time: 2.761404514312744
tf.Tensor(-10989.427998170446, shape=(), dtype=float64)
nll_grad  cost time: 2.70623517036438
tf.Tensor(-10991.200572430651, shape=(), dtype=float64)
nll_grad  cost time: 2.7714390754699707
tf.Tensor(-10993.405564706089, shape=(), dtype=float64)
nll_grad  cost time: 2.7775204181671143
tf.Tensor(-10995.362476660986, shape=(), dtype=float64)
nll_grad  cost time: 2.7193193435668945
tf.Tensor(-10996.341913802855, shape=(), dtype=float64)
nll_grad  cost time: 2.7297215461730957
tf.Tensor(-10997.717482232518, shape=(), dtype=float64)
nll_grad  cost time: 2.67598295211792
tf.Tensor(-10999.385200864577, shape=(), dtype=float64)
nll_grad  cost time: 2.7034718990325928
tf.Tensor(-11000.622169767157, shape=(), dtype=float64)
nll_grad  cost time: 2.6445460319519043
tf.Tensor(-11001.930200349554, shape=(), dtype=float64)
nll_grad  cost time: 2.7063331604003906
tf.Tensor(-11003.313520621523, shape=(), dtype=float64)
nll_grad  cost time: 2.7610528469085693
tf.Tensor(-11004.872380551693, shape=(), dtype=float64)
nll_grad  cost time: 2.7956268787384033
tf.Tensor(-11005.723682718672, shape=(), dtype=float64)
nll_grad  cost time: 2.6001548767089844
tf.Tensor(-11007.05010182313, shape=(), dtype=float64)
nll_grad  cost time: 2.7669644355773926
tf.Tensor(-11008.68867762867, shape=(), dtype=float64)
nll_grad  cost time: 2.6521313190460205
tf.Tensor(-11010.006813685759, shape=(), dtype=float64)
nll_grad  cost time: 2.6649937629699707
tf.Tensor(-11011.151838111793, shape=(), dtype=float64)
nll_grad  cost time: 2.7180142402648926
tf.Tensor(-11012.039596456962, shape=(), dtype=float64)
nll_grad  cost time: 2.5485830307006836
tf.Tensor(-11013.033890778956, shape=(), dtype=float64)
nll_grad  cost time: 2.6373190879821777
tf.Tensor(-11013.76669963602, shape=(), dtype=float64)
nll_grad  cost time: 2.601860761642456
tf.Tensor(-11014.677640055874, shape=(), dtype=float64)
nll_grad  cost time: 2.6512668132781982
tf.Tensor(-11015.669503641519, shape=(), dtype=float64)
nll_grad  cost time: 2.6932661533355713
tf.Tensor(-11016.50423954986, shape=(), dtype=float64)
nll_grad  cost time: 2.720750570297241
tf.Tensor(-11017.5141961349, shape=(), dtype=float64)
nll_grad  cost time: 2.7749829292297363
tf.Tensor(-11018.367225800059, shape=(), dtype=float64)
nll_grad  cost time: 2.708667755126953
tf.Tensor(-11019.593095346427, shape=(), dtype=float64)
nll_grad  cost time: 2.7695605754852295
tf.Tensor(-11020.860785504206, shape=(), dtype=float64)
nll_grad  cost time: 2.808412551879883
tf.Tensor(-11022.135152296833, shape=(), dtype=float64)
nll_grad  cost time: 2.7501516342163086
tf.Tensor(-11022.524216654914, shape=(), dtype=float64)
nll_grad  cost time: 2.639742851257324
tf.Tensor(-11023.19019070617, shape=(), dtype=float64)
nll_grad  cost time: 2.580367088317871
tf.Tensor(-11024.208059994839, shape=(), dtype=float64)
nll_grad  cost time: 2.630908250808716
tf.Tensor(-11025.570210020902, shape=(), dtype=float64)
nll_grad  cost time: 2.6526925563812256
tf.Tensor(-11026.143787338951, shape=(), dtype=float64)
nll_grad  cost time: 2.631284236907959
tf.Tensor(-11026.97724029349, shape=(), dtype=float64)
nll_grad  cost time: 2.7632458209991455
tf.Tensor(-11027.956342483769, shape=(), dtype=float64)
nll_grad  cost time: 2.651914119720459
tf.Tensor(-11028.58926817128, shape=(), dtype=float64)
nll_grad  cost time: 3.092144012451172
tf.Tensor(-11029.459350403602, shape=(), dtype=float64)
nll_grad  cost time: 2.7661092281341553
tf.Tensor(-11030.572039090679, shape=(), dtype=float64)
nll_grad  cost time: 2.672743082046509
tf.Tensor(-11031.812269175098, shape=(), dtype=float64)
nll_grad  cost time: 2.61124324798584
tf.Tensor(-11032.92098656157, shape=(), dtype=float64)
nll_grad  cost time: 2.721369504928589
tf.Tensor(-11033.766240633595, shape=(), dtype=float64)
nll_grad  cost time: 2.7337863445281982
tf.Tensor(-11035.015178931957, shape=(), dtype=float64)
nll_grad  cost time: 2.756936550140381
tf.Tensor(-11036.84814972907, shape=(), dtype=float64)
nll_grad  cost time: 2.6565442085266113
tf.Tensor(-11038.859260082238, shape=(), dtype=float64)
nll_grad  cost time: 2.7252070903778076
nll_grad  cost time: 2.8804290294647217
tf.Tensor(-11039.988893596652, shape=(), dtype=float64)
nll_grad  cost time: 2.6875083446502686
tf.Tensor(-11040.974183286366, shape=(), dtype=float64)
nll_grad  cost time: 2.6138856410980225
tf.Tensor(-11042.008742478138, shape=(), dtype=float64)
nll_grad  cost time: 2.745041608810425
tf.Tensor(-11042.922571397728, shape=(), dtype=float64)
nll_grad  cost time: 2.7603609561920166
tf.Tensor(-11043.986672848383, shape=(), dtype=float64)
nll_grad  cost time: 2.6171436309814453
tf.Tensor(-11045.376625575642, shape=(), dtype=float64)
nll_grad  cost time: 2.638526201248169
tf.Tensor(-11046.360967264918, shape=(), dtype=float64)
nll_grad  cost time: 2.657193183898926
tf.Tensor(-11047.603054641106, shape=(), dtype=float64)
nll_grad  cost time: 2.6385529041290283
tf.Tensor(-11049.214246116375, shape=(), dtype=float64)
nll_grad  cost time: 2.6290674209594727
tf.Tensor(-11050.22975608529, shape=(), dtype=float64)
nll_grad  cost time: 2.6549875736236572
tf.Tensor(-11051.644928316084, shape=(), dtype=float64)
nll_grad  cost time: 2.7644903659820557
tf.Tensor(-11053.187733474027, shape=(), dtype=float64)
nll_grad  cost time: 2.659271478652954
tf.Tensor(-11055.098966529386, shape=(), dtype=float64)
nll_grad  cost time: 2.822049617767334
nll_grad  cost time: 2.5960693359375
tf.Tensor(-11056.22709068509, shape=(), dtype=float64)
nll_grad  cost time: 2.7636830806732178
tf.Tensor(-11057.456719355294, shape=(), dtype=float64)
nll_grad  cost time: 2.7958695888519287
tf.Tensor(-11058.761436063945, shape=(), dtype=float64)
nll_grad  cost time: 2.756375312805176
tf.Tensor(-11059.974474750179, shape=(), dtype=float64)
nll_grad  cost time: 2.5611956119537354
tf.Tensor(-11060.92678536355, shape=(), dtype=float64)
nll_grad  cost time: 2.577659845352173
tf.Tensor(-11062.136320584847, shape=(), dtype=float64)
nll_grad  cost time: 2.6627352237701416
tf.Tensor(-11063.324821532977, shape=(), dtype=float64)
nll_grad  cost time: 2.663372278213501
tf.Tensor(-11064.967361040599, shape=(), dtype=float64)
nll_grad  cost time: 3.127089262008667
tf.Tensor(-11066.634902477705, shape=(), dtype=float64)
nll_grad  cost time: 2.7199621200561523
tf.Tensor(-11067.110197288443, shape=(), dtype=float64)
nll_grad  cost time: 2.615968942642212
tf.Tensor(-11067.912537876327, shape=(), dtype=float64)
nll_grad  cost time: 2.6285088062286377
tf.Tensor(-11068.921515816099, shape=(), dtype=float64)
nll_grad  cost time: 2.625978469848633
tf.Tensor(-11069.895391658483, shape=(), dtype=float64)
nll_grad  cost time: 2.6355175971984863
tf.Tensor(-11070.300476482887, shape=(), dtype=float64)
nll_grad  cost time: 2.777021646499634
tf.Tensor(-11070.969265749143, shape=(), dtype=float64)
nll_grad  cost time: 2.718759536743164
tf.Tensor(-11071.936496236896, shape=(), dtype=float64)
nll_grad  cost time: 2.64032244682312
tf.Tensor(-11073.004238401587, shape=(), dtype=float64)
nll_grad  cost time: 2.6933109760284424
tf.Tensor(-11073.938436457847, shape=(), dtype=float64)
nll_grad  cost time: 2.6677215099334717
tf.Tensor(-11074.720215466612, shape=(), dtype=float64)
nll_grad  cost time: 2.8826065063476562
tf.Tensor(-11075.504078938502, shape=(), dtype=float64)
nll_grad  cost time: 2.5775034427642822
tf.Tensor(-11076.252570970966, shape=(), dtype=float64)
nll_grad  cost time: 2.702376127243042
tf.Tensor(-11076.778444902964, shape=(), dtype=float64)
nll_grad  cost time: 2.6582531929016113
tf.Tensor(-11077.496905897166, shape=(), dtype=float64)
nll_grad  cost time: 2.6013851165771484
tf.Tensor(-11077.942728415572, shape=(), dtype=float64)
nll_grad  cost time: 2.5999231338500977
tf.Tensor(-11078.443544922924, shape=(), dtype=float64)
nll_grad  cost time: 2.6040852069854736
tf.Tensor(-11078.757823624976, shape=(), dtype=float64)
nll_grad  cost time: 2.522923469543457
tf.Tensor(-11079.179273712049, shape=(), dtype=float64)
nll_grad  cost time: 2.572216510772705
tf.Tensor(-11079.601089973265, shape=(), dtype=float64)
nll_grad  cost time: 2.6603686809539795
tf.Tensor(-11079.992900010275, shape=(), dtype=float64)
nll_grad  cost time: 2.6548638343811035
tf.Tensor(-11080.436964690714, shape=(), dtype=float64)
nll_grad  cost time: 2.747471332550049
tf.Tensor(-11080.953176233586, shape=(), dtype=float64)
nll_grad  cost time: 2.6162211894989014
tf.Tensor(-11081.532674184356, shape=(), dtype=float64)
nll_grad  cost time: 2.7448971271514893
tf.Tensor(-11082.064783613305, shape=(), dtype=float64)
nll_grad  cost time: 2.8680570125579834
tf.Tensor(-11082.513694151023, shape=(), dtype=float64)
nll_grad  cost time: 2.71256947517395
tf.Tensor(-11082.795144593572, shape=(), dtype=float64)
nll_grad  cost time: 2.7271463871002197
tf.Tensor(-11083.180199790679, shape=(), dtype=float64)
nll_grad  cost time: 2.701141119003296
tf.Tensor(-11083.661367530207, shape=(), dtype=float64)
nll_grad  cost time: 2.7158682346343994
tf.Tensor(-11083.97759639219, shape=(), dtype=float64)
nll_grad  cost time: 2.5467963218688965
tf.Tensor(-11084.41614995007, shape=(), dtype=float64)
nll_grad  cost time: 2.638826608657837
tf.Tensor(-11084.820661181779, shape=(), dtype=float64)
nll_grad  cost time: 2.6580748558044434
tf.Tensor(-11085.174613066307, shape=(), dtype=float64)
nll_grad  cost time: 2.7945168018341064
tf.Tensor(-11085.547730956114, shape=(), dtype=float64)
nll_grad  cost time: 2.739035129547119
tf.Tensor(-11085.872685130642, shape=(), dtype=float64)
nll_grad  cost time: 2.633148670196533
tf.Tensor(-11086.259151597655, shape=(), dtype=float64)
nll_grad  cost time: 2.8209633827209473
tf.Tensor(-11086.415253451676, shape=(), dtype=float64)
nll_grad  cost time: 2.653054714202881
tf.Tensor(-11086.67361468793, shape=(), dtype=float64)
nll_grad  cost time: 2.5566511154174805
tf.Tensor(-11087.053145401233, shape=(), dtype=float64)
nll_grad  cost time: 2.6226272583007812
tf.Tensor(-11087.513298546648, shape=(), dtype=float64)
nll_grad  cost time: 2.6766207218170166
tf.Tensor(-11088.012724261038, shape=(), dtype=float64)
nll_grad  cost time: 2.751561403274536
tf.Tensor(-11088.543609603696, shape=(), dtype=float64)
nll_grad  cost time: 2.675762414932251
tf.Tensor(-11089.047595305714, shape=(), dtype=float64)
nll_grad  cost time: 2.618150234222412
tf.Tensor(-11089.423068677585, shape=(), dtype=float64)
nll_grad  cost time: 2.7065882682800293
tf.Tensor(-11089.854484106487, shape=(), dtype=float64)
nll_grad  cost time: 2.6819536685943604
tf.Tensor(-11090.345855601789, shape=(), dtype=float64)
nll_grad  cost time: 2.6530044078826904
tf.Tensor(-11090.791597476682, shape=(), dtype=float64)
nll_grad  cost time: 2.7032811641693115
tf.Tensor(-11091.452556681974, shape=(), dtype=float64)
nll_grad  cost time: 2.6490771770477295
tf.Tensor(-11092.309454694681, shape=(), dtype=float64)
nll_grad  cost time: 2.6073596477508545
tf.Tensor(-11093.06279337408, shape=(), dtype=float64)
nll_grad  cost time: 2.649968147277832
tf.Tensor(-11093.738527500707, shape=(), dtype=float64)
nll_grad  cost time: 2.6854915618896484
tf.Tensor(-11094.439742999148, shape=(), dtype=float64)
nll_grad  cost time: 2.644031286239624
tf.Tensor(-11094.884026279919, shape=(), dtype=float64)
nll_grad  cost time: 2.622112274169922
tf.Tensor(-11095.54436277845, shape=(), dtype=float64)
nll_grad  cost time: 2.6269431114196777
tf.Tensor(-11096.424683725696, shape=(), dtype=float64)
nll_grad  cost time: 2.6514618396759033
nll_grad  cost time: 2.7642784118652344
tf.Tensor(-11096.990475008224, shape=(), dtype=float64)
nll_grad  cost time: 2.5295820236206055
tf.Tensor(-11097.847141864537, shape=(), dtype=float64)
nll_grad  cost time: 2.7632555961608887
tf.Tensor(-11098.705101721807, shape=(), dtype=float64)
nll_grad  cost time: 2.633392572402954
tf.Tensor(-11099.452739801614, shape=(), dtype=float64)
nll_grad  cost time: 2.5932796001434326
tf.Tensor(-11100.351458947005, shape=(), dtype=float64)
nll_grad  cost time: 2.603316068649292
tf.Tensor(-11101.528125706714, shape=(), dtype=float64)
nll_grad  cost time: 2.6693296432495117
tf.Tensor(-11102.551365709194, shape=(), dtype=float64)
nll_grad  cost time: 2.6057016849517822
tf.Tensor(-11103.680122067692, shape=(), dtype=float64)
nll_grad  cost time: 2.580474853515625
tf.Tensor(-11105.219316180872, shape=(), dtype=float64)
nll_grad  cost time: 2.6426448822021484
tf.Tensor(-11107.081309352576, shape=(), dtype=float64)
nll_grad  cost time: 2.6713995933532715
tf.Tensor(-11108.091628159636, shape=(), dtype=float64)
nll_grad  cost time: 2.693387269973755
tf.Tensor(-11109.663272684902, shape=(), dtype=float64)
nll_grad  cost time: 2.614574432373047
tf.Tensor(-11111.929714293918, shape=(), dtype=float64)
nll_grad  cost time: 2.650102138519287
tf.Tensor(-11114.806538821038, shape=(), dtype=float64)
nll_grad  cost time: 2.7364754676818848
nll_grad  cost time: 2.6061196327209473
tf.Tensor(-11116.726964327743, shape=(), dtype=float64)
nll_grad  cost time: 2.574094772338867
tf.Tensor(-11118.979264743688, shape=(), dtype=float64)
nll_grad  cost time: 2.5450985431671143
tf.Tensor(-11120.770811570517, shape=(), dtype=float64)
nll_grad  cost time: 2.5709948539733887
tf.Tensor(-11122.833569843504, shape=(), dtype=float64)
nll_grad  cost time: 2.768610954284668
tf.Tensor(-11124.758748250455, shape=(), dtype=float64)
nll_grad  cost time: 2.574735164642334
tf.Tensor(-11126.881365821688, shape=(), dtype=float64)
nll_grad  cost time: 2.5969388484954834
tf.Tensor(-11129.211683224064, shape=(), dtype=float64)
nll_grad  cost time: 2.66001033782959
tf.Tensor(-11130.933784790734, shape=(), dtype=float64)
nll_grad  cost time: 2.649979591369629
tf.Tensor(-11132.729915771315, shape=(), dtype=float64)
nll_grad  cost time: 2.608966827392578
tf.Tensor(-11134.216932629162, shape=(), dtype=float64)
nll_grad  cost time: 2.873509645462036
tf.Tensor(-11135.645613014507, shape=(), dtype=float64)
nll_grad  cost time: 2.510984420776367
tf.Tensor(-11136.878209622224, shape=(), dtype=float64)
nll_grad  cost time: 2.5595948696136475
tf.Tensor(-11137.880398457566, shape=(), dtype=float64)
nll_grad  cost time: 2.5660085678100586
tf.Tensor(-11138.97859882782, shape=(), dtype=float64)
nll_grad  cost time: 2.6145482063293457
tf.Tensor(-11139.765549093814, shape=(), dtype=float64)
nll_grad  cost time: 2.5782675743103027
tf.Tensor(-11140.525987675599, shape=(), dtype=float64)
nll_grad  cost time: 2.5783021450042725
tf.Tensor(-11141.326346454958, shape=(), dtype=float64)
nll_grad  cost time: 2.5752172470092773
tf.Tensor(-11141.644754515215, shape=(), dtype=float64)
nll_grad  cost time: 2.556596517562866
tf.Tensor(-11142.188014500769, shape=(), dtype=float64)
nll_grad  cost time: 2.6743838787078857
tf.Tensor(-11143.092276984818, shape=(), dtype=float64)
nll_grad  cost time: 2.7231249809265137
tf.Tensor(-11144.335280735328, shape=(), dtype=float64)
nll_grad  cost time: 2.643568992614746
tf.Tensor(-11145.023247064171, shape=(), dtype=float64)
nll_grad  cost time: 2.7002928256988525
tf.Tensor(-11145.888333247764, shape=(), dtype=float64)
nll_grad  cost time: 2.7010371685028076
tf.Tensor(-11146.690119586943, shape=(), dtype=float64)
nll_grad  cost time: 2.679793357849121
tf.Tensor(-11147.594569281302, shape=(), dtype=float64)
nll_grad  cost time: 2.7265350818634033
tf.Tensor(-11148.125080635971, shape=(), dtype=float64)
nll_grad  cost time: 2.552298069000244
tf.Tensor(-11148.776476389925, shape=(), dtype=float64)
nll_grad  cost time: 2.525031328201294
tf.Tensor(-11149.40332789399, shape=(), dtype=float64)
nll_grad  cost time: 2.6508212089538574
tf.Tensor(-11150.094756368204, shape=(), dtype=float64)
nll_grad  cost time: 2.5648109912872314
tf.Tensor(-11150.949783858776, shape=(), dtype=float64)
nll_grad  cost time: 2.7286319732666016
tf.Tensor(-11151.703478641033, shape=(), dtype=float64)
nll_grad  cost time: 2.6678903102874756
tf.Tensor(-11152.541596974226, shape=(), dtype=float64)
nll_grad  cost time: 2.68288516998291
tf.Tensor(-11153.392628340403, shape=(), dtype=float64)
nll_grad  cost time: 2.741957664489746
tf.Tensor(-11154.298636891654, shape=(), dtype=float64)
nll_grad  cost time: 2.6650919914245605
tf.Tensor(-11154.961715282305, shape=(), dtype=float64)
nll_grad  cost time: 2.597109794616699
tf.Tensor(-11155.657275428852, shape=(), dtype=float64)
nll_grad  cost time: 2.4994657039642334
tf.Tensor(-11156.301488841675, shape=(), dtype=float64)
nll_grad  cost time: 2.580406427383423
tf.Tensor(-11156.963637826982, shape=(), dtype=float64)
nll_grad  cost time: 2.583836317062378
tf.Tensor(-11157.65634259996, shape=(), dtype=float64)
nll_grad  cost time: 2.6034913063049316
tf.Tensor(-11158.471549783313, shape=(), dtype=float64)
nll_grad  cost time: 2.7421953678131104
tf.Tensor(-11158.894879746946, shape=(), dtype=float64)
nll_grad  cost time: 2.8526084423065186
tf.Tensor(-11159.506743302598, shape=(), dtype=float64)
nll_grad  cost time: 2.873965263366699
tf.Tensor(-11160.05283087508, shape=(), dtype=float64)
nll_grad  cost time: 2.858502149581909
tf.Tensor(-11160.495149183162, shape=(), dtype=float64)
nll_grad  cost time: 2.8185007572174072
tf.Tensor(-11161.100014076375, shape=(), dtype=float64)
nll_grad  cost time: 2.6750032901763916
tf.Tensor(-11161.96083235671, shape=(), dtype=float64)
nll_grad  cost time: 2.5191447734832764
tf.Tensor(-11162.660538331216, shape=(), dtype=float64)
nll_grad  cost time: 2.5673484802246094
tf.Tensor(-11163.451828700785, shape=(), dtype=float64)
nll_grad  cost time: 2.5389323234558105
tf.Tensor(-11164.192751584702, shape=(), dtype=float64)
nll_grad  cost time: 2.5590720176696777
tf.Tensor(-11165.031311800447, shape=(), dtype=float64)
nll_grad  cost time: 2.63456392288208
tf.Tensor(-11165.858249155539, shape=(), dtype=float64)
nll_grad  cost time: 2.7748990058898926
tf.Tensor(-11166.546946561415, shape=(), dtype=float64)
nll_grad  cost time: 2.8287830352783203
tf.Tensor(-11167.156017978632, shape=(), dtype=float64)
nll_grad  cost time: 2.777113199234009
tf.Tensor(-11167.582445208709, shape=(), dtype=float64)
nll_grad  cost time: 2.631852865219116
tf.Tensor(-11167.987762604838, shape=(), dtype=float64)
nll_grad  cost time: 2.866053342819214
tf.Tensor(-11168.421852954496, shape=(), dtype=float64)
nll_grad  cost time: 2.699901819229126
tf.Tensor(-11168.918714526579, shape=(), dtype=float64)
nll_grad  cost time: 2.7356202602386475
tf.Tensor(-11169.461779742742, shape=(), dtype=float64)
nll_grad  cost time: 2.723548412322998
tf.Tensor(-11169.91459269242, shape=(), dtype=float64)
nll_grad  cost time: 2.839648723602295
tf.Tensor(-11170.433567773973, shape=(), dtype=float64)
nll_grad  cost time: 2.8423094749450684
tf.Tensor(-11170.950411958296, shape=(), dtype=float64)
nll_grad  cost time: 2.775193691253662
tf.Tensor(-11171.385092232067, shape=(), dtype=float64)
nll_grad  cost time: 2.780073881149292
tf.Tensor(-11171.959553326804, shape=(), dtype=float64)
nll_grad  cost time: 2.794400691986084
tf.Tensor(-11172.6143995439, shape=(), dtype=float64)
nll_grad  cost time: 2.819601058959961
tf.Tensor(-11173.375437876886, shape=(), dtype=float64)
nll_grad  cost time: 2.7001142501831055
tf.Tensor(-11173.953515971552, shape=(), dtype=float64)
nll_grad  cost time: 2.7465975284576416
tf.Tensor(-11174.560894781393, shape=(), dtype=float64)
nll_grad  cost time: 2.7238571643829346
tf.Tensor(-11174.790474469462, shape=(), dtype=float64)
nll_grad  cost time: 2.6365091800689697
tf.Tensor(-11175.159172623502, shape=(), dtype=float64)
nll_grad  cost time: 2.647660970687866
tf.Tensor(-11175.702631618165, shape=(), dtype=float64)
nll_grad  cost time: 2.733103036880493
tf.Tensor(-11176.304582720142, shape=(), dtype=float64)
nll_grad  cost time: 2.7748055458068848
tf.Tensor(-11176.999731883101, shape=(), dtype=float64)
nll_grad  cost time: 2.8600945472717285
tf.Tensor(-11178.033969418782, shape=(), dtype=float64)
nll_grad  cost time: 2.6468794345855713
tf.Tensor(-11179.365211438087, shape=(), dtype=float64)
nll_grad  cost time: 2.71683931350708
nll_grad  cost time: 2.759936571121216
tf.Tensor(-11180.186587718565, shape=(), dtype=float64)
nll_grad  cost time: 2.7139878273010254
tf.Tensor(-11181.25162457327, shape=(), dtype=float64)
nll_grad  cost time: 2.706089496612549
tf.Tensor(-11182.38518608778, shape=(), dtype=float64)
nll_grad  cost time: 2.8126676082611084
tf.Tensor(-11183.220788090037, shape=(), dtype=float64)
nll_grad  cost time: 2.6705472469329834
tf.Tensor(-11184.182340155907, shape=(), dtype=float64)
nll_grad  cost time: 2.674828052520752
tf.Tensor(-11185.072012675266, shape=(), dtype=float64)
nll_grad  cost time: 2.6832337379455566
tf.Tensor(-11185.74713122536, shape=(), dtype=float64)
nll_grad  cost time: 2.6207265853881836
tf.Tensor(-11186.60575724789, shape=(), dtype=float64)
nll_grad  cost time: 2.6195809841156006
tf.Tensor(-11187.365046106046, shape=(), dtype=float64)
nll_grad  cost time: 2.6295390129089355
tf.Tensor(-11187.947757689577, shape=(), dtype=float64)
nll_grad  cost time: 2.803858995437622
tf.Tensor(-11188.633862527397, shape=(), dtype=float64)
nll_grad  cost time: 2.6367745399475098
tf.Tensor(-11189.407981688979, shape=(), dtype=float64)
nll_grad  cost time: 2.6808035373687744
tf.Tensor(-11190.193547584504, shape=(), dtype=float64)
nll_grad  cost time: 2.728043794631958
tf.Tensor(-11190.683446381401, shape=(), dtype=float64)
nll_grad  cost time: 2.636939764022827
tf.Tensor(-11191.368920506313, shape=(), dtype=float64)
nll_grad  cost time: 3.159830093383789
tf.Tensor(-11191.945019119426, shape=(), dtype=float64)
nll_grad  cost time: 2.7567291259765625
tf.Tensor(-11192.263544838886, shape=(), dtype=float64)
nll_grad  cost time: 2.7569096088409424
tf.Tensor(-11192.67417560251, shape=(), dtype=float64)
nll_grad  cost time: 2.774871826171875
tf.Tensor(-11193.204463337603, shape=(), dtype=float64)
nll_grad  cost time: 2.7462728023529053
tf.Tensor(-11193.666955284225, shape=(), dtype=float64)
nll_grad  cost time: 2.678480863571167
tf.Tensor(-11194.039992629489, shape=(), dtype=float64)
nll_grad  cost time: 2.7707982063293457
tf.Tensor(-11194.415098625333, shape=(), dtype=float64)
nll_grad  cost time: 2.744656801223755
tf.Tensor(-11194.775944847965, shape=(), dtype=float64)
nll_grad  cost time: 2.7260477542877197
tf.Tensor(-11195.173247288138, shape=(), dtype=float64)
nll_grad  cost time: 2.679089069366455
tf.Tensor(-11195.547186319049, shape=(), dtype=float64)
nll_grad  cost time: 2.6544220447540283
tf.Tensor(-11196.009335178707, shape=(), dtype=float64)
nll_grad  cost time: 2.655471086502075
tf.Tensor(-11196.475182751316, shape=(), dtype=float64)
nll_grad  cost time: 2.647733688354492
tf.Tensor(-11196.858961361037, shape=(), dtype=float64)
nll_grad  cost time: 2.640235424041748
tf.Tensor(-11197.295082600634, shape=(), dtype=float64)
nll_grad  cost time: 2.6700453758239746
tf.Tensor(-11197.920573221245, shape=(), dtype=float64)
nll_grad  cost time: 2.6766762733459473
tf.Tensor(-11198.637064287326, shape=(), dtype=float64)
nll_grad  cost time: 2.732170343399048
tf.Tensor(-11198.990790301405, shape=(), dtype=float64)
nll_grad  cost time: 2.738496780395508
tf.Tensor(-11199.45979672375, shape=(), dtype=float64)
nll_grad  cost time: 2.5548129081726074
tf.Tensor(-11199.882682315583, shape=(), dtype=float64)
nll_grad  cost time: 2.609657049179077
tf.Tensor(-11200.20921166685, shape=(), dtype=float64)
nll_grad  cost time: 2.6604602336883545
tf.Tensor(-11200.697931582432, shape=(), dtype=float64)
nll_grad  cost time: 2.662616491317749
tf.Tensor(-11201.172271196621, shape=(), dtype=float64)
nll_grad  cost time: 2.7289187908172607
tf.Tensor(-11201.464224626032, shape=(), dtype=float64)
nll_grad  cost time: 2.643721342086792
tf.Tensor(-11201.81771691037, shape=(), dtype=float64)
nll_grad  cost time: 2.662748336791992
tf.Tensor(-11202.073684933317, shape=(), dtype=float64)
nll_grad  cost time: 2.7369887828826904
tf.Tensor(-11202.275576125852, shape=(), dtype=float64)
nll_grad  cost time: 2.584949016571045
tf.Tensor(-11202.47812502052, shape=(), dtype=float64)
nll_grad  cost time: 2.599811315536499
tf.Tensor(-11202.643868680467, shape=(), dtype=float64)
nll_grad  cost time: 2.738004207611084
tf.Tensor(-11202.789402212264, shape=(), dtype=float64)
nll_grad  cost time: 2.8581016063690186
tf.Tensor(-11202.944731595786, shape=(), dtype=float64)
nll_grad  cost time: 2.6658248901367188
tf.Tensor(-11203.069167802654, shape=(), dtype=float64)
nll_grad  cost time: 2.866901397705078
tf.Tensor(-11203.172213787651, shape=(), dtype=float64)
nll_grad  cost time: 2.6593005657196045
tf.Tensor(-11203.274016107382, shape=(), dtype=float64)
nll_grad  cost time: 2.6559081077575684
tf.Tensor(-11203.383561364097, shape=(), dtype=float64)
nll_grad  cost time: 2.703915596008301
tf.Tensor(-11203.528621025323, shape=(), dtype=float64)
nll_grad  cost time: 2.6931116580963135
tf.Tensor(-11203.692560681884, shape=(), dtype=float64)
nll_grad  cost time: 2.729290008544922
tf.Tensor(-11203.85515124225, shape=(), dtype=float64)
nll_grad  cost time: 2.7275705337524414
tf.Tensor(-11204.027301908513, shape=(), dtype=float64)
nll_grad  cost time: 2.711164712905884
tf.Tensor(-11204.205496184939, shape=(), dtype=float64)
nll_grad  cost time: 2.759577989578247
tf.Tensor(-11204.368891425665, shape=(), dtype=float64)
nll_grad  cost time: 2.704347610473633
tf.Tensor(-11204.493650904838, shape=(), dtype=float64)
nll_grad  cost time: 2.593442440032959
tf.Tensor(-11204.597376484893, shape=(), dtype=float64)
nll_grad  cost time: 2.6367807388305664
tf.Tensor(-11204.721298377903, shape=(), dtype=float64)
nll_grad  cost time: 2.7402918338775635
tf.Tensor(-11204.84143681323, shape=(), dtype=float64)
nll_grad  cost time: 2.7170803546905518
tf.Tensor(-11204.960996891567, shape=(), dtype=float64)
nll_grad  cost time: 2.660050868988037
tf.Tensor(-11205.068116520808, shape=(), dtype=float64)
nll_grad  cost time: 2.6960668563842773
tf.Tensor(-11205.188792038178, shape=(), dtype=float64)
nll_grad  cost time: 2.6745176315307617
tf.Tensor(-11205.295683635599, shape=(), dtype=float64)
nll_grad  cost time: 2.646709680557251
tf.Tensor(-11205.383777925246, shape=(), dtype=float64)
nll_grad  cost time: 2.620347023010254
tf.Tensor(-11205.485071715955, shape=(), dtype=float64)
nll_grad  cost time: 2.5992846488952637
tf.Tensor(-11205.586633225148, shape=(), dtype=float64)
nll_grad  cost time: 2.6857426166534424
tf.Tensor(-11205.700600238246, shape=(), dtype=float64)
nll_grad  cost time: 2.5871775150299072
tf.Tensor(-11205.804708601769, shape=(), dtype=float64)
nll_grad  cost time: 2.6012279987335205
tf.Tensor(-11205.919228715771, shape=(), dtype=float64)
nll_grad  cost time: 2.5774168968200684
tf.Tensor(-11206.011310975904, shape=(), dtype=float64)
nll_grad  cost time: 2.663914203643799
tf.Tensor(-11206.090312170492, shape=(), dtype=float64)
nll_grad  cost time: 2.7477800846099854
tf.Tensor(-11206.17893424247, shape=(), dtype=float64)
nll_grad  cost time: 2.737014055252075
tf.Tensor(-11206.272668472295, shape=(), dtype=float64)
nll_grad  cost time: 2.68485164642334
tf.Tensor(-11206.347787353421, shape=(), dtype=float64)
nll_grad  cost time: 2.5734896659851074
tf.Tensor(-11206.442526991432, shape=(), dtype=float64)
nll_grad  cost time: 2.5959248542785645
tf.Tensor(-11206.543894465174, shape=(), dtype=float64)
nll_grad  cost time: 2.6132149696350098
tf.Tensor(-11206.6588025214, shape=(), dtype=float64)
nll_grad  cost time: 2.7009494304656982
tf.Tensor(-11206.783465461625, shape=(), dtype=float64)
nll_grad  cost time: 2.5388896465301514
tf.Tensor(-11206.918209465313, shape=(), dtype=float64)
nll_grad  cost time: 2.535522699356079
tf.Tensor(-11207.022186150738, shape=(), dtype=float64)
nll_grad  cost time: 2.614903688430786
tf.Tensor(-11207.102428960205, shape=(), dtype=float64)
nll_grad  cost time: 2.580045700073242
tf.Tensor(-11207.177536980937, shape=(), dtype=float64)
nll_grad  cost time: 2.576896905899048
tf.Tensor(-11207.240415655084, shape=(), dtype=float64)
nll_grad  cost time: 2.643278121948242
tf.Tensor(-11207.310636278144, shape=(), dtype=float64)
nll_grad  cost time: 2.6607189178466797
tf.Tensor(-11207.373677483312, shape=(), dtype=float64)
nll_grad  cost time: 2.5676820278167725
tf.Tensor(-11207.40804221504, shape=(), dtype=float64)
nll_grad  cost time: 2.6101722717285156
tf.Tensor(-11207.45238403194, shape=(), dtype=float64)
nll_grad  cost time: 2.545790910720825
tf.Tensor(-11207.516861875136, shape=(), dtype=float64)
nll_grad  cost time: 2.869032859802246
tf.Tensor(-11207.593473828692, shape=(), dtype=float64)
nll_grad  cost time: 2.694824457168579
tf.Tensor(-11207.679190561032, shape=(), dtype=float64)
nll_grad  cost time: 2.664982557296753
tf.Tensor(-11207.782266092856, shape=(), dtype=float64)
nll_grad  cost time: 2.9762985706329346
tf.Tensor(-11207.88939737852, shape=(), dtype=float64)
nll_grad  cost time: 2.6898224353790283
tf.Tensor(-11207.98135644208, shape=(), dtype=float64)
nll_grad  cost time: 2.7055747509002686
tf.Tensor(-11208.085482728311, shape=(), dtype=float64)
nll_grad  cost time: 2.6949751377105713
tf.Tensor(-11208.207002087023, shape=(), dtype=float64)
nll_grad  cost time: 2.704352378845215
tf.Tensor(-11208.338583886143, shape=(), dtype=float64)
nll_grad  cost time: 2.79913592338562
tf.Tensor(-11208.437729753587, shape=(), dtype=float64)
nll_grad  cost time: 2.7886362075805664
nll_grad  cost time: 2.556795835494995
tf.Tensor(-11208.486614466621, shape=(), dtype=float64)
nll_grad  cost time: 2.751488447189331
tf.Tensor(-11208.519220683338, shape=(), dtype=float64)
nll_grad  cost time: 2.6455183029174805
tf.Tensor(-11208.566579151773, shape=(), dtype=float64)
nll_grad  cost time: 2.6152665615081787
tf.Tensor(-11208.614370557765, shape=(), dtype=float64)
nll_grad  cost time: 2.642338514328003
tf.Tensor(-11208.647329147401, shape=(), dtype=float64)
nll_grad  cost time: 2.597839832305908
tf.Tensor(-11208.691756881904, shape=(), dtype=float64)
nll_grad  cost time: 2.6872262954711914
tf.Tensor(-11208.727363980686, shape=(), dtype=float64)
nll_grad  cost time: 2.8013439178466797
tf.Tensor(-11208.757359956719, shape=(), dtype=float64)
nll_grad  cost time: 2.7627346515655518
tf.Tensor(-11208.797825534515, shape=(), dtype=float64)
nll_grad  cost time: 2.745800495147705
tf.Tensor(-11208.853350355092, shape=(), dtype=float64)
nll_grad  cost time: 2.7019448280334473
tf.Tensor(-11208.912494030934, shape=(), dtype=float64)
nll_grad  cost time: 2.659710645675659
tf.Tensor(-11208.960425477031, shape=(), dtype=float64)
nll_grad  cost time: 2.7125084400177
tf.Tensor(-11209.02310582006, shape=(), dtype=float64)
nll_grad  cost time: 2.71199631690979
tf.Tensor(-11209.086241260573, shape=(), dtype=float64)
nll_grad  cost time: 2.7006282806396484
tf.Tensor(-11209.126001858633, shape=(), dtype=float64)
nll_grad  cost time: 2.811817169189453
tf.Tensor(-11209.160719460406, shape=(), dtype=float64)
nll_grad  cost time: 2.7262794971466064
tf.Tensor(-11209.20844611661, shape=(), dtype=float64)
nll_grad  cost time: 2.680133104324341
tf.Tensor(-11209.276258161535, shape=(), dtype=float64)
nll_grad  cost time: 2.54793643951416
tf.Tensor(-11209.346977949568, shape=(), dtype=float64)
nll_grad  cost time: 2.5549685955047607
tf.Tensor(-11209.414842675054, shape=(), dtype=float64)
nll_grad  cost time: 2.621445894241333
tf.Tensor(-11209.485655586854, shape=(), dtype=float64)
nll_grad  cost time: 2.5633816719055176
tf.Tensor(-11209.552733408547, shape=(), dtype=float64)
nll_grad  cost time: 2.6320955753326416
tf.Tensor(-11209.618966505335, shape=(), dtype=float64)
nll_grad  cost time: 2.594855308532715
tf.Tensor(-11209.691835698039, shape=(), dtype=float64)
nll_grad  cost time: 2.8462016582489014
tf.Tensor(-11209.759020340636, shape=(), dtype=float64)
nll_grad  cost time: 2.711455821990967
tf.Tensor(-11209.844135370227, shape=(), dtype=float64)
nll_grad  cost time: 2.691760301589966
tf.Tensor(-11209.934480405665, shape=(), dtype=float64)
nll_grad  cost time: 2.6443231105804443
tf.Tensor(-11209.999669348828, shape=(), dtype=float64)
nll_grad  cost time: 2.6589572429656982
tf.Tensor(-11210.058644532248, shape=(), dtype=float64)
nll_grad  cost time: 2.647388458251953
tf.Tensor(-11210.120064596258, shape=(), dtype=float64)
nll_grad  cost time: 2.646751642227173
tf.Tensor(-11210.19442910358, shape=(), dtype=float64)
nll_grad  cost time: 2.6612284183502197
tf.Tensor(-11210.277591214519, shape=(), dtype=float64)
nll_grad  cost time: 2.7090604305267334
tf.Tensor(-11210.338340115588, shape=(), dtype=float64)
nll_grad  cost time: 2.5950698852539062
tf.Tensor(-11210.40563971201, shape=(), dtype=float64)
nll_grad  cost time: 2.572719097137451
tf.Tensor(-11210.487887777363, shape=(), dtype=float64)
nll_grad  cost time: 2.810591697692871
tf.Tensor(-11210.559933914328, shape=(), dtype=float64)
nll_grad  cost time: 2.671583414077759
tf.Tensor(-11210.624098887287, shape=(), dtype=float64)
nll_grad  cost time: 2.8035647869110107
tf.Tensor(-11210.688580745205, shape=(), dtype=float64)
nll_grad  cost time: 2.6365129947662354
tf.Tensor(-11210.733264511042, shape=(), dtype=float64)
nll_grad  cost time: 2.6328656673431396
tf.Tensor(-11210.784774608848, shape=(), dtype=float64)
nll_grad  cost time: 2.7246551513671875
tf.Tensor(-11210.849239445559, shape=(), dtype=float64)
nll_grad  cost time: 2.6839189529418945
tf.Tensor(-11210.920821419519, shape=(), dtype=float64)
nll_grad  cost time: 2.5831797122955322
tf.Tensor(-11210.96893669507, shape=(), dtype=float64)
nll_grad  cost time: 2.7690227031707764
tf.Tensor(-11211.029210232722, shape=(), dtype=float64)
nll_grad  cost time: 2.6964221000671387
tf.Tensor(-11211.074263745406, shape=(), dtype=float64)
nll_grad  cost time: 2.6744863986968994
tf.Tensor(-11211.122437689995, shape=(), dtype=float64)
nll_grad  cost time: 2.7101848125457764
tf.Tensor(-11211.178290267997, shape=(), dtype=float64)
nll_grad  cost time: 2.609680414199829
tf.Tensor(-11211.231494016536, shape=(), dtype=float64)
nll_grad  cost time: 2.803622245788574
tf.Tensor(-11211.26230426435, shape=(), dtype=float64)
nll_grad  cost time: 2.799086332321167
tf.Tensor(-11211.307998659726, shape=(), dtype=float64)
nll_grad  cost time: 2.661933183670044
tf.Tensor(-11211.37176472781, shape=(), dtype=float64)
nll_grad  cost time: 2.6273961067199707
tf.Tensor(-11211.448472794911, shape=(), dtype=float64)
nll_grad  cost time: 2.5635664463043213
tf.Tensor(-11211.544205663631, shape=(), dtype=float64)
nll_grad  cost time: 2.6481876373291016
tf.Tensor(-11211.662079844991, shape=(), dtype=float64)
nll_grad  cost time: 2.6256721019744873
tf.Tensor(-11211.766366947135, shape=(), dtype=float64)
nll_grad  cost time: 2.606171131134033
tf.Tensor(-11211.832205883318, shape=(), dtype=float64)
nll_grad  cost time: 2.730670928955078
tf.Tensor(-11211.882248909304, shape=(), dtype=float64)
nll_grad  cost time: 2.753171443939209
tf.Tensor(-11211.95294081524, shape=(), dtype=float64)
nll_grad  cost time: 2.6526522636413574
tf.Tensor(-11212.04413299088, shape=(), dtype=float64)
nll_grad  cost time: 2.7189128398895264
tf.Tensor(-11212.150979402686, shape=(), dtype=float64)
nll_grad  cost time: 2.7629055976867676
tf.Tensor(-11212.260020851376, shape=(), dtype=float64)
nll_grad  cost time: 2.621140480041504
tf.Tensor(-11212.39364644261, shape=(), dtype=float64)
nll_grad  cost time: 2.736436128616333
tf.Tensor(-11212.534595370678, shape=(), dtype=float64)
nll_grad  cost time: 2.8115386962890625
tf.Tensor(-11212.690362035435, shape=(), dtype=float64)
nll_grad  cost time: 2.6854515075683594
tf.Tensor(-11212.738738955, shape=(), dtype=float64)
nll_grad  cost time: 2.6078076362609863
tf.Tensor(-11212.814116602585, shape=(), dtype=float64)
nll_grad  cost time: 2.6328916549682617
tf.Tensor(-11212.902481321053, shape=(), dtype=float64)
nll_grad  cost time: 2.635322332382202
tf.Tensor(-11212.99022083806, shape=(), dtype=float64)
nll_grad  cost time: 2.627066135406494
tf.Tensor(-11213.053901021562, shape=(), dtype=float64)
nll_grad  cost time: 2.594165325164795
tf.Tensor(-11213.149082004744, shape=(), dtype=float64)
nll_grad  cost time: 2.6213643550872803
tf.Tensor(-11213.282300316065, shape=(), dtype=float64)
nll_grad  cost time: 2.6416873931884766
tf.Tensor(-11213.414123040831, shape=(), dtype=float64)
nll_grad  cost time: 2.653057813644409
tf.Tensor(-11213.582951989354, shape=(), dtype=float64)
nll_grad  cost time: 2.5853683948516846
tf.Tensor(-11213.747300718735, shape=(), dtype=float64)
nll_grad  cost time: 2.6102921962738037
tf.Tensor(-11213.899965745386, shape=(), dtype=float64)
nll_grad  cost time: 2.639580249786377
nll_grad  cost time: 2.5266072750091553
tf.Tensor(-11213.975013533855, shape=(), dtype=float64)
nll_grad  cost time: 2.8168537616729736
tf.Tensor(-11214.039240290747, shape=(), dtype=float64)
nll_grad  cost time: 2.6314001083374023
tf.Tensor(-11214.123289895831, shape=(), dtype=float64)
nll_grad  cost time: 2.7709755897521973
tf.Tensor(-11214.214572857272, shape=(), dtype=float64)
nll_grad  cost time: 2.7662971019744873
tf.Tensor(-11214.308733458001, shape=(), dtype=float64)
nll_grad  cost time: 2.6610946655273438
tf.Tensor(-11214.405238212914, shape=(), dtype=float64)
nll_grad  cost time: 2.903674364089966
tf.Tensor(-11214.487781400547, shape=(), dtype=float64)
nll_grad  cost time: 2.761259078979492
tf.Tensor(-11214.520246887734, shape=(), dtype=float64)
nll_grad  cost time: 2.6647558212280273
tf.Tensor(-11214.563248408926, shape=(), dtype=float64)
nll_grad  cost time: 2.7484238147735596
tf.Tensor(-11214.58189408167, shape=(), dtype=float64)
nll_grad  cost time: 2.7228236198425293
tf.Tensor(-11214.605605970151, shape=(), dtype=float64)
nll_grad  cost time: 2.6976842880249023
tf.Tensor(-11214.618192848362, shape=(), dtype=float64)
nll_grad  cost time: 2.751950740814209
tf.Tensor(-11214.635529886245, shape=(), dtype=float64)
nll_grad  cost time: 2.675957202911377
tf.Tensor(-11214.657784841758, shape=(), dtype=float64)
nll_grad  cost time: 2.7069079875946045
tf.Tensor(-11214.683949437009, shape=(), dtype=float64)
nll_grad  cost time: 2.728520393371582
tf.Tensor(-11214.709255190111, shape=(), dtype=float64)
nll_grad  cost time: 2.652458667755127
tf.Tensor(-11214.727346713556, shape=(), dtype=float64)
nll_grad  cost time: 2.6760153770446777
tf.Tensor(-11214.745360950943, shape=(), dtype=float64)
nll_grad  cost time: 2.764528274536133
tf.Tensor(-11214.7633303277, shape=(), dtype=float64)
nll_grad  cost time: 2.7446556091308594
tf.Tensor(-11214.782976410952, shape=(), dtype=float64)
nll_grad  cost time: 2.6560986042022705
tf.Tensor(-11214.806014605096, shape=(), dtype=float64)
nll_grad  cost time: 2.6333658695220947
tf.Tensor(-11214.830001073486, shape=(), dtype=float64)
nll_grad  cost time: 2.66279935836792
tf.Tensor(-11214.84926285177, shape=(), dtype=float64)
nll_grad  cost time: 2.758617401123047
tf.Tensor(-11214.861163848283, shape=(), dtype=float64)
nll_grad  cost time: 2.67685604095459
tf.Tensor(-11214.871088700133, shape=(), dtype=float64)
nll_grad  cost time: 2.7324187755584717
tf.Tensor(-11214.880104628679, shape=(), dtype=float64)
nll_grad  cost time: 2.7062902450561523
tf.Tensor(-11214.887574066794, shape=(), dtype=float64)
nll_grad  cost time: 2.561119794845581
tf.Tensor(-11214.897363725495, shape=(), dtype=float64)
nll_grad  cost time: 2.718311071395874
tf.Tensor(-11214.90567049068, shape=(), dtype=float64)
nll_grad  cost time: 2.611205577850342
tf.Tensor(-11214.914608199444, shape=(), dtype=float64)
nll_grad  cost time: 2.6318070888519287
tf.Tensor(-11214.927314226316, shape=(), dtype=float64)
nll_grad  cost time: 2.566047191619873
tf.Tensor(-11214.939994588032, shape=(), dtype=float64)
nll_grad  cost time: 2.519334316253662
tf.Tensor(-11214.953353097873, shape=(), dtype=float64)
nll_grad  cost time: 2.6279220581054688
tf.Tensor(-11214.9651475169, shape=(), dtype=float64)
nll_grad  cost time: 2.5987260341644287
tf.Tensor(-11214.973447460066, shape=(), dtype=float64)
nll_grad  cost time: 2.5022318363189697
tf.Tensor(-11214.97966439858, shape=(), dtype=float64)
nll_grad  cost time: 2.5652999877929688
tf.Tensor(-11214.985967830646, shape=(), dtype=float64)
nll_grad  cost time: 2.668429136276245
tf.Tensor(-11214.993704472749, shape=(), dtype=float64)
nll_grad  cost time: 2.6741206645965576
tf.Tensor(-11215.003356732253, shape=(), dtype=float64)
nll_grad  cost time: 2.6176841259002686
tf.Tensor(-11215.01337771391, shape=(), dtype=float64)
nll_grad  cost time: 2.647036075592041
tf.Tensor(-11215.023863190698, shape=(), dtype=float64)
nll_grad  cost time: 2.740405797958374
tf.Tensor(-11215.035173285025, shape=(), dtype=float64)
nll_grad  cost time: 2.7671773433685303
tf.Tensor(-11215.046961417916, shape=(), dtype=float64)
nll_grad  cost time: 2.6646227836608887
tf.Tensor(-11215.060977828845, shape=(), dtype=float64)
nll_grad  cost time: 2.681164264678955
tf.Tensor(-11215.074734803045, shape=(), dtype=float64)
nll_grad  cost time: 2.7684056758880615
tf.Tensor(-11215.085290330784, shape=(), dtype=float64)
nll_grad  cost time: 2.7289717197418213
tf.Tensor(-11215.093931154819, shape=(), dtype=float64)
nll_grad  cost time: 2.650369644165039
tf.Tensor(-11215.10386999749, shape=(), dtype=float64)
nll_grad  cost time: 2.8114988803863525
tf.Tensor(-11215.115997737297, shape=(), dtype=float64)
nll_grad  cost time: 2.6734588146209717
tf.Tensor(-11215.128263743887, shape=(), dtype=float64)
nll_grad  cost time: 2.738016128540039
tf.Tensor(-11215.138852817905, shape=(), dtype=float64)
nll_grad  cost time: 2.7526633739471436
tf.Tensor(-11215.147778626382, shape=(), dtype=float64)
nll_grad  cost time: 2.7530226707458496
tf.Tensor(-11215.156918931854, shape=(), dtype=float64)
nll_grad  cost time: 2.7312707901000977
tf.Tensor(-11215.166145615553, shape=(), dtype=float64)
nll_grad  cost time: 2.6427793502807617
tf.Tensor(-11215.174308208114, shape=(), dtype=float64)
nll_grad  cost time: 2.628643751144409
tf.Tensor(-11215.18261698946, shape=(), dtype=float64)
nll_grad  cost time: 2.7274742126464844
tf.Tensor(-11215.192495722291, shape=(), dtype=float64)
nll_grad  cost time: 2.7258708477020264
tf.Tensor(-11215.201968998343, shape=(), dtype=float64)
nll_grad  cost time: 2.7695467472076416
tf.Tensor(-11215.211164977594, shape=(), dtype=float64)
nll_grad  cost time: 3.0001871585845947
tf.Tensor(-11215.220054667314, shape=(), dtype=float64)
nll_grad  cost time: 2.6985743045806885
tf.Tensor(-11215.229019246517, shape=(), dtype=float64)
nll_grad  cost time: 2.7663984298706055
tf.Tensor(-11215.238289265242, shape=(), dtype=float64)
nll_grad  cost time: 2.661588668823242
tf.Tensor(-11215.246226029049, shape=(), dtype=float64)
nll_grad  cost time: 2.656989812850952
tf.Tensor(-11215.25308898795, shape=(), dtype=float64)
nll_grad  cost time: 2.5971555709838867
tf.Tensor(-11215.25941139469, shape=(), dtype=float64)
nll_grad  cost time: 2.745816946029663
tf.Tensor(-11215.265698923467, shape=(), dtype=float64)
nll_grad  cost time: 2.6045145988464355
tf.Tensor(-11215.273040099222, shape=(), dtype=float64)
nll_grad  cost time: 2.7059719562530518
tf.Tensor(-11215.281218285956, shape=(), dtype=float64)
nll_grad  cost time: 2.8274996280670166
tf.Tensor(-11215.288146588859, shape=(), dtype=float64)
nll_grad  cost time: 2.74167537689209
tf.Tensor(-11215.295223716641, shape=(), dtype=float64)
nll_grad  cost time: 2.694261074066162
tf.Tensor(-11215.30104168027, shape=(), dtype=float64)
nll_grad  cost time: 2.6254401206970215
tf.Tensor(-11215.306009671489, shape=(), dtype=float64)
nll_grad  cost time: 2.6577651500701904
tf.Tensor(-11215.312035030473, shape=(), dtype=float64)
nll_grad  cost time: 2.7233402729034424
tf.Tensor(-11215.31931482063, shape=(), dtype=float64)
nll_grad  cost time: 2.6768083572387695
tf.Tensor(-11215.32485195325, shape=(), dtype=float64)
nll_grad  cost time: 2.648982048034668
tf.Tensor(-11215.330310196889, shape=(), dtype=float64)
nll_grad  cost time: 2.603018045425415
tf.Tensor(-11215.336463924614, shape=(), dtype=float64)
nll_grad  cost time: 2.617161750793457
tf.Tensor(-11215.343995608366, shape=(), dtype=float64)
nll_grad  cost time: 2.656532049179077
tf.Tensor(-11215.352118018905, shape=(), dtype=float64)
nll_grad  cost time: 2.5772035121917725
tf.Tensor(-11215.359221689483, shape=(), dtype=float64)
nll_grad  cost time: 2.6109910011291504
tf.Tensor(-11215.365742627082, shape=(), dtype=float64)
nll_grad  cost time: 2.741241455078125
tf.Tensor(-11215.371780850073, shape=(), dtype=float64)
nll_grad  cost time: 2.7244350910186768
tf.Tensor(-11215.378614947742, shape=(), dtype=float64)
nll_grad  cost time: 2.597208261489868
tf.Tensor(-11215.385203221329, shape=(), dtype=float64)
nll_grad  cost time: 2.590886116027832
tf.Tensor(-11215.392470640982, shape=(), dtype=float64)
nll_grad  cost time: 2.5898053646087646
tf.Tensor(-11215.398714141149, shape=(), dtype=float64)
nll_grad  cost time: 2.5674803256988525
tf.Tensor(-11215.403216345661, shape=(), dtype=float64)
nll_grad  cost time: 2.5404367446899414
tf.Tensor(-11215.407599422817, shape=(), dtype=float64)
nll_grad  cost time: 2.58504056930542
tf.Tensor(-11215.411426421788, shape=(), dtype=float64)
nll_grad  cost time: 2.620246171951294
tf.Tensor(-11215.413874979491, shape=(), dtype=float64)
nll_grad  cost time: 2.620373010635376
tf.Tensor(-11215.415986207425, shape=(), dtype=float64)
nll_grad  cost time: 2.7068371772766113
tf.Tensor(-11215.418511754115, shape=(), dtype=float64)
nll_grad  cost time: 2.6114723682403564
tf.Tensor(-11215.421319262567, shape=(), dtype=float64)
nll_grad  cost time: 2.669951915740967
tf.Tensor(-11215.42487456373, shape=(), dtype=float64)
nll_grad  cost time: 2.566361427307129
tf.Tensor(-11215.429093558678, shape=(), dtype=float64)
nll_grad  cost time: 2.835580587387085
tf.Tensor(-11215.43350825127, shape=(), dtype=float64)
nll_grad  cost time: 2.706292152404785
tf.Tensor(-11215.437710034501, shape=(), dtype=float64)
nll_grad  cost time: 2.5774085521698
tf.Tensor(-11215.441507598596, shape=(), dtype=float64)
nll_grad  cost time: 2.6667397022247314
tf.Tensor(-11215.445079588924, shape=(), dtype=float64)
nll_grad  cost time: 2.6832008361816406
tf.Tensor(-11215.448305954958, shape=(), dtype=float64)
nll_grad  cost time: 2.6860883235931396
tf.Tensor(-11215.451789128509, shape=(), dtype=float64)
nll_grad  cost time: 2.634641647338867
tf.Tensor(-11215.455503752873, shape=(), dtype=float64)
nll_grad  cost time: 2.566695213317871
tf.Tensor(-11215.45932923266, shape=(), dtype=float64)
nll_grad  cost time: 2.635012149810791
tf.Tensor(-11215.46484349837, shape=(), dtype=float64)
nll_grad  cost time: 2.836817979812622
tf.Tensor(-11215.472601761021, shape=(), dtype=float64)
nll_grad  cost time: 2.6805953979492188
tf.Tensor(-11215.48033952979, shape=(), dtype=float64)
nll_grad  cost time: 2.588723659515381
tf.Tensor(-11215.48761784436, shape=(), dtype=float64)
nll_grad  cost time: 2.635331630706787
tf.Tensor(-11215.49309793355, shape=(), dtype=float64)
nll_grad  cost time: 2.5806753635406494
tf.Tensor(-11215.497267478622, shape=(), dtype=float64)
nll_grad  cost time: 2.7380738258361816
tf.Tensor(-11215.500500765647, shape=(), dtype=float64)
nll_grad  cost time: 2.7565555572509766
tf.Tensor(-11215.50347198442, shape=(), dtype=float64)
nll_grad  cost time: 2.7848026752471924
tf.Tensor(-11215.50619025628, shape=(), dtype=float64)
nll_grad  cost time: 2.716930866241455
tf.Tensor(-11215.50879857662, shape=(), dtype=float64)
nll_grad  cost time: 2.8286142349243164
tf.Tensor(-11215.511386009963, shape=(), dtype=float64)
nll_grad  cost time: 3.0316624641418457
tf.Tensor(-11215.514994778536, shape=(), dtype=float64)
nll_grad  cost time: 2.848134994506836
tf.Tensor(-11215.518595654128, shape=(), dtype=float64)
nll_grad  cost time: 2.732475757598877
tf.Tensor(-11215.52174988794, shape=(), dtype=float64)
nll_grad  cost time: 2.963081121444702
tf.Tensor(-11215.52452392416, shape=(), dtype=float64)
nll_grad  cost time: 2.6293017864227295
tf.Tensor(-11215.526569944106, shape=(), dtype=float64)
nll_grad  cost time: 2.631458044052124
tf.Tensor(-11215.527993660286, shape=(), dtype=float64)
nll_grad  cost time: 2.5381758213043213
tf.Tensor(-11215.52907129049, shape=(), dtype=float64)
nll_grad  cost time: 2.557189702987671
tf.Tensor(-11215.530275891233, shape=(), dtype=float64)
nll_grad  cost time: 2.602423667907715
tf.Tensor(-11215.532041015473, shape=(), dtype=float64)
nll_grad  cost time: 2.5644116401672363
tf.Tensor(-11215.534689064656, shape=(), dtype=float64)
nll_grad  cost time: 2.7087697982788086
tf.Tensor(-11215.53810301041, shape=(), dtype=float64)
nll_grad  cost time: 2.7998805046081543
tf.Tensor(-11215.54219169349, shape=(), dtype=float64)
nll_grad  cost time: 2.9169082641601562
tf.Tensor(-11215.546653823061, shape=(), dtype=float64)
nll_grad  cost time: 2.795797824859619
tf.Tensor(-11215.550907301254, shape=(), dtype=float64)
nll_grad  cost time: 2.618406057357788
tf.Tensor(-11215.55472438505, shape=(), dtype=float64)
nll_grad  cost time: 2.645143508911133
tf.Tensor(-11215.558351573218, shape=(), dtype=float64)
nll_grad  cost time: 2.5580666065216064
tf.Tensor(-11215.561970550281, shape=(), dtype=float64)
nll_grad  cost time: 2.6667582988739014
tf.Tensor(-11215.564978300754, shape=(), dtype=float64)
nll_grad  cost time: 2.5209548473358154
tf.Tensor(-11215.567395465692, shape=(), dtype=float64)
nll_grad  cost time: 2.535210371017456
tf.Tensor(-11215.568990693755, shape=(), dtype=float64)
nll_grad  cost time: 2.4938411712646484
tf.Tensor(-11215.570215905584, shape=(), dtype=float64)
nll_grad  cost time: 2.5087392330169678
tf.Tensor(-11215.57150295212, shape=(), dtype=float64)
nll_grad  cost time: 2.6581485271453857
tf.Tensor(-11215.572997678124, shape=(), dtype=float64)
nll_grad  cost time: 2.7616562843322754
tf.Tensor(-11215.574271604057, shape=(), dtype=float64)
nll_grad  cost time: 2.6698575019836426
tf.Tensor(-11215.57506007568, shape=(), dtype=float64)
nll_grad  cost time: 2.5743181705474854
tf.Tensor(-11215.575533196105, shape=(), dtype=float64)
nll_grad  cost time: 2.645315647125244
tf.Tensor(-11215.575949711121, shape=(), dtype=float64)
nll_grad  cost time: 2.748131513595581
tf.Tensor(-11215.576496515143, shape=(), dtype=float64)
nll_grad  cost time: 2.5228652954101562
tf.Tensor(-11215.577265192636, shape=(), dtype=float64)
nll_grad  cost time: 2.5819249153137207
tf.Tensor(-11215.57820432154, shape=(), dtype=float64)
nll_grad  cost time: 2.5930073261260986
tf.Tensor(-11215.579317621643, shape=(), dtype=float64)
nll_grad  cost time: 2.7099742889404297
tf.Tensor(-11215.580361185363, shape=(), dtype=float64)
nll_grad  cost time: 2.6443872451782227
tf.Tensor(-11215.58112918381, shape=(), dtype=float64)
nll_grad  cost time: 2.7481420040130615
tf.Tensor(-11215.581644177482, shape=(), dtype=float64)
nll_grad  cost time: 2.6932637691497803
tf.Tensor(-11215.582092483444, shape=(), dtype=float64)
nll_grad  cost time: 2.7732739448547363
tf.Tensor(-11215.582609590143, shape=(), dtype=float64)
nll_grad  cost time: 2.6013054847717285
tf.Tensor(-11215.583180514943, shape=(), dtype=float64)
nll_grad  cost time: 2.709998607635498
tf.Tensor(-11215.583741737266, shape=(), dtype=float64)
nll_grad  cost time: 2.547802448272705
tf.Tensor(-11215.584270542719, shape=(), dtype=float64)
nll_grad  cost time: 2.624027729034424
tf.Tensor(-11215.584850483456, shape=(), dtype=float64)
nll_grad  cost time: 2.6187143325805664
tf.Tensor(-11215.585650653295, shape=(), dtype=float64)
nll_grad  cost time: 2.6156673431396484
tf.Tensor(-11215.586814032533, shape=(), dtype=float64)
nll_grad  cost time: 2.5420279502868652
tf.Tensor(-11215.588254353246, shape=(), dtype=float64)
nll_grad  cost time: 2.47971248626709
tf.Tensor(-11215.589439857682, shape=(), dtype=float64)
nll_grad  cost time: 2.595982313156128
tf.Tensor(-11215.590012465787, shape=(), dtype=float64)
nll_grad  cost time: 2.667801856994629
tf.Tensor(-11215.590226693683, shape=(), dtype=float64)
nll_grad  cost time: 2.8275656700134277
tf.Tensor(-11215.590354742384, shape=(), dtype=float64)
nll_grad  cost time: 2.862612009048462
tf.Tensor(-11215.590536901342, shape=(), dtype=float64)
nll_grad  cost time: 2.9358510971069336
tf.Tensor(-11215.59080616265, shape=(), dtype=float64)
nll_grad  cost time: 2.6977322101593018
tf.Tensor(-11215.591198569184, shape=(), dtype=float64)
nll_grad  cost time: 2.67372465133667
tf.Tensor(-11215.591720287777, shape=(), dtype=float64)
nll_grad  cost time: 2.5457420349121094
tf.Tensor(-11215.592276022175, shape=(), dtype=float64)
nll_grad  cost time: 2.6570911407470703
tf.Tensor(-11215.592720334238, shape=(), dtype=float64)
nll_grad  cost time: 2.5524179935455322
tf.Tensor(-11215.592995960604, shape=(), dtype=float64)
nll_grad  cost time: 2.5144615173339844
tf.Tensor(-11215.593167436473, shape=(), dtype=float64)
nll_grad  cost time: 2.4316372871398926
tf.Tensor(-11215.59333302608, shape=(), dtype=float64)
nll_grad  cost time: 2.523719549179077
tf.Tensor(-11215.593575505794, shape=(), dtype=float64)
nll_grad  cost time: 2.6391701698303223
tf.Tensor(-11215.593955222204, shape=(), dtype=float64)
nll_grad  cost time: 2.578094005584717
tf.Tensor(-11215.594527797894, shape=(), dtype=float64)
nll_grad  cost time: 2.562224864959717
tf.Tensor(-11215.595140092577, shape=(), dtype=float64)
nll_grad  cost time: 2.5629661083221436
tf.Tensor(-11215.595521515705, shape=(), dtype=float64)
nll_grad  cost time: 2.6482272148132324
tf.Tensor(-11215.595694404325, shape=(), dtype=float64)
nll_grad  cost time: 2.4371755123138428
tf.Tensor(-11215.595794383411, shape=(), dtype=float64)
nll_grad  cost time: 2.4134726524353027
tf.Tensor(-11215.595923022538, shape=(), dtype=float64)
nll_grad  cost time: 2.5467312335968018
tf.Tensor(-11215.59611933786, shape=(), dtype=float64)
nll_grad  cost time: 2.494290590286255
tf.Tensor(-11215.596419217381, shape=(), dtype=float64)
nll_grad  cost time: 2.596597671508789
tf.Tensor(-11215.596829413736, shape=(), dtype=float64)
nll_grad  cost time: 2.525338888168335
tf.Tensor(-11215.597277742225, shape=(), dtype=float64)
nll_grad  cost time: 2.4973628520965576
tf.Tensor(-11215.59762501511, shape=(), dtype=float64)
nll_grad  cost time: 2.8294477462768555
tf.Tensor(-11215.597806750317, shape=(), dtype=float64)
nll_grad  cost time: 2.5923070907592773
tf.Tensor(-11215.597905440118, shape=(), dtype=float64)
nll_grad  cost time: 2.567058563232422
tf.Tensor(-11215.597999917918, shape=(), dtype=float64)
nll_grad  cost time: 2.5975050926208496
tf.Tensor(-11215.598155626265, shape=(), dtype=float64)
nll_grad  cost time: 2.676414966583252
tf.Tensor(-11215.59841857263, shape=(), dtype=float64)
nll_grad  cost time: 2.647916555404663
tf.Tensor(-11215.598858263646, shape=(), dtype=float64)
nll_grad  cost time: 2.6502010822296143
tf.Tensor(-11215.599543335882, shape=(), dtype=float64)
nll_grad  cost time: 2.5617308616638184
tf.Tensor(-11215.600290611676, shape=(), dtype=float64)
nll_grad  cost time: 2.466585397720337
tf.Tensor(-11215.600693124745, shape=(), dtype=float64)
nll_grad  cost time: 2.5280818939208984
tf.Tensor(-11215.600883298695, shape=(), dtype=float64)
nll_grad  cost time: 2.4540677070617676
tf.Tensor(-11215.600938690182, shape=(), dtype=float64)
nll_grad  cost time: 2.567369222640991
tf.Tensor(-11215.601011968309, shape=(), dtype=float64)
nll_grad  cost time: 2.7671737670898438
tf.Tensor(-11215.601135999357, shape=(), dtype=float64)
nll_grad  cost time: 2.600950002670288
tf.Tensor(-11215.601349717375, shape=(), dtype=float64)
nll_grad  cost time: 2.630828857421875
tf.Tensor(-11215.601701150379, shape=(), dtype=float64)
nll_grad  cost time: 2.6623892784118652
tf.Tensor(-11215.602174487583, shape=(), dtype=float64)
nll_grad  cost time: 2.5071258544921875
tf.Tensor(-11215.602406092912, shape=(), dtype=float64)
nll_grad  cost time: 2.5805211067199707
tf.Tensor(-11215.60255814822, shape=(), dtype=float64)
nll_grad  cost time: 2.57021164894104
tf.Tensor(-11215.602635681948, shape=(), dtype=float64)
nll_grad  cost time: 2.6811037063598633
tf.Tensor(-11215.602741607367, shape=(), dtype=float64)
nll_grad  cost time: 2.728602170944214
tf.Tensor(-11215.602921187785, shape=(), dtype=float64)
nll_grad  cost time: 2.6171579360961914
tf.Tensor(-11215.60323118103, shape=(), dtype=float64)
nll_grad  cost time: 2.6212399005889893
tf.Tensor(-11215.60373440993, shape=(), dtype=float64)
nll_grad  cost time: 2.7276675701141357
tf.Tensor(-11215.604337269666, shape=(), dtype=float64)
nll_grad  cost time: 2.8138504028320312
tf.Tensor(-11215.604563361696, shape=(), dtype=float64)
nll_grad  cost time: 3.2253668308258057
tf.Tensor(-11215.604699582815, shape=(), dtype=float64)
nll_grad  cost time: 3.2410104274749756
tf.Tensor(-11215.604741887975, shape=(), dtype=float64)
nll_grad  cost time: 2.64393949508667
tf.Tensor(-11215.604799226245, shape=(), dtype=float64)
nll_grad  cost time: 2.721940517425537
tf.Tensor(-11215.604888294569, shape=(), dtype=float64)
nll_grad  cost time: 2.6611955165863037
tf.Tensor(-11215.60503158429, shape=(), dtype=float64)
nll_grad  cost time: 2.722581386566162
tf.Tensor(-11215.605254215892, shape=(), dtype=float64)
nll_grad  cost time: 2.6414382457733154
tf.Tensor(-11215.605525475868, shape=(), dtype=float64)
nll_grad  cost time: 2.656604290008545
tf.Tensor(-11215.605701530301, shape=(), dtype=float64)
nll_grad  cost time: 2.7837231159210205
tf.Tensor(-11215.605787958651, shape=(), dtype=float64)
nll_grad  cost time: 2.7898082733154297
tf.Tensor(-11215.60581680403, shape=(), dtype=float64)
nll_grad  cost time: 2.689182996749878
tf.Tensor(-11215.605840598202, shape=(), dtype=float64)
nll_grad  cost time: 2.7945075035095215
tf.Tensor(-11215.605881865951, shape=(), dtype=float64)
nll_grad  cost time: 2.654730796813965
tf.Tensor(-11215.60595475385, shape=(), dtype=float64)
nll_grad  cost time: 2.6102991104125977
tf.Tensor(-11215.60608251056, shape=(), dtype=float64)
nll_grad  cost time: 2.5835468769073486
tf.Tensor(-11215.606298531799, shape=(), dtype=float64)
nll_grad  cost time: 2.757174491882324
tf.Tensor(-11215.606632364832, shape=(), dtype=float64)
nll_grad  cost time: 2.6667230129241943
tf.Tensor(-11215.606993175046, shape=(), dtype=float64)
nll_grad  cost time: 2.7384142875671387
tf.Tensor(-11215.607257365877, shape=(), dtype=float64)
nll_grad  cost time: 2.7015669345855713
tf.Tensor(-11215.607441786335, shape=(), dtype=float64)
nll_grad  cost time: 2.73561954498291
tf.Tensor(-11215.607510991062, shape=(), dtype=float64)
nll_grad  cost time: 2.825784206390381
tf.Tensor(-11215.607578705078, shape=(), dtype=float64)
nll_grad  cost time: 2.8703651428222656
tf.Tensor(-11215.60769342229, shape=(), dtype=float64)
nll_grad  cost time: 3.1626663208007812
tf.Tensor(-11215.607895857063, shape=(), dtype=float64)
nll_grad  cost time: 2.8255867958068848
tf.Tensor(-11215.60825167779, shape=(), dtype=float64)
nll_grad  cost time: 2.6591579914093018
tf.Tensor(-11215.608844186601, shape=(), dtype=float64)
nll_grad  cost time: 2.6391632556915283
tf.Tensor(-11215.609665183794, shape=(), dtype=float64)
nll_grad  cost time: 2.6883342266082764
tf.Tensor(-11215.61012438757, shape=(), dtype=float64)
nll_grad  cost time: 2.774259567260742
tf.Tensor(-11215.610437982066, shape=(), dtype=float64)
nll_grad  cost time: 2.79727840423584
tf.Tensor(-11215.610548040335, shape=(), dtype=float64)
nll_grad  cost time: 2.712925910949707
tf.Tensor(-11215.610581009474, shape=(), dtype=float64)
nll_grad  cost time: 2.7987475395202637
tf.Tensor(-11215.610610787884, shape=(), dtype=float64)
nll_grad  cost time: 2.7266550064086914
tf.Tensor(-11215.610662240457, shape=(), dtype=float64)
nll_grad  cost time: 2.6446869373321533
tf.Tensor(-11215.610752232138, shape=(), dtype=float64)
nll_grad  cost time: 2.651427745819092
tf.Tensor(-11215.610908916637, shape=(), dtype=float64)
nll_grad  cost time: 2.6183488368988037
tf.Tensor(-11215.61117811687, shape=(), dtype=float64)
nll_grad  cost time: 2.61275315284729
tf.Tensor(-11215.611629494328, shape=(), dtype=float64)
nll_grad  cost time: 2.704787492752075
tf.Tensor(-11215.61235102514, shape=(), dtype=float64)
nll_grad  cost time: 2.698967933654785
tf.Tensor(-11215.613312797333, shape=(), dtype=float64)
nll_grad  cost time: 2.469217538833618
tf.Tensor(-11215.61385454802, shape=(), dtype=float64)
nll_grad  cost time: 2.5173871517181396
tf.Tensor(-11215.61425549884, shape=(), dtype=float64)
nll_grad  cost time: 2.540632724761963
tf.Tensor(-11215.614460343948, shape=(), dtype=float64)
nll_grad  cost time: 2.6251704692840576
tf.Tensor(-11215.614537452384, shape=(), dtype=float64)
nll_grad  cost time: 2.625986099243164
tf.Tensor(-11215.61457500995, shape=(), dtype=float64)
nll_grad  cost time: 2.738996744155884
tf.Tensor(-11215.614608484884, shape=(), dtype=float64)
nll_grad  cost time: 2.72100830078125
tf.Tensor(-11215.61463135017, shape=(), dtype=float64)
nll_grad  cost time: 2.7285237312316895
tf.Tensor(-11215.61466974322, shape=(), dtype=float64)
nll_grad  cost time: 2.7151575088500977
tf.Tensor(-11215.61473766177, shape=(), dtype=float64)
nll_grad  cost time: 2.610304117202759
tf.Tensor(-11215.614860549376, shape=(), dtype=float64)
nll_grad  cost time: 2.6577818393707275
tf.Tensor(-11215.615082992364, shape=(), dtype=float64)
nll_grad  cost time: 2.599548578262329
tf.Tensor(-11215.615477828778, shape=(), dtype=float64)
nll_grad  cost time: 2.5715224742889404
tf.Tensor(-11215.616145537168, shape=(), dtype=float64)
nll_grad  cost time: 2.581904649734497
tf.Tensor(-11215.617165336202, shape=(), dtype=float64)
nll_grad  cost time: 2.5606470108032227
tf.Tensor(-11215.618292248095, shape=(), dtype=float64)
nll_grad  cost time: 2.8498589992523193
tf.Tensor(-11215.619244627582, shape=(), dtype=float64)
nll_grad  cost time: 2.698580503463745
tf.Tensor(-11215.619783526687, shape=(), dtype=float64)
nll_grad  cost time: 2.662029266357422
tf.Tensor(-11215.619825821002, shape=(), dtype=float64)
nll_grad  cost time: 2.628584861755371
tf.Tensor(-11215.619890503016, shape=(), dtype=float64)
nll_grad  cost time: 2.567826271057129
tf.Tensor(-11215.619926131785, shape=(), dtype=float64)
nll_grad  cost time: 2.6073498725891113
tf.Tensor(-11215.619949121548, shape=(), dtype=float64)
nll_grad  cost time: 2.551264524459839
tf.Tensor(-11215.619972658467, shape=(), dtype=float64)
nll_grad  cost time: 2.5554161071777344
tf.Tensor(-11215.620016909335, shape=(), dtype=float64)
nll_grad  cost time: 2.527229070663452
tf.Tensor(-11215.620099891636, shape=(), dtype=float64)
nll_grad  cost time: 2.5996110439300537
tf.Tensor(-11215.620251867178, shape=(), dtype=float64)
nll_grad  cost time: 2.587867259979248
tf.Tensor(-11215.62051755188, shape=(), dtype=float64)
nll_grad  cost time: 2.6440906524658203
tf.Tensor(-11215.620944939827, shape=(), dtype=float64)
nll_grad  cost time: 2.641950845718384
tf.Tensor(-11215.621556525683, shape=(), dtype=float64)
nll_grad  cost time: 2.44620418548584
tf.Tensor(-11215.622204080215, shape=(), dtype=float64)
nll_grad  cost time: 2.9552109241485596
tf.Tensor(-11215.623147798358, shape=(), dtype=float64)
nll_grad  cost time: 2.570213556289673
tf.Tensor(-11215.62380157018, shape=(), dtype=float64)
nll_grad  cost time: 2.6062796115875244
tf.Tensor(-11215.624029971954, shape=(), dtype=float64)
nll_grad  cost time: 2.6579835414886475
tf.Tensor(-11215.624101664884, shape=(), dtype=float64)
nll_grad  cost time: 2.593188524246216
tf.Tensor(-11215.624134393945, shape=(), dtype=float64)
nll_grad  cost time: 2.5794291496276855
tf.Tensor(-11215.624185093962, shape=(), dtype=float64)
nll_grad  cost time: 2.5992238521575928
tf.Tensor(-11215.624259963039, shape=(), dtype=float64)
nll_grad  cost time: 2.647428274154663
tf.Tensor(-11215.62437766799, shape=(), dtype=float64)
nll_grad  cost time: 2.7600927352905273
tf.Tensor(-11215.624573739073, shape=(), dtype=float64)
nll_grad  cost time: 2.7601771354675293
tf.Tensor(-11215.624904186578, shape=(), dtype=float64)
nll_grad  cost time: 2.618574857711792
tf.Tensor(-11215.625442889357, shape=(), dtype=float64)
nll_grad  cost time: 2.62369704246521
tf.Tensor(-11215.626213005646, shape=(), dtype=float64)
nll_grad  cost time: 2.6405856609344482
tf.Tensor(-11215.626707393974, shape=(), dtype=float64)
nll_grad  cost time: 2.696638345718384
nll_grad  cost time: 2.74514102935791
tf.Tensor(-11215.626877928444, shape=(), dtype=float64)
nll_grad  cost time: 2.6930341720581055
tf.Tensor(-11215.627121451542, shape=(), dtype=float64)
nll_grad  cost time: 2.6991465091705322
tf.Tensor(-11215.627477121801, shape=(), dtype=float64)
nll_grad  cost time: 2.670883893966675
tf.Tensor(-11215.62796465187, shape=(), dtype=float64)
nll_grad  cost time: 2.594446897506714
tf.Tensor(-11215.628282447862, shape=(), dtype=float64)
nll_grad  cost time: 2.569537401199341
tf.Tensor(-11215.628554588944, shape=(), dtype=float64)
nll_grad  cost time: 2.6979963779449463
tf.Tensor(-11215.628725283541, shape=(), dtype=float64)
nll_grad  cost time: 2.5970215797424316
tf.Tensor(-11215.628772933058, shape=(), dtype=float64)
nll_grad  cost time: 2.837308883666992
tf.Tensor(-11215.628850174924, shape=(), dtype=float64)
nll_grad  cost time: 2.7737202644348145
tf.Tensor(-11215.628984294943, shape=(), dtype=float64)
nll_grad  cost time: 2.7484686374664307
tf.Tensor(-11215.62922317642, shape=(), dtype=float64)
nll_grad  cost time: 2.664973020553589
tf.Tensor(-11215.629646160227, shape=(), dtype=float64)
nll_grad  cost time: 2.710408926010132
tf.Tensor(-11215.630364692995, shape=(), dtype=float64)
nll_grad  cost time: 2.7271995544433594
tf.Tensor(-11215.631433357248, shape=(), dtype=float64)
nll_grad  cost time: 2.655623197555542
tf.Tensor(-11215.63235382977, shape=(), dtype=float64)
nll_grad  cost time: 2.6566412448883057
tf.Tensor(-11215.632982044168, shape=(), dtype=float64)
nll_grad  cost time: 2.723224401473999
tf.Tensor(-11215.63326896825, shape=(), dtype=float64)
nll_grad  cost time: 2.797987699508667
tf.Tensor(-11215.63333801063, shape=(), dtype=float64)
nll_grad  cost time: 2.7380738258361816
tf.Tensor(-11215.633383048516, shape=(), dtype=float64)
nll_grad  cost time: 2.599339246749878
tf.Tensor(-11215.633450347452, shape=(), dtype=float64)
nll_grad  cost time: 2.67689847946167
tf.Tensor(-11215.633557475461, shape=(), dtype=float64)
nll_grad  cost time: 2.7378342151641846
tf.Tensor(-11215.633742758493, shape=(), dtype=float64)
nll_grad  cost time: 2.6128644943237305
tf.Tensor(-11215.634071439143, shape=(), dtype=float64)
nll_grad  cost time: 2.6827375888824463
tf.Tensor(-11215.634652089864, shape=(), dtype=float64)
nll_grad  cost time: 2.6976122856140137
tf.Tensor(-11215.635658401403, shape=(), dtype=float64)
nll_grad  cost time: 2.5428829193115234
tf.Tensor(-11215.637342834065, shape=(), dtype=float64)
nll_grad  cost time: 2.587156057357788
tf.Tensor(-11215.640033197822, shape=(), dtype=float64)
nll_grad  cost time: 2.602405548095703
nll_grad  cost time: 2.6677114963531494
tf.Tensor(-11215.640991494873, shape=(), dtype=float64)
nll_grad  cost time: 2.6221542358398438
tf.Tensor(-11215.642699874848, shape=(), dtype=float64)
nll_grad  cost time: 2.7462589740753174
tf.Tensor(-11215.6456192573, shape=(), dtype=float64)
nll_grad  cost time: 2.8065268993377686
tf.Tensor(-11215.648933358478, shape=(), dtype=float64)
nll_grad  cost time: 2.6092352867126465
nll_grad  cost time: 2.64862322807312
tf.Tensor(-11215.650619523643, shape=(), dtype=float64)
nll_grad  cost time: 2.674452304840088
nll_grad  cost time: 2.6500089168548584
tf.Tensor(-11215.650988842233, shape=(), dtype=float64)
nll_grad  cost time: 2.638739585876465
tf.Tensor(-11215.651145099597, shape=(), dtype=float64)
nll_grad  cost time: 2.8572707176208496
tf.Tensor(-11215.651249254985, shape=(), dtype=float64)
nll_grad  cost time: 2.6937100887298584
tf.Tensor(-11215.651402326945, shape=(), dtype=float64)
nll_grad  cost time: 2.743041753768921
tf.Tensor(-11215.651651041966, shape=(), dtype=float64)
nll_grad  cost time: 2.758429527282715
tf.Tensor(-11215.652086287271, shape=(), dtype=float64)
nll_grad  cost time: 2.7696197032928467
tf.Tensor(-11215.652859507722, shape=(), dtype=float64)
nll_grad  cost time: 2.731855630874634
tf.Tensor(-11215.654178457306, shape=(), dtype=float64)
nll_grad  cost time: 2.708510637283325
tf.Tensor(-11215.656079702603, shape=(), dtype=float64)
nll_grad  cost time: 2.7125914096832275
tf.Tensor(-11215.6580058248, shape=(), dtype=float64)
nll_grad  cost time: 2.6470677852630615
tf.Tensor(-11215.660588629196, shape=(), dtype=float64)
nll_grad  cost time: 2.7130322456359863
tf.Tensor(-11215.662438943791, shape=(), dtype=float64)
nll_grad  cost time: 2.5865581035614014
tf.Tensor(-11215.66330587686, shape=(), dtype=float64)
nll_grad  cost time: 2.558973789215088
tf.Tensor(-11215.664203530021, shape=(), dtype=float64)
nll_grad  cost time: 2.5621588230133057
tf.Tensor(-11215.664841813777, shape=(), dtype=float64)
nll_grad  cost time: 2.6809957027435303
tf.Tensor(-11215.665593527567, shape=(), dtype=float64)
nll_grad  cost time: 2.7474606037139893
tf.Tensor(-11215.66600485292, shape=(), dtype=float64)
nll_grad  cost time: 2.7273409366607666
tf.Tensor(-11215.666636052054, shape=(), dtype=float64)
nll_grad  cost time: 2.7833526134490967
tf.Tensor(-11215.66760921964, shape=(), dtype=float64)
nll_grad  cost time: 2.61129093170166
tf.Tensor(-11215.668708641284, shape=(), dtype=float64)
nll_grad  cost time: 2.5451338291168213
tf.Tensor(-11215.669179731609, shape=(), dtype=float64)
nll_grad  cost time: 2.5781028270721436
nll_grad  cost time: 2.5427823066711426
tf.Tensor(-11215.66946446512, shape=(), dtype=float64)
nll_grad  cost time: 2.5803720951080322
tf.Tensor(-11215.669832493113, shape=(), dtype=float64)
nll_grad  cost time: 2.7233712673187256
tf.Tensor(-11215.670238915462, shape=(), dtype=float64)
nll_grad  cost time: 2.7370502948760986
tf.Tensor(-11215.670592676608, shape=(), dtype=float64)
nll_grad  cost time: 2.724670171737671
tf.Tensor(-11215.671140883853, shape=(), dtype=float64)
nll_grad  cost time: 2.6991140842437744
tf.Tensor(-11215.671986932919, shape=(), dtype=float64)
nll_grad  cost time: 2.674577236175537
tf.Tensor(-11215.67311864311, shape=(), dtype=float64)
nll_grad  cost time: 2.7471120357513428
tf.Tensor(-11215.674246233864, shape=(), dtype=float64)
nll_grad  cost time: 2.673804521560669
tf.Tensor(-11215.675629251104, shape=(), dtype=float64)
nll_grad  cost time: 2.5883967876434326
tf.Tensor(-11215.677979586713, shape=(), dtype=float64)
nll_grad  cost time: 2.642176866531372
tf.Tensor(-11215.681913893168, shape=(), dtype=float64)
nll_grad  cost time: 2.5768964290618896
nll_grad  cost time: 2.6842117309570312
tf.Tensor(-11215.684036467585, shape=(), dtype=float64)
nll_grad  cost time: 2.746178388595581
nll_grad  cost time: 2.6420042514801025
tf.Tensor(-11215.685236216215, shape=(), dtype=float64)
nll_grad  cost time: 2.7383956909179688
tf.Tensor(-11215.686849362186, shape=(), dtype=float64)
nll_grad  cost time: 2.9594740867614746
tf.Tensor(-11215.688026771666, shape=(), dtype=float64)
nll_grad  cost time: 2.7092342376708984
tf.Tensor(-11215.688572064832, shape=(), dtype=float64)
nll_grad  cost time: 2.7174763679504395
tf.Tensor(-11215.68892178138, shape=(), dtype=float64)
nll_grad  cost time: 2.8553104400634766
tf.Tensor(-11215.689380625376, shape=(), dtype=float64)
nll_grad  cost time: 2.699331760406494
tf.Tensor(-11215.689755667365, shape=(), dtype=float64)
nll_grad  cost time: 2.6117939949035645
tf.Tensor(-11215.69014021703, shape=(), dtype=float64)
nll_grad  cost time: 2.607494354248047
tf.Tensor(-11215.69039171927, shape=(), dtype=float64)
nll_grad  cost time: 2.672213315963745
tf.Tensor(-11215.690780711999, shape=(), dtype=float64)
nll_grad  cost time: 2.5987002849578857
tf.Tensor(-11215.69138236361, shape=(), dtype=float64)
nll_grad  cost time: 2.6195929050445557
tf.Tensor(-11215.692205788346, shape=(), dtype=float64)
nll_grad  cost time: 2.774115562438965
nll_grad  cost time: 2.7137954235076904
tf.Tensor(-11215.692561614844, shape=(), dtype=float64)
nll_grad  cost time: 2.649188280105591
tf.Tensor(-11215.693101735018, shape=(), dtype=float64)
nll_grad  cost time: 2.5828771591186523
tf.Tensor(-11215.693770419193, shape=(), dtype=float64)
nll_grad  cost time: 2.557110548019409
tf.Tensor(-11215.694397188712, shape=(), dtype=float64)
nll_grad  cost time: 2.590578079223633
nll_grad  cost time: 2.512099266052246
tf.Tensor(-11215.694770371565, shape=(), dtype=float64)
nll_grad  cost time: 2.5908334255218506
tf.Tensor(-11215.695401095007, shape=(), dtype=float64)
nll_grad  cost time: 2.5786685943603516
tf.Tensor(-11215.696478163864, shape=(), dtype=float64)
nll_grad  cost time: 2.575908660888672
tf.Tensor(-11215.698197759435, shape=(), dtype=float64)
nll_grad  cost time: 2.6337578296661377
tf.Tensor(-11215.699592485347, shape=(), dtype=float64)
nll_grad  cost time: 2.6723473072052
tf.Tensor(-11215.70019333648, shape=(), dtype=float64)
nll_grad  cost time: 2.761179208755493
tf.Tensor(-11215.701066868834, shape=(), dtype=float64)
nll_grad  cost time: 2.9360039234161377
tf.Tensor(-11215.701677234856, shape=(), dtype=float64)
nll_grad  cost time: 2.7901394367218018
tf.Tensor(-11215.701941128424, shape=(), dtype=float64)
nll_grad  cost time: 2.826622724533081
tf.Tensor(-11215.702269389609, shape=(), dtype=float64)
nll_grad  cost time: 3.019716739654541
tf.Tensor(-11215.702625537933, shape=(), dtype=float64)
nll_grad  cost time: 2.6938111782073975
tf.Tensor(-11215.70288452277, shape=(), dtype=float64)
nll_grad  cost time: 2.7513883113861084
tf.Tensor(-11215.70324427735, shape=(), dtype=float64)
nll_grad  cost time: 2.715632677078247
tf.Tensor(-11215.703637994864, shape=(), dtype=float64)
nll_grad  cost time: 2.6724045276641846
tf.Tensor(-11215.703847194163, shape=(), dtype=float64)
nll_grad  cost time: 2.702216863632202
tf.Tensor(-11215.704181717676, shape=(), dtype=float64)
nll_grad  cost time: 2.750805616378784
tf.Tensor(-11215.704701332841, shape=(), dtype=float64)
nll_grad  cost time: 2.902362108230591
tf.Tensor(-11215.705326459884, shape=(), dtype=float64)
nll_grad  cost time: 2.682238817214966
tf.Tensor(-11215.705832238742, shape=(), dtype=float64)
nll_grad  cost time: 2.6533117294311523
nll_grad  cost time: 2.639806032180786
tf.Tensor(-11215.706020573938, shape=(), dtype=float64)
nll_grad  cost time: 2.749764919281006
tf.Tensor(-11215.706283062036, shape=(), dtype=float64)
nll_grad  cost time: 2.656965494155884
tf.Tensor(-11215.706490538294, shape=(), dtype=float64)
nll_grad  cost time: 2.549842596054077
tf.Tensor(-11215.706705672474, shape=(), dtype=float64)
nll_grad  cost time: 2.6643474102020264
tf.Tensor(-11215.706986006166, shape=(), dtype=float64)
nll_grad  cost time: 2.8667654991149902
tf.Tensor(-11215.707234812871, shape=(), dtype=float64)
nll_grad  cost time: 2.6383230686187744
nll_grad  cost time: 2.5829148292541504
tf.Tensor(-11215.707373882195, shape=(), dtype=float64)
nll_grad  cost time: 2.670997381210327
tf.Tensor(-11215.707496864989, shape=(), dtype=float64)
nll_grad  cost time: 2.5663340091705322
tf.Tensor(-11215.707607110093, shape=(), dtype=float64)
nll_grad  cost time: 2.731792449951172
tf.Tensor(-11215.707716245752, shape=(), dtype=float64)
nll_grad  cost time: 2.5977282524108887
tf.Tensor(-11215.707874495423, shape=(), dtype=float64)
nll_grad  cost time: 2.6546545028686523
tf.Tensor(-11215.707987834943, shape=(), dtype=float64)
nll_grad  cost time: 2.6437973976135254
nll_grad  cost time: 2.7805089950561523
tf.Tensor(-11215.708010484701, shape=(), dtype=float64)
nll_grad  cost time: 2.846320152282715
tf.Tensor(-11215.708033632016, shape=(), dtype=float64)
nll_grad  cost time: 2.6606369018554688
tf.Tensor(-11215.708049722607, shape=(), dtype=float64)
nll_grad  cost time: 2.656977653503418
tf.Tensor(-11215.708068714146, shape=(), dtype=float64)
nll_grad  cost time: 2.743665933609009
tf.Tensor(-11215.708091003205, shape=(), dtype=float64)
nll_grad  cost time: 2.8525619506835938
tf.Tensor(-11215.708104389803, shape=(), dtype=float64)
nll_grad  cost time: 2.7519290447235107
tf.Tensor(-11215.70811020742, shape=(), dtype=float64)
nll_grad  cost time: 2.765352487564087
tf.Tensor(-11215.708112605684, shape=(), dtype=float64)
nll_grad  cost time: 2.7381091117858887
tf.Tensor(-11215.708113806118, shape=(), dtype=float64)
nll_grad  cost time: 2.610106945037842
tf.Tensor(-11215.708114289626, shape=(), dtype=float64)
nll_grad  cost time: 2.889660358428955
tf.Tensor(-11215.708114474914, shape=(), dtype=float64)
nll_grad  cost time: 2.714840888977051
tf.Tensor(-11215.708114614154, shape=(), dtype=float64)
nll_grad  cost time: 2.913160562515259
tf.Tensor(-11215.708114745423, shape=(), dtype=float64)
nll_grad  cost time: 2.7692677974700928
tf.Tensor(-11215.708114824422, shape=(), dtype=float64)
nll_grad  cost time: 2.8039116859436035
tf.Tensor(-11215.708114858182, shape=(), dtype=float64)
nll_grad  cost time: 2.5801515579223633
tf.Tensor(-11215.708114878515, shape=(), dtype=float64)
nll_grad  cost time: 2.9026503562927246
tf.Tensor(-11215.70811490275, shape=(), dtype=float64)
nll_grad  cost time: 2.8830478191375732
tf.Tensor(-11215.708114942252, shape=(), dtype=float64)
nll_grad  cost time: 2.925913095474243
tf.Tensor(-11215.708115009595, shape=(), dtype=float64)
nll_grad  cost time: 2.746621608734131
tf.Tensor(-11215.708115127707, shape=(), dtype=float64)
nll_grad  cost time: 2.689107656478882
tf.Tensor(-11215.708115337427, shape=(), dtype=float64)
nll_grad  cost time: 2.610269069671631
tf.Tensor(-11215.708115709927, shape=(), dtype=float64)
nll_grad  cost time: 2.6277034282684326
tf.Tensor(-11215.708116365418, shape=(), dtype=float64)
nll_grad  cost time: 2.9861032962799072
tf.Tensor(-11215.708117496853, shape=(), dtype=float64)
nll_grad  cost time: 2.7459495067596436
tf.Tensor(-11215.708119384328, shape=(), dtype=float64)
nll_grad  cost time: 2.595960855484009
tf.Tensor(-11215.708122328968, shape=(), dtype=float64)
nll_grad  cost time: 2.6345770359039307
tf.Tensor(-11215.708126237972, shape=(), dtype=float64)
nll_grad  cost time: 2.71543550491333
tf.Tensor(-11215.708129722261, shape=(), dtype=float64)
nll_grad  cost time: 2.636645793914795
tf.Tensor(-11215.708131346768, shape=(), dtype=float64)
nll_grad  cost time: 2.633925437927246
nll_grad  cost time: 2.7384629249572754
tf.Tensor(-11215.708132133102, shape=(), dtype=float64)
nll_grad  cost time: 2.7267463207244873
tf.Tensor(-11215.708132228188, shape=(), dtype=float64)
nll_grad  cost time: 2.71307635307312
tf.Tensor(-11215.708132241809, shape=(), dtype=float64)
nll_grad  cost time: 2.6871843338012695
tf.Tensor(-11215.708132242966, shape=(), dtype=float64)
nll_grad  cost time: 2.6719887256622314
tf.Tensor(-11215.708132243222, shape=(), dtype=float64)
Optimization terminated successfully.
         Current function value: -11215.708132
         Iterations: 991
         Function evaluations: 1023
         Gradient evaluations: 1023
  message: Optimization terminated successfully.
  success: True
   status: 0
      fun: -11215.708132243222
        x: [ 9.066e-04  6.159e-01 ...  1.577e+00 -2.007e+00]
      nit: 991
      jac: [ 0.000e+00  0.000e+00 ... -1.294e-05 -3.256e-06]
 hess_inv: [[ 1.000e+00  0.000e+00 ...  0.000e+00  0.000e+00]
            [ 0.000e+00  1.000e+00 ...  0.000e+00  0.000e+00]
            ...
            [ 0.000e+00  0.000e+00 ...  9.218e-01 -8.275e-02]
            [ 0.000e+00  0.000e+00 ... -8.275e-02  2.415e-01]]
     nfev: 1023
     njev: 1023
fit  cost time: 2750.5673480033875

========== Fit loop 4/5 ==========
using RANDOM parameters

########### initial parameters
{
  "rho(1450)p_mass": 1.51,
  "rho(1450)p_width": 0.44,
  "rho(1570)p_mass": 1.57,
  "rho(1570)p_width": 0.14,
  "rho(1690)p_mass": 1.681,
  "rho(1690)p_width": 0.19,
  "rho(1450)m_mass": 1.51,
  "rho(1450)m_width": 0.44,
  "rho(1570)m_mass": 1.57,
  "rho(1570)m_width": 0.14,
  "rho(1690)m_mass": 1.681,
  "rho(1690)m_width": 0.19,
  "f0(500)_E791_mass": 0.478,
  "f2(1270)_flatte_mass": 1.2754,
  "f2(1270)_flatte_g_0": 0.0036577463935804255,
  "f2(1270)_flatte_g_1": 0.017796853443076088,
  "f0(1370)_mass": 1.37,
  "f0(1370)_width": 0.35,
  "f0(1500)_flatte_mass": 1.522,
  "f0(1500)_flatte_g_0": 0.15243487195519578,
  "f0(1500)_flatte_g_1": 2.539974282317645,
  "f2(1430)_mass": 1.43,
  "f2(1430)_width": 0.046,
  "f2(1910)_mass": 1.934,
  "f2(1910)_width": 0.14,
  "Jpsi->rho(1450)p.pimrho(1450)p->phi.pip_total_0r": 1.0,
  "Jpsi->rho(1450)p.pimrho(1450)p->phi.pip_total_0i": 0.0,
  "Jpsi->rho(1450)p.pim_g_ls_0r": 1.0,
  "Jpsi->rho(1450)p.pim_g_ls_0i": 0.0,
  "rho(1450)p->phi.pip_g_ls_0r": 1.0,
  "rho(1450)p->phi.pip_g_ls_0i": 0.0,
  "Jpsi->rho(1570)p.pimrho(1570)p->phi.pip_total_0r": 0.5141577587515052,
  "Jpsi->rho(1570)p.pimrho(1570)p->phi.pip_total_0i": 2.009727758348628,
  "Jpsi->rho(1570)p.pim_g_ls_0r": 1.0,
  "Jpsi->rho(1570)p.pim_g_ls_0i": 0.0,
  "rho(1570)p->phi.pip_g_ls_0r": 1.0,
  "rho(1570)p->phi.pip_g_ls_0i": 0.0,
  "Jpsi->rho(1690)p.pimrho(1690)p->phi.pip_total_0r": 0.7257092258949287,
  "Jpsi->rho(1690)p.pimrho(1690)p->phi.pip_total_0i": -1.4285079995603343,
  "Jpsi->rho(1690)p.pim_g_ls_0r": 1.0,
  "Jpsi->rho(1690)p.pim_g_ls_0i": 0.0,
  "rho(1690)p->phi.pip_g_ls_0r": 1.0,
  "rho(1690)p->phi.pip_g_ls_0i": 0.0,
  "Jpsi->rho(1450)m.piprho(1450)m->phi.pim_total_0r": 1.0,
  "Jpsi->rho(1450)m.piprho(1450)m->phi.pim_total_0i": 0.0,
  "Jpsi->rho(1450)m.pip_g_ls_0r": 1.0,
  "Jpsi->rho(1450)m.pip_g_ls_0i": 0.0,
  "rho(1450)m->phi.pim_g_ls_0r": 1.0,
  "rho(1450)m->phi.pim_g_ls_0i": 0.0,
  "Jpsi->rho(1570)m.piprho(1570)m->phi.pim_total_0r": 0.5141577587515052,
  "Jpsi->rho(1570)m.piprho(1570)m->phi.pim_total_0i": 2.009727758348628,
  "Jpsi->rho(1570)m.pip_g_ls_0r": 1.0,
  "Jpsi->rho(1570)m.pip_g_ls_0i": 0.0,
  "rho(1570)m->phi.pim_g_ls_0r": 1.0,
  "rho(1570)m->phi.pim_g_ls_0i": 0.0,
  "Jpsi->rho(1690)m.piprho(1690)m->phi.pim_total_0r": 0.7257092258949287,
  "Jpsi->rho(1690)m.piprho(1690)m->phi.pim_total_0i": -1.4285079995603343,
  "Jpsi->rho(1690)m.pip_g_ls_0r": 1.0,
  "Jpsi->rho(1690)m.pip_g_ls_0i": 0.0,
  "rho(1690)m->phi.pim_g_ls_0r": 1.0,
  "rho(1690)m->phi.pim_g_ls_0i": 0.0,
  "Jpsi->phi.f0(500)_E791f0(500)_E791->pip.pim_total_0r": 0.8140427714837464,
  "Jpsi->phi.f0(500)_E791f0(500)_E791->pip.pim_total_0i": -2.8473485953293363,
  "Jpsi->phi.f0(500)_E791_g_ls_0r": 1.0,
  "Jpsi->phi.f0(500)_E791_g_ls_0i": 0.0,
  "Jpsi->phi.f0(500)_E791_g_ls_1r": 1.442536016610953,
  "Jpsi->phi.f0(500)_E791_g_ls_1i": -1.1598730924682932,
  "f0(500)_E791->pip.pim_g_ls_0r": 1.0,
  "f0(500)_E791->pip.pim_g_ls_0i": 0.0,
  "Jpsi->phi.f0(980)_flattef0(980)_flatte->pip.pim_total_0r": 1.6526303805189402,
  "Jpsi->phi.f0(980)_flattef0(980)_flatte->pip.pim_total_0i": -0.9345789911328413,
  "f0(980)_flatte->pip.pim_g_ls_0r": 1.0,
  "f0(980)_flatte->pip.pim_g_ls_0i": 0.0,
  "Jpsi->phi.f2(1270)_flattef2(1270)_flatte->pip.pim_total_0r": 0.7446313015260375,
  "Jpsi->phi.f2(1270)_flattef2(1270)_flatte->pip.pim_total_0i": -2.4349835245272686,
  "Jpsi->phi.f2(1270)_flatte_g_ls_0r": 1.0,
  "Jpsi->phi.f2(1270)_flatte_g_ls_0i": 0.0,
  "Jpsi->phi.f2(1270)_flatte_g_ls_1r": 0.39530047937758495,
  "Jpsi->phi.f2(1270)_flatte_g_ls_1i": -1.9225925972535858,
  "Jpsi->phi.f2(1270)_flatte_g_ls_2r": 1.2126119252042984,
  "Jpsi->phi.f2(1270)_flatte_g_ls_2i": 1.9739754127685485,
  "Jpsi->phi.f2(1270)_flatte_g_ls_3r": 1.0977971352772595,
  "Jpsi->phi.f2(1270)_flatte_g_ls_3i": -2.2376306944158886,
  "Jpsi->phi.f2(1270)_flatte_g_ls_4r": 1.935024982882266,
  "Jpsi->phi.f2(1270)_flatte_g_ls_4i": -0.9421986735544419,
  "f2(1270)_flatte->pip.pim_g_ls_0r": 1.0,
  "f2(1270)_flatte->pip.pim_g_ls_0i": 0.0,
  "Jpsi->phi.f0(1370)f0(1370)->pip.pim_total_0r": 1.4837956344970582,
  "Jpsi->phi.f0(1370)f0(1370)->pip.pim_total_0i": -1.8694877372138499,
  "Jpsi->phi.f0(1370)_g_ls_0r": 1.0,
  "Jpsi->phi.f0(1370)_g_ls_0i": 0.0,
  "Jpsi->phi.f0(1370)_g_ls_1r": 1.0844845953428677,
  "Jpsi->phi.f0(1370)_g_ls_1i": -2.0480684907924074,
  "f0(1370)->pip.pim_g_ls_0r": 1.0,
  "f0(1370)->pip.pim_g_ls_0i": 0.0,
  "Jpsi->phi.f0(1500)_flattef0(1500)_flatte->pip.pim_total_0r": 1.8421060740201374,
  "Jpsi->phi.f0(1500)_flattef0(1500)_flatte->pip.pim_total_0i": -2.1008410046788715,
  "Jpsi->phi.f0(1500)_flatte_g_ls_0r": 1.0,
  "Jpsi->phi.f0(1500)_flatte_g_ls_0i": 0.0,
  "Jpsi->phi.f0(1500)_flatte_g_ls_1r": 0.43765161895221016,
  "Jpsi->phi.f0(1500)_flatte_g_ls_1i": 2.1137623326555213,
  "f0(1500)_flatte->pip.pim_g_ls_0r": 1.0,
  "f0(1500)_flatte->pip.pim_g_ls_0i": 0.0,
  "Jpsi->phi.f0(1710)f0(1710)->pip.pim_total_0r": 0.8077788215224722,
  "Jpsi->phi.f0(1710)f0(1710)->pip.pim_total_0i": 2.7367085831062257,
  "f0(1710)->pip.pim_g_ls_0r": 1.0,
  "f0(1710)->pip.pim_g_ls_0i": 0.0,
  "Jpsi->phi.f2(1430)f2(1430)->pip.pim_total_0r": 0.9754606925285874,
  "Jpsi->phi.f2(1430)f2(1430)->pip.pim_total_0i": -1.9645383968143728,
  "Jpsi->phi.f2(1430)_g_ls_0r": 1.0,
  "Jpsi->phi.f2(1430)_g_ls_0i": 0.0,
  "Jpsi->phi.f2(1430)_g_ls_1r": 0.09919575127354507,
  "Jpsi->phi.f2(1430)_g_ls_1i": 1.367870991136848,
  "Jpsi->phi.f2(1430)_g_ls_2r": 0.018724511710769054,
  "Jpsi->phi.f2(1430)_g_ls_2i": 2.624587439540657,
  "Jpsi->phi.f2(1430)_g_ls_3r": 0.5087227138112951,
  "Jpsi->phi.f2(1430)_g_ls_3i": -0.4379462341962861,
  "Jpsi->phi.f2(1430)_g_ls_4r": 1.4212182865924956,
  "Jpsi->phi.f2(1430)_g_ls_4i": 0.04032294774769296,
  "f2(1430)->pip.pim_g_ls_0r": 1.0,
  "f2(1430)->pip.pim_g_ls_0i": 0.0,
  "Jpsi->phi.f2(1910)f2(1910)->pip.pim_total_0r": 0.3581339590382031,
  "Jpsi->phi.f2(1910)f2(1910)->pip.pim_total_0i": -2.5174636875732235,
  "Jpsi->phi.f2(1910)_g_ls_0r": 1.0,
  "Jpsi->phi.f2(1910)_g_ls_0i": 0.0,
  "Jpsi->phi.f2(1910)_g_ls_1r": 1.123271993262343,
  "Jpsi->phi.f2(1910)_g_ls_1i": -1.3579540615992234,
  "Jpsi->phi.f2(1910)_g_ls_2r": 0.9946765260223782,
  "Jpsi->phi.f2(1910)_g_ls_2i": -3.0500596699507834,
  "Jpsi->phi.f2(1910)_g_ls_3r": 1.6897431280253454,
  "Jpsi->phi.f2(1910)_g_ls_3i": 2.2605591831533545,
  "Jpsi->phi.f2(1910)_g_ls_4r": 1.589486028677186,
  "Jpsi->phi.f2(1910)_g_ls_4i": 2.897197850199798,
  "f2(1910)->pip.pim_g_ls_0r": 1.0,
  "f2(1910)->pip.pim_g_ls_0i": 0.0,
  "K1(1400)p_mass": 1.403,
  "K1(1400)p_width": 0.174,
  "K2(1820)p_mass": 1.819,
  "K2(1820)p_width": 0.264,
  "K2(1980)p_mass": 1.99,
  "K2(1980)p_width": 0.348,
  "K2(2250)p_mass": 2.247,
  "K2(2250)p_width": 0.18,
  "K3(2320)p_mass": 2.324,
  "K3(2320)p_width": 0.15,
  "K1(1400)m_mass": 1.403,
  "K1(1400)m_width": 0.174,
  "K2(1820)m_mass": 1.819,
  "K2(1820)m_width": 0.264,
  "K2(1980)m_mass": 1.99,
  "K2(1980)m_width": 0.348,
  "K3(2320)m_mass": 2.324,
  "K3(2320)m_width": 0.15,
  "f0(980)_flatte_mass": 0.965,
  "f0(980)_flatte_g_0": 0.03395613164641009,
  "f0(980)_flatte_g_1": 1.2696813561235614,
  "f2(1270)_mass": 1.2754,
  "f2(1270)_width": 0.1858,
  "f0(1500)_mass": 1.522,
  "f0(1500)_width": 0.108,
  "f2(1525)_mass": 1.5173,
  "f2(1525)_width": 0.072,
  "f2(1565)_mass": 1.571,
  "f2(1565)_width": 0.132,
  "f0(1710)_mass": 1.733,
  "f0(1710)_width": 0.15,
  "f2(1810)_mass": 1.815,
  "f2(1810)_width": 0.197,
  "Jpsi->K1(1400)p.kmK1(1400)p->phi.kp_total_0r": 1.0,
  "Jpsi->K1(1400)p.kmK1(1400)p->phi.kp_total_0i": 0.0,
  "Jpsi->K1(1400)p.km_g_ls_0r": 1.0,
  "Jpsi->K1(1400)p.km_g_ls_0i": 0.0,
  "Jpsi->K1(1400)p.km_g_ls_1r": 0.6653394538698554,
  "Jpsi->K1(1400)p.km_g_ls_1i": -2.4475059600589772,
  "K1(1400)p->phi.kp_g_ls_0r": 1.0,
  "K1(1400)p->phi.kp_g_ls_0i": 0.0,
  "K1(1400)p->phi.kp_g_ls_1r": 0.7598893968587648,
  "K1(1400)p->phi.kp_g_ls_1i": 1.6256267474995871,
  "Jpsi->K2(1820)p.kmK2(1820)p->phi.kp_total_0r": 0.9527664852524698,
  "Jpsi->K2(1820)p.kmK2(1820)p->phi.kp_total_0i": -2.5731641267224816,
  "Jpsi->K2(1820)p.km_g_ls_0r": 1.0,
  "Jpsi->K2(1820)p.km_g_ls_0i": 0.0,
  "Jpsi->K2(1820)p.km_g_ls_1r": 0.9222115974332898,
  "Jpsi->K2(1820)p.km_g_ls_1i": -0.06921220824152297,
  "K2(1820)p->phi.kp_g_ls_0r": 1.0,
  "K2(1820)p->phi.kp_g_ls_0i": 0.0,
  "K2(1820)p->phi.kp_g_ls_1r": 0.9130217860261527,
  "K2(1820)p->phi.kp_g_ls_1i": -2.6223549443238383,
  "Jpsi->K2(1980)p.kmK2(1980)p->phi.kp_total_0r": 1.6260044793500636,
  "Jpsi->K2(1980)p.kmK2(1980)p->phi.kp_total_0i": -2.1876242773241286,
  "Jpsi->K2(1980)p.km_g_ls_0r": 1.0,
  "Jpsi->K2(1980)p.km_g_ls_0i": 0.0,
  "K2(1980)p->phi.kp_g_ls_0r": 1.0,
  "K2(1980)p->phi.kp_g_ls_0i": 0.0,
  "Jpsi->K2(2250)p.kmK2(2250)p->phi.kp_total_0r": 0.1910866051773783,
  "Jpsi->K2(2250)p.kmK2(2250)p->phi.kp_total_0i": 1.3029180826509403,
  "Jpsi->K2(2250)p.km_g_ls_0r": 1.0,
  "Jpsi->K2(2250)p.km_g_ls_0i": 0.0,
  "Jpsi->K2(2250)p.km_g_ls_1r": 1.9234480000933725,
  "Jpsi->K2(2250)p.km_g_ls_1i": -0.7784883058490006,
  "K2(2250)p->phi.kp_g_ls_0r": 1.0,
  "K2(2250)p->phi.kp_g_ls_0i": 0.0,
  "K2(2250)p->phi.kp_g_ls_1r": 1.8887666830704153,
  "K2(2250)p->phi.kp_g_ls_1i": 1.430681171243534,
  "Jpsi->K3(2320)p.kmK3(2320)p->phi.kp_total_0r": 0.5279270063316952,
  "Jpsi->K3(2320)p.kmK3(2320)p->phi.kp_total_0i": 0.4050518971087329,
  "Jpsi->K3(2320)p.km_g_ls_0r": 1.0,
  "Jpsi->K3(2320)p.km_g_ls_0i": 0.0,
  "Jpsi->K3(2320)p.km_g_ls_1r": 0.43718724573109347,
  "Jpsi->K3(2320)p.km_g_ls_1i": 2.162756906535983,
  "K3(2320)p->phi.kp_g_ls_0r": 1.0,
  "K3(2320)p->phi.kp_g_ls_0i": 0.0,
  "K3(2320)p->phi.kp_g_ls_1r": 1.8266125148380237,
  "K3(2320)p->phi.kp_g_ls_1i": 1.7361934129867285,
  "Jpsi->K1(1400)m.kpK1(1400)m->phi.km_total_0r": 1.0,
  "Jpsi->K1(1400)m.kpK1(1400)m->phi.km_total_0i": 0.0,
  "Jpsi->K1(1400)m.kp_g_ls_0r": 1.0,
  "Jpsi->K1(1400)m.kp_g_ls_0i": 0.0,
  "Jpsi->K1(1400)m.kp_g_ls_1r": 0.6653394538698554,
  "Jpsi->K1(1400)m.kp_g_ls_1i": -2.4475059600589772,
  "K1(1400)m->phi.km_g_ls_0r": 1.0,
  "K1(1400)m->phi.km_g_ls_0i": 0.0,
  "K1(1400)m->phi.km_g_ls_1r": 0.7598893968587648,
  "K1(1400)m->phi.km_g_ls_1i": 1.6256267474995871,
  "Jpsi->K2(1820)m.kpK2(1820)m->phi.km_total_0r": 0.9527664852524698,
  "Jpsi->K2(1820)m.kpK2(1820)m->phi.km_total_0i": -2.5731641267224816,
  "Jpsi->K2(1820)m.kp_g_ls_0r": 1.0,
  "Jpsi->K2(1820)m.kp_g_ls_0i": 0.0,
  "Jpsi->K2(1820)m.kp_g_ls_1r": 0.9222115974332898,
  "Jpsi->K2(1820)m.kp_g_ls_1i": -0.06921220824152297,
  "K2(1820)m->phi.km_g_ls_0r": 1.0,
  "K2(1820)m->phi.km_g_ls_0i": 0.0,
  "K2(1820)m->phi.km_g_ls_1r": 0.9130217860261527,
  "K2(1820)m->phi.km_g_ls_1i": -2.6223549443238383,
  "Jpsi->K2(1980)m.kpK2(1980)m->phi.km_total_0r": 1.6260044793500636,
  "Jpsi->K2(1980)m.kpK2(1980)m->phi.km_total_0i": -2.1876242773241286,
  "Jpsi->K2(1980)m.kp_g_ls_0r": 1.0,
  "Jpsi->K2(1980)m.kp_g_ls_0i": 0.0,
  "K2(1980)m->phi.km_g_ls_0r": 1.0,
  "K2(1980)m->phi.km_g_ls_0i": 0.0,
  "Jpsi->K2(2250)p.kpK2(2250)p->phi.km_total_0r": 1.2111157545892568,
  "Jpsi->K2(2250)p.kpK2(2250)p->phi.km_total_0i": 1.1872815725452446,
  "Jpsi->K2(2250)p.kp_g_ls_0r": 1.0,
  "Jpsi->K2(2250)p.kp_g_ls_0i": 0.0,
  "Jpsi->K2(2250)p.kp_g_ls_1r": 1.2015341187759008,
  "Jpsi->K2(2250)p.kp_g_ls_1i": 2.6600457258600043,
  "K2(2250)p->phi.km_g_ls_0r": 1.0,
  "K2(2250)p->phi.km_g_ls_0i": 0.0,
  "K2(2250)p->phi.km_g_ls_1r": 0.6699239960095715,
  "K2(2250)p->phi.km_g_ls_1i": 0.3449687346014789,
  "Jpsi->K3(2320)m.kpK3(2320)m->phi.km_total_0r": 0.5279270063316952,
  "Jpsi->K3(2320)m.kpK3(2320)m->phi.km_total_0i": 0.4050518971087329,
  "Jpsi->K3(2320)m.kp_g_ls_0r": 1.0,
  "Jpsi->K3(2320)m.kp_g_ls_0i": 0.0,
  "Jpsi->K3(2320)m.kp_g_ls_1r": 0.43718724573109347,
  "Jpsi->K3(2320)m.kp_g_ls_1i": 2.162756906535983,
  "K3(2320)m->phi.km_g_ls_0r": 1.0,
  "K3(2320)m->phi.km_g_ls_0i": 0.0,
  "K3(2320)m->phi.km_g_ls_1r": 1.8266125148380237,
  "K3(2320)m->phi.km_g_ls_1i": 1.7361934129867285,
  "Jpsi->phi.f0(980)_flattef0(980)_flatte->kp.km_total_0r": 0.6158477794875998,
  "Jpsi->phi.f0(980)_flattef0(980)_flatte->kp.km_total_0i": 1.6734639793587878,
  "Jpsi->phi.f0(980)_flatte_g_ls_0r": 1.0,
  "Jpsi->phi.f0(980)_flatte_g_ls_0i": 0.0,
  "Jpsi->phi.f0(980)_flatte_g_ls_1r": 1.102215517731227,
  "Jpsi->phi.f0(980)_flatte_g_ls_1i": 0.3163630350120483,
  "f0(980)_flatte->kp.km_g_ls_0r": 1.0,
  "f0(980)_flatte->kp.km_g_ls_0i": 0.0,
  "Jpsi->phi.f2(1270)f2(1270)->kp.km_total_0r": 0.6924058932190338,
  "Jpsi->phi.f2(1270)f2(1270)->kp.km_total_0i": -0.7159438264550126,
  "Jpsi->phi.f2(1270)_g_ls_0r": 1.0,
  "Jpsi->phi.f2(1270)_g_ls_0i": 0.0,
  "Jpsi->phi.f2(1270)_g_ls_1r": 1.5138522767641853,
  "Jpsi->phi.f2(1270)_g_ls_1i": -2.152903065217475,
  "Jpsi->phi.f2(1270)_g_ls_2r": 1.2040938209724863,
  "Jpsi->phi.f2(1270)_g_ls_2i": 0.5498077894742086,
  "Jpsi->phi.f2(1270)_g_ls_3r": 0.7387333458240639,
  "Jpsi->phi.f2(1270)_g_ls_3i": -2.8249847948628193,
  "Jpsi->phi.f2(1270)_g_ls_4r": 1.341901991944758,
  "Jpsi->phi.f2(1270)_g_ls_4i": -0.8054447584419506,
  "f2(1270)->kp.km_g_ls_0r": 1.0,
  "f2(1270)->kp.km_g_ls_0i": 0.0,
  "Jpsi->phi.f0(1500)f0(1500)->kp.km_total_0r": 1.728987944564976,
  "Jpsi->phi.f0(1500)f0(1500)->kp.km_total_0i": 1.0092504088898018,
  "Jpsi->phi.f0(1500)_g_ls_0r": 1.0,
  "Jpsi->phi.f0(1500)_g_ls_0i": 0.0,
  "Jpsi->phi.f0(1500)_g_ls_1r": 0.018834766965320604,
  "Jpsi->phi.f0(1500)_g_ls_1i": -2.8541346969377615,
  "f0(1500)->kp.km_g_ls_0r": 1.0,
  "f0(1500)->kp.km_g_ls_0i": 0.0,
  "Jpsi->phi.f2(1525)f2(1525)->kp.km_total_0r": 4.3512315661686785e-07,
  "Jpsi->phi.f2(1525)f2(1525)->kp.km_total_0i": -0.3851816528974408,
  "Jpsi->phi.f2(1525)_g_ls_0r": 1.0,
  "Jpsi->phi.f2(1525)_g_ls_0i": 0.0,
  "Jpsi->phi.f2(1525)_g_ls_1r": 0.5562420307908496,
  "Jpsi->phi.f2(1525)_g_ls_1i": -2.613665325432462,
  "Jpsi->phi.f2(1525)_g_ls_2r": 1.4604150239136713,
  "Jpsi->phi.f2(1525)_g_ls_2i": 2.6305738341736893,
  "Jpsi->phi.f2(1525)_g_ls_3r": 1.5302469385086241,
  "Jpsi->phi.f2(1525)_g_ls_3i": 0.9751153463321298,
  "Jpsi->phi.f2(1525)_g_ls_4r": 0.5180862510082274,
  "Jpsi->phi.f2(1525)_g_ls_4i": -0.8759475485259207,
  "f2(1525)->kp.km_g_ls_0r": 1.0,
  "f2(1525)->kp.km_g_ls_0i": 0.0,
  "Jpsi->phi.f2(1565)f2(1565)->kp.km_total_0r": 0.17125510940623956,
  "Jpsi->phi.f2(1565)f2(1565)->kp.km_total_0i": 1.4515446270991177,
  "Jpsi->phi.f2(1565)_g_ls_0r": 1.0,
  "Jpsi->phi.f2(1565)_g_ls_0i": 0.0,
  "Jpsi->phi.f2(1565)_g_ls_1r": 1.9645020031900464,
  "Jpsi->phi.f2(1565)_g_ls_1i": 2.1520537642403568,
  "Jpsi->phi.f2(1565)_g_ls_2r": 0.5756400109649009,
  "Jpsi->phi.f2(1565)_g_ls_2i": -1.064686336604915,
  "Jpsi->phi.f2(1565)_g_ls_3r": 0.7011930384163607,
  "Jpsi->phi.f2(1565)_g_ls_3i": -2.064197753815545,
  "Jpsi->phi.f2(1565)_g_ls_4r": 0.6137505965906387,
  "Jpsi->phi.f2(1565)_g_ls_4i": 2.847913113894732,
  "f2(1565)->kp.km_g_ls_0r": 1.0,
  "f2(1565)->kp.km_g_ls_0i": 0.0,
  "Jpsi->phi.f0(1710)f0(1710)->kp.km_total_0r": 1.6468186028407241,
  "Jpsi->phi.f0(1710)f0(1710)->kp.km_total_0i": -2.896951432001593,
  "Jpsi->phi.f0(1710)_g_ls_0r": 1.0,
  "Jpsi->phi.f0(1710)_g_ls_0i": 0.0,
  "Jpsi->phi.f0(1710)_g_ls_1r": 1.4036195063524048,
  "Jpsi->phi.f0(1710)_g_ls_1i": 2.251163992645365,
  "f0(1710)->kp.km_g_ls_0r": 1.0,
  "f0(1710)->kp.km_g_ls_0i": 0.0,
  "Jpsi->phi.f2(1810)f2(1810)->kp.km_total_0r": 1.0782026393325692,
  "Jpsi->phi.f2(1810)f2(1810)->kp.km_total_0i": 0.04911072187730392,
  "Jpsi->phi.f2(1810)_g_ls_0r": 1.0,
  "Jpsi->phi.f2(1810)_g_ls_0i": 0.0,
  "Jpsi->phi.f2(1810)_g_ls_1r": 1.894433903247016,
  "Jpsi->phi.f2(1810)_g_ls_1i": 0.9985543527930814,
  "Jpsi->phi.f2(1810)_g_ls_2r": 1.2806027269408333,
  "Jpsi->phi.f2(1810)_g_ls_2i": -2.503763003604799,
  "Jpsi->phi.f2(1810)_g_ls_3r": 0.1830898135399841,
  "Jpsi->phi.f2(1810)_g_ls_3i": 1.3984014200158095,
  "Jpsi->phi.f2(1810)_g_ls_4r": 1.0805351534972338,
  "Jpsi->phi.f2(1810)_g_ls_4i": -1.0767279213689975,
  "f2(1810)->kp.km_g_ls_0r": 1.0,
  "f2(1810)->kp.km_g_ls_0i": 0.0
}
nll_grad  cost time: 2.694676637649536
nll_grad  cost time: 2.699902057647705
tf.Tensor(-1022.2828794407251, shape=(), dtype=float64)
nll_grad  cost time: 2.750387191772461
tf.Tensor(-3267.996900737562, shape=(), dtype=float64)
nll_grad  cost time: 2.861527681350708
nll_grad  cost time: 2.7950847148895264
tf.Tensor(-3699.607980149318, shape=(), dtype=float64)
nll_grad  cost time: 2.955531597137451
tf.Tensor(-4466.774714867424, shape=(), dtype=float64)
nll_grad  cost time: 2.7167484760284424
tf.Tensor(-5829.478593275839, shape=(), dtype=float64)
nll_grad  cost time: 2.7133657932281494
tf.Tensor(-6822.108010417709, shape=(), dtype=float64)
nll_grad  cost time: 2.6832332611083984
tf.Tensor(-7688.351135823425, shape=(), dtype=float64)
nll_grad  cost time: 2.649430751800537
nll_grad  cost time: 2.5013110637664795
tf.Tensor(-8013.31421448967, shape=(), dtype=float64)
nll_grad  cost time: 2.57147479057312
tf.Tensor(-8319.135995288249, shape=(), dtype=float64)
nll_grad  cost time: 2.5594890117645264
tf.Tensor(-8596.53188271368, shape=(), dtype=float64)
nll_grad  cost time: 2.524184226989746
tf.Tensor(-8721.381806378122, shape=(), dtype=float64)
nll_grad  cost time: 2.6466574668884277
tf.Tensor(-8910.053164648314, shape=(), dtype=float64)
nll_grad  cost time: 2.562250852584839
tf.Tensor(-9107.745514955634, shape=(), dtype=float64)
nll_grad  cost time: 2.6494104862213135
nll_grad  cost time: 2.6886372566223145
tf.Tensor(-9214.003227753812, shape=(), dtype=float64)
nll_grad  cost time: 2.6291704177856445
tf.Tensor(-9354.819896840825, shape=(), dtype=float64)
nll_grad  cost time: 2.6229920387268066
tf.Tensor(-9540.925936319865, shape=(), dtype=float64)
nll_grad  cost time: 2.6463096141815186
tf.Tensor(-9684.381970887567, shape=(), dtype=float64)
nll_grad  cost time: 2.6381027698516846
nll_grad  cost time: 2.6405093669891357
tf.Tensor(-9743.00007370727, shape=(), dtype=float64)
nll_grad  cost time: 2.608057975769043
tf.Tensor(-9801.288664832493, shape=(), dtype=float64)
nll_grad  cost time: 2.6195755004882812
tf.Tensor(-9869.936089830415, shape=(), dtype=float64)
nll_grad  cost time: 2.712895154953003
tf.Tensor(-9905.777794576527, shape=(), dtype=float64)
nll_grad  cost time: 2.754683256149292
tf.Tensor(-9955.917714215699, shape=(), dtype=float64)
nll_grad  cost time: 2.675651788711548
tf.Tensor(-9982.967509806826, shape=(), dtype=float64)
nll_grad  cost time: 2.769700050354004
tf.Tensor(-10005.17519115431, shape=(), dtype=float64)
nll_grad  cost time: 2.7045092582702637
tf.Tensor(-10040.499397560518, shape=(), dtype=float64)
nll_grad  cost time: 2.809113025665283
tf.Tensor(-10091.084716245983, shape=(), dtype=float64)
nll_grad  cost time: 2.7184345722198486
tf.Tensor(-10111.704178900414, shape=(), dtype=float64)
nll_grad  cost time: 2.7806990146636963
tf.Tensor(-10140.94329663529, shape=(), dtype=float64)
nll_grad  cost time: 2.7601239681243896
tf.Tensor(-10170.069037490059, shape=(), dtype=float64)
nll_grad  cost time: 2.654327154159546
tf.Tensor(-10206.19238427194, shape=(), dtype=float64)
nll_grad  cost time: 2.6948113441467285
tf.Tensor(-10243.401657713475, shape=(), dtype=float64)
nll_grad  cost time: 2.7110395431518555
tf.Tensor(-10264.536406668733, shape=(), dtype=float64)
nll_grad  cost time: 2.772392988204956
tf.Tensor(-10296.369882146144, shape=(), dtype=float64)
nll_grad  cost time: 2.7692055702209473
tf.Tensor(-10318.349203728358, shape=(), dtype=float64)
nll_grad  cost time: 2.8291778564453125
tf.Tensor(-10337.94067720791, shape=(), dtype=float64)
nll_grad  cost time: 2.735787868499756
tf.Tensor(-10352.50002898615, shape=(), dtype=float64)
nll_grad  cost time: 2.7116522789001465
tf.Tensor(-10365.505901828132, shape=(), dtype=float64)
nll_grad  cost time: 2.7305123805999756
tf.Tensor(-10377.169578584246, shape=(), dtype=float64)
nll_grad  cost time: 2.658494710922241
tf.Tensor(-10392.44332491282, shape=(), dtype=float64)
nll_grad  cost time: 2.6015772819519043
tf.Tensor(-10408.268772441486, shape=(), dtype=float64)
nll_grad  cost time: 2.6494765281677246
tf.Tensor(-10422.04311092681, shape=(), dtype=float64)
nll_grad  cost time: 2.6588099002838135
tf.Tensor(-10437.832092257988, shape=(), dtype=float64)
nll_grad  cost time: 2.6826560497283936
tf.Tensor(-10451.250173661785, shape=(), dtype=float64)
nll_grad  cost time: 2.6979379653930664
tf.Tensor(-10466.913695815834, shape=(), dtype=float64)
nll_grad  cost time: 2.6024460792541504
tf.Tensor(-10474.7915039027, shape=(), dtype=float64)
nll_grad  cost time: 2.7705953121185303
tf.Tensor(-10486.285292445304, shape=(), dtype=float64)
nll_grad  cost time: 2.6537222862243652
tf.Tensor(-10497.578724122897, shape=(), dtype=float64)
nll_grad  cost time: 2.750776529312134
tf.Tensor(-10508.776744678864, shape=(), dtype=float64)
nll_grad  cost time: 2.6674442291259766
tf.Tensor(-10516.647005055333, shape=(), dtype=float64)
nll_grad  cost time: 2.676563262939453
tf.Tensor(-10525.841737700932, shape=(), dtype=float64)
nll_grad  cost time: 2.6772453784942627
tf.Tensor(-10534.6063398744, shape=(), dtype=float64)
nll_grad  cost time: 2.699681043624878
tf.Tensor(-10545.55419016545, shape=(), dtype=float64)
nll_grad  cost time: 2.6085216999053955
tf.Tensor(-10553.411983185055, shape=(), dtype=float64)
nll_grad  cost time: 2.598222255706787
tf.Tensor(-10564.68920542908, shape=(), dtype=float64)
nll_grad  cost time: 2.751497507095337
tf.Tensor(-10571.113117715213, shape=(), dtype=float64)
nll_grad  cost time: 2.581052541732788
tf.Tensor(-10581.131357564576, shape=(), dtype=float64)
nll_grad  cost time: 2.678128242492676
tf.Tensor(-10590.069879642731, shape=(), dtype=float64)
nll_grad  cost time: 2.609673023223877
nll_grad  cost time: 2.5235579013824463
tf.Tensor(-10595.031598904592, shape=(), dtype=float64)
nll_grad  cost time: 2.58774471282959
tf.Tensor(-10600.294216776252, shape=(), dtype=float64)
nll_grad  cost time: 2.5342392921447754
tf.Tensor(-10607.097211877364, shape=(), dtype=float64)
nll_grad  cost time: 2.573557138442993
tf.Tensor(-10613.863447673168, shape=(), dtype=float64)
nll_grad  cost time: 2.620091676712036
tf.Tensor(-10621.585394856505, shape=(), dtype=float64)
nll_grad  cost time: 2.6444289684295654
tf.Tensor(-10630.647257163233, shape=(), dtype=float64)
nll_grad  cost time: 2.6722850799560547
tf.Tensor(-10639.638729499842, shape=(), dtype=float64)
nll_grad  cost time: 2.9333248138427734
tf.Tensor(-10643.207643673246, shape=(), dtype=float64)
nll_grad  cost time: 2.8006198406219482
tf.Tensor(-10648.057851474558, shape=(), dtype=float64)
nll_grad  cost time: 2.780541181564331
tf.Tensor(-10653.693132604487, shape=(), dtype=float64)
nll_grad  cost time: 2.6513118743896484
tf.Tensor(-10656.982793646283, shape=(), dtype=float64)
nll_grad  cost time: 2.6255526542663574
tf.Tensor(-10662.04352833792, shape=(), dtype=float64)
nll_grad  cost time: 2.697782039642334
tf.Tensor(-10667.079562221465, shape=(), dtype=float64)
nll_grad  cost time: 2.7048141956329346
tf.Tensor(-10673.593569669509, shape=(), dtype=float64)
nll_grad  cost time: 2.5974280834198
tf.Tensor(-10679.88959446855, shape=(), dtype=float64)
nll_grad  cost time: 2.6982860565185547
tf.Tensor(-10682.292217749127, shape=(), dtype=float64)
nll_grad  cost time: 2.7071292400360107
tf.Tensor(-10685.884517018945, shape=(), dtype=float64)
nll_grad  cost time: 2.739258289337158
tf.Tensor(-10690.726069852419, shape=(), dtype=float64)
nll_grad  cost time: 2.96156644821167
tf.Tensor(-10694.741763746599, shape=(), dtype=float64)
nll_grad  cost time: 2.7171106338500977
tf.Tensor(-10699.815961985674, shape=(), dtype=float64)
nll_grad  cost time: 2.716123342514038
tf.Tensor(-10705.486117665423, shape=(), dtype=float64)
nll_grad  cost time: 2.5611660480499268
tf.Tensor(-10706.922597622106, shape=(), dtype=float64)
nll_grad  cost time: 2.5885274410247803
tf.Tensor(-10709.415153405906, shape=(), dtype=float64)
nll_grad  cost time: 2.649764060974121
tf.Tensor(-10712.922787543735, shape=(), dtype=float64)
nll_grad  cost time: 2.709261655807495
tf.Tensor(-10718.130442495167, shape=(), dtype=float64)
nll_grad  cost time: 2.7150790691375732
tf.Tensor(-10722.849111382457, shape=(), dtype=float64)
nll_grad  cost time: 2.651386260986328
tf.Tensor(-10726.142203696203, shape=(), dtype=float64)
nll_grad  cost time: 2.590442419052124
tf.Tensor(-10731.342082196861, shape=(), dtype=float64)
nll_grad  cost time: 2.567059278488159
tf.Tensor(-10737.230480496408, shape=(), dtype=float64)
nll_grad  cost time: 2.7418315410614014
tf.Tensor(-10739.16850655654, shape=(), dtype=float64)
nll_grad  cost time: 2.68989896774292
tf.Tensor(-10742.199443744219, shape=(), dtype=float64)
nll_grad  cost time: 2.964308977127075
tf.Tensor(-10746.058697104541, shape=(), dtype=float64)
nll_grad  cost time: 2.830080032348633
tf.Tensor(-10751.100012559138, shape=(), dtype=float64)
nll_grad  cost time: 2.6175239086151123
tf.Tensor(-10754.564821640437, shape=(), dtype=float64)
nll_grad  cost time: 2.6306140422821045
tf.Tensor(-10758.550496815675, shape=(), dtype=float64)
nll_grad  cost time: 2.650731086730957
tf.Tensor(-10763.644197517206, shape=(), dtype=float64)
nll_grad  cost time: 2.7257168292999268
tf.Tensor(-10768.010288161313, shape=(), dtype=float64)
nll_grad  cost time: 2.6428964138031006
tf.Tensor(-10772.208736291825, shape=(), dtype=float64)
nll_grad  cost time: 2.8418753147125244
tf.Tensor(-10774.076910938078, shape=(), dtype=float64)
nll_grad  cost time: 2.575927257537842
tf.Tensor(-10776.13364067029, shape=(), dtype=float64)
nll_grad  cost time: 2.7076058387756348
tf.Tensor(-10778.892682772319, shape=(), dtype=float64)
nll_grad  cost time: 2.7026150226593018
tf.Tensor(-10781.882857518096, shape=(), dtype=float64)
nll_grad  cost time: 2.5774357318878174
tf.Tensor(-10786.625702294928, shape=(), dtype=float64)
nll_grad  cost time: 2.6521294116973877
tf.Tensor(-10791.806927233745, shape=(), dtype=float64)
nll_grad  cost time: 2.6759467124938965
tf.Tensor(-10798.930919717634, shape=(), dtype=float64)
nll_grad  cost time: 2.745964765548706
tf.Tensor(-10803.829790423188, shape=(), dtype=float64)
nll_grad  cost time: 2.7343664169311523
nll_grad  cost time: 2.593261241912842
tf.Tensor(-10806.350426709847, shape=(), dtype=float64)
nll_grad  cost time: 2.6942930221557617
tf.Tensor(-10809.258265331067, shape=(), dtype=float64)
nll_grad  cost time: 2.6326637268066406
tf.Tensor(-10811.183483245346, shape=(), dtype=float64)
nll_grad  cost time: 2.5570027828216553
tf.Tensor(-10814.022122904527, shape=(), dtype=float64)
nll_grad  cost time: 2.6839795112609863
tf.Tensor(-10816.412974357692, shape=(), dtype=float64)
nll_grad  cost time: 2.753337860107422
tf.Tensor(-10818.716819644396, shape=(), dtype=float64)
nll_grad  cost time: 2.6149497032165527
tf.Tensor(-10821.729207214288, shape=(), dtype=float64)
nll_grad  cost time: 2.698293685913086
tf.Tensor(-10824.983043352986, shape=(), dtype=float64)
nll_grad  cost time: 2.560283660888672
tf.Tensor(-10829.630057233459, shape=(), dtype=float64)
nll_grad  cost time: 2.606203556060791
tf.Tensor(-10834.558626954356, shape=(), dtype=float64)
nll_grad  cost time: 2.6380090713500977
nll_grad  cost time: 2.525578737258911
tf.Tensor(-10837.087247309988, shape=(), dtype=float64)
nll_grad  cost time: 2.6782822608947754
tf.Tensor(-10840.62708657296, shape=(), dtype=float64)
nll_grad  cost time: 2.745511293411255
tf.Tensor(-10844.916947180463, shape=(), dtype=float64)
nll_grad  cost time: 2.818072557449341
tf.Tensor(-10849.040662280357, shape=(), dtype=float64)
nll_grad  cost time: 2.7346575260162354
tf.Tensor(-10853.59925621793, shape=(), dtype=float64)
nll_grad  cost time: 2.668869733810425
tf.Tensor(-10856.934771855464, shape=(), dtype=float64)
nll_grad  cost time: 2.608489990234375
tf.Tensor(-10861.702333423513, shape=(), dtype=float64)
nll_grad  cost time: 2.6142046451568604
tf.Tensor(-10868.554840491648, shape=(), dtype=float64)
nll_grad  cost time: 2.640503406524658
tf.Tensor(-10876.851168206762, shape=(), dtype=float64)
nll_grad  cost time: 2.640430450439453
nll_grad  cost time: 2.586350917816162
tf.Tensor(-10880.636573355485, shape=(), dtype=float64)
nll_grad  cost time: 2.79632830619812
tf.Tensor(-10886.12223296924, shape=(), dtype=float64)
nll_grad  cost time: 2.6830785274505615
tf.Tensor(-10891.75073676696, shape=(), dtype=float64)
nll_grad  cost time: 2.5539393424987793
nll_grad  cost time: 2.5698018074035645
tf.Tensor(-10894.904153577649, shape=(), dtype=float64)
nll_grad  cost time: 2.540471315383911
tf.Tensor(-10899.585126177146, shape=(), dtype=float64)
nll_grad  cost time: 2.6771225929260254
tf.Tensor(-10900.989672909476, shape=(), dtype=float64)
nll_grad  cost time: 2.6754372119903564
tf.Tensor(-10903.420947924198, shape=(), dtype=float64)
nll_grad  cost time: 2.7903554439544678
tf.Tensor(-10906.991914807397, shape=(), dtype=float64)
nll_grad  cost time: 2.768918514251709
tf.Tensor(-10912.810219678737, shape=(), dtype=float64)
nll_grad  cost time: 2.6802783012390137
tf.Tensor(-10916.140255686652, shape=(), dtype=float64)
nll_grad  cost time: 2.627912998199463
tf.Tensor(-10920.718904973153, shape=(), dtype=float64)
nll_grad  cost time: 2.5698633193969727
tf.Tensor(-10923.336640446025, shape=(), dtype=float64)
nll_grad  cost time: 2.6027557849884033
tf.Tensor(-10927.553788238205, shape=(), dtype=float64)
nll_grad  cost time: 2.577427864074707
tf.Tensor(-10932.950543819315, shape=(), dtype=float64)
nll_grad  cost time: 2.733806848526001
tf.Tensor(-10936.955093009077, shape=(), dtype=float64)
nll_grad  cost time: 2.7104549407958984
tf.Tensor(-10940.96939807925, shape=(), dtype=float64)
nll_grad  cost time: 2.8498520851135254
tf.Tensor(-10943.867984619268, shape=(), dtype=float64)
nll_grad  cost time: 2.8077664375305176
tf.Tensor(-10947.800295657304, shape=(), dtype=float64)
nll_grad  cost time: 2.7481577396392822
tf.Tensor(-10950.61094925912, shape=(), dtype=float64)
nll_grad  cost time: 2.6796655654907227
tf.Tensor(-10954.700161389366, shape=(), dtype=float64)
nll_grad  cost time: 2.6377837657928467
tf.Tensor(-10957.354599253857, shape=(), dtype=float64)
nll_grad  cost time: 2.669055938720703
tf.Tensor(-10960.759831602962, shape=(), dtype=float64)
nll_grad  cost time: 2.68542742729187
tf.Tensor(-10962.88503487136, shape=(), dtype=float64)
nll_grad  cost time: 2.655092716217041
tf.Tensor(-10965.736701357135, shape=(), dtype=float64)
nll_grad  cost time: 2.5813539028167725
tf.Tensor(-10968.259822520267, shape=(), dtype=float64)
nll_grad  cost time: 2.621298313140869
tf.Tensor(-10970.808413119536, shape=(), dtype=float64)
nll_grad  cost time: 2.691727638244629
tf.Tensor(-10972.570606681838, shape=(), dtype=float64)
nll_grad  cost time: 2.8201444149017334
tf.Tensor(-10974.81665334871, shape=(), dtype=float64)
nll_grad  cost time: 2.7828116416931152
tf.Tensor(-10977.387039269845, shape=(), dtype=float64)
nll_grad  cost time: 2.8191757202148438
tf.Tensor(-10980.496304012413, shape=(), dtype=float64)
nll_grad  cost time: 2.6119027137756348
nll_grad  cost time: 2.7158102989196777
tf.Tensor(-10981.703684622495, shape=(), dtype=float64)
nll_grad  cost time: 2.731616497039795
tf.Tensor(-10983.490562484934, shape=(), dtype=float64)
nll_grad  cost time: 2.652264356613159
tf.Tensor(-10986.0437014036, shape=(), dtype=float64)
nll_grad  cost time: 2.581110954284668
tf.Tensor(-10988.174276066347, shape=(), dtype=float64)
nll_grad  cost time: 2.7076728343963623
tf.Tensor(-10990.95537830668, shape=(), dtype=float64)
nll_grad  cost time: 2.5933496952056885
tf.Tensor(-10994.466575033046, shape=(), dtype=float64)
nll_grad  cost time: 2.563098907470703
tf.Tensor(-10996.532257365558, shape=(), dtype=float64)
nll_grad  cost time: 2.605504035949707
tf.Tensor(-10998.977744119577, shape=(), dtype=float64)
nll_grad  cost time: 2.64237904548645
tf.Tensor(-11001.668206341754, shape=(), dtype=float64)
nll_grad  cost time: 2.559461832046509
tf.Tensor(-11003.326183324054, shape=(), dtype=float64)
nll_grad  cost time: 2.5979185104370117
tf.Tensor(-11005.389182212282, shape=(), dtype=float64)
nll_grad  cost time: 2.654019355773926
tf.Tensor(-11007.809277208944, shape=(), dtype=float64)
nll_grad  cost time: 2.6197149753570557
tf.Tensor(-11009.173902313152, shape=(), dtype=float64)
nll_grad  cost time: 2.6286332607269287
tf.Tensor(-11011.24452538346, shape=(), dtype=float64)
nll_grad  cost time: 2.6001479625701904
tf.Tensor(-11013.486552309318, shape=(), dtype=float64)
nll_grad  cost time: 2.6009750366210938
tf.Tensor(-11016.009161723588, shape=(), dtype=float64)
nll_grad  cost time: 2.5946152210235596
tf.Tensor(-11017.791165811504, shape=(), dtype=float64)
nll_grad  cost time: 2.661358118057251
tf.Tensor(-11019.120676689621, shape=(), dtype=float64)
nll_grad  cost time: 2.7496955394744873
tf.Tensor(-11020.881989974063, shape=(), dtype=float64)
nll_grad  cost time: 2.6980602741241455
tf.Tensor(-11022.768569873471, shape=(), dtype=float64)
nll_grad  cost time: 2.59110951423645
tf.Tensor(-11024.573879649179, shape=(), dtype=float64)
nll_grad  cost time: 2.745699882507324
tf.Tensor(-11026.54791980666, shape=(), dtype=float64)
nll_grad  cost time: 2.6202542781829834
tf.Tensor(-11028.904471692993, shape=(), dtype=float64)
nll_grad  cost time: 2.686288833618164
tf.Tensor(-11030.285863320765, shape=(), dtype=float64)
nll_grad  cost time: 2.6023738384246826
tf.Tensor(-11032.14105176914, shape=(), dtype=float64)
nll_grad  cost time: 2.6914846897125244
tf.Tensor(-11034.264429720177, shape=(), dtype=float64)
nll_grad  cost time: 2.587573289871216
tf.Tensor(-11035.658589694474, shape=(), dtype=float64)
nll_grad  cost time: 2.5980780124664307
tf.Tensor(-11037.021737770177, shape=(), dtype=float64)
nll_grad  cost time: 2.601320266723633
tf.Tensor(-11038.622002922319, shape=(), dtype=float64)
nll_grad  cost time: 2.6024301052093506
tf.Tensor(-11039.398582072252, shape=(), dtype=float64)
nll_grad  cost time: 2.6100852489471436
tf.Tensor(-11040.452110953876, shape=(), dtype=float64)
nll_grad  cost time: 2.6315858364105225
tf.Tensor(-11041.919831163868, shape=(), dtype=float64)
nll_grad  cost time: 2.697742223739624
tf.Tensor(-11042.597051136763, shape=(), dtype=float64)
nll_grad  cost time: 2.6585915088653564
tf.Tensor(-11043.689575796503, shape=(), dtype=float64)
nll_grad  cost time: 2.5943498611450195
tf.Tensor(-11045.30378044684, shape=(), dtype=float64)
nll_grad  cost time: 2.671142101287842
tf.Tensor(-11047.037582856326, shape=(), dtype=float64)
nll_grad  cost time: 2.6374716758728027
tf.Tensor(-11048.247167544185, shape=(), dtype=float64)
nll_grad  cost time: 2.5674943923950195
tf.Tensor(-11049.716938288642, shape=(), dtype=float64)
nll_grad  cost time: 2.546203851699829
tf.Tensor(-11051.167511906722, shape=(), dtype=float64)
nll_grad  cost time: 2.5911734104156494
tf.Tensor(-11052.63277480381, shape=(), dtype=float64)
nll_grad  cost time: 2.617928981781006
nll_grad  cost time: 2.6467835903167725
tf.Tensor(-11053.37808156517, shape=(), dtype=float64)
nll_grad  cost time: 2.68623423576355
tf.Tensor(-11054.393029800915, shape=(), dtype=float64)
nll_grad  cost time: 2.566380262374878
tf.Tensor(-11055.031389334014, shape=(), dtype=float64)
nll_grad  cost time: 2.8087987899780273
tf.Tensor(-11055.591862017609, shape=(), dtype=float64)
nll_grad  cost time: 2.631225824356079
tf.Tensor(-11056.229958566902, shape=(), dtype=float64)
nll_grad  cost time: 2.776583194732666
tf.Tensor(-11056.800660003275, shape=(), dtype=float64)
nll_grad  cost time: 2.6689679622650146
tf.Tensor(-11057.534591252355, shape=(), dtype=float64)
nll_grad  cost time: 2.71281361579895
tf.Tensor(-11058.425571450178, shape=(), dtype=float64)
nll_grad  cost time: 2.632894992828369
tf.Tensor(-11059.049431020525, shape=(), dtype=float64)
nll_grad  cost time: 2.696132183074951
tf.Tensor(-11059.56013197259, shape=(), dtype=float64)
nll_grad  cost time: 2.667444944381714
tf.Tensor(-11060.206157132277, shape=(), dtype=float64)
nll_grad  cost time: 2.780555248260498
tf.Tensor(-11060.940190945781, shape=(), dtype=float64)
nll_grad  cost time: 2.7667136192321777
tf.Tensor(-11061.39586720946, shape=(), dtype=float64)
nll_grad  cost time: 2.6547281742095947
tf.Tensor(-11061.990655909605, shape=(), dtype=float64)
nll_grad  cost time: 2.595111608505249
tf.Tensor(-11062.431261328806, shape=(), dtype=float64)
nll_grad  cost time: 2.6432104110717773
tf.Tensor(-11062.874817814685, shape=(), dtype=float64)
nll_grad  cost time: 2.745044231414795
tf.Tensor(-11063.155650010565, shape=(), dtype=float64)
nll_grad  cost time: 2.7437193393707275
tf.Tensor(-11063.506168439155, shape=(), dtype=float64)
nll_grad  cost time: 2.7505977153778076
tf.Tensor(-11063.910275515926, shape=(), dtype=float64)
nll_grad  cost time: 2.660115957260132
tf.Tensor(-11064.09006342847, shape=(), dtype=float64)
nll_grad  cost time: 2.6409385204315186
tf.Tensor(-11064.37414085248, shape=(), dtype=float64)
nll_grad  cost time: 2.711942672729492
tf.Tensor(-11064.747255875875, shape=(), dtype=float64)
nll_grad  cost time: 2.6910109519958496
tf.Tensor(-11064.942431747368, shape=(), dtype=float64)
nll_grad  cost time: 2.7716383934020996
tf.Tensor(-11065.212532521473, shape=(), dtype=float64)
nll_grad  cost time: 2.6211092472076416
tf.Tensor(-11065.547225814938, shape=(), dtype=float64)
nll_grad  cost time: 2.9286704063415527
tf.Tensor(-11065.869944929145, shape=(), dtype=float64)
nll_grad  cost time: 2.628070831298828
tf.Tensor(-11066.270858937947, shape=(), dtype=float64)
nll_grad  cost time: 2.653602361679077
tf.Tensor(-11066.791247784546, shape=(), dtype=float64)
nll_grad  cost time: 2.6709389686584473
tf.Tensor(-11067.201842401832, shape=(), dtype=float64)
nll_grad  cost time: 2.738567590713501
tf.Tensor(-11067.689126600599, shape=(), dtype=float64)
nll_grad  cost time: 2.6766083240509033
tf.Tensor(-11068.30492253181, shape=(), dtype=float64)
nll_grad  cost time: 2.669914484024048
tf.Tensor(-11069.175086813993, shape=(), dtype=float64)
nll_grad  cost time: 2.6897525787353516
tf.Tensor(-11070.123934984753, shape=(), dtype=float64)
nll_grad  cost time: 2.5859315395355225
tf.Tensor(-11070.944332178413, shape=(), dtype=float64)
nll_grad  cost time: 2.719092607498169
tf.Tensor(-11071.74855889487, shape=(), dtype=float64)
nll_grad  cost time: 2.6198153495788574
nll_grad  cost time: 2.7052648067474365
tf.Tensor(-11072.115002108738, shape=(), dtype=float64)
nll_grad  cost time: 2.748019218444824
tf.Tensor(-11072.648368537913, shape=(), dtype=float64)
nll_grad  cost time: 2.590604782104492
tf.Tensor(-11073.249693299018, shape=(), dtype=float64)
nll_grad  cost time: 2.581454277038574
tf.Tensor(-11073.711344381438, shape=(), dtype=float64)
nll_grad  cost time: 2.688642740249634
tf.Tensor(-11074.183134546663, shape=(), dtype=float64)
nll_grad  cost time: 2.5649209022521973
tf.Tensor(-11074.749746882553, shape=(), dtype=float64)
nll_grad  cost time: 2.575603723526001
tf.Tensor(-11075.22256525651, shape=(), dtype=float64)
nll_grad  cost time: 2.6720221042633057
tf.Tensor(-11075.689984719604, shape=(), dtype=float64)
nll_grad  cost time: 2.6645214557647705
tf.Tensor(-11076.145261272162, shape=(), dtype=float64)
nll_grad  cost time: 2.7730090618133545
tf.Tensor(-11076.692046176962, shape=(), dtype=float64)
nll_grad  cost time: 2.643606185913086
tf.Tensor(-11077.203683101026, shape=(), dtype=float64)
nll_grad  cost time: 2.65730881690979
tf.Tensor(-11077.633840659204, shape=(), dtype=float64)
nll_grad  cost time: 2.672499179840088
tf.Tensor(-11078.06342129477, shape=(), dtype=float64)
nll_grad  cost time: 2.614645004272461
tf.Tensor(-11078.497871385101, shape=(), dtype=float64)
nll_grad  cost time: 2.599520683288574
tf.Tensor(-11078.894195021203, shape=(), dtype=float64)
nll_grad  cost time: 2.6583364009857178
tf.Tensor(-11079.335053652656, shape=(), dtype=float64)
nll_grad  cost time: 2.7733073234558105
tf.Tensor(-11079.636638146425, shape=(), dtype=float64)
nll_grad  cost time: 2.6364083290100098
tf.Tensor(-11080.028709316794, shape=(), dtype=float64)
nll_grad  cost time: 2.6603238582611084
tf.Tensor(-11080.431175529884, shape=(), dtype=float64)
nll_grad  cost time: 2.570441961288452
tf.Tensor(-11080.856525974712, shape=(), dtype=float64)
nll_grad  cost time: 2.762937068939209
tf.Tensor(-11081.362486129241, shape=(), dtype=float64)
nll_grad  cost time: 2.6266822814941406
tf.Tensor(-11081.997961939254, shape=(), dtype=float64)
nll_grad  cost time: 2.9523391723632812
tf.Tensor(-11082.664052454958, shape=(), dtype=float64)
nll_grad  cost time: 2.6639513969421387
tf.Tensor(-11083.37685959656, shape=(), dtype=float64)
nll_grad  cost time: 2.6759016513824463
tf.Tensor(-11084.340286892555, shape=(), dtype=float64)
nll_grad  cost time: 2.787662982940674
tf.Tensor(-11085.11043697146, shape=(), dtype=float64)
nll_grad  cost time: 2.6665070056915283
tf.Tensor(-11085.785226706073, shape=(), dtype=float64)
nll_grad  cost time: 2.7497758865356445
nll_grad  cost time: 2.6413238048553467
tf.Tensor(-11086.186674504774, shape=(), dtype=float64)
nll_grad  cost time: 2.7196598052978516
tf.Tensor(-11086.768428143128, shape=(), dtype=float64)
nll_grad  cost time: 2.6441500186920166
tf.Tensor(-11087.428832295045, shape=(), dtype=float64)
nll_grad  cost time: 2.693516254425049
tf.Tensor(-11087.699078993697, shape=(), dtype=float64)
nll_grad  cost time: 2.597665548324585
tf.Tensor(-11088.168753253143, shape=(), dtype=float64)
nll_grad  cost time: 2.6967716217041016
tf.Tensor(-11088.961856288857, shape=(), dtype=float64)
nll_grad  cost time: 2.6116480827331543
tf.Tensor(-11090.163658680158, shape=(), dtype=float64)
nll_grad  cost time: 2.5483458042144775
tf.Tensor(-11090.896450162902, shape=(), dtype=float64)
nll_grad  cost time: 2.567772150039673
tf.Tensor(-11091.74246122782, shape=(), dtype=float64)
nll_grad  cost time: 2.708665370941162
tf.Tensor(-11092.511803817135, shape=(), dtype=float64)
nll_grad  cost time: 2.709820508956909
tf.Tensor(-11093.289266571694, shape=(), dtype=float64)
nll_grad  cost time: 2.657780170440674
tf.Tensor(-11094.30041397574, shape=(), dtype=float64)
nll_grad  cost time: 2.6407716274261475
tf.Tensor(-11095.716846586878, shape=(), dtype=float64)
nll_grad  cost time: 2.634941816329956
tf.Tensor(-11097.36472804624, shape=(), dtype=float64)
nll_grad  cost time: 2.7209341526031494
tf.Tensor(-11099.20452169588, shape=(), dtype=float64)
nll_grad  cost time: 2.62347674369812
tf.Tensor(-11099.794091645683, shape=(), dtype=float64)
nll_grad  cost time: 2.583092451095581
tf.Tensor(-11100.89850373775, shape=(), dtype=float64)
nll_grad  cost time: 2.6753382682800293
tf.Tensor(-11102.877426454234, shape=(), dtype=float64)
nll_grad  cost time: 2.603013515472412
tf.Tensor(-11105.749686436855, shape=(), dtype=float64)
nll_grad  cost time: 2.6336510181427
tf.Tensor(-11107.294779257116, shape=(), dtype=float64)
nll_grad  cost time: 2.6989307403564453
tf.Tensor(-11108.438734588244, shape=(), dtype=float64)
nll_grad  cost time: 2.686063766479492
tf.Tensor(-11109.579299333112, shape=(), dtype=float64)
nll_grad  cost time: 2.8038878440856934
tf.Tensor(-11110.557767411727, shape=(), dtype=float64)
nll_grad  cost time: 2.6450929641723633
tf.Tensor(-11111.46488909778, shape=(), dtype=float64)
nll_grad  cost time: 2.623244285583496
tf.Tensor(-11112.52756701482, shape=(), dtype=float64)
nll_grad  cost time: 2.69686222076416
tf.Tensor(-11113.889840651298, shape=(), dtype=float64)
nll_grad  cost time: 2.902221202850342
tf.Tensor(-11114.838022292164, shape=(), dtype=float64)
nll_grad  cost time: 2.691866874694824
tf.Tensor(-11115.815411114614, shape=(), dtype=float64)
nll_grad  cost time: 2.7669811248779297
tf.Tensor(-11116.906872341515, shape=(), dtype=float64)
nll_grad  cost time: 2.63978910446167
tf.Tensor(-11117.440003292351, shape=(), dtype=float64)
nll_grad  cost time: 2.6370763778686523
tf.Tensor(-11118.317307792264, shape=(), dtype=float64)
nll_grad  cost time: 2.6550283432006836
tf.Tensor(-11119.575247628014, shape=(), dtype=float64)
nll_grad  cost time: 2.668238878250122
tf.Tensor(-11120.69542447608, shape=(), dtype=float64)
nll_grad  cost time: 2.7835605144500732
tf.Tensor(-11121.727310617498, shape=(), dtype=float64)
nll_grad  cost time: 2.725980520248413
tf.Tensor(-11123.242428834354, shape=(), dtype=float64)
nll_grad  cost time: 2.743379592895508
tf.Tensor(-11125.351396798698, shape=(), dtype=float64)
nll_grad  cost time: 2.905095338821411
tf.Tensor(-11128.49864702161, shape=(), dtype=float64)
nll_grad  cost time: 2.8066556453704834
tf.Tensor(-11131.011198773456, shape=(), dtype=float64)
nll_grad  cost time: 2.704738140106201
tf.Tensor(-11133.833105977865, shape=(), dtype=float64)
nll_grad  cost time: 2.726949453353882
tf.Tensor(-11135.339007581762, shape=(), dtype=float64)
nll_grad  cost time: 2.6815109252929688
tf.Tensor(-11137.542430466205, shape=(), dtype=float64)
nll_grad  cost time: 2.7357349395751953
tf.Tensor(-11140.471757650088, shape=(), dtype=float64)
nll_grad  cost time: 2.655379295349121
tf.Tensor(-11141.856209699221, shape=(), dtype=float64)
nll_grad  cost time: 2.5845909118652344
tf.Tensor(-11143.89659469996, shape=(), dtype=float64)
nll_grad  cost time: 2.5296974182128906
tf.Tensor(-11146.902986049268, shape=(), dtype=float64)
nll_grad  cost time: 2.4705066680908203
tf.Tensor(-11150.71622273539, shape=(), dtype=float64)
nll_grad  cost time: 2.476940393447876
tf.Tensor(-11153.148362795364, shape=(), dtype=float64)
nll_grad  cost time: 2.5172481536865234
tf.Tensor(-11155.350390079202, shape=(), dtype=float64)
nll_grad  cost time: 2.7229111194610596
tf.Tensor(-11158.37723590705, shape=(), dtype=float64)
nll_grad  cost time: 2.610771894454956
tf.Tensor(-11161.631154976265, shape=(), dtype=float64)
nll_grad  cost time: 2.7611491680145264
tf.Tensor(-11165.437342361536, shape=(), dtype=float64)
nll_grad  cost time: 2.59662127494812
tf.Tensor(-11168.593492257021, shape=(), dtype=float64)
nll_grad  cost time: 2.6049537658691406
tf.Tensor(-11172.543380921394, shape=(), dtype=float64)
nll_grad  cost time: 2.58213210105896
tf.Tensor(-11178.175989033065, shape=(), dtype=float64)
nll_grad  cost time: 2.6382761001586914
tf.Tensor(-11184.218024030757, shape=(), dtype=float64)
nll_grad  cost time: 2.6992979049682617
nll_grad  cost time: 2.584747552871704
tf.Tensor(-11187.549091155222, shape=(), dtype=float64)
nll_grad  cost time: 2.660997152328491
tf.Tensor(-11189.9436935961, shape=(), dtype=float64)
nll_grad  cost time: 2.564326763153076
tf.Tensor(-11192.878116147444, shape=(), dtype=float64)
nll_grad  cost time: 2.638278007507324
tf.Tensor(-11193.745057707902, shape=(), dtype=float64)
nll_grad  cost time: 2.6501235961914062
tf.Tensor(-11195.221218446171, shape=(), dtype=float64)
nll_grad  cost time: 2.624441623687744
tf.Tensor(-11197.417706610262, shape=(), dtype=float64)
nll_grad  cost time: 2.6819658279418945
tf.Tensor(-11199.477570154937, shape=(), dtype=float64)
nll_grad  cost time: 2.564898729324341
tf.Tensor(-11199.817307500287, shape=(), dtype=float64)
nll_grad  cost time: 2.61096453666687
tf.Tensor(-11200.448848173572, shape=(), dtype=float64)
nll_grad  cost time: 2.75649356842041
tf.Tensor(-11201.566975926264, shape=(), dtype=float64)
nll_grad  cost time: 2.6762726306915283
tf.Tensor(-11203.189155112766, shape=(), dtype=float64)
nll_grad  cost time: 2.584918737411499
tf.Tensor(-11204.425728956914, shape=(), dtype=float64)
nll_grad  cost time: 2.819474935531616
tf.Tensor(-11205.021193518241, shape=(), dtype=float64)
nll_grad  cost time: 2.7601864337921143
tf.Tensor(-11205.86036976373, shape=(), dtype=float64)
nll_grad  cost time: 2.792306423187256
tf.Tensor(-11206.927830944262, shape=(), dtype=float64)
nll_grad  cost time: 2.8207216262817383
tf.Tensor(-11207.730827027772, shape=(), dtype=float64)
nll_grad  cost time: 2.6245357990264893
tf.Tensor(-11207.91401449247, shape=(), dtype=float64)
nll_grad  cost time: 2.759233236312866
tf.Tensor(-11208.229564157007, shape=(), dtype=float64)
nll_grad  cost time: 2.578223943710327
tf.Tensor(-11208.725679970186, shape=(), dtype=float64)
nll_grad  cost time: 2.575853109359741
tf.Tensor(-11209.27165404796, shape=(), dtype=float64)
nll_grad  cost time: 2.616152048110962
tf.Tensor(-11209.48997522283, shape=(), dtype=float64)
nll_grad  cost time: 2.593228340148926
tf.Tensor(-11209.840301020002, shape=(), dtype=float64)
nll_grad  cost time: 2.6344504356384277
tf.Tensor(-11210.3754642462, shape=(), dtype=float64)
nll_grad  cost time: 2.5817649364471436
tf.Tensor(-11210.867664671314, shape=(), dtype=float64)
nll_grad  cost time: 2.5616519451141357
tf.Tensor(-11211.051481411561, shape=(), dtype=float64)
nll_grad  cost time: 2.52046537399292
tf.Tensor(-11211.295882793487, shape=(), dtype=float64)
nll_grad  cost time: 2.6522247791290283
tf.Tensor(-11211.57931919462, shape=(), dtype=float64)
nll_grad  cost time: 2.5058655738830566
tf.Tensor(-11211.79004848557, shape=(), dtype=float64)
nll_grad  cost time: 2.5872750282287598
tf.Tensor(-11212.042586134145, shape=(), dtype=float64)
nll_grad  cost time: 2.686671257019043
tf.Tensor(-11212.262451234817, shape=(), dtype=float64)
nll_grad  cost time: 2.5827250480651855
tf.Tensor(-11212.47160200522, shape=(), dtype=float64)
nll_grad  cost time: 2.5542893409729004
tf.Tensor(-11212.704463369208, shape=(), dtype=float64)
nll_grad  cost time: 2.609380006790161
tf.Tensor(-11212.990327819492, shape=(), dtype=float64)
nll_grad  cost time: 2.6307473182678223
tf.Tensor(-11213.084823505968, shape=(), dtype=float64)
nll_grad  cost time: 2.663411855697632
tf.Tensor(-11213.242003954103, shape=(), dtype=float64)
nll_grad  cost time: 2.5988569259643555
tf.Tensor(-11213.478247198647, shape=(), dtype=float64)
nll_grad  cost time: 2.62245774269104
tf.Tensor(-11213.756700051588, shape=(), dtype=float64)
nll_grad  cost time: 2.75836181640625
tf.Tensor(-11214.01722530046, shape=(), dtype=float64)
nll_grad  cost time: 2.5836431980133057
tf.Tensor(-11214.403423913485, shape=(), dtype=float64)
nll_grad  cost time: 2.579097032546997
tf.Tensor(-11214.826025269233, shape=(), dtype=float64)
nll_grad  cost time: 2.648468494415283
tf.Tensor(-11215.04620305839, shape=(), dtype=float64)
nll_grad  cost time: 2.596853017807007
tf.Tensor(-11215.262149276423, shape=(), dtype=float64)
nll_grad  cost time: 2.6711747646331787
tf.Tensor(-11215.514315853263, shape=(), dtype=float64)
nll_grad  cost time: 2.624629020690918
tf.Tensor(-11215.708289673896, shape=(), dtype=float64)
nll_grad  cost time: 2.62778902053833
tf.Tensor(-11215.929227004593, shape=(), dtype=float64)
nll_grad  cost time: 2.524566888809204
tf.Tensor(-11216.146562798494, shape=(), dtype=float64)
nll_grad  cost time: 2.5407803058624268
tf.Tensor(-11216.360252990411, shape=(), dtype=float64)
nll_grad  cost time: 2.7525582313537598
tf.Tensor(-11216.559660870795, shape=(), dtype=float64)
nll_grad  cost time: 2.747047185897827
tf.Tensor(-11216.76069953226, shape=(), dtype=float64)
nll_grad  cost time: 2.750056028366089
tf.Tensor(-11216.924322241433, shape=(), dtype=float64)
nll_grad  cost time: 2.7635157108306885
tf.Tensor(-11217.04428274595, shape=(), dtype=float64)
nll_grad  cost time: 2.670647621154785
tf.Tensor(-11217.162704826887, shape=(), dtype=float64)
nll_grad  cost time: 2.6533546447753906
tf.Tensor(-11217.269265373085, shape=(), dtype=float64)
nll_grad  cost time: 2.560335874557495
tf.Tensor(-11217.373166607897, shape=(), dtype=float64)
nll_grad  cost time: 2.5399169921875
tf.Tensor(-11217.5061436717, shape=(), dtype=float64)
nll_grad  cost time: 2.5681915283203125
tf.Tensor(-11217.60431931539, shape=(), dtype=float64)
nll_grad  cost time: 2.5316100120544434
tf.Tensor(-11217.69674344627, shape=(), dtype=float64)
nll_grad  cost time: 2.5711233615875244
tf.Tensor(-11217.799587808653, shape=(), dtype=float64)
nll_grad  cost time: 2.593353509902954
tf.Tensor(-11217.90873572031, shape=(), dtype=float64)
nll_grad  cost time: 2.5521647930145264
tf.Tensor(-11217.98039050688, shape=(), dtype=float64)
nll_grad  cost time: 2.821712017059326
tf.Tensor(-11218.058868862441, shape=(), dtype=float64)
nll_grad  cost time: 2.6868011951446533
tf.Tensor(-11218.156276952483, shape=(), dtype=float64)
nll_grad  cost time: 2.795276165008545
tf.Tensor(-11218.236030321747, shape=(), dtype=float64)
nll_grad  cost time: 2.7719898223876953
tf.Tensor(-11218.333847214926, shape=(), dtype=float64)
nll_grad  cost time: 2.6406784057617188
tf.Tensor(-11218.427423726485, shape=(), dtype=float64)
nll_grad  cost time: 2.6462180614471436
tf.Tensor(-11218.500111480265, shape=(), dtype=float64)
nll_grad  cost time: 2.639702558517456
tf.Tensor(-11218.576534890288, shape=(), dtype=float64)
nll_grad  cost time: 2.7346155643463135
tf.Tensor(-11218.657450670482, shape=(), dtype=float64)
nll_grad  cost time: 2.674379825592041
tf.Tensor(-11218.744830176325, shape=(), dtype=float64)
nll_grad  cost time: 2.638308525085449
tf.Tensor(-11218.821275321616, shape=(), dtype=float64)
nll_grad  cost time: 2.5827081203460693
tf.Tensor(-11218.87997696881, shape=(), dtype=float64)
nll_grad  cost time: 2.6702067852020264
tf.Tensor(-11218.931428240761, shape=(), dtype=float64)
nll_grad  cost time: 2.602522373199463
tf.Tensor(-11218.983601556843, shape=(), dtype=float64)
nll_grad  cost time: 2.7318930625915527
tf.Tensor(-11219.043976805326, shape=(), dtype=float64)
nll_grad  cost time: 2.6616430282592773
tf.Tensor(-11219.094199649768, shape=(), dtype=float64)
nll_grad  cost time: 2.608870029449463
tf.Tensor(-11219.137482585622, shape=(), dtype=float64)
nll_grad  cost time: 2.580935001373291
tf.Tensor(-11219.182940671733, shape=(), dtype=float64)
nll_grad  cost time: 2.5886917114257812
tf.Tensor(-11219.226371599669, shape=(), dtype=float64)
nll_grad  cost time: 2.596543550491333
tf.Tensor(-11219.27215200977, shape=(), dtype=float64)
nll_grad  cost time: 2.642827033996582
tf.Tensor(-11219.319006397494, shape=(), dtype=float64)
nll_grad  cost time: 2.656465768814087
tf.Tensor(-11219.35874953063, shape=(), dtype=float64)
nll_grad  cost time: 2.5925745964050293
tf.Tensor(-11219.39202089839, shape=(), dtype=float64)
nll_grad  cost time: 2.764530658721924
tf.Tensor(-11219.422289145132, shape=(), dtype=float64)
nll_grad  cost time: 2.6660287380218506
tf.Tensor(-11219.454131524086, shape=(), dtype=float64)
nll_grad  cost time: 2.579613208770752
tf.Tensor(-11219.496531958064, shape=(), dtype=float64)
nll_grad  cost time: 2.81294322013855
tf.Tensor(-11219.537645273453, shape=(), dtype=float64)
nll_grad  cost time: 2.57702898979187
tf.Tensor(-11219.575452859586, shape=(), dtype=float64)
nll_grad  cost time: 2.542844772338867
tf.Tensor(-11219.61018758646, shape=(), dtype=float64)
nll_grad  cost time: 2.6272332668304443
tf.Tensor(-11219.63560900119, shape=(), dtype=float64)
nll_grad  cost time: 2.697326183319092
tf.Tensor(-11219.659831229843, shape=(), dtype=float64)
nll_grad  cost time: 2.633856773376465
tf.Tensor(-11219.692131611482, shape=(), dtype=float64)
nll_grad  cost time: 2.617814540863037
tf.Tensor(-11219.72377310275, shape=(), dtype=float64)
nll_grad  cost time: 2.565812110900879
tf.Tensor(-11219.75071722255, shape=(), dtype=float64)
nll_grad  cost time: 2.6178600788116455
tf.Tensor(-11219.773341611653, shape=(), dtype=float64)
nll_grad  cost time: 2.792799949645996
tf.Tensor(-11219.795026113969, shape=(), dtype=float64)
nll_grad  cost time: 2.739348888397217
tf.Tensor(-11219.816872493242, shape=(), dtype=float64)
nll_grad  cost time: 2.6796576976776123
tf.Tensor(-11219.839923364234, shape=(), dtype=float64)
nll_grad  cost time: 2.646437406539917
tf.Tensor(-11219.864200827415, shape=(), dtype=float64)
nll_grad  cost time: 2.950188159942627
tf.Tensor(-11219.883469662786, shape=(), dtype=float64)
nll_grad  cost time: 2.702787160873413
tf.Tensor(-11219.899168583084, shape=(), dtype=float64)
nll_grad  cost time: 2.7020316123962402
tf.Tensor(-11219.91108320902, shape=(), dtype=float64)
nll_grad  cost time: 2.638185501098633
tf.Tensor(-11219.921824674942, shape=(), dtype=float64)
nll_grad  cost time: 2.668053150177002
tf.Tensor(-11219.934082532254, shape=(), dtype=float64)
nll_grad  cost time: 2.739142894744873
tf.Tensor(-11219.94696564427, shape=(), dtype=float64)
nll_grad  cost time: 2.707169532775879
tf.Tensor(-11219.961289603314, shape=(), dtype=float64)
nll_grad  cost time: 2.915485382080078
tf.Tensor(-11219.976427117781, shape=(), dtype=float64)
nll_grad  cost time: 2.6398332118988037
tf.Tensor(-11219.990468986747, shape=(), dtype=float64)
nll_grad  cost time: 2.9001402854919434
tf.Tensor(-11220.004983913615, shape=(), dtype=float64)
nll_grad  cost time: 2.642066478729248
tf.Tensor(-11220.021645102664, shape=(), dtype=float64)
nll_grad  cost time: 2.663038969039917
tf.Tensor(-11220.042581554131, shape=(), dtype=float64)
nll_grad  cost time: 2.6441264152526855
tf.Tensor(-11220.066105737884, shape=(), dtype=float64)
nll_grad  cost time: 2.6008777618408203
tf.Tensor(-11220.089495271815, shape=(), dtype=float64)
nll_grad  cost time: 2.519935369491577
tf.Tensor(-11220.110048327173, shape=(), dtype=float64)
nll_grad  cost time: 2.6543939113616943
tf.Tensor(-11220.1281721419, shape=(), dtype=float64)
nll_grad  cost time: 2.6519036293029785
tf.Tensor(-11220.143982759539, shape=(), dtype=float64)
nll_grad  cost time: 2.635310173034668
tf.Tensor(-11220.15809994047, shape=(), dtype=float64)
nll_grad  cost time: 2.7418322563171387
tf.Tensor(-11220.172312350911, shape=(), dtype=float64)
nll_grad  cost time: 2.596672773361206
tf.Tensor(-11220.185200121276, shape=(), dtype=float64)
nll_grad  cost time: 2.526092290878296
tf.Tensor(-11220.194853203338, shape=(), dtype=float64)
nll_grad  cost time: 2.6924850940704346
tf.Tensor(-11220.203048208903, shape=(), dtype=float64)
nll_grad  cost time: 2.6321702003479004
tf.Tensor(-11220.211891780493, shape=(), dtype=float64)
nll_grad  cost time: 2.610053300857544
tf.Tensor(-11220.22330325187, shape=(), dtype=float64)
nll_grad  cost time: 2.7378487586975098
tf.Tensor(-11220.23670072447, shape=(), dtype=float64)
nll_grad  cost time: 2.5970067977905273
tf.Tensor(-11220.250846073868, shape=(), dtype=float64)
nll_grad  cost time: 2.6268680095672607
tf.Tensor(-11220.265342628776, shape=(), dtype=float64)
nll_grad  cost time: 2.631824254989624
tf.Tensor(-11220.280889530155, shape=(), dtype=float64)
nll_grad  cost time: 2.655501365661621
tf.Tensor(-11220.297419752693, shape=(), dtype=float64)
nll_grad  cost time: 2.7236387729644775
tf.Tensor(-11220.315476388727, shape=(), dtype=float64)
nll_grad  cost time: 2.7199254035949707
tf.Tensor(-11220.331050130175, shape=(), dtype=float64)
nll_grad  cost time: 2.78410267829895
tf.Tensor(-11220.346095578028, shape=(), dtype=float64)
nll_grad  cost time: 2.662581205368042
tf.Tensor(-11220.361393398307, shape=(), dtype=float64)
nll_grad  cost time: 2.6746022701263428
tf.Tensor(-11220.377081316907, shape=(), dtype=float64)
nll_grad  cost time: 2.6813337802886963
tf.Tensor(-11220.384256699075, shape=(), dtype=float64)
nll_grad  cost time: 2.6154980659484863
tf.Tensor(-11220.394649144295, shape=(), dtype=float64)
nll_grad  cost time: 2.675861358642578
tf.Tensor(-11220.405479235853, shape=(), dtype=float64)
nll_grad  cost time: 2.61812424659729
tf.Tensor(-11220.417262067538, shape=(), dtype=float64)
nll_grad  cost time: 2.668147563934326
tf.Tensor(-11220.431765252953, shape=(), dtype=float64)
nll_grad  cost time: 2.6239466667175293
tf.Tensor(-11220.44576382537, shape=(), dtype=float64)
nll_grad  cost time: 2.8476595878601074
tf.Tensor(-11220.457802983212, shape=(), dtype=float64)
nll_grad  cost time: 2.6406798362731934
tf.Tensor(-11220.470301909801, shape=(), dtype=float64)
nll_grad  cost time: 2.7083492279052734
tf.Tensor(-11220.482904602604, shape=(), dtype=float64)
nll_grad  cost time: 2.65738582611084
tf.Tensor(-11220.492864399632, shape=(), dtype=float64)
nll_grad  cost time: 2.6165666580200195
tf.Tensor(-11220.50214822997, shape=(), dtype=float64)
nll_grad  cost time: 2.688978433609009
tf.Tensor(-11220.508917670186, shape=(), dtype=float64)
nll_grad  cost time: 2.664764404296875
tf.Tensor(-11220.515113081203, shape=(), dtype=float64)
nll_grad  cost time: 2.737368106842041
tf.Tensor(-11220.520899528838, shape=(), dtype=float64)
nll_grad  cost time: 2.7624549865722656
tf.Tensor(-11220.525453031605, shape=(), dtype=float64)
nll_grad  cost time: 2.5929653644561768
tf.Tensor(-11220.528969343195, shape=(), dtype=float64)
nll_grad  cost time: 2.5635411739349365
tf.Tensor(-11220.532322862677, shape=(), dtype=float64)
nll_grad  cost time: 2.5685997009277344
tf.Tensor(-11220.535911510528, shape=(), dtype=float64)
nll_grad  cost time: 2.7080483436584473
tf.Tensor(-11220.539006147996, shape=(), dtype=float64)
nll_grad  cost time: 2.624821186065674
tf.Tensor(-11220.541581110514, shape=(), dtype=float64)
nll_grad  cost time: 2.651008367538452
tf.Tensor(-11220.5442748842, shape=(), dtype=float64)
nll_grad  cost time: 2.65815806388855
tf.Tensor(-11220.547697523074, shape=(), dtype=float64)
nll_grad  cost time: 2.614514112472534
tf.Tensor(-11220.551478666495, shape=(), dtype=float64)
nll_grad  cost time: 2.6637704372406006
tf.Tensor(-11220.554637045047, shape=(), dtype=float64)
nll_grad  cost time: 2.6308984756469727
tf.Tensor(-11220.556948698246, shape=(), dtype=float64)
nll_grad  cost time: 2.7346606254577637
tf.Tensor(-11220.558990780573, shape=(), dtype=float64)
nll_grad  cost time: 2.7189464569091797
tf.Tensor(-11220.561165150175, shape=(), dtype=float64)
nll_grad  cost time: 2.689452886581421
tf.Tensor(-11220.563282666992, shape=(), dtype=float64)
nll_grad  cost time: 2.8053464889526367
tf.Tensor(-11220.564990711495, shape=(), dtype=float64)
nll_grad  cost time: 2.7518131732940674
tf.Tensor(-11220.56635756101, shape=(), dtype=float64)
nll_grad  cost time: 2.734644889831543
tf.Tensor(-11220.56774628408, shape=(), dtype=float64)
nll_grad  cost time: 2.7483558654785156
tf.Tensor(-11220.569495941596, shape=(), dtype=float64)
nll_grad  cost time: 2.8353030681610107
tf.Tensor(-11220.571745351299, shape=(), dtype=float64)
nll_grad  cost time: 2.7333648204803467
tf.Tensor(-11220.5742507682, shape=(), dtype=float64)
nll_grad  cost time: 2.730565309524536
tf.Tensor(-11220.576493202694, shape=(), dtype=float64)
nll_grad  cost time: 2.775486469268799
tf.Tensor(-11220.578166530186, shape=(), dtype=float64)
nll_grad  cost time: 2.7113778591156006
tf.Tensor(-11220.57946690321, shape=(), dtype=float64)
nll_grad  cost time: 2.784848213195801
tf.Tensor(-11220.58081158979, shape=(), dtype=float64)
nll_grad  cost time: 2.7401175498962402
tf.Tensor(-11220.58253375013, shape=(), dtype=float64)
nll_grad  cost time: 2.8048648834228516
tf.Tensor(-11220.584661462168, shape=(), dtype=float64)
nll_grad  cost time: 2.693598747253418
tf.Tensor(-11220.58694248167, shape=(), dtype=float64)
nll_grad  cost time: 2.5215141773223877
tf.Tensor(-11220.589012222172, shape=(), dtype=float64)
nll_grad  cost time: 2.861032009124756
tf.Tensor(-11220.590771925574, shape=(), dtype=float64)
nll_grad  cost time: 2.608150005340576
tf.Tensor(-11220.592406028587, shape=(), dtype=float64)
nll_grad  cost time: 2.741765022277832
tf.Tensor(-11220.594128091485, shape=(), dtype=float64)
nll_grad  cost time: 2.6754937171936035
tf.Tensor(-11220.596059359323, shape=(), dtype=float64)
nll_grad  cost time: 2.688711643218994
tf.Tensor(-11220.598265147126, shape=(), dtype=float64)
nll_grad  cost time: 2.714372158050537
tf.Tensor(-11220.60082793275, shape=(), dtype=float64)
nll_grad  cost time: 2.8186323642730713
tf.Tensor(-11220.603826910097, shape=(), dtype=float64)
nll_grad  cost time: 2.6406025886535645
tf.Tensor(-11220.607230976526, shape=(), dtype=float64)
nll_grad  cost time: 2.759572744369507
tf.Tensor(-11220.610812324961, shape=(), dtype=float64)
nll_grad  cost time: 2.7789998054504395
tf.Tensor(-11220.614240823526, shape=(), dtype=float64)
nll_grad  cost time: 2.730618715286255
tf.Tensor(-11220.617566681125, shape=(), dtype=float64)
nll_grad  cost time: 2.7683446407318115
tf.Tensor(-11220.620901360155, shape=(), dtype=float64)
nll_grad  cost time: 2.615447998046875
tf.Tensor(-11220.624570544107, shape=(), dtype=float64)
nll_grad  cost time: 2.620818853378296
tf.Tensor(-11220.628474150242, shape=(), dtype=float64)
nll_grad  cost time: 2.5849051475524902
tf.Tensor(-11220.632648523766, shape=(), dtype=float64)
nll_grad  cost time: 2.597114324569702
tf.Tensor(-11220.637035725733, shape=(), dtype=float64)
nll_grad  cost time: 2.519819736480713
tf.Tensor(-11220.642473090638, shape=(), dtype=float64)
nll_grad  cost time: 2.5561106204986572
tf.Tensor(-11220.648954809147, shape=(), dtype=float64)
nll_grad  cost time: 2.6333067417144775
tf.Tensor(-11220.65637049521, shape=(), dtype=float64)
nll_grad  cost time: 2.53169846534729
tf.Tensor(-11220.662693036214, shape=(), dtype=float64)
nll_grad  cost time: 2.705960750579834
tf.Tensor(-11220.669696040655, shape=(), dtype=float64)
nll_grad  cost time: 2.6013386249542236
tf.Tensor(-11220.675667629457, shape=(), dtype=float64)
nll_grad  cost time: 2.6643271446228027
tf.Tensor(-11220.682831913675, shape=(), dtype=float64)
nll_grad  cost time: 2.6795294284820557
tf.Tensor(-11220.690567071679, shape=(), dtype=float64)
nll_grad  cost time: 2.514878988265991
tf.Tensor(-11220.696219839063, shape=(), dtype=float64)
nll_grad  cost time: 2.5764195919036865
tf.Tensor(-11220.701965022012, shape=(), dtype=float64)
nll_grad  cost time: 2.5440447330474854
tf.Tensor(-11220.706364647489, shape=(), dtype=float64)
nll_grad  cost time: 2.5751938819885254
tf.Tensor(-11220.712994272211, shape=(), dtype=float64)
nll_grad  cost time: 2.5796000957489014
tf.Tensor(-11220.72281983394, shape=(), dtype=float64)
nll_grad  cost time: 2.7157740592956543
tf.Tensor(-11220.733692039496, shape=(), dtype=float64)
nll_grad  cost time: 2.7100536823272705
tf.Tensor(-11220.741398201173, shape=(), dtype=float64)
nll_grad  cost time: 2.87505841255188
tf.Tensor(-11220.74855324204, shape=(), dtype=float64)
nll_grad  cost time: 2.614657402038574
tf.Tensor(-11220.754876714589, shape=(), dtype=float64)
nll_grad  cost time: 2.6138298511505127
tf.Tensor(-11220.761350118008, shape=(), dtype=float64)
nll_grad  cost time: 2.7159807682037354
tf.Tensor(-11220.766285583613, shape=(), dtype=float64)
nll_grad  cost time: 2.6521401405334473
tf.Tensor(-11220.773003475215, shape=(), dtype=float64)
nll_grad  cost time: 2.6301958560943604
tf.Tensor(-11220.781486993073, shape=(), dtype=float64)
nll_grad  cost time: 2.806065320968628
tf.Tensor(-11220.788727625295, shape=(), dtype=float64)
nll_grad  cost time: 2.628436803817749
tf.Tensor(-11220.793199101616, shape=(), dtype=float64)
nll_grad  cost time: 2.598299026489258
tf.Tensor(-11220.79757198503, shape=(), dtype=float64)
nll_grad  cost time: 2.5938210487365723
tf.Tensor(-11220.801606468693, shape=(), dtype=float64)
nll_grad  cost time: 2.5542783737182617
tf.Tensor(-11220.80584059831, shape=(), dtype=float64)
nll_grad  cost time: 2.6309568881988525
tf.Tensor(-11220.81078743884, shape=(), dtype=float64)
nll_grad  cost time: 2.776658058166504
tf.Tensor(-11220.814794338974, shape=(), dtype=float64)
nll_grad  cost time: 2.6547627449035645
tf.Tensor(-11220.818449981149, shape=(), dtype=float64)
nll_grad  cost time: 2.8741607666015625
tf.Tensor(-11220.822450176547, shape=(), dtype=float64)
nll_grad  cost time: 2.5163614749908447
tf.Tensor(-11220.827935377132, shape=(), dtype=float64)
nll_grad  cost time: 2.565258026123047
tf.Tensor(-11220.832752311439, shape=(), dtype=float64)
nll_grad  cost time: 2.6326656341552734
tf.Tensor(-11220.839201037797, shape=(), dtype=float64)
nll_grad  cost time: 2.6058666706085205
tf.Tensor(-11220.845927813825, shape=(), dtype=float64)
nll_grad  cost time: 2.4939568042755127
nll_grad  cost time: 2.620011329650879
tf.Tensor(-11220.849705236105, shape=(), dtype=float64)
nll_grad  cost time: 2.778022050857544
tf.Tensor(-11220.855248150125, shape=(), dtype=float64)
nll_grad  cost time: 2.703943967819214
tf.Tensor(-11220.8621430264, shape=(), dtype=float64)
nll_grad  cost time: 2.7926523685455322
tf.Tensor(-11220.868354734303, shape=(), dtype=float64)
nll_grad  cost time: 2.691002130508423
tf.Tensor(-11220.875090524783, shape=(), dtype=float64)
nll_grad  cost time: 2.695291042327881
tf.Tensor(-11220.881681133957, shape=(), dtype=float64)
nll_grad  cost time: 2.65871262550354
tf.Tensor(-11220.890438090342, shape=(), dtype=float64)
nll_grad  cost time: 2.6510937213897705
tf.Tensor(-11220.901926450326, shape=(), dtype=float64)
nll_grad  cost time: 2.6756579875946045
tf.Tensor(-11220.913744570851, shape=(), dtype=float64)
nll_grad  cost time: 2.697066307067871
tf.Tensor(-11220.924173607194, shape=(), dtype=float64)
nll_grad  cost time: 2.6786210536956787
tf.Tensor(-11220.93408141866, shape=(), dtype=float64)
nll_grad  cost time: 2.617767333984375
tf.Tensor(-11220.941707823487, shape=(), dtype=float64)
nll_grad  cost time: 2.7227091789245605
tf.Tensor(-11220.949683174673, shape=(), dtype=float64)
nll_grad  cost time: 2.695143699645996
tf.Tensor(-11220.954698824597, shape=(), dtype=float64)
nll_grad  cost time: 2.9353747367858887
tf.Tensor(-11220.958522932091, shape=(), dtype=float64)
nll_grad  cost time: 2.8955070972442627
tf.Tensor(-11220.962569374507, shape=(), dtype=float64)
nll_grad  cost time: 2.7982943058013916
tf.Tensor(-11220.965832214555, shape=(), dtype=float64)
nll_grad  cost time: 2.691464900970459
tf.Tensor(-11220.970583322647, shape=(), dtype=float64)
nll_grad  cost time: 2.766138792037964
tf.Tensor(-11220.975427370031, shape=(), dtype=float64)
nll_grad  cost time: 2.810589551925659
tf.Tensor(-11220.979966786534, shape=(), dtype=float64)
nll_grad  cost time: 2.7481820583343506
tf.Tensor(-11220.984284848195, shape=(), dtype=float64)
nll_grad  cost time: 2.685260057449341
tf.Tensor(-11220.988677684727, shape=(), dtype=float64)
nll_grad  cost time: 2.6812238693237305
tf.Tensor(-11220.993174984917, shape=(), dtype=float64)
nll_grad  cost time: 2.6711251735687256
tf.Tensor(-11220.997154711284, shape=(), dtype=float64)
nll_grad  cost time: 2.646049737930298
tf.Tensor(-11221.000916523251, shape=(), dtype=float64)
nll_grad  cost time: 2.7667386531829834
nll_grad  cost time: 2.59342622756958
tf.Tensor(-11221.002779653714, shape=(), dtype=float64)
nll_grad  cost time: 2.646865129470825
tf.Tensor(-11221.005419696594, shape=(), dtype=float64)
nll_grad  cost time: 2.7101094722747803
tf.Tensor(-11221.008412607305, shape=(), dtype=float64)
nll_grad  cost time: 2.568631172180176
tf.Tensor(-11221.011380228665, shape=(), dtype=float64)
nll_grad  cost time: 2.6814115047454834
tf.Tensor(-11221.014807398533, shape=(), dtype=float64)
nll_grad  cost time: 2.579899787902832
tf.Tensor(-11221.018088531844, shape=(), dtype=float64)
nll_grad  cost time: 2.6391613483428955
tf.Tensor(-11221.021163745692, shape=(), dtype=float64)
nll_grad  cost time: 2.6081702709198
tf.Tensor(-11221.0240193248, shape=(), dtype=float64)
nll_grad  cost time: 2.5776994228363037
tf.Tensor(-11221.02732154122, shape=(), dtype=float64)
nll_grad  cost time: 2.7285356521606445
tf.Tensor(-11221.031448205427, shape=(), dtype=float64)
nll_grad  cost time: 2.843355655670166
tf.Tensor(-11221.036956799102, shape=(), dtype=float64)
nll_grad  cost time: 2.704385757446289
tf.Tensor(-11221.042722636019, shape=(), dtype=float64)
nll_grad  cost time: 2.6831166744232178
tf.Tensor(-11221.046329984309, shape=(), dtype=float64)
nll_grad  cost time: 2.70271897315979
tf.Tensor(-11221.048843448985, shape=(), dtype=float64)
nll_grad  cost time: 2.6195976734161377
tf.Tensor(-11221.051533888847, shape=(), dtype=float64)
nll_grad  cost time: 2.6101760864257812
tf.Tensor(-11221.053638117864, shape=(), dtype=float64)
nll_grad  cost time: 2.662269115447998
tf.Tensor(-11221.05632710423, shape=(), dtype=float64)
nll_grad  cost time: 2.7065584659576416
tf.Tensor(-11221.058978503239, shape=(), dtype=float64)
nll_grad  cost time: 2.561757802963257
tf.Tensor(-11221.06172489011, shape=(), dtype=float64)
nll_grad  cost time: 2.6029136180877686
tf.Tensor(-11221.064469759687, shape=(), dtype=float64)
nll_grad  cost time: 2.642207622528076
tf.Tensor(-11221.067618490779, shape=(), dtype=float64)
nll_grad  cost time: 2.9258689880371094
tf.Tensor(-11221.071922799016, shape=(), dtype=float64)
nll_grad  cost time: 2.594407796859741
tf.Tensor(-11221.078364747727, shape=(), dtype=float64)
nll_grad  cost time: 2.620605707168579
tf.Tensor(-11221.08695945924, shape=(), dtype=float64)
nll_grad  cost time: 2.6715407371520996
tf.Tensor(-11221.090819333645, shape=(), dtype=float64)
nll_grad  cost time: 2.632021188735962
tf.Tensor(-11221.097323768854, shape=(), dtype=float64)
nll_grad  cost time: 2.695146083831787
tf.Tensor(-11221.107310641866, shape=(), dtype=float64)
nll_grad  cost time: 2.6775810718536377
tf.Tensor(-11221.115950103409, shape=(), dtype=float64)
nll_grad  cost time: 2.6402153968811035
tf.Tensor(-11221.120742038125, shape=(), dtype=float64)
nll_grad  cost time: 2.597689628601074
tf.Tensor(-11221.127966500884, shape=(), dtype=float64)
nll_grad  cost time: 2.576939821243286
tf.Tensor(-11221.134135715427, shape=(), dtype=float64)
nll_grad  cost time: 2.6215343475341797
tf.Tensor(-11221.136830279826, shape=(), dtype=float64)
nll_grad  cost time: 2.7730870246887207
tf.Tensor(-11221.140207279313, shape=(), dtype=float64)
nll_grad  cost time: 2.6520168781280518
tf.Tensor(-11221.142859891645, shape=(), dtype=float64)
nll_grad  cost time: 2.636751413345337
tf.Tensor(-11221.14635871226, shape=(), dtype=float64)
nll_grad  cost time: 2.804236650466919
tf.Tensor(-11221.14985795056, shape=(), dtype=float64)
nll_grad  cost time: 2.68263840675354
tf.Tensor(-11221.152757472428, shape=(), dtype=float64)
nll_grad  cost time: 2.6411077976226807
tf.Tensor(-11221.155312863713, shape=(), dtype=float64)
nll_grad  cost time: 2.6906681060791016
tf.Tensor(-11221.158117801457, shape=(), dtype=float64)
nll_grad  cost time: 2.70271635055542
tf.Tensor(-11221.161679008095, shape=(), dtype=float64)
nll_grad  cost time: 2.6342015266418457
tf.Tensor(-11221.16485157422, shape=(), dtype=float64)
nll_grad  cost time: 2.643585681915283
tf.Tensor(-11221.169297411245, shape=(), dtype=float64)
nll_grad  cost time: 2.652892827987671
tf.Tensor(-11221.174256693608, shape=(), dtype=float64)
nll_grad  cost time: 2.6966633796691895
tf.Tensor(-11221.17790549522, shape=(), dtype=float64)
nll_grad  cost time: 2.6609742641448975
tf.Tensor(-11221.179784768156, shape=(), dtype=float64)
nll_grad  cost time: 2.555285930633545
tf.Tensor(-11221.181713599435, shape=(), dtype=float64)
nll_grad  cost time: 2.649435520172119
tf.Tensor(-11221.184487606293, shape=(), dtype=float64)
nll_grad  cost time: 2.601966381072998
tf.Tensor(-11221.188777883752, shape=(), dtype=float64)
nll_grad  cost time: 2.6001498699188232
tf.Tensor(-11221.195568478492, shape=(), dtype=float64)
nll_grad  cost time: 2.716078758239746
tf.Tensor(-11221.206120010336, shape=(), dtype=float64)
nll_grad  cost time: 2.7396509647369385
tf.Tensor(-11221.21955236063, shape=(), dtype=float64)
nll_grad  cost time: 2.6675374507904053
nll_grad  cost time: 2.6574478149414062
tf.Tensor(-11221.22553607865, shape=(), dtype=float64)
nll_grad  cost time: 2.681403875350952
tf.Tensor(-11221.233062143085, shape=(), dtype=float64)
nll_grad  cost time: 2.666245937347412
tf.Tensor(-11221.238039399239, shape=(), dtype=float64)
nll_grad  cost time: 2.905651569366455
tf.Tensor(-11221.240452737733, shape=(), dtype=float64)
nll_grad  cost time: 2.634979009628296
tf.Tensor(-11221.242684227862, shape=(), dtype=float64)
nll_grad  cost time: 2.992124080657959
tf.Tensor(-11221.245694491241, shape=(), dtype=float64)
nll_grad  cost time: 2.598017692565918
tf.Tensor(-11221.248532175367, shape=(), dtype=float64)
nll_grad  cost time: 2.721622943878174
tf.Tensor(-11221.252253161801, shape=(), dtype=float64)
nll_grad  cost time: 2.652007579803467
tf.Tensor(-11221.257445208752, shape=(), dtype=float64)
nll_grad  cost time: 2.6064372062683105
tf.Tensor(-11221.260260550775, shape=(), dtype=float64)
nll_grad  cost time: 2.6198108196258545
tf.Tensor(-11221.26136143494, shape=(), dtype=float64)
nll_grad  cost time: 2.6205852031707764
tf.Tensor(-11221.262037705286, shape=(), dtype=float64)
nll_grad  cost time: 2.544118881225586
tf.Tensor(-11221.263063141469, shape=(), dtype=float64)
nll_grad  cost time: 2.6107418537139893
tf.Tensor(-11221.264425286005, shape=(), dtype=float64)
nll_grad  cost time: 2.8989102840423584
tf.Tensor(-11221.265580650377, shape=(), dtype=float64)
nll_grad  cost time: 2.6685545444488525
tf.Tensor(-11221.267223663172, shape=(), dtype=float64)
nll_grad  cost time: 2.6222336292266846
tf.Tensor(-11221.268876980732, shape=(), dtype=float64)
nll_grad  cost time: 2.576464891433716
tf.Tensor(-11221.270002749952, shape=(), dtype=float64)
nll_grad  cost time: 2.483795404434204
tf.Tensor(-11221.270940367976, shape=(), dtype=float64)
nll_grad  cost time: 2.465299606323242
tf.Tensor(-11221.272053817336, shape=(), dtype=float64)
nll_grad  cost time: 2.5509464740753174
tf.Tensor(-11221.273340377504, shape=(), dtype=float64)
nll_grad  cost time: 2.6338117122650146
tf.Tensor(-11221.274464343205, shape=(), dtype=float64)
nll_grad  cost time: 2.6240651607513428
tf.Tensor(-11221.275719044042, shape=(), dtype=float64)
nll_grad  cost time: 2.5561962127685547
tf.Tensor(-11221.277093053104, shape=(), dtype=float64)
nll_grad  cost time: 2.5912837982177734
tf.Tensor(-11221.278429517919, shape=(), dtype=float64)
nll_grad  cost time: 2.6849660873413086
tf.Tensor(-11221.279481372343, shape=(), dtype=float64)
nll_grad  cost time: 2.7573025226593018
tf.Tensor(-11221.280266126272, shape=(), dtype=float64)
nll_grad  cost time: 2.629868268966675
tf.Tensor(-11221.280906782686, shape=(), dtype=float64)
nll_grad  cost time: 3.075211524963379
tf.Tensor(-11221.28149268811, shape=(), dtype=float64)
nll_grad  cost time: 2.721845865249634
tf.Tensor(-11221.2820633532, shape=(), dtype=float64)
nll_grad  cost time: 2.817420482635498
tf.Tensor(-11221.282712135215, shape=(), dtype=float64)
nll_grad  cost time: 2.715139865875244
tf.Tensor(-11221.283505012916, shape=(), dtype=float64)
nll_grad  cost time: 2.7046446800231934
tf.Tensor(-11221.284342711142, shape=(), dtype=float64)
nll_grad  cost time: 2.699063539505005
tf.Tensor(-11221.285265757924, shape=(), dtype=float64)
nll_grad  cost time: 2.6067354679107666
tf.Tensor(-11221.28628886809, shape=(), dtype=float64)
nll_grad  cost time: 2.5552632808685303
tf.Tensor(-11221.28749138285, shape=(), dtype=float64)
nll_grad  cost time: 2.721308946609497
tf.Tensor(-11221.288854543436, shape=(), dtype=float64)
nll_grad  cost time: 2.8229641914367676
tf.Tensor(-11221.29008237505, shape=(), dtype=float64)
nll_grad  cost time: 2.6152853965759277
tf.Tensor(-11221.29105282602, shape=(), dtype=float64)
nll_grad  cost time: 2.622823715209961
tf.Tensor(-11221.291711055437, shape=(), dtype=float64)
nll_grad  cost time: 2.584853172302246
tf.Tensor(-11221.292226718395, shape=(), dtype=float64)
nll_grad  cost time: 2.604001045227051
tf.Tensor(-11221.292772853092, shape=(), dtype=float64)
nll_grad  cost time: 2.6510798931121826
tf.Tensor(-11221.293586570193, shape=(), dtype=float64)
nll_grad  cost time: 2.5851337909698486
tf.Tensor(-11221.294853473995, shape=(), dtype=float64)
nll_grad  cost time: 2.511171579360962
tf.Tensor(-11221.296666076583, shape=(), dtype=float64)
nll_grad  cost time: 2.621295928955078
tf.Tensor(-11221.298242942084, shape=(), dtype=float64)
nll_grad  cost time: 2.6251442432403564
tf.Tensor(-11221.299431568965, shape=(), dtype=float64)
nll_grad  cost time: 2.530019998550415
tf.Tensor(-11221.30018141662, shape=(), dtype=float64)
nll_grad  cost time: 2.7370717525482178
tf.Tensor(-11221.300659470659, shape=(), dtype=float64)
nll_grad  cost time: 2.735330104827881
tf.Tensor(-11221.300973984908, shape=(), dtype=float64)
nll_grad  cost time: 2.745737075805664
tf.Tensor(-11221.301283020694, shape=(), dtype=float64)
nll_grad  cost time: 2.564859628677368
tf.Tensor(-11221.301680737997, shape=(), dtype=float64)
nll_grad  cost time: 2.594409227371216
tf.Tensor(-11221.302300215477, shape=(), dtype=float64)
nll_grad  cost time: 2.5369656085968018
tf.Tensor(-11221.303092052849, shape=(), dtype=float64)
nll_grad  cost time: 2.571255683898926
tf.Tensor(-11221.303673849252, shape=(), dtype=float64)
nll_grad  cost time: 2.6014304161071777
tf.Tensor(-11221.304013005692, shape=(), dtype=float64)
nll_grad  cost time: 2.476729393005371
tf.Tensor(-11221.304123946395, shape=(), dtype=float64)
nll_grad  cost time: 2.6177027225494385
tf.Tensor(-11221.304182964099, shape=(), dtype=float64)
nll_grad  cost time: 2.5662331581115723
tf.Tensor(-11221.304255975763, shape=(), dtype=float64)
nll_grad  cost time: 2.7446157932281494
tf.Tensor(-11221.304378619101, shape=(), dtype=float64)
nll_grad  cost time: 2.6931159496307373
tf.Tensor(-11221.304586207392, shape=(), dtype=float64)
nll_grad  cost time: 2.6727452278137207
tf.Tensor(-11221.304917356894, shape=(), dtype=float64)
nll_grad  cost time: 2.6605610847473145
tf.Tensor(-11221.305334053326, shape=(), dtype=float64)
nll_grad  cost time: 2.5788137912750244
tf.Tensor(-11221.305585179038, shape=(), dtype=float64)
nll_grad  cost time: 2.713766574859619
tf.Tensor(-11221.30575666413, shape=(), dtype=float64)
nll_grad  cost time: 2.5972423553466797
tf.Tensor(-11221.305819450452, shape=(), dtype=float64)
nll_grad  cost time: 2.65966534614563
tf.Tensor(-11221.305874706713, shape=(), dtype=float64)
nll_grad  cost time: 2.6797115802764893
tf.Tensor(-11221.305949642541, shape=(), dtype=float64)
nll_grad  cost time: 2.6531822681427
tf.Tensor(-11221.306058428081, shape=(), dtype=float64)
nll_grad  cost time: 2.933462619781494
tf.Tensor(-11221.306180174553, shape=(), dtype=float64)
nll_grad  cost time: 2.7086246013641357
tf.Tensor(-11221.306302722936, shape=(), dtype=float64)
nll_grad  cost time: 2.733895778656006
tf.Tensor(-11221.30644096441, shape=(), dtype=float64)
nll_grad  cost time: 2.6897363662719727
tf.Tensor(-11221.306606216272, shape=(), dtype=float64)
nll_grad  cost time: 2.813938856124878
tf.Tensor(-11221.306754548586, shape=(), dtype=float64)
nll_grad  cost time: 2.6774635314941406
tf.Tensor(-11221.306837322049, shape=(), dtype=float64)
nll_grad  cost time: 2.682650089263916
tf.Tensor(-11221.306874814178, shape=(), dtype=float64)
nll_grad  cost time: 2.718639850616455
tf.Tensor(-11221.306901739574, shape=(), dtype=float64)
nll_grad  cost time: 2.648810625076294
tf.Tensor(-11221.30693934549, shape=(), dtype=float64)
nll_grad  cost time: 2.7110979557037354
tf.Tensor(-11221.307002603719, shape=(), dtype=float64)
nll_grad  cost time: 2.6471941471099854
tf.Tensor(-11221.307111564176, shape=(), dtype=float64)
nll_grad  cost time: 2.615924596786499
tf.Tensor(-11221.307296818826, shape=(), dtype=float64)
nll_grad  cost time: 2.7468316555023193
tf.Tensor(-11221.30759180111, shape=(), dtype=float64)
nll_grad  cost time: 2.612532615661621
tf.Tensor(-11221.307954816282, shape=(), dtype=float64)
nll_grad  cost time: 2.7340846061706543
tf.Tensor(-11221.30816908803, shape=(), dtype=float64)
nll_grad  cost time: 2.7291259765625
tf.Tensor(-11221.308300686323, shape=(), dtype=float64)
nll_grad  cost time: 2.6583845615386963
tf.Tensor(-11221.308332430066, shape=(), dtype=float64)
nll_grad  cost time: 2.5874056816101074
tf.Tensor(-11221.308354289204, shape=(), dtype=float64)
nll_grad  cost time: 2.6047091484069824
tf.Tensor(-11221.308389683447, shape=(), dtype=float64)
nll_grad  cost time: 2.7493205070495605
tf.Tensor(-11221.308449192358, shape=(), dtype=float64)
nll_grad  cost time: 2.641483783721924
tf.Tensor(-11221.308549825182, shape=(), dtype=float64)
nll_grad  cost time: 2.676490306854248
tf.Tensor(-11221.308713895905, shape=(), dtype=float64)
nll_grad  cost time: 2.574110269546509
tf.Tensor(-11221.308951073572, shape=(), dtype=float64)
nll_grad  cost time: 2.668398380279541
tf.Tensor(-11221.309137772416, shape=(), dtype=float64)
nll_grad  cost time: 2.798736810684204
tf.Tensor(-11221.309260501572, shape=(), dtype=float64)
nll_grad  cost time: 2.7331151962280273
tf.Tensor(-11221.30930298348, shape=(), dtype=float64)
nll_grad  cost time: 2.772698402404785
tf.Tensor(-11221.309318202291, shape=(), dtype=float64)
nll_grad  cost time: 2.70192813873291
tf.Tensor(-11221.309330629003, shape=(), dtype=float64)
nll_grad  cost time: 2.7145557403564453
tf.Tensor(-11221.30935128201, shape=(), dtype=float64)
nll_grad  cost time: 2.5808372497558594
tf.Tensor(-11221.309384370927, shape=(), dtype=float64)
nll_grad  cost time: 2.6976144313812256
tf.Tensor(-11221.30943663829, shape=(), dtype=float64)
nll_grad  cost time: 2.6739888191223145
tf.Tensor(-11221.309522088648, shape=(), dtype=float64)
nll_grad  cost time: 2.729938268661499
tf.Tensor(-11221.309664684271, shape=(), dtype=float64)
nll_grad  cost time: 2.616116523742676
tf.Tensor(-11221.309892750607, shape=(), dtype=float64)
nll_grad  cost time: 2.6020374298095703
tf.Tensor(-11221.310178988348, shape=(), dtype=float64)
nll_grad  cost time: 2.8262887001037598
tf.Tensor(-11221.310314675675, shape=(), dtype=float64)
nll_grad  cost time: 2.746159076690674
tf.Tensor(-11221.310382432057, shape=(), dtype=float64)
nll_grad  cost time: 2.7538723945617676
tf.Tensor(-11221.310405200966, shape=(), dtype=float64)
nll_grad  cost time: 2.712214469909668
tf.Tensor(-11221.310435312711, shape=(), dtype=float64)
nll_grad  cost time: 2.6546263694763184
tf.Tensor(-11221.310485056674, shape=(), dtype=float64)
nll_grad  cost time: 2.684684991836548
tf.Tensor(-11221.310571378486, shape=(), dtype=float64)
nll_grad  cost time: 2.639509439468384
tf.Tensor(-11221.310723253951, shape=(), dtype=float64)
nll_grad  cost time: 2.687178373336792
tf.Tensor(-11221.310986013656, shape=(), dtype=float64)
nll_grad  cost time: 2.6726481914520264
tf.Tensor(-11221.31141321707, shape=(), dtype=float64)
nll_grad  cost time: 2.6975371837615967
tf.Tensor(-11221.311991676112, shape=(), dtype=float64)
nll_grad  cost time: 2.7055530548095703
tf.Tensor(-11221.31235245281, shape=(), dtype=float64)
nll_grad  cost time: 2.8705294132232666
tf.Tensor(-11221.312692202227, shape=(), dtype=float64)
nll_grad  cost time: 2.721339702606201
tf.Tensor(-11221.312790647356, shape=(), dtype=float64)
nll_grad  cost time: 2.7398040294647217
tf.Tensor(-11221.312815573525, shape=(), dtype=float64)
nll_grad  cost time: 2.5847177505493164
tf.Tensor(-11221.312827890597, shape=(), dtype=float64)
nll_grad  cost time: 2.6215124130249023
tf.Tensor(-11221.312844746748, shape=(), dtype=float64)
nll_grad  cost time: 2.6161177158355713
tf.Tensor(-11221.312869302856, shape=(), dtype=float64)
nll_grad  cost time: 2.713667392730713
tf.Tensor(-11221.31289739787, shape=(), dtype=float64)
nll_grad  cost time: 2.7188689708709717
tf.Tensor(-11221.31294634634, shape=(), dtype=float64)
nll_grad  cost time: 2.6823408603668213
tf.Tensor(-11221.313033653536, shape=(), dtype=float64)
nll_grad  cost time: 2.7865917682647705
tf.Tensor(-11221.313188164539, shape=(), dtype=float64)
nll_grad  cost time: 2.7424755096435547
tf.Tensor(-11221.31344940822, shape=(), dtype=float64)
nll_grad  cost time: 2.80729603767395
tf.Tensor(-11221.313835872885, shape=(), dtype=float64)
nll_grad  cost time: 2.748408794403076
tf.Tensor(-11221.314139150807, shape=(), dtype=float64)
nll_grad  cost time: 2.755674362182617
tf.Tensor(-11221.314323562878, shape=(), dtype=float64)
nll_grad  cost time: 2.629664897918701
tf.Tensor(-11221.314440543278, shape=(), dtype=float64)
nll_grad  cost time: 2.6144723892211914
tf.Tensor(-11221.314500500217, shape=(), dtype=float64)
nll_grad  cost time: 2.618290424346924
tf.Tensor(-11221.31453196934, shape=(), dtype=float64)
nll_grad  cost time: 2.589590549468994
tf.Tensor(-11221.314578255642, shape=(), dtype=float64)
nll_grad  cost time: 2.57843017578125
tf.Tensor(-11221.314637459975, shape=(), dtype=float64)
nll_grad  cost time: 2.851027727127075
tf.Tensor(-11221.314739613004, shape=(), dtype=float64)
nll_grad  cost time: 2.7975423336029053
tf.Tensor(-11221.314917440048, shape=(), dtype=float64)
nll_grad  cost time: 2.782247543334961
tf.Tensor(-11221.315214902006, shape=(), dtype=float64)
nll_grad  cost time: 2.85663104057312
tf.Tensor(-11221.315646884712, shape=(), dtype=float64)
nll_grad  cost time: 2.6868011951446533
tf.Tensor(-11221.315984817762, shape=(), dtype=float64)
nll_grad  cost time: 3.0294876098632812
tf.Tensor(-11221.316253009045, shape=(), dtype=float64)
nll_grad  cost time: 2.667086124420166
tf.Tensor(-11221.31636646324, shape=(), dtype=float64)
nll_grad  cost time: 2.7001304626464844
tf.Tensor(-11221.31638284327, shape=(), dtype=float64)
nll_grad  cost time: 2.6821014881134033
tf.Tensor(-11221.316389931128, shape=(), dtype=float64)
nll_grad  cost time: 2.624635934829712
tf.Tensor(-11221.316396171967, shape=(), dtype=float64)
nll_grad  cost time: 2.580333948135376
tf.Tensor(-11221.316404630717, shape=(), dtype=float64)
nll_grad  cost time: 2.660853624343872
tf.Tensor(-11221.31641699274, shape=(), dtype=float64)
nll_grad  cost time: 2.561638355255127
tf.Tensor(-11221.316437286547, shape=(), dtype=float64)
nll_grad  cost time: 2.626009464263916
tf.Tensor(-11221.316472234077, shape=(), dtype=float64)
nll_grad  cost time: 2.771821975708008
tf.Tensor(-11221.31653267955, shape=(), dtype=float64)
nll_grad  cost time: 2.606135845184326
tf.Tensor(-11221.316632570379, shape=(), dtype=float64)
nll_grad  cost time: 2.6696064472198486
tf.Tensor(-11221.316772361464, shape=(), dtype=float64)
nll_grad  cost time: 2.5693178176879883
tf.Tensor(-11221.3168591182, shape=(), dtype=float64)
nll_grad  cost time: 2.6452720165252686
tf.Tensor(-11221.316926929829, shape=(), dtype=float64)
nll_grad  cost time: 2.7422378063201904
tf.Tensor(-11221.31695323606, shape=(), dtype=float64)
nll_grad  cost time: 2.682746648788452
tf.Tensor(-11221.316958284038, shape=(), dtype=float64)
nll_grad  cost time: 2.6206321716308594
tf.Tensor(-11221.316962263063, shape=(), dtype=float64)
nll_grad  cost time: 2.7024953365325928
tf.Tensor(-11221.316969110114, shape=(), dtype=float64)
nll_grad  cost time: 2.7204110622406006
tf.Tensor(-11221.31698131478, shape=(), dtype=float64)
nll_grad  cost time: 2.724576234817505
tf.Tensor(-11221.317003332066, shape=(), dtype=float64)
nll_grad  cost time: 2.885939598083496
tf.Tensor(-11221.317042992136, shape=(), dtype=float64)
nll_grad  cost time: 2.693970203399658
tf.Tensor(-11221.317113595856, shape=(), dtype=float64)
nll_grad  cost time: 2.757439613342285
tf.Tensor(-11221.317236536335, shape=(), dtype=float64)
nll_grad  cost time: 2.7241201400756836
tf.Tensor(-11221.317443328335, shape=(), dtype=float64)
nll_grad  cost time: 2.6220061779022217
tf.Tensor(-11221.317773076396, shape=(), dtype=float64)
nll_grad  cost time: 2.6687238216400146
tf.Tensor(-11221.318252418467, shape=(), dtype=float64)
nll_grad  cost time: 2.6073100566864014
tf.Tensor(-11221.318712893233, shape=(), dtype=float64)
nll_grad  cost time: 2.550504446029663
tf.Tensor(-11221.319042182491, shape=(), dtype=float64)
nll_grad  cost time: 2.4827253818511963
nll_grad  cost time: 2.4023258686065674
tf.Tensor(-11221.319130679765, shape=(), dtype=float64)
nll_grad  cost time: 2.5457215309143066
tf.Tensor(-11221.319174821798, shape=(), dtype=float64)
nll_grad  cost time: 2.638575315475464
tf.Tensor(-11221.319181561123, shape=(), dtype=float64)
nll_grad  cost time: 2.6485977172851562
tf.Tensor(-11221.319183158905, shape=(), dtype=float64)
nll_grad  cost time: 2.6532297134399414
tf.Tensor(-11221.319185698683, shape=(), dtype=float64)
nll_grad  cost time: 2.7401909828186035
tf.Tensor(-11221.31918951971, shape=(), dtype=float64)
nll_grad  cost time: 2.7318902015686035
tf.Tensor(-11221.319194889493, shape=(), dtype=float64)
nll_grad  cost time: 2.654473304748535
tf.Tensor(-11221.319204004034, shape=(), dtype=float64)
nll_grad  cost time: 2.594057083129883
tf.Tensor(-11221.319219839677, shape=(), dtype=float64)
nll_grad  cost time: 2.6579270362854004
tf.Tensor(-11221.319247457388, shape=(), dtype=float64)
nll_grad  cost time: 2.7129580974578857
tf.Tensor(-11221.319295298475, shape=(), dtype=float64)
nll_grad  cost time: 2.6843700408935547
tf.Tensor(-11221.319377102678, shape=(), dtype=float64)
nll_grad  cost time: 2.6846911907196045
tf.Tensor(-11221.319514386138, shape=(), dtype=float64)
nll_grad  cost time: 2.8060693740844727
tf.Tensor(-11221.319737227983, shape=(), dtype=float64)
nll_grad  cost time: 2.7438337802886963
tf.Tensor(-11221.320066917368, shape=(), dtype=float64)
nll_grad  cost time: 2.6495275497436523
nll_grad  cost time: 2.700993061065674
tf.Tensor(-11221.320190828266, shape=(), dtype=float64)
nll_grad  cost time: 2.5968945026397705
tf.Tensor(-11221.320396951869, shape=(), dtype=float64)
nll_grad  cost time: 2.6542603969573975
tf.Tensor(-11221.320700543154, shape=(), dtype=float64)
nll_grad  cost time: 2.6501450538635254
tf.Tensor(-11221.321118226946, shape=(), dtype=float64)
nll_grad  cost time: 2.5991616249084473
tf.Tensor(-11221.321726558876, shape=(), dtype=float64)
nll_grad  cost time: 2.600301742553711
tf.Tensor(-11221.32208383569, shape=(), dtype=float64)
nll_grad  cost time: 2.6702120304107666
tf.Tensor(-11221.322560679599, shape=(), dtype=float64)
nll_grad  cost time: 2.6545400619506836
tf.Tensor(-11221.322730922697, shape=(), dtype=float64)
nll_grad  cost time: 2.6905362606048584
tf.Tensor(-11221.323024934296, shape=(), dtype=float64)
nll_grad  cost time: 2.7485721111297607
nll_grad  cost time: 2.614694356918335
tf.Tensor(-11221.323242817212, shape=(), dtype=float64)
nll_grad  cost time: 2.5758347511291504
tf.Tensor(-11221.323327761475, shape=(), dtype=float64)
nll_grad  cost time: 2.696953296661377
tf.Tensor(-11221.32338224223, shape=(), dtype=float64)
nll_grad  cost time: 2.6617953777313232
tf.Tensor(-11221.323433837191, shape=(), dtype=float64)
nll_grad  cost time: 2.5749073028564453
tf.Tensor(-11221.323457783656, shape=(), dtype=float64)
nll_grad  cost time: 2.544794797897339
tf.Tensor(-11221.323468034898, shape=(), dtype=float64)
nll_grad  cost time: 2.5517847537994385
tf.Tensor(-11221.32346993289, shape=(), dtype=float64)
nll_grad  cost time: 2.506369113922119
tf.Tensor(-11221.323470807096, shape=(), dtype=float64)
nll_grad  cost time: 2.509871244430542
tf.Tensor(-11221.3234714588, shape=(), dtype=float64)
nll_grad  cost time: 2.4804883003234863
tf.Tensor(-11221.323471657008, shape=(), dtype=float64)
nll_grad  cost time: 2.7056643962860107
tf.Tensor(-11221.32347186497, shape=(), dtype=float64)
nll_grad  cost time: 2.9787778854370117
tf.Tensor(-11221.323472140575, shape=(), dtype=float64)
nll_grad  cost time: 2.8234031200408936
tf.Tensor(-11221.323472573928, shape=(), dtype=float64)
nll_grad  cost time: 2.706874132156372
tf.Tensor(-11221.323473189372, shape=(), dtype=float64)
nll_grad  cost time: 2.7276394367218018
tf.Tensor(-11221.323473643246, shape=(), dtype=float64)
nll_grad  cost time: 2.735459089279175
tf.Tensor(-11221.3234739557, shape=(), dtype=float64)
nll_grad  cost time: 2.761399507522583
tf.Tensor(-11221.32347422231, shape=(), dtype=float64)
nll_grad  cost time: 2.699052095413208
tf.Tensor(-11221.32347466975, shape=(), dtype=float64)
nll_grad  cost time: 2.6220102310180664
tf.Tensor(-11221.323475467076, shape=(), dtype=float64)
nll_grad  cost time: 2.7183401584625244
tf.Tensor(-11221.323476927691, shape=(), dtype=float64)
nll_grad  cost time: 2.640625
tf.Tensor(-11221.323479623697, shape=(), dtype=float64)
nll_grad  cost time: 2.819992780685425
tf.Tensor(-11221.323484574676, shape=(), dtype=float64)
nll_grad  cost time: 2.6788055896759033
tf.Tensor(-11221.323493520666, shape=(), dtype=float64)
nll_grad  cost time: 2.6720478534698486
tf.Tensor(-11221.323509218266, shape=(), dtype=float64)
nll_grad  cost time: 2.7178966999053955
tf.Tensor(-11221.323535503316, shape=(), dtype=float64)
nll_grad  cost time: 2.672818183898926
tf.Tensor(-11221.323576652827, shape=(), dtype=float64)
nll_grad  cost time: 2.6809380054473877
tf.Tensor(-11221.323633653532, shape=(), dtype=float64)
nll_grad  cost time: 2.6194536685943604
tf.Tensor(-11221.323697991986, shape=(), dtype=float64)
nll_grad  cost time: 2.536787748336792
tf.Tensor(-11221.323753619683, shape=(), dtype=float64)
nll_grad  cost time: 2.508387327194214
tf.Tensor(-11221.323770207886, shape=(), dtype=float64)
nll_grad  cost time: 2.523301124572754
tf.Tensor(-11221.323772224865, shape=(), dtype=float64)
nll_grad  cost time: 2.5280821323394775
tf.Tensor(-11221.323773966415, shape=(), dtype=float64)
nll_grad  cost time: 2.6217944622039795
tf.Tensor(-11221.323774494387, shape=(), dtype=float64)
nll_grad  cost time: 2.64408016204834
tf.Tensor(-11221.323774694065, shape=(), dtype=float64)
nll_grad  cost time: 2.6076955795288086
tf.Tensor(-11221.32377474075, shape=(), dtype=float64)
nll_grad  cost time: 2.9092984199523926
tf.Tensor(-11221.323774745437, shape=(), dtype=float64)
nll_grad  cost time: 2.530440330505371
tf.Tensor(-11221.323774746073, shape=(), dtype=float64)
Optimization terminated successfully.
         Current function value: -11221.323775
         Iterations: 837
         Function evaluations: 858
         Gradient evaluations: 858
  message: Optimization terminated successfully.
  success: True
   status: 0
      fun: -11221.323774746073
        x: [ 3.658e-03  1.780e-02 ...  3.139e+00 -2.430e+00]
      nit: 837
      jac: [ 0.000e+00  0.000e+00 ... -1.325e-05  5.240e-05]
 hess_inv: [[ 1.000e+00  0.000e+00 ...  0.000e+00  0.000e+00]
            [ 0.000e+00  1.000e+00 ...  0.000e+00  0.000e+00]
            ...
            [ 0.000e+00  0.000e+00 ...  5.188e+00 -2.793e-01]
            [ 0.000e+00  0.000e+00 ... -2.793e-01  2.135e-01]]
     nfev: 858
     njev: 858
fit  cost time: 2299.8081867694855

========== Fit loop 5/5 ==========
using RANDOM parameters

########### initial parameters
{
  "rho(1450)p_mass": 1.51,
  "rho(1450)p_width": 0.44,
  "rho(1570)p_mass": 1.57,
  "rho(1570)p_width": 0.14,
  "rho(1690)p_mass": 1.681,
  "rho(1690)p_width": 0.19,
  "rho(1450)m_mass": 1.51,
  "rho(1450)m_width": 0.44,
  "rho(1570)m_mass": 1.57,
  "rho(1570)m_width": 0.14,
  "rho(1690)m_mass": 1.681,
  "rho(1690)m_width": 0.19,
  "f0(500)_E791_mass": 0.478,
  "f2(1270)_flatte_mass": 1.2754,
  "f2(1270)_flatte_g_0": 0.6420892436113651,
  "f2(1270)_flatte_g_1": 6.224263025520358,
  "f0(1370)_mass": 1.37,
  "f0(1370)_width": 0.35,
  "f0(1500)_flatte_mass": 1.522,
  "f0(1500)_flatte_g_0": 0.9033131885460612,
  "f0(1500)_flatte_g_1": 0.23747691160347445,
  "f2(1430)_mass": 1.43,
  "f2(1430)_width": 0.046,
  "f2(1910)_mass": 1.934,
  "f2(1910)_width": 0.14,
  "Jpsi->rho(1450)p.pimrho(1450)p->phi.pip_total_0r": 1.0,
  "Jpsi->rho(1450)p.pimrho(1450)p->phi.pip_total_0i": 0.0,
  "Jpsi->rho(1450)p.pim_g_ls_0r": 1.0,
  "Jpsi->rho(1450)p.pim_g_ls_0i": 0.0,
  "rho(1450)p->phi.pip_g_ls_0r": 1.0,
  "rho(1450)p->phi.pip_g_ls_0i": 0.0,
  "Jpsi->rho(1570)p.pimrho(1570)p->phi.pip_total_0r": 0.21167366403525545,
  "Jpsi->rho(1570)p.pimrho(1570)p->phi.pip_total_0i": 2.7945833065767527,
  "Jpsi->rho(1570)p.pim_g_ls_0r": 1.0,
  "Jpsi->rho(1570)p.pim_g_ls_0i": 0.0,
  "rho(1570)p->phi.pip_g_ls_0r": 1.0,
  "rho(1570)p->phi.pip_g_ls_0i": 0.0,
  "Jpsi->rho(1690)p.pimrho(1690)p->phi.pip_total_0r": 1.5557679785219323,
  "Jpsi->rho(1690)p.pimrho(1690)p->phi.pip_total_0i": -1.8279075593632983,
  "Jpsi->rho(1690)p.pim_g_ls_0r": 1.0,
  "Jpsi->rho(1690)p.pim_g_ls_0i": 0.0,
  "rho(1690)p->phi.pip_g_ls_0r": 1.0,
  "rho(1690)p->phi.pip_g_ls_0i": 0.0,
  "Jpsi->rho(1450)m.piprho(1450)m->phi.pim_total_0r": 1.0,
  "Jpsi->rho(1450)m.piprho(1450)m->phi.pim_total_0i": 0.0,
  "Jpsi->rho(1450)m.pip_g_ls_0r": 1.0,
  "Jpsi->rho(1450)m.pip_g_ls_0i": 0.0,
  "rho(1450)m->phi.pim_g_ls_0r": 1.0,
  "rho(1450)m->phi.pim_g_ls_0i": 0.0,
  "Jpsi->rho(1570)m.piprho(1570)m->phi.pim_total_0r": 0.21167366403525545,
  "Jpsi->rho(1570)m.piprho(1570)m->phi.pim_total_0i": 2.7945833065767527,
  "Jpsi->rho(1570)m.pip_g_ls_0r": 1.0,
  "Jpsi->rho(1570)m.pip_g_ls_0i": 0.0,
  "rho(1570)m->phi.pim_g_ls_0r": 1.0,
  "rho(1570)m->phi.pim_g_ls_0i": 0.0,
  "Jpsi->rho(1690)m.piprho(1690)m->phi.pim_total_0r": 1.5557679785219323,
  "Jpsi->rho(1690)m.piprho(1690)m->phi.pim_total_0i": -1.8279075593632983,
  "Jpsi->rho(1690)m.pip_g_ls_0r": 1.0,
  "Jpsi->rho(1690)m.pip_g_ls_0i": 0.0,
  "rho(1690)m->phi.pim_g_ls_0r": 1.0,
  "rho(1690)m->phi.pim_g_ls_0i": 0.0,
  "Jpsi->phi.f0(500)_E791f0(500)_E791->pip.pim_total_0r": 0.027544489884312018,
  "Jpsi->phi.f0(500)_E791f0(500)_E791->pip.pim_total_0i": 2.9923868169421723,
  "Jpsi->phi.f0(500)_E791_g_ls_0r": 1.0,
  "Jpsi->phi.f0(500)_E791_g_ls_0i": 0.0,
  "Jpsi->phi.f0(500)_E791_g_ls_1r": 1.8862168972788775,
  "Jpsi->phi.f0(500)_E791_g_ls_1i": -0.32880595448443817,
  "f0(500)_E791->pip.pim_g_ls_0r": 1.0,
  "f0(500)_E791->pip.pim_g_ls_0i": 0.0,
  "Jpsi->phi.f0(980)_flattef0(980)_flatte->pip.pim_total_0r": 1.400378674290704,
  "Jpsi->phi.f0(980)_flattef0(980)_flatte->pip.pim_total_0i": -2.2557564453992116,
  "f0(980)_flatte->pip.pim_g_ls_0r": 1.0,
  "f0(980)_flatte->pip.pim_g_ls_0i": 0.0,
  "Jpsi->phi.f2(1270)_flattef2(1270)_flatte->pip.pim_total_0r": 0.10572030631189788,
  "Jpsi->phi.f2(1270)_flattef2(1270)_flatte->pip.pim_total_0i": -2.061690820795902,
  "Jpsi->phi.f2(1270)_flatte_g_ls_0r": 1.0,
  "Jpsi->phi.f2(1270)_flatte_g_ls_0i": 0.0,
  "Jpsi->phi.f2(1270)_flatte_g_ls_1r": 0.42018455018244705,
  "Jpsi->phi.f2(1270)_flatte_g_ls_1i": -0.6188004055561236,
  "Jpsi->phi.f2(1270)_flatte_g_ls_2r": 0.4794735225249056,
  "Jpsi->phi.f2(1270)_flatte_g_ls_2i": 1.2625395101469241,
  "Jpsi->phi.f2(1270)_flatte_g_ls_3r": 0.6914938706217417,
  "Jpsi->phi.f2(1270)_flatte_g_ls_3i": -1.1623417909868448,
  "Jpsi->phi.f2(1270)_flatte_g_ls_4r": 1.1728062155681078,
  "Jpsi->phi.f2(1270)_flatte_g_ls_4i": 0.42822266372656204,
  "f2(1270)_flatte->pip.pim_g_ls_0r": 1.0,
  "f2(1270)_flatte->pip.pim_g_ls_0i": 0.0,
  "Jpsi->phi.f0(1370)f0(1370)->pip.pim_total_0r": 0.8825968920643565,
  "Jpsi->phi.f0(1370)f0(1370)->pip.pim_total_0i": 0.5518043386903013,
  "Jpsi->phi.f0(1370)_g_ls_0r": 1.0,
  "Jpsi->phi.f0(1370)_g_ls_0i": 0.0,
  "Jpsi->phi.f0(1370)_g_ls_1r": 0.6549539292083888,
  "Jpsi->phi.f0(1370)_g_ls_1i": -1.7836944889612563,
  "f0(1370)->pip.pim_g_ls_0r": 1.0,
  "f0(1370)->pip.pim_g_ls_0i": 0.0,
  "Jpsi->phi.f0(1500)_flattef0(1500)_flatte->pip.pim_total_0r": 0.6911266015241955,
  "Jpsi->phi.f0(1500)_flattef0(1500)_flatte->pip.pim_total_0i": -2.778297576894569,
  "Jpsi->phi.f0(1500)_flatte_g_ls_0r": 1.0,
  "Jpsi->phi.f0(1500)_flatte_g_ls_0i": 0.0,
  "Jpsi->phi.f0(1500)_flatte_g_ls_1r": 0.29528327768161367,
  "Jpsi->phi.f0(1500)_flatte_g_ls_1i": -2.9950631461737904,
  "f0(1500)_flatte->pip.pim_g_ls_0r": 1.0,
  "f0(1500)_flatte->pip.pim_g_ls_0i": 0.0,
  "Jpsi->phi.f0(1710)f0(1710)->pip.pim_total_0r": 0.17068640512238797,
  "Jpsi->phi.f0(1710)f0(1710)->pip.pim_total_0i": -3.004149773070722,
  "f0(1710)->pip.pim_g_ls_0r": 1.0,
  "f0(1710)->pip.pim_g_ls_0i": 0.0,
  "Jpsi->phi.f2(1430)f2(1430)->pip.pim_total_0r": 1.718111667444794,
  "Jpsi->phi.f2(1430)f2(1430)->pip.pim_total_0i": -0.5868850254597988,
  "Jpsi->phi.f2(1430)_g_ls_0r": 1.0,
  "Jpsi->phi.f2(1430)_g_ls_0i": 0.0,
  "Jpsi->phi.f2(1430)_g_ls_1r": 1.9178086909388896,
  "Jpsi->phi.f2(1430)_g_ls_1i": 1.3578525229963656,
  "Jpsi->phi.f2(1430)_g_ls_2r": 0.3703418317285436,
  "Jpsi->phi.f2(1430)_g_ls_2i": -1.3119120278220355,
  "Jpsi->phi.f2(1430)_g_ls_3r": 0.6013916815135296,
  "Jpsi->phi.f2(1430)_g_ls_3i": -0.19395973038108894,
  "Jpsi->phi.f2(1430)_g_ls_4r": 0.7379554661876306,
  "Jpsi->phi.f2(1430)_g_ls_4i": 1.6871087085488323,
  "f2(1430)->pip.pim_g_ls_0r": 1.0,
  "f2(1430)->pip.pim_g_ls_0i": 0.0,
  "Jpsi->phi.f2(1910)f2(1910)->pip.pim_total_0r": 0.03560683384707408,
  "Jpsi->phi.f2(1910)f2(1910)->pip.pim_total_0i": -0.891118997296247,
  "Jpsi->phi.f2(1910)_g_ls_0r": 1.0,
  "Jpsi->phi.f2(1910)_g_ls_0i": 0.0,
  "Jpsi->phi.f2(1910)_g_ls_1r": 0.4726258296481456,
  "Jpsi->phi.f2(1910)_g_ls_1i": 1.2136372415284793,
  "Jpsi->phi.f2(1910)_g_ls_2r": 1.372159144180681,
  "Jpsi->phi.f2(1910)_g_ls_2i": -2.152106135469168,
  "Jpsi->phi.f2(1910)_g_ls_3r": 0.4476712512563066,
  "Jpsi->phi.f2(1910)_g_ls_3i": 2.621289700117286,
  "Jpsi->phi.f2(1910)_g_ls_4r": 0.43541729222520376,
  "Jpsi->phi.f2(1910)_g_ls_4i": -1.3965994068842693,
  "f2(1910)->pip.pim_g_ls_0r": 1.0,
  "f2(1910)->pip.pim_g_ls_0i": 0.0,
  "K1(1400)p_mass": 1.403,
  "K1(1400)p_width": 0.174,
  "K2(1820)p_mass": 1.819,
  "K2(1820)p_width": 0.264,
  "K2(1980)p_mass": 1.99,
  "K2(1980)p_width": 0.348,
  "K2(2250)p_mass": 2.247,
  "K2(2250)p_width": 0.18,
  "K3(2320)p_mass": 2.324,
  "K3(2320)p_width": 0.15,
  "K1(1400)m_mass": 1.403,
  "K1(1400)m_width": 0.174,
  "K2(1820)m_mass": 1.819,
  "K2(1820)m_width": 0.264,
  "K2(1980)m_mass": 1.99,
  "K2(1980)m_width": 0.348,
  "K3(2320)m_mass": 2.324,
  "K3(2320)m_width": 0.15,
  "f0(980)_flatte_mass": 0.965,
  "f0(980)_flatte_g_0": 0.2026671449496624,
  "f0(980)_flatte_g_1": 0.08329390692334969,
  "f2(1270)_mass": 1.2754,
  "f2(1270)_width": 0.1858,
  "f0(1500)_mass": 1.522,
  "f0(1500)_width": 0.108,
  "f2(1525)_mass": 1.5173,
  "f2(1525)_width": 0.072,
  "f2(1565)_mass": 1.571,
  "f2(1565)_width": 0.132,
  "f0(1710)_mass": 1.733,
  "f0(1710)_width": 0.15,
  "f2(1810)_mass": 1.815,
  "f2(1810)_width": 0.197,
  "Jpsi->K1(1400)p.kmK1(1400)p->phi.kp_total_0r": 1.0,
  "Jpsi->K1(1400)p.kmK1(1400)p->phi.kp_total_0i": 0.0,
  "Jpsi->K1(1400)p.km_g_ls_0r": 1.0,
  "Jpsi->K1(1400)p.km_g_ls_0i": 0.0,
  "Jpsi->K1(1400)p.km_g_ls_1r": 0.45511897170271665,
  "Jpsi->K1(1400)p.km_g_ls_1i": 1.6078199600190075,
  "K1(1400)p->phi.kp_g_ls_0r": 1.0,
  "K1(1400)p->phi.kp_g_ls_0i": 0.0,
  "K1(1400)p->phi.kp_g_ls_1r": 1.1837573453577561,
  "K1(1400)p->phi.kp_g_ls_1i": -2.8800449876548537,
  "Jpsi->K2(1820)p.kmK2(1820)p->phi.kp_total_0r": 1.5797054380678826,
  "Jpsi->K2(1820)p.kmK2(1820)p->phi.kp_total_0i": -2.709312759660377,
  "Jpsi->K2(1820)p.km_g_ls_0r": 1.0,
  "Jpsi->K2(1820)p.km_g_ls_0i": 0.0,
  "Jpsi->K2(1820)p.km_g_ls_1r": 0.7970612193205633,
  "Jpsi->K2(1820)p.km_g_ls_1i": -1.4063479186603682,
  "K2(1820)p->phi.kp_g_ls_0r": 1.0,
  "K2(1820)p->phi.kp_g_ls_0i": 0.0,
  "K2(1820)p->phi.kp_g_ls_1r": 0.14959370158418217,
  "K2(1820)p->phi.kp_g_ls_1i": 2.8634354811864977,
  "Jpsi->K2(1980)p.kmK2(1980)p->phi.kp_total_0r": 1.9731631482158143,
  "Jpsi->K2(1980)p.kmK2(1980)p->phi.kp_total_0i": -1.2562312173588899,
  "Jpsi->K2(1980)p.km_g_ls_0r": 1.0,
  "Jpsi->K2(1980)p.km_g_ls_0i": 0.0,
  "K2(1980)p->phi.kp_g_ls_0r": 1.0,
  "K2(1980)p->phi.kp_g_ls_0i": 0.0,
  "Jpsi->K2(2250)p.kmK2(2250)p->phi.kp_total_0r": 1.0523146492413442,
  "Jpsi->K2(2250)p.kmK2(2250)p->phi.kp_total_0i": 2.4301746827627273,
  "Jpsi->K2(2250)p.km_g_ls_0r": 1.0,
  "Jpsi->K2(2250)p.km_g_ls_0i": 0.0,
  "Jpsi->K2(2250)p.km_g_ls_1r": 1.3829097400899397,
  "Jpsi->K2(2250)p.km_g_ls_1i": 2.979591981165548,
  "K2(2250)p->phi.kp_g_ls_0r": 1.0,
  "K2(2250)p->phi.kp_g_ls_0i": 0.0,
  "K2(2250)p->phi.kp_g_ls_1r": 0.8464916901551947,
  "K2(2250)p->phi.kp_g_ls_1i": 0.1055755613758067,
  "Jpsi->K3(2320)p.kmK3(2320)p->phi.kp_total_0r": 1.1494927716476164,
  "Jpsi->K3(2320)p.kmK3(2320)p->phi.kp_total_0i": -0.756393447829935,
  "Jpsi->K3(2320)p.km_g_ls_0r": 1.0,
  "Jpsi->K3(2320)p.km_g_ls_0i": 0.0,
  "Jpsi->K3(2320)p.km_g_ls_1r": 1.9152772140337477,
  "Jpsi->K3(2320)p.km_g_ls_1i": 1.9448052346608975,
  "K3(2320)p->phi.kp_g_ls_0r": 1.0,
  "K3(2320)p->phi.kp_g_ls_0i": 0.0,
  "K3(2320)p->phi.kp_g_ls_1r": 1.2373343675549195,
  "K3(2320)p->phi.kp_g_ls_1i": -2.9863171129014074,
  "Jpsi->K1(1400)m.kpK1(1400)m->phi.km_total_0r": 1.0,
  "Jpsi->K1(1400)m.kpK1(1400)m->phi.km_total_0i": 0.0,
  "Jpsi->K1(1400)m.kp_g_ls_0r": 1.0,
  "Jpsi->K1(1400)m.kp_g_ls_0i": 0.0,
  "Jpsi->K1(1400)m.kp_g_ls_1r": 0.45511897170271665,
  "Jpsi->K1(1400)m.kp_g_ls_1i": 1.6078199600190075,
  "K1(1400)m->phi.km_g_ls_0r": 1.0,
  "K1(1400)m->phi.km_g_ls_0i": 0.0,
  "K1(1400)m->phi.km_g_ls_1r": 1.1837573453577561,
  "K1(1400)m->phi.km_g_ls_1i": -2.8800449876548537,
  "Jpsi->K2(1820)m.kpK2(1820)m->phi.km_total_0r": 1.5797054380678826,
  "Jpsi->K2(1820)m.kpK2(1820)m->phi.km_total_0i": -2.709312759660377,
  "Jpsi->K2(1820)m.kp_g_ls_0r": 1.0,
  "Jpsi->K2(1820)m.kp_g_ls_0i": 0.0,
  "Jpsi->K2(1820)m.kp_g_ls_1r": 0.7970612193205633,
  "Jpsi->K2(1820)m.kp_g_ls_1i": -1.4063479186603682,
  "K2(1820)m->phi.km_g_ls_0r": 1.0,
  "K2(1820)m->phi.km_g_ls_0i": 0.0,
  "K2(1820)m->phi.km_g_ls_1r": 0.14959370158418217,
  "K2(1820)m->phi.km_g_ls_1i": 2.8634354811864977,
  "Jpsi->K2(1980)m.kpK2(1980)m->phi.km_total_0r": 1.9731631482158143,
  "Jpsi->K2(1980)m.kpK2(1980)m->phi.km_total_0i": -1.2562312173588899,
  "Jpsi->K2(1980)m.kp_g_ls_0r": 1.0,
  "Jpsi->K2(1980)m.kp_g_ls_0i": 0.0,
  "K2(1980)m->phi.km_g_ls_0r": 1.0,
  "K2(1980)m->phi.km_g_ls_0i": 0.0,
  "Jpsi->K2(2250)p.kpK2(2250)p->phi.km_total_0r": 0.7373480301376629,
  "Jpsi->K2(2250)p.kpK2(2250)p->phi.km_total_0i": -2.352850505007636,
  "Jpsi->K2(2250)p.kp_g_ls_0r": 1.0,
  "Jpsi->K2(2250)p.kp_g_ls_0i": 0.0,
  "Jpsi->K2(2250)p.kp_g_ls_1r": 0.6064768943527747,
  "Jpsi->K2(2250)p.kp_g_ls_1i": -1.3736468416144259,
  "K2(2250)p->phi.km_g_ls_0r": 1.0,
  "K2(2250)p->phi.km_g_ls_0i": 0.0,
  "K2(2250)p->phi.km_g_ls_1r": 1.568152386354586,
  "K2(2250)p->phi.km_g_ls_1i": -2.4728249964039577,
  "Jpsi->K3(2320)m.kpK3(2320)m->phi.km_total_0r": 1.1494927716476164,
  "Jpsi->K3(2320)m.kpK3(2320)m->phi.km_total_0i": -0.756393447829935,
  "Jpsi->K3(2320)m.kp_g_ls_0r": 1.0,
  "Jpsi->K3(2320)m.kp_g_ls_0i": 0.0,
  "Jpsi->K3(2320)m.kp_g_ls_1r": 1.9152772140337477,
  "Jpsi->K3(2320)m.kp_g_ls_1i": 1.9448052346608975,
  "K3(2320)m->phi.km_g_ls_0r": 1.0,
  "K3(2320)m->phi.km_g_ls_0i": 0.0,
  "K3(2320)m->phi.km_g_ls_1r": 1.2373343675549195,
  "K3(2320)m->phi.km_g_ls_1i": -2.9863171129014074,
  "Jpsi->phi.f0(980)_flattef0(980)_flatte->kp.km_total_0r": 1.4309574144721475,
  "Jpsi->phi.f0(980)_flattef0(980)_flatte->kp.km_total_0i": 2.4532265011769647,
  "Jpsi->phi.f0(980)_flatte_g_ls_0r": 1.0,
  "Jpsi->phi.f0(980)_flatte_g_ls_0i": 0.0,
  "Jpsi->phi.f0(980)_flatte_g_ls_1r": 1.845411556042678,
  "Jpsi->phi.f0(980)_flatte_g_ls_1i": 2.7460818729346963,
  "f0(980)_flatte->kp.km_g_ls_0r": 1.0,
  "f0(980)_flatte->kp.km_g_ls_0i": 0.0,
  "Jpsi->phi.f2(1270)f2(1270)->kp.km_total_0r": 0.3301194067922162,
  "Jpsi->phi.f2(1270)f2(1270)->kp.km_total_0i": -2.8963629665573114,
  "Jpsi->phi.f2(1270)_g_ls_0r": 1.0,
  "Jpsi->phi.f2(1270)_g_ls_0i": 0.0,
  "Jpsi->phi.f2(1270)_g_ls_1r": 1.2080568217552274,
  "Jpsi->phi.f2(1270)_g_ls_1i": -1.4824670610167077,
  "Jpsi->phi.f2(1270)_g_ls_2r": 1.0359463869771868,
  "Jpsi->phi.f2(1270)_g_ls_2i": -1.5389758507488858,
  "Jpsi->phi.f2(1270)_g_ls_3r": 1.986904931647806,
  "Jpsi->phi.f2(1270)_g_ls_3i": -1.6858673051034931,
  "Jpsi->phi.f2(1270)_g_ls_4r": 0.05624597506599649,
  "Jpsi->phi.f2(1270)_g_ls_4i": -3.1346667986898424,
  "f2(1270)->kp.km_g_ls_0r": 1.0,
  "f2(1270)->kp.km_g_ls_0i": 0.0,
  "Jpsi->phi.f0(1500)f0(1500)->kp.km_total_0r": 1.9542819595547822,
  "Jpsi->phi.f0(1500)f0(1500)->kp.km_total_0i": -2.3663985941032655,
  "Jpsi->phi.f0(1500)_g_ls_0r": 1.0,
  "Jpsi->phi.f0(1500)_g_ls_0i": 0.0,
  "Jpsi->phi.f0(1500)_g_ls_1r": 0.10243094644912976,
  "Jpsi->phi.f0(1500)_g_ls_1i": -1.0992593012809073,
  "f0(1500)->kp.km_g_ls_0r": 1.0,
  "f0(1500)->kp.km_g_ls_0i": 0.0,
  "Jpsi->phi.f2(1525)f2(1525)->kp.km_total_0r": 0.5844475821315078,
  "Jpsi->phi.f2(1525)f2(1525)->kp.km_total_0i": -2.302060831610414,
  "Jpsi->phi.f2(1525)_g_ls_0r": 1.0,
  "Jpsi->phi.f2(1525)_g_ls_0i": 0.0,
  "Jpsi->phi.f2(1525)_g_ls_1r": 1.6569470808146427,
  "Jpsi->phi.f2(1525)_g_ls_1i": -2.1513094884114814,
  "Jpsi->phi.f2(1525)_g_ls_2r": 1.4525701143752183,
  "Jpsi->phi.f2(1525)_g_ls_2i": 0.7211196639755366,
  "Jpsi->phi.f2(1525)_g_ls_3r": 0.6885500375344153,
  "Jpsi->phi.f2(1525)_g_ls_3i": 0.9387515674744558,
  "Jpsi->phi.f2(1525)_g_ls_4r": 0.8283073193624957,
  "Jpsi->phi.f2(1525)_g_ls_4i": 0.7109187075698684,
  "f2(1525)->kp.km_g_ls_0r": 1.0,
  "f2(1525)->kp.km_g_ls_0i": 0.0,
  "Jpsi->phi.f2(1565)f2(1565)->kp.km_total_0r": 0.5384082581205538,
  "Jpsi->phi.f2(1565)f2(1565)->kp.km_total_0i": 1.7588651209863597,
  "Jpsi->phi.f2(1565)_g_ls_0r": 1.0,
  "Jpsi->phi.f2(1565)_g_ls_0i": 0.0,
  "Jpsi->phi.f2(1565)_g_ls_1r": 0.20380023026080307,
  "Jpsi->phi.f2(1565)_g_ls_1i": 2.152049350691925,
  "Jpsi->phi.f2(1565)_g_ls_2r": 1.4640497400598123,
  "Jpsi->phi.f2(1565)_g_ls_2i": 1.5854603665833755,
  "Jpsi->phi.f2(1565)_g_ls_3r": 0.15387015791888636,
  "Jpsi->phi.f2(1565)_g_ls_3i": 0.34569936964511694,
  "Jpsi->phi.f2(1565)_g_ls_4r": 1.7202833664159307,
  "Jpsi->phi.f2(1565)_g_ls_4i": -0.5970376084947593,
  "f2(1565)->kp.km_g_ls_0r": 1.0,
  "f2(1565)->kp.km_g_ls_0i": 0.0,
  "Jpsi->phi.f0(1710)f0(1710)->kp.km_total_0r": 0.2512988310572468,
  "Jpsi->phi.f0(1710)f0(1710)->kp.km_total_0i": -0.12679635722548754,
  "Jpsi->phi.f0(1710)_g_ls_0r": 1.0,
  "Jpsi->phi.f0(1710)_g_ls_0i": 0.0,
  "Jpsi->phi.f0(1710)_g_ls_1r": 1.6281321115817589,
  "Jpsi->phi.f0(1710)_g_ls_1i": 0.3619132090322723,
  "f0(1710)->kp.km_g_ls_0r": 1.0,
  "f0(1710)->kp.km_g_ls_0i": 0.0,
  "Jpsi->phi.f2(1810)f2(1810)->kp.km_total_0r": 0.37816292482737035,
  "Jpsi->phi.f2(1810)f2(1810)->kp.km_total_0i": -1.9518003408520086,
  "Jpsi->phi.f2(1810)_g_ls_0r": 1.0,
  "Jpsi->phi.f2(1810)_g_ls_0i": 0.0,
  "Jpsi->phi.f2(1810)_g_ls_1r": 1.8551565863640085,
  "Jpsi->phi.f2(1810)_g_ls_1i": -1.409696849582488,
  "Jpsi->phi.f2(1810)_g_ls_2r": 0.8318221490465048,
  "Jpsi->phi.f2(1810)_g_ls_2i": 2.088830208504847,
  "Jpsi->phi.f2(1810)_g_ls_3r": 0.25504166280087803,
  "Jpsi->phi.f2(1810)_g_ls_3i": 1.3999494792359544,
  "Jpsi->phi.f2(1810)_g_ls_4r": 0.3744836857394027,
  "Jpsi->phi.f2(1810)_g_ls_4i": 0.9813981498083137,
  "f2(1810)->kp.km_g_ls_0r": 1.0,
  "f2(1810)->kp.km_g_ls_0i": 0.0
}
nll_grad  cost time: 2.573655605316162
nll_grad  cost time: 2.588306427001953
tf.Tensor(1446.3927395118953, shape=(), dtype=float64)
nll_grad  cost time: 2.7676191329956055
nll_grad  cost time: 2.6778197288513184
tf.Tensor(-2001.5259666810016, shape=(), dtype=float64)
nll_grad  cost time: 2.5747876167297363
tf.Tensor(-2536.2217969264457, shape=(), dtype=float64)
nll_grad  cost time: 2.5466196537017822
tf.Tensor(-3399.8920959528186, shape=(), dtype=float64)
nll_grad  cost time: 2.594759702682495
tf.Tensor(-4804.860382817307, shape=(), dtype=float64)
nll_grad  cost time: 2.697222948074341
tf.Tensor(-6657.007446354415, shape=(), dtype=float64)
nll_grad  cost time: 2.4520328044891357
nll_grad  cost time: 2.573150873184204
tf.Tensor(-7267.1223986008845, shape=(), dtype=float64)
nll_grad  cost time: 2.655228614807129
tf.Tensor(-7633.226698174156, shape=(), dtype=float64)
nll_grad  cost time: 2.7466821670532227
tf.Tensor(-7977.333599655394, shape=(), dtype=float64)
nll_grad  cost time: 2.735063076019287
tf.Tensor(-8307.781780590783, shape=(), dtype=float64)
nll_grad  cost time: 2.7108771800994873
tf.Tensor(-8480.865327743784, shape=(), dtype=float64)
nll_grad  cost time: 2.6965973377227783
tf.Tensor(-8656.864934076264, shape=(), dtype=float64)
nll_grad  cost time: 2.706913471221924
tf.Tensor(-8738.02474842452, shape=(), dtype=float64)
nll_grad  cost time: 2.703887462615967
tf.Tensor(-8843.359251227826, shape=(), dtype=float64)
nll_grad  cost time: 2.670600414276123
tf.Tensor(-8971.440990881296, shape=(), dtype=float64)
nll_grad  cost time: 2.6973071098327637
tf.Tensor(-9090.171307030032, shape=(), dtype=float64)
nll_grad  cost time: 2.6662118434906006
nll_grad  cost time: 2.715834379196167
tf.Tensor(-9159.565952384422, shape=(), dtype=float64)
nll_grad  cost time: 2.6700780391693115
tf.Tensor(-9235.90847003147, shape=(), dtype=float64)
nll_grad  cost time: 2.5843920707702637
tf.Tensor(-9343.195615250908, shape=(), dtype=float64)
nll_grad  cost time: 2.6273086071014404
tf.Tensor(-9422.446071508573, shape=(), dtype=float64)
nll_grad  cost time: 2.674844264984131
tf.Tensor(-9522.704938837138, shape=(), dtype=float64)
nll_grad  cost time: 2.7178795337677
nll_grad  cost time: 2.6688880920410156
tf.Tensor(-9584.858688346314, shape=(), dtype=float64)
nll_grad  cost time: 2.694662570953369
nll_grad  cost time: 2.6506714820861816
tf.Tensor(-9618.743725005668, shape=(), dtype=float64)
nll_grad  cost time: 2.731348752975464
tf.Tensor(-9649.23305356942, shape=(), dtype=float64)
nll_grad  cost time: 2.695274591445923
tf.Tensor(-9689.727643284743, shape=(), dtype=float64)
nll_grad  cost time: 2.590433359146118
tf.Tensor(-9740.531363651884, shape=(), dtype=float64)
nll_grad  cost time: 2.624955654144287
tf.Tensor(-9785.860461483317, shape=(), dtype=float64)
nll_grad  cost time: 2.6120495796203613
tf.Tensor(-9836.758239824994, shape=(), dtype=float64)
nll_grad  cost time: 2.616741418838501
tf.Tensor(-9882.304542856436, shape=(), dtype=float64)
nll_grad  cost time: 2.636357307434082
tf.Tensor(-9939.958901695893, shape=(), dtype=float64)
nll_grad  cost time: 2.5604538917541504
nll_grad  cost time: 2.4682633876800537
tf.Tensor(-9962.076333945632, shape=(), dtype=float64)
nll_grad  cost time: 2.5760374069213867
tf.Tensor(-9994.843003216141, shape=(), dtype=float64)
nll_grad  cost time: 2.733842611312866
nll_grad  cost time: 2.659801721572876
tf.Tensor(-10014.72309161855, shape=(), dtype=float64)
nll_grad  cost time: 2.956989288330078
tf.Tensor(-10044.799921779937, shape=(), dtype=float64)
nll_grad  cost time: 2.588438034057617
tf.Tensor(-10077.718366169167, shape=(), dtype=float64)
nll_grad  cost time: 2.748002052307129
tf.Tensor(-10095.695754137123, shape=(), dtype=float64)
nll_grad  cost time: 2.6684162616729736
tf.Tensor(-10118.320293081793, shape=(), dtype=float64)
nll_grad  cost time: 2.6249983310699463
tf.Tensor(-10146.223418271707, shape=(), dtype=float64)
nll_grad  cost time: 2.6231112480163574
tf.Tensor(-10182.691711043022, shape=(), dtype=float64)
nll_grad  cost time: 2.583911418914795
nll_grad  cost time: 2.6676275730133057
tf.Tensor(-10204.324490587096, shape=(), dtype=float64)
nll_grad  cost time: 2.71067476272583
nll_grad  cost time: 2.6765756607055664
tf.Tensor(-10215.776673651912, shape=(), dtype=float64)
nll_grad  cost time: 2.6569089889526367
tf.Tensor(-10232.064299492908, shape=(), dtype=float64)
nll_grad  cost time: 2.8049821853637695
tf.Tensor(-10248.329664127246, shape=(), dtype=float64)
nll_grad  cost time: 2.7074809074401855
tf.Tensor(-10262.192692874407, shape=(), dtype=float64)
nll_grad  cost time: 2.762963056564331
tf.Tensor(-10281.490558743579, shape=(), dtype=float64)
nll_grad  cost time: 2.6185314655303955
tf.Tensor(-10290.953130169553, shape=(), dtype=float64)
nll_grad  cost time: 2.6716291904449463
tf.Tensor(-10305.151473112564, shape=(), dtype=float64)
nll_grad  cost time: 2.801333427429199
tf.Tensor(-10327.769266535252, shape=(), dtype=float64)
nll_grad  cost time: 2.7005913257598877
tf.Tensor(-10355.69890892053, shape=(), dtype=float64)
nll_grad  cost time: 2.6847078800201416
tf.Tensor(-10380.737094077136, shape=(), dtype=float64)
nll_grad  cost time: 2.663662910461426
nll_grad  cost time: 2.663548469543457
tf.Tensor(-10395.259799732085, shape=(), dtype=float64)
nll_grad  cost time: 2.668273687362671
tf.Tensor(-10400.344531271054, shape=(), dtype=float64)
nll_grad  cost time: 2.7540793418884277
tf.Tensor(-10408.462814769155, shape=(), dtype=float64)
nll_grad  cost time: 2.7934823036193848
tf.Tensor(-10420.119804344591, shape=(), dtype=float64)
nll_grad  cost time: 2.6925768852233887
tf.Tensor(-10435.397876384974, shape=(), dtype=float64)
nll_grad  cost time: 2.6890687942504883
tf.Tensor(-10454.380025596503, shape=(), dtype=float64)
nll_grad  cost time: 2.659536838531494
tf.Tensor(-10475.685746301097, shape=(), dtype=float64)
nll_grad  cost time: 2.622903347015381
tf.Tensor(-10478.996694473346, shape=(), dtype=float64)
nll_grad  cost time: 2.6021618843078613
tf.Tensor(-10484.709083708905, shape=(), dtype=float64)
nll_grad  cost time: 2.6190099716186523
tf.Tensor(-10494.926081715792, shape=(), dtype=float64)
nll_grad  cost time: 2.618665933609009
tf.Tensor(-10512.199972540999, shape=(), dtype=float64)
nll_grad  cost time: 2.644008159637451
tf.Tensor(-10536.659032219803, shape=(), dtype=float64)
nll_grad  cost time: 2.6379921436309814
nll_grad  cost time: 2.6674387454986572
tf.Tensor(-10549.844844253283, shape=(), dtype=float64)
nll_grad  cost time: 2.6626977920532227
tf.Tensor(-10560.61871435176, shape=(), dtype=float64)
nll_grad  cost time: 2.5790412425994873
tf.Tensor(-10571.480914944797, shape=(), dtype=float64)
nll_grad  cost time: 2.6513888835906982
tf.Tensor(-10578.35742859554, shape=(), dtype=float64)
nll_grad  cost time: 2.6794450283050537
tf.Tensor(-10585.45930400923, shape=(), dtype=float64)
nll_grad  cost time: 2.603212356567383
tf.Tensor(-10594.112552002669, shape=(), dtype=float64)
nll_grad  cost time: 2.5108489990234375
tf.Tensor(-10603.271461273878, shape=(), dtype=float64)
nll_grad  cost time: 2.671283006668091
tf.Tensor(-10609.68638222746, shape=(), dtype=float64)
nll_grad  cost time: 2.6030619144439697
tf.Tensor(-10617.708345368868, shape=(), dtype=float64)
nll_grad  cost time: 2.682847261428833
tf.Tensor(-10624.023318544962, shape=(), dtype=float64)
nll_grad  cost time: 2.6487925052642822
tf.Tensor(-10634.012726441564, shape=(), dtype=float64)
nll_grad  cost time: 2.5611672401428223
tf.Tensor(-10642.984898278708, shape=(), dtype=float64)
nll_grad  cost time: 2.5829713344573975
tf.Tensor(-10655.602525251525, shape=(), dtype=float64)
nll_grad  cost time: 2.485398292541504
tf.Tensor(-10669.592761563035, shape=(), dtype=float64)
nll_grad  cost time: 2.6287920475006104
tf.Tensor(-10674.224084873698, shape=(), dtype=float64)
nll_grad  cost time: 2.556837558746338
tf.Tensor(-10680.599166988628, shape=(), dtype=float64)
nll_grad  cost time: 2.595017194747925
tf.Tensor(-10688.2779770161, shape=(), dtype=float64)
nll_grad  cost time: 2.5394163131713867
tf.Tensor(-10693.084467790788, shape=(), dtype=float64)
nll_grad  cost time: 2.5080599784851074
tf.Tensor(-10697.69862024665, shape=(), dtype=float64)
nll_grad  cost time: 2.608260154724121
tf.Tensor(-10701.998470232807, shape=(), dtype=float64)
nll_grad  cost time: 2.529440402984619
tf.Tensor(-10706.16278482537, shape=(), dtype=float64)
nll_grad  cost time: 2.47084379196167
tf.Tensor(-10711.777996359422, shape=(), dtype=float64)
nll_grad  cost time: 2.4683642387390137
tf.Tensor(-10720.003140391535, shape=(), dtype=float64)
nll_grad  cost time: 2.6290605068206787
tf.Tensor(-10728.644678245677, shape=(), dtype=float64)
nll_grad  cost time: 2.50972056388855
tf.Tensor(-10732.391629950318, shape=(), dtype=float64)
nll_grad  cost time: 2.508547306060791
tf.Tensor(-10738.162308852421, shape=(), dtype=float64)
nll_grad  cost time: 2.595759630203247
tf.Tensor(-10746.4839127874, shape=(), dtype=float64)
nll_grad  cost time: 2.6378793716430664
tf.Tensor(-10756.047233152858, shape=(), dtype=float64)
nll_grad  cost time: 2.600984811782837
tf.Tensor(-10758.359657835856, shape=(), dtype=float64)
nll_grad  cost time: 2.6600470542907715
tf.Tensor(-10762.025611987934, shape=(), dtype=float64)
nll_grad  cost time: 2.763465642929077
tf.Tensor(-10767.664338007162, shape=(), dtype=float64)
nll_grad  cost time: 2.6144120693206787
tf.Tensor(-10775.227613465191, shape=(), dtype=float64)
nll_grad  cost time: 2.605210781097412
tf.Tensor(-10776.789377836278, shape=(), dtype=float64)
nll_grad  cost time: 2.475512742996216
tf.Tensor(-10779.59202677873, shape=(), dtype=float64)
nll_grad  cost time: 2.581406831741333
tf.Tensor(-10784.316391020897, shape=(), dtype=float64)
nll_grad  cost time: 2.6243951320648193
tf.Tensor(-10789.330768841508, shape=(), dtype=float64)
nll_grad  cost time: 2.4905736446380615
tf.Tensor(-10796.357962681432, shape=(), dtype=float64)
nll_grad  cost time: 2.767232894897461
tf.Tensor(-10800.827489170464, shape=(), dtype=float64)
nll_grad  cost time: 2.70465087890625
tf.Tensor(-10806.480311522755, shape=(), dtype=float64)
nll_grad  cost time: 2.6626505851745605
tf.Tensor(-10810.896997028583, shape=(), dtype=float64)
nll_grad  cost time: 2.57066011428833
tf.Tensor(-10814.834302193645, shape=(), dtype=float64)
nll_grad  cost time: 2.5931150913238525
tf.Tensor(-10818.279855285393, shape=(), dtype=float64)
nll_grad  cost time: 2.5509467124938965
tf.Tensor(-10821.214165295343, shape=(), dtype=float64)
nll_grad  cost time: 2.621150255203247
tf.Tensor(-10824.592384677919, shape=(), dtype=float64)
nll_grad  cost time: 2.6811306476593018
tf.Tensor(-10827.408345817981, shape=(), dtype=float64)
nll_grad  cost time: 2.64495849609375
tf.Tensor(-10830.151312221758, shape=(), dtype=float64)
nll_grad  cost time: 2.902100086212158
tf.Tensor(-10832.98793664806, shape=(), dtype=float64)
nll_grad  cost time: 2.6067216396331787
tf.Tensor(-10835.086974340957, shape=(), dtype=float64)
nll_grad  cost time: 2.537130355834961
tf.Tensor(-10838.083282558611, shape=(), dtype=float64)
nll_grad  cost time: 2.6214168071746826
tf.Tensor(-10841.092536733588, shape=(), dtype=float64)
nll_grad  cost time: 2.584841251373291
tf.Tensor(-10843.929093016253, shape=(), dtype=float64)
nll_grad  cost time: 2.5469045639038086
tf.Tensor(-10847.231926632769, shape=(), dtype=float64)
nll_grad  cost time: 2.6100409030914307
tf.Tensor(-10850.007876658274, shape=(), dtype=float64)
nll_grad  cost time: 2.6851134300231934
tf.Tensor(-10852.688489123335, shape=(), dtype=float64)
nll_grad  cost time: 2.621188163757324
tf.Tensor(-10854.36110124494, shape=(), dtype=float64)
nll_grad  cost time: 2.5491771697998047
tf.Tensor(-10856.38069480336, shape=(), dtype=float64)
nll_grad  cost time: 2.516308307647705
tf.Tensor(-10859.270269766246, shape=(), dtype=float64)
nll_grad  cost time: 2.6049740314483643
tf.Tensor(-10862.451632243537, shape=(), dtype=float64)
nll_grad  cost time: 2.7249152660369873
tf.Tensor(-10864.32858274503, shape=(), dtype=float64)
nll_grad  cost time: 2.6741302013397217
tf.Tensor(-10866.950327593993, shape=(), dtype=float64)
nll_grad  cost time: 2.984232187271118
tf.Tensor(-10869.422009330388, shape=(), dtype=float64)
nll_grad  cost time: 2.7420737743377686
tf.Tensor(-10871.802483200066, shape=(), dtype=float64)
nll_grad  cost time: 2.7379937171936035
tf.Tensor(-10873.5717788193, shape=(), dtype=float64)
nll_grad  cost time: 2.6000540256500244
tf.Tensor(-10875.285906670862, shape=(), dtype=float64)
nll_grad  cost time: 2.694135904312134
tf.Tensor(-10877.400308832599, shape=(), dtype=float64)
nll_grad  cost time: 2.628145694732666
tf.Tensor(-10877.764546628838, shape=(), dtype=float64)
nll_grad  cost time: 2.6216049194335938
tf.Tensor(-10878.454792983379, shape=(), dtype=float64)
nll_grad  cost time: 2.611438751220703
tf.Tensor(-10879.70490467771, shape=(), dtype=float64)
nll_grad  cost time: 2.7202906608581543
tf.Tensor(-10881.824391017173, shape=(), dtype=float64)
nll_grad  cost time: 2.6603963375091553
tf.Tensor(-10884.921760323065, shape=(), dtype=float64)
nll_grad  cost time: 2.6299452781677246
tf.Tensor(-10887.55349895342, shape=(), dtype=float64)
nll_grad  cost time: 2.698859214782715
tf.Tensor(-10888.412395559033, shape=(), dtype=float64)
nll_grad  cost time: 2.678236961364746
tf.Tensor(-10889.814475803752, shape=(), dtype=float64)
nll_grad  cost time: 2.5950546264648438
tf.Tensor(-10891.585293772165, shape=(), dtype=float64)
nll_grad  cost time: 2.569185733795166
tf.Tensor(-10893.515680741242, shape=(), dtype=float64)
nll_grad  cost time: 2.642120599746704
tf.Tensor(-10894.460599156271, shape=(), dtype=float64)
nll_grad  cost time: 2.6994338035583496
tf.Tensor(-10895.845712610157, shape=(), dtype=float64)
nll_grad  cost time: 2.6641244888305664
tf.Tensor(-10897.862821482078, shape=(), dtype=float64)
nll_grad  cost time: 2.6133041381835938
tf.Tensor(-10900.798852826716, shape=(), dtype=float64)
nll_grad  cost time: 2.643502712249756
tf.Tensor(-10903.43970236105, shape=(), dtype=float64)
nll_grad  cost time: 2.8742051124572754
tf.Tensor(-10906.635813853398, shape=(), dtype=float64)
nll_grad  cost time: 2.6755549907684326
tf.Tensor(-10909.80506050674, shape=(), dtype=float64)
nll_grad  cost time: 2.898043632507324
tf.Tensor(-10911.151411589279, shape=(), dtype=float64)
nll_grad  cost time: 2.708374500274658
tf.Tensor(-10913.413196580033, shape=(), dtype=float64)
nll_grad  cost time: 2.718461513519287
tf.Tensor(-10916.697901892869, shape=(), dtype=float64)
nll_grad  cost time: 2.6856510639190674
tf.Tensor(-10919.867294735974, shape=(), dtype=float64)
nll_grad  cost time: 2.689870595932007
tf.Tensor(-10921.319399031621, shape=(), dtype=float64)
nll_grad  cost time: 2.56942081451416
tf.Tensor(-10922.862295923027, shape=(), dtype=float64)
nll_grad  cost time: 2.5775179862976074
tf.Tensor(-10924.521820144408, shape=(), dtype=float64)
nll_grad  cost time: 2.6364283561706543
tf.Tensor(-10926.408927702156, shape=(), dtype=float64)
nll_grad  cost time: 2.6182150840759277
tf.Tensor(-10928.30590471541, shape=(), dtype=float64)
nll_grad  cost time: 2.776831865310669
tf.Tensor(-10930.304573840913, shape=(), dtype=float64)
nll_grad  cost time: 2.659655809402466
tf.Tensor(-10932.879575771352, shape=(), dtype=float64)
nll_grad  cost time: 2.8328542709350586
tf.Tensor(-10935.556351366555, shape=(), dtype=float64)
nll_grad  cost time: 2.799081325531006
tf.Tensor(-10936.201788055361, shape=(), dtype=float64)
nll_grad  cost time: 2.6742093563079834
tf.Tensor(-10937.298980327585, shape=(), dtype=float64)
nll_grad  cost time: 2.649754285812378
tf.Tensor(-10938.960169078127, shape=(), dtype=float64)
nll_grad  cost time: 2.6030189990997314
tf.Tensor(-10941.224317387154, shape=(), dtype=float64)
nll_grad  cost time: 2.696237325668335
tf.Tensor(-10943.320161372234, shape=(), dtype=float64)
nll_grad  cost time: 2.8034067153930664
tf.Tensor(-10945.154957807055, shape=(), dtype=float64)
nll_grad  cost time: 2.693514347076416
tf.Tensor(-10946.904982494903, shape=(), dtype=float64)
nll_grad  cost time: 2.6864817142486572
tf.Tensor(-10949.21665468032, shape=(), dtype=float64)
nll_grad  cost time: 2.6744298934936523
tf.Tensor(-10952.291986440061, shape=(), dtype=float64)
nll_grad  cost time: 2.7019073963165283
tf.Tensor(-10954.400768453284, shape=(), dtype=float64)
nll_grad  cost time: 2.7026050090789795
tf.Tensor(-10956.950794066885, shape=(), dtype=float64)
nll_grad  cost time: 2.759108781814575
tf.Tensor(-10958.097191472756, shape=(), dtype=float64)
nll_grad  cost time: 2.666400909423828
tf.Tensor(-10959.597540770672, shape=(), dtype=float64)
nll_grad  cost time: 2.6337156295776367
tf.Tensor(-10961.393272447895, shape=(), dtype=float64)
nll_grad  cost time: 2.5594682693481445
tf.Tensor(-10962.520272525595, shape=(), dtype=float64)
nll_grad  cost time: 2.7843129634857178
tf.Tensor(-10964.08178890434, shape=(), dtype=float64)
nll_grad  cost time: 2.7055513858795166
tf.Tensor(-10965.653595039243, shape=(), dtype=float64)
nll_grad  cost time: 2.6697938442230225
tf.Tensor(-10967.291498555103, shape=(), dtype=float64)
nll_grad  cost time: 2.6313788890838623
tf.Tensor(-10968.885070749995, shape=(), dtype=float64)
nll_grad  cost time: 2.766964912414551
tf.Tensor(-10970.311682807529, shape=(), dtype=float64)
nll_grad  cost time: 2.6945443153381348
tf.Tensor(-10971.664140977111, shape=(), dtype=float64)
nll_grad  cost time: 2.7532033920288086
tf.Tensor(-10973.370502006655, shape=(), dtype=float64)
nll_grad  cost time: 2.7455971240997314
tf.Tensor(-10975.296324437848, shape=(), dtype=float64)
nll_grad  cost time: 2.6037302017211914
tf.Tensor(-10977.407371674635, shape=(), dtype=float64)
nll_grad  cost time: 2.619858980178833
tf.Tensor(-10978.569931789825, shape=(), dtype=float64)
nll_grad  cost time: 2.6910953521728516
tf.Tensor(-10980.192112856326, shape=(), dtype=float64)
nll_grad  cost time: 2.6832587718963623
tf.Tensor(-10982.227301278457, shape=(), dtype=float64)
nll_grad  cost time: 2.7877819538116455
tf.Tensor(-10983.696950128025, shape=(), dtype=float64)
nll_grad  cost time: 2.6650218963623047
tf.Tensor(-10985.121773457256, shape=(), dtype=float64)
nll_grad  cost time: 2.6965763568878174
tf.Tensor(-10986.507796773498, shape=(), dtype=float64)
nll_grad  cost time: 2.7280609607696533
tf.Tensor(-10987.984796461693, shape=(), dtype=float64)
nll_grad  cost time: 2.6434569358825684
tf.Tensor(-10989.492521003282, shape=(), dtype=float64)
nll_grad  cost time: 2.715651512145996
tf.Tensor(-10990.5985127366, shape=(), dtype=float64)
nll_grad  cost time: 2.6128125190734863
tf.Tensor(-10992.262772800561, shape=(), dtype=float64)
nll_grad  cost time: 2.739671468734741
tf.Tensor(-10993.662312621454, shape=(), dtype=float64)
nll_grad  cost time: 2.627222776412964
tf.Tensor(-10995.456869410395, shape=(), dtype=float64)
nll_grad  cost time: 2.604419231414795
tf.Tensor(-10996.228209346256, shape=(), dtype=float64)
nll_grad  cost time: 2.621751308441162
tf.Tensor(-10997.322647935958, shape=(), dtype=float64)
nll_grad  cost time: 2.732034921646118
tf.Tensor(-10998.873803875336, shape=(), dtype=float64)
nll_grad  cost time: 2.7914836406707764
tf.Tensor(-11000.632038818643, shape=(), dtype=float64)
nll_grad  cost time: 2.842289447784424
tf.Tensor(-11001.225258064645, shape=(), dtype=float64)
nll_grad  cost time: 2.9253036975860596
tf.Tensor(-11002.250141851313, shape=(), dtype=float64)
nll_grad  cost time: 2.6502206325531006
tf.Tensor(-11003.92428718503, shape=(), dtype=float64)
nll_grad  cost time: 2.7190794944763184
tf.Tensor(-11006.360181833574, shape=(), dtype=float64)
nll_grad  cost time: 2.8067524433135986
tf.Tensor(-11008.641291552107, shape=(), dtype=float64)
nll_grad  cost time: 2.6573452949523926
nll_grad  cost time: 2.6741650104522705
tf.Tensor(-11009.849411566116, shape=(), dtype=float64)
nll_grad  cost time: 2.7075932025909424
tf.Tensor(-11011.272621607393, shape=(), dtype=float64)
nll_grad  cost time: 2.616697311401367
tf.Tensor(-11013.041607755309, shape=(), dtype=float64)
nll_grad  cost time: 2.685352325439453
tf.Tensor(-11014.527168838467, shape=(), dtype=float64)
nll_grad  cost time: 2.7412960529327393
tf.Tensor(-11016.12892914073, shape=(), dtype=float64)
nll_grad  cost time: 2.6682910919189453
tf.Tensor(-11017.347107850976, shape=(), dtype=float64)
nll_grad  cost time: 2.9121944904327393
tf.Tensor(-11018.716198703507, shape=(), dtype=float64)
nll_grad  cost time: 2.618607521057129
tf.Tensor(-11019.75814751834, shape=(), dtype=float64)
nll_grad  cost time: 2.6748640537261963
tf.Tensor(-11020.923391788296, shape=(), dtype=float64)
nll_grad  cost time: 2.6822574138641357
tf.Tensor(-11022.402994462653, shape=(), dtype=float64)
nll_grad  cost time: 2.7034363746643066
tf.Tensor(-11023.599867011828, shape=(), dtype=float64)
nll_grad  cost time: 2.688041925430298
tf.Tensor(-11024.860241568851, shape=(), dtype=float64)
nll_grad  cost time: 2.7809698581695557
tf.Tensor(-11026.195208317396, shape=(), dtype=float64)
nll_grad  cost time: 2.64750337600708
tf.Tensor(-11027.670963968267, shape=(), dtype=float64)
nll_grad  cost time: 2.667219638824463
tf.Tensor(-11029.159838176813, shape=(), dtype=float64)
nll_grad  cost time: 2.6873414516448975
tf.Tensor(-11030.14532782881, shape=(), dtype=float64)
nll_grad  cost time: 2.613567590713501
tf.Tensor(-11030.917752600144, shape=(), dtype=float64)
nll_grad  cost time: 2.6782891750335693
tf.Tensor(-11031.42278277468, shape=(), dtype=float64)
nll_grad  cost time: 2.686091661453247
tf.Tensor(-11032.042502832512, shape=(), dtype=float64)
nll_grad  cost time: 2.739853858947754
tf.Tensor(-11032.76313887196, shape=(), dtype=float64)
nll_grad  cost time: 2.791835069656372
tf.Tensor(-11033.328148098255, shape=(), dtype=float64)
nll_grad  cost time: 2.7227113246917725
tf.Tensor(-11034.168525904519, shape=(), dtype=float64)
nll_grad  cost time: 2.6744742393493652
tf.Tensor(-11035.056591226574, shape=(), dtype=float64)
nll_grad  cost time: 2.598816394805908
tf.Tensor(-11035.556924438031, shape=(), dtype=float64)
nll_grad  cost time: 2.5868618488311768
tf.Tensor(-11036.135574194763, shape=(), dtype=float64)
nll_grad  cost time: 2.581882953643799
tf.Tensor(-11036.850517456536, shape=(), dtype=float64)
nll_grad  cost time: 2.6712050437927246
tf.Tensor(-11037.577102547948, shape=(), dtype=float64)
nll_grad  cost time: 2.685073137283325
tf.Tensor(-11038.4617030987, shape=(), dtype=float64)
nll_grad  cost time: 2.7645342350006104
tf.Tensor(-11039.401120507784, shape=(), dtype=float64)
nll_grad  cost time: 2.8049230575561523
tf.Tensor(-11040.491150189235, shape=(), dtype=float64)
nll_grad  cost time: 2.6426634788513184
tf.Tensor(-11041.137374739934, shape=(), dtype=float64)
nll_grad  cost time: 3.0002548694610596
tf.Tensor(-11041.990104170633, shape=(), dtype=float64)
nll_grad  cost time: 2.621830463409424
tf.Tensor(-11042.970040544591, shape=(), dtype=float64)
nll_grad  cost time: 2.720670223236084
tf.Tensor(-11043.47896086004, shape=(), dtype=float64)
nll_grad  cost time: 2.789158821105957
tf.Tensor(-11044.194598735092, shape=(), dtype=float64)
nll_grad  cost time: 2.785304546356201
tf.Tensor(-11045.210634822928, shape=(), dtype=float64)
nll_grad  cost time: 2.5407111644744873
tf.Tensor(-11046.387141213505, shape=(), dtype=float64)
nll_grad  cost time: 2.5917272567749023
tf.Tensor(-11047.303021001862, shape=(), dtype=float64)
nll_grad  cost time: 2.5817437171936035
tf.Tensor(-11048.316036014832, shape=(), dtype=float64)
nll_grad  cost time: 2.7583835124969482
tf.Tensor(-11049.051265696413, shape=(), dtype=float64)
nll_grad  cost time: 2.577242851257324
tf.Tensor(-11049.696864493599, shape=(), dtype=float64)
nll_grad  cost time: 2.6162030696868896
tf.Tensor(-11050.258207758758, shape=(), dtype=float64)
nll_grad  cost time: 2.6610019207000732
tf.Tensor(-11051.031701676751, shape=(), dtype=float64)
nll_grad  cost time: 2.6198575496673584
tf.Tensor(-11052.012882272043, shape=(), dtype=float64)
nll_grad  cost time: 2.6423227787017822
tf.Tensor(-11053.058379946582, shape=(), dtype=float64)
nll_grad  cost time: 2.684844732284546
tf.Tensor(-11053.635575847089, shape=(), dtype=float64)
nll_grad  cost time: 2.7520244121551514
tf.Tensor(-11054.241271970386, shape=(), dtype=float64)
nll_grad  cost time: 2.743339776992798
tf.Tensor(-11054.713650929654, shape=(), dtype=float64)
nll_grad  cost time: 2.735975980758667
tf.Tensor(-11055.058725877258, shape=(), dtype=float64)
nll_grad  cost time: 2.787602186203003
tf.Tensor(-11055.49219447578, shape=(), dtype=float64)
nll_grad  cost time: 2.9027507305145264
tf.Tensor(-11056.081081351265, shape=(), dtype=float64)
nll_grad  cost time: 2.825181722640991
tf.Tensor(-11056.653064118058, shape=(), dtype=float64)
nll_grad  cost time: 2.5987040996551514
tf.Tensor(-11057.205289306119, shape=(), dtype=float64)
nll_grad  cost time: 2.885510206222534
tf.Tensor(-11057.695218696477, shape=(), dtype=float64)
nll_grad  cost time: 2.6394565105438232
tf.Tensor(-11058.289606485705, shape=(), dtype=float64)
nll_grad  cost time: 2.6396446228027344
tf.Tensor(-11059.120948512733, shape=(), dtype=float64)
nll_grad  cost time: 2.594409227371216
tf.Tensor(-11059.766769187976, shape=(), dtype=float64)
nll_grad  cost time: 3.0325980186462402
tf.Tensor(-11060.533265073493, shape=(), dtype=float64)
nll_grad  cost time: 2.7318062782287598
tf.Tensor(-11060.84852501045, shape=(), dtype=float64)
nll_grad  cost time: 2.6921660900115967
tf.Tensor(-11061.370872934145, shape=(), dtype=float64)
nll_grad  cost time: 2.6122937202453613
tf.Tensor(-11062.189133441541, shape=(), dtype=float64)
nll_grad  cost time: 2.7000133991241455
tf.Tensor(-11062.940372934885, shape=(), dtype=float64)
nll_grad  cost time: 2.7085046768188477
tf.Tensor(-11063.669930478412, shape=(), dtype=float64)
nll_grad  cost time: 2.6230857372283936
tf.Tensor(-11064.489124601081, shape=(), dtype=float64)
nll_grad  cost time: 2.673487901687622
tf.Tensor(-11065.489723684528, shape=(), dtype=float64)
nll_grad  cost time: 2.712224006652832
tf.Tensor(-11066.724388098657, shape=(), dtype=float64)
nll_grad  cost time: 2.6167898178100586
tf.Tensor(-11067.114419146303, shape=(), dtype=float64)
nll_grad  cost time: 2.687908887863159
tf.Tensor(-11067.79729253934, shape=(), dtype=float64)
nll_grad  cost time: 2.687319278717041
tf.Tensor(-11068.978382284862, shape=(), dtype=float64)
nll_grad  cost time: 2.599353313446045
tf.Tensor(-11070.8346641459, shape=(), dtype=float64)
nll_grad  cost time: 2.5816426277160645
tf.Tensor(-11072.958660895842, shape=(), dtype=float64)
nll_grad  cost time: 2.644918441772461
tf.Tensor(-11074.827100966744, shape=(), dtype=float64)
nll_grad  cost time: 2.5407497882843018
tf.Tensor(-11076.31542407014, shape=(), dtype=float64)
nll_grad  cost time: 2.656677722930908
tf.Tensor(-11078.230909595492, shape=(), dtype=float64)
nll_grad  cost time: 2.5596604347229004
tf.Tensor(-11080.04654203113, shape=(), dtype=float64)
nll_grad  cost time: 2.7447588443756104
tf.Tensor(-11081.66634061715, shape=(), dtype=float64)
nll_grad  cost time: 2.802833080291748
tf.Tensor(-11082.883883857372, shape=(), dtype=float64)
nll_grad  cost time: 2.550032138824463
tf.Tensor(-11084.12650946901, shape=(), dtype=float64)
nll_grad  cost time: 2.662097215652466
tf.Tensor(-11085.669302384995, shape=(), dtype=float64)
nll_grad  cost time: 2.5475447177886963
tf.Tensor(-11086.056948063451, shape=(), dtype=float64)
nll_grad  cost time: 2.6039624214172363
tf.Tensor(-11086.743475109019, shape=(), dtype=float64)
nll_grad  cost time: 2.6425862312316895
tf.Tensor(-11087.842909324077, shape=(), dtype=float64)
nll_grad  cost time: 2.621232748031616
tf.Tensor(-11089.27699064574, shape=(), dtype=float64)
nll_grad  cost time: 2.6474907398223877
nll_grad  cost time: 2.7631897926330566
tf.Tensor(-11089.952460744287, shape=(), dtype=float64)
nll_grad  cost time: 2.6568686962127686
tf.Tensor(-11090.618884203774, shape=(), dtype=float64)
nll_grad  cost time: 2.589643716812134
tf.Tensor(-11091.286814752035, shape=(), dtype=float64)
nll_grad  cost time: 2.628946542739868
tf.Tensor(-11092.086956057443, shape=(), dtype=float64)
nll_grad  cost time: 2.53188419342041
tf.Tensor(-11093.016234341638, shape=(), dtype=float64)
nll_grad  cost time: 2.574565887451172
tf.Tensor(-11094.337103068894, shape=(), dtype=float64)
nll_grad  cost time: 2.5422985553741455
tf.Tensor(-11095.631931419055, shape=(), dtype=float64)
nll_grad  cost time: 2.5693600177764893
tf.Tensor(-11097.28423215609, shape=(), dtype=float64)
nll_grad  cost time: 2.557257652282715
tf.Tensor(-11098.600251369775, shape=(), dtype=float64)
nll_grad  cost time: 2.5567007064819336
tf.Tensor(-11100.296969611263, shape=(), dtype=float64)
nll_grad  cost time: 2.5602786540985107
tf.Tensor(-11101.220015984662, shape=(), dtype=float64)
nll_grad  cost time: 2.86098051071167
tf.Tensor(-11102.147538465506, shape=(), dtype=float64)
nll_grad  cost time: 2.7402968406677246
tf.Tensor(-11102.910070129634, shape=(), dtype=float64)
nll_grad  cost time: 2.5533740520477295
tf.Tensor(-11103.788230138605, shape=(), dtype=float64)
nll_grad  cost time: 2.7647197246551514
tf.Tensor(-11104.384109231833, shape=(), dtype=float64)
nll_grad  cost time: 2.6383683681488037
tf.Tensor(-11105.170223638823, shape=(), dtype=float64)
nll_grad  cost time: 2.5649497509002686
tf.Tensor(-11106.03716198518, shape=(), dtype=float64)
nll_grad  cost time: 2.523524045944214
tf.Tensor(-11106.372569644787, shape=(), dtype=float64)
nll_grad  cost time: 2.6298952102661133
tf.Tensor(-11106.882725591524, shape=(), dtype=float64)
nll_grad  cost time: 2.5297505855560303
tf.Tensor(-11107.504092330433, shape=(), dtype=float64)
nll_grad  cost time: 2.586254835128784
tf.Tensor(-11108.026920228614, shape=(), dtype=float64)
nll_grad  cost time: 2.5379738807678223
tf.Tensor(-11108.538338043334, shape=(), dtype=float64)
nll_grad  cost time: 2.589299440383911
tf.Tensor(-11109.184846191372, shape=(), dtype=float64)
nll_grad  cost time: 2.638749361038208
tf.Tensor(-11109.916078490165, shape=(), dtype=float64)
nll_grad  cost time: 2.6271839141845703
tf.Tensor(-11110.59215381397, shape=(), dtype=float64)
nll_grad  cost time: 2.668520927429199
tf.Tensor(-11111.383804362125, shape=(), dtype=float64)
nll_grad  cost time: 2.6306300163269043
tf.Tensor(-11112.390525872812, shape=(), dtype=float64)
nll_grad  cost time: 2.563539981842041
tf.Tensor(-11112.860599593121, shape=(), dtype=float64)
nll_grad  cost time: 2.531187057495117
tf.Tensor(-11113.574903592023, shape=(), dtype=float64)
nll_grad  cost time: 2.6259639263153076
tf.Tensor(-11114.562139550475, shape=(), dtype=float64)
nll_grad  cost time: 2.536811590194702
tf.Tensor(-11114.889847731509, shape=(), dtype=float64)
nll_grad  cost time: 2.5318264961242676
tf.Tensor(-11115.393339077873, shape=(), dtype=float64)
nll_grad  cost time: 2.6185619831085205
tf.Tensor(-11116.088151416669, shape=(), dtype=float64)
nll_grad  cost time: 2.5974249839782715
tf.Tensor(-11116.861132331906, shape=(), dtype=float64)
nll_grad  cost time: 2.731950044631958
tf.Tensor(-11117.67719114594, shape=(), dtype=float64)
nll_grad  cost time: 2.8257198333740234
tf.Tensor(-11118.467677271856, shape=(), dtype=float64)
nll_grad  cost time: 2.827467918395996
tf.Tensor(-11119.51880814027, shape=(), dtype=float64)
nll_grad  cost time: 2.806992530822754
tf.Tensor(-11120.765783548624, shape=(), dtype=float64)
nll_grad  cost time: 2.698896646499634
nll_grad  cost time: 2.6825485229492188
tf.Tensor(-11121.416299458895, shape=(), dtype=float64)
nll_grad  cost time: 2.6523356437683105
tf.Tensor(-11122.380602444373, shape=(), dtype=float64)
nll_grad  cost time: 2.6154518127441406
tf.Tensor(-11122.970892343892, shape=(), dtype=float64)
nll_grad  cost time: 2.5912065505981445
tf.Tensor(-11123.940127144691, shape=(), dtype=float64)
nll_grad  cost time: 2.579026460647583
tf.Tensor(-11125.319419474512, shape=(), dtype=float64)
nll_grad  cost time: 2.6219444274902344
tf.Tensor(-11126.742371438786, shape=(), dtype=float64)
nll_grad  cost time: 2.73009991645813
tf.Tensor(-11127.376392388353, shape=(), dtype=float64)
nll_grad  cost time: 2.6601924896240234
tf.Tensor(-11128.390591360476, shape=(), dtype=float64)
nll_grad  cost time: 2.5979108810424805
tf.Tensor(-11129.943577762717, shape=(), dtype=float64)
nll_grad  cost time: 2.636955976486206
tf.Tensor(-11132.226211588852, shape=(), dtype=float64)
nll_grad  cost time: 2.624711036682129
tf.Tensor(-11133.85568546146, shape=(), dtype=float64)
nll_grad  cost time: 2.585684061050415
tf.Tensor(-11135.41802871898, shape=(), dtype=float64)
nll_grad  cost time: 2.6518547534942627
tf.Tensor(-11136.954108016236, shape=(), dtype=float64)
nll_grad  cost time: 2.706082582473755
tf.Tensor(-11138.717937837222, shape=(), dtype=float64)
nll_grad  cost time: 2.806696891784668
tf.Tensor(-11141.194254242258, shape=(), dtype=float64)
nll_grad  cost time: 2.717524290084839
tf.Tensor(-11144.283908295485, shape=(), dtype=float64)
nll_grad  cost time: 2.652892589569092
tf.Tensor(-11145.761597094242, shape=(), dtype=float64)
nll_grad  cost time: 2.6258084774017334
tf.Tensor(-11148.079296853648, shape=(), dtype=float64)
nll_grad  cost time: 2.989638090133667
tf.Tensor(-11150.816046914588, shape=(), dtype=float64)
nll_grad  cost time: 2.8064887523651123
tf.Tensor(-11154.02723084501, shape=(), dtype=float64)
nll_grad  cost time: 3.0745716094970703
tf.Tensor(-11157.082247735161, shape=(), dtype=float64)
nll_grad  cost time: 2.7855114936828613
tf.Tensor(-11158.667961402134, shape=(), dtype=float64)
nll_grad  cost time: 2.722238302230835
tf.Tensor(-11160.926389586562, shape=(), dtype=float64)
nll_grad  cost time: 2.755333185195923
tf.Tensor(-11163.69228269524, shape=(), dtype=float64)
nll_grad  cost time: 2.754849672317505
nll_grad  cost time: 2.647526502609253
tf.Tensor(-11164.635625549621, shape=(), dtype=float64)
nll_grad  cost time: 2.5797107219696045
tf.Tensor(-11166.230279987798, shape=(), dtype=float64)
nll_grad  cost time: 2.5627617835998535
tf.Tensor(-11168.73205569727, shape=(), dtype=float64)
nll_grad  cost time: 2.7836570739746094
tf.Tensor(-11171.042661555912, shape=(), dtype=float64)
nll_grad  cost time: 2.9431190490722656
tf.Tensor(-11172.60263985453, shape=(), dtype=float64)
nll_grad  cost time: 2.806690216064453
tf.Tensor(-11173.953651618402, shape=(), dtype=float64)
nll_grad  cost time: 2.7591216564178467
tf.Tensor(-11174.88738409548, shape=(), dtype=float64)
nll_grad  cost time: 2.5503156185150146
tf.Tensor(-11175.726043471515, shape=(), dtype=float64)
nll_grad  cost time: 2.669606924057007
tf.Tensor(-11176.686085987865, shape=(), dtype=float64)
nll_grad  cost time: 2.7341675758361816
tf.Tensor(-11177.553976090023, shape=(), dtype=float64)
nll_grad  cost time: 2.690016269683838
tf.Tensor(-11178.495410286852, shape=(), dtype=float64)
nll_grad  cost time: 2.599264144897461
tf.Tensor(-11179.464744481302, shape=(), dtype=float64)
nll_grad  cost time: 2.491149663925171
tf.Tensor(-11180.099314435069, shape=(), dtype=float64)
nll_grad  cost time: 2.5794551372528076
tf.Tensor(-11180.870978370265, shape=(), dtype=float64)
nll_grad  cost time: 2.6026687622070312
tf.Tensor(-11181.09654434372, shape=(), dtype=float64)
nll_grad  cost time: 2.9123313426971436
tf.Tensor(-11181.418829552244, shape=(), dtype=float64)
nll_grad  cost time: 2.6943743228912354
tf.Tensor(-11181.763837642298, shape=(), dtype=float64)
nll_grad  cost time: 2.887148380279541
tf.Tensor(-11181.905252426885, shape=(), dtype=float64)
nll_grad  cost time: 2.874157190322876
tf.Tensor(-11182.121041906616, shape=(), dtype=float64)
nll_grad  cost time: 2.642289400100708
tf.Tensor(-11182.37896243725, shape=(), dtype=float64)
nll_grad  cost time: 2.651057243347168
tf.Tensor(-11182.532308961405, shape=(), dtype=float64)
nll_grad  cost time: 2.5723965167999268
tf.Tensor(-11182.704781151971, shape=(), dtype=float64)
nll_grad  cost time: 2.5981154441833496
tf.Tensor(-11182.918861239848, shape=(), dtype=float64)
nll_grad  cost time: 2.6469662189483643
tf.Tensor(-11183.193121077376, shape=(), dtype=float64)
nll_grad  cost time: 2.668147325515747
tf.Tensor(-11183.456779883596, shape=(), dtype=float64)
nll_grad  cost time: 2.728694438934326
tf.Tensor(-11183.705078003502, shape=(), dtype=float64)
nll_grad  cost time: 2.805246114730835
tf.Tensor(-11184.027504886517, shape=(), dtype=float64)
nll_grad  cost time: 2.6149957180023193
tf.Tensor(-11184.414252696899, shape=(), dtype=float64)
nll_grad  cost time: 2.6534664630889893
tf.Tensor(-11184.790293530577, shape=(), dtype=float64)
nll_grad  cost time: 2.692081928253174
tf.Tensor(-11185.153468035878, shape=(), dtype=float64)
nll_grad  cost time: 2.63334059715271
tf.Tensor(-11185.485113829345, shape=(), dtype=float64)
nll_grad  cost time: 2.5868418216705322
tf.Tensor(-11185.7482874896, shape=(), dtype=float64)
nll_grad  cost time: 2.6551380157470703
tf.Tensor(-11186.045830701272, shape=(), dtype=float64)
nll_grad  cost time: 2.592291831970215
tf.Tensor(-11186.291443188093, shape=(), dtype=float64)
nll_grad  cost time: 2.63871431350708
tf.Tensor(-11186.482162458173, shape=(), dtype=float64)
nll_grad  cost time: 2.5692474842071533
tf.Tensor(-11186.740906510437, shape=(), dtype=float64)
nll_grad  cost time: 2.529064416885376
tf.Tensor(-11187.07200157561, shape=(), dtype=float64)
nll_grad  cost time: 2.6807854175567627
tf.Tensor(-11187.190938631958, shape=(), dtype=float64)
nll_grad  cost time: 2.719156265258789
tf.Tensor(-11187.389539062013, shape=(), dtype=float64)
nll_grad  cost time: 2.7792296409606934
tf.Tensor(-11187.666514621771, shape=(), dtype=float64)
nll_grad  cost time: 2.736405849456787
tf.Tensor(-11187.808706978925, shape=(), dtype=float64)
nll_grad  cost time: 2.6830058097839355
tf.Tensor(-11188.008784854912, shape=(), dtype=float64)
nll_grad  cost time: 2.662492513656616
tf.Tensor(-11188.232593732959, shape=(), dtype=float64)
nll_grad  cost time: 2.6980719566345215
tf.Tensor(-11188.45889595076, shape=(), dtype=float64)
nll_grad  cost time: 2.642739772796631
tf.Tensor(-11188.698398329878, shape=(), dtype=float64)
nll_grad  cost time: 2.6136627197265625
tf.Tensor(-11188.83011934525, shape=(), dtype=float64)
nll_grad  cost time: 2.5785741806030273
tf.Tensor(-11188.944798667926, shape=(), dtype=float64)
nll_grad  cost time: 2.6398367881774902
tf.Tensor(-11189.095276503263, shape=(), dtype=float64)
nll_grad  cost time: 2.8073105812072754
tf.Tensor(-11189.247087379408, shape=(), dtype=float64)
nll_grad  cost time: 2.7705352306365967
tf.Tensor(-11189.443426827538, shape=(), dtype=float64)
nll_grad  cost time: 2.6723947525024414
tf.Tensor(-11189.641208979425, shape=(), dtype=float64)
nll_grad  cost time: 2.638371706008911
tf.Tensor(-11189.810986958877, shape=(), dtype=float64)
nll_grad  cost time: 2.7946817874908447
tf.Tensor(-11189.94476691133, shape=(), dtype=float64)
nll_grad  cost time: 2.680816411972046
tf.Tensor(-11190.060113009418, shape=(), dtype=float64)
nll_grad  cost time: 2.5914363861083984
tf.Tensor(-11190.161570994438, shape=(), dtype=float64)
nll_grad  cost time: 2.6091415882110596
tf.Tensor(-11190.267553611873, shape=(), dtype=float64)
nll_grad  cost time: 2.627079963684082
tf.Tensor(-11190.395810653645, shape=(), dtype=float64)
nll_grad  cost time: 2.6478593349456787
tf.Tensor(-11190.488488848305, shape=(), dtype=float64)
nll_grad  cost time: 2.5672366619110107
tf.Tensor(-11190.570660303336, shape=(), dtype=float64)
nll_grad  cost time: 2.755995988845825
tf.Tensor(-11190.651833758293, shape=(), dtype=float64)
nll_grad  cost time: 2.7042200565338135
tf.Tensor(-11190.731260877146, shape=(), dtype=float64)
nll_grad  cost time: 2.6168389320373535
tf.Tensor(-11190.787754841998, shape=(), dtype=float64)
nll_grad  cost time: 2.799168586730957
tf.Tensor(-11190.837395945968, shape=(), dtype=float64)
nll_grad  cost time: 2.569035291671753
tf.Tensor(-11190.893083894942, shape=(), dtype=float64)
nll_grad  cost time: 2.6449239253997803
tf.Tensor(-11190.932087334395, shape=(), dtype=float64)
nll_grad  cost time: 2.6244969367980957
tf.Tensor(-11190.96251154898, shape=(), dtype=float64)
nll_grad  cost time: 2.5758252143859863
tf.Tensor(-11190.99640944547, shape=(), dtype=float64)
nll_grad  cost time: 2.6569159030914307
tf.Tensor(-11191.021510372004, shape=(), dtype=float64)
nll_grad  cost time: 2.628551959991455
tf.Tensor(-11191.046018895893, shape=(), dtype=float64)
nll_grad  cost time: 2.6056058406829834
tf.Tensor(-11191.069821645811, shape=(), dtype=float64)
nll_grad  cost time: 2.704385995864868
tf.Tensor(-11191.093924852938, shape=(), dtype=float64)
nll_grad  cost time: 2.8852009773254395
tf.Tensor(-11191.117260659606, shape=(), dtype=float64)
nll_grad  cost time: 2.573625326156616
tf.Tensor(-11191.143562842439, shape=(), dtype=float64)
nll_grad  cost time: 2.5735397338867188
tf.Tensor(-11191.174593759739, shape=(), dtype=float64)
nll_grad  cost time: 2.650860548019409
tf.Tensor(-11191.203095642253, shape=(), dtype=float64)
nll_grad  cost time: 2.6316635608673096
tf.Tensor(-11191.230654415383, shape=(), dtype=float64)
nll_grad  cost time: 2.6289877891540527
tf.Tensor(-11191.259934147114, shape=(), dtype=float64)
nll_grad  cost time: 2.6257717609405518
tf.Tensor(-11191.285692711943, shape=(), dtype=float64)
nll_grad  cost time: 2.666738271713257
tf.Tensor(-11191.308372680745, shape=(), dtype=float64)
nll_grad  cost time: 2.594414234161377
tf.Tensor(-11191.326533251438, shape=(), dtype=float64)
nll_grad  cost time: 2.633634328842163
tf.Tensor(-11191.345314289782, shape=(), dtype=float64)
nll_grad  cost time: 2.624152183532715
tf.Tensor(-11191.365023244634, shape=(), dtype=float64)
nll_grad  cost time: 2.6477599143981934
tf.Tensor(-11191.391827117826, shape=(), dtype=float64)
nll_grad  cost time: 2.6073288917541504
tf.Tensor(-11191.411374609477, shape=(), dtype=float64)
nll_grad  cost time: 2.7434277534484863
tf.Tensor(-11191.427011089174, shape=(), dtype=float64)
nll_grad  cost time: 2.5715739727020264
tf.Tensor(-11191.441295947532, shape=(), dtype=float64)
nll_grad  cost time: 2.630997896194458
tf.Tensor(-11191.45708910692, shape=(), dtype=float64)
nll_grad  cost time: 2.701383590698242
tf.Tensor(-11191.470341348, shape=(), dtype=float64)
nll_grad  cost time: 2.736118793487549
tf.Tensor(-11191.485670540796, shape=(), dtype=float64)
nll_grad  cost time: 2.718319892883301
tf.Tensor(-11191.503074156943, shape=(), dtype=float64)
nll_grad  cost time: 2.7047736644744873
tf.Tensor(-11191.524272543102, shape=(), dtype=float64)
nll_grad  cost time: 2.604931592941284
tf.Tensor(-11191.547878350173, shape=(), dtype=float64)
nll_grad  cost time: 2.6508822441101074
tf.Tensor(-11191.57463254, shape=(), dtype=float64)
nll_grad  cost time: 2.804664134979248
tf.Tensor(-11191.601582563973, shape=(), dtype=float64)
nll_grad  cost time: 2.7142117023468018
tf.Tensor(-11191.627628955172, shape=(), dtype=float64)
nll_grad  cost time: 2.705141305923462
tf.Tensor(-11191.651941337988, shape=(), dtype=float64)
nll_grad  cost time: 2.6184043884277344
tf.Tensor(-11191.673989104773, shape=(), dtype=float64)
nll_grad  cost time: 2.67535400390625
tf.Tensor(-11191.689016138389, shape=(), dtype=float64)
nll_grad  cost time: 2.710676670074463
tf.Tensor(-11191.708263136174, shape=(), dtype=float64)
nll_grad  cost time: 2.697512149810791
tf.Tensor(-11191.725761470288, shape=(), dtype=float64)
nll_grad  cost time: 2.6198201179504395
tf.Tensor(-11191.741546660764, shape=(), dtype=float64)
nll_grad  cost time: 2.6002867221832275
tf.Tensor(-11191.7552247305, shape=(), dtype=float64)
nll_grad  cost time: 2.6438212394714355
tf.Tensor(-11191.769753827952, shape=(), dtype=float64)
nll_grad  cost time: 2.5835790634155273
tf.Tensor(-11191.785284752417, shape=(), dtype=float64)
nll_grad  cost time: 2.727273941040039
tf.Tensor(-11191.800069460036, shape=(), dtype=float64)
nll_grad  cost time: 2.7660105228424072
tf.Tensor(-11191.813497373994, shape=(), dtype=float64)
nll_grad  cost time: 2.6501212120056152
tf.Tensor(-11191.830053321584, shape=(), dtype=float64)
nll_grad  cost time: 2.9270966053009033
tf.Tensor(-11191.852990574433, shape=(), dtype=float64)
nll_grad  cost time: 2.6191258430480957
tf.Tensor(-11191.882378340795, shape=(), dtype=float64)
nll_grad  cost time: 2.6619350910186768
tf.Tensor(-11191.90774635533, shape=(), dtype=float64)
nll_grad  cost time: 2.7182695865631104
tf.Tensor(-11191.922046716772, shape=(), dtype=float64)
nll_grad  cost time: 2.742067337036133
tf.Tensor(-11191.94238813769, shape=(), dtype=float64)
nll_grad  cost time: 2.649841785430908
tf.Tensor(-11191.961466334084, shape=(), dtype=float64)
nll_grad  cost time: 2.6678600311279297
tf.Tensor(-11191.975745726933, shape=(), dtype=float64)
nll_grad  cost time: 2.650456666946411
tf.Tensor(-11191.991382394921, shape=(), dtype=float64)
nll_grad  cost time: 2.70670485496521
tf.Tensor(-11192.00937248883, shape=(), dtype=float64)
nll_grad  cost time: 2.5847830772399902
tf.Tensor(-11192.033181798739, shape=(), dtype=float64)
nll_grad  cost time: 2.5462803840637207
tf.Tensor(-11192.0548238501, shape=(), dtype=float64)
nll_grad  cost time: 2.5860795974731445
tf.Tensor(-11192.065237049874, shape=(), dtype=float64)
nll_grad  cost time: 2.5498769283294678
tf.Tensor(-11192.076204433459, shape=(), dtype=float64)
nll_grad  cost time: 2.662315845489502
tf.Tensor(-11192.084467340814, shape=(), dtype=float64)
nll_grad  cost time: 2.7640631198883057
tf.Tensor(-11192.093382468503, shape=(), dtype=float64)
nll_grad  cost time: 2.7395267486572266
tf.Tensor(-11192.103505844336, shape=(), dtype=float64)
nll_grad  cost time: 2.638429641723633
tf.Tensor(-11192.113383572221, shape=(), dtype=float64)
nll_grad  cost time: 2.6271800994873047
tf.Tensor(-11192.121215978947, shape=(), dtype=float64)
nll_grad  cost time: 2.6190903186798096
tf.Tensor(-11192.131791550073, shape=(), dtype=float64)
nll_grad  cost time: 2.6728570461273193
tf.Tensor(-11192.143102693244, shape=(), dtype=float64)
nll_grad  cost time: 2.776073694229126
tf.Tensor(-11192.152948637182, shape=(), dtype=float64)
nll_grad  cost time: 2.7390501499176025
tf.Tensor(-11192.163105658381, shape=(), dtype=float64)
nll_grad  cost time: 2.772641658782959
tf.Tensor(-11192.173187230808, shape=(), dtype=float64)
nll_grad  cost time: 2.7130465507507324
tf.Tensor(-11192.181296101968, shape=(), dtype=float64)
nll_grad  cost time: 2.675995349884033
tf.Tensor(-11192.189498311385, shape=(), dtype=float64)
nll_grad  cost time: 2.6485514640808105
tf.Tensor(-11192.197527230463, shape=(), dtype=float64)
nll_grad  cost time: 2.5849502086639404
tf.Tensor(-11192.2042520214, shape=(), dtype=float64)
nll_grad  cost time: 2.5883736610412598
tf.Tensor(-11192.210823698646, shape=(), dtype=float64)
nll_grad  cost time: 2.5968449115753174
tf.Tensor(-11192.217345153318, shape=(), dtype=float64)
nll_grad  cost time: 2.505598306655884
tf.Tensor(-11192.224904226692, shape=(), dtype=float64)
nll_grad  cost time: 2.6699204444885254
tf.Tensor(-11192.233786765162, shape=(), dtype=float64)
nll_grad  cost time: 2.865349531173706
tf.Tensor(-11192.243415002824, shape=(), dtype=float64)
nll_grad  cost time: 2.5591952800750732
tf.Tensor(-11192.252510935421, shape=(), dtype=float64)
nll_grad  cost time: 2.4829061031341553
tf.Tensor(-11192.259873903078, shape=(), dtype=float64)
nll_grad  cost time: 2.5927491188049316
tf.Tensor(-11192.26571896322, shape=(), dtype=float64)
nll_grad  cost time: 2.550614833831787
tf.Tensor(-11192.270802263918, shape=(), dtype=float64)
nll_grad  cost time: 2.5713374614715576
tf.Tensor(-11192.2762951373, shape=(), dtype=float64)
nll_grad  cost time: 2.4320926666259766
tf.Tensor(-11192.281735426423, shape=(), dtype=float64)
nll_grad  cost time: 2.612950325012207
tf.Tensor(-11192.286549735207, shape=(), dtype=float64)
nll_grad  cost time: 2.6796483993530273
tf.Tensor(-11192.290818805846, shape=(), dtype=float64)
nll_grad  cost time: 2.6287434101104736
tf.Tensor(-11192.294890813831, shape=(), dtype=float64)
nll_grad  cost time: 2.7417666912078857
tf.Tensor(-11192.29882369902, shape=(), dtype=float64)
nll_grad  cost time: 3.184333562850952
tf.Tensor(-11192.302213786068, shape=(), dtype=float64)
nll_grad  cost time: 2.85649037361145
tf.Tensor(-11192.3050465708, shape=(), dtype=float64)
nll_grad  cost time: 2.6256511211395264
tf.Tensor(-11192.307798058027, shape=(), dtype=float64)
nll_grad  cost time: 2.579606056213379
tf.Tensor(-11192.310460507137, shape=(), dtype=float64)
nll_grad  cost time: 2.622117280960083
tf.Tensor(-11192.313063514166, shape=(), dtype=float64)
nll_grad  cost time: 2.565174102783203
tf.Tensor(-11192.315483664592, shape=(), dtype=float64)
nll_grad  cost time: 2.5024824142456055
tf.Tensor(-11192.317925992415, shape=(), dtype=float64)
nll_grad  cost time: 2.573953628540039
tf.Tensor(-11192.320459184488, shape=(), dtype=float64)
nll_grad  cost time: 2.535921096801758
tf.Tensor(-11192.322874111964, shape=(), dtype=float64)
nll_grad  cost time: 2.461505889892578
tf.Tensor(-11192.325005418867, shape=(), dtype=float64)
nll_grad  cost time: 2.5540528297424316
tf.Tensor(-11192.327039230295, shape=(), dtype=float64)
nll_grad  cost time: 2.5589137077331543
tf.Tensor(-11192.329213883751, shape=(), dtype=float64)
nll_grad  cost time: 2.604586362838745
tf.Tensor(-11192.331371120663, shape=(), dtype=float64)
nll_grad  cost time: 2.526456356048584
tf.Tensor(-11192.333092170375, shape=(), dtype=float64)
nll_grad  cost time: 2.4890027046203613
tf.Tensor(-11192.334344636927, shape=(), dtype=float64)
nll_grad  cost time: 2.588564157485962
tf.Tensor(-11192.335413116625, shape=(), dtype=float64)
nll_grad  cost time: 2.555175304412842
tf.Tensor(-11192.336542607189, shape=(), dtype=float64)
nll_grad  cost time: 2.5086591243743896
tf.Tensor(-11192.337608415699, shape=(), dtype=float64)
nll_grad  cost time: 2.562406539916992
tf.Tensor(-11192.338449588939, shape=(), dtype=float64)
nll_grad  cost time: 2.668281316757202
tf.Tensor(-11192.339103866712, shape=(), dtype=float64)
nll_grad  cost time: 2.7288818359375
tf.Tensor(-11192.339717834231, shape=(), dtype=float64)
nll_grad  cost time: 2.6599183082580566
tf.Tensor(-11192.340368516616, shape=(), dtype=float64)
nll_grad  cost time: 2.560741901397705
tf.Tensor(-11192.341054185712, shape=(), dtype=float64)
nll_grad  cost time: 2.7672016620635986
tf.Tensor(-11192.34175135488, shape=(), dtype=float64)
nll_grad  cost time: 2.7609734535217285
tf.Tensor(-11192.342465533035, shape=(), dtype=float64)
nll_grad  cost time: 2.742971181869507
tf.Tensor(-11192.343231999152, shape=(), dtype=float64)
nll_grad  cost time: 2.6542913913726807
tf.Tensor(-11192.344095744978, shape=(), dtype=float64)
nll_grad  cost time: 2.719595432281494
tf.Tensor(-11192.345108343594, shape=(), dtype=float64)
nll_grad  cost time: 2.5797903537750244
tf.Tensor(-11192.34633066813, shape=(), dtype=float64)
nll_grad  cost time: 2.576176881790161
tf.Tensor(-11192.347789216226, shape=(), dtype=float64)
nll_grad  cost time: 2.51430606842041
tf.Tensor(-11192.349400147754, shape=(), dtype=float64)
nll_grad  cost time: 2.4755122661590576
tf.Tensor(-11192.350964278507, shape=(), dtype=float64)
nll_grad  cost time: 2.5843796730041504
tf.Tensor(-11192.352321864671, shape=(), dtype=float64)
nll_grad  cost time: 2.560479164123535
tf.Tensor(-11192.353405809297, shape=(), dtype=float64)
nll_grad  cost time: 2.708444595336914
tf.Tensor(-11192.354244800923, shape=(), dtype=float64)
nll_grad  cost time: 2.812700033187866
tf.Tensor(-11192.35490585053, shape=(), dtype=float64)
nll_grad  cost time: 2.579334020614624
tf.Tensor(-11192.355549622638, shape=(), dtype=float64)
nll_grad  cost time: 2.7447736263275146
tf.Tensor(-11192.35629564887, shape=(), dtype=float64)
nll_grad  cost time: 2.557879686355591
tf.Tensor(-11192.357183089462, shape=(), dtype=float64)
nll_grad  cost time: 2.5851047039031982
tf.Tensor(-11192.358111754493, shape=(), dtype=float64)
nll_grad  cost time: 2.617739200592041
tf.Tensor(-11192.359007412315, shape=(), dtype=float64)
nll_grad  cost time: 2.6097114086151123
tf.Tensor(-11192.359908753373, shape=(), dtype=float64)
nll_grad  cost time: 2.5548934936523438
tf.Tensor(-11192.360897373108, shape=(), dtype=float64)
nll_grad  cost time: 2.6536152362823486
tf.Tensor(-11192.361910221749, shape=(), dtype=float64)
nll_grad  cost time: 2.6479995250701904
tf.Tensor(-11192.362768098656, shape=(), dtype=float64)
nll_grad  cost time: 2.532851219177246
tf.Tensor(-11192.363439066037, shape=(), dtype=float64)
nll_grad  cost time: 2.750089168548584
tf.Tensor(-11192.36405847058, shape=(), dtype=float64)
nll_grad  cost time: 2.588923454284668
tf.Tensor(-11192.364745702762, shape=(), dtype=float64)
nll_grad  cost time: 2.631901741027832
tf.Tensor(-11192.365480123235, shape=(), dtype=float64)
nll_grad  cost time: 2.6570885181427
tf.Tensor(-11192.36618181768, shape=(), dtype=float64)
nll_grad  cost time: 2.5597050189971924
tf.Tensor(-11192.366824496836, shape=(), dtype=float64)
nll_grad  cost time: 2.6514813899993896
tf.Tensor(-11192.3674349867, shape=(), dtype=float64)
nll_grad  cost time: 2.6114845275878906
tf.Tensor(-11192.368028352888, shape=(), dtype=float64)
nll_grad  cost time: 2.6972618103027344
tf.Tensor(-11192.36860601043, shape=(), dtype=float64)
nll_grad  cost time: 2.557809352874756
tf.Tensor(-11192.3691712933, shape=(), dtype=float64)
nll_grad  cost time: 2.606985330581665
tf.Tensor(-11192.369725181507, shape=(), dtype=float64)
nll_grad  cost time: 2.5925583839416504
tf.Tensor(-11192.370239540836, shape=(), dtype=float64)
nll_grad  cost time: 2.706496238708496
tf.Tensor(-11192.370669796836, shape=(), dtype=float64)
nll_grad  cost time: 2.5663998126983643
tf.Tensor(-11192.371007885402, shape=(), dtype=float64)
nll_grad  cost time: 2.589099407196045
tf.Tensor(-11192.371297116853, shape=(), dtype=float64)
nll_grad  cost time: 2.649287223815918
tf.Tensor(-11192.371577630023, shape=(), dtype=float64)
nll_grad  cost time: 2.6421148777008057
tf.Tensor(-11192.371860813702, shape=(), dtype=float64)
nll_grad  cost time: 2.5812125205993652
tf.Tensor(-11192.372135458134, shape=(), dtype=float64)
nll_grad  cost time: 2.5524609088897705
tf.Tensor(-11192.372382509573, shape=(), dtype=float64)
nll_grad  cost time: 2.5146420001983643
tf.Tensor(-11192.372595240122, shape=(), dtype=float64)
nll_grad  cost time: 2.5809319019317627
tf.Tensor(-11192.372790991038, shape=(), dtype=float64)
nll_grad  cost time: 2.517500400543213
tf.Tensor(-11192.37300375184, shape=(), dtype=float64)
nll_grad  cost time: 2.5324621200561523
tf.Tensor(-11192.373272186105, shape=(), dtype=float64)
nll_grad  cost time: 2.5859174728393555
tf.Tensor(-11192.373619763415, shape=(), dtype=float64)
nll_grad  cost time: 2.7840614318847656
tf.Tensor(-11192.374036046229, shape=(), dtype=float64)
nll_grad  cost time: 2.8028831481933594
tf.Tensor(-11192.374466001838, shape=(), dtype=float64)
nll_grad  cost time: 2.872154951095581
tf.Tensor(-11192.37485269089, shape=(), dtype=float64)
nll_grad  cost time: 2.7341275215148926
tf.Tensor(-11192.375195456758, shape=(), dtype=float64)
nll_grad  cost time: 2.617673873901367
tf.Tensor(-11192.375548495049, shape=(), dtype=float64)
nll_grad  cost time: 2.636104106903076
tf.Tensor(-11192.375978068952, shape=(), dtype=float64)
nll_grad  cost time: 2.6446516513824463
tf.Tensor(-11192.376529139046, shape=(), dtype=float64)
nll_grad  cost time: 2.681710958480835
tf.Tensor(-11192.377183787921, shape=(), dtype=float64)
nll_grad  cost time: 2.600174903869629
tf.Tensor(-11192.37782505737, shape=(), dtype=float64)
nll_grad  cost time: 2.5958354473114014
tf.Tensor(-11192.378365495826, shape=(), dtype=float64)
nll_grad  cost time: 2.6448752880096436
tf.Tensor(-11192.378799505108, shape=(), dtype=float64)
nll_grad  cost time: 2.885810613632202
tf.Tensor(-11192.379212885731, shape=(), dtype=float64)
nll_grad  cost time: 2.7962493896484375
tf.Tensor(-11192.379626642418, shape=(), dtype=float64)
nll_grad  cost time: 2.746028423309326
tf.Tensor(-11192.380031707558, shape=(), dtype=float64)
nll_grad  cost time: 2.746119499206543
tf.Tensor(-11192.380379092658, shape=(), dtype=float64)
nll_grad  cost time: 2.592000961303711
tf.Tensor(-11192.380690844733, shape=(), dtype=float64)
nll_grad  cost time: 2.6945266723632812
tf.Tensor(-11192.381031111488, shape=(), dtype=float64)
nll_grad  cost time: 2.712496757507324
tf.Tensor(-11192.381500752645, shape=(), dtype=float64)
nll_grad  cost time: 2.658803939819336
tf.Tensor(-11192.38214765388, shape=(), dtype=float64)
nll_grad  cost time: 2.6086177825927734
tf.Tensor(-11192.382909170323, shape=(), dtype=float64)
nll_grad  cost time: 2.667698383331299
tf.Tensor(-11192.38360219924, shape=(), dtype=float64)
nll_grad  cost time: 2.6363723278045654
tf.Tensor(-11192.384122895788, shape=(), dtype=float64)
nll_grad  cost time: 2.7529728412628174
tf.Tensor(-11192.384554593742, shape=(), dtype=float64)
nll_grad  cost time: 2.755976676940918
tf.Tensor(-11192.385047575293, shape=(), dtype=float64)
nll_grad  cost time: 2.75390625
tf.Tensor(-11192.38574317699, shape=(), dtype=float64)
nll_grad  cost time: 2.675462007522583
tf.Tensor(-11192.386681341613, shape=(), dtype=float64)
nll_grad  cost time: 2.704163074493408
tf.Tensor(-11192.387725128883, shape=(), dtype=float64)
nll_grad  cost time: 2.715059995651245
tf.Tensor(-11192.388683911158, shape=(), dtype=float64)
nll_grad  cost time: 2.7533154487609863
tf.Tensor(-11192.389508327333, shape=(), dtype=float64)
nll_grad  cost time: 2.7487730979919434
tf.Tensor(-11192.39016855601, shape=(), dtype=float64)
nll_grad  cost time: 2.709306240081787
tf.Tensor(-11192.390764545431, shape=(), dtype=float64)
nll_grad  cost time: 2.6602227687835693
tf.Tensor(-11192.39135073042, shape=(), dtype=float64)
nll_grad  cost time: 2.7073943614959717
tf.Tensor(-11192.392070032005, shape=(), dtype=float64)
nll_grad  cost time: 2.7962615489959717
tf.Tensor(-11192.393076509245, shape=(), dtype=float64)
nll_grad  cost time: 2.6874806880950928
tf.Tensor(-11192.394517550261, shape=(), dtype=float64)
nll_grad  cost time: 2.693453550338745
tf.Tensor(-11192.3963140215, shape=(), dtype=float64)
nll_grad  cost time: 2.7595901489257812
tf.Tensor(-11192.398142514325, shape=(), dtype=float64)
nll_grad  cost time: 2.726733922958374
tf.Tensor(-11192.399748042117, shape=(), dtype=float64)
nll_grad  cost time: 2.6933627128601074
tf.Tensor(-11192.40122755738, shape=(), dtype=float64)
nll_grad  cost time: 2.6168479919433594
tf.Tensor(-11192.402764443847, shape=(), dtype=float64)
nll_grad  cost time: 2.652878522872925
tf.Tensor(-11192.404628836703, shape=(), dtype=float64)
nll_grad  cost time: 2.640174150466919
tf.Tensor(-11192.40634055636, shape=(), dtype=float64)
nll_grad  cost time: 2.5775415897369385
tf.Tensor(-11192.40732490428, shape=(), dtype=float64)
nll_grad  cost time: 2.691901445388794
tf.Tensor(-11192.408802040205, shape=(), dtype=float64)
nll_grad  cost time: 2.6783158779144287
tf.Tensor(-11192.410293180079, shape=(), dtype=float64)
nll_grad  cost time: 2.7075788974761963
tf.Tensor(-11192.411003473257, shape=(), dtype=float64)
nll_grad  cost time: 2.6386001110076904
tf.Tensor(-11192.411704141905, shape=(), dtype=float64)
nll_grad  cost time: 2.6357667446136475
tf.Tensor(-11192.412287868114, shape=(), dtype=float64)
nll_grad  cost time: 2.703052043914795
tf.Tensor(-11192.412922589881, shape=(), dtype=float64)
nll_grad  cost time: 2.7494142055511475
tf.Tensor(-11192.41365779981, shape=(), dtype=float64)
nll_grad  cost time: 2.6360559463500977
tf.Tensor(-11192.414385814589, shape=(), dtype=float64)
nll_grad  cost time: 2.6244616508483887
tf.Tensor(-11192.415140669691, shape=(), dtype=float64)
nll_grad  cost time: 2.6185832023620605
tf.Tensor(-11192.415915740981, shape=(), dtype=float64)
nll_grad  cost time: 2.598031997680664
tf.Tensor(-11192.416722154652, shape=(), dtype=float64)
nll_grad  cost time: 2.5321147441864014
tf.Tensor(-11192.417502775428, shape=(), dtype=float64)
nll_grad  cost time: 2.68052339553833
tf.Tensor(-11192.418221673543, shape=(), dtype=float64)
nll_grad  cost time: 2.7739531993865967
tf.Tensor(-11192.418933790024, shape=(), dtype=float64)
nll_grad  cost time: 2.6088573932647705
tf.Tensor(-11192.419766131941, shape=(), dtype=float64)
nll_grad  cost time: 2.7798633575439453
tf.Tensor(-11192.420790078739, shape=(), dtype=float64)
nll_grad  cost time: 2.7581279277801514
tf.Tensor(-11192.42180317827, shape=(), dtype=float64)
nll_grad  cost time: 2.735530138015747
tf.Tensor(-11192.42253928785, shape=(), dtype=float64)
nll_grad  cost time: 2.7363531589508057
tf.Tensor(-11192.422997898442, shape=(), dtype=float64)
nll_grad  cost time: 2.6832289695739746
tf.Tensor(-11192.42336554429, shape=(), dtype=float64)
nll_grad  cost time: 2.8599836826324463
tf.Tensor(-11192.423719392289, shape=(), dtype=float64)
nll_grad  cost time: 2.67598557472229
tf.Tensor(-11192.423993900833, shape=(), dtype=float64)
nll_grad  cost time: 2.742051601409912
tf.Tensor(-11192.424157309008, shape=(), dtype=float64)
nll_grad  cost time: 3.0494492053985596
tf.Tensor(-11192.424271760923, shape=(), dtype=float64)
nll_grad  cost time: 2.776904821395874
tf.Tensor(-11192.424404760302, shape=(), dtype=float64)
nll_grad  cost time: 2.928496837615967
tf.Tensor(-11192.424599448419, shape=(), dtype=float64)
nll_grad  cost time: 2.8089756965637207
tf.Tensor(-11192.42486648286, shape=(), dtype=float64)
nll_grad  cost time: 2.809614419937134
tf.Tensor(-11192.425159888508, shape=(), dtype=float64)
nll_grad  cost time: 2.7735824584960938
tf.Tensor(-11192.425402873769, shape=(), dtype=float64)
nll_grad  cost time: 2.776366949081421
tf.Tensor(-11192.425570228104, shape=(), dtype=float64)
nll_grad  cost time: 2.755505323410034
tf.Tensor(-11192.425693343612, shape=(), dtype=float64)
nll_grad  cost time: 2.748708486557007
tf.Tensor(-11192.425801955193, shape=(), dtype=float64)
nll_grad  cost time: 2.8567721843719482
tf.Tensor(-11192.425906036467, shape=(), dtype=float64)
nll_grad  cost time: 2.7936177253723145
tf.Tensor(-11192.426005065228, shape=(), dtype=float64)
nll_grad  cost time: 3.0333149433135986
tf.Tensor(-11192.426100468914, shape=(), dtype=float64)
nll_grad  cost time: 2.7770071029663086
tf.Tensor(-11192.426199678168, shape=(), dtype=float64)
nll_grad  cost time: 2.799938678741455
tf.Tensor(-11192.426312459567, shape=(), dtype=float64)
nll_grad  cost time: 2.9937291145324707
tf.Tensor(-11192.426441923813, shape=(), dtype=float64)
nll_grad  cost time: 2.812695264816284
tf.Tensor(-11192.426580040106, shape=(), dtype=float64)
nll_grad  cost time: 2.7833645343780518
tf.Tensor(-11192.42671286862, shape=(), dtype=float64)
nll_grad  cost time: 2.780709743499756
tf.Tensor(-11192.426840031103, shape=(), dtype=float64)
nll_grad  cost time: 2.7792820930480957
tf.Tensor(-11192.426983389407, shape=(), dtype=float64)
nll_grad  cost time: 2.8000638484954834
tf.Tensor(-11192.427177578535, shape=(), dtype=float64)
nll_grad  cost time: 2.8024790287017822
tf.Tensor(-11192.427441862663, shape=(), dtype=float64)
nll_grad  cost time: 2.8414623737335205
tf.Tensor(-11192.427756413419, shape=(), dtype=float64)
nll_grad  cost time: 2.795684814453125
tf.Tensor(-11192.428079340856, shape=(), dtype=float64)
nll_grad  cost time: 2.6912708282470703
tf.Tensor(-11192.42841943221, shape=(), dtype=float64)
nll_grad  cost time: 2.968038558959961
tf.Tensor(-11192.428865384909, shape=(), dtype=float64)
nll_grad  cost time: 2.7686891555786133
tf.Tensor(-11192.429550810373, shape=(), dtype=float64)
nll_grad  cost time: 2.702488899230957
tf.Tensor(-11192.430568764084, shape=(), dtype=float64)
nll_grad  cost time: 2.673542022705078
tf.Tensor(-11192.431785426066, shape=(), dtype=float64)
nll_grad  cost time: 2.7194182872772217
tf.Tensor(-11192.432890347112, shape=(), dtype=float64)
nll_grad  cost time: 2.7054383754730225
tf.Tensor(-11192.433745194056, shape=(), dtype=float64)
nll_grad  cost time: 2.713636636734009
tf.Tensor(-11192.434484299602, shape=(), dtype=float64)
nll_grad  cost time: 2.7876830101013184
tf.Tensor(-11192.435192926956, shape=(), dtype=float64)
nll_grad  cost time: 2.922456741333008
tf.Tensor(-11192.435858788594, shape=(), dtype=float64)
nll_grad  cost time: 2.747845411300659
tf.Tensor(-11192.436429188436, shape=(), dtype=float64)
nll_grad  cost time: 2.737474203109741
tf.Tensor(-11192.436965101351, shape=(), dtype=float64)
nll_grad  cost time: 2.7924537658691406
tf.Tensor(-11192.43749231468, shape=(), dtype=float64)
nll_grad  cost time: 2.7773218154907227
tf.Tensor(-11192.437930750595, shape=(), dtype=float64)
nll_grad  cost time: 2.7731096744537354
tf.Tensor(-11192.438185010164, shape=(), dtype=float64)
nll_grad  cost time: 2.7437562942504883
tf.Tensor(-11192.43833733753, shape=(), dtype=float64)
nll_grad  cost time: 2.7887113094329834
tf.Tensor(-11192.43850422273, shape=(), dtype=float64)
nll_grad  cost time: 2.7229909896850586
tf.Tensor(-11192.438757778913, shape=(), dtype=float64)
nll_grad  cost time: 2.8047332763671875
tf.Tensor(-11192.439106606997, shape=(), dtype=float64)
nll_grad  cost time: 2.778909683227539
tf.Tensor(-11192.439404730634, shape=(), dtype=float64)
nll_grad  cost time: 2.8799331188201904
tf.Tensor(-11192.439571677434, shape=(), dtype=float64)
nll_grad  cost time: 2.7533771991729736
tf.Tensor(-11192.439663983489, shape=(), dtype=float64)
nll_grad  cost time: 2.894035577774048
tf.Tensor(-11192.439757718988, shape=(), dtype=float64)
nll_grad  cost time: 2.8999385833740234
tf.Tensor(-11192.439873816493, shape=(), dtype=float64)
nll_grad  cost time: 2.7505459785461426
tf.Tensor(-11192.43999237728, shape=(), dtype=float64)
nll_grad  cost time: 2.8923346996307373
tf.Tensor(-11192.440098626405, shape=(), dtype=float64)
nll_grad  cost time: 2.766172170639038
tf.Tensor(-11192.440195225468, shape=(), dtype=float64)
nll_grad  cost time: 2.814520835876465
tf.Tensor(-11192.440289897653, shape=(), dtype=float64)
nll_grad  cost time: 2.787989616394043
tf.Tensor(-11192.440385624222, shape=(), dtype=float64)
nll_grad  cost time: 2.7914068698883057
tf.Tensor(-11192.440488565491, shape=(), dtype=float64)
nll_grad  cost time: 2.771250009536743
tf.Tensor(-11192.440610480882, shape=(), dtype=float64)
nll_grad  cost time: 2.766807794570923
tf.Tensor(-11192.440752056133, shape=(), dtype=float64)
nll_grad  cost time: 2.733004093170166
tf.Tensor(-11192.440886092261, shape=(), dtype=float64)
nll_grad  cost time: 2.770808696746826
tf.Tensor(-11192.440981820899, shape=(), dtype=float64)
nll_grad  cost time: 2.758188009262085
tf.Tensor(-11192.44104549879, shape=(), dtype=float64)
nll_grad  cost time: 2.6797635555267334
tf.Tensor(-11192.44110422418, shape=(), dtype=float64)
nll_grad  cost time: 2.741696834564209
tf.Tensor(-11192.441184413296, shape=(), dtype=float64)
nll_grad  cost time: 2.845305919647217
tf.Tensor(-11192.441305057742, shape=(), dtype=float64)
nll_grad  cost time: 2.7306032180786133
tf.Tensor(-11192.441479348696, shape=(), dtype=float64)
nll_grad  cost time: 2.7656548023223877
tf.Tensor(-11192.441684234778, shape=(), dtype=float64)
nll_grad  cost time: 2.7763915061950684
tf.Tensor(-11192.441843957447, shape=(), dtype=float64)
nll_grad  cost time: 2.7664332389831543
tf.Tensor(-11192.441911649174, shape=(), dtype=float64)
nll_grad  cost time: 2.8311548233032227
tf.Tensor(-11192.441930067615, shape=(), dtype=float64)
nll_grad  cost time: 2.7770895957946777
tf.Tensor(-11192.441939065424, shape=(), dtype=float64)
nll_grad  cost time: 2.9553298950195312
tf.Tensor(-11192.441952158973, shape=(), dtype=float64)
nll_grad  cost time: 2.7270519733428955
tf.Tensor(-11192.441972708086, shape=(), dtype=float64)
nll_grad  cost time: 2.689871311187744
tf.Tensor(-11192.442002366723, shape=(), dtype=float64)
nll_grad  cost time: 2.686150074005127
tf.Tensor(-11192.442024351805, shape=(), dtype=float64)
nll_grad  cost time: 2.6687724590301514
tf.Tensor(-11192.442033527428, shape=(), dtype=float64)
nll_grad  cost time: 2.716538667678833
tf.Tensor(-11192.442035489643, shape=(), dtype=float64)
nll_grad  cost time: 2.74717378616333
tf.Tensor(-11192.442036175607, shape=(), dtype=float64)
nll_grad  cost time: 2.766885757446289
tf.Tensor(-11192.442036926539, shape=(), dtype=float64)
nll_grad  cost time: 2.8822343349456787
tf.Tensor(-11192.442038062189, shape=(), dtype=float64)
nll_grad  cost time: 2.859358787536621
tf.Tensor(-11192.442039944111, shape=(), dtype=float64)
nll_grad  cost time: 2.6970062255859375
tf.Tensor(-11192.442043207986, shape=(), dtype=float64)
nll_grad  cost time: 2.738210439682007
tf.Tensor(-11192.442048977446, shape=(), dtype=float64)
nll_grad  cost time: 2.6748478412628174
tf.Tensor(-11192.442059120902, shape=(), dtype=float64)
nll_grad  cost time: 2.6709213256835938
tf.Tensor(-11192.442076339506, shape=(), dtype=float64)
nll_grad  cost time: 2.6803503036499023
tf.Tensor(-11192.442102904915, shape=(), dtype=float64)
nll_grad  cost time: 2.718170166015625
tf.Tensor(-11192.442129795327, shape=(), dtype=float64)
nll_grad  cost time: 2.688290596008301
tf.Tensor(-11192.442145857294, shape=(), dtype=float64)
nll_grad  cost time: 2.6665520668029785
tf.Tensor(-11192.442153113276, shape=(), dtype=float64)
nll_grad  cost time: 2.7133755683898926
tf.Tensor(-11192.44215384259, shape=(), dtype=float64)
nll_grad  cost time: 2.657960891723633
tf.Tensor(-11192.442153877946, shape=(), dtype=float64)
nll_grad  cost time: 2.6576573848724365
tf.Tensor(-11192.442153880093, shape=(), dtype=float64)
Optimization terminated successfully.
         Current function value: -11192.442154
         Iterations: 718
         Function evaluations: 734
         Gradient evaluations: 734
  message: Optimization terminated successfully.
  success: True
   status: 0
      fun: -11192.442153880093
        x: [ 6.421e-01  6.224e+00 ...  7.618e-01  3.006e+00]
      nit: 718
      jac: [ 0.000e+00  0.000e+00 ...  1.766e-04 -5.486e-05]
 hess_inv: [[ 1.000e+00  0.000e+00 ...  0.000e+00  0.000e+00]
            [ 0.000e+00  1.000e+00 ...  0.000e+00  0.000e+00]
            ...
            [ 0.000e+00  0.000e+00 ...  6.039e-02  3.355e-02]
            [ 0.000e+00  0.000e+00 ...  3.355e-02  7.093e-02]]
     nfev: 734
     njev: 734
fit  cost time: 1972.7257914543152
{
  "rho(1450)p_mass": 1.51,
  "rho(1450)p_width": 0.44,
  "rho(1570)p_mass": 1.57,
  "rho(1570)p_width": 0.14,
  "rho(1690)p_mass": 1.681,
  "rho(1690)p_width": 0.19,
  "rho(1450)m_mass": 1.51,
  "rho(1450)m_width": 0.44,
  "rho(1570)m_mass": 1.57,
  "rho(1570)m_width": 0.14,
  "rho(1690)m_mass": 1.681,
  "rho(1690)m_width": 0.19,
  "f0(500)_E791_mass": 0.478,
  "f2(1270)_flatte_mass": 1.2754,
  "f2(1270)_flatte_g_0": 0.43234427107508155,
  "f2(1270)_flatte_g_1": 0.6033494060719691,
  "f0(1370)_mass": 1.37,
  "f0(1370)_width": 0.35,
  "f0(1500)_flatte_mass": 1.522,
  "f0(1500)_flatte_g_0": 0.9840665857382438,
  "f0(1500)_flatte_g_1": 0.8723091981390625,
  "f2(1430)_mass": 1.43,
  "f2(1430)_width": 0.046,
  "f2(1910)_mass": 1.934,
  "f2(1910)_width": 0.14,
  "Jpsi->rho(1450)p.pimrho(1450)p->phi.pip_total_0r": 1.0,
  "Jpsi->rho(1450)p.pimrho(1450)p->phi.pip_total_0i": 0.0,
  "Jpsi->rho(1450)p.pim_g_ls_0r": 1.0,
  "Jpsi->rho(1450)p.pim_g_ls_0i": 0.0,
  "rho(1450)p->phi.pip_g_ls_0r": 1.0,
  "rho(1450)p->phi.pip_g_ls_0i": 0.0,
  "Jpsi->rho(1570)p.pimrho(1570)p->phi.pip_total_0r": -0.21227104160790097,
  "Jpsi->rho(1570)p.pimrho(1570)p->phi.pip_total_0i": 6.396616366479661,
  "Jpsi->rho(1570)p.pim_g_ls_0r": 1.0,
  "Jpsi->rho(1570)p.pim_g_ls_0i": 0.0,
  "rho(1570)p->phi.pip_g_ls_0r": 1.0,
  "rho(1570)p->phi.pip_g_ls_0i": 0.0,
  "Jpsi->rho(1690)p.pimrho(1690)p->phi.pip_total_0r": 0.14898566632920235,
  "Jpsi->rho(1690)p.pimrho(1690)p->phi.pip_total_0i": 1.7788846397817581,
  "Jpsi->rho(1690)p.pim_g_ls_0r": 1.0,
  "Jpsi->rho(1690)p.pim_g_ls_0i": 0.0,
  "rho(1690)p->phi.pip_g_ls_0r": 1.0,
  "rho(1690)p->phi.pip_g_ls_0i": 0.0,
  "Jpsi->rho(1450)m.piprho(1450)m->phi.pim_total_0r": 1.0,
  "Jpsi->rho(1450)m.piprho(1450)m->phi.pim_total_0i": 0.0,
  "Jpsi->rho(1450)m.pip_g_ls_0r": 1.0,
  "Jpsi->rho(1450)m.pip_g_ls_0i": 0.0,
  "rho(1450)m->phi.pim_g_ls_0r": 1.0,
  "rho(1450)m->phi.pim_g_ls_0i": 0.0,
  "Jpsi->rho(1570)m.piprho(1570)m->phi.pim_total_0r": -0.21227104160790097,
  "Jpsi->rho(1570)m.piprho(1570)m->phi.pim_total_0i": 6.396616366479661,
  "Jpsi->rho(1570)m.pip_g_ls_0r": 1.0,
  "Jpsi->rho(1570)m.pip_g_ls_0i": 0.0,
  "rho(1570)m->phi.pim_g_ls_0r": 1.0,
  "rho(1570)m->phi.pim_g_ls_0i": 0.0,
  "Jpsi->rho(1690)m.piprho(1690)m->phi.pim_total_0r": 0.14898566632920235,
  "Jpsi->rho(1690)m.piprho(1690)m->phi.pim_total_0i": 1.7788846397817581,
  "Jpsi->rho(1690)m.pip_g_ls_0r": 1.0,
  "Jpsi->rho(1690)m.pip_g_ls_0i": 0.0,
  "rho(1690)m->phi.pim_g_ls_0r": 1.0,
  "rho(1690)m->phi.pim_g_ls_0i": 0.0,
  "Jpsi->phi.f0(500)_E791f0(500)_E791->pip.pim_total_0r": 0.784600398518005,
  "Jpsi->phi.f0(500)_E791f0(500)_E791->pip.pim_total_0i": -2.6513832169635236,
  "Jpsi->phi.f0(500)_E791_g_ls_0r": 1.0,
  "Jpsi->phi.f0(500)_E791_g_ls_0i": 0.0,
  "Jpsi->phi.f0(500)_E791_g_ls_1r": 0.9515005911364275,
  "Jpsi->phi.f0(500)_E791_g_ls_1i": -0.08868690173283156,
  "f0(500)_E791->pip.pim_g_ls_0r": 1.0,
  "f0(500)_E791->pip.pim_g_ls_0i": 0.0,
  "Jpsi->phi.f0(980)_flattef0(980)_flatte->pip.pim_total_0r": 0.18679923239932938,
  "Jpsi->phi.f0(980)_flattef0(980)_flatte->pip.pim_total_0i": 1.9038385576353427,
  "f0(980)_flatte->pip.pim_g_ls_0r": 1.0,
  "f0(980)_flatte->pip.pim_g_ls_0i": 0.0,
  "Jpsi->phi.f2(1270)_flattef2(1270)_flatte->pip.pim_total_0r": 0.3271253691755126,
  "Jpsi->phi.f2(1270)_flattef2(1270)_flatte->pip.pim_total_0i": 2.4609758290162542,
  "Jpsi->phi.f2(1270)_flatte_g_ls_0r": 1.0,
  "Jpsi->phi.f2(1270)_flatte_g_ls_0i": 0.0,
  "Jpsi->phi.f2(1270)_flatte_g_ls_1r": 0.593284515494168,
  "Jpsi->phi.f2(1270)_flatte_g_ls_1i": 1.3117865503831503,
  "Jpsi->phi.f2(1270)_flatte_g_ls_2r": 1.6233046125833392,
  "Jpsi->phi.f2(1270)_flatte_g_ls_2i": 1.8664522291033112,
  "Jpsi->phi.f2(1270)_flatte_g_ls_3r": 1.99007876571771,
  "Jpsi->phi.f2(1270)_flatte_g_ls_3i": 2.296553353644743,
  "Jpsi->phi.f2(1270)_flatte_g_ls_4r": 0.9913502897560538,
  "Jpsi->phi.f2(1270)_flatte_g_ls_4i": 0.6854267933908491,
  "f2(1270)_flatte->pip.pim_g_ls_0r": 1.0,
  "f2(1270)_flatte->pip.pim_g_ls_0i": 0.0,
  "Jpsi->phi.f0(1370)f0(1370)->pip.pim_total_0r": 0.622485245477069,
  "Jpsi->phi.f0(1370)f0(1370)->pip.pim_total_0i": -0.6607239408788077,
  "Jpsi->phi.f0(1370)_g_ls_0r": 1.0,
  "Jpsi->phi.f0(1370)_g_ls_0i": 0.0,
  "Jpsi->phi.f0(1370)_g_ls_1r": 1.0269572510833713,
  "Jpsi->phi.f0(1370)_g_ls_1i": 0.2709678543351539,
  "f0(1370)->pip.pim_g_ls_0r": 1.0,
  "f0(1370)->pip.pim_g_ls_0i": 0.0,
  "Jpsi->phi.f0(1500)_flattef0(1500)_flatte->pip.pim_total_0r": 0.34450176742383565,
  "Jpsi->phi.f0(1500)_flattef0(1500)_flatte->pip.pim_total_0i": 2.990417270373621,
  "Jpsi->phi.f0(1500)_flatte_g_ls_0r": 1.0,
  "Jpsi->phi.f0(1500)_flatte_g_ls_0i": 0.0,
  "Jpsi->phi.f0(1500)_flatte_g_ls_1r": 1.1575098100032395,
  "Jpsi->phi.f0(1500)_flatte_g_ls_1i": -0.39067633088834697,
  "f0(1500)_flatte->pip.pim_g_ls_0r": 1.0,
  "f0(1500)_flatte->pip.pim_g_ls_0i": 0.0,
  "Jpsi->phi.f0(1710)f0(1710)->pip.pim_total_0r": 0.37382424886130816,
  "Jpsi->phi.f0(1710)f0(1710)->pip.pim_total_0i": -1.452916398422314,
  "f0(1710)->pip.pim_g_ls_0r": 1.0,
  "f0(1710)->pip.pim_g_ls_0i": 0.0,
  "Jpsi->phi.f2(1430)f2(1430)->pip.pim_total_0r": 0.0839567943824676,
  "Jpsi->phi.f2(1430)f2(1430)->pip.pim_total_0i": 0.43116372977328865,
  "Jpsi->phi.f2(1430)_g_ls_0r": 1.0,
  "Jpsi->phi.f2(1430)_g_ls_0i": 0.0,
  "Jpsi->phi.f2(1430)_g_ls_1r": 0.8576811970947025,
  "Jpsi->phi.f2(1430)_g_ls_1i": -0.6851960543460871,
  "Jpsi->phi.f2(1430)_g_ls_2r": 0.9934659373459397,
  "Jpsi->phi.f2(1430)_g_ls_2i": 2.5572978482984254,
  "Jpsi->phi.f2(1430)_g_ls_3r": 0.4086687621926626,
  "Jpsi->phi.f2(1430)_g_ls_3i": -2.613675591468553,
  "Jpsi->phi.f2(1430)_g_ls_4r": 0.5329286466654763,
  "Jpsi->phi.f2(1430)_g_ls_4i": 0.04193465204112101,
  "f2(1430)->pip.pim_g_ls_0r": 1.0,
  "f2(1430)->pip.pim_g_ls_0i": 0.0,
  "Jpsi->phi.f2(1910)f2(1910)->pip.pim_total_0r": 0.6053552004165048,
  "Jpsi->phi.f2(1910)f2(1910)->pip.pim_total_0i": 1.8619016493305844,
  "Jpsi->phi.f2(1910)_g_ls_0r": 1.0,
  "Jpsi->phi.f2(1910)_g_ls_0i": 0.0,
  "Jpsi->phi.f2(1910)_g_ls_1r": 0.40437652196192636,
  "Jpsi->phi.f2(1910)_g_ls_1i": -1.3720910717361212,
  "Jpsi->phi.f2(1910)_g_ls_2r": 0.04811114011348987,
  "Jpsi->phi.f2(1910)_g_ls_2i": -1.358605125635732,
  "Jpsi->phi.f2(1910)_g_ls_3r": 0.4519038234716487,
  "Jpsi->phi.f2(1910)_g_ls_3i": -2.4305442241007764,
  "Jpsi->phi.f2(1910)_g_ls_4r": 0.16059197139830242,
  "Jpsi->phi.f2(1910)_g_ls_4i": 2.9870647411077016,
  "f2(1910)->pip.pim_g_ls_0r": 1.0,
  "f2(1910)->pip.pim_g_ls_0i": 0.0,
  "K1(1400)p_mass": 1.403,
  "K1(1400)p_width": 0.174,
  "K2(1820)p_mass": 1.819,
  "K2(1820)p_width": 0.264,
  "K2(1980)p_mass": 1.99,
  "K2(1980)p_width": 0.348,
  "K2(2250)p_mass": 2.247,
  "K2(2250)p_width": 0.18,
  "K3(2320)p_mass": 2.324,
  "K3(2320)p_width": 0.15,
  "K1(1400)m_mass": 1.403,
  "K1(1400)m_width": 0.174,
  "K2(1820)m_mass": 1.819,
  "K2(1820)m_width": 0.264,
  "K2(1980)m_mass": 1.99,
  "K2(1980)m_width": 0.348,
  "K3(2320)m_mass": 2.324,
  "K3(2320)m_width": 0.15,
  "f0(980)_flatte_mass": 0.965,
  "f0(980)_flatte_g_0": 0.23118283871067022,
  "f0(980)_flatte_g_1": 0.7125447494466303,
  "f2(1270)_mass": 1.2754,
  "f2(1270)_width": 0.1858,
  "f0(1500)_mass": 1.522,
  "f0(1500)_width": 0.108,
  "f2(1525)_mass": 1.5173,
  "f2(1525)_width": 0.072,
  "f2(1565)_mass": 1.571,
  "f2(1565)_width": 0.132,
  "f0(1710)_mass": 1.733,
  "f0(1710)_width": 0.15,
  "f2(1810)_mass": 1.815,
  "f2(1810)_width": 0.197,
  "Jpsi->K1(1400)p.kmK1(1400)p->phi.kp_total_0r": 1.0,
  "Jpsi->K1(1400)p.kmK1(1400)p->phi.kp_total_0i": 0.0,
  "Jpsi->K1(1400)p.km_g_ls_0r": 1.0,
  "Jpsi->K1(1400)p.km_g_ls_0i": 0.0,
  "Jpsi->K1(1400)p.km_g_ls_1r": 3.0714969382622974,
  "Jpsi->K1(1400)p.km_g_ls_1i": 3.8831327459241294,
  "K1(1400)p->phi.kp_g_ls_0r": 1.0,
  "K1(1400)p->phi.kp_g_ls_0i": 0.0,
  "K1(1400)p->phi.kp_g_ls_1r": 0.7090458750380028,
  "K1(1400)p->phi.kp_g_ls_1i": -6.365634262655114,
  "Jpsi->K2(1820)p.kmK2(1820)p->phi.kp_total_0r": 3.5309800652656347,
  "Jpsi->K2(1820)p.kmK2(1820)p->phi.kp_total_0i": 2.7661774266259562,
  "Jpsi->K2(1820)p.km_g_ls_0r": 1.0,
  "Jpsi->K2(1820)p.km_g_ls_0i": 0.0,
  "Jpsi->K2(1820)p.km_g_ls_1r": 0.4036230040338659,
  "Jpsi->K2(1820)p.km_g_ls_1i": -1.9805794704250428,
  "K2(1820)p->phi.kp_g_ls_0r": 1.0,
  "K2(1820)p->phi.kp_g_ls_0i": 0.0,
  "K2(1820)p->phi.kp_g_ls_1r": 0.5640508690667805,
  "K2(1820)p->phi.kp_g_ls_1i": -1.5573966127006504,
  "Jpsi->K2(1980)p.kmK2(1980)p->phi.kp_total_0r": 4.356787477788935,
  "Jpsi->K2(1980)p.kmK2(1980)p->phi.kp_total_0i": 3.9642445362727425,
  "Jpsi->K2(1980)p.km_g_ls_0r": 1.0,
  "Jpsi->K2(1980)p.km_g_ls_0i": 0.0,
  "K2(1980)p->phi.kp_g_ls_0r": 1.0,
  "K2(1980)p->phi.kp_g_ls_0i": 0.0,
  "Jpsi->K2(2250)p.kmK2(2250)p->phi.kp_total_0r": 1.5392085555831732,
  "Jpsi->K2(2250)p.kmK2(2250)p->phi.kp_total_0i": 5.278793232209751,
  "Jpsi->K2(2250)p.km_g_ls_0r": 1.0,
  "Jpsi->K2(2250)p.km_g_ls_0i": 0.0,
  "Jpsi->K2(2250)p.km_g_ls_1r": -0.8748822044429853,
  "Jpsi->K2(2250)p.km_g_ls_1i": -2.454145859894757,
  "K2(2250)p->phi.kp_g_ls_0r": 1.0,
  "K2(2250)p->phi.kp_g_ls_0i": 0.0,
  "K2(2250)p->phi.kp_g_ls_1r": 0.8212297538494218,
  "K2(2250)p->phi.kp_g_ls_1i": 2.841108180249047,
  "Jpsi->K3(2320)p.kmK3(2320)p->phi.kp_total_0r": 2.3126561571823165,
  "Jpsi->K3(2320)p.kmK3(2320)p->phi.kp_total_0i": 3.734368903626124,
  "Jpsi->K3(2320)p.km_g_ls_0r": 1.0,
  "Jpsi->K3(2320)p.km_g_ls_0i": 0.0,
  "Jpsi->K3(2320)p.km_g_ls_1r": 0.26709241351119234,
  "Jpsi->K3(2320)p.km_g_ls_1i": 0.910890018345573,
  "K3(2320)p->phi.kp_g_ls_0r": 1.0,
  "K3(2320)p->phi.kp_g_ls_0i": 0.0,
  "K3(2320)p->phi.kp_g_ls_1r": 0.1799646687504614,
  "K3(2320)p->phi.kp_g_ls_1i": 1.115479362760065,
  "Jpsi->K1(1400)m.kpK1(1400)m->phi.km_total_0r": 1.0,
  "Jpsi->K1(1400)m.kpK1(1400)m->phi.km_total_0i": 0.0,
  "Jpsi->K1(1400)m.kp_g_ls_0r": 1.0,
  "Jpsi->K1(1400)m.kp_g_ls_0i": 0.0,
  "Jpsi->K1(1400)m.kp_g_ls_1r": 3.0714969382622974,
  "Jpsi->K1(1400)m.kp_g_ls_1i": 3.8831327459241294,
  "K1(1400)m->phi.km_g_ls_0r": 1.0,
  "K1(1400)m->phi.km_g_ls_0i": 0.0,
  "K1(1400)m->phi.km_g_ls_1r": 0.7090458750380028,
  "K1(1400)m->phi.km_g_ls_1i": -6.365634262655114,
  "Jpsi->K2(1820)m.kpK2(1820)m->phi.km_total_0r": 3.5309800652656347,
  "Jpsi->K2(1820)m.kpK2(1820)m->phi.km_total_0i": 2.7661774266259562,
  "Jpsi->K2(1820)m.kp_g_ls_0r": 1.0,
  "Jpsi->K2(1820)m.kp_g_ls_0i": 0.0,
  "Jpsi->K2(1820)m.kp_g_ls_1r": 0.4036230040338659,
  "Jpsi->K2(1820)m.kp_g_ls_1i": -1.9805794704250428,
  "K2(1820)m->phi.km_g_ls_0r": 1.0,
  "K2(1820)m->phi.km_g_ls_0i": 0.0,
  "K2(1820)m->phi.km_g_ls_1r": 0.5640508690667805,
  "K2(1820)m->phi.km_g_ls_1i": -1.5573966127006504,
  "Jpsi->K2(1980)m.kpK2(1980)m->phi.km_total_0r": 4.356787477788935,
  "Jpsi->K2(1980)m.kpK2(1980)m->phi.km_total_0i": 3.9642445362727425,
  "Jpsi->K2(1980)m.kp_g_ls_0r": 1.0,
  "Jpsi->K2(1980)m.kp_g_ls_0i": 0.0,
  "K2(1980)m->phi.km_g_ls_0r": 1.0,
  "K2(1980)m->phi.km_g_ls_0i": 0.0,
  "Jpsi->K2(2250)p.kpK2(2250)p->phi.km_total_0r": 1.6750155072466264,
  "Jpsi->K2(2250)p.kpK2(2250)p->phi.km_total_0i": -1.1715566632902403,
  "Jpsi->K2(2250)p.kp_g_ls_0r": 1.0,
  "Jpsi->K2(2250)p.kp_g_ls_0i": 0.0,
  "Jpsi->K2(2250)p.kp_g_ls_1r": 0.6997889343633855,
  "Jpsi->K2(2250)p.kp_g_ls_1i": 0.8838111534912247,
  "K2(2250)p->phi.km_g_ls_0r": 1.0,
  "K2(2250)p->phi.km_g_ls_0i": 0.0,
  "K2(2250)p->phi.km_g_ls_1r": 0.9225224068041089,
  "K2(2250)p->phi.km_g_ls_1i": 2.6880503807405756,
  "Jpsi->K3(2320)m.kpK3(2320)m->phi.km_total_0r": 2.3126561571823165,
  "Jpsi->K3(2320)m.kpK3(2320)m->phi.km_total_0i": 3.734368903626124,
  "Jpsi->K3(2320)m.kp_g_ls_0r": 1.0,
  "Jpsi->K3(2320)m.kp_g_ls_0i": 0.0,
  "Jpsi->K3(2320)m.kp_g_ls_1r": 0.26709241351119234,
  "Jpsi->K3(2320)m.kp_g_ls_1i": 0.910890018345573,
  "K3(2320)m->phi.km_g_ls_0r": 1.0,
  "K3(2320)m->phi.km_g_ls_0i": 0.0,
  "K3(2320)m->phi.km_g_ls_1r": 0.1799646687504614,
  "K3(2320)m->phi.km_g_ls_1i": 1.115479362760065,
  "Jpsi->phi.f0(980)_flattef0(980)_flatte->kp.km_total_0r": 3.3483294164557544,
  "Jpsi->phi.f0(980)_flattef0(980)_flatte->kp.km_total_0i": 1.6806863564068442,
  "Jpsi->phi.f0(980)_flatte_g_ls_0r": 1.0,
  "Jpsi->phi.f0(980)_flatte_g_ls_0i": 0.0,
  "Jpsi->phi.f0(980)_flatte_g_ls_1r": 0.5943906312317725,
  "Jpsi->phi.f0(980)_flatte_g_ls_1i": -0.5577800712986241,
  "f0(980)_flatte->kp.km_g_ls_0r": 1.0,
  "f0(980)_flatte->kp.km_g_ls_0i": 0.0,
  "Jpsi->phi.f2(1270)f2(1270)->kp.km_total_0r": 1.9524659360640095,
  "Jpsi->phi.f2(1270)f2(1270)->kp.km_total_0i": -2.9143494136285852,
  "Jpsi->phi.f2(1270)_g_ls_0r": 1.0,
  "Jpsi->phi.f2(1270)_g_ls_0i": 0.0,
  "Jpsi->phi.f2(1270)_g_ls_1r": 0.12085056526507404,
  "Jpsi->phi.f2(1270)_g_ls_1i": -1.456142794277834,
  "Jpsi->phi.f2(1270)_g_ls_2r": 0.10140547463096182,
  "Jpsi->phi.f2(1270)_g_ls_2i": -0.23846268929564296,
  "Jpsi->phi.f2(1270)_g_ls_3r": 0.37350259803635816,
  "Jpsi->phi.f2(1270)_g_ls_3i": -2.8397292165813717,
  "Jpsi->phi.f2(1270)_g_ls_4r": 0.7978073223617854,
  "Jpsi->phi.f2(1270)_g_ls_4i": -2.341523042132524,
  "f2(1270)->kp.km_g_ls_0r": 1.0,
  "f2(1270)->kp.km_g_ls_0i": 0.0,
  "Jpsi->phi.f0(1500)f0(1500)->kp.km_total_0r": 0.7510890968869932,
  "Jpsi->phi.f0(1500)f0(1500)->kp.km_total_0i": -2.5832737163570005,
  "Jpsi->phi.f0(1500)_g_ls_0r": 1.0,
  "Jpsi->phi.f0(1500)_g_ls_0i": 0.0,
  "Jpsi->phi.f0(1500)_g_ls_1r": 1.202257682525907,
  "Jpsi->phi.f0(1500)_g_ls_1i": -0.34663860310983097,
  "f0(1500)->kp.km_g_ls_0r": 1.0,
  "f0(1500)->kp.km_g_ls_0i": 0.0,
  "Jpsi->phi.f2(1525)f2(1525)->kp.km_total_0r": 1.5770741683999654,
  "Jpsi->phi.f2(1525)f2(1525)->kp.km_total_0i": -2.4683356758565527,
  "Jpsi->phi.f2(1525)_g_ls_0r": 1.0,
  "Jpsi->phi.f2(1525)_g_ls_0i": 0.0,
  "Jpsi->phi.f2(1525)_g_ls_1r": 1.7185128584528588,
  "Jpsi->phi.f2(1525)_g_ls_1i": 1.2720721862353166,
  "Jpsi->phi.f2(1525)_g_ls_2r": 1.5119133509860925,
  "Jpsi->phi.f2(1525)_g_ls_2i": -2.3564388444296984,
  "Jpsi->phi.f2(1525)_g_ls_3r": 0.0680188988122872,
  "Jpsi->phi.f2(1525)_g_ls_3i": 1.8912671276524833,
  "Jpsi->phi.f2(1525)_g_ls_4r": 0.5592756184910153,
  "Jpsi->phi.f2(1525)_g_ls_4i": 2.116329229470219,
  "f2(1525)->kp.km_g_ls_0r": 1.0,
  "f2(1525)->kp.km_g_ls_0i": 0.0,
  "Jpsi->phi.f2(1565)f2(1565)->kp.km_total_0r": 2.64136965530334,
  "Jpsi->phi.f2(1565)f2(1565)->kp.km_total_0i": 1.9206876672575461,
  "Jpsi->phi.f2(1565)_g_ls_0r": 1.0,
  "Jpsi->phi.f2(1565)_g_ls_0i": 0.0,
  "Jpsi->phi.f2(1565)_g_ls_1r": 0.5695361291692501,
  "Jpsi->phi.f2(1565)_g_ls_1i": 2.7766390442521143,
  "Jpsi->phi.f2(1565)_g_ls_2r": 1.1278184392007151,
  "Jpsi->phi.f2(1565)_g_ls_2i": 2.5905831780879236,
  "Jpsi->phi.f2(1565)_g_ls_3r": 0.6081987731020709,
  "Jpsi->phi.f2(1565)_g_ls_3i": -1.208662441380734,
  "Jpsi->phi.f2(1565)_g_ls_4r": 0.672786493758377,
  "Jpsi->phi.f2(1565)_g_ls_4i": -0.2799436485343074,
  "f2(1565)->kp.km_g_ls_0r": 1.0,
  "f2(1565)->kp.km_g_ls_0i": 0.0,
  "Jpsi->phi.f0(1710)f0(1710)->kp.km_total_0r": 1.5739506432018635,
  "Jpsi->phi.f0(1710)f0(1710)->kp.km_total_0i": -0.7578242367048826,
  "Jpsi->phi.f0(1710)_g_ls_0r": 1.0,
  "Jpsi->phi.f0(1710)_g_ls_0i": 0.0,
  "Jpsi->phi.f0(1710)_g_ls_1r": 1.0288984316208265,
  "Jpsi->phi.f0(1710)_g_ls_1i": 0.16349021327162516,
  "f0(1710)->kp.km_g_ls_0r": 1.0,
  "f0(1710)->kp.km_g_ls_0i": 0.0,
  "Jpsi->phi.f2(1810)f2(1810)->kp.km_total_0r": 2.651722905619631,
  "Jpsi->phi.f2(1810)f2(1810)->kp.km_total_0i": 1.2949275421654374,
  "Jpsi->phi.f2(1810)_g_ls_0r": 1.0,
  "Jpsi->phi.f2(1810)_g_ls_0i": 0.0,
  "Jpsi->phi.f2(1810)_g_ls_1r": 1.7491327323288424,
  "Jpsi->phi.f2(1810)_g_ls_1i": 1.261371432828482,
  "Jpsi->phi.f2(1810)_g_ls_2r": 0.8211651818494732,
  "Jpsi->phi.f2(1810)_g_ls_2i": 1.6770740351428497,
  "Jpsi->phi.f2(1810)_g_ls_3r": 1.2102223066807738,
  "Jpsi->phi.f2(1810)_g_ls_3i": -3.067818614499468,
  "Jpsi->phi.f2(1810)_g_ls_4r": 0.5298600279292401,
  "Jpsi->phi.f2(1810)_g_ls_4i": -2.75310282489545,
  "f2(1810)->kp.km_g_ls_0r": 1.0,
  "f2(1810)->kp.km_g_ls_0i": 0.0
}
Time for calculating errors: 454.78464460372925

[WARN] Hessian inversion failed: Singular matrix
[WARN] Falling back to pseudo-inverse (pinv). Errors in singular directions will be NaN/inf.
[DIAG] _last_hessian not cached, cannot show eigenvalue details.
Time for calculating errors: 464.8091893196106
[WARN] using pinv for singular Hessian block
eigvalues:  [ 2.00355254e+01+0.00000000e+00j  1.54321761e+01+0.00000000e+00j
  4.63988065e+00+0.00000000e+00j  2.17523183e+00+0.00000000e+00j
  1.79605984e+00+0.00000000e+00j  1.47199846e+00+0.00000000e+00j
  1.03112326e+00+0.00000000e+00j  8.09606391e-01+0.00000000e+00j
  6.31281106e-01+0.00000000e+00j  5.04131228e-01+0.00000000e+00j
  4.46289644e-01+0.00000000e+00j  3.41871961e-01+0.00000000e+00j
  3.32889248e-01+0.00000000e+00j  2.90950781e-01+0.00000000e+00j
  2.62978290e-01+0.00000000e+00j  2.18561553e-01+0.00000000e+00j
  1.77990648e-01+0.00000000e+00j  1.70392817e-01+0.00000000e+00j
  1.52818498e-01+0.00000000e+00j  1.45440951e-01+0.00000000e+00j
  1.35600286e-01+0.00000000e+00j  1.31049807e-01+0.00000000e+00j
  1.24843977e-01+0.00000000e+00j  1.09139013e-01+0.00000000e+00j
  1.06903939e-01+0.00000000e+00j  1.01685387e-01+0.00000000e+00j
  9.78180254e-02+0.00000000e+00j  8.89833674e-02+0.00000000e+00j
  8.04474433e-02+0.00000000e+00j  7.44230841e-02+0.00000000e+00j
  6.76652337e-02+0.00000000e+00j  6.09848348e-02+0.00000000e+00j
  5.70869837e-02+0.00000000e+00j  5.42823855e-02+0.00000000e+00j
  4.90578670e-02+0.00000000e+00j  4.75377591e-02+0.00000000e+00j
  4.56042460e-02+0.00000000e+00j  4.43681575e-02+0.00000000e+00j
  4.31112186e-02+0.00000000e+00j  4.04619304e-02+0.00000000e+00j
  3.72725408e-02+0.00000000e+00j  3.49400557e-02+0.00000000e+00j
  3.42028458e-02+0.00000000e+00j  3.37427347e-02+0.00000000e+00j
  3.20485155e-02+0.00000000e+00j  3.04583258e-02+0.00000000e+00j
  2.97968218e-02+0.00000000e+00j  2.72628101e-02+0.00000000e+00j
  2.65828200e-02+0.00000000e+00j  2.56318618e-02+0.00000000e+00j
  2.39814469e-02+0.00000000e+00j  2.29788299e-02+0.00000000e+00j
  2.19563849e-02+0.00000000e+00j  2.10005304e-02+0.00000000e+00j
  1.94360048e-02+0.00000000e+00j  1.90338419e-02+0.00000000e+00j
  1.77057773e-02+0.00000000e+00j  1.69485937e-02+0.00000000e+00j
  1.64011526e-02+0.00000000e+00j  1.57821839e-02+0.00000000e+00j
  1.42052743e-02+0.00000000e+00j  1.36485368e-02+0.00000000e+00j
  1.27664051e-02+0.00000000e+00j  1.29940484e-02+0.00000000e+00j
  1.07770082e-02+0.00000000e+00j  1.04084608e-02+0.00000000e+00j
  9.98604103e-03+0.00000000e+00j  8.72311378e-03+0.00000000e+00j
  9.12867559e-03+0.00000000e+00j  9.28654042e-03+0.00000000e+00j
  8.24102504e-03+0.00000000e+00j  7.83453545e-03+0.00000000e+00j
  7.40176716e-03+0.00000000e+00j  6.62129756e-03+0.00000000e+00j
  6.32904709e-03+0.00000000e+00j  6.16795780e-03+0.00000000e+00j
  5.84819005e-03+0.00000000e+00j  5.28258649e-03+0.00000000e+00j
  4.79459401e-03+0.00000000e+00j  4.96882168e-03+0.00000000e+00j
  5.01637794e-03+0.00000000e+00j  4.48346743e-03+0.00000000e+00j
  4.13787001e-03+0.00000000e+00j  3.97028563e-03+0.00000000e+00j
  3.83777322e-03+0.00000000e+00j  3.55096519e-03+0.00000000e+00j
  2.66229121e-03+0.00000000e+00j  3.39962948e-03+0.00000000e+00j
  3.34885612e-03+0.00000000e+00j  3.00082776e-03+0.00000000e+00j
  3.12621948e-03+0.00000000e+00j  3.15358058e-03+0.00000000e+00j
  2.54132851e-03+0.00000000e+00j  2.37776746e-03+0.00000000e+00j
  2.00884043e-03+0.00000000e+00j  2.09072085e-03+0.00000000e+00j
  1.84172532e-03+0.00000000e+00j  1.75354278e-03+0.00000000e+00j
  1.51632330e-03+0.00000000e+00j  1.41559234e-03+0.00000000e+00j
  1.29956006e-03+0.00000000e+00j  1.23165603e-03+0.00000000e+00j
  1.18069356e-03+0.00000000e+00j  1.06453553e-03+0.00000000e+00j
  9.23975779e-04+0.00000000e+00j  8.39923292e-04+0.00000000e+00j
  8.09980500e-04+0.00000000e+00j  7.66148183e-04+0.00000000e+00j
  6.56376642e-04+0.00000000e+00j  6.80506853e-04+0.00000000e+00j
  4.70355401e-04+0.00000000e+00j  4.47542579e-04+0.00000000e+00j
  4.16341703e-04+0.00000000e+00j  3.84951812e-04+0.00000000e+00j
  3.42269360e-04+0.00000000e+00j  3.30768646e-04+0.00000000e+00j
  2.95236492e-04+0.00000000e+00j  2.78469938e-04+0.00000000e+00j
  2.55229044e-04+0.00000000e+00j  1.99942097e-04+0.00000000e+00j
  1.37864799e-04+0.00000000e+00j  1.29421222e-04+0.00000000e+00j
  2.36567303e-04+0.00000000e+00j  1.15639790e-04+0.00000000e+00j
  3.77716887e-05+0.00000000e+00j  9.56538799e-05+0.00000000e+00j
  1.11233183e-04+0.00000000e+00j  2.92259579e-05+0.00000000e+00j
  1.09983105e-05+0.00000000e+00j  2.04159408e-05+0.00000000e+00j
  1.86199339e-05+0.00000000e+00j  1.31232868e-06+0.00000000e+00j
 -9.88803664e-19+4.64231654e-19j -9.88803664e-19-4.64231654e-19j
  0.00000000e+00+0.00000000e+00j  0.00000000e+00+0.00000000e+00j
  0.00000000e+00+0.00000000e+00j  0.00000000e+00+0.00000000e+00j]
[WARN] using pinv for singular Hessian block
[ERROR] pinv fallback also failed: ufunc 'fabs' not supported for the input types, and the inputs could not be safely coerced to any supported types according to the casting rule ''safe''
[INFO] Saving fit result WITHOUT parameter errors.

########## fit results:
Fit status:  True
Minimal -lnL =  -11227.521250535367
rho(1450)p_mass 1.51
rho(1450)p_width 0.44
rho(1570)p_mass 1.57
rho(1570)p_width 0.14
rho(1690)p_mass 1.681
rho(1690)p_width 0.19
rho(1450)m_mass 1.51
rho(1450)m_width 0.44
rho(1570)m_mass 1.57
rho(1570)m_width 0.14
rho(1690)m_mass 1.681
rho(1690)m_width 0.19
f0(500)_E791_mass 0.478
f2(1270)_flatte_mass 1.2754
f2(1270)_flatte_g_0 0.43234427107508155
f2(1270)_flatte_g_1 0.6033494060719691
f0(1370)_mass 1.37
f0(1370)_width 0.35
f0(1500)_flatte_mass 1.522
f0(1500)_flatte_g_0 0.9840665857382438
f0(1500)_flatte_g_1 0.8723091981390625
f2(1430)_mass 1.43
f2(1430)_width 0.046
f2(1910)_mass 1.934
f2(1910)_width 0.14
Jpsi->rho(1450)p.pimrho(1450)p->phi.pip_total_0r 1.0
Jpsi->rho(1450)p.pimrho(1450)p->phi.pip_total_0i 0.0
Jpsi->rho(1450)p.pim_g_ls_0r 1.0
Jpsi->rho(1450)p.pim_g_ls_0i 0.0
rho(1450)p->phi.pip_g_ls_0r 1.0
rho(1450)p->phi.pip_g_ls_0i 0.0
Jpsi->rho(1570)p.pimrho(1570)p->phi.pip_total_0r -0.21227104160790097
Jpsi->rho(1570)p.pimrho(1570)p->phi.pip_total_0i 6.396616366479661
Jpsi->rho(1570)p.pim_g_ls_0r 1.0
Jpsi->rho(1570)p.pim_g_ls_0i 0.0
rho(1570)p->phi.pip_g_ls_0r 1.0
rho(1570)p->phi.pip_g_ls_0i 0.0
Jpsi->rho(1690)p.pimrho(1690)p->phi.pip_total_0r 0.14898566632920235
Jpsi->rho(1690)p.pimrho(1690)p->phi.pip_total_0i 1.7788846397817581
Jpsi->rho(1690)p.pim_g_ls_0r 1.0
Jpsi->rho(1690)p.pim_g_ls_0i 0.0
rho(1690)p->phi.pip_g_ls_0r 1.0
rho(1690)p->phi.pip_g_ls_0i 0.0
Jpsi->rho(1450)m.piprho(1450)m->phi.pim_total_0r 1.0
Jpsi->rho(1450)m.piprho(1450)m->phi.pim_total_0i 0.0
Jpsi->rho(1450)m.pip_g_ls_0r 1.0
Jpsi->rho(1450)m.pip_g_ls_0i 0.0
rho(1450)m->phi.pim_g_ls_0r 1.0
rho(1450)m->phi.pim_g_ls_0i 0.0
Jpsi->rho(1570)m.piprho(1570)m->phi.pim_total_0r -0.21227104160790097
Jpsi->rho(1570)m.piprho(1570)m->phi.pim_total_0i 6.396616366479661
Jpsi->rho(1570)m.pip_g_ls_0r 1.0
Jpsi->rho(1570)m.pip_g_ls_0i 0.0
rho(1570)m->phi.pim_g_ls_0r 1.0
rho(1570)m->phi.pim_g_ls_0i 0.0
Jpsi->rho(1690)m.piprho(1690)m->phi.pim_total_0r 0.14898566632920235
Jpsi->rho(1690)m.piprho(1690)m->phi.pim_total_0i 1.7788846397817581
Jpsi->rho(1690)m.pip_g_ls_0r 1.0
Jpsi->rho(1690)m.pip_g_ls_0i 0.0
rho(1690)m->phi.pim_g_ls_0r 1.0
rho(1690)m->phi.pim_g_ls_0i 0.0
Jpsi->phi.f0(500)_E791f0(500)_E791->pip.pim_total_0r 0.784600398518005
Jpsi->phi.f0(500)_E791f0(500)_E791->pip.pim_total_0i -2.6513832169635236
Jpsi->phi.f0(500)_E791_g_ls_0r 1.0
Jpsi->phi.f0(500)_E791_g_ls_0i 0.0
Jpsi->phi.f0(500)_E791_g_ls_1r 0.9515005911364275
Jpsi->phi.f0(500)_E791_g_ls_1i -0.08868690173283156
f0(500)_E791->pip.pim_g_ls_0r 1.0
f0(500)_E791->pip.pim_g_ls_0i 0.0
Jpsi->phi.f0(980)_flattef0(980)_flatte->pip.pim_total_0r 0.18679923239932938
Jpsi->phi.f0(980)_flattef0(980)_flatte->pip.pim_total_0i 1.9038385576353427
f0(980)_flatte->pip.pim_g_ls_0r 1.0
f0(980)_flatte->pip.pim_g_ls_0i 0.0
Jpsi->phi.f2(1270)_flattef2(1270)_flatte->pip.pim_total_0r 0.3271253691755126
Jpsi->phi.f2(1270)_flattef2(1270)_flatte->pip.pim_total_0i 2.4609758290162542
Jpsi->phi.f2(1270)_flatte_g_ls_0r 1.0
Jpsi->phi.f2(1270)_flatte_g_ls_0i 0.0
Jpsi->phi.f2(1270)_flatte_g_ls_1r 0.593284515494168
Jpsi->phi.f2(1270)_flatte_g_ls_1i 1.3117865503831503
Jpsi->phi.f2(1270)_flatte_g_ls_2r 1.6233046125833392
Jpsi->phi.f2(1270)_flatte_g_ls_2i 1.8664522291033112
Jpsi->phi.f2(1270)_flatte_g_ls_3r 1.99007876571771
Jpsi->phi.f2(1270)_flatte_g_ls_3i 2.296553353644743
Jpsi->phi.f2(1270)_flatte_g_ls_4r 0.9913502897560538
Jpsi->phi.f2(1270)_flatte_g_ls_4i 0.6854267933908491
f2(1270)_flatte->pip.pim_g_ls_0r 1.0
f2(1270)_flatte->pip.pim_g_ls_0i 0.0
Jpsi->phi.f0(1370)f0(1370)->pip.pim_total_0r 0.622485245477069
Jpsi->phi.f0(1370)f0(1370)->pip.pim_total_0i -0.6607239408788077
Jpsi->phi.f0(1370)_g_ls_0r 1.0
Jpsi->phi.f0(1370)_g_ls_0i 0.0
Jpsi->phi.f0(1370)_g_ls_1r 1.0269572510833713
Jpsi->phi.f0(1370)_g_ls_1i 0.2709678543351539
f0(1370)->pip.pim_g_ls_0r 1.0
f0(1370)->pip.pim_g_ls_0i 0.0
Jpsi->phi.f0(1500)_flattef0(1500)_flatte->pip.pim_total_0r 0.34450176742383565
Jpsi->phi.f0(1500)_flattef0(1500)_flatte->pip.pim_total_0i 2.990417270373621
Jpsi->phi.f0(1500)_flatte_g_ls_0r 1.0
Jpsi->phi.f0(1500)_flatte_g_ls_0i 0.0
Jpsi->phi.f0(1500)_flatte_g_ls_1r 1.1575098100032395
Jpsi->phi.f0(1500)_flatte_g_ls_1i -0.39067633088834697
f0(1500)_flatte->pip.pim_g_ls_0r 1.0
f0(1500)_flatte->pip.pim_g_ls_0i 0.0
Jpsi->phi.f0(1710)f0(1710)->pip.pim_total_0r 0.37382424886130816
Jpsi->phi.f0(1710)f0(1710)->pip.pim_total_0i -1.452916398422314
f0(1710)->pip.pim_g_ls_0r 1.0
f0(1710)->pip.pim_g_ls_0i 0.0
Jpsi->phi.f2(1430)f2(1430)->pip.pim_total_0r 0.0839567943824676
Jpsi->phi.f2(1430)f2(1430)->pip.pim_total_0i 0.43116372977328865
Jpsi->phi.f2(1430)_g_ls_0r 1.0
Jpsi->phi.f2(1430)_g_ls_0i 0.0
Jpsi->phi.f2(1430)_g_ls_1r 0.8576811970947025
Jpsi->phi.f2(1430)_g_ls_1i -0.6851960543460871
Jpsi->phi.f2(1430)_g_ls_2r 0.9934659373459397
Jpsi->phi.f2(1430)_g_ls_2i 2.5572978482984254
Jpsi->phi.f2(1430)_g_ls_3r 0.4086687621926626
Jpsi->phi.f2(1430)_g_ls_3i -2.613675591468553
Jpsi->phi.f2(1430)_g_ls_4r 0.5329286466654763
Jpsi->phi.f2(1430)_g_ls_4i 0.04193465204112101
f2(1430)->pip.pim_g_ls_0r 1.0
f2(1430)->pip.pim_g_ls_0i 0.0
Jpsi->phi.f2(1910)f2(1910)->pip.pim_total_0r 0.6053552004165048
Jpsi->phi.f2(1910)f2(1910)->pip.pim_total_0i 1.8619016493305844
Jpsi->phi.f2(1910)_g_ls_0r 1.0
Jpsi->phi.f2(1910)_g_ls_0i 0.0
Jpsi->phi.f2(1910)_g_ls_1r 0.40437652196192636
Jpsi->phi.f2(1910)_g_ls_1i -1.3720910717361212
Jpsi->phi.f2(1910)_g_ls_2r 0.04811114011348987
Jpsi->phi.f2(1910)_g_ls_2i -1.358605125635732
Jpsi->phi.f2(1910)_g_ls_3r 0.4519038234716487
Jpsi->phi.f2(1910)_g_ls_3i -2.4305442241007764
Jpsi->phi.f2(1910)_g_ls_4r 0.16059197139830242
Jpsi->phi.f2(1910)_g_ls_4i 2.9870647411077016
f2(1910)->pip.pim_g_ls_0r 1.0
f2(1910)->pip.pim_g_ls_0i 0.0
K1(1400)p_mass 1.403
K1(1400)p_width 0.174
K2(1820)p_mass 1.819
K2(1820)p_width 0.264
K2(1980)p_mass 1.99
K2(1980)p_width 0.348
K2(2250)p_mass 2.247
K2(2250)p_width 0.18
K3(2320)p_mass 2.324
K3(2320)p_width 0.15
K1(1400)m_mass 1.403
K1(1400)m_width 0.174
K2(1820)m_mass 1.819
K2(1820)m_width 0.264
K2(1980)m_mass 1.99
K2(1980)m_width 0.348
K3(2320)m_mass 2.324
K3(2320)m_width 0.15
f0(980)_flatte_mass 0.965
f0(980)_flatte_g_0 0.23118283871067022
f0(980)_flatte_g_1 0.7125447494466303
f2(1270)_mass 1.2754
f2(1270)_width 0.1858
f0(1500)_mass 1.522
f0(1500)_width 0.108
f2(1525)_mass 1.5173
f2(1525)_width 0.072
f2(1565)_mass 1.571
f2(1565)_width 0.132
f0(1710)_mass 1.733
f0(1710)_width 0.15
f2(1810)_mass 1.815
f2(1810)_width 0.197
Jpsi->K1(1400)p.kmK1(1400)p->phi.kp_total_0r 1.0
Jpsi->K1(1400)p.kmK1(1400)p->phi.kp_total_0i 0.0
Jpsi->K1(1400)p.km_g_ls_0r 1.0
Jpsi->K1(1400)p.km_g_ls_0i 0.0
Jpsi->K1(1400)p.km_g_ls_1r 3.0714969382622974
Jpsi->K1(1400)p.km_g_ls_1i 3.8831327459241294
K1(1400)p->phi.kp_g_ls_0r 1.0
K1(1400)p->phi.kp_g_ls_0i 0.0
K1(1400)p->phi.kp_g_ls_1r 0.7090458750380028
K1(1400)p->phi.kp_g_ls_1i -6.365634262655114
Jpsi->K2(1820)p.kmK2(1820)p->phi.kp_total_0r 3.5309800652656347
Jpsi->K2(1820)p.kmK2(1820)p->phi.kp_total_0i 2.7661774266259562
Jpsi->K2(1820)p.km_g_ls_0r 1.0
Jpsi->K2(1820)p.km_g_ls_0i 0.0
Jpsi->K2(1820)p.km_g_ls_1r 0.4036230040338659
Jpsi->K2(1820)p.km_g_ls_1i -1.9805794704250428
K2(1820)p->phi.kp_g_ls_0r 1.0
K2(1820)p->phi.kp_g_ls_0i 0.0
K2(1820)p->phi.kp_g_ls_1r 0.5640508690667805
K2(1820)p->phi.kp_g_ls_1i -1.5573966127006504
Jpsi->K2(1980)p.kmK2(1980)p->phi.kp_total_0r 4.356787477788935
Jpsi->K2(1980)p.kmK2(1980)p->phi.kp_total_0i 3.9642445362727425
Jpsi->K2(1980)p.km_g_ls_0r 1.0
Jpsi->K2(1980)p.km_g_ls_0i 0.0
K2(1980)p->phi.kp_g_ls_0r 1.0
K2(1980)p->phi.kp_g_ls_0i 0.0
Jpsi->K2(2250)p.kmK2(2250)p->phi.kp_total_0r 1.5392085555831732
Jpsi->K2(2250)p.kmK2(2250)p->phi.kp_total_0i 5.278793232209751
Jpsi->K2(2250)p.km_g_ls_0r 1.0
Jpsi->K2(2250)p.km_g_ls_0i 0.0
Jpsi->K2(2250)p.km_g_ls_1r -0.8748822044429853
Jpsi->K2(2250)p.km_g_ls_1i -2.454145859894757
K2(2250)p->phi.kp_g_ls_0r 1.0
K2(2250)p->phi.kp_g_ls_0i 0.0
K2(2250)p->phi.kp_g_ls_1r 0.8212297538494218
K2(2250)p->phi.kp_g_ls_1i 2.841108180249047
Jpsi->K3(2320)p.kmK3(2320)p->phi.kp_total_0r 2.3126561571823165
Jpsi->K3(2320)p.kmK3(2320)p->phi.kp_total_0i 3.734368903626124
Jpsi->K3(2320)p.km_g_ls_0r 1.0
Jpsi->K3(2320)p.km_g_ls_0i 0.0
Jpsi->K3(2320)p.km_g_ls_1r 0.26709241351119234
Jpsi->K3(2320)p.km_g_ls_1i 0.910890018345573
K3(2320)p->phi.kp_g_ls_0r 1.0
K3(2320)p->phi.kp_g_ls_0i 0.0
K3(2320)p->phi.kp_g_ls_1r 0.1799646687504614
K3(2320)p->phi.kp_g_ls_1i 1.115479362760065
Jpsi->K1(1400)m.kpK1(1400)m->phi.km_total_0r 1.0
Jpsi->K1(1400)m.kpK1(1400)m->phi.km_total_0i 0.0
Jpsi->K1(1400)m.kp_g_ls_0r 1.0
Jpsi->K1(1400)m.kp_g_ls_0i 0.0
Jpsi->K1(1400)m.kp_g_ls_1r 3.0714969382622974
Jpsi->K1(1400)m.kp_g_ls_1i 3.8831327459241294
K1(1400)m->phi.km_g_ls_0r 1.0
K1(1400)m->phi.km_g_ls_0i 0.0
K1(1400)m->phi.km_g_ls_1r 0.7090458750380028
K1(1400)m->phi.km_g_ls_1i -6.365634262655114
Jpsi->K2(1820)m.kpK2(1820)m->phi.km_total_0r 3.5309800652656347
Jpsi->K2(1820)m.kpK2(1820)m->phi.km_total_0i 2.7661774266259562
Jpsi->K2(1820)m.kp_g_ls_0r 1.0
Jpsi->K2(1820)m.kp_g_ls_0i 0.0
Jpsi->K2(1820)m.kp_g_ls_1r 0.4036230040338659
Jpsi->K2(1820)m.kp_g_ls_1i -1.9805794704250428
K2(1820)m->phi.km_g_ls_0r 1.0
K2(1820)m->phi.km_g_ls_0i 0.0
K2(1820)m->phi.km_g_ls_1r 0.5640508690667805
K2(1820)m->phi.km_g_ls_1i -1.5573966127006504
Jpsi->K2(1980)m.kpK2(1980)m->phi.km_total_0r 4.356787477788935
Jpsi->K2(1980)m.kpK2(1980)m->phi.km_total_0i 3.9642445362727425
Jpsi->K2(1980)m.kp_g_ls_0r 1.0
Jpsi->K2(1980)m.kp_g_ls_0i 0.0
K2(1980)m->phi.km_g_ls_0r 1.0
K2(1980)m->phi.km_g_ls_0i 0.0
Jpsi->K2(2250)p.kpK2(2250)p->phi.km_total_0r 1.6750155072466264
Jpsi->K2(2250)p.kpK2(2250)p->phi.km_total_0i -1.1715566632902403
Jpsi->K2(2250)p.kp_g_ls_0r 1.0
Jpsi->K2(2250)p.kp_g_ls_0i 0.0
Jpsi->K2(2250)p.kp_g_ls_1r 0.6997889343633855
Jpsi->K2(2250)p.kp_g_ls_1i 0.8838111534912247
K2(2250)p->phi.km_g_ls_0r 1.0
K2(2250)p->phi.km_g_ls_0i 0.0
K2(2250)p->phi.km_g_ls_1r 0.9225224068041089
K2(2250)p->phi.km_g_ls_1i 2.6880503807405756
Jpsi->K3(2320)m.kpK3(2320)m->phi.km_total_0r 2.3126561571823165
Jpsi->K3(2320)m.kpK3(2320)m->phi.km_total_0i 3.734368903626124
Jpsi->K3(2320)m.kp_g_ls_0r 1.0
Jpsi->K3(2320)m.kp_g_ls_0i 0.0
Jpsi->K3(2320)m.kp_g_ls_1r 0.26709241351119234
Jpsi->K3(2320)m.kp_g_ls_1i 0.910890018345573
K3(2320)m->phi.km_g_ls_0r 1.0
K3(2320)m->phi.km_g_ls_0i 0.0
K3(2320)m->phi.km_g_ls_1r 0.1799646687504614
K3(2320)m->phi.km_g_ls_1i 1.115479362760065
Jpsi->phi.f0(980)_flattef0(980)_flatte->kp.km_total_0r 3.3483294164557544
Jpsi->phi.f0(980)_flattef0(980)_flatte->kp.km_total_0i 1.6806863564068442
Jpsi->phi.f0(980)_flatte_g_ls_0r 1.0
Jpsi->phi.f0(980)_flatte_g_ls_0i 0.0
Jpsi->phi.f0(980)_flatte_g_ls_1r 0.5943906312317725
Jpsi->phi.f0(980)_flatte_g_ls_1i -0.5577800712986241
f0(980)_flatte->kp.km_g_ls_0r 1.0
f0(980)_flatte->kp.km_g_ls_0i 0.0
Jpsi->phi.f2(1270)f2(1270)->kp.km_total_0r 1.9524659360640095
Jpsi->phi.f2(1270)f2(1270)->kp.km_total_0i -2.9143494136285852
Jpsi->phi.f2(1270)_g_ls_0r 1.0
Jpsi->phi.f2(1270)_g_ls_0i 0.0
Jpsi->phi.f2(1270)_g_ls_1r 0.12085056526507404
Jpsi->phi.f2(1270)_g_ls_1i -1.456142794277834
Jpsi->phi.f2(1270)_g_ls_2r 0.10140547463096182
Jpsi->phi.f2(1270)_g_ls_2i -0.23846268929564296
Jpsi->phi.f2(1270)_g_ls_3r 0.37350259803635816
Jpsi->phi.f2(1270)_g_ls_3i -2.8397292165813717
Jpsi->phi.f2(1270)_g_ls_4r 0.7978073223617854
Jpsi->phi.f2(1270)_g_ls_4i -2.341523042132524
f2(1270)->kp.km_g_ls_0r 1.0
f2(1270)->kp.km_g_ls_0i 0.0
Jpsi->phi.f0(1500)f0(1500)->kp.km_total_0r 0.7510890968869932
Jpsi->phi.f0(1500)f0(1500)->kp.km_total_0i -2.5832737163570005
Jpsi->phi.f0(1500)_g_ls_0r 1.0
Jpsi->phi.f0(1500)_g_ls_0i 0.0
Jpsi->phi.f0(1500)_g_ls_1r 1.202257682525907
Jpsi->phi.f0(1500)_g_ls_1i -0.34663860310983097
f0(1500)->kp.km_g_ls_0r 1.0
f0(1500)->kp.km_g_ls_0i 0.0
Jpsi->phi.f2(1525)f2(1525)->kp.km_total_0r 1.5770741683999654
Jpsi->phi.f2(1525)f2(1525)->kp.km_total_0i -2.4683356758565527
Jpsi->phi.f2(1525)_g_ls_0r 1.0
Jpsi->phi.f2(1525)_g_ls_0i 0.0
Jpsi->phi.f2(1525)_g_ls_1r 1.7185128584528588
Jpsi->phi.f2(1525)_g_ls_1i 1.2720721862353166
Jpsi->phi.f2(1525)_g_ls_2r 1.5119133509860925
Jpsi->phi.f2(1525)_g_ls_2i -2.3564388444296984
Jpsi->phi.f2(1525)_g_ls_3r 0.0680188988122872
Jpsi->phi.f2(1525)_g_ls_3i 1.8912671276524833
Jpsi->phi.f2(1525)_g_ls_4r 0.5592756184910153
Jpsi->phi.f2(1525)_g_ls_4i 2.116329229470219
f2(1525)->kp.km_g_ls_0r 1.0
f2(1525)->kp.km_g_ls_0i 0.0
Jpsi->phi.f2(1565)f2(1565)->kp.km_total_0r 2.64136965530334
Jpsi->phi.f2(1565)f2(1565)->kp.km_total_0i 1.9206876672575461
Jpsi->phi.f2(1565)_g_ls_0r 1.0
Jpsi->phi.f2(1565)_g_ls_0i 0.0
Jpsi->phi.f2(1565)_g_ls_1r 0.5695361291692501
Jpsi->phi.f2(1565)_g_ls_1i 2.7766390442521143
Jpsi->phi.f2(1565)_g_ls_2r 1.1278184392007151
Jpsi->phi.f2(1565)_g_ls_2i 2.5905831780879236
Jpsi->phi.f2(1565)_g_ls_3r 0.6081987731020709
Jpsi->phi.f2(1565)_g_ls_3i -1.208662441380734
Jpsi->phi.f2(1565)_g_ls_4r 0.672786493758377
Jpsi->phi.f2(1565)_g_ls_4i -0.2799436485343074
f2(1565)->kp.km_g_ls_0r 1.0
f2(1565)->kp.km_g_ls_0i 0.0
Jpsi->phi.f0(1710)f0(1710)->kp.km_total_0r 1.5739506432018635
Jpsi->phi.f0(1710)f0(1710)->kp.km_total_0i -0.7578242367048826
Jpsi->phi.f0(1710)_g_ls_0r 1.0
Jpsi->phi.f0(1710)_g_ls_0i 0.0
Jpsi->phi.f0(1710)_g_ls_1r 1.0288984316208265
Jpsi->phi.f0(1710)_g_ls_1i 0.16349021327162516
f0(1710)->kp.km_g_ls_0r 1.0
f0(1710)->kp.km_g_ls_0i 0.0
Jpsi->phi.f2(1810)f2(1810)->kp.km_total_0r 2.651722905619631
Jpsi->phi.f2(1810)f2(1810)->kp.km_total_0i 1.2949275421654374
Jpsi->phi.f2(1810)_g_ls_0r 1.0
Jpsi->phi.f2(1810)_g_ls_0i 0.0
Jpsi->phi.f2(1810)_g_ls_1r 1.7491327323288424
Jpsi->phi.f2(1810)_g_ls_1i 1.261371432828482
Jpsi->phi.f2(1810)_g_ls_2r 0.8211651818494732
Jpsi->phi.f2(1810)_g_ls_2i 1.6770740351428497
Jpsi->phi.f2(1810)_g_ls_3r 1.2102223066807738
Jpsi->phi.f2(1810)_g_ls_3i -3.067818614499468
Jpsi->phi.f2(1810)_g_ls_4r 0.5298600279292401
Jpsi->phi.f2(1810)_g_ls_4i -2.75310282489545
f2(1810)->kp.km_g_ls_0r 1.0
f2(1810)->kp.km_g_ls_0i 0.0
Finish plotting figure/s0_m_bp
Finish plotting figure/s0_m_bm
Finish plotting figure/s0_m_pipi
Finish plotting figure/s0_Jpsi_bp_pip_alpha
Finish plotting figure/s0_Jpsi_bp_pip_cos(beta)
Finish plotting figure/s0_Jpsi_pipi_pip_cos(beta)
Finish plotting 2D data_hist figure/s0_dalitz_phiPip_phiPim
Finish plotting 2D fitted figure/s0_dalitz_phiPip_phiPim
Finish plotting 2D pull figure/s0_dalitz_phiPip_phiPim
Finish plotting 2D data_hist figure/s0_dalitz_phiPip_PipPim
Finish plotting 2D fitted figure/s0_dalitz_phiPip_PipPim
Finish plotting 2D pull figure/s0_dalitz_phiPip_PipPim
Finish plotting 2D data_hist figure/s0_dalitz_phiPim_PipPim
Finish plotting 2D fitted figure/s0_dalitz_phiPim_PipPim
Finish plotting 2D pull figure/s0_dalitz_phiPim_PipPim
Finish plotting figure/s1_m_kstp
Finish plotting figure/s1_m_kstm
Finish plotting figure/s1_m_kk
Finish plotting figure/s1_Jpsi_kstp_kp_alpha
Finish plotting figure/s1_Jpsi_kstp_kp_cos(beta)
Finish plotting figure/s1_Jpsi_kk_kp_cos(beta)
Finish plotting 2D data_hist figure/s1_dalitz_phiKp_KpKm
Finish plotting 2D fitted figure/s1_dalitz_phiKp_KpKm
Finish plotting 2D pull figure/s1_dalitz_phiKp_KpKm
Finish plotting 2D data_hist figure/s1_dalitz_phiKm_KpKm
Finish plotting 2D fitted figure/s1_dalitz_phiKm_KpKm
Finish plotting 2D pull figure/s1_dalitz_phiKm_KpKm
Finish plotting 2D data_hist figure/s1_dalitz_phiKp_phiKm
Finish plotting 2D fitted figure/s1_dalitz_phiKp_phiKm
Finish plotting 2D pull figure/s1_dalitz_phiKp_phiKm
########## fit fractions channel 0:
rho(1450)p 0.091 +/- 0.020
rho(1570)p 0.0148 +/- 0.0031
rho(1570)pxrho(1450)p -0.060 +/- 0.012
rho(1690)p 0.0028 +/- 0.0008
rho(1690)pxrho(1570)p 0.000078 +/- 0.000017
rho(1690)pxrho(1450)p -0.00022 +/- 0.00005
rho(1450)m 0.091 +/- 0.020
rho(1450)mxrho(1690)p 0.00004 +/- 0.00005
rho(1450)mxrho(1570)p -0.0034 +/- 0.0007
rho(1450)mxrho(1450)p 0.0118 +/- 0.0025
rho(1570)m 0.0148 +/- 0.0031
rho(1570)mxrho(1450)m -0.059 +/- 0.012
rho(1570)mxrho(1690)p 0.000065 +/- 0.000019
rho(1570)mxrho(1570)p 0.00111 +/- 0.00023
rho(1570)mxrho(1450)p -0.0034 +/- 0.0007
rho(1690)m 0.0028 +/- 0.0008
rho(1690)mxrho(1570)m 0.000058 +/- 0.000014
rho(1690)mxrho(1450)m -0.00021 +/- 0.00005
rho(1690)mxrho(1690)p 0.00072 +/- 0.00022
rho(1690)mxrho(1570)p 0.000065 +/- 0.000019
rho(1690)mxrho(1450)p 0.00004 +/- 0.00005
f0(500)_E791 0.70 +/- 0.29
f0(500)_E791xrho(1690)m -0.00048 +/- 0.00016
f0(500)_E791xrho(1570)m -0.038 +/- 0.012
f0(500)_E791xrho(1450)m 0.041 +/- 0.017
f0(500)_E791xrho(1690)p -0.00063 +/- 0.00020
f0(500)_E791xrho(1570)p -0.038 +/- 0.012
f0(500)_E791xrho(1450)p 0.041 +/- 0.017
f0(980)_flatte 0.9 +/- 0.1
f0(980)_flattexf0(500)_E791 -0.84 +/- 0.20
f0(980)_flattexrho(1690)m -0.0049 +/- 0.0012
f0(980)_flattexrho(1570)m 0.042 +/- 0.006
f0(980)_flattexrho(1450)m -0.058 +/- 0.012
f0(980)_flattexrho(1690)p -0.0047 +/- 0.0012
f0(980)_flattexrho(1570)p 0.041 +/- 0.006
f0(980)_flattexrho(1450)p -0.058 +/- 0.012
f2(1270)_flatte 0.21 +/- 0.05
f2(1270)_flattexf0(980)_flatte 0.0159 +/- 0.0021
f2(1270)_flattexf0(500)_E791 0.0030 +/- 0.0021
f2(1270)_flattexrho(1690)m 0.0032 +/- 0.0014
f2(1270)_flattexrho(1570)m 0.0048 +/- 0.0021
f2(1270)_flattexrho(1450)m -0.030 +/- 0.008
f2(1270)_flattexrho(1690)p 0.0032 +/- 0.0014
f2(1270)_flattexrho(1570)p 0.0048 +/- 0.0021
f2(1270)_flattexrho(1450)p -0.030 +/- 0.008
f0(1370) 0.81 +/- 0.12
f0(1370)xf2(1270)_flatte 0.0018 +/- 0.0018
f0(1370)xf0(980)_flatte 0.45 +/- 0.05
f0(1370)xf0(500)_E791 -0.98 +/- 0.27
f0(1370)xrho(1690)m 0.0116 +/- 0.0022
f0(1370)xrho(1570)m 0.033 +/- 0.006
f0(1370)xrho(1450)m -0.053 +/- 0.012
f0(1370)xrho(1690)p 0.0117 +/- 0.0022
f0(1370)xrho(1570)p 0.033 +/- 0.006
f0(1370)xrho(1450)p -0.053 +/- 0.012
f0(1500)_flatte 0.13 +/- 0.05
f0(1500)_flattexf0(1370) 0.043 +/- 0.022
f0(1500)_flattexf2(1270)_flatte -0.0050 +/- 0.0015
f0(1500)_flattexf0(980)_flatte -0.22 +/- 0.05
f0(1500)_flattexf0(500)_E791 -0.07 +/- 0.04
f0(1500)_flattexrho(1690)m -0.00104 +/- 0.00020
f0(1500)_flattexrho(1570)m -0.020 +/- 0.004
f0(1500)_flattexrho(1450)m 0.070 +/- 0.012
f0(1500)_flattexrho(1690)p -0.00106 +/- 0.00020
f0(1500)_flattexrho(1570)p -0.020 +/- 0.004
f0(1500)_flattexrho(1450)p 0.070 +/- 0.012
f0(1710) 0.28 +/- 0.04
f0(1710)xf0(1500)_flatte -0.116 +/- 0.019
f0(1710)xf0(1370) -0.23 +/- 0.04
f0(1710)xf2(1270)_flatte -0.0078 +/- 0.0028
f0(1710)xf0(980)_flatte 0.086 +/- 0.014
f0(1710)xf0(500)_E791 -0.14 +/- 0.04
f0(1710)xrho(1690)m -0.0054 +/- 0.0011
f0(1710)xrho(1570)m 0.019 +/- 0.004
f0(1710)xrho(1450)m -0.064 +/- 0.011
f0(1710)xrho(1690)p -0.0054 +/- 0.0011
f0(1710)xrho(1570)p 0.019 +/- 0.004
f0(1710)xrho(1450)p -0.065 +/- 0.011
f2(1430) 0.035 +/- 0.009
f2(1430)xf0(1710) 0.0040 +/- 0.0008
f2(1430)xf0(1500)_flatte -0.00140 +/- 0.00030
f2(1430)xf0(1370) -0.0133 +/- 0.0022
f2(1430)xf2(1270)_flatte 0.0047 +/- 0.0025
f2(1430)xf0(980)_flatte -0.00028 +/- 0.00027
f2(1430)xf0(500)_E791 0.0039 +/- 0.0013
f2(1430)xrho(1690)m 0.0016 +/- 0.0004
f2(1430)xrho(1570)m 0.0017 +/- 0.0006
f2(1430)xrho(1450)m -0.0062 +/- 0.0018
f2(1430)xrho(1690)p 0.0016 +/- 0.0004
f2(1430)xrho(1570)p 0.0017 +/- 0.0006
f2(1430)xrho(1450)p -0.0063 +/- 0.0018
f2(1910) 0.067 +/- 0.029
f2(1910)xf2(1430) 0.005 +/- 0.004
f2(1910)xf0(1710) -0.010 +/- 0.004
f2(1910)xf0(1500)_flatte -0.0017 +/- 0.0011
f2(1910)xf0(1370) -0.0089 +/- 0.0028
f2(1910)xf2(1270)_flatte -0.061 +/- 0.019
f2(1910)xf0(980)_flatte -0.0001 +/- 0.0005
f2(1910)xf0(500)_E791 0.010 +/- 0.005
f2(1910)xrho(1690)m -0.0000 +/- 0.0004
f2(1910)xrho(1570)m 0.0081 +/- 0.0024
f2(1910)xrho(1450)m -0.018 +/- 0.006
f2(1910)xrho(1690)p -0.0000 +/- 0.0004
f2(1910)xrho(1570)p 0.0082 +/- 0.0024
f2(1910)xrho(1450)p -0.019 +/- 0.006

########## fit fractions channel 1:
K1(1400)p 0.033 +/- 0.032
K2(1820)p 0.052 +/- 0.010
K2(1820)pxK1(1400)p -0.0067 +/- 0.0035
K2(1980)p 0.024 +/- 0.021
K2(1980)pxK2(1820)p 0.0000 +/- 0.0004
K2(1980)pxK1(1400)p -0.0010 +/- 0.0011
K2(2250)p 0.045 +/- 0.014
K2(2250)pxK2(1980)p -0.0010 +/- 0.0008
K2(2250)pxK2(1820)p 0.009 +/- 0.004
K2(2250)pxK1(1400)p -0.014 +/- 0.007
K3(2320)p 0.018 +/- 0.008
K3(2320)pxK2(2250)p 0.0005 +/- 0.0019
K3(2320)pxK2(1980)p 0.0006 +/- 0.0006
K3(2320)pxK2(1820)p -0.0014 +/- 0.0022
K3(2320)pxK1(1400)p 0.0002 +/- 0.0012
K1(1400)m 0.033 +/- 0.032
K1(1400)mxK3(2320)p -0.009 +/- 0.006
K1(1400)mxK2(2250)p -0.012 +/- 0.006
K1(1400)mxK2(1980)p 0.0014 +/- 0.0026
K1(1400)mxK2(1820)p -0.008 +/- 0.005
K1(1400)mxK1(1400)p -0.0031 +/- 0.0024
K2(1820)m 0.051 +/- 0.010
K2(1820)mxK1(1400)m -0.0065 +/- 0.0034
K2(1820)mxK3(2320)p 0.003 +/- 0.004
K2(1820)mxK2(2250)p 0.009 +/- 0.004
K2(1820)mxK2(1980)p 0.0030 +/- 0.0015
K2(1820)mxK2(1820)p 0.004 +/- 0.005
K2(1820)mxK1(1400)p -0.008 +/- 0.005
K2(1980)m 0.024 +/- 0.021
K2(1980)mxK2(1820)m -0.0000 +/- 0.0004
K2(1980)mxK1(1400)m -0.0011 +/- 0.0012
K2(1980)mxK3(2320)p -0.0024 +/- 0.0026
K2(1980)mxK2(2250)p -0.0009 +/- 0.0006
K2(1980)mxK2(1980)p 0.013 +/- 0.011
K2(1980)mxK2(1820)p 0.0030 +/- 0.0015
K2(1980)mxK1(1400)p 0.0014 +/- 0.0026
K3(2320)m 0.018 +/- 0.008
K3(2320)mxK2(1980)m 0.0006 +/- 0.0006
K3(2320)mxK2(1820)m -0.0013 +/- 0.0022
K3(2320)mxK1(1400)m 0.0002 +/- 0.0013
K3(2320)mxK3(2320)p 0.001 +/- 0.004
K3(2320)mxK2(2250)p 0.0002 +/- 0.0030
K3(2320)mxK2(1980)p -0.0023 +/- 0.0026
K3(2320)mxK2(1820)p 0.003 +/- 0.004
K3(2320)mxK1(1400)p -0.009 +/- 0.006
f0(980)_flatte 0.24 +/- 0.07
f0(980)_flattexK3(2320)m 0.0050 +/- 0.0034
f0(980)_flattexK2(1980)m -0.032 +/- 0.018
f0(980)_flattexK2(1820)m -0.030 +/- 0.006
f0(980)_flattexK1(1400)m -0.01 +/- 0.01
f0(980)_flattexK3(2320)p 0.0051 +/- 0.0034
f0(980)_flattexK2(2250)p -0.020 +/- 0.009
f0(980)_flattexK2(1980)p -0.032 +/- 0.018
f0(980)_flattexK2(1820)p -0.029 +/- 0.006
f0(980)_flattexK1(1400)p -0.01 +/- 0.01
f2(1270) 0.053 +/- 0.021
f2(1270)xf0(980)_flatte -0.0004 +/- 0.0021
f2(1270)xK3(2320)m 0.004 +/- 0.008
f2(1270)xK2(1980)m 0.0036 +/- 0.0032
f2(1270)xK2(1820)m -0.003 +/- 0.005
f2(1270)xK1(1400)m 0.005 +/- 0.008
f2(1270)xK3(2320)p 0.004 +/- 0.008
f2(1270)xK2(2250)p -0.007 +/- 0.009
f2(1270)xK2(1980)p 0.0037 +/- 0.0032
f2(1270)xK2(1820)p -0.003 +/- 0.005
f2(1270)xK1(1400)p 0.005 +/- 0.008
f0(1500) 0.09 +/- 0.04
f0(1500)xf2(1270) -0.0041 +/- 0.0023
f0(1500)xf0(980)_flatte 0.053 +/- 0.009
f0(1500)xK3(2320)m -0.002 +/- 0.004
f0(1500)xK2(1980)m 0.0090 +/- 0.0024
f0(1500)xK2(1820)m -0.013 +/- 0.004
f0(1500)xK1(1400)m -0.005 +/- 0.006
f0(1500)xK3(2320)p -0.0021 +/- 0.0035
f0(1500)xK2(2250)p -0.0016 +/- 0.0021
f0(1500)xK2(1980)p 0.0089 +/- 0.0024
f0(1500)xK2(1820)p -0.013 +/- 0.004
f0(1500)xK1(1400)p -0.006 +/- 0.006
f2(1525) 0.32 +/- 0.12
f2(1525)xf0(1500) -0.010 +/- 0.004
f2(1525)xf2(1270) 0.006 +/- 0.014
f2(1525)xf0(980)_flatte -0.004 +/- 0.001
f2(1525)xK3(2320)m -0.009 +/- 0.008
f2(1525)xK2(1980)m 0.021 +/- 0.007
f2(1525)xK2(1820)m 0.024 +/- 0.005
f2(1525)xK1(1400)m 0.009 +/- 0.007
f2(1525)xK3(2320)p -0.009 +/- 0.009
f2(1525)xK2(2250)p 0.017 +/- 0.004
f2(1525)xK2(1980)p 0.021 +/- 0.007
f2(1525)xK2(1820)p 0.023 +/- 0.005
f2(1525)xK1(1400)p 0.008 +/- 0.007
f2(1565) 0.23 +/- 0.07
f2(1565)xf2(1525) -0.13 +/- 0.06
f2(1565)xf0(1500) 0.013 +/- 0.005
f2(1565)xf2(1270) -0.009 +/- 0.020
f2(1565)xf0(980)_flatte 0.0003 +/- 0.0015
f2(1565)xK3(2320)m -0.008 +/- 0.006
f2(1565)xK2(1980)m -0.013 +/- 0.005
f2(1565)xK2(1820)m -0.009 +/- 0.005
f2(1565)xK1(1400)m -0.025 +/- 0.013
f2(1565)xK3(2320)p -0.008 +/- 0.006
f2(1565)xK2(2250)p 0.016 +/- 0.007
f2(1565)xK2(1980)p -0.013 +/- 0.005
f2(1565)xK2(1820)p -0.009 +/- 0.005
f2(1565)xK1(1400)p -0.026 +/- 0.013
f0(1710) 0.150 +/- 0.019
f0(1710)xf2(1565) 0.0208 +/- 0.0034
f0(1710)xf2(1525) -0.0136 +/- 0.0030
f0(1710)xf0(1500) 0.069 +/- 0.013
f0(1710)xf2(1270) -0.0002 +/- 0.0016
f0(1710)xf0(980)_flatte 0.044 +/- 0.019
f0(1710)xK3(2320)m -0.0026 +/- 0.0014
f0(1710)xK2(1980)m -0.0030 +/- 0.0018
f0(1710)xK2(1820)m -0.029 +/- 0.004
f0(1710)xK1(1400)m -0.0110 +/- 0.0030
f0(1710)xK3(2320)p -0.0026 +/- 0.0014
f0(1710)xK2(2250)p 0.0023 +/- 0.0029
f0(1710)xK2(1980)p -0.0029 +/- 0.0018
f0(1710)xK2(1820)p -0.028 +/- 0.004
f0(1710)xK1(1400)p -0.0109 +/- 0.0030
f2(1810) 0.18 +/- 0.16
f2(1810)xf0(1710) -0.002 +/- 0.005
f2(1810)xf2(1565) -0.16 +/- 0.07
f2(1810)xf2(1525) -0.05 +/- 0.04
f2(1810)xf0(1500) -0.0011 +/- 0.0022
f2(1810)xf2(1270) -0.031 +/- 0.023
f2(1810)xf0(980)_flatte 0.0021 +/- 0.0024
f2(1810)xK3(2320)m 0.01 +/- 0.01
f2(1810)xK2(1980)m -0.013 +/- 0.013
f2(1810)xK2(1820)m -0.022 +/- 0.012
f2(1810)xK1(1400)m -0.001 +/- 0.007
f2(1810)xK3(2320)p 0.01 +/- 0.01
f2(1810)xK2(2250)p -0.018 +/- 0.012
f2(1810)xK2(1980)p -0.013 +/- 0.013
f2(1810)xK2(1820)p -0.023 +/- 0.012
f2(1810)xK1(1400)p -0.000 +/- 0.007


========== JOINT FIT FINISHED ==========
END TIME   : Tue Jul  7 11:15:28 AM CEST 2026
ELAPSED    : 14079 s
========================================
